ISO-10303-21;
HEADER;
FILE_DESCRIPTION(('FreeCAD Model'),'2;1');
FILE_NAME('Open CASCADE Shape Model','2026-10-10T19:03:17',('FreeCAD'),(
    'FreeCAD'),'Open CASCADE STEP processor 7.8','FreeCAD','Unknown');
FILE_SCHEMA(('AUTOMOTIVE_DESIGN { 1 0 10303 214 1 1 1 1 }'));
ENDSEC;
DATA;
#1 = APPLICATION_PROTOCOL_DEFINITION('international standard',
  'automotive_design',2000,#2);
#2 = APPLICATION_CONTEXT(
  'core data for automotive mechanical design processes');
#3 = SHAPE_DEFINITION_REPRESENTATION(#4,#10);
#4 = PRODUCT_DEFINITION_SHAPE('','',#5);
#5 = PRODUCT_DEFINITION('design','',#6,#9);
#6 = PRODUCT_DEFINITION_FORMATION('','',#7);
#7 = PRODUCT('Open CASCADE STEP translator 7.8 8',
  'Open CASCADE STEP translator 7.8 8','',(#8));
#8 = PRODUCT_CONTEXT('',#2,'mechanical');
#9 = PRODUCT_DEFINITION_CONTEXT('part definition',#2,'design');
#10 = ADVANCED_BREP_SHAPE_REPRESENTATION('',(#11,#15),#6101);
#11 = AXIS2_PLACEMENT_3D('',#12,#13,#14);
#12 = CARTESIAN_POINT('',(0.,0.,0.));
#13 = DIRECTION('',(0.,0.,1.));
#14 = DIRECTION('',(1.,0.,-0.));
#15 = MANIFOLD_SOLID_BREP('',#16);
#16 = CLOSED_SHELL('',(#17,#73,#104,#160,#191,#288,#319,#350,#374,#398,
    #422,#446,#470,#494,#511,#809,#846,#877,#901,#918,#955,#986,#1270,
    #1384,#1415,#1439,#1456,#1473,#1490,#1512,#1529,#1546,#1563,#1580,
    #1597,#1614,#1626,#1648,#1665,#1682,#1699,#1716,#1733,#1750,#1762,
    #1784,#1801,#1818,#1835,#1852,#1869,#1886,#1898,#1923,#1940,#1957,
    #1982,#2387,#2412,#2443,#2467,#2498,#2522,#2540,#2565,#2577,#2608,
    #2633,#2657,#2688,#2712,#2736,#2760,#2784,#2808,#2832,#2849,#2880,
    #2904,#2928,#2952,#2976,#3000,#3024,#3041,#3072,#3097,#3121,#3152,
    #3176,#3254,#3279,#3303,#3334,#3384,#3408,#3439,#3464,#3542,#3566,
    #3590,#3607,#3616,#3625,#3812,#3860,#3883,#3907,#3929,#4004,#4046,
    #4080,#4103,#4127,#4143,#4185,#4268,#4310,#4327,#4362,#4405,#4439,
    #4474,#4508,#4543,#4578,#4609,#4633,#4650,#4681,#4705,#4729,#4753,
    #4777,#4801,#4825,#4842,#4873,#4897,#4914,#4937,#4960,#4977,#5001,
    #5017,#5040,#5057,#5074,#5109,#5136,#5170,#5196,#5208,#5248,#5367,
    #5398,#5422,#5446,#5470,#5501,#5525,#5549,#5573,#5608,#5625,#5642,
    #5657,#5681,#5699,#5722,#5741,#5768,#5831,#5856,#5865,#5890,#5899,
    #5933,#5967,#5999,#6031,#6045,#6059,#6073,#6087));
#17 = ADVANCED_FACE('',(#18),#68,.T.);
#18 = FACE_BOUND('',#19,.T.);
#19 = EDGE_LOOP('',(#20,#30,#38,#46,#54,#62));
#20 = ORIENTED_EDGE('',*,*,#21,.F.);
#21 = EDGE_CURVE('',#22,#24,#26,.T.);
#22 = VERTEX_POINT('',#23);
#23 = CARTESIAN_POINT('',(-16.,106.05899457832,-92.34184123236));
#24 = VERTEX_POINT('',#25);
#25 = CARTESIAN_POINT('',(16.,106.05899457832,-92.34184123236));
#26 = LINE('',#27,#28);
#27 = CARTESIAN_POINT('',(-16.,106.05899457832,-92.34184123236));
#28 = VECTOR('',#29,1.);
#29 = DIRECTION('',(1.,0.,-0.));
#30 = ORIENTED_EDGE('',*,*,#31,.T.);
#31 = EDGE_CURVE('',#22,#32,#34,.T.);
#32 = VERTEX_POINT('',#33);
#33 = CARTESIAN_POINT('',(-16.,106.05899457832,-86.34184123236));
#34 = LINE('',#35,#36);
#35 = CARTESIAN_POINT('',(-16.,106.05899457832,-92.34184123236));
#36 = VECTOR('',#37,1.);
#37 = DIRECTION('',(0.,0.,1.));
#38 = ORIENTED_EDGE('',*,*,#39,.T.);
#39 = EDGE_CURVE('',#32,#40,#42,.T.);
#40 = VERTEX_POINT('',#41);
#41 = CARTESIAN_POINT('',(-11.,106.05899457832,-86.34184123236));
#42 = LINE('',#43,#44);
#43 = CARTESIAN_POINT('',(-16.,106.05899457832,-86.34184123236));
#44 = VECTOR('',#45,1.);
#45 = DIRECTION('',(1.,0.,-0.));
#46 = ORIENTED_EDGE('',*,*,#47,.T.);
#47 = EDGE_CURVE('',#40,#48,#50,.T.);
#48 = VERTEX_POINT('',#49);
#49 = CARTESIAN_POINT('',(11.,106.05899457832,-86.34184123236));
#50 = LINE('',#51,#52);
#51 = CARTESIAN_POINT('',(-16.,106.05899457832,-86.34184123236));
#52 = VECTOR('',#53,1.);
#53 = DIRECTION('',(1.,0.,-0.));
#54 = ORIENTED_EDGE('',*,*,#55,.T.);
#55 = EDGE_CURVE('',#48,#56,#58,.T.);
#56 = VERTEX_POINT('',#57);
#57 = CARTESIAN_POINT('',(16.,106.05899457832,-86.34184123236));
#58 = LINE('',#59,#60);
#59 = CARTESIAN_POINT('',(-16.,106.05899457832,-86.34184123236));
#60 = VECTOR('',#61,1.);
#61 = DIRECTION('',(1.,0.,-0.));
#62 = ORIENTED_EDGE('',*,*,#63,.F.);
#63 = EDGE_CURVE('',#24,#56,#64,.T.);
#64 = LINE('',#65,#66);
#65 = CARTESIAN_POINT('',(16.,106.05899457832,-92.34184123236));
#66 = VECTOR('',#67,1.);
#67 = DIRECTION('',(0.,0.,1.));
#68 = PLANE('',#69);
#69 = AXIS2_PLACEMENT_3D('',#70,#71,#72);
#70 = CARTESIAN_POINT('',(-16.,106.05899457832,-92.34184123236));
#71 = DIRECTION('',(-0.,1.,0.));
#72 = DIRECTION('',(0.,0.,1.));
#73 = ADVANCED_FACE('',(#74),#99,.F.);
#74 = FACE_BOUND('',#75,.F.);
#75 = EDGE_LOOP('',(#76,#77,#85,#93));
#76 = ORIENTED_EDGE('',*,*,#39,.T.);
#77 = ORIENTED_EDGE('',*,*,#78,.T.);
#78 = EDGE_CURVE('',#40,#79,#81,.T.);
#79 = VERTEX_POINT('',#80);
#80 = CARTESIAN_POINT('',(-11.,81.058994578326,-61.34184123236));
#81 = LINE('',#82,#83);
#82 = CARTESIAN_POINT('',(-11.,106.05899457832,-86.34184123236));
#83 = VECTOR('',#84,1.);
#84 = DIRECTION('',(0.,-0.707106781187,0.707106781187));
#85 = ORIENTED_EDGE('',*,*,#86,.F.);
#86 = EDGE_CURVE('',#87,#79,#89,.T.);
#87 = VERTEX_POINT('',#88);
#88 = CARTESIAN_POINT('',(-16.,81.058994578326,-61.34184123236));
#89 = LINE('',#90,#91);
#90 = CARTESIAN_POINT('',(-16.,81.058994578326,-61.34184123236));
#91 = VECTOR('',#92,1.);
#92 = DIRECTION('',(1.,0.,0.));
#93 = ORIENTED_EDGE('',*,*,#94,.F.);
#94 = EDGE_CURVE('',#32,#87,#95,.T.);
#95 = LINE('',#96,#97);
#96 = CARTESIAN_POINT('',(-16.,106.05899457832,-86.34184123236));
#97 = VECTOR('',#98,1.);
#98 = DIRECTION('',(0.,-0.707106781187,0.707106781187));
#99 = PLANE('',#100);
#100 = AXIS2_PLACEMENT_3D('',#101,#102,#103);
#101 = CARTESIAN_POINT('',(-16.,106.05899457832,-86.34184123236));
#102 = DIRECTION('',(0.,-0.707106781187,-0.707106781187));
#103 = DIRECTION('',(0.,-0.707106781187,0.707106781187));
#104 = ADVANCED_FACE('',(#105),#155,.F.);
#105 = FACE_BOUND('',#106,.F.);
#106 = EDGE_LOOP('',(#107,#117,#125,#133,#141,#149));
#107 = ORIENTED_EDGE('',*,*,#108,.F.);
#108 = EDGE_CURVE('',#109,#111,#113,.T.);
#109 = VERTEX_POINT('',#110);
#110 = CARTESIAN_POINT('',(-16.,-87.25899457832,-92.34184123236));
#111 = VERTEX_POINT('',#112);
#112 = CARTESIAN_POINT('',(16.,-87.25899457832,-92.34184123236));
#113 = LINE('',#114,#115);
#114 = CARTESIAN_POINT('',(-16.,-87.25899457832,-92.34184123236));
#115 = VECTOR('',#116,1.);
#116 = DIRECTION('',(1.,0.,-0.));
#117 = ORIENTED_EDGE('',*,*,#118,.T.);
#118 = EDGE_CURVE('',#109,#119,#121,.T.);
#119 = VERTEX_POINT('',#120);
#120 = CARTESIAN_POINT('',(-16.,-87.25899457832,-86.34184123236));
#121 = LINE('',#122,#123);
#122 = CARTESIAN_POINT('',(-16.,-87.25899457832,-92.34184123236));
#123 = VECTOR('',#124,1.);
#124 = DIRECTION('',(0.,0.,1.));
#125 = ORIENTED_EDGE('',*,*,#126,.T.);
#126 = EDGE_CURVE('',#119,#127,#129,.T.);
#127 = VERTEX_POINT('',#128);
#128 = CARTESIAN_POINT('',(-11.,-87.25899457832,-86.34184123236));
#129 = LINE('',#130,#131);
#130 = CARTESIAN_POINT('',(-16.,-87.25899457832,-86.34184123236));
#131 = VECTOR('',#132,1.);
#132 = DIRECTION('',(1.,0.,-0.));
#133 = ORIENTED_EDGE('',*,*,#134,.T.);
#134 = EDGE_CURVE('',#127,#135,#137,.T.);
#135 = VERTEX_POINT('',#136);
#136 = CARTESIAN_POINT('',(11.,-87.25899457832,-86.34184123236));
#137 = LINE('',#138,#139);
#138 = CARTESIAN_POINT('',(-16.,-87.25899457832,-86.34184123236));
#139 = VECTOR('',#140,1.);
#140 = DIRECTION('',(1.,0.,-0.));
#141 = ORIENTED_EDGE('',*,*,#142,.T.);
#142 = EDGE_CURVE('',#135,#143,#145,.T.);
#143 = VERTEX_POINT('',#144);
#144 = CARTESIAN_POINT('',(16.,-87.25899457832,-86.34184123236));
#145 = LINE('',#146,#147);
#146 = CARTESIAN_POINT('',(-16.,-87.25899457832,-86.34184123236));
#147 = VECTOR('',#148,1.);
#148 = DIRECTION('',(1.,0.,-0.));
#149 = ORIENTED_EDGE('',*,*,#150,.F.);
#150 = EDGE_CURVE('',#111,#143,#151,.T.);
#151 = LINE('',#152,#153);
#152 = CARTESIAN_POINT('',(16.,-87.25899457832,-92.34184123236));
#153 = VECTOR('',#154,1.);
#154 = DIRECTION('',(0.,0.,1.));
#155 = PLANE('',#156);
#156 = AXIS2_PLACEMENT_3D('',#157,#158,#159);
#157 = CARTESIAN_POINT('',(-16.,-87.25899457832,-92.34184123236));
#158 = DIRECTION('',(-0.,1.,0.));
#159 = DIRECTION('',(0.,0.,1.));
#160 = ADVANCED_FACE('',(#161),#186,.T.);
#161 = FACE_BOUND('',#162,.T.);
#162 = EDGE_LOOP('',(#163,#164,#172,#180));
#163 = ORIENTED_EDGE('',*,*,#126,.T.);
#164 = ORIENTED_EDGE('',*,*,#165,.T.);
#165 = EDGE_CURVE('',#127,#166,#168,.T.);
#166 = VERTEX_POINT('',#167);
#167 = CARTESIAN_POINT('',(-11.,-62.25899457832,-61.34184123236));
#168 = LINE('',#169,#170);
#169 = CARTESIAN_POINT('',(-11.,-87.25899457832,-86.34184123236));
#170 = VECTOR('',#171,1.);
#171 = DIRECTION('',(0.,0.707106781187,0.707106781187));
#172 = ORIENTED_EDGE('',*,*,#173,.F.);
#173 = EDGE_CURVE('',#174,#166,#176,.T.);
#174 = VERTEX_POINT('',#175);
#175 = CARTESIAN_POINT('',(-16.,-62.25899457832,-61.34184123236));
#176 = LINE('',#177,#178);
#177 = CARTESIAN_POINT('',(-16.,-62.25899457832,-61.34184123236));
#178 = VECTOR('',#179,1.);
#179 = DIRECTION('',(1.,0.,0.));
#180 = ORIENTED_EDGE('',*,*,#181,.F.);
#181 = EDGE_CURVE('',#119,#174,#182,.T.);
#182 = LINE('',#183,#184);
#183 = CARTESIAN_POINT('',(-16.,-87.25899457832,-86.34184123236));
#184 = VECTOR('',#185,1.);
#185 = DIRECTION('',(0.,0.707106781187,0.707106781187));
#186 = PLANE('',#187);
#187 = AXIS2_PLACEMENT_3D('',#188,#189,#190);
#188 = CARTESIAN_POINT('',(-16.,-87.25899457832,-86.34184123236));
#189 = DIRECTION('',(0.,-0.707106781187,0.707106781187));
#190 = DIRECTION('',(0.,0.707106781187,0.707106781187));
#191 = ADVANCED_FACE('',(#192,#217),#283,.T.);
#192 = FACE_BOUND('',#193,.T.);
#193 = EDGE_LOOP('',(#194,#202,#203,#211));
#194 = ORIENTED_EDGE('',*,*,#195,.T.);
#195 = EDGE_CURVE('',#196,#127,#198,.T.);
#196 = VERTEX_POINT('',#197);
#197 = CARTESIAN_POINT('',(-11.,-62.25899457832,-86.34184123236));
#198 = LINE('',#199,#200);
#199 = CARTESIAN_POINT('',(-11.,-62.25899457832,-86.34184123236));
#200 = VECTOR('',#201,1.);
#201 = DIRECTION('',(0.,-1.,0.));
#202 = ORIENTED_EDGE('',*,*,#134,.T.);
#203 = ORIENTED_EDGE('',*,*,#204,.F.);
#204 = EDGE_CURVE('',#205,#135,#207,.T.);
#205 = VERTEX_POINT('',#206);
#206 = CARTESIAN_POINT('',(11.,-62.25899457832,-86.34184123236));
#207 = LINE('',#208,#209);
#208 = CARTESIAN_POINT('',(11.,-62.25899457832,-86.34184123236));
#209 = VECTOR('',#210,1.);
#210 = DIRECTION('',(0.,-1.,0.));
#211 = ORIENTED_EDGE('',*,*,#212,.T.);
#212 = EDGE_CURVE('',#205,#196,#213,.T.);
#213 = LINE('',#214,#215);
#214 = CARTESIAN_POINT('',(-16.,-62.25899457832,-86.34184123236));
#215 = VECTOR('',#216,1.);
#216 = DIRECTION('',(-1.,-0.,0.));
#217 = FACE_BOUND('',#218,.T.);
#218 = EDGE_LOOP('',(#219,#229,#237,#245,#253,#261,#269,#277));
#219 = ORIENTED_EDGE('',*,*,#220,.F.);
#220 = EDGE_CURVE('',#221,#223,#225,.T.);
#221 = VERTEX_POINT('',#222);
#222 = CARTESIAN_POINT('',(-7.,-70.75899457832,-86.34184123236));
#223 = VERTEX_POINT('',#224);
#224 = CARTESIAN_POINT('',(-7.,-78.75899457832,-86.34184123236));
#225 = LINE('',#226,#227);
#226 = CARTESIAN_POINT('',(-7.,-83.00899457832,-86.34184123236));
#227 = VECTOR('',#228,1.);
#228 = DIRECTION('',(0.,-1.,0.));
#229 = ORIENTED_EDGE('',*,*,#230,.F.);
#230 = EDGE_CURVE('',#231,#221,#233,.T.);
#231 = VERTEX_POINT('',#232);
#232 = CARTESIAN_POINT('',(-1.5,-65.25899457832,-86.34184123236));
#233 = LINE('',#234,#235);
#234 = CARTESIAN_POINT('',(-13.375,-77.13399457832,-86.34184123236));
#235 = VECTOR('',#236,1.);
#236 = DIRECTION('',(-0.707106781187,-0.707106781187,0.));
#237 = ORIENTED_EDGE('',*,*,#238,.F.);
#238 = EDGE_CURVE('',#239,#231,#241,.T.);
#239 = VERTEX_POINT('',#240);
#240 = CARTESIAN_POINT('',(1.5,-65.25899457832,-86.34184123236));
#241 = LINE('',#242,#243);
#242 = CARTESIAN_POINT('',(-8.75,-65.25899457832,-86.34184123236));
#243 = VECTOR('',#244,1.);
#244 = DIRECTION('',(-1.,0.,0.));
#245 = ORIENTED_EDGE('',*,*,#246,.F.);
#246 = EDGE_CURVE('',#247,#239,#249,.T.);
#247 = VERTEX_POINT('',#248);
#248 = CARTESIAN_POINT('',(7.,-70.75899457832,-86.34184123236));
#249 = LINE('',#250,#251);
#250 = CARTESIAN_POINT('',(2.625,-66.38399457832,-86.34184123236));
#251 = VECTOR('',#252,1.);
#252 = DIRECTION('',(-0.707106781187,0.707106781187,0.));
#253 = ORIENTED_EDGE('',*,*,#254,.F.);
#254 = EDGE_CURVE('',#255,#247,#257,.T.);
#255 = VERTEX_POINT('',#256);
#256 = CARTESIAN_POINT('',(7.,-78.75899457832,-86.34184123236));
#257 = LINE('',#258,#259);
#258 = CARTESIAN_POINT('',(7.,-79.00899457832,-86.34184123236));
#259 = VECTOR('',#260,1.);
#260 = DIRECTION('',(-0.,1.,0.));
#261 = ORIENTED_EDGE('',*,*,#262,.F.);
#262 = EDGE_CURVE('',#263,#255,#265,.T.);
#263 = VERTEX_POINT('',#264);
#264 = CARTESIAN_POINT('',(1.5,-84.25899457832,-86.34184123236));
#265 = LINE('',#266,#267);
#266 = CARTESIAN_POINT('',(-0.875,-86.63399457832,-86.34184123236));
#267 = VECTOR('',#268,1.);
#268 = DIRECTION('',(0.707106781187,0.707106781187,-0.));
#269 = ORIENTED_EDGE('',*,*,#270,.F.);
#270 = EDGE_CURVE('',#271,#263,#273,.T.);
#271 = VERTEX_POINT('',#272);
#272 = CARTESIAN_POINT('',(-1.5,-84.25899457832,-86.34184123236));
#273 = LINE('',#274,#275);
#274 = CARTESIAN_POINT('',(-7.25,-84.25899457832,-86.34184123236));
#275 = VECTOR('',#276,1.);
#276 = DIRECTION('',(1.,0.,-0.));
#277 = ORIENTED_EDGE('',*,*,#278,.F.);
#278 = EDGE_CURVE('',#223,#271,#279,.T.);
#279 = LINE('',#280,#281);
#280 = CARTESIAN_POINT('',(-4.375,-81.38399457832,-86.34184123236));
#281 = VECTOR('',#282,1.);
#282 = DIRECTION('',(0.707106781187,-0.707106781187,0.));
#283 = PLANE('',#284);
#284 = AXIS2_PLACEMENT_3D('',#285,#286,#287);
#285 = CARTESIAN_POINT('',(-16.,-87.25899457832,-86.34184123236));
#286 = DIRECTION('',(0.,0.,1.));
#287 = DIRECTION('',(1.,0.,-0.));
#288 = ADVANCED_FACE('',(#289),#314,.T.);
#289 = FACE_BOUND('',#290,.T.);
#290 = EDGE_LOOP('',(#291,#292,#300,#308));
#291 = ORIENTED_EDGE('',*,*,#142,.T.);
#292 = ORIENTED_EDGE('',*,*,#293,.T.);
#293 = EDGE_CURVE('',#143,#294,#296,.T.);
#294 = VERTEX_POINT('',#295);
#295 = CARTESIAN_POINT('',(16.,-62.25899457832,-61.34184123236));
#296 = LINE('',#297,#298);
#297 = CARTESIAN_POINT('',(16.,-87.25899457832,-86.34184123236));
#298 = VECTOR('',#299,1.);
#299 = DIRECTION('',(0.,0.707106781187,0.707106781187));
#300 = ORIENTED_EDGE('',*,*,#301,.F.);
#301 = EDGE_CURVE('',#302,#294,#304,.T.);
#302 = VERTEX_POINT('',#303);
#303 = CARTESIAN_POINT('',(11.,-62.25899457832,-61.34184123236));
#304 = LINE('',#305,#306);
#305 = CARTESIAN_POINT('',(11.,-62.25899457832,-61.34184123236));
#306 = VECTOR('',#307,1.);
#307 = DIRECTION('',(1.,0.,0.));
#308 = ORIENTED_EDGE('',*,*,#309,.F.);
#309 = EDGE_CURVE('',#135,#302,#310,.T.);
#310 = LINE('',#311,#312);
#311 = CARTESIAN_POINT('',(11.,-87.25899457832,-86.34184123236));
#312 = VECTOR('',#313,1.);
#313 = DIRECTION('',(0.,0.707106781187,0.707106781187));
#314 = PLANE('',#315);
#315 = AXIS2_PLACEMENT_3D('',#316,#317,#318);
#316 = CARTESIAN_POINT('',(11.,-87.25899457832,-86.34184123236));
#317 = DIRECTION('',(0.,-0.707106781187,0.707106781187));
#318 = DIRECTION('',(0.,0.707106781187,0.707106781187));
#319 = ADVANCED_FACE('',(#320),#345,.F.);
#320 = FACE_BOUND('',#321,.F.);
#321 = EDGE_LOOP('',(#322,#332,#338,#339));
#322 = ORIENTED_EDGE('',*,*,#323,.T.);
#323 = EDGE_CURVE('',#324,#326,#328,.T.);
#324 = VERTEX_POINT('',#325);
#325 = CARTESIAN_POINT('',(-7.,-70.75899457832,-92.34184123236));
#326 = VERTEX_POINT('',#327);
#327 = CARTESIAN_POINT('',(-7.,-78.75899457832,-92.34184123236));
#328 = LINE('',#329,#330);
#329 = CARTESIAN_POINT('',(-7.,-83.00899457832,-92.34184123236));
#330 = VECTOR('',#331,1.);
#331 = DIRECTION('',(0.,-1.,0.));
#332 = ORIENTED_EDGE('',*,*,#333,.T.);
#333 = EDGE_CURVE('',#326,#223,#334,.T.);
#334 = LINE('',#335,#336);
#335 = CARTESIAN_POINT('',(-7.,-78.75899457832,-93.34184123236));
#336 = VECTOR('',#337,1.);
#337 = DIRECTION('',(0.,0.,1.));
#338 = ORIENTED_EDGE('',*,*,#220,.F.);
#339 = ORIENTED_EDGE('',*,*,#340,.F.);
#340 = EDGE_CURVE('',#324,#221,#341,.T.);
#341 = LINE('',#342,#343);
#342 = CARTESIAN_POINT('',(-7.,-70.75899457832,-93.34184123236));
#343 = VECTOR('',#344,1.);
#344 = DIRECTION('',(0.,0.,1.));
#345 = PLANE('',#346);
#346 = AXIS2_PLACEMENT_3D('',#347,#348,#349);
#347 = CARTESIAN_POINT('',(-7.,-78.75899457832,-93.34184123236));
#348 = DIRECTION('',(-1.,0.,0.));
#349 = DIRECTION('',(0.,1.,0.));
#350 = ADVANCED_FACE('',(#351),#369,.F.);
#351 = FACE_BOUND('',#352,.F.);
#352 = EDGE_LOOP('',(#353,#361,#367,#368));
#353 = ORIENTED_EDGE('',*,*,#354,.T.);
#354 = EDGE_CURVE('',#326,#355,#357,.T.);
#355 = VERTEX_POINT('',#356);
#356 = CARTESIAN_POINT('',(-1.5,-84.25899457832,-92.34184123236));
#357 = LINE('',#358,#359);
#358 = CARTESIAN_POINT('',(-4.375,-81.38399457832,-92.34184123236));
#359 = VECTOR('',#360,1.);
#360 = DIRECTION('',(0.707106781187,-0.707106781187,0.));
#361 = ORIENTED_EDGE('',*,*,#362,.T.);
#362 = EDGE_CURVE('',#355,#271,#363,.T.);
#363 = LINE('',#364,#365);
#364 = CARTESIAN_POINT('',(-1.5,-84.25899457832,-93.34184123236));
#365 = VECTOR('',#366,1.);
#366 = DIRECTION('',(0.,0.,1.));
#367 = ORIENTED_EDGE('',*,*,#278,.F.);
#368 = ORIENTED_EDGE('',*,*,#333,.F.);
#369 = PLANE('',#370);
#370 = AXIS2_PLACEMENT_3D('',#371,#372,#373);
#371 = CARTESIAN_POINT('',(-1.5,-84.25899457832,-93.34184123236));
#372 = DIRECTION('',(-0.707106781187,-0.707106781187,0.));
#373 = DIRECTION('',(-0.707106781187,0.707106781187,0.));
#374 = ADVANCED_FACE('',(#375),#393,.F.);
#375 = FACE_BOUND('',#376,.F.);
#376 = EDGE_LOOP('',(#377,#385,#391,#392));
#377 = ORIENTED_EDGE('',*,*,#378,.T.);
#378 = EDGE_CURVE('',#355,#379,#381,.T.);
#379 = VERTEX_POINT('',#380);
#380 = CARTESIAN_POINT('',(1.5,-84.25899457832,-92.34184123236));
#381 = LINE('',#382,#383);
#382 = CARTESIAN_POINT('',(-7.25,-84.25899457832,-92.34184123236));
#383 = VECTOR('',#384,1.);
#384 = DIRECTION('',(1.,0.,-0.));
#385 = ORIENTED_EDGE('',*,*,#386,.T.);
#386 = EDGE_CURVE('',#379,#263,#387,.T.);
#387 = LINE('',#388,#389);
#388 = CARTESIAN_POINT('',(1.5,-84.25899457832,-93.34184123236));
#389 = VECTOR('',#390,1.);
#390 = DIRECTION('',(0.,0.,1.));
#391 = ORIENTED_EDGE('',*,*,#270,.F.);
#392 = ORIENTED_EDGE('',*,*,#362,.F.);
#393 = PLANE('',#394);
#394 = AXIS2_PLACEMENT_3D('',#395,#396,#397);
#395 = CARTESIAN_POINT('',(1.5,-84.25899457832,-93.34184123236));
#396 = DIRECTION('',(0.,-1.,0.));
#397 = DIRECTION('',(-1.,0.,0.));
#398 = ADVANCED_FACE('',(#399),#417,.F.);
#399 = FACE_BOUND('',#400,.F.);
#400 = EDGE_LOOP('',(#401,#409,#415,#416));
#401 = ORIENTED_EDGE('',*,*,#402,.T.);
#402 = EDGE_CURVE('',#379,#403,#405,.T.);
#403 = VERTEX_POINT('',#404);
#404 = CARTESIAN_POINT('',(7.,-78.75899457832,-92.34184123236));
#405 = LINE('',#406,#407);
#406 = CARTESIAN_POINT('',(-0.875,-86.63399457832,-92.34184123236));
#407 = VECTOR('',#408,1.);
#408 = DIRECTION('',(0.707106781187,0.707106781187,-0.));
#409 = ORIENTED_EDGE('',*,*,#410,.T.);
#410 = EDGE_CURVE('',#403,#255,#411,.T.);
#411 = LINE('',#412,#413);
#412 = CARTESIAN_POINT('',(7.,-78.75899457832,-93.34184123236));
#413 = VECTOR('',#414,1.);
#414 = DIRECTION('',(0.,0.,1.));
#415 = ORIENTED_EDGE('',*,*,#262,.F.);
#416 = ORIENTED_EDGE('',*,*,#386,.F.);
#417 = PLANE('',#418);
#418 = AXIS2_PLACEMENT_3D('',#419,#420,#421);
#419 = CARTESIAN_POINT('',(7.,-78.75899457832,-93.34184123236));
#420 = DIRECTION('',(0.707106781187,-0.707106781187,0.));
#421 = DIRECTION('',(-0.707106781187,-0.707106781187,0.));
#422 = ADVANCED_FACE('',(#423),#441,.F.);
#423 = FACE_BOUND('',#424,.F.);
#424 = EDGE_LOOP('',(#425,#433,#439,#440));
#425 = ORIENTED_EDGE('',*,*,#426,.T.);
#426 = EDGE_CURVE('',#403,#427,#429,.T.);
#427 = VERTEX_POINT('',#428);
#428 = CARTESIAN_POINT('',(7.,-70.75899457832,-92.34184123236));
#429 = LINE('',#430,#431);
#430 = CARTESIAN_POINT('',(7.,-79.00899457832,-92.34184123236));
#431 = VECTOR('',#432,1.);
#432 = DIRECTION('',(-0.,1.,0.));
#433 = ORIENTED_EDGE('',*,*,#434,.T.);
#434 = EDGE_CURVE('',#427,#247,#435,.T.);
#435 = LINE('',#436,#437);
#436 = CARTESIAN_POINT('',(7.,-70.75899457832,-93.34184123236));
#437 = VECTOR('',#438,1.);
#438 = DIRECTION('',(0.,0.,1.));
#439 = ORIENTED_EDGE('',*,*,#254,.F.);
#440 = ORIENTED_EDGE('',*,*,#410,.F.);
#441 = PLANE('',#442);
#442 = AXIS2_PLACEMENT_3D('',#443,#444,#445);
#443 = CARTESIAN_POINT('',(7.,-70.75899457832,-93.34184123236));
#444 = DIRECTION('',(1.,0.,-0.));
#445 = DIRECTION('',(0.,-1.,0.));
#446 = ADVANCED_FACE('',(#447),#465,.F.);
#447 = FACE_BOUND('',#448,.F.);
#448 = EDGE_LOOP('',(#449,#457,#463,#464));
#449 = ORIENTED_EDGE('',*,*,#450,.T.);
#450 = EDGE_CURVE('',#427,#451,#453,.T.);
#451 = VERTEX_POINT('',#452);
#452 = CARTESIAN_POINT('',(1.5,-65.25899457832,-92.34184123236));
#453 = LINE('',#454,#455);
#454 = CARTESIAN_POINT('',(2.625,-66.38399457832,-92.34184123236));
#455 = VECTOR('',#456,1.);
#456 = DIRECTION('',(-0.707106781187,0.707106781187,0.));
#457 = ORIENTED_EDGE('',*,*,#458,.T.);
#458 = EDGE_CURVE('',#451,#239,#459,.T.);
#459 = LINE('',#460,#461);
#460 = CARTESIAN_POINT('',(1.5,-65.25899457832,-93.34184123236));
#461 = VECTOR('',#462,1.);
#462 = DIRECTION('',(0.,0.,1.));
#463 = ORIENTED_EDGE('',*,*,#246,.F.);
#464 = ORIENTED_EDGE('',*,*,#434,.F.);
#465 = PLANE('',#466);
#466 = AXIS2_PLACEMENT_3D('',#467,#468,#469);
#467 = CARTESIAN_POINT('',(1.5,-65.25899457832,-93.34184123236));
#468 = DIRECTION('',(0.707106781187,0.707106781187,-0.));
#469 = DIRECTION('',(0.707106781187,-0.707106781187,0.));
#470 = ADVANCED_FACE('',(#471),#489,.F.);
#471 = FACE_BOUND('',#472,.F.);
#472 = EDGE_LOOP('',(#473,#481,#487,#488));
#473 = ORIENTED_EDGE('',*,*,#474,.T.);
#474 = EDGE_CURVE('',#451,#475,#477,.T.);
#475 = VERTEX_POINT('',#476);
#476 = CARTESIAN_POINT('',(-1.5,-65.25899457832,-92.34184123236));
#477 = LINE('',#478,#479);
#478 = CARTESIAN_POINT('',(-8.75,-65.25899457832,-92.34184123236));
#479 = VECTOR('',#480,1.);
#480 = DIRECTION('',(-1.,0.,0.));
#481 = ORIENTED_EDGE('',*,*,#482,.T.);
#482 = EDGE_CURVE('',#475,#231,#483,.T.);
#483 = LINE('',#484,#485);
#484 = CARTESIAN_POINT('',(-1.5,-65.25899457832,-93.34184123236));
#485 = VECTOR('',#486,1.);
#486 = DIRECTION('',(0.,0.,1.));
#487 = ORIENTED_EDGE('',*,*,#238,.F.);
#488 = ORIENTED_EDGE('',*,*,#458,.F.);
#489 = PLANE('',#490);
#490 = AXIS2_PLACEMENT_3D('',#491,#492,#493);
#491 = CARTESIAN_POINT('',(-1.5,-65.25899457832,-93.34184123236));
#492 = DIRECTION('',(0.,1.,0.));
#493 = DIRECTION('',(1.,0.,0.));
#494 = ADVANCED_FACE('',(#495),#506,.F.);
#495 = FACE_BOUND('',#496,.F.);
#496 = EDGE_LOOP('',(#497,#503,#504,#505));
#497 = ORIENTED_EDGE('',*,*,#498,.T.);
#498 = EDGE_CURVE('',#475,#324,#499,.T.);
#499 = LINE('',#500,#501);
#500 = CARTESIAN_POINT('',(-13.375,-77.13399457832,-92.34184123236));
#501 = VECTOR('',#502,1.);
#502 = DIRECTION('',(-0.707106781187,-0.707106781187,0.));
#503 = ORIENTED_EDGE('',*,*,#340,.T.);
#504 = ORIENTED_EDGE('',*,*,#230,.F.);
#505 = ORIENTED_EDGE('',*,*,#482,.F.);
#506 = PLANE('',#507);
#507 = AXIS2_PLACEMENT_3D('',#508,#509,#510);
#508 = CARTESIAN_POINT('',(-7.,-70.75899457832,-93.34184123236));
#509 = DIRECTION('',(-0.707106781187,0.707106781187,0.));
#510 = DIRECTION('',(0.707106781187,0.707106781187,0.));
#511 = ADVANCED_FACE('',(#512,#551,#562,#573,#639,#705,#771,#782,#793),
  #804,.F.);
#512 = FACE_BOUND('',#513,.F.);
#513 = EDGE_LOOP('',(#514,#515,#523,#531,#537,#538,#544,#545));
#514 = ORIENTED_EDGE('',*,*,#173,.F.);
#515 = ORIENTED_EDGE('',*,*,#516,.T.);
#516 = EDGE_CURVE('',#174,#517,#519,.T.);
#517 = VERTEX_POINT('',#518);
#518 = CARTESIAN_POINT('',(-16.,-62.25899457832,12.));
#519 = LINE('',#520,#521);
#520 = CARTESIAN_POINT('',(-16.,-62.25899457832,-92.34184123236));
#521 = VECTOR('',#522,1.);
#522 = DIRECTION('',(0.,0.,1.));
#523 = ORIENTED_EDGE('',*,*,#524,.T.);
#524 = EDGE_CURVE('',#517,#525,#527,.T.);
#525 = VERTEX_POINT('',#526);
#526 = CARTESIAN_POINT('',(16.,-62.25899457832,12.));
#527 = LINE('',#528,#529);
#528 = CARTESIAN_POINT('',(-16.,-62.25899457832,12.));
#529 = VECTOR('',#530,1.);
#530 = DIRECTION('',(1.,0.,-0.));
#531 = ORIENTED_EDGE('',*,*,#532,.F.);
#532 = EDGE_CURVE('',#294,#525,#533,.T.);
#533 = LINE('',#534,#535);
#534 = CARTESIAN_POINT('',(16.,-62.25899457832,-92.34184123236));
#535 = VECTOR('',#536,1.);
#536 = DIRECTION('',(0.,0.,1.));
#537 = ORIENTED_EDGE('',*,*,#301,.F.);
#538 = ORIENTED_EDGE('',*,*,#539,.T.);
#539 = EDGE_CURVE('',#302,#205,#540,.T.);
#540 = LINE('',#541,#542);
#541 = CARTESIAN_POINT('',(11.,-62.25899457832,-61.34184123236));
#542 = VECTOR('',#543,1.);
#543 = DIRECTION('',(0.,0.,-1.));
#544 = ORIENTED_EDGE('',*,*,#212,.T.);
#545 = ORIENTED_EDGE('',*,*,#546,.F.);
#546 = EDGE_CURVE('',#166,#196,#547,.T.);
#547 = LINE('',#548,#549);
#548 = CARTESIAN_POINT('',(-11.,-62.25899457832,-61.34184123236));
#549 = VECTOR('',#550,1.);
#550 = DIRECTION('',(0.,0.,-1.));
#551 = FACE_BOUND('',#552,.F.);
#552 = EDGE_LOOP('',(#553));
#553 = ORIENTED_EDGE('',*,*,#554,.F.);
#554 = EDGE_CURVE('',#555,#555,#557,.T.);
#555 = VERTEX_POINT('',#556);
#556 = CARTESIAN_POINT('',(-11.,-62.25899457832,-10.6));
#557 = CIRCLE('',#558,1.4);
#558 = AXIS2_PLACEMENT_3D('',#559,#560,#561);
#559 = CARTESIAN_POINT('',(-11.,-62.25899457832,-12.));
#560 = DIRECTION('',(0.,1.,0.));
#561 = DIRECTION('',(0.,-0.,1.));
#562 = FACE_BOUND('',#563,.F.);
#563 = EDGE_LOOP('',(#564));
#564 = ORIENTED_EDGE('',*,*,#565,.F.);
#565 = EDGE_CURVE('',#566,#566,#568,.T.);
#566 = VERTEX_POINT('',#567);
#567 = CARTESIAN_POINT('',(-11.,-62.25899457832,7.4));
#568 = CIRCLE('',#569,1.4);
#569 = AXIS2_PLACEMENT_3D('',#570,#571,#572);
#570 = CARTESIAN_POINT('',(-11.,-62.25899457832,6.));
#571 = DIRECTION('',(0.,1.,0.));
#572 = DIRECTION('',(0.,-0.,1.));
#573 = FACE_BOUND('',#574,.F.);
#574 = EDGE_LOOP('',(#575,#585,#593,#601,#609,#617,#625,#633));
#575 = ORIENTED_EDGE('',*,*,#576,.T.);
#576 = EDGE_CURVE('',#577,#579,#581,.T.);
#577 = VERTEX_POINT('',#578);
#578 = CARTESIAN_POINT('',(-6.10969312794,-62.25899457832,
    -65.56122748824));
#579 = VERTEX_POINT('',#580);
#580 = CARTESIAN_POINT('',(-10.5,-62.25899457832,-69.9515343603));
#581 = LINE('',#582,#583);
#582 = CARTESIAN_POINT('',(-17.47257671801,-62.25899457832,
    -76.92411107831));
#583 = VECTOR('',#584,1.);
#584 = DIRECTION('',(-0.707106781187,0.,-0.707106781187));
#585 = ORIENTED_EDGE('',*,*,#586,.T.);
#586 = EDGE_CURVE('',#579,#587,#589,.T.);
#587 = VERTEX_POINT('',#588);
#588 = CARTESIAN_POINT('',(-10.5,-62.25899457832,-77.9515343603));
#589 = LINE('',#590,#591);
#590 = CARTESIAN_POINT('',(-10.5,-62.25899457832,-85.14668779633));
#591 = VECTOR('',#592,1.);
#592 = DIRECTION('',(0.,0.,-1.));
#593 = ORIENTED_EDGE('',*,*,#594,.T.);
#594 = EDGE_CURVE('',#587,#595,#597,.T.);
#595 = VERTEX_POINT('',#596);
#596 = CARTESIAN_POINT('',(-6.10969312794,-62.25899457832,
    -82.34184123236));
#597 = LINE('',#598,#599);
#598 = CARTESIAN_POINT('',(-6.082269845955,-62.25899457832,
    -82.36926451434));
#599 = VECTOR('',#600,1.);
#600 = DIRECTION('',(0.707106781187,0.,-0.707106781187));
#601 = ORIENTED_EDGE('',*,*,#602,.T.);
#602 = EDGE_CURVE('',#595,#603,#605,.T.);
#603 = VERTEX_POINT('',#604);
#604 = CARTESIAN_POINT('',(6.10969312794,-62.25899457832,-82.34184123236
    ));
#605 = LINE('',#606,#607);
#606 = CARTESIAN_POINT('',(-4.94515343603,-62.25899457832,
    -82.34184123236));
#607 = VECTOR('',#608,1.);
#608 = DIRECTION('',(1.,0.,0.));
#609 = ORIENTED_EDGE('',*,*,#610,.T.);
#610 = EDGE_CURVE('',#603,#611,#613,.T.);
#611 = VERTEX_POINT('',#612);
#612 = CARTESIAN_POINT('',(10.5,-62.25899457832,-77.9515343603));
#613 = LINE('',#614,#615);
#614 = CARTESIAN_POINT('',(0.277423281985,-62.25899457832,
    -88.17411107831));
#615 = VECTOR('',#616,1.);
#616 = DIRECTION('',(0.707106781187,0.,0.707106781187));
#617 = ORIENTED_EDGE('',*,*,#618,.T.);
#618 = EDGE_CURVE('',#611,#619,#621,.T.);
#619 = VERTEX_POINT('',#620);
#620 = CARTESIAN_POINT('',(10.5,-62.25899457832,-69.9515343603));
#621 = LINE('',#622,#623);
#622 = CARTESIAN_POINT('',(10.5,-62.25899457832,-81.14668779633));
#623 = VECTOR('',#624,1.);
#624 = DIRECTION('',(0.,0.,1.));
#625 = ORIENTED_EDGE('',*,*,#626,.T.);
#626 = EDGE_CURVE('',#619,#627,#629,.T.);
#627 = VERTEX_POINT('',#628);
#628 = CARTESIAN_POINT('',(6.10969312794,-62.25899457832,-65.56122748824
    ));
#629 = LINE('',#630,#631);
#630 = CARTESIAN_POINT('',(7.277423281985,-62.25899457832,
    -66.72895764228));
#631 = VECTOR('',#632,1.);
#632 = DIRECTION('',(-0.707106781187,-0.,0.707106781187));
#633 = ORIENTED_EDGE('',*,*,#634,.T.);
#634 = EDGE_CURVE('',#627,#577,#635,.T.);
#635 = LINE('',#636,#637);
#636 = CARTESIAN_POINT('',(-11.05484656397,-62.25899457832,
    -65.56122748824));
#637 = VECTOR('',#638,1.);
#638 = DIRECTION('',(-1.,0.,-0.));
#639 = FACE_BOUND('',#640,.F.);
#640 = EDGE_LOOP('',(#641,#651,#659,#667,#675,#683,#691,#699));
#641 = ORIENTED_EDGE('',*,*,#642,.T.);
#642 = EDGE_CURVE('',#643,#645,#647,.T.);
#643 = VERTEX_POINT('',#644);
#644 = CARTESIAN_POINT('',(-6.10969312794,-62.25899457832,
    -45.78061374412));
#645 = VERTEX_POINT('',#646);
#646 = CARTESIAN_POINT('',(-10.5,-62.25899457832,-50.17092061618));
#647 = LINE('',#648,#649);
#648 = CARTESIAN_POINT('',(-22.41773015404,-62.25899457832,
    -62.08865077022));
#649 = VECTOR('',#650,1.);
#650 = DIRECTION('',(-0.707106781187,0.,-0.707106781187));
#651 = ORIENTED_EDGE('',*,*,#652,.T.);
#652 = EDGE_CURVE('',#645,#653,#655,.T.);
#653 = VERTEX_POINT('',#654);
#654 = CARTESIAN_POINT('',(-10.5,-62.25899457832,-58.17092061618));
#655 = LINE('',#656,#657);
#656 = CARTESIAN_POINT('',(-10.5,-62.25899457832,-75.25638092427));
#657 = VECTOR('',#658,1.);
#658 = DIRECTION('',(0.,0.,-1.));
#659 = ORIENTED_EDGE('',*,*,#660,.T.);
#660 = EDGE_CURVE('',#653,#661,#663,.T.);
#661 = VERTEX_POINT('',#662);
#662 = CARTESIAN_POINT('',(-6.10969312794,-62.25899457832,
    -62.56122748824));
#663 = LINE('',#664,#665);
#664 = CARTESIAN_POINT('',(-1.137116409925,-62.25899457832,
    -67.53380420625));
#665 = VECTOR('',#666,1.);
#666 = DIRECTION('',(0.707106781187,0.,-0.707106781187));
#667 = ORIENTED_EDGE('',*,*,#668,.T.);
#668 = EDGE_CURVE('',#661,#669,#671,.T.);
#669 = VERTEX_POINT('',#670);
#670 = CARTESIAN_POINT('',(6.10969312794,-62.25899457832,-62.56122748824
    ));
#671 = LINE('',#672,#673);
#672 = CARTESIAN_POINT('',(-4.94515343603,-62.25899457832,
    -62.56122748824));
#673 = VECTOR('',#674,1.);
#674 = DIRECTION('',(1.,0.,0.));
#675 = ORIENTED_EDGE('',*,*,#676,.T.);
#676 = EDGE_CURVE('',#669,#677,#679,.T.);
#677 = VERTEX_POINT('',#678);
#678 = CARTESIAN_POINT('',(10.5,-62.25899457832,-58.17092061618));
#679 = LINE('',#680,#681);
#680 = CARTESIAN_POINT('',(-4.667730154045,-62.25899457832,
    -73.33865077022));
#681 = VECTOR('',#682,1.);
#682 = DIRECTION('',(0.707106781187,0.,0.707106781187));
#683 = ORIENTED_EDGE('',*,*,#684,.T.);
#684 = EDGE_CURVE('',#677,#685,#687,.T.);
#685 = VERTEX_POINT('',#686);
#686 = CARTESIAN_POINT('',(10.5,-62.25899457832,-50.17092061618));
#687 = LINE('',#688,#689);
#688 = CARTESIAN_POINT('',(10.5,-62.25899457832,-71.25638092427));
#689 = VECTOR('',#690,1.);
#690 = DIRECTION('',(0.,0.,1.));
#691 = ORIENTED_EDGE('',*,*,#692,.T.);
#692 = EDGE_CURVE('',#685,#693,#695,.T.);
#693 = VERTEX_POINT('',#694);
#694 = CARTESIAN_POINT('',(6.10969312794,-62.25899457832,-45.78061374412
    ));
#695 = LINE('',#696,#697);
#696 = CARTESIAN_POINT('',(12.222576718015,-62.25899457832,
    -51.89349733419));
#697 = VECTOR('',#698,1.);
#698 = DIRECTION('',(-0.707106781187,-0.,0.707106781187));
#699 = ORIENTED_EDGE('',*,*,#700,.T.);
#700 = EDGE_CURVE('',#693,#643,#701,.T.);
#701 = LINE('',#702,#703);
#702 = CARTESIAN_POINT('',(-11.05484656397,-62.25899457832,
    -45.78061374412));
#703 = VECTOR('',#704,1.);
#704 = DIRECTION('',(-1.,0.,-0.));
#705 = FACE_BOUND('',#706,.F.);
#706 = EDGE_LOOP('',(#707,#717,#725,#733,#741,#749,#757,#765));
#707 = ORIENTED_EDGE('',*,*,#708,.T.);
#708 = EDGE_CURVE('',#709,#711,#713,.T.);
#709 = VERTEX_POINT('',#710);
#710 = CARTESIAN_POINT('',(-6.10969312794,-62.25899457832,-26.));
#711 = VERTEX_POINT('',#712);
#712 = CARTESIAN_POINT('',(-10.5,-62.25899457832,-30.39030687206));
#713 = LINE('',#714,#715);
#714 = CARTESIAN_POINT('',(-27.36288359007,-62.25899457832,
    -47.25319046213));
#715 = VECTOR('',#716,1.);
#716 = DIRECTION('',(-0.707106781187,0.,-0.707106781187));
#717 = ORIENTED_EDGE('',*,*,#718,.T.);
#718 = EDGE_CURVE('',#711,#719,#721,.T.);
#719 = VERTEX_POINT('',#720);
#720 = CARTESIAN_POINT('',(-10.5,-62.25899457832,-38.39030687206));
#721 = LINE('',#722,#723);
#722 = CARTESIAN_POINT('',(-10.5,-62.25899457832,-65.36607405221));
#723 = VECTOR('',#724,1.);
#724 = DIRECTION('',(0.,0.,-1.));
#725 = ORIENTED_EDGE('',*,*,#726,.T.);
#726 = EDGE_CURVE('',#719,#727,#729,.T.);
#727 = VERTEX_POINT('',#728);
#728 = CARTESIAN_POINT('',(-6.10969312794,-62.25899457832,
    -42.78061374412));
#729 = LINE('',#730,#731);
#730 = CARTESIAN_POINT('',(3.808037026105,-62.25899457832,
    -52.69834389816));
#731 = VECTOR('',#732,1.);
#732 = DIRECTION('',(0.707106781187,0.,-0.707106781187));
#733 = ORIENTED_EDGE('',*,*,#734,.T.);
#734 = EDGE_CURVE('',#727,#735,#737,.T.);
#735 = VERTEX_POINT('',#736);
#736 = CARTESIAN_POINT('',(6.10969312794,-62.25899457832,-42.78061374412
    ));
#737 = LINE('',#738,#739);
#738 = CARTESIAN_POINT('',(-4.94515343603,-62.25899457832,
    -42.78061374412));
#739 = VECTOR('',#740,1.);
#740 = DIRECTION('',(1.,0.,0.));
#741 = ORIENTED_EDGE('',*,*,#742,.T.);
#742 = EDGE_CURVE('',#735,#743,#745,.T.);
#743 = VERTEX_POINT('',#744);
#744 = CARTESIAN_POINT('',(10.5,-62.25899457832,-38.39030687206));
#745 = LINE('',#746,#747);
#746 = CARTESIAN_POINT('',(-9.612883590075,-62.25899457832,
    -58.50319046213));
#747 = VECTOR('',#748,1.);
#748 = DIRECTION('',(0.707106781187,0.,0.707106781187));
#749 = ORIENTED_EDGE('',*,*,#750,.T.);
#750 = EDGE_CURVE('',#743,#751,#753,.T.);
#751 = VERTEX_POINT('',#752);
#752 = CARTESIAN_POINT('',(10.5,-62.25899457832,-30.39030687206));
#753 = LINE('',#754,#755);
#754 = CARTESIAN_POINT('',(10.5,-62.25899457832,-61.36607405221));
#755 = VECTOR('',#756,1.);
#756 = DIRECTION('',(0.,0.,1.));
#757 = ORIENTED_EDGE('',*,*,#758,.T.);
#758 = EDGE_CURVE('',#751,#759,#761,.T.);
#759 = VERTEX_POINT('',#760);
#760 = CARTESIAN_POINT('',(6.10969312794,-62.25899457832,-26.));
#761 = LINE('',#762,#763);
#762 = CARTESIAN_POINT('',(17.167730154045,-62.25899457832,
    -37.0580370261));
#763 = VECTOR('',#764,1.);
#764 = DIRECTION('',(-0.707106781187,-0.,0.707106781187));
#765 = ORIENTED_EDGE('',*,*,#766,.T.);
#766 = EDGE_CURVE('',#759,#709,#767,.T.);
#767 = LINE('',#768,#769);
#768 = CARTESIAN_POINT('',(-11.05484656397,-62.25899457832,-26.));
#769 = VECTOR('',#770,1.);
#770 = DIRECTION('',(-1.,0.,-0.));
#771 = FACE_BOUND('',#772,.F.);
#772 = EDGE_LOOP('',(#773));
#773 = ORIENTED_EDGE('',*,*,#774,.T.);
#774 = EDGE_CURVE('',#775,#775,#777,.T.);
#775 = VERTEX_POINT('',#776);
#776 = CARTESIAN_POINT('',(-1.243016501135E-15,-62.25899457832,-5.075));
#777 = CIRCLE('',#778,5.075);
#778 = AXIS2_PLACEMENT_3D('',#779,#780,#781);
#779 = CARTESIAN_POINT('',(0.,-62.25899457832,0.));
#780 = DIRECTION('',(0.,-1.,0.));
#781 = DIRECTION('',(0.,-0.,-1.));
#782 = FACE_BOUND('',#783,.F.);
#783 = EDGE_LOOP('',(#784));
#784 = ORIENTED_EDGE('',*,*,#785,.F.);
#785 = EDGE_CURVE('',#786,#786,#788,.T.);
#786 = VERTEX_POINT('',#787);
#787 = CARTESIAN_POINT('',(11.,-62.25899457832,-10.6));
#788 = CIRCLE('',#789,1.4);
#789 = AXIS2_PLACEMENT_3D('',#790,#791,#792);
#790 = CARTESIAN_POINT('',(11.,-62.25899457832,-12.));
#791 = DIRECTION('',(0.,1.,0.));
#792 = DIRECTION('',(0.,-0.,1.));
#793 = FACE_BOUND('',#794,.F.);
#794 = EDGE_LOOP('',(#795));
#795 = ORIENTED_EDGE('',*,*,#796,.F.);
#796 = EDGE_CURVE('',#797,#797,#799,.T.);
#797 = VERTEX_POINT('',#798);
#798 = CARTESIAN_POINT('',(11.,-62.25899457832,7.4));
#799 = CIRCLE('',#800,1.4);
#800 = AXIS2_PLACEMENT_3D('',#801,#802,#803);
#801 = CARTESIAN_POINT('',(11.,-62.25899457832,6.));
#802 = DIRECTION('',(0.,1.,0.));
#803 = DIRECTION('',(0.,-0.,1.));
#804 = PLANE('',#805);
#805 = AXIS2_PLACEMENT_3D('',#806,#807,#808);
#806 = CARTESIAN_POINT('',(-16.,-62.25899457832,-92.34184123236));
#807 = DIRECTION('',(-0.,1.,0.));
#808 = DIRECTION('',(0.,0.,1.));
#809 = ADVANCED_FACE('',(#810,#815),#841,.F.);
#810 = FACE_BOUND('',#811,.F.);
#811 = EDGE_LOOP('',(#812,#813,#814));
#812 = ORIENTED_EDGE('',*,*,#195,.T.);
#813 = ORIENTED_EDGE('',*,*,#165,.T.);
#814 = ORIENTED_EDGE('',*,*,#546,.T.);
#815 = FACE_BOUND('',#816,.F.);
#816 = EDGE_LOOP('',(#817,#827,#835));
#817 = ORIENTED_EDGE('',*,*,#818,.F.);
#818 = EDGE_CURVE('',#819,#821,#823,.T.);
#819 = VERTEX_POINT('',#820);
#820 = CARTESIAN_POINT('',(-11.,-66.25899457832,-82.34184123236));
#821 = VERTEX_POINT('',#822);
#822 = CARTESIAN_POINT('',(-11.,-77.60214032883,-82.34184123236));
#823 = LINE('',#824,#825);
#824 = CARTESIAN_POINT('',(-11.,-68.67841196074,-82.34184123236));
#825 = VECTOR('',#826,1.);
#826 = DIRECTION('',(0.,-1.,0.));
#827 = ORIENTED_EDGE('',*,*,#828,.F.);
#828 = EDGE_CURVE('',#829,#819,#831,.T.);
#829 = VERTEX_POINT('',#830);
#830 = CARTESIAN_POINT('',(-11.,-66.25899457832,-70.99869548185));
#831 = LINE('',#832,#833);
#832 = CARTESIAN_POINT('',(-11.,-66.25899457832,-74.25085097469));
#833 = VECTOR('',#834,1.);
#834 = DIRECTION('',(0.,0.,-1.));
#835 = ORIENTED_EDGE('',*,*,#836,.F.);
#836 = EDGE_CURVE('',#821,#829,#837,.T.);
#837 = LINE('',#838,#839);
#838 = CARTESIAN_POINT('',(-11.,-74.7663538912,-79.50605479473));
#839 = VECTOR('',#840,1.);
#840 = DIRECTION('',(-0.,0.707106781187,0.707106781187));
#841 = PLANE('',#842);
#842 = AXIS2_PLACEMENT_3D('',#843,#844,#845);
#843 = CARTESIAN_POINT('',(-11.,-71.09782934315,-77.50300646752));
#844 = DIRECTION('',(-1.,-0.,-0.));
#845 = DIRECTION('',(0.,0.,-1.));
#846 = ADVANCED_FACE('',(#847),#872,.F.);
#847 = FACE_BOUND('',#848,.F.);
#848 = EDGE_LOOP('',(#849,#859,#865,#866));
#849 = ORIENTED_EDGE('',*,*,#850,.F.);
#850 = EDGE_CURVE('',#851,#853,#855,.T.);
#851 = VERTEX_POINT('',#852);
#852 = CARTESIAN_POINT('',(-16.,-66.25899457832,-82.34184123236));
#853 = VERTEX_POINT('',#854);
#854 = CARTESIAN_POINT('',(-16.,-77.60214032883,-82.34184123236));
#855 = LINE('',#856,#857);
#856 = CARTESIAN_POINT('',(-16.,-68.67841196074,-82.34184123236));
#857 = VECTOR('',#858,1.);
#858 = DIRECTION('',(0.,-1.,0.));
#859 = ORIENTED_EDGE('',*,*,#860,.T.);
#860 = EDGE_CURVE('',#851,#819,#861,.T.);
#861 = LINE('',#862,#863);
#862 = CARTESIAN_POINT('',(-17.,-66.25899457832,-82.34184123236));
#863 = VECTOR('',#864,1.);
#864 = DIRECTION('',(1.,0.,0.));
#865 = ORIENTED_EDGE('',*,*,#818,.T.);
#866 = ORIENTED_EDGE('',*,*,#867,.F.);
#867 = EDGE_CURVE('',#853,#821,#868,.T.);
#868 = LINE('',#869,#870);
#869 = CARTESIAN_POINT('',(-17.,-77.60214032883,-82.34184123236));
#870 = VECTOR('',#871,1.);
#871 = DIRECTION('',(1.,0.,0.));
#872 = PLANE('',#873);
#873 = AXIS2_PLACEMENT_3D('',#874,#875,#876);
#874 = CARTESIAN_POINT('',(-17.,-66.25899457832,-82.34184123236));
#875 = DIRECTION('',(0.,0.,-1.));
#876 = DIRECTION('',(0.,-1.,0.));
#877 = ADVANCED_FACE('',(#878),#896,.F.);
#878 = FACE_BOUND('',#879,.F.);
#879 = EDGE_LOOP('',(#880,#888,#889,#890));
#880 = ORIENTED_EDGE('',*,*,#881,.F.);
#881 = EDGE_CURVE('',#853,#882,#884,.T.);
#882 = VERTEX_POINT('',#883);
#883 = CARTESIAN_POINT('',(-16.,-66.25899457832,-70.99869548185));
#884 = LINE('',#885,#886);
#885 = CARTESIAN_POINT('',(-16.,-74.7663538912,-79.50605479473));
#886 = VECTOR('',#887,1.);
#887 = DIRECTION('',(-0.,0.707106781187,0.707106781187));
#888 = ORIENTED_EDGE('',*,*,#867,.T.);
#889 = ORIENTED_EDGE('',*,*,#836,.T.);
#890 = ORIENTED_EDGE('',*,*,#891,.F.);
#891 = EDGE_CURVE('',#882,#829,#892,.T.);
#892 = LINE('',#893,#894);
#893 = CARTESIAN_POINT('',(-17.,-66.25899457832,-70.99869548185));
#894 = VECTOR('',#895,1.);
#895 = DIRECTION('',(1.,0.,0.));
#896 = PLANE('',#897);
#897 = AXIS2_PLACEMENT_3D('',#898,#899,#900);
#898 = CARTESIAN_POINT('',(-17.,-77.60214032883,-82.34184123236));
#899 = DIRECTION('',(0.,-0.707106781187,0.707106781187));
#900 = DIRECTION('',(0.,0.707106781187,0.707106781187));
#901 = ADVANCED_FACE('',(#902),#913,.F.);
#902 = FACE_BOUND('',#903,.F.);
#903 = EDGE_LOOP('',(#904,#910,#911,#912));
#904 = ORIENTED_EDGE('',*,*,#905,.F.);
#905 = EDGE_CURVE('',#882,#851,#906,.T.);
#906 = LINE('',#907,#908);
#907 = CARTESIAN_POINT('',(-16.,-66.25899457832,-74.25085097469));
#908 = VECTOR('',#909,1.);
#909 = DIRECTION('',(0.,0.,-1.));
#910 = ORIENTED_EDGE('',*,*,#891,.T.);
#911 = ORIENTED_EDGE('',*,*,#828,.T.);
#912 = ORIENTED_EDGE('',*,*,#860,.F.);
#913 = PLANE('',#914);
#914 = AXIS2_PLACEMENT_3D('',#915,#916,#917);
#915 = CARTESIAN_POINT('',(-17.,-66.25899457832,-70.99869548185));
#916 = DIRECTION('',(-0.,1.,0.));
#917 = DIRECTION('',(0.,0.,-1.));
#918 = ADVANCED_FACE('',(#919,#924),#950,.T.);
#919 = FACE_BOUND('',#920,.T.);
#920 = EDGE_LOOP('',(#921,#922,#923));
#921 = ORIENTED_EDGE('',*,*,#204,.T.);
#922 = ORIENTED_EDGE('',*,*,#309,.T.);
#923 = ORIENTED_EDGE('',*,*,#539,.T.);
#924 = FACE_BOUND('',#925,.T.);
#925 = EDGE_LOOP('',(#926,#936,#944));
#926 = ORIENTED_EDGE('',*,*,#927,.F.);
#927 = EDGE_CURVE('',#928,#930,#932,.T.);
#928 = VERTEX_POINT('',#929);
#929 = CARTESIAN_POINT('',(11.,-66.25899457832,-82.34184123236));
#930 = VERTEX_POINT('',#931);
#931 = CARTESIAN_POINT('',(11.,-77.60214032883,-82.34184123236));
#932 = LINE('',#933,#934);
#933 = CARTESIAN_POINT('',(11.,-68.67841196074,-82.34184123236));
#934 = VECTOR('',#935,1.);
#935 = DIRECTION('',(0.,-1.,0.));
#936 = ORIENTED_EDGE('',*,*,#937,.F.);
#937 = EDGE_CURVE('',#938,#928,#940,.T.);
#938 = VERTEX_POINT('',#939);
#939 = CARTESIAN_POINT('',(11.,-66.25899457832,-70.99869548185));
#940 = LINE('',#941,#942);
#941 = CARTESIAN_POINT('',(11.,-66.25899457832,-74.25085097469));
#942 = VECTOR('',#943,1.);
#943 = DIRECTION('',(0.,0.,-1.));
#944 = ORIENTED_EDGE('',*,*,#945,.F.);
#945 = EDGE_CURVE('',#930,#938,#946,.T.);
#946 = LINE('',#947,#948);
#947 = CARTESIAN_POINT('',(11.,-74.7663538912,-79.50605479473));
#948 = VECTOR('',#949,1.);
#949 = DIRECTION('',(-0.,0.707106781187,0.707106781187));
#950 = PLANE('',#951);
#951 = AXIS2_PLACEMENT_3D('',#952,#953,#954);
#952 = CARTESIAN_POINT('',(11.,-71.09782934315,-77.50300646752));
#953 = DIRECTION('',(-1.,-0.,-0.));
#954 = DIRECTION('',(0.,0.,-1.));
#955 = ADVANCED_FACE('',(#956),#981,.T.);
#956 = FACE_BOUND('',#957,.T.);
#957 = EDGE_LOOP('',(#958,#966,#967,#975));
#958 = ORIENTED_EDGE('',*,*,#959,.F.);
#959 = EDGE_CURVE('',#517,#960,#962,.T.);
#960 = VERTEX_POINT('',#961);
#961 = CARTESIAN_POINT('',(-16.,-55.85899457832,12.));
#962 = LINE('',#963,#964);
#963 = CARTESIAN_POINT('',(-16.,-62.25899457832,12.));
#964 = VECTOR('',#965,1.);
#965 = DIRECTION('',(-0.,1.,0.));
#966 = ORIENTED_EDGE('',*,*,#524,.T.);
#967 = ORIENTED_EDGE('',*,*,#968,.T.);
#968 = EDGE_CURVE('',#525,#969,#971,.T.);
#969 = VERTEX_POINT('',#970);
#970 = CARTESIAN_POINT('',(16.,-55.85899457832,12.));
#971 = LINE('',#972,#973);
#972 = CARTESIAN_POINT('',(16.,-62.25899457832,12.));
#973 = VECTOR('',#974,1.);
#974 = DIRECTION('',(-0.,1.,0.));
#975 = ORIENTED_EDGE('',*,*,#976,.F.);
#976 = EDGE_CURVE('',#960,#969,#977,.T.);
#977 = LINE('',#978,#979);
#978 = CARTESIAN_POINT('',(-16.,-55.85899457832,12.));
#979 = VECTOR('',#980,1.);
#980 = DIRECTION('',(1.,0.,-0.));
#981 = PLANE('',#982);
#982 = AXIS2_PLACEMENT_3D('',#983,#984,#985);
#983 = CARTESIAN_POINT('',(-16.,-62.25899457832,12.));
#984 = DIRECTION('',(0.,0.,1.));
#985 = DIRECTION('',(1.,0.,-0.));
#986 = ADVANCED_FACE('',(#987,#1012,#1023,#1034,#1100,#1166,#1232,#1243,
    #1254),#1265,.T.);
#987 = FACE_BOUND('',#988,.T.);
#988 = EDGE_LOOP('',(#989,#999,#1005,#1006));
#989 = ORIENTED_EDGE('',*,*,#990,.T.);
#990 = EDGE_CURVE('',#991,#993,#995,.T.);
#991 = VERTEX_POINT('',#992);
#992 = CARTESIAN_POINT('',(16.,-55.85899457832,-86.34184123236));
#993 = VERTEX_POINT('',#994);
#994 = CARTESIAN_POINT('',(-16.,-55.85899457832,-86.34184123236));
#995 = LINE('',#996,#997);
#996 = CARTESIAN_POINT('',(-16.,-55.85899457832,-86.34184123236));
#997 = VECTOR('',#998,1.);
#998 = DIRECTION('',(-1.,-0.,0.));
#999 = ORIENTED_EDGE('',*,*,#1000,.T.);
#1000 = EDGE_CURVE('',#993,#960,#1001,.T.);
#1001 = LINE('',#1002,#1003);
#1002 = CARTESIAN_POINT('',(-16.,-55.85899457832,-92.34184123236));
#1003 = VECTOR('',#1004,1.);
#1004 = DIRECTION('',(0.,0.,1.));
#1005 = ORIENTED_EDGE('',*,*,#976,.T.);
#1006 = ORIENTED_EDGE('',*,*,#1007,.F.);
#1007 = EDGE_CURVE('',#991,#969,#1008,.T.);
#1008 = LINE('',#1009,#1010);
#1009 = CARTESIAN_POINT('',(16.,-55.85899457832,-92.34184123236));
#1010 = VECTOR('',#1011,1.);
#1011 = DIRECTION('',(0.,0.,1.));
#1012 = FACE_BOUND('',#1013,.T.);
#1013 = EDGE_LOOP('',(#1014));
#1014 = ORIENTED_EDGE('',*,*,#1015,.F.);
#1015 = EDGE_CURVE('',#1016,#1016,#1018,.T.);
#1016 = VERTEX_POINT('',#1017);
#1017 = CARTESIAN_POINT('',(-11.,-55.85899457832,-10.6));
#1018 = CIRCLE('',#1019,1.4);
#1019 = AXIS2_PLACEMENT_3D('',#1020,#1021,#1022);
#1020 = CARTESIAN_POINT('',(-11.,-55.85899457832,-12.));
#1021 = DIRECTION('',(0.,1.,0.));
#1022 = DIRECTION('',(0.,-0.,1.));
#1023 = FACE_BOUND('',#1024,.T.);
#1024 = EDGE_LOOP('',(#1025));
#1025 = ORIENTED_EDGE('',*,*,#1026,.F.);
#1026 = EDGE_CURVE('',#1027,#1027,#1029,.T.);
#1027 = VERTEX_POINT('',#1028);
#1028 = CARTESIAN_POINT('',(-11.,-55.85899457832,7.4));
#1029 = CIRCLE('',#1030,1.4);
#1030 = AXIS2_PLACEMENT_3D('',#1031,#1032,#1033);
#1031 = CARTESIAN_POINT('',(-11.,-55.85899457832,6.));
#1032 = DIRECTION('',(0.,1.,0.));
#1033 = DIRECTION('',(0.,-0.,1.));
#1034 = FACE_BOUND('',#1035,.T.);
#1035 = EDGE_LOOP('',(#1036,#1046,#1054,#1062,#1070,#1078,#1086,#1094));
#1036 = ORIENTED_EDGE('',*,*,#1037,.T.);
#1037 = EDGE_CURVE('',#1038,#1040,#1042,.T.);
#1038 = VERTEX_POINT('',#1039);
#1039 = CARTESIAN_POINT('',(-6.10969312794,-55.85899457832,
    -65.56122748824));
#1040 = VERTEX_POINT('',#1041);
#1041 = CARTESIAN_POINT('',(-10.5,-55.85899457832,-69.9515343603));
#1042 = LINE('',#1043,#1044);
#1043 = CARTESIAN_POINT('',(-17.47257671801,-55.85899457832,
    -76.92411107831));
#1044 = VECTOR('',#1045,1.);
#1045 = DIRECTION('',(-0.707106781187,0.,-0.707106781187));
#1046 = ORIENTED_EDGE('',*,*,#1047,.T.);
#1047 = EDGE_CURVE('',#1040,#1048,#1050,.T.);
#1048 = VERTEX_POINT('',#1049);
#1049 = CARTESIAN_POINT('',(-10.5,-55.85899457832,-77.9515343603));
#1050 = LINE('',#1051,#1052);
#1051 = CARTESIAN_POINT('',(-10.5,-55.85899457832,-85.14668779633));
#1052 = VECTOR('',#1053,1.);
#1053 = DIRECTION('',(0.,0.,-1.));
#1054 = ORIENTED_EDGE('',*,*,#1055,.T.);
#1055 = EDGE_CURVE('',#1048,#1056,#1058,.T.);
#1056 = VERTEX_POINT('',#1057);
#1057 = CARTESIAN_POINT('',(-6.10969312794,-55.85899457832,
    -82.34184123236));
#1058 = LINE('',#1059,#1060);
#1059 = CARTESIAN_POINT('',(-6.082269845955,-55.85899457832,
    -82.36926451434));
#1060 = VECTOR('',#1061,1.);
#1061 = DIRECTION('',(0.707106781187,0.,-0.707106781187));
#1062 = ORIENTED_EDGE('',*,*,#1063,.T.);
#1063 = EDGE_CURVE('',#1056,#1064,#1066,.T.);
#1064 = VERTEX_POINT('',#1065);
#1065 = CARTESIAN_POINT('',(6.10969312794,-55.85899457832,
    -82.34184123236));
#1066 = LINE('',#1067,#1068);
#1067 = CARTESIAN_POINT('',(-4.94515343603,-55.85899457832,
    -82.34184123236));
#1068 = VECTOR('',#1069,1.);
#1069 = DIRECTION('',(1.,0.,0.));
#1070 = ORIENTED_EDGE('',*,*,#1071,.T.);
#1071 = EDGE_CURVE('',#1064,#1072,#1074,.T.);
#1072 = VERTEX_POINT('',#1073);
#1073 = CARTESIAN_POINT('',(10.5,-55.85899457832,-77.9515343603));
#1074 = LINE('',#1075,#1076);
#1075 = CARTESIAN_POINT('',(0.277423281985,-55.85899457832,
    -88.17411107831));
#1076 = VECTOR('',#1077,1.);
#1077 = DIRECTION('',(0.707106781187,0.,0.707106781187));
#1078 = ORIENTED_EDGE('',*,*,#1079,.T.);
#1079 = EDGE_CURVE('',#1072,#1080,#1082,.T.);
#1080 = VERTEX_POINT('',#1081);
#1081 = CARTESIAN_POINT('',(10.5,-55.85899457832,-69.9515343603));
#1082 = LINE('',#1083,#1084);
#1083 = CARTESIAN_POINT('',(10.5,-55.85899457832,-81.14668779633));
#1084 = VECTOR('',#1085,1.);
#1085 = DIRECTION('',(0.,0.,1.));
#1086 = ORIENTED_EDGE('',*,*,#1087,.T.);
#1087 = EDGE_CURVE('',#1080,#1088,#1090,.T.);
#1088 = VERTEX_POINT('',#1089);
#1089 = CARTESIAN_POINT('',(6.10969312794,-55.85899457832,
    -65.56122748824));
#1090 = LINE('',#1091,#1092);
#1091 = CARTESIAN_POINT('',(7.277423281985,-55.85899457832,
    -66.72895764228));
#1092 = VECTOR('',#1093,1.);
#1093 = DIRECTION('',(-0.707106781187,-0.,0.707106781187));
#1094 = ORIENTED_EDGE('',*,*,#1095,.T.);
#1095 = EDGE_CURVE('',#1088,#1038,#1096,.T.);
#1096 = LINE('',#1097,#1098);
#1097 = CARTESIAN_POINT('',(-11.05484656397,-55.85899457832,
    -65.56122748824));
#1098 = VECTOR('',#1099,1.);
#1099 = DIRECTION('',(-1.,0.,-0.));
#1100 = FACE_BOUND('',#1101,.T.);
#1101 = EDGE_LOOP('',(#1102,#1112,#1120,#1128,#1136,#1144,#1152,#1160));
#1102 = ORIENTED_EDGE('',*,*,#1103,.T.);
#1103 = EDGE_CURVE('',#1104,#1106,#1108,.T.);
#1104 = VERTEX_POINT('',#1105);
#1105 = CARTESIAN_POINT('',(-6.10969312794,-55.85899457832,
    -45.78061374412));
#1106 = VERTEX_POINT('',#1107);
#1107 = CARTESIAN_POINT('',(-10.5,-55.85899457832,-50.17092061618));
#1108 = LINE('',#1109,#1110);
#1109 = CARTESIAN_POINT('',(-22.41773015404,-55.85899457832,
    -62.08865077022));
#1110 = VECTOR('',#1111,1.);
#1111 = DIRECTION('',(-0.707106781187,0.,-0.707106781187));
#1112 = ORIENTED_EDGE('',*,*,#1113,.T.);
#1113 = EDGE_CURVE('',#1106,#1114,#1116,.T.);
#1114 = VERTEX_POINT('',#1115);
#1115 = CARTESIAN_POINT('',(-10.5,-55.85899457832,-58.17092061618));
#1116 = LINE('',#1117,#1118);
#1117 = CARTESIAN_POINT('',(-10.5,-55.85899457832,-75.25638092427));
#1118 = VECTOR('',#1119,1.);
#1119 = DIRECTION('',(0.,0.,-1.));
#1120 = ORIENTED_EDGE('',*,*,#1121,.T.);
#1121 = EDGE_CURVE('',#1114,#1122,#1124,.T.);
#1122 = VERTEX_POINT('',#1123);
#1123 = CARTESIAN_POINT('',(-6.10969312794,-55.85899457832,
    -62.56122748824));
#1124 = LINE('',#1125,#1126);
#1125 = CARTESIAN_POINT('',(-1.137116409925,-55.85899457832,
    -67.53380420625));
#1126 = VECTOR('',#1127,1.);
#1127 = DIRECTION('',(0.707106781187,0.,-0.707106781187));
#1128 = ORIENTED_EDGE('',*,*,#1129,.T.);
#1129 = EDGE_CURVE('',#1122,#1130,#1132,.T.);
#1130 = VERTEX_POINT('',#1131);
#1131 = CARTESIAN_POINT('',(6.10969312794,-55.85899457832,
    -62.56122748824));
#1132 = LINE('',#1133,#1134);
#1133 = CARTESIAN_POINT('',(-4.94515343603,-55.85899457832,
    -62.56122748824));
#1134 = VECTOR('',#1135,1.);
#1135 = DIRECTION('',(1.,0.,0.));
#1136 = ORIENTED_EDGE('',*,*,#1137,.T.);
#1137 = EDGE_CURVE('',#1130,#1138,#1140,.T.);
#1138 = VERTEX_POINT('',#1139);
#1139 = CARTESIAN_POINT('',(10.5,-55.85899457832,-58.17092061618));
#1140 = LINE('',#1141,#1142);
#1141 = CARTESIAN_POINT('',(-4.667730154045,-55.85899457832,
    -73.33865077022));
#1142 = VECTOR('',#1143,1.);
#1143 = DIRECTION('',(0.707106781187,0.,0.707106781187));
#1144 = ORIENTED_EDGE('',*,*,#1145,.T.);
#1145 = EDGE_CURVE('',#1138,#1146,#1148,.T.);
#1146 = VERTEX_POINT('',#1147);
#1147 = CARTESIAN_POINT('',(10.5,-55.85899457832,-50.17092061618));
#1148 = LINE('',#1149,#1150);
#1149 = CARTESIAN_POINT('',(10.5,-55.85899457832,-71.25638092427));
#1150 = VECTOR('',#1151,1.);
#1151 = DIRECTION('',(0.,0.,1.));
#1152 = ORIENTED_EDGE('',*,*,#1153,.T.);
#1153 = EDGE_CURVE('',#1146,#1154,#1156,.T.);
#1154 = VERTEX_POINT('',#1155);
#1155 = CARTESIAN_POINT('',(6.10969312794,-55.85899457832,
    -45.78061374412));
#1156 = LINE('',#1157,#1158);
#1157 = CARTESIAN_POINT('',(12.222576718015,-55.85899457832,
    -51.89349733419));
#1158 = VECTOR('',#1159,1.);
#1159 = DIRECTION('',(-0.707106781187,-0.,0.707106781187));
#1160 = ORIENTED_EDGE('',*,*,#1161,.T.);
#1161 = EDGE_CURVE('',#1154,#1104,#1162,.T.);
#1162 = LINE('',#1163,#1164);
#1163 = CARTESIAN_POINT('',(-11.05484656397,-55.85899457832,
    -45.78061374412));
#1164 = VECTOR('',#1165,1.);
#1165 = DIRECTION('',(-1.,0.,-0.));
#1166 = FACE_BOUND('',#1167,.T.);
#1167 = EDGE_LOOP('',(#1168,#1178,#1186,#1194,#1202,#1210,#1218,#1226));
#1168 = ORIENTED_EDGE('',*,*,#1169,.T.);
#1169 = EDGE_CURVE('',#1170,#1172,#1174,.T.);
#1170 = VERTEX_POINT('',#1171);
#1171 = CARTESIAN_POINT('',(-6.10969312794,-55.85899457832,-26.));
#1172 = VERTEX_POINT('',#1173);
#1173 = CARTESIAN_POINT('',(-10.5,-55.85899457832,-30.39030687206));
#1174 = LINE('',#1175,#1176);
#1175 = CARTESIAN_POINT('',(-27.36288359007,-55.85899457832,
    -47.25319046213));
#1176 = VECTOR('',#1177,1.);
#1177 = DIRECTION('',(-0.707106781187,0.,-0.707106781187));
#1178 = ORIENTED_EDGE('',*,*,#1179,.T.);
#1179 = EDGE_CURVE('',#1172,#1180,#1182,.T.);
#1180 = VERTEX_POINT('',#1181);
#1181 = CARTESIAN_POINT('',(-10.5,-55.85899457832,-38.39030687206));
#1182 = LINE('',#1183,#1184);
#1183 = CARTESIAN_POINT('',(-10.5,-55.85899457832,-65.36607405221));
#1184 = VECTOR('',#1185,1.);
#1185 = DIRECTION('',(0.,0.,-1.));
#1186 = ORIENTED_EDGE('',*,*,#1187,.T.);
#1187 = EDGE_CURVE('',#1180,#1188,#1190,.T.);
#1188 = VERTEX_POINT('',#1189);
#1189 = CARTESIAN_POINT('',(-6.10969312794,-55.85899457832,
    -42.78061374412));
#1190 = LINE('',#1191,#1192);
#1191 = CARTESIAN_POINT('',(3.808037026105,-55.85899457832,
    -52.69834389816));
#1192 = VECTOR('',#1193,1.);
#1193 = DIRECTION('',(0.707106781187,0.,-0.707106781187));
#1194 = ORIENTED_EDGE('',*,*,#1195,.T.);
#1195 = EDGE_CURVE('',#1188,#1196,#1198,.T.);
#1196 = VERTEX_POINT('',#1197);
#1197 = CARTESIAN_POINT('',(6.10969312794,-55.85899457832,
    -42.78061374412));
#1198 = LINE('',#1199,#1200);
#1199 = CARTESIAN_POINT('',(-4.94515343603,-55.85899457832,
    -42.78061374412));
#1200 = VECTOR('',#1201,1.);
#1201 = DIRECTION('',(1.,0.,0.));
#1202 = ORIENTED_EDGE('',*,*,#1203,.T.);
#1203 = EDGE_CURVE('',#1196,#1204,#1206,.T.);
#1204 = VERTEX_POINT('',#1205);
#1205 = CARTESIAN_POINT('',(10.5,-55.85899457832,-38.39030687206));
#1206 = LINE('',#1207,#1208);
#1207 = CARTESIAN_POINT('',(-9.612883590075,-55.85899457832,
    -58.50319046213));
#1208 = VECTOR('',#1209,1.);
#1209 = DIRECTION('',(0.707106781187,0.,0.707106781187));
#1210 = ORIENTED_EDGE('',*,*,#1211,.T.);
#1211 = EDGE_CURVE('',#1204,#1212,#1214,.T.);
#1212 = VERTEX_POINT('',#1213);
#1213 = CARTESIAN_POINT('',(10.5,-55.85899457832,-30.39030687206));
#1214 = LINE('',#1215,#1216);
#1215 = CARTESIAN_POINT('',(10.5,-55.85899457832,-61.36607405221));
#1216 = VECTOR('',#1217,1.);
#1217 = DIRECTION('',(0.,0.,1.));
#1218 = ORIENTED_EDGE('',*,*,#1219,.T.);
#1219 = EDGE_CURVE('',#1212,#1220,#1222,.T.);
#1220 = VERTEX_POINT('',#1221);
#1221 = CARTESIAN_POINT('',(6.10969312794,-55.85899457832,-26.));
#1222 = LINE('',#1223,#1224);
#1223 = CARTESIAN_POINT('',(17.167730154045,-55.85899457832,
    -37.0580370261));
#1224 = VECTOR('',#1225,1.);
#1225 = DIRECTION('',(-0.707106781187,-0.,0.707106781187));
#1226 = ORIENTED_EDGE('',*,*,#1227,.T.);
#1227 = EDGE_CURVE('',#1220,#1170,#1228,.T.);
#1228 = LINE('',#1229,#1230);
#1229 = CARTESIAN_POINT('',(-11.05484656397,-55.85899457832,-26.));
#1230 = VECTOR('',#1231,1.);
#1231 = DIRECTION('',(-1.,0.,-0.));
#1232 = FACE_BOUND('',#1233,.T.);
#1233 = EDGE_LOOP('',(#1234));
#1234 = ORIENTED_EDGE('',*,*,#1235,.T.);
#1235 = EDGE_CURVE('',#1236,#1236,#1238,.T.);
#1236 = VERTEX_POINT('',#1237);
#1237 = CARTESIAN_POINT('',(-7.960204194458E-16,-55.85899457832,-3.25));
#1238 = CIRCLE('',#1239,3.25);
#1239 = AXIS2_PLACEMENT_3D('',#1240,#1241,#1242);
#1240 = CARTESIAN_POINT('',(0.,-55.85899457832,0.));
#1241 = DIRECTION('',(0.,-1.,0.));
#1242 = DIRECTION('',(0.,-0.,-1.));
#1243 = FACE_BOUND('',#1244,.T.);
#1244 = EDGE_LOOP('',(#1245));
#1245 = ORIENTED_EDGE('',*,*,#1246,.F.);
#1246 = EDGE_CURVE('',#1247,#1247,#1249,.T.);
#1247 = VERTEX_POINT('',#1248);
#1248 = CARTESIAN_POINT('',(11.,-55.85899457832,-10.6));
#1249 = CIRCLE('',#1250,1.4);
#1250 = AXIS2_PLACEMENT_3D('',#1251,#1252,#1253);
#1251 = CARTESIAN_POINT('',(11.,-55.85899457832,-12.));
#1252 = DIRECTION('',(0.,1.,0.));
#1253 = DIRECTION('',(0.,-0.,1.));
#1254 = FACE_BOUND('',#1255,.T.);
#1255 = EDGE_LOOP('',(#1256));
#1256 = ORIENTED_EDGE('',*,*,#1257,.F.);
#1257 = EDGE_CURVE('',#1258,#1258,#1260,.T.);
#1258 = VERTEX_POINT('',#1259);
#1259 = CARTESIAN_POINT('',(11.,-55.85899457832,7.4));
#1260 = CIRCLE('',#1261,1.4);
#1261 = AXIS2_PLACEMENT_3D('',#1262,#1263,#1264);
#1262 = CARTESIAN_POINT('',(11.,-55.85899457832,6.));
#1263 = DIRECTION('',(0.,1.,0.));
#1264 = DIRECTION('',(0.,-0.,1.));
#1265 = PLANE('',#1266);
#1266 = AXIS2_PLACEMENT_3D('',#1267,#1268,#1269);
#1267 = CARTESIAN_POINT('',(-16.,-55.85899457832,-92.34184123236));
#1268 = DIRECTION('',(-0.,1.,0.));
#1269 = DIRECTION('',(0.,0.,1.));
#1270 = ADVANCED_FACE('',(#1271,#1296,#1307,#1368),#1379,.T.);
#1271 = FACE_BOUND('',#1272,.T.);
#1272 = EDGE_LOOP('',(#1273,#1281,#1282,#1290));
#1273 = ORIENTED_EDGE('',*,*,#1274,.F.);
#1274 = EDGE_CURVE('',#993,#1275,#1277,.T.);
#1275 = VERTEX_POINT('',#1276);
#1276 = CARTESIAN_POINT('',(-16.,75.058994578326,-86.34184123236));
#1277 = LINE('',#1278,#1279);
#1278 = CARTESIAN_POINT('',(-16.,-87.25899457832,-86.34184123236));
#1279 = VECTOR('',#1280,1.);
#1280 = DIRECTION('',(-0.,1.,0.));
#1281 = ORIENTED_EDGE('',*,*,#990,.F.);
#1282 = ORIENTED_EDGE('',*,*,#1283,.T.);
#1283 = EDGE_CURVE('',#991,#1284,#1286,.T.);
#1284 = VERTEX_POINT('',#1285);
#1285 = CARTESIAN_POINT('',(16.,75.058994578326,-86.34184123236));
#1286 = LINE('',#1287,#1288);
#1287 = CARTESIAN_POINT('',(16.,-87.25899457832,-86.34184123236));
#1288 = VECTOR('',#1289,1.);
#1289 = DIRECTION('',(-0.,1.,0.));
#1290 = ORIENTED_EDGE('',*,*,#1291,.T.);
#1291 = EDGE_CURVE('',#1284,#1275,#1292,.T.);
#1292 = LINE('',#1293,#1294);
#1293 = CARTESIAN_POINT('',(-16.,75.058994578326,-86.34184123236));
#1294 = VECTOR('',#1295,1.);
#1295 = DIRECTION('',(-1.,-0.,0.));
#1296 = FACE_BOUND('',#1297,.T.);
#1297 = EDGE_LOOP('',(#1298));
#1298 = ORIENTED_EDGE('',*,*,#1299,.F.);
#1299 = EDGE_CURVE('',#1300,#1300,#1302,.T.);
#1300 = VERTEX_POINT('',#1301);
#1301 = CARTESIAN_POINT('',(6.390033222591,-19.5,-86.34184123236));
#1302 = CIRCLE('',#1303,6.390033222591);
#1303 = AXIS2_PLACEMENT_3D('',#1304,#1305,#1306);
#1304 = CARTESIAN_POINT('',(0.,-19.5,-86.34184123236));
#1305 = DIRECTION('',(0.,0.,1.));
#1306 = DIRECTION('',(1.,0.,-0.));
#1307 = FACE_BOUND('',#1308,.T.);
#1308 = EDGE_LOOP('',(#1309,#1319,#1328,#1336,#1344,#1353,#1362));
#1309 = ORIENTED_EDGE('',*,*,#1310,.F.);
#1310 = EDGE_CURVE('',#1311,#1313,#1315,.T.);
#1311 = VERTEX_POINT('',#1312);
#1312 = CARTESIAN_POINT('',(2.474873734153,-2.474873734153,
    -86.34184123236));
#1313 = VERTEX_POINT('',#1314);
#1314 = CARTESIAN_POINT('',(4.949747468306,0.,-86.34184123236));
#1315 = LINE('',#1316,#1317);
#1316 = CARTESIAN_POINT('',(-23.33987491042,-28.28962237873,
    -86.34184123236));
#1317 = VECTOR('',#1318,1.);
#1318 = DIRECTION('',(0.707106781187,0.707106781187,-0.));
#1319 = ORIENTED_EDGE('',*,*,#1320,.T.);
#1320 = EDGE_CURVE('',#1311,#1321,#1323,.T.);
#1321 = VERTEX_POINT('',#1322);
#1322 = CARTESIAN_POINT('',(-2.474873734153,-2.474873734153,
    -86.34184123236));
#1323 = CIRCLE('',#1324,3.5);
#1324 = AXIS2_PLACEMENT_3D('',#1325,#1326,#1327);
#1325 = CARTESIAN_POINT('',(0.,0.,-86.34184123236));
#1326 = DIRECTION('',(0.,0.,-1.));
#1327 = DIRECTION('',(0.,1.,0.));
#1328 = ORIENTED_EDGE('',*,*,#1329,.F.);
#1329 = EDGE_CURVE('',#1330,#1321,#1332,.T.);
#1330 = VERTEX_POINT('',#1331);
#1331 = CARTESIAN_POINT('',(-4.949747468306,0.,-86.34184123236));
#1332 = LINE('',#1333,#1334);
#1333 = CARTESIAN_POINT('',(14.102438043352,-19.05218551165,
    -86.34184123236));
#1334 = VECTOR('',#1335,1.);
#1335 = DIRECTION('',(0.707106781187,-0.707106781187,0.));
#1336 = ORIENTED_EDGE('',*,*,#1337,.F.);
#1337 = EDGE_CURVE('',#1338,#1330,#1340,.T.);
#1338 = VERTEX_POINT('',#1339);
#1339 = CARTESIAN_POINT('',(-2.474873734153,2.474873734153,
    -86.34184123236));
#1340 = LINE('',#1341,#1342);
#1341 = CARTESIAN_POINT('',(-28.28962237873,-23.33987491042,
    -86.34184123236));
#1342 = VECTOR('',#1343,1.);
#1343 = DIRECTION('',(-0.707106781187,-0.707106781187,0.));
#1344 = ORIENTED_EDGE('',*,*,#1345,.T.);
#1345 = EDGE_CURVE('',#1338,#1346,#1348,.T.);
#1346 = VERTEX_POINT('',#1347);
#1347 = CARTESIAN_POINT('',(-8.572527594031E-16,3.5,-86.34184123236));
#1348 = CIRCLE('',#1349,3.5);
#1349 = AXIS2_PLACEMENT_3D('',#1350,#1351,#1352);
#1350 = CARTESIAN_POINT('',(0.,0.,-86.34184123236));
#1351 = DIRECTION('',(0.,0.,-1.));
#1352 = DIRECTION('',(0.,1.,0.));
#1353 = ORIENTED_EDGE('',*,*,#1354,.T.);
#1354 = EDGE_CURVE('',#1346,#1355,#1357,.T.);
#1355 = VERTEX_POINT('',#1356);
#1356 = CARTESIAN_POINT('',(2.474873734153,2.474873734153,
    -86.34184123236));
#1357 = CIRCLE('',#1358,3.5);
#1358 = AXIS2_PLACEMENT_3D('',#1359,#1360,#1361);
#1359 = CARTESIAN_POINT('',(0.,0.,-86.34184123236));
#1360 = DIRECTION('',(0.,0.,-1.));
#1361 = DIRECTION('',(0.,1.,0.));
#1362 = ORIENTED_EDGE('',*,*,#1363,.F.);
#1363 = EDGE_CURVE('',#1313,#1355,#1364,.T.);
#1364 = LINE('',#1365,#1366);
#1365 = CARTESIAN_POINT('',(21.527059245811,-16.5773117775,
    -86.34184123236));
#1366 = VECTOR('',#1367,1.);
#1367 = DIRECTION('',(-0.707106781187,0.707106781187,0.));
#1368 = FACE_BOUND('',#1369,.T.);
#1369 = EDGE_LOOP('',(#1370));
#1370 = ORIENTED_EDGE('',*,*,#1371,.F.);
#1371 = EDGE_CURVE('',#1372,#1372,#1374,.T.);
#1372 = VERTEX_POINT('',#1373);
#1373 = CARTESIAN_POINT('',(6.390033222591,19.5,-86.34184123236));
#1374 = CIRCLE('',#1375,6.390033222591);
#1375 = AXIS2_PLACEMENT_3D('',#1376,#1377,#1378);
#1376 = CARTESIAN_POINT('',(0.,19.5,-86.34184123236));
#1377 = DIRECTION('',(0.,0.,1.));
#1378 = DIRECTION('',(1.,0.,-0.));
#1379 = PLANE('',#1380);
#1380 = AXIS2_PLACEMENT_3D('',#1381,#1382,#1383);
#1381 = CARTESIAN_POINT('',(-16.,-87.25899457832,-86.34184123236));
#1382 = DIRECTION('',(0.,0.,1.));
#1383 = DIRECTION('',(1.,0.,-0.));
#1384 = ADVANCED_FACE('',(#1385),#1410,.F.);
#1385 = FACE_BOUND('',#1386,.F.);
#1386 = EDGE_LOOP('',(#1387,#1388,#1396,#1404));
#1387 = ORIENTED_EDGE('',*,*,#927,.F.);
#1388 = ORIENTED_EDGE('',*,*,#1389,.T.);
#1389 = EDGE_CURVE('',#928,#1390,#1392,.T.);
#1390 = VERTEX_POINT('',#1391);
#1391 = CARTESIAN_POINT('',(16.,-66.25899457832,-82.34184123236));
#1392 = LINE('',#1393,#1394);
#1393 = CARTESIAN_POINT('',(10.,-66.25899457832,-82.34184123236));
#1394 = VECTOR('',#1395,1.);
#1395 = DIRECTION('',(1.,0.,0.));
#1396 = ORIENTED_EDGE('',*,*,#1397,.T.);
#1397 = EDGE_CURVE('',#1390,#1398,#1400,.T.);
#1398 = VERTEX_POINT('',#1399);
#1399 = CARTESIAN_POINT('',(16.,-77.60214032883,-82.34184123236));
#1400 = LINE('',#1401,#1402);
#1401 = CARTESIAN_POINT('',(16.,-68.67841196074,-82.34184123236));
#1402 = VECTOR('',#1403,1.);
#1403 = DIRECTION('',(0.,-1.,0.));
#1404 = ORIENTED_EDGE('',*,*,#1405,.F.);
#1405 = EDGE_CURVE('',#930,#1398,#1406,.T.);
#1406 = LINE('',#1407,#1408);
#1407 = CARTESIAN_POINT('',(10.,-77.60214032883,-82.34184123236));
#1408 = VECTOR('',#1409,1.);
#1409 = DIRECTION('',(1.,0.,0.));
#1410 = PLANE('',#1411);
#1411 = AXIS2_PLACEMENT_3D('',#1412,#1413,#1414);
#1412 = CARTESIAN_POINT('',(10.,-66.25899457832,-82.34184123236));
#1413 = DIRECTION('',(0.,0.,-1.));
#1414 = DIRECTION('',(0.,-1.,0.));
#1415 = ADVANCED_FACE('',(#1416),#1434,.F.);
#1416 = FACE_BOUND('',#1417,.F.);
#1417 = EDGE_LOOP('',(#1418,#1419,#1420,#1428));
#1418 = ORIENTED_EDGE('',*,*,#945,.F.);
#1419 = ORIENTED_EDGE('',*,*,#1405,.T.);
#1420 = ORIENTED_EDGE('',*,*,#1421,.T.);
#1421 = EDGE_CURVE('',#1398,#1422,#1424,.T.);
#1422 = VERTEX_POINT('',#1423);
#1423 = CARTESIAN_POINT('',(16.,-66.25899457832,-70.99869548185));
#1424 = LINE('',#1425,#1426);
#1425 = CARTESIAN_POINT('',(16.,-74.7663538912,-79.50605479473));
#1426 = VECTOR('',#1427,1.);
#1427 = DIRECTION('',(-0.,0.707106781187,0.707106781187));
#1428 = ORIENTED_EDGE('',*,*,#1429,.F.);
#1429 = EDGE_CURVE('',#938,#1422,#1430,.T.);
#1430 = LINE('',#1431,#1432);
#1431 = CARTESIAN_POINT('',(10.,-66.25899457832,-70.99869548185));
#1432 = VECTOR('',#1433,1.);
#1433 = DIRECTION('',(1.,0.,0.));
#1434 = PLANE('',#1435);
#1435 = AXIS2_PLACEMENT_3D('',#1436,#1437,#1438);
#1436 = CARTESIAN_POINT('',(10.,-77.60214032883,-82.34184123236));
#1437 = DIRECTION('',(0.,-0.707106781187,0.707106781187));
#1438 = DIRECTION('',(0.,0.707106781187,0.707106781187));
#1439 = ADVANCED_FACE('',(#1440),#1451,.F.);
#1440 = FACE_BOUND('',#1441,.F.);
#1441 = EDGE_LOOP('',(#1442,#1443,#1444,#1450));
#1442 = ORIENTED_EDGE('',*,*,#937,.F.);
#1443 = ORIENTED_EDGE('',*,*,#1429,.T.);
#1444 = ORIENTED_EDGE('',*,*,#1445,.T.);
#1445 = EDGE_CURVE('',#1422,#1390,#1446,.T.);
#1446 = LINE('',#1447,#1448);
#1447 = CARTESIAN_POINT('',(16.,-66.25899457832,-74.25085097469));
#1448 = VECTOR('',#1449,1.);
#1449 = DIRECTION('',(0.,0.,-1.));
#1450 = ORIENTED_EDGE('',*,*,#1389,.F.);
#1451 = PLANE('',#1452);
#1452 = AXIS2_PLACEMENT_3D('',#1453,#1454,#1455);
#1453 = CARTESIAN_POINT('',(10.,-66.25899457832,-70.99869548185));
#1454 = DIRECTION('',(-0.,1.,0.));
#1455 = DIRECTION('',(0.,0.,-1.));
#1456 = ADVANCED_FACE('',(#1457),#1468,.F.);
#1457 = FACE_BOUND('',#1458,.F.);
#1458 = EDGE_LOOP('',(#1459,#1460,#1466,#1467));
#1459 = ORIENTED_EDGE('',*,*,#1015,.F.);
#1460 = ORIENTED_EDGE('',*,*,#1461,.F.);
#1461 = EDGE_CURVE('',#555,#1016,#1462,.T.);
#1462 = LINE('',#1463,#1464);
#1463 = CARTESIAN_POINT('',(-11.,-63.25899457832,-10.6));
#1464 = VECTOR('',#1465,1.);
#1465 = DIRECTION('',(0.,1.,0.));
#1466 = ORIENTED_EDGE('',*,*,#554,.T.);
#1467 = ORIENTED_EDGE('',*,*,#1461,.T.);
#1468 = CYLINDRICAL_SURFACE('',#1469,1.4);
#1469 = AXIS2_PLACEMENT_3D('',#1470,#1471,#1472);
#1470 = CARTESIAN_POINT('',(-11.,-63.25899457832,-12.));
#1471 = DIRECTION('',(0.,1.,0.));
#1472 = DIRECTION('',(0.,-0.,1.));
#1473 = ADVANCED_FACE('',(#1474),#1485,.F.);
#1474 = FACE_BOUND('',#1475,.F.);
#1475 = EDGE_LOOP('',(#1476,#1477,#1483,#1484));
#1476 = ORIENTED_EDGE('',*,*,#1026,.F.);
#1477 = ORIENTED_EDGE('',*,*,#1478,.F.);
#1478 = EDGE_CURVE('',#566,#1027,#1479,.T.);
#1479 = LINE('',#1480,#1481);
#1480 = CARTESIAN_POINT('',(-11.,-63.25899457832,7.4));
#1481 = VECTOR('',#1482,1.);
#1482 = DIRECTION('',(0.,1.,0.));
#1483 = ORIENTED_EDGE('',*,*,#565,.T.);
#1484 = ORIENTED_EDGE('',*,*,#1478,.T.);
#1485 = CYLINDRICAL_SURFACE('',#1486,1.4);
#1486 = AXIS2_PLACEMENT_3D('',#1487,#1488,#1489);
#1487 = CARTESIAN_POINT('',(-11.,-63.25899457832,6.));
#1488 = DIRECTION('',(0.,1.,0.));
#1489 = DIRECTION('',(0.,-0.,1.));
#1490 = ADVANCED_FACE('',(#1491),#1507,.T.);
#1491 = FACE_BOUND('',#1492,.T.);
#1492 = EDGE_LOOP('',(#1493,#1494,#1500,#1501));
#1493 = ORIENTED_EDGE('',*,*,#576,.T.);
#1494 = ORIENTED_EDGE('',*,*,#1495,.T.);
#1495 = EDGE_CURVE('',#579,#1040,#1496,.T.);
#1496 = LINE('',#1497,#1498);
#1497 = CARTESIAN_POINT('',(-10.5,-63.25899457832,-69.9515343603));
#1498 = VECTOR('',#1499,1.);
#1499 = DIRECTION('',(0.,1.,0.));
#1500 = ORIENTED_EDGE('',*,*,#1037,.F.);
#1501 = ORIENTED_EDGE('',*,*,#1502,.F.);
#1502 = EDGE_CURVE('',#577,#1038,#1503,.T.);
#1503 = LINE('',#1504,#1505);
#1504 = CARTESIAN_POINT('',(-6.10969312794,-63.25899457832,
    -65.56122748824));
#1505 = VECTOR('',#1506,1.);
#1506 = DIRECTION('',(0.,1.,0.));
#1507 = PLANE('',#1508);
#1508 = AXIS2_PLACEMENT_3D('',#1509,#1510,#1511);
#1509 = CARTESIAN_POINT('',(-10.5,-63.25899457832,-69.9515343603));
#1510 = DIRECTION('',(0.707106781187,0.,-0.707106781187));
#1511 = DIRECTION('',(0.707106781187,0.,0.707106781187));
#1512 = ADVANCED_FACE('',(#1513),#1524,.T.);
#1513 = FACE_BOUND('',#1514,.T.);
#1514 = EDGE_LOOP('',(#1515,#1516,#1517,#1518));
#1515 = ORIENTED_EDGE('',*,*,#634,.T.);
#1516 = ORIENTED_EDGE('',*,*,#1502,.T.);
#1517 = ORIENTED_EDGE('',*,*,#1095,.F.);
#1518 = ORIENTED_EDGE('',*,*,#1519,.F.);
#1519 = EDGE_CURVE('',#627,#1088,#1520,.T.);
#1520 = LINE('',#1521,#1522);
#1521 = CARTESIAN_POINT('',(6.10969312794,-63.25899457832,
    -65.56122748824));
#1522 = VECTOR('',#1523,1.);
#1523 = DIRECTION('',(0.,1.,0.));
#1524 = PLANE('',#1525);
#1525 = AXIS2_PLACEMENT_3D('',#1526,#1527,#1528);
#1526 = CARTESIAN_POINT('',(-6.10969312794,-63.25899457832,
    -65.56122748824));
#1527 = DIRECTION('',(0.,0.,-1.));
#1528 = DIRECTION('',(1.,0.,0.));
#1529 = ADVANCED_FACE('',(#1530),#1541,.T.);
#1530 = FACE_BOUND('',#1531,.T.);
#1531 = EDGE_LOOP('',(#1532,#1533,#1534,#1535));
#1532 = ORIENTED_EDGE('',*,*,#626,.T.);
#1533 = ORIENTED_EDGE('',*,*,#1519,.T.);
#1534 = ORIENTED_EDGE('',*,*,#1087,.F.);
#1535 = ORIENTED_EDGE('',*,*,#1536,.F.);
#1536 = EDGE_CURVE('',#619,#1080,#1537,.T.);
#1537 = LINE('',#1538,#1539);
#1538 = CARTESIAN_POINT('',(10.5,-63.25899457832,-69.9515343603));
#1539 = VECTOR('',#1540,1.);
#1540 = DIRECTION('',(0.,1.,0.));
#1541 = PLANE('',#1542);
#1542 = AXIS2_PLACEMENT_3D('',#1543,#1544,#1545);
#1543 = CARTESIAN_POINT('',(6.10969312794,-63.25899457832,
    -65.56122748824));
#1544 = DIRECTION('',(-0.707106781187,0.,-0.707106781187));
#1545 = DIRECTION('',(0.707106781187,0.,-0.707106781187));
#1546 = ADVANCED_FACE('',(#1547),#1558,.T.);
#1547 = FACE_BOUND('',#1548,.T.);
#1548 = EDGE_LOOP('',(#1549,#1550,#1551,#1552));
#1549 = ORIENTED_EDGE('',*,*,#618,.T.);
#1550 = ORIENTED_EDGE('',*,*,#1536,.T.);
#1551 = ORIENTED_EDGE('',*,*,#1079,.F.);
#1552 = ORIENTED_EDGE('',*,*,#1553,.F.);
#1553 = EDGE_CURVE('',#611,#1072,#1554,.T.);
#1554 = LINE('',#1555,#1556);
#1555 = CARTESIAN_POINT('',(10.5,-63.25899457832,-77.9515343603));
#1556 = VECTOR('',#1557,1.);
#1557 = DIRECTION('',(0.,1.,0.));
#1558 = PLANE('',#1559);
#1559 = AXIS2_PLACEMENT_3D('',#1560,#1561,#1562);
#1560 = CARTESIAN_POINT('',(10.5,-63.25899457832,-69.9515343603));
#1561 = DIRECTION('',(-1.,0.,0.));
#1562 = DIRECTION('',(0.,0.,-1.));
#1563 = ADVANCED_FACE('',(#1564),#1575,.T.);
#1564 = FACE_BOUND('',#1565,.T.);
#1565 = EDGE_LOOP('',(#1566,#1567,#1568,#1569));
#1566 = ORIENTED_EDGE('',*,*,#610,.T.);
#1567 = ORIENTED_EDGE('',*,*,#1553,.T.);
#1568 = ORIENTED_EDGE('',*,*,#1071,.F.);
#1569 = ORIENTED_EDGE('',*,*,#1570,.F.);
#1570 = EDGE_CURVE('',#603,#1064,#1571,.T.);
#1571 = LINE('',#1572,#1573);
#1572 = CARTESIAN_POINT('',(6.10969312794,-63.25899457832,
    -82.34184123236));
#1573 = VECTOR('',#1574,1.);
#1574 = DIRECTION('',(0.,1.,0.));
#1575 = PLANE('',#1576);
#1576 = AXIS2_PLACEMENT_3D('',#1577,#1578,#1579);
#1577 = CARTESIAN_POINT('',(10.5,-63.25899457832,-77.9515343603));
#1578 = DIRECTION('',(-0.707106781187,0.,0.707106781187));
#1579 = DIRECTION('',(-0.707106781187,0.,-0.707106781187));
#1580 = ADVANCED_FACE('',(#1581),#1592,.T.);
#1581 = FACE_BOUND('',#1582,.T.);
#1582 = EDGE_LOOP('',(#1583,#1584,#1585,#1586));
#1583 = ORIENTED_EDGE('',*,*,#602,.T.);
#1584 = ORIENTED_EDGE('',*,*,#1570,.T.);
#1585 = ORIENTED_EDGE('',*,*,#1063,.F.);
#1586 = ORIENTED_EDGE('',*,*,#1587,.F.);
#1587 = EDGE_CURVE('',#595,#1056,#1588,.T.);
#1588 = LINE('',#1589,#1590);
#1589 = CARTESIAN_POINT('',(-6.10969312794,-63.25899457832,
    -82.34184123236));
#1590 = VECTOR('',#1591,1.);
#1591 = DIRECTION('',(0.,1.,0.));
#1592 = PLANE('',#1593);
#1593 = AXIS2_PLACEMENT_3D('',#1594,#1595,#1596);
#1594 = CARTESIAN_POINT('',(6.10969312794,-63.25899457832,
    -82.34184123236));
#1595 = DIRECTION('',(0.,-0.,1.));
#1596 = DIRECTION('',(-1.,0.,0.));
#1597 = ADVANCED_FACE('',(#1598),#1609,.T.);
#1598 = FACE_BOUND('',#1599,.T.);
#1599 = EDGE_LOOP('',(#1600,#1601,#1602,#1603));
#1600 = ORIENTED_EDGE('',*,*,#594,.T.);
#1601 = ORIENTED_EDGE('',*,*,#1587,.T.);
#1602 = ORIENTED_EDGE('',*,*,#1055,.F.);
#1603 = ORIENTED_EDGE('',*,*,#1604,.F.);
#1604 = EDGE_CURVE('',#587,#1048,#1605,.T.);
#1605 = LINE('',#1606,#1607);
#1606 = CARTESIAN_POINT('',(-10.5,-63.25899457832,-77.9515343603));
#1607 = VECTOR('',#1608,1.);
#1608 = DIRECTION('',(0.,1.,0.));
#1609 = PLANE('',#1610);
#1610 = AXIS2_PLACEMENT_3D('',#1611,#1612,#1613);
#1611 = CARTESIAN_POINT('',(-6.10969312794,-63.25899457832,
    -82.34184123236));
#1612 = DIRECTION('',(0.707106781187,-0.,0.707106781187));
#1613 = DIRECTION('',(-0.707106781187,0.,0.707106781187));
#1614 = ADVANCED_FACE('',(#1615),#1621,.T.);
#1615 = FACE_BOUND('',#1616,.T.);
#1616 = EDGE_LOOP('',(#1617,#1618,#1619,#1620));
#1617 = ORIENTED_EDGE('',*,*,#586,.T.);
#1618 = ORIENTED_EDGE('',*,*,#1604,.T.);
#1619 = ORIENTED_EDGE('',*,*,#1047,.F.);
#1620 = ORIENTED_EDGE('',*,*,#1495,.F.);
#1621 = PLANE('',#1622);
#1622 = AXIS2_PLACEMENT_3D('',#1623,#1624,#1625);
#1623 = CARTESIAN_POINT('',(-10.5,-63.25899457832,-77.9515343603));
#1624 = DIRECTION('',(1.,0.,0.));
#1625 = DIRECTION('',(0.,0.,1.));
#1626 = ADVANCED_FACE('',(#1627),#1643,.T.);
#1627 = FACE_BOUND('',#1628,.T.);
#1628 = EDGE_LOOP('',(#1629,#1630,#1636,#1637));
#1629 = ORIENTED_EDGE('',*,*,#642,.T.);
#1630 = ORIENTED_EDGE('',*,*,#1631,.T.);
#1631 = EDGE_CURVE('',#645,#1106,#1632,.T.);
#1632 = LINE('',#1633,#1634);
#1633 = CARTESIAN_POINT('',(-10.5,-63.25899457832,-50.17092061618));
#1634 = VECTOR('',#1635,1.);
#1635 = DIRECTION('',(0.,1.,0.));
#1636 = ORIENTED_EDGE('',*,*,#1103,.F.);
#1637 = ORIENTED_EDGE('',*,*,#1638,.F.);
#1638 = EDGE_CURVE('',#643,#1104,#1639,.T.);
#1639 = LINE('',#1640,#1641);
#1640 = CARTESIAN_POINT('',(-6.10969312794,-63.25899457832,
    -45.78061374412));
#1641 = VECTOR('',#1642,1.);
#1642 = DIRECTION('',(0.,1.,0.));
#1643 = PLANE('',#1644);
#1644 = AXIS2_PLACEMENT_3D('',#1645,#1646,#1647);
#1645 = CARTESIAN_POINT('',(-10.5,-63.25899457832,-50.17092061618));
#1646 = DIRECTION('',(0.707106781187,0.,-0.707106781187));
#1647 = DIRECTION('',(0.707106781187,0.,0.707106781187));
#1648 = ADVANCED_FACE('',(#1649),#1660,.T.);
#1649 = FACE_BOUND('',#1650,.T.);
#1650 = EDGE_LOOP('',(#1651,#1652,#1653,#1654));
#1651 = ORIENTED_EDGE('',*,*,#700,.T.);
#1652 = ORIENTED_EDGE('',*,*,#1638,.T.);
#1653 = ORIENTED_EDGE('',*,*,#1161,.F.);
#1654 = ORIENTED_EDGE('',*,*,#1655,.F.);
#1655 = EDGE_CURVE('',#693,#1154,#1656,.T.);
#1656 = LINE('',#1657,#1658);
#1657 = CARTESIAN_POINT('',(6.10969312794,-63.25899457832,
    -45.78061374412));
#1658 = VECTOR('',#1659,1.);
#1659 = DIRECTION('',(0.,1.,0.));
#1660 = PLANE('',#1661);
#1661 = AXIS2_PLACEMENT_3D('',#1662,#1663,#1664);
#1662 = CARTESIAN_POINT('',(-6.10969312794,-63.25899457832,
    -45.78061374412));
#1663 = DIRECTION('',(0.,0.,-1.));
#1664 = DIRECTION('',(1.,0.,0.));
#1665 = ADVANCED_FACE('',(#1666),#1677,.T.);
#1666 = FACE_BOUND('',#1667,.T.);
#1667 = EDGE_LOOP('',(#1668,#1669,#1670,#1671));
#1668 = ORIENTED_EDGE('',*,*,#692,.T.);
#1669 = ORIENTED_EDGE('',*,*,#1655,.T.);
#1670 = ORIENTED_EDGE('',*,*,#1153,.F.);
#1671 = ORIENTED_EDGE('',*,*,#1672,.F.);
#1672 = EDGE_CURVE('',#685,#1146,#1673,.T.);
#1673 = LINE('',#1674,#1675);
#1674 = CARTESIAN_POINT('',(10.5,-63.25899457832,-50.17092061618));
#1675 = VECTOR('',#1676,1.);
#1676 = DIRECTION('',(0.,1.,0.));
#1677 = PLANE('',#1678);
#1678 = AXIS2_PLACEMENT_3D('',#1679,#1680,#1681);
#1679 = CARTESIAN_POINT('',(6.10969312794,-63.25899457832,
    -45.78061374412));
#1680 = DIRECTION('',(-0.707106781187,0.,-0.707106781187));
#1681 = DIRECTION('',(0.707106781187,0.,-0.707106781187));
#1682 = ADVANCED_FACE('',(#1683),#1694,.T.);
#1683 = FACE_BOUND('',#1684,.T.);
#1684 = EDGE_LOOP('',(#1685,#1686,#1687,#1688));
#1685 = ORIENTED_EDGE('',*,*,#684,.T.);
#1686 = ORIENTED_EDGE('',*,*,#1672,.T.);
#1687 = ORIENTED_EDGE('',*,*,#1145,.F.);
#1688 = ORIENTED_EDGE('',*,*,#1689,.F.);
#1689 = EDGE_CURVE('',#677,#1138,#1690,.T.);
#1690 = LINE('',#1691,#1692);
#1691 = CARTESIAN_POINT('',(10.5,-63.25899457832,-58.17092061618));
#1692 = VECTOR('',#1693,1.);
#1693 = DIRECTION('',(0.,1.,0.));
#1694 = PLANE('',#1695);
#1695 = AXIS2_PLACEMENT_3D('',#1696,#1697,#1698);
#1696 = CARTESIAN_POINT('',(10.5,-63.25899457832,-50.17092061618));
#1697 = DIRECTION('',(-1.,0.,0.));
#1698 = DIRECTION('',(0.,0.,-1.));
#1699 = ADVANCED_FACE('',(#1700),#1711,.T.);
#1700 = FACE_BOUND('',#1701,.T.);
#1701 = EDGE_LOOP('',(#1702,#1703,#1704,#1705));
#1702 = ORIENTED_EDGE('',*,*,#676,.T.);
#1703 = ORIENTED_EDGE('',*,*,#1689,.T.);
#1704 = ORIENTED_EDGE('',*,*,#1137,.F.);
#1705 = ORIENTED_EDGE('',*,*,#1706,.F.);
#1706 = EDGE_CURVE('',#669,#1130,#1707,.T.);
#1707 = LINE('',#1708,#1709);
#1708 = CARTESIAN_POINT('',(6.10969312794,-63.25899457832,
    -62.56122748824));
#1709 = VECTOR('',#1710,1.);
#1710 = DIRECTION('',(0.,1.,0.));
#1711 = PLANE('',#1712);
#1712 = AXIS2_PLACEMENT_3D('',#1713,#1714,#1715);
#1713 = CARTESIAN_POINT('',(10.5,-63.25899457832,-58.17092061618));
#1714 = DIRECTION('',(-0.707106781187,0.,0.707106781187));
#1715 = DIRECTION('',(-0.707106781187,0.,-0.707106781187));
#1716 = ADVANCED_FACE('',(#1717),#1728,.T.);
#1717 = FACE_BOUND('',#1718,.T.);
#1718 = EDGE_LOOP('',(#1719,#1720,#1721,#1722));
#1719 = ORIENTED_EDGE('',*,*,#668,.T.);
#1720 = ORIENTED_EDGE('',*,*,#1706,.T.);
#1721 = ORIENTED_EDGE('',*,*,#1129,.F.);
#1722 = ORIENTED_EDGE('',*,*,#1723,.F.);
#1723 = EDGE_CURVE('',#661,#1122,#1724,.T.);
#1724 = LINE('',#1725,#1726);
#1725 = CARTESIAN_POINT('',(-6.10969312794,-63.25899457832,
    -62.56122748824));
#1726 = VECTOR('',#1727,1.);
#1727 = DIRECTION('',(0.,1.,0.));
#1728 = PLANE('',#1729);
#1729 = AXIS2_PLACEMENT_3D('',#1730,#1731,#1732);
#1730 = CARTESIAN_POINT('',(6.10969312794,-63.25899457832,
    -62.56122748824));
#1731 = DIRECTION('',(0.,-0.,1.));
#1732 = DIRECTION('',(-1.,0.,0.));
#1733 = ADVANCED_FACE('',(#1734),#1745,.T.);
#1734 = FACE_BOUND('',#1735,.T.);
#1735 = EDGE_LOOP('',(#1736,#1737,#1738,#1739));
#1736 = ORIENTED_EDGE('',*,*,#660,.T.);
#1737 = ORIENTED_EDGE('',*,*,#1723,.T.);
#1738 = ORIENTED_EDGE('',*,*,#1121,.F.);
#1739 = ORIENTED_EDGE('',*,*,#1740,.F.);
#1740 = EDGE_CURVE('',#653,#1114,#1741,.T.);
#1741 = LINE('',#1742,#1743);
#1742 = CARTESIAN_POINT('',(-10.5,-63.25899457832,-58.17092061618));
#1743 = VECTOR('',#1744,1.);
#1744 = DIRECTION('',(0.,1.,0.));
#1745 = PLANE('',#1746);
#1746 = AXIS2_PLACEMENT_3D('',#1747,#1748,#1749);
#1747 = CARTESIAN_POINT('',(-6.10969312794,-63.25899457832,
    -62.56122748824));
#1748 = DIRECTION('',(0.707106781187,-0.,0.707106781187));
#1749 = DIRECTION('',(-0.707106781187,0.,0.707106781187));
#1750 = ADVANCED_FACE('',(#1751),#1757,.T.);
#1751 = FACE_BOUND('',#1752,.T.);
#1752 = EDGE_LOOP('',(#1753,#1754,#1755,#1756));
#1753 = ORIENTED_EDGE('',*,*,#652,.T.);
#1754 = ORIENTED_EDGE('',*,*,#1740,.T.);
#1755 = ORIENTED_EDGE('',*,*,#1113,.F.);
#1756 = ORIENTED_EDGE('',*,*,#1631,.F.);
#1757 = PLANE('',#1758);
#1758 = AXIS2_PLACEMENT_3D('',#1759,#1760,#1761);
#1759 = CARTESIAN_POINT('',(-10.5,-63.25899457832,-58.17092061618));
#1760 = DIRECTION('',(1.,0.,0.));
#1761 = DIRECTION('',(0.,0.,1.));
#1762 = ADVANCED_FACE('',(#1763),#1779,.T.);
#1763 = FACE_BOUND('',#1764,.T.);
#1764 = EDGE_LOOP('',(#1765,#1766,#1772,#1773));
#1765 = ORIENTED_EDGE('',*,*,#708,.T.);
#1766 = ORIENTED_EDGE('',*,*,#1767,.T.);
#1767 = EDGE_CURVE('',#711,#1172,#1768,.T.);
#1768 = LINE('',#1769,#1770);
#1769 = CARTESIAN_POINT('',(-10.5,-63.25899457832,-30.39030687206));
#1770 = VECTOR('',#1771,1.);
#1771 = DIRECTION('',(0.,1.,0.));
#1772 = ORIENTED_EDGE('',*,*,#1169,.F.);
#1773 = ORIENTED_EDGE('',*,*,#1774,.F.);
#1774 = EDGE_CURVE('',#709,#1170,#1775,.T.);
#1775 = LINE('',#1776,#1777);
#1776 = CARTESIAN_POINT('',(-6.10969312794,-63.25899457832,-26.));
#1777 = VECTOR('',#1778,1.);
#1778 = DIRECTION('',(0.,1.,0.));
#1779 = PLANE('',#1780);
#1780 = AXIS2_PLACEMENT_3D('',#1781,#1782,#1783);
#1781 = CARTESIAN_POINT('',(-10.5,-63.25899457832,-30.39030687206));
#1782 = DIRECTION('',(0.707106781187,0.,-0.707106781187));
#1783 = DIRECTION('',(0.707106781187,0.,0.707106781187));
#1784 = ADVANCED_FACE('',(#1785),#1796,.T.);
#1785 = FACE_BOUND('',#1786,.T.);
#1786 = EDGE_LOOP('',(#1787,#1788,#1789,#1790));
#1787 = ORIENTED_EDGE('',*,*,#766,.T.);
#1788 = ORIENTED_EDGE('',*,*,#1774,.T.);
#1789 = ORIENTED_EDGE('',*,*,#1227,.F.);
#1790 = ORIENTED_EDGE('',*,*,#1791,.F.);
#1791 = EDGE_CURVE('',#759,#1220,#1792,.T.);
#1792 = LINE('',#1793,#1794);
#1793 = CARTESIAN_POINT('',(6.10969312794,-63.25899457832,-26.));
#1794 = VECTOR('',#1795,1.);
#1795 = DIRECTION('',(0.,1.,0.));
#1796 = PLANE('',#1797);
#1797 = AXIS2_PLACEMENT_3D('',#1798,#1799,#1800);
#1798 = CARTESIAN_POINT('',(-6.10969312794,-63.25899457832,-26.));
#1799 = DIRECTION('',(0.,0.,-1.));
#1800 = DIRECTION('',(1.,0.,0.));
#1801 = ADVANCED_FACE('',(#1802),#1813,.T.);
#1802 = FACE_BOUND('',#1803,.T.);
#1803 = EDGE_LOOP('',(#1804,#1805,#1806,#1807));
#1804 = ORIENTED_EDGE('',*,*,#758,.T.);
#1805 = ORIENTED_EDGE('',*,*,#1791,.T.);
#1806 = ORIENTED_EDGE('',*,*,#1219,.F.);
#1807 = ORIENTED_EDGE('',*,*,#1808,.F.);
#1808 = EDGE_CURVE('',#751,#1212,#1809,.T.);
#1809 = LINE('',#1810,#1811);
#1810 = CARTESIAN_POINT('',(10.5,-63.25899457832,-30.39030687206));
#1811 = VECTOR('',#1812,1.);
#1812 = DIRECTION('',(0.,1.,0.));
#1813 = PLANE('',#1814);
#1814 = AXIS2_PLACEMENT_3D('',#1815,#1816,#1817);
#1815 = CARTESIAN_POINT('',(6.10969312794,-63.25899457832,-26.));
#1816 = DIRECTION('',(-0.707106781187,0.,-0.707106781187));
#1817 = DIRECTION('',(0.707106781187,0.,-0.707106781187));
#1818 = ADVANCED_FACE('',(#1819),#1830,.T.);
#1819 = FACE_BOUND('',#1820,.T.);
#1820 = EDGE_LOOP('',(#1821,#1822,#1823,#1824));
#1821 = ORIENTED_EDGE('',*,*,#750,.T.);
#1822 = ORIENTED_EDGE('',*,*,#1808,.T.);
#1823 = ORIENTED_EDGE('',*,*,#1211,.F.);
#1824 = ORIENTED_EDGE('',*,*,#1825,.F.);
#1825 = EDGE_CURVE('',#743,#1204,#1826,.T.);
#1826 = LINE('',#1827,#1828);
#1827 = CARTESIAN_POINT('',(10.5,-63.25899457832,-38.39030687206));
#1828 = VECTOR('',#1829,1.);
#1829 = DIRECTION('',(0.,1.,0.));
#1830 = PLANE('',#1831);
#1831 = AXIS2_PLACEMENT_3D('',#1832,#1833,#1834);
#1832 = CARTESIAN_POINT('',(10.5,-63.25899457832,-30.39030687206));
#1833 = DIRECTION('',(-1.,0.,0.));
#1834 = DIRECTION('',(0.,0.,-1.));
#1835 = ADVANCED_FACE('',(#1836),#1847,.T.);
#1836 = FACE_BOUND('',#1837,.T.);
#1837 = EDGE_LOOP('',(#1838,#1839,#1840,#1841));
#1838 = ORIENTED_EDGE('',*,*,#742,.T.);
#1839 = ORIENTED_EDGE('',*,*,#1825,.T.);
#1840 = ORIENTED_EDGE('',*,*,#1203,.F.);
#1841 = ORIENTED_EDGE('',*,*,#1842,.F.);
#1842 = EDGE_CURVE('',#735,#1196,#1843,.T.);
#1843 = LINE('',#1844,#1845);
#1844 = CARTESIAN_POINT('',(6.10969312794,-63.25899457832,
    -42.78061374412));
#1845 = VECTOR('',#1846,1.);
#1846 = DIRECTION('',(0.,1.,0.));
#1847 = PLANE('',#1848);
#1848 = AXIS2_PLACEMENT_3D('',#1849,#1850,#1851);
#1849 = CARTESIAN_POINT('',(10.5,-63.25899457832,-38.39030687206));
#1850 = DIRECTION('',(-0.707106781187,0.,0.707106781187));
#1851 = DIRECTION('',(-0.707106781187,0.,-0.707106781187));
#1852 = ADVANCED_FACE('',(#1853),#1864,.T.);
#1853 = FACE_BOUND('',#1854,.T.);
#1854 = EDGE_LOOP('',(#1855,#1856,#1857,#1858));
#1855 = ORIENTED_EDGE('',*,*,#734,.T.);
#1856 = ORIENTED_EDGE('',*,*,#1842,.T.);
#1857 = ORIENTED_EDGE('',*,*,#1195,.F.);
#1858 = ORIENTED_EDGE('',*,*,#1859,.F.);
#1859 = EDGE_CURVE('',#727,#1188,#1860,.T.);
#1860 = LINE('',#1861,#1862);
#1861 = CARTESIAN_POINT('',(-6.10969312794,-63.25899457832,
    -42.78061374412));
#1862 = VECTOR('',#1863,1.);
#1863 = DIRECTION('',(0.,1.,0.));
#1864 = PLANE('',#1865);
#1865 = AXIS2_PLACEMENT_3D('',#1866,#1867,#1868);
#1866 = CARTESIAN_POINT('',(6.10969312794,-63.25899457832,
    -42.78061374412));
#1867 = DIRECTION('',(0.,-0.,1.));
#1868 = DIRECTION('',(-1.,0.,0.));
#1869 = ADVANCED_FACE('',(#1870),#1881,.T.);
#1870 = FACE_BOUND('',#1871,.T.);
#1871 = EDGE_LOOP('',(#1872,#1873,#1874,#1875));
#1872 = ORIENTED_EDGE('',*,*,#726,.T.);
#1873 = ORIENTED_EDGE('',*,*,#1859,.T.);
#1874 = ORIENTED_EDGE('',*,*,#1187,.F.);
#1875 = ORIENTED_EDGE('',*,*,#1876,.F.);
#1876 = EDGE_CURVE('',#719,#1180,#1877,.T.);
#1877 = LINE('',#1878,#1879);
#1878 = CARTESIAN_POINT('',(-10.5,-63.25899457832,-38.39030687206));
#1879 = VECTOR('',#1880,1.);
#1880 = DIRECTION('',(0.,1.,0.));
#1881 = PLANE('',#1882);
#1882 = AXIS2_PLACEMENT_3D('',#1883,#1884,#1885);
#1883 = CARTESIAN_POINT('',(-6.10969312794,-63.25899457832,
    -42.78061374412));
#1884 = DIRECTION('',(0.707106781187,-0.,0.707106781187));
#1885 = DIRECTION('',(-0.707106781187,0.,0.707106781187));
#1886 = ADVANCED_FACE('',(#1887),#1893,.T.);
#1887 = FACE_BOUND('',#1888,.T.);
#1888 = EDGE_LOOP('',(#1889,#1890,#1891,#1892));
#1889 = ORIENTED_EDGE('',*,*,#718,.T.);
#1890 = ORIENTED_EDGE('',*,*,#1876,.T.);
#1891 = ORIENTED_EDGE('',*,*,#1179,.F.);
#1892 = ORIENTED_EDGE('',*,*,#1767,.F.);
#1893 = PLANE('',#1894);
#1894 = AXIS2_PLACEMENT_3D('',#1895,#1896,#1897);
#1895 = CARTESIAN_POINT('',(-10.5,-63.25899457832,-38.39030687206));
#1896 = DIRECTION('',(1.,0.,0.));
#1897 = DIRECTION('',(0.,0.,1.));
#1898 = ADVANCED_FACE('',(#1899),#1918,.F.);
#1899 = FACE_BOUND('',#1900,.F.);
#1900 = EDGE_LOOP('',(#1901,#1902,#1910,#1917));
#1901 = ORIENTED_EDGE('',*,*,#774,.F.);
#1902 = ORIENTED_EDGE('',*,*,#1903,.F.);
#1903 = EDGE_CURVE('',#1904,#775,#1906,.T.);
#1904 = VERTEX_POINT('',#1905);
#1905 = CARTESIAN_POINT('',(-1.243016501135E-15,-58.25899457832,-5.075)
  );
#1906 = LINE('',#1907,#1908);
#1907 = CARTESIAN_POINT('',(-1.243016501135E-15,-58.25899457832,-5.075)
  );
#1908 = VECTOR('',#1909,1.);
#1909 = DIRECTION('',(0.,-1.,0.));
#1910 = ORIENTED_EDGE('',*,*,#1911,.T.);
#1911 = EDGE_CURVE('',#1904,#1904,#1912,.T.);
#1912 = CIRCLE('',#1913,5.075);
#1913 = AXIS2_PLACEMENT_3D('',#1914,#1915,#1916);
#1914 = CARTESIAN_POINT('',(0.,-58.25899457832,0.));
#1915 = DIRECTION('',(0.,-1.,0.));
#1916 = DIRECTION('',(0.,-0.,-1.));
#1917 = ORIENTED_EDGE('',*,*,#1903,.T.);
#1918 = CYLINDRICAL_SURFACE('',#1919,5.075);
#1919 = AXIS2_PLACEMENT_3D('',#1920,#1921,#1922);
#1920 = CARTESIAN_POINT('',(0.,-58.25899457832,0.));
#1921 = DIRECTION('',(0.,-1.,0.));
#1922 = DIRECTION('',(0.,-0.,-1.));
#1923 = ADVANCED_FACE('',(#1924),#1935,.F.);
#1924 = FACE_BOUND('',#1925,.F.);
#1925 = EDGE_LOOP('',(#1926,#1927,#1933,#1934));
#1926 = ORIENTED_EDGE('',*,*,#1246,.F.);
#1927 = ORIENTED_EDGE('',*,*,#1928,.F.);
#1928 = EDGE_CURVE('',#786,#1247,#1929,.T.);
#1929 = LINE('',#1930,#1931);
#1930 = CARTESIAN_POINT('',(11.,-63.25899457832,-10.6));
#1931 = VECTOR('',#1932,1.);
#1932 = DIRECTION('',(0.,1.,0.));
#1933 = ORIENTED_EDGE('',*,*,#785,.T.);
#1934 = ORIENTED_EDGE('',*,*,#1928,.T.);
#1935 = CYLINDRICAL_SURFACE('',#1936,1.4);
#1936 = AXIS2_PLACEMENT_3D('',#1937,#1938,#1939);
#1937 = CARTESIAN_POINT('',(11.,-63.25899457832,-12.));
#1938 = DIRECTION('',(0.,1.,0.));
#1939 = DIRECTION('',(0.,-0.,1.));
#1940 = ADVANCED_FACE('',(#1941),#1952,.F.);
#1941 = FACE_BOUND('',#1942,.F.);
#1942 = EDGE_LOOP('',(#1943,#1944,#1950,#1951));
#1943 = ORIENTED_EDGE('',*,*,#1257,.F.);
#1944 = ORIENTED_EDGE('',*,*,#1945,.F.);
#1945 = EDGE_CURVE('',#797,#1258,#1946,.T.);
#1946 = LINE('',#1947,#1948);
#1947 = CARTESIAN_POINT('',(11.,-63.25899457832,7.4));
#1948 = VECTOR('',#1949,1.);
#1949 = DIRECTION('',(0.,1.,0.));
#1950 = ORIENTED_EDGE('',*,*,#796,.T.);
#1951 = ORIENTED_EDGE('',*,*,#1945,.T.);
#1952 = CYLINDRICAL_SURFACE('',#1953,1.4);
#1953 = AXIS2_PLACEMENT_3D('',#1954,#1955,#1956);
#1954 = CARTESIAN_POINT('',(11.,-63.25899457832,6.));
#1955 = DIRECTION('',(0.,1.,0.));
#1956 = DIRECTION('',(0.,-0.,1.));
#1957 = ADVANCED_FACE('',(#1958),#1977,.F.);
#1958 = FACE_BOUND('',#1959,.F.);
#1959 = EDGE_LOOP('',(#1960,#1968,#1975,#1976));
#1960 = ORIENTED_EDGE('',*,*,#1961,.T.);
#1961 = EDGE_CURVE('',#1236,#1962,#1964,.T.);
#1962 = VERTEX_POINT('',#1963);
#1963 = CARTESIAN_POINT('',(-7.960204194458E-16,-58.25899457832,-3.25));
#1964 = LINE('',#1965,#1966);
#1965 = CARTESIAN_POINT('',(-7.960204194458E-16,-54.85899457832,-3.25));
#1966 = VECTOR('',#1967,1.);
#1967 = DIRECTION('',(0.,-1.,0.));
#1968 = ORIENTED_EDGE('',*,*,#1969,.F.);
#1969 = EDGE_CURVE('',#1962,#1962,#1970,.T.);
#1970 = CIRCLE('',#1971,3.25);
#1971 = AXIS2_PLACEMENT_3D('',#1972,#1973,#1974);
#1972 = CARTESIAN_POINT('',(0.,-58.25899457832,0.));
#1973 = DIRECTION('',(0.,-1.,0.));
#1974 = DIRECTION('',(0.,-0.,-1.));
#1975 = ORIENTED_EDGE('',*,*,#1961,.F.);
#1976 = ORIENTED_EDGE('',*,*,#1235,.T.);
#1977 = CYLINDRICAL_SURFACE('',#1978,3.25);
#1978 = AXIS2_PLACEMENT_3D('',#1979,#1980,#1981);
#1979 = CARTESIAN_POINT('',(0.,-54.85899457832,0.));
#1980 = DIRECTION('',(0.,-1.,0.));
#1981 = DIRECTION('',(0.,-0.,-1.));
#1982 = ADVANCED_FACE('',(#1983,#2008,#2053,#2119,#2185,#2230),#2382,.F.
  );
#1983 = FACE_BOUND('',#1984,.F.);
#1984 = EDGE_LOOP('',(#1985,#1986,#1994,#2002));
#1985 = ORIENTED_EDGE('',*,*,#1291,.T.);
#1986 = ORIENTED_EDGE('',*,*,#1987,.T.);
#1987 = EDGE_CURVE('',#1275,#1988,#1990,.T.);
#1988 = VERTEX_POINT('',#1989);
#1989 = CARTESIAN_POINT('',(-16.,75.058994578326,19.5));
#1990 = LINE('',#1991,#1992);
#1991 = CARTESIAN_POINT('',(-16.,75.058994578326,-92.34184123236));
#1992 = VECTOR('',#1993,1.);
#1993 = DIRECTION('',(0.,0.,1.));
#1994 = ORIENTED_EDGE('',*,*,#1995,.T.);
#1995 = EDGE_CURVE('',#1988,#1996,#1998,.T.);
#1996 = VERTEX_POINT('',#1997);
#1997 = CARTESIAN_POINT('',(16.,75.058994578326,19.5));
#1998 = LINE('',#1999,#2000);
#1999 = CARTESIAN_POINT('',(-16.,75.058994578326,19.5));
#2000 = VECTOR('',#2001,1.);
#2001 = DIRECTION('',(1.,0.,-0.));
#2002 = ORIENTED_EDGE('',*,*,#2003,.F.);
#2003 = EDGE_CURVE('',#1284,#1996,#2004,.T.);
#2004 = LINE('',#2005,#2006);
#2005 = CARTESIAN_POINT('',(16.,75.058994578326,-92.34184123236));
#2006 = VECTOR('',#2007,1.);
#2007 = DIRECTION('',(0.,0.,1.));
#2008 = FACE_BOUND('',#2009,.F.);
#2009 = EDGE_LOOP('',(#2010,#2021,#2030,#2038,#2047));
#2010 = ORIENTED_EDGE('',*,*,#2011,.T.);
#2011 = EDGE_CURVE('',#2012,#2014,#2016,.T.);
#2012 = VERTEX_POINT('',#2013);
#2013 = CARTESIAN_POINT('',(-3.675,75.058994578326,-34.95));
#2014 = VERTEX_POINT('',#2015);
#2015 = CARTESIAN_POINT('',(-4.875,75.058994578326,-33.75));
#2016 = CIRCLE('',#2017,1.2);
#2017 = AXIS2_PLACEMENT_3D('',#2018,#2019,#2020);
#2018 = CARTESIAN_POINT('',(-4.875,75.058994578326,-34.95));
#2019 = DIRECTION('',(0.,-1.,0.));
#2020 = DIRECTION('',(0.,0.,1.));
#2021 = ORIENTED_EDGE('',*,*,#2022,.T.);
#2022 = EDGE_CURVE('',#2014,#2023,#2025,.T.);
#2023 = VERTEX_POINT('',#2024);
#2024 = CARTESIAN_POINT('',(-6.075,75.058994578326,-34.95));
#2025 = CIRCLE('',#2026,1.2);
#2026 = AXIS2_PLACEMENT_3D('',#2027,#2028,#2029);
#2027 = CARTESIAN_POINT('',(-4.875,75.058994578326,-34.95));
#2028 = DIRECTION('',(0.,-1.,0.));
#2029 = DIRECTION('',(0.,0.,1.));
#2030 = ORIENTED_EDGE('',*,*,#2031,.F.);
#2031 = EDGE_CURVE('',#2032,#2023,#2034,.T.);
#2032 = VERTEX_POINT('',#2033);
#2033 = CARTESIAN_POINT('',(-6.075,75.058994578326,-35.15));
#2034 = LINE('',#2035,#2036);
#2035 = CARTESIAN_POINT('',(-6.075,75.058994578326,-63.74592061618));
#2036 = VECTOR('',#2037,1.);
#2037 = DIRECTION('',(0.,0.,1.));
#2038 = ORIENTED_EDGE('',*,*,#2039,.T.);
#2039 = EDGE_CURVE('',#2032,#2040,#2042,.T.);
#2040 = VERTEX_POINT('',#2041);
#2041 = CARTESIAN_POINT('',(-3.675,75.058994578326,-35.15));
#2042 = CIRCLE('',#2043,1.2);
#2043 = AXIS2_PLACEMENT_3D('',#2044,#2045,#2046);
#2044 = CARTESIAN_POINT('',(-4.875,75.058994578326,-35.15));
#2045 = DIRECTION('',(0.,-1.,0.));
#2046 = DIRECTION('',(0.,0.,1.));
#2047 = ORIENTED_EDGE('',*,*,#2048,.T.);
#2048 = EDGE_CURVE('',#2040,#2012,#2049,.T.);
#2049 = LINE('',#2050,#2051);
#2050 = CARTESIAN_POINT('',(-3.675,75.058994578326,-63.74592061618));
#2051 = VECTOR('',#2052,1.);
#2052 = DIRECTION('',(0.,0.,1.));
#2053 = FACE_BOUND('',#2054,.F.);
#2054 = EDGE_LOOP('',(#2055,#2065,#2073,#2081,#2089,#2097,#2105,#2113));
#2055 = ORIENTED_EDGE('',*,*,#2056,.T.);
#2056 = EDGE_CURVE('',#2057,#2059,#2061,.T.);
#2057 = VERTEX_POINT('',#2058);
#2058 = CARTESIAN_POINT('',(-5.91453969191,75.058994578326,
    -65.17092061618));
#2059 = VERTEX_POINT('',#2060);
#2060 = CARTESIAN_POINT('',(-10.5,75.058994578326,-69.75638092427));
#2061 = LINE('',#2062,#2063);
#2062 = CARTESIAN_POINT('',(-17.52136507702,75.058994578326,
    -76.77774600129));
#2063 = VECTOR('',#2064,1.);
#2064 = DIRECTION('',(-0.707106781187,0.,-0.707106781187));
#2065 = ORIENTED_EDGE('',*,*,#2066,.T.);
#2066 = EDGE_CURVE('',#2059,#2067,#2069,.T.);
#2067 = VERTEX_POINT('',#2068);
#2068 = CARTESIAN_POINT('',(-10.5,75.058994578326,-77.75638092427));
#2069 = LINE('',#2070,#2071);
#2070 = CARTESIAN_POINT('',(-10.5,75.058994578326,-85.04911107831));
#2071 = VECTOR('',#2072,1.);
#2072 = DIRECTION('',(0.,0.,-1.));
#2073 = ORIENTED_EDGE('',*,*,#2074,.T.);
#2074 = EDGE_CURVE('',#2067,#2075,#2077,.T.);
#2075 = VERTEX_POINT('',#2076);
#2076 = CARTESIAN_POINT('',(-5.91453969191,75.058994578326,
    -82.34184123236));
#2077 = LINE('',#2078,#2079);
#2078 = CARTESIAN_POINT('',(-5.935904768932,75.058994578326,
    -82.32047615533));
#2079 = VECTOR('',#2080,1.);
#2080 = DIRECTION('',(0.707106781187,0.,-0.707106781187));
#2081 = ORIENTED_EDGE('',*,*,#2082,.T.);
#2082 = EDGE_CURVE('',#2075,#2083,#2085,.T.);
#2083 = VERTEX_POINT('',#2084);
#2084 = CARTESIAN_POINT('',(5.91453969191,75.058994578326,
    -82.34184123236));
#2085 = LINE('',#2086,#2087);
#2086 = CARTESIAN_POINT('',(-5.042730154045,75.058994578326,
    -82.34184123236));
#2087 = VECTOR('',#2088,1.);
#2088 = DIRECTION('',(1.,0.,0.));
#2089 = ORIENTED_EDGE('',*,*,#2090,.T.);
#2090 = EDGE_CURVE('',#2083,#2091,#2093,.T.);
#2091 = VERTEX_POINT('',#2092);
#2092 = CARTESIAN_POINT('',(10.5,75.058994578326,-77.75638092427));
#2093 = LINE('',#2094,#2095);
#2094 = CARTESIAN_POINT('',(0.228634922977,75.058994578326,
    -88.02774600129));
#2095 = VECTOR('',#2096,1.);
#2096 = DIRECTION('',(0.707106781187,0.,0.707106781187));
#2097 = ORIENTED_EDGE('',*,*,#2098,.T.);
#2098 = EDGE_CURVE('',#2091,#2099,#2101,.T.);
#2099 = VERTEX_POINT('',#2100);
#2100 = CARTESIAN_POINT('',(10.5,75.058994578326,-69.75638092427));
#2101 = LINE('',#2102,#2103);
#2102 = CARTESIAN_POINT('',(10.5,75.058994578326,-81.04911107831));
#2103 = VECTOR('',#2104,1.);
#2104 = DIRECTION('',(0.,0.,1.));
#2105 = ORIENTED_EDGE('',*,*,#2106,.T.);
#2106 = EDGE_CURVE('',#2099,#2107,#2109,.T.);
#2107 = VERTEX_POINT('',#2108);
#2108 = CARTESIAN_POINT('',(5.91453969191,75.058994578326,
    -65.17092061618));
#2109 = LINE('',#2110,#2111);
#2110 = CARTESIAN_POINT('',(7.228634922977,75.058994578326,
    -66.48501584724));
#2111 = VECTOR('',#2112,1.);
#2112 = DIRECTION('',(-0.707106781187,-0.,0.707106781187));
#2113 = ORIENTED_EDGE('',*,*,#2114,.T.);
#2114 = EDGE_CURVE('',#2107,#2057,#2115,.T.);
#2115 = LINE('',#2116,#2117);
#2116 = CARTESIAN_POINT('',(-10.95726984595,75.058994578326,
    -65.17092061618));
#2117 = VECTOR('',#2118,1.);
#2118 = DIRECTION('',(-1.,0.,-0.));
#2119 = FACE_BOUND('',#2120,.F.);
#2120 = EDGE_LOOP('',(#2121,#2131,#2139,#2147,#2155,#2163,#2171,#2179));
#2121 = ORIENTED_EDGE('',*,*,#2122,.T.);
#2122 = EDGE_CURVE('',#2123,#2125,#2127,.T.);
#2123 = VERTEX_POINT('',#2124);
#2124 = CARTESIAN_POINT('',(-5.91453969191,75.058994578326,-45.));
#2125 = VERTEX_POINT('',#2126);
#2126 = CARTESIAN_POINT('',(-10.5,75.058994578326,-49.58546030809));
#2127 = LINE('',#2128,#2129);
#2128 = CARTESIAN_POINT('',(-22.56409523106,75.058994578326,
    -61.64955553915));
#2129 = VECTOR('',#2130,1.);
#2130 = DIRECTION('',(-0.707106781187,0.,-0.707106781187));
#2131 = ORIENTED_EDGE('',*,*,#2132,.T.);
#2132 = EDGE_CURVE('',#2125,#2133,#2135,.T.);
#2133 = VERTEX_POINT('',#2134);
#2134 = CARTESIAN_POINT('',(-10.5,75.058994578326,-57.58546030809));
#2135 = LINE('',#2136,#2137);
#2136 = CARTESIAN_POINT('',(-10.5,75.058994578326,-74.96365077022));
#2137 = VECTOR('',#2138,1.);
#2138 = DIRECTION('',(0.,0.,-1.));
#2139 = ORIENTED_EDGE('',*,*,#2140,.T.);
#2140 = EDGE_CURVE('',#2133,#2141,#2143,.T.);
#2141 = VERTEX_POINT('',#2142);
#2142 = CARTESIAN_POINT('',(-5.91453969191,75.058994578326,
    -62.17092061618));
#2143 = LINE('',#2144,#2145);
#2144 = CARTESIAN_POINT('',(-0.893174614887,75.058994578326,
    -67.1922856932));
#2145 = VECTOR('',#2146,1.);
#2146 = DIRECTION('',(0.707106781187,0.,-0.707106781187));
#2147 = ORIENTED_EDGE('',*,*,#2148,.T.);
#2148 = EDGE_CURVE('',#2141,#2149,#2151,.T.);
#2149 = VERTEX_POINT('',#2150);
#2150 = CARTESIAN_POINT('',(5.91453969191,75.058994578326,
    -62.17092061618));
#2151 = LINE('',#2152,#2153);
#2152 = CARTESIAN_POINT('',(-5.042730154045,75.058994578326,
    -62.17092061618));
#2153 = VECTOR('',#2154,1.);
#2154 = DIRECTION('',(1.,0.,0.));
#2155 = ORIENTED_EDGE('',*,*,#2156,.T.);
#2156 = EDGE_CURVE('',#2149,#2157,#2159,.T.);
#2157 = VERTEX_POINT('',#2158);
#2158 = CARTESIAN_POINT('',(10.5,75.058994578326,-57.58546030809));
#2159 = LINE('',#2160,#2161);
#2160 = CARTESIAN_POINT('',(-4.814095231068,75.058994578326,
    -72.89955553915));
#2161 = VECTOR('',#2162,1.);
#2162 = DIRECTION('',(0.707106781187,0.,0.707106781187));
#2163 = ORIENTED_EDGE('',*,*,#2164,.T.);
#2164 = EDGE_CURVE('',#2157,#2165,#2167,.T.);
#2165 = VERTEX_POINT('',#2166);
#2166 = CARTESIAN_POINT('',(10.5,75.058994578326,-49.58546030809));
#2167 = LINE('',#2168,#2169);
#2168 = CARTESIAN_POINT('',(10.5,75.058994578326,-70.96365077022));
#2169 = VECTOR('',#2170,1.);
#2170 = DIRECTION('',(0.,0.,1.));
#2171 = ORIENTED_EDGE('',*,*,#2172,.T.);
#2172 = EDGE_CURVE('',#2165,#2173,#2175,.T.);
#2173 = VERTEX_POINT('',#2174);
#2174 = CARTESIAN_POINT('',(5.91453969191,75.058994578326,-45.));
#2175 = LINE('',#2176,#2177);
#2176 = CARTESIAN_POINT('',(12.271365077023,75.058994578326,
    -51.35682538511));
#2177 = VECTOR('',#2178,1.);
#2178 = DIRECTION('',(-0.707106781187,-0.,0.707106781187));
#2179 = ORIENTED_EDGE('',*,*,#2180,.T.);
#2180 = EDGE_CURVE('',#2173,#2123,#2181,.T.);
#2181 = LINE('',#2182,#2183);
#2182 = CARTESIAN_POINT('',(-10.95726984595,75.058994578326,-45.));
#2183 = VECTOR('',#2184,1.);
#2184 = DIRECTION('',(-1.,0.,-0.));
#2185 = FACE_BOUND('',#2186,.F.);
#2186 = EDGE_LOOP('',(#2187,#2198,#2207,#2215,#2224));
#2187 = ORIENTED_EDGE('',*,*,#2188,.T.);
#2188 = EDGE_CURVE('',#2189,#2191,#2193,.T.);
#2189 = VERTEX_POINT('',#2190);
#2190 = CARTESIAN_POINT('',(6.075,75.058994578326,-34.95));
#2191 = VERTEX_POINT('',#2192);
#2192 = CARTESIAN_POINT('',(4.875,75.058994578326,-33.75));
#2193 = CIRCLE('',#2194,1.2);
#2194 = AXIS2_PLACEMENT_3D('',#2195,#2196,#2197);
#2195 = CARTESIAN_POINT('',(4.875,75.058994578326,-34.95));
#2196 = DIRECTION('',(0.,-1.,0.));
#2197 = DIRECTION('',(0.,0.,1.));
#2198 = ORIENTED_EDGE('',*,*,#2199,.T.);
#2199 = EDGE_CURVE('',#2191,#2200,#2202,.T.);
#2200 = VERTEX_POINT('',#2201);
#2201 = CARTESIAN_POINT('',(3.675,75.058994578326,-34.95));
#2202 = CIRCLE('',#2203,1.2);
#2203 = AXIS2_PLACEMENT_3D('',#2204,#2205,#2206);
#2204 = CARTESIAN_POINT('',(4.875,75.058994578326,-34.95));
#2205 = DIRECTION('',(0.,-1.,0.));
#2206 = DIRECTION('',(0.,0.,1.));
#2207 = ORIENTED_EDGE('',*,*,#2208,.F.);
#2208 = EDGE_CURVE('',#2209,#2200,#2211,.T.);
#2209 = VERTEX_POINT('',#2210);
#2210 = CARTESIAN_POINT('',(3.675,75.058994578326,-35.15));
#2211 = LINE('',#2212,#2213);
#2212 = CARTESIAN_POINT('',(3.675,75.058994578326,-63.74592061618));
#2213 = VECTOR('',#2214,1.);
#2214 = DIRECTION('',(0.,0.,1.));
#2215 = ORIENTED_EDGE('',*,*,#2216,.T.);
#2216 = EDGE_CURVE('',#2209,#2217,#2219,.T.);
#2217 = VERTEX_POINT('',#2218);
#2218 = CARTESIAN_POINT('',(6.075,75.058994578326,-35.15));
#2219 = CIRCLE('',#2220,1.2);
#2220 = AXIS2_PLACEMENT_3D('',#2221,#2222,#2223);
#2221 = CARTESIAN_POINT('',(4.875,75.058994578326,-35.15));
#2222 = DIRECTION('',(0.,-1.,0.));
#2223 = DIRECTION('',(0.,0.,1.));
#2224 = ORIENTED_EDGE('',*,*,#2225,.T.);
#2225 = EDGE_CURVE('',#2217,#2189,#2226,.T.);
#2226 = LINE('',#2227,#2228);
#2227 = CARTESIAN_POINT('',(6.075,75.058994578326,-63.74592061618));
#2228 = VECTOR('',#2229,1.);
#2229 = DIRECTION('',(0.,0.,1.));
#2230 = FACE_BOUND('',#2231,.F.);
#2231 = EDGE_LOOP('',(#2232,#2242,#2250,#2258,#2266,#2274,#2283,#2291,
    #2300,#2309,#2317,#2325,#2333,#2342,#2351,#2359,#2368,#2376));
#2232 = ORIENTED_EDGE('',*,*,#2233,.T.);
#2233 = EDGE_CURVE('',#2234,#2236,#2238,.T.);
#2234 = VERTEX_POINT('',#2235);
#2235 = CARTESIAN_POINT('',(-11.65,75.058994578326,10.9));
#2236 = VERTEX_POINT('',#2237);
#2237 = CARTESIAN_POINT('',(-11.65,75.058994578326,-32.4));
#2238 = LINE('',#2239,#2240);
#2239 = CARTESIAN_POINT('',(-11.65,75.058994578326,10.9));
#2240 = VECTOR('',#2241,1.);
#2241 = DIRECTION('',(0.,0.,-1.));
#2242 = ORIENTED_EDGE('',*,*,#2243,.T.);
#2243 = EDGE_CURVE('',#2236,#2244,#2246,.T.);
#2244 = VERTEX_POINT('',#2245);
#2245 = CARTESIAN_POINT('',(11.65,75.058994578326,-32.4));
#2246 = LINE('',#2247,#2248);
#2247 = CARTESIAN_POINT('',(-11.65,75.058994578326,-32.4));
#2248 = VECTOR('',#2249,1.);
#2249 = DIRECTION('',(1.,0.,0.));
#2250 = ORIENTED_EDGE('',*,*,#2251,.T.);
#2251 = EDGE_CURVE('',#2244,#2252,#2254,.T.);
#2252 = VERTEX_POINT('',#2253);
#2253 = CARTESIAN_POINT('',(11.65,75.058994578326,10.9));
#2254 = LINE('',#2255,#2256);
#2255 = CARTESIAN_POINT('',(11.65,75.058994578326,-32.4));
#2256 = VECTOR('',#2257,1.);
#2257 = DIRECTION('',(0.,0.,1.));
#2258 = ORIENTED_EDGE('',*,*,#2259,.T.);
#2259 = EDGE_CURVE('',#2252,#2260,#2262,.T.);
#2260 = VERTEX_POINT('',#2261);
#2261 = CARTESIAN_POINT('',(4.,75.058994578326,10.9));
#2262 = LINE('',#2263,#2264);
#2263 = CARTESIAN_POINT('',(11.65,75.058994578326,10.9));
#2264 = VECTOR('',#2265,1.);
#2265 = DIRECTION('',(-1.,0.,0.));
#2266 = ORIENTED_EDGE('',*,*,#2267,.T.);
#2267 = EDGE_CURVE('',#2260,#2268,#2270,.T.);
#2268 = VERTEX_POINT('',#2269);
#2269 = CARTESIAN_POINT('',(4.,75.058994578326,12.628796614717));
#2270 = LINE('',#2271,#2272);
#2271 = CARTESIAN_POINT('',(4.,75.058994578326,-41.22592061618));
#2272 = VECTOR('',#2273,1.);
#2273 = DIRECTION('',(0.,0.,1.));
#2274 = ORIENTED_EDGE('',*,*,#2275,.T.);
#2275 = EDGE_CURVE('',#2268,#2276,#2278,.T.);
#2276 = VERTEX_POINT('',#2277);
#2277 = CARTESIAN_POINT('',(6.075,75.058994578326,13.45));
#2278 = CIRCLE('',#2279,1.2);
#2279 = AXIS2_PLACEMENT_3D('',#2280,#2281,#2282);
#2280 = CARTESIAN_POINT('',(4.875,75.058994578326,13.45));
#2281 = DIRECTION('',(0.,-1.,0.));
#2282 = DIRECTION('',(0.,0.,1.));
#2283 = ORIENTED_EDGE('',*,*,#2284,.T.);
#2284 = EDGE_CURVE('',#2276,#2285,#2287,.T.);
#2285 = VERTEX_POINT('',#2286);
#2286 = CARTESIAN_POINT('',(6.075,75.058994578326,13.65));
#2287 = LINE('',#2288,#2289);
#2288 = CARTESIAN_POINT('',(6.075,75.058994578326,-39.44592061618));
#2289 = VECTOR('',#2290,1.);
#2290 = DIRECTION('',(0.,0.,1.));
#2291 = ORIENTED_EDGE('',*,*,#2292,.T.);
#2292 = EDGE_CURVE('',#2285,#2293,#2295,.T.);
#2293 = VERTEX_POINT('',#2294);
#2294 = CARTESIAN_POINT('',(4.875,75.058994578326,14.85));
#2295 = CIRCLE('',#2296,1.2);
#2296 = AXIS2_PLACEMENT_3D('',#2297,#2298,#2299);
#2297 = CARTESIAN_POINT('',(4.875,75.058994578326,13.65));
#2298 = DIRECTION('',(0.,-1.,0.));
#2299 = DIRECTION('',(0.,0.,1.));
#2300 = ORIENTED_EDGE('',*,*,#2301,.T.);
#2301 = EDGE_CURVE('',#2293,#2302,#2304,.T.);
#2302 = VERTEX_POINT('',#2303);
#2303 = CARTESIAN_POINT('',(4.,75.058994578326,14.471203385283));
#2304 = CIRCLE('',#2305,1.2);
#2305 = AXIS2_PLACEMENT_3D('',#2306,#2307,#2308);
#2306 = CARTESIAN_POINT('',(4.875,75.058994578326,13.65));
#2307 = DIRECTION('',(0.,-1.,0.));
#2308 = DIRECTION('',(0.,0.,1.));
#2309 = ORIENTED_EDGE('',*,*,#2310,.T.);
#2310 = EDGE_CURVE('',#2302,#2311,#2313,.T.);
#2311 = VERTEX_POINT('',#2312);
#2312 = CARTESIAN_POINT('',(4.,75.058994578326,16.5));
#2313 = LINE('',#2314,#2315);
#2314 = CARTESIAN_POINT('',(4.,75.058994578326,-41.22592061618));
#2315 = VECTOR('',#2316,1.);
#2316 = DIRECTION('',(0.,0.,1.));
#2317 = ORIENTED_EDGE('',*,*,#2318,.F.);
#2318 = EDGE_CURVE('',#2319,#2311,#2321,.T.);
#2319 = VERTEX_POINT('',#2320);
#2320 = CARTESIAN_POINT('',(-4.,75.058994578326,16.5));
#2321 = LINE('',#2322,#2323);
#2322 = CARTESIAN_POINT('',(-6.,75.058994578326,16.5));
#2323 = VECTOR('',#2324,1.);
#2324 = DIRECTION('',(1.,0.,-0.));
#2325 = ORIENTED_EDGE('',*,*,#2326,.F.);
#2326 = EDGE_CURVE('',#2327,#2319,#2329,.T.);
#2327 = VERTEX_POINT('',#2328);
#2328 = CARTESIAN_POINT('',(-4.,75.058994578326,14.471203385283));
#2329 = LINE('',#2330,#2331);
#2330 = CARTESIAN_POINT('',(-4.,75.058994578326,-41.22592061618));
#2331 = VECTOR('',#2332,1.);
#2332 = DIRECTION('',(0.,0.,1.));
#2333 = ORIENTED_EDGE('',*,*,#2334,.T.);
#2334 = EDGE_CURVE('',#2327,#2335,#2337,.T.);
#2335 = VERTEX_POINT('',#2336);
#2336 = CARTESIAN_POINT('',(-4.875,75.058994578326,14.85));
#2337 = CIRCLE('',#2338,1.2);
#2338 = AXIS2_PLACEMENT_3D('',#2339,#2340,#2341);
#2339 = CARTESIAN_POINT('',(-4.875,75.058994578326,13.65));
#2340 = DIRECTION('',(0.,-1.,0.));
#2341 = DIRECTION('',(0.,0.,1.));
#2342 = ORIENTED_EDGE('',*,*,#2343,.T.);
#2343 = EDGE_CURVE('',#2335,#2344,#2346,.T.);
#2344 = VERTEX_POINT('',#2345);
#2345 = CARTESIAN_POINT('',(-6.075,75.058994578326,13.65));
#2346 = CIRCLE('',#2347,1.2);
#2347 = AXIS2_PLACEMENT_3D('',#2348,#2349,#2350);
#2348 = CARTESIAN_POINT('',(-4.875,75.058994578326,13.65));
#2349 = DIRECTION('',(0.,-1.,0.));
#2350 = DIRECTION('',(0.,0.,1.));
#2351 = ORIENTED_EDGE('',*,*,#2352,.F.);
#2352 = EDGE_CURVE('',#2353,#2344,#2355,.T.);
#2353 = VERTEX_POINT('',#2354);
#2354 = CARTESIAN_POINT('',(-6.075,75.058994578326,13.45));
#2355 = LINE('',#2356,#2357);
#2356 = CARTESIAN_POINT('',(-6.075,75.058994578326,-39.44592061618));
#2357 = VECTOR('',#2358,1.);
#2358 = DIRECTION('',(0.,0.,1.));
#2359 = ORIENTED_EDGE('',*,*,#2360,.T.);
#2360 = EDGE_CURVE('',#2353,#2361,#2363,.T.);
#2361 = VERTEX_POINT('',#2362);
#2362 = CARTESIAN_POINT('',(-4.,75.058994578326,12.628796614717));
#2363 = CIRCLE('',#2364,1.2);
#2364 = AXIS2_PLACEMENT_3D('',#2365,#2366,#2367);
#2365 = CARTESIAN_POINT('',(-4.875,75.058994578326,13.45));
#2366 = DIRECTION('',(0.,-1.,0.));
#2367 = DIRECTION('',(0.,0.,1.));
#2368 = ORIENTED_EDGE('',*,*,#2369,.F.);
#2369 = EDGE_CURVE('',#2370,#2361,#2372,.T.);
#2370 = VERTEX_POINT('',#2371);
#2371 = CARTESIAN_POINT('',(-4.,75.058994578326,10.9));
#2372 = LINE('',#2373,#2374);
#2373 = CARTESIAN_POINT('',(-4.,75.058994578326,-41.22592061618));
#2374 = VECTOR('',#2375,1.);
#2375 = DIRECTION('',(0.,0.,1.));
#2376 = ORIENTED_EDGE('',*,*,#2377,.T.);
#2377 = EDGE_CURVE('',#2370,#2234,#2378,.T.);
#2378 = LINE('',#2379,#2380);
#2379 = CARTESIAN_POINT('',(11.65,75.058994578326,10.9));
#2380 = VECTOR('',#2381,1.);
#2381 = DIRECTION('',(-1.,0.,0.));
#2382 = PLANE('',#2383);
#2383 = AXIS2_PLACEMENT_3D('',#2384,#2385,#2386);
#2384 = CARTESIAN_POINT('',(-16.,75.058994578326,-92.34184123236));
#2385 = DIRECTION('',(-0.,1.,0.));
#2386 = DIRECTION('',(0.,0.,1.));
#2387 = ADVANCED_FACE('',(#2388),#2407,.T.);
#2388 = FACE_BOUND('',#2389,.T.);
#2389 = EDGE_LOOP('',(#2390,#2398,#2405,#2406));
#2390 = ORIENTED_EDGE('',*,*,#2391,.T.);
#2391 = EDGE_CURVE('',#1300,#2392,#2394,.T.);
#2392 = VERTEX_POINT('',#2393);
#2393 = CARTESIAN_POINT('',(3.4,-19.5,-83.34184123236));
#2394 = LINE('',#2395,#2396);
#2395 = CARTESIAN_POINT('',(6.4,-19.5,-86.35184123236));
#2396 = VECTOR('',#2397,1.);
#2397 = DIRECTION('',(-0.705929253605,1.729028001704E-16,0.708282351117)
  );
#2398 = ORIENTED_EDGE('',*,*,#2399,.F.);
#2399 = EDGE_CURVE('',#2392,#2392,#2400,.T.);
#2400 = CIRCLE('',#2401,3.4);
#2401 = AXIS2_PLACEMENT_3D('',#2402,#2403,#2404);
#2402 = CARTESIAN_POINT('',(0.,-19.5,-83.34184123236));
#2403 = DIRECTION('',(0.,0.,1.));
#2404 = DIRECTION('',(1.,0.,-0.));
#2405 = ORIENTED_EDGE('',*,*,#2391,.F.);
#2406 = ORIENTED_EDGE('',*,*,#1299,.T.);
#2407 = CONICAL_SURFACE('',#2408,6.4,0.783734271422);
#2408 = AXIS2_PLACEMENT_3D('',#2409,#2410,#2411);
#2409 = CARTESIAN_POINT('',(0.,-19.5,-86.35184123236));
#2410 = DIRECTION('',(-0.,-0.,-1.));
#2411 = DIRECTION('',(1.,0.,-0.));
#2412 = ADVANCED_FACE('',(#2413),#2438,.F.);
#2413 = FACE_BOUND('',#2414,.F.);
#2414 = EDGE_LOOP('',(#2415,#2416,#2424,#2432));
#2415 = ORIENTED_EDGE('',*,*,#1310,.F.);
#2416 = ORIENTED_EDGE('',*,*,#2417,.T.);
#2417 = EDGE_CURVE('',#1311,#2418,#2420,.T.);
#2418 = VERTEX_POINT('',#2419);
#2419 = CARTESIAN_POINT('',(2.474873734153,-2.474873734153,
    -89.84184123236));
#2420 = LINE('',#2421,#2422);
#2421 = CARTESIAN_POINT('',(2.474873734153,-2.474873734153,
    -84.34184123236));
#2422 = VECTOR('',#2423,1.);
#2423 = DIRECTION('',(0.,0.,-1.));
#2424 = ORIENTED_EDGE('',*,*,#2425,.T.);
#2425 = EDGE_CURVE('',#2418,#2426,#2428,.T.);
#2426 = VERTEX_POINT('',#2427);
#2427 = CARTESIAN_POINT('',(4.949747468306,0.,-89.84184123236));
#2428 = LINE('',#2429,#2430);
#2429 = CARTESIAN_POINT('',(3.491339732109,-1.458407736197,
    -89.84184123236));
#2430 = VECTOR('',#2431,1.);
#2431 = DIRECTION('',(0.707106781187,0.707106781187,0.));
#2432 = ORIENTED_EDGE('',*,*,#2433,.F.);
#2433 = EDGE_CURVE('',#1313,#2426,#2434,.T.);
#2434 = LINE('',#2435,#2436);
#2435 = CARTESIAN_POINT('',(4.949747468306,0.,-84.34184123236));
#2436 = VECTOR('',#2437,1.);
#2437 = DIRECTION('',(0.,0.,-1.));
#2438 = PLANE('',#2439);
#2439 = AXIS2_PLACEMENT_3D('',#2440,#2441,#2442);
#2440 = CARTESIAN_POINT('',(2.474873734153,-2.474873734153,
    -84.34184123236));
#2441 = DIRECTION('',(0.707106781187,-0.707106781187,0.));
#2442 = DIRECTION('',(0.707106781187,0.707106781187,0.));
#2443 = ADVANCED_FACE('',(#2444),#2462,.F.);
#2444 = FACE_BOUND('',#2445,.F.);
#2445 = EDGE_LOOP('',(#2446,#2447,#2448,#2456));
#2446 = ORIENTED_EDGE('',*,*,#1363,.F.);
#2447 = ORIENTED_EDGE('',*,*,#2433,.T.);
#2448 = ORIENTED_EDGE('',*,*,#2449,.T.);
#2449 = EDGE_CURVE('',#2426,#2450,#2452,.T.);
#2450 = VERTEX_POINT('',#2451);
#2451 = CARTESIAN_POINT('',(2.474873734153,2.474873734153,
    -89.84184123236));
#2452 = LINE('',#2453,#2454);
#2453 = CARTESIAN_POINT('',(4.728776599185,0.220970869121,
    -89.84184123236));
#2454 = VECTOR('',#2455,1.);
#2455 = DIRECTION('',(-0.707106781187,0.707106781187,0.));
#2456 = ORIENTED_EDGE('',*,*,#2457,.F.);
#2457 = EDGE_CURVE('',#1355,#2450,#2458,.T.);
#2458 = LINE('',#2459,#2460);
#2459 = CARTESIAN_POINT('',(2.474873734153,2.474873734153,
    -84.34184123236));
#2460 = VECTOR('',#2461,1.);
#2461 = DIRECTION('',(0.,0.,-1.));
#2462 = PLANE('',#2463);
#2463 = AXIS2_PLACEMENT_3D('',#2464,#2465,#2466);
#2464 = CARTESIAN_POINT('',(4.949747468306,0.,-84.34184123236));
#2465 = DIRECTION('',(0.707106781187,0.707106781187,0.));
#2466 = DIRECTION('',(-0.707106781187,0.707106781187,0.));
#2467 = ADVANCED_FACE('',(#2468),#2493,.F.);
#2468 = FACE_BOUND('',#2469,.F.);
#2469 = EDGE_LOOP('',(#2470,#2471,#2479,#2487));
#2470 = ORIENTED_EDGE('',*,*,#1337,.F.);
#2471 = ORIENTED_EDGE('',*,*,#2472,.T.);
#2472 = EDGE_CURVE('',#1338,#2473,#2475,.T.);
#2473 = VERTEX_POINT('',#2474);
#2474 = CARTESIAN_POINT('',(-2.474873734153,2.474873734153,
    -89.84184123236));
#2475 = LINE('',#2476,#2477);
#2476 = CARTESIAN_POINT('',(-2.474873734153,2.474873734153,
    -84.34184123236));
#2477 = VECTOR('',#2478,1.);
#2478 = DIRECTION('',(0.,0.,-1.));
#2479 = ORIENTED_EDGE('',*,*,#2480,.T.);
#2480 = EDGE_CURVE('',#2473,#2481,#2483,.T.);
#2481 = VERTEX_POINT('',#2482);
#2482 = CARTESIAN_POINT('',(-4.949747468306,0.,-89.84184123236));
#2483 = LINE('',#2484,#2485);
#2484 = CARTESIAN_POINT('',(-3.491339732109,1.458407736197,
    -89.84184123236));
#2485 = VECTOR('',#2486,1.);
#2486 = DIRECTION('',(-0.707106781187,-0.707106781187,-0.));
#2487 = ORIENTED_EDGE('',*,*,#2488,.F.);
#2488 = EDGE_CURVE('',#1330,#2481,#2489,.T.);
#2489 = LINE('',#2490,#2491);
#2490 = CARTESIAN_POINT('',(-4.949747468306,0.,-84.34184123236));
#2491 = VECTOR('',#2492,1.);
#2492 = DIRECTION('',(0.,0.,-1.));
#2493 = PLANE('',#2494);
#2494 = AXIS2_PLACEMENT_3D('',#2495,#2496,#2497);
#2495 = CARTESIAN_POINT('',(-2.474873734153,2.474873734153,
    -84.34184123236));
#2496 = DIRECTION('',(-0.707106781187,0.707106781187,0.));
#2497 = DIRECTION('',(-0.707106781187,-0.707106781187,-0.));
#2498 = ADVANCED_FACE('',(#2499),#2517,.F.);
#2499 = FACE_BOUND('',#2500,.F.);
#2500 = EDGE_LOOP('',(#2501,#2502,#2503,#2511));
#2501 = ORIENTED_EDGE('',*,*,#1329,.F.);
#2502 = ORIENTED_EDGE('',*,*,#2488,.T.);
#2503 = ORIENTED_EDGE('',*,*,#2504,.T.);
#2504 = EDGE_CURVE('',#2481,#2505,#2507,.T.);
#2505 = VERTEX_POINT('',#2506);
#2506 = CARTESIAN_POINT('',(-2.474873734153,-2.474873734153,
    -89.84184123236));
#2507 = LINE('',#2508,#2509);
#2508 = CARTESIAN_POINT('',(-4.728776599185,-0.220970869121,
    -89.84184123236));
#2509 = VECTOR('',#2510,1.);
#2510 = DIRECTION('',(0.707106781187,-0.707106781187,0.));
#2511 = ORIENTED_EDGE('',*,*,#2512,.F.);
#2512 = EDGE_CURVE('',#1321,#2505,#2513,.T.);
#2513 = LINE('',#2514,#2515);
#2514 = CARTESIAN_POINT('',(-2.474873734153,-2.474873734153,
    -84.34184123236));
#2515 = VECTOR('',#2516,1.);
#2516 = DIRECTION('',(0.,0.,-1.));
#2517 = PLANE('',#2518);
#2518 = AXIS2_PLACEMENT_3D('',#2519,#2520,#2521);
#2519 = CARTESIAN_POINT('',(-4.949747468306,0.,-84.34184123236));
#2520 = DIRECTION('',(-0.707106781187,-0.707106781187,-0.));
#2521 = DIRECTION('',(0.707106781187,-0.707106781187,0.));
#2522 = ADVANCED_FACE('',(#2523),#2535,.F.);
#2523 = FACE_BOUND('',#2524,.F.);
#2524 = EDGE_LOOP('',(#2525,#2532,#2533,#2534));
#2525 = ORIENTED_EDGE('',*,*,#2526,.F.);
#2526 = EDGE_CURVE('',#2418,#2505,#2527,.T.);
#2527 = CIRCLE('',#2528,3.5);
#2528 = AXIS2_PLACEMENT_3D('',#2529,#2530,#2531);
#2529 = CARTESIAN_POINT('',(0.,0.,-89.84184123236));
#2530 = DIRECTION('',(0.,0.,-1.));
#2531 = DIRECTION('',(0.,1.,0.));
#2532 = ORIENTED_EDGE('',*,*,#2417,.F.);
#2533 = ORIENTED_EDGE('',*,*,#1320,.T.);
#2534 = ORIENTED_EDGE('',*,*,#2512,.T.);
#2535 = CYLINDRICAL_SURFACE('',#2536,3.5);
#2536 = AXIS2_PLACEMENT_3D('',#2537,#2538,#2539);
#2537 = CARTESIAN_POINT('',(0.,0.,-84.34184123236));
#2538 = DIRECTION('',(0.,0.,-1.));
#2539 = DIRECTION('',(0.,1.,0.));
#2540 = ADVANCED_FACE('',(#2541),#2560,.T.);
#2541 = FACE_BOUND('',#2542,.T.);
#2542 = EDGE_LOOP('',(#2543,#2551,#2558,#2559));
#2543 = ORIENTED_EDGE('',*,*,#2544,.T.);
#2544 = EDGE_CURVE('',#1372,#2545,#2547,.T.);
#2545 = VERTEX_POINT('',#2546);
#2546 = CARTESIAN_POINT('',(3.4,19.5,-83.34184123236));
#2547 = LINE('',#2548,#2549);
#2548 = CARTESIAN_POINT('',(6.4,19.5,-86.35184123236));
#2549 = VECTOR('',#2550,1.);
#2550 = DIRECTION('',(-0.705929253605,1.729028001704E-16,0.708282351117)
  );
#2551 = ORIENTED_EDGE('',*,*,#2552,.F.);
#2552 = EDGE_CURVE('',#2545,#2545,#2553,.T.);
#2553 = CIRCLE('',#2554,3.4);
#2554 = AXIS2_PLACEMENT_3D('',#2555,#2556,#2557);
#2555 = CARTESIAN_POINT('',(0.,19.5,-83.34184123236));
#2556 = DIRECTION('',(0.,0.,1.));
#2557 = DIRECTION('',(1.,0.,-0.));
#2558 = ORIENTED_EDGE('',*,*,#2544,.F.);
#2559 = ORIENTED_EDGE('',*,*,#1371,.T.);
#2560 = CONICAL_SURFACE('',#2561,6.4,0.783734271422);
#2561 = AXIS2_PLACEMENT_3D('',#2562,#2563,#2564);
#2562 = CARTESIAN_POINT('',(0.,19.5,-86.35184123236));
#2563 = DIRECTION('',(-0.,-0.,-1.));
#2564 = DIRECTION('',(1.,0.,-0.));
#2565 = ADVANCED_FACE('',(#2566,#2569),#2572,.T.);
#2566 = FACE_BOUND('',#2567,.T.);
#2567 = EDGE_LOOP('',(#2568));
#2568 = ORIENTED_EDGE('',*,*,#1911,.T.);
#2569 = FACE_BOUND('',#2570,.T.);
#2570 = EDGE_LOOP('',(#2571));
#2571 = ORIENTED_EDGE('',*,*,#1969,.F.);
#2572 = PLANE('',#2573);
#2573 = AXIS2_PLACEMENT_3D('',#2574,#2575,#2576);
#2574 = CARTESIAN_POINT('',(0.,-58.25899457832,0.));
#2575 = DIRECTION('',(0.,-1.,0.));
#2576 = DIRECTION('',(0.,-0.,-1.));
#2577 = ADVANCED_FACE('',(#2578),#2603,.T.);
#2578 = FACE_BOUND('',#2579,.T.);
#2579 = EDGE_LOOP('',(#2580,#2590,#2596,#2597));
#2580 = ORIENTED_EDGE('',*,*,#2581,.F.);
#2581 = EDGE_CURVE('',#2582,#2584,#2586,.T.);
#2582 = VERTEX_POINT('',#2583);
#2583 = CARTESIAN_POINT('',(-3.675,87.058994578326,-35.15));
#2584 = VERTEX_POINT('',#2585);
#2585 = CARTESIAN_POINT('',(-3.675,87.058994578326,-34.95));
#2586 = LINE('',#2587,#2588);
#2587 = CARTESIAN_POINT('',(-3.675,87.058994578326,-35.15));
#2588 = VECTOR('',#2589,1.);
#2589 = DIRECTION('',(0.,-0.,1.));
#2590 = ORIENTED_EDGE('',*,*,#2591,.T.);
#2591 = EDGE_CURVE('',#2582,#2040,#2592,.T.);
#2592 = LINE('',#2593,#2594);
#2593 = CARTESIAN_POINT('',(-3.675,88.058994578326,-35.15));
#2594 = VECTOR('',#2595,1.);
#2595 = DIRECTION('',(0.,-1.,0.));
#2596 = ORIENTED_EDGE('',*,*,#2048,.T.);
#2597 = ORIENTED_EDGE('',*,*,#2598,.F.);
#2598 = EDGE_CURVE('',#2584,#2012,#2599,.T.);
#2599 = LINE('',#2600,#2601);
#2600 = CARTESIAN_POINT('',(-3.675,88.058994578326,-34.95));
#2601 = VECTOR('',#2602,1.);
#2602 = DIRECTION('',(0.,-1.,0.));
#2603 = PLANE('',#2604);
#2604 = AXIS2_PLACEMENT_3D('',#2605,#2606,#2607);
#2605 = CARTESIAN_POINT('',(-3.675,88.058994578326,-35.15));
#2606 = DIRECTION('',(-1.,0.,0.));
#2607 = DIRECTION('',(0.,-1.,0.));
#2608 = ADVANCED_FACE('',(#2609),#2628,.F.);
#2609 = FACE_BOUND('',#2610,.F.);
#2610 = EDGE_LOOP('',(#2611,#2612,#2620,#2627));
#2611 = ORIENTED_EDGE('',*,*,#2039,.F.);
#2612 = ORIENTED_EDGE('',*,*,#2613,.F.);
#2613 = EDGE_CURVE('',#2614,#2032,#2616,.T.);
#2614 = VERTEX_POINT('',#2615);
#2615 = CARTESIAN_POINT('',(-6.075,87.058994578326,-35.15));
#2616 = LINE('',#2617,#2618);
#2617 = CARTESIAN_POINT('',(-6.075,88.058994578326,-35.15));
#2618 = VECTOR('',#2619,1.);
#2619 = DIRECTION('',(0.,-1.,0.));
#2620 = ORIENTED_EDGE('',*,*,#2621,.T.);
#2621 = EDGE_CURVE('',#2614,#2582,#2622,.T.);
#2622 = CIRCLE('',#2623,1.2);
#2623 = AXIS2_PLACEMENT_3D('',#2624,#2625,#2626);
#2624 = CARTESIAN_POINT('',(-4.875,87.058994578326,-35.15));
#2625 = DIRECTION('',(0.,-1.,0.));
#2626 = DIRECTION('',(0.,0.,1.));
#2627 = ORIENTED_EDGE('',*,*,#2591,.T.);
#2628 = CYLINDRICAL_SURFACE('',#2629,1.2);
#2629 = AXIS2_PLACEMENT_3D('',#2630,#2631,#2632);
#2630 = CARTESIAN_POINT('',(-4.875,88.058994578326,-35.15));
#2631 = DIRECTION('',(0.,-1.,0.));
#2632 = DIRECTION('',(0.,0.,1.));
#2633 = ADVANCED_FACE('',(#2634),#2652,.F.);
#2634 = FACE_BOUND('',#2635,.F.);
#2635 = EDGE_LOOP('',(#2636,#2644,#2645,#2646));
#2636 = ORIENTED_EDGE('',*,*,#2637,.F.);
#2637 = EDGE_CURVE('',#2614,#2638,#2640,.T.);
#2638 = VERTEX_POINT('',#2639);
#2639 = CARTESIAN_POINT('',(-6.075,87.058994578326,-34.95));
#2640 = LINE('',#2641,#2642);
#2641 = CARTESIAN_POINT('',(-6.075,87.058994578326,-35.15));
#2642 = VECTOR('',#2643,1.);
#2643 = DIRECTION('',(0.,-0.,1.));
#2644 = ORIENTED_EDGE('',*,*,#2613,.T.);
#2645 = ORIENTED_EDGE('',*,*,#2031,.T.);
#2646 = ORIENTED_EDGE('',*,*,#2647,.F.);
#2647 = EDGE_CURVE('',#2638,#2023,#2648,.T.);
#2648 = LINE('',#2649,#2650);
#2649 = CARTESIAN_POINT('',(-6.075,88.058994578326,-34.95));
#2650 = VECTOR('',#2651,1.);
#2651 = DIRECTION('',(0.,-1.,0.));
#2652 = PLANE('',#2653);
#2653 = AXIS2_PLACEMENT_3D('',#2654,#2655,#2656);
#2654 = CARTESIAN_POINT('',(-6.075,88.058994578326,-35.15));
#2655 = DIRECTION('',(-1.,0.,0.));
#2656 = DIRECTION('',(0.,-1.,0.));
#2657 = ADVANCED_FACE('',(#2658),#2683,.T.);
#2658 = FACE_BOUND('',#2659,.T.);
#2659 = EDGE_LOOP('',(#2660,#2661,#2669,#2677));
#2660 = ORIENTED_EDGE('',*,*,#2056,.T.);
#2661 = ORIENTED_EDGE('',*,*,#2662,.T.);
#2662 = EDGE_CURVE('',#2059,#2663,#2665,.T.);
#2663 = VERTEX_POINT('',#2664);
#2664 = CARTESIAN_POINT('',(-10.5,81.058994578326,-69.75638092427));
#2665 = LINE('',#2666,#2667);
#2666 = CARTESIAN_POINT('',(-10.5,74.058994578326,-69.75638092427));
#2667 = VECTOR('',#2668,1.);
#2668 = DIRECTION('',(0.,1.,0.));
#2669 = ORIENTED_EDGE('',*,*,#2670,.F.);
#2670 = EDGE_CURVE('',#2671,#2663,#2673,.T.);
#2671 = VERTEX_POINT('',#2672);
#2672 = CARTESIAN_POINT('',(-5.91453969191,81.058994578326,
    -65.17092061618));
#2673 = LINE('',#2674,#2675);
#2674 = CARTESIAN_POINT('',(-17.52136507702,81.058994578326,
    -76.77774600129));
#2675 = VECTOR('',#2676,1.);
#2676 = DIRECTION('',(-0.707106781187,0.,-0.707106781187));
#2677 = ORIENTED_EDGE('',*,*,#2678,.F.);
#2678 = EDGE_CURVE('',#2057,#2671,#2679,.T.);
#2679 = LINE('',#2680,#2681);
#2680 = CARTESIAN_POINT('',(-5.91453969191,74.058994578326,
    -65.17092061618));
#2681 = VECTOR('',#2682,1.);
#2682 = DIRECTION('',(0.,1.,0.));
#2683 = PLANE('',#2684);
#2684 = AXIS2_PLACEMENT_3D('',#2685,#2686,#2687);
#2685 = CARTESIAN_POINT('',(-10.5,74.058994578326,-69.75638092427));
#2686 = DIRECTION('',(0.707106781187,0.,-0.707106781187));
#2687 = DIRECTION('',(0.707106781187,0.,0.707106781187));
#2688 = ADVANCED_FACE('',(#2689),#2707,.T.);
#2689 = FACE_BOUND('',#2690,.T.);
#2690 = EDGE_LOOP('',(#2691,#2692,#2693,#2701));
#2691 = ORIENTED_EDGE('',*,*,#2114,.T.);
#2692 = ORIENTED_EDGE('',*,*,#2678,.T.);
#2693 = ORIENTED_EDGE('',*,*,#2694,.F.);
#2694 = EDGE_CURVE('',#2695,#2671,#2697,.T.);
#2695 = VERTEX_POINT('',#2696);
#2696 = CARTESIAN_POINT('',(5.91453969191,81.058994578326,
    -65.17092061618));
#2697 = LINE('',#2698,#2699);
#2698 = CARTESIAN_POINT('',(-10.95726984595,81.058994578326,
    -65.17092061618));
#2699 = VECTOR('',#2700,1.);
#2700 = DIRECTION('',(-1.,0.,-0.));
#2701 = ORIENTED_EDGE('',*,*,#2702,.F.);
#2702 = EDGE_CURVE('',#2107,#2695,#2703,.T.);
#2703 = LINE('',#2704,#2705);
#2704 = CARTESIAN_POINT('',(5.91453969191,74.058994578326,
    -65.17092061618));
#2705 = VECTOR('',#2706,1.);
#2706 = DIRECTION('',(0.,1.,0.));
#2707 = PLANE('',#2708);
#2708 = AXIS2_PLACEMENT_3D('',#2709,#2710,#2711);
#2709 = CARTESIAN_POINT('',(-5.91453969191,74.058994578326,
    -65.17092061618));
#2710 = DIRECTION('',(0.,0.,-1.));
#2711 = DIRECTION('',(1.,0.,0.));
#2712 = ADVANCED_FACE('',(#2713),#2731,.T.);
#2713 = FACE_BOUND('',#2714,.T.);
#2714 = EDGE_LOOP('',(#2715,#2716,#2717,#2725));
#2715 = ORIENTED_EDGE('',*,*,#2106,.T.);
#2716 = ORIENTED_EDGE('',*,*,#2702,.T.);
#2717 = ORIENTED_EDGE('',*,*,#2718,.F.);
#2718 = EDGE_CURVE('',#2719,#2695,#2721,.T.);
#2719 = VERTEX_POINT('',#2720);
#2720 = CARTESIAN_POINT('',(10.5,81.058994578326,-69.75638092427));
#2721 = LINE('',#2722,#2723);
#2722 = CARTESIAN_POINT('',(7.228634922977,81.058994578326,
    -66.48501584724));
#2723 = VECTOR('',#2724,1.);
#2724 = DIRECTION('',(-0.707106781187,-0.,0.707106781187));
#2725 = ORIENTED_EDGE('',*,*,#2726,.F.);
#2726 = EDGE_CURVE('',#2099,#2719,#2727,.T.);
#2727 = LINE('',#2728,#2729);
#2728 = CARTESIAN_POINT('',(10.5,74.058994578326,-69.75638092427));
#2729 = VECTOR('',#2730,1.);
#2730 = DIRECTION('',(0.,1.,0.));
#2731 = PLANE('',#2732);
#2732 = AXIS2_PLACEMENT_3D('',#2733,#2734,#2735);
#2733 = CARTESIAN_POINT('',(5.91453969191,74.058994578326,
    -65.17092061618));
#2734 = DIRECTION('',(-0.707106781187,0.,-0.707106781187));
#2735 = DIRECTION('',(0.707106781187,0.,-0.707106781187));
#2736 = ADVANCED_FACE('',(#2737),#2755,.T.);
#2737 = FACE_BOUND('',#2738,.T.);
#2738 = EDGE_LOOP('',(#2739,#2740,#2741,#2749));
#2739 = ORIENTED_EDGE('',*,*,#2098,.T.);
#2740 = ORIENTED_EDGE('',*,*,#2726,.T.);
#2741 = ORIENTED_EDGE('',*,*,#2742,.F.);
#2742 = EDGE_CURVE('',#2743,#2719,#2745,.T.);
#2743 = VERTEX_POINT('',#2744);
#2744 = CARTESIAN_POINT('',(10.5,81.058994578326,-77.75638092427));
#2745 = LINE('',#2746,#2747);
#2746 = CARTESIAN_POINT('',(10.5,81.058994578326,-81.04911107831));
#2747 = VECTOR('',#2748,1.);
#2748 = DIRECTION('',(0.,0.,1.));
#2749 = ORIENTED_EDGE('',*,*,#2750,.F.);
#2750 = EDGE_CURVE('',#2091,#2743,#2751,.T.);
#2751 = LINE('',#2752,#2753);
#2752 = CARTESIAN_POINT('',(10.5,74.058994578326,-77.75638092427));
#2753 = VECTOR('',#2754,1.);
#2754 = DIRECTION('',(0.,1.,0.));
#2755 = PLANE('',#2756);
#2756 = AXIS2_PLACEMENT_3D('',#2757,#2758,#2759);
#2757 = CARTESIAN_POINT('',(10.5,74.058994578326,-69.75638092427));
#2758 = DIRECTION('',(-1.,0.,0.));
#2759 = DIRECTION('',(0.,0.,-1.));
#2760 = ADVANCED_FACE('',(#2761),#2779,.T.);
#2761 = FACE_BOUND('',#2762,.T.);
#2762 = EDGE_LOOP('',(#2763,#2764,#2765,#2773));
#2763 = ORIENTED_EDGE('',*,*,#2090,.T.);
#2764 = ORIENTED_EDGE('',*,*,#2750,.T.);
#2765 = ORIENTED_EDGE('',*,*,#2766,.F.);
#2766 = EDGE_CURVE('',#2767,#2743,#2769,.T.);
#2767 = VERTEX_POINT('',#2768);
#2768 = CARTESIAN_POINT('',(5.91453969191,81.058994578326,
    -82.34184123236));
#2769 = LINE('',#2770,#2771);
#2770 = CARTESIAN_POINT('',(0.228634922977,81.058994578326,
    -88.02774600129));
#2771 = VECTOR('',#2772,1.);
#2772 = DIRECTION('',(0.707106781187,0.,0.707106781187));
#2773 = ORIENTED_EDGE('',*,*,#2774,.F.);
#2774 = EDGE_CURVE('',#2083,#2767,#2775,.T.);
#2775 = LINE('',#2776,#2777);
#2776 = CARTESIAN_POINT('',(5.91453969191,74.058994578326,
    -82.34184123236));
#2777 = VECTOR('',#2778,1.);
#2778 = DIRECTION('',(0.,1.,0.));
#2779 = PLANE('',#2780);
#2780 = AXIS2_PLACEMENT_3D('',#2781,#2782,#2783);
#2781 = CARTESIAN_POINT('',(10.5,74.058994578326,-77.75638092427));
#2782 = DIRECTION('',(-0.707106781187,0.,0.707106781187));
#2783 = DIRECTION('',(-0.707106781187,0.,-0.707106781187));
#2784 = ADVANCED_FACE('',(#2785),#2803,.T.);
#2785 = FACE_BOUND('',#2786,.T.);
#2786 = EDGE_LOOP('',(#2787,#2788,#2789,#2797));
#2787 = ORIENTED_EDGE('',*,*,#2082,.T.);
#2788 = ORIENTED_EDGE('',*,*,#2774,.T.);
#2789 = ORIENTED_EDGE('',*,*,#2790,.F.);
#2790 = EDGE_CURVE('',#2791,#2767,#2793,.T.);
#2791 = VERTEX_POINT('',#2792);
#2792 = CARTESIAN_POINT('',(-5.91453969191,81.058994578326,
    -82.34184123236));
#2793 = LINE('',#2794,#2795);
#2794 = CARTESIAN_POINT('',(-5.042730154045,81.058994578326,
    -82.34184123236));
#2795 = VECTOR('',#2796,1.);
#2796 = DIRECTION('',(1.,0.,0.));
#2797 = ORIENTED_EDGE('',*,*,#2798,.F.);
#2798 = EDGE_CURVE('',#2075,#2791,#2799,.T.);
#2799 = LINE('',#2800,#2801);
#2800 = CARTESIAN_POINT('',(-5.91453969191,74.058994578326,
    -82.34184123236));
#2801 = VECTOR('',#2802,1.);
#2802 = DIRECTION('',(0.,1.,0.));
#2803 = PLANE('',#2804);
#2804 = AXIS2_PLACEMENT_3D('',#2805,#2806,#2807);
#2805 = CARTESIAN_POINT('',(5.91453969191,74.058994578326,
    -82.34184123236));
#2806 = DIRECTION('',(0.,-0.,1.));
#2807 = DIRECTION('',(-1.,0.,0.));
#2808 = ADVANCED_FACE('',(#2809),#2827,.T.);
#2809 = FACE_BOUND('',#2810,.T.);
#2810 = EDGE_LOOP('',(#2811,#2812,#2813,#2821));
#2811 = ORIENTED_EDGE('',*,*,#2074,.T.);
#2812 = ORIENTED_EDGE('',*,*,#2798,.T.);
#2813 = ORIENTED_EDGE('',*,*,#2814,.F.);
#2814 = EDGE_CURVE('',#2815,#2791,#2817,.T.);
#2815 = VERTEX_POINT('',#2816);
#2816 = CARTESIAN_POINT('',(-10.5,81.058994578326,-77.75638092427));
#2817 = LINE('',#2818,#2819);
#2818 = CARTESIAN_POINT('',(-5.935904768932,81.058994578326,
    -82.32047615533));
#2819 = VECTOR('',#2820,1.);
#2820 = DIRECTION('',(0.707106781187,0.,-0.707106781187));
#2821 = ORIENTED_EDGE('',*,*,#2822,.F.);
#2822 = EDGE_CURVE('',#2067,#2815,#2823,.T.);
#2823 = LINE('',#2824,#2825);
#2824 = CARTESIAN_POINT('',(-10.5,74.058994578326,-77.75638092427));
#2825 = VECTOR('',#2826,1.);
#2826 = DIRECTION('',(0.,1.,0.));
#2827 = PLANE('',#2828);
#2828 = AXIS2_PLACEMENT_3D('',#2829,#2830,#2831);
#2829 = CARTESIAN_POINT('',(-5.91453969191,74.058994578326,
    -82.34184123236));
#2830 = DIRECTION('',(0.707106781187,-0.,0.707106781187));
#2831 = DIRECTION('',(-0.707106781187,0.,0.707106781187));
#2832 = ADVANCED_FACE('',(#2833),#2844,.T.);
#2833 = FACE_BOUND('',#2834,.T.);
#2834 = EDGE_LOOP('',(#2835,#2836,#2837,#2843));
#2835 = ORIENTED_EDGE('',*,*,#2066,.T.);
#2836 = ORIENTED_EDGE('',*,*,#2822,.T.);
#2837 = ORIENTED_EDGE('',*,*,#2838,.F.);
#2838 = EDGE_CURVE('',#2663,#2815,#2839,.T.);
#2839 = LINE('',#2840,#2841);
#2840 = CARTESIAN_POINT('',(-10.5,81.058994578326,-85.04911107831));
#2841 = VECTOR('',#2842,1.);
#2842 = DIRECTION('',(0.,0.,-1.));
#2843 = ORIENTED_EDGE('',*,*,#2662,.F.);
#2844 = PLANE('',#2845);
#2845 = AXIS2_PLACEMENT_3D('',#2846,#2847,#2848);
#2846 = CARTESIAN_POINT('',(-10.5,74.058994578326,-77.75638092427));
#2847 = DIRECTION('',(1.,0.,0.));
#2848 = DIRECTION('',(0.,0.,1.));
#2849 = ADVANCED_FACE('',(#2850),#2875,.T.);
#2850 = FACE_BOUND('',#2851,.T.);
#2851 = EDGE_LOOP('',(#2852,#2853,#2861,#2869));
#2852 = ORIENTED_EDGE('',*,*,#2122,.T.);
#2853 = ORIENTED_EDGE('',*,*,#2854,.T.);
#2854 = EDGE_CURVE('',#2125,#2855,#2857,.T.);
#2855 = VERTEX_POINT('',#2856);
#2856 = CARTESIAN_POINT('',(-10.5,81.058994578326,-49.58546030809));
#2857 = LINE('',#2858,#2859);
#2858 = CARTESIAN_POINT('',(-10.5,74.058994578326,-49.58546030809));
#2859 = VECTOR('',#2860,1.);
#2860 = DIRECTION('',(0.,1.,0.));
#2861 = ORIENTED_EDGE('',*,*,#2862,.F.);
#2862 = EDGE_CURVE('',#2863,#2855,#2865,.T.);
#2863 = VERTEX_POINT('',#2864);
#2864 = CARTESIAN_POINT('',(-5.91453969191,81.058994578326,-45.));
#2865 = LINE('',#2866,#2867);
#2866 = CARTESIAN_POINT('',(-22.56409523106,81.058994578326,
    -61.64955553915));
#2867 = VECTOR('',#2868,1.);
#2868 = DIRECTION('',(-0.707106781187,0.,-0.707106781187));
#2869 = ORIENTED_EDGE('',*,*,#2870,.F.);
#2870 = EDGE_CURVE('',#2123,#2863,#2871,.T.);
#2871 = LINE('',#2872,#2873);
#2872 = CARTESIAN_POINT('',(-5.91453969191,74.058994578326,-45.));
#2873 = VECTOR('',#2874,1.);
#2874 = DIRECTION('',(0.,1.,0.));
#2875 = PLANE('',#2876);
#2876 = AXIS2_PLACEMENT_3D('',#2877,#2878,#2879);
#2877 = CARTESIAN_POINT('',(-10.5,74.058994578326,-49.58546030809));
#2878 = DIRECTION('',(0.707106781187,0.,-0.707106781187));
#2879 = DIRECTION('',(0.707106781187,0.,0.707106781187));
#2880 = ADVANCED_FACE('',(#2881),#2899,.T.);
#2881 = FACE_BOUND('',#2882,.T.);
#2882 = EDGE_LOOP('',(#2883,#2884,#2885,#2893));
#2883 = ORIENTED_EDGE('',*,*,#2180,.T.);
#2884 = ORIENTED_EDGE('',*,*,#2870,.T.);
#2885 = ORIENTED_EDGE('',*,*,#2886,.F.);
#2886 = EDGE_CURVE('',#2887,#2863,#2889,.T.);
#2887 = VERTEX_POINT('',#2888);
#2888 = CARTESIAN_POINT('',(5.91453969191,81.058994578326,-45.));
#2889 = LINE('',#2890,#2891);
#2890 = CARTESIAN_POINT('',(-10.95726984595,81.058994578326,-45.));
#2891 = VECTOR('',#2892,1.);
#2892 = DIRECTION('',(-1.,0.,-0.));
#2893 = ORIENTED_EDGE('',*,*,#2894,.F.);
#2894 = EDGE_CURVE('',#2173,#2887,#2895,.T.);
#2895 = LINE('',#2896,#2897);
#2896 = CARTESIAN_POINT('',(5.91453969191,74.058994578326,-45.));
#2897 = VECTOR('',#2898,1.);
#2898 = DIRECTION('',(0.,1.,0.));
#2899 = PLANE('',#2900);
#2900 = AXIS2_PLACEMENT_3D('',#2901,#2902,#2903);
#2901 = CARTESIAN_POINT('',(-5.91453969191,74.058994578326,-45.));
#2902 = DIRECTION('',(0.,0.,-1.));
#2903 = DIRECTION('',(1.,0.,0.));
#2904 = ADVANCED_FACE('',(#2905),#2923,.T.);
#2905 = FACE_BOUND('',#2906,.T.);
#2906 = EDGE_LOOP('',(#2907,#2908,#2909,#2917));
#2907 = ORIENTED_EDGE('',*,*,#2172,.T.);
#2908 = ORIENTED_EDGE('',*,*,#2894,.T.);
#2909 = ORIENTED_EDGE('',*,*,#2910,.F.);
#2910 = EDGE_CURVE('',#2911,#2887,#2913,.T.);
#2911 = VERTEX_POINT('',#2912);
#2912 = CARTESIAN_POINT('',(10.5,81.058994578326,-49.58546030809));
#2913 = LINE('',#2914,#2915);
#2914 = CARTESIAN_POINT('',(12.271365077023,81.058994578326,
    -51.35682538511));
#2915 = VECTOR('',#2916,1.);
#2916 = DIRECTION('',(-0.707106781187,-0.,0.707106781187));
#2917 = ORIENTED_EDGE('',*,*,#2918,.F.);
#2918 = EDGE_CURVE('',#2165,#2911,#2919,.T.);
#2919 = LINE('',#2920,#2921);
#2920 = CARTESIAN_POINT('',(10.5,74.058994578326,-49.58546030809));
#2921 = VECTOR('',#2922,1.);
#2922 = DIRECTION('',(0.,1.,0.));
#2923 = PLANE('',#2924);
#2924 = AXIS2_PLACEMENT_3D('',#2925,#2926,#2927);
#2925 = CARTESIAN_POINT('',(5.91453969191,74.058994578326,-45.));
#2926 = DIRECTION('',(-0.707106781187,0.,-0.707106781187));
#2927 = DIRECTION('',(0.707106781187,0.,-0.707106781187));
#2928 = ADVANCED_FACE('',(#2929),#2947,.T.);
#2929 = FACE_BOUND('',#2930,.T.);
#2930 = EDGE_LOOP('',(#2931,#2932,#2933,#2941));
#2931 = ORIENTED_EDGE('',*,*,#2164,.T.);
#2932 = ORIENTED_EDGE('',*,*,#2918,.T.);
#2933 = ORIENTED_EDGE('',*,*,#2934,.F.);
#2934 = EDGE_CURVE('',#2935,#2911,#2937,.T.);
#2935 = VERTEX_POINT('',#2936);
#2936 = CARTESIAN_POINT('',(10.5,81.058994578326,-57.58546030809));
#2937 = LINE('',#2938,#2939);
#2938 = CARTESIAN_POINT('',(10.5,81.058994578326,-70.96365077022));
#2939 = VECTOR('',#2940,1.);
#2940 = DIRECTION('',(0.,0.,1.));
#2941 = ORIENTED_EDGE('',*,*,#2942,.F.);
#2942 = EDGE_CURVE('',#2157,#2935,#2943,.T.);
#2943 = LINE('',#2944,#2945);
#2944 = CARTESIAN_POINT('',(10.5,74.058994578326,-57.58546030809));
#2945 = VECTOR('',#2946,1.);
#2946 = DIRECTION('',(0.,1.,0.));
#2947 = PLANE('',#2948);
#2948 = AXIS2_PLACEMENT_3D('',#2949,#2950,#2951);
#2949 = CARTESIAN_POINT('',(10.5,74.058994578326,-49.58546030809));
#2950 = DIRECTION('',(-1.,0.,0.));
#2951 = DIRECTION('',(0.,0.,-1.));
#2952 = ADVANCED_FACE('',(#2953),#2971,.T.);
#2953 = FACE_BOUND('',#2954,.T.);
#2954 = EDGE_LOOP('',(#2955,#2956,#2957,#2965));
#2955 = ORIENTED_EDGE('',*,*,#2156,.T.);
#2956 = ORIENTED_EDGE('',*,*,#2942,.T.);
#2957 = ORIENTED_EDGE('',*,*,#2958,.F.);
#2958 = EDGE_CURVE('',#2959,#2935,#2961,.T.);
#2959 = VERTEX_POINT('',#2960);
#2960 = CARTESIAN_POINT('',(5.91453969191,81.058994578326,
    -62.17092061618));
#2961 = LINE('',#2962,#2963);
#2962 = CARTESIAN_POINT('',(-4.814095231068,81.058994578326,
    -72.89955553915));
#2963 = VECTOR('',#2964,1.);
#2964 = DIRECTION('',(0.707106781187,0.,0.707106781187));
#2965 = ORIENTED_EDGE('',*,*,#2966,.F.);
#2966 = EDGE_CURVE('',#2149,#2959,#2967,.T.);
#2967 = LINE('',#2968,#2969);
#2968 = CARTESIAN_POINT('',(5.91453969191,74.058994578326,
    -62.17092061618));
#2969 = VECTOR('',#2970,1.);
#2970 = DIRECTION('',(0.,1.,0.));
#2971 = PLANE('',#2972);
#2972 = AXIS2_PLACEMENT_3D('',#2973,#2974,#2975);
#2973 = CARTESIAN_POINT('',(10.5,74.058994578326,-57.58546030809));
#2974 = DIRECTION('',(-0.707106781187,0.,0.707106781187));
#2975 = DIRECTION('',(-0.707106781187,0.,-0.707106781187));
#2976 = ADVANCED_FACE('',(#2977),#2995,.T.);
#2977 = FACE_BOUND('',#2978,.T.);
#2978 = EDGE_LOOP('',(#2979,#2980,#2981,#2989));
#2979 = ORIENTED_EDGE('',*,*,#2148,.T.);
#2980 = ORIENTED_EDGE('',*,*,#2966,.T.);
#2981 = ORIENTED_EDGE('',*,*,#2982,.F.);
#2982 = EDGE_CURVE('',#2983,#2959,#2985,.T.);
#2983 = VERTEX_POINT('',#2984);
#2984 = CARTESIAN_POINT('',(-5.91453969191,81.058994578326,
    -62.17092061618));
#2985 = LINE('',#2986,#2987);
#2986 = CARTESIAN_POINT('',(-5.042730154045,81.058994578326,
    -62.17092061618));
#2987 = VECTOR('',#2988,1.);
#2988 = DIRECTION('',(1.,0.,0.));
#2989 = ORIENTED_EDGE('',*,*,#2990,.F.);
#2990 = EDGE_CURVE('',#2141,#2983,#2991,.T.);
#2991 = LINE('',#2992,#2993);
#2992 = CARTESIAN_POINT('',(-5.91453969191,74.058994578326,
    -62.17092061618));
#2993 = VECTOR('',#2994,1.);
#2994 = DIRECTION('',(0.,1.,0.));
#2995 = PLANE('',#2996);
#2996 = AXIS2_PLACEMENT_3D('',#2997,#2998,#2999);
#2997 = CARTESIAN_POINT('',(5.91453969191,74.058994578326,
    -62.17092061618));
#2998 = DIRECTION('',(0.,-0.,1.));
#2999 = DIRECTION('',(-1.,0.,0.));
#3000 = ADVANCED_FACE('',(#3001),#3019,.T.);
#3001 = FACE_BOUND('',#3002,.T.);
#3002 = EDGE_LOOP('',(#3003,#3004,#3005,#3013));
#3003 = ORIENTED_EDGE('',*,*,#2140,.T.);
#3004 = ORIENTED_EDGE('',*,*,#2990,.T.);
#3005 = ORIENTED_EDGE('',*,*,#3006,.F.);
#3006 = EDGE_CURVE('',#3007,#2983,#3009,.T.);
#3007 = VERTEX_POINT('',#3008);
#3008 = CARTESIAN_POINT('',(-10.5,81.058994578326,-57.58546030809));
#3009 = LINE('',#3010,#3011);
#3010 = CARTESIAN_POINT('',(-0.893174614887,81.058994578326,
    -67.1922856932));
#3011 = VECTOR('',#3012,1.);
#3012 = DIRECTION('',(0.707106781187,0.,-0.707106781187));
#3013 = ORIENTED_EDGE('',*,*,#3014,.F.);
#3014 = EDGE_CURVE('',#2133,#3007,#3015,.T.);
#3015 = LINE('',#3016,#3017);
#3016 = CARTESIAN_POINT('',(-10.5,74.058994578326,-57.58546030809));
#3017 = VECTOR('',#3018,1.);
#3018 = DIRECTION('',(0.,1.,0.));
#3019 = PLANE('',#3020);
#3020 = AXIS2_PLACEMENT_3D('',#3021,#3022,#3023);
#3021 = CARTESIAN_POINT('',(-5.91453969191,74.058994578326,
    -62.17092061618));
#3022 = DIRECTION('',(0.707106781187,-0.,0.707106781187));
#3023 = DIRECTION('',(-0.707106781187,0.,0.707106781187));
#3024 = ADVANCED_FACE('',(#3025),#3036,.T.);
#3025 = FACE_BOUND('',#3026,.T.);
#3026 = EDGE_LOOP('',(#3027,#3028,#3029,#3035));
#3027 = ORIENTED_EDGE('',*,*,#2132,.T.);
#3028 = ORIENTED_EDGE('',*,*,#3014,.T.);
#3029 = ORIENTED_EDGE('',*,*,#3030,.F.);
#3030 = EDGE_CURVE('',#2855,#3007,#3031,.T.);
#3031 = LINE('',#3032,#3033);
#3032 = CARTESIAN_POINT('',(-10.5,81.058994578326,-74.96365077022));
#3033 = VECTOR('',#3034,1.);
#3034 = DIRECTION('',(0.,0.,-1.));
#3035 = ORIENTED_EDGE('',*,*,#2854,.F.);
#3036 = PLANE('',#3037);
#3037 = AXIS2_PLACEMENT_3D('',#3038,#3039,#3040);
#3038 = CARTESIAN_POINT('',(-10.5,74.058994578326,-57.58546030809));
#3039 = DIRECTION('',(1.,0.,0.));
#3040 = DIRECTION('',(0.,0.,1.));
#3041 = ADVANCED_FACE('',(#3042),#3067,.T.);
#3042 = FACE_BOUND('',#3043,.T.);
#3043 = EDGE_LOOP('',(#3044,#3054,#3060,#3061));
#3044 = ORIENTED_EDGE('',*,*,#3045,.F.);
#3045 = EDGE_CURVE('',#3046,#3048,#3050,.T.);
#3046 = VERTEX_POINT('',#3047);
#3047 = CARTESIAN_POINT('',(6.075,87.058994578326,-35.15));
#3048 = VERTEX_POINT('',#3049);
#3049 = CARTESIAN_POINT('',(6.075,87.058994578326,-34.95));
#3050 = LINE('',#3051,#3052);
#3051 = CARTESIAN_POINT('',(6.075,87.058994578326,-35.15));
#3052 = VECTOR('',#3053,1.);
#3053 = DIRECTION('',(0.,-0.,1.));
#3054 = ORIENTED_EDGE('',*,*,#3055,.T.);
#3055 = EDGE_CURVE('',#3046,#2217,#3056,.T.);
#3056 = LINE('',#3057,#3058);
#3057 = CARTESIAN_POINT('',(6.075,88.058994578326,-35.15));
#3058 = VECTOR('',#3059,1.);
#3059 = DIRECTION('',(0.,-1.,0.));
#3060 = ORIENTED_EDGE('',*,*,#2225,.T.);
#3061 = ORIENTED_EDGE('',*,*,#3062,.F.);
#3062 = EDGE_CURVE('',#3048,#2189,#3063,.T.);
#3063 = LINE('',#3064,#3065);
#3064 = CARTESIAN_POINT('',(6.075,88.058994578326,-34.95));
#3065 = VECTOR('',#3066,1.);
#3066 = DIRECTION('',(0.,-1.,0.));
#3067 = PLANE('',#3068);
#3068 = AXIS2_PLACEMENT_3D('',#3069,#3070,#3071);
#3069 = CARTESIAN_POINT('',(6.075,88.058994578326,-35.15));
#3070 = DIRECTION('',(-1.,0.,0.));
#3071 = DIRECTION('',(0.,-1.,0.));
#3072 = ADVANCED_FACE('',(#3073),#3092,.F.);
#3073 = FACE_BOUND('',#3074,.F.);
#3074 = EDGE_LOOP('',(#3075,#3076,#3084,#3091));
#3075 = ORIENTED_EDGE('',*,*,#2216,.F.);
#3076 = ORIENTED_EDGE('',*,*,#3077,.F.);
#3077 = EDGE_CURVE('',#3078,#2209,#3080,.T.);
#3078 = VERTEX_POINT('',#3079);
#3079 = CARTESIAN_POINT('',(3.675,87.058994578326,-35.15));
#3080 = LINE('',#3081,#3082);
#3081 = CARTESIAN_POINT('',(3.675,88.058994578326,-35.15));
#3082 = VECTOR('',#3083,1.);
#3083 = DIRECTION('',(0.,-1.,0.));
#3084 = ORIENTED_EDGE('',*,*,#3085,.T.);
#3085 = EDGE_CURVE('',#3078,#3046,#3086,.T.);
#3086 = CIRCLE('',#3087,1.2);
#3087 = AXIS2_PLACEMENT_3D('',#3088,#3089,#3090);
#3088 = CARTESIAN_POINT('',(4.875,87.058994578326,-35.15));
#3089 = DIRECTION('',(0.,-1.,0.));
#3090 = DIRECTION('',(0.,0.,1.));
#3091 = ORIENTED_EDGE('',*,*,#3055,.T.);
#3092 = CYLINDRICAL_SURFACE('',#3093,1.2);
#3093 = AXIS2_PLACEMENT_3D('',#3094,#3095,#3096);
#3094 = CARTESIAN_POINT('',(4.875,88.058994578326,-35.15));
#3095 = DIRECTION('',(0.,-1.,0.));
#3096 = DIRECTION('',(0.,0.,1.));
#3097 = ADVANCED_FACE('',(#3098),#3116,.F.);
#3098 = FACE_BOUND('',#3099,.F.);
#3099 = EDGE_LOOP('',(#3100,#3108,#3109,#3110));
#3100 = ORIENTED_EDGE('',*,*,#3101,.F.);
#3101 = EDGE_CURVE('',#3078,#3102,#3104,.T.);
#3102 = VERTEX_POINT('',#3103);
#3103 = CARTESIAN_POINT('',(3.675,87.058994578326,-34.95));
#3104 = LINE('',#3105,#3106);
#3105 = CARTESIAN_POINT('',(3.675,87.058994578326,-35.15));
#3106 = VECTOR('',#3107,1.);
#3107 = DIRECTION('',(0.,-0.,1.));
#3108 = ORIENTED_EDGE('',*,*,#3077,.T.);
#3109 = ORIENTED_EDGE('',*,*,#2208,.T.);
#3110 = ORIENTED_EDGE('',*,*,#3111,.F.);
#3111 = EDGE_CURVE('',#3102,#2200,#3112,.T.);
#3112 = LINE('',#3113,#3114);
#3113 = CARTESIAN_POINT('',(3.675,88.058994578326,-34.95));
#3114 = VECTOR('',#3115,1.);
#3115 = DIRECTION('',(0.,-1.,0.));
#3116 = PLANE('',#3117);
#3117 = AXIS2_PLACEMENT_3D('',#3118,#3119,#3120);
#3118 = CARTESIAN_POINT('',(3.675,88.058994578326,-35.15));
#3119 = DIRECTION('',(-1.,0.,0.));
#3120 = DIRECTION('',(0.,-1.,0.));
#3121 = ADVANCED_FACE('',(#3122),#3147,.F.);
#3122 = FACE_BOUND('',#3123,.F.);
#3123 = EDGE_LOOP('',(#3124,#3132,#3140,#3146));
#3124 = ORIENTED_EDGE('',*,*,#3125,.F.);
#3125 = EDGE_CURVE('',#3126,#2234,#3128,.T.);
#3126 = VERTEX_POINT('',#3127);
#3127 = CARTESIAN_POINT('',(-11.65,75.068994578326,10.9));
#3128 = LINE('',#3129,#3130);
#3129 = CARTESIAN_POINT('',(-11.65,75.068994578326,10.9));
#3130 = VECTOR('',#3131,1.);
#3131 = DIRECTION('',(0.,-1.,0.));
#3132 = ORIENTED_EDGE('',*,*,#3133,.F.);
#3133 = EDGE_CURVE('',#3134,#3126,#3136,.T.);
#3134 = VERTEX_POINT('',#3135);
#3135 = CARTESIAN_POINT('',(-11.65,75.068994578326,-32.4));
#3136 = LINE('',#3137,#3138);
#3137 = CARTESIAN_POINT('',(-11.65,75.068994578326,-32.4));
#3138 = VECTOR('',#3139,1.);
#3139 = DIRECTION('',(0.,0.,1.));
#3140 = ORIENTED_EDGE('',*,*,#3141,.T.);
#3141 = EDGE_CURVE('',#3134,#2236,#3142,.T.);
#3142 = LINE('',#3143,#3144);
#3143 = CARTESIAN_POINT('',(-11.65,75.068994578326,-32.4));
#3144 = VECTOR('',#3145,1.);
#3145 = DIRECTION('',(0.,-1.,0.));
#3146 = ORIENTED_EDGE('',*,*,#2233,.F.);
#3147 = PLANE('',#3148);
#3148 = AXIS2_PLACEMENT_3D('',#3149,#3150,#3151);
#3149 = CARTESIAN_POINT('',(-11.65,75.068994578326,-32.4));
#3150 = DIRECTION('',(-1.,0.,0.));
#3151 = DIRECTION('',(0.,-1.,0.));
#3152 = ADVANCED_FACE('',(#3153),#3171,.F.);
#3153 = FACE_BOUND('',#3154,.F.);
#3154 = EDGE_LOOP('',(#3155,#3163,#3169,#3170));
#3155 = ORIENTED_EDGE('',*,*,#3156,.F.);
#3156 = EDGE_CURVE('',#3157,#2370,#3159,.T.);
#3157 = VERTEX_POINT('',#3158);
#3158 = CARTESIAN_POINT('',(-4.,75.068994578326,10.9));
#3159 = LINE('',#3160,#3161);
#3160 = CARTESIAN_POINT('',(-4.,81.563994578326,10.9));
#3161 = VECTOR('',#3162,1.);
#3162 = DIRECTION('',(0.,-1.,0.));
#3163 = ORIENTED_EDGE('',*,*,#3164,.T.);
#3164 = EDGE_CURVE('',#3157,#3126,#3165,.T.);
#3165 = LINE('',#3166,#3167);
#3166 = CARTESIAN_POINT('',(11.65,75.068994578326,10.9));
#3167 = VECTOR('',#3168,1.);
#3168 = DIRECTION('',(-1.,0.,0.));
#3169 = ORIENTED_EDGE('',*,*,#3125,.T.);
#3170 = ORIENTED_EDGE('',*,*,#2377,.F.);
#3171 = PLANE('',#3172);
#3172 = AXIS2_PLACEMENT_3D('',#3173,#3174,#3175);
#3173 = CARTESIAN_POINT('',(11.65,75.068994578326,10.9));
#3174 = DIRECTION('',(0.,0.,1.));
#3175 = DIRECTION('',(0.,-1.,0.));
#3176 = ADVANCED_FACE('',(#3177),#3249,.F.);
#3177 = FACE_BOUND('',#3178,.F.);
#3178 = EDGE_LOOP('',(#3179,#3189,#3197,#3205,#3216,#3224,#3235,#3241,
    #3242,#3243));
#3179 = ORIENTED_EDGE('',*,*,#3180,.F.);
#3180 = EDGE_CURVE('',#3181,#3183,#3185,.T.);
#3181 = VERTEX_POINT('',#3182);
#3182 = CARTESIAN_POINT('',(-4.,87.058994578326,10.9));
#3183 = VERTEX_POINT('',#3184);
#3184 = CARTESIAN_POINT('',(-4.,87.058994578326,12.628796614717));
#3185 = LINE('',#3186,#3187);
#3186 = CARTESIAN_POINT('',(-4.,87.058994578326,11.67));
#3187 = VECTOR('',#3188,1.);
#3188 = DIRECTION('',(0.,-0.,1.));
#3189 = ORIENTED_EDGE('',*,*,#3190,.T.);
#3190 = EDGE_CURVE('',#3181,#3191,#3193,.T.);
#3191 = VERTEX_POINT('',#3192);
#3192 = CARTESIAN_POINT('',(-4.,81.048994578327,10.9));
#3193 = LINE('',#3194,#3195);
#3194 = CARTESIAN_POINT('',(-4.,88.058994578326,10.9));
#3195 = VECTOR('',#3196,1.);
#3196 = DIRECTION('',(0.,-1.,0.));
#3197 = ORIENTED_EDGE('',*,*,#3198,.T.);
#3198 = EDGE_CURVE('',#3191,#3199,#3201,.T.);
#3199 = VERTEX_POINT('',#3200);
#3200 = CARTESIAN_POINT('',(-4.,81.048994578327,10.89));
#3201 = LINE('',#3202,#3203);
#3202 = CARTESIAN_POINT('',(-4.,81.048994578327,-11.255));
#3203 = VECTOR('',#3204,1.);
#3204 = DIRECTION('',(-0.,-0.,-1.));
#3205 = ORIENTED_EDGE('',*,*,#3206,.F.);
#3206 = EDGE_CURVE('',#3207,#3199,#3209,.T.);
#3207 = VERTEX_POINT('',#3208);
#3208 = CARTESIAN_POINT('',(-4.,80.058994578326,9.9));
#3209 = B_SPLINE_CURVE_WITH_KNOTS('',5,(#3210,#3211,#3212,#3213,#3214,
    #3215),.UNSPECIFIED.,.F.,.F.,(6,6),(0.,1.),
  .PIECEWISE_BEZIER_KNOTS.);
#3210 = CARTESIAN_POINT('',(-4.,80.058994578326,9.9));
#3211 = CARTESIAN_POINT('',(-4.,80.256145144863,10.097150566536));
#3212 = CARTESIAN_POINT('',(-4.,80.453781356229,10.294786777902));
#3213 = CARTESIAN_POINT('',(-4.,80.651835796592,10.492841218265));
#3214 = CARTESIAN_POINT('',(-4.,80.850254390989,10.691259812662));
#3215 = CARTESIAN_POINT('',(-4.,81.048995178326,10.8900006));
#3216 = ORIENTED_EDGE('',*,*,#3217,.T.);
#3217 = EDGE_CURVE('',#3207,#3218,#3220,.T.);
#3218 = VERTEX_POINT('',#3219);
#3219 = CARTESIAN_POINT('',(-4.,76.058994578326,9.9));
#3220 = LINE('',#3221,#3222);
#3221 = CARTESIAN_POINT('',(-4.,88.058994578326,9.9));
#3222 = VECTOR('',#3223,1.);
#3223 = DIRECTION('',(0.,-1.,0.));
#3224 = ORIENTED_EDGE('',*,*,#3225,.T.);
#3225 = EDGE_CURVE('',#3218,#3226,#3228,.T.);
#3226 = VERTEX_POINT('',#3227);
#3227 = CARTESIAN_POINT('',(-4.,75.068994578326,10.89));
#3228 = B_SPLINE_CURVE_WITH_KNOTS('',5,(#3229,#3230,#3231,#3232,#3233,
    #3234),.UNSPECIFIED.,.F.,.F.,(6,6),(0.,1.),
  .PIECEWISE_BEZIER_KNOTS.);
#3229 = CARTESIAN_POINT('',(-4.,76.058994578326,9.9));
#3230 = CARTESIAN_POINT('',(-4.,75.86184401179,10.097150566536));
#3231 = CARTESIAN_POINT('',(-4.,75.664207800424,10.294786777902));
#3232 = CARTESIAN_POINT('',(-4.,75.466153360061,10.492841218265));
#3233 = CARTESIAN_POINT('',(-4.,75.267734765664,10.691259812662));
#3234 = CARTESIAN_POINT('',(-4.,75.068993978326,10.8900006));
#3235 = ORIENTED_EDGE('',*,*,#3236,.F.);
#3236 = EDGE_CURVE('',#3157,#3226,#3237,.T.);
#3237 = LINE('',#3238,#3239);
#3238 = CARTESIAN_POINT('',(-4.,75.068994578326,-11.255));
#3239 = VECTOR('',#3240,1.);
#3240 = DIRECTION('',(-0.,-0.,-1.));
#3241 = ORIENTED_EDGE('',*,*,#3156,.T.);
#3242 = ORIENTED_EDGE('',*,*,#2369,.T.);
#3243 = ORIENTED_EDGE('',*,*,#3244,.F.);
#3244 = EDGE_CURVE('',#3183,#2361,#3245,.T.);
#3245 = LINE('',#3246,#3247);
#3246 = CARTESIAN_POINT('',(-4.,88.058994578326,12.628796614717));
#3247 = VECTOR('',#3248,1.);
#3248 = DIRECTION('',(0.,-1.,0.));
#3249 = PLANE('',#3250);
#3250 = AXIS2_PLACEMENT_3D('',#3251,#3252,#3253);
#3251 = CARTESIAN_POINT('',(-4.,88.058994578326,9.89));
#3252 = DIRECTION('',(-1.,0.,0.));
#3253 = DIRECTION('',(0.,-1.,0.));
#3254 = ADVANCED_FACE('',(#3255),#3274,.F.);
#3255 = FACE_BOUND('',#3256,.F.);
#3256 = EDGE_LOOP('',(#3257,#3258,#3266,#3273));
#3257 = ORIENTED_EDGE('',*,*,#2360,.F.);
#3258 = ORIENTED_EDGE('',*,*,#3259,.F.);
#3259 = EDGE_CURVE('',#3260,#2353,#3262,.T.);
#3260 = VERTEX_POINT('',#3261);
#3261 = CARTESIAN_POINT('',(-6.075,87.058994578326,13.45));
#3262 = LINE('',#3263,#3264);
#3263 = CARTESIAN_POINT('',(-6.075,88.058994578326,13.45));
#3264 = VECTOR('',#3265,1.);
#3265 = DIRECTION('',(0.,-1.,0.));
#3266 = ORIENTED_EDGE('',*,*,#3267,.T.);
#3267 = EDGE_CURVE('',#3260,#3183,#3268,.T.);
#3268 = CIRCLE('',#3269,1.2);
#3269 = AXIS2_PLACEMENT_3D('',#3270,#3271,#3272);
#3270 = CARTESIAN_POINT('',(-4.875,87.058994578326,13.45));
#3271 = DIRECTION('',(0.,-1.,0.));
#3272 = DIRECTION('',(0.,0.,1.));
#3273 = ORIENTED_EDGE('',*,*,#3244,.T.);
#3274 = CYLINDRICAL_SURFACE('',#3275,1.2);
#3275 = AXIS2_PLACEMENT_3D('',#3276,#3277,#3278);
#3276 = CARTESIAN_POINT('',(-4.875,88.058994578326,13.45));
#3277 = DIRECTION('',(0.,-1.,0.));
#3278 = DIRECTION('',(0.,0.,1.));
#3279 = ADVANCED_FACE('',(#3280),#3298,.F.);
#3280 = FACE_BOUND('',#3281,.F.);
#3281 = EDGE_LOOP('',(#3282,#3290,#3291,#3292));
#3282 = ORIENTED_EDGE('',*,*,#3283,.F.);
#3283 = EDGE_CURVE('',#3260,#3284,#3286,.T.);
#3284 = VERTEX_POINT('',#3285);
#3285 = CARTESIAN_POINT('',(-6.075,87.058994578326,13.65));
#3286 = LINE('',#3287,#3288);
#3287 = CARTESIAN_POINT('',(-6.075,87.058994578326,13.45));
#3288 = VECTOR('',#3289,1.);
#3289 = DIRECTION('',(0.,-0.,1.));
#3290 = ORIENTED_EDGE('',*,*,#3259,.T.);
#3291 = ORIENTED_EDGE('',*,*,#2352,.T.);
#3292 = ORIENTED_EDGE('',*,*,#3293,.F.);
#3293 = EDGE_CURVE('',#3284,#2344,#3294,.T.);
#3294 = LINE('',#3295,#3296);
#3295 = CARTESIAN_POINT('',(-6.075,88.058994578326,13.65));
#3296 = VECTOR('',#3297,1.);
#3297 = DIRECTION('',(0.,-1.,0.));
#3298 = PLANE('',#3299);
#3299 = AXIS2_PLACEMENT_3D('',#3300,#3301,#3302);
#3300 = CARTESIAN_POINT('',(-6.075,88.058994578326,13.45));
#3301 = DIRECTION('',(-1.,0.,0.));
#3302 = DIRECTION('',(0.,-1.,0.));
#3303 = ADVANCED_FACE('',(#3304),#3329,.F.);
#3304 = FACE_BOUND('',#3305,.F.);
#3305 = EDGE_LOOP('',(#3306,#3316,#3322,#3323));
#3306 = ORIENTED_EDGE('',*,*,#3307,.F.);
#3307 = EDGE_CURVE('',#3308,#3310,#3312,.T.);
#3308 = VERTEX_POINT('',#3309);
#3309 = CARTESIAN_POINT('',(-4.,87.058994578326,14.471203385283));
#3310 = VERTEX_POINT('',#3311);
#3311 = CARTESIAN_POINT('',(-4.,87.058994578326,16.5));
#3312 = LINE('',#3313,#3314);
#3313 = CARTESIAN_POINT('',(-4.,87.058994578326,11.67));
#3314 = VECTOR('',#3315,1.);
#3315 = DIRECTION('',(0.,-0.,1.));
#3316 = ORIENTED_EDGE('',*,*,#3317,.T.);
#3317 = EDGE_CURVE('',#3308,#2327,#3318,.T.);
#3318 = LINE('',#3319,#3320);
#3319 = CARTESIAN_POINT('',(-4.,88.058994578326,14.471203385283));
#3320 = VECTOR('',#3321,1.);
#3321 = DIRECTION('',(0.,-1.,0.));
#3322 = ORIENTED_EDGE('',*,*,#2326,.T.);
#3323 = ORIENTED_EDGE('',*,*,#3324,.F.);
#3324 = EDGE_CURVE('',#3310,#2319,#3325,.T.);
#3325 = LINE('',#3326,#3327);
#3326 = CARTESIAN_POINT('',(-4.,88.058994578326,16.5));
#3327 = VECTOR('',#3328,1.);
#3328 = DIRECTION('',(0.,-1.,0.));
#3329 = PLANE('',#3330);
#3330 = AXIS2_PLACEMENT_3D('',#3331,#3332,#3333);
#3331 = CARTESIAN_POINT('',(-4.,88.058994578326,9.89));
#3332 = DIRECTION('',(-1.,0.,0.));
#3333 = DIRECTION('',(0.,-1.,0.));
#3334 = ADVANCED_FACE('',(#3335),#3379,.F.);
#3335 = FACE_BOUND('',#3336,.F.);
#3336 = EDGE_LOOP('',(#3337,#3345,#3353,#3362,#3371,#3377,#3378));
#3337 = ORIENTED_EDGE('',*,*,#3338,.F.);
#3338 = EDGE_CURVE('',#3339,#2311,#3341,.T.);
#3339 = VERTEX_POINT('',#3340);
#3340 = CARTESIAN_POINT('',(4.,87.058994578326,16.5));
#3341 = LINE('',#3342,#3343);
#3342 = CARTESIAN_POINT('',(4.,88.058994578326,16.5));
#3343 = VECTOR('',#3344,1.);
#3344 = DIRECTION('',(0.,-1.,0.));
#3345 = ORIENTED_EDGE('',*,*,#3346,.F.);
#3346 = EDGE_CURVE('',#3347,#3339,#3349,.T.);
#3347 = VERTEX_POINT('',#3348);
#3348 = CARTESIAN_POINT('',(2.675568255208,87.058994578326,16.5));
#3349 = LINE('',#3350,#3351);
#3350 = CARTESIAN_POINT('',(4.4375,87.058994578326,16.5));
#3351 = VECTOR('',#3352,1.);
#3352 = DIRECTION('',(1.,0.,0.));
#3353 = ORIENTED_EDGE('',*,*,#3354,.F.);
#3354 = EDGE_CURVE('',#3355,#3347,#3357,.T.);
#3355 = VERTEX_POINT('',#3356);
#3356 = CARTESIAN_POINT('',(0.,85.00862583786,16.5));
#3357 = HYPERBOLA('',#3358,2.85475,2.85);
#3358 = AXIS2_PLACEMENT_3D('',#3359,#3360,#3361);
#3359 = CARTESIAN_POINT('',(4.875,90.664994578326,16.5));
#3360 = DIRECTION('',(0.,0.,1.));
#3361 = DIRECTION('',(0.,-1.,0.));
#3362 = ORIENTED_EDGE('',*,*,#3363,.F.);
#3363 = EDGE_CURVE('',#3364,#3355,#3366,.T.);
#3364 = VERTEX_POINT('',#3365);
#3365 = CARTESIAN_POINT('',(-2.675568255208,87.058994578326,16.5));
#3366 = HYPERBOLA('',#3367,2.85475,2.85);
#3367 = AXIS2_PLACEMENT_3D('',#3368,#3369,#3370);
#3368 = CARTESIAN_POINT('',(-4.875,90.664994578326,16.5));
#3369 = DIRECTION('',(0.,0.,1.));
#3370 = DIRECTION('',(0.,-1.,0.));
#3371 = ORIENTED_EDGE('',*,*,#3372,.F.);
#3372 = EDGE_CURVE('',#3310,#3364,#3373,.T.);
#3373 = LINE('',#3374,#3375);
#3374 = CARTESIAN_POINT('',(-0.4375,87.058994578326,16.5));
#3375 = VECTOR('',#3376,1.);
#3376 = DIRECTION('',(1.,0.,0.));
#3377 = ORIENTED_EDGE('',*,*,#3324,.T.);
#3378 = ORIENTED_EDGE('',*,*,#2318,.T.);
#3379 = PLANE('',#3380);
#3380 = AXIS2_PLACEMENT_3D('',#3381,#3382,#3383);
#3381 = CARTESIAN_POINT('',(4.,88.058994578326,16.5));
#3382 = DIRECTION('',(0.,0.,1.));
#3383 = DIRECTION('',(0.,-1.,0.));
#3384 = ADVANCED_FACE('',(#3385),#3403,.T.);
#3385 = FACE_BOUND('',#3386,.T.);
#3386 = EDGE_LOOP('',(#3387,#3395,#3401,#3402));
#3387 = ORIENTED_EDGE('',*,*,#3388,.F.);
#3388 = EDGE_CURVE('',#3389,#3339,#3391,.T.);
#3389 = VERTEX_POINT('',#3390);
#3390 = CARTESIAN_POINT('',(4.,87.058994578326,14.471203385283));
#3391 = LINE('',#3392,#3393);
#3392 = CARTESIAN_POINT('',(4.,87.058994578326,11.67));
#3393 = VECTOR('',#3394,1.);
#3394 = DIRECTION('',(0.,-0.,1.));
#3395 = ORIENTED_EDGE('',*,*,#3396,.T.);
#3396 = EDGE_CURVE('',#3389,#2302,#3397,.T.);
#3397 = LINE('',#3398,#3399);
#3398 = CARTESIAN_POINT('',(4.,88.058994578326,14.471203385283));
#3399 = VECTOR('',#3400,1.);
#3400 = DIRECTION('',(0.,-1.,0.));
#3401 = ORIENTED_EDGE('',*,*,#2310,.T.);
#3402 = ORIENTED_EDGE('',*,*,#3338,.F.);
#3403 = PLANE('',#3404);
#3404 = AXIS2_PLACEMENT_3D('',#3405,#3406,#3407);
#3405 = CARTESIAN_POINT('',(4.,88.058994578326,9.89));
#3406 = DIRECTION('',(-1.,0.,0.));
#3407 = DIRECTION('',(0.,-1.,0.));
#3408 = ADVANCED_FACE('',(#3409),#3434,.T.);
#3409 = FACE_BOUND('',#3410,.T.);
#3410 = EDGE_LOOP('',(#3411,#3421,#3427,#3428));
#3411 = ORIENTED_EDGE('',*,*,#3412,.F.);
#3412 = EDGE_CURVE('',#3413,#3415,#3417,.T.);
#3413 = VERTEX_POINT('',#3414);
#3414 = CARTESIAN_POINT('',(6.075,87.058994578326,13.45));
#3415 = VERTEX_POINT('',#3416);
#3416 = CARTESIAN_POINT('',(6.075,87.058994578326,13.65));
#3417 = LINE('',#3418,#3419);
#3418 = CARTESIAN_POINT('',(6.075,87.058994578326,13.45));
#3419 = VECTOR('',#3420,1.);
#3420 = DIRECTION('',(0.,-0.,1.));
#3421 = ORIENTED_EDGE('',*,*,#3422,.T.);
#3422 = EDGE_CURVE('',#3413,#2276,#3423,.T.);
#3423 = LINE('',#3424,#3425);
#3424 = CARTESIAN_POINT('',(6.075,88.058994578326,13.45));
#3425 = VECTOR('',#3426,1.);
#3426 = DIRECTION('',(0.,-1.,0.));
#3427 = ORIENTED_EDGE('',*,*,#2284,.T.);
#3428 = ORIENTED_EDGE('',*,*,#3429,.F.);
#3429 = EDGE_CURVE('',#3415,#2285,#3430,.T.);
#3430 = LINE('',#3431,#3432);
#3431 = CARTESIAN_POINT('',(6.075,88.058994578326,13.65));
#3432 = VECTOR('',#3433,1.);
#3433 = DIRECTION('',(0.,-1.,0.));
#3434 = PLANE('',#3435);
#3435 = AXIS2_PLACEMENT_3D('',#3436,#3437,#3438);
#3436 = CARTESIAN_POINT('',(6.075,88.058994578326,13.45));
#3437 = DIRECTION('',(-1.,0.,0.));
#3438 = DIRECTION('',(0.,-1.,0.));
#3439 = ADVANCED_FACE('',(#3440),#3459,.F.);
#3440 = FACE_BOUND('',#3441,.F.);
#3441 = EDGE_LOOP('',(#3442,#3443,#3444,#3452));
#3442 = ORIENTED_EDGE('',*,*,#3422,.T.);
#3443 = ORIENTED_EDGE('',*,*,#2275,.F.);
#3444 = ORIENTED_EDGE('',*,*,#3445,.F.);
#3445 = EDGE_CURVE('',#3446,#2268,#3448,.T.);
#3446 = VERTEX_POINT('',#3447);
#3447 = CARTESIAN_POINT('',(4.,87.058994578326,12.628796614717));
#3448 = LINE('',#3449,#3450);
#3449 = CARTESIAN_POINT('',(4.,88.058994578326,12.628796614717));
#3450 = VECTOR('',#3451,1.);
#3451 = DIRECTION('',(0.,-1.,0.));
#3452 = ORIENTED_EDGE('',*,*,#3453,.T.);
#3453 = EDGE_CURVE('',#3446,#3413,#3454,.T.);
#3454 = CIRCLE('',#3455,1.2);
#3455 = AXIS2_PLACEMENT_3D('',#3456,#3457,#3458);
#3456 = CARTESIAN_POINT('',(4.875,87.058994578326,13.45));
#3457 = DIRECTION('',(0.,-1.,0.));
#3458 = DIRECTION('',(0.,0.,1.));
#3459 = CYLINDRICAL_SURFACE('',#3460,1.2);
#3460 = AXIS2_PLACEMENT_3D('',#3461,#3462,#3463);
#3461 = CARTESIAN_POINT('',(4.875,88.058994578326,13.45));
#3462 = DIRECTION('',(0.,-1.,0.));
#3463 = DIRECTION('',(0.,0.,1.));
#3464 = ADVANCED_FACE('',(#3465),#3537,.T.);
#3465 = FACE_BOUND('',#3466,.T.);
#3466 = EDGE_LOOP('',(#3467,#3475,#3483,#3491,#3502,#3510,#3521,#3529,
    #3535,#3536));
#3467 = ORIENTED_EDGE('',*,*,#3468,.F.);
#3468 = EDGE_CURVE('',#3469,#3446,#3471,.T.);
#3469 = VERTEX_POINT('',#3470);
#3470 = CARTESIAN_POINT('',(4.,87.058994578326,10.9));
#3471 = LINE('',#3472,#3473);
#3472 = CARTESIAN_POINT('',(4.,87.058994578326,11.67));
#3473 = VECTOR('',#3474,1.);
#3474 = DIRECTION('',(0.,-0.,1.));
#3475 = ORIENTED_EDGE('',*,*,#3476,.T.);
#3476 = EDGE_CURVE('',#3469,#3477,#3479,.T.);
#3477 = VERTEX_POINT('',#3478);
#3478 = CARTESIAN_POINT('',(4.,81.048994578327,10.9));
#3479 = LINE('',#3480,#3481);
#3480 = CARTESIAN_POINT('',(4.,88.058994578326,10.9));
#3481 = VECTOR('',#3482,1.);
#3482 = DIRECTION('',(0.,-1.,0.));
#3483 = ORIENTED_EDGE('',*,*,#3484,.T.);
#3484 = EDGE_CURVE('',#3477,#3485,#3487,.T.);
#3485 = VERTEX_POINT('',#3486);
#3486 = CARTESIAN_POINT('',(4.,81.048994578327,10.89));
#3487 = LINE('',#3488,#3489);
#3488 = CARTESIAN_POINT('',(4.,81.048994578327,-11.255));
#3489 = VECTOR('',#3490,1.);
#3490 = DIRECTION('',(-0.,-0.,-1.));
#3491 = ORIENTED_EDGE('',*,*,#3492,.F.);
#3492 = EDGE_CURVE('',#3493,#3485,#3495,.T.);
#3493 = VERTEX_POINT('',#3494);
#3494 = CARTESIAN_POINT('',(4.,80.058994578326,9.9));
#3495 = B_SPLINE_CURVE_WITH_KNOTS('',5,(#3496,#3497,#3498,#3499,#3500,
    #3501),.UNSPECIFIED.,.F.,.F.,(6,6),(0.,1.),
  .PIECEWISE_BEZIER_KNOTS.);
#3496 = CARTESIAN_POINT('',(4.,80.058994578326,9.9));
#3497 = CARTESIAN_POINT('',(4.,80.256145144863,10.097150566536));
#3498 = CARTESIAN_POINT('',(4.,80.453781356229,10.294786777902));
#3499 = CARTESIAN_POINT('',(4.,80.651835796592,10.492841218265));
#3500 = CARTESIAN_POINT('',(4.,80.850254390989,10.691259812662));
#3501 = CARTESIAN_POINT('',(4.,81.048995178326,10.8900006));
#3502 = ORIENTED_EDGE('',*,*,#3503,.T.);
#3503 = EDGE_CURVE('',#3493,#3504,#3506,.T.);
#3504 = VERTEX_POINT('',#3505);
#3505 = CARTESIAN_POINT('',(4.,76.058994578326,9.9));
#3506 = LINE('',#3507,#3508);
#3507 = CARTESIAN_POINT('',(4.,88.058994578326,9.9));
#3508 = VECTOR('',#3509,1.);
#3509 = DIRECTION('',(0.,-1.,0.));
#3510 = ORIENTED_EDGE('',*,*,#3511,.T.);
#3511 = EDGE_CURVE('',#3504,#3512,#3514,.T.);
#3512 = VERTEX_POINT('',#3513);
#3513 = CARTESIAN_POINT('',(4.,75.068994578326,10.89));
#3514 = B_SPLINE_CURVE_WITH_KNOTS('',5,(#3515,#3516,#3517,#3518,#3519,
    #3520),.UNSPECIFIED.,.F.,.F.,(6,6),(0.,1.),
  .PIECEWISE_BEZIER_KNOTS.);
#3515 = CARTESIAN_POINT('',(4.,76.058994578326,9.9));
#3516 = CARTESIAN_POINT('',(4.,75.86184401179,10.097150566536));
#3517 = CARTESIAN_POINT('',(4.,75.664207800424,10.294786777902));
#3518 = CARTESIAN_POINT('',(4.,75.466153360061,10.492841218265));
#3519 = CARTESIAN_POINT('',(4.,75.267734765664,10.691259812662));
#3520 = CARTESIAN_POINT('',(4.,75.068993978326,10.8900006));
#3521 = ORIENTED_EDGE('',*,*,#3522,.F.);
#3522 = EDGE_CURVE('',#3523,#3512,#3525,.T.);
#3523 = VERTEX_POINT('',#3524);
#3524 = CARTESIAN_POINT('',(4.,75.068994578326,10.9));
#3525 = LINE('',#3526,#3527);
#3526 = CARTESIAN_POINT('',(4.,75.068994578326,-11.255));
#3527 = VECTOR('',#3528,1.);
#3528 = DIRECTION('',(-0.,-0.,-1.));
#3529 = ORIENTED_EDGE('',*,*,#3530,.T.);
#3530 = EDGE_CURVE('',#3523,#2260,#3531,.T.);
#3531 = LINE('',#3532,#3533);
#3532 = CARTESIAN_POINT('',(4.,81.563994578326,10.9));
#3533 = VECTOR('',#3534,1.);
#3534 = DIRECTION('',(0.,-1.,0.));
#3535 = ORIENTED_EDGE('',*,*,#2267,.T.);
#3536 = ORIENTED_EDGE('',*,*,#3445,.F.);
#3537 = PLANE('',#3538);
#3538 = AXIS2_PLACEMENT_3D('',#3539,#3540,#3541);
#3539 = CARTESIAN_POINT('',(4.,88.058994578326,9.89));
#3540 = DIRECTION('',(-1.,0.,0.));
#3541 = DIRECTION('',(0.,-1.,0.));
#3542 = ADVANCED_FACE('',(#3543),#3561,.F.);
#3543 = FACE_BOUND('',#3544,.F.);
#3544 = EDGE_LOOP('',(#3545,#3553,#3559,#3560));
#3545 = ORIENTED_EDGE('',*,*,#3546,.F.);
#3546 = EDGE_CURVE('',#3547,#2252,#3549,.T.);
#3547 = VERTEX_POINT('',#3548);
#3548 = CARTESIAN_POINT('',(11.65,75.068994578326,10.9));
#3549 = LINE('',#3550,#3551);
#3550 = CARTESIAN_POINT('',(11.65,75.068994578326,10.9));
#3551 = VECTOR('',#3552,1.);
#3552 = DIRECTION('',(0.,-1.,0.));
#3553 = ORIENTED_EDGE('',*,*,#3554,.T.);
#3554 = EDGE_CURVE('',#3547,#3523,#3555,.T.);
#3555 = LINE('',#3556,#3557);
#3556 = CARTESIAN_POINT('',(11.65,75.068994578326,10.9));
#3557 = VECTOR('',#3558,1.);
#3558 = DIRECTION('',(-1.,0.,0.));
#3559 = ORIENTED_EDGE('',*,*,#3530,.T.);
#3560 = ORIENTED_EDGE('',*,*,#2259,.F.);
#3561 = PLANE('',#3562);
#3562 = AXIS2_PLACEMENT_3D('',#3563,#3564,#3565);
#3563 = CARTESIAN_POINT('',(11.65,75.068994578326,10.9));
#3564 = DIRECTION('',(0.,0.,1.));
#3565 = DIRECTION('',(0.,-1.,0.));
#3566 = ADVANCED_FACE('',(#3567),#3585,.T.);
#3567 = FACE_BOUND('',#3568,.T.);
#3568 = EDGE_LOOP('',(#3569,#3570,#3578,#3584));
#3569 = ORIENTED_EDGE('',*,*,#3546,.F.);
#3570 = ORIENTED_EDGE('',*,*,#3571,.F.);
#3571 = EDGE_CURVE('',#3572,#3547,#3574,.T.);
#3572 = VERTEX_POINT('',#3573);
#3573 = CARTESIAN_POINT('',(11.65,75.068994578326,-32.4));
#3574 = LINE('',#3575,#3576);
#3575 = CARTESIAN_POINT('',(11.65,75.068994578326,-32.4));
#3576 = VECTOR('',#3577,1.);
#3577 = DIRECTION('',(0.,0.,1.));
#3578 = ORIENTED_EDGE('',*,*,#3579,.T.);
#3579 = EDGE_CURVE('',#3572,#2244,#3580,.T.);
#3580 = LINE('',#3581,#3582);
#3581 = CARTESIAN_POINT('',(11.65,75.068994578326,-32.4));
#3582 = VECTOR('',#3583,1.);
#3583 = DIRECTION('',(0.,-1.,0.));
#3584 = ORIENTED_EDGE('',*,*,#2251,.T.);
#3585 = PLANE('',#3586);
#3586 = AXIS2_PLACEMENT_3D('',#3587,#3588,#3589);
#3587 = CARTESIAN_POINT('',(11.65,75.068994578326,-32.4));
#3588 = DIRECTION('',(-1.,0.,0.));
#3589 = DIRECTION('',(0.,-1.,0.));
#3590 = ADVANCED_FACE('',(#3591),#3602,.T.);
#3591 = FACE_BOUND('',#3592,.T.);
#3592 = EDGE_LOOP('',(#3593,#3594,#3600,#3601));
#3593 = ORIENTED_EDGE('',*,*,#3579,.F.);
#3594 = ORIENTED_EDGE('',*,*,#3595,.T.);
#3595 = EDGE_CURVE('',#3572,#3134,#3596,.T.);
#3596 = LINE('',#3597,#3598);
#3597 = CARTESIAN_POINT('',(11.65,75.068994578326,-32.4));
#3598 = VECTOR('',#3599,1.);
#3599 = DIRECTION('',(-1.,0.,0.));
#3600 = ORIENTED_EDGE('',*,*,#3141,.T.);
#3601 = ORIENTED_EDGE('',*,*,#2243,.T.);
#3602 = PLANE('',#3603);
#3603 = AXIS2_PLACEMENT_3D('',#3604,#3605,#3606);
#3604 = CARTESIAN_POINT('',(11.65,75.068994578326,-32.4));
#3605 = DIRECTION('',(0.,0.,1.));
#3606 = DIRECTION('',(0.,-1.,0.));
#3607 = ADVANCED_FACE('',(#3608),#3611,.T.);
#3608 = FACE_BOUND('',#3609,.T.);
#3609 = EDGE_LOOP('',(#3610));
#3610 = ORIENTED_EDGE('',*,*,#2399,.T.);
#3611 = PLANE('',#3612);
#3612 = AXIS2_PLACEMENT_3D('',#3613,#3614,#3615);
#3613 = CARTESIAN_POINT('',(0.,-19.5,-83.34184123236));
#3614 = DIRECTION('',(0.,0.,1.));
#3615 = DIRECTION('',(1.,0.,-0.));
#3616 = ADVANCED_FACE('',(#3617),#3620,.T.);
#3617 = FACE_BOUND('',#3618,.T.);
#3618 = EDGE_LOOP('',(#3619));
#3619 = ORIENTED_EDGE('',*,*,#2552,.T.);
#3620 = PLANE('',#3621);
#3621 = AXIS2_PLACEMENT_3D('',#3622,#3623,#3624);
#3622 = CARTESIAN_POINT('',(0.,19.5,-83.34184123236));
#3623 = DIRECTION('',(0.,0.,1.));
#3624 = DIRECTION('',(1.,0.,-0.));
#3625 = ADVANCED_FACE('',(#3626,#3787,#3797),#3807,.T.);
#3626 = FACE_BOUND('',#3627,.T.);
#3627 = EDGE_LOOP('',(#3628,#3629,#3637,#3645,#3654,#3663,#3671,#3680,
    #3689,#3697,#3706,#3715,#3723,#3732,#3741,#3749,#3757,#3765,#3773,
    #3781));
#3628 = ORIENTED_EDGE('',*,*,#86,.F.);
#3629 = ORIENTED_EDGE('',*,*,#3630,.T.);
#3630 = EDGE_CURVE('',#87,#3631,#3633,.T.);
#3631 = VERTEX_POINT('',#3632);
#3632 = CARTESIAN_POINT('',(-16.,81.058994578326,19.5));
#3633 = LINE('',#3634,#3635);
#3634 = CARTESIAN_POINT('',(-16.,81.058994578326,-92.34184123236));
#3635 = VECTOR('',#3636,1.);
#3636 = DIRECTION('',(0.,0.,1.));
#3637 = ORIENTED_EDGE('',*,*,#3638,.T.);
#3638 = EDGE_CURVE('',#3631,#3639,#3641,.T.);
#3639 = VERTEX_POINT('',#3640);
#3640 = CARTESIAN_POINT('',(-12.47407357084,81.058994578327,19.5));
#3641 = LINE('',#3642,#3643);
#3642 = CARTESIAN_POINT('',(-16.,81.058994578326,19.5));
#3643 = VECTOR('',#3644,1.);
#3644 = DIRECTION('',(1.,0.,-0.));
#3645 = ORIENTED_EDGE('',*,*,#3646,.F.);
#3646 = EDGE_CURVE('',#3647,#3639,#3649,.T.);
#3647 = VERTEX_POINT('',#3648);
#3648 = CARTESIAN_POINT('',(-14.46449524923,81.058994578326,13.55));
#3649 = CIRCLE('',#3650,9.590016638935);
#3650 = AXIS2_PLACEMENT_3D('',#3651,#3652,#3653);
#3651 = CARTESIAN_POINT('',(-4.875,81.058994578326,13.65));
#3652 = DIRECTION('',(0.,1.,0.));
#3653 = DIRECTION('',(-0.,0.,-1.));
#3654 = ORIENTED_EDGE('',*,*,#3655,.F.);
#3655 = EDGE_CURVE('',#3656,#3647,#3658,.T.);
#3656 = VERTEX_POINT('',#3657);
#3657 = CARTESIAN_POINT('',(-11.65,81.058994578326,6.662674007015));
#3658 = CIRCLE('',#3659,9.590016638935);
#3659 = AXIS2_PLACEMENT_3D('',#3660,#3661,#3662);
#3660 = CARTESIAN_POINT('',(-4.875,81.058994578326,13.45));
#3661 = DIRECTION('',(0.,1.,0.));
#3662 = DIRECTION('',(-0.,0.,-1.));
#3663 = ORIENTED_EDGE('',*,*,#3664,.T.);
#3664 = EDGE_CURVE('',#3656,#3665,#3667,.T.);
#3665 = VERTEX_POINT('',#3666);
#3666 = CARTESIAN_POINT('',(-11.65,81.058994578326,-28.16267400701));
#3667 = LINE('',#3668,#3669);
#3668 = CARTESIAN_POINT('',(-11.65,81.058994578326,10.9));
#3669 = VECTOR('',#3670,1.);
#3670 = DIRECTION('',(0.,0.,-1.));
#3671 = ORIENTED_EDGE('',*,*,#3672,.F.);
#3672 = EDGE_CURVE('',#3673,#3665,#3675,.T.);
#3673 = VERTEX_POINT('',#3674);
#3674 = CARTESIAN_POINT('',(-14.46449524923,81.058994578326,-35.05));
#3675 = CIRCLE('',#3676,9.590016638935);
#3676 = AXIS2_PLACEMENT_3D('',#3677,#3678,#3679);
#3677 = CARTESIAN_POINT('',(-4.875,81.058994578326,-34.95));
#3678 = DIRECTION('',(0.,1.,0.));
#3679 = DIRECTION('',(-0.,0.,-1.));
#3680 = ORIENTED_EDGE('',*,*,#3681,.F.);
#3681 = EDGE_CURVE('',#3682,#3673,#3684,.T.);
#3682 = VERTEX_POINT('',#3683);
#3683 = CARTESIAN_POINT('',(-12.47407357084,81.058994578326,-41.));
#3684 = CIRCLE('',#3685,9.590016638935);
#3685 = AXIS2_PLACEMENT_3D('',#3686,#3687,#3688);
#3686 = CARTESIAN_POINT('',(-4.875,81.058994578326,-35.15));
#3687 = DIRECTION('',(0.,1.,0.));
#3688 = DIRECTION('',(-0.,0.,-1.));
#3689 = ORIENTED_EDGE('',*,*,#3690,.T.);
#3690 = EDGE_CURVE('',#3682,#3691,#3693,.T.);
#3691 = VERTEX_POINT('',#3692);
#3692 = CARTESIAN_POINT('',(12.474073570841,81.058994578326,-41.));
#3693 = LINE('',#3694,#3695);
#3694 = CARTESIAN_POINT('',(0.,81.058994578326,-41.));
#3695 = VECTOR('',#3696,1.);
#3696 = DIRECTION('',(1.,0.,-0.));
#3697 = ORIENTED_EDGE('',*,*,#3698,.F.);
#3698 = EDGE_CURVE('',#3699,#3691,#3701,.T.);
#3699 = VERTEX_POINT('',#3700);
#3700 = CARTESIAN_POINT('',(14.464495249232,81.058994578326,-35.05));
#3701 = CIRCLE('',#3702,9.590016638935);
#3702 = AXIS2_PLACEMENT_3D('',#3703,#3704,#3705);
#3703 = CARTESIAN_POINT('',(4.875,81.058994578326,-35.15));
#3704 = DIRECTION('',(0.,1.,0.));
#3705 = DIRECTION('',(-0.,0.,-1.));
#3706 = ORIENTED_EDGE('',*,*,#3707,.F.);
#3707 = EDGE_CURVE('',#3708,#3699,#3710,.T.);
#3708 = VERTEX_POINT('',#3709);
#3709 = CARTESIAN_POINT('',(11.65,81.058994578326,-28.16267400701));
#3710 = CIRCLE('',#3711,9.590016638935);
#3711 = AXIS2_PLACEMENT_3D('',#3712,#3713,#3714);
#3712 = CARTESIAN_POINT('',(4.875,81.058994578326,-34.95));
#3713 = DIRECTION('',(0.,1.,0.));
#3714 = DIRECTION('',(-0.,0.,-1.));
#3715 = ORIENTED_EDGE('',*,*,#3716,.T.);
#3716 = EDGE_CURVE('',#3708,#3717,#3719,.T.);
#3717 = VERTEX_POINT('',#3718);
#3718 = CARTESIAN_POINT('',(11.65,81.058994578326,6.662674007015));
#3719 = LINE('',#3720,#3721);
#3720 = CARTESIAN_POINT('',(11.65,81.058994578326,-32.4));
#3721 = VECTOR('',#3722,1.);
#3722 = DIRECTION('',(0.,0.,1.));
#3723 = ORIENTED_EDGE('',*,*,#3724,.F.);
#3724 = EDGE_CURVE('',#3725,#3717,#3727,.T.);
#3725 = VERTEX_POINT('',#3726);
#3726 = CARTESIAN_POINT('',(14.464495249232,81.058994578326,13.55));
#3727 = CIRCLE('',#3728,9.590016638935);
#3728 = AXIS2_PLACEMENT_3D('',#3729,#3730,#3731);
#3729 = CARTESIAN_POINT('',(4.875,81.058994578326,13.45));
#3730 = DIRECTION('',(0.,1.,0.));
#3731 = DIRECTION('',(-0.,0.,-1.));
#3732 = ORIENTED_EDGE('',*,*,#3733,.F.);
#3733 = EDGE_CURVE('',#3734,#3725,#3736,.T.);
#3734 = VERTEX_POINT('',#3735);
#3735 = CARTESIAN_POINT('',(12.474073570841,81.058994578327,19.5));
#3736 = CIRCLE('',#3737,9.590016638935);
#3737 = AXIS2_PLACEMENT_3D('',#3738,#3739,#3740);
#3738 = CARTESIAN_POINT('',(4.875,81.058994578326,13.65));
#3739 = DIRECTION('',(0.,1.,0.));
#3740 = DIRECTION('',(-0.,0.,-1.));
#3741 = ORIENTED_EDGE('',*,*,#3742,.T.);
#3742 = EDGE_CURVE('',#3734,#3743,#3745,.T.);
#3743 = VERTEX_POINT('',#3744);
#3744 = CARTESIAN_POINT('',(16.,81.058994578326,19.5));
#3745 = LINE('',#3746,#3747);
#3746 = CARTESIAN_POINT('',(-16.,81.058994578326,19.5));
#3747 = VECTOR('',#3748,1.);
#3748 = DIRECTION('',(1.,0.,-0.));
#3749 = ORIENTED_EDGE('',*,*,#3750,.F.);
#3750 = EDGE_CURVE('',#3751,#3743,#3753,.T.);
#3751 = VERTEX_POINT('',#3752);
#3752 = CARTESIAN_POINT('',(16.,81.058994578326,-61.34184123236));
#3753 = LINE('',#3754,#3755);
#3754 = CARTESIAN_POINT('',(16.,81.058994578326,-92.34184123236));
#3755 = VECTOR('',#3756,1.);
#3756 = DIRECTION('',(0.,0.,1.));
#3757 = ORIENTED_EDGE('',*,*,#3758,.F.);
#3758 = EDGE_CURVE('',#3759,#3751,#3761,.T.);
#3759 = VERTEX_POINT('',#3760);
#3760 = CARTESIAN_POINT('',(11.,81.058994578326,-61.34184123236));
#3761 = LINE('',#3762,#3763);
#3762 = CARTESIAN_POINT('',(11.,81.058994578326,-61.34184123236));
#3763 = VECTOR('',#3764,1.);
#3764 = DIRECTION('',(1.,0.,0.));
#3765 = ORIENTED_EDGE('',*,*,#3766,.T.);
#3766 = EDGE_CURVE('',#3759,#3767,#3769,.T.);
#3767 = VERTEX_POINT('',#3768);
#3768 = CARTESIAN_POINT('',(11.,81.058994578326,-86.34184123236));
#3769 = LINE('',#3770,#3771);
#3770 = CARTESIAN_POINT('',(11.,81.058994578326,-61.34184123236));
#3771 = VECTOR('',#3772,1.);
#3772 = DIRECTION('',(0.,0.,-1.));
#3773 = ORIENTED_EDGE('',*,*,#3774,.T.);
#3774 = EDGE_CURVE('',#3767,#3775,#3777,.T.);
#3775 = VERTEX_POINT('',#3776);
#3776 = CARTESIAN_POINT('',(-11.,81.058994578326,-86.34184123236));
#3777 = LINE('',#3778,#3779);
#3778 = CARTESIAN_POINT('',(-16.,81.058994578326,-86.34184123236));
#3779 = VECTOR('',#3780,1.);
#3780 = DIRECTION('',(-1.,-0.,0.));
#3781 = ORIENTED_EDGE('',*,*,#3782,.F.);
#3782 = EDGE_CURVE('',#79,#3775,#3783,.T.);
#3783 = LINE('',#3784,#3785);
#3784 = CARTESIAN_POINT('',(-11.,81.058994578326,-61.34184123236));
#3785 = VECTOR('',#3786,1.);
#3786 = DIRECTION('',(0.,0.,-1.));
#3787 = FACE_BOUND('',#3788,.T.);
#3788 = EDGE_LOOP('',(#3789,#3790,#3791,#3792,#3793,#3794,#3795,#3796));
#3789 = ORIENTED_EDGE('',*,*,#2670,.T.);
#3790 = ORIENTED_EDGE('',*,*,#2838,.T.);
#3791 = ORIENTED_EDGE('',*,*,#2814,.T.);
#3792 = ORIENTED_EDGE('',*,*,#2790,.T.);
#3793 = ORIENTED_EDGE('',*,*,#2766,.T.);
#3794 = ORIENTED_EDGE('',*,*,#2742,.T.);
#3795 = ORIENTED_EDGE('',*,*,#2718,.T.);
#3796 = ORIENTED_EDGE('',*,*,#2694,.T.);
#3797 = FACE_BOUND('',#3798,.T.);
#3798 = EDGE_LOOP('',(#3799,#3800,#3801,#3802,#3803,#3804,#3805,#3806));
#3799 = ORIENTED_EDGE('',*,*,#2862,.T.);
#3800 = ORIENTED_EDGE('',*,*,#3030,.T.);
#3801 = ORIENTED_EDGE('',*,*,#3006,.T.);
#3802 = ORIENTED_EDGE('',*,*,#2982,.T.);
#3803 = ORIENTED_EDGE('',*,*,#2958,.T.);
#3804 = ORIENTED_EDGE('',*,*,#2934,.T.);
#3805 = ORIENTED_EDGE('',*,*,#2910,.T.);
#3806 = ORIENTED_EDGE('',*,*,#2886,.T.);
#3807 = PLANE('',#3808);
#3808 = AXIS2_PLACEMENT_3D('',#3809,#3810,#3811);
#3809 = CARTESIAN_POINT('',(-16.,81.058994578326,-92.34184123236));
#3810 = DIRECTION('',(-0.,1.,0.));
#3811 = DIRECTION('',(0.,0.,1.));
#3812 = ADVANCED_FACE('',(#3813),#3855,.T.);
#3813 = FACE_BOUND('',#3814,.T.);
#3814 = EDGE_LOOP('',(#3815,#3816,#3817,#3818,#3819,#3820,#3827,#3834,
    #3841,#3848,#3853,#3854));
#3815 = ORIENTED_EDGE('',*,*,#3133,.F.);
#3816 = ORIENTED_EDGE('',*,*,#3595,.F.);
#3817 = ORIENTED_EDGE('',*,*,#3571,.T.);
#3818 = ORIENTED_EDGE('',*,*,#3554,.T.);
#3819 = ORIENTED_EDGE('',*,*,#3522,.T.);
#3820 = ORIENTED_EDGE('',*,*,#3821,.T.);
#3821 = EDGE_CURVE('',#3512,#3822,#3824,.T.);
#3822 = VERTEX_POINT('',#3823);
#3823 = CARTESIAN_POINT('',(11.64,75.068994578326,10.89));
#3824 = B_SPLINE_CURVE_WITH_KNOTS('',1,(#3825,#3826),.UNSPECIFIED.,.F.,
  .F.,(2,2),(0.,1.),.PIECEWISE_BEZIER_KNOTS.);
#3825 = CARTESIAN_POINT('',(-11.64,75.068994578326,10.89));
#3826 = CARTESIAN_POINT('',(11.64,75.068994578326,10.89));
#3827 = ORIENTED_EDGE('',*,*,#3828,.T.);
#3828 = EDGE_CURVE('',#3822,#3829,#3831,.T.);
#3829 = VERTEX_POINT('',#3830);
#3830 = CARTESIAN_POINT('',(11.64,75.068994578326,-32.39));
#3831 = B_SPLINE_CURVE_WITH_KNOTS('',1,(#3832,#3833),.UNSPECIFIED.,.F.,
  .F.,(2,2),(0.,1.),.PIECEWISE_BEZIER_KNOTS.);
#3832 = CARTESIAN_POINT('',(11.64,75.068994578326,10.89));
#3833 = CARTESIAN_POINT('',(11.64,75.068994578326,-32.39));
#3834 = ORIENTED_EDGE('',*,*,#3835,.T.);
#3835 = EDGE_CURVE('',#3829,#3836,#3838,.T.);
#3836 = VERTEX_POINT('',#3837);
#3837 = CARTESIAN_POINT('',(-11.64,75.068994578326,-32.39));
#3838 = B_SPLINE_CURVE_WITH_KNOTS('',1,(#3839,#3840),.UNSPECIFIED.,.F.,
  .F.,(2,2),(0.,1.),.PIECEWISE_BEZIER_KNOTS.);
#3839 = CARTESIAN_POINT('',(11.64,75.068994578326,-32.39));
#3840 = CARTESIAN_POINT('',(-11.64,75.068994578326,-32.39));
#3841 = ORIENTED_EDGE('',*,*,#3842,.T.);
#3842 = EDGE_CURVE('',#3836,#3843,#3845,.T.);
#3843 = VERTEX_POINT('',#3844);
#3844 = CARTESIAN_POINT('',(-11.64,75.068994578326,10.89));
#3845 = B_SPLINE_CURVE_WITH_KNOTS('',1,(#3846,#3847),.UNSPECIFIED.,.F.,
  .F.,(2,2),(0.,1.),.PIECEWISE_BEZIER_KNOTS.);
#3846 = CARTESIAN_POINT('',(-11.64,75.068994578326,-32.39));
#3847 = CARTESIAN_POINT('',(-11.64,75.068994578326,10.89));
#3848 = ORIENTED_EDGE('',*,*,#3849,.T.);
#3849 = EDGE_CURVE('',#3843,#3226,#3850,.T.);
#3850 = B_SPLINE_CURVE_WITH_KNOTS('',1,(#3851,#3852),.UNSPECIFIED.,.F.,
  .F.,(2,2),(0.,1.),.PIECEWISE_BEZIER_KNOTS.);
#3851 = CARTESIAN_POINT('',(-11.64,75.068994578326,10.89));
#3852 = CARTESIAN_POINT('',(11.64,75.068994578326,10.89));
#3853 = ORIENTED_EDGE('',*,*,#3236,.F.);
#3854 = ORIENTED_EDGE('',*,*,#3164,.T.);
#3855 = PLANE('',#3856);
#3856 = AXIS2_PLACEMENT_3D('',#3857,#3858,#3859);
#3857 = CARTESIAN_POINT('',(11.65,75.068994578326,-32.4));
#3858 = DIRECTION('',(0.,-1.,0.));
#3859 = DIRECTION('',(0.,0.,1.));
#3860 = ADVANCED_FACE('',(#3861),#3878,.F.);
#3861 = FACE_BOUND('',#3862,.F.);
#3862 = EDGE_LOOP('',(#3863,#3864,#3872,#3877));
#3863 = ORIENTED_EDGE('',*,*,#3225,.F.);
#3864 = ORIENTED_EDGE('',*,*,#3865,.T.);
#3865 = EDGE_CURVE('',#3218,#3866,#3868,.T.);
#3866 = VERTEX_POINT('',#3867);
#3867 = CARTESIAN_POINT('',(-10.65,76.058994578326,9.9));
#3868 = LINE('',#3869,#3870);
#3869 = CARTESIAN_POINT('',(10.65,76.058994578326,9.9));
#3870 = VECTOR('',#3871,1.);
#3871 = DIRECTION('',(-1.,0.,0.));
#3872 = ORIENTED_EDGE('',*,*,#3873,.T.);
#3873 = EDGE_CURVE('',#3866,#3843,#3874,.T.);
#3874 = B_SPLINE_CURVE_WITH_KNOTS('',1,(#3875,#3876),.UNSPECIFIED.,.F.,
  .F.,(2,2),(0.,1.),.PIECEWISE_BEZIER_KNOTS.);
#3875 = CARTESIAN_POINT('',(-10.65,76.058994578326,9.9));
#3876 = CARTESIAN_POINT('',(-11.65,75.058994578326,10.9));
#3877 = ORIENTED_EDGE('',*,*,#3849,.T.);
#3878 = B_SPLINE_SURFACE_WITH_KNOTS('',1,1,(
    (#3879,#3880)
    ,(#3881,#3882
    )),.UNSPECIFIED.,.F.,.F.,.F.,(2,2),(2,2),(0.,23.3),(0.,1.),
  .PIECEWISE_BEZIER_KNOTS.);
#3879 = CARTESIAN_POINT('',(10.65,76.058994578326,9.9));
#3880 = CARTESIAN_POINT('',(11.65,75.058994578326,10.9));
#3881 = CARTESIAN_POINT('',(-10.65,76.058994578326,9.9));
#3882 = CARTESIAN_POINT('',(-11.65,75.058994578326,10.9));
#3883 = ADVANCED_FACE('',(#3884),#3902,.F.);
#3884 = FACE_BOUND('',#3885,.F.);
#3885 = EDGE_LOOP('',(#3886,#3887,#3895,#3901));
#3886 = ORIENTED_EDGE('',*,*,#3217,.F.);
#3887 = ORIENTED_EDGE('',*,*,#3888,.T.);
#3888 = EDGE_CURVE('',#3207,#3889,#3891,.T.);
#3889 = VERTEX_POINT('',#3890);
#3890 = CARTESIAN_POINT('',(-10.65,80.058994578326,9.9));
#3891 = LINE('',#3892,#3893);
#3892 = CARTESIAN_POINT('',(10.65,80.058994578326,9.9));
#3893 = VECTOR('',#3894,1.);
#3894 = DIRECTION('',(-1.,0.,0.));
#3895 = ORIENTED_EDGE('',*,*,#3896,.T.);
#3896 = EDGE_CURVE('',#3889,#3866,#3897,.T.);
#3897 = LINE('',#3898,#3899);
#3898 = CARTESIAN_POINT('',(-10.65,88.058994578326,9.9));
#3899 = VECTOR('',#3900,1.);
#3900 = DIRECTION('',(0.,-1.,0.));
#3901 = ORIENTED_EDGE('',*,*,#3865,.F.);
#3902 = PLANE('',#3903);
#3903 = AXIS2_PLACEMENT_3D('',#3904,#3905,#3906);
#3904 = CARTESIAN_POINT('',(10.65,88.058994578326,9.9));
#3905 = DIRECTION('',(0.,0.,1.));
#3906 = DIRECTION('',(0.,-1.,0.));
#3907 = ADVANCED_FACE('',(#3908),#3924,.T.);
#3908 = FACE_BOUND('',#3909,.T.);
#3909 = EDGE_LOOP('',(#3910,#3911,#3912,#3919));
#3910 = ORIENTED_EDGE('',*,*,#3206,.F.);
#3911 = ORIENTED_EDGE('',*,*,#3888,.T.);
#3912 = ORIENTED_EDGE('',*,*,#3913,.T.);
#3913 = EDGE_CURVE('',#3889,#3914,#3916,.T.);
#3914 = VERTEX_POINT('',#3915);
#3915 = CARTESIAN_POINT('',(-11.64,81.048994578327,10.89));
#3916 = B_SPLINE_CURVE_WITH_KNOTS('',1,(#3917,#3918),.UNSPECIFIED.,.F.,
  .F.,(2,2),(0.,1.),.PIECEWISE_BEZIER_KNOTS.);
#3917 = CARTESIAN_POINT('',(-10.65,80.058994578326,9.9));
#3918 = CARTESIAN_POINT('',(-11.65,81.058994578326,10.9));
#3919 = ORIENTED_EDGE('',*,*,#3920,.T.);
#3920 = EDGE_CURVE('',#3914,#3199,#3921,.T.);
#3921 = B_SPLINE_CURVE_WITH_KNOTS('',1,(#3922,#3923),.UNSPECIFIED.,.F.,
  .F.,(2,2),(0.,1.),.PIECEWISE_BEZIER_KNOTS.);
#3922 = CARTESIAN_POINT('',(-11.64,81.048994578327,10.89));
#3923 = CARTESIAN_POINT('',(11.64,81.048994578327,10.89));
#3924 = B_SPLINE_SURFACE_WITH_KNOTS('',1,1,(
    (#3925,#3926)
    ,(#3927,#3928
    )),.UNSPECIFIED.,.F.,.F.,.F.,(2,2),(2,2),(0.,23.3),(0.,1.),
  .PIECEWISE_BEZIER_KNOTS.);
#3925 = CARTESIAN_POINT('',(10.65,80.058994578326,9.9));
#3926 = CARTESIAN_POINT('',(11.65,81.058994578326,10.9));
#3927 = CARTESIAN_POINT('',(-10.65,80.058994578326,9.9));
#3928 = CARTESIAN_POINT('',(-11.65,81.058994578326,10.9));
#3929 = ADVANCED_FACE('',(#3930),#3999,.F.);
#3930 = FACE_BOUND('',#3931,.F.);
#3931 = EDGE_LOOP('',(#3932,#3942,#3950,#3958,#3964,#3965,#3972,#3979,
    #3986,#3991,#3992,#3993));
#3932 = ORIENTED_EDGE('',*,*,#3933,.F.);
#3933 = EDGE_CURVE('',#3934,#3936,#3938,.T.);
#3934 = VERTEX_POINT('',#3935);
#3935 = CARTESIAN_POINT('',(-11.65,81.048994578327,-32.4));
#3936 = VERTEX_POINT('',#3937);
#3937 = CARTESIAN_POINT('',(-11.65,81.048994578327,10.9));
#3938 = LINE('',#3939,#3940);
#3939 = CARTESIAN_POINT('',(-11.65,81.048994578327,-32.4));
#3940 = VECTOR('',#3941,1.);
#3941 = DIRECTION('',(0.,0.,1.));
#3942 = ORIENTED_EDGE('',*,*,#3943,.F.);
#3943 = EDGE_CURVE('',#3944,#3934,#3946,.T.);
#3944 = VERTEX_POINT('',#3945);
#3945 = CARTESIAN_POINT('',(11.65,81.048994578327,-32.4));
#3946 = LINE('',#3947,#3948);
#3947 = CARTESIAN_POINT('',(11.65,81.048994578327,-32.4));
#3948 = VECTOR('',#3949,1.);
#3949 = DIRECTION('',(-1.,0.,0.));
#3950 = ORIENTED_EDGE('',*,*,#3951,.T.);
#3951 = EDGE_CURVE('',#3944,#3952,#3954,.T.);
#3952 = VERTEX_POINT('',#3953);
#3953 = CARTESIAN_POINT('',(11.65,81.048994578327,10.9));
#3954 = LINE('',#3955,#3956);
#3955 = CARTESIAN_POINT('',(11.65,81.048994578327,-32.4));
#3956 = VECTOR('',#3957,1.);
#3957 = DIRECTION('',(0.,0.,1.));
#3958 = ORIENTED_EDGE('',*,*,#3959,.T.);
#3959 = EDGE_CURVE('',#3952,#3477,#3960,.T.);
#3960 = LINE('',#3961,#3962);
#3961 = CARTESIAN_POINT('',(11.65,81.048994578327,10.9));
#3962 = VECTOR('',#3963,1.);
#3963 = DIRECTION('',(-1.,0.,0.));
#3964 = ORIENTED_EDGE('',*,*,#3484,.T.);
#3965 = ORIENTED_EDGE('',*,*,#3966,.T.);
#3966 = EDGE_CURVE('',#3485,#3967,#3969,.T.);
#3967 = VERTEX_POINT('',#3968);
#3968 = CARTESIAN_POINT('',(11.64,81.048994578327,10.89));
#3969 = B_SPLINE_CURVE_WITH_KNOTS('',1,(#3970,#3971),.UNSPECIFIED.,.F.,
  .F.,(2,2),(0.,1.),.PIECEWISE_BEZIER_KNOTS.);
#3970 = CARTESIAN_POINT('',(-11.64,81.048994578327,10.89));
#3971 = CARTESIAN_POINT('',(11.64,81.048994578327,10.89));
#3972 = ORIENTED_EDGE('',*,*,#3973,.T.);
#3973 = EDGE_CURVE('',#3967,#3974,#3976,.T.);
#3974 = VERTEX_POINT('',#3975);
#3975 = CARTESIAN_POINT('',(11.64,81.048994578327,-32.39));
#3976 = B_SPLINE_CURVE_WITH_KNOTS('',1,(#3977,#3978),.UNSPECIFIED.,.F.,
  .F.,(2,2),(0.,1.),.PIECEWISE_BEZIER_KNOTS.);
#3977 = CARTESIAN_POINT('',(11.64,81.048994578327,10.89));
#3978 = CARTESIAN_POINT('',(11.64,81.048994578327,-32.39));
#3979 = ORIENTED_EDGE('',*,*,#3980,.T.);
#3980 = EDGE_CURVE('',#3974,#3981,#3983,.T.);
#3981 = VERTEX_POINT('',#3982);
#3982 = CARTESIAN_POINT('',(-11.64,81.048994578327,-32.39));
#3983 = B_SPLINE_CURVE_WITH_KNOTS('',1,(#3984,#3985),.UNSPECIFIED.,.F.,
  .F.,(2,2),(0.,1.),.PIECEWISE_BEZIER_KNOTS.);
#3984 = CARTESIAN_POINT('',(11.64,81.048994578327,-32.39));
#3985 = CARTESIAN_POINT('',(-11.64,81.048994578327,-32.39));
#3986 = ORIENTED_EDGE('',*,*,#3987,.T.);
#3987 = EDGE_CURVE('',#3981,#3914,#3988,.T.);
#3988 = B_SPLINE_CURVE_WITH_KNOTS('',1,(#3989,#3990),.UNSPECIFIED.,.F.,
  .F.,(2,2),(0.,1.),.PIECEWISE_BEZIER_KNOTS.);
#3989 = CARTESIAN_POINT('',(-11.64,81.048994578327,-32.39));
#3990 = CARTESIAN_POINT('',(-11.64,81.048994578327,10.89));
#3991 = ORIENTED_EDGE('',*,*,#3920,.T.);
#3992 = ORIENTED_EDGE('',*,*,#3198,.F.);
#3993 = ORIENTED_EDGE('',*,*,#3994,.T.);
#3994 = EDGE_CURVE('',#3191,#3936,#3995,.T.);
#3995 = LINE('',#3996,#3997);
#3996 = CARTESIAN_POINT('',(11.65,81.048994578327,10.9));
#3997 = VECTOR('',#3998,1.);
#3998 = DIRECTION('',(-1.,0.,0.));
#3999 = PLANE('',#4000);
#4000 = AXIS2_PLACEMENT_3D('',#4001,#4002,#4003);
#4001 = CARTESIAN_POINT('',(11.65,81.048994578327,-32.4));
#4002 = DIRECTION('',(0.,-1.,0.));
#4003 = DIRECTION('',(0.,0.,1.));
#4004 = ADVANCED_FACE('',(#4005),#4041,.T.);
#4005 = FACE_BOUND('',#4006,.T.);
#4006 = EDGE_LOOP('',(#4007,#4016,#4023,#4024,#4033,#4040));
#4007 = ORIENTED_EDGE('',*,*,#4008,.F.);
#4008 = EDGE_CURVE('',#4009,#3364,#4011,.T.);
#4009 = VERTEX_POINT('',#4010);
#4010 = CARTESIAN_POINT('',(-8.473610843089,87.058994578326,13.55));
#4011 = CIRCLE('',#4012,3.6);
#4012 = AXIS2_PLACEMENT_3D('',#4013,#4014,#4015);
#4013 = CARTESIAN_POINT('',(-4.875,87.058994578326,13.65));
#4014 = DIRECTION('',(0.,1.,0.));
#4015 = DIRECTION('',(-0.,0.,-1.));
#4016 = ORIENTED_EDGE('',*,*,#4017,.T.);
#4017 = EDGE_CURVE('',#4009,#3647,#4018,.T.);
#4018 = HYPERBOLA('',#4019,0.100166666667,1.E-01);
#4019 = AXIS2_PLACEMENT_3D('',#4020,#4021,#4022);
#4020 = CARTESIAN_POINT('',(-4.875,90.664994578326,13.55));
#4021 = DIRECTION('',(-0.,-0.,-1.));
#4022 = DIRECTION('',(0.,-1.,0.));
#4023 = ORIENTED_EDGE('',*,*,#3646,.T.);
#4024 = ORIENTED_EDGE('',*,*,#4025,.T.);
#4025 = EDGE_CURVE('',#3639,#4026,#4028,.T.);
#4026 = VERTEX_POINT('',#4027);
#4027 = CARTESIAN_POINT('',(0.,83.037309488594,19.5));
#4028 = HYPERBOLA('',#4029,5.85975,5.85);
#4029 = AXIS2_PLACEMENT_3D('',#4030,#4031,#4032);
#4030 = CARTESIAN_POINT('',(-4.875,90.664994578326,19.5));
#4031 = DIRECTION('',(-0.,0.,1.));
#4032 = DIRECTION('',(0.,-1.,0.));
#4033 = ORIENTED_EDGE('',*,*,#4034,.T.);
#4034 = EDGE_CURVE('',#4026,#3355,#4035,.T.);
#4035 = HYPERBOLA('',#4036,4.883125,4.875);
#4036 = AXIS2_PLACEMENT_3D('',#4037,#4038,#4039);
#4037 = CARTESIAN_POINT('',(0.,90.664994578326,13.65));
#4038 = DIRECTION('',(1.,0.,0.));
#4039 = DIRECTION('',(0.,-1.,0.));
#4040 = ORIENTED_EDGE('',*,*,#3363,.F.);
#4041 = CONICAL_SURFACE('',#4042,9.6,0.784565524123);
#4042 = AXIS2_PLACEMENT_3D('',#4043,#4044,#4045);
#4043 = CARTESIAN_POINT('',(-4.875,81.048994578327,13.65));
#4044 = DIRECTION('',(0.,-1.,0.));
#4045 = DIRECTION('',(-0.,0.,-1.));
#4046 = ADVANCED_FACE('',(#4047),#4075,.T.);
#4047 = FACE_BOUND('',#4048,.T.);
#4048 = EDGE_LOOP('',(#4049,#4058,#4059,#4060,#4067,#4068));
#4049 = ORIENTED_EDGE('',*,*,#4050,.F.);
#4050 = EDGE_CURVE('',#3347,#4051,#4053,.T.);
#4051 = VERTEX_POINT('',#4052);
#4052 = CARTESIAN_POINT('',(8.473610843089,87.058994578326,13.55));
#4053 = CIRCLE('',#4054,3.6);
#4054 = AXIS2_PLACEMENT_3D('',#4055,#4056,#4057);
#4055 = CARTESIAN_POINT('',(4.875,87.058994578326,13.65));
#4056 = DIRECTION('',(0.,1.,0.));
#4057 = DIRECTION('',(-0.,0.,-1.));
#4058 = ORIENTED_EDGE('',*,*,#3354,.F.);
#4059 = ORIENTED_EDGE('',*,*,#4034,.F.);
#4060 = ORIENTED_EDGE('',*,*,#4061,.T.);
#4061 = EDGE_CURVE('',#4026,#3734,#4062,.T.);
#4062 = HYPERBOLA('',#4063,5.85975,5.85);
#4063 = AXIS2_PLACEMENT_3D('',#4064,#4065,#4066);
#4064 = CARTESIAN_POINT('',(4.875,90.664994578326,19.5));
#4065 = DIRECTION('',(-0.,0.,1.));
#4066 = DIRECTION('',(0.,-1.,0.));
#4067 = ORIENTED_EDGE('',*,*,#3733,.T.);
#4068 = ORIENTED_EDGE('',*,*,#4069,.T.);
#4069 = EDGE_CURVE('',#3725,#4051,#4070,.T.);
#4070 = HYPERBOLA('',#4071,0.100166666667,1.E-01);
#4071 = AXIS2_PLACEMENT_3D('',#4072,#4073,#4074);
#4072 = CARTESIAN_POINT('',(4.875,90.664994578326,13.55));
#4073 = DIRECTION('',(-0.,-0.,-1.));
#4074 = DIRECTION('',(0.,-1.,0.));
#4075 = CONICAL_SURFACE('',#4076,9.6,0.784565524123);
#4076 = AXIS2_PLACEMENT_3D('',#4077,#4078,#4079);
#4077 = CARTESIAN_POINT('',(4.875,81.048994578327,13.65));
#4078 = DIRECTION('',(0.,-1.,0.));
#4079 = DIRECTION('',(-0.,0.,-1.));
#4080 = ADVANCED_FACE('',(#4081),#4098,.F.);
#4081 = FACE_BOUND('',#4082,.F.);
#4082 = EDGE_LOOP('',(#4083,#4090,#4096,#4097));
#4083 = ORIENTED_EDGE('',*,*,#4084,.F.);
#4084 = EDGE_CURVE('',#4085,#3822,#4087,.T.);
#4085 = VERTEX_POINT('',#4086);
#4086 = CARTESIAN_POINT('',(10.65,76.058994578326,9.9));
#4087 = B_SPLINE_CURVE_WITH_KNOTS('',1,(#4088,#4089),.UNSPECIFIED.,.F.,
  .F.,(2,2),(0.,1.),.PIECEWISE_BEZIER_KNOTS.);
#4088 = CARTESIAN_POINT('',(10.65,76.058994578326,9.9));
#4089 = CARTESIAN_POINT('',(11.65,75.058994578326,10.9));
#4090 = ORIENTED_EDGE('',*,*,#4091,.T.);
#4091 = EDGE_CURVE('',#4085,#3504,#4092,.T.);
#4092 = LINE('',#4093,#4094);
#4093 = CARTESIAN_POINT('',(10.65,76.058994578326,9.9));
#4094 = VECTOR('',#4095,1.);
#4095 = DIRECTION('',(-1.,0.,0.));
#4096 = ORIENTED_EDGE('',*,*,#3511,.T.);
#4097 = ORIENTED_EDGE('',*,*,#3821,.T.);
#4098 = B_SPLINE_SURFACE_WITH_KNOTS('',1,1,(
    (#4099,#4100)
    ,(#4101,#4102
    )),.UNSPECIFIED.,.F.,.F.,.F.,(2,2),(2,2),(0.,23.3),(0.,1.),
  .PIECEWISE_BEZIER_KNOTS.);
#4099 = CARTESIAN_POINT('',(10.65,76.058994578326,9.9));
#4100 = CARTESIAN_POINT('',(11.65,75.058994578326,10.9));
#4101 = CARTESIAN_POINT('',(-10.65,76.058994578326,9.9));
#4102 = CARTESIAN_POINT('',(-11.65,75.058994578326,10.9));
#4103 = ADVANCED_FACE('',(#4104),#4122,.F.);
#4104 = FACE_BOUND('',#4105,.F.);
#4105 = EDGE_LOOP('',(#4106,#4114,#4120,#4121));
#4106 = ORIENTED_EDGE('',*,*,#4107,.F.);
#4107 = EDGE_CURVE('',#4108,#4085,#4110,.T.);
#4108 = VERTEX_POINT('',#4109);
#4109 = CARTESIAN_POINT('',(10.65,80.058994578326,9.9));
#4110 = LINE('',#4111,#4112);
#4111 = CARTESIAN_POINT('',(10.65,88.058994578326,9.9));
#4112 = VECTOR('',#4113,1.);
#4113 = DIRECTION('',(0.,-1.,0.));
#4114 = ORIENTED_EDGE('',*,*,#4115,.T.);
#4115 = EDGE_CURVE('',#4108,#3493,#4116,.T.);
#4116 = LINE('',#4117,#4118);
#4117 = CARTESIAN_POINT('',(10.65,80.058994578326,9.9));
#4118 = VECTOR('',#4119,1.);
#4119 = DIRECTION('',(-1.,0.,0.));
#4120 = ORIENTED_EDGE('',*,*,#3503,.T.);
#4121 = ORIENTED_EDGE('',*,*,#4091,.F.);
#4122 = PLANE('',#4123);
#4123 = AXIS2_PLACEMENT_3D('',#4124,#4125,#4126);
#4124 = CARTESIAN_POINT('',(10.65,88.058994578326,9.9));
#4125 = DIRECTION('',(0.,0.,1.));
#4126 = DIRECTION('',(0.,-1.,0.));
#4127 = ADVANCED_FACE('',(#4128),#4138,.T.);
#4128 = FACE_BOUND('',#4129,.T.);
#4129 = EDGE_LOOP('',(#4130,#4135,#4136,#4137));
#4130 = ORIENTED_EDGE('',*,*,#4131,.F.);
#4131 = EDGE_CURVE('',#4108,#3967,#4132,.T.);
#4132 = B_SPLINE_CURVE_WITH_KNOTS('',1,(#4133,#4134),.UNSPECIFIED.,.F.,
  .F.,(2,2),(0.,1.),.PIECEWISE_BEZIER_KNOTS.);
#4133 = CARTESIAN_POINT('',(10.65,80.058994578326,9.9));
#4134 = CARTESIAN_POINT('',(11.65,81.058994578326,10.9));
#4135 = ORIENTED_EDGE('',*,*,#4115,.T.);
#4136 = ORIENTED_EDGE('',*,*,#3492,.T.);
#4137 = ORIENTED_EDGE('',*,*,#3966,.T.);
#4138 = B_SPLINE_SURFACE_WITH_KNOTS('',1,1,(
    (#4139,#4140)
    ,(#4141,#4142
    )),.UNSPECIFIED.,.F.,.F.,.F.,(2,2),(2,2),(0.,23.3),(0.,1.),
  .PIECEWISE_BEZIER_KNOTS.);
#4139 = CARTESIAN_POINT('',(10.65,80.058994578326,9.9));
#4140 = CARTESIAN_POINT('',(11.65,81.058994578326,10.9));
#4141 = CARTESIAN_POINT('',(-10.65,80.058994578326,9.9));
#4142 = CARTESIAN_POINT('',(-11.65,81.058994578326,10.9));
#4143 = ADVANCED_FACE('',(#4144,#4154),#4180,.T.);
#4144 = FACE_BOUND('',#4145,.T.);
#4145 = EDGE_LOOP('',(#4146,#4152,#4153));
#4146 = ORIENTED_EDGE('',*,*,#4147,.T.);
#4147 = EDGE_CURVE('',#3775,#40,#4148,.T.);
#4148 = LINE('',#4149,#4150);
#4149 = CARTESIAN_POINT('',(-11.,81.058994578326,-86.34184123236));
#4150 = VECTOR('',#4151,1.);
#4151 = DIRECTION('',(0.,1.,0.));
#4152 = ORIENTED_EDGE('',*,*,#78,.T.);
#4153 = ORIENTED_EDGE('',*,*,#3782,.T.);
#4154 = FACE_BOUND('',#4155,.T.);
#4155 = EDGE_LOOP('',(#4156,#4166,#4174));
#4156 = ORIENTED_EDGE('',*,*,#4157,.T.);
#4157 = EDGE_CURVE('',#4158,#4160,#4162,.T.);
#4158 = VERTEX_POINT('',#4159);
#4159 = CARTESIAN_POINT('',(-11.,85.058994578326,-70.99869548185));
#4160 = VERTEX_POINT('',#4161);
#4161 = CARTESIAN_POINT('',(-11.,96.402140328834,-82.34184123236));
#4162 = LINE('',#4163,#4164);
#4163 = CARTESIAN_POINT('',(-11.,93.566353891207,-79.50605479473));
#4164 = VECTOR('',#4165,1.);
#4165 = DIRECTION('',(0.,0.707106781187,-0.707106781187));
#4166 = ORIENTED_EDGE('',*,*,#4167,.T.);
#4167 = EDGE_CURVE('',#4160,#4168,#4170,.T.);
#4168 = VERTEX_POINT('',#4169);
#4169 = CARTESIAN_POINT('',(-11.,85.058994578326,-82.34184123236));
#4170 = LINE('',#4171,#4172);
#4171 = CARTESIAN_POINT('',(-11.,87.478411960742,-82.34184123236));
#4172 = VECTOR('',#4173,1.);
#4173 = DIRECTION('',(0.,-1.,0.));
#4174 = ORIENTED_EDGE('',*,*,#4175,.T.);
#4175 = EDGE_CURVE('',#4168,#4158,#4176,.T.);
#4176 = LINE('',#4177,#4178);
#4177 = CARTESIAN_POINT('',(-11.,85.058994578326,-74.25085097469));
#4178 = VECTOR('',#4179,1.);
#4179 = DIRECTION('',(0.,-0.,1.));
#4180 = PLANE('',#4181);
#4181 = AXIS2_PLACEMENT_3D('',#4182,#4183,#4184);
#4182 = CARTESIAN_POINT('',(-11.,89.897829343158,-77.50300646752));
#4183 = DIRECTION('',(1.,0.,0.));
#4184 = DIRECTION('',(-0.,0.,1.));
#4185 = ADVANCED_FACE('',(#4186,#4197),#4263,.T.);
#4186 = FACE_BOUND('',#4187,.T.);
#4187 = EDGE_LOOP('',(#4188,#4189,#4190,#4196));
#4188 = ORIENTED_EDGE('',*,*,#4147,.F.);
#4189 = ORIENTED_EDGE('',*,*,#3774,.F.);
#4190 = ORIENTED_EDGE('',*,*,#4191,.T.);
#4191 = EDGE_CURVE('',#3767,#48,#4192,.T.);
#4192 = LINE('',#4193,#4194);
#4193 = CARTESIAN_POINT('',(11.,81.058994578326,-86.34184123236));
#4194 = VECTOR('',#4195,1.);
#4195 = DIRECTION('',(0.,1.,0.));
#4196 = ORIENTED_EDGE('',*,*,#47,.F.);
#4197 = FACE_BOUND('',#4198,.T.);
#4198 = EDGE_LOOP('',(#4199,#4209,#4217,#4225,#4233,#4241,#4249,#4257));
#4199 = ORIENTED_EDGE('',*,*,#4200,.F.);
#4200 = EDGE_CURVE('',#4201,#4203,#4205,.T.);
#4201 = VERTEX_POINT('',#4202);
#4202 = CARTESIAN_POINT('',(-7.,97.558994578326,-86.34184123236));
#4203 = VERTEX_POINT('',#4204);
#4204 = CARTESIAN_POINT('',(-7.,89.558994578326,-86.34184123236));
#4205 = LINE('',#4206,#4207);
#4206 = CARTESIAN_POINT('',(-7.,1.15,-86.34184123236));
#4207 = VECTOR('',#4208,1.);
#4208 = DIRECTION('',(0.,-1.,0.));
#4209 = ORIENTED_EDGE('',*,*,#4210,.F.);
#4210 = EDGE_CURVE('',#4211,#4201,#4213,.T.);
#4211 = VERTEX_POINT('',#4212);
#4212 = CARTESIAN_POINT('',(-1.5,103.05899457832,-86.34184123236));
#4213 = LINE('',#4214,#4215);
#4214 = CARTESIAN_POINT('',(-55.45449728916,49.104497289163,
    -86.34184123236));
#4215 = VECTOR('',#4216,1.);
#4216 = DIRECTION('',(-0.707106781187,-0.707106781187,0.));
#4217 = ORIENTED_EDGE('',*,*,#4218,.F.);
#4218 = EDGE_CURVE('',#4219,#4211,#4221,.T.);
#4219 = VERTEX_POINT('',#4220);
#4220 = CARTESIAN_POINT('',(1.5,103.05899457832,-86.34184123236));
#4221 = LINE('',#4222,#4223);
#4222 = CARTESIAN_POINT('',(-8.75,103.05899457832,-86.34184123236));
#4223 = VECTOR('',#4224,1.);
#4224 = DIRECTION('',(-1.,0.,0.));
#4225 = ORIENTED_EDGE('',*,*,#4226,.F.);
#4226 = EDGE_CURVE('',#4227,#4219,#4229,.T.);
#4227 = VERTEX_POINT('',#4228);
#4228 = CARTESIAN_POINT('',(7.,97.558994578326,-86.34184123236));
#4229 = LINE('',#4230,#4231);
#4230 = CARTESIAN_POINT('',(44.704497289163,59.854497289163,
    -86.34184123236));
#4231 = VECTOR('',#4232,1.);
#4232 = DIRECTION('',(-0.707106781187,0.707106781187,0.));
#4233 = ORIENTED_EDGE('',*,*,#4234,.F.);
#4234 = EDGE_CURVE('',#4235,#4227,#4237,.T.);
#4235 = VERTEX_POINT('',#4236);
#4236 = CARTESIAN_POINT('',(7.,89.558994578326,-86.34184123236));
#4237 = LINE('',#4238,#4239);
#4238 = CARTESIAN_POINT('',(7.,5.15,-86.34184123236));
#4239 = VECTOR('',#4240,1.);
#4240 = DIRECTION('',(-0.,1.,0.));
#4241 = ORIENTED_EDGE('',*,*,#4242,.F.);
#4242 = EDGE_CURVE('',#4243,#4235,#4245,.T.);
#4243 = VERTEX_POINT('',#4244);
#4244 = CARTESIAN_POINT('',(1.5,84.058994578326,-86.34184123236));
#4245 = LINE('',#4246,#4247);
#4246 = CARTESIAN_POINT('',(-42.95449728916,39.604497289163,
    -86.34184123236));
#4247 = VECTOR('',#4248,1.);
#4248 = DIRECTION('',(0.707106781187,0.707106781187,-0.));
#4249 = ORIENTED_EDGE('',*,*,#4250,.F.);
#4250 = EDGE_CURVE('',#4251,#4243,#4253,.T.);
#4251 = VERTEX_POINT('',#4252);
#4252 = CARTESIAN_POINT('',(-1.5,84.058994578326,-86.34184123236));
#4253 = LINE('',#4254,#4255);
#4254 = CARTESIAN_POINT('',(-7.25,84.058994578326,-86.34184123236));
#4255 = VECTOR('',#4256,1.);
#4256 = DIRECTION('',(1.,0.,-0.));
#4257 = ORIENTED_EDGE('',*,*,#4258,.F.);
#4258 = EDGE_CURVE('',#4203,#4251,#4259,.T.);
#4259 = LINE('',#4260,#4261);
#4260 = CARTESIAN_POINT('',(37.704497289163,44.854497289163,
    -86.34184123236));
#4261 = VECTOR('',#4262,1.);
#4262 = DIRECTION('',(0.707106781187,-0.707106781187,0.));
#4263 = PLANE('',#4264);
#4264 = AXIS2_PLACEMENT_3D('',#4265,#4266,#4267);
#4265 = CARTESIAN_POINT('',(-16.,-87.25899457832,-86.34184123236));
#4266 = DIRECTION('',(0.,0.,1.));
#4267 = DIRECTION('',(1.,0.,-0.));
#4268 = ADVANCED_FACE('',(#4269,#4279),#4305,.F.);
#4269 = FACE_BOUND('',#4270,.F.);
#4270 = EDGE_LOOP('',(#4271,#4272,#4278));
#4271 = ORIENTED_EDGE('',*,*,#4191,.T.);
#4272 = ORIENTED_EDGE('',*,*,#4273,.T.);
#4273 = EDGE_CURVE('',#48,#3759,#4274,.T.);
#4274 = LINE('',#4275,#4276);
#4275 = CARTESIAN_POINT('',(11.,106.05899457832,-86.34184123236));
#4276 = VECTOR('',#4277,1.);
#4277 = DIRECTION('',(0.,-0.707106781187,0.707106781187));
#4278 = ORIENTED_EDGE('',*,*,#3766,.T.);
#4279 = FACE_BOUND('',#4280,.F.);
#4280 = EDGE_LOOP('',(#4281,#4291,#4299));
#4281 = ORIENTED_EDGE('',*,*,#4282,.T.);
#4282 = EDGE_CURVE('',#4283,#4285,#4287,.T.);
#4283 = VERTEX_POINT('',#4284);
#4284 = CARTESIAN_POINT('',(11.,85.058994578326,-70.99869548185));
#4285 = VERTEX_POINT('',#4286);
#4286 = CARTESIAN_POINT('',(11.,96.402140328834,-82.34184123236));
#4287 = LINE('',#4288,#4289);
#4288 = CARTESIAN_POINT('',(11.,93.566353891207,-79.50605479473));
#4289 = VECTOR('',#4290,1.);
#4290 = DIRECTION('',(0.,0.707106781187,-0.707106781187));
#4291 = ORIENTED_EDGE('',*,*,#4292,.T.);
#4292 = EDGE_CURVE('',#4285,#4293,#4295,.T.);
#4293 = VERTEX_POINT('',#4294);
#4294 = CARTESIAN_POINT('',(11.,85.058994578326,-82.34184123236));
#4295 = LINE('',#4296,#4297);
#4296 = CARTESIAN_POINT('',(11.,87.478411960742,-82.34184123236));
#4297 = VECTOR('',#4298,1.);
#4298 = DIRECTION('',(0.,-1.,0.));
#4299 = ORIENTED_EDGE('',*,*,#4300,.T.);
#4300 = EDGE_CURVE('',#4293,#4283,#4301,.T.);
#4301 = LINE('',#4302,#4303);
#4302 = CARTESIAN_POINT('',(11.,85.058994578326,-74.25085097469));
#4303 = VECTOR('',#4304,1.);
#4304 = DIRECTION('',(0.,-0.,1.));
#4305 = PLANE('',#4306);
#4306 = AXIS2_PLACEMENT_3D('',#4307,#4308,#4309);
#4307 = CARTESIAN_POINT('',(11.,89.897829343158,-77.50300646752));
#4308 = DIRECTION('',(1.,0.,0.));
#4309 = DIRECTION('',(-0.,0.,1.));
#4310 = ADVANCED_FACE('',(#4311),#4322,.F.);
#4311 = FACE_BOUND('',#4312,.F.);
#4312 = EDGE_LOOP('',(#4313,#4314,#4320,#4321));
#4313 = ORIENTED_EDGE('',*,*,#55,.T.);
#4314 = ORIENTED_EDGE('',*,*,#4315,.T.);
#4315 = EDGE_CURVE('',#56,#3751,#4316,.T.);
#4316 = LINE('',#4317,#4318);
#4317 = CARTESIAN_POINT('',(16.,106.05899457832,-86.34184123236));
#4318 = VECTOR('',#4319,1.);
#4319 = DIRECTION('',(0.,-0.707106781187,0.707106781187));
#4320 = ORIENTED_EDGE('',*,*,#3758,.F.);
#4321 = ORIENTED_EDGE('',*,*,#4273,.F.);
#4322 = PLANE('',#4323);
#4323 = AXIS2_PLACEMENT_3D('',#4324,#4325,#4326);
#4324 = CARTESIAN_POINT('',(11.,106.05899457832,-86.34184123236));
#4325 = DIRECTION('',(0.,-0.707106781187,-0.707106781187));
#4326 = DIRECTION('',(0.,-0.707106781187,0.707106781187));
#4327 = ADVANCED_FACE('',(#4328),#4357,.T.);
#4328 = FACE_BOUND('',#4329,.T.);
#4329 = EDGE_LOOP('',(#4330,#4331,#4332,#4341,#4350));
#4330 = ORIENTED_EDGE('',*,*,#4069,.F.);
#4331 = ORIENTED_EDGE('',*,*,#3724,.T.);
#4332 = ORIENTED_EDGE('',*,*,#4333,.T.);
#4333 = EDGE_CURVE('',#3717,#4334,#4336,.T.);
#4334 = VERTEX_POINT('',#4335);
#4335 = CARTESIAN_POINT('',(11.65,83.413929301585,10.9));
#4336 = HYPERBOLA('',#4337,6.786291666667,6.775);
#4337 = AXIS2_PLACEMENT_3D('',#4338,#4339,#4340);
#4338 = CARTESIAN_POINT('',(11.65,90.664994578326,13.45));
#4339 = DIRECTION('',(-1.,0.,0.));
#4340 = DIRECTION('',(-0.,-1.,-0.));
#4341 = ORIENTED_EDGE('',*,*,#4342,.F.);
#4342 = EDGE_CURVE('',#4343,#4334,#4345,.T.);
#4343 = VERTEX_POINT('',#4344);
#4344 = CARTESIAN_POINT('',(7.416161151915,87.058994578326,10.9));
#4345 = HYPERBOLA('',#4346,2.55425,2.55);
#4346 = AXIS2_PLACEMENT_3D('',#4347,#4348,#4349);
#4347 = CARTESIAN_POINT('',(4.875,90.664994578326,10.9));
#4348 = DIRECTION('',(0.,0.,1.));
#4349 = DIRECTION('',(0.,-1.,0.));
#4350 = ORIENTED_EDGE('',*,*,#4351,.F.);
#4351 = EDGE_CURVE('',#4051,#4343,#4352,.T.);
#4352 = CIRCLE('',#4353,3.6);
#4353 = AXIS2_PLACEMENT_3D('',#4354,#4355,#4356);
#4354 = CARTESIAN_POINT('',(4.875,87.058994578326,13.45));
#4355 = DIRECTION('',(0.,1.,0.));
#4356 = DIRECTION('',(-0.,0.,-1.));
#4357 = CONICAL_SURFACE('',#4358,9.6,0.784565524123);
#4358 = AXIS2_PLACEMENT_3D('',#4359,#4360,#4361);
#4359 = CARTESIAN_POINT('',(4.875,81.048994578327,13.45));
#4360 = DIRECTION('',(0.,-1.,0.));
#4361 = DIRECTION('',(-0.,0.,-1.));
#4362 = ADVANCED_FACE('',(#4363),#4400,.T.);
#4363 = FACE_BOUND('',#4364,.T.);
#4364 = EDGE_LOOP('',(#4365,#4376,#4385,#4392,#4393));
#4365 = ORIENTED_EDGE('',*,*,#4366,.F.);
#4366 = EDGE_CURVE('',#4367,#4369,#4371,.T.);
#4367 = VERTEX_POINT('',#4368);
#4368 = CARTESIAN_POINT('',(7.416161151915,87.058994578326,-32.4));
#4369 = VERTEX_POINT('',#4370);
#4370 = CARTESIAN_POINT('',(8.473610843089,87.058994578326,-35.05));
#4371 = CIRCLE('',#4372,3.6);
#4372 = AXIS2_PLACEMENT_3D('',#4373,#4374,#4375);
#4373 = CARTESIAN_POINT('',(4.875,87.058994578326,-34.95));
#4374 = DIRECTION('',(0.,1.,0.));
#4375 = DIRECTION('',(-0.,0.,-1.));
#4376 = ORIENTED_EDGE('',*,*,#4377,.T.);
#4377 = EDGE_CURVE('',#4367,#4378,#4380,.T.);
#4378 = VERTEX_POINT('',#4379);
#4379 = CARTESIAN_POINT('',(11.65,83.413929301585,-32.4));
#4380 = HYPERBOLA('',#4381,2.55425,2.55);
#4381 = AXIS2_PLACEMENT_3D('',#4382,#4383,#4384);
#4382 = CARTESIAN_POINT('',(4.875,90.664994578326,-32.4));
#4383 = DIRECTION('',(0.,0.,1.));
#4384 = DIRECTION('',(0.,-1.,0.));
#4385 = ORIENTED_EDGE('',*,*,#4386,.T.);
#4386 = EDGE_CURVE('',#4378,#3708,#4387,.T.);
#4387 = HYPERBOLA('',#4388,6.786291666667,6.775);
#4388 = AXIS2_PLACEMENT_3D('',#4389,#4390,#4391);
#4389 = CARTESIAN_POINT('',(11.65,90.664994578326,-34.95));
#4390 = DIRECTION('',(-1.,0.,0.));
#4391 = DIRECTION('',(-0.,-1.,-0.));
#4392 = ORIENTED_EDGE('',*,*,#3707,.T.);
#4393 = ORIENTED_EDGE('',*,*,#4394,.T.);
#4394 = EDGE_CURVE('',#3699,#4369,#4395,.T.);
#4395 = HYPERBOLA('',#4396,0.100166666667,0.1);
#4396 = AXIS2_PLACEMENT_3D('',#4397,#4398,#4399);
#4397 = CARTESIAN_POINT('',(4.875,90.664994578326,-35.05));
#4398 = DIRECTION('',(-0.,-0.,-1.));
#4399 = DIRECTION('',(0.,-1.,0.));
#4400 = CONICAL_SURFACE('',#4401,9.6,0.784565524123);
#4401 = AXIS2_PLACEMENT_3D('',#4402,#4403,#4404);
#4402 = CARTESIAN_POINT('',(4.875,81.048994578327,-34.95));
#4403 = DIRECTION('',(0.,-1.,0.));
#4404 = DIRECTION('',(-0.,0.,-1.));
#4405 = ADVANCED_FACE('',(#4406),#4434,.T.);
#4406 = FACE_BOUND('',#4407,.T.);
#4407 = EDGE_LOOP('',(#4408,#4417,#4425,#4432,#4433));
#4408 = ORIENTED_EDGE('',*,*,#4409,.F.);
#4409 = EDGE_CURVE('',#4410,#3691,#4412,.T.);
#4410 = VERTEX_POINT('',#4411);
#4411 = CARTESIAN_POINT('',(4.875,84.805244578326,-41.));
#4412 = HYPERBOLA('',#4413,5.85975,5.85);
#4413 = AXIS2_PLACEMENT_3D('',#4414,#4415,#4416);
#4414 = CARTESIAN_POINT('',(4.875,90.664994578326,-41.));
#4415 = DIRECTION('',(-0.,0.,1.));
#4416 = DIRECTION('',(0.,-1.,0.));
#4417 = ORIENTED_EDGE('',*,*,#4418,.T.);
#4418 = EDGE_CURVE('',#4410,#4419,#4421,.T.);
#4419 = VERTEX_POINT('',#4420);
#4420 = CARTESIAN_POINT('',(4.875,87.058994578326,-38.75));
#4421 = LINE('',#4422,#4423);
#4422 = CARTESIAN_POINT('',(4.875,81.048994578327,-44.75));
#4423 = VECTOR('',#4424,1.);
#4424 = DIRECTION('',(-1.730469454235E-16,0.707695300882,0.706517771263)
  );
#4425 = ORIENTED_EDGE('',*,*,#4426,.F.);
#4426 = EDGE_CURVE('',#4369,#4419,#4427,.T.);
#4427 = CIRCLE('',#4428,3.6);
#4428 = AXIS2_PLACEMENT_3D('',#4429,#4430,#4431);
#4429 = CARTESIAN_POINT('',(4.875,87.058994578326,-35.15));
#4430 = DIRECTION('',(0.,1.,0.));
#4431 = DIRECTION('',(-0.,0.,-1.));
#4432 = ORIENTED_EDGE('',*,*,#4394,.F.);
#4433 = ORIENTED_EDGE('',*,*,#3698,.T.);
#4434 = CONICAL_SURFACE('',#4435,9.6,0.784565524123);
#4435 = AXIS2_PLACEMENT_3D('',#4436,#4437,#4438);
#4436 = CARTESIAN_POINT('',(4.875,81.048994578327,-35.15));
#4437 = DIRECTION('',(0.,-1.,0.));
#4438 = DIRECTION('',(-0.,0.,-1.));
#4439 = ADVANCED_FACE('',(#4440),#4469,.F.);
#4440 = FACE_BOUND('',#4441,.F.);
#4441 = EDGE_LOOP('',(#4442,#4443,#4452,#4461,#4468));
#4442 = ORIENTED_EDGE('',*,*,#4409,.F.);
#4443 = ORIENTED_EDGE('',*,*,#4444,.F.);
#4444 = EDGE_CURVE('',#4445,#4410,#4447,.T.);
#4445 = VERTEX_POINT('',#4446);
#4446 = CARTESIAN_POINT('',(0.,83.037309488594,-41.));
#4447 = HYPERBOLA('',#4448,5.85975,5.85);
#4448 = AXIS2_PLACEMENT_3D('',#4449,#4450,#4451);
#4449 = CARTESIAN_POINT('',(4.875,90.664994578326,-41.));
#4450 = DIRECTION('',(-0.,0.,1.));
#4451 = DIRECTION('',(0.,-1.,0.));
#4452 = ORIENTED_EDGE('',*,*,#4453,.F.);
#4453 = EDGE_CURVE('',#4454,#4445,#4456,.T.);
#4454 = VERTEX_POINT('',#4455);
#4455 = CARTESIAN_POINT('',(-4.875,84.805244578326,-41.));
#4456 = HYPERBOLA('',#4457,5.85975,5.85);
#4457 = AXIS2_PLACEMENT_3D('',#4458,#4459,#4460);
#4458 = CARTESIAN_POINT('',(-4.875,90.664994578326,-41.));
#4459 = DIRECTION('',(-0.,0.,1.));
#4460 = DIRECTION('',(0.,-1.,0.));
#4461 = ORIENTED_EDGE('',*,*,#4462,.F.);
#4462 = EDGE_CURVE('',#3682,#4454,#4463,.T.);
#4463 = HYPERBOLA('',#4464,5.85975,5.85);
#4464 = AXIS2_PLACEMENT_3D('',#4465,#4466,#4467);
#4465 = CARTESIAN_POINT('',(-4.875,90.664994578326,-41.));
#4466 = DIRECTION('',(-0.,0.,1.));
#4467 = DIRECTION('',(0.,-1.,0.));
#4468 = ORIENTED_EDGE('',*,*,#3690,.T.);
#4469 = PLANE('',#4470);
#4470 = AXIS2_PLACEMENT_3D('',#4471,#4472,#4473);
#4471 = CARTESIAN_POINT('',(16.,87.558994578326,-41.));
#4472 = DIRECTION('',(0.,0.,1.));
#4473 = DIRECTION('',(0.,-1.,0.));
#4474 = ADVANCED_FACE('',(#4475),#4503,.T.);
#4475 = FACE_BOUND('',#4476,.T.);
#4476 = EDGE_LOOP('',(#4477,#4488,#4494,#4495,#4496));
#4477 = ORIENTED_EDGE('',*,*,#4478,.F.);
#4478 = EDGE_CURVE('',#4479,#4481,#4483,.T.);
#4479 = VERTEX_POINT('',#4480);
#4480 = CARTESIAN_POINT('',(-4.875,87.058994578326,-38.75));
#4481 = VERTEX_POINT('',#4482);
#4482 = CARTESIAN_POINT('',(-8.473610843089,87.058994578326,-35.05));
#4483 = CIRCLE('',#4484,3.6);
#4484 = AXIS2_PLACEMENT_3D('',#4485,#4486,#4487);
#4485 = CARTESIAN_POINT('',(-4.875,87.058994578326,-35.15));
#4486 = DIRECTION('',(0.,1.,0.));
#4487 = DIRECTION('',(-0.,0.,-1.));
#4488 = ORIENTED_EDGE('',*,*,#4489,.F.);
#4489 = EDGE_CURVE('',#4454,#4479,#4490,.T.);
#4490 = LINE('',#4491,#4492);
#4491 = CARTESIAN_POINT('',(-4.875,81.048994578327,-44.75));
#4492 = VECTOR('',#4493,1.);
#4493 = DIRECTION('',(-1.730469454235E-16,0.707695300882,0.706517771263)
  );
#4494 = ORIENTED_EDGE('',*,*,#4462,.F.);
#4495 = ORIENTED_EDGE('',*,*,#3681,.T.);
#4496 = ORIENTED_EDGE('',*,*,#4497,.F.);
#4497 = EDGE_CURVE('',#4481,#3673,#4498,.T.);
#4498 = HYPERBOLA('',#4499,0.100166666667,0.1);
#4499 = AXIS2_PLACEMENT_3D('',#4500,#4501,#4502);
#4500 = CARTESIAN_POINT('',(-4.875,90.664994578326,-35.05));
#4501 = DIRECTION('',(-0.,-0.,-1.));
#4502 = DIRECTION('',(0.,-1.,0.));
#4503 = CONICAL_SURFACE('',#4504,9.6,0.784565524123);
#4504 = AXIS2_PLACEMENT_3D('',#4505,#4506,#4507);
#4505 = CARTESIAN_POINT('',(-4.875,81.048994578327,-35.15));
#4506 = DIRECTION('',(0.,-1.,0.));
#4507 = DIRECTION('',(-0.,0.,-1.));
#4508 = ADVANCED_FACE('',(#4509),#4538,.T.);
#4509 = FACE_BOUND('',#4510,.T.);
#4510 = EDGE_LOOP('',(#4511,#4520,#4521,#4522,#4531));
#4511 = ORIENTED_EDGE('',*,*,#4512,.F.);
#4512 = EDGE_CURVE('',#4481,#4513,#4515,.T.);
#4513 = VERTEX_POINT('',#4514);
#4514 = CARTESIAN_POINT('',(-7.416161151915,87.058994578326,-32.4));
#4515 = CIRCLE('',#4516,3.6);
#4516 = AXIS2_PLACEMENT_3D('',#4517,#4518,#4519);
#4517 = CARTESIAN_POINT('',(-4.875,87.058994578326,-34.95));
#4518 = DIRECTION('',(0.,1.,0.));
#4519 = DIRECTION('',(-0.,0.,-1.));
#4520 = ORIENTED_EDGE('',*,*,#4497,.T.);
#4521 = ORIENTED_EDGE('',*,*,#3672,.T.);
#4522 = ORIENTED_EDGE('',*,*,#4523,.F.);
#4523 = EDGE_CURVE('',#4524,#3665,#4526,.T.);
#4524 = VERTEX_POINT('',#4525);
#4525 = CARTESIAN_POINT('',(-11.65,83.413929301585,-32.4));
#4526 = HYPERBOLA('',#4527,6.786291666667,6.775);
#4527 = AXIS2_PLACEMENT_3D('',#4528,#4529,#4530);
#4528 = CARTESIAN_POINT('',(-11.65,90.664994578326,-34.95));
#4529 = DIRECTION('',(-1.,0.,0.));
#4530 = DIRECTION('',(-0.,-1.,-0.));
#4531 = ORIENTED_EDGE('',*,*,#4532,.T.);
#4532 = EDGE_CURVE('',#4524,#4513,#4533,.T.);
#4533 = HYPERBOLA('',#4534,2.55425,2.55);
#4534 = AXIS2_PLACEMENT_3D('',#4535,#4536,#4537);
#4535 = CARTESIAN_POINT('',(-4.875,90.664994578326,-32.4));
#4536 = DIRECTION('',(0.,0.,1.));
#4537 = DIRECTION('',(0.,-1.,0.));
#4538 = CONICAL_SURFACE('',#4539,9.6,0.784565524123);
#4539 = AXIS2_PLACEMENT_3D('',#4540,#4541,#4542);
#4540 = CARTESIAN_POINT('',(-4.875,81.048994578327,-34.95));
#4541 = DIRECTION('',(0.,-1.,0.));
#4542 = DIRECTION('',(-0.,0.,-1.));
#4543 = ADVANCED_FACE('',(#4544),#4573,.T.);
#4544 = FACE_BOUND('',#4545,.T.);
#4545 = EDGE_LOOP('',(#4546,#4555,#4564,#4571,#4572));
#4546 = ORIENTED_EDGE('',*,*,#4547,.F.);
#4547 = EDGE_CURVE('',#4548,#4009,#4550,.T.);
#4548 = VERTEX_POINT('',#4549);
#4549 = CARTESIAN_POINT('',(-7.416161151915,87.058994578326,10.9));
#4550 = CIRCLE('',#4551,3.6);
#4551 = AXIS2_PLACEMENT_3D('',#4552,#4553,#4554);
#4552 = CARTESIAN_POINT('',(-4.875,87.058994578326,13.45));
#4553 = DIRECTION('',(0.,1.,0.));
#4554 = DIRECTION('',(-0.,0.,-1.));
#4555 = ORIENTED_EDGE('',*,*,#4556,.F.);
#4556 = EDGE_CURVE('',#4557,#4548,#4559,.T.);
#4557 = VERTEX_POINT('',#4558);
#4558 = CARTESIAN_POINT('',(-11.65,83.413929301585,10.9));
#4559 = HYPERBOLA('',#4560,2.55425,2.55);
#4560 = AXIS2_PLACEMENT_3D('',#4561,#4562,#4563);
#4561 = CARTESIAN_POINT('',(-4.875,90.664994578326,10.9));
#4562 = DIRECTION('',(0.,0.,1.));
#4563 = DIRECTION('',(0.,-1.,0.));
#4564 = ORIENTED_EDGE('',*,*,#4565,.F.);
#4565 = EDGE_CURVE('',#3656,#4557,#4566,.T.);
#4566 = HYPERBOLA('',#4567,6.786291666667,6.775);
#4567 = AXIS2_PLACEMENT_3D('',#4568,#4569,#4570);
#4568 = CARTESIAN_POINT('',(-11.65,90.664994578326,13.45));
#4569 = DIRECTION('',(-1.,0.,0.));
#4570 = DIRECTION('',(-0.,-1.,-0.));
#4571 = ORIENTED_EDGE('',*,*,#3655,.T.);
#4572 = ORIENTED_EDGE('',*,*,#4017,.F.);
#4573 = CONICAL_SURFACE('',#4574,9.6,0.784565524123);
#4574 = AXIS2_PLACEMENT_3D('',#4575,#4576,#4577);
#4575 = CARTESIAN_POINT('',(-4.875,81.048994578327,13.45));
#4576 = DIRECTION('',(0.,-1.,0.));
#4577 = DIRECTION('',(-0.,0.,-1.));
#4578 = ADVANCED_FACE('',(#4579),#4604,.T.);
#4579 = FACE_BOUND('',#4580,.T.);
#4580 = EDGE_LOOP('',(#4581,#4591,#4597,#4598));
#4581 = ORIENTED_EDGE('',*,*,#4582,.T.);
#4582 = EDGE_CURVE('',#4583,#4585,#4587,.T.);
#4583 = VERTEX_POINT('',#4584);
#4584 = CARTESIAN_POINT('',(-16.,85.058994578326,-70.99869548185));
#4585 = VERTEX_POINT('',#4586);
#4586 = CARTESIAN_POINT('',(-16.,96.402140328834,-82.34184123236));
#4587 = LINE('',#4588,#4589);
#4588 = CARTESIAN_POINT('',(-16.,93.566353891207,-79.50605479473));
#4589 = VECTOR('',#4590,1.);
#4590 = DIRECTION('',(0.,0.707106781187,-0.707106781187));
#4591 = ORIENTED_EDGE('',*,*,#4592,.T.);
#4592 = EDGE_CURVE('',#4585,#4160,#4593,.T.);
#4593 = LINE('',#4594,#4595);
#4594 = CARTESIAN_POINT('',(-17.,96.402140328834,-82.34184123236));
#4595 = VECTOR('',#4596,1.);
#4596 = DIRECTION('',(1.,0.,0.));
#4597 = ORIENTED_EDGE('',*,*,#4157,.F.);
#4598 = ORIENTED_EDGE('',*,*,#4599,.F.);
#4599 = EDGE_CURVE('',#4583,#4158,#4600,.T.);
#4600 = LINE('',#4601,#4602);
#4601 = CARTESIAN_POINT('',(-17.,85.058994578326,-70.99869548185));
#4602 = VECTOR('',#4603,1.);
#4603 = DIRECTION('',(1.,0.,0.));
#4604 = PLANE('',#4605);
#4605 = AXIS2_PLACEMENT_3D('',#4606,#4607,#4608);
#4606 = CARTESIAN_POINT('',(-17.,96.402140328834,-82.34184123236));
#4607 = DIRECTION('',(0.,-0.707106781187,-0.707106781187));
#4608 = DIRECTION('',(0.,-0.707106781187,0.707106781187));
#4609 = ADVANCED_FACE('',(#4610),#4628,.T.);
#4610 = FACE_BOUND('',#4611,.T.);
#4611 = EDGE_LOOP('',(#4612,#4620,#4621,#4622));
#4612 = ORIENTED_EDGE('',*,*,#4613,.T.);
#4613 = EDGE_CURVE('',#4614,#4583,#4616,.T.);
#4614 = VERTEX_POINT('',#4615);
#4615 = CARTESIAN_POINT('',(-16.,85.058994578326,-82.34184123236));
#4616 = LINE('',#4617,#4618);
#4617 = CARTESIAN_POINT('',(-16.,85.058994578326,-74.25085097469));
#4618 = VECTOR('',#4619,1.);
#4619 = DIRECTION('',(0.,-0.,1.));
#4620 = ORIENTED_EDGE('',*,*,#4599,.T.);
#4621 = ORIENTED_EDGE('',*,*,#4175,.F.);
#4622 = ORIENTED_EDGE('',*,*,#4623,.F.);
#4623 = EDGE_CURVE('',#4614,#4168,#4624,.T.);
#4624 = LINE('',#4625,#4626);
#4625 = CARTESIAN_POINT('',(-17.,85.058994578326,-82.34184123236));
#4626 = VECTOR('',#4627,1.);
#4627 = DIRECTION('',(1.,0.,0.));
#4628 = PLANE('',#4629);
#4629 = AXIS2_PLACEMENT_3D('',#4630,#4631,#4632);
#4630 = CARTESIAN_POINT('',(-17.,85.058994578326,-70.99869548185));
#4631 = DIRECTION('',(-0.,1.,0.));
#4632 = DIRECTION('',(0.,0.,-1.));
#4633 = ADVANCED_FACE('',(#4634),#4645,.T.);
#4634 = FACE_BOUND('',#4635,.T.);
#4635 = EDGE_LOOP('',(#4636,#4642,#4643,#4644));
#4636 = ORIENTED_EDGE('',*,*,#4637,.T.);
#4637 = EDGE_CURVE('',#4585,#4614,#4638,.T.);
#4638 = LINE('',#4639,#4640);
#4639 = CARTESIAN_POINT('',(-16.,87.478411960742,-82.34184123236));
#4640 = VECTOR('',#4641,1.);
#4641 = DIRECTION('',(0.,-1.,0.));
#4642 = ORIENTED_EDGE('',*,*,#4623,.T.);
#4643 = ORIENTED_EDGE('',*,*,#4167,.F.);
#4644 = ORIENTED_EDGE('',*,*,#4592,.F.);
#4645 = PLANE('',#4646);
#4646 = AXIS2_PLACEMENT_3D('',#4647,#4648,#4649);
#4647 = CARTESIAN_POINT('',(-17.,85.058994578326,-82.34184123236));
#4648 = DIRECTION('',(0.,0.,1.));
#4649 = DIRECTION('',(0.,1.,0.));
#4650 = ADVANCED_FACE('',(#4651),#4676,.F.);
#4651 = FACE_BOUND('',#4652,.F.);
#4652 = EDGE_LOOP('',(#4653,#4663,#4669,#4670));
#4653 = ORIENTED_EDGE('',*,*,#4654,.T.);
#4654 = EDGE_CURVE('',#4655,#4657,#4659,.T.);
#4655 = VERTEX_POINT('',#4656);
#4656 = CARTESIAN_POINT('',(-7.,97.558994578326,-92.34184123236));
#4657 = VERTEX_POINT('',#4658);
#4658 = CARTESIAN_POINT('',(-7.,89.558994578326,-92.34184123236));
#4659 = LINE('',#4660,#4661);
#4660 = CARTESIAN_POINT('',(-7.,1.15,-92.34184123236));
#4661 = VECTOR('',#4662,1.);
#4662 = DIRECTION('',(0.,-1.,0.));
#4663 = ORIENTED_EDGE('',*,*,#4664,.T.);
#4664 = EDGE_CURVE('',#4657,#4203,#4665,.T.);
#4665 = LINE('',#4666,#4667);
#4666 = CARTESIAN_POINT('',(-7.,89.558994578326,-93.34184123236));
#4667 = VECTOR('',#4668,1.);
#4668 = DIRECTION('',(0.,0.,1.));
#4669 = ORIENTED_EDGE('',*,*,#4200,.F.);
#4670 = ORIENTED_EDGE('',*,*,#4671,.F.);
#4671 = EDGE_CURVE('',#4655,#4201,#4672,.T.);
#4672 = LINE('',#4673,#4674);
#4673 = CARTESIAN_POINT('',(-7.,97.558994578326,-93.34184123236));
#4674 = VECTOR('',#4675,1.);
#4675 = DIRECTION('',(0.,0.,1.));
#4676 = PLANE('',#4677);
#4677 = AXIS2_PLACEMENT_3D('',#4678,#4679,#4680);
#4678 = CARTESIAN_POINT('',(-7.,89.558994578326,-93.34184123236));
#4679 = DIRECTION('',(-1.,0.,0.));
#4680 = DIRECTION('',(0.,1.,0.));
#4681 = ADVANCED_FACE('',(#4682),#4700,.F.);
#4682 = FACE_BOUND('',#4683,.F.);
#4683 = EDGE_LOOP('',(#4684,#4692,#4698,#4699));
#4684 = ORIENTED_EDGE('',*,*,#4685,.T.);
#4685 = EDGE_CURVE('',#4657,#4686,#4688,.T.);
#4686 = VERTEX_POINT('',#4687);
#4687 = CARTESIAN_POINT('',(-1.5,84.058994578326,-92.34184123236));
#4688 = LINE('',#4689,#4690);
#4689 = CARTESIAN_POINT('',(37.704497289163,44.854497289163,
    -92.34184123236));
#4690 = VECTOR('',#4691,1.);
#4691 = DIRECTION('',(0.707106781187,-0.707106781187,0.));
#4692 = ORIENTED_EDGE('',*,*,#4693,.T.);
#4693 = EDGE_CURVE('',#4686,#4251,#4694,.T.);
#4694 = LINE('',#4695,#4696);
#4695 = CARTESIAN_POINT('',(-1.5,84.058994578326,-93.34184123236));
#4696 = VECTOR('',#4697,1.);
#4697 = DIRECTION('',(0.,0.,1.));
#4698 = ORIENTED_EDGE('',*,*,#4258,.F.);
#4699 = ORIENTED_EDGE('',*,*,#4664,.F.);
#4700 = PLANE('',#4701);
#4701 = AXIS2_PLACEMENT_3D('',#4702,#4703,#4704);
#4702 = CARTESIAN_POINT('',(-1.5,84.058994578326,-93.34184123236));
#4703 = DIRECTION('',(-0.707106781187,-0.707106781187,0.));
#4704 = DIRECTION('',(-0.707106781187,0.707106781187,0.));
#4705 = ADVANCED_FACE('',(#4706),#4724,.F.);
#4706 = FACE_BOUND('',#4707,.F.);
#4707 = EDGE_LOOP('',(#4708,#4716,#4722,#4723));
#4708 = ORIENTED_EDGE('',*,*,#4709,.T.);
#4709 = EDGE_CURVE('',#4686,#4710,#4712,.T.);
#4710 = VERTEX_POINT('',#4711);
#4711 = CARTESIAN_POINT('',(1.5,84.058994578326,-92.34184123236));
#4712 = LINE('',#4713,#4714);
#4713 = CARTESIAN_POINT('',(-7.25,84.058994578326,-92.34184123236));
#4714 = VECTOR('',#4715,1.);
#4715 = DIRECTION('',(1.,0.,-0.));
#4716 = ORIENTED_EDGE('',*,*,#4717,.T.);
#4717 = EDGE_CURVE('',#4710,#4243,#4718,.T.);
#4718 = LINE('',#4719,#4720);
#4719 = CARTESIAN_POINT('',(1.5,84.058994578326,-93.34184123236));
#4720 = VECTOR('',#4721,1.);
#4721 = DIRECTION('',(0.,0.,1.));
#4722 = ORIENTED_EDGE('',*,*,#4250,.F.);
#4723 = ORIENTED_EDGE('',*,*,#4693,.F.);
#4724 = PLANE('',#4725);
#4725 = AXIS2_PLACEMENT_3D('',#4726,#4727,#4728);
#4726 = CARTESIAN_POINT('',(1.5,84.058994578326,-93.34184123236));
#4727 = DIRECTION('',(0.,-1.,0.));
#4728 = DIRECTION('',(-1.,0.,0.));
#4729 = ADVANCED_FACE('',(#4730),#4748,.F.);
#4730 = FACE_BOUND('',#4731,.F.);
#4731 = EDGE_LOOP('',(#4732,#4740,#4746,#4747));
#4732 = ORIENTED_EDGE('',*,*,#4733,.T.);
#4733 = EDGE_CURVE('',#4710,#4734,#4736,.T.);
#4734 = VERTEX_POINT('',#4735);
#4735 = CARTESIAN_POINT('',(7.,89.558994578326,-92.34184123236));
#4736 = LINE('',#4737,#4738);
#4737 = CARTESIAN_POINT('',(-42.95449728916,39.604497289163,
    -92.34184123236));
#4738 = VECTOR('',#4739,1.);
#4739 = DIRECTION('',(0.707106781187,0.707106781187,-0.));
#4740 = ORIENTED_EDGE('',*,*,#4741,.T.);
#4741 = EDGE_CURVE('',#4734,#4235,#4742,.T.);
#4742 = LINE('',#4743,#4744);
#4743 = CARTESIAN_POINT('',(7.,89.558994578326,-93.34184123236));
#4744 = VECTOR('',#4745,1.);
#4745 = DIRECTION('',(0.,0.,1.));
#4746 = ORIENTED_EDGE('',*,*,#4242,.F.);
#4747 = ORIENTED_EDGE('',*,*,#4717,.F.);
#4748 = PLANE('',#4749);
#4749 = AXIS2_PLACEMENT_3D('',#4750,#4751,#4752);
#4750 = CARTESIAN_POINT('',(7.,89.558994578326,-93.34184123236));
#4751 = DIRECTION('',(0.707106781187,-0.707106781187,0.));
#4752 = DIRECTION('',(-0.707106781187,-0.707106781187,0.));
#4753 = ADVANCED_FACE('',(#4754),#4772,.F.);
#4754 = FACE_BOUND('',#4755,.F.);
#4755 = EDGE_LOOP('',(#4756,#4764,#4770,#4771));
#4756 = ORIENTED_EDGE('',*,*,#4757,.T.);
#4757 = EDGE_CURVE('',#4734,#4758,#4760,.T.);
#4758 = VERTEX_POINT('',#4759);
#4759 = CARTESIAN_POINT('',(7.,97.558994578326,-92.34184123236));
#4760 = LINE('',#4761,#4762);
#4761 = CARTESIAN_POINT('',(7.,5.15,-92.34184123236));
#4762 = VECTOR('',#4763,1.);
#4763 = DIRECTION('',(-0.,1.,0.));
#4764 = ORIENTED_EDGE('',*,*,#4765,.T.);
#4765 = EDGE_CURVE('',#4758,#4227,#4766,.T.);
#4766 = LINE('',#4767,#4768);
#4767 = CARTESIAN_POINT('',(7.,97.558994578326,-93.34184123236));
#4768 = VECTOR('',#4769,1.);
#4769 = DIRECTION('',(0.,0.,1.));
#4770 = ORIENTED_EDGE('',*,*,#4234,.F.);
#4771 = ORIENTED_EDGE('',*,*,#4741,.F.);
#4772 = PLANE('',#4773);
#4773 = AXIS2_PLACEMENT_3D('',#4774,#4775,#4776);
#4774 = CARTESIAN_POINT('',(7.,97.558994578326,-93.34184123236));
#4775 = DIRECTION('',(1.,0.,-0.));
#4776 = DIRECTION('',(0.,-1.,0.));
#4777 = ADVANCED_FACE('',(#4778),#4796,.F.);
#4778 = FACE_BOUND('',#4779,.F.);
#4779 = EDGE_LOOP('',(#4780,#4788,#4794,#4795));
#4780 = ORIENTED_EDGE('',*,*,#4781,.T.);
#4781 = EDGE_CURVE('',#4758,#4782,#4784,.T.);
#4782 = VERTEX_POINT('',#4783);
#4783 = CARTESIAN_POINT('',(1.5,103.05899457832,-92.34184123236));
#4784 = LINE('',#4785,#4786);
#4785 = CARTESIAN_POINT('',(44.704497289163,59.854497289163,
    -92.34184123236));
#4786 = VECTOR('',#4787,1.);
#4787 = DIRECTION('',(-0.707106781187,0.707106781187,0.));
#4788 = ORIENTED_EDGE('',*,*,#4789,.T.);
#4789 = EDGE_CURVE('',#4782,#4219,#4790,.T.);
#4790 = LINE('',#4791,#4792);
#4791 = CARTESIAN_POINT('',(1.5,103.05899457832,-93.34184123236));
#4792 = VECTOR('',#4793,1.);
#4793 = DIRECTION('',(0.,0.,1.));
#4794 = ORIENTED_EDGE('',*,*,#4226,.F.);
#4795 = ORIENTED_EDGE('',*,*,#4765,.F.);
#4796 = PLANE('',#4797);
#4797 = AXIS2_PLACEMENT_3D('',#4798,#4799,#4800);
#4798 = CARTESIAN_POINT('',(1.5,103.05899457832,-93.34184123236));
#4799 = DIRECTION('',(0.707106781187,0.707106781187,-0.));
#4800 = DIRECTION('',(0.707106781187,-0.707106781187,0.));
#4801 = ADVANCED_FACE('',(#4802),#4820,.F.);
#4802 = FACE_BOUND('',#4803,.F.);
#4803 = EDGE_LOOP('',(#4804,#4812,#4818,#4819));
#4804 = ORIENTED_EDGE('',*,*,#4805,.T.);
#4805 = EDGE_CURVE('',#4782,#4806,#4808,.T.);
#4806 = VERTEX_POINT('',#4807);
#4807 = CARTESIAN_POINT('',(-1.5,103.05899457832,-92.34184123236));
#4808 = LINE('',#4809,#4810);
#4809 = CARTESIAN_POINT('',(-8.75,103.05899457832,-92.34184123236));
#4810 = VECTOR('',#4811,1.);
#4811 = DIRECTION('',(-1.,0.,0.));
#4812 = ORIENTED_EDGE('',*,*,#4813,.T.);
#4813 = EDGE_CURVE('',#4806,#4211,#4814,.T.);
#4814 = LINE('',#4815,#4816);
#4815 = CARTESIAN_POINT('',(-1.5,103.05899457832,-93.34184123236));
#4816 = VECTOR('',#4817,1.);
#4817 = DIRECTION('',(0.,0.,1.));
#4818 = ORIENTED_EDGE('',*,*,#4218,.F.);
#4819 = ORIENTED_EDGE('',*,*,#4789,.F.);
#4820 = PLANE('',#4821);
#4821 = AXIS2_PLACEMENT_3D('',#4822,#4823,#4824);
#4822 = CARTESIAN_POINT('',(-1.5,103.05899457832,-93.34184123236));
#4823 = DIRECTION('',(0.,1.,0.));
#4824 = DIRECTION('',(1.,0.,0.));
#4825 = ADVANCED_FACE('',(#4826),#4837,.F.);
#4826 = FACE_BOUND('',#4827,.F.);
#4827 = EDGE_LOOP('',(#4828,#4834,#4835,#4836));
#4828 = ORIENTED_EDGE('',*,*,#4829,.T.);
#4829 = EDGE_CURVE('',#4806,#4655,#4830,.T.);
#4830 = LINE('',#4831,#4832);
#4831 = CARTESIAN_POINT('',(-55.45449728916,49.104497289163,
    -92.34184123236));
#4832 = VECTOR('',#4833,1.);
#4833 = DIRECTION('',(-0.707106781187,-0.707106781187,0.));
#4834 = ORIENTED_EDGE('',*,*,#4671,.T.);
#4835 = ORIENTED_EDGE('',*,*,#4210,.F.);
#4836 = ORIENTED_EDGE('',*,*,#4813,.F.);
#4837 = PLANE('',#4838);
#4838 = AXIS2_PLACEMENT_3D('',#4839,#4840,#4841);
#4839 = CARTESIAN_POINT('',(-7.,97.558994578326,-93.34184123236));
#4840 = DIRECTION('',(-0.707106781187,0.707106781187,0.));
#4841 = DIRECTION('',(0.707106781187,0.707106781187,0.));
#4842 = ADVANCED_FACE('',(#4843),#4868,.T.);
#4843 = FACE_BOUND('',#4844,.T.);
#4844 = EDGE_LOOP('',(#4845,#4846,#4854,#4862));
#4845 = ORIENTED_EDGE('',*,*,#4282,.T.);
#4846 = ORIENTED_EDGE('',*,*,#4847,.T.);
#4847 = EDGE_CURVE('',#4285,#4848,#4850,.T.);
#4848 = VERTEX_POINT('',#4849);
#4849 = CARTESIAN_POINT('',(16.,96.402140328834,-82.34184123236));
#4850 = LINE('',#4851,#4852);
#4851 = CARTESIAN_POINT('',(10.,96.402140328834,-82.34184123236));
#4852 = VECTOR('',#4853,1.);
#4853 = DIRECTION('',(1.,0.,0.));
#4854 = ORIENTED_EDGE('',*,*,#4855,.F.);
#4855 = EDGE_CURVE('',#4856,#4848,#4858,.T.);
#4856 = VERTEX_POINT('',#4857);
#4857 = CARTESIAN_POINT('',(16.,85.058994578326,-70.99869548185));
#4858 = LINE('',#4859,#4860);
#4859 = CARTESIAN_POINT('',(16.,93.566353891207,-79.50605479473));
#4860 = VECTOR('',#4861,1.);
#4861 = DIRECTION('',(0.,0.707106781187,-0.707106781187));
#4862 = ORIENTED_EDGE('',*,*,#4863,.F.);
#4863 = EDGE_CURVE('',#4283,#4856,#4864,.T.);
#4864 = LINE('',#4865,#4866);
#4865 = CARTESIAN_POINT('',(10.,85.058994578326,-70.99869548185));
#4866 = VECTOR('',#4867,1.);
#4867 = DIRECTION('',(1.,0.,0.));
#4868 = PLANE('',#4869);
#4869 = AXIS2_PLACEMENT_3D('',#4870,#4871,#4872);
#4870 = CARTESIAN_POINT('',(10.,96.402140328834,-82.34184123236));
#4871 = DIRECTION('',(0.,-0.707106781187,-0.707106781187));
#4872 = DIRECTION('',(0.,-0.707106781187,0.707106781187));
#4873 = ADVANCED_FACE('',(#4874),#4892,.T.);
#4874 = FACE_BOUND('',#4875,.T.);
#4875 = EDGE_LOOP('',(#4876,#4877,#4878,#4886));
#4876 = ORIENTED_EDGE('',*,*,#4300,.T.);
#4877 = ORIENTED_EDGE('',*,*,#4863,.T.);
#4878 = ORIENTED_EDGE('',*,*,#4879,.F.);
#4879 = EDGE_CURVE('',#4880,#4856,#4882,.T.);
#4880 = VERTEX_POINT('',#4881);
#4881 = CARTESIAN_POINT('',(16.,85.058994578326,-82.34184123236));
#4882 = LINE('',#4883,#4884);
#4883 = CARTESIAN_POINT('',(16.,85.058994578326,-74.25085097469));
#4884 = VECTOR('',#4885,1.);
#4885 = DIRECTION('',(0.,-0.,1.));
#4886 = ORIENTED_EDGE('',*,*,#4887,.F.);
#4887 = EDGE_CURVE('',#4293,#4880,#4888,.T.);
#4888 = LINE('',#4889,#4890);
#4889 = CARTESIAN_POINT('',(10.,85.058994578326,-82.34184123236));
#4890 = VECTOR('',#4891,1.);
#4891 = DIRECTION('',(1.,0.,0.));
#4892 = PLANE('',#4893);
#4893 = AXIS2_PLACEMENT_3D('',#4894,#4895,#4896);
#4894 = CARTESIAN_POINT('',(10.,85.058994578326,-70.99869548185));
#4895 = DIRECTION('',(-0.,1.,0.));
#4896 = DIRECTION('',(0.,0.,-1.));
#4897 = ADVANCED_FACE('',(#4898),#4909,.T.);
#4898 = FACE_BOUND('',#4899,.T.);
#4899 = EDGE_LOOP('',(#4900,#4901,#4902,#4908));
#4900 = ORIENTED_EDGE('',*,*,#4292,.T.);
#4901 = ORIENTED_EDGE('',*,*,#4887,.T.);
#4902 = ORIENTED_EDGE('',*,*,#4903,.F.);
#4903 = EDGE_CURVE('',#4848,#4880,#4904,.T.);
#4904 = LINE('',#4905,#4906);
#4905 = CARTESIAN_POINT('',(16.,87.478411960742,-82.34184123236));
#4906 = VECTOR('',#4907,1.);
#4907 = DIRECTION('',(0.,-1.,0.));
#4908 = ORIENTED_EDGE('',*,*,#4847,.F.);
#4909 = PLANE('',#4910);
#4910 = AXIS2_PLACEMENT_3D('',#4911,#4912,#4913);
#4911 = CARTESIAN_POINT('',(10.,85.058994578326,-82.34184123236));
#4912 = DIRECTION('',(0.,0.,1.));
#4913 = DIRECTION('',(0.,1.,0.));
#4914 = ADVANCED_FACE('',(#4915),#4932,.F.);
#4915 = FACE_BOUND('',#4916,.F.);
#4916 = EDGE_LOOP('',(#4917,#4918,#4926,#4931));
#4917 = ORIENTED_EDGE('',*,*,#3873,.F.);
#4918 = ORIENTED_EDGE('',*,*,#4919,.T.);
#4919 = EDGE_CURVE('',#3866,#4920,#4922,.T.);
#4920 = VERTEX_POINT('',#4921);
#4921 = CARTESIAN_POINT('',(-10.65,76.058994578326,-31.4));
#4922 = LINE('',#4923,#4924);
#4923 = CARTESIAN_POINT('',(-10.65,76.058994578326,9.9));
#4924 = VECTOR('',#4925,1.);
#4925 = DIRECTION('',(0.,0.,-1.));
#4926 = ORIENTED_EDGE('',*,*,#4927,.T.);
#4927 = EDGE_CURVE('',#4920,#3836,#4928,.T.);
#4928 = B_SPLINE_CURVE_WITH_KNOTS('',1,(#4929,#4930),.UNSPECIFIED.,.F.,
  .F.,(2,2),(0.,1.),.PIECEWISE_BEZIER_KNOTS.);
#4929 = CARTESIAN_POINT('',(-10.65,76.058994578326,-31.4));
#4930 = CARTESIAN_POINT('',(-11.65,75.058994578326,-32.4));
#4931 = ORIENTED_EDGE('',*,*,#3842,.T.);
#4932 = B_SPLINE_SURFACE_WITH_KNOTS('',1,1,(
    (#4933,#4934)
    ,(#4935,#4936
    )),.UNSPECIFIED.,.F.,.F.,.F.,(2,2),(2,2),(0.,43.3),(0.,1.),
  .PIECEWISE_BEZIER_KNOTS.);
#4933 = CARTESIAN_POINT('',(-10.65,76.058994578326,9.9));
#4934 = CARTESIAN_POINT('',(-11.65,75.058994578326,10.9));
#4935 = CARTESIAN_POINT('',(-10.65,76.058994578326,-31.4));
#4936 = CARTESIAN_POINT('',(-11.65,75.058994578326,-32.4));
#4937 = ADVANCED_FACE('',(#4938),#4955,.F.);
#4938 = FACE_BOUND('',#4939,.F.);
#4939 = EDGE_LOOP('',(#4940,#4941,#4949,#4954));
#4940 = ORIENTED_EDGE('',*,*,#4927,.F.);
#4941 = ORIENTED_EDGE('',*,*,#4942,.T.);
#4942 = EDGE_CURVE('',#4920,#4943,#4945,.T.);
#4943 = VERTEX_POINT('',#4944);
#4944 = CARTESIAN_POINT('',(10.65,76.058994578326,-31.4));
#4945 = LINE('',#4946,#4947);
#4946 = CARTESIAN_POINT('',(-10.65,76.058994578326,-31.4));
#4947 = VECTOR('',#4948,1.);
#4948 = DIRECTION('',(1.,0.,0.));
#4949 = ORIENTED_EDGE('',*,*,#4950,.T.);
#4950 = EDGE_CURVE('',#4943,#3829,#4951,.T.);
#4951 = B_SPLINE_CURVE_WITH_KNOTS('',1,(#4952,#4953),.UNSPECIFIED.,.F.,
  .F.,(2,2),(0.,1.),.PIECEWISE_BEZIER_KNOTS.);
#4952 = CARTESIAN_POINT('',(10.65,76.058994578326,-31.4));
#4953 = CARTESIAN_POINT('',(11.65,75.058994578326,-32.4));
#4954 = ORIENTED_EDGE('',*,*,#3835,.T.);
#4955 = B_SPLINE_SURFACE_WITH_KNOTS('',1,1,(
    (#4956,#4957)
    ,(#4958,#4959
    )),.UNSPECIFIED.,.F.,.F.,.F.,(2,2),(2,2),(0.,23.3),(0.,1.),
  .PIECEWISE_BEZIER_KNOTS.);
#4956 = CARTESIAN_POINT('',(-10.65,76.058994578326,-31.4));
#4957 = CARTESIAN_POINT('',(-11.65,75.058994578326,-32.4));
#4958 = CARTESIAN_POINT('',(10.65,76.058994578326,-31.4));
#4959 = CARTESIAN_POINT('',(11.65,75.058994578326,-32.4));
#4960 = ADVANCED_FACE('',(#4961),#4972,.F.);
#4961 = FACE_BOUND('',#4962,.F.);
#4962 = EDGE_LOOP('',(#4963,#4964,#4970,#4971));
#4963 = ORIENTED_EDGE('',*,*,#4950,.F.);
#4964 = ORIENTED_EDGE('',*,*,#4965,.T.);
#4965 = EDGE_CURVE('',#4943,#4085,#4966,.T.);
#4966 = LINE('',#4967,#4968);
#4967 = CARTESIAN_POINT('',(10.65,76.058994578326,-31.4));
#4968 = VECTOR('',#4969,1.);
#4969 = DIRECTION('',(0.,0.,1.));
#4970 = ORIENTED_EDGE('',*,*,#4084,.T.);
#4971 = ORIENTED_EDGE('',*,*,#3828,.T.);
#4972 = B_SPLINE_SURFACE_WITH_KNOTS('',1,1,(
    (#4973,#4974)
    ,(#4975,#4976
    )),.UNSPECIFIED.,.F.,.F.,.F.,(2,2),(2,2),(0.,43.3),(0.,1.),
  .PIECEWISE_BEZIER_KNOTS.);
#4973 = CARTESIAN_POINT('',(10.65,76.058994578326,-31.4));
#4974 = CARTESIAN_POINT('',(11.65,75.058994578326,-32.4));
#4975 = CARTESIAN_POINT('',(10.65,76.058994578326,9.9));
#4976 = CARTESIAN_POINT('',(11.65,75.058994578326,10.9));
#4977 = ADVANCED_FACE('',(#4978),#4996,.F.);
#4978 = FACE_BOUND('',#4979,.F.);
#4979 = EDGE_LOOP('',(#4980,#4988,#4994,#4995));
#4980 = ORIENTED_EDGE('',*,*,#4981,.T.);
#4981 = EDGE_CURVE('',#3889,#4982,#4984,.T.);
#4982 = VERTEX_POINT('',#4983);
#4983 = CARTESIAN_POINT('',(-10.65,80.058994578326,-31.4));
#4984 = LINE('',#4985,#4986);
#4985 = CARTESIAN_POINT('',(-10.65,80.058994578326,9.9));
#4986 = VECTOR('',#4987,1.);
#4987 = DIRECTION('',(0.,0.,-1.));
#4988 = ORIENTED_EDGE('',*,*,#4989,.T.);
#4989 = EDGE_CURVE('',#4982,#4920,#4990,.T.);
#4990 = LINE('',#4991,#4992);
#4991 = CARTESIAN_POINT('',(-10.65,88.058994578326,-31.4));
#4992 = VECTOR('',#4993,1.);
#4993 = DIRECTION('',(0.,-1.,0.));
#4994 = ORIENTED_EDGE('',*,*,#4919,.F.);
#4995 = ORIENTED_EDGE('',*,*,#3896,.F.);
#4996 = PLANE('',#4997);
#4997 = AXIS2_PLACEMENT_3D('',#4998,#4999,#5000);
#4998 = CARTESIAN_POINT('',(-10.65,88.058994578326,-31.4));
#4999 = DIRECTION('',(-1.,0.,0.));
#5000 = DIRECTION('',(0.,-1.,0.));
#5001 = ADVANCED_FACE('',(#5002),#5012,.T.);
#5002 = FACE_BOUND('',#5003,.T.);
#5003 = EDGE_LOOP('',(#5004,#5005,#5006,#5011));
#5004 = ORIENTED_EDGE('',*,*,#3913,.F.);
#5005 = ORIENTED_EDGE('',*,*,#4981,.T.);
#5006 = ORIENTED_EDGE('',*,*,#5007,.T.);
#5007 = EDGE_CURVE('',#4982,#3981,#5008,.T.);
#5008 = B_SPLINE_CURVE_WITH_KNOTS('',1,(#5009,#5010),.UNSPECIFIED.,.F.,
  .F.,(2,2),(0.,1.),.PIECEWISE_BEZIER_KNOTS.);
#5009 = CARTESIAN_POINT('',(-10.65,80.058994578326,-31.4));
#5010 = CARTESIAN_POINT('',(-11.65,81.058994578326,-32.4));
#5011 = ORIENTED_EDGE('',*,*,#3987,.T.);
#5012 = B_SPLINE_SURFACE_WITH_KNOTS('',1,1,(
    (#5013,#5014)
    ,(#5015,#5016
    )),.UNSPECIFIED.,.F.,.F.,.F.,(2,2),(2,2),(0.,43.3),(0.,1.),
  .PIECEWISE_BEZIER_KNOTS.);
#5013 = CARTESIAN_POINT('',(-10.65,80.058994578326,9.9));
#5014 = CARTESIAN_POINT('',(-11.65,81.058994578326,10.9));
#5015 = CARTESIAN_POINT('',(-10.65,80.058994578326,-31.4));
#5016 = CARTESIAN_POINT('',(-11.65,81.058994578326,-32.4));
#5017 = ADVANCED_FACE('',(#5018),#5035,.T.);
#5018 = FACE_BOUND('',#5019,.T.);
#5019 = EDGE_LOOP('',(#5020,#5021,#5029,#5034));
#5020 = ORIENTED_EDGE('',*,*,#5007,.F.);
#5021 = ORIENTED_EDGE('',*,*,#5022,.T.);
#5022 = EDGE_CURVE('',#4982,#5023,#5025,.T.);
#5023 = VERTEX_POINT('',#5024);
#5024 = CARTESIAN_POINT('',(10.65,80.058994578326,-31.4));
#5025 = LINE('',#5026,#5027);
#5026 = CARTESIAN_POINT('',(-10.65,80.058994578326,-31.4));
#5027 = VECTOR('',#5028,1.);
#5028 = DIRECTION('',(1.,0.,0.));
#5029 = ORIENTED_EDGE('',*,*,#5030,.T.);
#5030 = EDGE_CURVE('',#5023,#3974,#5031,.T.);
#5031 = B_SPLINE_CURVE_WITH_KNOTS('',1,(#5032,#5033),.UNSPECIFIED.,.F.,
  .F.,(2,2),(0.,1.),.PIECEWISE_BEZIER_KNOTS.);
#5032 = CARTESIAN_POINT('',(10.65,80.058994578326,-31.4));
#5033 = CARTESIAN_POINT('',(11.65,81.058994578326,-32.4));
#5034 = ORIENTED_EDGE('',*,*,#3980,.T.);
#5035 = B_SPLINE_SURFACE_WITH_KNOTS('',1,1,(
    (#5036,#5037)
    ,(#5038,#5039
    )),.UNSPECIFIED.,.F.,.F.,.F.,(2,2),(2,2),(0.,23.3),(0.,1.),
  .PIECEWISE_BEZIER_KNOTS.);
#5036 = CARTESIAN_POINT('',(-10.65,80.058994578326,-31.4));
#5037 = CARTESIAN_POINT('',(-11.65,81.058994578326,-32.4));
#5038 = CARTESIAN_POINT('',(10.65,80.058994578326,-31.4));
#5039 = CARTESIAN_POINT('',(11.65,81.058994578326,-32.4));
#5040 = ADVANCED_FACE('',(#5041),#5052,.T.);
#5041 = FACE_BOUND('',#5042,.T.);
#5042 = EDGE_LOOP('',(#5043,#5044,#5050,#5051));
#5043 = ORIENTED_EDGE('',*,*,#5030,.F.);
#5044 = ORIENTED_EDGE('',*,*,#5045,.T.);
#5045 = EDGE_CURVE('',#5023,#4108,#5046,.T.);
#5046 = LINE('',#5047,#5048);
#5047 = CARTESIAN_POINT('',(10.65,80.058994578326,-31.4));
#5048 = VECTOR('',#5049,1.);
#5049 = DIRECTION('',(0.,0.,1.));
#5050 = ORIENTED_EDGE('',*,*,#4131,.T.);
#5051 = ORIENTED_EDGE('',*,*,#3973,.T.);
#5052 = B_SPLINE_SURFACE_WITH_KNOTS('',1,1,(
    (#5053,#5054)
    ,(#5055,#5056
    )),.UNSPECIFIED.,.F.,.F.,.F.,(2,2),(2,2),(0.,43.3),(0.,1.),
  .PIECEWISE_BEZIER_KNOTS.);
#5053 = CARTESIAN_POINT('',(10.65,80.058994578326,-31.4));
#5054 = CARTESIAN_POINT('',(11.65,81.058994578326,-32.4));
#5055 = CARTESIAN_POINT('',(10.65,80.058994578326,9.9));
#5056 = CARTESIAN_POINT('',(11.65,81.058994578326,10.9));
#5057 = ADVANCED_FACE('',(#5058),#5069,.T.);
#5058 = FACE_BOUND('',#5059,.T.);
#5059 = EDGE_LOOP('',(#5060,#5061,#5067,#5068));
#5060 = ORIENTED_EDGE('',*,*,#5045,.F.);
#5061 = ORIENTED_EDGE('',*,*,#5062,.T.);
#5062 = EDGE_CURVE('',#5023,#4943,#5063,.T.);
#5063 = LINE('',#5064,#5065);
#5064 = CARTESIAN_POINT('',(10.65,88.058994578326,-31.4));
#5065 = VECTOR('',#5066,1.);
#5066 = DIRECTION('',(0.,-1.,0.));
#5067 = ORIENTED_EDGE('',*,*,#4965,.T.);
#5068 = ORIENTED_EDGE('',*,*,#4107,.F.);
#5069 = PLANE('',#5070);
#5070 = AXIS2_PLACEMENT_3D('',#5071,#5072,#5073);
#5071 = CARTESIAN_POINT('',(10.65,88.058994578326,-31.4));
#5072 = DIRECTION('',(-1.,0.,0.));
#5073 = DIRECTION('',(0.,-1.,0.));
#5074 = ADVANCED_FACE('',(#5075),#5104,.T.);
#5075 = FACE_BOUND('',#5076,.T.);
#5076 = EDGE_LOOP('',(#5077,#5086,#5087,#5088,#5097));
#5077 = ORIENTED_EDGE('',*,*,#5078,.F.);
#5078 = EDGE_CURVE('',#4419,#5079,#5081,.T.);
#5079 = VERTEX_POINT('',#5080);
#5080 = CARTESIAN_POINT('',(1.276389156911,87.058994578326,-35.05));
#5081 = CIRCLE('',#5082,3.6);
#5082 = AXIS2_PLACEMENT_3D('',#5083,#5084,#5085);
#5083 = CARTESIAN_POINT('',(4.875,87.058994578326,-35.15));
#5084 = DIRECTION('',(0.,1.,0.));
#5085 = DIRECTION('',(-0.,0.,-1.));
#5086 = ORIENTED_EDGE('',*,*,#4418,.F.);
#5087 = ORIENTED_EDGE('',*,*,#4444,.F.);
#5088 = ORIENTED_EDGE('',*,*,#5089,.F.);
#5089 = EDGE_CURVE('',#5090,#4445,#5092,.T.);
#5090 = VERTEX_POINT('',#5091);
#5091 = CARTESIAN_POINT('',(-2.933548363922E-15,85.780842335947,-35.05)
  );
#5092 = HYPERBOLA('',#5093,4.883125,4.875);
#5093 = AXIS2_PLACEMENT_3D('',#5094,#5095,#5096);
#5094 = CARTESIAN_POINT('',(0.,90.664994578326,-35.15));
#5095 = DIRECTION('',(1.,0.,0.));
#5096 = DIRECTION('',(0.,-1.,0.));
#5097 = ORIENTED_EDGE('',*,*,#5098,.F.);
#5098 = EDGE_CURVE('',#5079,#5090,#5099,.T.);
#5099 = HYPERBOLA('',#5100,0.100166666667,0.1);
#5100 = AXIS2_PLACEMENT_3D('',#5101,#5102,#5103);
#5101 = CARTESIAN_POINT('',(4.875,90.664994578326,-35.05));
#5102 = DIRECTION('',(-0.,-0.,-1.));
#5103 = DIRECTION('',(0.,-1.,0.));
#5104 = CONICAL_SURFACE('',#5105,9.6,0.784565524123);
#5105 = AXIS2_PLACEMENT_3D('',#5106,#5107,#5108);
#5106 = CARTESIAN_POINT('',(4.875,81.048994578327,-35.15));
#5107 = DIRECTION('',(0.,-1.,0.));
#5108 = DIRECTION('',(-0.,0.,-1.));
#5109 = ADVANCED_FACE('',(#5110),#5131,.T.);
#5110 = FACE_BOUND('',#5111,.T.);
#5111 = EDGE_LOOP('',(#5112,#5113,#5114,#5123,#5130));
#5112 = ORIENTED_EDGE('',*,*,#4453,.F.);
#5113 = ORIENTED_EDGE('',*,*,#4489,.T.);
#5114 = ORIENTED_EDGE('',*,*,#5115,.F.);
#5115 = EDGE_CURVE('',#5116,#4479,#5118,.T.);
#5116 = VERTEX_POINT('',#5117);
#5117 = CARTESIAN_POINT('',(-1.276389156911,87.058994578326,-35.05));
#5118 = CIRCLE('',#5119,3.6);
#5119 = AXIS2_PLACEMENT_3D('',#5120,#5121,#5122);
#5120 = CARTESIAN_POINT('',(-4.875,87.058994578326,-35.15));
#5121 = DIRECTION('',(0.,1.,0.));
#5122 = DIRECTION('',(-0.,0.,-1.));
#5123 = ORIENTED_EDGE('',*,*,#5124,.F.);
#5124 = EDGE_CURVE('',#5090,#5116,#5125,.T.);
#5125 = HYPERBOLA('',#5126,0.100166666667,0.1);
#5126 = AXIS2_PLACEMENT_3D('',#5127,#5128,#5129);
#5127 = CARTESIAN_POINT('',(-4.875,90.664994578326,-35.05));
#5128 = DIRECTION('',(-0.,-0.,-1.));
#5129 = DIRECTION('',(0.,-1.,0.));
#5130 = ORIENTED_EDGE('',*,*,#5089,.T.);
#5131 = CONICAL_SURFACE('',#5132,9.6,0.784565524123);
#5132 = AXIS2_PLACEMENT_3D('',#5133,#5134,#5135);
#5133 = CARTESIAN_POINT('',(-4.875,81.048994578327,-35.15));
#5134 = DIRECTION('',(0.,-1.,0.));
#5135 = DIRECTION('',(-0.,0.,-1.));
#5136 = ADVANCED_FACE('',(#5137),#5165,.T.);
#5137 = FACE_BOUND('',#5138,.T.);
#5138 = EDGE_LOOP('',(#5139,#5148,#5157,#5164));
#5139 = ORIENTED_EDGE('',*,*,#5140,.F.);
#5140 = EDGE_CURVE('',#5141,#5116,#5143,.T.);
#5141 = VERTEX_POINT('',#5142);
#5142 = CARTESIAN_POINT('',(-2.333838848085,87.058994578326,-32.4));
#5143 = CIRCLE('',#5144,3.6);
#5144 = AXIS2_PLACEMENT_3D('',#5145,#5146,#5147);
#5145 = CARTESIAN_POINT('',(-4.875,87.058994578326,-34.95));
#5146 = DIRECTION('',(0.,1.,0.));
#5147 = DIRECTION('',(-0.,0.,-1.));
#5148 = ORIENTED_EDGE('',*,*,#5149,.T.);
#5149 = EDGE_CURVE('',#5141,#5150,#5152,.T.);
#5150 = VERTEX_POINT('',#5151);
#5151 = CARTESIAN_POINT('',(0.,85.154177685331,-32.4));
#5152 = HYPERBOLA('',#5153,2.55425,2.55);
#5153 = AXIS2_PLACEMENT_3D('',#5154,#5155,#5156);
#5154 = CARTESIAN_POINT('',(-4.875,90.664994578326,-32.4));
#5155 = DIRECTION('',(0.,0.,1.));
#5156 = DIRECTION('',(0.,-1.,0.));
#5157 = ORIENTED_EDGE('',*,*,#5158,.T.);
#5158 = EDGE_CURVE('',#5150,#5090,#5159,.T.);
#5159 = HYPERBOLA('',#5160,4.883125,4.875);
#5160 = AXIS2_PLACEMENT_3D('',#5161,#5162,#5163);
#5161 = CARTESIAN_POINT('',(0.,90.664994578326,-34.95));
#5162 = DIRECTION('',(1.,0.,0.));
#5163 = DIRECTION('',(0.,-1.,0.));
#5164 = ORIENTED_EDGE('',*,*,#5124,.T.);
#5165 = CONICAL_SURFACE('',#5166,9.6,0.784565524123);
#5166 = AXIS2_PLACEMENT_3D('',#5167,#5168,#5169);
#5167 = CARTESIAN_POINT('',(-4.875,81.048994578327,-34.95));
#5168 = DIRECTION('',(0.,-1.,0.));
#5169 = DIRECTION('',(-0.,0.,-1.));
#5170 = ADVANCED_FACE('',(#5171),#5191,.T.);
#5171 = FACE_BOUND('',#5172,.T.);
#5172 = EDGE_LOOP('',(#5173,#5182,#5183,#5184));
#5173 = ORIENTED_EDGE('',*,*,#5174,.F.);
#5174 = EDGE_CURVE('',#5079,#5175,#5177,.T.);
#5175 = VERTEX_POINT('',#5176);
#5176 = CARTESIAN_POINT('',(2.333838848085,87.058994578326,-32.4));
#5177 = CIRCLE('',#5178,3.6);
#5178 = AXIS2_PLACEMENT_3D('',#5179,#5180,#5181);
#5179 = CARTESIAN_POINT('',(4.875,87.058994578326,-34.95));
#5180 = DIRECTION('',(0.,1.,0.));
#5181 = DIRECTION('',(-0.,0.,-1.));
#5182 = ORIENTED_EDGE('',*,*,#5098,.T.);
#5183 = ORIENTED_EDGE('',*,*,#5158,.F.);
#5184 = ORIENTED_EDGE('',*,*,#5185,.T.);
#5185 = EDGE_CURVE('',#5150,#5175,#5186,.T.);
#5186 = HYPERBOLA('',#5187,2.55425,2.55);
#5187 = AXIS2_PLACEMENT_3D('',#5188,#5189,#5190);
#5188 = CARTESIAN_POINT('',(4.875,90.664994578326,-32.4));
#5189 = DIRECTION('',(0.,0.,1.));
#5190 = DIRECTION('',(0.,-1.,0.));
#5191 = CONICAL_SURFACE('',#5192,9.6,0.784565524123);
#5192 = AXIS2_PLACEMENT_3D('',#5193,#5194,#5195);
#5193 = CARTESIAN_POINT('',(4.875,81.048994578327,-34.95));
#5194 = DIRECTION('',(0.,-1.,0.));
#5195 = DIRECTION('',(-0.,0.,-1.));
#5196 = ADVANCED_FACE('',(#5197),#5203,.T.);
#5197 = FACE_BOUND('',#5198,.T.);
#5198 = EDGE_LOOP('',(#5199,#5200,#5201,#5202));
#5199 = ORIENTED_EDGE('',*,*,#5062,.F.);
#5200 = ORIENTED_EDGE('',*,*,#5022,.F.);
#5201 = ORIENTED_EDGE('',*,*,#4989,.T.);
#5202 = ORIENTED_EDGE('',*,*,#4942,.T.);
#5203 = PLANE('',#5204);
#5204 = AXIS2_PLACEMENT_3D('',#5205,#5206,#5207);
#5205 = CARTESIAN_POINT('',(10.65,88.058994578326,-31.4));
#5206 = DIRECTION('',(0.,0.,1.));
#5207 = DIRECTION('',(0.,-1.,0.));
#5208 = ADVANCED_FACE('',(#5209,#5233,#5238),#5243,.T.);
#5209 = FACE_BOUND('',#5210,.T.);
#5210 = EDGE_LOOP('',(#5211,#5212,#5213,#5214,#5215,#5216,#5217,#5218,
    #5224,#5225,#5226,#5227));
#5211 = ORIENTED_EDGE('',*,*,#118,.T.);
#5212 = ORIENTED_EDGE('',*,*,#181,.T.);
#5213 = ORIENTED_EDGE('',*,*,#516,.T.);
#5214 = ORIENTED_EDGE('',*,*,#959,.T.);
#5215 = ORIENTED_EDGE('',*,*,#1000,.F.);
#5216 = ORIENTED_EDGE('',*,*,#1274,.T.);
#5217 = ORIENTED_EDGE('',*,*,#1987,.T.);
#5218 = ORIENTED_EDGE('',*,*,#5219,.T.);
#5219 = EDGE_CURVE('',#1988,#3631,#5220,.T.);
#5220 = LINE('',#5221,#5222);
#5221 = CARTESIAN_POINT('',(-16.,75.058994578326,19.5));
#5222 = VECTOR('',#5223,1.);
#5223 = DIRECTION('',(-0.,1.,0.));
#5224 = ORIENTED_EDGE('',*,*,#3630,.F.);
#5225 = ORIENTED_EDGE('',*,*,#94,.F.);
#5226 = ORIENTED_EDGE('',*,*,#31,.F.);
#5227 = ORIENTED_EDGE('',*,*,#5228,.F.);
#5228 = EDGE_CURVE('',#109,#22,#5229,.T.);
#5229 = LINE('',#5230,#5231);
#5230 = CARTESIAN_POINT('',(-16.,-87.25899457832,-92.34184123236));
#5231 = VECTOR('',#5232,1.);
#5232 = DIRECTION('',(-0.,1.,0.));
#5233 = FACE_BOUND('',#5234,.T.);
#5234 = EDGE_LOOP('',(#5235,#5236,#5237));
#5235 = ORIENTED_EDGE('',*,*,#850,.F.);
#5236 = ORIENTED_EDGE('',*,*,#905,.F.);
#5237 = ORIENTED_EDGE('',*,*,#881,.F.);
#5238 = FACE_BOUND('',#5239,.T.);
#5239 = EDGE_LOOP('',(#5240,#5241,#5242));
#5240 = ORIENTED_EDGE('',*,*,#4582,.F.);
#5241 = ORIENTED_EDGE('',*,*,#4613,.F.);
#5242 = ORIENTED_EDGE('',*,*,#4637,.F.);
#5243 = PLANE('',#5244);
#5244 = AXIS2_PLACEMENT_3D('',#5245,#5246,#5247);
#5245 = CARTESIAN_POINT('',(-16.,10.774826254638,-59.08114271989));
#5246 = DIRECTION('',(-1.,-0.,-0.));
#5247 = DIRECTION('',(0.,0.,-1.));
#5248 = ADVANCED_FACE('',(#5249,#5260,#5342,#5352),#5362,.F.);
#5249 = FACE_BOUND('',#5250,.T.);
#5250 = EDGE_LOOP('',(#5251,#5252,#5253,#5259));
#5251 = ORIENTED_EDGE('',*,*,#5228,.T.);
#5252 = ORIENTED_EDGE('',*,*,#21,.T.);
#5253 = ORIENTED_EDGE('',*,*,#5254,.F.);
#5254 = EDGE_CURVE('',#111,#24,#5255,.T.);
#5255 = LINE('',#5256,#5257);
#5256 = CARTESIAN_POINT('',(16.,-87.25899457832,-92.34184123236));
#5257 = VECTOR('',#5258,1.);
#5258 = DIRECTION('',(-0.,1.,0.));
#5259 = ORIENTED_EDGE('',*,*,#108,.F.);
#5260 = FACE_BOUND('',#5261,.F.);
#5261 = EDGE_LOOP('',(#5262,#5272,#5280,#5288,#5296,#5304,#5312,#5320,
    #5328,#5336));
#5262 = ORIENTED_EDGE('',*,*,#5263,.T.);
#5263 = EDGE_CURVE('',#5264,#5266,#5268,.T.);
#5264 = VERTEX_POINT('',#5265);
#5265 = CARTESIAN_POINT('',(6.75,-23.,-92.34184123236));
#5266 = VERTEX_POINT('',#5267);
#5267 = CARTESIAN_POINT('',(-6.75,-23.,-92.34184123236));
#5268 = LINE('',#5269,#5270);
#5269 = CARTESIAN_POINT('',(-10.74371843353,-23.,-92.34184123236));
#5270 = VECTOR('',#5271,1.);
#5271 = DIRECTION('',(-1.,0.,0.));
#5272 = ORIENTED_EDGE('',*,*,#5273,.T.);
#5273 = EDGE_CURVE('',#5266,#5274,#5276,.T.);
#5274 = VERTEX_POINT('',#5275);
#5275 = CARTESIAN_POINT('',(-6.75,-1.381727983645,-92.34184123236));
#5276 = LINE('',#5277,#5278);
#5277 = CARTESIAN_POINT('',(-6.75,-55.12949728916,-92.34184123236));
#5278 = VECTOR('',#5279,1.);
#5279 = DIRECTION('',(-0.,1.,0.));
#5280 = ORIENTED_EDGE('',*,*,#5281,.F.);
#5281 = EDGE_CURVE('',#5282,#5274,#5284,.T.);
#5282 = VERTEX_POINT('',#5283);
#5283 = CARTESIAN_POINT('',(-8.131727983645,0.,-92.34184123236));
#5284 = LINE('',#5285,#5286);
#5285 = CARTESIAN_POINT('',(11.715952656848,-19.84768064049,
    -92.34184123236));
#5286 = VECTOR('',#5287,1.);
#5287 = DIRECTION('',(0.707106781187,-0.707106781187,0.));
#5288 = ORIENTED_EDGE('',*,*,#5289,.F.);
#5289 = EDGE_CURVE('',#5290,#5282,#5292,.T.);
#5290 = VERTEX_POINT('',#5291);
#5291 = CARTESIAN_POINT('',(-6.75,1.381727983645,-92.34184123236));
#5292 = LINE('',#5293,#5294);
#5293 = CARTESIAN_POINT('',(-29.8806126364,-21.74888465275,
    -92.34184123236));
#5294 = VECTOR('',#5295,1.);
#5295 = DIRECTION('',(-0.707106781187,-0.707106781187,0.));
#5296 = ORIENTED_EDGE('',*,*,#5297,.T.);
#5297 = EDGE_CURVE('',#5290,#5298,#5300,.T.);
#5298 = VERTEX_POINT('',#5299);
#5299 = CARTESIAN_POINT('',(-6.75,23.,-92.34184123236));
#5300 = LINE('',#5301,#5302);
#5301 = CARTESIAN_POINT('',(-6.75,-55.12949728916,-92.34184123236));
#5302 = VECTOR('',#5303,1.);
#5303 = DIRECTION('',(-0.,1.,0.));
#5304 = ORIENTED_EDGE('',*,*,#5305,.T.);
#5305 = EDGE_CURVE('',#5298,#5306,#5308,.T.);
#5306 = VERTEX_POINT('',#5307);
#5307 = CARTESIAN_POINT('',(6.75,23.,-92.34184123236));
#5308 = LINE('',#5309,#5310);
#5309 = CARTESIAN_POINT('',(-5.256281566462,23.,-92.34184123236));
#5310 = VECTOR('',#5311,1.);
#5311 = DIRECTION('',(1.,-0.,0.));
#5312 = ORIENTED_EDGE('',*,*,#5313,.F.);
#5313 = EDGE_CURVE('',#5314,#5306,#5316,.T.);
#5314 = VERTEX_POINT('',#5315);
#5315 = CARTESIAN_POINT('',(6.75,1.381727983645,-92.34184123236));
#5316 = LINE('',#5317,#5318);
#5317 = CARTESIAN_POINT('',(6.75,-55.12949728916,-92.34184123236));
#5318 = VECTOR('',#5319,1.);
#5319 = DIRECTION('',(0.,1.,0.));
#5320 = ORIENTED_EDGE('',*,*,#5321,.F.);
#5321 = EDGE_CURVE('',#5322,#5314,#5324,.T.);
#5322 = VERTEX_POINT('',#5323);
#5323 = CARTESIAN_POINT('',(8.131727983645,0.,-92.34184123236));
#5324 = LINE('',#5325,#5326);
#5325 = CARTESIAN_POINT('',(23.913544632316,-15.78181664867,
    -92.34184123236));
#5326 = VECTOR('',#5327,1.);
#5327 = DIRECTION('',(-0.707106781187,0.707106781187,0.));
#5328 = ORIENTED_EDGE('',*,*,#5329,.F.);
#5329 = EDGE_CURVE('',#5330,#5322,#5332,.T.);
#5330 = VERTEX_POINT('',#5331);
#5331 = CARTESIAN_POINT('',(6.75,-1.381727983645,-92.34184123236));
#5332 = LINE('',#5333,#5334);
#5333 = CARTESIAN_POINT('',(-21.74888465275,-29.8806126364,
    -92.34184123236));
#5334 = VECTOR('',#5335,1.);
#5335 = DIRECTION('',(0.707106781187,0.707106781187,-0.));
#5336 = ORIENTED_EDGE('',*,*,#5337,.F.);
#5337 = EDGE_CURVE('',#5264,#5330,#5338,.T.);
#5338 = LINE('',#5339,#5340);
#5339 = CARTESIAN_POINT('',(6.75,-55.12949728916,-92.34184123236));
#5340 = VECTOR('',#5341,1.);
#5341 = DIRECTION('',(0.,1.,0.));
#5342 = FACE_BOUND('',#5343,.F.);
#5343 = EDGE_LOOP('',(#5344,#5345,#5346,#5347,#5348,#5349,#5350,#5351));
#5344 = ORIENTED_EDGE('',*,*,#4829,.F.);
#5345 = ORIENTED_EDGE('',*,*,#4805,.F.);
#5346 = ORIENTED_EDGE('',*,*,#4781,.F.);
#5347 = ORIENTED_EDGE('',*,*,#4757,.F.);
#5348 = ORIENTED_EDGE('',*,*,#4733,.F.);
#5349 = ORIENTED_EDGE('',*,*,#4709,.F.);
#5350 = ORIENTED_EDGE('',*,*,#4685,.F.);
#5351 = ORIENTED_EDGE('',*,*,#4654,.F.);
#5352 = FACE_BOUND('',#5353,.F.);
#5353 = EDGE_LOOP('',(#5354,#5355,#5356,#5357,#5358,#5359,#5360,#5361));
#5354 = ORIENTED_EDGE('',*,*,#498,.F.);
#5355 = ORIENTED_EDGE('',*,*,#474,.F.);
#5356 = ORIENTED_EDGE('',*,*,#450,.F.);
#5357 = ORIENTED_EDGE('',*,*,#426,.F.);
#5358 = ORIENTED_EDGE('',*,*,#402,.F.);
#5359 = ORIENTED_EDGE('',*,*,#378,.F.);
#5360 = ORIENTED_EDGE('',*,*,#354,.F.);
#5361 = ORIENTED_EDGE('',*,*,#323,.F.);
#5362 = PLANE('',#5363);
#5363 = AXIS2_PLACEMENT_3D('',#5364,#5365,#5366);
#5364 = CARTESIAN_POINT('',(-16.,-87.25899457832,-92.34184123236));
#5365 = DIRECTION('',(0.,0.,1.));
#5366 = DIRECTION('',(1.,0.,-0.));
#5367 = ADVANCED_FACE('',(#5368),#5393,.T.);
#5368 = FACE_BOUND('',#5369,.T.);
#5369 = EDGE_LOOP('',(#5370,#5378,#5379,#5387));
#5370 = ORIENTED_EDGE('',*,*,#5371,.F.);
#5371 = EDGE_CURVE('',#5290,#5372,#5374,.T.);
#5372 = VERTEX_POINT('',#5373);
#5373 = CARTESIAN_POINT('',(-4.25,3.881727983645,-89.84184123236));
#5374 = LINE('',#5375,#5376);
#5375 = CARTESIAN_POINT('',(-9.835575994548,-1.703848010903,
    -95.4274172269));
#5376 = VECTOR('',#5377,1.);
#5377 = DIRECTION('',(0.57735026919,0.57735026919,0.57735026919));
#5378 = ORIENTED_EDGE('',*,*,#5297,.T.);
#5379 = ORIENTED_EDGE('',*,*,#5380,.T.);
#5380 = EDGE_CURVE('',#5298,#5381,#5383,.T.);
#5381 = VERTEX_POINT('',#5382);
#5382 = CARTESIAN_POINT('',(-4.25,23.,-89.84184123236));
#5383 = LINE('',#5384,#5385);
#5384 = CARTESIAN_POINT('',(-7.75,23.,-93.34184123236));
#5385 = VECTOR('',#5386,1.);
#5386 = DIRECTION('',(0.707106781187,0.,0.707106781187));
#5387 = ORIENTED_EDGE('',*,*,#5388,.F.);
#5388 = EDGE_CURVE('',#5372,#5381,#5389,.T.);
#5389 = LINE('',#5390,#5391);
#5390 = CARTESIAN_POINT('',(-4.25,-23.,-89.84184123236));
#5391 = VECTOR('',#5392,1.);
#5392 = DIRECTION('',(0.,1.,0.));
#5393 = PLANE('',#5394);
#5394 = AXIS2_PLACEMENT_3D('',#5395,#5396,#5397);
#5395 = CARTESIAN_POINT('',(-7.75,-23.,-93.34184123236));
#5396 = DIRECTION('',(0.707106781187,0.,-0.707106781187));
#5397 = DIRECTION('',(0.707106781187,0.,0.707106781187));
#5398 = ADVANCED_FACE('',(#5399),#5417,.F.);
#5399 = FACE_BOUND('',#5400,.F.);
#5400 = EDGE_LOOP('',(#5401,#5409,#5410,#5411));
#5401 = ORIENTED_EDGE('',*,*,#5402,.F.);
#5402 = EDGE_CURVE('',#5372,#5403,#5405,.T.);
#5403 = VERTEX_POINT('',#5404);
#5404 = CARTESIAN_POINT('',(-8.131727983645,0.,-89.84184123236));
#5405 = LINE('',#5406,#5407);
#5406 = CARTESIAN_POINT('',(-4.065863991823,4.065863991823,
    -89.84184123236));
#5407 = VECTOR('',#5408,1.);
#5408 = DIRECTION('',(-0.707106781187,-0.707106781187,-0.));
#5409 = ORIENTED_EDGE('',*,*,#5371,.F.);
#5410 = ORIENTED_EDGE('',*,*,#5289,.T.);
#5411 = ORIENTED_EDGE('',*,*,#5412,.F.);
#5412 = EDGE_CURVE('',#5403,#5282,#5413,.T.);
#5413 = LINE('',#5414,#5415);
#5414 = CARTESIAN_POINT('',(-8.131727983645,0.,-89.84184123236));
#5415 = VECTOR('',#5416,1.);
#5416 = DIRECTION('',(0.,0.,-1.));
#5417 = PLANE('',#5418);
#5418 = AXIS2_PLACEMENT_3D('',#5419,#5420,#5421);
#5419 = CARTESIAN_POINT('',(-4.065863991823,4.065863991823,
    -89.84184123236));
#5420 = DIRECTION('',(-0.707106781187,0.707106781187,0.));
#5421 = DIRECTION('',(-0.707106781187,-0.707106781187,-0.));
#5422 = ADVANCED_FACE('',(#5423),#5441,.F.);
#5423 = FACE_BOUND('',#5424,.F.);
#5424 = EDGE_LOOP('',(#5425,#5433,#5434,#5435));
#5425 = ORIENTED_EDGE('',*,*,#5426,.F.);
#5426 = EDGE_CURVE('',#5403,#5427,#5429,.T.);
#5427 = VERTEX_POINT('',#5428);
#5428 = CARTESIAN_POINT('',(-4.25,-3.881727983645,-89.84184123236));
#5429 = LINE('',#5430,#5431);
#5430 = CARTESIAN_POINT('',(-8.131727983645,0.,-89.84184123236));
#5431 = VECTOR('',#5432,1.);
#5432 = DIRECTION('',(0.707106781187,-0.707106781187,0.));
#5433 = ORIENTED_EDGE('',*,*,#5412,.T.);
#5434 = ORIENTED_EDGE('',*,*,#5281,.T.);
#5435 = ORIENTED_EDGE('',*,*,#5436,.F.);
#5436 = EDGE_CURVE('',#5427,#5274,#5437,.T.);
#5437 = LINE('',#5438,#5439);
#5438 = CARTESIAN_POINT('',(-3.524197325156,-4.607530658489,
    -89.11603855751));
#5439 = VECTOR('',#5440,1.);
#5440 = DIRECTION('',(-0.57735026919,0.57735026919,-0.57735026919));
#5441 = PLANE('',#5442);
#5442 = AXIS2_PLACEMENT_3D('',#5443,#5444,#5445);
#5443 = CARTESIAN_POINT('',(-8.131727983645,0.,-89.84184123236));
#5444 = DIRECTION('',(-0.707106781187,-0.707106781187,-0.));
#5445 = DIRECTION('',(0.707106781187,-0.707106781187,0.));
#5446 = ADVANCED_FACE('',(#5447),#5465,.T.);
#5447 = FACE_BOUND('',#5448,.T.);
#5448 = EDGE_LOOP('',(#5449,#5457,#5458,#5459));
#5449 = ORIENTED_EDGE('',*,*,#5450,.F.);
#5450 = EDGE_CURVE('',#5266,#5451,#5453,.T.);
#5451 = VERTEX_POINT('',#5452);
#5452 = CARTESIAN_POINT('',(-4.25,-23.,-89.84184123236));
#5453 = LINE('',#5454,#5455);
#5454 = CARTESIAN_POINT('',(-7.75,-23.,-93.34184123236));
#5455 = VECTOR('',#5456,1.);
#5456 = DIRECTION('',(0.707106781187,0.,0.707106781187));
#5457 = ORIENTED_EDGE('',*,*,#5273,.T.);
#5458 = ORIENTED_EDGE('',*,*,#5436,.F.);
#5459 = ORIENTED_EDGE('',*,*,#5460,.F.);
#5460 = EDGE_CURVE('',#5451,#5427,#5461,.T.);
#5461 = LINE('',#5462,#5463);
#5462 = CARTESIAN_POINT('',(-4.25,-23.,-89.84184123236));
#5463 = VECTOR('',#5464,1.);
#5464 = DIRECTION('',(0.,1.,0.));
#5465 = PLANE('',#5466);
#5466 = AXIS2_PLACEMENT_3D('',#5467,#5468,#5469);
#5467 = CARTESIAN_POINT('',(-7.75,-23.,-93.34184123236));
#5468 = DIRECTION('',(0.707106781187,0.,-0.707106781187));
#5469 = DIRECTION('',(0.707106781187,0.,0.707106781187));
#5470 = ADVANCED_FACE('',(#5471),#5496,.F.);
#5471 = FACE_BOUND('',#5472,.F.);
#5472 = EDGE_LOOP('',(#5473,#5481,#5482,#5490));
#5473 = ORIENTED_EDGE('',*,*,#5474,.F.);
#5474 = EDGE_CURVE('',#5264,#5475,#5477,.T.);
#5475 = VERTEX_POINT('',#5476);
#5476 = CARTESIAN_POINT('',(4.25,-23.,-89.84184123236));
#5477 = LINE('',#5478,#5479);
#5478 = CARTESIAN_POINT('',(7.75,-23.,-93.34184123236));
#5479 = VECTOR('',#5480,1.);
#5480 = DIRECTION('',(-0.707106781187,0.,0.707106781187));
#5481 = ORIENTED_EDGE('',*,*,#5337,.T.);
#5482 = ORIENTED_EDGE('',*,*,#5483,.F.);
#5483 = EDGE_CURVE('',#5484,#5330,#5486,.T.);
#5484 = VERTEX_POINT('',#5485);
#5485 = CARTESIAN_POINT('',(4.25,-3.881727983645,-89.84184123236));
#5486 = LINE('',#5487,#5488);
#5487 = CARTESIAN_POINT('',(2.168909327882,-5.962818655764,
    -87.76075056024));
#5488 = VECTOR('',#5489,1.);
#5489 = DIRECTION('',(0.57735026919,0.57735026919,-0.57735026919));
#5490 = ORIENTED_EDGE('',*,*,#5491,.F.);
#5491 = EDGE_CURVE('',#5475,#5484,#5492,.T.);
#5492 = LINE('',#5493,#5494);
#5493 = CARTESIAN_POINT('',(4.25,-23.,-89.84184123236));
#5494 = VECTOR('',#5495,1.);
#5495 = DIRECTION('',(0.,1.,0.));
#5496 = PLANE('',#5497);
#5497 = AXIS2_PLACEMENT_3D('',#5498,#5499,#5500);
#5498 = CARTESIAN_POINT('',(7.75,-23.,-93.34184123236));
#5499 = DIRECTION('',(0.707106781187,0.,0.707106781187));
#5500 = DIRECTION('',(-0.707106781187,0.,0.707106781187));
#5501 = ADVANCED_FACE('',(#5502),#5520,.F.);
#5502 = FACE_BOUND('',#5503,.F.);
#5503 = EDGE_LOOP('',(#5504,#5512,#5513,#5514));
#5504 = ORIENTED_EDGE('',*,*,#5505,.F.);
#5505 = EDGE_CURVE('',#5484,#5506,#5508,.T.);
#5506 = VERTEX_POINT('',#5507);
#5507 = CARTESIAN_POINT('',(8.131727983645,0.,-89.84184123236));
#5508 = LINE('',#5509,#5510);
#5509 = CARTESIAN_POINT('',(4.065863991823,-4.065863991823,
    -89.84184123236));
#5510 = VECTOR('',#5511,1.);
#5511 = DIRECTION('',(0.707106781187,0.707106781187,0.));
#5512 = ORIENTED_EDGE('',*,*,#5483,.T.);
#5513 = ORIENTED_EDGE('',*,*,#5329,.T.);
#5514 = ORIENTED_EDGE('',*,*,#5515,.F.);
#5515 = EDGE_CURVE('',#5506,#5322,#5516,.T.);
#5516 = LINE('',#5517,#5518);
#5517 = CARTESIAN_POINT('',(8.131727983645,0.,-89.84184123236));
#5518 = VECTOR('',#5519,1.);
#5519 = DIRECTION('',(0.,0.,-1.));
#5520 = PLANE('',#5521);
#5521 = AXIS2_PLACEMENT_3D('',#5522,#5523,#5524);
#5522 = CARTESIAN_POINT('',(4.065863991823,-4.065863991823,
    -89.84184123236));
#5523 = DIRECTION('',(0.707106781187,-0.707106781187,0.));
#5524 = DIRECTION('',(0.707106781187,0.707106781187,0.));
#5525 = ADVANCED_FACE('',(#5526),#5544,.F.);
#5526 = FACE_BOUND('',#5527,.F.);
#5527 = EDGE_LOOP('',(#5528,#5536,#5537,#5538));
#5528 = ORIENTED_EDGE('',*,*,#5529,.F.);
#5529 = EDGE_CURVE('',#5506,#5530,#5532,.T.);
#5530 = VERTEX_POINT('',#5531);
#5531 = CARTESIAN_POINT('',(4.25,3.881727983645,-89.84184123236));
#5532 = LINE('',#5533,#5534);
#5533 = CARTESIAN_POINT('',(8.131727983645,0.,-89.84184123236));
#5534 = VECTOR('',#5535,1.);
#5535 = DIRECTION('',(-0.707106781187,0.707106781187,0.));
#5536 = ORIENTED_EDGE('',*,*,#5515,.T.);
#5537 = ORIENTED_EDGE('',*,*,#5321,.T.);
#5538 = ORIENTED_EDGE('',*,*,#5539,.T.);
#5539 = EDGE_CURVE('',#5314,#5530,#5540,.T.);
#5540 = LINE('',#5541,#5542);
#5541 = CARTESIAN_POINT('',(11.190863991823,-3.059136008177,
    -96.78270522418));
#5542 = VECTOR('',#5543,1.);
#5543 = DIRECTION('',(-0.57735026919,0.57735026919,0.57735026919));
#5544 = PLANE('',#5545);
#5545 = AXIS2_PLACEMENT_3D('',#5546,#5547,#5548);
#5546 = CARTESIAN_POINT('',(8.131727983645,0.,-89.84184123236));
#5547 = DIRECTION('',(0.707106781187,0.707106781187,0.));
#5548 = DIRECTION('',(-0.707106781187,0.707106781187,0.));
#5549 = ADVANCED_FACE('',(#5550),#5568,.F.);
#5550 = FACE_BOUND('',#5551,.F.);
#5551 = EDGE_LOOP('',(#5552,#5553,#5554,#5562));
#5552 = ORIENTED_EDGE('',*,*,#5539,.F.);
#5553 = ORIENTED_EDGE('',*,*,#5313,.T.);
#5554 = ORIENTED_EDGE('',*,*,#5555,.T.);
#5555 = EDGE_CURVE('',#5306,#5556,#5558,.T.);
#5556 = VERTEX_POINT('',#5557);
#5557 = CARTESIAN_POINT('',(4.25,23.,-89.84184123236));
#5558 = LINE('',#5559,#5560);
#5559 = CARTESIAN_POINT('',(7.75,23.,-93.34184123236));
#5560 = VECTOR('',#5561,1.);
#5561 = DIRECTION('',(-0.707106781187,0.,0.707106781187));
#5562 = ORIENTED_EDGE('',*,*,#5563,.F.);
#5563 = EDGE_CURVE('',#5530,#5556,#5564,.T.);
#5564 = LINE('',#5565,#5566);
#5565 = CARTESIAN_POINT('',(4.25,-23.,-89.84184123236));
#5566 = VECTOR('',#5567,1.);
#5567 = DIRECTION('',(0.,1.,0.));
#5568 = PLANE('',#5569);
#5569 = AXIS2_PLACEMENT_3D('',#5570,#5571,#5572);
#5570 = CARTESIAN_POINT('',(7.75,-23.,-93.34184123236));
#5571 = DIRECTION('',(0.707106781187,0.,0.707106781187));
#5572 = DIRECTION('',(-0.707106781187,0.,0.707106781187));
#5573 = ADVANCED_FACE('',(#5574,#5593,#5598),#5603,.T.);
#5574 = FACE_BOUND('',#5575,.T.);
#5575 = EDGE_LOOP('',(#5576,#5577,#5578,#5579,#5580,#5581,#5587,#5588,
    #5589,#5590,#5591,#5592));
#5576 = ORIENTED_EDGE('',*,*,#150,.F.);
#5577 = ORIENTED_EDGE('',*,*,#5254,.T.);
#5578 = ORIENTED_EDGE('',*,*,#63,.T.);
#5579 = ORIENTED_EDGE('',*,*,#4315,.T.);
#5580 = ORIENTED_EDGE('',*,*,#3750,.T.);
#5581 = ORIENTED_EDGE('',*,*,#5582,.F.);
#5582 = EDGE_CURVE('',#1996,#3743,#5583,.T.);
#5583 = LINE('',#5584,#5585);
#5584 = CARTESIAN_POINT('',(16.,75.058994578326,19.5));
#5585 = VECTOR('',#5586,1.);
#5586 = DIRECTION('',(-0.,1.,0.));
#5587 = ORIENTED_EDGE('',*,*,#2003,.F.);
#5588 = ORIENTED_EDGE('',*,*,#1283,.F.);
#5589 = ORIENTED_EDGE('',*,*,#1007,.T.);
#5590 = ORIENTED_EDGE('',*,*,#968,.F.);
#5591 = ORIENTED_EDGE('',*,*,#532,.F.);
#5592 = ORIENTED_EDGE('',*,*,#293,.F.);
#5593 = FACE_BOUND('',#5594,.T.);
#5594 = EDGE_LOOP('',(#5595,#5596,#5597));
#5595 = ORIENTED_EDGE('',*,*,#1397,.T.);
#5596 = ORIENTED_EDGE('',*,*,#1421,.T.);
#5597 = ORIENTED_EDGE('',*,*,#1445,.T.);
#5598 = FACE_BOUND('',#5599,.T.);
#5599 = EDGE_LOOP('',(#5600,#5601,#5602));
#5600 = ORIENTED_EDGE('',*,*,#4855,.T.);
#5601 = ORIENTED_EDGE('',*,*,#4903,.T.);
#5602 = ORIENTED_EDGE('',*,*,#4879,.T.);
#5603 = PLANE('',#5604);
#5604 = AXIS2_PLACEMENT_3D('',#5605,#5606,#5607);
#5605 = CARTESIAN_POINT('',(16.,10.774826254638,-59.08114271989));
#5606 = DIRECTION('',(1.,0.,0.));
#5607 = DIRECTION('',(-0.,0.,1.));
#5608 = ADVANCED_FACE('',(#5609),#5620,.T.);
#5609 = FACE_BOUND('',#5610,.T.);
#5610 = EDGE_LOOP('',(#5611,#5612,#5613,#5614));
#5611 = ORIENTED_EDGE('',*,*,#5474,.F.);
#5612 = ORIENTED_EDGE('',*,*,#5263,.T.);
#5613 = ORIENTED_EDGE('',*,*,#5450,.T.);
#5614 = ORIENTED_EDGE('',*,*,#5615,.T.);
#5615 = EDGE_CURVE('',#5451,#5475,#5616,.T.);
#5616 = LINE('',#5617,#5618);
#5617 = CARTESIAN_POINT('',(-4.25,-23.,-89.84184123236));
#5618 = VECTOR('',#5619,1.);
#5619 = DIRECTION('',(1.,0.,0.));
#5620 = PLANE('',#5621);
#5621 = AXIS2_PLACEMENT_3D('',#5622,#5623,#5624);
#5622 = CARTESIAN_POINT('',(0.,-23.,-91.30683161525));
#5623 = DIRECTION('',(0.,1.,0.));
#5624 = DIRECTION('',(0.,-0.,1.));
#5625 = ADVANCED_FACE('',(#5626),#5637,.T.);
#5626 = FACE_BOUND('',#5627,.T.);
#5627 = EDGE_LOOP('',(#5628,#5629,#5635,#5636));
#5628 = ORIENTED_EDGE('',*,*,#5555,.T.);
#5629 = ORIENTED_EDGE('',*,*,#5630,.F.);
#5630 = EDGE_CURVE('',#5381,#5556,#5631,.T.);
#5631 = LINE('',#5632,#5633);
#5632 = CARTESIAN_POINT('',(-4.25,23.,-89.84184123236));
#5633 = VECTOR('',#5634,1.);
#5634 = DIRECTION('',(1.,0.,0.));
#5635 = ORIENTED_EDGE('',*,*,#5380,.F.);
#5636 = ORIENTED_EDGE('',*,*,#5305,.T.);
#5637 = PLANE('',#5638);
#5638 = AXIS2_PLACEMENT_3D('',#5639,#5640,#5641);
#5639 = CARTESIAN_POINT('',(0.,23.,-91.30683161525));
#5640 = DIRECTION('',(-0.,-1.,-0.));
#5641 = DIRECTION('',(0.,0.,-1.));
#5642 = ADVANCED_FACE('',(#5643),#5652,.T.);
#5643 = FACE_BOUND('',#5644,.T.);
#5644 = EDGE_LOOP('',(#5645,#5646,#5647,#5648,#5649,#5650,#5651));
#5645 = ORIENTED_EDGE('',*,*,#3638,.F.);
#5646 = ORIENTED_EDGE('',*,*,#5219,.F.);
#5647 = ORIENTED_EDGE('',*,*,#1995,.T.);
#5648 = ORIENTED_EDGE('',*,*,#5582,.T.);
#5649 = ORIENTED_EDGE('',*,*,#3742,.F.);
#5650 = ORIENTED_EDGE('',*,*,#4061,.F.);
#5651 = ORIENTED_EDGE('',*,*,#4025,.F.);
#5652 = PLANE('',#5653);
#5653 = AXIS2_PLACEMENT_3D('',#5654,#5655,#5656);
#5654 = CARTESIAN_POINT('',(-9.530383458571E-16,79.019309990725,19.5));
#5655 = DIRECTION('',(0.,0.,1.));
#5656 = DIRECTION('',(1.,0.,-0.));
#5657 = ADVANCED_FACE('',(#5658),#5676,.T.);
#5658 = FACE_BOUND('',#5659,.T.);
#5659 = EDGE_LOOP('',(#5660,#5661,#5667,#5668,#5669,#5670));
#5660 = ORIENTED_EDGE('',*,*,#3933,.F.);
#5661 = ORIENTED_EDGE('',*,*,#5662,.F.);
#5662 = EDGE_CURVE('',#4524,#3934,#5663,.T.);
#5663 = LINE('',#5664,#5665);
#5664 = CARTESIAN_POINT('',(-11.65,88.058994578326,-32.4));
#5665 = VECTOR('',#5666,1.);
#5666 = DIRECTION('',(0.,-1.,0.));
#5667 = ORIENTED_EDGE('',*,*,#4523,.T.);
#5668 = ORIENTED_EDGE('',*,*,#3664,.F.);
#5669 = ORIENTED_EDGE('',*,*,#4565,.T.);
#5670 = ORIENTED_EDGE('',*,*,#5671,.T.);
#5671 = EDGE_CURVE('',#4557,#3936,#5672,.T.);
#5672 = LINE('',#5673,#5674);
#5673 = CARTESIAN_POINT('',(-11.65,88.058994578326,10.9));
#5674 = VECTOR('',#5675,1.);
#5675 = DIRECTION('',(0.,-1.,0.));
#5676 = PLANE('',#5677);
#5677 = AXIS2_PLACEMENT_3D('',#5678,#5679,#5680);
#5678 = CARTESIAN_POINT('',(-11.65,81.246838108214,-10.75));
#5679 = DIRECTION('',(1.,0.,0.));
#5680 = DIRECTION('',(-0.,0.,1.));
#5681 = ADVANCED_FACE('',(#5682),#5694,.T.);
#5682 = FACE_BOUND('',#5683,.T.);
#5683 = EDGE_LOOP('',(#5684,#5685,#5686,#5687,#5688));
#5684 = ORIENTED_EDGE('',*,*,#3190,.T.);
#5685 = ORIENTED_EDGE('',*,*,#3994,.T.);
#5686 = ORIENTED_EDGE('',*,*,#5671,.F.);
#5687 = ORIENTED_EDGE('',*,*,#4556,.T.);
#5688 = ORIENTED_EDGE('',*,*,#5689,.T.);
#5689 = EDGE_CURVE('',#4548,#3181,#5690,.T.);
#5690 = LINE('',#5691,#5692);
#5691 = CARTESIAN_POINT('',(3.3875,87.058994578326,10.9));
#5692 = VECTOR('',#5693,1.);
#5693 = DIRECTION('',(1.,0.,0.));
#5694 = PLANE('',#5695);
#5695 = AXIS2_PLACEMENT_3D('',#5696,#5697,#5698);
#5696 = CARTESIAN_POINT('',(-7.3678083205,83.646187655865,10.9));
#5697 = DIRECTION('',(-0.,-0.,-1.));
#5698 = DIRECTION('',(-1.,0.,0.));
#5699 = ADVANCED_FACE('',(#5700),#5717,.T.);
#5700 = FACE_BOUND('',#5701,.T.);
#5701 = EDGE_LOOP('',(#5702,#5703,#5704,#5710,#5711));
#5702 = ORIENTED_EDGE('',*,*,#3959,.T.);
#5703 = ORIENTED_EDGE('',*,*,#3476,.F.);
#5704 = ORIENTED_EDGE('',*,*,#5705,.T.);
#5705 = EDGE_CURVE('',#3469,#4343,#5706,.T.);
#5706 = LINE('',#5707,#5708);
#5707 = CARTESIAN_POINT('',(8.2625,87.058994578326,10.9));
#5708 = VECTOR('',#5709,1.);
#5709 = DIRECTION('',(1.,0.,0.));
#5710 = ORIENTED_EDGE('',*,*,#4342,.T.);
#5711 = ORIENTED_EDGE('',*,*,#5712,.T.);
#5712 = EDGE_CURVE('',#4334,#3952,#5713,.T.);
#5713 = LINE('',#5714,#5715);
#5714 = CARTESIAN_POINT('',(11.65,88.058994578326,10.9));
#5715 = VECTOR('',#5716,1.);
#5716 = DIRECTION('',(0.,-1.,0.));
#5717 = PLANE('',#5718);
#5718 = AXIS2_PLACEMENT_3D('',#5719,#5720,#5721);
#5719 = CARTESIAN_POINT('',(7.3678083205,83.646187655865,10.9));
#5720 = DIRECTION('',(-0.,-0.,-1.));
#5721 = DIRECTION('',(-1.,0.,0.));
#5722 = ADVANCED_FACE('',(#5723),#5736,.T.);
#5723 = FACE_BOUND('',#5724,.T.);
#5724 = EDGE_LOOP('',(#5725,#5726,#5727,#5728,#5729,#5735));
#5725 = ORIENTED_EDGE('',*,*,#5712,.F.);
#5726 = ORIENTED_EDGE('',*,*,#4333,.F.);
#5727 = ORIENTED_EDGE('',*,*,#3716,.F.);
#5728 = ORIENTED_EDGE('',*,*,#4386,.F.);
#5729 = ORIENTED_EDGE('',*,*,#5730,.T.);
#5730 = EDGE_CURVE('',#4378,#3944,#5731,.T.);
#5731 = LINE('',#5732,#5733);
#5732 = CARTESIAN_POINT('',(11.65,88.058994578326,-32.4));
#5733 = VECTOR('',#5734,1.);
#5734 = DIRECTION('',(0.,-1.,0.));
#5735 = ORIENTED_EDGE('',*,*,#3951,.T.);
#5736 = PLANE('',#5737);
#5737 = AXIS2_PLACEMENT_3D('',#5738,#5739,#5740);
#5738 = CARTESIAN_POINT('',(11.65,81.246838108214,-10.75));
#5739 = DIRECTION('',(-1.,-0.,-0.));
#5740 = DIRECTION('',(0.,0.,-1.));
#5741 = ADVANCED_FACE('',(#5742),#5763,.T.);
#5742 = FACE_BOUND('',#5743,.T.);
#5743 = EDGE_LOOP('',(#5744,#5745,#5746,#5752,#5753,#5754,#5760,#5761,
    #5762));
#5744 = ORIENTED_EDGE('',*,*,#5730,.F.);
#5745 = ORIENTED_EDGE('',*,*,#4377,.F.);
#5746 = ORIENTED_EDGE('',*,*,#5747,.F.);
#5747 = EDGE_CURVE('',#5175,#4367,#5748,.T.);
#5748 = LINE('',#5749,#5750);
#5749 = CARTESIAN_POINT('',(8.2625,87.058994578326,-32.4));
#5750 = VECTOR('',#5751,1.);
#5751 = DIRECTION('',(1.,0.,0.));
#5752 = ORIENTED_EDGE('',*,*,#5185,.F.);
#5753 = ORIENTED_EDGE('',*,*,#5149,.F.);
#5754 = ORIENTED_EDGE('',*,*,#5755,.F.);
#5755 = EDGE_CURVE('',#4513,#5141,#5756,.T.);
#5756 = LINE('',#5757,#5758);
#5757 = CARTESIAN_POINT('',(3.3875,87.058994578326,-32.4));
#5758 = VECTOR('',#5759,1.);
#5759 = DIRECTION('',(1.,0.,0.));
#5760 = ORIENTED_EDGE('',*,*,#4532,.F.);
#5761 = ORIENTED_EDGE('',*,*,#5662,.T.);
#5762 = ORIENTED_EDGE('',*,*,#3943,.F.);
#5763 = PLANE('',#5764);
#5764 = AXIS2_PLACEMENT_3D('',#5765,#5766,#5767);
#5765 = CARTESIAN_POINT('',(1.027016494079E-16,83.657618941902,-32.4));
#5766 = DIRECTION('',(0.,0.,1.));
#5767 = DIRECTION('',(1.,0.,-0.));
#5768 = ADVANCED_FACE('',(#5769,#5781,#5804,#5815),#5826,.T.);
#5769 = FACE_BOUND('',#5770,.T.);
#5770 = EDGE_LOOP('',(#5771,#5772,#5773,#5774,#5775,#5776,#5777,#5778,
    #5779,#5780));
#5771 = ORIENTED_EDGE('',*,*,#5529,.F.);
#5772 = ORIENTED_EDGE('',*,*,#5505,.F.);
#5773 = ORIENTED_EDGE('',*,*,#5491,.F.);
#5774 = ORIENTED_EDGE('',*,*,#5615,.F.);
#5775 = ORIENTED_EDGE('',*,*,#5460,.T.);
#5776 = ORIENTED_EDGE('',*,*,#5426,.F.);
#5777 = ORIENTED_EDGE('',*,*,#5402,.F.);
#5778 = ORIENTED_EDGE('',*,*,#5388,.T.);
#5779 = ORIENTED_EDGE('',*,*,#5630,.T.);
#5780 = ORIENTED_EDGE('',*,*,#5563,.F.);
#5781 = FACE_BOUND('',#5782,.T.);
#5782 = EDGE_LOOP('',(#5783,#5784,#5793,#5800,#5801,#5802,#5803));
#5783 = ORIENTED_EDGE('',*,*,#2449,.T.);
#5784 = ORIENTED_EDGE('',*,*,#5785,.F.);
#5785 = EDGE_CURVE('',#5786,#2450,#5788,.T.);
#5786 = VERTEX_POINT('',#5787);
#5787 = CARTESIAN_POINT('',(-8.572527594031E-16,3.5,-89.84184123236));
#5788 = CIRCLE('',#5789,3.5);
#5789 = AXIS2_PLACEMENT_3D('',#5790,#5791,#5792);
#5790 = CARTESIAN_POINT('',(0.,0.,-89.84184123236));
#5791 = DIRECTION('',(0.,0.,-1.));
#5792 = DIRECTION('',(0.,1.,0.));
#5793 = ORIENTED_EDGE('',*,*,#5794,.F.);
#5794 = EDGE_CURVE('',#2473,#5786,#5795,.T.);
#5795 = CIRCLE('',#5796,3.5);
#5796 = AXIS2_PLACEMENT_3D('',#5797,#5798,#5799);
#5797 = CARTESIAN_POINT('',(0.,0.,-89.84184123236));
#5798 = DIRECTION('',(0.,0.,-1.));
#5799 = DIRECTION('',(0.,1.,0.));
#5800 = ORIENTED_EDGE('',*,*,#2480,.T.);
#5801 = ORIENTED_EDGE('',*,*,#2504,.T.);
#5802 = ORIENTED_EDGE('',*,*,#2526,.F.);
#5803 = ORIENTED_EDGE('',*,*,#2425,.T.);
#5804 = FACE_BOUND('',#5805,.T.);
#5805 = EDGE_LOOP('',(#5806));
#5806 = ORIENTED_EDGE('',*,*,#5807,.F.);
#5807 = EDGE_CURVE('',#5808,#5808,#5810,.T.);
#5808 = VERTEX_POINT('',#5809);
#5809 = CARTESIAN_POINT('',(-2.449293598295E-16,-18.5,-89.84184123236));
#5810 = CIRCLE('',#5811,1.);
#5811 = AXIS2_PLACEMENT_3D('',#5812,#5813,#5814);
#5812 = CARTESIAN_POINT('',(0.,-19.5,-89.84184123236));
#5813 = DIRECTION('',(0.,0.,-1.));
#5814 = DIRECTION('',(0.,1.,0.));
#5815 = FACE_BOUND('',#5816,.T.);
#5816 = EDGE_LOOP('',(#5817));
#5817 = ORIENTED_EDGE('',*,*,#5818,.F.);
#5818 = EDGE_CURVE('',#5819,#5819,#5821,.T.);
#5819 = VERTEX_POINT('',#5820);
#5820 = CARTESIAN_POINT('',(-2.449293598295E-16,20.5,-89.84184123236));
#5821 = CIRCLE('',#5822,1.);
#5822 = AXIS2_PLACEMENT_3D('',#5823,#5824,#5825);
#5823 = CARTESIAN_POINT('',(0.,19.5,-89.84184123236));
#5824 = DIRECTION('',(0.,0.,-1.));
#5825 = DIRECTION('',(0.,1.,0.));
#5826 = PLANE('',#5827);
#5827 = AXIS2_PLACEMENT_3D('',#5828,#5829,#5830);
#5828 = CARTESIAN_POINT('',(1.231107621991E-16,7.386645731946E-16,
    -89.84184123236));
#5829 = DIRECTION('',(-0.,-0.,-1.));
#5830 = DIRECTION('',(-1.,0.,0.));
#5831 = ADVANCED_FACE('',(#5832),#5851,.F.);
#5832 = FACE_BOUND('',#5833,.F.);
#5833 = EDGE_LOOP('',(#5834,#5835,#5843,#5850));
#5834 = ORIENTED_EDGE('',*,*,#5807,.F.);
#5835 = ORIENTED_EDGE('',*,*,#5836,.F.);
#5836 = EDGE_CURVE('',#5837,#5808,#5839,.T.);
#5837 = VERTEX_POINT('',#5838);
#5838 = CARTESIAN_POINT('',(-2.449293598295E-16,-18.5,-84.85184123236));
#5839 = LINE('',#5840,#5841);
#5840 = CARTESIAN_POINT('',(-2.449293598295E-16,-18.5,-84.85184123236));
#5841 = VECTOR('',#5842,1.);
#5842 = DIRECTION('',(0.,0.,-1.));
#5843 = ORIENTED_EDGE('',*,*,#5844,.T.);
#5844 = EDGE_CURVE('',#5837,#5837,#5845,.T.);
#5845 = CIRCLE('',#5846,1.);
#5846 = AXIS2_PLACEMENT_3D('',#5847,#5848,#5849);
#5847 = CARTESIAN_POINT('',(0.,-19.5,-84.85184123236));
#5848 = DIRECTION('',(0.,0.,-1.));
#5849 = DIRECTION('',(0.,1.,0.));
#5850 = ORIENTED_EDGE('',*,*,#5836,.T.);
#5851 = CYLINDRICAL_SURFACE('',#5852,1.);
#5852 = AXIS2_PLACEMENT_3D('',#5853,#5854,#5855);
#5853 = CARTESIAN_POINT('',(0.,-19.5,-84.85184123236));
#5854 = DIRECTION('',(0.,0.,-1.));
#5855 = DIRECTION('',(0.,1.,0.));
#5856 = ADVANCED_FACE('',(#5857),#5860,.T.);
#5857 = FACE_BOUND('',#5858,.F.);
#5858 = EDGE_LOOP('',(#5859));
#5859 = ORIENTED_EDGE('',*,*,#5844,.F.);
#5860 = PLANE('',#5861);
#5861 = AXIS2_PLACEMENT_3D('',#5862,#5863,#5864);
#5862 = CARTESIAN_POINT('',(0.,-19.5,-84.85184123236));
#5863 = DIRECTION('',(0.,0.,-1.));
#5864 = DIRECTION('',(0.,1.,0.));
#5865 = ADVANCED_FACE('',(#5866),#5885,.F.);
#5866 = FACE_BOUND('',#5867,.F.);
#5867 = EDGE_LOOP('',(#5868,#5869,#5877,#5884));
#5868 = ORIENTED_EDGE('',*,*,#5818,.F.);
#5869 = ORIENTED_EDGE('',*,*,#5870,.F.);
#5870 = EDGE_CURVE('',#5871,#5819,#5873,.T.);
#5871 = VERTEX_POINT('',#5872);
#5872 = CARTESIAN_POINT('',(-2.449293598295E-16,20.5,-84.85184123236));
#5873 = LINE('',#5874,#5875);
#5874 = CARTESIAN_POINT('',(-2.449293598295E-16,20.5,-84.85184123236));
#5875 = VECTOR('',#5876,1.);
#5876 = DIRECTION('',(0.,0.,-1.));
#5877 = ORIENTED_EDGE('',*,*,#5878,.T.);
#5878 = EDGE_CURVE('',#5871,#5871,#5879,.T.);
#5879 = CIRCLE('',#5880,1.);
#5880 = AXIS2_PLACEMENT_3D('',#5881,#5882,#5883);
#5881 = CARTESIAN_POINT('',(0.,19.5,-84.85184123236));
#5882 = DIRECTION('',(0.,0.,-1.));
#5883 = DIRECTION('',(0.,1.,0.));
#5884 = ORIENTED_EDGE('',*,*,#5870,.T.);
#5885 = CYLINDRICAL_SURFACE('',#5886,1.);
#5886 = AXIS2_PLACEMENT_3D('',#5887,#5888,#5889);
#5887 = CARTESIAN_POINT('',(0.,19.5,-84.85184123236));
#5888 = DIRECTION('',(0.,0.,-1.));
#5889 = DIRECTION('',(0.,1.,0.));
#5890 = ADVANCED_FACE('',(#5891),#5894,.T.);
#5891 = FACE_BOUND('',#5892,.F.);
#5892 = EDGE_LOOP('',(#5893));
#5893 = ORIENTED_EDGE('',*,*,#5878,.F.);
#5894 = PLANE('',#5895);
#5895 = AXIS2_PLACEMENT_3D('',#5896,#5897,#5898);
#5896 = CARTESIAN_POINT('',(0.,19.5,-84.85184123236));
#5897 = DIRECTION('',(0.,0.,-1.));
#5898 = DIRECTION('',(0.,1.,0.));
#5899 = ADVANCED_FACE('',(#5900,#5907),#5928,.T.);
#5900 = FACE_BOUND('',#5901,.T.);
#5901 = EDGE_LOOP('',(#5902,#5903,#5904,#5905,#5906));
#5902 = ORIENTED_EDGE('',*,*,#5755,.T.);
#5903 = ORIENTED_EDGE('',*,*,#5140,.T.);
#5904 = ORIENTED_EDGE('',*,*,#5115,.T.);
#5905 = ORIENTED_EDGE('',*,*,#4478,.T.);
#5906 = ORIENTED_EDGE('',*,*,#4512,.T.);
#5907 = FACE_BOUND('',#5908,.T.);
#5908 = EDGE_LOOP('',(#5909,#5918,#5925,#5926,#5927));
#5909 = ORIENTED_EDGE('',*,*,#5910,.T.);
#5910 = EDGE_CURVE('',#2584,#5911,#5913,.T.);
#5911 = VERTEX_POINT('',#5912);
#5912 = CARTESIAN_POINT('',(-4.875,87.058994578326,-33.75));
#5913 = CIRCLE('',#5914,1.2);
#5914 = AXIS2_PLACEMENT_3D('',#5915,#5916,#5917);
#5915 = CARTESIAN_POINT('',(-4.875,87.058994578326,-34.95));
#5916 = DIRECTION('',(0.,-1.,0.));
#5917 = DIRECTION('',(0.,0.,1.));
#5918 = ORIENTED_EDGE('',*,*,#5919,.T.);
#5919 = EDGE_CURVE('',#5911,#2638,#5920,.T.);
#5920 = CIRCLE('',#5921,1.2);
#5921 = AXIS2_PLACEMENT_3D('',#5922,#5923,#5924);
#5922 = CARTESIAN_POINT('',(-4.875,87.058994578326,-34.95));
#5923 = DIRECTION('',(0.,-1.,0.));
#5924 = DIRECTION('',(0.,0.,1.));
#5925 = ORIENTED_EDGE('',*,*,#2637,.F.);
#5926 = ORIENTED_EDGE('',*,*,#2621,.T.);
#5927 = ORIENTED_EDGE('',*,*,#2581,.T.);
#5928 = PLANE('',#5929);
#5929 = AXIS2_PLACEMENT_3D('',#5930,#5931,#5932);
#5930 = CARTESIAN_POINT('',(-4.875,87.058994578326,-35.25338295058));
#5931 = DIRECTION('',(0.,1.,0.));
#5932 = DIRECTION('',(0.,-0.,1.));
#5933 = ADVANCED_FACE('',(#5934,#5941),#5962,.T.);
#5934 = FACE_BOUND('',#5935,.T.);
#5935 = EDGE_LOOP('',(#5936,#5937,#5938,#5939,#5940));
#5936 = ORIENTED_EDGE('',*,*,#5747,.T.);
#5937 = ORIENTED_EDGE('',*,*,#4366,.T.);
#5938 = ORIENTED_EDGE('',*,*,#4426,.T.);
#5939 = ORIENTED_EDGE('',*,*,#5078,.T.);
#5940 = ORIENTED_EDGE('',*,*,#5174,.T.);
#5941 = FACE_BOUND('',#5942,.T.);
#5942 = EDGE_LOOP('',(#5943,#5952,#5959,#5960,#5961));
#5943 = ORIENTED_EDGE('',*,*,#5944,.T.);
#5944 = EDGE_CURVE('',#3048,#5945,#5947,.T.);
#5945 = VERTEX_POINT('',#5946);
#5946 = CARTESIAN_POINT('',(4.875,87.058994578326,-33.75));
#5947 = CIRCLE('',#5948,1.2);
#5948 = AXIS2_PLACEMENT_3D('',#5949,#5950,#5951);
#5949 = CARTESIAN_POINT('',(4.875,87.058994578326,-34.95));
#5950 = DIRECTION('',(0.,-1.,0.));
#5951 = DIRECTION('',(0.,0.,1.));
#5952 = ORIENTED_EDGE('',*,*,#5953,.T.);
#5953 = EDGE_CURVE('',#5945,#3102,#5954,.T.);
#5954 = CIRCLE('',#5955,1.2);
#5955 = AXIS2_PLACEMENT_3D('',#5956,#5957,#5958);
#5956 = CARTESIAN_POINT('',(4.875,87.058994578326,-34.95));
#5957 = DIRECTION('',(0.,-1.,0.));
#5958 = DIRECTION('',(0.,0.,1.));
#5959 = ORIENTED_EDGE('',*,*,#3101,.F.);
#5960 = ORIENTED_EDGE('',*,*,#3085,.T.);
#5961 = ORIENTED_EDGE('',*,*,#3045,.T.);
#5962 = PLANE('',#5963);
#5963 = AXIS2_PLACEMENT_3D('',#5964,#5965,#5966);
#5964 = CARTESIAN_POINT('',(4.875,87.058994578326,-35.25338295058));
#5965 = DIRECTION('',(0.,1.,0.));
#5966 = DIRECTION('',(0.,-0.,1.));
#5967 = ADVANCED_FACE('',(#5968),#5994,.T.);
#5968 = FACE_BOUND('',#5969,.T.);
#5969 = EDGE_LOOP('',(#5970,#5971,#5972,#5973,#5974,#5975,#5984,#5991,
    #5992,#5993));
#5970 = ORIENTED_EDGE('',*,*,#5689,.F.);
#5971 = ORIENTED_EDGE('',*,*,#4547,.T.);
#5972 = ORIENTED_EDGE('',*,*,#4008,.T.);
#5973 = ORIENTED_EDGE('',*,*,#3372,.F.);
#5974 = ORIENTED_EDGE('',*,*,#3307,.F.);
#5975 = ORIENTED_EDGE('',*,*,#5976,.T.);
#5976 = EDGE_CURVE('',#3308,#5977,#5979,.T.);
#5977 = VERTEX_POINT('',#5978);
#5978 = CARTESIAN_POINT('',(-4.875,87.058994578326,14.85));
#5979 = CIRCLE('',#5980,1.2);
#5980 = AXIS2_PLACEMENT_3D('',#5981,#5982,#5983);
#5981 = CARTESIAN_POINT('',(-4.875,87.058994578326,13.65));
#5982 = DIRECTION('',(0.,-1.,0.));
#5983 = DIRECTION('',(0.,0.,1.));
#5984 = ORIENTED_EDGE('',*,*,#5985,.T.);
#5985 = EDGE_CURVE('',#5977,#3284,#5986,.T.);
#5986 = CIRCLE('',#5987,1.2);
#5987 = AXIS2_PLACEMENT_3D('',#5988,#5989,#5990);
#5988 = CARTESIAN_POINT('',(-4.875,87.058994578326,13.65));
#5989 = DIRECTION('',(0.,-1.,0.));
#5990 = DIRECTION('',(0.,0.,1.));
#5991 = ORIENTED_EDGE('',*,*,#3283,.F.);
#5992 = ORIENTED_EDGE('',*,*,#3267,.T.);
#5993 = ORIENTED_EDGE('',*,*,#3180,.F.);
#5994 = PLANE('',#5995);
#5995 = AXIS2_PLACEMENT_3D('',#5996,#5997,#5998);
#5996 = CARTESIAN_POINT('',(-5.627082520478,87.058994578326,
    14.025633147075));
#5997 = DIRECTION('',(0.,1.,0.));
#5998 = DIRECTION('',(0.,-0.,1.));
#5999 = ADVANCED_FACE('',(#6000),#6026,.T.);
#6000 = FACE_BOUND('',#6001,.T.);
#6001 = EDGE_LOOP('',(#6002,#6003,#6004,#6005,#6006,#6007,#6008,#6017,
    #6024,#6025));
#6002 = ORIENTED_EDGE('',*,*,#4050,.T.);
#6003 = ORIENTED_EDGE('',*,*,#4351,.T.);
#6004 = ORIENTED_EDGE('',*,*,#5705,.F.);
#6005 = ORIENTED_EDGE('',*,*,#3468,.T.);
#6006 = ORIENTED_EDGE('',*,*,#3453,.T.);
#6007 = ORIENTED_EDGE('',*,*,#3412,.T.);
#6008 = ORIENTED_EDGE('',*,*,#6009,.T.);
#6009 = EDGE_CURVE('',#3415,#6010,#6012,.T.);
#6010 = VERTEX_POINT('',#6011);
#6011 = CARTESIAN_POINT('',(4.875,87.058994578326,14.85));
#6012 = CIRCLE('',#6013,1.2);
#6013 = AXIS2_PLACEMENT_3D('',#6014,#6015,#6016);
#6014 = CARTESIAN_POINT('',(4.875,87.058994578326,13.65));
#6015 = DIRECTION('',(0.,-1.,0.));
#6016 = DIRECTION('',(0.,0.,1.));
#6017 = ORIENTED_EDGE('',*,*,#6018,.T.);
#6018 = EDGE_CURVE('',#6010,#3389,#6019,.T.);
#6019 = CIRCLE('',#6020,1.2);
#6020 = AXIS2_PLACEMENT_3D('',#6021,#6022,#6023);
#6021 = CARTESIAN_POINT('',(4.875,87.058994578326,13.65));
#6022 = DIRECTION('',(0.,-1.,0.));
#6023 = DIRECTION('',(0.,0.,1.));
#6024 = ORIENTED_EDGE('',*,*,#3388,.T.);
#6025 = ORIENTED_EDGE('',*,*,#3346,.F.);
#6026 = PLANE('',#6027);
#6027 = AXIS2_PLACEMENT_3D('',#6028,#6029,#6030);
#6028 = CARTESIAN_POINT('',(5.627082520478,87.058994578327,
    14.025633147075));
#6029 = DIRECTION('',(0.,1.,0.));
#6030 = DIRECTION('',(0.,-0.,1.));
#6031 = ADVANCED_FACE('',(#6032),#6040,.F.);
#6032 = FACE_BOUND('',#6033,.F.);
#6033 = EDGE_LOOP('',(#6034,#6035,#6036,#6037,#6038,#6039));
#6034 = ORIENTED_EDGE('',*,*,#2472,.F.);
#6035 = ORIENTED_EDGE('',*,*,#1345,.T.);
#6036 = ORIENTED_EDGE('',*,*,#1354,.T.);
#6037 = ORIENTED_EDGE('',*,*,#2457,.T.);
#6038 = ORIENTED_EDGE('',*,*,#5785,.F.);
#6039 = ORIENTED_EDGE('',*,*,#5794,.F.);
#6040 = CYLINDRICAL_SURFACE('',#6041,3.5);
#6041 = AXIS2_PLACEMENT_3D('',#6042,#6043,#6044);
#6042 = CARTESIAN_POINT('',(0.,0.,-84.34184123236));
#6043 = DIRECTION('',(0.,0.,-1.));
#6044 = DIRECTION('',(0.,1.,0.));
#6045 = ADVANCED_FACE('',(#6046),#6054,.F.);
#6046 = FACE_BOUND('',#6047,.F.);
#6047 = EDGE_LOOP('',(#6048,#6049,#6050,#6051,#6052,#6053));
#6048 = ORIENTED_EDGE('',*,*,#2647,.T.);
#6049 = ORIENTED_EDGE('',*,*,#2022,.F.);
#6050 = ORIENTED_EDGE('',*,*,#2011,.F.);
#6051 = ORIENTED_EDGE('',*,*,#2598,.F.);
#6052 = ORIENTED_EDGE('',*,*,#5910,.T.);
#6053 = ORIENTED_EDGE('',*,*,#5919,.T.);
#6054 = CYLINDRICAL_SURFACE('',#6055,1.2);
#6055 = AXIS2_PLACEMENT_3D('',#6056,#6057,#6058);
#6056 = CARTESIAN_POINT('',(-4.875,88.058994578326,-34.95));
#6057 = DIRECTION('',(0.,-1.,0.));
#6058 = DIRECTION('',(0.,0.,1.));
#6059 = ADVANCED_FACE('',(#6060),#6068,.F.);
#6060 = FACE_BOUND('',#6061,.F.);
#6061 = EDGE_LOOP('',(#6062,#6063,#6064,#6065,#6066,#6067));
#6062 = ORIENTED_EDGE('',*,*,#3111,.T.);
#6063 = ORIENTED_EDGE('',*,*,#2199,.F.);
#6064 = ORIENTED_EDGE('',*,*,#2188,.F.);
#6065 = ORIENTED_EDGE('',*,*,#3062,.F.);
#6066 = ORIENTED_EDGE('',*,*,#5944,.T.);
#6067 = ORIENTED_EDGE('',*,*,#5953,.T.);
#6068 = CYLINDRICAL_SURFACE('',#6069,1.2);
#6069 = AXIS2_PLACEMENT_3D('',#6070,#6071,#6072);
#6070 = CARTESIAN_POINT('',(4.875,88.058994578326,-34.95));
#6071 = DIRECTION('',(0.,-1.,0.));
#6072 = DIRECTION('',(0.,0.,1.));
#6073 = ADVANCED_FACE('',(#6074),#6082,.F.);
#6074 = FACE_BOUND('',#6075,.F.);
#6075 = EDGE_LOOP('',(#6076,#6077,#6078,#6079,#6080,#6081));
#6076 = ORIENTED_EDGE('',*,*,#3317,.F.);
#6077 = ORIENTED_EDGE('',*,*,#5976,.T.);
#6078 = ORIENTED_EDGE('',*,*,#5985,.T.);
#6079 = ORIENTED_EDGE('',*,*,#3293,.T.);
#6080 = ORIENTED_EDGE('',*,*,#2343,.F.);
#6081 = ORIENTED_EDGE('',*,*,#2334,.F.);
#6082 = CYLINDRICAL_SURFACE('',#6083,1.2);
#6083 = AXIS2_PLACEMENT_3D('',#6084,#6085,#6086);
#6084 = CARTESIAN_POINT('',(-4.875,88.058994578326,13.65));
#6085 = DIRECTION('',(0.,-1.,0.));
#6086 = DIRECTION('',(0.,0.,1.));
#6087 = ADVANCED_FACE('',(#6088),#6096,.F.);
#6088 = FACE_BOUND('',#6089,.F.);
#6089 = EDGE_LOOP('',(#6090,#6091,#6092,#6093,#6094,#6095));
#6090 = ORIENTED_EDGE('',*,*,#6009,.T.);
#6091 = ORIENTED_EDGE('',*,*,#6018,.T.);
#6092 = ORIENTED_EDGE('',*,*,#3396,.T.);
#6093 = ORIENTED_EDGE('',*,*,#2301,.F.);
#6094 = ORIENTED_EDGE('',*,*,#2292,.F.);
#6095 = ORIENTED_EDGE('',*,*,#3429,.F.);
#6096 = CYLINDRICAL_SURFACE('',#6097,1.2);
#6097 = AXIS2_PLACEMENT_3D('',#6098,#6099,#6100);
#6098 = CARTESIAN_POINT('',(4.875,88.058994578326,13.65));
#6099 = DIRECTION('',(0.,-1.,0.));
#6100 = DIRECTION('',(0.,0.,1.));
#6101 = ( GEOMETRIC_REPRESENTATION_CONTEXT(3) 
GLOBAL_UNCERTAINTY_ASSIGNED_CONTEXT((#6105)) 
GLOBAL_UNIT_ASSIGNED_CONTEXT((#6102,#6103,#6104)) REPRESENTATION_CONTEXT
('Context #1','3D Context with UNIT and UNCERTAINTY') );
#6102 = ( LENGTH_UNIT() NAMED_UNIT(*) SI_UNIT(.MILLI.,.METRE.) );
#6103 = ( NAMED_UNIT(*) PLANE_ANGLE_UNIT() SI_UNIT($,.RADIAN.) );
#6104 = ( NAMED_UNIT(*) SI_UNIT($,.STERADIAN.) SOLID_ANGLE_UNIT() );
#6105 = UNCERTAINTY_MEASURE_WITH_UNIT(LENGTH_MEASURE(5.E-07),#6102,
  'distance_accuracy_value','confusion accuracy');
#6106 = PRODUCT_RELATED_PRODUCT_CATEGORY('part',$,(#7));
ENDSEC;
END-ISO-10303-21;
