ISO-10303-21;
HEADER;
FILE_DESCRIPTION(('FreeCAD Model'),'2;1');
FILE_NAME('Open CASCADE Shape Model','2026-10-08T01:26:34',('FreeCAD'),(
    'FreeCAD'),'Open CASCADE STEP processor 7.8','FreeCAD','Unknown');
FILE_SCHEMA(('AUTOMOTIVE_DESIGN { 1 0 10303 214 1 1 1 1 }'));
ENDSEC;
DATA;
#1 = APPLICATION_PROTOCOL_DEFINITION('international standard',
  'automotive_design',2000,#2);
#2 = APPLICATION_CONTEXT(
  'core data for automotive mechanical design processes');
#3 = SHAPE_DEFINITION_REPRESENTATION(#4,#10);
#4 = PRODUCT_DEFINITION_SHAPE('','',#5);
#5 = PRODUCT_DEFINITION('design','',#6,#9);
#6 = PRODUCT_DEFINITION_FORMATION('','',#7);
#7 = PRODUCT('Open CASCADE STEP translator 7.8 2',
  'Open CASCADE STEP translator 7.8 2','',(#8));
#8 = PRODUCT_CONTEXT('',#2,'mechanical');
#9 = PRODUCT_DEFINITION_CONTEXT('part definition',#2,'design');
#10 = ADVANCED_BREP_SHAPE_REPRESENTATION('',(#11,#15),#11001);
#11 = AXIS2_PLACEMENT_3D('',#12,#13,#14);
#12 = CARTESIAN_POINT('',(0.,0.,0.));
#13 = DIRECTION('',(0.,0.,1.));
#14 = DIRECTION('',(1.,0.,-0.));
#15 = MANIFOLD_SOLID_BREP('',#16);
#16 = CLOSED_SHELL('',(#17,#73,#106,#2957,#2988,#3013,#3038,#5901,#5928,
    #5954,#5981,#6007,#6039,#6077,#6109,#6131,#6148,#6165,#6187,#6204,
    #6221,#6233,#6250,#6272,#6289,#6306,#6328,#6345,#6362,#6374,#6396,
    #6413,#6430,#6442,#6459,#6481,#6498,#6515,#6527,#6549,#6566,#6583,
    #6605,#6622,#6639,#6661,#6678,#6695,#6707,#6724,#6746,#6763,#6780,
    #6802,#6819,#6836,#6848,#6870,#6887,#6904,#6926,#6943,#6960,#6982,
    #6999,#7016,#7028,#7050,#7067,#7084,#7096,#7113,#7135,#7152,#7169,
    #7191,#7208,#7225,#7242,#7264,#7281,#7298,#7310,#7332,#7349,#7366,
    #7378,#7400,#7417,#7434,#7446,#7468,#7485,#7502,#7519,#7541,#7558,
    #7575,#7587,#7609,#7626,#7643,#7665,#7682,#7699,#7721,#7738,#7755,
    #7767,#7789,#7806,#7823,#7835,#7852,#7874,#7891,#7908,#7920,#7942,
    #7959,#7976,#7998,#8015,#8032,#8054,#8071,#8088,#8110,#8127,#8144,
    #8156,#8173,#8195,#8212,#8229,#8251,#8268,#8285,#8302,#8324,#8341,
    #8358,#8370,#8392,#8409,#8426,#8448,#8465,#8482,#8504,#8521,#8538,
    #8560,#8577,#8594,#8606,#8623,#8645,#8662,#8679,#8691,#8713,#8730,
    #8747,#8759,#8781,#8798,#8815,#8837,#8854,#8871,#8893,#8910,#8927,
    #8939,#8956,#8978,#8995,#9012,#9034,#9051,#9068,#9080,#9102,#9119,
    #9136,#9148,#9170,#9187,#9204,#9216,#9233,#9255,#9272,#9289,#9311,
    #9328,#9345,#9362,#9384,#9401,#9418,#9430,#9452,#9469,#9486,#9498,
    #9520,#9537,#9554,#9576,#9593,#9610,#9632,#9649,#9666,#9678,#9700,
    #9717,#9734,#9751,#9773,#9790,#9807,#9819,#9841,#9858,#9875,#9897,
    #9914,#9931,#9953,#9970,#9987,#9999,#10016,#10038,#10055,#10072,
    #10084,#10106,#10123,#10140,#10152,#10174,#10191,#10208,#10225,
    #10247,#10264,#10281,#10293,#10315,#10332,#10349,#10367,#10385,
    #10405,#10417,#10437,#10449,#10469,#10489,#10503,#10517,#10531,
    #10545,#10559,#10573,#10587,#10601,#10615,#10629,#10643,#10657,
    #10671,#10685,#10699,#10713,#10727,#10741,#10755,#10769,#10783,
    #10797,#10811,#10825,#10839,#10853,#10867,#10881,#10895,#10909,
    #10923,#10937,#10953,#10969,#10985));
#17 = ADVANCED_FACE('',(#18),#68,.F.);
#18 = FACE_BOUND('',#19,.F.);
#19 = EDGE_LOOP('',(#20,#30,#38,#46,#54,#62));
#20 = ORIENTED_EDGE('',*,*,#21,.F.);
#21 = EDGE_CURVE('',#22,#24,#26,.T.);
#22 = VERTEX_POINT('',#23);
#23 = CARTESIAN_POINT('',(-38.48,-35.48,-10.3));
#24 = VERTEX_POINT('',#25);
#25 = CARTESIAN_POINT('',(-38.48,-34.48,-10.3));
#26 = LINE('',#27,#28);
#27 = CARTESIAN_POINT('',(-38.48,-38.48,-10.3));
#28 = VECTOR('',#29,1.);
#29 = DIRECTION('',(-0.,1.,0.));
#30 = ORIENTED_EDGE('',*,*,#31,.F.);
#31 = EDGE_CURVE('',#32,#22,#34,.T.);
#32 = VERTEX_POINT('',#33);
#33 = CARTESIAN_POINT('',(-38.48,-35.48,-13.3));
#34 = LINE('',#35,#36);
#35 = CARTESIAN_POINT('',(-38.48,-35.48,-13.3));
#36 = VECTOR('',#37,1.);
#37 = DIRECTION('',(0.,0.,1.));
#38 = ORIENTED_EDGE('',*,*,#39,.T.);
#39 = EDGE_CURVE('',#32,#40,#42,.T.);
#40 = VERTEX_POINT('',#41);
#41 = CARTESIAN_POINT('',(-38.48,35.48,-13.3));
#42 = LINE('',#43,#44);
#43 = CARTESIAN_POINT('',(-38.48,-38.48,-13.3));
#44 = VECTOR('',#45,1.);
#45 = DIRECTION('',(-0.,1.,0.));
#46 = ORIENTED_EDGE('',*,*,#47,.T.);
#47 = EDGE_CURVE('',#40,#48,#50,.T.);
#48 = VERTEX_POINT('',#49);
#49 = CARTESIAN_POINT('',(-38.48,35.48,-10.3));
#50 = LINE('',#51,#52);
#51 = CARTESIAN_POINT('',(-38.48,35.48,-13.3));
#52 = VECTOR('',#53,1.);
#53 = DIRECTION('',(0.,0.,1.));
#54 = ORIENTED_EDGE('',*,*,#55,.F.);
#55 = EDGE_CURVE('',#56,#48,#58,.T.);
#56 = VERTEX_POINT('',#57);
#57 = CARTESIAN_POINT('',(-38.48,34.48,-10.3));
#58 = LINE('',#59,#60);
#59 = CARTESIAN_POINT('',(-38.48,-38.48,-10.3));
#60 = VECTOR('',#61,1.);
#61 = DIRECTION('',(-0.,1.,0.));
#62 = ORIENTED_EDGE('',*,*,#63,.F.);
#63 = EDGE_CURVE('',#24,#56,#64,.T.);
#64 = LINE('',#65,#66);
#65 = CARTESIAN_POINT('',(-38.48,-38.48,-10.3));
#66 = VECTOR('',#67,1.);
#67 = DIRECTION('',(-0.,1.,0.));
#68 = PLANE('',#69);
#69 = AXIS2_PLACEMENT_3D('',#70,#71,#72);
#70 = CARTESIAN_POINT('',(-38.48,-38.48,-13.3));
#71 = DIRECTION('',(1.,0.,-0.));
#72 = DIRECTION('',(0.,0.,1.));
#73 = ADVANCED_FACE('',(#74),#101,.T.);
#74 = FACE_BOUND('',#75,.T.);
#75 = EDGE_LOOP('',(#76,#77,#86,#94));
#76 = ORIENTED_EDGE('',*,*,#21,.F.);
#77 = ORIENTED_EDGE('',*,*,#78,.T.);
#78 = EDGE_CURVE('',#22,#79,#81,.T.);
#79 = VERTEX_POINT('',#80);
#80 = CARTESIAN_POINT('',(-35.48,-38.48,-10.3));
#81 = CIRCLE('',#82,3.);
#82 = AXIS2_PLACEMENT_3D('',#83,#84,#85);
#83 = CARTESIAN_POINT('',(-35.48,-35.48,-10.3));
#84 = DIRECTION('',(0.,0.,1.));
#85 = DIRECTION('',(0.,-1.,0.));
#86 = ORIENTED_EDGE('',*,*,#87,.T.);
#87 = EDGE_CURVE('',#79,#88,#90,.T.);
#88 = VERTEX_POINT('',#89);
#89 = CARTESIAN_POINT('',(-34.48,-38.48,-10.3));
#90 = LINE('',#91,#92);
#91 = CARTESIAN_POINT('',(-38.48,-38.48,-10.3));
#92 = VECTOR('',#93,1.);
#93 = DIRECTION('',(1.,0.,-0.));
#94 = ORIENTED_EDGE('',*,*,#95,.F.);
#95 = EDGE_CURVE('',#24,#88,#96,.T.);
#96 = CIRCLE('',#97,4.);
#97 = AXIS2_PLACEMENT_3D('',#98,#99,#100);
#98 = CARTESIAN_POINT('',(-34.48,-34.48,-10.3));
#99 = DIRECTION('',(0.,0.,1.));
#100 = DIRECTION('',(1.,0.,-0.));
#101 = PLANE('',#102);
#102 = AXIS2_PLACEMENT_3D('',#103,#104,#105);
#103 = CARTESIAN_POINT('',(-38.48,-38.48,-10.3));
#104 = DIRECTION('',(0.,0.,1.));
#105 = DIRECTION('',(1.,0.,-0.));
#106 = ADVANCED_FACE('',(#107,#184,#229,#265,#276,#321,#357,#393,#404,
    #440,#485,#530,#566,#577,#622,#658,#703,#748,#784,#820,#831,#876,
    #921,#932,#968,#1004,#1040,#1085,#1096,#1132,#1177,#1222,#1258,#1294
    ,#1305,#1341,#1386,#1431,#1476,#1512,#1523,#1568,#1613,#1624,#1660,
    #1705,#1750,#1795,#1831,#1842,#1878,#1914,#1959,#2004,#2040,#2051,
    #2096,#2132,#2168,#2204,#2215,#2260,#2305,#2316,#2352,#2388,#2433,
    #2478,#2514,#2559,#2570,#2606,#2651,#2696,#2732,#2743,#2779,#2815,
    #2860,#2871,#2907),#2952,.T.);
#107 = FACE_BOUND('',#108,.T.);
#108 = EDGE_LOOP('',(#109,#110,#119,#126,#134,#143,#151,#160,#168,#177)
  );
#109 = ORIENTED_EDGE('',*,*,#63,.F.);
#110 = ORIENTED_EDGE('',*,*,#111,.F.);
#111 = EDGE_CURVE('',#112,#24,#114,.T.);
#112 = VERTEX_POINT('',#113);
#113 = CARTESIAN_POINT('',(-30.48,-34.48,-10.3));
#114 = CIRCLE('',#115,4.);
#115 = AXIS2_PLACEMENT_3D('',#116,#117,#118);
#116 = CARTESIAN_POINT('',(-34.48,-34.48,-10.3));
#117 = DIRECTION('',(0.,0.,1.));
#118 = DIRECTION('',(1.,0.,-0.));
#119 = ORIENTED_EDGE('',*,*,#120,.F.);
#120 = EDGE_CURVE('',#88,#112,#121,.T.);
#121 = CIRCLE('',#122,4.);
#122 = AXIS2_PLACEMENT_3D('',#123,#124,#125);
#123 = CARTESIAN_POINT('',(-34.48,-34.48,-10.3));
#124 = DIRECTION('',(0.,0.,1.));
#125 = DIRECTION('',(1.,0.,-0.));
#126 = ORIENTED_EDGE('',*,*,#127,.T.);
#127 = EDGE_CURVE('',#88,#128,#130,.T.);
#128 = VERTEX_POINT('',#129);
#129 = CARTESIAN_POINT('',(34.48,-38.48,-10.3));
#130 = LINE('',#131,#132);
#131 = CARTESIAN_POINT('',(-38.48,-38.48,-10.3));
#132 = VECTOR('',#133,1.);
#133 = DIRECTION('',(1.,0.,-0.));
#134 = ORIENTED_EDGE('',*,*,#135,.F.);
#135 = EDGE_CURVE('',#136,#128,#138,.T.);
#136 = VERTEX_POINT('',#137);
#137 = CARTESIAN_POINT('',(38.48,-34.48,-10.3));
#138 = CIRCLE('',#139,4.);
#139 = AXIS2_PLACEMENT_3D('',#140,#141,#142);
#140 = CARTESIAN_POINT('',(34.48,-34.48,-10.3));
#141 = DIRECTION('',(0.,0.,1.));
#142 = DIRECTION('',(1.,0.,-0.));
#143 = ORIENTED_EDGE('',*,*,#144,.T.);
#144 = EDGE_CURVE('',#136,#145,#147,.T.);
#145 = VERTEX_POINT('',#146);
#146 = CARTESIAN_POINT('',(38.48,34.48,-10.3));
#147 = LINE('',#148,#149);
#148 = CARTESIAN_POINT('',(38.48,-38.48,-10.3));
#149 = VECTOR('',#150,1.);
#150 = DIRECTION('',(-0.,1.,0.));
#151 = ORIENTED_EDGE('',*,*,#152,.F.);
#152 = EDGE_CURVE('',#153,#145,#155,.T.);
#153 = VERTEX_POINT('',#154);
#154 = CARTESIAN_POINT('',(34.479999929805,38.48,-10.3));
#155 = CIRCLE('',#156,4.);
#156 = AXIS2_PLACEMENT_3D('',#157,#158,#159);
#157 = CARTESIAN_POINT('',(34.48,34.48,-10.3));
#158 = DIRECTION('',(0.,0.,1.));
#159 = DIRECTION('',(1.,0.,-0.));
#160 = ORIENTED_EDGE('',*,*,#161,.F.);
#161 = EDGE_CURVE('',#162,#153,#164,.T.);
#162 = VERTEX_POINT('',#163);
#163 = CARTESIAN_POINT('',(-34.48,38.48,-10.3));
#164 = LINE('',#165,#166);
#165 = CARTESIAN_POINT('',(-38.48,38.48,-10.3));
#166 = VECTOR('',#167,1.);
#167 = DIRECTION('',(1.,0.,-0.));
#168 = ORIENTED_EDGE('',*,*,#169,.F.);
#169 = EDGE_CURVE('',#170,#162,#172,.T.);
#170 = VERTEX_POINT('',#171);
#171 = CARTESIAN_POINT('',(-30.48,34.48,-10.3));
#172 = CIRCLE('',#173,4.);
#173 = AXIS2_PLACEMENT_3D('',#174,#175,#176);
#174 = CARTESIAN_POINT('',(-34.48,34.48,-10.3));
#175 = DIRECTION('',(0.,0.,1.));
#176 = DIRECTION('',(1.,0.,-0.));
#177 = ORIENTED_EDGE('',*,*,#178,.F.);
#178 = EDGE_CURVE('',#56,#170,#179,.T.);
#179 = CIRCLE('',#180,4.);
#180 = AXIS2_PLACEMENT_3D('',#181,#182,#183);
#181 = CARTESIAN_POINT('',(-34.48,34.48,-10.3));
#182 = DIRECTION('',(0.,0.,1.));
#183 = DIRECTION('',(1.,0.,-0.));
#184 = FACE_BOUND('',#185,.T.);
#185 = EDGE_LOOP('',(#186,#197,#205,#214,#223));
#186 = ORIENTED_EDGE('',*,*,#187,.F.);
#187 = EDGE_CURVE('',#188,#190,#192,.T.);
#188 = VERTEX_POINT('',#189);
#189 = CARTESIAN_POINT('',(-27.94,-26.565,-10.3));
#190 = VERTEX_POINT('',#191);
#191 = CARTESIAN_POINT('',(-27.94,-29.315,-10.3));
#192 = CIRCLE('',#193,1.375);
#193 = AXIS2_PLACEMENT_3D('',#194,#195,#196);
#194 = CARTESIAN_POINT('',(-27.94,-27.94,-10.3));
#195 = DIRECTION('',(0.,0.,1.));
#196 = DIRECTION('',(1.,0.,-0.));
#197 = ORIENTED_EDGE('',*,*,#198,.F.);
#198 = EDGE_CURVE('',#199,#188,#201,.T.);
#199 = VERTEX_POINT('',#200);
#200 = CARTESIAN_POINT('',(-22.86,-26.565,-10.3));
#201 = LINE('',#202,#203);
#202 = CARTESIAN_POINT('',(-33.21,-26.565,-10.3));
#203 = VECTOR('',#204,1.);
#204 = DIRECTION('',(-1.,-0.,0.));
#205 = ORIENTED_EDGE('',*,*,#206,.F.);
#206 = EDGE_CURVE('',#207,#199,#209,.T.);
#207 = VERTEX_POINT('',#208);
#208 = CARTESIAN_POINT('',(-21.485,-27.94,-10.3));
#209 = CIRCLE('',#210,1.375);
#210 = AXIS2_PLACEMENT_3D('',#211,#212,#213);
#211 = CARTESIAN_POINT('',(-22.86,-27.94,-10.3));
#212 = DIRECTION('',(0.,0.,1.));
#213 = DIRECTION('',(1.,0.,-0.));
#214 = ORIENTED_EDGE('',*,*,#215,.F.);
#215 = EDGE_CURVE('',#216,#207,#218,.T.);
#216 = VERTEX_POINT('',#217);
#217 = CARTESIAN_POINT('',(-22.86,-29.315,-10.3));
#218 = CIRCLE('',#219,1.375);
#219 = AXIS2_PLACEMENT_3D('',#220,#221,#222);
#220 = CARTESIAN_POINT('',(-22.86,-27.94,-10.3));
#221 = DIRECTION('',(0.,0.,1.));
#222 = DIRECTION('',(1.,0.,-0.));
#223 = ORIENTED_EDGE('',*,*,#224,.T.);
#224 = EDGE_CURVE('',#216,#190,#225,.T.);
#225 = LINE('',#226,#227);
#226 = CARTESIAN_POINT('',(-33.21,-29.315,-10.3));
#227 = VECTOR('',#228,1.);
#228 = DIRECTION('',(-1.,-0.,0.));
#229 = FACE_BOUND('',#230,.T.);
#230 = EDGE_LOOP('',(#231,#242,#250,#259));
#231 = ORIENTED_EDGE('',*,*,#232,.F.);
#232 = EDGE_CURVE('',#233,#235,#237,.T.);
#233 = VERTEX_POINT('',#234);
#234 = CARTESIAN_POINT('',(-26.565,-17.78,-10.3));
#235 = VERTEX_POINT('',#236);
#236 = CARTESIAN_POINT('',(-29.315,-17.78,-10.3));
#237 = CIRCLE('',#238,1.375);
#238 = AXIS2_PLACEMENT_3D('',#239,#240,#241);
#239 = CARTESIAN_POINT('',(-27.94,-17.78,-10.3));
#240 = DIRECTION('',(0.,0.,1.));
#241 = DIRECTION('',(1.,0.,-0.));
#242 = ORIENTED_EDGE('',*,*,#243,.F.);
#243 = EDGE_CURVE('',#244,#233,#246,.T.);
#244 = VERTEX_POINT('',#245);
#245 = CARTESIAN_POINT('',(-26.565,-22.86,-10.3));
#246 = LINE('',#247,#248);
#247 = CARTESIAN_POINT('',(-26.565,-30.67,-10.3));
#248 = VECTOR('',#249,1.);
#249 = DIRECTION('',(-0.,1.,0.));
#250 = ORIENTED_EDGE('',*,*,#251,.F.);
#251 = EDGE_CURVE('',#252,#244,#254,.T.);
#252 = VERTEX_POINT('',#253);
#253 = CARTESIAN_POINT('',(-29.315,-22.86,-10.3));
#254 = CIRCLE('',#255,1.375);
#255 = AXIS2_PLACEMENT_3D('',#256,#257,#258);
#256 = CARTESIAN_POINT('',(-27.94,-22.86,-10.3));
#257 = DIRECTION('',(0.,0.,1.));
#258 = DIRECTION('',(1.,0.,-0.));
#259 = ORIENTED_EDGE('',*,*,#260,.T.);
#260 = EDGE_CURVE('',#252,#235,#261,.T.);
#261 = LINE('',#262,#263);
#262 = CARTESIAN_POINT('',(-29.315,-30.67,-10.3));
#263 = VECTOR('',#264,1.);
#264 = DIRECTION('',(-0.,1.,0.));
#265 = FACE_BOUND('',#266,.T.);
#266 = EDGE_LOOP('',(#267));
#267 = ORIENTED_EDGE('',*,*,#268,.F.);
#268 = EDGE_CURVE('',#269,#269,#271,.T.);
#269 = VERTEX_POINT('',#270);
#270 = CARTESIAN_POINT('',(-21.485,-22.86,-10.3));
#271 = CIRCLE('',#272,1.375);
#272 = AXIS2_PLACEMENT_3D('',#273,#274,#275);
#273 = CARTESIAN_POINT('',(-22.86,-22.86,-10.3));
#274 = DIRECTION('',(0.,0.,1.));
#275 = DIRECTION('',(1.,0.,-0.));
#276 = FACE_BOUND('',#277,.T.);
#277 = EDGE_LOOP('',(#278,#289,#297,#306,#315));
#278 = ORIENTED_EDGE('',*,*,#279,.F.);
#279 = EDGE_CURVE('',#280,#282,#284,.T.);
#280 = VERTEX_POINT('',#281);
#281 = CARTESIAN_POINT('',(-12.7,-26.565,-10.3));
#282 = VERTEX_POINT('',#283);
#283 = CARTESIAN_POINT('',(-12.7,-29.315,-10.3));
#284 = CIRCLE('',#285,1.375);
#285 = AXIS2_PLACEMENT_3D('',#286,#287,#288);
#286 = CARTESIAN_POINT('',(-12.7,-27.94,-10.3));
#287 = DIRECTION('',(0.,0.,1.));
#288 = DIRECTION('',(1.,0.,-0.));
#289 = ORIENTED_EDGE('',*,*,#290,.F.);
#290 = EDGE_CURVE('',#291,#280,#293,.T.);
#291 = VERTEX_POINT('',#292);
#292 = CARTESIAN_POINT('',(-7.62,-26.565,-10.3));
#293 = LINE('',#294,#295);
#294 = CARTESIAN_POINT('',(-25.59,-26.565,-10.3));
#295 = VECTOR('',#296,1.);
#296 = DIRECTION('',(-1.,-0.,0.));
#297 = ORIENTED_EDGE('',*,*,#298,.F.);
#298 = EDGE_CURVE('',#299,#291,#301,.T.);
#299 = VERTEX_POINT('',#300);
#300 = CARTESIAN_POINT('',(-6.245,-27.94,-10.3));
#301 = CIRCLE('',#302,1.375);
#302 = AXIS2_PLACEMENT_3D('',#303,#304,#305);
#303 = CARTESIAN_POINT('',(-7.62,-27.94,-10.3));
#304 = DIRECTION('',(0.,0.,1.));
#305 = DIRECTION('',(1.,0.,-0.));
#306 = ORIENTED_EDGE('',*,*,#307,.F.);
#307 = EDGE_CURVE('',#308,#299,#310,.T.);
#308 = VERTEX_POINT('',#309);
#309 = CARTESIAN_POINT('',(-7.62,-29.315,-10.3));
#310 = CIRCLE('',#311,1.375);
#311 = AXIS2_PLACEMENT_3D('',#312,#313,#314);
#312 = CARTESIAN_POINT('',(-7.62,-27.94,-10.3));
#313 = DIRECTION('',(0.,0.,1.));
#314 = DIRECTION('',(1.,0.,-0.));
#315 = ORIENTED_EDGE('',*,*,#316,.T.);
#316 = EDGE_CURVE('',#308,#282,#317,.T.);
#317 = LINE('',#318,#319);
#318 = CARTESIAN_POINT('',(-25.59,-29.315,-10.3));
#319 = VECTOR('',#320,1.);
#320 = DIRECTION('',(-1.,-0.,0.));
#321 = FACE_BOUND('',#322,.T.);
#322 = EDGE_LOOP('',(#323,#334,#342,#351));
#323 = ORIENTED_EDGE('',*,*,#324,.F.);
#324 = EDGE_CURVE('',#325,#327,#329,.T.);
#325 = VERTEX_POINT('',#326);
#326 = CARTESIAN_POINT('',(-16.405,-22.86,-10.3));
#327 = VERTEX_POINT('',#328);
#328 = CARTESIAN_POINT('',(-19.155,-22.86,-10.3));
#329 = CIRCLE('',#330,1.375);
#330 = AXIS2_PLACEMENT_3D('',#331,#332,#333);
#331 = CARTESIAN_POINT('',(-17.78,-22.86,-10.3));
#332 = DIRECTION('',(0.,0.,1.));
#333 = DIRECTION('',(1.,0.,-0.));
#334 = ORIENTED_EDGE('',*,*,#335,.F.);
#335 = EDGE_CURVE('',#336,#325,#338,.T.);
#336 = VERTEX_POINT('',#337);
#337 = CARTESIAN_POINT('',(-16.405,-27.94,-10.3));
#338 = LINE('',#339,#340);
#339 = CARTESIAN_POINT('',(-16.405,-33.21,-10.3));
#340 = VECTOR('',#341,1.);
#341 = DIRECTION('',(-0.,1.,0.));
#342 = ORIENTED_EDGE('',*,*,#343,.F.);
#343 = EDGE_CURVE('',#344,#336,#346,.T.);
#344 = VERTEX_POINT('',#345);
#345 = CARTESIAN_POINT('',(-19.155,-27.94,-10.3));
#346 = CIRCLE('',#347,1.375);
#347 = AXIS2_PLACEMENT_3D('',#348,#349,#350);
#348 = CARTESIAN_POINT('',(-17.78,-27.94,-10.3));
#349 = DIRECTION('',(0.,0.,1.));
#350 = DIRECTION('',(1.,0.,-0.));
#351 = ORIENTED_EDGE('',*,*,#352,.T.);
#352 = EDGE_CURVE('',#344,#327,#353,.T.);
#353 = LINE('',#354,#355);
#354 = CARTESIAN_POINT('',(-19.155,-33.21,-10.3));
#355 = VECTOR('',#356,1.);
#356 = DIRECTION('',(-0.,1.,0.));
#357 = FACE_BOUND('',#358,.T.);
#358 = EDGE_LOOP('',(#359,#370,#378,#387));
#359 = ORIENTED_EDGE('',*,*,#360,.F.);
#360 = EDGE_CURVE('',#361,#363,#365,.T.);
#361 = VERTEX_POINT('',#362);
#362 = CARTESIAN_POINT('',(-11.325,-17.78,-10.3));
#363 = VERTEX_POINT('',#364);
#364 = CARTESIAN_POINT('',(-14.075,-17.78,-10.3));
#365 = CIRCLE('',#366,1.375);
#366 = AXIS2_PLACEMENT_3D('',#367,#368,#369);
#367 = CARTESIAN_POINT('',(-12.7,-17.78,-10.3));
#368 = DIRECTION('',(0.,0.,1.));
#369 = DIRECTION('',(1.,0.,-0.));
#370 = ORIENTED_EDGE('',*,*,#371,.F.);
#371 = EDGE_CURVE('',#372,#361,#374,.T.);
#372 = VERTEX_POINT('',#373);
#373 = CARTESIAN_POINT('',(-11.325,-22.86,-10.3));
#374 = LINE('',#375,#376);
#375 = CARTESIAN_POINT('',(-11.325,-30.67,-10.3));
#376 = VECTOR('',#377,1.);
#377 = DIRECTION('',(-0.,1.,0.));
#378 = ORIENTED_EDGE('',*,*,#379,.F.);
#379 = EDGE_CURVE('',#380,#372,#382,.T.);
#380 = VERTEX_POINT('',#381);
#381 = CARTESIAN_POINT('',(-14.075,-22.86,-10.3));
#382 = CIRCLE('',#383,1.375);
#383 = AXIS2_PLACEMENT_3D('',#384,#385,#386);
#384 = CARTESIAN_POINT('',(-12.7,-22.86,-10.3));
#385 = DIRECTION('',(0.,0.,1.));
#386 = DIRECTION('',(1.,0.,-0.));
#387 = ORIENTED_EDGE('',*,*,#388,.T.);
#388 = EDGE_CURVE('',#380,#363,#389,.T.);
#389 = LINE('',#390,#391);
#390 = CARTESIAN_POINT('',(-14.075,-30.67,-10.3));
#391 = VECTOR('',#392,1.);
#392 = DIRECTION('',(-0.,1.,0.));
#393 = FACE_BOUND('',#394,.T.);
#394 = EDGE_LOOP('',(#395));
#395 = ORIENTED_EDGE('',*,*,#396,.F.);
#396 = EDGE_CURVE('',#397,#397,#399,.T.);
#397 = VERTEX_POINT('',#398);
#398 = CARTESIAN_POINT('',(-6.245,-22.86,-10.3));
#399 = CIRCLE('',#400,1.375);
#400 = AXIS2_PLACEMENT_3D('',#401,#402,#403);
#401 = CARTESIAN_POINT('',(-7.62,-22.86,-10.3));
#402 = DIRECTION('',(0.,0.,1.));
#403 = DIRECTION('',(1.,0.,-0.));
#404 = FACE_BOUND('',#405,.T.);
#405 = EDGE_LOOP('',(#406,#417,#425,#434));
#406 = ORIENTED_EDGE('',*,*,#407,.F.);
#407 = EDGE_CURVE('',#408,#410,#412,.T.);
#408 = VERTEX_POINT('',#409);
#409 = CARTESIAN_POINT('',(-1.165,-22.86,-10.3));
#410 = VERTEX_POINT('',#411);
#411 = CARTESIAN_POINT('',(-3.915,-22.86,-10.3));
#412 = CIRCLE('',#413,1.375);
#413 = AXIS2_PLACEMENT_3D('',#414,#415,#416);
#414 = CARTESIAN_POINT('',(-2.54,-22.86,-10.3));
#415 = DIRECTION('',(0.,0.,1.));
#416 = DIRECTION('',(1.,0.,-0.));
#417 = ORIENTED_EDGE('',*,*,#418,.F.);
#418 = EDGE_CURVE('',#419,#408,#421,.T.);
#419 = VERTEX_POINT('',#420);
#420 = CARTESIAN_POINT('',(-1.165,-27.94,-10.3));
#421 = LINE('',#422,#423);
#422 = CARTESIAN_POINT('',(-1.165,-33.21,-10.3));
#423 = VECTOR('',#424,1.);
#424 = DIRECTION('',(-0.,1.,0.));
#425 = ORIENTED_EDGE('',*,*,#426,.F.);
#426 = EDGE_CURVE('',#427,#419,#429,.T.);
#427 = VERTEX_POINT('',#428);
#428 = CARTESIAN_POINT('',(-3.915,-27.94,-10.3));
#429 = CIRCLE('',#430,1.375);
#430 = AXIS2_PLACEMENT_3D('',#431,#432,#433);
#431 = CARTESIAN_POINT('',(-2.54,-27.94,-10.3));
#432 = DIRECTION('',(0.,0.,1.));
#433 = DIRECTION('',(1.,0.,-0.));
#434 = ORIENTED_EDGE('',*,*,#435,.T.);
#435 = EDGE_CURVE('',#427,#410,#436,.T.);
#436 = LINE('',#437,#438);
#437 = CARTESIAN_POINT('',(-3.915,-33.21,-10.3));
#438 = VECTOR('',#439,1.);
#439 = DIRECTION('',(-0.,1.,0.));
#440 = FACE_BOUND('',#441,.T.);
#441 = EDGE_LOOP('',(#442,#453,#461,#470,#479));
#442 = ORIENTED_EDGE('',*,*,#443,.F.);
#443 = EDGE_CURVE('',#444,#446,#448,.T.);
#444 = VERTEX_POINT('',#445);
#445 = CARTESIAN_POINT('',(-22.86,-16.405,-10.3));
#446 = VERTEX_POINT('',#447);
#447 = CARTESIAN_POINT('',(-22.86,-19.155,-10.3));
#448 = CIRCLE('',#449,1.375);
#449 = AXIS2_PLACEMENT_3D('',#450,#451,#452);
#450 = CARTESIAN_POINT('',(-22.86,-17.78,-10.3));
#451 = DIRECTION('',(0.,0.,1.));
#452 = DIRECTION('',(1.,0.,-0.));
#453 = ORIENTED_EDGE('',*,*,#454,.F.);
#454 = EDGE_CURVE('',#455,#444,#457,.T.);
#455 = VERTEX_POINT('',#456);
#456 = CARTESIAN_POINT('',(-17.78,-16.405,-10.3));
#457 = LINE('',#458,#459);
#458 = CARTESIAN_POINT('',(-30.67,-16.405,-10.3));
#459 = VECTOR('',#460,1.);
#460 = DIRECTION('',(-1.,-0.,0.));
#461 = ORIENTED_EDGE('',*,*,#462,.F.);
#462 = EDGE_CURVE('',#463,#455,#465,.T.);
#463 = VERTEX_POINT('',#464);
#464 = CARTESIAN_POINT('',(-16.405,-17.78,-10.3));
#465 = CIRCLE('',#466,1.375);
#466 = AXIS2_PLACEMENT_3D('',#467,#468,#469);
#467 = CARTESIAN_POINT('',(-17.78,-17.78,-10.3));
#468 = DIRECTION('',(0.,0.,1.));
#469 = DIRECTION('',(1.,0.,-0.));
#470 = ORIENTED_EDGE('',*,*,#471,.F.);
#471 = EDGE_CURVE('',#472,#463,#474,.T.);
#472 = VERTEX_POINT('',#473);
#473 = CARTESIAN_POINT('',(-17.78,-19.155,-10.3));
#474 = CIRCLE('',#475,1.375);
#475 = AXIS2_PLACEMENT_3D('',#476,#477,#478);
#476 = CARTESIAN_POINT('',(-17.78,-17.78,-10.3));
#477 = DIRECTION('',(0.,0.,1.));
#478 = DIRECTION('',(1.,0.,-0.));
#479 = ORIENTED_EDGE('',*,*,#480,.T.);
#480 = EDGE_CURVE('',#472,#446,#481,.T.);
#481 = LINE('',#482,#483);
#482 = CARTESIAN_POINT('',(-30.67,-19.155,-10.3));
#483 = VECTOR('',#484,1.);
#484 = DIRECTION('',(-1.,-0.,0.));
#485 = FACE_BOUND('',#486,.T.);
#486 = EDGE_LOOP('',(#487,#498,#506,#515,#524));
#487 = ORIENTED_EDGE('',*,*,#488,.F.);
#488 = EDGE_CURVE('',#489,#491,#493,.T.);
#489 = VERTEX_POINT('',#490);
#490 = CARTESIAN_POINT('',(-27.94,-11.325,-10.3));
#491 = VERTEX_POINT('',#492);
#492 = CARTESIAN_POINT('',(-27.94,-14.075,-10.3));
#493 = CIRCLE('',#494,1.375);
#494 = AXIS2_PLACEMENT_3D('',#495,#496,#497);
#495 = CARTESIAN_POINT('',(-27.94,-12.7,-10.3));
#496 = DIRECTION('',(0.,0.,1.));
#497 = DIRECTION('',(1.,0.,-0.));
#498 = ORIENTED_EDGE('',*,*,#499,.F.);
#499 = EDGE_CURVE('',#500,#489,#502,.T.);
#500 = VERTEX_POINT('',#501);
#501 = CARTESIAN_POINT('',(-22.86,-11.325,-10.3));
#502 = LINE('',#503,#504);
#503 = CARTESIAN_POINT('',(-33.21,-11.325,-10.3));
#504 = VECTOR('',#505,1.);
#505 = DIRECTION('',(-1.,-0.,0.));
#506 = ORIENTED_EDGE('',*,*,#507,.F.);
#507 = EDGE_CURVE('',#508,#500,#510,.T.);
#508 = VERTEX_POINT('',#509);
#509 = CARTESIAN_POINT('',(-21.485,-12.7,-10.3));
#510 = CIRCLE('',#511,1.375);
#511 = AXIS2_PLACEMENT_3D('',#512,#513,#514);
#512 = CARTESIAN_POINT('',(-22.86,-12.7,-10.3));
#513 = DIRECTION('',(0.,0.,1.));
#514 = DIRECTION('',(1.,0.,-0.));
#515 = ORIENTED_EDGE('',*,*,#516,.F.);
#516 = EDGE_CURVE('',#517,#508,#519,.T.);
#517 = VERTEX_POINT('',#518);
#518 = CARTESIAN_POINT('',(-22.86,-14.075,-10.3));
#519 = CIRCLE('',#520,1.375);
#520 = AXIS2_PLACEMENT_3D('',#521,#522,#523);
#521 = CARTESIAN_POINT('',(-22.86,-12.7,-10.3));
#522 = DIRECTION('',(0.,0.,1.));
#523 = DIRECTION('',(1.,0.,-0.));
#524 = ORIENTED_EDGE('',*,*,#525,.T.);
#525 = EDGE_CURVE('',#517,#491,#526,.T.);
#526 = LINE('',#527,#528);
#527 = CARTESIAN_POINT('',(-33.21,-14.075,-10.3));
#528 = VECTOR('',#529,1.);
#529 = DIRECTION('',(-1.,-0.,0.));
#530 = FACE_BOUND('',#531,.T.);
#531 = EDGE_LOOP('',(#532,#543,#551,#560));
#532 = ORIENTED_EDGE('',*,*,#533,.F.);
#533 = EDGE_CURVE('',#534,#536,#538,.T.);
#534 = VERTEX_POINT('',#535);
#535 = CARTESIAN_POINT('',(-26.565,-2.54,-10.3));
#536 = VERTEX_POINT('',#537);
#537 = CARTESIAN_POINT('',(-29.315,-2.54,-10.3));
#538 = CIRCLE('',#539,1.375);
#539 = AXIS2_PLACEMENT_3D('',#540,#541,#542);
#540 = CARTESIAN_POINT('',(-27.94,-2.54,-10.3));
#541 = DIRECTION('',(0.,0.,1.));
#542 = DIRECTION('',(1.,0.,-0.));
#543 = ORIENTED_EDGE('',*,*,#544,.F.);
#544 = EDGE_CURVE('',#545,#534,#547,.T.);
#545 = VERTEX_POINT('',#546);
#546 = CARTESIAN_POINT('',(-26.565,-7.62,-10.3));
#547 = LINE('',#548,#549);
#548 = CARTESIAN_POINT('',(-26.565,-23.05,-10.3));
#549 = VECTOR('',#550,1.);
#550 = DIRECTION('',(-0.,1.,0.));
#551 = ORIENTED_EDGE('',*,*,#552,.F.);
#552 = EDGE_CURVE('',#553,#545,#555,.T.);
#553 = VERTEX_POINT('',#554);
#554 = CARTESIAN_POINT('',(-29.315,-7.62,-10.3));
#555 = CIRCLE('',#556,1.375);
#556 = AXIS2_PLACEMENT_3D('',#557,#558,#559);
#557 = CARTESIAN_POINT('',(-27.94,-7.62,-10.3));
#558 = DIRECTION('',(0.,0.,1.));
#559 = DIRECTION('',(1.,0.,-0.));
#560 = ORIENTED_EDGE('',*,*,#561,.T.);
#561 = EDGE_CURVE('',#553,#536,#562,.T.);
#562 = LINE('',#563,#564);
#563 = CARTESIAN_POINT('',(-29.315,-23.05,-10.3));
#564 = VECTOR('',#565,1.);
#565 = DIRECTION('',(-0.,1.,0.));
#566 = FACE_BOUND('',#567,.T.);
#567 = EDGE_LOOP('',(#568));
#568 = ORIENTED_EDGE('',*,*,#569,.F.);
#569 = EDGE_CURVE('',#570,#570,#572,.T.);
#570 = VERTEX_POINT('',#571);
#571 = CARTESIAN_POINT('',(-21.485,-7.62,-10.3));
#572 = CIRCLE('',#573,1.375);
#573 = AXIS2_PLACEMENT_3D('',#574,#575,#576);
#574 = CARTESIAN_POINT('',(-22.86,-7.62,-10.3));
#575 = DIRECTION('',(0.,0.,1.));
#576 = DIRECTION('',(1.,0.,-0.));
#577 = FACE_BOUND('',#578,.T.);
#578 = EDGE_LOOP('',(#579,#590,#598,#607,#616));
#579 = ORIENTED_EDGE('',*,*,#580,.F.);
#580 = EDGE_CURVE('',#581,#583,#585,.T.);
#581 = VERTEX_POINT('',#582);
#582 = CARTESIAN_POINT('',(-22.86,-1.165,-10.3));
#583 = VERTEX_POINT('',#584);
#584 = CARTESIAN_POINT('',(-22.86,-3.915,-10.3));
#585 = CIRCLE('',#586,1.375);
#586 = AXIS2_PLACEMENT_3D('',#587,#588,#589);
#587 = CARTESIAN_POINT('',(-22.86,-2.54,-10.3));
#588 = DIRECTION('',(0.,0.,1.));
#589 = DIRECTION('',(1.,0.,-0.));
#590 = ORIENTED_EDGE('',*,*,#591,.F.);
#591 = EDGE_CURVE('',#592,#581,#594,.T.);
#592 = VERTEX_POINT('',#593);
#593 = CARTESIAN_POINT('',(-17.78,-1.165,-10.3));
#594 = LINE('',#595,#596);
#595 = CARTESIAN_POINT('',(-30.67,-1.165,-10.3));
#596 = VECTOR('',#597,1.);
#597 = DIRECTION('',(-1.,-0.,0.));
#598 = ORIENTED_EDGE('',*,*,#599,.F.);
#599 = EDGE_CURVE('',#600,#592,#602,.T.);
#600 = VERTEX_POINT('',#601);
#601 = CARTESIAN_POINT('',(-16.405,-2.54,-10.3));
#602 = CIRCLE('',#603,1.375);
#603 = AXIS2_PLACEMENT_3D('',#604,#605,#606);
#604 = CARTESIAN_POINT('',(-17.78,-2.54,-10.3));
#605 = DIRECTION('',(0.,0.,1.));
#606 = DIRECTION('',(1.,0.,-0.));
#607 = ORIENTED_EDGE('',*,*,#608,.F.);
#608 = EDGE_CURVE('',#609,#600,#611,.T.);
#609 = VERTEX_POINT('',#610);
#610 = CARTESIAN_POINT('',(-17.78,-3.915,-10.3));
#611 = CIRCLE('',#612,1.375);
#612 = AXIS2_PLACEMENT_3D('',#613,#614,#615);
#613 = CARTESIAN_POINT('',(-17.78,-2.54,-10.3));
#614 = DIRECTION('',(0.,0.,1.));
#615 = DIRECTION('',(1.,0.,-0.));
#616 = ORIENTED_EDGE('',*,*,#617,.T.);
#617 = EDGE_CURVE('',#609,#583,#618,.T.);
#618 = LINE('',#619,#620);
#619 = CARTESIAN_POINT('',(-30.67,-3.915,-10.3));
#620 = VECTOR('',#621,1.);
#621 = DIRECTION('',(-1.,-0.,0.));
#622 = FACE_BOUND('',#623,.T.);
#623 = EDGE_LOOP('',(#624,#635,#643,#652));
#624 = ORIENTED_EDGE('',*,*,#625,.F.);
#625 = EDGE_CURVE('',#626,#628,#630,.T.);
#626 = VERTEX_POINT('',#627);
#627 = CARTESIAN_POINT('',(-16.405,-7.62,-10.3));
#628 = VERTEX_POINT('',#629);
#629 = CARTESIAN_POINT('',(-19.155,-7.62,-10.3));
#630 = CIRCLE('',#631,1.375);
#631 = AXIS2_PLACEMENT_3D('',#632,#633,#634);
#632 = CARTESIAN_POINT('',(-17.78,-7.62,-10.3));
#633 = DIRECTION('',(0.,0.,1.));
#634 = DIRECTION('',(1.,0.,-0.));
#635 = ORIENTED_EDGE('',*,*,#636,.F.);
#636 = EDGE_CURVE('',#637,#626,#639,.T.);
#637 = VERTEX_POINT('',#638);
#638 = CARTESIAN_POINT('',(-16.405,-12.7,-10.3));
#639 = LINE('',#640,#641);
#640 = CARTESIAN_POINT('',(-16.405,-25.59,-10.3));
#641 = VECTOR('',#642,1.);
#642 = DIRECTION('',(-0.,1.,0.));
#643 = ORIENTED_EDGE('',*,*,#644,.F.);
#644 = EDGE_CURVE('',#645,#637,#647,.T.);
#645 = VERTEX_POINT('',#646);
#646 = CARTESIAN_POINT('',(-19.155,-12.7,-10.3));
#647 = CIRCLE('',#648,1.375);
#648 = AXIS2_PLACEMENT_3D('',#649,#650,#651);
#649 = CARTESIAN_POINT('',(-17.78,-12.7,-10.3));
#650 = DIRECTION('',(0.,0.,1.));
#651 = DIRECTION('',(1.,0.,-0.));
#652 = ORIENTED_EDGE('',*,*,#653,.T.);
#653 = EDGE_CURVE('',#645,#628,#654,.T.);
#654 = LINE('',#655,#656);
#655 = CARTESIAN_POINT('',(-19.155,-25.59,-10.3));
#656 = VECTOR('',#657,1.);
#657 = DIRECTION('',(-0.,1.,0.));
#658 = FACE_BOUND('',#659,.T.);
#659 = EDGE_LOOP('',(#660,#671,#679,#688,#697));
#660 = ORIENTED_EDGE('',*,*,#661,.F.);
#661 = EDGE_CURVE('',#662,#664,#666,.T.);
#662 = VERTEX_POINT('',#663);
#663 = CARTESIAN_POINT('',(-12.7,-11.325,-10.3));
#664 = VERTEX_POINT('',#665);
#665 = CARTESIAN_POINT('',(-12.7,-14.075,-10.3));
#666 = CIRCLE('',#667,1.375);
#667 = AXIS2_PLACEMENT_3D('',#668,#669,#670);
#668 = CARTESIAN_POINT('',(-12.7,-12.7,-10.3));
#669 = DIRECTION('',(0.,0.,1.));
#670 = DIRECTION('',(1.,0.,-0.));
#671 = ORIENTED_EDGE('',*,*,#672,.F.);
#672 = EDGE_CURVE('',#673,#662,#675,.T.);
#673 = VERTEX_POINT('',#674);
#674 = CARTESIAN_POINT('',(-7.62,-11.325,-10.3));
#675 = LINE('',#676,#677);
#676 = CARTESIAN_POINT('',(-25.59,-11.325,-10.3));
#677 = VECTOR('',#678,1.);
#678 = DIRECTION('',(-1.,-0.,0.));
#679 = ORIENTED_EDGE('',*,*,#680,.F.);
#680 = EDGE_CURVE('',#681,#673,#683,.T.);
#681 = VERTEX_POINT('',#682);
#682 = CARTESIAN_POINT('',(-6.245,-12.7,-10.3));
#683 = CIRCLE('',#684,1.375);
#684 = AXIS2_PLACEMENT_3D('',#685,#686,#687);
#685 = CARTESIAN_POINT('',(-7.62,-12.7,-10.3));
#686 = DIRECTION('',(0.,0.,1.));
#687 = DIRECTION('',(1.,0.,-0.));
#688 = ORIENTED_EDGE('',*,*,#689,.F.);
#689 = EDGE_CURVE('',#690,#681,#692,.T.);
#690 = VERTEX_POINT('',#691);
#691 = CARTESIAN_POINT('',(-7.62,-14.075,-10.3));
#692 = CIRCLE('',#693,1.375);
#693 = AXIS2_PLACEMENT_3D('',#694,#695,#696);
#694 = CARTESIAN_POINT('',(-7.62,-12.7,-10.3));
#695 = DIRECTION('',(0.,0.,1.));
#696 = DIRECTION('',(1.,0.,-0.));
#697 = ORIENTED_EDGE('',*,*,#698,.T.);
#698 = EDGE_CURVE('',#690,#664,#699,.T.);
#699 = LINE('',#700,#701);
#700 = CARTESIAN_POINT('',(-25.59,-14.075,-10.3));
#701 = VECTOR('',#702,1.);
#702 = DIRECTION('',(-1.,-0.,0.));
#703 = FACE_BOUND('',#704,.T.);
#704 = EDGE_LOOP('',(#705,#716,#724,#733,#742));
#705 = ORIENTED_EDGE('',*,*,#706,.F.);
#706 = EDGE_CURVE('',#707,#709,#711,.T.);
#707 = VERTEX_POINT('',#708);
#708 = CARTESIAN_POINT('',(-7.62,-16.405,-10.3));
#709 = VERTEX_POINT('',#710);
#710 = CARTESIAN_POINT('',(-7.62,-19.155,-10.3));
#711 = CIRCLE('',#712,1.375);
#712 = AXIS2_PLACEMENT_3D('',#713,#714,#715);
#713 = CARTESIAN_POINT('',(-7.62,-17.78,-10.3));
#714 = DIRECTION('',(0.,0.,1.));
#715 = DIRECTION('',(1.,0.,-0.));
#716 = ORIENTED_EDGE('',*,*,#717,.F.);
#717 = EDGE_CURVE('',#718,#707,#720,.T.);
#718 = VERTEX_POINT('',#719);
#719 = CARTESIAN_POINT('',(-2.54,-16.405,-10.3));
#720 = LINE('',#721,#722);
#721 = CARTESIAN_POINT('',(-23.05,-16.405,-10.3));
#722 = VECTOR('',#723,1.);
#723 = DIRECTION('',(-1.,-0.,0.));
#724 = ORIENTED_EDGE('',*,*,#725,.F.);
#725 = EDGE_CURVE('',#726,#718,#728,.T.);
#726 = VERTEX_POINT('',#727);
#727 = CARTESIAN_POINT('',(-1.165,-17.78,-10.3));
#728 = CIRCLE('',#729,1.375);
#729 = AXIS2_PLACEMENT_3D('',#730,#731,#732);
#730 = CARTESIAN_POINT('',(-2.54,-17.78,-10.3));
#731 = DIRECTION('',(0.,0.,1.));
#732 = DIRECTION('',(1.,0.,-0.));
#733 = ORIENTED_EDGE('',*,*,#734,.F.);
#734 = EDGE_CURVE('',#735,#726,#737,.T.);
#735 = VERTEX_POINT('',#736);
#736 = CARTESIAN_POINT('',(-2.54,-19.155,-10.3));
#737 = CIRCLE('',#738,1.375);
#738 = AXIS2_PLACEMENT_3D('',#739,#740,#741);
#739 = CARTESIAN_POINT('',(-2.54,-17.78,-10.3));
#740 = DIRECTION('',(0.,0.,1.));
#741 = DIRECTION('',(1.,0.,-0.));
#742 = ORIENTED_EDGE('',*,*,#743,.T.);
#743 = EDGE_CURVE('',#735,#709,#744,.T.);
#744 = LINE('',#745,#746);
#745 = CARTESIAN_POINT('',(-23.05,-19.155,-10.3));
#746 = VECTOR('',#747,1.);
#747 = DIRECTION('',(-1.,-0.,0.));
#748 = FACE_BOUND('',#749,.T.);
#749 = EDGE_LOOP('',(#750,#761,#769,#778));
#750 = ORIENTED_EDGE('',*,*,#751,.F.);
#751 = EDGE_CURVE('',#752,#754,#756,.T.);
#752 = VERTEX_POINT('',#753);
#753 = CARTESIAN_POINT('',(-1.165,-7.62,-10.3));
#754 = VERTEX_POINT('',#755);
#755 = CARTESIAN_POINT('',(-3.915,-7.62,-10.3));
#756 = CIRCLE('',#757,1.375);
#757 = AXIS2_PLACEMENT_3D('',#758,#759,#760);
#758 = CARTESIAN_POINT('',(-2.54,-7.62,-10.3));
#759 = DIRECTION('',(0.,0.,1.));
#760 = DIRECTION('',(1.,0.,-0.));
#761 = ORIENTED_EDGE('',*,*,#762,.F.);
#762 = EDGE_CURVE('',#763,#752,#765,.T.);
#763 = VERTEX_POINT('',#764);
#764 = CARTESIAN_POINT('',(-1.165,-12.7,-10.3));
#765 = LINE('',#766,#767);
#766 = CARTESIAN_POINT('',(-1.165,-25.59,-10.3));
#767 = VECTOR('',#768,1.);
#768 = DIRECTION('',(-0.,1.,0.));
#769 = ORIENTED_EDGE('',*,*,#770,.F.);
#770 = EDGE_CURVE('',#771,#763,#773,.T.);
#771 = VERTEX_POINT('',#772);
#772 = CARTESIAN_POINT('',(-3.915,-12.7,-10.3));
#773 = CIRCLE('',#774,1.375);
#774 = AXIS2_PLACEMENT_3D('',#775,#776,#777);
#775 = CARTESIAN_POINT('',(-2.54,-12.7,-10.3));
#776 = DIRECTION('',(0.,0.,1.));
#777 = DIRECTION('',(1.,0.,-0.));
#778 = ORIENTED_EDGE('',*,*,#779,.T.);
#779 = EDGE_CURVE('',#771,#754,#780,.T.);
#780 = LINE('',#781,#782);
#781 = CARTESIAN_POINT('',(-3.915,-25.59,-10.3));
#782 = VECTOR('',#783,1.);
#783 = DIRECTION('',(-0.,1.,0.));
#784 = FACE_BOUND('',#785,.T.);
#785 = EDGE_LOOP('',(#786,#797,#805,#814));
#786 = ORIENTED_EDGE('',*,*,#787,.F.);
#787 = EDGE_CURVE('',#788,#790,#792,.T.);
#788 = VERTEX_POINT('',#789);
#789 = CARTESIAN_POINT('',(-11.325,-2.54,-10.3));
#790 = VERTEX_POINT('',#791);
#791 = CARTESIAN_POINT('',(-14.075,-2.54,-10.3));
#792 = CIRCLE('',#793,1.375);
#793 = AXIS2_PLACEMENT_3D('',#794,#795,#796);
#794 = CARTESIAN_POINT('',(-12.7,-2.54,-10.3));
#795 = DIRECTION('',(0.,0.,1.));
#796 = DIRECTION('',(1.,0.,-0.));
#797 = ORIENTED_EDGE('',*,*,#798,.F.);
#798 = EDGE_CURVE('',#799,#788,#801,.T.);
#799 = VERTEX_POINT('',#800);
#800 = CARTESIAN_POINT('',(-11.325,-7.62,-10.3));
#801 = LINE('',#802,#803);
#802 = CARTESIAN_POINT('',(-11.325,-23.05,-10.3));
#803 = VECTOR('',#804,1.);
#804 = DIRECTION('',(-0.,1.,0.));
#805 = ORIENTED_EDGE('',*,*,#806,.F.);
#806 = EDGE_CURVE('',#807,#799,#809,.T.);
#807 = VERTEX_POINT('',#808);
#808 = CARTESIAN_POINT('',(-14.075,-7.62,-10.3));
#809 = CIRCLE('',#810,1.375);
#810 = AXIS2_PLACEMENT_3D('',#811,#812,#813);
#811 = CARTESIAN_POINT('',(-12.7,-7.62,-10.3));
#812 = DIRECTION('',(0.,0.,1.));
#813 = DIRECTION('',(1.,0.,-0.));
#814 = ORIENTED_EDGE('',*,*,#815,.T.);
#815 = EDGE_CURVE('',#807,#790,#816,.T.);
#816 = LINE('',#817,#818);
#817 = CARTESIAN_POINT('',(-14.075,-23.05,-10.3));
#818 = VECTOR('',#819,1.);
#819 = DIRECTION('',(-0.,1.,0.));
#820 = FACE_BOUND('',#821,.T.);
#821 = EDGE_LOOP('',(#822));
#822 = ORIENTED_EDGE('',*,*,#823,.F.);
#823 = EDGE_CURVE('',#824,#824,#826,.T.);
#824 = VERTEX_POINT('',#825);
#825 = CARTESIAN_POINT('',(-6.245,-7.62,-10.3));
#826 = CIRCLE('',#827,1.375);
#827 = AXIS2_PLACEMENT_3D('',#828,#829,#830);
#828 = CARTESIAN_POINT('',(-7.62,-7.62,-10.3));
#829 = DIRECTION('',(0.,0.,1.));
#830 = DIRECTION('',(1.,0.,-0.));
#831 = FACE_BOUND('',#832,.T.);
#832 = EDGE_LOOP('',(#833,#844,#852,#861,#870));
#833 = ORIENTED_EDGE('',*,*,#834,.F.);
#834 = EDGE_CURVE('',#835,#837,#839,.T.);
#835 = VERTEX_POINT('',#836);
#836 = CARTESIAN_POINT('',(-7.62,-1.165,-10.3));
#837 = VERTEX_POINT('',#838);
#838 = CARTESIAN_POINT('',(-7.62,-3.915,-10.3));
#839 = CIRCLE('',#840,1.375);
#840 = AXIS2_PLACEMENT_3D('',#841,#842,#843);
#841 = CARTESIAN_POINT('',(-7.62,-2.54,-10.3));
#842 = DIRECTION('',(0.,0.,1.));
#843 = DIRECTION('',(1.,0.,-0.));
#844 = ORIENTED_EDGE('',*,*,#845,.F.);
#845 = EDGE_CURVE('',#846,#835,#848,.T.);
#846 = VERTEX_POINT('',#847);
#847 = CARTESIAN_POINT('',(-2.54,-1.165,-10.3));
#848 = LINE('',#849,#850);
#849 = CARTESIAN_POINT('',(-23.05,-1.165,-10.3));
#850 = VECTOR('',#851,1.);
#851 = DIRECTION('',(-1.,-0.,0.));
#852 = ORIENTED_EDGE('',*,*,#853,.F.);
#853 = EDGE_CURVE('',#854,#846,#856,.T.);
#854 = VERTEX_POINT('',#855);
#855 = CARTESIAN_POINT('',(-1.165,-2.54,-10.3));
#856 = CIRCLE('',#857,1.375);
#857 = AXIS2_PLACEMENT_3D('',#858,#859,#860);
#858 = CARTESIAN_POINT('',(-2.54,-2.54,-10.3));
#859 = DIRECTION('',(0.,0.,1.));
#860 = DIRECTION('',(1.,0.,-0.));
#861 = ORIENTED_EDGE('',*,*,#862,.F.);
#862 = EDGE_CURVE('',#863,#854,#865,.T.);
#863 = VERTEX_POINT('',#864);
#864 = CARTESIAN_POINT('',(-2.54,-3.915,-10.3));
#865 = CIRCLE('',#866,1.375);
#866 = AXIS2_PLACEMENT_3D('',#867,#868,#869);
#867 = CARTESIAN_POINT('',(-2.54,-2.54,-10.3));
#868 = DIRECTION('',(0.,0.,1.));
#869 = DIRECTION('',(1.,0.,-0.));
#870 = ORIENTED_EDGE('',*,*,#871,.T.);
#871 = EDGE_CURVE('',#863,#837,#872,.T.);
#872 = LINE('',#873,#874);
#873 = CARTESIAN_POINT('',(-23.05,-3.915,-10.3));
#874 = VECTOR('',#875,1.);
#875 = DIRECTION('',(-1.,-0.,0.));
#876 = FACE_BOUND('',#877,.T.);
#877 = EDGE_LOOP('',(#878,#889,#897,#906,#915));
#878 = ORIENTED_EDGE('',*,*,#879,.F.);
#879 = EDGE_CURVE('',#880,#882,#884,.T.);
#880 = VERTEX_POINT('',#881);
#881 = CARTESIAN_POINT('',(2.54,-26.565,-10.3));
#882 = VERTEX_POINT('',#883);
#883 = CARTESIAN_POINT('',(2.54,-29.315,-10.3));
#884 = CIRCLE('',#885,1.375);
#885 = AXIS2_PLACEMENT_3D('',#886,#887,#888);
#886 = CARTESIAN_POINT('',(2.54,-27.94,-10.3));
#887 = DIRECTION('',(0.,0.,1.));
#888 = DIRECTION('',(1.,0.,-0.));
#889 = ORIENTED_EDGE('',*,*,#890,.F.);
#890 = EDGE_CURVE('',#891,#880,#893,.T.);
#891 = VERTEX_POINT('',#892);
#892 = CARTESIAN_POINT('',(7.62,-26.565,-10.3));
#893 = LINE('',#894,#895);
#894 = CARTESIAN_POINT('',(-17.97,-26.565,-10.3));
#895 = VECTOR('',#896,1.);
#896 = DIRECTION('',(-1.,-0.,0.));
#897 = ORIENTED_EDGE('',*,*,#898,.F.);
#898 = EDGE_CURVE('',#899,#891,#901,.T.);
#899 = VERTEX_POINT('',#900);
#900 = CARTESIAN_POINT('',(8.995,-27.94,-10.3));
#901 = CIRCLE('',#902,1.375);
#902 = AXIS2_PLACEMENT_3D('',#903,#904,#905);
#903 = CARTESIAN_POINT('',(7.62,-27.94,-10.3));
#904 = DIRECTION('',(0.,0.,1.));
#905 = DIRECTION('',(1.,0.,-0.));
#906 = ORIENTED_EDGE('',*,*,#907,.F.);
#907 = EDGE_CURVE('',#908,#899,#910,.T.);
#908 = VERTEX_POINT('',#909);
#909 = CARTESIAN_POINT('',(7.62,-29.315,-10.3));
#910 = CIRCLE('',#911,1.375);
#911 = AXIS2_PLACEMENT_3D('',#912,#913,#914);
#912 = CARTESIAN_POINT('',(7.62,-27.94,-10.3));
#913 = DIRECTION('',(0.,0.,1.));
#914 = DIRECTION('',(1.,0.,-0.));
#915 = ORIENTED_EDGE('',*,*,#916,.T.);
#916 = EDGE_CURVE('',#908,#882,#917,.T.);
#917 = LINE('',#918,#919);
#918 = CARTESIAN_POINT('',(-17.97,-29.315,-10.3));
#919 = VECTOR('',#920,1.);
#920 = DIRECTION('',(-1.,-0.,0.));
#921 = FACE_BOUND('',#922,.T.);
#922 = EDGE_LOOP('',(#923));
#923 = ORIENTED_EDGE('',*,*,#924,.F.);
#924 = EDGE_CURVE('',#925,#925,#927,.T.);
#925 = VERTEX_POINT('',#926);
#926 = CARTESIAN_POINT('',(8.995,-22.86,-10.3));
#927 = CIRCLE('',#928,1.375);
#928 = AXIS2_PLACEMENT_3D('',#929,#930,#931);
#929 = CARTESIAN_POINT('',(7.62,-22.86,-10.3));
#930 = DIRECTION('',(0.,0.,1.));
#931 = DIRECTION('',(1.,0.,-0.));
#932 = FACE_BOUND('',#933,.T.);
#933 = EDGE_LOOP('',(#934,#945,#953,#962));
#934 = ORIENTED_EDGE('',*,*,#935,.F.);
#935 = EDGE_CURVE('',#936,#938,#940,.T.);
#936 = VERTEX_POINT('',#937);
#937 = CARTESIAN_POINT('',(3.915,-17.78,-10.3));
#938 = VERTEX_POINT('',#939);
#939 = CARTESIAN_POINT('',(1.165,-17.78,-10.3));
#940 = CIRCLE('',#941,1.375);
#941 = AXIS2_PLACEMENT_3D('',#942,#943,#944);
#942 = CARTESIAN_POINT('',(2.54,-17.78,-10.3));
#943 = DIRECTION('',(0.,0.,1.));
#944 = DIRECTION('',(1.,0.,-0.));
#945 = ORIENTED_EDGE('',*,*,#946,.F.);
#946 = EDGE_CURVE('',#947,#936,#949,.T.);
#947 = VERTEX_POINT('',#948);
#948 = CARTESIAN_POINT('',(3.915,-22.86,-10.3));
#949 = LINE('',#950,#951);
#950 = CARTESIAN_POINT('',(3.915,-30.67,-10.3));
#951 = VECTOR('',#952,1.);
#952 = DIRECTION('',(-0.,1.,0.));
#953 = ORIENTED_EDGE('',*,*,#954,.F.);
#954 = EDGE_CURVE('',#955,#947,#957,.T.);
#955 = VERTEX_POINT('',#956);
#956 = CARTESIAN_POINT('',(1.165,-22.86,-10.3));
#957 = CIRCLE('',#958,1.375);
#958 = AXIS2_PLACEMENT_3D('',#959,#960,#961);
#959 = CARTESIAN_POINT('',(2.54,-22.86,-10.3));
#960 = DIRECTION('',(0.,0.,1.));
#961 = DIRECTION('',(1.,0.,-0.));
#962 = ORIENTED_EDGE('',*,*,#963,.T.);
#963 = EDGE_CURVE('',#955,#938,#964,.T.);
#964 = LINE('',#965,#966);
#965 = CARTESIAN_POINT('',(1.165,-30.67,-10.3));
#966 = VECTOR('',#967,1.);
#967 = DIRECTION('',(-0.,1.,0.));
#968 = FACE_BOUND('',#969,.T.);
#969 = EDGE_LOOP('',(#970,#981,#989,#998));
#970 = ORIENTED_EDGE('',*,*,#971,.F.);
#971 = EDGE_CURVE('',#972,#974,#976,.T.);
#972 = VERTEX_POINT('',#973);
#973 = CARTESIAN_POINT('',(14.075,-22.86,-10.3));
#974 = VERTEX_POINT('',#975);
#975 = CARTESIAN_POINT('',(11.325,-22.86,-10.3));
#976 = CIRCLE('',#977,1.375);
#977 = AXIS2_PLACEMENT_3D('',#978,#979,#980);
#978 = CARTESIAN_POINT('',(12.7,-22.86,-10.3));
#979 = DIRECTION('',(0.,0.,1.));
#980 = DIRECTION('',(1.,0.,-0.));
#981 = ORIENTED_EDGE('',*,*,#982,.F.);
#982 = EDGE_CURVE('',#983,#972,#985,.T.);
#983 = VERTEX_POINT('',#984);
#984 = CARTESIAN_POINT('',(14.075,-27.94,-10.3));
#985 = LINE('',#986,#987);
#986 = CARTESIAN_POINT('',(14.075,-33.21,-10.3));
#987 = VECTOR('',#988,1.);
#988 = DIRECTION('',(-0.,1.,0.));
#989 = ORIENTED_EDGE('',*,*,#990,.F.);
#990 = EDGE_CURVE('',#991,#983,#993,.T.);
#991 = VERTEX_POINT('',#992);
#992 = CARTESIAN_POINT('',(11.325,-27.94,-10.3));
#993 = CIRCLE('',#994,1.375);
#994 = AXIS2_PLACEMENT_3D('',#995,#996,#997);
#995 = CARTESIAN_POINT('',(12.7,-27.94,-10.3));
#996 = DIRECTION('',(0.,0.,1.));
#997 = DIRECTION('',(1.,0.,-0.));
#998 = ORIENTED_EDGE('',*,*,#999,.T.);
#999 = EDGE_CURVE('',#991,#974,#1000,.T.);
#1000 = LINE('',#1001,#1002);
#1001 = CARTESIAN_POINT('',(11.325,-33.21,-10.3));
#1002 = VECTOR('',#1003,1.);
#1003 = DIRECTION('',(-0.,1.,0.));
#1004 = FACE_BOUND('',#1005,.T.);
#1005 = EDGE_LOOP('',(#1006,#1017,#1025,#1034));
#1006 = ORIENTED_EDGE('',*,*,#1007,.F.);
#1007 = EDGE_CURVE('',#1008,#1010,#1012,.T.);
#1008 = VERTEX_POINT('',#1009);
#1009 = CARTESIAN_POINT('',(19.155,-17.78,-10.3));
#1010 = VERTEX_POINT('',#1011);
#1011 = CARTESIAN_POINT('',(16.405,-17.78,-10.3));
#1012 = CIRCLE('',#1013,1.375);
#1013 = AXIS2_PLACEMENT_3D('',#1014,#1015,#1016);
#1014 = CARTESIAN_POINT('',(17.78,-17.78,-10.3));
#1015 = DIRECTION('',(0.,0.,1.));
#1016 = DIRECTION('',(1.,0.,-0.));
#1017 = ORIENTED_EDGE('',*,*,#1018,.F.);
#1018 = EDGE_CURVE('',#1019,#1008,#1021,.T.);
#1019 = VERTEX_POINT('',#1020);
#1020 = CARTESIAN_POINT('',(19.155,-22.86,-10.3));
#1021 = LINE('',#1022,#1023);
#1022 = CARTESIAN_POINT('',(19.155,-30.67,-10.3));
#1023 = VECTOR('',#1024,1.);
#1024 = DIRECTION('',(-0.,1.,0.));
#1025 = ORIENTED_EDGE('',*,*,#1026,.F.);
#1026 = EDGE_CURVE('',#1027,#1019,#1029,.T.);
#1027 = VERTEX_POINT('',#1028);
#1028 = CARTESIAN_POINT('',(16.405,-22.86,-10.3));
#1029 = CIRCLE('',#1030,1.375);
#1030 = AXIS2_PLACEMENT_3D('',#1031,#1032,#1033);
#1031 = CARTESIAN_POINT('',(17.78,-22.86,-10.3));
#1032 = DIRECTION('',(0.,0.,1.));
#1033 = DIRECTION('',(1.,0.,-0.));
#1034 = ORIENTED_EDGE('',*,*,#1035,.T.);
#1035 = EDGE_CURVE('',#1027,#1010,#1036,.T.);
#1036 = LINE('',#1037,#1038);
#1037 = CARTESIAN_POINT('',(16.405,-30.67,-10.3));
#1038 = VECTOR('',#1039,1.);
#1039 = DIRECTION('',(-0.,1.,0.));
#1040 = FACE_BOUND('',#1041,.T.);
#1041 = EDGE_LOOP('',(#1042,#1053,#1061,#1070,#1079));
#1042 = ORIENTED_EDGE('',*,*,#1043,.F.);
#1043 = EDGE_CURVE('',#1044,#1046,#1048,.T.);
#1044 = VERTEX_POINT('',#1045);
#1045 = CARTESIAN_POINT('',(17.78,-26.565,-10.3));
#1046 = VERTEX_POINT('',#1047);
#1047 = CARTESIAN_POINT('',(17.78,-29.315,-10.3));
#1048 = CIRCLE('',#1049,1.375);
#1049 = AXIS2_PLACEMENT_3D('',#1050,#1051,#1052);
#1050 = CARTESIAN_POINT('',(17.78,-27.94,-10.3));
#1051 = DIRECTION('',(0.,0.,1.));
#1052 = DIRECTION('',(1.,0.,-0.));
#1053 = ORIENTED_EDGE('',*,*,#1054,.F.);
#1054 = EDGE_CURVE('',#1055,#1044,#1057,.T.);
#1055 = VERTEX_POINT('',#1056);
#1056 = CARTESIAN_POINT('',(22.86,-26.565,-10.3));
#1057 = LINE('',#1058,#1059);
#1058 = CARTESIAN_POINT('',(-10.35,-26.565,-10.3));
#1059 = VECTOR('',#1060,1.);
#1060 = DIRECTION('',(-1.,-0.,0.));
#1061 = ORIENTED_EDGE('',*,*,#1062,.F.);
#1062 = EDGE_CURVE('',#1063,#1055,#1065,.T.);
#1063 = VERTEX_POINT('',#1064);
#1064 = CARTESIAN_POINT('',(24.235,-27.94,-10.3));
#1065 = CIRCLE('',#1066,1.375);
#1066 = AXIS2_PLACEMENT_3D('',#1067,#1068,#1069);
#1067 = CARTESIAN_POINT('',(22.86,-27.94,-10.3));
#1068 = DIRECTION('',(0.,0.,1.));
#1069 = DIRECTION('',(1.,0.,-0.));
#1070 = ORIENTED_EDGE('',*,*,#1071,.F.);
#1071 = EDGE_CURVE('',#1072,#1063,#1074,.T.);
#1072 = VERTEX_POINT('',#1073);
#1073 = CARTESIAN_POINT('',(22.86,-29.315,-10.3));
#1074 = CIRCLE('',#1075,1.375);
#1075 = AXIS2_PLACEMENT_3D('',#1076,#1077,#1078);
#1076 = CARTESIAN_POINT('',(22.86,-27.94,-10.3));
#1077 = DIRECTION('',(0.,0.,1.));
#1078 = DIRECTION('',(1.,0.,-0.));
#1079 = ORIENTED_EDGE('',*,*,#1080,.T.);
#1080 = EDGE_CURVE('',#1072,#1046,#1081,.T.);
#1081 = LINE('',#1082,#1083);
#1082 = CARTESIAN_POINT('',(-10.35,-29.315,-10.3));
#1083 = VECTOR('',#1084,1.);
#1084 = DIRECTION('',(-1.,-0.,0.));
#1085 = FACE_BOUND('',#1086,.T.);
#1086 = EDGE_LOOP('',(#1087));
#1087 = ORIENTED_EDGE('',*,*,#1088,.F.);
#1088 = EDGE_CURVE('',#1089,#1089,#1091,.T.);
#1089 = VERTEX_POINT('',#1090);
#1090 = CARTESIAN_POINT('',(24.235,-22.86,-10.3));
#1091 = CIRCLE('',#1092,1.375);
#1092 = AXIS2_PLACEMENT_3D('',#1093,#1094,#1095);
#1093 = CARTESIAN_POINT('',(22.86,-22.86,-10.3));
#1094 = DIRECTION('',(0.,0.,1.));
#1095 = DIRECTION('',(1.,0.,-0.));
#1096 = FACE_BOUND('',#1097,.T.);
#1097 = EDGE_LOOP('',(#1098,#1109,#1117,#1126));
#1098 = ORIENTED_EDGE('',*,*,#1099,.F.);
#1099 = EDGE_CURVE('',#1100,#1102,#1104,.T.);
#1100 = VERTEX_POINT('',#1101);
#1101 = CARTESIAN_POINT('',(29.315,-22.86,-10.3));
#1102 = VERTEX_POINT('',#1103);
#1103 = CARTESIAN_POINT('',(26.565,-22.86,-10.3));
#1104 = CIRCLE('',#1105,1.375);
#1105 = AXIS2_PLACEMENT_3D('',#1106,#1107,#1108);
#1106 = CARTESIAN_POINT('',(27.94,-22.86,-10.3));
#1107 = DIRECTION('',(0.,0.,1.));
#1108 = DIRECTION('',(1.,0.,-0.));
#1109 = ORIENTED_EDGE('',*,*,#1110,.F.);
#1110 = EDGE_CURVE('',#1111,#1100,#1113,.T.);
#1111 = VERTEX_POINT('',#1112);
#1112 = CARTESIAN_POINT('',(29.315,-27.94,-10.3));
#1113 = LINE('',#1114,#1115);
#1114 = CARTESIAN_POINT('',(29.315,-33.21,-10.3));
#1115 = VECTOR('',#1116,1.);
#1116 = DIRECTION('',(-0.,1.,0.));
#1117 = ORIENTED_EDGE('',*,*,#1118,.F.);
#1118 = EDGE_CURVE('',#1119,#1111,#1121,.T.);
#1119 = VERTEX_POINT('',#1120);
#1120 = CARTESIAN_POINT('',(26.565,-27.94,-10.3));
#1121 = CIRCLE('',#1122,1.375);
#1122 = AXIS2_PLACEMENT_3D('',#1123,#1124,#1125);
#1123 = CARTESIAN_POINT('',(27.94,-27.94,-10.3));
#1124 = DIRECTION('',(0.,0.,1.));
#1125 = DIRECTION('',(1.,0.,-0.));
#1126 = ORIENTED_EDGE('',*,*,#1127,.T.);
#1127 = EDGE_CURVE('',#1119,#1102,#1128,.T.);
#1128 = LINE('',#1129,#1130);
#1129 = CARTESIAN_POINT('',(26.565,-33.21,-10.3));
#1130 = VECTOR('',#1131,1.);
#1131 = DIRECTION('',(-0.,1.,0.));
#1132 = FACE_BOUND('',#1133,.T.);
#1133 = EDGE_LOOP('',(#1134,#1145,#1153,#1162,#1171));
#1134 = ORIENTED_EDGE('',*,*,#1135,.F.);
#1135 = EDGE_CURVE('',#1136,#1138,#1140,.T.);
#1136 = VERTEX_POINT('',#1137);
#1137 = CARTESIAN_POINT('',(2.54,-11.325,-10.3));
#1138 = VERTEX_POINT('',#1139);
#1139 = CARTESIAN_POINT('',(2.54,-14.075,-10.3));
#1140 = CIRCLE('',#1141,1.375);
#1141 = AXIS2_PLACEMENT_3D('',#1142,#1143,#1144);
#1142 = CARTESIAN_POINT('',(2.54,-12.7,-10.3));
#1143 = DIRECTION('',(0.,0.,1.));
#1144 = DIRECTION('',(1.,0.,-0.));
#1145 = ORIENTED_EDGE('',*,*,#1146,.F.);
#1146 = EDGE_CURVE('',#1147,#1136,#1149,.T.);
#1147 = VERTEX_POINT('',#1148);
#1148 = CARTESIAN_POINT('',(7.62,-11.325,-10.3));
#1149 = LINE('',#1150,#1151);
#1150 = CARTESIAN_POINT('',(-17.97,-11.325,-10.3));
#1151 = VECTOR('',#1152,1.);
#1152 = DIRECTION('',(-1.,-0.,0.));
#1153 = ORIENTED_EDGE('',*,*,#1154,.F.);
#1154 = EDGE_CURVE('',#1155,#1147,#1157,.T.);
#1155 = VERTEX_POINT('',#1156);
#1156 = CARTESIAN_POINT('',(8.995,-12.7,-10.3));
#1157 = CIRCLE('',#1158,1.375);
#1158 = AXIS2_PLACEMENT_3D('',#1159,#1160,#1161);
#1159 = CARTESIAN_POINT('',(7.62,-12.7,-10.3));
#1160 = DIRECTION('',(0.,0.,1.));
#1161 = DIRECTION('',(1.,0.,-0.));
#1162 = ORIENTED_EDGE('',*,*,#1163,.F.);
#1163 = EDGE_CURVE('',#1164,#1155,#1166,.T.);
#1164 = VERTEX_POINT('',#1165);
#1165 = CARTESIAN_POINT('',(7.62,-14.075,-10.3));
#1166 = CIRCLE('',#1167,1.375);
#1167 = AXIS2_PLACEMENT_3D('',#1168,#1169,#1170);
#1168 = CARTESIAN_POINT('',(7.62,-12.7,-10.3));
#1169 = DIRECTION('',(0.,0.,1.));
#1170 = DIRECTION('',(1.,0.,-0.));
#1171 = ORIENTED_EDGE('',*,*,#1172,.T.);
#1172 = EDGE_CURVE('',#1164,#1138,#1173,.T.);
#1173 = LINE('',#1174,#1175);
#1174 = CARTESIAN_POINT('',(-17.97,-14.075,-10.3));
#1175 = VECTOR('',#1176,1.);
#1176 = DIRECTION('',(-1.,-0.,0.));
#1177 = FACE_BOUND('',#1178,.T.);
#1178 = EDGE_LOOP('',(#1179,#1190,#1198,#1207,#1216));
#1179 = ORIENTED_EDGE('',*,*,#1180,.F.);
#1180 = EDGE_CURVE('',#1181,#1183,#1185,.T.);
#1181 = VERTEX_POINT('',#1182);
#1182 = CARTESIAN_POINT('',(7.62,-16.405,-10.3));
#1183 = VERTEX_POINT('',#1184);
#1184 = CARTESIAN_POINT('',(7.62,-19.155,-10.3));
#1185 = CIRCLE('',#1186,1.375);
#1186 = AXIS2_PLACEMENT_3D('',#1187,#1188,#1189);
#1187 = CARTESIAN_POINT('',(7.62,-17.78,-10.3));
#1188 = DIRECTION('',(0.,0.,1.));
#1189 = DIRECTION('',(1.,0.,-0.));
#1190 = ORIENTED_EDGE('',*,*,#1191,.F.);
#1191 = EDGE_CURVE('',#1192,#1181,#1194,.T.);
#1192 = VERTEX_POINT('',#1193);
#1193 = CARTESIAN_POINT('',(12.7,-16.405,-10.3));
#1194 = LINE('',#1195,#1196);
#1195 = CARTESIAN_POINT('',(-15.43,-16.405,-10.3));
#1196 = VECTOR('',#1197,1.);
#1197 = DIRECTION('',(-1.,-0.,0.));
#1198 = ORIENTED_EDGE('',*,*,#1199,.F.);
#1199 = EDGE_CURVE('',#1200,#1192,#1202,.T.);
#1200 = VERTEX_POINT('',#1201);
#1201 = CARTESIAN_POINT('',(14.075,-17.78,-10.3));
#1202 = CIRCLE('',#1203,1.375);
#1203 = AXIS2_PLACEMENT_3D('',#1204,#1205,#1206);
#1204 = CARTESIAN_POINT('',(12.7,-17.78,-10.3));
#1205 = DIRECTION('',(0.,0.,1.));
#1206 = DIRECTION('',(1.,0.,-0.));
#1207 = ORIENTED_EDGE('',*,*,#1208,.F.);
#1208 = EDGE_CURVE('',#1209,#1200,#1211,.T.);
#1209 = VERTEX_POINT('',#1210);
#1210 = CARTESIAN_POINT('',(12.7,-19.155,-10.3));
#1211 = CIRCLE('',#1212,1.375);
#1212 = AXIS2_PLACEMENT_3D('',#1213,#1214,#1215);
#1213 = CARTESIAN_POINT('',(12.7,-17.78,-10.3));
#1214 = DIRECTION('',(0.,0.,1.));
#1215 = DIRECTION('',(1.,0.,-0.));
#1216 = ORIENTED_EDGE('',*,*,#1217,.T.);
#1217 = EDGE_CURVE('',#1209,#1183,#1218,.T.);
#1218 = LINE('',#1219,#1220);
#1219 = CARTESIAN_POINT('',(-15.43,-19.155,-10.3));
#1220 = VECTOR('',#1221,1.);
#1221 = DIRECTION('',(-1.,-0.,0.));
#1222 = FACE_BOUND('',#1223,.T.);
#1223 = EDGE_LOOP('',(#1224,#1235,#1243,#1252));
#1224 = ORIENTED_EDGE('',*,*,#1225,.F.);
#1225 = EDGE_CURVE('',#1226,#1228,#1230,.T.);
#1226 = VERTEX_POINT('',#1227);
#1227 = CARTESIAN_POINT('',(14.075,-7.62,-10.3));
#1228 = VERTEX_POINT('',#1229);
#1229 = CARTESIAN_POINT('',(11.325,-7.62,-10.3));
#1230 = CIRCLE('',#1231,1.375);
#1231 = AXIS2_PLACEMENT_3D('',#1232,#1233,#1234);
#1232 = CARTESIAN_POINT('',(12.7,-7.62,-10.3));
#1233 = DIRECTION('',(0.,0.,1.));
#1234 = DIRECTION('',(1.,0.,-0.));
#1235 = ORIENTED_EDGE('',*,*,#1236,.F.);
#1236 = EDGE_CURVE('',#1237,#1226,#1239,.T.);
#1237 = VERTEX_POINT('',#1238);
#1238 = CARTESIAN_POINT('',(14.075,-12.7,-10.3));
#1239 = LINE('',#1240,#1241);
#1240 = CARTESIAN_POINT('',(14.075,-25.59,-10.3));
#1241 = VECTOR('',#1242,1.);
#1242 = DIRECTION('',(-0.,1.,0.));
#1243 = ORIENTED_EDGE('',*,*,#1244,.F.);
#1244 = EDGE_CURVE('',#1245,#1237,#1247,.T.);
#1245 = VERTEX_POINT('',#1246);
#1246 = CARTESIAN_POINT('',(11.325,-12.7,-10.3));
#1247 = CIRCLE('',#1248,1.375);
#1248 = AXIS2_PLACEMENT_3D('',#1249,#1250,#1251);
#1249 = CARTESIAN_POINT('',(12.7,-12.7,-10.3));
#1250 = DIRECTION('',(0.,0.,1.));
#1251 = DIRECTION('',(1.,0.,-0.));
#1252 = ORIENTED_EDGE('',*,*,#1253,.T.);
#1253 = EDGE_CURVE('',#1245,#1228,#1254,.T.);
#1254 = LINE('',#1255,#1256);
#1255 = CARTESIAN_POINT('',(11.325,-25.59,-10.3));
#1256 = VECTOR('',#1257,1.);
#1257 = DIRECTION('',(-0.,1.,0.));
#1258 = FACE_BOUND('',#1259,.T.);
#1259 = EDGE_LOOP('',(#1260,#1271,#1279,#1288));
#1260 = ORIENTED_EDGE('',*,*,#1261,.F.);
#1261 = EDGE_CURVE('',#1262,#1264,#1266,.T.);
#1262 = VERTEX_POINT('',#1263);
#1263 = CARTESIAN_POINT('',(3.915,-2.54,-10.3));
#1264 = VERTEX_POINT('',#1265);
#1265 = CARTESIAN_POINT('',(1.165,-2.54,-10.3));
#1266 = CIRCLE('',#1267,1.375);
#1267 = AXIS2_PLACEMENT_3D('',#1268,#1269,#1270);
#1268 = CARTESIAN_POINT('',(2.54,-2.54,-10.3));
#1269 = DIRECTION('',(0.,0.,1.));
#1270 = DIRECTION('',(1.,0.,-0.));
#1271 = ORIENTED_EDGE('',*,*,#1272,.F.);
#1272 = EDGE_CURVE('',#1273,#1262,#1275,.T.);
#1273 = VERTEX_POINT('',#1274);
#1274 = CARTESIAN_POINT('',(3.915,-7.62,-10.3));
#1275 = LINE('',#1276,#1277);
#1276 = CARTESIAN_POINT('',(3.915,-23.05,-10.3));
#1277 = VECTOR('',#1278,1.);
#1278 = DIRECTION('',(-0.,1.,0.));
#1279 = ORIENTED_EDGE('',*,*,#1280,.F.);
#1280 = EDGE_CURVE('',#1281,#1273,#1283,.T.);
#1281 = VERTEX_POINT('',#1282);
#1282 = CARTESIAN_POINT('',(1.165,-7.62,-10.3));
#1283 = CIRCLE('',#1284,1.375);
#1284 = AXIS2_PLACEMENT_3D('',#1285,#1286,#1287);
#1285 = CARTESIAN_POINT('',(2.54,-7.62,-10.3));
#1286 = DIRECTION('',(0.,0.,1.));
#1287 = DIRECTION('',(1.,0.,-0.));
#1288 = ORIENTED_EDGE('',*,*,#1289,.T.);
#1289 = EDGE_CURVE('',#1281,#1264,#1290,.T.);
#1290 = LINE('',#1291,#1292);
#1291 = CARTESIAN_POINT('',(1.165,-23.05,-10.3));
#1292 = VECTOR('',#1293,1.);
#1293 = DIRECTION('',(-0.,1.,0.));
#1294 = FACE_BOUND('',#1295,.T.);
#1295 = EDGE_LOOP('',(#1296));
#1296 = ORIENTED_EDGE('',*,*,#1297,.F.);
#1297 = EDGE_CURVE('',#1298,#1298,#1300,.T.);
#1298 = VERTEX_POINT('',#1299);
#1299 = CARTESIAN_POINT('',(8.995,-7.62,-10.3));
#1300 = CIRCLE('',#1301,1.375);
#1301 = AXIS2_PLACEMENT_3D('',#1302,#1303,#1304);
#1302 = CARTESIAN_POINT('',(7.62,-7.62,-10.3));
#1303 = DIRECTION('',(0.,0.,1.));
#1304 = DIRECTION('',(1.,0.,-0.));
#1305 = FACE_BOUND('',#1306,.T.);
#1306 = EDGE_LOOP('',(#1307,#1318,#1326,#1335));
#1307 = ORIENTED_EDGE('',*,*,#1308,.F.);
#1308 = EDGE_CURVE('',#1309,#1311,#1313,.T.);
#1309 = VERTEX_POINT('',#1310);
#1310 = CARTESIAN_POINT('',(19.155,-2.54,-10.3));
#1311 = VERTEX_POINT('',#1312);
#1312 = CARTESIAN_POINT('',(16.405,-2.54,-10.3));
#1313 = CIRCLE('',#1314,1.375);
#1314 = AXIS2_PLACEMENT_3D('',#1315,#1316,#1317);
#1315 = CARTESIAN_POINT('',(17.78,-2.54,-10.3));
#1316 = DIRECTION('',(0.,0.,1.));
#1317 = DIRECTION('',(1.,0.,-0.));
#1318 = ORIENTED_EDGE('',*,*,#1319,.F.);
#1319 = EDGE_CURVE('',#1320,#1309,#1322,.T.);
#1320 = VERTEX_POINT('',#1321);
#1321 = CARTESIAN_POINT('',(19.155,-7.62,-10.3));
#1322 = LINE('',#1323,#1324);
#1323 = CARTESIAN_POINT('',(19.155,-23.05,-10.3));
#1324 = VECTOR('',#1325,1.);
#1325 = DIRECTION('',(-0.,1.,0.));
#1326 = ORIENTED_EDGE('',*,*,#1327,.F.);
#1327 = EDGE_CURVE('',#1328,#1320,#1330,.T.);
#1328 = VERTEX_POINT('',#1329);
#1329 = CARTESIAN_POINT('',(16.405,-7.62,-10.3));
#1330 = CIRCLE('',#1331,1.375);
#1331 = AXIS2_PLACEMENT_3D('',#1332,#1333,#1334);
#1332 = CARTESIAN_POINT('',(17.78,-7.62,-10.3));
#1333 = DIRECTION('',(0.,0.,1.));
#1334 = DIRECTION('',(1.,0.,-0.));
#1335 = ORIENTED_EDGE('',*,*,#1336,.T.);
#1336 = EDGE_CURVE('',#1328,#1311,#1337,.T.);
#1337 = LINE('',#1338,#1339);
#1338 = CARTESIAN_POINT('',(16.405,-23.05,-10.3));
#1339 = VECTOR('',#1340,1.);
#1340 = DIRECTION('',(-0.,1.,0.));
#1341 = FACE_BOUND('',#1342,.T.);
#1342 = EDGE_LOOP('',(#1343,#1354,#1362,#1371,#1380));
#1343 = ORIENTED_EDGE('',*,*,#1344,.F.);
#1344 = EDGE_CURVE('',#1345,#1347,#1349,.T.);
#1345 = VERTEX_POINT('',#1346);
#1346 = CARTESIAN_POINT('',(7.62,-1.165,-10.3));
#1347 = VERTEX_POINT('',#1348);
#1348 = CARTESIAN_POINT('',(7.62,-3.915,-10.3));
#1349 = CIRCLE('',#1350,1.375);
#1350 = AXIS2_PLACEMENT_3D('',#1351,#1352,#1353);
#1351 = CARTESIAN_POINT('',(7.62,-2.54,-10.3));
#1352 = DIRECTION('',(0.,0.,1.));
#1353 = DIRECTION('',(1.,0.,-0.));
#1354 = ORIENTED_EDGE('',*,*,#1355,.F.);
#1355 = EDGE_CURVE('',#1356,#1345,#1358,.T.);
#1356 = VERTEX_POINT('',#1357);
#1357 = CARTESIAN_POINT('',(12.7,-1.165,-10.3));
#1358 = LINE('',#1359,#1360);
#1359 = CARTESIAN_POINT('',(-15.43,-1.165,-10.3));
#1360 = VECTOR('',#1361,1.);
#1361 = DIRECTION('',(-1.,-0.,0.));
#1362 = ORIENTED_EDGE('',*,*,#1363,.F.);
#1363 = EDGE_CURVE('',#1364,#1356,#1366,.T.);
#1364 = VERTEX_POINT('',#1365);
#1365 = CARTESIAN_POINT('',(14.075,-2.54,-10.3));
#1366 = CIRCLE('',#1367,1.375);
#1367 = AXIS2_PLACEMENT_3D('',#1368,#1369,#1370);
#1368 = CARTESIAN_POINT('',(12.7,-2.54,-10.3));
#1369 = DIRECTION('',(0.,0.,1.));
#1370 = DIRECTION('',(1.,0.,-0.));
#1371 = ORIENTED_EDGE('',*,*,#1372,.F.);
#1372 = EDGE_CURVE('',#1373,#1364,#1375,.T.);
#1373 = VERTEX_POINT('',#1374);
#1374 = CARTESIAN_POINT('',(12.7,-3.915,-10.3));
#1375 = CIRCLE('',#1376,1.375);
#1376 = AXIS2_PLACEMENT_3D('',#1377,#1378,#1379);
#1377 = CARTESIAN_POINT('',(12.7,-2.54,-10.3));
#1378 = DIRECTION('',(0.,0.,1.));
#1379 = DIRECTION('',(1.,0.,-0.));
#1380 = ORIENTED_EDGE('',*,*,#1381,.T.);
#1381 = EDGE_CURVE('',#1373,#1347,#1382,.T.);
#1382 = LINE('',#1383,#1384);
#1383 = CARTESIAN_POINT('',(-15.43,-3.915,-10.3));
#1384 = VECTOR('',#1385,1.);
#1385 = DIRECTION('',(-1.,-0.,0.));
#1386 = FACE_BOUND('',#1387,.T.);
#1387 = EDGE_LOOP('',(#1388,#1399,#1407,#1416,#1425));
#1388 = ORIENTED_EDGE('',*,*,#1389,.F.);
#1389 = EDGE_CURVE('',#1390,#1392,#1394,.T.);
#1390 = VERTEX_POINT('',#1391);
#1391 = CARTESIAN_POINT('',(22.86,-16.405,-10.3));
#1392 = VERTEX_POINT('',#1393);
#1393 = CARTESIAN_POINT('',(22.86,-19.155,-10.3));
#1394 = CIRCLE('',#1395,1.375);
#1395 = AXIS2_PLACEMENT_3D('',#1396,#1397,#1398);
#1396 = CARTESIAN_POINT('',(22.86,-17.78,-10.3));
#1397 = DIRECTION('',(0.,0.,1.));
#1398 = DIRECTION('',(1.,0.,-0.));
#1399 = ORIENTED_EDGE('',*,*,#1400,.F.);
#1400 = EDGE_CURVE('',#1401,#1390,#1403,.T.);
#1401 = VERTEX_POINT('',#1402);
#1402 = CARTESIAN_POINT('',(27.94,-16.405,-10.3));
#1403 = LINE('',#1404,#1405);
#1404 = CARTESIAN_POINT('',(-7.81,-16.405,-10.3));
#1405 = VECTOR('',#1406,1.);
#1406 = DIRECTION('',(-1.,-0.,0.));
#1407 = ORIENTED_EDGE('',*,*,#1408,.F.);
#1408 = EDGE_CURVE('',#1409,#1401,#1411,.T.);
#1409 = VERTEX_POINT('',#1410);
#1410 = CARTESIAN_POINT('',(29.315,-17.78,-10.3));
#1411 = CIRCLE('',#1412,1.375);
#1412 = AXIS2_PLACEMENT_3D('',#1413,#1414,#1415);
#1413 = CARTESIAN_POINT('',(27.94,-17.78,-10.3));
#1414 = DIRECTION('',(0.,0.,1.));
#1415 = DIRECTION('',(1.,0.,-0.));
#1416 = ORIENTED_EDGE('',*,*,#1417,.F.);
#1417 = EDGE_CURVE('',#1418,#1409,#1420,.T.);
#1418 = VERTEX_POINT('',#1419);
#1419 = CARTESIAN_POINT('',(27.94,-19.155,-10.3));
#1420 = CIRCLE('',#1421,1.375);
#1421 = AXIS2_PLACEMENT_3D('',#1422,#1423,#1424);
#1422 = CARTESIAN_POINT('',(27.94,-17.78,-10.3));
#1423 = DIRECTION('',(0.,0.,1.));
#1424 = DIRECTION('',(1.,0.,-0.));
#1425 = ORIENTED_EDGE('',*,*,#1426,.T.);
#1426 = EDGE_CURVE('',#1418,#1392,#1427,.T.);
#1427 = LINE('',#1428,#1429);
#1428 = CARTESIAN_POINT('',(-7.81,-19.155,-10.3));
#1429 = VECTOR('',#1430,1.);
#1430 = DIRECTION('',(-1.,-0.,0.));
#1431 = FACE_BOUND('',#1432,.T.);
#1432 = EDGE_LOOP('',(#1433,#1444,#1452,#1461,#1470));
#1433 = ORIENTED_EDGE('',*,*,#1434,.F.);
#1434 = EDGE_CURVE('',#1435,#1437,#1439,.T.);
#1435 = VERTEX_POINT('',#1436);
#1436 = CARTESIAN_POINT('',(17.78,-11.325,-10.3));
#1437 = VERTEX_POINT('',#1438);
#1438 = CARTESIAN_POINT('',(17.78,-14.075,-10.3));
#1439 = CIRCLE('',#1440,1.375);
#1440 = AXIS2_PLACEMENT_3D('',#1441,#1442,#1443);
#1441 = CARTESIAN_POINT('',(17.78,-12.7,-10.3));
#1442 = DIRECTION('',(0.,0.,1.));
#1443 = DIRECTION('',(1.,0.,-0.));
#1444 = ORIENTED_EDGE('',*,*,#1445,.F.);
#1445 = EDGE_CURVE('',#1446,#1435,#1448,.T.);
#1446 = VERTEX_POINT('',#1447);
#1447 = CARTESIAN_POINT('',(22.86,-11.325,-10.3));
#1448 = LINE('',#1449,#1450);
#1449 = CARTESIAN_POINT('',(-10.35,-11.325,-10.3));
#1450 = VECTOR('',#1451,1.);
#1451 = DIRECTION('',(-1.,-0.,0.));
#1452 = ORIENTED_EDGE('',*,*,#1453,.F.);
#1453 = EDGE_CURVE('',#1454,#1446,#1456,.T.);
#1454 = VERTEX_POINT('',#1455);
#1455 = CARTESIAN_POINT('',(24.235,-12.7,-10.3));
#1456 = CIRCLE('',#1457,1.375);
#1457 = AXIS2_PLACEMENT_3D('',#1458,#1459,#1460);
#1458 = CARTESIAN_POINT('',(22.86,-12.7,-10.3));
#1459 = DIRECTION('',(0.,0.,1.));
#1460 = DIRECTION('',(1.,0.,-0.));
#1461 = ORIENTED_EDGE('',*,*,#1462,.F.);
#1462 = EDGE_CURVE('',#1463,#1454,#1465,.T.);
#1463 = VERTEX_POINT('',#1464);
#1464 = CARTESIAN_POINT('',(22.86,-14.075,-10.3));
#1465 = CIRCLE('',#1466,1.375);
#1466 = AXIS2_PLACEMENT_3D('',#1467,#1468,#1469);
#1467 = CARTESIAN_POINT('',(22.86,-12.7,-10.3));
#1468 = DIRECTION('',(0.,0.,1.));
#1469 = DIRECTION('',(1.,0.,-0.));
#1470 = ORIENTED_EDGE('',*,*,#1471,.T.);
#1471 = EDGE_CURVE('',#1463,#1437,#1472,.T.);
#1472 = LINE('',#1473,#1474);
#1473 = CARTESIAN_POINT('',(-10.35,-14.075,-10.3));
#1474 = VECTOR('',#1475,1.);
#1475 = DIRECTION('',(-1.,-0.,0.));
#1476 = FACE_BOUND('',#1477,.T.);
#1477 = EDGE_LOOP('',(#1478,#1489,#1497,#1506));
#1478 = ORIENTED_EDGE('',*,*,#1479,.F.);
#1479 = EDGE_CURVE('',#1480,#1482,#1484,.T.);
#1480 = VERTEX_POINT('',#1481);
#1481 = CARTESIAN_POINT('',(29.315,-7.62,-10.3));
#1482 = VERTEX_POINT('',#1483);
#1483 = CARTESIAN_POINT('',(26.565,-7.62,-10.3));
#1484 = CIRCLE('',#1485,1.375);
#1485 = AXIS2_PLACEMENT_3D('',#1486,#1487,#1488);
#1486 = CARTESIAN_POINT('',(27.94,-7.62,-10.3));
#1487 = DIRECTION('',(0.,0.,1.));
#1488 = DIRECTION('',(1.,0.,-0.));
#1489 = ORIENTED_EDGE('',*,*,#1490,.F.);
#1490 = EDGE_CURVE('',#1491,#1480,#1493,.T.);
#1491 = VERTEX_POINT('',#1492);
#1492 = CARTESIAN_POINT('',(29.315,-12.7,-10.3));
#1493 = LINE('',#1494,#1495);
#1494 = CARTESIAN_POINT('',(29.315,-25.59,-10.3));
#1495 = VECTOR('',#1496,1.);
#1496 = DIRECTION('',(-0.,1.,0.));
#1497 = ORIENTED_EDGE('',*,*,#1498,.F.);
#1498 = EDGE_CURVE('',#1499,#1491,#1501,.T.);
#1499 = VERTEX_POINT('',#1500);
#1500 = CARTESIAN_POINT('',(26.565,-12.7,-10.3));
#1501 = CIRCLE('',#1502,1.375);
#1502 = AXIS2_PLACEMENT_3D('',#1503,#1504,#1505);
#1503 = CARTESIAN_POINT('',(27.94,-12.7,-10.3));
#1504 = DIRECTION('',(0.,0.,1.));
#1505 = DIRECTION('',(1.,0.,-0.));
#1506 = ORIENTED_EDGE('',*,*,#1507,.T.);
#1507 = EDGE_CURVE('',#1499,#1482,#1508,.T.);
#1508 = LINE('',#1509,#1510);
#1509 = CARTESIAN_POINT('',(26.565,-25.59,-10.3));
#1510 = VECTOR('',#1511,1.);
#1511 = DIRECTION('',(-0.,1.,0.));
#1512 = FACE_BOUND('',#1513,.T.);
#1513 = EDGE_LOOP('',(#1514));
#1514 = ORIENTED_EDGE('',*,*,#1515,.F.);
#1515 = EDGE_CURVE('',#1516,#1516,#1518,.T.);
#1516 = VERTEX_POINT('',#1517);
#1517 = CARTESIAN_POINT('',(24.235,-7.62,-10.3));
#1518 = CIRCLE('',#1519,1.375);
#1519 = AXIS2_PLACEMENT_3D('',#1520,#1521,#1522);
#1520 = CARTESIAN_POINT('',(22.86,-7.62,-10.3));
#1521 = DIRECTION('',(0.,0.,1.));
#1522 = DIRECTION('',(1.,0.,-0.));
#1523 = FACE_BOUND('',#1524,.T.);
#1524 = EDGE_LOOP('',(#1525,#1536,#1544,#1553,#1562));
#1525 = ORIENTED_EDGE('',*,*,#1526,.F.);
#1526 = EDGE_CURVE('',#1527,#1529,#1531,.T.);
#1527 = VERTEX_POINT('',#1528);
#1528 = CARTESIAN_POINT('',(22.86,-1.165,-10.3));
#1529 = VERTEX_POINT('',#1530);
#1530 = CARTESIAN_POINT('',(22.86,-3.915,-10.3));
#1531 = CIRCLE('',#1532,1.375);
#1532 = AXIS2_PLACEMENT_3D('',#1533,#1534,#1535);
#1533 = CARTESIAN_POINT('',(22.86,-2.54,-10.3));
#1534 = DIRECTION('',(0.,0.,1.));
#1535 = DIRECTION('',(1.,0.,-0.));
#1536 = ORIENTED_EDGE('',*,*,#1537,.F.);
#1537 = EDGE_CURVE('',#1538,#1527,#1540,.T.);
#1538 = VERTEX_POINT('',#1539);
#1539 = CARTESIAN_POINT('',(27.94,-1.165,-10.3));
#1540 = LINE('',#1541,#1542);
#1541 = CARTESIAN_POINT('',(-7.81,-1.165,-10.3));
#1542 = VECTOR('',#1543,1.);
#1543 = DIRECTION('',(-1.,-0.,0.));
#1544 = ORIENTED_EDGE('',*,*,#1545,.F.);
#1545 = EDGE_CURVE('',#1546,#1538,#1548,.T.);
#1546 = VERTEX_POINT('',#1547);
#1547 = CARTESIAN_POINT('',(29.315,-2.54,-10.3));
#1548 = CIRCLE('',#1549,1.375);
#1549 = AXIS2_PLACEMENT_3D('',#1550,#1551,#1552);
#1550 = CARTESIAN_POINT('',(27.94,-2.54,-10.3));
#1551 = DIRECTION('',(0.,0.,1.));
#1552 = DIRECTION('',(1.,0.,-0.));
#1553 = ORIENTED_EDGE('',*,*,#1554,.F.);
#1554 = EDGE_CURVE('',#1555,#1546,#1557,.T.);
#1555 = VERTEX_POINT('',#1556);
#1556 = CARTESIAN_POINT('',(27.94,-3.915,-10.3));
#1557 = CIRCLE('',#1558,1.375);
#1558 = AXIS2_PLACEMENT_3D('',#1559,#1560,#1561);
#1559 = CARTESIAN_POINT('',(27.94,-2.54,-10.3));
#1560 = DIRECTION('',(0.,0.,1.));
#1561 = DIRECTION('',(1.,0.,-0.));
#1562 = ORIENTED_EDGE('',*,*,#1563,.T.);
#1563 = EDGE_CURVE('',#1555,#1529,#1564,.T.);
#1564 = LINE('',#1565,#1566);
#1565 = CARTESIAN_POINT('',(-7.81,-3.915,-10.3));
#1566 = VECTOR('',#1567,1.);
#1567 = DIRECTION('',(-1.,-0.,0.));
#1568 = FACE_BOUND('',#1569,.T.);
#1569 = EDGE_LOOP('',(#1570,#1581,#1589,#1598,#1607));
#1570 = ORIENTED_EDGE('',*,*,#1571,.F.);
#1571 = EDGE_CURVE('',#1572,#1574,#1576,.T.);
#1572 = VERTEX_POINT('',#1573);
#1573 = CARTESIAN_POINT('',(-27.94,3.915,-10.3));
#1574 = VERTEX_POINT('',#1575);
#1575 = CARTESIAN_POINT('',(-27.94,1.165,-10.3));
#1576 = CIRCLE('',#1577,1.375);
#1577 = AXIS2_PLACEMENT_3D('',#1578,#1579,#1580);
#1578 = CARTESIAN_POINT('',(-27.94,2.54,-10.3));
#1579 = DIRECTION('',(0.,0.,1.));
#1580 = DIRECTION('',(1.,0.,-0.));
#1581 = ORIENTED_EDGE('',*,*,#1582,.F.);
#1582 = EDGE_CURVE('',#1583,#1572,#1585,.T.);
#1583 = VERTEX_POINT('',#1584);
#1584 = CARTESIAN_POINT('',(-22.86,3.915,-10.3));
#1585 = LINE('',#1586,#1587);
#1586 = CARTESIAN_POINT('',(-33.21,3.915,-10.3));
#1587 = VECTOR('',#1588,1.);
#1588 = DIRECTION('',(-1.,-0.,0.));
#1589 = ORIENTED_EDGE('',*,*,#1590,.F.);
#1590 = EDGE_CURVE('',#1591,#1583,#1593,.T.);
#1591 = VERTEX_POINT('',#1592);
#1592 = CARTESIAN_POINT('',(-21.485,2.54,-10.3));
#1593 = CIRCLE('',#1594,1.375);
#1594 = AXIS2_PLACEMENT_3D('',#1595,#1596,#1597);
#1595 = CARTESIAN_POINT('',(-22.86,2.54,-10.3));
#1596 = DIRECTION('',(0.,0.,1.));
#1597 = DIRECTION('',(1.,0.,-0.));
#1598 = ORIENTED_EDGE('',*,*,#1599,.F.);
#1599 = EDGE_CURVE('',#1600,#1591,#1602,.T.);
#1600 = VERTEX_POINT('',#1601);
#1601 = CARTESIAN_POINT('',(-22.86,1.165,-10.3));
#1602 = CIRCLE('',#1603,1.375);
#1603 = AXIS2_PLACEMENT_3D('',#1604,#1605,#1606);
#1604 = CARTESIAN_POINT('',(-22.86,2.54,-10.3));
#1605 = DIRECTION('',(0.,0.,1.));
#1606 = DIRECTION('',(1.,0.,-0.));
#1607 = ORIENTED_EDGE('',*,*,#1608,.T.);
#1608 = EDGE_CURVE('',#1600,#1574,#1609,.T.);
#1609 = LINE('',#1610,#1611);
#1610 = CARTESIAN_POINT('',(-33.21,1.165,-10.3));
#1611 = VECTOR('',#1612,1.);
#1612 = DIRECTION('',(-1.,-0.,0.));
#1613 = FACE_BOUND('',#1614,.T.);
#1614 = EDGE_LOOP('',(#1615));
#1615 = ORIENTED_EDGE('',*,*,#1616,.F.);
#1616 = EDGE_CURVE('',#1617,#1617,#1619,.T.);
#1617 = VERTEX_POINT('',#1618);
#1618 = CARTESIAN_POINT('',(-21.485,7.62,-10.3));
#1619 = CIRCLE('',#1620,1.375);
#1620 = AXIS2_PLACEMENT_3D('',#1621,#1622,#1623);
#1621 = CARTESIAN_POINT('',(-22.86,7.62,-10.3));
#1622 = DIRECTION('',(0.,0.,1.));
#1623 = DIRECTION('',(1.,0.,-0.));
#1624 = FACE_BOUND('',#1625,.T.);
#1625 = EDGE_LOOP('',(#1626,#1637,#1645,#1654));
#1626 = ORIENTED_EDGE('',*,*,#1627,.F.);
#1627 = EDGE_CURVE('',#1628,#1630,#1632,.T.);
#1628 = VERTEX_POINT('',#1629);
#1629 = CARTESIAN_POINT('',(-26.565,12.7,-10.3));
#1630 = VERTEX_POINT('',#1631);
#1631 = CARTESIAN_POINT('',(-29.315,12.7,-10.3));
#1632 = CIRCLE('',#1633,1.375);
#1633 = AXIS2_PLACEMENT_3D('',#1634,#1635,#1636);
#1634 = CARTESIAN_POINT('',(-27.94,12.7,-10.3));
#1635 = DIRECTION('',(0.,0.,1.));
#1636 = DIRECTION('',(1.,0.,-0.));
#1637 = ORIENTED_EDGE('',*,*,#1638,.F.);
#1638 = EDGE_CURVE('',#1639,#1628,#1641,.T.);
#1639 = VERTEX_POINT('',#1640);
#1640 = CARTESIAN_POINT('',(-26.565,7.62,-10.3));
#1641 = LINE('',#1642,#1643);
#1642 = CARTESIAN_POINT('',(-26.565,-15.43,-10.3));
#1643 = VECTOR('',#1644,1.);
#1644 = DIRECTION('',(-0.,1.,0.));
#1645 = ORIENTED_EDGE('',*,*,#1646,.F.);
#1646 = EDGE_CURVE('',#1647,#1639,#1649,.T.);
#1647 = VERTEX_POINT('',#1648);
#1648 = CARTESIAN_POINT('',(-29.315,7.62,-10.3));
#1649 = CIRCLE('',#1650,1.375);
#1650 = AXIS2_PLACEMENT_3D('',#1651,#1652,#1653);
#1651 = CARTESIAN_POINT('',(-27.94,7.62,-10.3));
#1652 = DIRECTION('',(0.,0.,1.));
#1653 = DIRECTION('',(1.,0.,-0.));
#1654 = ORIENTED_EDGE('',*,*,#1655,.T.);
#1655 = EDGE_CURVE('',#1647,#1630,#1656,.T.);
#1656 = LINE('',#1657,#1658);
#1657 = CARTESIAN_POINT('',(-29.315,-15.43,-10.3));
#1658 = VECTOR('',#1659,1.);
#1659 = DIRECTION('',(-0.,1.,0.));
#1660 = FACE_BOUND('',#1661,.T.);
#1661 = EDGE_LOOP('',(#1662,#1673,#1681,#1690,#1699));
#1662 = ORIENTED_EDGE('',*,*,#1663,.F.);
#1663 = EDGE_CURVE('',#1664,#1666,#1668,.T.);
#1664 = VERTEX_POINT('',#1665);
#1665 = CARTESIAN_POINT('',(-22.86,14.075,-10.3));
#1666 = VERTEX_POINT('',#1667);
#1667 = CARTESIAN_POINT('',(-22.86,11.325,-10.3));
#1668 = CIRCLE('',#1669,1.375);
#1669 = AXIS2_PLACEMENT_3D('',#1670,#1671,#1672);
#1670 = CARTESIAN_POINT('',(-22.86,12.7,-10.3));
#1671 = DIRECTION('',(0.,0.,1.));
#1672 = DIRECTION('',(1.,0.,-0.));
#1673 = ORIENTED_EDGE('',*,*,#1674,.F.);
#1674 = EDGE_CURVE('',#1675,#1664,#1677,.T.);
#1675 = VERTEX_POINT('',#1676);
#1676 = CARTESIAN_POINT('',(-17.78,14.075,-10.3));
#1677 = LINE('',#1678,#1679);
#1678 = CARTESIAN_POINT('',(-30.67,14.075,-10.3));
#1679 = VECTOR('',#1680,1.);
#1680 = DIRECTION('',(-1.,-0.,0.));
#1681 = ORIENTED_EDGE('',*,*,#1682,.F.);
#1682 = EDGE_CURVE('',#1683,#1675,#1685,.T.);
#1683 = VERTEX_POINT('',#1684);
#1684 = CARTESIAN_POINT('',(-16.405,12.7,-10.3));
#1685 = CIRCLE('',#1686,1.375);
#1686 = AXIS2_PLACEMENT_3D('',#1687,#1688,#1689);
#1687 = CARTESIAN_POINT('',(-17.78,12.7,-10.3));
#1688 = DIRECTION('',(0.,0.,1.));
#1689 = DIRECTION('',(1.,0.,-0.));
#1690 = ORIENTED_EDGE('',*,*,#1691,.F.);
#1691 = EDGE_CURVE('',#1692,#1683,#1694,.T.);
#1692 = VERTEX_POINT('',#1693);
#1693 = CARTESIAN_POINT('',(-17.78,11.325,-10.3));
#1694 = CIRCLE('',#1695,1.375);
#1695 = AXIS2_PLACEMENT_3D('',#1696,#1697,#1698);
#1696 = CARTESIAN_POINT('',(-17.78,12.7,-10.3));
#1697 = DIRECTION('',(0.,0.,1.));
#1698 = DIRECTION('',(1.,0.,-0.));
#1699 = ORIENTED_EDGE('',*,*,#1700,.T.);
#1700 = EDGE_CURVE('',#1692,#1666,#1701,.T.);
#1701 = LINE('',#1702,#1703);
#1702 = CARTESIAN_POINT('',(-30.67,11.325,-10.3));
#1703 = VECTOR('',#1704,1.);
#1704 = DIRECTION('',(-1.,-0.,0.));
#1705 = FACE_BOUND('',#1706,.T.);
#1706 = EDGE_LOOP('',(#1707,#1718,#1726,#1735,#1744));
#1707 = ORIENTED_EDGE('',*,*,#1708,.F.);
#1708 = EDGE_CURVE('',#1709,#1711,#1713,.T.);
#1709 = VERTEX_POINT('',#1710);
#1710 = CARTESIAN_POINT('',(-27.94,19.155,-10.3));
#1711 = VERTEX_POINT('',#1712);
#1712 = CARTESIAN_POINT('',(-27.94,16.405,-10.3));
#1713 = CIRCLE('',#1714,1.375);
#1714 = AXIS2_PLACEMENT_3D('',#1715,#1716,#1717);
#1715 = CARTESIAN_POINT('',(-27.94,17.78,-10.3));
#1716 = DIRECTION('',(0.,0.,1.));
#1717 = DIRECTION('',(1.,0.,-0.));
#1718 = ORIENTED_EDGE('',*,*,#1719,.F.);
#1719 = EDGE_CURVE('',#1720,#1709,#1722,.T.);
#1720 = VERTEX_POINT('',#1721);
#1721 = CARTESIAN_POINT('',(-22.86,19.155,-10.3));
#1722 = LINE('',#1723,#1724);
#1723 = CARTESIAN_POINT('',(-33.21,19.155,-10.3));
#1724 = VECTOR('',#1725,1.);
#1725 = DIRECTION('',(-1.,-0.,0.));
#1726 = ORIENTED_EDGE('',*,*,#1727,.F.);
#1727 = EDGE_CURVE('',#1728,#1720,#1730,.T.);
#1728 = VERTEX_POINT('',#1729);
#1729 = CARTESIAN_POINT('',(-21.485,17.78,-10.3));
#1730 = CIRCLE('',#1731,1.375);
#1731 = AXIS2_PLACEMENT_3D('',#1732,#1733,#1734);
#1732 = CARTESIAN_POINT('',(-22.86,17.78,-10.3));
#1733 = DIRECTION('',(0.,0.,1.));
#1734 = DIRECTION('',(1.,0.,-0.));
#1735 = ORIENTED_EDGE('',*,*,#1736,.F.);
#1736 = EDGE_CURVE('',#1737,#1728,#1739,.T.);
#1737 = VERTEX_POINT('',#1738);
#1738 = CARTESIAN_POINT('',(-22.86,16.405,-10.3));
#1739 = CIRCLE('',#1740,1.375);
#1740 = AXIS2_PLACEMENT_3D('',#1741,#1742,#1743);
#1741 = CARTESIAN_POINT('',(-22.86,17.78,-10.3));
#1742 = DIRECTION('',(0.,0.,1.));
#1743 = DIRECTION('',(1.,0.,-0.));
#1744 = ORIENTED_EDGE('',*,*,#1745,.T.);
#1745 = EDGE_CURVE('',#1737,#1711,#1746,.T.);
#1746 = LINE('',#1747,#1748);
#1747 = CARTESIAN_POINT('',(-33.21,16.405,-10.3));
#1748 = VECTOR('',#1749,1.);
#1749 = DIRECTION('',(-1.,-0.,0.));
#1750 = FACE_BOUND('',#1751,.T.);
#1751 = EDGE_LOOP('',(#1752,#1763,#1771,#1780,#1789));
#1752 = ORIENTED_EDGE('',*,*,#1753,.F.);
#1753 = EDGE_CURVE('',#1754,#1756,#1758,.T.);
#1754 = VERTEX_POINT('',#1755);
#1755 = CARTESIAN_POINT('',(-12.7,3.915,-10.3));
#1756 = VERTEX_POINT('',#1757);
#1757 = CARTESIAN_POINT('',(-12.7,1.165,-10.3));
#1758 = CIRCLE('',#1759,1.375);
#1759 = AXIS2_PLACEMENT_3D('',#1760,#1761,#1762);
#1760 = CARTESIAN_POINT('',(-12.7,2.54,-10.3));
#1761 = DIRECTION('',(0.,0.,1.));
#1762 = DIRECTION('',(1.,0.,-0.));
#1763 = ORIENTED_EDGE('',*,*,#1764,.F.);
#1764 = EDGE_CURVE('',#1765,#1754,#1767,.T.);
#1765 = VERTEX_POINT('',#1766);
#1766 = CARTESIAN_POINT('',(-7.62,3.915,-10.3));
#1767 = LINE('',#1768,#1769);
#1768 = CARTESIAN_POINT('',(-25.59,3.915,-10.3));
#1769 = VECTOR('',#1770,1.);
#1770 = DIRECTION('',(-1.,-0.,0.));
#1771 = ORIENTED_EDGE('',*,*,#1772,.F.);
#1772 = EDGE_CURVE('',#1773,#1765,#1775,.T.);
#1773 = VERTEX_POINT('',#1774);
#1774 = CARTESIAN_POINT('',(-6.245,2.54,-10.3));
#1775 = CIRCLE('',#1776,1.375);
#1776 = AXIS2_PLACEMENT_3D('',#1777,#1778,#1779);
#1777 = CARTESIAN_POINT('',(-7.62,2.54,-10.3));
#1778 = DIRECTION('',(0.,0.,1.));
#1779 = DIRECTION('',(1.,0.,-0.));
#1780 = ORIENTED_EDGE('',*,*,#1781,.F.);
#1781 = EDGE_CURVE('',#1782,#1773,#1784,.T.);
#1782 = VERTEX_POINT('',#1783);
#1783 = CARTESIAN_POINT('',(-7.62,1.165,-10.3));
#1784 = CIRCLE('',#1785,1.375);
#1785 = AXIS2_PLACEMENT_3D('',#1786,#1787,#1788);
#1786 = CARTESIAN_POINT('',(-7.62,2.54,-10.3));
#1787 = DIRECTION('',(0.,0.,1.));
#1788 = DIRECTION('',(1.,0.,-0.));
#1789 = ORIENTED_EDGE('',*,*,#1790,.T.);
#1790 = EDGE_CURVE('',#1782,#1756,#1791,.T.);
#1791 = LINE('',#1792,#1793);
#1792 = CARTESIAN_POINT('',(-25.59,1.165,-10.3));
#1793 = VECTOR('',#1794,1.);
#1794 = DIRECTION('',(-1.,-0.,0.));
#1795 = FACE_BOUND('',#1796,.T.);
#1796 = EDGE_LOOP('',(#1797,#1808,#1816,#1825));
#1797 = ORIENTED_EDGE('',*,*,#1798,.F.);
#1798 = EDGE_CURVE('',#1799,#1801,#1803,.T.);
#1799 = VERTEX_POINT('',#1800);
#1800 = CARTESIAN_POINT('',(-16.405,7.62,-10.3));
#1801 = VERTEX_POINT('',#1802);
#1802 = CARTESIAN_POINT('',(-19.155,7.62,-10.3));
#1803 = CIRCLE('',#1804,1.375);
#1804 = AXIS2_PLACEMENT_3D('',#1805,#1806,#1807);
#1805 = CARTESIAN_POINT('',(-17.78,7.62,-10.3));
#1806 = DIRECTION('',(0.,0.,1.));
#1807 = DIRECTION('',(1.,0.,-0.));
#1808 = ORIENTED_EDGE('',*,*,#1809,.F.);
#1809 = EDGE_CURVE('',#1810,#1799,#1812,.T.);
#1810 = VERTEX_POINT('',#1811);
#1811 = CARTESIAN_POINT('',(-16.405,2.54,-10.3));
#1812 = LINE('',#1813,#1814);
#1813 = CARTESIAN_POINT('',(-16.405,-17.97,-10.3));
#1814 = VECTOR('',#1815,1.);
#1815 = DIRECTION('',(-0.,1.,0.));
#1816 = ORIENTED_EDGE('',*,*,#1817,.F.);
#1817 = EDGE_CURVE('',#1818,#1810,#1820,.T.);
#1818 = VERTEX_POINT('',#1819);
#1819 = CARTESIAN_POINT('',(-19.155,2.54,-10.3));
#1820 = CIRCLE('',#1821,1.375);
#1821 = AXIS2_PLACEMENT_3D('',#1822,#1823,#1824);
#1822 = CARTESIAN_POINT('',(-17.78,2.54,-10.3));
#1823 = DIRECTION('',(0.,0.,1.));
#1824 = DIRECTION('',(1.,0.,-0.));
#1825 = ORIENTED_EDGE('',*,*,#1826,.T.);
#1826 = EDGE_CURVE('',#1818,#1801,#1827,.T.);
#1827 = LINE('',#1828,#1829);
#1828 = CARTESIAN_POINT('',(-19.155,-17.97,-10.3));
#1829 = VECTOR('',#1830,1.);
#1830 = DIRECTION('',(-0.,1.,0.));
#1831 = FACE_BOUND('',#1832,.T.);
#1832 = EDGE_LOOP('',(#1833));
#1833 = ORIENTED_EDGE('',*,*,#1834,.F.);
#1834 = EDGE_CURVE('',#1835,#1835,#1837,.T.);
#1835 = VERTEX_POINT('',#1836);
#1836 = CARTESIAN_POINT('',(-6.245,7.62,-10.3));
#1837 = CIRCLE('',#1838,1.375);
#1838 = AXIS2_PLACEMENT_3D('',#1839,#1840,#1841);
#1839 = CARTESIAN_POINT('',(-7.62,7.62,-10.3));
#1840 = DIRECTION('',(0.,0.,1.));
#1841 = DIRECTION('',(1.,0.,-0.));
#1842 = FACE_BOUND('',#1843,.T.);
#1843 = EDGE_LOOP('',(#1844,#1855,#1863,#1872));
#1844 = ORIENTED_EDGE('',*,*,#1845,.F.);
#1845 = EDGE_CURVE('',#1846,#1848,#1850,.T.);
#1846 = VERTEX_POINT('',#1847);
#1847 = CARTESIAN_POINT('',(-1.165,7.62,-10.3));
#1848 = VERTEX_POINT('',#1849);
#1849 = CARTESIAN_POINT('',(-3.915,7.62,-10.3));
#1850 = CIRCLE('',#1851,1.375);
#1851 = AXIS2_PLACEMENT_3D('',#1852,#1853,#1854);
#1852 = CARTESIAN_POINT('',(-2.54,7.62,-10.3));
#1853 = DIRECTION('',(0.,0.,1.));
#1854 = DIRECTION('',(1.,0.,-0.));
#1855 = ORIENTED_EDGE('',*,*,#1856,.F.);
#1856 = EDGE_CURVE('',#1857,#1846,#1859,.T.);
#1857 = VERTEX_POINT('',#1858);
#1858 = CARTESIAN_POINT('',(-1.165,2.54,-10.3));
#1859 = LINE('',#1860,#1861);
#1860 = CARTESIAN_POINT('',(-1.165,-17.97,-10.3));
#1861 = VECTOR('',#1862,1.);
#1862 = DIRECTION('',(-0.,1.,0.));
#1863 = ORIENTED_EDGE('',*,*,#1864,.F.);
#1864 = EDGE_CURVE('',#1865,#1857,#1867,.T.);
#1865 = VERTEX_POINT('',#1866);
#1866 = CARTESIAN_POINT('',(-3.915,2.54,-10.3));
#1867 = CIRCLE('',#1868,1.375);
#1868 = AXIS2_PLACEMENT_3D('',#1869,#1870,#1871);
#1869 = CARTESIAN_POINT('',(-2.54,2.54,-10.3));
#1870 = DIRECTION('',(0.,0.,1.));
#1871 = DIRECTION('',(1.,0.,-0.));
#1872 = ORIENTED_EDGE('',*,*,#1873,.T.);
#1873 = EDGE_CURVE('',#1865,#1848,#1874,.T.);
#1874 = LINE('',#1875,#1876);
#1875 = CARTESIAN_POINT('',(-3.915,-17.97,-10.3));
#1876 = VECTOR('',#1877,1.);
#1877 = DIRECTION('',(-0.,1.,0.));
#1878 = FACE_BOUND('',#1879,.T.);
#1879 = EDGE_LOOP('',(#1880,#1891,#1899,#1908));
#1880 = ORIENTED_EDGE('',*,*,#1881,.F.);
#1881 = EDGE_CURVE('',#1882,#1884,#1886,.T.);
#1882 = VERTEX_POINT('',#1883);
#1883 = CARTESIAN_POINT('',(-11.325,12.7,-10.3));
#1884 = VERTEX_POINT('',#1885);
#1885 = CARTESIAN_POINT('',(-14.075,12.7,-10.3));
#1886 = CIRCLE('',#1887,1.375);
#1887 = AXIS2_PLACEMENT_3D('',#1888,#1889,#1890);
#1888 = CARTESIAN_POINT('',(-12.7,12.7,-10.3));
#1889 = DIRECTION('',(0.,0.,1.));
#1890 = DIRECTION('',(1.,0.,-0.));
#1891 = ORIENTED_EDGE('',*,*,#1892,.F.);
#1892 = EDGE_CURVE('',#1893,#1882,#1895,.T.);
#1893 = VERTEX_POINT('',#1894);
#1894 = CARTESIAN_POINT('',(-11.325,7.62,-10.3));
#1895 = LINE('',#1896,#1897);
#1896 = CARTESIAN_POINT('',(-11.325,-15.43,-10.3));
#1897 = VECTOR('',#1898,1.);
#1898 = DIRECTION('',(-0.,1.,0.));
#1899 = ORIENTED_EDGE('',*,*,#1900,.F.);
#1900 = EDGE_CURVE('',#1901,#1893,#1903,.T.);
#1901 = VERTEX_POINT('',#1902);
#1902 = CARTESIAN_POINT('',(-14.075,7.62,-10.3));
#1903 = CIRCLE('',#1904,1.375);
#1904 = AXIS2_PLACEMENT_3D('',#1905,#1906,#1907);
#1905 = CARTESIAN_POINT('',(-12.7,7.62,-10.3));
#1906 = DIRECTION('',(0.,0.,1.));
#1907 = DIRECTION('',(1.,0.,-0.));
#1908 = ORIENTED_EDGE('',*,*,#1909,.T.);
#1909 = EDGE_CURVE('',#1901,#1884,#1910,.T.);
#1910 = LINE('',#1911,#1912);
#1911 = CARTESIAN_POINT('',(-14.075,-15.43,-10.3));
#1912 = VECTOR('',#1913,1.);
#1913 = DIRECTION('',(-0.,1.,0.));
#1914 = FACE_BOUND('',#1915,.T.);
#1915 = EDGE_LOOP('',(#1916,#1927,#1935,#1944,#1953));
#1916 = ORIENTED_EDGE('',*,*,#1917,.F.);
#1917 = EDGE_CURVE('',#1918,#1920,#1922,.T.);
#1918 = VERTEX_POINT('',#1919);
#1919 = CARTESIAN_POINT('',(-12.7,19.155,-10.3));
#1920 = VERTEX_POINT('',#1921);
#1921 = CARTESIAN_POINT('',(-12.7,16.405,-10.3));
#1922 = CIRCLE('',#1923,1.375);
#1923 = AXIS2_PLACEMENT_3D('',#1924,#1925,#1926);
#1924 = CARTESIAN_POINT('',(-12.7,17.78,-10.3));
#1925 = DIRECTION('',(0.,0.,1.));
#1926 = DIRECTION('',(1.,0.,-0.));
#1927 = ORIENTED_EDGE('',*,*,#1928,.F.);
#1928 = EDGE_CURVE('',#1929,#1918,#1931,.T.);
#1929 = VERTEX_POINT('',#1930);
#1930 = CARTESIAN_POINT('',(-7.62,19.155,-10.3));
#1931 = LINE('',#1932,#1933);
#1932 = CARTESIAN_POINT('',(-25.59,19.155,-10.3));
#1933 = VECTOR('',#1934,1.);
#1934 = DIRECTION('',(-1.,-0.,0.));
#1935 = ORIENTED_EDGE('',*,*,#1936,.F.);
#1936 = EDGE_CURVE('',#1937,#1929,#1939,.T.);
#1937 = VERTEX_POINT('',#1938);
#1938 = CARTESIAN_POINT('',(-6.245,17.78,-10.3));
#1939 = CIRCLE('',#1940,1.375);
#1940 = AXIS2_PLACEMENT_3D('',#1941,#1942,#1943);
#1941 = CARTESIAN_POINT('',(-7.62,17.78,-10.3));
#1942 = DIRECTION('',(0.,0.,1.));
#1943 = DIRECTION('',(1.,0.,-0.));
#1944 = ORIENTED_EDGE('',*,*,#1945,.F.);
#1945 = EDGE_CURVE('',#1946,#1937,#1948,.T.);
#1946 = VERTEX_POINT('',#1947);
#1947 = CARTESIAN_POINT('',(-7.62,16.405,-10.3));
#1948 = CIRCLE('',#1949,1.375);
#1949 = AXIS2_PLACEMENT_3D('',#1950,#1951,#1952);
#1950 = CARTESIAN_POINT('',(-7.62,17.78,-10.3));
#1951 = DIRECTION('',(0.,0.,1.));
#1952 = DIRECTION('',(1.,0.,-0.));
#1953 = ORIENTED_EDGE('',*,*,#1954,.T.);
#1954 = EDGE_CURVE('',#1946,#1920,#1955,.T.);
#1955 = LINE('',#1956,#1957);
#1956 = CARTESIAN_POINT('',(-25.59,16.405,-10.3));
#1957 = VECTOR('',#1958,1.);
#1958 = DIRECTION('',(-1.,-0.,0.));
#1959 = FACE_BOUND('',#1960,.T.);
#1960 = EDGE_LOOP('',(#1961,#1972,#1980,#1989,#1998));
#1961 = ORIENTED_EDGE('',*,*,#1962,.F.);
#1962 = EDGE_CURVE('',#1963,#1965,#1967,.T.);
#1963 = VERTEX_POINT('',#1964);
#1964 = CARTESIAN_POINT('',(-7.62,14.075,-10.3));
#1965 = VERTEX_POINT('',#1966);
#1966 = CARTESIAN_POINT('',(-7.62,11.325,-10.3));
#1967 = CIRCLE('',#1968,1.375);
#1968 = AXIS2_PLACEMENT_3D('',#1969,#1970,#1971);
#1969 = CARTESIAN_POINT('',(-7.62,12.7,-10.3));
#1970 = DIRECTION('',(0.,0.,1.));
#1971 = DIRECTION('',(1.,0.,-0.));
#1972 = ORIENTED_EDGE('',*,*,#1973,.F.);
#1973 = EDGE_CURVE('',#1974,#1963,#1976,.T.);
#1974 = VERTEX_POINT('',#1975);
#1975 = CARTESIAN_POINT('',(-2.54,14.075,-10.3));
#1976 = LINE('',#1977,#1978);
#1977 = CARTESIAN_POINT('',(-23.05,14.075,-10.3));
#1978 = VECTOR('',#1979,1.);
#1979 = DIRECTION('',(-1.,-0.,0.));
#1980 = ORIENTED_EDGE('',*,*,#1981,.F.);
#1981 = EDGE_CURVE('',#1982,#1974,#1984,.T.);
#1982 = VERTEX_POINT('',#1983);
#1983 = CARTESIAN_POINT('',(-1.165,12.7,-10.3));
#1984 = CIRCLE('',#1985,1.375);
#1985 = AXIS2_PLACEMENT_3D('',#1986,#1987,#1988);
#1986 = CARTESIAN_POINT('',(-2.54,12.7,-10.3));
#1987 = DIRECTION('',(0.,0.,1.));
#1988 = DIRECTION('',(1.,0.,-0.));
#1989 = ORIENTED_EDGE('',*,*,#1990,.F.);
#1990 = EDGE_CURVE('',#1991,#1982,#1993,.T.);
#1991 = VERTEX_POINT('',#1992);
#1992 = CARTESIAN_POINT('',(-2.54,11.325,-10.3));
#1993 = CIRCLE('',#1994,1.375);
#1994 = AXIS2_PLACEMENT_3D('',#1995,#1996,#1997);
#1995 = CARTESIAN_POINT('',(-2.54,12.7,-10.3));
#1996 = DIRECTION('',(0.,0.,1.));
#1997 = DIRECTION('',(1.,0.,-0.));
#1998 = ORIENTED_EDGE('',*,*,#1999,.T.);
#1999 = EDGE_CURVE('',#1991,#1965,#2000,.T.);
#2000 = LINE('',#2001,#2002);
#2001 = CARTESIAN_POINT('',(-23.05,11.325,-10.3));
#2002 = VECTOR('',#2003,1.);
#2003 = DIRECTION('',(-1.,-0.,0.));
#2004 = FACE_BOUND('',#2005,.T.);
#2005 = EDGE_LOOP('',(#2006,#2017,#2025,#2034));
#2006 = ORIENTED_EDGE('',*,*,#2007,.F.);
#2007 = EDGE_CURVE('',#2008,#2010,#2012,.T.);
#2008 = VERTEX_POINT('',#2009);
#2009 = CARTESIAN_POINT('',(-26.565,27.94,-10.3));
#2010 = VERTEX_POINT('',#2011);
#2011 = CARTESIAN_POINT('',(-29.315,27.94,-10.3));
#2012 = CIRCLE('',#2013,1.375);
#2013 = AXIS2_PLACEMENT_3D('',#2014,#2015,#2016);
#2014 = CARTESIAN_POINT('',(-27.94,27.94,-10.3));
#2015 = DIRECTION('',(0.,0.,1.));
#2016 = DIRECTION('',(1.,0.,-0.));
#2017 = ORIENTED_EDGE('',*,*,#2018,.F.);
#2018 = EDGE_CURVE('',#2019,#2008,#2021,.T.);
#2019 = VERTEX_POINT('',#2020);
#2020 = CARTESIAN_POINT('',(-26.565,22.86,-10.3));
#2021 = LINE('',#2022,#2023);
#2022 = CARTESIAN_POINT('',(-26.565,-7.81,-10.3));
#2023 = VECTOR('',#2024,1.);
#2024 = DIRECTION('',(-0.,1.,0.));
#2025 = ORIENTED_EDGE('',*,*,#2026,.F.);
#2026 = EDGE_CURVE('',#2027,#2019,#2029,.T.);
#2027 = VERTEX_POINT('',#2028);
#2028 = CARTESIAN_POINT('',(-29.315,22.86,-10.3));
#2029 = CIRCLE('',#2030,1.375);
#2030 = AXIS2_PLACEMENT_3D('',#2031,#2032,#2033);
#2031 = CARTESIAN_POINT('',(-27.94,22.86,-10.3));
#2032 = DIRECTION('',(0.,0.,1.));
#2033 = DIRECTION('',(1.,0.,-0.));
#2034 = ORIENTED_EDGE('',*,*,#2035,.T.);
#2035 = EDGE_CURVE('',#2027,#2010,#2036,.T.);
#2036 = LINE('',#2037,#2038);
#2037 = CARTESIAN_POINT('',(-29.315,-7.81,-10.3));
#2038 = VECTOR('',#2039,1.);
#2039 = DIRECTION('',(-0.,1.,0.));
#2040 = FACE_BOUND('',#2041,.T.);
#2041 = EDGE_LOOP('',(#2042));
#2042 = ORIENTED_EDGE('',*,*,#2043,.F.);
#2043 = EDGE_CURVE('',#2044,#2044,#2046,.T.);
#2044 = VERTEX_POINT('',#2045);
#2045 = CARTESIAN_POINT('',(-21.485,22.86,-10.3));
#2046 = CIRCLE('',#2047,1.375);
#2047 = AXIS2_PLACEMENT_3D('',#2048,#2049,#2050);
#2048 = CARTESIAN_POINT('',(-22.86,22.86,-10.3));
#2049 = DIRECTION('',(0.,0.,1.));
#2050 = DIRECTION('',(1.,0.,-0.));
#2051 = FACE_BOUND('',#2052,.T.);
#2052 = EDGE_LOOP('',(#2053,#2064,#2072,#2081,#2090));
#2053 = ORIENTED_EDGE('',*,*,#2054,.F.);
#2054 = EDGE_CURVE('',#2055,#2057,#2059,.T.);
#2055 = VERTEX_POINT('',#2056);
#2056 = CARTESIAN_POINT('',(-22.86,29.315,-10.3));
#2057 = VERTEX_POINT('',#2058);
#2058 = CARTESIAN_POINT('',(-22.86,26.565,-10.3));
#2059 = CIRCLE('',#2060,1.375);
#2060 = AXIS2_PLACEMENT_3D('',#2061,#2062,#2063);
#2061 = CARTESIAN_POINT('',(-22.86,27.94,-10.3));
#2062 = DIRECTION('',(0.,0.,1.));
#2063 = DIRECTION('',(1.,0.,-0.));
#2064 = ORIENTED_EDGE('',*,*,#2065,.F.);
#2065 = EDGE_CURVE('',#2066,#2055,#2068,.T.);
#2066 = VERTEX_POINT('',#2067);
#2067 = CARTESIAN_POINT('',(-17.78,29.315,-10.3));
#2068 = LINE('',#2069,#2070);
#2069 = CARTESIAN_POINT('',(-30.67,29.315,-10.3));
#2070 = VECTOR('',#2071,1.);
#2071 = DIRECTION('',(-1.,-0.,0.));
#2072 = ORIENTED_EDGE('',*,*,#2073,.F.);
#2073 = EDGE_CURVE('',#2074,#2066,#2076,.T.);
#2074 = VERTEX_POINT('',#2075);
#2075 = CARTESIAN_POINT('',(-16.405,27.94,-10.3));
#2076 = CIRCLE('',#2077,1.375);
#2077 = AXIS2_PLACEMENT_3D('',#2078,#2079,#2080);
#2078 = CARTESIAN_POINT('',(-17.78,27.94,-10.3));
#2079 = DIRECTION('',(0.,0.,1.));
#2080 = DIRECTION('',(1.,0.,-0.));
#2081 = ORIENTED_EDGE('',*,*,#2082,.F.);
#2082 = EDGE_CURVE('',#2083,#2074,#2085,.T.);
#2083 = VERTEX_POINT('',#2084);
#2084 = CARTESIAN_POINT('',(-17.78,26.565,-10.3));
#2085 = CIRCLE('',#2086,1.375);
#2086 = AXIS2_PLACEMENT_3D('',#2087,#2088,#2089);
#2087 = CARTESIAN_POINT('',(-17.78,27.94,-10.3));
#2088 = DIRECTION('',(0.,0.,1.));
#2089 = DIRECTION('',(1.,0.,-0.));
#2090 = ORIENTED_EDGE('',*,*,#2091,.T.);
#2091 = EDGE_CURVE('',#2083,#2057,#2092,.T.);
#2092 = LINE('',#2093,#2094);
#2093 = CARTESIAN_POINT('',(-30.67,26.565,-10.3));
#2094 = VECTOR('',#2095,1.);
#2095 = DIRECTION('',(-1.,-0.,0.));
#2096 = FACE_BOUND('',#2097,.T.);
#2097 = EDGE_LOOP('',(#2098,#2109,#2117,#2126));
#2098 = ORIENTED_EDGE('',*,*,#2099,.F.);
#2099 = EDGE_CURVE('',#2100,#2102,#2104,.T.);
#2100 = VERTEX_POINT('',#2101);
#2101 = CARTESIAN_POINT('',(-16.405,22.86,-10.3));
#2102 = VERTEX_POINT('',#2103);
#2103 = CARTESIAN_POINT('',(-19.155,22.86,-10.3));
#2104 = CIRCLE('',#2105,1.375);
#2105 = AXIS2_PLACEMENT_3D('',#2106,#2107,#2108);
#2106 = CARTESIAN_POINT('',(-17.78,22.86,-10.3));
#2107 = DIRECTION('',(0.,0.,1.));
#2108 = DIRECTION('',(1.,0.,-0.));
#2109 = ORIENTED_EDGE('',*,*,#2110,.F.);
#2110 = EDGE_CURVE('',#2111,#2100,#2113,.T.);
#2111 = VERTEX_POINT('',#2112);
#2112 = CARTESIAN_POINT('',(-16.405,17.78,-10.3));
#2113 = LINE('',#2114,#2115);
#2114 = CARTESIAN_POINT('',(-16.405,-10.35,-10.3));
#2115 = VECTOR('',#2116,1.);
#2116 = DIRECTION('',(-0.,1.,0.));
#2117 = ORIENTED_EDGE('',*,*,#2118,.F.);
#2118 = EDGE_CURVE('',#2119,#2111,#2121,.T.);
#2119 = VERTEX_POINT('',#2120);
#2120 = CARTESIAN_POINT('',(-19.155,17.78,-10.3));
#2121 = CIRCLE('',#2122,1.375);
#2122 = AXIS2_PLACEMENT_3D('',#2123,#2124,#2125);
#2123 = CARTESIAN_POINT('',(-17.78,17.78,-10.3));
#2124 = DIRECTION('',(0.,0.,1.));
#2125 = DIRECTION('',(1.,0.,-0.));
#2126 = ORIENTED_EDGE('',*,*,#2127,.T.);
#2127 = EDGE_CURVE('',#2119,#2102,#2128,.T.);
#2128 = LINE('',#2129,#2130);
#2129 = CARTESIAN_POINT('',(-19.155,-10.35,-10.3));
#2130 = VECTOR('',#2131,1.);
#2131 = DIRECTION('',(-0.,1.,0.));
#2132 = FACE_BOUND('',#2133,.T.);
#2133 = EDGE_LOOP('',(#2134,#2145,#2153,#2162));
#2134 = ORIENTED_EDGE('',*,*,#2135,.F.);
#2135 = EDGE_CURVE('',#2136,#2138,#2140,.T.);
#2136 = VERTEX_POINT('',#2137);
#2137 = CARTESIAN_POINT('',(-11.325,27.94,-10.3));
#2138 = VERTEX_POINT('',#2139);
#2139 = CARTESIAN_POINT('',(-14.075,27.94,-10.3));
#2140 = CIRCLE('',#2141,1.375);
#2141 = AXIS2_PLACEMENT_3D('',#2142,#2143,#2144);
#2142 = CARTESIAN_POINT('',(-12.7,27.94,-10.3));
#2143 = DIRECTION('',(0.,0.,1.));
#2144 = DIRECTION('',(1.,0.,-0.));
#2145 = ORIENTED_EDGE('',*,*,#2146,.F.);
#2146 = EDGE_CURVE('',#2147,#2136,#2149,.T.);
#2147 = VERTEX_POINT('',#2148);
#2148 = CARTESIAN_POINT('',(-11.325,22.86,-10.3));
#2149 = LINE('',#2150,#2151);
#2150 = CARTESIAN_POINT('',(-11.325,-7.81,-10.3));
#2151 = VECTOR('',#2152,1.);
#2152 = DIRECTION('',(-0.,1.,0.));
#2153 = ORIENTED_EDGE('',*,*,#2154,.F.);
#2154 = EDGE_CURVE('',#2155,#2147,#2157,.T.);
#2155 = VERTEX_POINT('',#2156);
#2156 = CARTESIAN_POINT('',(-14.075,22.86,-10.3));
#2157 = CIRCLE('',#2158,1.375);
#2158 = AXIS2_PLACEMENT_3D('',#2159,#2160,#2161);
#2159 = CARTESIAN_POINT('',(-12.7,22.86,-10.3));
#2160 = DIRECTION('',(0.,0.,1.));
#2161 = DIRECTION('',(1.,0.,-0.));
#2162 = ORIENTED_EDGE('',*,*,#2163,.T.);
#2163 = EDGE_CURVE('',#2155,#2138,#2164,.T.);
#2164 = LINE('',#2165,#2166);
#2165 = CARTESIAN_POINT('',(-14.075,-7.81,-10.3));
#2166 = VECTOR('',#2167,1.);
#2167 = DIRECTION('',(-0.,1.,0.));
#2168 = FACE_BOUND('',#2169,.T.);
#2169 = EDGE_LOOP('',(#2170,#2181,#2189,#2198));
#2170 = ORIENTED_EDGE('',*,*,#2171,.F.);
#2171 = EDGE_CURVE('',#2172,#2174,#2176,.T.);
#2172 = VERTEX_POINT('',#2173);
#2173 = CARTESIAN_POINT('',(-1.165,22.86,-10.3));
#2174 = VERTEX_POINT('',#2175);
#2175 = CARTESIAN_POINT('',(-3.915,22.86,-10.3));
#2176 = CIRCLE('',#2177,1.375);
#2177 = AXIS2_PLACEMENT_3D('',#2178,#2179,#2180);
#2178 = CARTESIAN_POINT('',(-2.54,22.86,-10.3));
#2179 = DIRECTION('',(0.,0.,1.));
#2180 = DIRECTION('',(1.,0.,-0.));
#2181 = ORIENTED_EDGE('',*,*,#2182,.F.);
#2182 = EDGE_CURVE('',#2183,#2172,#2185,.T.);
#2183 = VERTEX_POINT('',#2184);
#2184 = CARTESIAN_POINT('',(-1.165,17.78,-10.3));
#2185 = LINE('',#2186,#2187);
#2186 = CARTESIAN_POINT('',(-1.165,-10.35,-10.3));
#2187 = VECTOR('',#2188,1.);
#2188 = DIRECTION('',(-0.,1.,0.));
#2189 = ORIENTED_EDGE('',*,*,#2190,.F.);
#2190 = EDGE_CURVE('',#2191,#2183,#2193,.T.);
#2191 = VERTEX_POINT('',#2192);
#2192 = CARTESIAN_POINT('',(-3.915,17.78,-10.3));
#2193 = CIRCLE('',#2194,1.375);
#2194 = AXIS2_PLACEMENT_3D('',#2195,#2196,#2197);
#2195 = CARTESIAN_POINT('',(-2.54,17.78,-10.3));
#2196 = DIRECTION('',(0.,0.,1.));
#2197 = DIRECTION('',(1.,0.,-0.));
#2198 = ORIENTED_EDGE('',*,*,#2199,.T.);
#2199 = EDGE_CURVE('',#2191,#2174,#2200,.T.);
#2200 = LINE('',#2201,#2202);
#2201 = CARTESIAN_POINT('',(-3.915,-10.35,-10.3));
#2202 = VECTOR('',#2203,1.);
#2203 = DIRECTION('',(-0.,1.,0.));
#2204 = FACE_BOUND('',#2205,.T.);
#2205 = EDGE_LOOP('',(#2206));
#2206 = ORIENTED_EDGE('',*,*,#2207,.F.);
#2207 = EDGE_CURVE('',#2208,#2208,#2210,.T.);
#2208 = VERTEX_POINT('',#2209);
#2209 = CARTESIAN_POINT('',(-6.245,22.86,-10.3));
#2210 = CIRCLE('',#2211,1.375);
#2211 = AXIS2_PLACEMENT_3D('',#2212,#2213,#2214);
#2212 = CARTESIAN_POINT('',(-7.62,22.86,-10.3));
#2213 = DIRECTION('',(0.,0.,1.));
#2214 = DIRECTION('',(1.,0.,-0.));
#2215 = FACE_BOUND('',#2216,.T.);
#2216 = EDGE_LOOP('',(#2217,#2228,#2236,#2245,#2254));
#2217 = ORIENTED_EDGE('',*,*,#2218,.F.);
#2218 = EDGE_CURVE('',#2219,#2221,#2223,.T.);
#2219 = VERTEX_POINT('',#2220);
#2220 = CARTESIAN_POINT('',(-7.62,29.315,-10.3));
#2221 = VERTEX_POINT('',#2222);
#2222 = CARTESIAN_POINT('',(-7.62,26.565,-10.3));
#2223 = CIRCLE('',#2224,1.375);
#2224 = AXIS2_PLACEMENT_3D('',#2225,#2226,#2227);
#2225 = CARTESIAN_POINT('',(-7.62,27.94,-10.3));
#2226 = DIRECTION('',(0.,0.,1.));
#2227 = DIRECTION('',(1.,0.,-0.));
#2228 = ORIENTED_EDGE('',*,*,#2229,.F.);
#2229 = EDGE_CURVE('',#2230,#2219,#2232,.T.);
#2230 = VERTEX_POINT('',#2231);
#2231 = CARTESIAN_POINT('',(-2.54,29.315,-10.3));
#2232 = LINE('',#2233,#2234);
#2233 = CARTESIAN_POINT('',(-23.05,29.315,-10.3));
#2234 = VECTOR('',#2235,1.);
#2235 = DIRECTION('',(-1.,-0.,0.));
#2236 = ORIENTED_EDGE('',*,*,#2237,.F.);
#2237 = EDGE_CURVE('',#2238,#2230,#2240,.T.);
#2238 = VERTEX_POINT('',#2239);
#2239 = CARTESIAN_POINT('',(-1.165,27.94,-10.3));
#2240 = CIRCLE('',#2241,1.375);
#2241 = AXIS2_PLACEMENT_3D('',#2242,#2243,#2244);
#2242 = CARTESIAN_POINT('',(-2.54,27.94,-10.3));
#2243 = DIRECTION('',(0.,0.,1.));
#2244 = DIRECTION('',(1.,0.,-0.));
#2245 = ORIENTED_EDGE('',*,*,#2246,.F.);
#2246 = EDGE_CURVE('',#2247,#2238,#2249,.T.);
#2247 = VERTEX_POINT('',#2248);
#2248 = CARTESIAN_POINT('',(-2.54,26.565,-10.3));
#2249 = CIRCLE('',#2250,1.375);
#2250 = AXIS2_PLACEMENT_3D('',#2251,#2252,#2253);
#2251 = CARTESIAN_POINT('',(-2.54,27.94,-10.3));
#2252 = DIRECTION('',(0.,0.,1.));
#2253 = DIRECTION('',(1.,0.,-0.));
#2254 = ORIENTED_EDGE('',*,*,#2255,.T.);
#2255 = EDGE_CURVE('',#2247,#2221,#2256,.T.);
#2256 = LINE('',#2257,#2258);
#2257 = CARTESIAN_POINT('',(-23.05,26.565,-10.3));
#2258 = VECTOR('',#2259,1.);
#2259 = DIRECTION('',(-1.,-0.,0.));
#2260 = FACE_BOUND('',#2261,.T.);
#2261 = EDGE_LOOP('',(#2262,#2273,#2281,#2290,#2299));
#2262 = ORIENTED_EDGE('',*,*,#2263,.F.);
#2263 = EDGE_CURVE('',#2264,#2266,#2268,.T.);
#2264 = VERTEX_POINT('',#2265);
#2265 = CARTESIAN_POINT('',(2.54,3.915,-10.3));
#2266 = VERTEX_POINT('',#2267);
#2267 = CARTESIAN_POINT('',(2.54,1.165,-10.3));
#2268 = CIRCLE('',#2269,1.375);
#2269 = AXIS2_PLACEMENT_3D('',#2270,#2271,#2272);
#2270 = CARTESIAN_POINT('',(2.54,2.54,-10.3));
#2271 = DIRECTION('',(0.,0.,1.));
#2272 = DIRECTION('',(1.,0.,-0.));
#2273 = ORIENTED_EDGE('',*,*,#2274,.F.);
#2274 = EDGE_CURVE('',#2275,#2264,#2277,.T.);
#2275 = VERTEX_POINT('',#2276);
#2276 = CARTESIAN_POINT('',(7.62,3.915,-10.3));
#2277 = LINE('',#2278,#2279);
#2278 = CARTESIAN_POINT('',(-17.97,3.915,-10.3));
#2279 = VECTOR('',#2280,1.);
#2280 = DIRECTION('',(-1.,-0.,0.));
#2281 = ORIENTED_EDGE('',*,*,#2282,.F.);
#2282 = EDGE_CURVE('',#2283,#2275,#2285,.T.);
#2283 = VERTEX_POINT('',#2284);
#2284 = CARTESIAN_POINT('',(8.995,2.54,-10.3));
#2285 = CIRCLE('',#2286,1.375);
#2286 = AXIS2_PLACEMENT_3D('',#2287,#2288,#2289);
#2287 = CARTESIAN_POINT('',(7.62,2.54,-10.3));
#2288 = DIRECTION('',(0.,0.,1.));
#2289 = DIRECTION('',(1.,0.,-0.));
#2290 = ORIENTED_EDGE('',*,*,#2291,.F.);
#2291 = EDGE_CURVE('',#2292,#2283,#2294,.T.);
#2292 = VERTEX_POINT('',#2293);
#2293 = CARTESIAN_POINT('',(7.62,1.165,-10.3));
#2294 = CIRCLE('',#2295,1.375);
#2295 = AXIS2_PLACEMENT_3D('',#2296,#2297,#2298);
#2296 = CARTESIAN_POINT('',(7.62,2.54,-10.3));
#2297 = DIRECTION('',(0.,0.,1.));
#2298 = DIRECTION('',(1.,0.,-0.));
#2299 = ORIENTED_EDGE('',*,*,#2300,.T.);
#2300 = EDGE_CURVE('',#2292,#2266,#2301,.T.);
#2301 = LINE('',#2302,#2303);
#2302 = CARTESIAN_POINT('',(-17.97,1.165,-10.3));
#2303 = VECTOR('',#2304,1.);
#2304 = DIRECTION('',(-1.,-0.,0.));
#2305 = FACE_BOUND('',#2306,.T.);
#2306 = EDGE_LOOP('',(#2307));
#2307 = ORIENTED_EDGE('',*,*,#2308,.F.);
#2308 = EDGE_CURVE('',#2309,#2309,#2311,.T.);
#2309 = VERTEX_POINT('',#2310);
#2310 = CARTESIAN_POINT('',(8.995,7.62,-10.3));
#2311 = CIRCLE('',#2312,1.375);
#2312 = AXIS2_PLACEMENT_3D('',#2313,#2314,#2315);
#2313 = CARTESIAN_POINT('',(7.62,7.62,-10.3));
#2314 = DIRECTION('',(0.,0.,1.));
#2315 = DIRECTION('',(1.,0.,-0.));
#2316 = FACE_BOUND('',#2317,.T.);
#2317 = EDGE_LOOP('',(#2318,#2329,#2337,#2346));
#2318 = ORIENTED_EDGE('',*,*,#2319,.F.);
#2319 = EDGE_CURVE('',#2320,#2322,#2324,.T.);
#2320 = VERTEX_POINT('',#2321);
#2321 = CARTESIAN_POINT('',(14.075,7.62,-10.3));
#2322 = VERTEX_POINT('',#2323);
#2323 = CARTESIAN_POINT('',(11.325,7.62,-10.3));
#2324 = CIRCLE('',#2325,1.375);
#2325 = AXIS2_PLACEMENT_3D('',#2326,#2327,#2328);
#2326 = CARTESIAN_POINT('',(12.7,7.62,-10.3));
#2327 = DIRECTION('',(0.,0.,1.));
#2328 = DIRECTION('',(1.,0.,-0.));
#2329 = ORIENTED_EDGE('',*,*,#2330,.F.);
#2330 = EDGE_CURVE('',#2331,#2320,#2333,.T.);
#2331 = VERTEX_POINT('',#2332);
#2332 = CARTESIAN_POINT('',(14.075,2.54,-10.3));
#2333 = LINE('',#2334,#2335);
#2334 = CARTESIAN_POINT('',(14.075,-17.97,-10.3));
#2335 = VECTOR('',#2336,1.);
#2336 = DIRECTION('',(-0.,1.,0.));
#2337 = ORIENTED_EDGE('',*,*,#2338,.F.);
#2338 = EDGE_CURVE('',#2339,#2331,#2341,.T.);
#2339 = VERTEX_POINT('',#2340);
#2340 = CARTESIAN_POINT('',(11.325,2.54,-10.3));
#2341 = CIRCLE('',#2342,1.375);
#2342 = AXIS2_PLACEMENT_3D('',#2343,#2344,#2345);
#2343 = CARTESIAN_POINT('',(12.7,2.54,-10.3));
#2344 = DIRECTION('',(0.,0.,1.));
#2345 = DIRECTION('',(1.,0.,-0.));
#2346 = ORIENTED_EDGE('',*,*,#2347,.T.);
#2347 = EDGE_CURVE('',#2339,#2322,#2348,.T.);
#2348 = LINE('',#2349,#2350);
#2349 = CARTESIAN_POINT('',(11.325,-17.97,-10.3));
#2350 = VECTOR('',#2351,1.);
#2351 = DIRECTION('',(-0.,1.,0.));
#2352 = FACE_BOUND('',#2353,.T.);
#2353 = EDGE_LOOP('',(#2354,#2365,#2373,#2382));
#2354 = ORIENTED_EDGE('',*,*,#2355,.F.);
#2355 = EDGE_CURVE('',#2356,#2358,#2360,.T.);
#2356 = VERTEX_POINT('',#2357);
#2357 = CARTESIAN_POINT('',(3.915,12.7,-10.3));
#2358 = VERTEX_POINT('',#2359);
#2359 = CARTESIAN_POINT('',(1.165,12.7,-10.3));
#2360 = CIRCLE('',#2361,1.375);
#2361 = AXIS2_PLACEMENT_3D('',#2362,#2363,#2364);
#2362 = CARTESIAN_POINT('',(2.54,12.7,-10.3));
#2363 = DIRECTION('',(0.,0.,1.));
#2364 = DIRECTION('',(1.,0.,-0.));
#2365 = ORIENTED_EDGE('',*,*,#2366,.F.);
#2366 = EDGE_CURVE('',#2367,#2356,#2369,.T.);
#2367 = VERTEX_POINT('',#2368);
#2368 = CARTESIAN_POINT('',(3.915,7.62,-10.3));
#2369 = LINE('',#2370,#2371);
#2370 = CARTESIAN_POINT('',(3.915,-15.43,-10.3));
#2371 = VECTOR('',#2372,1.);
#2372 = DIRECTION('',(-0.,1.,0.));
#2373 = ORIENTED_EDGE('',*,*,#2374,.F.);
#2374 = EDGE_CURVE('',#2375,#2367,#2377,.T.);
#2375 = VERTEX_POINT('',#2376);
#2376 = CARTESIAN_POINT('',(1.165,7.62,-10.3));
#2377 = CIRCLE('',#2378,1.375);
#2378 = AXIS2_PLACEMENT_3D('',#2379,#2380,#2381);
#2379 = CARTESIAN_POINT('',(2.54,7.62,-10.3));
#2380 = DIRECTION('',(0.,0.,1.));
#2381 = DIRECTION('',(1.,0.,-0.));
#2382 = ORIENTED_EDGE('',*,*,#2383,.T.);
#2383 = EDGE_CURVE('',#2375,#2358,#2384,.T.);
#2384 = LINE('',#2385,#2386);
#2385 = CARTESIAN_POINT('',(1.165,-15.43,-10.3));
#2386 = VECTOR('',#2387,1.);
#2387 = DIRECTION('',(-0.,1.,0.));
#2388 = FACE_BOUND('',#2389,.T.);
#2389 = EDGE_LOOP('',(#2390,#2401,#2409,#2418,#2427));
#2390 = ORIENTED_EDGE('',*,*,#2391,.F.);
#2391 = EDGE_CURVE('',#2392,#2394,#2396,.T.);
#2392 = VERTEX_POINT('',#2393);
#2393 = CARTESIAN_POINT('',(2.54,19.155,-10.3));
#2394 = VERTEX_POINT('',#2395);
#2395 = CARTESIAN_POINT('',(2.54,16.405,-10.3));
#2396 = CIRCLE('',#2397,1.375);
#2397 = AXIS2_PLACEMENT_3D('',#2398,#2399,#2400);
#2398 = CARTESIAN_POINT('',(2.54,17.78,-10.3));
#2399 = DIRECTION('',(0.,0.,1.));
#2400 = DIRECTION('',(1.,0.,-0.));
#2401 = ORIENTED_EDGE('',*,*,#2402,.F.);
#2402 = EDGE_CURVE('',#2403,#2392,#2405,.T.);
#2403 = VERTEX_POINT('',#2404);
#2404 = CARTESIAN_POINT('',(7.62,19.155,-10.3));
#2405 = LINE('',#2406,#2407);
#2406 = CARTESIAN_POINT('',(-17.97,19.155,-10.3));
#2407 = VECTOR('',#2408,1.);
#2408 = DIRECTION('',(-1.,-0.,0.));
#2409 = ORIENTED_EDGE('',*,*,#2410,.F.);
#2410 = EDGE_CURVE('',#2411,#2403,#2413,.T.);
#2411 = VERTEX_POINT('',#2412);
#2412 = CARTESIAN_POINT('',(8.995,17.78,-10.3));
#2413 = CIRCLE('',#2414,1.375);
#2414 = AXIS2_PLACEMENT_3D('',#2415,#2416,#2417);
#2415 = CARTESIAN_POINT('',(7.62,17.78,-10.3));
#2416 = DIRECTION('',(0.,0.,1.));
#2417 = DIRECTION('',(1.,0.,-0.));
#2418 = ORIENTED_EDGE('',*,*,#2419,.F.);
#2419 = EDGE_CURVE('',#2420,#2411,#2422,.T.);
#2420 = VERTEX_POINT('',#2421);
#2421 = CARTESIAN_POINT('',(7.62,16.405,-10.3));
#2422 = CIRCLE('',#2423,1.375);
#2423 = AXIS2_PLACEMENT_3D('',#2424,#2425,#2426);
#2424 = CARTESIAN_POINT('',(7.62,17.78,-10.3));
#2425 = DIRECTION('',(0.,0.,1.));
#2426 = DIRECTION('',(1.,0.,-0.));
#2427 = ORIENTED_EDGE('',*,*,#2428,.T.);
#2428 = EDGE_CURVE('',#2420,#2394,#2429,.T.);
#2429 = LINE('',#2430,#2431);
#2430 = CARTESIAN_POINT('',(-17.97,16.405,-10.3));
#2431 = VECTOR('',#2432,1.);
#2432 = DIRECTION('',(-1.,-0.,0.));
#2433 = FACE_BOUND('',#2434,.T.);
#2434 = EDGE_LOOP('',(#2435,#2446,#2454,#2463,#2472));
#2435 = ORIENTED_EDGE('',*,*,#2436,.F.);
#2436 = EDGE_CURVE('',#2437,#2439,#2441,.T.);
#2437 = VERTEX_POINT('',#2438);
#2438 = CARTESIAN_POINT('',(7.62,14.075,-10.3));
#2439 = VERTEX_POINT('',#2440);
#2440 = CARTESIAN_POINT('',(7.62,11.325,-10.3));
#2441 = CIRCLE('',#2442,1.375);
#2442 = AXIS2_PLACEMENT_3D('',#2443,#2444,#2445);
#2443 = CARTESIAN_POINT('',(7.62,12.7,-10.3));
#2444 = DIRECTION('',(0.,0.,1.));
#2445 = DIRECTION('',(1.,0.,-0.));
#2446 = ORIENTED_EDGE('',*,*,#2447,.F.);
#2447 = EDGE_CURVE('',#2448,#2437,#2450,.T.);
#2448 = VERTEX_POINT('',#2449);
#2449 = CARTESIAN_POINT('',(12.7,14.075,-10.3));
#2450 = LINE('',#2451,#2452);
#2451 = CARTESIAN_POINT('',(-15.43,14.075,-10.3));
#2452 = VECTOR('',#2453,1.);
#2453 = DIRECTION('',(-1.,-0.,0.));
#2454 = ORIENTED_EDGE('',*,*,#2455,.F.);
#2455 = EDGE_CURVE('',#2456,#2448,#2458,.T.);
#2456 = VERTEX_POINT('',#2457);
#2457 = CARTESIAN_POINT('',(14.075,12.7,-10.3));
#2458 = CIRCLE('',#2459,1.375);
#2459 = AXIS2_PLACEMENT_3D('',#2460,#2461,#2462);
#2460 = CARTESIAN_POINT('',(12.7,12.7,-10.3));
#2461 = DIRECTION('',(0.,0.,1.));
#2462 = DIRECTION('',(1.,0.,-0.));
#2463 = ORIENTED_EDGE('',*,*,#2464,.F.);
#2464 = EDGE_CURVE('',#2465,#2456,#2467,.T.);
#2465 = VERTEX_POINT('',#2466);
#2466 = CARTESIAN_POINT('',(12.7,11.325,-10.3));
#2467 = CIRCLE('',#2468,1.375);
#2468 = AXIS2_PLACEMENT_3D('',#2469,#2470,#2471);
#2469 = CARTESIAN_POINT('',(12.7,12.7,-10.3));
#2470 = DIRECTION('',(0.,0.,1.));
#2471 = DIRECTION('',(1.,0.,-0.));
#2472 = ORIENTED_EDGE('',*,*,#2473,.T.);
#2473 = EDGE_CURVE('',#2465,#2439,#2474,.T.);
#2474 = LINE('',#2475,#2476);
#2475 = CARTESIAN_POINT('',(-15.43,11.325,-10.3));
#2476 = VECTOR('',#2477,1.);
#2477 = DIRECTION('',(-1.,-0.,0.));
#2478 = FACE_BOUND('',#2479,.T.);
#2479 = EDGE_LOOP('',(#2480,#2491,#2499,#2508));
#2480 = ORIENTED_EDGE('',*,*,#2481,.F.);
#2481 = EDGE_CURVE('',#2482,#2484,#2486,.T.);
#2482 = VERTEX_POINT('',#2483);
#2483 = CARTESIAN_POINT('',(19.155,12.7,-10.3));
#2484 = VERTEX_POINT('',#2485);
#2485 = CARTESIAN_POINT('',(16.405,12.7,-10.3));
#2486 = CIRCLE('',#2487,1.375);
#2487 = AXIS2_PLACEMENT_3D('',#2488,#2489,#2490);
#2488 = CARTESIAN_POINT('',(17.78,12.7,-10.3));
#2489 = DIRECTION('',(0.,0.,1.));
#2490 = DIRECTION('',(1.,0.,-0.));
#2491 = ORIENTED_EDGE('',*,*,#2492,.F.);
#2492 = EDGE_CURVE('',#2493,#2482,#2495,.T.);
#2493 = VERTEX_POINT('',#2494);
#2494 = CARTESIAN_POINT('',(19.155,7.62,-10.3));
#2495 = LINE('',#2496,#2497);
#2496 = CARTESIAN_POINT('',(19.155,-15.43,-10.3));
#2497 = VECTOR('',#2498,1.);
#2498 = DIRECTION('',(-0.,1.,0.));
#2499 = ORIENTED_EDGE('',*,*,#2500,.F.);
#2500 = EDGE_CURVE('',#2501,#2493,#2503,.T.);
#2501 = VERTEX_POINT('',#2502);
#2502 = CARTESIAN_POINT('',(16.405,7.62,-10.3));
#2503 = CIRCLE('',#2504,1.375);
#2504 = AXIS2_PLACEMENT_3D('',#2505,#2506,#2507);
#2505 = CARTESIAN_POINT('',(17.78,7.62,-10.3));
#2506 = DIRECTION('',(0.,0.,1.));
#2507 = DIRECTION('',(1.,0.,-0.));
#2508 = ORIENTED_EDGE('',*,*,#2509,.T.);
#2509 = EDGE_CURVE('',#2501,#2484,#2510,.T.);
#2510 = LINE('',#2511,#2512);
#2511 = CARTESIAN_POINT('',(16.405,-15.43,-10.3));
#2512 = VECTOR('',#2513,1.);
#2513 = DIRECTION('',(-0.,1.,0.));
#2514 = FACE_BOUND('',#2515,.T.);
#2515 = EDGE_LOOP('',(#2516,#2527,#2535,#2544,#2553));
#2516 = ORIENTED_EDGE('',*,*,#2517,.F.);
#2517 = EDGE_CURVE('',#2518,#2520,#2522,.T.);
#2518 = VERTEX_POINT('',#2519);
#2519 = CARTESIAN_POINT('',(17.78,3.915,-10.3));
#2520 = VERTEX_POINT('',#2521);
#2521 = CARTESIAN_POINT('',(17.78,1.165,-10.3));
#2522 = CIRCLE('',#2523,1.375);
#2523 = AXIS2_PLACEMENT_3D('',#2524,#2525,#2526);
#2524 = CARTESIAN_POINT('',(17.78,2.54,-10.3));
#2525 = DIRECTION('',(0.,0.,1.));
#2526 = DIRECTION('',(1.,0.,-0.));
#2527 = ORIENTED_EDGE('',*,*,#2528,.F.);
#2528 = EDGE_CURVE('',#2529,#2518,#2531,.T.);
#2529 = VERTEX_POINT('',#2530);
#2530 = CARTESIAN_POINT('',(22.86,3.915,-10.3));
#2531 = LINE('',#2532,#2533);
#2532 = CARTESIAN_POINT('',(-10.35,3.915,-10.3));
#2533 = VECTOR('',#2534,1.);
#2534 = DIRECTION('',(-1.,-0.,0.));
#2535 = ORIENTED_EDGE('',*,*,#2536,.F.);
#2536 = EDGE_CURVE('',#2537,#2529,#2539,.T.);
#2537 = VERTEX_POINT('',#2538);
#2538 = CARTESIAN_POINT('',(24.235,2.54,-10.3));
#2539 = CIRCLE('',#2540,1.375);
#2540 = AXIS2_PLACEMENT_3D('',#2541,#2542,#2543);
#2541 = CARTESIAN_POINT('',(22.86,2.54,-10.3));
#2542 = DIRECTION('',(0.,0.,1.));
#2543 = DIRECTION('',(1.,0.,-0.));
#2544 = ORIENTED_EDGE('',*,*,#2545,.F.);
#2545 = EDGE_CURVE('',#2546,#2537,#2548,.T.);
#2546 = VERTEX_POINT('',#2547);
#2547 = CARTESIAN_POINT('',(22.86,1.165,-10.3));
#2548 = CIRCLE('',#2549,1.375);
#2549 = AXIS2_PLACEMENT_3D('',#2550,#2551,#2552);
#2550 = CARTESIAN_POINT('',(22.86,2.54,-10.3));
#2551 = DIRECTION('',(0.,0.,1.));
#2552 = DIRECTION('',(1.,0.,-0.));
#2553 = ORIENTED_EDGE('',*,*,#2554,.T.);
#2554 = EDGE_CURVE('',#2546,#2520,#2555,.T.);
#2555 = LINE('',#2556,#2557);
#2556 = CARTESIAN_POINT('',(-10.35,1.165,-10.3));
#2557 = VECTOR('',#2558,1.);
#2558 = DIRECTION('',(-1.,-0.,0.));
#2559 = FACE_BOUND('',#2560,.T.);
#2560 = EDGE_LOOP('',(#2561));
#2561 = ORIENTED_EDGE('',*,*,#2562,.F.);
#2562 = EDGE_CURVE('',#2563,#2563,#2565,.T.);
#2563 = VERTEX_POINT('',#2564);
#2564 = CARTESIAN_POINT('',(24.235,7.62,-10.3));
#2565 = CIRCLE('',#2566,1.375);
#2566 = AXIS2_PLACEMENT_3D('',#2567,#2568,#2569);
#2567 = CARTESIAN_POINT('',(22.86,7.62,-10.3));
#2568 = DIRECTION('',(0.,0.,1.));
#2569 = DIRECTION('',(1.,0.,-0.));
#2570 = FACE_BOUND('',#2571,.T.);
#2571 = EDGE_LOOP('',(#2572,#2583,#2591,#2600));
#2572 = ORIENTED_EDGE('',*,*,#2573,.F.);
#2573 = EDGE_CURVE('',#2574,#2576,#2578,.T.);
#2574 = VERTEX_POINT('',#2575);
#2575 = CARTESIAN_POINT('',(29.315,7.62,-10.3));
#2576 = VERTEX_POINT('',#2577);
#2577 = CARTESIAN_POINT('',(26.565,7.62,-10.3));
#2578 = CIRCLE('',#2579,1.375);
#2579 = AXIS2_PLACEMENT_3D('',#2580,#2581,#2582);
#2580 = CARTESIAN_POINT('',(27.94,7.62,-10.3));
#2581 = DIRECTION('',(0.,0.,1.));
#2582 = DIRECTION('',(1.,0.,-0.));
#2583 = ORIENTED_EDGE('',*,*,#2584,.F.);
#2584 = EDGE_CURVE('',#2585,#2574,#2587,.T.);
#2585 = VERTEX_POINT('',#2586);
#2586 = CARTESIAN_POINT('',(29.315,2.54,-10.3));
#2587 = LINE('',#2588,#2589);
#2588 = CARTESIAN_POINT('',(29.315,-17.97,-10.3));
#2589 = VECTOR('',#2590,1.);
#2590 = DIRECTION('',(-0.,1.,0.));
#2591 = ORIENTED_EDGE('',*,*,#2592,.F.);
#2592 = EDGE_CURVE('',#2593,#2585,#2595,.T.);
#2593 = VERTEX_POINT('',#2594);
#2594 = CARTESIAN_POINT('',(26.565,2.54,-10.3));
#2595 = CIRCLE('',#2596,1.375);
#2596 = AXIS2_PLACEMENT_3D('',#2597,#2598,#2599);
#2597 = CARTESIAN_POINT('',(27.94,2.54,-10.3));
#2598 = DIRECTION('',(0.,0.,1.));
#2599 = DIRECTION('',(1.,0.,-0.));
#2600 = ORIENTED_EDGE('',*,*,#2601,.T.);
#2601 = EDGE_CURVE('',#2593,#2576,#2602,.T.);
#2602 = LINE('',#2603,#2604);
#2603 = CARTESIAN_POINT('',(26.565,-17.97,-10.3));
#2604 = VECTOR('',#2605,1.);
#2605 = DIRECTION('',(-0.,1.,0.));
#2606 = FACE_BOUND('',#2607,.T.);
#2607 = EDGE_LOOP('',(#2608,#2619,#2627,#2636,#2645));
#2608 = ORIENTED_EDGE('',*,*,#2609,.F.);
#2609 = EDGE_CURVE('',#2610,#2612,#2614,.T.);
#2610 = VERTEX_POINT('',#2611);
#2611 = CARTESIAN_POINT('',(22.86,14.075,-10.3));
#2612 = VERTEX_POINT('',#2613);
#2613 = CARTESIAN_POINT('',(22.86,11.325,-10.3));
#2614 = CIRCLE('',#2615,1.375);
#2615 = AXIS2_PLACEMENT_3D('',#2616,#2617,#2618);
#2616 = CARTESIAN_POINT('',(22.86,12.7,-10.3));
#2617 = DIRECTION('',(0.,0.,1.));
#2618 = DIRECTION('',(1.,0.,-0.));
#2619 = ORIENTED_EDGE('',*,*,#2620,.F.);
#2620 = EDGE_CURVE('',#2621,#2610,#2623,.T.);
#2621 = VERTEX_POINT('',#2622);
#2622 = CARTESIAN_POINT('',(27.94,14.075,-10.3));
#2623 = LINE('',#2624,#2625);
#2624 = CARTESIAN_POINT('',(-7.81,14.075,-10.3));
#2625 = VECTOR('',#2626,1.);
#2626 = DIRECTION('',(-1.,-0.,0.));
#2627 = ORIENTED_EDGE('',*,*,#2628,.F.);
#2628 = EDGE_CURVE('',#2629,#2621,#2631,.T.);
#2629 = VERTEX_POINT('',#2630);
#2630 = CARTESIAN_POINT('',(29.315,12.7,-10.3));
#2631 = CIRCLE('',#2632,1.375);
#2632 = AXIS2_PLACEMENT_3D('',#2633,#2634,#2635);
#2633 = CARTESIAN_POINT('',(27.94,12.7,-10.3));
#2634 = DIRECTION('',(0.,0.,1.));
#2635 = DIRECTION('',(1.,0.,-0.));
#2636 = ORIENTED_EDGE('',*,*,#2637,.F.);
#2637 = EDGE_CURVE('',#2638,#2629,#2640,.T.);
#2638 = VERTEX_POINT('',#2639);
#2639 = CARTESIAN_POINT('',(27.94,11.325,-10.3));
#2640 = CIRCLE('',#2641,1.375);
#2641 = AXIS2_PLACEMENT_3D('',#2642,#2643,#2644);
#2642 = CARTESIAN_POINT('',(27.94,12.7,-10.3));
#2643 = DIRECTION('',(0.,0.,1.));
#2644 = DIRECTION('',(1.,0.,-0.));
#2645 = ORIENTED_EDGE('',*,*,#2646,.T.);
#2646 = EDGE_CURVE('',#2638,#2612,#2647,.T.);
#2647 = LINE('',#2648,#2649);
#2648 = CARTESIAN_POINT('',(-7.81,11.325,-10.3));
#2649 = VECTOR('',#2650,1.);
#2650 = DIRECTION('',(-1.,-0.,0.));
#2651 = FACE_BOUND('',#2652,.T.);
#2652 = EDGE_LOOP('',(#2653,#2664,#2672,#2681,#2690));
#2653 = ORIENTED_EDGE('',*,*,#2654,.F.);
#2654 = EDGE_CURVE('',#2655,#2657,#2659,.T.);
#2655 = VERTEX_POINT('',#2656);
#2656 = CARTESIAN_POINT('',(17.78,19.155,-10.3));
#2657 = VERTEX_POINT('',#2658);
#2658 = CARTESIAN_POINT('',(17.78,16.405,-10.3));
#2659 = CIRCLE('',#2660,1.375);
#2660 = AXIS2_PLACEMENT_3D('',#2661,#2662,#2663);
#2661 = CARTESIAN_POINT('',(17.78,17.78,-10.3));
#2662 = DIRECTION('',(0.,0.,1.));
#2663 = DIRECTION('',(1.,0.,-0.));
#2664 = ORIENTED_EDGE('',*,*,#2665,.F.);
#2665 = EDGE_CURVE('',#2666,#2655,#2668,.T.);
#2666 = VERTEX_POINT('',#2667);
#2667 = CARTESIAN_POINT('',(22.86,19.155,-10.3));
#2668 = LINE('',#2669,#2670);
#2669 = CARTESIAN_POINT('',(-10.35,19.155,-10.3));
#2670 = VECTOR('',#2671,1.);
#2671 = DIRECTION('',(-1.,-0.,0.));
#2672 = ORIENTED_EDGE('',*,*,#2673,.F.);
#2673 = EDGE_CURVE('',#2674,#2666,#2676,.T.);
#2674 = VERTEX_POINT('',#2675);
#2675 = CARTESIAN_POINT('',(24.235,17.78,-10.3));
#2676 = CIRCLE('',#2677,1.375);
#2677 = AXIS2_PLACEMENT_3D('',#2678,#2679,#2680);
#2678 = CARTESIAN_POINT('',(22.86,17.78,-10.3));
#2679 = DIRECTION('',(0.,0.,1.));
#2680 = DIRECTION('',(1.,0.,-0.));
#2681 = ORIENTED_EDGE('',*,*,#2682,.F.);
#2682 = EDGE_CURVE('',#2683,#2674,#2685,.T.);
#2683 = VERTEX_POINT('',#2684);
#2684 = CARTESIAN_POINT('',(22.86,16.405,-10.3));
#2685 = CIRCLE('',#2686,1.375);
#2686 = AXIS2_PLACEMENT_3D('',#2687,#2688,#2689);
#2687 = CARTESIAN_POINT('',(22.86,17.78,-10.3));
#2688 = DIRECTION('',(0.,0.,1.));
#2689 = DIRECTION('',(1.,0.,-0.));
#2690 = ORIENTED_EDGE('',*,*,#2691,.T.);
#2691 = EDGE_CURVE('',#2683,#2657,#2692,.T.);
#2692 = LINE('',#2693,#2694);
#2693 = CARTESIAN_POINT('',(-10.35,16.405,-10.3));
#2694 = VECTOR('',#2695,1.);
#2695 = DIRECTION('',(-1.,-0.,0.));
#2696 = FACE_BOUND('',#2697,.T.);
#2697 = EDGE_LOOP('',(#2698,#2709,#2717,#2726));
#2698 = ORIENTED_EDGE('',*,*,#2699,.F.);
#2699 = EDGE_CURVE('',#2700,#2702,#2704,.T.);
#2700 = VERTEX_POINT('',#2701);
#2701 = CARTESIAN_POINT('',(3.915,27.94,-10.3));
#2702 = VERTEX_POINT('',#2703);
#2703 = CARTESIAN_POINT('',(1.165,27.94,-10.3));
#2704 = CIRCLE('',#2705,1.375);
#2705 = AXIS2_PLACEMENT_3D('',#2706,#2707,#2708);
#2706 = CARTESIAN_POINT('',(2.54,27.94,-10.3));
#2707 = DIRECTION('',(0.,0.,1.));
#2708 = DIRECTION('',(1.,0.,-0.));
#2709 = ORIENTED_EDGE('',*,*,#2710,.F.);
#2710 = EDGE_CURVE('',#2711,#2700,#2713,.T.);
#2711 = VERTEX_POINT('',#2712);
#2712 = CARTESIAN_POINT('',(3.915,22.86,-10.3));
#2713 = LINE('',#2714,#2715);
#2714 = CARTESIAN_POINT('',(3.915,-7.81,-10.3));
#2715 = VECTOR('',#2716,1.);
#2716 = DIRECTION('',(-0.,1.,0.));
#2717 = ORIENTED_EDGE('',*,*,#2718,.F.);
#2718 = EDGE_CURVE('',#2719,#2711,#2721,.T.);
#2719 = VERTEX_POINT('',#2720);
#2720 = CARTESIAN_POINT('',(1.165,22.86,-10.3));
#2721 = CIRCLE('',#2722,1.375);
#2722 = AXIS2_PLACEMENT_3D('',#2723,#2724,#2725);
#2723 = CARTESIAN_POINT('',(2.54,22.86,-10.3));
#2724 = DIRECTION('',(0.,0.,1.));
#2725 = DIRECTION('',(1.,0.,-0.));
#2726 = ORIENTED_EDGE('',*,*,#2727,.T.);
#2727 = EDGE_CURVE('',#2719,#2702,#2728,.T.);
#2728 = LINE('',#2729,#2730);
#2729 = CARTESIAN_POINT('',(1.165,-7.81,-10.3));
#2730 = VECTOR('',#2731,1.);
#2731 = DIRECTION('',(-0.,1.,0.));
#2732 = FACE_BOUND('',#2733,.T.);
#2733 = EDGE_LOOP('',(#2734));
#2734 = ORIENTED_EDGE('',*,*,#2735,.F.);
#2735 = EDGE_CURVE('',#2736,#2736,#2738,.T.);
#2736 = VERTEX_POINT('',#2737);
#2737 = CARTESIAN_POINT('',(8.995,22.86,-10.3));
#2738 = CIRCLE('',#2739,1.375);
#2739 = AXIS2_PLACEMENT_3D('',#2740,#2741,#2742);
#2740 = CARTESIAN_POINT('',(7.62,22.86,-10.3));
#2741 = DIRECTION('',(0.,0.,1.));
#2742 = DIRECTION('',(1.,0.,-0.));
#2743 = FACE_BOUND('',#2744,.T.);
#2744 = EDGE_LOOP('',(#2745,#2756,#2764,#2773));
#2745 = ORIENTED_EDGE('',*,*,#2746,.F.);
#2746 = EDGE_CURVE('',#2747,#2749,#2751,.T.);
#2747 = VERTEX_POINT('',#2748);
#2748 = CARTESIAN_POINT('',(14.075,22.86,-10.3));
#2749 = VERTEX_POINT('',#2750);
#2750 = CARTESIAN_POINT('',(11.325,22.86,-10.3));
#2751 = CIRCLE('',#2752,1.375);
#2752 = AXIS2_PLACEMENT_3D('',#2753,#2754,#2755);
#2753 = CARTESIAN_POINT('',(12.7,22.86,-10.3));
#2754 = DIRECTION('',(0.,0.,1.));
#2755 = DIRECTION('',(1.,0.,-0.));
#2756 = ORIENTED_EDGE('',*,*,#2757,.F.);
#2757 = EDGE_CURVE('',#2758,#2747,#2760,.T.);
#2758 = VERTEX_POINT('',#2759);
#2759 = CARTESIAN_POINT('',(14.075,17.78,-10.3));
#2760 = LINE('',#2761,#2762);
#2761 = CARTESIAN_POINT('',(14.075,-10.35,-10.3));
#2762 = VECTOR('',#2763,1.);
#2763 = DIRECTION('',(-0.,1.,0.));
#2764 = ORIENTED_EDGE('',*,*,#2765,.F.);
#2765 = EDGE_CURVE('',#2766,#2758,#2768,.T.);
#2766 = VERTEX_POINT('',#2767);
#2767 = CARTESIAN_POINT('',(11.325,17.78,-10.3));
#2768 = CIRCLE('',#2769,1.375);
#2769 = AXIS2_PLACEMENT_3D('',#2770,#2771,#2772);
#2770 = CARTESIAN_POINT('',(12.7,17.78,-10.3));
#2771 = DIRECTION('',(0.,0.,1.));
#2772 = DIRECTION('',(1.,0.,-0.));
#2773 = ORIENTED_EDGE('',*,*,#2774,.T.);
#2774 = EDGE_CURVE('',#2766,#2749,#2775,.T.);
#2775 = LINE('',#2776,#2777);
#2776 = CARTESIAN_POINT('',(11.325,-10.35,-10.3));
#2777 = VECTOR('',#2778,1.);
#2778 = DIRECTION('',(-0.,1.,0.));
#2779 = FACE_BOUND('',#2780,.T.);
#2780 = EDGE_LOOP('',(#2781,#2792,#2800,#2809));
#2781 = ORIENTED_EDGE('',*,*,#2782,.F.);
#2782 = EDGE_CURVE('',#2783,#2785,#2787,.T.);
#2783 = VERTEX_POINT('',#2784);
#2784 = CARTESIAN_POINT('',(19.155,27.94,-10.3));
#2785 = VERTEX_POINT('',#2786);
#2786 = CARTESIAN_POINT('',(16.405,27.94,-10.3));
#2787 = CIRCLE('',#2788,1.375);
#2788 = AXIS2_PLACEMENT_3D('',#2789,#2790,#2791);
#2789 = CARTESIAN_POINT('',(17.78,27.94,-10.3));
#2790 = DIRECTION('',(0.,0.,1.));
#2791 = DIRECTION('',(1.,0.,-0.));
#2792 = ORIENTED_EDGE('',*,*,#2793,.F.);
#2793 = EDGE_CURVE('',#2794,#2783,#2796,.T.);
#2794 = VERTEX_POINT('',#2795);
#2795 = CARTESIAN_POINT('',(19.155,22.86,-10.3));
#2796 = LINE('',#2797,#2798);
#2797 = CARTESIAN_POINT('',(19.155,-7.81,-10.3));
#2798 = VECTOR('',#2799,1.);
#2799 = DIRECTION('',(-0.,1.,0.));
#2800 = ORIENTED_EDGE('',*,*,#2801,.F.);
#2801 = EDGE_CURVE('',#2802,#2794,#2804,.T.);
#2802 = VERTEX_POINT('',#2803);
#2803 = CARTESIAN_POINT('',(16.405,22.86,-10.3));
#2804 = CIRCLE('',#2805,1.375);
#2805 = AXIS2_PLACEMENT_3D('',#2806,#2807,#2808);
#2806 = CARTESIAN_POINT('',(17.78,22.86,-10.3));
#2807 = DIRECTION('',(0.,0.,1.));
#2808 = DIRECTION('',(1.,0.,-0.));
#2809 = ORIENTED_EDGE('',*,*,#2810,.T.);
#2810 = EDGE_CURVE('',#2802,#2785,#2811,.T.);
#2811 = LINE('',#2812,#2813);
#2812 = CARTESIAN_POINT('',(16.405,-7.81,-10.3));
#2813 = VECTOR('',#2814,1.);
#2814 = DIRECTION('',(-0.,1.,0.));
#2815 = FACE_BOUND('',#2816,.T.);
#2816 = EDGE_LOOP('',(#2817,#2828,#2836,#2845,#2854));
#2817 = ORIENTED_EDGE('',*,*,#2818,.F.);
#2818 = EDGE_CURVE('',#2819,#2821,#2823,.T.);
#2819 = VERTEX_POINT('',#2820);
#2820 = CARTESIAN_POINT('',(7.62,29.315,-10.3));
#2821 = VERTEX_POINT('',#2822);
#2822 = CARTESIAN_POINT('',(7.62,26.565,-10.3));
#2823 = CIRCLE('',#2824,1.375);
#2824 = AXIS2_PLACEMENT_3D('',#2825,#2826,#2827);
#2825 = CARTESIAN_POINT('',(7.62,27.94,-10.3));
#2826 = DIRECTION('',(0.,0.,1.));
#2827 = DIRECTION('',(1.,0.,-0.));
#2828 = ORIENTED_EDGE('',*,*,#2829,.F.);
#2829 = EDGE_CURVE('',#2830,#2819,#2832,.T.);
#2830 = VERTEX_POINT('',#2831);
#2831 = CARTESIAN_POINT('',(12.7,29.315,-10.3));
#2832 = LINE('',#2833,#2834);
#2833 = CARTESIAN_POINT('',(-15.43,29.315,-10.3));
#2834 = VECTOR('',#2835,1.);
#2835 = DIRECTION('',(-1.,-0.,0.));
#2836 = ORIENTED_EDGE('',*,*,#2837,.F.);
#2837 = EDGE_CURVE('',#2838,#2830,#2840,.T.);
#2838 = VERTEX_POINT('',#2839);
#2839 = CARTESIAN_POINT('',(14.075,27.94,-10.3));
#2840 = CIRCLE('',#2841,1.375);
#2841 = AXIS2_PLACEMENT_3D('',#2842,#2843,#2844);
#2842 = CARTESIAN_POINT('',(12.7,27.94,-10.3));
#2843 = DIRECTION('',(0.,0.,1.));
#2844 = DIRECTION('',(1.,0.,-0.));
#2845 = ORIENTED_EDGE('',*,*,#2846,.F.);
#2846 = EDGE_CURVE('',#2847,#2838,#2849,.T.);
#2847 = VERTEX_POINT('',#2848);
#2848 = CARTESIAN_POINT('',(12.7,26.565,-10.3));
#2849 = CIRCLE('',#2850,1.375);
#2850 = AXIS2_PLACEMENT_3D('',#2851,#2852,#2853);
#2851 = CARTESIAN_POINT('',(12.7,27.94,-10.3));
#2852 = DIRECTION('',(0.,0.,1.));
#2853 = DIRECTION('',(1.,0.,-0.));
#2854 = ORIENTED_EDGE('',*,*,#2855,.T.);
#2855 = EDGE_CURVE('',#2847,#2821,#2856,.T.);
#2856 = LINE('',#2857,#2858);
#2857 = CARTESIAN_POINT('',(-15.43,26.565,-10.3));
#2858 = VECTOR('',#2859,1.);
#2859 = DIRECTION('',(-1.,-0.,0.));
#2860 = FACE_BOUND('',#2861,.T.);
#2861 = EDGE_LOOP('',(#2862));
#2862 = ORIENTED_EDGE('',*,*,#2863,.F.);
#2863 = EDGE_CURVE('',#2864,#2864,#2866,.T.);
#2864 = VERTEX_POINT('',#2865);
#2865 = CARTESIAN_POINT('',(24.235,22.86,-10.3));
#2866 = CIRCLE('',#2867,1.375);
#2867 = AXIS2_PLACEMENT_3D('',#2868,#2869,#2870);
#2868 = CARTESIAN_POINT('',(22.86,22.86,-10.3));
#2869 = DIRECTION('',(0.,0.,1.));
#2870 = DIRECTION('',(1.,0.,-0.));
#2871 = FACE_BOUND('',#2872,.T.);
#2872 = EDGE_LOOP('',(#2873,#2884,#2892,#2901));
#2873 = ORIENTED_EDGE('',*,*,#2874,.F.);
#2874 = EDGE_CURVE('',#2875,#2877,#2879,.T.);
#2875 = VERTEX_POINT('',#2876);
#2876 = CARTESIAN_POINT('',(29.315,22.86,-10.3));
#2877 = VERTEX_POINT('',#2878);
#2878 = CARTESIAN_POINT('',(26.565,22.86,-10.3));
#2879 = CIRCLE('',#2880,1.375);
#2880 = AXIS2_PLACEMENT_3D('',#2881,#2882,#2883);
#2881 = CARTESIAN_POINT('',(27.94,22.86,-10.3));
#2882 = DIRECTION('',(0.,0.,1.));
#2883 = DIRECTION('',(1.,0.,-0.));
#2884 = ORIENTED_EDGE('',*,*,#2885,.F.);
#2885 = EDGE_CURVE('',#2886,#2875,#2888,.T.);
#2886 = VERTEX_POINT('',#2887);
#2887 = CARTESIAN_POINT('',(29.315,17.78,-10.3));
#2888 = LINE('',#2889,#2890);
#2889 = CARTESIAN_POINT('',(29.315,-10.35,-10.3));
#2890 = VECTOR('',#2891,1.);
#2891 = DIRECTION('',(-0.,1.,0.));
#2892 = ORIENTED_EDGE('',*,*,#2893,.F.);
#2893 = EDGE_CURVE('',#2894,#2886,#2896,.T.);
#2894 = VERTEX_POINT('',#2895);
#2895 = CARTESIAN_POINT('',(26.565,17.78,-10.3));
#2896 = CIRCLE('',#2897,1.375);
#2897 = AXIS2_PLACEMENT_3D('',#2898,#2899,#2900);
#2898 = CARTESIAN_POINT('',(27.94,17.78,-10.3));
#2899 = DIRECTION('',(0.,0.,1.));
#2900 = DIRECTION('',(1.,0.,-0.));
#2901 = ORIENTED_EDGE('',*,*,#2902,.T.);
#2902 = EDGE_CURVE('',#2894,#2877,#2903,.T.);
#2903 = LINE('',#2904,#2905);
#2904 = CARTESIAN_POINT('',(26.565,-10.35,-10.3));
#2905 = VECTOR('',#2906,1.);
#2906 = DIRECTION('',(-0.,1.,0.));
#2907 = FACE_BOUND('',#2908,.T.);
#2908 = EDGE_LOOP('',(#2909,#2920,#2928,#2937,#2946));
#2909 = ORIENTED_EDGE('',*,*,#2910,.F.);
#2910 = EDGE_CURVE('',#2911,#2913,#2915,.T.);
#2911 = VERTEX_POINT('',#2912);
#2912 = CARTESIAN_POINT('',(22.86,29.315,-10.3));
#2913 = VERTEX_POINT('',#2914);
#2914 = CARTESIAN_POINT('',(22.86,26.565,-10.3));
#2915 = CIRCLE('',#2916,1.375);
#2916 = AXIS2_PLACEMENT_3D('',#2917,#2918,#2919);
#2917 = CARTESIAN_POINT('',(22.86,27.94,-10.3));
#2918 = DIRECTION('',(0.,0.,1.));
#2919 = DIRECTION('',(1.,0.,-0.));
#2920 = ORIENTED_EDGE('',*,*,#2921,.F.);
#2921 = EDGE_CURVE('',#2922,#2911,#2924,.T.);
#2922 = VERTEX_POINT('',#2923);
#2923 = CARTESIAN_POINT('',(27.94,29.315,-10.3));
#2924 = LINE('',#2925,#2926);
#2925 = CARTESIAN_POINT('',(-7.81,29.315,-10.3));
#2926 = VECTOR('',#2927,1.);
#2927 = DIRECTION('',(-1.,-0.,0.));
#2928 = ORIENTED_EDGE('',*,*,#2929,.F.);
#2929 = EDGE_CURVE('',#2930,#2922,#2932,.T.);
#2930 = VERTEX_POINT('',#2931);
#2931 = CARTESIAN_POINT('',(29.315,27.94,-10.3));
#2932 = CIRCLE('',#2933,1.375);
#2933 = AXIS2_PLACEMENT_3D('',#2934,#2935,#2936);
#2934 = CARTESIAN_POINT('',(27.94,27.94,-10.3));
#2935 = DIRECTION('',(0.,0.,1.));
#2936 = DIRECTION('',(1.,0.,-0.));
#2937 = ORIENTED_EDGE('',*,*,#2938,.F.);
#2938 = EDGE_CURVE('',#2939,#2930,#2941,.T.);
#2939 = VERTEX_POINT('',#2940);
#2940 = CARTESIAN_POINT('',(27.94,26.565,-10.3));
#2941 = CIRCLE('',#2942,1.375);
#2942 = AXIS2_PLACEMENT_3D('',#2943,#2944,#2945);
#2943 = CARTESIAN_POINT('',(27.94,27.94,-10.3));
#2944 = DIRECTION('',(0.,0.,1.));
#2945 = DIRECTION('',(1.,0.,-0.));
#2946 = ORIENTED_EDGE('',*,*,#2947,.T.);
#2947 = EDGE_CURVE('',#2939,#2913,#2948,.T.);
#2948 = LINE('',#2949,#2950);
#2949 = CARTESIAN_POINT('',(-7.81,26.565,-10.3));
#2950 = VECTOR('',#2951,1.);
#2951 = DIRECTION('',(-1.,-0.,0.));
#2952 = PLANE('',#2953);
#2953 = AXIS2_PLACEMENT_3D('',#2954,#2955,#2956);
#2954 = CARTESIAN_POINT('',(-38.48,-38.48,-10.3));
#2955 = DIRECTION('',(0.,0.,1.));
#2956 = DIRECTION('',(1.,0.,-0.));
#2957 = ADVANCED_FACE('',(#2958),#2983,.T.);
#2958 = FACE_BOUND('',#2959,.T.);
#2959 = EDGE_LOOP('',(#2960,#2961,#2968,#2976));
#2960 = ORIENTED_EDGE('',*,*,#55,.F.);
#2961 = ORIENTED_EDGE('',*,*,#2962,.F.);
#2962 = EDGE_CURVE('',#162,#56,#2963,.T.);
#2963 = CIRCLE('',#2964,4.);
#2964 = AXIS2_PLACEMENT_3D('',#2965,#2966,#2967);
#2965 = CARTESIAN_POINT('',(-34.48,34.48,-10.3));
#2966 = DIRECTION('',(0.,0.,1.));
#2967 = DIRECTION('',(1.,0.,-0.));
#2968 = ORIENTED_EDGE('',*,*,#2969,.F.);
#2969 = EDGE_CURVE('',#2970,#162,#2972,.T.);
#2970 = VERTEX_POINT('',#2971);
#2971 = CARTESIAN_POINT('',(-35.48,38.48,-10.3));
#2972 = LINE('',#2973,#2974);
#2973 = CARTESIAN_POINT('',(-38.48,38.48,-10.3));
#2974 = VECTOR('',#2975,1.);
#2975 = DIRECTION('',(1.,0.,-0.));
#2976 = ORIENTED_EDGE('',*,*,#2977,.F.);
#2977 = EDGE_CURVE('',#48,#2970,#2978,.T.);
#2978 = CIRCLE('',#2979,3.);
#2979 = AXIS2_PLACEMENT_3D('',#2980,#2981,#2982);
#2980 = CARTESIAN_POINT('',(-35.48,35.48,-10.3));
#2981 = DIRECTION('',(-0.,-0.,-1.));
#2982 = DIRECTION('',(0.,-1.,0.));
#2983 = PLANE('',#2984);
#2984 = AXIS2_PLACEMENT_3D('',#2985,#2986,#2987);
#2985 = CARTESIAN_POINT('',(-38.48,-38.48,-10.3));
#2986 = DIRECTION('',(0.,0.,1.));
#2987 = DIRECTION('',(1.,0.,-0.));
#2988 = ADVANCED_FACE('',(#2989),#3008,.T.);
#2989 = FACE_BOUND('',#2990,.T.);
#2990 = EDGE_LOOP('',(#2991,#3000,#3006,#3007));
#2991 = ORIENTED_EDGE('',*,*,#2992,.T.);
#2992 = EDGE_CURVE('',#32,#2993,#2995,.T.);
#2993 = VERTEX_POINT('',#2994);
#2994 = CARTESIAN_POINT('',(-35.48,-38.48,-13.3));
#2995 = CIRCLE('',#2996,3.);
#2996 = AXIS2_PLACEMENT_3D('',#2997,#2998,#2999);
#2997 = CARTESIAN_POINT('',(-35.48,-35.48,-13.3));
#2998 = DIRECTION('',(0.,0.,1.));
#2999 = DIRECTION('',(0.,-1.,0.));
#3000 = ORIENTED_EDGE('',*,*,#3001,.T.);
#3001 = EDGE_CURVE('',#2993,#79,#3002,.T.);
#3002 = LINE('',#3003,#3004);
#3003 = CARTESIAN_POINT('',(-35.48,-38.48,-13.3));
#3004 = VECTOR('',#3005,1.);
#3005 = DIRECTION('',(0.,0.,1.));
#3006 = ORIENTED_EDGE('',*,*,#78,.F.);
#3007 = ORIENTED_EDGE('',*,*,#31,.F.);
#3008 = CYLINDRICAL_SURFACE('',#3009,3.);
#3009 = AXIS2_PLACEMENT_3D('',#3010,#3011,#3012);
#3010 = CARTESIAN_POINT('',(-35.48,-35.48,-13.3));
#3011 = DIRECTION('',(0.,0.,1.));
#3012 = DIRECTION('',(-1.,-0.,0.));
#3013 = ADVANCED_FACE('',(#3014),#3033,.T.);
#3014 = FACE_BOUND('',#3015,.F.);
#3015 = EDGE_LOOP('',(#3016,#3025,#3031,#3032));
#3016 = ORIENTED_EDGE('',*,*,#3017,.T.);
#3017 = EDGE_CURVE('',#40,#3018,#3020,.T.);
#3018 = VERTEX_POINT('',#3019);
#3019 = CARTESIAN_POINT('',(-35.48,38.48,-13.3));
#3020 = CIRCLE('',#3021,3.);
#3021 = AXIS2_PLACEMENT_3D('',#3022,#3023,#3024);
#3022 = CARTESIAN_POINT('',(-35.48,35.48,-13.3));
#3023 = DIRECTION('',(-0.,-0.,-1.));
#3024 = DIRECTION('',(0.,-1.,0.));
#3025 = ORIENTED_EDGE('',*,*,#3026,.T.);
#3026 = EDGE_CURVE('',#3018,#2970,#3027,.T.);
#3027 = LINE('',#3028,#3029);
#3028 = CARTESIAN_POINT('',(-35.48,38.48,-13.3));
#3029 = VECTOR('',#3030,1.);
#3030 = DIRECTION('',(0.,0.,1.));
#3031 = ORIENTED_EDGE('',*,*,#2977,.F.);
#3032 = ORIENTED_EDGE('',*,*,#47,.F.);
#3033 = CYLINDRICAL_SURFACE('',#3034,3.);
#3034 = AXIS2_PLACEMENT_3D('',#3035,#3036,#3037);
#3035 = CARTESIAN_POINT('',(-35.48,35.48,-13.3));
#3036 = DIRECTION('',(0.,0.,1.));
#3037 = DIRECTION('',(-1.,-0.,0.));
#3038 = ADVANCED_FACE('',(#3039,#3084,#3095,#3140,#3176,#3187,#3232,
    #3268,#3304,#3315,#3351,#3396,#3441,#3477,#3488,#3533,#3569,#3614,
    #3659,#3695,#3731,#3742,#3787,#3832,#3843,#3879,#3915,#3951,#3996,
    #4007,#4018,#4054,#4099,#4144,#4180,#4216,#4227,#4263,#4308,#4353,
    #4398,#4434,#4445,#4490,#4535,#4546,#4582,#4627,#4672,#4717,#4753,
    #4764,#4800,#4836,#4881,#4926,#4962,#4973,#4984,#5029,#5065,#5101,
    #5137,#5148,#5193,#5238,#5249,#5285,#5321,#5366,#5411,#5447,#5492,
    #5503,#5539,#5584,#5629,#5665,#5676,#5712,#5748,#5793,#5804,#5840,
    #5885),#5896,.F.);
#3039 = FACE_BOUND('',#3040,.F.);
#3040 = EDGE_LOOP('',(#3041,#3042,#3043,#3051,#3060,#3068,#3077,#3083));
#3041 = ORIENTED_EDGE('',*,*,#39,.F.);
#3042 = ORIENTED_EDGE('',*,*,#2992,.T.);
#3043 = ORIENTED_EDGE('',*,*,#3044,.T.);
#3044 = EDGE_CURVE('',#2993,#3045,#3047,.T.);
#3045 = VERTEX_POINT('',#3046);
#3046 = CARTESIAN_POINT('',(35.48,-38.48,-13.3));
#3047 = LINE('',#3048,#3049);
#3048 = CARTESIAN_POINT('',(-38.48,-38.48,-13.3));
#3049 = VECTOR('',#3050,1.);
#3050 = DIRECTION('',(1.,0.,-0.));
#3051 = ORIENTED_EDGE('',*,*,#3052,.F.);
#3052 = EDGE_CURVE('',#3053,#3045,#3055,.T.);
#3053 = VERTEX_POINT('',#3054);
#3054 = CARTESIAN_POINT('',(38.48,-35.48,-13.3));
#3055 = CIRCLE('',#3056,3.);
#3056 = AXIS2_PLACEMENT_3D('',#3057,#3058,#3059);
#3057 = CARTESIAN_POINT('',(35.48,-35.48,-13.3));
#3058 = DIRECTION('',(-0.,-0.,-1.));
#3059 = DIRECTION('',(0.,-1.,0.));
#3060 = ORIENTED_EDGE('',*,*,#3061,.T.);
#3061 = EDGE_CURVE('',#3053,#3062,#3064,.T.);
#3062 = VERTEX_POINT('',#3063);
#3063 = CARTESIAN_POINT('',(38.48,35.48,-13.3));
#3064 = LINE('',#3065,#3066);
#3065 = CARTESIAN_POINT('',(38.48,-38.48,-13.3));
#3066 = VECTOR('',#3067,1.);
#3067 = DIRECTION('',(-0.,1.,0.));
#3068 = ORIENTED_EDGE('',*,*,#3069,.T.);
#3069 = EDGE_CURVE('',#3062,#3070,#3072,.T.);
#3070 = VERTEX_POINT('',#3071);
#3071 = CARTESIAN_POINT('',(35.48,38.48,-13.3));
#3072 = CIRCLE('',#3073,3.);
#3073 = AXIS2_PLACEMENT_3D('',#3074,#3075,#3076);
#3074 = CARTESIAN_POINT('',(35.48,35.48,-13.3));
#3075 = DIRECTION('',(0.,0.,1.));
#3076 = DIRECTION('',(0.,-1.,0.));
#3077 = ORIENTED_EDGE('',*,*,#3078,.F.);
#3078 = EDGE_CURVE('',#3018,#3070,#3079,.T.);
#3079 = LINE('',#3080,#3081);
#3080 = CARTESIAN_POINT('',(-38.48,38.48,-13.3));
#3081 = VECTOR('',#3082,1.);
#3082 = DIRECTION('',(1.,0.,-0.));
#3083 = ORIENTED_EDGE('',*,*,#3017,.F.);
#3084 = FACE_BOUND('',#3085,.F.);
#3085 = EDGE_LOOP('',(#3086));
#3086 = ORIENTED_EDGE('',*,*,#3087,.F.);
#3087 = EDGE_CURVE('',#3088,#3088,#3090,.T.);
#3088 = VERTEX_POINT('',#3089);
#3089 = CARTESIAN_POINT('',(-32.78,-34.48,-13.3));
#3090 = CIRCLE('',#3091,1.7);
#3091 = AXIS2_PLACEMENT_3D('',#3092,#3093,#3094);
#3092 = CARTESIAN_POINT('',(-34.48,-34.48,-13.3));
#3093 = DIRECTION('',(0.,0.,1.));
#3094 = DIRECTION('',(1.,0.,-0.));
#3095 = FACE_BOUND('',#3096,.F.);
#3096 = EDGE_LOOP('',(#3097,#3108,#3116,#3125,#3134));
#3097 = ORIENTED_EDGE('',*,*,#3098,.F.);
#3098 = EDGE_CURVE('',#3099,#3101,#3103,.T.);
#3099 = VERTEX_POINT('',#3100);
#3100 = CARTESIAN_POINT('',(-27.94,-26.565,-13.3));
#3101 = VERTEX_POINT('',#3102);
#3102 = CARTESIAN_POINT('',(-27.94,-29.315,-13.3));
#3103 = CIRCLE('',#3104,1.375);
#3104 = AXIS2_PLACEMENT_3D('',#3105,#3106,#3107);
#3105 = CARTESIAN_POINT('',(-27.94,-27.94,-13.3));
#3106 = DIRECTION('',(0.,0.,1.));
#3107 = DIRECTION('',(1.,0.,-0.));
#3108 = ORIENTED_EDGE('',*,*,#3109,.F.);
#3109 = EDGE_CURVE('',#3110,#3099,#3112,.T.);
#3110 = VERTEX_POINT('',#3111);
#3111 = CARTESIAN_POINT('',(-22.86,-26.565,-13.3));
#3112 = LINE('',#3113,#3114);
#3113 = CARTESIAN_POINT('',(-33.21,-26.565,-13.3));
#3114 = VECTOR('',#3115,1.);
#3115 = DIRECTION('',(-1.,-0.,0.));
#3116 = ORIENTED_EDGE('',*,*,#3117,.F.);
#3117 = EDGE_CURVE('',#3118,#3110,#3120,.T.);
#3118 = VERTEX_POINT('',#3119);
#3119 = CARTESIAN_POINT('',(-21.485,-27.94,-13.3));
#3120 = CIRCLE('',#3121,1.375);
#3121 = AXIS2_PLACEMENT_3D('',#3122,#3123,#3124);
#3122 = CARTESIAN_POINT('',(-22.86,-27.94,-13.3));
#3123 = DIRECTION('',(0.,0.,1.));
#3124 = DIRECTION('',(1.,0.,-0.));
#3125 = ORIENTED_EDGE('',*,*,#3126,.F.);
#3126 = EDGE_CURVE('',#3127,#3118,#3129,.T.);
#3127 = VERTEX_POINT('',#3128);
#3128 = CARTESIAN_POINT('',(-22.86,-29.315,-13.3));
#3129 = CIRCLE('',#3130,1.375);
#3130 = AXIS2_PLACEMENT_3D('',#3131,#3132,#3133);
#3131 = CARTESIAN_POINT('',(-22.86,-27.94,-13.3));
#3132 = DIRECTION('',(0.,0.,1.));
#3133 = DIRECTION('',(1.,0.,-0.));
#3134 = ORIENTED_EDGE('',*,*,#3135,.T.);
#3135 = EDGE_CURVE('',#3127,#3101,#3136,.T.);
#3136 = LINE('',#3137,#3138);
#3137 = CARTESIAN_POINT('',(-33.21,-29.315,-13.3));
#3138 = VECTOR('',#3139,1.);
#3139 = DIRECTION('',(-1.,-0.,0.));
#3140 = FACE_BOUND('',#3141,.F.);
#3141 = EDGE_LOOP('',(#3142,#3153,#3161,#3170));
#3142 = ORIENTED_EDGE('',*,*,#3143,.F.);
#3143 = EDGE_CURVE('',#3144,#3146,#3148,.T.);
#3144 = VERTEX_POINT('',#3145);
#3145 = CARTESIAN_POINT('',(-26.565,-17.78,-13.3));
#3146 = VERTEX_POINT('',#3147);
#3147 = CARTESIAN_POINT('',(-29.315,-17.78,-13.3));
#3148 = CIRCLE('',#3149,1.375);
#3149 = AXIS2_PLACEMENT_3D('',#3150,#3151,#3152);
#3150 = CARTESIAN_POINT('',(-27.94,-17.78,-13.3));
#3151 = DIRECTION('',(0.,0.,1.));
#3152 = DIRECTION('',(1.,0.,-0.));
#3153 = ORIENTED_EDGE('',*,*,#3154,.F.);
#3154 = EDGE_CURVE('',#3155,#3144,#3157,.T.);
#3155 = VERTEX_POINT('',#3156);
#3156 = CARTESIAN_POINT('',(-26.565,-22.86,-13.3));
#3157 = LINE('',#3158,#3159);
#3158 = CARTESIAN_POINT('',(-26.565,-30.67,-13.3));
#3159 = VECTOR('',#3160,1.);
#3160 = DIRECTION('',(-0.,1.,0.));
#3161 = ORIENTED_EDGE('',*,*,#3162,.F.);
#3162 = EDGE_CURVE('',#3163,#3155,#3165,.T.);
#3163 = VERTEX_POINT('',#3164);
#3164 = CARTESIAN_POINT('',(-29.315,-22.86,-13.3));
#3165 = CIRCLE('',#3166,1.375);
#3166 = AXIS2_PLACEMENT_3D('',#3167,#3168,#3169);
#3167 = CARTESIAN_POINT('',(-27.94,-22.86,-13.3));
#3168 = DIRECTION('',(0.,0.,1.));
#3169 = DIRECTION('',(1.,0.,-0.));
#3170 = ORIENTED_EDGE('',*,*,#3171,.T.);
#3171 = EDGE_CURVE('',#3163,#3146,#3172,.T.);
#3172 = LINE('',#3173,#3174);
#3173 = CARTESIAN_POINT('',(-29.315,-30.67,-13.3));
#3174 = VECTOR('',#3175,1.);
#3175 = DIRECTION('',(-0.,1.,0.));
#3176 = FACE_BOUND('',#3177,.F.);
#3177 = EDGE_LOOP('',(#3178));
#3178 = ORIENTED_EDGE('',*,*,#3179,.F.);
#3179 = EDGE_CURVE('',#3180,#3180,#3182,.T.);
#3180 = VERTEX_POINT('',#3181);
#3181 = CARTESIAN_POINT('',(-21.485,-22.86,-13.3));
#3182 = CIRCLE('',#3183,1.375);
#3183 = AXIS2_PLACEMENT_3D('',#3184,#3185,#3186);
#3184 = CARTESIAN_POINT('',(-22.86,-22.86,-13.3));
#3185 = DIRECTION('',(0.,0.,1.));
#3186 = DIRECTION('',(1.,0.,-0.));
#3187 = FACE_BOUND('',#3188,.F.);
#3188 = EDGE_LOOP('',(#3189,#3200,#3208,#3217,#3226));
#3189 = ORIENTED_EDGE('',*,*,#3190,.F.);
#3190 = EDGE_CURVE('',#3191,#3193,#3195,.T.);
#3191 = VERTEX_POINT('',#3192);
#3192 = CARTESIAN_POINT('',(-12.7,-26.565,-13.3));
#3193 = VERTEX_POINT('',#3194);
#3194 = CARTESIAN_POINT('',(-12.7,-29.315,-13.3));
#3195 = CIRCLE('',#3196,1.375);
#3196 = AXIS2_PLACEMENT_3D('',#3197,#3198,#3199);
#3197 = CARTESIAN_POINT('',(-12.7,-27.94,-13.3));
#3198 = DIRECTION('',(0.,0.,1.));
#3199 = DIRECTION('',(1.,0.,-0.));
#3200 = ORIENTED_EDGE('',*,*,#3201,.F.);
#3201 = EDGE_CURVE('',#3202,#3191,#3204,.T.);
#3202 = VERTEX_POINT('',#3203);
#3203 = CARTESIAN_POINT('',(-7.62,-26.565,-13.3));
#3204 = LINE('',#3205,#3206);
#3205 = CARTESIAN_POINT('',(-25.59,-26.565,-13.3));
#3206 = VECTOR('',#3207,1.);
#3207 = DIRECTION('',(-1.,-0.,0.));
#3208 = ORIENTED_EDGE('',*,*,#3209,.F.);
#3209 = EDGE_CURVE('',#3210,#3202,#3212,.T.);
#3210 = VERTEX_POINT('',#3211);
#3211 = CARTESIAN_POINT('',(-6.245,-27.94,-13.3));
#3212 = CIRCLE('',#3213,1.375);
#3213 = AXIS2_PLACEMENT_3D('',#3214,#3215,#3216);
#3214 = CARTESIAN_POINT('',(-7.62,-27.94,-13.3));
#3215 = DIRECTION('',(0.,0.,1.));
#3216 = DIRECTION('',(1.,0.,-0.));
#3217 = ORIENTED_EDGE('',*,*,#3218,.F.);
#3218 = EDGE_CURVE('',#3219,#3210,#3221,.T.);
#3219 = VERTEX_POINT('',#3220);
#3220 = CARTESIAN_POINT('',(-7.62,-29.315,-13.3));
#3221 = CIRCLE('',#3222,1.375);
#3222 = AXIS2_PLACEMENT_3D('',#3223,#3224,#3225);
#3223 = CARTESIAN_POINT('',(-7.62,-27.94,-13.3));
#3224 = DIRECTION('',(0.,0.,1.));
#3225 = DIRECTION('',(1.,0.,-0.));
#3226 = ORIENTED_EDGE('',*,*,#3227,.T.);
#3227 = EDGE_CURVE('',#3219,#3193,#3228,.T.);
#3228 = LINE('',#3229,#3230);
#3229 = CARTESIAN_POINT('',(-25.59,-29.315,-13.3));
#3230 = VECTOR('',#3231,1.);
#3231 = DIRECTION('',(-1.,-0.,0.));
#3232 = FACE_BOUND('',#3233,.F.);
#3233 = EDGE_LOOP('',(#3234,#3245,#3253,#3262));
#3234 = ORIENTED_EDGE('',*,*,#3235,.F.);
#3235 = EDGE_CURVE('',#3236,#3238,#3240,.T.);
#3236 = VERTEX_POINT('',#3237);
#3237 = CARTESIAN_POINT('',(-16.405,-22.86,-13.3));
#3238 = VERTEX_POINT('',#3239);
#3239 = CARTESIAN_POINT('',(-19.155,-22.86,-13.3));
#3240 = CIRCLE('',#3241,1.375);
#3241 = AXIS2_PLACEMENT_3D('',#3242,#3243,#3244);
#3242 = CARTESIAN_POINT('',(-17.78,-22.86,-13.3));
#3243 = DIRECTION('',(0.,0.,1.));
#3244 = DIRECTION('',(1.,0.,-0.));
#3245 = ORIENTED_EDGE('',*,*,#3246,.F.);
#3246 = EDGE_CURVE('',#3247,#3236,#3249,.T.);
#3247 = VERTEX_POINT('',#3248);
#3248 = CARTESIAN_POINT('',(-16.405,-27.94,-13.3));
#3249 = LINE('',#3250,#3251);
#3250 = CARTESIAN_POINT('',(-16.405,-33.21,-13.3));
#3251 = VECTOR('',#3252,1.);
#3252 = DIRECTION('',(-0.,1.,0.));
#3253 = ORIENTED_EDGE('',*,*,#3254,.F.);
#3254 = EDGE_CURVE('',#3255,#3247,#3257,.T.);
#3255 = VERTEX_POINT('',#3256);
#3256 = CARTESIAN_POINT('',(-19.155,-27.94,-13.3));
#3257 = CIRCLE('',#3258,1.375);
#3258 = AXIS2_PLACEMENT_3D('',#3259,#3260,#3261);
#3259 = CARTESIAN_POINT('',(-17.78,-27.94,-13.3));
#3260 = DIRECTION('',(0.,0.,1.));
#3261 = DIRECTION('',(1.,0.,-0.));
#3262 = ORIENTED_EDGE('',*,*,#3263,.T.);
#3263 = EDGE_CURVE('',#3255,#3238,#3264,.T.);
#3264 = LINE('',#3265,#3266);
#3265 = CARTESIAN_POINT('',(-19.155,-33.21,-13.3));
#3266 = VECTOR('',#3267,1.);
#3267 = DIRECTION('',(-0.,1.,0.));
#3268 = FACE_BOUND('',#3269,.F.);
#3269 = EDGE_LOOP('',(#3270,#3281,#3289,#3298));
#3270 = ORIENTED_EDGE('',*,*,#3271,.F.);
#3271 = EDGE_CURVE('',#3272,#3274,#3276,.T.);
#3272 = VERTEX_POINT('',#3273);
#3273 = CARTESIAN_POINT('',(-11.325,-17.78,-13.3));
#3274 = VERTEX_POINT('',#3275);
#3275 = CARTESIAN_POINT('',(-14.075,-17.78,-13.3));
#3276 = CIRCLE('',#3277,1.375);
#3277 = AXIS2_PLACEMENT_3D('',#3278,#3279,#3280);
#3278 = CARTESIAN_POINT('',(-12.7,-17.78,-13.3));
#3279 = DIRECTION('',(0.,0.,1.));
#3280 = DIRECTION('',(1.,0.,-0.));
#3281 = ORIENTED_EDGE('',*,*,#3282,.F.);
#3282 = EDGE_CURVE('',#3283,#3272,#3285,.T.);
#3283 = VERTEX_POINT('',#3284);
#3284 = CARTESIAN_POINT('',(-11.325,-22.86,-13.3));
#3285 = LINE('',#3286,#3287);
#3286 = CARTESIAN_POINT('',(-11.325,-30.67,-13.3));
#3287 = VECTOR('',#3288,1.);
#3288 = DIRECTION('',(-0.,1.,0.));
#3289 = ORIENTED_EDGE('',*,*,#3290,.F.);
#3290 = EDGE_CURVE('',#3291,#3283,#3293,.T.);
#3291 = VERTEX_POINT('',#3292);
#3292 = CARTESIAN_POINT('',(-14.075,-22.86,-13.3));
#3293 = CIRCLE('',#3294,1.375);
#3294 = AXIS2_PLACEMENT_3D('',#3295,#3296,#3297);
#3295 = CARTESIAN_POINT('',(-12.7,-22.86,-13.3));
#3296 = DIRECTION('',(0.,0.,1.));
#3297 = DIRECTION('',(1.,0.,-0.));
#3298 = ORIENTED_EDGE('',*,*,#3299,.T.);
#3299 = EDGE_CURVE('',#3291,#3274,#3300,.T.);
#3300 = LINE('',#3301,#3302);
#3301 = CARTESIAN_POINT('',(-14.075,-30.67,-13.3));
#3302 = VECTOR('',#3303,1.);
#3303 = DIRECTION('',(-0.,1.,0.));
#3304 = FACE_BOUND('',#3305,.F.);
#3305 = EDGE_LOOP('',(#3306));
#3306 = ORIENTED_EDGE('',*,*,#3307,.F.);
#3307 = EDGE_CURVE('',#3308,#3308,#3310,.T.);
#3308 = VERTEX_POINT('',#3309);
#3309 = CARTESIAN_POINT('',(-6.245,-22.86,-13.3));
#3310 = CIRCLE('',#3311,1.375);
#3311 = AXIS2_PLACEMENT_3D('',#3312,#3313,#3314);
#3312 = CARTESIAN_POINT('',(-7.62,-22.86,-13.3));
#3313 = DIRECTION('',(0.,0.,1.));
#3314 = DIRECTION('',(1.,0.,-0.));
#3315 = FACE_BOUND('',#3316,.F.);
#3316 = EDGE_LOOP('',(#3317,#3328,#3336,#3345));
#3317 = ORIENTED_EDGE('',*,*,#3318,.F.);
#3318 = EDGE_CURVE('',#3319,#3321,#3323,.T.);
#3319 = VERTEX_POINT('',#3320);
#3320 = CARTESIAN_POINT('',(-1.165,-22.86,-13.3));
#3321 = VERTEX_POINT('',#3322);
#3322 = CARTESIAN_POINT('',(-3.915,-22.86,-13.3));
#3323 = CIRCLE('',#3324,1.375);
#3324 = AXIS2_PLACEMENT_3D('',#3325,#3326,#3327);
#3325 = CARTESIAN_POINT('',(-2.54,-22.86,-13.3));
#3326 = DIRECTION('',(0.,0.,1.));
#3327 = DIRECTION('',(1.,0.,-0.));
#3328 = ORIENTED_EDGE('',*,*,#3329,.F.);
#3329 = EDGE_CURVE('',#3330,#3319,#3332,.T.);
#3330 = VERTEX_POINT('',#3331);
#3331 = CARTESIAN_POINT('',(-1.165,-27.94,-13.3));
#3332 = LINE('',#3333,#3334);
#3333 = CARTESIAN_POINT('',(-1.165,-33.21,-13.3));
#3334 = VECTOR('',#3335,1.);
#3335 = DIRECTION('',(-0.,1.,0.));
#3336 = ORIENTED_EDGE('',*,*,#3337,.F.);
#3337 = EDGE_CURVE('',#3338,#3330,#3340,.T.);
#3338 = VERTEX_POINT('',#3339);
#3339 = CARTESIAN_POINT('',(-3.915,-27.94,-13.3));
#3340 = CIRCLE('',#3341,1.375);
#3341 = AXIS2_PLACEMENT_3D('',#3342,#3343,#3344);
#3342 = CARTESIAN_POINT('',(-2.54,-27.94,-13.3));
#3343 = DIRECTION('',(0.,0.,1.));
#3344 = DIRECTION('',(1.,0.,-0.));
#3345 = ORIENTED_EDGE('',*,*,#3346,.T.);
#3346 = EDGE_CURVE('',#3338,#3321,#3347,.T.);
#3347 = LINE('',#3348,#3349);
#3348 = CARTESIAN_POINT('',(-3.915,-33.21,-13.3));
#3349 = VECTOR('',#3350,1.);
#3350 = DIRECTION('',(-0.,1.,0.));
#3351 = FACE_BOUND('',#3352,.F.);
#3352 = EDGE_LOOP('',(#3353,#3364,#3372,#3381,#3390));
#3353 = ORIENTED_EDGE('',*,*,#3354,.F.);
#3354 = EDGE_CURVE('',#3355,#3357,#3359,.T.);
#3355 = VERTEX_POINT('',#3356);
#3356 = CARTESIAN_POINT('',(-22.86,-16.405,-13.3));
#3357 = VERTEX_POINT('',#3358);
#3358 = CARTESIAN_POINT('',(-22.86,-19.155,-13.3));
#3359 = CIRCLE('',#3360,1.375);
#3360 = AXIS2_PLACEMENT_3D('',#3361,#3362,#3363);
#3361 = CARTESIAN_POINT('',(-22.86,-17.78,-13.3));
#3362 = DIRECTION('',(0.,0.,1.));
#3363 = DIRECTION('',(1.,0.,-0.));
#3364 = ORIENTED_EDGE('',*,*,#3365,.F.);
#3365 = EDGE_CURVE('',#3366,#3355,#3368,.T.);
#3366 = VERTEX_POINT('',#3367);
#3367 = CARTESIAN_POINT('',(-17.78,-16.405,-13.3));
#3368 = LINE('',#3369,#3370);
#3369 = CARTESIAN_POINT('',(-30.67,-16.405,-13.3));
#3370 = VECTOR('',#3371,1.);
#3371 = DIRECTION('',(-1.,-0.,0.));
#3372 = ORIENTED_EDGE('',*,*,#3373,.F.);
#3373 = EDGE_CURVE('',#3374,#3366,#3376,.T.);
#3374 = VERTEX_POINT('',#3375);
#3375 = CARTESIAN_POINT('',(-16.405,-17.78,-13.3));
#3376 = CIRCLE('',#3377,1.375);
#3377 = AXIS2_PLACEMENT_3D('',#3378,#3379,#3380);
#3378 = CARTESIAN_POINT('',(-17.78,-17.78,-13.3));
#3379 = DIRECTION('',(0.,0.,1.));
#3380 = DIRECTION('',(1.,0.,-0.));
#3381 = ORIENTED_EDGE('',*,*,#3382,.F.);
#3382 = EDGE_CURVE('',#3383,#3374,#3385,.T.);
#3383 = VERTEX_POINT('',#3384);
#3384 = CARTESIAN_POINT('',(-17.78,-19.155,-13.3));
#3385 = CIRCLE('',#3386,1.375);
#3386 = AXIS2_PLACEMENT_3D('',#3387,#3388,#3389);
#3387 = CARTESIAN_POINT('',(-17.78,-17.78,-13.3));
#3388 = DIRECTION('',(0.,0.,1.));
#3389 = DIRECTION('',(1.,0.,-0.));
#3390 = ORIENTED_EDGE('',*,*,#3391,.T.);
#3391 = EDGE_CURVE('',#3383,#3357,#3392,.T.);
#3392 = LINE('',#3393,#3394);
#3393 = CARTESIAN_POINT('',(-30.67,-19.155,-13.3));
#3394 = VECTOR('',#3395,1.);
#3395 = DIRECTION('',(-1.,-0.,0.));
#3396 = FACE_BOUND('',#3397,.F.);
#3397 = EDGE_LOOP('',(#3398,#3409,#3417,#3426,#3435));
#3398 = ORIENTED_EDGE('',*,*,#3399,.F.);
#3399 = EDGE_CURVE('',#3400,#3402,#3404,.T.);
#3400 = VERTEX_POINT('',#3401);
#3401 = CARTESIAN_POINT('',(-27.94,-11.325,-13.3));
#3402 = VERTEX_POINT('',#3403);
#3403 = CARTESIAN_POINT('',(-27.94,-14.075,-13.3));
#3404 = CIRCLE('',#3405,1.375);
#3405 = AXIS2_PLACEMENT_3D('',#3406,#3407,#3408);
#3406 = CARTESIAN_POINT('',(-27.94,-12.7,-13.3));
#3407 = DIRECTION('',(0.,0.,1.));
#3408 = DIRECTION('',(1.,0.,-0.));
#3409 = ORIENTED_EDGE('',*,*,#3410,.F.);
#3410 = EDGE_CURVE('',#3411,#3400,#3413,.T.);
#3411 = VERTEX_POINT('',#3412);
#3412 = CARTESIAN_POINT('',(-22.86,-11.325,-13.3));
#3413 = LINE('',#3414,#3415);
#3414 = CARTESIAN_POINT('',(-33.21,-11.325,-13.3));
#3415 = VECTOR('',#3416,1.);
#3416 = DIRECTION('',(-1.,-0.,0.));
#3417 = ORIENTED_EDGE('',*,*,#3418,.F.);
#3418 = EDGE_CURVE('',#3419,#3411,#3421,.T.);
#3419 = VERTEX_POINT('',#3420);
#3420 = CARTESIAN_POINT('',(-21.485,-12.7,-13.3));
#3421 = CIRCLE('',#3422,1.375);
#3422 = AXIS2_PLACEMENT_3D('',#3423,#3424,#3425);
#3423 = CARTESIAN_POINT('',(-22.86,-12.7,-13.3));
#3424 = DIRECTION('',(0.,0.,1.));
#3425 = DIRECTION('',(1.,0.,-0.));
#3426 = ORIENTED_EDGE('',*,*,#3427,.F.);
#3427 = EDGE_CURVE('',#3428,#3419,#3430,.T.);
#3428 = VERTEX_POINT('',#3429);
#3429 = CARTESIAN_POINT('',(-22.86,-14.075,-13.3));
#3430 = CIRCLE('',#3431,1.375);
#3431 = AXIS2_PLACEMENT_3D('',#3432,#3433,#3434);
#3432 = CARTESIAN_POINT('',(-22.86,-12.7,-13.3));
#3433 = DIRECTION('',(0.,0.,1.));
#3434 = DIRECTION('',(1.,0.,-0.));
#3435 = ORIENTED_EDGE('',*,*,#3436,.T.);
#3436 = EDGE_CURVE('',#3428,#3402,#3437,.T.);
#3437 = LINE('',#3438,#3439);
#3438 = CARTESIAN_POINT('',(-33.21,-14.075,-13.3));
#3439 = VECTOR('',#3440,1.);
#3440 = DIRECTION('',(-1.,-0.,0.));
#3441 = FACE_BOUND('',#3442,.F.);
#3442 = EDGE_LOOP('',(#3443,#3454,#3462,#3471));
#3443 = ORIENTED_EDGE('',*,*,#3444,.F.);
#3444 = EDGE_CURVE('',#3445,#3447,#3449,.T.);
#3445 = VERTEX_POINT('',#3446);
#3446 = CARTESIAN_POINT('',(-26.565,-2.54,-13.3));
#3447 = VERTEX_POINT('',#3448);
#3448 = CARTESIAN_POINT('',(-29.315,-2.54,-13.3));
#3449 = CIRCLE('',#3450,1.375);
#3450 = AXIS2_PLACEMENT_3D('',#3451,#3452,#3453);
#3451 = CARTESIAN_POINT('',(-27.94,-2.54,-13.3));
#3452 = DIRECTION('',(0.,0.,1.));
#3453 = DIRECTION('',(1.,0.,-0.));
#3454 = ORIENTED_EDGE('',*,*,#3455,.F.);
#3455 = EDGE_CURVE('',#3456,#3445,#3458,.T.);
#3456 = VERTEX_POINT('',#3457);
#3457 = CARTESIAN_POINT('',(-26.565,-7.62,-13.3));
#3458 = LINE('',#3459,#3460);
#3459 = CARTESIAN_POINT('',(-26.565,-23.05,-13.3));
#3460 = VECTOR('',#3461,1.);
#3461 = DIRECTION('',(-0.,1.,0.));
#3462 = ORIENTED_EDGE('',*,*,#3463,.F.);
#3463 = EDGE_CURVE('',#3464,#3456,#3466,.T.);
#3464 = VERTEX_POINT('',#3465);
#3465 = CARTESIAN_POINT('',(-29.315,-7.62,-13.3));
#3466 = CIRCLE('',#3467,1.375);
#3467 = AXIS2_PLACEMENT_3D('',#3468,#3469,#3470);
#3468 = CARTESIAN_POINT('',(-27.94,-7.62,-13.3));
#3469 = DIRECTION('',(0.,0.,1.));
#3470 = DIRECTION('',(1.,0.,-0.));
#3471 = ORIENTED_EDGE('',*,*,#3472,.T.);
#3472 = EDGE_CURVE('',#3464,#3447,#3473,.T.);
#3473 = LINE('',#3474,#3475);
#3474 = CARTESIAN_POINT('',(-29.315,-23.05,-13.3));
#3475 = VECTOR('',#3476,1.);
#3476 = DIRECTION('',(-0.,1.,0.));
#3477 = FACE_BOUND('',#3478,.F.);
#3478 = EDGE_LOOP('',(#3479));
#3479 = ORIENTED_EDGE('',*,*,#3480,.F.);
#3480 = EDGE_CURVE('',#3481,#3481,#3483,.T.);
#3481 = VERTEX_POINT('',#3482);
#3482 = CARTESIAN_POINT('',(-21.485,-7.62,-13.3));
#3483 = CIRCLE('',#3484,1.375);
#3484 = AXIS2_PLACEMENT_3D('',#3485,#3486,#3487);
#3485 = CARTESIAN_POINT('',(-22.86,-7.62,-13.3));
#3486 = DIRECTION('',(0.,0.,1.));
#3487 = DIRECTION('',(1.,0.,-0.));
#3488 = FACE_BOUND('',#3489,.F.);
#3489 = EDGE_LOOP('',(#3490,#3501,#3509,#3518,#3527));
#3490 = ORIENTED_EDGE('',*,*,#3491,.F.);
#3491 = EDGE_CURVE('',#3492,#3494,#3496,.T.);
#3492 = VERTEX_POINT('',#3493);
#3493 = CARTESIAN_POINT('',(-22.86,-1.165,-13.3));
#3494 = VERTEX_POINT('',#3495);
#3495 = CARTESIAN_POINT('',(-22.86,-3.915,-13.3));
#3496 = CIRCLE('',#3497,1.375);
#3497 = AXIS2_PLACEMENT_3D('',#3498,#3499,#3500);
#3498 = CARTESIAN_POINT('',(-22.86,-2.54,-13.3));
#3499 = DIRECTION('',(0.,0.,1.));
#3500 = DIRECTION('',(1.,0.,-0.));
#3501 = ORIENTED_EDGE('',*,*,#3502,.F.);
#3502 = EDGE_CURVE('',#3503,#3492,#3505,.T.);
#3503 = VERTEX_POINT('',#3504);
#3504 = CARTESIAN_POINT('',(-17.78,-1.165,-13.3));
#3505 = LINE('',#3506,#3507);
#3506 = CARTESIAN_POINT('',(-30.67,-1.165,-13.3));
#3507 = VECTOR('',#3508,1.);
#3508 = DIRECTION('',(-1.,-0.,0.));
#3509 = ORIENTED_EDGE('',*,*,#3510,.F.);
#3510 = EDGE_CURVE('',#3511,#3503,#3513,.T.);
#3511 = VERTEX_POINT('',#3512);
#3512 = CARTESIAN_POINT('',(-16.405,-2.54,-13.3));
#3513 = CIRCLE('',#3514,1.375);
#3514 = AXIS2_PLACEMENT_3D('',#3515,#3516,#3517);
#3515 = CARTESIAN_POINT('',(-17.78,-2.54,-13.3));
#3516 = DIRECTION('',(0.,0.,1.));
#3517 = DIRECTION('',(1.,0.,-0.));
#3518 = ORIENTED_EDGE('',*,*,#3519,.F.);
#3519 = EDGE_CURVE('',#3520,#3511,#3522,.T.);
#3520 = VERTEX_POINT('',#3521);
#3521 = CARTESIAN_POINT('',(-17.78,-3.915,-13.3));
#3522 = CIRCLE('',#3523,1.375);
#3523 = AXIS2_PLACEMENT_3D('',#3524,#3525,#3526);
#3524 = CARTESIAN_POINT('',(-17.78,-2.54,-13.3));
#3525 = DIRECTION('',(0.,0.,1.));
#3526 = DIRECTION('',(1.,0.,-0.));
#3527 = ORIENTED_EDGE('',*,*,#3528,.T.);
#3528 = EDGE_CURVE('',#3520,#3494,#3529,.T.);
#3529 = LINE('',#3530,#3531);
#3530 = CARTESIAN_POINT('',(-30.67,-3.915,-13.3));
#3531 = VECTOR('',#3532,1.);
#3532 = DIRECTION('',(-1.,-0.,0.));
#3533 = FACE_BOUND('',#3534,.F.);
#3534 = EDGE_LOOP('',(#3535,#3546,#3554,#3563));
#3535 = ORIENTED_EDGE('',*,*,#3536,.F.);
#3536 = EDGE_CURVE('',#3537,#3539,#3541,.T.);
#3537 = VERTEX_POINT('',#3538);
#3538 = CARTESIAN_POINT('',(-16.405,-7.62,-13.3));
#3539 = VERTEX_POINT('',#3540);
#3540 = CARTESIAN_POINT('',(-19.155,-7.62,-13.3));
#3541 = CIRCLE('',#3542,1.375);
#3542 = AXIS2_PLACEMENT_3D('',#3543,#3544,#3545);
#3543 = CARTESIAN_POINT('',(-17.78,-7.62,-13.3));
#3544 = DIRECTION('',(0.,0.,1.));
#3545 = DIRECTION('',(1.,0.,-0.));
#3546 = ORIENTED_EDGE('',*,*,#3547,.F.);
#3547 = EDGE_CURVE('',#3548,#3537,#3550,.T.);
#3548 = VERTEX_POINT('',#3549);
#3549 = CARTESIAN_POINT('',(-16.405,-12.7,-13.3));
#3550 = LINE('',#3551,#3552);
#3551 = CARTESIAN_POINT('',(-16.405,-25.59,-13.3));
#3552 = VECTOR('',#3553,1.);
#3553 = DIRECTION('',(-0.,1.,0.));
#3554 = ORIENTED_EDGE('',*,*,#3555,.F.);
#3555 = EDGE_CURVE('',#3556,#3548,#3558,.T.);
#3556 = VERTEX_POINT('',#3557);
#3557 = CARTESIAN_POINT('',(-19.155,-12.7,-13.3));
#3558 = CIRCLE('',#3559,1.375);
#3559 = AXIS2_PLACEMENT_3D('',#3560,#3561,#3562);
#3560 = CARTESIAN_POINT('',(-17.78,-12.7,-13.3));
#3561 = DIRECTION('',(0.,0.,1.));
#3562 = DIRECTION('',(1.,0.,-0.));
#3563 = ORIENTED_EDGE('',*,*,#3564,.T.);
#3564 = EDGE_CURVE('',#3556,#3539,#3565,.T.);
#3565 = LINE('',#3566,#3567);
#3566 = CARTESIAN_POINT('',(-19.155,-25.59,-13.3));
#3567 = VECTOR('',#3568,1.);
#3568 = DIRECTION('',(-0.,1.,0.));
#3569 = FACE_BOUND('',#3570,.F.);
#3570 = EDGE_LOOP('',(#3571,#3582,#3590,#3599,#3608));
#3571 = ORIENTED_EDGE('',*,*,#3572,.F.);
#3572 = EDGE_CURVE('',#3573,#3575,#3577,.T.);
#3573 = VERTEX_POINT('',#3574);
#3574 = CARTESIAN_POINT('',(-12.7,-11.325,-13.3));
#3575 = VERTEX_POINT('',#3576);
#3576 = CARTESIAN_POINT('',(-12.7,-14.075,-13.3));
#3577 = CIRCLE('',#3578,1.375);
#3578 = AXIS2_PLACEMENT_3D('',#3579,#3580,#3581);
#3579 = CARTESIAN_POINT('',(-12.7,-12.7,-13.3));
#3580 = DIRECTION('',(0.,0.,1.));
#3581 = DIRECTION('',(1.,0.,-0.));
#3582 = ORIENTED_EDGE('',*,*,#3583,.F.);
#3583 = EDGE_CURVE('',#3584,#3573,#3586,.T.);
#3584 = VERTEX_POINT('',#3585);
#3585 = CARTESIAN_POINT('',(-7.62,-11.325,-13.3));
#3586 = LINE('',#3587,#3588);
#3587 = CARTESIAN_POINT('',(-25.59,-11.325,-13.3));
#3588 = VECTOR('',#3589,1.);
#3589 = DIRECTION('',(-1.,-0.,0.));
#3590 = ORIENTED_EDGE('',*,*,#3591,.F.);
#3591 = EDGE_CURVE('',#3592,#3584,#3594,.T.);
#3592 = VERTEX_POINT('',#3593);
#3593 = CARTESIAN_POINT('',(-6.245,-12.7,-13.3));
#3594 = CIRCLE('',#3595,1.375);
#3595 = AXIS2_PLACEMENT_3D('',#3596,#3597,#3598);
#3596 = CARTESIAN_POINT('',(-7.62,-12.7,-13.3));
#3597 = DIRECTION('',(0.,0.,1.));
#3598 = DIRECTION('',(1.,0.,-0.));
#3599 = ORIENTED_EDGE('',*,*,#3600,.F.);
#3600 = EDGE_CURVE('',#3601,#3592,#3603,.T.);
#3601 = VERTEX_POINT('',#3602);
#3602 = CARTESIAN_POINT('',(-7.62,-14.075,-13.3));
#3603 = CIRCLE('',#3604,1.375);
#3604 = AXIS2_PLACEMENT_3D('',#3605,#3606,#3607);
#3605 = CARTESIAN_POINT('',(-7.62,-12.7,-13.3));
#3606 = DIRECTION('',(0.,0.,1.));
#3607 = DIRECTION('',(1.,0.,-0.));
#3608 = ORIENTED_EDGE('',*,*,#3609,.T.);
#3609 = EDGE_CURVE('',#3601,#3575,#3610,.T.);
#3610 = LINE('',#3611,#3612);
#3611 = CARTESIAN_POINT('',(-25.59,-14.075,-13.3));
#3612 = VECTOR('',#3613,1.);
#3613 = DIRECTION('',(-1.,-0.,0.));
#3614 = FACE_BOUND('',#3615,.F.);
#3615 = EDGE_LOOP('',(#3616,#3627,#3635,#3644,#3653));
#3616 = ORIENTED_EDGE('',*,*,#3617,.F.);
#3617 = EDGE_CURVE('',#3618,#3620,#3622,.T.);
#3618 = VERTEX_POINT('',#3619);
#3619 = CARTESIAN_POINT('',(-7.62,-16.405,-13.3));
#3620 = VERTEX_POINT('',#3621);
#3621 = CARTESIAN_POINT('',(-7.62,-19.155,-13.3));
#3622 = CIRCLE('',#3623,1.375);
#3623 = AXIS2_PLACEMENT_3D('',#3624,#3625,#3626);
#3624 = CARTESIAN_POINT('',(-7.62,-17.78,-13.3));
#3625 = DIRECTION('',(0.,0.,1.));
#3626 = DIRECTION('',(1.,0.,-0.));
#3627 = ORIENTED_EDGE('',*,*,#3628,.F.);
#3628 = EDGE_CURVE('',#3629,#3618,#3631,.T.);
#3629 = VERTEX_POINT('',#3630);
#3630 = CARTESIAN_POINT('',(-2.54,-16.405,-13.3));
#3631 = LINE('',#3632,#3633);
#3632 = CARTESIAN_POINT('',(-23.05,-16.405,-13.3));
#3633 = VECTOR('',#3634,1.);
#3634 = DIRECTION('',(-1.,-0.,0.));
#3635 = ORIENTED_EDGE('',*,*,#3636,.F.);
#3636 = EDGE_CURVE('',#3637,#3629,#3639,.T.);
#3637 = VERTEX_POINT('',#3638);
#3638 = CARTESIAN_POINT('',(-1.165,-17.78,-13.3));
#3639 = CIRCLE('',#3640,1.375);
#3640 = AXIS2_PLACEMENT_3D('',#3641,#3642,#3643);
#3641 = CARTESIAN_POINT('',(-2.54,-17.78,-13.3));
#3642 = DIRECTION('',(0.,0.,1.));
#3643 = DIRECTION('',(1.,0.,-0.));
#3644 = ORIENTED_EDGE('',*,*,#3645,.F.);
#3645 = EDGE_CURVE('',#3646,#3637,#3648,.T.);
#3646 = VERTEX_POINT('',#3647);
#3647 = CARTESIAN_POINT('',(-2.54,-19.155,-13.3));
#3648 = CIRCLE('',#3649,1.375);
#3649 = AXIS2_PLACEMENT_3D('',#3650,#3651,#3652);
#3650 = CARTESIAN_POINT('',(-2.54,-17.78,-13.3));
#3651 = DIRECTION('',(0.,0.,1.));
#3652 = DIRECTION('',(1.,0.,-0.));
#3653 = ORIENTED_EDGE('',*,*,#3654,.T.);
#3654 = EDGE_CURVE('',#3646,#3620,#3655,.T.);
#3655 = LINE('',#3656,#3657);
#3656 = CARTESIAN_POINT('',(-23.05,-19.155,-13.3));
#3657 = VECTOR('',#3658,1.);
#3658 = DIRECTION('',(-1.,-0.,0.));
#3659 = FACE_BOUND('',#3660,.F.);
#3660 = EDGE_LOOP('',(#3661,#3672,#3680,#3689));
#3661 = ORIENTED_EDGE('',*,*,#3662,.F.);
#3662 = EDGE_CURVE('',#3663,#3665,#3667,.T.);
#3663 = VERTEX_POINT('',#3664);
#3664 = CARTESIAN_POINT('',(-1.165,-7.62,-13.3));
#3665 = VERTEX_POINT('',#3666);
#3666 = CARTESIAN_POINT('',(-3.915,-7.62,-13.3));
#3667 = CIRCLE('',#3668,1.375);
#3668 = AXIS2_PLACEMENT_3D('',#3669,#3670,#3671);
#3669 = CARTESIAN_POINT('',(-2.54,-7.62,-13.3));
#3670 = DIRECTION('',(0.,0.,1.));
#3671 = DIRECTION('',(1.,0.,-0.));
#3672 = ORIENTED_EDGE('',*,*,#3673,.F.);
#3673 = EDGE_CURVE('',#3674,#3663,#3676,.T.);
#3674 = VERTEX_POINT('',#3675);
#3675 = CARTESIAN_POINT('',(-1.165,-12.7,-13.3));
#3676 = LINE('',#3677,#3678);
#3677 = CARTESIAN_POINT('',(-1.165,-25.59,-13.3));
#3678 = VECTOR('',#3679,1.);
#3679 = DIRECTION('',(-0.,1.,0.));
#3680 = ORIENTED_EDGE('',*,*,#3681,.F.);
#3681 = EDGE_CURVE('',#3682,#3674,#3684,.T.);
#3682 = VERTEX_POINT('',#3683);
#3683 = CARTESIAN_POINT('',(-3.915,-12.7,-13.3));
#3684 = CIRCLE('',#3685,1.375);
#3685 = AXIS2_PLACEMENT_3D('',#3686,#3687,#3688);
#3686 = CARTESIAN_POINT('',(-2.54,-12.7,-13.3));
#3687 = DIRECTION('',(0.,0.,1.));
#3688 = DIRECTION('',(1.,0.,-0.));
#3689 = ORIENTED_EDGE('',*,*,#3690,.T.);
#3690 = EDGE_CURVE('',#3682,#3665,#3691,.T.);
#3691 = LINE('',#3692,#3693);
#3692 = CARTESIAN_POINT('',(-3.915,-25.59,-13.3));
#3693 = VECTOR('',#3694,1.);
#3694 = DIRECTION('',(-0.,1.,0.));
#3695 = FACE_BOUND('',#3696,.F.);
#3696 = EDGE_LOOP('',(#3697,#3708,#3716,#3725));
#3697 = ORIENTED_EDGE('',*,*,#3698,.F.);
#3698 = EDGE_CURVE('',#3699,#3701,#3703,.T.);
#3699 = VERTEX_POINT('',#3700);
#3700 = CARTESIAN_POINT('',(-11.325,-2.54,-13.3));
#3701 = VERTEX_POINT('',#3702);
#3702 = CARTESIAN_POINT('',(-14.075,-2.54,-13.3));
#3703 = CIRCLE('',#3704,1.375);
#3704 = AXIS2_PLACEMENT_3D('',#3705,#3706,#3707);
#3705 = CARTESIAN_POINT('',(-12.7,-2.54,-13.3));
#3706 = DIRECTION('',(0.,0.,1.));
#3707 = DIRECTION('',(1.,0.,-0.));
#3708 = ORIENTED_EDGE('',*,*,#3709,.F.);
#3709 = EDGE_CURVE('',#3710,#3699,#3712,.T.);
#3710 = VERTEX_POINT('',#3711);
#3711 = CARTESIAN_POINT('',(-11.325,-7.62,-13.3));
#3712 = LINE('',#3713,#3714);
#3713 = CARTESIAN_POINT('',(-11.325,-23.05,-13.3));
#3714 = VECTOR('',#3715,1.);
#3715 = DIRECTION('',(-0.,1.,0.));
#3716 = ORIENTED_EDGE('',*,*,#3717,.F.);
#3717 = EDGE_CURVE('',#3718,#3710,#3720,.T.);
#3718 = VERTEX_POINT('',#3719);
#3719 = CARTESIAN_POINT('',(-14.075,-7.62,-13.3));
#3720 = CIRCLE('',#3721,1.375);
#3721 = AXIS2_PLACEMENT_3D('',#3722,#3723,#3724);
#3722 = CARTESIAN_POINT('',(-12.7,-7.62,-13.3));
#3723 = DIRECTION('',(0.,0.,1.));
#3724 = DIRECTION('',(1.,0.,-0.));
#3725 = ORIENTED_EDGE('',*,*,#3726,.T.);
#3726 = EDGE_CURVE('',#3718,#3701,#3727,.T.);
#3727 = LINE('',#3728,#3729);
#3728 = CARTESIAN_POINT('',(-14.075,-23.05,-13.3));
#3729 = VECTOR('',#3730,1.);
#3730 = DIRECTION('',(-0.,1.,0.));
#3731 = FACE_BOUND('',#3732,.F.);
#3732 = EDGE_LOOP('',(#3733));
#3733 = ORIENTED_EDGE('',*,*,#3734,.F.);
#3734 = EDGE_CURVE('',#3735,#3735,#3737,.T.);
#3735 = VERTEX_POINT('',#3736);
#3736 = CARTESIAN_POINT('',(-6.245,-7.62,-13.3));
#3737 = CIRCLE('',#3738,1.375);
#3738 = AXIS2_PLACEMENT_3D('',#3739,#3740,#3741);
#3739 = CARTESIAN_POINT('',(-7.62,-7.62,-13.3));
#3740 = DIRECTION('',(0.,0.,1.));
#3741 = DIRECTION('',(1.,0.,-0.));
#3742 = FACE_BOUND('',#3743,.F.);
#3743 = EDGE_LOOP('',(#3744,#3755,#3763,#3772,#3781));
#3744 = ORIENTED_EDGE('',*,*,#3745,.F.);
#3745 = EDGE_CURVE('',#3746,#3748,#3750,.T.);
#3746 = VERTEX_POINT('',#3747);
#3747 = CARTESIAN_POINT('',(-7.62,-1.165,-13.3));
#3748 = VERTEX_POINT('',#3749);
#3749 = CARTESIAN_POINT('',(-7.62,-3.915,-13.3));
#3750 = CIRCLE('',#3751,1.375);
#3751 = AXIS2_PLACEMENT_3D('',#3752,#3753,#3754);
#3752 = CARTESIAN_POINT('',(-7.62,-2.54,-13.3));
#3753 = DIRECTION('',(0.,0.,1.));
#3754 = DIRECTION('',(1.,0.,-0.));
#3755 = ORIENTED_EDGE('',*,*,#3756,.F.);
#3756 = EDGE_CURVE('',#3757,#3746,#3759,.T.);
#3757 = VERTEX_POINT('',#3758);
#3758 = CARTESIAN_POINT('',(-2.54,-1.165,-13.3));
#3759 = LINE('',#3760,#3761);
#3760 = CARTESIAN_POINT('',(-23.05,-1.165,-13.3));
#3761 = VECTOR('',#3762,1.);
#3762 = DIRECTION('',(-1.,-0.,0.));
#3763 = ORIENTED_EDGE('',*,*,#3764,.F.);
#3764 = EDGE_CURVE('',#3765,#3757,#3767,.T.);
#3765 = VERTEX_POINT('',#3766);
#3766 = CARTESIAN_POINT('',(-1.165,-2.54,-13.3));
#3767 = CIRCLE('',#3768,1.375);
#3768 = AXIS2_PLACEMENT_3D('',#3769,#3770,#3771);
#3769 = CARTESIAN_POINT('',(-2.54,-2.54,-13.3));
#3770 = DIRECTION('',(0.,0.,1.));
#3771 = DIRECTION('',(1.,0.,-0.));
#3772 = ORIENTED_EDGE('',*,*,#3773,.F.);
#3773 = EDGE_CURVE('',#3774,#3765,#3776,.T.);
#3774 = VERTEX_POINT('',#3775);
#3775 = CARTESIAN_POINT('',(-2.54,-3.915,-13.3));
#3776 = CIRCLE('',#3777,1.375);
#3777 = AXIS2_PLACEMENT_3D('',#3778,#3779,#3780);
#3778 = CARTESIAN_POINT('',(-2.54,-2.54,-13.3));
#3779 = DIRECTION('',(0.,0.,1.));
#3780 = DIRECTION('',(1.,0.,-0.));
#3781 = ORIENTED_EDGE('',*,*,#3782,.T.);
#3782 = EDGE_CURVE('',#3774,#3748,#3783,.T.);
#3783 = LINE('',#3784,#3785);
#3784 = CARTESIAN_POINT('',(-23.05,-3.915,-13.3));
#3785 = VECTOR('',#3786,1.);
#3786 = DIRECTION('',(-1.,-0.,0.));
#3787 = FACE_BOUND('',#3788,.F.);
#3788 = EDGE_LOOP('',(#3789,#3800,#3808,#3817,#3826));
#3789 = ORIENTED_EDGE('',*,*,#3790,.F.);
#3790 = EDGE_CURVE('',#3791,#3793,#3795,.T.);
#3791 = VERTEX_POINT('',#3792);
#3792 = CARTESIAN_POINT('',(2.54,-26.565,-13.3));
#3793 = VERTEX_POINT('',#3794);
#3794 = CARTESIAN_POINT('',(2.54,-29.315,-13.3));
#3795 = CIRCLE('',#3796,1.375);
#3796 = AXIS2_PLACEMENT_3D('',#3797,#3798,#3799);
#3797 = CARTESIAN_POINT('',(2.54,-27.94,-13.3));
#3798 = DIRECTION('',(0.,0.,1.));
#3799 = DIRECTION('',(1.,0.,-0.));
#3800 = ORIENTED_EDGE('',*,*,#3801,.F.);
#3801 = EDGE_CURVE('',#3802,#3791,#3804,.T.);
#3802 = VERTEX_POINT('',#3803);
#3803 = CARTESIAN_POINT('',(7.62,-26.565,-13.3));
#3804 = LINE('',#3805,#3806);
#3805 = CARTESIAN_POINT('',(-17.97,-26.565,-13.3));
#3806 = VECTOR('',#3807,1.);
#3807 = DIRECTION('',(-1.,-0.,0.));
#3808 = ORIENTED_EDGE('',*,*,#3809,.F.);
#3809 = EDGE_CURVE('',#3810,#3802,#3812,.T.);
#3810 = VERTEX_POINT('',#3811);
#3811 = CARTESIAN_POINT('',(8.995,-27.94,-13.3));
#3812 = CIRCLE('',#3813,1.375);
#3813 = AXIS2_PLACEMENT_3D('',#3814,#3815,#3816);
#3814 = CARTESIAN_POINT('',(7.62,-27.94,-13.3));
#3815 = DIRECTION('',(0.,0.,1.));
#3816 = DIRECTION('',(1.,0.,-0.));
#3817 = ORIENTED_EDGE('',*,*,#3818,.F.);
#3818 = EDGE_CURVE('',#3819,#3810,#3821,.T.);
#3819 = VERTEX_POINT('',#3820);
#3820 = CARTESIAN_POINT('',(7.62,-29.315,-13.3));
#3821 = CIRCLE('',#3822,1.375);
#3822 = AXIS2_PLACEMENT_3D('',#3823,#3824,#3825);
#3823 = CARTESIAN_POINT('',(7.62,-27.94,-13.3));
#3824 = DIRECTION('',(0.,0.,1.));
#3825 = DIRECTION('',(1.,0.,-0.));
#3826 = ORIENTED_EDGE('',*,*,#3827,.T.);
#3827 = EDGE_CURVE('',#3819,#3793,#3828,.T.);
#3828 = LINE('',#3829,#3830);
#3829 = CARTESIAN_POINT('',(-17.97,-29.315,-13.3));
#3830 = VECTOR('',#3831,1.);
#3831 = DIRECTION('',(-1.,-0.,0.));
#3832 = FACE_BOUND('',#3833,.F.);
#3833 = EDGE_LOOP('',(#3834));
#3834 = ORIENTED_EDGE('',*,*,#3835,.F.);
#3835 = EDGE_CURVE('',#3836,#3836,#3838,.T.);
#3836 = VERTEX_POINT('',#3837);
#3837 = CARTESIAN_POINT('',(8.995,-22.86,-13.3));
#3838 = CIRCLE('',#3839,1.375);
#3839 = AXIS2_PLACEMENT_3D('',#3840,#3841,#3842);
#3840 = CARTESIAN_POINT('',(7.62,-22.86,-13.3));
#3841 = DIRECTION('',(0.,0.,1.));
#3842 = DIRECTION('',(1.,0.,-0.));
#3843 = FACE_BOUND('',#3844,.F.);
#3844 = EDGE_LOOP('',(#3845,#3856,#3864,#3873));
#3845 = ORIENTED_EDGE('',*,*,#3846,.F.);
#3846 = EDGE_CURVE('',#3847,#3849,#3851,.T.);
#3847 = VERTEX_POINT('',#3848);
#3848 = CARTESIAN_POINT('',(3.915,-17.78,-13.3));
#3849 = VERTEX_POINT('',#3850);
#3850 = CARTESIAN_POINT('',(1.165,-17.78,-13.3));
#3851 = CIRCLE('',#3852,1.375);
#3852 = AXIS2_PLACEMENT_3D('',#3853,#3854,#3855);
#3853 = CARTESIAN_POINT('',(2.54,-17.78,-13.3));
#3854 = DIRECTION('',(0.,0.,1.));
#3855 = DIRECTION('',(1.,0.,-0.));
#3856 = ORIENTED_EDGE('',*,*,#3857,.F.);
#3857 = EDGE_CURVE('',#3858,#3847,#3860,.T.);
#3858 = VERTEX_POINT('',#3859);
#3859 = CARTESIAN_POINT('',(3.915,-22.86,-13.3));
#3860 = LINE('',#3861,#3862);
#3861 = CARTESIAN_POINT('',(3.915,-30.67,-13.3));
#3862 = VECTOR('',#3863,1.);
#3863 = DIRECTION('',(-0.,1.,0.));
#3864 = ORIENTED_EDGE('',*,*,#3865,.F.);
#3865 = EDGE_CURVE('',#3866,#3858,#3868,.T.);
#3866 = VERTEX_POINT('',#3867);
#3867 = CARTESIAN_POINT('',(1.165,-22.86,-13.3));
#3868 = CIRCLE('',#3869,1.375);
#3869 = AXIS2_PLACEMENT_3D('',#3870,#3871,#3872);
#3870 = CARTESIAN_POINT('',(2.54,-22.86,-13.3));
#3871 = DIRECTION('',(0.,0.,1.));
#3872 = DIRECTION('',(1.,0.,-0.));
#3873 = ORIENTED_EDGE('',*,*,#3874,.T.);
#3874 = EDGE_CURVE('',#3866,#3849,#3875,.T.);
#3875 = LINE('',#3876,#3877);
#3876 = CARTESIAN_POINT('',(1.165,-30.67,-13.3));
#3877 = VECTOR('',#3878,1.);
#3878 = DIRECTION('',(-0.,1.,0.));
#3879 = FACE_BOUND('',#3880,.F.);
#3880 = EDGE_LOOP('',(#3881,#3892,#3900,#3909));
#3881 = ORIENTED_EDGE('',*,*,#3882,.F.);
#3882 = EDGE_CURVE('',#3883,#3885,#3887,.T.);
#3883 = VERTEX_POINT('',#3884);
#3884 = CARTESIAN_POINT('',(14.075,-22.86,-13.3));
#3885 = VERTEX_POINT('',#3886);
#3886 = CARTESIAN_POINT('',(11.325,-22.86,-13.3));
#3887 = CIRCLE('',#3888,1.375);
#3888 = AXIS2_PLACEMENT_3D('',#3889,#3890,#3891);
#3889 = CARTESIAN_POINT('',(12.7,-22.86,-13.3));
#3890 = DIRECTION('',(0.,0.,1.));
#3891 = DIRECTION('',(1.,0.,-0.));
#3892 = ORIENTED_EDGE('',*,*,#3893,.F.);
#3893 = EDGE_CURVE('',#3894,#3883,#3896,.T.);
#3894 = VERTEX_POINT('',#3895);
#3895 = CARTESIAN_POINT('',(14.075,-27.94,-13.3));
#3896 = LINE('',#3897,#3898);
#3897 = CARTESIAN_POINT('',(14.075,-33.21,-13.3));
#3898 = VECTOR('',#3899,1.);
#3899 = DIRECTION('',(-0.,1.,0.));
#3900 = ORIENTED_EDGE('',*,*,#3901,.F.);
#3901 = EDGE_CURVE('',#3902,#3894,#3904,.T.);
#3902 = VERTEX_POINT('',#3903);
#3903 = CARTESIAN_POINT('',(11.325,-27.94,-13.3));
#3904 = CIRCLE('',#3905,1.375);
#3905 = AXIS2_PLACEMENT_3D('',#3906,#3907,#3908);
#3906 = CARTESIAN_POINT('',(12.7,-27.94,-13.3));
#3907 = DIRECTION('',(0.,0.,1.));
#3908 = DIRECTION('',(1.,0.,-0.));
#3909 = ORIENTED_EDGE('',*,*,#3910,.T.);
#3910 = EDGE_CURVE('',#3902,#3885,#3911,.T.);
#3911 = LINE('',#3912,#3913);
#3912 = CARTESIAN_POINT('',(11.325,-33.21,-13.3));
#3913 = VECTOR('',#3914,1.);
#3914 = DIRECTION('',(-0.,1.,0.));
#3915 = FACE_BOUND('',#3916,.F.);
#3916 = EDGE_LOOP('',(#3917,#3928,#3936,#3945));
#3917 = ORIENTED_EDGE('',*,*,#3918,.F.);
#3918 = EDGE_CURVE('',#3919,#3921,#3923,.T.);
#3919 = VERTEX_POINT('',#3920);
#3920 = CARTESIAN_POINT('',(19.155,-17.78,-13.3));
#3921 = VERTEX_POINT('',#3922);
#3922 = CARTESIAN_POINT('',(16.405,-17.78,-13.3));
#3923 = CIRCLE('',#3924,1.375);
#3924 = AXIS2_PLACEMENT_3D('',#3925,#3926,#3927);
#3925 = CARTESIAN_POINT('',(17.78,-17.78,-13.3));
#3926 = DIRECTION('',(0.,0.,1.));
#3927 = DIRECTION('',(1.,0.,-0.));
#3928 = ORIENTED_EDGE('',*,*,#3929,.F.);
#3929 = EDGE_CURVE('',#3930,#3919,#3932,.T.);
#3930 = VERTEX_POINT('',#3931);
#3931 = CARTESIAN_POINT('',(19.155,-22.86,-13.3));
#3932 = LINE('',#3933,#3934);
#3933 = CARTESIAN_POINT('',(19.155,-30.67,-13.3));
#3934 = VECTOR('',#3935,1.);
#3935 = DIRECTION('',(-0.,1.,0.));
#3936 = ORIENTED_EDGE('',*,*,#3937,.F.);
#3937 = EDGE_CURVE('',#3938,#3930,#3940,.T.);
#3938 = VERTEX_POINT('',#3939);
#3939 = CARTESIAN_POINT('',(16.405,-22.86,-13.3));
#3940 = CIRCLE('',#3941,1.375);
#3941 = AXIS2_PLACEMENT_3D('',#3942,#3943,#3944);
#3942 = CARTESIAN_POINT('',(17.78,-22.86,-13.3));
#3943 = DIRECTION('',(0.,0.,1.));
#3944 = DIRECTION('',(1.,0.,-0.));
#3945 = ORIENTED_EDGE('',*,*,#3946,.T.);
#3946 = EDGE_CURVE('',#3938,#3921,#3947,.T.);
#3947 = LINE('',#3948,#3949);
#3948 = CARTESIAN_POINT('',(16.405,-30.67,-13.3));
#3949 = VECTOR('',#3950,1.);
#3950 = DIRECTION('',(-0.,1.,0.));
#3951 = FACE_BOUND('',#3952,.F.);
#3952 = EDGE_LOOP('',(#3953,#3964,#3972,#3981,#3990));
#3953 = ORIENTED_EDGE('',*,*,#3954,.F.);
#3954 = EDGE_CURVE('',#3955,#3957,#3959,.T.);
#3955 = VERTEX_POINT('',#3956);
#3956 = CARTESIAN_POINT('',(17.78,-26.565,-13.3));
#3957 = VERTEX_POINT('',#3958);
#3958 = CARTESIAN_POINT('',(17.78,-29.315,-13.3));
#3959 = CIRCLE('',#3960,1.375);
#3960 = AXIS2_PLACEMENT_3D('',#3961,#3962,#3963);
#3961 = CARTESIAN_POINT('',(17.78,-27.94,-13.3));
#3962 = DIRECTION('',(0.,0.,1.));
#3963 = DIRECTION('',(1.,0.,-0.));
#3964 = ORIENTED_EDGE('',*,*,#3965,.F.);
#3965 = EDGE_CURVE('',#3966,#3955,#3968,.T.);
#3966 = VERTEX_POINT('',#3967);
#3967 = CARTESIAN_POINT('',(22.86,-26.565,-13.3));
#3968 = LINE('',#3969,#3970);
#3969 = CARTESIAN_POINT('',(-10.35,-26.565,-13.3));
#3970 = VECTOR('',#3971,1.);
#3971 = DIRECTION('',(-1.,-0.,0.));
#3972 = ORIENTED_EDGE('',*,*,#3973,.F.);
#3973 = EDGE_CURVE('',#3974,#3966,#3976,.T.);
#3974 = VERTEX_POINT('',#3975);
#3975 = CARTESIAN_POINT('',(24.235,-27.94,-13.3));
#3976 = CIRCLE('',#3977,1.375);
#3977 = AXIS2_PLACEMENT_3D('',#3978,#3979,#3980);
#3978 = CARTESIAN_POINT('',(22.86,-27.94,-13.3));
#3979 = DIRECTION('',(0.,0.,1.));
#3980 = DIRECTION('',(1.,0.,-0.));
#3981 = ORIENTED_EDGE('',*,*,#3982,.F.);
#3982 = EDGE_CURVE('',#3983,#3974,#3985,.T.);
#3983 = VERTEX_POINT('',#3984);
#3984 = CARTESIAN_POINT('',(22.86,-29.315,-13.3));
#3985 = CIRCLE('',#3986,1.375);
#3986 = AXIS2_PLACEMENT_3D('',#3987,#3988,#3989);
#3987 = CARTESIAN_POINT('',(22.86,-27.94,-13.3));
#3988 = DIRECTION('',(0.,0.,1.));
#3989 = DIRECTION('',(1.,0.,-0.));
#3990 = ORIENTED_EDGE('',*,*,#3991,.T.);
#3991 = EDGE_CURVE('',#3983,#3957,#3992,.T.);
#3992 = LINE('',#3993,#3994);
#3993 = CARTESIAN_POINT('',(-10.35,-29.315,-13.3));
#3994 = VECTOR('',#3995,1.);
#3995 = DIRECTION('',(-1.,-0.,0.));
#3996 = FACE_BOUND('',#3997,.F.);
#3997 = EDGE_LOOP('',(#3998));
#3998 = ORIENTED_EDGE('',*,*,#3999,.F.);
#3999 = EDGE_CURVE('',#4000,#4000,#4002,.T.);
#4000 = VERTEX_POINT('',#4001);
#4001 = CARTESIAN_POINT('',(36.18,-34.48,-13.3));
#4002 = CIRCLE('',#4003,1.7);
#4003 = AXIS2_PLACEMENT_3D('',#4004,#4005,#4006);
#4004 = CARTESIAN_POINT('',(34.48,-34.48,-13.3));
#4005 = DIRECTION('',(0.,0.,1.));
#4006 = DIRECTION('',(1.,0.,-0.));
#4007 = FACE_BOUND('',#4008,.F.);
#4008 = EDGE_LOOP('',(#4009));
#4009 = ORIENTED_EDGE('',*,*,#4010,.F.);
#4010 = EDGE_CURVE('',#4011,#4011,#4013,.T.);
#4011 = VERTEX_POINT('',#4012);
#4012 = CARTESIAN_POINT('',(24.235,-22.86,-13.3));
#4013 = CIRCLE('',#4014,1.375);
#4014 = AXIS2_PLACEMENT_3D('',#4015,#4016,#4017);
#4015 = CARTESIAN_POINT('',(22.86,-22.86,-13.3));
#4016 = DIRECTION('',(0.,0.,1.));
#4017 = DIRECTION('',(1.,0.,-0.));
#4018 = FACE_BOUND('',#4019,.F.);
#4019 = EDGE_LOOP('',(#4020,#4031,#4039,#4048));
#4020 = ORIENTED_EDGE('',*,*,#4021,.F.);
#4021 = EDGE_CURVE('',#4022,#4024,#4026,.T.);
#4022 = VERTEX_POINT('',#4023);
#4023 = CARTESIAN_POINT('',(29.315,-22.86,-13.3));
#4024 = VERTEX_POINT('',#4025);
#4025 = CARTESIAN_POINT('',(26.565,-22.86,-13.3));
#4026 = CIRCLE('',#4027,1.375);
#4027 = AXIS2_PLACEMENT_3D('',#4028,#4029,#4030);
#4028 = CARTESIAN_POINT('',(27.94,-22.86,-13.3));
#4029 = DIRECTION('',(0.,0.,1.));
#4030 = DIRECTION('',(1.,0.,-0.));
#4031 = ORIENTED_EDGE('',*,*,#4032,.F.);
#4032 = EDGE_CURVE('',#4033,#4022,#4035,.T.);
#4033 = VERTEX_POINT('',#4034);
#4034 = CARTESIAN_POINT('',(29.315,-27.94,-13.3));
#4035 = LINE('',#4036,#4037);
#4036 = CARTESIAN_POINT('',(29.315,-33.21,-13.3));
#4037 = VECTOR('',#4038,1.);
#4038 = DIRECTION('',(-0.,1.,0.));
#4039 = ORIENTED_EDGE('',*,*,#4040,.F.);
#4040 = EDGE_CURVE('',#4041,#4033,#4043,.T.);
#4041 = VERTEX_POINT('',#4042);
#4042 = CARTESIAN_POINT('',(26.565,-27.94,-13.3));
#4043 = CIRCLE('',#4044,1.375);
#4044 = AXIS2_PLACEMENT_3D('',#4045,#4046,#4047);
#4045 = CARTESIAN_POINT('',(27.94,-27.94,-13.3));
#4046 = DIRECTION('',(0.,0.,1.));
#4047 = DIRECTION('',(1.,0.,-0.));
#4048 = ORIENTED_EDGE('',*,*,#4049,.T.);
#4049 = EDGE_CURVE('',#4041,#4024,#4050,.T.);
#4050 = LINE('',#4051,#4052);
#4051 = CARTESIAN_POINT('',(26.565,-33.21,-13.3));
#4052 = VECTOR('',#4053,1.);
#4053 = DIRECTION('',(-0.,1.,0.));
#4054 = FACE_BOUND('',#4055,.F.);
#4055 = EDGE_LOOP('',(#4056,#4067,#4075,#4084,#4093));
#4056 = ORIENTED_EDGE('',*,*,#4057,.F.);
#4057 = EDGE_CURVE('',#4058,#4060,#4062,.T.);
#4058 = VERTEX_POINT('',#4059);
#4059 = CARTESIAN_POINT('',(2.54,-11.325,-13.3));
#4060 = VERTEX_POINT('',#4061);
#4061 = CARTESIAN_POINT('',(2.54,-14.075,-13.3));
#4062 = CIRCLE('',#4063,1.375);
#4063 = AXIS2_PLACEMENT_3D('',#4064,#4065,#4066);
#4064 = CARTESIAN_POINT('',(2.54,-12.7,-13.3));
#4065 = DIRECTION('',(0.,0.,1.));
#4066 = DIRECTION('',(1.,0.,-0.));
#4067 = ORIENTED_EDGE('',*,*,#4068,.F.);
#4068 = EDGE_CURVE('',#4069,#4058,#4071,.T.);
#4069 = VERTEX_POINT('',#4070);
#4070 = CARTESIAN_POINT('',(7.62,-11.325,-13.3));
#4071 = LINE('',#4072,#4073);
#4072 = CARTESIAN_POINT('',(-17.97,-11.325,-13.3));
#4073 = VECTOR('',#4074,1.);
#4074 = DIRECTION('',(-1.,-0.,0.));
#4075 = ORIENTED_EDGE('',*,*,#4076,.F.);
#4076 = EDGE_CURVE('',#4077,#4069,#4079,.T.);
#4077 = VERTEX_POINT('',#4078);
#4078 = CARTESIAN_POINT('',(8.995,-12.7,-13.3));
#4079 = CIRCLE('',#4080,1.375);
#4080 = AXIS2_PLACEMENT_3D('',#4081,#4082,#4083);
#4081 = CARTESIAN_POINT('',(7.62,-12.7,-13.3));
#4082 = DIRECTION('',(0.,0.,1.));
#4083 = DIRECTION('',(1.,0.,-0.));
#4084 = ORIENTED_EDGE('',*,*,#4085,.F.);
#4085 = EDGE_CURVE('',#4086,#4077,#4088,.T.);
#4086 = VERTEX_POINT('',#4087);
#4087 = CARTESIAN_POINT('',(7.62,-14.075,-13.3));
#4088 = CIRCLE('',#4089,1.375);
#4089 = AXIS2_PLACEMENT_3D('',#4090,#4091,#4092);
#4090 = CARTESIAN_POINT('',(7.62,-12.7,-13.3));
#4091 = DIRECTION('',(0.,0.,1.));
#4092 = DIRECTION('',(1.,0.,-0.));
#4093 = ORIENTED_EDGE('',*,*,#4094,.T.);
#4094 = EDGE_CURVE('',#4086,#4060,#4095,.T.);
#4095 = LINE('',#4096,#4097);
#4096 = CARTESIAN_POINT('',(-17.97,-14.075,-13.3));
#4097 = VECTOR('',#4098,1.);
#4098 = DIRECTION('',(-1.,-0.,0.));
#4099 = FACE_BOUND('',#4100,.F.);
#4100 = EDGE_LOOP('',(#4101,#4112,#4120,#4129,#4138));
#4101 = ORIENTED_EDGE('',*,*,#4102,.F.);
#4102 = EDGE_CURVE('',#4103,#4105,#4107,.T.);
#4103 = VERTEX_POINT('',#4104);
#4104 = CARTESIAN_POINT('',(7.62,-16.405,-13.3));
#4105 = VERTEX_POINT('',#4106);
#4106 = CARTESIAN_POINT('',(7.62,-19.155,-13.3));
#4107 = CIRCLE('',#4108,1.375);
#4108 = AXIS2_PLACEMENT_3D('',#4109,#4110,#4111);
#4109 = CARTESIAN_POINT('',(7.62,-17.78,-13.3));
#4110 = DIRECTION('',(0.,0.,1.));
#4111 = DIRECTION('',(1.,0.,-0.));
#4112 = ORIENTED_EDGE('',*,*,#4113,.F.);
#4113 = EDGE_CURVE('',#4114,#4103,#4116,.T.);
#4114 = VERTEX_POINT('',#4115);
#4115 = CARTESIAN_POINT('',(12.7,-16.405,-13.3));
#4116 = LINE('',#4117,#4118);
#4117 = CARTESIAN_POINT('',(-15.43,-16.405,-13.3));
#4118 = VECTOR('',#4119,1.);
#4119 = DIRECTION('',(-1.,-0.,0.));
#4120 = ORIENTED_EDGE('',*,*,#4121,.F.);
#4121 = EDGE_CURVE('',#4122,#4114,#4124,.T.);
#4122 = VERTEX_POINT('',#4123);
#4123 = CARTESIAN_POINT('',(14.075,-17.78,-13.3));
#4124 = CIRCLE('',#4125,1.375);
#4125 = AXIS2_PLACEMENT_3D('',#4126,#4127,#4128);
#4126 = CARTESIAN_POINT('',(12.7,-17.78,-13.3));
#4127 = DIRECTION('',(0.,0.,1.));
#4128 = DIRECTION('',(1.,0.,-0.));
#4129 = ORIENTED_EDGE('',*,*,#4130,.F.);
#4130 = EDGE_CURVE('',#4131,#4122,#4133,.T.);
#4131 = VERTEX_POINT('',#4132);
#4132 = CARTESIAN_POINT('',(12.7,-19.155,-13.3));
#4133 = CIRCLE('',#4134,1.375);
#4134 = AXIS2_PLACEMENT_3D('',#4135,#4136,#4137);
#4135 = CARTESIAN_POINT('',(12.7,-17.78,-13.3));
#4136 = DIRECTION('',(0.,0.,1.));
#4137 = DIRECTION('',(1.,0.,-0.));
#4138 = ORIENTED_EDGE('',*,*,#4139,.T.);
#4139 = EDGE_CURVE('',#4131,#4105,#4140,.T.);
#4140 = LINE('',#4141,#4142);
#4141 = CARTESIAN_POINT('',(-15.43,-19.155,-13.3));
#4142 = VECTOR('',#4143,1.);
#4143 = DIRECTION('',(-1.,-0.,0.));
#4144 = FACE_BOUND('',#4145,.F.);
#4145 = EDGE_LOOP('',(#4146,#4157,#4165,#4174));
#4146 = ORIENTED_EDGE('',*,*,#4147,.F.);
#4147 = EDGE_CURVE('',#4148,#4150,#4152,.T.);
#4148 = VERTEX_POINT('',#4149);
#4149 = CARTESIAN_POINT('',(14.075,-7.62,-13.3));
#4150 = VERTEX_POINT('',#4151);
#4151 = CARTESIAN_POINT('',(11.325,-7.62,-13.3));
#4152 = CIRCLE('',#4153,1.375);
#4153 = AXIS2_PLACEMENT_3D('',#4154,#4155,#4156);
#4154 = CARTESIAN_POINT('',(12.7,-7.62,-13.3));
#4155 = DIRECTION('',(0.,0.,1.));
#4156 = DIRECTION('',(1.,0.,-0.));
#4157 = ORIENTED_EDGE('',*,*,#4158,.F.);
#4158 = EDGE_CURVE('',#4159,#4148,#4161,.T.);
#4159 = VERTEX_POINT('',#4160);
#4160 = CARTESIAN_POINT('',(14.075,-12.7,-13.3));
#4161 = LINE('',#4162,#4163);
#4162 = CARTESIAN_POINT('',(14.075,-25.59,-13.3));
#4163 = VECTOR('',#4164,1.);
#4164 = DIRECTION('',(-0.,1.,0.));
#4165 = ORIENTED_EDGE('',*,*,#4166,.F.);
#4166 = EDGE_CURVE('',#4167,#4159,#4169,.T.);
#4167 = VERTEX_POINT('',#4168);
#4168 = CARTESIAN_POINT('',(11.325,-12.7,-13.3));
#4169 = CIRCLE('',#4170,1.375);
#4170 = AXIS2_PLACEMENT_3D('',#4171,#4172,#4173);
#4171 = CARTESIAN_POINT('',(12.7,-12.7,-13.3));
#4172 = DIRECTION('',(0.,0.,1.));
#4173 = DIRECTION('',(1.,0.,-0.));
#4174 = ORIENTED_EDGE('',*,*,#4175,.T.);
#4175 = EDGE_CURVE('',#4167,#4150,#4176,.T.);
#4176 = LINE('',#4177,#4178);
#4177 = CARTESIAN_POINT('',(11.325,-25.59,-13.3));
#4178 = VECTOR('',#4179,1.);
#4179 = DIRECTION('',(-0.,1.,0.));
#4180 = FACE_BOUND('',#4181,.F.);
#4181 = EDGE_LOOP('',(#4182,#4193,#4201,#4210));
#4182 = ORIENTED_EDGE('',*,*,#4183,.F.);
#4183 = EDGE_CURVE('',#4184,#4186,#4188,.T.);
#4184 = VERTEX_POINT('',#4185);
#4185 = CARTESIAN_POINT('',(3.915,-2.54,-13.3));
#4186 = VERTEX_POINT('',#4187);
#4187 = CARTESIAN_POINT('',(1.165,-2.54,-13.3));
#4188 = CIRCLE('',#4189,1.375);
#4189 = AXIS2_PLACEMENT_3D('',#4190,#4191,#4192);
#4190 = CARTESIAN_POINT('',(2.54,-2.54,-13.3));
#4191 = DIRECTION('',(0.,0.,1.));
#4192 = DIRECTION('',(1.,0.,-0.));
#4193 = ORIENTED_EDGE('',*,*,#4194,.F.);
#4194 = EDGE_CURVE('',#4195,#4184,#4197,.T.);
#4195 = VERTEX_POINT('',#4196);
#4196 = CARTESIAN_POINT('',(3.915,-7.62,-13.3));
#4197 = LINE('',#4198,#4199);
#4198 = CARTESIAN_POINT('',(3.915,-23.05,-13.3));
#4199 = VECTOR('',#4200,1.);
#4200 = DIRECTION('',(-0.,1.,0.));
#4201 = ORIENTED_EDGE('',*,*,#4202,.F.);
#4202 = EDGE_CURVE('',#4203,#4195,#4205,.T.);
#4203 = VERTEX_POINT('',#4204);
#4204 = CARTESIAN_POINT('',(1.165,-7.62,-13.3));
#4205 = CIRCLE('',#4206,1.375);
#4206 = AXIS2_PLACEMENT_3D('',#4207,#4208,#4209);
#4207 = CARTESIAN_POINT('',(2.54,-7.62,-13.3));
#4208 = DIRECTION('',(0.,0.,1.));
#4209 = DIRECTION('',(1.,0.,-0.));
#4210 = ORIENTED_EDGE('',*,*,#4211,.T.);
#4211 = EDGE_CURVE('',#4203,#4186,#4212,.T.);
#4212 = LINE('',#4213,#4214);
#4213 = CARTESIAN_POINT('',(1.165,-23.05,-13.3));
#4214 = VECTOR('',#4215,1.);
#4215 = DIRECTION('',(-0.,1.,0.));
#4216 = FACE_BOUND('',#4217,.F.);
#4217 = EDGE_LOOP('',(#4218));
#4218 = ORIENTED_EDGE('',*,*,#4219,.F.);
#4219 = EDGE_CURVE('',#4220,#4220,#4222,.T.);
#4220 = VERTEX_POINT('',#4221);
#4221 = CARTESIAN_POINT('',(8.995,-7.62,-13.3));
#4222 = CIRCLE('',#4223,1.375);
#4223 = AXIS2_PLACEMENT_3D('',#4224,#4225,#4226);
#4224 = CARTESIAN_POINT('',(7.62,-7.62,-13.3));
#4225 = DIRECTION('',(0.,0.,1.));
#4226 = DIRECTION('',(1.,0.,-0.));
#4227 = FACE_BOUND('',#4228,.F.);
#4228 = EDGE_LOOP('',(#4229,#4240,#4248,#4257));
#4229 = ORIENTED_EDGE('',*,*,#4230,.F.);
#4230 = EDGE_CURVE('',#4231,#4233,#4235,.T.);
#4231 = VERTEX_POINT('',#4232);
#4232 = CARTESIAN_POINT('',(19.155,-2.54,-13.3));
#4233 = VERTEX_POINT('',#4234);
#4234 = CARTESIAN_POINT('',(16.405,-2.54,-13.3));
#4235 = CIRCLE('',#4236,1.375);
#4236 = AXIS2_PLACEMENT_3D('',#4237,#4238,#4239);
#4237 = CARTESIAN_POINT('',(17.78,-2.54,-13.3));
#4238 = DIRECTION('',(0.,0.,1.));
#4239 = DIRECTION('',(1.,0.,-0.));
#4240 = ORIENTED_EDGE('',*,*,#4241,.F.);
#4241 = EDGE_CURVE('',#4242,#4231,#4244,.T.);
#4242 = VERTEX_POINT('',#4243);
#4243 = CARTESIAN_POINT('',(19.155,-7.62,-13.3));
#4244 = LINE('',#4245,#4246);
#4245 = CARTESIAN_POINT('',(19.155,-23.05,-13.3));
#4246 = VECTOR('',#4247,1.);
#4247 = DIRECTION('',(-0.,1.,0.));
#4248 = ORIENTED_EDGE('',*,*,#4249,.F.);
#4249 = EDGE_CURVE('',#4250,#4242,#4252,.T.);
#4250 = VERTEX_POINT('',#4251);
#4251 = CARTESIAN_POINT('',(16.405,-7.62,-13.3));
#4252 = CIRCLE('',#4253,1.375);
#4253 = AXIS2_PLACEMENT_3D('',#4254,#4255,#4256);
#4254 = CARTESIAN_POINT('',(17.78,-7.62,-13.3));
#4255 = DIRECTION('',(0.,0.,1.));
#4256 = DIRECTION('',(1.,0.,-0.));
#4257 = ORIENTED_EDGE('',*,*,#4258,.T.);
#4258 = EDGE_CURVE('',#4250,#4233,#4259,.T.);
#4259 = LINE('',#4260,#4261);
#4260 = CARTESIAN_POINT('',(16.405,-23.05,-13.3));
#4261 = VECTOR('',#4262,1.);
#4262 = DIRECTION('',(-0.,1.,0.));
#4263 = FACE_BOUND('',#4264,.F.);
#4264 = EDGE_LOOP('',(#4265,#4276,#4284,#4293,#4302));
#4265 = ORIENTED_EDGE('',*,*,#4266,.F.);
#4266 = EDGE_CURVE('',#4267,#4269,#4271,.T.);
#4267 = VERTEX_POINT('',#4268);
#4268 = CARTESIAN_POINT('',(7.62,-1.165,-13.3));
#4269 = VERTEX_POINT('',#4270);
#4270 = CARTESIAN_POINT('',(7.62,-3.915,-13.3));
#4271 = CIRCLE('',#4272,1.375);
#4272 = AXIS2_PLACEMENT_3D('',#4273,#4274,#4275);
#4273 = CARTESIAN_POINT('',(7.62,-2.54,-13.3));
#4274 = DIRECTION('',(0.,0.,1.));
#4275 = DIRECTION('',(1.,0.,-0.));
#4276 = ORIENTED_EDGE('',*,*,#4277,.F.);
#4277 = EDGE_CURVE('',#4278,#4267,#4280,.T.);
#4278 = VERTEX_POINT('',#4279);
#4279 = CARTESIAN_POINT('',(12.7,-1.165,-13.3));
#4280 = LINE('',#4281,#4282);
#4281 = CARTESIAN_POINT('',(-15.43,-1.165,-13.3));
#4282 = VECTOR('',#4283,1.);
#4283 = DIRECTION('',(-1.,-0.,0.));
#4284 = ORIENTED_EDGE('',*,*,#4285,.F.);
#4285 = EDGE_CURVE('',#4286,#4278,#4288,.T.);
#4286 = VERTEX_POINT('',#4287);
#4287 = CARTESIAN_POINT('',(14.075,-2.54,-13.3));
#4288 = CIRCLE('',#4289,1.375);
#4289 = AXIS2_PLACEMENT_3D('',#4290,#4291,#4292);
#4290 = CARTESIAN_POINT('',(12.7,-2.54,-13.3));
#4291 = DIRECTION('',(0.,0.,1.));
#4292 = DIRECTION('',(1.,0.,-0.));
#4293 = ORIENTED_EDGE('',*,*,#4294,.F.);
#4294 = EDGE_CURVE('',#4295,#4286,#4297,.T.);
#4295 = VERTEX_POINT('',#4296);
#4296 = CARTESIAN_POINT('',(12.7,-3.915,-13.3));
#4297 = CIRCLE('',#4298,1.375);
#4298 = AXIS2_PLACEMENT_3D('',#4299,#4300,#4301);
#4299 = CARTESIAN_POINT('',(12.7,-2.54,-13.3));
#4300 = DIRECTION('',(0.,0.,1.));
#4301 = DIRECTION('',(1.,0.,-0.));
#4302 = ORIENTED_EDGE('',*,*,#4303,.T.);
#4303 = EDGE_CURVE('',#4295,#4269,#4304,.T.);
#4304 = LINE('',#4305,#4306);
#4305 = CARTESIAN_POINT('',(-15.43,-3.915,-13.3));
#4306 = VECTOR('',#4307,1.);
#4307 = DIRECTION('',(-1.,-0.,0.));
#4308 = FACE_BOUND('',#4309,.F.);
#4309 = EDGE_LOOP('',(#4310,#4321,#4329,#4338,#4347));
#4310 = ORIENTED_EDGE('',*,*,#4311,.F.);
#4311 = EDGE_CURVE('',#4312,#4314,#4316,.T.);
#4312 = VERTEX_POINT('',#4313);
#4313 = CARTESIAN_POINT('',(22.86,-16.405,-13.3));
#4314 = VERTEX_POINT('',#4315);
#4315 = CARTESIAN_POINT('',(22.86,-19.155,-13.3));
#4316 = CIRCLE('',#4317,1.375);
#4317 = AXIS2_PLACEMENT_3D('',#4318,#4319,#4320);
#4318 = CARTESIAN_POINT('',(22.86,-17.78,-13.3));
#4319 = DIRECTION('',(0.,0.,1.));
#4320 = DIRECTION('',(1.,0.,-0.));
#4321 = ORIENTED_EDGE('',*,*,#4322,.F.);
#4322 = EDGE_CURVE('',#4323,#4312,#4325,.T.);
#4323 = VERTEX_POINT('',#4324);
#4324 = CARTESIAN_POINT('',(27.94,-16.405,-13.3));
#4325 = LINE('',#4326,#4327);
#4326 = CARTESIAN_POINT('',(-7.81,-16.405,-13.3));
#4327 = VECTOR('',#4328,1.);
#4328 = DIRECTION('',(-1.,-0.,0.));
#4329 = ORIENTED_EDGE('',*,*,#4330,.F.);
#4330 = EDGE_CURVE('',#4331,#4323,#4333,.T.);
#4331 = VERTEX_POINT('',#4332);
#4332 = CARTESIAN_POINT('',(29.315,-17.78,-13.3));
#4333 = CIRCLE('',#4334,1.375);
#4334 = AXIS2_PLACEMENT_3D('',#4335,#4336,#4337);
#4335 = CARTESIAN_POINT('',(27.94,-17.78,-13.3));
#4336 = DIRECTION('',(0.,0.,1.));
#4337 = DIRECTION('',(1.,0.,-0.));
#4338 = ORIENTED_EDGE('',*,*,#4339,.F.);
#4339 = EDGE_CURVE('',#4340,#4331,#4342,.T.);
#4340 = VERTEX_POINT('',#4341);
#4341 = CARTESIAN_POINT('',(27.94,-19.155,-13.3));
#4342 = CIRCLE('',#4343,1.375);
#4343 = AXIS2_PLACEMENT_3D('',#4344,#4345,#4346);
#4344 = CARTESIAN_POINT('',(27.94,-17.78,-13.3));
#4345 = DIRECTION('',(0.,0.,1.));
#4346 = DIRECTION('',(1.,0.,-0.));
#4347 = ORIENTED_EDGE('',*,*,#4348,.T.);
#4348 = EDGE_CURVE('',#4340,#4314,#4349,.T.);
#4349 = LINE('',#4350,#4351);
#4350 = CARTESIAN_POINT('',(-7.81,-19.155,-13.3));
#4351 = VECTOR('',#4352,1.);
#4352 = DIRECTION('',(-1.,-0.,0.));
#4353 = FACE_BOUND('',#4354,.F.);
#4354 = EDGE_LOOP('',(#4355,#4366,#4374,#4383,#4392));
#4355 = ORIENTED_EDGE('',*,*,#4356,.F.);
#4356 = EDGE_CURVE('',#4357,#4359,#4361,.T.);
#4357 = VERTEX_POINT('',#4358);
#4358 = CARTESIAN_POINT('',(17.78,-11.325,-13.3));
#4359 = VERTEX_POINT('',#4360);
#4360 = CARTESIAN_POINT('',(17.78,-14.075,-13.3));
#4361 = CIRCLE('',#4362,1.375);
#4362 = AXIS2_PLACEMENT_3D('',#4363,#4364,#4365);
#4363 = CARTESIAN_POINT('',(17.78,-12.7,-13.3));
#4364 = DIRECTION('',(0.,0.,1.));
#4365 = DIRECTION('',(1.,0.,-0.));
#4366 = ORIENTED_EDGE('',*,*,#4367,.F.);
#4367 = EDGE_CURVE('',#4368,#4357,#4370,.T.);
#4368 = VERTEX_POINT('',#4369);
#4369 = CARTESIAN_POINT('',(22.86,-11.325,-13.3));
#4370 = LINE('',#4371,#4372);
#4371 = CARTESIAN_POINT('',(-10.35,-11.325,-13.3));
#4372 = VECTOR('',#4373,1.);
#4373 = DIRECTION('',(-1.,-0.,0.));
#4374 = ORIENTED_EDGE('',*,*,#4375,.F.);
#4375 = EDGE_CURVE('',#4376,#4368,#4378,.T.);
#4376 = VERTEX_POINT('',#4377);
#4377 = CARTESIAN_POINT('',(24.235,-12.7,-13.3));
#4378 = CIRCLE('',#4379,1.375);
#4379 = AXIS2_PLACEMENT_3D('',#4380,#4381,#4382);
#4380 = CARTESIAN_POINT('',(22.86,-12.7,-13.3));
#4381 = DIRECTION('',(0.,0.,1.));
#4382 = DIRECTION('',(1.,0.,-0.));
#4383 = ORIENTED_EDGE('',*,*,#4384,.F.);
#4384 = EDGE_CURVE('',#4385,#4376,#4387,.T.);
#4385 = VERTEX_POINT('',#4386);
#4386 = CARTESIAN_POINT('',(22.86,-14.075,-13.3));
#4387 = CIRCLE('',#4388,1.375);
#4388 = AXIS2_PLACEMENT_3D('',#4389,#4390,#4391);
#4389 = CARTESIAN_POINT('',(22.86,-12.7,-13.3));
#4390 = DIRECTION('',(0.,0.,1.));
#4391 = DIRECTION('',(1.,0.,-0.));
#4392 = ORIENTED_EDGE('',*,*,#4393,.T.);
#4393 = EDGE_CURVE('',#4385,#4359,#4394,.T.);
#4394 = LINE('',#4395,#4396);
#4395 = CARTESIAN_POINT('',(-10.35,-14.075,-13.3));
#4396 = VECTOR('',#4397,1.);
#4397 = DIRECTION('',(-1.,-0.,0.));
#4398 = FACE_BOUND('',#4399,.F.);
#4399 = EDGE_LOOP('',(#4400,#4411,#4419,#4428));
#4400 = ORIENTED_EDGE('',*,*,#4401,.F.);
#4401 = EDGE_CURVE('',#4402,#4404,#4406,.T.);
#4402 = VERTEX_POINT('',#4403);
#4403 = CARTESIAN_POINT('',(29.315,-7.62,-13.3));
#4404 = VERTEX_POINT('',#4405);
#4405 = CARTESIAN_POINT('',(26.565,-7.62,-13.3));
#4406 = CIRCLE('',#4407,1.375);
#4407 = AXIS2_PLACEMENT_3D('',#4408,#4409,#4410);
#4408 = CARTESIAN_POINT('',(27.94,-7.62,-13.3));
#4409 = DIRECTION('',(0.,0.,1.));
#4410 = DIRECTION('',(1.,0.,-0.));
#4411 = ORIENTED_EDGE('',*,*,#4412,.F.);
#4412 = EDGE_CURVE('',#4413,#4402,#4415,.T.);
#4413 = VERTEX_POINT('',#4414);
#4414 = CARTESIAN_POINT('',(29.315,-12.7,-13.3));
#4415 = LINE('',#4416,#4417);
#4416 = CARTESIAN_POINT('',(29.315,-25.59,-13.3));
#4417 = VECTOR('',#4418,1.);
#4418 = DIRECTION('',(-0.,1.,0.));
#4419 = ORIENTED_EDGE('',*,*,#4420,.F.);
#4420 = EDGE_CURVE('',#4421,#4413,#4423,.T.);
#4421 = VERTEX_POINT('',#4422);
#4422 = CARTESIAN_POINT('',(26.565,-12.7,-13.3));
#4423 = CIRCLE('',#4424,1.375);
#4424 = AXIS2_PLACEMENT_3D('',#4425,#4426,#4427);
#4425 = CARTESIAN_POINT('',(27.94,-12.7,-13.3));
#4426 = DIRECTION('',(0.,0.,1.));
#4427 = DIRECTION('',(1.,0.,-0.));
#4428 = ORIENTED_EDGE('',*,*,#4429,.T.);
#4429 = EDGE_CURVE('',#4421,#4404,#4430,.T.);
#4430 = LINE('',#4431,#4432);
#4431 = CARTESIAN_POINT('',(26.565,-25.59,-13.3));
#4432 = VECTOR('',#4433,1.);
#4433 = DIRECTION('',(-0.,1.,0.));
#4434 = FACE_BOUND('',#4435,.F.);
#4435 = EDGE_LOOP('',(#4436));
#4436 = ORIENTED_EDGE('',*,*,#4437,.F.);
#4437 = EDGE_CURVE('',#4438,#4438,#4440,.T.);
#4438 = VERTEX_POINT('',#4439);
#4439 = CARTESIAN_POINT('',(24.235,-7.62,-13.3));
#4440 = CIRCLE('',#4441,1.375);
#4441 = AXIS2_PLACEMENT_3D('',#4442,#4443,#4444);
#4442 = CARTESIAN_POINT('',(22.86,-7.62,-13.3));
#4443 = DIRECTION('',(0.,0.,1.));
#4444 = DIRECTION('',(1.,0.,-0.));
#4445 = FACE_BOUND('',#4446,.F.);
#4446 = EDGE_LOOP('',(#4447,#4458,#4466,#4475,#4484));
#4447 = ORIENTED_EDGE('',*,*,#4448,.F.);
#4448 = EDGE_CURVE('',#4449,#4451,#4453,.T.);
#4449 = VERTEX_POINT('',#4450);
#4450 = CARTESIAN_POINT('',(22.86,-1.165,-13.3));
#4451 = VERTEX_POINT('',#4452);
#4452 = CARTESIAN_POINT('',(22.86,-3.915,-13.3));
#4453 = CIRCLE('',#4454,1.375);
#4454 = AXIS2_PLACEMENT_3D('',#4455,#4456,#4457);
#4455 = CARTESIAN_POINT('',(22.86,-2.54,-13.3));
#4456 = DIRECTION('',(0.,0.,1.));
#4457 = DIRECTION('',(1.,0.,-0.));
#4458 = ORIENTED_EDGE('',*,*,#4459,.F.);
#4459 = EDGE_CURVE('',#4460,#4449,#4462,.T.);
#4460 = VERTEX_POINT('',#4461);
#4461 = CARTESIAN_POINT('',(27.94,-1.165,-13.3));
#4462 = LINE('',#4463,#4464);
#4463 = CARTESIAN_POINT('',(-7.81,-1.165,-13.3));
#4464 = VECTOR('',#4465,1.);
#4465 = DIRECTION('',(-1.,-0.,0.));
#4466 = ORIENTED_EDGE('',*,*,#4467,.F.);
#4467 = EDGE_CURVE('',#4468,#4460,#4470,.T.);
#4468 = VERTEX_POINT('',#4469);
#4469 = CARTESIAN_POINT('',(29.315,-2.54,-13.3));
#4470 = CIRCLE('',#4471,1.375);
#4471 = AXIS2_PLACEMENT_3D('',#4472,#4473,#4474);
#4472 = CARTESIAN_POINT('',(27.94,-2.54,-13.3));
#4473 = DIRECTION('',(0.,0.,1.));
#4474 = DIRECTION('',(1.,0.,-0.));
#4475 = ORIENTED_EDGE('',*,*,#4476,.F.);
#4476 = EDGE_CURVE('',#4477,#4468,#4479,.T.);
#4477 = VERTEX_POINT('',#4478);
#4478 = CARTESIAN_POINT('',(27.94,-3.915,-13.3));
#4479 = CIRCLE('',#4480,1.375);
#4480 = AXIS2_PLACEMENT_3D('',#4481,#4482,#4483);
#4481 = CARTESIAN_POINT('',(27.94,-2.54,-13.3));
#4482 = DIRECTION('',(0.,0.,1.));
#4483 = DIRECTION('',(1.,0.,-0.));
#4484 = ORIENTED_EDGE('',*,*,#4485,.T.);
#4485 = EDGE_CURVE('',#4477,#4451,#4486,.T.);
#4486 = LINE('',#4487,#4488);
#4487 = CARTESIAN_POINT('',(-7.81,-3.915,-13.3));
#4488 = VECTOR('',#4489,1.);
#4489 = DIRECTION('',(-1.,-0.,0.));
#4490 = FACE_BOUND('',#4491,.F.);
#4491 = EDGE_LOOP('',(#4492,#4503,#4511,#4520,#4529));
#4492 = ORIENTED_EDGE('',*,*,#4493,.F.);
#4493 = EDGE_CURVE('',#4494,#4496,#4498,.T.);
#4494 = VERTEX_POINT('',#4495);
#4495 = CARTESIAN_POINT('',(-27.94,3.915,-13.3));
#4496 = VERTEX_POINT('',#4497);
#4497 = CARTESIAN_POINT('',(-27.94,1.165,-13.3));
#4498 = CIRCLE('',#4499,1.375);
#4499 = AXIS2_PLACEMENT_3D('',#4500,#4501,#4502);
#4500 = CARTESIAN_POINT('',(-27.94,2.54,-13.3));
#4501 = DIRECTION('',(0.,0.,1.));
#4502 = DIRECTION('',(1.,0.,-0.));
#4503 = ORIENTED_EDGE('',*,*,#4504,.F.);
#4504 = EDGE_CURVE('',#4505,#4494,#4507,.T.);
#4505 = VERTEX_POINT('',#4506);
#4506 = CARTESIAN_POINT('',(-22.86,3.915,-13.3));
#4507 = LINE('',#4508,#4509);
#4508 = CARTESIAN_POINT('',(-33.21,3.915,-13.3));
#4509 = VECTOR('',#4510,1.);
#4510 = DIRECTION('',(-1.,-0.,0.));
#4511 = ORIENTED_EDGE('',*,*,#4512,.F.);
#4512 = EDGE_CURVE('',#4513,#4505,#4515,.T.);
#4513 = VERTEX_POINT('',#4514);
#4514 = CARTESIAN_POINT('',(-21.485,2.54,-13.3));
#4515 = CIRCLE('',#4516,1.375);
#4516 = AXIS2_PLACEMENT_3D('',#4517,#4518,#4519);
#4517 = CARTESIAN_POINT('',(-22.86,2.54,-13.3));
#4518 = DIRECTION('',(0.,0.,1.));
#4519 = DIRECTION('',(1.,0.,-0.));
#4520 = ORIENTED_EDGE('',*,*,#4521,.F.);
#4521 = EDGE_CURVE('',#4522,#4513,#4524,.T.);
#4522 = VERTEX_POINT('',#4523);
#4523 = CARTESIAN_POINT('',(-22.86,1.165,-13.3));
#4524 = CIRCLE('',#4525,1.375);
#4525 = AXIS2_PLACEMENT_3D('',#4526,#4527,#4528);
#4526 = CARTESIAN_POINT('',(-22.86,2.54,-13.3));
#4527 = DIRECTION('',(0.,0.,1.));
#4528 = DIRECTION('',(1.,0.,-0.));
#4529 = ORIENTED_EDGE('',*,*,#4530,.T.);
#4530 = EDGE_CURVE('',#4522,#4496,#4531,.T.);
#4531 = LINE('',#4532,#4533);
#4532 = CARTESIAN_POINT('',(-33.21,1.165,-13.3));
#4533 = VECTOR('',#4534,1.);
#4534 = DIRECTION('',(-1.,-0.,0.));
#4535 = FACE_BOUND('',#4536,.F.);
#4536 = EDGE_LOOP('',(#4537));
#4537 = ORIENTED_EDGE('',*,*,#4538,.F.);
#4538 = EDGE_CURVE('',#4539,#4539,#4541,.T.);
#4539 = VERTEX_POINT('',#4540);
#4540 = CARTESIAN_POINT('',(-21.485,7.62,-13.3));
#4541 = CIRCLE('',#4542,1.375);
#4542 = AXIS2_PLACEMENT_3D('',#4543,#4544,#4545);
#4543 = CARTESIAN_POINT('',(-22.86,7.62,-13.3));
#4544 = DIRECTION('',(0.,0.,1.));
#4545 = DIRECTION('',(1.,0.,-0.));
#4546 = FACE_BOUND('',#4547,.F.);
#4547 = EDGE_LOOP('',(#4548,#4559,#4567,#4576));
#4548 = ORIENTED_EDGE('',*,*,#4549,.F.);
#4549 = EDGE_CURVE('',#4550,#4552,#4554,.T.);
#4550 = VERTEX_POINT('',#4551);
#4551 = CARTESIAN_POINT('',(-26.565,12.7,-13.3));
#4552 = VERTEX_POINT('',#4553);
#4553 = CARTESIAN_POINT('',(-29.315,12.7,-13.3));
#4554 = CIRCLE('',#4555,1.375);
#4555 = AXIS2_PLACEMENT_3D('',#4556,#4557,#4558);
#4556 = CARTESIAN_POINT('',(-27.94,12.7,-13.3));
#4557 = DIRECTION('',(0.,0.,1.));
#4558 = DIRECTION('',(1.,0.,-0.));
#4559 = ORIENTED_EDGE('',*,*,#4560,.F.);
#4560 = EDGE_CURVE('',#4561,#4550,#4563,.T.);
#4561 = VERTEX_POINT('',#4562);
#4562 = CARTESIAN_POINT('',(-26.565,7.62,-13.3));
#4563 = LINE('',#4564,#4565);
#4564 = CARTESIAN_POINT('',(-26.565,-15.43,-13.3));
#4565 = VECTOR('',#4566,1.);
#4566 = DIRECTION('',(-0.,1.,0.));
#4567 = ORIENTED_EDGE('',*,*,#4568,.F.);
#4568 = EDGE_CURVE('',#4569,#4561,#4571,.T.);
#4569 = VERTEX_POINT('',#4570);
#4570 = CARTESIAN_POINT('',(-29.315,7.62,-13.3));
#4571 = CIRCLE('',#4572,1.375);
#4572 = AXIS2_PLACEMENT_3D('',#4573,#4574,#4575);
#4573 = CARTESIAN_POINT('',(-27.94,7.62,-13.3));
#4574 = DIRECTION('',(0.,0.,1.));
#4575 = DIRECTION('',(1.,0.,-0.));
#4576 = ORIENTED_EDGE('',*,*,#4577,.T.);
#4577 = EDGE_CURVE('',#4569,#4552,#4578,.T.);
#4578 = LINE('',#4579,#4580);
#4579 = CARTESIAN_POINT('',(-29.315,-15.43,-13.3));
#4580 = VECTOR('',#4581,1.);
#4581 = DIRECTION('',(-0.,1.,0.));
#4582 = FACE_BOUND('',#4583,.F.);
#4583 = EDGE_LOOP('',(#4584,#4595,#4603,#4612,#4621));
#4584 = ORIENTED_EDGE('',*,*,#4585,.F.);
#4585 = EDGE_CURVE('',#4586,#4588,#4590,.T.);
#4586 = VERTEX_POINT('',#4587);
#4587 = CARTESIAN_POINT('',(-22.86,14.075,-13.3));
#4588 = VERTEX_POINT('',#4589);
#4589 = CARTESIAN_POINT('',(-22.86,11.325,-13.3));
#4590 = CIRCLE('',#4591,1.375);
#4591 = AXIS2_PLACEMENT_3D('',#4592,#4593,#4594);
#4592 = CARTESIAN_POINT('',(-22.86,12.7,-13.3));
#4593 = DIRECTION('',(0.,0.,1.));
#4594 = DIRECTION('',(1.,0.,-0.));
#4595 = ORIENTED_EDGE('',*,*,#4596,.F.);
#4596 = EDGE_CURVE('',#4597,#4586,#4599,.T.);
#4597 = VERTEX_POINT('',#4598);
#4598 = CARTESIAN_POINT('',(-17.78,14.075,-13.3));
#4599 = LINE('',#4600,#4601);
#4600 = CARTESIAN_POINT('',(-30.67,14.075,-13.3));
#4601 = VECTOR('',#4602,1.);
#4602 = DIRECTION('',(-1.,-0.,0.));
#4603 = ORIENTED_EDGE('',*,*,#4604,.F.);
#4604 = EDGE_CURVE('',#4605,#4597,#4607,.T.);
#4605 = VERTEX_POINT('',#4606);
#4606 = CARTESIAN_POINT('',(-16.405,12.7,-13.3));
#4607 = CIRCLE('',#4608,1.375);
#4608 = AXIS2_PLACEMENT_3D('',#4609,#4610,#4611);
#4609 = CARTESIAN_POINT('',(-17.78,12.7,-13.3));
#4610 = DIRECTION('',(0.,0.,1.));
#4611 = DIRECTION('',(1.,0.,-0.));
#4612 = ORIENTED_EDGE('',*,*,#4613,.F.);
#4613 = EDGE_CURVE('',#4614,#4605,#4616,.T.);
#4614 = VERTEX_POINT('',#4615);
#4615 = CARTESIAN_POINT('',(-17.78,11.325,-13.3));
#4616 = CIRCLE('',#4617,1.375);
#4617 = AXIS2_PLACEMENT_3D('',#4618,#4619,#4620);
#4618 = CARTESIAN_POINT('',(-17.78,12.7,-13.3));
#4619 = DIRECTION('',(0.,0.,1.));
#4620 = DIRECTION('',(1.,0.,-0.));
#4621 = ORIENTED_EDGE('',*,*,#4622,.T.);
#4622 = EDGE_CURVE('',#4614,#4588,#4623,.T.);
#4623 = LINE('',#4624,#4625);
#4624 = CARTESIAN_POINT('',(-30.67,11.325,-13.3));
#4625 = VECTOR('',#4626,1.);
#4626 = DIRECTION('',(-1.,-0.,0.));
#4627 = FACE_BOUND('',#4628,.F.);
#4628 = EDGE_LOOP('',(#4629,#4640,#4648,#4657,#4666));
#4629 = ORIENTED_EDGE('',*,*,#4630,.F.);
#4630 = EDGE_CURVE('',#4631,#4633,#4635,.T.);
#4631 = VERTEX_POINT('',#4632);
#4632 = CARTESIAN_POINT('',(-27.94,19.155,-13.3));
#4633 = VERTEX_POINT('',#4634);
#4634 = CARTESIAN_POINT('',(-27.94,16.405,-13.3));
#4635 = CIRCLE('',#4636,1.375);
#4636 = AXIS2_PLACEMENT_3D('',#4637,#4638,#4639);
#4637 = CARTESIAN_POINT('',(-27.94,17.78,-13.3));
#4638 = DIRECTION('',(0.,0.,1.));
#4639 = DIRECTION('',(1.,0.,-0.));
#4640 = ORIENTED_EDGE('',*,*,#4641,.F.);
#4641 = EDGE_CURVE('',#4642,#4631,#4644,.T.);
#4642 = VERTEX_POINT('',#4643);
#4643 = CARTESIAN_POINT('',(-22.86,19.155,-13.3));
#4644 = LINE('',#4645,#4646);
#4645 = CARTESIAN_POINT('',(-33.21,19.155,-13.3));
#4646 = VECTOR('',#4647,1.);
#4647 = DIRECTION('',(-1.,-0.,0.));
#4648 = ORIENTED_EDGE('',*,*,#4649,.F.);
#4649 = EDGE_CURVE('',#4650,#4642,#4652,.T.);
#4650 = VERTEX_POINT('',#4651);
#4651 = CARTESIAN_POINT('',(-21.485,17.78,-13.3));
#4652 = CIRCLE('',#4653,1.375);
#4653 = AXIS2_PLACEMENT_3D('',#4654,#4655,#4656);
#4654 = CARTESIAN_POINT('',(-22.86,17.78,-13.3));
#4655 = DIRECTION('',(0.,0.,1.));
#4656 = DIRECTION('',(1.,0.,-0.));
#4657 = ORIENTED_EDGE('',*,*,#4658,.F.);
#4658 = EDGE_CURVE('',#4659,#4650,#4661,.T.);
#4659 = VERTEX_POINT('',#4660);
#4660 = CARTESIAN_POINT('',(-22.86,16.405,-13.3));
#4661 = CIRCLE('',#4662,1.375);
#4662 = AXIS2_PLACEMENT_3D('',#4663,#4664,#4665);
#4663 = CARTESIAN_POINT('',(-22.86,17.78,-13.3));
#4664 = DIRECTION('',(0.,0.,1.));
#4665 = DIRECTION('',(1.,0.,-0.));
#4666 = ORIENTED_EDGE('',*,*,#4667,.T.);
#4667 = EDGE_CURVE('',#4659,#4633,#4668,.T.);
#4668 = LINE('',#4669,#4670);
#4669 = CARTESIAN_POINT('',(-33.21,16.405,-13.3));
#4670 = VECTOR('',#4671,1.);
#4671 = DIRECTION('',(-1.,-0.,0.));
#4672 = FACE_BOUND('',#4673,.F.);
#4673 = EDGE_LOOP('',(#4674,#4685,#4693,#4702,#4711));
#4674 = ORIENTED_EDGE('',*,*,#4675,.F.);
#4675 = EDGE_CURVE('',#4676,#4678,#4680,.T.);
#4676 = VERTEX_POINT('',#4677);
#4677 = CARTESIAN_POINT('',(-12.7,3.915,-13.3));
#4678 = VERTEX_POINT('',#4679);
#4679 = CARTESIAN_POINT('',(-12.7,1.165,-13.3));
#4680 = CIRCLE('',#4681,1.375);
#4681 = AXIS2_PLACEMENT_3D('',#4682,#4683,#4684);
#4682 = CARTESIAN_POINT('',(-12.7,2.54,-13.3));
#4683 = DIRECTION('',(0.,0.,1.));
#4684 = DIRECTION('',(1.,0.,-0.));
#4685 = ORIENTED_EDGE('',*,*,#4686,.F.);
#4686 = EDGE_CURVE('',#4687,#4676,#4689,.T.);
#4687 = VERTEX_POINT('',#4688);
#4688 = CARTESIAN_POINT('',(-7.62,3.915,-13.3));
#4689 = LINE('',#4690,#4691);
#4690 = CARTESIAN_POINT('',(-25.59,3.915,-13.3));
#4691 = VECTOR('',#4692,1.);
#4692 = DIRECTION('',(-1.,-0.,0.));
#4693 = ORIENTED_EDGE('',*,*,#4694,.F.);
#4694 = EDGE_CURVE('',#4695,#4687,#4697,.T.);
#4695 = VERTEX_POINT('',#4696);
#4696 = CARTESIAN_POINT('',(-6.245,2.54,-13.3));
#4697 = CIRCLE('',#4698,1.375);
#4698 = AXIS2_PLACEMENT_3D('',#4699,#4700,#4701);
#4699 = CARTESIAN_POINT('',(-7.62,2.54,-13.3));
#4700 = DIRECTION('',(0.,0.,1.));
#4701 = DIRECTION('',(1.,0.,-0.));
#4702 = ORIENTED_EDGE('',*,*,#4703,.F.);
#4703 = EDGE_CURVE('',#4704,#4695,#4706,.T.);
#4704 = VERTEX_POINT('',#4705);
#4705 = CARTESIAN_POINT('',(-7.62,1.165,-13.3));
#4706 = CIRCLE('',#4707,1.375);
#4707 = AXIS2_PLACEMENT_3D('',#4708,#4709,#4710);
#4708 = CARTESIAN_POINT('',(-7.62,2.54,-13.3));
#4709 = DIRECTION('',(0.,0.,1.));
#4710 = DIRECTION('',(1.,0.,-0.));
#4711 = ORIENTED_EDGE('',*,*,#4712,.T.);
#4712 = EDGE_CURVE('',#4704,#4678,#4713,.T.);
#4713 = LINE('',#4714,#4715);
#4714 = CARTESIAN_POINT('',(-25.59,1.165,-13.3));
#4715 = VECTOR('',#4716,1.);
#4716 = DIRECTION('',(-1.,-0.,0.));
#4717 = FACE_BOUND('',#4718,.F.);
#4718 = EDGE_LOOP('',(#4719,#4730,#4738,#4747));
#4719 = ORIENTED_EDGE('',*,*,#4720,.F.);
#4720 = EDGE_CURVE('',#4721,#4723,#4725,.T.);
#4721 = VERTEX_POINT('',#4722);
#4722 = CARTESIAN_POINT('',(-16.405,7.62,-13.3));
#4723 = VERTEX_POINT('',#4724);
#4724 = CARTESIAN_POINT('',(-19.155,7.62,-13.3));
#4725 = CIRCLE('',#4726,1.375);
#4726 = AXIS2_PLACEMENT_3D('',#4727,#4728,#4729);
#4727 = CARTESIAN_POINT('',(-17.78,7.62,-13.3));
#4728 = DIRECTION('',(0.,0.,1.));
#4729 = DIRECTION('',(1.,0.,-0.));
#4730 = ORIENTED_EDGE('',*,*,#4731,.F.);
#4731 = EDGE_CURVE('',#4732,#4721,#4734,.T.);
#4732 = VERTEX_POINT('',#4733);
#4733 = CARTESIAN_POINT('',(-16.405,2.54,-13.3));
#4734 = LINE('',#4735,#4736);
#4735 = CARTESIAN_POINT('',(-16.405,-17.97,-13.3));
#4736 = VECTOR('',#4737,1.);
#4737 = DIRECTION('',(-0.,1.,0.));
#4738 = ORIENTED_EDGE('',*,*,#4739,.F.);
#4739 = EDGE_CURVE('',#4740,#4732,#4742,.T.);
#4740 = VERTEX_POINT('',#4741);
#4741 = CARTESIAN_POINT('',(-19.155,2.54,-13.3));
#4742 = CIRCLE('',#4743,1.375);
#4743 = AXIS2_PLACEMENT_3D('',#4744,#4745,#4746);
#4744 = CARTESIAN_POINT('',(-17.78,2.54,-13.3));
#4745 = DIRECTION('',(0.,0.,1.));
#4746 = DIRECTION('',(1.,0.,-0.));
#4747 = ORIENTED_EDGE('',*,*,#4748,.T.);
#4748 = EDGE_CURVE('',#4740,#4723,#4749,.T.);
#4749 = LINE('',#4750,#4751);
#4750 = CARTESIAN_POINT('',(-19.155,-17.97,-13.3));
#4751 = VECTOR('',#4752,1.);
#4752 = DIRECTION('',(-0.,1.,0.));
#4753 = FACE_BOUND('',#4754,.F.);
#4754 = EDGE_LOOP('',(#4755));
#4755 = ORIENTED_EDGE('',*,*,#4756,.F.);
#4756 = EDGE_CURVE('',#4757,#4757,#4759,.T.);
#4757 = VERTEX_POINT('',#4758);
#4758 = CARTESIAN_POINT('',(-6.245,7.62,-13.3));
#4759 = CIRCLE('',#4760,1.375);
#4760 = AXIS2_PLACEMENT_3D('',#4761,#4762,#4763);
#4761 = CARTESIAN_POINT('',(-7.62,7.62,-13.3));
#4762 = DIRECTION('',(0.,0.,1.));
#4763 = DIRECTION('',(1.,0.,-0.));
#4764 = FACE_BOUND('',#4765,.F.);
#4765 = EDGE_LOOP('',(#4766,#4777,#4785,#4794));
#4766 = ORIENTED_EDGE('',*,*,#4767,.F.);
#4767 = EDGE_CURVE('',#4768,#4770,#4772,.T.);
#4768 = VERTEX_POINT('',#4769);
#4769 = CARTESIAN_POINT('',(-1.165,7.62,-13.3));
#4770 = VERTEX_POINT('',#4771);
#4771 = CARTESIAN_POINT('',(-3.915,7.62,-13.3));
#4772 = CIRCLE('',#4773,1.375);
#4773 = AXIS2_PLACEMENT_3D('',#4774,#4775,#4776);
#4774 = CARTESIAN_POINT('',(-2.54,7.62,-13.3));
#4775 = DIRECTION('',(0.,0.,1.));
#4776 = DIRECTION('',(1.,0.,-0.));
#4777 = ORIENTED_EDGE('',*,*,#4778,.F.);
#4778 = EDGE_CURVE('',#4779,#4768,#4781,.T.);
#4779 = VERTEX_POINT('',#4780);
#4780 = CARTESIAN_POINT('',(-1.165,2.54,-13.3));
#4781 = LINE('',#4782,#4783);
#4782 = CARTESIAN_POINT('',(-1.165,-17.97,-13.3));
#4783 = VECTOR('',#4784,1.);
#4784 = DIRECTION('',(-0.,1.,0.));
#4785 = ORIENTED_EDGE('',*,*,#4786,.F.);
#4786 = EDGE_CURVE('',#4787,#4779,#4789,.T.);
#4787 = VERTEX_POINT('',#4788);
#4788 = CARTESIAN_POINT('',(-3.915,2.54,-13.3));
#4789 = CIRCLE('',#4790,1.375);
#4790 = AXIS2_PLACEMENT_3D('',#4791,#4792,#4793);
#4791 = CARTESIAN_POINT('',(-2.54,2.54,-13.3));
#4792 = DIRECTION('',(0.,0.,1.));
#4793 = DIRECTION('',(1.,0.,-0.));
#4794 = ORIENTED_EDGE('',*,*,#4795,.T.);
#4795 = EDGE_CURVE('',#4787,#4770,#4796,.T.);
#4796 = LINE('',#4797,#4798);
#4797 = CARTESIAN_POINT('',(-3.915,-17.97,-13.3));
#4798 = VECTOR('',#4799,1.);
#4799 = DIRECTION('',(-0.,1.,0.));
#4800 = FACE_BOUND('',#4801,.F.);
#4801 = EDGE_LOOP('',(#4802,#4813,#4821,#4830));
#4802 = ORIENTED_EDGE('',*,*,#4803,.F.);
#4803 = EDGE_CURVE('',#4804,#4806,#4808,.T.);
#4804 = VERTEX_POINT('',#4805);
#4805 = CARTESIAN_POINT('',(-11.325,12.7,-13.3));
#4806 = VERTEX_POINT('',#4807);
#4807 = CARTESIAN_POINT('',(-14.075,12.7,-13.3));
#4808 = CIRCLE('',#4809,1.375);
#4809 = AXIS2_PLACEMENT_3D('',#4810,#4811,#4812);
#4810 = CARTESIAN_POINT('',(-12.7,12.7,-13.3));
#4811 = DIRECTION('',(0.,0.,1.));
#4812 = DIRECTION('',(1.,0.,-0.));
#4813 = ORIENTED_EDGE('',*,*,#4814,.F.);
#4814 = EDGE_CURVE('',#4815,#4804,#4817,.T.);
#4815 = VERTEX_POINT('',#4816);
#4816 = CARTESIAN_POINT('',(-11.325,7.62,-13.3));
#4817 = LINE('',#4818,#4819);
#4818 = CARTESIAN_POINT('',(-11.325,-15.43,-13.3));
#4819 = VECTOR('',#4820,1.);
#4820 = DIRECTION('',(-0.,1.,0.));
#4821 = ORIENTED_EDGE('',*,*,#4822,.F.);
#4822 = EDGE_CURVE('',#4823,#4815,#4825,.T.);
#4823 = VERTEX_POINT('',#4824);
#4824 = CARTESIAN_POINT('',(-14.075,7.62,-13.3));
#4825 = CIRCLE('',#4826,1.375);
#4826 = AXIS2_PLACEMENT_3D('',#4827,#4828,#4829);
#4827 = CARTESIAN_POINT('',(-12.7,7.62,-13.3));
#4828 = DIRECTION('',(0.,0.,1.));
#4829 = DIRECTION('',(1.,0.,-0.));
#4830 = ORIENTED_EDGE('',*,*,#4831,.T.);
#4831 = EDGE_CURVE('',#4823,#4806,#4832,.T.);
#4832 = LINE('',#4833,#4834);
#4833 = CARTESIAN_POINT('',(-14.075,-15.43,-13.3));
#4834 = VECTOR('',#4835,1.);
#4835 = DIRECTION('',(-0.,1.,0.));
#4836 = FACE_BOUND('',#4837,.F.);
#4837 = EDGE_LOOP('',(#4838,#4849,#4857,#4866,#4875));
#4838 = ORIENTED_EDGE('',*,*,#4839,.F.);
#4839 = EDGE_CURVE('',#4840,#4842,#4844,.T.);
#4840 = VERTEX_POINT('',#4841);
#4841 = CARTESIAN_POINT('',(-12.7,19.155,-13.3));
#4842 = VERTEX_POINT('',#4843);
#4843 = CARTESIAN_POINT('',(-12.7,16.405,-13.3));
#4844 = CIRCLE('',#4845,1.375);
#4845 = AXIS2_PLACEMENT_3D('',#4846,#4847,#4848);
#4846 = CARTESIAN_POINT('',(-12.7,17.78,-13.3));
#4847 = DIRECTION('',(0.,0.,1.));
#4848 = DIRECTION('',(1.,0.,-0.));
#4849 = ORIENTED_EDGE('',*,*,#4850,.F.);
#4850 = EDGE_CURVE('',#4851,#4840,#4853,.T.);
#4851 = VERTEX_POINT('',#4852);
#4852 = CARTESIAN_POINT('',(-7.62,19.155,-13.3));
#4853 = LINE('',#4854,#4855);
#4854 = CARTESIAN_POINT('',(-25.59,19.155,-13.3));
#4855 = VECTOR('',#4856,1.);
#4856 = DIRECTION('',(-1.,-0.,0.));
#4857 = ORIENTED_EDGE('',*,*,#4858,.F.);
#4858 = EDGE_CURVE('',#4859,#4851,#4861,.T.);
#4859 = VERTEX_POINT('',#4860);
#4860 = CARTESIAN_POINT('',(-6.245,17.78,-13.3));
#4861 = CIRCLE('',#4862,1.375);
#4862 = AXIS2_PLACEMENT_3D('',#4863,#4864,#4865);
#4863 = CARTESIAN_POINT('',(-7.62,17.78,-13.3));
#4864 = DIRECTION('',(0.,0.,1.));
#4865 = DIRECTION('',(1.,0.,-0.));
#4866 = ORIENTED_EDGE('',*,*,#4867,.F.);
#4867 = EDGE_CURVE('',#4868,#4859,#4870,.T.);
#4868 = VERTEX_POINT('',#4869);
#4869 = CARTESIAN_POINT('',(-7.62,16.405,-13.3));
#4870 = CIRCLE('',#4871,1.375);
#4871 = AXIS2_PLACEMENT_3D('',#4872,#4873,#4874);
#4872 = CARTESIAN_POINT('',(-7.62,17.78,-13.3));
#4873 = DIRECTION('',(0.,0.,1.));
#4874 = DIRECTION('',(1.,0.,-0.));
#4875 = ORIENTED_EDGE('',*,*,#4876,.T.);
#4876 = EDGE_CURVE('',#4868,#4842,#4877,.T.);
#4877 = LINE('',#4878,#4879);
#4878 = CARTESIAN_POINT('',(-25.59,16.405,-13.3));
#4879 = VECTOR('',#4880,1.);
#4880 = DIRECTION('',(-1.,-0.,0.));
#4881 = FACE_BOUND('',#4882,.F.);
#4882 = EDGE_LOOP('',(#4883,#4894,#4902,#4911,#4920));
#4883 = ORIENTED_EDGE('',*,*,#4884,.F.);
#4884 = EDGE_CURVE('',#4885,#4887,#4889,.T.);
#4885 = VERTEX_POINT('',#4886);
#4886 = CARTESIAN_POINT('',(-7.62,14.075,-13.3));
#4887 = VERTEX_POINT('',#4888);
#4888 = CARTESIAN_POINT('',(-7.62,11.325,-13.3));
#4889 = CIRCLE('',#4890,1.375);
#4890 = AXIS2_PLACEMENT_3D('',#4891,#4892,#4893);
#4891 = CARTESIAN_POINT('',(-7.62,12.7,-13.3));
#4892 = DIRECTION('',(0.,0.,1.));
#4893 = DIRECTION('',(1.,0.,-0.));
#4894 = ORIENTED_EDGE('',*,*,#4895,.F.);
#4895 = EDGE_CURVE('',#4896,#4885,#4898,.T.);
#4896 = VERTEX_POINT('',#4897);
#4897 = CARTESIAN_POINT('',(-2.54,14.075,-13.3));
#4898 = LINE('',#4899,#4900);
#4899 = CARTESIAN_POINT('',(-23.05,14.075,-13.3));
#4900 = VECTOR('',#4901,1.);
#4901 = DIRECTION('',(-1.,-0.,0.));
#4902 = ORIENTED_EDGE('',*,*,#4903,.F.);
#4903 = EDGE_CURVE('',#4904,#4896,#4906,.T.);
#4904 = VERTEX_POINT('',#4905);
#4905 = CARTESIAN_POINT('',(-1.165,12.7,-13.3));
#4906 = CIRCLE('',#4907,1.375);
#4907 = AXIS2_PLACEMENT_3D('',#4908,#4909,#4910);
#4908 = CARTESIAN_POINT('',(-2.54,12.7,-13.3));
#4909 = DIRECTION('',(0.,0.,1.));
#4910 = DIRECTION('',(1.,0.,-0.));
#4911 = ORIENTED_EDGE('',*,*,#4912,.F.);
#4912 = EDGE_CURVE('',#4913,#4904,#4915,.T.);
#4913 = VERTEX_POINT('',#4914);
#4914 = CARTESIAN_POINT('',(-2.54,11.325,-13.3));
#4915 = CIRCLE('',#4916,1.375);
#4916 = AXIS2_PLACEMENT_3D('',#4917,#4918,#4919);
#4917 = CARTESIAN_POINT('',(-2.54,12.7,-13.3));
#4918 = DIRECTION('',(0.,0.,1.));
#4919 = DIRECTION('',(1.,0.,-0.));
#4920 = ORIENTED_EDGE('',*,*,#4921,.T.);
#4921 = EDGE_CURVE('',#4913,#4887,#4922,.T.);
#4922 = LINE('',#4923,#4924);
#4923 = CARTESIAN_POINT('',(-23.05,11.325,-13.3));
#4924 = VECTOR('',#4925,1.);
#4925 = DIRECTION('',(-1.,-0.,0.));
#4926 = FACE_BOUND('',#4927,.F.);
#4927 = EDGE_LOOP('',(#4928,#4939,#4947,#4956));
#4928 = ORIENTED_EDGE('',*,*,#4929,.F.);
#4929 = EDGE_CURVE('',#4930,#4932,#4934,.T.);
#4930 = VERTEX_POINT('',#4931);
#4931 = CARTESIAN_POINT('',(-26.565,27.94,-13.3));
#4932 = VERTEX_POINT('',#4933);
#4933 = CARTESIAN_POINT('',(-29.315,27.94,-13.3));
#4934 = CIRCLE('',#4935,1.375);
#4935 = AXIS2_PLACEMENT_3D('',#4936,#4937,#4938);
#4936 = CARTESIAN_POINT('',(-27.94,27.94,-13.3));
#4937 = DIRECTION('',(0.,0.,1.));
#4938 = DIRECTION('',(1.,0.,-0.));
#4939 = ORIENTED_EDGE('',*,*,#4940,.F.);
#4940 = EDGE_CURVE('',#4941,#4930,#4943,.T.);
#4941 = VERTEX_POINT('',#4942);
#4942 = CARTESIAN_POINT('',(-26.565,22.86,-13.3));
#4943 = LINE('',#4944,#4945);
#4944 = CARTESIAN_POINT('',(-26.565,-7.81,-13.3));
#4945 = VECTOR('',#4946,1.);
#4946 = DIRECTION('',(-0.,1.,0.));
#4947 = ORIENTED_EDGE('',*,*,#4948,.F.);
#4948 = EDGE_CURVE('',#4949,#4941,#4951,.T.);
#4949 = VERTEX_POINT('',#4950);
#4950 = CARTESIAN_POINT('',(-29.315,22.86,-13.3));
#4951 = CIRCLE('',#4952,1.375);
#4952 = AXIS2_PLACEMENT_3D('',#4953,#4954,#4955);
#4953 = CARTESIAN_POINT('',(-27.94,22.86,-13.3));
#4954 = DIRECTION('',(0.,0.,1.));
#4955 = DIRECTION('',(1.,0.,-0.));
#4956 = ORIENTED_EDGE('',*,*,#4957,.T.);
#4957 = EDGE_CURVE('',#4949,#4932,#4958,.T.);
#4958 = LINE('',#4959,#4960);
#4959 = CARTESIAN_POINT('',(-29.315,-7.81,-13.3));
#4960 = VECTOR('',#4961,1.);
#4961 = DIRECTION('',(-0.,1.,0.));
#4962 = FACE_BOUND('',#4963,.F.);
#4963 = EDGE_LOOP('',(#4964));
#4964 = ORIENTED_EDGE('',*,*,#4965,.F.);
#4965 = EDGE_CURVE('',#4966,#4966,#4968,.T.);
#4966 = VERTEX_POINT('',#4967);
#4967 = CARTESIAN_POINT('',(-21.485,22.86,-13.3));
#4968 = CIRCLE('',#4969,1.375);
#4969 = AXIS2_PLACEMENT_3D('',#4970,#4971,#4972);
#4970 = CARTESIAN_POINT('',(-22.86,22.86,-13.3));
#4971 = DIRECTION('',(0.,0.,1.));
#4972 = DIRECTION('',(1.,0.,-0.));
#4973 = FACE_BOUND('',#4974,.F.);
#4974 = EDGE_LOOP('',(#4975));
#4975 = ORIENTED_EDGE('',*,*,#4976,.F.);
#4976 = EDGE_CURVE('',#4977,#4977,#4979,.T.);
#4977 = VERTEX_POINT('',#4978);
#4978 = CARTESIAN_POINT('',(-32.78,34.48,-13.3));
#4979 = CIRCLE('',#4980,1.7);
#4980 = AXIS2_PLACEMENT_3D('',#4981,#4982,#4983);
#4981 = CARTESIAN_POINT('',(-34.48,34.48,-13.3));
#4982 = DIRECTION('',(0.,0.,1.));
#4983 = DIRECTION('',(1.,0.,-0.));
#4984 = FACE_BOUND('',#4985,.F.);
#4985 = EDGE_LOOP('',(#4986,#4997,#5005,#5014,#5023));
#4986 = ORIENTED_EDGE('',*,*,#4987,.F.);
#4987 = EDGE_CURVE('',#4988,#4990,#4992,.T.);
#4988 = VERTEX_POINT('',#4989);
#4989 = CARTESIAN_POINT('',(-22.86,29.315,-13.3));
#4990 = VERTEX_POINT('',#4991);
#4991 = CARTESIAN_POINT('',(-22.86,26.565,-13.3));
#4992 = CIRCLE('',#4993,1.375);
#4993 = AXIS2_PLACEMENT_3D('',#4994,#4995,#4996);
#4994 = CARTESIAN_POINT('',(-22.86,27.94,-13.3));
#4995 = DIRECTION('',(0.,0.,1.));
#4996 = DIRECTION('',(1.,0.,-0.));
#4997 = ORIENTED_EDGE('',*,*,#4998,.F.);
#4998 = EDGE_CURVE('',#4999,#4988,#5001,.T.);
#4999 = VERTEX_POINT('',#5000);
#5000 = CARTESIAN_POINT('',(-17.78,29.315,-13.3));
#5001 = LINE('',#5002,#5003);
#5002 = CARTESIAN_POINT('',(-30.67,29.315,-13.3));
#5003 = VECTOR('',#5004,1.);
#5004 = DIRECTION('',(-1.,-0.,0.));
#5005 = ORIENTED_EDGE('',*,*,#5006,.F.);
#5006 = EDGE_CURVE('',#5007,#4999,#5009,.T.);
#5007 = VERTEX_POINT('',#5008);
#5008 = CARTESIAN_POINT('',(-16.405,27.94,-13.3));
#5009 = CIRCLE('',#5010,1.375);
#5010 = AXIS2_PLACEMENT_3D('',#5011,#5012,#5013);
#5011 = CARTESIAN_POINT('',(-17.78,27.94,-13.3));
#5012 = DIRECTION('',(0.,0.,1.));
#5013 = DIRECTION('',(1.,0.,-0.));
#5014 = ORIENTED_EDGE('',*,*,#5015,.F.);
#5015 = EDGE_CURVE('',#5016,#5007,#5018,.T.);
#5016 = VERTEX_POINT('',#5017);
#5017 = CARTESIAN_POINT('',(-17.78,26.565,-13.3));
#5018 = CIRCLE('',#5019,1.375);
#5019 = AXIS2_PLACEMENT_3D('',#5020,#5021,#5022);
#5020 = CARTESIAN_POINT('',(-17.78,27.94,-13.3));
#5021 = DIRECTION('',(0.,0.,1.));
#5022 = DIRECTION('',(1.,0.,-0.));
#5023 = ORIENTED_EDGE('',*,*,#5024,.T.);
#5024 = EDGE_CURVE('',#5016,#4990,#5025,.T.);
#5025 = LINE('',#5026,#5027);
#5026 = CARTESIAN_POINT('',(-30.67,26.565,-13.3));
#5027 = VECTOR('',#5028,1.);
#5028 = DIRECTION('',(-1.,-0.,0.));
#5029 = FACE_BOUND('',#5030,.F.);
#5030 = EDGE_LOOP('',(#5031,#5042,#5050,#5059));
#5031 = ORIENTED_EDGE('',*,*,#5032,.F.);
#5032 = EDGE_CURVE('',#5033,#5035,#5037,.T.);
#5033 = VERTEX_POINT('',#5034);
#5034 = CARTESIAN_POINT('',(-16.405,22.86,-13.3));
#5035 = VERTEX_POINT('',#5036);
#5036 = CARTESIAN_POINT('',(-19.155,22.86,-13.3));
#5037 = CIRCLE('',#5038,1.375);
#5038 = AXIS2_PLACEMENT_3D('',#5039,#5040,#5041);
#5039 = CARTESIAN_POINT('',(-17.78,22.86,-13.3));
#5040 = DIRECTION('',(0.,0.,1.));
#5041 = DIRECTION('',(1.,0.,-0.));
#5042 = ORIENTED_EDGE('',*,*,#5043,.F.);
#5043 = EDGE_CURVE('',#5044,#5033,#5046,.T.);
#5044 = VERTEX_POINT('',#5045);
#5045 = CARTESIAN_POINT('',(-16.405,17.78,-13.3));
#5046 = LINE('',#5047,#5048);
#5047 = CARTESIAN_POINT('',(-16.405,-10.35,-13.3));
#5048 = VECTOR('',#5049,1.);
#5049 = DIRECTION('',(-0.,1.,0.));
#5050 = ORIENTED_EDGE('',*,*,#5051,.F.);
#5051 = EDGE_CURVE('',#5052,#5044,#5054,.T.);
#5052 = VERTEX_POINT('',#5053);
#5053 = CARTESIAN_POINT('',(-19.155,17.78,-13.3));
#5054 = CIRCLE('',#5055,1.375);
#5055 = AXIS2_PLACEMENT_3D('',#5056,#5057,#5058);
#5056 = CARTESIAN_POINT('',(-17.78,17.78,-13.3));
#5057 = DIRECTION('',(0.,0.,1.));
#5058 = DIRECTION('',(1.,0.,-0.));
#5059 = ORIENTED_EDGE('',*,*,#5060,.T.);
#5060 = EDGE_CURVE('',#5052,#5035,#5061,.T.);
#5061 = LINE('',#5062,#5063);
#5062 = CARTESIAN_POINT('',(-19.155,-10.35,-13.3));
#5063 = VECTOR('',#5064,1.);
#5064 = DIRECTION('',(-0.,1.,0.));
#5065 = FACE_BOUND('',#5066,.F.);
#5066 = EDGE_LOOP('',(#5067,#5078,#5086,#5095));
#5067 = ORIENTED_EDGE('',*,*,#5068,.F.);
#5068 = EDGE_CURVE('',#5069,#5071,#5073,.T.);
#5069 = VERTEX_POINT('',#5070);
#5070 = CARTESIAN_POINT('',(-11.325,27.94,-13.3));
#5071 = VERTEX_POINT('',#5072);
#5072 = CARTESIAN_POINT('',(-14.075,27.94,-13.3));
#5073 = CIRCLE('',#5074,1.375);
#5074 = AXIS2_PLACEMENT_3D('',#5075,#5076,#5077);
#5075 = CARTESIAN_POINT('',(-12.7,27.94,-13.3));
#5076 = DIRECTION('',(0.,0.,1.));
#5077 = DIRECTION('',(1.,0.,-0.));
#5078 = ORIENTED_EDGE('',*,*,#5079,.F.);
#5079 = EDGE_CURVE('',#5080,#5069,#5082,.T.);
#5080 = VERTEX_POINT('',#5081);
#5081 = CARTESIAN_POINT('',(-11.325,22.86,-13.3));
#5082 = LINE('',#5083,#5084);
#5083 = CARTESIAN_POINT('',(-11.325,-7.81,-13.3));
#5084 = VECTOR('',#5085,1.);
#5085 = DIRECTION('',(-0.,1.,0.));
#5086 = ORIENTED_EDGE('',*,*,#5087,.F.);
#5087 = EDGE_CURVE('',#5088,#5080,#5090,.T.);
#5088 = VERTEX_POINT('',#5089);
#5089 = CARTESIAN_POINT('',(-14.075,22.86,-13.3));
#5090 = CIRCLE('',#5091,1.375);
#5091 = AXIS2_PLACEMENT_3D('',#5092,#5093,#5094);
#5092 = CARTESIAN_POINT('',(-12.7,22.86,-13.3));
#5093 = DIRECTION('',(0.,0.,1.));
#5094 = DIRECTION('',(1.,0.,-0.));
#5095 = ORIENTED_EDGE('',*,*,#5096,.T.);
#5096 = EDGE_CURVE('',#5088,#5071,#5097,.T.);
#5097 = LINE('',#5098,#5099);
#5098 = CARTESIAN_POINT('',(-14.075,-7.81,-13.3));
#5099 = VECTOR('',#5100,1.);
#5100 = DIRECTION('',(-0.,1.,0.));
#5101 = FACE_BOUND('',#5102,.F.);
#5102 = EDGE_LOOP('',(#5103,#5114,#5122,#5131));
#5103 = ORIENTED_EDGE('',*,*,#5104,.F.);
#5104 = EDGE_CURVE('',#5105,#5107,#5109,.T.);
#5105 = VERTEX_POINT('',#5106);
#5106 = CARTESIAN_POINT('',(-1.165,22.86,-13.3));
#5107 = VERTEX_POINT('',#5108);
#5108 = CARTESIAN_POINT('',(-3.915,22.86,-13.3));
#5109 = CIRCLE('',#5110,1.375);
#5110 = AXIS2_PLACEMENT_3D('',#5111,#5112,#5113);
#5111 = CARTESIAN_POINT('',(-2.54,22.86,-13.3));
#5112 = DIRECTION('',(0.,0.,1.));
#5113 = DIRECTION('',(1.,0.,-0.));
#5114 = ORIENTED_EDGE('',*,*,#5115,.F.);
#5115 = EDGE_CURVE('',#5116,#5105,#5118,.T.);
#5116 = VERTEX_POINT('',#5117);
#5117 = CARTESIAN_POINT('',(-1.165,17.78,-13.3));
#5118 = LINE('',#5119,#5120);
#5119 = CARTESIAN_POINT('',(-1.165,-10.35,-13.3));
#5120 = VECTOR('',#5121,1.);
#5121 = DIRECTION('',(-0.,1.,0.));
#5122 = ORIENTED_EDGE('',*,*,#5123,.F.);
#5123 = EDGE_CURVE('',#5124,#5116,#5126,.T.);
#5124 = VERTEX_POINT('',#5125);
#5125 = CARTESIAN_POINT('',(-3.915,17.78,-13.3));
#5126 = CIRCLE('',#5127,1.375);
#5127 = AXIS2_PLACEMENT_3D('',#5128,#5129,#5130);
#5128 = CARTESIAN_POINT('',(-2.54,17.78,-13.3));
#5129 = DIRECTION('',(0.,0.,1.));
#5130 = DIRECTION('',(1.,0.,-0.));
#5131 = ORIENTED_EDGE('',*,*,#5132,.T.);
#5132 = EDGE_CURVE('',#5124,#5107,#5133,.T.);
#5133 = LINE('',#5134,#5135);
#5134 = CARTESIAN_POINT('',(-3.915,-10.35,-13.3));
#5135 = VECTOR('',#5136,1.);
#5136 = DIRECTION('',(-0.,1.,0.));
#5137 = FACE_BOUND('',#5138,.F.);
#5138 = EDGE_LOOP('',(#5139));
#5139 = ORIENTED_EDGE('',*,*,#5140,.F.);
#5140 = EDGE_CURVE('',#5141,#5141,#5143,.T.);
#5141 = VERTEX_POINT('',#5142);
#5142 = CARTESIAN_POINT('',(-6.245,22.86,-13.3));
#5143 = CIRCLE('',#5144,1.375);
#5144 = AXIS2_PLACEMENT_3D('',#5145,#5146,#5147);
#5145 = CARTESIAN_POINT('',(-7.62,22.86,-13.3));
#5146 = DIRECTION('',(0.,0.,1.));
#5147 = DIRECTION('',(1.,0.,-0.));
#5148 = FACE_BOUND('',#5149,.F.);
#5149 = EDGE_LOOP('',(#5150,#5161,#5169,#5178,#5187));
#5150 = ORIENTED_EDGE('',*,*,#5151,.F.);
#5151 = EDGE_CURVE('',#5152,#5154,#5156,.T.);
#5152 = VERTEX_POINT('',#5153);
#5153 = CARTESIAN_POINT('',(-7.62,29.315,-13.3));
#5154 = VERTEX_POINT('',#5155);
#5155 = CARTESIAN_POINT('',(-7.62,26.565,-13.3));
#5156 = CIRCLE('',#5157,1.375);
#5157 = AXIS2_PLACEMENT_3D('',#5158,#5159,#5160);
#5158 = CARTESIAN_POINT('',(-7.62,27.94,-13.3));
#5159 = DIRECTION('',(0.,0.,1.));
#5160 = DIRECTION('',(1.,0.,-0.));
#5161 = ORIENTED_EDGE('',*,*,#5162,.F.);
#5162 = EDGE_CURVE('',#5163,#5152,#5165,.T.);
#5163 = VERTEX_POINT('',#5164);
#5164 = CARTESIAN_POINT('',(-2.54,29.315,-13.3));
#5165 = LINE('',#5166,#5167);
#5166 = CARTESIAN_POINT('',(-23.05,29.315,-13.3));
#5167 = VECTOR('',#5168,1.);
#5168 = DIRECTION('',(-1.,-0.,0.));
#5169 = ORIENTED_EDGE('',*,*,#5170,.F.);
#5170 = EDGE_CURVE('',#5171,#5163,#5173,.T.);
#5171 = VERTEX_POINT('',#5172);
#5172 = CARTESIAN_POINT('',(-1.165,27.94,-13.3));
#5173 = CIRCLE('',#5174,1.375);
#5174 = AXIS2_PLACEMENT_3D('',#5175,#5176,#5177);
#5175 = CARTESIAN_POINT('',(-2.54,27.94,-13.3));
#5176 = DIRECTION('',(0.,0.,1.));
#5177 = DIRECTION('',(1.,0.,-0.));
#5178 = ORIENTED_EDGE('',*,*,#5179,.F.);
#5179 = EDGE_CURVE('',#5180,#5171,#5182,.T.);
#5180 = VERTEX_POINT('',#5181);
#5181 = CARTESIAN_POINT('',(-2.54,26.565,-13.3));
#5182 = CIRCLE('',#5183,1.375);
#5183 = AXIS2_PLACEMENT_3D('',#5184,#5185,#5186);
#5184 = CARTESIAN_POINT('',(-2.54,27.94,-13.3));
#5185 = DIRECTION('',(0.,0.,1.));
#5186 = DIRECTION('',(1.,0.,-0.));
#5187 = ORIENTED_EDGE('',*,*,#5188,.T.);
#5188 = EDGE_CURVE('',#5180,#5154,#5189,.T.);
#5189 = LINE('',#5190,#5191);
#5190 = CARTESIAN_POINT('',(-23.05,26.565,-13.3));
#5191 = VECTOR('',#5192,1.);
#5192 = DIRECTION('',(-1.,-0.,0.));
#5193 = FACE_BOUND('',#5194,.F.);
#5194 = EDGE_LOOP('',(#5195,#5206,#5214,#5223,#5232));
#5195 = ORIENTED_EDGE('',*,*,#5196,.F.);
#5196 = EDGE_CURVE('',#5197,#5199,#5201,.T.);
#5197 = VERTEX_POINT('',#5198);
#5198 = CARTESIAN_POINT('',(2.54,3.915,-13.3));
#5199 = VERTEX_POINT('',#5200);
#5200 = CARTESIAN_POINT('',(2.54,1.165,-13.3));
#5201 = CIRCLE('',#5202,1.375);
#5202 = AXIS2_PLACEMENT_3D('',#5203,#5204,#5205);
#5203 = CARTESIAN_POINT('',(2.54,2.54,-13.3));
#5204 = DIRECTION('',(0.,0.,1.));
#5205 = DIRECTION('',(1.,0.,-0.));
#5206 = ORIENTED_EDGE('',*,*,#5207,.F.);
#5207 = EDGE_CURVE('',#5208,#5197,#5210,.T.);
#5208 = VERTEX_POINT('',#5209);
#5209 = CARTESIAN_POINT('',(7.62,3.915,-13.3));
#5210 = LINE('',#5211,#5212);
#5211 = CARTESIAN_POINT('',(-17.97,3.915,-13.3));
#5212 = VECTOR('',#5213,1.);
#5213 = DIRECTION('',(-1.,-0.,0.));
#5214 = ORIENTED_EDGE('',*,*,#5215,.F.);
#5215 = EDGE_CURVE('',#5216,#5208,#5218,.T.);
#5216 = VERTEX_POINT('',#5217);
#5217 = CARTESIAN_POINT('',(8.995,2.54,-13.3));
#5218 = CIRCLE('',#5219,1.375);
#5219 = AXIS2_PLACEMENT_3D('',#5220,#5221,#5222);
#5220 = CARTESIAN_POINT('',(7.62,2.54,-13.3));
#5221 = DIRECTION('',(0.,0.,1.));
#5222 = DIRECTION('',(1.,0.,-0.));
#5223 = ORIENTED_EDGE('',*,*,#5224,.F.);
#5224 = EDGE_CURVE('',#5225,#5216,#5227,.T.);
#5225 = VERTEX_POINT('',#5226);
#5226 = CARTESIAN_POINT('',(7.62,1.165,-13.3));
#5227 = CIRCLE('',#5228,1.375);
#5228 = AXIS2_PLACEMENT_3D('',#5229,#5230,#5231);
#5229 = CARTESIAN_POINT('',(7.62,2.54,-13.3));
#5230 = DIRECTION('',(0.,0.,1.));
#5231 = DIRECTION('',(1.,0.,-0.));
#5232 = ORIENTED_EDGE('',*,*,#5233,.T.);
#5233 = EDGE_CURVE('',#5225,#5199,#5234,.T.);
#5234 = LINE('',#5235,#5236);
#5235 = CARTESIAN_POINT('',(-17.97,1.165,-13.3));
#5236 = VECTOR('',#5237,1.);
#5237 = DIRECTION('',(-1.,-0.,0.));
#5238 = FACE_BOUND('',#5239,.F.);
#5239 = EDGE_LOOP('',(#5240));
#5240 = ORIENTED_EDGE('',*,*,#5241,.F.);
#5241 = EDGE_CURVE('',#5242,#5242,#5244,.T.);
#5242 = VERTEX_POINT('',#5243);
#5243 = CARTESIAN_POINT('',(8.995,7.62,-13.3));
#5244 = CIRCLE('',#5245,1.375);
#5245 = AXIS2_PLACEMENT_3D('',#5246,#5247,#5248);
#5246 = CARTESIAN_POINT('',(7.62,7.62,-13.3));
#5247 = DIRECTION('',(0.,0.,1.));
#5248 = DIRECTION('',(1.,0.,-0.));
#5249 = FACE_BOUND('',#5250,.F.);
#5250 = EDGE_LOOP('',(#5251,#5262,#5270,#5279));
#5251 = ORIENTED_EDGE('',*,*,#5252,.F.);
#5252 = EDGE_CURVE('',#5253,#5255,#5257,.T.);
#5253 = VERTEX_POINT('',#5254);
#5254 = CARTESIAN_POINT('',(14.075,7.62,-13.3));
#5255 = VERTEX_POINT('',#5256);
#5256 = CARTESIAN_POINT('',(11.325,7.62,-13.3));
#5257 = CIRCLE('',#5258,1.375);
#5258 = AXIS2_PLACEMENT_3D('',#5259,#5260,#5261);
#5259 = CARTESIAN_POINT('',(12.7,7.62,-13.3));
#5260 = DIRECTION('',(0.,0.,1.));
#5261 = DIRECTION('',(1.,0.,-0.));
#5262 = ORIENTED_EDGE('',*,*,#5263,.F.);
#5263 = EDGE_CURVE('',#5264,#5253,#5266,.T.);
#5264 = VERTEX_POINT('',#5265);
#5265 = CARTESIAN_POINT('',(14.075,2.54,-13.3));
#5266 = LINE('',#5267,#5268);
#5267 = CARTESIAN_POINT('',(14.075,-17.97,-13.3));
#5268 = VECTOR('',#5269,1.);
#5269 = DIRECTION('',(-0.,1.,0.));
#5270 = ORIENTED_EDGE('',*,*,#5271,.F.);
#5271 = EDGE_CURVE('',#5272,#5264,#5274,.T.);
#5272 = VERTEX_POINT('',#5273);
#5273 = CARTESIAN_POINT('',(11.325,2.54,-13.3));
#5274 = CIRCLE('',#5275,1.375);
#5275 = AXIS2_PLACEMENT_3D('',#5276,#5277,#5278);
#5276 = CARTESIAN_POINT('',(12.7,2.54,-13.3));
#5277 = DIRECTION('',(0.,0.,1.));
#5278 = DIRECTION('',(1.,0.,-0.));
#5279 = ORIENTED_EDGE('',*,*,#5280,.T.);
#5280 = EDGE_CURVE('',#5272,#5255,#5281,.T.);
#5281 = LINE('',#5282,#5283);
#5282 = CARTESIAN_POINT('',(11.325,-17.97,-13.3));
#5283 = VECTOR('',#5284,1.);
#5284 = DIRECTION('',(-0.,1.,0.));
#5285 = FACE_BOUND('',#5286,.F.);
#5286 = EDGE_LOOP('',(#5287,#5298,#5306,#5315));
#5287 = ORIENTED_EDGE('',*,*,#5288,.F.);
#5288 = EDGE_CURVE('',#5289,#5291,#5293,.T.);
#5289 = VERTEX_POINT('',#5290);
#5290 = CARTESIAN_POINT('',(3.915,12.7,-13.3));
#5291 = VERTEX_POINT('',#5292);
#5292 = CARTESIAN_POINT('',(1.165,12.7,-13.3));
#5293 = CIRCLE('',#5294,1.375);
#5294 = AXIS2_PLACEMENT_3D('',#5295,#5296,#5297);
#5295 = CARTESIAN_POINT('',(2.54,12.7,-13.3));
#5296 = DIRECTION('',(0.,0.,1.));
#5297 = DIRECTION('',(1.,0.,-0.));
#5298 = ORIENTED_EDGE('',*,*,#5299,.F.);
#5299 = EDGE_CURVE('',#5300,#5289,#5302,.T.);
#5300 = VERTEX_POINT('',#5301);
#5301 = CARTESIAN_POINT('',(3.915,7.62,-13.3));
#5302 = LINE('',#5303,#5304);
#5303 = CARTESIAN_POINT('',(3.915,-15.43,-13.3));
#5304 = VECTOR('',#5305,1.);
#5305 = DIRECTION('',(-0.,1.,0.));
#5306 = ORIENTED_EDGE('',*,*,#5307,.F.);
#5307 = EDGE_CURVE('',#5308,#5300,#5310,.T.);
#5308 = VERTEX_POINT('',#5309);
#5309 = CARTESIAN_POINT('',(1.165,7.62,-13.3));
#5310 = CIRCLE('',#5311,1.375);
#5311 = AXIS2_PLACEMENT_3D('',#5312,#5313,#5314);
#5312 = CARTESIAN_POINT('',(2.54,7.62,-13.3));
#5313 = DIRECTION('',(0.,0.,1.));
#5314 = DIRECTION('',(1.,0.,-0.));
#5315 = ORIENTED_EDGE('',*,*,#5316,.T.);
#5316 = EDGE_CURVE('',#5308,#5291,#5317,.T.);
#5317 = LINE('',#5318,#5319);
#5318 = CARTESIAN_POINT('',(1.165,-15.43,-13.3));
#5319 = VECTOR('',#5320,1.);
#5320 = DIRECTION('',(-0.,1.,0.));
#5321 = FACE_BOUND('',#5322,.F.);
#5322 = EDGE_LOOP('',(#5323,#5334,#5342,#5351,#5360));
#5323 = ORIENTED_EDGE('',*,*,#5324,.F.);
#5324 = EDGE_CURVE('',#5325,#5327,#5329,.T.);
#5325 = VERTEX_POINT('',#5326);
#5326 = CARTESIAN_POINT('',(2.54,19.155,-13.3));
#5327 = VERTEX_POINT('',#5328);
#5328 = CARTESIAN_POINT('',(2.54,16.405,-13.3));
#5329 = CIRCLE('',#5330,1.375);
#5330 = AXIS2_PLACEMENT_3D('',#5331,#5332,#5333);
#5331 = CARTESIAN_POINT('',(2.54,17.78,-13.3));
#5332 = DIRECTION('',(0.,0.,1.));
#5333 = DIRECTION('',(1.,0.,-0.));
#5334 = ORIENTED_EDGE('',*,*,#5335,.F.);
#5335 = EDGE_CURVE('',#5336,#5325,#5338,.T.);
#5336 = VERTEX_POINT('',#5337);
#5337 = CARTESIAN_POINT('',(7.62,19.155,-13.3));
#5338 = LINE('',#5339,#5340);
#5339 = CARTESIAN_POINT('',(-17.97,19.155,-13.3));
#5340 = VECTOR('',#5341,1.);
#5341 = DIRECTION('',(-1.,-0.,0.));
#5342 = ORIENTED_EDGE('',*,*,#5343,.F.);
#5343 = EDGE_CURVE('',#5344,#5336,#5346,.T.);
#5344 = VERTEX_POINT('',#5345);
#5345 = CARTESIAN_POINT('',(8.995,17.78,-13.3));
#5346 = CIRCLE('',#5347,1.375);
#5347 = AXIS2_PLACEMENT_3D('',#5348,#5349,#5350);
#5348 = CARTESIAN_POINT('',(7.62,17.78,-13.3));
#5349 = DIRECTION('',(0.,0.,1.));
#5350 = DIRECTION('',(1.,0.,-0.));
#5351 = ORIENTED_EDGE('',*,*,#5352,.F.);
#5352 = EDGE_CURVE('',#5353,#5344,#5355,.T.);
#5353 = VERTEX_POINT('',#5354);
#5354 = CARTESIAN_POINT('',(7.62,16.405,-13.3));
#5355 = CIRCLE('',#5356,1.375);
#5356 = AXIS2_PLACEMENT_3D('',#5357,#5358,#5359);
#5357 = CARTESIAN_POINT('',(7.62,17.78,-13.3));
#5358 = DIRECTION('',(0.,0.,1.));
#5359 = DIRECTION('',(1.,0.,-0.));
#5360 = ORIENTED_EDGE('',*,*,#5361,.T.);
#5361 = EDGE_CURVE('',#5353,#5327,#5362,.T.);
#5362 = LINE('',#5363,#5364);
#5363 = CARTESIAN_POINT('',(-17.97,16.405,-13.3));
#5364 = VECTOR('',#5365,1.);
#5365 = DIRECTION('',(-1.,-0.,0.));
#5366 = FACE_BOUND('',#5367,.F.);
#5367 = EDGE_LOOP('',(#5368,#5379,#5387,#5396,#5405));
#5368 = ORIENTED_EDGE('',*,*,#5369,.F.);
#5369 = EDGE_CURVE('',#5370,#5372,#5374,.T.);
#5370 = VERTEX_POINT('',#5371);
#5371 = CARTESIAN_POINT('',(7.62,14.075,-13.3));
#5372 = VERTEX_POINT('',#5373);
#5373 = CARTESIAN_POINT('',(7.62,11.325,-13.3));
#5374 = CIRCLE('',#5375,1.375);
#5375 = AXIS2_PLACEMENT_3D('',#5376,#5377,#5378);
#5376 = CARTESIAN_POINT('',(7.62,12.7,-13.3));
#5377 = DIRECTION('',(0.,0.,1.));
#5378 = DIRECTION('',(1.,0.,-0.));
#5379 = ORIENTED_EDGE('',*,*,#5380,.F.);
#5380 = EDGE_CURVE('',#5381,#5370,#5383,.T.);
#5381 = VERTEX_POINT('',#5382);
#5382 = CARTESIAN_POINT('',(12.7,14.075,-13.3));
#5383 = LINE('',#5384,#5385);
#5384 = CARTESIAN_POINT('',(-15.43,14.075,-13.3));
#5385 = VECTOR('',#5386,1.);
#5386 = DIRECTION('',(-1.,-0.,0.));
#5387 = ORIENTED_EDGE('',*,*,#5388,.F.);
#5388 = EDGE_CURVE('',#5389,#5381,#5391,.T.);
#5389 = VERTEX_POINT('',#5390);
#5390 = CARTESIAN_POINT('',(14.075,12.7,-13.3));
#5391 = CIRCLE('',#5392,1.375);
#5392 = AXIS2_PLACEMENT_3D('',#5393,#5394,#5395);
#5393 = CARTESIAN_POINT('',(12.7,12.7,-13.3));
#5394 = DIRECTION('',(0.,0.,1.));
#5395 = DIRECTION('',(1.,0.,-0.));
#5396 = ORIENTED_EDGE('',*,*,#5397,.F.);
#5397 = EDGE_CURVE('',#5398,#5389,#5400,.T.);
#5398 = VERTEX_POINT('',#5399);
#5399 = CARTESIAN_POINT('',(12.7,11.325,-13.3));
#5400 = CIRCLE('',#5401,1.375);
#5401 = AXIS2_PLACEMENT_3D('',#5402,#5403,#5404);
#5402 = CARTESIAN_POINT('',(12.7,12.7,-13.3));
#5403 = DIRECTION('',(0.,0.,1.));
#5404 = DIRECTION('',(1.,0.,-0.));
#5405 = ORIENTED_EDGE('',*,*,#5406,.T.);
#5406 = EDGE_CURVE('',#5398,#5372,#5407,.T.);
#5407 = LINE('',#5408,#5409);
#5408 = CARTESIAN_POINT('',(-15.43,11.325,-13.3));
#5409 = VECTOR('',#5410,1.);
#5410 = DIRECTION('',(-1.,-0.,0.));
#5411 = FACE_BOUND('',#5412,.F.);
#5412 = EDGE_LOOP('',(#5413,#5424,#5432,#5441));
#5413 = ORIENTED_EDGE('',*,*,#5414,.F.);
#5414 = EDGE_CURVE('',#5415,#5417,#5419,.T.);
#5415 = VERTEX_POINT('',#5416);
#5416 = CARTESIAN_POINT('',(19.155,12.7,-13.3));
#5417 = VERTEX_POINT('',#5418);
#5418 = CARTESIAN_POINT('',(16.405,12.7,-13.3));
#5419 = CIRCLE('',#5420,1.375);
#5420 = AXIS2_PLACEMENT_3D('',#5421,#5422,#5423);
#5421 = CARTESIAN_POINT('',(17.78,12.7,-13.3));
#5422 = DIRECTION('',(0.,0.,1.));
#5423 = DIRECTION('',(1.,0.,-0.));
#5424 = ORIENTED_EDGE('',*,*,#5425,.F.);
#5425 = EDGE_CURVE('',#5426,#5415,#5428,.T.);
#5426 = VERTEX_POINT('',#5427);
#5427 = CARTESIAN_POINT('',(19.155,7.62,-13.3));
#5428 = LINE('',#5429,#5430);
#5429 = CARTESIAN_POINT('',(19.155,-15.43,-13.3));
#5430 = VECTOR('',#5431,1.);
#5431 = DIRECTION('',(-0.,1.,0.));
#5432 = ORIENTED_EDGE('',*,*,#5433,.F.);
#5433 = EDGE_CURVE('',#5434,#5426,#5436,.T.);
#5434 = VERTEX_POINT('',#5435);
#5435 = CARTESIAN_POINT('',(16.405,7.62,-13.3));
#5436 = CIRCLE('',#5437,1.375);
#5437 = AXIS2_PLACEMENT_3D('',#5438,#5439,#5440);
#5438 = CARTESIAN_POINT('',(17.78,7.62,-13.3));
#5439 = DIRECTION('',(0.,0.,1.));
#5440 = DIRECTION('',(1.,0.,-0.));
#5441 = ORIENTED_EDGE('',*,*,#5442,.T.);
#5442 = EDGE_CURVE('',#5434,#5417,#5443,.T.);
#5443 = LINE('',#5444,#5445);
#5444 = CARTESIAN_POINT('',(16.405,-15.43,-13.3));
#5445 = VECTOR('',#5446,1.);
#5446 = DIRECTION('',(-0.,1.,0.));
#5447 = FACE_BOUND('',#5448,.F.);
#5448 = EDGE_LOOP('',(#5449,#5460,#5468,#5477,#5486));
#5449 = ORIENTED_EDGE('',*,*,#5450,.F.);
#5450 = EDGE_CURVE('',#5451,#5453,#5455,.T.);
#5451 = VERTEX_POINT('',#5452);
#5452 = CARTESIAN_POINT('',(17.78,3.915,-13.3));
#5453 = VERTEX_POINT('',#5454);
#5454 = CARTESIAN_POINT('',(17.78,1.165,-13.3));
#5455 = CIRCLE('',#5456,1.375);
#5456 = AXIS2_PLACEMENT_3D('',#5457,#5458,#5459);
#5457 = CARTESIAN_POINT('',(17.78,2.54,-13.3));
#5458 = DIRECTION('',(0.,0.,1.));
#5459 = DIRECTION('',(1.,0.,-0.));
#5460 = ORIENTED_EDGE('',*,*,#5461,.F.);
#5461 = EDGE_CURVE('',#5462,#5451,#5464,.T.);
#5462 = VERTEX_POINT('',#5463);
#5463 = CARTESIAN_POINT('',(22.86,3.915,-13.3));
#5464 = LINE('',#5465,#5466);
#5465 = CARTESIAN_POINT('',(-10.35,3.915,-13.3));
#5466 = VECTOR('',#5467,1.);
#5467 = DIRECTION('',(-1.,-0.,0.));
#5468 = ORIENTED_EDGE('',*,*,#5469,.F.);
#5469 = EDGE_CURVE('',#5470,#5462,#5472,.T.);
#5470 = VERTEX_POINT('',#5471);
#5471 = CARTESIAN_POINT('',(24.235,2.54,-13.3));
#5472 = CIRCLE('',#5473,1.375);
#5473 = AXIS2_PLACEMENT_3D('',#5474,#5475,#5476);
#5474 = CARTESIAN_POINT('',(22.86,2.54,-13.3));
#5475 = DIRECTION('',(0.,0.,1.));
#5476 = DIRECTION('',(1.,0.,-0.));
#5477 = ORIENTED_EDGE('',*,*,#5478,.F.);
#5478 = EDGE_CURVE('',#5479,#5470,#5481,.T.);
#5479 = VERTEX_POINT('',#5480);
#5480 = CARTESIAN_POINT('',(22.86,1.165,-13.3));
#5481 = CIRCLE('',#5482,1.375);
#5482 = AXIS2_PLACEMENT_3D('',#5483,#5484,#5485);
#5483 = CARTESIAN_POINT('',(22.86,2.54,-13.3));
#5484 = DIRECTION('',(0.,0.,1.));
#5485 = DIRECTION('',(1.,0.,-0.));
#5486 = ORIENTED_EDGE('',*,*,#5487,.T.);
#5487 = EDGE_CURVE('',#5479,#5453,#5488,.T.);
#5488 = LINE('',#5489,#5490);
#5489 = CARTESIAN_POINT('',(-10.35,1.165,-13.3));
#5490 = VECTOR('',#5491,1.);
#5491 = DIRECTION('',(-1.,-0.,0.));
#5492 = FACE_BOUND('',#5493,.F.);
#5493 = EDGE_LOOP('',(#5494));
#5494 = ORIENTED_EDGE('',*,*,#5495,.F.);
#5495 = EDGE_CURVE('',#5496,#5496,#5498,.T.);
#5496 = VERTEX_POINT('',#5497);
#5497 = CARTESIAN_POINT('',(24.235,7.62,-13.3));
#5498 = CIRCLE('',#5499,1.375);
#5499 = AXIS2_PLACEMENT_3D('',#5500,#5501,#5502);
#5500 = CARTESIAN_POINT('',(22.86,7.62,-13.3));
#5501 = DIRECTION('',(0.,0.,1.));
#5502 = DIRECTION('',(1.,0.,-0.));
#5503 = FACE_BOUND('',#5504,.F.);
#5504 = EDGE_LOOP('',(#5505,#5516,#5524,#5533));
#5505 = ORIENTED_EDGE('',*,*,#5506,.F.);
#5506 = EDGE_CURVE('',#5507,#5509,#5511,.T.);
#5507 = VERTEX_POINT('',#5508);
#5508 = CARTESIAN_POINT('',(29.315,7.62,-13.3));
#5509 = VERTEX_POINT('',#5510);
#5510 = CARTESIAN_POINT('',(26.565,7.62,-13.3));
#5511 = CIRCLE('',#5512,1.375);
#5512 = AXIS2_PLACEMENT_3D('',#5513,#5514,#5515);
#5513 = CARTESIAN_POINT('',(27.94,7.62,-13.3));
#5514 = DIRECTION('',(0.,0.,1.));
#5515 = DIRECTION('',(1.,0.,-0.));
#5516 = ORIENTED_EDGE('',*,*,#5517,.F.);
#5517 = EDGE_CURVE('',#5518,#5507,#5520,.T.);
#5518 = VERTEX_POINT('',#5519);
#5519 = CARTESIAN_POINT('',(29.315,2.54,-13.3));
#5520 = LINE('',#5521,#5522);
#5521 = CARTESIAN_POINT('',(29.315,-17.97,-13.3));
#5522 = VECTOR('',#5523,1.);
#5523 = DIRECTION('',(-0.,1.,0.));
#5524 = ORIENTED_EDGE('',*,*,#5525,.F.);
#5525 = EDGE_CURVE('',#5526,#5518,#5528,.T.);
#5526 = VERTEX_POINT('',#5527);
#5527 = CARTESIAN_POINT('',(26.565,2.54,-13.3));
#5528 = CIRCLE('',#5529,1.375);
#5529 = AXIS2_PLACEMENT_3D('',#5530,#5531,#5532);
#5530 = CARTESIAN_POINT('',(27.94,2.54,-13.3));
#5531 = DIRECTION('',(0.,0.,1.));
#5532 = DIRECTION('',(1.,0.,-0.));
#5533 = ORIENTED_EDGE('',*,*,#5534,.T.);
#5534 = EDGE_CURVE('',#5526,#5509,#5535,.T.);
#5535 = LINE('',#5536,#5537);
#5536 = CARTESIAN_POINT('',(26.565,-17.97,-13.3));
#5537 = VECTOR('',#5538,1.);
#5538 = DIRECTION('',(-0.,1.,0.));
#5539 = FACE_BOUND('',#5540,.F.);
#5540 = EDGE_LOOP('',(#5541,#5552,#5560,#5569,#5578));
#5541 = ORIENTED_EDGE('',*,*,#5542,.F.);
#5542 = EDGE_CURVE('',#5543,#5545,#5547,.T.);
#5543 = VERTEX_POINT('',#5544);
#5544 = CARTESIAN_POINT('',(22.86,14.075,-13.3));
#5545 = VERTEX_POINT('',#5546);
#5546 = CARTESIAN_POINT('',(22.86,11.325,-13.3));
#5547 = CIRCLE('',#5548,1.375);
#5548 = AXIS2_PLACEMENT_3D('',#5549,#5550,#5551);
#5549 = CARTESIAN_POINT('',(22.86,12.7,-13.3));
#5550 = DIRECTION('',(0.,0.,1.));
#5551 = DIRECTION('',(1.,0.,-0.));
#5552 = ORIENTED_EDGE('',*,*,#5553,.F.);
#5553 = EDGE_CURVE('',#5554,#5543,#5556,.T.);
#5554 = VERTEX_POINT('',#5555);
#5555 = CARTESIAN_POINT('',(27.94,14.075,-13.3));
#5556 = LINE('',#5557,#5558);
#5557 = CARTESIAN_POINT('',(-7.81,14.075,-13.3));
#5558 = VECTOR('',#5559,1.);
#5559 = DIRECTION('',(-1.,-0.,0.));
#5560 = ORIENTED_EDGE('',*,*,#5561,.F.);
#5561 = EDGE_CURVE('',#5562,#5554,#5564,.T.);
#5562 = VERTEX_POINT('',#5563);
#5563 = CARTESIAN_POINT('',(29.315,12.7,-13.3));
#5564 = CIRCLE('',#5565,1.375);
#5565 = AXIS2_PLACEMENT_3D('',#5566,#5567,#5568);
#5566 = CARTESIAN_POINT('',(27.94,12.7,-13.3));
#5567 = DIRECTION('',(0.,0.,1.));
#5568 = DIRECTION('',(1.,0.,-0.));
#5569 = ORIENTED_EDGE('',*,*,#5570,.F.);
#5570 = EDGE_CURVE('',#5571,#5562,#5573,.T.);
#5571 = VERTEX_POINT('',#5572);
#5572 = CARTESIAN_POINT('',(27.94,11.325,-13.3));
#5573 = CIRCLE('',#5574,1.375);
#5574 = AXIS2_PLACEMENT_3D('',#5575,#5576,#5577);
#5575 = CARTESIAN_POINT('',(27.94,12.7,-13.3));
#5576 = DIRECTION('',(0.,0.,1.));
#5577 = DIRECTION('',(1.,0.,-0.));
#5578 = ORIENTED_EDGE('',*,*,#5579,.T.);
#5579 = EDGE_CURVE('',#5571,#5545,#5580,.T.);
#5580 = LINE('',#5581,#5582);
#5581 = CARTESIAN_POINT('',(-7.81,11.325,-13.3));
#5582 = VECTOR('',#5583,1.);
#5583 = DIRECTION('',(-1.,-0.,0.));
#5584 = FACE_BOUND('',#5585,.F.);
#5585 = EDGE_LOOP('',(#5586,#5597,#5605,#5614,#5623));
#5586 = ORIENTED_EDGE('',*,*,#5587,.F.);
#5587 = EDGE_CURVE('',#5588,#5590,#5592,.T.);
#5588 = VERTEX_POINT('',#5589);
#5589 = CARTESIAN_POINT('',(17.78,19.155,-13.3));
#5590 = VERTEX_POINT('',#5591);
#5591 = CARTESIAN_POINT('',(17.78,16.405,-13.3));
#5592 = CIRCLE('',#5593,1.375);
#5593 = AXIS2_PLACEMENT_3D('',#5594,#5595,#5596);
#5594 = CARTESIAN_POINT('',(17.78,17.78,-13.3));
#5595 = DIRECTION('',(0.,0.,1.));
#5596 = DIRECTION('',(1.,0.,-0.));
#5597 = ORIENTED_EDGE('',*,*,#5598,.F.);
#5598 = EDGE_CURVE('',#5599,#5588,#5601,.T.);
#5599 = VERTEX_POINT('',#5600);
#5600 = CARTESIAN_POINT('',(22.86,19.155,-13.3));
#5601 = LINE('',#5602,#5603);
#5602 = CARTESIAN_POINT('',(-10.35,19.155,-13.3));
#5603 = VECTOR('',#5604,1.);
#5604 = DIRECTION('',(-1.,-0.,0.));
#5605 = ORIENTED_EDGE('',*,*,#5606,.F.);
#5606 = EDGE_CURVE('',#5607,#5599,#5609,.T.);
#5607 = VERTEX_POINT('',#5608);
#5608 = CARTESIAN_POINT('',(24.235,17.78,-13.3));
#5609 = CIRCLE('',#5610,1.375);
#5610 = AXIS2_PLACEMENT_3D('',#5611,#5612,#5613);
#5611 = CARTESIAN_POINT('',(22.86,17.78,-13.3));
#5612 = DIRECTION('',(0.,0.,1.));
#5613 = DIRECTION('',(1.,0.,-0.));
#5614 = ORIENTED_EDGE('',*,*,#5615,.F.);
#5615 = EDGE_CURVE('',#5616,#5607,#5618,.T.);
#5616 = VERTEX_POINT('',#5617);
#5617 = CARTESIAN_POINT('',(22.86,16.405,-13.3));
#5618 = CIRCLE('',#5619,1.375);
#5619 = AXIS2_PLACEMENT_3D('',#5620,#5621,#5622);
#5620 = CARTESIAN_POINT('',(22.86,17.78,-13.3));
#5621 = DIRECTION('',(0.,0.,1.));
#5622 = DIRECTION('',(1.,0.,-0.));
#5623 = ORIENTED_EDGE('',*,*,#5624,.T.);
#5624 = EDGE_CURVE('',#5616,#5590,#5625,.T.);
#5625 = LINE('',#5626,#5627);
#5626 = CARTESIAN_POINT('',(-10.35,16.405,-13.3));
#5627 = VECTOR('',#5628,1.);
#5628 = DIRECTION('',(-1.,-0.,0.));
#5629 = FACE_BOUND('',#5630,.F.);
#5630 = EDGE_LOOP('',(#5631,#5642,#5650,#5659));
#5631 = ORIENTED_EDGE('',*,*,#5632,.F.);
#5632 = EDGE_CURVE('',#5633,#5635,#5637,.T.);
#5633 = VERTEX_POINT('',#5634);
#5634 = CARTESIAN_POINT('',(3.915,27.94,-13.3));
#5635 = VERTEX_POINT('',#5636);
#5636 = CARTESIAN_POINT('',(1.165,27.94,-13.3));
#5637 = CIRCLE('',#5638,1.375);
#5638 = AXIS2_PLACEMENT_3D('',#5639,#5640,#5641);
#5639 = CARTESIAN_POINT('',(2.54,27.94,-13.3));
#5640 = DIRECTION('',(0.,0.,1.));
#5641 = DIRECTION('',(1.,0.,-0.));
#5642 = ORIENTED_EDGE('',*,*,#5643,.F.);
#5643 = EDGE_CURVE('',#5644,#5633,#5646,.T.);
#5644 = VERTEX_POINT('',#5645);
#5645 = CARTESIAN_POINT('',(3.915,22.86,-13.3));
#5646 = LINE('',#5647,#5648);
#5647 = CARTESIAN_POINT('',(3.915,-7.81,-13.3));
#5648 = VECTOR('',#5649,1.);
#5649 = DIRECTION('',(-0.,1.,0.));
#5650 = ORIENTED_EDGE('',*,*,#5651,.F.);
#5651 = EDGE_CURVE('',#5652,#5644,#5654,.T.);
#5652 = VERTEX_POINT('',#5653);
#5653 = CARTESIAN_POINT('',(1.165,22.86,-13.3));
#5654 = CIRCLE('',#5655,1.375);
#5655 = AXIS2_PLACEMENT_3D('',#5656,#5657,#5658);
#5656 = CARTESIAN_POINT('',(2.54,22.86,-13.3));
#5657 = DIRECTION('',(0.,0.,1.));
#5658 = DIRECTION('',(1.,0.,-0.));
#5659 = ORIENTED_EDGE('',*,*,#5660,.T.);
#5660 = EDGE_CURVE('',#5652,#5635,#5661,.T.);
#5661 = LINE('',#5662,#5663);
#5662 = CARTESIAN_POINT('',(1.165,-7.81,-13.3));
#5663 = VECTOR('',#5664,1.);
#5664 = DIRECTION('',(-0.,1.,0.));
#5665 = FACE_BOUND('',#5666,.F.);
#5666 = EDGE_LOOP('',(#5667));
#5667 = ORIENTED_EDGE('',*,*,#5668,.F.);
#5668 = EDGE_CURVE('',#5669,#5669,#5671,.T.);
#5669 = VERTEX_POINT('',#5670);
#5670 = CARTESIAN_POINT('',(8.995,22.86,-13.3));
#5671 = CIRCLE('',#5672,1.375);
#5672 = AXIS2_PLACEMENT_3D('',#5673,#5674,#5675);
#5673 = CARTESIAN_POINT('',(7.62,22.86,-13.3));
#5674 = DIRECTION('',(0.,0.,1.));
#5675 = DIRECTION('',(1.,0.,-0.));
#5676 = FACE_BOUND('',#5677,.F.);
#5677 = EDGE_LOOP('',(#5678,#5689,#5697,#5706));
#5678 = ORIENTED_EDGE('',*,*,#5679,.F.);
#5679 = EDGE_CURVE('',#5680,#5682,#5684,.T.);
#5680 = VERTEX_POINT('',#5681);
#5681 = CARTESIAN_POINT('',(14.075,22.86,-13.3));
#5682 = VERTEX_POINT('',#5683);
#5683 = CARTESIAN_POINT('',(11.325,22.86,-13.3));
#5684 = CIRCLE('',#5685,1.375);
#5685 = AXIS2_PLACEMENT_3D('',#5686,#5687,#5688);
#5686 = CARTESIAN_POINT('',(12.7,22.86,-13.3));
#5687 = DIRECTION('',(0.,0.,1.));
#5688 = DIRECTION('',(1.,0.,-0.));
#5689 = ORIENTED_EDGE('',*,*,#5690,.F.);
#5690 = EDGE_CURVE('',#5691,#5680,#5693,.T.);
#5691 = VERTEX_POINT('',#5692);
#5692 = CARTESIAN_POINT('',(14.075,17.78,-13.3));
#5693 = LINE('',#5694,#5695);
#5694 = CARTESIAN_POINT('',(14.075,-10.35,-13.3));
#5695 = VECTOR('',#5696,1.);
#5696 = DIRECTION('',(-0.,1.,0.));
#5697 = ORIENTED_EDGE('',*,*,#5698,.F.);
#5698 = EDGE_CURVE('',#5699,#5691,#5701,.T.);
#5699 = VERTEX_POINT('',#5700);
#5700 = CARTESIAN_POINT('',(11.325,17.78,-13.3));
#5701 = CIRCLE('',#5702,1.375);
#5702 = AXIS2_PLACEMENT_3D('',#5703,#5704,#5705);
#5703 = CARTESIAN_POINT('',(12.7,17.78,-13.3));
#5704 = DIRECTION('',(0.,0.,1.));
#5705 = DIRECTION('',(1.,0.,-0.));
#5706 = ORIENTED_EDGE('',*,*,#5707,.T.);
#5707 = EDGE_CURVE('',#5699,#5682,#5708,.T.);
#5708 = LINE('',#5709,#5710);
#5709 = CARTESIAN_POINT('',(11.325,-10.35,-13.3));
#5710 = VECTOR('',#5711,1.);
#5711 = DIRECTION('',(-0.,1.,0.));
#5712 = FACE_BOUND('',#5713,.F.);
#5713 = EDGE_LOOP('',(#5714,#5725,#5733,#5742));
#5714 = ORIENTED_EDGE('',*,*,#5715,.F.);
#5715 = EDGE_CURVE('',#5716,#5718,#5720,.T.);
#5716 = VERTEX_POINT('',#5717);
#5717 = CARTESIAN_POINT('',(19.155,27.94,-13.3));
#5718 = VERTEX_POINT('',#5719);
#5719 = CARTESIAN_POINT('',(16.405,27.94,-13.3));
#5720 = CIRCLE('',#5721,1.375);
#5721 = AXIS2_PLACEMENT_3D('',#5722,#5723,#5724);
#5722 = CARTESIAN_POINT('',(17.78,27.94,-13.3));
#5723 = DIRECTION('',(0.,0.,1.));
#5724 = DIRECTION('',(1.,0.,-0.));
#5725 = ORIENTED_EDGE('',*,*,#5726,.F.);
#5726 = EDGE_CURVE('',#5727,#5716,#5729,.T.);
#5727 = VERTEX_POINT('',#5728);
#5728 = CARTESIAN_POINT('',(19.155,22.86,-13.3));
#5729 = LINE('',#5730,#5731);
#5730 = CARTESIAN_POINT('',(19.155,-7.81,-13.3));
#5731 = VECTOR('',#5732,1.);
#5732 = DIRECTION('',(-0.,1.,0.));
#5733 = ORIENTED_EDGE('',*,*,#5734,.F.);
#5734 = EDGE_CURVE('',#5735,#5727,#5737,.T.);
#5735 = VERTEX_POINT('',#5736);
#5736 = CARTESIAN_POINT('',(16.405,22.86,-13.3));
#5737 = CIRCLE('',#5738,1.375);
#5738 = AXIS2_PLACEMENT_3D('',#5739,#5740,#5741);
#5739 = CARTESIAN_POINT('',(17.78,22.86,-13.3));
#5740 = DIRECTION('',(0.,0.,1.));
#5741 = DIRECTION('',(1.,0.,-0.));
#5742 = ORIENTED_EDGE('',*,*,#5743,.T.);
#5743 = EDGE_CURVE('',#5735,#5718,#5744,.T.);
#5744 = LINE('',#5745,#5746);
#5745 = CARTESIAN_POINT('',(16.405,-7.81,-13.3));
#5746 = VECTOR('',#5747,1.);
#5747 = DIRECTION('',(-0.,1.,0.));
#5748 = FACE_BOUND('',#5749,.F.);
#5749 = EDGE_LOOP('',(#5750,#5761,#5769,#5778,#5787));
#5750 = ORIENTED_EDGE('',*,*,#5751,.F.);
#5751 = EDGE_CURVE('',#5752,#5754,#5756,.T.);
#5752 = VERTEX_POINT('',#5753);
#5753 = CARTESIAN_POINT('',(7.62,29.315,-13.3));
#5754 = VERTEX_POINT('',#5755);
#5755 = CARTESIAN_POINT('',(7.62,26.565,-13.3));
#5756 = CIRCLE('',#5757,1.375);
#5757 = AXIS2_PLACEMENT_3D('',#5758,#5759,#5760);
#5758 = CARTESIAN_POINT('',(7.62,27.94,-13.3));
#5759 = DIRECTION('',(0.,0.,1.));
#5760 = DIRECTION('',(1.,0.,-0.));
#5761 = ORIENTED_EDGE('',*,*,#5762,.F.);
#5762 = EDGE_CURVE('',#5763,#5752,#5765,.T.);
#5763 = VERTEX_POINT('',#5764);
#5764 = CARTESIAN_POINT('',(12.7,29.315,-13.3));
#5765 = LINE('',#5766,#5767);
#5766 = CARTESIAN_POINT('',(-15.43,29.315,-13.3));
#5767 = VECTOR('',#5768,1.);
#5768 = DIRECTION('',(-1.,-0.,0.));
#5769 = ORIENTED_EDGE('',*,*,#5770,.F.);
#5770 = EDGE_CURVE('',#5771,#5763,#5773,.T.);
#5771 = VERTEX_POINT('',#5772);
#5772 = CARTESIAN_POINT('',(14.075,27.94,-13.3));
#5773 = CIRCLE('',#5774,1.375);
#5774 = AXIS2_PLACEMENT_3D('',#5775,#5776,#5777);
#5775 = CARTESIAN_POINT('',(12.7,27.94,-13.3));
#5776 = DIRECTION('',(0.,0.,1.));
#5777 = DIRECTION('',(1.,0.,-0.));
#5778 = ORIENTED_EDGE('',*,*,#5779,.F.);
#5779 = EDGE_CURVE('',#5780,#5771,#5782,.T.);
#5780 = VERTEX_POINT('',#5781);
#5781 = CARTESIAN_POINT('',(12.7,26.565,-13.3));
#5782 = CIRCLE('',#5783,1.375);
#5783 = AXIS2_PLACEMENT_3D('',#5784,#5785,#5786);
#5784 = CARTESIAN_POINT('',(12.7,27.94,-13.3));
#5785 = DIRECTION('',(0.,0.,1.));
#5786 = DIRECTION('',(1.,0.,-0.));
#5787 = ORIENTED_EDGE('',*,*,#5788,.T.);
#5788 = EDGE_CURVE('',#5780,#5754,#5789,.T.);
#5789 = LINE('',#5790,#5791);
#5790 = CARTESIAN_POINT('',(-15.43,26.565,-13.3));
#5791 = VECTOR('',#5792,1.);
#5792 = DIRECTION('',(-1.,-0.,0.));
#5793 = FACE_BOUND('',#5794,.F.);
#5794 = EDGE_LOOP('',(#5795));
#5795 = ORIENTED_EDGE('',*,*,#5796,.F.);
#5796 = EDGE_CURVE('',#5797,#5797,#5799,.T.);
#5797 = VERTEX_POINT('',#5798);
#5798 = CARTESIAN_POINT('',(24.235,22.86,-13.3));
#5799 = CIRCLE('',#5800,1.375);
#5800 = AXIS2_PLACEMENT_3D('',#5801,#5802,#5803);
#5801 = CARTESIAN_POINT('',(22.86,22.86,-13.3));
#5802 = DIRECTION('',(0.,0.,1.));
#5803 = DIRECTION('',(1.,0.,-0.));
#5804 = FACE_BOUND('',#5805,.F.);
#5805 = EDGE_LOOP('',(#5806,#5817,#5825,#5834));
#5806 = ORIENTED_EDGE('',*,*,#5807,.F.);
#5807 = EDGE_CURVE('',#5808,#5810,#5812,.T.);
#5808 = VERTEX_POINT('',#5809);
#5809 = CARTESIAN_POINT('',(29.315,22.86,-13.3));
#5810 = VERTEX_POINT('',#5811);
#5811 = CARTESIAN_POINT('',(26.565,22.86,-13.3));
#5812 = CIRCLE('',#5813,1.375);
#5813 = AXIS2_PLACEMENT_3D('',#5814,#5815,#5816);
#5814 = CARTESIAN_POINT('',(27.94,22.86,-13.3));
#5815 = DIRECTION('',(0.,0.,1.));
#5816 = DIRECTION('',(1.,0.,-0.));
#5817 = ORIENTED_EDGE('',*,*,#5818,.F.);
#5818 = EDGE_CURVE('',#5819,#5808,#5821,.T.);
#5819 = VERTEX_POINT('',#5820);
#5820 = CARTESIAN_POINT('',(29.315,17.78,-13.3));
#5821 = LINE('',#5822,#5823);
#5822 = CARTESIAN_POINT('',(29.315,-10.35,-13.3));
#5823 = VECTOR('',#5824,1.);
#5824 = DIRECTION('',(-0.,1.,0.));
#5825 = ORIENTED_EDGE('',*,*,#5826,.F.);
#5826 = EDGE_CURVE('',#5827,#5819,#5829,.T.);
#5827 = VERTEX_POINT('',#5828);
#5828 = CARTESIAN_POINT('',(26.565,17.78,-13.3));
#5829 = CIRCLE('',#5830,1.375);
#5830 = AXIS2_PLACEMENT_3D('',#5831,#5832,#5833);
#5831 = CARTESIAN_POINT('',(27.94,17.78,-13.3));
#5832 = DIRECTION('',(0.,0.,1.));
#5833 = DIRECTION('',(1.,0.,-0.));
#5834 = ORIENTED_EDGE('',*,*,#5835,.T.);
#5835 = EDGE_CURVE('',#5827,#5810,#5836,.T.);
#5836 = LINE('',#5837,#5838);
#5837 = CARTESIAN_POINT('',(26.565,-10.35,-13.3));
#5838 = VECTOR('',#5839,1.);
#5839 = DIRECTION('',(-0.,1.,0.));
#5840 = FACE_BOUND('',#5841,.F.);
#5841 = EDGE_LOOP('',(#5842,#5853,#5861,#5870,#5879));
#5842 = ORIENTED_EDGE('',*,*,#5843,.F.);
#5843 = EDGE_CURVE('',#5844,#5846,#5848,.T.);
#5844 = VERTEX_POINT('',#5845);
#5845 = CARTESIAN_POINT('',(22.86,29.315,-13.3));
#5846 = VERTEX_POINT('',#5847);
#5847 = CARTESIAN_POINT('',(22.86,26.565,-13.3));
#5848 = CIRCLE('',#5849,1.375);
#5849 = AXIS2_PLACEMENT_3D('',#5850,#5851,#5852);
#5850 = CARTESIAN_POINT('',(22.86,27.94,-13.3));
#5851 = DIRECTION('',(0.,0.,1.));
#5852 = DIRECTION('',(1.,0.,-0.));
#5853 = ORIENTED_EDGE('',*,*,#5854,.F.);
#5854 = EDGE_CURVE('',#5855,#5844,#5857,.T.);
#5855 = VERTEX_POINT('',#5856);
#5856 = CARTESIAN_POINT('',(27.94,29.315,-13.3));
#5857 = LINE('',#5858,#5859);
#5858 = CARTESIAN_POINT('',(-7.81,29.315,-13.3));
#5859 = VECTOR('',#5860,1.);
#5860 = DIRECTION('',(-1.,-0.,0.));
#5861 = ORIENTED_EDGE('',*,*,#5862,.F.);
#5862 = EDGE_CURVE('',#5863,#5855,#5865,.T.);
#5863 = VERTEX_POINT('',#5864);
#5864 = CARTESIAN_POINT('',(29.315,27.94,-13.3));
#5865 = CIRCLE('',#5866,1.375);
#5866 = AXIS2_PLACEMENT_3D('',#5867,#5868,#5869);
#5867 = CARTESIAN_POINT('',(27.94,27.94,-13.3));
#5868 = DIRECTION('',(0.,0.,1.));
#5869 = DIRECTION('',(1.,0.,-0.));
#5870 = ORIENTED_EDGE('',*,*,#5871,.F.);
#5871 = EDGE_CURVE('',#5872,#5863,#5874,.T.);
#5872 = VERTEX_POINT('',#5873);
#5873 = CARTESIAN_POINT('',(27.94,26.565,-13.3));
#5874 = CIRCLE('',#5875,1.375);
#5875 = AXIS2_PLACEMENT_3D('',#5876,#5877,#5878);
#5876 = CARTESIAN_POINT('',(27.94,27.94,-13.3));
#5877 = DIRECTION('',(0.,0.,1.));
#5878 = DIRECTION('',(1.,0.,-0.));
#5879 = ORIENTED_EDGE('',*,*,#5880,.T.);
#5880 = EDGE_CURVE('',#5872,#5846,#5881,.T.);
#5881 = LINE('',#5882,#5883);
#5882 = CARTESIAN_POINT('',(-7.81,26.565,-13.3));
#5883 = VECTOR('',#5884,1.);
#5884 = DIRECTION('',(-1.,-0.,0.));
#5885 = FACE_BOUND('',#5886,.F.);
#5886 = EDGE_LOOP('',(#5887));
#5887 = ORIENTED_EDGE('',*,*,#5888,.F.);
#5888 = EDGE_CURVE('',#5889,#5889,#5891,.T.);
#5889 = VERTEX_POINT('',#5890);
#5890 = CARTESIAN_POINT('',(36.18,34.48,-13.3));
#5891 = CIRCLE('',#5892,1.7);
#5892 = AXIS2_PLACEMENT_3D('',#5893,#5894,#5895);
#5893 = CARTESIAN_POINT('',(34.48,34.48,-13.3));
#5894 = DIRECTION('',(0.,0.,1.));
#5895 = DIRECTION('',(1.,0.,-0.));
#5896 = PLANE('',#5897);
#5897 = AXIS2_PLACEMENT_3D('',#5898,#5899,#5900);
#5898 = CARTESIAN_POINT('',(-38.48,-38.48,-13.3));
#5899 = DIRECTION('',(0.,0.,1.));
#5900 = DIRECTION('',(1.,0.,-0.));
#5901 = ADVANCED_FACE('',(#5902),#5923,.T.);
#5902 = FACE_BOUND('',#5903,.T.);
#5903 = EDGE_LOOP('',(#5904,#5912,#5919,#5920,#5921,#5922));
#5904 = ORIENTED_EDGE('',*,*,#5905,.T.);
#5905 = EDGE_CURVE('',#112,#5906,#5908,.T.);
#5906 = VERTEX_POINT('',#5907);
#5907 = CARTESIAN_POINT('',(-30.48,-34.48,6.8));
#5908 = LINE('',#5909,#5910);
#5909 = CARTESIAN_POINT('',(-30.48,-34.48,-10.3));
#5910 = VECTOR('',#5911,1.);
#5911 = DIRECTION('',(0.,0.,1.));
#5912 = ORIENTED_EDGE('',*,*,#5913,.F.);
#5913 = EDGE_CURVE('',#5906,#5906,#5914,.T.);
#5914 = CIRCLE('',#5915,4.);
#5915 = AXIS2_PLACEMENT_3D('',#5916,#5917,#5918);
#5916 = CARTESIAN_POINT('',(-34.48,-34.48,6.8));
#5917 = DIRECTION('',(0.,0.,1.));
#5918 = DIRECTION('',(1.,0.,-0.));
#5919 = ORIENTED_EDGE('',*,*,#5905,.F.);
#5920 = ORIENTED_EDGE('',*,*,#111,.T.);
#5921 = ORIENTED_EDGE('',*,*,#95,.T.);
#5922 = ORIENTED_EDGE('',*,*,#120,.T.);
#5923 = CYLINDRICAL_SURFACE('',#5924,4.);
#5924 = AXIS2_PLACEMENT_3D('',#5925,#5926,#5927);
#5925 = CARTESIAN_POINT('',(-34.48,-34.48,-10.3));
#5926 = DIRECTION('',(0.,0.,1.));
#5927 = DIRECTION('',(1.,0.,-0.));
#5928 = ADVANCED_FACE('',(#5929),#5949,.F.);
#5929 = FACE_BOUND('',#5930,.F.);
#5930 = EDGE_LOOP('',(#5931,#5932,#5933,#5934,#5935,#5943));
#5931 = ORIENTED_EDGE('',*,*,#3044,.F.);
#5932 = ORIENTED_EDGE('',*,*,#3001,.T.);
#5933 = ORIENTED_EDGE('',*,*,#87,.T.);
#5934 = ORIENTED_EDGE('',*,*,#127,.T.);
#5935 = ORIENTED_EDGE('',*,*,#5936,.T.);
#5936 = EDGE_CURVE('',#128,#5937,#5939,.T.);
#5937 = VERTEX_POINT('',#5938);
#5938 = CARTESIAN_POINT('',(35.48,-38.48,-10.3));
#5939 = LINE('',#5940,#5941);
#5940 = CARTESIAN_POINT('',(-38.48,-38.48,-10.3));
#5941 = VECTOR('',#5942,1.);
#5942 = DIRECTION('',(1.,0.,-0.));
#5943 = ORIENTED_EDGE('',*,*,#5944,.F.);
#5944 = EDGE_CURVE('',#3045,#5937,#5945,.T.);
#5945 = LINE('',#5946,#5947);
#5946 = CARTESIAN_POINT('',(35.48,-38.48,-13.3));
#5947 = VECTOR('',#5948,1.);
#5948 = DIRECTION('',(0.,0.,1.));
#5949 = PLANE('',#5950);
#5950 = AXIS2_PLACEMENT_3D('',#5951,#5952,#5953);
#5951 = CARTESIAN_POINT('',(-38.48,-38.48,-13.3));
#5952 = DIRECTION('',(-0.,1.,0.));
#5953 = DIRECTION('',(0.,0.,1.));
#5954 = ADVANCED_FACE('',(#5955),#5976,.T.);
#5955 = FACE_BOUND('',#5956,.T.);
#5956 = EDGE_LOOP('',(#5957,#5965,#5972,#5973,#5974,#5975));
#5957 = ORIENTED_EDGE('',*,*,#5958,.T.);
#5958 = EDGE_CURVE('',#170,#5959,#5961,.T.);
#5959 = VERTEX_POINT('',#5960);
#5960 = CARTESIAN_POINT('',(-30.48,34.48,6.8));
#5961 = LINE('',#5962,#5963);
#5962 = CARTESIAN_POINT('',(-30.48,34.48,-10.3));
#5963 = VECTOR('',#5964,1.);
#5964 = DIRECTION('',(0.,0.,1.));
#5965 = ORIENTED_EDGE('',*,*,#5966,.F.);
#5966 = EDGE_CURVE('',#5959,#5959,#5967,.T.);
#5967 = CIRCLE('',#5968,4.);
#5968 = AXIS2_PLACEMENT_3D('',#5969,#5970,#5971);
#5969 = CARTESIAN_POINT('',(-34.48,34.48,6.8));
#5970 = DIRECTION('',(0.,0.,1.));
#5971 = DIRECTION('',(1.,0.,-0.));
#5972 = ORIENTED_EDGE('',*,*,#5958,.F.);
#5973 = ORIENTED_EDGE('',*,*,#169,.T.);
#5974 = ORIENTED_EDGE('',*,*,#2962,.T.);
#5975 = ORIENTED_EDGE('',*,*,#178,.T.);
#5976 = CYLINDRICAL_SURFACE('',#5977,4.);
#5977 = AXIS2_PLACEMENT_3D('',#5978,#5979,#5980);
#5978 = CARTESIAN_POINT('',(-34.48,34.48,-10.3));
#5979 = DIRECTION('',(0.,0.,1.));
#5980 = DIRECTION('',(1.,0.,-0.));
#5981 = ADVANCED_FACE('',(#5982),#6002,.T.);
#5982 = FACE_BOUND('',#5983,.T.);
#5983 = EDGE_LOOP('',(#5984,#5985,#5986,#5987,#5988,#5996));
#5984 = ORIENTED_EDGE('',*,*,#3078,.F.);
#5985 = ORIENTED_EDGE('',*,*,#3026,.T.);
#5986 = ORIENTED_EDGE('',*,*,#2969,.T.);
#5987 = ORIENTED_EDGE('',*,*,#161,.T.);
#5988 = ORIENTED_EDGE('',*,*,#5989,.T.);
#5989 = EDGE_CURVE('',#153,#5990,#5992,.T.);
#5990 = VERTEX_POINT('',#5991);
#5991 = CARTESIAN_POINT('',(35.48,38.48,-10.3));
#5992 = LINE('',#5993,#5994);
#5993 = CARTESIAN_POINT('',(-38.48,38.48,-10.3));
#5994 = VECTOR('',#5995,1.);
#5995 = DIRECTION('',(1.,0.,-0.));
#5996 = ORIENTED_EDGE('',*,*,#5997,.F.);
#5997 = EDGE_CURVE('',#3070,#5990,#5998,.T.);
#5998 = LINE('',#5999,#6000);
#5999 = CARTESIAN_POINT('',(35.48,38.48,-13.3));
#6000 = VECTOR('',#6001,1.);
#6001 = DIRECTION('',(0.,0.,1.));
#6002 = PLANE('',#6003);
#6003 = AXIS2_PLACEMENT_3D('',#6004,#6005,#6006);
#6004 = CARTESIAN_POINT('',(-38.48,38.48,-13.3));
#6005 = DIRECTION('',(-0.,1.,0.));
#6006 = DIRECTION('',(0.,0.,1.));
#6007 = ADVANCED_FACE('',(#6008),#6034,.T.);
#6008 = FACE_BOUND('',#6009,.T.);
#6009 = EDGE_LOOP('',(#6010,#6018,#6025,#6026,#6033));
#6010 = ORIENTED_EDGE('',*,*,#6011,.T.);
#6011 = EDGE_CURVE('',#145,#6012,#6014,.T.);
#6012 = VERTEX_POINT('',#6013);
#6013 = CARTESIAN_POINT('',(38.48,34.48,6.8));
#6014 = LINE('',#6015,#6016);
#6015 = CARTESIAN_POINT('',(38.48,34.48,-10.3));
#6016 = VECTOR('',#6017,1.);
#6017 = DIRECTION('',(0.,0.,1.));
#6018 = ORIENTED_EDGE('',*,*,#6019,.F.);
#6019 = EDGE_CURVE('',#6012,#6012,#6020,.T.);
#6020 = CIRCLE('',#6021,4.);
#6021 = AXIS2_PLACEMENT_3D('',#6022,#6023,#6024);
#6022 = CARTESIAN_POINT('',(34.48,34.48,6.8));
#6023 = DIRECTION('',(0.,0.,1.));
#6024 = DIRECTION('',(1.,0.,-0.));
#6025 = ORIENTED_EDGE('',*,*,#6011,.F.);
#6026 = ORIENTED_EDGE('',*,*,#6027,.T.);
#6027 = EDGE_CURVE('',#145,#153,#6028,.T.);
#6028 = CIRCLE('',#6029,4.);
#6029 = AXIS2_PLACEMENT_3D('',#6030,#6031,#6032);
#6030 = CARTESIAN_POINT('',(34.48,34.48,-10.3));
#6031 = DIRECTION('',(0.,0.,1.));
#6032 = DIRECTION('',(1.,0.,-0.));
#6033 = ORIENTED_EDGE('',*,*,#152,.T.);
#6034 = CYLINDRICAL_SURFACE('',#6035,4.);
#6035 = AXIS2_PLACEMENT_3D('',#6036,#6037,#6038);
#6036 = CARTESIAN_POINT('',(34.48,34.48,-10.3));
#6037 = DIRECTION('',(0.,0.,1.));
#6038 = DIRECTION('',(1.,0.,-0.));
#6039 = ADVANCED_FACE('',(#6040),#6072,.T.);
#6040 = FACE_BOUND('',#6041,.T.);
#6041 = EDGE_LOOP('',(#6042,#6050,#6056,#6057,#6065,#6071));
#6042 = ORIENTED_EDGE('',*,*,#6043,.F.);
#6043 = EDGE_CURVE('',#6044,#136,#6046,.T.);
#6044 = VERTEX_POINT('',#6045);
#6045 = CARTESIAN_POINT('',(38.48,-35.48,-10.3));
#6046 = LINE('',#6047,#6048);
#6047 = CARTESIAN_POINT('',(38.48,-38.48,-10.3));
#6048 = VECTOR('',#6049,1.);
#6049 = DIRECTION('',(-0.,1.,0.));
#6050 = ORIENTED_EDGE('',*,*,#6051,.F.);
#6051 = EDGE_CURVE('',#3053,#6044,#6052,.T.);
#6052 = LINE('',#6053,#6054);
#6053 = CARTESIAN_POINT('',(38.48,-35.48,-13.3));
#6054 = VECTOR('',#6055,1.);
#6055 = DIRECTION('',(0.,0.,1.));
#6056 = ORIENTED_EDGE('',*,*,#3061,.T.);
#6057 = ORIENTED_EDGE('',*,*,#6058,.T.);
#6058 = EDGE_CURVE('',#3062,#6059,#6061,.T.);
#6059 = VERTEX_POINT('',#6060);
#6060 = CARTESIAN_POINT('',(38.48,35.48,-10.3));
#6061 = LINE('',#6062,#6063);
#6062 = CARTESIAN_POINT('',(38.48,35.48,-13.3));
#6063 = VECTOR('',#6064,1.);
#6064 = DIRECTION('',(0.,0.,1.));
#6065 = ORIENTED_EDGE('',*,*,#6066,.F.);
#6066 = EDGE_CURVE('',#145,#6059,#6067,.T.);
#6067 = LINE('',#6068,#6069);
#6068 = CARTESIAN_POINT('',(38.48,-38.48,-10.3));
#6069 = VECTOR('',#6070,1.);
#6070 = DIRECTION('',(-0.,1.,0.));
#6071 = ORIENTED_EDGE('',*,*,#144,.F.);
#6072 = PLANE('',#6073);
#6073 = AXIS2_PLACEMENT_3D('',#6074,#6075,#6076);
#6074 = CARTESIAN_POINT('',(38.48,-38.48,-13.3));
#6075 = DIRECTION('',(1.,0.,-0.));
#6076 = DIRECTION('',(0.,0.,1.));
#6077 = ADVANCED_FACE('',(#6078),#6104,.T.);
#6078 = FACE_BOUND('',#6079,.T.);
#6079 = EDGE_LOOP('',(#6080,#6088,#6095,#6096,#6097));
#6080 = ORIENTED_EDGE('',*,*,#6081,.T.);
#6081 = EDGE_CURVE('',#136,#6082,#6084,.T.);
#6082 = VERTEX_POINT('',#6083);
#6083 = CARTESIAN_POINT('',(38.48,-34.48,6.8));
#6084 = LINE('',#6085,#6086);
#6085 = CARTESIAN_POINT('',(38.48,-34.48,-10.3));
#6086 = VECTOR('',#6087,1.);
#6087 = DIRECTION('',(0.,0.,1.));
#6088 = ORIENTED_EDGE('',*,*,#6089,.F.);
#6089 = EDGE_CURVE('',#6082,#6082,#6090,.T.);
#6090 = CIRCLE('',#6091,4.);
#6091 = AXIS2_PLACEMENT_3D('',#6092,#6093,#6094);
#6092 = CARTESIAN_POINT('',(34.48,-34.48,6.8));
#6093 = DIRECTION('',(0.,0.,1.));
#6094 = DIRECTION('',(1.,0.,-0.));
#6095 = ORIENTED_EDGE('',*,*,#6081,.F.);
#6096 = ORIENTED_EDGE('',*,*,#135,.T.);
#6097 = ORIENTED_EDGE('',*,*,#6098,.T.);
#6098 = EDGE_CURVE('',#128,#136,#6099,.T.);
#6099 = CIRCLE('',#6100,4.);
#6100 = AXIS2_PLACEMENT_3D('',#6101,#6102,#6103);
#6101 = CARTESIAN_POINT('',(34.48,-34.48,-10.3));
#6102 = DIRECTION('',(0.,0.,1.));
#6103 = DIRECTION('',(1.,0.,-0.));
#6104 = CYLINDRICAL_SURFACE('',#6105,4.);
#6105 = AXIS2_PLACEMENT_3D('',#6106,#6107,#6108);
#6106 = CARTESIAN_POINT('',(34.48,-34.48,-10.3));
#6107 = DIRECTION('',(0.,0.,1.));
#6108 = DIRECTION('',(1.,0.,-0.));
#6109 = ADVANCED_FACE('',(#6110),#6126,.F.);
#6110 = FACE_BOUND('',#6111,.F.);
#6111 = EDGE_LOOP('',(#6112,#6113,#6119,#6120));
#6112 = ORIENTED_EDGE('',*,*,#187,.F.);
#6113 = ORIENTED_EDGE('',*,*,#6114,.F.);
#6114 = EDGE_CURVE('',#3099,#188,#6115,.T.);
#6115 = LINE('',#6116,#6117);
#6116 = CARTESIAN_POINT('',(-27.94,-26.565,-14.3));
#6117 = VECTOR('',#6118,1.);
#6118 = DIRECTION('',(0.,0.,1.));
#6119 = ORIENTED_EDGE('',*,*,#3098,.T.);
#6120 = ORIENTED_EDGE('',*,*,#6121,.T.);
#6121 = EDGE_CURVE('',#3101,#190,#6122,.T.);
#6122 = LINE('',#6123,#6124);
#6123 = CARTESIAN_POINT('',(-27.94,-29.315,-14.3));
#6124 = VECTOR('',#6125,1.);
#6125 = DIRECTION('',(0.,0.,1.));
#6126 = CYLINDRICAL_SURFACE('',#6127,1.375);
#6127 = AXIS2_PLACEMENT_3D('',#6128,#6129,#6130);
#6128 = CARTESIAN_POINT('',(-27.94,-27.94,-14.3));
#6129 = DIRECTION('',(0.,0.,1.));
#6130 = DIRECTION('',(1.,0.,-0.));
#6131 = ADVANCED_FACE('',(#6132),#6143,.F.);
#6132 = FACE_BOUND('',#6133,.F.);
#6133 = EDGE_LOOP('',(#6134,#6135,#6136,#6137));
#6134 = ORIENTED_EDGE('',*,*,#3109,.T.);
#6135 = ORIENTED_EDGE('',*,*,#6114,.T.);
#6136 = ORIENTED_EDGE('',*,*,#198,.F.);
#6137 = ORIENTED_EDGE('',*,*,#6138,.F.);
#6138 = EDGE_CURVE('',#3110,#199,#6139,.T.);
#6139 = LINE('',#6140,#6141);
#6140 = CARTESIAN_POINT('',(-22.86,-26.565,-14.3));
#6141 = VECTOR('',#6142,1.);
#6142 = DIRECTION('',(0.,0.,1.));
#6143 = PLANE('',#6144);
#6144 = AXIS2_PLACEMENT_3D('',#6145,#6146,#6147);
#6145 = CARTESIAN_POINT('',(-27.94,-26.565,-14.3));
#6146 = DIRECTION('',(-0.,1.,0.));
#6147 = DIRECTION('',(0.,0.,1.));
#6148 = ADVANCED_FACE('',(#6149),#6160,.T.);
#6149 = FACE_BOUND('',#6150,.T.);
#6150 = EDGE_LOOP('',(#6151,#6152,#6153,#6154));
#6151 = ORIENTED_EDGE('',*,*,#3135,.T.);
#6152 = ORIENTED_EDGE('',*,*,#6121,.T.);
#6153 = ORIENTED_EDGE('',*,*,#224,.F.);
#6154 = ORIENTED_EDGE('',*,*,#6155,.F.);
#6155 = EDGE_CURVE('',#3127,#216,#6156,.T.);
#6156 = LINE('',#6157,#6158);
#6157 = CARTESIAN_POINT('',(-22.86,-29.315,-14.3));
#6158 = VECTOR('',#6159,1.);
#6159 = DIRECTION('',(0.,0.,1.));
#6160 = PLANE('',#6161);
#6161 = AXIS2_PLACEMENT_3D('',#6162,#6163,#6164);
#6162 = CARTESIAN_POINT('',(-27.94,-29.315,-14.3));
#6163 = DIRECTION('',(-0.,1.,0.));
#6164 = DIRECTION('',(0.,0.,1.));
#6165 = ADVANCED_FACE('',(#6166),#6182,.F.);
#6166 = FACE_BOUND('',#6167,.F.);
#6167 = EDGE_LOOP('',(#6168,#6169,#6175,#6176));
#6168 = ORIENTED_EDGE('',*,*,#232,.F.);
#6169 = ORIENTED_EDGE('',*,*,#6170,.F.);
#6170 = EDGE_CURVE('',#3144,#233,#6171,.T.);
#6171 = LINE('',#6172,#6173);
#6172 = CARTESIAN_POINT('',(-26.565,-17.78,-14.3));
#6173 = VECTOR('',#6174,1.);
#6174 = DIRECTION('',(0.,0.,1.));
#6175 = ORIENTED_EDGE('',*,*,#3143,.T.);
#6176 = ORIENTED_EDGE('',*,*,#6177,.T.);
#6177 = EDGE_CURVE('',#3146,#235,#6178,.T.);
#6178 = LINE('',#6179,#6180);
#6179 = CARTESIAN_POINT('',(-29.315,-17.78,-14.3));
#6180 = VECTOR('',#6181,1.);
#6181 = DIRECTION('',(0.,0.,1.));
#6182 = CYLINDRICAL_SURFACE('',#6183,1.375);
#6183 = AXIS2_PLACEMENT_3D('',#6184,#6185,#6186);
#6184 = CARTESIAN_POINT('',(-27.94,-17.78,-14.3));
#6185 = DIRECTION('',(0.,0.,1.));
#6186 = DIRECTION('',(1.,0.,-0.));
#6187 = ADVANCED_FACE('',(#6188),#6199,.F.);
#6188 = FACE_BOUND('',#6189,.F.);
#6189 = EDGE_LOOP('',(#6190,#6196,#6197,#6198));
#6190 = ORIENTED_EDGE('',*,*,#6191,.F.);
#6191 = EDGE_CURVE('',#3155,#244,#6192,.T.);
#6192 = LINE('',#6193,#6194);
#6193 = CARTESIAN_POINT('',(-26.565,-22.86,-14.3));
#6194 = VECTOR('',#6195,1.);
#6195 = DIRECTION('',(0.,0.,1.));
#6196 = ORIENTED_EDGE('',*,*,#3154,.T.);
#6197 = ORIENTED_EDGE('',*,*,#6170,.T.);
#6198 = ORIENTED_EDGE('',*,*,#243,.F.);
#6199 = PLANE('',#6200);
#6200 = AXIS2_PLACEMENT_3D('',#6201,#6202,#6203);
#6201 = CARTESIAN_POINT('',(-26.565,-22.86,-14.3));
#6202 = DIRECTION('',(1.,0.,-0.));
#6203 = DIRECTION('',(0.,0.,1.));
#6204 = ADVANCED_FACE('',(#6205),#6216,.T.);
#6205 = FACE_BOUND('',#6206,.T.);
#6206 = EDGE_LOOP('',(#6207,#6213,#6214,#6215));
#6207 = ORIENTED_EDGE('',*,*,#6208,.F.);
#6208 = EDGE_CURVE('',#3163,#252,#6209,.T.);
#6209 = LINE('',#6210,#6211);
#6210 = CARTESIAN_POINT('',(-29.315,-22.86,-14.3));
#6211 = VECTOR('',#6212,1.);
#6212 = DIRECTION('',(0.,0.,1.));
#6213 = ORIENTED_EDGE('',*,*,#3171,.T.);
#6214 = ORIENTED_EDGE('',*,*,#6177,.T.);
#6215 = ORIENTED_EDGE('',*,*,#260,.F.);
#6216 = PLANE('',#6217);
#6217 = AXIS2_PLACEMENT_3D('',#6218,#6219,#6220);
#6218 = CARTESIAN_POINT('',(-29.315,-22.86,-14.3));
#6219 = DIRECTION('',(1.,0.,-0.));
#6220 = DIRECTION('',(0.,0.,1.));
#6221 = ADVANCED_FACE('',(#6222),#6228,.F.);
#6222 = FACE_BOUND('',#6223,.F.);
#6223 = EDGE_LOOP('',(#6224,#6225,#6226,#6227));
#6224 = ORIENTED_EDGE('',*,*,#6191,.T.);
#6225 = ORIENTED_EDGE('',*,*,#251,.F.);
#6226 = ORIENTED_EDGE('',*,*,#6208,.F.);
#6227 = ORIENTED_EDGE('',*,*,#3162,.T.);
#6228 = CYLINDRICAL_SURFACE('',#6229,1.375);
#6229 = AXIS2_PLACEMENT_3D('',#6230,#6231,#6232);
#6230 = CARTESIAN_POINT('',(-27.94,-22.86,-14.3));
#6231 = DIRECTION('',(0.,0.,1.));
#6232 = DIRECTION('',(1.,0.,-0.));
#6233 = ADVANCED_FACE('',(#6234),#6245,.F.);
#6234 = FACE_BOUND('',#6235,.F.);
#6235 = EDGE_LOOP('',(#6236,#6237,#6243,#6244));
#6236 = ORIENTED_EDGE('',*,*,#268,.F.);
#6237 = ORIENTED_EDGE('',*,*,#6238,.F.);
#6238 = EDGE_CURVE('',#3180,#269,#6239,.T.);
#6239 = LINE('',#6240,#6241);
#6240 = CARTESIAN_POINT('',(-21.485,-22.86,-14.3));
#6241 = VECTOR('',#6242,1.);
#6242 = DIRECTION('',(0.,0.,1.));
#6243 = ORIENTED_EDGE('',*,*,#3179,.T.);
#6244 = ORIENTED_EDGE('',*,*,#6238,.T.);
#6245 = CYLINDRICAL_SURFACE('',#6246,1.375);
#6246 = AXIS2_PLACEMENT_3D('',#6247,#6248,#6249);
#6247 = CARTESIAN_POINT('',(-22.86,-22.86,-14.3));
#6248 = DIRECTION('',(0.,0.,1.));
#6249 = DIRECTION('',(1.,0.,-0.));
#6250 = ADVANCED_FACE('',(#6251),#6267,.F.);
#6251 = FACE_BOUND('',#6252,.F.);
#6252 = EDGE_LOOP('',(#6253,#6254,#6260,#6261));
#6253 = ORIENTED_EDGE('',*,*,#279,.F.);
#6254 = ORIENTED_EDGE('',*,*,#6255,.F.);
#6255 = EDGE_CURVE('',#3191,#280,#6256,.T.);
#6256 = LINE('',#6257,#6258);
#6257 = CARTESIAN_POINT('',(-12.7,-26.565,-14.3));
#6258 = VECTOR('',#6259,1.);
#6259 = DIRECTION('',(0.,0.,1.));
#6260 = ORIENTED_EDGE('',*,*,#3190,.T.);
#6261 = ORIENTED_EDGE('',*,*,#6262,.T.);
#6262 = EDGE_CURVE('',#3193,#282,#6263,.T.);
#6263 = LINE('',#6264,#6265);
#6264 = CARTESIAN_POINT('',(-12.7,-29.315,-14.3));
#6265 = VECTOR('',#6266,1.);
#6266 = DIRECTION('',(0.,0.,1.));
#6267 = CYLINDRICAL_SURFACE('',#6268,1.375);
#6268 = AXIS2_PLACEMENT_3D('',#6269,#6270,#6271);
#6269 = CARTESIAN_POINT('',(-12.7,-27.94,-14.3));
#6270 = DIRECTION('',(0.,0.,1.));
#6271 = DIRECTION('',(1.,0.,-0.));
#6272 = ADVANCED_FACE('',(#6273),#6284,.F.);
#6273 = FACE_BOUND('',#6274,.F.);
#6274 = EDGE_LOOP('',(#6275,#6276,#6277,#6278));
#6275 = ORIENTED_EDGE('',*,*,#3201,.T.);
#6276 = ORIENTED_EDGE('',*,*,#6255,.T.);
#6277 = ORIENTED_EDGE('',*,*,#290,.F.);
#6278 = ORIENTED_EDGE('',*,*,#6279,.F.);
#6279 = EDGE_CURVE('',#3202,#291,#6280,.T.);
#6280 = LINE('',#6281,#6282);
#6281 = CARTESIAN_POINT('',(-7.62,-26.565,-14.3));
#6282 = VECTOR('',#6283,1.);
#6283 = DIRECTION('',(0.,0.,1.));
#6284 = PLANE('',#6285);
#6285 = AXIS2_PLACEMENT_3D('',#6286,#6287,#6288);
#6286 = CARTESIAN_POINT('',(-12.7,-26.565,-14.3));
#6287 = DIRECTION('',(-0.,1.,0.));
#6288 = DIRECTION('',(0.,0.,1.));
#6289 = ADVANCED_FACE('',(#6290),#6301,.T.);
#6290 = FACE_BOUND('',#6291,.T.);
#6291 = EDGE_LOOP('',(#6292,#6293,#6294,#6295));
#6292 = ORIENTED_EDGE('',*,*,#3227,.T.);
#6293 = ORIENTED_EDGE('',*,*,#6262,.T.);
#6294 = ORIENTED_EDGE('',*,*,#316,.F.);
#6295 = ORIENTED_EDGE('',*,*,#6296,.F.);
#6296 = EDGE_CURVE('',#3219,#308,#6297,.T.);
#6297 = LINE('',#6298,#6299);
#6298 = CARTESIAN_POINT('',(-7.62,-29.315,-14.3));
#6299 = VECTOR('',#6300,1.);
#6300 = DIRECTION('',(0.,0.,1.));
#6301 = PLANE('',#6302);
#6302 = AXIS2_PLACEMENT_3D('',#6303,#6304,#6305);
#6303 = CARTESIAN_POINT('',(-12.7,-29.315,-14.3));
#6304 = DIRECTION('',(-0.,1.,0.));
#6305 = DIRECTION('',(0.,0.,1.));
#6306 = ADVANCED_FACE('',(#6307),#6323,.F.);
#6307 = FACE_BOUND('',#6308,.F.);
#6308 = EDGE_LOOP('',(#6309,#6310,#6316,#6317));
#6309 = ORIENTED_EDGE('',*,*,#324,.F.);
#6310 = ORIENTED_EDGE('',*,*,#6311,.F.);
#6311 = EDGE_CURVE('',#3236,#325,#6312,.T.);
#6312 = LINE('',#6313,#6314);
#6313 = CARTESIAN_POINT('',(-16.405,-22.86,-14.3));
#6314 = VECTOR('',#6315,1.);
#6315 = DIRECTION('',(0.,0.,1.));
#6316 = ORIENTED_EDGE('',*,*,#3235,.T.);
#6317 = ORIENTED_EDGE('',*,*,#6318,.T.);
#6318 = EDGE_CURVE('',#3238,#327,#6319,.T.);
#6319 = LINE('',#6320,#6321);
#6320 = CARTESIAN_POINT('',(-19.155,-22.86,-14.3));
#6321 = VECTOR('',#6322,1.);
#6322 = DIRECTION('',(0.,0.,1.));
#6323 = CYLINDRICAL_SURFACE('',#6324,1.375);
#6324 = AXIS2_PLACEMENT_3D('',#6325,#6326,#6327);
#6325 = CARTESIAN_POINT('',(-17.78,-22.86,-14.3));
#6326 = DIRECTION('',(0.,0.,1.));
#6327 = DIRECTION('',(1.,0.,-0.));
#6328 = ADVANCED_FACE('',(#6329),#6340,.F.);
#6329 = FACE_BOUND('',#6330,.F.);
#6330 = EDGE_LOOP('',(#6331,#6337,#6338,#6339));
#6331 = ORIENTED_EDGE('',*,*,#6332,.F.);
#6332 = EDGE_CURVE('',#3247,#336,#6333,.T.);
#6333 = LINE('',#6334,#6335);
#6334 = CARTESIAN_POINT('',(-16.405,-27.94,-14.3));
#6335 = VECTOR('',#6336,1.);
#6336 = DIRECTION('',(0.,0.,1.));
#6337 = ORIENTED_EDGE('',*,*,#3246,.T.);
#6338 = ORIENTED_EDGE('',*,*,#6311,.T.);
#6339 = ORIENTED_EDGE('',*,*,#335,.F.);
#6340 = PLANE('',#6341);
#6341 = AXIS2_PLACEMENT_3D('',#6342,#6343,#6344);
#6342 = CARTESIAN_POINT('',(-16.405,-27.94,-14.3));
#6343 = DIRECTION('',(1.,0.,-0.));
#6344 = DIRECTION('',(0.,0.,1.));
#6345 = ADVANCED_FACE('',(#6346),#6357,.T.);
#6346 = FACE_BOUND('',#6347,.T.);
#6347 = EDGE_LOOP('',(#6348,#6354,#6355,#6356));
#6348 = ORIENTED_EDGE('',*,*,#6349,.F.);
#6349 = EDGE_CURVE('',#3255,#344,#6350,.T.);
#6350 = LINE('',#6351,#6352);
#6351 = CARTESIAN_POINT('',(-19.155,-27.94,-14.3));
#6352 = VECTOR('',#6353,1.);
#6353 = DIRECTION('',(0.,0.,1.));
#6354 = ORIENTED_EDGE('',*,*,#3263,.T.);
#6355 = ORIENTED_EDGE('',*,*,#6318,.T.);
#6356 = ORIENTED_EDGE('',*,*,#352,.F.);
#6357 = PLANE('',#6358);
#6358 = AXIS2_PLACEMENT_3D('',#6359,#6360,#6361);
#6359 = CARTESIAN_POINT('',(-19.155,-27.94,-14.3));
#6360 = DIRECTION('',(1.,0.,-0.));
#6361 = DIRECTION('',(0.,0.,1.));
#6362 = ADVANCED_FACE('',(#6363),#6369,.F.);
#6363 = FACE_BOUND('',#6364,.F.);
#6364 = EDGE_LOOP('',(#6365,#6366,#6367,#6368));
#6365 = ORIENTED_EDGE('',*,*,#6332,.T.);
#6366 = ORIENTED_EDGE('',*,*,#343,.F.);
#6367 = ORIENTED_EDGE('',*,*,#6349,.F.);
#6368 = ORIENTED_EDGE('',*,*,#3254,.T.);
#6369 = CYLINDRICAL_SURFACE('',#6370,1.375);
#6370 = AXIS2_PLACEMENT_3D('',#6371,#6372,#6373);
#6371 = CARTESIAN_POINT('',(-17.78,-27.94,-14.3));
#6372 = DIRECTION('',(0.,0.,1.));
#6373 = DIRECTION('',(1.,0.,-0.));
#6374 = ADVANCED_FACE('',(#6375),#6391,.F.);
#6375 = FACE_BOUND('',#6376,.F.);
#6376 = EDGE_LOOP('',(#6377,#6378,#6384,#6385));
#6377 = ORIENTED_EDGE('',*,*,#360,.F.);
#6378 = ORIENTED_EDGE('',*,*,#6379,.F.);
#6379 = EDGE_CURVE('',#3272,#361,#6380,.T.);
#6380 = LINE('',#6381,#6382);
#6381 = CARTESIAN_POINT('',(-11.325,-17.78,-14.3));
#6382 = VECTOR('',#6383,1.);
#6383 = DIRECTION('',(0.,0.,1.));
#6384 = ORIENTED_EDGE('',*,*,#3271,.T.);
#6385 = ORIENTED_EDGE('',*,*,#6386,.T.);
#6386 = EDGE_CURVE('',#3274,#363,#6387,.T.);
#6387 = LINE('',#6388,#6389);
#6388 = CARTESIAN_POINT('',(-14.075,-17.78,-14.3));
#6389 = VECTOR('',#6390,1.);
#6390 = DIRECTION('',(0.,0.,1.));
#6391 = CYLINDRICAL_SURFACE('',#6392,1.375);
#6392 = AXIS2_PLACEMENT_3D('',#6393,#6394,#6395);
#6393 = CARTESIAN_POINT('',(-12.7,-17.78,-14.3));
#6394 = DIRECTION('',(0.,0.,1.));
#6395 = DIRECTION('',(1.,0.,-0.));
#6396 = ADVANCED_FACE('',(#6397),#6408,.F.);
#6397 = FACE_BOUND('',#6398,.F.);
#6398 = EDGE_LOOP('',(#6399,#6405,#6406,#6407));
#6399 = ORIENTED_EDGE('',*,*,#6400,.F.);
#6400 = EDGE_CURVE('',#3283,#372,#6401,.T.);
#6401 = LINE('',#6402,#6403);
#6402 = CARTESIAN_POINT('',(-11.325,-22.86,-14.3));
#6403 = VECTOR('',#6404,1.);
#6404 = DIRECTION('',(0.,0.,1.));
#6405 = ORIENTED_EDGE('',*,*,#3282,.T.);
#6406 = ORIENTED_EDGE('',*,*,#6379,.T.);
#6407 = ORIENTED_EDGE('',*,*,#371,.F.);
#6408 = PLANE('',#6409);
#6409 = AXIS2_PLACEMENT_3D('',#6410,#6411,#6412);
#6410 = CARTESIAN_POINT('',(-11.325,-22.86,-14.3));
#6411 = DIRECTION('',(1.,0.,-0.));
#6412 = DIRECTION('',(0.,0.,1.));
#6413 = ADVANCED_FACE('',(#6414),#6425,.T.);
#6414 = FACE_BOUND('',#6415,.T.);
#6415 = EDGE_LOOP('',(#6416,#6422,#6423,#6424));
#6416 = ORIENTED_EDGE('',*,*,#6417,.F.);
#6417 = EDGE_CURVE('',#3291,#380,#6418,.T.);
#6418 = LINE('',#6419,#6420);
#6419 = CARTESIAN_POINT('',(-14.075,-22.86,-14.3));
#6420 = VECTOR('',#6421,1.);
#6421 = DIRECTION('',(0.,0.,1.));
#6422 = ORIENTED_EDGE('',*,*,#3299,.T.);
#6423 = ORIENTED_EDGE('',*,*,#6386,.T.);
#6424 = ORIENTED_EDGE('',*,*,#388,.F.);
#6425 = PLANE('',#6426);
#6426 = AXIS2_PLACEMENT_3D('',#6427,#6428,#6429);
#6427 = CARTESIAN_POINT('',(-14.075,-22.86,-14.3));
#6428 = DIRECTION('',(1.,0.,-0.));
#6429 = DIRECTION('',(0.,0.,1.));
#6430 = ADVANCED_FACE('',(#6431),#6437,.F.);
#6431 = FACE_BOUND('',#6432,.F.);
#6432 = EDGE_LOOP('',(#6433,#6434,#6435,#6436));
#6433 = ORIENTED_EDGE('',*,*,#6400,.T.);
#6434 = ORIENTED_EDGE('',*,*,#379,.F.);
#6435 = ORIENTED_EDGE('',*,*,#6417,.F.);
#6436 = ORIENTED_EDGE('',*,*,#3290,.T.);
#6437 = CYLINDRICAL_SURFACE('',#6438,1.375);
#6438 = AXIS2_PLACEMENT_3D('',#6439,#6440,#6441);
#6439 = CARTESIAN_POINT('',(-12.7,-22.86,-14.3));
#6440 = DIRECTION('',(0.,0.,1.));
#6441 = DIRECTION('',(1.,0.,-0.));
#6442 = ADVANCED_FACE('',(#6443),#6454,.F.);
#6443 = FACE_BOUND('',#6444,.F.);
#6444 = EDGE_LOOP('',(#6445,#6446,#6452,#6453));
#6445 = ORIENTED_EDGE('',*,*,#396,.F.);
#6446 = ORIENTED_EDGE('',*,*,#6447,.F.);
#6447 = EDGE_CURVE('',#3308,#397,#6448,.T.);
#6448 = LINE('',#6449,#6450);
#6449 = CARTESIAN_POINT('',(-6.245,-22.86,-14.3));
#6450 = VECTOR('',#6451,1.);
#6451 = DIRECTION('',(0.,0.,1.));
#6452 = ORIENTED_EDGE('',*,*,#3307,.T.);
#6453 = ORIENTED_EDGE('',*,*,#6447,.T.);
#6454 = CYLINDRICAL_SURFACE('',#6455,1.375);
#6455 = AXIS2_PLACEMENT_3D('',#6456,#6457,#6458);
#6456 = CARTESIAN_POINT('',(-7.62,-22.86,-14.3));
#6457 = DIRECTION('',(0.,0.,1.));
#6458 = DIRECTION('',(1.,0.,-0.));
#6459 = ADVANCED_FACE('',(#6460),#6476,.F.);
#6460 = FACE_BOUND('',#6461,.F.);
#6461 = EDGE_LOOP('',(#6462,#6463,#6469,#6470));
#6462 = ORIENTED_EDGE('',*,*,#407,.F.);
#6463 = ORIENTED_EDGE('',*,*,#6464,.F.);
#6464 = EDGE_CURVE('',#3319,#408,#6465,.T.);
#6465 = LINE('',#6466,#6467);
#6466 = CARTESIAN_POINT('',(-1.165,-22.86,-14.3));
#6467 = VECTOR('',#6468,1.);
#6468 = DIRECTION('',(0.,0.,1.));
#6469 = ORIENTED_EDGE('',*,*,#3318,.T.);
#6470 = ORIENTED_EDGE('',*,*,#6471,.T.);
#6471 = EDGE_CURVE('',#3321,#410,#6472,.T.);
#6472 = LINE('',#6473,#6474);
#6473 = CARTESIAN_POINT('',(-3.915,-22.86,-14.3));
#6474 = VECTOR('',#6475,1.);
#6475 = DIRECTION('',(0.,0.,1.));
#6476 = CYLINDRICAL_SURFACE('',#6477,1.375);
#6477 = AXIS2_PLACEMENT_3D('',#6478,#6479,#6480);
#6478 = CARTESIAN_POINT('',(-2.54,-22.86,-14.3));
#6479 = DIRECTION('',(0.,0.,1.));
#6480 = DIRECTION('',(1.,0.,-0.));
#6481 = ADVANCED_FACE('',(#6482),#6493,.F.);
#6482 = FACE_BOUND('',#6483,.F.);
#6483 = EDGE_LOOP('',(#6484,#6490,#6491,#6492));
#6484 = ORIENTED_EDGE('',*,*,#6485,.F.);
#6485 = EDGE_CURVE('',#3330,#419,#6486,.T.);
#6486 = LINE('',#6487,#6488);
#6487 = CARTESIAN_POINT('',(-1.165,-27.94,-14.3));
#6488 = VECTOR('',#6489,1.);
#6489 = DIRECTION('',(0.,0.,1.));
#6490 = ORIENTED_EDGE('',*,*,#3329,.T.);
#6491 = ORIENTED_EDGE('',*,*,#6464,.T.);
#6492 = ORIENTED_EDGE('',*,*,#418,.F.);
#6493 = PLANE('',#6494);
#6494 = AXIS2_PLACEMENT_3D('',#6495,#6496,#6497);
#6495 = CARTESIAN_POINT('',(-1.165,-27.94,-14.3));
#6496 = DIRECTION('',(1.,0.,-0.));
#6497 = DIRECTION('',(0.,0.,1.));
#6498 = ADVANCED_FACE('',(#6499),#6510,.T.);
#6499 = FACE_BOUND('',#6500,.T.);
#6500 = EDGE_LOOP('',(#6501,#6507,#6508,#6509));
#6501 = ORIENTED_EDGE('',*,*,#6502,.F.);
#6502 = EDGE_CURVE('',#3338,#427,#6503,.T.);
#6503 = LINE('',#6504,#6505);
#6504 = CARTESIAN_POINT('',(-3.915,-27.94,-14.3));
#6505 = VECTOR('',#6506,1.);
#6506 = DIRECTION('',(0.,0.,1.));
#6507 = ORIENTED_EDGE('',*,*,#3346,.T.);
#6508 = ORIENTED_EDGE('',*,*,#6471,.T.);
#6509 = ORIENTED_EDGE('',*,*,#435,.F.);
#6510 = PLANE('',#6511);
#6511 = AXIS2_PLACEMENT_3D('',#6512,#6513,#6514);
#6512 = CARTESIAN_POINT('',(-3.915,-27.94,-14.3));
#6513 = DIRECTION('',(1.,0.,-0.));
#6514 = DIRECTION('',(0.,0.,1.));
#6515 = ADVANCED_FACE('',(#6516),#6522,.F.);
#6516 = FACE_BOUND('',#6517,.F.);
#6517 = EDGE_LOOP('',(#6518,#6519,#6520,#6521));
#6518 = ORIENTED_EDGE('',*,*,#6485,.T.);
#6519 = ORIENTED_EDGE('',*,*,#426,.F.);
#6520 = ORIENTED_EDGE('',*,*,#6502,.F.);
#6521 = ORIENTED_EDGE('',*,*,#3337,.T.);
#6522 = CYLINDRICAL_SURFACE('',#6523,1.375);
#6523 = AXIS2_PLACEMENT_3D('',#6524,#6525,#6526);
#6524 = CARTESIAN_POINT('',(-2.54,-27.94,-14.3));
#6525 = DIRECTION('',(0.,0.,1.));
#6526 = DIRECTION('',(1.,0.,-0.));
#6527 = ADVANCED_FACE('',(#6528),#6544,.F.);
#6528 = FACE_BOUND('',#6529,.F.);
#6529 = EDGE_LOOP('',(#6530,#6531,#6537,#6538));
#6530 = ORIENTED_EDGE('',*,*,#443,.F.);
#6531 = ORIENTED_EDGE('',*,*,#6532,.F.);
#6532 = EDGE_CURVE('',#3355,#444,#6533,.T.);
#6533 = LINE('',#6534,#6535);
#6534 = CARTESIAN_POINT('',(-22.86,-16.405,-14.3));
#6535 = VECTOR('',#6536,1.);
#6536 = DIRECTION('',(0.,0.,1.));
#6537 = ORIENTED_EDGE('',*,*,#3354,.T.);
#6538 = ORIENTED_EDGE('',*,*,#6539,.T.);
#6539 = EDGE_CURVE('',#3357,#446,#6540,.T.);
#6540 = LINE('',#6541,#6542);
#6541 = CARTESIAN_POINT('',(-22.86,-19.155,-14.3));
#6542 = VECTOR('',#6543,1.);
#6543 = DIRECTION('',(0.,0.,1.));
#6544 = CYLINDRICAL_SURFACE('',#6545,1.375);
#6545 = AXIS2_PLACEMENT_3D('',#6546,#6547,#6548);
#6546 = CARTESIAN_POINT('',(-22.86,-17.78,-14.3));
#6547 = DIRECTION('',(0.,0.,1.));
#6548 = DIRECTION('',(1.,0.,-0.));
#6549 = ADVANCED_FACE('',(#6550),#6561,.F.);
#6550 = FACE_BOUND('',#6551,.F.);
#6551 = EDGE_LOOP('',(#6552,#6553,#6554,#6555));
#6552 = ORIENTED_EDGE('',*,*,#3365,.T.);
#6553 = ORIENTED_EDGE('',*,*,#6532,.T.);
#6554 = ORIENTED_EDGE('',*,*,#454,.F.);
#6555 = ORIENTED_EDGE('',*,*,#6556,.F.);
#6556 = EDGE_CURVE('',#3366,#455,#6557,.T.);
#6557 = LINE('',#6558,#6559);
#6558 = CARTESIAN_POINT('',(-17.78,-16.405,-14.3));
#6559 = VECTOR('',#6560,1.);
#6560 = DIRECTION('',(0.,0.,1.));
#6561 = PLANE('',#6562);
#6562 = AXIS2_PLACEMENT_3D('',#6563,#6564,#6565);
#6563 = CARTESIAN_POINT('',(-22.86,-16.405,-14.3));
#6564 = DIRECTION('',(-0.,1.,0.));
#6565 = DIRECTION('',(0.,0.,1.));
#6566 = ADVANCED_FACE('',(#6567),#6578,.T.);
#6567 = FACE_BOUND('',#6568,.T.);
#6568 = EDGE_LOOP('',(#6569,#6570,#6571,#6572));
#6569 = ORIENTED_EDGE('',*,*,#3391,.T.);
#6570 = ORIENTED_EDGE('',*,*,#6539,.T.);
#6571 = ORIENTED_EDGE('',*,*,#480,.F.);
#6572 = ORIENTED_EDGE('',*,*,#6573,.F.);
#6573 = EDGE_CURVE('',#3383,#472,#6574,.T.);
#6574 = LINE('',#6575,#6576);
#6575 = CARTESIAN_POINT('',(-17.78,-19.155,-14.3));
#6576 = VECTOR('',#6577,1.);
#6577 = DIRECTION('',(0.,0.,1.));
#6578 = PLANE('',#6579);
#6579 = AXIS2_PLACEMENT_3D('',#6580,#6581,#6582);
#6580 = CARTESIAN_POINT('',(-22.86,-19.155,-14.3));
#6581 = DIRECTION('',(-0.,1.,0.));
#6582 = DIRECTION('',(0.,0.,1.));
#6583 = ADVANCED_FACE('',(#6584),#6600,.F.);
#6584 = FACE_BOUND('',#6585,.F.);
#6585 = EDGE_LOOP('',(#6586,#6587,#6593,#6594));
#6586 = ORIENTED_EDGE('',*,*,#488,.F.);
#6587 = ORIENTED_EDGE('',*,*,#6588,.F.);
#6588 = EDGE_CURVE('',#3400,#489,#6589,.T.);
#6589 = LINE('',#6590,#6591);
#6590 = CARTESIAN_POINT('',(-27.94,-11.325,-14.3));
#6591 = VECTOR('',#6592,1.);
#6592 = DIRECTION('',(0.,0.,1.));
#6593 = ORIENTED_EDGE('',*,*,#3399,.T.);
#6594 = ORIENTED_EDGE('',*,*,#6595,.T.);
#6595 = EDGE_CURVE('',#3402,#491,#6596,.T.);
#6596 = LINE('',#6597,#6598);
#6597 = CARTESIAN_POINT('',(-27.94,-14.075,-14.3));
#6598 = VECTOR('',#6599,1.);
#6599 = DIRECTION('',(0.,0.,1.));
#6600 = CYLINDRICAL_SURFACE('',#6601,1.375);
#6601 = AXIS2_PLACEMENT_3D('',#6602,#6603,#6604);
#6602 = CARTESIAN_POINT('',(-27.94,-12.7,-14.3));
#6603 = DIRECTION('',(0.,0.,1.));
#6604 = DIRECTION('',(1.,0.,-0.));
#6605 = ADVANCED_FACE('',(#6606),#6617,.F.);
#6606 = FACE_BOUND('',#6607,.F.);
#6607 = EDGE_LOOP('',(#6608,#6609,#6610,#6611));
#6608 = ORIENTED_EDGE('',*,*,#3410,.T.);
#6609 = ORIENTED_EDGE('',*,*,#6588,.T.);
#6610 = ORIENTED_EDGE('',*,*,#499,.F.);
#6611 = ORIENTED_EDGE('',*,*,#6612,.F.);
#6612 = EDGE_CURVE('',#3411,#500,#6613,.T.);
#6613 = LINE('',#6614,#6615);
#6614 = CARTESIAN_POINT('',(-22.86,-11.325,-14.3));
#6615 = VECTOR('',#6616,1.);
#6616 = DIRECTION('',(0.,0.,1.));
#6617 = PLANE('',#6618);
#6618 = AXIS2_PLACEMENT_3D('',#6619,#6620,#6621);
#6619 = CARTESIAN_POINT('',(-27.94,-11.325,-14.3));
#6620 = DIRECTION('',(-0.,1.,0.));
#6621 = DIRECTION('',(0.,0.,1.));
#6622 = ADVANCED_FACE('',(#6623),#6634,.T.);
#6623 = FACE_BOUND('',#6624,.T.);
#6624 = EDGE_LOOP('',(#6625,#6626,#6627,#6628));
#6625 = ORIENTED_EDGE('',*,*,#3436,.T.);
#6626 = ORIENTED_EDGE('',*,*,#6595,.T.);
#6627 = ORIENTED_EDGE('',*,*,#525,.F.);
#6628 = ORIENTED_EDGE('',*,*,#6629,.F.);
#6629 = EDGE_CURVE('',#3428,#517,#6630,.T.);
#6630 = LINE('',#6631,#6632);
#6631 = CARTESIAN_POINT('',(-22.86,-14.075,-14.3));
#6632 = VECTOR('',#6633,1.);
#6633 = DIRECTION('',(0.,0.,1.));
#6634 = PLANE('',#6635);
#6635 = AXIS2_PLACEMENT_3D('',#6636,#6637,#6638);
#6636 = CARTESIAN_POINT('',(-27.94,-14.075,-14.3));
#6637 = DIRECTION('',(-0.,1.,0.));
#6638 = DIRECTION('',(0.,0.,1.));
#6639 = ADVANCED_FACE('',(#6640),#6656,.F.);
#6640 = FACE_BOUND('',#6641,.F.);
#6641 = EDGE_LOOP('',(#6642,#6643,#6649,#6650));
#6642 = ORIENTED_EDGE('',*,*,#533,.F.);
#6643 = ORIENTED_EDGE('',*,*,#6644,.F.);
#6644 = EDGE_CURVE('',#3445,#534,#6645,.T.);
#6645 = LINE('',#6646,#6647);
#6646 = CARTESIAN_POINT('',(-26.565,-2.54,-14.3));
#6647 = VECTOR('',#6648,1.);
#6648 = DIRECTION('',(0.,0.,1.));
#6649 = ORIENTED_EDGE('',*,*,#3444,.T.);
#6650 = ORIENTED_EDGE('',*,*,#6651,.T.);
#6651 = EDGE_CURVE('',#3447,#536,#6652,.T.);
#6652 = LINE('',#6653,#6654);
#6653 = CARTESIAN_POINT('',(-29.315,-2.54,-14.3));
#6654 = VECTOR('',#6655,1.);
#6655 = DIRECTION('',(0.,0.,1.));
#6656 = CYLINDRICAL_SURFACE('',#6657,1.375);
#6657 = AXIS2_PLACEMENT_3D('',#6658,#6659,#6660);
#6658 = CARTESIAN_POINT('',(-27.94,-2.54,-14.3));
#6659 = DIRECTION('',(0.,0.,1.));
#6660 = DIRECTION('',(1.,0.,-0.));
#6661 = ADVANCED_FACE('',(#6662),#6673,.F.);
#6662 = FACE_BOUND('',#6663,.F.);
#6663 = EDGE_LOOP('',(#6664,#6670,#6671,#6672));
#6664 = ORIENTED_EDGE('',*,*,#6665,.F.);
#6665 = EDGE_CURVE('',#3456,#545,#6666,.T.);
#6666 = LINE('',#6667,#6668);
#6667 = CARTESIAN_POINT('',(-26.565,-7.62,-14.3));
#6668 = VECTOR('',#6669,1.);
#6669 = DIRECTION('',(0.,0.,1.));
#6670 = ORIENTED_EDGE('',*,*,#3455,.T.);
#6671 = ORIENTED_EDGE('',*,*,#6644,.T.);
#6672 = ORIENTED_EDGE('',*,*,#544,.F.);
#6673 = PLANE('',#6674);
#6674 = AXIS2_PLACEMENT_3D('',#6675,#6676,#6677);
#6675 = CARTESIAN_POINT('',(-26.565,-7.62,-14.3));
#6676 = DIRECTION('',(1.,0.,-0.));
#6677 = DIRECTION('',(0.,0.,1.));
#6678 = ADVANCED_FACE('',(#6679),#6690,.T.);
#6679 = FACE_BOUND('',#6680,.T.);
#6680 = EDGE_LOOP('',(#6681,#6687,#6688,#6689));
#6681 = ORIENTED_EDGE('',*,*,#6682,.F.);
#6682 = EDGE_CURVE('',#3464,#553,#6683,.T.);
#6683 = LINE('',#6684,#6685);
#6684 = CARTESIAN_POINT('',(-29.315,-7.62,-14.3));
#6685 = VECTOR('',#6686,1.);
#6686 = DIRECTION('',(0.,0.,1.));
#6687 = ORIENTED_EDGE('',*,*,#3472,.T.);
#6688 = ORIENTED_EDGE('',*,*,#6651,.T.);
#6689 = ORIENTED_EDGE('',*,*,#561,.F.);
#6690 = PLANE('',#6691);
#6691 = AXIS2_PLACEMENT_3D('',#6692,#6693,#6694);
#6692 = CARTESIAN_POINT('',(-29.315,-7.62,-14.3));
#6693 = DIRECTION('',(1.,0.,-0.));
#6694 = DIRECTION('',(0.,0.,1.));
#6695 = ADVANCED_FACE('',(#6696),#6702,.F.);
#6696 = FACE_BOUND('',#6697,.F.);
#6697 = EDGE_LOOP('',(#6698,#6699,#6700,#6701));
#6698 = ORIENTED_EDGE('',*,*,#6665,.T.);
#6699 = ORIENTED_EDGE('',*,*,#552,.F.);
#6700 = ORIENTED_EDGE('',*,*,#6682,.F.);
#6701 = ORIENTED_EDGE('',*,*,#3463,.T.);
#6702 = CYLINDRICAL_SURFACE('',#6703,1.375);
#6703 = AXIS2_PLACEMENT_3D('',#6704,#6705,#6706);
#6704 = CARTESIAN_POINT('',(-27.94,-7.62,-14.3));
#6705 = DIRECTION('',(0.,0.,1.));
#6706 = DIRECTION('',(1.,0.,-0.));
#6707 = ADVANCED_FACE('',(#6708),#6719,.F.);
#6708 = FACE_BOUND('',#6709,.F.);
#6709 = EDGE_LOOP('',(#6710,#6711,#6717,#6718));
#6710 = ORIENTED_EDGE('',*,*,#569,.F.);
#6711 = ORIENTED_EDGE('',*,*,#6712,.F.);
#6712 = EDGE_CURVE('',#3481,#570,#6713,.T.);
#6713 = LINE('',#6714,#6715);
#6714 = CARTESIAN_POINT('',(-21.485,-7.62,-14.3));
#6715 = VECTOR('',#6716,1.);
#6716 = DIRECTION('',(0.,0.,1.));
#6717 = ORIENTED_EDGE('',*,*,#3480,.T.);
#6718 = ORIENTED_EDGE('',*,*,#6712,.T.);
#6719 = CYLINDRICAL_SURFACE('',#6720,1.375);
#6720 = AXIS2_PLACEMENT_3D('',#6721,#6722,#6723);
#6721 = CARTESIAN_POINT('',(-22.86,-7.62,-14.3));
#6722 = DIRECTION('',(0.,0.,1.));
#6723 = DIRECTION('',(1.,0.,-0.));
#6724 = ADVANCED_FACE('',(#6725),#6741,.F.);
#6725 = FACE_BOUND('',#6726,.F.);
#6726 = EDGE_LOOP('',(#6727,#6728,#6734,#6735));
#6727 = ORIENTED_EDGE('',*,*,#580,.F.);
#6728 = ORIENTED_EDGE('',*,*,#6729,.F.);
#6729 = EDGE_CURVE('',#3492,#581,#6730,.T.);
#6730 = LINE('',#6731,#6732);
#6731 = CARTESIAN_POINT('',(-22.86,-1.165,-14.3));
#6732 = VECTOR('',#6733,1.);
#6733 = DIRECTION('',(0.,0.,1.));
#6734 = ORIENTED_EDGE('',*,*,#3491,.T.);
#6735 = ORIENTED_EDGE('',*,*,#6736,.T.);
#6736 = EDGE_CURVE('',#3494,#583,#6737,.T.);
#6737 = LINE('',#6738,#6739);
#6738 = CARTESIAN_POINT('',(-22.86,-3.915,-14.3));
#6739 = VECTOR('',#6740,1.);
#6740 = DIRECTION('',(0.,0.,1.));
#6741 = CYLINDRICAL_SURFACE('',#6742,1.375);
#6742 = AXIS2_PLACEMENT_3D('',#6743,#6744,#6745);
#6743 = CARTESIAN_POINT('',(-22.86,-2.54,-14.3));
#6744 = DIRECTION('',(0.,0.,1.));
#6745 = DIRECTION('',(1.,0.,-0.));
#6746 = ADVANCED_FACE('',(#6747),#6758,.F.);
#6747 = FACE_BOUND('',#6748,.F.);
#6748 = EDGE_LOOP('',(#6749,#6750,#6751,#6752));
#6749 = ORIENTED_EDGE('',*,*,#3502,.T.);
#6750 = ORIENTED_EDGE('',*,*,#6729,.T.);
#6751 = ORIENTED_EDGE('',*,*,#591,.F.);
#6752 = ORIENTED_EDGE('',*,*,#6753,.F.);
#6753 = EDGE_CURVE('',#3503,#592,#6754,.T.);
#6754 = LINE('',#6755,#6756);
#6755 = CARTESIAN_POINT('',(-17.78,-1.165,-14.3));
#6756 = VECTOR('',#6757,1.);
#6757 = DIRECTION('',(0.,0.,1.));
#6758 = PLANE('',#6759);
#6759 = AXIS2_PLACEMENT_3D('',#6760,#6761,#6762);
#6760 = CARTESIAN_POINT('',(-22.86,-1.165,-14.3));
#6761 = DIRECTION('',(-0.,1.,0.));
#6762 = DIRECTION('',(0.,0.,1.));
#6763 = ADVANCED_FACE('',(#6764),#6775,.T.);
#6764 = FACE_BOUND('',#6765,.T.);
#6765 = EDGE_LOOP('',(#6766,#6767,#6768,#6769));
#6766 = ORIENTED_EDGE('',*,*,#3528,.T.);
#6767 = ORIENTED_EDGE('',*,*,#6736,.T.);
#6768 = ORIENTED_EDGE('',*,*,#617,.F.);
#6769 = ORIENTED_EDGE('',*,*,#6770,.F.);
#6770 = EDGE_CURVE('',#3520,#609,#6771,.T.);
#6771 = LINE('',#6772,#6773);
#6772 = CARTESIAN_POINT('',(-17.78,-3.915,-14.3));
#6773 = VECTOR('',#6774,1.);
#6774 = DIRECTION('',(0.,0.,1.));
#6775 = PLANE('',#6776);
#6776 = AXIS2_PLACEMENT_3D('',#6777,#6778,#6779);
#6777 = CARTESIAN_POINT('',(-22.86,-3.915,-14.3));
#6778 = DIRECTION('',(-0.,1.,0.));
#6779 = DIRECTION('',(0.,0.,1.));
#6780 = ADVANCED_FACE('',(#6781),#6797,.F.);
#6781 = FACE_BOUND('',#6782,.F.);
#6782 = EDGE_LOOP('',(#6783,#6784,#6790,#6791));
#6783 = ORIENTED_EDGE('',*,*,#625,.F.);
#6784 = ORIENTED_EDGE('',*,*,#6785,.F.);
#6785 = EDGE_CURVE('',#3537,#626,#6786,.T.);
#6786 = LINE('',#6787,#6788);
#6787 = CARTESIAN_POINT('',(-16.405,-7.62,-14.3));
#6788 = VECTOR('',#6789,1.);
#6789 = DIRECTION('',(0.,0.,1.));
#6790 = ORIENTED_EDGE('',*,*,#3536,.T.);
#6791 = ORIENTED_EDGE('',*,*,#6792,.T.);
#6792 = EDGE_CURVE('',#3539,#628,#6793,.T.);
#6793 = LINE('',#6794,#6795);
#6794 = CARTESIAN_POINT('',(-19.155,-7.62,-14.3));
#6795 = VECTOR('',#6796,1.);
#6796 = DIRECTION('',(0.,0.,1.));
#6797 = CYLINDRICAL_SURFACE('',#6798,1.375);
#6798 = AXIS2_PLACEMENT_3D('',#6799,#6800,#6801);
#6799 = CARTESIAN_POINT('',(-17.78,-7.62,-14.3));
#6800 = DIRECTION('',(0.,0.,1.));
#6801 = DIRECTION('',(1.,0.,-0.));
#6802 = ADVANCED_FACE('',(#6803),#6814,.F.);
#6803 = FACE_BOUND('',#6804,.F.);
#6804 = EDGE_LOOP('',(#6805,#6811,#6812,#6813));
#6805 = ORIENTED_EDGE('',*,*,#6806,.F.);
#6806 = EDGE_CURVE('',#3548,#637,#6807,.T.);
#6807 = LINE('',#6808,#6809);
#6808 = CARTESIAN_POINT('',(-16.405,-12.7,-14.3));
#6809 = VECTOR('',#6810,1.);
#6810 = DIRECTION('',(0.,0.,1.));
#6811 = ORIENTED_EDGE('',*,*,#3547,.T.);
#6812 = ORIENTED_EDGE('',*,*,#6785,.T.);
#6813 = ORIENTED_EDGE('',*,*,#636,.F.);
#6814 = PLANE('',#6815);
#6815 = AXIS2_PLACEMENT_3D('',#6816,#6817,#6818);
#6816 = CARTESIAN_POINT('',(-16.405,-12.7,-14.3));
#6817 = DIRECTION('',(1.,0.,-0.));
#6818 = DIRECTION('',(0.,0.,1.));
#6819 = ADVANCED_FACE('',(#6820),#6831,.T.);
#6820 = FACE_BOUND('',#6821,.T.);
#6821 = EDGE_LOOP('',(#6822,#6828,#6829,#6830));
#6822 = ORIENTED_EDGE('',*,*,#6823,.F.);
#6823 = EDGE_CURVE('',#3556,#645,#6824,.T.);
#6824 = LINE('',#6825,#6826);
#6825 = CARTESIAN_POINT('',(-19.155,-12.7,-14.3));
#6826 = VECTOR('',#6827,1.);
#6827 = DIRECTION('',(0.,0.,1.));
#6828 = ORIENTED_EDGE('',*,*,#3564,.T.);
#6829 = ORIENTED_EDGE('',*,*,#6792,.T.);
#6830 = ORIENTED_EDGE('',*,*,#653,.F.);
#6831 = PLANE('',#6832);
#6832 = AXIS2_PLACEMENT_3D('',#6833,#6834,#6835);
#6833 = CARTESIAN_POINT('',(-19.155,-12.7,-14.3));
#6834 = DIRECTION('',(1.,0.,-0.));
#6835 = DIRECTION('',(0.,0.,1.));
#6836 = ADVANCED_FACE('',(#6837),#6843,.F.);
#6837 = FACE_BOUND('',#6838,.F.);
#6838 = EDGE_LOOP('',(#6839,#6840,#6841,#6842));
#6839 = ORIENTED_EDGE('',*,*,#6806,.T.);
#6840 = ORIENTED_EDGE('',*,*,#644,.F.);
#6841 = ORIENTED_EDGE('',*,*,#6823,.F.);
#6842 = ORIENTED_EDGE('',*,*,#3555,.T.);
#6843 = CYLINDRICAL_SURFACE('',#6844,1.375);
#6844 = AXIS2_PLACEMENT_3D('',#6845,#6846,#6847);
#6845 = CARTESIAN_POINT('',(-17.78,-12.7,-14.3));
#6846 = DIRECTION('',(0.,0.,1.));
#6847 = DIRECTION('',(1.,0.,-0.));
#6848 = ADVANCED_FACE('',(#6849),#6865,.F.);
#6849 = FACE_BOUND('',#6850,.F.);
#6850 = EDGE_LOOP('',(#6851,#6852,#6858,#6859));
#6851 = ORIENTED_EDGE('',*,*,#661,.F.);
#6852 = ORIENTED_EDGE('',*,*,#6853,.F.);
#6853 = EDGE_CURVE('',#3573,#662,#6854,.T.);
#6854 = LINE('',#6855,#6856);
#6855 = CARTESIAN_POINT('',(-12.7,-11.325,-14.3));
#6856 = VECTOR('',#6857,1.);
#6857 = DIRECTION('',(0.,0.,1.));
#6858 = ORIENTED_EDGE('',*,*,#3572,.T.);
#6859 = ORIENTED_EDGE('',*,*,#6860,.T.);
#6860 = EDGE_CURVE('',#3575,#664,#6861,.T.);
#6861 = LINE('',#6862,#6863);
#6862 = CARTESIAN_POINT('',(-12.7,-14.075,-14.3));
#6863 = VECTOR('',#6864,1.);
#6864 = DIRECTION('',(0.,0.,1.));
#6865 = CYLINDRICAL_SURFACE('',#6866,1.375);
#6866 = AXIS2_PLACEMENT_3D('',#6867,#6868,#6869);
#6867 = CARTESIAN_POINT('',(-12.7,-12.7,-14.3));
#6868 = DIRECTION('',(0.,0.,1.));
#6869 = DIRECTION('',(1.,0.,-0.));
#6870 = ADVANCED_FACE('',(#6871),#6882,.F.);
#6871 = FACE_BOUND('',#6872,.F.);
#6872 = EDGE_LOOP('',(#6873,#6874,#6875,#6876));
#6873 = ORIENTED_EDGE('',*,*,#3583,.T.);
#6874 = ORIENTED_EDGE('',*,*,#6853,.T.);
#6875 = ORIENTED_EDGE('',*,*,#672,.F.);
#6876 = ORIENTED_EDGE('',*,*,#6877,.F.);
#6877 = EDGE_CURVE('',#3584,#673,#6878,.T.);
#6878 = LINE('',#6879,#6880);
#6879 = CARTESIAN_POINT('',(-7.62,-11.325,-14.3));
#6880 = VECTOR('',#6881,1.);
#6881 = DIRECTION('',(0.,0.,1.));
#6882 = PLANE('',#6883);
#6883 = AXIS2_PLACEMENT_3D('',#6884,#6885,#6886);
#6884 = CARTESIAN_POINT('',(-12.7,-11.325,-14.3));
#6885 = DIRECTION('',(-0.,1.,0.));
#6886 = DIRECTION('',(0.,0.,1.));
#6887 = ADVANCED_FACE('',(#6888),#6899,.T.);
#6888 = FACE_BOUND('',#6889,.T.);
#6889 = EDGE_LOOP('',(#6890,#6891,#6892,#6893));
#6890 = ORIENTED_EDGE('',*,*,#3609,.T.);
#6891 = ORIENTED_EDGE('',*,*,#6860,.T.);
#6892 = ORIENTED_EDGE('',*,*,#698,.F.);
#6893 = ORIENTED_EDGE('',*,*,#6894,.F.);
#6894 = EDGE_CURVE('',#3601,#690,#6895,.T.);
#6895 = LINE('',#6896,#6897);
#6896 = CARTESIAN_POINT('',(-7.62,-14.075,-14.3));
#6897 = VECTOR('',#6898,1.);
#6898 = DIRECTION('',(0.,0.,1.));
#6899 = PLANE('',#6900);
#6900 = AXIS2_PLACEMENT_3D('',#6901,#6902,#6903);
#6901 = CARTESIAN_POINT('',(-12.7,-14.075,-14.3));
#6902 = DIRECTION('',(-0.,1.,0.));
#6903 = DIRECTION('',(0.,0.,1.));
#6904 = ADVANCED_FACE('',(#6905),#6921,.F.);
#6905 = FACE_BOUND('',#6906,.F.);
#6906 = EDGE_LOOP('',(#6907,#6908,#6914,#6915));
#6907 = ORIENTED_EDGE('',*,*,#706,.F.);
#6908 = ORIENTED_EDGE('',*,*,#6909,.F.);
#6909 = EDGE_CURVE('',#3618,#707,#6910,.T.);
#6910 = LINE('',#6911,#6912);
#6911 = CARTESIAN_POINT('',(-7.62,-16.405,-14.3));
#6912 = VECTOR('',#6913,1.);
#6913 = DIRECTION('',(0.,0.,1.));
#6914 = ORIENTED_EDGE('',*,*,#3617,.T.);
#6915 = ORIENTED_EDGE('',*,*,#6916,.T.);
#6916 = EDGE_CURVE('',#3620,#709,#6917,.T.);
#6917 = LINE('',#6918,#6919);
#6918 = CARTESIAN_POINT('',(-7.62,-19.155,-14.3));
#6919 = VECTOR('',#6920,1.);
#6920 = DIRECTION('',(0.,0.,1.));
#6921 = CYLINDRICAL_SURFACE('',#6922,1.375);
#6922 = AXIS2_PLACEMENT_3D('',#6923,#6924,#6925);
#6923 = CARTESIAN_POINT('',(-7.62,-17.78,-14.3));
#6924 = DIRECTION('',(0.,0.,1.));
#6925 = DIRECTION('',(1.,0.,-0.));
#6926 = ADVANCED_FACE('',(#6927),#6938,.F.);
#6927 = FACE_BOUND('',#6928,.F.);
#6928 = EDGE_LOOP('',(#6929,#6930,#6931,#6932));
#6929 = ORIENTED_EDGE('',*,*,#3628,.T.);
#6930 = ORIENTED_EDGE('',*,*,#6909,.T.);
#6931 = ORIENTED_EDGE('',*,*,#717,.F.);
#6932 = ORIENTED_EDGE('',*,*,#6933,.F.);
#6933 = EDGE_CURVE('',#3629,#718,#6934,.T.);
#6934 = LINE('',#6935,#6936);
#6935 = CARTESIAN_POINT('',(-2.54,-16.405,-14.3));
#6936 = VECTOR('',#6937,1.);
#6937 = DIRECTION('',(0.,0.,1.));
#6938 = PLANE('',#6939);
#6939 = AXIS2_PLACEMENT_3D('',#6940,#6941,#6942);
#6940 = CARTESIAN_POINT('',(-7.62,-16.405,-14.3));
#6941 = DIRECTION('',(-0.,1.,0.));
#6942 = DIRECTION('',(0.,0.,1.));
#6943 = ADVANCED_FACE('',(#6944),#6955,.T.);
#6944 = FACE_BOUND('',#6945,.T.);
#6945 = EDGE_LOOP('',(#6946,#6947,#6948,#6949));
#6946 = ORIENTED_EDGE('',*,*,#3654,.T.);
#6947 = ORIENTED_EDGE('',*,*,#6916,.T.);
#6948 = ORIENTED_EDGE('',*,*,#743,.F.);
#6949 = ORIENTED_EDGE('',*,*,#6950,.F.);
#6950 = EDGE_CURVE('',#3646,#735,#6951,.T.);
#6951 = LINE('',#6952,#6953);
#6952 = CARTESIAN_POINT('',(-2.54,-19.155,-14.3));
#6953 = VECTOR('',#6954,1.);
#6954 = DIRECTION('',(0.,0.,1.));
#6955 = PLANE('',#6956);
#6956 = AXIS2_PLACEMENT_3D('',#6957,#6958,#6959);
#6957 = CARTESIAN_POINT('',(-7.62,-19.155,-14.3));
#6958 = DIRECTION('',(-0.,1.,0.));
#6959 = DIRECTION('',(0.,0.,1.));
#6960 = ADVANCED_FACE('',(#6961),#6977,.F.);
#6961 = FACE_BOUND('',#6962,.F.);
#6962 = EDGE_LOOP('',(#6963,#6964,#6970,#6971));
#6963 = ORIENTED_EDGE('',*,*,#751,.F.);
#6964 = ORIENTED_EDGE('',*,*,#6965,.F.);
#6965 = EDGE_CURVE('',#3663,#752,#6966,.T.);
#6966 = LINE('',#6967,#6968);
#6967 = CARTESIAN_POINT('',(-1.165,-7.62,-14.3));
#6968 = VECTOR('',#6969,1.);
#6969 = DIRECTION('',(0.,0.,1.));
#6970 = ORIENTED_EDGE('',*,*,#3662,.T.);
#6971 = ORIENTED_EDGE('',*,*,#6972,.T.);
#6972 = EDGE_CURVE('',#3665,#754,#6973,.T.);
#6973 = LINE('',#6974,#6975);
#6974 = CARTESIAN_POINT('',(-3.915,-7.62,-14.3));
#6975 = VECTOR('',#6976,1.);
#6976 = DIRECTION('',(0.,0.,1.));
#6977 = CYLINDRICAL_SURFACE('',#6978,1.375);
#6978 = AXIS2_PLACEMENT_3D('',#6979,#6980,#6981);
#6979 = CARTESIAN_POINT('',(-2.54,-7.62,-14.3));
#6980 = DIRECTION('',(0.,0.,1.));
#6981 = DIRECTION('',(1.,0.,-0.));
#6982 = ADVANCED_FACE('',(#6983),#6994,.F.);
#6983 = FACE_BOUND('',#6984,.F.);
#6984 = EDGE_LOOP('',(#6985,#6991,#6992,#6993));
#6985 = ORIENTED_EDGE('',*,*,#6986,.F.);
#6986 = EDGE_CURVE('',#3674,#763,#6987,.T.);
#6987 = LINE('',#6988,#6989);
#6988 = CARTESIAN_POINT('',(-1.165,-12.7,-14.3));
#6989 = VECTOR('',#6990,1.);
#6990 = DIRECTION('',(0.,0.,1.));
#6991 = ORIENTED_EDGE('',*,*,#3673,.T.);
#6992 = ORIENTED_EDGE('',*,*,#6965,.T.);
#6993 = ORIENTED_EDGE('',*,*,#762,.F.);
#6994 = PLANE('',#6995);
#6995 = AXIS2_PLACEMENT_3D('',#6996,#6997,#6998);
#6996 = CARTESIAN_POINT('',(-1.165,-12.7,-14.3));
#6997 = DIRECTION('',(1.,0.,-0.));
#6998 = DIRECTION('',(0.,0.,1.));
#6999 = ADVANCED_FACE('',(#7000),#7011,.T.);
#7000 = FACE_BOUND('',#7001,.T.);
#7001 = EDGE_LOOP('',(#7002,#7008,#7009,#7010));
#7002 = ORIENTED_EDGE('',*,*,#7003,.F.);
#7003 = EDGE_CURVE('',#3682,#771,#7004,.T.);
#7004 = LINE('',#7005,#7006);
#7005 = CARTESIAN_POINT('',(-3.915,-12.7,-14.3));
#7006 = VECTOR('',#7007,1.);
#7007 = DIRECTION('',(0.,0.,1.));
#7008 = ORIENTED_EDGE('',*,*,#3690,.T.);
#7009 = ORIENTED_EDGE('',*,*,#6972,.T.);
#7010 = ORIENTED_EDGE('',*,*,#779,.F.);
#7011 = PLANE('',#7012);
#7012 = AXIS2_PLACEMENT_3D('',#7013,#7014,#7015);
#7013 = CARTESIAN_POINT('',(-3.915,-12.7,-14.3));
#7014 = DIRECTION('',(1.,0.,-0.));
#7015 = DIRECTION('',(0.,0.,1.));
#7016 = ADVANCED_FACE('',(#7017),#7023,.F.);
#7017 = FACE_BOUND('',#7018,.F.);
#7018 = EDGE_LOOP('',(#7019,#7020,#7021,#7022));
#7019 = ORIENTED_EDGE('',*,*,#6986,.T.);
#7020 = ORIENTED_EDGE('',*,*,#770,.F.);
#7021 = ORIENTED_EDGE('',*,*,#7003,.F.);
#7022 = ORIENTED_EDGE('',*,*,#3681,.T.);
#7023 = CYLINDRICAL_SURFACE('',#7024,1.375);
#7024 = AXIS2_PLACEMENT_3D('',#7025,#7026,#7027);
#7025 = CARTESIAN_POINT('',(-2.54,-12.7,-14.3));
#7026 = DIRECTION('',(0.,0.,1.));
#7027 = DIRECTION('',(1.,0.,-0.));
#7028 = ADVANCED_FACE('',(#7029),#7045,.F.);
#7029 = FACE_BOUND('',#7030,.F.);
#7030 = EDGE_LOOP('',(#7031,#7032,#7038,#7039));
#7031 = ORIENTED_EDGE('',*,*,#787,.F.);
#7032 = ORIENTED_EDGE('',*,*,#7033,.F.);
#7033 = EDGE_CURVE('',#3699,#788,#7034,.T.);
#7034 = LINE('',#7035,#7036);
#7035 = CARTESIAN_POINT('',(-11.325,-2.54,-14.3));
#7036 = VECTOR('',#7037,1.);
#7037 = DIRECTION('',(0.,0.,1.));
#7038 = ORIENTED_EDGE('',*,*,#3698,.T.);
#7039 = ORIENTED_EDGE('',*,*,#7040,.T.);
#7040 = EDGE_CURVE('',#3701,#790,#7041,.T.);
#7041 = LINE('',#7042,#7043);
#7042 = CARTESIAN_POINT('',(-14.075,-2.54,-14.3));
#7043 = VECTOR('',#7044,1.);
#7044 = DIRECTION('',(0.,0.,1.));
#7045 = CYLINDRICAL_SURFACE('',#7046,1.375);
#7046 = AXIS2_PLACEMENT_3D('',#7047,#7048,#7049);
#7047 = CARTESIAN_POINT('',(-12.7,-2.54,-14.3));
#7048 = DIRECTION('',(0.,0.,1.));
#7049 = DIRECTION('',(1.,0.,-0.));
#7050 = ADVANCED_FACE('',(#7051),#7062,.F.);
#7051 = FACE_BOUND('',#7052,.F.);
#7052 = EDGE_LOOP('',(#7053,#7059,#7060,#7061));
#7053 = ORIENTED_EDGE('',*,*,#7054,.F.);
#7054 = EDGE_CURVE('',#3710,#799,#7055,.T.);
#7055 = LINE('',#7056,#7057);
#7056 = CARTESIAN_POINT('',(-11.325,-7.62,-14.3));
#7057 = VECTOR('',#7058,1.);
#7058 = DIRECTION('',(0.,0.,1.));
#7059 = ORIENTED_EDGE('',*,*,#3709,.T.);
#7060 = ORIENTED_EDGE('',*,*,#7033,.T.);
#7061 = ORIENTED_EDGE('',*,*,#798,.F.);
#7062 = PLANE('',#7063);
#7063 = AXIS2_PLACEMENT_3D('',#7064,#7065,#7066);
#7064 = CARTESIAN_POINT('',(-11.325,-7.62,-14.3));
#7065 = DIRECTION('',(1.,0.,-0.));
#7066 = DIRECTION('',(0.,0.,1.));
#7067 = ADVANCED_FACE('',(#7068),#7079,.T.);
#7068 = FACE_BOUND('',#7069,.T.);
#7069 = EDGE_LOOP('',(#7070,#7076,#7077,#7078));
#7070 = ORIENTED_EDGE('',*,*,#7071,.F.);
#7071 = EDGE_CURVE('',#3718,#807,#7072,.T.);
#7072 = LINE('',#7073,#7074);
#7073 = CARTESIAN_POINT('',(-14.075,-7.62,-14.3));
#7074 = VECTOR('',#7075,1.);
#7075 = DIRECTION('',(0.,0.,1.));
#7076 = ORIENTED_EDGE('',*,*,#3726,.T.);
#7077 = ORIENTED_EDGE('',*,*,#7040,.T.);
#7078 = ORIENTED_EDGE('',*,*,#815,.F.);
#7079 = PLANE('',#7080);
#7080 = AXIS2_PLACEMENT_3D('',#7081,#7082,#7083);
#7081 = CARTESIAN_POINT('',(-14.075,-7.62,-14.3));
#7082 = DIRECTION('',(1.,0.,-0.));
#7083 = DIRECTION('',(0.,0.,1.));
#7084 = ADVANCED_FACE('',(#7085),#7091,.F.);
#7085 = FACE_BOUND('',#7086,.F.);
#7086 = EDGE_LOOP('',(#7087,#7088,#7089,#7090));
#7087 = ORIENTED_EDGE('',*,*,#7054,.T.);
#7088 = ORIENTED_EDGE('',*,*,#806,.F.);
#7089 = ORIENTED_EDGE('',*,*,#7071,.F.);
#7090 = ORIENTED_EDGE('',*,*,#3717,.T.);
#7091 = CYLINDRICAL_SURFACE('',#7092,1.375);
#7092 = AXIS2_PLACEMENT_3D('',#7093,#7094,#7095);
#7093 = CARTESIAN_POINT('',(-12.7,-7.62,-14.3));
#7094 = DIRECTION('',(0.,0.,1.));
#7095 = DIRECTION('',(1.,0.,-0.));
#7096 = ADVANCED_FACE('',(#7097),#7108,.F.);
#7097 = FACE_BOUND('',#7098,.F.);
#7098 = EDGE_LOOP('',(#7099,#7100,#7106,#7107));
#7099 = ORIENTED_EDGE('',*,*,#823,.F.);
#7100 = ORIENTED_EDGE('',*,*,#7101,.F.);
#7101 = EDGE_CURVE('',#3735,#824,#7102,.T.);
#7102 = LINE('',#7103,#7104);
#7103 = CARTESIAN_POINT('',(-6.245,-7.62,-14.3));
#7104 = VECTOR('',#7105,1.);
#7105 = DIRECTION('',(0.,0.,1.));
#7106 = ORIENTED_EDGE('',*,*,#3734,.T.);
#7107 = ORIENTED_EDGE('',*,*,#7101,.T.);
#7108 = CYLINDRICAL_SURFACE('',#7109,1.375);
#7109 = AXIS2_PLACEMENT_3D('',#7110,#7111,#7112);
#7110 = CARTESIAN_POINT('',(-7.62,-7.62,-14.3));
#7111 = DIRECTION('',(0.,0.,1.));
#7112 = DIRECTION('',(1.,0.,-0.));
#7113 = ADVANCED_FACE('',(#7114),#7130,.F.);
#7114 = FACE_BOUND('',#7115,.F.);
#7115 = EDGE_LOOP('',(#7116,#7117,#7123,#7124));
#7116 = ORIENTED_EDGE('',*,*,#834,.F.);
#7117 = ORIENTED_EDGE('',*,*,#7118,.F.);
#7118 = EDGE_CURVE('',#3746,#835,#7119,.T.);
#7119 = LINE('',#7120,#7121);
#7120 = CARTESIAN_POINT('',(-7.62,-1.165,-14.3));
#7121 = VECTOR('',#7122,1.);
#7122 = DIRECTION('',(0.,0.,1.));
#7123 = ORIENTED_EDGE('',*,*,#3745,.T.);
#7124 = ORIENTED_EDGE('',*,*,#7125,.T.);
#7125 = EDGE_CURVE('',#3748,#837,#7126,.T.);
#7126 = LINE('',#7127,#7128);
#7127 = CARTESIAN_POINT('',(-7.62,-3.915,-14.3));
#7128 = VECTOR('',#7129,1.);
#7129 = DIRECTION('',(0.,0.,1.));
#7130 = CYLINDRICAL_SURFACE('',#7131,1.375);
#7131 = AXIS2_PLACEMENT_3D('',#7132,#7133,#7134);
#7132 = CARTESIAN_POINT('',(-7.62,-2.54,-14.3));
#7133 = DIRECTION('',(0.,0.,1.));
#7134 = DIRECTION('',(1.,0.,-0.));
#7135 = ADVANCED_FACE('',(#7136),#7147,.F.);
#7136 = FACE_BOUND('',#7137,.F.);
#7137 = EDGE_LOOP('',(#7138,#7139,#7140,#7141));
#7138 = ORIENTED_EDGE('',*,*,#3756,.T.);
#7139 = ORIENTED_EDGE('',*,*,#7118,.T.);
#7140 = ORIENTED_EDGE('',*,*,#845,.F.);
#7141 = ORIENTED_EDGE('',*,*,#7142,.F.);
#7142 = EDGE_CURVE('',#3757,#846,#7143,.T.);
#7143 = LINE('',#7144,#7145);
#7144 = CARTESIAN_POINT('',(-2.54,-1.165,-14.3));
#7145 = VECTOR('',#7146,1.);
#7146 = DIRECTION('',(0.,0.,1.));
#7147 = PLANE('',#7148);
#7148 = AXIS2_PLACEMENT_3D('',#7149,#7150,#7151);
#7149 = CARTESIAN_POINT('',(-7.62,-1.165,-14.3));
#7150 = DIRECTION('',(-0.,1.,0.));
#7151 = DIRECTION('',(0.,0.,1.));
#7152 = ADVANCED_FACE('',(#7153),#7164,.T.);
#7153 = FACE_BOUND('',#7154,.T.);
#7154 = EDGE_LOOP('',(#7155,#7156,#7157,#7158));
#7155 = ORIENTED_EDGE('',*,*,#3782,.T.);
#7156 = ORIENTED_EDGE('',*,*,#7125,.T.);
#7157 = ORIENTED_EDGE('',*,*,#871,.F.);
#7158 = ORIENTED_EDGE('',*,*,#7159,.F.);
#7159 = EDGE_CURVE('',#3774,#863,#7160,.T.);
#7160 = LINE('',#7161,#7162);
#7161 = CARTESIAN_POINT('',(-2.54,-3.915,-14.3));
#7162 = VECTOR('',#7163,1.);
#7163 = DIRECTION('',(0.,0.,1.));
#7164 = PLANE('',#7165);
#7165 = AXIS2_PLACEMENT_3D('',#7166,#7167,#7168);
#7166 = CARTESIAN_POINT('',(-7.62,-3.915,-14.3));
#7167 = DIRECTION('',(-0.,1.,0.));
#7168 = DIRECTION('',(0.,0.,1.));
#7169 = ADVANCED_FACE('',(#7170),#7186,.F.);
#7170 = FACE_BOUND('',#7171,.F.);
#7171 = EDGE_LOOP('',(#7172,#7173,#7179,#7180));
#7172 = ORIENTED_EDGE('',*,*,#879,.F.);
#7173 = ORIENTED_EDGE('',*,*,#7174,.F.);
#7174 = EDGE_CURVE('',#3791,#880,#7175,.T.);
#7175 = LINE('',#7176,#7177);
#7176 = CARTESIAN_POINT('',(2.54,-26.565,-14.3));
#7177 = VECTOR('',#7178,1.);
#7178 = DIRECTION('',(0.,0.,1.));
#7179 = ORIENTED_EDGE('',*,*,#3790,.T.);
#7180 = ORIENTED_EDGE('',*,*,#7181,.T.);
#7181 = EDGE_CURVE('',#3793,#882,#7182,.T.);
#7182 = LINE('',#7183,#7184);
#7183 = CARTESIAN_POINT('',(2.54,-29.315,-14.3));
#7184 = VECTOR('',#7185,1.);
#7185 = DIRECTION('',(0.,0.,1.));
#7186 = CYLINDRICAL_SURFACE('',#7187,1.375);
#7187 = AXIS2_PLACEMENT_3D('',#7188,#7189,#7190);
#7188 = CARTESIAN_POINT('',(2.54,-27.94,-14.3));
#7189 = DIRECTION('',(0.,0.,1.));
#7190 = DIRECTION('',(1.,0.,-0.));
#7191 = ADVANCED_FACE('',(#7192),#7203,.F.);
#7192 = FACE_BOUND('',#7193,.F.);
#7193 = EDGE_LOOP('',(#7194,#7195,#7196,#7197));
#7194 = ORIENTED_EDGE('',*,*,#3801,.T.);
#7195 = ORIENTED_EDGE('',*,*,#7174,.T.);
#7196 = ORIENTED_EDGE('',*,*,#890,.F.);
#7197 = ORIENTED_EDGE('',*,*,#7198,.F.);
#7198 = EDGE_CURVE('',#3802,#891,#7199,.T.);
#7199 = LINE('',#7200,#7201);
#7200 = CARTESIAN_POINT('',(7.62,-26.565,-14.3));
#7201 = VECTOR('',#7202,1.);
#7202 = DIRECTION('',(0.,0.,1.));
#7203 = PLANE('',#7204);
#7204 = AXIS2_PLACEMENT_3D('',#7205,#7206,#7207);
#7205 = CARTESIAN_POINT('',(2.54,-26.565,-14.3));
#7206 = DIRECTION('',(-0.,1.,0.));
#7207 = DIRECTION('',(0.,0.,1.));
#7208 = ADVANCED_FACE('',(#7209),#7220,.T.);
#7209 = FACE_BOUND('',#7210,.T.);
#7210 = EDGE_LOOP('',(#7211,#7212,#7213,#7214));
#7211 = ORIENTED_EDGE('',*,*,#3827,.T.);
#7212 = ORIENTED_EDGE('',*,*,#7181,.T.);
#7213 = ORIENTED_EDGE('',*,*,#916,.F.);
#7214 = ORIENTED_EDGE('',*,*,#7215,.F.);
#7215 = EDGE_CURVE('',#3819,#908,#7216,.T.);
#7216 = LINE('',#7217,#7218);
#7217 = CARTESIAN_POINT('',(7.62,-29.315,-14.3));
#7218 = VECTOR('',#7219,1.);
#7219 = DIRECTION('',(0.,0.,1.));
#7220 = PLANE('',#7221);
#7221 = AXIS2_PLACEMENT_3D('',#7222,#7223,#7224);
#7222 = CARTESIAN_POINT('',(2.54,-29.315,-14.3));
#7223 = DIRECTION('',(-0.,1.,0.));
#7224 = DIRECTION('',(0.,0.,1.));
#7225 = ADVANCED_FACE('',(#7226),#7237,.F.);
#7226 = FACE_BOUND('',#7227,.F.);
#7227 = EDGE_LOOP('',(#7228,#7229,#7235,#7236));
#7228 = ORIENTED_EDGE('',*,*,#924,.F.);
#7229 = ORIENTED_EDGE('',*,*,#7230,.F.);
#7230 = EDGE_CURVE('',#3836,#925,#7231,.T.);
#7231 = LINE('',#7232,#7233);
#7232 = CARTESIAN_POINT('',(8.995,-22.86,-14.3));
#7233 = VECTOR('',#7234,1.);
#7234 = DIRECTION('',(0.,0.,1.));
#7235 = ORIENTED_EDGE('',*,*,#3835,.T.);
#7236 = ORIENTED_EDGE('',*,*,#7230,.T.);
#7237 = CYLINDRICAL_SURFACE('',#7238,1.375);
#7238 = AXIS2_PLACEMENT_3D('',#7239,#7240,#7241);
#7239 = CARTESIAN_POINT('',(7.62,-22.86,-14.3));
#7240 = DIRECTION('',(0.,0.,1.));
#7241 = DIRECTION('',(1.,0.,-0.));
#7242 = ADVANCED_FACE('',(#7243),#7259,.F.);
#7243 = FACE_BOUND('',#7244,.F.);
#7244 = EDGE_LOOP('',(#7245,#7246,#7252,#7253));
#7245 = ORIENTED_EDGE('',*,*,#935,.F.);
#7246 = ORIENTED_EDGE('',*,*,#7247,.F.);
#7247 = EDGE_CURVE('',#3847,#936,#7248,.T.);
#7248 = LINE('',#7249,#7250);
#7249 = CARTESIAN_POINT('',(3.915,-17.78,-14.3));
#7250 = VECTOR('',#7251,1.);
#7251 = DIRECTION('',(0.,0.,1.));
#7252 = ORIENTED_EDGE('',*,*,#3846,.T.);
#7253 = ORIENTED_EDGE('',*,*,#7254,.T.);
#7254 = EDGE_CURVE('',#3849,#938,#7255,.T.);
#7255 = LINE('',#7256,#7257);
#7256 = CARTESIAN_POINT('',(1.165,-17.78,-14.3));
#7257 = VECTOR('',#7258,1.);
#7258 = DIRECTION('',(0.,0.,1.));
#7259 = CYLINDRICAL_SURFACE('',#7260,1.375);
#7260 = AXIS2_PLACEMENT_3D('',#7261,#7262,#7263);
#7261 = CARTESIAN_POINT('',(2.54,-17.78,-14.3));
#7262 = DIRECTION('',(0.,0.,1.));
#7263 = DIRECTION('',(1.,0.,-0.));
#7264 = ADVANCED_FACE('',(#7265),#7276,.F.);
#7265 = FACE_BOUND('',#7266,.F.);
#7266 = EDGE_LOOP('',(#7267,#7273,#7274,#7275));
#7267 = ORIENTED_EDGE('',*,*,#7268,.F.);
#7268 = EDGE_CURVE('',#3858,#947,#7269,.T.);
#7269 = LINE('',#7270,#7271);
#7270 = CARTESIAN_POINT('',(3.915,-22.86,-14.3));
#7271 = VECTOR('',#7272,1.);
#7272 = DIRECTION('',(0.,0.,1.));
#7273 = ORIENTED_EDGE('',*,*,#3857,.T.);
#7274 = ORIENTED_EDGE('',*,*,#7247,.T.);
#7275 = ORIENTED_EDGE('',*,*,#946,.F.);
#7276 = PLANE('',#7277);
#7277 = AXIS2_PLACEMENT_3D('',#7278,#7279,#7280);
#7278 = CARTESIAN_POINT('',(3.915,-22.86,-14.3));
#7279 = DIRECTION('',(1.,0.,-0.));
#7280 = DIRECTION('',(0.,0.,1.));
#7281 = ADVANCED_FACE('',(#7282),#7293,.T.);
#7282 = FACE_BOUND('',#7283,.T.);
#7283 = EDGE_LOOP('',(#7284,#7290,#7291,#7292));
#7284 = ORIENTED_EDGE('',*,*,#7285,.F.);
#7285 = EDGE_CURVE('',#3866,#955,#7286,.T.);
#7286 = LINE('',#7287,#7288);
#7287 = CARTESIAN_POINT('',(1.165,-22.86,-14.3));
#7288 = VECTOR('',#7289,1.);
#7289 = DIRECTION('',(0.,0.,1.));
#7290 = ORIENTED_EDGE('',*,*,#3874,.T.);
#7291 = ORIENTED_EDGE('',*,*,#7254,.T.);
#7292 = ORIENTED_EDGE('',*,*,#963,.F.);
#7293 = PLANE('',#7294);
#7294 = AXIS2_PLACEMENT_3D('',#7295,#7296,#7297);
#7295 = CARTESIAN_POINT('',(1.165,-22.86,-14.3));
#7296 = DIRECTION('',(1.,0.,-0.));
#7297 = DIRECTION('',(0.,0.,1.));
#7298 = ADVANCED_FACE('',(#7299),#7305,.F.);
#7299 = FACE_BOUND('',#7300,.F.);
#7300 = EDGE_LOOP('',(#7301,#7302,#7303,#7304));
#7301 = ORIENTED_EDGE('',*,*,#7268,.T.);
#7302 = ORIENTED_EDGE('',*,*,#954,.F.);
#7303 = ORIENTED_EDGE('',*,*,#7285,.F.);
#7304 = ORIENTED_EDGE('',*,*,#3865,.T.);
#7305 = CYLINDRICAL_SURFACE('',#7306,1.375);
#7306 = AXIS2_PLACEMENT_3D('',#7307,#7308,#7309);
#7307 = CARTESIAN_POINT('',(2.54,-22.86,-14.3));
#7308 = DIRECTION('',(0.,0.,1.));
#7309 = DIRECTION('',(1.,0.,-0.));
#7310 = ADVANCED_FACE('',(#7311),#7327,.F.);
#7311 = FACE_BOUND('',#7312,.F.);
#7312 = EDGE_LOOP('',(#7313,#7314,#7320,#7321));
#7313 = ORIENTED_EDGE('',*,*,#971,.F.);
#7314 = ORIENTED_EDGE('',*,*,#7315,.F.);
#7315 = EDGE_CURVE('',#3883,#972,#7316,.T.);
#7316 = LINE('',#7317,#7318);
#7317 = CARTESIAN_POINT('',(14.075,-22.86,-14.3));
#7318 = VECTOR('',#7319,1.);
#7319 = DIRECTION('',(0.,0.,1.));
#7320 = ORIENTED_EDGE('',*,*,#3882,.T.);
#7321 = ORIENTED_EDGE('',*,*,#7322,.T.);
#7322 = EDGE_CURVE('',#3885,#974,#7323,.T.);
#7323 = LINE('',#7324,#7325);
#7324 = CARTESIAN_POINT('',(11.325,-22.86,-14.3));
#7325 = VECTOR('',#7326,1.);
#7326 = DIRECTION('',(0.,0.,1.));
#7327 = CYLINDRICAL_SURFACE('',#7328,1.375);
#7328 = AXIS2_PLACEMENT_3D('',#7329,#7330,#7331);
#7329 = CARTESIAN_POINT('',(12.7,-22.86,-14.3));
#7330 = DIRECTION('',(0.,0.,1.));
#7331 = DIRECTION('',(1.,0.,-0.));
#7332 = ADVANCED_FACE('',(#7333),#7344,.F.);
#7333 = FACE_BOUND('',#7334,.F.);
#7334 = EDGE_LOOP('',(#7335,#7341,#7342,#7343));
#7335 = ORIENTED_EDGE('',*,*,#7336,.F.);
#7336 = EDGE_CURVE('',#3894,#983,#7337,.T.);
#7337 = LINE('',#7338,#7339);
#7338 = CARTESIAN_POINT('',(14.075,-27.94,-14.3));
#7339 = VECTOR('',#7340,1.);
#7340 = DIRECTION('',(0.,0.,1.));
#7341 = ORIENTED_EDGE('',*,*,#3893,.T.);
#7342 = ORIENTED_EDGE('',*,*,#7315,.T.);
#7343 = ORIENTED_EDGE('',*,*,#982,.F.);
#7344 = PLANE('',#7345);
#7345 = AXIS2_PLACEMENT_3D('',#7346,#7347,#7348);
#7346 = CARTESIAN_POINT('',(14.075,-27.94,-14.3));
#7347 = DIRECTION('',(1.,0.,-0.));
#7348 = DIRECTION('',(0.,0.,1.));
#7349 = ADVANCED_FACE('',(#7350),#7361,.T.);
#7350 = FACE_BOUND('',#7351,.T.);
#7351 = EDGE_LOOP('',(#7352,#7358,#7359,#7360));
#7352 = ORIENTED_EDGE('',*,*,#7353,.F.);
#7353 = EDGE_CURVE('',#3902,#991,#7354,.T.);
#7354 = LINE('',#7355,#7356);
#7355 = CARTESIAN_POINT('',(11.325,-27.94,-14.3));
#7356 = VECTOR('',#7357,1.);
#7357 = DIRECTION('',(0.,0.,1.));
#7358 = ORIENTED_EDGE('',*,*,#3910,.T.);
#7359 = ORIENTED_EDGE('',*,*,#7322,.T.);
#7360 = ORIENTED_EDGE('',*,*,#999,.F.);
#7361 = PLANE('',#7362);
#7362 = AXIS2_PLACEMENT_3D('',#7363,#7364,#7365);
#7363 = CARTESIAN_POINT('',(11.325,-27.94,-14.3));
#7364 = DIRECTION('',(1.,0.,-0.));
#7365 = DIRECTION('',(0.,0.,1.));
#7366 = ADVANCED_FACE('',(#7367),#7373,.F.);
#7367 = FACE_BOUND('',#7368,.F.);
#7368 = EDGE_LOOP('',(#7369,#7370,#7371,#7372));
#7369 = ORIENTED_EDGE('',*,*,#7336,.T.);
#7370 = ORIENTED_EDGE('',*,*,#990,.F.);
#7371 = ORIENTED_EDGE('',*,*,#7353,.F.);
#7372 = ORIENTED_EDGE('',*,*,#3901,.T.);
#7373 = CYLINDRICAL_SURFACE('',#7374,1.375);
#7374 = AXIS2_PLACEMENT_3D('',#7375,#7376,#7377);
#7375 = CARTESIAN_POINT('',(12.7,-27.94,-14.3));
#7376 = DIRECTION('',(0.,0.,1.));
#7377 = DIRECTION('',(1.,0.,-0.));
#7378 = ADVANCED_FACE('',(#7379),#7395,.F.);
#7379 = FACE_BOUND('',#7380,.F.);
#7380 = EDGE_LOOP('',(#7381,#7382,#7388,#7389));
#7381 = ORIENTED_EDGE('',*,*,#1007,.F.);
#7382 = ORIENTED_EDGE('',*,*,#7383,.F.);
#7383 = EDGE_CURVE('',#3919,#1008,#7384,.T.);
#7384 = LINE('',#7385,#7386);
#7385 = CARTESIAN_POINT('',(19.155,-17.78,-14.3));
#7386 = VECTOR('',#7387,1.);
#7387 = DIRECTION('',(0.,0.,1.));
#7388 = ORIENTED_EDGE('',*,*,#3918,.T.);
#7389 = ORIENTED_EDGE('',*,*,#7390,.T.);
#7390 = EDGE_CURVE('',#3921,#1010,#7391,.T.);
#7391 = LINE('',#7392,#7393);
#7392 = CARTESIAN_POINT('',(16.405,-17.78,-14.3));
#7393 = VECTOR('',#7394,1.);
#7394 = DIRECTION('',(0.,0.,1.));
#7395 = CYLINDRICAL_SURFACE('',#7396,1.375);
#7396 = AXIS2_PLACEMENT_3D('',#7397,#7398,#7399);
#7397 = CARTESIAN_POINT('',(17.78,-17.78,-14.3));
#7398 = DIRECTION('',(0.,0.,1.));
#7399 = DIRECTION('',(1.,0.,-0.));
#7400 = ADVANCED_FACE('',(#7401),#7412,.F.);
#7401 = FACE_BOUND('',#7402,.F.);
#7402 = EDGE_LOOP('',(#7403,#7409,#7410,#7411));
#7403 = ORIENTED_EDGE('',*,*,#7404,.F.);
#7404 = EDGE_CURVE('',#3930,#1019,#7405,.T.);
#7405 = LINE('',#7406,#7407);
#7406 = CARTESIAN_POINT('',(19.155,-22.86,-14.3));
#7407 = VECTOR('',#7408,1.);
#7408 = DIRECTION('',(0.,0.,1.));
#7409 = ORIENTED_EDGE('',*,*,#3929,.T.);
#7410 = ORIENTED_EDGE('',*,*,#7383,.T.);
#7411 = ORIENTED_EDGE('',*,*,#1018,.F.);
#7412 = PLANE('',#7413);
#7413 = AXIS2_PLACEMENT_3D('',#7414,#7415,#7416);
#7414 = CARTESIAN_POINT('',(19.155,-22.86,-14.3));
#7415 = DIRECTION('',(1.,0.,-0.));
#7416 = DIRECTION('',(0.,0.,1.));
#7417 = ADVANCED_FACE('',(#7418),#7429,.T.);
#7418 = FACE_BOUND('',#7419,.T.);
#7419 = EDGE_LOOP('',(#7420,#7426,#7427,#7428));
#7420 = ORIENTED_EDGE('',*,*,#7421,.F.);
#7421 = EDGE_CURVE('',#3938,#1027,#7422,.T.);
#7422 = LINE('',#7423,#7424);
#7423 = CARTESIAN_POINT('',(16.405,-22.86,-14.3));
#7424 = VECTOR('',#7425,1.);
#7425 = DIRECTION('',(0.,0.,1.));
#7426 = ORIENTED_EDGE('',*,*,#3946,.T.);
#7427 = ORIENTED_EDGE('',*,*,#7390,.T.);
#7428 = ORIENTED_EDGE('',*,*,#1035,.F.);
#7429 = PLANE('',#7430);
#7430 = AXIS2_PLACEMENT_3D('',#7431,#7432,#7433);
#7431 = CARTESIAN_POINT('',(16.405,-22.86,-14.3));
#7432 = DIRECTION('',(1.,0.,-0.));
#7433 = DIRECTION('',(0.,0.,1.));
#7434 = ADVANCED_FACE('',(#7435),#7441,.F.);
#7435 = FACE_BOUND('',#7436,.F.);
#7436 = EDGE_LOOP('',(#7437,#7438,#7439,#7440));
#7437 = ORIENTED_EDGE('',*,*,#7404,.T.);
#7438 = ORIENTED_EDGE('',*,*,#1026,.F.);
#7439 = ORIENTED_EDGE('',*,*,#7421,.F.);
#7440 = ORIENTED_EDGE('',*,*,#3937,.T.);
#7441 = CYLINDRICAL_SURFACE('',#7442,1.375);
#7442 = AXIS2_PLACEMENT_3D('',#7443,#7444,#7445);
#7443 = CARTESIAN_POINT('',(17.78,-22.86,-14.3));
#7444 = DIRECTION('',(0.,0.,1.));
#7445 = DIRECTION('',(1.,0.,-0.));
#7446 = ADVANCED_FACE('',(#7447),#7463,.F.);
#7447 = FACE_BOUND('',#7448,.F.);
#7448 = EDGE_LOOP('',(#7449,#7450,#7456,#7457));
#7449 = ORIENTED_EDGE('',*,*,#1043,.F.);
#7450 = ORIENTED_EDGE('',*,*,#7451,.F.);
#7451 = EDGE_CURVE('',#3955,#1044,#7452,.T.);
#7452 = LINE('',#7453,#7454);
#7453 = CARTESIAN_POINT('',(17.78,-26.565,-14.3));
#7454 = VECTOR('',#7455,1.);
#7455 = DIRECTION('',(0.,0.,1.));
#7456 = ORIENTED_EDGE('',*,*,#3954,.T.);
#7457 = ORIENTED_EDGE('',*,*,#7458,.T.);
#7458 = EDGE_CURVE('',#3957,#1046,#7459,.T.);
#7459 = LINE('',#7460,#7461);
#7460 = CARTESIAN_POINT('',(17.78,-29.315,-14.3));
#7461 = VECTOR('',#7462,1.);
#7462 = DIRECTION('',(0.,0.,1.));
#7463 = CYLINDRICAL_SURFACE('',#7464,1.375);
#7464 = AXIS2_PLACEMENT_3D('',#7465,#7466,#7467);
#7465 = CARTESIAN_POINT('',(17.78,-27.94,-14.3));
#7466 = DIRECTION('',(0.,0.,1.));
#7467 = DIRECTION('',(1.,0.,-0.));
#7468 = ADVANCED_FACE('',(#7469),#7480,.F.);
#7469 = FACE_BOUND('',#7470,.F.);
#7470 = EDGE_LOOP('',(#7471,#7472,#7473,#7474));
#7471 = ORIENTED_EDGE('',*,*,#3965,.T.);
#7472 = ORIENTED_EDGE('',*,*,#7451,.T.);
#7473 = ORIENTED_EDGE('',*,*,#1054,.F.);
#7474 = ORIENTED_EDGE('',*,*,#7475,.F.);
#7475 = EDGE_CURVE('',#3966,#1055,#7476,.T.);
#7476 = LINE('',#7477,#7478);
#7477 = CARTESIAN_POINT('',(22.86,-26.565,-14.3));
#7478 = VECTOR('',#7479,1.);
#7479 = DIRECTION('',(0.,0.,1.));
#7480 = PLANE('',#7481);
#7481 = AXIS2_PLACEMENT_3D('',#7482,#7483,#7484);
#7482 = CARTESIAN_POINT('',(17.78,-26.565,-14.3));
#7483 = DIRECTION('',(-0.,1.,0.));
#7484 = DIRECTION('',(0.,0.,1.));
#7485 = ADVANCED_FACE('',(#7486),#7497,.T.);
#7486 = FACE_BOUND('',#7487,.T.);
#7487 = EDGE_LOOP('',(#7488,#7489,#7490,#7491));
#7488 = ORIENTED_EDGE('',*,*,#3991,.T.);
#7489 = ORIENTED_EDGE('',*,*,#7458,.T.);
#7490 = ORIENTED_EDGE('',*,*,#1080,.F.);
#7491 = ORIENTED_EDGE('',*,*,#7492,.F.);
#7492 = EDGE_CURVE('',#3983,#1072,#7493,.T.);
#7493 = LINE('',#7494,#7495);
#7494 = CARTESIAN_POINT('',(22.86,-29.315,-14.3));
#7495 = VECTOR('',#7496,1.);
#7496 = DIRECTION('',(0.,0.,1.));
#7497 = PLANE('',#7498);
#7498 = AXIS2_PLACEMENT_3D('',#7499,#7500,#7501);
#7499 = CARTESIAN_POINT('',(17.78,-29.315,-14.3));
#7500 = DIRECTION('',(-0.,1.,0.));
#7501 = DIRECTION('',(0.,0.,1.));
#7502 = ADVANCED_FACE('',(#7503),#7514,.F.);
#7503 = FACE_BOUND('',#7504,.F.);
#7504 = EDGE_LOOP('',(#7505,#7506,#7512,#7513));
#7505 = ORIENTED_EDGE('',*,*,#1088,.F.);
#7506 = ORIENTED_EDGE('',*,*,#7507,.F.);
#7507 = EDGE_CURVE('',#4011,#1089,#7508,.T.);
#7508 = LINE('',#7509,#7510);
#7509 = CARTESIAN_POINT('',(24.235,-22.86,-14.3));
#7510 = VECTOR('',#7511,1.);
#7511 = DIRECTION('',(0.,0.,1.));
#7512 = ORIENTED_EDGE('',*,*,#4010,.T.);
#7513 = ORIENTED_EDGE('',*,*,#7507,.T.);
#7514 = CYLINDRICAL_SURFACE('',#7515,1.375);
#7515 = AXIS2_PLACEMENT_3D('',#7516,#7517,#7518);
#7516 = CARTESIAN_POINT('',(22.86,-22.86,-14.3));
#7517 = DIRECTION('',(0.,0.,1.));
#7518 = DIRECTION('',(1.,0.,-0.));
#7519 = ADVANCED_FACE('',(#7520),#7536,.F.);
#7520 = FACE_BOUND('',#7521,.F.);
#7521 = EDGE_LOOP('',(#7522,#7523,#7529,#7530));
#7522 = ORIENTED_EDGE('',*,*,#1099,.F.);
#7523 = ORIENTED_EDGE('',*,*,#7524,.F.);
#7524 = EDGE_CURVE('',#4022,#1100,#7525,.T.);
#7525 = LINE('',#7526,#7527);
#7526 = CARTESIAN_POINT('',(29.315,-22.86,-14.3));
#7527 = VECTOR('',#7528,1.);
#7528 = DIRECTION('',(0.,0.,1.));
#7529 = ORIENTED_EDGE('',*,*,#4021,.T.);
#7530 = ORIENTED_EDGE('',*,*,#7531,.T.);
#7531 = EDGE_CURVE('',#4024,#1102,#7532,.T.);
#7532 = LINE('',#7533,#7534);
#7533 = CARTESIAN_POINT('',(26.565,-22.86,-14.3));
#7534 = VECTOR('',#7535,1.);
#7535 = DIRECTION('',(0.,0.,1.));
#7536 = CYLINDRICAL_SURFACE('',#7537,1.375);
#7537 = AXIS2_PLACEMENT_3D('',#7538,#7539,#7540);
#7538 = CARTESIAN_POINT('',(27.94,-22.86,-14.3));
#7539 = DIRECTION('',(0.,0.,1.));
#7540 = DIRECTION('',(1.,0.,-0.));
#7541 = ADVANCED_FACE('',(#7542),#7553,.F.);
#7542 = FACE_BOUND('',#7543,.F.);
#7543 = EDGE_LOOP('',(#7544,#7550,#7551,#7552));
#7544 = ORIENTED_EDGE('',*,*,#7545,.F.);
#7545 = EDGE_CURVE('',#4033,#1111,#7546,.T.);
#7546 = LINE('',#7547,#7548);
#7547 = CARTESIAN_POINT('',(29.315,-27.94,-14.3));
#7548 = VECTOR('',#7549,1.);
#7549 = DIRECTION('',(0.,0.,1.));
#7550 = ORIENTED_EDGE('',*,*,#4032,.T.);
#7551 = ORIENTED_EDGE('',*,*,#7524,.T.);
#7552 = ORIENTED_EDGE('',*,*,#1110,.F.);
#7553 = PLANE('',#7554);
#7554 = AXIS2_PLACEMENT_3D('',#7555,#7556,#7557);
#7555 = CARTESIAN_POINT('',(29.315,-27.94,-14.3));
#7556 = DIRECTION('',(1.,0.,-0.));
#7557 = DIRECTION('',(0.,0.,1.));
#7558 = ADVANCED_FACE('',(#7559),#7570,.T.);
#7559 = FACE_BOUND('',#7560,.T.);
#7560 = EDGE_LOOP('',(#7561,#7567,#7568,#7569));
#7561 = ORIENTED_EDGE('',*,*,#7562,.F.);
#7562 = EDGE_CURVE('',#4041,#1119,#7563,.T.);
#7563 = LINE('',#7564,#7565);
#7564 = CARTESIAN_POINT('',(26.565,-27.94,-14.3));
#7565 = VECTOR('',#7566,1.);
#7566 = DIRECTION('',(0.,0.,1.));
#7567 = ORIENTED_EDGE('',*,*,#4049,.T.);
#7568 = ORIENTED_EDGE('',*,*,#7531,.T.);
#7569 = ORIENTED_EDGE('',*,*,#1127,.F.);
#7570 = PLANE('',#7571);
#7571 = AXIS2_PLACEMENT_3D('',#7572,#7573,#7574);
#7572 = CARTESIAN_POINT('',(26.565,-27.94,-14.3));
#7573 = DIRECTION('',(1.,0.,-0.));
#7574 = DIRECTION('',(0.,0.,1.));
#7575 = ADVANCED_FACE('',(#7576),#7582,.F.);
#7576 = FACE_BOUND('',#7577,.F.);
#7577 = EDGE_LOOP('',(#7578,#7579,#7580,#7581));
#7578 = ORIENTED_EDGE('',*,*,#7545,.T.);
#7579 = ORIENTED_EDGE('',*,*,#1118,.F.);
#7580 = ORIENTED_EDGE('',*,*,#7562,.F.);
#7581 = ORIENTED_EDGE('',*,*,#4040,.T.);
#7582 = CYLINDRICAL_SURFACE('',#7583,1.375);
#7583 = AXIS2_PLACEMENT_3D('',#7584,#7585,#7586);
#7584 = CARTESIAN_POINT('',(27.94,-27.94,-14.3));
#7585 = DIRECTION('',(0.,0.,1.));
#7586 = DIRECTION('',(1.,0.,-0.));
#7587 = ADVANCED_FACE('',(#7588),#7604,.F.);
#7588 = FACE_BOUND('',#7589,.F.);
#7589 = EDGE_LOOP('',(#7590,#7591,#7597,#7598));
#7590 = ORIENTED_EDGE('',*,*,#1135,.F.);
#7591 = ORIENTED_EDGE('',*,*,#7592,.F.);
#7592 = EDGE_CURVE('',#4058,#1136,#7593,.T.);
#7593 = LINE('',#7594,#7595);
#7594 = CARTESIAN_POINT('',(2.54,-11.325,-14.3));
#7595 = VECTOR('',#7596,1.);
#7596 = DIRECTION('',(0.,0.,1.));
#7597 = ORIENTED_EDGE('',*,*,#4057,.T.);
#7598 = ORIENTED_EDGE('',*,*,#7599,.T.);
#7599 = EDGE_CURVE('',#4060,#1138,#7600,.T.);
#7600 = LINE('',#7601,#7602);
#7601 = CARTESIAN_POINT('',(2.54,-14.075,-14.3));
#7602 = VECTOR('',#7603,1.);
#7603 = DIRECTION('',(0.,0.,1.));
#7604 = CYLINDRICAL_SURFACE('',#7605,1.375);
#7605 = AXIS2_PLACEMENT_3D('',#7606,#7607,#7608);
#7606 = CARTESIAN_POINT('',(2.54,-12.7,-14.3));
#7607 = DIRECTION('',(0.,0.,1.));
#7608 = DIRECTION('',(1.,0.,-0.));
#7609 = ADVANCED_FACE('',(#7610),#7621,.F.);
#7610 = FACE_BOUND('',#7611,.F.);
#7611 = EDGE_LOOP('',(#7612,#7613,#7614,#7615));
#7612 = ORIENTED_EDGE('',*,*,#4068,.T.);
#7613 = ORIENTED_EDGE('',*,*,#7592,.T.);
#7614 = ORIENTED_EDGE('',*,*,#1146,.F.);
#7615 = ORIENTED_EDGE('',*,*,#7616,.F.);
#7616 = EDGE_CURVE('',#4069,#1147,#7617,.T.);
#7617 = LINE('',#7618,#7619);
#7618 = CARTESIAN_POINT('',(7.62,-11.325,-14.3));
#7619 = VECTOR('',#7620,1.);
#7620 = DIRECTION('',(0.,0.,1.));
#7621 = PLANE('',#7622);
#7622 = AXIS2_PLACEMENT_3D('',#7623,#7624,#7625);
#7623 = CARTESIAN_POINT('',(2.54,-11.325,-14.3));
#7624 = DIRECTION('',(-0.,1.,0.));
#7625 = DIRECTION('',(0.,0.,1.));
#7626 = ADVANCED_FACE('',(#7627),#7638,.T.);
#7627 = FACE_BOUND('',#7628,.T.);
#7628 = EDGE_LOOP('',(#7629,#7630,#7631,#7632));
#7629 = ORIENTED_EDGE('',*,*,#4094,.T.);
#7630 = ORIENTED_EDGE('',*,*,#7599,.T.);
#7631 = ORIENTED_EDGE('',*,*,#1172,.F.);
#7632 = ORIENTED_EDGE('',*,*,#7633,.F.);
#7633 = EDGE_CURVE('',#4086,#1164,#7634,.T.);
#7634 = LINE('',#7635,#7636);
#7635 = CARTESIAN_POINT('',(7.62,-14.075,-14.3));
#7636 = VECTOR('',#7637,1.);
#7637 = DIRECTION('',(0.,0.,1.));
#7638 = PLANE('',#7639);
#7639 = AXIS2_PLACEMENT_3D('',#7640,#7641,#7642);
#7640 = CARTESIAN_POINT('',(2.54,-14.075,-14.3));
#7641 = DIRECTION('',(-0.,1.,0.));
#7642 = DIRECTION('',(0.,0.,1.));
#7643 = ADVANCED_FACE('',(#7644),#7660,.F.);
#7644 = FACE_BOUND('',#7645,.F.);
#7645 = EDGE_LOOP('',(#7646,#7647,#7653,#7654));
#7646 = ORIENTED_EDGE('',*,*,#1180,.F.);
#7647 = ORIENTED_EDGE('',*,*,#7648,.F.);
#7648 = EDGE_CURVE('',#4103,#1181,#7649,.T.);
#7649 = LINE('',#7650,#7651);
#7650 = CARTESIAN_POINT('',(7.62,-16.405,-14.3));
#7651 = VECTOR('',#7652,1.);
#7652 = DIRECTION('',(0.,0.,1.));
#7653 = ORIENTED_EDGE('',*,*,#4102,.T.);
#7654 = ORIENTED_EDGE('',*,*,#7655,.T.);
#7655 = EDGE_CURVE('',#4105,#1183,#7656,.T.);
#7656 = LINE('',#7657,#7658);
#7657 = CARTESIAN_POINT('',(7.62,-19.155,-14.3));
#7658 = VECTOR('',#7659,1.);
#7659 = DIRECTION('',(0.,0.,1.));
#7660 = CYLINDRICAL_SURFACE('',#7661,1.375);
#7661 = AXIS2_PLACEMENT_3D('',#7662,#7663,#7664);
#7662 = CARTESIAN_POINT('',(7.62,-17.78,-14.3));
#7663 = DIRECTION('',(0.,0.,1.));
#7664 = DIRECTION('',(1.,0.,-0.));
#7665 = ADVANCED_FACE('',(#7666),#7677,.F.);
#7666 = FACE_BOUND('',#7667,.F.);
#7667 = EDGE_LOOP('',(#7668,#7669,#7670,#7671));
#7668 = ORIENTED_EDGE('',*,*,#4113,.T.);
#7669 = ORIENTED_EDGE('',*,*,#7648,.T.);
#7670 = ORIENTED_EDGE('',*,*,#1191,.F.);
#7671 = ORIENTED_EDGE('',*,*,#7672,.F.);
#7672 = EDGE_CURVE('',#4114,#1192,#7673,.T.);
#7673 = LINE('',#7674,#7675);
#7674 = CARTESIAN_POINT('',(12.7,-16.405,-14.3));
#7675 = VECTOR('',#7676,1.);
#7676 = DIRECTION('',(0.,0.,1.));
#7677 = PLANE('',#7678);
#7678 = AXIS2_PLACEMENT_3D('',#7679,#7680,#7681);
#7679 = CARTESIAN_POINT('',(7.62,-16.405,-14.3));
#7680 = DIRECTION('',(-0.,1.,0.));
#7681 = DIRECTION('',(0.,0.,1.));
#7682 = ADVANCED_FACE('',(#7683),#7694,.T.);
#7683 = FACE_BOUND('',#7684,.T.);
#7684 = EDGE_LOOP('',(#7685,#7686,#7687,#7688));
#7685 = ORIENTED_EDGE('',*,*,#4139,.T.);
#7686 = ORIENTED_EDGE('',*,*,#7655,.T.);
#7687 = ORIENTED_EDGE('',*,*,#1217,.F.);
#7688 = ORIENTED_EDGE('',*,*,#7689,.F.);
#7689 = EDGE_CURVE('',#4131,#1209,#7690,.T.);
#7690 = LINE('',#7691,#7692);
#7691 = CARTESIAN_POINT('',(12.7,-19.155,-14.3));
#7692 = VECTOR('',#7693,1.);
#7693 = DIRECTION('',(0.,0.,1.));
#7694 = PLANE('',#7695);
#7695 = AXIS2_PLACEMENT_3D('',#7696,#7697,#7698);
#7696 = CARTESIAN_POINT('',(7.62,-19.155,-14.3));
#7697 = DIRECTION('',(-0.,1.,0.));
#7698 = DIRECTION('',(0.,0.,1.));
#7699 = ADVANCED_FACE('',(#7700),#7716,.F.);
#7700 = FACE_BOUND('',#7701,.F.);
#7701 = EDGE_LOOP('',(#7702,#7703,#7709,#7710));
#7702 = ORIENTED_EDGE('',*,*,#1225,.F.);
#7703 = ORIENTED_EDGE('',*,*,#7704,.F.);
#7704 = EDGE_CURVE('',#4148,#1226,#7705,.T.);
#7705 = LINE('',#7706,#7707);
#7706 = CARTESIAN_POINT('',(14.075,-7.62,-14.3));
#7707 = VECTOR('',#7708,1.);
#7708 = DIRECTION('',(0.,0.,1.));
#7709 = ORIENTED_EDGE('',*,*,#4147,.T.);
#7710 = ORIENTED_EDGE('',*,*,#7711,.T.);
#7711 = EDGE_CURVE('',#4150,#1228,#7712,.T.);
#7712 = LINE('',#7713,#7714);
#7713 = CARTESIAN_POINT('',(11.325,-7.62,-14.3));
#7714 = VECTOR('',#7715,1.);
#7715 = DIRECTION('',(0.,0.,1.));
#7716 = CYLINDRICAL_SURFACE('',#7717,1.375);
#7717 = AXIS2_PLACEMENT_3D('',#7718,#7719,#7720);
#7718 = CARTESIAN_POINT('',(12.7,-7.62,-14.3));
#7719 = DIRECTION('',(0.,0.,1.));
#7720 = DIRECTION('',(1.,0.,-0.));
#7721 = ADVANCED_FACE('',(#7722),#7733,.F.);
#7722 = FACE_BOUND('',#7723,.F.);
#7723 = EDGE_LOOP('',(#7724,#7730,#7731,#7732));
#7724 = ORIENTED_EDGE('',*,*,#7725,.F.);
#7725 = EDGE_CURVE('',#4159,#1237,#7726,.T.);
#7726 = LINE('',#7727,#7728);
#7727 = CARTESIAN_POINT('',(14.075,-12.7,-14.3));
#7728 = VECTOR('',#7729,1.);
#7729 = DIRECTION('',(0.,0.,1.));
#7730 = ORIENTED_EDGE('',*,*,#4158,.T.);
#7731 = ORIENTED_EDGE('',*,*,#7704,.T.);
#7732 = ORIENTED_EDGE('',*,*,#1236,.F.);
#7733 = PLANE('',#7734);
#7734 = AXIS2_PLACEMENT_3D('',#7735,#7736,#7737);
#7735 = CARTESIAN_POINT('',(14.075,-12.7,-14.3));
#7736 = DIRECTION('',(1.,0.,-0.));
#7737 = DIRECTION('',(0.,0.,1.));
#7738 = ADVANCED_FACE('',(#7739),#7750,.T.);
#7739 = FACE_BOUND('',#7740,.T.);
#7740 = EDGE_LOOP('',(#7741,#7747,#7748,#7749));
#7741 = ORIENTED_EDGE('',*,*,#7742,.F.);
#7742 = EDGE_CURVE('',#4167,#1245,#7743,.T.);
#7743 = LINE('',#7744,#7745);
#7744 = CARTESIAN_POINT('',(11.325,-12.7,-14.3));
#7745 = VECTOR('',#7746,1.);
#7746 = DIRECTION('',(0.,0.,1.));
#7747 = ORIENTED_EDGE('',*,*,#4175,.T.);
#7748 = ORIENTED_EDGE('',*,*,#7711,.T.);
#7749 = ORIENTED_EDGE('',*,*,#1253,.F.);
#7750 = PLANE('',#7751);
#7751 = AXIS2_PLACEMENT_3D('',#7752,#7753,#7754);
#7752 = CARTESIAN_POINT('',(11.325,-12.7,-14.3));
#7753 = DIRECTION('',(1.,0.,-0.));
#7754 = DIRECTION('',(0.,0.,1.));
#7755 = ADVANCED_FACE('',(#7756),#7762,.F.);
#7756 = FACE_BOUND('',#7757,.F.);
#7757 = EDGE_LOOP('',(#7758,#7759,#7760,#7761));
#7758 = ORIENTED_EDGE('',*,*,#7725,.T.);
#7759 = ORIENTED_EDGE('',*,*,#1244,.F.);
#7760 = ORIENTED_EDGE('',*,*,#7742,.F.);
#7761 = ORIENTED_EDGE('',*,*,#4166,.T.);
#7762 = CYLINDRICAL_SURFACE('',#7763,1.375);
#7763 = AXIS2_PLACEMENT_3D('',#7764,#7765,#7766);
#7764 = CARTESIAN_POINT('',(12.7,-12.7,-14.3));
#7765 = DIRECTION('',(0.,0.,1.));
#7766 = DIRECTION('',(1.,0.,-0.));
#7767 = ADVANCED_FACE('',(#7768),#7784,.F.);
#7768 = FACE_BOUND('',#7769,.F.);
#7769 = EDGE_LOOP('',(#7770,#7771,#7777,#7778));
#7770 = ORIENTED_EDGE('',*,*,#1261,.F.);
#7771 = ORIENTED_EDGE('',*,*,#7772,.F.);
#7772 = EDGE_CURVE('',#4184,#1262,#7773,.T.);
#7773 = LINE('',#7774,#7775);
#7774 = CARTESIAN_POINT('',(3.915,-2.54,-14.3));
#7775 = VECTOR('',#7776,1.);
#7776 = DIRECTION('',(0.,0.,1.));
#7777 = ORIENTED_EDGE('',*,*,#4183,.T.);
#7778 = ORIENTED_EDGE('',*,*,#7779,.T.);
#7779 = EDGE_CURVE('',#4186,#1264,#7780,.T.);
#7780 = LINE('',#7781,#7782);
#7781 = CARTESIAN_POINT('',(1.165,-2.54,-14.3));
#7782 = VECTOR('',#7783,1.);
#7783 = DIRECTION('',(0.,0.,1.));
#7784 = CYLINDRICAL_SURFACE('',#7785,1.375);
#7785 = AXIS2_PLACEMENT_3D('',#7786,#7787,#7788);
#7786 = CARTESIAN_POINT('',(2.54,-2.54,-14.3));
#7787 = DIRECTION('',(0.,0.,1.));
#7788 = DIRECTION('',(1.,0.,-0.));
#7789 = ADVANCED_FACE('',(#7790),#7801,.F.);
#7790 = FACE_BOUND('',#7791,.F.);
#7791 = EDGE_LOOP('',(#7792,#7798,#7799,#7800));
#7792 = ORIENTED_EDGE('',*,*,#7793,.F.);
#7793 = EDGE_CURVE('',#4195,#1273,#7794,.T.);
#7794 = LINE('',#7795,#7796);
#7795 = CARTESIAN_POINT('',(3.915,-7.62,-14.3));
#7796 = VECTOR('',#7797,1.);
#7797 = DIRECTION('',(0.,0.,1.));
#7798 = ORIENTED_EDGE('',*,*,#4194,.T.);
#7799 = ORIENTED_EDGE('',*,*,#7772,.T.);
#7800 = ORIENTED_EDGE('',*,*,#1272,.F.);
#7801 = PLANE('',#7802);
#7802 = AXIS2_PLACEMENT_3D('',#7803,#7804,#7805);
#7803 = CARTESIAN_POINT('',(3.915,-7.62,-14.3));
#7804 = DIRECTION('',(1.,0.,-0.));
#7805 = DIRECTION('',(0.,0.,1.));
#7806 = ADVANCED_FACE('',(#7807),#7818,.T.);
#7807 = FACE_BOUND('',#7808,.T.);
#7808 = EDGE_LOOP('',(#7809,#7815,#7816,#7817));
#7809 = ORIENTED_EDGE('',*,*,#7810,.F.);
#7810 = EDGE_CURVE('',#4203,#1281,#7811,.T.);
#7811 = LINE('',#7812,#7813);
#7812 = CARTESIAN_POINT('',(1.165,-7.62,-14.3));
#7813 = VECTOR('',#7814,1.);
#7814 = DIRECTION('',(0.,0.,1.));
#7815 = ORIENTED_EDGE('',*,*,#4211,.T.);
#7816 = ORIENTED_EDGE('',*,*,#7779,.T.);
#7817 = ORIENTED_EDGE('',*,*,#1289,.F.);
#7818 = PLANE('',#7819);
#7819 = AXIS2_PLACEMENT_3D('',#7820,#7821,#7822);
#7820 = CARTESIAN_POINT('',(1.165,-7.62,-14.3));
#7821 = DIRECTION('',(1.,0.,-0.));
#7822 = DIRECTION('',(0.,0.,1.));
#7823 = ADVANCED_FACE('',(#7824),#7830,.F.);
#7824 = FACE_BOUND('',#7825,.F.);
#7825 = EDGE_LOOP('',(#7826,#7827,#7828,#7829));
#7826 = ORIENTED_EDGE('',*,*,#7793,.T.);
#7827 = ORIENTED_EDGE('',*,*,#1280,.F.);
#7828 = ORIENTED_EDGE('',*,*,#7810,.F.);
#7829 = ORIENTED_EDGE('',*,*,#4202,.T.);
#7830 = CYLINDRICAL_SURFACE('',#7831,1.375);
#7831 = AXIS2_PLACEMENT_3D('',#7832,#7833,#7834);
#7832 = CARTESIAN_POINT('',(2.54,-7.62,-14.3));
#7833 = DIRECTION('',(0.,0.,1.));
#7834 = DIRECTION('',(1.,0.,-0.));
#7835 = ADVANCED_FACE('',(#7836),#7847,.F.);
#7836 = FACE_BOUND('',#7837,.F.);
#7837 = EDGE_LOOP('',(#7838,#7839,#7845,#7846));
#7838 = ORIENTED_EDGE('',*,*,#1297,.F.);
#7839 = ORIENTED_EDGE('',*,*,#7840,.F.);
#7840 = EDGE_CURVE('',#4220,#1298,#7841,.T.);
#7841 = LINE('',#7842,#7843);
#7842 = CARTESIAN_POINT('',(8.995,-7.62,-14.3));
#7843 = VECTOR('',#7844,1.);
#7844 = DIRECTION('',(0.,0.,1.));
#7845 = ORIENTED_EDGE('',*,*,#4219,.T.);
#7846 = ORIENTED_EDGE('',*,*,#7840,.T.);
#7847 = CYLINDRICAL_SURFACE('',#7848,1.375);
#7848 = AXIS2_PLACEMENT_3D('',#7849,#7850,#7851);
#7849 = CARTESIAN_POINT('',(7.62,-7.62,-14.3));
#7850 = DIRECTION('',(0.,0.,1.));
#7851 = DIRECTION('',(1.,0.,-0.));
#7852 = ADVANCED_FACE('',(#7853),#7869,.F.);
#7853 = FACE_BOUND('',#7854,.F.);
#7854 = EDGE_LOOP('',(#7855,#7856,#7862,#7863));
#7855 = ORIENTED_EDGE('',*,*,#1308,.F.);
#7856 = ORIENTED_EDGE('',*,*,#7857,.F.);
#7857 = EDGE_CURVE('',#4231,#1309,#7858,.T.);
#7858 = LINE('',#7859,#7860);
#7859 = CARTESIAN_POINT('',(19.155,-2.54,-14.3));
#7860 = VECTOR('',#7861,1.);
#7861 = DIRECTION('',(0.,0.,1.));
#7862 = ORIENTED_EDGE('',*,*,#4230,.T.);
#7863 = ORIENTED_EDGE('',*,*,#7864,.T.);
#7864 = EDGE_CURVE('',#4233,#1311,#7865,.T.);
#7865 = LINE('',#7866,#7867);
#7866 = CARTESIAN_POINT('',(16.405,-2.54,-14.3));
#7867 = VECTOR('',#7868,1.);
#7868 = DIRECTION('',(0.,0.,1.));
#7869 = CYLINDRICAL_SURFACE('',#7870,1.375);
#7870 = AXIS2_PLACEMENT_3D('',#7871,#7872,#7873);
#7871 = CARTESIAN_POINT('',(17.78,-2.54,-14.3));
#7872 = DIRECTION('',(0.,0.,1.));
#7873 = DIRECTION('',(1.,0.,-0.));
#7874 = ADVANCED_FACE('',(#7875),#7886,.F.);
#7875 = FACE_BOUND('',#7876,.F.);
#7876 = EDGE_LOOP('',(#7877,#7883,#7884,#7885));
#7877 = ORIENTED_EDGE('',*,*,#7878,.F.);
#7878 = EDGE_CURVE('',#4242,#1320,#7879,.T.);
#7879 = LINE('',#7880,#7881);
#7880 = CARTESIAN_POINT('',(19.155,-7.62,-14.3));
#7881 = VECTOR('',#7882,1.);
#7882 = DIRECTION('',(0.,0.,1.));
#7883 = ORIENTED_EDGE('',*,*,#4241,.T.);
#7884 = ORIENTED_EDGE('',*,*,#7857,.T.);
#7885 = ORIENTED_EDGE('',*,*,#1319,.F.);
#7886 = PLANE('',#7887);
#7887 = AXIS2_PLACEMENT_3D('',#7888,#7889,#7890);
#7888 = CARTESIAN_POINT('',(19.155,-7.62,-14.3));
#7889 = DIRECTION('',(1.,0.,-0.));
#7890 = DIRECTION('',(0.,0.,1.));
#7891 = ADVANCED_FACE('',(#7892),#7903,.T.);
#7892 = FACE_BOUND('',#7893,.T.);
#7893 = EDGE_LOOP('',(#7894,#7900,#7901,#7902));
#7894 = ORIENTED_EDGE('',*,*,#7895,.F.);
#7895 = EDGE_CURVE('',#4250,#1328,#7896,.T.);
#7896 = LINE('',#7897,#7898);
#7897 = CARTESIAN_POINT('',(16.405,-7.62,-14.3));
#7898 = VECTOR('',#7899,1.);
#7899 = DIRECTION('',(0.,0.,1.));
#7900 = ORIENTED_EDGE('',*,*,#4258,.T.);
#7901 = ORIENTED_EDGE('',*,*,#7864,.T.);
#7902 = ORIENTED_EDGE('',*,*,#1336,.F.);
#7903 = PLANE('',#7904);
#7904 = AXIS2_PLACEMENT_3D('',#7905,#7906,#7907);
#7905 = CARTESIAN_POINT('',(16.405,-7.62,-14.3));
#7906 = DIRECTION('',(1.,0.,-0.));
#7907 = DIRECTION('',(0.,0.,1.));
#7908 = ADVANCED_FACE('',(#7909),#7915,.F.);
#7909 = FACE_BOUND('',#7910,.F.);
#7910 = EDGE_LOOP('',(#7911,#7912,#7913,#7914));
#7911 = ORIENTED_EDGE('',*,*,#7878,.T.);
#7912 = ORIENTED_EDGE('',*,*,#1327,.F.);
#7913 = ORIENTED_EDGE('',*,*,#7895,.F.);
#7914 = ORIENTED_EDGE('',*,*,#4249,.T.);
#7915 = CYLINDRICAL_SURFACE('',#7916,1.375);
#7916 = AXIS2_PLACEMENT_3D('',#7917,#7918,#7919);
#7917 = CARTESIAN_POINT('',(17.78,-7.62,-14.3));
#7918 = DIRECTION('',(0.,0.,1.));
#7919 = DIRECTION('',(1.,0.,-0.));
#7920 = ADVANCED_FACE('',(#7921),#7937,.F.);
#7921 = FACE_BOUND('',#7922,.F.);
#7922 = EDGE_LOOP('',(#7923,#7924,#7930,#7931));
#7923 = ORIENTED_EDGE('',*,*,#1344,.F.);
#7924 = ORIENTED_EDGE('',*,*,#7925,.F.);
#7925 = EDGE_CURVE('',#4267,#1345,#7926,.T.);
#7926 = LINE('',#7927,#7928);
#7927 = CARTESIAN_POINT('',(7.62,-1.165,-14.3));
#7928 = VECTOR('',#7929,1.);
#7929 = DIRECTION('',(0.,0.,1.));
#7930 = ORIENTED_EDGE('',*,*,#4266,.T.);
#7931 = ORIENTED_EDGE('',*,*,#7932,.T.);
#7932 = EDGE_CURVE('',#4269,#1347,#7933,.T.);
#7933 = LINE('',#7934,#7935);
#7934 = CARTESIAN_POINT('',(7.62,-3.915,-14.3));
#7935 = VECTOR('',#7936,1.);
#7936 = DIRECTION('',(0.,0.,1.));
#7937 = CYLINDRICAL_SURFACE('',#7938,1.375);
#7938 = AXIS2_PLACEMENT_3D('',#7939,#7940,#7941);
#7939 = CARTESIAN_POINT('',(7.62,-2.54,-14.3));
#7940 = DIRECTION('',(0.,0.,1.));
#7941 = DIRECTION('',(1.,0.,-0.));
#7942 = ADVANCED_FACE('',(#7943),#7954,.F.);
#7943 = FACE_BOUND('',#7944,.F.);
#7944 = EDGE_LOOP('',(#7945,#7946,#7947,#7948));
#7945 = ORIENTED_EDGE('',*,*,#4277,.T.);
#7946 = ORIENTED_EDGE('',*,*,#7925,.T.);
#7947 = ORIENTED_EDGE('',*,*,#1355,.F.);
#7948 = ORIENTED_EDGE('',*,*,#7949,.F.);
#7949 = EDGE_CURVE('',#4278,#1356,#7950,.T.);
#7950 = LINE('',#7951,#7952);
#7951 = CARTESIAN_POINT('',(12.7,-1.165,-14.3));
#7952 = VECTOR('',#7953,1.);
#7953 = DIRECTION('',(0.,0.,1.));
#7954 = PLANE('',#7955);
#7955 = AXIS2_PLACEMENT_3D('',#7956,#7957,#7958);
#7956 = CARTESIAN_POINT('',(7.62,-1.165,-14.3));
#7957 = DIRECTION('',(-0.,1.,0.));
#7958 = DIRECTION('',(0.,0.,1.));
#7959 = ADVANCED_FACE('',(#7960),#7971,.T.);
#7960 = FACE_BOUND('',#7961,.T.);
#7961 = EDGE_LOOP('',(#7962,#7963,#7964,#7965));
#7962 = ORIENTED_EDGE('',*,*,#4303,.T.);
#7963 = ORIENTED_EDGE('',*,*,#7932,.T.);
#7964 = ORIENTED_EDGE('',*,*,#1381,.F.);
#7965 = ORIENTED_EDGE('',*,*,#7966,.F.);
#7966 = EDGE_CURVE('',#4295,#1373,#7967,.T.);
#7967 = LINE('',#7968,#7969);
#7968 = CARTESIAN_POINT('',(12.7,-3.915,-14.3));
#7969 = VECTOR('',#7970,1.);
#7970 = DIRECTION('',(0.,0.,1.));
#7971 = PLANE('',#7972);
#7972 = AXIS2_PLACEMENT_3D('',#7973,#7974,#7975);
#7973 = CARTESIAN_POINT('',(7.62,-3.915,-14.3));
#7974 = DIRECTION('',(-0.,1.,0.));
#7975 = DIRECTION('',(0.,0.,1.));
#7976 = ADVANCED_FACE('',(#7977),#7993,.F.);
#7977 = FACE_BOUND('',#7978,.F.);
#7978 = EDGE_LOOP('',(#7979,#7980,#7986,#7987));
#7979 = ORIENTED_EDGE('',*,*,#1389,.F.);
#7980 = ORIENTED_EDGE('',*,*,#7981,.F.);
#7981 = EDGE_CURVE('',#4312,#1390,#7982,.T.);
#7982 = LINE('',#7983,#7984);
#7983 = CARTESIAN_POINT('',(22.86,-16.405,-14.3));
#7984 = VECTOR('',#7985,1.);
#7985 = DIRECTION('',(0.,0.,1.));
#7986 = ORIENTED_EDGE('',*,*,#4311,.T.);
#7987 = ORIENTED_EDGE('',*,*,#7988,.T.);
#7988 = EDGE_CURVE('',#4314,#1392,#7989,.T.);
#7989 = LINE('',#7990,#7991);
#7990 = CARTESIAN_POINT('',(22.86,-19.155,-14.3));
#7991 = VECTOR('',#7992,1.);
#7992 = DIRECTION('',(0.,0.,1.));
#7993 = CYLINDRICAL_SURFACE('',#7994,1.375);
#7994 = AXIS2_PLACEMENT_3D('',#7995,#7996,#7997);
#7995 = CARTESIAN_POINT('',(22.86,-17.78,-14.3));
#7996 = DIRECTION('',(0.,0.,1.));
#7997 = DIRECTION('',(1.,0.,-0.));
#7998 = ADVANCED_FACE('',(#7999),#8010,.F.);
#7999 = FACE_BOUND('',#8000,.F.);
#8000 = EDGE_LOOP('',(#8001,#8002,#8003,#8004));
#8001 = ORIENTED_EDGE('',*,*,#4322,.T.);
#8002 = ORIENTED_EDGE('',*,*,#7981,.T.);
#8003 = ORIENTED_EDGE('',*,*,#1400,.F.);
#8004 = ORIENTED_EDGE('',*,*,#8005,.F.);
#8005 = EDGE_CURVE('',#4323,#1401,#8006,.T.);
#8006 = LINE('',#8007,#8008);
#8007 = CARTESIAN_POINT('',(27.94,-16.405,-14.3));
#8008 = VECTOR('',#8009,1.);
#8009 = DIRECTION('',(0.,0.,1.));
#8010 = PLANE('',#8011);
#8011 = AXIS2_PLACEMENT_3D('',#8012,#8013,#8014);
#8012 = CARTESIAN_POINT('',(22.86,-16.405,-14.3));
#8013 = DIRECTION('',(-0.,1.,0.));
#8014 = DIRECTION('',(0.,0.,1.));
#8015 = ADVANCED_FACE('',(#8016),#8027,.T.);
#8016 = FACE_BOUND('',#8017,.T.);
#8017 = EDGE_LOOP('',(#8018,#8019,#8020,#8021));
#8018 = ORIENTED_EDGE('',*,*,#4348,.T.);
#8019 = ORIENTED_EDGE('',*,*,#7988,.T.);
#8020 = ORIENTED_EDGE('',*,*,#1426,.F.);
#8021 = ORIENTED_EDGE('',*,*,#8022,.F.);
#8022 = EDGE_CURVE('',#4340,#1418,#8023,.T.);
#8023 = LINE('',#8024,#8025);
#8024 = CARTESIAN_POINT('',(27.94,-19.155,-14.3));
#8025 = VECTOR('',#8026,1.);
#8026 = DIRECTION('',(0.,0.,1.));
#8027 = PLANE('',#8028);
#8028 = AXIS2_PLACEMENT_3D('',#8029,#8030,#8031);
#8029 = CARTESIAN_POINT('',(22.86,-19.155,-14.3));
#8030 = DIRECTION('',(-0.,1.,0.));
#8031 = DIRECTION('',(0.,0.,1.));
#8032 = ADVANCED_FACE('',(#8033),#8049,.F.);
#8033 = FACE_BOUND('',#8034,.F.);
#8034 = EDGE_LOOP('',(#8035,#8036,#8042,#8043));
#8035 = ORIENTED_EDGE('',*,*,#1434,.F.);
#8036 = ORIENTED_EDGE('',*,*,#8037,.F.);
#8037 = EDGE_CURVE('',#4357,#1435,#8038,.T.);
#8038 = LINE('',#8039,#8040);
#8039 = CARTESIAN_POINT('',(17.78,-11.325,-14.3));
#8040 = VECTOR('',#8041,1.);
#8041 = DIRECTION('',(0.,0.,1.));
#8042 = ORIENTED_EDGE('',*,*,#4356,.T.);
#8043 = ORIENTED_EDGE('',*,*,#8044,.T.);
#8044 = EDGE_CURVE('',#4359,#1437,#8045,.T.);
#8045 = LINE('',#8046,#8047);
#8046 = CARTESIAN_POINT('',(17.78,-14.075,-14.3));
#8047 = VECTOR('',#8048,1.);
#8048 = DIRECTION('',(0.,0.,1.));
#8049 = CYLINDRICAL_SURFACE('',#8050,1.375);
#8050 = AXIS2_PLACEMENT_3D('',#8051,#8052,#8053);
#8051 = CARTESIAN_POINT('',(17.78,-12.7,-14.3));
#8052 = DIRECTION('',(0.,0.,1.));
#8053 = DIRECTION('',(1.,0.,-0.));
#8054 = ADVANCED_FACE('',(#8055),#8066,.F.);
#8055 = FACE_BOUND('',#8056,.F.);
#8056 = EDGE_LOOP('',(#8057,#8058,#8059,#8060));
#8057 = ORIENTED_EDGE('',*,*,#4367,.T.);
#8058 = ORIENTED_EDGE('',*,*,#8037,.T.);
#8059 = ORIENTED_EDGE('',*,*,#1445,.F.);
#8060 = ORIENTED_EDGE('',*,*,#8061,.F.);
#8061 = EDGE_CURVE('',#4368,#1446,#8062,.T.);
#8062 = LINE('',#8063,#8064);
#8063 = CARTESIAN_POINT('',(22.86,-11.325,-14.3));
#8064 = VECTOR('',#8065,1.);
#8065 = DIRECTION('',(0.,0.,1.));
#8066 = PLANE('',#8067);
#8067 = AXIS2_PLACEMENT_3D('',#8068,#8069,#8070);
#8068 = CARTESIAN_POINT('',(17.78,-11.325,-14.3));
#8069 = DIRECTION('',(-0.,1.,0.));
#8070 = DIRECTION('',(0.,0.,1.));
#8071 = ADVANCED_FACE('',(#8072),#8083,.T.);
#8072 = FACE_BOUND('',#8073,.T.);
#8073 = EDGE_LOOP('',(#8074,#8075,#8076,#8077));
#8074 = ORIENTED_EDGE('',*,*,#4393,.T.);
#8075 = ORIENTED_EDGE('',*,*,#8044,.T.);
#8076 = ORIENTED_EDGE('',*,*,#1471,.F.);
#8077 = ORIENTED_EDGE('',*,*,#8078,.F.);
#8078 = EDGE_CURVE('',#4385,#1463,#8079,.T.);
#8079 = LINE('',#8080,#8081);
#8080 = CARTESIAN_POINT('',(22.86,-14.075,-14.3));
#8081 = VECTOR('',#8082,1.);
#8082 = DIRECTION('',(0.,0.,1.));
#8083 = PLANE('',#8084);
#8084 = AXIS2_PLACEMENT_3D('',#8085,#8086,#8087);
#8085 = CARTESIAN_POINT('',(17.78,-14.075,-14.3));
#8086 = DIRECTION('',(-0.,1.,0.));
#8087 = DIRECTION('',(0.,0.,1.));
#8088 = ADVANCED_FACE('',(#8089),#8105,.F.);
#8089 = FACE_BOUND('',#8090,.F.);
#8090 = EDGE_LOOP('',(#8091,#8092,#8098,#8099));
#8091 = ORIENTED_EDGE('',*,*,#1479,.F.);
#8092 = ORIENTED_EDGE('',*,*,#8093,.F.);
#8093 = EDGE_CURVE('',#4402,#1480,#8094,.T.);
#8094 = LINE('',#8095,#8096);
#8095 = CARTESIAN_POINT('',(29.315,-7.62,-14.3));
#8096 = VECTOR('',#8097,1.);
#8097 = DIRECTION('',(0.,0.,1.));
#8098 = ORIENTED_EDGE('',*,*,#4401,.T.);
#8099 = ORIENTED_EDGE('',*,*,#8100,.T.);
#8100 = EDGE_CURVE('',#4404,#1482,#8101,.T.);
#8101 = LINE('',#8102,#8103);
#8102 = CARTESIAN_POINT('',(26.565,-7.62,-14.3));
#8103 = VECTOR('',#8104,1.);
#8104 = DIRECTION('',(0.,0.,1.));
#8105 = CYLINDRICAL_SURFACE('',#8106,1.375);
#8106 = AXIS2_PLACEMENT_3D('',#8107,#8108,#8109);
#8107 = CARTESIAN_POINT('',(27.94,-7.62,-14.3));
#8108 = DIRECTION('',(0.,0.,1.));
#8109 = DIRECTION('',(1.,0.,-0.));
#8110 = ADVANCED_FACE('',(#8111),#8122,.F.);
#8111 = FACE_BOUND('',#8112,.F.);
#8112 = EDGE_LOOP('',(#8113,#8119,#8120,#8121));
#8113 = ORIENTED_EDGE('',*,*,#8114,.F.);
#8114 = EDGE_CURVE('',#4413,#1491,#8115,.T.);
#8115 = LINE('',#8116,#8117);
#8116 = CARTESIAN_POINT('',(29.315,-12.7,-14.3));
#8117 = VECTOR('',#8118,1.);
#8118 = DIRECTION('',(0.,0.,1.));
#8119 = ORIENTED_EDGE('',*,*,#4412,.T.);
#8120 = ORIENTED_EDGE('',*,*,#8093,.T.);
#8121 = ORIENTED_EDGE('',*,*,#1490,.F.);
#8122 = PLANE('',#8123);
#8123 = AXIS2_PLACEMENT_3D('',#8124,#8125,#8126);
#8124 = CARTESIAN_POINT('',(29.315,-12.7,-14.3));
#8125 = DIRECTION('',(1.,0.,-0.));
#8126 = DIRECTION('',(0.,0.,1.));
#8127 = ADVANCED_FACE('',(#8128),#8139,.T.);
#8128 = FACE_BOUND('',#8129,.T.);
#8129 = EDGE_LOOP('',(#8130,#8136,#8137,#8138));
#8130 = ORIENTED_EDGE('',*,*,#8131,.F.);
#8131 = EDGE_CURVE('',#4421,#1499,#8132,.T.);
#8132 = LINE('',#8133,#8134);
#8133 = CARTESIAN_POINT('',(26.565,-12.7,-14.3));
#8134 = VECTOR('',#8135,1.);
#8135 = DIRECTION('',(0.,0.,1.));
#8136 = ORIENTED_EDGE('',*,*,#4429,.T.);
#8137 = ORIENTED_EDGE('',*,*,#8100,.T.);
#8138 = ORIENTED_EDGE('',*,*,#1507,.F.);
#8139 = PLANE('',#8140);
#8140 = AXIS2_PLACEMENT_3D('',#8141,#8142,#8143);
#8141 = CARTESIAN_POINT('',(26.565,-12.7,-14.3));
#8142 = DIRECTION('',(1.,0.,-0.));
#8143 = DIRECTION('',(0.,0.,1.));
#8144 = ADVANCED_FACE('',(#8145),#8151,.F.);
#8145 = FACE_BOUND('',#8146,.F.);
#8146 = EDGE_LOOP('',(#8147,#8148,#8149,#8150));
#8147 = ORIENTED_EDGE('',*,*,#8114,.T.);
#8148 = ORIENTED_EDGE('',*,*,#1498,.F.);
#8149 = ORIENTED_EDGE('',*,*,#8131,.F.);
#8150 = ORIENTED_EDGE('',*,*,#4420,.T.);
#8151 = CYLINDRICAL_SURFACE('',#8152,1.375);
#8152 = AXIS2_PLACEMENT_3D('',#8153,#8154,#8155);
#8153 = CARTESIAN_POINT('',(27.94,-12.7,-14.3));
#8154 = DIRECTION('',(0.,0.,1.));
#8155 = DIRECTION('',(1.,0.,-0.));
#8156 = ADVANCED_FACE('',(#8157),#8168,.F.);
#8157 = FACE_BOUND('',#8158,.F.);
#8158 = EDGE_LOOP('',(#8159,#8160,#8166,#8167));
#8159 = ORIENTED_EDGE('',*,*,#1515,.F.);
#8160 = ORIENTED_EDGE('',*,*,#8161,.F.);
#8161 = EDGE_CURVE('',#4438,#1516,#8162,.T.);
#8162 = LINE('',#8163,#8164);
#8163 = CARTESIAN_POINT('',(24.235,-7.62,-14.3));
#8164 = VECTOR('',#8165,1.);
#8165 = DIRECTION('',(0.,0.,1.));
#8166 = ORIENTED_EDGE('',*,*,#4437,.T.);
#8167 = ORIENTED_EDGE('',*,*,#8161,.T.);
#8168 = CYLINDRICAL_SURFACE('',#8169,1.375);
#8169 = AXIS2_PLACEMENT_3D('',#8170,#8171,#8172);
#8170 = CARTESIAN_POINT('',(22.86,-7.62,-14.3));
#8171 = DIRECTION('',(0.,0.,1.));
#8172 = DIRECTION('',(1.,0.,-0.));
#8173 = ADVANCED_FACE('',(#8174),#8190,.F.);
#8174 = FACE_BOUND('',#8175,.F.);
#8175 = EDGE_LOOP('',(#8176,#8177,#8183,#8184));
#8176 = ORIENTED_EDGE('',*,*,#1526,.F.);
#8177 = ORIENTED_EDGE('',*,*,#8178,.F.);
#8178 = EDGE_CURVE('',#4449,#1527,#8179,.T.);
#8179 = LINE('',#8180,#8181);
#8180 = CARTESIAN_POINT('',(22.86,-1.165,-14.3));
#8181 = VECTOR('',#8182,1.);
#8182 = DIRECTION('',(0.,0.,1.));
#8183 = ORIENTED_EDGE('',*,*,#4448,.T.);
#8184 = ORIENTED_EDGE('',*,*,#8185,.T.);
#8185 = EDGE_CURVE('',#4451,#1529,#8186,.T.);
#8186 = LINE('',#8187,#8188);
#8187 = CARTESIAN_POINT('',(22.86,-3.915,-14.3));
#8188 = VECTOR('',#8189,1.);
#8189 = DIRECTION('',(0.,0.,1.));
#8190 = CYLINDRICAL_SURFACE('',#8191,1.375);
#8191 = AXIS2_PLACEMENT_3D('',#8192,#8193,#8194);
#8192 = CARTESIAN_POINT('',(22.86,-2.54,-14.3));
#8193 = DIRECTION('',(0.,0.,1.));
#8194 = DIRECTION('',(1.,0.,-0.));
#8195 = ADVANCED_FACE('',(#8196),#8207,.F.);
#8196 = FACE_BOUND('',#8197,.F.);
#8197 = EDGE_LOOP('',(#8198,#8199,#8200,#8201));
#8198 = ORIENTED_EDGE('',*,*,#4459,.T.);
#8199 = ORIENTED_EDGE('',*,*,#8178,.T.);
#8200 = ORIENTED_EDGE('',*,*,#1537,.F.);
#8201 = ORIENTED_EDGE('',*,*,#8202,.F.);
#8202 = EDGE_CURVE('',#4460,#1538,#8203,.T.);
#8203 = LINE('',#8204,#8205);
#8204 = CARTESIAN_POINT('',(27.94,-1.165,-14.3));
#8205 = VECTOR('',#8206,1.);
#8206 = DIRECTION('',(0.,0.,1.));
#8207 = PLANE('',#8208);
#8208 = AXIS2_PLACEMENT_3D('',#8209,#8210,#8211);
#8209 = CARTESIAN_POINT('',(22.86,-1.165,-14.3));
#8210 = DIRECTION('',(-0.,1.,0.));
#8211 = DIRECTION('',(0.,0.,1.));
#8212 = ADVANCED_FACE('',(#8213),#8224,.T.);
#8213 = FACE_BOUND('',#8214,.T.);
#8214 = EDGE_LOOP('',(#8215,#8216,#8217,#8218));
#8215 = ORIENTED_EDGE('',*,*,#4485,.T.);
#8216 = ORIENTED_EDGE('',*,*,#8185,.T.);
#8217 = ORIENTED_EDGE('',*,*,#1563,.F.);
#8218 = ORIENTED_EDGE('',*,*,#8219,.F.);
#8219 = EDGE_CURVE('',#4477,#1555,#8220,.T.);
#8220 = LINE('',#8221,#8222);
#8221 = CARTESIAN_POINT('',(27.94,-3.915,-14.3));
#8222 = VECTOR('',#8223,1.);
#8223 = DIRECTION('',(0.,0.,1.));
#8224 = PLANE('',#8225);
#8225 = AXIS2_PLACEMENT_3D('',#8226,#8227,#8228);
#8226 = CARTESIAN_POINT('',(22.86,-3.915,-14.3));
#8227 = DIRECTION('',(-0.,1.,0.));
#8228 = DIRECTION('',(0.,0.,1.));
#8229 = ADVANCED_FACE('',(#8230),#8246,.F.);
#8230 = FACE_BOUND('',#8231,.F.);
#8231 = EDGE_LOOP('',(#8232,#8233,#8239,#8240));
#8232 = ORIENTED_EDGE('',*,*,#1571,.F.);
#8233 = ORIENTED_EDGE('',*,*,#8234,.F.);
#8234 = EDGE_CURVE('',#4494,#1572,#8235,.T.);
#8235 = LINE('',#8236,#8237);
#8236 = CARTESIAN_POINT('',(-27.94,3.915,-14.3));
#8237 = VECTOR('',#8238,1.);
#8238 = DIRECTION('',(0.,0.,1.));
#8239 = ORIENTED_EDGE('',*,*,#4493,.T.);
#8240 = ORIENTED_EDGE('',*,*,#8241,.T.);
#8241 = EDGE_CURVE('',#4496,#1574,#8242,.T.);
#8242 = LINE('',#8243,#8244);
#8243 = CARTESIAN_POINT('',(-27.94,1.165,-14.3));
#8244 = VECTOR('',#8245,1.);
#8245 = DIRECTION('',(0.,0.,1.));
#8246 = CYLINDRICAL_SURFACE('',#8247,1.375);
#8247 = AXIS2_PLACEMENT_3D('',#8248,#8249,#8250);
#8248 = CARTESIAN_POINT('',(-27.94,2.54,-14.3));
#8249 = DIRECTION('',(0.,0.,1.));
#8250 = DIRECTION('',(1.,0.,-0.));
#8251 = ADVANCED_FACE('',(#8252),#8263,.F.);
#8252 = FACE_BOUND('',#8253,.F.);
#8253 = EDGE_LOOP('',(#8254,#8255,#8256,#8257));
#8254 = ORIENTED_EDGE('',*,*,#4504,.T.);
#8255 = ORIENTED_EDGE('',*,*,#8234,.T.);
#8256 = ORIENTED_EDGE('',*,*,#1582,.F.);
#8257 = ORIENTED_EDGE('',*,*,#8258,.F.);
#8258 = EDGE_CURVE('',#4505,#1583,#8259,.T.);
#8259 = LINE('',#8260,#8261);
#8260 = CARTESIAN_POINT('',(-22.86,3.915,-14.3));
#8261 = VECTOR('',#8262,1.);
#8262 = DIRECTION('',(0.,0.,1.));
#8263 = PLANE('',#8264);
#8264 = AXIS2_PLACEMENT_3D('',#8265,#8266,#8267);
#8265 = CARTESIAN_POINT('',(-27.94,3.915,-14.3));
#8266 = DIRECTION('',(-0.,1.,0.));
#8267 = DIRECTION('',(0.,0.,1.));
#8268 = ADVANCED_FACE('',(#8269),#8280,.T.);
#8269 = FACE_BOUND('',#8270,.T.);
#8270 = EDGE_LOOP('',(#8271,#8272,#8273,#8274));
#8271 = ORIENTED_EDGE('',*,*,#4530,.T.);
#8272 = ORIENTED_EDGE('',*,*,#8241,.T.);
#8273 = ORIENTED_EDGE('',*,*,#1608,.F.);
#8274 = ORIENTED_EDGE('',*,*,#8275,.F.);
#8275 = EDGE_CURVE('',#4522,#1600,#8276,.T.);
#8276 = LINE('',#8277,#8278);
#8277 = CARTESIAN_POINT('',(-22.86,1.165,-14.3));
#8278 = VECTOR('',#8279,1.);
#8279 = DIRECTION('',(0.,0.,1.));
#8280 = PLANE('',#8281);
#8281 = AXIS2_PLACEMENT_3D('',#8282,#8283,#8284);
#8282 = CARTESIAN_POINT('',(-27.94,1.165,-14.3));
#8283 = DIRECTION('',(-0.,1.,0.));
#8284 = DIRECTION('',(0.,0.,1.));
#8285 = ADVANCED_FACE('',(#8286),#8297,.F.);
#8286 = FACE_BOUND('',#8287,.F.);
#8287 = EDGE_LOOP('',(#8288,#8289,#8295,#8296));
#8288 = ORIENTED_EDGE('',*,*,#1616,.F.);
#8289 = ORIENTED_EDGE('',*,*,#8290,.F.);
#8290 = EDGE_CURVE('',#4539,#1617,#8291,.T.);
#8291 = LINE('',#8292,#8293);
#8292 = CARTESIAN_POINT('',(-21.485,7.62,-14.3));
#8293 = VECTOR('',#8294,1.);
#8294 = DIRECTION('',(0.,0.,1.));
#8295 = ORIENTED_EDGE('',*,*,#4538,.T.);
#8296 = ORIENTED_EDGE('',*,*,#8290,.T.);
#8297 = CYLINDRICAL_SURFACE('',#8298,1.375);
#8298 = AXIS2_PLACEMENT_3D('',#8299,#8300,#8301);
#8299 = CARTESIAN_POINT('',(-22.86,7.62,-14.3));
#8300 = DIRECTION('',(0.,0.,1.));
#8301 = DIRECTION('',(1.,0.,-0.));
#8302 = ADVANCED_FACE('',(#8303),#8319,.F.);
#8303 = FACE_BOUND('',#8304,.F.);
#8304 = EDGE_LOOP('',(#8305,#8306,#8312,#8313));
#8305 = ORIENTED_EDGE('',*,*,#1627,.F.);
#8306 = ORIENTED_EDGE('',*,*,#8307,.F.);
#8307 = EDGE_CURVE('',#4550,#1628,#8308,.T.);
#8308 = LINE('',#8309,#8310);
#8309 = CARTESIAN_POINT('',(-26.565,12.7,-14.3));
#8310 = VECTOR('',#8311,1.);
#8311 = DIRECTION('',(0.,0.,1.));
#8312 = ORIENTED_EDGE('',*,*,#4549,.T.);
#8313 = ORIENTED_EDGE('',*,*,#8314,.T.);
#8314 = EDGE_CURVE('',#4552,#1630,#8315,.T.);
#8315 = LINE('',#8316,#8317);
#8316 = CARTESIAN_POINT('',(-29.315,12.7,-14.3));
#8317 = VECTOR('',#8318,1.);
#8318 = DIRECTION('',(0.,0.,1.));
#8319 = CYLINDRICAL_SURFACE('',#8320,1.375);
#8320 = AXIS2_PLACEMENT_3D('',#8321,#8322,#8323);
#8321 = CARTESIAN_POINT('',(-27.94,12.7,-14.3));
#8322 = DIRECTION('',(0.,0.,1.));
#8323 = DIRECTION('',(1.,0.,-0.));
#8324 = ADVANCED_FACE('',(#8325),#8336,.F.);
#8325 = FACE_BOUND('',#8326,.F.);
#8326 = EDGE_LOOP('',(#8327,#8333,#8334,#8335));
#8327 = ORIENTED_EDGE('',*,*,#8328,.F.);
#8328 = EDGE_CURVE('',#4561,#1639,#8329,.T.);
#8329 = LINE('',#8330,#8331);
#8330 = CARTESIAN_POINT('',(-26.565,7.62,-14.3));
#8331 = VECTOR('',#8332,1.);
#8332 = DIRECTION('',(0.,0.,1.));
#8333 = ORIENTED_EDGE('',*,*,#4560,.T.);
#8334 = ORIENTED_EDGE('',*,*,#8307,.T.);
#8335 = ORIENTED_EDGE('',*,*,#1638,.F.);
#8336 = PLANE('',#8337);
#8337 = AXIS2_PLACEMENT_3D('',#8338,#8339,#8340);
#8338 = CARTESIAN_POINT('',(-26.565,7.62,-14.3));
#8339 = DIRECTION('',(1.,0.,-0.));
#8340 = DIRECTION('',(0.,0.,1.));
#8341 = ADVANCED_FACE('',(#8342),#8353,.T.);
#8342 = FACE_BOUND('',#8343,.T.);
#8343 = EDGE_LOOP('',(#8344,#8350,#8351,#8352));
#8344 = ORIENTED_EDGE('',*,*,#8345,.F.);
#8345 = EDGE_CURVE('',#4569,#1647,#8346,.T.);
#8346 = LINE('',#8347,#8348);
#8347 = CARTESIAN_POINT('',(-29.315,7.62,-14.3));
#8348 = VECTOR('',#8349,1.);
#8349 = DIRECTION('',(0.,0.,1.));
#8350 = ORIENTED_EDGE('',*,*,#4577,.T.);
#8351 = ORIENTED_EDGE('',*,*,#8314,.T.);
#8352 = ORIENTED_EDGE('',*,*,#1655,.F.);
#8353 = PLANE('',#8354);
#8354 = AXIS2_PLACEMENT_3D('',#8355,#8356,#8357);
#8355 = CARTESIAN_POINT('',(-29.315,7.62,-14.3));
#8356 = DIRECTION('',(1.,0.,-0.));
#8357 = DIRECTION('',(0.,0.,1.));
#8358 = ADVANCED_FACE('',(#8359),#8365,.F.);
#8359 = FACE_BOUND('',#8360,.F.);
#8360 = EDGE_LOOP('',(#8361,#8362,#8363,#8364));
#8361 = ORIENTED_EDGE('',*,*,#8328,.T.);
#8362 = ORIENTED_EDGE('',*,*,#1646,.F.);
#8363 = ORIENTED_EDGE('',*,*,#8345,.F.);
#8364 = ORIENTED_EDGE('',*,*,#4568,.T.);
#8365 = CYLINDRICAL_SURFACE('',#8366,1.375);
#8366 = AXIS2_PLACEMENT_3D('',#8367,#8368,#8369);
#8367 = CARTESIAN_POINT('',(-27.94,7.62,-14.3));
#8368 = DIRECTION('',(0.,0.,1.));
#8369 = DIRECTION('',(1.,0.,-0.));
#8370 = ADVANCED_FACE('',(#8371),#8387,.F.);
#8371 = FACE_BOUND('',#8372,.F.);
#8372 = EDGE_LOOP('',(#8373,#8374,#8380,#8381));
#8373 = ORIENTED_EDGE('',*,*,#1663,.F.);
#8374 = ORIENTED_EDGE('',*,*,#8375,.F.);
#8375 = EDGE_CURVE('',#4586,#1664,#8376,.T.);
#8376 = LINE('',#8377,#8378);
#8377 = CARTESIAN_POINT('',(-22.86,14.075,-14.3));
#8378 = VECTOR('',#8379,1.);
#8379 = DIRECTION('',(0.,0.,1.));
#8380 = ORIENTED_EDGE('',*,*,#4585,.T.);
#8381 = ORIENTED_EDGE('',*,*,#8382,.T.);
#8382 = EDGE_CURVE('',#4588,#1666,#8383,.T.);
#8383 = LINE('',#8384,#8385);
#8384 = CARTESIAN_POINT('',(-22.86,11.325,-14.3));
#8385 = VECTOR('',#8386,1.);
#8386 = DIRECTION('',(0.,0.,1.));
#8387 = CYLINDRICAL_SURFACE('',#8388,1.375);
#8388 = AXIS2_PLACEMENT_3D('',#8389,#8390,#8391);
#8389 = CARTESIAN_POINT('',(-22.86,12.7,-14.3));
#8390 = DIRECTION('',(0.,0.,1.));
#8391 = DIRECTION('',(1.,0.,-0.));
#8392 = ADVANCED_FACE('',(#8393),#8404,.F.);
#8393 = FACE_BOUND('',#8394,.F.);
#8394 = EDGE_LOOP('',(#8395,#8396,#8397,#8398));
#8395 = ORIENTED_EDGE('',*,*,#4596,.T.);
#8396 = ORIENTED_EDGE('',*,*,#8375,.T.);
#8397 = ORIENTED_EDGE('',*,*,#1674,.F.);
#8398 = ORIENTED_EDGE('',*,*,#8399,.F.);
#8399 = EDGE_CURVE('',#4597,#1675,#8400,.T.);
#8400 = LINE('',#8401,#8402);
#8401 = CARTESIAN_POINT('',(-17.78,14.075,-14.3));
#8402 = VECTOR('',#8403,1.);
#8403 = DIRECTION('',(0.,0.,1.));
#8404 = PLANE('',#8405);
#8405 = AXIS2_PLACEMENT_3D('',#8406,#8407,#8408);
#8406 = CARTESIAN_POINT('',(-22.86,14.075,-14.3));
#8407 = DIRECTION('',(-0.,1.,0.));
#8408 = DIRECTION('',(0.,0.,1.));
#8409 = ADVANCED_FACE('',(#8410),#8421,.T.);
#8410 = FACE_BOUND('',#8411,.T.);
#8411 = EDGE_LOOP('',(#8412,#8413,#8414,#8415));
#8412 = ORIENTED_EDGE('',*,*,#4622,.T.);
#8413 = ORIENTED_EDGE('',*,*,#8382,.T.);
#8414 = ORIENTED_EDGE('',*,*,#1700,.F.);
#8415 = ORIENTED_EDGE('',*,*,#8416,.F.);
#8416 = EDGE_CURVE('',#4614,#1692,#8417,.T.);
#8417 = LINE('',#8418,#8419);
#8418 = CARTESIAN_POINT('',(-17.78,11.325,-14.3));
#8419 = VECTOR('',#8420,1.);
#8420 = DIRECTION('',(0.,0.,1.));
#8421 = PLANE('',#8422);
#8422 = AXIS2_PLACEMENT_3D('',#8423,#8424,#8425);
#8423 = CARTESIAN_POINT('',(-22.86,11.325,-14.3));
#8424 = DIRECTION('',(-0.,1.,0.));
#8425 = DIRECTION('',(0.,0.,1.));
#8426 = ADVANCED_FACE('',(#8427),#8443,.F.);
#8427 = FACE_BOUND('',#8428,.F.);
#8428 = EDGE_LOOP('',(#8429,#8430,#8436,#8437));
#8429 = ORIENTED_EDGE('',*,*,#1708,.F.);
#8430 = ORIENTED_EDGE('',*,*,#8431,.F.);
#8431 = EDGE_CURVE('',#4631,#1709,#8432,.T.);
#8432 = LINE('',#8433,#8434);
#8433 = CARTESIAN_POINT('',(-27.94,19.155,-14.3));
#8434 = VECTOR('',#8435,1.);
#8435 = DIRECTION('',(0.,0.,1.));
#8436 = ORIENTED_EDGE('',*,*,#4630,.T.);
#8437 = ORIENTED_EDGE('',*,*,#8438,.T.);
#8438 = EDGE_CURVE('',#4633,#1711,#8439,.T.);
#8439 = LINE('',#8440,#8441);
#8440 = CARTESIAN_POINT('',(-27.94,16.405,-14.3));
#8441 = VECTOR('',#8442,1.);
#8442 = DIRECTION('',(0.,0.,1.));
#8443 = CYLINDRICAL_SURFACE('',#8444,1.375);
#8444 = AXIS2_PLACEMENT_3D('',#8445,#8446,#8447);
#8445 = CARTESIAN_POINT('',(-27.94,17.78,-14.3));
#8446 = DIRECTION('',(0.,0.,1.));
#8447 = DIRECTION('',(1.,0.,-0.));
#8448 = ADVANCED_FACE('',(#8449),#8460,.F.);
#8449 = FACE_BOUND('',#8450,.F.);
#8450 = EDGE_LOOP('',(#8451,#8452,#8453,#8454));
#8451 = ORIENTED_EDGE('',*,*,#4641,.T.);
#8452 = ORIENTED_EDGE('',*,*,#8431,.T.);
#8453 = ORIENTED_EDGE('',*,*,#1719,.F.);
#8454 = ORIENTED_EDGE('',*,*,#8455,.F.);
#8455 = EDGE_CURVE('',#4642,#1720,#8456,.T.);
#8456 = LINE('',#8457,#8458);
#8457 = CARTESIAN_POINT('',(-22.86,19.155,-14.3));
#8458 = VECTOR('',#8459,1.);
#8459 = DIRECTION('',(0.,0.,1.));
#8460 = PLANE('',#8461);
#8461 = AXIS2_PLACEMENT_3D('',#8462,#8463,#8464);
#8462 = CARTESIAN_POINT('',(-27.94,19.155,-14.3));
#8463 = DIRECTION('',(-0.,1.,0.));
#8464 = DIRECTION('',(0.,0.,1.));
#8465 = ADVANCED_FACE('',(#8466),#8477,.T.);
#8466 = FACE_BOUND('',#8467,.T.);
#8467 = EDGE_LOOP('',(#8468,#8469,#8470,#8471));
#8468 = ORIENTED_EDGE('',*,*,#4667,.T.);
#8469 = ORIENTED_EDGE('',*,*,#8438,.T.);
#8470 = ORIENTED_EDGE('',*,*,#1745,.F.);
#8471 = ORIENTED_EDGE('',*,*,#8472,.F.);
#8472 = EDGE_CURVE('',#4659,#1737,#8473,.T.);
#8473 = LINE('',#8474,#8475);
#8474 = CARTESIAN_POINT('',(-22.86,16.405,-14.3));
#8475 = VECTOR('',#8476,1.);
#8476 = DIRECTION('',(0.,0.,1.));
#8477 = PLANE('',#8478);
#8478 = AXIS2_PLACEMENT_3D('',#8479,#8480,#8481);
#8479 = CARTESIAN_POINT('',(-27.94,16.405,-14.3));
#8480 = DIRECTION('',(-0.,1.,0.));
#8481 = DIRECTION('',(0.,0.,1.));
#8482 = ADVANCED_FACE('',(#8483),#8499,.F.);
#8483 = FACE_BOUND('',#8484,.F.);
#8484 = EDGE_LOOP('',(#8485,#8486,#8492,#8493));
#8485 = ORIENTED_EDGE('',*,*,#1753,.F.);
#8486 = ORIENTED_EDGE('',*,*,#8487,.F.);
#8487 = EDGE_CURVE('',#4676,#1754,#8488,.T.);
#8488 = LINE('',#8489,#8490);
#8489 = CARTESIAN_POINT('',(-12.7,3.915,-14.3));
#8490 = VECTOR('',#8491,1.);
#8491 = DIRECTION('',(0.,0.,1.));
#8492 = ORIENTED_EDGE('',*,*,#4675,.T.);
#8493 = ORIENTED_EDGE('',*,*,#8494,.T.);
#8494 = EDGE_CURVE('',#4678,#1756,#8495,.T.);
#8495 = LINE('',#8496,#8497);
#8496 = CARTESIAN_POINT('',(-12.7,1.165,-14.3));
#8497 = VECTOR('',#8498,1.);
#8498 = DIRECTION('',(0.,0.,1.));
#8499 = CYLINDRICAL_SURFACE('',#8500,1.375);
#8500 = AXIS2_PLACEMENT_3D('',#8501,#8502,#8503);
#8501 = CARTESIAN_POINT('',(-12.7,2.54,-14.3));
#8502 = DIRECTION('',(0.,0.,1.));
#8503 = DIRECTION('',(1.,0.,-0.));
#8504 = ADVANCED_FACE('',(#8505),#8516,.F.);
#8505 = FACE_BOUND('',#8506,.F.);
#8506 = EDGE_LOOP('',(#8507,#8508,#8509,#8510));
#8507 = ORIENTED_EDGE('',*,*,#4686,.T.);
#8508 = ORIENTED_EDGE('',*,*,#8487,.T.);
#8509 = ORIENTED_EDGE('',*,*,#1764,.F.);
#8510 = ORIENTED_EDGE('',*,*,#8511,.F.);
#8511 = EDGE_CURVE('',#4687,#1765,#8512,.T.);
#8512 = LINE('',#8513,#8514);
#8513 = CARTESIAN_POINT('',(-7.62,3.915,-14.3));
#8514 = VECTOR('',#8515,1.);
#8515 = DIRECTION('',(0.,0.,1.));
#8516 = PLANE('',#8517);
#8517 = AXIS2_PLACEMENT_3D('',#8518,#8519,#8520);
#8518 = CARTESIAN_POINT('',(-12.7,3.915,-14.3));
#8519 = DIRECTION('',(-0.,1.,0.));
#8520 = DIRECTION('',(0.,0.,1.));
#8521 = ADVANCED_FACE('',(#8522),#8533,.T.);
#8522 = FACE_BOUND('',#8523,.T.);
#8523 = EDGE_LOOP('',(#8524,#8525,#8526,#8527));
#8524 = ORIENTED_EDGE('',*,*,#4712,.T.);
#8525 = ORIENTED_EDGE('',*,*,#8494,.T.);
#8526 = ORIENTED_EDGE('',*,*,#1790,.F.);
#8527 = ORIENTED_EDGE('',*,*,#8528,.F.);
#8528 = EDGE_CURVE('',#4704,#1782,#8529,.T.);
#8529 = LINE('',#8530,#8531);
#8530 = CARTESIAN_POINT('',(-7.62,1.165,-14.3));
#8531 = VECTOR('',#8532,1.);
#8532 = DIRECTION('',(0.,0.,1.));
#8533 = PLANE('',#8534);
#8534 = AXIS2_PLACEMENT_3D('',#8535,#8536,#8537);
#8535 = CARTESIAN_POINT('',(-12.7,1.165,-14.3));
#8536 = DIRECTION('',(-0.,1.,0.));
#8537 = DIRECTION('',(0.,0.,1.));
#8538 = ADVANCED_FACE('',(#8539),#8555,.F.);
#8539 = FACE_BOUND('',#8540,.F.);
#8540 = EDGE_LOOP('',(#8541,#8542,#8548,#8549));
#8541 = ORIENTED_EDGE('',*,*,#1798,.F.);
#8542 = ORIENTED_EDGE('',*,*,#8543,.F.);
#8543 = EDGE_CURVE('',#4721,#1799,#8544,.T.);
#8544 = LINE('',#8545,#8546);
#8545 = CARTESIAN_POINT('',(-16.405,7.62,-14.3));
#8546 = VECTOR('',#8547,1.);
#8547 = DIRECTION('',(0.,0.,1.));
#8548 = ORIENTED_EDGE('',*,*,#4720,.T.);
#8549 = ORIENTED_EDGE('',*,*,#8550,.T.);
#8550 = EDGE_CURVE('',#4723,#1801,#8551,.T.);
#8551 = LINE('',#8552,#8553);
#8552 = CARTESIAN_POINT('',(-19.155,7.62,-14.3));
#8553 = VECTOR('',#8554,1.);
#8554 = DIRECTION('',(0.,0.,1.));
#8555 = CYLINDRICAL_SURFACE('',#8556,1.375);
#8556 = AXIS2_PLACEMENT_3D('',#8557,#8558,#8559);
#8557 = CARTESIAN_POINT('',(-17.78,7.62,-14.3));
#8558 = DIRECTION('',(0.,0.,1.));
#8559 = DIRECTION('',(1.,0.,-0.));
#8560 = ADVANCED_FACE('',(#8561),#8572,.F.);
#8561 = FACE_BOUND('',#8562,.F.);
#8562 = EDGE_LOOP('',(#8563,#8569,#8570,#8571));
#8563 = ORIENTED_EDGE('',*,*,#8564,.F.);
#8564 = EDGE_CURVE('',#4732,#1810,#8565,.T.);
#8565 = LINE('',#8566,#8567);
#8566 = CARTESIAN_POINT('',(-16.405,2.54,-14.3));
#8567 = VECTOR('',#8568,1.);
#8568 = DIRECTION('',(0.,0.,1.));
#8569 = ORIENTED_EDGE('',*,*,#4731,.T.);
#8570 = ORIENTED_EDGE('',*,*,#8543,.T.);
#8571 = ORIENTED_EDGE('',*,*,#1809,.F.);
#8572 = PLANE('',#8573);
#8573 = AXIS2_PLACEMENT_3D('',#8574,#8575,#8576);
#8574 = CARTESIAN_POINT('',(-16.405,2.54,-14.3));
#8575 = DIRECTION('',(1.,0.,-0.));
#8576 = DIRECTION('',(0.,0.,1.));
#8577 = ADVANCED_FACE('',(#8578),#8589,.T.);
#8578 = FACE_BOUND('',#8579,.T.);
#8579 = EDGE_LOOP('',(#8580,#8586,#8587,#8588));
#8580 = ORIENTED_EDGE('',*,*,#8581,.F.);
#8581 = EDGE_CURVE('',#4740,#1818,#8582,.T.);
#8582 = LINE('',#8583,#8584);
#8583 = CARTESIAN_POINT('',(-19.155,2.54,-14.3));
#8584 = VECTOR('',#8585,1.);
#8585 = DIRECTION('',(0.,0.,1.));
#8586 = ORIENTED_EDGE('',*,*,#4748,.T.);
#8587 = ORIENTED_EDGE('',*,*,#8550,.T.);
#8588 = ORIENTED_EDGE('',*,*,#1826,.F.);
#8589 = PLANE('',#8590);
#8590 = AXIS2_PLACEMENT_3D('',#8591,#8592,#8593);
#8591 = CARTESIAN_POINT('',(-19.155,2.54,-14.3));
#8592 = DIRECTION('',(1.,0.,-0.));
#8593 = DIRECTION('',(0.,0.,1.));
#8594 = ADVANCED_FACE('',(#8595),#8601,.F.);
#8595 = FACE_BOUND('',#8596,.F.);
#8596 = EDGE_LOOP('',(#8597,#8598,#8599,#8600));
#8597 = ORIENTED_EDGE('',*,*,#8564,.T.);
#8598 = ORIENTED_EDGE('',*,*,#1817,.F.);
#8599 = ORIENTED_EDGE('',*,*,#8581,.F.);
#8600 = ORIENTED_EDGE('',*,*,#4739,.T.);
#8601 = CYLINDRICAL_SURFACE('',#8602,1.375);
#8602 = AXIS2_PLACEMENT_3D('',#8603,#8604,#8605);
#8603 = CARTESIAN_POINT('',(-17.78,2.54,-14.3));
#8604 = DIRECTION('',(0.,0.,1.));
#8605 = DIRECTION('',(1.,0.,-0.));
#8606 = ADVANCED_FACE('',(#8607),#8618,.F.);
#8607 = FACE_BOUND('',#8608,.F.);
#8608 = EDGE_LOOP('',(#8609,#8610,#8616,#8617));
#8609 = ORIENTED_EDGE('',*,*,#1834,.F.);
#8610 = ORIENTED_EDGE('',*,*,#8611,.F.);
#8611 = EDGE_CURVE('',#4757,#1835,#8612,.T.);
#8612 = LINE('',#8613,#8614);
#8613 = CARTESIAN_POINT('',(-6.245,7.62,-14.3));
#8614 = VECTOR('',#8615,1.);
#8615 = DIRECTION('',(0.,0.,1.));
#8616 = ORIENTED_EDGE('',*,*,#4756,.T.);
#8617 = ORIENTED_EDGE('',*,*,#8611,.T.);
#8618 = CYLINDRICAL_SURFACE('',#8619,1.375);
#8619 = AXIS2_PLACEMENT_3D('',#8620,#8621,#8622);
#8620 = CARTESIAN_POINT('',(-7.62,7.62,-14.3));
#8621 = DIRECTION('',(0.,0.,1.));
#8622 = DIRECTION('',(1.,0.,-0.));
#8623 = ADVANCED_FACE('',(#8624),#8640,.F.);
#8624 = FACE_BOUND('',#8625,.F.);
#8625 = EDGE_LOOP('',(#8626,#8627,#8633,#8634));
#8626 = ORIENTED_EDGE('',*,*,#1845,.F.);
#8627 = ORIENTED_EDGE('',*,*,#8628,.F.);
#8628 = EDGE_CURVE('',#4768,#1846,#8629,.T.);
#8629 = LINE('',#8630,#8631);
#8630 = CARTESIAN_POINT('',(-1.165,7.62,-14.3));
#8631 = VECTOR('',#8632,1.);
#8632 = DIRECTION('',(0.,0.,1.));
#8633 = ORIENTED_EDGE('',*,*,#4767,.T.);
#8634 = ORIENTED_EDGE('',*,*,#8635,.T.);
#8635 = EDGE_CURVE('',#4770,#1848,#8636,.T.);
#8636 = LINE('',#8637,#8638);
#8637 = CARTESIAN_POINT('',(-3.915,7.62,-14.3));
#8638 = VECTOR('',#8639,1.);
#8639 = DIRECTION('',(0.,0.,1.));
#8640 = CYLINDRICAL_SURFACE('',#8641,1.375);
#8641 = AXIS2_PLACEMENT_3D('',#8642,#8643,#8644);
#8642 = CARTESIAN_POINT('',(-2.54,7.62,-14.3));
#8643 = DIRECTION('',(0.,0.,1.));
#8644 = DIRECTION('',(1.,0.,-0.));
#8645 = ADVANCED_FACE('',(#8646),#8657,.F.);
#8646 = FACE_BOUND('',#8647,.F.);
#8647 = EDGE_LOOP('',(#8648,#8654,#8655,#8656));
#8648 = ORIENTED_EDGE('',*,*,#8649,.F.);
#8649 = EDGE_CURVE('',#4779,#1857,#8650,.T.);
#8650 = LINE('',#8651,#8652);
#8651 = CARTESIAN_POINT('',(-1.165,2.54,-14.3));
#8652 = VECTOR('',#8653,1.);
#8653 = DIRECTION('',(0.,0.,1.));
#8654 = ORIENTED_EDGE('',*,*,#4778,.T.);
#8655 = ORIENTED_EDGE('',*,*,#8628,.T.);
#8656 = ORIENTED_EDGE('',*,*,#1856,.F.);
#8657 = PLANE('',#8658);
#8658 = AXIS2_PLACEMENT_3D('',#8659,#8660,#8661);
#8659 = CARTESIAN_POINT('',(-1.165,2.54,-14.3));
#8660 = DIRECTION('',(1.,0.,-0.));
#8661 = DIRECTION('',(0.,0.,1.));
#8662 = ADVANCED_FACE('',(#8663),#8674,.T.);
#8663 = FACE_BOUND('',#8664,.T.);
#8664 = EDGE_LOOP('',(#8665,#8671,#8672,#8673));
#8665 = ORIENTED_EDGE('',*,*,#8666,.F.);
#8666 = EDGE_CURVE('',#4787,#1865,#8667,.T.);
#8667 = LINE('',#8668,#8669);
#8668 = CARTESIAN_POINT('',(-3.915,2.54,-14.3));
#8669 = VECTOR('',#8670,1.);
#8670 = DIRECTION('',(0.,0.,1.));
#8671 = ORIENTED_EDGE('',*,*,#4795,.T.);
#8672 = ORIENTED_EDGE('',*,*,#8635,.T.);
#8673 = ORIENTED_EDGE('',*,*,#1873,.F.);
#8674 = PLANE('',#8675);
#8675 = AXIS2_PLACEMENT_3D('',#8676,#8677,#8678);
#8676 = CARTESIAN_POINT('',(-3.915,2.54,-14.3));
#8677 = DIRECTION('',(1.,0.,-0.));
#8678 = DIRECTION('',(0.,0.,1.));
#8679 = ADVANCED_FACE('',(#8680),#8686,.F.);
#8680 = FACE_BOUND('',#8681,.F.);
#8681 = EDGE_LOOP('',(#8682,#8683,#8684,#8685));
#8682 = ORIENTED_EDGE('',*,*,#8649,.T.);
#8683 = ORIENTED_EDGE('',*,*,#1864,.F.);
#8684 = ORIENTED_EDGE('',*,*,#8666,.F.);
#8685 = ORIENTED_EDGE('',*,*,#4786,.T.);
#8686 = CYLINDRICAL_SURFACE('',#8687,1.375);
#8687 = AXIS2_PLACEMENT_3D('',#8688,#8689,#8690);
#8688 = CARTESIAN_POINT('',(-2.54,2.54,-14.3));
#8689 = DIRECTION('',(0.,0.,1.));
#8690 = DIRECTION('',(1.,0.,-0.));
#8691 = ADVANCED_FACE('',(#8692),#8708,.F.);
#8692 = FACE_BOUND('',#8693,.F.);
#8693 = EDGE_LOOP('',(#8694,#8695,#8701,#8702));
#8694 = ORIENTED_EDGE('',*,*,#1881,.F.);
#8695 = ORIENTED_EDGE('',*,*,#8696,.F.);
#8696 = EDGE_CURVE('',#4804,#1882,#8697,.T.);
#8697 = LINE('',#8698,#8699);
#8698 = CARTESIAN_POINT('',(-11.325,12.7,-14.3));
#8699 = VECTOR('',#8700,1.);
#8700 = DIRECTION('',(0.,0.,1.));
#8701 = ORIENTED_EDGE('',*,*,#4803,.T.);
#8702 = ORIENTED_EDGE('',*,*,#8703,.T.);
#8703 = EDGE_CURVE('',#4806,#1884,#8704,.T.);
#8704 = LINE('',#8705,#8706);
#8705 = CARTESIAN_POINT('',(-14.075,12.7,-14.3));
#8706 = VECTOR('',#8707,1.);
#8707 = DIRECTION('',(0.,0.,1.));
#8708 = CYLINDRICAL_SURFACE('',#8709,1.375);
#8709 = AXIS2_PLACEMENT_3D('',#8710,#8711,#8712);
#8710 = CARTESIAN_POINT('',(-12.7,12.7,-14.3));
#8711 = DIRECTION('',(0.,0.,1.));
#8712 = DIRECTION('',(1.,0.,-0.));
#8713 = ADVANCED_FACE('',(#8714),#8725,.F.);
#8714 = FACE_BOUND('',#8715,.F.);
#8715 = EDGE_LOOP('',(#8716,#8722,#8723,#8724));
#8716 = ORIENTED_EDGE('',*,*,#8717,.F.);
#8717 = EDGE_CURVE('',#4815,#1893,#8718,.T.);
#8718 = LINE('',#8719,#8720);
#8719 = CARTESIAN_POINT('',(-11.325,7.62,-14.3));
#8720 = VECTOR('',#8721,1.);
#8721 = DIRECTION('',(0.,0.,1.));
#8722 = ORIENTED_EDGE('',*,*,#4814,.T.);
#8723 = ORIENTED_EDGE('',*,*,#8696,.T.);
#8724 = ORIENTED_EDGE('',*,*,#1892,.F.);
#8725 = PLANE('',#8726);
#8726 = AXIS2_PLACEMENT_3D('',#8727,#8728,#8729);
#8727 = CARTESIAN_POINT('',(-11.325,7.62,-14.3));
#8728 = DIRECTION('',(1.,0.,-0.));
#8729 = DIRECTION('',(0.,0.,1.));
#8730 = ADVANCED_FACE('',(#8731),#8742,.T.);
#8731 = FACE_BOUND('',#8732,.T.);
#8732 = EDGE_LOOP('',(#8733,#8739,#8740,#8741));
#8733 = ORIENTED_EDGE('',*,*,#8734,.F.);
#8734 = EDGE_CURVE('',#4823,#1901,#8735,.T.);
#8735 = LINE('',#8736,#8737);
#8736 = CARTESIAN_POINT('',(-14.075,7.62,-14.3));
#8737 = VECTOR('',#8738,1.);
#8738 = DIRECTION('',(0.,0.,1.));
#8739 = ORIENTED_EDGE('',*,*,#4831,.T.);
#8740 = ORIENTED_EDGE('',*,*,#8703,.T.);
#8741 = ORIENTED_EDGE('',*,*,#1909,.F.);
#8742 = PLANE('',#8743);
#8743 = AXIS2_PLACEMENT_3D('',#8744,#8745,#8746);
#8744 = CARTESIAN_POINT('',(-14.075,7.62,-14.3));
#8745 = DIRECTION('',(1.,0.,-0.));
#8746 = DIRECTION('',(0.,0.,1.));
#8747 = ADVANCED_FACE('',(#8748),#8754,.F.);
#8748 = FACE_BOUND('',#8749,.F.);
#8749 = EDGE_LOOP('',(#8750,#8751,#8752,#8753));
#8750 = ORIENTED_EDGE('',*,*,#8717,.T.);
#8751 = ORIENTED_EDGE('',*,*,#1900,.F.);
#8752 = ORIENTED_EDGE('',*,*,#8734,.F.);
#8753 = ORIENTED_EDGE('',*,*,#4822,.T.);
#8754 = CYLINDRICAL_SURFACE('',#8755,1.375);
#8755 = AXIS2_PLACEMENT_3D('',#8756,#8757,#8758);
#8756 = CARTESIAN_POINT('',(-12.7,7.62,-14.3));
#8757 = DIRECTION('',(0.,0.,1.));
#8758 = DIRECTION('',(1.,0.,-0.));
#8759 = ADVANCED_FACE('',(#8760),#8776,.F.);
#8760 = FACE_BOUND('',#8761,.F.);
#8761 = EDGE_LOOP('',(#8762,#8763,#8769,#8770));
#8762 = ORIENTED_EDGE('',*,*,#1917,.F.);
#8763 = ORIENTED_EDGE('',*,*,#8764,.F.);
#8764 = EDGE_CURVE('',#4840,#1918,#8765,.T.);
#8765 = LINE('',#8766,#8767);
#8766 = CARTESIAN_POINT('',(-12.7,19.155,-14.3));
#8767 = VECTOR('',#8768,1.);
#8768 = DIRECTION('',(0.,0.,1.));
#8769 = ORIENTED_EDGE('',*,*,#4839,.T.);
#8770 = ORIENTED_EDGE('',*,*,#8771,.T.);
#8771 = EDGE_CURVE('',#4842,#1920,#8772,.T.);
#8772 = LINE('',#8773,#8774);
#8773 = CARTESIAN_POINT('',(-12.7,16.405,-14.3));
#8774 = VECTOR('',#8775,1.);
#8775 = DIRECTION('',(0.,0.,1.));
#8776 = CYLINDRICAL_SURFACE('',#8777,1.375);
#8777 = AXIS2_PLACEMENT_3D('',#8778,#8779,#8780);
#8778 = CARTESIAN_POINT('',(-12.7,17.78,-14.3));
#8779 = DIRECTION('',(0.,0.,1.));
#8780 = DIRECTION('',(1.,0.,-0.));
#8781 = ADVANCED_FACE('',(#8782),#8793,.F.);
#8782 = FACE_BOUND('',#8783,.F.);
#8783 = EDGE_LOOP('',(#8784,#8785,#8786,#8787));
#8784 = ORIENTED_EDGE('',*,*,#4850,.T.);
#8785 = ORIENTED_EDGE('',*,*,#8764,.T.);
#8786 = ORIENTED_EDGE('',*,*,#1928,.F.);
#8787 = ORIENTED_EDGE('',*,*,#8788,.F.);
#8788 = EDGE_CURVE('',#4851,#1929,#8789,.T.);
#8789 = LINE('',#8790,#8791);
#8790 = CARTESIAN_POINT('',(-7.62,19.155,-14.3));
#8791 = VECTOR('',#8792,1.);
#8792 = DIRECTION('',(0.,0.,1.));
#8793 = PLANE('',#8794);
#8794 = AXIS2_PLACEMENT_3D('',#8795,#8796,#8797);
#8795 = CARTESIAN_POINT('',(-12.7,19.155,-14.3));
#8796 = DIRECTION('',(-0.,1.,0.));
#8797 = DIRECTION('',(0.,0.,1.));
#8798 = ADVANCED_FACE('',(#8799),#8810,.T.);
#8799 = FACE_BOUND('',#8800,.T.);
#8800 = EDGE_LOOP('',(#8801,#8802,#8803,#8804));
#8801 = ORIENTED_EDGE('',*,*,#4876,.T.);
#8802 = ORIENTED_EDGE('',*,*,#8771,.T.);
#8803 = ORIENTED_EDGE('',*,*,#1954,.F.);
#8804 = ORIENTED_EDGE('',*,*,#8805,.F.);
#8805 = EDGE_CURVE('',#4868,#1946,#8806,.T.);
#8806 = LINE('',#8807,#8808);
#8807 = CARTESIAN_POINT('',(-7.62,16.405,-14.3));
#8808 = VECTOR('',#8809,1.);
#8809 = DIRECTION('',(0.,0.,1.));
#8810 = PLANE('',#8811);
#8811 = AXIS2_PLACEMENT_3D('',#8812,#8813,#8814);
#8812 = CARTESIAN_POINT('',(-12.7,16.405,-14.3));
#8813 = DIRECTION('',(-0.,1.,0.));
#8814 = DIRECTION('',(0.,0.,1.));
#8815 = ADVANCED_FACE('',(#8816),#8832,.F.);
#8816 = FACE_BOUND('',#8817,.F.);
#8817 = EDGE_LOOP('',(#8818,#8819,#8825,#8826));
#8818 = ORIENTED_EDGE('',*,*,#1962,.F.);
#8819 = ORIENTED_EDGE('',*,*,#8820,.F.);
#8820 = EDGE_CURVE('',#4885,#1963,#8821,.T.);
#8821 = LINE('',#8822,#8823);
#8822 = CARTESIAN_POINT('',(-7.62,14.075,-14.3));
#8823 = VECTOR('',#8824,1.);
#8824 = DIRECTION('',(0.,0.,1.));
#8825 = ORIENTED_EDGE('',*,*,#4884,.T.);
#8826 = ORIENTED_EDGE('',*,*,#8827,.T.);
#8827 = EDGE_CURVE('',#4887,#1965,#8828,.T.);
#8828 = LINE('',#8829,#8830);
#8829 = CARTESIAN_POINT('',(-7.62,11.325,-14.3));
#8830 = VECTOR('',#8831,1.);
#8831 = DIRECTION('',(0.,0.,1.));
#8832 = CYLINDRICAL_SURFACE('',#8833,1.375);
#8833 = AXIS2_PLACEMENT_3D('',#8834,#8835,#8836);
#8834 = CARTESIAN_POINT('',(-7.62,12.7,-14.3));
#8835 = DIRECTION('',(0.,0.,1.));
#8836 = DIRECTION('',(1.,0.,-0.));
#8837 = ADVANCED_FACE('',(#8838),#8849,.F.);
#8838 = FACE_BOUND('',#8839,.F.);
#8839 = EDGE_LOOP('',(#8840,#8841,#8842,#8843));
#8840 = ORIENTED_EDGE('',*,*,#4895,.T.);
#8841 = ORIENTED_EDGE('',*,*,#8820,.T.);
#8842 = ORIENTED_EDGE('',*,*,#1973,.F.);
#8843 = ORIENTED_EDGE('',*,*,#8844,.F.);
#8844 = EDGE_CURVE('',#4896,#1974,#8845,.T.);
#8845 = LINE('',#8846,#8847);
#8846 = CARTESIAN_POINT('',(-2.54,14.075,-14.3));
#8847 = VECTOR('',#8848,1.);
#8848 = DIRECTION('',(0.,0.,1.));
#8849 = PLANE('',#8850);
#8850 = AXIS2_PLACEMENT_3D('',#8851,#8852,#8853);
#8851 = CARTESIAN_POINT('',(-7.62,14.075,-14.3));
#8852 = DIRECTION('',(-0.,1.,0.));
#8853 = DIRECTION('',(0.,0.,1.));
#8854 = ADVANCED_FACE('',(#8855),#8866,.T.);
#8855 = FACE_BOUND('',#8856,.T.);
#8856 = EDGE_LOOP('',(#8857,#8858,#8859,#8860));
#8857 = ORIENTED_EDGE('',*,*,#4921,.T.);
#8858 = ORIENTED_EDGE('',*,*,#8827,.T.);
#8859 = ORIENTED_EDGE('',*,*,#1999,.F.);
#8860 = ORIENTED_EDGE('',*,*,#8861,.F.);
#8861 = EDGE_CURVE('',#4913,#1991,#8862,.T.);
#8862 = LINE('',#8863,#8864);
#8863 = CARTESIAN_POINT('',(-2.54,11.325,-14.3));
#8864 = VECTOR('',#8865,1.);
#8865 = DIRECTION('',(0.,0.,1.));
#8866 = PLANE('',#8867);
#8867 = AXIS2_PLACEMENT_3D('',#8868,#8869,#8870);
#8868 = CARTESIAN_POINT('',(-7.62,11.325,-14.3));
#8869 = DIRECTION('',(-0.,1.,0.));
#8870 = DIRECTION('',(0.,0.,1.));
#8871 = ADVANCED_FACE('',(#8872),#8888,.F.);
#8872 = FACE_BOUND('',#8873,.F.);
#8873 = EDGE_LOOP('',(#8874,#8875,#8881,#8882));
#8874 = ORIENTED_EDGE('',*,*,#2007,.F.);
#8875 = ORIENTED_EDGE('',*,*,#8876,.F.);
#8876 = EDGE_CURVE('',#4930,#2008,#8877,.T.);
#8877 = LINE('',#8878,#8879);
#8878 = CARTESIAN_POINT('',(-26.565,27.94,-14.3));
#8879 = VECTOR('',#8880,1.);
#8880 = DIRECTION('',(0.,0.,1.));
#8881 = ORIENTED_EDGE('',*,*,#4929,.T.);
#8882 = ORIENTED_EDGE('',*,*,#8883,.T.);
#8883 = EDGE_CURVE('',#4932,#2010,#8884,.T.);
#8884 = LINE('',#8885,#8886);
#8885 = CARTESIAN_POINT('',(-29.315,27.94,-14.3));
#8886 = VECTOR('',#8887,1.);
#8887 = DIRECTION('',(0.,0.,1.));
#8888 = CYLINDRICAL_SURFACE('',#8889,1.375);
#8889 = AXIS2_PLACEMENT_3D('',#8890,#8891,#8892);
#8890 = CARTESIAN_POINT('',(-27.94,27.94,-14.3));
#8891 = DIRECTION('',(0.,0.,1.));
#8892 = DIRECTION('',(1.,0.,-0.));
#8893 = ADVANCED_FACE('',(#8894),#8905,.F.);
#8894 = FACE_BOUND('',#8895,.F.);
#8895 = EDGE_LOOP('',(#8896,#8902,#8903,#8904));
#8896 = ORIENTED_EDGE('',*,*,#8897,.F.);
#8897 = EDGE_CURVE('',#4941,#2019,#8898,.T.);
#8898 = LINE('',#8899,#8900);
#8899 = CARTESIAN_POINT('',(-26.565,22.86,-14.3));
#8900 = VECTOR('',#8901,1.);
#8901 = DIRECTION('',(0.,0.,1.));
#8902 = ORIENTED_EDGE('',*,*,#4940,.T.);
#8903 = ORIENTED_EDGE('',*,*,#8876,.T.);
#8904 = ORIENTED_EDGE('',*,*,#2018,.F.);
#8905 = PLANE('',#8906);
#8906 = AXIS2_PLACEMENT_3D('',#8907,#8908,#8909);
#8907 = CARTESIAN_POINT('',(-26.565,22.86,-14.3));
#8908 = DIRECTION('',(1.,0.,-0.));
#8909 = DIRECTION('',(0.,0.,1.));
#8910 = ADVANCED_FACE('',(#8911),#8922,.T.);
#8911 = FACE_BOUND('',#8912,.T.);
#8912 = EDGE_LOOP('',(#8913,#8919,#8920,#8921));
#8913 = ORIENTED_EDGE('',*,*,#8914,.F.);
#8914 = EDGE_CURVE('',#4949,#2027,#8915,.T.);
#8915 = LINE('',#8916,#8917);
#8916 = CARTESIAN_POINT('',(-29.315,22.86,-14.3));
#8917 = VECTOR('',#8918,1.);
#8918 = DIRECTION('',(0.,0.,1.));
#8919 = ORIENTED_EDGE('',*,*,#4957,.T.);
#8920 = ORIENTED_EDGE('',*,*,#8883,.T.);
#8921 = ORIENTED_EDGE('',*,*,#2035,.F.);
#8922 = PLANE('',#8923);
#8923 = AXIS2_PLACEMENT_3D('',#8924,#8925,#8926);
#8924 = CARTESIAN_POINT('',(-29.315,22.86,-14.3));
#8925 = DIRECTION('',(1.,0.,-0.));
#8926 = DIRECTION('',(0.,0.,1.));
#8927 = ADVANCED_FACE('',(#8928),#8934,.F.);
#8928 = FACE_BOUND('',#8929,.F.);
#8929 = EDGE_LOOP('',(#8930,#8931,#8932,#8933));
#8930 = ORIENTED_EDGE('',*,*,#8897,.T.);
#8931 = ORIENTED_EDGE('',*,*,#2026,.F.);
#8932 = ORIENTED_EDGE('',*,*,#8914,.F.);
#8933 = ORIENTED_EDGE('',*,*,#4948,.T.);
#8934 = CYLINDRICAL_SURFACE('',#8935,1.375);
#8935 = AXIS2_PLACEMENT_3D('',#8936,#8937,#8938);
#8936 = CARTESIAN_POINT('',(-27.94,22.86,-14.3));
#8937 = DIRECTION('',(0.,0.,1.));
#8938 = DIRECTION('',(1.,0.,-0.));
#8939 = ADVANCED_FACE('',(#8940),#8951,.F.);
#8940 = FACE_BOUND('',#8941,.F.);
#8941 = EDGE_LOOP('',(#8942,#8943,#8949,#8950));
#8942 = ORIENTED_EDGE('',*,*,#2043,.F.);
#8943 = ORIENTED_EDGE('',*,*,#8944,.F.);
#8944 = EDGE_CURVE('',#4966,#2044,#8945,.T.);
#8945 = LINE('',#8946,#8947);
#8946 = CARTESIAN_POINT('',(-21.485,22.86,-14.3));
#8947 = VECTOR('',#8948,1.);
#8948 = DIRECTION('',(0.,0.,1.));
#8949 = ORIENTED_EDGE('',*,*,#4965,.T.);
#8950 = ORIENTED_EDGE('',*,*,#8944,.T.);
#8951 = CYLINDRICAL_SURFACE('',#8952,1.375);
#8952 = AXIS2_PLACEMENT_3D('',#8953,#8954,#8955);
#8953 = CARTESIAN_POINT('',(-22.86,22.86,-14.3));
#8954 = DIRECTION('',(0.,0.,1.));
#8955 = DIRECTION('',(1.,0.,-0.));
#8956 = ADVANCED_FACE('',(#8957),#8973,.F.);
#8957 = FACE_BOUND('',#8958,.F.);
#8958 = EDGE_LOOP('',(#8959,#8960,#8966,#8967));
#8959 = ORIENTED_EDGE('',*,*,#2054,.F.);
#8960 = ORIENTED_EDGE('',*,*,#8961,.F.);
#8961 = EDGE_CURVE('',#4988,#2055,#8962,.T.);
#8962 = LINE('',#8963,#8964);
#8963 = CARTESIAN_POINT('',(-22.86,29.315,-14.3));
#8964 = VECTOR('',#8965,1.);
#8965 = DIRECTION('',(0.,0.,1.));
#8966 = ORIENTED_EDGE('',*,*,#4987,.T.);
#8967 = ORIENTED_EDGE('',*,*,#8968,.T.);
#8968 = EDGE_CURVE('',#4990,#2057,#8969,.T.);
#8969 = LINE('',#8970,#8971);
#8970 = CARTESIAN_POINT('',(-22.86,26.565,-14.3));
#8971 = VECTOR('',#8972,1.);
#8972 = DIRECTION('',(0.,0.,1.));
#8973 = CYLINDRICAL_SURFACE('',#8974,1.375);
#8974 = AXIS2_PLACEMENT_3D('',#8975,#8976,#8977);
#8975 = CARTESIAN_POINT('',(-22.86,27.94,-14.3));
#8976 = DIRECTION('',(0.,0.,1.));
#8977 = DIRECTION('',(1.,0.,-0.));
#8978 = ADVANCED_FACE('',(#8979),#8990,.F.);
#8979 = FACE_BOUND('',#8980,.F.);
#8980 = EDGE_LOOP('',(#8981,#8982,#8983,#8984));
#8981 = ORIENTED_EDGE('',*,*,#4998,.T.);
#8982 = ORIENTED_EDGE('',*,*,#8961,.T.);
#8983 = ORIENTED_EDGE('',*,*,#2065,.F.);
#8984 = ORIENTED_EDGE('',*,*,#8985,.F.);
#8985 = EDGE_CURVE('',#4999,#2066,#8986,.T.);
#8986 = LINE('',#8987,#8988);
#8987 = CARTESIAN_POINT('',(-17.78,29.315,-14.3));
#8988 = VECTOR('',#8989,1.);
#8989 = DIRECTION('',(0.,0.,1.));
#8990 = PLANE('',#8991);
#8991 = AXIS2_PLACEMENT_3D('',#8992,#8993,#8994);
#8992 = CARTESIAN_POINT('',(-22.86,29.315,-14.3));
#8993 = DIRECTION('',(-0.,1.,0.));
#8994 = DIRECTION('',(0.,0.,1.));
#8995 = ADVANCED_FACE('',(#8996),#9007,.T.);
#8996 = FACE_BOUND('',#8997,.T.);
#8997 = EDGE_LOOP('',(#8998,#8999,#9000,#9001));
#8998 = ORIENTED_EDGE('',*,*,#5024,.T.);
#8999 = ORIENTED_EDGE('',*,*,#8968,.T.);
#9000 = ORIENTED_EDGE('',*,*,#2091,.F.);
#9001 = ORIENTED_EDGE('',*,*,#9002,.F.);
#9002 = EDGE_CURVE('',#5016,#2083,#9003,.T.);
#9003 = LINE('',#9004,#9005);
#9004 = CARTESIAN_POINT('',(-17.78,26.565,-14.3));
#9005 = VECTOR('',#9006,1.);
#9006 = DIRECTION('',(0.,0.,1.));
#9007 = PLANE('',#9008);
#9008 = AXIS2_PLACEMENT_3D('',#9009,#9010,#9011);
#9009 = CARTESIAN_POINT('',(-22.86,26.565,-14.3));
#9010 = DIRECTION('',(-0.,1.,0.));
#9011 = DIRECTION('',(0.,0.,1.));
#9012 = ADVANCED_FACE('',(#9013),#9029,.F.);
#9013 = FACE_BOUND('',#9014,.F.);
#9014 = EDGE_LOOP('',(#9015,#9016,#9022,#9023));
#9015 = ORIENTED_EDGE('',*,*,#2099,.F.);
#9016 = ORIENTED_EDGE('',*,*,#9017,.F.);
#9017 = EDGE_CURVE('',#5033,#2100,#9018,.T.);
#9018 = LINE('',#9019,#9020);
#9019 = CARTESIAN_POINT('',(-16.405,22.86,-14.3));
#9020 = VECTOR('',#9021,1.);
#9021 = DIRECTION('',(0.,0.,1.));
#9022 = ORIENTED_EDGE('',*,*,#5032,.T.);
#9023 = ORIENTED_EDGE('',*,*,#9024,.T.);
#9024 = EDGE_CURVE('',#5035,#2102,#9025,.T.);
#9025 = LINE('',#9026,#9027);
#9026 = CARTESIAN_POINT('',(-19.155,22.86,-14.3));
#9027 = VECTOR('',#9028,1.);
#9028 = DIRECTION('',(0.,0.,1.));
#9029 = CYLINDRICAL_SURFACE('',#9030,1.375);
#9030 = AXIS2_PLACEMENT_3D('',#9031,#9032,#9033);
#9031 = CARTESIAN_POINT('',(-17.78,22.86,-14.3));
#9032 = DIRECTION('',(0.,0.,1.));
#9033 = DIRECTION('',(1.,0.,-0.));
#9034 = ADVANCED_FACE('',(#9035),#9046,.F.);
#9035 = FACE_BOUND('',#9036,.F.);
#9036 = EDGE_LOOP('',(#9037,#9043,#9044,#9045));
#9037 = ORIENTED_EDGE('',*,*,#9038,.F.);
#9038 = EDGE_CURVE('',#5044,#2111,#9039,.T.);
#9039 = LINE('',#9040,#9041);
#9040 = CARTESIAN_POINT('',(-16.405,17.78,-14.3));
#9041 = VECTOR('',#9042,1.);
#9042 = DIRECTION('',(0.,0.,1.));
#9043 = ORIENTED_EDGE('',*,*,#5043,.T.);
#9044 = ORIENTED_EDGE('',*,*,#9017,.T.);
#9045 = ORIENTED_EDGE('',*,*,#2110,.F.);
#9046 = PLANE('',#9047);
#9047 = AXIS2_PLACEMENT_3D('',#9048,#9049,#9050);
#9048 = CARTESIAN_POINT('',(-16.405,17.78,-14.3));
#9049 = DIRECTION('',(1.,0.,-0.));
#9050 = DIRECTION('',(0.,0.,1.));
#9051 = ADVANCED_FACE('',(#9052),#9063,.T.);
#9052 = FACE_BOUND('',#9053,.T.);
#9053 = EDGE_LOOP('',(#9054,#9060,#9061,#9062));
#9054 = ORIENTED_EDGE('',*,*,#9055,.F.);
#9055 = EDGE_CURVE('',#5052,#2119,#9056,.T.);
#9056 = LINE('',#9057,#9058);
#9057 = CARTESIAN_POINT('',(-19.155,17.78,-14.3));
#9058 = VECTOR('',#9059,1.);
#9059 = DIRECTION('',(0.,0.,1.));
#9060 = ORIENTED_EDGE('',*,*,#5060,.T.);
#9061 = ORIENTED_EDGE('',*,*,#9024,.T.);
#9062 = ORIENTED_EDGE('',*,*,#2127,.F.);
#9063 = PLANE('',#9064);
#9064 = AXIS2_PLACEMENT_3D('',#9065,#9066,#9067);
#9065 = CARTESIAN_POINT('',(-19.155,17.78,-14.3));
#9066 = DIRECTION('',(1.,0.,-0.));
#9067 = DIRECTION('',(0.,0.,1.));
#9068 = ADVANCED_FACE('',(#9069),#9075,.F.);
#9069 = FACE_BOUND('',#9070,.F.);
#9070 = EDGE_LOOP('',(#9071,#9072,#9073,#9074));
#9071 = ORIENTED_EDGE('',*,*,#9038,.T.);
#9072 = ORIENTED_EDGE('',*,*,#2118,.F.);
#9073 = ORIENTED_EDGE('',*,*,#9055,.F.);
#9074 = ORIENTED_EDGE('',*,*,#5051,.T.);
#9075 = CYLINDRICAL_SURFACE('',#9076,1.375);
#9076 = AXIS2_PLACEMENT_3D('',#9077,#9078,#9079);
#9077 = CARTESIAN_POINT('',(-17.78,17.78,-14.3));
#9078 = DIRECTION('',(0.,0.,1.));
#9079 = DIRECTION('',(1.,0.,-0.));
#9080 = ADVANCED_FACE('',(#9081),#9097,.F.);
#9081 = FACE_BOUND('',#9082,.F.);
#9082 = EDGE_LOOP('',(#9083,#9084,#9090,#9091));
#9083 = ORIENTED_EDGE('',*,*,#2135,.F.);
#9084 = ORIENTED_EDGE('',*,*,#9085,.F.);
#9085 = EDGE_CURVE('',#5069,#2136,#9086,.T.);
#9086 = LINE('',#9087,#9088);
#9087 = CARTESIAN_POINT('',(-11.325,27.94,-14.3));
#9088 = VECTOR('',#9089,1.);
#9089 = DIRECTION('',(0.,0.,1.));
#9090 = ORIENTED_EDGE('',*,*,#5068,.T.);
#9091 = ORIENTED_EDGE('',*,*,#9092,.T.);
#9092 = EDGE_CURVE('',#5071,#2138,#9093,.T.);
#9093 = LINE('',#9094,#9095);
#9094 = CARTESIAN_POINT('',(-14.075,27.94,-14.3));
#9095 = VECTOR('',#9096,1.);
#9096 = DIRECTION('',(0.,0.,1.));
#9097 = CYLINDRICAL_SURFACE('',#9098,1.375);
#9098 = AXIS2_PLACEMENT_3D('',#9099,#9100,#9101);
#9099 = CARTESIAN_POINT('',(-12.7,27.94,-14.3));
#9100 = DIRECTION('',(0.,0.,1.));
#9101 = DIRECTION('',(1.,0.,-0.));
#9102 = ADVANCED_FACE('',(#9103),#9114,.F.);
#9103 = FACE_BOUND('',#9104,.F.);
#9104 = EDGE_LOOP('',(#9105,#9111,#9112,#9113));
#9105 = ORIENTED_EDGE('',*,*,#9106,.F.);
#9106 = EDGE_CURVE('',#5080,#2147,#9107,.T.);
#9107 = LINE('',#9108,#9109);
#9108 = CARTESIAN_POINT('',(-11.325,22.86,-14.3));
#9109 = VECTOR('',#9110,1.);
#9110 = DIRECTION('',(0.,0.,1.));
#9111 = ORIENTED_EDGE('',*,*,#5079,.T.);
#9112 = ORIENTED_EDGE('',*,*,#9085,.T.);
#9113 = ORIENTED_EDGE('',*,*,#2146,.F.);
#9114 = PLANE('',#9115);
#9115 = AXIS2_PLACEMENT_3D('',#9116,#9117,#9118);
#9116 = CARTESIAN_POINT('',(-11.325,22.86,-14.3));
#9117 = DIRECTION('',(1.,0.,-0.));
#9118 = DIRECTION('',(0.,0.,1.));
#9119 = ADVANCED_FACE('',(#9120),#9131,.T.);
#9120 = FACE_BOUND('',#9121,.T.);
#9121 = EDGE_LOOP('',(#9122,#9128,#9129,#9130));
#9122 = ORIENTED_EDGE('',*,*,#9123,.F.);
#9123 = EDGE_CURVE('',#5088,#2155,#9124,.T.);
#9124 = LINE('',#9125,#9126);
#9125 = CARTESIAN_POINT('',(-14.075,22.86,-14.3));
#9126 = VECTOR('',#9127,1.);
#9127 = DIRECTION('',(0.,0.,1.));
#9128 = ORIENTED_EDGE('',*,*,#5096,.T.);
#9129 = ORIENTED_EDGE('',*,*,#9092,.T.);
#9130 = ORIENTED_EDGE('',*,*,#2163,.F.);
#9131 = PLANE('',#9132);
#9132 = AXIS2_PLACEMENT_3D('',#9133,#9134,#9135);
#9133 = CARTESIAN_POINT('',(-14.075,22.86,-14.3));
#9134 = DIRECTION('',(1.,0.,-0.));
#9135 = DIRECTION('',(0.,0.,1.));
#9136 = ADVANCED_FACE('',(#9137),#9143,.F.);
#9137 = FACE_BOUND('',#9138,.F.);
#9138 = EDGE_LOOP('',(#9139,#9140,#9141,#9142));
#9139 = ORIENTED_EDGE('',*,*,#9106,.T.);
#9140 = ORIENTED_EDGE('',*,*,#2154,.F.);
#9141 = ORIENTED_EDGE('',*,*,#9123,.F.);
#9142 = ORIENTED_EDGE('',*,*,#5087,.T.);
#9143 = CYLINDRICAL_SURFACE('',#9144,1.375);
#9144 = AXIS2_PLACEMENT_3D('',#9145,#9146,#9147);
#9145 = CARTESIAN_POINT('',(-12.7,22.86,-14.3));
#9146 = DIRECTION('',(0.,0.,1.));
#9147 = DIRECTION('',(1.,0.,-0.));
#9148 = ADVANCED_FACE('',(#9149),#9165,.F.);
#9149 = FACE_BOUND('',#9150,.F.);
#9150 = EDGE_LOOP('',(#9151,#9152,#9158,#9159));
#9151 = ORIENTED_EDGE('',*,*,#2171,.F.);
#9152 = ORIENTED_EDGE('',*,*,#9153,.F.);
#9153 = EDGE_CURVE('',#5105,#2172,#9154,.T.);
#9154 = LINE('',#9155,#9156);
#9155 = CARTESIAN_POINT('',(-1.165,22.86,-14.3));
#9156 = VECTOR('',#9157,1.);
#9157 = DIRECTION('',(0.,0.,1.));
#9158 = ORIENTED_EDGE('',*,*,#5104,.T.);
#9159 = ORIENTED_EDGE('',*,*,#9160,.T.);
#9160 = EDGE_CURVE('',#5107,#2174,#9161,.T.);
#9161 = LINE('',#9162,#9163);
#9162 = CARTESIAN_POINT('',(-3.915,22.86,-14.3));
#9163 = VECTOR('',#9164,1.);
#9164 = DIRECTION('',(0.,0.,1.));
#9165 = CYLINDRICAL_SURFACE('',#9166,1.375);
#9166 = AXIS2_PLACEMENT_3D('',#9167,#9168,#9169);
#9167 = CARTESIAN_POINT('',(-2.54,22.86,-14.3));
#9168 = DIRECTION('',(0.,0.,1.));
#9169 = DIRECTION('',(1.,0.,-0.));
#9170 = ADVANCED_FACE('',(#9171),#9182,.F.);
#9171 = FACE_BOUND('',#9172,.F.);
#9172 = EDGE_LOOP('',(#9173,#9179,#9180,#9181));
#9173 = ORIENTED_EDGE('',*,*,#9174,.F.);
#9174 = EDGE_CURVE('',#5116,#2183,#9175,.T.);
#9175 = LINE('',#9176,#9177);
#9176 = CARTESIAN_POINT('',(-1.165,17.78,-14.3));
#9177 = VECTOR('',#9178,1.);
#9178 = DIRECTION('',(0.,0.,1.));
#9179 = ORIENTED_EDGE('',*,*,#5115,.T.);
#9180 = ORIENTED_EDGE('',*,*,#9153,.T.);
#9181 = ORIENTED_EDGE('',*,*,#2182,.F.);
#9182 = PLANE('',#9183);
#9183 = AXIS2_PLACEMENT_3D('',#9184,#9185,#9186);
#9184 = CARTESIAN_POINT('',(-1.165,17.78,-14.3));
#9185 = DIRECTION('',(1.,0.,-0.));
#9186 = DIRECTION('',(0.,0.,1.));
#9187 = ADVANCED_FACE('',(#9188),#9199,.T.);
#9188 = FACE_BOUND('',#9189,.T.);
#9189 = EDGE_LOOP('',(#9190,#9196,#9197,#9198));
#9190 = ORIENTED_EDGE('',*,*,#9191,.F.);
#9191 = EDGE_CURVE('',#5124,#2191,#9192,.T.);
#9192 = LINE('',#9193,#9194);
#9193 = CARTESIAN_POINT('',(-3.915,17.78,-14.3));
#9194 = VECTOR('',#9195,1.);
#9195 = DIRECTION('',(0.,0.,1.));
#9196 = ORIENTED_EDGE('',*,*,#5132,.T.);
#9197 = ORIENTED_EDGE('',*,*,#9160,.T.);
#9198 = ORIENTED_EDGE('',*,*,#2199,.F.);
#9199 = PLANE('',#9200);
#9200 = AXIS2_PLACEMENT_3D('',#9201,#9202,#9203);
#9201 = CARTESIAN_POINT('',(-3.915,17.78,-14.3));
#9202 = DIRECTION('',(1.,0.,-0.));
#9203 = DIRECTION('',(0.,0.,1.));
#9204 = ADVANCED_FACE('',(#9205),#9211,.F.);
#9205 = FACE_BOUND('',#9206,.F.);
#9206 = EDGE_LOOP('',(#9207,#9208,#9209,#9210));
#9207 = ORIENTED_EDGE('',*,*,#9174,.T.);
#9208 = ORIENTED_EDGE('',*,*,#2190,.F.);
#9209 = ORIENTED_EDGE('',*,*,#9191,.F.);
#9210 = ORIENTED_EDGE('',*,*,#5123,.T.);
#9211 = CYLINDRICAL_SURFACE('',#9212,1.375);
#9212 = AXIS2_PLACEMENT_3D('',#9213,#9214,#9215);
#9213 = CARTESIAN_POINT('',(-2.54,17.78,-14.3));
#9214 = DIRECTION('',(0.,0.,1.));
#9215 = DIRECTION('',(1.,0.,-0.));
#9216 = ADVANCED_FACE('',(#9217),#9228,.F.);
#9217 = FACE_BOUND('',#9218,.F.);
#9218 = EDGE_LOOP('',(#9219,#9220,#9226,#9227));
#9219 = ORIENTED_EDGE('',*,*,#2207,.F.);
#9220 = ORIENTED_EDGE('',*,*,#9221,.F.);
#9221 = EDGE_CURVE('',#5141,#2208,#9222,.T.);
#9222 = LINE('',#9223,#9224);
#9223 = CARTESIAN_POINT('',(-6.245,22.86,-14.3));
#9224 = VECTOR('',#9225,1.);
#9225 = DIRECTION('',(0.,0.,1.));
#9226 = ORIENTED_EDGE('',*,*,#5140,.T.);
#9227 = ORIENTED_EDGE('',*,*,#9221,.T.);
#9228 = CYLINDRICAL_SURFACE('',#9229,1.375);
#9229 = AXIS2_PLACEMENT_3D('',#9230,#9231,#9232);
#9230 = CARTESIAN_POINT('',(-7.62,22.86,-14.3));
#9231 = DIRECTION('',(0.,0.,1.));
#9232 = DIRECTION('',(1.,0.,-0.));
#9233 = ADVANCED_FACE('',(#9234),#9250,.F.);
#9234 = FACE_BOUND('',#9235,.F.);
#9235 = EDGE_LOOP('',(#9236,#9237,#9243,#9244));
#9236 = ORIENTED_EDGE('',*,*,#2218,.F.);
#9237 = ORIENTED_EDGE('',*,*,#9238,.F.);
#9238 = EDGE_CURVE('',#5152,#2219,#9239,.T.);
#9239 = LINE('',#9240,#9241);
#9240 = CARTESIAN_POINT('',(-7.62,29.315,-14.3));
#9241 = VECTOR('',#9242,1.);
#9242 = DIRECTION('',(0.,0.,1.));
#9243 = ORIENTED_EDGE('',*,*,#5151,.T.);
#9244 = ORIENTED_EDGE('',*,*,#9245,.T.);
#9245 = EDGE_CURVE('',#5154,#2221,#9246,.T.);
#9246 = LINE('',#9247,#9248);
#9247 = CARTESIAN_POINT('',(-7.62,26.565,-14.3));
#9248 = VECTOR('',#9249,1.);
#9249 = DIRECTION('',(0.,0.,1.));
#9250 = CYLINDRICAL_SURFACE('',#9251,1.375);
#9251 = AXIS2_PLACEMENT_3D('',#9252,#9253,#9254);
#9252 = CARTESIAN_POINT('',(-7.62,27.94,-14.3));
#9253 = DIRECTION('',(0.,0.,1.));
#9254 = DIRECTION('',(1.,0.,-0.));
#9255 = ADVANCED_FACE('',(#9256),#9267,.F.);
#9256 = FACE_BOUND('',#9257,.F.);
#9257 = EDGE_LOOP('',(#9258,#9259,#9260,#9261));
#9258 = ORIENTED_EDGE('',*,*,#5162,.T.);
#9259 = ORIENTED_EDGE('',*,*,#9238,.T.);
#9260 = ORIENTED_EDGE('',*,*,#2229,.F.);
#9261 = ORIENTED_EDGE('',*,*,#9262,.F.);
#9262 = EDGE_CURVE('',#5163,#2230,#9263,.T.);
#9263 = LINE('',#9264,#9265);
#9264 = CARTESIAN_POINT('',(-2.54,29.315,-14.3));
#9265 = VECTOR('',#9266,1.);
#9266 = DIRECTION('',(0.,0.,1.));
#9267 = PLANE('',#9268);
#9268 = AXIS2_PLACEMENT_3D('',#9269,#9270,#9271);
#9269 = CARTESIAN_POINT('',(-7.62,29.315,-14.3));
#9270 = DIRECTION('',(-0.,1.,0.));
#9271 = DIRECTION('',(0.,0.,1.));
#9272 = ADVANCED_FACE('',(#9273),#9284,.T.);
#9273 = FACE_BOUND('',#9274,.T.);
#9274 = EDGE_LOOP('',(#9275,#9276,#9277,#9278));
#9275 = ORIENTED_EDGE('',*,*,#5188,.T.);
#9276 = ORIENTED_EDGE('',*,*,#9245,.T.);
#9277 = ORIENTED_EDGE('',*,*,#2255,.F.);
#9278 = ORIENTED_EDGE('',*,*,#9279,.F.);
#9279 = EDGE_CURVE('',#5180,#2247,#9280,.T.);
#9280 = LINE('',#9281,#9282);
#9281 = CARTESIAN_POINT('',(-2.54,26.565,-14.3));
#9282 = VECTOR('',#9283,1.);
#9283 = DIRECTION('',(0.,0.,1.));
#9284 = PLANE('',#9285);
#9285 = AXIS2_PLACEMENT_3D('',#9286,#9287,#9288);
#9286 = CARTESIAN_POINT('',(-7.62,26.565,-14.3));
#9287 = DIRECTION('',(-0.,1.,0.));
#9288 = DIRECTION('',(0.,0.,1.));
#9289 = ADVANCED_FACE('',(#9290),#9306,.F.);
#9290 = FACE_BOUND('',#9291,.F.);
#9291 = EDGE_LOOP('',(#9292,#9293,#9299,#9300));
#9292 = ORIENTED_EDGE('',*,*,#2263,.F.);
#9293 = ORIENTED_EDGE('',*,*,#9294,.F.);
#9294 = EDGE_CURVE('',#5197,#2264,#9295,.T.);
#9295 = LINE('',#9296,#9297);
#9296 = CARTESIAN_POINT('',(2.54,3.915,-14.3));
#9297 = VECTOR('',#9298,1.);
#9298 = DIRECTION('',(0.,0.,1.));
#9299 = ORIENTED_EDGE('',*,*,#5196,.T.);
#9300 = ORIENTED_EDGE('',*,*,#9301,.T.);
#9301 = EDGE_CURVE('',#5199,#2266,#9302,.T.);
#9302 = LINE('',#9303,#9304);
#9303 = CARTESIAN_POINT('',(2.54,1.165,-14.3));
#9304 = VECTOR('',#9305,1.);
#9305 = DIRECTION('',(0.,0.,1.));
#9306 = CYLINDRICAL_SURFACE('',#9307,1.375);
#9307 = AXIS2_PLACEMENT_3D('',#9308,#9309,#9310);
#9308 = CARTESIAN_POINT('',(2.54,2.54,-14.3));
#9309 = DIRECTION('',(0.,0.,1.));
#9310 = DIRECTION('',(1.,0.,-0.));
#9311 = ADVANCED_FACE('',(#9312),#9323,.F.);
#9312 = FACE_BOUND('',#9313,.F.);
#9313 = EDGE_LOOP('',(#9314,#9315,#9316,#9317));
#9314 = ORIENTED_EDGE('',*,*,#5207,.T.);
#9315 = ORIENTED_EDGE('',*,*,#9294,.T.);
#9316 = ORIENTED_EDGE('',*,*,#2274,.F.);
#9317 = ORIENTED_EDGE('',*,*,#9318,.F.);
#9318 = EDGE_CURVE('',#5208,#2275,#9319,.T.);
#9319 = LINE('',#9320,#9321);
#9320 = CARTESIAN_POINT('',(7.62,3.915,-14.3));
#9321 = VECTOR('',#9322,1.);
#9322 = DIRECTION('',(0.,0.,1.));
#9323 = PLANE('',#9324);
#9324 = AXIS2_PLACEMENT_3D('',#9325,#9326,#9327);
#9325 = CARTESIAN_POINT('',(2.54,3.915,-14.3));
#9326 = DIRECTION('',(-0.,1.,0.));
#9327 = DIRECTION('',(0.,0.,1.));
#9328 = ADVANCED_FACE('',(#9329),#9340,.T.);
#9329 = FACE_BOUND('',#9330,.T.);
#9330 = EDGE_LOOP('',(#9331,#9332,#9333,#9334));
#9331 = ORIENTED_EDGE('',*,*,#5233,.T.);
#9332 = ORIENTED_EDGE('',*,*,#9301,.T.);
#9333 = ORIENTED_EDGE('',*,*,#2300,.F.);
#9334 = ORIENTED_EDGE('',*,*,#9335,.F.);
#9335 = EDGE_CURVE('',#5225,#2292,#9336,.T.);
#9336 = LINE('',#9337,#9338);
#9337 = CARTESIAN_POINT('',(7.62,1.165,-14.3));
#9338 = VECTOR('',#9339,1.);
#9339 = DIRECTION('',(0.,0.,1.));
#9340 = PLANE('',#9341);
#9341 = AXIS2_PLACEMENT_3D('',#9342,#9343,#9344);
#9342 = CARTESIAN_POINT('',(2.54,1.165,-14.3));
#9343 = DIRECTION('',(-0.,1.,0.));
#9344 = DIRECTION('',(0.,0.,1.));
#9345 = ADVANCED_FACE('',(#9346),#9357,.F.);
#9346 = FACE_BOUND('',#9347,.F.);
#9347 = EDGE_LOOP('',(#9348,#9349,#9355,#9356));
#9348 = ORIENTED_EDGE('',*,*,#2308,.F.);
#9349 = ORIENTED_EDGE('',*,*,#9350,.F.);
#9350 = EDGE_CURVE('',#5242,#2309,#9351,.T.);
#9351 = LINE('',#9352,#9353);
#9352 = CARTESIAN_POINT('',(8.995,7.62,-14.3));
#9353 = VECTOR('',#9354,1.);
#9354 = DIRECTION('',(0.,0.,1.));
#9355 = ORIENTED_EDGE('',*,*,#5241,.T.);
#9356 = ORIENTED_EDGE('',*,*,#9350,.T.);
#9357 = CYLINDRICAL_SURFACE('',#9358,1.375);
#9358 = AXIS2_PLACEMENT_3D('',#9359,#9360,#9361);
#9359 = CARTESIAN_POINT('',(7.62,7.62,-14.3));
#9360 = DIRECTION('',(0.,0.,1.));
#9361 = DIRECTION('',(1.,0.,-0.));
#9362 = ADVANCED_FACE('',(#9363),#9379,.F.);
#9363 = FACE_BOUND('',#9364,.F.);
#9364 = EDGE_LOOP('',(#9365,#9366,#9372,#9373));
#9365 = ORIENTED_EDGE('',*,*,#2319,.F.);
#9366 = ORIENTED_EDGE('',*,*,#9367,.F.);
#9367 = EDGE_CURVE('',#5253,#2320,#9368,.T.);
#9368 = LINE('',#9369,#9370);
#9369 = CARTESIAN_POINT('',(14.075,7.62,-14.3));
#9370 = VECTOR('',#9371,1.);
#9371 = DIRECTION('',(0.,0.,1.));
#9372 = ORIENTED_EDGE('',*,*,#5252,.T.);
#9373 = ORIENTED_EDGE('',*,*,#9374,.T.);
#9374 = EDGE_CURVE('',#5255,#2322,#9375,.T.);
#9375 = LINE('',#9376,#9377);
#9376 = CARTESIAN_POINT('',(11.325,7.62,-14.3));
#9377 = VECTOR('',#9378,1.);
#9378 = DIRECTION('',(0.,0.,1.));
#9379 = CYLINDRICAL_SURFACE('',#9380,1.375);
#9380 = AXIS2_PLACEMENT_3D('',#9381,#9382,#9383);
#9381 = CARTESIAN_POINT('',(12.7,7.62,-14.3));
#9382 = DIRECTION('',(0.,0.,1.));
#9383 = DIRECTION('',(1.,0.,-0.));
#9384 = ADVANCED_FACE('',(#9385),#9396,.F.);
#9385 = FACE_BOUND('',#9386,.F.);
#9386 = EDGE_LOOP('',(#9387,#9393,#9394,#9395));
#9387 = ORIENTED_EDGE('',*,*,#9388,.F.);
#9388 = EDGE_CURVE('',#5264,#2331,#9389,.T.);
#9389 = LINE('',#9390,#9391);
#9390 = CARTESIAN_POINT('',(14.075,2.54,-14.3));
#9391 = VECTOR('',#9392,1.);
#9392 = DIRECTION('',(0.,0.,1.));
#9393 = ORIENTED_EDGE('',*,*,#5263,.T.);
#9394 = ORIENTED_EDGE('',*,*,#9367,.T.);
#9395 = ORIENTED_EDGE('',*,*,#2330,.F.);
#9396 = PLANE('',#9397);
#9397 = AXIS2_PLACEMENT_3D('',#9398,#9399,#9400);
#9398 = CARTESIAN_POINT('',(14.075,2.54,-14.3));
#9399 = DIRECTION('',(1.,0.,-0.));
#9400 = DIRECTION('',(0.,0.,1.));
#9401 = ADVANCED_FACE('',(#9402),#9413,.T.);
#9402 = FACE_BOUND('',#9403,.T.);
#9403 = EDGE_LOOP('',(#9404,#9410,#9411,#9412));
#9404 = ORIENTED_EDGE('',*,*,#9405,.F.);
#9405 = EDGE_CURVE('',#5272,#2339,#9406,.T.);
#9406 = LINE('',#9407,#9408);
#9407 = CARTESIAN_POINT('',(11.325,2.54,-14.3));
#9408 = VECTOR('',#9409,1.);
#9409 = DIRECTION('',(0.,0.,1.));
#9410 = ORIENTED_EDGE('',*,*,#5280,.T.);
#9411 = ORIENTED_EDGE('',*,*,#9374,.T.);
#9412 = ORIENTED_EDGE('',*,*,#2347,.F.);
#9413 = PLANE('',#9414);
#9414 = AXIS2_PLACEMENT_3D('',#9415,#9416,#9417);
#9415 = CARTESIAN_POINT('',(11.325,2.54,-14.3));
#9416 = DIRECTION('',(1.,0.,-0.));
#9417 = DIRECTION('',(0.,0.,1.));
#9418 = ADVANCED_FACE('',(#9419),#9425,.F.);
#9419 = FACE_BOUND('',#9420,.F.);
#9420 = EDGE_LOOP('',(#9421,#9422,#9423,#9424));
#9421 = ORIENTED_EDGE('',*,*,#9388,.T.);
#9422 = ORIENTED_EDGE('',*,*,#2338,.F.);
#9423 = ORIENTED_EDGE('',*,*,#9405,.F.);
#9424 = ORIENTED_EDGE('',*,*,#5271,.T.);
#9425 = CYLINDRICAL_SURFACE('',#9426,1.375);
#9426 = AXIS2_PLACEMENT_3D('',#9427,#9428,#9429);
#9427 = CARTESIAN_POINT('',(12.7,2.54,-14.3));
#9428 = DIRECTION('',(0.,0.,1.));
#9429 = DIRECTION('',(1.,0.,-0.));
#9430 = ADVANCED_FACE('',(#9431),#9447,.F.);
#9431 = FACE_BOUND('',#9432,.F.);
#9432 = EDGE_LOOP('',(#9433,#9434,#9440,#9441));
#9433 = ORIENTED_EDGE('',*,*,#2355,.F.);
#9434 = ORIENTED_EDGE('',*,*,#9435,.F.);
#9435 = EDGE_CURVE('',#5289,#2356,#9436,.T.);
#9436 = LINE('',#9437,#9438);
#9437 = CARTESIAN_POINT('',(3.915,12.7,-14.3));
#9438 = VECTOR('',#9439,1.);
#9439 = DIRECTION('',(0.,0.,1.));
#9440 = ORIENTED_EDGE('',*,*,#5288,.T.);
#9441 = ORIENTED_EDGE('',*,*,#9442,.T.);
#9442 = EDGE_CURVE('',#5291,#2358,#9443,.T.);
#9443 = LINE('',#9444,#9445);
#9444 = CARTESIAN_POINT('',(1.165,12.7,-14.3));
#9445 = VECTOR('',#9446,1.);
#9446 = DIRECTION('',(0.,0.,1.));
#9447 = CYLINDRICAL_SURFACE('',#9448,1.375);
#9448 = AXIS2_PLACEMENT_3D('',#9449,#9450,#9451);
#9449 = CARTESIAN_POINT('',(2.54,12.7,-14.3));
#9450 = DIRECTION('',(0.,0.,1.));
#9451 = DIRECTION('',(1.,0.,-0.));
#9452 = ADVANCED_FACE('',(#9453),#9464,.F.);
#9453 = FACE_BOUND('',#9454,.F.);
#9454 = EDGE_LOOP('',(#9455,#9461,#9462,#9463));
#9455 = ORIENTED_EDGE('',*,*,#9456,.F.);
#9456 = EDGE_CURVE('',#5300,#2367,#9457,.T.);
#9457 = LINE('',#9458,#9459);
#9458 = CARTESIAN_POINT('',(3.915,7.62,-14.3));
#9459 = VECTOR('',#9460,1.);
#9460 = DIRECTION('',(0.,0.,1.));
#9461 = ORIENTED_EDGE('',*,*,#5299,.T.);
#9462 = ORIENTED_EDGE('',*,*,#9435,.T.);
#9463 = ORIENTED_EDGE('',*,*,#2366,.F.);
#9464 = PLANE('',#9465);
#9465 = AXIS2_PLACEMENT_3D('',#9466,#9467,#9468);
#9466 = CARTESIAN_POINT('',(3.915,7.62,-14.3));
#9467 = DIRECTION('',(1.,0.,-0.));
#9468 = DIRECTION('',(0.,0.,1.));
#9469 = ADVANCED_FACE('',(#9470),#9481,.T.);
#9470 = FACE_BOUND('',#9471,.T.);
#9471 = EDGE_LOOP('',(#9472,#9478,#9479,#9480));
#9472 = ORIENTED_EDGE('',*,*,#9473,.F.);
#9473 = EDGE_CURVE('',#5308,#2375,#9474,.T.);
#9474 = LINE('',#9475,#9476);
#9475 = CARTESIAN_POINT('',(1.165,7.62,-14.3));
#9476 = VECTOR('',#9477,1.);
#9477 = DIRECTION('',(0.,0.,1.));
#9478 = ORIENTED_EDGE('',*,*,#5316,.T.);
#9479 = ORIENTED_EDGE('',*,*,#9442,.T.);
#9480 = ORIENTED_EDGE('',*,*,#2383,.F.);
#9481 = PLANE('',#9482);
#9482 = AXIS2_PLACEMENT_3D('',#9483,#9484,#9485);
#9483 = CARTESIAN_POINT('',(1.165,7.62,-14.3));
#9484 = DIRECTION('',(1.,0.,-0.));
#9485 = DIRECTION('',(0.,0.,1.));
#9486 = ADVANCED_FACE('',(#9487),#9493,.F.);
#9487 = FACE_BOUND('',#9488,.F.);
#9488 = EDGE_LOOP('',(#9489,#9490,#9491,#9492));
#9489 = ORIENTED_EDGE('',*,*,#9456,.T.);
#9490 = ORIENTED_EDGE('',*,*,#2374,.F.);
#9491 = ORIENTED_EDGE('',*,*,#9473,.F.);
#9492 = ORIENTED_EDGE('',*,*,#5307,.T.);
#9493 = CYLINDRICAL_SURFACE('',#9494,1.375);
#9494 = AXIS2_PLACEMENT_3D('',#9495,#9496,#9497);
#9495 = CARTESIAN_POINT('',(2.54,7.62,-14.3));
#9496 = DIRECTION('',(0.,0.,1.));
#9497 = DIRECTION('',(1.,0.,-0.));
#9498 = ADVANCED_FACE('',(#9499),#9515,.F.);
#9499 = FACE_BOUND('',#9500,.F.);
#9500 = EDGE_LOOP('',(#9501,#9502,#9508,#9509));
#9501 = ORIENTED_EDGE('',*,*,#2391,.F.);
#9502 = ORIENTED_EDGE('',*,*,#9503,.F.);
#9503 = EDGE_CURVE('',#5325,#2392,#9504,.T.);
#9504 = LINE('',#9505,#9506);
#9505 = CARTESIAN_POINT('',(2.54,19.155,-14.3));
#9506 = VECTOR('',#9507,1.);
#9507 = DIRECTION('',(0.,0.,1.));
#9508 = ORIENTED_EDGE('',*,*,#5324,.T.);
#9509 = ORIENTED_EDGE('',*,*,#9510,.T.);
#9510 = EDGE_CURVE('',#5327,#2394,#9511,.T.);
#9511 = LINE('',#9512,#9513);
#9512 = CARTESIAN_POINT('',(2.54,16.405,-14.3));
#9513 = VECTOR('',#9514,1.);
#9514 = DIRECTION('',(0.,0.,1.));
#9515 = CYLINDRICAL_SURFACE('',#9516,1.375);
#9516 = AXIS2_PLACEMENT_3D('',#9517,#9518,#9519);
#9517 = CARTESIAN_POINT('',(2.54,17.78,-14.3));
#9518 = DIRECTION('',(0.,0.,1.));
#9519 = DIRECTION('',(1.,0.,-0.));
#9520 = ADVANCED_FACE('',(#9521),#9532,.F.);
#9521 = FACE_BOUND('',#9522,.F.);
#9522 = EDGE_LOOP('',(#9523,#9524,#9525,#9526));
#9523 = ORIENTED_EDGE('',*,*,#5335,.T.);
#9524 = ORIENTED_EDGE('',*,*,#9503,.T.);
#9525 = ORIENTED_EDGE('',*,*,#2402,.F.);
#9526 = ORIENTED_EDGE('',*,*,#9527,.F.);
#9527 = EDGE_CURVE('',#5336,#2403,#9528,.T.);
#9528 = LINE('',#9529,#9530);
#9529 = CARTESIAN_POINT('',(7.62,19.155,-14.3));
#9530 = VECTOR('',#9531,1.);
#9531 = DIRECTION('',(0.,0.,1.));
#9532 = PLANE('',#9533);
#9533 = AXIS2_PLACEMENT_3D('',#9534,#9535,#9536);
#9534 = CARTESIAN_POINT('',(2.54,19.155,-14.3));
#9535 = DIRECTION('',(-0.,1.,0.));
#9536 = DIRECTION('',(0.,0.,1.));
#9537 = ADVANCED_FACE('',(#9538),#9549,.T.);
#9538 = FACE_BOUND('',#9539,.T.);
#9539 = EDGE_LOOP('',(#9540,#9541,#9542,#9543));
#9540 = ORIENTED_EDGE('',*,*,#5361,.T.);
#9541 = ORIENTED_EDGE('',*,*,#9510,.T.);
#9542 = ORIENTED_EDGE('',*,*,#2428,.F.);
#9543 = ORIENTED_EDGE('',*,*,#9544,.F.);
#9544 = EDGE_CURVE('',#5353,#2420,#9545,.T.);
#9545 = LINE('',#9546,#9547);
#9546 = CARTESIAN_POINT('',(7.62,16.405,-14.3));
#9547 = VECTOR('',#9548,1.);
#9548 = DIRECTION('',(0.,0.,1.));
#9549 = PLANE('',#9550);
#9550 = AXIS2_PLACEMENT_3D('',#9551,#9552,#9553);
#9551 = CARTESIAN_POINT('',(2.54,16.405,-14.3));
#9552 = DIRECTION('',(-0.,1.,0.));
#9553 = DIRECTION('',(0.,0.,1.));
#9554 = ADVANCED_FACE('',(#9555),#9571,.F.);
#9555 = FACE_BOUND('',#9556,.F.);
#9556 = EDGE_LOOP('',(#9557,#9558,#9564,#9565));
#9557 = ORIENTED_EDGE('',*,*,#2436,.F.);
#9558 = ORIENTED_EDGE('',*,*,#9559,.F.);
#9559 = EDGE_CURVE('',#5370,#2437,#9560,.T.);
#9560 = LINE('',#9561,#9562);
#9561 = CARTESIAN_POINT('',(7.62,14.075,-14.3));
#9562 = VECTOR('',#9563,1.);
#9563 = DIRECTION('',(0.,0.,1.));
#9564 = ORIENTED_EDGE('',*,*,#5369,.T.);
#9565 = ORIENTED_EDGE('',*,*,#9566,.T.);
#9566 = EDGE_CURVE('',#5372,#2439,#9567,.T.);
#9567 = LINE('',#9568,#9569);
#9568 = CARTESIAN_POINT('',(7.62,11.325,-14.3));
#9569 = VECTOR('',#9570,1.);
#9570 = DIRECTION('',(0.,0.,1.));
#9571 = CYLINDRICAL_SURFACE('',#9572,1.375);
#9572 = AXIS2_PLACEMENT_3D('',#9573,#9574,#9575);
#9573 = CARTESIAN_POINT('',(7.62,12.7,-14.3));
#9574 = DIRECTION('',(0.,0.,1.));
#9575 = DIRECTION('',(1.,0.,-0.));
#9576 = ADVANCED_FACE('',(#9577),#9588,.F.);
#9577 = FACE_BOUND('',#9578,.F.);
#9578 = EDGE_LOOP('',(#9579,#9580,#9581,#9582));
#9579 = ORIENTED_EDGE('',*,*,#5380,.T.);
#9580 = ORIENTED_EDGE('',*,*,#9559,.T.);
#9581 = ORIENTED_EDGE('',*,*,#2447,.F.);
#9582 = ORIENTED_EDGE('',*,*,#9583,.F.);
#9583 = EDGE_CURVE('',#5381,#2448,#9584,.T.);
#9584 = LINE('',#9585,#9586);
#9585 = CARTESIAN_POINT('',(12.7,14.075,-14.3));
#9586 = VECTOR('',#9587,1.);
#9587 = DIRECTION('',(0.,0.,1.));
#9588 = PLANE('',#9589);
#9589 = AXIS2_PLACEMENT_3D('',#9590,#9591,#9592);
#9590 = CARTESIAN_POINT('',(7.62,14.075,-14.3));
#9591 = DIRECTION('',(-0.,1.,0.));
#9592 = DIRECTION('',(0.,0.,1.));
#9593 = ADVANCED_FACE('',(#9594),#9605,.T.);
#9594 = FACE_BOUND('',#9595,.T.);
#9595 = EDGE_LOOP('',(#9596,#9597,#9598,#9599));
#9596 = ORIENTED_EDGE('',*,*,#5406,.T.);
#9597 = ORIENTED_EDGE('',*,*,#9566,.T.);
#9598 = ORIENTED_EDGE('',*,*,#2473,.F.);
#9599 = ORIENTED_EDGE('',*,*,#9600,.F.);
#9600 = EDGE_CURVE('',#5398,#2465,#9601,.T.);
#9601 = LINE('',#9602,#9603);
#9602 = CARTESIAN_POINT('',(12.7,11.325,-14.3));
#9603 = VECTOR('',#9604,1.);
#9604 = DIRECTION('',(0.,0.,1.));
#9605 = PLANE('',#9606);
#9606 = AXIS2_PLACEMENT_3D('',#9607,#9608,#9609);
#9607 = CARTESIAN_POINT('',(7.62,11.325,-14.3));
#9608 = DIRECTION('',(-0.,1.,0.));
#9609 = DIRECTION('',(0.,0.,1.));
#9610 = ADVANCED_FACE('',(#9611),#9627,.F.);
#9611 = FACE_BOUND('',#9612,.F.);
#9612 = EDGE_LOOP('',(#9613,#9614,#9620,#9621));
#9613 = ORIENTED_EDGE('',*,*,#2481,.F.);
#9614 = ORIENTED_EDGE('',*,*,#9615,.F.);
#9615 = EDGE_CURVE('',#5415,#2482,#9616,.T.);
#9616 = LINE('',#9617,#9618);
#9617 = CARTESIAN_POINT('',(19.155,12.7,-14.3));
#9618 = VECTOR('',#9619,1.);
#9619 = DIRECTION('',(0.,0.,1.));
#9620 = ORIENTED_EDGE('',*,*,#5414,.T.);
#9621 = ORIENTED_EDGE('',*,*,#9622,.T.);
#9622 = EDGE_CURVE('',#5417,#2484,#9623,.T.);
#9623 = LINE('',#9624,#9625);
#9624 = CARTESIAN_POINT('',(16.405,12.7,-14.3));
#9625 = VECTOR('',#9626,1.);
#9626 = DIRECTION('',(0.,0.,1.));
#9627 = CYLINDRICAL_SURFACE('',#9628,1.375);
#9628 = AXIS2_PLACEMENT_3D('',#9629,#9630,#9631);
#9629 = CARTESIAN_POINT('',(17.78,12.7,-14.3));
#9630 = DIRECTION('',(0.,0.,1.));
#9631 = DIRECTION('',(1.,0.,-0.));
#9632 = ADVANCED_FACE('',(#9633),#9644,.F.);
#9633 = FACE_BOUND('',#9634,.F.);
#9634 = EDGE_LOOP('',(#9635,#9641,#9642,#9643));
#9635 = ORIENTED_EDGE('',*,*,#9636,.F.);
#9636 = EDGE_CURVE('',#5426,#2493,#9637,.T.);
#9637 = LINE('',#9638,#9639);
#9638 = CARTESIAN_POINT('',(19.155,7.62,-14.3));
#9639 = VECTOR('',#9640,1.);
#9640 = DIRECTION('',(0.,0.,1.));
#9641 = ORIENTED_EDGE('',*,*,#5425,.T.);
#9642 = ORIENTED_EDGE('',*,*,#9615,.T.);
#9643 = ORIENTED_EDGE('',*,*,#2492,.F.);
#9644 = PLANE('',#9645);
#9645 = AXIS2_PLACEMENT_3D('',#9646,#9647,#9648);
#9646 = CARTESIAN_POINT('',(19.155,7.62,-14.3));
#9647 = DIRECTION('',(1.,0.,-0.));
#9648 = DIRECTION('',(0.,0.,1.));
#9649 = ADVANCED_FACE('',(#9650),#9661,.T.);
#9650 = FACE_BOUND('',#9651,.T.);
#9651 = EDGE_LOOP('',(#9652,#9658,#9659,#9660));
#9652 = ORIENTED_EDGE('',*,*,#9653,.F.);
#9653 = EDGE_CURVE('',#5434,#2501,#9654,.T.);
#9654 = LINE('',#9655,#9656);
#9655 = CARTESIAN_POINT('',(16.405,7.62,-14.3));
#9656 = VECTOR('',#9657,1.);
#9657 = DIRECTION('',(0.,0.,1.));
#9658 = ORIENTED_EDGE('',*,*,#5442,.T.);
#9659 = ORIENTED_EDGE('',*,*,#9622,.T.);
#9660 = ORIENTED_EDGE('',*,*,#2509,.F.);
#9661 = PLANE('',#9662);
#9662 = AXIS2_PLACEMENT_3D('',#9663,#9664,#9665);
#9663 = CARTESIAN_POINT('',(16.405,7.62,-14.3));
#9664 = DIRECTION('',(1.,0.,-0.));
#9665 = DIRECTION('',(0.,0.,1.));
#9666 = ADVANCED_FACE('',(#9667),#9673,.F.);
#9667 = FACE_BOUND('',#9668,.F.);
#9668 = EDGE_LOOP('',(#9669,#9670,#9671,#9672));
#9669 = ORIENTED_EDGE('',*,*,#9636,.T.);
#9670 = ORIENTED_EDGE('',*,*,#2500,.F.);
#9671 = ORIENTED_EDGE('',*,*,#9653,.F.);
#9672 = ORIENTED_EDGE('',*,*,#5433,.T.);
#9673 = CYLINDRICAL_SURFACE('',#9674,1.375);
#9674 = AXIS2_PLACEMENT_3D('',#9675,#9676,#9677);
#9675 = CARTESIAN_POINT('',(17.78,7.62,-14.3));
#9676 = DIRECTION('',(0.,0.,1.));
#9677 = DIRECTION('',(1.,0.,-0.));
#9678 = ADVANCED_FACE('',(#9679),#9695,.F.);
#9679 = FACE_BOUND('',#9680,.F.);
#9680 = EDGE_LOOP('',(#9681,#9682,#9688,#9689));
#9681 = ORIENTED_EDGE('',*,*,#2517,.F.);
#9682 = ORIENTED_EDGE('',*,*,#9683,.F.);
#9683 = EDGE_CURVE('',#5451,#2518,#9684,.T.);
#9684 = LINE('',#9685,#9686);
#9685 = CARTESIAN_POINT('',(17.78,3.915,-14.3));
#9686 = VECTOR('',#9687,1.);
#9687 = DIRECTION('',(0.,0.,1.));
#9688 = ORIENTED_EDGE('',*,*,#5450,.T.);
#9689 = ORIENTED_EDGE('',*,*,#9690,.T.);
#9690 = EDGE_CURVE('',#5453,#2520,#9691,.T.);
#9691 = LINE('',#9692,#9693);
#9692 = CARTESIAN_POINT('',(17.78,1.165,-14.3));
#9693 = VECTOR('',#9694,1.);
#9694 = DIRECTION('',(0.,0.,1.));
#9695 = CYLINDRICAL_SURFACE('',#9696,1.375);
#9696 = AXIS2_PLACEMENT_3D('',#9697,#9698,#9699);
#9697 = CARTESIAN_POINT('',(17.78,2.54,-14.3));
#9698 = DIRECTION('',(0.,0.,1.));
#9699 = DIRECTION('',(1.,0.,-0.));
#9700 = ADVANCED_FACE('',(#9701),#9712,.F.);
#9701 = FACE_BOUND('',#9702,.F.);
#9702 = EDGE_LOOP('',(#9703,#9704,#9705,#9706));
#9703 = ORIENTED_EDGE('',*,*,#5461,.T.);
#9704 = ORIENTED_EDGE('',*,*,#9683,.T.);
#9705 = ORIENTED_EDGE('',*,*,#2528,.F.);
#9706 = ORIENTED_EDGE('',*,*,#9707,.F.);
#9707 = EDGE_CURVE('',#5462,#2529,#9708,.T.);
#9708 = LINE('',#9709,#9710);
#9709 = CARTESIAN_POINT('',(22.86,3.915,-14.3));
#9710 = VECTOR('',#9711,1.);
#9711 = DIRECTION('',(0.,0.,1.));
#9712 = PLANE('',#9713);
#9713 = AXIS2_PLACEMENT_3D('',#9714,#9715,#9716);
#9714 = CARTESIAN_POINT('',(17.78,3.915,-14.3));
#9715 = DIRECTION('',(-0.,1.,0.));
#9716 = DIRECTION('',(0.,0.,1.));
#9717 = ADVANCED_FACE('',(#9718),#9729,.T.);
#9718 = FACE_BOUND('',#9719,.T.);
#9719 = EDGE_LOOP('',(#9720,#9721,#9722,#9723));
#9720 = ORIENTED_EDGE('',*,*,#5487,.T.);
#9721 = ORIENTED_EDGE('',*,*,#9690,.T.);
#9722 = ORIENTED_EDGE('',*,*,#2554,.F.);
#9723 = ORIENTED_EDGE('',*,*,#9724,.F.);
#9724 = EDGE_CURVE('',#5479,#2546,#9725,.T.);
#9725 = LINE('',#9726,#9727);
#9726 = CARTESIAN_POINT('',(22.86,1.165,-14.3));
#9727 = VECTOR('',#9728,1.);
#9728 = DIRECTION('',(0.,0.,1.));
#9729 = PLANE('',#9730);
#9730 = AXIS2_PLACEMENT_3D('',#9731,#9732,#9733);
#9731 = CARTESIAN_POINT('',(17.78,1.165,-14.3));
#9732 = DIRECTION('',(-0.,1.,0.));
#9733 = DIRECTION('',(0.,0.,1.));
#9734 = ADVANCED_FACE('',(#9735),#9746,.F.);
#9735 = FACE_BOUND('',#9736,.F.);
#9736 = EDGE_LOOP('',(#9737,#9738,#9744,#9745));
#9737 = ORIENTED_EDGE('',*,*,#2562,.F.);
#9738 = ORIENTED_EDGE('',*,*,#9739,.F.);
#9739 = EDGE_CURVE('',#5496,#2563,#9740,.T.);
#9740 = LINE('',#9741,#9742);
#9741 = CARTESIAN_POINT('',(24.235,7.62,-14.3));
#9742 = VECTOR('',#9743,1.);
#9743 = DIRECTION('',(0.,0.,1.));
#9744 = ORIENTED_EDGE('',*,*,#5495,.T.);
#9745 = ORIENTED_EDGE('',*,*,#9739,.T.);
#9746 = CYLINDRICAL_SURFACE('',#9747,1.375);
#9747 = AXIS2_PLACEMENT_3D('',#9748,#9749,#9750);
#9748 = CARTESIAN_POINT('',(22.86,7.62,-14.3));
#9749 = DIRECTION('',(0.,0.,1.));
#9750 = DIRECTION('',(1.,0.,-0.));
#9751 = ADVANCED_FACE('',(#9752),#9768,.F.);
#9752 = FACE_BOUND('',#9753,.F.);
#9753 = EDGE_LOOP('',(#9754,#9755,#9761,#9762));
#9754 = ORIENTED_EDGE('',*,*,#2573,.F.);
#9755 = ORIENTED_EDGE('',*,*,#9756,.F.);
#9756 = EDGE_CURVE('',#5507,#2574,#9757,.T.);
#9757 = LINE('',#9758,#9759);
#9758 = CARTESIAN_POINT('',(29.315,7.62,-14.3));
#9759 = VECTOR('',#9760,1.);
#9760 = DIRECTION('',(0.,0.,1.));
#9761 = ORIENTED_EDGE('',*,*,#5506,.T.);
#9762 = ORIENTED_EDGE('',*,*,#9763,.T.);
#9763 = EDGE_CURVE('',#5509,#2576,#9764,.T.);
#9764 = LINE('',#9765,#9766);
#9765 = CARTESIAN_POINT('',(26.565,7.62,-14.3));
#9766 = VECTOR('',#9767,1.);
#9767 = DIRECTION('',(0.,0.,1.));
#9768 = CYLINDRICAL_SURFACE('',#9769,1.375);
#9769 = AXIS2_PLACEMENT_3D('',#9770,#9771,#9772);
#9770 = CARTESIAN_POINT('',(27.94,7.62,-14.3));
#9771 = DIRECTION('',(0.,0.,1.));
#9772 = DIRECTION('',(1.,0.,-0.));
#9773 = ADVANCED_FACE('',(#9774),#9785,.F.);
#9774 = FACE_BOUND('',#9775,.F.);
#9775 = EDGE_LOOP('',(#9776,#9782,#9783,#9784));
#9776 = ORIENTED_EDGE('',*,*,#9777,.F.);
#9777 = EDGE_CURVE('',#5518,#2585,#9778,.T.);
#9778 = LINE('',#9779,#9780);
#9779 = CARTESIAN_POINT('',(29.315,2.54,-14.3));
#9780 = VECTOR('',#9781,1.);
#9781 = DIRECTION('',(0.,0.,1.));
#9782 = ORIENTED_EDGE('',*,*,#5517,.T.);
#9783 = ORIENTED_EDGE('',*,*,#9756,.T.);
#9784 = ORIENTED_EDGE('',*,*,#2584,.F.);
#9785 = PLANE('',#9786);
#9786 = AXIS2_PLACEMENT_3D('',#9787,#9788,#9789);
#9787 = CARTESIAN_POINT('',(29.315,2.54,-14.3));
#9788 = DIRECTION('',(1.,0.,-0.));
#9789 = DIRECTION('',(0.,0.,1.));
#9790 = ADVANCED_FACE('',(#9791),#9802,.T.);
#9791 = FACE_BOUND('',#9792,.T.);
#9792 = EDGE_LOOP('',(#9793,#9799,#9800,#9801));
#9793 = ORIENTED_EDGE('',*,*,#9794,.F.);
#9794 = EDGE_CURVE('',#5526,#2593,#9795,.T.);
#9795 = LINE('',#9796,#9797);
#9796 = CARTESIAN_POINT('',(26.565,2.54,-14.3));
#9797 = VECTOR('',#9798,1.);
#9798 = DIRECTION('',(0.,0.,1.));
#9799 = ORIENTED_EDGE('',*,*,#5534,.T.);
#9800 = ORIENTED_EDGE('',*,*,#9763,.T.);
#9801 = ORIENTED_EDGE('',*,*,#2601,.F.);
#9802 = PLANE('',#9803);
#9803 = AXIS2_PLACEMENT_3D('',#9804,#9805,#9806);
#9804 = CARTESIAN_POINT('',(26.565,2.54,-14.3));
#9805 = DIRECTION('',(1.,0.,-0.));
#9806 = DIRECTION('',(0.,0.,1.));
#9807 = ADVANCED_FACE('',(#9808),#9814,.F.);
#9808 = FACE_BOUND('',#9809,.F.);
#9809 = EDGE_LOOP('',(#9810,#9811,#9812,#9813));
#9810 = ORIENTED_EDGE('',*,*,#9777,.T.);
#9811 = ORIENTED_EDGE('',*,*,#2592,.F.);
#9812 = ORIENTED_EDGE('',*,*,#9794,.F.);
#9813 = ORIENTED_EDGE('',*,*,#5525,.T.);
#9814 = CYLINDRICAL_SURFACE('',#9815,1.375);
#9815 = AXIS2_PLACEMENT_3D('',#9816,#9817,#9818);
#9816 = CARTESIAN_POINT('',(27.94,2.54,-14.3));
#9817 = DIRECTION('',(0.,0.,1.));
#9818 = DIRECTION('',(1.,0.,-0.));
#9819 = ADVANCED_FACE('',(#9820),#9836,.F.);
#9820 = FACE_BOUND('',#9821,.F.);
#9821 = EDGE_LOOP('',(#9822,#9823,#9829,#9830));
#9822 = ORIENTED_EDGE('',*,*,#2609,.F.);
#9823 = ORIENTED_EDGE('',*,*,#9824,.F.);
#9824 = EDGE_CURVE('',#5543,#2610,#9825,.T.);
#9825 = LINE('',#9826,#9827);
#9826 = CARTESIAN_POINT('',(22.86,14.075,-14.3));
#9827 = VECTOR('',#9828,1.);
#9828 = DIRECTION('',(0.,0.,1.));
#9829 = ORIENTED_EDGE('',*,*,#5542,.T.);
#9830 = ORIENTED_EDGE('',*,*,#9831,.T.);
#9831 = EDGE_CURVE('',#5545,#2612,#9832,.T.);
#9832 = LINE('',#9833,#9834);
#9833 = CARTESIAN_POINT('',(22.86,11.325,-14.3));
#9834 = VECTOR('',#9835,1.);
#9835 = DIRECTION('',(0.,0.,1.));
#9836 = CYLINDRICAL_SURFACE('',#9837,1.375);
#9837 = AXIS2_PLACEMENT_3D('',#9838,#9839,#9840);
#9838 = CARTESIAN_POINT('',(22.86,12.7,-14.3));
#9839 = DIRECTION('',(0.,0.,1.));
#9840 = DIRECTION('',(1.,0.,-0.));
#9841 = ADVANCED_FACE('',(#9842),#9853,.F.);
#9842 = FACE_BOUND('',#9843,.F.);
#9843 = EDGE_LOOP('',(#9844,#9845,#9846,#9847));
#9844 = ORIENTED_EDGE('',*,*,#5553,.T.);
#9845 = ORIENTED_EDGE('',*,*,#9824,.T.);
#9846 = ORIENTED_EDGE('',*,*,#2620,.F.);
#9847 = ORIENTED_EDGE('',*,*,#9848,.F.);
#9848 = EDGE_CURVE('',#5554,#2621,#9849,.T.);
#9849 = LINE('',#9850,#9851);
#9850 = CARTESIAN_POINT('',(27.94,14.075,-14.3));
#9851 = VECTOR('',#9852,1.);
#9852 = DIRECTION('',(0.,0.,1.));
#9853 = PLANE('',#9854);
#9854 = AXIS2_PLACEMENT_3D('',#9855,#9856,#9857);
#9855 = CARTESIAN_POINT('',(22.86,14.075,-14.3));
#9856 = DIRECTION('',(-0.,1.,0.));
#9857 = DIRECTION('',(0.,0.,1.));
#9858 = ADVANCED_FACE('',(#9859),#9870,.T.);
#9859 = FACE_BOUND('',#9860,.T.);
#9860 = EDGE_LOOP('',(#9861,#9862,#9863,#9864));
#9861 = ORIENTED_EDGE('',*,*,#5579,.T.);
#9862 = ORIENTED_EDGE('',*,*,#9831,.T.);
#9863 = ORIENTED_EDGE('',*,*,#2646,.F.);
#9864 = ORIENTED_EDGE('',*,*,#9865,.F.);
#9865 = EDGE_CURVE('',#5571,#2638,#9866,.T.);
#9866 = LINE('',#9867,#9868);
#9867 = CARTESIAN_POINT('',(27.94,11.325,-14.3));
#9868 = VECTOR('',#9869,1.);
#9869 = DIRECTION('',(0.,0.,1.));
#9870 = PLANE('',#9871);
#9871 = AXIS2_PLACEMENT_3D('',#9872,#9873,#9874);
#9872 = CARTESIAN_POINT('',(22.86,11.325,-14.3));
#9873 = DIRECTION('',(-0.,1.,0.));
#9874 = DIRECTION('',(0.,0.,1.));
#9875 = ADVANCED_FACE('',(#9876),#9892,.F.);
#9876 = FACE_BOUND('',#9877,.F.);
#9877 = EDGE_LOOP('',(#9878,#9879,#9885,#9886));
#9878 = ORIENTED_EDGE('',*,*,#2654,.F.);
#9879 = ORIENTED_EDGE('',*,*,#9880,.F.);
#9880 = EDGE_CURVE('',#5588,#2655,#9881,.T.);
#9881 = LINE('',#9882,#9883);
#9882 = CARTESIAN_POINT('',(17.78,19.155,-14.3));
#9883 = VECTOR('',#9884,1.);
#9884 = DIRECTION('',(0.,0.,1.));
#9885 = ORIENTED_EDGE('',*,*,#5587,.T.);
#9886 = ORIENTED_EDGE('',*,*,#9887,.T.);
#9887 = EDGE_CURVE('',#5590,#2657,#9888,.T.);
#9888 = LINE('',#9889,#9890);
#9889 = CARTESIAN_POINT('',(17.78,16.405,-14.3));
#9890 = VECTOR('',#9891,1.);
#9891 = DIRECTION('',(0.,0.,1.));
#9892 = CYLINDRICAL_SURFACE('',#9893,1.375);
#9893 = AXIS2_PLACEMENT_3D('',#9894,#9895,#9896);
#9894 = CARTESIAN_POINT('',(17.78,17.78,-14.3));
#9895 = DIRECTION('',(0.,0.,1.));
#9896 = DIRECTION('',(1.,0.,-0.));
#9897 = ADVANCED_FACE('',(#9898),#9909,.F.);
#9898 = FACE_BOUND('',#9899,.F.);
#9899 = EDGE_LOOP('',(#9900,#9901,#9902,#9903));
#9900 = ORIENTED_EDGE('',*,*,#5598,.T.);
#9901 = ORIENTED_EDGE('',*,*,#9880,.T.);
#9902 = ORIENTED_EDGE('',*,*,#2665,.F.);
#9903 = ORIENTED_EDGE('',*,*,#9904,.F.);
#9904 = EDGE_CURVE('',#5599,#2666,#9905,.T.);
#9905 = LINE('',#9906,#9907);
#9906 = CARTESIAN_POINT('',(22.86,19.155,-14.3));
#9907 = VECTOR('',#9908,1.);
#9908 = DIRECTION('',(0.,0.,1.));
#9909 = PLANE('',#9910);
#9910 = AXIS2_PLACEMENT_3D('',#9911,#9912,#9913);
#9911 = CARTESIAN_POINT('',(17.78,19.155,-14.3));
#9912 = DIRECTION('',(-0.,1.,0.));
#9913 = DIRECTION('',(0.,0.,1.));
#9914 = ADVANCED_FACE('',(#9915),#9926,.T.);
#9915 = FACE_BOUND('',#9916,.T.);
#9916 = EDGE_LOOP('',(#9917,#9918,#9919,#9920));
#9917 = ORIENTED_EDGE('',*,*,#5624,.T.);
#9918 = ORIENTED_EDGE('',*,*,#9887,.T.);
#9919 = ORIENTED_EDGE('',*,*,#2691,.F.);
#9920 = ORIENTED_EDGE('',*,*,#9921,.F.);
#9921 = EDGE_CURVE('',#5616,#2683,#9922,.T.);
#9922 = LINE('',#9923,#9924);
#9923 = CARTESIAN_POINT('',(22.86,16.405,-14.3));
#9924 = VECTOR('',#9925,1.);
#9925 = DIRECTION('',(0.,0.,1.));
#9926 = PLANE('',#9927);
#9927 = AXIS2_PLACEMENT_3D('',#9928,#9929,#9930);
#9928 = CARTESIAN_POINT('',(17.78,16.405,-14.3));
#9929 = DIRECTION('',(-0.,1.,0.));
#9930 = DIRECTION('',(0.,0.,1.));
#9931 = ADVANCED_FACE('',(#9932),#9948,.F.);
#9932 = FACE_BOUND('',#9933,.F.);
#9933 = EDGE_LOOP('',(#9934,#9935,#9941,#9942));
#9934 = ORIENTED_EDGE('',*,*,#2699,.F.);
#9935 = ORIENTED_EDGE('',*,*,#9936,.F.);
#9936 = EDGE_CURVE('',#5633,#2700,#9937,.T.);
#9937 = LINE('',#9938,#9939);
#9938 = CARTESIAN_POINT('',(3.915,27.94,-14.3));
#9939 = VECTOR('',#9940,1.);
#9940 = DIRECTION('',(0.,0.,1.));
#9941 = ORIENTED_EDGE('',*,*,#5632,.T.);
#9942 = ORIENTED_EDGE('',*,*,#9943,.T.);
#9943 = EDGE_CURVE('',#5635,#2702,#9944,.T.);
#9944 = LINE('',#9945,#9946);
#9945 = CARTESIAN_POINT('',(1.165,27.94,-14.3));
#9946 = VECTOR('',#9947,1.);
#9947 = DIRECTION('',(0.,0.,1.));
#9948 = CYLINDRICAL_SURFACE('',#9949,1.375);
#9949 = AXIS2_PLACEMENT_3D('',#9950,#9951,#9952);
#9950 = CARTESIAN_POINT('',(2.54,27.94,-14.3));
#9951 = DIRECTION('',(0.,0.,1.));
#9952 = DIRECTION('',(1.,0.,-0.));
#9953 = ADVANCED_FACE('',(#9954),#9965,.F.);
#9954 = FACE_BOUND('',#9955,.F.);
#9955 = EDGE_LOOP('',(#9956,#9962,#9963,#9964));
#9956 = ORIENTED_EDGE('',*,*,#9957,.F.);
#9957 = EDGE_CURVE('',#5644,#2711,#9958,.T.);
#9958 = LINE('',#9959,#9960);
#9959 = CARTESIAN_POINT('',(3.915,22.86,-14.3));
#9960 = VECTOR('',#9961,1.);
#9961 = DIRECTION('',(0.,0.,1.));
#9962 = ORIENTED_EDGE('',*,*,#5643,.T.);
#9963 = ORIENTED_EDGE('',*,*,#9936,.T.);
#9964 = ORIENTED_EDGE('',*,*,#2710,.F.);
#9965 = PLANE('',#9966);
#9966 = AXIS2_PLACEMENT_3D('',#9967,#9968,#9969);
#9967 = CARTESIAN_POINT('',(3.915,22.86,-14.3));
#9968 = DIRECTION('',(1.,0.,-0.));
#9969 = DIRECTION('',(0.,0.,1.));
#9970 = ADVANCED_FACE('',(#9971),#9982,.T.);
#9971 = FACE_BOUND('',#9972,.T.);
#9972 = EDGE_LOOP('',(#9973,#9979,#9980,#9981));
#9973 = ORIENTED_EDGE('',*,*,#9974,.F.);
#9974 = EDGE_CURVE('',#5652,#2719,#9975,.T.);
#9975 = LINE('',#9976,#9977);
#9976 = CARTESIAN_POINT('',(1.165,22.86,-14.3));
#9977 = VECTOR('',#9978,1.);
#9978 = DIRECTION('',(0.,0.,1.));
#9979 = ORIENTED_EDGE('',*,*,#5660,.T.);
#9980 = ORIENTED_EDGE('',*,*,#9943,.T.);
#9981 = ORIENTED_EDGE('',*,*,#2727,.F.);
#9982 = PLANE('',#9983);
#9983 = AXIS2_PLACEMENT_3D('',#9984,#9985,#9986);
#9984 = CARTESIAN_POINT('',(1.165,22.86,-14.3));
#9985 = DIRECTION('',(1.,0.,-0.));
#9986 = DIRECTION('',(0.,0.,1.));
#9987 = ADVANCED_FACE('',(#9988),#9994,.F.);
#9988 = FACE_BOUND('',#9989,.F.);
#9989 = EDGE_LOOP('',(#9990,#9991,#9992,#9993));
#9990 = ORIENTED_EDGE('',*,*,#9957,.T.);
#9991 = ORIENTED_EDGE('',*,*,#2718,.F.);
#9992 = ORIENTED_EDGE('',*,*,#9974,.F.);
#9993 = ORIENTED_EDGE('',*,*,#5651,.T.);
#9994 = CYLINDRICAL_SURFACE('',#9995,1.375);
#9995 = AXIS2_PLACEMENT_3D('',#9996,#9997,#9998);
#9996 = CARTESIAN_POINT('',(2.54,22.86,-14.3));
#9997 = DIRECTION('',(0.,0.,1.));
#9998 = DIRECTION('',(1.,0.,-0.));
#9999 = ADVANCED_FACE('',(#10000),#10011,.F.);
#10000 = FACE_BOUND('',#10001,.F.);
#10001 = EDGE_LOOP('',(#10002,#10003,#10009,#10010));
#10002 = ORIENTED_EDGE('',*,*,#2735,.F.);
#10003 = ORIENTED_EDGE('',*,*,#10004,.F.);
#10004 = EDGE_CURVE('',#5669,#2736,#10005,.T.);
#10005 = LINE('',#10006,#10007);
#10006 = CARTESIAN_POINT('',(8.995,22.86,-14.3));
#10007 = VECTOR('',#10008,1.);
#10008 = DIRECTION('',(0.,0.,1.));
#10009 = ORIENTED_EDGE('',*,*,#5668,.T.);
#10010 = ORIENTED_EDGE('',*,*,#10004,.T.);
#10011 = CYLINDRICAL_SURFACE('',#10012,1.375);
#10012 = AXIS2_PLACEMENT_3D('',#10013,#10014,#10015);
#10013 = CARTESIAN_POINT('',(7.62,22.86,-14.3));
#10014 = DIRECTION('',(0.,0.,1.));
#10015 = DIRECTION('',(1.,0.,-0.));
#10016 = ADVANCED_FACE('',(#10017),#10033,.F.);
#10017 = FACE_BOUND('',#10018,.F.);
#10018 = EDGE_LOOP('',(#10019,#10020,#10026,#10027));
#10019 = ORIENTED_EDGE('',*,*,#2746,.F.);
#10020 = ORIENTED_EDGE('',*,*,#10021,.F.);
#10021 = EDGE_CURVE('',#5680,#2747,#10022,.T.);
#10022 = LINE('',#10023,#10024);
#10023 = CARTESIAN_POINT('',(14.075,22.86,-14.3));
#10024 = VECTOR('',#10025,1.);
#10025 = DIRECTION('',(0.,0.,1.));
#10026 = ORIENTED_EDGE('',*,*,#5679,.T.);
#10027 = ORIENTED_EDGE('',*,*,#10028,.T.);
#10028 = EDGE_CURVE('',#5682,#2749,#10029,.T.);
#10029 = LINE('',#10030,#10031);
#10030 = CARTESIAN_POINT('',(11.325,22.86,-14.3));
#10031 = VECTOR('',#10032,1.);
#10032 = DIRECTION('',(0.,0.,1.));
#10033 = CYLINDRICAL_SURFACE('',#10034,1.375);
#10034 = AXIS2_PLACEMENT_3D('',#10035,#10036,#10037);
#10035 = CARTESIAN_POINT('',(12.7,22.86,-14.3));
#10036 = DIRECTION('',(0.,0.,1.));
#10037 = DIRECTION('',(1.,0.,-0.));
#10038 = ADVANCED_FACE('',(#10039),#10050,.F.);
#10039 = FACE_BOUND('',#10040,.F.);
#10040 = EDGE_LOOP('',(#10041,#10047,#10048,#10049));
#10041 = ORIENTED_EDGE('',*,*,#10042,.F.);
#10042 = EDGE_CURVE('',#5691,#2758,#10043,.T.);
#10043 = LINE('',#10044,#10045);
#10044 = CARTESIAN_POINT('',(14.075,17.78,-14.3));
#10045 = VECTOR('',#10046,1.);
#10046 = DIRECTION('',(0.,0.,1.));
#10047 = ORIENTED_EDGE('',*,*,#5690,.T.);
#10048 = ORIENTED_EDGE('',*,*,#10021,.T.);
#10049 = ORIENTED_EDGE('',*,*,#2757,.F.);
#10050 = PLANE('',#10051);
#10051 = AXIS2_PLACEMENT_3D('',#10052,#10053,#10054);
#10052 = CARTESIAN_POINT('',(14.075,17.78,-14.3));
#10053 = DIRECTION('',(1.,0.,-0.));
#10054 = DIRECTION('',(0.,0.,1.));
#10055 = ADVANCED_FACE('',(#10056),#10067,.T.);
#10056 = FACE_BOUND('',#10057,.T.);
#10057 = EDGE_LOOP('',(#10058,#10064,#10065,#10066));
#10058 = ORIENTED_EDGE('',*,*,#10059,.F.);
#10059 = EDGE_CURVE('',#5699,#2766,#10060,.T.);
#10060 = LINE('',#10061,#10062);
#10061 = CARTESIAN_POINT('',(11.325,17.78,-14.3));
#10062 = VECTOR('',#10063,1.);
#10063 = DIRECTION('',(0.,0.,1.));
#10064 = ORIENTED_EDGE('',*,*,#5707,.T.);
#10065 = ORIENTED_EDGE('',*,*,#10028,.T.);
#10066 = ORIENTED_EDGE('',*,*,#2774,.F.);
#10067 = PLANE('',#10068);
#10068 = AXIS2_PLACEMENT_3D('',#10069,#10070,#10071);
#10069 = CARTESIAN_POINT('',(11.325,17.78,-14.3));
#10070 = DIRECTION('',(1.,0.,-0.));
#10071 = DIRECTION('',(0.,0.,1.));
#10072 = ADVANCED_FACE('',(#10073),#10079,.F.);
#10073 = FACE_BOUND('',#10074,.F.);
#10074 = EDGE_LOOP('',(#10075,#10076,#10077,#10078));
#10075 = ORIENTED_EDGE('',*,*,#10042,.T.);
#10076 = ORIENTED_EDGE('',*,*,#2765,.F.);
#10077 = ORIENTED_EDGE('',*,*,#10059,.F.);
#10078 = ORIENTED_EDGE('',*,*,#5698,.T.);
#10079 = CYLINDRICAL_SURFACE('',#10080,1.375);
#10080 = AXIS2_PLACEMENT_3D('',#10081,#10082,#10083);
#10081 = CARTESIAN_POINT('',(12.7,17.78,-14.3));
#10082 = DIRECTION('',(0.,0.,1.));
#10083 = DIRECTION('',(1.,0.,-0.));
#10084 = ADVANCED_FACE('',(#10085),#10101,.F.);
#10085 = FACE_BOUND('',#10086,.F.);
#10086 = EDGE_LOOP('',(#10087,#10088,#10094,#10095));
#10087 = ORIENTED_EDGE('',*,*,#2782,.F.);
#10088 = ORIENTED_EDGE('',*,*,#10089,.F.);
#10089 = EDGE_CURVE('',#5716,#2783,#10090,.T.);
#10090 = LINE('',#10091,#10092);
#10091 = CARTESIAN_POINT('',(19.155,27.94,-14.3));
#10092 = VECTOR('',#10093,1.);
#10093 = DIRECTION('',(0.,0.,1.));
#10094 = ORIENTED_EDGE('',*,*,#5715,.T.);
#10095 = ORIENTED_EDGE('',*,*,#10096,.T.);
#10096 = EDGE_CURVE('',#5718,#2785,#10097,.T.);
#10097 = LINE('',#10098,#10099);
#10098 = CARTESIAN_POINT('',(16.405,27.94,-14.3));
#10099 = VECTOR('',#10100,1.);
#10100 = DIRECTION('',(0.,0.,1.));
#10101 = CYLINDRICAL_SURFACE('',#10102,1.375);
#10102 = AXIS2_PLACEMENT_3D('',#10103,#10104,#10105);
#10103 = CARTESIAN_POINT('',(17.78,27.94,-14.3));
#10104 = DIRECTION('',(0.,0.,1.));
#10105 = DIRECTION('',(1.,0.,-0.));
#10106 = ADVANCED_FACE('',(#10107),#10118,.F.);
#10107 = FACE_BOUND('',#10108,.F.);
#10108 = EDGE_LOOP('',(#10109,#10115,#10116,#10117));
#10109 = ORIENTED_EDGE('',*,*,#10110,.F.);
#10110 = EDGE_CURVE('',#5727,#2794,#10111,.T.);
#10111 = LINE('',#10112,#10113);
#10112 = CARTESIAN_POINT('',(19.155,22.86,-14.3));
#10113 = VECTOR('',#10114,1.);
#10114 = DIRECTION('',(0.,0.,1.));
#10115 = ORIENTED_EDGE('',*,*,#5726,.T.);
#10116 = ORIENTED_EDGE('',*,*,#10089,.T.);
#10117 = ORIENTED_EDGE('',*,*,#2793,.F.);
#10118 = PLANE('',#10119);
#10119 = AXIS2_PLACEMENT_3D('',#10120,#10121,#10122);
#10120 = CARTESIAN_POINT('',(19.155,22.86,-14.3));
#10121 = DIRECTION('',(1.,0.,-0.));
#10122 = DIRECTION('',(0.,0.,1.));
#10123 = ADVANCED_FACE('',(#10124),#10135,.T.);
#10124 = FACE_BOUND('',#10125,.T.);
#10125 = EDGE_LOOP('',(#10126,#10132,#10133,#10134));
#10126 = ORIENTED_EDGE('',*,*,#10127,.F.);
#10127 = EDGE_CURVE('',#5735,#2802,#10128,.T.);
#10128 = LINE('',#10129,#10130);
#10129 = CARTESIAN_POINT('',(16.405,22.86,-14.3));
#10130 = VECTOR('',#10131,1.);
#10131 = DIRECTION('',(0.,0.,1.));
#10132 = ORIENTED_EDGE('',*,*,#5743,.T.);
#10133 = ORIENTED_EDGE('',*,*,#10096,.T.);
#10134 = ORIENTED_EDGE('',*,*,#2810,.F.);
#10135 = PLANE('',#10136);
#10136 = AXIS2_PLACEMENT_3D('',#10137,#10138,#10139);
#10137 = CARTESIAN_POINT('',(16.405,22.86,-14.3));
#10138 = DIRECTION('',(1.,0.,-0.));
#10139 = DIRECTION('',(0.,0.,1.));
#10140 = ADVANCED_FACE('',(#10141),#10147,.F.);
#10141 = FACE_BOUND('',#10142,.F.);
#10142 = EDGE_LOOP('',(#10143,#10144,#10145,#10146));
#10143 = ORIENTED_EDGE('',*,*,#10110,.T.);
#10144 = ORIENTED_EDGE('',*,*,#2801,.F.);
#10145 = ORIENTED_EDGE('',*,*,#10127,.F.);
#10146 = ORIENTED_EDGE('',*,*,#5734,.T.);
#10147 = CYLINDRICAL_SURFACE('',#10148,1.375);
#10148 = AXIS2_PLACEMENT_3D('',#10149,#10150,#10151);
#10149 = CARTESIAN_POINT('',(17.78,22.86,-14.3));
#10150 = DIRECTION('',(0.,0.,1.));
#10151 = DIRECTION('',(1.,0.,-0.));
#10152 = ADVANCED_FACE('',(#10153),#10169,.F.);
#10153 = FACE_BOUND('',#10154,.F.);
#10154 = EDGE_LOOP('',(#10155,#10156,#10162,#10163));
#10155 = ORIENTED_EDGE('',*,*,#2818,.F.);
#10156 = ORIENTED_EDGE('',*,*,#10157,.F.);
#10157 = EDGE_CURVE('',#5752,#2819,#10158,.T.);
#10158 = LINE('',#10159,#10160);
#10159 = CARTESIAN_POINT('',(7.62,29.315,-14.3));
#10160 = VECTOR('',#10161,1.);
#10161 = DIRECTION('',(0.,0.,1.));
#10162 = ORIENTED_EDGE('',*,*,#5751,.T.);
#10163 = ORIENTED_EDGE('',*,*,#10164,.T.);
#10164 = EDGE_CURVE('',#5754,#2821,#10165,.T.);
#10165 = LINE('',#10166,#10167);
#10166 = CARTESIAN_POINT('',(7.62,26.565,-14.3));
#10167 = VECTOR('',#10168,1.);
#10168 = DIRECTION('',(0.,0.,1.));
#10169 = CYLINDRICAL_SURFACE('',#10170,1.375);
#10170 = AXIS2_PLACEMENT_3D('',#10171,#10172,#10173);
#10171 = CARTESIAN_POINT('',(7.62,27.94,-14.3));
#10172 = DIRECTION('',(0.,0.,1.));
#10173 = DIRECTION('',(1.,0.,-0.));
#10174 = ADVANCED_FACE('',(#10175),#10186,.F.);
#10175 = FACE_BOUND('',#10176,.F.);
#10176 = EDGE_LOOP('',(#10177,#10178,#10179,#10180));
#10177 = ORIENTED_EDGE('',*,*,#5762,.T.);
#10178 = ORIENTED_EDGE('',*,*,#10157,.T.);
#10179 = ORIENTED_EDGE('',*,*,#2829,.F.);
#10180 = ORIENTED_EDGE('',*,*,#10181,.F.);
#10181 = EDGE_CURVE('',#5763,#2830,#10182,.T.);
#10182 = LINE('',#10183,#10184);
#10183 = CARTESIAN_POINT('',(12.7,29.315,-14.3));
#10184 = VECTOR('',#10185,1.);
#10185 = DIRECTION('',(0.,0.,1.));
#10186 = PLANE('',#10187);
#10187 = AXIS2_PLACEMENT_3D('',#10188,#10189,#10190);
#10188 = CARTESIAN_POINT('',(7.62,29.315,-14.3));
#10189 = DIRECTION('',(-0.,1.,0.));
#10190 = DIRECTION('',(0.,0.,1.));
#10191 = ADVANCED_FACE('',(#10192),#10203,.T.);
#10192 = FACE_BOUND('',#10193,.T.);
#10193 = EDGE_LOOP('',(#10194,#10195,#10196,#10197));
#10194 = ORIENTED_EDGE('',*,*,#5788,.T.);
#10195 = ORIENTED_EDGE('',*,*,#10164,.T.);
#10196 = ORIENTED_EDGE('',*,*,#2855,.F.);
#10197 = ORIENTED_EDGE('',*,*,#10198,.F.);
#10198 = EDGE_CURVE('',#5780,#2847,#10199,.T.);
#10199 = LINE('',#10200,#10201);
#10200 = CARTESIAN_POINT('',(12.7,26.565,-14.3));
#10201 = VECTOR('',#10202,1.);
#10202 = DIRECTION('',(0.,0.,1.));
#10203 = PLANE('',#10204);
#10204 = AXIS2_PLACEMENT_3D('',#10205,#10206,#10207);
#10205 = CARTESIAN_POINT('',(7.62,26.565,-14.3));
#10206 = DIRECTION('',(-0.,1.,0.));
#10207 = DIRECTION('',(0.,0.,1.));
#10208 = ADVANCED_FACE('',(#10209),#10220,.F.);
#10209 = FACE_BOUND('',#10210,.F.);
#10210 = EDGE_LOOP('',(#10211,#10212,#10218,#10219));
#10211 = ORIENTED_EDGE('',*,*,#2863,.F.);
#10212 = ORIENTED_EDGE('',*,*,#10213,.F.);
#10213 = EDGE_CURVE('',#5797,#2864,#10214,.T.);
#10214 = LINE('',#10215,#10216);
#10215 = CARTESIAN_POINT('',(24.235,22.86,-14.3));
#10216 = VECTOR('',#10217,1.);
#10217 = DIRECTION('',(0.,0.,1.));
#10218 = ORIENTED_EDGE('',*,*,#5796,.T.);
#10219 = ORIENTED_EDGE('',*,*,#10213,.T.);
#10220 = CYLINDRICAL_SURFACE('',#10221,1.375);
#10221 = AXIS2_PLACEMENT_3D('',#10222,#10223,#10224);
#10222 = CARTESIAN_POINT('',(22.86,22.86,-14.3));
#10223 = DIRECTION('',(0.,0.,1.));
#10224 = DIRECTION('',(1.,0.,-0.));
#10225 = ADVANCED_FACE('',(#10226),#10242,.F.);
#10226 = FACE_BOUND('',#10227,.F.);
#10227 = EDGE_LOOP('',(#10228,#10229,#10235,#10236));
#10228 = ORIENTED_EDGE('',*,*,#2874,.F.);
#10229 = ORIENTED_EDGE('',*,*,#10230,.F.);
#10230 = EDGE_CURVE('',#5808,#2875,#10231,.T.);
#10231 = LINE('',#10232,#10233);
#10232 = CARTESIAN_POINT('',(29.315,22.86,-14.3));
#10233 = VECTOR('',#10234,1.);
#10234 = DIRECTION('',(0.,0.,1.));
#10235 = ORIENTED_EDGE('',*,*,#5807,.T.);
#10236 = ORIENTED_EDGE('',*,*,#10237,.T.);
#10237 = EDGE_CURVE('',#5810,#2877,#10238,.T.);
#10238 = LINE('',#10239,#10240);
#10239 = CARTESIAN_POINT('',(26.565,22.86,-14.3));
#10240 = VECTOR('',#10241,1.);
#10241 = DIRECTION('',(0.,0.,1.));
#10242 = CYLINDRICAL_SURFACE('',#10243,1.375);
#10243 = AXIS2_PLACEMENT_3D('',#10244,#10245,#10246);
#10244 = CARTESIAN_POINT('',(27.94,22.86,-14.3));
#10245 = DIRECTION('',(0.,0.,1.));
#10246 = DIRECTION('',(1.,0.,-0.));
#10247 = ADVANCED_FACE('',(#10248),#10259,.F.);
#10248 = FACE_BOUND('',#10249,.F.);
#10249 = EDGE_LOOP('',(#10250,#10256,#10257,#10258));
#10250 = ORIENTED_EDGE('',*,*,#10251,.F.);
#10251 = EDGE_CURVE('',#5819,#2886,#10252,.T.);
#10252 = LINE('',#10253,#10254);
#10253 = CARTESIAN_POINT('',(29.315,17.78,-14.3));
#10254 = VECTOR('',#10255,1.);
#10255 = DIRECTION('',(0.,0.,1.));
#10256 = ORIENTED_EDGE('',*,*,#5818,.T.);
#10257 = ORIENTED_EDGE('',*,*,#10230,.T.);
#10258 = ORIENTED_EDGE('',*,*,#2885,.F.);
#10259 = PLANE('',#10260);
#10260 = AXIS2_PLACEMENT_3D('',#10261,#10262,#10263);
#10261 = CARTESIAN_POINT('',(29.315,17.78,-14.3));
#10262 = DIRECTION('',(1.,0.,-0.));
#10263 = DIRECTION('',(0.,0.,1.));
#10264 = ADVANCED_FACE('',(#10265),#10276,.T.);
#10265 = FACE_BOUND('',#10266,.T.);
#10266 = EDGE_LOOP('',(#10267,#10273,#10274,#10275));
#10267 = ORIENTED_EDGE('',*,*,#10268,.F.);
#10268 = EDGE_CURVE('',#5827,#2894,#10269,.T.);
#10269 = LINE('',#10270,#10271);
#10270 = CARTESIAN_POINT('',(26.565,17.78,-14.3));
#10271 = VECTOR('',#10272,1.);
#10272 = DIRECTION('',(0.,0.,1.));
#10273 = ORIENTED_EDGE('',*,*,#5835,.T.);
#10274 = ORIENTED_EDGE('',*,*,#10237,.T.);
#10275 = ORIENTED_EDGE('',*,*,#2902,.F.);
#10276 = PLANE('',#10277);
#10277 = AXIS2_PLACEMENT_3D('',#10278,#10279,#10280);
#10278 = CARTESIAN_POINT('',(26.565,17.78,-14.3));
#10279 = DIRECTION('',(1.,0.,-0.));
#10280 = DIRECTION('',(0.,0.,1.));
#10281 = ADVANCED_FACE('',(#10282),#10288,.F.);
#10282 = FACE_BOUND('',#10283,.F.);
#10283 = EDGE_LOOP('',(#10284,#10285,#10286,#10287));
#10284 = ORIENTED_EDGE('',*,*,#10251,.T.);
#10285 = ORIENTED_EDGE('',*,*,#2893,.F.);
#10286 = ORIENTED_EDGE('',*,*,#10268,.F.);
#10287 = ORIENTED_EDGE('',*,*,#5826,.T.);
#10288 = CYLINDRICAL_SURFACE('',#10289,1.375);
#10289 = AXIS2_PLACEMENT_3D('',#10290,#10291,#10292);
#10290 = CARTESIAN_POINT('',(27.94,17.78,-14.3));
#10291 = DIRECTION('',(0.,0.,1.));
#10292 = DIRECTION('',(1.,0.,-0.));
#10293 = ADVANCED_FACE('',(#10294),#10310,.F.);
#10294 = FACE_BOUND('',#10295,.F.);
#10295 = EDGE_LOOP('',(#10296,#10297,#10303,#10304));
#10296 = ORIENTED_EDGE('',*,*,#2910,.F.);
#10297 = ORIENTED_EDGE('',*,*,#10298,.F.);
#10298 = EDGE_CURVE('',#5844,#2911,#10299,.T.);
#10299 = LINE('',#10300,#10301);
#10300 = CARTESIAN_POINT('',(22.86,29.315,-14.3));
#10301 = VECTOR('',#10302,1.);
#10302 = DIRECTION('',(0.,0.,1.));
#10303 = ORIENTED_EDGE('',*,*,#5843,.T.);
#10304 = ORIENTED_EDGE('',*,*,#10305,.T.);
#10305 = EDGE_CURVE('',#5846,#2913,#10306,.T.);
#10306 = LINE('',#10307,#10308);
#10307 = CARTESIAN_POINT('',(22.86,26.565,-14.3));
#10308 = VECTOR('',#10309,1.);
#10309 = DIRECTION('',(0.,0.,1.));
#10310 = CYLINDRICAL_SURFACE('',#10311,1.375);
#10311 = AXIS2_PLACEMENT_3D('',#10312,#10313,#10314);
#10312 = CARTESIAN_POINT('',(22.86,27.94,-14.3));
#10313 = DIRECTION('',(0.,0.,1.));
#10314 = DIRECTION('',(1.,0.,-0.));
#10315 = ADVANCED_FACE('',(#10316),#10327,.F.);
#10316 = FACE_BOUND('',#10317,.F.);
#10317 = EDGE_LOOP('',(#10318,#10319,#10320,#10321));
#10318 = ORIENTED_EDGE('',*,*,#5854,.T.);
#10319 = ORIENTED_EDGE('',*,*,#10298,.T.);
#10320 = ORIENTED_EDGE('',*,*,#2921,.F.);
#10321 = ORIENTED_EDGE('',*,*,#10322,.F.);
#10322 = EDGE_CURVE('',#5855,#2922,#10323,.T.);
#10323 = LINE('',#10324,#10325);
#10324 = CARTESIAN_POINT('',(27.94,29.315,-14.3));
#10325 = VECTOR('',#10326,1.);
#10326 = DIRECTION('',(0.,0.,1.));
#10327 = PLANE('',#10328);
#10328 = AXIS2_PLACEMENT_3D('',#10329,#10330,#10331);
#10329 = CARTESIAN_POINT('',(22.86,29.315,-14.3));
#10330 = DIRECTION('',(-0.,1.,0.));
#10331 = DIRECTION('',(0.,0.,1.));
#10332 = ADVANCED_FACE('',(#10333),#10344,.T.);
#10333 = FACE_BOUND('',#10334,.T.);
#10334 = EDGE_LOOP('',(#10335,#10336,#10337,#10338));
#10335 = ORIENTED_EDGE('',*,*,#5880,.T.);
#10336 = ORIENTED_EDGE('',*,*,#10305,.T.);
#10337 = ORIENTED_EDGE('',*,*,#2947,.F.);
#10338 = ORIENTED_EDGE('',*,*,#10339,.F.);
#10339 = EDGE_CURVE('',#5872,#2939,#10340,.T.);
#10340 = LINE('',#10341,#10342);
#10341 = CARTESIAN_POINT('',(27.94,26.565,-14.3));
#10342 = VECTOR('',#10343,1.);
#10343 = DIRECTION('',(0.,0.,1.));
#10344 = PLANE('',#10345);
#10345 = AXIS2_PLACEMENT_3D('',#10346,#10347,#10348);
#10346 = CARTESIAN_POINT('',(22.86,26.565,-14.3));
#10347 = DIRECTION('',(-0.,1.,0.));
#10348 = DIRECTION('',(0.,0.,1.));
#10349 = ADVANCED_FACE('',(#10350),#10362,.T.);
#10350 = FACE_BOUND('',#10351,.F.);
#10351 = EDGE_LOOP('',(#10352,#10353,#10354,#10361));
#10352 = ORIENTED_EDGE('',*,*,#3052,.T.);
#10353 = ORIENTED_EDGE('',*,*,#5944,.T.);
#10354 = ORIENTED_EDGE('',*,*,#10355,.F.);
#10355 = EDGE_CURVE('',#6044,#5937,#10356,.T.);
#10356 = CIRCLE('',#10357,3.);
#10357 = AXIS2_PLACEMENT_3D('',#10358,#10359,#10360);
#10358 = CARTESIAN_POINT('',(35.48,-35.48,-10.3));
#10359 = DIRECTION('',(-0.,-0.,-1.));
#10360 = DIRECTION('',(0.,-1.,0.));
#10361 = ORIENTED_EDGE('',*,*,#6051,.F.);
#10362 = CYLINDRICAL_SURFACE('',#10363,3.);
#10363 = AXIS2_PLACEMENT_3D('',#10364,#10365,#10366);
#10364 = CARTESIAN_POINT('',(35.48,-35.48,-13.3));
#10365 = DIRECTION('',(0.,0.,1.));
#10366 = DIRECTION('',(1.,0.,-0.));
#10367 = ADVANCED_FACE('',(#10368),#10380,.T.);
#10368 = FACE_BOUND('',#10369,.T.);
#10369 = EDGE_LOOP('',(#10370,#10371,#10372,#10379));
#10370 = ORIENTED_EDGE('',*,*,#3069,.T.);
#10371 = ORIENTED_EDGE('',*,*,#5997,.T.);
#10372 = ORIENTED_EDGE('',*,*,#10373,.F.);
#10373 = EDGE_CURVE('',#6059,#5990,#10374,.T.);
#10374 = CIRCLE('',#10375,3.);
#10375 = AXIS2_PLACEMENT_3D('',#10376,#10377,#10378);
#10376 = CARTESIAN_POINT('',(35.48,35.48,-10.3));
#10377 = DIRECTION('',(0.,0.,1.));
#10378 = DIRECTION('',(0.,-1.,0.));
#10379 = ORIENTED_EDGE('',*,*,#6058,.F.);
#10380 = CYLINDRICAL_SURFACE('',#10381,3.);
#10381 = AXIS2_PLACEMENT_3D('',#10382,#10383,#10384);
#10382 = CARTESIAN_POINT('',(35.48,35.48,-13.3));
#10383 = DIRECTION('',(0.,0.,1.));
#10384 = DIRECTION('',(1.,0.,-0.));
#10385 = ADVANCED_FACE('',(#10386,#10389),#10400,.T.);
#10386 = FACE_BOUND('',#10387,.T.);
#10387 = EDGE_LOOP('',(#10388));
#10388 = ORIENTED_EDGE('',*,*,#5913,.T.);
#10389 = FACE_BOUND('',#10390,.T.);
#10390 = EDGE_LOOP('',(#10391));
#10391 = ORIENTED_EDGE('',*,*,#10392,.F.);
#10392 = EDGE_CURVE('',#10393,#10393,#10395,.T.);
#10393 = VERTEX_POINT('',#10394);
#10394 = CARTESIAN_POINT('',(-32.78,-34.48,6.8));
#10395 = CIRCLE('',#10396,1.7);
#10396 = AXIS2_PLACEMENT_3D('',#10397,#10398,#10399);
#10397 = CARTESIAN_POINT('',(-34.48,-34.48,6.8));
#10398 = DIRECTION('',(0.,0.,1.));
#10399 = DIRECTION('',(1.,0.,-0.));
#10400 = PLANE('',#10401);
#10401 = AXIS2_PLACEMENT_3D('',#10402,#10403,#10404);
#10402 = CARTESIAN_POINT('',(-34.48,-34.48,6.8));
#10403 = DIRECTION('',(0.,0.,1.));
#10404 = DIRECTION('',(1.,0.,-0.));
#10405 = ADVANCED_FACE('',(#10406),#10412,.T.);
#10406 = FACE_BOUND('',#10407,.T.);
#10407 = EDGE_LOOP('',(#10408,#10409,#10410,#10411));
#10408 = ORIENTED_EDGE('',*,*,#6098,.F.);
#10409 = ORIENTED_EDGE('',*,*,#5936,.T.);
#10410 = ORIENTED_EDGE('',*,*,#10355,.F.);
#10411 = ORIENTED_EDGE('',*,*,#6043,.T.);
#10412 = PLANE('',#10413);
#10413 = AXIS2_PLACEMENT_3D('',#10414,#10415,#10416);
#10414 = CARTESIAN_POINT('',(-38.48,-38.48,-10.3));
#10415 = DIRECTION('',(0.,0.,1.));
#10416 = DIRECTION('',(1.,0.,-0.));
#10417 = ADVANCED_FACE('',(#10418,#10421),#10432,.T.);
#10418 = FACE_BOUND('',#10419,.T.);
#10419 = EDGE_LOOP('',(#10420));
#10420 = ORIENTED_EDGE('',*,*,#5966,.T.);
#10421 = FACE_BOUND('',#10422,.T.);
#10422 = EDGE_LOOP('',(#10423));
#10423 = ORIENTED_EDGE('',*,*,#10424,.F.);
#10424 = EDGE_CURVE('',#10425,#10425,#10427,.T.);
#10425 = VERTEX_POINT('',#10426);
#10426 = CARTESIAN_POINT('',(-32.78,34.48,6.8));
#10427 = CIRCLE('',#10428,1.7);
#10428 = AXIS2_PLACEMENT_3D('',#10429,#10430,#10431);
#10429 = CARTESIAN_POINT('',(-34.48,34.48,6.8));
#10430 = DIRECTION('',(0.,0.,1.));
#10431 = DIRECTION('',(1.,0.,-0.));
#10432 = PLANE('',#10433);
#10433 = AXIS2_PLACEMENT_3D('',#10434,#10435,#10436);
#10434 = CARTESIAN_POINT('',(-34.48,34.48,6.8));
#10435 = DIRECTION('',(0.,0.,1.));
#10436 = DIRECTION('',(1.,0.,-0.));
#10437 = ADVANCED_FACE('',(#10438),#10444,.T.);
#10438 = FACE_BOUND('',#10439,.T.);
#10439 = EDGE_LOOP('',(#10440,#10441,#10442,#10443));
#10440 = ORIENTED_EDGE('',*,*,#5989,.F.);
#10441 = ORIENTED_EDGE('',*,*,#6027,.F.);
#10442 = ORIENTED_EDGE('',*,*,#6066,.T.);
#10443 = ORIENTED_EDGE('',*,*,#10373,.T.);
#10444 = PLANE('',#10445);
#10445 = AXIS2_PLACEMENT_3D('',#10446,#10447,#10448);
#10446 = CARTESIAN_POINT('',(-38.48,-38.48,-10.3));
#10447 = DIRECTION('',(0.,0.,1.));
#10448 = DIRECTION('',(1.,0.,-0.));
#10449 = ADVANCED_FACE('',(#10450,#10453),#10464,.T.);
#10450 = FACE_BOUND('',#10451,.T.);
#10451 = EDGE_LOOP('',(#10452));
#10452 = ORIENTED_EDGE('',*,*,#6019,.T.);
#10453 = FACE_BOUND('',#10454,.T.);
#10454 = EDGE_LOOP('',(#10455));
#10455 = ORIENTED_EDGE('',*,*,#10456,.F.);
#10456 = EDGE_CURVE('',#10457,#10457,#10459,.T.);
#10457 = VERTEX_POINT('',#10458);
#10458 = CARTESIAN_POINT('',(36.18,34.48,6.8));
#10459 = CIRCLE('',#10460,1.7);
#10460 = AXIS2_PLACEMENT_3D('',#10461,#10462,#10463);
#10461 = CARTESIAN_POINT('',(34.48,34.48,6.8));
#10462 = DIRECTION('',(0.,0.,1.));
#10463 = DIRECTION('',(1.,0.,-0.));
#10464 = PLANE('',#10465);
#10465 = AXIS2_PLACEMENT_3D('',#10466,#10467,#10468);
#10466 = CARTESIAN_POINT('',(34.48,34.48,6.8));
#10467 = DIRECTION('',(0.,0.,1.));
#10468 = DIRECTION('',(1.,0.,-0.));
#10469 = ADVANCED_FACE('',(#10470,#10473),#10484,.T.);
#10470 = FACE_BOUND('',#10471,.T.);
#10471 = EDGE_LOOP('',(#10472));
#10472 = ORIENTED_EDGE('',*,*,#6089,.T.);
#10473 = FACE_BOUND('',#10474,.T.);
#10474 = EDGE_LOOP('',(#10475));
#10475 = ORIENTED_EDGE('',*,*,#10476,.F.);
#10476 = EDGE_CURVE('',#10477,#10477,#10479,.T.);
#10477 = VERTEX_POINT('',#10478);
#10478 = CARTESIAN_POINT('',(36.18,-34.48,6.8));
#10479 = CIRCLE('',#10480,1.7);
#10480 = AXIS2_PLACEMENT_3D('',#10481,#10482,#10483);
#10481 = CARTESIAN_POINT('',(34.48,-34.48,6.8));
#10482 = DIRECTION('',(0.,0.,1.));
#10483 = DIRECTION('',(1.,0.,-0.));
#10484 = PLANE('',#10485);
#10485 = AXIS2_PLACEMENT_3D('',#10486,#10487,#10488);
#10486 = CARTESIAN_POINT('',(34.48,-34.48,6.8));
#10487 = DIRECTION('',(0.,0.,1.));
#10488 = DIRECTION('',(1.,0.,-0.));
#10489 = ADVANCED_FACE('',(#10490),#10498,.F.);
#10490 = FACE_BOUND('',#10491,.F.);
#10491 = EDGE_LOOP('',(#10492,#10493,#10494,#10495,#10496,#10497));
#10492 = ORIENTED_EDGE('',*,*,#6155,.F.);
#10493 = ORIENTED_EDGE('',*,*,#3126,.T.);
#10494 = ORIENTED_EDGE('',*,*,#3117,.T.);
#10495 = ORIENTED_EDGE('',*,*,#6138,.T.);
#10496 = ORIENTED_EDGE('',*,*,#206,.F.);
#10497 = ORIENTED_EDGE('',*,*,#215,.F.);
#10498 = CYLINDRICAL_SURFACE('',#10499,1.375);
#10499 = AXIS2_PLACEMENT_3D('',#10500,#10501,#10502);
#10500 = CARTESIAN_POINT('',(-22.86,-27.94,-14.3));
#10501 = DIRECTION('',(0.,0.,1.));
#10502 = DIRECTION('',(1.,0.,-0.));
#10503 = ADVANCED_FACE('',(#10504),#10512,.F.);
#10504 = FACE_BOUND('',#10505,.F.);
#10505 = EDGE_LOOP('',(#10506,#10507,#10508,#10509,#10510,#10511));
#10506 = ORIENTED_EDGE('',*,*,#6296,.F.);
#10507 = ORIENTED_EDGE('',*,*,#3218,.T.);
#10508 = ORIENTED_EDGE('',*,*,#3209,.T.);
#10509 = ORIENTED_EDGE('',*,*,#6279,.T.);
#10510 = ORIENTED_EDGE('',*,*,#298,.F.);
#10511 = ORIENTED_EDGE('',*,*,#307,.F.);
#10512 = CYLINDRICAL_SURFACE('',#10513,1.375);
#10513 = AXIS2_PLACEMENT_3D('',#10514,#10515,#10516);
#10514 = CARTESIAN_POINT('',(-7.62,-27.94,-14.3));
#10515 = DIRECTION('',(0.,0.,1.));
#10516 = DIRECTION('',(1.,0.,-0.));
#10517 = ADVANCED_FACE('',(#10518),#10526,.F.);
#10518 = FACE_BOUND('',#10519,.F.);
#10519 = EDGE_LOOP('',(#10520,#10521,#10522,#10523,#10524,#10525));
#10520 = ORIENTED_EDGE('',*,*,#6573,.F.);
#10521 = ORIENTED_EDGE('',*,*,#3382,.T.);
#10522 = ORIENTED_EDGE('',*,*,#3373,.T.);
#10523 = ORIENTED_EDGE('',*,*,#6556,.T.);
#10524 = ORIENTED_EDGE('',*,*,#462,.F.);
#10525 = ORIENTED_EDGE('',*,*,#471,.F.);
#10526 = CYLINDRICAL_SURFACE('',#10527,1.375);
#10527 = AXIS2_PLACEMENT_3D('',#10528,#10529,#10530);
#10528 = CARTESIAN_POINT('',(-17.78,-17.78,-14.3));
#10529 = DIRECTION('',(0.,0.,1.));
#10530 = DIRECTION('',(1.,0.,-0.));
#10531 = ADVANCED_FACE('',(#10532),#10540,.F.);
#10532 = FACE_BOUND('',#10533,.F.);
#10533 = EDGE_LOOP('',(#10534,#10535,#10536,#10537,#10538,#10539));
#10534 = ORIENTED_EDGE('',*,*,#6629,.F.);
#10535 = ORIENTED_EDGE('',*,*,#3427,.T.);
#10536 = ORIENTED_EDGE('',*,*,#3418,.T.);
#10537 = ORIENTED_EDGE('',*,*,#6612,.T.);
#10538 = ORIENTED_EDGE('',*,*,#507,.F.);
#10539 = ORIENTED_EDGE('',*,*,#516,.F.);
#10540 = CYLINDRICAL_SURFACE('',#10541,1.375);
#10541 = AXIS2_PLACEMENT_3D('',#10542,#10543,#10544);
#10542 = CARTESIAN_POINT('',(-22.86,-12.7,-14.3));
#10543 = DIRECTION('',(0.,0.,1.));
#10544 = DIRECTION('',(1.,0.,-0.));
#10545 = ADVANCED_FACE('',(#10546),#10554,.F.);
#10546 = FACE_BOUND('',#10547,.F.);
#10547 = EDGE_LOOP('',(#10548,#10549,#10550,#10551,#10552,#10553));
#10548 = ORIENTED_EDGE('',*,*,#6770,.F.);
#10549 = ORIENTED_EDGE('',*,*,#3519,.T.);
#10550 = ORIENTED_EDGE('',*,*,#3510,.T.);
#10551 = ORIENTED_EDGE('',*,*,#6753,.T.);
#10552 = ORIENTED_EDGE('',*,*,#599,.F.);
#10553 = ORIENTED_EDGE('',*,*,#608,.F.);
#10554 = CYLINDRICAL_SURFACE('',#10555,1.375);
#10555 = AXIS2_PLACEMENT_3D('',#10556,#10557,#10558);
#10556 = CARTESIAN_POINT('',(-17.78,-2.54,-14.3));
#10557 = DIRECTION('',(0.,0.,1.));
#10558 = DIRECTION('',(1.,0.,-0.));
#10559 = ADVANCED_FACE('',(#10560),#10568,.F.);
#10560 = FACE_BOUND('',#10561,.F.);
#10561 = EDGE_LOOP('',(#10562,#10563,#10564,#10565,#10566,#10567));
#10562 = ORIENTED_EDGE('',*,*,#6894,.F.);
#10563 = ORIENTED_EDGE('',*,*,#3600,.T.);
#10564 = ORIENTED_EDGE('',*,*,#3591,.T.);
#10565 = ORIENTED_EDGE('',*,*,#6877,.T.);
#10566 = ORIENTED_EDGE('',*,*,#680,.F.);
#10567 = ORIENTED_EDGE('',*,*,#689,.F.);
#10568 = CYLINDRICAL_SURFACE('',#10569,1.375);
#10569 = AXIS2_PLACEMENT_3D('',#10570,#10571,#10572);
#10570 = CARTESIAN_POINT('',(-7.62,-12.7,-14.3));
#10571 = DIRECTION('',(0.,0.,1.));
#10572 = DIRECTION('',(1.,0.,-0.));
#10573 = ADVANCED_FACE('',(#10574),#10582,.F.);
#10574 = FACE_BOUND('',#10575,.F.);
#10575 = EDGE_LOOP('',(#10576,#10577,#10578,#10579,#10580,#10581));
#10576 = ORIENTED_EDGE('',*,*,#6950,.F.);
#10577 = ORIENTED_EDGE('',*,*,#3645,.T.);
#10578 = ORIENTED_EDGE('',*,*,#3636,.T.);
#10579 = ORIENTED_EDGE('',*,*,#6933,.T.);
#10580 = ORIENTED_EDGE('',*,*,#725,.F.);
#10581 = ORIENTED_EDGE('',*,*,#734,.F.);
#10582 = CYLINDRICAL_SURFACE('',#10583,1.375);
#10583 = AXIS2_PLACEMENT_3D('',#10584,#10585,#10586);
#10584 = CARTESIAN_POINT('',(-2.54,-17.78,-14.3));
#10585 = DIRECTION('',(0.,0.,1.));
#10586 = DIRECTION('',(1.,0.,-0.));
#10587 = ADVANCED_FACE('',(#10588),#10596,.F.);
#10588 = FACE_BOUND('',#10589,.F.);
#10589 = EDGE_LOOP('',(#10590,#10591,#10592,#10593,#10594,#10595));
#10590 = ORIENTED_EDGE('',*,*,#7159,.F.);
#10591 = ORIENTED_EDGE('',*,*,#3773,.T.);
#10592 = ORIENTED_EDGE('',*,*,#3764,.T.);
#10593 = ORIENTED_EDGE('',*,*,#7142,.T.);
#10594 = ORIENTED_EDGE('',*,*,#853,.F.);
#10595 = ORIENTED_EDGE('',*,*,#862,.F.);
#10596 = CYLINDRICAL_SURFACE('',#10597,1.375);
#10597 = AXIS2_PLACEMENT_3D('',#10598,#10599,#10600);
#10598 = CARTESIAN_POINT('',(-2.54,-2.54,-14.3));
#10599 = DIRECTION('',(0.,0.,1.));
#10600 = DIRECTION('',(1.,0.,-0.));
#10601 = ADVANCED_FACE('',(#10602),#10610,.F.);
#10602 = FACE_BOUND('',#10603,.F.);
#10603 = EDGE_LOOP('',(#10604,#10605,#10606,#10607,#10608,#10609));
#10604 = ORIENTED_EDGE('',*,*,#7215,.F.);
#10605 = ORIENTED_EDGE('',*,*,#3818,.T.);
#10606 = ORIENTED_EDGE('',*,*,#3809,.T.);
#10607 = ORIENTED_EDGE('',*,*,#7198,.T.);
#10608 = ORIENTED_EDGE('',*,*,#898,.F.);
#10609 = ORIENTED_EDGE('',*,*,#907,.F.);
#10610 = CYLINDRICAL_SURFACE('',#10611,1.375);
#10611 = AXIS2_PLACEMENT_3D('',#10612,#10613,#10614);
#10612 = CARTESIAN_POINT('',(7.62,-27.94,-14.3));
#10613 = DIRECTION('',(0.,0.,1.));
#10614 = DIRECTION('',(1.,0.,-0.));
#10615 = ADVANCED_FACE('',(#10616),#10624,.F.);
#10616 = FACE_BOUND('',#10617,.F.);
#10617 = EDGE_LOOP('',(#10618,#10619,#10620,#10621,#10622,#10623));
#10618 = ORIENTED_EDGE('',*,*,#7492,.F.);
#10619 = ORIENTED_EDGE('',*,*,#3982,.T.);
#10620 = ORIENTED_EDGE('',*,*,#3973,.T.);
#10621 = ORIENTED_EDGE('',*,*,#7475,.T.);
#10622 = ORIENTED_EDGE('',*,*,#1062,.F.);
#10623 = ORIENTED_EDGE('',*,*,#1071,.F.);
#10624 = CYLINDRICAL_SURFACE('',#10625,1.375);
#10625 = AXIS2_PLACEMENT_3D('',#10626,#10627,#10628);
#10626 = CARTESIAN_POINT('',(22.86,-27.94,-14.3));
#10627 = DIRECTION('',(0.,0.,1.));
#10628 = DIRECTION('',(1.,0.,-0.));
#10629 = ADVANCED_FACE('',(#10630),#10638,.F.);
#10630 = FACE_BOUND('',#10631,.F.);
#10631 = EDGE_LOOP('',(#10632,#10633,#10634,#10635,#10636,#10637));
#10632 = ORIENTED_EDGE('',*,*,#7633,.F.);
#10633 = ORIENTED_EDGE('',*,*,#4085,.T.);
#10634 = ORIENTED_EDGE('',*,*,#4076,.T.);
#10635 = ORIENTED_EDGE('',*,*,#7616,.T.);
#10636 = ORIENTED_EDGE('',*,*,#1154,.F.);
#10637 = ORIENTED_EDGE('',*,*,#1163,.F.);
#10638 = CYLINDRICAL_SURFACE('',#10639,1.375);
#10639 = AXIS2_PLACEMENT_3D('',#10640,#10641,#10642);
#10640 = CARTESIAN_POINT('',(7.62,-12.7,-14.3));
#10641 = DIRECTION('',(0.,0.,1.));
#10642 = DIRECTION('',(1.,0.,-0.));
#10643 = ADVANCED_FACE('',(#10644),#10652,.F.);
#10644 = FACE_BOUND('',#10645,.F.);
#10645 = EDGE_LOOP('',(#10646,#10647,#10648,#10649,#10650,#10651));
#10646 = ORIENTED_EDGE('',*,*,#7689,.F.);
#10647 = ORIENTED_EDGE('',*,*,#4130,.T.);
#10648 = ORIENTED_EDGE('',*,*,#4121,.T.);
#10649 = ORIENTED_EDGE('',*,*,#7672,.T.);
#10650 = ORIENTED_EDGE('',*,*,#1199,.F.);
#10651 = ORIENTED_EDGE('',*,*,#1208,.F.);
#10652 = CYLINDRICAL_SURFACE('',#10653,1.375);
#10653 = AXIS2_PLACEMENT_3D('',#10654,#10655,#10656);
#10654 = CARTESIAN_POINT('',(12.7,-17.78,-14.3));
#10655 = DIRECTION('',(0.,0.,1.));
#10656 = DIRECTION('',(1.,0.,-0.));
#10657 = ADVANCED_FACE('',(#10658),#10666,.F.);
#10658 = FACE_BOUND('',#10659,.F.);
#10659 = EDGE_LOOP('',(#10660,#10661,#10662,#10663,#10664,#10665));
#10660 = ORIENTED_EDGE('',*,*,#7966,.F.);
#10661 = ORIENTED_EDGE('',*,*,#4294,.T.);
#10662 = ORIENTED_EDGE('',*,*,#4285,.T.);
#10663 = ORIENTED_EDGE('',*,*,#7949,.T.);
#10664 = ORIENTED_EDGE('',*,*,#1363,.F.);
#10665 = ORIENTED_EDGE('',*,*,#1372,.F.);
#10666 = CYLINDRICAL_SURFACE('',#10667,1.375);
#10667 = AXIS2_PLACEMENT_3D('',#10668,#10669,#10670);
#10668 = CARTESIAN_POINT('',(12.7,-2.54,-14.3));
#10669 = DIRECTION('',(0.,0.,1.));
#10670 = DIRECTION('',(1.,0.,-0.));
#10671 = ADVANCED_FACE('',(#10672),#10680,.F.);
#10672 = FACE_BOUND('',#10673,.F.);
#10673 = EDGE_LOOP('',(#10674,#10675,#10676,#10677,#10678,#10679));
#10674 = ORIENTED_EDGE('',*,*,#8022,.F.);
#10675 = ORIENTED_EDGE('',*,*,#4339,.T.);
#10676 = ORIENTED_EDGE('',*,*,#4330,.T.);
#10677 = ORIENTED_EDGE('',*,*,#8005,.T.);
#10678 = ORIENTED_EDGE('',*,*,#1408,.F.);
#10679 = ORIENTED_EDGE('',*,*,#1417,.F.);
#10680 = CYLINDRICAL_SURFACE('',#10681,1.375);
#10681 = AXIS2_PLACEMENT_3D('',#10682,#10683,#10684);
#10682 = CARTESIAN_POINT('',(27.94,-17.78,-14.3));
#10683 = DIRECTION('',(0.,0.,1.));
#10684 = DIRECTION('',(1.,0.,-0.));
#10685 = ADVANCED_FACE('',(#10686),#10694,.F.);
#10686 = FACE_BOUND('',#10687,.F.);
#10687 = EDGE_LOOP('',(#10688,#10689,#10690,#10691,#10692,#10693));
#10688 = ORIENTED_EDGE('',*,*,#8078,.F.);
#10689 = ORIENTED_EDGE('',*,*,#4384,.T.);
#10690 = ORIENTED_EDGE('',*,*,#4375,.T.);
#10691 = ORIENTED_EDGE('',*,*,#8061,.T.);
#10692 = ORIENTED_EDGE('',*,*,#1453,.F.);
#10693 = ORIENTED_EDGE('',*,*,#1462,.F.);
#10694 = CYLINDRICAL_SURFACE('',#10695,1.375);
#10695 = AXIS2_PLACEMENT_3D('',#10696,#10697,#10698);
#10696 = CARTESIAN_POINT('',(22.86,-12.7,-14.3));
#10697 = DIRECTION('',(0.,0.,1.));
#10698 = DIRECTION('',(1.,0.,-0.));
#10699 = ADVANCED_FACE('',(#10700),#10708,.F.);
#10700 = FACE_BOUND('',#10701,.F.);
#10701 = EDGE_LOOP('',(#10702,#10703,#10704,#10705,#10706,#10707));
#10702 = ORIENTED_EDGE('',*,*,#8219,.F.);
#10703 = ORIENTED_EDGE('',*,*,#4476,.T.);
#10704 = ORIENTED_EDGE('',*,*,#4467,.T.);
#10705 = ORIENTED_EDGE('',*,*,#8202,.T.);
#10706 = ORIENTED_EDGE('',*,*,#1545,.F.);
#10707 = ORIENTED_EDGE('',*,*,#1554,.F.);
#10708 = CYLINDRICAL_SURFACE('',#10709,1.375);
#10709 = AXIS2_PLACEMENT_3D('',#10710,#10711,#10712);
#10710 = CARTESIAN_POINT('',(27.94,-2.54,-14.3));
#10711 = DIRECTION('',(0.,0.,1.));
#10712 = DIRECTION('',(1.,0.,-0.));
#10713 = ADVANCED_FACE('',(#10714),#10722,.F.);
#10714 = FACE_BOUND('',#10715,.F.);
#10715 = EDGE_LOOP('',(#10716,#10717,#10718,#10719,#10720,#10721));
#10716 = ORIENTED_EDGE('',*,*,#8275,.F.);
#10717 = ORIENTED_EDGE('',*,*,#4521,.T.);
#10718 = ORIENTED_EDGE('',*,*,#4512,.T.);
#10719 = ORIENTED_EDGE('',*,*,#8258,.T.);
#10720 = ORIENTED_EDGE('',*,*,#1590,.F.);
#10721 = ORIENTED_EDGE('',*,*,#1599,.F.);
#10722 = CYLINDRICAL_SURFACE('',#10723,1.375);
#10723 = AXIS2_PLACEMENT_3D('',#10724,#10725,#10726);
#10724 = CARTESIAN_POINT('',(-22.86,2.54,-14.3));
#10725 = DIRECTION('',(0.,0.,1.));
#10726 = DIRECTION('',(1.,0.,-0.));
#10727 = ADVANCED_FACE('',(#10728),#10736,.F.);
#10728 = FACE_BOUND('',#10729,.F.);
#10729 = EDGE_LOOP('',(#10730,#10731,#10732,#10733,#10734,#10735));
#10730 = ORIENTED_EDGE('',*,*,#8416,.F.);
#10731 = ORIENTED_EDGE('',*,*,#4613,.T.);
#10732 = ORIENTED_EDGE('',*,*,#4604,.T.);
#10733 = ORIENTED_EDGE('',*,*,#8399,.T.);
#10734 = ORIENTED_EDGE('',*,*,#1682,.F.);
#10735 = ORIENTED_EDGE('',*,*,#1691,.F.);
#10736 = CYLINDRICAL_SURFACE('',#10737,1.375);
#10737 = AXIS2_PLACEMENT_3D('',#10738,#10739,#10740);
#10738 = CARTESIAN_POINT('',(-17.78,12.7,-14.3));
#10739 = DIRECTION('',(0.,0.,1.));
#10740 = DIRECTION('',(1.,0.,-0.));
#10741 = ADVANCED_FACE('',(#10742),#10750,.F.);
#10742 = FACE_BOUND('',#10743,.F.);
#10743 = EDGE_LOOP('',(#10744,#10745,#10746,#10747,#10748,#10749));
#10744 = ORIENTED_EDGE('',*,*,#8472,.F.);
#10745 = ORIENTED_EDGE('',*,*,#4658,.T.);
#10746 = ORIENTED_EDGE('',*,*,#4649,.T.);
#10747 = ORIENTED_EDGE('',*,*,#8455,.T.);
#10748 = ORIENTED_EDGE('',*,*,#1727,.F.);
#10749 = ORIENTED_EDGE('',*,*,#1736,.F.);
#10750 = CYLINDRICAL_SURFACE('',#10751,1.375);
#10751 = AXIS2_PLACEMENT_3D('',#10752,#10753,#10754);
#10752 = CARTESIAN_POINT('',(-22.86,17.78,-14.3));
#10753 = DIRECTION('',(0.,0.,1.));
#10754 = DIRECTION('',(1.,0.,-0.));
#10755 = ADVANCED_FACE('',(#10756),#10764,.F.);
#10756 = FACE_BOUND('',#10757,.F.);
#10757 = EDGE_LOOP('',(#10758,#10759,#10760,#10761,#10762,#10763));
#10758 = ORIENTED_EDGE('',*,*,#8528,.F.);
#10759 = ORIENTED_EDGE('',*,*,#4703,.T.);
#10760 = ORIENTED_EDGE('',*,*,#4694,.T.);
#10761 = ORIENTED_EDGE('',*,*,#8511,.T.);
#10762 = ORIENTED_EDGE('',*,*,#1772,.F.);
#10763 = ORIENTED_EDGE('',*,*,#1781,.F.);
#10764 = CYLINDRICAL_SURFACE('',#10765,1.375);
#10765 = AXIS2_PLACEMENT_3D('',#10766,#10767,#10768);
#10766 = CARTESIAN_POINT('',(-7.62,2.54,-14.3));
#10767 = DIRECTION('',(0.,0.,1.));
#10768 = DIRECTION('',(1.,0.,-0.));
#10769 = ADVANCED_FACE('',(#10770),#10778,.F.);
#10770 = FACE_BOUND('',#10771,.F.);
#10771 = EDGE_LOOP('',(#10772,#10773,#10774,#10775,#10776,#10777));
#10772 = ORIENTED_EDGE('',*,*,#8805,.F.);
#10773 = ORIENTED_EDGE('',*,*,#4867,.T.);
#10774 = ORIENTED_EDGE('',*,*,#4858,.T.);
#10775 = ORIENTED_EDGE('',*,*,#8788,.T.);
#10776 = ORIENTED_EDGE('',*,*,#1936,.F.);
#10777 = ORIENTED_EDGE('',*,*,#1945,.F.);
#10778 = CYLINDRICAL_SURFACE('',#10779,1.375);
#10779 = AXIS2_PLACEMENT_3D('',#10780,#10781,#10782);
#10780 = CARTESIAN_POINT('',(-7.62,17.78,-14.3));
#10781 = DIRECTION('',(0.,0.,1.));
#10782 = DIRECTION('',(1.,0.,-0.));
#10783 = ADVANCED_FACE('',(#10784),#10792,.F.);
#10784 = FACE_BOUND('',#10785,.F.);
#10785 = EDGE_LOOP('',(#10786,#10787,#10788,#10789,#10790,#10791));
#10786 = ORIENTED_EDGE('',*,*,#8861,.F.);
#10787 = ORIENTED_EDGE('',*,*,#4912,.T.);
#10788 = ORIENTED_EDGE('',*,*,#4903,.T.);
#10789 = ORIENTED_EDGE('',*,*,#8844,.T.);
#10790 = ORIENTED_EDGE('',*,*,#1981,.F.);
#10791 = ORIENTED_EDGE('',*,*,#1990,.F.);
#10792 = CYLINDRICAL_SURFACE('',#10793,1.375);
#10793 = AXIS2_PLACEMENT_3D('',#10794,#10795,#10796);
#10794 = CARTESIAN_POINT('',(-2.54,12.7,-14.3));
#10795 = DIRECTION('',(0.,0.,1.));
#10796 = DIRECTION('',(1.,0.,-0.));
#10797 = ADVANCED_FACE('',(#10798),#10806,.F.);
#10798 = FACE_BOUND('',#10799,.F.);
#10799 = EDGE_LOOP('',(#10800,#10801,#10802,#10803,#10804,#10805));
#10800 = ORIENTED_EDGE('',*,*,#9002,.F.);
#10801 = ORIENTED_EDGE('',*,*,#5015,.T.);
#10802 = ORIENTED_EDGE('',*,*,#5006,.T.);
#10803 = ORIENTED_EDGE('',*,*,#8985,.T.);
#10804 = ORIENTED_EDGE('',*,*,#2073,.F.);
#10805 = ORIENTED_EDGE('',*,*,#2082,.F.);
#10806 = CYLINDRICAL_SURFACE('',#10807,1.375);
#10807 = AXIS2_PLACEMENT_3D('',#10808,#10809,#10810);
#10808 = CARTESIAN_POINT('',(-17.78,27.94,-14.3));
#10809 = DIRECTION('',(0.,0.,1.));
#10810 = DIRECTION('',(1.,0.,-0.));
#10811 = ADVANCED_FACE('',(#10812),#10820,.F.);
#10812 = FACE_BOUND('',#10813,.F.);
#10813 = EDGE_LOOP('',(#10814,#10815,#10816,#10817,#10818,#10819));
#10814 = ORIENTED_EDGE('',*,*,#9279,.F.);
#10815 = ORIENTED_EDGE('',*,*,#5179,.T.);
#10816 = ORIENTED_EDGE('',*,*,#5170,.T.);
#10817 = ORIENTED_EDGE('',*,*,#9262,.T.);
#10818 = ORIENTED_EDGE('',*,*,#2237,.F.);
#10819 = ORIENTED_EDGE('',*,*,#2246,.F.);
#10820 = CYLINDRICAL_SURFACE('',#10821,1.375);
#10821 = AXIS2_PLACEMENT_3D('',#10822,#10823,#10824);
#10822 = CARTESIAN_POINT('',(-2.54,27.94,-14.3));
#10823 = DIRECTION('',(0.,0.,1.));
#10824 = DIRECTION('',(1.,0.,-0.));
#10825 = ADVANCED_FACE('',(#10826),#10834,.F.);
#10826 = FACE_BOUND('',#10827,.F.);
#10827 = EDGE_LOOP('',(#10828,#10829,#10830,#10831,#10832,#10833));
#10828 = ORIENTED_EDGE('',*,*,#9335,.F.);
#10829 = ORIENTED_EDGE('',*,*,#5224,.T.);
#10830 = ORIENTED_EDGE('',*,*,#5215,.T.);
#10831 = ORIENTED_EDGE('',*,*,#9318,.T.);
#10832 = ORIENTED_EDGE('',*,*,#2282,.F.);
#10833 = ORIENTED_EDGE('',*,*,#2291,.F.);
#10834 = CYLINDRICAL_SURFACE('',#10835,1.375);
#10835 = AXIS2_PLACEMENT_3D('',#10836,#10837,#10838);
#10836 = CARTESIAN_POINT('',(7.62,2.54,-14.3));
#10837 = DIRECTION('',(0.,0.,1.));
#10838 = DIRECTION('',(1.,0.,-0.));
#10839 = ADVANCED_FACE('',(#10840),#10848,.F.);
#10840 = FACE_BOUND('',#10841,.F.);
#10841 = EDGE_LOOP('',(#10842,#10843,#10844,#10845,#10846,#10847));
#10842 = ORIENTED_EDGE('',*,*,#9544,.F.);
#10843 = ORIENTED_EDGE('',*,*,#5352,.T.);
#10844 = ORIENTED_EDGE('',*,*,#5343,.T.);
#10845 = ORIENTED_EDGE('',*,*,#9527,.T.);
#10846 = ORIENTED_EDGE('',*,*,#2410,.F.);
#10847 = ORIENTED_EDGE('',*,*,#2419,.F.);
#10848 = CYLINDRICAL_SURFACE('',#10849,1.375);
#10849 = AXIS2_PLACEMENT_3D('',#10850,#10851,#10852);
#10850 = CARTESIAN_POINT('',(7.62,17.78,-14.3));
#10851 = DIRECTION('',(0.,0.,1.));
#10852 = DIRECTION('',(1.,0.,-0.));
#10853 = ADVANCED_FACE('',(#10854),#10862,.F.);
#10854 = FACE_BOUND('',#10855,.F.);
#10855 = EDGE_LOOP('',(#10856,#10857,#10858,#10859,#10860,#10861));
#10856 = ORIENTED_EDGE('',*,*,#9600,.F.);
#10857 = ORIENTED_EDGE('',*,*,#5397,.T.);
#10858 = ORIENTED_EDGE('',*,*,#5388,.T.);
#10859 = ORIENTED_EDGE('',*,*,#9583,.T.);
#10860 = ORIENTED_EDGE('',*,*,#2455,.F.);
#10861 = ORIENTED_EDGE('',*,*,#2464,.F.);
#10862 = CYLINDRICAL_SURFACE('',#10863,1.375);
#10863 = AXIS2_PLACEMENT_3D('',#10864,#10865,#10866);
#10864 = CARTESIAN_POINT('',(12.7,12.7,-14.3));
#10865 = DIRECTION('',(0.,0.,1.));
#10866 = DIRECTION('',(1.,0.,-0.));
#10867 = ADVANCED_FACE('',(#10868),#10876,.F.);
#10868 = FACE_BOUND('',#10869,.F.);
#10869 = EDGE_LOOP('',(#10870,#10871,#10872,#10873,#10874,#10875));
#10870 = ORIENTED_EDGE('',*,*,#9724,.F.);
#10871 = ORIENTED_EDGE('',*,*,#5478,.T.);
#10872 = ORIENTED_EDGE('',*,*,#5469,.T.);
#10873 = ORIENTED_EDGE('',*,*,#9707,.T.);
#10874 = ORIENTED_EDGE('',*,*,#2536,.F.);
#10875 = ORIENTED_EDGE('',*,*,#2545,.F.);
#10876 = CYLINDRICAL_SURFACE('',#10877,1.375);
#10877 = AXIS2_PLACEMENT_3D('',#10878,#10879,#10880);
#10878 = CARTESIAN_POINT('',(22.86,2.54,-14.3));
#10879 = DIRECTION('',(0.,0.,1.));
#10880 = DIRECTION('',(1.,0.,-0.));
#10881 = ADVANCED_FACE('',(#10882),#10890,.F.);
#10882 = FACE_BOUND('',#10883,.F.);
#10883 = EDGE_LOOP('',(#10884,#10885,#10886,#10887,#10888,#10889));
#10884 = ORIENTED_EDGE('',*,*,#9865,.F.);
#10885 = ORIENTED_EDGE('',*,*,#5570,.T.);
#10886 = ORIENTED_EDGE('',*,*,#5561,.T.);
#10887 = ORIENTED_EDGE('',*,*,#9848,.T.);
#10888 = ORIENTED_EDGE('',*,*,#2628,.F.);
#10889 = ORIENTED_EDGE('',*,*,#2637,.F.);
#10890 = CYLINDRICAL_SURFACE('',#10891,1.375);
#10891 = AXIS2_PLACEMENT_3D('',#10892,#10893,#10894);
#10892 = CARTESIAN_POINT('',(27.94,12.7,-14.3));
#10893 = DIRECTION('',(0.,0.,1.));
#10894 = DIRECTION('',(1.,0.,-0.));
#10895 = ADVANCED_FACE('',(#10896),#10904,.F.);
#10896 = FACE_BOUND('',#10897,.F.);
#10897 = EDGE_LOOP('',(#10898,#10899,#10900,#10901,#10902,#10903));
#10898 = ORIENTED_EDGE('',*,*,#9921,.F.);
#10899 = ORIENTED_EDGE('',*,*,#5615,.T.);
#10900 = ORIENTED_EDGE('',*,*,#5606,.T.);
#10901 = ORIENTED_EDGE('',*,*,#9904,.T.);
#10902 = ORIENTED_EDGE('',*,*,#2673,.F.);
#10903 = ORIENTED_EDGE('',*,*,#2682,.F.);
#10904 = CYLINDRICAL_SURFACE('',#10905,1.375);
#10905 = AXIS2_PLACEMENT_3D('',#10906,#10907,#10908);
#10906 = CARTESIAN_POINT('',(22.86,17.78,-14.3));
#10907 = DIRECTION('',(0.,0.,1.));
#10908 = DIRECTION('',(1.,0.,-0.));
#10909 = ADVANCED_FACE('',(#10910),#10918,.F.);
#10910 = FACE_BOUND('',#10911,.F.);
#10911 = EDGE_LOOP('',(#10912,#10913,#10914,#10915,#10916,#10917));
#10912 = ORIENTED_EDGE('',*,*,#10198,.F.);
#10913 = ORIENTED_EDGE('',*,*,#5779,.T.);
#10914 = ORIENTED_EDGE('',*,*,#5770,.T.);
#10915 = ORIENTED_EDGE('',*,*,#10181,.T.);
#10916 = ORIENTED_EDGE('',*,*,#2837,.F.);
#10917 = ORIENTED_EDGE('',*,*,#2846,.F.);
#10918 = CYLINDRICAL_SURFACE('',#10919,1.375);
#10919 = AXIS2_PLACEMENT_3D('',#10920,#10921,#10922);
#10920 = CARTESIAN_POINT('',(12.7,27.94,-14.3));
#10921 = DIRECTION('',(0.,0.,1.));
#10922 = DIRECTION('',(1.,0.,-0.));
#10923 = ADVANCED_FACE('',(#10924),#10932,.F.);
#10924 = FACE_BOUND('',#10925,.F.);
#10925 = EDGE_LOOP('',(#10926,#10927,#10928,#10929,#10930,#10931));
#10926 = ORIENTED_EDGE('',*,*,#10339,.F.);
#10927 = ORIENTED_EDGE('',*,*,#5871,.T.);
#10928 = ORIENTED_EDGE('',*,*,#5862,.T.);
#10929 = ORIENTED_EDGE('',*,*,#10322,.T.);
#10930 = ORIENTED_EDGE('',*,*,#2929,.F.);
#10931 = ORIENTED_EDGE('',*,*,#2938,.F.);
#10932 = CYLINDRICAL_SURFACE('',#10933,1.375);
#10933 = AXIS2_PLACEMENT_3D('',#10934,#10935,#10936);
#10934 = CARTESIAN_POINT('',(27.94,27.94,-14.3));
#10935 = DIRECTION('',(0.,0.,1.));
#10936 = DIRECTION('',(1.,0.,-0.));
#10937 = ADVANCED_FACE('',(#10938),#10948,.F.);
#10938 = FACE_BOUND('',#10939,.F.);
#10939 = EDGE_LOOP('',(#10940,#10941,#10946,#10947));
#10940 = ORIENTED_EDGE('',*,*,#10392,.F.);
#10941 = ORIENTED_EDGE('',*,*,#10942,.F.);
#10942 = EDGE_CURVE('',#3088,#10393,#10943,.T.);
#10943 = B_SPLINE_CURVE_WITH_KNOTS('',1,(#10944,#10945),.UNSPECIFIED.,
  .F.,.F.,(2,2),(1.,21.1),.PIECEWISE_BEZIER_KNOTS.);
#10944 = CARTESIAN_POINT('',(-32.78,-34.48,-13.3));
#10945 = CARTESIAN_POINT('',(-32.78,-34.48,6.8));
#10946 = ORIENTED_EDGE('',*,*,#3087,.T.);
#10947 = ORIENTED_EDGE('',*,*,#10942,.T.);
#10948 = CYLINDRICAL_SURFACE('',#10949,1.7);
#10949 = AXIS2_PLACEMENT_3D('',#10950,#10951,#10952);
#10950 = CARTESIAN_POINT('',(-34.48,-34.48,-14.3));
#10951 = DIRECTION('',(0.,0.,1.));
#10952 = DIRECTION('',(1.,0.,-0.));
#10953 = ADVANCED_FACE('',(#10954),#10964,.F.);
#10954 = FACE_BOUND('',#10955,.F.);
#10955 = EDGE_LOOP('',(#10956,#10957,#10962,#10963));
#10956 = ORIENTED_EDGE('',*,*,#10476,.F.);
#10957 = ORIENTED_EDGE('',*,*,#10958,.F.);
#10958 = EDGE_CURVE('',#4000,#10477,#10959,.T.);
#10959 = B_SPLINE_CURVE_WITH_KNOTS('',1,(#10960,#10961),.UNSPECIFIED.,
  .F.,.F.,(2,2),(1.,21.1),.PIECEWISE_BEZIER_KNOTS.);
#10960 = CARTESIAN_POINT('',(36.18,-34.48,-13.3));
#10961 = CARTESIAN_POINT('',(36.18,-34.48,6.8));
#10962 = ORIENTED_EDGE('',*,*,#3999,.T.);
#10963 = ORIENTED_EDGE('',*,*,#10958,.T.);
#10964 = CYLINDRICAL_SURFACE('',#10965,1.7);
#10965 = AXIS2_PLACEMENT_3D('',#10966,#10967,#10968);
#10966 = CARTESIAN_POINT('',(34.48,-34.48,-14.3));
#10967 = DIRECTION('',(0.,0.,1.));
#10968 = DIRECTION('',(1.,0.,-0.));
#10969 = ADVANCED_FACE('',(#10970),#10980,.F.);
#10970 = FACE_BOUND('',#10971,.F.);
#10971 = EDGE_LOOP('',(#10972,#10973,#10978,#10979));
#10972 = ORIENTED_EDGE('',*,*,#10424,.F.);
#10973 = ORIENTED_EDGE('',*,*,#10974,.F.);
#10974 = EDGE_CURVE('',#4977,#10425,#10975,.T.);
#10975 = B_SPLINE_CURVE_WITH_KNOTS('',1,(#10976,#10977),.UNSPECIFIED.,
  .F.,.F.,(2,2),(1.,21.1),.PIECEWISE_BEZIER_KNOTS.);
#10976 = CARTESIAN_POINT('',(-32.78,34.48,-13.3));
#10977 = CARTESIAN_POINT('',(-32.78,34.48,6.8));
#10978 = ORIENTED_EDGE('',*,*,#4976,.T.);
#10979 = ORIENTED_EDGE('',*,*,#10974,.T.);
#10980 = CYLINDRICAL_SURFACE('',#10981,1.7);
#10981 = AXIS2_PLACEMENT_3D('',#10982,#10983,#10984);
#10982 = CARTESIAN_POINT('',(-34.48,34.48,-14.3));
#10983 = DIRECTION('',(0.,0.,1.));
#10984 = DIRECTION('',(1.,0.,-0.));
#10985 = ADVANCED_FACE('',(#10986),#10996,.F.);
#10986 = FACE_BOUND('',#10987,.F.);
#10987 = EDGE_LOOP('',(#10988,#10989,#10994,#10995));
#10988 = ORIENTED_EDGE('',*,*,#10456,.F.);
#10989 = ORIENTED_EDGE('',*,*,#10990,.F.);
#10990 = EDGE_CURVE('',#5889,#10457,#10991,.T.);
#10991 = B_SPLINE_CURVE_WITH_KNOTS('',1,(#10992,#10993),.UNSPECIFIED.,
  .F.,.F.,(2,2),(1.,21.1),.PIECEWISE_BEZIER_KNOTS.);
#10992 = CARTESIAN_POINT('',(36.18,34.48,-13.3));
#10993 = CARTESIAN_POINT('',(36.18,34.48,6.8));
#10994 = ORIENTED_EDGE('',*,*,#5888,.T.);
#10995 = ORIENTED_EDGE('',*,*,#10990,.T.);
#10996 = CYLINDRICAL_SURFACE('',#10997,1.7);
#10997 = AXIS2_PLACEMENT_3D('',#10998,#10999,#11000);
#10998 = CARTESIAN_POINT('',(34.48,34.48,-14.3));
#10999 = DIRECTION('',(0.,0.,1.));
#11000 = DIRECTION('',(1.,0.,-0.));
#11001 = ( GEOMETRIC_REPRESENTATION_CONTEXT(3) 
GLOBAL_UNCERTAINTY_ASSIGNED_CONTEXT((#11005)) 
GLOBAL_UNIT_ASSIGNED_CONTEXT((#11002,#11003,#11004)) 
REPRESENTATION_CONTEXT('Context #1',
  '3D Context with UNIT and UNCERTAINTY') );
#11002 = ( LENGTH_UNIT() NAMED_UNIT(*) SI_UNIT(.MILLI.,.METRE.) );
#11003 = ( NAMED_UNIT(*) PLANE_ANGLE_UNIT() SI_UNIT($,.RADIAN.) );
#11004 = ( NAMED_UNIT(*) SI_UNIT($,.STERADIAN.) SOLID_ANGLE_UNIT() );
#11005 = UNCERTAINTY_MEASURE_WITH_UNIT(LENGTH_MEASURE(2.E-07),#11002,
  'distance_accuracy_value','confusion accuracy');
#11006 = PRODUCT_RELATED_PRODUCT_CATEGORY('part',$,(#7));
ENDSEC;
END-ISO-10303-21;
