ISO-10303-21;
HEADER;
FILE_DESCRIPTION(('FreeCAD Model'),'2;1');
FILE_NAME('Open CASCADE Shape Model','2026-10-08T01:26:33',('FreeCAD'),(
    'FreeCAD'),'Open CASCADE STEP processor 7.8','FreeCAD','Unknown');
FILE_SCHEMA(('AUTOMOTIVE_DESIGN { 1 0 10303 214 1 1 1 1 }'));
ENDSEC;
DATA;
#1 = APPLICATION_PROTOCOL_DEFINITION('international standard',
  'automotive_design',2000,#2);
#2 = APPLICATION_CONTEXT(
  'core data for automotive mechanical design processes');
#3 = SHAPE_DEFINITION_REPRESENTATION(#4,#10);
#4 = PRODUCT_DEFINITION_SHAPE('','',#5);
#5 = PRODUCT_DEFINITION('design','',#6,#9);
#6 = PRODUCT_DEFINITION_FORMATION('','',#7);
#7 = PRODUCT('Open CASCADE STEP translator 7.8 1',
  'Open CASCADE STEP translator 7.8 1','',(#8));
#8 = PRODUCT_CONTEXT('',#2,'mechanical');
#9 = PRODUCT_DEFINITION_CONTEXT('part definition',#2,'design');
#10 = ADVANCED_BREP_SHAPE_REPRESENTATION('',(#11,#15),#12068);
#11 = AXIS2_PLACEMENT_3D('',#12,#13,#14);
#12 = CARTESIAN_POINT('',(0.,0.,0.));
#13 = DIRECTION('',(0.,0.,1.));
#14 = DIRECTION('',(1.,0.,-0.));
#15 = MANIFOLD_SOLID_BREP('',#16);
#16 = CLOSED_SHELL('',(#17,#57,#99,#130,#148,#243,#274,#298,#346,#379,
    #3294,#3334,#3359,#3386,#3419,#3466,#3498,#3531,#3578,#3610,#3649,
    #3689,#3736,#3768,#3800,#3832,#3856,#3880,#3905,#3937,#3961,#3985,
    #4003,#4035,#4059,#4083,#4101,#4133,#4157,#4181,#4213,#4237,#4261,
    #4286,#4318,#4342,#4366,#4384,#4416,#4440,#4464,#4482,#4514,#4538,
    #4562,#4594,#4618,#4642,#4667,#4699,#4723,#4747,#4765,#4797,#4821,
    #4845,#4863,#4895,#4919,#4943,#4975,#4999,#5023,#5048,#5080,#5104,
    #5128,#5146,#5178,#5202,#5226,#5244,#5276,#5300,#5324,#5356,#5380,
    #5404,#5429,#5461,#5485,#5509,#5527,#5559,#5583,#5607,#5625,#5657,
    #5681,#5705,#5737,#5761,#5785,#5810,#5842,#5866,#5890,#5908,#5940,
    #5964,#5988,#6006,#6038,#6062,#6086,#6118,#6142,#6166,#6191,#6223,
    #6247,#6271,#6289,#6321,#6345,#6369,#6387,#6419,#6443,#6467,#6499,
    #6523,#6547,#6572,#6604,#6628,#6652,#6670,#6702,#6726,#6750,#6768,
    #6800,#6824,#6848,#6880,#6904,#6928,#6960,#6984,#7008,#7026,#7058,
    #7082,#7106,#7124,#7149,#7181,#7205,#7229,#7261,#7285,#7309,#7341,
    #7365,#7389,#7407,#7439,#7463,#7487,#7505,#7530,#7562,#7586,#7610,
    #7642,#7666,#7690,#7722,#7746,#7770,#7788,#7820,#7844,#7868,#7886,
    #7911,#7943,#7967,#7991,#8023,#8047,#8071,#8103,#8127,#8151,#8169,
    #8201,#8225,#8249,#8267,#8292,#8324,#8348,#8372,#8404,#8428,#8452,
    #8484,#8508,#8532,#8550,#8582,#8606,#8630,#8648,#8673,#8705,#8729,
    #8753,#8785,#8809,#8833,#8865,#8889,#8913,#8931,#8963,#8987,#9011,
    #9029,#9054,#9086,#9110,#9134,#9166,#9190,#9214,#9246,#9270,#9294,
    #9312,#9344,#9368,#9392,#9410,#9435,#9467,#9491,#9515,#9547,#9571,
    #9595,#9627,#9651,#9675,#9693,#9725,#9749,#9773,#9791,#9816,#9848,
    #9872,#9896,#9927,#9951,#9975,#9999,#10019,#10031,#10062,#10074,
    #10094,#10106,#10126,#10157,#10195,#10215,#10239,#10263,#10281,
    #11271,#11300,#11349,#11367,#11425,#11452,#11472,#11497,#11506,
    #11524,#11538,#11552,#11566,#11580,#11594,#11608,#11622,#11636,
    #11650,#11664,#11678,#11692,#11706,#11720,#11734,#11748,#11762,
    #11776,#11790,#11804,#11818,#11832,#11846,#11860,#11874,#11888,
    #11902,#11916,#11930,#11944,#11958,#11972,#11988,#12004,#12020,
    #12036,#12050));
#17 = ADVANCED_FACE('',(#18),#52,.F.);
#18 = FACE_BOUND('',#19,.F.);
#19 = EDGE_LOOP('',(#20,#30,#38,#46));
#20 = ORIENTED_EDGE('',*,*,#21,.F.);
#21 = EDGE_CURVE('',#22,#24,#26,.T.);
#22 = VERTEX_POINT('',#23);
#23 = CARTESIAN_POINT('',(40.48,3.570714214271,3.5));
#24 = VERTEX_POINT('',#25);
#25 = CARTESIAN_POINT('',(40.48,10.428326807307,3.5));
#26 = LINE('',#27,#28);
#27 = CARTESIAN_POINT('',(40.48,-18.,3.5));
#28 = VECTOR('',#29,1.);
#29 = DIRECTION('',(0.,1.,0.));
#30 = ORIENTED_EDGE('',*,*,#31,.T.);
#31 = EDGE_CURVE('',#22,#32,#34,.T.);
#32 = VERTEX_POINT('',#33);
#33 = CARTESIAN_POINT('',(42.48,3.570714214271,3.5));
#34 = LINE('',#35,#36);
#35 = CARTESIAN_POINT('',(40.48,3.570714214271,3.5));
#36 = VECTOR('',#37,1.);
#37 = DIRECTION('',(1.,0.,0.));
#38 = ORIENTED_EDGE('',*,*,#39,.F.);
#39 = EDGE_CURVE('',#40,#32,#42,.T.);
#40 = VERTEX_POINT('',#41);
#41 = CARTESIAN_POINT('',(42.48,10.428326807307,3.5));
#42 = LINE('',#43,#44);
#43 = CARTESIAN_POINT('',(42.48,-9.,3.5));
#44 = VECTOR('',#45,1.);
#45 = DIRECTION('',(0.,-1.,0.));
#46 = ORIENTED_EDGE('',*,*,#47,.F.);
#47 = EDGE_CURVE('',#24,#40,#48,.T.);
#48 = LINE('',#49,#50);
#49 = CARTESIAN_POINT('',(38.47,10.428326807307,3.5));
#50 = VECTOR('',#51,1.);
#51 = DIRECTION('',(1.,0.,0.));
#52 = PLANE('',#53);
#53 = AXIS2_PLACEMENT_3D('',#54,#55,#56);
#54 = CARTESIAN_POINT('',(40.48,-18.,3.5));
#55 = DIRECTION('',(0.,0.,1.));
#56 = DIRECTION('',(1.,0.,0.));
#57 = ADVANCED_FACE('',(#58),#94,.T.);
#58 = FACE_BOUND('',#59,.T.);
#59 = EDGE_LOOP('',(#60,#61,#70,#79,#87));
#60 = ORIENTED_EDGE('',*,*,#39,.F.);
#61 = ORIENTED_EDGE('',*,*,#62,.T.);
#62 = EDGE_CURVE('',#40,#63,#65,.T.);
#63 = VERTEX_POINT('',#64);
#64 = CARTESIAN_POINT('',(42.48,2.694222958124E-15,11.));
#65 = CIRCLE('',#66,11.);
#66 = AXIS2_PLACEMENT_3D('',#67,#68,#69);
#67 = CARTESIAN_POINT('',(42.48,0.,0.));
#68 = DIRECTION('',(1.,0.,0.));
#69 = DIRECTION('',(-0.,0.,1.));
#70 = ORIENTED_EDGE('',*,*,#71,.T.);
#71 = EDGE_CURVE('',#63,#72,#74,.T.);
#72 = VERTEX_POINT('',#73);
#73 = CARTESIAN_POINT('',(42.48,-10.4283268073,3.5));
#74 = CIRCLE('',#75,11.);
#75 = AXIS2_PLACEMENT_3D('',#76,#77,#78);
#76 = CARTESIAN_POINT('',(42.48,0.,0.));
#77 = DIRECTION('',(1.,0.,0.));
#78 = DIRECTION('',(-0.,0.,1.));
#79 = ORIENTED_EDGE('',*,*,#80,.F.);
#80 = EDGE_CURVE('',#81,#72,#83,.T.);
#81 = VERTEX_POINT('',#82);
#82 = CARTESIAN_POINT('',(42.48,-3.570714214271,3.5));
#83 = LINE('',#84,#85);
#84 = CARTESIAN_POINT('',(42.48,-9.,3.5));
#85 = VECTOR('',#86,1.);
#86 = DIRECTION('',(0.,-1.,0.));
#87 = ORIENTED_EDGE('',*,*,#88,.F.);
#88 = EDGE_CURVE('',#32,#81,#89,.T.);
#89 = CIRCLE('',#90,5.);
#90 = AXIS2_PLACEMENT_3D('',#91,#92,#93);
#91 = CARTESIAN_POINT('',(42.48,0.,0.));
#92 = DIRECTION('',(1.,0.,0.));
#93 = DIRECTION('',(-0.,1.,0.));
#94 = PLANE('',#95);
#95 = AXIS2_PLACEMENT_3D('',#96,#97,#98);
#96 = CARTESIAN_POINT('',(42.48,0.,0.));
#97 = DIRECTION('',(1.,0.,0.));
#98 = DIRECTION('',(-0.,0.,1.));
#99 = ADVANCED_FACE('',(#100),#125,.F.);
#100 = FACE_BOUND('',#101,.F.);
#101 = EDGE_LOOP('',(#102,#112,#118,#119));
#102 = ORIENTED_EDGE('',*,*,#103,.F.);
#103 = EDGE_CURVE('',#104,#106,#108,.T.);
#104 = VERTEX_POINT('',#105);
#105 = CARTESIAN_POINT('',(40.48,-10.4283268073,3.5));
#106 = VERTEX_POINT('',#107);
#107 = CARTESIAN_POINT('',(40.48,-3.570714214271,3.5));
#108 = LINE('',#109,#110);
#109 = CARTESIAN_POINT('',(40.48,-18.,3.5));
#110 = VECTOR('',#111,1.);
#111 = DIRECTION('',(0.,1.,0.));
#112 = ORIENTED_EDGE('',*,*,#113,.T.);
#113 = EDGE_CURVE('',#104,#72,#114,.T.);
#114 = LINE('',#115,#116);
#115 = CARTESIAN_POINT('',(38.47,-10.4283268073,3.5));
#116 = VECTOR('',#117,1.);
#117 = DIRECTION('',(1.,0.,0.));
#118 = ORIENTED_EDGE('',*,*,#80,.F.);
#119 = ORIENTED_EDGE('',*,*,#120,.F.);
#120 = EDGE_CURVE('',#106,#81,#121,.T.);
#121 = LINE('',#122,#123);
#122 = CARTESIAN_POINT('',(40.48,-3.570714214271,3.5));
#123 = VECTOR('',#124,1.);
#124 = DIRECTION('',(1.,0.,0.));
#125 = PLANE('',#126);
#126 = AXIS2_PLACEMENT_3D('',#127,#128,#129);
#127 = CARTESIAN_POINT('',(40.48,-18.,3.5));
#128 = DIRECTION('',(0.,0.,1.));
#129 = DIRECTION('',(1.,0.,0.));
#130 = ADVANCED_FACE('',(#131),#143,.F.);
#131 = FACE_BOUND('',#132,.F.);
#132 = EDGE_LOOP('',(#133,#134,#135,#142));
#133 = ORIENTED_EDGE('',*,*,#88,.F.);
#134 = ORIENTED_EDGE('',*,*,#31,.F.);
#135 = ORIENTED_EDGE('',*,*,#136,.T.);
#136 = EDGE_CURVE('',#22,#106,#137,.T.);
#137 = CIRCLE('',#138,5.);
#138 = AXIS2_PLACEMENT_3D('',#139,#140,#141);
#139 = CARTESIAN_POINT('',(40.48,0.,0.));
#140 = DIRECTION('',(1.,0.,0.));
#141 = DIRECTION('',(0.,1.,0.));
#142 = ORIENTED_EDGE('',*,*,#120,.T.);
#143 = CYLINDRICAL_SURFACE('',#144,5.);
#144 = AXIS2_PLACEMENT_3D('',#145,#146,#147);
#145 = CARTESIAN_POINT('',(40.48,0.,0.));
#146 = DIRECTION('',(1.,0.,0.));
#147 = DIRECTION('',(0.,1.,0.));
#148 = ADVANCED_FACE('',(#149,#227),#238,.T.);
#149 = FACE_BOUND('',#150,.T.);
#150 = EDGE_LOOP('',(#151,#152,#153,#154,#163,#171,#179,#187,#196,#204,
    #212,#220));
#151 = ORIENTED_EDGE('',*,*,#21,.F.);
#152 = ORIENTED_EDGE('',*,*,#136,.T.);
#153 = ORIENTED_EDGE('',*,*,#103,.F.);
#154 = ORIENTED_EDGE('',*,*,#155,.T.);
#155 = EDGE_CURVE('',#104,#156,#158,.T.);
#156 = VERTEX_POINT('',#157);
#157 = CARTESIAN_POINT('',(40.48,-11.,0.));
#158 = CIRCLE('',#159,11.);
#159 = AXIS2_PLACEMENT_3D('',#160,#161,#162);
#160 = CARTESIAN_POINT('',(40.48,0.,0.));
#161 = DIRECTION('',(1.,0.,0.));
#162 = DIRECTION('',(-0.,0.,1.));
#163 = ORIENTED_EDGE('',*,*,#164,.F.);
#164 = EDGE_CURVE('',#165,#156,#167,.T.);
#165 = VERTEX_POINT('',#166);
#166 = CARTESIAN_POINT('',(40.48,-18.,0.));
#167 = LINE('',#168,#169);
#168 = CARTESIAN_POINT('',(40.48,-18.5,0.));
#169 = VECTOR('',#170,1.);
#170 = DIRECTION('',(0.,1.,0.));
#171 = ORIENTED_EDGE('',*,*,#172,.F.);
#172 = EDGE_CURVE('',#173,#165,#175,.T.);
#173 = VERTEX_POINT('',#174);
#174 = CARTESIAN_POINT('',(40.48,-18.,-3.5));
#175 = LINE('',#176,#177);
#176 = CARTESIAN_POINT('',(40.48,-18.,-3.5));
#177 = VECTOR('',#178,1.);
#178 = DIRECTION('',(0.,0.,1.));
#179 = ORIENTED_EDGE('',*,*,#180,.T.);
#180 = EDGE_CURVE('',#173,#181,#183,.T.);
#181 = VERTEX_POINT('',#182);
#182 = CARTESIAN_POINT('',(40.48,-3.570714214271,-3.5));
#183 = LINE('',#184,#185);
#184 = CARTESIAN_POINT('',(40.48,-18.,-3.5));
#185 = VECTOR('',#186,1.);
#186 = DIRECTION('',(0.,1.,0.));
#187 = ORIENTED_EDGE('',*,*,#188,.T.);
#188 = EDGE_CURVE('',#181,#189,#191,.T.);
#189 = VERTEX_POINT('',#190);
#190 = CARTESIAN_POINT('',(40.48,3.570714214271,-3.5));
#191 = CIRCLE('',#192,5.);
#192 = AXIS2_PLACEMENT_3D('',#193,#194,#195);
#193 = CARTESIAN_POINT('',(40.48,0.,0.));
#194 = DIRECTION('',(1.,0.,0.));
#195 = DIRECTION('',(0.,1.,0.));
#196 = ORIENTED_EDGE('',*,*,#197,.T.);
#197 = EDGE_CURVE('',#189,#198,#200,.T.);
#198 = VERTEX_POINT('',#199);
#199 = CARTESIAN_POINT('',(40.48,18.,-3.5));
#200 = LINE('',#201,#202);
#201 = CARTESIAN_POINT('',(40.48,-18.,-3.5));
#202 = VECTOR('',#203,1.);
#203 = DIRECTION('',(0.,1.,0.));
#204 = ORIENTED_EDGE('',*,*,#205,.T.);
#205 = EDGE_CURVE('',#198,#206,#208,.T.);
#206 = VERTEX_POINT('',#207);
#207 = CARTESIAN_POINT('',(40.48,18.,0.));
#208 = LINE('',#209,#210);
#209 = CARTESIAN_POINT('',(40.48,18.,-3.5));
#210 = VECTOR('',#211,1.);
#211 = DIRECTION('',(0.,0.,1.));
#212 = ORIENTED_EDGE('',*,*,#213,.F.);
#213 = EDGE_CURVE('',#214,#206,#216,.T.);
#214 = VERTEX_POINT('',#215);
#215 = CARTESIAN_POINT('',(40.48,11.,0.));
#216 = LINE('',#217,#218);
#217 = CARTESIAN_POINT('',(40.48,-18.5,0.));
#218 = VECTOR('',#219,1.);
#219 = DIRECTION('',(0.,1.,0.));
#220 = ORIENTED_EDGE('',*,*,#221,.T.);
#221 = EDGE_CURVE('',#214,#24,#222,.T.);
#222 = CIRCLE('',#223,11.);
#223 = AXIS2_PLACEMENT_3D('',#224,#225,#226);
#224 = CARTESIAN_POINT('',(40.48,0.,0.));
#225 = DIRECTION('',(1.,0.,0.));
#226 = DIRECTION('',(-0.,0.,1.));
#227 = FACE_BOUND('',#228,.T.);
#228 = EDGE_LOOP('',(#229));
#229 = ORIENTED_EDGE('',*,*,#230,.F.);
#230 = EDGE_CURVE('',#231,#231,#233,.T.);
#231 = VERTEX_POINT('',#232);
#232 = CARTESIAN_POINT('',(40.48,3.,-7.347880794884E-16));
#233 = CIRCLE('',#234,3.);
#234 = AXIS2_PLACEMENT_3D('',#235,#236,#237);
#235 = CARTESIAN_POINT('',(40.48,0.,0.));
#236 = DIRECTION('',(1.,0.,0.));
#237 = DIRECTION('',(0.,1.,0.));
#238 = PLANE('',#239);
#239 = AXIS2_PLACEMENT_3D('',#240,#241,#242);
#240 = CARTESIAN_POINT('',(40.48,8.427867910217E-16,-0.609759161304));
#241 = DIRECTION('',(1.,0.,0.));
#242 = DIRECTION('',(-0.,0.,1.));
#243 = ADVANCED_FACE('',(#244),#269,.T.);
#244 = FACE_BOUND('',#245,.T.);
#245 = EDGE_LOOP('',(#246,#247,#255,#263));
#246 = ORIENTED_EDGE('',*,*,#197,.F.);
#247 = ORIENTED_EDGE('',*,*,#248,.T.);
#248 = EDGE_CURVE('',#189,#249,#251,.T.);
#249 = VERTEX_POINT('',#250);
#250 = CARTESIAN_POINT('',(42.48,3.570714214271,-3.5));
#251 = LINE('',#252,#253);
#252 = CARTESIAN_POINT('',(40.48,3.570714214271,-3.5));
#253 = VECTOR('',#254,1.);
#254 = DIRECTION('',(1.,0.,0.));
#255 = ORIENTED_EDGE('',*,*,#256,.F.);
#256 = EDGE_CURVE('',#257,#249,#259,.T.);
#257 = VERTEX_POINT('',#258);
#258 = CARTESIAN_POINT('',(42.48,18.,-3.5));
#259 = LINE('',#260,#261);
#260 = CARTESIAN_POINT('',(42.48,-18.5,-3.5));
#261 = VECTOR('',#262,1.);
#262 = DIRECTION('',(0.,-1.,0.));
#263 = ORIENTED_EDGE('',*,*,#264,.F.);
#264 = EDGE_CURVE('',#198,#257,#265,.T.);
#265 = LINE('',#266,#267);
#266 = CARTESIAN_POINT('',(40.48,18.,-3.5));
#267 = VECTOR('',#268,1.);
#268 = DIRECTION('',(1.,0.,0.));
#269 = PLANE('',#270);
#270 = AXIS2_PLACEMENT_3D('',#271,#272,#273);
#271 = CARTESIAN_POINT('',(40.48,-18.,-3.5));
#272 = DIRECTION('',(0.,0.,1.));
#273 = DIRECTION('',(1.,0.,0.));
#274 = ADVANCED_FACE('',(#275),#293,.F.);
#275 = FACE_BOUND('',#276,.F.);
#276 = EDGE_LOOP('',(#277,#278,#279,#287));
#277 = ORIENTED_EDGE('',*,*,#264,.F.);
#278 = ORIENTED_EDGE('',*,*,#205,.T.);
#279 = ORIENTED_EDGE('',*,*,#280,.F.);
#280 = EDGE_CURVE('',#281,#206,#283,.T.);
#281 = VERTEX_POINT('',#282);
#282 = CARTESIAN_POINT('',(42.48,18.,0.));
#283 = LINE('',#284,#285);
#284 = CARTESIAN_POINT('',(39.475,18.,0.));
#285 = VECTOR('',#286,1.);
#286 = DIRECTION('',(-1.,0.,0.));
#287 = ORIENTED_EDGE('',*,*,#288,.F.);
#288 = EDGE_CURVE('',#257,#281,#289,.T.);
#289 = LINE('',#290,#291);
#290 = CARTESIAN_POINT('',(42.48,18.,-15.95));
#291 = VECTOR('',#292,1.);
#292 = DIRECTION('',(0.,-0.,1.));
#293 = PLANE('',#294);
#294 = AXIS2_PLACEMENT_3D('',#295,#296,#297);
#295 = CARTESIAN_POINT('',(40.48,18.,-3.5));
#296 = DIRECTION('',(0.,1.,0.));
#297 = DIRECTION('',(1.,0.,0.));
#298 = ADVANCED_FACE('',(#299),#341,.F.);
#299 = FACE_BOUND('',#300,.F.);
#300 = EDGE_LOOP('',(#301,#311,#319,#327,#335));
#301 = ORIENTED_EDGE('',*,*,#302,.F.);
#302 = EDGE_CURVE('',#303,#305,#307,.T.);
#303 = VERTEX_POINT('',#304);
#304 = CARTESIAN_POINT('',(-38.48,-35.48,-24.4));
#305 = VERTEX_POINT('',#306);
#306 = CARTESIAN_POINT('',(-38.48,-34.48,-24.4));
#307 = LINE('',#308,#309);
#308 = CARTESIAN_POINT('',(-38.48,-38.48,-24.4));
#309 = VECTOR('',#310,1.);
#310 = DIRECTION('',(-0.,1.,0.));
#311 = ORIENTED_EDGE('',*,*,#312,.F.);
#312 = EDGE_CURVE('',#313,#303,#315,.T.);
#313 = VERTEX_POINT('',#314);
#314 = CARTESIAN_POINT('',(-38.48,-35.48,-28.4));
#315 = LINE('',#316,#317);
#316 = CARTESIAN_POINT('',(-38.48,-35.48,-28.4));
#317 = VECTOR('',#318,1.);
#318 = DIRECTION('',(0.,0.,1.));
#319 = ORIENTED_EDGE('',*,*,#320,.T.);
#320 = EDGE_CURVE('',#313,#321,#323,.T.);
#321 = VERTEX_POINT('',#322);
#322 = CARTESIAN_POINT('',(-38.48,-19.,-28.4));
#323 = LINE('',#324,#325);
#324 = CARTESIAN_POINT('',(-38.48,-38.48,-28.4));
#325 = VECTOR('',#326,1.);
#326 = DIRECTION('',(-0.,1.,0.));
#327 = ORIENTED_EDGE('',*,*,#328,.T.);
#328 = EDGE_CURVE('',#321,#329,#331,.T.);
#329 = VERTEX_POINT('',#330);
#330 = CARTESIAN_POINT('',(-38.48,-19.,-24.4));
#331 = LINE('',#332,#333);
#332 = CARTESIAN_POINT('',(-38.48,-19.,-28.4));
#333 = VECTOR('',#334,1.);
#334 = DIRECTION('',(0.,0.,1.));
#335 = ORIENTED_EDGE('',*,*,#336,.F.);
#336 = EDGE_CURVE('',#305,#329,#337,.T.);
#337 = LINE('',#338,#339);
#338 = CARTESIAN_POINT('',(-38.48,-38.48,-24.4));
#339 = VECTOR('',#340,1.);
#340 = DIRECTION('',(-0.,1.,0.));
#341 = PLANE('',#342);
#342 = AXIS2_PLACEMENT_3D('',#343,#344,#345);
#343 = CARTESIAN_POINT('',(-38.48,-38.48,-28.4));
#344 = DIRECTION('',(1.,0.,-0.));
#345 = DIRECTION('',(0.,0.,1.));
#346 = ADVANCED_FACE('',(#347),#374,.T.);
#347 = FACE_BOUND('',#348,.T.);
#348 = EDGE_LOOP('',(#349,#350,#359,#367));
#349 = ORIENTED_EDGE('',*,*,#302,.F.);
#350 = ORIENTED_EDGE('',*,*,#351,.T.);
#351 = EDGE_CURVE('',#303,#352,#354,.T.);
#352 = VERTEX_POINT('',#353);
#353 = CARTESIAN_POINT('',(-35.48,-38.48,-24.4));
#354 = CIRCLE('',#355,3.);
#355 = AXIS2_PLACEMENT_3D('',#356,#357,#358);
#356 = CARTESIAN_POINT('',(-35.48,-35.48,-24.4));
#357 = DIRECTION('',(0.,0.,1.));
#358 = DIRECTION('',(0.,-1.,0.));
#359 = ORIENTED_EDGE('',*,*,#360,.T.);
#360 = EDGE_CURVE('',#352,#361,#363,.T.);
#361 = VERTEX_POINT('',#362);
#362 = CARTESIAN_POINT('',(-34.48,-38.48,-24.4));
#363 = LINE('',#364,#365);
#364 = CARTESIAN_POINT('',(-38.48,-38.48,-24.4));
#365 = VECTOR('',#366,1.);
#366 = DIRECTION('',(1.,0.,-0.));
#367 = ORIENTED_EDGE('',*,*,#368,.F.);
#368 = EDGE_CURVE('',#305,#361,#369,.T.);
#369 = CIRCLE('',#370,4.);
#370 = AXIS2_PLACEMENT_3D('',#371,#372,#373);
#371 = CARTESIAN_POINT('',(-34.48,-34.48,-24.4));
#372 = DIRECTION('',(0.,0.,1.));
#373 = DIRECTION('',(1.,0.,-0.));
#374 = PLANE('',#375);
#375 = AXIS2_PLACEMENT_3D('',#376,#377,#378);
#376 = CARTESIAN_POINT('',(-38.48,-38.48,-24.4));
#377 = DIRECTION('',(0.,0.,1.));
#378 = DIRECTION('',(1.,0.,-0.));
#379 = ADVANCED_FACE('',(#380,#521,#566,#577,#613,#649,#694,#739,#750,
    #786,#822,#867,#912,#923,#959,#995,#1040,#1085,#1096,#1132,#1168,
    #1213,#1258,#1269,#1305,#1341,#1386,#1431,#1442,#1478,#1514,#1559,
    #1604,#1615,#1651,#1687,#1732,#1777,#1788,#1824,#1860,#1905,#1950,
    #1986,#2022,#2033,#2078,#2123,#2159,#2195,#2206,#2251,#2296,#2332,
    #2368,#2379,#2424,#2469,#2505,#2541,#2552,#2597,#2642,#2678,#2714,
    #2725,#2770,#2815,#2851,#2887,#2898,#2943,#2988,#3024,#3060,#3071,
    #3116,#3161,#3197,#3233,#3244),#3289,.T.);
#380 = FACE_BOUND('',#381,.T.);
#381 = EDGE_LOOP('',(#382,#383,#392,#399,#407,#416,#424,#432,#440,#448,
    #456,#465,#473,#482,#491,#499,#507,#515));
#382 = ORIENTED_EDGE('',*,*,#336,.F.);
#383 = ORIENTED_EDGE('',*,*,#384,.F.);
#384 = EDGE_CURVE('',#385,#305,#387,.T.);
#385 = VERTEX_POINT('',#386);
#386 = CARTESIAN_POINT('',(-30.48,-34.48,-24.4));
#387 = CIRCLE('',#388,4.);
#388 = AXIS2_PLACEMENT_3D('',#389,#390,#391);
#389 = CARTESIAN_POINT('',(-34.48,-34.48,-24.4));
#390 = DIRECTION('',(0.,0.,1.));
#391 = DIRECTION('',(1.,0.,-0.));
#392 = ORIENTED_EDGE('',*,*,#393,.F.);
#393 = EDGE_CURVE('',#361,#385,#394,.T.);
#394 = CIRCLE('',#395,4.);
#395 = AXIS2_PLACEMENT_3D('',#396,#397,#398);
#396 = CARTESIAN_POINT('',(-34.48,-34.48,-24.4));
#397 = DIRECTION('',(0.,0.,1.));
#398 = DIRECTION('',(1.,0.,-0.));
#399 = ORIENTED_EDGE('',*,*,#400,.T.);
#400 = EDGE_CURVE('',#361,#401,#403,.T.);
#401 = VERTEX_POINT('',#402);
#402 = CARTESIAN_POINT('',(34.48,-38.48,-24.4));
#403 = LINE('',#404,#405);
#404 = CARTESIAN_POINT('',(-38.48,-38.48,-24.4));
#405 = VECTOR('',#406,1.);
#406 = DIRECTION('',(1.,0.,-0.));
#407 = ORIENTED_EDGE('',*,*,#408,.F.);
#408 = EDGE_CURVE('',#409,#401,#411,.T.);
#409 = VERTEX_POINT('',#410);
#410 = CARTESIAN_POINT('',(38.48,-34.48,-24.4));
#411 = CIRCLE('',#412,4.);
#412 = AXIS2_PLACEMENT_3D('',#413,#414,#415);
#413 = CARTESIAN_POINT('',(34.48,-34.48,-24.4));
#414 = DIRECTION('',(0.,0.,1.));
#415 = DIRECTION('',(1.,0.,-0.));
#416 = ORIENTED_EDGE('',*,*,#417,.T.);
#417 = EDGE_CURVE('',#409,#418,#420,.T.);
#418 = VERTEX_POINT('',#419);
#419 = CARTESIAN_POINT('',(38.48,-19.,-24.4));
#420 = LINE('',#421,#422);
#421 = CARTESIAN_POINT('',(38.48,-38.48,-24.4));
#422 = VECTOR('',#423,1.);
#423 = DIRECTION('',(-0.,1.,0.));
#424 = ORIENTED_EDGE('',*,*,#425,.T.);
#425 = EDGE_CURVE('',#418,#426,#428,.T.);
#426 = VERTEX_POINT('',#427);
#427 = CARTESIAN_POINT('',(38.47,-19.,-24.4));
#428 = LINE('',#429,#430);
#429 = CARTESIAN_POINT('',(-4.999999999999E-03,-19.,-24.4));
#430 = VECTOR('',#431,1.);
#431 = DIRECTION('',(-1.,-0.,0.));
#432 = ORIENTED_EDGE('',*,*,#433,.T.);
#433 = EDGE_CURVE('',#426,#434,#436,.T.);
#434 = VERTEX_POINT('',#435);
#435 = CARTESIAN_POINT('',(38.47,19.,-24.4));
#436 = LINE('',#437,#438);
#437 = CARTESIAN_POINT('',(38.47,-28.74,-24.4));
#438 = VECTOR('',#439,1.);
#439 = DIRECTION('',(-0.,1.,0.));
#440 = ORIENTED_EDGE('',*,*,#441,.F.);
#441 = EDGE_CURVE('',#442,#434,#444,.T.);
#442 = VERTEX_POINT('',#443);
#443 = CARTESIAN_POINT('',(38.48,19.,-24.4));
#444 = LINE('',#445,#446);
#445 = CARTESIAN_POINT('',(-4.999999999999E-03,19.,-24.4));
#446 = VECTOR('',#447,1.);
#447 = DIRECTION('',(-1.,-0.,0.));
#448 = ORIENTED_EDGE('',*,*,#449,.T.);
#449 = EDGE_CURVE('',#442,#450,#452,.T.);
#450 = VERTEX_POINT('',#451);
#451 = CARTESIAN_POINT('',(38.48,34.48,-24.4));
#452 = LINE('',#453,#454);
#453 = CARTESIAN_POINT('',(38.48,-38.48,-24.4));
#454 = VECTOR('',#455,1.);
#455 = DIRECTION('',(-0.,1.,0.));
#456 = ORIENTED_EDGE('',*,*,#457,.F.);
#457 = EDGE_CURVE('',#458,#450,#460,.T.);
#458 = VERTEX_POINT('',#459);
#459 = CARTESIAN_POINT('',(34.479999929805,38.48,-24.4));
#460 = CIRCLE('',#461,4.);
#461 = AXIS2_PLACEMENT_3D('',#462,#463,#464);
#462 = CARTESIAN_POINT('',(34.48,34.48,-24.4));
#463 = DIRECTION('',(0.,0.,1.));
#464 = DIRECTION('',(1.,0.,-0.));
#465 = ORIENTED_EDGE('',*,*,#466,.F.);
#466 = EDGE_CURVE('',#467,#458,#469,.T.);
#467 = VERTEX_POINT('',#468);
#468 = CARTESIAN_POINT('',(-34.48,38.48,-24.4));
#469 = LINE('',#470,#471);
#470 = CARTESIAN_POINT('',(-38.48,38.48,-24.4));
#471 = VECTOR('',#472,1.);
#472 = DIRECTION('',(1.,0.,-0.));
#473 = ORIENTED_EDGE('',*,*,#474,.F.);
#474 = EDGE_CURVE('',#475,#467,#477,.T.);
#475 = VERTEX_POINT('',#476);
#476 = CARTESIAN_POINT('',(-30.48,34.48,-24.4));
#477 = CIRCLE('',#478,4.);
#478 = AXIS2_PLACEMENT_3D('',#479,#480,#481);
#479 = CARTESIAN_POINT('',(-34.48,34.48,-24.4));
#480 = DIRECTION('',(0.,0.,1.));
#481 = DIRECTION('',(1.,0.,-0.));
#482 = ORIENTED_EDGE('',*,*,#483,.F.);
#483 = EDGE_CURVE('',#484,#475,#486,.T.);
#484 = VERTEX_POINT('',#485);
#485 = CARTESIAN_POINT('',(-38.48,34.48,-24.4));
#486 = CIRCLE('',#487,4.);
#487 = AXIS2_PLACEMENT_3D('',#488,#489,#490);
#488 = CARTESIAN_POINT('',(-34.48,34.48,-24.4));
#489 = DIRECTION('',(0.,0.,1.));
#490 = DIRECTION('',(1.,0.,-0.));
#491 = ORIENTED_EDGE('',*,*,#492,.F.);
#492 = EDGE_CURVE('',#493,#484,#495,.T.);
#493 = VERTEX_POINT('',#494);
#494 = CARTESIAN_POINT('',(-38.48,19.,-24.4));
#495 = LINE('',#496,#497);
#496 = CARTESIAN_POINT('',(-38.48,-38.48,-24.4));
#497 = VECTOR('',#498,1.);
#498 = DIRECTION('',(-0.,1.,0.));
#499 = ORIENTED_EDGE('',*,*,#500,.F.);
#500 = EDGE_CURVE('',#501,#493,#503,.T.);
#501 = VERTEX_POINT('',#502);
#502 = CARTESIAN_POINT('',(-38.47,19.,-24.4));
#503 = LINE('',#504,#505);
#504 = CARTESIAN_POINT('',(-40.48,19.,-24.4));
#505 = VECTOR('',#506,1.);
#506 = DIRECTION('',(-1.,-0.,0.));
#507 = ORIENTED_EDGE('',*,*,#508,.F.);
#508 = EDGE_CURVE('',#509,#501,#511,.T.);
#509 = VERTEX_POINT('',#510);
#510 = CARTESIAN_POINT('',(-38.47,-19.,-24.4));
#511 = LINE('',#512,#513);
#512 = CARTESIAN_POINT('',(-38.47,-28.74,-24.4));
#513 = VECTOR('',#514,1.);
#514 = DIRECTION('',(-0.,1.,0.));
#515 = ORIENTED_EDGE('',*,*,#516,.T.);
#516 = EDGE_CURVE('',#509,#329,#517,.T.);
#517 = LINE('',#518,#519);
#518 = CARTESIAN_POINT('',(-40.48,-19.,-24.4));
#519 = VECTOR('',#520,1.);
#520 = DIRECTION('',(-1.,-0.,0.));
#521 = FACE_BOUND('',#522,.T.);
#522 = EDGE_LOOP('',(#523,#534,#542,#551,#560));
#523 = ORIENTED_EDGE('',*,*,#524,.F.);
#524 = EDGE_CURVE('',#525,#527,#529,.T.);
#525 = VERTEX_POINT('',#526);
#526 = CARTESIAN_POINT('',(-27.94,-26.565,-24.4));
#527 = VERTEX_POINT('',#528);
#528 = CARTESIAN_POINT('',(-27.94,-29.315,-24.4));
#529 = CIRCLE('',#530,1.375);
#530 = AXIS2_PLACEMENT_3D('',#531,#532,#533);
#531 = CARTESIAN_POINT('',(-27.94,-27.94,-24.4));
#532 = DIRECTION('',(0.,0.,1.));
#533 = DIRECTION('',(1.,0.,-0.));
#534 = ORIENTED_EDGE('',*,*,#535,.F.);
#535 = EDGE_CURVE('',#536,#525,#538,.T.);
#536 = VERTEX_POINT('',#537);
#537 = CARTESIAN_POINT('',(-22.86,-26.565,-24.4));
#538 = LINE('',#539,#540);
#539 = CARTESIAN_POINT('',(-33.21,-26.565,-24.4));
#540 = VECTOR('',#541,1.);
#541 = DIRECTION('',(-1.,-0.,0.));
#542 = ORIENTED_EDGE('',*,*,#543,.F.);
#543 = EDGE_CURVE('',#544,#536,#546,.T.);
#544 = VERTEX_POINT('',#545);
#545 = CARTESIAN_POINT('',(-21.485,-27.94,-24.4));
#546 = CIRCLE('',#547,1.375);
#547 = AXIS2_PLACEMENT_3D('',#548,#549,#550);
#548 = CARTESIAN_POINT('',(-22.86,-27.94,-24.4));
#549 = DIRECTION('',(0.,0.,1.));
#550 = DIRECTION('',(1.,0.,-0.));
#551 = ORIENTED_EDGE('',*,*,#552,.F.);
#552 = EDGE_CURVE('',#553,#544,#555,.T.);
#553 = VERTEX_POINT('',#554);
#554 = CARTESIAN_POINT('',(-22.86,-29.315,-24.4));
#555 = CIRCLE('',#556,1.375);
#556 = AXIS2_PLACEMENT_3D('',#557,#558,#559);
#557 = CARTESIAN_POINT('',(-22.86,-27.94,-24.4));
#558 = DIRECTION('',(0.,0.,1.));
#559 = DIRECTION('',(1.,0.,-0.));
#560 = ORIENTED_EDGE('',*,*,#561,.T.);
#561 = EDGE_CURVE('',#553,#527,#562,.T.);
#562 = LINE('',#563,#564);
#563 = CARTESIAN_POINT('',(-33.21,-29.315,-24.4));
#564 = VECTOR('',#565,1.);
#565 = DIRECTION('',(-1.,-0.,0.));
#566 = FACE_BOUND('',#567,.T.);
#567 = EDGE_LOOP('',(#568));
#568 = ORIENTED_EDGE('',*,*,#569,.F.);
#569 = EDGE_CURVE('',#570,#570,#572,.T.);
#570 = VERTEX_POINT('',#571);
#571 = CARTESIAN_POINT('',(-21.485,-22.86,-24.4));
#572 = CIRCLE('',#573,1.375);
#573 = AXIS2_PLACEMENT_3D('',#574,#575,#576);
#574 = CARTESIAN_POINT('',(-22.86,-22.86,-24.4));
#575 = DIRECTION('',(0.,0.,1.));
#576 = DIRECTION('',(1.,0.,-0.));
#577 = FACE_BOUND('',#578,.T.);
#578 = EDGE_LOOP('',(#579,#590,#598,#607));
#579 = ORIENTED_EDGE('',*,*,#580,.F.);
#580 = EDGE_CURVE('',#581,#583,#585,.T.);
#581 = VERTEX_POINT('',#582);
#582 = CARTESIAN_POINT('',(-16.405,-22.86,-24.4));
#583 = VERTEX_POINT('',#584);
#584 = CARTESIAN_POINT('',(-19.155,-22.86,-24.4));
#585 = CIRCLE('',#586,1.375);
#586 = AXIS2_PLACEMENT_3D('',#587,#588,#589);
#587 = CARTESIAN_POINT('',(-17.78,-22.86,-24.4));
#588 = DIRECTION('',(0.,0.,1.));
#589 = DIRECTION('',(1.,0.,-0.));
#590 = ORIENTED_EDGE('',*,*,#591,.F.);
#591 = EDGE_CURVE('',#592,#581,#594,.T.);
#592 = VERTEX_POINT('',#593);
#593 = CARTESIAN_POINT('',(-16.405,-27.94,-24.4));
#594 = LINE('',#595,#596);
#595 = CARTESIAN_POINT('',(-16.405,-33.21,-24.4));
#596 = VECTOR('',#597,1.);
#597 = DIRECTION('',(-0.,1.,0.));
#598 = ORIENTED_EDGE('',*,*,#599,.F.);
#599 = EDGE_CURVE('',#600,#592,#602,.T.);
#600 = VERTEX_POINT('',#601);
#601 = CARTESIAN_POINT('',(-19.155,-27.94,-24.4));
#602 = CIRCLE('',#603,1.375);
#603 = AXIS2_PLACEMENT_3D('',#604,#605,#606);
#604 = CARTESIAN_POINT('',(-17.78,-27.94,-24.4));
#605 = DIRECTION('',(0.,0.,1.));
#606 = DIRECTION('',(1.,0.,-0.));
#607 = ORIENTED_EDGE('',*,*,#608,.T.);
#608 = EDGE_CURVE('',#600,#583,#609,.T.);
#609 = LINE('',#610,#611);
#610 = CARTESIAN_POINT('',(-19.155,-33.21,-24.4));
#611 = VECTOR('',#612,1.);
#612 = DIRECTION('',(-0.,1.,0.));
#613 = FACE_BOUND('',#614,.T.);
#614 = EDGE_LOOP('',(#615,#626,#634,#643));
#615 = ORIENTED_EDGE('',*,*,#616,.F.);
#616 = EDGE_CURVE('',#617,#619,#621,.T.);
#617 = VERTEX_POINT('',#618);
#618 = CARTESIAN_POINT('',(-26.565,-17.78,-24.4));
#619 = VERTEX_POINT('',#620);
#620 = CARTESIAN_POINT('',(-29.315,-17.78,-24.4));
#621 = CIRCLE('',#622,1.375);
#622 = AXIS2_PLACEMENT_3D('',#623,#624,#625);
#623 = CARTESIAN_POINT('',(-27.94,-17.78,-24.4));
#624 = DIRECTION('',(0.,0.,1.));
#625 = DIRECTION('',(1.,0.,-0.));
#626 = ORIENTED_EDGE('',*,*,#627,.F.);
#627 = EDGE_CURVE('',#628,#617,#630,.T.);
#628 = VERTEX_POINT('',#629);
#629 = CARTESIAN_POINT('',(-26.565,-22.86,-24.4));
#630 = LINE('',#631,#632);
#631 = CARTESIAN_POINT('',(-26.565,-30.67,-24.4));
#632 = VECTOR('',#633,1.);
#633 = DIRECTION('',(-0.,1.,0.));
#634 = ORIENTED_EDGE('',*,*,#635,.F.);
#635 = EDGE_CURVE('',#636,#628,#638,.T.);
#636 = VERTEX_POINT('',#637);
#637 = CARTESIAN_POINT('',(-29.315,-22.86,-24.4));
#638 = CIRCLE('',#639,1.375);
#639 = AXIS2_PLACEMENT_3D('',#640,#641,#642);
#640 = CARTESIAN_POINT('',(-27.94,-22.86,-24.4));
#641 = DIRECTION('',(0.,0.,1.));
#642 = DIRECTION('',(1.,0.,-0.));
#643 = ORIENTED_EDGE('',*,*,#644,.T.);
#644 = EDGE_CURVE('',#636,#619,#645,.T.);
#645 = LINE('',#646,#647);
#646 = CARTESIAN_POINT('',(-29.315,-30.67,-24.4));
#647 = VECTOR('',#648,1.);
#648 = DIRECTION('',(-0.,1.,0.));
#649 = FACE_BOUND('',#650,.T.);
#650 = EDGE_LOOP('',(#651,#662,#670,#679,#688));
#651 = ORIENTED_EDGE('',*,*,#652,.F.);
#652 = EDGE_CURVE('',#653,#655,#657,.T.);
#653 = VERTEX_POINT('',#654);
#654 = CARTESIAN_POINT('',(-22.86,-16.405,-24.4));
#655 = VERTEX_POINT('',#656);
#656 = CARTESIAN_POINT('',(-22.86,-19.155,-24.4));
#657 = CIRCLE('',#658,1.375);
#658 = AXIS2_PLACEMENT_3D('',#659,#660,#661);
#659 = CARTESIAN_POINT('',(-22.86,-17.78,-24.4));
#660 = DIRECTION('',(0.,0.,1.));
#661 = DIRECTION('',(1.,0.,-0.));
#662 = ORIENTED_EDGE('',*,*,#663,.F.);
#663 = EDGE_CURVE('',#664,#653,#666,.T.);
#664 = VERTEX_POINT('',#665);
#665 = CARTESIAN_POINT('',(-17.78,-16.405,-24.4));
#666 = LINE('',#667,#668);
#667 = CARTESIAN_POINT('',(-30.67,-16.405,-24.4));
#668 = VECTOR('',#669,1.);
#669 = DIRECTION('',(-1.,-0.,0.));
#670 = ORIENTED_EDGE('',*,*,#671,.F.);
#671 = EDGE_CURVE('',#672,#664,#674,.T.);
#672 = VERTEX_POINT('',#673);
#673 = CARTESIAN_POINT('',(-16.405,-17.78,-24.4));
#674 = CIRCLE('',#675,1.375);
#675 = AXIS2_PLACEMENT_3D('',#676,#677,#678);
#676 = CARTESIAN_POINT('',(-17.78,-17.78,-24.4));
#677 = DIRECTION('',(0.,0.,1.));
#678 = DIRECTION('',(1.,0.,-0.));
#679 = ORIENTED_EDGE('',*,*,#680,.F.);
#680 = EDGE_CURVE('',#681,#672,#683,.T.);
#681 = VERTEX_POINT('',#682);
#682 = CARTESIAN_POINT('',(-17.78,-19.155,-24.4));
#683 = CIRCLE('',#684,1.375);
#684 = AXIS2_PLACEMENT_3D('',#685,#686,#687);
#685 = CARTESIAN_POINT('',(-17.78,-17.78,-24.4));
#686 = DIRECTION('',(0.,0.,1.));
#687 = DIRECTION('',(1.,0.,-0.));
#688 = ORIENTED_EDGE('',*,*,#689,.T.);
#689 = EDGE_CURVE('',#681,#655,#690,.T.);
#690 = LINE('',#691,#692);
#691 = CARTESIAN_POINT('',(-30.67,-19.155,-24.4));
#692 = VECTOR('',#693,1.);
#693 = DIRECTION('',(-1.,-0.,0.));
#694 = FACE_BOUND('',#695,.T.);
#695 = EDGE_LOOP('',(#696,#707,#715,#724,#733));
#696 = ORIENTED_EDGE('',*,*,#697,.F.);
#697 = EDGE_CURVE('',#698,#700,#702,.T.);
#698 = VERTEX_POINT('',#699);
#699 = CARTESIAN_POINT('',(-12.7,-26.565,-24.4));
#700 = VERTEX_POINT('',#701);
#701 = CARTESIAN_POINT('',(-12.7,-29.315,-24.4));
#702 = CIRCLE('',#703,1.375);
#703 = AXIS2_PLACEMENT_3D('',#704,#705,#706);
#704 = CARTESIAN_POINT('',(-12.7,-27.94,-24.4));
#705 = DIRECTION('',(0.,0.,1.));
#706 = DIRECTION('',(1.,0.,-0.));
#707 = ORIENTED_EDGE('',*,*,#708,.F.);
#708 = EDGE_CURVE('',#709,#698,#711,.T.);
#709 = VERTEX_POINT('',#710);
#710 = CARTESIAN_POINT('',(-7.62,-26.565,-24.4));
#711 = LINE('',#712,#713);
#712 = CARTESIAN_POINT('',(-25.59,-26.565,-24.4));
#713 = VECTOR('',#714,1.);
#714 = DIRECTION('',(-1.,-0.,0.));
#715 = ORIENTED_EDGE('',*,*,#716,.F.);
#716 = EDGE_CURVE('',#717,#709,#719,.T.);
#717 = VERTEX_POINT('',#718);
#718 = CARTESIAN_POINT('',(-6.245,-27.94,-24.4));
#719 = CIRCLE('',#720,1.375);
#720 = AXIS2_PLACEMENT_3D('',#721,#722,#723);
#721 = CARTESIAN_POINT('',(-7.62,-27.94,-24.4));
#722 = DIRECTION('',(0.,0.,1.));
#723 = DIRECTION('',(1.,0.,-0.));
#724 = ORIENTED_EDGE('',*,*,#725,.F.);
#725 = EDGE_CURVE('',#726,#717,#728,.T.);
#726 = VERTEX_POINT('',#727);
#727 = CARTESIAN_POINT('',(-7.62,-29.315,-24.4));
#728 = CIRCLE('',#729,1.375);
#729 = AXIS2_PLACEMENT_3D('',#730,#731,#732);
#730 = CARTESIAN_POINT('',(-7.62,-27.94,-24.4));
#731 = DIRECTION('',(0.,0.,1.));
#732 = DIRECTION('',(1.,0.,-0.));
#733 = ORIENTED_EDGE('',*,*,#734,.T.);
#734 = EDGE_CURVE('',#726,#700,#735,.T.);
#735 = LINE('',#736,#737);
#736 = CARTESIAN_POINT('',(-25.59,-29.315,-24.4));
#737 = VECTOR('',#738,1.);
#738 = DIRECTION('',(-1.,-0.,0.));
#739 = FACE_BOUND('',#740,.T.);
#740 = EDGE_LOOP('',(#741));
#741 = ORIENTED_EDGE('',*,*,#742,.F.);
#742 = EDGE_CURVE('',#743,#743,#745,.T.);
#743 = VERTEX_POINT('',#744);
#744 = CARTESIAN_POINT('',(-6.245,-22.86,-24.4));
#745 = CIRCLE('',#746,1.375);
#746 = AXIS2_PLACEMENT_3D('',#747,#748,#749);
#747 = CARTESIAN_POINT('',(-7.62,-22.86,-24.4));
#748 = DIRECTION('',(0.,0.,1.));
#749 = DIRECTION('',(1.,0.,-0.));
#750 = FACE_BOUND('',#751,.T.);
#751 = EDGE_LOOP('',(#752,#763,#771,#780));
#752 = ORIENTED_EDGE('',*,*,#753,.F.);
#753 = EDGE_CURVE('',#754,#756,#758,.T.);
#754 = VERTEX_POINT('',#755);
#755 = CARTESIAN_POINT('',(-1.165,-22.86,-24.4));
#756 = VERTEX_POINT('',#757);
#757 = CARTESIAN_POINT('',(-3.915,-22.86,-24.4));
#758 = CIRCLE('',#759,1.375);
#759 = AXIS2_PLACEMENT_3D('',#760,#761,#762);
#760 = CARTESIAN_POINT('',(-2.54,-22.86,-24.4));
#761 = DIRECTION('',(0.,0.,1.));
#762 = DIRECTION('',(1.,0.,-0.));
#763 = ORIENTED_EDGE('',*,*,#764,.F.);
#764 = EDGE_CURVE('',#765,#754,#767,.T.);
#765 = VERTEX_POINT('',#766);
#766 = CARTESIAN_POINT('',(-1.165,-27.94,-24.4));
#767 = LINE('',#768,#769);
#768 = CARTESIAN_POINT('',(-1.165,-33.21,-24.4));
#769 = VECTOR('',#770,1.);
#770 = DIRECTION('',(-0.,1.,0.));
#771 = ORIENTED_EDGE('',*,*,#772,.F.);
#772 = EDGE_CURVE('',#773,#765,#775,.T.);
#773 = VERTEX_POINT('',#774);
#774 = CARTESIAN_POINT('',(-3.915,-27.94,-24.4));
#775 = CIRCLE('',#776,1.375);
#776 = AXIS2_PLACEMENT_3D('',#777,#778,#779);
#777 = CARTESIAN_POINT('',(-2.54,-27.94,-24.4));
#778 = DIRECTION('',(0.,0.,1.));
#779 = DIRECTION('',(1.,0.,-0.));
#780 = ORIENTED_EDGE('',*,*,#781,.T.);
#781 = EDGE_CURVE('',#773,#756,#782,.T.);
#782 = LINE('',#783,#784);
#783 = CARTESIAN_POINT('',(-3.915,-33.21,-24.4));
#784 = VECTOR('',#785,1.);
#785 = DIRECTION('',(-0.,1.,0.));
#786 = FACE_BOUND('',#787,.T.);
#787 = EDGE_LOOP('',(#788,#799,#807,#816));
#788 = ORIENTED_EDGE('',*,*,#789,.F.);
#789 = EDGE_CURVE('',#790,#792,#794,.T.);
#790 = VERTEX_POINT('',#791);
#791 = CARTESIAN_POINT('',(-11.325,-17.78,-24.4));
#792 = VERTEX_POINT('',#793);
#793 = CARTESIAN_POINT('',(-14.075,-17.78,-24.4));
#794 = CIRCLE('',#795,1.375);
#795 = AXIS2_PLACEMENT_3D('',#796,#797,#798);
#796 = CARTESIAN_POINT('',(-12.7,-17.78,-24.4));
#797 = DIRECTION('',(0.,0.,1.));
#798 = DIRECTION('',(1.,0.,-0.));
#799 = ORIENTED_EDGE('',*,*,#800,.F.);
#800 = EDGE_CURVE('',#801,#790,#803,.T.);
#801 = VERTEX_POINT('',#802);
#802 = CARTESIAN_POINT('',(-11.325,-22.86,-24.4));
#803 = LINE('',#804,#805);
#804 = CARTESIAN_POINT('',(-11.325,-30.67,-24.4));
#805 = VECTOR('',#806,1.);
#806 = DIRECTION('',(-0.,1.,0.));
#807 = ORIENTED_EDGE('',*,*,#808,.F.);
#808 = EDGE_CURVE('',#809,#801,#811,.T.);
#809 = VERTEX_POINT('',#810);
#810 = CARTESIAN_POINT('',(-14.075,-22.86,-24.4));
#811 = CIRCLE('',#812,1.375);
#812 = AXIS2_PLACEMENT_3D('',#813,#814,#815);
#813 = CARTESIAN_POINT('',(-12.7,-22.86,-24.4));
#814 = DIRECTION('',(0.,0.,1.));
#815 = DIRECTION('',(1.,0.,-0.));
#816 = ORIENTED_EDGE('',*,*,#817,.T.);
#817 = EDGE_CURVE('',#809,#792,#818,.T.);
#818 = LINE('',#819,#820);
#819 = CARTESIAN_POINT('',(-14.075,-30.67,-24.4));
#820 = VECTOR('',#821,1.);
#821 = DIRECTION('',(-0.,1.,0.));
#822 = FACE_BOUND('',#823,.T.);
#823 = EDGE_LOOP('',(#824,#835,#843,#852,#861));
#824 = ORIENTED_EDGE('',*,*,#825,.F.);
#825 = EDGE_CURVE('',#826,#828,#830,.T.);
#826 = VERTEX_POINT('',#827);
#827 = CARTESIAN_POINT('',(-7.62,-16.405,-24.4));
#828 = VERTEX_POINT('',#829);
#829 = CARTESIAN_POINT('',(-7.62,-19.155,-24.4));
#830 = CIRCLE('',#831,1.375);
#831 = AXIS2_PLACEMENT_3D('',#832,#833,#834);
#832 = CARTESIAN_POINT('',(-7.62,-17.78,-24.4));
#833 = DIRECTION('',(0.,0.,1.));
#834 = DIRECTION('',(1.,0.,-0.));
#835 = ORIENTED_EDGE('',*,*,#836,.F.);
#836 = EDGE_CURVE('',#837,#826,#839,.T.);
#837 = VERTEX_POINT('',#838);
#838 = CARTESIAN_POINT('',(-2.54,-16.405,-24.4));
#839 = LINE('',#840,#841);
#840 = CARTESIAN_POINT('',(-23.05,-16.405,-24.4));
#841 = VECTOR('',#842,1.);
#842 = DIRECTION('',(-1.,-0.,0.));
#843 = ORIENTED_EDGE('',*,*,#844,.F.);
#844 = EDGE_CURVE('',#845,#837,#847,.T.);
#845 = VERTEX_POINT('',#846);
#846 = CARTESIAN_POINT('',(-1.165,-17.78,-24.4));
#847 = CIRCLE('',#848,1.375);
#848 = AXIS2_PLACEMENT_3D('',#849,#850,#851);
#849 = CARTESIAN_POINT('',(-2.54,-17.78,-24.4));
#850 = DIRECTION('',(0.,0.,1.));
#851 = DIRECTION('',(1.,0.,-0.));
#852 = ORIENTED_EDGE('',*,*,#853,.F.);
#853 = EDGE_CURVE('',#854,#845,#856,.T.);
#854 = VERTEX_POINT('',#855);
#855 = CARTESIAN_POINT('',(-2.54,-19.155,-24.4));
#856 = CIRCLE('',#857,1.375);
#857 = AXIS2_PLACEMENT_3D('',#858,#859,#860);
#858 = CARTESIAN_POINT('',(-2.54,-17.78,-24.4));
#859 = DIRECTION('',(0.,0.,1.));
#860 = DIRECTION('',(1.,0.,-0.));
#861 = ORIENTED_EDGE('',*,*,#862,.T.);
#862 = EDGE_CURVE('',#854,#828,#863,.T.);
#863 = LINE('',#864,#865);
#864 = CARTESIAN_POINT('',(-23.05,-19.155,-24.4));
#865 = VECTOR('',#866,1.);
#866 = DIRECTION('',(-1.,-0.,0.));
#867 = FACE_BOUND('',#868,.T.);
#868 = EDGE_LOOP('',(#869,#880,#888,#897,#906));
#869 = ORIENTED_EDGE('',*,*,#870,.F.);
#870 = EDGE_CURVE('',#871,#873,#875,.T.);
#871 = VERTEX_POINT('',#872);
#872 = CARTESIAN_POINT('',(-27.94,-11.325,-24.4));
#873 = VERTEX_POINT('',#874);
#874 = CARTESIAN_POINT('',(-27.94,-14.075,-24.4));
#875 = CIRCLE('',#876,1.375);
#876 = AXIS2_PLACEMENT_3D('',#877,#878,#879);
#877 = CARTESIAN_POINT('',(-27.94,-12.7,-24.4));
#878 = DIRECTION('',(0.,0.,1.));
#879 = DIRECTION('',(1.,0.,-0.));
#880 = ORIENTED_EDGE('',*,*,#881,.F.);
#881 = EDGE_CURVE('',#882,#871,#884,.T.);
#882 = VERTEX_POINT('',#883);
#883 = CARTESIAN_POINT('',(-22.86,-11.325,-24.4));
#884 = LINE('',#885,#886);
#885 = CARTESIAN_POINT('',(-33.21,-11.325,-24.4));
#886 = VECTOR('',#887,1.);
#887 = DIRECTION('',(-1.,-0.,0.));
#888 = ORIENTED_EDGE('',*,*,#889,.F.);
#889 = EDGE_CURVE('',#890,#882,#892,.T.);
#890 = VERTEX_POINT('',#891);
#891 = CARTESIAN_POINT('',(-21.485,-12.7,-24.4));
#892 = CIRCLE('',#893,1.375);
#893 = AXIS2_PLACEMENT_3D('',#894,#895,#896);
#894 = CARTESIAN_POINT('',(-22.86,-12.7,-24.4));
#895 = DIRECTION('',(0.,0.,1.));
#896 = DIRECTION('',(1.,0.,-0.));
#897 = ORIENTED_EDGE('',*,*,#898,.F.);
#898 = EDGE_CURVE('',#899,#890,#901,.T.);
#899 = VERTEX_POINT('',#900);
#900 = CARTESIAN_POINT('',(-22.86,-14.075,-24.4));
#901 = CIRCLE('',#902,1.375);
#902 = AXIS2_PLACEMENT_3D('',#903,#904,#905);
#903 = CARTESIAN_POINT('',(-22.86,-12.7,-24.4));
#904 = DIRECTION('',(0.,0.,1.));
#905 = DIRECTION('',(1.,0.,-0.));
#906 = ORIENTED_EDGE('',*,*,#907,.T.);
#907 = EDGE_CURVE('',#899,#873,#908,.T.);
#908 = LINE('',#909,#910);
#909 = CARTESIAN_POINT('',(-33.21,-14.075,-24.4));
#910 = VECTOR('',#911,1.);
#911 = DIRECTION('',(-1.,-0.,0.));
#912 = FACE_BOUND('',#913,.T.);
#913 = EDGE_LOOP('',(#914));
#914 = ORIENTED_EDGE('',*,*,#915,.F.);
#915 = EDGE_CURVE('',#916,#916,#918,.T.);
#916 = VERTEX_POINT('',#917);
#917 = CARTESIAN_POINT('',(-21.485,-7.62,-24.4));
#918 = CIRCLE('',#919,1.375);
#919 = AXIS2_PLACEMENT_3D('',#920,#921,#922);
#920 = CARTESIAN_POINT('',(-22.86,-7.62,-24.4));
#921 = DIRECTION('',(0.,0.,1.));
#922 = DIRECTION('',(1.,0.,-0.));
#923 = FACE_BOUND('',#924,.T.);
#924 = EDGE_LOOP('',(#925,#936,#944,#953));
#925 = ORIENTED_EDGE('',*,*,#926,.F.);
#926 = EDGE_CURVE('',#927,#929,#931,.T.);
#927 = VERTEX_POINT('',#928);
#928 = CARTESIAN_POINT('',(-16.405,-7.62,-24.4));
#929 = VERTEX_POINT('',#930);
#930 = CARTESIAN_POINT('',(-19.155,-7.62,-24.4));
#931 = CIRCLE('',#932,1.375);
#932 = AXIS2_PLACEMENT_3D('',#933,#934,#935);
#933 = CARTESIAN_POINT('',(-17.78,-7.62,-24.4));
#934 = DIRECTION('',(0.,0.,1.));
#935 = DIRECTION('',(1.,0.,-0.));
#936 = ORIENTED_EDGE('',*,*,#937,.F.);
#937 = EDGE_CURVE('',#938,#927,#940,.T.);
#938 = VERTEX_POINT('',#939);
#939 = CARTESIAN_POINT('',(-16.405,-12.7,-24.4));
#940 = LINE('',#941,#942);
#941 = CARTESIAN_POINT('',(-16.405,-25.59,-24.4));
#942 = VECTOR('',#943,1.);
#943 = DIRECTION('',(-0.,1.,0.));
#944 = ORIENTED_EDGE('',*,*,#945,.F.);
#945 = EDGE_CURVE('',#946,#938,#948,.T.);
#946 = VERTEX_POINT('',#947);
#947 = CARTESIAN_POINT('',(-19.155,-12.7,-24.4));
#948 = CIRCLE('',#949,1.375);
#949 = AXIS2_PLACEMENT_3D('',#950,#951,#952);
#950 = CARTESIAN_POINT('',(-17.78,-12.7,-24.4));
#951 = DIRECTION('',(0.,0.,1.));
#952 = DIRECTION('',(1.,0.,-0.));
#953 = ORIENTED_EDGE('',*,*,#954,.T.);
#954 = EDGE_CURVE('',#946,#929,#955,.T.);
#955 = LINE('',#956,#957);
#956 = CARTESIAN_POINT('',(-19.155,-25.59,-24.4));
#957 = VECTOR('',#958,1.);
#958 = DIRECTION('',(-0.,1.,0.));
#959 = FACE_BOUND('',#960,.T.);
#960 = EDGE_LOOP('',(#961,#972,#980,#989));
#961 = ORIENTED_EDGE('',*,*,#962,.F.);
#962 = EDGE_CURVE('',#963,#965,#967,.T.);
#963 = VERTEX_POINT('',#964);
#964 = CARTESIAN_POINT('',(-26.565,-2.54,-24.4));
#965 = VERTEX_POINT('',#966);
#966 = CARTESIAN_POINT('',(-29.315,-2.54,-24.4));
#967 = CIRCLE('',#968,1.375);
#968 = AXIS2_PLACEMENT_3D('',#969,#970,#971);
#969 = CARTESIAN_POINT('',(-27.94,-2.54,-24.4));
#970 = DIRECTION('',(0.,0.,1.));
#971 = DIRECTION('',(1.,0.,-0.));
#972 = ORIENTED_EDGE('',*,*,#973,.F.);
#973 = EDGE_CURVE('',#974,#963,#976,.T.);
#974 = VERTEX_POINT('',#975);
#975 = CARTESIAN_POINT('',(-26.565,-7.62,-24.4));
#976 = LINE('',#977,#978);
#977 = CARTESIAN_POINT('',(-26.565,-23.05,-24.4));
#978 = VECTOR('',#979,1.);
#979 = DIRECTION('',(-0.,1.,0.));
#980 = ORIENTED_EDGE('',*,*,#981,.F.);
#981 = EDGE_CURVE('',#982,#974,#984,.T.);
#982 = VERTEX_POINT('',#983);
#983 = CARTESIAN_POINT('',(-29.315,-7.62,-24.4));
#984 = CIRCLE('',#985,1.375);
#985 = AXIS2_PLACEMENT_3D('',#986,#987,#988);
#986 = CARTESIAN_POINT('',(-27.94,-7.62,-24.4));
#987 = DIRECTION('',(0.,0.,1.));
#988 = DIRECTION('',(1.,0.,-0.));
#989 = ORIENTED_EDGE('',*,*,#990,.T.);
#990 = EDGE_CURVE('',#982,#965,#991,.T.);
#991 = LINE('',#992,#993);
#992 = CARTESIAN_POINT('',(-29.315,-23.05,-24.4));
#993 = VECTOR('',#994,1.);
#994 = DIRECTION('',(-0.,1.,0.));
#995 = FACE_BOUND('',#996,.T.);
#996 = EDGE_LOOP('',(#997,#1008,#1016,#1025,#1034));
#997 = ORIENTED_EDGE('',*,*,#998,.F.);
#998 = EDGE_CURVE('',#999,#1001,#1003,.T.);
#999 = VERTEX_POINT('',#1000);
#1000 = CARTESIAN_POINT('',(-22.86,-1.165,-24.4));
#1001 = VERTEX_POINT('',#1002);
#1002 = CARTESIAN_POINT('',(-22.86,-3.915,-24.4));
#1003 = CIRCLE('',#1004,1.375);
#1004 = AXIS2_PLACEMENT_3D('',#1005,#1006,#1007);
#1005 = CARTESIAN_POINT('',(-22.86,-2.54,-24.4));
#1006 = DIRECTION('',(0.,0.,1.));
#1007 = DIRECTION('',(1.,0.,-0.));
#1008 = ORIENTED_EDGE('',*,*,#1009,.F.);
#1009 = EDGE_CURVE('',#1010,#999,#1012,.T.);
#1010 = VERTEX_POINT('',#1011);
#1011 = CARTESIAN_POINT('',(-17.78,-1.165,-24.4));
#1012 = LINE('',#1013,#1014);
#1013 = CARTESIAN_POINT('',(-30.67,-1.165,-24.4));
#1014 = VECTOR('',#1015,1.);
#1015 = DIRECTION('',(-1.,-0.,0.));
#1016 = ORIENTED_EDGE('',*,*,#1017,.F.);
#1017 = EDGE_CURVE('',#1018,#1010,#1020,.T.);
#1018 = VERTEX_POINT('',#1019);
#1019 = CARTESIAN_POINT('',(-16.405,-2.54,-24.4));
#1020 = CIRCLE('',#1021,1.375);
#1021 = AXIS2_PLACEMENT_3D('',#1022,#1023,#1024);
#1022 = CARTESIAN_POINT('',(-17.78,-2.54,-24.4));
#1023 = DIRECTION('',(0.,0.,1.));
#1024 = DIRECTION('',(1.,0.,-0.));
#1025 = ORIENTED_EDGE('',*,*,#1026,.F.);
#1026 = EDGE_CURVE('',#1027,#1018,#1029,.T.);
#1027 = VERTEX_POINT('',#1028);
#1028 = CARTESIAN_POINT('',(-17.78,-3.915,-24.4));
#1029 = CIRCLE('',#1030,1.375);
#1030 = AXIS2_PLACEMENT_3D('',#1031,#1032,#1033);
#1031 = CARTESIAN_POINT('',(-17.78,-2.54,-24.4));
#1032 = DIRECTION('',(0.,0.,1.));
#1033 = DIRECTION('',(1.,0.,-0.));
#1034 = ORIENTED_EDGE('',*,*,#1035,.T.);
#1035 = EDGE_CURVE('',#1027,#1001,#1036,.T.);
#1036 = LINE('',#1037,#1038);
#1037 = CARTESIAN_POINT('',(-30.67,-3.915,-24.4));
#1038 = VECTOR('',#1039,1.);
#1039 = DIRECTION('',(-1.,-0.,0.));
#1040 = FACE_BOUND('',#1041,.T.);
#1041 = EDGE_LOOP('',(#1042,#1053,#1061,#1070,#1079));
#1042 = ORIENTED_EDGE('',*,*,#1043,.F.);
#1043 = EDGE_CURVE('',#1044,#1046,#1048,.T.);
#1044 = VERTEX_POINT('',#1045);
#1045 = CARTESIAN_POINT('',(-12.7,-11.325,-24.4));
#1046 = VERTEX_POINT('',#1047);
#1047 = CARTESIAN_POINT('',(-12.7,-14.075,-24.4));
#1048 = CIRCLE('',#1049,1.375);
#1049 = AXIS2_PLACEMENT_3D('',#1050,#1051,#1052);
#1050 = CARTESIAN_POINT('',(-12.7,-12.7,-24.4));
#1051 = DIRECTION('',(0.,0.,1.));
#1052 = DIRECTION('',(1.,0.,-0.));
#1053 = ORIENTED_EDGE('',*,*,#1054,.F.);
#1054 = EDGE_CURVE('',#1055,#1044,#1057,.T.);
#1055 = VERTEX_POINT('',#1056);
#1056 = CARTESIAN_POINT('',(-7.62,-11.325,-24.4));
#1057 = LINE('',#1058,#1059);
#1058 = CARTESIAN_POINT('',(-25.59,-11.325,-24.4));
#1059 = VECTOR('',#1060,1.);
#1060 = DIRECTION('',(-1.,-0.,0.));
#1061 = ORIENTED_EDGE('',*,*,#1062,.F.);
#1062 = EDGE_CURVE('',#1063,#1055,#1065,.T.);
#1063 = VERTEX_POINT('',#1064);
#1064 = CARTESIAN_POINT('',(-6.245,-12.7,-24.4));
#1065 = CIRCLE('',#1066,1.375);
#1066 = AXIS2_PLACEMENT_3D('',#1067,#1068,#1069);
#1067 = CARTESIAN_POINT('',(-7.62,-12.7,-24.4));
#1068 = DIRECTION('',(0.,0.,1.));
#1069 = DIRECTION('',(1.,0.,-0.));
#1070 = ORIENTED_EDGE('',*,*,#1071,.F.);
#1071 = EDGE_CURVE('',#1072,#1063,#1074,.T.);
#1072 = VERTEX_POINT('',#1073);
#1073 = CARTESIAN_POINT('',(-7.62,-14.075,-24.4));
#1074 = CIRCLE('',#1075,1.375);
#1075 = AXIS2_PLACEMENT_3D('',#1076,#1077,#1078);
#1076 = CARTESIAN_POINT('',(-7.62,-12.7,-24.4));
#1077 = DIRECTION('',(0.,0.,1.));
#1078 = DIRECTION('',(1.,0.,-0.));
#1079 = ORIENTED_EDGE('',*,*,#1080,.T.);
#1080 = EDGE_CURVE('',#1072,#1046,#1081,.T.);
#1081 = LINE('',#1082,#1083);
#1082 = CARTESIAN_POINT('',(-25.59,-14.075,-24.4));
#1083 = VECTOR('',#1084,1.);
#1084 = DIRECTION('',(-1.,-0.,0.));
#1085 = FACE_BOUND('',#1086,.T.);
#1086 = EDGE_LOOP('',(#1087));
#1087 = ORIENTED_EDGE('',*,*,#1088,.F.);
#1088 = EDGE_CURVE('',#1089,#1089,#1091,.T.);
#1089 = VERTEX_POINT('',#1090);
#1090 = CARTESIAN_POINT('',(-6.245,-7.62,-24.4));
#1091 = CIRCLE('',#1092,1.375);
#1092 = AXIS2_PLACEMENT_3D('',#1093,#1094,#1095);
#1093 = CARTESIAN_POINT('',(-7.62,-7.62,-24.4));
#1094 = DIRECTION('',(0.,0.,1.));
#1095 = DIRECTION('',(1.,0.,-0.));
#1096 = FACE_BOUND('',#1097,.T.);
#1097 = EDGE_LOOP('',(#1098,#1109,#1117,#1126));
#1098 = ORIENTED_EDGE('',*,*,#1099,.F.);
#1099 = EDGE_CURVE('',#1100,#1102,#1104,.T.);
#1100 = VERTEX_POINT('',#1101);
#1101 = CARTESIAN_POINT('',(-1.165,-7.62,-24.4));
#1102 = VERTEX_POINT('',#1103);
#1103 = CARTESIAN_POINT('',(-3.915,-7.62,-24.4));
#1104 = CIRCLE('',#1105,1.375);
#1105 = AXIS2_PLACEMENT_3D('',#1106,#1107,#1108);
#1106 = CARTESIAN_POINT('',(-2.54,-7.62,-24.4));
#1107 = DIRECTION('',(0.,0.,1.));
#1108 = DIRECTION('',(1.,0.,-0.));
#1109 = ORIENTED_EDGE('',*,*,#1110,.F.);
#1110 = EDGE_CURVE('',#1111,#1100,#1113,.T.);
#1111 = VERTEX_POINT('',#1112);
#1112 = CARTESIAN_POINT('',(-1.165,-12.7,-24.4));
#1113 = LINE('',#1114,#1115);
#1114 = CARTESIAN_POINT('',(-1.165,-25.59,-24.4));
#1115 = VECTOR('',#1116,1.);
#1116 = DIRECTION('',(-0.,1.,0.));
#1117 = ORIENTED_EDGE('',*,*,#1118,.F.);
#1118 = EDGE_CURVE('',#1119,#1111,#1121,.T.);
#1119 = VERTEX_POINT('',#1120);
#1120 = CARTESIAN_POINT('',(-3.915,-12.7,-24.4));
#1121 = CIRCLE('',#1122,1.375);
#1122 = AXIS2_PLACEMENT_3D('',#1123,#1124,#1125);
#1123 = CARTESIAN_POINT('',(-2.54,-12.7,-24.4));
#1124 = DIRECTION('',(0.,0.,1.));
#1125 = DIRECTION('',(1.,0.,-0.));
#1126 = ORIENTED_EDGE('',*,*,#1127,.T.);
#1127 = EDGE_CURVE('',#1119,#1102,#1128,.T.);
#1128 = LINE('',#1129,#1130);
#1129 = CARTESIAN_POINT('',(-3.915,-25.59,-24.4));
#1130 = VECTOR('',#1131,1.);
#1131 = DIRECTION('',(-0.,1.,0.));
#1132 = FACE_BOUND('',#1133,.T.);
#1133 = EDGE_LOOP('',(#1134,#1145,#1153,#1162));
#1134 = ORIENTED_EDGE('',*,*,#1135,.F.);
#1135 = EDGE_CURVE('',#1136,#1138,#1140,.T.);
#1136 = VERTEX_POINT('',#1137);
#1137 = CARTESIAN_POINT('',(-11.325,-2.54,-24.4));
#1138 = VERTEX_POINT('',#1139);
#1139 = CARTESIAN_POINT('',(-14.075,-2.54,-24.4));
#1140 = CIRCLE('',#1141,1.375);
#1141 = AXIS2_PLACEMENT_3D('',#1142,#1143,#1144);
#1142 = CARTESIAN_POINT('',(-12.7,-2.54,-24.4));
#1143 = DIRECTION('',(0.,0.,1.));
#1144 = DIRECTION('',(1.,0.,-0.));
#1145 = ORIENTED_EDGE('',*,*,#1146,.F.);
#1146 = EDGE_CURVE('',#1147,#1136,#1149,.T.);
#1147 = VERTEX_POINT('',#1148);
#1148 = CARTESIAN_POINT('',(-11.325,-7.62,-24.4));
#1149 = LINE('',#1150,#1151);
#1150 = CARTESIAN_POINT('',(-11.325,-23.05,-24.4));
#1151 = VECTOR('',#1152,1.);
#1152 = DIRECTION('',(-0.,1.,0.));
#1153 = ORIENTED_EDGE('',*,*,#1154,.F.);
#1154 = EDGE_CURVE('',#1155,#1147,#1157,.T.);
#1155 = VERTEX_POINT('',#1156);
#1156 = CARTESIAN_POINT('',(-14.075,-7.62,-24.4));
#1157 = CIRCLE('',#1158,1.375);
#1158 = AXIS2_PLACEMENT_3D('',#1159,#1160,#1161);
#1159 = CARTESIAN_POINT('',(-12.7,-7.62,-24.4));
#1160 = DIRECTION('',(0.,0.,1.));
#1161 = DIRECTION('',(1.,0.,-0.));
#1162 = ORIENTED_EDGE('',*,*,#1163,.T.);
#1163 = EDGE_CURVE('',#1155,#1138,#1164,.T.);
#1164 = LINE('',#1165,#1166);
#1165 = CARTESIAN_POINT('',(-14.075,-23.05,-24.4));
#1166 = VECTOR('',#1167,1.);
#1167 = DIRECTION('',(-0.,1.,0.));
#1168 = FACE_BOUND('',#1169,.T.);
#1169 = EDGE_LOOP('',(#1170,#1181,#1189,#1198,#1207));
#1170 = ORIENTED_EDGE('',*,*,#1171,.F.);
#1171 = EDGE_CURVE('',#1172,#1174,#1176,.T.);
#1172 = VERTEX_POINT('',#1173);
#1173 = CARTESIAN_POINT('',(-7.62,-1.165,-24.4));
#1174 = VERTEX_POINT('',#1175);
#1175 = CARTESIAN_POINT('',(-7.62,-3.915,-24.4));
#1176 = CIRCLE('',#1177,1.375);
#1177 = AXIS2_PLACEMENT_3D('',#1178,#1179,#1180);
#1178 = CARTESIAN_POINT('',(-7.62,-2.54,-24.4));
#1179 = DIRECTION('',(0.,0.,1.));
#1180 = DIRECTION('',(1.,0.,-0.));
#1181 = ORIENTED_EDGE('',*,*,#1182,.F.);
#1182 = EDGE_CURVE('',#1183,#1172,#1185,.T.);
#1183 = VERTEX_POINT('',#1184);
#1184 = CARTESIAN_POINT('',(-2.54,-1.165,-24.4));
#1185 = LINE('',#1186,#1187);
#1186 = CARTESIAN_POINT('',(-23.05,-1.165,-24.4));
#1187 = VECTOR('',#1188,1.);
#1188 = DIRECTION('',(-1.,-0.,0.));
#1189 = ORIENTED_EDGE('',*,*,#1190,.F.);
#1190 = EDGE_CURVE('',#1191,#1183,#1193,.T.);
#1191 = VERTEX_POINT('',#1192);
#1192 = CARTESIAN_POINT('',(-1.165,-2.54,-24.4));
#1193 = CIRCLE('',#1194,1.375);
#1194 = AXIS2_PLACEMENT_3D('',#1195,#1196,#1197);
#1195 = CARTESIAN_POINT('',(-2.54,-2.54,-24.4));
#1196 = DIRECTION('',(0.,0.,1.));
#1197 = DIRECTION('',(1.,0.,-0.));
#1198 = ORIENTED_EDGE('',*,*,#1199,.F.);
#1199 = EDGE_CURVE('',#1200,#1191,#1202,.T.);
#1200 = VERTEX_POINT('',#1201);
#1201 = CARTESIAN_POINT('',(-2.54,-3.915,-24.4));
#1202 = CIRCLE('',#1203,1.375);
#1203 = AXIS2_PLACEMENT_3D('',#1204,#1205,#1206);
#1204 = CARTESIAN_POINT('',(-2.54,-2.54,-24.4));
#1205 = DIRECTION('',(0.,0.,1.));
#1206 = DIRECTION('',(1.,0.,-0.));
#1207 = ORIENTED_EDGE('',*,*,#1208,.T.);
#1208 = EDGE_CURVE('',#1200,#1174,#1209,.T.);
#1209 = LINE('',#1210,#1211);
#1210 = CARTESIAN_POINT('',(-23.05,-3.915,-24.4));
#1211 = VECTOR('',#1212,1.);
#1212 = DIRECTION('',(-1.,-0.,0.));
#1213 = FACE_BOUND('',#1214,.T.);
#1214 = EDGE_LOOP('',(#1215,#1226,#1234,#1243,#1252));
#1215 = ORIENTED_EDGE('',*,*,#1216,.F.);
#1216 = EDGE_CURVE('',#1217,#1219,#1221,.T.);
#1217 = VERTEX_POINT('',#1218);
#1218 = CARTESIAN_POINT('',(2.54,-26.565,-24.4));
#1219 = VERTEX_POINT('',#1220);
#1220 = CARTESIAN_POINT('',(2.54,-29.315,-24.4));
#1221 = CIRCLE('',#1222,1.375);
#1222 = AXIS2_PLACEMENT_3D('',#1223,#1224,#1225);
#1223 = CARTESIAN_POINT('',(2.54,-27.94,-24.4));
#1224 = DIRECTION('',(0.,0.,1.));
#1225 = DIRECTION('',(1.,0.,-0.));
#1226 = ORIENTED_EDGE('',*,*,#1227,.F.);
#1227 = EDGE_CURVE('',#1228,#1217,#1230,.T.);
#1228 = VERTEX_POINT('',#1229);
#1229 = CARTESIAN_POINT('',(7.62,-26.565,-24.4));
#1230 = LINE('',#1231,#1232);
#1231 = CARTESIAN_POINT('',(-17.97,-26.565,-24.4));
#1232 = VECTOR('',#1233,1.);
#1233 = DIRECTION('',(-1.,-0.,0.));
#1234 = ORIENTED_EDGE('',*,*,#1235,.F.);
#1235 = EDGE_CURVE('',#1236,#1228,#1238,.T.);
#1236 = VERTEX_POINT('',#1237);
#1237 = CARTESIAN_POINT('',(8.995,-27.94,-24.4));
#1238 = CIRCLE('',#1239,1.375);
#1239 = AXIS2_PLACEMENT_3D('',#1240,#1241,#1242);
#1240 = CARTESIAN_POINT('',(7.62,-27.94,-24.4));
#1241 = DIRECTION('',(0.,0.,1.));
#1242 = DIRECTION('',(1.,0.,-0.));
#1243 = ORIENTED_EDGE('',*,*,#1244,.F.);
#1244 = EDGE_CURVE('',#1245,#1236,#1247,.T.);
#1245 = VERTEX_POINT('',#1246);
#1246 = CARTESIAN_POINT('',(7.62,-29.315,-24.4));
#1247 = CIRCLE('',#1248,1.375);
#1248 = AXIS2_PLACEMENT_3D('',#1249,#1250,#1251);
#1249 = CARTESIAN_POINT('',(7.62,-27.94,-24.4));
#1250 = DIRECTION('',(0.,0.,1.));
#1251 = DIRECTION('',(1.,0.,-0.));
#1252 = ORIENTED_EDGE('',*,*,#1253,.T.);
#1253 = EDGE_CURVE('',#1245,#1219,#1254,.T.);
#1254 = LINE('',#1255,#1256);
#1255 = CARTESIAN_POINT('',(-17.97,-29.315,-24.4));
#1256 = VECTOR('',#1257,1.);
#1257 = DIRECTION('',(-1.,-0.,0.));
#1258 = FACE_BOUND('',#1259,.T.);
#1259 = EDGE_LOOP('',(#1260));
#1260 = ORIENTED_EDGE('',*,*,#1261,.F.);
#1261 = EDGE_CURVE('',#1262,#1262,#1264,.T.);
#1262 = VERTEX_POINT('',#1263);
#1263 = CARTESIAN_POINT('',(8.995,-22.86,-24.4));
#1264 = CIRCLE('',#1265,1.375);
#1265 = AXIS2_PLACEMENT_3D('',#1266,#1267,#1268);
#1266 = CARTESIAN_POINT('',(7.62,-22.86,-24.4));
#1267 = DIRECTION('',(0.,0.,1.));
#1268 = DIRECTION('',(1.,0.,-0.));
#1269 = FACE_BOUND('',#1270,.T.);
#1270 = EDGE_LOOP('',(#1271,#1282,#1290,#1299));
#1271 = ORIENTED_EDGE('',*,*,#1272,.F.);
#1272 = EDGE_CURVE('',#1273,#1275,#1277,.T.);
#1273 = VERTEX_POINT('',#1274);
#1274 = CARTESIAN_POINT('',(14.075,-22.86,-24.4));
#1275 = VERTEX_POINT('',#1276);
#1276 = CARTESIAN_POINT('',(11.325,-22.86,-24.4));
#1277 = CIRCLE('',#1278,1.375);
#1278 = AXIS2_PLACEMENT_3D('',#1279,#1280,#1281);
#1279 = CARTESIAN_POINT('',(12.7,-22.86,-24.4));
#1280 = DIRECTION('',(0.,0.,1.));
#1281 = DIRECTION('',(1.,0.,-0.));
#1282 = ORIENTED_EDGE('',*,*,#1283,.F.);
#1283 = EDGE_CURVE('',#1284,#1273,#1286,.T.);
#1284 = VERTEX_POINT('',#1285);
#1285 = CARTESIAN_POINT('',(14.075,-27.94,-24.4));
#1286 = LINE('',#1287,#1288);
#1287 = CARTESIAN_POINT('',(14.075,-33.21,-24.4));
#1288 = VECTOR('',#1289,1.);
#1289 = DIRECTION('',(-0.,1.,0.));
#1290 = ORIENTED_EDGE('',*,*,#1291,.F.);
#1291 = EDGE_CURVE('',#1292,#1284,#1294,.T.);
#1292 = VERTEX_POINT('',#1293);
#1293 = CARTESIAN_POINT('',(11.325,-27.94,-24.4));
#1294 = CIRCLE('',#1295,1.375);
#1295 = AXIS2_PLACEMENT_3D('',#1296,#1297,#1298);
#1296 = CARTESIAN_POINT('',(12.7,-27.94,-24.4));
#1297 = DIRECTION('',(0.,0.,1.));
#1298 = DIRECTION('',(1.,0.,-0.));
#1299 = ORIENTED_EDGE('',*,*,#1300,.T.);
#1300 = EDGE_CURVE('',#1292,#1275,#1301,.T.);
#1301 = LINE('',#1302,#1303);
#1302 = CARTESIAN_POINT('',(11.325,-33.21,-24.4));
#1303 = VECTOR('',#1304,1.);
#1304 = DIRECTION('',(-0.,1.,0.));
#1305 = FACE_BOUND('',#1306,.T.);
#1306 = EDGE_LOOP('',(#1307,#1318,#1326,#1335));
#1307 = ORIENTED_EDGE('',*,*,#1308,.F.);
#1308 = EDGE_CURVE('',#1309,#1311,#1313,.T.);
#1309 = VERTEX_POINT('',#1310);
#1310 = CARTESIAN_POINT('',(3.915,-17.78,-24.4));
#1311 = VERTEX_POINT('',#1312);
#1312 = CARTESIAN_POINT('',(1.165,-17.78,-24.4));
#1313 = CIRCLE('',#1314,1.375);
#1314 = AXIS2_PLACEMENT_3D('',#1315,#1316,#1317);
#1315 = CARTESIAN_POINT('',(2.54,-17.78,-24.4));
#1316 = DIRECTION('',(0.,0.,1.));
#1317 = DIRECTION('',(1.,0.,-0.));
#1318 = ORIENTED_EDGE('',*,*,#1319,.F.);
#1319 = EDGE_CURVE('',#1320,#1309,#1322,.T.);
#1320 = VERTEX_POINT('',#1321);
#1321 = CARTESIAN_POINT('',(3.915,-22.86,-24.4));
#1322 = LINE('',#1323,#1324);
#1323 = CARTESIAN_POINT('',(3.915,-30.67,-24.4));
#1324 = VECTOR('',#1325,1.);
#1325 = DIRECTION('',(-0.,1.,0.));
#1326 = ORIENTED_EDGE('',*,*,#1327,.F.);
#1327 = EDGE_CURVE('',#1328,#1320,#1330,.T.);
#1328 = VERTEX_POINT('',#1329);
#1329 = CARTESIAN_POINT('',(1.165,-22.86,-24.4));
#1330 = CIRCLE('',#1331,1.375);
#1331 = AXIS2_PLACEMENT_3D('',#1332,#1333,#1334);
#1332 = CARTESIAN_POINT('',(2.54,-22.86,-24.4));
#1333 = DIRECTION('',(0.,0.,1.));
#1334 = DIRECTION('',(1.,0.,-0.));
#1335 = ORIENTED_EDGE('',*,*,#1336,.T.);
#1336 = EDGE_CURVE('',#1328,#1311,#1337,.T.);
#1337 = LINE('',#1338,#1339);
#1338 = CARTESIAN_POINT('',(1.165,-30.67,-24.4));
#1339 = VECTOR('',#1340,1.);
#1340 = DIRECTION('',(-0.,1.,0.));
#1341 = FACE_BOUND('',#1342,.T.);
#1342 = EDGE_LOOP('',(#1343,#1354,#1362,#1371,#1380));
#1343 = ORIENTED_EDGE('',*,*,#1344,.F.);
#1344 = EDGE_CURVE('',#1345,#1347,#1349,.T.);
#1345 = VERTEX_POINT('',#1346);
#1346 = CARTESIAN_POINT('',(7.62,-16.405,-24.4));
#1347 = VERTEX_POINT('',#1348);
#1348 = CARTESIAN_POINT('',(7.62,-19.155,-24.4));
#1349 = CIRCLE('',#1350,1.375);
#1350 = AXIS2_PLACEMENT_3D('',#1351,#1352,#1353);
#1351 = CARTESIAN_POINT('',(7.62,-17.78,-24.4));
#1352 = DIRECTION('',(0.,0.,1.));
#1353 = DIRECTION('',(1.,0.,-0.));
#1354 = ORIENTED_EDGE('',*,*,#1355,.F.);
#1355 = EDGE_CURVE('',#1356,#1345,#1358,.T.);
#1356 = VERTEX_POINT('',#1357);
#1357 = CARTESIAN_POINT('',(12.7,-16.405,-24.4));
#1358 = LINE('',#1359,#1360);
#1359 = CARTESIAN_POINT('',(-15.43,-16.405,-24.4));
#1360 = VECTOR('',#1361,1.);
#1361 = DIRECTION('',(-1.,-0.,0.));
#1362 = ORIENTED_EDGE('',*,*,#1363,.F.);
#1363 = EDGE_CURVE('',#1364,#1356,#1366,.T.);
#1364 = VERTEX_POINT('',#1365);
#1365 = CARTESIAN_POINT('',(14.075,-17.78,-24.4));
#1366 = CIRCLE('',#1367,1.375);
#1367 = AXIS2_PLACEMENT_3D('',#1368,#1369,#1370);
#1368 = CARTESIAN_POINT('',(12.7,-17.78,-24.4));
#1369 = DIRECTION('',(0.,0.,1.));
#1370 = DIRECTION('',(1.,0.,-0.));
#1371 = ORIENTED_EDGE('',*,*,#1372,.F.);
#1372 = EDGE_CURVE('',#1373,#1364,#1375,.T.);
#1373 = VERTEX_POINT('',#1374);
#1374 = CARTESIAN_POINT('',(12.7,-19.155,-24.4));
#1375 = CIRCLE('',#1376,1.375);
#1376 = AXIS2_PLACEMENT_3D('',#1377,#1378,#1379);
#1377 = CARTESIAN_POINT('',(12.7,-17.78,-24.4));
#1378 = DIRECTION('',(0.,0.,1.));
#1379 = DIRECTION('',(1.,0.,-0.));
#1380 = ORIENTED_EDGE('',*,*,#1381,.T.);
#1381 = EDGE_CURVE('',#1373,#1347,#1382,.T.);
#1382 = LINE('',#1383,#1384);
#1383 = CARTESIAN_POINT('',(-15.43,-19.155,-24.4));
#1384 = VECTOR('',#1385,1.);
#1385 = DIRECTION('',(-1.,-0.,0.));
#1386 = FACE_BOUND('',#1387,.T.);
#1387 = EDGE_LOOP('',(#1388,#1399,#1407,#1416,#1425));
#1388 = ORIENTED_EDGE('',*,*,#1389,.F.);
#1389 = EDGE_CURVE('',#1390,#1392,#1394,.T.);
#1390 = VERTEX_POINT('',#1391);
#1391 = CARTESIAN_POINT('',(17.78,-26.565,-24.4));
#1392 = VERTEX_POINT('',#1393);
#1393 = CARTESIAN_POINT('',(17.78,-29.315,-24.4));
#1394 = CIRCLE('',#1395,1.375);
#1395 = AXIS2_PLACEMENT_3D('',#1396,#1397,#1398);
#1396 = CARTESIAN_POINT('',(17.78,-27.94,-24.4));
#1397 = DIRECTION('',(0.,0.,1.));
#1398 = DIRECTION('',(1.,0.,-0.));
#1399 = ORIENTED_EDGE('',*,*,#1400,.F.);
#1400 = EDGE_CURVE('',#1401,#1390,#1403,.T.);
#1401 = VERTEX_POINT('',#1402);
#1402 = CARTESIAN_POINT('',(22.86,-26.565,-24.4));
#1403 = LINE('',#1404,#1405);
#1404 = CARTESIAN_POINT('',(-10.35,-26.565,-24.4));
#1405 = VECTOR('',#1406,1.);
#1406 = DIRECTION('',(-1.,-0.,0.));
#1407 = ORIENTED_EDGE('',*,*,#1408,.F.);
#1408 = EDGE_CURVE('',#1409,#1401,#1411,.T.);
#1409 = VERTEX_POINT('',#1410);
#1410 = CARTESIAN_POINT('',(24.235,-27.94,-24.4));
#1411 = CIRCLE('',#1412,1.375);
#1412 = AXIS2_PLACEMENT_3D('',#1413,#1414,#1415);
#1413 = CARTESIAN_POINT('',(22.86,-27.94,-24.4));
#1414 = DIRECTION('',(0.,0.,1.));
#1415 = DIRECTION('',(1.,0.,-0.));
#1416 = ORIENTED_EDGE('',*,*,#1417,.F.);
#1417 = EDGE_CURVE('',#1418,#1409,#1420,.T.);
#1418 = VERTEX_POINT('',#1419);
#1419 = CARTESIAN_POINT('',(22.86,-29.315,-24.4));
#1420 = CIRCLE('',#1421,1.375);
#1421 = AXIS2_PLACEMENT_3D('',#1422,#1423,#1424);
#1422 = CARTESIAN_POINT('',(22.86,-27.94,-24.4));
#1423 = DIRECTION('',(0.,0.,1.));
#1424 = DIRECTION('',(1.,0.,-0.));
#1425 = ORIENTED_EDGE('',*,*,#1426,.T.);
#1426 = EDGE_CURVE('',#1418,#1392,#1427,.T.);
#1427 = LINE('',#1428,#1429);
#1428 = CARTESIAN_POINT('',(-10.35,-29.315,-24.4));
#1429 = VECTOR('',#1430,1.);
#1430 = DIRECTION('',(-1.,-0.,0.));
#1431 = FACE_BOUND('',#1432,.T.);
#1432 = EDGE_LOOP('',(#1433));
#1433 = ORIENTED_EDGE('',*,*,#1434,.F.);
#1434 = EDGE_CURVE('',#1435,#1435,#1437,.T.);
#1435 = VERTEX_POINT('',#1436);
#1436 = CARTESIAN_POINT('',(24.235,-22.86,-24.4));
#1437 = CIRCLE('',#1438,1.375);
#1438 = AXIS2_PLACEMENT_3D('',#1439,#1440,#1441);
#1439 = CARTESIAN_POINT('',(22.86,-22.86,-24.4));
#1440 = DIRECTION('',(0.,0.,1.));
#1441 = DIRECTION('',(1.,0.,-0.));
#1442 = FACE_BOUND('',#1443,.T.);
#1443 = EDGE_LOOP('',(#1444,#1455,#1463,#1472));
#1444 = ORIENTED_EDGE('',*,*,#1445,.F.);
#1445 = EDGE_CURVE('',#1446,#1448,#1450,.T.);
#1446 = VERTEX_POINT('',#1447);
#1447 = CARTESIAN_POINT('',(29.315,-22.86,-24.4));
#1448 = VERTEX_POINT('',#1449);
#1449 = CARTESIAN_POINT('',(26.565,-22.86,-24.4));
#1450 = CIRCLE('',#1451,1.375);
#1451 = AXIS2_PLACEMENT_3D('',#1452,#1453,#1454);
#1452 = CARTESIAN_POINT('',(27.94,-22.86,-24.4));
#1453 = DIRECTION('',(0.,0.,1.));
#1454 = DIRECTION('',(1.,0.,-0.));
#1455 = ORIENTED_EDGE('',*,*,#1456,.F.);
#1456 = EDGE_CURVE('',#1457,#1446,#1459,.T.);
#1457 = VERTEX_POINT('',#1458);
#1458 = CARTESIAN_POINT('',(29.315,-27.94,-24.4));
#1459 = LINE('',#1460,#1461);
#1460 = CARTESIAN_POINT('',(29.315,-33.21,-24.4));
#1461 = VECTOR('',#1462,1.);
#1462 = DIRECTION('',(-0.,1.,0.));
#1463 = ORIENTED_EDGE('',*,*,#1464,.F.);
#1464 = EDGE_CURVE('',#1465,#1457,#1467,.T.);
#1465 = VERTEX_POINT('',#1466);
#1466 = CARTESIAN_POINT('',(26.565,-27.94,-24.4));
#1467 = CIRCLE('',#1468,1.375);
#1468 = AXIS2_PLACEMENT_3D('',#1469,#1470,#1471);
#1469 = CARTESIAN_POINT('',(27.94,-27.94,-24.4));
#1470 = DIRECTION('',(0.,0.,1.));
#1471 = DIRECTION('',(1.,0.,-0.));
#1472 = ORIENTED_EDGE('',*,*,#1473,.T.);
#1473 = EDGE_CURVE('',#1465,#1448,#1474,.T.);
#1474 = LINE('',#1475,#1476);
#1475 = CARTESIAN_POINT('',(26.565,-33.21,-24.4));
#1476 = VECTOR('',#1477,1.);
#1477 = DIRECTION('',(-0.,1.,0.));
#1478 = FACE_BOUND('',#1479,.T.);
#1479 = EDGE_LOOP('',(#1480,#1491,#1499,#1508));
#1480 = ORIENTED_EDGE('',*,*,#1481,.F.);
#1481 = EDGE_CURVE('',#1482,#1484,#1486,.T.);
#1482 = VERTEX_POINT('',#1483);
#1483 = CARTESIAN_POINT('',(19.155,-17.78,-24.4));
#1484 = VERTEX_POINT('',#1485);
#1485 = CARTESIAN_POINT('',(16.405,-17.78,-24.4));
#1486 = CIRCLE('',#1487,1.375);
#1487 = AXIS2_PLACEMENT_3D('',#1488,#1489,#1490);
#1488 = CARTESIAN_POINT('',(17.78,-17.78,-24.4));
#1489 = DIRECTION('',(0.,0.,1.));
#1490 = DIRECTION('',(1.,0.,-0.));
#1491 = ORIENTED_EDGE('',*,*,#1492,.F.);
#1492 = EDGE_CURVE('',#1493,#1482,#1495,.T.);
#1493 = VERTEX_POINT('',#1494);
#1494 = CARTESIAN_POINT('',(19.155,-22.86,-24.4));
#1495 = LINE('',#1496,#1497);
#1496 = CARTESIAN_POINT('',(19.155,-30.67,-24.4));
#1497 = VECTOR('',#1498,1.);
#1498 = DIRECTION('',(-0.,1.,0.));
#1499 = ORIENTED_EDGE('',*,*,#1500,.F.);
#1500 = EDGE_CURVE('',#1501,#1493,#1503,.T.);
#1501 = VERTEX_POINT('',#1502);
#1502 = CARTESIAN_POINT('',(16.405,-22.86,-24.4));
#1503 = CIRCLE('',#1504,1.375);
#1504 = AXIS2_PLACEMENT_3D('',#1505,#1506,#1507);
#1505 = CARTESIAN_POINT('',(17.78,-22.86,-24.4));
#1506 = DIRECTION('',(0.,0.,1.));
#1507 = DIRECTION('',(1.,0.,-0.));
#1508 = ORIENTED_EDGE('',*,*,#1509,.T.);
#1509 = EDGE_CURVE('',#1501,#1484,#1510,.T.);
#1510 = LINE('',#1511,#1512);
#1511 = CARTESIAN_POINT('',(16.405,-30.67,-24.4));
#1512 = VECTOR('',#1513,1.);
#1513 = DIRECTION('',(-0.,1.,0.));
#1514 = FACE_BOUND('',#1515,.T.);
#1515 = EDGE_LOOP('',(#1516,#1527,#1535,#1544,#1553));
#1516 = ORIENTED_EDGE('',*,*,#1517,.F.);
#1517 = EDGE_CURVE('',#1518,#1520,#1522,.T.);
#1518 = VERTEX_POINT('',#1519);
#1519 = CARTESIAN_POINT('',(22.86,-16.405,-24.4));
#1520 = VERTEX_POINT('',#1521);
#1521 = CARTESIAN_POINT('',(22.86,-19.155,-24.4));
#1522 = CIRCLE('',#1523,1.375);
#1523 = AXIS2_PLACEMENT_3D('',#1524,#1525,#1526);
#1524 = CARTESIAN_POINT('',(22.86,-17.78,-24.4));
#1525 = DIRECTION('',(0.,0.,1.));
#1526 = DIRECTION('',(1.,0.,-0.));
#1527 = ORIENTED_EDGE('',*,*,#1528,.F.);
#1528 = EDGE_CURVE('',#1529,#1518,#1531,.T.);
#1529 = VERTEX_POINT('',#1530);
#1530 = CARTESIAN_POINT('',(27.94,-16.405,-24.4));
#1531 = LINE('',#1532,#1533);
#1532 = CARTESIAN_POINT('',(-7.81,-16.405,-24.4));
#1533 = VECTOR('',#1534,1.);
#1534 = DIRECTION('',(-1.,-0.,0.));
#1535 = ORIENTED_EDGE('',*,*,#1536,.F.);
#1536 = EDGE_CURVE('',#1537,#1529,#1539,.T.);
#1537 = VERTEX_POINT('',#1538);
#1538 = CARTESIAN_POINT('',(29.315,-17.78,-24.4));
#1539 = CIRCLE('',#1540,1.375);
#1540 = AXIS2_PLACEMENT_3D('',#1541,#1542,#1543);
#1541 = CARTESIAN_POINT('',(27.94,-17.78,-24.4));
#1542 = DIRECTION('',(0.,0.,1.));
#1543 = DIRECTION('',(1.,0.,-0.));
#1544 = ORIENTED_EDGE('',*,*,#1545,.F.);
#1545 = EDGE_CURVE('',#1546,#1537,#1548,.T.);
#1546 = VERTEX_POINT('',#1547);
#1547 = CARTESIAN_POINT('',(27.94,-19.155,-24.4));
#1548 = CIRCLE('',#1549,1.375);
#1549 = AXIS2_PLACEMENT_3D('',#1550,#1551,#1552);
#1550 = CARTESIAN_POINT('',(27.94,-17.78,-24.4));
#1551 = DIRECTION('',(0.,0.,1.));
#1552 = DIRECTION('',(1.,0.,-0.));
#1553 = ORIENTED_EDGE('',*,*,#1554,.T.);
#1554 = EDGE_CURVE('',#1546,#1520,#1555,.T.);
#1555 = LINE('',#1556,#1557);
#1556 = CARTESIAN_POINT('',(-7.81,-19.155,-24.4));
#1557 = VECTOR('',#1558,1.);
#1558 = DIRECTION('',(-1.,-0.,0.));
#1559 = FACE_BOUND('',#1560,.T.);
#1560 = EDGE_LOOP('',(#1561,#1572,#1580,#1589,#1598));
#1561 = ORIENTED_EDGE('',*,*,#1562,.F.);
#1562 = EDGE_CURVE('',#1563,#1565,#1567,.T.);
#1563 = VERTEX_POINT('',#1564);
#1564 = CARTESIAN_POINT('',(2.54,-11.325,-24.4));
#1565 = VERTEX_POINT('',#1566);
#1566 = CARTESIAN_POINT('',(2.54,-14.075,-24.4));
#1567 = CIRCLE('',#1568,1.375);
#1568 = AXIS2_PLACEMENT_3D('',#1569,#1570,#1571);
#1569 = CARTESIAN_POINT('',(2.54,-12.7,-24.4));
#1570 = DIRECTION('',(0.,0.,1.));
#1571 = DIRECTION('',(1.,0.,-0.));
#1572 = ORIENTED_EDGE('',*,*,#1573,.F.);
#1573 = EDGE_CURVE('',#1574,#1563,#1576,.T.);
#1574 = VERTEX_POINT('',#1575);
#1575 = CARTESIAN_POINT('',(7.62,-11.325,-24.4));
#1576 = LINE('',#1577,#1578);
#1577 = CARTESIAN_POINT('',(-17.97,-11.325,-24.4));
#1578 = VECTOR('',#1579,1.);
#1579 = DIRECTION('',(-1.,-0.,0.));
#1580 = ORIENTED_EDGE('',*,*,#1581,.F.);
#1581 = EDGE_CURVE('',#1582,#1574,#1584,.T.);
#1582 = VERTEX_POINT('',#1583);
#1583 = CARTESIAN_POINT('',(8.995,-12.7,-24.4));
#1584 = CIRCLE('',#1585,1.375);
#1585 = AXIS2_PLACEMENT_3D('',#1586,#1587,#1588);
#1586 = CARTESIAN_POINT('',(7.62,-12.7,-24.4));
#1587 = DIRECTION('',(0.,0.,1.));
#1588 = DIRECTION('',(1.,0.,-0.));
#1589 = ORIENTED_EDGE('',*,*,#1590,.F.);
#1590 = EDGE_CURVE('',#1591,#1582,#1593,.T.);
#1591 = VERTEX_POINT('',#1592);
#1592 = CARTESIAN_POINT('',(7.62,-14.075,-24.4));
#1593 = CIRCLE('',#1594,1.375);
#1594 = AXIS2_PLACEMENT_3D('',#1595,#1596,#1597);
#1595 = CARTESIAN_POINT('',(7.62,-12.7,-24.4));
#1596 = DIRECTION('',(0.,0.,1.));
#1597 = DIRECTION('',(1.,0.,-0.));
#1598 = ORIENTED_EDGE('',*,*,#1599,.T.);
#1599 = EDGE_CURVE('',#1591,#1565,#1600,.T.);
#1600 = LINE('',#1601,#1602);
#1601 = CARTESIAN_POINT('',(-17.97,-14.075,-24.4));
#1602 = VECTOR('',#1603,1.);
#1603 = DIRECTION('',(-1.,-0.,0.));
#1604 = FACE_BOUND('',#1605,.T.);
#1605 = EDGE_LOOP('',(#1606));
#1606 = ORIENTED_EDGE('',*,*,#1607,.F.);
#1607 = EDGE_CURVE('',#1608,#1608,#1610,.T.);
#1608 = VERTEX_POINT('',#1609);
#1609 = CARTESIAN_POINT('',(8.995,-7.62,-24.4));
#1610 = CIRCLE('',#1611,1.375);
#1611 = AXIS2_PLACEMENT_3D('',#1612,#1613,#1614);
#1612 = CARTESIAN_POINT('',(7.62,-7.62,-24.4));
#1613 = DIRECTION('',(0.,0.,1.));
#1614 = DIRECTION('',(1.,0.,-0.));
#1615 = FACE_BOUND('',#1616,.T.);
#1616 = EDGE_LOOP('',(#1617,#1628,#1636,#1645));
#1617 = ORIENTED_EDGE('',*,*,#1618,.F.);
#1618 = EDGE_CURVE('',#1619,#1621,#1623,.T.);
#1619 = VERTEX_POINT('',#1620);
#1620 = CARTESIAN_POINT('',(14.075,-7.62,-24.4));
#1621 = VERTEX_POINT('',#1622);
#1622 = CARTESIAN_POINT('',(11.325,-7.62,-24.4));
#1623 = CIRCLE('',#1624,1.375);
#1624 = AXIS2_PLACEMENT_3D('',#1625,#1626,#1627);
#1625 = CARTESIAN_POINT('',(12.7,-7.62,-24.4));
#1626 = DIRECTION('',(0.,0.,1.));
#1627 = DIRECTION('',(1.,0.,-0.));
#1628 = ORIENTED_EDGE('',*,*,#1629,.F.);
#1629 = EDGE_CURVE('',#1630,#1619,#1632,.T.);
#1630 = VERTEX_POINT('',#1631);
#1631 = CARTESIAN_POINT('',(14.075,-12.7,-24.4));
#1632 = LINE('',#1633,#1634);
#1633 = CARTESIAN_POINT('',(14.075,-25.59,-24.4));
#1634 = VECTOR('',#1635,1.);
#1635 = DIRECTION('',(-0.,1.,0.));
#1636 = ORIENTED_EDGE('',*,*,#1637,.F.);
#1637 = EDGE_CURVE('',#1638,#1630,#1640,.T.);
#1638 = VERTEX_POINT('',#1639);
#1639 = CARTESIAN_POINT('',(11.325,-12.7,-24.4));
#1640 = CIRCLE('',#1641,1.375);
#1641 = AXIS2_PLACEMENT_3D('',#1642,#1643,#1644);
#1642 = CARTESIAN_POINT('',(12.7,-12.7,-24.4));
#1643 = DIRECTION('',(0.,0.,1.));
#1644 = DIRECTION('',(1.,0.,-0.));
#1645 = ORIENTED_EDGE('',*,*,#1646,.T.);
#1646 = EDGE_CURVE('',#1638,#1621,#1647,.T.);
#1647 = LINE('',#1648,#1649);
#1648 = CARTESIAN_POINT('',(11.325,-25.59,-24.4));
#1649 = VECTOR('',#1650,1.);
#1650 = DIRECTION('',(-0.,1.,0.));
#1651 = FACE_BOUND('',#1652,.T.);
#1652 = EDGE_LOOP('',(#1653,#1664,#1672,#1681));
#1653 = ORIENTED_EDGE('',*,*,#1654,.F.);
#1654 = EDGE_CURVE('',#1655,#1657,#1659,.T.);
#1655 = VERTEX_POINT('',#1656);
#1656 = CARTESIAN_POINT('',(3.915,-2.54,-24.4));
#1657 = VERTEX_POINT('',#1658);
#1658 = CARTESIAN_POINT('',(1.165,-2.54,-24.4));
#1659 = CIRCLE('',#1660,1.375);
#1660 = AXIS2_PLACEMENT_3D('',#1661,#1662,#1663);
#1661 = CARTESIAN_POINT('',(2.54,-2.54,-24.4));
#1662 = DIRECTION('',(0.,0.,1.));
#1663 = DIRECTION('',(1.,0.,-0.));
#1664 = ORIENTED_EDGE('',*,*,#1665,.F.);
#1665 = EDGE_CURVE('',#1666,#1655,#1668,.T.);
#1666 = VERTEX_POINT('',#1667);
#1667 = CARTESIAN_POINT('',(3.915,-7.62,-24.4));
#1668 = LINE('',#1669,#1670);
#1669 = CARTESIAN_POINT('',(3.915,-23.05,-24.4));
#1670 = VECTOR('',#1671,1.);
#1671 = DIRECTION('',(-0.,1.,0.));
#1672 = ORIENTED_EDGE('',*,*,#1673,.F.);
#1673 = EDGE_CURVE('',#1674,#1666,#1676,.T.);
#1674 = VERTEX_POINT('',#1675);
#1675 = CARTESIAN_POINT('',(1.165,-7.62,-24.4));
#1676 = CIRCLE('',#1677,1.375);
#1677 = AXIS2_PLACEMENT_3D('',#1678,#1679,#1680);
#1678 = CARTESIAN_POINT('',(2.54,-7.62,-24.4));
#1679 = DIRECTION('',(0.,0.,1.));
#1680 = DIRECTION('',(1.,0.,-0.));
#1681 = ORIENTED_EDGE('',*,*,#1682,.T.);
#1682 = EDGE_CURVE('',#1674,#1657,#1683,.T.);
#1683 = LINE('',#1684,#1685);
#1684 = CARTESIAN_POINT('',(1.165,-23.05,-24.4));
#1685 = VECTOR('',#1686,1.);
#1686 = DIRECTION('',(-0.,1.,0.));
#1687 = FACE_BOUND('',#1688,.T.);
#1688 = EDGE_LOOP('',(#1689,#1700,#1708,#1717,#1726));
#1689 = ORIENTED_EDGE('',*,*,#1690,.F.);
#1690 = EDGE_CURVE('',#1691,#1693,#1695,.T.);
#1691 = VERTEX_POINT('',#1692);
#1692 = CARTESIAN_POINT('',(7.62,-1.165,-24.4));
#1693 = VERTEX_POINT('',#1694);
#1694 = CARTESIAN_POINT('',(7.62,-3.915,-24.4));
#1695 = CIRCLE('',#1696,1.375);
#1696 = AXIS2_PLACEMENT_3D('',#1697,#1698,#1699);
#1697 = CARTESIAN_POINT('',(7.62,-2.54,-24.4));
#1698 = DIRECTION('',(0.,0.,1.));
#1699 = DIRECTION('',(1.,0.,-0.));
#1700 = ORIENTED_EDGE('',*,*,#1701,.F.);
#1701 = EDGE_CURVE('',#1702,#1691,#1704,.T.);
#1702 = VERTEX_POINT('',#1703);
#1703 = CARTESIAN_POINT('',(12.7,-1.165,-24.4));
#1704 = LINE('',#1705,#1706);
#1705 = CARTESIAN_POINT('',(-15.43,-1.165,-24.4));
#1706 = VECTOR('',#1707,1.);
#1707 = DIRECTION('',(-1.,-0.,0.));
#1708 = ORIENTED_EDGE('',*,*,#1709,.F.);
#1709 = EDGE_CURVE('',#1710,#1702,#1712,.T.);
#1710 = VERTEX_POINT('',#1711);
#1711 = CARTESIAN_POINT('',(14.075,-2.54,-24.4));
#1712 = CIRCLE('',#1713,1.375);
#1713 = AXIS2_PLACEMENT_3D('',#1714,#1715,#1716);
#1714 = CARTESIAN_POINT('',(12.7,-2.54,-24.4));
#1715 = DIRECTION('',(0.,0.,1.));
#1716 = DIRECTION('',(1.,0.,-0.));
#1717 = ORIENTED_EDGE('',*,*,#1718,.F.);
#1718 = EDGE_CURVE('',#1719,#1710,#1721,.T.);
#1719 = VERTEX_POINT('',#1720);
#1720 = CARTESIAN_POINT('',(12.7,-3.915,-24.4));
#1721 = CIRCLE('',#1722,1.375);
#1722 = AXIS2_PLACEMENT_3D('',#1723,#1724,#1725);
#1723 = CARTESIAN_POINT('',(12.7,-2.54,-24.4));
#1724 = DIRECTION('',(0.,0.,1.));
#1725 = DIRECTION('',(1.,0.,-0.));
#1726 = ORIENTED_EDGE('',*,*,#1727,.T.);
#1727 = EDGE_CURVE('',#1719,#1693,#1728,.T.);
#1728 = LINE('',#1729,#1730);
#1729 = CARTESIAN_POINT('',(-15.43,-3.915,-24.4));
#1730 = VECTOR('',#1731,1.);
#1731 = DIRECTION('',(-1.,-0.,0.));
#1732 = FACE_BOUND('',#1733,.T.);
#1733 = EDGE_LOOP('',(#1734,#1745,#1753,#1762,#1771));
#1734 = ORIENTED_EDGE('',*,*,#1735,.F.);
#1735 = EDGE_CURVE('',#1736,#1738,#1740,.T.);
#1736 = VERTEX_POINT('',#1737);
#1737 = CARTESIAN_POINT('',(17.78,-11.325,-24.4));
#1738 = VERTEX_POINT('',#1739);
#1739 = CARTESIAN_POINT('',(17.78,-14.075,-24.4));
#1740 = CIRCLE('',#1741,1.375);
#1741 = AXIS2_PLACEMENT_3D('',#1742,#1743,#1744);
#1742 = CARTESIAN_POINT('',(17.78,-12.7,-24.4));
#1743 = DIRECTION('',(0.,0.,1.));
#1744 = DIRECTION('',(1.,0.,-0.));
#1745 = ORIENTED_EDGE('',*,*,#1746,.F.);
#1746 = EDGE_CURVE('',#1747,#1736,#1749,.T.);
#1747 = VERTEX_POINT('',#1748);
#1748 = CARTESIAN_POINT('',(22.86,-11.325,-24.4));
#1749 = LINE('',#1750,#1751);
#1750 = CARTESIAN_POINT('',(-10.35,-11.325,-24.4));
#1751 = VECTOR('',#1752,1.);
#1752 = DIRECTION('',(-1.,-0.,0.));
#1753 = ORIENTED_EDGE('',*,*,#1754,.F.);
#1754 = EDGE_CURVE('',#1755,#1747,#1757,.T.);
#1755 = VERTEX_POINT('',#1756);
#1756 = CARTESIAN_POINT('',(24.235,-12.7,-24.4));
#1757 = CIRCLE('',#1758,1.375);
#1758 = AXIS2_PLACEMENT_3D('',#1759,#1760,#1761);
#1759 = CARTESIAN_POINT('',(22.86,-12.7,-24.4));
#1760 = DIRECTION('',(0.,0.,1.));
#1761 = DIRECTION('',(1.,0.,-0.));
#1762 = ORIENTED_EDGE('',*,*,#1763,.F.);
#1763 = EDGE_CURVE('',#1764,#1755,#1766,.T.);
#1764 = VERTEX_POINT('',#1765);
#1765 = CARTESIAN_POINT('',(22.86,-14.075,-24.4));
#1766 = CIRCLE('',#1767,1.375);
#1767 = AXIS2_PLACEMENT_3D('',#1768,#1769,#1770);
#1768 = CARTESIAN_POINT('',(22.86,-12.7,-24.4));
#1769 = DIRECTION('',(0.,0.,1.));
#1770 = DIRECTION('',(1.,0.,-0.));
#1771 = ORIENTED_EDGE('',*,*,#1772,.T.);
#1772 = EDGE_CURVE('',#1764,#1738,#1773,.T.);
#1773 = LINE('',#1774,#1775);
#1774 = CARTESIAN_POINT('',(-10.35,-14.075,-24.4));
#1775 = VECTOR('',#1776,1.);
#1776 = DIRECTION('',(-1.,-0.,0.));
#1777 = FACE_BOUND('',#1778,.T.);
#1778 = EDGE_LOOP('',(#1779));
#1779 = ORIENTED_EDGE('',*,*,#1780,.F.);
#1780 = EDGE_CURVE('',#1781,#1781,#1783,.T.);
#1781 = VERTEX_POINT('',#1782);
#1782 = CARTESIAN_POINT('',(24.235,-7.62,-24.4));
#1783 = CIRCLE('',#1784,1.375);
#1784 = AXIS2_PLACEMENT_3D('',#1785,#1786,#1787);
#1785 = CARTESIAN_POINT('',(22.86,-7.62,-24.4));
#1786 = DIRECTION('',(0.,0.,1.));
#1787 = DIRECTION('',(1.,0.,-0.));
#1788 = FACE_BOUND('',#1789,.T.);
#1789 = EDGE_LOOP('',(#1790,#1801,#1809,#1818));
#1790 = ORIENTED_EDGE('',*,*,#1791,.F.);
#1791 = EDGE_CURVE('',#1792,#1794,#1796,.T.);
#1792 = VERTEX_POINT('',#1793);
#1793 = CARTESIAN_POINT('',(29.315,-7.62,-24.4));
#1794 = VERTEX_POINT('',#1795);
#1795 = CARTESIAN_POINT('',(26.565,-7.62,-24.4));
#1796 = CIRCLE('',#1797,1.375);
#1797 = AXIS2_PLACEMENT_3D('',#1798,#1799,#1800);
#1798 = CARTESIAN_POINT('',(27.94,-7.62,-24.4));
#1799 = DIRECTION('',(0.,0.,1.));
#1800 = DIRECTION('',(1.,0.,-0.));
#1801 = ORIENTED_EDGE('',*,*,#1802,.F.);
#1802 = EDGE_CURVE('',#1803,#1792,#1805,.T.);
#1803 = VERTEX_POINT('',#1804);
#1804 = CARTESIAN_POINT('',(29.315,-12.7,-24.4));
#1805 = LINE('',#1806,#1807);
#1806 = CARTESIAN_POINT('',(29.315,-25.59,-24.4));
#1807 = VECTOR('',#1808,1.);
#1808 = DIRECTION('',(-0.,1.,0.));
#1809 = ORIENTED_EDGE('',*,*,#1810,.F.);
#1810 = EDGE_CURVE('',#1811,#1803,#1813,.T.);
#1811 = VERTEX_POINT('',#1812);
#1812 = CARTESIAN_POINT('',(26.565,-12.7,-24.4));
#1813 = CIRCLE('',#1814,1.375);
#1814 = AXIS2_PLACEMENT_3D('',#1815,#1816,#1817);
#1815 = CARTESIAN_POINT('',(27.94,-12.7,-24.4));
#1816 = DIRECTION('',(0.,0.,1.));
#1817 = DIRECTION('',(1.,0.,-0.));
#1818 = ORIENTED_EDGE('',*,*,#1819,.T.);
#1819 = EDGE_CURVE('',#1811,#1794,#1820,.T.);
#1820 = LINE('',#1821,#1822);
#1821 = CARTESIAN_POINT('',(26.565,-25.59,-24.4));
#1822 = VECTOR('',#1823,1.);
#1823 = DIRECTION('',(-0.,1.,0.));
#1824 = FACE_BOUND('',#1825,.T.);
#1825 = EDGE_LOOP('',(#1826,#1837,#1845,#1854));
#1826 = ORIENTED_EDGE('',*,*,#1827,.F.);
#1827 = EDGE_CURVE('',#1828,#1830,#1832,.T.);
#1828 = VERTEX_POINT('',#1829);
#1829 = CARTESIAN_POINT('',(19.155,-2.54,-24.4));
#1830 = VERTEX_POINT('',#1831);
#1831 = CARTESIAN_POINT('',(16.405,-2.54,-24.4));
#1832 = CIRCLE('',#1833,1.375);
#1833 = AXIS2_PLACEMENT_3D('',#1834,#1835,#1836);
#1834 = CARTESIAN_POINT('',(17.78,-2.54,-24.4));
#1835 = DIRECTION('',(0.,0.,1.));
#1836 = DIRECTION('',(1.,0.,-0.));
#1837 = ORIENTED_EDGE('',*,*,#1838,.F.);
#1838 = EDGE_CURVE('',#1839,#1828,#1841,.T.);
#1839 = VERTEX_POINT('',#1840);
#1840 = CARTESIAN_POINT('',(19.155,-7.62,-24.4));
#1841 = LINE('',#1842,#1843);
#1842 = CARTESIAN_POINT('',(19.155,-23.05,-24.4));
#1843 = VECTOR('',#1844,1.);
#1844 = DIRECTION('',(-0.,1.,0.));
#1845 = ORIENTED_EDGE('',*,*,#1846,.F.);
#1846 = EDGE_CURVE('',#1847,#1839,#1849,.T.);
#1847 = VERTEX_POINT('',#1848);
#1848 = CARTESIAN_POINT('',(16.405,-7.62,-24.4));
#1849 = CIRCLE('',#1850,1.375);
#1850 = AXIS2_PLACEMENT_3D('',#1851,#1852,#1853);
#1851 = CARTESIAN_POINT('',(17.78,-7.62,-24.4));
#1852 = DIRECTION('',(0.,0.,1.));
#1853 = DIRECTION('',(1.,0.,-0.));
#1854 = ORIENTED_EDGE('',*,*,#1855,.T.);
#1855 = EDGE_CURVE('',#1847,#1830,#1856,.T.);
#1856 = LINE('',#1857,#1858);
#1857 = CARTESIAN_POINT('',(16.405,-23.05,-24.4));
#1858 = VECTOR('',#1859,1.);
#1859 = DIRECTION('',(-0.,1.,0.));
#1860 = FACE_BOUND('',#1861,.T.);
#1861 = EDGE_LOOP('',(#1862,#1873,#1881,#1890,#1899));
#1862 = ORIENTED_EDGE('',*,*,#1863,.F.);
#1863 = EDGE_CURVE('',#1864,#1866,#1868,.T.);
#1864 = VERTEX_POINT('',#1865);
#1865 = CARTESIAN_POINT('',(22.86,-1.165,-24.4));
#1866 = VERTEX_POINT('',#1867);
#1867 = CARTESIAN_POINT('',(22.86,-3.915,-24.4));
#1868 = CIRCLE('',#1869,1.375);
#1869 = AXIS2_PLACEMENT_3D('',#1870,#1871,#1872);
#1870 = CARTESIAN_POINT('',(22.86,-2.54,-24.4));
#1871 = DIRECTION('',(0.,0.,1.));
#1872 = DIRECTION('',(1.,0.,-0.));
#1873 = ORIENTED_EDGE('',*,*,#1874,.F.);
#1874 = EDGE_CURVE('',#1875,#1864,#1877,.T.);
#1875 = VERTEX_POINT('',#1876);
#1876 = CARTESIAN_POINT('',(27.94,-1.165,-24.4));
#1877 = LINE('',#1878,#1879);
#1878 = CARTESIAN_POINT('',(-7.81,-1.165,-24.4));
#1879 = VECTOR('',#1880,1.);
#1880 = DIRECTION('',(-1.,-0.,0.));
#1881 = ORIENTED_EDGE('',*,*,#1882,.F.);
#1882 = EDGE_CURVE('',#1883,#1875,#1885,.T.);
#1883 = VERTEX_POINT('',#1884);
#1884 = CARTESIAN_POINT('',(29.315,-2.54,-24.4));
#1885 = CIRCLE('',#1886,1.375);
#1886 = AXIS2_PLACEMENT_3D('',#1887,#1888,#1889);
#1887 = CARTESIAN_POINT('',(27.94,-2.54,-24.4));
#1888 = DIRECTION('',(0.,0.,1.));
#1889 = DIRECTION('',(1.,0.,-0.));
#1890 = ORIENTED_EDGE('',*,*,#1891,.F.);
#1891 = EDGE_CURVE('',#1892,#1883,#1894,.T.);
#1892 = VERTEX_POINT('',#1893);
#1893 = CARTESIAN_POINT('',(27.94,-3.915,-24.4));
#1894 = CIRCLE('',#1895,1.375);
#1895 = AXIS2_PLACEMENT_3D('',#1896,#1897,#1898);
#1896 = CARTESIAN_POINT('',(27.94,-2.54,-24.4));
#1897 = DIRECTION('',(0.,0.,1.));
#1898 = DIRECTION('',(1.,0.,-0.));
#1899 = ORIENTED_EDGE('',*,*,#1900,.T.);
#1900 = EDGE_CURVE('',#1892,#1866,#1901,.T.);
#1901 = LINE('',#1902,#1903);
#1902 = CARTESIAN_POINT('',(-7.81,-3.915,-24.4));
#1903 = VECTOR('',#1904,1.);
#1904 = DIRECTION('',(-1.,-0.,0.));
#1905 = FACE_BOUND('',#1906,.T.);
#1906 = EDGE_LOOP('',(#1907,#1918,#1926,#1935,#1944));
#1907 = ORIENTED_EDGE('',*,*,#1908,.F.);
#1908 = EDGE_CURVE('',#1909,#1911,#1913,.T.);
#1909 = VERTEX_POINT('',#1910);
#1910 = CARTESIAN_POINT('',(-27.94,3.915,-24.4));
#1911 = VERTEX_POINT('',#1912);
#1912 = CARTESIAN_POINT('',(-27.94,1.165,-24.4));
#1913 = CIRCLE('',#1914,1.375);
#1914 = AXIS2_PLACEMENT_3D('',#1915,#1916,#1917);
#1915 = CARTESIAN_POINT('',(-27.94,2.54,-24.4));
#1916 = DIRECTION('',(0.,0.,1.));
#1917 = DIRECTION('',(1.,0.,-0.));
#1918 = ORIENTED_EDGE('',*,*,#1919,.F.);
#1919 = EDGE_CURVE('',#1920,#1909,#1922,.T.);
#1920 = VERTEX_POINT('',#1921);
#1921 = CARTESIAN_POINT('',(-22.86,3.915,-24.4));
#1922 = LINE('',#1923,#1924);
#1923 = CARTESIAN_POINT('',(-33.21,3.915,-24.4));
#1924 = VECTOR('',#1925,1.);
#1925 = DIRECTION('',(-1.,-0.,0.));
#1926 = ORIENTED_EDGE('',*,*,#1927,.F.);
#1927 = EDGE_CURVE('',#1928,#1920,#1930,.T.);
#1928 = VERTEX_POINT('',#1929);
#1929 = CARTESIAN_POINT('',(-21.485,2.54,-24.4));
#1930 = CIRCLE('',#1931,1.375);
#1931 = AXIS2_PLACEMENT_3D('',#1932,#1933,#1934);
#1932 = CARTESIAN_POINT('',(-22.86,2.54,-24.4));
#1933 = DIRECTION('',(0.,0.,1.));
#1934 = DIRECTION('',(1.,0.,-0.));
#1935 = ORIENTED_EDGE('',*,*,#1936,.F.);
#1936 = EDGE_CURVE('',#1937,#1928,#1939,.T.);
#1937 = VERTEX_POINT('',#1938);
#1938 = CARTESIAN_POINT('',(-22.86,1.165,-24.4));
#1939 = CIRCLE('',#1940,1.375);
#1940 = AXIS2_PLACEMENT_3D('',#1941,#1942,#1943);
#1941 = CARTESIAN_POINT('',(-22.86,2.54,-24.4));
#1942 = DIRECTION('',(0.,0.,1.));
#1943 = DIRECTION('',(1.,0.,-0.));
#1944 = ORIENTED_EDGE('',*,*,#1945,.T.);
#1945 = EDGE_CURVE('',#1937,#1911,#1946,.T.);
#1946 = LINE('',#1947,#1948);
#1947 = CARTESIAN_POINT('',(-33.21,1.165,-24.4));
#1948 = VECTOR('',#1949,1.);
#1949 = DIRECTION('',(-1.,-0.,0.));
#1950 = FACE_BOUND('',#1951,.T.);
#1951 = EDGE_LOOP('',(#1952,#1963,#1971,#1980));
#1952 = ORIENTED_EDGE('',*,*,#1953,.F.);
#1953 = EDGE_CURVE('',#1954,#1956,#1958,.T.);
#1954 = VERTEX_POINT('',#1955);
#1955 = CARTESIAN_POINT('',(-16.405,7.62,-24.4));
#1956 = VERTEX_POINT('',#1957);
#1957 = CARTESIAN_POINT('',(-19.155,7.62,-24.4));
#1958 = CIRCLE('',#1959,1.375);
#1959 = AXIS2_PLACEMENT_3D('',#1960,#1961,#1962);
#1960 = CARTESIAN_POINT('',(-17.78,7.62,-24.4));
#1961 = DIRECTION('',(0.,0.,1.));
#1962 = DIRECTION('',(1.,0.,-0.));
#1963 = ORIENTED_EDGE('',*,*,#1964,.F.);
#1964 = EDGE_CURVE('',#1965,#1954,#1967,.T.);
#1965 = VERTEX_POINT('',#1966);
#1966 = CARTESIAN_POINT('',(-16.405,2.54,-24.4));
#1967 = LINE('',#1968,#1969);
#1968 = CARTESIAN_POINT('',(-16.405,-17.97,-24.4));
#1969 = VECTOR('',#1970,1.);
#1970 = DIRECTION('',(-0.,1.,0.));
#1971 = ORIENTED_EDGE('',*,*,#1972,.F.);
#1972 = EDGE_CURVE('',#1973,#1965,#1975,.T.);
#1973 = VERTEX_POINT('',#1974);
#1974 = CARTESIAN_POINT('',(-19.155,2.54,-24.4));
#1975 = CIRCLE('',#1976,1.375);
#1976 = AXIS2_PLACEMENT_3D('',#1977,#1978,#1979);
#1977 = CARTESIAN_POINT('',(-17.78,2.54,-24.4));
#1978 = DIRECTION('',(0.,0.,1.));
#1979 = DIRECTION('',(1.,0.,-0.));
#1980 = ORIENTED_EDGE('',*,*,#1981,.T.);
#1981 = EDGE_CURVE('',#1973,#1956,#1982,.T.);
#1982 = LINE('',#1983,#1984);
#1983 = CARTESIAN_POINT('',(-19.155,-17.97,-24.4));
#1984 = VECTOR('',#1985,1.);
#1985 = DIRECTION('',(-0.,1.,0.));
#1986 = FACE_BOUND('',#1987,.T.);
#1987 = EDGE_LOOP('',(#1988,#1999,#2007,#2016));
#1988 = ORIENTED_EDGE('',*,*,#1989,.F.);
#1989 = EDGE_CURVE('',#1990,#1992,#1994,.T.);
#1990 = VERTEX_POINT('',#1991);
#1991 = CARTESIAN_POINT('',(-26.565,12.7,-24.4));
#1992 = VERTEX_POINT('',#1993);
#1993 = CARTESIAN_POINT('',(-29.315,12.7,-24.4));
#1994 = CIRCLE('',#1995,1.375);
#1995 = AXIS2_PLACEMENT_3D('',#1996,#1997,#1998);
#1996 = CARTESIAN_POINT('',(-27.94,12.7,-24.4));
#1997 = DIRECTION('',(0.,0.,1.));
#1998 = DIRECTION('',(1.,0.,-0.));
#1999 = ORIENTED_EDGE('',*,*,#2000,.F.);
#2000 = EDGE_CURVE('',#2001,#1990,#2003,.T.);
#2001 = VERTEX_POINT('',#2002);
#2002 = CARTESIAN_POINT('',(-26.565,7.62,-24.4));
#2003 = LINE('',#2004,#2005);
#2004 = CARTESIAN_POINT('',(-26.565,-15.43,-24.4));
#2005 = VECTOR('',#2006,1.);
#2006 = DIRECTION('',(-0.,1.,0.));
#2007 = ORIENTED_EDGE('',*,*,#2008,.F.);
#2008 = EDGE_CURVE('',#2009,#2001,#2011,.T.);
#2009 = VERTEX_POINT('',#2010);
#2010 = CARTESIAN_POINT('',(-29.315,7.62,-24.4));
#2011 = CIRCLE('',#2012,1.375);
#2012 = AXIS2_PLACEMENT_3D('',#2013,#2014,#2015);
#2013 = CARTESIAN_POINT('',(-27.94,7.62,-24.4));
#2014 = DIRECTION('',(0.,0.,1.));
#2015 = DIRECTION('',(1.,0.,-0.));
#2016 = ORIENTED_EDGE('',*,*,#2017,.T.);
#2017 = EDGE_CURVE('',#2009,#1992,#2018,.T.);
#2018 = LINE('',#2019,#2020);
#2019 = CARTESIAN_POINT('',(-29.315,-15.43,-24.4));
#2020 = VECTOR('',#2021,1.);
#2021 = DIRECTION('',(-0.,1.,0.));
#2022 = FACE_BOUND('',#2023,.T.);
#2023 = EDGE_LOOP('',(#2024));
#2024 = ORIENTED_EDGE('',*,*,#2025,.F.);
#2025 = EDGE_CURVE('',#2026,#2026,#2028,.T.);
#2026 = VERTEX_POINT('',#2027);
#2027 = CARTESIAN_POINT('',(-21.485,7.62,-24.4));
#2028 = CIRCLE('',#2029,1.375);
#2029 = AXIS2_PLACEMENT_3D('',#2030,#2031,#2032);
#2030 = CARTESIAN_POINT('',(-22.86,7.62,-24.4));
#2031 = DIRECTION('',(0.,0.,1.));
#2032 = DIRECTION('',(1.,0.,-0.));
#2033 = FACE_BOUND('',#2034,.T.);
#2034 = EDGE_LOOP('',(#2035,#2046,#2054,#2063,#2072));
#2035 = ORIENTED_EDGE('',*,*,#2036,.F.);
#2036 = EDGE_CURVE('',#2037,#2039,#2041,.T.);
#2037 = VERTEX_POINT('',#2038);
#2038 = CARTESIAN_POINT('',(-22.86,14.075,-24.4));
#2039 = VERTEX_POINT('',#2040);
#2040 = CARTESIAN_POINT('',(-22.86,11.325,-24.4));
#2041 = CIRCLE('',#2042,1.375);
#2042 = AXIS2_PLACEMENT_3D('',#2043,#2044,#2045);
#2043 = CARTESIAN_POINT('',(-22.86,12.7,-24.4));
#2044 = DIRECTION('',(0.,0.,1.));
#2045 = DIRECTION('',(1.,0.,-0.));
#2046 = ORIENTED_EDGE('',*,*,#2047,.F.);
#2047 = EDGE_CURVE('',#2048,#2037,#2050,.T.);
#2048 = VERTEX_POINT('',#2049);
#2049 = CARTESIAN_POINT('',(-17.78,14.075,-24.4));
#2050 = LINE('',#2051,#2052);
#2051 = CARTESIAN_POINT('',(-30.67,14.075,-24.4));
#2052 = VECTOR('',#2053,1.);
#2053 = DIRECTION('',(-1.,-0.,0.));
#2054 = ORIENTED_EDGE('',*,*,#2055,.F.);
#2055 = EDGE_CURVE('',#2056,#2048,#2058,.T.);
#2056 = VERTEX_POINT('',#2057);
#2057 = CARTESIAN_POINT('',(-16.405,12.7,-24.4));
#2058 = CIRCLE('',#2059,1.375);
#2059 = AXIS2_PLACEMENT_3D('',#2060,#2061,#2062);
#2060 = CARTESIAN_POINT('',(-17.78,12.7,-24.4));
#2061 = DIRECTION('',(0.,0.,1.));
#2062 = DIRECTION('',(1.,0.,-0.));
#2063 = ORIENTED_EDGE('',*,*,#2064,.F.);
#2064 = EDGE_CURVE('',#2065,#2056,#2067,.T.);
#2065 = VERTEX_POINT('',#2066);
#2066 = CARTESIAN_POINT('',(-17.78,11.325,-24.4));
#2067 = CIRCLE('',#2068,1.375);
#2068 = AXIS2_PLACEMENT_3D('',#2069,#2070,#2071);
#2069 = CARTESIAN_POINT('',(-17.78,12.7,-24.4));
#2070 = DIRECTION('',(0.,0.,1.));
#2071 = DIRECTION('',(1.,0.,-0.));
#2072 = ORIENTED_EDGE('',*,*,#2073,.T.);
#2073 = EDGE_CURVE('',#2065,#2039,#2074,.T.);
#2074 = LINE('',#2075,#2076);
#2075 = CARTESIAN_POINT('',(-30.67,11.325,-24.4));
#2076 = VECTOR('',#2077,1.);
#2077 = DIRECTION('',(-1.,-0.,0.));
#2078 = FACE_BOUND('',#2079,.T.);
#2079 = EDGE_LOOP('',(#2080,#2091,#2099,#2108,#2117));
#2080 = ORIENTED_EDGE('',*,*,#2081,.F.);
#2081 = EDGE_CURVE('',#2082,#2084,#2086,.T.);
#2082 = VERTEX_POINT('',#2083);
#2083 = CARTESIAN_POINT('',(-12.7,3.915,-24.4));
#2084 = VERTEX_POINT('',#2085);
#2085 = CARTESIAN_POINT('',(-12.7,1.165,-24.4));
#2086 = CIRCLE('',#2087,1.375);
#2087 = AXIS2_PLACEMENT_3D('',#2088,#2089,#2090);
#2088 = CARTESIAN_POINT('',(-12.7,2.54,-24.4));
#2089 = DIRECTION('',(0.,0.,1.));
#2090 = DIRECTION('',(1.,0.,-0.));
#2091 = ORIENTED_EDGE('',*,*,#2092,.F.);
#2092 = EDGE_CURVE('',#2093,#2082,#2095,.T.);
#2093 = VERTEX_POINT('',#2094);
#2094 = CARTESIAN_POINT('',(-7.62,3.915,-24.4));
#2095 = LINE('',#2096,#2097);
#2096 = CARTESIAN_POINT('',(-25.59,3.915,-24.4));
#2097 = VECTOR('',#2098,1.);
#2098 = DIRECTION('',(-1.,-0.,0.));
#2099 = ORIENTED_EDGE('',*,*,#2100,.F.);
#2100 = EDGE_CURVE('',#2101,#2093,#2103,.T.);
#2101 = VERTEX_POINT('',#2102);
#2102 = CARTESIAN_POINT('',(-6.245,2.54,-24.4));
#2103 = CIRCLE('',#2104,1.375);
#2104 = AXIS2_PLACEMENT_3D('',#2105,#2106,#2107);
#2105 = CARTESIAN_POINT('',(-7.62,2.54,-24.4));
#2106 = DIRECTION('',(0.,0.,1.));
#2107 = DIRECTION('',(1.,0.,-0.));
#2108 = ORIENTED_EDGE('',*,*,#2109,.F.);
#2109 = EDGE_CURVE('',#2110,#2101,#2112,.T.);
#2110 = VERTEX_POINT('',#2111);
#2111 = CARTESIAN_POINT('',(-7.62,1.165,-24.4));
#2112 = CIRCLE('',#2113,1.375);
#2113 = AXIS2_PLACEMENT_3D('',#2114,#2115,#2116);
#2114 = CARTESIAN_POINT('',(-7.62,2.54,-24.4));
#2115 = DIRECTION('',(0.,0.,1.));
#2116 = DIRECTION('',(1.,0.,-0.));
#2117 = ORIENTED_EDGE('',*,*,#2118,.T.);
#2118 = EDGE_CURVE('',#2110,#2084,#2119,.T.);
#2119 = LINE('',#2120,#2121);
#2120 = CARTESIAN_POINT('',(-25.59,1.165,-24.4));
#2121 = VECTOR('',#2122,1.);
#2122 = DIRECTION('',(-1.,-0.,0.));
#2123 = FACE_BOUND('',#2124,.T.);
#2124 = EDGE_LOOP('',(#2125,#2136,#2144,#2153));
#2125 = ORIENTED_EDGE('',*,*,#2126,.F.);
#2126 = EDGE_CURVE('',#2127,#2129,#2131,.T.);
#2127 = VERTEX_POINT('',#2128);
#2128 = CARTESIAN_POINT('',(-1.165,7.62,-24.4));
#2129 = VERTEX_POINT('',#2130);
#2130 = CARTESIAN_POINT('',(-3.915,7.62,-24.4));
#2131 = CIRCLE('',#2132,1.375);
#2132 = AXIS2_PLACEMENT_3D('',#2133,#2134,#2135);
#2133 = CARTESIAN_POINT('',(-2.54,7.62,-24.4));
#2134 = DIRECTION('',(0.,0.,1.));
#2135 = DIRECTION('',(1.,0.,-0.));
#2136 = ORIENTED_EDGE('',*,*,#2137,.F.);
#2137 = EDGE_CURVE('',#2138,#2127,#2140,.T.);
#2138 = VERTEX_POINT('',#2139);
#2139 = CARTESIAN_POINT('',(-1.165,2.54,-24.4));
#2140 = LINE('',#2141,#2142);
#2141 = CARTESIAN_POINT('',(-1.165,-17.97,-24.4));
#2142 = VECTOR('',#2143,1.);
#2143 = DIRECTION('',(-0.,1.,0.));
#2144 = ORIENTED_EDGE('',*,*,#2145,.F.);
#2145 = EDGE_CURVE('',#2146,#2138,#2148,.T.);
#2146 = VERTEX_POINT('',#2147);
#2147 = CARTESIAN_POINT('',(-3.915,2.54,-24.4));
#2148 = CIRCLE('',#2149,1.375);
#2149 = AXIS2_PLACEMENT_3D('',#2150,#2151,#2152);
#2150 = CARTESIAN_POINT('',(-2.54,2.54,-24.4));
#2151 = DIRECTION('',(0.,0.,1.));
#2152 = DIRECTION('',(1.,0.,-0.));
#2153 = ORIENTED_EDGE('',*,*,#2154,.T.);
#2154 = EDGE_CURVE('',#2146,#2129,#2155,.T.);
#2155 = LINE('',#2156,#2157);
#2156 = CARTESIAN_POINT('',(-3.915,-17.97,-24.4));
#2157 = VECTOR('',#2158,1.);
#2158 = DIRECTION('',(-0.,1.,0.));
#2159 = FACE_BOUND('',#2160,.T.);
#2160 = EDGE_LOOP('',(#2161,#2172,#2180,#2189));
#2161 = ORIENTED_EDGE('',*,*,#2162,.F.);
#2162 = EDGE_CURVE('',#2163,#2165,#2167,.T.);
#2163 = VERTEX_POINT('',#2164);
#2164 = CARTESIAN_POINT('',(-11.325,12.7,-24.4));
#2165 = VERTEX_POINT('',#2166);
#2166 = CARTESIAN_POINT('',(-14.075,12.7,-24.4));
#2167 = CIRCLE('',#2168,1.375);
#2168 = AXIS2_PLACEMENT_3D('',#2169,#2170,#2171);
#2169 = CARTESIAN_POINT('',(-12.7,12.7,-24.4));
#2170 = DIRECTION('',(0.,0.,1.));
#2171 = DIRECTION('',(1.,0.,-0.));
#2172 = ORIENTED_EDGE('',*,*,#2173,.F.);
#2173 = EDGE_CURVE('',#2174,#2163,#2176,.T.);
#2174 = VERTEX_POINT('',#2175);
#2175 = CARTESIAN_POINT('',(-11.325,7.62,-24.4));
#2176 = LINE('',#2177,#2178);
#2177 = CARTESIAN_POINT('',(-11.325,-15.43,-24.4));
#2178 = VECTOR('',#2179,1.);
#2179 = DIRECTION('',(-0.,1.,0.));
#2180 = ORIENTED_EDGE('',*,*,#2181,.F.);
#2181 = EDGE_CURVE('',#2182,#2174,#2184,.T.);
#2182 = VERTEX_POINT('',#2183);
#2183 = CARTESIAN_POINT('',(-14.075,7.62,-24.4));
#2184 = CIRCLE('',#2185,1.375);
#2185 = AXIS2_PLACEMENT_3D('',#2186,#2187,#2188);
#2186 = CARTESIAN_POINT('',(-12.7,7.62,-24.4));
#2187 = DIRECTION('',(0.,0.,1.));
#2188 = DIRECTION('',(1.,0.,-0.));
#2189 = ORIENTED_EDGE('',*,*,#2190,.T.);
#2190 = EDGE_CURVE('',#2182,#2165,#2191,.T.);
#2191 = LINE('',#2192,#2193);
#2192 = CARTESIAN_POINT('',(-14.075,-15.43,-24.4));
#2193 = VECTOR('',#2194,1.);
#2194 = DIRECTION('',(-0.,1.,0.));
#2195 = FACE_BOUND('',#2196,.T.);
#2196 = EDGE_LOOP('',(#2197));
#2197 = ORIENTED_EDGE('',*,*,#2198,.F.);
#2198 = EDGE_CURVE('',#2199,#2199,#2201,.T.);
#2199 = VERTEX_POINT('',#2200);
#2200 = CARTESIAN_POINT('',(-6.245,7.62,-24.4));
#2201 = CIRCLE('',#2202,1.375);
#2202 = AXIS2_PLACEMENT_3D('',#2203,#2204,#2205);
#2203 = CARTESIAN_POINT('',(-7.62,7.62,-24.4));
#2204 = DIRECTION('',(0.,0.,1.));
#2205 = DIRECTION('',(1.,0.,-0.));
#2206 = FACE_BOUND('',#2207,.T.);
#2207 = EDGE_LOOP('',(#2208,#2219,#2227,#2236,#2245));
#2208 = ORIENTED_EDGE('',*,*,#2209,.F.);
#2209 = EDGE_CURVE('',#2210,#2212,#2214,.T.);
#2210 = VERTEX_POINT('',#2211);
#2211 = CARTESIAN_POINT('',(-7.62,14.075,-24.4));
#2212 = VERTEX_POINT('',#2213);
#2213 = CARTESIAN_POINT('',(-7.62,11.325,-24.4));
#2214 = CIRCLE('',#2215,1.375);
#2215 = AXIS2_PLACEMENT_3D('',#2216,#2217,#2218);
#2216 = CARTESIAN_POINT('',(-7.62,12.7,-24.4));
#2217 = DIRECTION('',(0.,0.,1.));
#2218 = DIRECTION('',(1.,0.,-0.));
#2219 = ORIENTED_EDGE('',*,*,#2220,.F.);
#2220 = EDGE_CURVE('',#2221,#2210,#2223,.T.);
#2221 = VERTEX_POINT('',#2222);
#2222 = CARTESIAN_POINT('',(-2.54,14.075,-24.4));
#2223 = LINE('',#2224,#2225);
#2224 = CARTESIAN_POINT('',(-23.05,14.075,-24.4));
#2225 = VECTOR('',#2226,1.);
#2226 = DIRECTION('',(-1.,-0.,0.));
#2227 = ORIENTED_EDGE('',*,*,#2228,.F.);
#2228 = EDGE_CURVE('',#2229,#2221,#2231,.T.);
#2229 = VERTEX_POINT('',#2230);
#2230 = CARTESIAN_POINT('',(-1.165,12.7,-24.4));
#2231 = CIRCLE('',#2232,1.375);
#2232 = AXIS2_PLACEMENT_3D('',#2233,#2234,#2235);
#2233 = CARTESIAN_POINT('',(-2.54,12.7,-24.4));
#2234 = DIRECTION('',(0.,0.,1.));
#2235 = DIRECTION('',(1.,0.,-0.));
#2236 = ORIENTED_EDGE('',*,*,#2237,.F.);
#2237 = EDGE_CURVE('',#2238,#2229,#2240,.T.);
#2238 = VERTEX_POINT('',#2239);
#2239 = CARTESIAN_POINT('',(-2.54,11.325,-24.4));
#2240 = CIRCLE('',#2241,1.375);
#2241 = AXIS2_PLACEMENT_3D('',#2242,#2243,#2244);
#2242 = CARTESIAN_POINT('',(-2.54,12.7,-24.4));
#2243 = DIRECTION('',(0.,0.,1.));
#2244 = DIRECTION('',(1.,0.,-0.));
#2245 = ORIENTED_EDGE('',*,*,#2246,.T.);
#2246 = EDGE_CURVE('',#2238,#2212,#2247,.T.);
#2247 = LINE('',#2248,#2249);
#2248 = CARTESIAN_POINT('',(-23.05,11.325,-24.4));
#2249 = VECTOR('',#2250,1.);
#2250 = DIRECTION('',(-1.,-0.,0.));
#2251 = FACE_BOUND('',#2252,.T.);
#2252 = EDGE_LOOP('',(#2253,#2264,#2272,#2281,#2290));
#2253 = ORIENTED_EDGE('',*,*,#2254,.F.);
#2254 = EDGE_CURVE('',#2255,#2257,#2259,.T.);
#2255 = VERTEX_POINT('',#2256);
#2256 = CARTESIAN_POINT('',(-27.94,19.155,-24.4));
#2257 = VERTEX_POINT('',#2258);
#2258 = CARTESIAN_POINT('',(-27.94,16.405,-24.4));
#2259 = CIRCLE('',#2260,1.375);
#2260 = AXIS2_PLACEMENT_3D('',#2261,#2262,#2263);
#2261 = CARTESIAN_POINT('',(-27.94,17.78,-24.4));
#2262 = DIRECTION('',(0.,0.,1.));
#2263 = DIRECTION('',(1.,0.,-0.));
#2264 = ORIENTED_EDGE('',*,*,#2265,.F.);
#2265 = EDGE_CURVE('',#2266,#2255,#2268,.T.);
#2266 = VERTEX_POINT('',#2267);
#2267 = CARTESIAN_POINT('',(-22.86,19.155,-24.4));
#2268 = LINE('',#2269,#2270);
#2269 = CARTESIAN_POINT('',(-33.21,19.155,-24.4));
#2270 = VECTOR('',#2271,1.);
#2271 = DIRECTION('',(-1.,-0.,0.));
#2272 = ORIENTED_EDGE('',*,*,#2273,.F.);
#2273 = EDGE_CURVE('',#2274,#2266,#2276,.T.);
#2274 = VERTEX_POINT('',#2275);
#2275 = CARTESIAN_POINT('',(-21.485,17.78,-24.4));
#2276 = CIRCLE('',#2277,1.375);
#2277 = AXIS2_PLACEMENT_3D('',#2278,#2279,#2280);
#2278 = CARTESIAN_POINT('',(-22.86,17.78,-24.4));
#2279 = DIRECTION('',(0.,0.,1.));
#2280 = DIRECTION('',(1.,0.,-0.));
#2281 = ORIENTED_EDGE('',*,*,#2282,.F.);
#2282 = EDGE_CURVE('',#2283,#2274,#2285,.T.);
#2283 = VERTEX_POINT('',#2284);
#2284 = CARTESIAN_POINT('',(-22.86,16.405,-24.4));
#2285 = CIRCLE('',#2286,1.375);
#2286 = AXIS2_PLACEMENT_3D('',#2287,#2288,#2289);
#2287 = CARTESIAN_POINT('',(-22.86,17.78,-24.4));
#2288 = DIRECTION('',(0.,0.,1.));
#2289 = DIRECTION('',(1.,0.,-0.));
#2290 = ORIENTED_EDGE('',*,*,#2291,.T.);
#2291 = EDGE_CURVE('',#2283,#2257,#2292,.T.);
#2292 = LINE('',#2293,#2294);
#2293 = CARTESIAN_POINT('',(-33.21,16.405,-24.4));
#2294 = VECTOR('',#2295,1.);
#2295 = DIRECTION('',(-1.,-0.,0.));
#2296 = FACE_BOUND('',#2297,.T.);
#2297 = EDGE_LOOP('',(#2298,#2309,#2317,#2326));
#2298 = ORIENTED_EDGE('',*,*,#2299,.F.);
#2299 = EDGE_CURVE('',#2300,#2302,#2304,.T.);
#2300 = VERTEX_POINT('',#2301);
#2301 = CARTESIAN_POINT('',(-16.405,22.86,-24.4));
#2302 = VERTEX_POINT('',#2303);
#2303 = CARTESIAN_POINT('',(-19.155,22.86,-24.4));
#2304 = CIRCLE('',#2305,1.375);
#2305 = AXIS2_PLACEMENT_3D('',#2306,#2307,#2308);
#2306 = CARTESIAN_POINT('',(-17.78,22.86,-24.4));
#2307 = DIRECTION('',(0.,0.,1.));
#2308 = DIRECTION('',(1.,0.,-0.));
#2309 = ORIENTED_EDGE('',*,*,#2310,.F.);
#2310 = EDGE_CURVE('',#2311,#2300,#2313,.T.);
#2311 = VERTEX_POINT('',#2312);
#2312 = CARTESIAN_POINT('',(-16.405,17.78,-24.4));
#2313 = LINE('',#2314,#2315);
#2314 = CARTESIAN_POINT('',(-16.405,-10.35,-24.4));
#2315 = VECTOR('',#2316,1.);
#2316 = DIRECTION('',(-0.,1.,0.));
#2317 = ORIENTED_EDGE('',*,*,#2318,.F.);
#2318 = EDGE_CURVE('',#2319,#2311,#2321,.T.);
#2319 = VERTEX_POINT('',#2320);
#2320 = CARTESIAN_POINT('',(-19.155,17.78,-24.4));
#2321 = CIRCLE('',#2322,1.375);
#2322 = AXIS2_PLACEMENT_3D('',#2323,#2324,#2325);
#2323 = CARTESIAN_POINT('',(-17.78,17.78,-24.4));
#2324 = DIRECTION('',(0.,0.,1.));
#2325 = DIRECTION('',(1.,0.,-0.));
#2326 = ORIENTED_EDGE('',*,*,#2327,.T.);
#2327 = EDGE_CURVE('',#2319,#2302,#2328,.T.);
#2328 = LINE('',#2329,#2330);
#2329 = CARTESIAN_POINT('',(-19.155,-10.35,-24.4));
#2330 = VECTOR('',#2331,1.);
#2331 = DIRECTION('',(-0.,1.,0.));
#2332 = FACE_BOUND('',#2333,.T.);
#2333 = EDGE_LOOP('',(#2334,#2345,#2353,#2362));
#2334 = ORIENTED_EDGE('',*,*,#2335,.F.);
#2335 = EDGE_CURVE('',#2336,#2338,#2340,.T.);
#2336 = VERTEX_POINT('',#2337);
#2337 = CARTESIAN_POINT('',(-26.565,27.94,-24.4));
#2338 = VERTEX_POINT('',#2339);
#2339 = CARTESIAN_POINT('',(-29.315,27.94,-24.4));
#2340 = CIRCLE('',#2341,1.375);
#2341 = AXIS2_PLACEMENT_3D('',#2342,#2343,#2344);
#2342 = CARTESIAN_POINT('',(-27.94,27.94,-24.4));
#2343 = DIRECTION('',(0.,0.,1.));
#2344 = DIRECTION('',(1.,0.,-0.));
#2345 = ORIENTED_EDGE('',*,*,#2346,.F.);
#2346 = EDGE_CURVE('',#2347,#2336,#2349,.T.);
#2347 = VERTEX_POINT('',#2348);
#2348 = CARTESIAN_POINT('',(-26.565,22.86,-24.4));
#2349 = LINE('',#2350,#2351);
#2350 = CARTESIAN_POINT('',(-26.565,-7.81,-24.4));
#2351 = VECTOR('',#2352,1.);
#2352 = DIRECTION('',(-0.,1.,0.));
#2353 = ORIENTED_EDGE('',*,*,#2354,.F.);
#2354 = EDGE_CURVE('',#2355,#2347,#2357,.T.);
#2355 = VERTEX_POINT('',#2356);
#2356 = CARTESIAN_POINT('',(-29.315,22.86,-24.4));
#2357 = CIRCLE('',#2358,1.375);
#2358 = AXIS2_PLACEMENT_3D('',#2359,#2360,#2361);
#2359 = CARTESIAN_POINT('',(-27.94,22.86,-24.4));
#2360 = DIRECTION('',(0.,0.,1.));
#2361 = DIRECTION('',(1.,0.,-0.));
#2362 = ORIENTED_EDGE('',*,*,#2363,.T.);
#2363 = EDGE_CURVE('',#2355,#2338,#2364,.T.);
#2364 = LINE('',#2365,#2366);
#2365 = CARTESIAN_POINT('',(-29.315,-7.81,-24.4));
#2366 = VECTOR('',#2367,1.);
#2367 = DIRECTION('',(-0.,1.,0.));
#2368 = FACE_BOUND('',#2369,.T.);
#2369 = EDGE_LOOP('',(#2370));
#2370 = ORIENTED_EDGE('',*,*,#2371,.F.);
#2371 = EDGE_CURVE('',#2372,#2372,#2374,.T.);
#2372 = VERTEX_POINT('',#2373);
#2373 = CARTESIAN_POINT('',(-21.485,22.86,-24.4));
#2374 = CIRCLE('',#2375,1.375);
#2375 = AXIS2_PLACEMENT_3D('',#2376,#2377,#2378);
#2376 = CARTESIAN_POINT('',(-22.86,22.86,-24.4));
#2377 = DIRECTION('',(0.,0.,1.));
#2378 = DIRECTION('',(1.,0.,-0.));
#2379 = FACE_BOUND('',#2380,.T.);
#2380 = EDGE_LOOP('',(#2381,#2392,#2400,#2409,#2418));
#2381 = ORIENTED_EDGE('',*,*,#2382,.F.);
#2382 = EDGE_CURVE('',#2383,#2385,#2387,.T.);
#2383 = VERTEX_POINT('',#2384);
#2384 = CARTESIAN_POINT('',(-22.86,29.315,-24.4));
#2385 = VERTEX_POINT('',#2386);
#2386 = CARTESIAN_POINT('',(-22.86,26.565,-24.4));
#2387 = CIRCLE('',#2388,1.375);
#2388 = AXIS2_PLACEMENT_3D('',#2389,#2390,#2391);
#2389 = CARTESIAN_POINT('',(-22.86,27.94,-24.4));
#2390 = DIRECTION('',(0.,0.,1.));
#2391 = DIRECTION('',(1.,0.,-0.));
#2392 = ORIENTED_EDGE('',*,*,#2393,.F.);
#2393 = EDGE_CURVE('',#2394,#2383,#2396,.T.);
#2394 = VERTEX_POINT('',#2395);
#2395 = CARTESIAN_POINT('',(-17.78,29.315,-24.4));
#2396 = LINE('',#2397,#2398);
#2397 = CARTESIAN_POINT('',(-30.67,29.315,-24.4));
#2398 = VECTOR('',#2399,1.);
#2399 = DIRECTION('',(-1.,-0.,0.));
#2400 = ORIENTED_EDGE('',*,*,#2401,.F.);
#2401 = EDGE_CURVE('',#2402,#2394,#2404,.T.);
#2402 = VERTEX_POINT('',#2403);
#2403 = CARTESIAN_POINT('',(-16.405,27.94,-24.4));
#2404 = CIRCLE('',#2405,1.375);
#2405 = AXIS2_PLACEMENT_3D('',#2406,#2407,#2408);
#2406 = CARTESIAN_POINT('',(-17.78,27.94,-24.4));
#2407 = DIRECTION('',(0.,0.,1.));
#2408 = DIRECTION('',(1.,0.,-0.));
#2409 = ORIENTED_EDGE('',*,*,#2410,.F.);
#2410 = EDGE_CURVE('',#2411,#2402,#2413,.T.);
#2411 = VERTEX_POINT('',#2412);
#2412 = CARTESIAN_POINT('',(-17.78,26.565,-24.4));
#2413 = CIRCLE('',#2414,1.375);
#2414 = AXIS2_PLACEMENT_3D('',#2415,#2416,#2417);
#2415 = CARTESIAN_POINT('',(-17.78,27.94,-24.4));
#2416 = DIRECTION('',(0.,0.,1.));
#2417 = DIRECTION('',(1.,0.,-0.));
#2418 = ORIENTED_EDGE('',*,*,#2419,.T.);
#2419 = EDGE_CURVE('',#2411,#2385,#2420,.T.);
#2420 = LINE('',#2421,#2422);
#2421 = CARTESIAN_POINT('',(-30.67,26.565,-24.4));
#2422 = VECTOR('',#2423,1.);
#2423 = DIRECTION('',(-1.,-0.,0.));
#2424 = FACE_BOUND('',#2425,.T.);
#2425 = EDGE_LOOP('',(#2426,#2437,#2445,#2454,#2463));
#2426 = ORIENTED_EDGE('',*,*,#2427,.F.);
#2427 = EDGE_CURVE('',#2428,#2430,#2432,.T.);
#2428 = VERTEX_POINT('',#2429);
#2429 = CARTESIAN_POINT('',(-12.7,19.155,-24.4));
#2430 = VERTEX_POINT('',#2431);
#2431 = CARTESIAN_POINT('',(-12.7,16.405,-24.4));
#2432 = CIRCLE('',#2433,1.375);
#2433 = AXIS2_PLACEMENT_3D('',#2434,#2435,#2436);
#2434 = CARTESIAN_POINT('',(-12.7,17.78,-24.4));
#2435 = DIRECTION('',(0.,0.,1.));
#2436 = DIRECTION('',(1.,0.,-0.));
#2437 = ORIENTED_EDGE('',*,*,#2438,.F.);
#2438 = EDGE_CURVE('',#2439,#2428,#2441,.T.);
#2439 = VERTEX_POINT('',#2440);
#2440 = CARTESIAN_POINT('',(-7.62,19.155,-24.4));
#2441 = LINE('',#2442,#2443);
#2442 = CARTESIAN_POINT('',(-25.59,19.155,-24.4));
#2443 = VECTOR('',#2444,1.);
#2444 = DIRECTION('',(-1.,-0.,0.));
#2445 = ORIENTED_EDGE('',*,*,#2446,.F.);
#2446 = EDGE_CURVE('',#2447,#2439,#2449,.T.);
#2447 = VERTEX_POINT('',#2448);
#2448 = CARTESIAN_POINT('',(-6.245,17.78,-24.4));
#2449 = CIRCLE('',#2450,1.375);
#2450 = AXIS2_PLACEMENT_3D('',#2451,#2452,#2453);
#2451 = CARTESIAN_POINT('',(-7.62,17.78,-24.4));
#2452 = DIRECTION('',(0.,0.,1.));
#2453 = DIRECTION('',(1.,0.,-0.));
#2454 = ORIENTED_EDGE('',*,*,#2455,.F.);
#2455 = EDGE_CURVE('',#2456,#2447,#2458,.T.);
#2456 = VERTEX_POINT('',#2457);
#2457 = CARTESIAN_POINT('',(-7.62,16.405,-24.4));
#2458 = CIRCLE('',#2459,1.375);
#2459 = AXIS2_PLACEMENT_3D('',#2460,#2461,#2462);
#2460 = CARTESIAN_POINT('',(-7.62,17.78,-24.4));
#2461 = DIRECTION('',(0.,0.,1.));
#2462 = DIRECTION('',(1.,0.,-0.));
#2463 = ORIENTED_EDGE('',*,*,#2464,.T.);
#2464 = EDGE_CURVE('',#2456,#2430,#2465,.T.);
#2465 = LINE('',#2466,#2467);
#2466 = CARTESIAN_POINT('',(-25.59,16.405,-24.4));
#2467 = VECTOR('',#2468,1.);
#2468 = DIRECTION('',(-1.,-0.,0.));
#2469 = FACE_BOUND('',#2470,.T.);
#2470 = EDGE_LOOP('',(#2471,#2482,#2490,#2499));
#2471 = ORIENTED_EDGE('',*,*,#2472,.F.);
#2472 = EDGE_CURVE('',#2473,#2475,#2477,.T.);
#2473 = VERTEX_POINT('',#2474);
#2474 = CARTESIAN_POINT('',(-1.165,22.86,-24.4));
#2475 = VERTEX_POINT('',#2476);
#2476 = CARTESIAN_POINT('',(-3.915,22.86,-24.4));
#2477 = CIRCLE('',#2478,1.375);
#2478 = AXIS2_PLACEMENT_3D('',#2479,#2480,#2481);
#2479 = CARTESIAN_POINT('',(-2.54,22.86,-24.4));
#2480 = DIRECTION('',(0.,0.,1.));
#2481 = DIRECTION('',(1.,0.,-0.));
#2482 = ORIENTED_EDGE('',*,*,#2483,.F.);
#2483 = EDGE_CURVE('',#2484,#2473,#2486,.T.);
#2484 = VERTEX_POINT('',#2485);
#2485 = CARTESIAN_POINT('',(-1.165,17.78,-24.4));
#2486 = LINE('',#2487,#2488);
#2487 = CARTESIAN_POINT('',(-1.165,-10.35,-24.4));
#2488 = VECTOR('',#2489,1.);
#2489 = DIRECTION('',(-0.,1.,0.));
#2490 = ORIENTED_EDGE('',*,*,#2491,.F.);
#2491 = EDGE_CURVE('',#2492,#2484,#2494,.T.);
#2492 = VERTEX_POINT('',#2493);
#2493 = CARTESIAN_POINT('',(-3.915,17.78,-24.4));
#2494 = CIRCLE('',#2495,1.375);
#2495 = AXIS2_PLACEMENT_3D('',#2496,#2497,#2498);
#2496 = CARTESIAN_POINT('',(-2.54,17.78,-24.4));
#2497 = DIRECTION('',(0.,0.,1.));
#2498 = DIRECTION('',(1.,0.,-0.));
#2499 = ORIENTED_EDGE('',*,*,#2500,.T.);
#2500 = EDGE_CURVE('',#2492,#2475,#2501,.T.);
#2501 = LINE('',#2502,#2503);
#2502 = CARTESIAN_POINT('',(-3.915,-10.35,-24.4));
#2503 = VECTOR('',#2504,1.);
#2504 = DIRECTION('',(-0.,1.,0.));
#2505 = FACE_BOUND('',#2506,.T.);
#2506 = EDGE_LOOP('',(#2507,#2518,#2526,#2535));
#2507 = ORIENTED_EDGE('',*,*,#2508,.F.);
#2508 = EDGE_CURVE('',#2509,#2511,#2513,.T.);
#2509 = VERTEX_POINT('',#2510);
#2510 = CARTESIAN_POINT('',(-11.325,27.94,-24.4));
#2511 = VERTEX_POINT('',#2512);
#2512 = CARTESIAN_POINT('',(-14.075,27.94,-24.4));
#2513 = CIRCLE('',#2514,1.375);
#2514 = AXIS2_PLACEMENT_3D('',#2515,#2516,#2517);
#2515 = CARTESIAN_POINT('',(-12.7,27.94,-24.4));
#2516 = DIRECTION('',(0.,0.,1.));
#2517 = DIRECTION('',(1.,0.,-0.));
#2518 = ORIENTED_EDGE('',*,*,#2519,.F.);
#2519 = EDGE_CURVE('',#2520,#2509,#2522,.T.);
#2520 = VERTEX_POINT('',#2521);
#2521 = CARTESIAN_POINT('',(-11.325,22.86,-24.4));
#2522 = LINE('',#2523,#2524);
#2523 = CARTESIAN_POINT('',(-11.325,-7.81,-24.4));
#2524 = VECTOR('',#2525,1.);
#2525 = DIRECTION('',(-0.,1.,0.));
#2526 = ORIENTED_EDGE('',*,*,#2527,.F.);
#2527 = EDGE_CURVE('',#2528,#2520,#2530,.T.);
#2528 = VERTEX_POINT('',#2529);
#2529 = CARTESIAN_POINT('',(-14.075,22.86,-24.4));
#2530 = CIRCLE('',#2531,1.375);
#2531 = AXIS2_PLACEMENT_3D('',#2532,#2533,#2534);
#2532 = CARTESIAN_POINT('',(-12.7,22.86,-24.4));
#2533 = DIRECTION('',(0.,0.,1.));
#2534 = DIRECTION('',(1.,0.,-0.));
#2535 = ORIENTED_EDGE('',*,*,#2536,.T.);
#2536 = EDGE_CURVE('',#2528,#2511,#2537,.T.);
#2537 = LINE('',#2538,#2539);
#2538 = CARTESIAN_POINT('',(-14.075,-7.81,-24.4));
#2539 = VECTOR('',#2540,1.);
#2540 = DIRECTION('',(-0.,1.,0.));
#2541 = FACE_BOUND('',#2542,.T.);
#2542 = EDGE_LOOP('',(#2543));
#2543 = ORIENTED_EDGE('',*,*,#2544,.F.);
#2544 = EDGE_CURVE('',#2545,#2545,#2547,.T.);
#2545 = VERTEX_POINT('',#2546);
#2546 = CARTESIAN_POINT('',(-6.245,22.86,-24.4));
#2547 = CIRCLE('',#2548,1.375);
#2548 = AXIS2_PLACEMENT_3D('',#2549,#2550,#2551);
#2549 = CARTESIAN_POINT('',(-7.62,22.86,-24.4));
#2550 = DIRECTION('',(0.,0.,1.));
#2551 = DIRECTION('',(1.,0.,-0.));
#2552 = FACE_BOUND('',#2553,.T.);
#2553 = EDGE_LOOP('',(#2554,#2565,#2573,#2582,#2591));
#2554 = ORIENTED_EDGE('',*,*,#2555,.F.);
#2555 = EDGE_CURVE('',#2556,#2558,#2560,.T.);
#2556 = VERTEX_POINT('',#2557);
#2557 = CARTESIAN_POINT('',(-7.62,29.315,-24.4));
#2558 = VERTEX_POINT('',#2559);
#2559 = CARTESIAN_POINT('',(-7.62,26.565,-24.4));
#2560 = CIRCLE('',#2561,1.375);
#2561 = AXIS2_PLACEMENT_3D('',#2562,#2563,#2564);
#2562 = CARTESIAN_POINT('',(-7.62,27.94,-24.4));
#2563 = DIRECTION('',(0.,0.,1.));
#2564 = DIRECTION('',(1.,0.,-0.));
#2565 = ORIENTED_EDGE('',*,*,#2566,.F.);
#2566 = EDGE_CURVE('',#2567,#2556,#2569,.T.);
#2567 = VERTEX_POINT('',#2568);
#2568 = CARTESIAN_POINT('',(-2.54,29.315,-24.4));
#2569 = LINE('',#2570,#2571);
#2570 = CARTESIAN_POINT('',(-23.05,29.315,-24.4));
#2571 = VECTOR('',#2572,1.);
#2572 = DIRECTION('',(-1.,-0.,0.));
#2573 = ORIENTED_EDGE('',*,*,#2574,.F.);
#2574 = EDGE_CURVE('',#2575,#2567,#2577,.T.);
#2575 = VERTEX_POINT('',#2576);
#2576 = CARTESIAN_POINT('',(-1.165,27.94,-24.4));
#2577 = CIRCLE('',#2578,1.375);
#2578 = AXIS2_PLACEMENT_3D('',#2579,#2580,#2581);
#2579 = CARTESIAN_POINT('',(-2.54,27.94,-24.4));
#2580 = DIRECTION('',(0.,0.,1.));
#2581 = DIRECTION('',(1.,0.,-0.));
#2582 = ORIENTED_EDGE('',*,*,#2583,.F.);
#2583 = EDGE_CURVE('',#2584,#2575,#2586,.T.);
#2584 = VERTEX_POINT('',#2585);
#2585 = CARTESIAN_POINT('',(-2.54,26.565,-24.4));
#2586 = CIRCLE('',#2587,1.375);
#2587 = AXIS2_PLACEMENT_3D('',#2588,#2589,#2590);
#2588 = CARTESIAN_POINT('',(-2.54,27.94,-24.4));
#2589 = DIRECTION('',(0.,0.,1.));
#2590 = DIRECTION('',(1.,0.,-0.));
#2591 = ORIENTED_EDGE('',*,*,#2592,.T.);
#2592 = EDGE_CURVE('',#2584,#2558,#2593,.T.);
#2593 = LINE('',#2594,#2595);
#2594 = CARTESIAN_POINT('',(-23.05,26.565,-24.4));
#2595 = VECTOR('',#2596,1.);
#2596 = DIRECTION('',(-1.,-0.,0.));
#2597 = FACE_BOUND('',#2598,.T.);
#2598 = EDGE_LOOP('',(#2599,#2610,#2618,#2627,#2636));
#2599 = ORIENTED_EDGE('',*,*,#2600,.F.);
#2600 = EDGE_CURVE('',#2601,#2603,#2605,.T.);
#2601 = VERTEX_POINT('',#2602);
#2602 = CARTESIAN_POINT('',(2.54,3.915,-24.4));
#2603 = VERTEX_POINT('',#2604);
#2604 = CARTESIAN_POINT('',(2.54,1.165,-24.4));
#2605 = CIRCLE('',#2606,1.375);
#2606 = AXIS2_PLACEMENT_3D('',#2607,#2608,#2609);
#2607 = CARTESIAN_POINT('',(2.54,2.54,-24.4));
#2608 = DIRECTION('',(0.,0.,1.));
#2609 = DIRECTION('',(1.,0.,-0.));
#2610 = ORIENTED_EDGE('',*,*,#2611,.F.);
#2611 = EDGE_CURVE('',#2612,#2601,#2614,.T.);
#2612 = VERTEX_POINT('',#2613);
#2613 = CARTESIAN_POINT('',(7.62,3.915,-24.4));
#2614 = LINE('',#2615,#2616);
#2615 = CARTESIAN_POINT('',(-17.97,3.915,-24.4));
#2616 = VECTOR('',#2617,1.);
#2617 = DIRECTION('',(-1.,-0.,0.));
#2618 = ORIENTED_EDGE('',*,*,#2619,.F.);
#2619 = EDGE_CURVE('',#2620,#2612,#2622,.T.);
#2620 = VERTEX_POINT('',#2621);
#2621 = CARTESIAN_POINT('',(8.995,2.54,-24.4));
#2622 = CIRCLE('',#2623,1.375);
#2623 = AXIS2_PLACEMENT_3D('',#2624,#2625,#2626);
#2624 = CARTESIAN_POINT('',(7.62,2.54,-24.4));
#2625 = DIRECTION('',(0.,0.,1.));
#2626 = DIRECTION('',(1.,0.,-0.));
#2627 = ORIENTED_EDGE('',*,*,#2628,.F.);
#2628 = EDGE_CURVE('',#2629,#2620,#2631,.T.);
#2629 = VERTEX_POINT('',#2630);
#2630 = CARTESIAN_POINT('',(7.62,1.165,-24.4));
#2631 = CIRCLE('',#2632,1.375);
#2632 = AXIS2_PLACEMENT_3D('',#2633,#2634,#2635);
#2633 = CARTESIAN_POINT('',(7.62,2.54,-24.4));
#2634 = DIRECTION('',(0.,0.,1.));
#2635 = DIRECTION('',(1.,0.,-0.));
#2636 = ORIENTED_EDGE('',*,*,#2637,.T.);
#2637 = EDGE_CURVE('',#2629,#2603,#2638,.T.);
#2638 = LINE('',#2639,#2640);
#2639 = CARTESIAN_POINT('',(-17.97,1.165,-24.4));
#2640 = VECTOR('',#2641,1.);
#2641 = DIRECTION('',(-1.,-0.,0.));
#2642 = FACE_BOUND('',#2643,.T.);
#2643 = EDGE_LOOP('',(#2644,#2655,#2663,#2672));
#2644 = ORIENTED_EDGE('',*,*,#2645,.F.);
#2645 = EDGE_CURVE('',#2646,#2648,#2650,.T.);
#2646 = VERTEX_POINT('',#2647);
#2647 = CARTESIAN_POINT('',(14.075,7.62,-24.4));
#2648 = VERTEX_POINT('',#2649);
#2649 = CARTESIAN_POINT('',(11.325,7.62,-24.4));
#2650 = CIRCLE('',#2651,1.375);
#2651 = AXIS2_PLACEMENT_3D('',#2652,#2653,#2654);
#2652 = CARTESIAN_POINT('',(12.7,7.62,-24.4));
#2653 = DIRECTION('',(0.,0.,1.));
#2654 = DIRECTION('',(1.,0.,-0.));
#2655 = ORIENTED_EDGE('',*,*,#2656,.F.);
#2656 = EDGE_CURVE('',#2657,#2646,#2659,.T.);
#2657 = VERTEX_POINT('',#2658);
#2658 = CARTESIAN_POINT('',(14.075,2.54,-24.4));
#2659 = LINE('',#2660,#2661);
#2660 = CARTESIAN_POINT('',(14.075,-17.97,-24.4));
#2661 = VECTOR('',#2662,1.);
#2662 = DIRECTION('',(-0.,1.,0.));
#2663 = ORIENTED_EDGE('',*,*,#2664,.F.);
#2664 = EDGE_CURVE('',#2665,#2657,#2667,.T.);
#2665 = VERTEX_POINT('',#2666);
#2666 = CARTESIAN_POINT('',(11.325,2.54,-24.4));
#2667 = CIRCLE('',#2668,1.375);
#2668 = AXIS2_PLACEMENT_3D('',#2669,#2670,#2671);
#2669 = CARTESIAN_POINT('',(12.7,2.54,-24.4));
#2670 = DIRECTION('',(0.,0.,1.));
#2671 = DIRECTION('',(1.,0.,-0.));
#2672 = ORIENTED_EDGE('',*,*,#2673,.T.);
#2673 = EDGE_CURVE('',#2665,#2648,#2674,.T.);
#2674 = LINE('',#2675,#2676);
#2675 = CARTESIAN_POINT('',(11.325,-17.97,-24.4));
#2676 = VECTOR('',#2677,1.);
#2677 = DIRECTION('',(-0.,1.,0.));
#2678 = FACE_BOUND('',#2679,.T.);
#2679 = EDGE_LOOP('',(#2680,#2691,#2699,#2708));
#2680 = ORIENTED_EDGE('',*,*,#2681,.F.);
#2681 = EDGE_CURVE('',#2682,#2684,#2686,.T.);
#2682 = VERTEX_POINT('',#2683);
#2683 = CARTESIAN_POINT('',(3.915,12.7,-24.4));
#2684 = VERTEX_POINT('',#2685);
#2685 = CARTESIAN_POINT('',(1.165,12.7,-24.4));
#2686 = CIRCLE('',#2687,1.375);
#2687 = AXIS2_PLACEMENT_3D('',#2688,#2689,#2690);
#2688 = CARTESIAN_POINT('',(2.54,12.7,-24.4));
#2689 = DIRECTION('',(0.,0.,1.));
#2690 = DIRECTION('',(1.,0.,-0.));
#2691 = ORIENTED_EDGE('',*,*,#2692,.F.);
#2692 = EDGE_CURVE('',#2693,#2682,#2695,.T.);
#2693 = VERTEX_POINT('',#2694);
#2694 = CARTESIAN_POINT('',(3.915,7.62,-24.4));
#2695 = LINE('',#2696,#2697);
#2696 = CARTESIAN_POINT('',(3.915,-15.43,-24.4));
#2697 = VECTOR('',#2698,1.);
#2698 = DIRECTION('',(-0.,1.,0.));
#2699 = ORIENTED_EDGE('',*,*,#2700,.F.);
#2700 = EDGE_CURVE('',#2701,#2693,#2703,.T.);
#2701 = VERTEX_POINT('',#2702);
#2702 = CARTESIAN_POINT('',(1.165,7.62,-24.4));
#2703 = CIRCLE('',#2704,1.375);
#2704 = AXIS2_PLACEMENT_3D('',#2705,#2706,#2707);
#2705 = CARTESIAN_POINT('',(2.54,7.62,-24.4));
#2706 = DIRECTION('',(0.,0.,1.));
#2707 = DIRECTION('',(1.,0.,-0.));
#2708 = ORIENTED_EDGE('',*,*,#2709,.T.);
#2709 = EDGE_CURVE('',#2701,#2684,#2710,.T.);
#2710 = LINE('',#2711,#2712);
#2711 = CARTESIAN_POINT('',(1.165,-15.43,-24.4));
#2712 = VECTOR('',#2713,1.);
#2713 = DIRECTION('',(-0.,1.,0.));
#2714 = FACE_BOUND('',#2715,.T.);
#2715 = EDGE_LOOP('',(#2716));
#2716 = ORIENTED_EDGE('',*,*,#2717,.F.);
#2717 = EDGE_CURVE('',#2718,#2718,#2720,.T.);
#2718 = VERTEX_POINT('',#2719);
#2719 = CARTESIAN_POINT('',(8.995,7.62,-24.4));
#2720 = CIRCLE('',#2721,1.375);
#2721 = AXIS2_PLACEMENT_3D('',#2722,#2723,#2724);
#2722 = CARTESIAN_POINT('',(7.62,7.62,-24.4));
#2723 = DIRECTION('',(0.,0.,1.));
#2724 = DIRECTION('',(1.,0.,-0.));
#2725 = FACE_BOUND('',#2726,.T.);
#2726 = EDGE_LOOP('',(#2727,#2738,#2746,#2755,#2764));
#2727 = ORIENTED_EDGE('',*,*,#2728,.F.);
#2728 = EDGE_CURVE('',#2729,#2731,#2733,.T.);
#2729 = VERTEX_POINT('',#2730);
#2730 = CARTESIAN_POINT('',(7.62,14.075,-24.4));
#2731 = VERTEX_POINT('',#2732);
#2732 = CARTESIAN_POINT('',(7.62,11.325,-24.4));
#2733 = CIRCLE('',#2734,1.375);
#2734 = AXIS2_PLACEMENT_3D('',#2735,#2736,#2737);
#2735 = CARTESIAN_POINT('',(7.62,12.7,-24.4));
#2736 = DIRECTION('',(0.,0.,1.));
#2737 = DIRECTION('',(1.,0.,-0.));
#2738 = ORIENTED_EDGE('',*,*,#2739,.F.);
#2739 = EDGE_CURVE('',#2740,#2729,#2742,.T.);
#2740 = VERTEX_POINT('',#2741);
#2741 = CARTESIAN_POINT('',(12.7,14.075,-24.4));
#2742 = LINE('',#2743,#2744);
#2743 = CARTESIAN_POINT('',(-15.43,14.075,-24.4));
#2744 = VECTOR('',#2745,1.);
#2745 = DIRECTION('',(-1.,-0.,0.));
#2746 = ORIENTED_EDGE('',*,*,#2747,.F.);
#2747 = EDGE_CURVE('',#2748,#2740,#2750,.T.);
#2748 = VERTEX_POINT('',#2749);
#2749 = CARTESIAN_POINT('',(14.075,12.7,-24.4));
#2750 = CIRCLE('',#2751,1.375);
#2751 = AXIS2_PLACEMENT_3D('',#2752,#2753,#2754);
#2752 = CARTESIAN_POINT('',(12.7,12.7,-24.4));
#2753 = DIRECTION('',(0.,0.,1.));
#2754 = DIRECTION('',(1.,0.,-0.));
#2755 = ORIENTED_EDGE('',*,*,#2756,.F.);
#2756 = EDGE_CURVE('',#2757,#2748,#2759,.T.);
#2757 = VERTEX_POINT('',#2758);
#2758 = CARTESIAN_POINT('',(12.7,11.325,-24.4));
#2759 = CIRCLE('',#2760,1.375);
#2760 = AXIS2_PLACEMENT_3D('',#2761,#2762,#2763);
#2761 = CARTESIAN_POINT('',(12.7,12.7,-24.4));
#2762 = DIRECTION('',(0.,0.,1.));
#2763 = DIRECTION('',(1.,0.,-0.));
#2764 = ORIENTED_EDGE('',*,*,#2765,.T.);
#2765 = EDGE_CURVE('',#2757,#2731,#2766,.T.);
#2766 = LINE('',#2767,#2768);
#2767 = CARTESIAN_POINT('',(-15.43,11.325,-24.4));
#2768 = VECTOR('',#2769,1.);
#2769 = DIRECTION('',(-1.,-0.,0.));
#2770 = FACE_BOUND('',#2771,.T.);
#2771 = EDGE_LOOP('',(#2772,#2783,#2791,#2800,#2809));
#2772 = ORIENTED_EDGE('',*,*,#2773,.F.);
#2773 = EDGE_CURVE('',#2774,#2776,#2778,.T.);
#2774 = VERTEX_POINT('',#2775);
#2775 = CARTESIAN_POINT('',(17.78,3.915,-24.4));
#2776 = VERTEX_POINT('',#2777);
#2777 = CARTESIAN_POINT('',(17.78,1.165,-24.4));
#2778 = CIRCLE('',#2779,1.375);
#2779 = AXIS2_PLACEMENT_3D('',#2780,#2781,#2782);
#2780 = CARTESIAN_POINT('',(17.78,2.54,-24.4));
#2781 = DIRECTION('',(0.,0.,1.));
#2782 = DIRECTION('',(1.,0.,-0.));
#2783 = ORIENTED_EDGE('',*,*,#2784,.F.);
#2784 = EDGE_CURVE('',#2785,#2774,#2787,.T.);
#2785 = VERTEX_POINT('',#2786);
#2786 = CARTESIAN_POINT('',(22.86,3.915,-24.4));
#2787 = LINE('',#2788,#2789);
#2788 = CARTESIAN_POINT('',(-10.35,3.915,-24.4));
#2789 = VECTOR('',#2790,1.);
#2790 = DIRECTION('',(-1.,-0.,0.));
#2791 = ORIENTED_EDGE('',*,*,#2792,.F.);
#2792 = EDGE_CURVE('',#2793,#2785,#2795,.T.);
#2793 = VERTEX_POINT('',#2794);
#2794 = CARTESIAN_POINT('',(24.235,2.54,-24.4));
#2795 = CIRCLE('',#2796,1.375);
#2796 = AXIS2_PLACEMENT_3D('',#2797,#2798,#2799);
#2797 = CARTESIAN_POINT('',(22.86,2.54,-24.4));
#2798 = DIRECTION('',(0.,0.,1.));
#2799 = DIRECTION('',(1.,0.,-0.));
#2800 = ORIENTED_EDGE('',*,*,#2801,.F.);
#2801 = EDGE_CURVE('',#2802,#2793,#2804,.T.);
#2802 = VERTEX_POINT('',#2803);
#2803 = CARTESIAN_POINT('',(22.86,1.165,-24.4));
#2804 = CIRCLE('',#2805,1.375);
#2805 = AXIS2_PLACEMENT_3D('',#2806,#2807,#2808);
#2806 = CARTESIAN_POINT('',(22.86,2.54,-24.4));
#2807 = DIRECTION('',(0.,0.,1.));
#2808 = DIRECTION('',(1.,0.,-0.));
#2809 = ORIENTED_EDGE('',*,*,#2810,.T.);
#2810 = EDGE_CURVE('',#2802,#2776,#2811,.T.);
#2811 = LINE('',#2812,#2813);
#2812 = CARTESIAN_POINT('',(-10.35,1.165,-24.4));
#2813 = VECTOR('',#2814,1.);
#2814 = DIRECTION('',(-1.,-0.,0.));
#2815 = FACE_BOUND('',#2816,.T.);
#2816 = EDGE_LOOP('',(#2817,#2828,#2836,#2845));
#2817 = ORIENTED_EDGE('',*,*,#2818,.F.);
#2818 = EDGE_CURVE('',#2819,#2821,#2823,.T.);
#2819 = VERTEX_POINT('',#2820);
#2820 = CARTESIAN_POINT('',(29.315,7.62,-24.4));
#2821 = VERTEX_POINT('',#2822);
#2822 = CARTESIAN_POINT('',(26.565,7.62,-24.4));
#2823 = CIRCLE('',#2824,1.375);
#2824 = AXIS2_PLACEMENT_3D('',#2825,#2826,#2827);
#2825 = CARTESIAN_POINT('',(27.94,7.62,-24.4));
#2826 = DIRECTION('',(0.,0.,1.));
#2827 = DIRECTION('',(1.,0.,-0.));
#2828 = ORIENTED_EDGE('',*,*,#2829,.F.);
#2829 = EDGE_CURVE('',#2830,#2819,#2832,.T.);
#2830 = VERTEX_POINT('',#2831);
#2831 = CARTESIAN_POINT('',(29.315,2.54,-24.4));
#2832 = LINE('',#2833,#2834);
#2833 = CARTESIAN_POINT('',(29.315,-17.97,-24.4));
#2834 = VECTOR('',#2835,1.);
#2835 = DIRECTION('',(-0.,1.,0.));
#2836 = ORIENTED_EDGE('',*,*,#2837,.F.);
#2837 = EDGE_CURVE('',#2838,#2830,#2840,.T.);
#2838 = VERTEX_POINT('',#2839);
#2839 = CARTESIAN_POINT('',(26.565,2.54,-24.4));
#2840 = CIRCLE('',#2841,1.375);
#2841 = AXIS2_PLACEMENT_3D('',#2842,#2843,#2844);
#2842 = CARTESIAN_POINT('',(27.94,2.54,-24.4));
#2843 = DIRECTION('',(0.,0.,1.));
#2844 = DIRECTION('',(1.,0.,-0.));
#2845 = ORIENTED_EDGE('',*,*,#2846,.T.);
#2846 = EDGE_CURVE('',#2838,#2821,#2847,.T.);
#2847 = LINE('',#2848,#2849);
#2848 = CARTESIAN_POINT('',(26.565,-17.97,-24.4));
#2849 = VECTOR('',#2850,1.);
#2850 = DIRECTION('',(-0.,1.,0.));
#2851 = FACE_BOUND('',#2852,.T.);
#2852 = EDGE_LOOP('',(#2853,#2864,#2872,#2881));
#2853 = ORIENTED_EDGE('',*,*,#2854,.F.);
#2854 = EDGE_CURVE('',#2855,#2857,#2859,.T.);
#2855 = VERTEX_POINT('',#2856);
#2856 = CARTESIAN_POINT('',(19.155,12.7,-24.4));
#2857 = VERTEX_POINT('',#2858);
#2858 = CARTESIAN_POINT('',(16.405,12.7,-24.4));
#2859 = CIRCLE('',#2860,1.375);
#2860 = AXIS2_PLACEMENT_3D('',#2861,#2862,#2863);
#2861 = CARTESIAN_POINT('',(17.78,12.7,-24.4));
#2862 = DIRECTION('',(0.,0.,1.));
#2863 = DIRECTION('',(1.,0.,-0.));
#2864 = ORIENTED_EDGE('',*,*,#2865,.F.);
#2865 = EDGE_CURVE('',#2866,#2855,#2868,.T.);
#2866 = VERTEX_POINT('',#2867);
#2867 = CARTESIAN_POINT('',(19.155,7.62,-24.4));
#2868 = LINE('',#2869,#2870);
#2869 = CARTESIAN_POINT('',(19.155,-15.43,-24.4));
#2870 = VECTOR('',#2871,1.);
#2871 = DIRECTION('',(-0.,1.,0.));
#2872 = ORIENTED_EDGE('',*,*,#2873,.F.);
#2873 = EDGE_CURVE('',#2874,#2866,#2876,.T.);
#2874 = VERTEX_POINT('',#2875);
#2875 = CARTESIAN_POINT('',(16.405,7.62,-24.4));
#2876 = CIRCLE('',#2877,1.375);
#2877 = AXIS2_PLACEMENT_3D('',#2878,#2879,#2880);
#2878 = CARTESIAN_POINT('',(17.78,7.62,-24.4));
#2879 = DIRECTION('',(0.,0.,1.));
#2880 = DIRECTION('',(1.,0.,-0.));
#2881 = ORIENTED_EDGE('',*,*,#2882,.T.);
#2882 = EDGE_CURVE('',#2874,#2857,#2883,.T.);
#2883 = LINE('',#2884,#2885);
#2884 = CARTESIAN_POINT('',(16.405,-15.43,-24.4));
#2885 = VECTOR('',#2886,1.);
#2886 = DIRECTION('',(-0.,1.,0.));
#2887 = FACE_BOUND('',#2888,.T.);
#2888 = EDGE_LOOP('',(#2889));
#2889 = ORIENTED_EDGE('',*,*,#2890,.F.);
#2890 = EDGE_CURVE('',#2891,#2891,#2893,.T.);
#2891 = VERTEX_POINT('',#2892);
#2892 = CARTESIAN_POINT('',(24.235,7.62,-24.4));
#2893 = CIRCLE('',#2894,1.375);
#2894 = AXIS2_PLACEMENT_3D('',#2895,#2896,#2897);
#2895 = CARTESIAN_POINT('',(22.86,7.62,-24.4));
#2896 = DIRECTION('',(0.,0.,1.));
#2897 = DIRECTION('',(1.,0.,-0.));
#2898 = FACE_BOUND('',#2899,.T.);
#2899 = EDGE_LOOP('',(#2900,#2911,#2919,#2928,#2937));
#2900 = ORIENTED_EDGE('',*,*,#2901,.F.);
#2901 = EDGE_CURVE('',#2902,#2904,#2906,.T.);
#2902 = VERTEX_POINT('',#2903);
#2903 = CARTESIAN_POINT('',(22.86,14.075,-24.4));
#2904 = VERTEX_POINT('',#2905);
#2905 = CARTESIAN_POINT('',(22.86,11.325,-24.4));
#2906 = CIRCLE('',#2907,1.375);
#2907 = AXIS2_PLACEMENT_3D('',#2908,#2909,#2910);
#2908 = CARTESIAN_POINT('',(22.86,12.7,-24.4));
#2909 = DIRECTION('',(0.,0.,1.));
#2910 = DIRECTION('',(1.,0.,-0.));
#2911 = ORIENTED_EDGE('',*,*,#2912,.F.);
#2912 = EDGE_CURVE('',#2913,#2902,#2915,.T.);
#2913 = VERTEX_POINT('',#2914);
#2914 = CARTESIAN_POINT('',(27.94,14.075,-24.4));
#2915 = LINE('',#2916,#2917);
#2916 = CARTESIAN_POINT('',(-7.81,14.075,-24.4));
#2917 = VECTOR('',#2918,1.);
#2918 = DIRECTION('',(-1.,-0.,0.));
#2919 = ORIENTED_EDGE('',*,*,#2920,.F.);
#2920 = EDGE_CURVE('',#2921,#2913,#2923,.T.);
#2921 = VERTEX_POINT('',#2922);
#2922 = CARTESIAN_POINT('',(29.315,12.7,-24.4));
#2923 = CIRCLE('',#2924,1.375);
#2924 = AXIS2_PLACEMENT_3D('',#2925,#2926,#2927);
#2925 = CARTESIAN_POINT('',(27.94,12.7,-24.4));
#2926 = DIRECTION('',(0.,0.,1.));
#2927 = DIRECTION('',(1.,0.,-0.));
#2928 = ORIENTED_EDGE('',*,*,#2929,.F.);
#2929 = EDGE_CURVE('',#2930,#2921,#2932,.T.);
#2930 = VERTEX_POINT('',#2931);
#2931 = CARTESIAN_POINT('',(27.94,11.325,-24.4));
#2932 = CIRCLE('',#2933,1.375);
#2933 = AXIS2_PLACEMENT_3D('',#2934,#2935,#2936);
#2934 = CARTESIAN_POINT('',(27.94,12.7,-24.4));
#2935 = DIRECTION('',(0.,0.,1.));
#2936 = DIRECTION('',(1.,0.,-0.));
#2937 = ORIENTED_EDGE('',*,*,#2938,.T.);
#2938 = EDGE_CURVE('',#2930,#2904,#2939,.T.);
#2939 = LINE('',#2940,#2941);
#2940 = CARTESIAN_POINT('',(-7.81,11.325,-24.4));
#2941 = VECTOR('',#2942,1.);
#2942 = DIRECTION('',(-1.,-0.,0.));
#2943 = FACE_BOUND('',#2944,.T.);
#2944 = EDGE_LOOP('',(#2945,#2956,#2964,#2973,#2982));
#2945 = ORIENTED_EDGE('',*,*,#2946,.F.);
#2946 = EDGE_CURVE('',#2947,#2949,#2951,.T.);
#2947 = VERTEX_POINT('',#2948);
#2948 = CARTESIAN_POINT('',(2.54,19.155,-24.4));
#2949 = VERTEX_POINT('',#2950);
#2950 = CARTESIAN_POINT('',(2.54,16.405,-24.4));
#2951 = CIRCLE('',#2952,1.375);
#2952 = AXIS2_PLACEMENT_3D('',#2953,#2954,#2955);
#2953 = CARTESIAN_POINT('',(2.54,17.78,-24.4));
#2954 = DIRECTION('',(0.,0.,1.));
#2955 = DIRECTION('',(1.,0.,-0.));
#2956 = ORIENTED_EDGE('',*,*,#2957,.F.);
#2957 = EDGE_CURVE('',#2958,#2947,#2960,.T.);
#2958 = VERTEX_POINT('',#2959);
#2959 = CARTESIAN_POINT('',(7.62,19.155,-24.4));
#2960 = LINE('',#2961,#2962);
#2961 = CARTESIAN_POINT('',(-17.97,19.155,-24.4));
#2962 = VECTOR('',#2963,1.);
#2963 = DIRECTION('',(-1.,-0.,0.));
#2964 = ORIENTED_EDGE('',*,*,#2965,.F.);
#2965 = EDGE_CURVE('',#2966,#2958,#2968,.T.);
#2966 = VERTEX_POINT('',#2967);
#2967 = CARTESIAN_POINT('',(8.995,17.78,-24.4));
#2968 = CIRCLE('',#2969,1.375);
#2969 = AXIS2_PLACEMENT_3D('',#2970,#2971,#2972);
#2970 = CARTESIAN_POINT('',(7.62,17.78,-24.4));
#2971 = DIRECTION('',(0.,0.,1.));
#2972 = DIRECTION('',(1.,0.,-0.));
#2973 = ORIENTED_EDGE('',*,*,#2974,.F.);
#2974 = EDGE_CURVE('',#2975,#2966,#2977,.T.);
#2975 = VERTEX_POINT('',#2976);
#2976 = CARTESIAN_POINT('',(7.62,16.405,-24.4));
#2977 = CIRCLE('',#2978,1.375);
#2978 = AXIS2_PLACEMENT_3D('',#2979,#2980,#2981);
#2979 = CARTESIAN_POINT('',(7.62,17.78,-24.4));
#2980 = DIRECTION('',(0.,0.,1.));
#2981 = DIRECTION('',(1.,0.,-0.));
#2982 = ORIENTED_EDGE('',*,*,#2983,.T.);
#2983 = EDGE_CURVE('',#2975,#2949,#2984,.T.);
#2984 = LINE('',#2985,#2986);
#2985 = CARTESIAN_POINT('',(-17.97,16.405,-24.4));
#2986 = VECTOR('',#2987,1.);
#2987 = DIRECTION('',(-1.,-0.,0.));
#2988 = FACE_BOUND('',#2989,.T.);
#2989 = EDGE_LOOP('',(#2990,#3001,#3009,#3018));
#2990 = ORIENTED_EDGE('',*,*,#2991,.F.);
#2991 = EDGE_CURVE('',#2992,#2994,#2996,.T.);
#2992 = VERTEX_POINT('',#2993);
#2993 = CARTESIAN_POINT('',(14.075,22.86,-24.4));
#2994 = VERTEX_POINT('',#2995);
#2995 = CARTESIAN_POINT('',(11.325,22.86,-24.4));
#2996 = CIRCLE('',#2997,1.375);
#2997 = AXIS2_PLACEMENT_3D('',#2998,#2999,#3000);
#2998 = CARTESIAN_POINT('',(12.7,22.86,-24.4));
#2999 = DIRECTION('',(0.,0.,1.));
#3000 = DIRECTION('',(1.,0.,-0.));
#3001 = ORIENTED_EDGE('',*,*,#3002,.F.);
#3002 = EDGE_CURVE('',#3003,#2992,#3005,.T.);
#3003 = VERTEX_POINT('',#3004);
#3004 = CARTESIAN_POINT('',(14.075,17.78,-24.4));
#3005 = LINE('',#3006,#3007);
#3006 = CARTESIAN_POINT('',(14.075,-10.35,-24.4));
#3007 = VECTOR('',#3008,1.);
#3008 = DIRECTION('',(-0.,1.,0.));
#3009 = ORIENTED_EDGE('',*,*,#3010,.F.);
#3010 = EDGE_CURVE('',#3011,#3003,#3013,.T.);
#3011 = VERTEX_POINT('',#3012);
#3012 = CARTESIAN_POINT('',(11.325,17.78,-24.4));
#3013 = CIRCLE('',#3014,1.375);
#3014 = AXIS2_PLACEMENT_3D('',#3015,#3016,#3017);
#3015 = CARTESIAN_POINT('',(12.7,17.78,-24.4));
#3016 = DIRECTION('',(0.,0.,1.));
#3017 = DIRECTION('',(1.,0.,-0.));
#3018 = ORIENTED_EDGE('',*,*,#3019,.T.);
#3019 = EDGE_CURVE('',#3011,#2994,#3020,.T.);
#3020 = LINE('',#3021,#3022);
#3021 = CARTESIAN_POINT('',(11.325,-10.35,-24.4));
#3022 = VECTOR('',#3023,1.);
#3023 = DIRECTION('',(-0.,1.,0.));
#3024 = FACE_BOUND('',#3025,.T.);
#3025 = EDGE_LOOP('',(#3026,#3037,#3045,#3054));
#3026 = ORIENTED_EDGE('',*,*,#3027,.F.);
#3027 = EDGE_CURVE('',#3028,#3030,#3032,.T.);
#3028 = VERTEX_POINT('',#3029);
#3029 = CARTESIAN_POINT('',(3.915,27.94,-24.4));
#3030 = VERTEX_POINT('',#3031);
#3031 = CARTESIAN_POINT('',(1.165,27.94,-24.4));
#3032 = CIRCLE('',#3033,1.375);
#3033 = AXIS2_PLACEMENT_3D('',#3034,#3035,#3036);
#3034 = CARTESIAN_POINT('',(2.54,27.94,-24.4));
#3035 = DIRECTION('',(0.,0.,1.));
#3036 = DIRECTION('',(1.,0.,-0.));
#3037 = ORIENTED_EDGE('',*,*,#3038,.F.);
#3038 = EDGE_CURVE('',#3039,#3028,#3041,.T.);
#3039 = VERTEX_POINT('',#3040);
#3040 = CARTESIAN_POINT('',(3.915,22.86,-24.4));
#3041 = LINE('',#3042,#3043);
#3042 = CARTESIAN_POINT('',(3.915,-7.81,-24.4));
#3043 = VECTOR('',#3044,1.);
#3044 = DIRECTION('',(-0.,1.,0.));
#3045 = ORIENTED_EDGE('',*,*,#3046,.F.);
#3046 = EDGE_CURVE('',#3047,#3039,#3049,.T.);
#3047 = VERTEX_POINT('',#3048);
#3048 = CARTESIAN_POINT('',(1.165,22.86,-24.4));
#3049 = CIRCLE('',#3050,1.375);
#3050 = AXIS2_PLACEMENT_3D('',#3051,#3052,#3053);
#3051 = CARTESIAN_POINT('',(2.54,22.86,-24.4));
#3052 = DIRECTION('',(0.,0.,1.));
#3053 = DIRECTION('',(1.,0.,-0.));
#3054 = ORIENTED_EDGE('',*,*,#3055,.T.);
#3055 = EDGE_CURVE('',#3047,#3030,#3056,.T.);
#3056 = LINE('',#3057,#3058);
#3057 = CARTESIAN_POINT('',(1.165,-7.81,-24.4));
#3058 = VECTOR('',#3059,1.);
#3059 = DIRECTION('',(-0.,1.,0.));
#3060 = FACE_BOUND('',#3061,.T.);
#3061 = EDGE_LOOP('',(#3062));
#3062 = ORIENTED_EDGE('',*,*,#3063,.F.);
#3063 = EDGE_CURVE('',#3064,#3064,#3066,.T.);
#3064 = VERTEX_POINT('',#3065);
#3065 = CARTESIAN_POINT('',(8.995,22.86,-24.4));
#3066 = CIRCLE('',#3067,1.375);
#3067 = AXIS2_PLACEMENT_3D('',#3068,#3069,#3070);
#3068 = CARTESIAN_POINT('',(7.62,22.86,-24.4));
#3069 = DIRECTION('',(0.,0.,1.));
#3070 = DIRECTION('',(1.,0.,-0.));
#3071 = FACE_BOUND('',#3072,.T.);
#3072 = EDGE_LOOP('',(#3073,#3084,#3092,#3101,#3110));
#3073 = ORIENTED_EDGE('',*,*,#3074,.F.);
#3074 = EDGE_CURVE('',#3075,#3077,#3079,.T.);
#3075 = VERTEX_POINT('',#3076);
#3076 = CARTESIAN_POINT('',(7.62,29.315,-24.4));
#3077 = VERTEX_POINT('',#3078);
#3078 = CARTESIAN_POINT('',(7.62,26.565,-24.4));
#3079 = CIRCLE('',#3080,1.375);
#3080 = AXIS2_PLACEMENT_3D('',#3081,#3082,#3083);
#3081 = CARTESIAN_POINT('',(7.62,27.94,-24.4));
#3082 = DIRECTION('',(0.,0.,1.));
#3083 = DIRECTION('',(1.,0.,-0.));
#3084 = ORIENTED_EDGE('',*,*,#3085,.F.);
#3085 = EDGE_CURVE('',#3086,#3075,#3088,.T.);
#3086 = VERTEX_POINT('',#3087);
#3087 = CARTESIAN_POINT('',(12.7,29.315,-24.4));
#3088 = LINE('',#3089,#3090);
#3089 = CARTESIAN_POINT('',(-15.43,29.315,-24.4));
#3090 = VECTOR('',#3091,1.);
#3091 = DIRECTION('',(-1.,-0.,0.));
#3092 = ORIENTED_EDGE('',*,*,#3093,.F.);
#3093 = EDGE_CURVE('',#3094,#3086,#3096,.T.);
#3094 = VERTEX_POINT('',#3095);
#3095 = CARTESIAN_POINT('',(14.075,27.94,-24.4));
#3096 = CIRCLE('',#3097,1.375);
#3097 = AXIS2_PLACEMENT_3D('',#3098,#3099,#3100);
#3098 = CARTESIAN_POINT('',(12.7,27.94,-24.4));
#3099 = DIRECTION('',(0.,0.,1.));
#3100 = DIRECTION('',(1.,0.,-0.));
#3101 = ORIENTED_EDGE('',*,*,#3102,.F.);
#3102 = EDGE_CURVE('',#3103,#3094,#3105,.T.);
#3103 = VERTEX_POINT('',#3104);
#3104 = CARTESIAN_POINT('',(12.7,26.565,-24.4));
#3105 = CIRCLE('',#3106,1.375);
#3106 = AXIS2_PLACEMENT_3D('',#3107,#3108,#3109);
#3107 = CARTESIAN_POINT('',(12.7,27.94,-24.4));
#3108 = DIRECTION('',(0.,0.,1.));
#3109 = DIRECTION('',(1.,0.,-0.));
#3110 = ORIENTED_EDGE('',*,*,#3111,.T.);
#3111 = EDGE_CURVE('',#3103,#3077,#3112,.T.);
#3112 = LINE('',#3113,#3114);
#3113 = CARTESIAN_POINT('',(-15.43,26.565,-24.4));
#3114 = VECTOR('',#3115,1.);
#3115 = DIRECTION('',(-1.,-0.,0.));
#3116 = FACE_BOUND('',#3117,.T.);
#3117 = EDGE_LOOP('',(#3118,#3129,#3137,#3146,#3155));
#3118 = ORIENTED_EDGE('',*,*,#3119,.F.);
#3119 = EDGE_CURVE('',#3120,#3122,#3124,.T.);
#3120 = VERTEX_POINT('',#3121);
#3121 = CARTESIAN_POINT('',(17.78,19.155,-24.4));
#3122 = VERTEX_POINT('',#3123);
#3123 = CARTESIAN_POINT('',(17.78,16.405,-24.4));
#3124 = CIRCLE('',#3125,1.375);
#3125 = AXIS2_PLACEMENT_3D('',#3126,#3127,#3128);
#3126 = CARTESIAN_POINT('',(17.78,17.78,-24.4));
#3127 = DIRECTION('',(0.,0.,1.));
#3128 = DIRECTION('',(1.,0.,-0.));
#3129 = ORIENTED_EDGE('',*,*,#3130,.F.);
#3130 = EDGE_CURVE('',#3131,#3120,#3133,.T.);
#3131 = VERTEX_POINT('',#3132);
#3132 = CARTESIAN_POINT('',(22.86,19.155,-24.4));
#3133 = LINE('',#3134,#3135);
#3134 = CARTESIAN_POINT('',(-10.35,19.155,-24.4));
#3135 = VECTOR('',#3136,1.);
#3136 = DIRECTION('',(-1.,-0.,0.));
#3137 = ORIENTED_EDGE('',*,*,#3138,.F.);
#3138 = EDGE_CURVE('',#3139,#3131,#3141,.T.);
#3139 = VERTEX_POINT('',#3140);
#3140 = CARTESIAN_POINT('',(24.235,17.78,-24.4));
#3141 = CIRCLE('',#3142,1.375);
#3142 = AXIS2_PLACEMENT_3D('',#3143,#3144,#3145);
#3143 = CARTESIAN_POINT('',(22.86,17.78,-24.4));
#3144 = DIRECTION('',(0.,0.,1.));
#3145 = DIRECTION('',(1.,0.,-0.));
#3146 = ORIENTED_EDGE('',*,*,#3147,.F.);
#3147 = EDGE_CURVE('',#3148,#3139,#3150,.T.);
#3148 = VERTEX_POINT('',#3149);
#3149 = CARTESIAN_POINT('',(22.86,16.405,-24.4));
#3150 = CIRCLE('',#3151,1.375);
#3151 = AXIS2_PLACEMENT_3D('',#3152,#3153,#3154);
#3152 = CARTESIAN_POINT('',(22.86,17.78,-24.4));
#3153 = DIRECTION('',(0.,0.,1.));
#3154 = DIRECTION('',(1.,0.,-0.));
#3155 = ORIENTED_EDGE('',*,*,#3156,.T.);
#3156 = EDGE_CURVE('',#3148,#3122,#3157,.T.);
#3157 = LINE('',#3158,#3159);
#3158 = CARTESIAN_POINT('',(-10.35,16.405,-24.4));
#3159 = VECTOR('',#3160,1.);
#3160 = DIRECTION('',(-1.,-0.,0.));
#3161 = FACE_BOUND('',#3162,.T.);
#3162 = EDGE_LOOP('',(#3163,#3174,#3182,#3191));
#3163 = ORIENTED_EDGE('',*,*,#3164,.F.);
#3164 = EDGE_CURVE('',#3165,#3167,#3169,.T.);
#3165 = VERTEX_POINT('',#3166);
#3166 = CARTESIAN_POINT('',(29.315,22.86,-24.4));
#3167 = VERTEX_POINT('',#3168);
#3168 = CARTESIAN_POINT('',(26.565,22.86,-24.4));
#3169 = CIRCLE('',#3170,1.375);
#3170 = AXIS2_PLACEMENT_3D('',#3171,#3172,#3173);
#3171 = CARTESIAN_POINT('',(27.94,22.86,-24.4));
#3172 = DIRECTION('',(0.,0.,1.));
#3173 = DIRECTION('',(1.,0.,-0.));
#3174 = ORIENTED_EDGE('',*,*,#3175,.F.);
#3175 = EDGE_CURVE('',#3176,#3165,#3178,.T.);
#3176 = VERTEX_POINT('',#3177);
#3177 = CARTESIAN_POINT('',(29.315,17.78,-24.4));
#3178 = LINE('',#3179,#3180);
#3179 = CARTESIAN_POINT('',(29.315,-10.35,-24.4));
#3180 = VECTOR('',#3181,1.);
#3181 = DIRECTION('',(-0.,1.,0.));
#3182 = ORIENTED_EDGE('',*,*,#3183,.F.);
#3183 = EDGE_CURVE('',#3184,#3176,#3186,.T.);
#3184 = VERTEX_POINT('',#3185);
#3185 = CARTESIAN_POINT('',(26.565,17.78,-24.4));
#3186 = CIRCLE('',#3187,1.375);
#3187 = AXIS2_PLACEMENT_3D('',#3188,#3189,#3190);
#3188 = CARTESIAN_POINT('',(27.94,17.78,-24.4));
#3189 = DIRECTION('',(0.,0.,1.));
#3190 = DIRECTION('',(1.,0.,-0.));
#3191 = ORIENTED_EDGE('',*,*,#3192,.T.);
#3192 = EDGE_CURVE('',#3184,#3167,#3193,.T.);
#3193 = LINE('',#3194,#3195);
#3194 = CARTESIAN_POINT('',(26.565,-10.35,-24.4));
#3195 = VECTOR('',#3196,1.);
#3196 = DIRECTION('',(-0.,1.,0.));
#3197 = FACE_BOUND('',#3198,.T.);
#3198 = EDGE_LOOP('',(#3199,#3210,#3218,#3227));
#3199 = ORIENTED_EDGE('',*,*,#3200,.F.);
#3200 = EDGE_CURVE('',#3201,#3203,#3205,.T.);
#3201 = VERTEX_POINT('',#3202);
#3202 = CARTESIAN_POINT('',(19.155,27.94,-24.4));
#3203 = VERTEX_POINT('',#3204);
#3204 = CARTESIAN_POINT('',(16.405,27.94,-24.4));
#3205 = CIRCLE('',#3206,1.375);
#3206 = AXIS2_PLACEMENT_3D('',#3207,#3208,#3209);
#3207 = CARTESIAN_POINT('',(17.78,27.94,-24.4));
#3208 = DIRECTION('',(0.,0.,1.));
#3209 = DIRECTION('',(1.,0.,-0.));
#3210 = ORIENTED_EDGE('',*,*,#3211,.F.);
#3211 = EDGE_CURVE('',#3212,#3201,#3214,.T.);
#3212 = VERTEX_POINT('',#3213);
#3213 = CARTESIAN_POINT('',(19.155,22.86,-24.4));
#3214 = LINE('',#3215,#3216);
#3215 = CARTESIAN_POINT('',(19.155,-7.81,-24.4));
#3216 = VECTOR('',#3217,1.);
#3217 = DIRECTION('',(-0.,1.,0.));
#3218 = ORIENTED_EDGE('',*,*,#3219,.F.);
#3219 = EDGE_CURVE('',#3220,#3212,#3222,.T.);
#3220 = VERTEX_POINT('',#3221);
#3221 = CARTESIAN_POINT('',(16.405,22.86,-24.4));
#3222 = CIRCLE('',#3223,1.375);
#3223 = AXIS2_PLACEMENT_3D('',#3224,#3225,#3226);
#3224 = CARTESIAN_POINT('',(17.78,22.86,-24.4));
#3225 = DIRECTION('',(0.,0.,1.));
#3226 = DIRECTION('',(1.,0.,-0.));
#3227 = ORIENTED_EDGE('',*,*,#3228,.T.);
#3228 = EDGE_CURVE('',#3220,#3203,#3229,.T.);
#3229 = LINE('',#3230,#3231);
#3230 = CARTESIAN_POINT('',(16.405,-7.81,-24.4));
#3231 = VECTOR('',#3232,1.);
#3232 = DIRECTION('',(-0.,1.,0.));
#3233 = FACE_BOUND('',#3234,.T.);
#3234 = EDGE_LOOP('',(#3235));
#3235 = ORIENTED_EDGE('',*,*,#3236,.F.);
#3236 = EDGE_CURVE('',#3237,#3237,#3239,.T.);
#3237 = VERTEX_POINT('',#3238);
#3238 = CARTESIAN_POINT('',(24.235,22.86,-24.4));
#3239 = CIRCLE('',#3240,1.375);
#3240 = AXIS2_PLACEMENT_3D('',#3241,#3242,#3243);
#3241 = CARTESIAN_POINT('',(22.86,22.86,-24.4));
#3242 = DIRECTION('',(0.,0.,1.));
#3243 = DIRECTION('',(1.,0.,-0.));
#3244 = FACE_BOUND('',#3245,.T.);
#3245 = EDGE_LOOP('',(#3246,#3257,#3265,#3274,#3283));
#3246 = ORIENTED_EDGE('',*,*,#3247,.F.);
#3247 = EDGE_CURVE('',#3248,#3250,#3252,.T.);
#3248 = VERTEX_POINT('',#3249);
#3249 = CARTESIAN_POINT('',(22.86,29.315,-24.4));
#3250 = VERTEX_POINT('',#3251);
#3251 = CARTESIAN_POINT('',(22.86,26.565,-24.4));
#3252 = CIRCLE('',#3253,1.375);
#3253 = AXIS2_PLACEMENT_3D('',#3254,#3255,#3256);
#3254 = CARTESIAN_POINT('',(22.86,27.94,-24.4));
#3255 = DIRECTION('',(0.,0.,1.));
#3256 = DIRECTION('',(1.,0.,-0.));
#3257 = ORIENTED_EDGE('',*,*,#3258,.F.);
#3258 = EDGE_CURVE('',#3259,#3248,#3261,.T.);
#3259 = VERTEX_POINT('',#3260);
#3260 = CARTESIAN_POINT('',(27.94,29.315,-24.4));
#3261 = LINE('',#3262,#3263);
#3262 = CARTESIAN_POINT('',(-7.81,29.315,-24.4));
#3263 = VECTOR('',#3264,1.);
#3264 = DIRECTION('',(-1.,-0.,0.));
#3265 = ORIENTED_EDGE('',*,*,#3266,.F.);
#3266 = EDGE_CURVE('',#3267,#3259,#3269,.T.);
#3267 = VERTEX_POINT('',#3268);
#3268 = CARTESIAN_POINT('',(29.315,27.94,-24.4));
#3269 = CIRCLE('',#3270,1.375);
#3270 = AXIS2_PLACEMENT_3D('',#3271,#3272,#3273);
#3271 = CARTESIAN_POINT('',(27.94,27.94,-24.4));
#3272 = DIRECTION('',(0.,0.,1.));
#3273 = DIRECTION('',(1.,0.,-0.));
#3274 = ORIENTED_EDGE('',*,*,#3275,.F.);
#3275 = EDGE_CURVE('',#3276,#3267,#3278,.T.);
#3276 = VERTEX_POINT('',#3277);
#3277 = CARTESIAN_POINT('',(27.94,26.565,-24.4));
#3278 = CIRCLE('',#3279,1.375);
#3279 = AXIS2_PLACEMENT_3D('',#3280,#3281,#3282);
#3280 = CARTESIAN_POINT('',(27.94,27.94,-24.4));
#3281 = DIRECTION('',(0.,0.,1.));
#3282 = DIRECTION('',(1.,0.,-0.));
#3283 = ORIENTED_EDGE('',*,*,#3284,.T.);
#3284 = EDGE_CURVE('',#3276,#3250,#3285,.T.);
#3285 = LINE('',#3286,#3287);
#3286 = CARTESIAN_POINT('',(-7.81,26.565,-24.4));
#3287 = VECTOR('',#3288,1.);
#3288 = DIRECTION('',(-1.,-0.,0.));
#3289 = PLANE('',#3290);
#3290 = AXIS2_PLACEMENT_3D('',#3291,#3292,#3293);
#3291 = CARTESIAN_POINT('',(-38.48,-38.48,-24.4));
#3292 = DIRECTION('',(0.,0.,1.));
#3293 = DIRECTION('',(1.,0.,-0.));
#3294 = ADVANCED_FACE('',(#3295),#3329,.F.);
#3295 = FACE_BOUND('',#3296,.F.);
#3296 = EDGE_LOOP('',(#3297,#3305,#3313,#3321,#3327,#3328));
#3297 = ORIENTED_EDGE('',*,*,#3298,.F.);
#3298 = EDGE_CURVE('',#3299,#321,#3301,.T.);
#3299 = VERTEX_POINT('',#3300);
#3300 = CARTESIAN_POINT('',(-42.48,-19.,-28.4));
#3301 = LINE('',#3302,#3303);
#3302 = CARTESIAN_POINT('',(-42.48,-19.,-28.4));
#3303 = VECTOR('',#3304,1.);
#3304 = DIRECTION('',(1.,0.,-0.));
#3305 = ORIENTED_EDGE('',*,*,#3306,.T.);
#3306 = EDGE_CURVE('',#3299,#3307,#3309,.T.);
#3307 = VERTEX_POINT('',#3308);
#3308 = CARTESIAN_POINT('',(-42.48,-19.,0.));
#3309 = LINE('',#3310,#3311);
#3310 = CARTESIAN_POINT('',(-42.48,-19.,-28.4));
#3311 = VECTOR('',#3312,1.);
#3312 = DIRECTION('',(0.,0.,1.));
#3313 = ORIENTED_EDGE('',*,*,#3314,.T.);
#3314 = EDGE_CURVE('',#3307,#3315,#3317,.T.);
#3315 = VERTEX_POINT('',#3316);
#3316 = CARTESIAN_POINT('',(-38.47,-19.,0.));
#3317 = LINE('',#3318,#3319);
#3318 = CARTESIAN_POINT('',(-42.48,-19.,0.));
#3319 = VECTOR('',#3320,1.);
#3320 = DIRECTION('',(1.,0.,-0.));
#3321 = ORIENTED_EDGE('',*,*,#3322,.F.);
#3322 = EDGE_CURVE('',#509,#3315,#3323,.T.);
#3323 = LINE('',#3324,#3325);
#3324 = CARTESIAN_POINT('',(-38.47,-19.,-28.4));
#3325 = VECTOR('',#3326,1.);
#3326 = DIRECTION('',(0.,0.,1.));
#3327 = ORIENTED_EDGE('',*,*,#516,.T.);
#3328 = ORIENTED_EDGE('',*,*,#328,.F.);
#3329 = PLANE('',#3330);
#3330 = AXIS2_PLACEMENT_3D('',#3331,#3332,#3333);
#3331 = CARTESIAN_POINT('',(-42.48,-19.,-28.4));
#3332 = DIRECTION('',(-0.,1.,0.));
#3333 = DIRECTION('',(0.,0.,1.));
#3334 = ADVANCED_FACE('',(#3335),#3354,.T.);
#3335 = FACE_BOUND('',#3336,.T.);
#3336 = EDGE_LOOP('',(#3337,#3346,#3352,#3353));
#3337 = ORIENTED_EDGE('',*,*,#3338,.T.);
#3338 = EDGE_CURVE('',#313,#3339,#3341,.T.);
#3339 = VERTEX_POINT('',#3340);
#3340 = CARTESIAN_POINT('',(-35.48,-38.48,-28.4));
#3341 = CIRCLE('',#3342,3.);
#3342 = AXIS2_PLACEMENT_3D('',#3343,#3344,#3345);
#3343 = CARTESIAN_POINT('',(-35.48,-35.48,-28.4));
#3344 = DIRECTION('',(0.,0.,1.));
#3345 = DIRECTION('',(0.,-1.,0.));
#3346 = ORIENTED_EDGE('',*,*,#3347,.T.);
#3347 = EDGE_CURVE('',#3339,#352,#3348,.T.);
#3348 = LINE('',#3349,#3350);
#3349 = CARTESIAN_POINT('',(-35.48,-38.48,-28.4));
#3350 = VECTOR('',#3351,1.);
#3351 = DIRECTION('',(0.,0.,1.));
#3352 = ORIENTED_EDGE('',*,*,#351,.F.);
#3353 = ORIENTED_EDGE('',*,*,#312,.F.);
#3354 = CYLINDRICAL_SURFACE('',#3355,3.);
#3355 = AXIS2_PLACEMENT_3D('',#3356,#3357,#3358);
#3356 = CARTESIAN_POINT('',(-35.48,-35.48,-28.4));
#3357 = DIRECTION('',(0.,0.,1.));
#3358 = DIRECTION('',(-1.,-0.,0.));
#3359 = ADVANCED_FACE('',(#3360),#3381,.T.);
#3360 = FACE_BOUND('',#3361,.T.);
#3361 = EDGE_LOOP('',(#3362,#3370,#3377,#3378,#3379,#3380));
#3362 = ORIENTED_EDGE('',*,*,#3363,.T.);
#3363 = EDGE_CURVE('',#385,#3364,#3366,.T.);
#3364 = VERTEX_POINT('',#3365);
#3365 = CARTESIAN_POINT('',(-30.48,-34.48,-13.3));
#3366 = LINE('',#3367,#3368);
#3367 = CARTESIAN_POINT('',(-30.48,-34.48,-24.4));
#3368 = VECTOR('',#3369,1.);
#3369 = DIRECTION('',(0.,0.,1.));
#3370 = ORIENTED_EDGE('',*,*,#3371,.F.);
#3371 = EDGE_CURVE('',#3364,#3364,#3372,.T.);
#3372 = CIRCLE('',#3373,4.);
#3373 = AXIS2_PLACEMENT_3D('',#3374,#3375,#3376);
#3374 = CARTESIAN_POINT('',(-34.48,-34.48,-13.3));
#3375 = DIRECTION('',(0.,0.,1.));
#3376 = DIRECTION('',(1.,0.,-0.));
#3377 = ORIENTED_EDGE('',*,*,#3363,.F.);
#3378 = ORIENTED_EDGE('',*,*,#384,.T.);
#3379 = ORIENTED_EDGE('',*,*,#368,.T.);
#3380 = ORIENTED_EDGE('',*,*,#393,.T.);
#3381 = CYLINDRICAL_SURFACE('',#3382,4.);
#3382 = AXIS2_PLACEMENT_3D('',#3383,#3384,#3385);
#3383 = CARTESIAN_POINT('',(-34.48,-34.48,-24.4));
#3384 = DIRECTION('',(0.,0.,1.));
#3385 = DIRECTION('',(1.,0.,-0.));
#3386 = ADVANCED_FACE('',(#3387),#3414,.F.);
#3387 = FACE_BOUND('',#3388,.F.);
#3388 = EDGE_LOOP('',(#3389,#3397,#3398,#3399,#3400,#3408));
#3389 = ORIENTED_EDGE('',*,*,#3390,.F.);
#3390 = EDGE_CURVE('',#3339,#3391,#3393,.T.);
#3391 = VERTEX_POINT('',#3392);
#3392 = CARTESIAN_POINT('',(35.48,-38.48,-28.4));
#3393 = LINE('',#3394,#3395);
#3394 = CARTESIAN_POINT('',(-38.48,-38.48,-28.4));
#3395 = VECTOR('',#3396,1.);
#3396 = DIRECTION('',(1.,0.,-0.));
#3397 = ORIENTED_EDGE('',*,*,#3347,.T.);
#3398 = ORIENTED_EDGE('',*,*,#360,.T.);
#3399 = ORIENTED_EDGE('',*,*,#400,.T.);
#3400 = ORIENTED_EDGE('',*,*,#3401,.T.);
#3401 = EDGE_CURVE('',#401,#3402,#3404,.T.);
#3402 = VERTEX_POINT('',#3403);
#3403 = CARTESIAN_POINT('',(35.48,-38.48,-24.4));
#3404 = LINE('',#3405,#3406);
#3405 = CARTESIAN_POINT('',(-38.48,-38.48,-24.4));
#3406 = VECTOR('',#3407,1.);
#3407 = DIRECTION('',(1.,0.,-0.));
#3408 = ORIENTED_EDGE('',*,*,#3409,.F.);
#3409 = EDGE_CURVE('',#3391,#3402,#3410,.T.);
#3410 = LINE('',#3411,#3412);
#3411 = CARTESIAN_POINT('',(35.48,-38.48,-28.4));
#3412 = VECTOR('',#3413,1.);
#3413 = DIRECTION('',(0.,0.,1.));
#3414 = PLANE('',#3415);
#3415 = AXIS2_PLACEMENT_3D('',#3416,#3417,#3418);
#3416 = CARTESIAN_POINT('',(-38.48,-38.48,-28.4));
#3417 = DIRECTION('',(-0.,1.,0.));
#3418 = DIRECTION('',(0.,0.,1.));
#3419 = ADVANCED_FACE('',(#3420),#3461,.T.);
#3420 = FACE_BOUND('',#3421,.T.);
#3421 = EDGE_LOOP('',(#3422,#3432,#3440,#3448,#3454,#3455));
#3422 = ORIENTED_EDGE('',*,*,#3423,.F.);
#3423 = EDGE_CURVE('',#3424,#3426,#3428,.T.);
#3424 = VERTEX_POINT('',#3425);
#3425 = CARTESIAN_POINT('',(-42.48,19.,-28.4));
#3426 = VERTEX_POINT('',#3427);
#3427 = CARTESIAN_POINT('',(-38.48,19.,-28.4));
#3428 = LINE('',#3429,#3430);
#3429 = CARTESIAN_POINT('',(-42.48,19.,-28.4));
#3430 = VECTOR('',#3431,1.);
#3431 = DIRECTION('',(1.,0.,-0.));
#3432 = ORIENTED_EDGE('',*,*,#3433,.T.);
#3433 = EDGE_CURVE('',#3424,#3434,#3436,.T.);
#3434 = VERTEX_POINT('',#3435);
#3435 = CARTESIAN_POINT('',(-42.48,19.,0.));
#3436 = LINE('',#3437,#3438);
#3437 = CARTESIAN_POINT('',(-42.48,19.,-28.4));
#3438 = VECTOR('',#3439,1.);
#3439 = DIRECTION('',(0.,0.,1.));
#3440 = ORIENTED_EDGE('',*,*,#3441,.T.);
#3441 = EDGE_CURVE('',#3434,#3442,#3444,.T.);
#3442 = VERTEX_POINT('',#3443);
#3443 = CARTESIAN_POINT('',(-38.47,19.,0.));
#3444 = LINE('',#3445,#3446);
#3445 = CARTESIAN_POINT('',(-42.48,19.,0.));
#3446 = VECTOR('',#3447,1.);
#3447 = DIRECTION('',(1.,0.,-0.));
#3448 = ORIENTED_EDGE('',*,*,#3449,.F.);
#3449 = EDGE_CURVE('',#501,#3442,#3450,.T.);
#3450 = LINE('',#3451,#3452);
#3451 = CARTESIAN_POINT('',(-38.47,19.,-28.4));
#3452 = VECTOR('',#3453,1.);
#3453 = DIRECTION('',(0.,0.,1.));
#3454 = ORIENTED_EDGE('',*,*,#500,.T.);
#3455 = ORIENTED_EDGE('',*,*,#3456,.F.);
#3456 = EDGE_CURVE('',#3426,#493,#3457,.T.);
#3457 = LINE('',#3458,#3459);
#3458 = CARTESIAN_POINT('',(-38.48,19.,-28.4));
#3459 = VECTOR('',#3460,1.);
#3460 = DIRECTION('',(0.,0.,1.));
#3461 = PLANE('',#3462);
#3462 = AXIS2_PLACEMENT_3D('',#3463,#3464,#3465);
#3463 = CARTESIAN_POINT('',(-42.48,19.,-28.4));
#3464 = DIRECTION('',(-0.,1.,0.));
#3465 = DIRECTION('',(0.,0.,1.));
#3466 = ADVANCED_FACE('',(#3467),#3493,.F.);
#3467 = FACE_BOUND('',#3468,.F.);
#3468 = EDGE_LOOP('',(#3469,#3470,#3471,#3479,#3487));
#3469 = ORIENTED_EDGE('',*,*,#492,.F.);
#3470 = ORIENTED_EDGE('',*,*,#3456,.F.);
#3471 = ORIENTED_EDGE('',*,*,#3472,.T.);
#3472 = EDGE_CURVE('',#3426,#3473,#3475,.T.);
#3473 = VERTEX_POINT('',#3474);
#3474 = CARTESIAN_POINT('',(-38.48,35.48,-28.4));
#3475 = LINE('',#3476,#3477);
#3476 = CARTESIAN_POINT('',(-38.48,-38.48,-28.4));
#3477 = VECTOR('',#3478,1.);
#3478 = DIRECTION('',(-0.,1.,0.));
#3479 = ORIENTED_EDGE('',*,*,#3480,.T.);
#3480 = EDGE_CURVE('',#3473,#3481,#3483,.T.);
#3481 = VERTEX_POINT('',#3482);
#3482 = CARTESIAN_POINT('',(-38.48,35.48,-24.4));
#3483 = LINE('',#3484,#3485);
#3484 = CARTESIAN_POINT('',(-38.48,35.48,-28.4));
#3485 = VECTOR('',#3486,1.);
#3486 = DIRECTION('',(0.,0.,1.));
#3487 = ORIENTED_EDGE('',*,*,#3488,.F.);
#3488 = EDGE_CURVE('',#484,#3481,#3489,.T.);
#3489 = LINE('',#3490,#3491);
#3490 = CARTESIAN_POINT('',(-38.48,-38.48,-24.4));
#3491 = VECTOR('',#3492,1.);
#3492 = DIRECTION('',(-0.,1.,0.));
#3493 = PLANE('',#3494);
#3494 = AXIS2_PLACEMENT_3D('',#3495,#3496,#3497);
#3495 = CARTESIAN_POINT('',(-38.48,-38.48,-28.4));
#3496 = DIRECTION('',(1.,0.,-0.));
#3497 = DIRECTION('',(0.,0.,1.));
#3498 = ADVANCED_FACE('',(#3499),#3526,.T.);
#3499 = FACE_BOUND('',#3500,.T.);
#3500 = EDGE_LOOP('',(#3501,#3509,#3516,#3517,#3518,#3525));
#3501 = ORIENTED_EDGE('',*,*,#3502,.T.);
#3502 = EDGE_CURVE('',#475,#3503,#3505,.T.);
#3503 = VERTEX_POINT('',#3504);
#3504 = CARTESIAN_POINT('',(-30.48,34.48,-13.3));
#3505 = LINE('',#3506,#3507);
#3506 = CARTESIAN_POINT('',(-30.48,34.48,-24.4));
#3507 = VECTOR('',#3508,1.);
#3508 = DIRECTION('',(0.,0.,1.));
#3509 = ORIENTED_EDGE('',*,*,#3510,.F.);
#3510 = EDGE_CURVE('',#3503,#3503,#3511,.T.);
#3511 = CIRCLE('',#3512,4.);
#3512 = AXIS2_PLACEMENT_3D('',#3513,#3514,#3515);
#3513 = CARTESIAN_POINT('',(-34.48,34.48,-13.3));
#3514 = DIRECTION('',(0.,0.,1.));
#3515 = DIRECTION('',(1.,0.,-0.));
#3516 = ORIENTED_EDGE('',*,*,#3502,.F.);
#3517 = ORIENTED_EDGE('',*,*,#474,.T.);
#3518 = ORIENTED_EDGE('',*,*,#3519,.T.);
#3519 = EDGE_CURVE('',#467,#484,#3520,.T.);
#3520 = CIRCLE('',#3521,4.);
#3521 = AXIS2_PLACEMENT_3D('',#3522,#3523,#3524);
#3522 = CARTESIAN_POINT('',(-34.48,34.48,-24.4));
#3523 = DIRECTION('',(0.,0.,1.));
#3524 = DIRECTION('',(1.,0.,-0.));
#3525 = ORIENTED_EDGE('',*,*,#483,.T.);
#3526 = CYLINDRICAL_SURFACE('',#3527,4.);
#3527 = AXIS2_PLACEMENT_3D('',#3528,#3529,#3530);
#3528 = CARTESIAN_POINT('',(-34.48,34.48,-24.4));
#3529 = DIRECTION('',(0.,0.,1.));
#3530 = DIRECTION('',(1.,0.,-0.));
#3531 = ADVANCED_FACE('',(#3532),#3573,.T.);
#3532 = FACE_BOUND('',#3533,.T.);
#3533 = EDGE_LOOP('',(#3534,#3544,#3552,#3558,#3559,#3567));
#3534 = ORIENTED_EDGE('',*,*,#3535,.F.);
#3535 = EDGE_CURVE('',#3536,#3538,#3540,.T.);
#3536 = VERTEX_POINT('',#3537);
#3537 = CARTESIAN_POINT('',(-35.48,38.48,-28.4));
#3538 = VERTEX_POINT('',#3539);
#3539 = CARTESIAN_POINT('',(35.48,38.48,-28.4));
#3540 = LINE('',#3541,#3542);
#3541 = CARTESIAN_POINT('',(-38.48,38.48,-28.4));
#3542 = VECTOR('',#3543,1.);
#3543 = DIRECTION('',(1.,0.,-0.));
#3544 = ORIENTED_EDGE('',*,*,#3545,.T.);
#3545 = EDGE_CURVE('',#3536,#3546,#3548,.T.);
#3546 = VERTEX_POINT('',#3547);
#3547 = CARTESIAN_POINT('',(-35.48,38.48,-24.4));
#3548 = LINE('',#3549,#3550);
#3549 = CARTESIAN_POINT('',(-35.48,38.48,-28.4));
#3550 = VECTOR('',#3551,1.);
#3551 = DIRECTION('',(0.,0.,1.));
#3552 = ORIENTED_EDGE('',*,*,#3553,.T.);
#3553 = EDGE_CURVE('',#3546,#467,#3554,.T.);
#3554 = LINE('',#3555,#3556);
#3555 = CARTESIAN_POINT('',(-38.48,38.48,-24.4));
#3556 = VECTOR('',#3557,1.);
#3557 = DIRECTION('',(1.,0.,-0.));
#3558 = ORIENTED_EDGE('',*,*,#466,.T.);
#3559 = ORIENTED_EDGE('',*,*,#3560,.T.);
#3560 = EDGE_CURVE('',#458,#3561,#3563,.T.);
#3561 = VERTEX_POINT('',#3562);
#3562 = CARTESIAN_POINT('',(35.48,38.48,-24.4));
#3563 = LINE('',#3564,#3565);
#3564 = CARTESIAN_POINT('',(-38.48,38.48,-24.4));
#3565 = VECTOR('',#3566,1.);
#3566 = DIRECTION('',(1.,0.,-0.));
#3567 = ORIENTED_EDGE('',*,*,#3568,.F.);
#3568 = EDGE_CURVE('',#3538,#3561,#3569,.T.);
#3569 = LINE('',#3570,#3571);
#3570 = CARTESIAN_POINT('',(35.48,38.48,-28.4));
#3571 = VECTOR('',#3572,1.);
#3572 = DIRECTION('',(0.,0.,1.));
#3573 = PLANE('',#3574);
#3574 = AXIS2_PLACEMENT_3D('',#3575,#3576,#3577);
#3575 = CARTESIAN_POINT('',(-38.48,38.48,-28.4));
#3576 = DIRECTION('',(-0.,1.,0.));
#3577 = DIRECTION('',(0.,0.,1.));
#3578 = ADVANCED_FACE('',(#3579),#3605,.T.);
#3579 = FACE_BOUND('',#3580,.T.);
#3580 = EDGE_LOOP('',(#3581,#3589,#3596,#3597,#3604));
#3581 = ORIENTED_EDGE('',*,*,#3582,.T.);
#3582 = EDGE_CURVE('',#450,#3583,#3585,.T.);
#3583 = VERTEX_POINT('',#3584);
#3584 = CARTESIAN_POINT('',(38.48,34.48,-13.3));
#3585 = LINE('',#3586,#3587);
#3586 = CARTESIAN_POINT('',(38.48,34.48,-24.4));
#3587 = VECTOR('',#3588,1.);
#3588 = DIRECTION('',(0.,0.,1.));
#3589 = ORIENTED_EDGE('',*,*,#3590,.F.);
#3590 = EDGE_CURVE('',#3583,#3583,#3591,.T.);
#3591 = CIRCLE('',#3592,4.);
#3592 = AXIS2_PLACEMENT_3D('',#3593,#3594,#3595);
#3593 = CARTESIAN_POINT('',(34.48,34.48,-13.3));
#3594 = DIRECTION('',(0.,0.,1.));
#3595 = DIRECTION('',(1.,0.,-0.));
#3596 = ORIENTED_EDGE('',*,*,#3582,.F.);
#3597 = ORIENTED_EDGE('',*,*,#3598,.T.);
#3598 = EDGE_CURVE('',#450,#458,#3599,.T.);
#3599 = CIRCLE('',#3600,4.);
#3600 = AXIS2_PLACEMENT_3D('',#3601,#3602,#3603);
#3601 = CARTESIAN_POINT('',(34.48,34.48,-24.4));
#3602 = DIRECTION('',(0.,0.,1.));
#3603 = DIRECTION('',(1.,0.,-0.));
#3604 = ORIENTED_EDGE('',*,*,#457,.T.);
#3605 = CYLINDRICAL_SURFACE('',#3606,4.);
#3606 = AXIS2_PLACEMENT_3D('',#3607,#3608,#3609);
#3607 = CARTESIAN_POINT('',(34.48,34.48,-24.4));
#3608 = DIRECTION('',(0.,0.,1.));
#3609 = DIRECTION('',(1.,0.,-0.));
#3610 = ADVANCED_FACE('',(#3611),#3644,.T.);
#3611 = FACE_BOUND('',#3612,.T.);
#3612 = EDGE_LOOP('',(#3613,#3614,#3622,#3630,#3638));
#3613 = ORIENTED_EDGE('',*,*,#449,.F.);
#3614 = ORIENTED_EDGE('',*,*,#3615,.F.);
#3615 = EDGE_CURVE('',#3616,#442,#3618,.T.);
#3616 = VERTEX_POINT('',#3617);
#3617 = CARTESIAN_POINT('',(38.48,19.,-28.4));
#3618 = LINE('',#3619,#3620);
#3619 = CARTESIAN_POINT('',(38.48,19.,-28.4));
#3620 = VECTOR('',#3621,1.);
#3621 = DIRECTION('',(0.,0.,1.));
#3622 = ORIENTED_EDGE('',*,*,#3623,.T.);
#3623 = EDGE_CURVE('',#3616,#3624,#3626,.T.);
#3624 = VERTEX_POINT('',#3625);
#3625 = CARTESIAN_POINT('',(38.48,35.48,-28.4));
#3626 = LINE('',#3627,#3628);
#3627 = CARTESIAN_POINT('',(38.48,-38.48,-28.4));
#3628 = VECTOR('',#3629,1.);
#3629 = DIRECTION('',(-0.,1.,0.));
#3630 = ORIENTED_EDGE('',*,*,#3631,.T.);
#3631 = EDGE_CURVE('',#3624,#3632,#3634,.T.);
#3632 = VERTEX_POINT('',#3633);
#3633 = CARTESIAN_POINT('',(38.48,35.48,-24.4));
#3634 = LINE('',#3635,#3636);
#3635 = CARTESIAN_POINT('',(38.48,35.48,-28.4));
#3636 = VECTOR('',#3637,1.);
#3637 = DIRECTION('',(0.,0.,1.));
#3638 = ORIENTED_EDGE('',*,*,#3639,.F.);
#3639 = EDGE_CURVE('',#450,#3632,#3640,.T.);
#3640 = LINE('',#3641,#3642);
#3641 = CARTESIAN_POINT('',(38.48,-38.48,-24.4));
#3642 = VECTOR('',#3643,1.);
#3643 = DIRECTION('',(-0.,1.,0.));
#3644 = PLANE('',#3645);
#3645 = AXIS2_PLACEMENT_3D('',#3646,#3647,#3648);
#3646 = CARTESIAN_POINT('',(38.48,-38.48,-28.4));
#3647 = DIRECTION('',(1.,0.,-0.));
#3648 = DIRECTION('',(0.,0.,1.));
#3649 = ADVANCED_FACE('',(#3650),#3684,.T.);
#3650 = FACE_BOUND('',#3651,.T.);
#3651 = EDGE_LOOP('',(#3652,#3660,#3661,#3662,#3670,#3678));
#3652 = ORIENTED_EDGE('',*,*,#3653,.F.);
#3653 = EDGE_CURVE('',#3616,#3654,#3656,.T.);
#3654 = VERTEX_POINT('',#3655);
#3655 = CARTESIAN_POINT('',(42.48,19.,-28.4));
#3656 = LINE('',#3657,#3658);
#3657 = CARTESIAN_POINT('',(38.47,19.,-28.4));
#3658 = VECTOR('',#3659,1.);
#3659 = DIRECTION('',(1.,0.,-0.));
#3660 = ORIENTED_EDGE('',*,*,#3615,.T.);
#3661 = ORIENTED_EDGE('',*,*,#441,.T.);
#3662 = ORIENTED_EDGE('',*,*,#3663,.T.);
#3663 = EDGE_CURVE('',#434,#3664,#3666,.T.);
#3664 = VERTEX_POINT('',#3665);
#3665 = CARTESIAN_POINT('',(38.47,19.,0.));
#3666 = LINE('',#3667,#3668);
#3667 = CARTESIAN_POINT('',(38.47,19.,-28.4));
#3668 = VECTOR('',#3669,1.);
#3669 = DIRECTION('',(0.,0.,1.));
#3670 = ORIENTED_EDGE('',*,*,#3671,.T.);
#3671 = EDGE_CURVE('',#3664,#3672,#3674,.T.);
#3672 = VERTEX_POINT('',#3673);
#3673 = CARTESIAN_POINT('',(42.48,19.,0.));
#3674 = LINE('',#3675,#3676);
#3675 = CARTESIAN_POINT('',(38.47,19.,0.));
#3676 = VECTOR('',#3677,1.);
#3677 = DIRECTION('',(1.,0.,-0.));
#3678 = ORIENTED_EDGE('',*,*,#3679,.F.);
#3679 = EDGE_CURVE('',#3654,#3672,#3680,.T.);
#3680 = LINE('',#3681,#3682);
#3681 = CARTESIAN_POINT('',(42.48,19.,-28.4));
#3682 = VECTOR('',#3683,1.);
#3683 = DIRECTION('',(0.,0.,1.));
#3684 = PLANE('',#3685);
#3685 = AXIS2_PLACEMENT_3D('',#3686,#3687,#3688);
#3686 = CARTESIAN_POINT('',(38.47,19.,-28.4));
#3687 = DIRECTION('',(-0.,1.,0.));
#3688 = DIRECTION('',(0.,0.,1.));
#3689 = ADVANCED_FACE('',(#3690),#3731,.F.);
#3690 = FACE_BOUND('',#3691,.F.);
#3691 = EDGE_LOOP('',(#3692,#3702,#3708,#3709,#3717,#3725));
#3692 = ORIENTED_EDGE('',*,*,#3693,.F.);
#3693 = EDGE_CURVE('',#3694,#3696,#3698,.T.);
#3694 = VERTEX_POINT('',#3695);
#3695 = CARTESIAN_POINT('',(38.48,-19.,-28.4));
#3696 = VERTEX_POINT('',#3697);
#3697 = CARTESIAN_POINT('',(42.48,-19.,-28.4));
#3698 = LINE('',#3699,#3700);
#3699 = CARTESIAN_POINT('',(38.47,-19.,-28.4));
#3700 = VECTOR('',#3701,1.);
#3701 = DIRECTION('',(1.,0.,-0.));
#3702 = ORIENTED_EDGE('',*,*,#3703,.T.);
#3703 = EDGE_CURVE('',#3694,#418,#3704,.T.);
#3704 = LINE('',#3705,#3706);
#3705 = CARTESIAN_POINT('',(38.48,-19.,-28.4));
#3706 = VECTOR('',#3707,1.);
#3707 = DIRECTION('',(0.,0.,1.));
#3708 = ORIENTED_EDGE('',*,*,#425,.T.);
#3709 = ORIENTED_EDGE('',*,*,#3710,.T.);
#3710 = EDGE_CURVE('',#426,#3711,#3713,.T.);
#3711 = VERTEX_POINT('',#3712);
#3712 = CARTESIAN_POINT('',(38.47,-19.,0.));
#3713 = LINE('',#3714,#3715);
#3714 = CARTESIAN_POINT('',(38.47,-19.,-28.4));
#3715 = VECTOR('',#3716,1.);
#3716 = DIRECTION('',(0.,0.,1.));
#3717 = ORIENTED_EDGE('',*,*,#3718,.T.);
#3718 = EDGE_CURVE('',#3711,#3719,#3721,.T.);
#3719 = VERTEX_POINT('',#3720);
#3720 = CARTESIAN_POINT('',(42.48,-19.,0.));
#3721 = LINE('',#3722,#3723);
#3722 = CARTESIAN_POINT('',(38.47,-19.,0.));
#3723 = VECTOR('',#3724,1.);
#3724 = DIRECTION('',(1.,0.,-0.));
#3725 = ORIENTED_EDGE('',*,*,#3726,.F.);
#3726 = EDGE_CURVE('',#3696,#3719,#3727,.T.);
#3727 = LINE('',#3728,#3729);
#3728 = CARTESIAN_POINT('',(42.48,-19.,-28.4));
#3729 = VECTOR('',#3730,1.);
#3730 = DIRECTION('',(0.,0.,1.));
#3731 = PLANE('',#3732);
#3732 = AXIS2_PLACEMENT_3D('',#3733,#3734,#3735);
#3733 = CARTESIAN_POINT('',(38.47,-19.,-28.4));
#3734 = DIRECTION('',(-0.,1.,0.));
#3735 = DIRECTION('',(0.,0.,1.));
#3736 = ADVANCED_FACE('',(#3737),#3763,.T.);
#3737 = FACE_BOUND('',#3738,.T.);
#3738 = EDGE_LOOP('',(#3739,#3747,#3755,#3761,#3762));
#3739 = ORIENTED_EDGE('',*,*,#3740,.F.);
#3740 = EDGE_CURVE('',#3741,#409,#3743,.T.);
#3741 = VERTEX_POINT('',#3742);
#3742 = CARTESIAN_POINT('',(38.48,-35.48,-24.4));
#3743 = LINE('',#3744,#3745);
#3744 = CARTESIAN_POINT('',(38.48,-38.48,-24.4));
#3745 = VECTOR('',#3746,1.);
#3746 = DIRECTION('',(-0.,1.,0.));
#3747 = ORIENTED_EDGE('',*,*,#3748,.F.);
#3748 = EDGE_CURVE('',#3749,#3741,#3751,.T.);
#3749 = VERTEX_POINT('',#3750);
#3750 = CARTESIAN_POINT('',(38.48,-35.48,-28.4));
#3751 = LINE('',#3752,#3753);
#3752 = CARTESIAN_POINT('',(38.48,-35.48,-28.4));
#3753 = VECTOR('',#3754,1.);
#3754 = DIRECTION('',(0.,0.,1.));
#3755 = ORIENTED_EDGE('',*,*,#3756,.T.);
#3756 = EDGE_CURVE('',#3749,#3694,#3757,.T.);
#3757 = LINE('',#3758,#3759);
#3758 = CARTESIAN_POINT('',(38.48,-38.48,-28.4));
#3759 = VECTOR('',#3760,1.);
#3760 = DIRECTION('',(-0.,1.,0.));
#3761 = ORIENTED_EDGE('',*,*,#3703,.T.);
#3762 = ORIENTED_EDGE('',*,*,#417,.F.);
#3763 = PLANE('',#3764);
#3764 = AXIS2_PLACEMENT_3D('',#3765,#3766,#3767);
#3765 = CARTESIAN_POINT('',(38.48,-38.48,-28.4));
#3766 = DIRECTION('',(1.,0.,-0.));
#3767 = DIRECTION('',(0.,0.,1.));
#3768 = ADVANCED_FACE('',(#3769),#3795,.T.);
#3769 = FACE_BOUND('',#3770,.T.);
#3770 = EDGE_LOOP('',(#3771,#3779,#3786,#3787,#3788));
#3771 = ORIENTED_EDGE('',*,*,#3772,.T.);
#3772 = EDGE_CURVE('',#409,#3773,#3775,.T.);
#3773 = VERTEX_POINT('',#3774);
#3774 = CARTESIAN_POINT('',(38.48,-34.48,-13.3));
#3775 = LINE('',#3776,#3777);
#3776 = CARTESIAN_POINT('',(38.48,-34.48,-24.4));
#3777 = VECTOR('',#3778,1.);
#3778 = DIRECTION('',(0.,0.,1.));
#3779 = ORIENTED_EDGE('',*,*,#3780,.F.);
#3780 = EDGE_CURVE('',#3773,#3773,#3781,.T.);
#3781 = CIRCLE('',#3782,4.);
#3782 = AXIS2_PLACEMENT_3D('',#3783,#3784,#3785);
#3783 = CARTESIAN_POINT('',(34.48,-34.48,-13.3));
#3784 = DIRECTION('',(0.,0.,1.));
#3785 = DIRECTION('',(1.,0.,-0.));
#3786 = ORIENTED_EDGE('',*,*,#3772,.F.);
#3787 = ORIENTED_EDGE('',*,*,#408,.T.);
#3788 = ORIENTED_EDGE('',*,*,#3789,.T.);
#3789 = EDGE_CURVE('',#401,#409,#3790,.T.);
#3790 = CIRCLE('',#3791,4.);
#3791 = AXIS2_PLACEMENT_3D('',#3792,#3793,#3794);
#3792 = CARTESIAN_POINT('',(34.48,-34.48,-24.4));
#3793 = DIRECTION('',(0.,0.,1.));
#3794 = DIRECTION('',(1.,0.,-0.));
#3795 = CYLINDRICAL_SURFACE('',#3796,4.);
#3796 = AXIS2_PLACEMENT_3D('',#3797,#3798,#3799);
#3797 = CARTESIAN_POINT('',(34.48,-34.48,-24.4));
#3798 = DIRECTION('',(0.,0.,1.));
#3799 = DIRECTION('',(1.,0.,-0.));
#3800 = ADVANCED_FACE('',(#3801),#3827,.F.);
#3801 = FACE_BOUND('',#3802,.F.);
#3802 = EDGE_LOOP('',(#3803,#3804,#3812,#3821));
#3803 = ORIENTED_EDGE('',*,*,#524,.F.);
#3804 = ORIENTED_EDGE('',*,*,#3805,.F.);
#3805 = EDGE_CURVE('',#3806,#525,#3808,.T.);
#3806 = VERTEX_POINT('',#3807);
#3807 = CARTESIAN_POINT('',(-27.94,-26.565,-28.4));
#3808 = LINE('',#3809,#3810);
#3809 = CARTESIAN_POINT('',(-27.94,-26.565,-29.4));
#3810 = VECTOR('',#3811,1.);
#3811 = DIRECTION('',(0.,0.,1.));
#3812 = ORIENTED_EDGE('',*,*,#3813,.T.);
#3813 = EDGE_CURVE('',#3806,#3814,#3816,.T.);
#3814 = VERTEX_POINT('',#3815);
#3815 = CARTESIAN_POINT('',(-27.94,-29.315,-28.4));
#3816 = CIRCLE('',#3817,1.375);
#3817 = AXIS2_PLACEMENT_3D('',#3818,#3819,#3820);
#3818 = CARTESIAN_POINT('',(-27.94,-27.94,-28.4));
#3819 = DIRECTION('',(0.,0.,1.));
#3820 = DIRECTION('',(1.,0.,-0.));
#3821 = ORIENTED_EDGE('',*,*,#3822,.T.);
#3822 = EDGE_CURVE('',#3814,#527,#3823,.T.);
#3823 = LINE('',#3824,#3825);
#3824 = CARTESIAN_POINT('',(-27.94,-29.315,-29.4));
#3825 = VECTOR('',#3826,1.);
#3826 = DIRECTION('',(0.,0.,1.));
#3827 = CYLINDRICAL_SURFACE('',#3828,1.375);
#3828 = AXIS2_PLACEMENT_3D('',#3829,#3830,#3831);
#3829 = CARTESIAN_POINT('',(-27.94,-27.94,-29.4));
#3830 = DIRECTION('',(0.,0.,1.));
#3831 = DIRECTION('',(1.,0.,-0.));
#3832 = ADVANCED_FACE('',(#3833),#3851,.F.);
#3833 = FACE_BOUND('',#3834,.F.);
#3834 = EDGE_LOOP('',(#3835,#3843,#3844,#3845));
#3835 = ORIENTED_EDGE('',*,*,#3836,.T.);
#3836 = EDGE_CURVE('',#3837,#3806,#3839,.T.);
#3837 = VERTEX_POINT('',#3838);
#3838 = CARTESIAN_POINT('',(-22.86,-26.565,-28.4));
#3839 = LINE('',#3840,#3841);
#3840 = CARTESIAN_POINT('',(-33.21,-26.565,-28.4));
#3841 = VECTOR('',#3842,1.);
#3842 = DIRECTION('',(-1.,-0.,0.));
#3843 = ORIENTED_EDGE('',*,*,#3805,.T.);
#3844 = ORIENTED_EDGE('',*,*,#535,.F.);
#3845 = ORIENTED_EDGE('',*,*,#3846,.F.);
#3846 = EDGE_CURVE('',#3837,#536,#3847,.T.);
#3847 = LINE('',#3848,#3849);
#3848 = CARTESIAN_POINT('',(-22.86,-26.565,-29.4));
#3849 = VECTOR('',#3850,1.);
#3850 = DIRECTION('',(0.,0.,1.));
#3851 = PLANE('',#3852);
#3852 = AXIS2_PLACEMENT_3D('',#3853,#3854,#3855);
#3853 = CARTESIAN_POINT('',(-27.94,-26.565,-29.4));
#3854 = DIRECTION('',(-0.,1.,0.));
#3855 = DIRECTION('',(0.,0.,1.));
#3856 = ADVANCED_FACE('',(#3857),#3875,.T.);
#3857 = FACE_BOUND('',#3858,.T.);
#3858 = EDGE_LOOP('',(#3859,#3867,#3868,#3869));
#3859 = ORIENTED_EDGE('',*,*,#3860,.T.);
#3860 = EDGE_CURVE('',#3861,#3814,#3863,.T.);
#3861 = VERTEX_POINT('',#3862);
#3862 = CARTESIAN_POINT('',(-22.86,-29.315,-28.4));
#3863 = LINE('',#3864,#3865);
#3864 = CARTESIAN_POINT('',(-33.21,-29.315,-28.4));
#3865 = VECTOR('',#3866,1.);
#3866 = DIRECTION('',(-1.,-0.,0.));
#3867 = ORIENTED_EDGE('',*,*,#3822,.T.);
#3868 = ORIENTED_EDGE('',*,*,#561,.F.);
#3869 = ORIENTED_EDGE('',*,*,#3870,.F.);
#3870 = EDGE_CURVE('',#3861,#553,#3871,.T.);
#3871 = LINE('',#3872,#3873);
#3872 = CARTESIAN_POINT('',(-22.86,-29.315,-29.4));
#3873 = VECTOR('',#3874,1.);
#3874 = DIRECTION('',(0.,0.,1.));
#3875 = PLANE('',#3876);
#3876 = AXIS2_PLACEMENT_3D('',#3877,#3878,#3879);
#3877 = CARTESIAN_POINT('',(-27.94,-29.315,-29.4));
#3878 = DIRECTION('',(-0.,1.,0.));
#3879 = DIRECTION('',(0.,0.,1.));
#3880 = ADVANCED_FACE('',(#3881),#3900,.F.);
#3881 = FACE_BOUND('',#3882,.F.);
#3882 = EDGE_LOOP('',(#3883,#3884,#3892,#3899));
#3883 = ORIENTED_EDGE('',*,*,#569,.F.);
#3884 = ORIENTED_EDGE('',*,*,#3885,.F.);
#3885 = EDGE_CURVE('',#3886,#570,#3888,.T.);
#3886 = VERTEX_POINT('',#3887);
#3887 = CARTESIAN_POINT('',(-21.485,-22.86,-28.4));
#3888 = LINE('',#3889,#3890);
#3889 = CARTESIAN_POINT('',(-21.485,-22.86,-29.4));
#3890 = VECTOR('',#3891,1.);
#3891 = DIRECTION('',(0.,0.,1.));
#3892 = ORIENTED_EDGE('',*,*,#3893,.T.);
#3893 = EDGE_CURVE('',#3886,#3886,#3894,.T.);
#3894 = CIRCLE('',#3895,1.375);
#3895 = AXIS2_PLACEMENT_3D('',#3896,#3897,#3898);
#3896 = CARTESIAN_POINT('',(-22.86,-22.86,-28.4));
#3897 = DIRECTION('',(0.,0.,1.));
#3898 = DIRECTION('',(1.,0.,-0.));
#3899 = ORIENTED_EDGE('',*,*,#3885,.T.);
#3900 = CYLINDRICAL_SURFACE('',#3901,1.375);
#3901 = AXIS2_PLACEMENT_3D('',#3902,#3903,#3904);
#3902 = CARTESIAN_POINT('',(-22.86,-22.86,-29.4));
#3903 = DIRECTION('',(0.,0.,1.));
#3904 = DIRECTION('',(1.,0.,-0.));
#3905 = ADVANCED_FACE('',(#3906),#3932,.F.);
#3906 = FACE_BOUND('',#3907,.F.);
#3907 = EDGE_LOOP('',(#3908,#3909,#3917,#3926));
#3908 = ORIENTED_EDGE('',*,*,#580,.F.);
#3909 = ORIENTED_EDGE('',*,*,#3910,.F.);
#3910 = EDGE_CURVE('',#3911,#581,#3913,.T.);
#3911 = VERTEX_POINT('',#3912);
#3912 = CARTESIAN_POINT('',(-16.405,-22.86,-28.4));
#3913 = LINE('',#3914,#3915);
#3914 = CARTESIAN_POINT('',(-16.405,-22.86,-29.4));
#3915 = VECTOR('',#3916,1.);
#3916 = DIRECTION('',(0.,0.,1.));
#3917 = ORIENTED_EDGE('',*,*,#3918,.T.);
#3918 = EDGE_CURVE('',#3911,#3919,#3921,.T.);
#3919 = VERTEX_POINT('',#3920);
#3920 = CARTESIAN_POINT('',(-19.155,-22.86,-28.4));
#3921 = CIRCLE('',#3922,1.375);
#3922 = AXIS2_PLACEMENT_3D('',#3923,#3924,#3925);
#3923 = CARTESIAN_POINT('',(-17.78,-22.86,-28.4));
#3924 = DIRECTION('',(0.,0.,1.));
#3925 = DIRECTION('',(1.,0.,-0.));
#3926 = ORIENTED_EDGE('',*,*,#3927,.T.);
#3927 = EDGE_CURVE('',#3919,#583,#3928,.T.);
#3928 = LINE('',#3929,#3930);
#3929 = CARTESIAN_POINT('',(-19.155,-22.86,-29.4));
#3930 = VECTOR('',#3931,1.);
#3931 = DIRECTION('',(0.,0.,1.));
#3932 = CYLINDRICAL_SURFACE('',#3933,1.375);
#3933 = AXIS2_PLACEMENT_3D('',#3934,#3935,#3936);
#3934 = CARTESIAN_POINT('',(-17.78,-22.86,-29.4));
#3935 = DIRECTION('',(0.,0.,1.));
#3936 = DIRECTION('',(1.,0.,-0.));
#3937 = ADVANCED_FACE('',(#3938),#3956,.F.);
#3938 = FACE_BOUND('',#3939,.F.);
#3939 = EDGE_LOOP('',(#3940,#3948,#3954,#3955));
#3940 = ORIENTED_EDGE('',*,*,#3941,.F.);
#3941 = EDGE_CURVE('',#3942,#592,#3944,.T.);
#3942 = VERTEX_POINT('',#3943);
#3943 = CARTESIAN_POINT('',(-16.405,-27.94,-28.4));
#3944 = LINE('',#3945,#3946);
#3945 = CARTESIAN_POINT('',(-16.405,-27.94,-29.4));
#3946 = VECTOR('',#3947,1.);
#3947 = DIRECTION('',(0.,0.,1.));
#3948 = ORIENTED_EDGE('',*,*,#3949,.T.);
#3949 = EDGE_CURVE('',#3942,#3911,#3950,.T.);
#3950 = LINE('',#3951,#3952);
#3951 = CARTESIAN_POINT('',(-16.405,-33.21,-28.4));
#3952 = VECTOR('',#3953,1.);
#3953 = DIRECTION('',(-0.,1.,0.));
#3954 = ORIENTED_EDGE('',*,*,#3910,.T.);
#3955 = ORIENTED_EDGE('',*,*,#591,.F.);
#3956 = PLANE('',#3957);
#3957 = AXIS2_PLACEMENT_3D('',#3958,#3959,#3960);
#3958 = CARTESIAN_POINT('',(-16.405,-27.94,-29.4));
#3959 = DIRECTION('',(1.,0.,-0.));
#3960 = DIRECTION('',(0.,0.,1.));
#3961 = ADVANCED_FACE('',(#3962),#3980,.T.);
#3962 = FACE_BOUND('',#3963,.T.);
#3963 = EDGE_LOOP('',(#3964,#3972,#3978,#3979));
#3964 = ORIENTED_EDGE('',*,*,#3965,.F.);
#3965 = EDGE_CURVE('',#3966,#600,#3968,.T.);
#3966 = VERTEX_POINT('',#3967);
#3967 = CARTESIAN_POINT('',(-19.155,-27.94,-28.4));
#3968 = LINE('',#3969,#3970);
#3969 = CARTESIAN_POINT('',(-19.155,-27.94,-29.4));
#3970 = VECTOR('',#3971,1.);
#3971 = DIRECTION('',(0.,0.,1.));
#3972 = ORIENTED_EDGE('',*,*,#3973,.T.);
#3973 = EDGE_CURVE('',#3966,#3919,#3974,.T.);
#3974 = LINE('',#3975,#3976);
#3975 = CARTESIAN_POINT('',(-19.155,-33.21,-28.4));
#3976 = VECTOR('',#3977,1.);
#3977 = DIRECTION('',(-0.,1.,0.));
#3978 = ORIENTED_EDGE('',*,*,#3927,.T.);
#3979 = ORIENTED_EDGE('',*,*,#608,.F.);
#3980 = PLANE('',#3981);
#3981 = AXIS2_PLACEMENT_3D('',#3982,#3983,#3984);
#3982 = CARTESIAN_POINT('',(-19.155,-27.94,-29.4));
#3983 = DIRECTION('',(1.,0.,-0.));
#3984 = DIRECTION('',(0.,0.,1.));
#3985 = ADVANCED_FACE('',(#3986),#3998,.F.);
#3986 = FACE_BOUND('',#3987,.F.);
#3987 = EDGE_LOOP('',(#3988,#3989,#3990,#3991));
#3988 = ORIENTED_EDGE('',*,*,#3941,.T.);
#3989 = ORIENTED_EDGE('',*,*,#599,.F.);
#3990 = ORIENTED_EDGE('',*,*,#3965,.F.);
#3991 = ORIENTED_EDGE('',*,*,#3992,.T.);
#3992 = EDGE_CURVE('',#3966,#3942,#3993,.T.);
#3993 = CIRCLE('',#3994,1.375);
#3994 = AXIS2_PLACEMENT_3D('',#3995,#3996,#3997);
#3995 = CARTESIAN_POINT('',(-17.78,-27.94,-28.4));
#3996 = DIRECTION('',(0.,0.,1.));
#3997 = DIRECTION('',(1.,0.,-0.));
#3998 = CYLINDRICAL_SURFACE('',#3999,1.375);
#3999 = AXIS2_PLACEMENT_3D('',#4000,#4001,#4002);
#4000 = CARTESIAN_POINT('',(-17.78,-27.94,-29.4));
#4001 = DIRECTION('',(0.,0.,1.));
#4002 = DIRECTION('',(1.,0.,-0.));
#4003 = ADVANCED_FACE('',(#4004),#4030,.F.);
#4004 = FACE_BOUND('',#4005,.F.);
#4005 = EDGE_LOOP('',(#4006,#4007,#4015,#4024));
#4006 = ORIENTED_EDGE('',*,*,#616,.F.);
#4007 = ORIENTED_EDGE('',*,*,#4008,.F.);
#4008 = EDGE_CURVE('',#4009,#617,#4011,.T.);
#4009 = VERTEX_POINT('',#4010);
#4010 = CARTESIAN_POINT('',(-26.565,-17.78,-28.4));
#4011 = LINE('',#4012,#4013);
#4012 = CARTESIAN_POINT('',(-26.565,-17.78,-29.4));
#4013 = VECTOR('',#4014,1.);
#4014 = DIRECTION('',(0.,0.,1.));
#4015 = ORIENTED_EDGE('',*,*,#4016,.T.);
#4016 = EDGE_CURVE('',#4009,#4017,#4019,.T.);
#4017 = VERTEX_POINT('',#4018);
#4018 = CARTESIAN_POINT('',(-29.315,-17.78,-28.4));
#4019 = CIRCLE('',#4020,1.375);
#4020 = AXIS2_PLACEMENT_3D('',#4021,#4022,#4023);
#4021 = CARTESIAN_POINT('',(-27.94,-17.78,-28.4));
#4022 = DIRECTION('',(0.,0.,1.));
#4023 = DIRECTION('',(1.,0.,-0.));
#4024 = ORIENTED_EDGE('',*,*,#4025,.T.);
#4025 = EDGE_CURVE('',#4017,#619,#4026,.T.);
#4026 = LINE('',#4027,#4028);
#4027 = CARTESIAN_POINT('',(-29.315,-17.78,-29.4));
#4028 = VECTOR('',#4029,1.);
#4029 = DIRECTION('',(0.,0.,1.));
#4030 = CYLINDRICAL_SURFACE('',#4031,1.375);
#4031 = AXIS2_PLACEMENT_3D('',#4032,#4033,#4034);
#4032 = CARTESIAN_POINT('',(-27.94,-17.78,-29.4));
#4033 = DIRECTION('',(0.,0.,1.));
#4034 = DIRECTION('',(1.,0.,-0.));
#4035 = ADVANCED_FACE('',(#4036),#4054,.F.);
#4036 = FACE_BOUND('',#4037,.F.);
#4037 = EDGE_LOOP('',(#4038,#4046,#4052,#4053));
#4038 = ORIENTED_EDGE('',*,*,#4039,.F.);
#4039 = EDGE_CURVE('',#4040,#628,#4042,.T.);
#4040 = VERTEX_POINT('',#4041);
#4041 = CARTESIAN_POINT('',(-26.565,-22.86,-28.4));
#4042 = LINE('',#4043,#4044);
#4043 = CARTESIAN_POINT('',(-26.565,-22.86,-29.4));
#4044 = VECTOR('',#4045,1.);
#4045 = DIRECTION('',(0.,0.,1.));
#4046 = ORIENTED_EDGE('',*,*,#4047,.T.);
#4047 = EDGE_CURVE('',#4040,#4009,#4048,.T.);
#4048 = LINE('',#4049,#4050);
#4049 = CARTESIAN_POINT('',(-26.565,-30.67,-28.4));
#4050 = VECTOR('',#4051,1.);
#4051 = DIRECTION('',(-0.,1.,0.));
#4052 = ORIENTED_EDGE('',*,*,#4008,.T.);
#4053 = ORIENTED_EDGE('',*,*,#627,.F.);
#4054 = PLANE('',#4055);
#4055 = AXIS2_PLACEMENT_3D('',#4056,#4057,#4058);
#4056 = CARTESIAN_POINT('',(-26.565,-22.86,-29.4));
#4057 = DIRECTION('',(1.,0.,-0.));
#4058 = DIRECTION('',(0.,0.,1.));
#4059 = ADVANCED_FACE('',(#4060),#4078,.T.);
#4060 = FACE_BOUND('',#4061,.T.);
#4061 = EDGE_LOOP('',(#4062,#4070,#4076,#4077));
#4062 = ORIENTED_EDGE('',*,*,#4063,.F.);
#4063 = EDGE_CURVE('',#4064,#636,#4066,.T.);
#4064 = VERTEX_POINT('',#4065);
#4065 = CARTESIAN_POINT('',(-29.315,-22.86,-28.4));
#4066 = LINE('',#4067,#4068);
#4067 = CARTESIAN_POINT('',(-29.315,-22.86,-29.4));
#4068 = VECTOR('',#4069,1.);
#4069 = DIRECTION('',(0.,0.,1.));
#4070 = ORIENTED_EDGE('',*,*,#4071,.T.);
#4071 = EDGE_CURVE('',#4064,#4017,#4072,.T.);
#4072 = LINE('',#4073,#4074);
#4073 = CARTESIAN_POINT('',(-29.315,-30.67,-28.4));
#4074 = VECTOR('',#4075,1.);
#4075 = DIRECTION('',(-0.,1.,0.));
#4076 = ORIENTED_EDGE('',*,*,#4025,.T.);
#4077 = ORIENTED_EDGE('',*,*,#644,.F.);
#4078 = PLANE('',#4079);
#4079 = AXIS2_PLACEMENT_3D('',#4080,#4081,#4082);
#4080 = CARTESIAN_POINT('',(-29.315,-22.86,-29.4));
#4081 = DIRECTION('',(1.,0.,-0.));
#4082 = DIRECTION('',(0.,0.,1.));
#4083 = ADVANCED_FACE('',(#4084),#4096,.F.);
#4084 = FACE_BOUND('',#4085,.F.);
#4085 = EDGE_LOOP('',(#4086,#4087,#4088,#4089));
#4086 = ORIENTED_EDGE('',*,*,#4039,.T.);
#4087 = ORIENTED_EDGE('',*,*,#635,.F.);
#4088 = ORIENTED_EDGE('',*,*,#4063,.F.);
#4089 = ORIENTED_EDGE('',*,*,#4090,.T.);
#4090 = EDGE_CURVE('',#4064,#4040,#4091,.T.);
#4091 = CIRCLE('',#4092,1.375);
#4092 = AXIS2_PLACEMENT_3D('',#4093,#4094,#4095);
#4093 = CARTESIAN_POINT('',(-27.94,-22.86,-28.4));
#4094 = DIRECTION('',(0.,0.,1.));
#4095 = DIRECTION('',(1.,0.,-0.));
#4096 = CYLINDRICAL_SURFACE('',#4097,1.375);
#4097 = AXIS2_PLACEMENT_3D('',#4098,#4099,#4100);
#4098 = CARTESIAN_POINT('',(-27.94,-22.86,-29.4));
#4099 = DIRECTION('',(0.,0.,1.));
#4100 = DIRECTION('',(1.,0.,-0.));
#4101 = ADVANCED_FACE('',(#4102),#4128,.F.);
#4102 = FACE_BOUND('',#4103,.F.);
#4103 = EDGE_LOOP('',(#4104,#4105,#4113,#4122));
#4104 = ORIENTED_EDGE('',*,*,#652,.F.);
#4105 = ORIENTED_EDGE('',*,*,#4106,.F.);
#4106 = EDGE_CURVE('',#4107,#653,#4109,.T.);
#4107 = VERTEX_POINT('',#4108);
#4108 = CARTESIAN_POINT('',(-22.86,-16.405,-28.4));
#4109 = LINE('',#4110,#4111);
#4110 = CARTESIAN_POINT('',(-22.86,-16.405,-29.4));
#4111 = VECTOR('',#4112,1.);
#4112 = DIRECTION('',(0.,0.,1.));
#4113 = ORIENTED_EDGE('',*,*,#4114,.T.);
#4114 = EDGE_CURVE('',#4107,#4115,#4117,.T.);
#4115 = VERTEX_POINT('',#4116);
#4116 = CARTESIAN_POINT('',(-22.86,-19.155,-28.4));
#4117 = CIRCLE('',#4118,1.375);
#4118 = AXIS2_PLACEMENT_3D('',#4119,#4120,#4121);
#4119 = CARTESIAN_POINT('',(-22.86,-17.78,-28.4));
#4120 = DIRECTION('',(0.,0.,1.));
#4121 = DIRECTION('',(1.,0.,-0.));
#4122 = ORIENTED_EDGE('',*,*,#4123,.T.);
#4123 = EDGE_CURVE('',#4115,#655,#4124,.T.);
#4124 = LINE('',#4125,#4126);
#4125 = CARTESIAN_POINT('',(-22.86,-19.155,-29.4));
#4126 = VECTOR('',#4127,1.);
#4127 = DIRECTION('',(0.,0.,1.));
#4128 = CYLINDRICAL_SURFACE('',#4129,1.375);
#4129 = AXIS2_PLACEMENT_3D('',#4130,#4131,#4132);
#4130 = CARTESIAN_POINT('',(-22.86,-17.78,-29.4));
#4131 = DIRECTION('',(0.,0.,1.));
#4132 = DIRECTION('',(1.,0.,-0.));
#4133 = ADVANCED_FACE('',(#4134),#4152,.F.);
#4134 = FACE_BOUND('',#4135,.F.);
#4135 = EDGE_LOOP('',(#4136,#4144,#4145,#4146));
#4136 = ORIENTED_EDGE('',*,*,#4137,.T.);
#4137 = EDGE_CURVE('',#4138,#4107,#4140,.T.);
#4138 = VERTEX_POINT('',#4139);
#4139 = CARTESIAN_POINT('',(-17.78,-16.405,-28.4));
#4140 = LINE('',#4141,#4142);
#4141 = CARTESIAN_POINT('',(-30.67,-16.405,-28.4));
#4142 = VECTOR('',#4143,1.);
#4143 = DIRECTION('',(-1.,-0.,0.));
#4144 = ORIENTED_EDGE('',*,*,#4106,.T.);
#4145 = ORIENTED_EDGE('',*,*,#663,.F.);
#4146 = ORIENTED_EDGE('',*,*,#4147,.F.);
#4147 = EDGE_CURVE('',#4138,#664,#4148,.T.);
#4148 = LINE('',#4149,#4150);
#4149 = CARTESIAN_POINT('',(-17.78,-16.405,-29.4));
#4150 = VECTOR('',#4151,1.);
#4151 = DIRECTION('',(0.,0.,1.));
#4152 = PLANE('',#4153);
#4153 = AXIS2_PLACEMENT_3D('',#4154,#4155,#4156);
#4154 = CARTESIAN_POINT('',(-22.86,-16.405,-29.4));
#4155 = DIRECTION('',(-0.,1.,0.));
#4156 = DIRECTION('',(0.,0.,1.));
#4157 = ADVANCED_FACE('',(#4158),#4176,.T.);
#4158 = FACE_BOUND('',#4159,.T.);
#4159 = EDGE_LOOP('',(#4160,#4168,#4169,#4170));
#4160 = ORIENTED_EDGE('',*,*,#4161,.T.);
#4161 = EDGE_CURVE('',#4162,#4115,#4164,.T.);
#4162 = VERTEX_POINT('',#4163);
#4163 = CARTESIAN_POINT('',(-17.78,-19.155,-28.4));
#4164 = LINE('',#4165,#4166);
#4165 = CARTESIAN_POINT('',(-30.67,-19.155,-28.4));
#4166 = VECTOR('',#4167,1.);
#4167 = DIRECTION('',(-1.,-0.,0.));
#4168 = ORIENTED_EDGE('',*,*,#4123,.T.);
#4169 = ORIENTED_EDGE('',*,*,#689,.F.);
#4170 = ORIENTED_EDGE('',*,*,#4171,.F.);
#4171 = EDGE_CURVE('',#4162,#681,#4172,.T.);
#4172 = LINE('',#4173,#4174);
#4173 = CARTESIAN_POINT('',(-17.78,-19.155,-29.4));
#4174 = VECTOR('',#4175,1.);
#4175 = DIRECTION('',(0.,0.,1.));
#4176 = PLANE('',#4177);
#4177 = AXIS2_PLACEMENT_3D('',#4178,#4179,#4180);
#4178 = CARTESIAN_POINT('',(-22.86,-19.155,-29.4));
#4179 = DIRECTION('',(-0.,1.,0.));
#4180 = DIRECTION('',(0.,0.,1.));
#4181 = ADVANCED_FACE('',(#4182),#4208,.F.);
#4182 = FACE_BOUND('',#4183,.F.);
#4183 = EDGE_LOOP('',(#4184,#4185,#4193,#4202));
#4184 = ORIENTED_EDGE('',*,*,#697,.F.);
#4185 = ORIENTED_EDGE('',*,*,#4186,.F.);
#4186 = EDGE_CURVE('',#4187,#698,#4189,.T.);
#4187 = VERTEX_POINT('',#4188);
#4188 = CARTESIAN_POINT('',(-12.7,-26.565,-28.4));
#4189 = LINE('',#4190,#4191);
#4190 = CARTESIAN_POINT('',(-12.7,-26.565,-29.4));
#4191 = VECTOR('',#4192,1.);
#4192 = DIRECTION('',(0.,0.,1.));
#4193 = ORIENTED_EDGE('',*,*,#4194,.T.);
#4194 = EDGE_CURVE('',#4187,#4195,#4197,.T.);
#4195 = VERTEX_POINT('',#4196);
#4196 = CARTESIAN_POINT('',(-12.7,-29.315,-28.4));
#4197 = CIRCLE('',#4198,1.375);
#4198 = AXIS2_PLACEMENT_3D('',#4199,#4200,#4201);
#4199 = CARTESIAN_POINT('',(-12.7,-27.94,-28.4));
#4200 = DIRECTION('',(0.,0.,1.));
#4201 = DIRECTION('',(1.,0.,-0.));
#4202 = ORIENTED_EDGE('',*,*,#4203,.T.);
#4203 = EDGE_CURVE('',#4195,#700,#4204,.T.);
#4204 = LINE('',#4205,#4206);
#4205 = CARTESIAN_POINT('',(-12.7,-29.315,-29.4));
#4206 = VECTOR('',#4207,1.);
#4207 = DIRECTION('',(0.,0.,1.));
#4208 = CYLINDRICAL_SURFACE('',#4209,1.375);
#4209 = AXIS2_PLACEMENT_3D('',#4210,#4211,#4212);
#4210 = CARTESIAN_POINT('',(-12.7,-27.94,-29.4));
#4211 = DIRECTION('',(0.,0.,1.));
#4212 = DIRECTION('',(1.,0.,-0.));
#4213 = ADVANCED_FACE('',(#4214),#4232,.F.);
#4214 = FACE_BOUND('',#4215,.F.);
#4215 = EDGE_LOOP('',(#4216,#4224,#4225,#4226));
#4216 = ORIENTED_EDGE('',*,*,#4217,.T.);
#4217 = EDGE_CURVE('',#4218,#4187,#4220,.T.);
#4218 = VERTEX_POINT('',#4219);
#4219 = CARTESIAN_POINT('',(-7.62,-26.565,-28.4));
#4220 = LINE('',#4221,#4222);
#4221 = CARTESIAN_POINT('',(-25.59,-26.565,-28.4));
#4222 = VECTOR('',#4223,1.);
#4223 = DIRECTION('',(-1.,-0.,0.));
#4224 = ORIENTED_EDGE('',*,*,#4186,.T.);
#4225 = ORIENTED_EDGE('',*,*,#708,.F.);
#4226 = ORIENTED_EDGE('',*,*,#4227,.F.);
#4227 = EDGE_CURVE('',#4218,#709,#4228,.T.);
#4228 = LINE('',#4229,#4230);
#4229 = CARTESIAN_POINT('',(-7.62,-26.565,-29.4));
#4230 = VECTOR('',#4231,1.);
#4231 = DIRECTION('',(0.,0.,1.));
#4232 = PLANE('',#4233);
#4233 = AXIS2_PLACEMENT_3D('',#4234,#4235,#4236);
#4234 = CARTESIAN_POINT('',(-12.7,-26.565,-29.4));
#4235 = DIRECTION('',(-0.,1.,0.));
#4236 = DIRECTION('',(0.,0.,1.));
#4237 = ADVANCED_FACE('',(#4238),#4256,.T.);
#4238 = FACE_BOUND('',#4239,.T.);
#4239 = EDGE_LOOP('',(#4240,#4248,#4249,#4250));
#4240 = ORIENTED_EDGE('',*,*,#4241,.T.);
#4241 = EDGE_CURVE('',#4242,#4195,#4244,.T.);
#4242 = VERTEX_POINT('',#4243);
#4243 = CARTESIAN_POINT('',(-7.62,-29.315,-28.4));
#4244 = LINE('',#4245,#4246);
#4245 = CARTESIAN_POINT('',(-25.59,-29.315,-28.4));
#4246 = VECTOR('',#4247,1.);
#4247 = DIRECTION('',(-1.,-0.,0.));
#4248 = ORIENTED_EDGE('',*,*,#4203,.T.);
#4249 = ORIENTED_EDGE('',*,*,#734,.F.);
#4250 = ORIENTED_EDGE('',*,*,#4251,.F.);
#4251 = EDGE_CURVE('',#4242,#726,#4252,.T.);
#4252 = LINE('',#4253,#4254);
#4253 = CARTESIAN_POINT('',(-7.62,-29.315,-29.4));
#4254 = VECTOR('',#4255,1.);
#4255 = DIRECTION('',(0.,0.,1.));
#4256 = PLANE('',#4257);
#4257 = AXIS2_PLACEMENT_3D('',#4258,#4259,#4260);
#4258 = CARTESIAN_POINT('',(-12.7,-29.315,-29.4));
#4259 = DIRECTION('',(-0.,1.,0.));
#4260 = DIRECTION('',(0.,0.,1.));
#4261 = ADVANCED_FACE('',(#4262),#4281,.F.);
#4262 = FACE_BOUND('',#4263,.F.);
#4263 = EDGE_LOOP('',(#4264,#4265,#4273,#4280));
#4264 = ORIENTED_EDGE('',*,*,#742,.F.);
#4265 = ORIENTED_EDGE('',*,*,#4266,.F.);
#4266 = EDGE_CURVE('',#4267,#743,#4269,.T.);
#4267 = VERTEX_POINT('',#4268);
#4268 = CARTESIAN_POINT('',(-6.245,-22.86,-28.4));
#4269 = LINE('',#4270,#4271);
#4270 = CARTESIAN_POINT('',(-6.245,-22.86,-29.4));
#4271 = VECTOR('',#4272,1.);
#4272 = DIRECTION('',(0.,0.,1.));
#4273 = ORIENTED_EDGE('',*,*,#4274,.T.);
#4274 = EDGE_CURVE('',#4267,#4267,#4275,.T.);
#4275 = CIRCLE('',#4276,1.375);
#4276 = AXIS2_PLACEMENT_3D('',#4277,#4278,#4279);
#4277 = CARTESIAN_POINT('',(-7.62,-22.86,-28.4));
#4278 = DIRECTION('',(0.,0.,1.));
#4279 = DIRECTION('',(1.,0.,-0.));
#4280 = ORIENTED_EDGE('',*,*,#4266,.T.);
#4281 = CYLINDRICAL_SURFACE('',#4282,1.375);
#4282 = AXIS2_PLACEMENT_3D('',#4283,#4284,#4285);
#4283 = CARTESIAN_POINT('',(-7.62,-22.86,-29.4));
#4284 = DIRECTION('',(0.,0.,1.));
#4285 = DIRECTION('',(1.,0.,-0.));
#4286 = ADVANCED_FACE('',(#4287),#4313,.F.);
#4287 = FACE_BOUND('',#4288,.F.);
#4288 = EDGE_LOOP('',(#4289,#4290,#4298,#4307));
#4289 = ORIENTED_EDGE('',*,*,#753,.F.);
#4290 = ORIENTED_EDGE('',*,*,#4291,.F.);
#4291 = EDGE_CURVE('',#4292,#754,#4294,.T.);
#4292 = VERTEX_POINT('',#4293);
#4293 = CARTESIAN_POINT('',(-1.165,-22.86,-28.4));
#4294 = LINE('',#4295,#4296);
#4295 = CARTESIAN_POINT('',(-1.165,-22.86,-29.4));
#4296 = VECTOR('',#4297,1.);
#4297 = DIRECTION('',(0.,0.,1.));
#4298 = ORIENTED_EDGE('',*,*,#4299,.T.);
#4299 = EDGE_CURVE('',#4292,#4300,#4302,.T.);
#4300 = VERTEX_POINT('',#4301);
#4301 = CARTESIAN_POINT('',(-3.915,-22.86,-28.4));
#4302 = CIRCLE('',#4303,1.375);
#4303 = AXIS2_PLACEMENT_3D('',#4304,#4305,#4306);
#4304 = CARTESIAN_POINT('',(-2.54,-22.86,-28.4));
#4305 = DIRECTION('',(0.,0.,1.));
#4306 = DIRECTION('',(1.,0.,-0.));
#4307 = ORIENTED_EDGE('',*,*,#4308,.T.);
#4308 = EDGE_CURVE('',#4300,#756,#4309,.T.);
#4309 = LINE('',#4310,#4311);
#4310 = CARTESIAN_POINT('',(-3.915,-22.86,-29.4));
#4311 = VECTOR('',#4312,1.);
#4312 = DIRECTION('',(0.,0.,1.));
#4313 = CYLINDRICAL_SURFACE('',#4314,1.375);
#4314 = AXIS2_PLACEMENT_3D('',#4315,#4316,#4317);
#4315 = CARTESIAN_POINT('',(-2.54,-22.86,-29.4));
#4316 = DIRECTION('',(0.,0.,1.));
#4317 = DIRECTION('',(1.,0.,-0.));
#4318 = ADVANCED_FACE('',(#4319),#4337,.F.);
#4319 = FACE_BOUND('',#4320,.F.);
#4320 = EDGE_LOOP('',(#4321,#4329,#4335,#4336));
#4321 = ORIENTED_EDGE('',*,*,#4322,.F.);
#4322 = EDGE_CURVE('',#4323,#765,#4325,.T.);
#4323 = VERTEX_POINT('',#4324);
#4324 = CARTESIAN_POINT('',(-1.165,-27.94,-28.4));
#4325 = LINE('',#4326,#4327);
#4326 = CARTESIAN_POINT('',(-1.165,-27.94,-29.4));
#4327 = VECTOR('',#4328,1.);
#4328 = DIRECTION('',(0.,0.,1.));
#4329 = ORIENTED_EDGE('',*,*,#4330,.T.);
#4330 = EDGE_CURVE('',#4323,#4292,#4331,.T.);
#4331 = LINE('',#4332,#4333);
#4332 = CARTESIAN_POINT('',(-1.165,-33.21,-28.4));
#4333 = VECTOR('',#4334,1.);
#4334 = DIRECTION('',(-0.,1.,0.));
#4335 = ORIENTED_EDGE('',*,*,#4291,.T.);
#4336 = ORIENTED_EDGE('',*,*,#764,.F.);
#4337 = PLANE('',#4338);
#4338 = AXIS2_PLACEMENT_3D('',#4339,#4340,#4341);
#4339 = CARTESIAN_POINT('',(-1.165,-27.94,-29.4));
#4340 = DIRECTION('',(1.,0.,-0.));
#4341 = DIRECTION('',(0.,0.,1.));
#4342 = ADVANCED_FACE('',(#4343),#4361,.T.);
#4343 = FACE_BOUND('',#4344,.T.);
#4344 = EDGE_LOOP('',(#4345,#4353,#4359,#4360));
#4345 = ORIENTED_EDGE('',*,*,#4346,.F.);
#4346 = EDGE_CURVE('',#4347,#773,#4349,.T.);
#4347 = VERTEX_POINT('',#4348);
#4348 = CARTESIAN_POINT('',(-3.915,-27.94,-28.4));
#4349 = LINE('',#4350,#4351);
#4350 = CARTESIAN_POINT('',(-3.915,-27.94,-29.4));
#4351 = VECTOR('',#4352,1.);
#4352 = DIRECTION('',(0.,0.,1.));
#4353 = ORIENTED_EDGE('',*,*,#4354,.T.);
#4354 = EDGE_CURVE('',#4347,#4300,#4355,.T.);
#4355 = LINE('',#4356,#4357);
#4356 = CARTESIAN_POINT('',(-3.915,-33.21,-28.4));
#4357 = VECTOR('',#4358,1.);
#4358 = DIRECTION('',(-0.,1.,0.));
#4359 = ORIENTED_EDGE('',*,*,#4308,.T.);
#4360 = ORIENTED_EDGE('',*,*,#781,.F.);
#4361 = PLANE('',#4362);
#4362 = AXIS2_PLACEMENT_3D('',#4363,#4364,#4365);
#4363 = CARTESIAN_POINT('',(-3.915,-27.94,-29.4));
#4364 = DIRECTION('',(1.,0.,-0.));
#4365 = DIRECTION('',(0.,0.,1.));
#4366 = ADVANCED_FACE('',(#4367),#4379,.F.);
#4367 = FACE_BOUND('',#4368,.F.);
#4368 = EDGE_LOOP('',(#4369,#4370,#4371,#4372));
#4369 = ORIENTED_EDGE('',*,*,#4322,.T.);
#4370 = ORIENTED_EDGE('',*,*,#772,.F.);
#4371 = ORIENTED_EDGE('',*,*,#4346,.F.);
#4372 = ORIENTED_EDGE('',*,*,#4373,.T.);
#4373 = EDGE_CURVE('',#4347,#4323,#4374,.T.);
#4374 = CIRCLE('',#4375,1.375);
#4375 = AXIS2_PLACEMENT_3D('',#4376,#4377,#4378);
#4376 = CARTESIAN_POINT('',(-2.54,-27.94,-28.4));
#4377 = DIRECTION('',(0.,0.,1.));
#4378 = DIRECTION('',(1.,0.,-0.));
#4379 = CYLINDRICAL_SURFACE('',#4380,1.375);
#4380 = AXIS2_PLACEMENT_3D('',#4381,#4382,#4383);
#4381 = CARTESIAN_POINT('',(-2.54,-27.94,-29.4));
#4382 = DIRECTION('',(0.,0.,1.));
#4383 = DIRECTION('',(1.,0.,-0.));
#4384 = ADVANCED_FACE('',(#4385),#4411,.F.);
#4385 = FACE_BOUND('',#4386,.F.);
#4386 = EDGE_LOOP('',(#4387,#4388,#4396,#4405));
#4387 = ORIENTED_EDGE('',*,*,#789,.F.);
#4388 = ORIENTED_EDGE('',*,*,#4389,.F.);
#4389 = EDGE_CURVE('',#4390,#790,#4392,.T.);
#4390 = VERTEX_POINT('',#4391);
#4391 = CARTESIAN_POINT('',(-11.325,-17.78,-28.4));
#4392 = LINE('',#4393,#4394);
#4393 = CARTESIAN_POINT('',(-11.325,-17.78,-29.4));
#4394 = VECTOR('',#4395,1.);
#4395 = DIRECTION('',(0.,0.,1.));
#4396 = ORIENTED_EDGE('',*,*,#4397,.T.);
#4397 = EDGE_CURVE('',#4390,#4398,#4400,.T.);
#4398 = VERTEX_POINT('',#4399);
#4399 = CARTESIAN_POINT('',(-14.075,-17.78,-28.4));
#4400 = CIRCLE('',#4401,1.375);
#4401 = AXIS2_PLACEMENT_3D('',#4402,#4403,#4404);
#4402 = CARTESIAN_POINT('',(-12.7,-17.78,-28.4));
#4403 = DIRECTION('',(0.,0.,1.));
#4404 = DIRECTION('',(1.,0.,-0.));
#4405 = ORIENTED_EDGE('',*,*,#4406,.T.);
#4406 = EDGE_CURVE('',#4398,#792,#4407,.T.);
#4407 = LINE('',#4408,#4409);
#4408 = CARTESIAN_POINT('',(-14.075,-17.78,-29.4));
#4409 = VECTOR('',#4410,1.);
#4410 = DIRECTION('',(0.,0.,1.));
#4411 = CYLINDRICAL_SURFACE('',#4412,1.375);
#4412 = AXIS2_PLACEMENT_3D('',#4413,#4414,#4415);
#4413 = CARTESIAN_POINT('',(-12.7,-17.78,-29.4));
#4414 = DIRECTION('',(0.,0.,1.));
#4415 = DIRECTION('',(1.,0.,-0.));
#4416 = ADVANCED_FACE('',(#4417),#4435,.F.);
#4417 = FACE_BOUND('',#4418,.F.);
#4418 = EDGE_LOOP('',(#4419,#4427,#4433,#4434));
#4419 = ORIENTED_EDGE('',*,*,#4420,.F.);
#4420 = EDGE_CURVE('',#4421,#801,#4423,.T.);
#4421 = VERTEX_POINT('',#4422);
#4422 = CARTESIAN_POINT('',(-11.325,-22.86,-28.4));
#4423 = LINE('',#4424,#4425);
#4424 = CARTESIAN_POINT('',(-11.325,-22.86,-29.4));
#4425 = VECTOR('',#4426,1.);
#4426 = DIRECTION('',(0.,0.,1.));
#4427 = ORIENTED_EDGE('',*,*,#4428,.T.);
#4428 = EDGE_CURVE('',#4421,#4390,#4429,.T.);
#4429 = LINE('',#4430,#4431);
#4430 = CARTESIAN_POINT('',(-11.325,-30.67,-28.4));
#4431 = VECTOR('',#4432,1.);
#4432 = DIRECTION('',(-0.,1.,0.));
#4433 = ORIENTED_EDGE('',*,*,#4389,.T.);
#4434 = ORIENTED_EDGE('',*,*,#800,.F.);
#4435 = PLANE('',#4436);
#4436 = AXIS2_PLACEMENT_3D('',#4437,#4438,#4439);
#4437 = CARTESIAN_POINT('',(-11.325,-22.86,-29.4));
#4438 = DIRECTION('',(1.,0.,-0.));
#4439 = DIRECTION('',(0.,0.,1.));
#4440 = ADVANCED_FACE('',(#4441),#4459,.T.);
#4441 = FACE_BOUND('',#4442,.T.);
#4442 = EDGE_LOOP('',(#4443,#4451,#4457,#4458));
#4443 = ORIENTED_EDGE('',*,*,#4444,.F.);
#4444 = EDGE_CURVE('',#4445,#809,#4447,.T.);
#4445 = VERTEX_POINT('',#4446);
#4446 = CARTESIAN_POINT('',(-14.075,-22.86,-28.4));
#4447 = LINE('',#4448,#4449);
#4448 = CARTESIAN_POINT('',(-14.075,-22.86,-29.4));
#4449 = VECTOR('',#4450,1.);
#4450 = DIRECTION('',(0.,0.,1.));
#4451 = ORIENTED_EDGE('',*,*,#4452,.T.);
#4452 = EDGE_CURVE('',#4445,#4398,#4453,.T.);
#4453 = LINE('',#4454,#4455);
#4454 = CARTESIAN_POINT('',(-14.075,-30.67,-28.4));
#4455 = VECTOR('',#4456,1.);
#4456 = DIRECTION('',(-0.,1.,0.));
#4457 = ORIENTED_EDGE('',*,*,#4406,.T.);
#4458 = ORIENTED_EDGE('',*,*,#817,.F.);
#4459 = PLANE('',#4460);
#4460 = AXIS2_PLACEMENT_3D('',#4461,#4462,#4463);
#4461 = CARTESIAN_POINT('',(-14.075,-22.86,-29.4));
#4462 = DIRECTION('',(1.,0.,-0.));
#4463 = DIRECTION('',(0.,0.,1.));
#4464 = ADVANCED_FACE('',(#4465),#4477,.F.);
#4465 = FACE_BOUND('',#4466,.F.);
#4466 = EDGE_LOOP('',(#4467,#4468,#4469,#4470));
#4467 = ORIENTED_EDGE('',*,*,#4420,.T.);
#4468 = ORIENTED_EDGE('',*,*,#808,.F.);
#4469 = ORIENTED_EDGE('',*,*,#4444,.F.);
#4470 = ORIENTED_EDGE('',*,*,#4471,.T.);
#4471 = EDGE_CURVE('',#4445,#4421,#4472,.T.);
#4472 = CIRCLE('',#4473,1.375);
#4473 = AXIS2_PLACEMENT_3D('',#4474,#4475,#4476);
#4474 = CARTESIAN_POINT('',(-12.7,-22.86,-28.4));
#4475 = DIRECTION('',(0.,0.,1.));
#4476 = DIRECTION('',(1.,0.,-0.));
#4477 = CYLINDRICAL_SURFACE('',#4478,1.375);
#4478 = AXIS2_PLACEMENT_3D('',#4479,#4480,#4481);
#4479 = CARTESIAN_POINT('',(-12.7,-22.86,-29.4));
#4480 = DIRECTION('',(0.,0.,1.));
#4481 = DIRECTION('',(1.,0.,-0.));
#4482 = ADVANCED_FACE('',(#4483),#4509,.F.);
#4483 = FACE_BOUND('',#4484,.F.);
#4484 = EDGE_LOOP('',(#4485,#4486,#4494,#4503));
#4485 = ORIENTED_EDGE('',*,*,#825,.F.);
#4486 = ORIENTED_EDGE('',*,*,#4487,.F.);
#4487 = EDGE_CURVE('',#4488,#826,#4490,.T.);
#4488 = VERTEX_POINT('',#4489);
#4489 = CARTESIAN_POINT('',(-7.62,-16.405,-28.4));
#4490 = LINE('',#4491,#4492);
#4491 = CARTESIAN_POINT('',(-7.62,-16.405,-29.4));
#4492 = VECTOR('',#4493,1.);
#4493 = DIRECTION('',(0.,0.,1.));
#4494 = ORIENTED_EDGE('',*,*,#4495,.T.);
#4495 = EDGE_CURVE('',#4488,#4496,#4498,.T.);
#4496 = VERTEX_POINT('',#4497);
#4497 = CARTESIAN_POINT('',(-7.62,-19.155,-28.4));
#4498 = CIRCLE('',#4499,1.375);
#4499 = AXIS2_PLACEMENT_3D('',#4500,#4501,#4502);
#4500 = CARTESIAN_POINT('',(-7.62,-17.78,-28.4));
#4501 = DIRECTION('',(0.,0.,1.));
#4502 = DIRECTION('',(1.,0.,-0.));
#4503 = ORIENTED_EDGE('',*,*,#4504,.T.);
#4504 = EDGE_CURVE('',#4496,#828,#4505,.T.);
#4505 = LINE('',#4506,#4507);
#4506 = CARTESIAN_POINT('',(-7.62,-19.155,-29.4));
#4507 = VECTOR('',#4508,1.);
#4508 = DIRECTION('',(0.,0.,1.));
#4509 = CYLINDRICAL_SURFACE('',#4510,1.375);
#4510 = AXIS2_PLACEMENT_3D('',#4511,#4512,#4513);
#4511 = CARTESIAN_POINT('',(-7.62,-17.78,-29.4));
#4512 = DIRECTION('',(0.,0.,1.));
#4513 = DIRECTION('',(1.,0.,-0.));
#4514 = ADVANCED_FACE('',(#4515),#4533,.F.);
#4515 = FACE_BOUND('',#4516,.F.);
#4516 = EDGE_LOOP('',(#4517,#4525,#4526,#4527));
#4517 = ORIENTED_EDGE('',*,*,#4518,.T.);
#4518 = EDGE_CURVE('',#4519,#4488,#4521,.T.);
#4519 = VERTEX_POINT('',#4520);
#4520 = CARTESIAN_POINT('',(-2.54,-16.405,-28.4));
#4521 = LINE('',#4522,#4523);
#4522 = CARTESIAN_POINT('',(-23.05,-16.405,-28.4));
#4523 = VECTOR('',#4524,1.);
#4524 = DIRECTION('',(-1.,-0.,0.));
#4525 = ORIENTED_EDGE('',*,*,#4487,.T.);
#4526 = ORIENTED_EDGE('',*,*,#836,.F.);
#4527 = ORIENTED_EDGE('',*,*,#4528,.F.);
#4528 = EDGE_CURVE('',#4519,#837,#4529,.T.);
#4529 = LINE('',#4530,#4531);
#4530 = CARTESIAN_POINT('',(-2.54,-16.405,-29.4));
#4531 = VECTOR('',#4532,1.);
#4532 = DIRECTION('',(0.,0.,1.));
#4533 = PLANE('',#4534);
#4534 = AXIS2_PLACEMENT_3D('',#4535,#4536,#4537);
#4535 = CARTESIAN_POINT('',(-7.62,-16.405,-29.4));
#4536 = DIRECTION('',(-0.,1.,0.));
#4537 = DIRECTION('',(0.,0.,1.));
#4538 = ADVANCED_FACE('',(#4539),#4557,.T.);
#4539 = FACE_BOUND('',#4540,.T.);
#4540 = EDGE_LOOP('',(#4541,#4549,#4550,#4551));
#4541 = ORIENTED_EDGE('',*,*,#4542,.T.);
#4542 = EDGE_CURVE('',#4543,#4496,#4545,.T.);
#4543 = VERTEX_POINT('',#4544);
#4544 = CARTESIAN_POINT('',(-2.54,-19.155,-28.4));
#4545 = LINE('',#4546,#4547);
#4546 = CARTESIAN_POINT('',(-23.05,-19.155,-28.4));
#4547 = VECTOR('',#4548,1.);
#4548 = DIRECTION('',(-1.,-0.,0.));
#4549 = ORIENTED_EDGE('',*,*,#4504,.T.);
#4550 = ORIENTED_EDGE('',*,*,#862,.F.);
#4551 = ORIENTED_EDGE('',*,*,#4552,.F.);
#4552 = EDGE_CURVE('',#4543,#854,#4553,.T.);
#4553 = LINE('',#4554,#4555);
#4554 = CARTESIAN_POINT('',(-2.54,-19.155,-29.4));
#4555 = VECTOR('',#4556,1.);
#4556 = DIRECTION('',(0.,0.,1.));
#4557 = PLANE('',#4558);
#4558 = AXIS2_PLACEMENT_3D('',#4559,#4560,#4561);
#4559 = CARTESIAN_POINT('',(-7.62,-19.155,-29.4));
#4560 = DIRECTION('',(-0.,1.,0.));
#4561 = DIRECTION('',(0.,0.,1.));
#4562 = ADVANCED_FACE('',(#4563),#4589,.F.);
#4563 = FACE_BOUND('',#4564,.F.);
#4564 = EDGE_LOOP('',(#4565,#4566,#4574,#4583));
#4565 = ORIENTED_EDGE('',*,*,#870,.F.);
#4566 = ORIENTED_EDGE('',*,*,#4567,.F.);
#4567 = EDGE_CURVE('',#4568,#871,#4570,.T.);
#4568 = VERTEX_POINT('',#4569);
#4569 = CARTESIAN_POINT('',(-27.94,-11.325,-28.4));
#4570 = LINE('',#4571,#4572);
#4571 = CARTESIAN_POINT('',(-27.94,-11.325,-29.4));
#4572 = VECTOR('',#4573,1.);
#4573 = DIRECTION('',(0.,0.,1.));
#4574 = ORIENTED_EDGE('',*,*,#4575,.T.);
#4575 = EDGE_CURVE('',#4568,#4576,#4578,.T.);
#4576 = VERTEX_POINT('',#4577);
#4577 = CARTESIAN_POINT('',(-27.94,-14.075,-28.4));
#4578 = CIRCLE('',#4579,1.375);
#4579 = AXIS2_PLACEMENT_3D('',#4580,#4581,#4582);
#4580 = CARTESIAN_POINT('',(-27.94,-12.7,-28.4));
#4581 = DIRECTION('',(0.,0.,1.));
#4582 = DIRECTION('',(1.,0.,-0.));
#4583 = ORIENTED_EDGE('',*,*,#4584,.T.);
#4584 = EDGE_CURVE('',#4576,#873,#4585,.T.);
#4585 = LINE('',#4586,#4587);
#4586 = CARTESIAN_POINT('',(-27.94,-14.075,-29.4));
#4587 = VECTOR('',#4588,1.);
#4588 = DIRECTION('',(0.,0.,1.));
#4589 = CYLINDRICAL_SURFACE('',#4590,1.375);
#4590 = AXIS2_PLACEMENT_3D('',#4591,#4592,#4593);
#4591 = CARTESIAN_POINT('',(-27.94,-12.7,-29.4));
#4592 = DIRECTION('',(0.,0.,1.));
#4593 = DIRECTION('',(1.,0.,-0.));
#4594 = ADVANCED_FACE('',(#4595),#4613,.F.);
#4595 = FACE_BOUND('',#4596,.F.);
#4596 = EDGE_LOOP('',(#4597,#4605,#4606,#4607));
#4597 = ORIENTED_EDGE('',*,*,#4598,.T.);
#4598 = EDGE_CURVE('',#4599,#4568,#4601,.T.);
#4599 = VERTEX_POINT('',#4600);
#4600 = CARTESIAN_POINT('',(-22.86,-11.325,-28.4));
#4601 = LINE('',#4602,#4603);
#4602 = CARTESIAN_POINT('',(-33.21,-11.325,-28.4));
#4603 = VECTOR('',#4604,1.);
#4604 = DIRECTION('',(-1.,-0.,0.));
#4605 = ORIENTED_EDGE('',*,*,#4567,.T.);
#4606 = ORIENTED_EDGE('',*,*,#881,.F.);
#4607 = ORIENTED_EDGE('',*,*,#4608,.F.);
#4608 = EDGE_CURVE('',#4599,#882,#4609,.T.);
#4609 = LINE('',#4610,#4611);
#4610 = CARTESIAN_POINT('',(-22.86,-11.325,-29.4));
#4611 = VECTOR('',#4612,1.);
#4612 = DIRECTION('',(0.,0.,1.));
#4613 = PLANE('',#4614);
#4614 = AXIS2_PLACEMENT_3D('',#4615,#4616,#4617);
#4615 = CARTESIAN_POINT('',(-27.94,-11.325,-29.4));
#4616 = DIRECTION('',(-0.,1.,0.));
#4617 = DIRECTION('',(0.,0.,1.));
#4618 = ADVANCED_FACE('',(#4619),#4637,.T.);
#4619 = FACE_BOUND('',#4620,.T.);
#4620 = EDGE_LOOP('',(#4621,#4629,#4630,#4631));
#4621 = ORIENTED_EDGE('',*,*,#4622,.T.);
#4622 = EDGE_CURVE('',#4623,#4576,#4625,.T.);
#4623 = VERTEX_POINT('',#4624);
#4624 = CARTESIAN_POINT('',(-22.86,-14.075,-28.4));
#4625 = LINE('',#4626,#4627);
#4626 = CARTESIAN_POINT('',(-33.21,-14.075,-28.4));
#4627 = VECTOR('',#4628,1.);
#4628 = DIRECTION('',(-1.,-0.,0.));
#4629 = ORIENTED_EDGE('',*,*,#4584,.T.);
#4630 = ORIENTED_EDGE('',*,*,#907,.F.);
#4631 = ORIENTED_EDGE('',*,*,#4632,.F.);
#4632 = EDGE_CURVE('',#4623,#899,#4633,.T.);
#4633 = LINE('',#4634,#4635);
#4634 = CARTESIAN_POINT('',(-22.86,-14.075,-29.4));
#4635 = VECTOR('',#4636,1.);
#4636 = DIRECTION('',(0.,0.,1.));
#4637 = PLANE('',#4638);
#4638 = AXIS2_PLACEMENT_3D('',#4639,#4640,#4641);
#4639 = CARTESIAN_POINT('',(-27.94,-14.075,-29.4));
#4640 = DIRECTION('',(-0.,1.,0.));
#4641 = DIRECTION('',(0.,0.,1.));
#4642 = ADVANCED_FACE('',(#4643),#4662,.F.);
#4643 = FACE_BOUND('',#4644,.F.);
#4644 = EDGE_LOOP('',(#4645,#4646,#4654,#4661));
#4645 = ORIENTED_EDGE('',*,*,#915,.F.);
#4646 = ORIENTED_EDGE('',*,*,#4647,.F.);
#4647 = EDGE_CURVE('',#4648,#916,#4650,.T.);
#4648 = VERTEX_POINT('',#4649);
#4649 = CARTESIAN_POINT('',(-21.485,-7.62,-28.4));
#4650 = LINE('',#4651,#4652);
#4651 = CARTESIAN_POINT('',(-21.485,-7.62,-29.4));
#4652 = VECTOR('',#4653,1.);
#4653 = DIRECTION('',(0.,0.,1.));
#4654 = ORIENTED_EDGE('',*,*,#4655,.T.);
#4655 = EDGE_CURVE('',#4648,#4648,#4656,.T.);
#4656 = CIRCLE('',#4657,1.375);
#4657 = AXIS2_PLACEMENT_3D('',#4658,#4659,#4660);
#4658 = CARTESIAN_POINT('',(-22.86,-7.62,-28.4));
#4659 = DIRECTION('',(0.,0.,1.));
#4660 = DIRECTION('',(1.,0.,-0.));
#4661 = ORIENTED_EDGE('',*,*,#4647,.T.);
#4662 = CYLINDRICAL_SURFACE('',#4663,1.375);
#4663 = AXIS2_PLACEMENT_3D('',#4664,#4665,#4666);
#4664 = CARTESIAN_POINT('',(-22.86,-7.62,-29.4));
#4665 = DIRECTION('',(0.,0.,1.));
#4666 = DIRECTION('',(1.,0.,-0.));
#4667 = ADVANCED_FACE('',(#4668),#4694,.F.);
#4668 = FACE_BOUND('',#4669,.F.);
#4669 = EDGE_LOOP('',(#4670,#4671,#4679,#4688));
#4670 = ORIENTED_EDGE('',*,*,#926,.F.);
#4671 = ORIENTED_EDGE('',*,*,#4672,.F.);
#4672 = EDGE_CURVE('',#4673,#927,#4675,.T.);
#4673 = VERTEX_POINT('',#4674);
#4674 = CARTESIAN_POINT('',(-16.405,-7.62,-28.4));
#4675 = LINE('',#4676,#4677);
#4676 = CARTESIAN_POINT('',(-16.405,-7.62,-29.4));
#4677 = VECTOR('',#4678,1.);
#4678 = DIRECTION('',(0.,0.,1.));
#4679 = ORIENTED_EDGE('',*,*,#4680,.T.);
#4680 = EDGE_CURVE('',#4673,#4681,#4683,.T.);
#4681 = VERTEX_POINT('',#4682);
#4682 = CARTESIAN_POINT('',(-19.155,-7.62,-28.4));
#4683 = CIRCLE('',#4684,1.375);
#4684 = AXIS2_PLACEMENT_3D('',#4685,#4686,#4687);
#4685 = CARTESIAN_POINT('',(-17.78,-7.62,-28.4));
#4686 = DIRECTION('',(0.,0.,1.));
#4687 = DIRECTION('',(1.,0.,-0.));
#4688 = ORIENTED_EDGE('',*,*,#4689,.T.);
#4689 = EDGE_CURVE('',#4681,#929,#4690,.T.);
#4690 = LINE('',#4691,#4692);
#4691 = CARTESIAN_POINT('',(-19.155,-7.62,-29.4));
#4692 = VECTOR('',#4693,1.);
#4693 = DIRECTION('',(0.,0.,1.));
#4694 = CYLINDRICAL_SURFACE('',#4695,1.375);
#4695 = AXIS2_PLACEMENT_3D('',#4696,#4697,#4698);
#4696 = CARTESIAN_POINT('',(-17.78,-7.62,-29.4));
#4697 = DIRECTION('',(0.,0.,1.));
#4698 = DIRECTION('',(1.,0.,-0.));
#4699 = ADVANCED_FACE('',(#4700),#4718,.F.);
#4700 = FACE_BOUND('',#4701,.F.);
#4701 = EDGE_LOOP('',(#4702,#4710,#4716,#4717));
#4702 = ORIENTED_EDGE('',*,*,#4703,.F.);
#4703 = EDGE_CURVE('',#4704,#938,#4706,.T.);
#4704 = VERTEX_POINT('',#4705);
#4705 = CARTESIAN_POINT('',(-16.405,-12.7,-28.4));
#4706 = LINE('',#4707,#4708);
#4707 = CARTESIAN_POINT('',(-16.405,-12.7,-29.4));
#4708 = VECTOR('',#4709,1.);
#4709 = DIRECTION('',(0.,0.,1.));
#4710 = ORIENTED_EDGE('',*,*,#4711,.T.);
#4711 = EDGE_CURVE('',#4704,#4673,#4712,.T.);
#4712 = LINE('',#4713,#4714);
#4713 = CARTESIAN_POINT('',(-16.405,-25.59,-28.4));
#4714 = VECTOR('',#4715,1.);
#4715 = DIRECTION('',(-0.,1.,0.));
#4716 = ORIENTED_EDGE('',*,*,#4672,.T.);
#4717 = ORIENTED_EDGE('',*,*,#937,.F.);
#4718 = PLANE('',#4719);
#4719 = AXIS2_PLACEMENT_3D('',#4720,#4721,#4722);
#4720 = CARTESIAN_POINT('',(-16.405,-12.7,-29.4));
#4721 = DIRECTION('',(1.,0.,-0.));
#4722 = DIRECTION('',(0.,0.,1.));
#4723 = ADVANCED_FACE('',(#4724),#4742,.T.);
#4724 = FACE_BOUND('',#4725,.T.);
#4725 = EDGE_LOOP('',(#4726,#4734,#4740,#4741));
#4726 = ORIENTED_EDGE('',*,*,#4727,.F.);
#4727 = EDGE_CURVE('',#4728,#946,#4730,.T.);
#4728 = VERTEX_POINT('',#4729);
#4729 = CARTESIAN_POINT('',(-19.155,-12.7,-28.4));
#4730 = LINE('',#4731,#4732);
#4731 = CARTESIAN_POINT('',(-19.155,-12.7,-29.4));
#4732 = VECTOR('',#4733,1.);
#4733 = DIRECTION('',(0.,0.,1.));
#4734 = ORIENTED_EDGE('',*,*,#4735,.T.);
#4735 = EDGE_CURVE('',#4728,#4681,#4736,.T.);
#4736 = LINE('',#4737,#4738);
#4737 = CARTESIAN_POINT('',(-19.155,-25.59,-28.4));
#4738 = VECTOR('',#4739,1.);
#4739 = DIRECTION('',(-0.,1.,0.));
#4740 = ORIENTED_EDGE('',*,*,#4689,.T.);
#4741 = ORIENTED_EDGE('',*,*,#954,.F.);
#4742 = PLANE('',#4743);
#4743 = AXIS2_PLACEMENT_3D('',#4744,#4745,#4746);
#4744 = CARTESIAN_POINT('',(-19.155,-12.7,-29.4));
#4745 = DIRECTION('',(1.,0.,-0.));
#4746 = DIRECTION('',(0.,0.,1.));
#4747 = ADVANCED_FACE('',(#4748),#4760,.F.);
#4748 = FACE_BOUND('',#4749,.F.);
#4749 = EDGE_LOOP('',(#4750,#4751,#4752,#4753));
#4750 = ORIENTED_EDGE('',*,*,#4703,.T.);
#4751 = ORIENTED_EDGE('',*,*,#945,.F.);
#4752 = ORIENTED_EDGE('',*,*,#4727,.F.);
#4753 = ORIENTED_EDGE('',*,*,#4754,.T.);
#4754 = EDGE_CURVE('',#4728,#4704,#4755,.T.);
#4755 = CIRCLE('',#4756,1.375);
#4756 = AXIS2_PLACEMENT_3D('',#4757,#4758,#4759);
#4757 = CARTESIAN_POINT('',(-17.78,-12.7,-28.4));
#4758 = DIRECTION('',(0.,0.,1.));
#4759 = DIRECTION('',(1.,0.,-0.));
#4760 = CYLINDRICAL_SURFACE('',#4761,1.375);
#4761 = AXIS2_PLACEMENT_3D('',#4762,#4763,#4764);
#4762 = CARTESIAN_POINT('',(-17.78,-12.7,-29.4));
#4763 = DIRECTION('',(0.,0.,1.));
#4764 = DIRECTION('',(1.,0.,-0.));
#4765 = ADVANCED_FACE('',(#4766),#4792,.F.);
#4766 = FACE_BOUND('',#4767,.F.);
#4767 = EDGE_LOOP('',(#4768,#4769,#4777,#4786));
#4768 = ORIENTED_EDGE('',*,*,#962,.F.);
#4769 = ORIENTED_EDGE('',*,*,#4770,.F.);
#4770 = EDGE_CURVE('',#4771,#963,#4773,.T.);
#4771 = VERTEX_POINT('',#4772);
#4772 = CARTESIAN_POINT('',(-26.565,-2.54,-28.4));
#4773 = LINE('',#4774,#4775);
#4774 = CARTESIAN_POINT('',(-26.565,-2.54,-29.4));
#4775 = VECTOR('',#4776,1.);
#4776 = DIRECTION('',(0.,0.,1.));
#4777 = ORIENTED_EDGE('',*,*,#4778,.T.);
#4778 = EDGE_CURVE('',#4771,#4779,#4781,.T.);
#4779 = VERTEX_POINT('',#4780);
#4780 = CARTESIAN_POINT('',(-29.315,-2.54,-28.4));
#4781 = CIRCLE('',#4782,1.375);
#4782 = AXIS2_PLACEMENT_3D('',#4783,#4784,#4785);
#4783 = CARTESIAN_POINT('',(-27.94,-2.54,-28.4));
#4784 = DIRECTION('',(0.,0.,1.));
#4785 = DIRECTION('',(1.,0.,-0.));
#4786 = ORIENTED_EDGE('',*,*,#4787,.T.);
#4787 = EDGE_CURVE('',#4779,#965,#4788,.T.);
#4788 = LINE('',#4789,#4790);
#4789 = CARTESIAN_POINT('',(-29.315,-2.54,-29.4));
#4790 = VECTOR('',#4791,1.);
#4791 = DIRECTION('',(0.,0.,1.));
#4792 = CYLINDRICAL_SURFACE('',#4793,1.375);
#4793 = AXIS2_PLACEMENT_3D('',#4794,#4795,#4796);
#4794 = CARTESIAN_POINT('',(-27.94,-2.54,-29.4));
#4795 = DIRECTION('',(0.,0.,1.));
#4796 = DIRECTION('',(1.,0.,-0.));
#4797 = ADVANCED_FACE('',(#4798),#4816,.F.);
#4798 = FACE_BOUND('',#4799,.F.);
#4799 = EDGE_LOOP('',(#4800,#4808,#4814,#4815));
#4800 = ORIENTED_EDGE('',*,*,#4801,.F.);
#4801 = EDGE_CURVE('',#4802,#974,#4804,.T.);
#4802 = VERTEX_POINT('',#4803);
#4803 = CARTESIAN_POINT('',(-26.565,-7.62,-28.4));
#4804 = LINE('',#4805,#4806);
#4805 = CARTESIAN_POINT('',(-26.565,-7.62,-29.4));
#4806 = VECTOR('',#4807,1.);
#4807 = DIRECTION('',(0.,0.,1.));
#4808 = ORIENTED_EDGE('',*,*,#4809,.T.);
#4809 = EDGE_CURVE('',#4802,#4771,#4810,.T.);
#4810 = LINE('',#4811,#4812);
#4811 = CARTESIAN_POINT('',(-26.565,-23.05,-28.4));
#4812 = VECTOR('',#4813,1.);
#4813 = DIRECTION('',(-0.,1.,0.));
#4814 = ORIENTED_EDGE('',*,*,#4770,.T.);
#4815 = ORIENTED_EDGE('',*,*,#973,.F.);
#4816 = PLANE('',#4817);
#4817 = AXIS2_PLACEMENT_3D('',#4818,#4819,#4820);
#4818 = CARTESIAN_POINT('',(-26.565,-7.62,-29.4));
#4819 = DIRECTION('',(1.,0.,-0.));
#4820 = DIRECTION('',(0.,0.,1.));
#4821 = ADVANCED_FACE('',(#4822),#4840,.T.);
#4822 = FACE_BOUND('',#4823,.T.);
#4823 = EDGE_LOOP('',(#4824,#4832,#4838,#4839));
#4824 = ORIENTED_EDGE('',*,*,#4825,.F.);
#4825 = EDGE_CURVE('',#4826,#982,#4828,.T.);
#4826 = VERTEX_POINT('',#4827);
#4827 = CARTESIAN_POINT('',(-29.315,-7.62,-28.4));
#4828 = LINE('',#4829,#4830);
#4829 = CARTESIAN_POINT('',(-29.315,-7.62,-29.4));
#4830 = VECTOR('',#4831,1.);
#4831 = DIRECTION('',(0.,0.,1.));
#4832 = ORIENTED_EDGE('',*,*,#4833,.T.);
#4833 = EDGE_CURVE('',#4826,#4779,#4834,.T.);
#4834 = LINE('',#4835,#4836);
#4835 = CARTESIAN_POINT('',(-29.315,-23.05,-28.4));
#4836 = VECTOR('',#4837,1.);
#4837 = DIRECTION('',(-0.,1.,0.));
#4838 = ORIENTED_EDGE('',*,*,#4787,.T.);
#4839 = ORIENTED_EDGE('',*,*,#990,.F.);
#4840 = PLANE('',#4841);
#4841 = AXIS2_PLACEMENT_3D('',#4842,#4843,#4844);
#4842 = CARTESIAN_POINT('',(-29.315,-7.62,-29.4));
#4843 = DIRECTION('',(1.,0.,-0.));
#4844 = DIRECTION('',(0.,0.,1.));
#4845 = ADVANCED_FACE('',(#4846),#4858,.F.);
#4846 = FACE_BOUND('',#4847,.F.);
#4847 = EDGE_LOOP('',(#4848,#4849,#4850,#4851));
#4848 = ORIENTED_EDGE('',*,*,#4801,.T.);
#4849 = ORIENTED_EDGE('',*,*,#981,.F.);
#4850 = ORIENTED_EDGE('',*,*,#4825,.F.);
#4851 = ORIENTED_EDGE('',*,*,#4852,.T.);
#4852 = EDGE_CURVE('',#4826,#4802,#4853,.T.);
#4853 = CIRCLE('',#4854,1.375);
#4854 = AXIS2_PLACEMENT_3D('',#4855,#4856,#4857);
#4855 = CARTESIAN_POINT('',(-27.94,-7.62,-28.4));
#4856 = DIRECTION('',(0.,0.,1.));
#4857 = DIRECTION('',(1.,0.,-0.));
#4858 = CYLINDRICAL_SURFACE('',#4859,1.375);
#4859 = AXIS2_PLACEMENT_3D('',#4860,#4861,#4862);
#4860 = CARTESIAN_POINT('',(-27.94,-7.62,-29.4));
#4861 = DIRECTION('',(0.,0.,1.));
#4862 = DIRECTION('',(1.,0.,-0.));
#4863 = ADVANCED_FACE('',(#4864),#4890,.F.);
#4864 = FACE_BOUND('',#4865,.F.);
#4865 = EDGE_LOOP('',(#4866,#4867,#4875,#4884));
#4866 = ORIENTED_EDGE('',*,*,#998,.F.);
#4867 = ORIENTED_EDGE('',*,*,#4868,.F.);
#4868 = EDGE_CURVE('',#4869,#999,#4871,.T.);
#4869 = VERTEX_POINT('',#4870);
#4870 = CARTESIAN_POINT('',(-22.86,-1.165,-28.4));
#4871 = LINE('',#4872,#4873);
#4872 = CARTESIAN_POINT('',(-22.86,-1.165,-29.4));
#4873 = VECTOR('',#4874,1.);
#4874 = DIRECTION('',(0.,0.,1.));
#4875 = ORIENTED_EDGE('',*,*,#4876,.T.);
#4876 = EDGE_CURVE('',#4869,#4877,#4879,.T.);
#4877 = VERTEX_POINT('',#4878);
#4878 = CARTESIAN_POINT('',(-22.86,-3.915,-28.4));
#4879 = CIRCLE('',#4880,1.375);
#4880 = AXIS2_PLACEMENT_3D('',#4881,#4882,#4883);
#4881 = CARTESIAN_POINT('',(-22.86,-2.54,-28.4));
#4882 = DIRECTION('',(0.,0.,1.));
#4883 = DIRECTION('',(1.,0.,-0.));
#4884 = ORIENTED_EDGE('',*,*,#4885,.T.);
#4885 = EDGE_CURVE('',#4877,#1001,#4886,.T.);
#4886 = LINE('',#4887,#4888);
#4887 = CARTESIAN_POINT('',(-22.86,-3.915,-29.4));
#4888 = VECTOR('',#4889,1.);
#4889 = DIRECTION('',(0.,0.,1.));
#4890 = CYLINDRICAL_SURFACE('',#4891,1.375);
#4891 = AXIS2_PLACEMENT_3D('',#4892,#4893,#4894);
#4892 = CARTESIAN_POINT('',(-22.86,-2.54,-29.4));
#4893 = DIRECTION('',(0.,0.,1.));
#4894 = DIRECTION('',(1.,0.,-0.));
#4895 = ADVANCED_FACE('',(#4896),#4914,.F.);
#4896 = FACE_BOUND('',#4897,.F.);
#4897 = EDGE_LOOP('',(#4898,#4906,#4907,#4908));
#4898 = ORIENTED_EDGE('',*,*,#4899,.T.);
#4899 = EDGE_CURVE('',#4900,#4869,#4902,.T.);
#4900 = VERTEX_POINT('',#4901);
#4901 = CARTESIAN_POINT('',(-17.78,-1.165,-28.4));
#4902 = LINE('',#4903,#4904);
#4903 = CARTESIAN_POINT('',(-30.67,-1.165,-28.4));
#4904 = VECTOR('',#4905,1.);
#4905 = DIRECTION('',(-1.,-0.,0.));
#4906 = ORIENTED_EDGE('',*,*,#4868,.T.);
#4907 = ORIENTED_EDGE('',*,*,#1009,.F.);
#4908 = ORIENTED_EDGE('',*,*,#4909,.F.);
#4909 = EDGE_CURVE('',#4900,#1010,#4910,.T.);
#4910 = LINE('',#4911,#4912);
#4911 = CARTESIAN_POINT('',(-17.78,-1.165,-29.4));
#4912 = VECTOR('',#4913,1.);
#4913 = DIRECTION('',(0.,0.,1.));
#4914 = PLANE('',#4915);
#4915 = AXIS2_PLACEMENT_3D('',#4916,#4917,#4918);
#4916 = CARTESIAN_POINT('',(-22.86,-1.165,-29.4));
#4917 = DIRECTION('',(-0.,1.,0.));
#4918 = DIRECTION('',(0.,0.,1.));
#4919 = ADVANCED_FACE('',(#4920),#4938,.T.);
#4920 = FACE_BOUND('',#4921,.T.);
#4921 = EDGE_LOOP('',(#4922,#4930,#4931,#4932));
#4922 = ORIENTED_EDGE('',*,*,#4923,.T.);
#4923 = EDGE_CURVE('',#4924,#4877,#4926,.T.);
#4924 = VERTEX_POINT('',#4925);
#4925 = CARTESIAN_POINT('',(-17.78,-3.915,-28.4));
#4926 = LINE('',#4927,#4928);
#4927 = CARTESIAN_POINT('',(-30.67,-3.915,-28.4));
#4928 = VECTOR('',#4929,1.);
#4929 = DIRECTION('',(-1.,-0.,0.));
#4930 = ORIENTED_EDGE('',*,*,#4885,.T.);
#4931 = ORIENTED_EDGE('',*,*,#1035,.F.);
#4932 = ORIENTED_EDGE('',*,*,#4933,.F.);
#4933 = EDGE_CURVE('',#4924,#1027,#4934,.T.);
#4934 = LINE('',#4935,#4936);
#4935 = CARTESIAN_POINT('',(-17.78,-3.915,-29.4));
#4936 = VECTOR('',#4937,1.);
#4937 = DIRECTION('',(0.,0.,1.));
#4938 = PLANE('',#4939);
#4939 = AXIS2_PLACEMENT_3D('',#4940,#4941,#4942);
#4940 = CARTESIAN_POINT('',(-22.86,-3.915,-29.4));
#4941 = DIRECTION('',(-0.,1.,0.));
#4942 = DIRECTION('',(0.,0.,1.));
#4943 = ADVANCED_FACE('',(#4944),#4970,.F.);
#4944 = FACE_BOUND('',#4945,.F.);
#4945 = EDGE_LOOP('',(#4946,#4947,#4955,#4964));
#4946 = ORIENTED_EDGE('',*,*,#1043,.F.);
#4947 = ORIENTED_EDGE('',*,*,#4948,.F.);
#4948 = EDGE_CURVE('',#4949,#1044,#4951,.T.);
#4949 = VERTEX_POINT('',#4950);
#4950 = CARTESIAN_POINT('',(-12.7,-11.325,-28.4));
#4951 = LINE('',#4952,#4953);
#4952 = CARTESIAN_POINT('',(-12.7,-11.325,-29.4));
#4953 = VECTOR('',#4954,1.);
#4954 = DIRECTION('',(0.,0.,1.));
#4955 = ORIENTED_EDGE('',*,*,#4956,.T.);
#4956 = EDGE_CURVE('',#4949,#4957,#4959,.T.);
#4957 = VERTEX_POINT('',#4958);
#4958 = CARTESIAN_POINT('',(-12.7,-14.075,-28.4));
#4959 = CIRCLE('',#4960,1.375);
#4960 = AXIS2_PLACEMENT_3D('',#4961,#4962,#4963);
#4961 = CARTESIAN_POINT('',(-12.7,-12.7,-28.4));
#4962 = DIRECTION('',(0.,0.,1.));
#4963 = DIRECTION('',(1.,0.,-0.));
#4964 = ORIENTED_EDGE('',*,*,#4965,.T.);
#4965 = EDGE_CURVE('',#4957,#1046,#4966,.T.);
#4966 = LINE('',#4967,#4968);
#4967 = CARTESIAN_POINT('',(-12.7,-14.075,-29.4));
#4968 = VECTOR('',#4969,1.);
#4969 = DIRECTION('',(0.,0.,1.));
#4970 = CYLINDRICAL_SURFACE('',#4971,1.375);
#4971 = AXIS2_PLACEMENT_3D('',#4972,#4973,#4974);
#4972 = CARTESIAN_POINT('',(-12.7,-12.7,-29.4));
#4973 = DIRECTION('',(0.,0.,1.));
#4974 = DIRECTION('',(1.,0.,-0.));
#4975 = ADVANCED_FACE('',(#4976),#4994,.F.);
#4976 = FACE_BOUND('',#4977,.F.);
#4977 = EDGE_LOOP('',(#4978,#4986,#4987,#4988));
#4978 = ORIENTED_EDGE('',*,*,#4979,.T.);
#4979 = EDGE_CURVE('',#4980,#4949,#4982,.T.);
#4980 = VERTEX_POINT('',#4981);
#4981 = CARTESIAN_POINT('',(-7.62,-11.325,-28.4));
#4982 = LINE('',#4983,#4984);
#4983 = CARTESIAN_POINT('',(-25.59,-11.325,-28.4));
#4984 = VECTOR('',#4985,1.);
#4985 = DIRECTION('',(-1.,-0.,0.));
#4986 = ORIENTED_EDGE('',*,*,#4948,.T.);
#4987 = ORIENTED_EDGE('',*,*,#1054,.F.);
#4988 = ORIENTED_EDGE('',*,*,#4989,.F.);
#4989 = EDGE_CURVE('',#4980,#1055,#4990,.T.);
#4990 = LINE('',#4991,#4992);
#4991 = CARTESIAN_POINT('',(-7.62,-11.325,-29.4));
#4992 = VECTOR('',#4993,1.);
#4993 = DIRECTION('',(0.,0.,1.));
#4994 = PLANE('',#4995);
#4995 = AXIS2_PLACEMENT_3D('',#4996,#4997,#4998);
#4996 = CARTESIAN_POINT('',(-12.7,-11.325,-29.4));
#4997 = DIRECTION('',(-0.,1.,0.));
#4998 = DIRECTION('',(0.,0.,1.));
#4999 = ADVANCED_FACE('',(#5000),#5018,.T.);
#5000 = FACE_BOUND('',#5001,.T.);
#5001 = EDGE_LOOP('',(#5002,#5010,#5011,#5012));
#5002 = ORIENTED_EDGE('',*,*,#5003,.T.);
#5003 = EDGE_CURVE('',#5004,#4957,#5006,.T.);
#5004 = VERTEX_POINT('',#5005);
#5005 = CARTESIAN_POINT('',(-7.62,-14.075,-28.4));
#5006 = LINE('',#5007,#5008);
#5007 = CARTESIAN_POINT('',(-25.59,-14.075,-28.4));
#5008 = VECTOR('',#5009,1.);
#5009 = DIRECTION('',(-1.,-0.,0.));
#5010 = ORIENTED_EDGE('',*,*,#4965,.T.);
#5011 = ORIENTED_EDGE('',*,*,#1080,.F.);
#5012 = ORIENTED_EDGE('',*,*,#5013,.F.);
#5013 = EDGE_CURVE('',#5004,#1072,#5014,.T.);
#5014 = LINE('',#5015,#5016);
#5015 = CARTESIAN_POINT('',(-7.62,-14.075,-29.4));
#5016 = VECTOR('',#5017,1.);
#5017 = DIRECTION('',(0.,0.,1.));
#5018 = PLANE('',#5019);
#5019 = AXIS2_PLACEMENT_3D('',#5020,#5021,#5022);
#5020 = CARTESIAN_POINT('',(-12.7,-14.075,-29.4));
#5021 = DIRECTION('',(-0.,1.,0.));
#5022 = DIRECTION('',(0.,0.,1.));
#5023 = ADVANCED_FACE('',(#5024),#5043,.F.);
#5024 = FACE_BOUND('',#5025,.F.);
#5025 = EDGE_LOOP('',(#5026,#5027,#5035,#5042));
#5026 = ORIENTED_EDGE('',*,*,#1088,.F.);
#5027 = ORIENTED_EDGE('',*,*,#5028,.F.);
#5028 = EDGE_CURVE('',#5029,#1089,#5031,.T.);
#5029 = VERTEX_POINT('',#5030);
#5030 = CARTESIAN_POINT('',(-6.245,-7.62,-28.4));
#5031 = LINE('',#5032,#5033);
#5032 = CARTESIAN_POINT('',(-6.245,-7.62,-29.4));
#5033 = VECTOR('',#5034,1.);
#5034 = DIRECTION('',(0.,0.,1.));
#5035 = ORIENTED_EDGE('',*,*,#5036,.T.);
#5036 = EDGE_CURVE('',#5029,#5029,#5037,.T.);
#5037 = CIRCLE('',#5038,1.375);
#5038 = AXIS2_PLACEMENT_3D('',#5039,#5040,#5041);
#5039 = CARTESIAN_POINT('',(-7.62,-7.62,-28.4));
#5040 = DIRECTION('',(0.,0.,1.));
#5041 = DIRECTION('',(1.,0.,-0.));
#5042 = ORIENTED_EDGE('',*,*,#5028,.T.);
#5043 = CYLINDRICAL_SURFACE('',#5044,1.375);
#5044 = AXIS2_PLACEMENT_3D('',#5045,#5046,#5047);
#5045 = CARTESIAN_POINT('',(-7.62,-7.62,-29.4));
#5046 = DIRECTION('',(0.,0.,1.));
#5047 = DIRECTION('',(1.,0.,-0.));
#5048 = ADVANCED_FACE('',(#5049),#5075,.F.);
#5049 = FACE_BOUND('',#5050,.F.);
#5050 = EDGE_LOOP('',(#5051,#5052,#5060,#5069));
#5051 = ORIENTED_EDGE('',*,*,#1099,.F.);
#5052 = ORIENTED_EDGE('',*,*,#5053,.F.);
#5053 = EDGE_CURVE('',#5054,#1100,#5056,.T.);
#5054 = VERTEX_POINT('',#5055);
#5055 = CARTESIAN_POINT('',(-1.165,-7.62,-28.4));
#5056 = LINE('',#5057,#5058);
#5057 = CARTESIAN_POINT('',(-1.165,-7.62,-29.4));
#5058 = VECTOR('',#5059,1.);
#5059 = DIRECTION('',(0.,0.,1.));
#5060 = ORIENTED_EDGE('',*,*,#5061,.T.);
#5061 = EDGE_CURVE('',#5054,#5062,#5064,.T.);
#5062 = VERTEX_POINT('',#5063);
#5063 = CARTESIAN_POINT('',(-3.915,-7.62,-28.4));
#5064 = CIRCLE('',#5065,1.375);
#5065 = AXIS2_PLACEMENT_3D('',#5066,#5067,#5068);
#5066 = CARTESIAN_POINT('',(-2.54,-7.62,-28.4));
#5067 = DIRECTION('',(0.,0.,1.));
#5068 = DIRECTION('',(1.,0.,-0.));
#5069 = ORIENTED_EDGE('',*,*,#5070,.T.);
#5070 = EDGE_CURVE('',#5062,#1102,#5071,.T.);
#5071 = LINE('',#5072,#5073);
#5072 = CARTESIAN_POINT('',(-3.915,-7.62,-29.4));
#5073 = VECTOR('',#5074,1.);
#5074 = DIRECTION('',(0.,0.,1.));
#5075 = CYLINDRICAL_SURFACE('',#5076,1.375);
#5076 = AXIS2_PLACEMENT_3D('',#5077,#5078,#5079);
#5077 = CARTESIAN_POINT('',(-2.54,-7.62,-29.4));
#5078 = DIRECTION('',(0.,0.,1.));
#5079 = DIRECTION('',(1.,0.,-0.));
#5080 = ADVANCED_FACE('',(#5081),#5099,.F.);
#5081 = FACE_BOUND('',#5082,.F.);
#5082 = EDGE_LOOP('',(#5083,#5091,#5097,#5098));
#5083 = ORIENTED_EDGE('',*,*,#5084,.F.);
#5084 = EDGE_CURVE('',#5085,#1111,#5087,.T.);
#5085 = VERTEX_POINT('',#5086);
#5086 = CARTESIAN_POINT('',(-1.165,-12.7,-28.4));
#5087 = LINE('',#5088,#5089);
#5088 = CARTESIAN_POINT('',(-1.165,-12.7,-29.4));
#5089 = VECTOR('',#5090,1.);
#5090 = DIRECTION('',(0.,0.,1.));
#5091 = ORIENTED_EDGE('',*,*,#5092,.T.);
#5092 = EDGE_CURVE('',#5085,#5054,#5093,.T.);
#5093 = LINE('',#5094,#5095);
#5094 = CARTESIAN_POINT('',(-1.165,-25.59,-28.4));
#5095 = VECTOR('',#5096,1.);
#5096 = DIRECTION('',(-0.,1.,0.));
#5097 = ORIENTED_EDGE('',*,*,#5053,.T.);
#5098 = ORIENTED_EDGE('',*,*,#1110,.F.);
#5099 = PLANE('',#5100);
#5100 = AXIS2_PLACEMENT_3D('',#5101,#5102,#5103);
#5101 = CARTESIAN_POINT('',(-1.165,-12.7,-29.4));
#5102 = DIRECTION('',(1.,0.,-0.));
#5103 = DIRECTION('',(0.,0.,1.));
#5104 = ADVANCED_FACE('',(#5105),#5123,.T.);
#5105 = FACE_BOUND('',#5106,.T.);
#5106 = EDGE_LOOP('',(#5107,#5115,#5121,#5122));
#5107 = ORIENTED_EDGE('',*,*,#5108,.F.);
#5108 = EDGE_CURVE('',#5109,#1119,#5111,.T.);
#5109 = VERTEX_POINT('',#5110);
#5110 = CARTESIAN_POINT('',(-3.915,-12.7,-28.4));
#5111 = LINE('',#5112,#5113);
#5112 = CARTESIAN_POINT('',(-3.915,-12.7,-29.4));
#5113 = VECTOR('',#5114,1.);
#5114 = DIRECTION('',(0.,0.,1.));
#5115 = ORIENTED_EDGE('',*,*,#5116,.T.);
#5116 = EDGE_CURVE('',#5109,#5062,#5117,.T.);
#5117 = LINE('',#5118,#5119);
#5118 = CARTESIAN_POINT('',(-3.915,-25.59,-28.4));
#5119 = VECTOR('',#5120,1.);
#5120 = DIRECTION('',(-0.,1.,0.));
#5121 = ORIENTED_EDGE('',*,*,#5070,.T.);
#5122 = ORIENTED_EDGE('',*,*,#1127,.F.);
#5123 = PLANE('',#5124);
#5124 = AXIS2_PLACEMENT_3D('',#5125,#5126,#5127);
#5125 = CARTESIAN_POINT('',(-3.915,-12.7,-29.4));
#5126 = DIRECTION('',(1.,0.,-0.));
#5127 = DIRECTION('',(0.,0.,1.));
#5128 = ADVANCED_FACE('',(#5129),#5141,.F.);
#5129 = FACE_BOUND('',#5130,.F.);
#5130 = EDGE_LOOP('',(#5131,#5132,#5133,#5134));
#5131 = ORIENTED_EDGE('',*,*,#5084,.T.);
#5132 = ORIENTED_EDGE('',*,*,#1118,.F.);
#5133 = ORIENTED_EDGE('',*,*,#5108,.F.);
#5134 = ORIENTED_EDGE('',*,*,#5135,.T.);
#5135 = EDGE_CURVE('',#5109,#5085,#5136,.T.);
#5136 = CIRCLE('',#5137,1.375);
#5137 = AXIS2_PLACEMENT_3D('',#5138,#5139,#5140);
#5138 = CARTESIAN_POINT('',(-2.54,-12.7,-28.4));
#5139 = DIRECTION('',(0.,0.,1.));
#5140 = DIRECTION('',(1.,0.,-0.));
#5141 = CYLINDRICAL_SURFACE('',#5142,1.375);
#5142 = AXIS2_PLACEMENT_3D('',#5143,#5144,#5145);
#5143 = CARTESIAN_POINT('',(-2.54,-12.7,-29.4));
#5144 = DIRECTION('',(0.,0.,1.));
#5145 = DIRECTION('',(1.,0.,-0.));
#5146 = ADVANCED_FACE('',(#5147),#5173,.F.);
#5147 = FACE_BOUND('',#5148,.F.);
#5148 = EDGE_LOOP('',(#5149,#5150,#5158,#5167));
#5149 = ORIENTED_EDGE('',*,*,#1135,.F.);
#5150 = ORIENTED_EDGE('',*,*,#5151,.F.);
#5151 = EDGE_CURVE('',#5152,#1136,#5154,.T.);
#5152 = VERTEX_POINT('',#5153);
#5153 = CARTESIAN_POINT('',(-11.325,-2.54,-28.4));
#5154 = LINE('',#5155,#5156);
#5155 = CARTESIAN_POINT('',(-11.325,-2.54,-29.4));
#5156 = VECTOR('',#5157,1.);
#5157 = DIRECTION('',(0.,0.,1.));
#5158 = ORIENTED_EDGE('',*,*,#5159,.T.);
#5159 = EDGE_CURVE('',#5152,#5160,#5162,.T.);
#5160 = VERTEX_POINT('',#5161);
#5161 = CARTESIAN_POINT('',(-14.075,-2.54,-28.4));
#5162 = CIRCLE('',#5163,1.375);
#5163 = AXIS2_PLACEMENT_3D('',#5164,#5165,#5166);
#5164 = CARTESIAN_POINT('',(-12.7,-2.54,-28.4));
#5165 = DIRECTION('',(0.,0.,1.));
#5166 = DIRECTION('',(1.,0.,-0.));
#5167 = ORIENTED_EDGE('',*,*,#5168,.T.);
#5168 = EDGE_CURVE('',#5160,#1138,#5169,.T.);
#5169 = LINE('',#5170,#5171);
#5170 = CARTESIAN_POINT('',(-14.075,-2.54,-29.4));
#5171 = VECTOR('',#5172,1.);
#5172 = DIRECTION('',(0.,0.,1.));
#5173 = CYLINDRICAL_SURFACE('',#5174,1.375);
#5174 = AXIS2_PLACEMENT_3D('',#5175,#5176,#5177);
#5175 = CARTESIAN_POINT('',(-12.7,-2.54,-29.4));
#5176 = DIRECTION('',(0.,0.,1.));
#5177 = DIRECTION('',(1.,0.,-0.));
#5178 = ADVANCED_FACE('',(#5179),#5197,.F.);
#5179 = FACE_BOUND('',#5180,.F.);
#5180 = EDGE_LOOP('',(#5181,#5189,#5195,#5196));
#5181 = ORIENTED_EDGE('',*,*,#5182,.F.);
#5182 = EDGE_CURVE('',#5183,#1147,#5185,.T.);
#5183 = VERTEX_POINT('',#5184);
#5184 = CARTESIAN_POINT('',(-11.325,-7.62,-28.4));
#5185 = LINE('',#5186,#5187);
#5186 = CARTESIAN_POINT('',(-11.325,-7.62,-29.4));
#5187 = VECTOR('',#5188,1.);
#5188 = DIRECTION('',(0.,0.,1.));
#5189 = ORIENTED_EDGE('',*,*,#5190,.T.);
#5190 = EDGE_CURVE('',#5183,#5152,#5191,.T.);
#5191 = LINE('',#5192,#5193);
#5192 = CARTESIAN_POINT('',(-11.325,-23.05,-28.4));
#5193 = VECTOR('',#5194,1.);
#5194 = DIRECTION('',(-0.,1.,0.));
#5195 = ORIENTED_EDGE('',*,*,#5151,.T.);
#5196 = ORIENTED_EDGE('',*,*,#1146,.F.);
#5197 = PLANE('',#5198);
#5198 = AXIS2_PLACEMENT_3D('',#5199,#5200,#5201);
#5199 = CARTESIAN_POINT('',(-11.325,-7.62,-29.4));
#5200 = DIRECTION('',(1.,0.,-0.));
#5201 = DIRECTION('',(0.,0.,1.));
#5202 = ADVANCED_FACE('',(#5203),#5221,.T.);
#5203 = FACE_BOUND('',#5204,.T.);
#5204 = EDGE_LOOP('',(#5205,#5213,#5219,#5220));
#5205 = ORIENTED_EDGE('',*,*,#5206,.F.);
#5206 = EDGE_CURVE('',#5207,#1155,#5209,.T.);
#5207 = VERTEX_POINT('',#5208);
#5208 = CARTESIAN_POINT('',(-14.075,-7.62,-28.4));
#5209 = LINE('',#5210,#5211);
#5210 = CARTESIAN_POINT('',(-14.075,-7.62,-29.4));
#5211 = VECTOR('',#5212,1.);
#5212 = DIRECTION('',(0.,0.,1.));
#5213 = ORIENTED_EDGE('',*,*,#5214,.T.);
#5214 = EDGE_CURVE('',#5207,#5160,#5215,.T.);
#5215 = LINE('',#5216,#5217);
#5216 = CARTESIAN_POINT('',(-14.075,-23.05,-28.4));
#5217 = VECTOR('',#5218,1.);
#5218 = DIRECTION('',(-0.,1.,0.));
#5219 = ORIENTED_EDGE('',*,*,#5168,.T.);
#5220 = ORIENTED_EDGE('',*,*,#1163,.F.);
#5221 = PLANE('',#5222);
#5222 = AXIS2_PLACEMENT_3D('',#5223,#5224,#5225);
#5223 = CARTESIAN_POINT('',(-14.075,-7.62,-29.4));
#5224 = DIRECTION('',(1.,0.,-0.));
#5225 = DIRECTION('',(0.,0.,1.));
#5226 = ADVANCED_FACE('',(#5227),#5239,.F.);
#5227 = FACE_BOUND('',#5228,.F.);
#5228 = EDGE_LOOP('',(#5229,#5230,#5231,#5232));
#5229 = ORIENTED_EDGE('',*,*,#5182,.T.);
#5230 = ORIENTED_EDGE('',*,*,#1154,.F.);
#5231 = ORIENTED_EDGE('',*,*,#5206,.F.);
#5232 = ORIENTED_EDGE('',*,*,#5233,.T.);
#5233 = EDGE_CURVE('',#5207,#5183,#5234,.T.);
#5234 = CIRCLE('',#5235,1.375);
#5235 = AXIS2_PLACEMENT_3D('',#5236,#5237,#5238);
#5236 = CARTESIAN_POINT('',(-12.7,-7.62,-28.4));
#5237 = DIRECTION('',(0.,0.,1.));
#5238 = DIRECTION('',(1.,0.,-0.));
#5239 = CYLINDRICAL_SURFACE('',#5240,1.375);
#5240 = AXIS2_PLACEMENT_3D('',#5241,#5242,#5243);
#5241 = CARTESIAN_POINT('',(-12.7,-7.62,-29.4));
#5242 = DIRECTION('',(0.,0.,1.));
#5243 = DIRECTION('',(1.,0.,-0.));
#5244 = ADVANCED_FACE('',(#5245),#5271,.F.);
#5245 = FACE_BOUND('',#5246,.F.);
#5246 = EDGE_LOOP('',(#5247,#5248,#5256,#5265));
#5247 = ORIENTED_EDGE('',*,*,#1171,.F.);
#5248 = ORIENTED_EDGE('',*,*,#5249,.F.);
#5249 = EDGE_CURVE('',#5250,#1172,#5252,.T.);
#5250 = VERTEX_POINT('',#5251);
#5251 = CARTESIAN_POINT('',(-7.62,-1.165,-28.4));
#5252 = LINE('',#5253,#5254);
#5253 = CARTESIAN_POINT('',(-7.62,-1.165,-29.4));
#5254 = VECTOR('',#5255,1.);
#5255 = DIRECTION('',(0.,0.,1.));
#5256 = ORIENTED_EDGE('',*,*,#5257,.T.);
#5257 = EDGE_CURVE('',#5250,#5258,#5260,.T.);
#5258 = VERTEX_POINT('',#5259);
#5259 = CARTESIAN_POINT('',(-7.62,-3.915,-28.4));
#5260 = CIRCLE('',#5261,1.375);
#5261 = AXIS2_PLACEMENT_3D('',#5262,#5263,#5264);
#5262 = CARTESIAN_POINT('',(-7.62,-2.54,-28.4));
#5263 = DIRECTION('',(0.,0.,1.));
#5264 = DIRECTION('',(1.,0.,-0.));
#5265 = ORIENTED_EDGE('',*,*,#5266,.T.);
#5266 = EDGE_CURVE('',#5258,#1174,#5267,.T.);
#5267 = LINE('',#5268,#5269);
#5268 = CARTESIAN_POINT('',(-7.62,-3.915,-29.4));
#5269 = VECTOR('',#5270,1.);
#5270 = DIRECTION('',(0.,0.,1.));
#5271 = CYLINDRICAL_SURFACE('',#5272,1.375);
#5272 = AXIS2_PLACEMENT_3D('',#5273,#5274,#5275);
#5273 = CARTESIAN_POINT('',(-7.62,-2.54,-29.4));
#5274 = DIRECTION('',(0.,0.,1.));
#5275 = DIRECTION('',(1.,0.,-0.));
#5276 = ADVANCED_FACE('',(#5277),#5295,.F.);
#5277 = FACE_BOUND('',#5278,.F.);
#5278 = EDGE_LOOP('',(#5279,#5287,#5288,#5289));
#5279 = ORIENTED_EDGE('',*,*,#5280,.T.);
#5280 = EDGE_CURVE('',#5281,#5250,#5283,.T.);
#5281 = VERTEX_POINT('',#5282);
#5282 = CARTESIAN_POINT('',(-2.54,-1.165,-28.4));
#5283 = LINE('',#5284,#5285);
#5284 = CARTESIAN_POINT('',(-23.05,-1.165,-28.4));
#5285 = VECTOR('',#5286,1.);
#5286 = DIRECTION('',(-1.,-0.,0.));
#5287 = ORIENTED_EDGE('',*,*,#5249,.T.);
#5288 = ORIENTED_EDGE('',*,*,#1182,.F.);
#5289 = ORIENTED_EDGE('',*,*,#5290,.F.);
#5290 = EDGE_CURVE('',#5281,#1183,#5291,.T.);
#5291 = LINE('',#5292,#5293);
#5292 = CARTESIAN_POINT('',(-2.54,-1.165,-29.4));
#5293 = VECTOR('',#5294,1.);
#5294 = DIRECTION('',(0.,0.,1.));
#5295 = PLANE('',#5296);
#5296 = AXIS2_PLACEMENT_3D('',#5297,#5298,#5299);
#5297 = CARTESIAN_POINT('',(-7.62,-1.165,-29.4));
#5298 = DIRECTION('',(-0.,1.,0.));
#5299 = DIRECTION('',(0.,0.,1.));
#5300 = ADVANCED_FACE('',(#5301),#5319,.T.);
#5301 = FACE_BOUND('',#5302,.T.);
#5302 = EDGE_LOOP('',(#5303,#5311,#5312,#5313));
#5303 = ORIENTED_EDGE('',*,*,#5304,.T.);
#5304 = EDGE_CURVE('',#5305,#5258,#5307,.T.);
#5305 = VERTEX_POINT('',#5306);
#5306 = CARTESIAN_POINT('',(-2.54,-3.915,-28.4));
#5307 = LINE('',#5308,#5309);
#5308 = CARTESIAN_POINT('',(-23.05,-3.915,-28.4));
#5309 = VECTOR('',#5310,1.);
#5310 = DIRECTION('',(-1.,-0.,0.));
#5311 = ORIENTED_EDGE('',*,*,#5266,.T.);
#5312 = ORIENTED_EDGE('',*,*,#1208,.F.);
#5313 = ORIENTED_EDGE('',*,*,#5314,.F.);
#5314 = EDGE_CURVE('',#5305,#1200,#5315,.T.);
#5315 = LINE('',#5316,#5317);
#5316 = CARTESIAN_POINT('',(-2.54,-3.915,-29.4));
#5317 = VECTOR('',#5318,1.);
#5318 = DIRECTION('',(0.,0.,1.));
#5319 = PLANE('',#5320);
#5320 = AXIS2_PLACEMENT_3D('',#5321,#5322,#5323);
#5321 = CARTESIAN_POINT('',(-7.62,-3.915,-29.4));
#5322 = DIRECTION('',(-0.,1.,0.));
#5323 = DIRECTION('',(0.,0.,1.));
#5324 = ADVANCED_FACE('',(#5325),#5351,.F.);
#5325 = FACE_BOUND('',#5326,.F.);
#5326 = EDGE_LOOP('',(#5327,#5328,#5336,#5345));
#5327 = ORIENTED_EDGE('',*,*,#1216,.F.);
#5328 = ORIENTED_EDGE('',*,*,#5329,.F.);
#5329 = EDGE_CURVE('',#5330,#1217,#5332,.T.);
#5330 = VERTEX_POINT('',#5331);
#5331 = CARTESIAN_POINT('',(2.54,-26.565,-28.4));
#5332 = LINE('',#5333,#5334);
#5333 = CARTESIAN_POINT('',(2.54,-26.565,-29.4));
#5334 = VECTOR('',#5335,1.);
#5335 = DIRECTION('',(0.,0.,1.));
#5336 = ORIENTED_EDGE('',*,*,#5337,.T.);
#5337 = EDGE_CURVE('',#5330,#5338,#5340,.T.);
#5338 = VERTEX_POINT('',#5339);
#5339 = CARTESIAN_POINT('',(2.54,-29.315,-28.4));
#5340 = CIRCLE('',#5341,1.375);
#5341 = AXIS2_PLACEMENT_3D('',#5342,#5343,#5344);
#5342 = CARTESIAN_POINT('',(2.54,-27.94,-28.4));
#5343 = DIRECTION('',(0.,0.,1.));
#5344 = DIRECTION('',(1.,0.,-0.));
#5345 = ORIENTED_EDGE('',*,*,#5346,.T.);
#5346 = EDGE_CURVE('',#5338,#1219,#5347,.T.);
#5347 = LINE('',#5348,#5349);
#5348 = CARTESIAN_POINT('',(2.54,-29.315,-29.4));
#5349 = VECTOR('',#5350,1.);
#5350 = DIRECTION('',(0.,0.,1.));
#5351 = CYLINDRICAL_SURFACE('',#5352,1.375);
#5352 = AXIS2_PLACEMENT_3D('',#5353,#5354,#5355);
#5353 = CARTESIAN_POINT('',(2.54,-27.94,-29.4));
#5354 = DIRECTION('',(0.,0.,1.));
#5355 = DIRECTION('',(1.,0.,-0.));
#5356 = ADVANCED_FACE('',(#5357),#5375,.F.);
#5357 = FACE_BOUND('',#5358,.F.);
#5358 = EDGE_LOOP('',(#5359,#5367,#5368,#5369));
#5359 = ORIENTED_EDGE('',*,*,#5360,.T.);
#5360 = EDGE_CURVE('',#5361,#5330,#5363,.T.);
#5361 = VERTEX_POINT('',#5362);
#5362 = CARTESIAN_POINT('',(7.62,-26.565,-28.4));
#5363 = LINE('',#5364,#5365);
#5364 = CARTESIAN_POINT('',(-17.97,-26.565,-28.4));
#5365 = VECTOR('',#5366,1.);
#5366 = DIRECTION('',(-1.,-0.,0.));
#5367 = ORIENTED_EDGE('',*,*,#5329,.T.);
#5368 = ORIENTED_EDGE('',*,*,#1227,.F.);
#5369 = ORIENTED_EDGE('',*,*,#5370,.F.);
#5370 = EDGE_CURVE('',#5361,#1228,#5371,.T.);
#5371 = LINE('',#5372,#5373);
#5372 = CARTESIAN_POINT('',(7.62,-26.565,-29.4));
#5373 = VECTOR('',#5374,1.);
#5374 = DIRECTION('',(0.,0.,1.));
#5375 = PLANE('',#5376);
#5376 = AXIS2_PLACEMENT_3D('',#5377,#5378,#5379);
#5377 = CARTESIAN_POINT('',(2.54,-26.565,-29.4));
#5378 = DIRECTION('',(-0.,1.,0.));
#5379 = DIRECTION('',(0.,0.,1.));
#5380 = ADVANCED_FACE('',(#5381),#5399,.T.);
#5381 = FACE_BOUND('',#5382,.T.);
#5382 = EDGE_LOOP('',(#5383,#5391,#5392,#5393));
#5383 = ORIENTED_EDGE('',*,*,#5384,.T.);
#5384 = EDGE_CURVE('',#5385,#5338,#5387,.T.);
#5385 = VERTEX_POINT('',#5386);
#5386 = CARTESIAN_POINT('',(7.62,-29.315,-28.4));
#5387 = LINE('',#5388,#5389);
#5388 = CARTESIAN_POINT('',(-17.97,-29.315,-28.4));
#5389 = VECTOR('',#5390,1.);
#5390 = DIRECTION('',(-1.,-0.,0.));
#5391 = ORIENTED_EDGE('',*,*,#5346,.T.);
#5392 = ORIENTED_EDGE('',*,*,#1253,.F.);
#5393 = ORIENTED_EDGE('',*,*,#5394,.F.);
#5394 = EDGE_CURVE('',#5385,#1245,#5395,.T.);
#5395 = LINE('',#5396,#5397);
#5396 = CARTESIAN_POINT('',(7.62,-29.315,-29.4));
#5397 = VECTOR('',#5398,1.);
#5398 = DIRECTION('',(0.,0.,1.));
#5399 = PLANE('',#5400);
#5400 = AXIS2_PLACEMENT_3D('',#5401,#5402,#5403);
#5401 = CARTESIAN_POINT('',(2.54,-29.315,-29.4));
#5402 = DIRECTION('',(-0.,1.,0.));
#5403 = DIRECTION('',(0.,0.,1.));
#5404 = ADVANCED_FACE('',(#5405),#5424,.F.);
#5405 = FACE_BOUND('',#5406,.F.);
#5406 = EDGE_LOOP('',(#5407,#5408,#5416,#5423));
#5407 = ORIENTED_EDGE('',*,*,#1261,.F.);
#5408 = ORIENTED_EDGE('',*,*,#5409,.F.);
#5409 = EDGE_CURVE('',#5410,#1262,#5412,.T.);
#5410 = VERTEX_POINT('',#5411);
#5411 = CARTESIAN_POINT('',(8.995,-22.86,-28.4));
#5412 = LINE('',#5413,#5414);
#5413 = CARTESIAN_POINT('',(8.995,-22.86,-29.4));
#5414 = VECTOR('',#5415,1.);
#5415 = DIRECTION('',(0.,0.,1.));
#5416 = ORIENTED_EDGE('',*,*,#5417,.T.);
#5417 = EDGE_CURVE('',#5410,#5410,#5418,.T.);
#5418 = CIRCLE('',#5419,1.375);
#5419 = AXIS2_PLACEMENT_3D('',#5420,#5421,#5422);
#5420 = CARTESIAN_POINT('',(7.62,-22.86,-28.4));
#5421 = DIRECTION('',(0.,0.,1.));
#5422 = DIRECTION('',(1.,0.,-0.));
#5423 = ORIENTED_EDGE('',*,*,#5409,.T.);
#5424 = CYLINDRICAL_SURFACE('',#5425,1.375);
#5425 = AXIS2_PLACEMENT_3D('',#5426,#5427,#5428);
#5426 = CARTESIAN_POINT('',(7.62,-22.86,-29.4));
#5427 = DIRECTION('',(0.,0.,1.));
#5428 = DIRECTION('',(1.,0.,-0.));
#5429 = ADVANCED_FACE('',(#5430),#5456,.F.);
#5430 = FACE_BOUND('',#5431,.F.);
#5431 = EDGE_LOOP('',(#5432,#5433,#5441,#5450));
#5432 = ORIENTED_EDGE('',*,*,#1272,.F.);
#5433 = ORIENTED_EDGE('',*,*,#5434,.F.);
#5434 = EDGE_CURVE('',#5435,#1273,#5437,.T.);
#5435 = VERTEX_POINT('',#5436);
#5436 = CARTESIAN_POINT('',(14.075,-22.86,-28.4));
#5437 = LINE('',#5438,#5439);
#5438 = CARTESIAN_POINT('',(14.075,-22.86,-29.4));
#5439 = VECTOR('',#5440,1.);
#5440 = DIRECTION('',(0.,0.,1.));
#5441 = ORIENTED_EDGE('',*,*,#5442,.T.);
#5442 = EDGE_CURVE('',#5435,#5443,#5445,.T.);
#5443 = VERTEX_POINT('',#5444);
#5444 = CARTESIAN_POINT('',(11.325,-22.86,-28.4));
#5445 = CIRCLE('',#5446,1.375);
#5446 = AXIS2_PLACEMENT_3D('',#5447,#5448,#5449);
#5447 = CARTESIAN_POINT('',(12.7,-22.86,-28.4));
#5448 = DIRECTION('',(0.,0.,1.));
#5449 = DIRECTION('',(1.,0.,-0.));
#5450 = ORIENTED_EDGE('',*,*,#5451,.T.);
#5451 = EDGE_CURVE('',#5443,#1275,#5452,.T.);
#5452 = LINE('',#5453,#5454);
#5453 = CARTESIAN_POINT('',(11.325,-22.86,-29.4));
#5454 = VECTOR('',#5455,1.);
#5455 = DIRECTION('',(0.,0.,1.));
#5456 = CYLINDRICAL_SURFACE('',#5457,1.375);
#5457 = AXIS2_PLACEMENT_3D('',#5458,#5459,#5460);
#5458 = CARTESIAN_POINT('',(12.7,-22.86,-29.4));
#5459 = DIRECTION('',(0.,0.,1.));
#5460 = DIRECTION('',(1.,0.,-0.));
#5461 = ADVANCED_FACE('',(#5462),#5480,.F.);
#5462 = FACE_BOUND('',#5463,.F.);
#5463 = EDGE_LOOP('',(#5464,#5472,#5478,#5479));
#5464 = ORIENTED_EDGE('',*,*,#5465,.F.);
#5465 = EDGE_CURVE('',#5466,#1284,#5468,.T.);
#5466 = VERTEX_POINT('',#5467);
#5467 = CARTESIAN_POINT('',(14.075,-27.94,-28.4));
#5468 = LINE('',#5469,#5470);
#5469 = CARTESIAN_POINT('',(14.075,-27.94,-29.4));
#5470 = VECTOR('',#5471,1.);
#5471 = DIRECTION('',(0.,0.,1.));
#5472 = ORIENTED_EDGE('',*,*,#5473,.T.);
#5473 = EDGE_CURVE('',#5466,#5435,#5474,.T.);
#5474 = LINE('',#5475,#5476);
#5475 = CARTESIAN_POINT('',(14.075,-33.21,-28.4));
#5476 = VECTOR('',#5477,1.);
#5477 = DIRECTION('',(-0.,1.,0.));
#5478 = ORIENTED_EDGE('',*,*,#5434,.T.);
#5479 = ORIENTED_EDGE('',*,*,#1283,.F.);
#5480 = PLANE('',#5481);
#5481 = AXIS2_PLACEMENT_3D('',#5482,#5483,#5484);
#5482 = CARTESIAN_POINT('',(14.075,-27.94,-29.4));
#5483 = DIRECTION('',(1.,0.,-0.));
#5484 = DIRECTION('',(0.,0.,1.));
#5485 = ADVANCED_FACE('',(#5486),#5504,.T.);
#5486 = FACE_BOUND('',#5487,.T.);
#5487 = EDGE_LOOP('',(#5488,#5496,#5502,#5503));
#5488 = ORIENTED_EDGE('',*,*,#5489,.F.);
#5489 = EDGE_CURVE('',#5490,#1292,#5492,.T.);
#5490 = VERTEX_POINT('',#5491);
#5491 = CARTESIAN_POINT('',(11.325,-27.94,-28.4));
#5492 = LINE('',#5493,#5494);
#5493 = CARTESIAN_POINT('',(11.325,-27.94,-29.4));
#5494 = VECTOR('',#5495,1.);
#5495 = DIRECTION('',(0.,0.,1.));
#5496 = ORIENTED_EDGE('',*,*,#5497,.T.);
#5497 = EDGE_CURVE('',#5490,#5443,#5498,.T.);
#5498 = LINE('',#5499,#5500);
#5499 = CARTESIAN_POINT('',(11.325,-33.21,-28.4));
#5500 = VECTOR('',#5501,1.);
#5501 = DIRECTION('',(-0.,1.,0.));
#5502 = ORIENTED_EDGE('',*,*,#5451,.T.);
#5503 = ORIENTED_EDGE('',*,*,#1300,.F.);
#5504 = PLANE('',#5505);
#5505 = AXIS2_PLACEMENT_3D('',#5506,#5507,#5508);
#5506 = CARTESIAN_POINT('',(11.325,-27.94,-29.4));
#5507 = DIRECTION('',(1.,0.,-0.));
#5508 = DIRECTION('',(0.,0.,1.));
#5509 = ADVANCED_FACE('',(#5510),#5522,.F.);
#5510 = FACE_BOUND('',#5511,.F.);
#5511 = EDGE_LOOP('',(#5512,#5513,#5514,#5515));
#5512 = ORIENTED_EDGE('',*,*,#5465,.T.);
#5513 = ORIENTED_EDGE('',*,*,#1291,.F.);
#5514 = ORIENTED_EDGE('',*,*,#5489,.F.);
#5515 = ORIENTED_EDGE('',*,*,#5516,.T.);
#5516 = EDGE_CURVE('',#5490,#5466,#5517,.T.);
#5517 = CIRCLE('',#5518,1.375);
#5518 = AXIS2_PLACEMENT_3D('',#5519,#5520,#5521);
#5519 = CARTESIAN_POINT('',(12.7,-27.94,-28.4));
#5520 = DIRECTION('',(0.,0.,1.));
#5521 = DIRECTION('',(1.,0.,-0.));
#5522 = CYLINDRICAL_SURFACE('',#5523,1.375);
#5523 = AXIS2_PLACEMENT_3D('',#5524,#5525,#5526);
#5524 = CARTESIAN_POINT('',(12.7,-27.94,-29.4));
#5525 = DIRECTION('',(0.,0.,1.));
#5526 = DIRECTION('',(1.,0.,-0.));
#5527 = ADVANCED_FACE('',(#5528),#5554,.F.);
#5528 = FACE_BOUND('',#5529,.F.);
#5529 = EDGE_LOOP('',(#5530,#5531,#5539,#5548));
#5530 = ORIENTED_EDGE('',*,*,#1308,.F.);
#5531 = ORIENTED_EDGE('',*,*,#5532,.F.);
#5532 = EDGE_CURVE('',#5533,#1309,#5535,.T.);
#5533 = VERTEX_POINT('',#5534);
#5534 = CARTESIAN_POINT('',(3.915,-17.78,-28.4));
#5535 = LINE('',#5536,#5537);
#5536 = CARTESIAN_POINT('',(3.915,-17.78,-29.4));
#5537 = VECTOR('',#5538,1.);
#5538 = DIRECTION('',(0.,0.,1.));
#5539 = ORIENTED_EDGE('',*,*,#5540,.T.);
#5540 = EDGE_CURVE('',#5533,#5541,#5543,.T.);
#5541 = VERTEX_POINT('',#5542);
#5542 = CARTESIAN_POINT('',(1.165,-17.78,-28.4));
#5543 = CIRCLE('',#5544,1.375);
#5544 = AXIS2_PLACEMENT_3D('',#5545,#5546,#5547);
#5545 = CARTESIAN_POINT('',(2.54,-17.78,-28.4));
#5546 = DIRECTION('',(0.,0.,1.));
#5547 = DIRECTION('',(1.,0.,-0.));
#5548 = ORIENTED_EDGE('',*,*,#5549,.T.);
#5549 = EDGE_CURVE('',#5541,#1311,#5550,.T.);
#5550 = LINE('',#5551,#5552);
#5551 = CARTESIAN_POINT('',(1.165,-17.78,-29.4));
#5552 = VECTOR('',#5553,1.);
#5553 = DIRECTION('',(0.,0.,1.));
#5554 = CYLINDRICAL_SURFACE('',#5555,1.375);
#5555 = AXIS2_PLACEMENT_3D('',#5556,#5557,#5558);
#5556 = CARTESIAN_POINT('',(2.54,-17.78,-29.4));
#5557 = DIRECTION('',(0.,0.,1.));
#5558 = DIRECTION('',(1.,0.,-0.));
#5559 = ADVANCED_FACE('',(#5560),#5578,.F.);
#5560 = FACE_BOUND('',#5561,.F.);
#5561 = EDGE_LOOP('',(#5562,#5570,#5576,#5577));
#5562 = ORIENTED_EDGE('',*,*,#5563,.F.);
#5563 = EDGE_CURVE('',#5564,#1320,#5566,.T.);
#5564 = VERTEX_POINT('',#5565);
#5565 = CARTESIAN_POINT('',(3.915,-22.86,-28.4));
#5566 = LINE('',#5567,#5568);
#5567 = CARTESIAN_POINT('',(3.915,-22.86,-29.4));
#5568 = VECTOR('',#5569,1.);
#5569 = DIRECTION('',(0.,0.,1.));
#5570 = ORIENTED_EDGE('',*,*,#5571,.T.);
#5571 = EDGE_CURVE('',#5564,#5533,#5572,.T.);
#5572 = LINE('',#5573,#5574);
#5573 = CARTESIAN_POINT('',(3.915,-30.67,-28.4));
#5574 = VECTOR('',#5575,1.);
#5575 = DIRECTION('',(-0.,1.,0.));
#5576 = ORIENTED_EDGE('',*,*,#5532,.T.);
#5577 = ORIENTED_EDGE('',*,*,#1319,.F.);
#5578 = PLANE('',#5579);
#5579 = AXIS2_PLACEMENT_3D('',#5580,#5581,#5582);
#5580 = CARTESIAN_POINT('',(3.915,-22.86,-29.4));
#5581 = DIRECTION('',(1.,0.,-0.));
#5582 = DIRECTION('',(0.,0.,1.));
#5583 = ADVANCED_FACE('',(#5584),#5602,.T.);
#5584 = FACE_BOUND('',#5585,.T.);
#5585 = EDGE_LOOP('',(#5586,#5594,#5600,#5601));
#5586 = ORIENTED_EDGE('',*,*,#5587,.F.);
#5587 = EDGE_CURVE('',#5588,#1328,#5590,.T.);
#5588 = VERTEX_POINT('',#5589);
#5589 = CARTESIAN_POINT('',(1.165,-22.86,-28.4));
#5590 = LINE('',#5591,#5592);
#5591 = CARTESIAN_POINT('',(1.165,-22.86,-29.4));
#5592 = VECTOR('',#5593,1.);
#5593 = DIRECTION('',(0.,0.,1.));
#5594 = ORIENTED_EDGE('',*,*,#5595,.T.);
#5595 = EDGE_CURVE('',#5588,#5541,#5596,.T.);
#5596 = LINE('',#5597,#5598);
#5597 = CARTESIAN_POINT('',(1.165,-30.67,-28.4));
#5598 = VECTOR('',#5599,1.);
#5599 = DIRECTION('',(-0.,1.,0.));
#5600 = ORIENTED_EDGE('',*,*,#5549,.T.);
#5601 = ORIENTED_EDGE('',*,*,#1336,.F.);
#5602 = PLANE('',#5603);
#5603 = AXIS2_PLACEMENT_3D('',#5604,#5605,#5606);
#5604 = CARTESIAN_POINT('',(1.165,-22.86,-29.4));
#5605 = DIRECTION('',(1.,0.,-0.));
#5606 = DIRECTION('',(0.,0.,1.));
#5607 = ADVANCED_FACE('',(#5608),#5620,.F.);
#5608 = FACE_BOUND('',#5609,.F.);
#5609 = EDGE_LOOP('',(#5610,#5611,#5612,#5613));
#5610 = ORIENTED_EDGE('',*,*,#5563,.T.);
#5611 = ORIENTED_EDGE('',*,*,#1327,.F.);
#5612 = ORIENTED_EDGE('',*,*,#5587,.F.);
#5613 = ORIENTED_EDGE('',*,*,#5614,.T.);
#5614 = EDGE_CURVE('',#5588,#5564,#5615,.T.);
#5615 = CIRCLE('',#5616,1.375);
#5616 = AXIS2_PLACEMENT_3D('',#5617,#5618,#5619);
#5617 = CARTESIAN_POINT('',(2.54,-22.86,-28.4));
#5618 = DIRECTION('',(0.,0.,1.));
#5619 = DIRECTION('',(1.,0.,-0.));
#5620 = CYLINDRICAL_SURFACE('',#5621,1.375);
#5621 = AXIS2_PLACEMENT_3D('',#5622,#5623,#5624);
#5622 = CARTESIAN_POINT('',(2.54,-22.86,-29.4));
#5623 = DIRECTION('',(0.,0.,1.));
#5624 = DIRECTION('',(1.,0.,-0.));
#5625 = ADVANCED_FACE('',(#5626),#5652,.F.);
#5626 = FACE_BOUND('',#5627,.F.);
#5627 = EDGE_LOOP('',(#5628,#5629,#5637,#5646));
#5628 = ORIENTED_EDGE('',*,*,#1344,.F.);
#5629 = ORIENTED_EDGE('',*,*,#5630,.F.);
#5630 = EDGE_CURVE('',#5631,#1345,#5633,.T.);
#5631 = VERTEX_POINT('',#5632);
#5632 = CARTESIAN_POINT('',(7.62,-16.405,-28.4));
#5633 = LINE('',#5634,#5635);
#5634 = CARTESIAN_POINT('',(7.62,-16.405,-29.4));
#5635 = VECTOR('',#5636,1.);
#5636 = DIRECTION('',(0.,0.,1.));
#5637 = ORIENTED_EDGE('',*,*,#5638,.T.);
#5638 = EDGE_CURVE('',#5631,#5639,#5641,.T.);
#5639 = VERTEX_POINT('',#5640);
#5640 = CARTESIAN_POINT('',(7.62,-19.155,-28.4));
#5641 = CIRCLE('',#5642,1.375);
#5642 = AXIS2_PLACEMENT_3D('',#5643,#5644,#5645);
#5643 = CARTESIAN_POINT('',(7.62,-17.78,-28.4));
#5644 = DIRECTION('',(0.,0.,1.));
#5645 = DIRECTION('',(1.,0.,-0.));
#5646 = ORIENTED_EDGE('',*,*,#5647,.T.);
#5647 = EDGE_CURVE('',#5639,#1347,#5648,.T.);
#5648 = LINE('',#5649,#5650);
#5649 = CARTESIAN_POINT('',(7.62,-19.155,-29.4));
#5650 = VECTOR('',#5651,1.);
#5651 = DIRECTION('',(0.,0.,1.));
#5652 = CYLINDRICAL_SURFACE('',#5653,1.375);
#5653 = AXIS2_PLACEMENT_3D('',#5654,#5655,#5656);
#5654 = CARTESIAN_POINT('',(7.62,-17.78,-29.4));
#5655 = DIRECTION('',(0.,0.,1.));
#5656 = DIRECTION('',(1.,0.,-0.));
#5657 = ADVANCED_FACE('',(#5658),#5676,.F.);
#5658 = FACE_BOUND('',#5659,.F.);
#5659 = EDGE_LOOP('',(#5660,#5668,#5669,#5670));
#5660 = ORIENTED_EDGE('',*,*,#5661,.T.);
#5661 = EDGE_CURVE('',#5662,#5631,#5664,.T.);
#5662 = VERTEX_POINT('',#5663);
#5663 = CARTESIAN_POINT('',(12.7,-16.405,-28.4));
#5664 = LINE('',#5665,#5666);
#5665 = CARTESIAN_POINT('',(-15.43,-16.405,-28.4));
#5666 = VECTOR('',#5667,1.);
#5667 = DIRECTION('',(-1.,-0.,0.));
#5668 = ORIENTED_EDGE('',*,*,#5630,.T.);
#5669 = ORIENTED_EDGE('',*,*,#1355,.F.);
#5670 = ORIENTED_EDGE('',*,*,#5671,.F.);
#5671 = EDGE_CURVE('',#5662,#1356,#5672,.T.);
#5672 = LINE('',#5673,#5674);
#5673 = CARTESIAN_POINT('',(12.7,-16.405,-29.4));
#5674 = VECTOR('',#5675,1.);
#5675 = DIRECTION('',(0.,0.,1.));
#5676 = PLANE('',#5677);
#5677 = AXIS2_PLACEMENT_3D('',#5678,#5679,#5680);
#5678 = CARTESIAN_POINT('',(7.62,-16.405,-29.4));
#5679 = DIRECTION('',(-0.,1.,0.));
#5680 = DIRECTION('',(0.,0.,1.));
#5681 = ADVANCED_FACE('',(#5682),#5700,.T.);
#5682 = FACE_BOUND('',#5683,.T.);
#5683 = EDGE_LOOP('',(#5684,#5692,#5693,#5694));
#5684 = ORIENTED_EDGE('',*,*,#5685,.T.);
#5685 = EDGE_CURVE('',#5686,#5639,#5688,.T.);
#5686 = VERTEX_POINT('',#5687);
#5687 = CARTESIAN_POINT('',(12.7,-19.155,-28.4));
#5688 = LINE('',#5689,#5690);
#5689 = CARTESIAN_POINT('',(-15.43,-19.155,-28.4));
#5690 = VECTOR('',#5691,1.);
#5691 = DIRECTION('',(-1.,-0.,0.));
#5692 = ORIENTED_EDGE('',*,*,#5647,.T.);
#5693 = ORIENTED_EDGE('',*,*,#1381,.F.);
#5694 = ORIENTED_EDGE('',*,*,#5695,.F.);
#5695 = EDGE_CURVE('',#5686,#1373,#5696,.T.);
#5696 = LINE('',#5697,#5698);
#5697 = CARTESIAN_POINT('',(12.7,-19.155,-29.4));
#5698 = VECTOR('',#5699,1.);
#5699 = DIRECTION('',(0.,0.,1.));
#5700 = PLANE('',#5701);
#5701 = AXIS2_PLACEMENT_3D('',#5702,#5703,#5704);
#5702 = CARTESIAN_POINT('',(7.62,-19.155,-29.4));
#5703 = DIRECTION('',(-0.,1.,0.));
#5704 = DIRECTION('',(0.,0.,1.));
#5705 = ADVANCED_FACE('',(#5706),#5732,.F.);
#5706 = FACE_BOUND('',#5707,.F.);
#5707 = EDGE_LOOP('',(#5708,#5709,#5717,#5726));
#5708 = ORIENTED_EDGE('',*,*,#1389,.F.);
#5709 = ORIENTED_EDGE('',*,*,#5710,.F.);
#5710 = EDGE_CURVE('',#5711,#1390,#5713,.T.);
#5711 = VERTEX_POINT('',#5712);
#5712 = CARTESIAN_POINT('',(17.78,-26.565,-28.4));
#5713 = LINE('',#5714,#5715);
#5714 = CARTESIAN_POINT('',(17.78,-26.565,-29.4));
#5715 = VECTOR('',#5716,1.);
#5716 = DIRECTION('',(0.,0.,1.));
#5717 = ORIENTED_EDGE('',*,*,#5718,.T.);
#5718 = EDGE_CURVE('',#5711,#5719,#5721,.T.);
#5719 = VERTEX_POINT('',#5720);
#5720 = CARTESIAN_POINT('',(17.78,-29.315,-28.4));
#5721 = CIRCLE('',#5722,1.375);
#5722 = AXIS2_PLACEMENT_3D('',#5723,#5724,#5725);
#5723 = CARTESIAN_POINT('',(17.78,-27.94,-28.4));
#5724 = DIRECTION('',(0.,0.,1.));
#5725 = DIRECTION('',(1.,0.,-0.));
#5726 = ORIENTED_EDGE('',*,*,#5727,.T.);
#5727 = EDGE_CURVE('',#5719,#1392,#5728,.T.);
#5728 = LINE('',#5729,#5730);
#5729 = CARTESIAN_POINT('',(17.78,-29.315,-29.4));
#5730 = VECTOR('',#5731,1.);
#5731 = DIRECTION('',(0.,0.,1.));
#5732 = CYLINDRICAL_SURFACE('',#5733,1.375);
#5733 = AXIS2_PLACEMENT_3D('',#5734,#5735,#5736);
#5734 = CARTESIAN_POINT('',(17.78,-27.94,-29.4));
#5735 = DIRECTION('',(0.,0.,1.));
#5736 = DIRECTION('',(1.,0.,-0.));
#5737 = ADVANCED_FACE('',(#5738),#5756,.F.);
#5738 = FACE_BOUND('',#5739,.F.);
#5739 = EDGE_LOOP('',(#5740,#5748,#5749,#5750));
#5740 = ORIENTED_EDGE('',*,*,#5741,.T.);
#5741 = EDGE_CURVE('',#5742,#5711,#5744,.T.);
#5742 = VERTEX_POINT('',#5743);
#5743 = CARTESIAN_POINT('',(22.86,-26.565,-28.4));
#5744 = LINE('',#5745,#5746);
#5745 = CARTESIAN_POINT('',(-10.35,-26.565,-28.4));
#5746 = VECTOR('',#5747,1.);
#5747 = DIRECTION('',(-1.,-0.,0.));
#5748 = ORIENTED_EDGE('',*,*,#5710,.T.);
#5749 = ORIENTED_EDGE('',*,*,#1400,.F.);
#5750 = ORIENTED_EDGE('',*,*,#5751,.F.);
#5751 = EDGE_CURVE('',#5742,#1401,#5752,.T.);
#5752 = LINE('',#5753,#5754);
#5753 = CARTESIAN_POINT('',(22.86,-26.565,-29.4));
#5754 = VECTOR('',#5755,1.);
#5755 = DIRECTION('',(0.,0.,1.));
#5756 = PLANE('',#5757);
#5757 = AXIS2_PLACEMENT_3D('',#5758,#5759,#5760);
#5758 = CARTESIAN_POINT('',(17.78,-26.565,-29.4));
#5759 = DIRECTION('',(-0.,1.,0.));
#5760 = DIRECTION('',(0.,0.,1.));
#5761 = ADVANCED_FACE('',(#5762),#5780,.T.);
#5762 = FACE_BOUND('',#5763,.T.);
#5763 = EDGE_LOOP('',(#5764,#5772,#5773,#5774));
#5764 = ORIENTED_EDGE('',*,*,#5765,.T.);
#5765 = EDGE_CURVE('',#5766,#5719,#5768,.T.);
#5766 = VERTEX_POINT('',#5767);
#5767 = CARTESIAN_POINT('',(22.86,-29.315,-28.4));
#5768 = LINE('',#5769,#5770);
#5769 = CARTESIAN_POINT('',(-10.35,-29.315,-28.4));
#5770 = VECTOR('',#5771,1.);
#5771 = DIRECTION('',(-1.,-0.,0.));
#5772 = ORIENTED_EDGE('',*,*,#5727,.T.);
#5773 = ORIENTED_EDGE('',*,*,#1426,.F.);
#5774 = ORIENTED_EDGE('',*,*,#5775,.F.);
#5775 = EDGE_CURVE('',#5766,#1418,#5776,.T.);
#5776 = LINE('',#5777,#5778);
#5777 = CARTESIAN_POINT('',(22.86,-29.315,-29.4));
#5778 = VECTOR('',#5779,1.);
#5779 = DIRECTION('',(0.,0.,1.));
#5780 = PLANE('',#5781);
#5781 = AXIS2_PLACEMENT_3D('',#5782,#5783,#5784);
#5782 = CARTESIAN_POINT('',(17.78,-29.315,-29.4));
#5783 = DIRECTION('',(-0.,1.,0.));
#5784 = DIRECTION('',(0.,0.,1.));
#5785 = ADVANCED_FACE('',(#5786),#5805,.F.);
#5786 = FACE_BOUND('',#5787,.F.);
#5787 = EDGE_LOOP('',(#5788,#5789,#5797,#5804));
#5788 = ORIENTED_EDGE('',*,*,#1434,.F.);
#5789 = ORIENTED_EDGE('',*,*,#5790,.F.);
#5790 = EDGE_CURVE('',#5791,#1435,#5793,.T.);
#5791 = VERTEX_POINT('',#5792);
#5792 = CARTESIAN_POINT('',(24.235,-22.86,-28.4));
#5793 = LINE('',#5794,#5795);
#5794 = CARTESIAN_POINT('',(24.235,-22.86,-29.4));
#5795 = VECTOR('',#5796,1.);
#5796 = DIRECTION('',(0.,0.,1.));
#5797 = ORIENTED_EDGE('',*,*,#5798,.T.);
#5798 = EDGE_CURVE('',#5791,#5791,#5799,.T.);
#5799 = CIRCLE('',#5800,1.375);
#5800 = AXIS2_PLACEMENT_3D('',#5801,#5802,#5803);
#5801 = CARTESIAN_POINT('',(22.86,-22.86,-28.4));
#5802 = DIRECTION('',(0.,0.,1.));
#5803 = DIRECTION('',(1.,0.,-0.));
#5804 = ORIENTED_EDGE('',*,*,#5790,.T.);
#5805 = CYLINDRICAL_SURFACE('',#5806,1.375);
#5806 = AXIS2_PLACEMENT_3D('',#5807,#5808,#5809);
#5807 = CARTESIAN_POINT('',(22.86,-22.86,-29.4));
#5808 = DIRECTION('',(0.,0.,1.));
#5809 = DIRECTION('',(1.,0.,-0.));
#5810 = ADVANCED_FACE('',(#5811),#5837,.F.);
#5811 = FACE_BOUND('',#5812,.F.);
#5812 = EDGE_LOOP('',(#5813,#5814,#5822,#5831));
#5813 = ORIENTED_EDGE('',*,*,#1445,.F.);
#5814 = ORIENTED_EDGE('',*,*,#5815,.F.);
#5815 = EDGE_CURVE('',#5816,#1446,#5818,.T.);
#5816 = VERTEX_POINT('',#5817);
#5817 = CARTESIAN_POINT('',(29.315,-22.86,-28.4));
#5818 = LINE('',#5819,#5820);
#5819 = CARTESIAN_POINT('',(29.315,-22.86,-29.4));
#5820 = VECTOR('',#5821,1.);
#5821 = DIRECTION('',(0.,0.,1.));
#5822 = ORIENTED_EDGE('',*,*,#5823,.T.);
#5823 = EDGE_CURVE('',#5816,#5824,#5826,.T.);
#5824 = VERTEX_POINT('',#5825);
#5825 = CARTESIAN_POINT('',(26.565,-22.86,-28.4));
#5826 = CIRCLE('',#5827,1.375);
#5827 = AXIS2_PLACEMENT_3D('',#5828,#5829,#5830);
#5828 = CARTESIAN_POINT('',(27.94,-22.86,-28.4));
#5829 = DIRECTION('',(0.,0.,1.));
#5830 = DIRECTION('',(1.,0.,-0.));
#5831 = ORIENTED_EDGE('',*,*,#5832,.T.);
#5832 = EDGE_CURVE('',#5824,#1448,#5833,.T.);
#5833 = LINE('',#5834,#5835);
#5834 = CARTESIAN_POINT('',(26.565,-22.86,-29.4));
#5835 = VECTOR('',#5836,1.);
#5836 = DIRECTION('',(0.,0.,1.));
#5837 = CYLINDRICAL_SURFACE('',#5838,1.375);
#5838 = AXIS2_PLACEMENT_3D('',#5839,#5840,#5841);
#5839 = CARTESIAN_POINT('',(27.94,-22.86,-29.4));
#5840 = DIRECTION('',(0.,0.,1.));
#5841 = DIRECTION('',(1.,0.,-0.));
#5842 = ADVANCED_FACE('',(#5843),#5861,.F.);
#5843 = FACE_BOUND('',#5844,.F.);
#5844 = EDGE_LOOP('',(#5845,#5853,#5859,#5860));
#5845 = ORIENTED_EDGE('',*,*,#5846,.F.);
#5846 = EDGE_CURVE('',#5847,#1457,#5849,.T.);
#5847 = VERTEX_POINT('',#5848);
#5848 = CARTESIAN_POINT('',(29.315,-27.94,-28.4));
#5849 = LINE('',#5850,#5851);
#5850 = CARTESIAN_POINT('',(29.315,-27.94,-29.4));
#5851 = VECTOR('',#5852,1.);
#5852 = DIRECTION('',(0.,0.,1.));
#5853 = ORIENTED_EDGE('',*,*,#5854,.T.);
#5854 = EDGE_CURVE('',#5847,#5816,#5855,.T.);
#5855 = LINE('',#5856,#5857);
#5856 = CARTESIAN_POINT('',(29.315,-33.21,-28.4));
#5857 = VECTOR('',#5858,1.);
#5858 = DIRECTION('',(-0.,1.,0.));
#5859 = ORIENTED_EDGE('',*,*,#5815,.T.);
#5860 = ORIENTED_EDGE('',*,*,#1456,.F.);
#5861 = PLANE('',#5862);
#5862 = AXIS2_PLACEMENT_3D('',#5863,#5864,#5865);
#5863 = CARTESIAN_POINT('',(29.315,-27.94,-29.4));
#5864 = DIRECTION('',(1.,0.,-0.));
#5865 = DIRECTION('',(0.,0.,1.));
#5866 = ADVANCED_FACE('',(#5867),#5885,.T.);
#5867 = FACE_BOUND('',#5868,.T.);
#5868 = EDGE_LOOP('',(#5869,#5877,#5883,#5884));
#5869 = ORIENTED_EDGE('',*,*,#5870,.F.);
#5870 = EDGE_CURVE('',#5871,#1465,#5873,.T.);
#5871 = VERTEX_POINT('',#5872);
#5872 = CARTESIAN_POINT('',(26.565,-27.94,-28.4));
#5873 = LINE('',#5874,#5875);
#5874 = CARTESIAN_POINT('',(26.565,-27.94,-29.4));
#5875 = VECTOR('',#5876,1.);
#5876 = DIRECTION('',(0.,0.,1.));
#5877 = ORIENTED_EDGE('',*,*,#5878,.T.);
#5878 = EDGE_CURVE('',#5871,#5824,#5879,.T.);
#5879 = LINE('',#5880,#5881);
#5880 = CARTESIAN_POINT('',(26.565,-33.21,-28.4));
#5881 = VECTOR('',#5882,1.);
#5882 = DIRECTION('',(-0.,1.,0.));
#5883 = ORIENTED_EDGE('',*,*,#5832,.T.);
#5884 = ORIENTED_EDGE('',*,*,#1473,.F.);
#5885 = PLANE('',#5886);
#5886 = AXIS2_PLACEMENT_3D('',#5887,#5888,#5889);
#5887 = CARTESIAN_POINT('',(26.565,-27.94,-29.4));
#5888 = DIRECTION('',(1.,0.,-0.));
#5889 = DIRECTION('',(0.,0.,1.));
#5890 = ADVANCED_FACE('',(#5891),#5903,.F.);
#5891 = FACE_BOUND('',#5892,.F.);
#5892 = EDGE_LOOP('',(#5893,#5894,#5895,#5896));
#5893 = ORIENTED_EDGE('',*,*,#5846,.T.);
#5894 = ORIENTED_EDGE('',*,*,#1464,.F.);
#5895 = ORIENTED_EDGE('',*,*,#5870,.F.);
#5896 = ORIENTED_EDGE('',*,*,#5897,.T.);
#5897 = EDGE_CURVE('',#5871,#5847,#5898,.T.);
#5898 = CIRCLE('',#5899,1.375);
#5899 = AXIS2_PLACEMENT_3D('',#5900,#5901,#5902);
#5900 = CARTESIAN_POINT('',(27.94,-27.94,-28.4));
#5901 = DIRECTION('',(0.,0.,1.));
#5902 = DIRECTION('',(1.,0.,-0.));
#5903 = CYLINDRICAL_SURFACE('',#5904,1.375);
#5904 = AXIS2_PLACEMENT_3D('',#5905,#5906,#5907);
#5905 = CARTESIAN_POINT('',(27.94,-27.94,-29.4));
#5906 = DIRECTION('',(0.,0.,1.));
#5907 = DIRECTION('',(1.,0.,-0.));
#5908 = ADVANCED_FACE('',(#5909),#5935,.F.);
#5909 = FACE_BOUND('',#5910,.F.);
#5910 = EDGE_LOOP('',(#5911,#5912,#5920,#5929));
#5911 = ORIENTED_EDGE('',*,*,#1481,.F.);
#5912 = ORIENTED_EDGE('',*,*,#5913,.F.);
#5913 = EDGE_CURVE('',#5914,#1482,#5916,.T.);
#5914 = VERTEX_POINT('',#5915);
#5915 = CARTESIAN_POINT('',(19.155,-17.78,-28.4));
#5916 = LINE('',#5917,#5918);
#5917 = CARTESIAN_POINT('',(19.155,-17.78,-29.4));
#5918 = VECTOR('',#5919,1.);
#5919 = DIRECTION('',(0.,0.,1.));
#5920 = ORIENTED_EDGE('',*,*,#5921,.T.);
#5921 = EDGE_CURVE('',#5914,#5922,#5924,.T.);
#5922 = VERTEX_POINT('',#5923);
#5923 = CARTESIAN_POINT('',(16.405,-17.78,-28.4));
#5924 = CIRCLE('',#5925,1.375);
#5925 = AXIS2_PLACEMENT_3D('',#5926,#5927,#5928);
#5926 = CARTESIAN_POINT('',(17.78,-17.78,-28.4));
#5927 = DIRECTION('',(0.,0.,1.));
#5928 = DIRECTION('',(1.,0.,-0.));
#5929 = ORIENTED_EDGE('',*,*,#5930,.T.);
#5930 = EDGE_CURVE('',#5922,#1484,#5931,.T.);
#5931 = LINE('',#5932,#5933);
#5932 = CARTESIAN_POINT('',(16.405,-17.78,-29.4));
#5933 = VECTOR('',#5934,1.);
#5934 = DIRECTION('',(0.,0.,1.));
#5935 = CYLINDRICAL_SURFACE('',#5936,1.375);
#5936 = AXIS2_PLACEMENT_3D('',#5937,#5938,#5939);
#5937 = CARTESIAN_POINT('',(17.78,-17.78,-29.4));
#5938 = DIRECTION('',(0.,0.,1.));
#5939 = DIRECTION('',(1.,0.,-0.));
#5940 = ADVANCED_FACE('',(#5941),#5959,.F.);
#5941 = FACE_BOUND('',#5942,.F.);
#5942 = EDGE_LOOP('',(#5943,#5951,#5957,#5958));
#5943 = ORIENTED_EDGE('',*,*,#5944,.F.);
#5944 = EDGE_CURVE('',#5945,#1493,#5947,.T.);
#5945 = VERTEX_POINT('',#5946);
#5946 = CARTESIAN_POINT('',(19.155,-22.86,-28.4));
#5947 = LINE('',#5948,#5949);
#5948 = CARTESIAN_POINT('',(19.155,-22.86,-29.4));
#5949 = VECTOR('',#5950,1.);
#5950 = DIRECTION('',(0.,0.,1.));
#5951 = ORIENTED_EDGE('',*,*,#5952,.T.);
#5952 = EDGE_CURVE('',#5945,#5914,#5953,.T.);
#5953 = LINE('',#5954,#5955);
#5954 = CARTESIAN_POINT('',(19.155,-30.67,-28.4));
#5955 = VECTOR('',#5956,1.);
#5956 = DIRECTION('',(-0.,1.,0.));
#5957 = ORIENTED_EDGE('',*,*,#5913,.T.);
#5958 = ORIENTED_EDGE('',*,*,#1492,.F.);
#5959 = PLANE('',#5960);
#5960 = AXIS2_PLACEMENT_3D('',#5961,#5962,#5963);
#5961 = CARTESIAN_POINT('',(19.155,-22.86,-29.4));
#5962 = DIRECTION('',(1.,0.,-0.));
#5963 = DIRECTION('',(0.,0.,1.));
#5964 = ADVANCED_FACE('',(#5965),#5983,.T.);
#5965 = FACE_BOUND('',#5966,.T.);
#5966 = EDGE_LOOP('',(#5967,#5975,#5981,#5982));
#5967 = ORIENTED_EDGE('',*,*,#5968,.F.);
#5968 = EDGE_CURVE('',#5969,#1501,#5971,.T.);
#5969 = VERTEX_POINT('',#5970);
#5970 = CARTESIAN_POINT('',(16.405,-22.86,-28.4));
#5971 = LINE('',#5972,#5973);
#5972 = CARTESIAN_POINT('',(16.405,-22.86,-29.4));
#5973 = VECTOR('',#5974,1.);
#5974 = DIRECTION('',(0.,0.,1.));
#5975 = ORIENTED_EDGE('',*,*,#5976,.T.);
#5976 = EDGE_CURVE('',#5969,#5922,#5977,.T.);
#5977 = LINE('',#5978,#5979);
#5978 = CARTESIAN_POINT('',(16.405,-30.67,-28.4));
#5979 = VECTOR('',#5980,1.);
#5980 = DIRECTION('',(-0.,1.,0.));
#5981 = ORIENTED_EDGE('',*,*,#5930,.T.);
#5982 = ORIENTED_EDGE('',*,*,#1509,.F.);
#5983 = PLANE('',#5984);
#5984 = AXIS2_PLACEMENT_3D('',#5985,#5986,#5987);
#5985 = CARTESIAN_POINT('',(16.405,-22.86,-29.4));
#5986 = DIRECTION('',(1.,0.,-0.));
#5987 = DIRECTION('',(0.,0.,1.));
#5988 = ADVANCED_FACE('',(#5989),#6001,.F.);
#5989 = FACE_BOUND('',#5990,.F.);
#5990 = EDGE_LOOP('',(#5991,#5992,#5993,#5994));
#5991 = ORIENTED_EDGE('',*,*,#5944,.T.);
#5992 = ORIENTED_EDGE('',*,*,#1500,.F.);
#5993 = ORIENTED_EDGE('',*,*,#5968,.F.);
#5994 = ORIENTED_EDGE('',*,*,#5995,.T.);
#5995 = EDGE_CURVE('',#5969,#5945,#5996,.T.);
#5996 = CIRCLE('',#5997,1.375);
#5997 = AXIS2_PLACEMENT_3D('',#5998,#5999,#6000);
#5998 = CARTESIAN_POINT('',(17.78,-22.86,-28.4));
#5999 = DIRECTION('',(0.,0.,1.));
#6000 = DIRECTION('',(1.,0.,-0.));
#6001 = CYLINDRICAL_SURFACE('',#6002,1.375);
#6002 = AXIS2_PLACEMENT_3D('',#6003,#6004,#6005);
#6003 = CARTESIAN_POINT('',(17.78,-22.86,-29.4));
#6004 = DIRECTION('',(0.,0.,1.));
#6005 = DIRECTION('',(1.,0.,-0.));
#6006 = ADVANCED_FACE('',(#6007),#6033,.F.);
#6007 = FACE_BOUND('',#6008,.F.);
#6008 = EDGE_LOOP('',(#6009,#6010,#6018,#6027));
#6009 = ORIENTED_EDGE('',*,*,#1517,.F.);
#6010 = ORIENTED_EDGE('',*,*,#6011,.F.);
#6011 = EDGE_CURVE('',#6012,#1518,#6014,.T.);
#6012 = VERTEX_POINT('',#6013);
#6013 = CARTESIAN_POINT('',(22.86,-16.405,-28.4));
#6014 = LINE('',#6015,#6016);
#6015 = CARTESIAN_POINT('',(22.86,-16.405,-29.4));
#6016 = VECTOR('',#6017,1.);
#6017 = DIRECTION('',(0.,0.,1.));
#6018 = ORIENTED_EDGE('',*,*,#6019,.T.);
#6019 = EDGE_CURVE('',#6012,#6020,#6022,.T.);
#6020 = VERTEX_POINT('',#6021);
#6021 = CARTESIAN_POINT('',(22.86,-19.155,-28.4));
#6022 = CIRCLE('',#6023,1.375);
#6023 = AXIS2_PLACEMENT_3D('',#6024,#6025,#6026);
#6024 = CARTESIAN_POINT('',(22.86,-17.78,-28.4));
#6025 = DIRECTION('',(0.,0.,1.));
#6026 = DIRECTION('',(1.,0.,-0.));
#6027 = ORIENTED_EDGE('',*,*,#6028,.T.);
#6028 = EDGE_CURVE('',#6020,#1520,#6029,.T.);
#6029 = LINE('',#6030,#6031);
#6030 = CARTESIAN_POINT('',(22.86,-19.155,-29.4));
#6031 = VECTOR('',#6032,1.);
#6032 = DIRECTION('',(0.,0.,1.));
#6033 = CYLINDRICAL_SURFACE('',#6034,1.375);
#6034 = AXIS2_PLACEMENT_3D('',#6035,#6036,#6037);
#6035 = CARTESIAN_POINT('',(22.86,-17.78,-29.4));
#6036 = DIRECTION('',(0.,0.,1.));
#6037 = DIRECTION('',(1.,0.,-0.));
#6038 = ADVANCED_FACE('',(#6039),#6057,.F.);
#6039 = FACE_BOUND('',#6040,.F.);
#6040 = EDGE_LOOP('',(#6041,#6049,#6050,#6051));
#6041 = ORIENTED_EDGE('',*,*,#6042,.T.);
#6042 = EDGE_CURVE('',#6043,#6012,#6045,.T.);
#6043 = VERTEX_POINT('',#6044);
#6044 = CARTESIAN_POINT('',(27.94,-16.405,-28.4));
#6045 = LINE('',#6046,#6047);
#6046 = CARTESIAN_POINT('',(-7.81,-16.405,-28.4));
#6047 = VECTOR('',#6048,1.);
#6048 = DIRECTION('',(-1.,-0.,0.));
#6049 = ORIENTED_EDGE('',*,*,#6011,.T.);
#6050 = ORIENTED_EDGE('',*,*,#1528,.F.);
#6051 = ORIENTED_EDGE('',*,*,#6052,.F.);
#6052 = EDGE_CURVE('',#6043,#1529,#6053,.T.);
#6053 = LINE('',#6054,#6055);
#6054 = CARTESIAN_POINT('',(27.94,-16.405,-29.4));
#6055 = VECTOR('',#6056,1.);
#6056 = DIRECTION('',(0.,0.,1.));
#6057 = PLANE('',#6058);
#6058 = AXIS2_PLACEMENT_3D('',#6059,#6060,#6061);
#6059 = CARTESIAN_POINT('',(22.86,-16.405,-29.4));
#6060 = DIRECTION('',(-0.,1.,0.));
#6061 = DIRECTION('',(0.,0.,1.));
#6062 = ADVANCED_FACE('',(#6063),#6081,.T.);
#6063 = FACE_BOUND('',#6064,.T.);
#6064 = EDGE_LOOP('',(#6065,#6073,#6074,#6075));
#6065 = ORIENTED_EDGE('',*,*,#6066,.T.);
#6066 = EDGE_CURVE('',#6067,#6020,#6069,.T.);
#6067 = VERTEX_POINT('',#6068);
#6068 = CARTESIAN_POINT('',(27.94,-19.155,-28.4));
#6069 = LINE('',#6070,#6071);
#6070 = CARTESIAN_POINT('',(-7.81,-19.155,-28.4));
#6071 = VECTOR('',#6072,1.);
#6072 = DIRECTION('',(-1.,-0.,0.));
#6073 = ORIENTED_EDGE('',*,*,#6028,.T.);
#6074 = ORIENTED_EDGE('',*,*,#1554,.F.);
#6075 = ORIENTED_EDGE('',*,*,#6076,.F.);
#6076 = EDGE_CURVE('',#6067,#1546,#6077,.T.);
#6077 = LINE('',#6078,#6079);
#6078 = CARTESIAN_POINT('',(27.94,-19.155,-29.4));
#6079 = VECTOR('',#6080,1.);
#6080 = DIRECTION('',(0.,0.,1.));
#6081 = PLANE('',#6082);
#6082 = AXIS2_PLACEMENT_3D('',#6083,#6084,#6085);
#6083 = CARTESIAN_POINT('',(22.86,-19.155,-29.4));
#6084 = DIRECTION('',(-0.,1.,0.));
#6085 = DIRECTION('',(0.,0.,1.));
#6086 = ADVANCED_FACE('',(#6087),#6113,.F.);
#6087 = FACE_BOUND('',#6088,.F.);
#6088 = EDGE_LOOP('',(#6089,#6090,#6098,#6107));
#6089 = ORIENTED_EDGE('',*,*,#1562,.F.);
#6090 = ORIENTED_EDGE('',*,*,#6091,.F.);
#6091 = EDGE_CURVE('',#6092,#1563,#6094,.T.);
#6092 = VERTEX_POINT('',#6093);
#6093 = CARTESIAN_POINT('',(2.54,-11.325,-28.4));
#6094 = LINE('',#6095,#6096);
#6095 = CARTESIAN_POINT('',(2.54,-11.325,-29.4));
#6096 = VECTOR('',#6097,1.);
#6097 = DIRECTION('',(0.,0.,1.));
#6098 = ORIENTED_EDGE('',*,*,#6099,.T.);
#6099 = EDGE_CURVE('',#6092,#6100,#6102,.T.);
#6100 = VERTEX_POINT('',#6101);
#6101 = CARTESIAN_POINT('',(2.54,-14.075,-28.4));
#6102 = CIRCLE('',#6103,1.375);
#6103 = AXIS2_PLACEMENT_3D('',#6104,#6105,#6106);
#6104 = CARTESIAN_POINT('',(2.54,-12.7,-28.4));
#6105 = DIRECTION('',(0.,0.,1.));
#6106 = DIRECTION('',(1.,0.,-0.));
#6107 = ORIENTED_EDGE('',*,*,#6108,.T.);
#6108 = EDGE_CURVE('',#6100,#1565,#6109,.T.);
#6109 = LINE('',#6110,#6111);
#6110 = CARTESIAN_POINT('',(2.54,-14.075,-29.4));
#6111 = VECTOR('',#6112,1.);
#6112 = DIRECTION('',(0.,0.,1.));
#6113 = CYLINDRICAL_SURFACE('',#6114,1.375);
#6114 = AXIS2_PLACEMENT_3D('',#6115,#6116,#6117);
#6115 = CARTESIAN_POINT('',(2.54,-12.7,-29.4));
#6116 = DIRECTION('',(0.,0.,1.));
#6117 = DIRECTION('',(1.,0.,-0.));
#6118 = ADVANCED_FACE('',(#6119),#6137,.F.);
#6119 = FACE_BOUND('',#6120,.F.);
#6120 = EDGE_LOOP('',(#6121,#6129,#6130,#6131));
#6121 = ORIENTED_EDGE('',*,*,#6122,.T.);
#6122 = EDGE_CURVE('',#6123,#6092,#6125,.T.);
#6123 = VERTEX_POINT('',#6124);
#6124 = CARTESIAN_POINT('',(7.62,-11.325,-28.4));
#6125 = LINE('',#6126,#6127);
#6126 = CARTESIAN_POINT('',(-17.97,-11.325,-28.4));
#6127 = VECTOR('',#6128,1.);
#6128 = DIRECTION('',(-1.,-0.,0.));
#6129 = ORIENTED_EDGE('',*,*,#6091,.T.);
#6130 = ORIENTED_EDGE('',*,*,#1573,.F.);
#6131 = ORIENTED_EDGE('',*,*,#6132,.F.);
#6132 = EDGE_CURVE('',#6123,#1574,#6133,.T.);
#6133 = LINE('',#6134,#6135);
#6134 = CARTESIAN_POINT('',(7.62,-11.325,-29.4));
#6135 = VECTOR('',#6136,1.);
#6136 = DIRECTION('',(0.,0.,1.));
#6137 = PLANE('',#6138);
#6138 = AXIS2_PLACEMENT_3D('',#6139,#6140,#6141);
#6139 = CARTESIAN_POINT('',(2.54,-11.325,-29.4));
#6140 = DIRECTION('',(-0.,1.,0.));
#6141 = DIRECTION('',(0.,0.,1.));
#6142 = ADVANCED_FACE('',(#6143),#6161,.T.);
#6143 = FACE_BOUND('',#6144,.T.);
#6144 = EDGE_LOOP('',(#6145,#6153,#6154,#6155));
#6145 = ORIENTED_EDGE('',*,*,#6146,.T.);
#6146 = EDGE_CURVE('',#6147,#6100,#6149,.T.);
#6147 = VERTEX_POINT('',#6148);
#6148 = CARTESIAN_POINT('',(7.62,-14.075,-28.4));
#6149 = LINE('',#6150,#6151);
#6150 = CARTESIAN_POINT('',(-17.97,-14.075,-28.4));
#6151 = VECTOR('',#6152,1.);
#6152 = DIRECTION('',(-1.,-0.,0.));
#6153 = ORIENTED_EDGE('',*,*,#6108,.T.);
#6154 = ORIENTED_EDGE('',*,*,#1599,.F.);
#6155 = ORIENTED_EDGE('',*,*,#6156,.F.);
#6156 = EDGE_CURVE('',#6147,#1591,#6157,.T.);
#6157 = LINE('',#6158,#6159);
#6158 = CARTESIAN_POINT('',(7.62,-14.075,-29.4));
#6159 = VECTOR('',#6160,1.);
#6160 = DIRECTION('',(0.,0.,1.));
#6161 = PLANE('',#6162);
#6162 = AXIS2_PLACEMENT_3D('',#6163,#6164,#6165);
#6163 = CARTESIAN_POINT('',(2.54,-14.075,-29.4));
#6164 = DIRECTION('',(-0.,1.,0.));
#6165 = DIRECTION('',(0.,0.,1.));
#6166 = ADVANCED_FACE('',(#6167),#6186,.F.);
#6167 = FACE_BOUND('',#6168,.F.);
#6168 = EDGE_LOOP('',(#6169,#6170,#6178,#6185));
#6169 = ORIENTED_EDGE('',*,*,#1607,.F.);
#6170 = ORIENTED_EDGE('',*,*,#6171,.F.);
#6171 = EDGE_CURVE('',#6172,#1608,#6174,.T.);
#6172 = VERTEX_POINT('',#6173);
#6173 = CARTESIAN_POINT('',(8.995,-7.62,-28.4));
#6174 = LINE('',#6175,#6176);
#6175 = CARTESIAN_POINT('',(8.995,-7.62,-29.4));
#6176 = VECTOR('',#6177,1.);
#6177 = DIRECTION('',(0.,0.,1.));
#6178 = ORIENTED_EDGE('',*,*,#6179,.T.);
#6179 = EDGE_CURVE('',#6172,#6172,#6180,.T.);
#6180 = CIRCLE('',#6181,1.375);
#6181 = AXIS2_PLACEMENT_3D('',#6182,#6183,#6184);
#6182 = CARTESIAN_POINT('',(7.62,-7.62,-28.4));
#6183 = DIRECTION('',(0.,0.,1.));
#6184 = DIRECTION('',(1.,0.,-0.));
#6185 = ORIENTED_EDGE('',*,*,#6171,.T.);
#6186 = CYLINDRICAL_SURFACE('',#6187,1.375);
#6187 = AXIS2_PLACEMENT_3D('',#6188,#6189,#6190);
#6188 = CARTESIAN_POINT('',(7.62,-7.62,-29.4));
#6189 = DIRECTION('',(0.,0.,1.));
#6190 = DIRECTION('',(1.,0.,-0.));
#6191 = ADVANCED_FACE('',(#6192),#6218,.F.);
#6192 = FACE_BOUND('',#6193,.F.);
#6193 = EDGE_LOOP('',(#6194,#6195,#6203,#6212));
#6194 = ORIENTED_EDGE('',*,*,#1618,.F.);
#6195 = ORIENTED_EDGE('',*,*,#6196,.F.);
#6196 = EDGE_CURVE('',#6197,#1619,#6199,.T.);
#6197 = VERTEX_POINT('',#6198);
#6198 = CARTESIAN_POINT('',(14.075,-7.62,-28.4));
#6199 = LINE('',#6200,#6201);
#6200 = CARTESIAN_POINT('',(14.075,-7.62,-29.4));
#6201 = VECTOR('',#6202,1.);
#6202 = DIRECTION('',(0.,0.,1.));
#6203 = ORIENTED_EDGE('',*,*,#6204,.T.);
#6204 = EDGE_CURVE('',#6197,#6205,#6207,.T.);
#6205 = VERTEX_POINT('',#6206);
#6206 = CARTESIAN_POINT('',(11.325,-7.62,-28.4));
#6207 = CIRCLE('',#6208,1.375);
#6208 = AXIS2_PLACEMENT_3D('',#6209,#6210,#6211);
#6209 = CARTESIAN_POINT('',(12.7,-7.62,-28.4));
#6210 = DIRECTION('',(0.,0.,1.));
#6211 = DIRECTION('',(1.,0.,-0.));
#6212 = ORIENTED_EDGE('',*,*,#6213,.T.);
#6213 = EDGE_CURVE('',#6205,#1621,#6214,.T.);
#6214 = LINE('',#6215,#6216);
#6215 = CARTESIAN_POINT('',(11.325,-7.62,-29.4));
#6216 = VECTOR('',#6217,1.);
#6217 = DIRECTION('',(0.,0.,1.));
#6218 = CYLINDRICAL_SURFACE('',#6219,1.375);
#6219 = AXIS2_PLACEMENT_3D('',#6220,#6221,#6222);
#6220 = CARTESIAN_POINT('',(12.7,-7.62,-29.4));
#6221 = DIRECTION('',(0.,0.,1.));
#6222 = DIRECTION('',(1.,0.,-0.));
#6223 = ADVANCED_FACE('',(#6224),#6242,.F.);
#6224 = FACE_BOUND('',#6225,.F.);
#6225 = EDGE_LOOP('',(#6226,#6234,#6240,#6241));
#6226 = ORIENTED_EDGE('',*,*,#6227,.F.);
#6227 = EDGE_CURVE('',#6228,#1630,#6230,.T.);
#6228 = VERTEX_POINT('',#6229);
#6229 = CARTESIAN_POINT('',(14.075,-12.7,-28.4));
#6230 = LINE('',#6231,#6232);
#6231 = CARTESIAN_POINT('',(14.075,-12.7,-29.4));
#6232 = VECTOR('',#6233,1.);
#6233 = DIRECTION('',(0.,0.,1.));
#6234 = ORIENTED_EDGE('',*,*,#6235,.T.);
#6235 = EDGE_CURVE('',#6228,#6197,#6236,.T.);
#6236 = LINE('',#6237,#6238);
#6237 = CARTESIAN_POINT('',(14.075,-25.59,-28.4));
#6238 = VECTOR('',#6239,1.);
#6239 = DIRECTION('',(-0.,1.,0.));
#6240 = ORIENTED_EDGE('',*,*,#6196,.T.);
#6241 = ORIENTED_EDGE('',*,*,#1629,.F.);
#6242 = PLANE('',#6243);
#6243 = AXIS2_PLACEMENT_3D('',#6244,#6245,#6246);
#6244 = CARTESIAN_POINT('',(14.075,-12.7,-29.4));
#6245 = DIRECTION('',(1.,0.,-0.));
#6246 = DIRECTION('',(0.,0.,1.));
#6247 = ADVANCED_FACE('',(#6248),#6266,.T.);
#6248 = FACE_BOUND('',#6249,.T.);
#6249 = EDGE_LOOP('',(#6250,#6258,#6264,#6265));
#6250 = ORIENTED_EDGE('',*,*,#6251,.F.);
#6251 = EDGE_CURVE('',#6252,#1638,#6254,.T.);
#6252 = VERTEX_POINT('',#6253);
#6253 = CARTESIAN_POINT('',(11.325,-12.7,-28.4));
#6254 = LINE('',#6255,#6256);
#6255 = CARTESIAN_POINT('',(11.325,-12.7,-29.4));
#6256 = VECTOR('',#6257,1.);
#6257 = DIRECTION('',(0.,0.,1.));
#6258 = ORIENTED_EDGE('',*,*,#6259,.T.);
#6259 = EDGE_CURVE('',#6252,#6205,#6260,.T.);
#6260 = LINE('',#6261,#6262);
#6261 = CARTESIAN_POINT('',(11.325,-25.59,-28.4));
#6262 = VECTOR('',#6263,1.);
#6263 = DIRECTION('',(-0.,1.,0.));
#6264 = ORIENTED_EDGE('',*,*,#6213,.T.);
#6265 = ORIENTED_EDGE('',*,*,#1646,.F.);
#6266 = PLANE('',#6267);
#6267 = AXIS2_PLACEMENT_3D('',#6268,#6269,#6270);
#6268 = CARTESIAN_POINT('',(11.325,-12.7,-29.4));
#6269 = DIRECTION('',(1.,0.,-0.));
#6270 = DIRECTION('',(0.,0.,1.));
#6271 = ADVANCED_FACE('',(#6272),#6284,.F.);
#6272 = FACE_BOUND('',#6273,.F.);
#6273 = EDGE_LOOP('',(#6274,#6275,#6276,#6277));
#6274 = ORIENTED_EDGE('',*,*,#6227,.T.);
#6275 = ORIENTED_EDGE('',*,*,#1637,.F.);
#6276 = ORIENTED_EDGE('',*,*,#6251,.F.);
#6277 = ORIENTED_EDGE('',*,*,#6278,.T.);
#6278 = EDGE_CURVE('',#6252,#6228,#6279,.T.);
#6279 = CIRCLE('',#6280,1.375);
#6280 = AXIS2_PLACEMENT_3D('',#6281,#6282,#6283);
#6281 = CARTESIAN_POINT('',(12.7,-12.7,-28.4));
#6282 = DIRECTION('',(0.,0.,1.));
#6283 = DIRECTION('',(1.,0.,-0.));
#6284 = CYLINDRICAL_SURFACE('',#6285,1.375);
#6285 = AXIS2_PLACEMENT_3D('',#6286,#6287,#6288);
#6286 = CARTESIAN_POINT('',(12.7,-12.7,-29.4));
#6287 = DIRECTION('',(0.,0.,1.));
#6288 = DIRECTION('',(1.,0.,-0.));
#6289 = ADVANCED_FACE('',(#6290),#6316,.F.);
#6290 = FACE_BOUND('',#6291,.F.);
#6291 = EDGE_LOOP('',(#6292,#6293,#6301,#6310));
#6292 = ORIENTED_EDGE('',*,*,#1654,.F.);
#6293 = ORIENTED_EDGE('',*,*,#6294,.F.);
#6294 = EDGE_CURVE('',#6295,#1655,#6297,.T.);
#6295 = VERTEX_POINT('',#6296);
#6296 = CARTESIAN_POINT('',(3.915,-2.54,-28.4));
#6297 = LINE('',#6298,#6299);
#6298 = CARTESIAN_POINT('',(3.915,-2.54,-29.4));
#6299 = VECTOR('',#6300,1.);
#6300 = DIRECTION('',(0.,0.,1.));
#6301 = ORIENTED_EDGE('',*,*,#6302,.T.);
#6302 = EDGE_CURVE('',#6295,#6303,#6305,.T.);
#6303 = VERTEX_POINT('',#6304);
#6304 = CARTESIAN_POINT('',(1.165,-2.54,-28.4));
#6305 = CIRCLE('',#6306,1.375);
#6306 = AXIS2_PLACEMENT_3D('',#6307,#6308,#6309);
#6307 = CARTESIAN_POINT('',(2.54,-2.54,-28.4));
#6308 = DIRECTION('',(0.,0.,1.));
#6309 = DIRECTION('',(1.,0.,-0.));
#6310 = ORIENTED_EDGE('',*,*,#6311,.T.);
#6311 = EDGE_CURVE('',#6303,#1657,#6312,.T.);
#6312 = LINE('',#6313,#6314);
#6313 = CARTESIAN_POINT('',(1.165,-2.54,-29.4));
#6314 = VECTOR('',#6315,1.);
#6315 = DIRECTION('',(0.,0.,1.));
#6316 = CYLINDRICAL_SURFACE('',#6317,1.375);
#6317 = AXIS2_PLACEMENT_3D('',#6318,#6319,#6320);
#6318 = CARTESIAN_POINT('',(2.54,-2.54,-29.4));
#6319 = DIRECTION('',(0.,0.,1.));
#6320 = DIRECTION('',(1.,0.,-0.));
#6321 = ADVANCED_FACE('',(#6322),#6340,.F.);
#6322 = FACE_BOUND('',#6323,.F.);
#6323 = EDGE_LOOP('',(#6324,#6332,#6338,#6339));
#6324 = ORIENTED_EDGE('',*,*,#6325,.F.);
#6325 = EDGE_CURVE('',#6326,#1666,#6328,.T.);
#6326 = VERTEX_POINT('',#6327);
#6327 = CARTESIAN_POINT('',(3.915,-7.62,-28.4));
#6328 = LINE('',#6329,#6330);
#6329 = CARTESIAN_POINT('',(3.915,-7.62,-29.4));
#6330 = VECTOR('',#6331,1.);
#6331 = DIRECTION('',(0.,0.,1.));
#6332 = ORIENTED_EDGE('',*,*,#6333,.T.);
#6333 = EDGE_CURVE('',#6326,#6295,#6334,.T.);
#6334 = LINE('',#6335,#6336);
#6335 = CARTESIAN_POINT('',(3.915,-23.05,-28.4));
#6336 = VECTOR('',#6337,1.);
#6337 = DIRECTION('',(-0.,1.,0.));
#6338 = ORIENTED_EDGE('',*,*,#6294,.T.);
#6339 = ORIENTED_EDGE('',*,*,#1665,.F.);
#6340 = PLANE('',#6341);
#6341 = AXIS2_PLACEMENT_3D('',#6342,#6343,#6344);
#6342 = CARTESIAN_POINT('',(3.915,-7.62,-29.4));
#6343 = DIRECTION('',(1.,0.,-0.));
#6344 = DIRECTION('',(0.,0.,1.));
#6345 = ADVANCED_FACE('',(#6346),#6364,.T.);
#6346 = FACE_BOUND('',#6347,.T.);
#6347 = EDGE_LOOP('',(#6348,#6356,#6362,#6363));
#6348 = ORIENTED_EDGE('',*,*,#6349,.F.);
#6349 = EDGE_CURVE('',#6350,#1674,#6352,.T.);
#6350 = VERTEX_POINT('',#6351);
#6351 = CARTESIAN_POINT('',(1.165,-7.62,-28.4));
#6352 = LINE('',#6353,#6354);
#6353 = CARTESIAN_POINT('',(1.165,-7.62,-29.4));
#6354 = VECTOR('',#6355,1.);
#6355 = DIRECTION('',(0.,0.,1.));
#6356 = ORIENTED_EDGE('',*,*,#6357,.T.);
#6357 = EDGE_CURVE('',#6350,#6303,#6358,.T.);
#6358 = LINE('',#6359,#6360);
#6359 = CARTESIAN_POINT('',(1.165,-23.05,-28.4));
#6360 = VECTOR('',#6361,1.);
#6361 = DIRECTION('',(-0.,1.,0.));
#6362 = ORIENTED_EDGE('',*,*,#6311,.T.);
#6363 = ORIENTED_EDGE('',*,*,#1682,.F.);
#6364 = PLANE('',#6365);
#6365 = AXIS2_PLACEMENT_3D('',#6366,#6367,#6368);
#6366 = CARTESIAN_POINT('',(1.165,-7.62,-29.4));
#6367 = DIRECTION('',(1.,0.,-0.));
#6368 = DIRECTION('',(0.,0.,1.));
#6369 = ADVANCED_FACE('',(#6370),#6382,.F.);
#6370 = FACE_BOUND('',#6371,.F.);
#6371 = EDGE_LOOP('',(#6372,#6373,#6374,#6375));
#6372 = ORIENTED_EDGE('',*,*,#6325,.T.);
#6373 = ORIENTED_EDGE('',*,*,#1673,.F.);
#6374 = ORIENTED_EDGE('',*,*,#6349,.F.);
#6375 = ORIENTED_EDGE('',*,*,#6376,.T.);
#6376 = EDGE_CURVE('',#6350,#6326,#6377,.T.);
#6377 = CIRCLE('',#6378,1.375);
#6378 = AXIS2_PLACEMENT_3D('',#6379,#6380,#6381);
#6379 = CARTESIAN_POINT('',(2.54,-7.62,-28.4));
#6380 = DIRECTION('',(0.,0.,1.));
#6381 = DIRECTION('',(1.,0.,-0.));
#6382 = CYLINDRICAL_SURFACE('',#6383,1.375);
#6383 = AXIS2_PLACEMENT_3D('',#6384,#6385,#6386);
#6384 = CARTESIAN_POINT('',(2.54,-7.62,-29.4));
#6385 = DIRECTION('',(0.,0.,1.));
#6386 = DIRECTION('',(1.,0.,-0.));
#6387 = ADVANCED_FACE('',(#6388),#6414,.F.);
#6388 = FACE_BOUND('',#6389,.F.);
#6389 = EDGE_LOOP('',(#6390,#6391,#6399,#6408));
#6390 = ORIENTED_EDGE('',*,*,#1690,.F.);
#6391 = ORIENTED_EDGE('',*,*,#6392,.F.);
#6392 = EDGE_CURVE('',#6393,#1691,#6395,.T.);
#6393 = VERTEX_POINT('',#6394);
#6394 = CARTESIAN_POINT('',(7.62,-1.165,-28.4));
#6395 = LINE('',#6396,#6397);
#6396 = CARTESIAN_POINT('',(7.62,-1.165,-29.4));
#6397 = VECTOR('',#6398,1.);
#6398 = DIRECTION('',(0.,0.,1.));
#6399 = ORIENTED_EDGE('',*,*,#6400,.T.);
#6400 = EDGE_CURVE('',#6393,#6401,#6403,.T.);
#6401 = VERTEX_POINT('',#6402);
#6402 = CARTESIAN_POINT('',(7.62,-3.915,-28.4));
#6403 = CIRCLE('',#6404,1.375);
#6404 = AXIS2_PLACEMENT_3D('',#6405,#6406,#6407);
#6405 = CARTESIAN_POINT('',(7.62,-2.54,-28.4));
#6406 = DIRECTION('',(0.,0.,1.));
#6407 = DIRECTION('',(1.,0.,-0.));
#6408 = ORIENTED_EDGE('',*,*,#6409,.T.);
#6409 = EDGE_CURVE('',#6401,#1693,#6410,.T.);
#6410 = LINE('',#6411,#6412);
#6411 = CARTESIAN_POINT('',(7.62,-3.915,-29.4));
#6412 = VECTOR('',#6413,1.);
#6413 = DIRECTION('',(0.,0.,1.));
#6414 = CYLINDRICAL_SURFACE('',#6415,1.375);
#6415 = AXIS2_PLACEMENT_3D('',#6416,#6417,#6418);
#6416 = CARTESIAN_POINT('',(7.62,-2.54,-29.4));
#6417 = DIRECTION('',(0.,0.,1.));
#6418 = DIRECTION('',(1.,0.,-0.));
#6419 = ADVANCED_FACE('',(#6420),#6438,.F.);
#6420 = FACE_BOUND('',#6421,.F.);
#6421 = EDGE_LOOP('',(#6422,#6430,#6431,#6432));
#6422 = ORIENTED_EDGE('',*,*,#6423,.T.);
#6423 = EDGE_CURVE('',#6424,#6393,#6426,.T.);
#6424 = VERTEX_POINT('',#6425);
#6425 = CARTESIAN_POINT('',(12.7,-1.165,-28.4));
#6426 = LINE('',#6427,#6428);
#6427 = CARTESIAN_POINT('',(-15.43,-1.165,-28.4));
#6428 = VECTOR('',#6429,1.);
#6429 = DIRECTION('',(-1.,-0.,0.));
#6430 = ORIENTED_EDGE('',*,*,#6392,.T.);
#6431 = ORIENTED_EDGE('',*,*,#1701,.F.);
#6432 = ORIENTED_EDGE('',*,*,#6433,.F.);
#6433 = EDGE_CURVE('',#6424,#1702,#6434,.T.);
#6434 = LINE('',#6435,#6436);
#6435 = CARTESIAN_POINT('',(12.7,-1.165,-29.4));
#6436 = VECTOR('',#6437,1.);
#6437 = DIRECTION('',(0.,0.,1.));
#6438 = PLANE('',#6439);
#6439 = AXIS2_PLACEMENT_3D('',#6440,#6441,#6442);
#6440 = CARTESIAN_POINT('',(7.62,-1.165,-29.4));
#6441 = DIRECTION('',(-0.,1.,0.));
#6442 = DIRECTION('',(0.,0.,1.));
#6443 = ADVANCED_FACE('',(#6444),#6462,.T.);
#6444 = FACE_BOUND('',#6445,.T.);
#6445 = EDGE_LOOP('',(#6446,#6454,#6455,#6456));
#6446 = ORIENTED_EDGE('',*,*,#6447,.T.);
#6447 = EDGE_CURVE('',#6448,#6401,#6450,.T.);
#6448 = VERTEX_POINT('',#6449);
#6449 = CARTESIAN_POINT('',(12.7,-3.915,-28.4));
#6450 = LINE('',#6451,#6452);
#6451 = CARTESIAN_POINT('',(-15.43,-3.915,-28.4));
#6452 = VECTOR('',#6453,1.);
#6453 = DIRECTION('',(-1.,-0.,0.));
#6454 = ORIENTED_EDGE('',*,*,#6409,.T.);
#6455 = ORIENTED_EDGE('',*,*,#1727,.F.);
#6456 = ORIENTED_EDGE('',*,*,#6457,.F.);
#6457 = EDGE_CURVE('',#6448,#1719,#6458,.T.);
#6458 = LINE('',#6459,#6460);
#6459 = CARTESIAN_POINT('',(12.7,-3.915,-29.4));
#6460 = VECTOR('',#6461,1.);
#6461 = DIRECTION('',(0.,0.,1.));
#6462 = PLANE('',#6463);
#6463 = AXIS2_PLACEMENT_3D('',#6464,#6465,#6466);
#6464 = CARTESIAN_POINT('',(7.62,-3.915,-29.4));
#6465 = DIRECTION('',(-0.,1.,0.));
#6466 = DIRECTION('',(0.,0.,1.));
#6467 = ADVANCED_FACE('',(#6468),#6494,.F.);
#6468 = FACE_BOUND('',#6469,.F.);
#6469 = EDGE_LOOP('',(#6470,#6471,#6479,#6488));
#6470 = ORIENTED_EDGE('',*,*,#1735,.F.);
#6471 = ORIENTED_EDGE('',*,*,#6472,.F.);
#6472 = EDGE_CURVE('',#6473,#1736,#6475,.T.);
#6473 = VERTEX_POINT('',#6474);
#6474 = CARTESIAN_POINT('',(17.78,-11.325,-28.4));
#6475 = LINE('',#6476,#6477);
#6476 = CARTESIAN_POINT('',(17.78,-11.325,-29.4));
#6477 = VECTOR('',#6478,1.);
#6478 = DIRECTION('',(0.,0.,1.));
#6479 = ORIENTED_EDGE('',*,*,#6480,.T.);
#6480 = EDGE_CURVE('',#6473,#6481,#6483,.T.);
#6481 = VERTEX_POINT('',#6482);
#6482 = CARTESIAN_POINT('',(17.78,-14.075,-28.4));
#6483 = CIRCLE('',#6484,1.375);
#6484 = AXIS2_PLACEMENT_3D('',#6485,#6486,#6487);
#6485 = CARTESIAN_POINT('',(17.78,-12.7,-28.4));
#6486 = DIRECTION('',(0.,0.,1.));
#6487 = DIRECTION('',(1.,0.,-0.));
#6488 = ORIENTED_EDGE('',*,*,#6489,.T.);
#6489 = EDGE_CURVE('',#6481,#1738,#6490,.T.);
#6490 = LINE('',#6491,#6492);
#6491 = CARTESIAN_POINT('',(17.78,-14.075,-29.4));
#6492 = VECTOR('',#6493,1.);
#6493 = DIRECTION('',(0.,0.,1.));
#6494 = CYLINDRICAL_SURFACE('',#6495,1.375);
#6495 = AXIS2_PLACEMENT_3D('',#6496,#6497,#6498);
#6496 = CARTESIAN_POINT('',(17.78,-12.7,-29.4));
#6497 = DIRECTION('',(0.,0.,1.));
#6498 = DIRECTION('',(1.,0.,-0.));
#6499 = ADVANCED_FACE('',(#6500),#6518,.F.);
#6500 = FACE_BOUND('',#6501,.F.);
#6501 = EDGE_LOOP('',(#6502,#6510,#6511,#6512));
#6502 = ORIENTED_EDGE('',*,*,#6503,.T.);
#6503 = EDGE_CURVE('',#6504,#6473,#6506,.T.);
#6504 = VERTEX_POINT('',#6505);
#6505 = CARTESIAN_POINT('',(22.86,-11.325,-28.4));
#6506 = LINE('',#6507,#6508);
#6507 = CARTESIAN_POINT('',(-10.35,-11.325,-28.4));
#6508 = VECTOR('',#6509,1.);
#6509 = DIRECTION('',(-1.,-0.,0.));
#6510 = ORIENTED_EDGE('',*,*,#6472,.T.);
#6511 = ORIENTED_EDGE('',*,*,#1746,.F.);
#6512 = ORIENTED_EDGE('',*,*,#6513,.F.);
#6513 = EDGE_CURVE('',#6504,#1747,#6514,.T.);
#6514 = LINE('',#6515,#6516);
#6515 = CARTESIAN_POINT('',(22.86,-11.325,-29.4));
#6516 = VECTOR('',#6517,1.);
#6517 = DIRECTION('',(0.,0.,1.));
#6518 = PLANE('',#6519);
#6519 = AXIS2_PLACEMENT_3D('',#6520,#6521,#6522);
#6520 = CARTESIAN_POINT('',(17.78,-11.325,-29.4));
#6521 = DIRECTION('',(-0.,1.,0.));
#6522 = DIRECTION('',(0.,0.,1.));
#6523 = ADVANCED_FACE('',(#6524),#6542,.T.);
#6524 = FACE_BOUND('',#6525,.T.);
#6525 = EDGE_LOOP('',(#6526,#6534,#6535,#6536));
#6526 = ORIENTED_EDGE('',*,*,#6527,.T.);
#6527 = EDGE_CURVE('',#6528,#6481,#6530,.T.);
#6528 = VERTEX_POINT('',#6529);
#6529 = CARTESIAN_POINT('',(22.86,-14.075,-28.4));
#6530 = LINE('',#6531,#6532);
#6531 = CARTESIAN_POINT('',(-10.35,-14.075,-28.4));
#6532 = VECTOR('',#6533,1.);
#6533 = DIRECTION('',(-1.,-0.,0.));
#6534 = ORIENTED_EDGE('',*,*,#6489,.T.);
#6535 = ORIENTED_EDGE('',*,*,#1772,.F.);
#6536 = ORIENTED_EDGE('',*,*,#6537,.F.);
#6537 = EDGE_CURVE('',#6528,#1764,#6538,.T.);
#6538 = LINE('',#6539,#6540);
#6539 = CARTESIAN_POINT('',(22.86,-14.075,-29.4));
#6540 = VECTOR('',#6541,1.);
#6541 = DIRECTION('',(0.,0.,1.));
#6542 = PLANE('',#6543);
#6543 = AXIS2_PLACEMENT_3D('',#6544,#6545,#6546);
#6544 = CARTESIAN_POINT('',(17.78,-14.075,-29.4));
#6545 = DIRECTION('',(-0.,1.,0.));
#6546 = DIRECTION('',(0.,0.,1.));
#6547 = ADVANCED_FACE('',(#6548),#6567,.F.);
#6548 = FACE_BOUND('',#6549,.F.);
#6549 = EDGE_LOOP('',(#6550,#6551,#6559,#6566));
#6550 = ORIENTED_EDGE('',*,*,#1780,.F.);
#6551 = ORIENTED_EDGE('',*,*,#6552,.F.);
#6552 = EDGE_CURVE('',#6553,#1781,#6555,.T.);
#6553 = VERTEX_POINT('',#6554);
#6554 = CARTESIAN_POINT('',(24.235,-7.62,-28.4));
#6555 = LINE('',#6556,#6557);
#6556 = CARTESIAN_POINT('',(24.235,-7.62,-29.4));
#6557 = VECTOR('',#6558,1.);
#6558 = DIRECTION('',(0.,0.,1.));
#6559 = ORIENTED_EDGE('',*,*,#6560,.T.);
#6560 = EDGE_CURVE('',#6553,#6553,#6561,.T.);
#6561 = CIRCLE('',#6562,1.375);
#6562 = AXIS2_PLACEMENT_3D('',#6563,#6564,#6565);
#6563 = CARTESIAN_POINT('',(22.86,-7.62,-28.4));
#6564 = DIRECTION('',(0.,0.,1.));
#6565 = DIRECTION('',(1.,0.,-0.));
#6566 = ORIENTED_EDGE('',*,*,#6552,.T.);
#6567 = CYLINDRICAL_SURFACE('',#6568,1.375);
#6568 = AXIS2_PLACEMENT_3D('',#6569,#6570,#6571);
#6569 = CARTESIAN_POINT('',(22.86,-7.62,-29.4));
#6570 = DIRECTION('',(0.,0.,1.));
#6571 = DIRECTION('',(1.,0.,-0.));
#6572 = ADVANCED_FACE('',(#6573),#6599,.F.);
#6573 = FACE_BOUND('',#6574,.F.);
#6574 = EDGE_LOOP('',(#6575,#6576,#6584,#6593));
#6575 = ORIENTED_EDGE('',*,*,#1791,.F.);
#6576 = ORIENTED_EDGE('',*,*,#6577,.F.);
#6577 = EDGE_CURVE('',#6578,#1792,#6580,.T.);
#6578 = VERTEX_POINT('',#6579);
#6579 = CARTESIAN_POINT('',(29.315,-7.62,-28.4));
#6580 = LINE('',#6581,#6582);
#6581 = CARTESIAN_POINT('',(29.315,-7.62,-29.4));
#6582 = VECTOR('',#6583,1.);
#6583 = DIRECTION('',(0.,0.,1.));
#6584 = ORIENTED_EDGE('',*,*,#6585,.T.);
#6585 = EDGE_CURVE('',#6578,#6586,#6588,.T.);
#6586 = VERTEX_POINT('',#6587);
#6587 = CARTESIAN_POINT('',(26.565,-7.62,-28.4));
#6588 = CIRCLE('',#6589,1.375);
#6589 = AXIS2_PLACEMENT_3D('',#6590,#6591,#6592);
#6590 = CARTESIAN_POINT('',(27.94,-7.62,-28.4));
#6591 = DIRECTION('',(0.,0.,1.));
#6592 = DIRECTION('',(1.,0.,-0.));
#6593 = ORIENTED_EDGE('',*,*,#6594,.T.);
#6594 = EDGE_CURVE('',#6586,#1794,#6595,.T.);
#6595 = LINE('',#6596,#6597);
#6596 = CARTESIAN_POINT('',(26.565,-7.62,-29.4));
#6597 = VECTOR('',#6598,1.);
#6598 = DIRECTION('',(0.,0.,1.));
#6599 = CYLINDRICAL_SURFACE('',#6600,1.375);
#6600 = AXIS2_PLACEMENT_3D('',#6601,#6602,#6603);
#6601 = CARTESIAN_POINT('',(27.94,-7.62,-29.4));
#6602 = DIRECTION('',(0.,0.,1.));
#6603 = DIRECTION('',(1.,0.,-0.));
#6604 = ADVANCED_FACE('',(#6605),#6623,.F.);
#6605 = FACE_BOUND('',#6606,.F.);
#6606 = EDGE_LOOP('',(#6607,#6615,#6621,#6622));
#6607 = ORIENTED_EDGE('',*,*,#6608,.F.);
#6608 = EDGE_CURVE('',#6609,#1803,#6611,.T.);
#6609 = VERTEX_POINT('',#6610);
#6610 = CARTESIAN_POINT('',(29.315,-12.7,-28.4));
#6611 = LINE('',#6612,#6613);
#6612 = CARTESIAN_POINT('',(29.315,-12.7,-29.4));
#6613 = VECTOR('',#6614,1.);
#6614 = DIRECTION('',(0.,0.,1.));
#6615 = ORIENTED_EDGE('',*,*,#6616,.T.);
#6616 = EDGE_CURVE('',#6609,#6578,#6617,.T.);
#6617 = LINE('',#6618,#6619);
#6618 = CARTESIAN_POINT('',(29.315,-25.59,-28.4));
#6619 = VECTOR('',#6620,1.);
#6620 = DIRECTION('',(-0.,1.,0.));
#6621 = ORIENTED_EDGE('',*,*,#6577,.T.);
#6622 = ORIENTED_EDGE('',*,*,#1802,.F.);
#6623 = PLANE('',#6624);
#6624 = AXIS2_PLACEMENT_3D('',#6625,#6626,#6627);
#6625 = CARTESIAN_POINT('',(29.315,-12.7,-29.4));
#6626 = DIRECTION('',(1.,0.,-0.));
#6627 = DIRECTION('',(0.,0.,1.));
#6628 = ADVANCED_FACE('',(#6629),#6647,.T.);
#6629 = FACE_BOUND('',#6630,.T.);
#6630 = EDGE_LOOP('',(#6631,#6639,#6645,#6646));
#6631 = ORIENTED_EDGE('',*,*,#6632,.F.);
#6632 = EDGE_CURVE('',#6633,#1811,#6635,.T.);
#6633 = VERTEX_POINT('',#6634);
#6634 = CARTESIAN_POINT('',(26.565,-12.7,-28.4));
#6635 = LINE('',#6636,#6637);
#6636 = CARTESIAN_POINT('',(26.565,-12.7,-29.4));
#6637 = VECTOR('',#6638,1.);
#6638 = DIRECTION('',(0.,0.,1.));
#6639 = ORIENTED_EDGE('',*,*,#6640,.T.);
#6640 = EDGE_CURVE('',#6633,#6586,#6641,.T.);
#6641 = LINE('',#6642,#6643);
#6642 = CARTESIAN_POINT('',(26.565,-25.59,-28.4));
#6643 = VECTOR('',#6644,1.);
#6644 = DIRECTION('',(-0.,1.,0.));
#6645 = ORIENTED_EDGE('',*,*,#6594,.T.);
#6646 = ORIENTED_EDGE('',*,*,#1819,.F.);
#6647 = PLANE('',#6648);
#6648 = AXIS2_PLACEMENT_3D('',#6649,#6650,#6651);
#6649 = CARTESIAN_POINT('',(26.565,-12.7,-29.4));
#6650 = DIRECTION('',(1.,0.,-0.));
#6651 = DIRECTION('',(0.,0.,1.));
#6652 = ADVANCED_FACE('',(#6653),#6665,.F.);
#6653 = FACE_BOUND('',#6654,.F.);
#6654 = EDGE_LOOP('',(#6655,#6656,#6657,#6658));
#6655 = ORIENTED_EDGE('',*,*,#6608,.T.);
#6656 = ORIENTED_EDGE('',*,*,#1810,.F.);
#6657 = ORIENTED_EDGE('',*,*,#6632,.F.);
#6658 = ORIENTED_EDGE('',*,*,#6659,.T.);
#6659 = EDGE_CURVE('',#6633,#6609,#6660,.T.);
#6660 = CIRCLE('',#6661,1.375);
#6661 = AXIS2_PLACEMENT_3D('',#6662,#6663,#6664);
#6662 = CARTESIAN_POINT('',(27.94,-12.7,-28.4));
#6663 = DIRECTION('',(0.,0.,1.));
#6664 = DIRECTION('',(1.,0.,-0.));
#6665 = CYLINDRICAL_SURFACE('',#6666,1.375);
#6666 = AXIS2_PLACEMENT_3D('',#6667,#6668,#6669);
#6667 = CARTESIAN_POINT('',(27.94,-12.7,-29.4));
#6668 = DIRECTION('',(0.,0.,1.));
#6669 = DIRECTION('',(1.,0.,-0.));
#6670 = ADVANCED_FACE('',(#6671),#6697,.F.);
#6671 = FACE_BOUND('',#6672,.F.);
#6672 = EDGE_LOOP('',(#6673,#6674,#6682,#6691));
#6673 = ORIENTED_EDGE('',*,*,#1827,.F.);
#6674 = ORIENTED_EDGE('',*,*,#6675,.F.);
#6675 = EDGE_CURVE('',#6676,#1828,#6678,.T.);
#6676 = VERTEX_POINT('',#6677);
#6677 = CARTESIAN_POINT('',(19.155,-2.54,-28.4));
#6678 = LINE('',#6679,#6680);
#6679 = CARTESIAN_POINT('',(19.155,-2.54,-29.4));
#6680 = VECTOR('',#6681,1.);
#6681 = DIRECTION('',(0.,0.,1.));
#6682 = ORIENTED_EDGE('',*,*,#6683,.T.);
#6683 = EDGE_CURVE('',#6676,#6684,#6686,.T.);
#6684 = VERTEX_POINT('',#6685);
#6685 = CARTESIAN_POINT('',(16.405,-2.54,-28.4));
#6686 = CIRCLE('',#6687,1.375);
#6687 = AXIS2_PLACEMENT_3D('',#6688,#6689,#6690);
#6688 = CARTESIAN_POINT('',(17.78,-2.54,-28.4));
#6689 = DIRECTION('',(0.,0.,1.));
#6690 = DIRECTION('',(1.,0.,-0.));
#6691 = ORIENTED_EDGE('',*,*,#6692,.T.);
#6692 = EDGE_CURVE('',#6684,#1830,#6693,.T.);
#6693 = LINE('',#6694,#6695);
#6694 = CARTESIAN_POINT('',(16.405,-2.54,-29.4));
#6695 = VECTOR('',#6696,1.);
#6696 = DIRECTION('',(0.,0.,1.));
#6697 = CYLINDRICAL_SURFACE('',#6698,1.375);
#6698 = AXIS2_PLACEMENT_3D('',#6699,#6700,#6701);
#6699 = CARTESIAN_POINT('',(17.78,-2.54,-29.4));
#6700 = DIRECTION('',(0.,0.,1.));
#6701 = DIRECTION('',(1.,0.,-0.));
#6702 = ADVANCED_FACE('',(#6703),#6721,.F.);
#6703 = FACE_BOUND('',#6704,.F.);
#6704 = EDGE_LOOP('',(#6705,#6713,#6719,#6720));
#6705 = ORIENTED_EDGE('',*,*,#6706,.F.);
#6706 = EDGE_CURVE('',#6707,#1839,#6709,.T.);
#6707 = VERTEX_POINT('',#6708);
#6708 = CARTESIAN_POINT('',(19.155,-7.62,-28.4));
#6709 = LINE('',#6710,#6711);
#6710 = CARTESIAN_POINT('',(19.155,-7.62,-29.4));
#6711 = VECTOR('',#6712,1.);
#6712 = DIRECTION('',(0.,0.,1.));
#6713 = ORIENTED_EDGE('',*,*,#6714,.T.);
#6714 = EDGE_CURVE('',#6707,#6676,#6715,.T.);
#6715 = LINE('',#6716,#6717);
#6716 = CARTESIAN_POINT('',(19.155,-23.05,-28.4));
#6717 = VECTOR('',#6718,1.);
#6718 = DIRECTION('',(-0.,1.,0.));
#6719 = ORIENTED_EDGE('',*,*,#6675,.T.);
#6720 = ORIENTED_EDGE('',*,*,#1838,.F.);
#6721 = PLANE('',#6722);
#6722 = AXIS2_PLACEMENT_3D('',#6723,#6724,#6725);
#6723 = CARTESIAN_POINT('',(19.155,-7.62,-29.4));
#6724 = DIRECTION('',(1.,0.,-0.));
#6725 = DIRECTION('',(0.,0.,1.));
#6726 = ADVANCED_FACE('',(#6727),#6745,.T.);
#6727 = FACE_BOUND('',#6728,.T.);
#6728 = EDGE_LOOP('',(#6729,#6737,#6743,#6744));
#6729 = ORIENTED_EDGE('',*,*,#6730,.F.);
#6730 = EDGE_CURVE('',#6731,#1847,#6733,.T.);
#6731 = VERTEX_POINT('',#6732);
#6732 = CARTESIAN_POINT('',(16.405,-7.62,-28.4));
#6733 = LINE('',#6734,#6735);
#6734 = CARTESIAN_POINT('',(16.405,-7.62,-29.4));
#6735 = VECTOR('',#6736,1.);
#6736 = DIRECTION('',(0.,0.,1.));
#6737 = ORIENTED_EDGE('',*,*,#6738,.T.);
#6738 = EDGE_CURVE('',#6731,#6684,#6739,.T.);
#6739 = LINE('',#6740,#6741);
#6740 = CARTESIAN_POINT('',(16.405,-23.05,-28.4));
#6741 = VECTOR('',#6742,1.);
#6742 = DIRECTION('',(-0.,1.,0.));
#6743 = ORIENTED_EDGE('',*,*,#6692,.T.);
#6744 = ORIENTED_EDGE('',*,*,#1855,.F.);
#6745 = PLANE('',#6746);
#6746 = AXIS2_PLACEMENT_3D('',#6747,#6748,#6749);
#6747 = CARTESIAN_POINT('',(16.405,-7.62,-29.4));
#6748 = DIRECTION('',(1.,0.,-0.));
#6749 = DIRECTION('',(0.,0.,1.));
#6750 = ADVANCED_FACE('',(#6751),#6763,.F.);
#6751 = FACE_BOUND('',#6752,.F.);
#6752 = EDGE_LOOP('',(#6753,#6754,#6755,#6756));
#6753 = ORIENTED_EDGE('',*,*,#6706,.T.);
#6754 = ORIENTED_EDGE('',*,*,#1846,.F.);
#6755 = ORIENTED_EDGE('',*,*,#6730,.F.);
#6756 = ORIENTED_EDGE('',*,*,#6757,.T.);
#6757 = EDGE_CURVE('',#6731,#6707,#6758,.T.);
#6758 = CIRCLE('',#6759,1.375);
#6759 = AXIS2_PLACEMENT_3D('',#6760,#6761,#6762);
#6760 = CARTESIAN_POINT('',(17.78,-7.62,-28.4));
#6761 = DIRECTION('',(0.,0.,1.));
#6762 = DIRECTION('',(1.,0.,-0.));
#6763 = CYLINDRICAL_SURFACE('',#6764,1.375);
#6764 = AXIS2_PLACEMENT_3D('',#6765,#6766,#6767);
#6765 = CARTESIAN_POINT('',(17.78,-7.62,-29.4));
#6766 = DIRECTION('',(0.,0.,1.));
#6767 = DIRECTION('',(1.,0.,-0.));
#6768 = ADVANCED_FACE('',(#6769),#6795,.F.);
#6769 = FACE_BOUND('',#6770,.F.);
#6770 = EDGE_LOOP('',(#6771,#6772,#6780,#6789));
#6771 = ORIENTED_EDGE('',*,*,#1863,.F.);
#6772 = ORIENTED_EDGE('',*,*,#6773,.F.);
#6773 = EDGE_CURVE('',#6774,#1864,#6776,.T.);
#6774 = VERTEX_POINT('',#6775);
#6775 = CARTESIAN_POINT('',(22.86,-1.165,-28.4));
#6776 = LINE('',#6777,#6778);
#6777 = CARTESIAN_POINT('',(22.86,-1.165,-29.4));
#6778 = VECTOR('',#6779,1.);
#6779 = DIRECTION('',(0.,0.,1.));
#6780 = ORIENTED_EDGE('',*,*,#6781,.T.);
#6781 = EDGE_CURVE('',#6774,#6782,#6784,.T.);
#6782 = VERTEX_POINT('',#6783);
#6783 = CARTESIAN_POINT('',(22.86,-3.915,-28.4));
#6784 = CIRCLE('',#6785,1.375);
#6785 = AXIS2_PLACEMENT_3D('',#6786,#6787,#6788);
#6786 = CARTESIAN_POINT('',(22.86,-2.54,-28.4));
#6787 = DIRECTION('',(0.,0.,1.));
#6788 = DIRECTION('',(1.,0.,-0.));
#6789 = ORIENTED_EDGE('',*,*,#6790,.T.);
#6790 = EDGE_CURVE('',#6782,#1866,#6791,.T.);
#6791 = LINE('',#6792,#6793);
#6792 = CARTESIAN_POINT('',(22.86,-3.915,-29.4));
#6793 = VECTOR('',#6794,1.);
#6794 = DIRECTION('',(0.,0.,1.));
#6795 = CYLINDRICAL_SURFACE('',#6796,1.375);
#6796 = AXIS2_PLACEMENT_3D('',#6797,#6798,#6799);
#6797 = CARTESIAN_POINT('',(22.86,-2.54,-29.4));
#6798 = DIRECTION('',(0.,0.,1.));
#6799 = DIRECTION('',(1.,0.,-0.));
#6800 = ADVANCED_FACE('',(#6801),#6819,.F.);
#6801 = FACE_BOUND('',#6802,.F.);
#6802 = EDGE_LOOP('',(#6803,#6811,#6812,#6813));
#6803 = ORIENTED_EDGE('',*,*,#6804,.T.);
#6804 = EDGE_CURVE('',#6805,#6774,#6807,.T.);
#6805 = VERTEX_POINT('',#6806);
#6806 = CARTESIAN_POINT('',(27.94,-1.165,-28.4));
#6807 = LINE('',#6808,#6809);
#6808 = CARTESIAN_POINT('',(-7.81,-1.165,-28.4));
#6809 = VECTOR('',#6810,1.);
#6810 = DIRECTION('',(-1.,-0.,0.));
#6811 = ORIENTED_EDGE('',*,*,#6773,.T.);
#6812 = ORIENTED_EDGE('',*,*,#1874,.F.);
#6813 = ORIENTED_EDGE('',*,*,#6814,.F.);
#6814 = EDGE_CURVE('',#6805,#1875,#6815,.T.);
#6815 = LINE('',#6816,#6817);
#6816 = CARTESIAN_POINT('',(27.94,-1.165,-29.4));
#6817 = VECTOR('',#6818,1.);
#6818 = DIRECTION('',(0.,0.,1.));
#6819 = PLANE('',#6820);
#6820 = AXIS2_PLACEMENT_3D('',#6821,#6822,#6823);
#6821 = CARTESIAN_POINT('',(22.86,-1.165,-29.4));
#6822 = DIRECTION('',(-0.,1.,0.));
#6823 = DIRECTION('',(0.,0.,1.));
#6824 = ADVANCED_FACE('',(#6825),#6843,.T.);
#6825 = FACE_BOUND('',#6826,.T.);
#6826 = EDGE_LOOP('',(#6827,#6835,#6836,#6837));
#6827 = ORIENTED_EDGE('',*,*,#6828,.T.);
#6828 = EDGE_CURVE('',#6829,#6782,#6831,.T.);
#6829 = VERTEX_POINT('',#6830);
#6830 = CARTESIAN_POINT('',(27.94,-3.915,-28.4));
#6831 = LINE('',#6832,#6833);
#6832 = CARTESIAN_POINT('',(-7.81,-3.915,-28.4));
#6833 = VECTOR('',#6834,1.);
#6834 = DIRECTION('',(-1.,-0.,0.));
#6835 = ORIENTED_EDGE('',*,*,#6790,.T.);
#6836 = ORIENTED_EDGE('',*,*,#1900,.F.);
#6837 = ORIENTED_EDGE('',*,*,#6838,.F.);
#6838 = EDGE_CURVE('',#6829,#1892,#6839,.T.);
#6839 = LINE('',#6840,#6841);
#6840 = CARTESIAN_POINT('',(27.94,-3.915,-29.4));
#6841 = VECTOR('',#6842,1.);
#6842 = DIRECTION('',(0.,0.,1.));
#6843 = PLANE('',#6844);
#6844 = AXIS2_PLACEMENT_3D('',#6845,#6846,#6847);
#6845 = CARTESIAN_POINT('',(22.86,-3.915,-29.4));
#6846 = DIRECTION('',(-0.,1.,0.));
#6847 = DIRECTION('',(0.,0.,1.));
#6848 = ADVANCED_FACE('',(#6849),#6875,.F.);
#6849 = FACE_BOUND('',#6850,.F.);
#6850 = EDGE_LOOP('',(#6851,#6852,#6860,#6869));
#6851 = ORIENTED_EDGE('',*,*,#1908,.F.);
#6852 = ORIENTED_EDGE('',*,*,#6853,.F.);
#6853 = EDGE_CURVE('',#6854,#1909,#6856,.T.);
#6854 = VERTEX_POINT('',#6855);
#6855 = CARTESIAN_POINT('',(-27.94,3.915,-28.4));
#6856 = LINE('',#6857,#6858);
#6857 = CARTESIAN_POINT('',(-27.94,3.915,-29.4));
#6858 = VECTOR('',#6859,1.);
#6859 = DIRECTION('',(0.,0.,1.));
#6860 = ORIENTED_EDGE('',*,*,#6861,.T.);
#6861 = EDGE_CURVE('',#6854,#6862,#6864,.T.);
#6862 = VERTEX_POINT('',#6863);
#6863 = CARTESIAN_POINT('',(-27.94,1.165,-28.4));
#6864 = CIRCLE('',#6865,1.375);
#6865 = AXIS2_PLACEMENT_3D('',#6866,#6867,#6868);
#6866 = CARTESIAN_POINT('',(-27.94,2.54,-28.4));
#6867 = DIRECTION('',(0.,0.,1.));
#6868 = DIRECTION('',(1.,0.,-0.));
#6869 = ORIENTED_EDGE('',*,*,#6870,.T.);
#6870 = EDGE_CURVE('',#6862,#1911,#6871,.T.);
#6871 = LINE('',#6872,#6873);
#6872 = CARTESIAN_POINT('',(-27.94,1.165,-29.4));
#6873 = VECTOR('',#6874,1.);
#6874 = DIRECTION('',(0.,0.,1.));
#6875 = CYLINDRICAL_SURFACE('',#6876,1.375);
#6876 = AXIS2_PLACEMENT_3D('',#6877,#6878,#6879);
#6877 = CARTESIAN_POINT('',(-27.94,2.54,-29.4));
#6878 = DIRECTION('',(0.,0.,1.));
#6879 = DIRECTION('',(1.,0.,-0.));
#6880 = ADVANCED_FACE('',(#6881),#6899,.F.);
#6881 = FACE_BOUND('',#6882,.F.);
#6882 = EDGE_LOOP('',(#6883,#6891,#6892,#6893));
#6883 = ORIENTED_EDGE('',*,*,#6884,.T.);
#6884 = EDGE_CURVE('',#6885,#6854,#6887,.T.);
#6885 = VERTEX_POINT('',#6886);
#6886 = CARTESIAN_POINT('',(-22.86,3.915,-28.4));
#6887 = LINE('',#6888,#6889);
#6888 = CARTESIAN_POINT('',(-33.21,3.915,-28.4));
#6889 = VECTOR('',#6890,1.);
#6890 = DIRECTION('',(-1.,-0.,0.));
#6891 = ORIENTED_EDGE('',*,*,#6853,.T.);
#6892 = ORIENTED_EDGE('',*,*,#1919,.F.);
#6893 = ORIENTED_EDGE('',*,*,#6894,.F.);
#6894 = EDGE_CURVE('',#6885,#1920,#6895,.T.);
#6895 = LINE('',#6896,#6897);
#6896 = CARTESIAN_POINT('',(-22.86,3.915,-29.4));
#6897 = VECTOR('',#6898,1.);
#6898 = DIRECTION('',(0.,0.,1.));
#6899 = PLANE('',#6900);
#6900 = AXIS2_PLACEMENT_3D('',#6901,#6902,#6903);
#6901 = CARTESIAN_POINT('',(-27.94,3.915,-29.4));
#6902 = DIRECTION('',(-0.,1.,0.));
#6903 = DIRECTION('',(0.,0.,1.));
#6904 = ADVANCED_FACE('',(#6905),#6923,.T.);
#6905 = FACE_BOUND('',#6906,.T.);
#6906 = EDGE_LOOP('',(#6907,#6915,#6916,#6917));
#6907 = ORIENTED_EDGE('',*,*,#6908,.T.);
#6908 = EDGE_CURVE('',#6909,#6862,#6911,.T.);
#6909 = VERTEX_POINT('',#6910);
#6910 = CARTESIAN_POINT('',(-22.86,1.165,-28.4));
#6911 = LINE('',#6912,#6913);
#6912 = CARTESIAN_POINT('',(-33.21,1.165,-28.4));
#6913 = VECTOR('',#6914,1.);
#6914 = DIRECTION('',(-1.,-0.,0.));
#6915 = ORIENTED_EDGE('',*,*,#6870,.T.);
#6916 = ORIENTED_EDGE('',*,*,#1945,.F.);
#6917 = ORIENTED_EDGE('',*,*,#6918,.F.);
#6918 = EDGE_CURVE('',#6909,#1937,#6919,.T.);
#6919 = LINE('',#6920,#6921);
#6920 = CARTESIAN_POINT('',(-22.86,1.165,-29.4));
#6921 = VECTOR('',#6922,1.);
#6922 = DIRECTION('',(0.,0.,1.));
#6923 = PLANE('',#6924);
#6924 = AXIS2_PLACEMENT_3D('',#6925,#6926,#6927);
#6925 = CARTESIAN_POINT('',(-27.94,1.165,-29.4));
#6926 = DIRECTION('',(-0.,1.,0.));
#6927 = DIRECTION('',(0.,0.,1.));
#6928 = ADVANCED_FACE('',(#6929),#6955,.F.);
#6929 = FACE_BOUND('',#6930,.F.);
#6930 = EDGE_LOOP('',(#6931,#6932,#6940,#6949));
#6931 = ORIENTED_EDGE('',*,*,#1953,.F.);
#6932 = ORIENTED_EDGE('',*,*,#6933,.F.);
#6933 = EDGE_CURVE('',#6934,#1954,#6936,.T.);
#6934 = VERTEX_POINT('',#6935);
#6935 = CARTESIAN_POINT('',(-16.405,7.62,-28.4));
#6936 = LINE('',#6937,#6938);
#6937 = CARTESIAN_POINT('',(-16.405,7.62,-29.4));
#6938 = VECTOR('',#6939,1.);
#6939 = DIRECTION('',(0.,0.,1.));
#6940 = ORIENTED_EDGE('',*,*,#6941,.T.);
#6941 = EDGE_CURVE('',#6934,#6942,#6944,.T.);
#6942 = VERTEX_POINT('',#6943);
#6943 = CARTESIAN_POINT('',(-19.155,7.62,-28.4));
#6944 = CIRCLE('',#6945,1.375);
#6945 = AXIS2_PLACEMENT_3D('',#6946,#6947,#6948);
#6946 = CARTESIAN_POINT('',(-17.78,7.62,-28.4));
#6947 = DIRECTION('',(0.,0.,1.));
#6948 = DIRECTION('',(1.,0.,-0.));
#6949 = ORIENTED_EDGE('',*,*,#6950,.T.);
#6950 = EDGE_CURVE('',#6942,#1956,#6951,.T.);
#6951 = LINE('',#6952,#6953);
#6952 = CARTESIAN_POINT('',(-19.155,7.62,-29.4));
#6953 = VECTOR('',#6954,1.);
#6954 = DIRECTION('',(0.,0.,1.));
#6955 = CYLINDRICAL_SURFACE('',#6956,1.375);
#6956 = AXIS2_PLACEMENT_3D('',#6957,#6958,#6959);
#6957 = CARTESIAN_POINT('',(-17.78,7.62,-29.4));
#6958 = DIRECTION('',(0.,0.,1.));
#6959 = DIRECTION('',(1.,0.,-0.));
#6960 = ADVANCED_FACE('',(#6961),#6979,.F.);
#6961 = FACE_BOUND('',#6962,.F.);
#6962 = EDGE_LOOP('',(#6963,#6971,#6977,#6978));
#6963 = ORIENTED_EDGE('',*,*,#6964,.F.);
#6964 = EDGE_CURVE('',#6965,#1965,#6967,.T.);
#6965 = VERTEX_POINT('',#6966);
#6966 = CARTESIAN_POINT('',(-16.405,2.54,-28.4));
#6967 = LINE('',#6968,#6969);
#6968 = CARTESIAN_POINT('',(-16.405,2.54,-29.4));
#6969 = VECTOR('',#6970,1.);
#6970 = DIRECTION('',(0.,0.,1.));
#6971 = ORIENTED_EDGE('',*,*,#6972,.T.);
#6972 = EDGE_CURVE('',#6965,#6934,#6973,.T.);
#6973 = LINE('',#6974,#6975);
#6974 = CARTESIAN_POINT('',(-16.405,-17.97,-28.4));
#6975 = VECTOR('',#6976,1.);
#6976 = DIRECTION('',(-0.,1.,0.));
#6977 = ORIENTED_EDGE('',*,*,#6933,.T.);
#6978 = ORIENTED_EDGE('',*,*,#1964,.F.);
#6979 = PLANE('',#6980);
#6980 = AXIS2_PLACEMENT_3D('',#6981,#6982,#6983);
#6981 = CARTESIAN_POINT('',(-16.405,2.54,-29.4));
#6982 = DIRECTION('',(1.,0.,-0.));
#6983 = DIRECTION('',(0.,0.,1.));
#6984 = ADVANCED_FACE('',(#6985),#7003,.T.);
#6985 = FACE_BOUND('',#6986,.T.);
#6986 = EDGE_LOOP('',(#6987,#6995,#7001,#7002));
#6987 = ORIENTED_EDGE('',*,*,#6988,.F.);
#6988 = EDGE_CURVE('',#6989,#1973,#6991,.T.);
#6989 = VERTEX_POINT('',#6990);
#6990 = CARTESIAN_POINT('',(-19.155,2.54,-28.4));
#6991 = LINE('',#6992,#6993);
#6992 = CARTESIAN_POINT('',(-19.155,2.54,-29.4));
#6993 = VECTOR('',#6994,1.);
#6994 = DIRECTION('',(0.,0.,1.));
#6995 = ORIENTED_EDGE('',*,*,#6996,.T.);
#6996 = EDGE_CURVE('',#6989,#6942,#6997,.T.);
#6997 = LINE('',#6998,#6999);
#6998 = CARTESIAN_POINT('',(-19.155,-17.97,-28.4));
#6999 = VECTOR('',#7000,1.);
#7000 = DIRECTION('',(-0.,1.,0.));
#7001 = ORIENTED_EDGE('',*,*,#6950,.T.);
#7002 = ORIENTED_EDGE('',*,*,#1981,.F.);
#7003 = PLANE('',#7004);
#7004 = AXIS2_PLACEMENT_3D('',#7005,#7006,#7007);
#7005 = CARTESIAN_POINT('',(-19.155,2.54,-29.4));
#7006 = DIRECTION('',(1.,0.,-0.));
#7007 = DIRECTION('',(0.,0.,1.));
#7008 = ADVANCED_FACE('',(#7009),#7021,.F.);
#7009 = FACE_BOUND('',#7010,.F.);
#7010 = EDGE_LOOP('',(#7011,#7012,#7013,#7014));
#7011 = ORIENTED_EDGE('',*,*,#6964,.T.);
#7012 = ORIENTED_EDGE('',*,*,#1972,.F.);
#7013 = ORIENTED_EDGE('',*,*,#6988,.F.);
#7014 = ORIENTED_EDGE('',*,*,#7015,.T.);
#7015 = EDGE_CURVE('',#6989,#6965,#7016,.T.);
#7016 = CIRCLE('',#7017,1.375);
#7017 = AXIS2_PLACEMENT_3D('',#7018,#7019,#7020);
#7018 = CARTESIAN_POINT('',(-17.78,2.54,-28.4));
#7019 = DIRECTION('',(0.,0.,1.));
#7020 = DIRECTION('',(1.,0.,-0.));
#7021 = CYLINDRICAL_SURFACE('',#7022,1.375);
#7022 = AXIS2_PLACEMENT_3D('',#7023,#7024,#7025);
#7023 = CARTESIAN_POINT('',(-17.78,2.54,-29.4));
#7024 = DIRECTION('',(0.,0.,1.));
#7025 = DIRECTION('',(1.,0.,-0.));
#7026 = ADVANCED_FACE('',(#7027),#7053,.F.);
#7027 = FACE_BOUND('',#7028,.F.);
#7028 = EDGE_LOOP('',(#7029,#7030,#7038,#7047));
#7029 = ORIENTED_EDGE('',*,*,#1989,.F.);
#7030 = ORIENTED_EDGE('',*,*,#7031,.F.);
#7031 = EDGE_CURVE('',#7032,#1990,#7034,.T.);
#7032 = VERTEX_POINT('',#7033);
#7033 = CARTESIAN_POINT('',(-26.565,12.7,-28.4));
#7034 = LINE('',#7035,#7036);
#7035 = CARTESIAN_POINT('',(-26.565,12.7,-29.4));
#7036 = VECTOR('',#7037,1.);
#7037 = DIRECTION('',(0.,0.,1.));
#7038 = ORIENTED_EDGE('',*,*,#7039,.T.);
#7039 = EDGE_CURVE('',#7032,#7040,#7042,.T.);
#7040 = VERTEX_POINT('',#7041);
#7041 = CARTESIAN_POINT('',(-29.315,12.7,-28.4));
#7042 = CIRCLE('',#7043,1.375);
#7043 = AXIS2_PLACEMENT_3D('',#7044,#7045,#7046);
#7044 = CARTESIAN_POINT('',(-27.94,12.7,-28.4));
#7045 = DIRECTION('',(0.,0.,1.));
#7046 = DIRECTION('',(1.,0.,-0.));
#7047 = ORIENTED_EDGE('',*,*,#7048,.T.);
#7048 = EDGE_CURVE('',#7040,#1992,#7049,.T.);
#7049 = LINE('',#7050,#7051);
#7050 = CARTESIAN_POINT('',(-29.315,12.7,-29.4));
#7051 = VECTOR('',#7052,1.);
#7052 = DIRECTION('',(0.,0.,1.));
#7053 = CYLINDRICAL_SURFACE('',#7054,1.375);
#7054 = AXIS2_PLACEMENT_3D('',#7055,#7056,#7057);
#7055 = CARTESIAN_POINT('',(-27.94,12.7,-29.4));
#7056 = DIRECTION('',(0.,0.,1.));
#7057 = DIRECTION('',(1.,0.,-0.));
#7058 = ADVANCED_FACE('',(#7059),#7077,.F.);
#7059 = FACE_BOUND('',#7060,.F.);
#7060 = EDGE_LOOP('',(#7061,#7069,#7075,#7076));
#7061 = ORIENTED_EDGE('',*,*,#7062,.F.);
#7062 = EDGE_CURVE('',#7063,#2001,#7065,.T.);
#7063 = VERTEX_POINT('',#7064);
#7064 = CARTESIAN_POINT('',(-26.565,7.62,-28.4));
#7065 = LINE('',#7066,#7067);
#7066 = CARTESIAN_POINT('',(-26.565,7.62,-29.4));
#7067 = VECTOR('',#7068,1.);
#7068 = DIRECTION('',(0.,0.,1.));
#7069 = ORIENTED_EDGE('',*,*,#7070,.T.);
#7070 = EDGE_CURVE('',#7063,#7032,#7071,.T.);
#7071 = LINE('',#7072,#7073);
#7072 = CARTESIAN_POINT('',(-26.565,-15.43,-28.4));
#7073 = VECTOR('',#7074,1.);
#7074 = DIRECTION('',(-0.,1.,0.));
#7075 = ORIENTED_EDGE('',*,*,#7031,.T.);
#7076 = ORIENTED_EDGE('',*,*,#2000,.F.);
#7077 = PLANE('',#7078);
#7078 = AXIS2_PLACEMENT_3D('',#7079,#7080,#7081);
#7079 = CARTESIAN_POINT('',(-26.565,7.62,-29.4));
#7080 = DIRECTION('',(1.,0.,-0.));
#7081 = DIRECTION('',(0.,0.,1.));
#7082 = ADVANCED_FACE('',(#7083),#7101,.T.);
#7083 = FACE_BOUND('',#7084,.T.);
#7084 = EDGE_LOOP('',(#7085,#7093,#7099,#7100));
#7085 = ORIENTED_EDGE('',*,*,#7086,.F.);
#7086 = EDGE_CURVE('',#7087,#2009,#7089,.T.);
#7087 = VERTEX_POINT('',#7088);
#7088 = CARTESIAN_POINT('',(-29.315,7.62,-28.4));
#7089 = LINE('',#7090,#7091);
#7090 = CARTESIAN_POINT('',(-29.315,7.62,-29.4));
#7091 = VECTOR('',#7092,1.);
#7092 = DIRECTION('',(0.,0.,1.));
#7093 = ORIENTED_EDGE('',*,*,#7094,.T.);
#7094 = EDGE_CURVE('',#7087,#7040,#7095,.T.);
#7095 = LINE('',#7096,#7097);
#7096 = CARTESIAN_POINT('',(-29.315,-15.43,-28.4));
#7097 = VECTOR('',#7098,1.);
#7098 = DIRECTION('',(-0.,1.,0.));
#7099 = ORIENTED_EDGE('',*,*,#7048,.T.);
#7100 = ORIENTED_EDGE('',*,*,#2017,.F.);
#7101 = PLANE('',#7102);
#7102 = AXIS2_PLACEMENT_3D('',#7103,#7104,#7105);
#7103 = CARTESIAN_POINT('',(-29.315,7.62,-29.4));
#7104 = DIRECTION('',(1.,0.,-0.));
#7105 = DIRECTION('',(0.,0.,1.));
#7106 = ADVANCED_FACE('',(#7107),#7119,.F.);
#7107 = FACE_BOUND('',#7108,.F.);
#7108 = EDGE_LOOP('',(#7109,#7110,#7111,#7112));
#7109 = ORIENTED_EDGE('',*,*,#7062,.T.);
#7110 = ORIENTED_EDGE('',*,*,#2008,.F.);
#7111 = ORIENTED_EDGE('',*,*,#7086,.F.);
#7112 = ORIENTED_EDGE('',*,*,#7113,.T.);
#7113 = EDGE_CURVE('',#7087,#7063,#7114,.T.);
#7114 = CIRCLE('',#7115,1.375);
#7115 = AXIS2_PLACEMENT_3D('',#7116,#7117,#7118);
#7116 = CARTESIAN_POINT('',(-27.94,7.62,-28.4));
#7117 = DIRECTION('',(0.,0.,1.));
#7118 = DIRECTION('',(1.,0.,-0.));
#7119 = CYLINDRICAL_SURFACE('',#7120,1.375);
#7120 = AXIS2_PLACEMENT_3D('',#7121,#7122,#7123);
#7121 = CARTESIAN_POINT('',(-27.94,7.62,-29.4));
#7122 = DIRECTION('',(0.,0.,1.));
#7123 = DIRECTION('',(1.,0.,-0.));
#7124 = ADVANCED_FACE('',(#7125),#7144,.F.);
#7125 = FACE_BOUND('',#7126,.F.);
#7126 = EDGE_LOOP('',(#7127,#7128,#7136,#7143));
#7127 = ORIENTED_EDGE('',*,*,#2025,.F.);
#7128 = ORIENTED_EDGE('',*,*,#7129,.F.);
#7129 = EDGE_CURVE('',#7130,#2026,#7132,.T.);
#7130 = VERTEX_POINT('',#7131);
#7131 = CARTESIAN_POINT('',(-21.485,7.62,-28.4));
#7132 = LINE('',#7133,#7134);
#7133 = CARTESIAN_POINT('',(-21.485,7.62,-29.4));
#7134 = VECTOR('',#7135,1.);
#7135 = DIRECTION('',(0.,0.,1.));
#7136 = ORIENTED_EDGE('',*,*,#7137,.T.);
#7137 = EDGE_CURVE('',#7130,#7130,#7138,.T.);
#7138 = CIRCLE('',#7139,1.375);
#7139 = AXIS2_PLACEMENT_3D('',#7140,#7141,#7142);
#7140 = CARTESIAN_POINT('',(-22.86,7.62,-28.4));
#7141 = DIRECTION('',(0.,0.,1.));
#7142 = DIRECTION('',(1.,0.,-0.));
#7143 = ORIENTED_EDGE('',*,*,#7129,.T.);
#7144 = CYLINDRICAL_SURFACE('',#7145,1.375);
#7145 = AXIS2_PLACEMENT_3D('',#7146,#7147,#7148);
#7146 = CARTESIAN_POINT('',(-22.86,7.62,-29.4));
#7147 = DIRECTION('',(0.,0.,1.));
#7148 = DIRECTION('',(1.,0.,-0.));
#7149 = ADVANCED_FACE('',(#7150),#7176,.F.);
#7150 = FACE_BOUND('',#7151,.F.);
#7151 = EDGE_LOOP('',(#7152,#7153,#7161,#7170));
#7152 = ORIENTED_EDGE('',*,*,#2036,.F.);
#7153 = ORIENTED_EDGE('',*,*,#7154,.F.);
#7154 = EDGE_CURVE('',#7155,#2037,#7157,.T.);
#7155 = VERTEX_POINT('',#7156);
#7156 = CARTESIAN_POINT('',(-22.86,14.075,-28.4));
#7157 = LINE('',#7158,#7159);
#7158 = CARTESIAN_POINT('',(-22.86,14.075,-29.4));
#7159 = VECTOR('',#7160,1.);
#7160 = DIRECTION('',(0.,0.,1.));
#7161 = ORIENTED_EDGE('',*,*,#7162,.T.);
#7162 = EDGE_CURVE('',#7155,#7163,#7165,.T.);
#7163 = VERTEX_POINT('',#7164);
#7164 = CARTESIAN_POINT('',(-22.86,11.325,-28.4));
#7165 = CIRCLE('',#7166,1.375);
#7166 = AXIS2_PLACEMENT_3D('',#7167,#7168,#7169);
#7167 = CARTESIAN_POINT('',(-22.86,12.7,-28.4));
#7168 = DIRECTION('',(0.,0.,1.));
#7169 = DIRECTION('',(1.,0.,-0.));
#7170 = ORIENTED_EDGE('',*,*,#7171,.T.);
#7171 = EDGE_CURVE('',#7163,#2039,#7172,.T.);
#7172 = LINE('',#7173,#7174);
#7173 = CARTESIAN_POINT('',(-22.86,11.325,-29.4));
#7174 = VECTOR('',#7175,1.);
#7175 = DIRECTION('',(0.,0.,1.));
#7176 = CYLINDRICAL_SURFACE('',#7177,1.375);
#7177 = AXIS2_PLACEMENT_3D('',#7178,#7179,#7180);
#7178 = CARTESIAN_POINT('',(-22.86,12.7,-29.4));
#7179 = DIRECTION('',(0.,0.,1.));
#7180 = DIRECTION('',(1.,0.,-0.));
#7181 = ADVANCED_FACE('',(#7182),#7200,.F.);
#7182 = FACE_BOUND('',#7183,.F.);
#7183 = EDGE_LOOP('',(#7184,#7192,#7193,#7194));
#7184 = ORIENTED_EDGE('',*,*,#7185,.T.);
#7185 = EDGE_CURVE('',#7186,#7155,#7188,.T.);
#7186 = VERTEX_POINT('',#7187);
#7187 = CARTESIAN_POINT('',(-17.78,14.075,-28.4));
#7188 = LINE('',#7189,#7190);
#7189 = CARTESIAN_POINT('',(-30.67,14.075,-28.4));
#7190 = VECTOR('',#7191,1.);
#7191 = DIRECTION('',(-1.,-0.,0.));
#7192 = ORIENTED_EDGE('',*,*,#7154,.T.);
#7193 = ORIENTED_EDGE('',*,*,#2047,.F.);
#7194 = ORIENTED_EDGE('',*,*,#7195,.F.);
#7195 = EDGE_CURVE('',#7186,#2048,#7196,.T.);
#7196 = LINE('',#7197,#7198);
#7197 = CARTESIAN_POINT('',(-17.78,14.075,-29.4));
#7198 = VECTOR('',#7199,1.);
#7199 = DIRECTION('',(0.,0.,1.));
#7200 = PLANE('',#7201);
#7201 = AXIS2_PLACEMENT_3D('',#7202,#7203,#7204);
#7202 = CARTESIAN_POINT('',(-22.86,14.075,-29.4));
#7203 = DIRECTION('',(-0.,1.,0.));
#7204 = DIRECTION('',(0.,0.,1.));
#7205 = ADVANCED_FACE('',(#7206),#7224,.T.);
#7206 = FACE_BOUND('',#7207,.T.);
#7207 = EDGE_LOOP('',(#7208,#7216,#7217,#7218));
#7208 = ORIENTED_EDGE('',*,*,#7209,.T.);
#7209 = EDGE_CURVE('',#7210,#7163,#7212,.T.);
#7210 = VERTEX_POINT('',#7211);
#7211 = CARTESIAN_POINT('',(-17.78,11.325,-28.4));
#7212 = LINE('',#7213,#7214);
#7213 = CARTESIAN_POINT('',(-30.67,11.325,-28.4));
#7214 = VECTOR('',#7215,1.);
#7215 = DIRECTION('',(-1.,-0.,0.));
#7216 = ORIENTED_EDGE('',*,*,#7171,.T.);
#7217 = ORIENTED_EDGE('',*,*,#2073,.F.);
#7218 = ORIENTED_EDGE('',*,*,#7219,.F.);
#7219 = EDGE_CURVE('',#7210,#2065,#7220,.T.);
#7220 = LINE('',#7221,#7222);
#7221 = CARTESIAN_POINT('',(-17.78,11.325,-29.4));
#7222 = VECTOR('',#7223,1.);
#7223 = DIRECTION('',(0.,0.,1.));
#7224 = PLANE('',#7225);
#7225 = AXIS2_PLACEMENT_3D('',#7226,#7227,#7228);
#7226 = CARTESIAN_POINT('',(-22.86,11.325,-29.4));
#7227 = DIRECTION('',(-0.,1.,0.));
#7228 = DIRECTION('',(0.,0.,1.));
#7229 = ADVANCED_FACE('',(#7230),#7256,.F.);
#7230 = FACE_BOUND('',#7231,.F.);
#7231 = EDGE_LOOP('',(#7232,#7233,#7241,#7250));
#7232 = ORIENTED_EDGE('',*,*,#2081,.F.);
#7233 = ORIENTED_EDGE('',*,*,#7234,.F.);
#7234 = EDGE_CURVE('',#7235,#2082,#7237,.T.);
#7235 = VERTEX_POINT('',#7236);
#7236 = CARTESIAN_POINT('',(-12.7,3.915,-28.4));
#7237 = LINE('',#7238,#7239);
#7238 = CARTESIAN_POINT('',(-12.7,3.915,-29.4));
#7239 = VECTOR('',#7240,1.);
#7240 = DIRECTION('',(0.,0.,1.));
#7241 = ORIENTED_EDGE('',*,*,#7242,.T.);
#7242 = EDGE_CURVE('',#7235,#7243,#7245,.T.);
#7243 = VERTEX_POINT('',#7244);
#7244 = CARTESIAN_POINT('',(-12.7,1.165,-28.4));
#7245 = CIRCLE('',#7246,1.375);
#7246 = AXIS2_PLACEMENT_3D('',#7247,#7248,#7249);
#7247 = CARTESIAN_POINT('',(-12.7,2.54,-28.4));
#7248 = DIRECTION('',(0.,0.,1.));
#7249 = DIRECTION('',(1.,0.,-0.));
#7250 = ORIENTED_EDGE('',*,*,#7251,.T.);
#7251 = EDGE_CURVE('',#7243,#2084,#7252,.T.);
#7252 = LINE('',#7253,#7254);
#7253 = CARTESIAN_POINT('',(-12.7,1.165,-29.4));
#7254 = VECTOR('',#7255,1.);
#7255 = DIRECTION('',(0.,0.,1.));
#7256 = CYLINDRICAL_SURFACE('',#7257,1.375);
#7257 = AXIS2_PLACEMENT_3D('',#7258,#7259,#7260);
#7258 = CARTESIAN_POINT('',(-12.7,2.54,-29.4));
#7259 = DIRECTION('',(0.,0.,1.));
#7260 = DIRECTION('',(1.,0.,-0.));
#7261 = ADVANCED_FACE('',(#7262),#7280,.F.);
#7262 = FACE_BOUND('',#7263,.F.);
#7263 = EDGE_LOOP('',(#7264,#7272,#7273,#7274));
#7264 = ORIENTED_EDGE('',*,*,#7265,.T.);
#7265 = EDGE_CURVE('',#7266,#7235,#7268,.T.);
#7266 = VERTEX_POINT('',#7267);
#7267 = CARTESIAN_POINT('',(-7.62,3.915,-28.4));
#7268 = LINE('',#7269,#7270);
#7269 = CARTESIAN_POINT('',(-25.59,3.915,-28.4));
#7270 = VECTOR('',#7271,1.);
#7271 = DIRECTION('',(-1.,-0.,0.));
#7272 = ORIENTED_EDGE('',*,*,#7234,.T.);
#7273 = ORIENTED_EDGE('',*,*,#2092,.F.);
#7274 = ORIENTED_EDGE('',*,*,#7275,.F.);
#7275 = EDGE_CURVE('',#7266,#2093,#7276,.T.);
#7276 = LINE('',#7277,#7278);
#7277 = CARTESIAN_POINT('',(-7.62,3.915,-29.4));
#7278 = VECTOR('',#7279,1.);
#7279 = DIRECTION('',(0.,0.,1.));
#7280 = PLANE('',#7281);
#7281 = AXIS2_PLACEMENT_3D('',#7282,#7283,#7284);
#7282 = CARTESIAN_POINT('',(-12.7,3.915,-29.4));
#7283 = DIRECTION('',(-0.,1.,0.));
#7284 = DIRECTION('',(0.,0.,1.));
#7285 = ADVANCED_FACE('',(#7286),#7304,.T.);
#7286 = FACE_BOUND('',#7287,.T.);
#7287 = EDGE_LOOP('',(#7288,#7296,#7297,#7298));
#7288 = ORIENTED_EDGE('',*,*,#7289,.T.);
#7289 = EDGE_CURVE('',#7290,#7243,#7292,.T.);
#7290 = VERTEX_POINT('',#7291);
#7291 = CARTESIAN_POINT('',(-7.62,1.165,-28.4));
#7292 = LINE('',#7293,#7294);
#7293 = CARTESIAN_POINT('',(-25.59,1.165,-28.4));
#7294 = VECTOR('',#7295,1.);
#7295 = DIRECTION('',(-1.,-0.,0.));
#7296 = ORIENTED_EDGE('',*,*,#7251,.T.);
#7297 = ORIENTED_EDGE('',*,*,#2118,.F.);
#7298 = ORIENTED_EDGE('',*,*,#7299,.F.);
#7299 = EDGE_CURVE('',#7290,#2110,#7300,.T.);
#7300 = LINE('',#7301,#7302);
#7301 = CARTESIAN_POINT('',(-7.62,1.165,-29.4));
#7302 = VECTOR('',#7303,1.);
#7303 = DIRECTION('',(0.,0.,1.));
#7304 = PLANE('',#7305);
#7305 = AXIS2_PLACEMENT_3D('',#7306,#7307,#7308);
#7306 = CARTESIAN_POINT('',(-12.7,1.165,-29.4));
#7307 = DIRECTION('',(-0.,1.,0.));
#7308 = DIRECTION('',(0.,0.,1.));
#7309 = ADVANCED_FACE('',(#7310),#7336,.F.);
#7310 = FACE_BOUND('',#7311,.F.);
#7311 = EDGE_LOOP('',(#7312,#7313,#7321,#7330));
#7312 = ORIENTED_EDGE('',*,*,#2126,.F.);
#7313 = ORIENTED_EDGE('',*,*,#7314,.F.);
#7314 = EDGE_CURVE('',#7315,#2127,#7317,.T.);
#7315 = VERTEX_POINT('',#7316);
#7316 = CARTESIAN_POINT('',(-1.165,7.62,-28.4));
#7317 = LINE('',#7318,#7319);
#7318 = CARTESIAN_POINT('',(-1.165,7.62,-29.4));
#7319 = VECTOR('',#7320,1.);
#7320 = DIRECTION('',(0.,0.,1.));
#7321 = ORIENTED_EDGE('',*,*,#7322,.T.);
#7322 = EDGE_CURVE('',#7315,#7323,#7325,.T.);
#7323 = VERTEX_POINT('',#7324);
#7324 = CARTESIAN_POINT('',(-3.915,7.62,-28.4));
#7325 = CIRCLE('',#7326,1.375);
#7326 = AXIS2_PLACEMENT_3D('',#7327,#7328,#7329);
#7327 = CARTESIAN_POINT('',(-2.54,7.62,-28.4));
#7328 = DIRECTION('',(0.,0.,1.));
#7329 = DIRECTION('',(1.,0.,-0.));
#7330 = ORIENTED_EDGE('',*,*,#7331,.T.);
#7331 = EDGE_CURVE('',#7323,#2129,#7332,.T.);
#7332 = LINE('',#7333,#7334);
#7333 = CARTESIAN_POINT('',(-3.915,7.62,-29.4));
#7334 = VECTOR('',#7335,1.);
#7335 = DIRECTION('',(0.,0.,1.));
#7336 = CYLINDRICAL_SURFACE('',#7337,1.375);
#7337 = AXIS2_PLACEMENT_3D('',#7338,#7339,#7340);
#7338 = CARTESIAN_POINT('',(-2.54,7.62,-29.4));
#7339 = DIRECTION('',(0.,0.,1.));
#7340 = DIRECTION('',(1.,0.,-0.));
#7341 = ADVANCED_FACE('',(#7342),#7360,.F.);
#7342 = FACE_BOUND('',#7343,.F.);
#7343 = EDGE_LOOP('',(#7344,#7352,#7358,#7359));
#7344 = ORIENTED_EDGE('',*,*,#7345,.F.);
#7345 = EDGE_CURVE('',#7346,#2138,#7348,.T.);
#7346 = VERTEX_POINT('',#7347);
#7347 = CARTESIAN_POINT('',(-1.165,2.54,-28.4));
#7348 = LINE('',#7349,#7350);
#7349 = CARTESIAN_POINT('',(-1.165,2.54,-29.4));
#7350 = VECTOR('',#7351,1.);
#7351 = DIRECTION('',(0.,0.,1.));
#7352 = ORIENTED_EDGE('',*,*,#7353,.T.);
#7353 = EDGE_CURVE('',#7346,#7315,#7354,.T.);
#7354 = LINE('',#7355,#7356);
#7355 = CARTESIAN_POINT('',(-1.165,-17.97,-28.4));
#7356 = VECTOR('',#7357,1.);
#7357 = DIRECTION('',(-0.,1.,0.));
#7358 = ORIENTED_EDGE('',*,*,#7314,.T.);
#7359 = ORIENTED_EDGE('',*,*,#2137,.F.);
#7360 = PLANE('',#7361);
#7361 = AXIS2_PLACEMENT_3D('',#7362,#7363,#7364);
#7362 = CARTESIAN_POINT('',(-1.165,2.54,-29.4));
#7363 = DIRECTION('',(1.,0.,-0.));
#7364 = DIRECTION('',(0.,0.,1.));
#7365 = ADVANCED_FACE('',(#7366),#7384,.T.);
#7366 = FACE_BOUND('',#7367,.T.);
#7367 = EDGE_LOOP('',(#7368,#7376,#7382,#7383));
#7368 = ORIENTED_EDGE('',*,*,#7369,.F.);
#7369 = EDGE_CURVE('',#7370,#2146,#7372,.T.);
#7370 = VERTEX_POINT('',#7371);
#7371 = CARTESIAN_POINT('',(-3.915,2.54,-28.4));
#7372 = LINE('',#7373,#7374);
#7373 = CARTESIAN_POINT('',(-3.915,2.54,-29.4));
#7374 = VECTOR('',#7375,1.);
#7375 = DIRECTION('',(0.,0.,1.));
#7376 = ORIENTED_EDGE('',*,*,#7377,.T.);
#7377 = EDGE_CURVE('',#7370,#7323,#7378,.T.);
#7378 = LINE('',#7379,#7380);
#7379 = CARTESIAN_POINT('',(-3.915,-17.97,-28.4));
#7380 = VECTOR('',#7381,1.);
#7381 = DIRECTION('',(-0.,1.,0.));
#7382 = ORIENTED_EDGE('',*,*,#7331,.T.);
#7383 = ORIENTED_EDGE('',*,*,#2154,.F.);
#7384 = PLANE('',#7385);
#7385 = AXIS2_PLACEMENT_3D('',#7386,#7387,#7388);
#7386 = CARTESIAN_POINT('',(-3.915,2.54,-29.4));
#7387 = DIRECTION('',(1.,0.,-0.));
#7388 = DIRECTION('',(0.,0.,1.));
#7389 = ADVANCED_FACE('',(#7390),#7402,.F.);
#7390 = FACE_BOUND('',#7391,.F.);
#7391 = EDGE_LOOP('',(#7392,#7393,#7394,#7395));
#7392 = ORIENTED_EDGE('',*,*,#7345,.T.);
#7393 = ORIENTED_EDGE('',*,*,#2145,.F.);
#7394 = ORIENTED_EDGE('',*,*,#7369,.F.);
#7395 = ORIENTED_EDGE('',*,*,#7396,.T.);
#7396 = EDGE_CURVE('',#7370,#7346,#7397,.T.);
#7397 = CIRCLE('',#7398,1.375);
#7398 = AXIS2_PLACEMENT_3D('',#7399,#7400,#7401);
#7399 = CARTESIAN_POINT('',(-2.54,2.54,-28.4));
#7400 = DIRECTION('',(0.,0.,1.));
#7401 = DIRECTION('',(1.,0.,-0.));
#7402 = CYLINDRICAL_SURFACE('',#7403,1.375);
#7403 = AXIS2_PLACEMENT_3D('',#7404,#7405,#7406);
#7404 = CARTESIAN_POINT('',(-2.54,2.54,-29.4));
#7405 = DIRECTION('',(0.,0.,1.));
#7406 = DIRECTION('',(1.,0.,-0.));
#7407 = ADVANCED_FACE('',(#7408),#7434,.F.);
#7408 = FACE_BOUND('',#7409,.F.);
#7409 = EDGE_LOOP('',(#7410,#7411,#7419,#7428));
#7410 = ORIENTED_EDGE('',*,*,#2162,.F.);
#7411 = ORIENTED_EDGE('',*,*,#7412,.F.);
#7412 = EDGE_CURVE('',#7413,#2163,#7415,.T.);
#7413 = VERTEX_POINT('',#7414);
#7414 = CARTESIAN_POINT('',(-11.325,12.7,-28.4));
#7415 = LINE('',#7416,#7417);
#7416 = CARTESIAN_POINT('',(-11.325,12.7,-29.4));
#7417 = VECTOR('',#7418,1.);
#7418 = DIRECTION('',(0.,0.,1.));
#7419 = ORIENTED_EDGE('',*,*,#7420,.T.);
#7420 = EDGE_CURVE('',#7413,#7421,#7423,.T.);
#7421 = VERTEX_POINT('',#7422);
#7422 = CARTESIAN_POINT('',(-14.075,12.7,-28.4));
#7423 = CIRCLE('',#7424,1.375);
#7424 = AXIS2_PLACEMENT_3D('',#7425,#7426,#7427);
#7425 = CARTESIAN_POINT('',(-12.7,12.7,-28.4));
#7426 = DIRECTION('',(0.,0.,1.));
#7427 = DIRECTION('',(1.,0.,-0.));
#7428 = ORIENTED_EDGE('',*,*,#7429,.T.);
#7429 = EDGE_CURVE('',#7421,#2165,#7430,.T.);
#7430 = LINE('',#7431,#7432);
#7431 = CARTESIAN_POINT('',(-14.075,12.7,-29.4));
#7432 = VECTOR('',#7433,1.);
#7433 = DIRECTION('',(0.,0.,1.));
#7434 = CYLINDRICAL_SURFACE('',#7435,1.375);
#7435 = AXIS2_PLACEMENT_3D('',#7436,#7437,#7438);
#7436 = CARTESIAN_POINT('',(-12.7,12.7,-29.4));
#7437 = DIRECTION('',(0.,0.,1.));
#7438 = DIRECTION('',(1.,0.,-0.));
#7439 = ADVANCED_FACE('',(#7440),#7458,.F.);
#7440 = FACE_BOUND('',#7441,.F.);
#7441 = EDGE_LOOP('',(#7442,#7450,#7456,#7457));
#7442 = ORIENTED_EDGE('',*,*,#7443,.F.);
#7443 = EDGE_CURVE('',#7444,#2174,#7446,.T.);
#7444 = VERTEX_POINT('',#7445);
#7445 = CARTESIAN_POINT('',(-11.325,7.62,-28.4));
#7446 = LINE('',#7447,#7448);
#7447 = CARTESIAN_POINT('',(-11.325,7.62,-29.4));
#7448 = VECTOR('',#7449,1.);
#7449 = DIRECTION('',(0.,0.,1.));
#7450 = ORIENTED_EDGE('',*,*,#7451,.T.);
#7451 = EDGE_CURVE('',#7444,#7413,#7452,.T.);
#7452 = LINE('',#7453,#7454);
#7453 = CARTESIAN_POINT('',(-11.325,-15.43,-28.4));
#7454 = VECTOR('',#7455,1.);
#7455 = DIRECTION('',(-0.,1.,0.));
#7456 = ORIENTED_EDGE('',*,*,#7412,.T.);
#7457 = ORIENTED_EDGE('',*,*,#2173,.F.);
#7458 = PLANE('',#7459);
#7459 = AXIS2_PLACEMENT_3D('',#7460,#7461,#7462);
#7460 = CARTESIAN_POINT('',(-11.325,7.62,-29.4));
#7461 = DIRECTION('',(1.,0.,-0.));
#7462 = DIRECTION('',(0.,0.,1.));
#7463 = ADVANCED_FACE('',(#7464),#7482,.T.);
#7464 = FACE_BOUND('',#7465,.T.);
#7465 = EDGE_LOOP('',(#7466,#7474,#7480,#7481));
#7466 = ORIENTED_EDGE('',*,*,#7467,.F.);
#7467 = EDGE_CURVE('',#7468,#2182,#7470,.T.);
#7468 = VERTEX_POINT('',#7469);
#7469 = CARTESIAN_POINT('',(-14.075,7.62,-28.4));
#7470 = LINE('',#7471,#7472);
#7471 = CARTESIAN_POINT('',(-14.075,7.62,-29.4));
#7472 = VECTOR('',#7473,1.);
#7473 = DIRECTION('',(0.,0.,1.));
#7474 = ORIENTED_EDGE('',*,*,#7475,.T.);
#7475 = EDGE_CURVE('',#7468,#7421,#7476,.T.);
#7476 = LINE('',#7477,#7478);
#7477 = CARTESIAN_POINT('',(-14.075,-15.43,-28.4));
#7478 = VECTOR('',#7479,1.);
#7479 = DIRECTION('',(-0.,1.,0.));
#7480 = ORIENTED_EDGE('',*,*,#7429,.T.);
#7481 = ORIENTED_EDGE('',*,*,#2190,.F.);
#7482 = PLANE('',#7483);
#7483 = AXIS2_PLACEMENT_3D('',#7484,#7485,#7486);
#7484 = CARTESIAN_POINT('',(-14.075,7.62,-29.4));
#7485 = DIRECTION('',(1.,0.,-0.));
#7486 = DIRECTION('',(0.,0.,1.));
#7487 = ADVANCED_FACE('',(#7488),#7500,.F.);
#7488 = FACE_BOUND('',#7489,.F.);
#7489 = EDGE_LOOP('',(#7490,#7491,#7492,#7493));
#7490 = ORIENTED_EDGE('',*,*,#7443,.T.);
#7491 = ORIENTED_EDGE('',*,*,#2181,.F.);
#7492 = ORIENTED_EDGE('',*,*,#7467,.F.);
#7493 = ORIENTED_EDGE('',*,*,#7494,.T.);
#7494 = EDGE_CURVE('',#7468,#7444,#7495,.T.);
#7495 = CIRCLE('',#7496,1.375);
#7496 = AXIS2_PLACEMENT_3D('',#7497,#7498,#7499);
#7497 = CARTESIAN_POINT('',(-12.7,7.62,-28.4));
#7498 = DIRECTION('',(0.,0.,1.));
#7499 = DIRECTION('',(1.,0.,-0.));
#7500 = CYLINDRICAL_SURFACE('',#7501,1.375);
#7501 = AXIS2_PLACEMENT_3D('',#7502,#7503,#7504);
#7502 = CARTESIAN_POINT('',(-12.7,7.62,-29.4));
#7503 = DIRECTION('',(0.,0.,1.));
#7504 = DIRECTION('',(1.,0.,-0.));
#7505 = ADVANCED_FACE('',(#7506),#7525,.F.);
#7506 = FACE_BOUND('',#7507,.F.);
#7507 = EDGE_LOOP('',(#7508,#7509,#7517,#7524));
#7508 = ORIENTED_EDGE('',*,*,#2198,.F.);
#7509 = ORIENTED_EDGE('',*,*,#7510,.F.);
#7510 = EDGE_CURVE('',#7511,#2199,#7513,.T.);
#7511 = VERTEX_POINT('',#7512);
#7512 = CARTESIAN_POINT('',(-6.245,7.62,-28.4));
#7513 = LINE('',#7514,#7515);
#7514 = CARTESIAN_POINT('',(-6.245,7.62,-29.4));
#7515 = VECTOR('',#7516,1.);
#7516 = DIRECTION('',(0.,0.,1.));
#7517 = ORIENTED_EDGE('',*,*,#7518,.T.);
#7518 = EDGE_CURVE('',#7511,#7511,#7519,.T.);
#7519 = CIRCLE('',#7520,1.375);
#7520 = AXIS2_PLACEMENT_3D('',#7521,#7522,#7523);
#7521 = CARTESIAN_POINT('',(-7.62,7.62,-28.4));
#7522 = DIRECTION('',(0.,0.,1.));
#7523 = DIRECTION('',(1.,0.,-0.));
#7524 = ORIENTED_EDGE('',*,*,#7510,.T.);
#7525 = CYLINDRICAL_SURFACE('',#7526,1.375);
#7526 = AXIS2_PLACEMENT_3D('',#7527,#7528,#7529);
#7527 = CARTESIAN_POINT('',(-7.62,7.62,-29.4));
#7528 = DIRECTION('',(0.,0.,1.));
#7529 = DIRECTION('',(1.,0.,-0.));
#7530 = ADVANCED_FACE('',(#7531),#7557,.F.);
#7531 = FACE_BOUND('',#7532,.F.);
#7532 = EDGE_LOOP('',(#7533,#7534,#7542,#7551));
#7533 = ORIENTED_EDGE('',*,*,#2209,.F.);
#7534 = ORIENTED_EDGE('',*,*,#7535,.F.);
#7535 = EDGE_CURVE('',#7536,#2210,#7538,.T.);
#7536 = VERTEX_POINT('',#7537);
#7537 = CARTESIAN_POINT('',(-7.62,14.075,-28.4));
#7538 = LINE('',#7539,#7540);
#7539 = CARTESIAN_POINT('',(-7.62,14.075,-29.4));
#7540 = VECTOR('',#7541,1.);
#7541 = DIRECTION('',(0.,0.,1.));
#7542 = ORIENTED_EDGE('',*,*,#7543,.T.);
#7543 = EDGE_CURVE('',#7536,#7544,#7546,.T.);
#7544 = VERTEX_POINT('',#7545);
#7545 = CARTESIAN_POINT('',(-7.62,11.325,-28.4));
#7546 = CIRCLE('',#7547,1.375);
#7547 = AXIS2_PLACEMENT_3D('',#7548,#7549,#7550);
#7548 = CARTESIAN_POINT('',(-7.62,12.7,-28.4));
#7549 = DIRECTION('',(0.,0.,1.));
#7550 = DIRECTION('',(1.,0.,-0.));
#7551 = ORIENTED_EDGE('',*,*,#7552,.T.);
#7552 = EDGE_CURVE('',#7544,#2212,#7553,.T.);
#7553 = LINE('',#7554,#7555);
#7554 = CARTESIAN_POINT('',(-7.62,11.325,-29.4));
#7555 = VECTOR('',#7556,1.);
#7556 = DIRECTION('',(0.,0.,1.));
#7557 = CYLINDRICAL_SURFACE('',#7558,1.375);
#7558 = AXIS2_PLACEMENT_3D('',#7559,#7560,#7561);
#7559 = CARTESIAN_POINT('',(-7.62,12.7,-29.4));
#7560 = DIRECTION('',(0.,0.,1.));
#7561 = DIRECTION('',(1.,0.,-0.));
#7562 = ADVANCED_FACE('',(#7563),#7581,.F.);
#7563 = FACE_BOUND('',#7564,.F.);
#7564 = EDGE_LOOP('',(#7565,#7573,#7574,#7575));
#7565 = ORIENTED_EDGE('',*,*,#7566,.T.);
#7566 = EDGE_CURVE('',#7567,#7536,#7569,.T.);
#7567 = VERTEX_POINT('',#7568);
#7568 = CARTESIAN_POINT('',(-2.54,14.075,-28.4));
#7569 = LINE('',#7570,#7571);
#7570 = CARTESIAN_POINT('',(-23.05,14.075,-28.4));
#7571 = VECTOR('',#7572,1.);
#7572 = DIRECTION('',(-1.,-0.,0.));
#7573 = ORIENTED_EDGE('',*,*,#7535,.T.);
#7574 = ORIENTED_EDGE('',*,*,#2220,.F.);
#7575 = ORIENTED_EDGE('',*,*,#7576,.F.);
#7576 = EDGE_CURVE('',#7567,#2221,#7577,.T.);
#7577 = LINE('',#7578,#7579);
#7578 = CARTESIAN_POINT('',(-2.54,14.075,-29.4));
#7579 = VECTOR('',#7580,1.);
#7580 = DIRECTION('',(0.,0.,1.));
#7581 = PLANE('',#7582);
#7582 = AXIS2_PLACEMENT_3D('',#7583,#7584,#7585);
#7583 = CARTESIAN_POINT('',(-7.62,14.075,-29.4));
#7584 = DIRECTION('',(-0.,1.,0.));
#7585 = DIRECTION('',(0.,0.,1.));
#7586 = ADVANCED_FACE('',(#7587),#7605,.T.);
#7587 = FACE_BOUND('',#7588,.T.);
#7588 = EDGE_LOOP('',(#7589,#7597,#7598,#7599));
#7589 = ORIENTED_EDGE('',*,*,#7590,.T.);
#7590 = EDGE_CURVE('',#7591,#7544,#7593,.T.);
#7591 = VERTEX_POINT('',#7592);
#7592 = CARTESIAN_POINT('',(-2.54,11.325,-28.4));
#7593 = LINE('',#7594,#7595);
#7594 = CARTESIAN_POINT('',(-23.05,11.325,-28.4));
#7595 = VECTOR('',#7596,1.);
#7596 = DIRECTION('',(-1.,-0.,0.));
#7597 = ORIENTED_EDGE('',*,*,#7552,.T.);
#7598 = ORIENTED_EDGE('',*,*,#2246,.F.);
#7599 = ORIENTED_EDGE('',*,*,#7600,.F.);
#7600 = EDGE_CURVE('',#7591,#2238,#7601,.T.);
#7601 = LINE('',#7602,#7603);
#7602 = CARTESIAN_POINT('',(-2.54,11.325,-29.4));
#7603 = VECTOR('',#7604,1.);
#7604 = DIRECTION('',(0.,0.,1.));
#7605 = PLANE('',#7606);
#7606 = AXIS2_PLACEMENT_3D('',#7607,#7608,#7609);
#7607 = CARTESIAN_POINT('',(-7.62,11.325,-29.4));
#7608 = DIRECTION('',(-0.,1.,0.));
#7609 = DIRECTION('',(0.,0.,1.));
#7610 = ADVANCED_FACE('',(#7611),#7637,.F.);
#7611 = FACE_BOUND('',#7612,.F.);
#7612 = EDGE_LOOP('',(#7613,#7614,#7622,#7631));
#7613 = ORIENTED_EDGE('',*,*,#2254,.F.);
#7614 = ORIENTED_EDGE('',*,*,#7615,.F.);
#7615 = EDGE_CURVE('',#7616,#2255,#7618,.T.);
#7616 = VERTEX_POINT('',#7617);
#7617 = CARTESIAN_POINT('',(-27.94,19.155,-28.4));
#7618 = LINE('',#7619,#7620);
#7619 = CARTESIAN_POINT('',(-27.94,19.155,-29.4));
#7620 = VECTOR('',#7621,1.);
#7621 = DIRECTION('',(0.,0.,1.));
#7622 = ORIENTED_EDGE('',*,*,#7623,.T.);
#7623 = EDGE_CURVE('',#7616,#7624,#7626,.T.);
#7624 = VERTEX_POINT('',#7625);
#7625 = CARTESIAN_POINT('',(-27.94,16.405,-28.4));
#7626 = CIRCLE('',#7627,1.375);
#7627 = AXIS2_PLACEMENT_3D('',#7628,#7629,#7630);
#7628 = CARTESIAN_POINT('',(-27.94,17.78,-28.4));
#7629 = DIRECTION('',(0.,0.,1.));
#7630 = DIRECTION('',(1.,0.,-0.));
#7631 = ORIENTED_EDGE('',*,*,#7632,.T.);
#7632 = EDGE_CURVE('',#7624,#2257,#7633,.T.);
#7633 = LINE('',#7634,#7635);
#7634 = CARTESIAN_POINT('',(-27.94,16.405,-29.4));
#7635 = VECTOR('',#7636,1.);
#7636 = DIRECTION('',(0.,0.,1.));
#7637 = CYLINDRICAL_SURFACE('',#7638,1.375);
#7638 = AXIS2_PLACEMENT_3D('',#7639,#7640,#7641);
#7639 = CARTESIAN_POINT('',(-27.94,17.78,-29.4));
#7640 = DIRECTION('',(0.,0.,1.));
#7641 = DIRECTION('',(1.,0.,-0.));
#7642 = ADVANCED_FACE('',(#7643),#7661,.F.);
#7643 = FACE_BOUND('',#7644,.F.);
#7644 = EDGE_LOOP('',(#7645,#7653,#7654,#7655));
#7645 = ORIENTED_EDGE('',*,*,#7646,.T.);
#7646 = EDGE_CURVE('',#7647,#7616,#7649,.T.);
#7647 = VERTEX_POINT('',#7648);
#7648 = CARTESIAN_POINT('',(-22.86,19.155,-28.4));
#7649 = LINE('',#7650,#7651);
#7650 = CARTESIAN_POINT('',(-33.21,19.155,-28.4));
#7651 = VECTOR('',#7652,1.);
#7652 = DIRECTION('',(-1.,-0.,0.));
#7653 = ORIENTED_EDGE('',*,*,#7615,.T.);
#7654 = ORIENTED_EDGE('',*,*,#2265,.F.);
#7655 = ORIENTED_EDGE('',*,*,#7656,.F.);
#7656 = EDGE_CURVE('',#7647,#2266,#7657,.T.);
#7657 = LINE('',#7658,#7659);
#7658 = CARTESIAN_POINT('',(-22.86,19.155,-29.4));
#7659 = VECTOR('',#7660,1.);
#7660 = DIRECTION('',(0.,0.,1.));
#7661 = PLANE('',#7662);
#7662 = AXIS2_PLACEMENT_3D('',#7663,#7664,#7665);
#7663 = CARTESIAN_POINT('',(-27.94,19.155,-29.4));
#7664 = DIRECTION('',(-0.,1.,0.));
#7665 = DIRECTION('',(0.,0.,1.));
#7666 = ADVANCED_FACE('',(#7667),#7685,.T.);
#7667 = FACE_BOUND('',#7668,.T.);
#7668 = EDGE_LOOP('',(#7669,#7677,#7678,#7679));
#7669 = ORIENTED_EDGE('',*,*,#7670,.T.);
#7670 = EDGE_CURVE('',#7671,#7624,#7673,.T.);
#7671 = VERTEX_POINT('',#7672);
#7672 = CARTESIAN_POINT('',(-22.86,16.405,-28.4));
#7673 = LINE('',#7674,#7675);
#7674 = CARTESIAN_POINT('',(-33.21,16.405,-28.4));
#7675 = VECTOR('',#7676,1.);
#7676 = DIRECTION('',(-1.,-0.,0.));
#7677 = ORIENTED_EDGE('',*,*,#7632,.T.);
#7678 = ORIENTED_EDGE('',*,*,#2291,.F.);
#7679 = ORIENTED_EDGE('',*,*,#7680,.F.);
#7680 = EDGE_CURVE('',#7671,#2283,#7681,.T.);
#7681 = LINE('',#7682,#7683);
#7682 = CARTESIAN_POINT('',(-22.86,16.405,-29.4));
#7683 = VECTOR('',#7684,1.);
#7684 = DIRECTION('',(0.,0.,1.));
#7685 = PLANE('',#7686);
#7686 = AXIS2_PLACEMENT_3D('',#7687,#7688,#7689);
#7687 = CARTESIAN_POINT('',(-27.94,16.405,-29.4));
#7688 = DIRECTION('',(-0.,1.,0.));
#7689 = DIRECTION('',(0.,0.,1.));
#7690 = ADVANCED_FACE('',(#7691),#7717,.F.);
#7691 = FACE_BOUND('',#7692,.F.);
#7692 = EDGE_LOOP('',(#7693,#7694,#7702,#7711));
#7693 = ORIENTED_EDGE('',*,*,#2299,.F.);
#7694 = ORIENTED_EDGE('',*,*,#7695,.F.);
#7695 = EDGE_CURVE('',#7696,#2300,#7698,.T.);
#7696 = VERTEX_POINT('',#7697);
#7697 = CARTESIAN_POINT('',(-16.405,22.86,-28.4));
#7698 = LINE('',#7699,#7700);
#7699 = CARTESIAN_POINT('',(-16.405,22.86,-29.4));
#7700 = VECTOR('',#7701,1.);
#7701 = DIRECTION('',(0.,0.,1.));
#7702 = ORIENTED_EDGE('',*,*,#7703,.T.);
#7703 = EDGE_CURVE('',#7696,#7704,#7706,.T.);
#7704 = VERTEX_POINT('',#7705);
#7705 = CARTESIAN_POINT('',(-19.155,22.86,-28.4));
#7706 = CIRCLE('',#7707,1.375);
#7707 = AXIS2_PLACEMENT_3D('',#7708,#7709,#7710);
#7708 = CARTESIAN_POINT('',(-17.78,22.86,-28.4));
#7709 = DIRECTION('',(0.,0.,1.));
#7710 = DIRECTION('',(1.,0.,-0.));
#7711 = ORIENTED_EDGE('',*,*,#7712,.T.);
#7712 = EDGE_CURVE('',#7704,#2302,#7713,.T.);
#7713 = LINE('',#7714,#7715);
#7714 = CARTESIAN_POINT('',(-19.155,22.86,-29.4));
#7715 = VECTOR('',#7716,1.);
#7716 = DIRECTION('',(0.,0.,1.));
#7717 = CYLINDRICAL_SURFACE('',#7718,1.375);
#7718 = AXIS2_PLACEMENT_3D('',#7719,#7720,#7721);
#7719 = CARTESIAN_POINT('',(-17.78,22.86,-29.4));
#7720 = DIRECTION('',(0.,0.,1.));
#7721 = DIRECTION('',(1.,0.,-0.));
#7722 = ADVANCED_FACE('',(#7723),#7741,.F.);
#7723 = FACE_BOUND('',#7724,.F.);
#7724 = EDGE_LOOP('',(#7725,#7733,#7739,#7740));
#7725 = ORIENTED_EDGE('',*,*,#7726,.F.);
#7726 = EDGE_CURVE('',#7727,#2311,#7729,.T.);
#7727 = VERTEX_POINT('',#7728);
#7728 = CARTESIAN_POINT('',(-16.405,17.78,-28.4));
#7729 = LINE('',#7730,#7731);
#7730 = CARTESIAN_POINT('',(-16.405,17.78,-29.4));
#7731 = VECTOR('',#7732,1.);
#7732 = DIRECTION('',(0.,0.,1.));
#7733 = ORIENTED_EDGE('',*,*,#7734,.T.);
#7734 = EDGE_CURVE('',#7727,#7696,#7735,.T.);
#7735 = LINE('',#7736,#7737);
#7736 = CARTESIAN_POINT('',(-16.405,-10.35,-28.4));
#7737 = VECTOR('',#7738,1.);
#7738 = DIRECTION('',(-0.,1.,0.));
#7739 = ORIENTED_EDGE('',*,*,#7695,.T.);
#7740 = ORIENTED_EDGE('',*,*,#2310,.F.);
#7741 = PLANE('',#7742);
#7742 = AXIS2_PLACEMENT_3D('',#7743,#7744,#7745);
#7743 = CARTESIAN_POINT('',(-16.405,17.78,-29.4));
#7744 = DIRECTION('',(1.,0.,-0.));
#7745 = DIRECTION('',(0.,0.,1.));
#7746 = ADVANCED_FACE('',(#7747),#7765,.T.);
#7747 = FACE_BOUND('',#7748,.T.);
#7748 = EDGE_LOOP('',(#7749,#7757,#7763,#7764));
#7749 = ORIENTED_EDGE('',*,*,#7750,.F.);
#7750 = EDGE_CURVE('',#7751,#2319,#7753,.T.);
#7751 = VERTEX_POINT('',#7752);
#7752 = CARTESIAN_POINT('',(-19.155,17.78,-28.4));
#7753 = LINE('',#7754,#7755);
#7754 = CARTESIAN_POINT('',(-19.155,17.78,-29.4));
#7755 = VECTOR('',#7756,1.);
#7756 = DIRECTION('',(0.,0.,1.));
#7757 = ORIENTED_EDGE('',*,*,#7758,.T.);
#7758 = EDGE_CURVE('',#7751,#7704,#7759,.T.);
#7759 = LINE('',#7760,#7761);
#7760 = CARTESIAN_POINT('',(-19.155,-10.35,-28.4));
#7761 = VECTOR('',#7762,1.);
#7762 = DIRECTION('',(-0.,1.,0.));
#7763 = ORIENTED_EDGE('',*,*,#7712,.T.);
#7764 = ORIENTED_EDGE('',*,*,#2327,.F.);
#7765 = PLANE('',#7766);
#7766 = AXIS2_PLACEMENT_3D('',#7767,#7768,#7769);
#7767 = CARTESIAN_POINT('',(-19.155,17.78,-29.4));
#7768 = DIRECTION('',(1.,0.,-0.));
#7769 = DIRECTION('',(0.,0.,1.));
#7770 = ADVANCED_FACE('',(#7771),#7783,.F.);
#7771 = FACE_BOUND('',#7772,.F.);
#7772 = EDGE_LOOP('',(#7773,#7774,#7775,#7776));
#7773 = ORIENTED_EDGE('',*,*,#7726,.T.);
#7774 = ORIENTED_EDGE('',*,*,#2318,.F.);
#7775 = ORIENTED_EDGE('',*,*,#7750,.F.);
#7776 = ORIENTED_EDGE('',*,*,#7777,.T.);
#7777 = EDGE_CURVE('',#7751,#7727,#7778,.T.);
#7778 = CIRCLE('',#7779,1.375);
#7779 = AXIS2_PLACEMENT_3D('',#7780,#7781,#7782);
#7780 = CARTESIAN_POINT('',(-17.78,17.78,-28.4));
#7781 = DIRECTION('',(0.,0.,1.));
#7782 = DIRECTION('',(1.,0.,-0.));
#7783 = CYLINDRICAL_SURFACE('',#7784,1.375);
#7784 = AXIS2_PLACEMENT_3D('',#7785,#7786,#7787);
#7785 = CARTESIAN_POINT('',(-17.78,17.78,-29.4));
#7786 = DIRECTION('',(0.,0.,1.));
#7787 = DIRECTION('',(1.,0.,-0.));
#7788 = ADVANCED_FACE('',(#7789),#7815,.F.);
#7789 = FACE_BOUND('',#7790,.F.);
#7790 = EDGE_LOOP('',(#7791,#7792,#7800,#7809));
#7791 = ORIENTED_EDGE('',*,*,#2335,.F.);
#7792 = ORIENTED_EDGE('',*,*,#7793,.F.);
#7793 = EDGE_CURVE('',#7794,#2336,#7796,.T.);
#7794 = VERTEX_POINT('',#7795);
#7795 = CARTESIAN_POINT('',(-26.565,27.94,-28.4));
#7796 = LINE('',#7797,#7798);
#7797 = CARTESIAN_POINT('',(-26.565,27.94,-29.4));
#7798 = VECTOR('',#7799,1.);
#7799 = DIRECTION('',(0.,0.,1.));
#7800 = ORIENTED_EDGE('',*,*,#7801,.T.);
#7801 = EDGE_CURVE('',#7794,#7802,#7804,.T.);
#7802 = VERTEX_POINT('',#7803);
#7803 = CARTESIAN_POINT('',(-29.315,27.94,-28.4));
#7804 = CIRCLE('',#7805,1.375);
#7805 = AXIS2_PLACEMENT_3D('',#7806,#7807,#7808);
#7806 = CARTESIAN_POINT('',(-27.94,27.94,-28.4));
#7807 = DIRECTION('',(0.,0.,1.));
#7808 = DIRECTION('',(1.,0.,-0.));
#7809 = ORIENTED_EDGE('',*,*,#7810,.T.);
#7810 = EDGE_CURVE('',#7802,#2338,#7811,.T.);
#7811 = LINE('',#7812,#7813);
#7812 = CARTESIAN_POINT('',(-29.315,27.94,-29.4));
#7813 = VECTOR('',#7814,1.);
#7814 = DIRECTION('',(0.,0.,1.));
#7815 = CYLINDRICAL_SURFACE('',#7816,1.375);
#7816 = AXIS2_PLACEMENT_3D('',#7817,#7818,#7819);
#7817 = CARTESIAN_POINT('',(-27.94,27.94,-29.4));
#7818 = DIRECTION('',(0.,0.,1.));
#7819 = DIRECTION('',(1.,0.,-0.));
#7820 = ADVANCED_FACE('',(#7821),#7839,.F.);
#7821 = FACE_BOUND('',#7822,.F.);
#7822 = EDGE_LOOP('',(#7823,#7831,#7837,#7838));
#7823 = ORIENTED_EDGE('',*,*,#7824,.F.);
#7824 = EDGE_CURVE('',#7825,#2347,#7827,.T.);
#7825 = VERTEX_POINT('',#7826);
#7826 = CARTESIAN_POINT('',(-26.565,22.86,-28.4));
#7827 = LINE('',#7828,#7829);
#7828 = CARTESIAN_POINT('',(-26.565,22.86,-29.4));
#7829 = VECTOR('',#7830,1.);
#7830 = DIRECTION('',(0.,0.,1.));
#7831 = ORIENTED_EDGE('',*,*,#7832,.T.);
#7832 = EDGE_CURVE('',#7825,#7794,#7833,.T.);
#7833 = LINE('',#7834,#7835);
#7834 = CARTESIAN_POINT('',(-26.565,-7.81,-28.4));
#7835 = VECTOR('',#7836,1.);
#7836 = DIRECTION('',(-0.,1.,0.));
#7837 = ORIENTED_EDGE('',*,*,#7793,.T.);
#7838 = ORIENTED_EDGE('',*,*,#2346,.F.);
#7839 = PLANE('',#7840);
#7840 = AXIS2_PLACEMENT_3D('',#7841,#7842,#7843);
#7841 = CARTESIAN_POINT('',(-26.565,22.86,-29.4));
#7842 = DIRECTION('',(1.,0.,-0.));
#7843 = DIRECTION('',(0.,0.,1.));
#7844 = ADVANCED_FACE('',(#7845),#7863,.T.);
#7845 = FACE_BOUND('',#7846,.T.);
#7846 = EDGE_LOOP('',(#7847,#7855,#7861,#7862));
#7847 = ORIENTED_EDGE('',*,*,#7848,.F.);
#7848 = EDGE_CURVE('',#7849,#2355,#7851,.T.);
#7849 = VERTEX_POINT('',#7850);
#7850 = CARTESIAN_POINT('',(-29.315,22.86,-28.4));
#7851 = LINE('',#7852,#7853);
#7852 = CARTESIAN_POINT('',(-29.315,22.86,-29.4));
#7853 = VECTOR('',#7854,1.);
#7854 = DIRECTION('',(0.,0.,1.));
#7855 = ORIENTED_EDGE('',*,*,#7856,.T.);
#7856 = EDGE_CURVE('',#7849,#7802,#7857,.T.);
#7857 = LINE('',#7858,#7859);
#7858 = CARTESIAN_POINT('',(-29.315,-7.81,-28.4));
#7859 = VECTOR('',#7860,1.);
#7860 = DIRECTION('',(-0.,1.,0.));
#7861 = ORIENTED_EDGE('',*,*,#7810,.T.);
#7862 = ORIENTED_EDGE('',*,*,#2363,.F.);
#7863 = PLANE('',#7864);
#7864 = AXIS2_PLACEMENT_3D('',#7865,#7866,#7867);
#7865 = CARTESIAN_POINT('',(-29.315,22.86,-29.4));
#7866 = DIRECTION('',(1.,0.,-0.));
#7867 = DIRECTION('',(0.,0.,1.));
#7868 = ADVANCED_FACE('',(#7869),#7881,.F.);
#7869 = FACE_BOUND('',#7870,.F.);
#7870 = EDGE_LOOP('',(#7871,#7872,#7873,#7874));
#7871 = ORIENTED_EDGE('',*,*,#7824,.T.);
#7872 = ORIENTED_EDGE('',*,*,#2354,.F.);
#7873 = ORIENTED_EDGE('',*,*,#7848,.F.);
#7874 = ORIENTED_EDGE('',*,*,#7875,.T.);
#7875 = EDGE_CURVE('',#7849,#7825,#7876,.T.);
#7876 = CIRCLE('',#7877,1.375);
#7877 = AXIS2_PLACEMENT_3D('',#7878,#7879,#7880);
#7878 = CARTESIAN_POINT('',(-27.94,22.86,-28.4));
#7879 = DIRECTION('',(0.,0.,1.));
#7880 = DIRECTION('',(1.,0.,-0.));
#7881 = CYLINDRICAL_SURFACE('',#7882,1.375);
#7882 = AXIS2_PLACEMENT_3D('',#7883,#7884,#7885);
#7883 = CARTESIAN_POINT('',(-27.94,22.86,-29.4));
#7884 = DIRECTION('',(0.,0.,1.));
#7885 = DIRECTION('',(1.,0.,-0.));
#7886 = ADVANCED_FACE('',(#7887),#7906,.F.);
#7887 = FACE_BOUND('',#7888,.F.);
#7888 = EDGE_LOOP('',(#7889,#7890,#7898,#7905));
#7889 = ORIENTED_EDGE('',*,*,#2371,.F.);
#7890 = ORIENTED_EDGE('',*,*,#7891,.F.);
#7891 = EDGE_CURVE('',#7892,#2372,#7894,.T.);
#7892 = VERTEX_POINT('',#7893);
#7893 = CARTESIAN_POINT('',(-21.485,22.86,-28.4));
#7894 = LINE('',#7895,#7896);
#7895 = CARTESIAN_POINT('',(-21.485,22.86,-29.4));
#7896 = VECTOR('',#7897,1.);
#7897 = DIRECTION('',(0.,0.,1.));
#7898 = ORIENTED_EDGE('',*,*,#7899,.T.);
#7899 = EDGE_CURVE('',#7892,#7892,#7900,.T.);
#7900 = CIRCLE('',#7901,1.375);
#7901 = AXIS2_PLACEMENT_3D('',#7902,#7903,#7904);
#7902 = CARTESIAN_POINT('',(-22.86,22.86,-28.4));
#7903 = DIRECTION('',(0.,0.,1.));
#7904 = DIRECTION('',(1.,0.,-0.));
#7905 = ORIENTED_EDGE('',*,*,#7891,.T.);
#7906 = CYLINDRICAL_SURFACE('',#7907,1.375);
#7907 = AXIS2_PLACEMENT_3D('',#7908,#7909,#7910);
#7908 = CARTESIAN_POINT('',(-22.86,22.86,-29.4));
#7909 = DIRECTION('',(0.,0.,1.));
#7910 = DIRECTION('',(1.,0.,-0.));
#7911 = ADVANCED_FACE('',(#7912),#7938,.F.);
#7912 = FACE_BOUND('',#7913,.F.);
#7913 = EDGE_LOOP('',(#7914,#7915,#7923,#7932));
#7914 = ORIENTED_EDGE('',*,*,#2382,.F.);
#7915 = ORIENTED_EDGE('',*,*,#7916,.F.);
#7916 = EDGE_CURVE('',#7917,#2383,#7919,.T.);
#7917 = VERTEX_POINT('',#7918);
#7918 = CARTESIAN_POINT('',(-22.86,29.315,-28.4));
#7919 = LINE('',#7920,#7921);
#7920 = CARTESIAN_POINT('',(-22.86,29.315,-29.4));
#7921 = VECTOR('',#7922,1.);
#7922 = DIRECTION('',(0.,0.,1.));
#7923 = ORIENTED_EDGE('',*,*,#7924,.T.);
#7924 = EDGE_CURVE('',#7917,#7925,#7927,.T.);
#7925 = VERTEX_POINT('',#7926);
#7926 = CARTESIAN_POINT('',(-22.86,26.565,-28.4));
#7927 = CIRCLE('',#7928,1.375);
#7928 = AXIS2_PLACEMENT_3D('',#7929,#7930,#7931);
#7929 = CARTESIAN_POINT('',(-22.86,27.94,-28.4));
#7930 = DIRECTION('',(0.,0.,1.));
#7931 = DIRECTION('',(1.,0.,-0.));
#7932 = ORIENTED_EDGE('',*,*,#7933,.T.);
#7933 = EDGE_CURVE('',#7925,#2385,#7934,.T.);
#7934 = LINE('',#7935,#7936);
#7935 = CARTESIAN_POINT('',(-22.86,26.565,-29.4));
#7936 = VECTOR('',#7937,1.);
#7937 = DIRECTION('',(0.,0.,1.));
#7938 = CYLINDRICAL_SURFACE('',#7939,1.375);
#7939 = AXIS2_PLACEMENT_3D('',#7940,#7941,#7942);
#7940 = CARTESIAN_POINT('',(-22.86,27.94,-29.4));
#7941 = DIRECTION('',(0.,0.,1.));
#7942 = DIRECTION('',(1.,0.,-0.));
#7943 = ADVANCED_FACE('',(#7944),#7962,.F.);
#7944 = FACE_BOUND('',#7945,.F.);
#7945 = EDGE_LOOP('',(#7946,#7954,#7955,#7956));
#7946 = ORIENTED_EDGE('',*,*,#7947,.T.);
#7947 = EDGE_CURVE('',#7948,#7917,#7950,.T.);
#7948 = VERTEX_POINT('',#7949);
#7949 = CARTESIAN_POINT('',(-17.78,29.315,-28.4));
#7950 = LINE('',#7951,#7952);
#7951 = CARTESIAN_POINT('',(-30.67,29.315,-28.4));
#7952 = VECTOR('',#7953,1.);
#7953 = DIRECTION('',(-1.,-0.,0.));
#7954 = ORIENTED_EDGE('',*,*,#7916,.T.);
#7955 = ORIENTED_EDGE('',*,*,#2393,.F.);
#7956 = ORIENTED_EDGE('',*,*,#7957,.F.);
#7957 = EDGE_CURVE('',#7948,#2394,#7958,.T.);
#7958 = LINE('',#7959,#7960);
#7959 = CARTESIAN_POINT('',(-17.78,29.315,-29.4));
#7960 = VECTOR('',#7961,1.);
#7961 = DIRECTION('',(0.,0.,1.));
#7962 = PLANE('',#7963);
#7963 = AXIS2_PLACEMENT_3D('',#7964,#7965,#7966);
#7964 = CARTESIAN_POINT('',(-22.86,29.315,-29.4));
#7965 = DIRECTION('',(-0.,1.,0.));
#7966 = DIRECTION('',(0.,0.,1.));
#7967 = ADVANCED_FACE('',(#7968),#7986,.T.);
#7968 = FACE_BOUND('',#7969,.T.);
#7969 = EDGE_LOOP('',(#7970,#7978,#7979,#7980));
#7970 = ORIENTED_EDGE('',*,*,#7971,.T.);
#7971 = EDGE_CURVE('',#7972,#7925,#7974,.T.);
#7972 = VERTEX_POINT('',#7973);
#7973 = CARTESIAN_POINT('',(-17.78,26.565,-28.4));
#7974 = LINE('',#7975,#7976);
#7975 = CARTESIAN_POINT('',(-30.67,26.565,-28.4));
#7976 = VECTOR('',#7977,1.);
#7977 = DIRECTION('',(-1.,-0.,0.));
#7978 = ORIENTED_EDGE('',*,*,#7933,.T.);
#7979 = ORIENTED_EDGE('',*,*,#2419,.F.);
#7980 = ORIENTED_EDGE('',*,*,#7981,.F.);
#7981 = EDGE_CURVE('',#7972,#2411,#7982,.T.);
#7982 = LINE('',#7983,#7984);
#7983 = CARTESIAN_POINT('',(-17.78,26.565,-29.4));
#7984 = VECTOR('',#7985,1.);
#7985 = DIRECTION('',(0.,0.,1.));
#7986 = PLANE('',#7987);
#7987 = AXIS2_PLACEMENT_3D('',#7988,#7989,#7990);
#7988 = CARTESIAN_POINT('',(-22.86,26.565,-29.4));
#7989 = DIRECTION('',(-0.,1.,0.));
#7990 = DIRECTION('',(0.,0.,1.));
#7991 = ADVANCED_FACE('',(#7992),#8018,.F.);
#7992 = FACE_BOUND('',#7993,.F.);
#7993 = EDGE_LOOP('',(#7994,#7995,#8003,#8012));
#7994 = ORIENTED_EDGE('',*,*,#2427,.F.);
#7995 = ORIENTED_EDGE('',*,*,#7996,.F.);
#7996 = EDGE_CURVE('',#7997,#2428,#7999,.T.);
#7997 = VERTEX_POINT('',#7998);
#7998 = CARTESIAN_POINT('',(-12.7,19.155,-28.4));
#7999 = LINE('',#8000,#8001);
#8000 = CARTESIAN_POINT('',(-12.7,19.155,-29.4));
#8001 = VECTOR('',#8002,1.);
#8002 = DIRECTION('',(0.,0.,1.));
#8003 = ORIENTED_EDGE('',*,*,#8004,.T.);
#8004 = EDGE_CURVE('',#7997,#8005,#8007,.T.);
#8005 = VERTEX_POINT('',#8006);
#8006 = CARTESIAN_POINT('',(-12.7,16.405,-28.4));
#8007 = CIRCLE('',#8008,1.375);
#8008 = AXIS2_PLACEMENT_3D('',#8009,#8010,#8011);
#8009 = CARTESIAN_POINT('',(-12.7,17.78,-28.4));
#8010 = DIRECTION('',(0.,0.,1.));
#8011 = DIRECTION('',(1.,0.,-0.));
#8012 = ORIENTED_EDGE('',*,*,#8013,.T.);
#8013 = EDGE_CURVE('',#8005,#2430,#8014,.T.);
#8014 = LINE('',#8015,#8016);
#8015 = CARTESIAN_POINT('',(-12.7,16.405,-29.4));
#8016 = VECTOR('',#8017,1.);
#8017 = DIRECTION('',(0.,0.,1.));
#8018 = CYLINDRICAL_SURFACE('',#8019,1.375);
#8019 = AXIS2_PLACEMENT_3D('',#8020,#8021,#8022);
#8020 = CARTESIAN_POINT('',(-12.7,17.78,-29.4));
#8021 = DIRECTION('',(0.,0.,1.));
#8022 = DIRECTION('',(1.,0.,-0.));
#8023 = ADVANCED_FACE('',(#8024),#8042,.F.);
#8024 = FACE_BOUND('',#8025,.F.);
#8025 = EDGE_LOOP('',(#8026,#8034,#8035,#8036));
#8026 = ORIENTED_EDGE('',*,*,#8027,.T.);
#8027 = EDGE_CURVE('',#8028,#7997,#8030,.T.);
#8028 = VERTEX_POINT('',#8029);
#8029 = CARTESIAN_POINT('',(-7.62,19.155,-28.4));
#8030 = LINE('',#8031,#8032);
#8031 = CARTESIAN_POINT('',(-25.59,19.155,-28.4));
#8032 = VECTOR('',#8033,1.);
#8033 = DIRECTION('',(-1.,-0.,0.));
#8034 = ORIENTED_EDGE('',*,*,#7996,.T.);
#8035 = ORIENTED_EDGE('',*,*,#2438,.F.);
#8036 = ORIENTED_EDGE('',*,*,#8037,.F.);
#8037 = EDGE_CURVE('',#8028,#2439,#8038,.T.);
#8038 = LINE('',#8039,#8040);
#8039 = CARTESIAN_POINT('',(-7.62,19.155,-29.4));
#8040 = VECTOR('',#8041,1.);
#8041 = DIRECTION('',(0.,0.,1.));
#8042 = PLANE('',#8043);
#8043 = AXIS2_PLACEMENT_3D('',#8044,#8045,#8046);
#8044 = CARTESIAN_POINT('',(-12.7,19.155,-29.4));
#8045 = DIRECTION('',(-0.,1.,0.));
#8046 = DIRECTION('',(0.,0.,1.));
#8047 = ADVANCED_FACE('',(#8048),#8066,.T.);
#8048 = FACE_BOUND('',#8049,.T.);
#8049 = EDGE_LOOP('',(#8050,#8058,#8059,#8060));
#8050 = ORIENTED_EDGE('',*,*,#8051,.T.);
#8051 = EDGE_CURVE('',#8052,#8005,#8054,.T.);
#8052 = VERTEX_POINT('',#8053);
#8053 = CARTESIAN_POINT('',(-7.62,16.405,-28.4));
#8054 = LINE('',#8055,#8056);
#8055 = CARTESIAN_POINT('',(-25.59,16.405,-28.4));
#8056 = VECTOR('',#8057,1.);
#8057 = DIRECTION('',(-1.,-0.,0.));
#8058 = ORIENTED_EDGE('',*,*,#8013,.T.);
#8059 = ORIENTED_EDGE('',*,*,#2464,.F.);
#8060 = ORIENTED_EDGE('',*,*,#8061,.F.);
#8061 = EDGE_CURVE('',#8052,#2456,#8062,.T.);
#8062 = LINE('',#8063,#8064);
#8063 = CARTESIAN_POINT('',(-7.62,16.405,-29.4));
#8064 = VECTOR('',#8065,1.);
#8065 = DIRECTION('',(0.,0.,1.));
#8066 = PLANE('',#8067);
#8067 = AXIS2_PLACEMENT_3D('',#8068,#8069,#8070);
#8068 = CARTESIAN_POINT('',(-12.7,16.405,-29.4));
#8069 = DIRECTION('',(-0.,1.,0.));
#8070 = DIRECTION('',(0.,0.,1.));
#8071 = ADVANCED_FACE('',(#8072),#8098,.F.);
#8072 = FACE_BOUND('',#8073,.F.);
#8073 = EDGE_LOOP('',(#8074,#8075,#8083,#8092));
#8074 = ORIENTED_EDGE('',*,*,#2472,.F.);
#8075 = ORIENTED_EDGE('',*,*,#8076,.F.);
#8076 = EDGE_CURVE('',#8077,#2473,#8079,.T.);
#8077 = VERTEX_POINT('',#8078);
#8078 = CARTESIAN_POINT('',(-1.165,22.86,-28.4));
#8079 = LINE('',#8080,#8081);
#8080 = CARTESIAN_POINT('',(-1.165,22.86,-29.4));
#8081 = VECTOR('',#8082,1.);
#8082 = DIRECTION('',(0.,0.,1.));
#8083 = ORIENTED_EDGE('',*,*,#8084,.T.);
#8084 = EDGE_CURVE('',#8077,#8085,#8087,.T.);
#8085 = VERTEX_POINT('',#8086);
#8086 = CARTESIAN_POINT('',(-3.915,22.86,-28.4));
#8087 = CIRCLE('',#8088,1.375);
#8088 = AXIS2_PLACEMENT_3D('',#8089,#8090,#8091);
#8089 = CARTESIAN_POINT('',(-2.54,22.86,-28.4));
#8090 = DIRECTION('',(0.,0.,1.));
#8091 = DIRECTION('',(1.,0.,-0.));
#8092 = ORIENTED_EDGE('',*,*,#8093,.T.);
#8093 = EDGE_CURVE('',#8085,#2475,#8094,.T.);
#8094 = LINE('',#8095,#8096);
#8095 = CARTESIAN_POINT('',(-3.915,22.86,-29.4));
#8096 = VECTOR('',#8097,1.);
#8097 = DIRECTION('',(0.,0.,1.));
#8098 = CYLINDRICAL_SURFACE('',#8099,1.375);
#8099 = AXIS2_PLACEMENT_3D('',#8100,#8101,#8102);
#8100 = CARTESIAN_POINT('',(-2.54,22.86,-29.4));
#8101 = DIRECTION('',(0.,0.,1.));
#8102 = DIRECTION('',(1.,0.,-0.));
#8103 = ADVANCED_FACE('',(#8104),#8122,.F.);
#8104 = FACE_BOUND('',#8105,.F.);
#8105 = EDGE_LOOP('',(#8106,#8114,#8120,#8121));
#8106 = ORIENTED_EDGE('',*,*,#8107,.F.);
#8107 = EDGE_CURVE('',#8108,#2484,#8110,.T.);
#8108 = VERTEX_POINT('',#8109);
#8109 = CARTESIAN_POINT('',(-1.165,17.78,-28.4));
#8110 = LINE('',#8111,#8112);
#8111 = CARTESIAN_POINT('',(-1.165,17.78,-29.4));
#8112 = VECTOR('',#8113,1.);
#8113 = DIRECTION('',(0.,0.,1.));
#8114 = ORIENTED_EDGE('',*,*,#8115,.T.);
#8115 = EDGE_CURVE('',#8108,#8077,#8116,.T.);
#8116 = LINE('',#8117,#8118);
#8117 = CARTESIAN_POINT('',(-1.165,-10.35,-28.4));
#8118 = VECTOR('',#8119,1.);
#8119 = DIRECTION('',(-0.,1.,0.));
#8120 = ORIENTED_EDGE('',*,*,#8076,.T.);
#8121 = ORIENTED_EDGE('',*,*,#2483,.F.);
#8122 = PLANE('',#8123);
#8123 = AXIS2_PLACEMENT_3D('',#8124,#8125,#8126);
#8124 = CARTESIAN_POINT('',(-1.165,17.78,-29.4));
#8125 = DIRECTION('',(1.,0.,-0.));
#8126 = DIRECTION('',(0.,0.,1.));
#8127 = ADVANCED_FACE('',(#8128),#8146,.T.);
#8128 = FACE_BOUND('',#8129,.T.);
#8129 = EDGE_LOOP('',(#8130,#8138,#8144,#8145));
#8130 = ORIENTED_EDGE('',*,*,#8131,.F.);
#8131 = EDGE_CURVE('',#8132,#2492,#8134,.T.);
#8132 = VERTEX_POINT('',#8133);
#8133 = CARTESIAN_POINT('',(-3.915,17.78,-28.4));
#8134 = LINE('',#8135,#8136);
#8135 = CARTESIAN_POINT('',(-3.915,17.78,-29.4));
#8136 = VECTOR('',#8137,1.);
#8137 = DIRECTION('',(0.,0.,1.));
#8138 = ORIENTED_EDGE('',*,*,#8139,.T.);
#8139 = EDGE_CURVE('',#8132,#8085,#8140,.T.);
#8140 = LINE('',#8141,#8142);
#8141 = CARTESIAN_POINT('',(-3.915,-10.35,-28.4));
#8142 = VECTOR('',#8143,1.);
#8143 = DIRECTION('',(-0.,1.,0.));
#8144 = ORIENTED_EDGE('',*,*,#8093,.T.);
#8145 = ORIENTED_EDGE('',*,*,#2500,.F.);
#8146 = PLANE('',#8147);
#8147 = AXIS2_PLACEMENT_3D('',#8148,#8149,#8150);
#8148 = CARTESIAN_POINT('',(-3.915,17.78,-29.4));
#8149 = DIRECTION('',(1.,0.,-0.));
#8150 = DIRECTION('',(0.,0.,1.));
#8151 = ADVANCED_FACE('',(#8152),#8164,.F.);
#8152 = FACE_BOUND('',#8153,.F.);
#8153 = EDGE_LOOP('',(#8154,#8155,#8156,#8157));
#8154 = ORIENTED_EDGE('',*,*,#8107,.T.);
#8155 = ORIENTED_EDGE('',*,*,#2491,.F.);
#8156 = ORIENTED_EDGE('',*,*,#8131,.F.);
#8157 = ORIENTED_EDGE('',*,*,#8158,.T.);
#8158 = EDGE_CURVE('',#8132,#8108,#8159,.T.);
#8159 = CIRCLE('',#8160,1.375);
#8160 = AXIS2_PLACEMENT_3D('',#8161,#8162,#8163);
#8161 = CARTESIAN_POINT('',(-2.54,17.78,-28.4));
#8162 = DIRECTION('',(0.,0.,1.));
#8163 = DIRECTION('',(1.,0.,-0.));
#8164 = CYLINDRICAL_SURFACE('',#8165,1.375);
#8165 = AXIS2_PLACEMENT_3D('',#8166,#8167,#8168);
#8166 = CARTESIAN_POINT('',(-2.54,17.78,-29.4));
#8167 = DIRECTION('',(0.,0.,1.));
#8168 = DIRECTION('',(1.,0.,-0.));
#8169 = ADVANCED_FACE('',(#8170),#8196,.F.);
#8170 = FACE_BOUND('',#8171,.F.);
#8171 = EDGE_LOOP('',(#8172,#8173,#8181,#8190));
#8172 = ORIENTED_EDGE('',*,*,#2508,.F.);
#8173 = ORIENTED_EDGE('',*,*,#8174,.F.);
#8174 = EDGE_CURVE('',#8175,#2509,#8177,.T.);
#8175 = VERTEX_POINT('',#8176);
#8176 = CARTESIAN_POINT('',(-11.325,27.94,-28.4));
#8177 = LINE('',#8178,#8179);
#8178 = CARTESIAN_POINT('',(-11.325,27.94,-29.4));
#8179 = VECTOR('',#8180,1.);
#8180 = DIRECTION('',(0.,0.,1.));
#8181 = ORIENTED_EDGE('',*,*,#8182,.T.);
#8182 = EDGE_CURVE('',#8175,#8183,#8185,.T.);
#8183 = VERTEX_POINT('',#8184);
#8184 = CARTESIAN_POINT('',(-14.075,27.94,-28.4));
#8185 = CIRCLE('',#8186,1.375);
#8186 = AXIS2_PLACEMENT_3D('',#8187,#8188,#8189);
#8187 = CARTESIAN_POINT('',(-12.7,27.94,-28.4));
#8188 = DIRECTION('',(0.,0.,1.));
#8189 = DIRECTION('',(1.,0.,-0.));
#8190 = ORIENTED_EDGE('',*,*,#8191,.T.);
#8191 = EDGE_CURVE('',#8183,#2511,#8192,.T.);
#8192 = LINE('',#8193,#8194);
#8193 = CARTESIAN_POINT('',(-14.075,27.94,-29.4));
#8194 = VECTOR('',#8195,1.);
#8195 = DIRECTION('',(0.,0.,1.));
#8196 = CYLINDRICAL_SURFACE('',#8197,1.375);
#8197 = AXIS2_PLACEMENT_3D('',#8198,#8199,#8200);
#8198 = CARTESIAN_POINT('',(-12.7,27.94,-29.4));
#8199 = DIRECTION('',(0.,0.,1.));
#8200 = DIRECTION('',(1.,0.,-0.));
#8201 = ADVANCED_FACE('',(#8202),#8220,.F.);
#8202 = FACE_BOUND('',#8203,.F.);
#8203 = EDGE_LOOP('',(#8204,#8212,#8218,#8219));
#8204 = ORIENTED_EDGE('',*,*,#8205,.F.);
#8205 = EDGE_CURVE('',#8206,#2520,#8208,.T.);
#8206 = VERTEX_POINT('',#8207);
#8207 = CARTESIAN_POINT('',(-11.325,22.86,-28.4));
#8208 = LINE('',#8209,#8210);
#8209 = CARTESIAN_POINT('',(-11.325,22.86,-29.4));
#8210 = VECTOR('',#8211,1.);
#8211 = DIRECTION('',(0.,0.,1.));
#8212 = ORIENTED_EDGE('',*,*,#8213,.T.);
#8213 = EDGE_CURVE('',#8206,#8175,#8214,.T.);
#8214 = LINE('',#8215,#8216);
#8215 = CARTESIAN_POINT('',(-11.325,-7.81,-28.4));
#8216 = VECTOR('',#8217,1.);
#8217 = DIRECTION('',(-0.,1.,0.));
#8218 = ORIENTED_EDGE('',*,*,#8174,.T.);
#8219 = ORIENTED_EDGE('',*,*,#2519,.F.);
#8220 = PLANE('',#8221);
#8221 = AXIS2_PLACEMENT_3D('',#8222,#8223,#8224);
#8222 = CARTESIAN_POINT('',(-11.325,22.86,-29.4));
#8223 = DIRECTION('',(1.,0.,-0.));
#8224 = DIRECTION('',(0.,0.,1.));
#8225 = ADVANCED_FACE('',(#8226),#8244,.T.);
#8226 = FACE_BOUND('',#8227,.T.);
#8227 = EDGE_LOOP('',(#8228,#8236,#8242,#8243));
#8228 = ORIENTED_EDGE('',*,*,#8229,.F.);
#8229 = EDGE_CURVE('',#8230,#2528,#8232,.T.);
#8230 = VERTEX_POINT('',#8231);
#8231 = CARTESIAN_POINT('',(-14.075,22.86,-28.4));
#8232 = LINE('',#8233,#8234);
#8233 = CARTESIAN_POINT('',(-14.075,22.86,-29.4));
#8234 = VECTOR('',#8235,1.);
#8235 = DIRECTION('',(0.,0.,1.));
#8236 = ORIENTED_EDGE('',*,*,#8237,.T.);
#8237 = EDGE_CURVE('',#8230,#8183,#8238,.T.);
#8238 = LINE('',#8239,#8240);
#8239 = CARTESIAN_POINT('',(-14.075,-7.81,-28.4));
#8240 = VECTOR('',#8241,1.);
#8241 = DIRECTION('',(-0.,1.,0.));
#8242 = ORIENTED_EDGE('',*,*,#8191,.T.);
#8243 = ORIENTED_EDGE('',*,*,#2536,.F.);
#8244 = PLANE('',#8245);
#8245 = AXIS2_PLACEMENT_3D('',#8246,#8247,#8248);
#8246 = CARTESIAN_POINT('',(-14.075,22.86,-29.4));
#8247 = DIRECTION('',(1.,0.,-0.));
#8248 = DIRECTION('',(0.,0.,1.));
#8249 = ADVANCED_FACE('',(#8250),#8262,.F.);
#8250 = FACE_BOUND('',#8251,.F.);
#8251 = EDGE_LOOP('',(#8252,#8253,#8254,#8255));
#8252 = ORIENTED_EDGE('',*,*,#8205,.T.);
#8253 = ORIENTED_EDGE('',*,*,#2527,.F.);
#8254 = ORIENTED_EDGE('',*,*,#8229,.F.);
#8255 = ORIENTED_EDGE('',*,*,#8256,.T.);
#8256 = EDGE_CURVE('',#8230,#8206,#8257,.T.);
#8257 = CIRCLE('',#8258,1.375);
#8258 = AXIS2_PLACEMENT_3D('',#8259,#8260,#8261);
#8259 = CARTESIAN_POINT('',(-12.7,22.86,-28.4));
#8260 = DIRECTION('',(0.,0.,1.));
#8261 = DIRECTION('',(1.,0.,-0.));
#8262 = CYLINDRICAL_SURFACE('',#8263,1.375);
#8263 = AXIS2_PLACEMENT_3D('',#8264,#8265,#8266);
#8264 = CARTESIAN_POINT('',(-12.7,22.86,-29.4));
#8265 = DIRECTION('',(0.,0.,1.));
#8266 = DIRECTION('',(1.,0.,-0.));
#8267 = ADVANCED_FACE('',(#8268),#8287,.F.);
#8268 = FACE_BOUND('',#8269,.F.);
#8269 = EDGE_LOOP('',(#8270,#8271,#8279,#8286));
#8270 = ORIENTED_EDGE('',*,*,#2544,.F.);
#8271 = ORIENTED_EDGE('',*,*,#8272,.F.);
#8272 = EDGE_CURVE('',#8273,#2545,#8275,.T.);
#8273 = VERTEX_POINT('',#8274);
#8274 = CARTESIAN_POINT('',(-6.245,22.86,-28.4));
#8275 = LINE('',#8276,#8277);
#8276 = CARTESIAN_POINT('',(-6.245,22.86,-29.4));
#8277 = VECTOR('',#8278,1.);
#8278 = DIRECTION('',(0.,0.,1.));
#8279 = ORIENTED_EDGE('',*,*,#8280,.T.);
#8280 = EDGE_CURVE('',#8273,#8273,#8281,.T.);
#8281 = CIRCLE('',#8282,1.375);
#8282 = AXIS2_PLACEMENT_3D('',#8283,#8284,#8285);
#8283 = CARTESIAN_POINT('',(-7.62,22.86,-28.4));
#8284 = DIRECTION('',(0.,0.,1.));
#8285 = DIRECTION('',(1.,0.,-0.));
#8286 = ORIENTED_EDGE('',*,*,#8272,.T.);
#8287 = CYLINDRICAL_SURFACE('',#8288,1.375);
#8288 = AXIS2_PLACEMENT_3D('',#8289,#8290,#8291);
#8289 = CARTESIAN_POINT('',(-7.62,22.86,-29.4));
#8290 = DIRECTION('',(0.,0.,1.));
#8291 = DIRECTION('',(1.,0.,-0.));
#8292 = ADVANCED_FACE('',(#8293),#8319,.F.);
#8293 = FACE_BOUND('',#8294,.F.);
#8294 = EDGE_LOOP('',(#8295,#8296,#8304,#8313));
#8295 = ORIENTED_EDGE('',*,*,#2555,.F.);
#8296 = ORIENTED_EDGE('',*,*,#8297,.F.);
#8297 = EDGE_CURVE('',#8298,#2556,#8300,.T.);
#8298 = VERTEX_POINT('',#8299);
#8299 = CARTESIAN_POINT('',(-7.62,29.315,-28.4));
#8300 = LINE('',#8301,#8302);
#8301 = CARTESIAN_POINT('',(-7.62,29.315,-29.4));
#8302 = VECTOR('',#8303,1.);
#8303 = DIRECTION('',(0.,0.,1.));
#8304 = ORIENTED_EDGE('',*,*,#8305,.T.);
#8305 = EDGE_CURVE('',#8298,#8306,#8308,.T.);
#8306 = VERTEX_POINT('',#8307);
#8307 = CARTESIAN_POINT('',(-7.62,26.565,-28.4));
#8308 = CIRCLE('',#8309,1.375);
#8309 = AXIS2_PLACEMENT_3D('',#8310,#8311,#8312);
#8310 = CARTESIAN_POINT('',(-7.62,27.94,-28.4));
#8311 = DIRECTION('',(0.,0.,1.));
#8312 = DIRECTION('',(1.,0.,-0.));
#8313 = ORIENTED_EDGE('',*,*,#8314,.T.);
#8314 = EDGE_CURVE('',#8306,#2558,#8315,.T.);
#8315 = LINE('',#8316,#8317);
#8316 = CARTESIAN_POINT('',(-7.62,26.565,-29.4));
#8317 = VECTOR('',#8318,1.);
#8318 = DIRECTION('',(0.,0.,1.));
#8319 = CYLINDRICAL_SURFACE('',#8320,1.375);
#8320 = AXIS2_PLACEMENT_3D('',#8321,#8322,#8323);
#8321 = CARTESIAN_POINT('',(-7.62,27.94,-29.4));
#8322 = DIRECTION('',(0.,0.,1.));
#8323 = DIRECTION('',(1.,0.,-0.));
#8324 = ADVANCED_FACE('',(#8325),#8343,.F.);
#8325 = FACE_BOUND('',#8326,.F.);
#8326 = EDGE_LOOP('',(#8327,#8335,#8336,#8337));
#8327 = ORIENTED_EDGE('',*,*,#8328,.T.);
#8328 = EDGE_CURVE('',#8329,#8298,#8331,.T.);
#8329 = VERTEX_POINT('',#8330);
#8330 = CARTESIAN_POINT('',(-2.54,29.315,-28.4));
#8331 = LINE('',#8332,#8333);
#8332 = CARTESIAN_POINT('',(-23.05,29.315,-28.4));
#8333 = VECTOR('',#8334,1.);
#8334 = DIRECTION('',(-1.,-0.,0.));
#8335 = ORIENTED_EDGE('',*,*,#8297,.T.);
#8336 = ORIENTED_EDGE('',*,*,#2566,.F.);
#8337 = ORIENTED_EDGE('',*,*,#8338,.F.);
#8338 = EDGE_CURVE('',#8329,#2567,#8339,.T.);
#8339 = LINE('',#8340,#8341);
#8340 = CARTESIAN_POINT('',(-2.54,29.315,-29.4));
#8341 = VECTOR('',#8342,1.);
#8342 = DIRECTION('',(0.,0.,1.));
#8343 = PLANE('',#8344);
#8344 = AXIS2_PLACEMENT_3D('',#8345,#8346,#8347);
#8345 = CARTESIAN_POINT('',(-7.62,29.315,-29.4));
#8346 = DIRECTION('',(-0.,1.,0.));
#8347 = DIRECTION('',(0.,0.,1.));
#8348 = ADVANCED_FACE('',(#8349),#8367,.T.);
#8349 = FACE_BOUND('',#8350,.T.);
#8350 = EDGE_LOOP('',(#8351,#8359,#8360,#8361));
#8351 = ORIENTED_EDGE('',*,*,#8352,.T.);
#8352 = EDGE_CURVE('',#8353,#8306,#8355,.T.);
#8353 = VERTEX_POINT('',#8354);
#8354 = CARTESIAN_POINT('',(-2.54,26.565,-28.4));
#8355 = LINE('',#8356,#8357);
#8356 = CARTESIAN_POINT('',(-23.05,26.565,-28.4));
#8357 = VECTOR('',#8358,1.);
#8358 = DIRECTION('',(-1.,-0.,0.));
#8359 = ORIENTED_EDGE('',*,*,#8314,.T.);
#8360 = ORIENTED_EDGE('',*,*,#2592,.F.);
#8361 = ORIENTED_EDGE('',*,*,#8362,.F.);
#8362 = EDGE_CURVE('',#8353,#2584,#8363,.T.);
#8363 = LINE('',#8364,#8365);
#8364 = CARTESIAN_POINT('',(-2.54,26.565,-29.4));
#8365 = VECTOR('',#8366,1.);
#8366 = DIRECTION('',(0.,0.,1.));
#8367 = PLANE('',#8368);
#8368 = AXIS2_PLACEMENT_3D('',#8369,#8370,#8371);
#8369 = CARTESIAN_POINT('',(-7.62,26.565,-29.4));
#8370 = DIRECTION('',(-0.,1.,0.));
#8371 = DIRECTION('',(0.,0.,1.));
#8372 = ADVANCED_FACE('',(#8373),#8399,.F.);
#8373 = FACE_BOUND('',#8374,.F.);
#8374 = EDGE_LOOP('',(#8375,#8376,#8384,#8393));
#8375 = ORIENTED_EDGE('',*,*,#2600,.F.);
#8376 = ORIENTED_EDGE('',*,*,#8377,.F.);
#8377 = EDGE_CURVE('',#8378,#2601,#8380,.T.);
#8378 = VERTEX_POINT('',#8379);
#8379 = CARTESIAN_POINT('',(2.54,3.915,-28.4));
#8380 = LINE('',#8381,#8382);
#8381 = CARTESIAN_POINT('',(2.54,3.915,-29.4));
#8382 = VECTOR('',#8383,1.);
#8383 = DIRECTION('',(0.,0.,1.));
#8384 = ORIENTED_EDGE('',*,*,#8385,.T.);
#8385 = EDGE_CURVE('',#8378,#8386,#8388,.T.);
#8386 = VERTEX_POINT('',#8387);
#8387 = CARTESIAN_POINT('',(2.54,1.165,-28.4));
#8388 = CIRCLE('',#8389,1.375);
#8389 = AXIS2_PLACEMENT_3D('',#8390,#8391,#8392);
#8390 = CARTESIAN_POINT('',(2.54,2.54,-28.4));
#8391 = DIRECTION('',(0.,0.,1.));
#8392 = DIRECTION('',(1.,0.,-0.));
#8393 = ORIENTED_EDGE('',*,*,#8394,.T.);
#8394 = EDGE_CURVE('',#8386,#2603,#8395,.T.);
#8395 = LINE('',#8396,#8397);
#8396 = CARTESIAN_POINT('',(2.54,1.165,-29.4));
#8397 = VECTOR('',#8398,1.);
#8398 = DIRECTION('',(0.,0.,1.));
#8399 = CYLINDRICAL_SURFACE('',#8400,1.375);
#8400 = AXIS2_PLACEMENT_3D('',#8401,#8402,#8403);
#8401 = CARTESIAN_POINT('',(2.54,2.54,-29.4));
#8402 = DIRECTION('',(0.,0.,1.));
#8403 = DIRECTION('',(1.,0.,-0.));
#8404 = ADVANCED_FACE('',(#8405),#8423,.F.);
#8405 = FACE_BOUND('',#8406,.F.);
#8406 = EDGE_LOOP('',(#8407,#8415,#8416,#8417));
#8407 = ORIENTED_EDGE('',*,*,#8408,.T.);
#8408 = EDGE_CURVE('',#8409,#8378,#8411,.T.);
#8409 = VERTEX_POINT('',#8410);
#8410 = CARTESIAN_POINT('',(7.62,3.915,-28.4));
#8411 = LINE('',#8412,#8413);
#8412 = CARTESIAN_POINT('',(-17.97,3.915,-28.4));
#8413 = VECTOR('',#8414,1.);
#8414 = DIRECTION('',(-1.,-0.,0.));
#8415 = ORIENTED_EDGE('',*,*,#8377,.T.);
#8416 = ORIENTED_EDGE('',*,*,#2611,.F.);
#8417 = ORIENTED_EDGE('',*,*,#8418,.F.);
#8418 = EDGE_CURVE('',#8409,#2612,#8419,.T.);
#8419 = LINE('',#8420,#8421);
#8420 = CARTESIAN_POINT('',(7.62,3.915,-29.4));
#8421 = VECTOR('',#8422,1.);
#8422 = DIRECTION('',(0.,0.,1.));
#8423 = PLANE('',#8424);
#8424 = AXIS2_PLACEMENT_3D('',#8425,#8426,#8427);
#8425 = CARTESIAN_POINT('',(2.54,3.915,-29.4));
#8426 = DIRECTION('',(-0.,1.,0.));
#8427 = DIRECTION('',(0.,0.,1.));
#8428 = ADVANCED_FACE('',(#8429),#8447,.T.);
#8429 = FACE_BOUND('',#8430,.T.);
#8430 = EDGE_LOOP('',(#8431,#8439,#8440,#8441));
#8431 = ORIENTED_EDGE('',*,*,#8432,.T.);
#8432 = EDGE_CURVE('',#8433,#8386,#8435,.T.);
#8433 = VERTEX_POINT('',#8434);
#8434 = CARTESIAN_POINT('',(7.62,1.165,-28.4));
#8435 = LINE('',#8436,#8437);
#8436 = CARTESIAN_POINT('',(-17.97,1.165,-28.4));
#8437 = VECTOR('',#8438,1.);
#8438 = DIRECTION('',(-1.,-0.,0.));
#8439 = ORIENTED_EDGE('',*,*,#8394,.T.);
#8440 = ORIENTED_EDGE('',*,*,#2637,.F.);
#8441 = ORIENTED_EDGE('',*,*,#8442,.F.);
#8442 = EDGE_CURVE('',#8433,#2629,#8443,.T.);
#8443 = LINE('',#8444,#8445);
#8444 = CARTESIAN_POINT('',(7.62,1.165,-29.4));
#8445 = VECTOR('',#8446,1.);
#8446 = DIRECTION('',(0.,0.,1.));
#8447 = PLANE('',#8448);
#8448 = AXIS2_PLACEMENT_3D('',#8449,#8450,#8451);
#8449 = CARTESIAN_POINT('',(2.54,1.165,-29.4));
#8450 = DIRECTION('',(-0.,1.,0.));
#8451 = DIRECTION('',(0.,0.,1.));
#8452 = ADVANCED_FACE('',(#8453),#8479,.F.);
#8453 = FACE_BOUND('',#8454,.F.);
#8454 = EDGE_LOOP('',(#8455,#8456,#8464,#8473));
#8455 = ORIENTED_EDGE('',*,*,#2645,.F.);
#8456 = ORIENTED_EDGE('',*,*,#8457,.F.);
#8457 = EDGE_CURVE('',#8458,#2646,#8460,.T.);
#8458 = VERTEX_POINT('',#8459);
#8459 = CARTESIAN_POINT('',(14.075,7.62,-28.4));
#8460 = LINE('',#8461,#8462);
#8461 = CARTESIAN_POINT('',(14.075,7.62,-29.4));
#8462 = VECTOR('',#8463,1.);
#8463 = DIRECTION('',(0.,0.,1.));
#8464 = ORIENTED_EDGE('',*,*,#8465,.T.);
#8465 = EDGE_CURVE('',#8458,#8466,#8468,.T.);
#8466 = VERTEX_POINT('',#8467);
#8467 = CARTESIAN_POINT('',(11.325,7.62,-28.4));
#8468 = CIRCLE('',#8469,1.375);
#8469 = AXIS2_PLACEMENT_3D('',#8470,#8471,#8472);
#8470 = CARTESIAN_POINT('',(12.7,7.62,-28.4));
#8471 = DIRECTION('',(0.,0.,1.));
#8472 = DIRECTION('',(1.,0.,-0.));
#8473 = ORIENTED_EDGE('',*,*,#8474,.T.);
#8474 = EDGE_CURVE('',#8466,#2648,#8475,.T.);
#8475 = LINE('',#8476,#8477);
#8476 = CARTESIAN_POINT('',(11.325,7.62,-29.4));
#8477 = VECTOR('',#8478,1.);
#8478 = DIRECTION('',(0.,0.,1.));
#8479 = CYLINDRICAL_SURFACE('',#8480,1.375);
#8480 = AXIS2_PLACEMENT_3D('',#8481,#8482,#8483);
#8481 = CARTESIAN_POINT('',(12.7,7.62,-29.4));
#8482 = DIRECTION('',(0.,0.,1.));
#8483 = DIRECTION('',(1.,0.,-0.));
#8484 = ADVANCED_FACE('',(#8485),#8503,.F.);
#8485 = FACE_BOUND('',#8486,.F.);
#8486 = EDGE_LOOP('',(#8487,#8495,#8501,#8502));
#8487 = ORIENTED_EDGE('',*,*,#8488,.F.);
#8488 = EDGE_CURVE('',#8489,#2657,#8491,.T.);
#8489 = VERTEX_POINT('',#8490);
#8490 = CARTESIAN_POINT('',(14.075,2.54,-28.4));
#8491 = LINE('',#8492,#8493);
#8492 = CARTESIAN_POINT('',(14.075,2.54,-29.4));
#8493 = VECTOR('',#8494,1.);
#8494 = DIRECTION('',(0.,0.,1.));
#8495 = ORIENTED_EDGE('',*,*,#8496,.T.);
#8496 = EDGE_CURVE('',#8489,#8458,#8497,.T.);
#8497 = LINE('',#8498,#8499);
#8498 = CARTESIAN_POINT('',(14.075,-17.97,-28.4));
#8499 = VECTOR('',#8500,1.);
#8500 = DIRECTION('',(-0.,1.,0.));
#8501 = ORIENTED_EDGE('',*,*,#8457,.T.);
#8502 = ORIENTED_EDGE('',*,*,#2656,.F.);
#8503 = PLANE('',#8504);
#8504 = AXIS2_PLACEMENT_3D('',#8505,#8506,#8507);
#8505 = CARTESIAN_POINT('',(14.075,2.54,-29.4));
#8506 = DIRECTION('',(1.,0.,-0.));
#8507 = DIRECTION('',(0.,0.,1.));
#8508 = ADVANCED_FACE('',(#8509),#8527,.T.);
#8509 = FACE_BOUND('',#8510,.T.);
#8510 = EDGE_LOOP('',(#8511,#8519,#8525,#8526));
#8511 = ORIENTED_EDGE('',*,*,#8512,.F.);
#8512 = EDGE_CURVE('',#8513,#2665,#8515,.T.);
#8513 = VERTEX_POINT('',#8514);
#8514 = CARTESIAN_POINT('',(11.325,2.54,-28.4));
#8515 = LINE('',#8516,#8517);
#8516 = CARTESIAN_POINT('',(11.325,2.54,-29.4));
#8517 = VECTOR('',#8518,1.);
#8518 = DIRECTION('',(0.,0.,1.));
#8519 = ORIENTED_EDGE('',*,*,#8520,.T.);
#8520 = EDGE_CURVE('',#8513,#8466,#8521,.T.);
#8521 = LINE('',#8522,#8523);
#8522 = CARTESIAN_POINT('',(11.325,-17.97,-28.4));
#8523 = VECTOR('',#8524,1.);
#8524 = DIRECTION('',(-0.,1.,0.));
#8525 = ORIENTED_EDGE('',*,*,#8474,.T.);
#8526 = ORIENTED_EDGE('',*,*,#2673,.F.);
#8527 = PLANE('',#8528);
#8528 = AXIS2_PLACEMENT_3D('',#8529,#8530,#8531);
#8529 = CARTESIAN_POINT('',(11.325,2.54,-29.4));
#8530 = DIRECTION('',(1.,0.,-0.));
#8531 = DIRECTION('',(0.,0.,1.));
#8532 = ADVANCED_FACE('',(#8533),#8545,.F.);
#8533 = FACE_BOUND('',#8534,.F.);
#8534 = EDGE_LOOP('',(#8535,#8536,#8537,#8538));
#8535 = ORIENTED_EDGE('',*,*,#8488,.T.);
#8536 = ORIENTED_EDGE('',*,*,#2664,.F.);
#8537 = ORIENTED_EDGE('',*,*,#8512,.F.);
#8538 = ORIENTED_EDGE('',*,*,#8539,.T.);
#8539 = EDGE_CURVE('',#8513,#8489,#8540,.T.);
#8540 = CIRCLE('',#8541,1.375);
#8541 = AXIS2_PLACEMENT_3D('',#8542,#8543,#8544);
#8542 = CARTESIAN_POINT('',(12.7,2.54,-28.4));
#8543 = DIRECTION('',(0.,0.,1.));
#8544 = DIRECTION('',(1.,0.,-0.));
#8545 = CYLINDRICAL_SURFACE('',#8546,1.375);
#8546 = AXIS2_PLACEMENT_3D('',#8547,#8548,#8549);
#8547 = CARTESIAN_POINT('',(12.7,2.54,-29.4));
#8548 = DIRECTION('',(0.,0.,1.));
#8549 = DIRECTION('',(1.,0.,-0.));
#8550 = ADVANCED_FACE('',(#8551),#8577,.F.);
#8551 = FACE_BOUND('',#8552,.F.);
#8552 = EDGE_LOOP('',(#8553,#8554,#8562,#8571));
#8553 = ORIENTED_EDGE('',*,*,#2681,.F.);
#8554 = ORIENTED_EDGE('',*,*,#8555,.F.);
#8555 = EDGE_CURVE('',#8556,#2682,#8558,.T.);
#8556 = VERTEX_POINT('',#8557);
#8557 = CARTESIAN_POINT('',(3.915,12.7,-28.4));
#8558 = LINE('',#8559,#8560);
#8559 = CARTESIAN_POINT('',(3.915,12.7,-29.4));
#8560 = VECTOR('',#8561,1.);
#8561 = DIRECTION('',(0.,0.,1.));
#8562 = ORIENTED_EDGE('',*,*,#8563,.T.);
#8563 = EDGE_CURVE('',#8556,#8564,#8566,.T.);
#8564 = VERTEX_POINT('',#8565);
#8565 = CARTESIAN_POINT('',(1.165,12.7,-28.4));
#8566 = CIRCLE('',#8567,1.375);
#8567 = AXIS2_PLACEMENT_3D('',#8568,#8569,#8570);
#8568 = CARTESIAN_POINT('',(2.54,12.7,-28.4));
#8569 = DIRECTION('',(0.,0.,1.));
#8570 = DIRECTION('',(1.,0.,-0.));
#8571 = ORIENTED_EDGE('',*,*,#8572,.T.);
#8572 = EDGE_CURVE('',#8564,#2684,#8573,.T.);
#8573 = LINE('',#8574,#8575);
#8574 = CARTESIAN_POINT('',(1.165,12.7,-29.4));
#8575 = VECTOR('',#8576,1.);
#8576 = DIRECTION('',(0.,0.,1.));
#8577 = CYLINDRICAL_SURFACE('',#8578,1.375);
#8578 = AXIS2_PLACEMENT_3D('',#8579,#8580,#8581);
#8579 = CARTESIAN_POINT('',(2.54,12.7,-29.4));
#8580 = DIRECTION('',(0.,0.,1.));
#8581 = DIRECTION('',(1.,0.,-0.));
#8582 = ADVANCED_FACE('',(#8583),#8601,.F.);
#8583 = FACE_BOUND('',#8584,.F.);
#8584 = EDGE_LOOP('',(#8585,#8593,#8599,#8600));
#8585 = ORIENTED_EDGE('',*,*,#8586,.F.);
#8586 = EDGE_CURVE('',#8587,#2693,#8589,.T.);
#8587 = VERTEX_POINT('',#8588);
#8588 = CARTESIAN_POINT('',(3.915,7.62,-28.4));
#8589 = LINE('',#8590,#8591);
#8590 = CARTESIAN_POINT('',(3.915,7.62,-29.4));
#8591 = VECTOR('',#8592,1.);
#8592 = DIRECTION('',(0.,0.,1.));
#8593 = ORIENTED_EDGE('',*,*,#8594,.T.);
#8594 = EDGE_CURVE('',#8587,#8556,#8595,.T.);
#8595 = LINE('',#8596,#8597);
#8596 = CARTESIAN_POINT('',(3.915,-15.43,-28.4));
#8597 = VECTOR('',#8598,1.);
#8598 = DIRECTION('',(-0.,1.,0.));
#8599 = ORIENTED_EDGE('',*,*,#8555,.T.);
#8600 = ORIENTED_EDGE('',*,*,#2692,.F.);
#8601 = PLANE('',#8602);
#8602 = AXIS2_PLACEMENT_3D('',#8603,#8604,#8605);
#8603 = CARTESIAN_POINT('',(3.915,7.62,-29.4));
#8604 = DIRECTION('',(1.,0.,-0.));
#8605 = DIRECTION('',(0.,0.,1.));
#8606 = ADVANCED_FACE('',(#8607),#8625,.T.);
#8607 = FACE_BOUND('',#8608,.T.);
#8608 = EDGE_LOOP('',(#8609,#8617,#8623,#8624));
#8609 = ORIENTED_EDGE('',*,*,#8610,.F.);
#8610 = EDGE_CURVE('',#8611,#2701,#8613,.T.);
#8611 = VERTEX_POINT('',#8612);
#8612 = CARTESIAN_POINT('',(1.165,7.62,-28.4));
#8613 = LINE('',#8614,#8615);
#8614 = CARTESIAN_POINT('',(1.165,7.62,-29.4));
#8615 = VECTOR('',#8616,1.);
#8616 = DIRECTION('',(0.,0.,1.));
#8617 = ORIENTED_EDGE('',*,*,#8618,.T.);
#8618 = EDGE_CURVE('',#8611,#8564,#8619,.T.);
#8619 = LINE('',#8620,#8621);
#8620 = CARTESIAN_POINT('',(1.165,-15.43,-28.4));
#8621 = VECTOR('',#8622,1.);
#8622 = DIRECTION('',(-0.,1.,0.));
#8623 = ORIENTED_EDGE('',*,*,#8572,.T.);
#8624 = ORIENTED_EDGE('',*,*,#2709,.F.);
#8625 = PLANE('',#8626);
#8626 = AXIS2_PLACEMENT_3D('',#8627,#8628,#8629);
#8627 = CARTESIAN_POINT('',(1.165,7.62,-29.4));
#8628 = DIRECTION('',(1.,0.,-0.));
#8629 = DIRECTION('',(0.,0.,1.));
#8630 = ADVANCED_FACE('',(#8631),#8643,.F.);
#8631 = FACE_BOUND('',#8632,.F.);
#8632 = EDGE_LOOP('',(#8633,#8634,#8635,#8636));
#8633 = ORIENTED_EDGE('',*,*,#8586,.T.);
#8634 = ORIENTED_EDGE('',*,*,#2700,.F.);
#8635 = ORIENTED_EDGE('',*,*,#8610,.F.);
#8636 = ORIENTED_EDGE('',*,*,#8637,.T.);
#8637 = EDGE_CURVE('',#8611,#8587,#8638,.T.);
#8638 = CIRCLE('',#8639,1.375);
#8639 = AXIS2_PLACEMENT_3D('',#8640,#8641,#8642);
#8640 = CARTESIAN_POINT('',(2.54,7.62,-28.4));
#8641 = DIRECTION('',(0.,0.,1.));
#8642 = DIRECTION('',(1.,0.,-0.));
#8643 = CYLINDRICAL_SURFACE('',#8644,1.375);
#8644 = AXIS2_PLACEMENT_3D('',#8645,#8646,#8647);
#8645 = CARTESIAN_POINT('',(2.54,7.62,-29.4));
#8646 = DIRECTION('',(0.,0.,1.));
#8647 = DIRECTION('',(1.,0.,-0.));
#8648 = ADVANCED_FACE('',(#8649),#8668,.F.);
#8649 = FACE_BOUND('',#8650,.F.);
#8650 = EDGE_LOOP('',(#8651,#8652,#8660,#8667));
#8651 = ORIENTED_EDGE('',*,*,#2717,.F.);
#8652 = ORIENTED_EDGE('',*,*,#8653,.F.);
#8653 = EDGE_CURVE('',#8654,#2718,#8656,.T.);
#8654 = VERTEX_POINT('',#8655);
#8655 = CARTESIAN_POINT('',(8.995,7.62,-28.4));
#8656 = LINE('',#8657,#8658);
#8657 = CARTESIAN_POINT('',(8.995,7.62,-29.4));
#8658 = VECTOR('',#8659,1.);
#8659 = DIRECTION('',(0.,0.,1.));
#8660 = ORIENTED_EDGE('',*,*,#8661,.T.);
#8661 = EDGE_CURVE('',#8654,#8654,#8662,.T.);
#8662 = CIRCLE('',#8663,1.375);
#8663 = AXIS2_PLACEMENT_3D('',#8664,#8665,#8666);
#8664 = CARTESIAN_POINT('',(7.62,7.62,-28.4));
#8665 = DIRECTION('',(0.,0.,1.));
#8666 = DIRECTION('',(1.,0.,-0.));
#8667 = ORIENTED_EDGE('',*,*,#8653,.T.);
#8668 = CYLINDRICAL_SURFACE('',#8669,1.375);
#8669 = AXIS2_PLACEMENT_3D('',#8670,#8671,#8672);
#8670 = CARTESIAN_POINT('',(7.62,7.62,-29.4));
#8671 = DIRECTION('',(0.,0.,1.));
#8672 = DIRECTION('',(1.,0.,-0.));
#8673 = ADVANCED_FACE('',(#8674),#8700,.F.);
#8674 = FACE_BOUND('',#8675,.F.);
#8675 = EDGE_LOOP('',(#8676,#8677,#8685,#8694));
#8676 = ORIENTED_EDGE('',*,*,#2728,.F.);
#8677 = ORIENTED_EDGE('',*,*,#8678,.F.);
#8678 = EDGE_CURVE('',#8679,#2729,#8681,.T.);
#8679 = VERTEX_POINT('',#8680);
#8680 = CARTESIAN_POINT('',(7.62,14.075,-28.4));
#8681 = LINE('',#8682,#8683);
#8682 = CARTESIAN_POINT('',(7.62,14.075,-29.4));
#8683 = VECTOR('',#8684,1.);
#8684 = DIRECTION('',(0.,0.,1.));
#8685 = ORIENTED_EDGE('',*,*,#8686,.T.);
#8686 = EDGE_CURVE('',#8679,#8687,#8689,.T.);
#8687 = VERTEX_POINT('',#8688);
#8688 = CARTESIAN_POINT('',(7.62,11.325,-28.4));
#8689 = CIRCLE('',#8690,1.375);
#8690 = AXIS2_PLACEMENT_3D('',#8691,#8692,#8693);
#8691 = CARTESIAN_POINT('',(7.62,12.7,-28.4));
#8692 = DIRECTION('',(0.,0.,1.));
#8693 = DIRECTION('',(1.,0.,-0.));
#8694 = ORIENTED_EDGE('',*,*,#8695,.T.);
#8695 = EDGE_CURVE('',#8687,#2731,#8696,.T.);
#8696 = LINE('',#8697,#8698);
#8697 = CARTESIAN_POINT('',(7.62,11.325,-29.4));
#8698 = VECTOR('',#8699,1.);
#8699 = DIRECTION('',(0.,0.,1.));
#8700 = CYLINDRICAL_SURFACE('',#8701,1.375);
#8701 = AXIS2_PLACEMENT_3D('',#8702,#8703,#8704);
#8702 = CARTESIAN_POINT('',(7.62,12.7,-29.4));
#8703 = DIRECTION('',(0.,0.,1.));
#8704 = DIRECTION('',(1.,0.,-0.));
#8705 = ADVANCED_FACE('',(#8706),#8724,.F.);
#8706 = FACE_BOUND('',#8707,.F.);
#8707 = EDGE_LOOP('',(#8708,#8716,#8717,#8718));
#8708 = ORIENTED_EDGE('',*,*,#8709,.T.);
#8709 = EDGE_CURVE('',#8710,#8679,#8712,.T.);
#8710 = VERTEX_POINT('',#8711);
#8711 = CARTESIAN_POINT('',(12.7,14.075,-28.4));
#8712 = LINE('',#8713,#8714);
#8713 = CARTESIAN_POINT('',(-15.43,14.075,-28.4));
#8714 = VECTOR('',#8715,1.);
#8715 = DIRECTION('',(-1.,-0.,0.));
#8716 = ORIENTED_EDGE('',*,*,#8678,.T.);
#8717 = ORIENTED_EDGE('',*,*,#2739,.F.);
#8718 = ORIENTED_EDGE('',*,*,#8719,.F.);
#8719 = EDGE_CURVE('',#8710,#2740,#8720,.T.);
#8720 = LINE('',#8721,#8722);
#8721 = CARTESIAN_POINT('',(12.7,14.075,-29.4));
#8722 = VECTOR('',#8723,1.);
#8723 = DIRECTION('',(0.,0.,1.));
#8724 = PLANE('',#8725);
#8725 = AXIS2_PLACEMENT_3D('',#8726,#8727,#8728);
#8726 = CARTESIAN_POINT('',(7.62,14.075,-29.4));
#8727 = DIRECTION('',(-0.,1.,0.));
#8728 = DIRECTION('',(0.,0.,1.));
#8729 = ADVANCED_FACE('',(#8730),#8748,.T.);
#8730 = FACE_BOUND('',#8731,.T.);
#8731 = EDGE_LOOP('',(#8732,#8740,#8741,#8742));
#8732 = ORIENTED_EDGE('',*,*,#8733,.T.);
#8733 = EDGE_CURVE('',#8734,#8687,#8736,.T.);
#8734 = VERTEX_POINT('',#8735);
#8735 = CARTESIAN_POINT('',(12.7,11.325,-28.4));
#8736 = LINE('',#8737,#8738);
#8737 = CARTESIAN_POINT('',(-15.43,11.325,-28.4));
#8738 = VECTOR('',#8739,1.);
#8739 = DIRECTION('',(-1.,-0.,0.));
#8740 = ORIENTED_EDGE('',*,*,#8695,.T.);
#8741 = ORIENTED_EDGE('',*,*,#2765,.F.);
#8742 = ORIENTED_EDGE('',*,*,#8743,.F.);
#8743 = EDGE_CURVE('',#8734,#2757,#8744,.T.);
#8744 = LINE('',#8745,#8746);
#8745 = CARTESIAN_POINT('',(12.7,11.325,-29.4));
#8746 = VECTOR('',#8747,1.);
#8747 = DIRECTION('',(0.,0.,1.));
#8748 = PLANE('',#8749);
#8749 = AXIS2_PLACEMENT_3D('',#8750,#8751,#8752);
#8750 = CARTESIAN_POINT('',(7.62,11.325,-29.4));
#8751 = DIRECTION('',(-0.,1.,0.));
#8752 = DIRECTION('',(0.,0.,1.));
#8753 = ADVANCED_FACE('',(#8754),#8780,.F.);
#8754 = FACE_BOUND('',#8755,.F.);
#8755 = EDGE_LOOP('',(#8756,#8757,#8765,#8774));
#8756 = ORIENTED_EDGE('',*,*,#2773,.F.);
#8757 = ORIENTED_EDGE('',*,*,#8758,.F.);
#8758 = EDGE_CURVE('',#8759,#2774,#8761,.T.);
#8759 = VERTEX_POINT('',#8760);
#8760 = CARTESIAN_POINT('',(17.78,3.915,-28.4));
#8761 = LINE('',#8762,#8763);
#8762 = CARTESIAN_POINT('',(17.78,3.915,-29.4));
#8763 = VECTOR('',#8764,1.);
#8764 = DIRECTION('',(0.,0.,1.));
#8765 = ORIENTED_EDGE('',*,*,#8766,.T.);
#8766 = EDGE_CURVE('',#8759,#8767,#8769,.T.);
#8767 = VERTEX_POINT('',#8768);
#8768 = CARTESIAN_POINT('',(17.78,1.165,-28.4));
#8769 = CIRCLE('',#8770,1.375);
#8770 = AXIS2_PLACEMENT_3D('',#8771,#8772,#8773);
#8771 = CARTESIAN_POINT('',(17.78,2.54,-28.4));
#8772 = DIRECTION('',(0.,0.,1.));
#8773 = DIRECTION('',(1.,0.,-0.));
#8774 = ORIENTED_EDGE('',*,*,#8775,.T.);
#8775 = EDGE_CURVE('',#8767,#2776,#8776,.T.);
#8776 = LINE('',#8777,#8778);
#8777 = CARTESIAN_POINT('',(17.78,1.165,-29.4));
#8778 = VECTOR('',#8779,1.);
#8779 = DIRECTION('',(0.,0.,1.));
#8780 = CYLINDRICAL_SURFACE('',#8781,1.375);
#8781 = AXIS2_PLACEMENT_3D('',#8782,#8783,#8784);
#8782 = CARTESIAN_POINT('',(17.78,2.54,-29.4));
#8783 = DIRECTION('',(0.,0.,1.));
#8784 = DIRECTION('',(1.,0.,-0.));
#8785 = ADVANCED_FACE('',(#8786),#8804,.F.);
#8786 = FACE_BOUND('',#8787,.F.);
#8787 = EDGE_LOOP('',(#8788,#8796,#8797,#8798));
#8788 = ORIENTED_EDGE('',*,*,#8789,.T.);
#8789 = EDGE_CURVE('',#8790,#8759,#8792,.T.);
#8790 = VERTEX_POINT('',#8791);
#8791 = CARTESIAN_POINT('',(22.86,3.915,-28.4));
#8792 = LINE('',#8793,#8794);
#8793 = CARTESIAN_POINT('',(-10.35,3.915,-28.4));
#8794 = VECTOR('',#8795,1.);
#8795 = DIRECTION('',(-1.,-0.,0.));
#8796 = ORIENTED_EDGE('',*,*,#8758,.T.);
#8797 = ORIENTED_EDGE('',*,*,#2784,.F.);
#8798 = ORIENTED_EDGE('',*,*,#8799,.F.);
#8799 = EDGE_CURVE('',#8790,#2785,#8800,.T.);
#8800 = LINE('',#8801,#8802);
#8801 = CARTESIAN_POINT('',(22.86,3.915,-29.4));
#8802 = VECTOR('',#8803,1.);
#8803 = DIRECTION('',(0.,0.,1.));
#8804 = PLANE('',#8805);
#8805 = AXIS2_PLACEMENT_3D('',#8806,#8807,#8808);
#8806 = CARTESIAN_POINT('',(17.78,3.915,-29.4));
#8807 = DIRECTION('',(-0.,1.,0.));
#8808 = DIRECTION('',(0.,0.,1.));
#8809 = ADVANCED_FACE('',(#8810),#8828,.T.);
#8810 = FACE_BOUND('',#8811,.T.);
#8811 = EDGE_LOOP('',(#8812,#8820,#8821,#8822));
#8812 = ORIENTED_EDGE('',*,*,#8813,.T.);
#8813 = EDGE_CURVE('',#8814,#8767,#8816,.T.);
#8814 = VERTEX_POINT('',#8815);
#8815 = CARTESIAN_POINT('',(22.86,1.165,-28.4));
#8816 = LINE('',#8817,#8818);
#8817 = CARTESIAN_POINT('',(-10.35,1.165,-28.4));
#8818 = VECTOR('',#8819,1.);
#8819 = DIRECTION('',(-1.,-0.,0.));
#8820 = ORIENTED_EDGE('',*,*,#8775,.T.);
#8821 = ORIENTED_EDGE('',*,*,#2810,.F.);
#8822 = ORIENTED_EDGE('',*,*,#8823,.F.);
#8823 = EDGE_CURVE('',#8814,#2802,#8824,.T.);
#8824 = LINE('',#8825,#8826);
#8825 = CARTESIAN_POINT('',(22.86,1.165,-29.4));
#8826 = VECTOR('',#8827,1.);
#8827 = DIRECTION('',(0.,0.,1.));
#8828 = PLANE('',#8829);
#8829 = AXIS2_PLACEMENT_3D('',#8830,#8831,#8832);
#8830 = CARTESIAN_POINT('',(17.78,1.165,-29.4));
#8831 = DIRECTION('',(-0.,1.,0.));
#8832 = DIRECTION('',(0.,0.,1.));
#8833 = ADVANCED_FACE('',(#8834),#8860,.F.);
#8834 = FACE_BOUND('',#8835,.F.);
#8835 = EDGE_LOOP('',(#8836,#8837,#8845,#8854));
#8836 = ORIENTED_EDGE('',*,*,#2818,.F.);
#8837 = ORIENTED_EDGE('',*,*,#8838,.F.);
#8838 = EDGE_CURVE('',#8839,#2819,#8841,.T.);
#8839 = VERTEX_POINT('',#8840);
#8840 = CARTESIAN_POINT('',(29.315,7.62,-28.4));
#8841 = LINE('',#8842,#8843);
#8842 = CARTESIAN_POINT('',(29.315,7.62,-29.4));
#8843 = VECTOR('',#8844,1.);
#8844 = DIRECTION('',(0.,0.,1.));
#8845 = ORIENTED_EDGE('',*,*,#8846,.T.);
#8846 = EDGE_CURVE('',#8839,#8847,#8849,.T.);
#8847 = VERTEX_POINT('',#8848);
#8848 = CARTESIAN_POINT('',(26.565,7.62,-28.4));
#8849 = CIRCLE('',#8850,1.375);
#8850 = AXIS2_PLACEMENT_3D('',#8851,#8852,#8853);
#8851 = CARTESIAN_POINT('',(27.94,7.62,-28.4));
#8852 = DIRECTION('',(0.,0.,1.));
#8853 = DIRECTION('',(1.,0.,-0.));
#8854 = ORIENTED_EDGE('',*,*,#8855,.T.);
#8855 = EDGE_CURVE('',#8847,#2821,#8856,.T.);
#8856 = LINE('',#8857,#8858);
#8857 = CARTESIAN_POINT('',(26.565,7.62,-29.4));
#8858 = VECTOR('',#8859,1.);
#8859 = DIRECTION('',(0.,0.,1.));
#8860 = CYLINDRICAL_SURFACE('',#8861,1.375);
#8861 = AXIS2_PLACEMENT_3D('',#8862,#8863,#8864);
#8862 = CARTESIAN_POINT('',(27.94,7.62,-29.4));
#8863 = DIRECTION('',(0.,0.,1.));
#8864 = DIRECTION('',(1.,0.,-0.));
#8865 = ADVANCED_FACE('',(#8866),#8884,.F.);
#8866 = FACE_BOUND('',#8867,.F.);
#8867 = EDGE_LOOP('',(#8868,#8876,#8882,#8883));
#8868 = ORIENTED_EDGE('',*,*,#8869,.F.);
#8869 = EDGE_CURVE('',#8870,#2830,#8872,.T.);
#8870 = VERTEX_POINT('',#8871);
#8871 = CARTESIAN_POINT('',(29.315,2.54,-28.4));
#8872 = LINE('',#8873,#8874);
#8873 = CARTESIAN_POINT('',(29.315,2.54,-29.4));
#8874 = VECTOR('',#8875,1.);
#8875 = DIRECTION('',(0.,0.,1.));
#8876 = ORIENTED_EDGE('',*,*,#8877,.T.);
#8877 = EDGE_CURVE('',#8870,#8839,#8878,.T.);
#8878 = LINE('',#8879,#8880);
#8879 = CARTESIAN_POINT('',(29.315,-17.97,-28.4));
#8880 = VECTOR('',#8881,1.);
#8881 = DIRECTION('',(-0.,1.,0.));
#8882 = ORIENTED_EDGE('',*,*,#8838,.T.);
#8883 = ORIENTED_EDGE('',*,*,#2829,.F.);
#8884 = PLANE('',#8885);
#8885 = AXIS2_PLACEMENT_3D('',#8886,#8887,#8888);
#8886 = CARTESIAN_POINT('',(29.315,2.54,-29.4));
#8887 = DIRECTION('',(1.,0.,-0.));
#8888 = DIRECTION('',(0.,0.,1.));
#8889 = ADVANCED_FACE('',(#8890),#8908,.T.);
#8890 = FACE_BOUND('',#8891,.T.);
#8891 = EDGE_LOOP('',(#8892,#8900,#8906,#8907));
#8892 = ORIENTED_EDGE('',*,*,#8893,.F.);
#8893 = EDGE_CURVE('',#8894,#2838,#8896,.T.);
#8894 = VERTEX_POINT('',#8895);
#8895 = CARTESIAN_POINT('',(26.565,2.54,-28.4));
#8896 = LINE('',#8897,#8898);
#8897 = CARTESIAN_POINT('',(26.565,2.54,-29.4));
#8898 = VECTOR('',#8899,1.);
#8899 = DIRECTION('',(0.,0.,1.));
#8900 = ORIENTED_EDGE('',*,*,#8901,.T.);
#8901 = EDGE_CURVE('',#8894,#8847,#8902,.T.);
#8902 = LINE('',#8903,#8904);
#8903 = CARTESIAN_POINT('',(26.565,-17.97,-28.4));
#8904 = VECTOR('',#8905,1.);
#8905 = DIRECTION('',(-0.,1.,0.));
#8906 = ORIENTED_EDGE('',*,*,#8855,.T.);
#8907 = ORIENTED_EDGE('',*,*,#2846,.F.);
#8908 = PLANE('',#8909);
#8909 = AXIS2_PLACEMENT_3D('',#8910,#8911,#8912);
#8910 = CARTESIAN_POINT('',(26.565,2.54,-29.4));
#8911 = DIRECTION('',(1.,0.,-0.));
#8912 = DIRECTION('',(0.,0.,1.));
#8913 = ADVANCED_FACE('',(#8914),#8926,.F.);
#8914 = FACE_BOUND('',#8915,.F.);
#8915 = EDGE_LOOP('',(#8916,#8917,#8918,#8919));
#8916 = ORIENTED_EDGE('',*,*,#8869,.T.);
#8917 = ORIENTED_EDGE('',*,*,#2837,.F.);
#8918 = ORIENTED_EDGE('',*,*,#8893,.F.);
#8919 = ORIENTED_EDGE('',*,*,#8920,.T.);
#8920 = EDGE_CURVE('',#8894,#8870,#8921,.T.);
#8921 = CIRCLE('',#8922,1.375);
#8922 = AXIS2_PLACEMENT_3D('',#8923,#8924,#8925);
#8923 = CARTESIAN_POINT('',(27.94,2.54,-28.4));
#8924 = DIRECTION('',(0.,0.,1.));
#8925 = DIRECTION('',(1.,0.,-0.));
#8926 = CYLINDRICAL_SURFACE('',#8927,1.375);
#8927 = AXIS2_PLACEMENT_3D('',#8928,#8929,#8930);
#8928 = CARTESIAN_POINT('',(27.94,2.54,-29.4));
#8929 = DIRECTION('',(0.,0.,1.));
#8930 = DIRECTION('',(1.,0.,-0.));
#8931 = ADVANCED_FACE('',(#8932),#8958,.F.);
#8932 = FACE_BOUND('',#8933,.F.);
#8933 = EDGE_LOOP('',(#8934,#8935,#8943,#8952));
#8934 = ORIENTED_EDGE('',*,*,#2854,.F.);
#8935 = ORIENTED_EDGE('',*,*,#8936,.F.);
#8936 = EDGE_CURVE('',#8937,#2855,#8939,.T.);
#8937 = VERTEX_POINT('',#8938);
#8938 = CARTESIAN_POINT('',(19.155,12.7,-28.4));
#8939 = LINE('',#8940,#8941);
#8940 = CARTESIAN_POINT('',(19.155,12.7,-29.4));
#8941 = VECTOR('',#8942,1.);
#8942 = DIRECTION('',(0.,0.,1.));
#8943 = ORIENTED_EDGE('',*,*,#8944,.T.);
#8944 = EDGE_CURVE('',#8937,#8945,#8947,.T.);
#8945 = VERTEX_POINT('',#8946);
#8946 = CARTESIAN_POINT('',(16.405,12.7,-28.4));
#8947 = CIRCLE('',#8948,1.375);
#8948 = AXIS2_PLACEMENT_3D('',#8949,#8950,#8951);
#8949 = CARTESIAN_POINT('',(17.78,12.7,-28.4));
#8950 = DIRECTION('',(0.,0.,1.));
#8951 = DIRECTION('',(1.,0.,-0.));
#8952 = ORIENTED_EDGE('',*,*,#8953,.T.);
#8953 = EDGE_CURVE('',#8945,#2857,#8954,.T.);
#8954 = LINE('',#8955,#8956);
#8955 = CARTESIAN_POINT('',(16.405,12.7,-29.4));
#8956 = VECTOR('',#8957,1.);
#8957 = DIRECTION('',(0.,0.,1.));
#8958 = CYLINDRICAL_SURFACE('',#8959,1.375);
#8959 = AXIS2_PLACEMENT_3D('',#8960,#8961,#8962);
#8960 = CARTESIAN_POINT('',(17.78,12.7,-29.4));
#8961 = DIRECTION('',(0.,0.,1.));
#8962 = DIRECTION('',(1.,0.,-0.));
#8963 = ADVANCED_FACE('',(#8964),#8982,.F.);
#8964 = FACE_BOUND('',#8965,.F.);
#8965 = EDGE_LOOP('',(#8966,#8974,#8980,#8981));
#8966 = ORIENTED_EDGE('',*,*,#8967,.F.);
#8967 = EDGE_CURVE('',#8968,#2866,#8970,.T.);
#8968 = VERTEX_POINT('',#8969);
#8969 = CARTESIAN_POINT('',(19.155,7.62,-28.4));
#8970 = LINE('',#8971,#8972);
#8971 = CARTESIAN_POINT('',(19.155,7.62,-29.4));
#8972 = VECTOR('',#8973,1.);
#8973 = DIRECTION('',(0.,0.,1.));
#8974 = ORIENTED_EDGE('',*,*,#8975,.T.);
#8975 = EDGE_CURVE('',#8968,#8937,#8976,.T.);
#8976 = LINE('',#8977,#8978);
#8977 = CARTESIAN_POINT('',(19.155,-15.43,-28.4));
#8978 = VECTOR('',#8979,1.);
#8979 = DIRECTION('',(-0.,1.,0.));
#8980 = ORIENTED_EDGE('',*,*,#8936,.T.);
#8981 = ORIENTED_EDGE('',*,*,#2865,.F.);
#8982 = PLANE('',#8983);
#8983 = AXIS2_PLACEMENT_3D('',#8984,#8985,#8986);
#8984 = CARTESIAN_POINT('',(19.155,7.62,-29.4));
#8985 = DIRECTION('',(1.,0.,-0.));
#8986 = DIRECTION('',(0.,0.,1.));
#8987 = ADVANCED_FACE('',(#8988),#9006,.T.);
#8988 = FACE_BOUND('',#8989,.T.);
#8989 = EDGE_LOOP('',(#8990,#8998,#9004,#9005));
#8990 = ORIENTED_EDGE('',*,*,#8991,.F.);
#8991 = EDGE_CURVE('',#8992,#2874,#8994,.T.);
#8992 = VERTEX_POINT('',#8993);
#8993 = CARTESIAN_POINT('',(16.405,7.62,-28.4));
#8994 = LINE('',#8995,#8996);
#8995 = CARTESIAN_POINT('',(16.405,7.62,-29.4));
#8996 = VECTOR('',#8997,1.);
#8997 = DIRECTION('',(0.,0.,1.));
#8998 = ORIENTED_EDGE('',*,*,#8999,.T.);
#8999 = EDGE_CURVE('',#8992,#8945,#9000,.T.);
#9000 = LINE('',#9001,#9002);
#9001 = CARTESIAN_POINT('',(16.405,-15.43,-28.4));
#9002 = VECTOR('',#9003,1.);
#9003 = DIRECTION('',(-0.,1.,0.));
#9004 = ORIENTED_EDGE('',*,*,#8953,.T.);
#9005 = ORIENTED_EDGE('',*,*,#2882,.F.);
#9006 = PLANE('',#9007);
#9007 = AXIS2_PLACEMENT_3D('',#9008,#9009,#9010);
#9008 = CARTESIAN_POINT('',(16.405,7.62,-29.4));
#9009 = DIRECTION('',(1.,0.,-0.));
#9010 = DIRECTION('',(0.,0.,1.));
#9011 = ADVANCED_FACE('',(#9012),#9024,.F.);
#9012 = FACE_BOUND('',#9013,.F.);
#9013 = EDGE_LOOP('',(#9014,#9015,#9016,#9017));
#9014 = ORIENTED_EDGE('',*,*,#8967,.T.);
#9015 = ORIENTED_EDGE('',*,*,#2873,.F.);
#9016 = ORIENTED_EDGE('',*,*,#8991,.F.);
#9017 = ORIENTED_EDGE('',*,*,#9018,.T.);
#9018 = EDGE_CURVE('',#8992,#8968,#9019,.T.);
#9019 = CIRCLE('',#9020,1.375);
#9020 = AXIS2_PLACEMENT_3D('',#9021,#9022,#9023);
#9021 = CARTESIAN_POINT('',(17.78,7.62,-28.4));
#9022 = DIRECTION('',(0.,0.,1.));
#9023 = DIRECTION('',(1.,0.,-0.));
#9024 = CYLINDRICAL_SURFACE('',#9025,1.375);
#9025 = AXIS2_PLACEMENT_3D('',#9026,#9027,#9028);
#9026 = CARTESIAN_POINT('',(17.78,7.62,-29.4));
#9027 = DIRECTION('',(0.,0.,1.));
#9028 = DIRECTION('',(1.,0.,-0.));
#9029 = ADVANCED_FACE('',(#9030),#9049,.F.);
#9030 = FACE_BOUND('',#9031,.F.);
#9031 = EDGE_LOOP('',(#9032,#9033,#9041,#9048));
#9032 = ORIENTED_EDGE('',*,*,#2890,.F.);
#9033 = ORIENTED_EDGE('',*,*,#9034,.F.);
#9034 = EDGE_CURVE('',#9035,#2891,#9037,.T.);
#9035 = VERTEX_POINT('',#9036);
#9036 = CARTESIAN_POINT('',(24.235,7.62,-28.4));
#9037 = LINE('',#9038,#9039);
#9038 = CARTESIAN_POINT('',(24.235,7.62,-29.4));
#9039 = VECTOR('',#9040,1.);
#9040 = DIRECTION('',(0.,0.,1.));
#9041 = ORIENTED_EDGE('',*,*,#9042,.T.);
#9042 = EDGE_CURVE('',#9035,#9035,#9043,.T.);
#9043 = CIRCLE('',#9044,1.375);
#9044 = AXIS2_PLACEMENT_3D('',#9045,#9046,#9047);
#9045 = CARTESIAN_POINT('',(22.86,7.62,-28.4));
#9046 = DIRECTION('',(0.,0.,1.));
#9047 = DIRECTION('',(1.,0.,-0.));
#9048 = ORIENTED_EDGE('',*,*,#9034,.T.);
#9049 = CYLINDRICAL_SURFACE('',#9050,1.375);
#9050 = AXIS2_PLACEMENT_3D('',#9051,#9052,#9053);
#9051 = CARTESIAN_POINT('',(22.86,7.62,-29.4));
#9052 = DIRECTION('',(0.,0.,1.));
#9053 = DIRECTION('',(1.,0.,-0.));
#9054 = ADVANCED_FACE('',(#9055),#9081,.F.);
#9055 = FACE_BOUND('',#9056,.F.);
#9056 = EDGE_LOOP('',(#9057,#9058,#9066,#9075));
#9057 = ORIENTED_EDGE('',*,*,#2901,.F.);
#9058 = ORIENTED_EDGE('',*,*,#9059,.F.);
#9059 = EDGE_CURVE('',#9060,#2902,#9062,.T.);
#9060 = VERTEX_POINT('',#9061);
#9061 = CARTESIAN_POINT('',(22.86,14.075,-28.4));
#9062 = LINE('',#9063,#9064);
#9063 = CARTESIAN_POINT('',(22.86,14.075,-29.4));
#9064 = VECTOR('',#9065,1.);
#9065 = DIRECTION('',(0.,0.,1.));
#9066 = ORIENTED_EDGE('',*,*,#9067,.T.);
#9067 = EDGE_CURVE('',#9060,#9068,#9070,.T.);
#9068 = VERTEX_POINT('',#9069);
#9069 = CARTESIAN_POINT('',(22.86,11.325,-28.4));
#9070 = CIRCLE('',#9071,1.375);
#9071 = AXIS2_PLACEMENT_3D('',#9072,#9073,#9074);
#9072 = CARTESIAN_POINT('',(22.86,12.7,-28.4));
#9073 = DIRECTION('',(0.,0.,1.));
#9074 = DIRECTION('',(1.,0.,-0.));
#9075 = ORIENTED_EDGE('',*,*,#9076,.T.);
#9076 = EDGE_CURVE('',#9068,#2904,#9077,.T.);
#9077 = LINE('',#9078,#9079);
#9078 = CARTESIAN_POINT('',(22.86,11.325,-29.4));
#9079 = VECTOR('',#9080,1.);
#9080 = DIRECTION('',(0.,0.,1.));
#9081 = CYLINDRICAL_SURFACE('',#9082,1.375);
#9082 = AXIS2_PLACEMENT_3D('',#9083,#9084,#9085);
#9083 = CARTESIAN_POINT('',(22.86,12.7,-29.4));
#9084 = DIRECTION('',(0.,0.,1.));
#9085 = DIRECTION('',(1.,0.,-0.));
#9086 = ADVANCED_FACE('',(#9087),#9105,.F.);
#9087 = FACE_BOUND('',#9088,.F.);
#9088 = EDGE_LOOP('',(#9089,#9097,#9098,#9099));
#9089 = ORIENTED_EDGE('',*,*,#9090,.T.);
#9090 = EDGE_CURVE('',#9091,#9060,#9093,.T.);
#9091 = VERTEX_POINT('',#9092);
#9092 = CARTESIAN_POINT('',(27.94,14.075,-28.4));
#9093 = LINE('',#9094,#9095);
#9094 = CARTESIAN_POINT('',(-7.81,14.075,-28.4));
#9095 = VECTOR('',#9096,1.);
#9096 = DIRECTION('',(-1.,-0.,0.));
#9097 = ORIENTED_EDGE('',*,*,#9059,.T.);
#9098 = ORIENTED_EDGE('',*,*,#2912,.F.);
#9099 = ORIENTED_EDGE('',*,*,#9100,.F.);
#9100 = EDGE_CURVE('',#9091,#2913,#9101,.T.);
#9101 = LINE('',#9102,#9103);
#9102 = CARTESIAN_POINT('',(27.94,14.075,-29.4));
#9103 = VECTOR('',#9104,1.);
#9104 = DIRECTION('',(0.,0.,1.));
#9105 = PLANE('',#9106);
#9106 = AXIS2_PLACEMENT_3D('',#9107,#9108,#9109);
#9107 = CARTESIAN_POINT('',(22.86,14.075,-29.4));
#9108 = DIRECTION('',(-0.,1.,0.));
#9109 = DIRECTION('',(0.,0.,1.));
#9110 = ADVANCED_FACE('',(#9111),#9129,.T.);
#9111 = FACE_BOUND('',#9112,.T.);
#9112 = EDGE_LOOP('',(#9113,#9121,#9122,#9123));
#9113 = ORIENTED_EDGE('',*,*,#9114,.T.);
#9114 = EDGE_CURVE('',#9115,#9068,#9117,.T.);
#9115 = VERTEX_POINT('',#9116);
#9116 = CARTESIAN_POINT('',(27.94,11.325,-28.4));
#9117 = LINE('',#9118,#9119);
#9118 = CARTESIAN_POINT('',(-7.81,11.325,-28.4));
#9119 = VECTOR('',#9120,1.);
#9120 = DIRECTION('',(-1.,-0.,0.));
#9121 = ORIENTED_EDGE('',*,*,#9076,.T.);
#9122 = ORIENTED_EDGE('',*,*,#2938,.F.);
#9123 = ORIENTED_EDGE('',*,*,#9124,.F.);
#9124 = EDGE_CURVE('',#9115,#2930,#9125,.T.);
#9125 = LINE('',#9126,#9127);
#9126 = CARTESIAN_POINT('',(27.94,11.325,-29.4));
#9127 = VECTOR('',#9128,1.);
#9128 = DIRECTION('',(0.,0.,1.));
#9129 = PLANE('',#9130);
#9130 = AXIS2_PLACEMENT_3D('',#9131,#9132,#9133);
#9131 = CARTESIAN_POINT('',(22.86,11.325,-29.4));
#9132 = DIRECTION('',(-0.,1.,0.));
#9133 = DIRECTION('',(0.,0.,1.));
#9134 = ADVANCED_FACE('',(#9135),#9161,.F.);
#9135 = FACE_BOUND('',#9136,.F.);
#9136 = EDGE_LOOP('',(#9137,#9138,#9146,#9155));
#9137 = ORIENTED_EDGE('',*,*,#2946,.F.);
#9138 = ORIENTED_EDGE('',*,*,#9139,.F.);
#9139 = EDGE_CURVE('',#9140,#2947,#9142,.T.);
#9140 = VERTEX_POINT('',#9141);
#9141 = CARTESIAN_POINT('',(2.54,19.155,-28.4));
#9142 = LINE('',#9143,#9144);
#9143 = CARTESIAN_POINT('',(2.54,19.155,-29.4));
#9144 = VECTOR('',#9145,1.);
#9145 = DIRECTION('',(0.,0.,1.));
#9146 = ORIENTED_EDGE('',*,*,#9147,.T.);
#9147 = EDGE_CURVE('',#9140,#9148,#9150,.T.);
#9148 = VERTEX_POINT('',#9149);
#9149 = CARTESIAN_POINT('',(2.54,16.405,-28.4));
#9150 = CIRCLE('',#9151,1.375);
#9151 = AXIS2_PLACEMENT_3D('',#9152,#9153,#9154);
#9152 = CARTESIAN_POINT('',(2.54,17.78,-28.4));
#9153 = DIRECTION('',(0.,0.,1.));
#9154 = DIRECTION('',(1.,0.,-0.));
#9155 = ORIENTED_EDGE('',*,*,#9156,.T.);
#9156 = EDGE_CURVE('',#9148,#2949,#9157,.T.);
#9157 = LINE('',#9158,#9159);
#9158 = CARTESIAN_POINT('',(2.54,16.405,-29.4));
#9159 = VECTOR('',#9160,1.);
#9160 = DIRECTION('',(0.,0.,1.));
#9161 = CYLINDRICAL_SURFACE('',#9162,1.375);
#9162 = AXIS2_PLACEMENT_3D('',#9163,#9164,#9165);
#9163 = CARTESIAN_POINT('',(2.54,17.78,-29.4));
#9164 = DIRECTION('',(0.,0.,1.));
#9165 = DIRECTION('',(1.,0.,-0.));
#9166 = ADVANCED_FACE('',(#9167),#9185,.F.);
#9167 = FACE_BOUND('',#9168,.F.);
#9168 = EDGE_LOOP('',(#9169,#9177,#9178,#9179));
#9169 = ORIENTED_EDGE('',*,*,#9170,.T.);
#9170 = EDGE_CURVE('',#9171,#9140,#9173,.T.);
#9171 = VERTEX_POINT('',#9172);
#9172 = CARTESIAN_POINT('',(7.62,19.155,-28.4));
#9173 = LINE('',#9174,#9175);
#9174 = CARTESIAN_POINT('',(-17.97,19.155,-28.4));
#9175 = VECTOR('',#9176,1.);
#9176 = DIRECTION('',(-1.,-0.,0.));
#9177 = ORIENTED_EDGE('',*,*,#9139,.T.);
#9178 = ORIENTED_EDGE('',*,*,#2957,.F.);
#9179 = ORIENTED_EDGE('',*,*,#9180,.F.);
#9180 = EDGE_CURVE('',#9171,#2958,#9181,.T.);
#9181 = LINE('',#9182,#9183);
#9182 = CARTESIAN_POINT('',(7.62,19.155,-29.4));
#9183 = VECTOR('',#9184,1.);
#9184 = DIRECTION('',(0.,0.,1.));
#9185 = PLANE('',#9186);
#9186 = AXIS2_PLACEMENT_3D('',#9187,#9188,#9189);
#9187 = CARTESIAN_POINT('',(2.54,19.155,-29.4));
#9188 = DIRECTION('',(-0.,1.,0.));
#9189 = DIRECTION('',(0.,0.,1.));
#9190 = ADVANCED_FACE('',(#9191),#9209,.T.);
#9191 = FACE_BOUND('',#9192,.T.);
#9192 = EDGE_LOOP('',(#9193,#9201,#9202,#9203));
#9193 = ORIENTED_EDGE('',*,*,#9194,.T.);
#9194 = EDGE_CURVE('',#9195,#9148,#9197,.T.);
#9195 = VERTEX_POINT('',#9196);
#9196 = CARTESIAN_POINT('',(7.62,16.405,-28.4));
#9197 = LINE('',#9198,#9199);
#9198 = CARTESIAN_POINT('',(-17.97,16.405,-28.4));
#9199 = VECTOR('',#9200,1.);
#9200 = DIRECTION('',(-1.,-0.,0.));
#9201 = ORIENTED_EDGE('',*,*,#9156,.T.);
#9202 = ORIENTED_EDGE('',*,*,#2983,.F.);
#9203 = ORIENTED_EDGE('',*,*,#9204,.F.);
#9204 = EDGE_CURVE('',#9195,#2975,#9205,.T.);
#9205 = LINE('',#9206,#9207);
#9206 = CARTESIAN_POINT('',(7.62,16.405,-29.4));
#9207 = VECTOR('',#9208,1.);
#9208 = DIRECTION('',(0.,0.,1.));
#9209 = PLANE('',#9210);
#9210 = AXIS2_PLACEMENT_3D('',#9211,#9212,#9213);
#9211 = CARTESIAN_POINT('',(2.54,16.405,-29.4));
#9212 = DIRECTION('',(-0.,1.,0.));
#9213 = DIRECTION('',(0.,0.,1.));
#9214 = ADVANCED_FACE('',(#9215),#9241,.F.);
#9215 = FACE_BOUND('',#9216,.F.);
#9216 = EDGE_LOOP('',(#9217,#9218,#9226,#9235));
#9217 = ORIENTED_EDGE('',*,*,#2991,.F.);
#9218 = ORIENTED_EDGE('',*,*,#9219,.F.);
#9219 = EDGE_CURVE('',#9220,#2992,#9222,.T.);
#9220 = VERTEX_POINT('',#9221);
#9221 = CARTESIAN_POINT('',(14.075,22.86,-28.4));
#9222 = LINE('',#9223,#9224);
#9223 = CARTESIAN_POINT('',(14.075,22.86,-29.4));
#9224 = VECTOR('',#9225,1.);
#9225 = DIRECTION('',(0.,0.,1.));
#9226 = ORIENTED_EDGE('',*,*,#9227,.T.);
#9227 = EDGE_CURVE('',#9220,#9228,#9230,.T.);
#9228 = VERTEX_POINT('',#9229);
#9229 = CARTESIAN_POINT('',(11.325,22.86,-28.4));
#9230 = CIRCLE('',#9231,1.375);
#9231 = AXIS2_PLACEMENT_3D('',#9232,#9233,#9234);
#9232 = CARTESIAN_POINT('',(12.7,22.86,-28.4));
#9233 = DIRECTION('',(0.,0.,1.));
#9234 = DIRECTION('',(1.,0.,-0.));
#9235 = ORIENTED_EDGE('',*,*,#9236,.T.);
#9236 = EDGE_CURVE('',#9228,#2994,#9237,.T.);
#9237 = LINE('',#9238,#9239);
#9238 = CARTESIAN_POINT('',(11.325,22.86,-29.4));
#9239 = VECTOR('',#9240,1.);
#9240 = DIRECTION('',(0.,0.,1.));
#9241 = CYLINDRICAL_SURFACE('',#9242,1.375);
#9242 = AXIS2_PLACEMENT_3D('',#9243,#9244,#9245);
#9243 = CARTESIAN_POINT('',(12.7,22.86,-29.4));
#9244 = DIRECTION('',(0.,0.,1.));
#9245 = DIRECTION('',(1.,0.,-0.));
#9246 = ADVANCED_FACE('',(#9247),#9265,.F.);
#9247 = FACE_BOUND('',#9248,.F.);
#9248 = EDGE_LOOP('',(#9249,#9257,#9263,#9264));
#9249 = ORIENTED_EDGE('',*,*,#9250,.F.);
#9250 = EDGE_CURVE('',#9251,#3003,#9253,.T.);
#9251 = VERTEX_POINT('',#9252);
#9252 = CARTESIAN_POINT('',(14.075,17.78,-28.4));
#9253 = LINE('',#9254,#9255);
#9254 = CARTESIAN_POINT('',(14.075,17.78,-29.4));
#9255 = VECTOR('',#9256,1.);
#9256 = DIRECTION('',(0.,0.,1.));
#9257 = ORIENTED_EDGE('',*,*,#9258,.T.);
#9258 = EDGE_CURVE('',#9251,#9220,#9259,.T.);
#9259 = LINE('',#9260,#9261);
#9260 = CARTESIAN_POINT('',(14.075,-10.35,-28.4));
#9261 = VECTOR('',#9262,1.);
#9262 = DIRECTION('',(-0.,1.,0.));
#9263 = ORIENTED_EDGE('',*,*,#9219,.T.);
#9264 = ORIENTED_EDGE('',*,*,#3002,.F.);
#9265 = PLANE('',#9266);
#9266 = AXIS2_PLACEMENT_3D('',#9267,#9268,#9269);
#9267 = CARTESIAN_POINT('',(14.075,17.78,-29.4));
#9268 = DIRECTION('',(1.,0.,-0.));
#9269 = DIRECTION('',(0.,0.,1.));
#9270 = ADVANCED_FACE('',(#9271),#9289,.T.);
#9271 = FACE_BOUND('',#9272,.T.);
#9272 = EDGE_LOOP('',(#9273,#9281,#9287,#9288));
#9273 = ORIENTED_EDGE('',*,*,#9274,.F.);
#9274 = EDGE_CURVE('',#9275,#3011,#9277,.T.);
#9275 = VERTEX_POINT('',#9276);
#9276 = CARTESIAN_POINT('',(11.325,17.78,-28.4));
#9277 = LINE('',#9278,#9279);
#9278 = CARTESIAN_POINT('',(11.325,17.78,-29.4));
#9279 = VECTOR('',#9280,1.);
#9280 = DIRECTION('',(0.,0.,1.));
#9281 = ORIENTED_EDGE('',*,*,#9282,.T.);
#9282 = EDGE_CURVE('',#9275,#9228,#9283,.T.);
#9283 = LINE('',#9284,#9285);
#9284 = CARTESIAN_POINT('',(11.325,-10.35,-28.4));
#9285 = VECTOR('',#9286,1.);
#9286 = DIRECTION('',(-0.,1.,0.));
#9287 = ORIENTED_EDGE('',*,*,#9236,.T.);
#9288 = ORIENTED_EDGE('',*,*,#3019,.F.);
#9289 = PLANE('',#9290);
#9290 = AXIS2_PLACEMENT_3D('',#9291,#9292,#9293);
#9291 = CARTESIAN_POINT('',(11.325,17.78,-29.4));
#9292 = DIRECTION('',(1.,0.,-0.));
#9293 = DIRECTION('',(0.,0.,1.));
#9294 = ADVANCED_FACE('',(#9295),#9307,.F.);
#9295 = FACE_BOUND('',#9296,.F.);
#9296 = EDGE_LOOP('',(#9297,#9298,#9299,#9300));
#9297 = ORIENTED_EDGE('',*,*,#9250,.T.);
#9298 = ORIENTED_EDGE('',*,*,#3010,.F.);
#9299 = ORIENTED_EDGE('',*,*,#9274,.F.);
#9300 = ORIENTED_EDGE('',*,*,#9301,.T.);
#9301 = EDGE_CURVE('',#9275,#9251,#9302,.T.);
#9302 = CIRCLE('',#9303,1.375);
#9303 = AXIS2_PLACEMENT_3D('',#9304,#9305,#9306);
#9304 = CARTESIAN_POINT('',(12.7,17.78,-28.4));
#9305 = DIRECTION('',(0.,0.,1.));
#9306 = DIRECTION('',(1.,0.,-0.));
#9307 = CYLINDRICAL_SURFACE('',#9308,1.375);
#9308 = AXIS2_PLACEMENT_3D('',#9309,#9310,#9311);
#9309 = CARTESIAN_POINT('',(12.7,17.78,-29.4));
#9310 = DIRECTION('',(0.,0.,1.));
#9311 = DIRECTION('',(1.,0.,-0.));
#9312 = ADVANCED_FACE('',(#9313),#9339,.F.);
#9313 = FACE_BOUND('',#9314,.F.);
#9314 = EDGE_LOOP('',(#9315,#9316,#9324,#9333));
#9315 = ORIENTED_EDGE('',*,*,#3027,.F.);
#9316 = ORIENTED_EDGE('',*,*,#9317,.F.);
#9317 = EDGE_CURVE('',#9318,#3028,#9320,.T.);
#9318 = VERTEX_POINT('',#9319);
#9319 = CARTESIAN_POINT('',(3.915,27.94,-28.4));
#9320 = LINE('',#9321,#9322);
#9321 = CARTESIAN_POINT('',(3.915,27.94,-29.4));
#9322 = VECTOR('',#9323,1.);
#9323 = DIRECTION('',(0.,0.,1.));
#9324 = ORIENTED_EDGE('',*,*,#9325,.T.);
#9325 = EDGE_CURVE('',#9318,#9326,#9328,.T.);
#9326 = VERTEX_POINT('',#9327);
#9327 = CARTESIAN_POINT('',(1.165,27.94,-28.4));
#9328 = CIRCLE('',#9329,1.375);
#9329 = AXIS2_PLACEMENT_3D('',#9330,#9331,#9332);
#9330 = CARTESIAN_POINT('',(2.54,27.94,-28.4));
#9331 = DIRECTION('',(0.,0.,1.));
#9332 = DIRECTION('',(1.,0.,-0.));
#9333 = ORIENTED_EDGE('',*,*,#9334,.T.);
#9334 = EDGE_CURVE('',#9326,#3030,#9335,.T.);
#9335 = LINE('',#9336,#9337);
#9336 = CARTESIAN_POINT('',(1.165,27.94,-29.4));
#9337 = VECTOR('',#9338,1.);
#9338 = DIRECTION('',(0.,0.,1.));
#9339 = CYLINDRICAL_SURFACE('',#9340,1.375);
#9340 = AXIS2_PLACEMENT_3D('',#9341,#9342,#9343);
#9341 = CARTESIAN_POINT('',(2.54,27.94,-29.4));
#9342 = DIRECTION('',(0.,0.,1.));
#9343 = DIRECTION('',(1.,0.,-0.));
#9344 = ADVANCED_FACE('',(#9345),#9363,.F.);
#9345 = FACE_BOUND('',#9346,.F.);
#9346 = EDGE_LOOP('',(#9347,#9355,#9361,#9362));
#9347 = ORIENTED_EDGE('',*,*,#9348,.F.);
#9348 = EDGE_CURVE('',#9349,#3039,#9351,.T.);
#9349 = VERTEX_POINT('',#9350);
#9350 = CARTESIAN_POINT('',(3.915,22.86,-28.4));
#9351 = LINE('',#9352,#9353);
#9352 = CARTESIAN_POINT('',(3.915,22.86,-29.4));
#9353 = VECTOR('',#9354,1.);
#9354 = DIRECTION('',(0.,0.,1.));
#9355 = ORIENTED_EDGE('',*,*,#9356,.T.);
#9356 = EDGE_CURVE('',#9349,#9318,#9357,.T.);
#9357 = LINE('',#9358,#9359);
#9358 = CARTESIAN_POINT('',(3.915,-7.81,-28.4));
#9359 = VECTOR('',#9360,1.);
#9360 = DIRECTION('',(-0.,1.,0.));
#9361 = ORIENTED_EDGE('',*,*,#9317,.T.);
#9362 = ORIENTED_EDGE('',*,*,#3038,.F.);
#9363 = PLANE('',#9364);
#9364 = AXIS2_PLACEMENT_3D('',#9365,#9366,#9367);
#9365 = CARTESIAN_POINT('',(3.915,22.86,-29.4));
#9366 = DIRECTION('',(1.,0.,-0.));
#9367 = DIRECTION('',(0.,0.,1.));
#9368 = ADVANCED_FACE('',(#9369),#9387,.T.);
#9369 = FACE_BOUND('',#9370,.T.);
#9370 = EDGE_LOOP('',(#9371,#9379,#9385,#9386));
#9371 = ORIENTED_EDGE('',*,*,#9372,.F.);
#9372 = EDGE_CURVE('',#9373,#3047,#9375,.T.);
#9373 = VERTEX_POINT('',#9374);
#9374 = CARTESIAN_POINT('',(1.165,22.86,-28.4));
#9375 = LINE('',#9376,#9377);
#9376 = CARTESIAN_POINT('',(1.165,22.86,-29.4));
#9377 = VECTOR('',#9378,1.);
#9378 = DIRECTION('',(0.,0.,1.));
#9379 = ORIENTED_EDGE('',*,*,#9380,.T.);
#9380 = EDGE_CURVE('',#9373,#9326,#9381,.T.);
#9381 = LINE('',#9382,#9383);
#9382 = CARTESIAN_POINT('',(1.165,-7.81,-28.4));
#9383 = VECTOR('',#9384,1.);
#9384 = DIRECTION('',(-0.,1.,0.));
#9385 = ORIENTED_EDGE('',*,*,#9334,.T.);
#9386 = ORIENTED_EDGE('',*,*,#3055,.F.);
#9387 = PLANE('',#9388);
#9388 = AXIS2_PLACEMENT_3D('',#9389,#9390,#9391);
#9389 = CARTESIAN_POINT('',(1.165,22.86,-29.4));
#9390 = DIRECTION('',(1.,0.,-0.));
#9391 = DIRECTION('',(0.,0.,1.));
#9392 = ADVANCED_FACE('',(#9393),#9405,.F.);
#9393 = FACE_BOUND('',#9394,.F.);
#9394 = EDGE_LOOP('',(#9395,#9396,#9397,#9398));
#9395 = ORIENTED_EDGE('',*,*,#9348,.T.);
#9396 = ORIENTED_EDGE('',*,*,#3046,.F.);
#9397 = ORIENTED_EDGE('',*,*,#9372,.F.);
#9398 = ORIENTED_EDGE('',*,*,#9399,.T.);
#9399 = EDGE_CURVE('',#9373,#9349,#9400,.T.);
#9400 = CIRCLE('',#9401,1.375);
#9401 = AXIS2_PLACEMENT_3D('',#9402,#9403,#9404);
#9402 = CARTESIAN_POINT('',(2.54,22.86,-28.4));
#9403 = DIRECTION('',(0.,0.,1.));
#9404 = DIRECTION('',(1.,0.,-0.));
#9405 = CYLINDRICAL_SURFACE('',#9406,1.375);
#9406 = AXIS2_PLACEMENT_3D('',#9407,#9408,#9409);
#9407 = CARTESIAN_POINT('',(2.54,22.86,-29.4));
#9408 = DIRECTION('',(0.,0.,1.));
#9409 = DIRECTION('',(1.,0.,-0.));
#9410 = ADVANCED_FACE('',(#9411),#9430,.F.);
#9411 = FACE_BOUND('',#9412,.F.);
#9412 = EDGE_LOOP('',(#9413,#9414,#9422,#9429));
#9413 = ORIENTED_EDGE('',*,*,#3063,.F.);
#9414 = ORIENTED_EDGE('',*,*,#9415,.F.);
#9415 = EDGE_CURVE('',#9416,#3064,#9418,.T.);
#9416 = VERTEX_POINT('',#9417);
#9417 = CARTESIAN_POINT('',(8.995,22.86,-28.4));
#9418 = LINE('',#9419,#9420);
#9419 = CARTESIAN_POINT('',(8.995,22.86,-29.4));
#9420 = VECTOR('',#9421,1.);
#9421 = DIRECTION('',(0.,0.,1.));
#9422 = ORIENTED_EDGE('',*,*,#9423,.T.);
#9423 = EDGE_CURVE('',#9416,#9416,#9424,.T.);
#9424 = CIRCLE('',#9425,1.375);
#9425 = AXIS2_PLACEMENT_3D('',#9426,#9427,#9428);
#9426 = CARTESIAN_POINT('',(7.62,22.86,-28.4));
#9427 = DIRECTION('',(0.,0.,1.));
#9428 = DIRECTION('',(1.,0.,-0.));
#9429 = ORIENTED_EDGE('',*,*,#9415,.T.);
#9430 = CYLINDRICAL_SURFACE('',#9431,1.375);
#9431 = AXIS2_PLACEMENT_3D('',#9432,#9433,#9434);
#9432 = CARTESIAN_POINT('',(7.62,22.86,-29.4));
#9433 = DIRECTION('',(0.,0.,1.));
#9434 = DIRECTION('',(1.,0.,-0.));
#9435 = ADVANCED_FACE('',(#9436),#9462,.F.);
#9436 = FACE_BOUND('',#9437,.F.);
#9437 = EDGE_LOOP('',(#9438,#9439,#9447,#9456));
#9438 = ORIENTED_EDGE('',*,*,#3074,.F.);
#9439 = ORIENTED_EDGE('',*,*,#9440,.F.);
#9440 = EDGE_CURVE('',#9441,#3075,#9443,.T.);
#9441 = VERTEX_POINT('',#9442);
#9442 = CARTESIAN_POINT('',(7.62,29.315,-28.4));
#9443 = LINE('',#9444,#9445);
#9444 = CARTESIAN_POINT('',(7.62,29.315,-29.4));
#9445 = VECTOR('',#9446,1.);
#9446 = DIRECTION('',(0.,0.,1.));
#9447 = ORIENTED_EDGE('',*,*,#9448,.T.);
#9448 = EDGE_CURVE('',#9441,#9449,#9451,.T.);
#9449 = VERTEX_POINT('',#9450);
#9450 = CARTESIAN_POINT('',(7.62,26.565,-28.4));
#9451 = CIRCLE('',#9452,1.375);
#9452 = AXIS2_PLACEMENT_3D('',#9453,#9454,#9455);
#9453 = CARTESIAN_POINT('',(7.62,27.94,-28.4));
#9454 = DIRECTION('',(0.,0.,1.));
#9455 = DIRECTION('',(1.,0.,-0.));
#9456 = ORIENTED_EDGE('',*,*,#9457,.T.);
#9457 = EDGE_CURVE('',#9449,#3077,#9458,.T.);
#9458 = LINE('',#9459,#9460);
#9459 = CARTESIAN_POINT('',(7.62,26.565,-29.4));
#9460 = VECTOR('',#9461,1.);
#9461 = DIRECTION('',(0.,0.,1.));
#9462 = CYLINDRICAL_SURFACE('',#9463,1.375);
#9463 = AXIS2_PLACEMENT_3D('',#9464,#9465,#9466);
#9464 = CARTESIAN_POINT('',(7.62,27.94,-29.4));
#9465 = DIRECTION('',(0.,0.,1.));
#9466 = DIRECTION('',(1.,0.,-0.));
#9467 = ADVANCED_FACE('',(#9468),#9486,.F.);
#9468 = FACE_BOUND('',#9469,.F.);
#9469 = EDGE_LOOP('',(#9470,#9478,#9479,#9480));
#9470 = ORIENTED_EDGE('',*,*,#9471,.T.);
#9471 = EDGE_CURVE('',#9472,#9441,#9474,.T.);
#9472 = VERTEX_POINT('',#9473);
#9473 = CARTESIAN_POINT('',(12.7,29.315,-28.4));
#9474 = LINE('',#9475,#9476);
#9475 = CARTESIAN_POINT('',(-15.43,29.315,-28.4));
#9476 = VECTOR('',#9477,1.);
#9477 = DIRECTION('',(-1.,-0.,0.));
#9478 = ORIENTED_EDGE('',*,*,#9440,.T.);
#9479 = ORIENTED_EDGE('',*,*,#3085,.F.);
#9480 = ORIENTED_EDGE('',*,*,#9481,.F.);
#9481 = EDGE_CURVE('',#9472,#3086,#9482,.T.);
#9482 = LINE('',#9483,#9484);
#9483 = CARTESIAN_POINT('',(12.7,29.315,-29.4));
#9484 = VECTOR('',#9485,1.);
#9485 = DIRECTION('',(0.,0.,1.));
#9486 = PLANE('',#9487);
#9487 = AXIS2_PLACEMENT_3D('',#9488,#9489,#9490);
#9488 = CARTESIAN_POINT('',(7.62,29.315,-29.4));
#9489 = DIRECTION('',(-0.,1.,0.));
#9490 = DIRECTION('',(0.,0.,1.));
#9491 = ADVANCED_FACE('',(#9492),#9510,.T.);
#9492 = FACE_BOUND('',#9493,.T.);
#9493 = EDGE_LOOP('',(#9494,#9502,#9503,#9504));
#9494 = ORIENTED_EDGE('',*,*,#9495,.T.);
#9495 = EDGE_CURVE('',#9496,#9449,#9498,.T.);
#9496 = VERTEX_POINT('',#9497);
#9497 = CARTESIAN_POINT('',(12.7,26.565,-28.4));
#9498 = LINE('',#9499,#9500);
#9499 = CARTESIAN_POINT('',(-15.43,26.565,-28.4));
#9500 = VECTOR('',#9501,1.);
#9501 = DIRECTION('',(-1.,-0.,0.));
#9502 = ORIENTED_EDGE('',*,*,#9457,.T.);
#9503 = ORIENTED_EDGE('',*,*,#3111,.F.);
#9504 = ORIENTED_EDGE('',*,*,#9505,.F.);
#9505 = EDGE_CURVE('',#9496,#3103,#9506,.T.);
#9506 = LINE('',#9507,#9508);
#9507 = CARTESIAN_POINT('',(12.7,26.565,-29.4));
#9508 = VECTOR('',#9509,1.);
#9509 = DIRECTION('',(0.,0.,1.));
#9510 = PLANE('',#9511);
#9511 = AXIS2_PLACEMENT_3D('',#9512,#9513,#9514);
#9512 = CARTESIAN_POINT('',(7.62,26.565,-29.4));
#9513 = DIRECTION('',(-0.,1.,0.));
#9514 = DIRECTION('',(0.,0.,1.));
#9515 = ADVANCED_FACE('',(#9516),#9542,.F.);
#9516 = FACE_BOUND('',#9517,.F.);
#9517 = EDGE_LOOP('',(#9518,#9519,#9527,#9536));
#9518 = ORIENTED_EDGE('',*,*,#3119,.F.);
#9519 = ORIENTED_EDGE('',*,*,#9520,.F.);
#9520 = EDGE_CURVE('',#9521,#3120,#9523,.T.);
#9521 = VERTEX_POINT('',#9522);
#9522 = CARTESIAN_POINT('',(17.78,19.155,-28.4));
#9523 = LINE('',#9524,#9525);
#9524 = CARTESIAN_POINT('',(17.78,19.155,-29.4));
#9525 = VECTOR('',#9526,1.);
#9526 = DIRECTION('',(0.,0.,1.));
#9527 = ORIENTED_EDGE('',*,*,#9528,.T.);
#9528 = EDGE_CURVE('',#9521,#9529,#9531,.T.);
#9529 = VERTEX_POINT('',#9530);
#9530 = CARTESIAN_POINT('',(17.78,16.405,-28.4));
#9531 = CIRCLE('',#9532,1.375);
#9532 = AXIS2_PLACEMENT_3D('',#9533,#9534,#9535);
#9533 = CARTESIAN_POINT('',(17.78,17.78,-28.4));
#9534 = DIRECTION('',(0.,0.,1.));
#9535 = DIRECTION('',(1.,0.,-0.));
#9536 = ORIENTED_EDGE('',*,*,#9537,.T.);
#9537 = EDGE_CURVE('',#9529,#3122,#9538,.T.);
#9538 = LINE('',#9539,#9540);
#9539 = CARTESIAN_POINT('',(17.78,16.405,-29.4));
#9540 = VECTOR('',#9541,1.);
#9541 = DIRECTION('',(0.,0.,1.));
#9542 = CYLINDRICAL_SURFACE('',#9543,1.375);
#9543 = AXIS2_PLACEMENT_3D('',#9544,#9545,#9546);
#9544 = CARTESIAN_POINT('',(17.78,17.78,-29.4));
#9545 = DIRECTION('',(0.,0.,1.));
#9546 = DIRECTION('',(1.,0.,-0.));
#9547 = ADVANCED_FACE('',(#9548),#9566,.F.);
#9548 = FACE_BOUND('',#9549,.F.);
#9549 = EDGE_LOOP('',(#9550,#9558,#9559,#9560));
#9550 = ORIENTED_EDGE('',*,*,#9551,.T.);
#9551 = EDGE_CURVE('',#9552,#9521,#9554,.T.);
#9552 = VERTEX_POINT('',#9553);
#9553 = CARTESIAN_POINT('',(22.86,19.155,-28.4));
#9554 = LINE('',#9555,#9556);
#9555 = CARTESIAN_POINT('',(-10.35,19.155,-28.4));
#9556 = VECTOR('',#9557,1.);
#9557 = DIRECTION('',(-1.,-0.,0.));
#9558 = ORIENTED_EDGE('',*,*,#9520,.T.);
#9559 = ORIENTED_EDGE('',*,*,#3130,.F.);
#9560 = ORIENTED_EDGE('',*,*,#9561,.F.);
#9561 = EDGE_CURVE('',#9552,#3131,#9562,.T.);
#9562 = LINE('',#9563,#9564);
#9563 = CARTESIAN_POINT('',(22.86,19.155,-29.4));
#9564 = VECTOR('',#9565,1.);
#9565 = DIRECTION('',(0.,0.,1.));
#9566 = PLANE('',#9567);
#9567 = AXIS2_PLACEMENT_3D('',#9568,#9569,#9570);
#9568 = CARTESIAN_POINT('',(17.78,19.155,-29.4));
#9569 = DIRECTION('',(-0.,1.,0.));
#9570 = DIRECTION('',(0.,0.,1.));
#9571 = ADVANCED_FACE('',(#9572),#9590,.T.);
#9572 = FACE_BOUND('',#9573,.T.);
#9573 = EDGE_LOOP('',(#9574,#9582,#9583,#9584));
#9574 = ORIENTED_EDGE('',*,*,#9575,.T.);
#9575 = EDGE_CURVE('',#9576,#9529,#9578,.T.);
#9576 = VERTEX_POINT('',#9577);
#9577 = CARTESIAN_POINT('',(22.86,16.405,-28.4));
#9578 = LINE('',#9579,#9580);
#9579 = CARTESIAN_POINT('',(-10.35,16.405,-28.4));
#9580 = VECTOR('',#9581,1.);
#9581 = DIRECTION('',(-1.,-0.,0.));
#9582 = ORIENTED_EDGE('',*,*,#9537,.T.);
#9583 = ORIENTED_EDGE('',*,*,#3156,.F.);
#9584 = ORIENTED_EDGE('',*,*,#9585,.F.);
#9585 = EDGE_CURVE('',#9576,#3148,#9586,.T.);
#9586 = LINE('',#9587,#9588);
#9587 = CARTESIAN_POINT('',(22.86,16.405,-29.4));
#9588 = VECTOR('',#9589,1.);
#9589 = DIRECTION('',(0.,0.,1.));
#9590 = PLANE('',#9591);
#9591 = AXIS2_PLACEMENT_3D('',#9592,#9593,#9594);
#9592 = CARTESIAN_POINT('',(17.78,16.405,-29.4));
#9593 = DIRECTION('',(-0.,1.,0.));
#9594 = DIRECTION('',(0.,0.,1.));
#9595 = ADVANCED_FACE('',(#9596),#9622,.F.);
#9596 = FACE_BOUND('',#9597,.F.);
#9597 = EDGE_LOOP('',(#9598,#9599,#9607,#9616));
#9598 = ORIENTED_EDGE('',*,*,#3164,.F.);
#9599 = ORIENTED_EDGE('',*,*,#9600,.F.);
#9600 = EDGE_CURVE('',#9601,#3165,#9603,.T.);
#9601 = VERTEX_POINT('',#9602);
#9602 = CARTESIAN_POINT('',(29.315,22.86,-28.4));
#9603 = LINE('',#9604,#9605);
#9604 = CARTESIAN_POINT('',(29.315,22.86,-29.4));
#9605 = VECTOR('',#9606,1.);
#9606 = DIRECTION('',(0.,0.,1.));
#9607 = ORIENTED_EDGE('',*,*,#9608,.T.);
#9608 = EDGE_CURVE('',#9601,#9609,#9611,.T.);
#9609 = VERTEX_POINT('',#9610);
#9610 = CARTESIAN_POINT('',(26.565,22.86,-28.4));
#9611 = CIRCLE('',#9612,1.375);
#9612 = AXIS2_PLACEMENT_3D('',#9613,#9614,#9615);
#9613 = CARTESIAN_POINT('',(27.94,22.86,-28.4));
#9614 = DIRECTION('',(0.,0.,1.));
#9615 = DIRECTION('',(1.,0.,-0.));
#9616 = ORIENTED_EDGE('',*,*,#9617,.T.);
#9617 = EDGE_CURVE('',#9609,#3167,#9618,.T.);
#9618 = LINE('',#9619,#9620);
#9619 = CARTESIAN_POINT('',(26.565,22.86,-29.4));
#9620 = VECTOR('',#9621,1.);
#9621 = DIRECTION('',(0.,0.,1.));
#9622 = CYLINDRICAL_SURFACE('',#9623,1.375);
#9623 = AXIS2_PLACEMENT_3D('',#9624,#9625,#9626);
#9624 = CARTESIAN_POINT('',(27.94,22.86,-29.4));
#9625 = DIRECTION('',(0.,0.,1.));
#9626 = DIRECTION('',(1.,0.,-0.));
#9627 = ADVANCED_FACE('',(#9628),#9646,.F.);
#9628 = FACE_BOUND('',#9629,.F.);
#9629 = EDGE_LOOP('',(#9630,#9638,#9644,#9645));
#9630 = ORIENTED_EDGE('',*,*,#9631,.F.);
#9631 = EDGE_CURVE('',#9632,#3176,#9634,.T.);
#9632 = VERTEX_POINT('',#9633);
#9633 = CARTESIAN_POINT('',(29.315,17.78,-28.4));
#9634 = LINE('',#9635,#9636);
#9635 = CARTESIAN_POINT('',(29.315,17.78,-29.4));
#9636 = VECTOR('',#9637,1.);
#9637 = DIRECTION('',(0.,0.,1.));
#9638 = ORIENTED_EDGE('',*,*,#9639,.T.);
#9639 = EDGE_CURVE('',#9632,#9601,#9640,.T.);
#9640 = LINE('',#9641,#9642);
#9641 = CARTESIAN_POINT('',(29.315,-10.35,-28.4));
#9642 = VECTOR('',#9643,1.);
#9643 = DIRECTION('',(-0.,1.,0.));
#9644 = ORIENTED_EDGE('',*,*,#9600,.T.);
#9645 = ORIENTED_EDGE('',*,*,#3175,.F.);
#9646 = PLANE('',#9647);
#9647 = AXIS2_PLACEMENT_3D('',#9648,#9649,#9650);
#9648 = CARTESIAN_POINT('',(29.315,17.78,-29.4));
#9649 = DIRECTION('',(1.,0.,-0.));
#9650 = DIRECTION('',(0.,0.,1.));
#9651 = ADVANCED_FACE('',(#9652),#9670,.T.);
#9652 = FACE_BOUND('',#9653,.T.);
#9653 = EDGE_LOOP('',(#9654,#9662,#9668,#9669));
#9654 = ORIENTED_EDGE('',*,*,#9655,.F.);
#9655 = EDGE_CURVE('',#9656,#3184,#9658,.T.);
#9656 = VERTEX_POINT('',#9657);
#9657 = CARTESIAN_POINT('',(26.565,17.78,-28.4));
#9658 = LINE('',#9659,#9660);
#9659 = CARTESIAN_POINT('',(26.565,17.78,-29.4));
#9660 = VECTOR('',#9661,1.);
#9661 = DIRECTION('',(0.,0.,1.));
#9662 = ORIENTED_EDGE('',*,*,#9663,.T.);
#9663 = EDGE_CURVE('',#9656,#9609,#9664,.T.);
#9664 = LINE('',#9665,#9666);
#9665 = CARTESIAN_POINT('',(26.565,-10.35,-28.4));
#9666 = VECTOR('',#9667,1.);
#9667 = DIRECTION('',(-0.,1.,0.));
#9668 = ORIENTED_EDGE('',*,*,#9617,.T.);
#9669 = ORIENTED_EDGE('',*,*,#3192,.F.);
#9670 = PLANE('',#9671);
#9671 = AXIS2_PLACEMENT_3D('',#9672,#9673,#9674);
#9672 = CARTESIAN_POINT('',(26.565,17.78,-29.4));
#9673 = DIRECTION('',(1.,0.,-0.));
#9674 = DIRECTION('',(0.,0.,1.));
#9675 = ADVANCED_FACE('',(#9676),#9688,.F.);
#9676 = FACE_BOUND('',#9677,.F.);
#9677 = EDGE_LOOP('',(#9678,#9679,#9680,#9681));
#9678 = ORIENTED_EDGE('',*,*,#9631,.T.);
#9679 = ORIENTED_EDGE('',*,*,#3183,.F.);
#9680 = ORIENTED_EDGE('',*,*,#9655,.F.);
#9681 = ORIENTED_EDGE('',*,*,#9682,.T.);
#9682 = EDGE_CURVE('',#9656,#9632,#9683,.T.);
#9683 = CIRCLE('',#9684,1.375);
#9684 = AXIS2_PLACEMENT_3D('',#9685,#9686,#9687);
#9685 = CARTESIAN_POINT('',(27.94,17.78,-28.4));
#9686 = DIRECTION('',(0.,0.,1.));
#9687 = DIRECTION('',(1.,0.,-0.));
#9688 = CYLINDRICAL_SURFACE('',#9689,1.375);
#9689 = AXIS2_PLACEMENT_3D('',#9690,#9691,#9692);
#9690 = CARTESIAN_POINT('',(27.94,17.78,-29.4));
#9691 = DIRECTION('',(0.,0.,1.));
#9692 = DIRECTION('',(1.,0.,-0.));
#9693 = ADVANCED_FACE('',(#9694),#9720,.F.);
#9694 = FACE_BOUND('',#9695,.F.);
#9695 = EDGE_LOOP('',(#9696,#9697,#9705,#9714));
#9696 = ORIENTED_EDGE('',*,*,#3200,.F.);
#9697 = ORIENTED_EDGE('',*,*,#9698,.F.);
#9698 = EDGE_CURVE('',#9699,#3201,#9701,.T.);
#9699 = VERTEX_POINT('',#9700);
#9700 = CARTESIAN_POINT('',(19.155,27.94,-28.4));
#9701 = LINE('',#9702,#9703);
#9702 = CARTESIAN_POINT('',(19.155,27.94,-29.4));
#9703 = VECTOR('',#9704,1.);
#9704 = DIRECTION('',(0.,0.,1.));
#9705 = ORIENTED_EDGE('',*,*,#9706,.T.);
#9706 = EDGE_CURVE('',#9699,#9707,#9709,.T.);
#9707 = VERTEX_POINT('',#9708);
#9708 = CARTESIAN_POINT('',(16.405,27.94,-28.4));
#9709 = CIRCLE('',#9710,1.375);
#9710 = AXIS2_PLACEMENT_3D('',#9711,#9712,#9713);
#9711 = CARTESIAN_POINT('',(17.78,27.94,-28.4));
#9712 = DIRECTION('',(0.,0.,1.));
#9713 = DIRECTION('',(1.,0.,-0.));
#9714 = ORIENTED_EDGE('',*,*,#9715,.T.);
#9715 = EDGE_CURVE('',#9707,#3203,#9716,.T.);
#9716 = LINE('',#9717,#9718);
#9717 = CARTESIAN_POINT('',(16.405,27.94,-29.4));
#9718 = VECTOR('',#9719,1.);
#9719 = DIRECTION('',(0.,0.,1.));
#9720 = CYLINDRICAL_SURFACE('',#9721,1.375);
#9721 = AXIS2_PLACEMENT_3D('',#9722,#9723,#9724);
#9722 = CARTESIAN_POINT('',(17.78,27.94,-29.4));
#9723 = DIRECTION('',(0.,0.,1.));
#9724 = DIRECTION('',(1.,0.,-0.));
#9725 = ADVANCED_FACE('',(#9726),#9744,.F.);
#9726 = FACE_BOUND('',#9727,.F.);
#9727 = EDGE_LOOP('',(#9728,#9736,#9742,#9743));
#9728 = ORIENTED_EDGE('',*,*,#9729,.F.);
#9729 = EDGE_CURVE('',#9730,#3212,#9732,.T.);
#9730 = VERTEX_POINT('',#9731);
#9731 = CARTESIAN_POINT('',(19.155,22.86,-28.4));
#9732 = LINE('',#9733,#9734);
#9733 = CARTESIAN_POINT('',(19.155,22.86,-29.4));
#9734 = VECTOR('',#9735,1.);
#9735 = DIRECTION('',(0.,0.,1.));
#9736 = ORIENTED_EDGE('',*,*,#9737,.T.);
#9737 = EDGE_CURVE('',#9730,#9699,#9738,.T.);
#9738 = LINE('',#9739,#9740);
#9739 = CARTESIAN_POINT('',(19.155,-7.81,-28.4));
#9740 = VECTOR('',#9741,1.);
#9741 = DIRECTION('',(-0.,1.,0.));
#9742 = ORIENTED_EDGE('',*,*,#9698,.T.);
#9743 = ORIENTED_EDGE('',*,*,#3211,.F.);
#9744 = PLANE('',#9745);
#9745 = AXIS2_PLACEMENT_3D('',#9746,#9747,#9748);
#9746 = CARTESIAN_POINT('',(19.155,22.86,-29.4));
#9747 = DIRECTION('',(1.,0.,-0.));
#9748 = DIRECTION('',(0.,0.,1.));
#9749 = ADVANCED_FACE('',(#9750),#9768,.T.);
#9750 = FACE_BOUND('',#9751,.T.);
#9751 = EDGE_LOOP('',(#9752,#9760,#9766,#9767));
#9752 = ORIENTED_EDGE('',*,*,#9753,.F.);
#9753 = EDGE_CURVE('',#9754,#3220,#9756,.T.);
#9754 = VERTEX_POINT('',#9755);
#9755 = CARTESIAN_POINT('',(16.405,22.86,-28.4));
#9756 = LINE('',#9757,#9758);
#9757 = CARTESIAN_POINT('',(16.405,22.86,-29.4));
#9758 = VECTOR('',#9759,1.);
#9759 = DIRECTION('',(0.,0.,1.));
#9760 = ORIENTED_EDGE('',*,*,#9761,.T.);
#9761 = EDGE_CURVE('',#9754,#9707,#9762,.T.);
#9762 = LINE('',#9763,#9764);
#9763 = CARTESIAN_POINT('',(16.405,-7.81,-28.4));
#9764 = VECTOR('',#9765,1.);
#9765 = DIRECTION('',(-0.,1.,0.));
#9766 = ORIENTED_EDGE('',*,*,#9715,.T.);
#9767 = ORIENTED_EDGE('',*,*,#3228,.F.);
#9768 = PLANE('',#9769);
#9769 = AXIS2_PLACEMENT_3D('',#9770,#9771,#9772);
#9770 = CARTESIAN_POINT('',(16.405,22.86,-29.4));
#9771 = DIRECTION('',(1.,0.,-0.));
#9772 = DIRECTION('',(0.,0.,1.));
#9773 = ADVANCED_FACE('',(#9774),#9786,.F.);
#9774 = FACE_BOUND('',#9775,.F.);
#9775 = EDGE_LOOP('',(#9776,#9777,#9778,#9779));
#9776 = ORIENTED_EDGE('',*,*,#9729,.T.);
#9777 = ORIENTED_EDGE('',*,*,#3219,.F.);
#9778 = ORIENTED_EDGE('',*,*,#9753,.F.);
#9779 = ORIENTED_EDGE('',*,*,#9780,.T.);
#9780 = EDGE_CURVE('',#9754,#9730,#9781,.T.);
#9781 = CIRCLE('',#9782,1.375);
#9782 = AXIS2_PLACEMENT_3D('',#9783,#9784,#9785);
#9783 = CARTESIAN_POINT('',(17.78,22.86,-28.4));
#9784 = DIRECTION('',(0.,0.,1.));
#9785 = DIRECTION('',(1.,0.,-0.));
#9786 = CYLINDRICAL_SURFACE('',#9787,1.375);
#9787 = AXIS2_PLACEMENT_3D('',#9788,#9789,#9790);
#9788 = CARTESIAN_POINT('',(17.78,22.86,-29.4));
#9789 = DIRECTION('',(0.,0.,1.));
#9790 = DIRECTION('',(1.,0.,-0.));
#9791 = ADVANCED_FACE('',(#9792),#9811,.F.);
#9792 = FACE_BOUND('',#9793,.F.);
#9793 = EDGE_LOOP('',(#9794,#9795,#9803,#9810));
#9794 = ORIENTED_EDGE('',*,*,#3236,.F.);
#9795 = ORIENTED_EDGE('',*,*,#9796,.F.);
#9796 = EDGE_CURVE('',#9797,#3237,#9799,.T.);
#9797 = VERTEX_POINT('',#9798);
#9798 = CARTESIAN_POINT('',(24.235,22.86,-28.4));
#9799 = LINE('',#9800,#9801);
#9800 = CARTESIAN_POINT('',(24.235,22.86,-29.4));
#9801 = VECTOR('',#9802,1.);
#9802 = DIRECTION('',(0.,0.,1.));
#9803 = ORIENTED_EDGE('',*,*,#9804,.T.);
#9804 = EDGE_CURVE('',#9797,#9797,#9805,.T.);
#9805 = CIRCLE('',#9806,1.375);
#9806 = AXIS2_PLACEMENT_3D('',#9807,#9808,#9809);
#9807 = CARTESIAN_POINT('',(22.86,22.86,-28.4));
#9808 = DIRECTION('',(0.,0.,1.));
#9809 = DIRECTION('',(1.,0.,-0.));
#9810 = ORIENTED_EDGE('',*,*,#9796,.T.);
#9811 = CYLINDRICAL_SURFACE('',#9812,1.375);
#9812 = AXIS2_PLACEMENT_3D('',#9813,#9814,#9815);
#9813 = CARTESIAN_POINT('',(22.86,22.86,-29.4));
#9814 = DIRECTION('',(0.,0.,1.));
#9815 = DIRECTION('',(1.,0.,-0.));
#9816 = ADVANCED_FACE('',(#9817),#9843,.F.);
#9817 = FACE_BOUND('',#9818,.F.);
#9818 = EDGE_LOOP('',(#9819,#9820,#9828,#9837));
#9819 = ORIENTED_EDGE('',*,*,#3247,.F.);
#9820 = ORIENTED_EDGE('',*,*,#9821,.F.);
#9821 = EDGE_CURVE('',#9822,#3248,#9824,.T.);
#9822 = VERTEX_POINT('',#9823);
#9823 = CARTESIAN_POINT('',(22.86,29.315,-28.4));
#9824 = LINE('',#9825,#9826);
#9825 = CARTESIAN_POINT('',(22.86,29.315,-29.4));
#9826 = VECTOR('',#9827,1.);
#9827 = DIRECTION('',(0.,0.,1.));
#9828 = ORIENTED_EDGE('',*,*,#9829,.T.);
#9829 = EDGE_CURVE('',#9822,#9830,#9832,.T.);
#9830 = VERTEX_POINT('',#9831);
#9831 = CARTESIAN_POINT('',(22.86,26.565,-28.4));
#9832 = CIRCLE('',#9833,1.375);
#9833 = AXIS2_PLACEMENT_3D('',#9834,#9835,#9836);
#9834 = CARTESIAN_POINT('',(22.86,27.94,-28.4));
#9835 = DIRECTION('',(0.,0.,1.));
#9836 = DIRECTION('',(1.,0.,-0.));
#9837 = ORIENTED_EDGE('',*,*,#9838,.T.);
#9838 = EDGE_CURVE('',#9830,#3250,#9839,.T.);
#9839 = LINE('',#9840,#9841);
#9840 = CARTESIAN_POINT('',(22.86,26.565,-29.4));
#9841 = VECTOR('',#9842,1.);
#9842 = DIRECTION('',(0.,0.,1.));
#9843 = CYLINDRICAL_SURFACE('',#9844,1.375);
#9844 = AXIS2_PLACEMENT_3D('',#9845,#9846,#9847);
#9845 = CARTESIAN_POINT('',(22.86,27.94,-29.4));
#9846 = DIRECTION('',(0.,0.,1.));
#9847 = DIRECTION('',(1.,0.,-0.));
#9848 = ADVANCED_FACE('',(#9849),#9867,.F.);
#9849 = FACE_BOUND('',#9850,.F.);
#9850 = EDGE_LOOP('',(#9851,#9859,#9860,#9861));
#9851 = ORIENTED_EDGE('',*,*,#9852,.T.);
#9852 = EDGE_CURVE('',#9853,#9822,#9855,.T.);
#9853 = VERTEX_POINT('',#9854);
#9854 = CARTESIAN_POINT('',(27.94,29.315,-28.4));
#9855 = LINE('',#9856,#9857);
#9856 = CARTESIAN_POINT('',(-7.81,29.315,-28.4));
#9857 = VECTOR('',#9858,1.);
#9858 = DIRECTION('',(-1.,-0.,0.));
#9859 = ORIENTED_EDGE('',*,*,#9821,.T.);
#9860 = ORIENTED_EDGE('',*,*,#3258,.F.);
#9861 = ORIENTED_EDGE('',*,*,#9862,.F.);
#9862 = EDGE_CURVE('',#9853,#3259,#9863,.T.);
#9863 = LINE('',#9864,#9865);
#9864 = CARTESIAN_POINT('',(27.94,29.315,-29.4));
#9865 = VECTOR('',#9866,1.);
#9866 = DIRECTION('',(0.,0.,1.));
#9867 = PLANE('',#9868);
#9868 = AXIS2_PLACEMENT_3D('',#9869,#9870,#9871);
#9869 = CARTESIAN_POINT('',(22.86,29.315,-29.4));
#9870 = DIRECTION('',(-0.,1.,0.));
#9871 = DIRECTION('',(0.,0.,1.));
#9872 = ADVANCED_FACE('',(#9873),#9891,.T.);
#9873 = FACE_BOUND('',#9874,.T.);
#9874 = EDGE_LOOP('',(#9875,#9883,#9884,#9885));
#9875 = ORIENTED_EDGE('',*,*,#9876,.T.);
#9876 = EDGE_CURVE('',#9877,#9830,#9879,.T.);
#9877 = VERTEX_POINT('',#9878);
#9878 = CARTESIAN_POINT('',(27.94,26.565,-28.4));
#9879 = LINE('',#9880,#9881);
#9880 = CARTESIAN_POINT('',(-7.81,26.565,-28.4));
#9881 = VECTOR('',#9882,1.);
#9882 = DIRECTION('',(-1.,-0.,0.));
#9883 = ORIENTED_EDGE('',*,*,#9838,.T.);
#9884 = ORIENTED_EDGE('',*,*,#3284,.F.);
#9885 = ORIENTED_EDGE('',*,*,#9886,.F.);
#9886 = EDGE_CURVE('',#9877,#3276,#9887,.T.);
#9887 = LINE('',#9888,#9889);
#9888 = CARTESIAN_POINT('',(27.94,26.565,-29.4));
#9889 = VECTOR('',#9890,1.);
#9890 = DIRECTION('',(0.,0.,1.));
#9891 = PLANE('',#9892);
#9892 = AXIS2_PLACEMENT_3D('',#9893,#9894,#9895);
#9893 = CARTESIAN_POINT('',(22.86,26.565,-29.4));
#9894 = DIRECTION('',(-0.,1.,0.));
#9895 = DIRECTION('',(0.,0.,1.));
#9896 = ADVANCED_FACE('',(#9897),#9922,.T.);
#9897 = FACE_BOUND('',#9898,.T.);
#9898 = EDGE_LOOP('',(#9899,#9907,#9908,#9916));
#9899 = ORIENTED_EDGE('',*,*,#9900,.F.);
#9900 = EDGE_CURVE('',#3307,#9901,#9903,.T.);
#9901 = VERTEX_POINT('',#9902);
#9902 = CARTESIAN_POINT('',(-42.48,-11.,-5.329070518201E-14));
#9903 = LINE('',#9904,#9905);
#9904 = CARTESIAN_POINT('',(-42.48,-19.,0.));
#9905 = VECTOR('',#9906,1.);
#9906 = DIRECTION('',(-0.,1.,0.));
#9907 = ORIENTED_EDGE('',*,*,#3314,.T.);
#9908 = ORIENTED_EDGE('',*,*,#9909,.T.);
#9909 = EDGE_CURVE('',#3315,#9910,#9912,.T.);
#9910 = VERTEX_POINT('',#9911);
#9911 = CARTESIAN_POINT('',(-38.47,-11.,-5.329070518201E-14));
#9912 = LINE('',#9913,#9914);
#9913 = CARTESIAN_POINT('',(-38.47,-19.,0.));
#9914 = VECTOR('',#9915,1.);
#9915 = DIRECTION('',(-0.,1.,0.));
#9916 = ORIENTED_EDGE('',*,*,#9917,.F.);
#9917 = EDGE_CURVE('',#9901,#9910,#9918,.T.);
#9918 = LINE('',#9919,#9920);
#9919 = CARTESIAN_POINT('',(-42.48,-11.,0.));
#9920 = VECTOR('',#9921,1.);
#9921 = DIRECTION('',(1.,0.,0.));
#9922 = PLANE('',#9923);
#9923 = AXIS2_PLACEMENT_3D('',#9924,#9925,#9926);
#9924 = CARTESIAN_POINT('',(-42.48,-19.,0.));
#9925 = DIRECTION('',(0.,0.,1.));
#9926 = DIRECTION('',(1.,0.,-0.));
#9927 = ADVANCED_FACE('',(#9928),#9946,.T.);
#9928 = FACE_BOUND('',#9929,.F.);
#9929 = EDGE_LOOP('',(#9930,#9937,#9938,#9945));
#9930 = ORIENTED_EDGE('',*,*,#9931,.T.);
#9931 = EDGE_CURVE('',#3473,#3536,#9932,.T.);
#9932 = CIRCLE('',#9933,3.);
#9933 = AXIS2_PLACEMENT_3D('',#9934,#9935,#9936);
#9934 = CARTESIAN_POINT('',(-35.48,35.48,-28.4));
#9935 = DIRECTION('',(-0.,-0.,-1.));
#9936 = DIRECTION('',(0.,-1.,0.));
#9937 = ORIENTED_EDGE('',*,*,#3545,.T.);
#9938 = ORIENTED_EDGE('',*,*,#9939,.F.);
#9939 = EDGE_CURVE('',#3481,#3546,#9940,.T.);
#9940 = CIRCLE('',#9941,3.);
#9941 = AXIS2_PLACEMENT_3D('',#9942,#9943,#9944);
#9942 = CARTESIAN_POINT('',(-35.48,35.48,-24.4));
#9943 = DIRECTION('',(-0.,-0.,-1.));
#9944 = DIRECTION('',(0.,-1.,0.));
#9945 = ORIENTED_EDGE('',*,*,#3480,.F.);
#9946 = CYLINDRICAL_SURFACE('',#9947,3.);
#9947 = AXIS2_PLACEMENT_3D('',#9948,#9949,#9950);
#9948 = CARTESIAN_POINT('',(-35.48,35.48,-28.4));
#9949 = DIRECTION('',(0.,0.,1.));
#9950 = DIRECTION('',(-1.,-0.,0.));
#9951 = ADVANCED_FACE('',(#9952),#9970,.T.);
#9952 = FACE_BOUND('',#9953,.T.);
#9953 = EDGE_LOOP('',(#9954,#9961,#9962,#9969));
#9954 = ORIENTED_EDGE('',*,*,#9955,.T.);
#9955 = EDGE_CURVE('',#3624,#3538,#9956,.T.);
#9956 = CIRCLE('',#9957,3.);
#9957 = AXIS2_PLACEMENT_3D('',#9958,#9959,#9960);
#9958 = CARTESIAN_POINT('',(35.48,35.48,-28.4));
#9959 = DIRECTION('',(0.,0.,1.));
#9960 = DIRECTION('',(0.,-1.,0.));
#9961 = ORIENTED_EDGE('',*,*,#3568,.T.);
#9962 = ORIENTED_EDGE('',*,*,#9963,.F.);
#9963 = EDGE_CURVE('',#3632,#3561,#9964,.T.);
#9964 = CIRCLE('',#9965,3.);
#9965 = AXIS2_PLACEMENT_3D('',#9966,#9967,#9968);
#9966 = CARTESIAN_POINT('',(35.48,35.48,-24.4));
#9967 = DIRECTION('',(0.,0.,1.));
#9968 = DIRECTION('',(0.,-1.,0.));
#9969 = ORIENTED_EDGE('',*,*,#3631,.F.);
#9970 = CYLINDRICAL_SURFACE('',#9971,3.);
#9971 = AXIS2_PLACEMENT_3D('',#9972,#9973,#9974);
#9972 = CARTESIAN_POINT('',(35.48,35.48,-28.4));
#9973 = DIRECTION('',(0.,0.,1.));
#9974 = DIRECTION('',(1.,0.,-0.));
#9975 = ADVANCED_FACE('',(#9976),#9994,.T.);
#9976 = FACE_BOUND('',#9977,.F.);
#9977 = EDGE_LOOP('',(#9978,#9985,#9986,#9993));
#9978 = ORIENTED_EDGE('',*,*,#9979,.T.);
#9979 = EDGE_CURVE('',#3749,#3391,#9980,.T.);
#9980 = CIRCLE('',#9981,3.);
#9981 = AXIS2_PLACEMENT_3D('',#9982,#9983,#9984);
#9982 = CARTESIAN_POINT('',(35.48,-35.48,-28.4));
#9983 = DIRECTION('',(-0.,-0.,-1.));
#9984 = DIRECTION('',(0.,-1.,0.));
#9985 = ORIENTED_EDGE('',*,*,#3409,.T.);
#9986 = ORIENTED_EDGE('',*,*,#9987,.F.);
#9987 = EDGE_CURVE('',#3741,#3402,#9988,.T.);
#9988 = CIRCLE('',#9989,3.);
#9989 = AXIS2_PLACEMENT_3D('',#9990,#9991,#9992);
#9990 = CARTESIAN_POINT('',(35.48,-35.48,-24.4));
#9991 = DIRECTION('',(-0.,-0.,-1.));
#9992 = DIRECTION('',(0.,-1.,0.));
#9993 = ORIENTED_EDGE('',*,*,#3748,.F.);
#9994 = CYLINDRICAL_SURFACE('',#9995,3.);
#9995 = AXIS2_PLACEMENT_3D('',#9996,#9997,#9998);
#9996 = CARTESIAN_POINT('',(35.48,-35.48,-28.4));
#9997 = DIRECTION('',(0.,0.,1.));
#9998 = DIRECTION('',(1.,0.,-0.));
#9999 = ADVANCED_FACE('',(#10000,#10003),#10014,.T.);
#10000 = FACE_BOUND('',#10001,.T.);
#10001 = EDGE_LOOP('',(#10002));
#10002 = ORIENTED_EDGE('',*,*,#3371,.T.);
#10003 = FACE_BOUND('',#10004,.T.);
#10004 = EDGE_LOOP('',(#10005));
#10005 = ORIENTED_EDGE('',*,*,#10006,.F.);
#10006 = EDGE_CURVE('',#10007,#10007,#10009,.T.);
#10007 = VERTEX_POINT('',#10008);
#10008 = CARTESIAN_POINT('',(-32.78,-34.48,-13.3));
#10009 = CIRCLE('',#10010,1.7);
#10010 = AXIS2_PLACEMENT_3D('',#10011,#10012,#10013);
#10011 = CARTESIAN_POINT('',(-34.48,-34.48,-13.3));
#10012 = DIRECTION('',(0.,0.,1.));
#10013 = DIRECTION('',(1.,0.,-0.));
#10014 = PLANE('',#10015);
#10015 = AXIS2_PLACEMENT_3D('',#10016,#10017,#10018);
#10016 = CARTESIAN_POINT('',(-34.48,-34.48,-13.3));
#10017 = DIRECTION('',(0.,0.,1.));
#10018 = DIRECTION('',(1.,0.,-0.));
#10019 = ADVANCED_FACE('',(#10020),#10026,.T.);
#10020 = FACE_BOUND('',#10021,.T.);
#10021 = EDGE_LOOP('',(#10022,#10023,#10024,#10025));
#10022 = ORIENTED_EDGE('',*,*,#3789,.F.);
#10023 = ORIENTED_EDGE('',*,*,#3401,.T.);
#10024 = ORIENTED_EDGE('',*,*,#9987,.F.);
#10025 = ORIENTED_EDGE('',*,*,#3740,.T.);
#10026 = PLANE('',#10027);
#10027 = AXIS2_PLACEMENT_3D('',#10028,#10029,#10030);
#10028 = CARTESIAN_POINT('',(-38.48,-38.48,-24.4));
#10029 = DIRECTION('',(0.,0.,1.));
#10030 = DIRECTION('',(1.,0.,-0.));
#10031 = ADVANCED_FACE('',(#10032),#10057,.T.);
#10032 = FACE_BOUND('',#10033,.T.);
#10033 = EDGE_LOOP('',(#10034,#10042,#10050,#10056));
#10034 = ORIENTED_EDGE('',*,*,#10035,.F.);
#10035 = EDGE_CURVE('',#10036,#3434,#10038,.T.);
#10036 = VERTEX_POINT('',#10037);
#10037 = CARTESIAN_POINT('',(-42.48,11.,-5.329070518201E-14));
#10038 = LINE('',#10039,#10040);
#10039 = CARTESIAN_POINT('',(-42.48,-19.,0.));
#10040 = VECTOR('',#10041,1.);
#10041 = DIRECTION('',(-0.,1.,0.));
#10042 = ORIENTED_EDGE('',*,*,#10043,.T.);
#10043 = EDGE_CURVE('',#10036,#10044,#10046,.T.);
#10044 = VERTEX_POINT('',#10045);
#10045 = CARTESIAN_POINT('',(-38.47,11.,-5.329070518201E-14));
#10046 = LINE('',#10047,#10048);
#10047 = CARTESIAN_POINT('',(-42.48,11.,0.));
#10048 = VECTOR('',#10049,1.);
#10049 = DIRECTION('',(1.,0.,0.));
#10050 = ORIENTED_EDGE('',*,*,#10051,.T.);
#10051 = EDGE_CURVE('',#10044,#3442,#10052,.T.);
#10052 = LINE('',#10053,#10054);
#10053 = CARTESIAN_POINT('',(-38.47,-19.,0.));
#10054 = VECTOR('',#10055,1.);
#10055 = DIRECTION('',(-0.,1.,0.));
#10056 = ORIENTED_EDGE('',*,*,#3441,.F.);
#10057 = PLANE('',#10058);
#10058 = AXIS2_PLACEMENT_3D('',#10059,#10060,#10061);
#10059 = CARTESIAN_POINT('',(-42.48,-19.,0.));
#10060 = DIRECTION('',(0.,0.,1.));
#10061 = DIRECTION('',(1.,0.,-0.));
#10062 = ADVANCED_FACE('',(#10063),#10069,.T.);
#10063 = FACE_BOUND('',#10064,.T.);
#10064 = EDGE_LOOP('',(#10065,#10066,#10067,#10068));
#10065 = ORIENTED_EDGE('',*,*,#3488,.F.);
#10066 = ORIENTED_EDGE('',*,*,#3519,.F.);
#10067 = ORIENTED_EDGE('',*,*,#3553,.F.);
#10068 = ORIENTED_EDGE('',*,*,#9939,.F.);
#10069 = PLANE('',#10070);
#10070 = AXIS2_PLACEMENT_3D('',#10071,#10072,#10073);
#10071 = CARTESIAN_POINT('',(-38.48,-38.48,-24.4));
#10072 = DIRECTION('',(0.,0.,1.));
#10073 = DIRECTION('',(1.,0.,-0.));
#10074 = ADVANCED_FACE('',(#10075,#10078),#10089,.T.);
#10075 = FACE_BOUND('',#10076,.T.);
#10076 = EDGE_LOOP('',(#10077));
#10077 = ORIENTED_EDGE('',*,*,#3510,.T.);
#10078 = FACE_BOUND('',#10079,.T.);
#10079 = EDGE_LOOP('',(#10080));
#10080 = ORIENTED_EDGE('',*,*,#10081,.F.);
#10081 = EDGE_CURVE('',#10082,#10082,#10084,.T.);
#10082 = VERTEX_POINT('',#10083);
#10083 = CARTESIAN_POINT('',(-32.78,34.48,-13.3));
#10084 = CIRCLE('',#10085,1.7);
#10085 = AXIS2_PLACEMENT_3D('',#10086,#10087,#10088);
#10086 = CARTESIAN_POINT('',(-34.48,34.48,-13.3));
#10087 = DIRECTION('',(0.,0.,1.));
#10088 = DIRECTION('',(1.,0.,-0.));
#10089 = PLANE('',#10090);
#10090 = AXIS2_PLACEMENT_3D('',#10091,#10092,#10093);
#10091 = CARTESIAN_POINT('',(-34.48,34.48,-13.3));
#10092 = DIRECTION('',(0.,0.,1.));
#10093 = DIRECTION('',(1.,0.,-0.));
#10094 = ADVANCED_FACE('',(#10095),#10101,.T.);
#10095 = FACE_BOUND('',#10096,.T.);
#10096 = EDGE_LOOP('',(#10097,#10098,#10099,#10100));
#10097 = ORIENTED_EDGE('',*,*,#3560,.F.);
#10098 = ORIENTED_EDGE('',*,*,#3598,.F.);
#10099 = ORIENTED_EDGE('',*,*,#3639,.T.);
#10100 = ORIENTED_EDGE('',*,*,#9963,.T.);
#10101 = PLANE('',#10102);
#10102 = AXIS2_PLACEMENT_3D('',#10103,#10104,#10105);
#10103 = CARTESIAN_POINT('',(-38.48,-38.48,-24.4));
#10104 = DIRECTION('',(0.,0.,1.));
#10105 = DIRECTION('',(1.,0.,-0.));
#10106 = ADVANCED_FACE('',(#10107,#10110),#10121,.T.);
#10107 = FACE_BOUND('',#10108,.T.);
#10108 = EDGE_LOOP('',(#10109));
#10109 = ORIENTED_EDGE('',*,*,#3590,.T.);
#10110 = FACE_BOUND('',#10111,.T.);
#10111 = EDGE_LOOP('',(#10112));
#10112 = ORIENTED_EDGE('',*,*,#10113,.F.);
#10113 = EDGE_CURVE('',#10114,#10114,#10116,.T.);
#10114 = VERTEX_POINT('',#10115);
#10115 = CARTESIAN_POINT('',(36.18,34.48,-13.3));
#10116 = CIRCLE('',#10117,1.7);
#10117 = AXIS2_PLACEMENT_3D('',#10118,#10119,#10120);
#10118 = CARTESIAN_POINT('',(34.48,34.48,-13.3));
#10119 = DIRECTION('',(0.,0.,1.));
#10120 = DIRECTION('',(1.,0.,-0.));
#10121 = PLANE('',#10122);
#10122 = AXIS2_PLACEMENT_3D('',#10123,#10124,#10125);
#10123 = CARTESIAN_POINT('',(34.48,34.48,-13.3));
#10124 = DIRECTION('',(0.,0.,1.));
#10125 = DIRECTION('',(1.,0.,-0.));
#10126 = ADVANCED_FACE('',(#10127),#10152,.T.);
#10127 = FACE_BOUND('',#10128,.T.);
#10128 = EDGE_LOOP('',(#10129,#10137,#10143,#10144,#10145,#10151));
#10129 = ORIENTED_EDGE('',*,*,#10130,.F.);
#10130 = EDGE_CURVE('',#10131,#3664,#10133,.T.);
#10131 = VERTEX_POINT('',#10132);
#10132 = CARTESIAN_POINT('',(38.47,11.,-5.329070518201E-14));
#10133 = LINE('',#10134,#10135);
#10134 = CARTESIAN_POINT('',(38.47,-19.,0.));
#10135 = VECTOR('',#10136,1.);
#10136 = DIRECTION('',(-0.,1.,0.));
#10137 = ORIENTED_EDGE('',*,*,#10138,.T.);
#10138 = EDGE_CURVE('',#10131,#214,#10139,.T.);
#10139 = LINE('',#10140,#10141);
#10140 = CARTESIAN_POINT('',(38.47,11.,0.));
#10141 = VECTOR('',#10142,1.);
#10142 = DIRECTION('',(1.,0.,0.));
#10143 = ORIENTED_EDGE('',*,*,#213,.T.);
#10144 = ORIENTED_EDGE('',*,*,#280,.F.);
#10145 = ORIENTED_EDGE('',*,*,#10146,.T.);
#10146 = EDGE_CURVE('',#281,#3672,#10147,.T.);
#10147 = LINE('',#10148,#10149);
#10148 = CARTESIAN_POINT('',(42.48,-19.,0.));
#10149 = VECTOR('',#10150,1.);
#10150 = DIRECTION('',(-0.,1.,0.));
#10151 = ORIENTED_EDGE('',*,*,#3671,.F.);
#10152 = PLANE('',#10153);
#10153 = AXIS2_PLACEMENT_3D('',#10154,#10155,#10156);
#10154 = CARTESIAN_POINT('',(38.47,-19.,0.));
#10155 = DIRECTION('',(0.,0.,1.));
#10156 = DIRECTION('',(1.,0.,-0.));
#10157 = ADVANCED_FACE('',(#10158),#10190,.T.);
#10158 = FACE_BOUND('',#10159,.T.);
#10159 = EDGE_LOOP('',(#10160,#10168,#10169,#10177,#10183,#10184));
#10160 = ORIENTED_EDGE('',*,*,#10161,.F.);
#10161 = EDGE_CURVE('',#3711,#10162,#10164,.T.);
#10162 = VERTEX_POINT('',#10163);
#10163 = CARTESIAN_POINT('',(38.47,-11.,-5.329070518201E-14));
#10164 = LINE('',#10165,#10166);
#10165 = CARTESIAN_POINT('',(38.47,-19.,0.));
#10166 = VECTOR('',#10167,1.);
#10167 = DIRECTION('',(-0.,1.,0.));
#10168 = ORIENTED_EDGE('',*,*,#3718,.T.);
#10169 = ORIENTED_EDGE('',*,*,#10170,.T.);
#10170 = EDGE_CURVE('',#3719,#10171,#10173,.T.);
#10171 = VERTEX_POINT('',#10172);
#10172 = CARTESIAN_POINT('',(42.48,-18.,0.));
#10173 = LINE('',#10174,#10175);
#10174 = CARTESIAN_POINT('',(42.48,-19.,0.));
#10175 = VECTOR('',#10176,1.);
#10176 = DIRECTION('',(-0.,1.,0.));
#10177 = ORIENTED_EDGE('',*,*,#10178,.T.);
#10178 = EDGE_CURVE('',#10171,#165,#10179,.T.);
#10179 = LINE('',#10180,#10181);
#10180 = CARTESIAN_POINT('',(39.475,-18.,0.));
#10181 = VECTOR('',#10182,1.);
#10182 = DIRECTION('',(-1.,0.,0.));
#10183 = ORIENTED_EDGE('',*,*,#164,.T.);
#10184 = ORIENTED_EDGE('',*,*,#10185,.F.);
#10185 = EDGE_CURVE('',#10162,#156,#10186,.T.);
#10186 = LINE('',#10187,#10188);
#10187 = CARTESIAN_POINT('',(38.47,-11.,0.));
#10188 = VECTOR('',#10189,1.);
#10189 = DIRECTION('',(1.,0.,0.));
#10190 = PLANE('',#10191);
#10191 = AXIS2_PLACEMENT_3D('',#10192,#10193,#10194);
#10192 = CARTESIAN_POINT('',(38.47,-19.,0.));
#10193 = DIRECTION('',(0.,0.,1.));
#10194 = DIRECTION('',(1.,0.,-0.));
#10195 = ADVANCED_FACE('',(#10196,#10199),#10210,.T.);
#10196 = FACE_BOUND('',#10197,.T.);
#10197 = EDGE_LOOP('',(#10198));
#10198 = ORIENTED_EDGE('',*,*,#3780,.T.);
#10199 = FACE_BOUND('',#10200,.T.);
#10200 = EDGE_LOOP('',(#10201));
#10201 = ORIENTED_EDGE('',*,*,#10202,.F.);
#10202 = EDGE_CURVE('',#10203,#10203,#10205,.T.);
#10203 = VERTEX_POINT('',#10204);
#10204 = CARTESIAN_POINT('',(36.18,-34.48,-13.3));
#10205 = CIRCLE('',#10206,1.7);
#10206 = AXIS2_PLACEMENT_3D('',#10207,#10208,#10209);
#10207 = CARTESIAN_POINT('',(34.48,-34.48,-13.3));
#10208 = DIRECTION('',(0.,0.,1.));
#10209 = DIRECTION('',(1.,0.,-0.));
#10210 = PLANE('',#10211);
#10211 = AXIS2_PLACEMENT_3D('',#10212,#10213,#10214);
#10212 = CARTESIAN_POINT('',(34.48,-34.48,-13.3));
#10213 = DIRECTION('',(0.,0.,1.));
#10214 = DIRECTION('',(1.,0.,-0.));
#10215 = ADVANCED_FACE('',(#10216),#10234,.T.);
#10216 = FACE_BOUND('',#10217,.T.);
#10217 = EDGE_LOOP('',(#10218,#10226,#10227,#10228));
#10218 = ORIENTED_EDGE('',*,*,#10219,.F.);
#10219 = EDGE_CURVE('',#173,#10220,#10222,.T.);
#10220 = VERTEX_POINT('',#10221);
#10221 = CARTESIAN_POINT('',(42.48,-18.,-3.5));
#10222 = LINE('',#10223,#10224);
#10223 = CARTESIAN_POINT('',(40.48,-18.,-3.5));
#10224 = VECTOR('',#10225,1.);
#10225 = DIRECTION('',(1.,0.,0.));
#10226 = ORIENTED_EDGE('',*,*,#172,.T.);
#10227 = ORIENTED_EDGE('',*,*,#10178,.F.);
#10228 = ORIENTED_EDGE('',*,*,#10229,.F.);
#10229 = EDGE_CURVE('',#10220,#10171,#10230,.T.);
#10230 = LINE('',#10231,#10232);
#10231 = CARTESIAN_POINT('',(42.48,-18.,-15.95));
#10232 = VECTOR('',#10233,1.);
#10233 = DIRECTION('',(0.,-0.,1.));
#10234 = PLANE('',#10235);
#10235 = AXIS2_PLACEMENT_3D('',#10236,#10237,#10238);
#10236 = CARTESIAN_POINT('',(40.48,-18.,-3.5));
#10237 = DIRECTION('',(0.,1.,0.));
#10238 = DIRECTION('',(1.,0.,0.));
#10239 = ADVANCED_FACE('',(#10240),#10258,.T.);
#10240 = FACE_BOUND('',#10241,.T.);
#10241 = EDGE_LOOP('',(#10242,#10243,#10244,#10252));
#10242 = ORIENTED_EDGE('',*,*,#180,.F.);
#10243 = ORIENTED_EDGE('',*,*,#10219,.T.);
#10244 = ORIENTED_EDGE('',*,*,#10245,.F.);
#10245 = EDGE_CURVE('',#10246,#10220,#10248,.T.);
#10246 = VERTEX_POINT('',#10247);
#10247 = CARTESIAN_POINT('',(42.48,-3.570714214271,-3.5));
#10248 = LINE('',#10249,#10250);
#10249 = CARTESIAN_POINT('',(42.48,-18.5,-3.5));
#10250 = VECTOR('',#10251,1.);
#10251 = DIRECTION('',(0.,-1.,0.));
#10252 = ORIENTED_EDGE('',*,*,#10253,.F.);
#10253 = EDGE_CURVE('',#181,#10246,#10254,.T.);
#10254 = LINE('',#10255,#10256);
#10255 = CARTESIAN_POINT('',(40.48,-3.570714214271,-3.5));
#10256 = VECTOR('',#10257,1.);
#10257 = DIRECTION('',(1.,0.,0.));
#10258 = PLANE('',#10259);
#10259 = AXIS2_PLACEMENT_3D('',#10260,#10261,#10262);
#10260 = CARTESIAN_POINT('',(40.48,-18.,-3.5));
#10261 = DIRECTION('',(0.,0.,1.));
#10262 = DIRECTION('',(1.,0.,0.));
#10263 = ADVANCED_FACE('',(#10264),#10276,.F.);
#10264 = FACE_BOUND('',#10265,.F.);
#10265 = EDGE_LOOP('',(#10266,#10267,#10268,#10275));
#10266 = ORIENTED_EDGE('',*,*,#188,.T.);
#10267 = ORIENTED_EDGE('',*,*,#248,.T.);
#10268 = ORIENTED_EDGE('',*,*,#10269,.F.);
#10269 = EDGE_CURVE('',#10246,#249,#10270,.T.);
#10270 = CIRCLE('',#10271,5.);
#10271 = AXIS2_PLACEMENT_3D('',#10272,#10273,#10274);
#10272 = CARTESIAN_POINT('',(42.48,0.,0.));
#10273 = DIRECTION('',(1.,0.,0.));
#10274 = DIRECTION('',(-0.,1.,0.));
#10275 = ORIENTED_EDGE('',*,*,#10253,.F.);
#10276 = CYLINDRICAL_SURFACE('',#10277,5.);
#10277 = AXIS2_PLACEMENT_3D('',#10278,#10279,#10280);
#10278 = CARTESIAN_POINT('',(40.48,0.,0.));
#10279 = DIRECTION('',(1.,0.,0.));
#10280 = DIRECTION('',(0.,1.,0.));
#10281 = ADVANCED_FACE('',(#10282,#10310,#10331,#10337,#10358,#10364,
    #10385,#10406,#10412,#10418,#10439,#10445,#10451,#10472,#10478,
    #10484,#10490,#10496,#10517,#10523,#10529,#10535,#10556,#10577,
    #10598,#10604,#10610,#10616,#10637,#10658,#10679,#10700,#10706,
    #10727,#10748,#10754,#10775,#10796,#10817,#10823,#10829,#10850,
    #10871,#10892,#10898,#10919,#10940,#10946,#10952,#10973,#10979,
    #10985,#11006,#11027,#11033,#11054,#11060,#11081,#11102,#11123,
    #11144,#11150,#11156,#11162,#11168,#11174,#11185,#11196,#11207,
    #11218,#11221,#11224,#11227,#11230,#11233,#11236,#11239,#11242,
    #11245,#11248,#11251,#11254,#11257,#11260,#11263),#11266,.T.);
#10282 = FACE_BOUND('',#10283,.T.);
#10283 = EDGE_LOOP('',(#10284,#10285,#10286,#10292,#10293,#10294,#10295,
    #10296,#10297,#10298,#10299,#10305,#10306,#10307,#10308,#10309));
#10284 = ORIENTED_EDGE('',*,*,#320,.T.);
#10285 = ORIENTED_EDGE('',*,*,#3298,.F.);
#10286 = ORIENTED_EDGE('',*,*,#10287,.T.);
#10287 = EDGE_CURVE('',#3299,#3424,#10288,.T.);
#10288 = LINE('',#10289,#10290);
#10289 = CARTESIAN_POINT('',(-42.48,-19.,-28.4));
#10290 = VECTOR('',#10291,1.);
#10291 = DIRECTION('',(-0.,1.,0.));
#10292 = ORIENTED_EDGE('',*,*,#3423,.T.);
#10293 = ORIENTED_EDGE('',*,*,#3472,.T.);
#10294 = ORIENTED_EDGE('',*,*,#9931,.T.);
#10295 = ORIENTED_EDGE('',*,*,#3535,.T.);
#10296 = ORIENTED_EDGE('',*,*,#9955,.F.);
#10297 = ORIENTED_EDGE('',*,*,#3623,.F.);
#10298 = ORIENTED_EDGE('',*,*,#3653,.T.);
#10299 = ORIENTED_EDGE('',*,*,#10300,.F.);
#10300 = EDGE_CURVE('',#3696,#3654,#10301,.T.);
#10301 = LINE('',#10302,#10303);
#10302 = CARTESIAN_POINT('',(42.48,-19.,-28.4));
#10303 = VECTOR('',#10304,1.);
#10304 = DIRECTION('',(-0.,1.,0.));
#10305 = ORIENTED_EDGE('',*,*,#3693,.F.);
#10306 = ORIENTED_EDGE('',*,*,#3756,.F.);
#10307 = ORIENTED_EDGE('',*,*,#9979,.T.);
#10308 = ORIENTED_EDGE('',*,*,#3390,.F.);
#10309 = ORIENTED_EDGE('',*,*,#3338,.F.);
#10310 = FACE_BOUND('',#10311,.T.);
#10311 = EDGE_LOOP('',(#10312,#10313,#10314,#10323,#10330));
#10312 = ORIENTED_EDGE('',*,*,#9829,.T.);
#10313 = ORIENTED_EDGE('',*,*,#9876,.F.);
#10314 = ORIENTED_EDGE('',*,*,#10315,.T.);
#10315 = EDGE_CURVE('',#9877,#10316,#10318,.T.);
#10316 = VERTEX_POINT('',#10317);
#10317 = CARTESIAN_POINT('',(29.315,27.94,-28.4));
#10318 = CIRCLE('',#10319,1.375);
#10319 = AXIS2_PLACEMENT_3D('',#10320,#10321,#10322);
#10320 = CARTESIAN_POINT('',(27.94,27.94,-28.4));
#10321 = DIRECTION('',(0.,0.,1.));
#10322 = DIRECTION('',(1.,0.,-0.));
#10323 = ORIENTED_EDGE('',*,*,#10324,.T.);
#10324 = EDGE_CURVE('',#10316,#9853,#10325,.T.);
#10325 = CIRCLE('',#10326,1.375);
#10326 = AXIS2_PLACEMENT_3D('',#10327,#10328,#10329);
#10327 = CARTESIAN_POINT('',(27.94,27.94,-28.4));
#10328 = DIRECTION('',(0.,0.,1.));
#10329 = DIRECTION('',(1.,0.,-0.));
#10330 = ORIENTED_EDGE('',*,*,#9852,.T.);
#10331 = FACE_BOUND('',#10332,.T.);
#10332 = EDGE_LOOP('',(#10333,#10334,#10335,#10336));
#10333 = ORIENTED_EDGE('',*,*,#9325,.T.);
#10334 = ORIENTED_EDGE('',*,*,#9380,.F.);
#10335 = ORIENTED_EDGE('',*,*,#9399,.T.);
#10336 = ORIENTED_EDGE('',*,*,#9356,.T.);
#10337 = FACE_BOUND('',#10338,.T.);
#10338 = EDGE_LOOP('',(#10339,#10340,#10341,#10350,#10357));
#10339 = ORIENTED_EDGE('',*,*,#9067,.T.);
#10340 = ORIENTED_EDGE('',*,*,#9114,.F.);
#10341 = ORIENTED_EDGE('',*,*,#10342,.T.);
#10342 = EDGE_CURVE('',#9115,#10343,#10345,.T.);
#10343 = VERTEX_POINT('',#10344);
#10344 = CARTESIAN_POINT('',(29.315,12.7,-28.4));
#10345 = CIRCLE('',#10346,1.375);
#10346 = AXIS2_PLACEMENT_3D('',#10347,#10348,#10349);
#10347 = CARTESIAN_POINT('',(27.94,12.7,-28.4));
#10348 = DIRECTION('',(0.,0.,1.));
#10349 = DIRECTION('',(1.,0.,-0.));
#10350 = ORIENTED_EDGE('',*,*,#10351,.T.);
#10351 = EDGE_CURVE('',#10343,#9091,#10352,.T.);
#10352 = CIRCLE('',#10353,1.375);
#10353 = AXIS2_PLACEMENT_3D('',#10354,#10355,#10356);
#10354 = CARTESIAN_POINT('',(27.94,12.7,-28.4));
#10355 = DIRECTION('',(0.,0.,1.));
#10356 = DIRECTION('',(1.,0.,-0.));
#10357 = ORIENTED_EDGE('',*,*,#9090,.T.);
#10358 = FACE_BOUND('',#10359,.T.);
#10359 = EDGE_LOOP('',(#10360,#10361,#10362,#10363));
#10360 = ORIENTED_EDGE('',*,*,#8182,.T.);
#10361 = ORIENTED_EDGE('',*,*,#8237,.F.);
#10362 = ORIENTED_EDGE('',*,*,#8256,.T.);
#10363 = ORIENTED_EDGE('',*,*,#8213,.T.);
#10364 = FACE_BOUND('',#10365,.T.);
#10365 = EDGE_LOOP('',(#10366,#10367,#10368,#10377,#10384));
#10366 = ORIENTED_EDGE('',*,*,#6781,.T.);
#10367 = ORIENTED_EDGE('',*,*,#6828,.F.);
#10368 = ORIENTED_EDGE('',*,*,#10369,.T.);
#10369 = EDGE_CURVE('',#6829,#10370,#10372,.T.);
#10370 = VERTEX_POINT('',#10371);
#10371 = CARTESIAN_POINT('',(29.315,-2.54,-28.4));
#10372 = CIRCLE('',#10373,1.375);
#10373 = AXIS2_PLACEMENT_3D('',#10374,#10375,#10376);
#10374 = CARTESIAN_POINT('',(27.94,-2.54,-28.4));
#10375 = DIRECTION('',(0.,0.,1.));
#10376 = DIRECTION('',(1.,0.,-0.));
#10377 = ORIENTED_EDGE('',*,*,#10378,.T.);
#10378 = EDGE_CURVE('',#10370,#6805,#10379,.T.);
#10379 = CIRCLE('',#10380,1.375);
#10380 = AXIS2_PLACEMENT_3D('',#10381,#10382,#10383);
#10381 = CARTESIAN_POINT('',(27.94,-2.54,-28.4));
#10382 = DIRECTION('',(0.,0.,1.));
#10383 = DIRECTION('',(1.,0.,-0.));
#10384 = ORIENTED_EDGE('',*,*,#6804,.T.);
#10385 = FACE_BOUND('',#10386,.T.);
#10386 = EDGE_LOOP('',(#10387,#10388,#10389,#10398,#10405));
#10387 = ORIENTED_EDGE('',*,*,#6019,.T.);
#10388 = ORIENTED_EDGE('',*,*,#6066,.F.);
#10389 = ORIENTED_EDGE('',*,*,#10390,.T.);
#10390 = EDGE_CURVE('',#6067,#10391,#10393,.T.);
#10391 = VERTEX_POINT('',#10392);
#10392 = CARTESIAN_POINT('',(29.315,-17.78,-28.4));
#10393 = CIRCLE('',#10394,1.375);
#10394 = AXIS2_PLACEMENT_3D('',#10395,#10396,#10397);
#10395 = CARTESIAN_POINT('',(27.94,-17.78,-28.4));
#10396 = DIRECTION('',(0.,0.,1.));
#10397 = DIRECTION('',(1.,0.,-0.));
#10398 = ORIENTED_EDGE('',*,*,#10399,.T.);
#10399 = EDGE_CURVE('',#10391,#6043,#10400,.T.);
#10400 = CIRCLE('',#10401,1.375);
#10401 = AXIS2_PLACEMENT_3D('',#10402,#10403,#10404);
#10402 = CARTESIAN_POINT('',(27.94,-17.78,-28.4));
#10403 = DIRECTION('',(0.,0.,1.));
#10404 = DIRECTION('',(1.,0.,-0.));
#10405 = ORIENTED_EDGE('',*,*,#6042,.T.);
#10406 = FACE_BOUND('',#10407,.T.);
#10407 = EDGE_LOOP('',(#10408,#10409,#10410,#10411));
#10408 = ORIENTED_EDGE('',*,*,#7801,.T.);
#10409 = ORIENTED_EDGE('',*,*,#7856,.F.);
#10410 = ORIENTED_EDGE('',*,*,#7875,.T.);
#10411 = ORIENTED_EDGE('',*,*,#7832,.T.);
#10412 = FACE_BOUND('',#10413,.T.);
#10413 = EDGE_LOOP('',(#10414,#10415,#10416,#10417));
#10414 = ORIENTED_EDGE('',*,*,#9706,.T.);
#10415 = ORIENTED_EDGE('',*,*,#9761,.F.);
#10416 = ORIENTED_EDGE('',*,*,#9780,.T.);
#10417 = ORIENTED_EDGE('',*,*,#9737,.T.);
#10418 = FACE_BOUND('',#10419,.T.);
#10419 = EDGE_LOOP('',(#10420,#10421,#10422,#10431,#10438));
#10420 = ORIENTED_EDGE('',*,*,#8305,.T.);
#10421 = ORIENTED_EDGE('',*,*,#8352,.F.);
#10422 = ORIENTED_EDGE('',*,*,#10423,.T.);
#10423 = EDGE_CURVE('',#8353,#10424,#10426,.T.);
#10424 = VERTEX_POINT('',#10425);
#10425 = CARTESIAN_POINT('',(-1.165,27.94,-28.4));
#10426 = CIRCLE('',#10427,1.375);
#10427 = AXIS2_PLACEMENT_3D('',#10428,#10429,#10430);
#10428 = CARTESIAN_POINT('',(-2.54,27.94,-28.4));
#10429 = DIRECTION('',(0.,0.,1.));
#10430 = DIRECTION('',(1.,0.,-0.));
#10431 = ORIENTED_EDGE('',*,*,#10432,.T.);
#10432 = EDGE_CURVE('',#10424,#8329,#10433,.T.);
#10433 = CIRCLE('',#10434,1.375);
#10434 = AXIS2_PLACEMENT_3D('',#10435,#10436,#10437);
#10435 = CARTESIAN_POINT('',(-2.54,27.94,-28.4));
#10436 = DIRECTION('',(0.,0.,1.));
#10437 = DIRECTION('',(1.,0.,-0.));
#10438 = ORIENTED_EDGE('',*,*,#8328,.T.);
#10439 = FACE_BOUND('',#10440,.T.);
#10440 = EDGE_LOOP('',(#10441,#10442,#10443,#10444));
#10441 = ORIENTED_EDGE('',*,*,#4299,.T.);
#10442 = ORIENTED_EDGE('',*,*,#4354,.F.);
#10443 = ORIENTED_EDGE('',*,*,#4373,.T.);
#10444 = ORIENTED_EDGE('',*,*,#4330,.T.);
#10445 = FACE_BOUND('',#10446,.T.);
#10446 = EDGE_LOOP('',(#10447,#10448,#10449,#10450));
#10447 = ORIENTED_EDGE('',*,*,#5061,.T.);
#10448 = ORIENTED_EDGE('',*,*,#5116,.F.);
#10449 = ORIENTED_EDGE('',*,*,#5135,.T.);
#10450 = ORIENTED_EDGE('',*,*,#5092,.T.);
#10451 = FACE_BOUND('',#10452,.T.);
#10452 = EDGE_LOOP('',(#10453,#10454,#10455,#10464,#10471));
#10453 = ORIENTED_EDGE('',*,*,#3813,.T.);
#10454 = ORIENTED_EDGE('',*,*,#3860,.F.);
#10455 = ORIENTED_EDGE('',*,*,#10456,.T.);
#10456 = EDGE_CURVE('',#3861,#10457,#10459,.T.);
#10457 = VERTEX_POINT('',#10458);
#10458 = CARTESIAN_POINT('',(-21.485,-27.94,-28.4));
#10459 = CIRCLE('',#10460,1.375);
#10460 = AXIS2_PLACEMENT_3D('',#10461,#10462,#10463);
#10461 = CARTESIAN_POINT('',(-22.86,-27.94,-28.4));
#10462 = DIRECTION('',(0.,0.,1.));
#10463 = DIRECTION('',(1.,0.,-0.));
#10464 = ORIENTED_EDGE('',*,*,#10465,.T.);
#10465 = EDGE_CURVE('',#10457,#3837,#10466,.T.);
#10466 = CIRCLE('',#10467,1.375);
#10467 = AXIS2_PLACEMENT_3D('',#10468,#10469,#10470);
#10468 = CARTESIAN_POINT('',(-22.86,-27.94,-28.4));
#10469 = DIRECTION('',(0.,0.,1.));
#10470 = DIRECTION('',(1.,0.,-0.));
#10471 = ORIENTED_EDGE('',*,*,#3836,.T.);
#10472 = FACE_BOUND('',#10473,.T.);
#10473 = EDGE_LOOP('',(#10474,#10475,#10476,#10477));
#10474 = ORIENTED_EDGE('',*,*,#4016,.T.);
#10475 = ORIENTED_EDGE('',*,*,#4071,.F.);
#10476 = ORIENTED_EDGE('',*,*,#4090,.T.);
#10477 = ORIENTED_EDGE('',*,*,#4047,.T.);
#10478 = FACE_BOUND('',#10479,.T.);
#10479 = EDGE_LOOP('',(#10480,#10481,#10482,#10483));
#10480 = ORIENTED_EDGE('',*,*,#3918,.T.);
#10481 = ORIENTED_EDGE('',*,*,#3973,.F.);
#10482 = ORIENTED_EDGE('',*,*,#3992,.T.);
#10483 = ORIENTED_EDGE('',*,*,#3949,.T.);
#10484 = FACE_BOUND('',#10485,.T.);
#10485 = EDGE_LOOP('',(#10486,#10487,#10488,#10489));
#10486 = ORIENTED_EDGE('',*,*,#4397,.T.);
#10487 = ORIENTED_EDGE('',*,*,#4452,.F.);
#10488 = ORIENTED_EDGE('',*,*,#4471,.T.);
#10489 = ORIENTED_EDGE('',*,*,#4428,.T.);
#10490 = FACE_BOUND('',#10491,.T.);
#10491 = EDGE_LOOP('',(#10492,#10493,#10494,#10495));
#10492 = ORIENTED_EDGE('',*,*,#5823,.T.);
#10493 = ORIENTED_EDGE('',*,*,#5878,.F.);
#10494 = ORIENTED_EDGE('',*,*,#5897,.T.);
#10495 = ORIENTED_EDGE('',*,*,#5854,.T.);
#10496 = FACE_BOUND('',#10497,.T.);
#10497 = EDGE_LOOP('',(#10498,#10499,#10500,#10509,#10516));
#10498 = ORIENTED_EDGE('',*,*,#4575,.T.);
#10499 = ORIENTED_EDGE('',*,*,#4622,.F.);
#10500 = ORIENTED_EDGE('',*,*,#10501,.T.);
#10501 = EDGE_CURVE('',#4623,#10502,#10504,.T.);
#10502 = VERTEX_POINT('',#10503);
#10503 = CARTESIAN_POINT('',(-21.485,-12.7,-28.4));
#10504 = CIRCLE('',#10505,1.375);
#10505 = AXIS2_PLACEMENT_3D('',#10506,#10507,#10508);
#10506 = CARTESIAN_POINT('',(-22.86,-12.7,-28.4));
#10507 = DIRECTION('',(0.,0.,1.));
#10508 = DIRECTION('',(1.,0.,-0.));
#10509 = ORIENTED_EDGE('',*,*,#10510,.T.);
#10510 = EDGE_CURVE('',#10502,#4599,#10511,.T.);
#10511 = CIRCLE('',#10512,1.375);
#10512 = AXIS2_PLACEMENT_3D('',#10513,#10514,#10515);
#10513 = CARTESIAN_POINT('',(-22.86,-12.7,-28.4));
#10514 = DIRECTION('',(0.,0.,1.));
#10515 = DIRECTION('',(1.,0.,-0.));
#10516 = ORIENTED_EDGE('',*,*,#4598,.T.);
#10517 = FACE_BOUND('',#10518,.T.);
#10518 = EDGE_LOOP('',(#10519,#10520,#10521,#10522));
#10519 = ORIENTED_EDGE('',*,*,#6585,.T.);
#10520 = ORIENTED_EDGE('',*,*,#6640,.F.);
#10521 = ORIENTED_EDGE('',*,*,#6659,.T.);
#10522 = ORIENTED_EDGE('',*,*,#6616,.T.);
#10523 = FACE_BOUND('',#10524,.T.);
#10524 = EDGE_LOOP('',(#10525,#10526,#10527,#10528));
#10525 = ORIENTED_EDGE('',*,*,#4680,.T.);
#10526 = ORIENTED_EDGE('',*,*,#4735,.F.);
#10527 = ORIENTED_EDGE('',*,*,#4754,.T.);
#10528 = ORIENTED_EDGE('',*,*,#4711,.T.);
#10529 = FACE_BOUND('',#10530,.T.);
#10530 = EDGE_LOOP('',(#10531,#10532,#10533,#10534));
#10531 = ORIENTED_EDGE('',*,*,#6204,.T.);
#10532 = ORIENTED_EDGE('',*,*,#6259,.F.);
#10533 = ORIENTED_EDGE('',*,*,#6278,.T.);
#10534 = ORIENTED_EDGE('',*,*,#6235,.T.);
#10535 = FACE_BOUND('',#10536,.T.);
#10536 = EDGE_LOOP('',(#10537,#10538,#10539,#10548,#10555));
#10537 = ORIENTED_EDGE('',*,*,#4495,.T.);
#10538 = ORIENTED_EDGE('',*,*,#4542,.F.);
#10539 = ORIENTED_EDGE('',*,*,#10540,.T.);
#10540 = EDGE_CURVE('',#4543,#10541,#10543,.T.);
#10541 = VERTEX_POINT('',#10542);
#10542 = CARTESIAN_POINT('',(-1.165,-17.78,-28.4));
#10543 = CIRCLE('',#10544,1.375);
#10544 = AXIS2_PLACEMENT_3D('',#10545,#10546,#10547);
#10545 = CARTESIAN_POINT('',(-2.54,-17.78,-28.4));
#10546 = DIRECTION('',(0.,0.,1.));
#10547 = DIRECTION('',(1.,0.,-0.));
#10548 = ORIENTED_EDGE('',*,*,#10549,.T.);
#10549 = EDGE_CURVE('',#10541,#4519,#10550,.T.);
#10550 = CIRCLE('',#10551,1.375);
#10551 = AXIS2_PLACEMENT_3D('',#10552,#10553,#10554);
#10552 = CARTESIAN_POINT('',(-2.54,-17.78,-28.4));
#10553 = DIRECTION('',(0.,0.,1.));
#10554 = DIRECTION('',(1.,0.,-0.));
#10555 = ORIENTED_EDGE('',*,*,#4518,.T.);
#10556 = FACE_BOUND('',#10557,.T.);
#10557 = EDGE_LOOP('',(#10558,#10559,#10560,#10569,#10576));
#10558 = ORIENTED_EDGE('',*,*,#5257,.T.);
#10559 = ORIENTED_EDGE('',*,*,#5304,.F.);
#10560 = ORIENTED_EDGE('',*,*,#10561,.T.);
#10561 = EDGE_CURVE('',#5305,#10562,#10564,.T.);
#10562 = VERTEX_POINT('',#10563);
#10563 = CARTESIAN_POINT('',(-1.165,-2.54,-28.4));
#10564 = CIRCLE('',#10565,1.375);
#10565 = AXIS2_PLACEMENT_3D('',#10566,#10567,#10568);
#10566 = CARTESIAN_POINT('',(-2.54,-2.54,-28.4));
#10567 = DIRECTION('',(0.,0.,1.));
#10568 = DIRECTION('',(1.,0.,-0.));
#10569 = ORIENTED_EDGE('',*,*,#10570,.T.);
#10570 = EDGE_CURVE('',#10562,#5281,#10571,.T.);
#10571 = CIRCLE('',#10572,1.375);
#10572 = AXIS2_PLACEMENT_3D('',#10573,#10574,#10575);
#10573 = CARTESIAN_POINT('',(-2.54,-2.54,-28.4));
#10574 = DIRECTION('',(0.,0.,1.));
#10575 = DIRECTION('',(1.,0.,-0.));
#10576 = ORIENTED_EDGE('',*,*,#5280,.T.);
#10577 = FACE_BOUND('',#10578,.T.);
#10578 = EDGE_LOOP('',(#10579,#10580,#10581,#10590,#10597));
#10579 = ORIENTED_EDGE('',*,*,#7623,.T.);
#10580 = ORIENTED_EDGE('',*,*,#7670,.F.);
#10581 = ORIENTED_EDGE('',*,*,#10582,.T.);
#10582 = EDGE_CURVE('',#7671,#10583,#10585,.T.);
#10583 = VERTEX_POINT('',#10584);
#10584 = CARTESIAN_POINT('',(-21.485,17.78,-28.4));
#10585 = CIRCLE('',#10586,1.375);
#10586 = AXIS2_PLACEMENT_3D('',#10587,#10588,#10589);
#10587 = CARTESIAN_POINT('',(-22.86,17.78,-28.4));
#10588 = DIRECTION('',(0.,0.,1.));
#10589 = DIRECTION('',(1.,0.,-0.));
#10590 = ORIENTED_EDGE('',*,*,#10591,.T.);
#10591 = EDGE_CURVE('',#10583,#7647,#10592,.T.);
#10592 = CIRCLE('',#10593,1.375);
#10593 = AXIS2_PLACEMENT_3D('',#10594,#10595,#10596);
#10594 = CARTESIAN_POINT('',(-22.86,17.78,-28.4));
#10595 = DIRECTION('',(0.,0.,1.));
#10596 = DIRECTION('',(1.,0.,-0.));
#10597 = ORIENTED_EDGE('',*,*,#7646,.T.);
#10598 = FACE_BOUND('',#10599,.T.);
#10599 = EDGE_LOOP('',(#10600,#10601,#10602,#10603));
#10600 = ORIENTED_EDGE('',*,*,#5540,.T.);
#10601 = ORIENTED_EDGE('',*,*,#5595,.F.);
#10602 = ORIENTED_EDGE('',*,*,#5614,.T.);
#10603 = ORIENTED_EDGE('',*,*,#5571,.T.);
#10604 = FACE_BOUND('',#10605,.T.);
#10605 = EDGE_LOOP('',(#10606,#10607,#10608,#10609));
#10606 = ORIENTED_EDGE('',*,*,#5442,.T.);
#10607 = ORIENTED_EDGE('',*,*,#5497,.F.);
#10608 = ORIENTED_EDGE('',*,*,#5516,.T.);
#10609 = ORIENTED_EDGE('',*,*,#5473,.T.);
#10610 = FACE_BOUND('',#10611,.T.);
#10611 = EDGE_LOOP('',(#10612,#10613,#10614,#10615));
#10612 = ORIENTED_EDGE('',*,*,#5921,.T.);
#10613 = ORIENTED_EDGE('',*,*,#5976,.F.);
#10614 = ORIENTED_EDGE('',*,*,#5995,.T.);
#10615 = ORIENTED_EDGE('',*,*,#5952,.T.);
#10616 = FACE_BOUND('',#10617,.T.);
#10617 = EDGE_LOOP('',(#10618,#10619,#10620,#10629,#10636));
#10618 = ORIENTED_EDGE('',*,*,#6861,.T.);
#10619 = ORIENTED_EDGE('',*,*,#6908,.F.);
#10620 = ORIENTED_EDGE('',*,*,#10621,.T.);
#10621 = EDGE_CURVE('',#6909,#10622,#10624,.T.);
#10622 = VERTEX_POINT('',#10623);
#10623 = CARTESIAN_POINT('',(-21.485,2.54,-28.4));
#10624 = CIRCLE('',#10625,1.375);
#10625 = AXIS2_PLACEMENT_3D('',#10626,#10627,#10628);
#10626 = CARTESIAN_POINT('',(-22.86,2.54,-28.4));
#10627 = DIRECTION('',(0.,0.,1.));
#10628 = DIRECTION('',(1.,0.,-0.));
#10629 = ORIENTED_EDGE('',*,*,#10630,.T.);
#10630 = EDGE_CURVE('',#10622,#6885,#10631,.T.);
#10631 = CIRCLE('',#10632,1.375);
#10632 = AXIS2_PLACEMENT_3D('',#10633,#10634,#10635);
#10633 = CARTESIAN_POINT('',(-22.86,2.54,-28.4));
#10634 = DIRECTION('',(0.,0.,1.));
#10635 = DIRECTION('',(1.,0.,-0.));
#10636 = ORIENTED_EDGE('',*,*,#6884,.T.);
#10637 = FACE_BOUND('',#10638,.T.);
#10638 = EDGE_LOOP('',(#10639,#10640,#10641,#10650,#10657));
#10639 = ORIENTED_EDGE('',*,*,#7543,.T.);
#10640 = ORIENTED_EDGE('',*,*,#7590,.F.);
#10641 = ORIENTED_EDGE('',*,*,#10642,.T.);
#10642 = EDGE_CURVE('',#7591,#10643,#10645,.T.);
#10643 = VERTEX_POINT('',#10644);
#10644 = CARTESIAN_POINT('',(-1.165,12.7,-28.4));
#10645 = CIRCLE('',#10646,1.375);
#10646 = AXIS2_PLACEMENT_3D('',#10647,#10648,#10649);
#10647 = CARTESIAN_POINT('',(-2.54,12.7,-28.4));
#10648 = DIRECTION('',(0.,0.,1.));
#10649 = DIRECTION('',(1.,0.,-0.));
#10650 = ORIENTED_EDGE('',*,*,#10651,.T.);
#10651 = EDGE_CURVE('',#10643,#7567,#10652,.T.);
#10652 = CIRCLE('',#10653,1.375);
#10653 = AXIS2_PLACEMENT_3D('',#10654,#10655,#10656);
#10654 = CARTESIAN_POINT('',(-2.54,12.7,-28.4));
#10655 = DIRECTION('',(0.,0.,1.));
#10656 = DIRECTION('',(1.,0.,-0.));
#10657 = ORIENTED_EDGE('',*,*,#7566,.T.);
#10658 = FACE_BOUND('',#10659,.T.);
#10659 = EDGE_LOOP('',(#10660,#10661,#10662,#10671,#10678));
#10660 = ORIENTED_EDGE('',*,*,#7924,.T.);
#10661 = ORIENTED_EDGE('',*,*,#7971,.F.);
#10662 = ORIENTED_EDGE('',*,*,#10663,.T.);
#10663 = EDGE_CURVE('',#7972,#10664,#10666,.T.);
#10664 = VERTEX_POINT('',#10665);
#10665 = CARTESIAN_POINT('',(-16.405,27.94,-28.4));
#10666 = CIRCLE('',#10667,1.375);
#10667 = AXIS2_PLACEMENT_3D('',#10668,#10669,#10670);
#10668 = CARTESIAN_POINT('',(-17.78,27.94,-28.4));
#10669 = DIRECTION('',(0.,0.,1.));
#10670 = DIRECTION('',(1.,0.,-0.));
#10671 = ORIENTED_EDGE('',*,*,#10672,.T.);
#10672 = EDGE_CURVE('',#10664,#7948,#10673,.T.);
#10673 = CIRCLE('',#10674,1.375);
#10674 = AXIS2_PLACEMENT_3D('',#10675,#10676,#10677);
#10675 = CARTESIAN_POINT('',(-17.78,27.94,-28.4));
#10676 = DIRECTION('',(0.,0.,1.));
#10677 = DIRECTION('',(1.,0.,-0.));
#10678 = ORIENTED_EDGE('',*,*,#7947,.T.);
#10679 = FACE_BOUND('',#10680,.T.);
#10680 = EDGE_LOOP('',(#10681,#10682,#10683,#10692,#10699));
#10681 = ORIENTED_EDGE('',*,*,#9448,.T.);
#10682 = ORIENTED_EDGE('',*,*,#9495,.F.);
#10683 = ORIENTED_EDGE('',*,*,#10684,.T.);
#10684 = EDGE_CURVE('',#9496,#10685,#10687,.T.);
#10685 = VERTEX_POINT('',#10686);
#10686 = CARTESIAN_POINT('',(14.075,27.94,-28.4));
#10687 = CIRCLE('',#10688,1.375);
#10688 = AXIS2_PLACEMENT_3D('',#10689,#10690,#10691);
#10689 = CARTESIAN_POINT('',(12.7,27.94,-28.4));
#10690 = DIRECTION('',(0.,0.,1.));
#10691 = DIRECTION('',(1.,0.,-0.));
#10692 = ORIENTED_EDGE('',*,*,#10693,.T.);
#10693 = EDGE_CURVE('',#10685,#9472,#10694,.T.);
#10694 = CIRCLE('',#10695,1.375);
#10695 = AXIS2_PLACEMENT_3D('',#10696,#10697,#10698);
#10696 = CARTESIAN_POINT('',(12.7,27.94,-28.4));
#10697 = DIRECTION('',(0.,0.,1.));
#10698 = DIRECTION('',(1.,0.,-0.));
#10699 = ORIENTED_EDGE('',*,*,#9471,.T.);
#10700 = FACE_BOUND('',#10701,.T.);
#10701 = EDGE_LOOP('',(#10702,#10703,#10704,#10705));
#10702 = ORIENTED_EDGE('',*,*,#7322,.T.);
#10703 = ORIENTED_EDGE('',*,*,#7377,.F.);
#10704 = ORIENTED_EDGE('',*,*,#7396,.T.);
#10705 = ORIENTED_EDGE('',*,*,#7353,.T.);
#10706 = FACE_BOUND('',#10707,.T.);
#10707 = EDGE_LOOP('',(#10708,#10709,#10710,#10719,#10726));
#10708 = ORIENTED_EDGE('',*,*,#4876,.T.);
#10709 = ORIENTED_EDGE('',*,*,#4923,.F.);
#10710 = ORIENTED_EDGE('',*,*,#10711,.T.);
#10711 = EDGE_CURVE('',#4924,#10712,#10714,.T.);
#10712 = VERTEX_POINT('',#10713);
#10713 = CARTESIAN_POINT('',(-16.405,-2.54,-28.4));
#10714 = CIRCLE('',#10715,1.375);
#10715 = AXIS2_PLACEMENT_3D('',#10716,#10717,#10718);
#10716 = CARTESIAN_POINT('',(-17.78,-2.54,-28.4));
#10717 = DIRECTION('',(0.,0.,1.));
#10718 = DIRECTION('',(1.,0.,-0.));
#10719 = ORIENTED_EDGE('',*,*,#10720,.T.);
#10720 = EDGE_CURVE('',#10712,#4900,#10721,.T.);
#10721 = CIRCLE('',#10722,1.375);
#10722 = AXIS2_PLACEMENT_3D('',#10723,#10724,#10725);
#10723 = CARTESIAN_POINT('',(-17.78,-2.54,-28.4));
#10724 = DIRECTION('',(0.,0.,1.));
#10725 = DIRECTION('',(1.,0.,-0.));
#10726 = ORIENTED_EDGE('',*,*,#4899,.T.);
#10727 = FACE_BOUND('',#10728,.T.);
#10728 = EDGE_LOOP('',(#10729,#10730,#10731,#10740,#10747));
#10729 = ORIENTED_EDGE('',*,*,#4956,.T.);
#10730 = ORIENTED_EDGE('',*,*,#5003,.F.);
#10731 = ORIENTED_EDGE('',*,*,#10732,.T.);
#10732 = EDGE_CURVE('',#5004,#10733,#10735,.T.);
#10733 = VERTEX_POINT('',#10734);
#10734 = CARTESIAN_POINT('',(-6.245,-12.7,-28.4));
#10735 = CIRCLE('',#10736,1.375);
#10736 = AXIS2_PLACEMENT_3D('',#10737,#10738,#10739);
#10737 = CARTESIAN_POINT('',(-7.62,-12.7,-28.4));
#10738 = DIRECTION('',(0.,0.,1.));
#10739 = DIRECTION('',(1.,0.,-0.));
#10740 = ORIENTED_EDGE('',*,*,#10741,.T.);
#10741 = EDGE_CURVE('',#10733,#4980,#10742,.T.);
#10742 = CIRCLE('',#10743,1.375);
#10743 = AXIS2_PLACEMENT_3D('',#10744,#10745,#10746);
#10744 = CARTESIAN_POINT('',(-7.62,-12.7,-28.4));
#10745 = DIRECTION('',(0.,0.,1.));
#10746 = DIRECTION('',(1.,0.,-0.));
#10747 = ORIENTED_EDGE('',*,*,#4979,.T.);
#10748 = FACE_BOUND('',#10749,.T.);
#10749 = EDGE_LOOP('',(#10750,#10751,#10752,#10753));
#10750 = ORIENTED_EDGE('',*,*,#5159,.T.);
#10751 = ORIENTED_EDGE('',*,*,#5214,.F.);
#10752 = ORIENTED_EDGE('',*,*,#5233,.T.);
#10753 = ORIENTED_EDGE('',*,*,#5190,.T.);
#10754 = FACE_BOUND('',#10755,.T.);
#10755 = EDGE_LOOP('',(#10756,#10757,#10758,#10767,#10774));
#10756 = ORIENTED_EDGE('',*,*,#5337,.T.);
#10757 = ORIENTED_EDGE('',*,*,#5384,.F.);
#10758 = ORIENTED_EDGE('',*,*,#10759,.T.);
#10759 = EDGE_CURVE('',#5385,#10760,#10762,.T.);
#10760 = VERTEX_POINT('',#10761);
#10761 = CARTESIAN_POINT('',(8.995,-27.94,-28.4));
#10762 = CIRCLE('',#10763,1.375);
#10763 = AXIS2_PLACEMENT_3D('',#10764,#10765,#10766);
#10764 = CARTESIAN_POINT('',(7.62,-27.94,-28.4));
#10765 = DIRECTION('',(0.,0.,1.));
#10766 = DIRECTION('',(1.,0.,-0.));
#10767 = ORIENTED_EDGE('',*,*,#10768,.T.);
#10768 = EDGE_CURVE('',#10760,#5361,#10769,.T.);
#10769 = CIRCLE('',#10770,1.375);
#10770 = AXIS2_PLACEMENT_3D('',#10771,#10772,#10773);
#10771 = CARTESIAN_POINT('',(7.62,-27.94,-28.4));
#10772 = DIRECTION('',(0.,0.,1.));
#10773 = DIRECTION('',(1.,0.,-0.));
#10774 = ORIENTED_EDGE('',*,*,#5360,.T.);
#10775 = FACE_BOUND('',#10776,.T.);
#10776 = EDGE_LOOP('',(#10777,#10778,#10779,#10788,#10795));
#10777 = ORIENTED_EDGE('',*,*,#5718,.T.);
#10778 = ORIENTED_EDGE('',*,*,#5765,.F.);
#10779 = ORIENTED_EDGE('',*,*,#10780,.T.);
#10780 = EDGE_CURVE('',#5766,#10781,#10783,.T.);
#10781 = VERTEX_POINT('',#10782);
#10782 = CARTESIAN_POINT('',(24.235,-27.94,-28.4));
#10783 = CIRCLE('',#10784,1.375);
#10784 = AXIS2_PLACEMENT_3D('',#10785,#10786,#10787);
#10785 = CARTESIAN_POINT('',(22.86,-27.94,-28.4));
#10786 = DIRECTION('',(0.,0.,1.));
#10787 = DIRECTION('',(1.,0.,-0.));
#10788 = ORIENTED_EDGE('',*,*,#10789,.T.);
#10789 = EDGE_CURVE('',#10781,#5742,#10790,.T.);
#10790 = CIRCLE('',#10791,1.375);
#10791 = AXIS2_PLACEMENT_3D('',#10792,#10793,#10794);
#10792 = CARTESIAN_POINT('',(22.86,-27.94,-28.4));
#10793 = DIRECTION('',(0.,0.,1.));
#10794 = DIRECTION('',(1.,0.,-0.));
#10795 = ORIENTED_EDGE('',*,*,#5741,.T.);
#10796 = FACE_BOUND('',#10797,.T.);
#10797 = EDGE_LOOP('',(#10798,#10799,#10800,#10809,#10816));
#10798 = ORIENTED_EDGE('',*,*,#6099,.T.);
#10799 = ORIENTED_EDGE('',*,*,#6146,.F.);
#10800 = ORIENTED_EDGE('',*,*,#10801,.T.);
#10801 = EDGE_CURVE('',#6147,#10802,#10804,.T.);
#10802 = VERTEX_POINT('',#10803);
#10803 = CARTESIAN_POINT('',(8.995,-12.7,-28.4));
#10804 = CIRCLE('',#10805,1.375);
#10805 = AXIS2_PLACEMENT_3D('',#10806,#10807,#10808);
#10806 = CARTESIAN_POINT('',(7.62,-12.7,-28.4));
#10807 = DIRECTION('',(0.,0.,1.));
#10808 = DIRECTION('',(1.,0.,-0.));
#10809 = ORIENTED_EDGE('',*,*,#10810,.T.);
#10810 = EDGE_CURVE('',#10802,#6123,#10811,.T.);
#10811 = CIRCLE('',#10812,1.375);
#10812 = AXIS2_PLACEMENT_3D('',#10813,#10814,#10815);
#10813 = CARTESIAN_POINT('',(7.62,-12.7,-28.4));
#10814 = DIRECTION('',(0.,0.,1.));
#10815 = DIRECTION('',(1.,0.,-0.));
#10816 = ORIENTED_EDGE('',*,*,#6122,.T.);
#10817 = FACE_BOUND('',#10818,.T.);
#10818 = EDGE_LOOP('',(#10819,#10820,#10821,#10822));
#10819 = ORIENTED_EDGE('',*,*,#6302,.T.);
#10820 = ORIENTED_EDGE('',*,*,#6357,.F.);
#10821 = ORIENTED_EDGE('',*,*,#6376,.T.);
#10822 = ORIENTED_EDGE('',*,*,#6333,.T.);
#10823 = FACE_BOUND('',#10824,.T.);
#10824 = EDGE_LOOP('',(#10825,#10826,#10827,#10828));
#10825 = ORIENTED_EDGE('',*,*,#6683,.T.);
#10826 = ORIENTED_EDGE('',*,*,#6738,.F.);
#10827 = ORIENTED_EDGE('',*,*,#6757,.T.);
#10828 = ORIENTED_EDGE('',*,*,#6714,.T.);
#10829 = FACE_BOUND('',#10830,.T.);
#10830 = EDGE_LOOP('',(#10831,#10832,#10833,#10842,#10849));
#10831 = ORIENTED_EDGE('',*,*,#6400,.T.);
#10832 = ORIENTED_EDGE('',*,*,#6447,.F.);
#10833 = ORIENTED_EDGE('',*,*,#10834,.T.);
#10834 = EDGE_CURVE('',#6448,#10835,#10837,.T.);
#10835 = VERTEX_POINT('',#10836);
#10836 = CARTESIAN_POINT('',(14.075,-2.54,-28.4));
#10837 = CIRCLE('',#10838,1.375);
#10838 = AXIS2_PLACEMENT_3D('',#10839,#10840,#10841);
#10839 = CARTESIAN_POINT('',(12.7,-2.54,-28.4));
#10840 = DIRECTION('',(0.,0.,1.));
#10841 = DIRECTION('',(1.,0.,-0.));
#10842 = ORIENTED_EDGE('',*,*,#10843,.T.);
#10843 = EDGE_CURVE('',#10835,#6424,#10844,.T.);
#10844 = CIRCLE('',#10845,1.375);
#10845 = AXIS2_PLACEMENT_3D('',#10846,#10847,#10848);
#10846 = CARTESIAN_POINT('',(12.7,-2.54,-28.4));
#10847 = DIRECTION('',(0.,0.,1.));
#10848 = DIRECTION('',(1.,0.,-0.));
#10849 = ORIENTED_EDGE('',*,*,#6423,.T.);
#10850 = FACE_BOUND('',#10851,.T.);
#10851 = EDGE_LOOP('',(#10852,#10853,#10854,#10863,#10870));
#10852 = ORIENTED_EDGE('',*,*,#6480,.T.);
#10853 = ORIENTED_EDGE('',*,*,#6527,.F.);
#10854 = ORIENTED_EDGE('',*,*,#10855,.T.);
#10855 = EDGE_CURVE('',#6528,#10856,#10858,.T.);
#10856 = VERTEX_POINT('',#10857);
#10857 = CARTESIAN_POINT('',(24.235,-12.7,-28.4));
#10858 = CIRCLE('',#10859,1.375);
#10859 = AXIS2_PLACEMENT_3D('',#10860,#10861,#10862);
#10860 = CARTESIAN_POINT('',(22.86,-12.7,-28.4));
#10861 = DIRECTION('',(0.,0.,1.));
#10862 = DIRECTION('',(1.,0.,-0.));
#10863 = ORIENTED_EDGE('',*,*,#10864,.T.);
#10864 = EDGE_CURVE('',#10856,#6504,#10865,.T.);
#10865 = CIRCLE('',#10866,1.375);
#10866 = AXIS2_PLACEMENT_3D('',#10867,#10868,#10869);
#10867 = CARTESIAN_POINT('',(22.86,-12.7,-28.4));
#10868 = DIRECTION('',(0.,0.,1.));
#10869 = DIRECTION('',(1.,0.,-0.));
#10870 = ORIENTED_EDGE('',*,*,#6503,.T.);
#10871 = FACE_BOUND('',#10872,.T.);
#10872 = EDGE_LOOP('',(#10873,#10874,#10875,#10884,#10891));
#10873 = ORIENTED_EDGE('',*,*,#5638,.T.);
#10874 = ORIENTED_EDGE('',*,*,#5685,.F.);
#10875 = ORIENTED_EDGE('',*,*,#10876,.T.);
#10876 = EDGE_CURVE('',#5686,#10877,#10879,.T.);
#10877 = VERTEX_POINT('',#10878);
#10878 = CARTESIAN_POINT('',(14.075,-17.78,-28.4));
#10879 = CIRCLE('',#10880,1.375);
#10880 = AXIS2_PLACEMENT_3D('',#10881,#10882,#10883);
#10881 = CARTESIAN_POINT('',(12.7,-17.78,-28.4));
#10882 = DIRECTION('',(0.,0.,1.));
#10883 = DIRECTION('',(1.,0.,-0.));
#10884 = ORIENTED_EDGE('',*,*,#10885,.T.);
#10885 = EDGE_CURVE('',#10877,#5662,#10886,.T.);
#10886 = CIRCLE('',#10887,1.375);
#10887 = AXIS2_PLACEMENT_3D('',#10888,#10889,#10890);
#10888 = CARTESIAN_POINT('',(12.7,-17.78,-28.4));
#10889 = DIRECTION('',(0.,0.,1.));
#10890 = DIRECTION('',(1.,0.,-0.));
#10891 = ORIENTED_EDGE('',*,*,#5661,.T.);
#10892 = FACE_BOUND('',#10893,.T.);
#10893 = EDGE_LOOP('',(#10894,#10895,#10896,#10897));
#10894 = ORIENTED_EDGE('',*,*,#7039,.T.);
#10895 = ORIENTED_EDGE('',*,*,#7094,.F.);
#10896 = ORIENTED_EDGE('',*,*,#7113,.T.);
#10897 = ORIENTED_EDGE('',*,*,#7070,.T.);
#10898 = FACE_BOUND('',#10899,.T.);
#10899 = EDGE_LOOP('',(#10900,#10901,#10902,#10911,#10918));
#10900 = ORIENTED_EDGE('',*,*,#7162,.T.);
#10901 = ORIENTED_EDGE('',*,*,#7209,.F.);
#10902 = ORIENTED_EDGE('',*,*,#10903,.T.);
#10903 = EDGE_CURVE('',#7210,#10904,#10906,.T.);
#10904 = VERTEX_POINT('',#10905);
#10905 = CARTESIAN_POINT('',(-16.405,12.7,-28.4));
#10906 = CIRCLE('',#10907,1.375);
#10907 = AXIS2_PLACEMENT_3D('',#10908,#10909,#10910);
#10908 = CARTESIAN_POINT('',(-17.78,12.7,-28.4));
#10909 = DIRECTION('',(0.,0.,1.));
#10910 = DIRECTION('',(1.,0.,-0.));
#10911 = ORIENTED_EDGE('',*,*,#10912,.T.);
#10912 = EDGE_CURVE('',#10904,#7186,#10913,.T.);
#10913 = CIRCLE('',#10914,1.375);
#10914 = AXIS2_PLACEMENT_3D('',#10915,#10916,#10917);
#10915 = CARTESIAN_POINT('',(-17.78,12.7,-28.4));
#10916 = DIRECTION('',(0.,0.,1.));
#10917 = DIRECTION('',(1.,0.,-0.));
#10918 = ORIENTED_EDGE('',*,*,#7185,.T.);
#10919 = FACE_BOUND('',#10920,.T.);
#10920 = EDGE_LOOP('',(#10921,#10922,#10923,#10932,#10939));
#10921 = ORIENTED_EDGE('',*,*,#7242,.T.);
#10922 = ORIENTED_EDGE('',*,*,#7289,.F.);
#10923 = ORIENTED_EDGE('',*,*,#10924,.T.);
#10924 = EDGE_CURVE('',#7290,#10925,#10927,.T.);
#10925 = VERTEX_POINT('',#10926);
#10926 = CARTESIAN_POINT('',(-6.245,2.54,-28.4));
#10927 = CIRCLE('',#10928,1.375);
#10928 = AXIS2_PLACEMENT_3D('',#10929,#10930,#10931);
#10929 = CARTESIAN_POINT('',(-7.62,2.54,-28.4));
#10930 = DIRECTION('',(0.,0.,1.));
#10931 = DIRECTION('',(1.,0.,-0.));
#10932 = ORIENTED_EDGE('',*,*,#10933,.T.);
#10933 = EDGE_CURVE('',#10925,#7266,#10934,.T.);
#10934 = CIRCLE('',#10935,1.375);
#10935 = AXIS2_PLACEMENT_3D('',#10936,#10937,#10938);
#10936 = CARTESIAN_POINT('',(-7.62,2.54,-28.4));
#10937 = DIRECTION('',(0.,0.,1.));
#10938 = DIRECTION('',(1.,0.,-0.));
#10939 = ORIENTED_EDGE('',*,*,#7265,.T.);
#10940 = FACE_BOUND('',#10941,.T.);
#10941 = EDGE_LOOP('',(#10942,#10943,#10944,#10945));
#10942 = ORIENTED_EDGE('',*,*,#6941,.T.);
#10943 = ORIENTED_EDGE('',*,*,#6996,.F.);
#10944 = ORIENTED_EDGE('',*,*,#7015,.T.);
#10945 = ORIENTED_EDGE('',*,*,#6972,.T.);
#10946 = FACE_BOUND('',#10947,.T.);
#10947 = EDGE_LOOP('',(#10948,#10949,#10950,#10951));
#10948 = ORIENTED_EDGE('',*,*,#7420,.T.);
#10949 = ORIENTED_EDGE('',*,*,#7475,.F.);
#10950 = ORIENTED_EDGE('',*,*,#7494,.T.);
#10951 = ORIENTED_EDGE('',*,*,#7451,.T.);
#10952 = FACE_BOUND('',#10953,.T.);
#10953 = EDGE_LOOP('',(#10954,#10955,#10956,#10965,#10972));
#10954 = ORIENTED_EDGE('',*,*,#8004,.T.);
#10955 = ORIENTED_EDGE('',*,*,#8051,.F.);
#10956 = ORIENTED_EDGE('',*,*,#10957,.T.);
#10957 = EDGE_CURVE('',#8052,#10958,#10960,.T.);
#10958 = VERTEX_POINT('',#10959);
#10959 = CARTESIAN_POINT('',(-6.245,17.78,-28.4));
#10960 = CIRCLE('',#10961,1.375);
#10961 = AXIS2_PLACEMENT_3D('',#10962,#10963,#10964);
#10962 = CARTESIAN_POINT('',(-7.62,17.78,-28.4));
#10963 = DIRECTION('',(0.,0.,1.));
#10964 = DIRECTION('',(1.,0.,-0.));
#10965 = ORIENTED_EDGE('',*,*,#10966,.T.);
#10966 = EDGE_CURVE('',#10958,#8028,#10967,.T.);
#10967 = CIRCLE('',#10968,1.375);
#10968 = AXIS2_PLACEMENT_3D('',#10969,#10970,#10971);
#10969 = CARTESIAN_POINT('',(-7.62,17.78,-28.4));
#10970 = DIRECTION('',(0.,0.,1.));
#10971 = DIRECTION('',(1.,0.,-0.));
#10972 = ORIENTED_EDGE('',*,*,#8027,.T.);
#10973 = FACE_BOUND('',#10974,.T.);
#10974 = EDGE_LOOP('',(#10975,#10976,#10977,#10978));
#10975 = ORIENTED_EDGE('',*,*,#8465,.T.);
#10976 = ORIENTED_EDGE('',*,*,#8520,.F.);
#10977 = ORIENTED_EDGE('',*,*,#8539,.T.);
#10978 = ORIENTED_EDGE('',*,*,#8496,.T.);
#10979 = FACE_BOUND('',#10980,.T.);
#10980 = EDGE_LOOP('',(#10981,#10982,#10983,#10984));
#10981 = ORIENTED_EDGE('',*,*,#8563,.T.);
#10982 = ORIENTED_EDGE('',*,*,#8618,.F.);
#10983 = ORIENTED_EDGE('',*,*,#8637,.T.);
#10984 = ORIENTED_EDGE('',*,*,#8594,.T.);
#10985 = FACE_BOUND('',#10986,.T.);
#10986 = EDGE_LOOP('',(#10987,#10988,#10989,#10998,#11005));
#10987 = ORIENTED_EDGE('',*,*,#9147,.T.);
#10988 = ORIENTED_EDGE('',*,*,#9194,.F.);
#10989 = ORIENTED_EDGE('',*,*,#10990,.T.);
#10990 = EDGE_CURVE('',#9195,#10991,#10993,.T.);
#10991 = VERTEX_POINT('',#10992);
#10992 = CARTESIAN_POINT('',(8.995,17.78,-28.4));
#10993 = CIRCLE('',#10994,1.375);
#10994 = AXIS2_PLACEMENT_3D('',#10995,#10996,#10997);
#10995 = CARTESIAN_POINT('',(7.62,17.78,-28.4));
#10996 = DIRECTION('',(0.,0.,1.));
#10997 = DIRECTION('',(1.,0.,-0.));
#10998 = ORIENTED_EDGE('',*,*,#10999,.T.);
#10999 = EDGE_CURVE('',#10991,#9171,#11000,.T.);
#11000 = CIRCLE('',#11001,1.375);
#11001 = AXIS2_PLACEMENT_3D('',#11002,#11003,#11004);
#11002 = CARTESIAN_POINT('',(7.62,17.78,-28.4));
#11003 = DIRECTION('',(0.,0.,1.));
#11004 = DIRECTION('',(1.,0.,-0.));
#11005 = ORIENTED_EDGE('',*,*,#9170,.T.);
#11006 = FACE_BOUND('',#11007,.T.);
#11007 = EDGE_LOOP('',(#11008,#11009,#11010,#11019,#11026));
#11008 = ORIENTED_EDGE('',*,*,#8686,.T.);
#11009 = ORIENTED_EDGE('',*,*,#8733,.F.);
#11010 = ORIENTED_EDGE('',*,*,#11011,.T.);
#11011 = EDGE_CURVE('',#8734,#11012,#11014,.T.);
#11012 = VERTEX_POINT('',#11013);
#11013 = CARTESIAN_POINT('',(14.075,12.7,-28.4));
#11014 = CIRCLE('',#11015,1.375);
#11015 = AXIS2_PLACEMENT_3D('',#11016,#11017,#11018);
#11016 = CARTESIAN_POINT('',(12.7,12.7,-28.4));
#11017 = DIRECTION('',(0.,0.,1.));
#11018 = DIRECTION('',(1.,0.,-0.));
#11019 = ORIENTED_EDGE('',*,*,#11020,.T.);
#11020 = EDGE_CURVE('',#11012,#8710,#11021,.T.);
#11021 = CIRCLE('',#11022,1.375);
#11022 = AXIS2_PLACEMENT_3D('',#11023,#11024,#11025);
#11023 = CARTESIAN_POINT('',(12.7,12.7,-28.4));
#11024 = DIRECTION('',(0.,0.,1.));
#11025 = DIRECTION('',(1.,0.,-0.));
#11026 = ORIENTED_EDGE('',*,*,#8709,.T.);
#11027 = FACE_BOUND('',#11028,.T.);
#11028 = EDGE_LOOP('',(#11029,#11030,#11031,#11032));
#11029 = ORIENTED_EDGE('',*,*,#8944,.T.);
#11030 = ORIENTED_EDGE('',*,*,#8999,.F.);
#11031 = ORIENTED_EDGE('',*,*,#9018,.T.);
#11032 = ORIENTED_EDGE('',*,*,#8975,.T.);
#11033 = FACE_BOUND('',#11034,.T.);
#11034 = EDGE_LOOP('',(#11035,#11036,#11037,#11046,#11053));
#11035 = ORIENTED_EDGE('',*,*,#8766,.T.);
#11036 = ORIENTED_EDGE('',*,*,#8813,.F.);
#11037 = ORIENTED_EDGE('',*,*,#11038,.T.);
#11038 = EDGE_CURVE('',#8814,#11039,#11041,.T.);
#11039 = VERTEX_POINT('',#11040);
#11040 = CARTESIAN_POINT('',(24.235,2.54,-28.4));
#11041 = CIRCLE('',#11042,1.375);
#11042 = AXIS2_PLACEMENT_3D('',#11043,#11044,#11045);
#11043 = CARTESIAN_POINT('',(22.86,2.54,-28.4));
#11044 = DIRECTION('',(0.,0.,1.));
#11045 = DIRECTION('',(1.,0.,-0.));
#11046 = ORIENTED_EDGE('',*,*,#11047,.T.);
#11047 = EDGE_CURVE('',#11039,#8790,#11048,.T.);
#11048 = CIRCLE('',#11049,1.375);
#11049 = AXIS2_PLACEMENT_3D('',#11050,#11051,#11052);
#11050 = CARTESIAN_POINT('',(22.86,2.54,-28.4));
#11051 = DIRECTION('',(0.,0.,1.));
#11052 = DIRECTION('',(1.,0.,-0.));
#11053 = ORIENTED_EDGE('',*,*,#8789,.T.);
#11054 = FACE_BOUND('',#11055,.T.);
#11055 = EDGE_LOOP('',(#11056,#11057,#11058,#11059));
#11056 = ORIENTED_EDGE('',*,*,#8846,.T.);
#11057 = ORIENTED_EDGE('',*,*,#8901,.F.);
#11058 = ORIENTED_EDGE('',*,*,#8920,.T.);
#11059 = ORIENTED_EDGE('',*,*,#8877,.T.);
#11060 = FACE_BOUND('',#11061,.T.);
#11061 = EDGE_LOOP('',(#11062,#11063,#11064,#11073,#11080));
#11062 = ORIENTED_EDGE('',*,*,#8385,.T.);
#11063 = ORIENTED_EDGE('',*,*,#8432,.F.);
#11064 = ORIENTED_EDGE('',*,*,#11065,.T.);
#11065 = EDGE_CURVE('',#8433,#11066,#11068,.T.);
#11066 = VERTEX_POINT('',#11067);
#11067 = CARTESIAN_POINT('',(8.995,2.54,-28.4));
#11068 = CIRCLE('',#11069,1.375);
#11069 = AXIS2_PLACEMENT_3D('',#11070,#11071,#11072);
#11070 = CARTESIAN_POINT('',(7.62,2.54,-28.4));
#11071 = DIRECTION('',(0.,0.,1.));
#11072 = DIRECTION('',(1.,0.,-0.));
#11073 = ORIENTED_EDGE('',*,*,#11074,.T.);
#11074 = EDGE_CURVE('',#11066,#8409,#11075,.T.);
#11075 = CIRCLE('',#11076,1.375);
#11076 = AXIS2_PLACEMENT_3D('',#11077,#11078,#11079);
#11077 = CARTESIAN_POINT('',(7.62,2.54,-28.4));
#11078 = DIRECTION('',(0.,0.,1.));
#11079 = DIRECTION('',(1.,0.,-0.));
#11080 = ORIENTED_EDGE('',*,*,#8408,.T.);
#11081 = FACE_BOUND('',#11082,.T.);
#11082 = EDGE_LOOP('',(#11083,#11084,#11085,#11094,#11101));
#11083 = ORIENTED_EDGE('',*,*,#9528,.T.);
#11084 = ORIENTED_EDGE('',*,*,#9575,.F.);
#11085 = ORIENTED_EDGE('',*,*,#11086,.T.);
#11086 = EDGE_CURVE('',#9576,#11087,#11089,.T.);
#11087 = VERTEX_POINT('',#11088);
#11088 = CARTESIAN_POINT('',(24.235,17.78,-28.4));
#11089 = CIRCLE('',#11090,1.375);
#11090 = AXIS2_PLACEMENT_3D('',#11091,#11092,#11093);
#11091 = CARTESIAN_POINT('',(22.86,17.78,-28.4));
#11092 = DIRECTION('',(0.,0.,1.));
#11093 = DIRECTION('',(1.,0.,-0.));
#11094 = ORIENTED_EDGE('',*,*,#11095,.T.);
#11095 = EDGE_CURVE('',#11087,#9552,#11096,.T.);
#11096 = CIRCLE('',#11097,1.375);
#11097 = AXIS2_PLACEMENT_3D('',#11098,#11099,#11100);
#11098 = CARTESIAN_POINT('',(22.86,17.78,-28.4));
#11099 = DIRECTION('',(0.,0.,1.));
#11100 = DIRECTION('',(1.,0.,-0.));
#11101 = ORIENTED_EDGE('',*,*,#9551,.T.);
#11102 = FACE_BOUND('',#11103,.T.);
#11103 = EDGE_LOOP('',(#11104,#11105,#11106,#11115,#11122));
#11104 = ORIENTED_EDGE('',*,*,#4194,.T.);
#11105 = ORIENTED_EDGE('',*,*,#4241,.F.);
#11106 = ORIENTED_EDGE('',*,*,#11107,.T.);
#11107 = EDGE_CURVE('',#4242,#11108,#11110,.T.);
#11108 = VERTEX_POINT('',#11109);
#11109 = CARTESIAN_POINT('',(-6.245,-27.94,-28.4));
#11110 = CIRCLE('',#11111,1.375);
#11111 = AXIS2_PLACEMENT_3D('',#11112,#11113,#11114);
#11112 = CARTESIAN_POINT('',(-7.62,-27.94,-28.4));
#11113 = DIRECTION('',(0.,0.,1.));
#11114 = DIRECTION('',(1.,0.,-0.));
#11115 = ORIENTED_EDGE('',*,*,#11116,.T.);
#11116 = EDGE_CURVE('',#11108,#4218,#11117,.T.);
#11117 = CIRCLE('',#11118,1.375);
#11118 = AXIS2_PLACEMENT_3D('',#11119,#11120,#11121);
#11119 = CARTESIAN_POINT('',(-7.62,-27.94,-28.4));
#11120 = DIRECTION('',(0.,0.,1.));
#11121 = DIRECTION('',(1.,0.,-0.));
#11122 = ORIENTED_EDGE('',*,*,#4217,.T.);
#11123 = FACE_BOUND('',#11124,.T.);
#11124 = EDGE_LOOP('',(#11125,#11126,#11127,#11136,#11143));
#11125 = ORIENTED_EDGE('',*,*,#4114,.T.);
#11126 = ORIENTED_EDGE('',*,*,#4161,.F.);
#11127 = ORIENTED_EDGE('',*,*,#11128,.T.);
#11128 = EDGE_CURVE('',#4162,#11129,#11131,.T.);
#11129 = VERTEX_POINT('',#11130);
#11130 = CARTESIAN_POINT('',(-16.405,-17.78,-28.4));
#11131 = CIRCLE('',#11132,1.375);
#11132 = AXIS2_PLACEMENT_3D('',#11133,#11134,#11135);
#11133 = CARTESIAN_POINT('',(-17.78,-17.78,-28.4));
#11134 = DIRECTION('',(0.,0.,1.));
#11135 = DIRECTION('',(1.,0.,-0.));
#11136 = ORIENTED_EDGE('',*,*,#11137,.T.);
#11137 = EDGE_CURVE('',#11129,#4138,#11138,.T.);
#11138 = CIRCLE('',#11139,1.375);
#11139 = AXIS2_PLACEMENT_3D('',#11140,#11141,#11142);
#11140 = CARTESIAN_POINT('',(-17.78,-17.78,-28.4));
#11141 = DIRECTION('',(0.,0.,1.));
#11142 = DIRECTION('',(1.,0.,-0.));
#11143 = ORIENTED_EDGE('',*,*,#4137,.T.);
#11144 = FACE_BOUND('',#11145,.T.);
#11145 = EDGE_LOOP('',(#11146,#11147,#11148,#11149));
#11146 = ORIENTED_EDGE('',*,*,#4778,.T.);
#11147 = ORIENTED_EDGE('',*,*,#4833,.F.);
#11148 = ORIENTED_EDGE('',*,*,#4852,.T.);
#11149 = ORIENTED_EDGE('',*,*,#4809,.T.);
#11150 = FACE_BOUND('',#11151,.T.);
#11151 = EDGE_LOOP('',(#11152,#11153,#11154,#11155));
#11152 = ORIENTED_EDGE('',*,*,#8084,.T.);
#11153 = ORIENTED_EDGE('',*,*,#8139,.F.);
#11154 = ORIENTED_EDGE('',*,*,#8158,.T.);
#11155 = ORIENTED_EDGE('',*,*,#8115,.T.);
#11156 = FACE_BOUND('',#11157,.T.);
#11157 = EDGE_LOOP('',(#11158,#11159,#11160,#11161));
#11158 = ORIENTED_EDGE('',*,*,#9227,.T.);
#11159 = ORIENTED_EDGE('',*,*,#9282,.F.);
#11160 = ORIENTED_EDGE('',*,*,#9301,.T.);
#11161 = ORIENTED_EDGE('',*,*,#9258,.T.);
#11162 = FACE_BOUND('',#11163,.T.);
#11163 = EDGE_LOOP('',(#11164,#11165,#11166,#11167));
#11164 = ORIENTED_EDGE('',*,*,#7703,.T.);
#11165 = ORIENTED_EDGE('',*,*,#7758,.F.);
#11166 = ORIENTED_EDGE('',*,*,#7777,.T.);
#11167 = ORIENTED_EDGE('',*,*,#7734,.T.);
#11168 = FACE_BOUND('',#11169,.T.);
#11169 = EDGE_LOOP('',(#11170,#11171,#11172,#11173));
#11170 = ORIENTED_EDGE('',*,*,#9608,.T.);
#11171 = ORIENTED_EDGE('',*,*,#9663,.F.);
#11172 = ORIENTED_EDGE('',*,*,#9682,.T.);
#11173 = ORIENTED_EDGE('',*,*,#9639,.T.);
#11174 = FACE_BOUND('',#11175,.T.);
#11175 = EDGE_LOOP('',(#11176));
#11176 = ORIENTED_EDGE('',*,*,#11177,.T.);
#11177 = EDGE_CURVE('',#11178,#11178,#11180,.T.);
#11178 = VERTEX_POINT('',#11179);
#11179 = CARTESIAN_POINT('',(36.18,-34.48,-28.4));
#11180 = CIRCLE('',#11181,1.7);
#11181 = AXIS2_PLACEMENT_3D('',#11182,#11183,#11184);
#11182 = CARTESIAN_POINT('',(34.48,-34.48,-28.4));
#11183 = DIRECTION('',(0.,0.,1.));
#11184 = DIRECTION('',(1.,0.,-0.));
#11185 = FACE_BOUND('',#11186,.T.);
#11186 = EDGE_LOOP('',(#11187));
#11187 = ORIENTED_EDGE('',*,*,#11188,.T.);
#11188 = EDGE_CURVE('',#11189,#11189,#11191,.T.);
#11189 = VERTEX_POINT('',#11190);
#11190 = CARTESIAN_POINT('',(-32.78,34.48,-28.4));
#11191 = CIRCLE('',#11192,1.7);
#11192 = AXIS2_PLACEMENT_3D('',#11193,#11194,#11195);
#11193 = CARTESIAN_POINT('',(-34.48,34.48,-28.4));
#11194 = DIRECTION('',(0.,0.,1.));
#11195 = DIRECTION('',(1.,0.,-0.));
#11196 = FACE_BOUND('',#11197,.T.);
#11197 = EDGE_LOOP('',(#11198));
#11198 = ORIENTED_EDGE('',*,*,#11199,.T.);
#11199 = EDGE_CURVE('',#11200,#11200,#11202,.T.);
#11200 = VERTEX_POINT('',#11201);
#11201 = CARTESIAN_POINT('',(-32.78,-34.48,-28.4));
#11202 = CIRCLE('',#11203,1.7);
#11203 = AXIS2_PLACEMENT_3D('',#11204,#11205,#11206);
#11204 = CARTESIAN_POINT('',(-34.48,-34.48,-28.4));
#11205 = DIRECTION('',(0.,0.,1.));
#11206 = DIRECTION('',(1.,0.,-0.));
#11207 = FACE_BOUND('',#11208,.T.);
#11208 = EDGE_LOOP('',(#11209));
#11209 = ORIENTED_EDGE('',*,*,#11210,.T.);
#11210 = EDGE_CURVE('',#11211,#11211,#11213,.T.);
#11211 = VERTEX_POINT('',#11212);
#11212 = CARTESIAN_POINT('',(36.18,34.48,-28.4));
#11213 = CIRCLE('',#11214,1.7);
#11214 = AXIS2_PLACEMENT_3D('',#11215,#11216,#11217);
#11215 = CARTESIAN_POINT('',(34.48,34.48,-28.4));
#11216 = DIRECTION('',(0.,0.,1.));
#11217 = DIRECTION('',(1.,0.,-0.));
#11218 = FACE_BOUND('',#11219,.T.);
#11219 = EDGE_LOOP('',(#11220));
#11220 = ORIENTED_EDGE('',*,*,#8280,.T.);
#11221 = FACE_BOUND('',#11222,.T.);
#11222 = EDGE_LOOP('',(#11223));
#11223 = ORIENTED_EDGE('',*,*,#4274,.T.);
#11224 = FACE_BOUND('',#11225,.T.);
#11225 = EDGE_LOOP('',(#11226));
#11226 = ORIENTED_EDGE('',*,*,#3893,.T.);
#11227 = FACE_BOUND('',#11228,.T.);
#11228 = EDGE_LOOP('',(#11229));
#11229 = ORIENTED_EDGE('',*,*,#8661,.T.);
#11230 = FACE_BOUND('',#11231,.T.);
#11231 = EDGE_LOOP('',(#11232));
#11232 = ORIENTED_EDGE('',*,*,#7137,.T.);
#11233 = FACE_BOUND('',#11234,.T.);
#11234 = EDGE_LOOP('',(#11235));
#11235 = ORIENTED_EDGE('',*,*,#7518,.T.);
#11236 = FACE_BOUND('',#11237,.T.);
#11237 = EDGE_LOOP('',(#11238));
#11238 = ORIENTED_EDGE('',*,*,#5798,.T.);
#11239 = FACE_BOUND('',#11240,.T.);
#11240 = EDGE_LOOP('',(#11241));
#11241 = ORIENTED_EDGE('',*,*,#6179,.T.);
#11242 = FACE_BOUND('',#11243,.T.);
#11243 = EDGE_LOOP('',(#11244));
#11244 = ORIENTED_EDGE('',*,*,#6560,.T.);
#11245 = FACE_BOUND('',#11246,.T.);
#11246 = EDGE_LOOP('',(#11247));
#11247 = ORIENTED_EDGE('',*,*,#9042,.T.);
#11248 = FACE_BOUND('',#11249,.T.);
#11249 = EDGE_LOOP('',(#11250));
#11250 = ORIENTED_EDGE('',*,*,#5417,.T.);
#11251 = FACE_BOUND('',#11252,.T.);
#11252 = EDGE_LOOP('',(#11253));
#11253 = ORIENTED_EDGE('',*,*,#7899,.T.);
#11254 = FACE_BOUND('',#11255,.T.);
#11255 = EDGE_LOOP('',(#11256));
#11256 = ORIENTED_EDGE('',*,*,#9423,.T.);
#11257 = FACE_BOUND('',#11258,.T.);
#11258 = EDGE_LOOP('',(#11259));
#11259 = ORIENTED_EDGE('',*,*,#5036,.T.);
#11260 = FACE_BOUND('',#11261,.T.);
#11261 = EDGE_LOOP('',(#11262));
#11262 = ORIENTED_EDGE('',*,*,#9804,.T.);
#11263 = FACE_BOUND('',#11264,.T.);
#11264 = EDGE_LOOP('',(#11265));
#11265 = ORIENTED_EDGE('',*,*,#4655,.T.);
#11266 = PLANE('',#11267);
#11267 = AXIS2_PLACEMENT_3D('',#11268,#11269,#11270);
#11268 = CARTESIAN_POINT('',(-1.94103849885E-15,1.561755114017E-16,-28.4
    ));
#11269 = DIRECTION('',(-0.,-0.,-1.));
#11270 = DIRECTION('',(-1.,0.,0.));
#11271 = ADVANCED_FACE('',(#11272),#11295,.T.);
#11272 = FACE_BOUND('',#11273,.T.);
#11273 = EDGE_LOOP('',(#11274,#11275,#11276,#11277,#11278,#11279,#11288)
  );
#11274 = ORIENTED_EDGE('',*,*,#9909,.F.);
#11275 = ORIENTED_EDGE('',*,*,#3322,.F.);
#11276 = ORIENTED_EDGE('',*,*,#508,.T.);
#11277 = ORIENTED_EDGE('',*,*,#3449,.T.);
#11278 = ORIENTED_EDGE('',*,*,#10051,.F.);
#11279 = ORIENTED_EDGE('',*,*,#11280,.T.);
#11280 = EDGE_CURVE('',#10044,#11281,#11283,.T.);
#11281 = VERTEX_POINT('',#11282);
#11282 = CARTESIAN_POINT('',(-38.47,2.694222958124E-15,11.));
#11283 = CIRCLE('',#11284,11.);
#11284 = AXIS2_PLACEMENT_3D('',#11285,#11286,#11287);
#11285 = CARTESIAN_POINT('',(-38.47,0.,0.));
#11286 = DIRECTION('',(1.,0.,0.));
#11287 = DIRECTION('',(-0.,0.,1.));
#11288 = ORIENTED_EDGE('',*,*,#11289,.T.);
#11289 = EDGE_CURVE('',#11281,#9910,#11290,.T.);
#11290 = CIRCLE('',#11291,11.);
#11291 = AXIS2_PLACEMENT_3D('',#11292,#11293,#11294);
#11292 = CARTESIAN_POINT('',(-38.47,0.,0.));
#11293 = DIRECTION('',(1.,0.,0.));
#11294 = DIRECTION('',(-0.,0.,1.));
#11295 = PLANE('',#11296);
#11296 = AXIS2_PLACEMENT_3D('',#11297,#11298,#11299);
#11297 = CARTESIAN_POINT('',(-38.47,-7.781703344584E-17,-9.409807524293)
  );
#11298 = DIRECTION('',(1.,0.,0.));
#11299 = DIRECTION('',(-0.,0.,1.));
#11300 = ADVANCED_FACE('',(#11301,#11324),#11344,.T.);
#11301 = FACE_BOUND('',#11302,.T.);
#11302 = EDGE_LOOP('',(#11303,#11304,#11313,#11320,#11321,#11322,#11323)
  );
#11303 = ORIENTED_EDGE('',*,*,#10161,.T.);
#11304 = ORIENTED_EDGE('',*,*,#11305,.F.);
#11305 = EDGE_CURVE('',#11306,#10162,#11308,.T.);
#11306 = VERTEX_POINT('',#11307);
#11307 = CARTESIAN_POINT('',(38.47,2.694222958124E-15,11.));
#11308 = CIRCLE('',#11309,11.);
#11309 = AXIS2_PLACEMENT_3D('',#11310,#11311,#11312);
#11310 = CARTESIAN_POINT('',(38.47,0.,0.));
#11311 = DIRECTION('',(1.,0.,0.));
#11312 = DIRECTION('',(-0.,0.,1.));
#11313 = ORIENTED_EDGE('',*,*,#11314,.F.);
#11314 = EDGE_CURVE('',#10131,#11306,#11315,.T.);
#11315 = CIRCLE('',#11316,11.);
#11316 = AXIS2_PLACEMENT_3D('',#11317,#11318,#11319);
#11317 = CARTESIAN_POINT('',(38.47,0.,0.));
#11318 = DIRECTION('',(1.,0.,0.));
#11319 = DIRECTION('',(-0.,0.,1.));
#11320 = ORIENTED_EDGE('',*,*,#10130,.T.);
#11321 = ORIENTED_EDGE('',*,*,#3663,.F.);
#11322 = ORIENTED_EDGE('',*,*,#433,.F.);
#11323 = ORIENTED_EDGE('',*,*,#3710,.T.);
#11324 = FACE_BOUND('',#11325,.T.);
#11325 = EDGE_LOOP('',(#11326,#11337));
#11326 = ORIENTED_EDGE('',*,*,#11327,.T.);
#11327 = EDGE_CURVE('',#11328,#11330,#11332,.T.);
#11328 = VERTEX_POINT('',#11329);
#11329 = CARTESIAN_POINT('',(38.47,-3.,0.));
#11330 = VERTEX_POINT('',#11331);
#11331 = CARTESIAN_POINT('',(38.47,3.,0.));
#11332 = CIRCLE('',#11333,3.);
#11333 = AXIS2_PLACEMENT_3D('',#11334,#11335,#11336);
#11334 = CARTESIAN_POINT('',(38.47,0.,0.));
#11335 = DIRECTION('',(1.,0.,0.));
#11336 = DIRECTION('',(-0.,1.,0.));
#11337 = ORIENTED_EDGE('',*,*,#11338,.T.);
#11338 = EDGE_CURVE('',#11330,#11328,#11339,.T.);
#11339 = CIRCLE('',#11340,3.);
#11340 = AXIS2_PLACEMENT_3D('',#11341,#11342,#11343);
#11341 = CARTESIAN_POINT('',(38.47,0.,0.));
#11342 = DIRECTION('',(1.,0.,0.));
#11343 = DIRECTION('',(-0.,1.,0.));
#11344 = PLANE('',#11345);
#11345 = AXIS2_PLACEMENT_3D('',#11346,#11347,#11348);
#11346 = CARTESIAN_POINT('',(38.47,4.150241783778E-16,-9.409807524293));
#11347 = DIRECTION('',(-1.,-0.,-0.));
#11348 = DIRECTION('',(0.,0.,-1.));
#11349 = ADVANCED_FACE('',(#11350),#11362,.F.);
#11350 = FACE_BOUND('',#11351,.F.);
#11351 = EDGE_LOOP('',(#11352,#11358,#11359,#11360,#11361));
#11352 = ORIENTED_EDGE('',*,*,#11353,.T.);
#11353 = EDGE_CURVE('',#11330,#231,#11354,.T.);
#11354 = LINE('',#11355,#11356);
#11355 = CARTESIAN_POINT('',(36.48,3.,-7.347880794884E-16));
#11356 = VECTOR('',#11357,1.);
#11357 = DIRECTION('',(1.,0.,0.));
#11358 = ORIENTED_EDGE('',*,*,#230,.F.);
#11359 = ORIENTED_EDGE('',*,*,#11353,.F.);
#11360 = ORIENTED_EDGE('',*,*,#11338,.T.);
#11361 = ORIENTED_EDGE('',*,*,#11327,.T.);
#11362 = CYLINDRICAL_SURFACE('',#11363,3.);
#11363 = AXIS2_PLACEMENT_3D('',#11364,#11365,#11366);
#11364 = CARTESIAN_POINT('',(36.48,0.,0.));
#11365 = DIRECTION('',(1.,0.,0.));
#11366 = DIRECTION('',(0.,1.,0.));
#11367 = ADVANCED_FACE('',(#11368,#11391),#11420,.T.);
#11368 = FACE_BOUND('',#11369,.T.);
#11369 = EDGE_LOOP('',(#11370,#11371,#11380,#11387,#11388,#11389,#11390)
  );
#11370 = ORIENTED_EDGE('',*,*,#9900,.T.);
#11371 = ORIENTED_EDGE('',*,*,#11372,.F.);
#11372 = EDGE_CURVE('',#11373,#9901,#11375,.T.);
#11373 = VERTEX_POINT('',#11374);
#11374 = CARTESIAN_POINT('',(-42.48,2.694222958124E-15,11.));
#11375 = CIRCLE('',#11376,11.);
#11376 = AXIS2_PLACEMENT_3D('',#11377,#11378,#11379);
#11377 = CARTESIAN_POINT('',(-42.48,0.,0.));
#11378 = DIRECTION('',(1.,0.,0.));
#11379 = DIRECTION('',(-0.,0.,1.));
#11380 = ORIENTED_EDGE('',*,*,#11381,.F.);
#11381 = EDGE_CURVE('',#10036,#11373,#11382,.T.);
#11382 = CIRCLE('',#11383,11.);
#11383 = AXIS2_PLACEMENT_3D('',#11384,#11385,#11386);
#11384 = CARTESIAN_POINT('',(-42.48,0.,0.));
#11385 = DIRECTION('',(1.,0.,0.));
#11386 = DIRECTION('',(-0.,0.,1.));
#11387 = ORIENTED_EDGE('',*,*,#10035,.T.);
#11388 = ORIENTED_EDGE('',*,*,#3433,.F.);
#11389 = ORIENTED_EDGE('',*,*,#10287,.F.);
#11390 = ORIENTED_EDGE('',*,*,#3306,.T.);
#11391 = FACE_BOUND('',#11392,.T.);
#11392 = EDGE_LOOP('',(#11393,#11404,#11413));
#11393 = ORIENTED_EDGE('',*,*,#11394,.F.);
#11394 = EDGE_CURVE('',#11395,#11397,#11399,.T.);
#11395 = VERTEX_POINT('',#11396);
#11396 = CARTESIAN_POINT('',(-42.48,5.878304635907E-16,-2.4));
#11397 = VERTEX_POINT('',#11398);
#11398 = CARTESIAN_POINT('',(-42.48,-2.4,0.));
#11399 = CIRCLE('',#11400,2.4);
#11400 = AXIS2_PLACEMENT_3D('',#11401,#11402,#11403);
#11401 = CARTESIAN_POINT('',(-42.48,0.,0.));
#11402 = DIRECTION('',(-1.,0.,0.));
#11403 = DIRECTION('',(0.,0.,-1.));
#11404 = ORIENTED_EDGE('',*,*,#11405,.F.);
#11405 = EDGE_CURVE('',#11406,#11395,#11408,.T.);
#11406 = VERTEX_POINT('',#11407);
#11407 = CARTESIAN_POINT('',(-42.48,2.4,0.));
#11408 = CIRCLE('',#11409,2.4);
#11409 = AXIS2_PLACEMENT_3D('',#11410,#11411,#11412);
#11410 = CARTESIAN_POINT('',(-42.48,0.,0.));
#11411 = DIRECTION('',(-1.,0.,0.));
#11412 = DIRECTION('',(0.,0.,-1.));
#11413 = ORIENTED_EDGE('',*,*,#11414,.F.);
#11414 = EDGE_CURVE('',#11397,#11406,#11415,.T.);
#11415 = CIRCLE('',#11416,2.4);
#11416 = AXIS2_PLACEMENT_3D('',#11417,#11418,#11419);
#11417 = CARTESIAN_POINT('',(-42.48,0.,0.));
#11418 = DIRECTION('',(-1.,0.,0.));
#11419 = DIRECTION('',(0.,0.,-1.));
#11420 = PLANE('',#11421);
#11421 = AXIS2_PLACEMENT_3D('',#11422,#11423,#11424);
#11422 = CARTESIAN_POINT('',(-42.48,7.842412485483E-16,-11.39596487008)
  );
#11423 = DIRECTION('',(-1.,-0.,-0.));
#11424 = DIRECTION('',(0.,0.,-1.));
#11425 = ADVANCED_FACE('',(#11426),#11447,.T.);
#11426 = FACE_BOUND('',#11427,.T.);
#11427 = EDGE_LOOP('',(#11428,#11436,#11443,#11444,#11445,#11446));
#11428 = ORIENTED_EDGE('',*,*,#11429,.T.);
#11429 = EDGE_CURVE('',#11395,#11430,#11432,.T.);
#11430 = VERTEX_POINT('',#11431);
#11431 = CARTESIAN_POINT('',(-45.98,5.878304635907E-16,-2.4));
#11432 = LINE('',#11433,#11434);
#11433 = CARTESIAN_POINT('',(-41.98,5.878304635907E-16,-2.4));
#11434 = VECTOR('',#11435,1.);
#11435 = DIRECTION('',(-1.,0.,0.));
#11436 = ORIENTED_EDGE('',*,*,#11437,.F.);
#11437 = EDGE_CURVE('',#11430,#11430,#11438,.T.);
#11438 = CIRCLE('',#11439,2.4);
#11439 = AXIS2_PLACEMENT_3D('',#11440,#11441,#11442);
#11440 = CARTESIAN_POINT('',(-45.98,0.,0.));
#11441 = DIRECTION('',(-1.,0.,0.));
#11442 = DIRECTION('',(0.,0.,-1.));
#11443 = ORIENTED_EDGE('',*,*,#11429,.F.);
#11444 = ORIENTED_EDGE('',*,*,#11394,.T.);
#11445 = ORIENTED_EDGE('',*,*,#11414,.T.);
#11446 = ORIENTED_EDGE('',*,*,#11405,.T.);
#11447 = CYLINDRICAL_SURFACE('',#11448,2.4);
#11448 = AXIS2_PLACEMENT_3D('',#11449,#11450,#11451);
#11449 = CARTESIAN_POINT('',(-41.98,0.,0.));
#11450 = DIRECTION('',(-1.,0.,0.));
#11451 = DIRECTION('',(0.,0.,-1.));
#11452 = ADVANCED_FACE('',(#11453,#11456),#11467,.T.);
#11453 = FACE_BOUND('',#11454,.T.);
#11454 = EDGE_LOOP('',(#11455));
#11455 = ORIENTED_EDGE('',*,*,#11437,.T.);
#11456 = FACE_BOUND('',#11457,.T.);
#11457 = EDGE_LOOP('',(#11458));
#11458 = ORIENTED_EDGE('',*,*,#11459,.F.);
#11459 = EDGE_CURVE('',#11460,#11460,#11462,.T.);
#11460 = VERTEX_POINT('',#11461);
#11461 = CARTESIAN_POINT('',(-45.98,3.429011037613E-16,-1.4));
#11462 = CIRCLE('',#11463,1.4);
#11463 = AXIS2_PLACEMENT_3D('',#11464,#11465,#11466);
#11464 = CARTESIAN_POINT('',(-45.98,0.,0.));
#11465 = DIRECTION('',(-1.,0.,0.));
#11466 = DIRECTION('',(0.,0.,-1.));
#11467 = PLANE('',#11468);
#11468 = AXIS2_PLACEMENT_3D('',#11469,#11470,#11471);
#11469 = CARTESIAN_POINT('',(-45.98,0.,0.));
#11470 = DIRECTION('',(-1.,0.,0.));
#11471 = DIRECTION('',(0.,0.,-1.));
#11472 = ADVANCED_FACE('',(#11473),#11492,.F.);
#11473 = FACE_BOUND('',#11474,.F.);
#11474 = EDGE_LOOP('',(#11475,#11476,#11484,#11491));
#11475 = ORIENTED_EDGE('',*,*,#11459,.F.);
#11476 = ORIENTED_EDGE('',*,*,#11477,.F.);
#11477 = EDGE_CURVE('',#11478,#11460,#11480,.T.);
#11478 = VERTEX_POINT('',#11479);
#11479 = CARTESIAN_POINT('',(-38.98,3.429011037613E-16,-1.4));
#11480 = LINE('',#11481,#11482);
#11481 = CARTESIAN_POINT('',(-38.98,3.429011037613E-16,-1.4));
#11482 = VECTOR('',#11483,1.);
#11483 = DIRECTION('',(-1.,0.,0.));
#11484 = ORIENTED_EDGE('',*,*,#11485,.T.);
#11485 = EDGE_CURVE('',#11478,#11478,#11486,.T.);
#11486 = CIRCLE('',#11487,1.4);
#11487 = AXIS2_PLACEMENT_3D('',#11488,#11489,#11490);
#11488 = CARTESIAN_POINT('',(-38.98,0.,0.));
#11489 = DIRECTION('',(-1.,0.,0.));
#11490 = DIRECTION('',(0.,0.,-1.));
#11491 = ORIENTED_EDGE('',*,*,#11477,.T.);
#11492 = CYLINDRICAL_SURFACE('',#11493,1.4);
#11493 = AXIS2_PLACEMENT_3D('',#11494,#11495,#11496);
#11494 = CARTESIAN_POINT('',(-38.98,0.,0.));
#11495 = DIRECTION('',(-1.,0.,0.));
#11496 = DIRECTION('',(0.,0.,-1.));
#11497 = ADVANCED_FACE('',(#11498),#11501,.T.);
#11498 = FACE_BOUND('',#11499,.F.);
#11499 = EDGE_LOOP('',(#11500));
#11500 = ORIENTED_EDGE('',*,*,#11485,.F.);
#11501 = PLANE('',#11502);
#11502 = AXIS2_PLACEMENT_3D('',#11503,#11504,#11505);
#11503 = CARTESIAN_POINT('',(-38.98,0.,0.));
#11504 = DIRECTION('',(-1.,0.,0.));
#11505 = DIRECTION('',(0.,0.,-1.));
#11506 = ADVANCED_FACE('',(#11507),#11519,.T.);
#11507 = FACE_BOUND('',#11508,.T.);
#11508 = EDGE_LOOP('',(#11509,#11510,#11511,#11512,#11513,#11514,#11515,
    #11516,#11517,#11518));
#11509 = ORIENTED_EDGE('',*,*,#10170,.F.);
#11510 = ORIENTED_EDGE('',*,*,#3726,.F.);
#11511 = ORIENTED_EDGE('',*,*,#10300,.T.);
#11512 = ORIENTED_EDGE('',*,*,#3679,.T.);
#11513 = ORIENTED_EDGE('',*,*,#10146,.F.);
#11514 = ORIENTED_EDGE('',*,*,#288,.F.);
#11515 = ORIENTED_EDGE('',*,*,#256,.T.);
#11516 = ORIENTED_EDGE('',*,*,#10269,.F.);
#11517 = ORIENTED_EDGE('',*,*,#10245,.T.);
#11518 = ORIENTED_EDGE('',*,*,#10229,.T.);
#11519 = PLANE('',#11520);
#11520 = AXIS2_PLACEMENT_3D('',#11521,#11522,#11523);
#11521 = CARTESIAN_POINT('',(42.48,-19.,-28.4));
#11522 = DIRECTION('',(1.,0.,-0.));
#11523 = DIRECTION('',(0.,0.,1.));
#11524 = ADVANCED_FACE('',(#11525),#11533,.F.);
#11525 = FACE_BOUND('',#11526,.F.);
#11526 = EDGE_LOOP('',(#11527,#11528,#11529,#11530,#11531,#11532));
#11527 = ORIENTED_EDGE('',*,*,#3870,.F.);
#11528 = ORIENTED_EDGE('',*,*,#10456,.T.);
#11529 = ORIENTED_EDGE('',*,*,#10465,.T.);
#11530 = ORIENTED_EDGE('',*,*,#3846,.T.);
#11531 = ORIENTED_EDGE('',*,*,#543,.F.);
#11532 = ORIENTED_EDGE('',*,*,#552,.F.);
#11533 = CYLINDRICAL_SURFACE('',#11534,1.375);
#11534 = AXIS2_PLACEMENT_3D('',#11535,#11536,#11537);
#11535 = CARTESIAN_POINT('',(-22.86,-27.94,-29.4));
#11536 = DIRECTION('',(0.,0.,1.));
#11537 = DIRECTION('',(1.,0.,-0.));
#11538 = ADVANCED_FACE('',(#11539),#11547,.F.);
#11539 = FACE_BOUND('',#11540,.F.);
#11540 = EDGE_LOOP('',(#11541,#11542,#11543,#11544,#11545,#11546));
#11541 = ORIENTED_EDGE('',*,*,#4171,.F.);
#11542 = ORIENTED_EDGE('',*,*,#11128,.T.);
#11543 = ORIENTED_EDGE('',*,*,#11137,.T.);
#11544 = ORIENTED_EDGE('',*,*,#4147,.T.);
#11545 = ORIENTED_EDGE('',*,*,#671,.F.);
#11546 = ORIENTED_EDGE('',*,*,#680,.F.);
#11547 = CYLINDRICAL_SURFACE('',#11548,1.375);
#11548 = AXIS2_PLACEMENT_3D('',#11549,#11550,#11551);
#11549 = CARTESIAN_POINT('',(-17.78,-17.78,-29.4));
#11550 = DIRECTION('',(0.,0.,1.));
#11551 = DIRECTION('',(1.,0.,-0.));
#11552 = ADVANCED_FACE('',(#11553),#11561,.F.);
#11553 = FACE_BOUND('',#11554,.F.);
#11554 = EDGE_LOOP('',(#11555,#11556,#11557,#11558,#11559,#11560));
#11555 = ORIENTED_EDGE('',*,*,#4251,.F.);
#11556 = ORIENTED_EDGE('',*,*,#11107,.T.);
#11557 = ORIENTED_EDGE('',*,*,#11116,.T.);
#11558 = ORIENTED_EDGE('',*,*,#4227,.T.);
#11559 = ORIENTED_EDGE('',*,*,#716,.F.);
#11560 = ORIENTED_EDGE('',*,*,#725,.F.);
#11561 = CYLINDRICAL_SURFACE('',#11562,1.375);
#11562 = AXIS2_PLACEMENT_3D('',#11563,#11564,#11565);
#11563 = CARTESIAN_POINT('',(-7.62,-27.94,-29.4));
#11564 = DIRECTION('',(0.,0.,1.));
#11565 = DIRECTION('',(1.,0.,-0.));
#11566 = ADVANCED_FACE('',(#11567),#11575,.F.);
#11567 = FACE_BOUND('',#11568,.F.);
#11568 = EDGE_LOOP('',(#11569,#11570,#11571,#11572,#11573,#11574));
#11569 = ORIENTED_EDGE('',*,*,#4552,.F.);
#11570 = ORIENTED_EDGE('',*,*,#10540,.T.);
#11571 = ORIENTED_EDGE('',*,*,#10549,.T.);
#11572 = ORIENTED_EDGE('',*,*,#4528,.T.);
#11573 = ORIENTED_EDGE('',*,*,#844,.F.);
#11574 = ORIENTED_EDGE('',*,*,#853,.F.);
#11575 = CYLINDRICAL_SURFACE('',#11576,1.375);
#11576 = AXIS2_PLACEMENT_3D('',#11577,#11578,#11579);
#11577 = CARTESIAN_POINT('',(-2.54,-17.78,-29.4));
#11578 = DIRECTION('',(0.,0.,1.));
#11579 = DIRECTION('',(1.,0.,-0.));
#11580 = ADVANCED_FACE('',(#11581),#11589,.F.);
#11581 = FACE_BOUND('',#11582,.F.);
#11582 = EDGE_LOOP('',(#11583,#11584,#11585,#11586,#11587,#11588));
#11583 = ORIENTED_EDGE('',*,*,#4632,.F.);
#11584 = ORIENTED_EDGE('',*,*,#10501,.T.);
#11585 = ORIENTED_EDGE('',*,*,#10510,.T.);
#11586 = ORIENTED_EDGE('',*,*,#4608,.T.);
#11587 = ORIENTED_EDGE('',*,*,#889,.F.);
#11588 = ORIENTED_EDGE('',*,*,#898,.F.);
#11589 = CYLINDRICAL_SURFACE('',#11590,1.375);
#11590 = AXIS2_PLACEMENT_3D('',#11591,#11592,#11593);
#11591 = CARTESIAN_POINT('',(-22.86,-12.7,-29.4));
#11592 = DIRECTION('',(0.,0.,1.));
#11593 = DIRECTION('',(1.,0.,-0.));
#11594 = ADVANCED_FACE('',(#11595),#11603,.F.);
#11595 = FACE_BOUND('',#11596,.F.);
#11596 = EDGE_LOOP('',(#11597,#11598,#11599,#11600,#11601,#11602));
#11597 = ORIENTED_EDGE('',*,*,#4933,.F.);
#11598 = ORIENTED_EDGE('',*,*,#10711,.T.);
#11599 = ORIENTED_EDGE('',*,*,#10720,.T.);
#11600 = ORIENTED_EDGE('',*,*,#4909,.T.);
#11601 = ORIENTED_EDGE('',*,*,#1017,.F.);
#11602 = ORIENTED_EDGE('',*,*,#1026,.F.);
#11603 = CYLINDRICAL_SURFACE('',#11604,1.375);
#11604 = AXIS2_PLACEMENT_3D('',#11605,#11606,#11607);
#11605 = CARTESIAN_POINT('',(-17.78,-2.54,-29.4));
#11606 = DIRECTION('',(0.,0.,1.));
#11607 = DIRECTION('',(1.,0.,-0.));
#11608 = ADVANCED_FACE('',(#11609),#11617,.F.);
#11609 = FACE_BOUND('',#11610,.F.);
#11610 = EDGE_LOOP('',(#11611,#11612,#11613,#11614,#11615,#11616));
#11611 = ORIENTED_EDGE('',*,*,#5013,.F.);
#11612 = ORIENTED_EDGE('',*,*,#10732,.T.);
#11613 = ORIENTED_EDGE('',*,*,#10741,.T.);
#11614 = ORIENTED_EDGE('',*,*,#4989,.T.);
#11615 = ORIENTED_EDGE('',*,*,#1062,.F.);
#11616 = ORIENTED_EDGE('',*,*,#1071,.F.);
#11617 = CYLINDRICAL_SURFACE('',#11618,1.375);
#11618 = AXIS2_PLACEMENT_3D('',#11619,#11620,#11621);
#11619 = CARTESIAN_POINT('',(-7.62,-12.7,-29.4));
#11620 = DIRECTION('',(0.,0.,1.));
#11621 = DIRECTION('',(1.,0.,-0.));
#11622 = ADVANCED_FACE('',(#11623),#11631,.F.);
#11623 = FACE_BOUND('',#11624,.F.);
#11624 = EDGE_LOOP('',(#11625,#11626,#11627,#11628,#11629,#11630));
#11625 = ORIENTED_EDGE('',*,*,#5314,.F.);
#11626 = ORIENTED_EDGE('',*,*,#10561,.T.);
#11627 = ORIENTED_EDGE('',*,*,#10570,.T.);
#11628 = ORIENTED_EDGE('',*,*,#5290,.T.);
#11629 = ORIENTED_EDGE('',*,*,#1190,.F.);
#11630 = ORIENTED_EDGE('',*,*,#1199,.F.);
#11631 = CYLINDRICAL_SURFACE('',#11632,1.375);
#11632 = AXIS2_PLACEMENT_3D('',#11633,#11634,#11635);
#11633 = CARTESIAN_POINT('',(-2.54,-2.54,-29.4));
#11634 = DIRECTION('',(0.,0.,1.));
#11635 = DIRECTION('',(1.,0.,-0.));
#11636 = ADVANCED_FACE('',(#11637),#11645,.F.);
#11637 = FACE_BOUND('',#11638,.F.);
#11638 = EDGE_LOOP('',(#11639,#11640,#11641,#11642,#11643,#11644));
#11639 = ORIENTED_EDGE('',*,*,#5394,.F.);
#11640 = ORIENTED_EDGE('',*,*,#10759,.T.);
#11641 = ORIENTED_EDGE('',*,*,#10768,.T.);
#11642 = ORIENTED_EDGE('',*,*,#5370,.T.);
#11643 = ORIENTED_EDGE('',*,*,#1235,.F.);
#11644 = ORIENTED_EDGE('',*,*,#1244,.F.);
#11645 = CYLINDRICAL_SURFACE('',#11646,1.375);
#11646 = AXIS2_PLACEMENT_3D('',#11647,#11648,#11649);
#11647 = CARTESIAN_POINT('',(7.62,-27.94,-29.4));
#11648 = DIRECTION('',(0.,0.,1.));
#11649 = DIRECTION('',(1.,0.,-0.));
#11650 = ADVANCED_FACE('',(#11651),#11659,.F.);
#11651 = FACE_BOUND('',#11652,.F.);
#11652 = EDGE_LOOP('',(#11653,#11654,#11655,#11656,#11657,#11658));
#11653 = ORIENTED_EDGE('',*,*,#5695,.F.);
#11654 = ORIENTED_EDGE('',*,*,#10876,.T.);
#11655 = ORIENTED_EDGE('',*,*,#10885,.T.);
#11656 = ORIENTED_EDGE('',*,*,#5671,.T.);
#11657 = ORIENTED_EDGE('',*,*,#1363,.F.);
#11658 = ORIENTED_EDGE('',*,*,#1372,.F.);
#11659 = CYLINDRICAL_SURFACE('',#11660,1.375);
#11660 = AXIS2_PLACEMENT_3D('',#11661,#11662,#11663);
#11661 = CARTESIAN_POINT('',(12.7,-17.78,-29.4));
#11662 = DIRECTION('',(0.,0.,1.));
#11663 = DIRECTION('',(1.,0.,-0.));
#11664 = ADVANCED_FACE('',(#11665),#11673,.F.);
#11665 = FACE_BOUND('',#11666,.F.);
#11666 = EDGE_LOOP('',(#11667,#11668,#11669,#11670,#11671,#11672));
#11667 = ORIENTED_EDGE('',*,*,#5775,.F.);
#11668 = ORIENTED_EDGE('',*,*,#10780,.T.);
#11669 = ORIENTED_EDGE('',*,*,#10789,.T.);
#11670 = ORIENTED_EDGE('',*,*,#5751,.T.);
#11671 = ORIENTED_EDGE('',*,*,#1408,.F.);
#11672 = ORIENTED_EDGE('',*,*,#1417,.F.);
#11673 = CYLINDRICAL_SURFACE('',#11674,1.375);
#11674 = AXIS2_PLACEMENT_3D('',#11675,#11676,#11677);
#11675 = CARTESIAN_POINT('',(22.86,-27.94,-29.4));
#11676 = DIRECTION('',(0.,0.,1.));
#11677 = DIRECTION('',(1.,0.,-0.));
#11678 = ADVANCED_FACE('',(#11679),#11687,.F.);
#11679 = FACE_BOUND('',#11680,.F.);
#11680 = EDGE_LOOP('',(#11681,#11682,#11683,#11684,#11685,#11686));
#11681 = ORIENTED_EDGE('',*,*,#6076,.F.);
#11682 = ORIENTED_EDGE('',*,*,#10390,.T.);
#11683 = ORIENTED_EDGE('',*,*,#10399,.T.);
#11684 = ORIENTED_EDGE('',*,*,#6052,.T.);
#11685 = ORIENTED_EDGE('',*,*,#1536,.F.);
#11686 = ORIENTED_EDGE('',*,*,#1545,.F.);
#11687 = CYLINDRICAL_SURFACE('',#11688,1.375);
#11688 = AXIS2_PLACEMENT_3D('',#11689,#11690,#11691);
#11689 = CARTESIAN_POINT('',(27.94,-17.78,-29.4));
#11690 = DIRECTION('',(0.,0.,1.));
#11691 = DIRECTION('',(1.,0.,-0.));
#11692 = ADVANCED_FACE('',(#11693),#11701,.F.);
#11693 = FACE_BOUND('',#11694,.F.);
#11694 = EDGE_LOOP('',(#11695,#11696,#11697,#11698,#11699,#11700));
#11695 = ORIENTED_EDGE('',*,*,#6156,.F.);
#11696 = ORIENTED_EDGE('',*,*,#10801,.T.);
#11697 = ORIENTED_EDGE('',*,*,#10810,.T.);
#11698 = ORIENTED_EDGE('',*,*,#6132,.T.);
#11699 = ORIENTED_EDGE('',*,*,#1581,.F.);
#11700 = ORIENTED_EDGE('',*,*,#1590,.F.);
#11701 = CYLINDRICAL_SURFACE('',#11702,1.375);
#11702 = AXIS2_PLACEMENT_3D('',#11703,#11704,#11705);
#11703 = CARTESIAN_POINT('',(7.62,-12.7,-29.4));
#11704 = DIRECTION('',(0.,0.,1.));
#11705 = DIRECTION('',(1.,0.,-0.));
#11706 = ADVANCED_FACE('',(#11707),#11715,.F.);
#11707 = FACE_BOUND('',#11708,.F.);
#11708 = EDGE_LOOP('',(#11709,#11710,#11711,#11712,#11713,#11714));
#11709 = ORIENTED_EDGE('',*,*,#6457,.F.);
#11710 = ORIENTED_EDGE('',*,*,#10834,.T.);
#11711 = ORIENTED_EDGE('',*,*,#10843,.T.);
#11712 = ORIENTED_EDGE('',*,*,#6433,.T.);
#11713 = ORIENTED_EDGE('',*,*,#1709,.F.);
#11714 = ORIENTED_EDGE('',*,*,#1718,.F.);
#11715 = CYLINDRICAL_SURFACE('',#11716,1.375);
#11716 = AXIS2_PLACEMENT_3D('',#11717,#11718,#11719);
#11717 = CARTESIAN_POINT('',(12.7,-2.54,-29.4));
#11718 = DIRECTION('',(0.,0.,1.));
#11719 = DIRECTION('',(1.,0.,-0.));
#11720 = ADVANCED_FACE('',(#11721),#11729,.F.);
#11721 = FACE_BOUND('',#11722,.F.);
#11722 = EDGE_LOOP('',(#11723,#11724,#11725,#11726,#11727,#11728));
#11723 = ORIENTED_EDGE('',*,*,#6537,.F.);
#11724 = ORIENTED_EDGE('',*,*,#10855,.T.);
#11725 = ORIENTED_EDGE('',*,*,#10864,.T.);
#11726 = ORIENTED_EDGE('',*,*,#6513,.T.);
#11727 = ORIENTED_EDGE('',*,*,#1754,.F.);
#11728 = ORIENTED_EDGE('',*,*,#1763,.F.);
#11729 = CYLINDRICAL_SURFACE('',#11730,1.375);
#11730 = AXIS2_PLACEMENT_3D('',#11731,#11732,#11733);
#11731 = CARTESIAN_POINT('',(22.86,-12.7,-29.4));
#11732 = DIRECTION('',(0.,0.,1.));
#11733 = DIRECTION('',(1.,0.,-0.));
#11734 = ADVANCED_FACE('',(#11735),#11743,.F.);
#11735 = FACE_BOUND('',#11736,.F.);
#11736 = EDGE_LOOP('',(#11737,#11738,#11739,#11740,#11741,#11742));
#11737 = ORIENTED_EDGE('',*,*,#6838,.F.);
#11738 = ORIENTED_EDGE('',*,*,#10369,.T.);
#11739 = ORIENTED_EDGE('',*,*,#10378,.T.);
#11740 = ORIENTED_EDGE('',*,*,#6814,.T.);
#11741 = ORIENTED_EDGE('',*,*,#1882,.F.);
#11742 = ORIENTED_EDGE('',*,*,#1891,.F.);
#11743 = CYLINDRICAL_SURFACE('',#11744,1.375);
#11744 = AXIS2_PLACEMENT_3D('',#11745,#11746,#11747);
#11745 = CARTESIAN_POINT('',(27.94,-2.54,-29.4));
#11746 = DIRECTION('',(0.,0.,1.));
#11747 = DIRECTION('',(1.,0.,-0.));
#11748 = ADVANCED_FACE('',(#11749),#11757,.F.);
#11749 = FACE_BOUND('',#11750,.F.);
#11750 = EDGE_LOOP('',(#11751,#11752,#11753,#11754,#11755,#11756));
#11751 = ORIENTED_EDGE('',*,*,#6918,.F.);
#11752 = ORIENTED_EDGE('',*,*,#10621,.T.);
#11753 = ORIENTED_EDGE('',*,*,#10630,.T.);
#11754 = ORIENTED_EDGE('',*,*,#6894,.T.);
#11755 = ORIENTED_EDGE('',*,*,#1927,.F.);
#11756 = ORIENTED_EDGE('',*,*,#1936,.F.);
#11757 = CYLINDRICAL_SURFACE('',#11758,1.375);
#11758 = AXIS2_PLACEMENT_3D('',#11759,#11760,#11761);
#11759 = CARTESIAN_POINT('',(-22.86,2.54,-29.4));
#11760 = DIRECTION('',(0.,0.,1.));
#11761 = DIRECTION('',(1.,0.,-0.));
#11762 = ADVANCED_FACE('',(#11763),#11771,.F.);
#11763 = FACE_BOUND('',#11764,.F.);
#11764 = EDGE_LOOP('',(#11765,#11766,#11767,#11768,#11769,#11770));
#11765 = ORIENTED_EDGE('',*,*,#7219,.F.);
#11766 = ORIENTED_EDGE('',*,*,#10903,.T.);
#11767 = ORIENTED_EDGE('',*,*,#10912,.T.);
#11768 = ORIENTED_EDGE('',*,*,#7195,.T.);
#11769 = ORIENTED_EDGE('',*,*,#2055,.F.);
#11770 = ORIENTED_EDGE('',*,*,#2064,.F.);
#11771 = CYLINDRICAL_SURFACE('',#11772,1.375);
#11772 = AXIS2_PLACEMENT_3D('',#11773,#11774,#11775);
#11773 = CARTESIAN_POINT('',(-17.78,12.7,-29.4));
#11774 = DIRECTION('',(0.,0.,1.));
#11775 = DIRECTION('',(1.,0.,-0.));
#11776 = ADVANCED_FACE('',(#11777),#11785,.F.);
#11777 = FACE_BOUND('',#11778,.F.);
#11778 = EDGE_LOOP('',(#11779,#11780,#11781,#11782,#11783,#11784));
#11779 = ORIENTED_EDGE('',*,*,#7299,.F.);
#11780 = ORIENTED_EDGE('',*,*,#10924,.T.);
#11781 = ORIENTED_EDGE('',*,*,#10933,.T.);
#11782 = ORIENTED_EDGE('',*,*,#7275,.T.);
#11783 = ORIENTED_EDGE('',*,*,#2100,.F.);
#11784 = ORIENTED_EDGE('',*,*,#2109,.F.);
#11785 = CYLINDRICAL_SURFACE('',#11786,1.375);
#11786 = AXIS2_PLACEMENT_3D('',#11787,#11788,#11789);
#11787 = CARTESIAN_POINT('',(-7.62,2.54,-29.4));
#11788 = DIRECTION('',(0.,0.,1.));
#11789 = DIRECTION('',(1.,0.,-0.));
#11790 = ADVANCED_FACE('',(#11791),#11799,.F.);
#11791 = FACE_BOUND('',#11792,.F.);
#11792 = EDGE_LOOP('',(#11793,#11794,#11795,#11796,#11797,#11798));
#11793 = ORIENTED_EDGE('',*,*,#7600,.F.);
#11794 = ORIENTED_EDGE('',*,*,#10642,.T.);
#11795 = ORIENTED_EDGE('',*,*,#10651,.T.);
#11796 = ORIENTED_EDGE('',*,*,#7576,.T.);
#11797 = ORIENTED_EDGE('',*,*,#2228,.F.);
#11798 = ORIENTED_EDGE('',*,*,#2237,.F.);
#11799 = CYLINDRICAL_SURFACE('',#11800,1.375);
#11800 = AXIS2_PLACEMENT_3D('',#11801,#11802,#11803);
#11801 = CARTESIAN_POINT('',(-2.54,12.7,-29.4));
#11802 = DIRECTION('',(0.,0.,1.));
#11803 = DIRECTION('',(1.,0.,-0.));
#11804 = ADVANCED_FACE('',(#11805),#11813,.F.);
#11805 = FACE_BOUND('',#11806,.F.);
#11806 = EDGE_LOOP('',(#11807,#11808,#11809,#11810,#11811,#11812));
#11807 = ORIENTED_EDGE('',*,*,#7680,.F.);
#11808 = ORIENTED_EDGE('',*,*,#10582,.T.);
#11809 = ORIENTED_EDGE('',*,*,#10591,.T.);
#11810 = ORIENTED_EDGE('',*,*,#7656,.T.);
#11811 = ORIENTED_EDGE('',*,*,#2273,.F.);
#11812 = ORIENTED_EDGE('',*,*,#2282,.F.);
#11813 = CYLINDRICAL_SURFACE('',#11814,1.375);
#11814 = AXIS2_PLACEMENT_3D('',#11815,#11816,#11817);
#11815 = CARTESIAN_POINT('',(-22.86,17.78,-29.4));
#11816 = DIRECTION('',(0.,0.,1.));
#11817 = DIRECTION('',(1.,0.,-0.));
#11818 = ADVANCED_FACE('',(#11819),#11827,.F.);
#11819 = FACE_BOUND('',#11820,.F.);
#11820 = EDGE_LOOP('',(#11821,#11822,#11823,#11824,#11825,#11826));
#11821 = ORIENTED_EDGE('',*,*,#7981,.F.);
#11822 = ORIENTED_EDGE('',*,*,#10663,.T.);
#11823 = ORIENTED_EDGE('',*,*,#10672,.T.);
#11824 = ORIENTED_EDGE('',*,*,#7957,.T.);
#11825 = ORIENTED_EDGE('',*,*,#2401,.F.);
#11826 = ORIENTED_EDGE('',*,*,#2410,.F.);
#11827 = CYLINDRICAL_SURFACE('',#11828,1.375);
#11828 = AXIS2_PLACEMENT_3D('',#11829,#11830,#11831);
#11829 = CARTESIAN_POINT('',(-17.78,27.94,-29.4));
#11830 = DIRECTION('',(0.,0.,1.));
#11831 = DIRECTION('',(1.,0.,-0.));
#11832 = ADVANCED_FACE('',(#11833),#11841,.F.);
#11833 = FACE_BOUND('',#11834,.F.);
#11834 = EDGE_LOOP('',(#11835,#11836,#11837,#11838,#11839,#11840));
#11835 = ORIENTED_EDGE('',*,*,#8061,.F.);
#11836 = ORIENTED_EDGE('',*,*,#10957,.T.);
#11837 = ORIENTED_EDGE('',*,*,#10966,.T.);
#11838 = ORIENTED_EDGE('',*,*,#8037,.T.);
#11839 = ORIENTED_EDGE('',*,*,#2446,.F.);
#11840 = ORIENTED_EDGE('',*,*,#2455,.F.);
#11841 = CYLINDRICAL_SURFACE('',#11842,1.375);
#11842 = AXIS2_PLACEMENT_3D('',#11843,#11844,#11845);
#11843 = CARTESIAN_POINT('',(-7.62,17.78,-29.4));
#11844 = DIRECTION('',(0.,0.,1.));
#11845 = DIRECTION('',(1.,0.,-0.));
#11846 = ADVANCED_FACE('',(#11847),#11855,.F.);
#11847 = FACE_BOUND('',#11848,.F.);
#11848 = EDGE_LOOP('',(#11849,#11850,#11851,#11852,#11853,#11854));
#11849 = ORIENTED_EDGE('',*,*,#8362,.F.);
#11850 = ORIENTED_EDGE('',*,*,#10423,.T.);
#11851 = ORIENTED_EDGE('',*,*,#10432,.T.);
#11852 = ORIENTED_EDGE('',*,*,#8338,.T.);
#11853 = ORIENTED_EDGE('',*,*,#2574,.F.);
#11854 = ORIENTED_EDGE('',*,*,#2583,.F.);
#11855 = CYLINDRICAL_SURFACE('',#11856,1.375);
#11856 = AXIS2_PLACEMENT_3D('',#11857,#11858,#11859);
#11857 = CARTESIAN_POINT('',(-2.54,27.94,-29.4));
#11858 = DIRECTION('',(0.,0.,1.));
#11859 = DIRECTION('',(1.,0.,-0.));
#11860 = ADVANCED_FACE('',(#11861),#11869,.F.);
#11861 = FACE_BOUND('',#11862,.F.);
#11862 = EDGE_LOOP('',(#11863,#11864,#11865,#11866,#11867,#11868));
#11863 = ORIENTED_EDGE('',*,*,#8442,.F.);
#11864 = ORIENTED_EDGE('',*,*,#11065,.T.);
#11865 = ORIENTED_EDGE('',*,*,#11074,.T.);
#11866 = ORIENTED_EDGE('',*,*,#8418,.T.);
#11867 = ORIENTED_EDGE('',*,*,#2619,.F.);
#11868 = ORIENTED_EDGE('',*,*,#2628,.F.);
#11869 = CYLINDRICAL_SURFACE('',#11870,1.375);
#11870 = AXIS2_PLACEMENT_3D('',#11871,#11872,#11873);
#11871 = CARTESIAN_POINT('',(7.62,2.54,-29.4));
#11872 = DIRECTION('',(0.,0.,1.));
#11873 = DIRECTION('',(1.,0.,-0.));
#11874 = ADVANCED_FACE('',(#11875),#11883,.F.);
#11875 = FACE_BOUND('',#11876,.F.);
#11876 = EDGE_LOOP('',(#11877,#11878,#11879,#11880,#11881,#11882));
#11877 = ORIENTED_EDGE('',*,*,#8743,.F.);
#11878 = ORIENTED_EDGE('',*,*,#11011,.T.);
#11879 = ORIENTED_EDGE('',*,*,#11020,.T.);
#11880 = ORIENTED_EDGE('',*,*,#8719,.T.);
#11881 = ORIENTED_EDGE('',*,*,#2747,.F.);
#11882 = ORIENTED_EDGE('',*,*,#2756,.F.);
#11883 = CYLINDRICAL_SURFACE('',#11884,1.375);
#11884 = AXIS2_PLACEMENT_3D('',#11885,#11886,#11887);
#11885 = CARTESIAN_POINT('',(12.7,12.7,-29.4));
#11886 = DIRECTION('',(0.,0.,1.));
#11887 = DIRECTION('',(1.,0.,-0.));
#11888 = ADVANCED_FACE('',(#11889),#11897,.F.);
#11889 = FACE_BOUND('',#11890,.F.);
#11890 = EDGE_LOOP('',(#11891,#11892,#11893,#11894,#11895,#11896));
#11891 = ORIENTED_EDGE('',*,*,#8823,.F.);
#11892 = ORIENTED_EDGE('',*,*,#11038,.T.);
#11893 = ORIENTED_EDGE('',*,*,#11047,.T.);
#11894 = ORIENTED_EDGE('',*,*,#8799,.T.);
#11895 = ORIENTED_EDGE('',*,*,#2792,.F.);
#11896 = ORIENTED_EDGE('',*,*,#2801,.F.);
#11897 = CYLINDRICAL_SURFACE('',#11898,1.375);
#11898 = AXIS2_PLACEMENT_3D('',#11899,#11900,#11901);
#11899 = CARTESIAN_POINT('',(22.86,2.54,-29.4));
#11900 = DIRECTION('',(0.,0.,1.));
#11901 = DIRECTION('',(1.,0.,-0.));
#11902 = ADVANCED_FACE('',(#11903),#11911,.F.);
#11903 = FACE_BOUND('',#11904,.F.);
#11904 = EDGE_LOOP('',(#11905,#11906,#11907,#11908,#11909,#11910));
#11905 = ORIENTED_EDGE('',*,*,#9124,.F.);
#11906 = ORIENTED_EDGE('',*,*,#10342,.T.);
#11907 = ORIENTED_EDGE('',*,*,#10351,.T.);
#11908 = ORIENTED_EDGE('',*,*,#9100,.T.);
#11909 = ORIENTED_EDGE('',*,*,#2920,.F.);
#11910 = ORIENTED_EDGE('',*,*,#2929,.F.);
#11911 = CYLINDRICAL_SURFACE('',#11912,1.375);
#11912 = AXIS2_PLACEMENT_3D('',#11913,#11914,#11915);
#11913 = CARTESIAN_POINT('',(27.94,12.7,-29.4));
#11914 = DIRECTION('',(0.,0.,1.));
#11915 = DIRECTION('',(1.,0.,-0.));
#11916 = ADVANCED_FACE('',(#11917),#11925,.F.);
#11917 = FACE_BOUND('',#11918,.F.);
#11918 = EDGE_LOOP('',(#11919,#11920,#11921,#11922,#11923,#11924));
#11919 = ORIENTED_EDGE('',*,*,#9204,.F.);
#11920 = ORIENTED_EDGE('',*,*,#10990,.T.);
#11921 = ORIENTED_EDGE('',*,*,#10999,.T.);
#11922 = ORIENTED_EDGE('',*,*,#9180,.T.);
#11923 = ORIENTED_EDGE('',*,*,#2965,.F.);
#11924 = ORIENTED_EDGE('',*,*,#2974,.F.);
#11925 = CYLINDRICAL_SURFACE('',#11926,1.375);
#11926 = AXIS2_PLACEMENT_3D('',#11927,#11928,#11929);
#11927 = CARTESIAN_POINT('',(7.62,17.78,-29.4));
#11928 = DIRECTION('',(0.,0.,1.));
#11929 = DIRECTION('',(1.,0.,-0.));
#11930 = ADVANCED_FACE('',(#11931),#11939,.F.);
#11931 = FACE_BOUND('',#11932,.F.);
#11932 = EDGE_LOOP('',(#11933,#11934,#11935,#11936,#11937,#11938));
#11933 = ORIENTED_EDGE('',*,*,#9505,.F.);
#11934 = ORIENTED_EDGE('',*,*,#10684,.T.);
#11935 = ORIENTED_EDGE('',*,*,#10693,.T.);
#11936 = ORIENTED_EDGE('',*,*,#9481,.T.);
#11937 = ORIENTED_EDGE('',*,*,#3093,.F.);
#11938 = ORIENTED_EDGE('',*,*,#3102,.F.);
#11939 = CYLINDRICAL_SURFACE('',#11940,1.375);
#11940 = AXIS2_PLACEMENT_3D('',#11941,#11942,#11943);
#11941 = CARTESIAN_POINT('',(12.7,27.94,-29.4));
#11942 = DIRECTION('',(0.,0.,1.));
#11943 = DIRECTION('',(1.,0.,-0.));
#11944 = ADVANCED_FACE('',(#11945),#11953,.F.);
#11945 = FACE_BOUND('',#11946,.F.);
#11946 = EDGE_LOOP('',(#11947,#11948,#11949,#11950,#11951,#11952));
#11947 = ORIENTED_EDGE('',*,*,#9585,.F.);
#11948 = ORIENTED_EDGE('',*,*,#11086,.T.);
#11949 = ORIENTED_EDGE('',*,*,#11095,.T.);
#11950 = ORIENTED_EDGE('',*,*,#9561,.T.);
#11951 = ORIENTED_EDGE('',*,*,#3138,.F.);
#11952 = ORIENTED_EDGE('',*,*,#3147,.F.);
#11953 = CYLINDRICAL_SURFACE('',#11954,1.375);
#11954 = AXIS2_PLACEMENT_3D('',#11955,#11956,#11957);
#11955 = CARTESIAN_POINT('',(22.86,17.78,-29.4));
#11956 = DIRECTION('',(0.,0.,1.));
#11957 = DIRECTION('',(1.,0.,-0.));
#11958 = ADVANCED_FACE('',(#11959),#11967,.F.);
#11959 = FACE_BOUND('',#11960,.F.);
#11960 = EDGE_LOOP('',(#11961,#11962,#11963,#11964,#11965,#11966));
#11961 = ORIENTED_EDGE('',*,*,#9886,.F.);
#11962 = ORIENTED_EDGE('',*,*,#10315,.T.);
#11963 = ORIENTED_EDGE('',*,*,#10324,.T.);
#11964 = ORIENTED_EDGE('',*,*,#9862,.T.);
#11965 = ORIENTED_EDGE('',*,*,#3266,.F.);
#11966 = ORIENTED_EDGE('',*,*,#3275,.F.);
#11967 = CYLINDRICAL_SURFACE('',#11968,1.375);
#11968 = AXIS2_PLACEMENT_3D('',#11969,#11970,#11971);
#11969 = CARTESIAN_POINT('',(27.94,27.94,-29.4));
#11970 = DIRECTION('',(0.,0.,1.));
#11971 = DIRECTION('',(1.,0.,-0.));
#11972 = ADVANCED_FACE('',(#11973),#11983,.F.);
#11973 = FACE_BOUND('',#11974,.F.);
#11974 = EDGE_LOOP('',(#11975,#11976,#11981,#11982));
#11975 = ORIENTED_EDGE('',*,*,#10006,.F.);
#11976 = ORIENTED_EDGE('',*,*,#11977,.F.);
#11977 = EDGE_CURVE('',#11200,#10007,#11978,.T.);
#11978 = B_SPLINE_CURVE_WITH_KNOTS('',1,(#11979,#11980),.UNSPECIFIED.,
  .F.,.F.,(2,2),(1.,16.1),.PIECEWISE_BEZIER_KNOTS.);
#11979 = CARTESIAN_POINT('',(-32.78,-34.48,-28.4));
#11980 = CARTESIAN_POINT('',(-32.78,-34.48,-13.3));
#11981 = ORIENTED_EDGE('',*,*,#11199,.T.);
#11982 = ORIENTED_EDGE('',*,*,#11977,.T.);
#11983 = CYLINDRICAL_SURFACE('',#11984,1.7);
#11984 = AXIS2_PLACEMENT_3D('',#11985,#11986,#11987);
#11985 = CARTESIAN_POINT('',(-34.48,-34.48,-29.4));
#11986 = DIRECTION('',(0.,0.,1.));
#11987 = DIRECTION('',(1.,0.,-0.));
#11988 = ADVANCED_FACE('',(#11989),#11999,.F.);
#11989 = FACE_BOUND('',#11990,.F.);
#11990 = EDGE_LOOP('',(#11991,#11992,#11997,#11998));
#11991 = ORIENTED_EDGE('',*,*,#10202,.F.);
#11992 = ORIENTED_EDGE('',*,*,#11993,.F.);
#11993 = EDGE_CURVE('',#11178,#10203,#11994,.T.);
#11994 = B_SPLINE_CURVE_WITH_KNOTS('',1,(#11995,#11996),.UNSPECIFIED.,
  .F.,.F.,(2,2),(1.,16.1),.PIECEWISE_BEZIER_KNOTS.);
#11995 = CARTESIAN_POINT('',(36.18,-34.48,-28.4));
#11996 = CARTESIAN_POINT('',(36.18,-34.48,-13.3));
#11997 = ORIENTED_EDGE('',*,*,#11177,.T.);
#11998 = ORIENTED_EDGE('',*,*,#11993,.T.);
#11999 = CYLINDRICAL_SURFACE('',#12000,1.7);
#12000 = AXIS2_PLACEMENT_3D('',#12001,#12002,#12003);
#12001 = CARTESIAN_POINT('',(34.48,-34.48,-29.4));
#12002 = DIRECTION('',(0.,0.,1.));
#12003 = DIRECTION('',(1.,0.,-0.));
#12004 = ADVANCED_FACE('',(#12005),#12015,.F.);
#12005 = FACE_BOUND('',#12006,.F.);
#12006 = EDGE_LOOP('',(#12007,#12008,#12013,#12014));
#12007 = ORIENTED_EDGE('',*,*,#10081,.F.);
#12008 = ORIENTED_EDGE('',*,*,#12009,.F.);
#12009 = EDGE_CURVE('',#11189,#10082,#12010,.T.);
#12010 = B_SPLINE_CURVE_WITH_KNOTS('',1,(#12011,#12012),.UNSPECIFIED.,
  .F.,.F.,(2,2),(1.,16.1),.PIECEWISE_BEZIER_KNOTS.);
#12011 = CARTESIAN_POINT('',(-32.78,34.48,-28.4));
#12012 = CARTESIAN_POINT('',(-32.78,34.48,-13.3));
#12013 = ORIENTED_EDGE('',*,*,#11188,.T.);
#12014 = ORIENTED_EDGE('',*,*,#12009,.T.);
#12015 = CYLINDRICAL_SURFACE('',#12016,1.7);
#12016 = AXIS2_PLACEMENT_3D('',#12017,#12018,#12019);
#12017 = CARTESIAN_POINT('',(-34.48,34.48,-29.4));
#12018 = DIRECTION('',(0.,0.,1.));
#12019 = DIRECTION('',(1.,0.,-0.));
#12020 = ADVANCED_FACE('',(#12021),#12031,.F.);
#12021 = FACE_BOUND('',#12022,.F.);
#12022 = EDGE_LOOP('',(#12023,#12024,#12029,#12030));
#12023 = ORIENTED_EDGE('',*,*,#10113,.F.);
#12024 = ORIENTED_EDGE('',*,*,#12025,.F.);
#12025 = EDGE_CURVE('',#11211,#10114,#12026,.T.);
#12026 = B_SPLINE_CURVE_WITH_KNOTS('',1,(#12027,#12028),.UNSPECIFIED.,
  .F.,.F.,(2,2),(1.,16.1),.PIECEWISE_BEZIER_KNOTS.);
#12027 = CARTESIAN_POINT('',(36.18,34.48,-28.4));
#12028 = CARTESIAN_POINT('',(36.18,34.48,-13.3));
#12029 = ORIENTED_EDGE('',*,*,#11210,.T.);
#12030 = ORIENTED_EDGE('',*,*,#12025,.T.);
#12031 = CYLINDRICAL_SURFACE('',#12032,1.7);
#12032 = AXIS2_PLACEMENT_3D('',#12033,#12034,#12035);
#12033 = CARTESIAN_POINT('',(34.48,34.48,-29.4));
#12034 = DIRECTION('',(0.,0.,1.));
#12035 = DIRECTION('',(1.,0.,-0.));
#12036 = ADVANCED_FACE('',(#12037),#12045,.T.);
#12037 = FACE_BOUND('',#12038,.T.);
#12038 = EDGE_LOOP('',(#12039,#12040,#12041,#12042,#12043,#12044));
#12039 = ORIENTED_EDGE('',*,*,#11280,.F.);
#12040 = ORIENTED_EDGE('',*,*,#10043,.F.);
#12041 = ORIENTED_EDGE('',*,*,#11381,.T.);
#12042 = ORIENTED_EDGE('',*,*,#11372,.T.);
#12043 = ORIENTED_EDGE('',*,*,#9917,.T.);
#12044 = ORIENTED_EDGE('',*,*,#11289,.F.);
#12045 = CYLINDRICAL_SURFACE('',#12046,11.);
#12046 = AXIS2_PLACEMENT_3D('',#12047,#12048,#12049);
#12047 = CARTESIAN_POINT('',(-42.48,0.,0.));
#12048 = DIRECTION('',(1.,0.,0.));
#12049 = DIRECTION('',(-0.,0.,1.));
#12050 = ADVANCED_FACE('',(#12051),#12063,.T.);
#12051 = FACE_BOUND('',#12052,.T.);
#12052 = EDGE_LOOP('',(#12053,#12054,#12055,#12056,#12057,#12058,#12059,
    #12060,#12061,#12062));
#12053 = ORIENTED_EDGE('',*,*,#11305,.T.);
#12054 = ORIENTED_EDGE('',*,*,#10185,.T.);
#12055 = ORIENTED_EDGE('',*,*,#155,.F.);
#12056 = ORIENTED_EDGE('',*,*,#113,.T.);
#12057 = ORIENTED_EDGE('',*,*,#71,.F.);
#12058 = ORIENTED_EDGE('',*,*,#62,.F.);
#12059 = ORIENTED_EDGE('',*,*,#47,.F.);
#12060 = ORIENTED_EDGE('',*,*,#221,.F.);
#12061 = ORIENTED_EDGE('',*,*,#10138,.F.);
#12062 = ORIENTED_EDGE('',*,*,#11314,.T.);
#12063 = CYLINDRICAL_SURFACE('',#12064,11.);
#12064 = AXIS2_PLACEMENT_3D('',#12065,#12066,#12067);
#12065 = CARTESIAN_POINT('',(38.47,0.,0.));
#12066 = DIRECTION('',(1.,0.,0.));
#12067 = DIRECTION('',(-0.,0.,1.));
#12068 = ( GEOMETRIC_REPRESENTATION_CONTEXT(3) 
GLOBAL_UNCERTAINTY_ASSIGNED_CONTEXT((#12072)) 
GLOBAL_UNIT_ASSIGNED_CONTEXT((#12069,#12070,#12071)) 
REPRESENTATION_CONTEXT('Context #1',
  '3D Context with UNIT and UNCERTAINTY') );
#12069 = ( LENGTH_UNIT() NAMED_UNIT(*) SI_UNIT(.MILLI.,.METRE.) );
#12070 = ( NAMED_UNIT(*) PLANE_ANGLE_UNIT() SI_UNIT($,.RADIAN.) );
#12071 = ( NAMED_UNIT(*) SI_UNIT($,.STERADIAN.) SOLID_ANGLE_UNIT() );
#12072 = UNCERTAINTY_MEASURE_WITH_UNIT(LENGTH_MEASURE(2.E-07),#12069,
  'distance_accuracy_value','confusion accuracy');
#12073 = PRODUCT_RELATED_PRODUCT_CATEGORY('part',$,(#7));
ENDSEC;
END-ISO-10303-21;
