ISO-10303-21;
HEADER;
FILE_DESCRIPTION(('FreeCAD Model'),'2;1');
FILE_NAME('Open CASCADE Shape Model','2026-10-08T02:32:10',('FreeCAD'),(
    'FreeCAD'),'Open CASCADE STEP processor 7.8','FreeCAD','Unknown');
FILE_SCHEMA(('AUTOMOTIVE_DESIGN { 1 0 10303 214 1 1 1 1 }'));
ENDSEC;
DATA;
#1 = APPLICATION_PROTOCOL_DEFINITION('international standard',
  'automotive_design',2000,#2);
#2 = APPLICATION_CONTEXT(
  'core data for automotive mechanical design processes');
#3 = SHAPE_DEFINITION_REPRESENTATION(#4,#10);
#4 = PRODUCT_DEFINITION_SHAPE('','',#5);
#5 = PRODUCT_DEFINITION('design','',#6,#9);
#6 = PRODUCT_DEFINITION_FORMATION('','',#7);
#7 = PRODUCT('Open CASCADE STEP translator 7.8 3',
  'Open CASCADE STEP translator 7.8 3','',(#8));
#8 = PRODUCT_CONTEXT('',#2,'mechanical');
#9 = PRODUCT_DEFINITION_CONTEXT('part definition',#2,'design');
#10 = ADVANCED_BREP_SHAPE_REPRESENTATION('',(#11,#15),#12651);
#11 = AXIS2_PLACEMENT_3D('',#12,#13,#14);
#12 = CARTESIAN_POINT('',(0.,0.,0.));
#13 = DIRECTION('',(0.,0.,1.));
#14 = DIRECTION('',(1.,0.,-0.));
#15 = MANIFOLD_SOLID_BREP('',#16);
#16 = CLOSED_SHELL('',(#17,#57,#90,#123,#154,#185,#218,#251,#273,#3648,
    #3680,#3704,#3728,#3760,#3784,#3808,#3840,#3864,#3888,#3920,#3944,
    #3968,#4000,#4024,#4048,#4066,#4098,#4122,#4146,#4164,#4196,#4220,
    #4244,#4262,#4294,#4318,#4342,#4360,#4392,#4416,#4440,#4472,#4496,
    #4520,#4538,#4570,#4594,#4618,#4650,#4674,#4698,#4730,#4754,#4778,
    #4796,#4828,#4852,#4876,#4908,#4932,#4956,#4974,#5006,#5030,#5054,
    #5086,#5110,#5134,#5166,#5190,#5214,#5246,#5270,#5294,#5326,#5350,
    #5374,#5392,#5424,#5448,#5472,#5490,#5522,#5546,#5570,#5588,#5620,
    #5644,#5668,#5686,#5718,#5742,#5766,#5784,#5816,#5840,#5864,#5882,
    #5914,#5938,#5962,#5980,#6012,#6036,#6060,#6078,#6110,#6134,#6158,
    #6176,#6208,#6232,#6256,#6288,#6312,#6336,#6354,#6386,#6410,#6434,
    #6452,#6484,#6508,#6532,#6564,#6588,#6612,#6630,#6662,#6686,#6710,
    #6728,#6760,#6784,#6808,#6826,#6858,#6882,#6906,#6924,#6956,#6980,
    #7004,#7036,#7060,#7084,#7116,#7140,#7164,#7196,#7220,#7244,#7276,
    #7300,#7324,#7356,#7380,#7404,#7422,#7454,#7478,#7502,#7534,#7558,
    #7582,#7614,#7638,#7662,#7694,#7718,#7742,#7774,#7798,#7822,#7854,
    #7878,#7902,#7934,#7958,#7982,#8000,#8032,#8056,#8080,#8098,#8130,
    #8154,#8178,#8196,#8228,#8252,#8276,#8308,#8332,#8356,#8374,#8406,
    #8430,#8454,#8486,#8510,#8534,#8566,#8590,#8614,#8646,#8670,#8694,
    #8726,#8750,#8774,#8792,#8824,#8848,#8872,#8890,#8922,#8946,#8970,
    #9002,#9026,#9050,#9068,#9100,#9124,#9148,#9166,#9198,#9222,#9246,
    #9278,#9302,#9326,#9358,#9382,#9406,#9424,#9456,#9480,#9504,#9522,
    #9554,#9578,#9602,#9634,#9658,#9682,#9700,#9732,#9756,#9781,#9805,
    #9829,#9846,#9878,#9902,#9927,#9951,#9975,#9992,#10023,#10048,#10072
    ,#10089,#10120,#10145,#10169,#10186,#10217,#10242,#10266,#10283,
    #10314,#10339,#10363,#10380,#10445,#10510,#10535,#10560,#10585,
    #10610,#10635,#10660,#10685,#10710,#10735,#10760,#10785,#10810,
    #10835,#10860,#10885,#10910,#10935,#10960,#10985,#11010,#11042,
    #11059,#11090,#12161,#12175,#12189,#12203,#12217,#12231,#12245,
    #12259,#12273,#12287,#12301,#12315,#12329,#12343,#12357,#12371,
    #12385,#12399,#12413,#12427,#12441,#12455,#12469,#12483,#12497,
    #12511,#12525,#12539,#12553,#12567,#12581,#12595,#12609,#12623,
    #12637));
#17 = ADVANCED_FACE('',(#18),#52,.F.);
#18 = FACE_BOUND('',#19,.F.);
#19 = EDGE_LOOP('',(#20,#30,#38,#46));
#20 = ORIENTED_EDGE('',*,*,#21,.F.);
#21 = EDGE_CURVE('',#22,#24,#26,.T.);
#22 = VERTEX_POINT('',#23);
#23 = CARTESIAN_POINT('',(-41.1,-30.48,-26.1));
#24 = VERTEX_POINT('',#25);
#25 = CARTESIAN_POINT('',(-41.1,30.48,-26.1));
#26 = LINE('',#27,#28);
#27 = CARTESIAN_POINT('',(-41.1,-33.48,-26.1));
#28 = VECTOR('',#29,1.);
#29 = DIRECTION('',(-0.,1.,0.));
#30 = ORIENTED_EDGE('',*,*,#31,.F.);
#31 = EDGE_CURVE('',#32,#22,#34,.T.);
#32 = VERTEX_POINT('',#33);
#33 = CARTESIAN_POINT('',(-41.1,-30.48,-29.1));
#34 = LINE('',#35,#36);
#35 = CARTESIAN_POINT('',(-41.1,-30.48,-29.1));
#36 = VECTOR('',#37,1.);
#37 = DIRECTION('',(0.,0.,1.));
#38 = ORIENTED_EDGE('',*,*,#39,.T.);
#39 = EDGE_CURVE('',#32,#40,#42,.T.);
#40 = VERTEX_POINT('',#41);
#41 = CARTESIAN_POINT('',(-41.1,30.48,-29.1));
#42 = LINE('',#43,#44);
#43 = CARTESIAN_POINT('',(-41.1,-33.48,-29.1));
#44 = VECTOR('',#45,1.);
#45 = DIRECTION('',(-0.,1.,0.));
#46 = ORIENTED_EDGE('',*,*,#47,.T.);
#47 = EDGE_CURVE('',#40,#24,#48,.T.);
#48 = LINE('',#49,#50);
#49 = CARTESIAN_POINT('',(-41.1,30.48,-29.1));
#50 = VECTOR('',#51,1.);
#51 = DIRECTION('',(0.,0.,1.));
#52 = PLANE('',#53);
#53 = AXIS2_PLACEMENT_3D('',#54,#55,#56);
#54 = CARTESIAN_POINT('',(-41.1,-33.48,-29.1));
#55 = DIRECTION('',(1.,0.,-0.));
#56 = DIRECTION('',(0.,0.,1.));
#57 = ADVANCED_FACE('',(#58),#85,.T.);
#58 = FACE_BOUND('',#59,.T.);
#59 = EDGE_LOOP('',(#60,#69,#77,#84));
#60 = ORIENTED_EDGE('',*,*,#61,.T.);
#61 = EDGE_CURVE('',#32,#62,#64,.T.);
#62 = VERTEX_POINT('',#63);
#63 = CARTESIAN_POINT('',(-38.1,-33.48,-29.1));
#64 = CIRCLE('',#65,3.);
#65 = AXIS2_PLACEMENT_3D('',#66,#67,#68);
#66 = CARTESIAN_POINT('',(-38.1,-30.48,-29.1));
#67 = DIRECTION('',(0.,0.,1.));
#68 = DIRECTION('',(0.,-1.,0.));
#69 = ORIENTED_EDGE('',*,*,#70,.T.);
#70 = EDGE_CURVE('',#62,#71,#73,.T.);
#71 = VERTEX_POINT('',#72);
#72 = CARTESIAN_POINT('',(-38.1,-33.48,-26.1));
#73 = LINE('',#74,#75);
#74 = CARTESIAN_POINT('',(-38.1,-33.48,-29.1));
#75 = VECTOR('',#76,1.);
#76 = DIRECTION('',(0.,0.,1.));
#77 = ORIENTED_EDGE('',*,*,#78,.F.);
#78 = EDGE_CURVE('',#22,#71,#79,.T.);
#79 = CIRCLE('',#80,3.);
#80 = AXIS2_PLACEMENT_3D('',#81,#82,#83);
#81 = CARTESIAN_POINT('',(-38.1,-30.48,-26.1));
#82 = DIRECTION('',(0.,0.,1.));
#83 = DIRECTION('',(0.,-1.,0.));
#84 = ORIENTED_EDGE('',*,*,#31,.F.);
#85 = CYLINDRICAL_SURFACE('',#86,3.);
#86 = AXIS2_PLACEMENT_3D('',#87,#88,#89);
#87 = CARTESIAN_POINT('',(-38.1,-30.48,-29.1));
#88 = DIRECTION('',(0.,0.,1.));
#89 = DIRECTION('',(-1.,-0.,0.));
#90 = ADVANCED_FACE('',(#91),#118,.T.);
#91 = FACE_BOUND('',#92,.F.);
#92 = EDGE_LOOP('',(#93,#102,#110,#117));
#93 = ORIENTED_EDGE('',*,*,#94,.T.);
#94 = EDGE_CURVE('',#40,#95,#97,.T.);
#95 = VERTEX_POINT('',#96);
#96 = CARTESIAN_POINT('',(-38.1,33.48,-29.1));
#97 = CIRCLE('',#98,3.);
#98 = AXIS2_PLACEMENT_3D('',#99,#100,#101);
#99 = CARTESIAN_POINT('',(-38.1,30.48,-29.1));
#100 = DIRECTION('',(-0.,-0.,-1.));
#101 = DIRECTION('',(0.,-1.,0.));
#102 = ORIENTED_EDGE('',*,*,#103,.T.);
#103 = EDGE_CURVE('',#95,#104,#106,.T.);
#104 = VERTEX_POINT('',#105);
#105 = CARTESIAN_POINT('',(-38.1,33.48,-26.1));
#106 = LINE('',#107,#108);
#107 = CARTESIAN_POINT('',(-38.1,33.48,-29.1));
#108 = VECTOR('',#109,1.);
#109 = DIRECTION('',(0.,0.,1.));
#110 = ORIENTED_EDGE('',*,*,#111,.F.);
#111 = EDGE_CURVE('',#24,#104,#112,.T.);
#112 = CIRCLE('',#113,3.);
#113 = AXIS2_PLACEMENT_3D('',#114,#115,#116);
#114 = CARTESIAN_POINT('',(-38.1,30.48,-26.1));
#115 = DIRECTION('',(-0.,-0.,-1.));
#116 = DIRECTION('',(0.,-1.,0.));
#117 = ORIENTED_EDGE('',*,*,#47,.F.);
#118 = CYLINDRICAL_SURFACE('',#119,3.);
#119 = AXIS2_PLACEMENT_3D('',#120,#121,#122);
#120 = CARTESIAN_POINT('',(-38.1,30.48,-29.1));
#121 = DIRECTION('',(0.,0.,1.));
#122 = DIRECTION('',(-1.,-0.,0.));
#123 = ADVANCED_FACE('',(#124),#149,.F.);
#124 = FACE_BOUND('',#125,.F.);
#125 = EDGE_LOOP('',(#126,#134,#135,#143));
#126 = ORIENTED_EDGE('',*,*,#127,.F.);
#127 = EDGE_CURVE('',#62,#128,#130,.T.);
#128 = VERTEX_POINT('',#129);
#129 = CARTESIAN_POINT('',(38.1,-33.48,-29.1));
#130 = LINE('',#131,#132);
#131 = CARTESIAN_POINT('',(-41.1,-33.48,-29.1));
#132 = VECTOR('',#133,1.);
#133 = DIRECTION('',(1.,0.,-0.));
#134 = ORIENTED_EDGE('',*,*,#70,.T.);
#135 = ORIENTED_EDGE('',*,*,#136,.T.);
#136 = EDGE_CURVE('',#71,#137,#139,.T.);
#137 = VERTEX_POINT('',#138);
#138 = CARTESIAN_POINT('',(38.1,-33.48,-26.1));
#139 = LINE('',#140,#141);
#140 = CARTESIAN_POINT('',(-41.1,-33.48,-26.1));
#141 = VECTOR('',#142,1.);
#142 = DIRECTION('',(1.,0.,-0.));
#143 = ORIENTED_EDGE('',*,*,#144,.F.);
#144 = EDGE_CURVE('',#128,#137,#145,.T.);
#145 = LINE('',#146,#147);
#146 = CARTESIAN_POINT('',(38.1,-33.48,-29.1));
#147 = VECTOR('',#148,1.);
#148 = DIRECTION('',(0.,0.,1.));
#149 = PLANE('',#150);
#150 = AXIS2_PLACEMENT_3D('',#151,#152,#153);
#151 = CARTESIAN_POINT('',(-41.1,-33.48,-29.1));
#152 = DIRECTION('',(-0.,1.,0.));
#153 = DIRECTION('',(0.,0.,1.));
#154 = ADVANCED_FACE('',(#155),#180,.T.);
#155 = FACE_BOUND('',#156,.T.);
#156 = EDGE_LOOP('',(#157,#165,#166,#174));
#157 = ORIENTED_EDGE('',*,*,#158,.F.);
#158 = EDGE_CURVE('',#95,#159,#161,.T.);
#159 = VERTEX_POINT('',#160);
#160 = CARTESIAN_POINT('',(38.1,33.48,-29.1));
#161 = LINE('',#162,#163);
#162 = CARTESIAN_POINT('',(-41.1,33.48,-29.1));
#163 = VECTOR('',#164,1.);
#164 = DIRECTION('',(1.,0.,-0.));
#165 = ORIENTED_EDGE('',*,*,#103,.T.);
#166 = ORIENTED_EDGE('',*,*,#167,.T.);
#167 = EDGE_CURVE('',#104,#168,#170,.T.);
#168 = VERTEX_POINT('',#169);
#169 = CARTESIAN_POINT('',(38.1,33.48,-26.1));
#170 = LINE('',#171,#172);
#171 = CARTESIAN_POINT('',(-41.1,33.48,-26.1));
#172 = VECTOR('',#173,1.);
#173 = DIRECTION('',(1.,0.,-0.));
#174 = ORIENTED_EDGE('',*,*,#175,.F.);
#175 = EDGE_CURVE('',#159,#168,#176,.T.);
#176 = LINE('',#177,#178);
#177 = CARTESIAN_POINT('',(38.1,33.48,-29.1));
#178 = VECTOR('',#179,1.);
#179 = DIRECTION('',(0.,0.,1.));
#180 = PLANE('',#181);
#181 = AXIS2_PLACEMENT_3D('',#182,#183,#184);
#182 = CARTESIAN_POINT('',(-41.1,33.48,-29.1));
#183 = DIRECTION('',(-0.,1.,0.));
#184 = DIRECTION('',(0.,0.,1.));
#185 = ADVANCED_FACE('',(#186),#213,.T.);
#186 = FACE_BOUND('',#187,.F.);
#187 = EDGE_LOOP('',(#188,#197,#198,#207));
#188 = ORIENTED_EDGE('',*,*,#189,.T.);
#189 = EDGE_CURVE('',#190,#128,#192,.T.);
#190 = VERTEX_POINT('',#191);
#191 = CARTESIAN_POINT('',(41.1,-30.48,-29.1));
#192 = CIRCLE('',#193,3.);
#193 = AXIS2_PLACEMENT_3D('',#194,#195,#196);
#194 = CARTESIAN_POINT('',(38.1,-30.48,-29.1));
#195 = DIRECTION('',(-0.,-0.,-1.));
#196 = DIRECTION('',(0.,-1.,0.));
#197 = ORIENTED_EDGE('',*,*,#144,.T.);
#198 = ORIENTED_EDGE('',*,*,#199,.F.);
#199 = EDGE_CURVE('',#200,#137,#202,.T.);
#200 = VERTEX_POINT('',#201);
#201 = CARTESIAN_POINT('',(41.1,-30.48,-26.1));
#202 = CIRCLE('',#203,3.);
#203 = AXIS2_PLACEMENT_3D('',#204,#205,#206);
#204 = CARTESIAN_POINT('',(38.1,-30.48,-26.1));
#205 = DIRECTION('',(-0.,-0.,-1.));
#206 = DIRECTION('',(0.,-1.,0.));
#207 = ORIENTED_EDGE('',*,*,#208,.F.);
#208 = EDGE_CURVE('',#190,#200,#209,.T.);
#209 = LINE('',#210,#211);
#210 = CARTESIAN_POINT('',(41.1,-30.48,-29.1));
#211 = VECTOR('',#212,1.);
#212 = DIRECTION('',(0.,0.,1.));
#213 = CYLINDRICAL_SURFACE('',#214,3.);
#214 = AXIS2_PLACEMENT_3D('',#215,#216,#217);
#215 = CARTESIAN_POINT('',(38.1,-30.48,-29.1));
#216 = DIRECTION('',(0.,0.,1.));
#217 = DIRECTION('',(1.,0.,-0.));
#218 = ADVANCED_FACE('',(#219),#246,.T.);
#219 = FACE_BOUND('',#220,.T.);
#220 = EDGE_LOOP('',(#221,#230,#231,#240));
#221 = ORIENTED_EDGE('',*,*,#222,.T.);
#222 = EDGE_CURVE('',#223,#159,#225,.T.);
#223 = VERTEX_POINT('',#224);
#224 = CARTESIAN_POINT('',(41.1,30.48,-29.1));
#225 = CIRCLE('',#226,3.);
#226 = AXIS2_PLACEMENT_3D('',#227,#228,#229);
#227 = CARTESIAN_POINT('',(38.1,30.48,-29.1));
#228 = DIRECTION('',(0.,0.,1.));
#229 = DIRECTION('',(0.,-1.,0.));
#230 = ORIENTED_EDGE('',*,*,#175,.T.);
#231 = ORIENTED_EDGE('',*,*,#232,.F.);
#232 = EDGE_CURVE('',#233,#168,#235,.T.);
#233 = VERTEX_POINT('',#234);
#234 = CARTESIAN_POINT('',(41.1,30.48,-26.1));
#235 = CIRCLE('',#236,3.);
#236 = AXIS2_PLACEMENT_3D('',#237,#238,#239);
#237 = CARTESIAN_POINT('',(38.1,30.48,-26.1));
#238 = DIRECTION('',(0.,0.,1.));
#239 = DIRECTION('',(0.,-1.,0.));
#240 = ORIENTED_EDGE('',*,*,#241,.F.);
#241 = EDGE_CURVE('',#223,#233,#242,.T.);
#242 = LINE('',#243,#244);
#243 = CARTESIAN_POINT('',(41.1,30.48,-29.1));
#244 = VECTOR('',#245,1.);
#245 = DIRECTION('',(0.,0.,1.));
#246 = CYLINDRICAL_SURFACE('',#247,3.);
#247 = AXIS2_PLACEMENT_3D('',#248,#249,#250);
#248 = CARTESIAN_POINT('',(38.1,30.48,-29.1));
#249 = DIRECTION('',(0.,0.,1.));
#250 = DIRECTION('',(1.,0.,-0.));
#251 = ADVANCED_FACE('',(#252),#268,.T.);
#252 = FACE_BOUND('',#253,.T.);
#253 = EDGE_LOOP('',(#254,#260,#261,#267));
#254 = ORIENTED_EDGE('',*,*,#255,.F.);
#255 = EDGE_CURVE('',#200,#233,#256,.T.);
#256 = LINE('',#257,#258);
#257 = CARTESIAN_POINT('',(41.1,-33.48,-26.1));
#258 = VECTOR('',#259,1.);
#259 = DIRECTION('',(-0.,1.,0.));
#260 = ORIENTED_EDGE('',*,*,#208,.F.);
#261 = ORIENTED_EDGE('',*,*,#262,.T.);
#262 = EDGE_CURVE('',#190,#223,#263,.T.);
#263 = LINE('',#264,#265);
#264 = CARTESIAN_POINT('',(41.1,-33.48,-29.1));
#265 = VECTOR('',#266,1.);
#266 = DIRECTION('',(-0.,1.,0.));
#267 = ORIENTED_EDGE('',*,*,#241,.T.);
#268 = PLANE('',#269);
#269 = AXIS2_PLACEMENT_3D('',#270,#271,#272);
#270 = CARTESIAN_POINT('',(41.1,-33.48,-29.1));
#271 = DIRECTION('',(1.,0.,-0.));
#272 = DIRECTION('',(0.,0.,1.));
#273 = ADVANCED_FACE('',(#274,#284,#329,#374,#419,#464,#500,#536,#572,
    #608,#653,#689,#734,#779,#815,#860,#896,#941,#986,#1031,#1076,#1112,
    #1148,#1184,#1220,#1256,#1292,#1328,#1364,#1400,#1445,#1481,#1517,
    #1562,#1598,#1634,#1670,#1706,#1751,#1796,#1841,#1886,#1931,#1967,
    #2012,#2057,#2102,#2147,#2192,#2237,#2273,#2309,#2345,#2390,#2426,
    #2471,#2516,#2561,#2606,#2642,#2678,#2723,#2759,#2795,#2840,#2885,
    #2921,#2957,#3002,#3038,#3090,#3142,#3177,#3212,#3247,#3282,#3329,
    #3376,#3387,#3398,#3409,#3420,#3431,#3442,#3453,#3464,#3475,#3486,
    #3497,#3508,#3519,#3530,#3541,#3552,#3563,#3574,#3585,#3596,#3615),
  #3643,.T.);
#274 = FACE_BOUND('',#275,.T.);
#275 = EDGE_LOOP('',(#276,#277,#278,#279,#280,#281,#282,#283));
#276 = ORIENTED_EDGE('',*,*,#21,.F.);
#277 = ORIENTED_EDGE('',*,*,#78,.T.);
#278 = ORIENTED_EDGE('',*,*,#136,.T.);
#279 = ORIENTED_EDGE('',*,*,#199,.F.);
#280 = ORIENTED_EDGE('',*,*,#255,.T.);
#281 = ORIENTED_EDGE('',*,*,#232,.T.);
#282 = ORIENTED_EDGE('',*,*,#167,.F.);
#283 = ORIENTED_EDGE('',*,*,#111,.F.);
#284 = FACE_BOUND('',#285,.T.);
#285 = EDGE_LOOP('',(#286,#297,#305,#314,#323));
#286 = ORIENTED_EDGE('',*,*,#287,.F.);
#287 = EDGE_CURVE('',#288,#290,#292,.T.);
#288 = VERTEX_POINT('',#289);
#289 = CARTESIAN_POINT('',(30.48,29.315,-26.1));
#290 = VERTEX_POINT('',#291);
#291 = CARTESIAN_POINT('',(30.48,26.565,-26.1));
#292 = CIRCLE('',#293,1.375);
#293 = AXIS2_PLACEMENT_3D('',#294,#295,#296);
#294 = CARTESIAN_POINT('',(30.48,27.94,-26.1));
#295 = DIRECTION('',(0.,0.,1.));
#296 = DIRECTION('',(1.,0.,-0.));
#297 = ORIENTED_EDGE('',*,*,#298,.F.);
#298 = EDGE_CURVE('',#299,#288,#301,.T.);
#299 = VERTEX_POINT('',#300);
#300 = CARTESIAN_POINT('',(35.56,29.315,-26.1));
#301 = LINE('',#302,#303);
#302 = CARTESIAN_POINT('',(-5.31,29.315,-26.1));
#303 = VECTOR('',#304,1.);
#304 = DIRECTION('',(-1.,-0.,0.));
#305 = ORIENTED_EDGE('',*,*,#306,.F.);
#306 = EDGE_CURVE('',#307,#299,#309,.T.);
#307 = VERTEX_POINT('',#308);
#308 = CARTESIAN_POINT('',(36.935,27.94,-26.1));
#309 = CIRCLE('',#310,1.375);
#310 = AXIS2_PLACEMENT_3D('',#311,#312,#313);
#311 = CARTESIAN_POINT('',(35.56,27.94,-26.1));
#312 = DIRECTION('',(0.,0.,1.));
#313 = DIRECTION('',(1.,0.,-0.));
#314 = ORIENTED_EDGE('',*,*,#315,.F.);
#315 = EDGE_CURVE('',#316,#307,#318,.T.);
#316 = VERTEX_POINT('',#317);
#317 = CARTESIAN_POINT('',(35.56,26.565,-26.1));
#318 = CIRCLE('',#319,1.375);
#319 = AXIS2_PLACEMENT_3D('',#320,#321,#322);
#320 = CARTESIAN_POINT('',(35.56,27.94,-26.1));
#321 = DIRECTION('',(0.,0.,1.));
#322 = DIRECTION('',(1.,0.,-0.));
#323 = ORIENTED_EDGE('',*,*,#324,.T.);
#324 = EDGE_CURVE('',#316,#290,#325,.T.);
#325 = LINE('',#326,#327);
#326 = CARTESIAN_POINT('',(-5.31,26.565,-26.1));
#327 = VECTOR('',#328,1.);
#328 = DIRECTION('',(-1.,-0.,0.));
#329 = FACE_BOUND('',#330,.T.);
#330 = EDGE_LOOP('',(#331,#342,#350,#359,#368));
#331 = ORIENTED_EDGE('',*,*,#332,.F.);
#332 = EDGE_CURVE('',#333,#335,#337,.T.);
#333 = VERTEX_POINT('',#334);
#334 = CARTESIAN_POINT('',(30.48,-1.165,-26.1));
#335 = VERTEX_POINT('',#336);
#336 = CARTESIAN_POINT('',(30.48,-3.915,-26.1));
#337 = CIRCLE('',#338,1.375);
#338 = AXIS2_PLACEMENT_3D('',#339,#340,#341);
#339 = CARTESIAN_POINT('',(30.48,-2.54,-26.1));
#340 = DIRECTION('',(0.,0.,1.));
#341 = DIRECTION('',(1.,0.,-0.));
#342 = ORIENTED_EDGE('',*,*,#343,.F.);
#343 = EDGE_CURVE('',#344,#333,#346,.T.);
#344 = VERTEX_POINT('',#345);
#345 = CARTESIAN_POINT('',(35.56,-1.165,-26.1));
#346 = LINE('',#347,#348);
#347 = CARTESIAN_POINT('',(-5.31,-1.165,-26.1));
#348 = VECTOR('',#349,1.);
#349 = DIRECTION('',(-1.,-0.,0.));
#350 = ORIENTED_EDGE('',*,*,#351,.F.);
#351 = EDGE_CURVE('',#352,#344,#354,.T.);
#352 = VERTEX_POINT('',#353);
#353 = CARTESIAN_POINT('',(36.935,-2.54,-26.1));
#354 = CIRCLE('',#355,1.375);
#355 = AXIS2_PLACEMENT_3D('',#356,#357,#358);
#356 = CARTESIAN_POINT('',(35.56,-2.54,-26.1));
#357 = DIRECTION('',(0.,0.,1.));
#358 = DIRECTION('',(1.,0.,-0.));
#359 = ORIENTED_EDGE('',*,*,#360,.F.);
#360 = EDGE_CURVE('',#361,#352,#363,.T.);
#361 = VERTEX_POINT('',#362);
#362 = CARTESIAN_POINT('',(35.56,-3.915,-26.1));
#363 = CIRCLE('',#364,1.375);
#364 = AXIS2_PLACEMENT_3D('',#365,#366,#367);
#365 = CARTESIAN_POINT('',(35.56,-2.54,-26.1));
#366 = DIRECTION('',(0.,0.,1.));
#367 = DIRECTION('',(1.,0.,-0.));
#368 = ORIENTED_EDGE('',*,*,#369,.T.);
#369 = EDGE_CURVE('',#361,#335,#370,.T.);
#370 = LINE('',#371,#372);
#371 = CARTESIAN_POINT('',(-5.31,-3.915,-26.1));
#372 = VECTOR('',#373,1.);
#373 = DIRECTION('',(-1.,-0.,0.));
#374 = FACE_BOUND('',#375,.T.);
#375 = EDGE_LOOP('',(#376,#387,#395,#404,#413));
#376 = ORIENTED_EDGE('',*,*,#377,.F.);
#377 = EDGE_CURVE('',#378,#380,#382,.T.);
#378 = VERTEX_POINT('',#379);
#379 = CARTESIAN_POINT('',(30.48,14.075,-26.1));
#380 = VERTEX_POINT('',#381);
#381 = CARTESIAN_POINT('',(30.48,11.325,-26.1));
#382 = CIRCLE('',#383,1.375);
#383 = AXIS2_PLACEMENT_3D('',#384,#385,#386);
#384 = CARTESIAN_POINT('',(30.48,12.7,-26.1));
#385 = DIRECTION('',(0.,0.,1.));
#386 = DIRECTION('',(1.,0.,-0.));
#387 = ORIENTED_EDGE('',*,*,#388,.F.);
#388 = EDGE_CURVE('',#389,#378,#391,.T.);
#389 = VERTEX_POINT('',#390);
#390 = CARTESIAN_POINT('',(35.56,14.075,-26.1));
#391 = LINE('',#392,#393);
#392 = CARTESIAN_POINT('',(-5.31,14.075,-26.1));
#393 = VECTOR('',#394,1.);
#394 = DIRECTION('',(-1.,-0.,0.));
#395 = ORIENTED_EDGE('',*,*,#396,.F.);
#396 = EDGE_CURVE('',#397,#389,#399,.T.);
#397 = VERTEX_POINT('',#398);
#398 = CARTESIAN_POINT('',(36.935,12.7,-26.1));
#399 = CIRCLE('',#400,1.375);
#400 = AXIS2_PLACEMENT_3D('',#401,#402,#403);
#401 = CARTESIAN_POINT('',(35.56,12.7,-26.1));
#402 = DIRECTION('',(0.,0.,1.));
#403 = DIRECTION('',(1.,0.,-0.));
#404 = ORIENTED_EDGE('',*,*,#405,.F.);
#405 = EDGE_CURVE('',#406,#397,#408,.T.);
#406 = VERTEX_POINT('',#407);
#407 = CARTESIAN_POINT('',(35.56,11.325,-26.1));
#408 = CIRCLE('',#409,1.375);
#409 = AXIS2_PLACEMENT_3D('',#410,#411,#412);
#410 = CARTESIAN_POINT('',(35.56,12.7,-26.1));
#411 = DIRECTION('',(0.,0.,1.));
#412 = DIRECTION('',(1.,0.,-0.));
#413 = ORIENTED_EDGE('',*,*,#414,.T.);
#414 = EDGE_CURVE('',#406,#380,#415,.T.);
#415 = LINE('',#416,#417);
#416 = CARTESIAN_POINT('',(-5.31,11.325,-26.1));
#417 = VECTOR('',#418,1.);
#418 = DIRECTION('',(-1.,-0.,0.));
#419 = FACE_BOUND('',#420,.T.);
#420 = EDGE_LOOP('',(#421,#432,#440,#449,#458));
#421 = ORIENTED_EDGE('',*,*,#422,.F.);
#422 = EDGE_CURVE('',#423,#425,#427,.T.);
#423 = VERTEX_POINT('',#424);
#424 = CARTESIAN_POINT('',(30.48,-16.405,-26.1));
#425 = VERTEX_POINT('',#426);
#426 = CARTESIAN_POINT('',(30.48,-19.155,-26.1));
#427 = CIRCLE('',#428,1.375);
#428 = AXIS2_PLACEMENT_3D('',#429,#430,#431);
#429 = CARTESIAN_POINT('',(30.48,-17.78,-26.1));
#430 = DIRECTION('',(0.,0.,1.));
#431 = DIRECTION('',(1.,0.,-0.));
#432 = ORIENTED_EDGE('',*,*,#433,.F.);
#433 = EDGE_CURVE('',#434,#423,#436,.T.);
#434 = VERTEX_POINT('',#435);
#435 = CARTESIAN_POINT('',(35.56,-16.405,-26.1));
#436 = LINE('',#437,#438);
#437 = CARTESIAN_POINT('',(-5.31,-16.405,-26.1));
#438 = VECTOR('',#439,1.);
#439 = DIRECTION('',(-1.,-0.,0.));
#440 = ORIENTED_EDGE('',*,*,#441,.F.);
#441 = EDGE_CURVE('',#442,#434,#444,.T.);
#442 = VERTEX_POINT('',#443);
#443 = CARTESIAN_POINT('',(36.935,-17.78,-26.1));
#444 = CIRCLE('',#445,1.375);
#445 = AXIS2_PLACEMENT_3D('',#446,#447,#448);
#446 = CARTESIAN_POINT('',(35.56,-17.78,-26.1));
#447 = DIRECTION('',(0.,0.,1.));
#448 = DIRECTION('',(1.,0.,-0.));
#449 = ORIENTED_EDGE('',*,*,#450,.F.);
#450 = EDGE_CURVE('',#451,#442,#453,.T.);
#451 = VERTEX_POINT('',#452);
#452 = CARTESIAN_POINT('',(35.56,-19.155,-26.1));
#453 = CIRCLE('',#454,1.375);
#454 = AXIS2_PLACEMENT_3D('',#455,#456,#457);
#455 = CARTESIAN_POINT('',(35.56,-17.78,-26.1));
#456 = DIRECTION('',(0.,0.,1.));
#457 = DIRECTION('',(1.,0.,-0.));
#458 = ORIENTED_EDGE('',*,*,#459,.T.);
#459 = EDGE_CURVE('',#451,#425,#460,.T.);
#460 = LINE('',#461,#462);
#461 = CARTESIAN_POINT('',(-5.31,-19.155,-26.1));
#462 = VECTOR('',#463,1.);
#463 = DIRECTION('',(-1.,-0.,0.));
#464 = FACE_BOUND('',#465,.T.);
#465 = EDGE_LOOP('',(#466,#477,#485,#494));
#466 = ORIENTED_EDGE('',*,*,#467,.F.);
#467 = EDGE_CURVE('',#468,#470,#472,.T.);
#468 = VERTEX_POINT('',#469);
#469 = CARTESIAN_POINT('',(26.775,27.94,-26.1));
#470 = VERTEX_POINT('',#471);
#471 = CARTESIAN_POINT('',(24.025,27.94,-26.1));
#472 = CIRCLE('',#473,1.375);
#473 = AXIS2_PLACEMENT_3D('',#474,#475,#476);
#474 = CARTESIAN_POINT('',(25.4,27.94,-26.1));
#475 = DIRECTION('',(0.,0.,1.));
#476 = DIRECTION('',(1.,0.,-0.));
#477 = ORIENTED_EDGE('',*,*,#478,.F.);
#478 = EDGE_CURVE('',#479,#468,#481,.T.);
#479 = VERTEX_POINT('',#480);
#480 = CARTESIAN_POINT('',(26.775,22.86,-26.1));
#481 = LINE('',#482,#483);
#482 = CARTESIAN_POINT('',(26.775,-5.31,-26.1));
#483 = VECTOR('',#484,1.);
#484 = DIRECTION('',(-0.,1.,0.));
#485 = ORIENTED_EDGE('',*,*,#486,.F.);
#486 = EDGE_CURVE('',#487,#479,#489,.T.);
#487 = VERTEX_POINT('',#488);
#488 = CARTESIAN_POINT('',(24.025,22.86,-26.1));
#489 = CIRCLE('',#490,1.375);
#490 = AXIS2_PLACEMENT_3D('',#491,#492,#493);
#491 = CARTESIAN_POINT('',(25.4,22.86,-26.1));
#492 = DIRECTION('',(0.,0.,1.));
#493 = DIRECTION('',(1.,0.,-0.));
#494 = ORIENTED_EDGE('',*,*,#495,.T.);
#495 = EDGE_CURVE('',#487,#470,#496,.T.);
#496 = LINE('',#497,#498);
#497 = CARTESIAN_POINT('',(24.025,-5.31,-26.1));
#498 = VECTOR('',#499,1.);
#499 = DIRECTION('',(-0.,1.,0.));
#500 = FACE_BOUND('',#501,.T.);
#501 = EDGE_LOOP('',(#502,#513,#521,#530));
#502 = ORIENTED_EDGE('',*,*,#503,.F.);
#503 = EDGE_CURVE('',#504,#506,#508,.T.);
#504 = VERTEX_POINT('',#505);
#505 = CARTESIAN_POINT('',(-3.705,27.94,-26.1));
#506 = VERTEX_POINT('',#507);
#507 = CARTESIAN_POINT('',(-6.455,27.94,-26.1));
#508 = CIRCLE('',#509,1.375);
#509 = AXIS2_PLACEMENT_3D('',#510,#511,#512);
#510 = CARTESIAN_POINT('',(-5.08,27.94,-26.1));
#511 = DIRECTION('',(0.,0.,1.));
#512 = DIRECTION('',(1.,0.,-0.));
#513 = ORIENTED_EDGE('',*,*,#514,.F.);
#514 = EDGE_CURVE('',#515,#504,#517,.T.);
#515 = VERTEX_POINT('',#516);
#516 = CARTESIAN_POINT('',(-3.705,22.86,-26.1));
#517 = LINE('',#518,#519);
#518 = CARTESIAN_POINT('',(-3.705,-5.31,-26.1));
#519 = VECTOR('',#520,1.);
#520 = DIRECTION('',(-0.,1.,0.));
#521 = ORIENTED_EDGE('',*,*,#522,.F.);
#522 = EDGE_CURVE('',#523,#515,#525,.T.);
#523 = VERTEX_POINT('',#524);
#524 = CARTESIAN_POINT('',(-6.455,22.86,-26.1));
#525 = CIRCLE('',#526,1.375);
#526 = AXIS2_PLACEMENT_3D('',#527,#528,#529);
#527 = CARTESIAN_POINT('',(-5.08,22.86,-26.1));
#528 = DIRECTION('',(0.,0.,1.));
#529 = DIRECTION('',(1.,0.,-0.));
#530 = ORIENTED_EDGE('',*,*,#531,.T.);
#531 = EDGE_CURVE('',#523,#506,#532,.T.);
#532 = LINE('',#533,#534);
#533 = CARTESIAN_POINT('',(-6.455,-5.31,-26.1));
#534 = VECTOR('',#535,1.);
#535 = DIRECTION('',(-0.,1.,0.));
#536 = FACE_BOUND('',#537,.T.);
#537 = EDGE_LOOP('',(#538,#549,#557,#566));
#538 = ORIENTED_EDGE('',*,*,#539,.F.);
#539 = EDGE_CURVE('',#540,#542,#544,.T.);
#540 = VERTEX_POINT('',#541);
#541 = CARTESIAN_POINT('',(-34.185,27.94,-26.1));
#542 = VERTEX_POINT('',#543);
#543 = CARTESIAN_POINT('',(-36.935,27.94,-26.1));
#544 = CIRCLE('',#545,1.375);
#545 = AXIS2_PLACEMENT_3D('',#546,#547,#548);
#546 = CARTESIAN_POINT('',(-35.56,27.94,-26.1));
#547 = DIRECTION('',(0.,0.,1.));
#548 = DIRECTION('',(1.,0.,-0.));
#549 = ORIENTED_EDGE('',*,*,#550,.F.);
#550 = EDGE_CURVE('',#551,#540,#553,.T.);
#551 = VERTEX_POINT('',#552);
#552 = CARTESIAN_POINT('',(-34.185,22.86,-26.1));
#553 = LINE('',#554,#555);
#554 = CARTESIAN_POINT('',(-34.185,-5.31,-26.1));
#555 = VECTOR('',#556,1.);
#556 = DIRECTION('',(-0.,1.,0.));
#557 = ORIENTED_EDGE('',*,*,#558,.F.);
#558 = EDGE_CURVE('',#559,#551,#561,.T.);
#559 = VERTEX_POINT('',#560);
#560 = CARTESIAN_POINT('',(-36.935,22.86,-26.1));
#561 = CIRCLE('',#562,1.375);
#562 = AXIS2_PLACEMENT_3D('',#563,#564,#565);
#563 = CARTESIAN_POINT('',(-35.56,22.86,-26.1));
#564 = DIRECTION('',(0.,0.,1.));
#565 = DIRECTION('',(1.,0.,-0.));
#566 = ORIENTED_EDGE('',*,*,#567,.T.);
#567 = EDGE_CURVE('',#559,#542,#568,.T.);
#568 = LINE('',#569,#570);
#569 = CARTESIAN_POINT('',(-36.935,-5.31,-26.1));
#570 = VECTOR('',#571,1.);
#571 = DIRECTION('',(-0.,1.,0.));
#572 = FACE_BOUND('',#573,.T.);
#573 = EDGE_LOOP('',(#574,#585,#593,#602));
#574 = ORIENTED_EDGE('',*,*,#575,.F.);
#575 = EDGE_CURVE('',#576,#578,#580,.T.);
#576 = VERTEX_POINT('',#577);
#577 = CARTESIAN_POINT('',(-18.945,27.94,-26.1));
#578 = VERTEX_POINT('',#579);
#579 = CARTESIAN_POINT('',(-21.695,27.94,-26.1));
#580 = CIRCLE('',#581,1.375);
#581 = AXIS2_PLACEMENT_3D('',#582,#583,#584);
#582 = CARTESIAN_POINT('',(-20.32,27.94,-26.1));
#583 = DIRECTION('',(0.,0.,1.));
#584 = DIRECTION('',(1.,0.,-0.));
#585 = ORIENTED_EDGE('',*,*,#586,.F.);
#586 = EDGE_CURVE('',#587,#576,#589,.T.);
#587 = VERTEX_POINT('',#588);
#588 = CARTESIAN_POINT('',(-18.945,22.86,-26.1));
#589 = LINE('',#590,#591);
#590 = CARTESIAN_POINT('',(-18.945,-5.31,-26.1));
#591 = VECTOR('',#592,1.);
#592 = DIRECTION('',(-0.,1.,0.));
#593 = ORIENTED_EDGE('',*,*,#594,.F.);
#594 = EDGE_CURVE('',#595,#587,#597,.T.);
#595 = VERTEX_POINT('',#596);
#596 = CARTESIAN_POINT('',(-21.695,22.86,-26.1));
#597 = CIRCLE('',#598,1.375);
#598 = AXIS2_PLACEMENT_3D('',#599,#600,#601);
#599 = CARTESIAN_POINT('',(-20.32,22.86,-26.1));
#600 = DIRECTION('',(0.,0.,1.));
#601 = DIRECTION('',(1.,0.,-0.));
#602 = ORIENTED_EDGE('',*,*,#603,.T.);
#603 = EDGE_CURVE('',#595,#578,#604,.T.);
#604 = LINE('',#605,#606);
#605 = CARTESIAN_POINT('',(-21.695,-5.31,-26.1));
#606 = VECTOR('',#607,1.);
#607 = DIRECTION('',(-0.,1.,0.));
#608 = FACE_BOUND('',#609,.T.);
#609 = EDGE_LOOP('',(#610,#621,#629,#638,#647));
#610 = ORIENTED_EDGE('',*,*,#611,.F.);
#611 = EDGE_CURVE('',#612,#614,#616,.T.);
#612 = VERTEX_POINT('',#613);
#613 = CARTESIAN_POINT('',(15.24,29.315,-26.1));
#614 = VERTEX_POINT('',#615);
#615 = CARTESIAN_POINT('',(15.24,26.565,-26.1));
#616 = CIRCLE('',#617,1.375);
#617 = AXIS2_PLACEMENT_3D('',#618,#619,#620);
#618 = CARTESIAN_POINT('',(15.24,27.94,-26.1));
#619 = DIRECTION('',(0.,0.,1.));
#620 = DIRECTION('',(1.,0.,-0.));
#621 = ORIENTED_EDGE('',*,*,#622,.F.);
#622 = EDGE_CURVE('',#623,#612,#625,.T.);
#623 = VERTEX_POINT('',#624);
#624 = CARTESIAN_POINT('',(20.32,29.315,-26.1));
#625 = LINE('',#626,#627);
#626 = CARTESIAN_POINT('',(-12.93,29.315,-26.1));
#627 = VECTOR('',#628,1.);
#628 = DIRECTION('',(-1.,-0.,0.));
#629 = ORIENTED_EDGE('',*,*,#630,.F.);
#630 = EDGE_CURVE('',#631,#623,#633,.T.);
#631 = VERTEX_POINT('',#632);
#632 = CARTESIAN_POINT('',(21.695,27.94,-26.1));
#633 = CIRCLE('',#634,1.375);
#634 = AXIS2_PLACEMENT_3D('',#635,#636,#637);
#635 = CARTESIAN_POINT('',(20.32,27.94,-26.1));
#636 = DIRECTION('',(0.,0.,1.));
#637 = DIRECTION('',(1.,0.,-0.));
#638 = ORIENTED_EDGE('',*,*,#639,.F.);
#639 = EDGE_CURVE('',#640,#631,#642,.T.);
#640 = VERTEX_POINT('',#641);
#641 = CARTESIAN_POINT('',(20.32,26.565,-26.1));
#642 = CIRCLE('',#643,1.375);
#643 = AXIS2_PLACEMENT_3D('',#644,#645,#646);
#644 = CARTESIAN_POINT('',(20.32,27.94,-26.1));
#645 = DIRECTION('',(0.,0.,1.));
#646 = DIRECTION('',(1.,0.,-0.));
#647 = ORIENTED_EDGE('',*,*,#648,.T.);
#648 = EDGE_CURVE('',#640,#614,#649,.T.);
#649 = LINE('',#650,#651);
#650 = CARTESIAN_POINT('',(-12.93,26.565,-26.1));
#651 = VECTOR('',#652,1.);
#652 = DIRECTION('',(-1.,-0.,0.));
#653 = FACE_BOUND('',#654,.T.);
#654 = EDGE_LOOP('',(#655,#666,#674,#683));
#655 = ORIENTED_EDGE('',*,*,#656,.F.);
#656 = EDGE_CURVE('',#657,#659,#661,.T.);
#657 = VERTEX_POINT('',#658);
#658 = CARTESIAN_POINT('',(11.535,27.94,-26.1));
#659 = VERTEX_POINT('',#660);
#660 = CARTESIAN_POINT('',(8.785,27.94,-26.1));
#661 = CIRCLE('',#662,1.375);
#662 = AXIS2_PLACEMENT_3D('',#663,#664,#665);
#663 = CARTESIAN_POINT('',(10.16,27.94,-26.1));
#664 = DIRECTION('',(0.,0.,1.));
#665 = DIRECTION('',(1.,0.,-0.));
#666 = ORIENTED_EDGE('',*,*,#667,.F.);
#667 = EDGE_CURVE('',#668,#657,#670,.T.);
#668 = VERTEX_POINT('',#669);
#669 = CARTESIAN_POINT('',(11.535,22.86,-26.1));
#670 = LINE('',#671,#672);
#671 = CARTESIAN_POINT('',(11.535,-5.31,-26.1));
#672 = VECTOR('',#673,1.);
#673 = DIRECTION('',(-0.,1.,0.));
#674 = ORIENTED_EDGE('',*,*,#675,.F.);
#675 = EDGE_CURVE('',#676,#668,#678,.T.);
#676 = VERTEX_POINT('',#677);
#677 = CARTESIAN_POINT('',(8.785,22.86,-26.1));
#678 = CIRCLE('',#679,1.375);
#679 = AXIS2_PLACEMENT_3D('',#680,#681,#682);
#680 = CARTESIAN_POINT('',(10.16,22.86,-26.1));
#681 = DIRECTION('',(0.,0.,1.));
#682 = DIRECTION('',(1.,0.,-0.));
#683 = ORIENTED_EDGE('',*,*,#684,.T.);
#684 = EDGE_CURVE('',#676,#659,#685,.T.);
#685 = LINE('',#686,#687);
#686 = CARTESIAN_POINT('',(8.785,-5.31,-26.1));
#687 = VECTOR('',#688,1.);
#688 = DIRECTION('',(-0.,1.,0.));
#689 = FACE_BOUND('',#690,.T.);
#690 = EDGE_LOOP('',(#691,#702,#710,#719,#728));
#691 = ORIENTED_EDGE('',*,*,#692,.F.);
#692 = EDGE_CURVE('',#693,#695,#697,.T.);
#693 = VERTEX_POINT('',#694);
#694 = CARTESIAN_POINT('',(15.24,-16.405,-26.1));
#695 = VERTEX_POINT('',#696);
#696 = CARTESIAN_POINT('',(15.24,-19.155,-26.1));
#697 = CIRCLE('',#698,1.375);
#698 = AXIS2_PLACEMENT_3D('',#699,#700,#701);
#699 = CARTESIAN_POINT('',(15.24,-17.78,-26.1));
#700 = DIRECTION('',(0.,0.,1.));
#701 = DIRECTION('',(1.,0.,-0.));
#702 = ORIENTED_EDGE('',*,*,#703,.F.);
#703 = EDGE_CURVE('',#704,#693,#706,.T.);
#704 = VERTEX_POINT('',#705);
#705 = CARTESIAN_POINT('',(20.32,-16.405,-26.1));
#706 = LINE('',#707,#708);
#707 = CARTESIAN_POINT('',(-12.93,-16.405,-26.1));
#708 = VECTOR('',#709,1.);
#709 = DIRECTION('',(-1.,-0.,0.));
#710 = ORIENTED_EDGE('',*,*,#711,.F.);
#711 = EDGE_CURVE('',#712,#704,#714,.T.);
#712 = VERTEX_POINT('',#713);
#713 = CARTESIAN_POINT('',(21.695,-17.78,-26.1));
#714 = CIRCLE('',#715,1.375);
#715 = AXIS2_PLACEMENT_3D('',#716,#717,#718);
#716 = CARTESIAN_POINT('',(20.32,-17.78,-26.1));
#717 = DIRECTION('',(0.,0.,1.));
#718 = DIRECTION('',(1.,0.,-0.));
#719 = ORIENTED_EDGE('',*,*,#720,.F.);
#720 = EDGE_CURVE('',#721,#712,#723,.T.);
#721 = VERTEX_POINT('',#722);
#722 = CARTESIAN_POINT('',(20.32,-19.155,-26.1));
#723 = CIRCLE('',#724,1.375);
#724 = AXIS2_PLACEMENT_3D('',#725,#726,#727);
#725 = CARTESIAN_POINT('',(20.32,-17.78,-26.1));
#726 = DIRECTION('',(0.,0.,1.));
#727 = DIRECTION('',(1.,0.,-0.));
#728 = ORIENTED_EDGE('',*,*,#729,.T.);
#729 = EDGE_CURVE('',#721,#695,#730,.T.);
#730 = LINE('',#731,#732);
#731 = CARTESIAN_POINT('',(-12.93,-19.155,-26.1));
#732 = VECTOR('',#733,1.);
#733 = DIRECTION('',(-1.,-0.,0.));
#734 = FACE_BOUND('',#735,.T.);
#735 = EDGE_LOOP('',(#736,#747,#755,#764,#773));
#736 = ORIENTED_EDGE('',*,*,#737,.F.);
#737 = EDGE_CURVE('',#738,#740,#742,.T.);
#738 = VERTEX_POINT('',#739);
#739 = CARTESIAN_POINT('',(15.24,14.075,-26.1));
#740 = VERTEX_POINT('',#741);
#741 = CARTESIAN_POINT('',(15.24,11.325,-26.1));
#742 = CIRCLE('',#743,1.375);
#743 = AXIS2_PLACEMENT_3D('',#744,#745,#746);
#744 = CARTESIAN_POINT('',(15.24,12.7,-26.1));
#745 = DIRECTION('',(0.,0.,1.));
#746 = DIRECTION('',(1.,0.,-0.));
#747 = ORIENTED_EDGE('',*,*,#748,.F.);
#748 = EDGE_CURVE('',#749,#738,#751,.T.);
#749 = VERTEX_POINT('',#750);
#750 = CARTESIAN_POINT('',(20.32,14.075,-26.1));
#751 = LINE('',#752,#753);
#752 = CARTESIAN_POINT('',(-12.93,14.075,-26.1));
#753 = VECTOR('',#754,1.);
#754 = DIRECTION('',(-1.,-0.,0.));
#755 = ORIENTED_EDGE('',*,*,#756,.F.);
#756 = EDGE_CURVE('',#757,#749,#759,.T.);
#757 = VERTEX_POINT('',#758);
#758 = CARTESIAN_POINT('',(21.695,12.7,-26.1));
#759 = CIRCLE('',#760,1.375);
#760 = AXIS2_PLACEMENT_3D('',#761,#762,#763);
#761 = CARTESIAN_POINT('',(20.32,12.7,-26.1));
#762 = DIRECTION('',(0.,0.,1.));
#763 = DIRECTION('',(1.,0.,-0.));
#764 = ORIENTED_EDGE('',*,*,#765,.F.);
#765 = EDGE_CURVE('',#766,#757,#768,.T.);
#766 = VERTEX_POINT('',#767);
#767 = CARTESIAN_POINT('',(20.32,11.325,-26.1));
#768 = CIRCLE('',#769,1.375);
#769 = AXIS2_PLACEMENT_3D('',#770,#771,#772);
#770 = CARTESIAN_POINT('',(20.32,12.7,-26.1));
#771 = DIRECTION('',(0.,0.,1.));
#772 = DIRECTION('',(1.,0.,-0.));
#773 = ORIENTED_EDGE('',*,*,#774,.T.);
#774 = EDGE_CURVE('',#766,#740,#775,.T.);
#775 = LINE('',#776,#777);
#776 = CARTESIAN_POINT('',(-12.93,11.325,-26.1));
#777 = VECTOR('',#778,1.);
#778 = DIRECTION('',(-1.,-0.,0.));
#779 = FACE_BOUND('',#780,.T.);
#780 = EDGE_LOOP('',(#781,#792,#800,#809));
#781 = ORIENTED_EDGE('',*,*,#782,.F.);
#782 = EDGE_CURVE('',#783,#785,#787,.T.);
#783 = VERTEX_POINT('',#784);
#784 = CARTESIAN_POINT('',(26.775,-17.78,-26.1));
#785 = VERTEX_POINT('',#786);
#786 = CARTESIAN_POINT('',(24.025,-17.78,-26.1));
#787 = CIRCLE('',#788,1.375);
#788 = AXIS2_PLACEMENT_3D('',#789,#790,#791);
#789 = CARTESIAN_POINT('',(25.4,-17.78,-26.1));
#790 = DIRECTION('',(0.,0.,1.));
#791 = DIRECTION('',(1.,0.,-0.));
#792 = ORIENTED_EDGE('',*,*,#793,.F.);
#793 = EDGE_CURVE('',#794,#783,#796,.T.);
#794 = VERTEX_POINT('',#795);
#795 = CARTESIAN_POINT('',(26.775,-22.86,-26.1));
#796 = LINE('',#797,#798);
#797 = CARTESIAN_POINT('',(26.775,-28.17,-26.1));
#798 = VECTOR('',#799,1.);
#799 = DIRECTION('',(-0.,1.,0.));
#800 = ORIENTED_EDGE('',*,*,#801,.F.);
#801 = EDGE_CURVE('',#802,#794,#804,.T.);
#802 = VERTEX_POINT('',#803);
#803 = CARTESIAN_POINT('',(24.025,-22.86,-26.1));
#804 = CIRCLE('',#805,1.375);
#805 = AXIS2_PLACEMENT_3D('',#806,#807,#808);
#806 = CARTESIAN_POINT('',(25.4,-22.86,-26.1));
#807 = DIRECTION('',(0.,0.,1.));
#808 = DIRECTION('',(1.,0.,-0.));
#809 = ORIENTED_EDGE('',*,*,#810,.T.);
#810 = EDGE_CURVE('',#802,#785,#811,.T.);
#811 = LINE('',#812,#813);
#812 = CARTESIAN_POINT('',(24.025,-28.17,-26.1));
#813 = VECTOR('',#814,1.);
#814 = DIRECTION('',(-0.,1.,0.));
#815 = FACE_BOUND('',#816,.T.);
#816 = EDGE_LOOP('',(#817,#828,#836,#845,#854));
#817 = ORIENTED_EDGE('',*,*,#818,.F.);
#818 = EDGE_CURVE('',#819,#821,#823,.T.);
#819 = VERTEX_POINT('',#820);
#820 = CARTESIAN_POINT('',(-35.56,-11.325,-26.1));
#821 = VERTEX_POINT('',#822);
#822 = CARTESIAN_POINT('',(-35.56,-14.075,-26.1));
#823 = CIRCLE('',#824,1.375);
#824 = AXIS2_PLACEMENT_3D('',#825,#826,#827);
#825 = CARTESIAN_POINT('',(-35.56,-12.7,-26.1));
#826 = DIRECTION('',(0.,0.,1.));
#827 = DIRECTION('',(1.,0.,-0.));
#828 = ORIENTED_EDGE('',*,*,#829,.F.);
#829 = EDGE_CURVE('',#830,#819,#832,.T.);
#830 = VERTEX_POINT('',#831);
#831 = CARTESIAN_POINT('',(-30.48,-11.325,-26.1));
#832 = LINE('',#833,#834);
#833 = CARTESIAN_POINT('',(-38.33,-11.325,-26.1));
#834 = VECTOR('',#835,1.);
#835 = DIRECTION('',(-1.,-0.,0.));
#836 = ORIENTED_EDGE('',*,*,#837,.F.);
#837 = EDGE_CURVE('',#838,#830,#840,.T.);
#838 = VERTEX_POINT('',#839);
#839 = CARTESIAN_POINT('',(-29.105,-12.7,-26.1));
#840 = CIRCLE('',#841,1.375);
#841 = AXIS2_PLACEMENT_3D('',#842,#843,#844);
#842 = CARTESIAN_POINT('',(-30.48,-12.7,-26.1));
#843 = DIRECTION('',(0.,0.,1.));
#844 = DIRECTION('',(1.,0.,-0.));
#845 = ORIENTED_EDGE('',*,*,#846,.F.);
#846 = EDGE_CURVE('',#847,#838,#849,.T.);
#847 = VERTEX_POINT('',#848);
#848 = CARTESIAN_POINT('',(-30.48,-14.075,-26.1));
#849 = CIRCLE('',#850,1.375);
#850 = AXIS2_PLACEMENT_3D('',#851,#852,#853);
#851 = CARTESIAN_POINT('',(-30.48,-12.7,-26.1));
#852 = DIRECTION('',(0.,0.,1.));
#853 = DIRECTION('',(1.,0.,-0.));
#854 = ORIENTED_EDGE('',*,*,#855,.T.);
#855 = EDGE_CURVE('',#847,#821,#856,.T.);
#856 = LINE('',#857,#858);
#857 = CARTESIAN_POINT('',(-38.33,-14.075,-26.1));
#858 = VECTOR('',#859,1.);
#859 = DIRECTION('',(-1.,-0.,0.));
#860 = FACE_BOUND('',#861,.T.);
#861 = EDGE_LOOP('',(#862,#873,#881,#890));
#862 = ORIENTED_EDGE('',*,*,#863,.F.);
#863 = EDGE_CURVE('',#864,#866,#868,.T.);
#864 = VERTEX_POINT('',#865);
#865 = CARTESIAN_POINT('',(-24.025,-7.62,-26.1));
#866 = VERTEX_POINT('',#867);
#867 = CARTESIAN_POINT('',(-26.775,-7.62,-26.1));
#868 = CIRCLE('',#869,1.375);
#869 = AXIS2_PLACEMENT_3D('',#870,#871,#872);
#870 = CARTESIAN_POINT('',(-25.4,-7.62,-26.1));
#871 = DIRECTION('',(0.,0.,1.));
#872 = DIRECTION('',(1.,0.,-0.));
#873 = ORIENTED_EDGE('',*,*,#874,.F.);
#874 = EDGE_CURVE('',#875,#864,#877,.T.);
#875 = VERTEX_POINT('',#876);
#876 = CARTESIAN_POINT('',(-24.025,-12.7,-26.1));
#877 = LINE('',#878,#879);
#878 = CARTESIAN_POINT('',(-24.025,-23.09,-26.1));
#879 = VECTOR('',#880,1.);
#880 = DIRECTION('',(-0.,1.,0.));
#881 = ORIENTED_EDGE('',*,*,#882,.F.);
#882 = EDGE_CURVE('',#883,#875,#885,.T.);
#883 = VERTEX_POINT('',#884);
#884 = CARTESIAN_POINT('',(-26.775,-12.7,-26.1));
#885 = CIRCLE('',#886,1.375);
#886 = AXIS2_PLACEMENT_3D('',#887,#888,#889);
#887 = CARTESIAN_POINT('',(-25.4,-12.7,-26.1));
#888 = DIRECTION('',(0.,0.,1.));
#889 = DIRECTION('',(1.,0.,-0.));
#890 = ORIENTED_EDGE('',*,*,#891,.T.);
#891 = EDGE_CURVE('',#883,#866,#892,.T.);
#892 = LINE('',#893,#894);
#893 = CARTESIAN_POINT('',(-26.775,-23.09,-26.1));
#894 = VECTOR('',#895,1.);
#895 = DIRECTION('',(-0.,1.,0.));
#896 = FACE_BOUND('',#897,.T.);
#897 = EDGE_LOOP('',(#898,#909,#917,#926,#935));
#898 = ORIENTED_EDGE('',*,*,#899,.F.);
#899 = EDGE_CURVE('',#900,#902,#904,.T.);
#900 = VERTEX_POINT('',#901);
#901 = CARTESIAN_POINT('',(-35.56,19.155,-26.1));
#902 = VERTEX_POINT('',#903);
#903 = CARTESIAN_POINT('',(-35.56,16.405,-26.1));
#904 = CIRCLE('',#905,1.375);
#905 = AXIS2_PLACEMENT_3D('',#906,#907,#908);
#906 = CARTESIAN_POINT('',(-35.56,17.78,-26.1));
#907 = DIRECTION('',(0.,0.,1.));
#908 = DIRECTION('',(1.,0.,-0.));
#909 = ORIENTED_EDGE('',*,*,#910,.F.);
#910 = EDGE_CURVE('',#911,#900,#913,.T.);
#911 = VERTEX_POINT('',#912);
#912 = CARTESIAN_POINT('',(-30.48,19.155,-26.1));
#913 = LINE('',#914,#915);
#914 = CARTESIAN_POINT('',(-38.33,19.155,-26.1));
#915 = VECTOR('',#916,1.);
#916 = DIRECTION('',(-1.,-0.,0.));
#917 = ORIENTED_EDGE('',*,*,#918,.F.);
#918 = EDGE_CURVE('',#919,#911,#921,.T.);
#919 = VERTEX_POINT('',#920);
#920 = CARTESIAN_POINT('',(-29.105,17.78,-26.1));
#921 = CIRCLE('',#922,1.375);
#922 = AXIS2_PLACEMENT_3D('',#923,#924,#925);
#923 = CARTESIAN_POINT('',(-30.48,17.78,-26.1));
#924 = DIRECTION('',(0.,0.,1.));
#925 = DIRECTION('',(1.,0.,-0.));
#926 = ORIENTED_EDGE('',*,*,#927,.F.);
#927 = EDGE_CURVE('',#928,#919,#930,.T.);
#928 = VERTEX_POINT('',#929);
#929 = CARTESIAN_POINT('',(-30.48,16.405,-26.1));
#930 = CIRCLE('',#931,1.375);
#931 = AXIS2_PLACEMENT_3D('',#932,#933,#934);
#932 = CARTESIAN_POINT('',(-30.48,17.78,-26.1));
#933 = DIRECTION('',(0.,0.,1.));
#934 = DIRECTION('',(1.,0.,-0.));
#935 = ORIENTED_EDGE('',*,*,#936,.T.);
#936 = EDGE_CURVE('',#928,#902,#937,.T.);
#937 = LINE('',#938,#939);
#938 = CARTESIAN_POINT('',(-38.33,16.405,-26.1));
#939 = VECTOR('',#940,1.);
#940 = DIRECTION('',(-1.,-0.,0.));
#941 = FACE_BOUND('',#942,.T.);
#942 = EDGE_LOOP('',(#943,#954,#962,#971,#980));
#943 = ORIENTED_EDGE('',*,*,#944,.F.);
#944 = EDGE_CURVE('',#945,#947,#949,.T.);
#945 = VERTEX_POINT('',#946);
#946 = CARTESIAN_POINT('',(-15.24,14.075,-26.1));
#947 = VERTEX_POINT('',#948);
#948 = CARTESIAN_POINT('',(-15.24,11.325,-26.1));
#949 = CIRCLE('',#950,1.375);
#950 = AXIS2_PLACEMENT_3D('',#951,#952,#953);
#951 = CARTESIAN_POINT('',(-15.24,12.7,-26.1));
#952 = DIRECTION('',(0.,0.,1.));
#953 = DIRECTION('',(1.,0.,-0.));
#954 = ORIENTED_EDGE('',*,*,#955,.F.);
#955 = EDGE_CURVE('',#956,#945,#958,.T.);
#956 = VERTEX_POINT('',#957);
#957 = CARTESIAN_POINT('',(-10.16,14.075,-26.1));
#958 = LINE('',#959,#960);
#959 = CARTESIAN_POINT('',(-28.17,14.075,-26.1));
#960 = VECTOR('',#961,1.);
#961 = DIRECTION('',(-1.,-0.,0.));
#962 = ORIENTED_EDGE('',*,*,#963,.F.);
#963 = EDGE_CURVE('',#964,#956,#966,.T.);
#964 = VERTEX_POINT('',#965);
#965 = CARTESIAN_POINT('',(-8.785,12.7,-26.1));
#966 = CIRCLE('',#967,1.375);
#967 = AXIS2_PLACEMENT_3D('',#968,#969,#970);
#968 = CARTESIAN_POINT('',(-10.16,12.7,-26.1));
#969 = DIRECTION('',(0.,0.,1.));
#970 = DIRECTION('',(1.,0.,-0.));
#971 = ORIENTED_EDGE('',*,*,#972,.F.);
#972 = EDGE_CURVE('',#973,#964,#975,.T.);
#973 = VERTEX_POINT('',#974);
#974 = CARTESIAN_POINT('',(-10.16,11.325,-26.1));
#975 = CIRCLE('',#976,1.375);
#976 = AXIS2_PLACEMENT_3D('',#977,#978,#979);
#977 = CARTESIAN_POINT('',(-10.16,12.7,-26.1));
#978 = DIRECTION('',(0.,0.,1.));
#979 = DIRECTION('',(1.,0.,-0.));
#980 = ORIENTED_EDGE('',*,*,#981,.T.);
#981 = EDGE_CURVE('',#973,#947,#982,.T.);
#982 = LINE('',#983,#984);
#983 = CARTESIAN_POINT('',(-28.17,11.325,-26.1));
#984 = VECTOR('',#985,1.);
#985 = DIRECTION('',(-1.,-0.,0.));
#986 = FACE_BOUND('',#987,.T.);
#987 = EDGE_LOOP('',(#988,#999,#1007,#1016,#1025));
#988 = ORIENTED_EDGE('',*,*,#989,.F.);
#989 = EDGE_CURVE('',#990,#992,#994,.T.);
#990 = VERTEX_POINT('',#991);
#991 = CARTESIAN_POINT('',(-35.56,3.915,-26.1));
#992 = VERTEX_POINT('',#993);
#993 = CARTESIAN_POINT('',(-35.56,1.165,-26.1));
#994 = CIRCLE('',#995,1.375);
#995 = AXIS2_PLACEMENT_3D('',#996,#997,#998);
#996 = CARTESIAN_POINT('',(-35.56,2.54,-26.1));
#997 = DIRECTION('',(0.,0.,1.));
#998 = DIRECTION('',(1.,0.,-0.));
#999 = ORIENTED_EDGE('',*,*,#1000,.F.);
#1000 = EDGE_CURVE('',#1001,#990,#1003,.T.);
#1001 = VERTEX_POINT('',#1002);
#1002 = CARTESIAN_POINT('',(-30.48,3.915,-26.1));
#1003 = LINE('',#1004,#1005);
#1004 = CARTESIAN_POINT('',(-38.33,3.915,-26.1));
#1005 = VECTOR('',#1006,1.);
#1006 = DIRECTION('',(-1.,-0.,0.));
#1007 = ORIENTED_EDGE('',*,*,#1008,.F.);
#1008 = EDGE_CURVE('',#1009,#1001,#1011,.T.);
#1009 = VERTEX_POINT('',#1010);
#1010 = CARTESIAN_POINT('',(-29.105,2.54,-26.1));
#1011 = CIRCLE('',#1012,1.375);
#1012 = AXIS2_PLACEMENT_3D('',#1013,#1014,#1015);
#1013 = CARTESIAN_POINT('',(-30.48,2.54,-26.1));
#1014 = DIRECTION('',(0.,0.,1.));
#1015 = DIRECTION('',(1.,0.,-0.));
#1016 = ORIENTED_EDGE('',*,*,#1017,.F.);
#1017 = EDGE_CURVE('',#1018,#1009,#1020,.T.);
#1018 = VERTEX_POINT('',#1019);
#1019 = CARTESIAN_POINT('',(-30.48,1.165,-26.1));
#1020 = CIRCLE('',#1021,1.375);
#1021 = AXIS2_PLACEMENT_3D('',#1022,#1023,#1024);
#1022 = CARTESIAN_POINT('',(-30.48,2.54,-26.1));
#1023 = DIRECTION('',(0.,0.,1.));
#1024 = DIRECTION('',(1.,0.,-0.));
#1025 = ORIENTED_EDGE('',*,*,#1026,.T.);
#1026 = EDGE_CURVE('',#1018,#992,#1027,.T.);
#1027 = LINE('',#1028,#1029);
#1028 = CARTESIAN_POINT('',(-38.33,1.165,-26.1));
#1029 = VECTOR('',#1030,1.);
#1030 = DIRECTION('',(-1.,-0.,0.));
#1031 = FACE_BOUND('',#1032,.T.);
#1032 = EDGE_LOOP('',(#1033,#1044,#1052,#1061,#1070));
#1033 = ORIENTED_EDGE('',*,*,#1034,.F.);
#1034 = EDGE_CURVE('',#1035,#1037,#1039,.T.);
#1035 = VERTEX_POINT('',#1036);
#1036 = CARTESIAN_POINT('',(-35.56,-26.565,-26.1));
#1037 = VERTEX_POINT('',#1038);
#1038 = CARTESIAN_POINT('',(-35.56,-29.315,-26.1));
#1039 = CIRCLE('',#1040,1.375);
#1040 = AXIS2_PLACEMENT_3D('',#1041,#1042,#1043);
#1041 = CARTESIAN_POINT('',(-35.56,-27.94,-26.1));
#1042 = DIRECTION('',(0.,0.,1.));
#1043 = DIRECTION('',(1.,0.,-0.));
#1044 = ORIENTED_EDGE('',*,*,#1045,.F.);
#1045 = EDGE_CURVE('',#1046,#1035,#1048,.T.);
#1046 = VERTEX_POINT('',#1047);
#1047 = CARTESIAN_POINT('',(-30.48,-26.565,-26.1));
#1048 = LINE('',#1049,#1050);
#1049 = CARTESIAN_POINT('',(-38.33,-26.565,-26.1));
#1050 = VECTOR('',#1051,1.);
#1051 = DIRECTION('',(-1.,-0.,0.));
#1052 = ORIENTED_EDGE('',*,*,#1053,.F.);
#1053 = EDGE_CURVE('',#1054,#1046,#1056,.T.);
#1054 = VERTEX_POINT('',#1055);
#1055 = CARTESIAN_POINT('',(-29.105,-27.94,-26.1));
#1056 = CIRCLE('',#1057,1.375);
#1057 = AXIS2_PLACEMENT_3D('',#1058,#1059,#1060);
#1058 = CARTESIAN_POINT('',(-30.48,-27.94,-26.1));
#1059 = DIRECTION('',(0.,0.,1.));
#1060 = DIRECTION('',(1.,0.,-0.));
#1061 = ORIENTED_EDGE('',*,*,#1062,.F.);
#1062 = EDGE_CURVE('',#1063,#1054,#1065,.T.);
#1063 = VERTEX_POINT('',#1064);
#1064 = CARTESIAN_POINT('',(-30.48,-29.315,-26.1));
#1065 = CIRCLE('',#1066,1.375);
#1066 = AXIS2_PLACEMENT_3D('',#1067,#1068,#1069);
#1067 = CARTESIAN_POINT('',(-30.48,-27.94,-26.1));
#1068 = DIRECTION('',(0.,0.,1.));
#1069 = DIRECTION('',(1.,0.,-0.));
#1070 = ORIENTED_EDGE('',*,*,#1071,.T.);
#1071 = EDGE_CURVE('',#1063,#1037,#1072,.T.);
#1072 = LINE('',#1073,#1074);
#1073 = CARTESIAN_POINT('',(-38.33,-29.315,-26.1));
#1074 = VECTOR('',#1075,1.);
#1075 = DIRECTION('',(-1.,-0.,0.));
#1076 = FACE_BOUND('',#1077,.T.);
#1077 = EDGE_LOOP('',(#1078,#1089,#1097,#1106));
#1078 = ORIENTED_EDGE('',*,*,#1079,.F.);
#1079 = EDGE_CURVE('',#1080,#1082,#1084,.T.);
#1080 = VERTEX_POINT('',#1081);
#1081 = CARTESIAN_POINT('',(-8.785,-7.62,-26.1));
#1082 = VERTEX_POINT('',#1083);
#1083 = CARTESIAN_POINT('',(-11.535,-7.62,-26.1));
#1084 = CIRCLE('',#1085,1.375);
#1085 = AXIS2_PLACEMENT_3D('',#1086,#1087,#1088);
#1086 = CARTESIAN_POINT('',(-10.16,-7.62,-26.1));
#1087 = DIRECTION('',(0.,0.,1.));
#1088 = DIRECTION('',(1.,0.,-0.));
#1089 = ORIENTED_EDGE('',*,*,#1090,.F.);
#1090 = EDGE_CURVE('',#1091,#1080,#1093,.T.);
#1091 = VERTEX_POINT('',#1092);
#1092 = CARTESIAN_POINT('',(-8.785,-12.7,-26.1));
#1093 = LINE('',#1094,#1095);
#1094 = CARTESIAN_POINT('',(-8.785,-23.09,-26.1));
#1095 = VECTOR('',#1096,1.);
#1096 = DIRECTION('',(-0.,1.,0.));
#1097 = ORIENTED_EDGE('',*,*,#1098,.F.);
#1098 = EDGE_CURVE('',#1099,#1091,#1101,.T.);
#1099 = VERTEX_POINT('',#1100);
#1100 = CARTESIAN_POINT('',(-11.535,-12.7,-26.1));
#1101 = CIRCLE('',#1102,1.375);
#1102 = AXIS2_PLACEMENT_3D('',#1103,#1104,#1105);
#1103 = CARTESIAN_POINT('',(-10.16,-12.7,-26.1));
#1104 = DIRECTION('',(0.,0.,1.));
#1105 = DIRECTION('',(1.,0.,-0.));
#1106 = ORIENTED_EDGE('',*,*,#1107,.T.);
#1107 = EDGE_CURVE('',#1099,#1082,#1108,.T.);
#1108 = LINE('',#1109,#1110);
#1109 = CARTESIAN_POINT('',(-11.535,-23.09,-26.1));
#1110 = VECTOR('',#1111,1.);
#1111 = DIRECTION('',(-0.,1.,0.));
#1112 = FACE_BOUND('',#1113,.T.);
#1113 = EDGE_LOOP('',(#1114,#1125,#1133,#1142));
#1114 = ORIENTED_EDGE('',*,*,#1115,.F.);
#1115 = EDGE_CURVE('',#1116,#1118,#1120,.T.);
#1116 = VERTEX_POINT('',#1117);
#1117 = CARTESIAN_POINT('',(36.935,-7.62,-26.1));
#1118 = VERTEX_POINT('',#1119);
#1119 = CARTESIAN_POINT('',(34.185,-7.62,-26.1));
#1120 = CIRCLE('',#1121,1.375);
#1121 = AXIS2_PLACEMENT_3D('',#1122,#1123,#1124);
#1122 = CARTESIAN_POINT('',(35.56,-7.62,-26.1));
#1123 = DIRECTION('',(0.,0.,1.));
#1124 = DIRECTION('',(1.,0.,-0.));
#1125 = ORIENTED_EDGE('',*,*,#1126,.F.);
#1126 = EDGE_CURVE('',#1127,#1116,#1129,.T.);
#1127 = VERTEX_POINT('',#1128);
#1128 = CARTESIAN_POINT('',(36.935,-12.7,-26.1));
#1129 = LINE('',#1130,#1131);
#1130 = CARTESIAN_POINT('',(36.935,-23.09,-26.1));
#1131 = VECTOR('',#1132,1.);
#1132 = DIRECTION('',(-0.,1.,0.));
#1133 = ORIENTED_EDGE('',*,*,#1134,.F.);
#1134 = EDGE_CURVE('',#1135,#1127,#1137,.T.);
#1135 = VERTEX_POINT('',#1136);
#1136 = CARTESIAN_POINT('',(34.185,-12.7,-26.1));
#1137 = CIRCLE('',#1138,1.375);
#1138 = AXIS2_PLACEMENT_3D('',#1139,#1140,#1141);
#1139 = CARTESIAN_POINT('',(35.56,-12.7,-26.1));
#1140 = DIRECTION('',(0.,0.,1.));
#1141 = DIRECTION('',(1.,0.,-0.));
#1142 = ORIENTED_EDGE('',*,*,#1143,.T.);
#1143 = EDGE_CURVE('',#1135,#1118,#1144,.T.);
#1144 = LINE('',#1145,#1146);
#1145 = CARTESIAN_POINT('',(34.185,-23.09,-26.1));
#1146 = VECTOR('',#1147,1.);
#1147 = DIRECTION('',(-0.,1.,0.));
#1148 = FACE_BOUND('',#1149,.T.);
#1149 = EDGE_LOOP('',(#1150,#1161,#1169,#1178));
#1150 = ORIENTED_EDGE('',*,*,#1151,.F.);
#1151 = EDGE_CURVE('',#1152,#1154,#1156,.T.);
#1152 = VERTEX_POINT('',#1153);
#1153 = CARTESIAN_POINT('',(-24.025,-22.86,-26.1));
#1154 = VERTEX_POINT('',#1155);
#1155 = CARTESIAN_POINT('',(-26.775,-22.86,-26.1));
#1156 = CIRCLE('',#1157,1.375);
#1157 = AXIS2_PLACEMENT_3D('',#1158,#1159,#1160);
#1158 = CARTESIAN_POINT('',(-25.4,-22.86,-26.1));
#1159 = DIRECTION('',(0.,0.,1.));
#1160 = DIRECTION('',(1.,0.,-0.));
#1161 = ORIENTED_EDGE('',*,*,#1162,.F.);
#1162 = EDGE_CURVE('',#1163,#1152,#1165,.T.);
#1163 = VERTEX_POINT('',#1164);
#1164 = CARTESIAN_POINT('',(-24.025,-27.94,-26.1));
#1165 = LINE('',#1166,#1167);
#1166 = CARTESIAN_POINT('',(-24.025,-30.71,-26.1));
#1167 = VECTOR('',#1168,1.);
#1168 = DIRECTION('',(-0.,1.,0.));
#1169 = ORIENTED_EDGE('',*,*,#1170,.F.);
#1170 = EDGE_CURVE('',#1171,#1163,#1173,.T.);
#1171 = VERTEX_POINT('',#1172);
#1172 = CARTESIAN_POINT('',(-26.775,-27.94,-26.1));
#1173 = CIRCLE('',#1174,1.375);
#1174 = AXIS2_PLACEMENT_3D('',#1175,#1176,#1177);
#1175 = CARTESIAN_POINT('',(-25.4,-27.94,-26.1));
#1176 = DIRECTION('',(0.,0.,1.));
#1177 = DIRECTION('',(1.,0.,-0.));
#1178 = ORIENTED_EDGE('',*,*,#1179,.T.);
#1179 = EDGE_CURVE('',#1171,#1154,#1180,.T.);
#1180 = LINE('',#1181,#1182);
#1181 = CARTESIAN_POINT('',(-26.775,-30.71,-26.1));
#1182 = VECTOR('',#1183,1.);
#1183 = DIRECTION('',(-0.,1.,0.));
#1184 = FACE_BOUND('',#1185,.T.);
#1185 = EDGE_LOOP('',(#1186,#1197,#1205,#1214));
#1186 = ORIENTED_EDGE('',*,*,#1187,.F.);
#1187 = EDGE_CURVE('',#1188,#1190,#1192,.T.);
#1188 = VERTEX_POINT('',#1189);
#1189 = CARTESIAN_POINT('',(6.455,-22.86,-26.1));
#1190 = VERTEX_POINT('',#1191);
#1191 = CARTESIAN_POINT('',(3.705,-22.86,-26.1));
#1192 = CIRCLE('',#1193,1.375);
#1193 = AXIS2_PLACEMENT_3D('',#1194,#1195,#1196);
#1194 = CARTESIAN_POINT('',(5.08,-22.86,-26.1));
#1195 = DIRECTION('',(0.,0.,1.));
#1196 = DIRECTION('',(1.,0.,-0.));
#1197 = ORIENTED_EDGE('',*,*,#1198,.F.);
#1198 = EDGE_CURVE('',#1199,#1188,#1201,.T.);
#1199 = VERTEX_POINT('',#1200);
#1200 = CARTESIAN_POINT('',(6.455,-27.94,-26.1));
#1201 = LINE('',#1202,#1203);
#1202 = CARTESIAN_POINT('',(6.455,-30.71,-26.1));
#1203 = VECTOR('',#1204,1.);
#1204 = DIRECTION('',(-0.,1.,0.));
#1205 = ORIENTED_EDGE('',*,*,#1206,.F.);
#1206 = EDGE_CURVE('',#1207,#1199,#1209,.T.);
#1207 = VERTEX_POINT('',#1208);
#1208 = CARTESIAN_POINT('',(3.705,-27.94,-26.1));
#1209 = CIRCLE('',#1210,1.375);
#1210 = AXIS2_PLACEMENT_3D('',#1211,#1212,#1213);
#1211 = CARTESIAN_POINT('',(5.08,-27.94,-26.1));
#1212 = DIRECTION('',(0.,0.,1.));
#1213 = DIRECTION('',(1.,0.,-0.));
#1214 = ORIENTED_EDGE('',*,*,#1215,.T.);
#1215 = EDGE_CURVE('',#1207,#1190,#1216,.T.);
#1216 = LINE('',#1217,#1218);
#1217 = CARTESIAN_POINT('',(3.705,-30.71,-26.1));
#1218 = VECTOR('',#1219,1.);
#1219 = DIRECTION('',(-0.,1.,0.));
#1220 = FACE_BOUND('',#1221,.T.);
#1221 = EDGE_LOOP('',(#1222,#1233,#1241,#1250));
#1222 = ORIENTED_EDGE('',*,*,#1223,.F.);
#1223 = EDGE_CURVE('',#1224,#1226,#1228,.T.);
#1224 = VERTEX_POINT('',#1225);
#1225 = CARTESIAN_POINT('',(-34.185,-17.78,-26.1));
#1226 = VERTEX_POINT('',#1227);
#1227 = CARTESIAN_POINT('',(-36.935,-17.78,-26.1));
#1228 = CIRCLE('',#1229,1.375);
#1229 = AXIS2_PLACEMENT_3D('',#1230,#1231,#1232);
#1230 = CARTESIAN_POINT('',(-35.56,-17.78,-26.1));
#1231 = DIRECTION('',(0.,0.,1.));
#1232 = DIRECTION('',(1.,0.,-0.));
#1233 = ORIENTED_EDGE('',*,*,#1234,.F.);
#1234 = EDGE_CURVE('',#1235,#1224,#1237,.T.);
#1235 = VERTEX_POINT('',#1236);
#1236 = CARTESIAN_POINT('',(-34.185,-22.86,-26.1));
#1237 = LINE('',#1238,#1239);
#1238 = CARTESIAN_POINT('',(-34.185,-28.17,-26.1));
#1239 = VECTOR('',#1240,1.);
#1240 = DIRECTION('',(-0.,1.,0.));
#1241 = ORIENTED_EDGE('',*,*,#1242,.F.);
#1242 = EDGE_CURVE('',#1243,#1235,#1245,.T.);
#1243 = VERTEX_POINT('',#1244);
#1244 = CARTESIAN_POINT('',(-36.935,-22.86,-26.1));
#1245 = CIRCLE('',#1246,1.375);
#1246 = AXIS2_PLACEMENT_3D('',#1247,#1248,#1249);
#1247 = CARTESIAN_POINT('',(-35.56,-22.86,-26.1));
#1248 = DIRECTION('',(0.,0.,1.));
#1249 = DIRECTION('',(1.,0.,-0.));
#1250 = ORIENTED_EDGE('',*,*,#1251,.T.);
#1251 = EDGE_CURVE('',#1243,#1226,#1252,.T.);
#1252 = LINE('',#1253,#1254);
#1253 = CARTESIAN_POINT('',(-36.935,-28.17,-26.1));
#1254 = VECTOR('',#1255,1.);
#1255 = DIRECTION('',(-0.,1.,0.));
#1256 = FACE_BOUND('',#1257,.T.);
#1257 = EDGE_LOOP('',(#1258,#1269,#1277,#1286));
#1258 = ORIENTED_EDGE('',*,*,#1259,.F.);
#1259 = EDGE_CURVE('',#1260,#1262,#1264,.T.);
#1260 = VERTEX_POINT('',#1261);
#1261 = CARTESIAN_POINT('',(21.695,-7.62,-26.1));
#1262 = VERTEX_POINT('',#1263);
#1263 = CARTESIAN_POINT('',(18.945,-7.62,-26.1));
#1264 = CIRCLE('',#1265,1.375);
#1265 = AXIS2_PLACEMENT_3D('',#1266,#1267,#1268);
#1266 = CARTESIAN_POINT('',(20.32,-7.62,-26.1));
#1267 = DIRECTION('',(0.,0.,1.));
#1268 = DIRECTION('',(1.,0.,-0.));
#1269 = ORIENTED_EDGE('',*,*,#1270,.F.);
#1270 = EDGE_CURVE('',#1271,#1260,#1273,.T.);
#1271 = VERTEX_POINT('',#1272);
#1272 = CARTESIAN_POINT('',(21.695,-12.7,-26.1));
#1273 = LINE('',#1274,#1275);
#1274 = CARTESIAN_POINT('',(21.695,-23.09,-26.1));
#1275 = VECTOR('',#1276,1.);
#1276 = DIRECTION('',(-0.,1.,0.));
#1277 = ORIENTED_EDGE('',*,*,#1278,.F.);
#1278 = EDGE_CURVE('',#1279,#1271,#1281,.T.);
#1279 = VERTEX_POINT('',#1280);
#1280 = CARTESIAN_POINT('',(18.945,-12.7,-26.1));
#1281 = CIRCLE('',#1282,1.375);
#1282 = AXIS2_PLACEMENT_3D('',#1283,#1284,#1285);
#1283 = CARTESIAN_POINT('',(20.32,-12.7,-26.1));
#1284 = DIRECTION('',(0.,0.,1.));
#1285 = DIRECTION('',(1.,0.,-0.));
#1286 = ORIENTED_EDGE('',*,*,#1287,.T.);
#1287 = EDGE_CURVE('',#1279,#1262,#1288,.T.);
#1288 = LINE('',#1289,#1290);
#1289 = CARTESIAN_POINT('',(18.945,-23.09,-26.1));
#1290 = VECTOR('',#1291,1.);
#1291 = DIRECTION('',(-0.,1.,0.));
#1292 = FACE_BOUND('',#1293,.T.);
#1293 = EDGE_LOOP('',(#1294,#1305,#1313,#1322));
#1294 = ORIENTED_EDGE('',*,*,#1295,.F.);
#1295 = EDGE_CURVE('',#1296,#1298,#1300,.T.);
#1296 = VERTEX_POINT('',#1297);
#1297 = CARTESIAN_POINT('',(11.535,-17.78,-26.1));
#1298 = VERTEX_POINT('',#1299);
#1299 = CARTESIAN_POINT('',(8.785,-17.78,-26.1));
#1300 = CIRCLE('',#1301,1.375);
#1301 = AXIS2_PLACEMENT_3D('',#1302,#1303,#1304);
#1302 = CARTESIAN_POINT('',(10.16,-17.78,-26.1));
#1303 = DIRECTION('',(0.,0.,1.));
#1304 = DIRECTION('',(1.,0.,-0.));
#1305 = ORIENTED_EDGE('',*,*,#1306,.F.);
#1306 = EDGE_CURVE('',#1307,#1296,#1309,.T.);
#1307 = VERTEX_POINT('',#1308);
#1308 = CARTESIAN_POINT('',(11.535,-22.86,-26.1));
#1309 = LINE('',#1310,#1311);
#1310 = CARTESIAN_POINT('',(11.535,-28.17,-26.1));
#1311 = VECTOR('',#1312,1.);
#1312 = DIRECTION('',(-0.,1.,0.));
#1313 = ORIENTED_EDGE('',*,*,#1314,.F.);
#1314 = EDGE_CURVE('',#1315,#1307,#1317,.T.);
#1315 = VERTEX_POINT('',#1316);
#1316 = CARTESIAN_POINT('',(8.785,-22.86,-26.1));
#1317 = CIRCLE('',#1318,1.375);
#1318 = AXIS2_PLACEMENT_3D('',#1319,#1320,#1321);
#1319 = CARTESIAN_POINT('',(10.16,-22.86,-26.1));
#1320 = DIRECTION('',(0.,0.,1.));
#1321 = DIRECTION('',(1.,0.,-0.));
#1322 = ORIENTED_EDGE('',*,*,#1323,.T.);
#1323 = EDGE_CURVE('',#1315,#1298,#1324,.T.);
#1324 = LINE('',#1325,#1326);
#1325 = CARTESIAN_POINT('',(8.785,-28.17,-26.1));
#1326 = VECTOR('',#1327,1.);
#1327 = DIRECTION('',(-0.,1.,0.));
#1328 = FACE_BOUND('',#1329,.T.);
#1329 = EDGE_LOOP('',(#1330,#1341,#1349,#1358));
#1330 = ORIENTED_EDGE('',*,*,#1331,.F.);
#1331 = EDGE_CURVE('',#1332,#1334,#1336,.T.);
#1332 = VERTEX_POINT('',#1333);
#1333 = CARTESIAN_POINT('',(-18.945,-17.78,-26.1));
#1334 = VERTEX_POINT('',#1335);
#1335 = CARTESIAN_POINT('',(-21.695,-17.78,-26.1));
#1336 = CIRCLE('',#1337,1.375);
#1337 = AXIS2_PLACEMENT_3D('',#1338,#1339,#1340);
#1338 = CARTESIAN_POINT('',(-20.32,-17.78,-26.1));
#1339 = DIRECTION('',(0.,0.,1.));
#1340 = DIRECTION('',(1.,0.,-0.));
#1341 = ORIENTED_EDGE('',*,*,#1342,.F.);
#1342 = EDGE_CURVE('',#1343,#1332,#1345,.T.);
#1343 = VERTEX_POINT('',#1344);
#1344 = CARTESIAN_POINT('',(-18.945,-22.86,-26.1));
#1345 = LINE('',#1346,#1347);
#1346 = CARTESIAN_POINT('',(-18.945,-28.17,-26.1));
#1347 = VECTOR('',#1348,1.);
#1348 = DIRECTION('',(-0.,1.,0.));
#1349 = ORIENTED_EDGE('',*,*,#1350,.F.);
#1350 = EDGE_CURVE('',#1351,#1343,#1353,.T.);
#1351 = VERTEX_POINT('',#1352);
#1352 = CARTESIAN_POINT('',(-21.695,-22.86,-26.1));
#1353 = CIRCLE('',#1354,1.375);
#1354 = AXIS2_PLACEMENT_3D('',#1355,#1356,#1357);
#1355 = CARTESIAN_POINT('',(-20.32,-22.86,-26.1));
#1356 = DIRECTION('',(0.,0.,1.));
#1357 = DIRECTION('',(1.,0.,-0.));
#1358 = ORIENTED_EDGE('',*,*,#1359,.T.);
#1359 = EDGE_CURVE('',#1351,#1334,#1360,.T.);
#1360 = LINE('',#1361,#1362);
#1361 = CARTESIAN_POINT('',(-21.695,-28.17,-26.1));
#1362 = VECTOR('',#1363,1.);
#1363 = DIRECTION('',(-0.,1.,0.));
#1364 = FACE_BOUND('',#1365,.T.);
#1365 = EDGE_LOOP('',(#1366,#1377,#1385,#1394));
#1366 = ORIENTED_EDGE('',*,*,#1367,.F.);
#1367 = EDGE_CURVE('',#1368,#1370,#1372,.T.);
#1368 = VERTEX_POINT('',#1369);
#1369 = CARTESIAN_POINT('',(21.695,-22.86,-26.1));
#1370 = VERTEX_POINT('',#1371);
#1371 = CARTESIAN_POINT('',(18.945,-22.86,-26.1));
#1372 = CIRCLE('',#1373,1.375);
#1373 = AXIS2_PLACEMENT_3D('',#1374,#1375,#1376);
#1374 = CARTESIAN_POINT('',(20.32,-22.86,-26.1));
#1375 = DIRECTION('',(0.,0.,1.));
#1376 = DIRECTION('',(1.,0.,-0.));
#1377 = ORIENTED_EDGE('',*,*,#1378,.F.);
#1378 = EDGE_CURVE('',#1379,#1368,#1381,.T.);
#1379 = VERTEX_POINT('',#1380);
#1380 = CARTESIAN_POINT('',(21.695,-27.94,-26.1));
#1381 = LINE('',#1382,#1383);
#1382 = CARTESIAN_POINT('',(21.695,-30.71,-26.1));
#1383 = VECTOR('',#1384,1.);
#1384 = DIRECTION('',(-0.,1.,0.));
#1385 = ORIENTED_EDGE('',*,*,#1386,.F.);
#1386 = EDGE_CURVE('',#1387,#1379,#1389,.T.);
#1387 = VERTEX_POINT('',#1388);
#1388 = CARTESIAN_POINT('',(18.945,-27.94,-26.1));
#1389 = CIRCLE('',#1390,1.375);
#1390 = AXIS2_PLACEMENT_3D('',#1391,#1392,#1393);
#1391 = CARTESIAN_POINT('',(20.32,-27.94,-26.1));
#1392 = DIRECTION('',(0.,0.,1.));
#1393 = DIRECTION('',(1.,0.,-0.));
#1394 = ORIENTED_EDGE('',*,*,#1395,.T.);
#1395 = EDGE_CURVE('',#1387,#1370,#1396,.T.);
#1396 = LINE('',#1397,#1398);
#1397 = CARTESIAN_POINT('',(18.945,-30.71,-26.1));
#1398 = VECTOR('',#1399,1.);
#1399 = DIRECTION('',(-0.,1.,0.));
#1400 = FACE_BOUND('',#1401,.T.);
#1401 = EDGE_LOOP('',(#1402,#1413,#1421,#1430,#1439));
#1402 = ORIENTED_EDGE('',*,*,#1403,.F.);
#1403 = EDGE_CURVE('',#1404,#1406,#1408,.T.);
#1404 = VERTEX_POINT('',#1405);
#1405 = CARTESIAN_POINT('',(-15.24,29.315,-26.1));
#1406 = VERTEX_POINT('',#1407);
#1407 = CARTESIAN_POINT('',(-15.24,26.565,-26.1));
#1408 = CIRCLE('',#1409,1.375);
#1409 = AXIS2_PLACEMENT_3D('',#1410,#1411,#1412);
#1410 = CARTESIAN_POINT('',(-15.24,27.94,-26.1));
#1411 = DIRECTION('',(0.,0.,1.));
#1412 = DIRECTION('',(1.,0.,-0.));
#1413 = ORIENTED_EDGE('',*,*,#1414,.F.);
#1414 = EDGE_CURVE('',#1415,#1404,#1417,.T.);
#1415 = VERTEX_POINT('',#1416);
#1416 = CARTESIAN_POINT('',(-10.16,29.315,-26.1));
#1417 = LINE('',#1418,#1419);
#1418 = CARTESIAN_POINT('',(-28.17,29.315,-26.1));
#1419 = VECTOR('',#1420,1.);
#1420 = DIRECTION('',(-1.,-0.,0.));
#1421 = ORIENTED_EDGE('',*,*,#1422,.F.);
#1422 = EDGE_CURVE('',#1423,#1415,#1425,.T.);
#1423 = VERTEX_POINT('',#1424);
#1424 = CARTESIAN_POINT('',(-8.785,27.94,-26.1));
#1425 = CIRCLE('',#1426,1.375);
#1426 = AXIS2_PLACEMENT_3D('',#1427,#1428,#1429);
#1427 = CARTESIAN_POINT('',(-10.16,27.94,-26.1));
#1428 = DIRECTION('',(0.,0.,1.));
#1429 = DIRECTION('',(1.,0.,-0.));
#1430 = ORIENTED_EDGE('',*,*,#1431,.F.);
#1431 = EDGE_CURVE('',#1432,#1423,#1434,.T.);
#1432 = VERTEX_POINT('',#1433);
#1433 = CARTESIAN_POINT('',(-10.16,26.565,-26.1));
#1434 = CIRCLE('',#1435,1.375);
#1435 = AXIS2_PLACEMENT_3D('',#1436,#1437,#1438);
#1436 = CARTESIAN_POINT('',(-10.16,27.94,-26.1));
#1437 = DIRECTION('',(0.,0.,1.));
#1438 = DIRECTION('',(1.,0.,-0.));
#1439 = ORIENTED_EDGE('',*,*,#1440,.T.);
#1440 = EDGE_CURVE('',#1432,#1406,#1441,.T.);
#1441 = LINE('',#1442,#1443);
#1442 = CARTESIAN_POINT('',(-28.17,26.565,-26.1));
#1443 = VECTOR('',#1444,1.);
#1444 = DIRECTION('',(-1.,-0.,0.));
#1445 = FACE_BOUND('',#1446,.T.);
#1446 = EDGE_LOOP('',(#1447,#1458,#1466,#1475));
#1447 = ORIENTED_EDGE('',*,*,#1448,.F.);
#1448 = EDGE_CURVE('',#1449,#1451,#1453,.T.);
#1449 = VERTEX_POINT('',#1450);
#1450 = CARTESIAN_POINT('',(36.935,-22.86,-26.1));
#1451 = VERTEX_POINT('',#1452);
#1452 = CARTESIAN_POINT('',(34.185,-22.86,-26.1));
#1453 = CIRCLE('',#1454,1.375);
#1454 = AXIS2_PLACEMENT_3D('',#1455,#1456,#1457);
#1455 = CARTESIAN_POINT('',(35.56,-22.86,-26.1));
#1456 = DIRECTION('',(0.,0.,1.));
#1457 = DIRECTION('',(1.,0.,-0.));
#1458 = ORIENTED_EDGE('',*,*,#1459,.F.);
#1459 = EDGE_CURVE('',#1460,#1449,#1462,.T.);
#1460 = VERTEX_POINT('',#1461);
#1461 = CARTESIAN_POINT('',(36.935,-27.94,-26.1));
#1462 = LINE('',#1463,#1464);
#1463 = CARTESIAN_POINT('',(36.935,-30.71,-26.1));
#1464 = VECTOR('',#1465,1.);
#1465 = DIRECTION('',(-0.,1.,0.));
#1466 = ORIENTED_EDGE('',*,*,#1467,.F.);
#1467 = EDGE_CURVE('',#1468,#1460,#1470,.T.);
#1468 = VERTEX_POINT('',#1469);
#1469 = CARTESIAN_POINT('',(34.185,-27.94,-26.1));
#1470 = CIRCLE('',#1471,1.375);
#1471 = AXIS2_PLACEMENT_3D('',#1472,#1473,#1474);
#1472 = CARTESIAN_POINT('',(35.56,-27.94,-26.1));
#1473 = DIRECTION('',(0.,0.,1.));
#1474 = DIRECTION('',(1.,0.,-0.));
#1475 = ORIENTED_EDGE('',*,*,#1476,.T.);
#1476 = EDGE_CURVE('',#1468,#1451,#1477,.T.);
#1477 = LINE('',#1478,#1479);
#1478 = CARTESIAN_POINT('',(34.185,-30.71,-26.1));
#1479 = VECTOR('',#1480,1.);
#1480 = DIRECTION('',(-0.,1.,0.));
#1481 = FACE_BOUND('',#1482,.T.);
#1482 = EDGE_LOOP('',(#1483,#1494,#1502,#1511));
#1483 = ORIENTED_EDGE('',*,*,#1484,.F.);
#1484 = EDGE_CURVE('',#1485,#1487,#1489,.T.);
#1485 = VERTEX_POINT('',#1486);
#1486 = CARTESIAN_POINT('',(-8.785,-22.86,-26.1));
#1487 = VERTEX_POINT('',#1488);
#1488 = CARTESIAN_POINT('',(-11.535,-22.86,-26.1));
#1489 = CIRCLE('',#1490,1.375);
#1490 = AXIS2_PLACEMENT_3D('',#1491,#1492,#1493);
#1491 = CARTESIAN_POINT('',(-10.16,-22.86,-26.1));
#1492 = DIRECTION('',(0.,0.,1.));
#1493 = DIRECTION('',(1.,0.,-0.));
#1494 = ORIENTED_EDGE('',*,*,#1495,.F.);
#1495 = EDGE_CURVE('',#1496,#1485,#1498,.T.);
#1496 = VERTEX_POINT('',#1497);
#1497 = CARTESIAN_POINT('',(-8.785,-27.94,-26.1));
#1498 = LINE('',#1499,#1500);
#1499 = CARTESIAN_POINT('',(-8.785,-30.71,-26.1));
#1500 = VECTOR('',#1501,1.);
#1501 = DIRECTION('',(-0.,1.,0.));
#1502 = ORIENTED_EDGE('',*,*,#1503,.F.);
#1503 = EDGE_CURVE('',#1504,#1496,#1506,.T.);
#1504 = VERTEX_POINT('',#1505);
#1505 = CARTESIAN_POINT('',(-11.535,-27.94,-26.1));
#1506 = CIRCLE('',#1507,1.375);
#1507 = AXIS2_PLACEMENT_3D('',#1508,#1509,#1510);
#1508 = CARTESIAN_POINT('',(-10.16,-27.94,-26.1));
#1509 = DIRECTION('',(0.,0.,1.));
#1510 = DIRECTION('',(1.,0.,-0.));
#1511 = ORIENTED_EDGE('',*,*,#1512,.T.);
#1512 = EDGE_CURVE('',#1504,#1487,#1513,.T.);
#1513 = LINE('',#1514,#1515);
#1514 = CARTESIAN_POINT('',(-11.535,-30.71,-26.1));
#1515 = VECTOR('',#1516,1.);
#1516 = DIRECTION('',(-0.,1.,0.));
#1517 = FACE_BOUND('',#1518,.T.);
#1518 = EDGE_LOOP('',(#1519,#1530,#1538,#1547,#1556));
#1519 = ORIENTED_EDGE('',*,*,#1520,.F.);
#1520 = EDGE_CURVE('',#1521,#1523,#1525,.T.);
#1521 = VERTEX_POINT('',#1522);
#1522 = CARTESIAN_POINT('',(-15.24,-16.405,-26.1));
#1523 = VERTEX_POINT('',#1524);
#1524 = CARTESIAN_POINT('',(-15.24,-19.155,-26.1));
#1525 = CIRCLE('',#1526,1.375);
#1526 = AXIS2_PLACEMENT_3D('',#1527,#1528,#1529);
#1527 = CARTESIAN_POINT('',(-15.24,-17.78,-26.1));
#1528 = DIRECTION('',(0.,0.,1.));
#1529 = DIRECTION('',(1.,0.,-0.));
#1530 = ORIENTED_EDGE('',*,*,#1531,.F.);
#1531 = EDGE_CURVE('',#1532,#1521,#1534,.T.);
#1532 = VERTEX_POINT('',#1533);
#1533 = CARTESIAN_POINT('',(-10.16,-16.405,-26.1));
#1534 = LINE('',#1535,#1536);
#1535 = CARTESIAN_POINT('',(-28.17,-16.405,-26.1));
#1536 = VECTOR('',#1537,1.);
#1537 = DIRECTION('',(-1.,-0.,0.));
#1538 = ORIENTED_EDGE('',*,*,#1539,.F.);
#1539 = EDGE_CURVE('',#1540,#1532,#1542,.T.);
#1540 = VERTEX_POINT('',#1541);
#1541 = CARTESIAN_POINT('',(-8.785,-17.78,-26.1));
#1542 = CIRCLE('',#1543,1.375);
#1543 = AXIS2_PLACEMENT_3D('',#1544,#1545,#1546);
#1544 = CARTESIAN_POINT('',(-10.16,-17.78,-26.1));
#1545 = DIRECTION('',(0.,0.,1.));
#1546 = DIRECTION('',(1.,0.,-0.));
#1547 = ORIENTED_EDGE('',*,*,#1548,.F.);
#1548 = EDGE_CURVE('',#1549,#1540,#1551,.T.);
#1549 = VERTEX_POINT('',#1550);
#1550 = CARTESIAN_POINT('',(-10.16,-19.155,-26.1));
#1551 = CIRCLE('',#1552,1.375);
#1552 = AXIS2_PLACEMENT_3D('',#1553,#1554,#1555);
#1553 = CARTESIAN_POINT('',(-10.16,-17.78,-26.1));
#1554 = DIRECTION('',(0.,0.,1.));
#1555 = DIRECTION('',(1.,0.,-0.));
#1556 = ORIENTED_EDGE('',*,*,#1557,.T.);
#1557 = EDGE_CURVE('',#1549,#1523,#1558,.T.);
#1558 = LINE('',#1559,#1560);
#1559 = CARTESIAN_POINT('',(-28.17,-19.155,-26.1));
#1560 = VECTOR('',#1561,1.);
#1561 = DIRECTION('',(-1.,-0.,0.));
#1562 = FACE_BOUND('',#1563,.T.);
#1563 = EDGE_LOOP('',(#1564,#1575,#1583,#1592));
#1564 = ORIENTED_EDGE('',*,*,#1565,.F.);
#1565 = EDGE_CURVE('',#1566,#1568,#1570,.T.);
#1566 = VERTEX_POINT('',#1567);
#1567 = CARTESIAN_POINT('',(-3.705,-17.78,-26.1));
#1568 = VERTEX_POINT('',#1569);
#1569 = CARTESIAN_POINT('',(-6.455,-17.78,-26.1));
#1570 = CIRCLE('',#1571,1.375);
#1571 = AXIS2_PLACEMENT_3D('',#1572,#1573,#1574);
#1572 = CARTESIAN_POINT('',(-5.08,-17.78,-26.1));
#1573 = DIRECTION('',(0.,0.,1.));
#1574 = DIRECTION('',(1.,0.,-0.));
#1575 = ORIENTED_EDGE('',*,*,#1576,.F.);
#1576 = EDGE_CURVE('',#1577,#1566,#1579,.T.);
#1577 = VERTEX_POINT('',#1578);
#1578 = CARTESIAN_POINT('',(-3.705,-22.86,-26.1));
#1579 = LINE('',#1580,#1581);
#1580 = CARTESIAN_POINT('',(-3.705,-28.17,-26.1));
#1581 = VECTOR('',#1582,1.);
#1582 = DIRECTION('',(-0.,1.,0.));
#1583 = ORIENTED_EDGE('',*,*,#1584,.F.);
#1584 = EDGE_CURVE('',#1585,#1577,#1587,.T.);
#1585 = VERTEX_POINT('',#1586);
#1586 = CARTESIAN_POINT('',(-6.455,-22.86,-26.1));
#1587 = CIRCLE('',#1588,1.375);
#1588 = AXIS2_PLACEMENT_3D('',#1589,#1590,#1591);
#1589 = CARTESIAN_POINT('',(-5.08,-22.86,-26.1));
#1590 = DIRECTION('',(0.,0.,1.));
#1591 = DIRECTION('',(1.,0.,-0.));
#1592 = ORIENTED_EDGE('',*,*,#1593,.T.);
#1593 = EDGE_CURVE('',#1585,#1568,#1594,.T.);
#1594 = LINE('',#1595,#1596);
#1595 = CARTESIAN_POINT('',(-6.455,-28.17,-26.1));
#1596 = VECTOR('',#1597,1.);
#1597 = DIRECTION('',(-0.,1.,0.));
#1598 = FACE_BOUND('',#1599,.T.);
#1599 = EDGE_LOOP('',(#1600,#1611,#1619,#1628));
#1600 = ORIENTED_EDGE('',*,*,#1601,.F.);
#1601 = EDGE_CURVE('',#1602,#1604,#1606,.T.);
#1602 = VERTEX_POINT('',#1603);
#1603 = CARTESIAN_POINT('',(6.455,-7.62,-26.1));
#1604 = VERTEX_POINT('',#1605);
#1605 = CARTESIAN_POINT('',(3.705,-7.62,-26.1));
#1606 = CIRCLE('',#1607,1.375);
#1607 = AXIS2_PLACEMENT_3D('',#1608,#1609,#1610);
#1608 = CARTESIAN_POINT('',(5.08,-7.62,-26.1));
#1609 = DIRECTION('',(0.,0.,1.));
#1610 = DIRECTION('',(1.,0.,-0.));
#1611 = ORIENTED_EDGE('',*,*,#1612,.F.);
#1612 = EDGE_CURVE('',#1613,#1602,#1615,.T.);
#1613 = VERTEX_POINT('',#1614);
#1614 = CARTESIAN_POINT('',(6.455,-12.7,-26.1));
#1615 = LINE('',#1616,#1617);
#1616 = CARTESIAN_POINT('',(6.455,-23.09,-26.1));
#1617 = VECTOR('',#1618,1.);
#1618 = DIRECTION('',(-0.,1.,0.));
#1619 = ORIENTED_EDGE('',*,*,#1620,.F.);
#1620 = EDGE_CURVE('',#1621,#1613,#1623,.T.);
#1621 = VERTEX_POINT('',#1622);
#1622 = CARTESIAN_POINT('',(3.705,-12.7,-26.1));
#1623 = CIRCLE('',#1624,1.375);
#1624 = AXIS2_PLACEMENT_3D('',#1625,#1626,#1627);
#1625 = CARTESIAN_POINT('',(5.08,-12.7,-26.1));
#1626 = DIRECTION('',(0.,0.,1.));
#1627 = DIRECTION('',(1.,0.,-0.));
#1628 = ORIENTED_EDGE('',*,*,#1629,.T.);
#1629 = EDGE_CURVE('',#1621,#1604,#1630,.T.);
#1630 = LINE('',#1631,#1632);
#1631 = CARTESIAN_POINT('',(3.705,-23.09,-26.1));
#1632 = VECTOR('',#1633,1.);
#1633 = DIRECTION('',(-0.,1.,0.));
#1634 = FACE_BOUND('',#1635,.T.);
#1635 = EDGE_LOOP('',(#1636,#1647,#1655,#1664));
#1636 = ORIENTED_EDGE('',*,*,#1637,.F.);
#1637 = EDGE_CURVE('',#1638,#1640,#1642,.T.);
#1638 = VERTEX_POINT('',#1639);
#1639 = CARTESIAN_POINT('',(26.775,12.7,-26.1));
#1640 = VERTEX_POINT('',#1641);
#1641 = CARTESIAN_POINT('',(24.025,12.7,-26.1));
#1642 = CIRCLE('',#1643,1.375);
#1643 = AXIS2_PLACEMENT_3D('',#1644,#1645,#1646);
#1644 = CARTESIAN_POINT('',(25.4,12.7,-26.1));
#1645 = DIRECTION('',(0.,0.,1.));
#1646 = DIRECTION('',(1.,0.,-0.));
#1647 = ORIENTED_EDGE('',*,*,#1648,.F.);
#1648 = EDGE_CURVE('',#1649,#1638,#1651,.T.);
#1649 = VERTEX_POINT('',#1650);
#1650 = CARTESIAN_POINT('',(26.775,7.62,-26.1));
#1651 = LINE('',#1652,#1653);
#1652 = CARTESIAN_POINT('',(26.775,-12.93,-26.1));
#1653 = VECTOR('',#1654,1.);
#1654 = DIRECTION('',(-0.,1.,0.));
#1655 = ORIENTED_EDGE('',*,*,#1656,.F.);
#1656 = EDGE_CURVE('',#1657,#1649,#1659,.T.);
#1657 = VERTEX_POINT('',#1658);
#1658 = CARTESIAN_POINT('',(24.025,7.62,-26.1));
#1659 = CIRCLE('',#1660,1.375);
#1660 = AXIS2_PLACEMENT_3D('',#1661,#1662,#1663);
#1661 = CARTESIAN_POINT('',(25.4,7.62,-26.1));
#1662 = DIRECTION('',(0.,0.,1.));
#1663 = DIRECTION('',(1.,0.,-0.));
#1664 = ORIENTED_EDGE('',*,*,#1665,.T.);
#1665 = EDGE_CURVE('',#1657,#1640,#1666,.T.);
#1666 = LINE('',#1667,#1668);
#1667 = CARTESIAN_POINT('',(24.025,-12.93,-26.1));
#1668 = VECTOR('',#1669,1.);
#1669 = DIRECTION('',(-0.,1.,0.));
#1670 = FACE_BOUND('',#1671,.T.);
#1671 = EDGE_LOOP('',(#1672,#1683,#1691,#1700));
#1672 = ORIENTED_EDGE('',*,*,#1673,.F.);
#1673 = EDGE_CURVE('',#1674,#1676,#1678,.T.);
#1674 = VERTEX_POINT('',#1675);
#1675 = CARTESIAN_POINT('',(26.775,-2.54,-26.1));
#1676 = VERTEX_POINT('',#1677);
#1677 = CARTESIAN_POINT('',(24.025,-2.54,-26.1));
#1678 = CIRCLE('',#1679,1.375);
#1679 = AXIS2_PLACEMENT_3D('',#1680,#1681,#1682);
#1680 = CARTESIAN_POINT('',(25.4,-2.54,-26.1));
#1681 = DIRECTION('',(0.,0.,1.));
#1682 = DIRECTION('',(1.,0.,-0.));
#1683 = ORIENTED_EDGE('',*,*,#1684,.F.);
#1684 = EDGE_CURVE('',#1685,#1674,#1687,.T.);
#1685 = VERTEX_POINT('',#1686);
#1686 = CARTESIAN_POINT('',(26.775,-7.62,-26.1));
#1687 = LINE('',#1688,#1689);
#1688 = CARTESIAN_POINT('',(26.775,-20.55,-26.1));
#1689 = VECTOR('',#1690,1.);
#1690 = DIRECTION('',(-0.,1.,0.));
#1691 = ORIENTED_EDGE('',*,*,#1692,.F.);
#1692 = EDGE_CURVE('',#1693,#1685,#1695,.T.);
#1693 = VERTEX_POINT('',#1694);
#1694 = CARTESIAN_POINT('',(24.025,-7.62,-26.1));
#1695 = CIRCLE('',#1696,1.375);
#1696 = AXIS2_PLACEMENT_3D('',#1697,#1698,#1699);
#1697 = CARTESIAN_POINT('',(25.4,-7.62,-26.1));
#1698 = DIRECTION('',(0.,0.,1.));
#1699 = DIRECTION('',(1.,0.,-0.));
#1700 = ORIENTED_EDGE('',*,*,#1701,.T.);
#1701 = EDGE_CURVE('',#1693,#1676,#1702,.T.);
#1702 = LINE('',#1703,#1704);
#1703 = CARTESIAN_POINT('',(24.025,-20.55,-26.1));
#1704 = VECTOR('',#1705,1.);
#1705 = DIRECTION('',(-0.,1.,0.));
#1706 = FACE_BOUND('',#1707,.T.);
#1707 = EDGE_LOOP('',(#1708,#1719,#1727,#1736,#1745));
#1708 = ORIENTED_EDGE('',*,*,#1709,.F.);
#1709 = EDGE_CURVE('',#1710,#1712,#1714,.T.);
#1710 = VERTEX_POINT('',#1711);
#1711 = CARTESIAN_POINT('',(10.16,19.155,-26.1));
#1712 = VERTEX_POINT('',#1713);
#1713 = CARTESIAN_POINT('',(10.16,16.405,-26.1));
#1714 = CIRCLE('',#1715,1.375);
#1715 = AXIS2_PLACEMENT_3D('',#1716,#1717,#1718);
#1716 = CARTESIAN_POINT('',(10.16,17.78,-26.1));
#1717 = DIRECTION('',(0.,0.,1.));
#1718 = DIRECTION('',(1.,0.,-0.));
#1719 = ORIENTED_EDGE('',*,*,#1720,.F.);
#1720 = EDGE_CURVE('',#1721,#1710,#1723,.T.);
#1721 = VERTEX_POINT('',#1722);
#1722 = CARTESIAN_POINT('',(15.24,19.155,-26.1));
#1723 = LINE('',#1724,#1725);
#1724 = CARTESIAN_POINT('',(-15.47,19.155,-26.1));
#1725 = VECTOR('',#1726,1.);
#1726 = DIRECTION('',(-1.,-0.,0.));
#1727 = ORIENTED_EDGE('',*,*,#1728,.F.);
#1728 = EDGE_CURVE('',#1729,#1721,#1731,.T.);
#1729 = VERTEX_POINT('',#1730);
#1730 = CARTESIAN_POINT('',(16.615,17.78,-26.1));
#1731 = CIRCLE('',#1732,1.375);
#1732 = AXIS2_PLACEMENT_3D('',#1733,#1734,#1735);
#1733 = CARTESIAN_POINT('',(15.24,17.78,-26.1));
#1734 = DIRECTION('',(0.,0.,1.));
#1735 = DIRECTION('',(1.,0.,-0.));
#1736 = ORIENTED_EDGE('',*,*,#1737,.F.);
#1737 = EDGE_CURVE('',#1738,#1729,#1740,.T.);
#1738 = VERTEX_POINT('',#1739);
#1739 = CARTESIAN_POINT('',(15.24,16.405,-26.1));
#1740 = CIRCLE('',#1741,1.375);
#1741 = AXIS2_PLACEMENT_3D('',#1742,#1743,#1744);
#1742 = CARTESIAN_POINT('',(15.24,17.78,-26.1));
#1743 = DIRECTION('',(0.,0.,1.));
#1744 = DIRECTION('',(1.,0.,-0.));
#1745 = ORIENTED_EDGE('',*,*,#1746,.T.);
#1746 = EDGE_CURVE('',#1738,#1712,#1747,.T.);
#1747 = LINE('',#1748,#1749);
#1748 = CARTESIAN_POINT('',(-15.47,16.405,-26.1));
#1749 = VECTOR('',#1750,1.);
#1750 = DIRECTION('',(-1.,-0.,0.));
#1751 = FACE_BOUND('',#1752,.T.);
#1752 = EDGE_LOOP('',(#1753,#1764,#1772,#1781,#1790));
#1753 = ORIENTED_EDGE('',*,*,#1754,.F.);
#1754 = EDGE_CURVE('',#1755,#1757,#1759,.T.);
#1755 = VERTEX_POINT('',#1756);
#1756 = CARTESIAN_POINT('',(-30.48,-16.405,-26.1));
#1757 = VERTEX_POINT('',#1758);
#1758 = CARTESIAN_POINT('',(-30.48,-19.155,-26.1));
#1759 = CIRCLE('',#1760,1.375);
#1760 = AXIS2_PLACEMENT_3D('',#1761,#1762,#1763);
#1761 = CARTESIAN_POINT('',(-30.48,-17.78,-26.1));
#1762 = DIRECTION('',(0.,0.,1.));
#1763 = DIRECTION('',(1.,0.,-0.));
#1764 = ORIENTED_EDGE('',*,*,#1765,.F.);
#1765 = EDGE_CURVE('',#1766,#1755,#1768,.T.);
#1766 = VERTEX_POINT('',#1767);
#1767 = CARTESIAN_POINT('',(-25.4,-16.405,-26.1));
#1768 = LINE('',#1769,#1770);
#1769 = CARTESIAN_POINT('',(-35.79,-16.405,-26.1));
#1770 = VECTOR('',#1771,1.);
#1771 = DIRECTION('',(-1.,-0.,0.));
#1772 = ORIENTED_EDGE('',*,*,#1773,.F.);
#1773 = EDGE_CURVE('',#1774,#1766,#1776,.T.);
#1774 = VERTEX_POINT('',#1775);
#1775 = CARTESIAN_POINT('',(-24.025,-17.78,-26.1));
#1776 = CIRCLE('',#1777,1.375);
#1777 = AXIS2_PLACEMENT_3D('',#1778,#1779,#1780);
#1778 = CARTESIAN_POINT('',(-25.4,-17.78,-26.1));
#1779 = DIRECTION('',(0.,0.,1.));
#1780 = DIRECTION('',(1.,0.,-0.));
#1781 = ORIENTED_EDGE('',*,*,#1782,.F.);
#1782 = EDGE_CURVE('',#1783,#1774,#1785,.T.);
#1783 = VERTEX_POINT('',#1784);
#1784 = CARTESIAN_POINT('',(-25.4,-19.155,-26.1));
#1785 = CIRCLE('',#1786,1.375);
#1786 = AXIS2_PLACEMENT_3D('',#1787,#1788,#1789);
#1787 = CARTESIAN_POINT('',(-25.4,-17.78,-26.1));
#1788 = DIRECTION('',(0.,0.,1.));
#1789 = DIRECTION('',(1.,0.,-0.));
#1790 = ORIENTED_EDGE('',*,*,#1791,.T.);
#1791 = EDGE_CURVE('',#1783,#1757,#1792,.T.);
#1792 = LINE('',#1793,#1794);
#1793 = CARTESIAN_POINT('',(-35.79,-19.155,-26.1));
#1794 = VECTOR('',#1795,1.);
#1795 = DIRECTION('',(-1.,-0.,0.));
#1796 = FACE_BOUND('',#1797,.T.);
#1797 = EDGE_LOOP('',(#1798,#1809,#1817,#1826,#1835));
#1798 = ORIENTED_EDGE('',*,*,#1799,.F.);
#1799 = EDGE_CURVE('',#1800,#1802,#1804,.T.);
#1800 = VERTEX_POINT('',#1801);
#1801 = CARTESIAN_POINT('',(-20.32,-26.565,-26.1));
#1802 = VERTEX_POINT('',#1803);
#1803 = CARTESIAN_POINT('',(-20.32,-29.315,-26.1));
#1804 = CIRCLE('',#1805,1.375);
#1805 = AXIS2_PLACEMENT_3D('',#1806,#1807,#1808);
#1806 = CARTESIAN_POINT('',(-20.32,-27.94,-26.1));
#1807 = DIRECTION('',(0.,0.,1.));
#1808 = DIRECTION('',(1.,0.,-0.));
#1809 = ORIENTED_EDGE('',*,*,#1810,.F.);
#1810 = EDGE_CURVE('',#1811,#1800,#1813,.T.);
#1811 = VERTEX_POINT('',#1812);
#1812 = CARTESIAN_POINT('',(-15.24,-26.565,-26.1));
#1813 = LINE('',#1814,#1815);
#1814 = CARTESIAN_POINT('',(-30.71,-26.565,-26.1));
#1815 = VECTOR('',#1816,1.);
#1816 = DIRECTION('',(-1.,-0.,0.));
#1817 = ORIENTED_EDGE('',*,*,#1818,.F.);
#1818 = EDGE_CURVE('',#1819,#1811,#1821,.T.);
#1819 = VERTEX_POINT('',#1820);
#1820 = CARTESIAN_POINT('',(-13.865,-27.94,-26.1));
#1821 = CIRCLE('',#1822,1.375);
#1822 = AXIS2_PLACEMENT_3D('',#1823,#1824,#1825);
#1823 = CARTESIAN_POINT('',(-15.24,-27.94,-26.1));
#1824 = DIRECTION('',(0.,0.,1.));
#1825 = DIRECTION('',(1.,0.,-0.));
#1826 = ORIENTED_EDGE('',*,*,#1827,.F.);
#1827 = EDGE_CURVE('',#1828,#1819,#1830,.T.);
#1828 = VERTEX_POINT('',#1829);
#1829 = CARTESIAN_POINT('',(-15.24,-29.315,-26.1));
#1830 = CIRCLE('',#1831,1.375);
#1831 = AXIS2_PLACEMENT_3D('',#1832,#1833,#1834);
#1832 = CARTESIAN_POINT('',(-15.24,-27.94,-26.1));
#1833 = DIRECTION('',(0.,0.,1.));
#1834 = DIRECTION('',(1.,0.,-0.));
#1835 = ORIENTED_EDGE('',*,*,#1836,.T.);
#1836 = EDGE_CURVE('',#1828,#1802,#1837,.T.);
#1837 = LINE('',#1838,#1839);
#1838 = CARTESIAN_POINT('',(-30.71,-29.315,-26.1));
#1839 = VECTOR('',#1840,1.);
#1840 = DIRECTION('',(-1.,-0.,0.));
#1841 = FACE_BOUND('',#1842,.T.);
#1842 = EDGE_LOOP('',(#1843,#1854,#1862,#1871,#1880));
#1843 = ORIENTED_EDGE('',*,*,#1844,.F.);
#1844 = EDGE_CURVE('',#1845,#1847,#1849,.T.);
#1845 = VERTEX_POINT('',#1846);
#1846 = CARTESIAN_POINT('',(7.105427357601E-15,29.315,-26.1));
#1847 = VERTEX_POINT('',#1848);
#1848 = CARTESIAN_POINT('',(7.105427357601E-15,26.565,-26.1));
#1849 = CIRCLE('',#1850,1.375);
#1850 = AXIS2_PLACEMENT_3D('',#1851,#1852,#1853);
#1851 = CARTESIAN_POINT('',(7.105427357601E-15,27.94,-26.1));
#1852 = DIRECTION('',(0.,0.,1.));
#1853 = DIRECTION('',(1.,0.,-0.));
#1854 = ORIENTED_EDGE('',*,*,#1855,.F.);
#1855 = EDGE_CURVE('',#1856,#1845,#1858,.T.);
#1856 = VERTEX_POINT('',#1857);
#1857 = CARTESIAN_POINT('',(5.08,29.315,-26.1));
#1858 = LINE('',#1859,#1860);
#1859 = CARTESIAN_POINT('',(-20.55,29.315,-26.1));
#1860 = VECTOR('',#1861,1.);
#1861 = DIRECTION('',(-1.,-0.,0.));
#1862 = ORIENTED_EDGE('',*,*,#1863,.F.);
#1863 = EDGE_CURVE('',#1864,#1856,#1866,.T.);
#1864 = VERTEX_POINT('',#1865);
#1865 = CARTESIAN_POINT('',(6.455,27.94,-26.1));
#1866 = CIRCLE('',#1867,1.375);
#1867 = AXIS2_PLACEMENT_3D('',#1868,#1869,#1870);
#1868 = CARTESIAN_POINT('',(5.08,27.94,-26.1));
#1869 = DIRECTION('',(0.,0.,1.));
#1870 = DIRECTION('',(1.,0.,-0.));
#1871 = ORIENTED_EDGE('',*,*,#1872,.F.);
#1872 = EDGE_CURVE('',#1873,#1864,#1875,.T.);
#1873 = VERTEX_POINT('',#1874);
#1874 = CARTESIAN_POINT('',(5.08,26.565,-26.1));
#1875 = CIRCLE('',#1876,1.375);
#1876 = AXIS2_PLACEMENT_3D('',#1877,#1878,#1879);
#1877 = CARTESIAN_POINT('',(5.08,27.94,-26.1));
#1878 = DIRECTION('',(0.,0.,1.));
#1879 = DIRECTION('',(1.,0.,-0.));
#1880 = ORIENTED_EDGE('',*,*,#1881,.T.);
#1881 = EDGE_CURVE('',#1873,#1847,#1882,.T.);
#1882 = LINE('',#1883,#1884);
#1883 = CARTESIAN_POINT('',(-20.55,26.565,-26.1));
#1884 = VECTOR('',#1885,1.);
#1885 = DIRECTION('',(-1.,-0.,0.));
#1886 = FACE_BOUND('',#1887,.T.);
#1887 = EDGE_LOOP('',(#1888,#1899,#1907,#1916,#1925));
#1888 = ORIENTED_EDGE('',*,*,#1889,.F.);
#1889 = EDGE_CURVE('',#1890,#1892,#1894,.T.);
#1890 = VERTEX_POINT('',#1891);
#1891 = CARTESIAN_POINT('',(-5.08,-26.565,-26.1));
#1892 = VERTEX_POINT('',#1893);
#1893 = CARTESIAN_POINT('',(-5.08,-29.315,-26.1));
#1894 = CIRCLE('',#1895,1.375);
#1895 = AXIS2_PLACEMENT_3D('',#1896,#1897,#1898);
#1896 = CARTESIAN_POINT('',(-5.08,-27.94,-26.1));
#1897 = DIRECTION('',(0.,0.,1.));
#1898 = DIRECTION('',(1.,0.,-0.));
#1899 = ORIENTED_EDGE('',*,*,#1900,.F.);
#1900 = EDGE_CURVE('',#1901,#1890,#1903,.T.);
#1901 = VERTEX_POINT('',#1902);
#1902 = CARTESIAN_POINT('',(7.105427357601E-15,-26.565,-26.1));
#1903 = LINE('',#1904,#1905);
#1904 = CARTESIAN_POINT('',(-23.09,-26.565,-26.1));
#1905 = VECTOR('',#1906,1.);
#1906 = DIRECTION('',(-1.,-0.,0.));
#1907 = ORIENTED_EDGE('',*,*,#1908,.F.);
#1908 = EDGE_CURVE('',#1909,#1901,#1911,.T.);
#1909 = VERTEX_POINT('',#1910);
#1910 = CARTESIAN_POINT('',(1.375,-27.94,-26.1));
#1911 = CIRCLE('',#1912,1.375);
#1912 = AXIS2_PLACEMENT_3D('',#1913,#1914,#1915);
#1913 = CARTESIAN_POINT('',(7.105427357601E-15,-27.94,-26.1));
#1914 = DIRECTION('',(0.,0.,1.));
#1915 = DIRECTION('',(1.,0.,-0.));
#1916 = ORIENTED_EDGE('',*,*,#1917,.F.);
#1917 = EDGE_CURVE('',#1918,#1909,#1920,.T.);
#1918 = VERTEX_POINT('',#1919);
#1919 = CARTESIAN_POINT('',(7.105427357601E-15,-29.315,-26.1));
#1920 = CIRCLE('',#1921,1.375);
#1921 = AXIS2_PLACEMENT_3D('',#1922,#1923,#1924);
#1922 = CARTESIAN_POINT('',(7.105427357601E-15,-27.94,-26.1));
#1923 = DIRECTION('',(0.,0.,1.));
#1924 = DIRECTION('',(1.,0.,-0.));
#1925 = ORIENTED_EDGE('',*,*,#1926,.T.);
#1926 = EDGE_CURVE('',#1918,#1892,#1927,.T.);
#1927 = LINE('',#1928,#1929);
#1928 = CARTESIAN_POINT('',(-23.09,-29.315,-26.1));
#1929 = VECTOR('',#1930,1.);
#1930 = DIRECTION('',(-1.,-0.,0.));
#1931 = FACE_BOUND('',#1932,.T.);
#1932 = EDGE_LOOP('',(#1933,#1944,#1952,#1961));
#1933 = ORIENTED_EDGE('',*,*,#1934,.F.);
#1934 = EDGE_CURVE('',#1935,#1937,#1939,.T.);
#1935 = VERTEX_POINT('',#1936);
#1936 = CARTESIAN_POINT('',(-34.185,-2.54,-26.1));
#1937 = VERTEX_POINT('',#1938);
#1938 = CARTESIAN_POINT('',(-36.935,-2.54,-26.1));
#1939 = CIRCLE('',#1940,1.375);
#1940 = AXIS2_PLACEMENT_3D('',#1941,#1942,#1943);
#1941 = CARTESIAN_POINT('',(-35.56,-2.54,-26.1));
#1942 = DIRECTION('',(0.,0.,1.));
#1943 = DIRECTION('',(1.,0.,-0.));
#1944 = ORIENTED_EDGE('',*,*,#1945,.F.);
#1945 = EDGE_CURVE('',#1946,#1935,#1948,.T.);
#1946 = VERTEX_POINT('',#1947);
#1947 = CARTESIAN_POINT('',(-34.185,-7.62,-26.1));
#1948 = LINE('',#1949,#1950);
#1949 = CARTESIAN_POINT('',(-34.185,-20.55,-26.1));
#1950 = VECTOR('',#1951,1.);
#1951 = DIRECTION('',(-0.,1.,0.));
#1952 = ORIENTED_EDGE('',*,*,#1953,.F.);
#1953 = EDGE_CURVE('',#1954,#1946,#1956,.T.);
#1954 = VERTEX_POINT('',#1955);
#1955 = CARTESIAN_POINT('',(-36.935,-7.62,-26.1));
#1956 = CIRCLE('',#1957,1.375);
#1957 = AXIS2_PLACEMENT_3D('',#1958,#1959,#1960);
#1958 = CARTESIAN_POINT('',(-35.56,-7.62,-26.1));
#1959 = DIRECTION('',(0.,0.,1.));
#1960 = DIRECTION('',(1.,0.,-0.));
#1961 = ORIENTED_EDGE('',*,*,#1962,.T.);
#1962 = EDGE_CURVE('',#1954,#1937,#1963,.T.);
#1963 = LINE('',#1964,#1965);
#1964 = CARTESIAN_POINT('',(-36.935,-20.55,-26.1));
#1965 = VECTOR('',#1966,1.);
#1966 = DIRECTION('',(-0.,1.,0.));
#1967 = FACE_BOUND('',#1968,.T.);
#1968 = EDGE_LOOP('',(#1969,#1980,#1988,#1997,#2006));
#1969 = ORIENTED_EDGE('',*,*,#1970,.F.);
#1970 = EDGE_CURVE('',#1971,#1973,#1975,.T.);
#1971 = VERTEX_POINT('',#1972);
#1972 = CARTESIAN_POINT('',(-30.48,-1.165,-26.1));
#1973 = VERTEX_POINT('',#1974);
#1974 = CARTESIAN_POINT('',(-30.48,-3.915,-26.1));
#1975 = CIRCLE('',#1976,1.375);
#1976 = AXIS2_PLACEMENT_3D('',#1977,#1978,#1979);
#1977 = CARTESIAN_POINT('',(-30.48,-2.54,-26.1));
#1978 = DIRECTION('',(0.,0.,1.));
#1979 = DIRECTION('',(1.,0.,-0.));
#1980 = ORIENTED_EDGE('',*,*,#1981,.F.);
#1981 = EDGE_CURVE('',#1982,#1971,#1984,.T.);
#1982 = VERTEX_POINT('',#1983);
#1983 = CARTESIAN_POINT('',(-25.4,-1.165,-26.1));
#1984 = LINE('',#1985,#1986);
#1985 = CARTESIAN_POINT('',(-35.79,-1.165,-26.1));
#1986 = VECTOR('',#1987,1.);
#1987 = DIRECTION('',(-1.,-0.,0.));
#1988 = ORIENTED_EDGE('',*,*,#1989,.F.);
#1989 = EDGE_CURVE('',#1990,#1982,#1992,.T.);
#1990 = VERTEX_POINT('',#1991);
#1991 = CARTESIAN_POINT('',(-24.025,-2.54,-26.1));
#1992 = CIRCLE('',#1993,1.375);
#1993 = AXIS2_PLACEMENT_3D('',#1994,#1995,#1996);
#1994 = CARTESIAN_POINT('',(-25.4,-2.54,-26.1));
#1995 = DIRECTION('',(0.,0.,1.));
#1996 = DIRECTION('',(1.,0.,-0.));
#1997 = ORIENTED_EDGE('',*,*,#1998,.F.);
#1998 = EDGE_CURVE('',#1999,#1990,#2001,.T.);
#1999 = VERTEX_POINT('',#2000);
#2000 = CARTESIAN_POINT('',(-25.4,-3.915,-26.1));
#2001 = CIRCLE('',#2002,1.375);
#2002 = AXIS2_PLACEMENT_3D('',#2003,#2004,#2005);
#2003 = CARTESIAN_POINT('',(-25.4,-2.54,-26.1));
#2004 = DIRECTION('',(0.,0.,1.));
#2005 = DIRECTION('',(1.,0.,-0.));
#2006 = ORIENTED_EDGE('',*,*,#2007,.T.);
#2007 = EDGE_CURVE('',#1999,#1973,#2008,.T.);
#2008 = LINE('',#2009,#2010);
#2009 = CARTESIAN_POINT('',(-35.79,-3.915,-26.1));
#2010 = VECTOR('',#2011,1.);
#2011 = DIRECTION('',(-1.,-0.,0.));
#2012 = FACE_BOUND('',#2013,.T.);
#2013 = EDGE_LOOP('',(#2014,#2025,#2033,#2042,#2051));
#2014 = ORIENTED_EDGE('',*,*,#2015,.F.);
#2015 = EDGE_CURVE('',#2016,#2018,#2020,.T.);
#2016 = VERTEX_POINT('',#2017);
#2017 = CARTESIAN_POINT('',(-20.32,-11.325,-26.1));
#2018 = VERTEX_POINT('',#2019);
#2019 = CARTESIAN_POINT('',(-20.32,-14.075,-26.1));
#2020 = CIRCLE('',#2021,1.375);
#2021 = AXIS2_PLACEMENT_3D('',#2022,#2023,#2024);
#2022 = CARTESIAN_POINT('',(-20.32,-12.7,-26.1));
#2023 = DIRECTION('',(0.,0.,1.));
#2024 = DIRECTION('',(1.,0.,-0.));
#2025 = ORIENTED_EDGE('',*,*,#2026,.F.);
#2026 = EDGE_CURVE('',#2027,#2016,#2029,.T.);
#2027 = VERTEX_POINT('',#2028);
#2028 = CARTESIAN_POINT('',(-15.24,-11.325,-26.1));
#2029 = LINE('',#2030,#2031);
#2030 = CARTESIAN_POINT('',(-30.71,-11.325,-26.1));
#2031 = VECTOR('',#2032,1.);
#2032 = DIRECTION('',(-1.,-0.,0.));
#2033 = ORIENTED_EDGE('',*,*,#2034,.F.);
#2034 = EDGE_CURVE('',#2035,#2027,#2037,.T.);
#2035 = VERTEX_POINT('',#2036);
#2036 = CARTESIAN_POINT('',(-13.865,-12.7,-26.1));
#2037 = CIRCLE('',#2038,1.375);
#2038 = AXIS2_PLACEMENT_3D('',#2039,#2040,#2041);
#2039 = CARTESIAN_POINT('',(-15.24,-12.7,-26.1));
#2040 = DIRECTION('',(0.,0.,1.));
#2041 = DIRECTION('',(1.,0.,-0.));
#2042 = ORIENTED_EDGE('',*,*,#2043,.F.);
#2043 = EDGE_CURVE('',#2044,#2035,#2046,.T.);
#2044 = VERTEX_POINT('',#2045);
#2045 = CARTESIAN_POINT('',(-15.24,-14.075,-26.1));
#2046 = CIRCLE('',#2047,1.375);
#2047 = AXIS2_PLACEMENT_3D('',#2048,#2049,#2050);
#2048 = CARTESIAN_POINT('',(-15.24,-12.7,-26.1));
#2049 = DIRECTION('',(0.,0.,1.));
#2050 = DIRECTION('',(1.,0.,-0.));
#2051 = ORIENTED_EDGE('',*,*,#2052,.T.);
#2052 = EDGE_CURVE('',#2044,#2018,#2053,.T.);
#2053 = LINE('',#2054,#2055);
#2054 = CARTESIAN_POINT('',(-30.71,-14.075,-26.1));
#2055 = VECTOR('',#2056,1.);
#2056 = DIRECTION('',(-1.,-0.,0.));
#2057 = FACE_BOUND('',#2058,.T.);
#2058 = EDGE_LOOP('',(#2059,#2070,#2078,#2087,#2096));
#2059 = ORIENTED_EDGE('',*,*,#2060,.F.);
#2060 = EDGE_CURVE('',#2061,#2063,#2065,.T.);
#2061 = VERTEX_POINT('',#2062);
#2062 = CARTESIAN_POINT('',(-5.08,-11.325,-26.1));
#2063 = VERTEX_POINT('',#2064);
#2064 = CARTESIAN_POINT('',(-5.08,-14.075,-26.1));
#2065 = CIRCLE('',#2066,1.375);
#2066 = AXIS2_PLACEMENT_3D('',#2067,#2068,#2069);
#2067 = CARTESIAN_POINT('',(-5.08,-12.7,-26.1));
#2068 = DIRECTION('',(0.,0.,1.));
#2069 = DIRECTION('',(1.,0.,-0.));
#2070 = ORIENTED_EDGE('',*,*,#2071,.F.);
#2071 = EDGE_CURVE('',#2072,#2061,#2074,.T.);
#2072 = VERTEX_POINT('',#2073);
#2073 = CARTESIAN_POINT('',(7.105427357601E-15,-11.325,-26.1));
#2074 = LINE('',#2075,#2076);
#2075 = CARTESIAN_POINT('',(-23.09,-11.325,-26.1));
#2076 = VECTOR('',#2077,1.);
#2077 = DIRECTION('',(-1.,-0.,0.));
#2078 = ORIENTED_EDGE('',*,*,#2079,.F.);
#2079 = EDGE_CURVE('',#2080,#2072,#2082,.T.);
#2080 = VERTEX_POINT('',#2081);
#2081 = CARTESIAN_POINT('',(1.375,-12.7,-26.1));
#2082 = CIRCLE('',#2083,1.375);
#2083 = AXIS2_PLACEMENT_3D('',#2084,#2085,#2086);
#2084 = CARTESIAN_POINT('',(7.105427357601E-15,-12.7,-26.1));
#2085 = DIRECTION('',(0.,0.,1.));
#2086 = DIRECTION('',(1.,0.,-0.));
#2087 = ORIENTED_EDGE('',*,*,#2088,.F.);
#2088 = EDGE_CURVE('',#2089,#2080,#2091,.T.);
#2089 = VERTEX_POINT('',#2090);
#2090 = CARTESIAN_POINT('',(7.105427357601E-15,-14.075,-26.1));
#2091 = CIRCLE('',#2092,1.375);
#2092 = AXIS2_PLACEMENT_3D('',#2093,#2094,#2095);
#2093 = CARTESIAN_POINT('',(7.105427357601E-15,-12.7,-26.1));
#2094 = DIRECTION('',(0.,0.,1.));
#2095 = DIRECTION('',(1.,0.,-0.));
#2096 = ORIENTED_EDGE('',*,*,#2097,.T.);
#2097 = EDGE_CURVE('',#2089,#2063,#2098,.T.);
#2098 = LINE('',#2099,#2100);
#2099 = CARTESIAN_POINT('',(-23.09,-14.075,-26.1));
#2100 = VECTOR('',#2101,1.);
#2101 = DIRECTION('',(-1.,-0.,0.));
#2102 = FACE_BOUND('',#2103,.T.);
#2103 = EDGE_LOOP('',(#2104,#2115,#2123,#2132,#2141));
#2104 = ORIENTED_EDGE('',*,*,#2105,.F.);
#2105 = EDGE_CURVE('',#2106,#2108,#2110,.T.);
#2106 = VERTEX_POINT('',#2107);
#2107 = CARTESIAN_POINT('',(10.16,-26.565,-26.1));
#2108 = VERTEX_POINT('',#2109);
#2109 = CARTESIAN_POINT('',(10.16,-29.315,-26.1));
#2110 = CIRCLE('',#2111,1.375);
#2111 = AXIS2_PLACEMENT_3D('',#2112,#2113,#2114);
#2112 = CARTESIAN_POINT('',(10.16,-27.94,-26.1));
#2113 = DIRECTION('',(0.,0.,1.));
#2114 = DIRECTION('',(1.,0.,-0.));
#2115 = ORIENTED_EDGE('',*,*,#2116,.F.);
#2116 = EDGE_CURVE('',#2117,#2106,#2119,.T.);
#2117 = VERTEX_POINT('',#2118);
#2118 = CARTESIAN_POINT('',(15.24,-26.565,-26.1));
#2119 = LINE('',#2120,#2121);
#2120 = CARTESIAN_POINT('',(-15.47,-26.565,-26.1));
#2121 = VECTOR('',#2122,1.);
#2122 = DIRECTION('',(-1.,-0.,0.));
#2123 = ORIENTED_EDGE('',*,*,#2124,.F.);
#2124 = EDGE_CURVE('',#2125,#2117,#2127,.T.);
#2125 = VERTEX_POINT('',#2126);
#2126 = CARTESIAN_POINT('',(16.615,-27.94,-26.1));
#2127 = CIRCLE('',#2128,1.375);
#2128 = AXIS2_PLACEMENT_3D('',#2129,#2130,#2131);
#2129 = CARTESIAN_POINT('',(15.24,-27.94,-26.1));
#2130 = DIRECTION('',(0.,0.,1.));
#2131 = DIRECTION('',(1.,0.,-0.));
#2132 = ORIENTED_EDGE('',*,*,#2133,.F.);
#2133 = EDGE_CURVE('',#2134,#2125,#2136,.T.);
#2134 = VERTEX_POINT('',#2135);
#2135 = CARTESIAN_POINT('',(15.24,-29.315,-26.1));
#2136 = CIRCLE('',#2137,1.375);
#2137 = AXIS2_PLACEMENT_3D('',#2138,#2139,#2140);
#2138 = CARTESIAN_POINT('',(15.24,-27.94,-26.1));
#2139 = DIRECTION('',(0.,0.,1.));
#2140 = DIRECTION('',(1.,0.,-0.));
#2141 = ORIENTED_EDGE('',*,*,#2142,.T.);
#2142 = EDGE_CURVE('',#2134,#2108,#2143,.T.);
#2143 = LINE('',#2144,#2145);
#2144 = CARTESIAN_POINT('',(-15.47,-29.315,-26.1));
#2145 = VECTOR('',#2146,1.);
#2146 = DIRECTION('',(-1.,-0.,0.));
#2147 = FACE_BOUND('',#2148,.T.);
#2148 = EDGE_LOOP('',(#2149,#2160,#2168,#2177,#2186));
#2149 = ORIENTED_EDGE('',*,*,#2150,.F.);
#2150 = EDGE_CURVE('',#2151,#2153,#2155,.T.);
#2151 = VERTEX_POINT('',#2152);
#2152 = CARTESIAN_POINT('',(7.105427357601E-15,-16.405,-26.1));
#2153 = VERTEX_POINT('',#2154);
#2154 = CARTESIAN_POINT('',(7.105427357601E-15,-19.155,-26.1));
#2155 = CIRCLE('',#2156,1.375);
#2156 = AXIS2_PLACEMENT_3D('',#2157,#2158,#2159);
#2157 = CARTESIAN_POINT('',(7.105427357601E-15,-17.78,-26.1));
#2158 = DIRECTION('',(0.,0.,1.));
#2159 = DIRECTION('',(1.,0.,-0.));
#2160 = ORIENTED_EDGE('',*,*,#2161,.F.);
#2161 = EDGE_CURVE('',#2162,#2151,#2164,.T.);
#2162 = VERTEX_POINT('',#2163);
#2163 = CARTESIAN_POINT('',(5.08,-16.405,-26.1));
#2164 = LINE('',#2165,#2166);
#2165 = CARTESIAN_POINT('',(-20.55,-16.405,-26.1));
#2166 = VECTOR('',#2167,1.);
#2167 = DIRECTION('',(-1.,-0.,0.));
#2168 = ORIENTED_EDGE('',*,*,#2169,.F.);
#2169 = EDGE_CURVE('',#2170,#2162,#2172,.T.);
#2170 = VERTEX_POINT('',#2171);
#2171 = CARTESIAN_POINT('',(6.455,-17.78,-26.1));
#2172 = CIRCLE('',#2173,1.375);
#2173 = AXIS2_PLACEMENT_3D('',#2174,#2175,#2176);
#2174 = CARTESIAN_POINT('',(5.08,-17.78,-26.1));
#2175 = DIRECTION('',(0.,0.,1.));
#2176 = DIRECTION('',(1.,0.,-0.));
#2177 = ORIENTED_EDGE('',*,*,#2178,.F.);
#2178 = EDGE_CURVE('',#2179,#2170,#2181,.T.);
#2179 = VERTEX_POINT('',#2180);
#2180 = CARTESIAN_POINT('',(5.08,-19.155,-26.1));
#2181 = CIRCLE('',#2182,1.375);
#2182 = AXIS2_PLACEMENT_3D('',#2183,#2184,#2185);
#2183 = CARTESIAN_POINT('',(5.08,-17.78,-26.1));
#2184 = DIRECTION('',(0.,0.,1.));
#2185 = DIRECTION('',(1.,0.,-0.));
#2186 = ORIENTED_EDGE('',*,*,#2187,.T.);
#2187 = EDGE_CURVE('',#2179,#2153,#2188,.T.);
#2188 = LINE('',#2189,#2190);
#2189 = CARTESIAN_POINT('',(-20.55,-19.155,-26.1));
#2190 = VECTOR('',#2191,1.);
#2191 = DIRECTION('',(-1.,-0.,0.));
#2192 = FACE_BOUND('',#2193,.T.);
#2193 = EDGE_LOOP('',(#2194,#2205,#2213,#2222,#2231));
#2194 = ORIENTED_EDGE('',*,*,#2195,.F.);
#2195 = EDGE_CURVE('',#2196,#2198,#2200,.T.);
#2196 = VERTEX_POINT('',#2197);
#2197 = CARTESIAN_POINT('',(10.16,-11.325,-26.1));
#2198 = VERTEX_POINT('',#2199);
#2199 = CARTESIAN_POINT('',(10.16,-14.075,-26.1));
#2200 = CIRCLE('',#2201,1.375);
#2201 = AXIS2_PLACEMENT_3D('',#2202,#2203,#2204);
#2202 = CARTESIAN_POINT('',(10.16,-12.7,-26.1));
#2203 = DIRECTION('',(0.,0.,1.));
#2204 = DIRECTION('',(1.,0.,-0.));
#2205 = ORIENTED_EDGE('',*,*,#2206,.F.);
#2206 = EDGE_CURVE('',#2207,#2196,#2209,.T.);
#2207 = VERTEX_POINT('',#2208);
#2208 = CARTESIAN_POINT('',(15.24,-11.325,-26.1));
#2209 = LINE('',#2210,#2211);
#2210 = CARTESIAN_POINT('',(-15.47,-11.325,-26.1));
#2211 = VECTOR('',#2212,1.);
#2212 = DIRECTION('',(-1.,-0.,0.));
#2213 = ORIENTED_EDGE('',*,*,#2214,.F.);
#2214 = EDGE_CURVE('',#2215,#2207,#2217,.T.);
#2215 = VERTEX_POINT('',#2216);
#2216 = CARTESIAN_POINT('',(16.615,-12.7,-26.1));
#2217 = CIRCLE('',#2218,1.375);
#2218 = AXIS2_PLACEMENT_3D('',#2219,#2220,#2221);
#2219 = CARTESIAN_POINT('',(15.24,-12.7,-26.1));
#2220 = DIRECTION('',(0.,0.,1.));
#2221 = DIRECTION('',(1.,0.,-0.));
#2222 = ORIENTED_EDGE('',*,*,#2223,.F.);
#2223 = EDGE_CURVE('',#2224,#2215,#2226,.T.);
#2224 = VERTEX_POINT('',#2225);
#2225 = CARTESIAN_POINT('',(15.24,-14.075,-26.1));
#2226 = CIRCLE('',#2227,1.375);
#2227 = AXIS2_PLACEMENT_3D('',#2228,#2229,#2230);
#2228 = CARTESIAN_POINT('',(15.24,-12.7,-26.1));
#2229 = DIRECTION('',(0.,0.,1.));
#2230 = DIRECTION('',(1.,0.,-0.));
#2231 = ORIENTED_EDGE('',*,*,#2232,.T.);
#2232 = EDGE_CURVE('',#2224,#2198,#2233,.T.);
#2233 = LINE('',#2234,#2235);
#2234 = CARTESIAN_POINT('',(-15.47,-14.075,-26.1));
#2235 = VECTOR('',#2236,1.);
#2236 = DIRECTION('',(-1.,-0.,0.));
#2237 = FACE_BOUND('',#2238,.T.);
#2238 = EDGE_LOOP('',(#2239,#2250,#2258,#2267));
#2239 = ORIENTED_EDGE('',*,*,#2240,.F.);
#2240 = EDGE_CURVE('',#2241,#2243,#2245,.T.);
#2241 = VERTEX_POINT('',#2242);
#2242 = CARTESIAN_POINT('',(-3.705,12.7,-26.1));
#2243 = VERTEX_POINT('',#2244);
#2244 = CARTESIAN_POINT('',(-6.455,12.7,-26.1));
#2245 = CIRCLE('',#2246,1.375);
#2246 = AXIS2_PLACEMENT_3D('',#2247,#2248,#2249);
#2247 = CARTESIAN_POINT('',(-5.08,12.7,-26.1));
#2248 = DIRECTION('',(0.,0.,1.));
#2249 = DIRECTION('',(1.,0.,-0.));
#2250 = ORIENTED_EDGE('',*,*,#2251,.F.);
#2251 = EDGE_CURVE('',#2252,#2241,#2254,.T.);
#2252 = VERTEX_POINT('',#2253);
#2253 = CARTESIAN_POINT('',(-3.705,7.62,-26.1));
#2254 = LINE('',#2255,#2256);
#2255 = CARTESIAN_POINT('',(-3.705,-12.93,-26.1));
#2256 = VECTOR('',#2257,1.);
#2257 = DIRECTION('',(-0.,1.,0.));
#2258 = ORIENTED_EDGE('',*,*,#2259,.F.);
#2259 = EDGE_CURVE('',#2260,#2252,#2262,.T.);
#2260 = VERTEX_POINT('',#2261);
#2261 = CARTESIAN_POINT('',(-6.455,7.62,-26.1));
#2262 = CIRCLE('',#2263,1.375);
#2263 = AXIS2_PLACEMENT_3D('',#2264,#2265,#2266);
#2264 = CARTESIAN_POINT('',(-5.08,7.62,-26.1));
#2265 = DIRECTION('',(0.,0.,1.));
#2266 = DIRECTION('',(1.,0.,-0.));
#2267 = ORIENTED_EDGE('',*,*,#2268,.T.);
#2268 = EDGE_CURVE('',#2260,#2243,#2269,.T.);
#2269 = LINE('',#2270,#2271);
#2270 = CARTESIAN_POINT('',(-6.455,-12.93,-26.1));
#2271 = VECTOR('',#2272,1.);
#2272 = DIRECTION('',(-0.,1.,0.));
#2273 = FACE_BOUND('',#2274,.T.);
#2274 = EDGE_LOOP('',(#2275,#2286,#2294,#2303));
#2275 = ORIENTED_EDGE('',*,*,#2276,.F.);
#2276 = EDGE_CURVE('',#2277,#2279,#2281,.T.);
#2277 = VERTEX_POINT('',#2278);
#2278 = CARTESIAN_POINT('',(-24.025,7.62,-26.1));
#2279 = VERTEX_POINT('',#2280);
#2280 = CARTESIAN_POINT('',(-26.775,7.62,-26.1));
#2281 = CIRCLE('',#2282,1.375);
#2282 = AXIS2_PLACEMENT_3D('',#2283,#2284,#2285);
#2283 = CARTESIAN_POINT('',(-25.4,7.62,-26.1));
#2284 = DIRECTION('',(0.,0.,1.));
#2285 = DIRECTION('',(1.,0.,-0.));
#2286 = ORIENTED_EDGE('',*,*,#2287,.F.);
#2287 = EDGE_CURVE('',#2288,#2277,#2290,.T.);
#2288 = VERTEX_POINT('',#2289);
#2289 = CARTESIAN_POINT('',(-24.025,2.54,-26.1));
#2290 = LINE('',#2291,#2292);
#2291 = CARTESIAN_POINT('',(-24.025,-15.47,-26.1));
#2292 = VECTOR('',#2293,1.);
#2293 = DIRECTION('',(-0.,1.,0.));
#2294 = ORIENTED_EDGE('',*,*,#2295,.F.);
#2295 = EDGE_CURVE('',#2296,#2288,#2298,.T.);
#2296 = VERTEX_POINT('',#2297);
#2297 = CARTESIAN_POINT('',(-26.775,2.54,-26.1));
#2298 = CIRCLE('',#2299,1.375);
#2299 = AXIS2_PLACEMENT_3D('',#2300,#2301,#2302);
#2300 = CARTESIAN_POINT('',(-25.4,2.54,-26.1));
#2301 = DIRECTION('',(0.,0.,1.));
#2302 = DIRECTION('',(1.,0.,-0.));
#2303 = ORIENTED_EDGE('',*,*,#2304,.T.);
#2304 = EDGE_CURVE('',#2296,#2279,#2305,.T.);
#2305 = LINE('',#2306,#2307);
#2306 = CARTESIAN_POINT('',(-26.775,-15.47,-26.1));
#2307 = VECTOR('',#2308,1.);
#2308 = DIRECTION('',(-0.,1.,0.));
#2309 = FACE_BOUND('',#2310,.T.);
#2310 = EDGE_LOOP('',(#2311,#2322,#2330,#2339));
#2311 = ORIENTED_EDGE('',*,*,#2312,.F.);
#2312 = EDGE_CURVE('',#2313,#2315,#2317,.T.);
#2313 = VERTEX_POINT('',#2314);
#2314 = CARTESIAN_POINT('',(-34.185,12.7,-26.1));
#2315 = VERTEX_POINT('',#2316);
#2316 = CARTESIAN_POINT('',(-36.935,12.7,-26.1));
#2317 = CIRCLE('',#2318,1.375);
#2318 = AXIS2_PLACEMENT_3D('',#2319,#2320,#2321);
#2319 = CARTESIAN_POINT('',(-35.56,12.7,-26.1));
#2320 = DIRECTION('',(0.,0.,1.));
#2321 = DIRECTION('',(1.,0.,-0.));
#2322 = ORIENTED_EDGE('',*,*,#2323,.F.);
#2323 = EDGE_CURVE('',#2324,#2313,#2326,.T.);
#2324 = VERTEX_POINT('',#2325);
#2325 = CARTESIAN_POINT('',(-34.185,7.62,-26.1));
#2326 = LINE('',#2327,#2328);
#2327 = CARTESIAN_POINT('',(-34.185,-12.93,-26.1));
#2328 = VECTOR('',#2329,1.);
#2329 = DIRECTION('',(-0.,1.,0.));
#2330 = ORIENTED_EDGE('',*,*,#2331,.F.);
#2331 = EDGE_CURVE('',#2332,#2324,#2334,.T.);
#2332 = VERTEX_POINT('',#2333);
#2333 = CARTESIAN_POINT('',(-36.935,7.62,-26.1));
#2334 = CIRCLE('',#2335,1.375);
#2335 = AXIS2_PLACEMENT_3D('',#2336,#2337,#2338);
#2336 = CARTESIAN_POINT('',(-35.56,7.62,-26.1));
#2337 = DIRECTION('',(0.,0.,1.));
#2338 = DIRECTION('',(1.,0.,-0.));
#2339 = ORIENTED_EDGE('',*,*,#2340,.T.);
#2340 = EDGE_CURVE('',#2332,#2315,#2341,.T.);
#2341 = LINE('',#2342,#2343);
#2342 = CARTESIAN_POINT('',(-36.935,-12.93,-26.1));
#2343 = VECTOR('',#2344,1.);
#2344 = DIRECTION('',(-0.,1.,0.));
#2345 = FACE_BOUND('',#2346,.T.);
#2346 = EDGE_LOOP('',(#2347,#2358,#2366,#2375,#2384));
#2347 = ORIENTED_EDGE('',*,*,#2348,.F.);
#2348 = EDGE_CURVE('',#2349,#2351,#2353,.T.);
#2349 = VERTEX_POINT('',#2350);
#2350 = CARTESIAN_POINT('',(-30.48,14.075,-26.1));
#2351 = VERTEX_POINT('',#2352);
#2352 = CARTESIAN_POINT('',(-30.48,11.325,-26.1));
#2353 = CIRCLE('',#2354,1.375);
#2354 = AXIS2_PLACEMENT_3D('',#2355,#2356,#2357);
#2355 = CARTESIAN_POINT('',(-30.48,12.7,-26.1));
#2356 = DIRECTION('',(0.,0.,1.));
#2357 = DIRECTION('',(1.,0.,-0.));
#2358 = ORIENTED_EDGE('',*,*,#2359,.F.);
#2359 = EDGE_CURVE('',#2360,#2349,#2362,.T.);
#2360 = VERTEX_POINT('',#2361);
#2361 = CARTESIAN_POINT('',(-25.4,14.075,-26.1));
#2362 = LINE('',#2363,#2364);
#2363 = CARTESIAN_POINT('',(-35.79,14.075,-26.1));
#2364 = VECTOR('',#2365,1.);
#2365 = DIRECTION('',(-1.,-0.,0.));
#2366 = ORIENTED_EDGE('',*,*,#2367,.F.);
#2367 = EDGE_CURVE('',#2368,#2360,#2370,.T.);
#2368 = VERTEX_POINT('',#2369);
#2369 = CARTESIAN_POINT('',(-24.025,12.7,-26.1));
#2370 = CIRCLE('',#2371,1.375);
#2371 = AXIS2_PLACEMENT_3D('',#2372,#2373,#2374);
#2372 = CARTESIAN_POINT('',(-25.4,12.7,-26.1));
#2373 = DIRECTION('',(0.,0.,1.));
#2374 = DIRECTION('',(1.,0.,-0.));
#2375 = ORIENTED_EDGE('',*,*,#2376,.F.);
#2376 = EDGE_CURVE('',#2377,#2368,#2379,.T.);
#2377 = VERTEX_POINT('',#2378);
#2378 = CARTESIAN_POINT('',(-25.4,11.325,-26.1));
#2379 = CIRCLE('',#2380,1.375);
#2380 = AXIS2_PLACEMENT_3D('',#2381,#2382,#2383);
#2381 = CARTESIAN_POINT('',(-25.4,12.7,-26.1));
#2382 = DIRECTION('',(0.,0.,1.));
#2383 = DIRECTION('',(1.,0.,-0.));
#2384 = ORIENTED_EDGE('',*,*,#2385,.T.);
#2385 = EDGE_CURVE('',#2377,#2351,#2386,.T.);
#2386 = LINE('',#2387,#2388);
#2387 = CARTESIAN_POINT('',(-35.79,11.325,-26.1));
#2388 = VECTOR('',#2389,1.);
#2389 = DIRECTION('',(-1.,-0.,0.));
#2390 = FACE_BOUND('',#2391,.T.);
#2391 = EDGE_LOOP('',(#2392,#2403,#2411,#2420));
#2392 = ORIENTED_EDGE('',*,*,#2393,.F.);
#2393 = EDGE_CURVE('',#2394,#2396,#2398,.T.);
#2394 = VERTEX_POINT('',#2395);
#2395 = CARTESIAN_POINT('',(-18.945,12.7,-26.1));
#2396 = VERTEX_POINT('',#2397);
#2397 = CARTESIAN_POINT('',(-21.695,12.7,-26.1));
#2398 = CIRCLE('',#2399,1.375);
#2399 = AXIS2_PLACEMENT_3D('',#2400,#2401,#2402);
#2400 = CARTESIAN_POINT('',(-20.32,12.7,-26.1));
#2401 = DIRECTION('',(0.,0.,1.));
#2402 = DIRECTION('',(1.,0.,-0.));
#2403 = ORIENTED_EDGE('',*,*,#2404,.F.);
#2404 = EDGE_CURVE('',#2405,#2394,#2407,.T.);
#2405 = VERTEX_POINT('',#2406);
#2406 = CARTESIAN_POINT('',(-18.945,7.62,-26.1));
#2407 = LINE('',#2408,#2409);
#2408 = CARTESIAN_POINT('',(-18.945,-12.93,-26.1));
#2409 = VECTOR('',#2410,1.);
#2410 = DIRECTION('',(-0.,1.,0.));
#2411 = ORIENTED_EDGE('',*,*,#2412,.F.);
#2412 = EDGE_CURVE('',#2413,#2405,#2415,.T.);
#2413 = VERTEX_POINT('',#2414);
#2414 = CARTESIAN_POINT('',(-21.695,7.62,-26.1));
#2415 = CIRCLE('',#2416,1.375);
#2416 = AXIS2_PLACEMENT_3D('',#2417,#2418,#2419);
#2417 = CARTESIAN_POINT('',(-20.32,7.62,-26.1));
#2418 = DIRECTION('',(0.,0.,1.));
#2419 = DIRECTION('',(1.,0.,-0.));
#2420 = ORIENTED_EDGE('',*,*,#2421,.T.);
#2421 = EDGE_CURVE('',#2413,#2396,#2422,.T.);
#2422 = LINE('',#2423,#2424);
#2423 = CARTESIAN_POINT('',(-21.695,-12.93,-26.1));
#2424 = VECTOR('',#2425,1.);
#2425 = DIRECTION('',(-0.,1.,0.));
#2426 = FACE_BOUND('',#2427,.T.);
#2427 = EDGE_LOOP('',(#2428,#2439,#2447,#2456,#2465));
#2428 = ORIENTED_EDGE('',*,*,#2429,.F.);
#2429 = EDGE_CURVE('',#2430,#2432,#2434,.T.);
#2430 = VERTEX_POINT('',#2431);
#2431 = CARTESIAN_POINT('',(-30.48,29.315,-26.1));
#2432 = VERTEX_POINT('',#2433);
#2433 = CARTESIAN_POINT('',(-30.48,26.565,-26.1));
#2434 = CIRCLE('',#2435,1.375);
#2435 = AXIS2_PLACEMENT_3D('',#2436,#2437,#2438);
#2436 = CARTESIAN_POINT('',(-30.48,27.94,-26.1));
#2437 = DIRECTION('',(0.,0.,1.));
#2438 = DIRECTION('',(1.,0.,-0.));
#2439 = ORIENTED_EDGE('',*,*,#2440,.F.);
#2440 = EDGE_CURVE('',#2441,#2430,#2443,.T.);
#2441 = VERTEX_POINT('',#2442);
#2442 = CARTESIAN_POINT('',(-25.4,29.315,-26.1));
#2443 = LINE('',#2444,#2445);
#2444 = CARTESIAN_POINT('',(-35.79,29.315,-26.1));
#2445 = VECTOR('',#2446,1.);
#2446 = DIRECTION('',(-1.,-0.,0.));
#2447 = ORIENTED_EDGE('',*,*,#2448,.F.);
#2448 = EDGE_CURVE('',#2449,#2441,#2451,.T.);
#2449 = VERTEX_POINT('',#2450);
#2450 = CARTESIAN_POINT('',(-24.025,27.94,-26.1));
#2451 = CIRCLE('',#2452,1.375);
#2452 = AXIS2_PLACEMENT_3D('',#2453,#2454,#2455);
#2453 = CARTESIAN_POINT('',(-25.4,27.94,-26.1));
#2454 = DIRECTION('',(0.,0.,1.));
#2455 = DIRECTION('',(1.,0.,-0.));
#2456 = ORIENTED_EDGE('',*,*,#2457,.F.);
#2457 = EDGE_CURVE('',#2458,#2449,#2460,.T.);
#2458 = VERTEX_POINT('',#2459);
#2459 = CARTESIAN_POINT('',(-25.4,26.565,-26.1));
#2460 = CIRCLE('',#2461,1.375);
#2461 = AXIS2_PLACEMENT_3D('',#2462,#2463,#2464);
#2462 = CARTESIAN_POINT('',(-25.4,27.94,-26.1));
#2463 = DIRECTION('',(0.,0.,1.));
#2464 = DIRECTION('',(1.,0.,-0.));
#2465 = ORIENTED_EDGE('',*,*,#2466,.T.);
#2466 = EDGE_CURVE('',#2458,#2432,#2467,.T.);
#2467 = LINE('',#2468,#2469);
#2468 = CARTESIAN_POINT('',(-35.79,26.565,-26.1));
#2469 = VECTOR('',#2470,1.);
#2470 = DIRECTION('',(-1.,-0.,0.));
#2471 = FACE_BOUND('',#2472,.T.);
#2472 = EDGE_LOOP('',(#2473,#2484,#2492,#2501,#2510));
#2473 = ORIENTED_EDGE('',*,*,#2474,.F.);
#2474 = EDGE_CURVE('',#2475,#2477,#2479,.T.);
#2475 = VERTEX_POINT('',#2476);
#2476 = CARTESIAN_POINT('',(-20.32,19.155,-26.1));
#2477 = VERTEX_POINT('',#2478);
#2478 = CARTESIAN_POINT('',(-20.32,16.405,-26.1));
#2479 = CIRCLE('',#2480,1.375);
#2480 = AXIS2_PLACEMENT_3D('',#2481,#2482,#2483);
#2481 = CARTESIAN_POINT('',(-20.32,17.78,-26.1));
#2482 = DIRECTION('',(0.,0.,1.));
#2483 = DIRECTION('',(1.,0.,-0.));
#2484 = ORIENTED_EDGE('',*,*,#2485,.F.);
#2485 = EDGE_CURVE('',#2486,#2475,#2488,.T.);
#2486 = VERTEX_POINT('',#2487);
#2487 = CARTESIAN_POINT('',(-15.24,19.155,-26.1));
#2488 = LINE('',#2489,#2490);
#2489 = CARTESIAN_POINT('',(-30.71,19.155,-26.1));
#2490 = VECTOR('',#2491,1.);
#2491 = DIRECTION('',(-1.,-0.,0.));
#2492 = ORIENTED_EDGE('',*,*,#2493,.F.);
#2493 = EDGE_CURVE('',#2494,#2486,#2496,.T.);
#2494 = VERTEX_POINT('',#2495);
#2495 = CARTESIAN_POINT('',(-13.865,17.78,-26.1));
#2496 = CIRCLE('',#2497,1.375);
#2497 = AXIS2_PLACEMENT_3D('',#2498,#2499,#2500);
#2498 = CARTESIAN_POINT('',(-15.24,17.78,-26.1));
#2499 = DIRECTION('',(0.,0.,1.));
#2500 = DIRECTION('',(1.,0.,-0.));
#2501 = ORIENTED_EDGE('',*,*,#2502,.F.);
#2502 = EDGE_CURVE('',#2503,#2494,#2505,.T.);
#2503 = VERTEX_POINT('',#2504);
#2504 = CARTESIAN_POINT('',(-15.24,16.405,-26.1));
#2505 = CIRCLE('',#2506,1.375);
#2506 = AXIS2_PLACEMENT_3D('',#2507,#2508,#2509);
#2507 = CARTESIAN_POINT('',(-15.24,17.78,-26.1));
#2508 = DIRECTION('',(0.,0.,1.));
#2509 = DIRECTION('',(1.,0.,-0.));
#2510 = ORIENTED_EDGE('',*,*,#2511,.T.);
#2511 = EDGE_CURVE('',#2503,#2477,#2512,.T.);
#2512 = LINE('',#2513,#2514);
#2513 = CARTESIAN_POINT('',(-30.71,16.405,-26.1));
#2514 = VECTOR('',#2515,1.);
#2515 = DIRECTION('',(-1.,-0.,0.));
#2516 = FACE_BOUND('',#2517,.T.);
#2517 = EDGE_LOOP('',(#2518,#2529,#2537,#2546,#2555));
#2518 = ORIENTED_EDGE('',*,*,#2519,.F.);
#2519 = EDGE_CURVE('',#2520,#2522,#2524,.T.);
#2520 = VERTEX_POINT('',#2521);
#2521 = CARTESIAN_POINT('',(-5.08,19.155,-26.1));
#2522 = VERTEX_POINT('',#2523);
#2523 = CARTESIAN_POINT('',(-5.08,16.405,-26.1));
#2524 = CIRCLE('',#2525,1.375);
#2525 = AXIS2_PLACEMENT_3D('',#2526,#2527,#2528);
#2526 = CARTESIAN_POINT('',(-5.08,17.78,-26.1));
#2527 = DIRECTION('',(0.,0.,1.));
#2528 = DIRECTION('',(1.,0.,-0.));
#2529 = ORIENTED_EDGE('',*,*,#2530,.F.);
#2530 = EDGE_CURVE('',#2531,#2520,#2533,.T.);
#2531 = VERTEX_POINT('',#2532);
#2532 = CARTESIAN_POINT('',(7.105427357601E-15,19.155,-26.1));
#2533 = LINE('',#2534,#2535);
#2534 = CARTESIAN_POINT('',(-23.09,19.155,-26.1));
#2535 = VECTOR('',#2536,1.);
#2536 = DIRECTION('',(-1.,-0.,0.));
#2537 = ORIENTED_EDGE('',*,*,#2538,.F.);
#2538 = EDGE_CURVE('',#2539,#2531,#2541,.T.);
#2539 = VERTEX_POINT('',#2540);
#2540 = CARTESIAN_POINT('',(1.375,17.78,-26.1));
#2541 = CIRCLE('',#2542,1.375);
#2542 = AXIS2_PLACEMENT_3D('',#2543,#2544,#2545);
#2543 = CARTESIAN_POINT('',(7.105427357601E-15,17.78,-26.1));
#2544 = DIRECTION('',(0.,0.,1.));
#2545 = DIRECTION('',(1.,0.,-0.));
#2546 = ORIENTED_EDGE('',*,*,#2547,.F.);
#2547 = EDGE_CURVE('',#2548,#2539,#2550,.T.);
#2548 = VERTEX_POINT('',#2549);
#2549 = CARTESIAN_POINT('',(7.105427357601E-15,16.405,-26.1));
#2550 = CIRCLE('',#2551,1.375);
#2551 = AXIS2_PLACEMENT_3D('',#2552,#2553,#2554);
#2552 = CARTESIAN_POINT('',(7.105427357601E-15,17.78,-26.1));
#2553 = DIRECTION('',(0.,0.,1.));
#2554 = DIRECTION('',(1.,0.,-0.));
#2555 = ORIENTED_EDGE('',*,*,#2556,.T.);
#2556 = EDGE_CURVE('',#2548,#2522,#2557,.T.);
#2557 = LINE('',#2558,#2559);
#2558 = CARTESIAN_POINT('',(-23.09,16.405,-26.1));
#2559 = VECTOR('',#2560,1.);
#2560 = DIRECTION('',(-1.,-0.,0.));
#2561 = FACE_BOUND('',#2562,.T.);
#2562 = EDGE_LOOP('',(#2563,#2574,#2582,#2591,#2600));
#2563 = ORIENTED_EDGE('',*,*,#2564,.F.);
#2564 = EDGE_CURVE('',#2565,#2567,#2569,.T.);
#2565 = VERTEX_POINT('',#2566);
#2566 = CARTESIAN_POINT('',(7.105427357601E-15,14.075,-26.1));
#2567 = VERTEX_POINT('',#2568);
#2568 = CARTESIAN_POINT('',(7.105427357601E-15,11.325,-26.1));
#2569 = CIRCLE('',#2570,1.375);
#2570 = AXIS2_PLACEMENT_3D('',#2571,#2572,#2573);
#2571 = CARTESIAN_POINT('',(7.105427357601E-15,12.7,-26.1));
#2572 = DIRECTION('',(0.,0.,1.));
#2573 = DIRECTION('',(1.,0.,-0.));
#2574 = ORIENTED_EDGE('',*,*,#2575,.F.);
#2575 = EDGE_CURVE('',#2576,#2565,#2578,.T.);
#2576 = VERTEX_POINT('',#2577);
#2577 = CARTESIAN_POINT('',(5.08,14.075,-26.1));
#2578 = LINE('',#2579,#2580);
#2579 = CARTESIAN_POINT('',(-20.55,14.075,-26.1));
#2580 = VECTOR('',#2581,1.);
#2581 = DIRECTION('',(-1.,-0.,0.));
#2582 = ORIENTED_EDGE('',*,*,#2583,.F.);
#2583 = EDGE_CURVE('',#2584,#2576,#2586,.T.);
#2584 = VERTEX_POINT('',#2585);
#2585 = CARTESIAN_POINT('',(6.455,12.7,-26.1));
#2586 = CIRCLE('',#2587,1.375);
#2587 = AXIS2_PLACEMENT_3D('',#2588,#2589,#2590);
#2588 = CARTESIAN_POINT('',(5.08,12.7,-26.1));
#2589 = DIRECTION('',(0.,0.,1.));
#2590 = DIRECTION('',(1.,0.,-0.));
#2591 = ORIENTED_EDGE('',*,*,#2592,.F.);
#2592 = EDGE_CURVE('',#2593,#2584,#2595,.T.);
#2593 = VERTEX_POINT('',#2594);
#2594 = CARTESIAN_POINT('',(5.08,11.325,-26.1));
#2595 = CIRCLE('',#2596,1.375);
#2596 = AXIS2_PLACEMENT_3D('',#2597,#2598,#2599);
#2597 = CARTESIAN_POINT('',(5.08,12.7,-26.1));
#2598 = DIRECTION('',(0.,0.,1.));
#2599 = DIRECTION('',(1.,0.,-0.));
#2600 = ORIENTED_EDGE('',*,*,#2601,.T.);
#2601 = EDGE_CURVE('',#2593,#2567,#2602,.T.);
#2602 = LINE('',#2603,#2604);
#2603 = CARTESIAN_POINT('',(-20.55,11.325,-26.1));
#2604 = VECTOR('',#2605,1.);
#2605 = DIRECTION('',(-1.,-0.,0.));
#2606 = FACE_BOUND('',#2607,.T.);
#2607 = EDGE_LOOP('',(#2608,#2619,#2627,#2636));
#2608 = ORIENTED_EDGE('',*,*,#2609,.F.);
#2609 = EDGE_CURVE('',#2610,#2612,#2614,.T.);
#2610 = VERTEX_POINT('',#2611);
#2611 = CARTESIAN_POINT('',(11.535,12.7,-26.1));
#2612 = VERTEX_POINT('',#2613);
#2613 = CARTESIAN_POINT('',(8.785,12.7,-26.1));
#2614 = CIRCLE('',#2615,1.375);
#2615 = AXIS2_PLACEMENT_3D('',#2616,#2617,#2618);
#2616 = CARTESIAN_POINT('',(10.16,12.7,-26.1));
#2617 = DIRECTION('',(0.,0.,1.));
#2618 = DIRECTION('',(1.,0.,-0.));
#2619 = ORIENTED_EDGE('',*,*,#2620,.F.);
#2620 = EDGE_CURVE('',#2621,#2610,#2623,.T.);
#2621 = VERTEX_POINT('',#2622);
#2622 = CARTESIAN_POINT('',(11.535,7.62,-26.1));
#2623 = LINE('',#2624,#2625);
#2624 = CARTESIAN_POINT('',(11.535,-12.93,-26.1));
#2625 = VECTOR('',#2626,1.);
#2626 = DIRECTION('',(-0.,1.,0.));
#2627 = ORIENTED_EDGE('',*,*,#2628,.F.);
#2628 = EDGE_CURVE('',#2629,#2621,#2631,.T.);
#2629 = VERTEX_POINT('',#2630);
#2630 = CARTESIAN_POINT('',(8.785,7.62,-26.1));
#2631 = CIRCLE('',#2632,1.375);
#2632 = AXIS2_PLACEMENT_3D('',#2633,#2634,#2635);
#2633 = CARTESIAN_POINT('',(10.16,7.62,-26.1));
#2634 = DIRECTION('',(0.,0.,1.));
#2635 = DIRECTION('',(1.,0.,-0.));
#2636 = ORIENTED_EDGE('',*,*,#2637,.T.);
#2637 = EDGE_CURVE('',#2629,#2612,#2638,.T.);
#2638 = LINE('',#2639,#2640);
#2639 = CARTESIAN_POINT('',(8.785,-12.93,-26.1));
#2640 = VECTOR('',#2641,1.);
#2641 = DIRECTION('',(-0.,1.,0.));
#2642 = FACE_BOUND('',#2643,.T.);
#2643 = EDGE_LOOP('',(#2644,#2655,#2663,#2672));
#2644 = ORIENTED_EDGE('',*,*,#2645,.F.);
#2645 = EDGE_CURVE('',#2646,#2648,#2650,.T.);
#2646 = VERTEX_POINT('',#2647);
#2647 = CARTESIAN_POINT('',(36.935,7.62,-26.1));
#2648 = VERTEX_POINT('',#2649);
#2649 = CARTESIAN_POINT('',(34.185,7.62,-26.1));
#2650 = CIRCLE('',#2651,1.375);
#2651 = AXIS2_PLACEMENT_3D('',#2652,#2653,#2654);
#2652 = CARTESIAN_POINT('',(35.56,7.62,-26.1));
#2653 = DIRECTION('',(0.,0.,1.));
#2654 = DIRECTION('',(1.,0.,-0.));
#2655 = ORIENTED_EDGE('',*,*,#2656,.F.);
#2656 = EDGE_CURVE('',#2657,#2646,#2659,.T.);
#2657 = VERTEX_POINT('',#2658);
#2658 = CARTESIAN_POINT('',(36.935,2.54,-26.1));
#2659 = LINE('',#2660,#2661);
#2660 = CARTESIAN_POINT('',(36.935,-15.47,-26.1));
#2661 = VECTOR('',#2662,1.);
#2662 = DIRECTION('',(-0.,1.,0.));
#2663 = ORIENTED_EDGE('',*,*,#2664,.F.);
#2664 = EDGE_CURVE('',#2665,#2657,#2667,.T.);
#2665 = VERTEX_POINT('',#2666);
#2666 = CARTESIAN_POINT('',(34.185,2.54,-26.1));
#2667 = CIRCLE('',#2668,1.375);
#2668 = AXIS2_PLACEMENT_3D('',#2669,#2670,#2671);
#2669 = CARTESIAN_POINT('',(35.56,2.54,-26.1));
#2670 = DIRECTION('',(0.,0.,1.));
#2671 = DIRECTION('',(1.,0.,-0.));
#2672 = ORIENTED_EDGE('',*,*,#2673,.T.);
#2673 = EDGE_CURVE('',#2665,#2648,#2674,.T.);
#2674 = LINE('',#2675,#2676);
#2675 = CARTESIAN_POINT('',(34.185,-15.47,-26.1));
#2676 = VECTOR('',#2677,1.);
#2677 = DIRECTION('',(-0.,1.,0.));
#2678 = FACE_BOUND('',#2679,.T.);
#2679 = EDGE_LOOP('',(#2680,#2691,#2699,#2708,#2717));
#2680 = ORIENTED_EDGE('',*,*,#2681,.F.);
#2681 = EDGE_CURVE('',#2682,#2684,#2686,.T.);
#2682 = VERTEX_POINT('',#2683);
#2683 = CARTESIAN_POINT('',(25.4,3.915,-26.1));
#2684 = VERTEX_POINT('',#2685);
#2685 = CARTESIAN_POINT('',(25.4,1.165,-26.1));
#2686 = CIRCLE('',#2687,1.375);
#2687 = AXIS2_PLACEMENT_3D('',#2688,#2689,#2690);
#2688 = CARTESIAN_POINT('',(25.4,2.54,-26.1));
#2689 = DIRECTION('',(0.,0.,1.));
#2690 = DIRECTION('',(1.,0.,-0.));
#2691 = ORIENTED_EDGE('',*,*,#2692,.F.);
#2692 = EDGE_CURVE('',#2693,#2682,#2695,.T.);
#2693 = VERTEX_POINT('',#2694);
#2694 = CARTESIAN_POINT('',(30.48,3.915,-26.1));
#2695 = LINE('',#2696,#2697);
#2696 = CARTESIAN_POINT('',(-7.85,3.915,-26.1));
#2697 = VECTOR('',#2698,1.);
#2698 = DIRECTION('',(-1.,-0.,0.));
#2699 = ORIENTED_EDGE('',*,*,#2700,.F.);
#2700 = EDGE_CURVE('',#2701,#2693,#2703,.T.);
#2701 = VERTEX_POINT('',#2702);
#2702 = CARTESIAN_POINT('',(31.855,2.54,-26.1));
#2703 = CIRCLE('',#2704,1.375);
#2704 = AXIS2_PLACEMENT_3D('',#2705,#2706,#2707);
#2705 = CARTESIAN_POINT('',(30.48,2.54,-26.1));
#2706 = DIRECTION('',(0.,0.,1.));
#2707 = DIRECTION('',(1.,0.,-0.));
#2708 = ORIENTED_EDGE('',*,*,#2709,.F.);
#2709 = EDGE_CURVE('',#2710,#2701,#2712,.T.);
#2710 = VERTEX_POINT('',#2711);
#2711 = CARTESIAN_POINT('',(30.48,1.165,-26.1));
#2712 = CIRCLE('',#2713,1.375);
#2713 = AXIS2_PLACEMENT_3D('',#2714,#2715,#2716);
#2714 = CARTESIAN_POINT('',(30.48,2.54,-26.1));
#2715 = DIRECTION('',(0.,0.,1.));
#2716 = DIRECTION('',(1.,0.,-0.));
#2717 = ORIENTED_EDGE('',*,*,#2718,.T.);
#2718 = EDGE_CURVE('',#2710,#2684,#2719,.T.);
#2719 = LINE('',#2720,#2721);
#2720 = CARTESIAN_POINT('',(-7.85,1.165,-26.1));
#2721 = VECTOR('',#2722,1.);
#2722 = DIRECTION('',(-1.,-0.,0.));
#2723 = FACE_BOUND('',#2724,.T.);
#2724 = EDGE_LOOP('',(#2725,#2736,#2744,#2753));
#2725 = ORIENTED_EDGE('',*,*,#2726,.F.);
#2726 = EDGE_CURVE('',#2727,#2729,#2731,.T.);
#2727 = VERTEX_POINT('',#2728);
#2728 = CARTESIAN_POINT('',(6.455,22.86,-26.1));
#2729 = VERTEX_POINT('',#2730);
#2730 = CARTESIAN_POINT('',(3.705,22.86,-26.1));
#2731 = CIRCLE('',#2732,1.375);
#2732 = AXIS2_PLACEMENT_3D('',#2733,#2734,#2735);
#2733 = CARTESIAN_POINT('',(5.08,22.86,-26.1));
#2734 = DIRECTION('',(0.,0.,1.));
#2735 = DIRECTION('',(1.,0.,-0.));
#2736 = ORIENTED_EDGE('',*,*,#2737,.F.);
#2737 = EDGE_CURVE('',#2738,#2727,#2740,.T.);
#2738 = VERTEX_POINT('',#2739);
#2739 = CARTESIAN_POINT('',(6.455,17.78,-26.1));
#2740 = LINE('',#2741,#2742);
#2741 = CARTESIAN_POINT('',(6.455,-7.85,-26.1));
#2742 = VECTOR('',#2743,1.);
#2743 = DIRECTION('',(-0.,1.,0.));
#2744 = ORIENTED_EDGE('',*,*,#2745,.F.);
#2745 = EDGE_CURVE('',#2746,#2738,#2748,.T.);
#2746 = VERTEX_POINT('',#2747);
#2747 = CARTESIAN_POINT('',(3.705,17.78,-26.1));
#2748 = CIRCLE('',#2749,1.375);
#2749 = AXIS2_PLACEMENT_3D('',#2750,#2751,#2752);
#2750 = CARTESIAN_POINT('',(5.08,17.78,-26.1));
#2751 = DIRECTION('',(0.,0.,1.));
#2752 = DIRECTION('',(1.,0.,-0.));
#2753 = ORIENTED_EDGE('',*,*,#2754,.T.);
#2754 = EDGE_CURVE('',#2746,#2729,#2755,.T.);
#2755 = LINE('',#2756,#2757);
#2756 = CARTESIAN_POINT('',(3.705,-7.85,-26.1));
#2757 = VECTOR('',#2758,1.);
#2758 = DIRECTION('',(-0.,1.,0.));
#2759 = FACE_BOUND('',#2760,.T.);
#2760 = EDGE_LOOP('',(#2761,#2772,#2780,#2789));
#2761 = ORIENTED_EDGE('',*,*,#2762,.F.);
#2762 = EDGE_CURVE('',#2763,#2765,#2767,.T.);
#2763 = VERTEX_POINT('',#2764);
#2764 = CARTESIAN_POINT('',(-24.025,22.86,-26.1));
#2765 = VERTEX_POINT('',#2766);
#2766 = CARTESIAN_POINT('',(-26.775,22.86,-26.1));
#2767 = CIRCLE('',#2768,1.375);
#2768 = AXIS2_PLACEMENT_3D('',#2769,#2770,#2771);
#2769 = CARTESIAN_POINT('',(-25.4,22.86,-26.1));
#2770 = DIRECTION('',(0.,0.,1.));
#2771 = DIRECTION('',(1.,0.,-0.));
#2772 = ORIENTED_EDGE('',*,*,#2773,.F.);
#2773 = EDGE_CURVE('',#2774,#2763,#2776,.T.);
#2774 = VERTEX_POINT('',#2775);
#2775 = CARTESIAN_POINT('',(-24.025,17.78,-26.1));
#2776 = LINE('',#2777,#2778);
#2777 = CARTESIAN_POINT('',(-24.025,-7.85,-26.1));
#2778 = VECTOR('',#2779,1.);
#2779 = DIRECTION('',(-0.,1.,0.));
#2780 = ORIENTED_EDGE('',*,*,#2781,.F.);
#2781 = EDGE_CURVE('',#2782,#2774,#2784,.T.);
#2782 = VERTEX_POINT('',#2783);
#2783 = CARTESIAN_POINT('',(-26.775,17.78,-26.1));
#2784 = CIRCLE('',#2785,1.375);
#2785 = AXIS2_PLACEMENT_3D('',#2786,#2787,#2788);
#2786 = CARTESIAN_POINT('',(-25.4,17.78,-26.1));
#2787 = DIRECTION('',(0.,0.,1.));
#2788 = DIRECTION('',(1.,0.,-0.));
#2789 = ORIENTED_EDGE('',*,*,#2790,.T.);
#2790 = EDGE_CURVE('',#2782,#2765,#2791,.T.);
#2791 = LINE('',#2792,#2793);
#2792 = CARTESIAN_POINT('',(-26.775,-7.85,-26.1));
#2793 = VECTOR('',#2794,1.);
#2794 = DIRECTION('',(-0.,1.,0.));
#2795 = FACE_BOUND('',#2796,.T.);
#2796 = EDGE_LOOP('',(#2797,#2808,#2816,#2825,#2834));
#2797 = ORIENTED_EDGE('',*,*,#2798,.F.);
#2798 = EDGE_CURVE('',#2799,#2801,#2803,.T.);
#2799 = VERTEX_POINT('',#2800);
#2800 = CARTESIAN_POINT('',(25.4,-11.325,-26.1));
#2801 = VERTEX_POINT('',#2802);
#2802 = CARTESIAN_POINT('',(25.4,-14.075,-26.1));
#2803 = CIRCLE('',#2804,1.375);
#2804 = AXIS2_PLACEMENT_3D('',#2805,#2806,#2807);
#2805 = CARTESIAN_POINT('',(25.4,-12.7,-26.1));
#2806 = DIRECTION('',(0.,0.,1.));
#2807 = DIRECTION('',(1.,0.,-0.));
#2808 = ORIENTED_EDGE('',*,*,#2809,.F.);
#2809 = EDGE_CURVE('',#2810,#2799,#2812,.T.);
#2810 = VERTEX_POINT('',#2811);
#2811 = CARTESIAN_POINT('',(30.48,-11.325,-26.1));
#2812 = LINE('',#2813,#2814);
#2813 = CARTESIAN_POINT('',(-7.85,-11.325,-26.1));
#2814 = VECTOR('',#2815,1.);
#2815 = DIRECTION('',(-1.,-0.,0.));
#2816 = ORIENTED_EDGE('',*,*,#2817,.F.);
#2817 = EDGE_CURVE('',#2818,#2810,#2820,.T.);
#2818 = VERTEX_POINT('',#2819);
#2819 = CARTESIAN_POINT('',(31.855,-12.7,-26.1));
#2820 = CIRCLE('',#2821,1.375);
#2821 = AXIS2_PLACEMENT_3D('',#2822,#2823,#2824);
#2822 = CARTESIAN_POINT('',(30.48,-12.7,-26.1));
#2823 = DIRECTION('',(0.,0.,1.));
#2824 = DIRECTION('',(1.,0.,-0.));
#2825 = ORIENTED_EDGE('',*,*,#2826,.F.);
#2826 = EDGE_CURVE('',#2827,#2818,#2829,.T.);
#2827 = VERTEX_POINT('',#2828);
#2828 = CARTESIAN_POINT('',(30.48,-14.075,-26.1));
#2829 = CIRCLE('',#2830,1.375);
#2830 = AXIS2_PLACEMENT_3D('',#2831,#2832,#2833);
#2831 = CARTESIAN_POINT('',(30.48,-12.7,-26.1));
#2832 = DIRECTION('',(0.,0.,1.));
#2833 = DIRECTION('',(1.,0.,-0.));
#2834 = ORIENTED_EDGE('',*,*,#2835,.T.);
#2835 = EDGE_CURVE('',#2827,#2801,#2836,.T.);
#2836 = LINE('',#2837,#2838);
#2837 = CARTESIAN_POINT('',(-7.85,-14.075,-26.1));
#2838 = VECTOR('',#2839,1.);
#2839 = DIRECTION('',(-1.,-0.,0.));
#2840 = FACE_BOUND('',#2841,.T.);
#2841 = EDGE_LOOP('',(#2842,#2853,#2861,#2870,#2879));
#2842 = ORIENTED_EDGE('',*,*,#2843,.F.);
#2843 = EDGE_CURVE('',#2844,#2846,#2848,.T.);
#2844 = VERTEX_POINT('',#2845);
#2845 = CARTESIAN_POINT('',(25.4,-26.565,-26.1));
#2846 = VERTEX_POINT('',#2847);
#2847 = CARTESIAN_POINT('',(25.4,-29.315,-26.1));
#2848 = CIRCLE('',#2849,1.375);
#2849 = AXIS2_PLACEMENT_3D('',#2850,#2851,#2852);
#2850 = CARTESIAN_POINT('',(25.4,-27.94,-26.1));
#2851 = DIRECTION('',(0.,0.,1.));
#2852 = DIRECTION('',(1.,0.,-0.));
#2853 = ORIENTED_EDGE('',*,*,#2854,.F.);
#2854 = EDGE_CURVE('',#2855,#2844,#2857,.T.);
#2855 = VERTEX_POINT('',#2856);
#2856 = CARTESIAN_POINT('',(30.48,-26.565,-26.1));
#2857 = LINE('',#2858,#2859);
#2858 = CARTESIAN_POINT('',(-7.85,-26.565,-26.1));
#2859 = VECTOR('',#2860,1.);
#2860 = DIRECTION('',(-1.,-0.,0.));
#2861 = ORIENTED_EDGE('',*,*,#2862,.F.);
#2862 = EDGE_CURVE('',#2863,#2855,#2865,.T.);
#2863 = VERTEX_POINT('',#2864);
#2864 = CARTESIAN_POINT('',(31.855,-27.94,-26.1));
#2865 = CIRCLE('',#2866,1.375);
#2866 = AXIS2_PLACEMENT_3D('',#2867,#2868,#2869);
#2867 = CARTESIAN_POINT('',(30.48,-27.94,-26.1));
#2868 = DIRECTION('',(0.,0.,1.));
#2869 = DIRECTION('',(1.,0.,-0.));
#2870 = ORIENTED_EDGE('',*,*,#2871,.F.);
#2871 = EDGE_CURVE('',#2872,#2863,#2874,.T.);
#2872 = VERTEX_POINT('',#2873);
#2873 = CARTESIAN_POINT('',(30.48,-29.315,-26.1));
#2874 = CIRCLE('',#2875,1.375);
#2875 = AXIS2_PLACEMENT_3D('',#2876,#2877,#2878);
#2876 = CARTESIAN_POINT('',(30.48,-27.94,-26.1));
#2877 = DIRECTION('',(0.,0.,1.));
#2878 = DIRECTION('',(1.,0.,-0.));
#2879 = ORIENTED_EDGE('',*,*,#2880,.T.);
#2880 = EDGE_CURVE('',#2872,#2846,#2881,.T.);
#2881 = LINE('',#2882,#2883);
#2882 = CARTESIAN_POINT('',(-7.85,-29.315,-26.1));
#2883 = VECTOR('',#2884,1.);
#2884 = DIRECTION('',(-1.,-0.,0.));
#2885 = FACE_BOUND('',#2886,.T.);
#2886 = EDGE_LOOP('',(#2887,#2898,#2906,#2915));
#2887 = ORIENTED_EDGE('',*,*,#2888,.F.);
#2888 = EDGE_CURVE('',#2889,#2891,#2893,.T.);
#2889 = VERTEX_POINT('',#2890);
#2890 = CARTESIAN_POINT('',(-8.785,22.86,-26.1));
#2891 = VERTEX_POINT('',#2892);
#2892 = CARTESIAN_POINT('',(-11.535,22.86,-26.1));
#2893 = CIRCLE('',#2894,1.375);
#2894 = AXIS2_PLACEMENT_3D('',#2895,#2896,#2897);
#2895 = CARTESIAN_POINT('',(-10.16,22.86,-26.1));
#2896 = DIRECTION('',(0.,0.,1.));
#2897 = DIRECTION('',(1.,0.,-0.));
#2898 = ORIENTED_EDGE('',*,*,#2899,.F.);
#2899 = EDGE_CURVE('',#2900,#2889,#2902,.T.);
#2900 = VERTEX_POINT('',#2901);
#2901 = CARTESIAN_POINT('',(-8.785,17.78,-26.1));
#2902 = LINE('',#2903,#2904);
#2903 = CARTESIAN_POINT('',(-8.785,-7.85,-26.1));
#2904 = VECTOR('',#2905,1.);
#2905 = DIRECTION('',(-0.,1.,0.));
#2906 = ORIENTED_EDGE('',*,*,#2907,.F.);
#2907 = EDGE_CURVE('',#2908,#2900,#2910,.T.);
#2908 = VERTEX_POINT('',#2909);
#2909 = CARTESIAN_POINT('',(-11.535,17.78,-26.1));
#2910 = CIRCLE('',#2911,1.375);
#2911 = AXIS2_PLACEMENT_3D('',#2912,#2913,#2914);
#2912 = CARTESIAN_POINT('',(-10.16,17.78,-26.1));
#2913 = DIRECTION('',(0.,0.,1.));
#2914 = DIRECTION('',(1.,0.,-0.));
#2915 = ORIENTED_EDGE('',*,*,#2916,.T.);
#2916 = EDGE_CURVE('',#2908,#2891,#2917,.T.);
#2917 = LINE('',#2918,#2919);
#2918 = CARTESIAN_POINT('',(-11.535,-7.85,-26.1));
#2919 = VECTOR('',#2920,1.);
#2920 = DIRECTION('',(-0.,1.,0.));
#2921 = FACE_BOUND('',#2922,.T.);
#2922 = EDGE_LOOP('',(#2923,#2934,#2942,#2951));
#2923 = ORIENTED_EDGE('',*,*,#2924,.F.);
#2924 = EDGE_CURVE('',#2925,#2927,#2929,.T.);
#2925 = VERTEX_POINT('',#2926);
#2926 = CARTESIAN_POINT('',(21.695,22.86,-26.1));
#2927 = VERTEX_POINT('',#2928);
#2928 = CARTESIAN_POINT('',(18.945,22.86,-26.1));
#2929 = CIRCLE('',#2930,1.375);
#2930 = AXIS2_PLACEMENT_3D('',#2931,#2932,#2933);
#2931 = CARTESIAN_POINT('',(20.32,22.86,-26.1));
#2932 = DIRECTION('',(0.,0.,1.));
#2933 = DIRECTION('',(1.,0.,-0.));
#2934 = ORIENTED_EDGE('',*,*,#2935,.F.);
#2935 = EDGE_CURVE('',#2936,#2925,#2938,.T.);
#2936 = VERTEX_POINT('',#2937);
#2937 = CARTESIAN_POINT('',(21.695,17.78,-26.1));
#2938 = LINE('',#2939,#2940);
#2939 = CARTESIAN_POINT('',(21.695,-7.85,-26.1));
#2940 = VECTOR('',#2941,1.);
#2941 = DIRECTION('',(-0.,1.,0.));
#2942 = ORIENTED_EDGE('',*,*,#2943,.F.);
#2943 = EDGE_CURVE('',#2944,#2936,#2946,.T.);
#2944 = VERTEX_POINT('',#2945);
#2945 = CARTESIAN_POINT('',(18.945,17.78,-26.1));
#2946 = CIRCLE('',#2947,1.375);
#2947 = AXIS2_PLACEMENT_3D('',#2948,#2949,#2950);
#2948 = CARTESIAN_POINT('',(20.32,17.78,-26.1));
#2949 = DIRECTION('',(0.,0.,1.));
#2950 = DIRECTION('',(1.,0.,-0.));
#2951 = ORIENTED_EDGE('',*,*,#2952,.T.);
#2952 = EDGE_CURVE('',#2944,#2927,#2953,.T.);
#2953 = LINE('',#2954,#2955);
#2954 = CARTESIAN_POINT('',(18.945,-7.85,-26.1));
#2955 = VECTOR('',#2956,1.);
#2956 = DIRECTION('',(-0.,1.,0.));
#2957 = FACE_BOUND('',#2958,.T.);
#2958 = EDGE_LOOP('',(#2959,#2970,#2978,#2987,#2996));
#2959 = ORIENTED_EDGE('',*,*,#2960,.F.);
#2960 = EDGE_CURVE('',#2961,#2963,#2965,.T.);
#2961 = VERTEX_POINT('',#2962);
#2962 = CARTESIAN_POINT('',(25.4,19.155,-26.1));
#2963 = VERTEX_POINT('',#2964);
#2964 = CARTESIAN_POINT('',(25.4,16.405,-26.1));
#2965 = CIRCLE('',#2966,1.375);
#2966 = AXIS2_PLACEMENT_3D('',#2967,#2968,#2969);
#2967 = CARTESIAN_POINT('',(25.4,17.78,-26.1));
#2968 = DIRECTION('',(0.,0.,1.));
#2969 = DIRECTION('',(1.,0.,-0.));
#2970 = ORIENTED_EDGE('',*,*,#2971,.F.);
#2971 = EDGE_CURVE('',#2972,#2961,#2974,.T.);
#2972 = VERTEX_POINT('',#2973);
#2973 = CARTESIAN_POINT('',(30.48,19.155,-26.1));
#2974 = LINE('',#2975,#2976);
#2975 = CARTESIAN_POINT('',(-7.85,19.155,-26.1));
#2976 = VECTOR('',#2977,1.);
#2977 = DIRECTION('',(-1.,-0.,0.));
#2978 = ORIENTED_EDGE('',*,*,#2979,.F.);
#2979 = EDGE_CURVE('',#2980,#2972,#2982,.T.);
#2980 = VERTEX_POINT('',#2981);
#2981 = CARTESIAN_POINT('',(31.855,17.78,-26.1));
#2982 = CIRCLE('',#2983,1.375);
#2983 = AXIS2_PLACEMENT_3D('',#2984,#2985,#2986);
#2984 = CARTESIAN_POINT('',(30.48,17.78,-26.1));
#2985 = DIRECTION('',(0.,0.,1.));
#2986 = DIRECTION('',(1.,0.,-0.));
#2987 = ORIENTED_EDGE('',*,*,#2988,.F.);
#2988 = EDGE_CURVE('',#2989,#2980,#2991,.T.);
#2989 = VERTEX_POINT('',#2990);
#2990 = CARTESIAN_POINT('',(30.48,16.405,-26.1));
#2991 = CIRCLE('',#2992,1.375);
#2992 = AXIS2_PLACEMENT_3D('',#2993,#2994,#2995);
#2993 = CARTESIAN_POINT('',(30.48,17.78,-26.1));
#2994 = DIRECTION('',(0.,0.,1.));
#2995 = DIRECTION('',(1.,0.,-0.));
#2996 = ORIENTED_EDGE('',*,*,#2997,.T.);
#2997 = EDGE_CURVE('',#2989,#2963,#2998,.T.);
#2998 = LINE('',#2999,#3000);
#2999 = CARTESIAN_POINT('',(-7.85,16.405,-26.1));
#3000 = VECTOR('',#3001,1.);
#3001 = DIRECTION('',(-1.,-0.,0.));
#3002 = FACE_BOUND('',#3003,.T.);
#3003 = EDGE_LOOP('',(#3004,#3015,#3023,#3032));
#3004 = ORIENTED_EDGE('',*,*,#3005,.F.);
#3005 = EDGE_CURVE('',#3006,#3008,#3010,.T.);
#3006 = VERTEX_POINT('',#3007);
#3007 = CARTESIAN_POINT('',(36.935,22.86,-26.1));
#3008 = VERTEX_POINT('',#3009);
#3009 = CARTESIAN_POINT('',(34.185,22.86,-26.1));
#3010 = CIRCLE('',#3011,1.375);
#3011 = AXIS2_PLACEMENT_3D('',#3012,#3013,#3014);
#3012 = CARTESIAN_POINT('',(35.56,22.86,-26.1));
#3013 = DIRECTION('',(0.,0.,1.));
#3014 = DIRECTION('',(1.,0.,-0.));
#3015 = ORIENTED_EDGE('',*,*,#3016,.F.);
#3016 = EDGE_CURVE('',#3017,#3006,#3019,.T.);
#3017 = VERTEX_POINT('',#3018);
#3018 = CARTESIAN_POINT('',(36.935,17.78,-26.1));
#3019 = LINE('',#3020,#3021);
#3020 = CARTESIAN_POINT('',(36.935,-7.85,-26.1));
#3021 = VECTOR('',#3022,1.);
#3022 = DIRECTION('',(-0.,1.,0.));
#3023 = ORIENTED_EDGE('',*,*,#3024,.F.);
#3024 = EDGE_CURVE('',#3025,#3017,#3027,.T.);
#3025 = VERTEX_POINT('',#3026);
#3026 = CARTESIAN_POINT('',(34.185,17.78,-26.1));
#3027 = CIRCLE('',#3028,1.375);
#3028 = AXIS2_PLACEMENT_3D('',#3029,#3030,#3031);
#3029 = CARTESIAN_POINT('',(35.56,17.78,-26.1));
#3030 = DIRECTION('',(0.,0.,1.));
#3031 = DIRECTION('',(1.,0.,-0.));
#3032 = ORIENTED_EDGE('',*,*,#3033,.T.);
#3033 = EDGE_CURVE('',#3025,#3008,#3034,.T.);
#3034 = LINE('',#3035,#3036);
#3035 = CARTESIAN_POINT('',(34.185,-7.85,-26.1));
#3036 = VECTOR('',#3037,1.);
#3037 = DIRECTION('',(-0.,1.,0.));
#3038 = FACE_BOUND('',#3039,.T.);
#3039 = EDGE_LOOP('',(#3040,#3051,#3059,#3067,#3075,#3084));
#3040 = ORIENTED_EDGE('',*,*,#3041,.F.);
#3041 = EDGE_CURVE('',#3042,#3044,#3046,.T.);
#3042 = VERTEX_POINT('',#3043);
#3043 = CARTESIAN_POINT('',(21.,1.344916320921,-26.1));
#3044 = VERTEX_POINT('',#3045);
#3045 = CARTESIAN_POINT('',(21.695,2.54,-26.1));
#3046 = CIRCLE('',#3047,1.375);
#3047 = AXIS2_PLACEMENT_3D('',#3048,#3049,#3050);
#3048 = CARTESIAN_POINT('',(20.32,2.54,-26.1));
#3049 = DIRECTION('',(0.,0.,1.));
#3050 = DIRECTION('',(1.,0.,-0.));
#3051 = ORIENTED_EDGE('',*,*,#3052,.T.);
#3052 = EDGE_CURVE('',#3042,#3053,#3055,.T.);
#3053 = VERTEX_POINT('',#3054);
#3054 = CARTESIAN_POINT('',(21.,4.6,-26.1));
#3055 = LINE('',#3056,#3057);
#3056 = CARTESIAN_POINT('',(21.,-4.6,-26.1));
#3057 = VECTOR('',#3058,1.);
#3058 = DIRECTION('',(-0.,1.,0.));
#3059 = ORIENTED_EDGE('',*,*,#3060,.F.);
#3060 = EDGE_CURVE('',#3061,#3053,#3063,.T.);
#3061 = VERTEX_POINT('',#3062);
#3062 = CARTESIAN_POINT('',(18.945,4.6,-26.1));
#3063 = LINE('',#3064,#3065);
#3064 = CARTESIAN_POINT('',(-21.,4.6,-26.1));
#3065 = VECTOR('',#3066,1.);
#3066 = DIRECTION('',(1.,0.,-0.));
#3067 = ORIENTED_EDGE('',*,*,#3068,.T.);
#3068 = EDGE_CURVE('',#3061,#3069,#3071,.T.);
#3069 = VERTEX_POINT('',#3070);
#3070 = CARTESIAN_POINT('',(18.945,7.62,-26.1));
#3071 = LINE('',#3072,#3073);
#3072 = CARTESIAN_POINT('',(18.945,-15.47,-26.1));
#3073 = VECTOR('',#3074,1.);
#3074 = DIRECTION('',(-0.,1.,0.));
#3075 = ORIENTED_EDGE('',*,*,#3076,.F.);
#3076 = EDGE_CURVE('',#3077,#3069,#3079,.T.);
#3077 = VERTEX_POINT('',#3078);
#3078 = CARTESIAN_POINT('',(21.695,7.62,-26.1));
#3079 = CIRCLE('',#3080,1.375);
#3080 = AXIS2_PLACEMENT_3D('',#3081,#3082,#3083);
#3081 = CARTESIAN_POINT('',(20.32,7.62,-26.1));
#3082 = DIRECTION('',(0.,0.,1.));
#3083 = DIRECTION('',(1.,0.,-0.));
#3084 = ORIENTED_EDGE('',*,*,#3085,.F.);
#3085 = EDGE_CURVE('',#3044,#3077,#3086,.T.);
#3086 = LINE('',#3087,#3088);
#3087 = CARTESIAN_POINT('',(21.695,-15.47,-26.1));
#3088 = VECTOR('',#3089,1.);
#3089 = DIRECTION('',(-0.,1.,0.));
#3090 = FACE_BOUND('',#3091,.T.);
#3091 = EDGE_LOOP('',(#3092,#3103,#3111,#3119,#3127,#3136));
#3092 = ORIENTED_EDGE('',*,*,#3093,.F.);
#3093 = EDGE_CURVE('',#3094,#3096,#3098,.T.);
#3094 = VERTEX_POINT('',#3095);
#3095 = CARTESIAN_POINT('',(-21.,-1.344916320921,-26.1));
#3096 = VERTEX_POINT('',#3097);
#3097 = CARTESIAN_POINT('',(-21.695,-2.54,-26.1));
#3098 = CIRCLE('',#3099,1.375);
#3099 = AXIS2_PLACEMENT_3D('',#3100,#3101,#3102);
#3100 = CARTESIAN_POINT('',(-20.32,-2.54,-26.1));
#3101 = DIRECTION('',(0.,0.,1.));
#3102 = DIRECTION('',(1.,0.,-0.));
#3103 = ORIENTED_EDGE('',*,*,#3104,.F.);
#3104 = EDGE_CURVE('',#3105,#3094,#3107,.T.);
#3105 = VERTEX_POINT('',#3106);
#3106 = CARTESIAN_POINT('',(-21.,-4.6,-26.1));
#3107 = LINE('',#3108,#3109);
#3108 = CARTESIAN_POINT('',(-21.,-4.6,-26.1));
#3109 = VECTOR('',#3110,1.);
#3110 = DIRECTION('',(-0.,1.,0.));
#3111 = ORIENTED_EDGE('',*,*,#3112,.T.);
#3112 = EDGE_CURVE('',#3105,#3113,#3115,.T.);
#3113 = VERTEX_POINT('',#3114);
#3114 = CARTESIAN_POINT('',(-18.945,-4.6,-26.1));
#3115 = LINE('',#3116,#3117);
#3116 = CARTESIAN_POINT('',(-21.,-4.6,-26.1));
#3117 = VECTOR('',#3118,1.);
#3118 = DIRECTION('',(1.,0.,-0.));
#3119 = ORIENTED_EDGE('',*,*,#3120,.F.);
#3120 = EDGE_CURVE('',#3121,#3113,#3123,.T.);
#3121 = VERTEX_POINT('',#3122);
#3122 = CARTESIAN_POINT('',(-18.945,-7.62,-26.1));
#3123 = LINE('',#3124,#3125);
#3124 = CARTESIAN_POINT('',(-18.945,-20.55,-26.1));
#3125 = VECTOR('',#3126,1.);
#3126 = DIRECTION('',(-0.,1.,0.));
#3127 = ORIENTED_EDGE('',*,*,#3128,.F.);
#3128 = EDGE_CURVE('',#3129,#3121,#3131,.T.);
#3129 = VERTEX_POINT('',#3130);
#3130 = CARTESIAN_POINT('',(-21.695,-7.62,-26.1));
#3131 = CIRCLE('',#3132,1.375);
#3132 = AXIS2_PLACEMENT_3D('',#3133,#3134,#3135);
#3133 = CARTESIAN_POINT('',(-20.32,-7.62,-26.1));
#3134 = DIRECTION('',(0.,0.,1.));
#3135 = DIRECTION('',(1.,0.,-0.));
#3136 = ORIENTED_EDGE('',*,*,#3137,.T.);
#3137 = EDGE_CURVE('',#3129,#3096,#3138,.T.);
#3138 = LINE('',#3139,#3140);
#3139 = CARTESIAN_POINT('',(-21.695,-20.55,-26.1));
#3140 = VECTOR('',#3141,1.);
#3141 = DIRECTION('',(-0.,1.,0.));
#3142 = FACE_BOUND('',#3143,.T.);
#3143 = EDGE_LOOP('',(#3144,#3154,#3162,#3170));
#3144 = ORIENTED_EDGE('',*,*,#3145,.T.);
#3145 = EDGE_CURVE('',#3146,#3148,#3150,.T.);
#3146 = VERTEX_POINT('',#3147);
#3147 = CARTESIAN_POINT('',(8.785,-7.62,-26.1));
#3148 = VERTEX_POINT('',#3149);
#3149 = CARTESIAN_POINT('',(8.785,-4.6,-26.1));
#3150 = LINE('',#3151,#3152);
#3151 = CARTESIAN_POINT('',(8.785,-20.55,-26.1));
#3152 = VECTOR('',#3153,1.);
#3153 = DIRECTION('',(-0.,1.,0.));
#3154 = ORIENTED_EDGE('',*,*,#3155,.T.);
#3155 = EDGE_CURVE('',#3148,#3156,#3158,.T.);
#3156 = VERTEX_POINT('',#3157);
#3157 = CARTESIAN_POINT('',(11.535,-4.6,-26.1));
#3158 = LINE('',#3159,#3160);
#3159 = CARTESIAN_POINT('',(-21.,-4.6,-26.1));
#3160 = VECTOR('',#3161,1.);
#3161 = DIRECTION('',(1.,0.,-0.));
#3162 = ORIENTED_EDGE('',*,*,#3163,.F.);
#3163 = EDGE_CURVE('',#3164,#3156,#3166,.T.);
#3164 = VERTEX_POINT('',#3165);
#3165 = CARTESIAN_POINT('',(11.535,-7.62,-26.1));
#3166 = LINE('',#3167,#3168);
#3167 = CARTESIAN_POINT('',(11.535,-20.55,-26.1));
#3168 = VECTOR('',#3169,1.);
#3169 = DIRECTION('',(-0.,1.,0.));
#3170 = ORIENTED_EDGE('',*,*,#3171,.F.);
#3171 = EDGE_CURVE('',#3146,#3164,#3172,.T.);
#3172 = CIRCLE('',#3173,1.375);
#3173 = AXIS2_PLACEMENT_3D('',#3174,#3175,#3176);
#3174 = CARTESIAN_POINT('',(10.16,-7.62,-26.1));
#3175 = DIRECTION('',(0.,0.,1.));
#3176 = DIRECTION('',(1.,0.,-0.));
#3177 = FACE_BOUND('',#3178,.T.);
#3178 = EDGE_LOOP('',(#3179,#3189,#3197,#3205));
#3179 = ORIENTED_EDGE('',*,*,#3180,.T.);
#3180 = EDGE_CURVE('',#3181,#3183,#3185,.T.);
#3181 = VERTEX_POINT('',#3182);
#3182 = CARTESIAN_POINT('',(-6.455,-7.62,-26.1));
#3183 = VERTEX_POINT('',#3184);
#3184 = CARTESIAN_POINT('',(-6.455,-4.6,-26.1));
#3185 = LINE('',#3186,#3187);
#3186 = CARTESIAN_POINT('',(-6.455,-20.55,-26.1));
#3187 = VECTOR('',#3188,1.);
#3188 = DIRECTION('',(-0.,1.,0.));
#3189 = ORIENTED_EDGE('',*,*,#3190,.T.);
#3190 = EDGE_CURVE('',#3183,#3191,#3193,.T.);
#3191 = VERTEX_POINT('',#3192);
#3192 = CARTESIAN_POINT('',(-3.705,-4.6,-26.1));
#3193 = LINE('',#3194,#3195);
#3194 = CARTESIAN_POINT('',(-21.,-4.6,-26.1));
#3195 = VECTOR('',#3196,1.);
#3196 = DIRECTION('',(1.,0.,-0.));
#3197 = ORIENTED_EDGE('',*,*,#3198,.F.);
#3198 = EDGE_CURVE('',#3199,#3191,#3201,.T.);
#3199 = VERTEX_POINT('',#3200);
#3200 = CARTESIAN_POINT('',(-3.705,-7.62,-26.1));
#3201 = LINE('',#3202,#3203);
#3202 = CARTESIAN_POINT('',(-3.705,-20.55,-26.1));
#3203 = VECTOR('',#3204,1.);
#3204 = DIRECTION('',(-0.,1.,0.));
#3205 = ORIENTED_EDGE('',*,*,#3206,.F.);
#3206 = EDGE_CURVE('',#3181,#3199,#3207,.T.);
#3207 = CIRCLE('',#3208,1.375);
#3208 = AXIS2_PLACEMENT_3D('',#3209,#3210,#3211);
#3209 = CARTESIAN_POINT('',(-5.08,-7.62,-26.1));
#3210 = DIRECTION('',(0.,0.,1.));
#3211 = DIRECTION('',(1.,0.,-0.));
#3212 = FACE_BOUND('',#3213,.T.);
#3213 = EDGE_LOOP('',(#3214,#3224,#3232,#3240));
#3214 = ORIENTED_EDGE('',*,*,#3215,.F.);
#3215 = EDGE_CURVE('',#3216,#3218,#3220,.T.);
#3216 = VERTEX_POINT('',#3217);
#3217 = CARTESIAN_POINT('',(6.455,4.6,-26.1));
#3218 = VERTEX_POINT('',#3219);
#3219 = CARTESIAN_POINT('',(6.455,7.62,-26.1));
#3220 = LINE('',#3221,#3222);
#3221 = CARTESIAN_POINT('',(6.455,-15.47,-26.1));
#3222 = VECTOR('',#3223,1.);
#3223 = DIRECTION('',(-0.,1.,0.));
#3224 = ORIENTED_EDGE('',*,*,#3225,.F.);
#3225 = EDGE_CURVE('',#3226,#3216,#3228,.T.);
#3226 = VERTEX_POINT('',#3227);
#3227 = CARTESIAN_POINT('',(3.705,4.6,-26.1));
#3228 = LINE('',#3229,#3230);
#3229 = CARTESIAN_POINT('',(-21.,4.6,-26.1));
#3230 = VECTOR('',#3231,1.);
#3231 = DIRECTION('',(1.,0.,-0.));
#3232 = ORIENTED_EDGE('',*,*,#3233,.T.);
#3233 = EDGE_CURVE('',#3226,#3234,#3236,.T.);
#3234 = VERTEX_POINT('',#3235);
#3235 = CARTESIAN_POINT('',(3.705,7.62,-26.1));
#3236 = LINE('',#3237,#3238);
#3237 = CARTESIAN_POINT('',(3.705,-15.47,-26.1));
#3238 = VECTOR('',#3239,1.);
#3239 = DIRECTION('',(-0.,1.,0.));
#3240 = ORIENTED_EDGE('',*,*,#3241,.F.);
#3241 = EDGE_CURVE('',#3218,#3234,#3242,.T.);
#3242 = CIRCLE('',#3243,1.375);
#3243 = AXIS2_PLACEMENT_3D('',#3244,#3245,#3246);
#3244 = CARTESIAN_POINT('',(5.08,7.62,-26.1));
#3245 = DIRECTION('',(0.,0.,1.));
#3246 = DIRECTION('',(1.,0.,-0.));
#3247 = FACE_BOUND('',#3248,.T.);
#3248 = EDGE_LOOP('',(#3249,#3259,#3267,#3275));
#3249 = ORIENTED_EDGE('',*,*,#3250,.F.);
#3250 = EDGE_CURVE('',#3251,#3253,#3255,.T.);
#3251 = VERTEX_POINT('',#3252);
#3252 = CARTESIAN_POINT('',(-8.785,4.6,-26.1));
#3253 = VERTEX_POINT('',#3254);
#3254 = CARTESIAN_POINT('',(-8.785,7.62,-26.1));
#3255 = LINE('',#3256,#3257);
#3256 = CARTESIAN_POINT('',(-8.785,-15.47,-26.1));
#3257 = VECTOR('',#3258,1.);
#3258 = DIRECTION('',(-0.,1.,0.));
#3259 = ORIENTED_EDGE('',*,*,#3260,.F.);
#3260 = EDGE_CURVE('',#3261,#3251,#3263,.T.);
#3261 = VERTEX_POINT('',#3262);
#3262 = CARTESIAN_POINT('',(-11.535,4.6,-26.1));
#3263 = LINE('',#3264,#3265);
#3264 = CARTESIAN_POINT('',(-21.,4.6,-26.1));
#3265 = VECTOR('',#3266,1.);
#3266 = DIRECTION('',(1.,0.,-0.));
#3267 = ORIENTED_EDGE('',*,*,#3268,.T.);
#3268 = EDGE_CURVE('',#3261,#3269,#3271,.T.);
#3269 = VERTEX_POINT('',#3270);
#3270 = CARTESIAN_POINT('',(-11.535,7.62,-26.1));
#3271 = LINE('',#3272,#3273);
#3272 = CARTESIAN_POINT('',(-11.535,-15.47,-26.1));
#3273 = VECTOR('',#3274,1.);
#3274 = DIRECTION('',(-0.,1.,0.));
#3275 = ORIENTED_EDGE('',*,*,#3276,.F.);
#3276 = EDGE_CURVE('',#3253,#3269,#3277,.T.);
#3277 = CIRCLE('',#3278,1.375);
#3278 = AXIS2_PLACEMENT_3D('',#3279,#3280,#3281);
#3279 = CARTESIAN_POINT('',(-10.16,7.62,-26.1));
#3280 = DIRECTION('',(0.,0.,1.));
#3281 = DIRECTION('',(1.,0.,-0.));
#3282 = FACE_BOUND('',#3283,.T.);
#3283 = EDGE_LOOP('',(#3284,#3295,#3304,#3313,#3322));
#3284 = ORIENTED_EDGE('',*,*,#3285,.F.);
#3285 = EDGE_CURVE('',#3286,#3288,#3290,.T.);
#3286 = VERTEX_POINT('',#3287);
#3287 = CARTESIAN_POINT('',(15.23805160779,-1.165001380449,-26.1));
#3288 = VERTEX_POINT('',#3289);
#3289 = CARTESIAN_POINT('',(15.7,-4.163799117101E-16,-26.1));
#3290 = CIRCLE('',#3291,1.7);
#3291 = AXIS2_PLACEMENT_3D('',#3292,#3293,#3294);
#3292 = CARTESIAN_POINT('',(14.,0.,-26.1));
#3293 = DIRECTION('',(0.,0.,1.));
#3294 = DIRECTION('',(1.,0.,-0.));
#3295 = ORIENTED_EDGE('',*,*,#3296,.F.);
#3296 = EDGE_CURVE('',#3297,#3286,#3299,.T.);
#3297 = VERTEX_POINT('',#3298);
#3298 = CARTESIAN_POINT('',(14.157060919121,-1.692729118224,-26.1));
#3299 = CIRCLE('',#3300,1.7);
#3300 = AXIS2_PLACEMENT_3D('',#3301,#3302,#3303);
#3301 = CARTESIAN_POINT('',(14.,0.,-26.1));
#3302 = DIRECTION('',(0.,0.,1.));
#3303 = DIRECTION('',(1.,0.,-0.));
#3304 = ORIENTED_EDGE('',*,*,#3305,.F.);
#3305 = EDGE_CURVE('',#3306,#3297,#3308,.T.);
#3306 = VERTEX_POINT('',#3307);
#3307 = CARTESIAN_POINT('',(12.761947093215,1.165,-26.1));
#3308 = CIRCLE('',#3309,1.7);
#3309 = AXIS2_PLACEMENT_3D('',#3310,#3311,#3312);
#3310 = CARTESIAN_POINT('',(14.,0.,-26.1));
#3311 = DIRECTION('',(0.,0.,1.));
#3312 = DIRECTION('',(1.,0.,-0.));
#3313 = ORIENTED_EDGE('',*,*,#3314,.F.);
#3314 = EDGE_CURVE('',#3315,#3306,#3317,.T.);
#3315 = VERTEX_POINT('',#3316);
#3316 = CARTESIAN_POINT('',(15.238052906785,1.165,-26.1));
#3317 = CIRCLE('',#3318,1.7);
#3318 = AXIS2_PLACEMENT_3D('',#3319,#3320,#3321);
#3319 = CARTESIAN_POINT('',(14.,0.,-26.1));
#3320 = DIRECTION('',(0.,0.,1.));
#3321 = DIRECTION('',(1.,0.,-0.));
#3322 = ORIENTED_EDGE('',*,*,#3323,.F.);
#3323 = EDGE_CURVE('',#3288,#3315,#3324,.T.);
#3324 = CIRCLE('',#3325,1.7);
#3325 = AXIS2_PLACEMENT_3D('',#3326,#3327,#3328);
#3326 = CARTESIAN_POINT('',(14.,0.,-26.1));
#3327 = DIRECTION('',(0.,0.,1.));
#3328 = DIRECTION('',(1.,0.,-0.));
#3329 = FACE_BOUND('',#3330,.T.);
#3330 = EDGE_LOOP('',(#3331,#3342,#3351,#3360,#3369));
#3331 = ORIENTED_EDGE('',*,*,#3332,.F.);
#3332 = EDGE_CURVE('',#3333,#3335,#3337,.T.);
#3333 = VERTEX_POINT('',#3334);
#3334 = CARTESIAN_POINT('',(-15.23805160779,1.165001380449,-26.1));
#3335 = VERTEX_POINT('',#3336);
#3336 = CARTESIAN_POINT('',(-15.23805290678,-1.165,-26.1));
#3337 = CIRCLE('',#3338,1.7);
#3338 = AXIS2_PLACEMENT_3D('',#3339,#3340,#3341);
#3339 = CARTESIAN_POINT('',(-14.,0.,-26.1));
#3340 = DIRECTION('',(0.,0.,1.));
#3341 = DIRECTION('',(1.,0.,-0.));
#3342 = ORIENTED_EDGE('',*,*,#3343,.F.);
#3343 = EDGE_CURVE('',#3344,#3333,#3346,.T.);
#3344 = VERTEX_POINT('',#3345);
#3345 = CARTESIAN_POINT('',(-14.15706091912,1.692729118224,-26.1));
#3346 = CIRCLE('',#3347,1.7);
#3347 = AXIS2_PLACEMENT_3D('',#3348,#3349,#3350);
#3348 = CARTESIAN_POINT('',(-14.,0.,-26.1));
#3349 = DIRECTION('',(0.,0.,1.));
#3350 = DIRECTION('',(1.,0.,-0.));
#3351 = ORIENTED_EDGE('',*,*,#3352,.F.);
#3352 = EDGE_CURVE('',#3353,#3344,#3355,.T.);
#3353 = VERTEX_POINT('',#3354);
#3354 = CARTESIAN_POINT('',(-12.3,-4.163799117101E-16,-26.1));
#3355 = CIRCLE('',#3356,1.7);
#3356 = AXIS2_PLACEMENT_3D('',#3357,#3358,#3359);
#3357 = CARTESIAN_POINT('',(-14.,0.,-26.1));
#3358 = DIRECTION('',(0.,0.,1.));
#3359 = DIRECTION('',(1.,0.,-0.));
#3360 = ORIENTED_EDGE('',*,*,#3361,.F.);
#3361 = EDGE_CURVE('',#3362,#3353,#3364,.T.);
#3362 = VERTEX_POINT('',#3363);
#3363 = CARTESIAN_POINT('',(-12.76194709321,-1.165,-26.1));
#3364 = CIRCLE('',#3365,1.7);
#3365 = AXIS2_PLACEMENT_3D('',#3366,#3367,#3368);
#3366 = CARTESIAN_POINT('',(-14.,0.,-26.1));
#3367 = DIRECTION('',(0.,0.,1.));
#3368 = DIRECTION('',(1.,0.,-0.));
#3369 = ORIENTED_EDGE('',*,*,#3370,.F.);
#3370 = EDGE_CURVE('',#3335,#3362,#3371,.T.);
#3371 = CIRCLE('',#3372,1.7);
#3372 = AXIS2_PLACEMENT_3D('',#3373,#3374,#3375);
#3373 = CARTESIAN_POINT('',(-14.,0.,-26.1));
#3374 = DIRECTION('',(0.,0.,1.));
#3375 = DIRECTION('',(1.,0.,-0.));
#3376 = FACE_BOUND('',#3377,.T.);
#3377 = EDGE_LOOP('',(#3378));
#3378 = ORIENTED_EDGE('',*,*,#3379,.F.);
#3379 = EDGE_CURVE('',#3380,#3380,#3382,.T.);
#3380 = VERTEX_POINT('',#3381);
#3381 = CARTESIAN_POINT('',(16.615,7.62,-26.1));
#3382 = CIRCLE('',#3383,1.375);
#3383 = AXIS2_PLACEMENT_3D('',#3384,#3385,#3386);
#3384 = CARTESIAN_POINT('',(15.24,7.62,-26.1));
#3385 = DIRECTION('',(0.,0.,1.));
#3386 = DIRECTION('',(1.,0.,-0.));
#3387 = FACE_BOUND('',#3388,.T.);
#3388 = EDGE_LOOP('',(#3389));
#3389 = ORIENTED_EDGE('',*,*,#3390,.F.);
#3390 = EDGE_CURVE('',#3391,#3391,#3393,.T.);
#3391 = VERTEX_POINT('',#3392);
#3392 = CARTESIAN_POINT('',(1.375,-7.62,-26.1));
#3393 = CIRCLE('',#3394,1.375);
#3394 = AXIS2_PLACEMENT_3D('',#3395,#3396,#3397);
#3395 = CARTESIAN_POINT('',(7.105427357601E-15,-7.62,-26.1));
#3396 = DIRECTION('',(0.,0.,1.));
#3397 = DIRECTION('',(1.,0.,-0.));
#3398 = FACE_BOUND('',#3399,.T.);
#3399 = EDGE_LOOP('',(#3400));
#3400 = ORIENTED_EDGE('',*,*,#3401,.F.);
#3401 = EDGE_CURVE('',#3402,#3402,#3404,.T.);
#3402 = VERTEX_POINT('',#3403);
#3403 = CARTESIAN_POINT('',(-29.105,-22.86,-26.1));
#3404 = CIRCLE('',#3405,1.375);
#3405 = AXIS2_PLACEMENT_3D('',#3406,#3407,#3408);
#3406 = CARTESIAN_POINT('',(-30.48,-22.86,-26.1));
#3407 = DIRECTION('',(0.,0.,1.));
#3408 = DIRECTION('',(1.,0.,-0.));
#3409 = FACE_BOUND('',#3410,.T.);
#3410 = EDGE_LOOP('',(#3411));
#3411 = ORIENTED_EDGE('',*,*,#3412,.F.);
#3412 = EDGE_CURVE('',#3413,#3413,#3415,.T.);
#3413 = VERTEX_POINT('',#3414);
#3414 = CARTESIAN_POINT('',(-13.865,7.62,-26.1));
#3415 = CIRCLE('',#3416,1.375);
#3416 = AXIS2_PLACEMENT_3D('',#3417,#3418,#3419);
#3417 = CARTESIAN_POINT('',(-15.24,7.62,-26.1));
#3418 = DIRECTION('',(0.,0.,1.));
#3419 = DIRECTION('',(1.,0.,-0.));
#3420 = FACE_BOUND('',#3421,.T.);
#3421 = EDGE_LOOP('',(#3422));
#3422 = ORIENTED_EDGE('',*,*,#3423,.F.);
#3423 = EDGE_CURVE('',#3424,#3424,#3426,.T.);
#3424 = VERTEX_POINT('',#3425);
#3425 = CARTESIAN_POINT('',(31.855,-22.86,-26.1));
#3426 = CIRCLE('',#3427,1.375);
#3427 = AXIS2_PLACEMENT_3D('',#3428,#3429,#3430);
#3428 = CARTESIAN_POINT('',(30.48,-22.86,-26.1));
#3429 = DIRECTION('',(0.,0.,1.));
#3430 = DIRECTION('',(1.,0.,-0.));
#3431 = FACE_BOUND('',#3432,.T.);
#3432 = EDGE_LOOP('',(#3433));
#3433 = ORIENTED_EDGE('',*,*,#3434,.F.);
#3434 = EDGE_CURVE('',#3435,#3435,#3437,.T.);
#3435 = VERTEX_POINT('',#3436);
#3436 = CARTESIAN_POINT('',(31.855,7.62,-26.1));
#3437 = CIRCLE('',#3438,1.375);
#3438 = AXIS2_PLACEMENT_3D('',#3439,#3440,#3441);
#3439 = CARTESIAN_POINT('',(30.48,7.62,-26.1));
#3440 = DIRECTION('',(0.,0.,1.));
#3441 = DIRECTION('',(1.,0.,-0.));
#3442 = FACE_BOUND('',#3443,.T.);
#3443 = EDGE_LOOP('',(#3444));
#3444 = ORIENTED_EDGE('',*,*,#3445,.F.);
#3445 = EDGE_CURVE('',#3446,#3446,#3448,.T.);
#3446 = VERTEX_POINT('',#3447);
#3447 = CARTESIAN_POINT('',(-13.865,-22.86,-26.1));
#3448 = CIRCLE('',#3449,1.375);
#3449 = AXIS2_PLACEMENT_3D('',#3450,#3451,#3452);
#3450 = CARTESIAN_POINT('',(-15.24,-22.86,-26.1));
#3451 = DIRECTION('',(0.,0.,1.));
#3452 = DIRECTION('',(1.,0.,-0.));
#3453 = FACE_BOUND('',#3454,.T.);
#3454 = EDGE_LOOP('',(#3455));
#3455 = ORIENTED_EDGE('',*,*,#3456,.F.);
#3456 = EDGE_CURVE('',#3457,#3457,#3459,.T.);
#3457 = VERTEX_POINT('',#3458);
#3458 = CARTESIAN_POINT('',(1.375,7.62,-26.1));
#3459 = CIRCLE('',#3460,1.375);
#3460 = AXIS2_PLACEMENT_3D('',#3461,#3462,#3463);
#3461 = CARTESIAN_POINT('',(7.105427357601E-15,7.62,-26.1));
#3462 = DIRECTION('',(0.,0.,1.));
#3463 = DIRECTION('',(1.,0.,-0.));
#3464 = FACE_BOUND('',#3465,.T.);
#3465 = EDGE_LOOP('',(#3466));
#3466 = ORIENTED_EDGE('',*,*,#3467,.F.);
#3467 = EDGE_CURVE('',#3468,#3468,#3470,.T.);
#3468 = VERTEX_POINT('',#3469);
#3469 = CARTESIAN_POINT('',(31.855,-7.62,-26.1));
#3470 = CIRCLE('',#3471,1.375);
#3471 = AXIS2_PLACEMENT_3D('',#3472,#3473,#3474);
#3472 = CARTESIAN_POINT('',(30.48,-7.62,-26.1));
#3473 = DIRECTION('',(0.,0.,1.));
#3474 = DIRECTION('',(1.,0.,-0.));
#3475 = FACE_BOUND('',#3476,.T.);
#3476 = EDGE_LOOP('',(#3477));
#3477 = ORIENTED_EDGE('',*,*,#3478,.F.);
#3478 = EDGE_CURVE('',#3479,#3479,#3481,.T.);
#3479 = VERTEX_POINT('',#3480);
#3480 = CARTESIAN_POINT('',(16.615,-22.86,-26.1));
#3481 = CIRCLE('',#3482,1.375);
#3482 = AXIS2_PLACEMENT_3D('',#3483,#3484,#3485);
#3483 = CARTESIAN_POINT('',(15.24,-22.86,-26.1));
#3484 = DIRECTION('',(0.,0.,1.));
#3485 = DIRECTION('',(1.,0.,-0.));
#3486 = FACE_BOUND('',#3487,.T.);
#3487 = EDGE_LOOP('',(#3488));
#3488 = ORIENTED_EDGE('',*,*,#3489,.F.);
#3489 = EDGE_CURVE('',#3490,#3490,#3492,.T.);
#3490 = VERTEX_POINT('',#3491);
#3491 = CARTESIAN_POINT('',(16.615,22.86,-26.1));
#3492 = CIRCLE('',#3493,1.375);
#3493 = AXIS2_PLACEMENT_3D('',#3494,#3495,#3496);
#3494 = CARTESIAN_POINT('',(15.24,22.86,-26.1));
#3495 = DIRECTION('',(0.,0.,1.));
#3496 = DIRECTION('',(1.,0.,-0.));
#3497 = FACE_BOUND('',#3498,.T.);
#3498 = EDGE_LOOP('',(#3499));
#3499 = ORIENTED_EDGE('',*,*,#3500,.F.);
#3500 = EDGE_CURVE('',#3501,#3501,#3503,.T.);
#3501 = VERTEX_POINT('',#3502);
#3502 = CARTESIAN_POINT('',(1.375,-22.86,-26.1));
#3503 = CIRCLE('',#3504,1.375);
#3504 = AXIS2_PLACEMENT_3D('',#3505,#3506,#3507);
#3505 = CARTESIAN_POINT('',(7.105427357601E-15,-22.86,-26.1));
#3506 = DIRECTION('',(0.,0.,1.));
#3507 = DIRECTION('',(1.,0.,-0.));
#3508 = FACE_BOUND('',#3509,.T.);
#3509 = EDGE_LOOP('',(#3510));
#3510 = ORIENTED_EDGE('',*,*,#3511,.F.);
#3511 = EDGE_CURVE('',#3512,#3512,#3514,.T.);
#3512 = VERTEX_POINT('',#3513);
#3513 = CARTESIAN_POINT('',(-29.105,22.86,-26.1));
#3514 = CIRCLE('',#3515,1.375);
#3515 = AXIS2_PLACEMENT_3D('',#3516,#3517,#3518);
#3516 = CARTESIAN_POINT('',(-30.48,22.86,-26.1));
#3517 = DIRECTION('',(0.,0.,1.));
#3518 = DIRECTION('',(1.,0.,-0.));
#3519 = FACE_BOUND('',#3520,.T.);
#3520 = EDGE_LOOP('',(#3521));
#3521 = ORIENTED_EDGE('',*,*,#3522,.F.);
#3522 = EDGE_CURVE('',#3523,#3523,#3525,.T.);
#3523 = VERTEX_POINT('',#3524);
#3524 = CARTESIAN_POINT('',(-29.105,7.62,-26.1));
#3525 = CIRCLE('',#3526,1.375);
#3526 = AXIS2_PLACEMENT_3D('',#3527,#3528,#3529);
#3527 = CARTESIAN_POINT('',(-30.48,7.62,-26.1));
#3528 = DIRECTION('',(0.,0.,1.));
#3529 = DIRECTION('',(1.,0.,-0.));
#3530 = FACE_BOUND('',#3531,.T.);
#3531 = EDGE_LOOP('',(#3532));
#3532 = ORIENTED_EDGE('',*,*,#3533,.F.);
#3533 = EDGE_CURVE('',#3534,#3534,#3536,.T.);
#3534 = VERTEX_POINT('',#3535);
#3535 = CARTESIAN_POINT('',(-13.865,22.86,-26.1));
#3536 = CIRCLE('',#3537,1.375);
#3537 = AXIS2_PLACEMENT_3D('',#3538,#3539,#3540);
#3538 = CARTESIAN_POINT('',(-15.24,22.86,-26.1));
#3539 = DIRECTION('',(0.,0.,1.));
#3540 = DIRECTION('',(1.,0.,-0.));
#3541 = FACE_BOUND('',#3542,.T.);
#3542 = EDGE_LOOP('',(#3543));
#3543 = ORIENTED_EDGE('',*,*,#3544,.F.);
#3544 = EDGE_CURVE('',#3545,#3545,#3547,.T.);
#3545 = VERTEX_POINT('',#3546);
#3546 = CARTESIAN_POINT('',(-13.865,-7.62,-26.1));
#3547 = CIRCLE('',#3548,1.375);
#3548 = AXIS2_PLACEMENT_3D('',#3549,#3550,#3551);
#3549 = CARTESIAN_POINT('',(-15.24,-7.62,-26.1));
#3550 = DIRECTION('',(0.,0.,1.));
#3551 = DIRECTION('',(1.,0.,-0.));
#3552 = FACE_BOUND('',#3553,.T.);
#3553 = EDGE_LOOP('',(#3554));
#3554 = ORIENTED_EDGE('',*,*,#3555,.F.);
#3555 = EDGE_CURVE('',#3556,#3556,#3558,.T.);
#3556 = VERTEX_POINT('',#3557);
#3557 = CARTESIAN_POINT('',(31.855,22.86,-26.1));
#3558 = CIRCLE('',#3559,1.375);
#3559 = AXIS2_PLACEMENT_3D('',#3560,#3561,#3562);
#3560 = CARTESIAN_POINT('',(30.48,22.86,-26.1));
#3561 = DIRECTION('',(0.,0.,1.));
#3562 = DIRECTION('',(1.,0.,-0.));
#3563 = FACE_BOUND('',#3564,.T.);
#3564 = EDGE_LOOP('',(#3565));
#3565 = ORIENTED_EDGE('',*,*,#3566,.F.);
#3566 = EDGE_CURVE('',#3567,#3567,#3569,.T.);
#3567 = VERTEX_POINT('',#3568);
#3568 = CARTESIAN_POINT('',(-29.105,-7.62,-26.1));
#3569 = CIRCLE('',#3570,1.375);
#3570 = AXIS2_PLACEMENT_3D('',#3571,#3572,#3573);
#3571 = CARTESIAN_POINT('',(-30.48,-7.62,-26.1));
#3572 = DIRECTION('',(0.,0.,1.));
#3573 = DIRECTION('',(1.,0.,-0.));
#3574 = FACE_BOUND('',#3575,.T.);
#3575 = EDGE_LOOP('',(#3576));
#3576 = ORIENTED_EDGE('',*,*,#3577,.F.);
#3577 = EDGE_CURVE('',#3578,#3578,#3580,.T.);
#3578 = VERTEX_POINT('',#3579);
#3579 = CARTESIAN_POINT('',(16.615,-7.62,-26.1));
#3580 = CIRCLE('',#3581,1.375);
#3581 = AXIS2_PLACEMENT_3D('',#3582,#3583,#3584);
#3582 = CARTESIAN_POINT('',(15.24,-7.62,-26.1));
#3583 = DIRECTION('',(0.,0.,1.));
#3584 = DIRECTION('',(1.,0.,-0.));
#3585 = FACE_BOUND('',#3586,.T.);
#3586 = EDGE_LOOP('',(#3587));
#3587 = ORIENTED_EDGE('',*,*,#3588,.F.);
#3588 = EDGE_CURVE('',#3589,#3589,#3591,.T.);
#3589 = VERTEX_POINT('',#3590);
#3590 = CARTESIAN_POINT('',(1.375,22.86,-26.1));
#3591 = CIRCLE('',#3592,1.375);
#3592 = AXIS2_PLACEMENT_3D('',#3593,#3594,#3595);
#3593 = CARTESIAN_POINT('',(7.105427357601E-15,22.86,-26.1));
#3594 = DIRECTION('',(0.,0.,1.));
#3595 = DIRECTION('',(1.,0.,-0.));
#3596 = FACE_BOUND('',#3597,.T.);
#3597 = EDGE_LOOP('',(#3598,#3609));
#3598 = ORIENTED_EDGE('',*,*,#3599,.F.);
#3599 = EDGE_CURVE('',#3600,#3602,#3604,.T.);
#3600 = VERTEX_POINT('',#3601);
#3601 = CARTESIAN_POINT('',(-21.,3.735083679079,-26.1));
#3602 = VERTEX_POINT('',#3603);
#3603 = CARTESIAN_POINT('',(-21.,1.344916320921,-26.1));
#3604 = CIRCLE('',#3605,1.375);
#3605 = AXIS2_PLACEMENT_3D('',#3606,#3607,#3608);
#3606 = CARTESIAN_POINT('',(-20.32,2.54,-26.1));
#3607 = DIRECTION('',(0.,0.,1.));
#3608 = DIRECTION('',(1.,0.,-0.));
#3609 = ORIENTED_EDGE('',*,*,#3610,.F.);
#3610 = EDGE_CURVE('',#3602,#3600,#3611,.T.);
#3611 = LINE('',#3612,#3613);
#3612 = CARTESIAN_POINT('',(-21.,-4.6,-26.1));
#3613 = VECTOR('',#3614,1.);
#3614 = DIRECTION('',(-0.,1.,0.));
#3615 = FACE_BOUND('',#3616,.T.);
#3616 = EDGE_LOOP('',(#3617,#3628,#3636));
#3617 = ORIENTED_EDGE('',*,*,#3618,.F.);
#3618 = EDGE_CURVE('',#3619,#3621,#3623,.T.);
#3619 = VERTEX_POINT('',#3620);
#3620 = CARTESIAN_POINT('',(21.,-3.735083679079,-26.1));
#3621 = VERTEX_POINT('',#3622);
#3622 = CARTESIAN_POINT('',(21.695,-2.54,-26.1));
#3623 = CIRCLE('',#3624,1.375);
#3624 = AXIS2_PLACEMENT_3D('',#3625,#3626,#3627);
#3625 = CARTESIAN_POINT('',(20.32,-2.54,-26.1));
#3626 = DIRECTION('',(0.,0.,1.));
#3627 = DIRECTION('',(1.,0.,-0.));
#3628 = ORIENTED_EDGE('',*,*,#3629,.T.);
#3629 = EDGE_CURVE('',#3619,#3630,#3632,.T.);
#3630 = VERTEX_POINT('',#3631);
#3631 = CARTESIAN_POINT('',(21.,-1.344916320921,-26.1));
#3632 = LINE('',#3633,#3634);
#3633 = CARTESIAN_POINT('',(21.,-4.6,-26.1));
#3634 = VECTOR('',#3635,1.);
#3635 = DIRECTION('',(-0.,1.,0.));
#3636 = ORIENTED_EDGE('',*,*,#3637,.F.);
#3637 = EDGE_CURVE('',#3621,#3630,#3638,.T.);
#3638 = CIRCLE('',#3639,1.375);
#3639 = AXIS2_PLACEMENT_3D('',#3640,#3641,#3642);
#3640 = CARTESIAN_POINT('',(20.32,-2.54,-26.1));
#3641 = DIRECTION('',(0.,0.,1.));
#3642 = DIRECTION('',(1.,0.,-0.));
#3643 = PLANE('',#3644);
#3644 = AXIS2_PLACEMENT_3D('',#3645,#3646,#3647);
#3645 = CARTESIAN_POINT('',(-41.1,-33.48,-26.1));
#3646 = DIRECTION('',(0.,0.,1.));
#3647 = DIRECTION('',(1.,0.,-0.));
#3648 = ADVANCED_FACE('',(#3649),#3675,.F.);
#3649 = FACE_BOUND('',#3650,.F.);
#3650 = EDGE_LOOP('',(#3651,#3652,#3660,#3669));
#3651 = ORIENTED_EDGE('',*,*,#287,.F.);
#3652 = ORIENTED_EDGE('',*,*,#3653,.F.);
#3653 = EDGE_CURVE('',#3654,#288,#3656,.T.);
#3654 = VERTEX_POINT('',#3655);
#3655 = CARTESIAN_POINT('',(30.48,29.315,-29.1));
#3656 = LINE('',#3657,#3658);
#3657 = CARTESIAN_POINT('',(30.48,29.315,-30.1));
#3658 = VECTOR('',#3659,1.);
#3659 = DIRECTION('',(0.,0.,1.));
#3660 = ORIENTED_EDGE('',*,*,#3661,.T.);
#3661 = EDGE_CURVE('',#3654,#3662,#3664,.T.);
#3662 = VERTEX_POINT('',#3663);
#3663 = CARTESIAN_POINT('',(30.48,26.565,-29.1));
#3664 = CIRCLE('',#3665,1.375);
#3665 = AXIS2_PLACEMENT_3D('',#3666,#3667,#3668);
#3666 = CARTESIAN_POINT('',(30.48,27.94,-29.1));
#3667 = DIRECTION('',(0.,0.,1.));
#3668 = DIRECTION('',(1.,0.,-0.));
#3669 = ORIENTED_EDGE('',*,*,#3670,.T.);
#3670 = EDGE_CURVE('',#3662,#290,#3671,.T.);
#3671 = LINE('',#3672,#3673);
#3672 = CARTESIAN_POINT('',(30.48,26.565,-30.1));
#3673 = VECTOR('',#3674,1.);
#3674 = DIRECTION('',(0.,0.,1.));
#3675 = CYLINDRICAL_SURFACE('',#3676,1.375);
#3676 = AXIS2_PLACEMENT_3D('',#3677,#3678,#3679);
#3677 = CARTESIAN_POINT('',(30.48,27.94,-30.1));
#3678 = DIRECTION('',(0.,0.,1.));
#3679 = DIRECTION('',(1.,0.,-0.));
#3680 = ADVANCED_FACE('',(#3681),#3699,.F.);
#3681 = FACE_BOUND('',#3682,.F.);
#3682 = EDGE_LOOP('',(#3683,#3691,#3692,#3693));
#3683 = ORIENTED_EDGE('',*,*,#3684,.T.);
#3684 = EDGE_CURVE('',#3685,#3654,#3687,.T.);
#3685 = VERTEX_POINT('',#3686);
#3686 = CARTESIAN_POINT('',(35.56,29.315,-29.1));
#3687 = LINE('',#3688,#3689);
#3688 = CARTESIAN_POINT('',(-5.31,29.315,-29.1));
#3689 = VECTOR('',#3690,1.);
#3690 = DIRECTION('',(-1.,-0.,0.));
#3691 = ORIENTED_EDGE('',*,*,#3653,.T.);
#3692 = ORIENTED_EDGE('',*,*,#298,.F.);
#3693 = ORIENTED_EDGE('',*,*,#3694,.F.);
#3694 = EDGE_CURVE('',#3685,#299,#3695,.T.);
#3695 = LINE('',#3696,#3697);
#3696 = CARTESIAN_POINT('',(35.56,29.315,-30.1));
#3697 = VECTOR('',#3698,1.);
#3698 = DIRECTION('',(0.,0.,1.));
#3699 = PLANE('',#3700);
#3700 = AXIS2_PLACEMENT_3D('',#3701,#3702,#3703);
#3701 = CARTESIAN_POINT('',(30.48,29.315,-30.1));
#3702 = DIRECTION('',(-0.,1.,0.));
#3703 = DIRECTION('',(0.,0.,1.));
#3704 = ADVANCED_FACE('',(#3705),#3723,.T.);
#3705 = FACE_BOUND('',#3706,.T.);
#3706 = EDGE_LOOP('',(#3707,#3715,#3716,#3717));
#3707 = ORIENTED_EDGE('',*,*,#3708,.T.);
#3708 = EDGE_CURVE('',#3709,#3662,#3711,.T.);
#3709 = VERTEX_POINT('',#3710);
#3710 = CARTESIAN_POINT('',(35.56,26.565,-29.1));
#3711 = LINE('',#3712,#3713);
#3712 = CARTESIAN_POINT('',(-5.31,26.565,-29.1));
#3713 = VECTOR('',#3714,1.);
#3714 = DIRECTION('',(-1.,-0.,0.));
#3715 = ORIENTED_EDGE('',*,*,#3670,.T.);
#3716 = ORIENTED_EDGE('',*,*,#324,.F.);
#3717 = ORIENTED_EDGE('',*,*,#3718,.F.);
#3718 = EDGE_CURVE('',#3709,#316,#3719,.T.);
#3719 = LINE('',#3720,#3721);
#3720 = CARTESIAN_POINT('',(35.56,26.565,-30.1));
#3721 = VECTOR('',#3722,1.);
#3722 = DIRECTION('',(0.,0.,1.));
#3723 = PLANE('',#3724);
#3724 = AXIS2_PLACEMENT_3D('',#3725,#3726,#3727);
#3725 = CARTESIAN_POINT('',(30.48,26.565,-30.1));
#3726 = DIRECTION('',(-0.,1.,0.));
#3727 = DIRECTION('',(0.,0.,1.));
#3728 = ADVANCED_FACE('',(#3729),#3755,.F.);
#3729 = FACE_BOUND('',#3730,.F.);
#3730 = EDGE_LOOP('',(#3731,#3732,#3740,#3749));
#3731 = ORIENTED_EDGE('',*,*,#332,.F.);
#3732 = ORIENTED_EDGE('',*,*,#3733,.F.);
#3733 = EDGE_CURVE('',#3734,#333,#3736,.T.);
#3734 = VERTEX_POINT('',#3735);
#3735 = CARTESIAN_POINT('',(30.48,-1.165,-29.1));
#3736 = LINE('',#3737,#3738);
#3737 = CARTESIAN_POINT('',(30.48,-1.165,-30.1));
#3738 = VECTOR('',#3739,1.);
#3739 = DIRECTION('',(0.,0.,1.));
#3740 = ORIENTED_EDGE('',*,*,#3741,.T.);
#3741 = EDGE_CURVE('',#3734,#3742,#3744,.T.);
#3742 = VERTEX_POINT('',#3743);
#3743 = CARTESIAN_POINT('',(30.48,-3.915,-29.1));
#3744 = CIRCLE('',#3745,1.375);
#3745 = AXIS2_PLACEMENT_3D('',#3746,#3747,#3748);
#3746 = CARTESIAN_POINT('',(30.48,-2.54,-29.1));
#3747 = DIRECTION('',(0.,0.,1.));
#3748 = DIRECTION('',(1.,0.,-0.));
#3749 = ORIENTED_EDGE('',*,*,#3750,.T.);
#3750 = EDGE_CURVE('',#3742,#335,#3751,.T.);
#3751 = LINE('',#3752,#3753);
#3752 = CARTESIAN_POINT('',(30.48,-3.915,-30.1));
#3753 = VECTOR('',#3754,1.);
#3754 = DIRECTION('',(0.,0.,1.));
#3755 = CYLINDRICAL_SURFACE('',#3756,1.375);
#3756 = AXIS2_PLACEMENT_3D('',#3757,#3758,#3759);
#3757 = CARTESIAN_POINT('',(30.48,-2.54,-30.1));
#3758 = DIRECTION('',(0.,0.,1.));
#3759 = DIRECTION('',(1.,0.,-0.));
#3760 = ADVANCED_FACE('',(#3761),#3779,.F.);
#3761 = FACE_BOUND('',#3762,.F.);
#3762 = EDGE_LOOP('',(#3763,#3771,#3772,#3773));
#3763 = ORIENTED_EDGE('',*,*,#3764,.T.);
#3764 = EDGE_CURVE('',#3765,#3734,#3767,.T.);
#3765 = VERTEX_POINT('',#3766);
#3766 = CARTESIAN_POINT('',(35.56,-1.165,-29.1));
#3767 = LINE('',#3768,#3769);
#3768 = CARTESIAN_POINT('',(-5.31,-1.165,-29.1));
#3769 = VECTOR('',#3770,1.);
#3770 = DIRECTION('',(-1.,-0.,0.));
#3771 = ORIENTED_EDGE('',*,*,#3733,.T.);
#3772 = ORIENTED_EDGE('',*,*,#343,.F.);
#3773 = ORIENTED_EDGE('',*,*,#3774,.F.);
#3774 = EDGE_CURVE('',#3765,#344,#3775,.T.);
#3775 = LINE('',#3776,#3777);
#3776 = CARTESIAN_POINT('',(35.56,-1.165,-30.1));
#3777 = VECTOR('',#3778,1.);
#3778 = DIRECTION('',(0.,0.,1.));
#3779 = PLANE('',#3780);
#3780 = AXIS2_PLACEMENT_3D('',#3781,#3782,#3783);
#3781 = CARTESIAN_POINT('',(30.48,-1.165,-30.1));
#3782 = DIRECTION('',(-0.,1.,0.));
#3783 = DIRECTION('',(0.,0.,1.));
#3784 = ADVANCED_FACE('',(#3785),#3803,.T.);
#3785 = FACE_BOUND('',#3786,.T.);
#3786 = EDGE_LOOP('',(#3787,#3795,#3796,#3797));
#3787 = ORIENTED_EDGE('',*,*,#3788,.T.);
#3788 = EDGE_CURVE('',#3789,#3742,#3791,.T.);
#3789 = VERTEX_POINT('',#3790);
#3790 = CARTESIAN_POINT('',(35.56,-3.915,-29.1));
#3791 = LINE('',#3792,#3793);
#3792 = CARTESIAN_POINT('',(-5.31,-3.915,-29.1));
#3793 = VECTOR('',#3794,1.);
#3794 = DIRECTION('',(-1.,-0.,0.));
#3795 = ORIENTED_EDGE('',*,*,#3750,.T.);
#3796 = ORIENTED_EDGE('',*,*,#369,.F.);
#3797 = ORIENTED_EDGE('',*,*,#3798,.F.);
#3798 = EDGE_CURVE('',#3789,#361,#3799,.T.);
#3799 = LINE('',#3800,#3801);
#3800 = CARTESIAN_POINT('',(35.56,-3.915,-30.1));
#3801 = VECTOR('',#3802,1.);
#3802 = DIRECTION('',(0.,0.,1.));
#3803 = PLANE('',#3804);
#3804 = AXIS2_PLACEMENT_3D('',#3805,#3806,#3807);
#3805 = CARTESIAN_POINT('',(30.48,-3.915,-30.1));
#3806 = DIRECTION('',(-0.,1.,0.));
#3807 = DIRECTION('',(0.,0.,1.));
#3808 = ADVANCED_FACE('',(#3809),#3835,.F.);
#3809 = FACE_BOUND('',#3810,.F.);
#3810 = EDGE_LOOP('',(#3811,#3812,#3820,#3829));
#3811 = ORIENTED_EDGE('',*,*,#377,.F.);
#3812 = ORIENTED_EDGE('',*,*,#3813,.F.);
#3813 = EDGE_CURVE('',#3814,#378,#3816,.T.);
#3814 = VERTEX_POINT('',#3815);
#3815 = CARTESIAN_POINT('',(30.48,14.075,-29.1));
#3816 = LINE('',#3817,#3818);
#3817 = CARTESIAN_POINT('',(30.48,14.075,-30.1));
#3818 = VECTOR('',#3819,1.);
#3819 = DIRECTION('',(0.,0.,1.));
#3820 = ORIENTED_EDGE('',*,*,#3821,.T.);
#3821 = EDGE_CURVE('',#3814,#3822,#3824,.T.);
#3822 = VERTEX_POINT('',#3823);
#3823 = CARTESIAN_POINT('',(30.48,11.325,-29.1));
#3824 = CIRCLE('',#3825,1.375);
#3825 = AXIS2_PLACEMENT_3D('',#3826,#3827,#3828);
#3826 = CARTESIAN_POINT('',(30.48,12.7,-29.1));
#3827 = DIRECTION('',(0.,0.,1.));
#3828 = DIRECTION('',(1.,0.,-0.));
#3829 = ORIENTED_EDGE('',*,*,#3830,.T.);
#3830 = EDGE_CURVE('',#3822,#380,#3831,.T.);
#3831 = LINE('',#3832,#3833);
#3832 = CARTESIAN_POINT('',(30.48,11.325,-30.1));
#3833 = VECTOR('',#3834,1.);
#3834 = DIRECTION('',(0.,0.,1.));
#3835 = CYLINDRICAL_SURFACE('',#3836,1.375);
#3836 = AXIS2_PLACEMENT_3D('',#3837,#3838,#3839);
#3837 = CARTESIAN_POINT('',(30.48,12.7,-30.1));
#3838 = DIRECTION('',(0.,0.,1.));
#3839 = DIRECTION('',(1.,0.,-0.));
#3840 = ADVANCED_FACE('',(#3841),#3859,.F.);
#3841 = FACE_BOUND('',#3842,.F.);
#3842 = EDGE_LOOP('',(#3843,#3851,#3852,#3853));
#3843 = ORIENTED_EDGE('',*,*,#3844,.T.);
#3844 = EDGE_CURVE('',#3845,#3814,#3847,.T.);
#3845 = VERTEX_POINT('',#3846);
#3846 = CARTESIAN_POINT('',(35.56,14.075,-29.1));
#3847 = LINE('',#3848,#3849);
#3848 = CARTESIAN_POINT('',(-5.31,14.075,-29.1));
#3849 = VECTOR('',#3850,1.);
#3850 = DIRECTION('',(-1.,-0.,0.));
#3851 = ORIENTED_EDGE('',*,*,#3813,.T.);
#3852 = ORIENTED_EDGE('',*,*,#388,.F.);
#3853 = ORIENTED_EDGE('',*,*,#3854,.F.);
#3854 = EDGE_CURVE('',#3845,#389,#3855,.T.);
#3855 = LINE('',#3856,#3857);
#3856 = CARTESIAN_POINT('',(35.56,14.075,-30.1));
#3857 = VECTOR('',#3858,1.);
#3858 = DIRECTION('',(0.,0.,1.));
#3859 = PLANE('',#3860);
#3860 = AXIS2_PLACEMENT_3D('',#3861,#3862,#3863);
#3861 = CARTESIAN_POINT('',(30.48,14.075,-30.1));
#3862 = DIRECTION('',(-0.,1.,0.));
#3863 = DIRECTION('',(0.,0.,1.));
#3864 = ADVANCED_FACE('',(#3865),#3883,.T.);
#3865 = FACE_BOUND('',#3866,.T.);
#3866 = EDGE_LOOP('',(#3867,#3875,#3876,#3877));
#3867 = ORIENTED_EDGE('',*,*,#3868,.T.);
#3868 = EDGE_CURVE('',#3869,#3822,#3871,.T.);
#3869 = VERTEX_POINT('',#3870);
#3870 = CARTESIAN_POINT('',(35.56,11.325,-29.1));
#3871 = LINE('',#3872,#3873);
#3872 = CARTESIAN_POINT('',(-5.31,11.325,-29.1));
#3873 = VECTOR('',#3874,1.);
#3874 = DIRECTION('',(-1.,-0.,0.));
#3875 = ORIENTED_EDGE('',*,*,#3830,.T.);
#3876 = ORIENTED_EDGE('',*,*,#414,.F.);
#3877 = ORIENTED_EDGE('',*,*,#3878,.F.);
#3878 = EDGE_CURVE('',#3869,#406,#3879,.T.);
#3879 = LINE('',#3880,#3881);
#3880 = CARTESIAN_POINT('',(35.56,11.325,-30.1));
#3881 = VECTOR('',#3882,1.);
#3882 = DIRECTION('',(0.,0.,1.));
#3883 = PLANE('',#3884);
#3884 = AXIS2_PLACEMENT_3D('',#3885,#3886,#3887);
#3885 = CARTESIAN_POINT('',(30.48,11.325,-30.1));
#3886 = DIRECTION('',(-0.,1.,0.));
#3887 = DIRECTION('',(0.,0.,1.));
#3888 = ADVANCED_FACE('',(#3889),#3915,.F.);
#3889 = FACE_BOUND('',#3890,.F.);
#3890 = EDGE_LOOP('',(#3891,#3892,#3900,#3909));
#3891 = ORIENTED_EDGE('',*,*,#422,.F.);
#3892 = ORIENTED_EDGE('',*,*,#3893,.F.);
#3893 = EDGE_CURVE('',#3894,#423,#3896,.T.);
#3894 = VERTEX_POINT('',#3895);
#3895 = CARTESIAN_POINT('',(30.48,-16.405,-29.1));
#3896 = LINE('',#3897,#3898);
#3897 = CARTESIAN_POINT('',(30.48,-16.405,-30.1));
#3898 = VECTOR('',#3899,1.);
#3899 = DIRECTION('',(0.,0.,1.));
#3900 = ORIENTED_EDGE('',*,*,#3901,.T.);
#3901 = EDGE_CURVE('',#3894,#3902,#3904,.T.);
#3902 = VERTEX_POINT('',#3903);
#3903 = CARTESIAN_POINT('',(30.48,-19.155,-29.1));
#3904 = CIRCLE('',#3905,1.375);
#3905 = AXIS2_PLACEMENT_3D('',#3906,#3907,#3908);
#3906 = CARTESIAN_POINT('',(30.48,-17.78,-29.1));
#3907 = DIRECTION('',(0.,0.,1.));
#3908 = DIRECTION('',(1.,0.,-0.));
#3909 = ORIENTED_EDGE('',*,*,#3910,.T.);
#3910 = EDGE_CURVE('',#3902,#425,#3911,.T.);
#3911 = LINE('',#3912,#3913);
#3912 = CARTESIAN_POINT('',(30.48,-19.155,-30.1));
#3913 = VECTOR('',#3914,1.);
#3914 = DIRECTION('',(0.,0.,1.));
#3915 = CYLINDRICAL_SURFACE('',#3916,1.375);
#3916 = AXIS2_PLACEMENT_3D('',#3917,#3918,#3919);
#3917 = CARTESIAN_POINT('',(30.48,-17.78,-30.1));
#3918 = DIRECTION('',(0.,0.,1.));
#3919 = DIRECTION('',(1.,0.,-0.));
#3920 = ADVANCED_FACE('',(#3921),#3939,.F.);
#3921 = FACE_BOUND('',#3922,.F.);
#3922 = EDGE_LOOP('',(#3923,#3931,#3932,#3933));
#3923 = ORIENTED_EDGE('',*,*,#3924,.T.);
#3924 = EDGE_CURVE('',#3925,#3894,#3927,.T.);
#3925 = VERTEX_POINT('',#3926);
#3926 = CARTESIAN_POINT('',(35.56,-16.405,-29.1));
#3927 = LINE('',#3928,#3929);
#3928 = CARTESIAN_POINT('',(-5.31,-16.405,-29.1));
#3929 = VECTOR('',#3930,1.);
#3930 = DIRECTION('',(-1.,-0.,0.));
#3931 = ORIENTED_EDGE('',*,*,#3893,.T.);
#3932 = ORIENTED_EDGE('',*,*,#433,.F.);
#3933 = ORIENTED_EDGE('',*,*,#3934,.F.);
#3934 = EDGE_CURVE('',#3925,#434,#3935,.T.);
#3935 = LINE('',#3936,#3937);
#3936 = CARTESIAN_POINT('',(35.56,-16.405,-30.1));
#3937 = VECTOR('',#3938,1.);
#3938 = DIRECTION('',(0.,0.,1.));
#3939 = PLANE('',#3940);
#3940 = AXIS2_PLACEMENT_3D('',#3941,#3942,#3943);
#3941 = CARTESIAN_POINT('',(30.48,-16.405,-30.1));
#3942 = DIRECTION('',(-0.,1.,0.));
#3943 = DIRECTION('',(0.,0.,1.));
#3944 = ADVANCED_FACE('',(#3945),#3963,.T.);
#3945 = FACE_BOUND('',#3946,.T.);
#3946 = EDGE_LOOP('',(#3947,#3955,#3956,#3957));
#3947 = ORIENTED_EDGE('',*,*,#3948,.T.);
#3948 = EDGE_CURVE('',#3949,#3902,#3951,.T.);
#3949 = VERTEX_POINT('',#3950);
#3950 = CARTESIAN_POINT('',(35.56,-19.155,-29.1));
#3951 = LINE('',#3952,#3953);
#3952 = CARTESIAN_POINT('',(-5.31,-19.155,-29.1));
#3953 = VECTOR('',#3954,1.);
#3954 = DIRECTION('',(-1.,-0.,0.));
#3955 = ORIENTED_EDGE('',*,*,#3910,.T.);
#3956 = ORIENTED_EDGE('',*,*,#459,.F.);
#3957 = ORIENTED_EDGE('',*,*,#3958,.F.);
#3958 = EDGE_CURVE('',#3949,#451,#3959,.T.);
#3959 = LINE('',#3960,#3961);
#3960 = CARTESIAN_POINT('',(35.56,-19.155,-30.1));
#3961 = VECTOR('',#3962,1.);
#3962 = DIRECTION('',(0.,0.,1.));
#3963 = PLANE('',#3964);
#3964 = AXIS2_PLACEMENT_3D('',#3965,#3966,#3967);
#3965 = CARTESIAN_POINT('',(30.48,-19.155,-30.1));
#3966 = DIRECTION('',(-0.,1.,0.));
#3967 = DIRECTION('',(0.,0.,1.));
#3968 = ADVANCED_FACE('',(#3969),#3995,.F.);
#3969 = FACE_BOUND('',#3970,.F.);
#3970 = EDGE_LOOP('',(#3971,#3972,#3980,#3989));
#3971 = ORIENTED_EDGE('',*,*,#467,.F.);
#3972 = ORIENTED_EDGE('',*,*,#3973,.F.);
#3973 = EDGE_CURVE('',#3974,#468,#3976,.T.);
#3974 = VERTEX_POINT('',#3975);
#3975 = CARTESIAN_POINT('',(26.775,27.94,-29.1));
#3976 = LINE('',#3977,#3978);
#3977 = CARTESIAN_POINT('',(26.775,27.94,-30.1));
#3978 = VECTOR('',#3979,1.);
#3979 = DIRECTION('',(0.,0.,1.));
#3980 = ORIENTED_EDGE('',*,*,#3981,.T.);
#3981 = EDGE_CURVE('',#3974,#3982,#3984,.T.);
#3982 = VERTEX_POINT('',#3983);
#3983 = CARTESIAN_POINT('',(24.025,27.94,-29.1));
#3984 = CIRCLE('',#3985,1.375);
#3985 = AXIS2_PLACEMENT_3D('',#3986,#3987,#3988);
#3986 = CARTESIAN_POINT('',(25.4,27.94,-29.1));
#3987 = DIRECTION('',(0.,0.,1.));
#3988 = DIRECTION('',(1.,0.,-0.));
#3989 = ORIENTED_EDGE('',*,*,#3990,.T.);
#3990 = EDGE_CURVE('',#3982,#470,#3991,.T.);
#3991 = LINE('',#3992,#3993);
#3992 = CARTESIAN_POINT('',(24.025,27.94,-30.1));
#3993 = VECTOR('',#3994,1.);
#3994 = DIRECTION('',(0.,0.,1.));
#3995 = CYLINDRICAL_SURFACE('',#3996,1.375);
#3996 = AXIS2_PLACEMENT_3D('',#3997,#3998,#3999);
#3997 = CARTESIAN_POINT('',(25.4,27.94,-30.1));
#3998 = DIRECTION('',(0.,0.,1.));
#3999 = DIRECTION('',(1.,0.,-0.));
#4000 = ADVANCED_FACE('',(#4001),#4019,.F.);
#4001 = FACE_BOUND('',#4002,.F.);
#4002 = EDGE_LOOP('',(#4003,#4011,#4017,#4018));
#4003 = ORIENTED_EDGE('',*,*,#4004,.F.);
#4004 = EDGE_CURVE('',#4005,#479,#4007,.T.);
#4005 = VERTEX_POINT('',#4006);
#4006 = CARTESIAN_POINT('',(26.775,22.86,-29.1));
#4007 = LINE('',#4008,#4009);
#4008 = CARTESIAN_POINT('',(26.775,22.86,-30.1));
#4009 = VECTOR('',#4010,1.);
#4010 = DIRECTION('',(0.,0.,1.));
#4011 = ORIENTED_EDGE('',*,*,#4012,.T.);
#4012 = EDGE_CURVE('',#4005,#3974,#4013,.T.);
#4013 = LINE('',#4014,#4015);
#4014 = CARTESIAN_POINT('',(26.775,-5.31,-29.1));
#4015 = VECTOR('',#4016,1.);
#4016 = DIRECTION('',(-0.,1.,0.));
#4017 = ORIENTED_EDGE('',*,*,#3973,.T.);
#4018 = ORIENTED_EDGE('',*,*,#478,.F.);
#4019 = PLANE('',#4020);
#4020 = AXIS2_PLACEMENT_3D('',#4021,#4022,#4023);
#4021 = CARTESIAN_POINT('',(26.775,22.86,-30.1));
#4022 = DIRECTION('',(1.,0.,-0.));
#4023 = DIRECTION('',(0.,0.,1.));
#4024 = ADVANCED_FACE('',(#4025),#4043,.T.);
#4025 = FACE_BOUND('',#4026,.T.);
#4026 = EDGE_LOOP('',(#4027,#4035,#4041,#4042));
#4027 = ORIENTED_EDGE('',*,*,#4028,.F.);
#4028 = EDGE_CURVE('',#4029,#487,#4031,.T.);
#4029 = VERTEX_POINT('',#4030);
#4030 = CARTESIAN_POINT('',(24.025,22.86,-29.1));
#4031 = LINE('',#4032,#4033);
#4032 = CARTESIAN_POINT('',(24.025,22.86,-30.1));
#4033 = VECTOR('',#4034,1.);
#4034 = DIRECTION('',(0.,0.,1.));
#4035 = ORIENTED_EDGE('',*,*,#4036,.T.);
#4036 = EDGE_CURVE('',#4029,#3982,#4037,.T.);
#4037 = LINE('',#4038,#4039);
#4038 = CARTESIAN_POINT('',(24.025,-5.31,-29.1));
#4039 = VECTOR('',#4040,1.);
#4040 = DIRECTION('',(-0.,1.,0.));
#4041 = ORIENTED_EDGE('',*,*,#3990,.T.);
#4042 = ORIENTED_EDGE('',*,*,#495,.F.);
#4043 = PLANE('',#4044);
#4044 = AXIS2_PLACEMENT_3D('',#4045,#4046,#4047);
#4045 = CARTESIAN_POINT('',(24.025,22.86,-30.1));
#4046 = DIRECTION('',(1.,0.,-0.));
#4047 = DIRECTION('',(0.,0.,1.));
#4048 = ADVANCED_FACE('',(#4049),#4061,.F.);
#4049 = FACE_BOUND('',#4050,.F.);
#4050 = EDGE_LOOP('',(#4051,#4052,#4053,#4054));
#4051 = ORIENTED_EDGE('',*,*,#4004,.T.);
#4052 = ORIENTED_EDGE('',*,*,#486,.F.);
#4053 = ORIENTED_EDGE('',*,*,#4028,.F.);
#4054 = ORIENTED_EDGE('',*,*,#4055,.T.);
#4055 = EDGE_CURVE('',#4029,#4005,#4056,.T.);
#4056 = CIRCLE('',#4057,1.375);
#4057 = AXIS2_PLACEMENT_3D('',#4058,#4059,#4060);
#4058 = CARTESIAN_POINT('',(25.4,22.86,-29.1));
#4059 = DIRECTION('',(0.,0.,1.));
#4060 = DIRECTION('',(1.,0.,-0.));
#4061 = CYLINDRICAL_SURFACE('',#4062,1.375);
#4062 = AXIS2_PLACEMENT_3D('',#4063,#4064,#4065);
#4063 = CARTESIAN_POINT('',(25.4,22.86,-30.1));
#4064 = DIRECTION('',(0.,0.,1.));
#4065 = DIRECTION('',(1.,0.,-0.));
#4066 = ADVANCED_FACE('',(#4067),#4093,.F.);
#4067 = FACE_BOUND('',#4068,.F.);
#4068 = EDGE_LOOP('',(#4069,#4070,#4078,#4087));
#4069 = ORIENTED_EDGE('',*,*,#503,.F.);
#4070 = ORIENTED_EDGE('',*,*,#4071,.F.);
#4071 = EDGE_CURVE('',#4072,#504,#4074,.T.);
#4072 = VERTEX_POINT('',#4073);
#4073 = CARTESIAN_POINT('',(-3.705,27.94,-29.1));
#4074 = LINE('',#4075,#4076);
#4075 = CARTESIAN_POINT('',(-3.705,27.94,-30.1));
#4076 = VECTOR('',#4077,1.);
#4077 = DIRECTION('',(0.,0.,1.));
#4078 = ORIENTED_EDGE('',*,*,#4079,.T.);
#4079 = EDGE_CURVE('',#4072,#4080,#4082,.T.);
#4080 = VERTEX_POINT('',#4081);
#4081 = CARTESIAN_POINT('',(-6.455,27.94,-29.1));
#4082 = CIRCLE('',#4083,1.375);
#4083 = AXIS2_PLACEMENT_3D('',#4084,#4085,#4086);
#4084 = CARTESIAN_POINT('',(-5.08,27.94,-29.1));
#4085 = DIRECTION('',(0.,0.,1.));
#4086 = DIRECTION('',(1.,0.,-0.));
#4087 = ORIENTED_EDGE('',*,*,#4088,.T.);
#4088 = EDGE_CURVE('',#4080,#506,#4089,.T.);
#4089 = LINE('',#4090,#4091);
#4090 = CARTESIAN_POINT('',(-6.455,27.94,-30.1));
#4091 = VECTOR('',#4092,1.);
#4092 = DIRECTION('',(0.,0.,1.));
#4093 = CYLINDRICAL_SURFACE('',#4094,1.375);
#4094 = AXIS2_PLACEMENT_3D('',#4095,#4096,#4097);
#4095 = CARTESIAN_POINT('',(-5.08,27.94,-30.1));
#4096 = DIRECTION('',(0.,0.,1.));
#4097 = DIRECTION('',(1.,0.,-0.));
#4098 = ADVANCED_FACE('',(#4099),#4117,.F.);
#4099 = FACE_BOUND('',#4100,.F.);
#4100 = EDGE_LOOP('',(#4101,#4109,#4115,#4116));
#4101 = ORIENTED_EDGE('',*,*,#4102,.F.);
#4102 = EDGE_CURVE('',#4103,#515,#4105,.T.);
#4103 = VERTEX_POINT('',#4104);
#4104 = CARTESIAN_POINT('',(-3.705,22.86,-29.1));
#4105 = LINE('',#4106,#4107);
#4106 = CARTESIAN_POINT('',(-3.705,22.86,-30.1));
#4107 = VECTOR('',#4108,1.);
#4108 = DIRECTION('',(0.,0.,1.));
#4109 = ORIENTED_EDGE('',*,*,#4110,.T.);
#4110 = EDGE_CURVE('',#4103,#4072,#4111,.T.);
#4111 = LINE('',#4112,#4113);
#4112 = CARTESIAN_POINT('',(-3.705,-5.31,-29.1));
#4113 = VECTOR('',#4114,1.);
#4114 = DIRECTION('',(-0.,1.,0.));
#4115 = ORIENTED_EDGE('',*,*,#4071,.T.);
#4116 = ORIENTED_EDGE('',*,*,#514,.F.);
#4117 = PLANE('',#4118);
#4118 = AXIS2_PLACEMENT_3D('',#4119,#4120,#4121);
#4119 = CARTESIAN_POINT('',(-3.705,22.86,-30.1));
#4120 = DIRECTION('',(1.,0.,-0.));
#4121 = DIRECTION('',(0.,0.,1.));
#4122 = ADVANCED_FACE('',(#4123),#4141,.T.);
#4123 = FACE_BOUND('',#4124,.T.);
#4124 = EDGE_LOOP('',(#4125,#4133,#4139,#4140));
#4125 = ORIENTED_EDGE('',*,*,#4126,.F.);
#4126 = EDGE_CURVE('',#4127,#523,#4129,.T.);
#4127 = VERTEX_POINT('',#4128);
#4128 = CARTESIAN_POINT('',(-6.455,22.86,-29.1));
#4129 = LINE('',#4130,#4131);
#4130 = CARTESIAN_POINT('',(-6.455,22.86,-30.1));
#4131 = VECTOR('',#4132,1.);
#4132 = DIRECTION('',(0.,0.,1.));
#4133 = ORIENTED_EDGE('',*,*,#4134,.T.);
#4134 = EDGE_CURVE('',#4127,#4080,#4135,.T.);
#4135 = LINE('',#4136,#4137);
#4136 = CARTESIAN_POINT('',(-6.455,-5.31,-29.1));
#4137 = VECTOR('',#4138,1.);
#4138 = DIRECTION('',(-0.,1.,0.));
#4139 = ORIENTED_EDGE('',*,*,#4088,.T.);
#4140 = ORIENTED_EDGE('',*,*,#531,.F.);
#4141 = PLANE('',#4142);
#4142 = AXIS2_PLACEMENT_3D('',#4143,#4144,#4145);
#4143 = CARTESIAN_POINT('',(-6.455,22.86,-30.1));
#4144 = DIRECTION('',(1.,0.,-0.));
#4145 = DIRECTION('',(0.,0.,1.));
#4146 = ADVANCED_FACE('',(#4147),#4159,.F.);
#4147 = FACE_BOUND('',#4148,.F.);
#4148 = EDGE_LOOP('',(#4149,#4150,#4151,#4152));
#4149 = ORIENTED_EDGE('',*,*,#4102,.T.);
#4150 = ORIENTED_EDGE('',*,*,#522,.F.);
#4151 = ORIENTED_EDGE('',*,*,#4126,.F.);
#4152 = ORIENTED_EDGE('',*,*,#4153,.T.);
#4153 = EDGE_CURVE('',#4127,#4103,#4154,.T.);
#4154 = CIRCLE('',#4155,1.375);
#4155 = AXIS2_PLACEMENT_3D('',#4156,#4157,#4158);
#4156 = CARTESIAN_POINT('',(-5.08,22.86,-29.1));
#4157 = DIRECTION('',(0.,0.,1.));
#4158 = DIRECTION('',(1.,0.,-0.));
#4159 = CYLINDRICAL_SURFACE('',#4160,1.375);
#4160 = AXIS2_PLACEMENT_3D('',#4161,#4162,#4163);
#4161 = CARTESIAN_POINT('',(-5.08,22.86,-30.1));
#4162 = DIRECTION('',(0.,0.,1.));
#4163 = DIRECTION('',(1.,0.,-0.));
#4164 = ADVANCED_FACE('',(#4165),#4191,.F.);
#4165 = FACE_BOUND('',#4166,.F.);
#4166 = EDGE_LOOP('',(#4167,#4168,#4176,#4185));
#4167 = ORIENTED_EDGE('',*,*,#539,.F.);
#4168 = ORIENTED_EDGE('',*,*,#4169,.F.);
#4169 = EDGE_CURVE('',#4170,#540,#4172,.T.);
#4170 = VERTEX_POINT('',#4171);
#4171 = CARTESIAN_POINT('',(-34.185,27.94,-29.1));
#4172 = LINE('',#4173,#4174);
#4173 = CARTESIAN_POINT('',(-34.185,27.94,-30.1));
#4174 = VECTOR('',#4175,1.);
#4175 = DIRECTION('',(0.,0.,1.));
#4176 = ORIENTED_EDGE('',*,*,#4177,.T.);
#4177 = EDGE_CURVE('',#4170,#4178,#4180,.T.);
#4178 = VERTEX_POINT('',#4179);
#4179 = CARTESIAN_POINT('',(-36.935,27.94,-29.1));
#4180 = CIRCLE('',#4181,1.375);
#4181 = AXIS2_PLACEMENT_3D('',#4182,#4183,#4184);
#4182 = CARTESIAN_POINT('',(-35.56,27.94,-29.1));
#4183 = DIRECTION('',(0.,0.,1.));
#4184 = DIRECTION('',(1.,0.,-0.));
#4185 = ORIENTED_EDGE('',*,*,#4186,.T.);
#4186 = EDGE_CURVE('',#4178,#542,#4187,.T.);
#4187 = LINE('',#4188,#4189);
#4188 = CARTESIAN_POINT('',(-36.935,27.94,-30.1));
#4189 = VECTOR('',#4190,1.);
#4190 = DIRECTION('',(0.,0.,1.));
#4191 = CYLINDRICAL_SURFACE('',#4192,1.375);
#4192 = AXIS2_PLACEMENT_3D('',#4193,#4194,#4195);
#4193 = CARTESIAN_POINT('',(-35.56,27.94,-30.1));
#4194 = DIRECTION('',(0.,0.,1.));
#4195 = DIRECTION('',(1.,0.,-0.));
#4196 = ADVANCED_FACE('',(#4197),#4215,.F.);
#4197 = FACE_BOUND('',#4198,.F.);
#4198 = EDGE_LOOP('',(#4199,#4207,#4213,#4214));
#4199 = ORIENTED_EDGE('',*,*,#4200,.F.);
#4200 = EDGE_CURVE('',#4201,#551,#4203,.T.);
#4201 = VERTEX_POINT('',#4202);
#4202 = CARTESIAN_POINT('',(-34.185,22.86,-29.1));
#4203 = LINE('',#4204,#4205);
#4204 = CARTESIAN_POINT('',(-34.185,22.86,-30.1));
#4205 = VECTOR('',#4206,1.);
#4206 = DIRECTION('',(0.,0.,1.));
#4207 = ORIENTED_EDGE('',*,*,#4208,.T.);
#4208 = EDGE_CURVE('',#4201,#4170,#4209,.T.);
#4209 = LINE('',#4210,#4211);
#4210 = CARTESIAN_POINT('',(-34.185,-5.31,-29.1));
#4211 = VECTOR('',#4212,1.);
#4212 = DIRECTION('',(-0.,1.,0.));
#4213 = ORIENTED_EDGE('',*,*,#4169,.T.);
#4214 = ORIENTED_EDGE('',*,*,#550,.F.);
#4215 = PLANE('',#4216);
#4216 = AXIS2_PLACEMENT_3D('',#4217,#4218,#4219);
#4217 = CARTESIAN_POINT('',(-34.185,22.86,-30.1));
#4218 = DIRECTION('',(1.,0.,-0.));
#4219 = DIRECTION('',(0.,0.,1.));
#4220 = ADVANCED_FACE('',(#4221),#4239,.T.);
#4221 = FACE_BOUND('',#4222,.T.);
#4222 = EDGE_LOOP('',(#4223,#4231,#4237,#4238));
#4223 = ORIENTED_EDGE('',*,*,#4224,.F.);
#4224 = EDGE_CURVE('',#4225,#559,#4227,.T.);
#4225 = VERTEX_POINT('',#4226);
#4226 = CARTESIAN_POINT('',(-36.935,22.86,-29.1));
#4227 = LINE('',#4228,#4229);
#4228 = CARTESIAN_POINT('',(-36.935,22.86,-30.1));
#4229 = VECTOR('',#4230,1.);
#4230 = DIRECTION('',(0.,0.,1.));
#4231 = ORIENTED_EDGE('',*,*,#4232,.T.);
#4232 = EDGE_CURVE('',#4225,#4178,#4233,.T.);
#4233 = LINE('',#4234,#4235);
#4234 = CARTESIAN_POINT('',(-36.935,-5.31,-29.1));
#4235 = VECTOR('',#4236,1.);
#4236 = DIRECTION('',(-0.,1.,0.));
#4237 = ORIENTED_EDGE('',*,*,#4186,.T.);
#4238 = ORIENTED_EDGE('',*,*,#567,.F.);
#4239 = PLANE('',#4240);
#4240 = AXIS2_PLACEMENT_3D('',#4241,#4242,#4243);
#4241 = CARTESIAN_POINT('',(-36.935,22.86,-30.1));
#4242 = DIRECTION('',(1.,0.,-0.));
#4243 = DIRECTION('',(0.,0.,1.));
#4244 = ADVANCED_FACE('',(#4245),#4257,.F.);
#4245 = FACE_BOUND('',#4246,.F.);
#4246 = EDGE_LOOP('',(#4247,#4248,#4249,#4250));
#4247 = ORIENTED_EDGE('',*,*,#4200,.T.);
#4248 = ORIENTED_EDGE('',*,*,#558,.F.);
#4249 = ORIENTED_EDGE('',*,*,#4224,.F.);
#4250 = ORIENTED_EDGE('',*,*,#4251,.T.);
#4251 = EDGE_CURVE('',#4225,#4201,#4252,.T.);
#4252 = CIRCLE('',#4253,1.375);
#4253 = AXIS2_PLACEMENT_3D('',#4254,#4255,#4256);
#4254 = CARTESIAN_POINT('',(-35.56,22.86,-29.1));
#4255 = DIRECTION('',(0.,0.,1.));
#4256 = DIRECTION('',(1.,0.,-0.));
#4257 = CYLINDRICAL_SURFACE('',#4258,1.375);
#4258 = AXIS2_PLACEMENT_3D('',#4259,#4260,#4261);
#4259 = CARTESIAN_POINT('',(-35.56,22.86,-30.1));
#4260 = DIRECTION('',(0.,0.,1.));
#4261 = DIRECTION('',(1.,0.,-0.));
#4262 = ADVANCED_FACE('',(#4263),#4289,.F.);
#4263 = FACE_BOUND('',#4264,.F.);
#4264 = EDGE_LOOP('',(#4265,#4266,#4274,#4283));
#4265 = ORIENTED_EDGE('',*,*,#575,.F.);
#4266 = ORIENTED_EDGE('',*,*,#4267,.F.);
#4267 = EDGE_CURVE('',#4268,#576,#4270,.T.);
#4268 = VERTEX_POINT('',#4269);
#4269 = CARTESIAN_POINT('',(-18.945,27.94,-29.1));
#4270 = LINE('',#4271,#4272);
#4271 = CARTESIAN_POINT('',(-18.945,27.94,-30.1));
#4272 = VECTOR('',#4273,1.);
#4273 = DIRECTION('',(0.,0.,1.));
#4274 = ORIENTED_EDGE('',*,*,#4275,.T.);
#4275 = EDGE_CURVE('',#4268,#4276,#4278,.T.);
#4276 = VERTEX_POINT('',#4277);
#4277 = CARTESIAN_POINT('',(-21.695,27.94,-29.1));
#4278 = CIRCLE('',#4279,1.375);
#4279 = AXIS2_PLACEMENT_3D('',#4280,#4281,#4282);
#4280 = CARTESIAN_POINT('',(-20.32,27.94,-29.1));
#4281 = DIRECTION('',(0.,0.,1.));
#4282 = DIRECTION('',(1.,0.,-0.));
#4283 = ORIENTED_EDGE('',*,*,#4284,.T.);
#4284 = EDGE_CURVE('',#4276,#578,#4285,.T.);
#4285 = LINE('',#4286,#4287);
#4286 = CARTESIAN_POINT('',(-21.695,27.94,-30.1));
#4287 = VECTOR('',#4288,1.);
#4288 = DIRECTION('',(0.,0.,1.));
#4289 = CYLINDRICAL_SURFACE('',#4290,1.375);
#4290 = AXIS2_PLACEMENT_3D('',#4291,#4292,#4293);
#4291 = CARTESIAN_POINT('',(-20.32,27.94,-30.1));
#4292 = DIRECTION('',(0.,0.,1.));
#4293 = DIRECTION('',(1.,0.,-0.));
#4294 = ADVANCED_FACE('',(#4295),#4313,.F.);
#4295 = FACE_BOUND('',#4296,.F.);
#4296 = EDGE_LOOP('',(#4297,#4305,#4311,#4312));
#4297 = ORIENTED_EDGE('',*,*,#4298,.F.);
#4298 = EDGE_CURVE('',#4299,#587,#4301,.T.);
#4299 = VERTEX_POINT('',#4300);
#4300 = CARTESIAN_POINT('',(-18.945,22.86,-29.1));
#4301 = LINE('',#4302,#4303);
#4302 = CARTESIAN_POINT('',(-18.945,22.86,-30.1));
#4303 = VECTOR('',#4304,1.);
#4304 = DIRECTION('',(0.,0.,1.));
#4305 = ORIENTED_EDGE('',*,*,#4306,.T.);
#4306 = EDGE_CURVE('',#4299,#4268,#4307,.T.);
#4307 = LINE('',#4308,#4309);
#4308 = CARTESIAN_POINT('',(-18.945,-5.31,-29.1));
#4309 = VECTOR('',#4310,1.);
#4310 = DIRECTION('',(-0.,1.,0.));
#4311 = ORIENTED_EDGE('',*,*,#4267,.T.);
#4312 = ORIENTED_EDGE('',*,*,#586,.F.);
#4313 = PLANE('',#4314);
#4314 = AXIS2_PLACEMENT_3D('',#4315,#4316,#4317);
#4315 = CARTESIAN_POINT('',(-18.945,22.86,-30.1));
#4316 = DIRECTION('',(1.,0.,-0.));
#4317 = DIRECTION('',(0.,0.,1.));
#4318 = ADVANCED_FACE('',(#4319),#4337,.T.);
#4319 = FACE_BOUND('',#4320,.T.);
#4320 = EDGE_LOOP('',(#4321,#4329,#4335,#4336));
#4321 = ORIENTED_EDGE('',*,*,#4322,.F.);
#4322 = EDGE_CURVE('',#4323,#595,#4325,.T.);
#4323 = VERTEX_POINT('',#4324);
#4324 = CARTESIAN_POINT('',(-21.695,22.86,-29.1));
#4325 = LINE('',#4326,#4327);
#4326 = CARTESIAN_POINT('',(-21.695,22.86,-30.1));
#4327 = VECTOR('',#4328,1.);
#4328 = DIRECTION('',(0.,0.,1.));
#4329 = ORIENTED_EDGE('',*,*,#4330,.T.);
#4330 = EDGE_CURVE('',#4323,#4276,#4331,.T.);
#4331 = LINE('',#4332,#4333);
#4332 = CARTESIAN_POINT('',(-21.695,-5.31,-29.1));
#4333 = VECTOR('',#4334,1.);
#4334 = DIRECTION('',(-0.,1.,0.));
#4335 = ORIENTED_EDGE('',*,*,#4284,.T.);
#4336 = ORIENTED_EDGE('',*,*,#603,.F.);
#4337 = PLANE('',#4338);
#4338 = AXIS2_PLACEMENT_3D('',#4339,#4340,#4341);
#4339 = CARTESIAN_POINT('',(-21.695,22.86,-30.1));
#4340 = DIRECTION('',(1.,0.,-0.));
#4341 = DIRECTION('',(0.,0.,1.));
#4342 = ADVANCED_FACE('',(#4343),#4355,.F.);
#4343 = FACE_BOUND('',#4344,.F.);
#4344 = EDGE_LOOP('',(#4345,#4346,#4347,#4348));
#4345 = ORIENTED_EDGE('',*,*,#4298,.T.);
#4346 = ORIENTED_EDGE('',*,*,#594,.F.);
#4347 = ORIENTED_EDGE('',*,*,#4322,.F.);
#4348 = ORIENTED_EDGE('',*,*,#4349,.T.);
#4349 = EDGE_CURVE('',#4323,#4299,#4350,.T.);
#4350 = CIRCLE('',#4351,1.375);
#4351 = AXIS2_PLACEMENT_3D('',#4352,#4353,#4354);
#4352 = CARTESIAN_POINT('',(-20.32,22.86,-29.1));
#4353 = DIRECTION('',(0.,0.,1.));
#4354 = DIRECTION('',(1.,0.,-0.));
#4355 = CYLINDRICAL_SURFACE('',#4356,1.375);
#4356 = AXIS2_PLACEMENT_3D('',#4357,#4358,#4359);
#4357 = CARTESIAN_POINT('',(-20.32,22.86,-30.1));
#4358 = DIRECTION('',(0.,0.,1.));
#4359 = DIRECTION('',(1.,0.,-0.));
#4360 = ADVANCED_FACE('',(#4361),#4387,.F.);
#4361 = FACE_BOUND('',#4362,.F.);
#4362 = EDGE_LOOP('',(#4363,#4364,#4372,#4381));
#4363 = ORIENTED_EDGE('',*,*,#611,.F.);
#4364 = ORIENTED_EDGE('',*,*,#4365,.F.);
#4365 = EDGE_CURVE('',#4366,#612,#4368,.T.);
#4366 = VERTEX_POINT('',#4367);
#4367 = CARTESIAN_POINT('',(15.24,29.315,-29.1));
#4368 = LINE('',#4369,#4370);
#4369 = CARTESIAN_POINT('',(15.24,29.315,-30.1));
#4370 = VECTOR('',#4371,1.);
#4371 = DIRECTION('',(0.,0.,1.));
#4372 = ORIENTED_EDGE('',*,*,#4373,.T.);
#4373 = EDGE_CURVE('',#4366,#4374,#4376,.T.);
#4374 = VERTEX_POINT('',#4375);
#4375 = CARTESIAN_POINT('',(15.24,26.565,-29.1));
#4376 = CIRCLE('',#4377,1.375);
#4377 = AXIS2_PLACEMENT_3D('',#4378,#4379,#4380);
#4378 = CARTESIAN_POINT('',(15.24,27.94,-29.1));
#4379 = DIRECTION('',(0.,0.,1.));
#4380 = DIRECTION('',(1.,0.,-0.));
#4381 = ORIENTED_EDGE('',*,*,#4382,.T.);
#4382 = EDGE_CURVE('',#4374,#614,#4383,.T.);
#4383 = LINE('',#4384,#4385);
#4384 = CARTESIAN_POINT('',(15.24,26.565,-30.1));
#4385 = VECTOR('',#4386,1.);
#4386 = DIRECTION('',(0.,0.,1.));
#4387 = CYLINDRICAL_SURFACE('',#4388,1.375);
#4388 = AXIS2_PLACEMENT_3D('',#4389,#4390,#4391);
#4389 = CARTESIAN_POINT('',(15.24,27.94,-30.1));
#4390 = DIRECTION('',(0.,0.,1.));
#4391 = DIRECTION('',(1.,0.,-0.));
#4392 = ADVANCED_FACE('',(#4393),#4411,.F.);
#4393 = FACE_BOUND('',#4394,.F.);
#4394 = EDGE_LOOP('',(#4395,#4403,#4404,#4405));
#4395 = ORIENTED_EDGE('',*,*,#4396,.T.);
#4396 = EDGE_CURVE('',#4397,#4366,#4399,.T.);
#4397 = VERTEX_POINT('',#4398);
#4398 = CARTESIAN_POINT('',(20.32,29.315,-29.1));
#4399 = LINE('',#4400,#4401);
#4400 = CARTESIAN_POINT('',(-12.93,29.315,-29.1));
#4401 = VECTOR('',#4402,1.);
#4402 = DIRECTION('',(-1.,-0.,0.));
#4403 = ORIENTED_EDGE('',*,*,#4365,.T.);
#4404 = ORIENTED_EDGE('',*,*,#622,.F.);
#4405 = ORIENTED_EDGE('',*,*,#4406,.F.);
#4406 = EDGE_CURVE('',#4397,#623,#4407,.T.);
#4407 = LINE('',#4408,#4409);
#4408 = CARTESIAN_POINT('',(20.32,29.315,-30.1));
#4409 = VECTOR('',#4410,1.);
#4410 = DIRECTION('',(0.,0.,1.));
#4411 = PLANE('',#4412);
#4412 = AXIS2_PLACEMENT_3D('',#4413,#4414,#4415);
#4413 = CARTESIAN_POINT('',(15.24,29.315,-30.1));
#4414 = DIRECTION('',(-0.,1.,0.));
#4415 = DIRECTION('',(0.,0.,1.));
#4416 = ADVANCED_FACE('',(#4417),#4435,.T.);
#4417 = FACE_BOUND('',#4418,.T.);
#4418 = EDGE_LOOP('',(#4419,#4427,#4428,#4429));
#4419 = ORIENTED_EDGE('',*,*,#4420,.T.);
#4420 = EDGE_CURVE('',#4421,#4374,#4423,.T.);
#4421 = VERTEX_POINT('',#4422);
#4422 = CARTESIAN_POINT('',(20.32,26.565,-29.1));
#4423 = LINE('',#4424,#4425);
#4424 = CARTESIAN_POINT('',(-12.93,26.565,-29.1));
#4425 = VECTOR('',#4426,1.);
#4426 = DIRECTION('',(-1.,-0.,0.));
#4427 = ORIENTED_EDGE('',*,*,#4382,.T.);
#4428 = ORIENTED_EDGE('',*,*,#648,.F.);
#4429 = ORIENTED_EDGE('',*,*,#4430,.F.);
#4430 = EDGE_CURVE('',#4421,#640,#4431,.T.);
#4431 = LINE('',#4432,#4433);
#4432 = CARTESIAN_POINT('',(20.32,26.565,-30.1));
#4433 = VECTOR('',#4434,1.);
#4434 = DIRECTION('',(0.,0.,1.));
#4435 = PLANE('',#4436);
#4436 = AXIS2_PLACEMENT_3D('',#4437,#4438,#4439);
#4437 = CARTESIAN_POINT('',(15.24,26.565,-30.1));
#4438 = DIRECTION('',(-0.,1.,0.));
#4439 = DIRECTION('',(0.,0.,1.));
#4440 = ADVANCED_FACE('',(#4441),#4467,.F.);
#4441 = FACE_BOUND('',#4442,.F.);
#4442 = EDGE_LOOP('',(#4443,#4444,#4452,#4461));
#4443 = ORIENTED_EDGE('',*,*,#656,.F.);
#4444 = ORIENTED_EDGE('',*,*,#4445,.F.);
#4445 = EDGE_CURVE('',#4446,#657,#4448,.T.);
#4446 = VERTEX_POINT('',#4447);
#4447 = CARTESIAN_POINT('',(11.535,27.94,-29.1));
#4448 = LINE('',#4449,#4450);
#4449 = CARTESIAN_POINT('',(11.535,27.94,-30.1));
#4450 = VECTOR('',#4451,1.);
#4451 = DIRECTION('',(0.,0.,1.));
#4452 = ORIENTED_EDGE('',*,*,#4453,.T.);
#4453 = EDGE_CURVE('',#4446,#4454,#4456,.T.);
#4454 = VERTEX_POINT('',#4455);
#4455 = CARTESIAN_POINT('',(8.785,27.94,-29.1));
#4456 = CIRCLE('',#4457,1.375);
#4457 = AXIS2_PLACEMENT_3D('',#4458,#4459,#4460);
#4458 = CARTESIAN_POINT('',(10.16,27.94,-29.1));
#4459 = DIRECTION('',(0.,0.,1.));
#4460 = DIRECTION('',(1.,0.,-0.));
#4461 = ORIENTED_EDGE('',*,*,#4462,.T.);
#4462 = EDGE_CURVE('',#4454,#659,#4463,.T.);
#4463 = LINE('',#4464,#4465);
#4464 = CARTESIAN_POINT('',(8.785,27.94,-30.1));
#4465 = VECTOR('',#4466,1.);
#4466 = DIRECTION('',(0.,0.,1.));
#4467 = CYLINDRICAL_SURFACE('',#4468,1.375);
#4468 = AXIS2_PLACEMENT_3D('',#4469,#4470,#4471);
#4469 = CARTESIAN_POINT('',(10.16,27.94,-30.1));
#4470 = DIRECTION('',(0.,0.,1.));
#4471 = DIRECTION('',(1.,0.,-0.));
#4472 = ADVANCED_FACE('',(#4473),#4491,.F.);
#4473 = FACE_BOUND('',#4474,.F.);
#4474 = EDGE_LOOP('',(#4475,#4483,#4489,#4490));
#4475 = ORIENTED_EDGE('',*,*,#4476,.F.);
#4476 = EDGE_CURVE('',#4477,#668,#4479,.T.);
#4477 = VERTEX_POINT('',#4478);
#4478 = CARTESIAN_POINT('',(11.535,22.86,-29.1));
#4479 = LINE('',#4480,#4481);
#4480 = CARTESIAN_POINT('',(11.535,22.86,-30.1));
#4481 = VECTOR('',#4482,1.);
#4482 = DIRECTION('',(0.,0.,1.));
#4483 = ORIENTED_EDGE('',*,*,#4484,.T.);
#4484 = EDGE_CURVE('',#4477,#4446,#4485,.T.);
#4485 = LINE('',#4486,#4487);
#4486 = CARTESIAN_POINT('',(11.535,-5.31,-29.1));
#4487 = VECTOR('',#4488,1.);
#4488 = DIRECTION('',(-0.,1.,0.));
#4489 = ORIENTED_EDGE('',*,*,#4445,.T.);
#4490 = ORIENTED_EDGE('',*,*,#667,.F.);
#4491 = PLANE('',#4492);
#4492 = AXIS2_PLACEMENT_3D('',#4493,#4494,#4495);
#4493 = CARTESIAN_POINT('',(11.535,22.86,-30.1));
#4494 = DIRECTION('',(1.,0.,-0.));
#4495 = DIRECTION('',(0.,0.,1.));
#4496 = ADVANCED_FACE('',(#4497),#4515,.T.);
#4497 = FACE_BOUND('',#4498,.T.);
#4498 = EDGE_LOOP('',(#4499,#4507,#4513,#4514));
#4499 = ORIENTED_EDGE('',*,*,#4500,.F.);
#4500 = EDGE_CURVE('',#4501,#676,#4503,.T.);
#4501 = VERTEX_POINT('',#4502);
#4502 = CARTESIAN_POINT('',(8.785,22.86,-29.1));
#4503 = LINE('',#4504,#4505);
#4504 = CARTESIAN_POINT('',(8.785,22.86,-30.1));
#4505 = VECTOR('',#4506,1.);
#4506 = DIRECTION('',(0.,0.,1.));
#4507 = ORIENTED_EDGE('',*,*,#4508,.T.);
#4508 = EDGE_CURVE('',#4501,#4454,#4509,.T.);
#4509 = LINE('',#4510,#4511);
#4510 = CARTESIAN_POINT('',(8.785,-5.31,-29.1));
#4511 = VECTOR('',#4512,1.);
#4512 = DIRECTION('',(-0.,1.,0.));
#4513 = ORIENTED_EDGE('',*,*,#4462,.T.);
#4514 = ORIENTED_EDGE('',*,*,#684,.F.);
#4515 = PLANE('',#4516);
#4516 = AXIS2_PLACEMENT_3D('',#4517,#4518,#4519);
#4517 = CARTESIAN_POINT('',(8.785,22.86,-30.1));
#4518 = DIRECTION('',(1.,0.,-0.));
#4519 = DIRECTION('',(0.,0.,1.));
#4520 = ADVANCED_FACE('',(#4521),#4533,.F.);
#4521 = FACE_BOUND('',#4522,.F.);
#4522 = EDGE_LOOP('',(#4523,#4524,#4525,#4526));
#4523 = ORIENTED_EDGE('',*,*,#4476,.T.);
#4524 = ORIENTED_EDGE('',*,*,#675,.F.);
#4525 = ORIENTED_EDGE('',*,*,#4500,.F.);
#4526 = ORIENTED_EDGE('',*,*,#4527,.T.);
#4527 = EDGE_CURVE('',#4501,#4477,#4528,.T.);
#4528 = CIRCLE('',#4529,1.375);
#4529 = AXIS2_PLACEMENT_3D('',#4530,#4531,#4532);
#4530 = CARTESIAN_POINT('',(10.16,22.86,-29.1));
#4531 = DIRECTION('',(0.,0.,1.));
#4532 = DIRECTION('',(1.,0.,-0.));
#4533 = CYLINDRICAL_SURFACE('',#4534,1.375);
#4534 = AXIS2_PLACEMENT_3D('',#4535,#4536,#4537);
#4535 = CARTESIAN_POINT('',(10.16,22.86,-30.1));
#4536 = DIRECTION('',(0.,0.,1.));
#4537 = DIRECTION('',(1.,0.,-0.));
#4538 = ADVANCED_FACE('',(#4539),#4565,.F.);
#4539 = FACE_BOUND('',#4540,.F.);
#4540 = EDGE_LOOP('',(#4541,#4542,#4550,#4559));
#4541 = ORIENTED_EDGE('',*,*,#692,.F.);
#4542 = ORIENTED_EDGE('',*,*,#4543,.F.);
#4543 = EDGE_CURVE('',#4544,#693,#4546,.T.);
#4544 = VERTEX_POINT('',#4545);
#4545 = CARTESIAN_POINT('',(15.24,-16.405,-29.1));
#4546 = LINE('',#4547,#4548);
#4547 = CARTESIAN_POINT('',(15.24,-16.405,-30.1));
#4548 = VECTOR('',#4549,1.);
#4549 = DIRECTION('',(0.,0.,1.));
#4550 = ORIENTED_EDGE('',*,*,#4551,.T.);
#4551 = EDGE_CURVE('',#4544,#4552,#4554,.T.);
#4552 = VERTEX_POINT('',#4553);
#4553 = CARTESIAN_POINT('',(15.24,-19.155,-29.1));
#4554 = CIRCLE('',#4555,1.375);
#4555 = AXIS2_PLACEMENT_3D('',#4556,#4557,#4558);
#4556 = CARTESIAN_POINT('',(15.24,-17.78,-29.1));
#4557 = DIRECTION('',(0.,0.,1.));
#4558 = DIRECTION('',(1.,0.,-0.));
#4559 = ORIENTED_EDGE('',*,*,#4560,.T.);
#4560 = EDGE_CURVE('',#4552,#695,#4561,.T.);
#4561 = LINE('',#4562,#4563);
#4562 = CARTESIAN_POINT('',(15.24,-19.155,-30.1));
#4563 = VECTOR('',#4564,1.);
#4564 = DIRECTION('',(0.,0.,1.));
#4565 = CYLINDRICAL_SURFACE('',#4566,1.375);
#4566 = AXIS2_PLACEMENT_3D('',#4567,#4568,#4569);
#4567 = CARTESIAN_POINT('',(15.24,-17.78,-30.1));
#4568 = DIRECTION('',(0.,0.,1.));
#4569 = DIRECTION('',(1.,0.,-0.));
#4570 = ADVANCED_FACE('',(#4571),#4589,.F.);
#4571 = FACE_BOUND('',#4572,.F.);
#4572 = EDGE_LOOP('',(#4573,#4581,#4582,#4583));
#4573 = ORIENTED_EDGE('',*,*,#4574,.T.);
#4574 = EDGE_CURVE('',#4575,#4544,#4577,.T.);
#4575 = VERTEX_POINT('',#4576);
#4576 = CARTESIAN_POINT('',(20.32,-16.405,-29.1));
#4577 = LINE('',#4578,#4579);
#4578 = CARTESIAN_POINT('',(-12.93,-16.405,-29.1));
#4579 = VECTOR('',#4580,1.);
#4580 = DIRECTION('',(-1.,-0.,0.));
#4581 = ORIENTED_EDGE('',*,*,#4543,.T.);
#4582 = ORIENTED_EDGE('',*,*,#703,.F.);
#4583 = ORIENTED_EDGE('',*,*,#4584,.F.);
#4584 = EDGE_CURVE('',#4575,#704,#4585,.T.);
#4585 = LINE('',#4586,#4587);
#4586 = CARTESIAN_POINT('',(20.32,-16.405,-30.1));
#4587 = VECTOR('',#4588,1.);
#4588 = DIRECTION('',(0.,0.,1.));
#4589 = PLANE('',#4590);
#4590 = AXIS2_PLACEMENT_3D('',#4591,#4592,#4593);
#4591 = CARTESIAN_POINT('',(15.24,-16.405,-30.1));
#4592 = DIRECTION('',(-0.,1.,0.));
#4593 = DIRECTION('',(0.,0.,1.));
#4594 = ADVANCED_FACE('',(#4595),#4613,.T.);
#4595 = FACE_BOUND('',#4596,.T.);
#4596 = EDGE_LOOP('',(#4597,#4605,#4606,#4607));
#4597 = ORIENTED_EDGE('',*,*,#4598,.T.);
#4598 = EDGE_CURVE('',#4599,#4552,#4601,.T.);
#4599 = VERTEX_POINT('',#4600);
#4600 = CARTESIAN_POINT('',(20.32,-19.155,-29.1));
#4601 = LINE('',#4602,#4603);
#4602 = CARTESIAN_POINT('',(-12.93,-19.155,-29.1));
#4603 = VECTOR('',#4604,1.);
#4604 = DIRECTION('',(-1.,-0.,0.));
#4605 = ORIENTED_EDGE('',*,*,#4560,.T.);
#4606 = ORIENTED_EDGE('',*,*,#729,.F.);
#4607 = ORIENTED_EDGE('',*,*,#4608,.F.);
#4608 = EDGE_CURVE('',#4599,#721,#4609,.T.);
#4609 = LINE('',#4610,#4611);
#4610 = CARTESIAN_POINT('',(20.32,-19.155,-30.1));
#4611 = VECTOR('',#4612,1.);
#4612 = DIRECTION('',(0.,0.,1.));
#4613 = PLANE('',#4614);
#4614 = AXIS2_PLACEMENT_3D('',#4615,#4616,#4617);
#4615 = CARTESIAN_POINT('',(15.24,-19.155,-30.1));
#4616 = DIRECTION('',(-0.,1.,0.));
#4617 = DIRECTION('',(0.,0.,1.));
#4618 = ADVANCED_FACE('',(#4619),#4645,.F.);
#4619 = FACE_BOUND('',#4620,.F.);
#4620 = EDGE_LOOP('',(#4621,#4622,#4630,#4639));
#4621 = ORIENTED_EDGE('',*,*,#737,.F.);
#4622 = ORIENTED_EDGE('',*,*,#4623,.F.);
#4623 = EDGE_CURVE('',#4624,#738,#4626,.T.);
#4624 = VERTEX_POINT('',#4625);
#4625 = CARTESIAN_POINT('',(15.24,14.075,-29.1));
#4626 = LINE('',#4627,#4628);
#4627 = CARTESIAN_POINT('',(15.24,14.075,-30.1));
#4628 = VECTOR('',#4629,1.);
#4629 = DIRECTION('',(0.,0.,1.));
#4630 = ORIENTED_EDGE('',*,*,#4631,.T.);
#4631 = EDGE_CURVE('',#4624,#4632,#4634,.T.);
#4632 = VERTEX_POINT('',#4633);
#4633 = CARTESIAN_POINT('',(15.24,11.325,-29.1));
#4634 = CIRCLE('',#4635,1.375);
#4635 = AXIS2_PLACEMENT_3D('',#4636,#4637,#4638);
#4636 = CARTESIAN_POINT('',(15.24,12.7,-29.1));
#4637 = DIRECTION('',(0.,0.,1.));
#4638 = DIRECTION('',(1.,0.,-0.));
#4639 = ORIENTED_EDGE('',*,*,#4640,.T.);
#4640 = EDGE_CURVE('',#4632,#740,#4641,.T.);
#4641 = LINE('',#4642,#4643);
#4642 = CARTESIAN_POINT('',(15.24,11.325,-30.1));
#4643 = VECTOR('',#4644,1.);
#4644 = DIRECTION('',(0.,0.,1.));
#4645 = CYLINDRICAL_SURFACE('',#4646,1.375);
#4646 = AXIS2_PLACEMENT_3D('',#4647,#4648,#4649);
#4647 = CARTESIAN_POINT('',(15.24,12.7,-30.1));
#4648 = DIRECTION('',(0.,0.,1.));
#4649 = DIRECTION('',(1.,0.,-0.));
#4650 = ADVANCED_FACE('',(#4651),#4669,.F.);
#4651 = FACE_BOUND('',#4652,.F.);
#4652 = EDGE_LOOP('',(#4653,#4661,#4662,#4663));
#4653 = ORIENTED_EDGE('',*,*,#4654,.T.);
#4654 = EDGE_CURVE('',#4655,#4624,#4657,.T.);
#4655 = VERTEX_POINT('',#4656);
#4656 = CARTESIAN_POINT('',(20.32,14.075,-29.1));
#4657 = LINE('',#4658,#4659);
#4658 = CARTESIAN_POINT('',(-12.93,14.075,-29.1));
#4659 = VECTOR('',#4660,1.);
#4660 = DIRECTION('',(-1.,-0.,0.));
#4661 = ORIENTED_EDGE('',*,*,#4623,.T.);
#4662 = ORIENTED_EDGE('',*,*,#748,.F.);
#4663 = ORIENTED_EDGE('',*,*,#4664,.F.);
#4664 = EDGE_CURVE('',#4655,#749,#4665,.T.);
#4665 = LINE('',#4666,#4667);
#4666 = CARTESIAN_POINT('',(20.32,14.075,-30.1));
#4667 = VECTOR('',#4668,1.);
#4668 = DIRECTION('',(0.,0.,1.));
#4669 = PLANE('',#4670);
#4670 = AXIS2_PLACEMENT_3D('',#4671,#4672,#4673);
#4671 = CARTESIAN_POINT('',(15.24,14.075,-30.1));
#4672 = DIRECTION('',(-0.,1.,0.));
#4673 = DIRECTION('',(0.,0.,1.));
#4674 = ADVANCED_FACE('',(#4675),#4693,.T.);
#4675 = FACE_BOUND('',#4676,.T.);
#4676 = EDGE_LOOP('',(#4677,#4685,#4686,#4687));
#4677 = ORIENTED_EDGE('',*,*,#4678,.T.);
#4678 = EDGE_CURVE('',#4679,#4632,#4681,.T.);
#4679 = VERTEX_POINT('',#4680);
#4680 = CARTESIAN_POINT('',(20.32,11.325,-29.1));
#4681 = LINE('',#4682,#4683);
#4682 = CARTESIAN_POINT('',(-12.93,11.325,-29.1));
#4683 = VECTOR('',#4684,1.);
#4684 = DIRECTION('',(-1.,-0.,0.));
#4685 = ORIENTED_EDGE('',*,*,#4640,.T.);
#4686 = ORIENTED_EDGE('',*,*,#774,.F.);
#4687 = ORIENTED_EDGE('',*,*,#4688,.F.);
#4688 = EDGE_CURVE('',#4679,#766,#4689,.T.);
#4689 = LINE('',#4690,#4691);
#4690 = CARTESIAN_POINT('',(20.32,11.325,-30.1));
#4691 = VECTOR('',#4692,1.);
#4692 = DIRECTION('',(0.,0.,1.));
#4693 = PLANE('',#4694);
#4694 = AXIS2_PLACEMENT_3D('',#4695,#4696,#4697);
#4695 = CARTESIAN_POINT('',(15.24,11.325,-30.1));
#4696 = DIRECTION('',(-0.,1.,0.));
#4697 = DIRECTION('',(0.,0.,1.));
#4698 = ADVANCED_FACE('',(#4699),#4725,.F.);
#4699 = FACE_BOUND('',#4700,.F.);
#4700 = EDGE_LOOP('',(#4701,#4702,#4710,#4719));
#4701 = ORIENTED_EDGE('',*,*,#782,.F.);
#4702 = ORIENTED_EDGE('',*,*,#4703,.F.);
#4703 = EDGE_CURVE('',#4704,#783,#4706,.T.);
#4704 = VERTEX_POINT('',#4705);
#4705 = CARTESIAN_POINT('',(26.775,-17.78,-29.1));
#4706 = LINE('',#4707,#4708);
#4707 = CARTESIAN_POINT('',(26.775,-17.78,-30.1));
#4708 = VECTOR('',#4709,1.);
#4709 = DIRECTION('',(0.,0.,1.));
#4710 = ORIENTED_EDGE('',*,*,#4711,.T.);
#4711 = EDGE_CURVE('',#4704,#4712,#4714,.T.);
#4712 = VERTEX_POINT('',#4713);
#4713 = CARTESIAN_POINT('',(24.025,-17.78,-29.1));
#4714 = CIRCLE('',#4715,1.375);
#4715 = AXIS2_PLACEMENT_3D('',#4716,#4717,#4718);
#4716 = CARTESIAN_POINT('',(25.4,-17.78,-29.1));
#4717 = DIRECTION('',(0.,0.,1.));
#4718 = DIRECTION('',(1.,0.,-0.));
#4719 = ORIENTED_EDGE('',*,*,#4720,.T.);
#4720 = EDGE_CURVE('',#4712,#785,#4721,.T.);
#4721 = LINE('',#4722,#4723);
#4722 = CARTESIAN_POINT('',(24.025,-17.78,-30.1));
#4723 = VECTOR('',#4724,1.);
#4724 = DIRECTION('',(0.,0.,1.));
#4725 = CYLINDRICAL_SURFACE('',#4726,1.375);
#4726 = AXIS2_PLACEMENT_3D('',#4727,#4728,#4729);
#4727 = CARTESIAN_POINT('',(25.4,-17.78,-30.1));
#4728 = DIRECTION('',(0.,0.,1.));
#4729 = DIRECTION('',(1.,0.,-0.));
#4730 = ADVANCED_FACE('',(#4731),#4749,.F.);
#4731 = FACE_BOUND('',#4732,.F.);
#4732 = EDGE_LOOP('',(#4733,#4741,#4747,#4748));
#4733 = ORIENTED_EDGE('',*,*,#4734,.F.);
#4734 = EDGE_CURVE('',#4735,#794,#4737,.T.);
#4735 = VERTEX_POINT('',#4736);
#4736 = CARTESIAN_POINT('',(26.775,-22.86,-29.1));
#4737 = LINE('',#4738,#4739);
#4738 = CARTESIAN_POINT('',(26.775,-22.86,-30.1));
#4739 = VECTOR('',#4740,1.);
#4740 = DIRECTION('',(0.,0.,1.));
#4741 = ORIENTED_EDGE('',*,*,#4742,.T.);
#4742 = EDGE_CURVE('',#4735,#4704,#4743,.T.);
#4743 = LINE('',#4744,#4745);
#4744 = CARTESIAN_POINT('',(26.775,-28.17,-29.1));
#4745 = VECTOR('',#4746,1.);
#4746 = DIRECTION('',(-0.,1.,0.));
#4747 = ORIENTED_EDGE('',*,*,#4703,.T.);
#4748 = ORIENTED_EDGE('',*,*,#793,.F.);
#4749 = PLANE('',#4750);
#4750 = AXIS2_PLACEMENT_3D('',#4751,#4752,#4753);
#4751 = CARTESIAN_POINT('',(26.775,-22.86,-30.1));
#4752 = DIRECTION('',(1.,0.,-0.));
#4753 = DIRECTION('',(0.,0.,1.));
#4754 = ADVANCED_FACE('',(#4755),#4773,.T.);
#4755 = FACE_BOUND('',#4756,.T.);
#4756 = EDGE_LOOP('',(#4757,#4765,#4771,#4772));
#4757 = ORIENTED_EDGE('',*,*,#4758,.F.);
#4758 = EDGE_CURVE('',#4759,#802,#4761,.T.);
#4759 = VERTEX_POINT('',#4760);
#4760 = CARTESIAN_POINT('',(24.025,-22.86,-29.1));
#4761 = LINE('',#4762,#4763);
#4762 = CARTESIAN_POINT('',(24.025,-22.86,-30.1));
#4763 = VECTOR('',#4764,1.);
#4764 = DIRECTION('',(0.,0.,1.));
#4765 = ORIENTED_EDGE('',*,*,#4766,.T.);
#4766 = EDGE_CURVE('',#4759,#4712,#4767,.T.);
#4767 = LINE('',#4768,#4769);
#4768 = CARTESIAN_POINT('',(24.025,-28.17,-29.1));
#4769 = VECTOR('',#4770,1.);
#4770 = DIRECTION('',(-0.,1.,0.));
#4771 = ORIENTED_EDGE('',*,*,#4720,.T.);
#4772 = ORIENTED_EDGE('',*,*,#810,.F.);
#4773 = PLANE('',#4774);
#4774 = AXIS2_PLACEMENT_3D('',#4775,#4776,#4777);
#4775 = CARTESIAN_POINT('',(24.025,-22.86,-30.1));
#4776 = DIRECTION('',(1.,0.,-0.));
#4777 = DIRECTION('',(0.,0.,1.));
#4778 = ADVANCED_FACE('',(#4779),#4791,.F.);
#4779 = FACE_BOUND('',#4780,.F.);
#4780 = EDGE_LOOP('',(#4781,#4782,#4783,#4784));
#4781 = ORIENTED_EDGE('',*,*,#4734,.T.);
#4782 = ORIENTED_EDGE('',*,*,#801,.F.);
#4783 = ORIENTED_EDGE('',*,*,#4758,.F.);
#4784 = ORIENTED_EDGE('',*,*,#4785,.T.);
#4785 = EDGE_CURVE('',#4759,#4735,#4786,.T.);
#4786 = CIRCLE('',#4787,1.375);
#4787 = AXIS2_PLACEMENT_3D('',#4788,#4789,#4790);
#4788 = CARTESIAN_POINT('',(25.4,-22.86,-29.1));
#4789 = DIRECTION('',(0.,0.,1.));
#4790 = DIRECTION('',(1.,0.,-0.));
#4791 = CYLINDRICAL_SURFACE('',#4792,1.375);
#4792 = AXIS2_PLACEMENT_3D('',#4793,#4794,#4795);
#4793 = CARTESIAN_POINT('',(25.4,-22.86,-30.1));
#4794 = DIRECTION('',(0.,0.,1.));
#4795 = DIRECTION('',(1.,0.,-0.));
#4796 = ADVANCED_FACE('',(#4797),#4823,.F.);
#4797 = FACE_BOUND('',#4798,.F.);
#4798 = EDGE_LOOP('',(#4799,#4800,#4808,#4817));
#4799 = ORIENTED_EDGE('',*,*,#818,.F.);
#4800 = ORIENTED_EDGE('',*,*,#4801,.F.);
#4801 = EDGE_CURVE('',#4802,#819,#4804,.T.);
#4802 = VERTEX_POINT('',#4803);
#4803 = CARTESIAN_POINT('',(-35.56,-11.325,-29.1));
#4804 = LINE('',#4805,#4806);
#4805 = CARTESIAN_POINT('',(-35.56,-11.325,-30.1));
#4806 = VECTOR('',#4807,1.);
#4807 = DIRECTION('',(0.,0.,1.));
#4808 = ORIENTED_EDGE('',*,*,#4809,.T.);
#4809 = EDGE_CURVE('',#4802,#4810,#4812,.T.);
#4810 = VERTEX_POINT('',#4811);
#4811 = CARTESIAN_POINT('',(-35.56,-14.075,-29.1));
#4812 = CIRCLE('',#4813,1.375);
#4813 = AXIS2_PLACEMENT_3D('',#4814,#4815,#4816);
#4814 = CARTESIAN_POINT('',(-35.56,-12.7,-29.1));
#4815 = DIRECTION('',(0.,0.,1.));
#4816 = DIRECTION('',(1.,0.,-0.));
#4817 = ORIENTED_EDGE('',*,*,#4818,.T.);
#4818 = EDGE_CURVE('',#4810,#821,#4819,.T.);
#4819 = LINE('',#4820,#4821);
#4820 = CARTESIAN_POINT('',(-35.56,-14.075,-30.1));
#4821 = VECTOR('',#4822,1.);
#4822 = DIRECTION('',(0.,0.,1.));
#4823 = CYLINDRICAL_SURFACE('',#4824,1.375);
#4824 = AXIS2_PLACEMENT_3D('',#4825,#4826,#4827);
#4825 = CARTESIAN_POINT('',(-35.56,-12.7,-30.1));
#4826 = DIRECTION('',(0.,0.,1.));
#4827 = DIRECTION('',(1.,0.,-0.));
#4828 = ADVANCED_FACE('',(#4829),#4847,.F.);
#4829 = FACE_BOUND('',#4830,.F.);
#4830 = EDGE_LOOP('',(#4831,#4839,#4840,#4841));
#4831 = ORIENTED_EDGE('',*,*,#4832,.T.);
#4832 = EDGE_CURVE('',#4833,#4802,#4835,.T.);
#4833 = VERTEX_POINT('',#4834);
#4834 = CARTESIAN_POINT('',(-30.48,-11.325,-29.1));
#4835 = LINE('',#4836,#4837);
#4836 = CARTESIAN_POINT('',(-38.33,-11.325,-29.1));
#4837 = VECTOR('',#4838,1.);
#4838 = DIRECTION('',(-1.,-0.,0.));
#4839 = ORIENTED_EDGE('',*,*,#4801,.T.);
#4840 = ORIENTED_EDGE('',*,*,#829,.F.);
#4841 = ORIENTED_EDGE('',*,*,#4842,.F.);
#4842 = EDGE_CURVE('',#4833,#830,#4843,.T.);
#4843 = LINE('',#4844,#4845);
#4844 = CARTESIAN_POINT('',(-30.48,-11.325,-30.1));
#4845 = VECTOR('',#4846,1.);
#4846 = DIRECTION('',(0.,0.,1.));
#4847 = PLANE('',#4848);
#4848 = AXIS2_PLACEMENT_3D('',#4849,#4850,#4851);
#4849 = CARTESIAN_POINT('',(-35.56,-11.325,-30.1));
#4850 = DIRECTION('',(-0.,1.,0.));
#4851 = DIRECTION('',(0.,0.,1.));
#4852 = ADVANCED_FACE('',(#4853),#4871,.T.);
#4853 = FACE_BOUND('',#4854,.T.);
#4854 = EDGE_LOOP('',(#4855,#4863,#4864,#4865));
#4855 = ORIENTED_EDGE('',*,*,#4856,.T.);
#4856 = EDGE_CURVE('',#4857,#4810,#4859,.T.);
#4857 = VERTEX_POINT('',#4858);
#4858 = CARTESIAN_POINT('',(-30.48,-14.075,-29.1));
#4859 = LINE('',#4860,#4861);
#4860 = CARTESIAN_POINT('',(-38.33,-14.075,-29.1));
#4861 = VECTOR('',#4862,1.);
#4862 = DIRECTION('',(-1.,-0.,0.));
#4863 = ORIENTED_EDGE('',*,*,#4818,.T.);
#4864 = ORIENTED_EDGE('',*,*,#855,.F.);
#4865 = ORIENTED_EDGE('',*,*,#4866,.F.);
#4866 = EDGE_CURVE('',#4857,#847,#4867,.T.);
#4867 = LINE('',#4868,#4869);
#4868 = CARTESIAN_POINT('',(-30.48,-14.075,-30.1));
#4869 = VECTOR('',#4870,1.);
#4870 = DIRECTION('',(0.,0.,1.));
#4871 = PLANE('',#4872);
#4872 = AXIS2_PLACEMENT_3D('',#4873,#4874,#4875);
#4873 = CARTESIAN_POINT('',(-35.56,-14.075,-30.1));
#4874 = DIRECTION('',(-0.,1.,0.));
#4875 = DIRECTION('',(0.,0.,1.));
#4876 = ADVANCED_FACE('',(#4877),#4903,.F.);
#4877 = FACE_BOUND('',#4878,.F.);
#4878 = EDGE_LOOP('',(#4879,#4880,#4888,#4897));
#4879 = ORIENTED_EDGE('',*,*,#863,.F.);
#4880 = ORIENTED_EDGE('',*,*,#4881,.F.);
#4881 = EDGE_CURVE('',#4882,#864,#4884,.T.);
#4882 = VERTEX_POINT('',#4883);
#4883 = CARTESIAN_POINT('',(-24.025,-7.62,-29.1));
#4884 = LINE('',#4885,#4886);
#4885 = CARTESIAN_POINT('',(-24.025,-7.62,-30.1));
#4886 = VECTOR('',#4887,1.);
#4887 = DIRECTION('',(0.,0.,1.));
#4888 = ORIENTED_EDGE('',*,*,#4889,.T.);
#4889 = EDGE_CURVE('',#4882,#4890,#4892,.T.);
#4890 = VERTEX_POINT('',#4891);
#4891 = CARTESIAN_POINT('',(-26.775,-7.62,-29.1));
#4892 = CIRCLE('',#4893,1.375);
#4893 = AXIS2_PLACEMENT_3D('',#4894,#4895,#4896);
#4894 = CARTESIAN_POINT('',(-25.4,-7.62,-29.1));
#4895 = DIRECTION('',(0.,0.,1.));
#4896 = DIRECTION('',(1.,0.,-0.));
#4897 = ORIENTED_EDGE('',*,*,#4898,.T.);
#4898 = EDGE_CURVE('',#4890,#866,#4899,.T.);
#4899 = LINE('',#4900,#4901);
#4900 = CARTESIAN_POINT('',(-26.775,-7.62,-30.1));
#4901 = VECTOR('',#4902,1.);
#4902 = DIRECTION('',(0.,0.,1.));
#4903 = CYLINDRICAL_SURFACE('',#4904,1.375);
#4904 = AXIS2_PLACEMENT_3D('',#4905,#4906,#4907);
#4905 = CARTESIAN_POINT('',(-25.4,-7.62,-30.1));
#4906 = DIRECTION('',(0.,0.,1.));
#4907 = DIRECTION('',(1.,0.,-0.));
#4908 = ADVANCED_FACE('',(#4909),#4927,.F.);
#4909 = FACE_BOUND('',#4910,.F.);
#4910 = EDGE_LOOP('',(#4911,#4919,#4925,#4926));
#4911 = ORIENTED_EDGE('',*,*,#4912,.F.);
#4912 = EDGE_CURVE('',#4913,#875,#4915,.T.);
#4913 = VERTEX_POINT('',#4914);
#4914 = CARTESIAN_POINT('',(-24.025,-12.7,-29.1));
#4915 = LINE('',#4916,#4917);
#4916 = CARTESIAN_POINT('',(-24.025,-12.7,-30.1));
#4917 = VECTOR('',#4918,1.);
#4918 = DIRECTION('',(0.,0.,1.));
#4919 = ORIENTED_EDGE('',*,*,#4920,.T.);
#4920 = EDGE_CURVE('',#4913,#4882,#4921,.T.);
#4921 = LINE('',#4922,#4923);
#4922 = CARTESIAN_POINT('',(-24.025,-23.09,-29.1));
#4923 = VECTOR('',#4924,1.);
#4924 = DIRECTION('',(-0.,1.,0.));
#4925 = ORIENTED_EDGE('',*,*,#4881,.T.);
#4926 = ORIENTED_EDGE('',*,*,#874,.F.);
#4927 = PLANE('',#4928);
#4928 = AXIS2_PLACEMENT_3D('',#4929,#4930,#4931);
#4929 = CARTESIAN_POINT('',(-24.025,-12.7,-30.1));
#4930 = DIRECTION('',(1.,0.,-0.));
#4931 = DIRECTION('',(0.,0.,1.));
#4932 = ADVANCED_FACE('',(#4933),#4951,.T.);
#4933 = FACE_BOUND('',#4934,.T.);
#4934 = EDGE_LOOP('',(#4935,#4943,#4949,#4950));
#4935 = ORIENTED_EDGE('',*,*,#4936,.F.);
#4936 = EDGE_CURVE('',#4937,#883,#4939,.T.);
#4937 = VERTEX_POINT('',#4938);
#4938 = CARTESIAN_POINT('',(-26.775,-12.7,-29.1));
#4939 = LINE('',#4940,#4941);
#4940 = CARTESIAN_POINT('',(-26.775,-12.7,-30.1));
#4941 = VECTOR('',#4942,1.);
#4942 = DIRECTION('',(0.,0.,1.));
#4943 = ORIENTED_EDGE('',*,*,#4944,.T.);
#4944 = EDGE_CURVE('',#4937,#4890,#4945,.T.);
#4945 = LINE('',#4946,#4947);
#4946 = CARTESIAN_POINT('',(-26.775,-23.09,-29.1));
#4947 = VECTOR('',#4948,1.);
#4948 = DIRECTION('',(-0.,1.,0.));
#4949 = ORIENTED_EDGE('',*,*,#4898,.T.);
#4950 = ORIENTED_EDGE('',*,*,#891,.F.);
#4951 = PLANE('',#4952);
#4952 = AXIS2_PLACEMENT_3D('',#4953,#4954,#4955);
#4953 = CARTESIAN_POINT('',(-26.775,-12.7,-30.1));
#4954 = DIRECTION('',(1.,0.,-0.));
#4955 = DIRECTION('',(0.,0.,1.));
#4956 = ADVANCED_FACE('',(#4957),#4969,.F.);
#4957 = FACE_BOUND('',#4958,.F.);
#4958 = EDGE_LOOP('',(#4959,#4960,#4961,#4962));
#4959 = ORIENTED_EDGE('',*,*,#4912,.T.);
#4960 = ORIENTED_EDGE('',*,*,#882,.F.);
#4961 = ORIENTED_EDGE('',*,*,#4936,.F.);
#4962 = ORIENTED_EDGE('',*,*,#4963,.T.);
#4963 = EDGE_CURVE('',#4937,#4913,#4964,.T.);
#4964 = CIRCLE('',#4965,1.375);
#4965 = AXIS2_PLACEMENT_3D('',#4966,#4967,#4968);
#4966 = CARTESIAN_POINT('',(-25.4,-12.7,-29.1));
#4967 = DIRECTION('',(0.,0.,1.));
#4968 = DIRECTION('',(1.,0.,-0.));
#4969 = CYLINDRICAL_SURFACE('',#4970,1.375);
#4970 = AXIS2_PLACEMENT_3D('',#4971,#4972,#4973);
#4971 = CARTESIAN_POINT('',(-25.4,-12.7,-30.1));
#4972 = DIRECTION('',(0.,0.,1.));
#4973 = DIRECTION('',(1.,0.,-0.));
#4974 = ADVANCED_FACE('',(#4975),#5001,.F.);
#4975 = FACE_BOUND('',#4976,.F.);
#4976 = EDGE_LOOP('',(#4977,#4978,#4986,#4995));
#4977 = ORIENTED_EDGE('',*,*,#899,.F.);
#4978 = ORIENTED_EDGE('',*,*,#4979,.F.);
#4979 = EDGE_CURVE('',#4980,#900,#4982,.T.);
#4980 = VERTEX_POINT('',#4981);
#4981 = CARTESIAN_POINT('',(-35.56,19.155,-29.1));
#4982 = LINE('',#4983,#4984);
#4983 = CARTESIAN_POINT('',(-35.56,19.155,-30.1));
#4984 = VECTOR('',#4985,1.);
#4985 = DIRECTION('',(0.,0.,1.));
#4986 = ORIENTED_EDGE('',*,*,#4987,.T.);
#4987 = EDGE_CURVE('',#4980,#4988,#4990,.T.);
#4988 = VERTEX_POINT('',#4989);
#4989 = CARTESIAN_POINT('',(-35.56,16.405,-29.1));
#4990 = CIRCLE('',#4991,1.375);
#4991 = AXIS2_PLACEMENT_3D('',#4992,#4993,#4994);
#4992 = CARTESIAN_POINT('',(-35.56,17.78,-29.1));
#4993 = DIRECTION('',(0.,0.,1.));
#4994 = DIRECTION('',(1.,0.,-0.));
#4995 = ORIENTED_EDGE('',*,*,#4996,.T.);
#4996 = EDGE_CURVE('',#4988,#902,#4997,.T.);
#4997 = LINE('',#4998,#4999);
#4998 = CARTESIAN_POINT('',(-35.56,16.405,-30.1));
#4999 = VECTOR('',#5000,1.);
#5000 = DIRECTION('',(0.,0.,1.));
#5001 = CYLINDRICAL_SURFACE('',#5002,1.375);
#5002 = AXIS2_PLACEMENT_3D('',#5003,#5004,#5005);
#5003 = CARTESIAN_POINT('',(-35.56,17.78,-30.1));
#5004 = DIRECTION('',(0.,0.,1.));
#5005 = DIRECTION('',(1.,0.,-0.));
#5006 = ADVANCED_FACE('',(#5007),#5025,.F.);
#5007 = FACE_BOUND('',#5008,.F.);
#5008 = EDGE_LOOP('',(#5009,#5017,#5018,#5019));
#5009 = ORIENTED_EDGE('',*,*,#5010,.T.);
#5010 = EDGE_CURVE('',#5011,#4980,#5013,.T.);
#5011 = VERTEX_POINT('',#5012);
#5012 = CARTESIAN_POINT('',(-30.48,19.155,-29.1));
#5013 = LINE('',#5014,#5015);
#5014 = CARTESIAN_POINT('',(-38.33,19.155,-29.1));
#5015 = VECTOR('',#5016,1.);
#5016 = DIRECTION('',(-1.,-0.,0.));
#5017 = ORIENTED_EDGE('',*,*,#4979,.T.);
#5018 = ORIENTED_EDGE('',*,*,#910,.F.);
#5019 = ORIENTED_EDGE('',*,*,#5020,.F.);
#5020 = EDGE_CURVE('',#5011,#911,#5021,.T.);
#5021 = LINE('',#5022,#5023);
#5022 = CARTESIAN_POINT('',(-30.48,19.155,-30.1));
#5023 = VECTOR('',#5024,1.);
#5024 = DIRECTION('',(0.,0.,1.));
#5025 = PLANE('',#5026);
#5026 = AXIS2_PLACEMENT_3D('',#5027,#5028,#5029);
#5027 = CARTESIAN_POINT('',(-35.56,19.155,-30.1));
#5028 = DIRECTION('',(-0.,1.,0.));
#5029 = DIRECTION('',(0.,0.,1.));
#5030 = ADVANCED_FACE('',(#5031),#5049,.T.);
#5031 = FACE_BOUND('',#5032,.T.);
#5032 = EDGE_LOOP('',(#5033,#5041,#5042,#5043));
#5033 = ORIENTED_EDGE('',*,*,#5034,.T.);
#5034 = EDGE_CURVE('',#5035,#4988,#5037,.T.);
#5035 = VERTEX_POINT('',#5036);
#5036 = CARTESIAN_POINT('',(-30.48,16.405,-29.1));
#5037 = LINE('',#5038,#5039);
#5038 = CARTESIAN_POINT('',(-38.33,16.405,-29.1));
#5039 = VECTOR('',#5040,1.);
#5040 = DIRECTION('',(-1.,-0.,0.));
#5041 = ORIENTED_EDGE('',*,*,#4996,.T.);
#5042 = ORIENTED_EDGE('',*,*,#936,.F.);
#5043 = ORIENTED_EDGE('',*,*,#5044,.F.);
#5044 = EDGE_CURVE('',#5035,#928,#5045,.T.);
#5045 = LINE('',#5046,#5047);
#5046 = CARTESIAN_POINT('',(-30.48,16.405,-30.1));
#5047 = VECTOR('',#5048,1.);
#5048 = DIRECTION('',(0.,0.,1.));
#5049 = PLANE('',#5050);
#5050 = AXIS2_PLACEMENT_3D('',#5051,#5052,#5053);
#5051 = CARTESIAN_POINT('',(-35.56,16.405,-30.1));
#5052 = DIRECTION('',(-0.,1.,0.));
#5053 = DIRECTION('',(0.,0.,1.));
#5054 = ADVANCED_FACE('',(#5055),#5081,.F.);
#5055 = FACE_BOUND('',#5056,.F.);
#5056 = EDGE_LOOP('',(#5057,#5058,#5066,#5075));
#5057 = ORIENTED_EDGE('',*,*,#944,.F.);
#5058 = ORIENTED_EDGE('',*,*,#5059,.F.);
#5059 = EDGE_CURVE('',#5060,#945,#5062,.T.);
#5060 = VERTEX_POINT('',#5061);
#5061 = CARTESIAN_POINT('',(-15.24,14.075,-29.1));
#5062 = LINE('',#5063,#5064);
#5063 = CARTESIAN_POINT('',(-15.24,14.075,-30.1));
#5064 = VECTOR('',#5065,1.);
#5065 = DIRECTION('',(0.,0.,1.));
#5066 = ORIENTED_EDGE('',*,*,#5067,.T.);
#5067 = EDGE_CURVE('',#5060,#5068,#5070,.T.);
#5068 = VERTEX_POINT('',#5069);
#5069 = CARTESIAN_POINT('',(-15.24,11.325,-29.1));
#5070 = CIRCLE('',#5071,1.375);
#5071 = AXIS2_PLACEMENT_3D('',#5072,#5073,#5074);
#5072 = CARTESIAN_POINT('',(-15.24,12.7,-29.1));
#5073 = DIRECTION('',(0.,0.,1.));
#5074 = DIRECTION('',(1.,0.,-0.));
#5075 = ORIENTED_EDGE('',*,*,#5076,.T.);
#5076 = EDGE_CURVE('',#5068,#947,#5077,.T.);
#5077 = LINE('',#5078,#5079);
#5078 = CARTESIAN_POINT('',(-15.24,11.325,-30.1));
#5079 = VECTOR('',#5080,1.);
#5080 = DIRECTION('',(0.,0.,1.));
#5081 = CYLINDRICAL_SURFACE('',#5082,1.375);
#5082 = AXIS2_PLACEMENT_3D('',#5083,#5084,#5085);
#5083 = CARTESIAN_POINT('',(-15.24,12.7,-30.1));
#5084 = DIRECTION('',(0.,0.,1.));
#5085 = DIRECTION('',(1.,0.,-0.));
#5086 = ADVANCED_FACE('',(#5087),#5105,.F.);
#5087 = FACE_BOUND('',#5088,.F.);
#5088 = EDGE_LOOP('',(#5089,#5097,#5098,#5099));
#5089 = ORIENTED_EDGE('',*,*,#5090,.T.);
#5090 = EDGE_CURVE('',#5091,#5060,#5093,.T.);
#5091 = VERTEX_POINT('',#5092);
#5092 = CARTESIAN_POINT('',(-10.16,14.075,-29.1));
#5093 = LINE('',#5094,#5095);
#5094 = CARTESIAN_POINT('',(-28.17,14.075,-29.1));
#5095 = VECTOR('',#5096,1.);
#5096 = DIRECTION('',(-1.,-0.,0.));
#5097 = ORIENTED_EDGE('',*,*,#5059,.T.);
#5098 = ORIENTED_EDGE('',*,*,#955,.F.);
#5099 = ORIENTED_EDGE('',*,*,#5100,.F.);
#5100 = EDGE_CURVE('',#5091,#956,#5101,.T.);
#5101 = LINE('',#5102,#5103);
#5102 = CARTESIAN_POINT('',(-10.16,14.075,-30.1));
#5103 = VECTOR('',#5104,1.);
#5104 = DIRECTION('',(0.,0.,1.));
#5105 = PLANE('',#5106);
#5106 = AXIS2_PLACEMENT_3D('',#5107,#5108,#5109);
#5107 = CARTESIAN_POINT('',(-15.24,14.075,-30.1));
#5108 = DIRECTION('',(-0.,1.,0.));
#5109 = DIRECTION('',(0.,0.,1.));
#5110 = ADVANCED_FACE('',(#5111),#5129,.T.);
#5111 = FACE_BOUND('',#5112,.T.);
#5112 = EDGE_LOOP('',(#5113,#5121,#5122,#5123));
#5113 = ORIENTED_EDGE('',*,*,#5114,.T.);
#5114 = EDGE_CURVE('',#5115,#5068,#5117,.T.);
#5115 = VERTEX_POINT('',#5116);
#5116 = CARTESIAN_POINT('',(-10.16,11.325,-29.1));
#5117 = LINE('',#5118,#5119);
#5118 = CARTESIAN_POINT('',(-28.17,11.325,-29.1));
#5119 = VECTOR('',#5120,1.);
#5120 = DIRECTION('',(-1.,-0.,0.));
#5121 = ORIENTED_EDGE('',*,*,#5076,.T.);
#5122 = ORIENTED_EDGE('',*,*,#981,.F.);
#5123 = ORIENTED_EDGE('',*,*,#5124,.F.);
#5124 = EDGE_CURVE('',#5115,#973,#5125,.T.);
#5125 = LINE('',#5126,#5127);
#5126 = CARTESIAN_POINT('',(-10.16,11.325,-30.1));
#5127 = VECTOR('',#5128,1.);
#5128 = DIRECTION('',(0.,0.,1.));
#5129 = PLANE('',#5130);
#5130 = AXIS2_PLACEMENT_3D('',#5131,#5132,#5133);
#5131 = CARTESIAN_POINT('',(-15.24,11.325,-30.1));
#5132 = DIRECTION('',(-0.,1.,0.));
#5133 = DIRECTION('',(0.,0.,1.));
#5134 = ADVANCED_FACE('',(#5135),#5161,.F.);
#5135 = FACE_BOUND('',#5136,.F.);
#5136 = EDGE_LOOP('',(#5137,#5138,#5146,#5155));
#5137 = ORIENTED_EDGE('',*,*,#989,.F.);
#5138 = ORIENTED_EDGE('',*,*,#5139,.F.);
#5139 = EDGE_CURVE('',#5140,#990,#5142,.T.);
#5140 = VERTEX_POINT('',#5141);
#5141 = CARTESIAN_POINT('',(-35.56,3.915,-29.1));
#5142 = LINE('',#5143,#5144);
#5143 = CARTESIAN_POINT('',(-35.56,3.915,-30.1));
#5144 = VECTOR('',#5145,1.);
#5145 = DIRECTION('',(0.,0.,1.));
#5146 = ORIENTED_EDGE('',*,*,#5147,.T.);
#5147 = EDGE_CURVE('',#5140,#5148,#5150,.T.);
#5148 = VERTEX_POINT('',#5149);
#5149 = CARTESIAN_POINT('',(-35.56,1.165,-29.1));
#5150 = CIRCLE('',#5151,1.375);
#5151 = AXIS2_PLACEMENT_3D('',#5152,#5153,#5154);
#5152 = CARTESIAN_POINT('',(-35.56,2.54,-29.1));
#5153 = DIRECTION('',(0.,0.,1.));
#5154 = DIRECTION('',(1.,0.,-0.));
#5155 = ORIENTED_EDGE('',*,*,#5156,.T.);
#5156 = EDGE_CURVE('',#5148,#992,#5157,.T.);
#5157 = LINE('',#5158,#5159);
#5158 = CARTESIAN_POINT('',(-35.56,1.165,-30.1));
#5159 = VECTOR('',#5160,1.);
#5160 = DIRECTION('',(0.,0.,1.));
#5161 = CYLINDRICAL_SURFACE('',#5162,1.375);
#5162 = AXIS2_PLACEMENT_3D('',#5163,#5164,#5165);
#5163 = CARTESIAN_POINT('',(-35.56,2.54,-30.1));
#5164 = DIRECTION('',(0.,0.,1.));
#5165 = DIRECTION('',(1.,0.,-0.));
#5166 = ADVANCED_FACE('',(#5167),#5185,.F.);
#5167 = FACE_BOUND('',#5168,.F.);
#5168 = EDGE_LOOP('',(#5169,#5177,#5178,#5179));
#5169 = ORIENTED_EDGE('',*,*,#5170,.T.);
#5170 = EDGE_CURVE('',#5171,#5140,#5173,.T.);
#5171 = VERTEX_POINT('',#5172);
#5172 = CARTESIAN_POINT('',(-30.48,3.915,-29.1));
#5173 = LINE('',#5174,#5175);
#5174 = CARTESIAN_POINT('',(-38.33,3.915,-29.1));
#5175 = VECTOR('',#5176,1.);
#5176 = DIRECTION('',(-1.,-0.,0.));
#5177 = ORIENTED_EDGE('',*,*,#5139,.T.);
#5178 = ORIENTED_EDGE('',*,*,#1000,.F.);
#5179 = ORIENTED_EDGE('',*,*,#5180,.F.);
#5180 = EDGE_CURVE('',#5171,#1001,#5181,.T.);
#5181 = LINE('',#5182,#5183);
#5182 = CARTESIAN_POINT('',(-30.48,3.915,-30.1));
#5183 = VECTOR('',#5184,1.);
#5184 = DIRECTION('',(0.,0.,1.));
#5185 = PLANE('',#5186);
#5186 = AXIS2_PLACEMENT_3D('',#5187,#5188,#5189);
#5187 = CARTESIAN_POINT('',(-35.56,3.915,-30.1));
#5188 = DIRECTION('',(-0.,1.,0.));
#5189 = DIRECTION('',(0.,0.,1.));
#5190 = ADVANCED_FACE('',(#5191),#5209,.T.);
#5191 = FACE_BOUND('',#5192,.T.);
#5192 = EDGE_LOOP('',(#5193,#5201,#5202,#5203));
#5193 = ORIENTED_EDGE('',*,*,#5194,.T.);
#5194 = EDGE_CURVE('',#5195,#5148,#5197,.T.);
#5195 = VERTEX_POINT('',#5196);
#5196 = CARTESIAN_POINT('',(-30.48,1.165,-29.1));
#5197 = LINE('',#5198,#5199);
#5198 = CARTESIAN_POINT('',(-38.33,1.165,-29.1));
#5199 = VECTOR('',#5200,1.);
#5200 = DIRECTION('',(-1.,-0.,0.));
#5201 = ORIENTED_EDGE('',*,*,#5156,.T.);
#5202 = ORIENTED_EDGE('',*,*,#1026,.F.);
#5203 = ORIENTED_EDGE('',*,*,#5204,.F.);
#5204 = EDGE_CURVE('',#5195,#1018,#5205,.T.);
#5205 = LINE('',#5206,#5207);
#5206 = CARTESIAN_POINT('',(-30.48,1.165,-30.1));
#5207 = VECTOR('',#5208,1.);
#5208 = DIRECTION('',(0.,0.,1.));
#5209 = PLANE('',#5210);
#5210 = AXIS2_PLACEMENT_3D('',#5211,#5212,#5213);
#5211 = CARTESIAN_POINT('',(-35.56,1.165,-30.1));
#5212 = DIRECTION('',(-0.,1.,0.));
#5213 = DIRECTION('',(0.,0.,1.));
#5214 = ADVANCED_FACE('',(#5215),#5241,.F.);
#5215 = FACE_BOUND('',#5216,.F.);
#5216 = EDGE_LOOP('',(#5217,#5218,#5226,#5235));
#5217 = ORIENTED_EDGE('',*,*,#1034,.F.);
#5218 = ORIENTED_EDGE('',*,*,#5219,.F.);
#5219 = EDGE_CURVE('',#5220,#1035,#5222,.T.);
#5220 = VERTEX_POINT('',#5221);
#5221 = CARTESIAN_POINT('',(-35.56,-26.565,-29.1));
#5222 = LINE('',#5223,#5224);
#5223 = CARTESIAN_POINT('',(-35.56,-26.565,-30.1));
#5224 = VECTOR('',#5225,1.);
#5225 = DIRECTION('',(0.,0.,1.));
#5226 = ORIENTED_EDGE('',*,*,#5227,.T.);
#5227 = EDGE_CURVE('',#5220,#5228,#5230,.T.);
#5228 = VERTEX_POINT('',#5229);
#5229 = CARTESIAN_POINT('',(-35.56,-29.315,-29.1));
#5230 = CIRCLE('',#5231,1.375);
#5231 = AXIS2_PLACEMENT_3D('',#5232,#5233,#5234);
#5232 = CARTESIAN_POINT('',(-35.56,-27.94,-29.1));
#5233 = DIRECTION('',(0.,0.,1.));
#5234 = DIRECTION('',(1.,0.,-0.));
#5235 = ORIENTED_EDGE('',*,*,#5236,.T.);
#5236 = EDGE_CURVE('',#5228,#1037,#5237,.T.);
#5237 = LINE('',#5238,#5239);
#5238 = CARTESIAN_POINT('',(-35.56,-29.315,-30.1));
#5239 = VECTOR('',#5240,1.);
#5240 = DIRECTION('',(0.,0.,1.));
#5241 = CYLINDRICAL_SURFACE('',#5242,1.375);
#5242 = AXIS2_PLACEMENT_3D('',#5243,#5244,#5245);
#5243 = CARTESIAN_POINT('',(-35.56,-27.94,-30.1));
#5244 = DIRECTION('',(0.,0.,1.));
#5245 = DIRECTION('',(1.,0.,-0.));
#5246 = ADVANCED_FACE('',(#5247),#5265,.F.);
#5247 = FACE_BOUND('',#5248,.F.);
#5248 = EDGE_LOOP('',(#5249,#5257,#5258,#5259));
#5249 = ORIENTED_EDGE('',*,*,#5250,.T.);
#5250 = EDGE_CURVE('',#5251,#5220,#5253,.T.);
#5251 = VERTEX_POINT('',#5252);
#5252 = CARTESIAN_POINT('',(-30.48,-26.565,-29.1));
#5253 = LINE('',#5254,#5255);
#5254 = CARTESIAN_POINT('',(-38.33,-26.565,-29.1));
#5255 = VECTOR('',#5256,1.);
#5256 = DIRECTION('',(-1.,-0.,0.));
#5257 = ORIENTED_EDGE('',*,*,#5219,.T.);
#5258 = ORIENTED_EDGE('',*,*,#1045,.F.);
#5259 = ORIENTED_EDGE('',*,*,#5260,.F.);
#5260 = EDGE_CURVE('',#5251,#1046,#5261,.T.);
#5261 = LINE('',#5262,#5263);
#5262 = CARTESIAN_POINT('',(-30.48,-26.565,-30.1));
#5263 = VECTOR('',#5264,1.);
#5264 = DIRECTION('',(0.,0.,1.));
#5265 = PLANE('',#5266);
#5266 = AXIS2_PLACEMENT_3D('',#5267,#5268,#5269);
#5267 = CARTESIAN_POINT('',(-35.56,-26.565,-30.1));
#5268 = DIRECTION('',(-0.,1.,0.));
#5269 = DIRECTION('',(0.,0.,1.));
#5270 = ADVANCED_FACE('',(#5271),#5289,.T.);
#5271 = FACE_BOUND('',#5272,.T.);
#5272 = EDGE_LOOP('',(#5273,#5281,#5282,#5283));
#5273 = ORIENTED_EDGE('',*,*,#5274,.T.);
#5274 = EDGE_CURVE('',#5275,#5228,#5277,.T.);
#5275 = VERTEX_POINT('',#5276);
#5276 = CARTESIAN_POINT('',(-30.48,-29.315,-29.1));
#5277 = LINE('',#5278,#5279);
#5278 = CARTESIAN_POINT('',(-38.33,-29.315,-29.1));
#5279 = VECTOR('',#5280,1.);
#5280 = DIRECTION('',(-1.,-0.,0.));
#5281 = ORIENTED_EDGE('',*,*,#5236,.T.);
#5282 = ORIENTED_EDGE('',*,*,#1071,.F.);
#5283 = ORIENTED_EDGE('',*,*,#5284,.F.);
#5284 = EDGE_CURVE('',#5275,#1063,#5285,.T.);
#5285 = LINE('',#5286,#5287);
#5286 = CARTESIAN_POINT('',(-30.48,-29.315,-30.1));
#5287 = VECTOR('',#5288,1.);
#5288 = DIRECTION('',(0.,0.,1.));
#5289 = PLANE('',#5290);
#5290 = AXIS2_PLACEMENT_3D('',#5291,#5292,#5293);
#5291 = CARTESIAN_POINT('',(-35.56,-29.315,-30.1));
#5292 = DIRECTION('',(-0.,1.,0.));
#5293 = DIRECTION('',(0.,0.,1.));
#5294 = ADVANCED_FACE('',(#5295),#5321,.F.);
#5295 = FACE_BOUND('',#5296,.F.);
#5296 = EDGE_LOOP('',(#5297,#5298,#5306,#5315));
#5297 = ORIENTED_EDGE('',*,*,#1079,.F.);
#5298 = ORIENTED_EDGE('',*,*,#5299,.F.);
#5299 = EDGE_CURVE('',#5300,#1080,#5302,.T.);
#5300 = VERTEX_POINT('',#5301);
#5301 = CARTESIAN_POINT('',(-8.785,-7.62,-29.1));
#5302 = LINE('',#5303,#5304);
#5303 = CARTESIAN_POINT('',(-8.785,-7.62,-30.1));
#5304 = VECTOR('',#5305,1.);
#5305 = DIRECTION('',(0.,0.,1.));
#5306 = ORIENTED_EDGE('',*,*,#5307,.T.);
#5307 = EDGE_CURVE('',#5300,#5308,#5310,.T.);
#5308 = VERTEX_POINT('',#5309);
#5309 = CARTESIAN_POINT('',(-11.535,-7.62,-29.1));
#5310 = CIRCLE('',#5311,1.375);
#5311 = AXIS2_PLACEMENT_3D('',#5312,#5313,#5314);
#5312 = CARTESIAN_POINT('',(-10.16,-7.62,-29.1));
#5313 = DIRECTION('',(0.,0.,1.));
#5314 = DIRECTION('',(1.,0.,-0.));
#5315 = ORIENTED_EDGE('',*,*,#5316,.T.);
#5316 = EDGE_CURVE('',#5308,#1082,#5317,.T.);
#5317 = LINE('',#5318,#5319);
#5318 = CARTESIAN_POINT('',(-11.535,-7.62,-30.1));
#5319 = VECTOR('',#5320,1.);
#5320 = DIRECTION('',(0.,0.,1.));
#5321 = CYLINDRICAL_SURFACE('',#5322,1.375);
#5322 = AXIS2_PLACEMENT_3D('',#5323,#5324,#5325);
#5323 = CARTESIAN_POINT('',(-10.16,-7.62,-30.1));
#5324 = DIRECTION('',(0.,0.,1.));
#5325 = DIRECTION('',(1.,0.,-0.));
#5326 = ADVANCED_FACE('',(#5327),#5345,.F.);
#5327 = FACE_BOUND('',#5328,.F.);
#5328 = EDGE_LOOP('',(#5329,#5337,#5343,#5344));
#5329 = ORIENTED_EDGE('',*,*,#5330,.F.);
#5330 = EDGE_CURVE('',#5331,#1091,#5333,.T.);
#5331 = VERTEX_POINT('',#5332);
#5332 = CARTESIAN_POINT('',(-8.785,-12.7,-29.1));
#5333 = LINE('',#5334,#5335);
#5334 = CARTESIAN_POINT('',(-8.785,-12.7,-30.1));
#5335 = VECTOR('',#5336,1.);
#5336 = DIRECTION('',(0.,0.,1.));
#5337 = ORIENTED_EDGE('',*,*,#5338,.T.);
#5338 = EDGE_CURVE('',#5331,#5300,#5339,.T.);
#5339 = LINE('',#5340,#5341);
#5340 = CARTESIAN_POINT('',(-8.785,-23.09,-29.1));
#5341 = VECTOR('',#5342,1.);
#5342 = DIRECTION('',(-0.,1.,0.));
#5343 = ORIENTED_EDGE('',*,*,#5299,.T.);
#5344 = ORIENTED_EDGE('',*,*,#1090,.F.);
#5345 = PLANE('',#5346);
#5346 = AXIS2_PLACEMENT_3D('',#5347,#5348,#5349);
#5347 = CARTESIAN_POINT('',(-8.785,-12.7,-30.1));
#5348 = DIRECTION('',(1.,0.,-0.));
#5349 = DIRECTION('',(0.,0.,1.));
#5350 = ADVANCED_FACE('',(#5351),#5369,.T.);
#5351 = FACE_BOUND('',#5352,.T.);
#5352 = EDGE_LOOP('',(#5353,#5361,#5367,#5368));
#5353 = ORIENTED_EDGE('',*,*,#5354,.F.);
#5354 = EDGE_CURVE('',#5355,#1099,#5357,.T.);
#5355 = VERTEX_POINT('',#5356);
#5356 = CARTESIAN_POINT('',(-11.535,-12.7,-29.1));
#5357 = LINE('',#5358,#5359);
#5358 = CARTESIAN_POINT('',(-11.535,-12.7,-30.1));
#5359 = VECTOR('',#5360,1.);
#5360 = DIRECTION('',(0.,0.,1.));
#5361 = ORIENTED_EDGE('',*,*,#5362,.T.);
#5362 = EDGE_CURVE('',#5355,#5308,#5363,.T.);
#5363 = LINE('',#5364,#5365);
#5364 = CARTESIAN_POINT('',(-11.535,-23.09,-29.1));
#5365 = VECTOR('',#5366,1.);
#5366 = DIRECTION('',(-0.,1.,0.));
#5367 = ORIENTED_EDGE('',*,*,#5316,.T.);
#5368 = ORIENTED_EDGE('',*,*,#1107,.F.);
#5369 = PLANE('',#5370);
#5370 = AXIS2_PLACEMENT_3D('',#5371,#5372,#5373);
#5371 = CARTESIAN_POINT('',(-11.535,-12.7,-30.1));
#5372 = DIRECTION('',(1.,0.,-0.));
#5373 = DIRECTION('',(0.,0.,1.));
#5374 = ADVANCED_FACE('',(#5375),#5387,.F.);
#5375 = FACE_BOUND('',#5376,.F.);
#5376 = EDGE_LOOP('',(#5377,#5378,#5379,#5380));
#5377 = ORIENTED_EDGE('',*,*,#5330,.T.);
#5378 = ORIENTED_EDGE('',*,*,#1098,.F.);
#5379 = ORIENTED_EDGE('',*,*,#5354,.F.);
#5380 = ORIENTED_EDGE('',*,*,#5381,.T.);
#5381 = EDGE_CURVE('',#5355,#5331,#5382,.T.);
#5382 = CIRCLE('',#5383,1.375);
#5383 = AXIS2_PLACEMENT_3D('',#5384,#5385,#5386);
#5384 = CARTESIAN_POINT('',(-10.16,-12.7,-29.1));
#5385 = DIRECTION('',(0.,0.,1.));
#5386 = DIRECTION('',(1.,0.,-0.));
#5387 = CYLINDRICAL_SURFACE('',#5388,1.375);
#5388 = AXIS2_PLACEMENT_3D('',#5389,#5390,#5391);
#5389 = CARTESIAN_POINT('',(-10.16,-12.7,-30.1));
#5390 = DIRECTION('',(0.,0.,1.));
#5391 = DIRECTION('',(1.,0.,-0.));
#5392 = ADVANCED_FACE('',(#5393),#5419,.F.);
#5393 = FACE_BOUND('',#5394,.F.);
#5394 = EDGE_LOOP('',(#5395,#5396,#5404,#5413));
#5395 = ORIENTED_EDGE('',*,*,#1115,.F.);
#5396 = ORIENTED_EDGE('',*,*,#5397,.F.);
#5397 = EDGE_CURVE('',#5398,#1116,#5400,.T.);
#5398 = VERTEX_POINT('',#5399);
#5399 = CARTESIAN_POINT('',(36.935,-7.62,-29.1));
#5400 = LINE('',#5401,#5402);
#5401 = CARTESIAN_POINT('',(36.935,-7.62,-30.1));
#5402 = VECTOR('',#5403,1.);
#5403 = DIRECTION('',(0.,0.,1.));
#5404 = ORIENTED_EDGE('',*,*,#5405,.T.);
#5405 = EDGE_CURVE('',#5398,#5406,#5408,.T.);
#5406 = VERTEX_POINT('',#5407);
#5407 = CARTESIAN_POINT('',(34.185,-7.62,-29.1));
#5408 = CIRCLE('',#5409,1.375);
#5409 = AXIS2_PLACEMENT_3D('',#5410,#5411,#5412);
#5410 = CARTESIAN_POINT('',(35.56,-7.62,-29.1));
#5411 = DIRECTION('',(0.,0.,1.));
#5412 = DIRECTION('',(1.,0.,-0.));
#5413 = ORIENTED_EDGE('',*,*,#5414,.T.);
#5414 = EDGE_CURVE('',#5406,#1118,#5415,.T.);
#5415 = LINE('',#5416,#5417);
#5416 = CARTESIAN_POINT('',(34.185,-7.62,-30.1));
#5417 = VECTOR('',#5418,1.);
#5418 = DIRECTION('',(0.,0.,1.));
#5419 = CYLINDRICAL_SURFACE('',#5420,1.375);
#5420 = AXIS2_PLACEMENT_3D('',#5421,#5422,#5423);
#5421 = CARTESIAN_POINT('',(35.56,-7.62,-30.1));
#5422 = DIRECTION('',(0.,0.,1.));
#5423 = DIRECTION('',(1.,0.,-0.));
#5424 = ADVANCED_FACE('',(#5425),#5443,.F.);
#5425 = FACE_BOUND('',#5426,.F.);
#5426 = EDGE_LOOP('',(#5427,#5435,#5441,#5442));
#5427 = ORIENTED_EDGE('',*,*,#5428,.F.);
#5428 = EDGE_CURVE('',#5429,#1127,#5431,.T.);
#5429 = VERTEX_POINT('',#5430);
#5430 = CARTESIAN_POINT('',(36.935,-12.7,-29.1));
#5431 = LINE('',#5432,#5433);
#5432 = CARTESIAN_POINT('',(36.935,-12.7,-30.1));
#5433 = VECTOR('',#5434,1.);
#5434 = DIRECTION('',(0.,0.,1.));
#5435 = ORIENTED_EDGE('',*,*,#5436,.T.);
#5436 = EDGE_CURVE('',#5429,#5398,#5437,.T.);
#5437 = LINE('',#5438,#5439);
#5438 = CARTESIAN_POINT('',(36.935,-23.09,-29.1));
#5439 = VECTOR('',#5440,1.);
#5440 = DIRECTION('',(-0.,1.,0.));
#5441 = ORIENTED_EDGE('',*,*,#5397,.T.);
#5442 = ORIENTED_EDGE('',*,*,#1126,.F.);
#5443 = PLANE('',#5444);
#5444 = AXIS2_PLACEMENT_3D('',#5445,#5446,#5447);
#5445 = CARTESIAN_POINT('',(36.935,-12.7,-30.1));
#5446 = DIRECTION('',(1.,0.,-0.));
#5447 = DIRECTION('',(0.,0.,1.));
#5448 = ADVANCED_FACE('',(#5449),#5467,.T.);
#5449 = FACE_BOUND('',#5450,.T.);
#5450 = EDGE_LOOP('',(#5451,#5459,#5465,#5466));
#5451 = ORIENTED_EDGE('',*,*,#5452,.F.);
#5452 = EDGE_CURVE('',#5453,#1135,#5455,.T.);
#5453 = VERTEX_POINT('',#5454);
#5454 = CARTESIAN_POINT('',(34.185,-12.7,-29.1));
#5455 = LINE('',#5456,#5457);
#5456 = CARTESIAN_POINT('',(34.185,-12.7,-30.1));
#5457 = VECTOR('',#5458,1.);
#5458 = DIRECTION('',(0.,0.,1.));
#5459 = ORIENTED_EDGE('',*,*,#5460,.T.);
#5460 = EDGE_CURVE('',#5453,#5406,#5461,.T.);
#5461 = LINE('',#5462,#5463);
#5462 = CARTESIAN_POINT('',(34.185,-23.09,-29.1));
#5463 = VECTOR('',#5464,1.);
#5464 = DIRECTION('',(-0.,1.,0.));
#5465 = ORIENTED_EDGE('',*,*,#5414,.T.);
#5466 = ORIENTED_EDGE('',*,*,#1143,.F.);
#5467 = PLANE('',#5468);
#5468 = AXIS2_PLACEMENT_3D('',#5469,#5470,#5471);
#5469 = CARTESIAN_POINT('',(34.185,-12.7,-30.1));
#5470 = DIRECTION('',(1.,0.,-0.));
#5471 = DIRECTION('',(0.,0.,1.));
#5472 = ADVANCED_FACE('',(#5473),#5485,.F.);
#5473 = FACE_BOUND('',#5474,.F.);
#5474 = EDGE_LOOP('',(#5475,#5476,#5477,#5478));
#5475 = ORIENTED_EDGE('',*,*,#5428,.T.);
#5476 = ORIENTED_EDGE('',*,*,#1134,.F.);
#5477 = ORIENTED_EDGE('',*,*,#5452,.F.);
#5478 = ORIENTED_EDGE('',*,*,#5479,.T.);
#5479 = EDGE_CURVE('',#5453,#5429,#5480,.T.);
#5480 = CIRCLE('',#5481,1.375);
#5481 = AXIS2_PLACEMENT_3D('',#5482,#5483,#5484);
#5482 = CARTESIAN_POINT('',(35.56,-12.7,-29.1));
#5483 = DIRECTION('',(0.,0.,1.));
#5484 = DIRECTION('',(1.,0.,-0.));
#5485 = CYLINDRICAL_SURFACE('',#5486,1.375);
#5486 = AXIS2_PLACEMENT_3D('',#5487,#5488,#5489);
#5487 = CARTESIAN_POINT('',(35.56,-12.7,-30.1));
#5488 = DIRECTION('',(0.,0.,1.));
#5489 = DIRECTION('',(1.,0.,-0.));
#5490 = ADVANCED_FACE('',(#5491),#5517,.F.);
#5491 = FACE_BOUND('',#5492,.F.);
#5492 = EDGE_LOOP('',(#5493,#5494,#5502,#5511));
#5493 = ORIENTED_EDGE('',*,*,#1151,.F.);
#5494 = ORIENTED_EDGE('',*,*,#5495,.F.);
#5495 = EDGE_CURVE('',#5496,#1152,#5498,.T.);
#5496 = VERTEX_POINT('',#5497);
#5497 = CARTESIAN_POINT('',(-24.025,-22.86,-29.1));
#5498 = LINE('',#5499,#5500);
#5499 = CARTESIAN_POINT('',(-24.025,-22.86,-30.1));
#5500 = VECTOR('',#5501,1.);
#5501 = DIRECTION('',(0.,0.,1.));
#5502 = ORIENTED_EDGE('',*,*,#5503,.T.);
#5503 = EDGE_CURVE('',#5496,#5504,#5506,.T.);
#5504 = VERTEX_POINT('',#5505);
#5505 = CARTESIAN_POINT('',(-26.775,-22.86,-29.1));
#5506 = CIRCLE('',#5507,1.375);
#5507 = AXIS2_PLACEMENT_3D('',#5508,#5509,#5510);
#5508 = CARTESIAN_POINT('',(-25.4,-22.86,-29.1));
#5509 = DIRECTION('',(0.,0.,1.));
#5510 = DIRECTION('',(1.,0.,-0.));
#5511 = ORIENTED_EDGE('',*,*,#5512,.T.);
#5512 = EDGE_CURVE('',#5504,#1154,#5513,.T.);
#5513 = LINE('',#5514,#5515);
#5514 = CARTESIAN_POINT('',(-26.775,-22.86,-30.1));
#5515 = VECTOR('',#5516,1.);
#5516 = DIRECTION('',(0.,0.,1.));
#5517 = CYLINDRICAL_SURFACE('',#5518,1.375);
#5518 = AXIS2_PLACEMENT_3D('',#5519,#5520,#5521);
#5519 = CARTESIAN_POINT('',(-25.4,-22.86,-30.1));
#5520 = DIRECTION('',(0.,0.,1.));
#5521 = DIRECTION('',(1.,0.,-0.));
#5522 = ADVANCED_FACE('',(#5523),#5541,.F.);
#5523 = FACE_BOUND('',#5524,.F.);
#5524 = EDGE_LOOP('',(#5525,#5533,#5539,#5540));
#5525 = ORIENTED_EDGE('',*,*,#5526,.F.);
#5526 = EDGE_CURVE('',#5527,#1163,#5529,.T.);
#5527 = VERTEX_POINT('',#5528);
#5528 = CARTESIAN_POINT('',(-24.025,-27.94,-29.1));
#5529 = LINE('',#5530,#5531);
#5530 = CARTESIAN_POINT('',(-24.025,-27.94,-30.1));
#5531 = VECTOR('',#5532,1.);
#5532 = DIRECTION('',(0.,0.,1.));
#5533 = ORIENTED_EDGE('',*,*,#5534,.T.);
#5534 = EDGE_CURVE('',#5527,#5496,#5535,.T.);
#5535 = LINE('',#5536,#5537);
#5536 = CARTESIAN_POINT('',(-24.025,-30.71,-29.1));
#5537 = VECTOR('',#5538,1.);
#5538 = DIRECTION('',(-0.,1.,0.));
#5539 = ORIENTED_EDGE('',*,*,#5495,.T.);
#5540 = ORIENTED_EDGE('',*,*,#1162,.F.);
#5541 = PLANE('',#5542);
#5542 = AXIS2_PLACEMENT_3D('',#5543,#5544,#5545);
#5543 = CARTESIAN_POINT('',(-24.025,-27.94,-30.1));
#5544 = DIRECTION('',(1.,0.,-0.));
#5545 = DIRECTION('',(0.,0.,1.));
#5546 = ADVANCED_FACE('',(#5547),#5565,.T.);
#5547 = FACE_BOUND('',#5548,.T.);
#5548 = EDGE_LOOP('',(#5549,#5557,#5563,#5564));
#5549 = ORIENTED_EDGE('',*,*,#5550,.F.);
#5550 = EDGE_CURVE('',#5551,#1171,#5553,.T.);
#5551 = VERTEX_POINT('',#5552);
#5552 = CARTESIAN_POINT('',(-26.775,-27.94,-29.1));
#5553 = LINE('',#5554,#5555);
#5554 = CARTESIAN_POINT('',(-26.775,-27.94,-30.1));
#5555 = VECTOR('',#5556,1.);
#5556 = DIRECTION('',(0.,0.,1.));
#5557 = ORIENTED_EDGE('',*,*,#5558,.T.);
#5558 = EDGE_CURVE('',#5551,#5504,#5559,.T.);
#5559 = LINE('',#5560,#5561);
#5560 = CARTESIAN_POINT('',(-26.775,-30.71,-29.1));
#5561 = VECTOR('',#5562,1.);
#5562 = DIRECTION('',(-0.,1.,0.));
#5563 = ORIENTED_EDGE('',*,*,#5512,.T.);
#5564 = ORIENTED_EDGE('',*,*,#1179,.F.);
#5565 = PLANE('',#5566);
#5566 = AXIS2_PLACEMENT_3D('',#5567,#5568,#5569);
#5567 = CARTESIAN_POINT('',(-26.775,-27.94,-30.1));
#5568 = DIRECTION('',(1.,0.,-0.));
#5569 = DIRECTION('',(0.,0.,1.));
#5570 = ADVANCED_FACE('',(#5571),#5583,.F.);
#5571 = FACE_BOUND('',#5572,.F.);
#5572 = EDGE_LOOP('',(#5573,#5574,#5575,#5576));
#5573 = ORIENTED_EDGE('',*,*,#5526,.T.);
#5574 = ORIENTED_EDGE('',*,*,#1170,.F.);
#5575 = ORIENTED_EDGE('',*,*,#5550,.F.);
#5576 = ORIENTED_EDGE('',*,*,#5577,.T.);
#5577 = EDGE_CURVE('',#5551,#5527,#5578,.T.);
#5578 = CIRCLE('',#5579,1.375);
#5579 = AXIS2_PLACEMENT_3D('',#5580,#5581,#5582);
#5580 = CARTESIAN_POINT('',(-25.4,-27.94,-29.1));
#5581 = DIRECTION('',(0.,0.,1.));
#5582 = DIRECTION('',(1.,0.,-0.));
#5583 = CYLINDRICAL_SURFACE('',#5584,1.375);
#5584 = AXIS2_PLACEMENT_3D('',#5585,#5586,#5587);
#5585 = CARTESIAN_POINT('',(-25.4,-27.94,-30.1));
#5586 = DIRECTION('',(0.,0.,1.));
#5587 = DIRECTION('',(1.,0.,-0.));
#5588 = ADVANCED_FACE('',(#5589),#5615,.F.);
#5589 = FACE_BOUND('',#5590,.F.);
#5590 = EDGE_LOOP('',(#5591,#5592,#5600,#5609));
#5591 = ORIENTED_EDGE('',*,*,#1187,.F.);
#5592 = ORIENTED_EDGE('',*,*,#5593,.F.);
#5593 = EDGE_CURVE('',#5594,#1188,#5596,.T.);
#5594 = VERTEX_POINT('',#5595);
#5595 = CARTESIAN_POINT('',(6.455,-22.86,-29.1));
#5596 = LINE('',#5597,#5598);
#5597 = CARTESIAN_POINT('',(6.455,-22.86,-30.1));
#5598 = VECTOR('',#5599,1.);
#5599 = DIRECTION('',(0.,0.,1.));
#5600 = ORIENTED_EDGE('',*,*,#5601,.T.);
#5601 = EDGE_CURVE('',#5594,#5602,#5604,.T.);
#5602 = VERTEX_POINT('',#5603);
#5603 = CARTESIAN_POINT('',(3.705,-22.86,-29.1));
#5604 = CIRCLE('',#5605,1.375);
#5605 = AXIS2_PLACEMENT_3D('',#5606,#5607,#5608);
#5606 = CARTESIAN_POINT('',(5.08,-22.86,-29.1));
#5607 = DIRECTION('',(0.,0.,1.));
#5608 = DIRECTION('',(1.,0.,-0.));
#5609 = ORIENTED_EDGE('',*,*,#5610,.T.);
#5610 = EDGE_CURVE('',#5602,#1190,#5611,.T.);
#5611 = LINE('',#5612,#5613);
#5612 = CARTESIAN_POINT('',(3.705,-22.86,-30.1));
#5613 = VECTOR('',#5614,1.);
#5614 = DIRECTION('',(0.,0.,1.));
#5615 = CYLINDRICAL_SURFACE('',#5616,1.375);
#5616 = AXIS2_PLACEMENT_3D('',#5617,#5618,#5619);
#5617 = CARTESIAN_POINT('',(5.08,-22.86,-30.1));
#5618 = DIRECTION('',(0.,0.,1.));
#5619 = DIRECTION('',(1.,0.,-0.));
#5620 = ADVANCED_FACE('',(#5621),#5639,.F.);
#5621 = FACE_BOUND('',#5622,.F.);
#5622 = EDGE_LOOP('',(#5623,#5631,#5637,#5638));
#5623 = ORIENTED_EDGE('',*,*,#5624,.F.);
#5624 = EDGE_CURVE('',#5625,#1199,#5627,.T.);
#5625 = VERTEX_POINT('',#5626);
#5626 = CARTESIAN_POINT('',(6.455,-27.94,-29.1));
#5627 = LINE('',#5628,#5629);
#5628 = CARTESIAN_POINT('',(6.455,-27.94,-30.1));
#5629 = VECTOR('',#5630,1.);
#5630 = DIRECTION('',(0.,0.,1.));
#5631 = ORIENTED_EDGE('',*,*,#5632,.T.);
#5632 = EDGE_CURVE('',#5625,#5594,#5633,.T.);
#5633 = LINE('',#5634,#5635);
#5634 = CARTESIAN_POINT('',(6.455,-30.71,-29.1));
#5635 = VECTOR('',#5636,1.);
#5636 = DIRECTION('',(-0.,1.,0.));
#5637 = ORIENTED_EDGE('',*,*,#5593,.T.);
#5638 = ORIENTED_EDGE('',*,*,#1198,.F.);
#5639 = PLANE('',#5640);
#5640 = AXIS2_PLACEMENT_3D('',#5641,#5642,#5643);
#5641 = CARTESIAN_POINT('',(6.455,-27.94,-30.1));
#5642 = DIRECTION('',(1.,0.,-0.));
#5643 = DIRECTION('',(0.,0.,1.));
#5644 = ADVANCED_FACE('',(#5645),#5663,.T.);
#5645 = FACE_BOUND('',#5646,.T.);
#5646 = EDGE_LOOP('',(#5647,#5655,#5661,#5662));
#5647 = ORIENTED_EDGE('',*,*,#5648,.F.);
#5648 = EDGE_CURVE('',#5649,#1207,#5651,.T.);
#5649 = VERTEX_POINT('',#5650);
#5650 = CARTESIAN_POINT('',(3.705,-27.94,-29.1));
#5651 = LINE('',#5652,#5653);
#5652 = CARTESIAN_POINT('',(3.705,-27.94,-30.1));
#5653 = VECTOR('',#5654,1.);
#5654 = DIRECTION('',(0.,0.,1.));
#5655 = ORIENTED_EDGE('',*,*,#5656,.T.);
#5656 = EDGE_CURVE('',#5649,#5602,#5657,.T.);
#5657 = LINE('',#5658,#5659);
#5658 = CARTESIAN_POINT('',(3.705,-30.71,-29.1));
#5659 = VECTOR('',#5660,1.);
#5660 = DIRECTION('',(-0.,1.,0.));
#5661 = ORIENTED_EDGE('',*,*,#5610,.T.);
#5662 = ORIENTED_EDGE('',*,*,#1215,.F.);
#5663 = PLANE('',#5664);
#5664 = AXIS2_PLACEMENT_3D('',#5665,#5666,#5667);
#5665 = CARTESIAN_POINT('',(3.705,-27.94,-30.1));
#5666 = DIRECTION('',(1.,0.,-0.));
#5667 = DIRECTION('',(0.,0.,1.));
#5668 = ADVANCED_FACE('',(#5669),#5681,.F.);
#5669 = FACE_BOUND('',#5670,.F.);
#5670 = EDGE_LOOP('',(#5671,#5672,#5673,#5674));
#5671 = ORIENTED_EDGE('',*,*,#5624,.T.);
#5672 = ORIENTED_EDGE('',*,*,#1206,.F.);
#5673 = ORIENTED_EDGE('',*,*,#5648,.F.);
#5674 = ORIENTED_EDGE('',*,*,#5675,.T.);
#5675 = EDGE_CURVE('',#5649,#5625,#5676,.T.);
#5676 = CIRCLE('',#5677,1.375);
#5677 = AXIS2_PLACEMENT_3D('',#5678,#5679,#5680);
#5678 = CARTESIAN_POINT('',(5.08,-27.94,-29.1));
#5679 = DIRECTION('',(0.,0.,1.));
#5680 = DIRECTION('',(1.,0.,-0.));
#5681 = CYLINDRICAL_SURFACE('',#5682,1.375);
#5682 = AXIS2_PLACEMENT_3D('',#5683,#5684,#5685);
#5683 = CARTESIAN_POINT('',(5.08,-27.94,-30.1));
#5684 = DIRECTION('',(0.,0.,1.));
#5685 = DIRECTION('',(1.,0.,-0.));
#5686 = ADVANCED_FACE('',(#5687),#5713,.F.);
#5687 = FACE_BOUND('',#5688,.F.);
#5688 = EDGE_LOOP('',(#5689,#5690,#5698,#5707));
#5689 = ORIENTED_EDGE('',*,*,#1223,.F.);
#5690 = ORIENTED_EDGE('',*,*,#5691,.F.);
#5691 = EDGE_CURVE('',#5692,#1224,#5694,.T.);
#5692 = VERTEX_POINT('',#5693);
#5693 = CARTESIAN_POINT('',(-34.185,-17.78,-29.1));
#5694 = LINE('',#5695,#5696);
#5695 = CARTESIAN_POINT('',(-34.185,-17.78,-30.1));
#5696 = VECTOR('',#5697,1.);
#5697 = DIRECTION('',(0.,0.,1.));
#5698 = ORIENTED_EDGE('',*,*,#5699,.T.);
#5699 = EDGE_CURVE('',#5692,#5700,#5702,.T.);
#5700 = VERTEX_POINT('',#5701);
#5701 = CARTESIAN_POINT('',(-36.935,-17.78,-29.1));
#5702 = CIRCLE('',#5703,1.375);
#5703 = AXIS2_PLACEMENT_3D('',#5704,#5705,#5706);
#5704 = CARTESIAN_POINT('',(-35.56,-17.78,-29.1));
#5705 = DIRECTION('',(0.,0.,1.));
#5706 = DIRECTION('',(1.,0.,-0.));
#5707 = ORIENTED_EDGE('',*,*,#5708,.T.);
#5708 = EDGE_CURVE('',#5700,#1226,#5709,.T.);
#5709 = LINE('',#5710,#5711);
#5710 = CARTESIAN_POINT('',(-36.935,-17.78,-30.1));
#5711 = VECTOR('',#5712,1.);
#5712 = DIRECTION('',(0.,0.,1.));
#5713 = CYLINDRICAL_SURFACE('',#5714,1.375);
#5714 = AXIS2_PLACEMENT_3D('',#5715,#5716,#5717);
#5715 = CARTESIAN_POINT('',(-35.56,-17.78,-30.1));
#5716 = DIRECTION('',(0.,0.,1.));
#5717 = DIRECTION('',(1.,0.,-0.));
#5718 = ADVANCED_FACE('',(#5719),#5737,.F.);
#5719 = FACE_BOUND('',#5720,.F.);
#5720 = EDGE_LOOP('',(#5721,#5729,#5735,#5736));
#5721 = ORIENTED_EDGE('',*,*,#5722,.F.);
#5722 = EDGE_CURVE('',#5723,#1235,#5725,.T.);
#5723 = VERTEX_POINT('',#5724);
#5724 = CARTESIAN_POINT('',(-34.185,-22.86,-29.1));
#5725 = LINE('',#5726,#5727);
#5726 = CARTESIAN_POINT('',(-34.185,-22.86,-30.1));
#5727 = VECTOR('',#5728,1.);
#5728 = DIRECTION('',(0.,0.,1.));
#5729 = ORIENTED_EDGE('',*,*,#5730,.T.);
#5730 = EDGE_CURVE('',#5723,#5692,#5731,.T.);
#5731 = LINE('',#5732,#5733);
#5732 = CARTESIAN_POINT('',(-34.185,-28.17,-29.1));
#5733 = VECTOR('',#5734,1.);
#5734 = DIRECTION('',(-0.,1.,0.));
#5735 = ORIENTED_EDGE('',*,*,#5691,.T.);
#5736 = ORIENTED_EDGE('',*,*,#1234,.F.);
#5737 = PLANE('',#5738);
#5738 = AXIS2_PLACEMENT_3D('',#5739,#5740,#5741);
#5739 = CARTESIAN_POINT('',(-34.185,-22.86,-30.1));
#5740 = DIRECTION('',(1.,0.,-0.));
#5741 = DIRECTION('',(0.,0.,1.));
#5742 = ADVANCED_FACE('',(#5743),#5761,.T.);
#5743 = FACE_BOUND('',#5744,.T.);
#5744 = EDGE_LOOP('',(#5745,#5753,#5759,#5760));
#5745 = ORIENTED_EDGE('',*,*,#5746,.F.);
#5746 = EDGE_CURVE('',#5747,#1243,#5749,.T.);
#5747 = VERTEX_POINT('',#5748);
#5748 = CARTESIAN_POINT('',(-36.935,-22.86,-29.1));
#5749 = LINE('',#5750,#5751);
#5750 = CARTESIAN_POINT('',(-36.935,-22.86,-30.1));
#5751 = VECTOR('',#5752,1.);
#5752 = DIRECTION('',(0.,0.,1.));
#5753 = ORIENTED_EDGE('',*,*,#5754,.T.);
#5754 = EDGE_CURVE('',#5747,#5700,#5755,.T.);
#5755 = LINE('',#5756,#5757);
#5756 = CARTESIAN_POINT('',(-36.935,-28.17,-29.1));
#5757 = VECTOR('',#5758,1.);
#5758 = DIRECTION('',(-0.,1.,0.));
#5759 = ORIENTED_EDGE('',*,*,#5708,.T.);
#5760 = ORIENTED_EDGE('',*,*,#1251,.F.);
#5761 = PLANE('',#5762);
#5762 = AXIS2_PLACEMENT_3D('',#5763,#5764,#5765);
#5763 = CARTESIAN_POINT('',(-36.935,-22.86,-30.1));
#5764 = DIRECTION('',(1.,0.,-0.));
#5765 = DIRECTION('',(0.,0.,1.));
#5766 = ADVANCED_FACE('',(#5767),#5779,.F.);
#5767 = FACE_BOUND('',#5768,.F.);
#5768 = EDGE_LOOP('',(#5769,#5770,#5771,#5772));
#5769 = ORIENTED_EDGE('',*,*,#5722,.T.);
#5770 = ORIENTED_EDGE('',*,*,#1242,.F.);
#5771 = ORIENTED_EDGE('',*,*,#5746,.F.);
#5772 = ORIENTED_EDGE('',*,*,#5773,.T.);
#5773 = EDGE_CURVE('',#5747,#5723,#5774,.T.);
#5774 = CIRCLE('',#5775,1.375);
#5775 = AXIS2_PLACEMENT_3D('',#5776,#5777,#5778);
#5776 = CARTESIAN_POINT('',(-35.56,-22.86,-29.1));
#5777 = DIRECTION('',(0.,0.,1.));
#5778 = DIRECTION('',(1.,0.,-0.));
#5779 = CYLINDRICAL_SURFACE('',#5780,1.375);
#5780 = AXIS2_PLACEMENT_3D('',#5781,#5782,#5783);
#5781 = CARTESIAN_POINT('',(-35.56,-22.86,-30.1));
#5782 = DIRECTION('',(0.,0.,1.));
#5783 = DIRECTION('',(1.,0.,-0.));
#5784 = ADVANCED_FACE('',(#5785),#5811,.F.);
#5785 = FACE_BOUND('',#5786,.F.);
#5786 = EDGE_LOOP('',(#5787,#5788,#5796,#5805));
#5787 = ORIENTED_EDGE('',*,*,#1259,.F.);
#5788 = ORIENTED_EDGE('',*,*,#5789,.F.);
#5789 = EDGE_CURVE('',#5790,#1260,#5792,.T.);
#5790 = VERTEX_POINT('',#5791);
#5791 = CARTESIAN_POINT('',(21.695,-7.62,-29.1));
#5792 = LINE('',#5793,#5794);
#5793 = CARTESIAN_POINT('',(21.695,-7.62,-30.1));
#5794 = VECTOR('',#5795,1.);
#5795 = DIRECTION('',(0.,0.,1.));
#5796 = ORIENTED_EDGE('',*,*,#5797,.T.);
#5797 = EDGE_CURVE('',#5790,#5798,#5800,.T.);
#5798 = VERTEX_POINT('',#5799);
#5799 = CARTESIAN_POINT('',(18.945,-7.62,-29.1));
#5800 = CIRCLE('',#5801,1.375);
#5801 = AXIS2_PLACEMENT_3D('',#5802,#5803,#5804);
#5802 = CARTESIAN_POINT('',(20.32,-7.62,-29.1));
#5803 = DIRECTION('',(0.,0.,1.));
#5804 = DIRECTION('',(1.,0.,-0.));
#5805 = ORIENTED_EDGE('',*,*,#5806,.T.);
#5806 = EDGE_CURVE('',#5798,#1262,#5807,.T.);
#5807 = LINE('',#5808,#5809);
#5808 = CARTESIAN_POINT('',(18.945,-7.62,-30.1));
#5809 = VECTOR('',#5810,1.);
#5810 = DIRECTION('',(0.,0.,1.));
#5811 = CYLINDRICAL_SURFACE('',#5812,1.375);
#5812 = AXIS2_PLACEMENT_3D('',#5813,#5814,#5815);
#5813 = CARTESIAN_POINT('',(20.32,-7.62,-30.1));
#5814 = DIRECTION('',(0.,0.,1.));
#5815 = DIRECTION('',(1.,0.,-0.));
#5816 = ADVANCED_FACE('',(#5817),#5835,.F.);
#5817 = FACE_BOUND('',#5818,.F.);
#5818 = EDGE_LOOP('',(#5819,#5827,#5833,#5834));
#5819 = ORIENTED_EDGE('',*,*,#5820,.F.);
#5820 = EDGE_CURVE('',#5821,#1271,#5823,.T.);
#5821 = VERTEX_POINT('',#5822);
#5822 = CARTESIAN_POINT('',(21.695,-12.7,-29.1));
#5823 = LINE('',#5824,#5825);
#5824 = CARTESIAN_POINT('',(21.695,-12.7,-30.1));
#5825 = VECTOR('',#5826,1.);
#5826 = DIRECTION('',(0.,0.,1.));
#5827 = ORIENTED_EDGE('',*,*,#5828,.T.);
#5828 = EDGE_CURVE('',#5821,#5790,#5829,.T.);
#5829 = LINE('',#5830,#5831);
#5830 = CARTESIAN_POINT('',(21.695,-23.09,-29.1));
#5831 = VECTOR('',#5832,1.);
#5832 = DIRECTION('',(-0.,1.,0.));
#5833 = ORIENTED_EDGE('',*,*,#5789,.T.);
#5834 = ORIENTED_EDGE('',*,*,#1270,.F.);
#5835 = PLANE('',#5836);
#5836 = AXIS2_PLACEMENT_3D('',#5837,#5838,#5839);
#5837 = CARTESIAN_POINT('',(21.695,-12.7,-30.1));
#5838 = DIRECTION('',(1.,0.,-0.));
#5839 = DIRECTION('',(0.,0.,1.));
#5840 = ADVANCED_FACE('',(#5841),#5859,.T.);
#5841 = FACE_BOUND('',#5842,.T.);
#5842 = EDGE_LOOP('',(#5843,#5851,#5857,#5858));
#5843 = ORIENTED_EDGE('',*,*,#5844,.F.);
#5844 = EDGE_CURVE('',#5845,#1279,#5847,.T.);
#5845 = VERTEX_POINT('',#5846);
#5846 = CARTESIAN_POINT('',(18.945,-12.7,-29.1));
#5847 = LINE('',#5848,#5849);
#5848 = CARTESIAN_POINT('',(18.945,-12.7,-30.1));
#5849 = VECTOR('',#5850,1.);
#5850 = DIRECTION('',(0.,0.,1.));
#5851 = ORIENTED_EDGE('',*,*,#5852,.T.);
#5852 = EDGE_CURVE('',#5845,#5798,#5853,.T.);
#5853 = LINE('',#5854,#5855);
#5854 = CARTESIAN_POINT('',(18.945,-23.09,-29.1));
#5855 = VECTOR('',#5856,1.);
#5856 = DIRECTION('',(-0.,1.,0.));
#5857 = ORIENTED_EDGE('',*,*,#5806,.T.);
#5858 = ORIENTED_EDGE('',*,*,#1287,.F.);
#5859 = PLANE('',#5860);
#5860 = AXIS2_PLACEMENT_3D('',#5861,#5862,#5863);
#5861 = CARTESIAN_POINT('',(18.945,-12.7,-30.1));
#5862 = DIRECTION('',(1.,0.,-0.));
#5863 = DIRECTION('',(0.,0.,1.));
#5864 = ADVANCED_FACE('',(#5865),#5877,.F.);
#5865 = FACE_BOUND('',#5866,.F.);
#5866 = EDGE_LOOP('',(#5867,#5868,#5869,#5870));
#5867 = ORIENTED_EDGE('',*,*,#5820,.T.);
#5868 = ORIENTED_EDGE('',*,*,#1278,.F.);
#5869 = ORIENTED_EDGE('',*,*,#5844,.F.);
#5870 = ORIENTED_EDGE('',*,*,#5871,.T.);
#5871 = EDGE_CURVE('',#5845,#5821,#5872,.T.);
#5872 = CIRCLE('',#5873,1.375);
#5873 = AXIS2_PLACEMENT_3D('',#5874,#5875,#5876);
#5874 = CARTESIAN_POINT('',(20.32,-12.7,-29.1));
#5875 = DIRECTION('',(0.,0.,1.));
#5876 = DIRECTION('',(1.,0.,-0.));
#5877 = CYLINDRICAL_SURFACE('',#5878,1.375);
#5878 = AXIS2_PLACEMENT_3D('',#5879,#5880,#5881);
#5879 = CARTESIAN_POINT('',(20.32,-12.7,-30.1));
#5880 = DIRECTION('',(0.,0.,1.));
#5881 = DIRECTION('',(1.,0.,-0.));
#5882 = ADVANCED_FACE('',(#5883),#5909,.F.);
#5883 = FACE_BOUND('',#5884,.F.);
#5884 = EDGE_LOOP('',(#5885,#5886,#5894,#5903));
#5885 = ORIENTED_EDGE('',*,*,#1295,.F.);
#5886 = ORIENTED_EDGE('',*,*,#5887,.F.);
#5887 = EDGE_CURVE('',#5888,#1296,#5890,.T.);
#5888 = VERTEX_POINT('',#5889);
#5889 = CARTESIAN_POINT('',(11.535,-17.78,-29.1));
#5890 = LINE('',#5891,#5892);
#5891 = CARTESIAN_POINT('',(11.535,-17.78,-30.1));
#5892 = VECTOR('',#5893,1.);
#5893 = DIRECTION('',(0.,0.,1.));
#5894 = ORIENTED_EDGE('',*,*,#5895,.T.);
#5895 = EDGE_CURVE('',#5888,#5896,#5898,.T.);
#5896 = VERTEX_POINT('',#5897);
#5897 = CARTESIAN_POINT('',(8.785,-17.78,-29.1));
#5898 = CIRCLE('',#5899,1.375);
#5899 = AXIS2_PLACEMENT_3D('',#5900,#5901,#5902);
#5900 = CARTESIAN_POINT('',(10.16,-17.78,-29.1));
#5901 = DIRECTION('',(0.,0.,1.));
#5902 = DIRECTION('',(1.,0.,-0.));
#5903 = ORIENTED_EDGE('',*,*,#5904,.T.);
#5904 = EDGE_CURVE('',#5896,#1298,#5905,.T.);
#5905 = LINE('',#5906,#5907);
#5906 = CARTESIAN_POINT('',(8.785,-17.78,-30.1));
#5907 = VECTOR('',#5908,1.);
#5908 = DIRECTION('',(0.,0.,1.));
#5909 = CYLINDRICAL_SURFACE('',#5910,1.375);
#5910 = AXIS2_PLACEMENT_3D('',#5911,#5912,#5913);
#5911 = CARTESIAN_POINT('',(10.16,-17.78,-30.1));
#5912 = DIRECTION('',(0.,0.,1.));
#5913 = DIRECTION('',(1.,0.,-0.));
#5914 = ADVANCED_FACE('',(#5915),#5933,.F.);
#5915 = FACE_BOUND('',#5916,.F.);
#5916 = EDGE_LOOP('',(#5917,#5925,#5931,#5932));
#5917 = ORIENTED_EDGE('',*,*,#5918,.F.);
#5918 = EDGE_CURVE('',#5919,#1307,#5921,.T.);
#5919 = VERTEX_POINT('',#5920);
#5920 = CARTESIAN_POINT('',(11.535,-22.86,-29.1));
#5921 = LINE('',#5922,#5923);
#5922 = CARTESIAN_POINT('',(11.535,-22.86,-30.1));
#5923 = VECTOR('',#5924,1.);
#5924 = DIRECTION('',(0.,0.,1.));
#5925 = ORIENTED_EDGE('',*,*,#5926,.T.);
#5926 = EDGE_CURVE('',#5919,#5888,#5927,.T.);
#5927 = LINE('',#5928,#5929);
#5928 = CARTESIAN_POINT('',(11.535,-28.17,-29.1));
#5929 = VECTOR('',#5930,1.);
#5930 = DIRECTION('',(-0.,1.,0.));
#5931 = ORIENTED_EDGE('',*,*,#5887,.T.);
#5932 = ORIENTED_EDGE('',*,*,#1306,.F.);
#5933 = PLANE('',#5934);
#5934 = AXIS2_PLACEMENT_3D('',#5935,#5936,#5937);
#5935 = CARTESIAN_POINT('',(11.535,-22.86,-30.1));
#5936 = DIRECTION('',(1.,0.,-0.));
#5937 = DIRECTION('',(0.,0.,1.));
#5938 = ADVANCED_FACE('',(#5939),#5957,.T.);
#5939 = FACE_BOUND('',#5940,.T.);
#5940 = EDGE_LOOP('',(#5941,#5949,#5955,#5956));
#5941 = ORIENTED_EDGE('',*,*,#5942,.F.);
#5942 = EDGE_CURVE('',#5943,#1315,#5945,.T.);
#5943 = VERTEX_POINT('',#5944);
#5944 = CARTESIAN_POINT('',(8.785,-22.86,-29.1));
#5945 = LINE('',#5946,#5947);
#5946 = CARTESIAN_POINT('',(8.785,-22.86,-30.1));
#5947 = VECTOR('',#5948,1.);
#5948 = DIRECTION('',(0.,0.,1.));
#5949 = ORIENTED_EDGE('',*,*,#5950,.T.);
#5950 = EDGE_CURVE('',#5943,#5896,#5951,.T.);
#5951 = LINE('',#5952,#5953);
#5952 = CARTESIAN_POINT('',(8.785,-28.17,-29.1));
#5953 = VECTOR('',#5954,1.);
#5954 = DIRECTION('',(-0.,1.,0.));
#5955 = ORIENTED_EDGE('',*,*,#5904,.T.);
#5956 = ORIENTED_EDGE('',*,*,#1323,.F.);
#5957 = PLANE('',#5958);
#5958 = AXIS2_PLACEMENT_3D('',#5959,#5960,#5961);
#5959 = CARTESIAN_POINT('',(8.785,-22.86,-30.1));
#5960 = DIRECTION('',(1.,0.,-0.));
#5961 = DIRECTION('',(0.,0.,1.));
#5962 = ADVANCED_FACE('',(#5963),#5975,.F.);
#5963 = FACE_BOUND('',#5964,.F.);
#5964 = EDGE_LOOP('',(#5965,#5966,#5967,#5968));
#5965 = ORIENTED_EDGE('',*,*,#5918,.T.);
#5966 = ORIENTED_EDGE('',*,*,#1314,.F.);
#5967 = ORIENTED_EDGE('',*,*,#5942,.F.);
#5968 = ORIENTED_EDGE('',*,*,#5969,.T.);
#5969 = EDGE_CURVE('',#5943,#5919,#5970,.T.);
#5970 = CIRCLE('',#5971,1.375);
#5971 = AXIS2_PLACEMENT_3D('',#5972,#5973,#5974);
#5972 = CARTESIAN_POINT('',(10.16,-22.86,-29.1));
#5973 = DIRECTION('',(0.,0.,1.));
#5974 = DIRECTION('',(1.,0.,-0.));
#5975 = CYLINDRICAL_SURFACE('',#5976,1.375);
#5976 = AXIS2_PLACEMENT_3D('',#5977,#5978,#5979);
#5977 = CARTESIAN_POINT('',(10.16,-22.86,-30.1));
#5978 = DIRECTION('',(0.,0.,1.));
#5979 = DIRECTION('',(1.,0.,-0.));
#5980 = ADVANCED_FACE('',(#5981),#6007,.F.);
#5981 = FACE_BOUND('',#5982,.F.);
#5982 = EDGE_LOOP('',(#5983,#5984,#5992,#6001));
#5983 = ORIENTED_EDGE('',*,*,#1331,.F.);
#5984 = ORIENTED_EDGE('',*,*,#5985,.F.);
#5985 = EDGE_CURVE('',#5986,#1332,#5988,.T.);
#5986 = VERTEX_POINT('',#5987);
#5987 = CARTESIAN_POINT('',(-18.945,-17.78,-29.1));
#5988 = LINE('',#5989,#5990);
#5989 = CARTESIAN_POINT('',(-18.945,-17.78,-30.1));
#5990 = VECTOR('',#5991,1.);
#5991 = DIRECTION('',(0.,0.,1.));
#5992 = ORIENTED_EDGE('',*,*,#5993,.T.);
#5993 = EDGE_CURVE('',#5986,#5994,#5996,.T.);
#5994 = VERTEX_POINT('',#5995);
#5995 = CARTESIAN_POINT('',(-21.695,-17.78,-29.1));
#5996 = CIRCLE('',#5997,1.375);
#5997 = AXIS2_PLACEMENT_3D('',#5998,#5999,#6000);
#5998 = CARTESIAN_POINT('',(-20.32,-17.78,-29.1));
#5999 = DIRECTION('',(0.,0.,1.));
#6000 = DIRECTION('',(1.,0.,-0.));
#6001 = ORIENTED_EDGE('',*,*,#6002,.T.);
#6002 = EDGE_CURVE('',#5994,#1334,#6003,.T.);
#6003 = LINE('',#6004,#6005);
#6004 = CARTESIAN_POINT('',(-21.695,-17.78,-30.1));
#6005 = VECTOR('',#6006,1.);
#6006 = DIRECTION('',(0.,0.,1.));
#6007 = CYLINDRICAL_SURFACE('',#6008,1.375);
#6008 = AXIS2_PLACEMENT_3D('',#6009,#6010,#6011);
#6009 = CARTESIAN_POINT('',(-20.32,-17.78,-30.1));
#6010 = DIRECTION('',(0.,0.,1.));
#6011 = DIRECTION('',(1.,0.,-0.));
#6012 = ADVANCED_FACE('',(#6013),#6031,.F.);
#6013 = FACE_BOUND('',#6014,.F.);
#6014 = EDGE_LOOP('',(#6015,#6023,#6029,#6030));
#6015 = ORIENTED_EDGE('',*,*,#6016,.F.);
#6016 = EDGE_CURVE('',#6017,#1343,#6019,.T.);
#6017 = VERTEX_POINT('',#6018);
#6018 = CARTESIAN_POINT('',(-18.945,-22.86,-29.1));
#6019 = LINE('',#6020,#6021);
#6020 = CARTESIAN_POINT('',(-18.945,-22.86,-30.1));
#6021 = VECTOR('',#6022,1.);
#6022 = DIRECTION('',(0.,0.,1.));
#6023 = ORIENTED_EDGE('',*,*,#6024,.T.);
#6024 = EDGE_CURVE('',#6017,#5986,#6025,.T.);
#6025 = LINE('',#6026,#6027);
#6026 = CARTESIAN_POINT('',(-18.945,-28.17,-29.1));
#6027 = VECTOR('',#6028,1.);
#6028 = DIRECTION('',(-0.,1.,0.));
#6029 = ORIENTED_EDGE('',*,*,#5985,.T.);
#6030 = ORIENTED_EDGE('',*,*,#1342,.F.);
#6031 = PLANE('',#6032);
#6032 = AXIS2_PLACEMENT_3D('',#6033,#6034,#6035);
#6033 = CARTESIAN_POINT('',(-18.945,-22.86,-30.1));
#6034 = DIRECTION('',(1.,0.,-0.));
#6035 = DIRECTION('',(0.,0.,1.));
#6036 = ADVANCED_FACE('',(#6037),#6055,.T.);
#6037 = FACE_BOUND('',#6038,.T.);
#6038 = EDGE_LOOP('',(#6039,#6047,#6053,#6054));
#6039 = ORIENTED_EDGE('',*,*,#6040,.F.);
#6040 = EDGE_CURVE('',#6041,#1351,#6043,.T.);
#6041 = VERTEX_POINT('',#6042);
#6042 = CARTESIAN_POINT('',(-21.695,-22.86,-29.1));
#6043 = LINE('',#6044,#6045);
#6044 = CARTESIAN_POINT('',(-21.695,-22.86,-30.1));
#6045 = VECTOR('',#6046,1.);
#6046 = DIRECTION('',(0.,0.,1.));
#6047 = ORIENTED_EDGE('',*,*,#6048,.T.);
#6048 = EDGE_CURVE('',#6041,#5994,#6049,.T.);
#6049 = LINE('',#6050,#6051);
#6050 = CARTESIAN_POINT('',(-21.695,-28.17,-29.1));
#6051 = VECTOR('',#6052,1.);
#6052 = DIRECTION('',(-0.,1.,0.));
#6053 = ORIENTED_EDGE('',*,*,#6002,.T.);
#6054 = ORIENTED_EDGE('',*,*,#1359,.F.);
#6055 = PLANE('',#6056);
#6056 = AXIS2_PLACEMENT_3D('',#6057,#6058,#6059);
#6057 = CARTESIAN_POINT('',(-21.695,-22.86,-30.1));
#6058 = DIRECTION('',(1.,0.,-0.));
#6059 = DIRECTION('',(0.,0.,1.));
#6060 = ADVANCED_FACE('',(#6061),#6073,.F.);
#6061 = FACE_BOUND('',#6062,.F.);
#6062 = EDGE_LOOP('',(#6063,#6064,#6065,#6066));
#6063 = ORIENTED_EDGE('',*,*,#6016,.T.);
#6064 = ORIENTED_EDGE('',*,*,#1350,.F.);
#6065 = ORIENTED_EDGE('',*,*,#6040,.F.);
#6066 = ORIENTED_EDGE('',*,*,#6067,.T.);
#6067 = EDGE_CURVE('',#6041,#6017,#6068,.T.);
#6068 = CIRCLE('',#6069,1.375);
#6069 = AXIS2_PLACEMENT_3D('',#6070,#6071,#6072);
#6070 = CARTESIAN_POINT('',(-20.32,-22.86,-29.1));
#6071 = DIRECTION('',(0.,0.,1.));
#6072 = DIRECTION('',(1.,0.,-0.));
#6073 = CYLINDRICAL_SURFACE('',#6074,1.375);
#6074 = AXIS2_PLACEMENT_3D('',#6075,#6076,#6077);
#6075 = CARTESIAN_POINT('',(-20.32,-22.86,-30.1));
#6076 = DIRECTION('',(0.,0.,1.));
#6077 = DIRECTION('',(1.,0.,-0.));
#6078 = ADVANCED_FACE('',(#6079),#6105,.F.);
#6079 = FACE_BOUND('',#6080,.F.);
#6080 = EDGE_LOOP('',(#6081,#6082,#6090,#6099));
#6081 = ORIENTED_EDGE('',*,*,#1367,.F.);
#6082 = ORIENTED_EDGE('',*,*,#6083,.F.);
#6083 = EDGE_CURVE('',#6084,#1368,#6086,.T.);
#6084 = VERTEX_POINT('',#6085);
#6085 = CARTESIAN_POINT('',(21.695,-22.86,-29.1));
#6086 = LINE('',#6087,#6088);
#6087 = CARTESIAN_POINT('',(21.695,-22.86,-30.1));
#6088 = VECTOR('',#6089,1.);
#6089 = DIRECTION('',(0.,0.,1.));
#6090 = ORIENTED_EDGE('',*,*,#6091,.T.);
#6091 = EDGE_CURVE('',#6084,#6092,#6094,.T.);
#6092 = VERTEX_POINT('',#6093);
#6093 = CARTESIAN_POINT('',(18.945,-22.86,-29.1));
#6094 = CIRCLE('',#6095,1.375);
#6095 = AXIS2_PLACEMENT_3D('',#6096,#6097,#6098);
#6096 = CARTESIAN_POINT('',(20.32,-22.86,-29.1));
#6097 = DIRECTION('',(0.,0.,1.));
#6098 = DIRECTION('',(1.,0.,-0.));
#6099 = ORIENTED_EDGE('',*,*,#6100,.T.);
#6100 = EDGE_CURVE('',#6092,#1370,#6101,.T.);
#6101 = LINE('',#6102,#6103);
#6102 = CARTESIAN_POINT('',(18.945,-22.86,-30.1));
#6103 = VECTOR('',#6104,1.);
#6104 = DIRECTION('',(0.,0.,1.));
#6105 = CYLINDRICAL_SURFACE('',#6106,1.375);
#6106 = AXIS2_PLACEMENT_3D('',#6107,#6108,#6109);
#6107 = CARTESIAN_POINT('',(20.32,-22.86,-30.1));
#6108 = DIRECTION('',(0.,0.,1.));
#6109 = DIRECTION('',(1.,0.,-0.));
#6110 = ADVANCED_FACE('',(#6111),#6129,.F.);
#6111 = FACE_BOUND('',#6112,.F.);
#6112 = EDGE_LOOP('',(#6113,#6121,#6127,#6128));
#6113 = ORIENTED_EDGE('',*,*,#6114,.F.);
#6114 = EDGE_CURVE('',#6115,#1379,#6117,.T.);
#6115 = VERTEX_POINT('',#6116);
#6116 = CARTESIAN_POINT('',(21.695,-27.94,-29.1));
#6117 = LINE('',#6118,#6119);
#6118 = CARTESIAN_POINT('',(21.695,-27.94,-30.1));
#6119 = VECTOR('',#6120,1.);
#6120 = DIRECTION('',(0.,0.,1.));
#6121 = ORIENTED_EDGE('',*,*,#6122,.T.);
#6122 = EDGE_CURVE('',#6115,#6084,#6123,.T.);
#6123 = LINE('',#6124,#6125);
#6124 = CARTESIAN_POINT('',(21.695,-30.71,-29.1));
#6125 = VECTOR('',#6126,1.);
#6126 = DIRECTION('',(-0.,1.,0.));
#6127 = ORIENTED_EDGE('',*,*,#6083,.T.);
#6128 = ORIENTED_EDGE('',*,*,#1378,.F.);
#6129 = PLANE('',#6130);
#6130 = AXIS2_PLACEMENT_3D('',#6131,#6132,#6133);
#6131 = CARTESIAN_POINT('',(21.695,-27.94,-30.1));
#6132 = DIRECTION('',(1.,0.,-0.));
#6133 = DIRECTION('',(0.,0.,1.));
#6134 = ADVANCED_FACE('',(#6135),#6153,.T.);
#6135 = FACE_BOUND('',#6136,.T.);
#6136 = EDGE_LOOP('',(#6137,#6145,#6151,#6152));
#6137 = ORIENTED_EDGE('',*,*,#6138,.F.);
#6138 = EDGE_CURVE('',#6139,#1387,#6141,.T.);
#6139 = VERTEX_POINT('',#6140);
#6140 = CARTESIAN_POINT('',(18.945,-27.94,-29.1));
#6141 = LINE('',#6142,#6143);
#6142 = CARTESIAN_POINT('',(18.945,-27.94,-30.1));
#6143 = VECTOR('',#6144,1.);
#6144 = DIRECTION('',(0.,0.,1.));
#6145 = ORIENTED_EDGE('',*,*,#6146,.T.);
#6146 = EDGE_CURVE('',#6139,#6092,#6147,.T.);
#6147 = LINE('',#6148,#6149);
#6148 = CARTESIAN_POINT('',(18.945,-30.71,-29.1));
#6149 = VECTOR('',#6150,1.);
#6150 = DIRECTION('',(-0.,1.,0.));
#6151 = ORIENTED_EDGE('',*,*,#6100,.T.);
#6152 = ORIENTED_EDGE('',*,*,#1395,.F.);
#6153 = PLANE('',#6154);
#6154 = AXIS2_PLACEMENT_3D('',#6155,#6156,#6157);
#6155 = CARTESIAN_POINT('',(18.945,-27.94,-30.1));
#6156 = DIRECTION('',(1.,0.,-0.));
#6157 = DIRECTION('',(0.,0.,1.));
#6158 = ADVANCED_FACE('',(#6159),#6171,.F.);
#6159 = FACE_BOUND('',#6160,.F.);
#6160 = EDGE_LOOP('',(#6161,#6162,#6163,#6164));
#6161 = ORIENTED_EDGE('',*,*,#6114,.T.);
#6162 = ORIENTED_EDGE('',*,*,#1386,.F.);
#6163 = ORIENTED_EDGE('',*,*,#6138,.F.);
#6164 = ORIENTED_EDGE('',*,*,#6165,.T.);
#6165 = EDGE_CURVE('',#6139,#6115,#6166,.T.);
#6166 = CIRCLE('',#6167,1.375);
#6167 = AXIS2_PLACEMENT_3D('',#6168,#6169,#6170);
#6168 = CARTESIAN_POINT('',(20.32,-27.94,-29.1));
#6169 = DIRECTION('',(0.,0.,1.));
#6170 = DIRECTION('',(1.,0.,-0.));
#6171 = CYLINDRICAL_SURFACE('',#6172,1.375);
#6172 = AXIS2_PLACEMENT_3D('',#6173,#6174,#6175);
#6173 = CARTESIAN_POINT('',(20.32,-27.94,-30.1));
#6174 = DIRECTION('',(0.,0.,1.));
#6175 = DIRECTION('',(1.,0.,-0.));
#6176 = ADVANCED_FACE('',(#6177),#6203,.F.);
#6177 = FACE_BOUND('',#6178,.F.);
#6178 = EDGE_LOOP('',(#6179,#6180,#6188,#6197));
#6179 = ORIENTED_EDGE('',*,*,#1403,.F.);
#6180 = ORIENTED_EDGE('',*,*,#6181,.F.);
#6181 = EDGE_CURVE('',#6182,#1404,#6184,.T.);
#6182 = VERTEX_POINT('',#6183);
#6183 = CARTESIAN_POINT('',(-15.24,29.315,-29.1));
#6184 = LINE('',#6185,#6186);
#6185 = CARTESIAN_POINT('',(-15.24,29.315,-30.1));
#6186 = VECTOR('',#6187,1.);
#6187 = DIRECTION('',(0.,0.,1.));
#6188 = ORIENTED_EDGE('',*,*,#6189,.T.);
#6189 = EDGE_CURVE('',#6182,#6190,#6192,.T.);
#6190 = VERTEX_POINT('',#6191);
#6191 = CARTESIAN_POINT('',(-15.24,26.565,-29.1));
#6192 = CIRCLE('',#6193,1.375);
#6193 = AXIS2_PLACEMENT_3D('',#6194,#6195,#6196);
#6194 = CARTESIAN_POINT('',(-15.24,27.94,-29.1));
#6195 = DIRECTION('',(0.,0.,1.));
#6196 = DIRECTION('',(1.,0.,-0.));
#6197 = ORIENTED_EDGE('',*,*,#6198,.T.);
#6198 = EDGE_CURVE('',#6190,#1406,#6199,.T.);
#6199 = LINE('',#6200,#6201);
#6200 = CARTESIAN_POINT('',(-15.24,26.565,-30.1));
#6201 = VECTOR('',#6202,1.);
#6202 = DIRECTION('',(0.,0.,1.));
#6203 = CYLINDRICAL_SURFACE('',#6204,1.375);
#6204 = AXIS2_PLACEMENT_3D('',#6205,#6206,#6207);
#6205 = CARTESIAN_POINT('',(-15.24,27.94,-30.1));
#6206 = DIRECTION('',(0.,0.,1.));
#6207 = DIRECTION('',(1.,0.,-0.));
#6208 = ADVANCED_FACE('',(#6209),#6227,.F.);
#6209 = FACE_BOUND('',#6210,.F.);
#6210 = EDGE_LOOP('',(#6211,#6219,#6220,#6221));
#6211 = ORIENTED_EDGE('',*,*,#6212,.T.);
#6212 = EDGE_CURVE('',#6213,#6182,#6215,.T.);
#6213 = VERTEX_POINT('',#6214);
#6214 = CARTESIAN_POINT('',(-10.16,29.315,-29.1));
#6215 = LINE('',#6216,#6217);
#6216 = CARTESIAN_POINT('',(-28.17,29.315,-29.1));
#6217 = VECTOR('',#6218,1.);
#6218 = DIRECTION('',(-1.,-0.,0.));
#6219 = ORIENTED_EDGE('',*,*,#6181,.T.);
#6220 = ORIENTED_EDGE('',*,*,#1414,.F.);
#6221 = ORIENTED_EDGE('',*,*,#6222,.F.);
#6222 = EDGE_CURVE('',#6213,#1415,#6223,.T.);
#6223 = LINE('',#6224,#6225);
#6224 = CARTESIAN_POINT('',(-10.16,29.315,-30.1));
#6225 = VECTOR('',#6226,1.);
#6226 = DIRECTION('',(0.,0.,1.));
#6227 = PLANE('',#6228);
#6228 = AXIS2_PLACEMENT_3D('',#6229,#6230,#6231);
#6229 = CARTESIAN_POINT('',(-15.24,29.315,-30.1));
#6230 = DIRECTION('',(-0.,1.,0.));
#6231 = DIRECTION('',(0.,0.,1.));
#6232 = ADVANCED_FACE('',(#6233),#6251,.T.);
#6233 = FACE_BOUND('',#6234,.T.);
#6234 = EDGE_LOOP('',(#6235,#6243,#6244,#6245));
#6235 = ORIENTED_EDGE('',*,*,#6236,.T.);
#6236 = EDGE_CURVE('',#6237,#6190,#6239,.T.);
#6237 = VERTEX_POINT('',#6238);
#6238 = CARTESIAN_POINT('',(-10.16,26.565,-29.1));
#6239 = LINE('',#6240,#6241);
#6240 = CARTESIAN_POINT('',(-28.17,26.565,-29.1));
#6241 = VECTOR('',#6242,1.);
#6242 = DIRECTION('',(-1.,-0.,0.));
#6243 = ORIENTED_EDGE('',*,*,#6198,.T.);
#6244 = ORIENTED_EDGE('',*,*,#1440,.F.);
#6245 = ORIENTED_EDGE('',*,*,#6246,.F.);
#6246 = EDGE_CURVE('',#6237,#1432,#6247,.T.);
#6247 = LINE('',#6248,#6249);
#6248 = CARTESIAN_POINT('',(-10.16,26.565,-30.1));
#6249 = VECTOR('',#6250,1.);
#6250 = DIRECTION('',(0.,0.,1.));
#6251 = PLANE('',#6252);
#6252 = AXIS2_PLACEMENT_3D('',#6253,#6254,#6255);
#6253 = CARTESIAN_POINT('',(-15.24,26.565,-30.1));
#6254 = DIRECTION('',(-0.,1.,0.));
#6255 = DIRECTION('',(0.,0.,1.));
#6256 = ADVANCED_FACE('',(#6257),#6283,.F.);
#6257 = FACE_BOUND('',#6258,.F.);
#6258 = EDGE_LOOP('',(#6259,#6260,#6268,#6277));
#6259 = ORIENTED_EDGE('',*,*,#1448,.F.);
#6260 = ORIENTED_EDGE('',*,*,#6261,.F.);
#6261 = EDGE_CURVE('',#6262,#1449,#6264,.T.);
#6262 = VERTEX_POINT('',#6263);
#6263 = CARTESIAN_POINT('',(36.935,-22.86,-29.1));
#6264 = LINE('',#6265,#6266);
#6265 = CARTESIAN_POINT('',(36.935,-22.86,-30.1));
#6266 = VECTOR('',#6267,1.);
#6267 = DIRECTION('',(0.,0.,1.));
#6268 = ORIENTED_EDGE('',*,*,#6269,.T.);
#6269 = EDGE_CURVE('',#6262,#6270,#6272,.T.);
#6270 = VERTEX_POINT('',#6271);
#6271 = CARTESIAN_POINT('',(34.185,-22.86,-29.1));
#6272 = CIRCLE('',#6273,1.375);
#6273 = AXIS2_PLACEMENT_3D('',#6274,#6275,#6276);
#6274 = CARTESIAN_POINT('',(35.56,-22.86,-29.1));
#6275 = DIRECTION('',(0.,0.,1.));
#6276 = DIRECTION('',(1.,0.,-0.));
#6277 = ORIENTED_EDGE('',*,*,#6278,.T.);
#6278 = EDGE_CURVE('',#6270,#1451,#6279,.T.);
#6279 = LINE('',#6280,#6281);
#6280 = CARTESIAN_POINT('',(34.185,-22.86,-30.1));
#6281 = VECTOR('',#6282,1.);
#6282 = DIRECTION('',(0.,0.,1.));
#6283 = CYLINDRICAL_SURFACE('',#6284,1.375);
#6284 = AXIS2_PLACEMENT_3D('',#6285,#6286,#6287);
#6285 = CARTESIAN_POINT('',(35.56,-22.86,-30.1));
#6286 = DIRECTION('',(0.,0.,1.));
#6287 = DIRECTION('',(1.,0.,-0.));
#6288 = ADVANCED_FACE('',(#6289),#6307,.F.);
#6289 = FACE_BOUND('',#6290,.F.);
#6290 = EDGE_LOOP('',(#6291,#6299,#6305,#6306));
#6291 = ORIENTED_EDGE('',*,*,#6292,.F.);
#6292 = EDGE_CURVE('',#6293,#1460,#6295,.T.);
#6293 = VERTEX_POINT('',#6294);
#6294 = CARTESIAN_POINT('',(36.935,-27.94,-29.1));
#6295 = LINE('',#6296,#6297);
#6296 = CARTESIAN_POINT('',(36.935,-27.94,-30.1));
#6297 = VECTOR('',#6298,1.);
#6298 = DIRECTION('',(0.,0.,1.));
#6299 = ORIENTED_EDGE('',*,*,#6300,.T.);
#6300 = EDGE_CURVE('',#6293,#6262,#6301,.T.);
#6301 = LINE('',#6302,#6303);
#6302 = CARTESIAN_POINT('',(36.935,-30.71,-29.1));
#6303 = VECTOR('',#6304,1.);
#6304 = DIRECTION('',(-0.,1.,0.));
#6305 = ORIENTED_EDGE('',*,*,#6261,.T.);
#6306 = ORIENTED_EDGE('',*,*,#1459,.F.);
#6307 = PLANE('',#6308);
#6308 = AXIS2_PLACEMENT_3D('',#6309,#6310,#6311);
#6309 = CARTESIAN_POINT('',(36.935,-27.94,-30.1));
#6310 = DIRECTION('',(1.,0.,-0.));
#6311 = DIRECTION('',(0.,0.,1.));
#6312 = ADVANCED_FACE('',(#6313),#6331,.T.);
#6313 = FACE_BOUND('',#6314,.T.);
#6314 = EDGE_LOOP('',(#6315,#6323,#6329,#6330));
#6315 = ORIENTED_EDGE('',*,*,#6316,.F.);
#6316 = EDGE_CURVE('',#6317,#1468,#6319,.T.);
#6317 = VERTEX_POINT('',#6318);
#6318 = CARTESIAN_POINT('',(34.185,-27.94,-29.1));
#6319 = LINE('',#6320,#6321);
#6320 = CARTESIAN_POINT('',(34.185,-27.94,-30.1));
#6321 = VECTOR('',#6322,1.);
#6322 = DIRECTION('',(0.,0.,1.));
#6323 = ORIENTED_EDGE('',*,*,#6324,.T.);
#6324 = EDGE_CURVE('',#6317,#6270,#6325,.T.);
#6325 = LINE('',#6326,#6327);
#6326 = CARTESIAN_POINT('',(34.185,-30.71,-29.1));
#6327 = VECTOR('',#6328,1.);
#6328 = DIRECTION('',(-0.,1.,0.));
#6329 = ORIENTED_EDGE('',*,*,#6278,.T.);
#6330 = ORIENTED_EDGE('',*,*,#1476,.F.);
#6331 = PLANE('',#6332);
#6332 = AXIS2_PLACEMENT_3D('',#6333,#6334,#6335);
#6333 = CARTESIAN_POINT('',(34.185,-27.94,-30.1));
#6334 = DIRECTION('',(1.,0.,-0.));
#6335 = DIRECTION('',(0.,0.,1.));
#6336 = ADVANCED_FACE('',(#6337),#6349,.F.);
#6337 = FACE_BOUND('',#6338,.F.);
#6338 = EDGE_LOOP('',(#6339,#6340,#6341,#6342));
#6339 = ORIENTED_EDGE('',*,*,#6292,.T.);
#6340 = ORIENTED_EDGE('',*,*,#1467,.F.);
#6341 = ORIENTED_EDGE('',*,*,#6316,.F.);
#6342 = ORIENTED_EDGE('',*,*,#6343,.T.);
#6343 = EDGE_CURVE('',#6317,#6293,#6344,.T.);
#6344 = CIRCLE('',#6345,1.375);
#6345 = AXIS2_PLACEMENT_3D('',#6346,#6347,#6348);
#6346 = CARTESIAN_POINT('',(35.56,-27.94,-29.1));
#6347 = DIRECTION('',(0.,0.,1.));
#6348 = DIRECTION('',(1.,0.,-0.));
#6349 = CYLINDRICAL_SURFACE('',#6350,1.375);
#6350 = AXIS2_PLACEMENT_3D('',#6351,#6352,#6353);
#6351 = CARTESIAN_POINT('',(35.56,-27.94,-30.1));
#6352 = DIRECTION('',(0.,0.,1.));
#6353 = DIRECTION('',(1.,0.,-0.));
#6354 = ADVANCED_FACE('',(#6355),#6381,.F.);
#6355 = FACE_BOUND('',#6356,.F.);
#6356 = EDGE_LOOP('',(#6357,#6358,#6366,#6375));
#6357 = ORIENTED_EDGE('',*,*,#1484,.F.);
#6358 = ORIENTED_EDGE('',*,*,#6359,.F.);
#6359 = EDGE_CURVE('',#6360,#1485,#6362,.T.);
#6360 = VERTEX_POINT('',#6361);
#6361 = CARTESIAN_POINT('',(-8.785,-22.86,-29.1));
#6362 = LINE('',#6363,#6364);
#6363 = CARTESIAN_POINT('',(-8.785,-22.86,-30.1));
#6364 = VECTOR('',#6365,1.);
#6365 = DIRECTION('',(0.,0.,1.));
#6366 = ORIENTED_EDGE('',*,*,#6367,.T.);
#6367 = EDGE_CURVE('',#6360,#6368,#6370,.T.);
#6368 = VERTEX_POINT('',#6369);
#6369 = CARTESIAN_POINT('',(-11.535,-22.86,-29.1));
#6370 = CIRCLE('',#6371,1.375);
#6371 = AXIS2_PLACEMENT_3D('',#6372,#6373,#6374);
#6372 = CARTESIAN_POINT('',(-10.16,-22.86,-29.1));
#6373 = DIRECTION('',(0.,0.,1.));
#6374 = DIRECTION('',(1.,0.,-0.));
#6375 = ORIENTED_EDGE('',*,*,#6376,.T.);
#6376 = EDGE_CURVE('',#6368,#1487,#6377,.T.);
#6377 = LINE('',#6378,#6379);
#6378 = CARTESIAN_POINT('',(-11.535,-22.86,-30.1));
#6379 = VECTOR('',#6380,1.);
#6380 = DIRECTION('',(0.,0.,1.));
#6381 = CYLINDRICAL_SURFACE('',#6382,1.375);
#6382 = AXIS2_PLACEMENT_3D('',#6383,#6384,#6385);
#6383 = CARTESIAN_POINT('',(-10.16,-22.86,-30.1));
#6384 = DIRECTION('',(0.,0.,1.));
#6385 = DIRECTION('',(1.,0.,-0.));
#6386 = ADVANCED_FACE('',(#6387),#6405,.F.);
#6387 = FACE_BOUND('',#6388,.F.);
#6388 = EDGE_LOOP('',(#6389,#6397,#6403,#6404));
#6389 = ORIENTED_EDGE('',*,*,#6390,.F.);
#6390 = EDGE_CURVE('',#6391,#1496,#6393,.T.);
#6391 = VERTEX_POINT('',#6392);
#6392 = CARTESIAN_POINT('',(-8.785,-27.94,-29.1));
#6393 = LINE('',#6394,#6395);
#6394 = CARTESIAN_POINT('',(-8.785,-27.94,-30.1));
#6395 = VECTOR('',#6396,1.);
#6396 = DIRECTION('',(0.,0.,1.));
#6397 = ORIENTED_EDGE('',*,*,#6398,.T.);
#6398 = EDGE_CURVE('',#6391,#6360,#6399,.T.);
#6399 = LINE('',#6400,#6401);
#6400 = CARTESIAN_POINT('',(-8.785,-30.71,-29.1));
#6401 = VECTOR('',#6402,1.);
#6402 = DIRECTION('',(-0.,1.,0.));
#6403 = ORIENTED_EDGE('',*,*,#6359,.T.);
#6404 = ORIENTED_EDGE('',*,*,#1495,.F.);
#6405 = PLANE('',#6406);
#6406 = AXIS2_PLACEMENT_3D('',#6407,#6408,#6409);
#6407 = CARTESIAN_POINT('',(-8.785,-27.94,-30.1));
#6408 = DIRECTION('',(1.,0.,-0.));
#6409 = DIRECTION('',(0.,0.,1.));
#6410 = ADVANCED_FACE('',(#6411),#6429,.T.);
#6411 = FACE_BOUND('',#6412,.T.);
#6412 = EDGE_LOOP('',(#6413,#6421,#6427,#6428));
#6413 = ORIENTED_EDGE('',*,*,#6414,.F.);
#6414 = EDGE_CURVE('',#6415,#1504,#6417,.T.);
#6415 = VERTEX_POINT('',#6416);
#6416 = CARTESIAN_POINT('',(-11.535,-27.94,-29.1));
#6417 = LINE('',#6418,#6419);
#6418 = CARTESIAN_POINT('',(-11.535,-27.94,-30.1));
#6419 = VECTOR('',#6420,1.);
#6420 = DIRECTION('',(0.,0.,1.));
#6421 = ORIENTED_EDGE('',*,*,#6422,.T.);
#6422 = EDGE_CURVE('',#6415,#6368,#6423,.T.);
#6423 = LINE('',#6424,#6425);
#6424 = CARTESIAN_POINT('',(-11.535,-30.71,-29.1));
#6425 = VECTOR('',#6426,1.);
#6426 = DIRECTION('',(-0.,1.,0.));
#6427 = ORIENTED_EDGE('',*,*,#6376,.T.);
#6428 = ORIENTED_EDGE('',*,*,#1512,.F.);
#6429 = PLANE('',#6430);
#6430 = AXIS2_PLACEMENT_3D('',#6431,#6432,#6433);
#6431 = CARTESIAN_POINT('',(-11.535,-27.94,-30.1));
#6432 = DIRECTION('',(1.,0.,-0.));
#6433 = DIRECTION('',(0.,0.,1.));
#6434 = ADVANCED_FACE('',(#6435),#6447,.F.);
#6435 = FACE_BOUND('',#6436,.F.);
#6436 = EDGE_LOOP('',(#6437,#6438,#6439,#6440));
#6437 = ORIENTED_EDGE('',*,*,#6390,.T.);
#6438 = ORIENTED_EDGE('',*,*,#1503,.F.);
#6439 = ORIENTED_EDGE('',*,*,#6414,.F.);
#6440 = ORIENTED_EDGE('',*,*,#6441,.T.);
#6441 = EDGE_CURVE('',#6415,#6391,#6442,.T.);
#6442 = CIRCLE('',#6443,1.375);
#6443 = AXIS2_PLACEMENT_3D('',#6444,#6445,#6446);
#6444 = CARTESIAN_POINT('',(-10.16,-27.94,-29.1));
#6445 = DIRECTION('',(0.,0.,1.));
#6446 = DIRECTION('',(1.,0.,-0.));
#6447 = CYLINDRICAL_SURFACE('',#6448,1.375);
#6448 = AXIS2_PLACEMENT_3D('',#6449,#6450,#6451);
#6449 = CARTESIAN_POINT('',(-10.16,-27.94,-30.1));
#6450 = DIRECTION('',(0.,0.,1.));
#6451 = DIRECTION('',(1.,0.,-0.));
#6452 = ADVANCED_FACE('',(#6453),#6479,.F.);
#6453 = FACE_BOUND('',#6454,.F.);
#6454 = EDGE_LOOP('',(#6455,#6456,#6464,#6473));
#6455 = ORIENTED_EDGE('',*,*,#1520,.F.);
#6456 = ORIENTED_EDGE('',*,*,#6457,.F.);
#6457 = EDGE_CURVE('',#6458,#1521,#6460,.T.);
#6458 = VERTEX_POINT('',#6459);
#6459 = CARTESIAN_POINT('',(-15.24,-16.405,-29.1));
#6460 = LINE('',#6461,#6462);
#6461 = CARTESIAN_POINT('',(-15.24,-16.405,-30.1));
#6462 = VECTOR('',#6463,1.);
#6463 = DIRECTION('',(0.,0.,1.));
#6464 = ORIENTED_EDGE('',*,*,#6465,.T.);
#6465 = EDGE_CURVE('',#6458,#6466,#6468,.T.);
#6466 = VERTEX_POINT('',#6467);
#6467 = CARTESIAN_POINT('',(-15.24,-19.155,-29.1));
#6468 = CIRCLE('',#6469,1.375);
#6469 = AXIS2_PLACEMENT_3D('',#6470,#6471,#6472);
#6470 = CARTESIAN_POINT('',(-15.24,-17.78,-29.1));
#6471 = DIRECTION('',(0.,0.,1.));
#6472 = DIRECTION('',(1.,0.,-0.));
#6473 = ORIENTED_EDGE('',*,*,#6474,.T.);
#6474 = EDGE_CURVE('',#6466,#1523,#6475,.T.);
#6475 = LINE('',#6476,#6477);
#6476 = CARTESIAN_POINT('',(-15.24,-19.155,-30.1));
#6477 = VECTOR('',#6478,1.);
#6478 = DIRECTION('',(0.,0.,1.));
#6479 = CYLINDRICAL_SURFACE('',#6480,1.375);
#6480 = AXIS2_PLACEMENT_3D('',#6481,#6482,#6483);
#6481 = CARTESIAN_POINT('',(-15.24,-17.78,-30.1));
#6482 = DIRECTION('',(0.,0.,1.));
#6483 = DIRECTION('',(1.,0.,-0.));
#6484 = ADVANCED_FACE('',(#6485),#6503,.F.);
#6485 = FACE_BOUND('',#6486,.F.);
#6486 = EDGE_LOOP('',(#6487,#6495,#6496,#6497));
#6487 = ORIENTED_EDGE('',*,*,#6488,.T.);
#6488 = EDGE_CURVE('',#6489,#6458,#6491,.T.);
#6489 = VERTEX_POINT('',#6490);
#6490 = CARTESIAN_POINT('',(-10.16,-16.405,-29.1));
#6491 = LINE('',#6492,#6493);
#6492 = CARTESIAN_POINT('',(-28.17,-16.405,-29.1));
#6493 = VECTOR('',#6494,1.);
#6494 = DIRECTION('',(-1.,-0.,0.));
#6495 = ORIENTED_EDGE('',*,*,#6457,.T.);
#6496 = ORIENTED_EDGE('',*,*,#1531,.F.);
#6497 = ORIENTED_EDGE('',*,*,#6498,.F.);
#6498 = EDGE_CURVE('',#6489,#1532,#6499,.T.);
#6499 = LINE('',#6500,#6501);
#6500 = CARTESIAN_POINT('',(-10.16,-16.405,-30.1));
#6501 = VECTOR('',#6502,1.);
#6502 = DIRECTION('',(0.,0.,1.));
#6503 = PLANE('',#6504);
#6504 = AXIS2_PLACEMENT_3D('',#6505,#6506,#6507);
#6505 = CARTESIAN_POINT('',(-15.24,-16.405,-30.1));
#6506 = DIRECTION('',(-0.,1.,0.));
#6507 = DIRECTION('',(0.,0.,1.));
#6508 = ADVANCED_FACE('',(#6509),#6527,.T.);
#6509 = FACE_BOUND('',#6510,.T.);
#6510 = EDGE_LOOP('',(#6511,#6519,#6520,#6521));
#6511 = ORIENTED_EDGE('',*,*,#6512,.T.);
#6512 = EDGE_CURVE('',#6513,#6466,#6515,.T.);
#6513 = VERTEX_POINT('',#6514);
#6514 = CARTESIAN_POINT('',(-10.16,-19.155,-29.1));
#6515 = LINE('',#6516,#6517);
#6516 = CARTESIAN_POINT('',(-28.17,-19.155,-29.1));
#6517 = VECTOR('',#6518,1.);
#6518 = DIRECTION('',(-1.,-0.,0.));
#6519 = ORIENTED_EDGE('',*,*,#6474,.T.);
#6520 = ORIENTED_EDGE('',*,*,#1557,.F.);
#6521 = ORIENTED_EDGE('',*,*,#6522,.F.);
#6522 = EDGE_CURVE('',#6513,#1549,#6523,.T.);
#6523 = LINE('',#6524,#6525);
#6524 = CARTESIAN_POINT('',(-10.16,-19.155,-30.1));
#6525 = VECTOR('',#6526,1.);
#6526 = DIRECTION('',(0.,0.,1.));
#6527 = PLANE('',#6528);
#6528 = AXIS2_PLACEMENT_3D('',#6529,#6530,#6531);
#6529 = CARTESIAN_POINT('',(-15.24,-19.155,-30.1));
#6530 = DIRECTION('',(-0.,1.,0.));
#6531 = DIRECTION('',(0.,0.,1.));
#6532 = ADVANCED_FACE('',(#6533),#6559,.F.);
#6533 = FACE_BOUND('',#6534,.F.);
#6534 = EDGE_LOOP('',(#6535,#6536,#6544,#6553));
#6535 = ORIENTED_EDGE('',*,*,#1565,.F.);
#6536 = ORIENTED_EDGE('',*,*,#6537,.F.);
#6537 = EDGE_CURVE('',#6538,#1566,#6540,.T.);
#6538 = VERTEX_POINT('',#6539);
#6539 = CARTESIAN_POINT('',(-3.705,-17.78,-29.1));
#6540 = LINE('',#6541,#6542);
#6541 = CARTESIAN_POINT('',(-3.705,-17.78,-30.1));
#6542 = VECTOR('',#6543,1.);
#6543 = DIRECTION('',(0.,0.,1.));
#6544 = ORIENTED_EDGE('',*,*,#6545,.T.);
#6545 = EDGE_CURVE('',#6538,#6546,#6548,.T.);
#6546 = VERTEX_POINT('',#6547);
#6547 = CARTESIAN_POINT('',(-6.455,-17.78,-29.1));
#6548 = CIRCLE('',#6549,1.375);
#6549 = AXIS2_PLACEMENT_3D('',#6550,#6551,#6552);
#6550 = CARTESIAN_POINT('',(-5.08,-17.78,-29.1));
#6551 = DIRECTION('',(0.,0.,1.));
#6552 = DIRECTION('',(1.,0.,-0.));
#6553 = ORIENTED_EDGE('',*,*,#6554,.T.);
#6554 = EDGE_CURVE('',#6546,#1568,#6555,.T.);
#6555 = LINE('',#6556,#6557);
#6556 = CARTESIAN_POINT('',(-6.455,-17.78,-30.1));
#6557 = VECTOR('',#6558,1.);
#6558 = DIRECTION('',(0.,0.,1.));
#6559 = CYLINDRICAL_SURFACE('',#6560,1.375);
#6560 = AXIS2_PLACEMENT_3D('',#6561,#6562,#6563);
#6561 = CARTESIAN_POINT('',(-5.08,-17.78,-30.1));
#6562 = DIRECTION('',(0.,0.,1.));
#6563 = DIRECTION('',(1.,0.,-0.));
#6564 = ADVANCED_FACE('',(#6565),#6583,.F.);
#6565 = FACE_BOUND('',#6566,.F.);
#6566 = EDGE_LOOP('',(#6567,#6575,#6581,#6582));
#6567 = ORIENTED_EDGE('',*,*,#6568,.F.);
#6568 = EDGE_CURVE('',#6569,#1577,#6571,.T.);
#6569 = VERTEX_POINT('',#6570);
#6570 = CARTESIAN_POINT('',(-3.705,-22.86,-29.1));
#6571 = LINE('',#6572,#6573);
#6572 = CARTESIAN_POINT('',(-3.705,-22.86,-30.1));
#6573 = VECTOR('',#6574,1.);
#6574 = DIRECTION('',(0.,0.,1.));
#6575 = ORIENTED_EDGE('',*,*,#6576,.T.);
#6576 = EDGE_CURVE('',#6569,#6538,#6577,.T.);
#6577 = LINE('',#6578,#6579);
#6578 = CARTESIAN_POINT('',(-3.705,-28.17,-29.1));
#6579 = VECTOR('',#6580,1.);
#6580 = DIRECTION('',(-0.,1.,0.));
#6581 = ORIENTED_EDGE('',*,*,#6537,.T.);
#6582 = ORIENTED_EDGE('',*,*,#1576,.F.);
#6583 = PLANE('',#6584);
#6584 = AXIS2_PLACEMENT_3D('',#6585,#6586,#6587);
#6585 = CARTESIAN_POINT('',(-3.705,-22.86,-30.1));
#6586 = DIRECTION('',(1.,0.,-0.));
#6587 = DIRECTION('',(0.,0.,1.));
#6588 = ADVANCED_FACE('',(#6589),#6607,.T.);
#6589 = FACE_BOUND('',#6590,.T.);
#6590 = EDGE_LOOP('',(#6591,#6599,#6605,#6606));
#6591 = ORIENTED_EDGE('',*,*,#6592,.F.);
#6592 = EDGE_CURVE('',#6593,#1585,#6595,.T.);
#6593 = VERTEX_POINT('',#6594);
#6594 = CARTESIAN_POINT('',(-6.455,-22.86,-29.1));
#6595 = LINE('',#6596,#6597);
#6596 = CARTESIAN_POINT('',(-6.455,-22.86,-30.1));
#6597 = VECTOR('',#6598,1.);
#6598 = DIRECTION('',(0.,0.,1.));
#6599 = ORIENTED_EDGE('',*,*,#6600,.T.);
#6600 = EDGE_CURVE('',#6593,#6546,#6601,.T.);
#6601 = LINE('',#6602,#6603);
#6602 = CARTESIAN_POINT('',(-6.455,-28.17,-29.1));
#6603 = VECTOR('',#6604,1.);
#6604 = DIRECTION('',(-0.,1.,0.));
#6605 = ORIENTED_EDGE('',*,*,#6554,.T.);
#6606 = ORIENTED_EDGE('',*,*,#1593,.F.);
#6607 = PLANE('',#6608);
#6608 = AXIS2_PLACEMENT_3D('',#6609,#6610,#6611);
#6609 = CARTESIAN_POINT('',(-6.455,-22.86,-30.1));
#6610 = DIRECTION('',(1.,0.,-0.));
#6611 = DIRECTION('',(0.,0.,1.));
#6612 = ADVANCED_FACE('',(#6613),#6625,.F.);
#6613 = FACE_BOUND('',#6614,.F.);
#6614 = EDGE_LOOP('',(#6615,#6616,#6617,#6618));
#6615 = ORIENTED_EDGE('',*,*,#6568,.T.);
#6616 = ORIENTED_EDGE('',*,*,#1584,.F.);
#6617 = ORIENTED_EDGE('',*,*,#6592,.F.);
#6618 = ORIENTED_EDGE('',*,*,#6619,.T.);
#6619 = EDGE_CURVE('',#6593,#6569,#6620,.T.);
#6620 = CIRCLE('',#6621,1.375);
#6621 = AXIS2_PLACEMENT_3D('',#6622,#6623,#6624);
#6622 = CARTESIAN_POINT('',(-5.08,-22.86,-29.1));
#6623 = DIRECTION('',(0.,0.,1.));
#6624 = DIRECTION('',(1.,0.,-0.));
#6625 = CYLINDRICAL_SURFACE('',#6626,1.375);
#6626 = AXIS2_PLACEMENT_3D('',#6627,#6628,#6629);
#6627 = CARTESIAN_POINT('',(-5.08,-22.86,-30.1));
#6628 = DIRECTION('',(0.,0.,1.));
#6629 = DIRECTION('',(1.,0.,-0.));
#6630 = ADVANCED_FACE('',(#6631),#6657,.F.);
#6631 = FACE_BOUND('',#6632,.F.);
#6632 = EDGE_LOOP('',(#6633,#6634,#6642,#6651));
#6633 = ORIENTED_EDGE('',*,*,#1601,.F.);
#6634 = ORIENTED_EDGE('',*,*,#6635,.F.);
#6635 = EDGE_CURVE('',#6636,#1602,#6638,.T.);
#6636 = VERTEX_POINT('',#6637);
#6637 = CARTESIAN_POINT('',(6.455,-7.62,-29.1));
#6638 = LINE('',#6639,#6640);
#6639 = CARTESIAN_POINT('',(6.455,-7.62,-30.1));
#6640 = VECTOR('',#6641,1.);
#6641 = DIRECTION('',(0.,0.,1.));
#6642 = ORIENTED_EDGE('',*,*,#6643,.T.);
#6643 = EDGE_CURVE('',#6636,#6644,#6646,.T.);
#6644 = VERTEX_POINT('',#6645);
#6645 = CARTESIAN_POINT('',(3.705,-7.62,-29.1));
#6646 = CIRCLE('',#6647,1.375);
#6647 = AXIS2_PLACEMENT_3D('',#6648,#6649,#6650);
#6648 = CARTESIAN_POINT('',(5.08,-7.62,-29.1));
#6649 = DIRECTION('',(0.,0.,1.));
#6650 = DIRECTION('',(1.,0.,-0.));
#6651 = ORIENTED_EDGE('',*,*,#6652,.T.);
#6652 = EDGE_CURVE('',#6644,#1604,#6653,.T.);
#6653 = LINE('',#6654,#6655);
#6654 = CARTESIAN_POINT('',(3.705,-7.62,-30.1));
#6655 = VECTOR('',#6656,1.);
#6656 = DIRECTION('',(0.,0.,1.));
#6657 = CYLINDRICAL_SURFACE('',#6658,1.375);
#6658 = AXIS2_PLACEMENT_3D('',#6659,#6660,#6661);
#6659 = CARTESIAN_POINT('',(5.08,-7.62,-30.1));
#6660 = DIRECTION('',(0.,0.,1.));
#6661 = DIRECTION('',(1.,0.,-0.));
#6662 = ADVANCED_FACE('',(#6663),#6681,.F.);
#6663 = FACE_BOUND('',#6664,.F.);
#6664 = EDGE_LOOP('',(#6665,#6673,#6679,#6680));
#6665 = ORIENTED_EDGE('',*,*,#6666,.F.);
#6666 = EDGE_CURVE('',#6667,#1613,#6669,.T.);
#6667 = VERTEX_POINT('',#6668);
#6668 = CARTESIAN_POINT('',(6.455,-12.7,-29.1));
#6669 = LINE('',#6670,#6671);
#6670 = CARTESIAN_POINT('',(6.455,-12.7,-30.1));
#6671 = VECTOR('',#6672,1.);
#6672 = DIRECTION('',(0.,0.,1.));
#6673 = ORIENTED_EDGE('',*,*,#6674,.T.);
#6674 = EDGE_CURVE('',#6667,#6636,#6675,.T.);
#6675 = LINE('',#6676,#6677);
#6676 = CARTESIAN_POINT('',(6.455,-23.09,-29.1));
#6677 = VECTOR('',#6678,1.);
#6678 = DIRECTION('',(-0.,1.,0.));
#6679 = ORIENTED_EDGE('',*,*,#6635,.T.);
#6680 = ORIENTED_EDGE('',*,*,#1612,.F.);
#6681 = PLANE('',#6682);
#6682 = AXIS2_PLACEMENT_3D('',#6683,#6684,#6685);
#6683 = CARTESIAN_POINT('',(6.455,-12.7,-30.1));
#6684 = DIRECTION('',(1.,0.,-0.));
#6685 = DIRECTION('',(0.,0.,1.));
#6686 = ADVANCED_FACE('',(#6687),#6705,.T.);
#6687 = FACE_BOUND('',#6688,.T.);
#6688 = EDGE_LOOP('',(#6689,#6697,#6703,#6704));
#6689 = ORIENTED_EDGE('',*,*,#6690,.F.);
#6690 = EDGE_CURVE('',#6691,#1621,#6693,.T.);
#6691 = VERTEX_POINT('',#6692);
#6692 = CARTESIAN_POINT('',(3.705,-12.7,-29.1));
#6693 = LINE('',#6694,#6695);
#6694 = CARTESIAN_POINT('',(3.705,-12.7,-30.1));
#6695 = VECTOR('',#6696,1.);
#6696 = DIRECTION('',(0.,0.,1.));
#6697 = ORIENTED_EDGE('',*,*,#6698,.T.);
#6698 = EDGE_CURVE('',#6691,#6644,#6699,.T.);
#6699 = LINE('',#6700,#6701);
#6700 = CARTESIAN_POINT('',(3.705,-23.09,-29.1));
#6701 = VECTOR('',#6702,1.);
#6702 = DIRECTION('',(-0.,1.,0.));
#6703 = ORIENTED_EDGE('',*,*,#6652,.T.);
#6704 = ORIENTED_EDGE('',*,*,#1629,.F.);
#6705 = PLANE('',#6706);
#6706 = AXIS2_PLACEMENT_3D('',#6707,#6708,#6709);
#6707 = CARTESIAN_POINT('',(3.705,-12.7,-30.1));
#6708 = DIRECTION('',(1.,0.,-0.));
#6709 = DIRECTION('',(0.,0.,1.));
#6710 = ADVANCED_FACE('',(#6711),#6723,.F.);
#6711 = FACE_BOUND('',#6712,.F.);
#6712 = EDGE_LOOP('',(#6713,#6714,#6715,#6716));
#6713 = ORIENTED_EDGE('',*,*,#6666,.T.);
#6714 = ORIENTED_EDGE('',*,*,#1620,.F.);
#6715 = ORIENTED_EDGE('',*,*,#6690,.F.);
#6716 = ORIENTED_EDGE('',*,*,#6717,.T.);
#6717 = EDGE_CURVE('',#6691,#6667,#6718,.T.);
#6718 = CIRCLE('',#6719,1.375);
#6719 = AXIS2_PLACEMENT_3D('',#6720,#6721,#6722);
#6720 = CARTESIAN_POINT('',(5.08,-12.7,-29.1));
#6721 = DIRECTION('',(0.,0.,1.));
#6722 = DIRECTION('',(1.,0.,-0.));
#6723 = CYLINDRICAL_SURFACE('',#6724,1.375);
#6724 = AXIS2_PLACEMENT_3D('',#6725,#6726,#6727);
#6725 = CARTESIAN_POINT('',(5.08,-12.7,-30.1));
#6726 = DIRECTION('',(0.,0.,1.));
#6727 = DIRECTION('',(1.,0.,-0.));
#6728 = ADVANCED_FACE('',(#6729),#6755,.F.);
#6729 = FACE_BOUND('',#6730,.F.);
#6730 = EDGE_LOOP('',(#6731,#6732,#6740,#6749));
#6731 = ORIENTED_EDGE('',*,*,#1637,.F.);
#6732 = ORIENTED_EDGE('',*,*,#6733,.F.);
#6733 = EDGE_CURVE('',#6734,#1638,#6736,.T.);
#6734 = VERTEX_POINT('',#6735);
#6735 = CARTESIAN_POINT('',(26.775,12.7,-29.1));
#6736 = LINE('',#6737,#6738);
#6737 = CARTESIAN_POINT('',(26.775,12.7,-30.1));
#6738 = VECTOR('',#6739,1.);
#6739 = DIRECTION('',(0.,0.,1.));
#6740 = ORIENTED_EDGE('',*,*,#6741,.T.);
#6741 = EDGE_CURVE('',#6734,#6742,#6744,.T.);
#6742 = VERTEX_POINT('',#6743);
#6743 = CARTESIAN_POINT('',(24.025,12.7,-29.1));
#6744 = CIRCLE('',#6745,1.375);
#6745 = AXIS2_PLACEMENT_3D('',#6746,#6747,#6748);
#6746 = CARTESIAN_POINT('',(25.4,12.7,-29.1));
#6747 = DIRECTION('',(0.,0.,1.));
#6748 = DIRECTION('',(1.,0.,-0.));
#6749 = ORIENTED_EDGE('',*,*,#6750,.T.);
#6750 = EDGE_CURVE('',#6742,#1640,#6751,.T.);
#6751 = LINE('',#6752,#6753);
#6752 = CARTESIAN_POINT('',(24.025,12.7,-30.1));
#6753 = VECTOR('',#6754,1.);
#6754 = DIRECTION('',(0.,0.,1.));
#6755 = CYLINDRICAL_SURFACE('',#6756,1.375);
#6756 = AXIS2_PLACEMENT_3D('',#6757,#6758,#6759);
#6757 = CARTESIAN_POINT('',(25.4,12.7,-30.1));
#6758 = DIRECTION('',(0.,0.,1.));
#6759 = DIRECTION('',(1.,0.,-0.));
#6760 = ADVANCED_FACE('',(#6761),#6779,.F.);
#6761 = FACE_BOUND('',#6762,.F.);
#6762 = EDGE_LOOP('',(#6763,#6771,#6777,#6778));
#6763 = ORIENTED_EDGE('',*,*,#6764,.F.);
#6764 = EDGE_CURVE('',#6765,#1649,#6767,.T.);
#6765 = VERTEX_POINT('',#6766);
#6766 = CARTESIAN_POINT('',(26.775,7.62,-29.1));
#6767 = LINE('',#6768,#6769);
#6768 = CARTESIAN_POINT('',(26.775,7.62,-30.1));
#6769 = VECTOR('',#6770,1.);
#6770 = DIRECTION('',(0.,0.,1.));
#6771 = ORIENTED_EDGE('',*,*,#6772,.T.);
#6772 = EDGE_CURVE('',#6765,#6734,#6773,.T.);
#6773 = LINE('',#6774,#6775);
#6774 = CARTESIAN_POINT('',(26.775,-12.93,-29.1));
#6775 = VECTOR('',#6776,1.);
#6776 = DIRECTION('',(-0.,1.,0.));
#6777 = ORIENTED_EDGE('',*,*,#6733,.T.);
#6778 = ORIENTED_EDGE('',*,*,#1648,.F.);
#6779 = PLANE('',#6780);
#6780 = AXIS2_PLACEMENT_3D('',#6781,#6782,#6783);
#6781 = CARTESIAN_POINT('',(26.775,7.62,-30.1));
#6782 = DIRECTION('',(1.,0.,-0.));
#6783 = DIRECTION('',(0.,0.,1.));
#6784 = ADVANCED_FACE('',(#6785),#6803,.T.);
#6785 = FACE_BOUND('',#6786,.T.);
#6786 = EDGE_LOOP('',(#6787,#6795,#6801,#6802));
#6787 = ORIENTED_EDGE('',*,*,#6788,.F.);
#6788 = EDGE_CURVE('',#6789,#1657,#6791,.T.);
#6789 = VERTEX_POINT('',#6790);
#6790 = CARTESIAN_POINT('',(24.025,7.62,-29.1));
#6791 = LINE('',#6792,#6793);
#6792 = CARTESIAN_POINT('',(24.025,7.62,-30.1));
#6793 = VECTOR('',#6794,1.);
#6794 = DIRECTION('',(0.,0.,1.));
#6795 = ORIENTED_EDGE('',*,*,#6796,.T.);
#6796 = EDGE_CURVE('',#6789,#6742,#6797,.T.);
#6797 = LINE('',#6798,#6799);
#6798 = CARTESIAN_POINT('',(24.025,-12.93,-29.1));
#6799 = VECTOR('',#6800,1.);
#6800 = DIRECTION('',(-0.,1.,0.));
#6801 = ORIENTED_EDGE('',*,*,#6750,.T.);
#6802 = ORIENTED_EDGE('',*,*,#1665,.F.);
#6803 = PLANE('',#6804);
#6804 = AXIS2_PLACEMENT_3D('',#6805,#6806,#6807);
#6805 = CARTESIAN_POINT('',(24.025,7.62,-30.1));
#6806 = DIRECTION('',(1.,0.,-0.));
#6807 = DIRECTION('',(0.,0.,1.));
#6808 = ADVANCED_FACE('',(#6809),#6821,.F.);
#6809 = FACE_BOUND('',#6810,.F.);
#6810 = EDGE_LOOP('',(#6811,#6812,#6813,#6814));
#6811 = ORIENTED_EDGE('',*,*,#6764,.T.);
#6812 = ORIENTED_EDGE('',*,*,#1656,.F.);
#6813 = ORIENTED_EDGE('',*,*,#6788,.F.);
#6814 = ORIENTED_EDGE('',*,*,#6815,.T.);
#6815 = EDGE_CURVE('',#6789,#6765,#6816,.T.);
#6816 = CIRCLE('',#6817,1.375);
#6817 = AXIS2_PLACEMENT_3D('',#6818,#6819,#6820);
#6818 = CARTESIAN_POINT('',(25.4,7.62,-29.1));
#6819 = DIRECTION('',(0.,0.,1.));
#6820 = DIRECTION('',(1.,0.,-0.));
#6821 = CYLINDRICAL_SURFACE('',#6822,1.375);
#6822 = AXIS2_PLACEMENT_3D('',#6823,#6824,#6825);
#6823 = CARTESIAN_POINT('',(25.4,7.62,-30.1));
#6824 = DIRECTION('',(0.,0.,1.));
#6825 = DIRECTION('',(1.,0.,-0.));
#6826 = ADVANCED_FACE('',(#6827),#6853,.F.);
#6827 = FACE_BOUND('',#6828,.F.);
#6828 = EDGE_LOOP('',(#6829,#6830,#6838,#6847));
#6829 = ORIENTED_EDGE('',*,*,#1673,.F.);
#6830 = ORIENTED_EDGE('',*,*,#6831,.F.);
#6831 = EDGE_CURVE('',#6832,#1674,#6834,.T.);
#6832 = VERTEX_POINT('',#6833);
#6833 = CARTESIAN_POINT('',(26.775,-2.54,-29.1));
#6834 = LINE('',#6835,#6836);
#6835 = CARTESIAN_POINT('',(26.775,-2.54,-30.1));
#6836 = VECTOR('',#6837,1.);
#6837 = DIRECTION('',(0.,0.,1.));
#6838 = ORIENTED_EDGE('',*,*,#6839,.T.);
#6839 = EDGE_CURVE('',#6832,#6840,#6842,.T.);
#6840 = VERTEX_POINT('',#6841);
#6841 = CARTESIAN_POINT('',(24.025,-2.54,-29.1));
#6842 = CIRCLE('',#6843,1.375);
#6843 = AXIS2_PLACEMENT_3D('',#6844,#6845,#6846);
#6844 = CARTESIAN_POINT('',(25.4,-2.54,-29.1));
#6845 = DIRECTION('',(0.,0.,1.));
#6846 = DIRECTION('',(1.,0.,-0.));
#6847 = ORIENTED_EDGE('',*,*,#6848,.T.);
#6848 = EDGE_CURVE('',#6840,#1676,#6849,.T.);
#6849 = LINE('',#6850,#6851);
#6850 = CARTESIAN_POINT('',(24.025,-2.54,-30.1));
#6851 = VECTOR('',#6852,1.);
#6852 = DIRECTION('',(0.,0.,1.));
#6853 = CYLINDRICAL_SURFACE('',#6854,1.375);
#6854 = AXIS2_PLACEMENT_3D('',#6855,#6856,#6857);
#6855 = CARTESIAN_POINT('',(25.4,-2.54,-30.1));
#6856 = DIRECTION('',(0.,0.,1.));
#6857 = DIRECTION('',(1.,0.,-0.));
#6858 = ADVANCED_FACE('',(#6859),#6877,.F.);
#6859 = FACE_BOUND('',#6860,.F.);
#6860 = EDGE_LOOP('',(#6861,#6869,#6875,#6876));
#6861 = ORIENTED_EDGE('',*,*,#6862,.F.);
#6862 = EDGE_CURVE('',#6863,#1685,#6865,.T.);
#6863 = VERTEX_POINT('',#6864);
#6864 = CARTESIAN_POINT('',(26.775,-7.62,-29.1));
#6865 = LINE('',#6866,#6867);
#6866 = CARTESIAN_POINT('',(26.775,-7.62,-30.1));
#6867 = VECTOR('',#6868,1.);
#6868 = DIRECTION('',(0.,0.,1.));
#6869 = ORIENTED_EDGE('',*,*,#6870,.T.);
#6870 = EDGE_CURVE('',#6863,#6832,#6871,.T.);
#6871 = LINE('',#6872,#6873);
#6872 = CARTESIAN_POINT('',(26.775,-20.55,-29.1));
#6873 = VECTOR('',#6874,1.);
#6874 = DIRECTION('',(-0.,1.,0.));
#6875 = ORIENTED_EDGE('',*,*,#6831,.T.);
#6876 = ORIENTED_EDGE('',*,*,#1684,.F.);
#6877 = PLANE('',#6878);
#6878 = AXIS2_PLACEMENT_3D('',#6879,#6880,#6881);
#6879 = CARTESIAN_POINT('',(26.775,-7.62,-30.1));
#6880 = DIRECTION('',(1.,0.,-0.));
#6881 = DIRECTION('',(0.,0.,1.));
#6882 = ADVANCED_FACE('',(#6883),#6901,.T.);
#6883 = FACE_BOUND('',#6884,.T.);
#6884 = EDGE_LOOP('',(#6885,#6893,#6899,#6900));
#6885 = ORIENTED_EDGE('',*,*,#6886,.F.);
#6886 = EDGE_CURVE('',#6887,#1693,#6889,.T.);
#6887 = VERTEX_POINT('',#6888);
#6888 = CARTESIAN_POINT('',(24.025,-7.62,-29.1));
#6889 = LINE('',#6890,#6891);
#6890 = CARTESIAN_POINT('',(24.025,-7.62,-30.1));
#6891 = VECTOR('',#6892,1.);
#6892 = DIRECTION('',(0.,0.,1.));
#6893 = ORIENTED_EDGE('',*,*,#6894,.T.);
#6894 = EDGE_CURVE('',#6887,#6840,#6895,.T.);
#6895 = LINE('',#6896,#6897);
#6896 = CARTESIAN_POINT('',(24.025,-20.55,-29.1));
#6897 = VECTOR('',#6898,1.);
#6898 = DIRECTION('',(-0.,1.,0.));
#6899 = ORIENTED_EDGE('',*,*,#6848,.T.);
#6900 = ORIENTED_EDGE('',*,*,#1701,.F.);
#6901 = PLANE('',#6902);
#6902 = AXIS2_PLACEMENT_3D('',#6903,#6904,#6905);
#6903 = CARTESIAN_POINT('',(24.025,-7.62,-30.1));
#6904 = DIRECTION('',(1.,0.,-0.));
#6905 = DIRECTION('',(0.,0.,1.));
#6906 = ADVANCED_FACE('',(#6907),#6919,.F.);
#6907 = FACE_BOUND('',#6908,.F.);
#6908 = EDGE_LOOP('',(#6909,#6910,#6911,#6912));
#6909 = ORIENTED_EDGE('',*,*,#6862,.T.);
#6910 = ORIENTED_EDGE('',*,*,#1692,.F.);
#6911 = ORIENTED_EDGE('',*,*,#6886,.F.);
#6912 = ORIENTED_EDGE('',*,*,#6913,.T.);
#6913 = EDGE_CURVE('',#6887,#6863,#6914,.T.);
#6914 = CIRCLE('',#6915,1.375);
#6915 = AXIS2_PLACEMENT_3D('',#6916,#6917,#6918);
#6916 = CARTESIAN_POINT('',(25.4,-7.62,-29.1));
#6917 = DIRECTION('',(0.,0.,1.));
#6918 = DIRECTION('',(1.,0.,-0.));
#6919 = CYLINDRICAL_SURFACE('',#6920,1.375);
#6920 = AXIS2_PLACEMENT_3D('',#6921,#6922,#6923);
#6921 = CARTESIAN_POINT('',(25.4,-7.62,-30.1));
#6922 = DIRECTION('',(0.,0.,1.));
#6923 = DIRECTION('',(1.,0.,-0.));
#6924 = ADVANCED_FACE('',(#6925),#6951,.F.);
#6925 = FACE_BOUND('',#6926,.F.);
#6926 = EDGE_LOOP('',(#6927,#6928,#6936,#6945));
#6927 = ORIENTED_EDGE('',*,*,#1709,.F.);
#6928 = ORIENTED_EDGE('',*,*,#6929,.F.);
#6929 = EDGE_CURVE('',#6930,#1710,#6932,.T.);
#6930 = VERTEX_POINT('',#6931);
#6931 = CARTESIAN_POINT('',(10.16,19.155,-29.1));
#6932 = LINE('',#6933,#6934);
#6933 = CARTESIAN_POINT('',(10.16,19.155,-30.1));
#6934 = VECTOR('',#6935,1.);
#6935 = DIRECTION('',(0.,0.,1.));
#6936 = ORIENTED_EDGE('',*,*,#6937,.T.);
#6937 = EDGE_CURVE('',#6930,#6938,#6940,.T.);
#6938 = VERTEX_POINT('',#6939);
#6939 = CARTESIAN_POINT('',(10.16,16.405,-29.1));
#6940 = CIRCLE('',#6941,1.375);
#6941 = AXIS2_PLACEMENT_3D('',#6942,#6943,#6944);
#6942 = CARTESIAN_POINT('',(10.16,17.78,-29.1));
#6943 = DIRECTION('',(0.,0.,1.));
#6944 = DIRECTION('',(1.,0.,-0.));
#6945 = ORIENTED_EDGE('',*,*,#6946,.T.);
#6946 = EDGE_CURVE('',#6938,#1712,#6947,.T.);
#6947 = LINE('',#6948,#6949);
#6948 = CARTESIAN_POINT('',(10.16,16.405,-30.1));
#6949 = VECTOR('',#6950,1.);
#6950 = DIRECTION('',(0.,0.,1.));
#6951 = CYLINDRICAL_SURFACE('',#6952,1.375);
#6952 = AXIS2_PLACEMENT_3D('',#6953,#6954,#6955);
#6953 = CARTESIAN_POINT('',(10.16,17.78,-30.1));
#6954 = DIRECTION('',(0.,0.,1.));
#6955 = DIRECTION('',(1.,0.,-0.));
#6956 = ADVANCED_FACE('',(#6957),#6975,.F.);
#6957 = FACE_BOUND('',#6958,.F.);
#6958 = EDGE_LOOP('',(#6959,#6967,#6968,#6969));
#6959 = ORIENTED_EDGE('',*,*,#6960,.T.);
#6960 = EDGE_CURVE('',#6961,#6930,#6963,.T.);
#6961 = VERTEX_POINT('',#6962);
#6962 = CARTESIAN_POINT('',(15.24,19.155,-29.1));
#6963 = LINE('',#6964,#6965);
#6964 = CARTESIAN_POINT('',(-15.47,19.155,-29.1));
#6965 = VECTOR('',#6966,1.);
#6966 = DIRECTION('',(-1.,-0.,0.));
#6967 = ORIENTED_EDGE('',*,*,#6929,.T.);
#6968 = ORIENTED_EDGE('',*,*,#1720,.F.);
#6969 = ORIENTED_EDGE('',*,*,#6970,.F.);
#6970 = EDGE_CURVE('',#6961,#1721,#6971,.T.);
#6971 = LINE('',#6972,#6973);
#6972 = CARTESIAN_POINT('',(15.24,19.155,-30.1));
#6973 = VECTOR('',#6974,1.);
#6974 = DIRECTION('',(0.,0.,1.));
#6975 = PLANE('',#6976);
#6976 = AXIS2_PLACEMENT_3D('',#6977,#6978,#6979);
#6977 = CARTESIAN_POINT('',(10.16,19.155,-30.1));
#6978 = DIRECTION('',(-0.,1.,0.));
#6979 = DIRECTION('',(0.,0.,1.));
#6980 = ADVANCED_FACE('',(#6981),#6999,.T.);
#6981 = FACE_BOUND('',#6982,.T.);
#6982 = EDGE_LOOP('',(#6983,#6991,#6992,#6993));
#6983 = ORIENTED_EDGE('',*,*,#6984,.T.);
#6984 = EDGE_CURVE('',#6985,#6938,#6987,.T.);
#6985 = VERTEX_POINT('',#6986);
#6986 = CARTESIAN_POINT('',(15.24,16.405,-29.1));
#6987 = LINE('',#6988,#6989);
#6988 = CARTESIAN_POINT('',(-15.47,16.405,-29.1));
#6989 = VECTOR('',#6990,1.);
#6990 = DIRECTION('',(-1.,-0.,0.));
#6991 = ORIENTED_EDGE('',*,*,#6946,.T.);
#6992 = ORIENTED_EDGE('',*,*,#1746,.F.);
#6993 = ORIENTED_EDGE('',*,*,#6994,.F.);
#6994 = EDGE_CURVE('',#6985,#1738,#6995,.T.);
#6995 = LINE('',#6996,#6997);
#6996 = CARTESIAN_POINT('',(15.24,16.405,-30.1));
#6997 = VECTOR('',#6998,1.);
#6998 = DIRECTION('',(0.,0.,1.));
#6999 = PLANE('',#7000);
#7000 = AXIS2_PLACEMENT_3D('',#7001,#7002,#7003);
#7001 = CARTESIAN_POINT('',(10.16,16.405,-30.1));
#7002 = DIRECTION('',(-0.,1.,0.));
#7003 = DIRECTION('',(0.,0.,1.));
#7004 = ADVANCED_FACE('',(#7005),#7031,.F.);
#7005 = FACE_BOUND('',#7006,.F.);
#7006 = EDGE_LOOP('',(#7007,#7008,#7016,#7025));
#7007 = ORIENTED_EDGE('',*,*,#1754,.F.);
#7008 = ORIENTED_EDGE('',*,*,#7009,.F.);
#7009 = EDGE_CURVE('',#7010,#1755,#7012,.T.);
#7010 = VERTEX_POINT('',#7011);
#7011 = CARTESIAN_POINT('',(-30.48,-16.405,-29.1));
#7012 = LINE('',#7013,#7014);
#7013 = CARTESIAN_POINT('',(-30.48,-16.405,-30.1));
#7014 = VECTOR('',#7015,1.);
#7015 = DIRECTION('',(0.,0.,1.));
#7016 = ORIENTED_EDGE('',*,*,#7017,.T.);
#7017 = EDGE_CURVE('',#7010,#7018,#7020,.T.);
#7018 = VERTEX_POINT('',#7019);
#7019 = CARTESIAN_POINT('',(-30.48,-19.155,-29.1));
#7020 = CIRCLE('',#7021,1.375);
#7021 = AXIS2_PLACEMENT_3D('',#7022,#7023,#7024);
#7022 = CARTESIAN_POINT('',(-30.48,-17.78,-29.1));
#7023 = DIRECTION('',(0.,0.,1.));
#7024 = DIRECTION('',(1.,0.,-0.));
#7025 = ORIENTED_EDGE('',*,*,#7026,.T.);
#7026 = EDGE_CURVE('',#7018,#1757,#7027,.T.);
#7027 = LINE('',#7028,#7029);
#7028 = CARTESIAN_POINT('',(-30.48,-19.155,-30.1));
#7029 = VECTOR('',#7030,1.);
#7030 = DIRECTION('',(0.,0.,1.));
#7031 = CYLINDRICAL_SURFACE('',#7032,1.375);
#7032 = AXIS2_PLACEMENT_3D('',#7033,#7034,#7035);
#7033 = CARTESIAN_POINT('',(-30.48,-17.78,-30.1));
#7034 = DIRECTION('',(0.,0.,1.));
#7035 = DIRECTION('',(1.,0.,-0.));
#7036 = ADVANCED_FACE('',(#7037),#7055,.F.);
#7037 = FACE_BOUND('',#7038,.F.);
#7038 = EDGE_LOOP('',(#7039,#7047,#7048,#7049));
#7039 = ORIENTED_EDGE('',*,*,#7040,.T.);
#7040 = EDGE_CURVE('',#7041,#7010,#7043,.T.);
#7041 = VERTEX_POINT('',#7042);
#7042 = CARTESIAN_POINT('',(-25.4,-16.405,-29.1));
#7043 = LINE('',#7044,#7045);
#7044 = CARTESIAN_POINT('',(-35.79,-16.405,-29.1));
#7045 = VECTOR('',#7046,1.);
#7046 = DIRECTION('',(-1.,-0.,0.));
#7047 = ORIENTED_EDGE('',*,*,#7009,.T.);
#7048 = ORIENTED_EDGE('',*,*,#1765,.F.);
#7049 = ORIENTED_EDGE('',*,*,#7050,.F.);
#7050 = EDGE_CURVE('',#7041,#1766,#7051,.T.);
#7051 = LINE('',#7052,#7053);
#7052 = CARTESIAN_POINT('',(-25.4,-16.405,-30.1));
#7053 = VECTOR('',#7054,1.);
#7054 = DIRECTION('',(0.,0.,1.));
#7055 = PLANE('',#7056);
#7056 = AXIS2_PLACEMENT_3D('',#7057,#7058,#7059);
#7057 = CARTESIAN_POINT('',(-30.48,-16.405,-30.1));
#7058 = DIRECTION('',(-0.,1.,0.));
#7059 = DIRECTION('',(0.,0.,1.));
#7060 = ADVANCED_FACE('',(#7061),#7079,.T.);
#7061 = FACE_BOUND('',#7062,.T.);
#7062 = EDGE_LOOP('',(#7063,#7071,#7072,#7073));
#7063 = ORIENTED_EDGE('',*,*,#7064,.T.);
#7064 = EDGE_CURVE('',#7065,#7018,#7067,.T.);
#7065 = VERTEX_POINT('',#7066);
#7066 = CARTESIAN_POINT('',(-25.4,-19.155,-29.1));
#7067 = LINE('',#7068,#7069);
#7068 = CARTESIAN_POINT('',(-35.79,-19.155,-29.1));
#7069 = VECTOR('',#7070,1.);
#7070 = DIRECTION('',(-1.,-0.,0.));
#7071 = ORIENTED_EDGE('',*,*,#7026,.T.);
#7072 = ORIENTED_EDGE('',*,*,#1791,.F.);
#7073 = ORIENTED_EDGE('',*,*,#7074,.F.);
#7074 = EDGE_CURVE('',#7065,#1783,#7075,.T.);
#7075 = LINE('',#7076,#7077);
#7076 = CARTESIAN_POINT('',(-25.4,-19.155,-30.1));
#7077 = VECTOR('',#7078,1.);
#7078 = DIRECTION('',(0.,0.,1.));
#7079 = PLANE('',#7080);
#7080 = AXIS2_PLACEMENT_3D('',#7081,#7082,#7083);
#7081 = CARTESIAN_POINT('',(-30.48,-19.155,-30.1));
#7082 = DIRECTION('',(-0.,1.,0.));
#7083 = DIRECTION('',(0.,0.,1.));
#7084 = ADVANCED_FACE('',(#7085),#7111,.F.);
#7085 = FACE_BOUND('',#7086,.F.);
#7086 = EDGE_LOOP('',(#7087,#7088,#7096,#7105));
#7087 = ORIENTED_EDGE('',*,*,#1799,.F.);
#7088 = ORIENTED_EDGE('',*,*,#7089,.F.);
#7089 = EDGE_CURVE('',#7090,#1800,#7092,.T.);
#7090 = VERTEX_POINT('',#7091);
#7091 = CARTESIAN_POINT('',(-20.32,-26.565,-29.1));
#7092 = LINE('',#7093,#7094);
#7093 = CARTESIAN_POINT('',(-20.32,-26.565,-30.1));
#7094 = VECTOR('',#7095,1.);
#7095 = DIRECTION('',(0.,0.,1.));
#7096 = ORIENTED_EDGE('',*,*,#7097,.T.);
#7097 = EDGE_CURVE('',#7090,#7098,#7100,.T.);
#7098 = VERTEX_POINT('',#7099);
#7099 = CARTESIAN_POINT('',(-20.32,-29.315,-29.1));
#7100 = CIRCLE('',#7101,1.375);
#7101 = AXIS2_PLACEMENT_3D('',#7102,#7103,#7104);
#7102 = CARTESIAN_POINT('',(-20.32,-27.94,-29.1));
#7103 = DIRECTION('',(0.,0.,1.));
#7104 = DIRECTION('',(1.,0.,-0.));
#7105 = ORIENTED_EDGE('',*,*,#7106,.T.);
#7106 = EDGE_CURVE('',#7098,#1802,#7107,.T.);
#7107 = LINE('',#7108,#7109);
#7108 = CARTESIAN_POINT('',(-20.32,-29.315,-30.1));
#7109 = VECTOR('',#7110,1.);
#7110 = DIRECTION('',(0.,0.,1.));
#7111 = CYLINDRICAL_SURFACE('',#7112,1.375);
#7112 = AXIS2_PLACEMENT_3D('',#7113,#7114,#7115);
#7113 = CARTESIAN_POINT('',(-20.32,-27.94,-30.1));
#7114 = DIRECTION('',(0.,0.,1.));
#7115 = DIRECTION('',(1.,0.,-0.));
#7116 = ADVANCED_FACE('',(#7117),#7135,.F.);
#7117 = FACE_BOUND('',#7118,.F.);
#7118 = EDGE_LOOP('',(#7119,#7127,#7128,#7129));
#7119 = ORIENTED_EDGE('',*,*,#7120,.T.);
#7120 = EDGE_CURVE('',#7121,#7090,#7123,.T.);
#7121 = VERTEX_POINT('',#7122);
#7122 = CARTESIAN_POINT('',(-15.24,-26.565,-29.1));
#7123 = LINE('',#7124,#7125);
#7124 = CARTESIAN_POINT('',(-30.71,-26.565,-29.1));
#7125 = VECTOR('',#7126,1.);
#7126 = DIRECTION('',(-1.,-0.,0.));
#7127 = ORIENTED_EDGE('',*,*,#7089,.T.);
#7128 = ORIENTED_EDGE('',*,*,#1810,.F.);
#7129 = ORIENTED_EDGE('',*,*,#7130,.F.);
#7130 = EDGE_CURVE('',#7121,#1811,#7131,.T.);
#7131 = LINE('',#7132,#7133);
#7132 = CARTESIAN_POINT('',(-15.24,-26.565,-30.1));
#7133 = VECTOR('',#7134,1.);
#7134 = DIRECTION('',(0.,0.,1.));
#7135 = PLANE('',#7136);
#7136 = AXIS2_PLACEMENT_3D('',#7137,#7138,#7139);
#7137 = CARTESIAN_POINT('',(-20.32,-26.565,-30.1));
#7138 = DIRECTION('',(-0.,1.,0.));
#7139 = DIRECTION('',(0.,0.,1.));
#7140 = ADVANCED_FACE('',(#7141),#7159,.T.);
#7141 = FACE_BOUND('',#7142,.T.);
#7142 = EDGE_LOOP('',(#7143,#7151,#7152,#7153));
#7143 = ORIENTED_EDGE('',*,*,#7144,.T.);
#7144 = EDGE_CURVE('',#7145,#7098,#7147,.T.);
#7145 = VERTEX_POINT('',#7146);
#7146 = CARTESIAN_POINT('',(-15.24,-29.315,-29.1));
#7147 = LINE('',#7148,#7149);
#7148 = CARTESIAN_POINT('',(-30.71,-29.315,-29.1));
#7149 = VECTOR('',#7150,1.);
#7150 = DIRECTION('',(-1.,-0.,0.));
#7151 = ORIENTED_EDGE('',*,*,#7106,.T.);
#7152 = ORIENTED_EDGE('',*,*,#1836,.F.);
#7153 = ORIENTED_EDGE('',*,*,#7154,.F.);
#7154 = EDGE_CURVE('',#7145,#1828,#7155,.T.);
#7155 = LINE('',#7156,#7157);
#7156 = CARTESIAN_POINT('',(-15.24,-29.315,-30.1));
#7157 = VECTOR('',#7158,1.);
#7158 = DIRECTION('',(0.,0.,1.));
#7159 = PLANE('',#7160);
#7160 = AXIS2_PLACEMENT_3D('',#7161,#7162,#7163);
#7161 = CARTESIAN_POINT('',(-20.32,-29.315,-30.1));
#7162 = DIRECTION('',(-0.,1.,0.));
#7163 = DIRECTION('',(0.,0.,1.));
#7164 = ADVANCED_FACE('',(#7165),#7191,.F.);
#7165 = FACE_BOUND('',#7166,.F.);
#7166 = EDGE_LOOP('',(#7167,#7168,#7176,#7185));
#7167 = ORIENTED_EDGE('',*,*,#1844,.F.);
#7168 = ORIENTED_EDGE('',*,*,#7169,.F.);
#7169 = EDGE_CURVE('',#7170,#1845,#7172,.T.);
#7170 = VERTEX_POINT('',#7171);
#7171 = CARTESIAN_POINT('',(7.105427357601E-15,29.315,-29.1));
#7172 = LINE('',#7173,#7174);
#7173 = CARTESIAN_POINT('',(7.105427357601E-15,29.315,-30.1));
#7174 = VECTOR('',#7175,1.);
#7175 = DIRECTION('',(0.,0.,1.));
#7176 = ORIENTED_EDGE('',*,*,#7177,.T.);
#7177 = EDGE_CURVE('',#7170,#7178,#7180,.T.);
#7178 = VERTEX_POINT('',#7179);
#7179 = CARTESIAN_POINT('',(7.105427357601E-15,26.565,-29.1));
#7180 = CIRCLE('',#7181,1.375);
#7181 = AXIS2_PLACEMENT_3D('',#7182,#7183,#7184);
#7182 = CARTESIAN_POINT('',(7.105427357601E-15,27.94,-29.1));
#7183 = DIRECTION('',(0.,0.,1.));
#7184 = DIRECTION('',(1.,0.,-0.));
#7185 = ORIENTED_EDGE('',*,*,#7186,.T.);
#7186 = EDGE_CURVE('',#7178,#1847,#7187,.T.);
#7187 = LINE('',#7188,#7189);
#7188 = CARTESIAN_POINT('',(7.105427357601E-15,26.565,-30.1));
#7189 = VECTOR('',#7190,1.);
#7190 = DIRECTION('',(0.,0.,1.));
#7191 = CYLINDRICAL_SURFACE('',#7192,1.375);
#7192 = AXIS2_PLACEMENT_3D('',#7193,#7194,#7195);
#7193 = CARTESIAN_POINT('',(7.105427357601E-15,27.94,-30.1));
#7194 = DIRECTION('',(0.,0.,1.));
#7195 = DIRECTION('',(1.,0.,-0.));
#7196 = ADVANCED_FACE('',(#7197),#7215,.F.);
#7197 = FACE_BOUND('',#7198,.F.);
#7198 = EDGE_LOOP('',(#7199,#7207,#7208,#7209));
#7199 = ORIENTED_EDGE('',*,*,#7200,.T.);
#7200 = EDGE_CURVE('',#7201,#7170,#7203,.T.);
#7201 = VERTEX_POINT('',#7202);
#7202 = CARTESIAN_POINT('',(5.08,29.315,-29.1));
#7203 = LINE('',#7204,#7205);
#7204 = CARTESIAN_POINT('',(-20.55,29.315,-29.1));
#7205 = VECTOR('',#7206,1.);
#7206 = DIRECTION('',(-1.,-0.,0.));
#7207 = ORIENTED_EDGE('',*,*,#7169,.T.);
#7208 = ORIENTED_EDGE('',*,*,#1855,.F.);
#7209 = ORIENTED_EDGE('',*,*,#7210,.F.);
#7210 = EDGE_CURVE('',#7201,#1856,#7211,.T.);
#7211 = LINE('',#7212,#7213);
#7212 = CARTESIAN_POINT('',(5.08,29.315,-30.1));
#7213 = VECTOR('',#7214,1.);
#7214 = DIRECTION('',(0.,0.,1.));
#7215 = PLANE('',#7216);
#7216 = AXIS2_PLACEMENT_3D('',#7217,#7218,#7219);
#7217 = CARTESIAN_POINT('',(7.105427357601E-15,29.315,-30.1));
#7218 = DIRECTION('',(-0.,1.,0.));
#7219 = DIRECTION('',(0.,0.,1.));
#7220 = ADVANCED_FACE('',(#7221),#7239,.T.);
#7221 = FACE_BOUND('',#7222,.T.);
#7222 = EDGE_LOOP('',(#7223,#7231,#7232,#7233));
#7223 = ORIENTED_EDGE('',*,*,#7224,.T.);
#7224 = EDGE_CURVE('',#7225,#7178,#7227,.T.);
#7225 = VERTEX_POINT('',#7226);
#7226 = CARTESIAN_POINT('',(5.08,26.565,-29.1));
#7227 = LINE('',#7228,#7229);
#7228 = CARTESIAN_POINT('',(-20.55,26.565,-29.1));
#7229 = VECTOR('',#7230,1.);
#7230 = DIRECTION('',(-1.,-0.,0.));
#7231 = ORIENTED_EDGE('',*,*,#7186,.T.);
#7232 = ORIENTED_EDGE('',*,*,#1881,.F.);
#7233 = ORIENTED_EDGE('',*,*,#7234,.F.);
#7234 = EDGE_CURVE('',#7225,#1873,#7235,.T.);
#7235 = LINE('',#7236,#7237);
#7236 = CARTESIAN_POINT('',(5.08,26.565,-30.1));
#7237 = VECTOR('',#7238,1.);
#7238 = DIRECTION('',(0.,0.,1.));
#7239 = PLANE('',#7240);
#7240 = AXIS2_PLACEMENT_3D('',#7241,#7242,#7243);
#7241 = CARTESIAN_POINT('',(7.105427357601E-15,26.565,-30.1));
#7242 = DIRECTION('',(-0.,1.,0.));
#7243 = DIRECTION('',(0.,0.,1.));
#7244 = ADVANCED_FACE('',(#7245),#7271,.F.);
#7245 = FACE_BOUND('',#7246,.F.);
#7246 = EDGE_LOOP('',(#7247,#7248,#7256,#7265));
#7247 = ORIENTED_EDGE('',*,*,#1889,.F.);
#7248 = ORIENTED_EDGE('',*,*,#7249,.F.);
#7249 = EDGE_CURVE('',#7250,#1890,#7252,.T.);
#7250 = VERTEX_POINT('',#7251);
#7251 = CARTESIAN_POINT('',(-5.08,-26.565,-29.1));
#7252 = LINE('',#7253,#7254);
#7253 = CARTESIAN_POINT('',(-5.08,-26.565,-30.1));
#7254 = VECTOR('',#7255,1.);
#7255 = DIRECTION('',(0.,0.,1.));
#7256 = ORIENTED_EDGE('',*,*,#7257,.T.);
#7257 = EDGE_CURVE('',#7250,#7258,#7260,.T.);
#7258 = VERTEX_POINT('',#7259);
#7259 = CARTESIAN_POINT('',(-5.08,-29.315,-29.1));
#7260 = CIRCLE('',#7261,1.375);
#7261 = AXIS2_PLACEMENT_3D('',#7262,#7263,#7264);
#7262 = CARTESIAN_POINT('',(-5.08,-27.94,-29.1));
#7263 = DIRECTION('',(0.,0.,1.));
#7264 = DIRECTION('',(1.,0.,-0.));
#7265 = ORIENTED_EDGE('',*,*,#7266,.T.);
#7266 = EDGE_CURVE('',#7258,#1892,#7267,.T.);
#7267 = LINE('',#7268,#7269);
#7268 = CARTESIAN_POINT('',(-5.08,-29.315,-30.1));
#7269 = VECTOR('',#7270,1.);
#7270 = DIRECTION('',(0.,0.,1.));
#7271 = CYLINDRICAL_SURFACE('',#7272,1.375);
#7272 = AXIS2_PLACEMENT_3D('',#7273,#7274,#7275);
#7273 = CARTESIAN_POINT('',(-5.08,-27.94,-30.1));
#7274 = DIRECTION('',(0.,0.,1.));
#7275 = DIRECTION('',(1.,0.,-0.));
#7276 = ADVANCED_FACE('',(#7277),#7295,.F.);
#7277 = FACE_BOUND('',#7278,.F.);
#7278 = EDGE_LOOP('',(#7279,#7287,#7288,#7289));
#7279 = ORIENTED_EDGE('',*,*,#7280,.T.);
#7280 = EDGE_CURVE('',#7281,#7250,#7283,.T.);
#7281 = VERTEX_POINT('',#7282);
#7282 = CARTESIAN_POINT('',(7.105427357601E-15,-26.565,-29.1));
#7283 = LINE('',#7284,#7285);
#7284 = CARTESIAN_POINT('',(-23.09,-26.565,-29.1));
#7285 = VECTOR('',#7286,1.);
#7286 = DIRECTION('',(-1.,-0.,0.));
#7287 = ORIENTED_EDGE('',*,*,#7249,.T.);
#7288 = ORIENTED_EDGE('',*,*,#1900,.F.);
#7289 = ORIENTED_EDGE('',*,*,#7290,.F.);
#7290 = EDGE_CURVE('',#7281,#1901,#7291,.T.);
#7291 = LINE('',#7292,#7293);
#7292 = CARTESIAN_POINT('',(7.105427357601E-15,-26.565,-30.1));
#7293 = VECTOR('',#7294,1.);
#7294 = DIRECTION('',(0.,0.,1.));
#7295 = PLANE('',#7296);
#7296 = AXIS2_PLACEMENT_3D('',#7297,#7298,#7299);
#7297 = CARTESIAN_POINT('',(-5.08,-26.565,-30.1));
#7298 = DIRECTION('',(-0.,1.,0.));
#7299 = DIRECTION('',(0.,0.,1.));
#7300 = ADVANCED_FACE('',(#7301),#7319,.T.);
#7301 = FACE_BOUND('',#7302,.T.);
#7302 = EDGE_LOOP('',(#7303,#7311,#7312,#7313));
#7303 = ORIENTED_EDGE('',*,*,#7304,.T.);
#7304 = EDGE_CURVE('',#7305,#7258,#7307,.T.);
#7305 = VERTEX_POINT('',#7306);
#7306 = CARTESIAN_POINT('',(7.105427357601E-15,-29.315,-29.1));
#7307 = LINE('',#7308,#7309);
#7308 = CARTESIAN_POINT('',(-23.09,-29.315,-29.1));
#7309 = VECTOR('',#7310,1.);
#7310 = DIRECTION('',(-1.,-0.,0.));
#7311 = ORIENTED_EDGE('',*,*,#7266,.T.);
#7312 = ORIENTED_EDGE('',*,*,#1926,.F.);
#7313 = ORIENTED_EDGE('',*,*,#7314,.F.);
#7314 = EDGE_CURVE('',#7305,#1918,#7315,.T.);
#7315 = LINE('',#7316,#7317);
#7316 = CARTESIAN_POINT('',(7.105427357601E-15,-29.315,-30.1));
#7317 = VECTOR('',#7318,1.);
#7318 = DIRECTION('',(0.,0.,1.));
#7319 = PLANE('',#7320);
#7320 = AXIS2_PLACEMENT_3D('',#7321,#7322,#7323);
#7321 = CARTESIAN_POINT('',(-5.08,-29.315,-30.1));
#7322 = DIRECTION('',(-0.,1.,0.));
#7323 = DIRECTION('',(0.,0.,1.));
#7324 = ADVANCED_FACE('',(#7325),#7351,.F.);
#7325 = FACE_BOUND('',#7326,.F.);
#7326 = EDGE_LOOP('',(#7327,#7328,#7336,#7345));
#7327 = ORIENTED_EDGE('',*,*,#1934,.F.);
#7328 = ORIENTED_EDGE('',*,*,#7329,.F.);
#7329 = EDGE_CURVE('',#7330,#1935,#7332,.T.);
#7330 = VERTEX_POINT('',#7331);
#7331 = CARTESIAN_POINT('',(-34.185,-2.54,-29.1));
#7332 = LINE('',#7333,#7334);
#7333 = CARTESIAN_POINT('',(-34.185,-2.54,-30.1));
#7334 = VECTOR('',#7335,1.);
#7335 = DIRECTION('',(0.,0.,1.));
#7336 = ORIENTED_EDGE('',*,*,#7337,.T.);
#7337 = EDGE_CURVE('',#7330,#7338,#7340,.T.);
#7338 = VERTEX_POINT('',#7339);
#7339 = CARTESIAN_POINT('',(-36.935,-2.54,-29.1));
#7340 = CIRCLE('',#7341,1.375);
#7341 = AXIS2_PLACEMENT_3D('',#7342,#7343,#7344);
#7342 = CARTESIAN_POINT('',(-35.56,-2.54,-29.1));
#7343 = DIRECTION('',(0.,0.,1.));
#7344 = DIRECTION('',(1.,0.,-0.));
#7345 = ORIENTED_EDGE('',*,*,#7346,.T.);
#7346 = EDGE_CURVE('',#7338,#1937,#7347,.T.);
#7347 = LINE('',#7348,#7349);
#7348 = CARTESIAN_POINT('',(-36.935,-2.54,-30.1));
#7349 = VECTOR('',#7350,1.);
#7350 = DIRECTION('',(0.,0.,1.));
#7351 = CYLINDRICAL_SURFACE('',#7352,1.375);
#7352 = AXIS2_PLACEMENT_3D('',#7353,#7354,#7355);
#7353 = CARTESIAN_POINT('',(-35.56,-2.54,-30.1));
#7354 = DIRECTION('',(0.,0.,1.));
#7355 = DIRECTION('',(1.,0.,-0.));
#7356 = ADVANCED_FACE('',(#7357),#7375,.F.);
#7357 = FACE_BOUND('',#7358,.F.);
#7358 = EDGE_LOOP('',(#7359,#7367,#7373,#7374));
#7359 = ORIENTED_EDGE('',*,*,#7360,.F.);
#7360 = EDGE_CURVE('',#7361,#1946,#7363,.T.);
#7361 = VERTEX_POINT('',#7362);
#7362 = CARTESIAN_POINT('',(-34.185,-7.62,-29.1));
#7363 = LINE('',#7364,#7365);
#7364 = CARTESIAN_POINT('',(-34.185,-7.62,-30.1));
#7365 = VECTOR('',#7366,1.);
#7366 = DIRECTION('',(0.,0.,1.));
#7367 = ORIENTED_EDGE('',*,*,#7368,.T.);
#7368 = EDGE_CURVE('',#7361,#7330,#7369,.T.);
#7369 = LINE('',#7370,#7371);
#7370 = CARTESIAN_POINT('',(-34.185,-20.55,-29.1));
#7371 = VECTOR('',#7372,1.);
#7372 = DIRECTION('',(-0.,1.,0.));
#7373 = ORIENTED_EDGE('',*,*,#7329,.T.);
#7374 = ORIENTED_EDGE('',*,*,#1945,.F.);
#7375 = PLANE('',#7376);
#7376 = AXIS2_PLACEMENT_3D('',#7377,#7378,#7379);
#7377 = CARTESIAN_POINT('',(-34.185,-7.62,-30.1));
#7378 = DIRECTION('',(1.,0.,-0.));
#7379 = DIRECTION('',(0.,0.,1.));
#7380 = ADVANCED_FACE('',(#7381),#7399,.T.);
#7381 = FACE_BOUND('',#7382,.T.);
#7382 = EDGE_LOOP('',(#7383,#7391,#7397,#7398));
#7383 = ORIENTED_EDGE('',*,*,#7384,.F.);
#7384 = EDGE_CURVE('',#7385,#1954,#7387,.T.);
#7385 = VERTEX_POINT('',#7386);
#7386 = CARTESIAN_POINT('',(-36.935,-7.62,-29.1));
#7387 = LINE('',#7388,#7389);
#7388 = CARTESIAN_POINT('',(-36.935,-7.62,-30.1));
#7389 = VECTOR('',#7390,1.);
#7390 = DIRECTION('',(0.,0.,1.));
#7391 = ORIENTED_EDGE('',*,*,#7392,.T.);
#7392 = EDGE_CURVE('',#7385,#7338,#7393,.T.);
#7393 = LINE('',#7394,#7395);
#7394 = CARTESIAN_POINT('',(-36.935,-20.55,-29.1));
#7395 = VECTOR('',#7396,1.);
#7396 = DIRECTION('',(-0.,1.,0.));
#7397 = ORIENTED_EDGE('',*,*,#7346,.T.);
#7398 = ORIENTED_EDGE('',*,*,#1962,.F.);
#7399 = PLANE('',#7400);
#7400 = AXIS2_PLACEMENT_3D('',#7401,#7402,#7403);
#7401 = CARTESIAN_POINT('',(-36.935,-7.62,-30.1));
#7402 = DIRECTION('',(1.,0.,-0.));
#7403 = DIRECTION('',(0.,0.,1.));
#7404 = ADVANCED_FACE('',(#7405),#7417,.F.);
#7405 = FACE_BOUND('',#7406,.F.);
#7406 = EDGE_LOOP('',(#7407,#7408,#7409,#7410));
#7407 = ORIENTED_EDGE('',*,*,#7360,.T.);
#7408 = ORIENTED_EDGE('',*,*,#1953,.F.);
#7409 = ORIENTED_EDGE('',*,*,#7384,.F.);
#7410 = ORIENTED_EDGE('',*,*,#7411,.T.);
#7411 = EDGE_CURVE('',#7385,#7361,#7412,.T.);
#7412 = CIRCLE('',#7413,1.375);
#7413 = AXIS2_PLACEMENT_3D('',#7414,#7415,#7416);
#7414 = CARTESIAN_POINT('',(-35.56,-7.62,-29.1));
#7415 = DIRECTION('',(0.,0.,1.));
#7416 = DIRECTION('',(1.,0.,-0.));
#7417 = CYLINDRICAL_SURFACE('',#7418,1.375);
#7418 = AXIS2_PLACEMENT_3D('',#7419,#7420,#7421);
#7419 = CARTESIAN_POINT('',(-35.56,-7.62,-30.1));
#7420 = DIRECTION('',(0.,0.,1.));
#7421 = DIRECTION('',(1.,0.,-0.));
#7422 = ADVANCED_FACE('',(#7423),#7449,.F.);
#7423 = FACE_BOUND('',#7424,.F.);
#7424 = EDGE_LOOP('',(#7425,#7426,#7434,#7443));
#7425 = ORIENTED_EDGE('',*,*,#1970,.F.);
#7426 = ORIENTED_EDGE('',*,*,#7427,.F.);
#7427 = EDGE_CURVE('',#7428,#1971,#7430,.T.);
#7428 = VERTEX_POINT('',#7429);
#7429 = CARTESIAN_POINT('',(-30.48,-1.165,-29.1));
#7430 = LINE('',#7431,#7432);
#7431 = CARTESIAN_POINT('',(-30.48,-1.165,-30.1));
#7432 = VECTOR('',#7433,1.);
#7433 = DIRECTION('',(0.,0.,1.));
#7434 = ORIENTED_EDGE('',*,*,#7435,.T.);
#7435 = EDGE_CURVE('',#7428,#7436,#7438,.T.);
#7436 = VERTEX_POINT('',#7437);
#7437 = CARTESIAN_POINT('',(-30.48,-3.915,-29.1));
#7438 = CIRCLE('',#7439,1.375);
#7439 = AXIS2_PLACEMENT_3D('',#7440,#7441,#7442);
#7440 = CARTESIAN_POINT('',(-30.48,-2.54,-29.1));
#7441 = DIRECTION('',(0.,0.,1.));
#7442 = DIRECTION('',(1.,0.,-0.));
#7443 = ORIENTED_EDGE('',*,*,#7444,.T.);
#7444 = EDGE_CURVE('',#7436,#1973,#7445,.T.);
#7445 = LINE('',#7446,#7447);
#7446 = CARTESIAN_POINT('',(-30.48,-3.915,-30.1));
#7447 = VECTOR('',#7448,1.);
#7448 = DIRECTION('',(0.,0.,1.));
#7449 = CYLINDRICAL_SURFACE('',#7450,1.375);
#7450 = AXIS2_PLACEMENT_3D('',#7451,#7452,#7453);
#7451 = CARTESIAN_POINT('',(-30.48,-2.54,-30.1));
#7452 = DIRECTION('',(0.,0.,1.));
#7453 = DIRECTION('',(1.,0.,-0.));
#7454 = ADVANCED_FACE('',(#7455),#7473,.F.);
#7455 = FACE_BOUND('',#7456,.F.);
#7456 = EDGE_LOOP('',(#7457,#7465,#7466,#7467));
#7457 = ORIENTED_EDGE('',*,*,#7458,.T.);
#7458 = EDGE_CURVE('',#7459,#7428,#7461,.T.);
#7459 = VERTEX_POINT('',#7460);
#7460 = CARTESIAN_POINT('',(-25.4,-1.165,-29.1));
#7461 = LINE('',#7462,#7463);
#7462 = CARTESIAN_POINT('',(-35.79,-1.165,-29.1));
#7463 = VECTOR('',#7464,1.);
#7464 = DIRECTION('',(-1.,-0.,0.));
#7465 = ORIENTED_EDGE('',*,*,#7427,.T.);
#7466 = ORIENTED_EDGE('',*,*,#1981,.F.);
#7467 = ORIENTED_EDGE('',*,*,#7468,.F.);
#7468 = EDGE_CURVE('',#7459,#1982,#7469,.T.);
#7469 = LINE('',#7470,#7471);
#7470 = CARTESIAN_POINT('',(-25.4,-1.165,-30.1));
#7471 = VECTOR('',#7472,1.);
#7472 = DIRECTION('',(0.,0.,1.));
#7473 = PLANE('',#7474);
#7474 = AXIS2_PLACEMENT_3D('',#7475,#7476,#7477);
#7475 = CARTESIAN_POINT('',(-30.48,-1.165,-30.1));
#7476 = DIRECTION('',(-0.,1.,0.));
#7477 = DIRECTION('',(0.,0.,1.));
#7478 = ADVANCED_FACE('',(#7479),#7497,.T.);
#7479 = FACE_BOUND('',#7480,.T.);
#7480 = EDGE_LOOP('',(#7481,#7489,#7490,#7491));
#7481 = ORIENTED_EDGE('',*,*,#7482,.T.);
#7482 = EDGE_CURVE('',#7483,#7436,#7485,.T.);
#7483 = VERTEX_POINT('',#7484);
#7484 = CARTESIAN_POINT('',(-25.4,-3.915,-29.1));
#7485 = LINE('',#7486,#7487);
#7486 = CARTESIAN_POINT('',(-35.79,-3.915,-29.1));
#7487 = VECTOR('',#7488,1.);
#7488 = DIRECTION('',(-1.,-0.,0.));
#7489 = ORIENTED_EDGE('',*,*,#7444,.T.);
#7490 = ORIENTED_EDGE('',*,*,#2007,.F.);
#7491 = ORIENTED_EDGE('',*,*,#7492,.F.);
#7492 = EDGE_CURVE('',#7483,#1999,#7493,.T.);
#7493 = LINE('',#7494,#7495);
#7494 = CARTESIAN_POINT('',(-25.4,-3.915,-30.1));
#7495 = VECTOR('',#7496,1.);
#7496 = DIRECTION('',(0.,0.,1.));
#7497 = PLANE('',#7498);
#7498 = AXIS2_PLACEMENT_3D('',#7499,#7500,#7501);
#7499 = CARTESIAN_POINT('',(-30.48,-3.915,-30.1));
#7500 = DIRECTION('',(-0.,1.,0.));
#7501 = DIRECTION('',(0.,0.,1.));
#7502 = ADVANCED_FACE('',(#7503),#7529,.F.);
#7503 = FACE_BOUND('',#7504,.F.);
#7504 = EDGE_LOOP('',(#7505,#7506,#7514,#7523));
#7505 = ORIENTED_EDGE('',*,*,#2015,.F.);
#7506 = ORIENTED_EDGE('',*,*,#7507,.F.);
#7507 = EDGE_CURVE('',#7508,#2016,#7510,.T.);
#7508 = VERTEX_POINT('',#7509);
#7509 = CARTESIAN_POINT('',(-20.32,-11.325,-29.1));
#7510 = LINE('',#7511,#7512);
#7511 = CARTESIAN_POINT('',(-20.32,-11.325,-30.1));
#7512 = VECTOR('',#7513,1.);
#7513 = DIRECTION('',(0.,0.,1.));
#7514 = ORIENTED_EDGE('',*,*,#7515,.T.);
#7515 = EDGE_CURVE('',#7508,#7516,#7518,.T.);
#7516 = VERTEX_POINT('',#7517);
#7517 = CARTESIAN_POINT('',(-20.32,-14.075,-29.1));
#7518 = CIRCLE('',#7519,1.375);
#7519 = AXIS2_PLACEMENT_3D('',#7520,#7521,#7522);
#7520 = CARTESIAN_POINT('',(-20.32,-12.7,-29.1));
#7521 = DIRECTION('',(0.,0.,1.));
#7522 = DIRECTION('',(1.,0.,-0.));
#7523 = ORIENTED_EDGE('',*,*,#7524,.T.);
#7524 = EDGE_CURVE('',#7516,#2018,#7525,.T.);
#7525 = LINE('',#7526,#7527);
#7526 = CARTESIAN_POINT('',(-20.32,-14.075,-30.1));
#7527 = VECTOR('',#7528,1.);
#7528 = DIRECTION('',(0.,0.,1.));
#7529 = CYLINDRICAL_SURFACE('',#7530,1.375);
#7530 = AXIS2_PLACEMENT_3D('',#7531,#7532,#7533);
#7531 = CARTESIAN_POINT('',(-20.32,-12.7,-30.1));
#7532 = DIRECTION('',(0.,0.,1.));
#7533 = DIRECTION('',(1.,0.,-0.));
#7534 = ADVANCED_FACE('',(#7535),#7553,.F.);
#7535 = FACE_BOUND('',#7536,.F.);
#7536 = EDGE_LOOP('',(#7537,#7545,#7546,#7547));
#7537 = ORIENTED_EDGE('',*,*,#7538,.T.);
#7538 = EDGE_CURVE('',#7539,#7508,#7541,.T.);
#7539 = VERTEX_POINT('',#7540);
#7540 = CARTESIAN_POINT('',(-15.24,-11.325,-29.1));
#7541 = LINE('',#7542,#7543);
#7542 = CARTESIAN_POINT('',(-30.71,-11.325,-29.1));
#7543 = VECTOR('',#7544,1.);
#7544 = DIRECTION('',(-1.,-0.,0.));
#7545 = ORIENTED_EDGE('',*,*,#7507,.T.);
#7546 = ORIENTED_EDGE('',*,*,#2026,.F.);
#7547 = ORIENTED_EDGE('',*,*,#7548,.F.);
#7548 = EDGE_CURVE('',#7539,#2027,#7549,.T.);
#7549 = LINE('',#7550,#7551);
#7550 = CARTESIAN_POINT('',(-15.24,-11.325,-30.1));
#7551 = VECTOR('',#7552,1.);
#7552 = DIRECTION('',(0.,0.,1.));
#7553 = PLANE('',#7554);
#7554 = AXIS2_PLACEMENT_3D('',#7555,#7556,#7557);
#7555 = CARTESIAN_POINT('',(-20.32,-11.325,-30.1));
#7556 = DIRECTION('',(-0.,1.,0.));
#7557 = DIRECTION('',(0.,0.,1.));
#7558 = ADVANCED_FACE('',(#7559),#7577,.T.);
#7559 = FACE_BOUND('',#7560,.T.);
#7560 = EDGE_LOOP('',(#7561,#7569,#7570,#7571));
#7561 = ORIENTED_EDGE('',*,*,#7562,.T.);
#7562 = EDGE_CURVE('',#7563,#7516,#7565,.T.);
#7563 = VERTEX_POINT('',#7564);
#7564 = CARTESIAN_POINT('',(-15.24,-14.075,-29.1));
#7565 = LINE('',#7566,#7567);
#7566 = CARTESIAN_POINT('',(-30.71,-14.075,-29.1));
#7567 = VECTOR('',#7568,1.);
#7568 = DIRECTION('',(-1.,-0.,0.));
#7569 = ORIENTED_EDGE('',*,*,#7524,.T.);
#7570 = ORIENTED_EDGE('',*,*,#2052,.F.);
#7571 = ORIENTED_EDGE('',*,*,#7572,.F.);
#7572 = EDGE_CURVE('',#7563,#2044,#7573,.T.);
#7573 = LINE('',#7574,#7575);
#7574 = CARTESIAN_POINT('',(-15.24,-14.075,-30.1));
#7575 = VECTOR('',#7576,1.);
#7576 = DIRECTION('',(0.,0.,1.));
#7577 = PLANE('',#7578);
#7578 = AXIS2_PLACEMENT_3D('',#7579,#7580,#7581);
#7579 = CARTESIAN_POINT('',(-20.32,-14.075,-30.1));
#7580 = DIRECTION('',(-0.,1.,0.));
#7581 = DIRECTION('',(0.,0.,1.));
#7582 = ADVANCED_FACE('',(#7583),#7609,.F.);
#7583 = FACE_BOUND('',#7584,.F.);
#7584 = EDGE_LOOP('',(#7585,#7586,#7594,#7603));
#7585 = ORIENTED_EDGE('',*,*,#2060,.F.);
#7586 = ORIENTED_EDGE('',*,*,#7587,.F.);
#7587 = EDGE_CURVE('',#7588,#2061,#7590,.T.);
#7588 = VERTEX_POINT('',#7589);
#7589 = CARTESIAN_POINT('',(-5.08,-11.325,-29.1));
#7590 = LINE('',#7591,#7592);
#7591 = CARTESIAN_POINT('',(-5.08,-11.325,-30.1));
#7592 = VECTOR('',#7593,1.);
#7593 = DIRECTION('',(0.,0.,1.));
#7594 = ORIENTED_EDGE('',*,*,#7595,.T.);
#7595 = EDGE_CURVE('',#7588,#7596,#7598,.T.);
#7596 = VERTEX_POINT('',#7597);
#7597 = CARTESIAN_POINT('',(-5.08,-14.075,-29.1));
#7598 = CIRCLE('',#7599,1.375);
#7599 = AXIS2_PLACEMENT_3D('',#7600,#7601,#7602);
#7600 = CARTESIAN_POINT('',(-5.08,-12.7,-29.1));
#7601 = DIRECTION('',(0.,0.,1.));
#7602 = DIRECTION('',(1.,0.,-0.));
#7603 = ORIENTED_EDGE('',*,*,#7604,.T.);
#7604 = EDGE_CURVE('',#7596,#2063,#7605,.T.);
#7605 = LINE('',#7606,#7607);
#7606 = CARTESIAN_POINT('',(-5.08,-14.075,-30.1));
#7607 = VECTOR('',#7608,1.);
#7608 = DIRECTION('',(0.,0.,1.));
#7609 = CYLINDRICAL_SURFACE('',#7610,1.375);
#7610 = AXIS2_PLACEMENT_3D('',#7611,#7612,#7613);
#7611 = CARTESIAN_POINT('',(-5.08,-12.7,-30.1));
#7612 = DIRECTION('',(0.,0.,1.));
#7613 = DIRECTION('',(1.,0.,-0.));
#7614 = ADVANCED_FACE('',(#7615),#7633,.F.);
#7615 = FACE_BOUND('',#7616,.F.);
#7616 = EDGE_LOOP('',(#7617,#7625,#7626,#7627));
#7617 = ORIENTED_EDGE('',*,*,#7618,.T.);
#7618 = EDGE_CURVE('',#7619,#7588,#7621,.T.);
#7619 = VERTEX_POINT('',#7620);
#7620 = CARTESIAN_POINT('',(7.105427357601E-15,-11.325,-29.1));
#7621 = LINE('',#7622,#7623);
#7622 = CARTESIAN_POINT('',(-23.09,-11.325,-29.1));
#7623 = VECTOR('',#7624,1.);
#7624 = DIRECTION('',(-1.,-0.,0.));
#7625 = ORIENTED_EDGE('',*,*,#7587,.T.);
#7626 = ORIENTED_EDGE('',*,*,#2071,.F.);
#7627 = ORIENTED_EDGE('',*,*,#7628,.F.);
#7628 = EDGE_CURVE('',#7619,#2072,#7629,.T.);
#7629 = LINE('',#7630,#7631);
#7630 = CARTESIAN_POINT('',(7.105427357601E-15,-11.325,-30.1));
#7631 = VECTOR('',#7632,1.);
#7632 = DIRECTION('',(0.,0.,1.));
#7633 = PLANE('',#7634);
#7634 = AXIS2_PLACEMENT_3D('',#7635,#7636,#7637);
#7635 = CARTESIAN_POINT('',(-5.08,-11.325,-30.1));
#7636 = DIRECTION('',(-0.,1.,0.));
#7637 = DIRECTION('',(0.,0.,1.));
#7638 = ADVANCED_FACE('',(#7639),#7657,.T.);
#7639 = FACE_BOUND('',#7640,.T.);
#7640 = EDGE_LOOP('',(#7641,#7649,#7650,#7651));
#7641 = ORIENTED_EDGE('',*,*,#7642,.T.);
#7642 = EDGE_CURVE('',#7643,#7596,#7645,.T.);
#7643 = VERTEX_POINT('',#7644);
#7644 = CARTESIAN_POINT('',(7.105427357601E-15,-14.075,-29.1));
#7645 = LINE('',#7646,#7647);
#7646 = CARTESIAN_POINT('',(-23.09,-14.075,-29.1));
#7647 = VECTOR('',#7648,1.);
#7648 = DIRECTION('',(-1.,-0.,0.));
#7649 = ORIENTED_EDGE('',*,*,#7604,.T.);
#7650 = ORIENTED_EDGE('',*,*,#2097,.F.);
#7651 = ORIENTED_EDGE('',*,*,#7652,.F.);
#7652 = EDGE_CURVE('',#7643,#2089,#7653,.T.);
#7653 = LINE('',#7654,#7655);
#7654 = CARTESIAN_POINT('',(7.105427357601E-15,-14.075,-30.1));
#7655 = VECTOR('',#7656,1.);
#7656 = DIRECTION('',(0.,0.,1.));
#7657 = PLANE('',#7658);
#7658 = AXIS2_PLACEMENT_3D('',#7659,#7660,#7661);
#7659 = CARTESIAN_POINT('',(-5.08,-14.075,-30.1));
#7660 = DIRECTION('',(-0.,1.,0.));
#7661 = DIRECTION('',(0.,0.,1.));
#7662 = ADVANCED_FACE('',(#7663),#7689,.F.);
#7663 = FACE_BOUND('',#7664,.F.);
#7664 = EDGE_LOOP('',(#7665,#7666,#7674,#7683));
#7665 = ORIENTED_EDGE('',*,*,#2105,.F.);
#7666 = ORIENTED_EDGE('',*,*,#7667,.F.);
#7667 = EDGE_CURVE('',#7668,#2106,#7670,.T.);
#7668 = VERTEX_POINT('',#7669);
#7669 = CARTESIAN_POINT('',(10.16,-26.565,-29.1));
#7670 = LINE('',#7671,#7672);
#7671 = CARTESIAN_POINT('',(10.16,-26.565,-30.1));
#7672 = VECTOR('',#7673,1.);
#7673 = DIRECTION('',(0.,0.,1.));
#7674 = ORIENTED_EDGE('',*,*,#7675,.T.);
#7675 = EDGE_CURVE('',#7668,#7676,#7678,.T.);
#7676 = VERTEX_POINT('',#7677);
#7677 = CARTESIAN_POINT('',(10.16,-29.315,-29.1));
#7678 = CIRCLE('',#7679,1.375);
#7679 = AXIS2_PLACEMENT_3D('',#7680,#7681,#7682);
#7680 = CARTESIAN_POINT('',(10.16,-27.94,-29.1));
#7681 = DIRECTION('',(0.,0.,1.));
#7682 = DIRECTION('',(1.,0.,-0.));
#7683 = ORIENTED_EDGE('',*,*,#7684,.T.);
#7684 = EDGE_CURVE('',#7676,#2108,#7685,.T.);
#7685 = LINE('',#7686,#7687);
#7686 = CARTESIAN_POINT('',(10.16,-29.315,-30.1));
#7687 = VECTOR('',#7688,1.);
#7688 = DIRECTION('',(0.,0.,1.));
#7689 = CYLINDRICAL_SURFACE('',#7690,1.375);
#7690 = AXIS2_PLACEMENT_3D('',#7691,#7692,#7693);
#7691 = CARTESIAN_POINT('',(10.16,-27.94,-30.1));
#7692 = DIRECTION('',(0.,0.,1.));
#7693 = DIRECTION('',(1.,0.,-0.));
#7694 = ADVANCED_FACE('',(#7695),#7713,.F.);
#7695 = FACE_BOUND('',#7696,.F.);
#7696 = EDGE_LOOP('',(#7697,#7705,#7706,#7707));
#7697 = ORIENTED_EDGE('',*,*,#7698,.T.);
#7698 = EDGE_CURVE('',#7699,#7668,#7701,.T.);
#7699 = VERTEX_POINT('',#7700);
#7700 = CARTESIAN_POINT('',(15.24,-26.565,-29.1));
#7701 = LINE('',#7702,#7703);
#7702 = CARTESIAN_POINT('',(-15.47,-26.565,-29.1));
#7703 = VECTOR('',#7704,1.);
#7704 = DIRECTION('',(-1.,-0.,0.));
#7705 = ORIENTED_EDGE('',*,*,#7667,.T.);
#7706 = ORIENTED_EDGE('',*,*,#2116,.F.);
#7707 = ORIENTED_EDGE('',*,*,#7708,.F.);
#7708 = EDGE_CURVE('',#7699,#2117,#7709,.T.);
#7709 = LINE('',#7710,#7711);
#7710 = CARTESIAN_POINT('',(15.24,-26.565,-30.1));
#7711 = VECTOR('',#7712,1.);
#7712 = DIRECTION('',(0.,0.,1.));
#7713 = PLANE('',#7714);
#7714 = AXIS2_PLACEMENT_3D('',#7715,#7716,#7717);
#7715 = CARTESIAN_POINT('',(10.16,-26.565,-30.1));
#7716 = DIRECTION('',(-0.,1.,0.));
#7717 = DIRECTION('',(0.,0.,1.));
#7718 = ADVANCED_FACE('',(#7719),#7737,.T.);
#7719 = FACE_BOUND('',#7720,.T.);
#7720 = EDGE_LOOP('',(#7721,#7729,#7730,#7731));
#7721 = ORIENTED_EDGE('',*,*,#7722,.T.);
#7722 = EDGE_CURVE('',#7723,#7676,#7725,.T.);
#7723 = VERTEX_POINT('',#7724);
#7724 = CARTESIAN_POINT('',(15.24,-29.315,-29.1));
#7725 = LINE('',#7726,#7727);
#7726 = CARTESIAN_POINT('',(-15.47,-29.315,-29.1));
#7727 = VECTOR('',#7728,1.);
#7728 = DIRECTION('',(-1.,-0.,0.));
#7729 = ORIENTED_EDGE('',*,*,#7684,.T.);
#7730 = ORIENTED_EDGE('',*,*,#2142,.F.);
#7731 = ORIENTED_EDGE('',*,*,#7732,.F.);
#7732 = EDGE_CURVE('',#7723,#2134,#7733,.T.);
#7733 = LINE('',#7734,#7735);
#7734 = CARTESIAN_POINT('',(15.24,-29.315,-30.1));
#7735 = VECTOR('',#7736,1.);
#7736 = DIRECTION('',(0.,0.,1.));
#7737 = PLANE('',#7738);
#7738 = AXIS2_PLACEMENT_3D('',#7739,#7740,#7741);
#7739 = CARTESIAN_POINT('',(10.16,-29.315,-30.1));
#7740 = DIRECTION('',(-0.,1.,0.));
#7741 = DIRECTION('',(0.,0.,1.));
#7742 = ADVANCED_FACE('',(#7743),#7769,.F.);
#7743 = FACE_BOUND('',#7744,.F.);
#7744 = EDGE_LOOP('',(#7745,#7746,#7754,#7763));
#7745 = ORIENTED_EDGE('',*,*,#2150,.F.);
#7746 = ORIENTED_EDGE('',*,*,#7747,.F.);
#7747 = EDGE_CURVE('',#7748,#2151,#7750,.T.);
#7748 = VERTEX_POINT('',#7749);
#7749 = CARTESIAN_POINT('',(7.105427357601E-15,-16.405,-29.1));
#7750 = LINE('',#7751,#7752);
#7751 = CARTESIAN_POINT('',(7.105427357601E-15,-16.405,-30.1));
#7752 = VECTOR('',#7753,1.);
#7753 = DIRECTION('',(0.,0.,1.));
#7754 = ORIENTED_EDGE('',*,*,#7755,.T.);
#7755 = EDGE_CURVE('',#7748,#7756,#7758,.T.);
#7756 = VERTEX_POINT('',#7757);
#7757 = CARTESIAN_POINT('',(7.105427357601E-15,-19.155,-29.1));
#7758 = CIRCLE('',#7759,1.375);
#7759 = AXIS2_PLACEMENT_3D('',#7760,#7761,#7762);
#7760 = CARTESIAN_POINT('',(7.105427357601E-15,-17.78,-29.1));
#7761 = DIRECTION('',(0.,0.,1.));
#7762 = DIRECTION('',(1.,0.,-0.));
#7763 = ORIENTED_EDGE('',*,*,#7764,.T.);
#7764 = EDGE_CURVE('',#7756,#2153,#7765,.T.);
#7765 = LINE('',#7766,#7767);
#7766 = CARTESIAN_POINT('',(7.105427357601E-15,-19.155,-30.1));
#7767 = VECTOR('',#7768,1.);
#7768 = DIRECTION('',(0.,0.,1.));
#7769 = CYLINDRICAL_SURFACE('',#7770,1.375);
#7770 = AXIS2_PLACEMENT_3D('',#7771,#7772,#7773);
#7771 = CARTESIAN_POINT('',(7.105427357601E-15,-17.78,-30.1));
#7772 = DIRECTION('',(0.,0.,1.));
#7773 = DIRECTION('',(1.,0.,-0.));
#7774 = ADVANCED_FACE('',(#7775),#7793,.F.);
#7775 = FACE_BOUND('',#7776,.F.);
#7776 = EDGE_LOOP('',(#7777,#7785,#7786,#7787));
#7777 = ORIENTED_EDGE('',*,*,#7778,.T.);
#7778 = EDGE_CURVE('',#7779,#7748,#7781,.T.);
#7779 = VERTEX_POINT('',#7780);
#7780 = CARTESIAN_POINT('',(5.08,-16.405,-29.1));
#7781 = LINE('',#7782,#7783);
#7782 = CARTESIAN_POINT('',(-20.55,-16.405,-29.1));
#7783 = VECTOR('',#7784,1.);
#7784 = DIRECTION('',(-1.,-0.,0.));
#7785 = ORIENTED_EDGE('',*,*,#7747,.T.);
#7786 = ORIENTED_EDGE('',*,*,#2161,.F.);
#7787 = ORIENTED_EDGE('',*,*,#7788,.F.);
#7788 = EDGE_CURVE('',#7779,#2162,#7789,.T.);
#7789 = LINE('',#7790,#7791);
#7790 = CARTESIAN_POINT('',(5.08,-16.405,-30.1));
#7791 = VECTOR('',#7792,1.);
#7792 = DIRECTION('',(0.,0.,1.));
#7793 = PLANE('',#7794);
#7794 = AXIS2_PLACEMENT_3D('',#7795,#7796,#7797);
#7795 = CARTESIAN_POINT('',(7.105427357601E-15,-16.405,-30.1));
#7796 = DIRECTION('',(-0.,1.,0.));
#7797 = DIRECTION('',(0.,0.,1.));
#7798 = ADVANCED_FACE('',(#7799),#7817,.T.);
#7799 = FACE_BOUND('',#7800,.T.);
#7800 = EDGE_LOOP('',(#7801,#7809,#7810,#7811));
#7801 = ORIENTED_EDGE('',*,*,#7802,.T.);
#7802 = EDGE_CURVE('',#7803,#7756,#7805,.T.);
#7803 = VERTEX_POINT('',#7804);
#7804 = CARTESIAN_POINT('',(5.08,-19.155,-29.1));
#7805 = LINE('',#7806,#7807);
#7806 = CARTESIAN_POINT('',(-20.55,-19.155,-29.1));
#7807 = VECTOR('',#7808,1.);
#7808 = DIRECTION('',(-1.,-0.,0.));
#7809 = ORIENTED_EDGE('',*,*,#7764,.T.);
#7810 = ORIENTED_EDGE('',*,*,#2187,.F.);
#7811 = ORIENTED_EDGE('',*,*,#7812,.F.);
#7812 = EDGE_CURVE('',#7803,#2179,#7813,.T.);
#7813 = LINE('',#7814,#7815);
#7814 = CARTESIAN_POINT('',(5.08,-19.155,-30.1));
#7815 = VECTOR('',#7816,1.);
#7816 = DIRECTION('',(0.,0.,1.));
#7817 = PLANE('',#7818);
#7818 = AXIS2_PLACEMENT_3D('',#7819,#7820,#7821);
#7819 = CARTESIAN_POINT('',(7.105427357601E-15,-19.155,-30.1));
#7820 = DIRECTION('',(-0.,1.,0.));
#7821 = DIRECTION('',(0.,0.,1.));
#7822 = ADVANCED_FACE('',(#7823),#7849,.F.);
#7823 = FACE_BOUND('',#7824,.F.);
#7824 = EDGE_LOOP('',(#7825,#7826,#7834,#7843));
#7825 = ORIENTED_EDGE('',*,*,#2195,.F.);
#7826 = ORIENTED_EDGE('',*,*,#7827,.F.);
#7827 = EDGE_CURVE('',#7828,#2196,#7830,.T.);
#7828 = VERTEX_POINT('',#7829);
#7829 = CARTESIAN_POINT('',(10.16,-11.325,-29.1));
#7830 = LINE('',#7831,#7832);
#7831 = CARTESIAN_POINT('',(10.16,-11.325,-30.1));
#7832 = VECTOR('',#7833,1.);
#7833 = DIRECTION('',(0.,0.,1.));
#7834 = ORIENTED_EDGE('',*,*,#7835,.T.);
#7835 = EDGE_CURVE('',#7828,#7836,#7838,.T.);
#7836 = VERTEX_POINT('',#7837);
#7837 = CARTESIAN_POINT('',(10.16,-14.075,-29.1));
#7838 = CIRCLE('',#7839,1.375);
#7839 = AXIS2_PLACEMENT_3D('',#7840,#7841,#7842);
#7840 = CARTESIAN_POINT('',(10.16,-12.7,-29.1));
#7841 = DIRECTION('',(0.,0.,1.));
#7842 = DIRECTION('',(1.,0.,-0.));
#7843 = ORIENTED_EDGE('',*,*,#7844,.T.);
#7844 = EDGE_CURVE('',#7836,#2198,#7845,.T.);
#7845 = LINE('',#7846,#7847);
#7846 = CARTESIAN_POINT('',(10.16,-14.075,-30.1));
#7847 = VECTOR('',#7848,1.);
#7848 = DIRECTION('',(0.,0.,1.));
#7849 = CYLINDRICAL_SURFACE('',#7850,1.375);
#7850 = AXIS2_PLACEMENT_3D('',#7851,#7852,#7853);
#7851 = CARTESIAN_POINT('',(10.16,-12.7,-30.1));
#7852 = DIRECTION('',(0.,0.,1.));
#7853 = DIRECTION('',(1.,0.,-0.));
#7854 = ADVANCED_FACE('',(#7855),#7873,.F.);
#7855 = FACE_BOUND('',#7856,.F.);
#7856 = EDGE_LOOP('',(#7857,#7865,#7866,#7867));
#7857 = ORIENTED_EDGE('',*,*,#7858,.T.);
#7858 = EDGE_CURVE('',#7859,#7828,#7861,.T.);
#7859 = VERTEX_POINT('',#7860);
#7860 = CARTESIAN_POINT('',(15.24,-11.325,-29.1));
#7861 = LINE('',#7862,#7863);
#7862 = CARTESIAN_POINT('',(-15.47,-11.325,-29.1));
#7863 = VECTOR('',#7864,1.);
#7864 = DIRECTION('',(-1.,-0.,0.));
#7865 = ORIENTED_EDGE('',*,*,#7827,.T.);
#7866 = ORIENTED_EDGE('',*,*,#2206,.F.);
#7867 = ORIENTED_EDGE('',*,*,#7868,.F.);
#7868 = EDGE_CURVE('',#7859,#2207,#7869,.T.);
#7869 = LINE('',#7870,#7871);
#7870 = CARTESIAN_POINT('',(15.24,-11.325,-30.1));
#7871 = VECTOR('',#7872,1.);
#7872 = DIRECTION('',(0.,0.,1.));
#7873 = PLANE('',#7874);
#7874 = AXIS2_PLACEMENT_3D('',#7875,#7876,#7877);
#7875 = CARTESIAN_POINT('',(10.16,-11.325,-30.1));
#7876 = DIRECTION('',(-0.,1.,0.));
#7877 = DIRECTION('',(0.,0.,1.));
#7878 = ADVANCED_FACE('',(#7879),#7897,.T.);
#7879 = FACE_BOUND('',#7880,.T.);
#7880 = EDGE_LOOP('',(#7881,#7889,#7890,#7891));
#7881 = ORIENTED_EDGE('',*,*,#7882,.T.);
#7882 = EDGE_CURVE('',#7883,#7836,#7885,.T.);
#7883 = VERTEX_POINT('',#7884);
#7884 = CARTESIAN_POINT('',(15.24,-14.075,-29.1));
#7885 = LINE('',#7886,#7887);
#7886 = CARTESIAN_POINT('',(-15.47,-14.075,-29.1));
#7887 = VECTOR('',#7888,1.);
#7888 = DIRECTION('',(-1.,-0.,0.));
#7889 = ORIENTED_EDGE('',*,*,#7844,.T.);
#7890 = ORIENTED_EDGE('',*,*,#2232,.F.);
#7891 = ORIENTED_EDGE('',*,*,#7892,.F.);
#7892 = EDGE_CURVE('',#7883,#2224,#7893,.T.);
#7893 = LINE('',#7894,#7895);
#7894 = CARTESIAN_POINT('',(15.24,-14.075,-30.1));
#7895 = VECTOR('',#7896,1.);
#7896 = DIRECTION('',(0.,0.,1.));
#7897 = PLANE('',#7898);
#7898 = AXIS2_PLACEMENT_3D('',#7899,#7900,#7901);
#7899 = CARTESIAN_POINT('',(10.16,-14.075,-30.1));
#7900 = DIRECTION('',(-0.,1.,0.));
#7901 = DIRECTION('',(0.,0.,1.));
#7902 = ADVANCED_FACE('',(#7903),#7929,.F.);
#7903 = FACE_BOUND('',#7904,.F.);
#7904 = EDGE_LOOP('',(#7905,#7906,#7914,#7923));
#7905 = ORIENTED_EDGE('',*,*,#2240,.F.);
#7906 = ORIENTED_EDGE('',*,*,#7907,.F.);
#7907 = EDGE_CURVE('',#7908,#2241,#7910,.T.);
#7908 = VERTEX_POINT('',#7909);
#7909 = CARTESIAN_POINT('',(-3.705,12.7,-29.1));
#7910 = LINE('',#7911,#7912);
#7911 = CARTESIAN_POINT('',(-3.705,12.7,-30.1));
#7912 = VECTOR('',#7913,1.);
#7913 = DIRECTION('',(0.,0.,1.));
#7914 = ORIENTED_EDGE('',*,*,#7915,.T.);
#7915 = EDGE_CURVE('',#7908,#7916,#7918,.T.);
#7916 = VERTEX_POINT('',#7917);
#7917 = CARTESIAN_POINT('',(-6.455,12.7,-29.1));
#7918 = CIRCLE('',#7919,1.375);
#7919 = AXIS2_PLACEMENT_3D('',#7920,#7921,#7922);
#7920 = CARTESIAN_POINT('',(-5.08,12.7,-29.1));
#7921 = DIRECTION('',(0.,0.,1.));
#7922 = DIRECTION('',(1.,0.,-0.));
#7923 = ORIENTED_EDGE('',*,*,#7924,.T.);
#7924 = EDGE_CURVE('',#7916,#2243,#7925,.T.);
#7925 = LINE('',#7926,#7927);
#7926 = CARTESIAN_POINT('',(-6.455,12.7,-30.1));
#7927 = VECTOR('',#7928,1.);
#7928 = DIRECTION('',(0.,0.,1.));
#7929 = CYLINDRICAL_SURFACE('',#7930,1.375);
#7930 = AXIS2_PLACEMENT_3D('',#7931,#7932,#7933);
#7931 = CARTESIAN_POINT('',(-5.08,12.7,-30.1));
#7932 = DIRECTION('',(0.,0.,1.));
#7933 = DIRECTION('',(1.,0.,-0.));
#7934 = ADVANCED_FACE('',(#7935),#7953,.F.);
#7935 = FACE_BOUND('',#7936,.F.);
#7936 = EDGE_LOOP('',(#7937,#7945,#7951,#7952));
#7937 = ORIENTED_EDGE('',*,*,#7938,.F.);
#7938 = EDGE_CURVE('',#7939,#2252,#7941,.T.);
#7939 = VERTEX_POINT('',#7940);
#7940 = CARTESIAN_POINT('',(-3.705,7.62,-29.1));
#7941 = LINE('',#7942,#7943);
#7942 = CARTESIAN_POINT('',(-3.705,7.62,-30.1));
#7943 = VECTOR('',#7944,1.);
#7944 = DIRECTION('',(0.,0.,1.));
#7945 = ORIENTED_EDGE('',*,*,#7946,.T.);
#7946 = EDGE_CURVE('',#7939,#7908,#7947,.T.);
#7947 = LINE('',#7948,#7949);
#7948 = CARTESIAN_POINT('',(-3.705,-12.93,-29.1));
#7949 = VECTOR('',#7950,1.);
#7950 = DIRECTION('',(-0.,1.,0.));
#7951 = ORIENTED_EDGE('',*,*,#7907,.T.);
#7952 = ORIENTED_EDGE('',*,*,#2251,.F.);
#7953 = PLANE('',#7954);
#7954 = AXIS2_PLACEMENT_3D('',#7955,#7956,#7957);
#7955 = CARTESIAN_POINT('',(-3.705,7.62,-30.1));
#7956 = DIRECTION('',(1.,0.,-0.));
#7957 = DIRECTION('',(0.,0.,1.));
#7958 = ADVANCED_FACE('',(#7959),#7977,.T.);
#7959 = FACE_BOUND('',#7960,.T.);
#7960 = EDGE_LOOP('',(#7961,#7969,#7975,#7976));
#7961 = ORIENTED_EDGE('',*,*,#7962,.F.);
#7962 = EDGE_CURVE('',#7963,#2260,#7965,.T.);
#7963 = VERTEX_POINT('',#7964);
#7964 = CARTESIAN_POINT('',(-6.455,7.62,-29.1));
#7965 = LINE('',#7966,#7967);
#7966 = CARTESIAN_POINT('',(-6.455,7.62,-30.1));
#7967 = VECTOR('',#7968,1.);
#7968 = DIRECTION('',(0.,0.,1.));
#7969 = ORIENTED_EDGE('',*,*,#7970,.T.);
#7970 = EDGE_CURVE('',#7963,#7916,#7971,.T.);
#7971 = LINE('',#7972,#7973);
#7972 = CARTESIAN_POINT('',(-6.455,-12.93,-29.1));
#7973 = VECTOR('',#7974,1.);
#7974 = DIRECTION('',(-0.,1.,0.));
#7975 = ORIENTED_EDGE('',*,*,#7924,.T.);
#7976 = ORIENTED_EDGE('',*,*,#2268,.F.);
#7977 = PLANE('',#7978);
#7978 = AXIS2_PLACEMENT_3D('',#7979,#7980,#7981);
#7979 = CARTESIAN_POINT('',(-6.455,7.62,-30.1));
#7980 = DIRECTION('',(1.,0.,-0.));
#7981 = DIRECTION('',(0.,0.,1.));
#7982 = ADVANCED_FACE('',(#7983),#7995,.F.);
#7983 = FACE_BOUND('',#7984,.F.);
#7984 = EDGE_LOOP('',(#7985,#7986,#7987,#7988));
#7985 = ORIENTED_EDGE('',*,*,#7938,.T.);
#7986 = ORIENTED_EDGE('',*,*,#2259,.F.);
#7987 = ORIENTED_EDGE('',*,*,#7962,.F.);
#7988 = ORIENTED_EDGE('',*,*,#7989,.T.);
#7989 = EDGE_CURVE('',#7963,#7939,#7990,.T.);
#7990 = CIRCLE('',#7991,1.375);
#7991 = AXIS2_PLACEMENT_3D('',#7992,#7993,#7994);
#7992 = CARTESIAN_POINT('',(-5.08,7.62,-29.1));
#7993 = DIRECTION('',(0.,0.,1.));
#7994 = DIRECTION('',(1.,0.,-0.));
#7995 = CYLINDRICAL_SURFACE('',#7996,1.375);
#7996 = AXIS2_PLACEMENT_3D('',#7997,#7998,#7999);
#7997 = CARTESIAN_POINT('',(-5.08,7.62,-30.1));
#7998 = DIRECTION('',(0.,0.,1.));
#7999 = DIRECTION('',(1.,0.,-0.));
#8000 = ADVANCED_FACE('',(#8001),#8027,.F.);
#8001 = FACE_BOUND('',#8002,.F.);
#8002 = EDGE_LOOP('',(#8003,#8004,#8012,#8021));
#8003 = ORIENTED_EDGE('',*,*,#2276,.F.);
#8004 = ORIENTED_EDGE('',*,*,#8005,.F.);
#8005 = EDGE_CURVE('',#8006,#2277,#8008,.T.);
#8006 = VERTEX_POINT('',#8007);
#8007 = CARTESIAN_POINT('',(-24.025,7.62,-29.1));
#8008 = LINE('',#8009,#8010);
#8009 = CARTESIAN_POINT('',(-24.025,7.62,-30.1));
#8010 = VECTOR('',#8011,1.);
#8011 = DIRECTION('',(0.,0.,1.));
#8012 = ORIENTED_EDGE('',*,*,#8013,.T.);
#8013 = EDGE_CURVE('',#8006,#8014,#8016,.T.);
#8014 = VERTEX_POINT('',#8015);
#8015 = CARTESIAN_POINT('',(-26.775,7.62,-29.1));
#8016 = CIRCLE('',#8017,1.375);
#8017 = AXIS2_PLACEMENT_3D('',#8018,#8019,#8020);
#8018 = CARTESIAN_POINT('',(-25.4,7.62,-29.1));
#8019 = DIRECTION('',(0.,0.,1.));
#8020 = DIRECTION('',(1.,0.,-0.));
#8021 = ORIENTED_EDGE('',*,*,#8022,.T.);
#8022 = EDGE_CURVE('',#8014,#2279,#8023,.T.);
#8023 = LINE('',#8024,#8025);
#8024 = CARTESIAN_POINT('',(-26.775,7.62,-30.1));
#8025 = VECTOR('',#8026,1.);
#8026 = DIRECTION('',(0.,0.,1.));
#8027 = CYLINDRICAL_SURFACE('',#8028,1.375);
#8028 = AXIS2_PLACEMENT_3D('',#8029,#8030,#8031);
#8029 = CARTESIAN_POINT('',(-25.4,7.62,-30.1));
#8030 = DIRECTION('',(0.,0.,1.));
#8031 = DIRECTION('',(1.,0.,-0.));
#8032 = ADVANCED_FACE('',(#8033),#8051,.F.);
#8033 = FACE_BOUND('',#8034,.F.);
#8034 = EDGE_LOOP('',(#8035,#8043,#8049,#8050));
#8035 = ORIENTED_EDGE('',*,*,#8036,.F.);
#8036 = EDGE_CURVE('',#8037,#2288,#8039,.T.);
#8037 = VERTEX_POINT('',#8038);
#8038 = CARTESIAN_POINT('',(-24.025,2.54,-29.1));
#8039 = LINE('',#8040,#8041);
#8040 = CARTESIAN_POINT('',(-24.025,2.54,-30.1));
#8041 = VECTOR('',#8042,1.);
#8042 = DIRECTION('',(0.,0.,1.));
#8043 = ORIENTED_EDGE('',*,*,#8044,.T.);
#8044 = EDGE_CURVE('',#8037,#8006,#8045,.T.);
#8045 = LINE('',#8046,#8047);
#8046 = CARTESIAN_POINT('',(-24.025,-15.47,-29.1));
#8047 = VECTOR('',#8048,1.);
#8048 = DIRECTION('',(-0.,1.,0.));
#8049 = ORIENTED_EDGE('',*,*,#8005,.T.);
#8050 = ORIENTED_EDGE('',*,*,#2287,.F.);
#8051 = PLANE('',#8052);
#8052 = AXIS2_PLACEMENT_3D('',#8053,#8054,#8055);
#8053 = CARTESIAN_POINT('',(-24.025,2.54,-30.1));
#8054 = DIRECTION('',(1.,0.,-0.));
#8055 = DIRECTION('',(0.,0.,1.));
#8056 = ADVANCED_FACE('',(#8057),#8075,.T.);
#8057 = FACE_BOUND('',#8058,.T.);
#8058 = EDGE_LOOP('',(#8059,#8067,#8073,#8074));
#8059 = ORIENTED_EDGE('',*,*,#8060,.F.);
#8060 = EDGE_CURVE('',#8061,#2296,#8063,.T.);
#8061 = VERTEX_POINT('',#8062);
#8062 = CARTESIAN_POINT('',(-26.775,2.54,-29.1));
#8063 = LINE('',#8064,#8065);
#8064 = CARTESIAN_POINT('',(-26.775,2.54,-30.1));
#8065 = VECTOR('',#8066,1.);
#8066 = DIRECTION('',(0.,0.,1.));
#8067 = ORIENTED_EDGE('',*,*,#8068,.T.);
#8068 = EDGE_CURVE('',#8061,#8014,#8069,.T.);
#8069 = LINE('',#8070,#8071);
#8070 = CARTESIAN_POINT('',(-26.775,-15.47,-29.1));
#8071 = VECTOR('',#8072,1.);
#8072 = DIRECTION('',(-0.,1.,0.));
#8073 = ORIENTED_EDGE('',*,*,#8022,.T.);
#8074 = ORIENTED_EDGE('',*,*,#2304,.F.);
#8075 = PLANE('',#8076);
#8076 = AXIS2_PLACEMENT_3D('',#8077,#8078,#8079);
#8077 = CARTESIAN_POINT('',(-26.775,2.54,-30.1));
#8078 = DIRECTION('',(1.,0.,-0.));
#8079 = DIRECTION('',(0.,0.,1.));
#8080 = ADVANCED_FACE('',(#8081),#8093,.F.);
#8081 = FACE_BOUND('',#8082,.F.);
#8082 = EDGE_LOOP('',(#8083,#8084,#8085,#8086));
#8083 = ORIENTED_EDGE('',*,*,#8036,.T.);
#8084 = ORIENTED_EDGE('',*,*,#2295,.F.);
#8085 = ORIENTED_EDGE('',*,*,#8060,.F.);
#8086 = ORIENTED_EDGE('',*,*,#8087,.T.);
#8087 = EDGE_CURVE('',#8061,#8037,#8088,.T.);
#8088 = CIRCLE('',#8089,1.375);
#8089 = AXIS2_PLACEMENT_3D('',#8090,#8091,#8092);
#8090 = CARTESIAN_POINT('',(-25.4,2.54,-29.1));
#8091 = DIRECTION('',(0.,0.,1.));
#8092 = DIRECTION('',(1.,0.,-0.));
#8093 = CYLINDRICAL_SURFACE('',#8094,1.375);
#8094 = AXIS2_PLACEMENT_3D('',#8095,#8096,#8097);
#8095 = CARTESIAN_POINT('',(-25.4,2.54,-30.1));
#8096 = DIRECTION('',(0.,0.,1.));
#8097 = DIRECTION('',(1.,0.,-0.));
#8098 = ADVANCED_FACE('',(#8099),#8125,.F.);
#8099 = FACE_BOUND('',#8100,.F.);
#8100 = EDGE_LOOP('',(#8101,#8102,#8110,#8119));
#8101 = ORIENTED_EDGE('',*,*,#2312,.F.);
#8102 = ORIENTED_EDGE('',*,*,#8103,.F.);
#8103 = EDGE_CURVE('',#8104,#2313,#8106,.T.);
#8104 = VERTEX_POINT('',#8105);
#8105 = CARTESIAN_POINT('',(-34.185,12.7,-29.1));
#8106 = LINE('',#8107,#8108);
#8107 = CARTESIAN_POINT('',(-34.185,12.7,-30.1));
#8108 = VECTOR('',#8109,1.);
#8109 = DIRECTION('',(0.,0.,1.));
#8110 = ORIENTED_EDGE('',*,*,#8111,.T.);
#8111 = EDGE_CURVE('',#8104,#8112,#8114,.T.);
#8112 = VERTEX_POINT('',#8113);
#8113 = CARTESIAN_POINT('',(-36.935,12.7,-29.1));
#8114 = CIRCLE('',#8115,1.375);
#8115 = AXIS2_PLACEMENT_3D('',#8116,#8117,#8118);
#8116 = CARTESIAN_POINT('',(-35.56,12.7,-29.1));
#8117 = DIRECTION('',(0.,0.,1.));
#8118 = DIRECTION('',(1.,0.,-0.));
#8119 = ORIENTED_EDGE('',*,*,#8120,.T.);
#8120 = EDGE_CURVE('',#8112,#2315,#8121,.T.);
#8121 = LINE('',#8122,#8123);
#8122 = CARTESIAN_POINT('',(-36.935,12.7,-30.1));
#8123 = VECTOR('',#8124,1.);
#8124 = DIRECTION('',(0.,0.,1.));
#8125 = CYLINDRICAL_SURFACE('',#8126,1.375);
#8126 = AXIS2_PLACEMENT_3D('',#8127,#8128,#8129);
#8127 = CARTESIAN_POINT('',(-35.56,12.7,-30.1));
#8128 = DIRECTION('',(0.,0.,1.));
#8129 = DIRECTION('',(1.,0.,-0.));
#8130 = ADVANCED_FACE('',(#8131),#8149,.F.);
#8131 = FACE_BOUND('',#8132,.F.);
#8132 = EDGE_LOOP('',(#8133,#8141,#8147,#8148));
#8133 = ORIENTED_EDGE('',*,*,#8134,.F.);
#8134 = EDGE_CURVE('',#8135,#2324,#8137,.T.);
#8135 = VERTEX_POINT('',#8136);
#8136 = CARTESIAN_POINT('',(-34.185,7.62,-29.1));
#8137 = LINE('',#8138,#8139);
#8138 = CARTESIAN_POINT('',(-34.185,7.62,-30.1));
#8139 = VECTOR('',#8140,1.);
#8140 = DIRECTION('',(0.,0.,1.));
#8141 = ORIENTED_EDGE('',*,*,#8142,.T.);
#8142 = EDGE_CURVE('',#8135,#8104,#8143,.T.);
#8143 = LINE('',#8144,#8145);
#8144 = CARTESIAN_POINT('',(-34.185,-12.93,-29.1));
#8145 = VECTOR('',#8146,1.);
#8146 = DIRECTION('',(-0.,1.,0.));
#8147 = ORIENTED_EDGE('',*,*,#8103,.T.);
#8148 = ORIENTED_EDGE('',*,*,#2323,.F.);
#8149 = PLANE('',#8150);
#8150 = AXIS2_PLACEMENT_3D('',#8151,#8152,#8153);
#8151 = CARTESIAN_POINT('',(-34.185,7.62,-30.1));
#8152 = DIRECTION('',(1.,0.,-0.));
#8153 = DIRECTION('',(0.,0.,1.));
#8154 = ADVANCED_FACE('',(#8155),#8173,.T.);
#8155 = FACE_BOUND('',#8156,.T.);
#8156 = EDGE_LOOP('',(#8157,#8165,#8171,#8172));
#8157 = ORIENTED_EDGE('',*,*,#8158,.F.);
#8158 = EDGE_CURVE('',#8159,#2332,#8161,.T.);
#8159 = VERTEX_POINT('',#8160);
#8160 = CARTESIAN_POINT('',(-36.935,7.62,-29.1));
#8161 = LINE('',#8162,#8163);
#8162 = CARTESIAN_POINT('',(-36.935,7.62,-30.1));
#8163 = VECTOR('',#8164,1.);
#8164 = DIRECTION('',(0.,0.,1.));
#8165 = ORIENTED_EDGE('',*,*,#8166,.T.);
#8166 = EDGE_CURVE('',#8159,#8112,#8167,.T.);
#8167 = LINE('',#8168,#8169);
#8168 = CARTESIAN_POINT('',(-36.935,-12.93,-29.1));
#8169 = VECTOR('',#8170,1.);
#8170 = DIRECTION('',(-0.,1.,0.));
#8171 = ORIENTED_EDGE('',*,*,#8120,.T.);
#8172 = ORIENTED_EDGE('',*,*,#2340,.F.);
#8173 = PLANE('',#8174);
#8174 = AXIS2_PLACEMENT_3D('',#8175,#8176,#8177);
#8175 = CARTESIAN_POINT('',(-36.935,7.62,-30.1));
#8176 = DIRECTION('',(1.,0.,-0.));
#8177 = DIRECTION('',(0.,0.,1.));
#8178 = ADVANCED_FACE('',(#8179),#8191,.F.);
#8179 = FACE_BOUND('',#8180,.F.);
#8180 = EDGE_LOOP('',(#8181,#8182,#8183,#8184));
#8181 = ORIENTED_EDGE('',*,*,#8134,.T.);
#8182 = ORIENTED_EDGE('',*,*,#2331,.F.);
#8183 = ORIENTED_EDGE('',*,*,#8158,.F.);
#8184 = ORIENTED_EDGE('',*,*,#8185,.T.);
#8185 = EDGE_CURVE('',#8159,#8135,#8186,.T.);
#8186 = CIRCLE('',#8187,1.375);
#8187 = AXIS2_PLACEMENT_3D('',#8188,#8189,#8190);
#8188 = CARTESIAN_POINT('',(-35.56,7.62,-29.1));
#8189 = DIRECTION('',(0.,0.,1.));
#8190 = DIRECTION('',(1.,0.,-0.));
#8191 = CYLINDRICAL_SURFACE('',#8192,1.375);
#8192 = AXIS2_PLACEMENT_3D('',#8193,#8194,#8195);
#8193 = CARTESIAN_POINT('',(-35.56,7.62,-30.1));
#8194 = DIRECTION('',(0.,0.,1.));
#8195 = DIRECTION('',(1.,0.,-0.));
#8196 = ADVANCED_FACE('',(#8197),#8223,.F.);
#8197 = FACE_BOUND('',#8198,.F.);
#8198 = EDGE_LOOP('',(#8199,#8200,#8208,#8217));
#8199 = ORIENTED_EDGE('',*,*,#2348,.F.);
#8200 = ORIENTED_EDGE('',*,*,#8201,.F.);
#8201 = EDGE_CURVE('',#8202,#2349,#8204,.T.);
#8202 = VERTEX_POINT('',#8203);
#8203 = CARTESIAN_POINT('',(-30.48,14.075,-29.1));
#8204 = LINE('',#8205,#8206);
#8205 = CARTESIAN_POINT('',(-30.48,14.075,-30.1));
#8206 = VECTOR('',#8207,1.);
#8207 = DIRECTION('',(0.,0.,1.));
#8208 = ORIENTED_EDGE('',*,*,#8209,.T.);
#8209 = EDGE_CURVE('',#8202,#8210,#8212,.T.);
#8210 = VERTEX_POINT('',#8211);
#8211 = CARTESIAN_POINT('',(-30.48,11.325,-29.1));
#8212 = CIRCLE('',#8213,1.375);
#8213 = AXIS2_PLACEMENT_3D('',#8214,#8215,#8216);
#8214 = CARTESIAN_POINT('',(-30.48,12.7,-29.1));
#8215 = DIRECTION('',(0.,0.,1.));
#8216 = DIRECTION('',(1.,0.,-0.));
#8217 = ORIENTED_EDGE('',*,*,#8218,.T.);
#8218 = EDGE_CURVE('',#8210,#2351,#8219,.T.);
#8219 = LINE('',#8220,#8221);
#8220 = CARTESIAN_POINT('',(-30.48,11.325,-30.1));
#8221 = VECTOR('',#8222,1.);
#8222 = DIRECTION('',(0.,0.,1.));
#8223 = CYLINDRICAL_SURFACE('',#8224,1.375);
#8224 = AXIS2_PLACEMENT_3D('',#8225,#8226,#8227);
#8225 = CARTESIAN_POINT('',(-30.48,12.7,-30.1));
#8226 = DIRECTION('',(0.,0.,1.));
#8227 = DIRECTION('',(1.,0.,-0.));
#8228 = ADVANCED_FACE('',(#8229),#8247,.F.);
#8229 = FACE_BOUND('',#8230,.F.);
#8230 = EDGE_LOOP('',(#8231,#8239,#8240,#8241));
#8231 = ORIENTED_EDGE('',*,*,#8232,.T.);
#8232 = EDGE_CURVE('',#8233,#8202,#8235,.T.);
#8233 = VERTEX_POINT('',#8234);
#8234 = CARTESIAN_POINT('',(-25.4,14.075,-29.1));
#8235 = LINE('',#8236,#8237);
#8236 = CARTESIAN_POINT('',(-35.79,14.075,-29.1));
#8237 = VECTOR('',#8238,1.);
#8238 = DIRECTION('',(-1.,-0.,0.));
#8239 = ORIENTED_EDGE('',*,*,#8201,.T.);
#8240 = ORIENTED_EDGE('',*,*,#2359,.F.);
#8241 = ORIENTED_EDGE('',*,*,#8242,.F.);
#8242 = EDGE_CURVE('',#8233,#2360,#8243,.T.);
#8243 = LINE('',#8244,#8245);
#8244 = CARTESIAN_POINT('',(-25.4,14.075,-30.1));
#8245 = VECTOR('',#8246,1.);
#8246 = DIRECTION('',(0.,0.,1.));
#8247 = PLANE('',#8248);
#8248 = AXIS2_PLACEMENT_3D('',#8249,#8250,#8251);
#8249 = CARTESIAN_POINT('',(-30.48,14.075,-30.1));
#8250 = DIRECTION('',(-0.,1.,0.));
#8251 = DIRECTION('',(0.,0.,1.));
#8252 = ADVANCED_FACE('',(#8253),#8271,.T.);
#8253 = FACE_BOUND('',#8254,.T.);
#8254 = EDGE_LOOP('',(#8255,#8263,#8264,#8265));
#8255 = ORIENTED_EDGE('',*,*,#8256,.T.);
#8256 = EDGE_CURVE('',#8257,#8210,#8259,.T.);
#8257 = VERTEX_POINT('',#8258);
#8258 = CARTESIAN_POINT('',(-25.4,11.325,-29.1));
#8259 = LINE('',#8260,#8261);
#8260 = CARTESIAN_POINT('',(-35.79,11.325,-29.1));
#8261 = VECTOR('',#8262,1.);
#8262 = DIRECTION('',(-1.,-0.,0.));
#8263 = ORIENTED_EDGE('',*,*,#8218,.T.);
#8264 = ORIENTED_EDGE('',*,*,#2385,.F.);
#8265 = ORIENTED_EDGE('',*,*,#8266,.F.);
#8266 = EDGE_CURVE('',#8257,#2377,#8267,.T.);
#8267 = LINE('',#8268,#8269);
#8268 = CARTESIAN_POINT('',(-25.4,11.325,-30.1));
#8269 = VECTOR('',#8270,1.);
#8270 = DIRECTION('',(0.,0.,1.));
#8271 = PLANE('',#8272);
#8272 = AXIS2_PLACEMENT_3D('',#8273,#8274,#8275);
#8273 = CARTESIAN_POINT('',(-30.48,11.325,-30.1));
#8274 = DIRECTION('',(-0.,1.,0.));
#8275 = DIRECTION('',(0.,0.,1.));
#8276 = ADVANCED_FACE('',(#8277),#8303,.F.);
#8277 = FACE_BOUND('',#8278,.F.);
#8278 = EDGE_LOOP('',(#8279,#8280,#8288,#8297));
#8279 = ORIENTED_EDGE('',*,*,#2393,.F.);
#8280 = ORIENTED_EDGE('',*,*,#8281,.F.);
#8281 = EDGE_CURVE('',#8282,#2394,#8284,.T.);
#8282 = VERTEX_POINT('',#8283);
#8283 = CARTESIAN_POINT('',(-18.945,12.7,-29.1));
#8284 = LINE('',#8285,#8286);
#8285 = CARTESIAN_POINT('',(-18.945,12.7,-30.1));
#8286 = VECTOR('',#8287,1.);
#8287 = DIRECTION('',(0.,0.,1.));
#8288 = ORIENTED_EDGE('',*,*,#8289,.T.);
#8289 = EDGE_CURVE('',#8282,#8290,#8292,.T.);
#8290 = VERTEX_POINT('',#8291);
#8291 = CARTESIAN_POINT('',(-21.695,12.7,-29.1));
#8292 = CIRCLE('',#8293,1.375);
#8293 = AXIS2_PLACEMENT_3D('',#8294,#8295,#8296);
#8294 = CARTESIAN_POINT('',(-20.32,12.7,-29.1));
#8295 = DIRECTION('',(0.,0.,1.));
#8296 = DIRECTION('',(1.,0.,-0.));
#8297 = ORIENTED_EDGE('',*,*,#8298,.T.);
#8298 = EDGE_CURVE('',#8290,#2396,#8299,.T.);
#8299 = LINE('',#8300,#8301);
#8300 = CARTESIAN_POINT('',(-21.695,12.7,-30.1));
#8301 = VECTOR('',#8302,1.);
#8302 = DIRECTION('',(0.,0.,1.));
#8303 = CYLINDRICAL_SURFACE('',#8304,1.375);
#8304 = AXIS2_PLACEMENT_3D('',#8305,#8306,#8307);
#8305 = CARTESIAN_POINT('',(-20.32,12.7,-30.1));
#8306 = DIRECTION('',(0.,0.,1.));
#8307 = DIRECTION('',(1.,0.,-0.));
#8308 = ADVANCED_FACE('',(#8309),#8327,.F.);
#8309 = FACE_BOUND('',#8310,.F.);
#8310 = EDGE_LOOP('',(#8311,#8319,#8325,#8326));
#8311 = ORIENTED_EDGE('',*,*,#8312,.F.);
#8312 = EDGE_CURVE('',#8313,#2405,#8315,.T.);
#8313 = VERTEX_POINT('',#8314);
#8314 = CARTESIAN_POINT('',(-18.945,7.62,-29.1));
#8315 = LINE('',#8316,#8317);
#8316 = CARTESIAN_POINT('',(-18.945,7.62,-30.1));
#8317 = VECTOR('',#8318,1.);
#8318 = DIRECTION('',(0.,0.,1.));
#8319 = ORIENTED_EDGE('',*,*,#8320,.T.);
#8320 = EDGE_CURVE('',#8313,#8282,#8321,.T.);
#8321 = LINE('',#8322,#8323);
#8322 = CARTESIAN_POINT('',(-18.945,-12.93,-29.1));
#8323 = VECTOR('',#8324,1.);
#8324 = DIRECTION('',(-0.,1.,0.));
#8325 = ORIENTED_EDGE('',*,*,#8281,.T.);
#8326 = ORIENTED_EDGE('',*,*,#2404,.F.);
#8327 = PLANE('',#8328);
#8328 = AXIS2_PLACEMENT_3D('',#8329,#8330,#8331);
#8329 = CARTESIAN_POINT('',(-18.945,7.62,-30.1));
#8330 = DIRECTION('',(1.,0.,-0.));
#8331 = DIRECTION('',(0.,0.,1.));
#8332 = ADVANCED_FACE('',(#8333),#8351,.T.);
#8333 = FACE_BOUND('',#8334,.T.);
#8334 = EDGE_LOOP('',(#8335,#8343,#8349,#8350));
#8335 = ORIENTED_EDGE('',*,*,#8336,.F.);
#8336 = EDGE_CURVE('',#8337,#2413,#8339,.T.);
#8337 = VERTEX_POINT('',#8338);
#8338 = CARTESIAN_POINT('',(-21.695,7.62,-29.1));
#8339 = LINE('',#8340,#8341);
#8340 = CARTESIAN_POINT('',(-21.695,7.62,-30.1));
#8341 = VECTOR('',#8342,1.);
#8342 = DIRECTION('',(0.,0.,1.));
#8343 = ORIENTED_EDGE('',*,*,#8344,.T.);
#8344 = EDGE_CURVE('',#8337,#8290,#8345,.T.);
#8345 = LINE('',#8346,#8347);
#8346 = CARTESIAN_POINT('',(-21.695,-12.93,-29.1));
#8347 = VECTOR('',#8348,1.);
#8348 = DIRECTION('',(-0.,1.,0.));
#8349 = ORIENTED_EDGE('',*,*,#8298,.T.);
#8350 = ORIENTED_EDGE('',*,*,#2421,.F.);
#8351 = PLANE('',#8352);
#8352 = AXIS2_PLACEMENT_3D('',#8353,#8354,#8355);
#8353 = CARTESIAN_POINT('',(-21.695,7.62,-30.1));
#8354 = DIRECTION('',(1.,0.,-0.));
#8355 = DIRECTION('',(0.,0.,1.));
#8356 = ADVANCED_FACE('',(#8357),#8369,.F.);
#8357 = FACE_BOUND('',#8358,.F.);
#8358 = EDGE_LOOP('',(#8359,#8360,#8361,#8362));
#8359 = ORIENTED_EDGE('',*,*,#8312,.T.);
#8360 = ORIENTED_EDGE('',*,*,#2412,.F.);
#8361 = ORIENTED_EDGE('',*,*,#8336,.F.);
#8362 = ORIENTED_EDGE('',*,*,#8363,.T.);
#8363 = EDGE_CURVE('',#8337,#8313,#8364,.T.);
#8364 = CIRCLE('',#8365,1.375);
#8365 = AXIS2_PLACEMENT_3D('',#8366,#8367,#8368);
#8366 = CARTESIAN_POINT('',(-20.32,7.62,-29.1));
#8367 = DIRECTION('',(0.,0.,1.));
#8368 = DIRECTION('',(1.,0.,-0.));
#8369 = CYLINDRICAL_SURFACE('',#8370,1.375);
#8370 = AXIS2_PLACEMENT_3D('',#8371,#8372,#8373);
#8371 = CARTESIAN_POINT('',(-20.32,7.62,-30.1));
#8372 = DIRECTION('',(0.,0.,1.));
#8373 = DIRECTION('',(1.,0.,-0.));
#8374 = ADVANCED_FACE('',(#8375),#8401,.F.);
#8375 = FACE_BOUND('',#8376,.F.);
#8376 = EDGE_LOOP('',(#8377,#8378,#8386,#8395));
#8377 = ORIENTED_EDGE('',*,*,#2429,.F.);
#8378 = ORIENTED_EDGE('',*,*,#8379,.F.);
#8379 = EDGE_CURVE('',#8380,#2430,#8382,.T.);
#8380 = VERTEX_POINT('',#8381);
#8381 = CARTESIAN_POINT('',(-30.48,29.315,-29.1));
#8382 = LINE('',#8383,#8384);
#8383 = CARTESIAN_POINT('',(-30.48,29.315,-30.1));
#8384 = VECTOR('',#8385,1.);
#8385 = DIRECTION('',(0.,0.,1.));
#8386 = ORIENTED_EDGE('',*,*,#8387,.T.);
#8387 = EDGE_CURVE('',#8380,#8388,#8390,.T.);
#8388 = VERTEX_POINT('',#8389);
#8389 = CARTESIAN_POINT('',(-30.48,26.565,-29.1));
#8390 = CIRCLE('',#8391,1.375);
#8391 = AXIS2_PLACEMENT_3D('',#8392,#8393,#8394);
#8392 = CARTESIAN_POINT('',(-30.48,27.94,-29.1));
#8393 = DIRECTION('',(0.,0.,1.));
#8394 = DIRECTION('',(1.,0.,-0.));
#8395 = ORIENTED_EDGE('',*,*,#8396,.T.);
#8396 = EDGE_CURVE('',#8388,#2432,#8397,.T.);
#8397 = LINE('',#8398,#8399);
#8398 = CARTESIAN_POINT('',(-30.48,26.565,-30.1));
#8399 = VECTOR('',#8400,1.);
#8400 = DIRECTION('',(0.,0.,1.));
#8401 = CYLINDRICAL_SURFACE('',#8402,1.375);
#8402 = AXIS2_PLACEMENT_3D('',#8403,#8404,#8405);
#8403 = CARTESIAN_POINT('',(-30.48,27.94,-30.1));
#8404 = DIRECTION('',(0.,0.,1.));
#8405 = DIRECTION('',(1.,0.,-0.));
#8406 = ADVANCED_FACE('',(#8407),#8425,.F.);
#8407 = FACE_BOUND('',#8408,.F.);
#8408 = EDGE_LOOP('',(#8409,#8417,#8418,#8419));
#8409 = ORIENTED_EDGE('',*,*,#8410,.T.);
#8410 = EDGE_CURVE('',#8411,#8380,#8413,.T.);
#8411 = VERTEX_POINT('',#8412);
#8412 = CARTESIAN_POINT('',(-25.4,29.315,-29.1));
#8413 = LINE('',#8414,#8415);
#8414 = CARTESIAN_POINT('',(-35.79,29.315,-29.1));
#8415 = VECTOR('',#8416,1.);
#8416 = DIRECTION('',(-1.,-0.,0.));
#8417 = ORIENTED_EDGE('',*,*,#8379,.T.);
#8418 = ORIENTED_EDGE('',*,*,#2440,.F.);
#8419 = ORIENTED_EDGE('',*,*,#8420,.F.);
#8420 = EDGE_CURVE('',#8411,#2441,#8421,.T.);
#8421 = LINE('',#8422,#8423);
#8422 = CARTESIAN_POINT('',(-25.4,29.315,-30.1));
#8423 = VECTOR('',#8424,1.);
#8424 = DIRECTION('',(0.,0.,1.));
#8425 = PLANE('',#8426);
#8426 = AXIS2_PLACEMENT_3D('',#8427,#8428,#8429);
#8427 = CARTESIAN_POINT('',(-30.48,29.315,-30.1));
#8428 = DIRECTION('',(-0.,1.,0.));
#8429 = DIRECTION('',(0.,0.,1.));
#8430 = ADVANCED_FACE('',(#8431),#8449,.T.);
#8431 = FACE_BOUND('',#8432,.T.);
#8432 = EDGE_LOOP('',(#8433,#8441,#8442,#8443));
#8433 = ORIENTED_EDGE('',*,*,#8434,.T.);
#8434 = EDGE_CURVE('',#8435,#8388,#8437,.T.);
#8435 = VERTEX_POINT('',#8436);
#8436 = CARTESIAN_POINT('',(-25.4,26.565,-29.1));
#8437 = LINE('',#8438,#8439);
#8438 = CARTESIAN_POINT('',(-35.79,26.565,-29.1));
#8439 = VECTOR('',#8440,1.);
#8440 = DIRECTION('',(-1.,-0.,0.));
#8441 = ORIENTED_EDGE('',*,*,#8396,.T.);
#8442 = ORIENTED_EDGE('',*,*,#2466,.F.);
#8443 = ORIENTED_EDGE('',*,*,#8444,.F.);
#8444 = EDGE_CURVE('',#8435,#2458,#8445,.T.);
#8445 = LINE('',#8446,#8447);
#8446 = CARTESIAN_POINT('',(-25.4,26.565,-30.1));
#8447 = VECTOR('',#8448,1.);
#8448 = DIRECTION('',(0.,0.,1.));
#8449 = PLANE('',#8450);
#8450 = AXIS2_PLACEMENT_3D('',#8451,#8452,#8453);
#8451 = CARTESIAN_POINT('',(-30.48,26.565,-30.1));
#8452 = DIRECTION('',(-0.,1.,0.));
#8453 = DIRECTION('',(0.,0.,1.));
#8454 = ADVANCED_FACE('',(#8455),#8481,.F.);
#8455 = FACE_BOUND('',#8456,.F.);
#8456 = EDGE_LOOP('',(#8457,#8458,#8466,#8475));
#8457 = ORIENTED_EDGE('',*,*,#2474,.F.);
#8458 = ORIENTED_EDGE('',*,*,#8459,.F.);
#8459 = EDGE_CURVE('',#8460,#2475,#8462,.T.);
#8460 = VERTEX_POINT('',#8461);
#8461 = CARTESIAN_POINT('',(-20.32,19.155,-29.1));
#8462 = LINE('',#8463,#8464);
#8463 = CARTESIAN_POINT('',(-20.32,19.155,-30.1));
#8464 = VECTOR('',#8465,1.);
#8465 = DIRECTION('',(0.,0.,1.));
#8466 = ORIENTED_EDGE('',*,*,#8467,.T.);
#8467 = EDGE_CURVE('',#8460,#8468,#8470,.T.);
#8468 = VERTEX_POINT('',#8469);
#8469 = CARTESIAN_POINT('',(-20.32,16.405,-29.1));
#8470 = CIRCLE('',#8471,1.375);
#8471 = AXIS2_PLACEMENT_3D('',#8472,#8473,#8474);
#8472 = CARTESIAN_POINT('',(-20.32,17.78,-29.1));
#8473 = DIRECTION('',(0.,0.,1.));
#8474 = DIRECTION('',(1.,0.,-0.));
#8475 = ORIENTED_EDGE('',*,*,#8476,.T.);
#8476 = EDGE_CURVE('',#8468,#2477,#8477,.T.);
#8477 = LINE('',#8478,#8479);
#8478 = CARTESIAN_POINT('',(-20.32,16.405,-30.1));
#8479 = VECTOR('',#8480,1.);
#8480 = DIRECTION('',(0.,0.,1.));
#8481 = CYLINDRICAL_SURFACE('',#8482,1.375);
#8482 = AXIS2_PLACEMENT_3D('',#8483,#8484,#8485);
#8483 = CARTESIAN_POINT('',(-20.32,17.78,-30.1));
#8484 = DIRECTION('',(0.,0.,1.));
#8485 = DIRECTION('',(1.,0.,-0.));
#8486 = ADVANCED_FACE('',(#8487),#8505,.F.);
#8487 = FACE_BOUND('',#8488,.F.);
#8488 = EDGE_LOOP('',(#8489,#8497,#8498,#8499));
#8489 = ORIENTED_EDGE('',*,*,#8490,.T.);
#8490 = EDGE_CURVE('',#8491,#8460,#8493,.T.);
#8491 = VERTEX_POINT('',#8492);
#8492 = CARTESIAN_POINT('',(-15.24,19.155,-29.1));
#8493 = LINE('',#8494,#8495);
#8494 = CARTESIAN_POINT('',(-30.71,19.155,-29.1));
#8495 = VECTOR('',#8496,1.);
#8496 = DIRECTION('',(-1.,-0.,0.));
#8497 = ORIENTED_EDGE('',*,*,#8459,.T.);
#8498 = ORIENTED_EDGE('',*,*,#2485,.F.);
#8499 = ORIENTED_EDGE('',*,*,#8500,.F.);
#8500 = EDGE_CURVE('',#8491,#2486,#8501,.T.);
#8501 = LINE('',#8502,#8503);
#8502 = CARTESIAN_POINT('',(-15.24,19.155,-30.1));
#8503 = VECTOR('',#8504,1.);
#8504 = DIRECTION('',(0.,0.,1.));
#8505 = PLANE('',#8506);
#8506 = AXIS2_PLACEMENT_3D('',#8507,#8508,#8509);
#8507 = CARTESIAN_POINT('',(-20.32,19.155,-30.1));
#8508 = DIRECTION('',(-0.,1.,0.));
#8509 = DIRECTION('',(0.,0.,1.));
#8510 = ADVANCED_FACE('',(#8511),#8529,.T.);
#8511 = FACE_BOUND('',#8512,.T.);
#8512 = EDGE_LOOP('',(#8513,#8521,#8522,#8523));
#8513 = ORIENTED_EDGE('',*,*,#8514,.T.);
#8514 = EDGE_CURVE('',#8515,#8468,#8517,.T.);
#8515 = VERTEX_POINT('',#8516);
#8516 = CARTESIAN_POINT('',(-15.24,16.405,-29.1));
#8517 = LINE('',#8518,#8519);
#8518 = CARTESIAN_POINT('',(-30.71,16.405,-29.1));
#8519 = VECTOR('',#8520,1.);
#8520 = DIRECTION('',(-1.,-0.,0.));
#8521 = ORIENTED_EDGE('',*,*,#8476,.T.);
#8522 = ORIENTED_EDGE('',*,*,#2511,.F.);
#8523 = ORIENTED_EDGE('',*,*,#8524,.F.);
#8524 = EDGE_CURVE('',#8515,#2503,#8525,.T.);
#8525 = LINE('',#8526,#8527);
#8526 = CARTESIAN_POINT('',(-15.24,16.405,-30.1));
#8527 = VECTOR('',#8528,1.);
#8528 = DIRECTION('',(0.,0.,1.));
#8529 = PLANE('',#8530);
#8530 = AXIS2_PLACEMENT_3D('',#8531,#8532,#8533);
#8531 = CARTESIAN_POINT('',(-20.32,16.405,-30.1));
#8532 = DIRECTION('',(-0.,1.,0.));
#8533 = DIRECTION('',(0.,0.,1.));
#8534 = ADVANCED_FACE('',(#8535),#8561,.F.);
#8535 = FACE_BOUND('',#8536,.F.);
#8536 = EDGE_LOOP('',(#8537,#8538,#8546,#8555));
#8537 = ORIENTED_EDGE('',*,*,#2519,.F.);
#8538 = ORIENTED_EDGE('',*,*,#8539,.F.);
#8539 = EDGE_CURVE('',#8540,#2520,#8542,.T.);
#8540 = VERTEX_POINT('',#8541);
#8541 = CARTESIAN_POINT('',(-5.08,19.155,-29.1));
#8542 = LINE('',#8543,#8544);
#8543 = CARTESIAN_POINT('',(-5.08,19.155,-30.1));
#8544 = VECTOR('',#8545,1.);
#8545 = DIRECTION('',(0.,0.,1.));
#8546 = ORIENTED_EDGE('',*,*,#8547,.T.);
#8547 = EDGE_CURVE('',#8540,#8548,#8550,.T.);
#8548 = VERTEX_POINT('',#8549);
#8549 = CARTESIAN_POINT('',(-5.08,16.405,-29.1));
#8550 = CIRCLE('',#8551,1.375);
#8551 = AXIS2_PLACEMENT_3D('',#8552,#8553,#8554);
#8552 = CARTESIAN_POINT('',(-5.08,17.78,-29.1));
#8553 = DIRECTION('',(0.,0.,1.));
#8554 = DIRECTION('',(1.,0.,-0.));
#8555 = ORIENTED_EDGE('',*,*,#8556,.T.);
#8556 = EDGE_CURVE('',#8548,#2522,#8557,.T.);
#8557 = LINE('',#8558,#8559);
#8558 = CARTESIAN_POINT('',(-5.08,16.405,-30.1));
#8559 = VECTOR('',#8560,1.);
#8560 = DIRECTION('',(0.,0.,1.));
#8561 = CYLINDRICAL_SURFACE('',#8562,1.375);
#8562 = AXIS2_PLACEMENT_3D('',#8563,#8564,#8565);
#8563 = CARTESIAN_POINT('',(-5.08,17.78,-30.1));
#8564 = DIRECTION('',(0.,0.,1.));
#8565 = DIRECTION('',(1.,0.,-0.));
#8566 = ADVANCED_FACE('',(#8567),#8585,.F.);
#8567 = FACE_BOUND('',#8568,.F.);
#8568 = EDGE_LOOP('',(#8569,#8577,#8578,#8579));
#8569 = ORIENTED_EDGE('',*,*,#8570,.T.);
#8570 = EDGE_CURVE('',#8571,#8540,#8573,.T.);
#8571 = VERTEX_POINT('',#8572);
#8572 = CARTESIAN_POINT('',(7.105427357601E-15,19.155,-29.1));
#8573 = LINE('',#8574,#8575);
#8574 = CARTESIAN_POINT('',(-23.09,19.155,-29.1));
#8575 = VECTOR('',#8576,1.);
#8576 = DIRECTION('',(-1.,-0.,0.));
#8577 = ORIENTED_EDGE('',*,*,#8539,.T.);
#8578 = ORIENTED_EDGE('',*,*,#2530,.F.);
#8579 = ORIENTED_EDGE('',*,*,#8580,.F.);
#8580 = EDGE_CURVE('',#8571,#2531,#8581,.T.);
#8581 = LINE('',#8582,#8583);
#8582 = CARTESIAN_POINT('',(7.105427357601E-15,19.155,-30.1));
#8583 = VECTOR('',#8584,1.);
#8584 = DIRECTION('',(0.,0.,1.));
#8585 = PLANE('',#8586);
#8586 = AXIS2_PLACEMENT_3D('',#8587,#8588,#8589);
#8587 = CARTESIAN_POINT('',(-5.08,19.155,-30.1));
#8588 = DIRECTION('',(-0.,1.,0.));
#8589 = DIRECTION('',(0.,0.,1.));
#8590 = ADVANCED_FACE('',(#8591),#8609,.T.);
#8591 = FACE_BOUND('',#8592,.T.);
#8592 = EDGE_LOOP('',(#8593,#8601,#8602,#8603));
#8593 = ORIENTED_EDGE('',*,*,#8594,.T.);
#8594 = EDGE_CURVE('',#8595,#8548,#8597,.T.);
#8595 = VERTEX_POINT('',#8596);
#8596 = CARTESIAN_POINT('',(7.105427357601E-15,16.405,-29.1));
#8597 = LINE('',#8598,#8599);
#8598 = CARTESIAN_POINT('',(-23.09,16.405,-29.1));
#8599 = VECTOR('',#8600,1.);
#8600 = DIRECTION('',(-1.,-0.,0.));
#8601 = ORIENTED_EDGE('',*,*,#8556,.T.);
#8602 = ORIENTED_EDGE('',*,*,#2556,.F.);
#8603 = ORIENTED_EDGE('',*,*,#8604,.F.);
#8604 = EDGE_CURVE('',#8595,#2548,#8605,.T.);
#8605 = LINE('',#8606,#8607);
#8606 = CARTESIAN_POINT('',(7.105427357601E-15,16.405,-30.1));
#8607 = VECTOR('',#8608,1.);
#8608 = DIRECTION('',(0.,0.,1.));
#8609 = PLANE('',#8610);
#8610 = AXIS2_PLACEMENT_3D('',#8611,#8612,#8613);
#8611 = CARTESIAN_POINT('',(-5.08,16.405,-30.1));
#8612 = DIRECTION('',(-0.,1.,0.));
#8613 = DIRECTION('',(0.,0.,1.));
#8614 = ADVANCED_FACE('',(#8615),#8641,.F.);
#8615 = FACE_BOUND('',#8616,.F.);
#8616 = EDGE_LOOP('',(#8617,#8618,#8626,#8635));
#8617 = ORIENTED_EDGE('',*,*,#2564,.F.);
#8618 = ORIENTED_EDGE('',*,*,#8619,.F.);
#8619 = EDGE_CURVE('',#8620,#2565,#8622,.T.);
#8620 = VERTEX_POINT('',#8621);
#8621 = CARTESIAN_POINT('',(7.105427357601E-15,14.075,-29.1));
#8622 = LINE('',#8623,#8624);
#8623 = CARTESIAN_POINT('',(7.105427357601E-15,14.075,-30.1));
#8624 = VECTOR('',#8625,1.);
#8625 = DIRECTION('',(0.,0.,1.));
#8626 = ORIENTED_EDGE('',*,*,#8627,.T.);
#8627 = EDGE_CURVE('',#8620,#8628,#8630,.T.);
#8628 = VERTEX_POINT('',#8629);
#8629 = CARTESIAN_POINT('',(7.105427357601E-15,11.325,-29.1));
#8630 = CIRCLE('',#8631,1.375);
#8631 = AXIS2_PLACEMENT_3D('',#8632,#8633,#8634);
#8632 = CARTESIAN_POINT('',(7.105427357601E-15,12.7,-29.1));
#8633 = DIRECTION('',(0.,0.,1.));
#8634 = DIRECTION('',(1.,0.,-0.));
#8635 = ORIENTED_EDGE('',*,*,#8636,.T.);
#8636 = EDGE_CURVE('',#8628,#2567,#8637,.T.);
#8637 = LINE('',#8638,#8639);
#8638 = CARTESIAN_POINT('',(7.105427357601E-15,11.325,-30.1));
#8639 = VECTOR('',#8640,1.);
#8640 = DIRECTION('',(0.,0.,1.));
#8641 = CYLINDRICAL_SURFACE('',#8642,1.375);
#8642 = AXIS2_PLACEMENT_3D('',#8643,#8644,#8645);
#8643 = CARTESIAN_POINT('',(7.105427357601E-15,12.7,-30.1));
#8644 = DIRECTION('',(0.,0.,1.));
#8645 = DIRECTION('',(1.,0.,-0.));
#8646 = ADVANCED_FACE('',(#8647),#8665,.F.);
#8647 = FACE_BOUND('',#8648,.F.);
#8648 = EDGE_LOOP('',(#8649,#8657,#8658,#8659));
#8649 = ORIENTED_EDGE('',*,*,#8650,.T.);
#8650 = EDGE_CURVE('',#8651,#8620,#8653,.T.);
#8651 = VERTEX_POINT('',#8652);
#8652 = CARTESIAN_POINT('',(5.08,14.075,-29.1));
#8653 = LINE('',#8654,#8655);
#8654 = CARTESIAN_POINT('',(-20.55,14.075,-29.1));
#8655 = VECTOR('',#8656,1.);
#8656 = DIRECTION('',(-1.,-0.,0.));
#8657 = ORIENTED_EDGE('',*,*,#8619,.T.);
#8658 = ORIENTED_EDGE('',*,*,#2575,.F.);
#8659 = ORIENTED_EDGE('',*,*,#8660,.F.);
#8660 = EDGE_CURVE('',#8651,#2576,#8661,.T.);
#8661 = LINE('',#8662,#8663);
#8662 = CARTESIAN_POINT('',(5.08,14.075,-30.1));
#8663 = VECTOR('',#8664,1.);
#8664 = DIRECTION('',(0.,0.,1.));
#8665 = PLANE('',#8666);
#8666 = AXIS2_PLACEMENT_3D('',#8667,#8668,#8669);
#8667 = CARTESIAN_POINT('',(7.105427357601E-15,14.075,-30.1));
#8668 = DIRECTION('',(-0.,1.,0.));
#8669 = DIRECTION('',(0.,0.,1.));
#8670 = ADVANCED_FACE('',(#8671),#8689,.T.);
#8671 = FACE_BOUND('',#8672,.T.);
#8672 = EDGE_LOOP('',(#8673,#8681,#8682,#8683));
#8673 = ORIENTED_EDGE('',*,*,#8674,.T.);
#8674 = EDGE_CURVE('',#8675,#8628,#8677,.T.);
#8675 = VERTEX_POINT('',#8676);
#8676 = CARTESIAN_POINT('',(5.08,11.325,-29.1));
#8677 = LINE('',#8678,#8679);
#8678 = CARTESIAN_POINT('',(-20.55,11.325,-29.1));
#8679 = VECTOR('',#8680,1.);
#8680 = DIRECTION('',(-1.,-0.,0.));
#8681 = ORIENTED_EDGE('',*,*,#8636,.T.);
#8682 = ORIENTED_EDGE('',*,*,#2601,.F.);
#8683 = ORIENTED_EDGE('',*,*,#8684,.F.);
#8684 = EDGE_CURVE('',#8675,#2593,#8685,.T.);
#8685 = LINE('',#8686,#8687);
#8686 = CARTESIAN_POINT('',(5.08,11.325,-30.1));
#8687 = VECTOR('',#8688,1.);
#8688 = DIRECTION('',(0.,0.,1.));
#8689 = PLANE('',#8690);
#8690 = AXIS2_PLACEMENT_3D('',#8691,#8692,#8693);
#8691 = CARTESIAN_POINT('',(7.105427357601E-15,11.325,-30.1));
#8692 = DIRECTION('',(-0.,1.,0.));
#8693 = DIRECTION('',(0.,0.,1.));
#8694 = ADVANCED_FACE('',(#8695),#8721,.F.);
#8695 = FACE_BOUND('',#8696,.F.);
#8696 = EDGE_LOOP('',(#8697,#8698,#8706,#8715));
#8697 = ORIENTED_EDGE('',*,*,#2609,.F.);
#8698 = ORIENTED_EDGE('',*,*,#8699,.F.);
#8699 = EDGE_CURVE('',#8700,#2610,#8702,.T.);
#8700 = VERTEX_POINT('',#8701);
#8701 = CARTESIAN_POINT('',(11.535,12.7,-29.1));
#8702 = LINE('',#8703,#8704);
#8703 = CARTESIAN_POINT('',(11.535,12.7,-30.1));
#8704 = VECTOR('',#8705,1.);
#8705 = DIRECTION('',(0.,0.,1.));
#8706 = ORIENTED_EDGE('',*,*,#8707,.T.);
#8707 = EDGE_CURVE('',#8700,#8708,#8710,.T.);
#8708 = VERTEX_POINT('',#8709);
#8709 = CARTESIAN_POINT('',(8.785,12.7,-29.1));
#8710 = CIRCLE('',#8711,1.375);
#8711 = AXIS2_PLACEMENT_3D('',#8712,#8713,#8714);
#8712 = CARTESIAN_POINT('',(10.16,12.7,-29.1));
#8713 = DIRECTION('',(0.,0.,1.));
#8714 = DIRECTION('',(1.,0.,-0.));
#8715 = ORIENTED_EDGE('',*,*,#8716,.T.);
#8716 = EDGE_CURVE('',#8708,#2612,#8717,.T.);
#8717 = LINE('',#8718,#8719);
#8718 = CARTESIAN_POINT('',(8.785,12.7,-30.1));
#8719 = VECTOR('',#8720,1.);
#8720 = DIRECTION('',(0.,0.,1.));
#8721 = CYLINDRICAL_SURFACE('',#8722,1.375);
#8722 = AXIS2_PLACEMENT_3D('',#8723,#8724,#8725);
#8723 = CARTESIAN_POINT('',(10.16,12.7,-30.1));
#8724 = DIRECTION('',(0.,0.,1.));
#8725 = DIRECTION('',(1.,0.,-0.));
#8726 = ADVANCED_FACE('',(#8727),#8745,.F.);
#8727 = FACE_BOUND('',#8728,.F.);
#8728 = EDGE_LOOP('',(#8729,#8737,#8743,#8744));
#8729 = ORIENTED_EDGE('',*,*,#8730,.F.);
#8730 = EDGE_CURVE('',#8731,#2621,#8733,.T.);
#8731 = VERTEX_POINT('',#8732);
#8732 = CARTESIAN_POINT('',(11.535,7.62,-29.1));
#8733 = LINE('',#8734,#8735);
#8734 = CARTESIAN_POINT('',(11.535,7.62,-30.1));
#8735 = VECTOR('',#8736,1.);
#8736 = DIRECTION('',(0.,0.,1.));
#8737 = ORIENTED_EDGE('',*,*,#8738,.T.);
#8738 = EDGE_CURVE('',#8731,#8700,#8739,.T.);
#8739 = LINE('',#8740,#8741);
#8740 = CARTESIAN_POINT('',(11.535,-12.93,-29.1));
#8741 = VECTOR('',#8742,1.);
#8742 = DIRECTION('',(-0.,1.,0.));
#8743 = ORIENTED_EDGE('',*,*,#8699,.T.);
#8744 = ORIENTED_EDGE('',*,*,#2620,.F.);
#8745 = PLANE('',#8746);
#8746 = AXIS2_PLACEMENT_3D('',#8747,#8748,#8749);
#8747 = CARTESIAN_POINT('',(11.535,7.62,-30.1));
#8748 = DIRECTION('',(1.,0.,-0.));
#8749 = DIRECTION('',(0.,0.,1.));
#8750 = ADVANCED_FACE('',(#8751),#8769,.T.);
#8751 = FACE_BOUND('',#8752,.T.);
#8752 = EDGE_LOOP('',(#8753,#8761,#8767,#8768));
#8753 = ORIENTED_EDGE('',*,*,#8754,.F.);
#8754 = EDGE_CURVE('',#8755,#2629,#8757,.T.);
#8755 = VERTEX_POINT('',#8756);
#8756 = CARTESIAN_POINT('',(8.785,7.62,-29.1));
#8757 = LINE('',#8758,#8759);
#8758 = CARTESIAN_POINT('',(8.785,7.62,-30.1));
#8759 = VECTOR('',#8760,1.);
#8760 = DIRECTION('',(0.,0.,1.));
#8761 = ORIENTED_EDGE('',*,*,#8762,.T.);
#8762 = EDGE_CURVE('',#8755,#8708,#8763,.T.);
#8763 = LINE('',#8764,#8765);
#8764 = CARTESIAN_POINT('',(8.785,-12.93,-29.1));
#8765 = VECTOR('',#8766,1.);
#8766 = DIRECTION('',(-0.,1.,0.));
#8767 = ORIENTED_EDGE('',*,*,#8716,.T.);
#8768 = ORIENTED_EDGE('',*,*,#2637,.F.);
#8769 = PLANE('',#8770);
#8770 = AXIS2_PLACEMENT_3D('',#8771,#8772,#8773);
#8771 = CARTESIAN_POINT('',(8.785,7.62,-30.1));
#8772 = DIRECTION('',(1.,0.,-0.));
#8773 = DIRECTION('',(0.,0.,1.));
#8774 = ADVANCED_FACE('',(#8775),#8787,.F.);
#8775 = FACE_BOUND('',#8776,.F.);
#8776 = EDGE_LOOP('',(#8777,#8778,#8779,#8780));
#8777 = ORIENTED_EDGE('',*,*,#8730,.T.);
#8778 = ORIENTED_EDGE('',*,*,#2628,.F.);
#8779 = ORIENTED_EDGE('',*,*,#8754,.F.);
#8780 = ORIENTED_EDGE('',*,*,#8781,.T.);
#8781 = EDGE_CURVE('',#8755,#8731,#8782,.T.);
#8782 = CIRCLE('',#8783,1.375);
#8783 = AXIS2_PLACEMENT_3D('',#8784,#8785,#8786);
#8784 = CARTESIAN_POINT('',(10.16,7.62,-29.1));
#8785 = DIRECTION('',(0.,0.,1.));
#8786 = DIRECTION('',(1.,0.,-0.));
#8787 = CYLINDRICAL_SURFACE('',#8788,1.375);
#8788 = AXIS2_PLACEMENT_3D('',#8789,#8790,#8791);
#8789 = CARTESIAN_POINT('',(10.16,7.62,-30.1));
#8790 = DIRECTION('',(0.,0.,1.));
#8791 = DIRECTION('',(1.,0.,-0.));
#8792 = ADVANCED_FACE('',(#8793),#8819,.F.);
#8793 = FACE_BOUND('',#8794,.F.);
#8794 = EDGE_LOOP('',(#8795,#8796,#8804,#8813));
#8795 = ORIENTED_EDGE('',*,*,#2645,.F.);
#8796 = ORIENTED_EDGE('',*,*,#8797,.F.);
#8797 = EDGE_CURVE('',#8798,#2646,#8800,.T.);
#8798 = VERTEX_POINT('',#8799);
#8799 = CARTESIAN_POINT('',(36.935,7.62,-29.1));
#8800 = LINE('',#8801,#8802);
#8801 = CARTESIAN_POINT('',(36.935,7.62,-30.1));
#8802 = VECTOR('',#8803,1.);
#8803 = DIRECTION('',(0.,0.,1.));
#8804 = ORIENTED_EDGE('',*,*,#8805,.T.);
#8805 = EDGE_CURVE('',#8798,#8806,#8808,.T.);
#8806 = VERTEX_POINT('',#8807);
#8807 = CARTESIAN_POINT('',(34.185,7.62,-29.1));
#8808 = CIRCLE('',#8809,1.375);
#8809 = AXIS2_PLACEMENT_3D('',#8810,#8811,#8812);
#8810 = CARTESIAN_POINT('',(35.56,7.62,-29.1));
#8811 = DIRECTION('',(0.,0.,1.));
#8812 = DIRECTION('',(1.,0.,-0.));
#8813 = ORIENTED_EDGE('',*,*,#8814,.T.);
#8814 = EDGE_CURVE('',#8806,#2648,#8815,.T.);
#8815 = LINE('',#8816,#8817);
#8816 = CARTESIAN_POINT('',(34.185,7.62,-30.1));
#8817 = VECTOR('',#8818,1.);
#8818 = DIRECTION('',(0.,0.,1.));
#8819 = CYLINDRICAL_SURFACE('',#8820,1.375);
#8820 = AXIS2_PLACEMENT_3D('',#8821,#8822,#8823);
#8821 = CARTESIAN_POINT('',(35.56,7.62,-30.1));
#8822 = DIRECTION('',(0.,0.,1.));
#8823 = DIRECTION('',(1.,0.,-0.));
#8824 = ADVANCED_FACE('',(#8825),#8843,.F.);
#8825 = FACE_BOUND('',#8826,.F.);
#8826 = EDGE_LOOP('',(#8827,#8835,#8841,#8842));
#8827 = ORIENTED_EDGE('',*,*,#8828,.F.);
#8828 = EDGE_CURVE('',#8829,#2657,#8831,.T.);
#8829 = VERTEX_POINT('',#8830);
#8830 = CARTESIAN_POINT('',(36.935,2.54,-29.1));
#8831 = LINE('',#8832,#8833);
#8832 = CARTESIAN_POINT('',(36.935,2.54,-30.1));
#8833 = VECTOR('',#8834,1.);
#8834 = DIRECTION('',(0.,0.,1.));
#8835 = ORIENTED_EDGE('',*,*,#8836,.T.);
#8836 = EDGE_CURVE('',#8829,#8798,#8837,.T.);
#8837 = LINE('',#8838,#8839);
#8838 = CARTESIAN_POINT('',(36.935,-15.47,-29.1));
#8839 = VECTOR('',#8840,1.);
#8840 = DIRECTION('',(-0.,1.,0.));
#8841 = ORIENTED_EDGE('',*,*,#8797,.T.);
#8842 = ORIENTED_EDGE('',*,*,#2656,.F.);
#8843 = PLANE('',#8844);
#8844 = AXIS2_PLACEMENT_3D('',#8845,#8846,#8847);
#8845 = CARTESIAN_POINT('',(36.935,2.54,-30.1));
#8846 = DIRECTION('',(1.,0.,-0.));
#8847 = DIRECTION('',(0.,0.,1.));
#8848 = ADVANCED_FACE('',(#8849),#8867,.T.);
#8849 = FACE_BOUND('',#8850,.T.);
#8850 = EDGE_LOOP('',(#8851,#8859,#8865,#8866));
#8851 = ORIENTED_EDGE('',*,*,#8852,.F.);
#8852 = EDGE_CURVE('',#8853,#2665,#8855,.T.);
#8853 = VERTEX_POINT('',#8854);
#8854 = CARTESIAN_POINT('',(34.185,2.54,-29.1));
#8855 = LINE('',#8856,#8857);
#8856 = CARTESIAN_POINT('',(34.185,2.54,-30.1));
#8857 = VECTOR('',#8858,1.);
#8858 = DIRECTION('',(0.,0.,1.));
#8859 = ORIENTED_EDGE('',*,*,#8860,.T.);
#8860 = EDGE_CURVE('',#8853,#8806,#8861,.T.);
#8861 = LINE('',#8862,#8863);
#8862 = CARTESIAN_POINT('',(34.185,-15.47,-29.1));
#8863 = VECTOR('',#8864,1.);
#8864 = DIRECTION('',(-0.,1.,0.));
#8865 = ORIENTED_EDGE('',*,*,#8814,.T.);
#8866 = ORIENTED_EDGE('',*,*,#2673,.F.);
#8867 = PLANE('',#8868);
#8868 = AXIS2_PLACEMENT_3D('',#8869,#8870,#8871);
#8869 = CARTESIAN_POINT('',(34.185,2.54,-30.1));
#8870 = DIRECTION('',(1.,0.,-0.));
#8871 = DIRECTION('',(0.,0.,1.));
#8872 = ADVANCED_FACE('',(#8873),#8885,.F.);
#8873 = FACE_BOUND('',#8874,.F.);
#8874 = EDGE_LOOP('',(#8875,#8876,#8877,#8878));
#8875 = ORIENTED_EDGE('',*,*,#8828,.T.);
#8876 = ORIENTED_EDGE('',*,*,#2664,.F.);
#8877 = ORIENTED_EDGE('',*,*,#8852,.F.);
#8878 = ORIENTED_EDGE('',*,*,#8879,.T.);
#8879 = EDGE_CURVE('',#8853,#8829,#8880,.T.);
#8880 = CIRCLE('',#8881,1.375);
#8881 = AXIS2_PLACEMENT_3D('',#8882,#8883,#8884);
#8882 = CARTESIAN_POINT('',(35.56,2.54,-29.1));
#8883 = DIRECTION('',(0.,0.,1.));
#8884 = DIRECTION('',(1.,0.,-0.));
#8885 = CYLINDRICAL_SURFACE('',#8886,1.375);
#8886 = AXIS2_PLACEMENT_3D('',#8887,#8888,#8889);
#8887 = CARTESIAN_POINT('',(35.56,2.54,-30.1));
#8888 = DIRECTION('',(0.,0.,1.));
#8889 = DIRECTION('',(1.,0.,-0.));
#8890 = ADVANCED_FACE('',(#8891),#8917,.F.);
#8891 = FACE_BOUND('',#8892,.F.);
#8892 = EDGE_LOOP('',(#8893,#8894,#8902,#8911));
#8893 = ORIENTED_EDGE('',*,*,#2681,.F.);
#8894 = ORIENTED_EDGE('',*,*,#8895,.F.);
#8895 = EDGE_CURVE('',#8896,#2682,#8898,.T.);
#8896 = VERTEX_POINT('',#8897);
#8897 = CARTESIAN_POINT('',(25.4,3.915,-29.1));
#8898 = LINE('',#8899,#8900);
#8899 = CARTESIAN_POINT('',(25.4,3.915,-30.1));
#8900 = VECTOR('',#8901,1.);
#8901 = DIRECTION('',(0.,0.,1.));
#8902 = ORIENTED_EDGE('',*,*,#8903,.T.);
#8903 = EDGE_CURVE('',#8896,#8904,#8906,.T.);
#8904 = VERTEX_POINT('',#8905);
#8905 = CARTESIAN_POINT('',(25.4,1.165,-29.1));
#8906 = CIRCLE('',#8907,1.375);
#8907 = AXIS2_PLACEMENT_3D('',#8908,#8909,#8910);
#8908 = CARTESIAN_POINT('',(25.4,2.54,-29.1));
#8909 = DIRECTION('',(0.,0.,1.));
#8910 = DIRECTION('',(1.,0.,-0.));
#8911 = ORIENTED_EDGE('',*,*,#8912,.T.);
#8912 = EDGE_CURVE('',#8904,#2684,#8913,.T.);
#8913 = LINE('',#8914,#8915);
#8914 = CARTESIAN_POINT('',(25.4,1.165,-30.1));
#8915 = VECTOR('',#8916,1.);
#8916 = DIRECTION('',(0.,0.,1.));
#8917 = CYLINDRICAL_SURFACE('',#8918,1.375);
#8918 = AXIS2_PLACEMENT_3D('',#8919,#8920,#8921);
#8919 = CARTESIAN_POINT('',(25.4,2.54,-30.1));
#8920 = DIRECTION('',(0.,0.,1.));
#8921 = DIRECTION('',(1.,0.,-0.));
#8922 = ADVANCED_FACE('',(#8923),#8941,.F.);
#8923 = FACE_BOUND('',#8924,.F.);
#8924 = EDGE_LOOP('',(#8925,#8933,#8934,#8935));
#8925 = ORIENTED_EDGE('',*,*,#8926,.T.);
#8926 = EDGE_CURVE('',#8927,#8896,#8929,.T.);
#8927 = VERTEX_POINT('',#8928);
#8928 = CARTESIAN_POINT('',(30.48,3.915,-29.1));
#8929 = LINE('',#8930,#8931);
#8930 = CARTESIAN_POINT('',(-7.85,3.915,-29.1));
#8931 = VECTOR('',#8932,1.);
#8932 = DIRECTION('',(-1.,-0.,0.));
#8933 = ORIENTED_EDGE('',*,*,#8895,.T.);
#8934 = ORIENTED_EDGE('',*,*,#2692,.F.);
#8935 = ORIENTED_EDGE('',*,*,#8936,.F.);
#8936 = EDGE_CURVE('',#8927,#2693,#8937,.T.);
#8937 = LINE('',#8938,#8939);
#8938 = CARTESIAN_POINT('',(30.48,3.915,-30.1));
#8939 = VECTOR('',#8940,1.);
#8940 = DIRECTION('',(0.,0.,1.));
#8941 = PLANE('',#8942);
#8942 = AXIS2_PLACEMENT_3D('',#8943,#8944,#8945);
#8943 = CARTESIAN_POINT('',(25.4,3.915,-30.1));
#8944 = DIRECTION('',(-0.,1.,0.));
#8945 = DIRECTION('',(0.,0.,1.));
#8946 = ADVANCED_FACE('',(#8947),#8965,.T.);
#8947 = FACE_BOUND('',#8948,.T.);
#8948 = EDGE_LOOP('',(#8949,#8957,#8958,#8959));
#8949 = ORIENTED_EDGE('',*,*,#8950,.T.);
#8950 = EDGE_CURVE('',#8951,#8904,#8953,.T.);
#8951 = VERTEX_POINT('',#8952);
#8952 = CARTESIAN_POINT('',(30.48,1.165,-29.1));
#8953 = LINE('',#8954,#8955);
#8954 = CARTESIAN_POINT('',(-7.85,1.165,-29.1));
#8955 = VECTOR('',#8956,1.);
#8956 = DIRECTION('',(-1.,-0.,0.));
#8957 = ORIENTED_EDGE('',*,*,#8912,.T.);
#8958 = ORIENTED_EDGE('',*,*,#2718,.F.);
#8959 = ORIENTED_EDGE('',*,*,#8960,.F.);
#8960 = EDGE_CURVE('',#8951,#2710,#8961,.T.);
#8961 = LINE('',#8962,#8963);
#8962 = CARTESIAN_POINT('',(30.48,1.165,-30.1));
#8963 = VECTOR('',#8964,1.);
#8964 = DIRECTION('',(0.,0.,1.));
#8965 = PLANE('',#8966);
#8966 = AXIS2_PLACEMENT_3D('',#8967,#8968,#8969);
#8967 = CARTESIAN_POINT('',(25.4,1.165,-30.1));
#8968 = DIRECTION('',(-0.,1.,0.));
#8969 = DIRECTION('',(0.,0.,1.));
#8970 = ADVANCED_FACE('',(#8971),#8997,.F.);
#8971 = FACE_BOUND('',#8972,.F.);
#8972 = EDGE_LOOP('',(#8973,#8974,#8982,#8991));
#8973 = ORIENTED_EDGE('',*,*,#2726,.F.);
#8974 = ORIENTED_EDGE('',*,*,#8975,.F.);
#8975 = EDGE_CURVE('',#8976,#2727,#8978,.T.);
#8976 = VERTEX_POINT('',#8977);
#8977 = CARTESIAN_POINT('',(6.455,22.86,-29.1));
#8978 = LINE('',#8979,#8980);
#8979 = CARTESIAN_POINT('',(6.455,22.86,-30.1));
#8980 = VECTOR('',#8981,1.);
#8981 = DIRECTION('',(0.,0.,1.));
#8982 = ORIENTED_EDGE('',*,*,#8983,.T.);
#8983 = EDGE_CURVE('',#8976,#8984,#8986,.T.);
#8984 = VERTEX_POINT('',#8985);
#8985 = CARTESIAN_POINT('',(3.705,22.86,-29.1));
#8986 = CIRCLE('',#8987,1.375);
#8987 = AXIS2_PLACEMENT_3D('',#8988,#8989,#8990);
#8988 = CARTESIAN_POINT('',(5.08,22.86,-29.1));
#8989 = DIRECTION('',(0.,0.,1.));
#8990 = DIRECTION('',(1.,0.,-0.));
#8991 = ORIENTED_EDGE('',*,*,#8992,.T.);
#8992 = EDGE_CURVE('',#8984,#2729,#8993,.T.);
#8993 = LINE('',#8994,#8995);
#8994 = CARTESIAN_POINT('',(3.705,22.86,-30.1));
#8995 = VECTOR('',#8996,1.);
#8996 = DIRECTION('',(0.,0.,1.));
#8997 = CYLINDRICAL_SURFACE('',#8998,1.375);
#8998 = AXIS2_PLACEMENT_3D('',#8999,#9000,#9001);
#8999 = CARTESIAN_POINT('',(5.08,22.86,-30.1));
#9000 = DIRECTION('',(0.,0.,1.));
#9001 = DIRECTION('',(1.,0.,-0.));
#9002 = ADVANCED_FACE('',(#9003),#9021,.F.);
#9003 = FACE_BOUND('',#9004,.F.);
#9004 = EDGE_LOOP('',(#9005,#9013,#9019,#9020));
#9005 = ORIENTED_EDGE('',*,*,#9006,.F.);
#9006 = EDGE_CURVE('',#9007,#2738,#9009,.T.);
#9007 = VERTEX_POINT('',#9008);
#9008 = CARTESIAN_POINT('',(6.455,17.78,-29.1));
#9009 = LINE('',#9010,#9011);
#9010 = CARTESIAN_POINT('',(6.455,17.78,-30.1));
#9011 = VECTOR('',#9012,1.);
#9012 = DIRECTION('',(0.,0.,1.));
#9013 = ORIENTED_EDGE('',*,*,#9014,.T.);
#9014 = EDGE_CURVE('',#9007,#8976,#9015,.T.);
#9015 = LINE('',#9016,#9017);
#9016 = CARTESIAN_POINT('',(6.455,-7.85,-29.1));
#9017 = VECTOR('',#9018,1.);
#9018 = DIRECTION('',(-0.,1.,0.));
#9019 = ORIENTED_EDGE('',*,*,#8975,.T.);
#9020 = ORIENTED_EDGE('',*,*,#2737,.F.);
#9021 = PLANE('',#9022);
#9022 = AXIS2_PLACEMENT_3D('',#9023,#9024,#9025);
#9023 = CARTESIAN_POINT('',(6.455,17.78,-30.1));
#9024 = DIRECTION('',(1.,0.,-0.));
#9025 = DIRECTION('',(0.,0.,1.));
#9026 = ADVANCED_FACE('',(#9027),#9045,.T.);
#9027 = FACE_BOUND('',#9028,.T.);
#9028 = EDGE_LOOP('',(#9029,#9037,#9043,#9044));
#9029 = ORIENTED_EDGE('',*,*,#9030,.F.);
#9030 = EDGE_CURVE('',#9031,#2746,#9033,.T.);
#9031 = VERTEX_POINT('',#9032);
#9032 = CARTESIAN_POINT('',(3.705,17.78,-29.1));
#9033 = LINE('',#9034,#9035);
#9034 = CARTESIAN_POINT('',(3.705,17.78,-30.1));
#9035 = VECTOR('',#9036,1.);
#9036 = DIRECTION('',(0.,0.,1.));
#9037 = ORIENTED_EDGE('',*,*,#9038,.T.);
#9038 = EDGE_CURVE('',#9031,#8984,#9039,.T.);
#9039 = LINE('',#9040,#9041);
#9040 = CARTESIAN_POINT('',(3.705,-7.85,-29.1));
#9041 = VECTOR('',#9042,1.);
#9042 = DIRECTION('',(-0.,1.,0.));
#9043 = ORIENTED_EDGE('',*,*,#8992,.T.);
#9044 = ORIENTED_EDGE('',*,*,#2754,.F.);
#9045 = PLANE('',#9046);
#9046 = AXIS2_PLACEMENT_3D('',#9047,#9048,#9049);
#9047 = CARTESIAN_POINT('',(3.705,17.78,-30.1));
#9048 = DIRECTION('',(1.,0.,-0.));
#9049 = DIRECTION('',(0.,0.,1.));
#9050 = ADVANCED_FACE('',(#9051),#9063,.F.);
#9051 = FACE_BOUND('',#9052,.F.);
#9052 = EDGE_LOOP('',(#9053,#9054,#9055,#9056));
#9053 = ORIENTED_EDGE('',*,*,#9006,.T.);
#9054 = ORIENTED_EDGE('',*,*,#2745,.F.);
#9055 = ORIENTED_EDGE('',*,*,#9030,.F.);
#9056 = ORIENTED_EDGE('',*,*,#9057,.T.);
#9057 = EDGE_CURVE('',#9031,#9007,#9058,.T.);
#9058 = CIRCLE('',#9059,1.375);
#9059 = AXIS2_PLACEMENT_3D('',#9060,#9061,#9062);
#9060 = CARTESIAN_POINT('',(5.08,17.78,-29.1));
#9061 = DIRECTION('',(0.,0.,1.));
#9062 = DIRECTION('',(1.,0.,-0.));
#9063 = CYLINDRICAL_SURFACE('',#9064,1.375);
#9064 = AXIS2_PLACEMENT_3D('',#9065,#9066,#9067);
#9065 = CARTESIAN_POINT('',(5.08,17.78,-30.1));
#9066 = DIRECTION('',(0.,0.,1.));
#9067 = DIRECTION('',(1.,0.,-0.));
#9068 = ADVANCED_FACE('',(#9069),#9095,.F.);
#9069 = FACE_BOUND('',#9070,.F.);
#9070 = EDGE_LOOP('',(#9071,#9072,#9080,#9089));
#9071 = ORIENTED_EDGE('',*,*,#2762,.F.);
#9072 = ORIENTED_EDGE('',*,*,#9073,.F.);
#9073 = EDGE_CURVE('',#9074,#2763,#9076,.T.);
#9074 = VERTEX_POINT('',#9075);
#9075 = CARTESIAN_POINT('',(-24.025,22.86,-29.1));
#9076 = LINE('',#9077,#9078);
#9077 = CARTESIAN_POINT('',(-24.025,22.86,-30.1));
#9078 = VECTOR('',#9079,1.);
#9079 = DIRECTION('',(0.,0.,1.));
#9080 = ORIENTED_EDGE('',*,*,#9081,.T.);
#9081 = EDGE_CURVE('',#9074,#9082,#9084,.T.);
#9082 = VERTEX_POINT('',#9083);
#9083 = CARTESIAN_POINT('',(-26.775,22.86,-29.1));
#9084 = CIRCLE('',#9085,1.375);
#9085 = AXIS2_PLACEMENT_3D('',#9086,#9087,#9088);
#9086 = CARTESIAN_POINT('',(-25.4,22.86,-29.1));
#9087 = DIRECTION('',(0.,0.,1.));
#9088 = DIRECTION('',(1.,0.,-0.));
#9089 = ORIENTED_EDGE('',*,*,#9090,.T.);
#9090 = EDGE_CURVE('',#9082,#2765,#9091,.T.);
#9091 = LINE('',#9092,#9093);
#9092 = CARTESIAN_POINT('',(-26.775,22.86,-30.1));
#9093 = VECTOR('',#9094,1.);
#9094 = DIRECTION('',(0.,0.,1.));
#9095 = CYLINDRICAL_SURFACE('',#9096,1.375);
#9096 = AXIS2_PLACEMENT_3D('',#9097,#9098,#9099);
#9097 = CARTESIAN_POINT('',(-25.4,22.86,-30.1));
#9098 = DIRECTION('',(0.,0.,1.));
#9099 = DIRECTION('',(1.,0.,-0.));
#9100 = ADVANCED_FACE('',(#9101),#9119,.F.);
#9101 = FACE_BOUND('',#9102,.F.);
#9102 = EDGE_LOOP('',(#9103,#9111,#9117,#9118));
#9103 = ORIENTED_EDGE('',*,*,#9104,.F.);
#9104 = EDGE_CURVE('',#9105,#2774,#9107,.T.);
#9105 = VERTEX_POINT('',#9106);
#9106 = CARTESIAN_POINT('',(-24.025,17.78,-29.1));
#9107 = LINE('',#9108,#9109);
#9108 = CARTESIAN_POINT('',(-24.025,17.78,-30.1));
#9109 = VECTOR('',#9110,1.);
#9110 = DIRECTION('',(0.,0.,1.));
#9111 = ORIENTED_EDGE('',*,*,#9112,.T.);
#9112 = EDGE_CURVE('',#9105,#9074,#9113,.T.);
#9113 = LINE('',#9114,#9115);
#9114 = CARTESIAN_POINT('',(-24.025,-7.85,-29.1));
#9115 = VECTOR('',#9116,1.);
#9116 = DIRECTION('',(-0.,1.,0.));
#9117 = ORIENTED_EDGE('',*,*,#9073,.T.);
#9118 = ORIENTED_EDGE('',*,*,#2773,.F.);
#9119 = PLANE('',#9120);
#9120 = AXIS2_PLACEMENT_3D('',#9121,#9122,#9123);
#9121 = CARTESIAN_POINT('',(-24.025,17.78,-30.1));
#9122 = DIRECTION('',(1.,0.,-0.));
#9123 = DIRECTION('',(0.,0.,1.));
#9124 = ADVANCED_FACE('',(#9125),#9143,.T.);
#9125 = FACE_BOUND('',#9126,.T.);
#9126 = EDGE_LOOP('',(#9127,#9135,#9141,#9142));
#9127 = ORIENTED_EDGE('',*,*,#9128,.F.);
#9128 = EDGE_CURVE('',#9129,#2782,#9131,.T.);
#9129 = VERTEX_POINT('',#9130);
#9130 = CARTESIAN_POINT('',(-26.775,17.78,-29.1));
#9131 = LINE('',#9132,#9133);
#9132 = CARTESIAN_POINT('',(-26.775,17.78,-30.1));
#9133 = VECTOR('',#9134,1.);
#9134 = DIRECTION('',(0.,0.,1.));
#9135 = ORIENTED_EDGE('',*,*,#9136,.T.);
#9136 = EDGE_CURVE('',#9129,#9082,#9137,.T.);
#9137 = LINE('',#9138,#9139);
#9138 = CARTESIAN_POINT('',(-26.775,-7.85,-29.1));
#9139 = VECTOR('',#9140,1.);
#9140 = DIRECTION('',(-0.,1.,0.));
#9141 = ORIENTED_EDGE('',*,*,#9090,.T.);
#9142 = ORIENTED_EDGE('',*,*,#2790,.F.);
#9143 = PLANE('',#9144);
#9144 = AXIS2_PLACEMENT_3D('',#9145,#9146,#9147);
#9145 = CARTESIAN_POINT('',(-26.775,17.78,-30.1));
#9146 = DIRECTION('',(1.,0.,-0.));
#9147 = DIRECTION('',(0.,0.,1.));
#9148 = ADVANCED_FACE('',(#9149),#9161,.F.);
#9149 = FACE_BOUND('',#9150,.F.);
#9150 = EDGE_LOOP('',(#9151,#9152,#9153,#9154));
#9151 = ORIENTED_EDGE('',*,*,#9104,.T.);
#9152 = ORIENTED_EDGE('',*,*,#2781,.F.);
#9153 = ORIENTED_EDGE('',*,*,#9128,.F.);
#9154 = ORIENTED_EDGE('',*,*,#9155,.T.);
#9155 = EDGE_CURVE('',#9129,#9105,#9156,.T.);
#9156 = CIRCLE('',#9157,1.375);
#9157 = AXIS2_PLACEMENT_3D('',#9158,#9159,#9160);
#9158 = CARTESIAN_POINT('',(-25.4,17.78,-29.1));
#9159 = DIRECTION('',(0.,0.,1.));
#9160 = DIRECTION('',(1.,0.,-0.));
#9161 = CYLINDRICAL_SURFACE('',#9162,1.375);
#9162 = AXIS2_PLACEMENT_3D('',#9163,#9164,#9165);
#9163 = CARTESIAN_POINT('',(-25.4,17.78,-30.1));
#9164 = DIRECTION('',(0.,0.,1.));
#9165 = DIRECTION('',(1.,0.,-0.));
#9166 = ADVANCED_FACE('',(#9167),#9193,.F.);
#9167 = FACE_BOUND('',#9168,.F.);
#9168 = EDGE_LOOP('',(#9169,#9170,#9178,#9187));
#9169 = ORIENTED_EDGE('',*,*,#2798,.F.);
#9170 = ORIENTED_EDGE('',*,*,#9171,.F.);
#9171 = EDGE_CURVE('',#9172,#2799,#9174,.T.);
#9172 = VERTEX_POINT('',#9173);
#9173 = CARTESIAN_POINT('',(25.4,-11.325,-29.1));
#9174 = LINE('',#9175,#9176);
#9175 = CARTESIAN_POINT('',(25.4,-11.325,-30.1));
#9176 = VECTOR('',#9177,1.);
#9177 = DIRECTION('',(0.,0.,1.));
#9178 = ORIENTED_EDGE('',*,*,#9179,.T.);
#9179 = EDGE_CURVE('',#9172,#9180,#9182,.T.);
#9180 = VERTEX_POINT('',#9181);
#9181 = CARTESIAN_POINT('',(25.4,-14.075,-29.1));
#9182 = CIRCLE('',#9183,1.375);
#9183 = AXIS2_PLACEMENT_3D('',#9184,#9185,#9186);
#9184 = CARTESIAN_POINT('',(25.4,-12.7,-29.1));
#9185 = DIRECTION('',(0.,0.,1.));
#9186 = DIRECTION('',(1.,0.,-0.));
#9187 = ORIENTED_EDGE('',*,*,#9188,.T.);
#9188 = EDGE_CURVE('',#9180,#2801,#9189,.T.);
#9189 = LINE('',#9190,#9191);
#9190 = CARTESIAN_POINT('',(25.4,-14.075,-30.1));
#9191 = VECTOR('',#9192,1.);
#9192 = DIRECTION('',(0.,0.,1.));
#9193 = CYLINDRICAL_SURFACE('',#9194,1.375);
#9194 = AXIS2_PLACEMENT_3D('',#9195,#9196,#9197);
#9195 = CARTESIAN_POINT('',(25.4,-12.7,-30.1));
#9196 = DIRECTION('',(0.,0.,1.));
#9197 = DIRECTION('',(1.,0.,-0.));
#9198 = ADVANCED_FACE('',(#9199),#9217,.F.);
#9199 = FACE_BOUND('',#9200,.F.);
#9200 = EDGE_LOOP('',(#9201,#9209,#9210,#9211));
#9201 = ORIENTED_EDGE('',*,*,#9202,.T.);
#9202 = EDGE_CURVE('',#9203,#9172,#9205,.T.);
#9203 = VERTEX_POINT('',#9204);
#9204 = CARTESIAN_POINT('',(30.48,-11.325,-29.1));
#9205 = LINE('',#9206,#9207);
#9206 = CARTESIAN_POINT('',(-7.85,-11.325,-29.1));
#9207 = VECTOR('',#9208,1.);
#9208 = DIRECTION('',(-1.,-0.,0.));
#9209 = ORIENTED_EDGE('',*,*,#9171,.T.);
#9210 = ORIENTED_EDGE('',*,*,#2809,.F.);
#9211 = ORIENTED_EDGE('',*,*,#9212,.F.);
#9212 = EDGE_CURVE('',#9203,#2810,#9213,.T.);
#9213 = LINE('',#9214,#9215);
#9214 = CARTESIAN_POINT('',(30.48,-11.325,-30.1));
#9215 = VECTOR('',#9216,1.);
#9216 = DIRECTION('',(0.,0.,1.));
#9217 = PLANE('',#9218);
#9218 = AXIS2_PLACEMENT_3D('',#9219,#9220,#9221);
#9219 = CARTESIAN_POINT('',(25.4,-11.325,-30.1));
#9220 = DIRECTION('',(-0.,1.,0.));
#9221 = DIRECTION('',(0.,0.,1.));
#9222 = ADVANCED_FACE('',(#9223),#9241,.T.);
#9223 = FACE_BOUND('',#9224,.T.);
#9224 = EDGE_LOOP('',(#9225,#9233,#9234,#9235));
#9225 = ORIENTED_EDGE('',*,*,#9226,.T.);
#9226 = EDGE_CURVE('',#9227,#9180,#9229,.T.);
#9227 = VERTEX_POINT('',#9228);
#9228 = CARTESIAN_POINT('',(30.48,-14.075,-29.1));
#9229 = LINE('',#9230,#9231);
#9230 = CARTESIAN_POINT('',(-7.85,-14.075,-29.1));
#9231 = VECTOR('',#9232,1.);
#9232 = DIRECTION('',(-1.,-0.,0.));
#9233 = ORIENTED_EDGE('',*,*,#9188,.T.);
#9234 = ORIENTED_EDGE('',*,*,#2835,.F.);
#9235 = ORIENTED_EDGE('',*,*,#9236,.F.);
#9236 = EDGE_CURVE('',#9227,#2827,#9237,.T.);
#9237 = LINE('',#9238,#9239);
#9238 = CARTESIAN_POINT('',(30.48,-14.075,-30.1));
#9239 = VECTOR('',#9240,1.);
#9240 = DIRECTION('',(0.,0.,1.));
#9241 = PLANE('',#9242);
#9242 = AXIS2_PLACEMENT_3D('',#9243,#9244,#9245);
#9243 = CARTESIAN_POINT('',(25.4,-14.075,-30.1));
#9244 = DIRECTION('',(-0.,1.,0.));
#9245 = DIRECTION('',(0.,0.,1.));
#9246 = ADVANCED_FACE('',(#9247),#9273,.F.);
#9247 = FACE_BOUND('',#9248,.F.);
#9248 = EDGE_LOOP('',(#9249,#9250,#9258,#9267));
#9249 = ORIENTED_EDGE('',*,*,#2843,.F.);
#9250 = ORIENTED_EDGE('',*,*,#9251,.F.);
#9251 = EDGE_CURVE('',#9252,#2844,#9254,.T.);
#9252 = VERTEX_POINT('',#9253);
#9253 = CARTESIAN_POINT('',(25.4,-26.565,-29.1));
#9254 = LINE('',#9255,#9256);
#9255 = CARTESIAN_POINT('',(25.4,-26.565,-30.1));
#9256 = VECTOR('',#9257,1.);
#9257 = DIRECTION('',(0.,0.,1.));
#9258 = ORIENTED_EDGE('',*,*,#9259,.T.);
#9259 = EDGE_CURVE('',#9252,#9260,#9262,.T.);
#9260 = VERTEX_POINT('',#9261);
#9261 = CARTESIAN_POINT('',(25.4,-29.315,-29.1));
#9262 = CIRCLE('',#9263,1.375);
#9263 = AXIS2_PLACEMENT_3D('',#9264,#9265,#9266);
#9264 = CARTESIAN_POINT('',(25.4,-27.94,-29.1));
#9265 = DIRECTION('',(0.,0.,1.));
#9266 = DIRECTION('',(1.,0.,-0.));
#9267 = ORIENTED_EDGE('',*,*,#9268,.T.);
#9268 = EDGE_CURVE('',#9260,#2846,#9269,.T.);
#9269 = LINE('',#9270,#9271);
#9270 = CARTESIAN_POINT('',(25.4,-29.315,-30.1));
#9271 = VECTOR('',#9272,1.);
#9272 = DIRECTION('',(0.,0.,1.));
#9273 = CYLINDRICAL_SURFACE('',#9274,1.375);
#9274 = AXIS2_PLACEMENT_3D('',#9275,#9276,#9277);
#9275 = CARTESIAN_POINT('',(25.4,-27.94,-30.1));
#9276 = DIRECTION('',(0.,0.,1.));
#9277 = DIRECTION('',(1.,0.,-0.));
#9278 = ADVANCED_FACE('',(#9279),#9297,.F.);
#9279 = FACE_BOUND('',#9280,.F.);
#9280 = EDGE_LOOP('',(#9281,#9289,#9290,#9291));
#9281 = ORIENTED_EDGE('',*,*,#9282,.T.);
#9282 = EDGE_CURVE('',#9283,#9252,#9285,.T.);
#9283 = VERTEX_POINT('',#9284);
#9284 = CARTESIAN_POINT('',(30.48,-26.565,-29.1));
#9285 = LINE('',#9286,#9287);
#9286 = CARTESIAN_POINT('',(-7.85,-26.565,-29.1));
#9287 = VECTOR('',#9288,1.);
#9288 = DIRECTION('',(-1.,-0.,0.));
#9289 = ORIENTED_EDGE('',*,*,#9251,.T.);
#9290 = ORIENTED_EDGE('',*,*,#2854,.F.);
#9291 = ORIENTED_EDGE('',*,*,#9292,.F.);
#9292 = EDGE_CURVE('',#9283,#2855,#9293,.T.);
#9293 = LINE('',#9294,#9295);
#9294 = CARTESIAN_POINT('',(30.48,-26.565,-30.1));
#9295 = VECTOR('',#9296,1.);
#9296 = DIRECTION('',(0.,0.,1.));
#9297 = PLANE('',#9298);
#9298 = AXIS2_PLACEMENT_3D('',#9299,#9300,#9301);
#9299 = CARTESIAN_POINT('',(25.4,-26.565,-30.1));
#9300 = DIRECTION('',(-0.,1.,0.));
#9301 = DIRECTION('',(0.,0.,1.));
#9302 = ADVANCED_FACE('',(#9303),#9321,.T.);
#9303 = FACE_BOUND('',#9304,.T.);
#9304 = EDGE_LOOP('',(#9305,#9313,#9314,#9315));
#9305 = ORIENTED_EDGE('',*,*,#9306,.T.);
#9306 = EDGE_CURVE('',#9307,#9260,#9309,.T.);
#9307 = VERTEX_POINT('',#9308);
#9308 = CARTESIAN_POINT('',(30.48,-29.315,-29.1));
#9309 = LINE('',#9310,#9311);
#9310 = CARTESIAN_POINT('',(-7.85,-29.315,-29.1));
#9311 = VECTOR('',#9312,1.);
#9312 = DIRECTION('',(-1.,-0.,0.));
#9313 = ORIENTED_EDGE('',*,*,#9268,.T.);
#9314 = ORIENTED_EDGE('',*,*,#2880,.F.);
#9315 = ORIENTED_EDGE('',*,*,#9316,.F.);
#9316 = EDGE_CURVE('',#9307,#2872,#9317,.T.);
#9317 = LINE('',#9318,#9319);
#9318 = CARTESIAN_POINT('',(30.48,-29.315,-30.1));
#9319 = VECTOR('',#9320,1.);
#9320 = DIRECTION('',(0.,0.,1.));
#9321 = PLANE('',#9322);
#9322 = AXIS2_PLACEMENT_3D('',#9323,#9324,#9325);
#9323 = CARTESIAN_POINT('',(25.4,-29.315,-30.1));
#9324 = DIRECTION('',(-0.,1.,0.));
#9325 = DIRECTION('',(0.,0.,1.));
#9326 = ADVANCED_FACE('',(#9327),#9353,.F.);
#9327 = FACE_BOUND('',#9328,.F.);
#9328 = EDGE_LOOP('',(#9329,#9330,#9338,#9347));
#9329 = ORIENTED_EDGE('',*,*,#2888,.F.);
#9330 = ORIENTED_EDGE('',*,*,#9331,.F.);
#9331 = EDGE_CURVE('',#9332,#2889,#9334,.T.);
#9332 = VERTEX_POINT('',#9333);
#9333 = CARTESIAN_POINT('',(-8.785,22.86,-29.1));
#9334 = LINE('',#9335,#9336);
#9335 = CARTESIAN_POINT('',(-8.785,22.86,-30.1));
#9336 = VECTOR('',#9337,1.);
#9337 = DIRECTION('',(0.,0.,1.));
#9338 = ORIENTED_EDGE('',*,*,#9339,.T.);
#9339 = EDGE_CURVE('',#9332,#9340,#9342,.T.);
#9340 = VERTEX_POINT('',#9341);
#9341 = CARTESIAN_POINT('',(-11.535,22.86,-29.1));
#9342 = CIRCLE('',#9343,1.375);
#9343 = AXIS2_PLACEMENT_3D('',#9344,#9345,#9346);
#9344 = CARTESIAN_POINT('',(-10.16,22.86,-29.1));
#9345 = DIRECTION('',(0.,0.,1.));
#9346 = DIRECTION('',(1.,0.,-0.));
#9347 = ORIENTED_EDGE('',*,*,#9348,.T.);
#9348 = EDGE_CURVE('',#9340,#2891,#9349,.T.);
#9349 = LINE('',#9350,#9351);
#9350 = CARTESIAN_POINT('',(-11.535,22.86,-30.1));
#9351 = VECTOR('',#9352,1.);
#9352 = DIRECTION('',(0.,0.,1.));
#9353 = CYLINDRICAL_SURFACE('',#9354,1.375);
#9354 = AXIS2_PLACEMENT_3D('',#9355,#9356,#9357);
#9355 = CARTESIAN_POINT('',(-10.16,22.86,-30.1));
#9356 = DIRECTION('',(0.,0.,1.));
#9357 = DIRECTION('',(1.,0.,-0.));
#9358 = ADVANCED_FACE('',(#9359),#9377,.F.);
#9359 = FACE_BOUND('',#9360,.F.);
#9360 = EDGE_LOOP('',(#9361,#9369,#9375,#9376));
#9361 = ORIENTED_EDGE('',*,*,#9362,.F.);
#9362 = EDGE_CURVE('',#9363,#2900,#9365,.T.);
#9363 = VERTEX_POINT('',#9364);
#9364 = CARTESIAN_POINT('',(-8.785,17.78,-29.1));
#9365 = LINE('',#9366,#9367);
#9366 = CARTESIAN_POINT('',(-8.785,17.78,-30.1));
#9367 = VECTOR('',#9368,1.);
#9368 = DIRECTION('',(0.,0.,1.));
#9369 = ORIENTED_EDGE('',*,*,#9370,.T.);
#9370 = EDGE_CURVE('',#9363,#9332,#9371,.T.);
#9371 = LINE('',#9372,#9373);
#9372 = CARTESIAN_POINT('',(-8.785,-7.85,-29.1));
#9373 = VECTOR('',#9374,1.);
#9374 = DIRECTION('',(-0.,1.,0.));
#9375 = ORIENTED_EDGE('',*,*,#9331,.T.);
#9376 = ORIENTED_EDGE('',*,*,#2899,.F.);
#9377 = PLANE('',#9378);
#9378 = AXIS2_PLACEMENT_3D('',#9379,#9380,#9381);
#9379 = CARTESIAN_POINT('',(-8.785,17.78,-30.1));
#9380 = DIRECTION('',(1.,0.,-0.));
#9381 = DIRECTION('',(0.,0.,1.));
#9382 = ADVANCED_FACE('',(#9383),#9401,.T.);
#9383 = FACE_BOUND('',#9384,.T.);
#9384 = EDGE_LOOP('',(#9385,#9393,#9399,#9400));
#9385 = ORIENTED_EDGE('',*,*,#9386,.F.);
#9386 = EDGE_CURVE('',#9387,#2908,#9389,.T.);
#9387 = VERTEX_POINT('',#9388);
#9388 = CARTESIAN_POINT('',(-11.535,17.78,-29.1));
#9389 = LINE('',#9390,#9391);
#9390 = CARTESIAN_POINT('',(-11.535,17.78,-30.1));
#9391 = VECTOR('',#9392,1.);
#9392 = DIRECTION('',(0.,0.,1.));
#9393 = ORIENTED_EDGE('',*,*,#9394,.T.);
#9394 = EDGE_CURVE('',#9387,#9340,#9395,.T.);
#9395 = LINE('',#9396,#9397);
#9396 = CARTESIAN_POINT('',(-11.535,-7.85,-29.1));
#9397 = VECTOR('',#9398,1.);
#9398 = DIRECTION('',(-0.,1.,0.));
#9399 = ORIENTED_EDGE('',*,*,#9348,.T.);
#9400 = ORIENTED_EDGE('',*,*,#2916,.F.);
#9401 = PLANE('',#9402);
#9402 = AXIS2_PLACEMENT_3D('',#9403,#9404,#9405);
#9403 = CARTESIAN_POINT('',(-11.535,17.78,-30.1));
#9404 = DIRECTION('',(1.,0.,-0.));
#9405 = DIRECTION('',(0.,0.,1.));
#9406 = ADVANCED_FACE('',(#9407),#9419,.F.);
#9407 = FACE_BOUND('',#9408,.F.);
#9408 = EDGE_LOOP('',(#9409,#9410,#9411,#9412));
#9409 = ORIENTED_EDGE('',*,*,#9362,.T.);
#9410 = ORIENTED_EDGE('',*,*,#2907,.F.);
#9411 = ORIENTED_EDGE('',*,*,#9386,.F.);
#9412 = ORIENTED_EDGE('',*,*,#9413,.T.);
#9413 = EDGE_CURVE('',#9387,#9363,#9414,.T.);
#9414 = CIRCLE('',#9415,1.375);
#9415 = AXIS2_PLACEMENT_3D('',#9416,#9417,#9418);
#9416 = CARTESIAN_POINT('',(-10.16,17.78,-29.1));
#9417 = DIRECTION('',(0.,0.,1.));
#9418 = DIRECTION('',(1.,0.,-0.));
#9419 = CYLINDRICAL_SURFACE('',#9420,1.375);
#9420 = AXIS2_PLACEMENT_3D('',#9421,#9422,#9423);
#9421 = CARTESIAN_POINT('',(-10.16,17.78,-30.1));
#9422 = DIRECTION('',(0.,0.,1.));
#9423 = DIRECTION('',(1.,0.,-0.));
#9424 = ADVANCED_FACE('',(#9425),#9451,.F.);
#9425 = FACE_BOUND('',#9426,.F.);
#9426 = EDGE_LOOP('',(#9427,#9428,#9436,#9445));
#9427 = ORIENTED_EDGE('',*,*,#2924,.F.);
#9428 = ORIENTED_EDGE('',*,*,#9429,.F.);
#9429 = EDGE_CURVE('',#9430,#2925,#9432,.T.);
#9430 = VERTEX_POINT('',#9431);
#9431 = CARTESIAN_POINT('',(21.695,22.86,-29.1));
#9432 = LINE('',#9433,#9434);
#9433 = CARTESIAN_POINT('',(21.695,22.86,-30.1));
#9434 = VECTOR('',#9435,1.);
#9435 = DIRECTION('',(0.,0.,1.));
#9436 = ORIENTED_EDGE('',*,*,#9437,.T.);
#9437 = EDGE_CURVE('',#9430,#9438,#9440,.T.);
#9438 = VERTEX_POINT('',#9439);
#9439 = CARTESIAN_POINT('',(18.945,22.86,-29.1));
#9440 = CIRCLE('',#9441,1.375);
#9441 = AXIS2_PLACEMENT_3D('',#9442,#9443,#9444);
#9442 = CARTESIAN_POINT('',(20.32,22.86,-29.1));
#9443 = DIRECTION('',(0.,0.,1.));
#9444 = DIRECTION('',(1.,0.,-0.));
#9445 = ORIENTED_EDGE('',*,*,#9446,.T.);
#9446 = EDGE_CURVE('',#9438,#2927,#9447,.T.);
#9447 = LINE('',#9448,#9449);
#9448 = CARTESIAN_POINT('',(18.945,22.86,-30.1));
#9449 = VECTOR('',#9450,1.);
#9450 = DIRECTION('',(0.,0.,1.));
#9451 = CYLINDRICAL_SURFACE('',#9452,1.375);
#9452 = AXIS2_PLACEMENT_3D('',#9453,#9454,#9455);
#9453 = CARTESIAN_POINT('',(20.32,22.86,-30.1));
#9454 = DIRECTION('',(0.,0.,1.));
#9455 = DIRECTION('',(1.,0.,-0.));
#9456 = ADVANCED_FACE('',(#9457),#9475,.F.);
#9457 = FACE_BOUND('',#9458,.F.);
#9458 = EDGE_LOOP('',(#9459,#9467,#9473,#9474));
#9459 = ORIENTED_EDGE('',*,*,#9460,.F.);
#9460 = EDGE_CURVE('',#9461,#2936,#9463,.T.);
#9461 = VERTEX_POINT('',#9462);
#9462 = CARTESIAN_POINT('',(21.695,17.78,-29.1));
#9463 = LINE('',#9464,#9465);
#9464 = CARTESIAN_POINT('',(21.695,17.78,-30.1));
#9465 = VECTOR('',#9466,1.);
#9466 = DIRECTION('',(0.,0.,1.));
#9467 = ORIENTED_EDGE('',*,*,#9468,.T.);
#9468 = EDGE_CURVE('',#9461,#9430,#9469,.T.);
#9469 = LINE('',#9470,#9471);
#9470 = CARTESIAN_POINT('',(21.695,-7.85,-29.1));
#9471 = VECTOR('',#9472,1.);
#9472 = DIRECTION('',(-0.,1.,0.));
#9473 = ORIENTED_EDGE('',*,*,#9429,.T.);
#9474 = ORIENTED_EDGE('',*,*,#2935,.F.);
#9475 = PLANE('',#9476);
#9476 = AXIS2_PLACEMENT_3D('',#9477,#9478,#9479);
#9477 = CARTESIAN_POINT('',(21.695,17.78,-30.1));
#9478 = DIRECTION('',(1.,0.,-0.));
#9479 = DIRECTION('',(0.,0.,1.));
#9480 = ADVANCED_FACE('',(#9481),#9499,.T.);
#9481 = FACE_BOUND('',#9482,.T.);
#9482 = EDGE_LOOP('',(#9483,#9491,#9497,#9498));
#9483 = ORIENTED_EDGE('',*,*,#9484,.F.);
#9484 = EDGE_CURVE('',#9485,#2944,#9487,.T.);
#9485 = VERTEX_POINT('',#9486);
#9486 = CARTESIAN_POINT('',(18.945,17.78,-29.1));
#9487 = LINE('',#9488,#9489);
#9488 = CARTESIAN_POINT('',(18.945,17.78,-30.1));
#9489 = VECTOR('',#9490,1.);
#9490 = DIRECTION('',(0.,0.,1.));
#9491 = ORIENTED_EDGE('',*,*,#9492,.T.);
#9492 = EDGE_CURVE('',#9485,#9438,#9493,.T.);
#9493 = LINE('',#9494,#9495);
#9494 = CARTESIAN_POINT('',(18.945,-7.85,-29.1));
#9495 = VECTOR('',#9496,1.);
#9496 = DIRECTION('',(-0.,1.,0.));
#9497 = ORIENTED_EDGE('',*,*,#9446,.T.);
#9498 = ORIENTED_EDGE('',*,*,#2952,.F.);
#9499 = PLANE('',#9500);
#9500 = AXIS2_PLACEMENT_3D('',#9501,#9502,#9503);
#9501 = CARTESIAN_POINT('',(18.945,17.78,-30.1));
#9502 = DIRECTION('',(1.,0.,-0.));
#9503 = DIRECTION('',(0.,0.,1.));
#9504 = ADVANCED_FACE('',(#9505),#9517,.F.);
#9505 = FACE_BOUND('',#9506,.F.);
#9506 = EDGE_LOOP('',(#9507,#9508,#9509,#9510));
#9507 = ORIENTED_EDGE('',*,*,#9460,.T.);
#9508 = ORIENTED_EDGE('',*,*,#2943,.F.);
#9509 = ORIENTED_EDGE('',*,*,#9484,.F.);
#9510 = ORIENTED_EDGE('',*,*,#9511,.T.);
#9511 = EDGE_CURVE('',#9485,#9461,#9512,.T.);
#9512 = CIRCLE('',#9513,1.375);
#9513 = AXIS2_PLACEMENT_3D('',#9514,#9515,#9516);
#9514 = CARTESIAN_POINT('',(20.32,17.78,-29.1));
#9515 = DIRECTION('',(0.,0.,1.));
#9516 = DIRECTION('',(1.,0.,-0.));
#9517 = CYLINDRICAL_SURFACE('',#9518,1.375);
#9518 = AXIS2_PLACEMENT_3D('',#9519,#9520,#9521);
#9519 = CARTESIAN_POINT('',(20.32,17.78,-30.1));
#9520 = DIRECTION('',(0.,0.,1.));
#9521 = DIRECTION('',(1.,0.,-0.));
#9522 = ADVANCED_FACE('',(#9523),#9549,.F.);
#9523 = FACE_BOUND('',#9524,.F.);
#9524 = EDGE_LOOP('',(#9525,#9526,#9534,#9543));
#9525 = ORIENTED_EDGE('',*,*,#2960,.F.);
#9526 = ORIENTED_EDGE('',*,*,#9527,.F.);
#9527 = EDGE_CURVE('',#9528,#2961,#9530,.T.);
#9528 = VERTEX_POINT('',#9529);
#9529 = CARTESIAN_POINT('',(25.4,19.155,-29.1));
#9530 = LINE('',#9531,#9532);
#9531 = CARTESIAN_POINT('',(25.4,19.155,-30.1));
#9532 = VECTOR('',#9533,1.);
#9533 = DIRECTION('',(0.,0.,1.));
#9534 = ORIENTED_EDGE('',*,*,#9535,.T.);
#9535 = EDGE_CURVE('',#9528,#9536,#9538,.T.);
#9536 = VERTEX_POINT('',#9537);
#9537 = CARTESIAN_POINT('',(25.4,16.405,-29.1));
#9538 = CIRCLE('',#9539,1.375);
#9539 = AXIS2_PLACEMENT_3D('',#9540,#9541,#9542);
#9540 = CARTESIAN_POINT('',(25.4,17.78,-29.1));
#9541 = DIRECTION('',(0.,0.,1.));
#9542 = DIRECTION('',(1.,0.,-0.));
#9543 = ORIENTED_EDGE('',*,*,#9544,.T.);
#9544 = EDGE_CURVE('',#9536,#2963,#9545,.T.);
#9545 = LINE('',#9546,#9547);
#9546 = CARTESIAN_POINT('',(25.4,16.405,-30.1));
#9547 = VECTOR('',#9548,1.);
#9548 = DIRECTION('',(0.,0.,1.));
#9549 = CYLINDRICAL_SURFACE('',#9550,1.375);
#9550 = AXIS2_PLACEMENT_3D('',#9551,#9552,#9553);
#9551 = CARTESIAN_POINT('',(25.4,17.78,-30.1));
#9552 = DIRECTION('',(0.,0.,1.));
#9553 = DIRECTION('',(1.,0.,-0.));
#9554 = ADVANCED_FACE('',(#9555),#9573,.F.);
#9555 = FACE_BOUND('',#9556,.F.);
#9556 = EDGE_LOOP('',(#9557,#9565,#9566,#9567));
#9557 = ORIENTED_EDGE('',*,*,#9558,.T.);
#9558 = EDGE_CURVE('',#9559,#9528,#9561,.T.);
#9559 = VERTEX_POINT('',#9560);
#9560 = CARTESIAN_POINT('',(30.48,19.155,-29.1));
#9561 = LINE('',#9562,#9563);
#9562 = CARTESIAN_POINT('',(-7.85,19.155,-29.1));
#9563 = VECTOR('',#9564,1.);
#9564 = DIRECTION('',(-1.,-0.,0.));
#9565 = ORIENTED_EDGE('',*,*,#9527,.T.);
#9566 = ORIENTED_EDGE('',*,*,#2971,.F.);
#9567 = ORIENTED_EDGE('',*,*,#9568,.F.);
#9568 = EDGE_CURVE('',#9559,#2972,#9569,.T.);
#9569 = LINE('',#9570,#9571);
#9570 = CARTESIAN_POINT('',(30.48,19.155,-30.1));
#9571 = VECTOR('',#9572,1.);
#9572 = DIRECTION('',(0.,0.,1.));
#9573 = PLANE('',#9574);
#9574 = AXIS2_PLACEMENT_3D('',#9575,#9576,#9577);
#9575 = CARTESIAN_POINT('',(25.4,19.155,-30.1));
#9576 = DIRECTION('',(-0.,1.,0.));
#9577 = DIRECTION('',(0.,0.,1.));
#9578 = ADVANCED_FACE('',(#9579),#9597,.T.);
#9579 = FACE_BOUND('',#9580,.T.);
#9580 = EDGE_LOOP('',(#9581,#9589,#9590,#9591));
#9581 = ORIENTED_EDGE('',*,*,#9582,.T.);
#9582 = EDGE_CURVE('',#9583,#9536,#9585,.T.);
#9583 = VERTEX_POINT('',#9584);
#9584 = CARTESIAN_POINT('',(30.48,16.405,-29.1));
#9585 = LINE('',#9586,#9587);
#9586 = CARTESIAN_POINT('',(-7.85,16.405,-29.1));
#9587 = VECTOR('',#9588,1.);
#9588 = DIRECTION('',(-1.,-0.,0.));
#9589 = ORIENTED_EDGE('',*,*,#9544,.T.);
#9590 = ORIENTED_EDGE('',*,*,#2997,.F.);
#9591 = ORIENTED_EDGE('',*,*,#9592,.F.);
#9592 = EDGE_CURVE('',#9583,#2989,#9593,.T.);
#9593 = LINE('',#9594,#9595);
#9594 = CARTESIAN_POINT('',(30.48,16.405,-30.1));
#9595 = VECTOR('',#9596,1.);
#9596 = DIRECTION('',(0.,0.,1.));
#9597 = PLANE('',#9598);
#9598 = AXIS2_PLACEMENT_3D('',#9599,#9600,#9601);
#9599 = CARTESIAN_POINT('',(25.4,16.405,-30.1));
#9600 = DIRECTION('',(-0.,1.,0.));
#9601 = DIRECTION('',(0.,0.,1.));
#9602 = ADVANCED_FACE('',(#9603),#9629,.F.);
#9603 = FACE_BOUND('',#9604,.F.);
#9604 = EDGE_LOOP('',(#9605,#9606,#9614,#9623));
#9605 = ORIENTED_EDGE('',*,*,#3005,.F.);
#9606 = ORIENTED_EDGE('',*,*,#9607,.F.);
#9607 = EDGE_CURVE('',#9608,#3006,#9610,.T.);
#9608 = VERTEX_POINT('',#9609);
#9609 = CARTESIAN_POINT('',(36.935,22.86,-29.1));
#9610 = LINE('',#9611,#9612);
#9611 = CARTESIAN_POINT('',(36.935,22.86,-30.1));
#9612 = VECTOR('',#9613,1.);
#9613 = DIRECTION('',(0.,0.,1.));
#9614 = ORIENTED_EDGE('',*,*,#9615,.T.);
#9615 = EDGE_CURVE('',#9608,#9616,#9618,.T.);
#9616 = VERTEX_POINT('',#9617);
#9617 = CARTESIAN_POINT('',(34.185,22.86,-29.1));
#9618 = CIRCLE('',#9619,1.375);
#9619 = AXIS2_PLACEMENT_3D('',#9620,#9621,#9622);
#9620 = CARTESIAN_POINT('',(35.56,22.86,-29.1));
#9621 = DIRECTION('',(0.,0.,1.));
#9622 = DIRECTION('',(1.,0.,-0.));
#9623 = ORIENTED_EDGE('',*,*,#9624,.T.);
#9624 = EDGE_CURVE('',#9616,#3008,#9625,.T.);
#9625 = LINE('',#9626,#9627);
#9626 = CARTESIAN_POINT('',(34.185,22.86,-30.1));
#9627 = VECTOR('',#9628,1.);
#9628 = DIRECTION('',(0.,0.,1.));
#9629 = CYLINDRICAL_SURFACE('',#9630,1.375);
#9630 = AXIS2_PLACEMENT_3D('',#9631,#9632,#9633);
#9631 = CARTESIAN_POINT('',(35.56,22.86,-30.1));
#9632 = DIRECTION('',(0.,0.,1.));
#9633 = DIRECTION('',(1.,0.,-0.));
#9634 = ADVANCED_FACE('',(#9635),#9653,.F.);
#9635 = FACE_BOUND('',#9636,.F.);
#9636 = EDGE_LOOP('',(#9637,#9645,#9651,#9652));
#9637 = ORIENTED_EDGE('',*,*,#9638,.F.);
#9638 = EDGE_CURVE('',#9639,#3017,#9641,.T.);
#9639 = VERTEX_POINT('',#9640);
#9640 = CARTESIAN_POINT('',(36.935,17.78,-29.1));
#9641 = LINE('',#9642,#9643);
#9642 = CARTESIAN_POINT('',(36.935,17.78,-30.1));
#9643 = VECTOR('',#9644,1.);
#9644 = DIRECTION('',(0.,0.,1.));
#9645 = ORIENTED_EDGE('',*,*,#9646,.T.);
#9646 = EDGE_CURVE('',#9639,#9608,#9647,.T.);
#9647 = LINE('',#9648,#9649);
#9648 = CARTESIAN_POINT('',(36.935,-7.85,-29.1));
#9649 = VECTOR('',#9650,1.);
#9650 = DIRECTION('',(-0.,1.,0.));
#9651 = ORIENTED_EDGE('',*,*,#9607,.T.);
#9652 = ORIENTED_EDGE('',*,*,#3016,.F.);
#9653 = PLANE('',#9654);
#9654 = AXIS2_PLACEMENT_3D('',#9655,#9656,#9657);
#9655 = CARTESIAN_POINT('',(36.935,17.78,-30.1));
#9656 = DIRECTION('',(1.,0.,-0.));
#9657 = DIRECTION('',(0.,0.,1.));
#9658 = ADVANCED_FACE('',(#9659),#9677,.T.);
#9659 = FACE_BOUND('',#9660,.T.);
#9660 = EDGE_LOOP('',(#9661,#9669,#9675,#9676));
#9661 = ORIENTED_EDGE('',*,*,#9662,.F.);
#9662 = EDGE_CURVE('',#9663,#3025,#9665,.T.);
#9663 = VERTEX_POINT('',#9664);
#9664 = CARTESIAN_POINT('',(34.185,17.78,-29.1));
#9665 = LINE('',#9666,#9667);
#9666 = CARTESIAN_POINT('',(34.185,17.78,-30.1));
#9667 = VECTOR('',#9668,1.);
#9668 = DIRECTION('',(0.,0.,1.));
#9669 = ORIENTED_EDGE('',*,*,#9670,.T.);
#9670 = EDGE_CURVE('',#9663,#9616,#9671,.T.);
#9671 = LINE('',#9672,#9673);
#9672 = CARTESIAN_POINT('',(34.185,-7.85,-29.1));
#9673 = VECTOR('',#9674,1.);
#9674 = DIRECTION('',(-0.,1.,0.));
#9675 = ORIENTED_EDGE('',*,*,#9624,.T.);
#9676 = ORIENTED_EDGE('',*,*,#3033,.F.);
#9677 = PLANE('',#9678);
#9678 = AXIS2_PLACEMENT_3D('',#9679,#9680,#9681);
#9679 = CARTESIAN_POINT('',(34.185,17.78,-30.1));
#9680 = DIRECTION('',(1.,0.,-0.));
#9681 = DIRECTION('',(0.,0.,1.));
#9682 = ADVANCED_FACE('',(#9683),#9695,.F.);
#9683 = FACE_BOUND('',#9684,.F.);
#9684 = EDGE_LOOP('',(#9685,#9686,#9687,#9688));
#9685 = ORIENTED_EDGE('',*,*,#9638,.T.);
#9686 = ORIENTED_EDGE('',*,*,#3024,.F.);
#9687 = ORIENTED_EDGE('',*,*,#9662,.F.);
#9688 = ORIENTED_EDGE('',*,*,#9689,.T.);
#9689 = EDGE_CURVE('',#9663,#9639,#9690,.T.);
#9690 = CIRCLE('',#9691,1.375);
#9691 = AXIS2_PLACEMENT_3D('',#9692,#9693,#9694);
#9692 = CARTESIAN_POINT('',(35.56,17.78,-29.1));
#9693 = DIRECTION('',(0.,0.,1.));
#9694 = DIRECTION('',(1.,0.,-0.));
#9695 = CYLINDRICAL_SURFACE('',#9696,1.375);
#9696 = AXIS2_PLACEMENT_3D('',#9697,#9698,#9699);
#9697 = CARTESIAN_POINT('',(35.56,17.78,-30.1));
#9698 = DIRECTION('',(0.,0.,1.));
#9699 = DIRECTION('',(1.,0.,-0.));
#9700 = ADVANCED_FACE('',(#9701),#9727,.F.);
#9701 = FACE_BOUND('',#9702,.F.);
#9702 = EDGE_LOOP('',(#9703,#9714,#9720,#9721));
#9703 = ORIENTED_EDGE('',*,*,#9704,.T.);
#9704 = EDGE_CURVE('',#9705,#9707,#9709,.T.);
#9705 = VERTEX_POINT('',#9706);
#9706 = CARTESIAN_POINT('',(21.,1.344916320921,-29.1));
#9707 = VERTEX_POINT('',#9708);
#9708 = CARTESIAN_POINT('',(21.695,2.54,-29.1));
#9709 = CIRCLE('',#9710,1.375);
#9710 = AXIS2_PLACEMENT_3D('',#9711,#9712,#9713);
#9711 = CARTESIAN_POINT('',(20.32,2.54,-29.1));
#9712 = DIRECTION('',(0.,0.,1.));
#9713 = DIRECTION('',(1.,0.,-0.));
#9714 = ORIENTED_EDGE('',*,*,#9715,.T.);
#9715 = EDGE_CURVE('',#9707,#3044,#9716,.T.);
#9716 = LINE('',#9717,#9718);
#9717 = CARTESIAN_POINT('',(21.695,2.54,-30.1));
#9718 = VECTOR('',#9719,1.);
#9719 = DIRECTION('',(0.,0.,1.));
#9720 = ORIENTED_EDGE('',*,*,#3041,.F.);
#9721 = ORIENTED_EDGE('',*,*,#9722,.F.);
#9722 = EDGE_CURVE('',#9705,#3042,#9723,.T.);
#9723 = LINE('',#9724,#9725);
#9724 = CARTESIAN_POINT('',(21.,1.344916320921,-30.1));
#9725 = VECTOR('',#9726,1.);
#9726 = DIRECTION('',(0.,0.,1.));
#9727 = CYLINDRICAL_SURFACE('',#9728,1.375);
#9728 = AXIS2_PLACEMENT_3D('',#9729,#9730,#9731);
#9729 = CARTESIAN_POINT('',(20.32,2.54,-30.1));
#9730 = DIRECTION('',(0.,0.,1.));
#9731 = DIRECTION('',(1.,0.,-0.));
#9732 = ADVANCED_FACE('',(#9733),#9751,.F.);
#9733 = FACE_BOUND('',#9734,.F.);
#9734 = EDGE_LOOP('',(#9735,#9736,#9744,#9750));
#9735 = ORIENTED_EDGE('',*,*,#9715,.F.);
#9736 = ORIENTED_EDGE('',*,*,#9737,.T.);
#9737 = EDGE_CURVE('',#9707,#9738,#9740,.T.);
#9738 = VERTEX_POINT('',#9739);
#9739 = CARTESIAN_POINT('',(21.695,7.62,-29.1));
#9740 = LINE('',#9741,#9742);
#9741 = CARTESIAN_POINT('',(21.695,-15.47,-29.1));
#9742 = VECTOR('',#9743,1.);
#9743 = DIRECTION('',(-0.,1.,0.));
#9744 = ORIENTED_EDGE('',*,*,#9745,.T.);
#9745 = EDGE_CURVE('',#9738,#3077,#9746,.T.);
#9746 = LINE('',#9747,#9748);
#9747 = CARTESIAN_POINT('',(21.695,7.62,-30.1));
#9748 = VECTOR('',#9749,1.);
#9749 = DIRECTION('',(0.,0.,1.));
#9750 = ORIENTED_EDGE('',*,*,#3085,.F.);
#9751 = PLANE('',#9752);
#9752 = AXIS2_PLACEMENT_3D('',#9753,#9754,#9755);
#9753 = CARTESIAN_POINT('',(21.695,2.54,-30.1));
#9754 = DIRECTION('',(1.,0.,-0.));
#9755 = DIRECTION('',(0.,0.,1.));
#9756 = ADVANCED_FACE('',(#9757),#9776,.F.);
#9757 = FACE_BOUND('',#9758,.F.);
#9758 = EDGE_LOOP('',(#9759,#9760,#9761,#9770));
#9759 = ORIENTED_EDGE('',*,*,#3076,.F.);
#9760 = ORIENTED_EDGE('',*,*,#9745,.F.);
#9761 = ORIENTED_EDGE('',*,*,#9762,.T.);
#9762 = EDGE_CURVE('',#9738,#9763,#9765,.T.);
#9763 = VERTEX_POINT('',#9764);
#9764 = CARTESIAN_POINT('',(18.945,7.62,-29.1));
#9765 = CIRCLE('',#9766,1.375);
#9766 = AXIS2_PLACEMENT_3D('',#9767,#9768,#9769);
#9767 = CARTESIAN_POINT('',(20.32,7.62,-29.1));
#9768 = DIRECTION('',(0.,0.,1.));
#9769 = DIRECTION('',(1.,0.,-0.));
#9770 = ORIENTED_EDGE('',*,*,#9771,.T.);
#9771 = EDGE_CURVE('',#9763,#3069,#9772,.T.);
#9772 = LINE('',#9773,#9774);
#9773 = CARTESIAN_POINT('',(18.945,7.62,-30.1));
#9774 = VECTOR('',#9775,1.);
#9775 = DIRECTION('',(0.,0.,1.));
#9776 = CYLINDRICAL_SURFACE('',#9777,1.375);
#9777 = AXIS2_PLACEMENT_3D('',#9778,#9779,#9780);
#9778 = CARTESIAN_POINT('',(20.32,7.62,-30.1));
#9779 = DIRECTION('',(0.,0.,1.));
#9780 = DIRECTION('',(1.,0.,-0.));
#9781 = ADVANCED_FACE('',(#9782),#9800,.T.);
#9782 = FACE_BOUND('',#9783,.T.);
#9783 = EDGE_LOOP('',(#9784,#9792,#9798,#9799));
#9784 = ORIENTED_EDGE('',*,*,#9785,.F.);
#9785 = EDGE_CURVE('',#9786,#3061,#9788,.T.);
#9786 = VERTEX_POINT('',#9787);
#9787 = CARTESIAN_POINT('',(18.945,4.6,-29.1));
#9788 = LINE('',#9789,#9790);
#9789 = CARTESIAN_POINT('',(18.945,4.6,-29.6));
#9790 = VECTOR('',#9791,1.);
#9791 = DIRECTION('',(0.,0.,1.));
#9792 = ORIENTED_EDGE('',*,*,#9793,.T.);
#9793 = EDGE_CURVE('',#9786,#9763,#9794,.T.);
#9794 = LINE('',#9795,#9796);
#9795 = CARTESIAN_POINT('',(18.945,-15.47,-29.1));
#9796 = VECTOR('',#9797,1.);
#9797 = DIRECTION('',(-0.,1.,0.));
#9798 = ORIENTED_EDGE('',*,*,#9771,.T.);
#9799 = ORIENTED_EDGE('',*,*,#3068,.F.);
#9800 = PLANE('',#9801);
#9801 = AXIS2_PLACEMENT_3D('',#9802,#9803,#9804);
#9802 = CARTESIAN_POINT('',(18.945,2.54,-30.1));
#9803 = DIRECTION('',(1.,0.,-0.));
#9804 = DIRECTION('',(0.,0.,1.));
#9805 = ADVANCED_FACE('',(#9806),#9824,.T.);
#9806 = FACE_BOUND('',#9807,.T.);
#9807 = EDGE_LOOP('',(#9808,#9809,#9817,#9823));
#9808 = ORIENTED_EDGE('',*,*,#9722,.F.);
#9809 = ORIENTED_EDGE('',*,*,#9810,.T.);
#9810 = EDGE_CURVE('',#9705,#9811,#9813,.T.);
#9811 = VERTEX_POINT('',#9812);
#9812 = CARTESIAN_POINT('',(21.,4.6,-29.1));
#9813 = LINE('',#9814,#9815);
#9814 = CARTESIAN_POINT('',(21.,-4.6,-29.1));
#9815 = VECTOR('',#9816,1.);
#9816 = DIRECTION('',(-0.,1.,0.));
#9817 = ORIENTED_EDGE('',*,*,#9818,.T.);
#9818 = EDGE_CURVE('',#9811,#3053,#9819,.T.);
#9819 = LINE('',#9820,#9821);
#9820 = CARTESIAN_POINT('',(21.,4.6,-29.1));
#9821 = VECTOR('',#9822,1.);
#9822 = DIRECTION('',(0.,0.,1.));
#9823 = ORIENTED_EDGE('',*,*,#3052,.F.);
#9824 = PLANE('',#9825);
#9825 = AXIS2_PLACEMENT_3D('',#9826,#9827,#9828);
#9826 = CARTESIAN_POINT('',(21.,-4.6,-29.1));
#9827 = DIRECTION('',(1.,0.,-0.));
#9828 = DIRECTION('',(0.,0.,1.));
#9829 = ADVANCED_FACE('',(#9830),#9841,.T.);
#9830 = FACE_BOUND('',#9831,.T.);
#9831 = EDGE_LOOP('',(#9832,#9838,#9839,#9840));
#9832 = ORIENTED_EDGE('',*,*,#9833,.F.);
#9833 = EDGE_CURVE('',#9786,#9811,#9834,.T.);
#9834 = LINE('',#9835,#9836);
#9835 = CARTESIAN_POINT('',(-21.,4.6,-29.1));
#9836 = VECTOR('',#9837,1.);
#9837 = DIRECTION('',(1.,0.,-0.));
#9838 = ORIENTED_EDGE('',*,*,#9785,.T.);
#9839 = ORIENTED_EDGE('',*,*,#3060,.T.);
#9840 = ORIENTED_EDGE('',*,*,#9818,.F.);
#9841 = PLANE('',#9842);
#9842 = AXIS2_PLACEMENT_3D('',#9843,#9844,#9845);
#9843 = CARTESIAN_POINT('',(-21.,4.6,-29.1));
#9844 = DIRECTION('',(-0.,1.,0.));
#9845 = DIRECTION('',(0.,0.,1.));
#9846 = ADVANCED_FACE('',(#9847),#9873,.F.);
#9847 = FACE_BOUND('',#9848,.F.);
#9848 = EDGE_LOOP('',(#9849,#9850,#9858,#9867));
#9849 = ORIENTED_EDGE('',*,*,#3093,.F.);
#9850 = ORIENTED_EDGE('',*,*,#9851,.F.);
#9851 = EDGE_CURVE('',#9852,#3094,#9854,.T.);
#9852 = VERTEX_POINT('',#9853);
#9853 = CARTESIAN_POINT('',(-21.,-1.344916320921,-29.1));
#9854 = LINE('',#9855,#9856);
#9855 = CARTESIAN_POINT('',(-21.,-1.344916320921,-30.1));
#9856 = VECTOR('',#9857,1.);
#9857 = DIRECTION('',(0.,0.,1.));
#9858 = ORIENTED_EDGE('',*,*,#9859,.T.);
#9859 = EDGE_CURVE('',#9852,#9860,#9862,.T.);
#9860 = VERTEX_POINT('',#9861);
#9861 = CARTESIAN_POINT('',(-21.695,-2.54,-29.1));
#9862 = CIRCLE('',#9863,1.375);
#9863 = AXIS2_PLACEMENT_3D('',#9864,#9865,#9866);
#9864 = CARTESIAN_POINT('',(-20.32,-2.54,-29.1));
#9865 = DIRECTION('',(0.,0.,1.));
#9866 = DIRECTION('',(1.,0.,-0.));
#9867 = ORIENTED_EDGE('',*,*,#9868,.T.);
#9868 = EDGE_CURVE('',#9860,#3096,#9869,.T.);
#9869 = LINE('',#9870,#9871);
#9870 = CARTESIAN_POINT('',(-21.695,-2.54,-30.1));
#9871 = VECTOR('',#9872,1.);
#9872 = DIRECTION('',(0.,0.,1.));
#9873 = CYLINDRICAL_SURFACE('',#9874,1.375);
#9874 = AXIS2_PLACEMENT_3D('',#9875,#9876,#9877);
#9875 = CARTESIAN_POINT('',(-20.32,-2.54,-30.1));
#9876 = DIRECTION('',(0.,0.,1.));
#9877 = DIRECTION('',(1.,0.,-0.));
#9878 = ADVANCED_FACE('',(#9879),#9897,.T.);
#9879 = FACE_BOUND('',#9880,.T.);
#9880 = EDGE_LOOP('',(#9881,#9889,#9895,#9896));
#9881 = ORIENTED_EDGE('',*,*,#9882,.F.);
#9882 = EDGE_CURVE('',#9883,#3129,#9885,.T.);
#9883 = VERTEX_POINT('',#9884);
#9884 = CARTESIAN_POINT('',(-21.695,-7.62,-29.1));
#9885 = LINE('',#9886,#9887);
#9886 = CARTESIAN_POINT('',(-21.695,-7.62,-30.1));
#9887 = VECTOR('',#9888,1.);
#9888 = DIRECTION('',(0.,0.,1.));
#9889 = ORIENTED_EDGE('',*,*,#9890,.T.);
#9890 = EDGE_CURVE('',#9883,#9860,#9891,.T.);
#9891 = LINE('',#9892,#9893);
#9892 = CARTESIAN_POINT('',(-21.695,-20.55,-29.1));
#9893 = VECTOR('',#9894,1.);
#9894 = DIRECTION('',(-0.,1.,0.));
#9895 = ORIENTED_EDGE('',*,*,#9868,.T.);
#9896 = ORIENTED_EDGE('',*,*,#3137,.F.);
#9897 = PLANE('',#9898);
#9898 = AXIS2_PLACEMENT_3D('',#9899,#9900,#9901);
#9899 = CARTESIAN_POINT('',(-21.695,-7.62,-30.1));
#9900 = DIRECTION('',(1.,0.,-0.));
#9901 = DIRECTION('',(0.,0.,1.));
#9902 = ADVANCED_FACE('',(#9903),#9922,.F.);
#9903 = FACE_BOUND('',#9904,.F.);
#9904 = EDGE_LOOP('',(#9905,#9913,#9914,#9915));
#9905 = ORIENTED_EDGE('',*,*,#9906,.T.);
#9906 = EDGE_CURVE('',#9907,#3121,#9909,.T.);
#9907 = VERTEX_POINT('',#9908);
#9908 = CARTESIAN_POINT('',(-18.945,-7.62,-29.1));
#9909 = LINE('',#9910,#9911);
#9910 = CARTESIAN_POINT('',(-18.945,-7.62,-30.1));
#9911 = VECTOR('',#9912,1.);
#9912 = DIRECTION('',(0.,0.,1.));
#9913 = ORIENTED_EDGE('',*,*,#3128,.F.);
#9914 = ORIENTED_EDGE('',*,*,#9882,.F.);
#9915 = ORIENTED_EDGE('',*,*,#9916,.T.);
#9916 = EDGE_CURVE('',#9883,#9907,#9917,.T.);
#9917 = CIRCLE('',#9918,1.375);
#9918 = AXIS2_PLACEMENT_3D('',#9919,#9920,#9921);
#9919 = CARTESIAN_POINT('',(-20.32,-7.62,-29.1));
#9920 = DIRECTION('',(0.,0.,1.));
#9921 = DIRECTION('',(1.,0.,-0.));
#9922 = CYLINDRICAL_SURFACE('',#9923,1.375);
#9923 = AXIS2_PLACEMENT_3D('',#9924,#9925,#9926);
#9924 = CARTESIAN_POINT('',(-20.32,-7.62,-30.1));
#9925 = DIRECTION('',(0.,0.,1.));
#9926 = DIRECTION('',(1.,0.,-0.));
#9927 = ADVANCED_FACE('',(#9928),#9946,.F.);
#9928 = FACE_BOUND('',#9929,.F.);
#9929 = EDGE_LOOP('',(#9930,#9931,#9939,#9945));
#9930 = ORIENTED_EDGE('',*,*,#9906,.F.);
#9931 = ORIENTED_EDGE('',*,*,#9932,.T.);
#9932 = EDGE_CURVE('',#9907,#9933,#9935,.T.);
#9933 = VERTEX_POINT('',#9934);
#9934 = CARTESIAN_POINT('',(-18.945,-4.6,-29.1));
#9935 = LINE('',#9936,#9937);
#9936 = CARTESIAN_POINT('',(-18.945,-20.55,-29.1));
#9937 = VECTOR('',#9938,1.);
#9938 = DIRECTION('',(-0.,1.,0.));
#9939 = ORIENTED_EDGE('',*,*,#9940,.T.);
#9940 = EDGE_CURVE('',#9933,#3113,#9941,.T.);
#9941 = LINE('',#9942,#9943);
#9942 = CARTESIAN_POINT('',(-18.945,-4.6,-29.6));
#9943 = VECTOR('',#9944,1.);
#9944 = DIRECTION('',(0.,0.,1.));
#9945 = ORIENTED_EDGE('',*,*,#3120,.F.);
#9946 = PLANE('',#9947);
#9947 = AXIS2_PLACEMENT_3D('',#9948,#9949,#9950);
#9948 = CARTESIAN_POINT('',(-18.945,-7.62,-30.1));
#9949 = DIRECTION('',(1.,0.,-0.));
#9950 = DIRECTION('',(0.,0.,1.));
#9951 = ADVANCED_FACE('',(#9952),#9970,.F.);
#9952 = FACE_BOUND('',#9953,.F.);
#9953 = EDGE_LOOP('',(#9954,#9955,#9963,#9969));
#9954 = ORIENTED_EDGE('',*,*,#3104,.F.);
#9955 = ORIENTED_EDGE('',*,*,#9956,.F.);
#9956 = EDGE_CURVE('',#9957,#3105,#9959,.T.);
#9957 = VERTEX_POINT('',#9958);
#9958 = CARTESIAN_POINT('',(-21.,-4.6,-29.1));
#9959 = LINE('',#9960,#9961);
#9960 = CARTESIAN_POINT('',(-21.,-4.6,-29.1));
#9961 = VECTOR('',#9962,1.);
#9962 = DIRECTION('',(0.,0.,1.));
#9963 = ORIENTED_EDGE('',*,*,#9964,.T.);
#9964 = EDGE_CURVE('',#9957,#9852,#9965,.T.);
#9965 = LINE('',#9966,#9967);
#9966 = CARTESIAN_POINT('',(-21.,-4.6,-29.1));
#9967 = VECTOR('',#9968,1.);
#9968 = DIRECTION('',(-0.,1.,0.));
#9969 = ORIENTED_EDGE('',*,*,#9851,.T.);
#9970 = PLANE('',#9971);
#9971 = AXIS2_PLACEMENT_3D('',#9972,#9973,#9974);
#9972 = CARTESIAN_POINT('',(-21.,-4.6,-29.1));
#9973 = DIRECTION('',(1.,0.,-0.));
#9974 = DIRECTION('',(0.,0.,1.));
#9975 = ADVANCED_FACE('',(#9976),#9987,.F.);
#9976 = FACE_BOUND('',#9977,.F.);
#9977 = EDGE_LOOP('',(#9978,#9984,#9985,#9986));
#9978 = ORIENTED_EDGE('',*,*,#9979,.F.);
#9979 = EDGE_CURVE('',#9957,#9933,#9980,.T.);
#9980 = LINE('',#9981,#9982);
#9981 = CARTESIAN_POINT('',(-21.,-4.6,-29.1));
#9982 = VECTOR('',#9983,1.);
#9983 = DIRECTION('',(1.,0.,-0.));
#9984 = ORIENTED_EDGE('',*,*,#9956,.T.);
#9985 = ORIENTED_EDGE('',*,*,#3112,.T.);
#9986 = ORIENTED_EDGE('',*,*,#9940,.F.);
#9987 = PLANE('',#9988);
#9988 = AXIS2_PLACEMENT_3D('',#9989,#9990,#9991);
#9989 = CARTESIAN_POINT('',(-21.,-4.6,-29.1));
#9990 = DIRECTION('',(-0.,1.,0.));
#9991 = DIRECTION('',(0.,0.,1.));
#9992 = ADVANCED_FACE('',(#9993),#10018,.T.);
#9993 = FACE_BOUND('',#9994,.T.);
#9994 = EDGE_LOOP('',(#9995,#10003,#10011,#10017));
#9995 = ORIENTED_EDGE('',*,*,#9996,.F.);
#9996 = EDGE_CURVE('',#9997,#3146,#9999,.T.);
#9997 = VERTEX_POINT('',#9998);
#9998 = CARTESIAN_POINT('',(8.785,-7.62,-29.1));
#9999 = LINE('',#10000,#10001);
#10000 = CARTESIAN_POINT('',(8.785,-7.62,-30.1));
#10001 = VECTOR('',#10002,1.);
#10002 = DIRECTION('',(0.,0.,1.));
#10003 = ORIENTED_EDGE('',*,*,#10004,.T.);
#10004 = EDGE_CURVE('',#9997,#10005,#10007,.T.);
#10005 = VERTEX_POINT('',#10006);
#10006 = CARTESIAN_POINT('',(8.785,-4.6,-29.1));
#10007 = LINE('',#10008,#10009);
#10008 = CARTESIAN_POINT('',(8.785,-20.55,-29.1));
#10009 = VECTOR('',#10010,1.);
#10010 = DIRECTION('',(-0.,1.,0.));
#10011 = ORIENTED_EDGE('',*,*,#10012,.T.);
#10012 = EDGE_CURVE('',#10005,#3148,#10013,.T.);
#10013 = LINE('',#10014,#10015);
#10014 = CARTESIAN_POINT('',(8.785,-4.6,-29.6));
#10015 = VECTOR('',#10016,1.);
#10016 = DIRECTION('',(0.,0.,1.));
#10017 = ORIENTED_EDGE('',*,*,#3145,.F.);
#10018 = PLANE('',#10019);
#10019 = AXIS2_PLACEMENT_3D('',#10020,#10021,#10022);
#10020 = CARTESIAN_POINT('',(8.785,-7.62,-30.1));
#10021 = DIRECTION('',(1.,0.,-0.));
#10022 = DIRECTION('',(0.,0.,1.));
#10023 = ADVANCED_FACE('',(#10024),#10043,.F.);
#10024 = FACE_BOUND('',#10025,.F.);
#10025 = EDGE_LOOP('',(#10026,#10034,#10035,#10036));
#10026 = ORIENTED_EDGE('',*,*,#10027,.T.);
#10027 = EDGE_CURVE('',#10028,#3164,#10030,.T.);
#10028 = VERTEX_POINT('',#10029);
#10029 = CARTESIAN_POINT('',(11.535,-7.62,-29.1));
#10030 = LINE('',#10031,#10032);
#10031 = CARTESIAN_POINT('',(11.535,-7.62,-30.1));
#10032 = VECTOR('',#10033,1.);
#10033 = DIRECTION('',(0.,0.,1.));
#10034 = ORIENTED_EDGE('',*,*,#3171,.F.);
#10035 = ORIENTED_EDGE('',*,*,#9996,.F.);
#10036 = ORIENTED_EDGE('',*,*,#10037,.T.);
#10037 = EDGE_CURVE('',#9997,#10028,#10038,.T.);
#10038 = CIRCLE('',#10039,1.375);
#10039 = AXIS2_PLACEMENT_3D('',#10040,#10041,#10042);
#10040 = CARTESIAN_POINT('',(10.16,-7.62,-29.1));
#10041 = DIRECTION('',(0.,0.,1.));
#10042 = DIRECTION('',(1.,0.,-0.));
#10043 = CYLINDRICAL_SURFACE('',#10044,1.375);
#10044 = AXIS2_PLACEMENT_3D('',#10045,#10046,#10047);
#10045 = CARTESIAN_POINT('',(10.16,-7.62,-30.1));
#10046 = DIRECTION('',(0.,0.,1.));
#10047 = DIRECTION('',(1.,0.,-0.));
#10048 = ADVANCED_FACE('',(#10049),#10067,.F.);
#10049 = FACE_BOUND('',#10050,.F.);
#10050 = EDGE_LOOP('',(#10051,#10052,#10060,#10066));
#10051 = ORIENTED_EDGE('',*,*,#10027,.F.);
#10052 = ORIENTED_EDGE('',*,*,#10053,.T.);
#10053 = EDGE_CURVE('',#10028,#10054,#10056,.T.);
#10054 = VERTEX_POINT('',#10055);
#10055 = CARTESIAN_POINT('',(11.535,-4.6,-29.1));
#10056 = LINE('',#10057,#10058);
#10057 = CARTESIAN_POINT('',(11.535,-20.55,-29.1));
#10058 = VECTOR('',#10059,1.);
#10059 = DIRECTION('',(-0.,1.,0.));
#10060 = ORIENTED_EDGE('',*,*,#10061,.T.);
#10061 = EDGE_CURVE('',#10054,#3156,#10062,.T.);
#10062 = LINE('',#10063,#10064);
#10063 = CARTESIAN_POINT('',(11.535,-4.6,-29.6));
#10064 = VECTOR('',#10065,1.);
#10065 = DIRECTION('',(0.,0.,1.));
#10066 = ORIENTED_EDGE('',*,*,#3163,.F.);
#10067 = PLANE('',#10068);
#10068 = AXIS2_PLACEMENT_3D('',#10069,#10070,#10071);
#10069 = CARTESIAN_POINT('',(11.535,-7.62,-30.1));
#10070 = DIRECTION('',(1.,0.,-0.));
#10071 = DIRECTION('',(0.,0.,1.));
#10072 = ADVANCED_FACE('',(#10073),#10084,.F.);
#10073 = FACE_BOUND('',#10074,.F.);
#10074 = EDGE_LOOP('',(#10075,#10081,#10082,#10083));
#10075 = ORIENTED_EDGE('',*,*,#10076,.F.);
#10076 = EDGE_CURVE('',#10005,#10054,#10077,.T.);
#10077 = LINE('',#10078,#10079);
#10078 = CARTESIAN_POINT('',(-21.,-4.6,-29.1));
#10079 = VECTOR('',#10080,1.);
#10080 = DIRECTION('',(1.,0.,-0.));
#10081 = ORIENTED_EDGE('',*,*,#10012,.T.);
#10082 = ORIENTED_EDGE('',*,*,#3155,.T.);
#10083 = ORIENTED_EDGE('',*,*,#10061,.F.);
#10084 = PLANE('',#10085);
#10085 = AXIS2_PLACEMENT_3D('',#10086,#10087,#10088);
#10086 = CARTESIAN_POINT('',(-21.,-4.6,-29.1));
#10087 = DIRECTION('',(-0.,1.,0.));
#10088 = DIRECTION('',(0.,0.,1.));
#10089 = ADVANCED_FACE('',(#10090),#10115,.T.);
#10090 = FACE_BOUND('',#10091,.T.);
#10091 = EDGE_LOOP('',(#10092,#10100,#10108,#10114));
#10092 = ORIENTED_EDGE('',*,*,#10093,.F.);
#10093 = EDGE_CURVE('',#10094,#3181,#10096,.T.);
#10094 = VERTEX_POINT('',#10095);
#10095 = CARTESIAN_POINT('',(-6.455,-7.62,-29.1));
#10096 = LINE('',#10097,#10098);
#10097 = CARTESIAN_POINT('',(-6.455,-7.62,-30.1));
#10098 = VECTOR('',#10099,1.);
#10099 = DIRECTION('',(0.,0.,1.));
#10100 = ORIENTED_EDGE('',*,*,#10101,.T.);
#10101 = EDGE_CURVE('',#10094,#10102,#10104,.T.);
#10102 = VERTEX_POINT('',#10103);
#10103 = CARTESIAN_POINT('',(-6.455,-4.6,-29.1));
#10104 = LINE('',#10105,#10106);
#10105 = CARTESIAN_POINT('',(-6.455,-20.55,-29.1));
#10106 = VECTOR('',#10107,1.);
#10107 = DIRECTION('',(-0.,1.,0.));
#10108 = ORIENTED_EDGE('',*,*,#10109,.T.);
#10109 = EDGE_CURVE('',#10102,#3183,#10110,.T.);
#10110 = LINE('',#10111,#10112);
#10111 = CARTESIAN_POINT('',(-6.455,-4.6,-29.6));
#10112 = VECTOR('',#10113,1.);
#10113 = DIRECTION('',(0.,0.,1.));
#10114 = ORIENTED_EDGE('',*,*,#3180,.F.);
#10115 = PLANE('',#10116);
#10116 = AXIS2_PLACEMENT_3D('',#10117,#10118,#10119);
#10117 = CARTESIAN_POINT('',(-6.455,-7.62,-30.1));
#10118 = DIRECTION('',(1.,0.,-0.));
#10119 = DIRECTION('',(0.,0.,1.));
#10120 = ADVANCED_FACE('',(#10121),#10140,.F.);
#10121 = FACE_BOUND('',#10122,.F.);
#10122 = EDGE_LOOP('',(#10123,#10131,#10132,#10133));
#10123 = ORIENTED_EDGE('',*,*,#10124,.T.);
#10124 = EDGE_CURVE('',#10125,#3199,#10127,.T.);
#10125 = VERTEX_POINT('',#10126);
#10126 = CARTESIAN_POINT('',(-3.705,-7.62,-29.1));
#10127 = LINE('',#10128,#10129);
#10128 = CARTESIAN_POINT('',(-3.705,-7.62,-30.1));
#10129 = VECTOR('',#10130,1.);
#10130 = DIRECTION('',(0.,0.,1.));
#10131 = ORIENTED_EDGE('',*,*,#3206,.F.);
#10132 = ORIENTED_EDGE('',*,*,#10093,.F.);
#10133 = ORIENTED_EDGE('',*,*,#10134,.T.);
#10134 = EDGE_CURVE('',#10094,#10125,#10135,.T.);
#10135 = CIRCLE('',#10136,1.375);
#10136 = AXIS2_PLACEMENT_3D('',#10137,#10138,#10139);
#10137 = CARTESIAN_POINT('',(-5.08,-7.62,-29.1));
#10138 = DIRECTION('',(0.,0.,1.));
#10139 = DIRECTION('',(1.,0.,-0.));
#10140 = CYLINDRICAL_SURFACE('',#10141,1.375);
#10141 = AXIS2_PLACEMENT_3D('',#10142,#10143,#10144);
#10142 = CARTESIAN_POINT('',(-5.08,-7.62,-30.1));
#10143 = DIRECTION('',(0.,0.,1.));
#10144 = DIRECTION('',(1.,0.,-0.));
#10145 = ADVANCED_FACE('',(#10146),#10164,.F.);
#10146 = FACE_BOUND('',#10147,.F.);
#10147 = EDGE_LOOP('',(#10148,#10149,#10157,#10163));
#10148 = ORIENTED_EDGE('',*,*,#10124,.F.);
#10149 = ORIENTED_EDGE('',*,*,#10150,.T.);
#10150 = EDGE_CURVE('',#10125,#10151,#10153,.T.);
#10151 = VERTEX_POINT('',#10152);
#10152 = CARTESIAN_POINT('',(-3.705,-4.6,-29.1));
#10153 = LINE('',#10154,#10155);
#10154 = CARTESIAN_POINT('',(-3.705,-20.55,-29.1));
#10155 = VECTOR('',#10156,1.);
#10156 = DIRECTION('',(-0.,1.,0.));
#10157 = ORIENTED_EDGE('',*,*,#10158,.T.);
#10158 = EDGE_CURVE('',#10151,#3191,#10159,.T.);
#10159 = LINE('',#10160,#10161);
#10160 = CARTESIAN_POINT('',(-3.705,-4.6,-29.6));
#10161 = VECTOR('',#10162,1.);
#10162 = DIRECTION('',(0.,0.,1.));
#10163 = ORIENTED_EDGE('',*,*,#3198,.F.);
#10164 = PLANE('',#10165);
#10165 = AXIS2_PLACEMENT_3D('',#10166,#10167,#10168);
#10166 = CARTESIAN_POINT('',(-3.705,-7.62,-30.1));
#10167 = DIRECTION('',(1.,0.,-0.));
#10168 = DIRECTION('',(0.,0.,1.));
#10169 = ADVANCED_FACE('',(#10170),#10181,.F.);
#10170 = FACE_BOUND('',#10171,.F.);
#10171 = EDGE_LOOP('',(#10172,#10178,#10179,#10180));
#10172 = ORIENTED_EDGE('',*,*,#10173,.F.);
#10173 = EDGE_CURVE('',#10102,#10151,#10174,.T.);
#10174 = LINE('',#10175,#10176);
#10175 = CARTESIAN_POINT('',(-21.,-4.6,-29.1));
#10176 = VECTOR('',#10177,1.);
#10177 = DIRECTION('',(1.,0.,-0.));
#10178 = ORIENTED_EDGE('',*,*,#10109,.T.);
#10179 = ORIENTED_EDGE('',*,*,#3190,.T.);
#10180 = ORIENTED_EDGE('',*,*,#10158,.F.);
#10181 = PLANE('',#10182);
#10182 = AXIS2_PLACEMENT_3D('',#10183,#10184,#10185);
#10183 = CARTESIAN_POINT('',(-21.,-4.6,-29.1));
#10184 = DIRECTION('',(-0.,1.,0.));
#10185 = DIRECTION('',(0.,0.,1.));
#10186 = ADVANCED_FACE('',(#10187),#10212,.F.);
#10187 = FACE_BOUND('',#10188,.F.);
#10188 = EDGE_LOOP('',(#10189,#10197,#10205,#10211));
#10189 = ORIENTED_EDGE('',*,*,#10190,.F.);
#10190 = EDGE_CURVE('',#10191,#3216,#10193,.T.);
#10191 = VERTEX_POINT('',#10192);
#10192 = CARTESIAN_POINT('',(6.455,4.6,-29.1));
#10193 = LINE('',#10194,#10195);
#10194 = CARTESIAN_POINT('',(6.455,4.6,-29.6));
#10195 = VECTOR('',#10196,1.);
#10196 = DIRECTION('',(0.,0.,1.));
#10197 = ORIENTED_EDGE('',*,*,#10198,.T.);
#10198 = EDGE_CURVE('',#10191,#10199,#10201,.T.);
#10199 = VERTEX_POINT('',#10200);
#10200 = CARTESIAN_POINT('',(6.455,7.62,-29.1));
#10201 = LINE('',#10202,#10203);
#10202 = CARTESIAN_POINT('',(6.455,-15.47,-29.1));
#10203 = VECTOR('',#10204,1.);
#10204 = DIRECTION('',(-0.,1.,0.));
#10205 = ORIENTED_EDGE('',*,*,#10206,.T.);
#10206 = EDGE_CURVE('',#10199,#3218,#10207,.T.);
#10207 = LINE('',#10208,#10209);
#10208 = CARTESIAN_POINT('',(6.455,7.62,-30.1));
#10209 = VECTOR('',#10210,1.);
#10210 = DIRECTION('',(0.,0.,1.));
#10211 = ORIENTED_EDGE('',*,*,#3215,.F.);
#10212 = PLANE('',#10213);
#10213 = AXIS2_PLACEMENT_3D('',#10214,#10215,#10216);
#10214 = CARTESIAN_POINT('',(6.455,2.54,-30.1));
#10215 = DIRECTION('',(1.,0.,-0.));
#10216 = DIRECTION('',(0.,0.,1.));
#10217 = ADVANCED_FACE('',(#10218),#10237,.F.);
#10218 = FACE_BOUND('',#10219,.F.);
#10219 = EDGE_LOOP('',(#10220,#10221,#10222,#10231));
#10220 = ORIENTED_EDGE('',*,*,#3241,.F.);
#10221 = ORIENTED_EDGE('',*,*,#10206,.F.);
#10222 = ORIENTED_EDGE('',*,*,#10223,.T.);
#10223 = EDGE_CURVE('',#10199,#10224,#10226,.T.);
#10224 = VERTEX_POINT('',#10225);
#10225 = CARTESIAN_POINT('',(3.705,7.62,-29.1));
#10226 = CIRCLE('',#10227,1.375);
#10227 = AXIS2_PLACEMENT_3D('',#10228,#10229,#10230);
#10228 = CARTESIAN_POINT('',(5.08,7.62,-29.1));
#10229 = DIRECTION('',(0.,0.,1.));
#10230 = DIRECTION('',(1.,0.,-0.));
#10231 = ORIENTED_EDGE('',*,*,#10232,.T.);
#10232 = EDGE_CURVE('',#10224,#3234,#10233,.T.);
#10233 = LINE('',#10234,#10235);
#10234 = CARTESIAN_POINT('',(3.705,7.62,-30.1));
#10235 = VECTOR('',#10236,1.);
#10236 = DIRECTION('',(0.,0.,1.));
#10237 = CYLINDRICAL_SURFACE('',#10238,1.375);
#10238 = AXIS2_PLACEMENT_3D('',#10239,#10240,#10241);
#10239 = CARTESIAN_POINT('',(5.08,7.62,-30.1));
#10240 = DIRECTION('',(0.,0.,1.));
#10241 = DIRECTION('',(1.,0.,-0.));
#10242 = ADVANCED_FACE('',(#10243),#10261,.T.);
#10243 = FACE_BOUND('',#10244,.T.);
#10244 = EDGE_LOOP('',(#10245,#10253,#10259,#10260));
#10245 = ORIENTED_EDGE('',*,*,#10246,.F.);
#10246 = EDGE_CURVE('',#10247,#3226,#10249,.T.);
#10247 = VERTEX_POINT('',#10248);
#10248 = CARTESIAN_POINT('',(3.705,4.6,-29.1));
#10249 = LINE('',#10250,#10251);
#10250 = CARTESIAN_POINT('',(3.705,4.6,-29.6));
#10251 = VECTOR('',#10252,1.);
#10252 = DIRECTION('',(0.,0.,1.));
#10253 = ORIENTED_EDGE('',*,*,#10254,.T.);
#10254 = EDGE_CURVE('',#10247,#10224,#10255,.T.);
#10255 = LINE('',#10256,#10257);
#10256 = CARTESIAN_POINT('',(3.705,-15.47,-29.1));
#10257 = VECTOR('',#10258,1.);
#10258 = DIRECTION('',(-0.,1.,0.));
#10259 = ORIENTED_EDGE('',*,*,#10232,.T.);
#10260 = ORIENTED_EDGE('',*,*,#3233,.F.);
#10261 = PLANE('',#10262);
#10262 = AXIS2_PLACEMENT_3D('',#10263,#10264,#10265);
#10263 = CARTESIAN_POINT('',(3.705,2.54,-30.1));
#10264 = DIRECTION('',(1.,0.,-0.));
#10265 = DIRECTION('',(0.,0.,1.));
#10266 = ADVANCED_FACE('',(#10267),#10278,.T.);
#10267 = FACE_BOUND('',#10268,.T.);
#10268 = EDGE_LOOP('',(#10269,#10275,#10276,#10277));
#10269 = ORIENTED_EDGE('',*,*,#10270,.F.);
#10270 = EDGE_CURVE('',#10247,#10191,#10271,.T.);
#10271 = LINE('',#10272,#10273);
#10272 = CARTESIAN_POINT('',(-21.,4.6,-29.1));
#10273 = VECTOR('',#10274,1.);
#10274 = DIRECTION('',(1.,0.,-0.));
#10275 = ORIENTED_EDGE('',*,*,#10246,.T.);
#10276 = ORIENTED_EDGE('',*,*,#3225,.T.);
#10277 = ORIENTED_EDGE('',*,*,#10190,.F.);
#10278 = PLANE('',#10279);
#10279 = AXIS2_PLACEMENT_3D('',#10280,#10281,#10282);
#10280 = CARTESIAN_POINT('',(-21.,4.6,-29.1));
#10281 = DIRECTION('',(-0.,1.,0.));
#10282 = DIRECTION('',(0.,0.,1.));
#10283 = ADVANCED_FACE('',(#10284),#10309,.F.);
#10284 = FACE_BOUND('',#10285,.F.);
#10285 = EDGE_LOOP('',(#10286,#10294,#10302,#10308));
#10286 = ORIENTED_EDGE('',*,*,#10287,.F.);
#10287 = EDGE_CURVE('',#10288,#3251,#10290,.T.);
#10288 = VERTEX_POINT('',#10289);
#10289 = CARTESIAN_POINT('',(-8.785,4.6,-29.1));
#10290 = LINE('',#10291,#10292);
#10291 = CARTESIAN_POINT('',(-8.785,4.6,-29.6));
#10292 = VECTOR('',#10293,1.);
#10293 = DIRECTION('',(0.,0.,1.));
#10294 = ORIENTED_EDGE('',*,*,#10295,.T.);
#10295 = EDGE_CURVE('',#10288,#10296,#10298,.T.);
#10296 = VERTEX_POINT('',#10297);
#10297 = CARTESIAN_POINT('',(-8.785,7.62,-29.1));
#10298 = LINE('',#10299,#10300);
#10299 = CARTESIAN_POINT('',(-8.785,-15.47,-29.1));
#10300 = VECTOR('',#10301,1.);
#10301 = DIRECTION('',(-0.,1.,0.));
#10302 = ORIENTED_EDGE('',*,*,#10303,.T.);
#10303 = EDGE_CURVE('',#10296,#3253,#10304,.T.);
#10304 = LINE('',#10305,#10306);
#10305 = CARTESIAN_POINT('',(-8.785,7.62,-30.1));
#10306 = VECTOR('',#10307,1.);
#10307 = DIRECTION('',(0.,0.,1.));
#10308 = ORIENTED_EDGE('',*,*,#3250,.F.);
#10309 = PLANE('',#10310);
#10310 = AXIS2_PLACEMENT_3D('',#10311,#10312,#10313);
#10311 = CARTESIAN_POINT('',(-8.785,2.54,-30.1));
#10312 = DIRECTION('',(1.,0.,-0.));
#10313 = DIRECTION('',(0.,0.,1.));
#10314 = ADVANCED_FACE('',(#10315),#10334,.F.);
#10315 = FACE_BOUND('',#10316,.F.);
#10316 = EDGE_LOOP('',(#10317,#10318,#10319,#10328));
#10317 = ORIENTED_EDGE('',*,*,#3276,.F.);
#10318 = ORIENTED_EDGE('',*,*,#10303,.F.);
#10319 = ORIENTED_EDGE('',*,*,#10320,.T.);
#10320 = EDGE_CURVE('',#10296,#10321,#10323,.T.);
#10321 = VERTEX_POINT('',#10322);
#10322 = CARTESIAN_POINT('',(-11.535,7.62,-29.1));
#10323 = CIRCLE('',#10324,1.375);
#10324 = AXIS2_PLACEMENT_3D('',#10325,#10326,#10327);
#10325 = CARTESIAN_POINT('',(-10.16,7.62,-29.1));
#10326 = DIRECTION('',(0.,0.,1.));
#10327 = DIRECTION('',(1.,0.,-0.));
#10328 = ORIENTED_EDGE('',*,*,#10329,.T.);
#10329 = EDGE_CURVE('',#10321,#3269,#10330,.T.);
#10330 = LINE('',#10331,#10332);
#10331 = CARTESIAN_POINT('',(-11.535,7.62,-30.1));
#10332 = VECTOR('',#10333,1.);
#10333 = DIRECTION('',(0.,0.,1.));
#10334 = CYLINDRICAL_SURFACE('',#10335,1.375);
#10335 = AXIS2_PLACEMENT_3D('',#10336,#10337,#10338);
#10336 = CARTESIAN_POINT('',(-10.16,7.62,-30.1));
#10337 = DIRECTION('',(0.,0.,1.));
#10338 = DIRECTION('',(1.,0.,-0.));
#10339 = ADVANCED_FACE('',(#10340),#10358,.T.);
#10340 = FACE_BOUND('',#10341,.T.);
#10341 = EDGE_LOOP('',(#10342,#10350,#10356,#10357));
#10342 = ORIENTED_EDGE('',*,*,#10343,.F.);
#10343 = EDGE_CURVE('',#10344,#3261,#10346,.T.);
#10344 = VERTEX_POINT('',#10345);
#10345 = CARTESIAN_POINT('',(-11.535,4.6,-29.1));
#10346 = LINE('',#10347,#10348);
#10347 = CARTESIAN_POINT('',(-11.535,4.6,-29.6));
#10348 = VECTOR('',#10349,1.);
#10349 = DIRECTION('',(0.,0.,1.));
#10350 = ORIENTED_EDGE('',*,*,#10351,.T.);
#10351 = EDGE_CURVE('',#10344,#10321,#10352,.T.);
#10352 = LINE('',#10353,#10354);
#10353 = CARTESIAN_POINT('',(-11.535,-15.47,-29.1));
#10354 = VECTOR('',#10355,1.);
#10355 = DIRECTION('',(-0.,1.,0.));
#10356 = ORIENTED_EDGE('',*,*,#10329,.T.);
#10357 = ORIENTED_EDGE('',*,*,#3268,.F.);
#10358 = PLANE('',#10359);
#10359 = AXIS2_PLACEMENT_3D('',#10360,#10361,#10362);
#10360 = CARTESIAN_POINT('',(-11.535,2.54,-30.1));
#10361 = DIRECTION('',(1.,0.,-0.));
#10362 = DIRECTION('',(0.,0.,1.));
#10363 = ADVANCED_FACE('',(#10364),#10375,.T.);
#10364 = FACE_BOUND('',#10365,.T.);
#10365 = EDGE_LOOP('',(#10366,#10372,#10373,#10374));
#10366 = ORIENTED_EDGE('',*,*,#10367,.F.);
#10367 = EDGE_CURVE('',#10344,#10288,#10368,.T.);
#10368 = LINE('',#10369,#10370);
#10369 = CARTESIAN_POINT('',(-21.,4.6,-29.1));
#10370 = VECTOR('',#10371,1.);
#10371 = DIRECTION('',(1.,0.,-0.));
#10372 = ORIENTED_EDGE('',*,*,#10343,.T.);
#10373 = ORIENTED_EDGE('',*,*,#3260,.T.);
#10374 = ORIENTED_EDGE('',*,*,#10287,.F.);
#10375 = PLANE('',#10376);
#10376 = AXIS2_PLACEMENT_3D('',#10377,#10378,#10379);
#10377 = CARTESIAN_POINT('',(-21.,4.6,-29.1));
#10378 = DIRECTION('',(-0.,1.,0.));
#10379 = DIRECTION('',(0.,0.,1.));
#10380 = ADVANCED_FACE('',(#10381),#10440,.F.);
#10381 = FACE_BOUND('',#10382,.F.);
#10382 = EDGE_LOOP('',(#10383,#10384,#10392,#10401,#10410,#10419,#10428,
    #10435,#10436,#10437,#10438,#10439));
#10383 = ORIENTED_EDGE('',*,*,#3323,.F.);
#10384 = ORIENTED_EDGE('',*,*,#10385,.F.);
#10385 = EDGE_CURVE('',#10386,#3288,#10388,.T.);
#10386 = VERTEX_POINT('',#10387);
#10387 = CARTESIAN_POINT('',(15.7,-4.163799117101E-16,-29.1));
#10388 = LINE('',#10389,#10390);
#10389 = CARTESIAN_POINT('',(15.7,-4.163799117101E-16,-30.1));
#10390 = VECTOR('',#10391,1.);
#10391 = DIRECTION('',(0.,0.,1.));
#10392 = ORIENTED_EDGE('',*,*,#10393,.T.);
#10393 = EDGE_CURVE('',#10386,#10394,#10396,.T.);
#10394 = VERTEX_POINT('',#10395);
#10395 = CARTESIAN_POINT('',(15.238052906785,1.165,-29.1));
#10396 = CIRCLE('',#10397,1.7);
#10397 = AXIS2_PLACEMENT_3D('',#10398,#10399,#10400);
#10398 = CARTESIAN_POINT('',(14.,0.,-29.1));
#10399 = DIRECTION('',(0.,0.,1.));
#10400 = DIRECTION('',(1.,0.,-0.));
#10401 = ORIENTED_EDGE('',*,*,#10402,.T.);
#10402 = EDGE_CURVE('',#10394,#10403,#10405,.T.);
#10403 = VERTEX_POINT('',#10404);
#10404 = CARTESIAN_POINT('',(12.761947093215,1.165,-29.1));
#10405 = CIRCLE('',#10406,1.7);
#10406 = AXIS2_PLACEMENT_3D('',#10407,#10408,#10409);
#10407 = CARTESIAN_POINT('',(14.,0.,-29.1));
#10408 = DIRECTION('',(0.,0.,1.));
#10409 = DIRECTION('',(1.,0.,-0.));
#10410 = ORIENTED_EDGE('',*,*,#10411,.T.);
#10411 = EDGE_CURVE('',#10403,#10412,#10414,.T.);
#10412 = VERTEX_POINT('',#10413);
#10413 = CARTESIAN_POINT('',(14.157060919121,-1.692729118224,-29.1));
#10414 = CIRCLE('',#10415,1.7);
#10415 = AXIS2_PLACEMENT_3D('',#10416,#10417,#10418);
#10416 = CARTESIAN_POINT('',(14.,0.,-29.1));
#10417 = DIRECTION('',(0.,0.,1.));
#10418 = DIRECTION('',(1.,0.,-0.));
#10419 = ORIENTED_EDGE('',*,*,#10420,.T.);
#10420 = EDGE_CURVE('',#10412,#10421,#10423,.T.);
#10421 = VERTEX_POINT('',#10422);
#10422 = CARTESIAN_POINT('',(15.23805160779,-1.165001380449,-29.1));
#10423 = CIRCLE('',#10424,1.7);
#10424 = AXIS2_PLACEMENT_3D('',#10425,#10426,#10427);
#10425 = CARTESIAN_POINT('',(14.,0.,-29.1));
#10426 = DIRECTION('',(0.,0.,1.));
#10427 = DIRECTION('',(1.,0.,-0.));
#10428 = ORIENTED_EDGE('',*,*,#10429,.T.);
#10429 = EDGE_CURVE('',#10421,#10386,#10430,.T.);
#10430 = CIRCLE('',#10431,1.7);
#10431 = AXIS2_PLACEMENT_3D('',#10432,#10433,#10434);
#10432 = CARTESIAN_POINT('',(14.,0.,-29.1));
#10433 = DIRECTION('',(0.,0.,1.));
#10434 = DIRECTION('',(1.,0.,-0.));
#10435 = ORIENTED_EDGE('',*,*,#10385,.T.);
#10436 = ORIENTED_EDGE('',*,*,#3285,.F.);
#10437 = ORIENTED_EDGE('',*,*,#3296,.F.);
#10438 = ORIENTED_EDGE('',*,*,#3305,.F.);
#10439 = ORIENTED_EDGE('',*,*,#3314,.F.);
#10440 = CYLINDRICAL_SURFACE('',#10441,1.7);
#10441 = AXIS2_PLACEMENT_3D('',#10442,#10443,#10444);
#10442 = CARTESIAN_POINT('',(14.,0.,-30.1));
#10443 = DIRECTION('',(0.,0.,1.));
#10444 = DIRECTION('',(1.,0.,-0.));
#10445 = ADVANCED_FACE('',(#10446),#10505,.F.);
#10446 = FACE_BOUND('',#10447,.F.);
#10447 = EDGE_LOOP('',(#10448,#10449,#10457,#10466,#10475,#10484,#10493,
    #10500,#10501,#10502,#10503,#10504));
#10448 = ORIENTED_EDGE('',*,*,#3352,.F.);
#10449 = ORIENTED_EDGE('',*,*,#10450,.F.);
#10450 = EDGE_CURVE('',#10451,#3353,#10453,.T.);
#10451 = VERTEX_POINT('',#10452);
#10452 = CARTESIAN_POINT('',(-12.3,-4.163799117101E-16,-29.1));
#10453 = LINE('',#10454,#10455);
#10454 = CARTESIAN_POINT('',(-12.3,-4.163799117101E-16,-30.1));
#10455 = VECTOR('',#10456,1.);
#10456 = DIRECTION('',(0.,0.,1.));
#10457 = ORIENTED_EDGE('',*,*,#10458,.T.);
#10458 = EDGE_CURVE('',#10451,#10459,#10461,.T.);
#10459 = VERTEX_POINT('',#10460);
#10460 = CARTESIAN_POINT('',(-14.15706091912,1.692729118224,-29.1));
#10461 = CIRCLE('',#10462,1.7);
#10462 = AXIS2_PLACEMENT_3D('',#10463,#10464,#10465);
#10463 = CARTESIAN_POINT('',(-14.,0.,-29.1));
#10464 = DIRECTION('',(0.,0.,1.));
#10465 = DIRECTION('',(1.,0.,-0.));
#10466 = ORIENTED_EDGE('',*,*,#10467,.T.);
#10467 = EDGE_CURVE('',#10459,#10468,#10470,.T.);
#10468 = VERTEX_POINT('',#10469);
#10469 = CARTESIAN_POINT('',(-15.23805160779,1.165001380449,-29.1));
#10470 = CIRCLE('',#10471,1.7);
#10471 = AXIS2_PLACEMENT_3D('',#10472,#10473,#10474);
#10472 = CARTESIAN_POINT('',(-14.,0.,-29.1));
#10473 = DIRECTION('',(0.,0.,1.));
#10474 = DIRECTION('',(1.,0.,-0.));
#10475 = ORIENTED_EDGE('',*,*,#10476,.T.);
#10476 = EDGE_CURVE('',#10468,#10477,#10479,.T.);
#10477 = VERTEX_POINT('',#10478);
#10478 = CARTESIAN_POINT('',(-15.23805290678,-1.165,-29.1));
#10479 = CIRCLE('',#10480,1.7);
#10480 = AXIS2_PLACEMENT_3D('',#10481,#10482,#10483);
#10481 = CARTESIAN_POINT('',(-14.,0.,-29.1));
#10482 = DIRECTION('',(0.,0.,1.));
#10483 = DIRECTION('',(1.,0.,-0.));
#10484 = ORIENTED_EDGE('',*,*,#10485,.T.);
#10485 = EDGE_CURVE('',#10477,#10486,#10488,.T.);
#10486 = VERTEX_POINT('',#10487);
#10487 = CARTESIAN_POINT('',(-12.76194709321,-1.165,-29.1));
#10488 = CIRCLE('',#10489,1.7);
#10489 = AXIS2_PLACEMENT_3D('',#10490,#10491,#10492);
#10490 = CARTESIAN_POINT('',(-14.,0.,-29.1));
#10491 = DIRECTION('',(0.,0.,1.));
#10492 = DIRECTION('',(1.,0.,-0.));
#10493 = ORIENTED_EDGE('',*,*,#10494,.T.);
#10494 = EDGE_CURVE('',#10486,#10451,#10495,.T.);
#10495 = CIRCLE('',#10496,1.7);
#10496 = AXIS2_PLACEMENT_3D('',#10497,#10498,#10499);
#10497 = CARTESIAN_POINT('',(-14.,0.,-29.1));
#10498 = DIRECTION('',(0.,0.,1.));
#10499 = DIRECTION('',(1.,0.,-0.));
#10500 = ORIENTED_EDGE('',*,*,#10450,.T.);
#10501 = ORIENTED_EDGE('',*,*,#3361,.F.);
#10502 = ORIENTED_EDGE('',*,*,#3370,.F.);
#10503 = ORIENTED_EDGE('',*,*,#3332,.F.);
#10504 = ORIENTED_EDGE('',*,*,#3343,.F.);
#10505 = CYLINDRICAL_SURFACE('',#10506,1.7);
#10506 = AXIS2_PLACEMENT_3D('',#10507,#10508,#10509);
#10507 = CARTESIAN_POINT('',(-14.,0.,-30.1));
#10508 = DIRECTION('',(0.,0.,1.));
#10509 = DIRECTION('',(1.,0.,-0.));
#10510 = ADVANCED_FACE('',(#10511),#10530,.F.);
#10511 = FACE_BOUND('',#10512,.F.);
#10512 = EDGE_LOOP('',(#10513,#10514,#10522,#10529));
#10513 = ORIENTED_EDGE('',*,*,#3379,.F.);
#10514 = ORIENTED_EDGE('',*,*,#10515,.F.);
#10515 = EDGE_CURVE('',#10516,#3380,#10518,.T.);
#10516 = VERTEX_POINT('',#10517);
#10517 = CARTESIAN_POINT('',(16.615,7.62,-29.1));
#10518 = LINE('',#10519,#10520);
#10519 = CARTESIAN_POINT('',(16.615,7.62,-30.1));
#10520 = VECTOR('',#10521,1.);
#10521 = DIRECTION('',(0.,0.,1.));
#10522 = ORIENTED_EDGE('',*,*,#10523,.T.);
#10523 = EDGE_CURVE('',#10516,#10516,#10524,.T.);
#10524 = CIRCLE('',#10525,1.375);
#10525 = AXIS2_PLACEMENT_3D('',#10526,#10527,#10528);
#10526 = CARTESIAN_POINT('',(15.24,7.62,-29.1));
#10527 = DIRECTION('',(0.,0.,1.));
#10528 = DIRECTION('',(1.,0.,-0.));
#10529 = ORIENTED_EDGE('',*,*,#10515,.T.);
#10530 = CYLINDRICAL_SURFACE('',#10531,1.375);
#10531 = AXIS2_PLACEMENT_3D('',#10532,#10533,#10534);
#10532 = CARTESIAN_POINT('',(15.24,7.62,-30.1));
#10533 = DIRECTION('',(0.,0.,1.));
#10534 = DIRECTION('',(1.,0.,-0.));
#10535 = ADVANCED_FACE('',(#10536),#10555,.F.);
#10536 = FACE_BOUND('',#10537,.F.);
#10537 = EDGE_LOOP('',(#10538,#10539,#10547,#10554));
#10538 = ORIENTED_EDGE('',*,*,#3390,.F.);
#10539 = ORIENTED_EDGE('',*,*,#10540,.F.);
#10540 = EDGE_CURVE('',#10541,#3391,#10543,.T.);
#10541 = VERTEX_POINT('',#10542);
#10542 = CARTESIAN_POINT('',(1.375,-7.62,-29.1));
#10543 = LINE('',#10544,#10545);
#10544 = CARTESIAN_POINT('',(1.375,-7.62,-30.1));
#10545 = VECTOR('',#10546,1.);
#10546 = DIRECTION('',(0.,0.,1.));
#10547 = ORIENTED_EDGE('',*,*,#10548,.T.);
#10548 = EDGE_CURVE('',#10541,#10541,#10549,.T.);
#10549 = CIRCLE('',#10550,1.375);
#10550 = AXIS2_PLACEMENT_3D('',#10551,#10552,#10553);
#10551 = CARTESIAN_POINT('',(7.105427357601E-15,-7.62,-29.1));
#10552 = DIRECTION('',(0.,0.,1.));
#10553 = DIRECTION('',(1.,0.,-0.));
#10554 = ORIENTED_EDGE('',*,*,#10540,.T.);
#10555 = CYLINDRICAL_SURFACE('',#10556,1.375);
#10556 = AXIS2_PLACEMENT_3D('',#10557,#10558,#10559);
#10557 = CARTESIAN_POINT('',(7.105427357601E-15,-7.62,-30.1));
#10558 = DIRECTION('',(0.,0.,1.));
#10559 = DIRECTION('',(1.,0.,-0.));
#10560 = ADVANCED_FACE('',(#10561),#10580,.F.);
#10561 = FACE_BOUND('',#10562,.F.);
#10562 = EDGE_LOOP('',(#10563,#10564,#10572,#10579));
#10563 = ORIENTED_EDGE('',*,*,#3401,.F.);
#10564 = ORIENTED_EDGE('',*,*,#10565,.F.);
#10565 = EDGE_CURVE('',#10566,#3402,#10568,.T.);
#10566 = VERTEX_POINT('',#10567);
#10567 = CARTESIAN_POINT('',(-29.105,-22.86,-29.1));
#10568 = LINE('',#10569,#10570);
#10569 = CARTESIAN_POINT('',(-29.105,-22.86,-30.1));
#10570 = VECTOR('',#10571,1.);
#10571 = DIRECTION('',(0.,0.,1.));
#10572 = ORIENTED_EDGE('',*,*,#10573,.T.);
#10573 = EDGE_CURVE('',#10566,#10566,#10574,.T.);
#10574 = CIRCLE('',#10575,1.375);
#10575 = AXIS2_PLACEMENT_3D('',#10576,#10577,#10578);
#10576 = CARTESIAN_POINT('',(-30.48,-22.86,-29.1));
#10577 = DIRECTION('',(0.,0.,1.));
#10578 = DIRECTION('',(1.,0.,-0.));
#10579 = ORIENTED_EDGE('',*,*,#10565,.T.);
#10580 = CYLINDRICAL_SURFACE('',#10581,1.375);
#10581 = AXIS2_PLACEMENT_3D('',#10582,#10583,#10584);
#10582 = CARTESIAN_POINT('',(-30.48,-22.86,-30.1));
#10583 = DIRECTION('',(0.,0.,1.));
#10584 = DIRECTION('',(1.,0.,-0.));
#10585 = ADVANCED_FACE('',(#10586),#10605,.F.);
#10586 = FACE_BOUND('',#10587,.F.);
#10587 = EDGE_LOOP('',(#10588,#10589,#10597,#10604));
#10588 = ORIENTED_EDGE('',*,*,#3412,.F.);
#10589 = ORIENTED_EDGE('',*,*,#10590,.F.);
#10590 = EDGE_CURVE('',#10591,#3413,#10593,.T.);
#10591 = VERTEX_POINT('',#10592);
#10592 = CARTESIAN_POINT('',(-13.865,7.62,-29.1));
#10593 = LINE('',#10594,#10595);
#10594 = CARTESIAN_POINT('',(-13.865,7.62,-30.1));
#10595 = VECTOR('',#10596,1.);
#10596 = DIRECTION('',(0.,0.,1.));
#10597 = ORIENTED_EDGE('',*,*,#10598,.T.);
#10598 = EDGE_CURVE('',#10591,#10591,#10599,.T.);
#10599 = CIRCLE('',#10600,1.375);
#10600 = AXIS2_PLACEMENT_3D('',#10601,#10602,#10603);
#10601 = CARTESIAN_POINT('',(-15.24,7.62,-29.1));
#10602 = DIRECTION('',(0.,0.,1.));
#10603 = DIRECTION('',(1.,0.,-0.));
#10604 = ORIENTED_EDGE('',*,*,#10590,.T.);
#10605 = CYLINDRICAL_SURFACE('',#10606,1.375);
#10606 = AXIS2_PLACEMENT_3D('',#10607,#10608,#10609);
#10607 = CARTESIAN_POINT('',(-15.24,7.62,-30.1));
#10608 = DIRECTION('',(0.,0.,1.));
#10609 = DIRECTION('',(1.,0.,-0.));
#10610 = ADVANCED_FACE('',(#10611),#10630,.F.);
#10611 = FACE_BOUND('',#10612,.F.);
#10612 = EDGE_LOOP('',(#10613,#10614,#10622,#10629));
#10613 = ORIENTED_EDGE('',*,*,#3423,.F.);
#10614 = ORIENTED_EDGE('',*,*,#10615,.F.);
#10615 = EDGE_CURVE('',#10616,#3424,#10618,.T.);
#10616 = VERTEX_POINT('',#10617);
#10617 = CARTESIAN_POINT('',(31.855,-22.86,-29.1));
#10618 = LINE('',#10619,#10620);
#10619 = CARTESIAN_POINT('',(31.855,-22.86,-30.1));
#10620 = VECTOR('',#10621,1.);
#10621 = DIRECTION('',(0.,0.,1.));
#10622 = ORIENTED_EDGE('',*,*,#10623,.T.);
#10623 = EDGE_CURVE('',#10616,#10616,#10624,.T.);
#10624 = CIRCLE('',#10625,1.375);
#10625 = AXIS2_PLACEMENT_3D('',#10626,#10627,#10628);
#10626 = CARTESIAN_POINT('',(30.48,-22.86,-29.1));
#10627 = DIRECTION('',(0.,0.,1.));
#10628 = DIRECTION('',(1.,0.,-0.));
#10629 = ORIENTED_EDGE('',*,*,#10615,.T.);
#10630 = CYLINDRICAL_SURFACE('',#10631,1.375);
#10631 = AXIS2_PLACEMENT_3D('',#10632,#10633,#10634);
#10632 = CARTESIAN_POINT('',(30.48,-22.86,-30.1));
#10633 = DIRECTION('',(0.,0.,1.));
#10634 = DIRECTION('',(1.,0.,-0.));
#10635 = ADVANCED_FACE('',(#10636),#10655,.F.);
#10636 = FACE_BOUND('',#10637,.F.);
#10637 = EDGE_LOOP('',(#10638,#10639,#10647,#10654));
#10638 = ORIENTED_EDGE('',*,*,#3434,.F.);
#10639 = ORIENTED_EDGE('',*,*,#10640,.F.);
#10640 = EDGE_CURVE('',#10641,#3435,#10643,.T.);
#10641 = VERTEX_POINT('',#10642);
#10642 = CARTESIAN_POINT('',(31.855,7.62,-29.1));
#10643 = LINE('',#10644,#10645);
#10644 = CARTESIAN_POINT('',(31.855,7.62,-30.1));
#10645 = VECTOR('',#10646,1.);
#10646 = DIRECTION('',(0.,0.,1.));
#10647 = ORIENTED_EDGE('',*,*,#10648,.T.);
#10648 = EDGE_CURVE('',#10641,#10641,#10649,.T.);
#10649 = CIRCLE('',#10650,1.375);
#10650 = AXIS2_PLACEMENT_3D('',#10651,#10652,#10653);
#10651 = CARTESIAN_POINT('',(30.48,7.62,-29.1));
#10652 = DIRECTION('',(0.,0.,1.));
#10653 = DIRECTION('',(1.,0.,-0.));
#10654 = ORIENTED_EDGE('',*,*,#10640,.T.);
#10655 = CYLINDRICAL_SURFACE('',#10656,1.375);
#10656 = AXIS2_PLACEMENT_3D('',#10657,#10658,#10659);
#10657 = CARTESIAN_POINT('',(30.48,7.62,-30.1));
#10658 = DIRECTION('',(0.,0.,1.));
#10659 = DIRECTION('',(1.,0.,-0.));
#10660 = ADVANCED_FACE('',(#10661),#10680,.F.);
#10661 = FACE_BOUND('',#10662,.F.);
#10662 = EDGE_LOOP('',(#10663,#10664,#10672,#10679));
#10663 = ORIENTED_EDGE('',*,*,#3445,.F.);
#10664 = ORIENTED_EDGE('',*,*,#10665,.F.);
#10665 = EDGE_CURVE('',#10666,#3446,#10668,.T.);
#10666 = VERTEX_POINT('',#10667);
#10667 = CARTESIAN_POINT('',(-13.865,-22.86,-29.1));
#10668 = LINE('',#10669,#10670);
#10669 = CARTESIAN_POINT('',(-13.865,-22.86,-30.1));
#10670 = VECTOR('',#10671,1.);
#10671 = DIRECTION('',(0.,0.,1.));
#10672 = ORIENTED_EDGE('',*,*,#10673,.T.);
#10673 = EDGE_CURVE('',#10666,#10666,#10674,.T.);
#10674 = CIRCLE('',#10675,1.375);
#10675 = AXIS2_PLACEMENT_3D('',#10676,#10677,#10678);
#10676 = CARTESIAN_POINT('',(-15.24,-22.86,-29.1));
#10677 = DIRECTION('',(0.,0.,1.));
#10678 = DIRECTION('',(1.,0.,-0.));
#10679 = ORIENTED_EDGE('',*,*,#10665,.T.);
#10680 = CYLINDRICAL_SURFACE('',#10681,1.375);
#10681 = AXIS2_PLACEMENT_3D('',#10682,#10683,#10684);
#10682 = CARTESIAN_POINT('',(-15.24,-22.86,-30.1));
#10683 = DIRECTION('',(0.,0.,1.));
#10684 = DIRECTION('',(1.,0.,-0.));
#10685 = ADVANCED_FACE('',(#10686),#10705,.F.);
#10686 = FACE_BOUND('',#10687,.F.);
#10687 = EDGE_LOOP('',(#10688,#10689,#10697,#10704));
#10688 = ORIENTED_EDGE('',*,*,#3456,.F.);
#10689 = ORIENTED_EDGE('',*,*,#10690,.F.);
#10690 = EDGE_CURVE('',#10691,#3457,#10693,.T.);
#10691 = VERTEX_POINT('',#10692);
#10692 = CARTESIAN_POINT('',(1.375,7.62,-29.1));
#10693 = LINE('',#10694,#10695);
#10694 = CARTESIAN_POINT('',(1.375,7.62,-30.1));
#10695 = VECTOR('',#10696,1.);
#10696 = DIRECTION('',(0.,0.,1.));
#10697 = ORIENTED_EDGE('',*,*,#10698,.T.);
#10698 = EDGE_CURVE('',#10691,#10691,#10699,.T.);
#10699 = CIRCLE('',#10700,1.375);
#10700 = AXIS2_PLACEMENT_3D('',#10701,#10702,#10703);
#10701 = CARTESIAN_POINT('',(7.105427357601E-15,7.62,-29.1));
#10702 = DIRECTION('',(0.,0.,1.));
#10703 = DIRECTION('',(1.,0.,-0.));
#10704 = ORIENTED_EDGE('',*,*,#10690,.T.);
#10705 = CYLINDRICAL_SURFACE('',#10706,1.375);
#10706 = AXIS2_PLACEMENT_3D('',#10707,#10708,#10709);
#10707 = CARTESIAN_POINT('',(7.105427357601E-15,7.62,-30.1));
#10708 = DIRECTION('',(0.,0.,1.));
#10709 = DIRECTION('',(1.,0.,-0.));
#10710 = ADVANCED_FACE('',(#10711),#10730,.F.);
#10711 = FACE_BOUND('',#10712,.F.);
#10712 = EDGE_LOOP('',(#10713,#10714,#10722,#10729));
#10713 = ORIENTED_EDGE('',*,*,#3467,.F.);
#10714 = ORIENTED_EDGE('',*,*,#10715,.F.);
#10715 = EDGE_CURVE('',#10716,#3468,#10718,.T.);
#10716 = VERTEX_POINT('',#10717);
#10717 = CARTESIAN_POINT('',(31.855,-7.62,-29.1));
#10718 = LINE('',#10719,#10720);
#10719 = CARTESIAN_POINT('',(31.855,-7.62,-30.1));
#10720 = VECTOR('',#10721,1.);
#10721 = DIRECTION('',(0.,0.,1.));
#10722 = ORIENTED_EDGE('',*,*,#10723,.T.);
#10723 = EDGE_CURVE('',#10716,#10716,#10724,.T.);
#10724 = CIRCLE('',#10725,1.375);
#10725 = AXIS2_PLACEMENT_3D('',#10726,#10727,#10728);
#10726 = CARTESIAN_POINT('',(30.48,-7.62,-29.1));
#10727 = DIRECTION('',(0.,0.,1.));
#10728 = DIRECTION('',(1.,0.,-0.));
#10729 = ORIENTED_EDGE('',*,*,#10715,.T.);
#10730 = CYLINDRICAL_SURFACE('',#10731,1.375);
#10731 = AXIS2_PLACEMENT_3D('',#10732,#10733,#10734);
#10732 = CARTESIAN_POINT('',(30.48,-7.62,-30.1));
#10733 = DIRECTION('',(0.,0.,1.));
#10734 = DIRECTION('',(1.,0.,-0.));
#10735 = ADVANCED_FACE('',(#10736),#10755,.F.);
#10736 = FACE_BOUND('',#10737,.F.);
#10737 = EDGE_LOOP('',(#10738,#10739,#10747,#10754));
#10738 = ORIENTED_EDGE('',*,*,#3478,.F.);
#10739 = ORIENTED_EDGE('',*,*,#10740,.F.);
#10740 = EDGE_CURVE('',#10741,#3479,#10743,.T.);
#10741 = VERTEX_POINT('',#10742);
#10742 = CARTESIAN_POINT('',(16.615,-22.86,-29.1));
#10743 = LINE('',#10744,#10745);
#10744 = CARTESIAN_POINT('',(16.615,-22.86,-30.1));
#10745 = VECTOR('',#10746,1.);
#10746 = DIRECTION('',(0.,0.,1.));
#10747 = ORIENTED_EDGE('',*,*,#10748,.T.);
#10748 = EDGE_CURVE('',#10741,#10741,#10749,.T.);
#10749 = CIRCLE('',#10750,1.375);
#10750 = AXIS2_PLACEMENT_3D('',#10751,#10752,#10753);
#10751 = CARTESIAN_POINT('',(15.24,-22.86,-29.1));
#10752 = DIRECTION('',(0.,0.,1.));
#10753 = DIRECTION('',(1.,0.,-0.));
#10754 = ORIENTED_EDGE('',*,*,#10740,.T.);
#10755 = CYLINDRICAL_SURFACE('',#10756,1.375);
#10756 = AXIS2_PLACEMENT_3D('',#10757,#10758,#10759);
#10757 = CARTESIAN_POINT('',(15.24,-22.86,-30.1));
#10758 = DIRECTION('',(0.,0.,1.));
#10759 = DIRECTION('',(1.,0.,-0.));
#10760 = ADVANCED_FACE('',(#10761),#10780,.F.);
#10761 = FACE_BOUND('',#10762,.F.);
#10762 = EDGE_LOOP('',(#10763,#10764,#10772,#10779));
#10763 = ORIENTED_EDGE('',*,*,#3489,.F.);
#10764 = ORIENTED_EDGE('',*,*,#10765,.F.);
#10765 = EDGE_CURVE('',#10766,#3490,#10768,.T.);
#10766 = VERTEX_POINT('',#10767);
#10767 = CARTESIAN_POINT('',(16.615,22.86,-29.1));
#10768 = LINE('',#10769,#10770);
#10769 = CARTESIAN_POINT('',(16.615,22.86,-30.1));
#10770 = VECTOR('',#10771,1.);
#10771 = DIRECTION('',(0.,0.,1.));
#10772 = ORIENTED_EDGE('',*,*,#10773,.T.);
#10773 = EDGE_CURVE('',#10766,#10766,#10774,.T.);
#10774 = CIRCLE('',#10775,1.375);
#10775 = AXIS2_PLACEMENT_3D('',#10776,#10777,#10778);
#10776 = CARTESIAN_POINT('',(15.24,22.86,-29.1));
#10777 = DIRECTION('',(0.,0.,1.));
#10778 = DIRECTION('',(1.,0.,-0.));
#10779 = ORIENTED_EDGE('',*,*,#10765,.T.);
#10780 = CYLINDRICAL_SURFACE('',#10781,1.375);
#10781 = AXIS2_PLACEMENT_3D('',#10782,#10783,#10784);
#10782 = CARTESIAN_POINT('',(15.24,22.86,-30.1));
#10783 = DIRECTION('',(0.,0.,1.));
#10784 = DIRECTION('',(1.,0.,-0.));
#10785 = ADVANCED_FACE('',(#10786),#10805,.F.);
#10786 = FACE_BOUND('',#10787,.F.);
#10787 = EDGE_LOOP('',(#10788,#10789,#10797,#10804));
#10788 = ORIENTED_EDGE('',*,*,#3500,.F.);
#10789 = ORIENTED_EDGE('',*,*,#10790,.F.);
#10790 = EDGE_CURVE('',#10791,#3501,#10793,.T.);
#10791 = VERTEX_POINT('',#10792);
#10792 = CARTESIAN_POINT('',(1.375,-22.86,-29.1));
#10793 = LINE('',#10794,#10795);
#10794 = CARTESIAN_POINT('',(1.375,-22.86,-30.1));
#10795 = VECTOR('',#10796,1.);
#10796 = DIRECTION('',(0.,0.,1.));
#10797 = ORIENTED_EDGE('',*,*,#10798,.T.);
#10798 = EDGE_CURVE('',#10791,#10791,#10799,.T.);
#10799 = CIRCLE('',#10800,1.375);
#10800 = AXIS2_PLACEMENT_3D('',#10801,#10802,#10803);
#10801 = CARTESIAN_POINT('',(7.105427357601E-15,-22.86,-29.1));
#10802 = DIRECTION('',(0.,0.,1.));
#10803 = DIRECTION('',(1.,0.,-0.));
#10804 = ORIENTED_EDGE('',*,*,#10790,.T.);
#10805 = CYLINDRICAL_SURFACE('',#10806,1.375);
#10806 = AXIS2_PLACEMENT_3D('',#10807,#10808,#10809);
#10807 = CARTESIAN_POINT('',(7.105427357601E-15,-22.86,-30.1));
#10808 = DIRECTION('',(0.,0.,1.));
#10809 = DIRECTION('',(1.,0.,-0.));
#10810 = ADVANCED_FACE('',(#10811),#10830,.F.);
#10811 = FACE_BOUND('',#10812,.F.);
#10812 = EDGE_LOOP('',(#10813,#10814,#10822,#10829));
#10813 = ORIENTED_EDGE('',*,*,#3511,.F.);
#10814 = ORIENTED_EDGE('',*,*,#10815,.F.);
#10815 = EDGE_CURVE('',#10816,#3512,#10818,.T.);
#10816 = VERTEX_POINT('',#10817);
#10817 = CARTESIAN_POINT('',(-29.105,22.86,-29.1));
#10818 = LINE('',#10819,#10820);
#10819 = CARTESIAN_POINT('',(-29.105,22.86,-30.1));
#10820 = VECTOR('',#10821,1.);
#10821 = DIRECTION('',(0.,0.,1.));
#10822 = ORIENTED_EDGE('',*,*,#10823,.T.);
#10823 = EDGE_CURVE('',#10816,#10816,#10824,.T.);
#10824 = CIRCLE('',#10825,1.375);
#10825 = AXIS2_PLACEMENT_3D('',#10826,#10827,#10828);
#10826 = CARTESIAN_POINT('',(-30.48,22.86,-29.1));
#10827 = DIRECTION('',(0.,0.,1.));
#10828 = DIRECTION('',(1.,0.,-0.));
#10829 = ORIENTED_EDGE('',*,*,#10815,.T.);
#10830 = CYLINDRICAL_SURFACE('',#10831,1.375);
#10831 = AXIS2_PLACEMENT_3D('',#10832,#10833,#10834);
#10832 = CARTESIAN_POINT('',(-30.48,22.86,-30.1));
#10833 = DIRECTION('',(0.,0.,1.));
#10834 = DIRECTION('',(1.,0.,-0.));
#10835 = ADVANCED_FACE('',(#10836),#10855,.F.);
#10836 = FACE_BOUND('',#10837,.F.);
#10837 = EDGE_LOOP('',(#10838,#10839,#10847,#10854));
#10838 = ORIENTED_EDGE('',*,*,#3522,.F.);
#10839 = ORIENTED_EDGE('',*,*,#10840,.F.);
#10840 = EDGE_CURVE('',#10841,#3523,#10843,.T.);
#10841 = VERTEX_POINT('',#10842);
#10842 = CARTESIAN_POINT('',(-29.105,7.62,-29.1));
#10843 = LINE('',#10844,#10845);
#10844 = CARTESIAN_POINT('',(-29.105,7.62,-30.1));
#10845 = VECTOR('',#10846,1.);
#10846 = DIRECTION('',(0.,0.,1.));
#10847 = ORIENTED_EDGE('',*,*,#10848,.T.);
#10848 = EDGE_CURVE('',#10841,#10841,#10849,.T.);
#10849 = CIRCLE('',#10850,1.375);
#10850 = AXIS2_PLACEMENT_3D('',#10851,#10852,#10853);
#10851 = CARTESIAN_POINT('',(-30.48,7.62,-29.1));
#10852 = DIRECTION('',(0.,0.,1.));
#10853 = DIRECTION('',(1.,0.,-0.));
#10854 = ORIENTED_EDGE('',*,*,#10840,.T.);
#10855 = CYLINDRICAL_SURFACE('',#10856,1.375);
#10856 = AXIS2_PLACEMENT_3D('',#10857,#10858,#10859);
#10857 = CARTESIAN_POINT('',(-30.48,7.62,-30.1));
#10858 = DIRECTION('',(0.,0.,1.));
#10859 = DIRECTION('',(1.,0.,-0.));
#10860 = ADVANCED_FACE('',(#10861),#10880,.F.);
#10861 = FACE_BOUND('',#10862,.F.);
#10862 = EDGE_LOOP('',(#10863,#10864,#10872,#10879));
#10863 = ORIENTED_EDGE('',*,*,#3533,.F.);
#10864 = ORIENTED_EDGE('',*,*,#10865,.F.);
#10865 = EDGE_CURVE('',#10866,#3534,#10868,.T.);
#10866 = VERTEX_POINT('',#10867);
#10867 = CARTESIAN_POINT('',(-13.865,22.86,-29.1));
#10868 = LINE('',#10869,#10870);
#10869 = CARTESIAN_POINT('',(-13.865,22.86,-30.1));
#10870 = VECTOR('',#10871,1.);
#10871 = DIRECTION('',(0.,0.,1.));
#10872 = ORIENTED_EDGE('',*,*,#10873,.T.);
#10873 = EDGE_CURVE('',#10866,#10866,#10874,.T.);
#10874 = CIRCLE('',#10875,1.375);
#10875 = AXIS2_PLACEMENT_3D('',#10876,#10877,#10878);
#10876 = CARTESIAN_POINT('',(-15.24,22.86,-29.1));
#10877 = DIRECTION('',(0.,0.,1.));
#10878 = DIRECTION('',(1.,0.,-0.));
#10879 = ORIENTED_EDGE('',*,*,#10865,.T.);
#10880 = CYLINDRICAL_SURFACE('',#10881,1.375);
#10881 = AXIS2_PLACEMENT_3D('',#10882,#10883,#10884);
#10882 = CARTESIAN_POINT('',(-15.24,22.86,-30.1));
#10883 = DIRECTION('',(0.,0.,1.));
#10884 = DIRECTION('',(1.,0.,-0.));
#10885 = ADVANCED_FACE('',(#10886),#10905,.F.);
#10886 = FACE_BOUND('',#10887,.F.);
#10887 = EDGE_LOOP('',(#10888,#10889,#10897,#10904));
#10888 = ORIENTED_EDGE('',*,*,#3544,.F.);
#10889 = ORIENTED_EDGE('',*,*,#10890,.F.);
#10890 = EDGE_CURVE('',#10891,#3545,#10893,.T.);
#10891 = VERTEX_POINT('',#10892);
#10892 = CARTESIAN_POINT('',(-13.865,-7.62,-29.1));
#10893 = LINE('',#10894,#10895);
#10894 = CARTESIAN_POINT('',(-13.865,-7.62,-30.1));
#10895 = VECTOR('',#10896,1.);
#10896 = DIRECTION('',(0.,0.,1.));
#10897 = ORIENTED_EDGE('',*,*,#10898,.T.);
#10898 = EDGE_CURVE('',#10891,#10891,#10899,.T.);
#10899 = CIRCLE('',#10900,1.375);
#10900 = AXIS2_PLACEMENT_3D('',#10901,#10902,#10903);
#10901 = CARTESIAN_POINT('',(-15.24,-7.62,-29.1));
#10902 = DIRECTION('',(0.,0.,1.));
#10903 = DIRECTION('',(1.,0.,-0.));
#10904 = ORIENTED_EDGE('',*,*,#10890,.T.);
#10905 = CYLINDRICAL_SURFACE('',#10906,1.375);
#10906 = AXIS2_PLACEMENT_3D('',#10907,#10908,#10909);
#10907 = CARTESIAN_POINT('',(-15.24,-7.62,-30.1));
#10908 = DIRECTION('',(0.,0.,1.));
#10909 = DIRECTION('',(1.,0.,-0.));
#10910 = ADVANCED_FACE('',(#10911),#10930,.F.);
#10911 = FACE_BOUND('',#10912,.F.);
#10912 = EDGE_LOOP('',(#10913,#10914,#10922,#10929));
#10913 = ORIENTED_EDGE('',*,*,#3555,.F.);
#10914 = ORIENTED_EDGE('',*,*,#10915,.F.);
#10915 = EDGE_CURVE('',#10916,#3556,#10918,.T.);
#10916 = VERTEX_POINT('',#10917);
#10917 = CARTESIAN_POINT('',(31.855,22.86,-29.1));
#10918 = LINE('',#10919,#10920);
#10919 = CARTESIAN_POINT('',(31.855,22.86,-30.1));
#10920 = VECTOR('',#10921,1.);
#10921 = DIRECTION('',(0.,0.,1.));
#10922 = ORIENTED_EDGE('',*,*,#10923,.T.);
#10923 = EDGE_CURVE('',#10916,#10916,#10924,.T.);
#10924 = CIRCLE('',#10925,1.375);
#10925 = AXIS2_PLACEMENT_3D('',#10926,#10927,#10928);
#10926 = CARTESIAN_POINT('',(30.48,22.86,-29.1));
#10927 = DIRECTION('',(0.,0.,1.));
#10928 = DIRECTION('',(1.,0.,-0.));
#10929 = ORIENTED_EDGE('',*,*,#10915,.T.);
#10930 = CYLINDRICAL_SURFACE('',#10931,1.375);
#10931 = AXIS2_PLACEMENT_3D('',#10932,#10933,#10934);
#10932 = CARTESIAN_POINT('',(30.48,22.86,-30.1));
#10933 = DIRECTION('',(0.,0.,1.));
#10934 = DIRECTION('',(1.,0.,-0.));
#10935 = ADVANCED_FACE('',(#10936),#10955,.F.);
#10936 = FACE_BOUND('',#10937,.F.);
#10937 = EDGE_LOOP('',(#10938,#10939,#10947,#10954));
#10938 = ORIENTED_EDGE('',*,*,#3566,.F.);
#10939 = ORIENTED_EDGE('',*,*,#10940,.F.);
#10940 = EDGE_CURVE('',#10941,#3567,#10943,.T.);
#10941 = VERTEX_POINT('',#10942);
#10942 = CARTESIAN_POINT('',(-29.105,-7.62,-29.1));
#10943 = LINE('',#10944,#10945);
#10944 = CARTESIAN_POINT('',(-29.105,-7.62,-30.1));
#10945 = VECTOR('',#10946,1.);
#10946 = DIRECTION('',(0.,0.,1.));
#10947 = ORIENTED_EDGE('',*,*,#10948,.T.);
#10948 = EDGE_CURVE('',#10941,#10941,#10949,.T.);
#10949 = CIRCLE('',#10950,1.375);
#10950 = AXIS2_PLACEMENT_3D('',#10951,#10952,#10953);
#10951 = CARTESIAN_POINT('',(-30.48,-7.62,-29.1));
#10952 = DIRECTION('',(0.,0.,1.));
#10953 = DIRECTION('',(1.,0.,-0.));
#10954 = ORIENTED_EDGE('',*,*,#10940,.T.);
#10955 = CYLINDRICAL_SURFACE('',#10956,1.375);
#10956 = AXIS2_PLACEMENT_3D('',#10957,#10958,#10959);
#10957 = CARTESIAN_POINT('',(-30.48,-7.62,-30.1));
#10958 = DIRECTION('',(0.,0.,1.));
#10959 = DIRECTION('',(1.,0.,-0.));
#10960 = ADVANCED_FACE('',(#10961),#10980,.F.);
#10961 = FACE_BOUND('',#10962,.F.);
#10962 = EDGE_LOOP('',(#10963,#10964,#10972,#10979));
#10963 = ORIENTED_EDGE('',*,*,#3577,.F.);
#10964 = ORIENTED_EDGE('',*,*,#10965,.F.);
#10965 = EDGE_CURVE('',#10966,#3578,#10968,.T.);
#10966 = VERTEX_POINT('',#10967);
#10967 = CARTESIAN_POINT('',(16.615,-7.62,-29.1));
#10968 = LINE('',#10969,#10970);
#10969 = CARTESIAN_POINT('',(16.615,-7.62,-30.1));
#10970 = VECTOR('',#10971,1.);
#10971 = DIRECTION('',(0.,0.,1.));
#10972 = ORIENTED_EDGE('',*,*,#10973,.T.);
#10973 = EDGE_CURVE('',#10966,#10966,#10974,.T.);
#10974 = CIRCLE('',#10975,1.375);
#10975 = AXIS2_PLACEMENT_3D('',#10976,#10977,#10978);
#10976 = CARTESIAN_POINT('',(15.24,-7.62,-29.1));
#10977 = DIRECTION('',(0.,0.,1.));
#10978 = DIRECTION('',(1.,0.,-0.));
#10979 = ORIENTED_EDGE('',*,*,#10965,.T.);
#10980 = CYLINDRICAL_SURFACE('',#10981,1.375);
#10981 = AXIS2_PLACEMENT_3D('',#10982,#10983,#10984);
#10982 = CARTESIAN_POINT('',(15.24,-7.62,-30.1));
#10983 = DIRECTION('',(0.,0.,1.));
#10984 = DIRECTION('',(1.,0.,-0.));
#10985 = ADVANCED_FACE('',(#10986),#11005,.F.);
#10986 = FACE_BOUND('',#10987,.F.);
#10987 = EDGE_LOOP('',(#10988,#10989,#10997,#11004));
#10988 = ORIENTED_EDGE('',*,*,#3588,.F.);
#10989 = ORIENTED_EDGE('',*,*,#10990,.F.);
#10990 = EDGE_CURVE('',#10991,#3589,#10993,.T.);
#10991 = VERTEX_POINT('',#10992);
#10992 = CARTESIAN_POINT('',(1.375,22.86,-29.1));
#10993 = LINE('',#10994,#10995);
#10994 = CARTESIAN_POINT('',(1.375,22.86,-30.1));
#10995 = VECTOR('',#10996,1.);
#10996 = DIRECTION('',(0.,0.,1.));
#10997 = ORIENTED_EDGE('',*,*,#10998,.T.);
#10998 = EDGE_CURVE('',#10991,#10991,#10999,.T.);
#10999 = CIRCLE('',#11000,1.375);
#11000 = AXIS2_PLACEMENT_3D('',#11001,#11002,#11003);
#11001 = CARTESIAN_POINT('',(7.105427357601E-15,22.86,-29.1));
#11002 = DIRECTION('',(0.,0.,1.));
#11003 = DIRECTION('',(1.,0.,-0.));
#11004 = ORIENTED_EDGE('',*,*,#10990,.T.);
#11005 = CYLINDRICAL_SURFACE('',#11006,1.375);
#11006 = AXIS2_PLACEMENT_3D('',#11007,#11008,#11009);
#11007 = CARTESIAN_POINT('',(7.105427357601E-15,22.86,-30.1));
#11008 = DIRECTION('',(0.,0.,1.));
#11009 = DIRECTION('',(1.,0.,-0.));
#11010 = ADVANCED_FACE('',(#11011),#11037,.F.);
#11011 = FACE_BOUND('',#11012,.F.);
#11012 = EDGE_LOOP('',(#11013,#11014,#11022,#11031));
#11013 = ORIENTED_EDGE('',*,*,#3599,.F.);
#11014 = ORIENTED_EDGE('',*,*,#11015,.F.);
#11015 = EDGE_CURVE('',#11016,#3600,#11018,.T.);
#11016 = VERTEX_POINT('',#11017);
#11017 = CARTESIAN_POINT('',(-21.,3.735083679079,-29.1));
#11018 = LINE('',#11019,#11020);
#11019 = CARTESIAN_POINT('',(-21.,3.735083679079,-30.1));
#11020 = VECTOR('',#11021,1.);
#11021 = DIRECTION('',(0.,0.,1.));
#11022 = ORIENTED_EDGE('',*,*,#11023,.T.);
#11023 = EDGE_CURVE('',#11016,#11024,#11026,.T.);
#11024 = VERTEX_POINT('',#11025);
#11025 = CARTESIAN_POINT('',(-21.,1.344916320921,-29.1));
#11026 = CIRCLE('',#11027,1.375);
#11027 = AXIS2_PLACEMENT_3D('',#11028,#11029,#11030);
#11028 = CARTESIAN_POINT('',(-20.32,2.54,-29.1));
#11029 = DIRECTION('',(0.,0.,1.));
#11030 = DIRECTION('',(1.,0.,-0.));
#11031 = ORIENTED_EDGE('',*,*,#11032,.T.);
#11032 = EDGE_CURVE('',#11024,#3602,#11033,.T.);
#11033 = LINE('',#11034,#11035);
#11034 = CARTESIAN_POINT('',(-21.,1.344916320921,-30.1));
#11035 = VECTOR('',#11036,1.);
#11036 = DIRECTION('',(0.,0.,1.));
#11037 = CYLINDRICAL_SURFACE('',#11038,1.375);
#11038 = AXIS2_PLACEMENT_3D('',#11039,#11040,#11041);
#11039 = CARTESIAN_POINT('',(-20.32,2.54,-30.1));
#11040 = DIRECTION('',(0.,0.,1.));
#11041 = DIRECTION('',(1.,0.,-0.));
#11042 = ADVANCED_FACE('',(#11043),#11054,.F.);
#11043 = FACE_BOUND('',#11044,.F.);
#11044 = EDGE_LOOP('',(#11045,#11046,#11047,#11053));
#11045 = ORIENTED_EDGE('',*,*,#3610,.F.);
#11046 = ORIENTED_EDGE('',*,*,#11032,.F.);
#11047 = ORIENTED_EDGE('',*,*,#11048,.T.);
#11048 = EDGE_CURVE('',#11024,#11016,#11049,.T.);
#11049 = LINE('',#11050,#11051);
#11050 = CARTESIAN_POINT('',(-21.,-4.6,-29.1));
#11051 = VECTOR('',#11052,1.);
#11052 = DIRECTION('',(-0.,1.,0.));
#11053 = ORIENTED_EDGE('',*,*,#11015,.T.);
#11054 = PLANE('',#11055);
#11055 = AXIS2_PLACEMENT_3D('',#11056,#11057,#11058);
#11056 = CARTESIAN_POINT('',(-21.,-4.6,-29.1));
#11057 = DIRECTION('',(1.,0.,-0.));
#11058 = DIRECTION('',(0.,0.,1.));
#11059 = ADVANCED_FACE('',(#11060),#11085,.T.);
#11060 = FACE_BOUND('',#11061,.T.);
#11061 = EDGE_LOOP('',(#11062,#11070,#11078,#11084));
#11062 = ORIENTED_EDGE('',*,*,#11063,.F.);
#11063 = EDGE_CURVE('',#11064,#3619,#11066,.T.);
#11064 = VERTEX_POINT('',#11065);
#11065 = CARTESIAN_POINT('',(21.,-3.735083679079,-29.1));
#11066 = LINE('',#11067,#11068);
#11067 = CARTESIAN_POINT('',(21.,-3.735083679079,-30.1));
#11068 = VECTOR('',#11069,1.);
#11069 = DIRECTION('',(0.,0.,1.));
#11070 = ORIENTED_EDGE('',*,*,#11071,.T.);
#11071 = EDGE_CURVE('',#11064,#11072,#11074,.T.);
#11072 = VERTEX_POINT('',#11073);
#11073 = CARTESIAN_POINT('',(21.,-1.344916320921,-29.1));
#11074 = LINE('',#11075,#11076);
#11075 = CARTESIAN_POINT('',(21.,-4.6,-29.1));
#11076 = VECTOR('',#11077,1.);
#11077 = DIRECTION('',(-0.,1.,0.));
#11078 = ORIENTED_EDGE('',*,*,#11079,.T.);
#11079 = EDGE_CURVE('',#11072,#3630,#11080,.T.);
#11080 = LINE('',#11081,#11082);
#11081 = CARTESIAN_POINT('',(21.,-1.344916320921,-30.1));
#11082 = VECTOR('',#11083,1.);
#11083 = DIRECTION('',(0.,0.,1.));
#11084 = ORIENTED_EDGE('',*,*,#3629,.F.);
#11085 = PLANE('',#11086);
#11086 = AXIS2_PLACEMENT_3D('',#11087,#11088,#11089);
#11087 = CARTESIAN_POINT('',(21.,-4.6,-29.1));
#11088 = DIRECTION('',(1.,0.,-0.));
#11089 = DIRECTION('',(0.,0.,1.));
#11090 = ADVANCED_FACE('',(#11091,#11101,#11122,#11143,#11164,#11185,
    #11191,#11197,#11203,#11209,#11230,#11236,#11257,#11278,#11284,
    #11305,#11311,#11332,#11353,#11374,#11395,#11401,#11407,#11413,
    #11419,#11425,#11431,#11437,#11443,#11449,#11470,#11476,#11482,
    #11503,#11509,#11515,#11521,#11527,#11548,#11569,#11590,#11611,
    #11632,#11638,#11659,#11680,#11701,#11722,#11743,#11764,#11770,
    #11776,#11782,#11803,#11809,#11830,#11851,#11872,#11893,#11899,
    #11905,#11926,#11932,#11938,#11959,#11980,#11986,#11992,#12013,
    #12019,#12027,#12035,#12041,#12047,#12053,#12059,#12066,#12073,
    #12076,#12079,#12082,#12085,#12088,#12091,#12094,#12097,#12100,
    #12103,#12106,#12109,#12112,#12115,#12118,#12121,#12124,#12127,
    #12130,#12133,#12137),#12156,.F.);
#11091 = FACE_BOUND('',#11092,.T.);
#11092 = EDGE_LOOP('',(#11093,#11094,#11095,#11096,#11097,#11098,#11099,
    #11100));
#11093 = ORIENTED_EDGE('',*,*,#39,.T.);
#11094 = ORIENTED_EDGE('',*,*,#94,.T.);
#11095 = ORIENTED_EDGE('',*,*,#158,.T.);
#11096 = ORIENTED_EDGE('',*,*,#222,.F.);
#11097 = ORIENTED_EDGE('',*,*,#262,.F.);
#11098 = ORIENTED_EDGE('',*,*,#189,.T.);
#11099 = ORIENTED_EDGE('',*,*,#127,.F.);
#11100 = ORIENTED_EDGE('',*,*,#61,.F.);
#11101 = FACE_BOUND('',#11102,.F.);
#11102 = EDGE_LOOP('',(#11103,#11104,#11113,#11120,#11121));
#11103 = ORIENTED_EDGE('',*,*,#3684,.F.);
#11104 = ORIENTED_EDGE('',*,*,#11105,.F.);
#11105 = EDGE_CURVE('',#11106,#3685,#11108,.T.);
#11106 = VERTEX_POINT('',#11107);
#11107 = CARTESIAN_POINT('',(36.935,27.94,-29.1));
#11108 = CIRCLE('',#11109,1.375);
#11109 = AXIS2_PLACEMENT_3D('',#11110,#11111,#11112);
#11110 = CARTESIAN_POINT('',(35.56,27.94,-29.1));
#11111 = DIRECTION('',(0.,0.,1.));
#11112 = DIRECTION('',(1.,0.,-0.));
#11113 = ORIENTED_EDGE('',*,*,#11114,.F.);
#11114 = EDGE_CURVE('',#3709,#11106,#11115,.T.);
#11115 = CIRCLE('',#11116,1.375);
#11116 = AXIS2_PLACEMENT_3D('',#11117,#11118,#11119);
#11117 = CARTESIAN_POINT('',(35.56,27.94,-29.1));
#11118 = DIRECTION('',(0.,0.,1.));
#11119 = DIRECTION('',(1.,0.,-0.));
#11120 = ORIENTED_EDGE('',*,*,#3708,.T.);
#11121 = ORIENTED_EDGE('',*,*,#3661,.F.);
#11122 = FACE_BOUND('',#11123,.F.);
#11123 = EDGE_LOOP('',(#11124,#11125,#11134,#11141,#11142));
#11124 = ORIENTED_EDGE('',*,*,#3764,.F.);
#11125 = ORIENTED_EDGE('',*,*,#11126,.F.);
#11126 = EDGE_CURVE('',#11127,#3765,#11129,.T.);
#11127 = VERTEX_POINT('',#11128);
#11128 = CARTESIAN_POINT('',(36.935,-2.54,-29.1));
#11129 = CIRCLE('',#11130,1.375);
#11130 = AXIS2_PLACEMENT_3D('',#11131,#11132,#11133);
#11131 = CARTESIAN_POINT('',(35.56,-2.54,-29.1));
#11132 = DIRECTION('',(0.,0.,1.));
#11133 = DIRECTION('',(1.,0.,-0.));
#11134 = ORIENTED_EDGE('',*,*,#11135,.F.);
#11135 = EDGE_CURVE('',#3789,#11127,#11136,.T.);
#11136 = CIRCLE('',#11137,1.375);
#11137 = AXIS2_PLACEMENT_3D('',#11138,#11139,#11140);
#11138 = CARTESIAN_POINT('',(35.56,-2.54,-29.1));
#11139 = DIRECTION('',(0.,0.,1.));
#11140 = DIRECTION('',(1.,0.,-0.));
#11141 = ORIENTED_EDGE('',*,*,#3788,.T.);
#11142 = ORIENTED_EDGE('',*,*,#3741,.F.);
#11143 = FACE_BOUND('',#11144,.F.);
#11144 = EDGE_LOOP('',(#11145,#11146,#11155,#11162,#11163));
#11145 = ORIENTED_EDGE('',*,*,#3844,.F.);
#11146 = ORIENTED_EDGE('',*,*,#11147,.F.);
#11147 = EDGE_CURVE('',#11148,#3845,#11150,.T.);
#11148 = VERTEX_POINT('',#11149);
#11149 = CARTESIAN_POINT('',(36.935,12.7,-29.1));
#11150 = CIRCLE('',#11151,1.375);
#11151 = AXIS2_PLACEMENT_3D('',#11152,#11153,#11154);
#11152 = CARTESIAN_POINT('',(35.56,12.7,-29.1));
#11153 = DIRECTION('',(0.,0.,1.));
#11154 = DIRECTION('',(1.,0.,-0.));
#11155 = ORIENTED_EDGE('',*,*,#11156,.F.);
#11156 = EDGE_CURVE('',#3869,#11148,#11157,.T.);
#11157 = CIRCLE('',#11158,1.375);
#11158 = AXIS2_PLACEMENT_3D('',#11159,#11160,#11161);
#11159 = CARTESIAN_POINT('',(35.56,12.7,-29.1));
#11160 = DIRECTION('',(0.,0.,1.));
#11161 = DIRECTION('',(1.,0.,-0.));
#11162 = ORIENTED_EDGE('',*,*,#3868,.T.);
#11163 = ORIENTED_EDGE('',*,*,#3821,.F.);
#11164 = FACE_BOUND('',#11165,.F.);
#11165 = EDGE_LOOP('',(#11166,#11167,#11176,#11183,#11184));
#11166 = ORIENTED_EDGE('',*,*,#3924,.F.);
#11167 = ORIENTED_EDGE('',*,*,#11168,.F.);
#11168 = EDGE_CURVE('',#11169,#3925,#11171,.T.);
#11169 = VERTEX_POINT('',#11170);
#11170 = CARTESIAN_POINT('',(36.935,-17.78,-29.1));
#11171 = CIRCLE('',#11172,1.375);
#11172 = AXIS2_PLACEMENT_3D('',#11173,#11174,#11175);
#11173 = CARTESIAN_POINT('',(35.56,-17.78,-29.1));
#11174 = DIRECTION('',(0.,0.,1.));
#11175 = DIRECTION('',(1.,0.,-0.));
#11176 = ORIENTED_EDGE('',*,*,#11177,.F.);
#11177 = EDGE_CURVE('',#3949,#11169,#11178,.T.);
#11178 = CIRCLE('',#11179,1.375);
#11179 = AXIS2_PLACEMENT_3D('',#11180,#11181,#11182);
#11180 = CARTESIAN_POINT('',(35.56,-17.78,-29.1));
#11181 = DIRECTION('',(0.,0.,1.));
#11182 = DIRECTION('',(1.,0.,-0.));
#11183 = ORIENTED_EDGE('',*,*,#3948,.T.);
#11184 = ORIENTED_EDGE('',*,*,#3901,.F.);
#11185 = FACE_BOUND('',#11186,.F.);
#11186 = EDGE_LOOP('',(#11187,#11188,#11189,#11190));
#11187 = ORIENTED_EDGE('',*,*,#4012,.F.);
#11188 = ORIENTED_EDGE('',*,*,#4055,.F.);
#11189 = ORIENTED_EDGE('',*,*,#4036,.T.);
#11190 = ORIENTED_EDGE('',*,*,#3981,.F.);
#11191 = FACE_BOUND('',#11192,.F.);
#11192 = EDGE_LOOP('',(#11193,#11194,#11195,#11196));
#11193 = ORIENTED_EDGE('',*,*,#4110,.F.);
#11194 = ORIENTED_EDGE('',*,*,#4153,.F.);
#11195 = ORIENTED_EDGE('',*,*,#4134,.T.);
#11196 = ORIENTED_EDGE('',*,*,#4079,.F.);
#11197 = FACE_BOUND('',#11198,.F.);
#11198 = EDGE_LOOP('',(#11199,#11200,#11201,#11202));
#11199 = ORIENTED_EDGE('',*,*,#4208,.F.);
#11200 = ORIENTED_EDGE('',*,*,#4251,.F.);
#11201 = ORIENTED_EDGE('',*,*,#4232,.T.);
#11202 = ORIENTED_EDGE('',*,*,#4177,.F.);
#11203 = FACE_BOUND('',#11204,.F.);
#11204 = EDGE_LOOP('',(#11205,#11206,#11207,#11208));
#11205 = ORIENTED_EDGE('',*,*,#4306,.F.);
#11206 = ORIENTED_EDGE('',*,*,#4349,.F.);
#11207 = ORIENTED_EDGE('',*,*,#4330,.T.);
#11208 = ORIENTED_EDGE('',*,*,#4275,.F.);
#11209 = FACE_BOUND('',#11210,.F.);
#11210 = EDGE_LOOP('',(#11211,#11212,#11221,#11228,#11229));
#11211 = ORIENTED_EDGE('',*,*,#4396,.F.);
#11212 = ORIENTED_EDGE('',*,*,#11213,.F.);
#11213 = EDGE_CURVE('',#11214,#4397,#11216,.T.);
#11214 = VERTEX_POINT('',#11215);
#11215 = CARTESIAN_POINT('',(21.695,27.94,-29.1));
#11216 = CIRCLE('',#11217,1.375);
#11217 = AXIS2_PLACEMENT_3D('',#11218,#11219,#11220);
#11218 = CARTESIAN_POINT('',(20.32,27.94,-29.1));
#11219 = DIRECTION('',(0.,0.,1.));
#11220 = DIRECTION('',(1.,0.,-0.));
#11221 = ORIENTED_EDGE('',*,*,#11222,.F.);
#11222 = EDGE_CURVE('',#4421,#11214,#11223,.T.);
#11223 = CIRCLE('',#11224,1.375);
#11224 = AXIS2_PLACEMENT_3D('',#11225,#11226,#11227);
#11225 = CARTESIAN_POINT('',(20.32,27.94,-29.1));
#11226 = DIRECTION('',(0.,0.,1.));
#11227 = DIRECTION('',(1.,0.,-0.));
#11228 = ORIENTED_EDGE('',*,*,#4420,.T.);
#11229 = ORIENTED_EDGE('',*,*,#4373,.F.);
#11230 = FACE_BOUND('',#11231,.F.);
#11231 = EDGE_LOOP('',(#11232,#11233,#11234,#11235));
#11232 = ORIENTED_EDGE('',*,*,#4484,.F.);
#11233 = ORIENTED_EDGE('',*,*,#4527,.F.);
#11234 = ORIENTED_EDGE('',*,*,#4508,.T.);
#11235 = ORIENTED_EDGE('',*,*,#4453,.F.);
#11236 = FACE_BOUND('',#11237,.F.);
#11237 = EDGE_LOOP('',(#11238,#11239,#11248,#11255,#11256));
#11238 = ORIENTED_EDGE('',*,*,#4574,.F.);
#11239 = ORIENTED_EDGE('',*,*,#11240,.F.);
#11240 = EDGE_CURVE('',#11241,#4575,#11243,.T.);
#11241 = VERTEX_POINT('',#11242);
#11242 = CARTESIAN_POINT('',(21.695,-17.78,-29.1));
#11243 = CIRCLE('',#11244,1.375);
#11244 = AXIS2_PLACEMENT_3D('',#11245,#11246,#11247);
#11245 = CARTESIAN_POINT('',(20.32,-17.78,-29.1));
#11246 = DIRECTION('',(0.,0.,1.));
#11247 = DIRECTION('',(1.,0.,-0.));
#11248 = ORIENTED_EDGE('',*,*,#11249,.F.);
#11249 = EDGE_CURVE('',#4599,#11241,#11250,.T.);
#11250 = CIRCLE('',#11251,1.375);
#11251 = AXIS2_PLACEMENT_3D('',#11252,#11253,#11254);
#11252 = CARTESIAN_POINT('',(20.32,-17.78,-29.1));
#11253 = DIRECTION('',(0.,0.,1.));
#11254 = DIRECTION('',(1.,0.,-0.));
#11255 = ORIENTED_EDGE('',*,*,#4598,.T.);
#11256 = ORIENTED_EDGE('',*,*,#4551,.F.);
#11257 = FACE_BOUND('',#11258,.F.);
#11258 = EDGE_LOOP('',(#11259,#11260,#11269,#11276,#11277));
#11259 = ORIENTED_EDGE('',*,*,#4654,.F.);
#11260 = ORIENTED_EDGE('',*,*,#11261,.F.);
#11261 = EDGE_CURVE('',#11262,#4655,#11264,.T.);
#11262 = VERTEX_POINT('',#11263);
#11263 = CARTESIAN_POINT('',(21.695,12.7,-29.1));
#11264 = CIRCLE('',#11265,1.375);
#11265 = AXIS2_PLACEMENT_3D('',#11266,#11267,#11268);
#11266 = CARTESIAN_POINT('',(20.32,12.7,-29.1));
#11267 = DIRECTION('',(0.,0.,1.));
#11268 = DIRECTION('',(1.,0.,-0.));
#11269 = ORIENTED_EDGE('',*,*,#11270,.F.);
#11270 = EDGE_CURVE('',#4679,#11262,#11271,.T.);
#11271 = CIRCLE('',#11272,1.375);
#11272 = AXIS2_PLACEMENT_3D('',#11273,#11274,#11275);
#11273 = CARTESIAN_POINT('',(20.32,12.7,-29.1));
#11274 = DIRECTION('',(0.,0.,1.));
#11275 = DIRECTION('',(1.,0.,-0.));
#11276 = ORIENTED_EDGE('',*,*,#4678,.T.);
#11277 = ORIENTED_EDGE('',*,*,#4631,.F.);
#11278 = FACE_BOUND('',#11279,.F.);
#11279 = EDGE_LOOP('',(#11280,#11281,#11282,#11283));
#11280 = ORIENTED_EDGE('',*,*,#4742,.F.);
#11281 = ORIENTED_EDGE('',*,*,#4785,.F.);
#11282 = ORIENTED_EDGE('',*,*,#4766,.T.);
#11283 = ORIENTED_EDGE('',*,*,#4711,.F.);
#11284 = FACE_BOUND('',#11285,.F.);
#11285 = EDGE_LOOP('',(#11286,#11287,#11296,#11303,#11304));
#11286 = ORIENTED_EDGE('',*,*,#4832,.F.);
#11287 = ORIENTED_EDGE('',*,*,#11288,.F.);
#11288 = EDGE_CURVE('',#11289,#4833,#11291,.T.);
#11289 = VERTEX_POINT('',#11290);
#11290 = CARTESIAN_POINT('',(-29.105,-12.7,-29.1));
#11291 = CIRCLE('',#11292,1.375);
#11292 = AXIS2_PLACEMENT_3D('',#11293,#11294,#11295);
#11293 = CARTESIAN_POINT('',(-30.48,-12.7,-29.1));
#11294 = DIRECTION('',(0.,0.,1.));
#11295 = DIRECTION('',(1.,0.,-0.));
#11296 = ORIENTED_EDGE('',*,*,#11297,.F.);
#11297 = EDGE_CURVE('',#4857,#11289,#11298,.T.);
#11298 = CIRCLE('',#11299,1.375);
#11299 = AXIS2_PLACEMENT_3D('',#11300,#11301,#11302);
#11300 = CARTESIAN_POINT('',(-30.48,-12.7,-29.1));
#11301 = DIRECTION('',(0.,0.,1.));
#11302 = DIRECTION('',(1.,0.,-0.));
#11303 = ORIENTED_EDGE('',*,*,#4856,.T.);
#11304 = ORIENTED_EDGE('',*,*,#4809,.F.);
#11305 = FACE_BOUND('',#11306,.F.);
#11306 = EDGE_LOOP('',(#11307,#11308,#11309,#11310));
#11307 = ORIENTED_EDGE('',*,*,#4920,.F.);
#11308 = ORIENTED_EDGE('',*,*,#4963,.F.);
#11309 = ORIENTED_EDGE('',*,*,#4944,.T.);
#11310 = ORIENTED_EDGE('',*,*,#4889,.F.);
#11311 = FACE_BOUND('',#11312,.F.);
#11312 = EDGE_LOOP('',(#11313,#11314,#11323,#11330,#11331));
#11313 = ORIENTED_EDGE('',*,*,#5010,.F.);
#11314 = ORIENTED_EDGE('',*,*,#11315,.F.);
#11315 = EDGE_CURVE('',#11316,#5011,#11318,.T.);
#11316 = VERTEX_POINT('',#11317);
#11317 = CARTESIAN_POINT('',(-29.105,17.78,-29.1));
#11318 = CIRCLE('',#11319,1.375);
#11319 = AXIS2_PLACEMENT_3D('',#11320,#11321,#11322);
#11320 = CARTESIAN_POINT('',(-30.48,17.78,-29.1));
#11321 = DIRECTION('',(0.,0.,1.));
#11322 = DIRECTION('',(1.,0.,-0.));
#11323 = ORIENTED_EDGE('',*,*,#11324,.F.);
#11324 = EDGE_CURVE('',#5035,#11316,#11325,.T.);
#11325 = CIRCLE('',#11326,1.375);
#11326 = AXIS2_PLACEMENT_3D('',#11327,#11328,#11329);
#11327 = CARTESIAN_POINT('',(-30.48,17.78,-29.1));
#11328 = DIRECTION('',(0.,0.,1.));
#11329 = DIRECTION('',(1.,0.,-0.));
#11330 = ORIENTED_EDGE('',*,*,#5034,.T.);
#11331 = ORIENTED_EDGE('',*,*,#4987,.F.);
#11332 = FACE_BOUND('',#11333,.F.);
#11333 = EDGE_LOOP('',(#11334,#11335,#11344,#11351,#11352));
#11334 = ORIENTED_EDGE('',*,*,#5090,.F.);
#11335 = ORIENTED_EDGE('',*,*,#11336,.F.);
#11336 = EDGE_CURVE('',#11337,#5091,#11339,.T.);
#11337 = VERTEX_POINT('',#11338);
#11338 = CARTESIAN_POINT('',(-8.785,12.7,-29.1));
#11339 = CIRCLE('',#11340,1.375);
#11340 = AXIS2_PLACEMENT_3D('',#11341,#11342,#11343);
#11341 = CARTESIAN_POINT('',(-10.16,12.7,-29.1));
#11342 = DIRECTION('',(0.,0.,1.));
#11343 = DIRECTION('',(1.,0.,-0.));
#11344 = ORIENTED_EDGE('',*,*,#11345,.F.);
#11345 = EDGE_CURVE('',#5115,#11337,#11346,.T.);
#11346 = CIRCLE('',#11347,1.375);
#11347 = AXIS2_PLACEMENT_3D('',#11348,#11349,#11350);
#11348 = CARTESIAN_POINT('',(-10.16,12.7,-29.1));
#11349 = DIRECTION('',(0.,0.,1.));
#11350 = DIRECTION('',(1.,0.,-0.));
#11351 = ORIENTED_EDGE('',*,*,#5114,.T.);
#11352 = ORIENTED_EDGE('',*,*,#5067,.F.);
#11353 = FACE_BOUND('',#11354,.F.);
#11354 = EDGE_LOOP('',(#11355,#11356,#11365,#11372,#11373));
#11355 = ORIENTED_EDGE('',*,*,#5170,.F.);
#11356 = ORIENTED_EDGE('',*,*,#11357,.F.);
#11357 = EDGE_CURVE('',#11358,#5171,#11360,.T.);
#11358 = VERTEX_POINT('',#11359);
#11359 = CARTESIAN_POINT('',(-29.105,2.54,-29.1));
#11360 = CIRCLE('',#11361,1.375);
#11361 = AXIS2_PLACEMENT_3D('',#11362,#11363,#11364);
#11362 = CARTESIAN_POINT('',(-30.48,2.54,-29.1));
#11363 = DIRECTION('',(0.,0.,1.));
#11364 = DIRECTION('',(1.,0.,-0.));
#11365 = ORIENTED_EDGE('',*,*,#11366,.F.);
#11366 = EDGE_CURVE('',#5195,#11358,#11367,.T.);
#11367 = CIRCLE('',#11368,1.375);
#11368 = AXIS2_PLACEMENT_3D('',#11369,#11370,#11371);
#11369 = CARTESIAN_POINT('',(-30.48,2.54,-29.1));
#11370 = DIRECTION('',(0.,0.,1.));
#11371 = DIRECTION('',(1.,0.,-0.));
#11372 = ORIENTED_EDGE('',*,*,#5194,.T.);
#11373 = ORIENTED_EDGE('',*,*,#5147,.F.);
#11374 = FACE_BOUND('',#11375,.F.);
#11375 = EDGE_LOOP('',(#11376,#11377,#11386,#11393,#11394));
#11376 = ORIENTED_EDGE('',*,*,#5250,.F.);
#11377 = ORIENTED_EDGE('',*,*,#11378,.F.);
#11378 = EDGE_CURVE('',#11379,#5251,#11381,.T.);
#11379 = VERTEX_POINT('',#11380);
#11380 = CARTESIAN_POINT('',(-29.105,-27.94,-29.1));
#11381 = CIRCLE('',#11382,1.375);
#11382 = AXIS2_PLACEMENT_3D('',#11383,#11384,#11385);
#11383 = CARTESIAN_POINT('',(-30.48,-27.94,-29.1));
#11384 = DIRECTION('',(0.,0.,1.));
#11385 = DIRECTION('',(1.,0.,-0.));
#11386 = ORIENTED_EDGE('',*,*,#11387,.F.);
#11387 = EDGE_CURVE('',#5275,#11379,#11388,.T.);
#11388 = CIRCLE('',#11389,1.375);
#11389 = AXIS2_PLACEMENT_3D('',#11390,#11391,#11392);
#11390 = CARTESIAN_POINT('',(-30.48,-27.94,-29.1));
#11391 = DIRECTION('',(0.,0.,1.));
#11392 = DIRECTION('',(1.,0.,-0.));
#11393 = ORIENTED_EDGE('',*,*,#5274,.T.);
#11394 = ORIENTED_EDGE('',*,*,#5227,.F.);
#11395 = FACE_BOUND('',#11396,.F.);
#11396 = EDGE_LOOP('',(#11397,#11398,#11399,#11400));
#11397 = ORIENTED_EDGE('',*,*,#5338,.F.);
#11398 = ORIENTED_EDGE('',*,*,#5381,.F.);
#11399 = ORIENTED_EDGE('',*,*,#5362,.T.);
#11400 = ORIENTED_EDGE('',*,*,#5307,.F.);
#11401 = FACE_BOUND('',#11402,.F.);
#11402 = EDGE_LOOP('',(#11403,#11404,#11405,#11406));
#11403 = ORIENTED_EDGE('',*,*,#5436,.F.);
#11404 = ORIENTED_EDGE('',*,*,#5479,.F.);
#11405 = ORIENTED_EDGE('',*,*,#5460,.T.);
#11406 = ORIENTED_EDGE('',*,*,#5405,.F.);
#11407 = FACE_BOUND('',#11408,.F.);
#11408 = EDGE_LOOP('',(#11409,#11410,#11411,#11412));
#11409 = ORIENTED_EDGE('',*,*,#5534,.F.);
#11410 = ORIENTED_EDGE('',*,*,#5577,.F.);
#11411 = ORIENTED_EDGE('',*,*,#5558,.T.);
#11412 = ORIENTED_EDGE('',*,*,#5503,.F.);
#11413 = FACE_BOUND('',#11414,.F.);
#11414 = EDGE_LOOP('',(#11415,#11416,#11417,#11418));
#11415 = ORIENTED_EDGE('',*,*,#5632,.F.);
#11416 = ORIENTED_EDGE('',*,*,#5675,.F.);
#11417 = ORIENTED_EDGE('',*,*,#5656,.T.);
#11418 = ORIENTED_EDGE('',*,*,#5601,.F.);
#11419 = FACE_BOUND('',#11420,.F.);
#11420 = EDGE_LOOP('',(#11421,#11422,#11423,#11424));
#11421 = ORIENTED_EDGE('',*,*,#5730,.F.);
#11422 = ORIENTED_EDGE('',*,*,#5773,.F.);
#11423 = ORIENTED_EDGE('',*,*,#5754,.T.);
#11424 = ORIENTED_EDGE('',*,*,#5699,.F.);
#11425 = FACE_BOUND('',#11426,.F.);
#11426 = EDGE_LOOP('',(#11427,#11428,#11429,#11430));
#11427 = ORIENTED_EDGE('',*,*,#5828,.F.);
#11428 = ORIENTED_EDGE('',*,*,#5871,.F.);
#11429 = ORIENTED_EDGE('',*,*,#5852,.T.);
#11430 = ORIENTED_EDGE('',*,*,#5797,.F.);
#11431 = FACE_BOUND('',#11432,.F.);
#11432 = EDGE_LOOP('',(#11433,#11434,#11435,#11436));
#11433 = ORIENTED_EDGE('',*,*,#5926,.F.);
#11434 = ORIENTED_EDGE('',*,*,#5969,.F.);
#11435 = ORIENTED_EDGE('',*,*,#5950,.T.);
#11436 = ORIENTED_EDGE('',*,*,#5895,.F.);
#11437 = FACE_BOUND('',#11438,.F.);
#11438 = EDGE_LOOP('',(#11439,#11440,#11441,#11442));
#11439 = ORIENTED_EDGE('',*,*,#6024,.F.);
#11440 = ORIENTED_EDGE('',*,*,#6067,.F.);
#11441 = ORIENTED_EDGE('',*,*,#6048,.T.);
#11442 = ORIENTED_EDGE('',*,*,#5993,.F.);
#11443 = FACE_BOUND('',#11444,.F.);
#11444 = EDGE_LOOP('',(#11445,#11446,#11447,#11448));
#11445 = ORIENTED_EDGE('',*,*,#6122,.F.);
#11446 = ORIENTED_EDGE('',*,*,#6165,.F.);
#11447 = ORIENTED_EDGE('',*,*,#6146,.T.);
#11448 = ORIENTED_EDGE('',*,*,#6091,.F.);
#11449 = FACE_BOUND('',#11450,.F.);
#11450 = EDGE_LOOP('',(#11451,#11452,#11461,#11468,#11469));
#11451 = ORIENTED_EDGE('',*,*,#6212,.F.);
#11452 = ORIENTED_EDGE('',*,*,#11453,.F.);
#11453 = EDGE_CURVE('',#11454,#6213,#11456,.T.);
#11454 = VERTEX_POINT('',#11455);
#11455 = CARTESIAN_POINT('',(-8.785,27.94,-29.1));
#11456 = CIRCLE('',#11457,1.375);
#11457 = AXIS2_PLACEMENT_3D('',#11458,#11459,#11460);
#11458 = CARTESIAN_POINT('',(-10.16,27.94,-29.1));
#11459 = DIRECTION('',(0.,0.,1.));
#11460 = DIRECTION('',(1.,0.,-0.));
#11461 = ORIENTED_EDGE('',*,*,#11462,.F.);
#11462 = EDGE_CURVE('',#6237,#11454,#11463,.T.);
#11463 = CIRCLE('',#11464,1.375);
#11464 = AXIS2_PLACEMENT_3D('',#11465,#11466,#11467);
#11465 = CARTESIAN_POINT('',(-10.16,27.94,-29.1));
#11466 = DIRECTION('',(0.,0.,1.));
#11467 = DIRECTION('',(1.,0.,-0.));
#11468 = ORIENTED_EDGE('',*,*,#6236,.T.);
#11469 = ORIENTED_EDGE('',*,*,#6189,.F.);
#11470 = FACE_BOUND('',#11471,.F.);
#11471 = EDGE_LOOP('',(#11472,#11473,#11474,#11475));
#11472 = ORIENTED_EDGE('',*,*,#6300,.F.);
#11473 = ORIENTED_EDGE('',*,*,#6343,.F.);
#11474 = ORIENTED_EDGE('',*,*,#6324,.T.);
#11475 = ORIENTED_EDGE('',*,*,#6269,.F.);
#11476 = FACE_BOUND('',#11477,.F.);
#11477 = EDGE_LOOP('',(#11478,#11479,#11480,#11481));
#11478 = ORIENTED_EDGE('',*,*,#6398,.F.);
#11479 = ORIENTED_EDGE('',*,*,#6441,.F.);
#11480 = ORIENTED_EDGE('',*,*,#6422,.T.);
#11481 = ORIENTED_EDGE('',*,*,#6367,.F.);
#11482 = FACE_BOUND('',#11483,.F.);
#11483 = EDGE_LOOP('',(#11484,#11485,#11494,#11501,#11502));
#11484 = ORIENTED_EDGE('',*,*,#6488,.F.);
#11485 = ORIENTED_EDGE('',*,*,#11486,.F.);
#11486 = EDGE_CURVE('',#11487,#6489,#11489,.T.);
#11487 = VERTEX_POINT('',#11488);
#11488 = CARTESIAN_POINT('',(-8.785,-17.78,-29.1));
#11489 = CIRCLE('',#11490,1.375);
#11490 = AXIS2_PLACEMENT_3D('',#11491,#11492,#11493);
#11491 = CARTESIAN_POINT('',(-10.16,-17.78,-29.1));
#11492 = DIRECTION('',(0.,0.,1.));
#11493 = DIRECTION('',(1.,0.,-0.));
#11494 = ORIENTED_EDGE('',*,*,#11495,.F.);
#11495 = EDGE_CURVE('',#6513,#11487,#11496,.T.);
#11496 = CIRCLE('',#11497,1.375);
#11497 = AXIS2_PLACEMENT_3D('',#11498,#11499,#11500);
#11498 = CARTESIAN_POINT('',(-10.16,-17.78,-29.1));
#11499 = DIRECTION('',(0.,0.,1.));
#11500 = DIRECTION('',(1.,0.,-0.));
#11501 = ORIENTED_EDGE('',*,*,#6512,.T.);
#11502 = ORIENTED_EDGE('',*,*,#6465,.F.);
#11503 = FACE_BOUND('',#11504,.F.);
#11504 = EDGE_LOOP('',(#11505,#11506,#11507,#11508));
#11505 = ORIENTED_EDGE('',*,*,#6576,.F.);
#11506 = ORIENTED_EDGE('',*,*,#6619,.F.);
#11507 = ORIENTED_EDGE('',*,*,#6600,.T.);
#11508 = ORIENTED_EDGE('',*,*,#6545,.F.);
#11509 = FACE_BOUND('',#11510,.F.);
#11510 = EDGE_LOOP('',(#11511,#11512,#11513,#11514));
#11511 = ORIENTED_EDGE('',*,*,#6674,.F.);
#11512 = ORIENTED_EDGE('',*,*,#6717,.F.);
#11513 = ORIENTED_EDGE('',*,*,#6698,.T.);
#11514 = ORIENTED_EDGE('',*,*,#6643,.F.);
#11515 = FACE_BOUND('',#11516,.F.);
#11516 = EDGE_LOOP('',(#11517,#11518,#11519,#11520));
#11517 = ORIENTED_EDGE('',*,*,#6772,.F.);
#11518 = ORIENTED_EDGE('',*,*,#6815,.F.);
#11519 = ORIENTED_EDGE('',*,*,#6796,.T.);
#11520 = ORIENTED_EDGE('',*,*,#6741,.F.);
#11521 = FACE_BOUND('',#11522,.F.);
#11522 = EDGE_LOOP('',(#11523,#11524,#11525,#11526));
#11523 = ORIENTED_EDGE('',*,*,#6870,.F.);
#11524 = ORIENTED_EDGE('',*,*,#6913,.F.);
#11525 = ORIENTED_EDGE('',*,*,#6894,.T.);
#11526 = ORIENTED_EDGE('',*,*,#6839,.F.);
#11527 = FACE_BOUND('',#11528,.F.);
#11528 = EDGE_LOOP('',(#11529,#11530,#11539,#11546,#11547));
#11529 = ORIENTED_EDGE('',*,*,#6960,.F.);
#11530 = ORIENTED_EDGE('',*,*,#11531,.F.);
#11531 = EDGE_CURVE('',#11532,#6961,#11534,.T.);
#11532 = VERTEX_POINT('',#11533);
#11533 = CARTESIAN_POINT('',(16.615,17.78,-29.1));
#11534 = CIRCLE('',#11535,1.375);
#11535 = AXIS2_PLACEMENT_3D('',#11536,#11537,#11538);
#11536 = CARTESIAN_POINT('',(15.24,17.78,-29.1));
#11537 = DIRECTION('',(0.,0.,1.));
#11538 = DIRECTION('',(1.,0.,-0.));
#11539 = ORIENTED_EDGE('',*,*,#11540,.F.);
#11540 = EDGE_CURVE('',#6985,#11532,#11541,.T.);
#11541 = CIRCLE('',#11542,1.375);
#11542 = AXIS2_PLACEMENT_3D('',#11543,#11544,#11545);
#11543 = CARTESIAN_POINT('',(15.24,17.78,-29.1));
#11544 = DIRECTION('',(0.,0.,1.));
#11545 = DIRECTION('',(1.,0.,-0.));
#11546 = ORIENTED_EDGE('',*,*,#6984,.T.);
#11547 = ORIENTED_EDGE('',*,*,#6937,.F.);
#11548 = FACE_BOUND('',#11549,.F.);
#11549 = EDGE_LOOP('',(#11550,#11551,#11560,#11567,#11568));
#11550 = ORIENTED_EDGE('',*,*,#7040,.F.);
#11551 = ORIENTED_EDGE('',*,*,#11552,.F.);
#11552 = EDGE_CURVE('',#11553,#7041,#11555,.T.);
#11553 = VERTEX_POINT('',#11554);
#11554 = CARTESIAN_POINT('',(-24.025,-17.78,-29.1));
#11555 = CIRCLE('',#11556,1.375);
#11556 = AXIS2_PLACEMENT_3D('',#11557,#11558,#11559);
#11557 = CARTESIAN_POINT('',(-25.4,-17.78,-29.1));
#11558 = DIRECTION('',(0.,0.,1.));
#11559 = DIRECTION('',(1.,0.,-0.));
#11560 = ORIENTED_EDGE('',*,*,#11561,.F.);
#11561 = EDGE_CURVE('',#7065,#11553,#11562,.T.);
#11562 = CIRCLE('',#11563,1.375);
#11563 = AXIS2_PLACEMENT_3D('',#11564,#11565,#11566);
#11564 = CARTESIAN_POINT('',(-25.4,-17.78,-29.1));
#11565 = DIRECTION('',(0.,0.,1.));
#11566 = DIRECTION('',(1.,0.,-0.));
#11567 = ORIENTED_EDGE('',*,*,#7064,.T.);
#11568 = ORIENTED_EDGE('',*,*,#7017,.F.);
#11569 = FACE_BOUND('',#11570,.F.);
#11570 = EDGE_LOOP('',(#11571,#11572,#11581,#11588,#11589));
#11571 = ORIENTED_EDGE('',*,*,#7120,.F.);
#11572 = ORIENTED_EDGE('',*,*,#11573,.F.);
#11573 = EDGE_CURVE('',#11574,#7121,#11576,.T.);
#11574 = VERTEX_POINT('',#11575);
#11575 = CARTESIAN_POINT('',(-13.865,-27.94,-29.1));
#11576 = CIRCLE('',#11577,1.375);
#11577 = AXIS2_PLACEMENT_3D('',#11578,#11579,#11580);
#11578 = CARTESIAN_POINT('',(-15.24,-27.94,-29.1));
#11579 = DIRECTION('',(0.,0.,1.));
#11580 = DIRECTION('',(1.,0.,-0.));
#11581 = ORIENTED_EDGE('',*,*,#11582,.F.);
#11582 = EDGE_CURVE('',#7145,#11574,#11583,.T.);
#11583 = CIRCLE('',#11584,1.375);
#11584 = AXIS2_PLACEMENT_3D('',#11585,#11586,#11587);
#11585 = CARTESIAN_POINT('',(-15.24,-27.94,-29.1));
#11586 = DIRECTION('',(0.,0.,1.));
#11587 = DIRECTION('',(1.,0.,-0.));
#11588 = ORIENTED_EDGE('',*,*,#7144,.T.);
#11589 = ORIENTED_EDGE('',*,*,#7097,.F.);
#11590 = FACE_BOUND('',#11591,.F.);
#11591 = EDGE_LOOP('',(#11592,#11593,#11602,#11609,#11610));
#11592 = ORIENTED_EDGE('',*,*,#7200,.F.);
#11593 = ORIENTED_EDGE('',*,*,#11594,.F.);
#11594 = EDGE_CURVE('',#11595,#7201,#11597,.T.);
#11595 = VERTEX_POINT('',#11596);
#11596 = CARTESIAN_POINT('',(6.455,27.94,-29.1));
#11597 = CIRCLE('',#11598,1.375);
#11598 = AXIS2_PLACEMENT_3D('',#11599,#11600,#11601);
#11599 = CARTESIAN_POINT('',(5.08,27.94,-29.1));
#11600 = DIRECTION('',(0.,0.,1.));
#11601 = DIRECTION('',(1.,0.,-0.));
#11602 = ORIENTED_EDGE('',*,*,#11603,.F.);
#11603 = EDGE_CURVE('',#7225,#11595,#11604,.T.);
#11604 = CIRCLE('',#11605,1.375);
#11605 = AXIS2_PLACEMENT_3D('',#11606,#11607,#11608);
#11606 = CARTESIAN_POINT('',(5.08,27.94,-29.1));
#11607 = DIRECTION('',(0.,0.,1.));
#11608 = DIRECTION('',(1.,0.,-0.));
#11609 = ORIENTED_EDGE('',*,*,#7224,.T.);
#11610 = ORIENTED_EDGE('',*,*,#7177,.F.);
#11611 = FACE_BOUND('',#11612,.F.);
#11612 = EDGE_LOOP('',(#11613,#11614,#11623,#11630,#11631));
#11613 = ORIENTED_EDGE('',*,*,#7280,.F.);
#11614 = ORIENTED_EDGE('',*,*,#11615,.F.);
#11615 = EDGE_CURVE('',#11616,#7281,#11618,.T.);
#11616 = VERTEX_POINT('',#11617);
#11617 = CARTESIAN_POINT('',(1.375,-27.94,-29.1));
#11618 = CIRCLE('',#11619,1.375);
#11619 = AXIS2_PLACEMENT_3D('',#11620,#11621,#11622);
#11620 = CARTESIAN_POINT('',(7.105427357601E-15,-27.94,-29.1));
#11621 = DIRECTION('',(0.,0.,1.));
#11622 = DIRECTION('',(1.,0.,-0.));
#11623 = ORIENTED_EDGE('',*,*,#11624,.F.);
#11624 = EDGE_CURVE('',#7305,#11616,#11625,.T.);
#11625 = CIRCLE('',#11626,1.375);
#11626 = AXIS2_PLACEMENT_3D('',#11627,#11628,#11629);
#11627 = CARTESIAN_POINT('',(7.105427357601E-15,-27.94,-29.1));
#11628 = DIRECTION('',(0.,0.,1.));
#11629 = DIRECTION('',(1.,0.,-0.));
#11630 = ORIENTED_EDGE('',*,*,#7304,.T.);
#11631 = ORIENTED_EDGE('',*,*,#7257,.F.);
#11632 = FACE_BOUND('',#11633,.F.);
#11633 = EDGE_LOOP('',(#11634,#11635,#11636,#11637));
#11634 = ORIENTED_EDGE('',*,*,#7368,.F.);
#11635 = ORIENTED_EDGE('',*,*,#7411,.F.);
#11636 = ORIENTED_EDGE('',*,*,#7392,.T.);
#11637 = ORIENTED_EDGE('',*,*,#7337,.F.);
#11638 = FACE_BOUND('',#11639,.F.);
#11639 = EDGE_LOOP('',(#11640,#11641,#11650,#11657,#11658));
#11640 = ORIENTED_EDGE('',*,*,#7458,.F.);
#11641 = ORIENTED_EDGE('',*,*,#11642,.F.);
#11642 = EDGE_CURVE('',#11643,#7459,#11645,.T.);
#11643 = VERTEX_POINT('',#11644);
#11644 = CARTESIAN_POINT('',(-24.025,-2.54,-29.1));
#11645 = CIRCLE('',#11646,1.375);
#11646 = AXIS2_PLACEMENT_3D('',#11647,#11648,#11649);
#11647 = CARTESIAN_POINT('',(-25.4,-2.54,-29.1));
#11648 = DIRECTION('',(0.,0.,1.));
#11649 = DIRECTION('',(1.,0.,-0.));
#11650 = ORIENTED_EDGE('',*,*,#11651,.F.);
#11651 = EDGE_CURVE('',#7483,#11643,#11652,.T.);
#11652 = CIRCLE('',#11653,1.375);
#11653 = AXIS2_PLACEMENT_3D('',#11654,#11655,#11656);
#11654 = CARTESIAN_POINT('',(-25.4,-2.54,-29.1));
#11655 = DIRECTION('',(0.,0.,1.));
#11656 = DIRECTION('',(1.,0.,-0.));
#11657 = ORIENTED_EDGE('',*,*,#7482,.T.);
#11658 = ORIENTED_EDGE('',*,*,#7435,.F.);
#11659 = FACE_BOUND('',#11660,.F.);
#11660 = EDGE_LOOP('',(#11661,#11662,#11671,#11678,#11679));
#11661 = ORIENTED_EDGE('',*,*,#7538,.F.);
#11662 = ORIENTED_EDGE('',*,*,#11663,.F.);
#11663 = EDGE_CURVE('',#11664,#7539,#11666,.T.);
#11664 = VERTEX_POINT('',#11665);
#11665 = CARTESIAN_POINT('',(-13.865,-12.7,-29.1));
#11666 = CIRCLE('',#11667,1.375);
#11667 = AXIS2_PLACEMENT_3D('',#11668,#11669,#11670);
#11668 = CARTESIAN_POINT('',(-15.24,-12.7,-29.1));
#11669 = DIRECTION('',(0.,0.,1.));
#11670 = DIRECTION('',(1.,0.,-0.));
#11671 = ORIENTED_EDGE('',*,*,#11672,.F.);
#11672 = EDGE_CURVE('',#7563,#11664,#11673,.T.);
#11673 = CIRCLE('',#11674,1.375);
#11674 = AXIS2_PLACEMENT_3D('',#11675,#11676,#11677);
#11675 = CARTESIAN_POINT('',(-15.24,-12.7,-29.1));
#11676 = DIRECTION('',(0.,0.,1.));
#11677 = DIRECTION('',(1.,0.,-0.));
#11678 = ORIENTED_EDGE('',*,*,#7562,.T.);
#11679 = ORIENTED_EDGE('',*,*,#7515,.F.);
#11680 = FACE_BOUND('',#11681,.F.);
#11681 = EDGE_LOOP('',(#11682,#11683,#11692,#11699,#11700));
#11682 = ORIENTED_EDGE('',*,*,#7618,.F.);
#11683 = ORIENTED_EDGE('',*,*,#11684,.F.);
#11684 = EDGE_CURVE('',#11685,#7619,#11687,.T.);
#11685 = VERTEX_POINT('',#11686);
#11686 = CARTESIAN_POINT('',(1.375,-12.7,-29.1));
#11687 = CIRCLE('',#11688,1.375);
#11688 = AXIS2_PLACEMENT_3D('',#11689,#11690,#11691);
#11689 = CARTESIAN_POINT('',(7.105427357601E-15,-12.7,-29.1));
#11690 = DIRECTION('',(0.,0.,1.));
#11691 = DIRECTION('',(1.,0.,-0.));
#11692 = ORIENTED_EDGE('',*,*,#11693,.F.);
#11693 = EDGE_CURVE('',#7643,#11685,#11694,.T.);
#11694 = CIRCLE('',#11695,1.375);
#11695 = AXIS2_PLACEMENT_3D('',#11696,#11697,#11698);
#11696 = CARTESIAN_POINT('',(7.105427357601E-15,-12.7,-29.1));
#11697 = DIRECTION('',(0.,0.,1.));
#11698 = DIRECTION('',(1.,0.,-0.));
#11699 = ORIENTED_EDGE('',*,*,#7642,.T.);
#11700 = ORIENTED_EDGE('',*,*,#7595,.F.);
#11701 = FACE_BOUND('',#11702,.F.);
#11702 = EDGE_LOOP('',(#11703,#11704,#11713,#11720,#11721));
#11703 = ORIENTED_EDGE('',*,*,#7698,.F.);
#11704 = ORIENTED_EDGE('',*,*,#11705,.F.);
#11705 = EDGE_CURVE('',#11706,#7699,#11708,.T.);
#11706 = VERTEX_POINT('',#11707);
#11707 = CARTESIAN_POINT('',(16.615,-27.94,-29.1));
#11708 = CIRCLE('',#11709,1.375);
#11709 = AXIS2_PLACEMENT_3D('',#11710,#11711,#11712);
#11710 = CARTESIAN_POINT('',(15.24,-27.94,-29.1));
#11711 = DIRECTION('',(0.,0.,1.));
#11712 = DIRECTION('',(1.,0.,-0.));
#11713 = ORIENTED_EDGE('',*,*,#11714,.F.);
#11714 = EDGE_CURVE('',#7723,#11706,#11715,.T.);
#11715 = CIRCLE('',#11716,1.375);
#11716 = AXIS2_PLACEMENT_3D('',#11717,#11718,#11719);
#11717 = CARTESIAN_POINT('',(15.24,-27.94,-29.1));
#11718 = DIRECTION('',(0.,0.,1.));
#11719 = DIRECTION('',(1.,0.,-0.));
#11720 = ORIENTED_EDGE('',*,*,#7722,.T.);
#11721 = ORIENTED_EDGE('',*,*,#7675,.F.);
#11722 = FACE_BOUND('',#11723,.F.);
#11723 = EDGE_LOOP('',(#11724,#11725,#11734,#11741,#11742));
#11724 = ORIENTED_EDGE('',*,*,#7778,.F.);
#11725 = ORIENTED_EDGE('',*,*,#11726,.F.);
#11726 = EDGE_CURVE('',#11727,#7779,#11729,.T.);
#11727 = VERTEX_POINT('',#11728);
#11728 = CARTESIAN_POINT('',(6.455,-17.78,-29.1));
#11729 = CIRCLE('',#11730,1.375);
#11730 = AXIS2_PLACEMENT_3D('',#11731,#11732,#11733);
#11731 = CARTESIAN_POINT('',(5.08,-17.78,-29.1));
#11732 = DIRECTION('',(0.,0.,1.));
#11733 = DIRECTION('',(1.,0.,-0.));
#11734 = ORIENTED_EDGE('',*,*,#11735,.F.);
#11735 = EDGE_CURVE('',#7803,#11727,#11736,.T.);
#11736 = CIRCLE('',#11737,1.375);
#11737 = AXIS2_PLACEMENT_3D('',#11738,#11739,#11740);
#11738 = CARTESIAN_POINT('',(5.08,-17.78,-29.1));
#11739 = DIRECTION('',(0.,0.,1.));
#11740 = DIRECTION('',(1.,0.,-0.));
#11741 = ORIENTED_EDGE('',*,*,#7802,.T.);
#11742 = ORIENTED_EDGE('',*,*,#7755,.F.);
#11743 = FACE_BOUND('',#11744,.F.);
#11744 = EDGE_LOOP('',(#11745,#11746,#11755,#11762,#11763));
#11745 = ORIENTED_EDGE('',*,*,#7858,.F.);
#11746 = ORIENTED_EDGE('',*,*,#11747,.F.);
#11747 = EDGE_CURVE('',#11748,#7859,#11750,.T.);
#11748 = VERTEX_POINT('',#11749);
#11749 = CARTESIAN_POINT('',(16.615,-12.7,-29.1));
#11750 = CIRCLE('',#11751,1.375);
#11751 = AXIS2_PLACEMENT_3D('',#11752,#11753,#11754);
#11752 = CARTESIAN_POINT('',(15.24,-12.7,-29.1));
#11753 = DIRECTION('',(0.,0.,1.));
#11754 = DIRECTION('',(1.,0.,-0.));
#11755 = ORIENTED_EDGE('',*,*,#11756,.F.);
#11756 = EDGE_CURVE('',#7883,#11748,#11757,.T.);
#11757 = CIRCLE('',#11758,1.375);
#11758 = AXIS2_PLACEMENT_3D('',#11759,#11760,#11761);
#11759 = CARTESIAN_POINT('',(15.24,-12.7,-29.1));
#11760 = DIRECTION('',(0.,0.,1.));
#11761 = DIRECTION('',(1.,0.,-0.));
#11762 = ORIENTED_EDGE('',*,*,#7882,.T.);
#11763 = ORIENTED_EDGE('',*,*,#7835,.F.);
#11764 = FACE_BOUND('',#11765,.F.);
#11765 = EDGE_LOOP('',(#11766,#11767,#11768,#11769));
#11766 = ORIENTED_EDGE('',*,*,#7946,.F.);
#11767 = ORIENTED_EDGE('',*,*,#7989,.F.);
#11768 = ORIENTED_EDGE('',*,*,#7970,.T.);
#11769 = ORIENTED_EDGE('',*,*,#7915,.F.);
#11770 = FACE_BOUND('',#11771,.F.);
#11771 = EDGE_LOOP('',(#11772,#11773,#11774,#11775));
#11772 = ORIENTED_EDGE('',*,*,#8044,.F.);
#11773 = ORIENTED_EDGE('',*,*,#8087,.F.);
#11774 = ORIENTED_EDGE('',*,*,#8068,.T.);
#11775 = ORIENTED_EDGE('',*,*,#8013,.F.);
#11776 = FACE_BOUND('',#11777,.F.);
#11777 = EDGE_LOOP('',(#11778,#11779,#11780,#11781));
#11778 = ORIENTED_EDGE('',*,*,#8142,.F.);
#11779 = ORIENTED_EDGE('',*,*,#8185,.F.);
#11780 = ORIENTED_EDGE('',*,*,#8166,.T.);
#11781 = ORIENTED_EDGE('',*,*,#8111,.F.);
#11782 = FACE_BOUND('',#11783,.F.);
#11783 = EDGE_LOOP('',(#11784,#11785,#11794,#11801,#11802));
#11784 = ORIENTED_EDGE('',*,*,#8232,.F.);
#11785 = ORIENTED_EDGE('',*,*,#11786,.F.);
#11786 = EDGE_CURVE('',#11787,#8233,#11789,.T.);
#11787 = VERTEX_POINT('',#11788);
#11788 = CARTESIAN_POINT('',(-24.025,12.7,-29.1));
#11789 = CIRCLE('',#11790,1.375);
#11790 = AXIS2_PLACEMENT_3D('',#11791,#11792,#11793);
#11791 = CARTESIAN_POINT('',(-25.4,12.7,-29.1));
#11792 = DIRECTION('',(0.,0.,1.));
#11793 = DIRECTION('',(1.,0.,-0.));
#11794 = ORIENTED_EDGE('',*,*,#11795,.F.);
#11795 = EDGE_CURVE('',#8257,#11787,#11796,.T.);
#11796 = CIRCLE('',#11797,1.375);
#11797 = AXIS2_PLACEMENT_3D('',#11798,#11799,#11800);
#11798 = CARTESIAN_POINT('',(-25.4,12.7,-29.1));
#11799 = DIRECTION('',(0.,0.,1.));
#11800 = DIRECTION('',(1.,0.,-0.));
#11801 = ORIENTED_EDGE('',*,*,#8256,.T.);
#11802 = ORIENTED_EDGE('',*,*,#8209,.F.);
#11803 = FACE_BOUND('',#11804,.F.);
#11804 = EDGE_LOOP('',(#11805,#11806,#11807,#11808));
#11805 = ORIENTED_EDGE('',*,*,#8320,.F.);
#11806 = ORIENTED_EDGE('',*,*,#8363,.F.);
#11807 = ORIENTED_EDGE('',*,*,#8344,.T.);
#11808 = ORIENTED_EDGE('',*,*,#8289,.F.);
#11809 = FACE_BOUND('',#11810,.F.);
#11810 = EDGE_LOOP('',(#11811,#11812,#11821,#11828,#11829));
#11811 = ORIENTED_EDGE('',*,*,#8410,.F.);
#11812 = ORIENTED_EDGE('',*,*,#11813,.F.);
#11813 = EDGE_CURVE('',#11814,#8411,#11816,.T.);
#11814 = VERTEX_POINT('',#11815);
#11815 = CARTESIAN_POINT('',(-24.025,27.94,-29.1));
#11816 = CIRCLE('',#11817,1.375);
#11817 = AXIS2_PLACEMENT_3D('',#11818,#11819,#11820);
#11818 = CARTESIAN_POINT('',(-25.4,27.94,-29.1));
#11819 = DIRECTION('',(0.,0.,1.));
#11820 = DIRECTION('',(1.,0.,-0.));
#11821 = ORIENTED_EDGE('',*,*,#11822,.F.);
#11822 = EDGE_CURVE('',#8435,#11814,#11823,.T.);
#11823 = CIRCLE('',#11824,1.375);
#11824 = AXIS2_PLACEMENT_3D('',#11825,#11826,#11827);
#11825 = CARTESIAN_POINT('',(-25.4,27.94,-29.1));
#11826 = DIRECTION('',(0.,0.,1.));
#11827 = DIRECTION('',(1.,0.,-0.));
#11828 = ORIENTED_EDGE('',*,*,#8434,.T.);
#11829 = ORIENTED_EDGE('',*,*,#8387,.F.);
#11830 = FACE_BOUND('',#11831,.F.);
#11831 = EDGE_LOOP('',(#11832,#11833,#11842,#11849,#11850));
#11832 = ORIENTED_EDGE('',*,*,#8490,.F.);
#11833 = ORIENTED_EDGE('',*,*,#11834,.F.);
#11834 = EDGE_CURVE('',#11835,#8491,#11837,.T.);
#11835 = VERTEX_POINT('',#11836);
#11836 = CARTESIAN_POINT('',(-13.865,17.78,-29.1));
#11837 = CIRCLE('',#11838,1.375);
#11838 = AXIS2_PLACEMENT_3D('',#11839,#11840,#11841);
#11839 = CARTESIAN_POINT('',(-15.24,17.78,-29.1));
#11840 = DIRECTION('',(0.,0.,1.));
#11841 = DIRECTION('',(1.,0.,-0.));
#11842 = ORIENTED_EDGE('',*,*,#11843,.F.);
#11843 = EDGE_CURVE('',#8515,#11835,#11844,.T.);
#11844 = CIRCLE('',#11845,1.375);
#11845 = AXIS2_PLACEMENT_3D('',#11846,#11847,#11848);
#11846 = CARTESIAN_POINT('',(-15.24,17.78,-29.1));
#11847 = DIRECTION('',(0.,0.,1.));
#11848 = DIRECTION('',(1.,0.,-0.));
#11849 = ORIENTED_EDGE('',*,*,#8514,.T.);
#11850 = ORIENTED_EDGE('',*,*,#8467,.F.);
#11851 = FACE_BOUND('',#11852,.F.);
#11852 = EDGE_LOOP('',(#11853,#11854,#11863,#11870,#11871));
#11853 = ORIENTED_EDGE('',*,*,#8570,.F.);
#11854 = ORIENTED_EDGE('',*,*,#11855,.F.);
#11855 = EDGE_CURVE('',#11856,#8571,#11858,.T.);
#11856 = VERTEX_POINT('',#11857);
#11857 = CARTESIAN_POINT('',(1.375,17.78,-29.1));
#11858 = CIRCLE('',#11859,1.375);
#11859 = AXIS2_PLACEMENT_3D('',#11860,#11861,#11862);
#11860 = CARTESIAN_POINT('',(7.105427357601E-15,17.78,-29.1));
#11861 = DIRECTION('',(0.,0.,1.));
#11862 = DIRECTION('',(1.,0.,-0.));
#11863 = ORIENTED_EDGE('',*,*,#11864,.F.);
#11864 = EDGE_CURVE('',#8595,#11856,#11865,.T.);
#11865 = CIRCLE('',#11866,1.375);
#11866 = AXIS2_PLACEMENT_3D('',#11867,#11868,#11869);
#11867 = CARTESIAN_POINT('',(7.105427357601E-15,17.78,-29.1));
#11868 = DIRECTION('',(0.,0.,1.));
#11869 = DIRECTION('',(1.,0.,-0.));
#11870 = ORIENTED_EDGE('',*,*,#8594,.T.);
#11871 = ORIENTED_EDGE('',*,*,#8547,.F.);
#11872 = FACE_BOUND('',#11873,.F.);
#11873 = EDGE_LOOP('',(#11874,#11875,#11884,#11891,#11892));
#11874 = ORIENTED_EDGE('',*,*,#8650,.F.);
#11875 = ORIENTED_EDGE('',*,*,#11876,.F.);
#11876 = EDGE_CURVE('',#11877,#8651,#11879,.T.);
#11877 = VERTEX_POINT('',#11878);
#11878 = CARTESIAN_POINT('',(6.455,12.7,-29.1));
#11879 = CIRCLE('',#11880,1.375);
#11880 = AXIS2_PLACEMENT_3D('',#11881,#11882,#11883);
#11881 = CARTESIAN_POINT('',(5.08,12.7,-29.1));
#11882 = DIRECTION('',(0.,0.,1.));
#11883 = DIRECTION('',(1.,0.,-0.));
#11884 = ORIENTED_EDGE('',*,*,#11885,.F.);
#11885 = EDGE_CURVE('',#8675,#11877,#11886,.T.);
#11886 = CIRCLE('',#11887,1.375);
#11887 = AXIS2_PLACEMENT_3D('',#11888,#11889,#11890);
#11888 = CARTESIAN_POINT('',(5.08,12.7,-29.1));
#11889 = DIRECTION('',(0.,0.,1.));
#11890 = DIRECTION('',(1.,0.,-0.));
#11891 = ORIENTED_EDGE('',*,*,#8674,.T.);
#11892 = ORIENTED_EDGE('',*,*,#8627,.F.);
#11893 = FACE_BOUND('',#11894,.F.);
#11894 = EDGE_LOOP('',(#11895,#11896,#11897,#11898));
#11895 = ORIENTED_EDGE('',*,*,#8738,.F.);
#11896 = ORIENTED_EDGE('',*,*,#8781,.F.);
#11897 = ORIENTED_EDGE('',*,*,#8762,.T.);
#11898 = ORIENTED_EDGE('',*,*,#8707,.F.);
#11899 = FACE_BOUND('',#11900,.F.);
#11900 = EDGE_LOOP('',(#11901,#11902,#11903,#11904));
#11901 = ORIENTED_EDGE('',*,*,#8836,.F.);
#11902 = ORIENTED_EDGE('',*,*,#8879,.F.);
#11903 = ORIENTED_EDGE('',*,*,#8860,.T.);
#11904 = ORIENTED_EDGE('',*,*,#8805,.F.);
#11905 = FACE_BOUND('',#11906,.F.);
#11906 = EDGE_LOOP('',(#11907,#11908,#11917,#11924,#11925));
#11907 = ORIENTED_EDGE('',*,*,#8926,.F.);
#11908 = ORIENTED_EDGE('',*,*,#11909,.F.);
#11909 = EDGE_CURVE('',#11910,#8927,#11912,.T.);
#11910 = VERTEX_POINT('',#11911);
#11911 = CARTESIAN_POINT('',(31.855,2.54,-29.1));
#11912 = CIRCLE('',#11913,1.375);
#11913 = AXIS2_PLACEMENT_3D('',#11914,#11915,#11916);
#11914 = CARTESIAN_POINT('',(30.48,2.54,-29.1));
#11915 = DIRECTION('',(0.,0.,1.));
#11916 = DIRECTION('',(1.,0.,-0.));
#11917 = ORIENTED_EDGE('',*,*,#11918,.F.);
#11918 = EDGE_CURVE('',#8951,#11910,#11919,.T.);
#11919 = CIRCLE('',#11920,1.375);
#11920 = AXIS2_PLACEMENT_3D('',#11921,#11922,#11923);
#11921 = CARTESIAN_POINT('',(30.48,2.54,-29.1));
#11922 = DIRECTION('',(0.,0.,1.));
#11923 = DIRECTION('',(1.,0.,-0.));
#11924 = ORIENTED_EDGE('',*,*,#8950,.T.);
#11925 = ORIENTED_EDGE('',*,*,#8903,.F.);
#11926 = FACE_BOUND('',#11927,.F.);
#11927 = EDGE_LOOP('',(#11928,#11929,#11930,#11931));
#11928 = ORIENTED_EDGE('',*,*,#9014,.F.);
#11929 = ORIENTED_EDGE('',*,*,#9057,.F.);
#11930 = ORIENTED_EDGE('',*,*,#9038,.T.);
#11931 = ORIENTED_EDGE('',*,*,#8983,.F.);
#11932 = FACE_BOUND('',#11933,.F.);
#11933 = EDGE_LOOP('',(#11934,#11935,#11936,#11937));
#11934 = ORIENTED_EDGE('',*,*,#9112,.F.);
#11935 = ORIENTED_EDGE('',*,*,#9155,.F.);
#11936 = ORIENTED_EDGE('',*,*,#9136,.T.);
#11937 = ORIENTED_EDGE('',*,*,#9081,.F.);
#11938 = FACE_BOUND('',#11939,.F.);
#11939 = EDGE_LOOP('',(#11940,#11941,#11950,#11957,#11958));
#11940 = ORIENTED_EDGE('',*,*,#9202,.F.);
#11941 = ORIENTED_EDGE('',*,*,#11942,.F.);
#11942 = EDGE_CURVE('',#11943,#9203,#11945,.T.);
#11943 = VERTEX_POINT('',#11944);
#11944 = CARTESIAN_POINT('',(31.855,-12.7,-29.1));
#11945 = CIRCLE('',#11946,1.375);
#11946 = AXIS2_PLACEMENT_3D('',#11947,#11948,#11949);
#11947 = CARTESIAN_POINT('',(30.48,-12.7,-29.1));
#11948 = DIRECTION('',(0.,0.,1.));
#11949 = DIRECTION('',(1.,0.,-0.));
#11950 = ORIENTED_EDGE('',*,*,#11951,.F.);
#11951 = EDGE_CURVE('',#9227,#11943,#11952,.T.);
#11952 = CIRCLE('',#11953,1.375);
#11953 = AXIS2_PLACEMENT_3D('',#11954,#11955,#11956);
#11954 = CARTESIAN_POINT('',(30.48,-12.7,-29.1));
#11955 = DIRECTION('',(0.,0.,1.));
#11956 = DIRECTION('',(1.,0.,-0.));
#11957 = ORIENTED_EDGE('',*,*,#9226,.T.);
#11958 = ORIENTED_EDGE('',*,*,#9179,.F.);
#11959 = FACE_BOUND('',#11960,.F.);
#11960 = EDGE_LOOP('',(#11961,#11962,#11971,#11978,#11979));
#11961 = ORIENTED_EDGE('',*,*,#9282,.F.);
#11962 = ORIENTED_EDGE('',*,*,#11963,.F.);
#11963 = EDGE_CURVE('',#11964,#9283,#11966,.T.);
#11964 = VERTEX_POINT('',#11965);
#11965 = CARTESIAN_POINT('',(31.855,-27.94,-29.1));
#11966 = CIRCLE('',#11967,1.375);
#11967 = AXIS2_PLACEMENT_3D('',#11968,#11969,#11970);
#11968 = CARTESIAN_POINT('',(30.48,-27.94,-29.1));
#11969 = DIRECTION('',(0.,0.,1.));
#11970 = DIRECTION('',(1.,0.,-0.));
#11971 = ORIENTED_EDGE('',*,*,#11972,.F.);
#11972 = EDGE_CURVE('',#9307,#11964,#11973,.T.);
#11973 = CIRCLE('',#11974,1.375);
#11974 = AXIS2_PLACEMENT_3D('',#11975,#11976,#11977);
#11975 = CARTESIAN_POINT('',(30.48,-27.94,-29.1));
#11976 = DIRECTION('',(0.,0.,1.));
#11977 = DIRECTION('',(1.,0.,-0.));
#11978 = ORIENTED_EDGE('',*,*,#9306,.T.);
#11979 = ORIENTED_EDGE('',*,*,#9259,.F.);
#11980 = FACE_BOUND('',#11981,.F.);
#11981 = EDGE_LOOP('',(#11982,#11983,#11984,#11985));
#11982 = ORIENTED_EDGE('',*,*,#9370,.F.);
#11983 = ORIENTED_EDGE('',*,*,#9413,.F.);
#11984 = ORIENTED_EDGE('',*,*,#9394,.T.);
#11985 = ORIENTED_EDGE('',*,*,#9339,.F.);
#11986 = FACE_BOUND('',#11987,.F.);
#11987 = EDGE_LOOP('',(#11988,#11989,#11990,#11991));
#11988 = ORIENTED_EDGE('',*,*,#9468,.F.);
#11989 = ORIENTED_EDGE('',*,*,#9511,.F.);
#11990 = ORIENTED_EDGE('',*,*,#9492,.T.);
#11991 = ORIENTED_EDGE('',*,*,#9437,.F.);
#11992 = FACE_BOUND('',#11993,.F.);
#11993 = EDGE_LOOP('',(#11994,#11995,#12004,#12011,#12012));
#11994 = ORIENTED_EDGE('',*,*,#9558,.F.);
#11995 = ORIENTED_EDGE('',*,*,#11996,.F.);
#11996 = EDGE_CURVE('',#11997,#9559,#11999,.T.);
#11997 = VERTEX_POINT('',#11998);
#11998 = CARTESIAN_POINT('',(31.855,17.78,-29.1));
#11999 = CIRCLE('',#12000,1.375);
#12000 = AXIS2_PLACEMENT_3D('',#12001,#12002,#12003);
#12001 = CARTESIAN_POINT('',(30.48,17.78,-29.1));
#12002 = DIRECTION('',(0.,0.,1.));
#12003 = DIRECTION('',(1.,0.,-0.));
#12004 = ORIENTED_EDGE('',*,*,#12005,.F.);
#12005 = EDGE_CURVE('',#9583,#11997,#12006,.T.);
#12006 = CIRCLE('',#12007,1.375);
#12007 = AXIS2_PLACEMENT_3D('',#12008,#12009,#12010);
#12008 = CARTESIAN_POINT('',(30.48,17.78,-29.1));
#12009 = DIRECTION('',(0.,0.,1.));
#12010 = DIRECTION('',(1.,0.,-0.));
#12011 = ORIENTED_EDGE('',*,*,#9582,.T.);
#12012 = ORIENTED_EDGE('',*,*,#9535,.F.);
#12013 = FACE_BOUND('',#12014,.F.);
#12014 = EDGE_LOOP('',(#12015,#12016,#12017,#12018));
#12015 = ORIENTED_EDGE('',*,*,#9646,.F.);
#12016 = ORIENTED_EDGE('',*,*,#9689,.F.);
#12017 = ORIENTED_EDGE('',*,*,#9670,.T.);
#12018 = ORIENTED_EDGE('',*,*,#9615,.F.);
#12019 = FACE_BOUND('',#12020,.F.);
#12020 = EDGE_LOOP('',(#12021,#12022,#12023,#12024,#12025,#12026));
#12021 = ORIENTED_EDGE('',*,*,#9810,.T.);
#12022 = ORIENTED_EDGE('',*,*,#9833,.F.);
#12023 = ORIENTED_EDGE('',*,*,#9793,.T.);
#12024 = ORIENTED_EDGE('',*,*,#9762,.F.);
#12025 = ORIENTED_EDGE('',*,*,#9737,.F.);
#12026 = ORIENTED_EDGE('',*,*,#9704,.F.);
#12027 = FACE_BOUND('',#12028,.F.);
#12028 = EDGE_LOOP('',(#12029,#12030,#12031,#12032,#12033,#12034));
#12029 = ORIENTED_EDGE('',*,*,#9964,.F.);
#12030 = ORIENTED_EDGE('',*,*,#9979,.T.);
#12031 = ORIENTED_EDGE('',*,*,#9932,.F.);
#12032 = ORIENTED_EDGE('',*,*,#9916,.F.);
#12033 = ORIENTED_EDGE('',*,*,#9890,.T.);
#12034 = ORIENTED_EDGE('',*,*,#9859,.F.);
#12035 = FACE_BOUND('',#12036,.F.);
#12036 = EDGE_LOOP('',(#12037,#12038,#12039,#12040));
#12037 = ORIENTED_EDGE('',*,*,#10076,.T.);
#12038 = ORIENTED_EDGE('',*,*,#10053,.F.);
#12039 = ORIENTED_EDGE('',*,*,#10037,.F.);
#12040 = ORIENTED_EDGE('',*,*,#10004,.T.);
#12041 = FACE_BOUND('',#12042,.F.);
#12042 = EDGE_LOOP('',(#12043,#12044,#12045,#12046));
#12043 = ORIENTED_EDGE('',*,*,#10173,.T.);
#12044 = ORIENTED_EDGE('',*,*,#10150,.F.);
#12045 = ORIENTED_EDGE('',*,*,#10134,.F.);
#12046 = ORIENTED_EDGE('',*,*,#10101,.T.);
#12047 = FACE_BOUND('',#12048,.F.);
#12048 = EDGE_LOOP('',(#12049,#12050,#12051,#12052));
#12049 = ORIENTED_EDGE('',*,*,#10270,.F.);
#12050 = ORIENTED_EDGE('',*,*,#10254,.T.);
#12051 = ORIENTED_EDGE('',*,*,#10223,.F.);
#12052 = ORIENTED_EDGE('',*,*,#10198,.F.);
#12053 = FACE_BOUND('',#12054,.F.);
#12054 = EDGE_LOOP('',(#12055,#12056,#12057,#12058));
#12055 = ORIENTED_EDGE('',*,*,#10367,.F.);
#12056 = ORIENTED_EDGE('',*,*,#10351,.T.);
#12057 = ORIENTED_EDGE('',*,*,#10320,.F.);
#12058 = ORIENTED_EDGE('',*,*,#10295,.F.);
#12059 = FACE_BOUND('',#12060,.F.);
#12060 = EDGE_LOOP('',(#12061,#12062,#12063,#12064,#12065));
#12061 = ORIENTED_EDGE('',*,*,#10420,.F.);
#12062 = ORIENTED_EDGE('',*,*,#10411,.F.);
#12063 = ORIENTED_EDGE('',*,*,#10402,.F.);
#12064 = ORIENTED_EDGE('',*,*,#10393,.F.);
#12065 = ORIENTED_EDGE('',*,*,#10429,.F.);
#12066 = FACE_BOUND('',#12067,.F.);
#12067 = EDGE_LOOP('',(#12068,#12069,#12070,#12071,#12072));
#12068 = ORIENTED_EDGE('',*,*,#10467,.F.);
#12069 = ORIENTED_EDGE('',*,*,#10458,.F.);
#12070 = ORIENTED_EDGE('',*,*,#10494,.F.);
#12071 = ORIENTED_EDGE('',*,*,#10485,.F.);
#12072 = ORIENTED_EDGE('',*,*,#10476,.F.);
#12073 = FACE_BOUND('',#12074,.F.);
#12074 = EDGE_LOOP('',(#12075));
#12075 = ORIENTED_EDGE('',*,*,#10523,.F.);
#12076 = FACE_BOUND('',#12077,.F.);
#12077 = EDGE_LOOP('',(#12078));
#12078 = ORIENTED_EDGE('',*,*,#10548,.F.);
#12079 = FACE_BOUND('',#12080,.F.);
#12080 = EDGE_LOOP('',(#12081));
#12081 = ORIENTED_EDGE('',*,*,#10573,.F.);
#12082 = FACE_BOUND('',#12083,.F.);
#12083 = EDGE_LOOP('',(#12084));
#12084 = ORIENTED_EDGE('',*,*,#10598,.F.);
#12085 = FACE_BOUND('',#12086,.F.);
#12086 = EDGE_LOOP('',(#12087));
#12087 = ORIENTED_EDGE('',*,*,#10623,.F.);
#12088 = FACE_BOUND('',#12089,.F.);
#12089 = EDGE_LOOP('',(#12090));
#12090 = ORIENTED_EDGE('',*,*,#10648,.F.);
#12091 = FACE_BOUND('',#12092,.F.);
#12092 = EDGE_LOOP('',(#12093));
#12093 = ORIENTED_EDGE('',*,*,#10673,.F.);
#12094 = FACE_BOUND('',#12095,.F.);
#12095 = EDGE_LOOP('',(#12096));
#12096 = ORIENTED_EDGE('',*,*,#10698,.F.);
#12097 = FACE_BOUND('',#12098,.F.);
#12098 = EDGE_LOOP('',(#12099));
#12099 = ORIENTED_EDGE('',*,*,#10723,.F.);
#12100 = FACE_BOUND('',#12101,.F.);
#12101 = EDGE_LOOP('',(#12102));
#12102 = ORIENTED_EDGE('',*,*,#10748,.F.);
#12103 = FACE_BOUND('',#12104,.F.);
#12104 = EDGE_LOOP('',(#12105));
#12105 = ORIENTED_EDGE('',*,*,#10773,.F.);
#12106 = FACE_BOUND('',#12107,.F.);
#12107 = EDGE_LOOP('',(#12108));
#12108 = ORIENTED_EDGE('',*,*,#10798,.F.);
#12109 = FACE_BOUND('',#12110,.F.);
#12110 = EDGE_LOOP('',(#12111));
#12111 = ORIENTED_EDGE('',*,*,#10823,.F.);
#12112 = FACE_BOUND('',#12113,.F.);
#12113 = EDGE_LOOP('',(#12114));
#12114 = ORIENTED_EDGE('',*,*,#10848,.F.);
#12115 = FACE_BOUND('',#12116,.F.);
#12116 = EDGE_LOOP('',(#12117));
#12117 = ORIENTED_EDGE('',*,*,#10873,.F.);
#12118 = FACE_BOUND('',#12119,.F.);
#12119 = EDGE_LOOP('',(#12120));
#12120 = ORIENTED_EDGE('',*,*,#10898,.F.);
#12121 = FACE_BOUND('',#12122,.F.);
#12122 = EDGE_LOOP('',(#12123));
#12123 = ORIENTED_EDGE('',*,*,#10923,.F.);
#12124 = FACE_BOUND('',#12125,.F.);
#12125 = EDGE_LOOP('',(#12126));
#12126 = ORIENTED_EDGE('',*,*,#10948,.F.);
#12127 = FACE_BOUND('',#12128,.F.);
#12128 = EDGE_LOOP('',(#12129));
#12129 = ORIENTED_EDGE('',*,*,#10973,.F.);
#12130 = FACE_BOUND('',#12131,.F.);
#12131 = EDGE_LOOP('',(#12132));
#12132 = ORIENTED_EDGE('',*,*,#10998,.F.);
#12133 = FACE_BOUND('',#12134,.F.);
#12134 = EDGE_LOOP('',(#12135,#12136));
#12135 = ORIENTED_EDGE('',*,*,#11048,.F.);
#12136 = ORIENTED_EDGE('',*,*,#11023,.F.);
#12137 = FACE_BOUND('',#12138,.F.);
#12138 = EDGE_LOOP('',(#12139,#12140,#12149));
#12139 = ORIENTED_EDGE('',*,*,#11071,.T.);
#12140 = ORIENTED_EDGE('',*,*,#12141,.F.);
#12141 = EDGE_CURVE('',#12142,#11072,#12144,.T.);
#12142 = VERTEX_POINT('',#12143);
#12143 = CARTESIAN_POINT('',(21.695,-2.54,-29.1));
#12144 = CIRCLE('',#12145,1.375);
#12145 = AXIS2_PLACEMENT_3D('',#12146,#12147,#12148);
#12146 = CARTESIAN_POINT('',(20.32,-2.54,-29.1));
#12147 = DIRECTION('',(0.,0.,1.));
#12148 = DIRECTION('',(1.,0.,-0.));
#12149 = ORIENTED_EDGE('',*,*,#12150,.F.);
#12150 = EDGE_CURVE('',#11064,#12142,#12151,.T.);
#12151 = CIRCLE('',#12152,1.375);
#12152 = AXIS2_PLACEMENT_3D('',#12153,#12154,#12155);
#12153 = CARTESIAN_POINT('',(20.32,-2.54,-29.1));
#12154 = DIRECTION('',(0.,0.,1.));
#12155 = DIRECTION('',(1.,0.,-0.));
#12156 = PLANE('',#12157);
#12157 = AXIS2_PLACEMENT_3D('',#12158,#12159,#12160);
#12158 = CARTESIAN_POINT('',(-41.1,-33.48,-29.1));
#12159 = DIRECTION('',(0.,0.,1.));
#12160 = DIRECTION('',(1.,0.,-0.));
#12161 = ADVANCED_FACE('',(#12162),#12170,.F.);
#12162 = FACE_BOUND('',#12163,.F.);
#12163 = EDGE_LOOP('',(#12164,#12165,#12166,#12167,#12168,#12169));
#12164 = ORIENTED_EDGE('',*,*,#5284,.F.);
#12165 = ORIENTED_EDGE('',*,*,#11387,.T.);
#12166 = ORIENTED_EDGE('',*,*,#11378,.T.);
#12167 = ORIENTED_EDGE('',*,*,#5260,.T.);
#12168 = ORIENTED_EDGE('',*,*,#1053,.F.);
#12169 = ORIENTED_EDGE('',*,*,#1062,.F.);
#12170 = CYLINDRICAL_SURFACE('',#12171,1.375);
#12171 = AXIS2_PLACEMENT_3D('',#12172,#12173,#12174);
#12172 = CARTESIAN_POINT('',(-30.48,-27.94,-30.1));
#12173 = DIRECTION('',(0.,0.,1.));
#12174 = DIRECTION('',(1.,0.,-0.));
#12175 = ADVANCED_FACE('',(#12176),#12184,.F.);
#12176 = FACE_BOUND('',#12177,.F.);
#12177 = EDGE_LOOP('',(#12178,#12179,#12180,#12181,#12182,#12183));
#12178 = ORIENTED_EDGE('',*,*,#7074,.F.);
#12179 = ORIENTED_EDGE('',*,*,#11561,.T.);
#12180 = ORIENTED_EDGE('',*,*,#11552,.T.);
#12181 = ORIENTED_EDGE('',*,*,#7050,.T.);
#12182 = ORIENTED_EDGE('',*,*,#1773,.F.);
#12183 = ORIENTED_EDGE('',*,*,#1782,.F.);
#12184 = CYLINDRICAL_SURFACE('',#12185,1.375);
#12185 = AXIS2_PLACEMENT_3D('',#12186,#12187,#12188);
#12186 = CARTESIAN_POINT('',(-25.4,-17.78,-30.1));
#12187 = DIRECTION('',(0.,0.,1.));
#12188 = DIRECTION('',(1.,0.,-0.));
#12189 = ADVANCED_FACE('',(#12190),#12198,.F.);
#12190 = FACE_BOUND('',#12191,.F.);
#12191 = EDGE_LOOP('',(#12192,#12193,#12194,#12195,#12196,#12197));
#12192 = ORIENTED_EDGE('',*,*,#7154,.F.);
#12193 = ORIENTED_EDGE('',*,*,#11582,.T.);
#12194 = ORIENTED_EDGE('',*,*,#11573,.T.);
#12195 = ORIENTED_EDGE('',*,*,#7130,.T.);
#12196 = ORIENTED_EDGE('',*,*,#1818,.F.);
#12197 = ORIENTED_EDGE('',*,*,#1827,.F.);
#12198 = CYLINDRICAL_SURFACE('',#12199,1.375);
#12199 = AXIS2_PLACEMENT_3D('',#12200,#12201,#12202);
#12200 = CARTESIAN_POINT('',(-15.24,-27.94,-30.1));
#12201 = DIRECTION('',(0.,0.,1.));
#12202 = DIRECTION('',(1.,0.,-0.));
#12203 = ADVANCED_FACE('',(#12204),#12212,.F.);
#12204 = FACE_BOUND('',#12205,.F.);
#12205 = EDGE_LOOP('',(#12206,#12207,#12208,#12209,#12210,#12211));
#12206 = ORIENTED_EDGE('',*,*,#7314,.F.);
#12207 = ORIENTED_EDGE('',*,*,#11624,.T.);
#12208 = ORIENTED_EDGE('',*,*,#11615,.T.);
#12209 = ORIENTED_EDGE('',*,*,#7290,.T.);
#12210 = ORIENTED_EDGE('',*,*,#1908,.F.);
#12211 = ORIENTED_EDGE('',*,*,#1917,.F.);
#12212 = CYLINDRICAL_SURFACE('',#12213,1.375);
#12213 = AXIS2_PLACEMENT_3D('',#12214,#12215,#12216);
#12214 = CARTESIAN_POINT('',(7.105427357601E-15,-27.94,-30.1));
#12215 = DIRECTION('',(0.,0.,1.));
#12216 = DIRECTION('',(1.,0.,-0.));
#12217 = ADVANCED_FACE('',(#12218),#12226,.F.);
#12218 = FACE_BOUND('',#12219,.F.);
#12219 = EDGE_LOOP('',(#12220,#12221,#12222,#12223,#12224,#12225));
#12220 = ORIENTED_EDGE('',*,*,#6522,.F.);
#12221 = ORIENTED_EDGE('',*,*,#11495,.T.);
#12222 = ORIENTED_EDGE('',*,*,#11486,.T.);
#12223 = ORIENTED_EDGE('',*,*,#6498,.T.);
#12224 = ORIENTED_EDGE('',*,*,#1539,.F.);
#12225 = ORIENTED_EDGE('',*,*,#1548,.F.);
#12226 = CYLINDRICAL_SURFACE('',#12227,1.375);
#12227 = AXIS2_PLACEMENT_3D('',#12228,#12229,#12230);
#12228 = CARTESIAN_POINT('',(-10.16,-17.78,-30.1));
#12229 = DIRECTION('',(0.,0.,1.));
#12230 = DIRECTION('',(1.,0.,-0.));
#12231 = ADVANCED_FACE('',(#12232),#12240,.F.);
#12232 = FACE_BOUND('',#12233,.F.);
#12233 = EDGE_LOOP('',(#12234,#12235,#12236,#12237,#12238,#12239));
#12234 = ORIENTED_EDGE('',*,*,#4866,.F.);
#12235 = ORIENTED_EDGE('',*,*,#11297,.T.);
#12236 = ORIENTED_EDGE('',*,*,#11288,.T.);
#12237 = ORIENTED_EDGE('',*,*,#4842,.T.);
#12238 = ORIENTED_EDGE('',*,*,#837,.F.);
#12239 = ORIENTED_EDGE('',*,*,#846,.F.);
#12240 = CYLINDRICAL_SURFACE('',#12241,1.375);
#12241 = AXIS2_PLACEMENT_3D('',#12242,#12243,#12244);
#12242 = CARTESIAN_POINT('',(-30.48,-12.7,-30.1));
#12243 = DIRECTION('',(0.,0.,1.));
#12244 = DIRECTION('',(1.,0.,-0.));
#12245 = ADVANCED_FACE('',(#12246),#12254,.F.);
#12246 = FACE_BOUND('',#12247,.F.);
#12247 = EDGE_LOOP('',(#12248,#12249,#12250,#12251,#12252,#12253));
#12248 = ORIENTED_EDGE('',*,*,#7492,.F.);
#12249 = ORIENTED_EDGE('',*,*,#11651,.T.);
#12250 = ORIENTED_EDGE('',*,*,#11642,.T.);
#12251 = ORIENTED_EDGE('',*,*,#7468,.T.);
#12252 = ORIENTED_EDGE('',*,*,#1989,.F.);
#12253 = ORIENTED_EDGE('',*,*,#1998,.F.);
#12254 = CYLINDRICAL_SURFACE('',#12255,1.375);
#12255 = AXIS2_PLACEMENT_3D('',#12256,#12257,#12258);
#12256 = CARTESIAN_POINT('',(-25.4,-2.54,-30.1));
#12257 = DIRECTION('',(0.,0.,1.));
#12258 = DIRECTION('',(1.,0.,-0.));
#12259 = ADVANCED_FACE('',(#12260),#12268,.F.);
#12260 = FACE_BOUND('',#12261,.F.);
#12261 = EDGE_LOOP('',(#12262,#12263,#12264,#12265,#12266,#12267));
#12262 = ORIENTED_EDGE('',*,*,#7572,.F.);
#12263 = ORIENTED_EDGE('',*,*,#11672,.T.);
#12264 = ORIENTED_EDGE('',*,*,#11663,.T.);
#12265 = ORIENTED_EDGE('',*,*,#7548,.T.);
#12266 = ORIENTED_EDGE('',*,*,#2034,.F.);
#12267 = ORIENTED_EDGE('',*,*,#2043,.F.);
#12268 = CYLINDRICAL_SURFACE('',#12269,1.375);
#12269 = AXIS2_PLACEMENT_3D('',#12270,#12271,#12272);
#12270 = CARTESIAN_POINT('',(-15.24,-12.7,-30.1));
#12271 = DIRECTION('',(0.,0.,1.));
#12272 = DIRECTION('',(1.,0.,-0.));
#12273 = ADVANCED_FACE('',(#12274),#12282,.F.);
#12274 = FACE_BOUND('',#12275,.F.);
#12275 = EDGE_LOOP('',(#12276,#12277,#12278,#12279,#12280,#12281));
#12276 = ORIENTED_EDGE('',*,*,#7652,.F.);
#12277 = ORIENTED_EDGE('',*,*,#11693,.T.);
#12278 = ORIENTED_EDGE('',*,*,#11684,.T.);
#12279 = ORIENTED_EDGE('',*,*,#7628,.T.);
#12280 = ORIENTED_EDGE('',*,*,#2079,.F.);
#12281 = ORIENTED_EDGE('',*,*,#2088,.F.);
#12282 = CYLINDRICAL_SURFACE('',#12283,1.375);
#12283 = AXIS2_PLACEMENT_3D('',#12284,#12285,#12286);
#12284 = CARTESIAN_POINT('',(7.105427357601E-15,-12.7,-30.1));
#12285 = DIRECTION('',(0.,0.,1.));
#12286 = DIRECTION('',(1.,0.,-0.));
#12287 = ADVANCED_FACE('',(#12288),#12296,.F.);
#12288 = FACE_BOUND('',#12289,.F.);
#12289 = EDGE_LOOP('',(#12290,#12291,#12292,#12293,#12294,#12295));
#12290 = ORIENTED_EDGE('',*,*,#7732,.F.);
#12291 = ORIENTED_EDGE('',*,*,#11714,.T.);
#12292 = ORIENTED_EDGE('',*,*,#11705,.T.);
#12293 = ORIENTED_EDGE('',*,*,#7708,.T.);
#12294 = ORIENTED_EDGE('',*,*,#2124,.F.);
#12295 = ORIENTED_EDGE('',*,*,#2133,.F.);
#12296 = CYLINDRICAL_SURFACE('',#12297,1.375);
#12297 = AXIS2_PLACEMENT_3D('',#12298,#12299,#12300);
#12298 = CARTESIAN_POINT('',(15.24,-27.94,-30.1));
#12299 = DIRECTION('',(0.,0.,1.));
#12300 = DIRECTION('',(1.,0.,-0.));
#12301 = ADVANCED_FACE('',(#12302),#12310,.F.);
#12302 = FACE_BOUND('',#12303,.F.);
#12303 = EDGE_LOOP('',(#12304,#12305,#12306,#12307,#12308,#12309));
#12304 = ORIENTED_EDGE('',*,*,#7812,.F.);
#12305 = ORIENTED_EDGE('',*,*,#11735,.T.);
#12306 = ORIENTED_EDGE('',*,*,#11726,.T.);
#12307 = ORIENTED_EDGE('',*,*,#7788,.T.);
#12308 = ORIENTED_EDGE('',*,*,#2169,.F.);
#12309 = ORIENTED_EDGE('',*,*,#2178,.F.);
#12310 = CYLINDRICAL_SURFACE('',#12311,1.375);
#12311 = AXIS2_PLACEMENT_3D('',#12312,#12313,#12314);
#12312 = CARTESIAN_POINT('',(5.08,-17.78,-30.1));
#12313 = DIRECTION('',(0.,0.,1.));
#12314 = DIRECTION('',(1.,0.,-0.));
#12315 = ADVANCED_FACE('',(#12316),#12324,.F.);
#12316 = FACE_BOUND('',#12317,.F.);
#12317 = EDGE_LOOP('',(#12318,#12319,#12320,#12321,#12322,#12323));
#12318 = ORIENTED_EDGE('',*,*,#4608,.F.);
#12319 = ORIENTED_EDGE('',*,*,#11249,.T.);
#12320 = ORIENTED_EDGE('',*,*,#11240,.T.);
#12321 = ORIENTED_EDGE('',*,*,#4584,.T.);
#12322 = ORIENTED_EDGE('',*,*,#711,.F.);
#12323 = ORIENTED_EDGE('',*,*,#720,.F.);
#12324 = CYLINDRICAL_SURFACE('',#12325,1.375);
#12325 = AXIS2_PLACEMENT_3D('',#12326,#12327,#12328);
#12326 = CARTESIAN_POINT('',(20.32,-17.78,-30.1));
#12327 = DIRECTION('',(0.,0.,1.));
#12328 = DIRECTION('',(1.,0.,-0.));
#12329 = ADVANCED_FACE('',(#12330),#12338,.F.);
#12330 = FACE_BOUND('',#12331,.F.);
#12331 = EDGE_LOOP('',(#12332,#12333,#12334,#12335,#12336,#12337));
#12332 = ORIENTED_EDGE('',*,*,#9316,.F.);
#12333 = ORIENTED_EDGE('',*,*,#11972,.T.);
#12334 = ORIENTED_EDGE('',*,*,#11963,.T.);
#12335 = ORIENTED_EDGE('',*,*,#9292,.T.);
#12336 = ORIENTED_EDGE('',*,*,#2862,.F.);
#12337 = ORIENTED_EDGE('',*,*,#2871,.F.);
#12338 = CYLINDRICAL_SURFACE('',#12339,1.375);
#12339 = AXIS2_PLACEMENT_3D('',#12340,#12341,#12342);
#12340 = CARTESIAN_POINT('',(30.48,-27.94,-30.1));
#12341 = DIRECTION('',(0.,0.,1.));
#12342 = DIRECTION('',(1.,0.,-0.));
#12343 = ADVANCED_FACE('',(#12344),#12352,.F.);
#12344 = FACE_BOUND('',#12345,.F.);
#12345 = EDGE_LOOP('',(#12346,#12347,#12348,#12349,#12350,#12351));
#12346 = ORIENTED_EDGE('',*,*,#3958,.F.);
#12347 = ORIENTED_EDGE('',*,*,#11177,.T.);
#12348 = ORIENTED_EDGE('',*,*,#11168,.T.);
#12349 = ORIENTED_EDGE('',*,*,#3934,.T.);
#12350 = ORIENTED_EDGE('',*,*,#441,.F.);
#12351 = ORIENTED_EDGE('',*,*,#450,.F.);
#12352 = CYLINDRICAL_SURFACE('',#12353,1.375);
#12353 = AXIS2_PLACEMENT_3D('',#12354,#12355,#12356);
#12354 = CARTESIAN_POINT('',(35.56,-17.78,-30.1));
#12355 = DIRECTION('',(0.,0.,1.));
#12356 = DIRECTION('',(1.,0.,-0.));
#12357 = ADVANCED_FACE('',(#12358),#12366,.F.);
#12358 = FACE_BOUND('',#12359,.F.);
#12359 = EDGE_LOOP('',(#12360,#12361,#12362,#12363,#12364,#12365));
#12360 = ORIENTED_EDGE('',*,*,#7892,.F.);
#12361 = ORIENTED_EDGE('',*,*,#11756,.T.);
#12362 = ORIENTED_EDGE('',*,*,#11747,.T.);
#12363 = ORIENTED_EDGE('',*,*,#7868,.T.);
#12364 = ORIENTED_EDGE('',*,*,#2214,.F.);
#12365 = ORIENTED_EDGE('',*,*,#2223,.F.);
#12366 = CYLINDRICAL_SURFACE('',#12367,1.375);
#12367 = AXIS2_PLACEMENT_3D('',#12368,#12369,#12370);
#12368 = CARTESIAN_POINT('',(15.24,-12.7,-30.1));
#12369 = DIRECTION('',(0.,0.,1.));
#12370 = DIRECTION('',(1.,0.,-0.));
#12371 = ADVANCED_FACE('',(#12372),#12380,.F.);
#12372 = FACE_BOUND('',#12373,.F.);
#12373 = EDGE_LOOP('',(#12374,#12375,#12376,#12377,#12378,#12379));
#12374 = ORIENTED_EDGE('',*,*,#11079,.T.);
#12375 = ORIENTED_EDGE('',*,*,#3637,.F.);
#12376 = ORIENTED_EDGE('',*,*,#3618,.F.);
#12377 = ORIENTED_EDGE('',*,*,#11063,.F.);
#12378 = ORIENTED_EDGE('',*,*,#12150,.T.);
#12379 = ORIENTED_EDGE('',*,*,#12141,.T.);
#12380 = CYLINDRICAL_SURFACE('',#12381,1.375);
#12381 = AXIS2_PLACEMENT_3D('',#12382,#12383,#12384);
#12382 = CARTESIAN_POINT('',(20.32,-2.54,-30.1));
#12383 = DIRECTION('',(0.,0.,1.));
#12384 = DIRECTION('',(1.,0.,-0.));
#12385 = ADVANCED_FACE('',(#12386),#12394,.F.);
#12386 = FACE_BOUND('',#12387,.F.);
#12387 = EDGE_LOOP('',(#12388,#12389,#12390,#12391,#12392,#12393));
#12388 = ORIENTED_EDGE('',*,*,#9236,.F.);
#12389 = ORIENTED_EDGE('',*,*,#11951,.T.);
#12390 = ORIENTED_EDGE('',*,*,#11942,.T.);
#12391 = ORIENTED_EDGE('',*,*,#9212,.T.);
#12392 = ORIENTED_EDGE('',*,*,#2817,.F.);
#12393 = ORIENTED_EDGE('',*,*,#2826,.F.);
#12394 = CYLINDRICAL_SURFACE('',#12395,1.375);
#12395 = AXIS2_PLACEMENT_3D('',#12396,#12397,#12398);
#12396 = CARTESIAN_POINT('',(30.48,-12.7,-30.1));
#12397 = DIRECTION('',(0.,0.,1.));
#12398 = DIRECTION('',(1.,0.,-0.));
#12399 = ADVANCED_FACE('',(#12400),#12408,.F.);
#12400 = FACE_BOUND('',#12401,.F.);
#12401 = EDGE_LOOP('',(#12402,#12403,#12404,#12405,#12406,#12407));
#12402 = ORIENTED_EDGE('',*,*,#3798,.F.);
#12403 = ORIENTED_EDGE('',*,*,#11135,.T.);
#12404 = ORIENTED_EDGE('',*,*,#11126,.T.);
#12405 = ORIENTED_EDGE('',*,*,#3774,.T.);
#12406 = ORIENTED_EDGE('',*,*,#351,.F.);
#12407 = ORIENTED_EDGE('',*,*,#360,.F.);
#12408 = CYLINDRICAL_SURFACE('',#12409,1.375);
#12409 = AXIS2_PLACEMENT_3D('',#12410,#12411,#12412);
#12410 = CARTESIAN_POINT('',(35.56,-2.54,-30.1));
#12411 = DIRECTION('',(0.,0.,1.));
#12412 = DIRECTION('',(1.,0.,-0.));
#12413 = ADVANCED_FACE('',(#12414),#12422,.F.);
#12414 = FACE_BOUND('',#12415,.F.);
#12415 = EDGE_LOOP('',(#12416,#12417,#12418,#12419,#12420,#12421));
#12416 = ORIENTED_EDGE('',*,*,#5204,.F.);
#12417 = ORIENTED_EDGE('',*,*,#11366,.T.);
#12418 = ORIENTED_EDGE('',*,*,#11357,.T.);
#12419 = ORIENTED_EDGE('',*,*,#5180,.T.);
#12420 = ORIENTED_EDGE('',*,*,#1008,.F.);
#12421 = ORIENTED_EDGE('',*,*,#1017,.F.);
#12422 = CYLINDRICAL_SURFACE('',#12423,1.375);
#12423 = AXIS2_PLACEMENT_3D('',#12424,#12425,#12426);
#12424 = CARTESIAN_POINT('',(-30.48,2.54,-30.1));
#12425 = DIRECTION('',(0.,0.,1.));
#12426 = DIRECTION('',(1.,0.,-0.));
#12427 = ADVANCED_FACE('',(#12428),#12436,.F.);
#12428 = FACE_BOUND('',#12429,.F.);
#12429 = EDGE_LOOP('',(#12430,#12431,#12432,#12433,#12434,#12435));
#12430 = ORIENTED_EDGE('',*,*,#8266,.F.);
#12431 = ORIENTED_EDGE('',*,*,#11795,.T.);
#12432 = ORIENTED_EDGE('',*,*,#11786,.T.);
#12433 = ORIENTED_EDGE('',*,*,#8242,.T.);
#12434 = ORIENTED_EDGE('',*,*,#2367,.F.);
#12435 = ORIENTED_EDGE('',*,*,#2376,.F.);
#12436 = CYLINDRICAL_SURFACE('',#12437,1.375);
#12437 = AXIS2_PLACEMENT_3D('',#12438,#12439,#12440);
#12438 = CARTESIAN_POINT('',(-25.4,12.7,-30.1));
#12439 = DIRECTION('',(0.,0.,1.));
#12440 = DIRECTION('',(1.,0.,-0.));
#12441 = ADVANCED_FACE('',(#12442),#12450,.F.);
#12442 = FACE_BOUND('',#12443,.F.);
#12443 = EDGE_LOOP('',(#12444,#12445,#12446,#12447,#12448,#12449));
#12444 = ORIENTED_EDGE('',*,*,#5124,.F.);
#12445 = ORIENTED_EDGE('',*,*,#11345,.T.);
#12446 = ORIENTED_EDGE('',*,*,#11336,.T.);
#12447 = ORIENTED_EDGE('',*,*,#5100,.T.);
#12448 = ORIENTED_EDGE('',*,*,#963,.F.);
#12449 = ORIENTED_EDGE('',*,*,#972,.F.);
#12450 = CYLINDRICAL_SURFACE('',#12451,1.375);
#12451 = AXIS2_PLACEMENT_3D('',#12452,#12453,#12454);
#12452 = CARTESIAN_POINT('',(-10.16,12.7,-30.1));
#12453 = DIRECTION('',(0.,0.,1.));
#12454 = DIRECTION('',(1.,0.,-0.));
#12455 = ADVANCED_FACE('',(#12456),#12464,.F.);
#12456 = FACE_BOUND('',#12457,.F.);
#12457 = EDGE_LOOP('',(#12458,#12459,#12460,#12461,#12462,#12463));
#12458 = ORIENTED_EDGE('',*,*,#5044,.F.);
#12459 = ORIENTED_EDGE('',*,*,#11324,.T.);
#12460 = ORIENTED_EDGE('',*,*,#11315,.T.);
#12461 = ORIENTED_EDGE('',*,*,#5020,.T.);
#12462 = ORIENTED_EDGE('',*,*,#918,.F.);
#12463 = ORIENTED_EDGE('',*,*,#927,.F.);
#12464 = CYLINDRICAL_SURFACE('',#12465,1.375);
#12465 = AXIS2_PLACEMENT_3D('',#12466,#12467,#12468);
#12466 = CARTESIAN_POINT('',(-30.48,17.78,-30.1));
#12467 = DIRECTION('',(0.,0.,1.));
#12468 = DIRECTION('',(1.,0.,-0.));
#12469 = ADVANCED_FACE('',(#12470),#12478,.F.);
#12470 = FACE_BOUND('',#12471,.F.);
#12471 = EDGE_LOOP('',(#12472,#12473,#12474,#12475,#12476,#12477));
#12472 = ORIENTED_EDGE('',*,*,#8444,.F.);
#12473 = ORIENTED_EDGE('',*,*,#11822,.T.);
#12474 = ORIENTED_EDGE('',*,*,#11813,.T.);
#12475 = ORIENTED_EDGE('',*,*,#8420,.T.);
#12476 = ORIENTED_EDGE('',*,*,#2448,.F.);
#12477 = ORIENTED_EDGE('',*,*,#2457,.F.);
#12478 = CYLINDRICAL_SURFACE('',#12479,1.375);
#12479 = AXIS2_PLACEMENT_3D('',#12480,#12481,#12482);
#12480 = CARTESIAN_POINT('',(-25.4,27.94,-30.1));
#12481 = DIRECTION('',(0.,0.,1.));
#12482 = DIRECTION('',(1.,0.,-0.));
#12483 = ADVANCED_FACE('',(#12484),#12492,.F.);
#12484 = FACE_BOUND('',#12485,.F.);
#12485 = EDGE_LOOP('',(#12486,#12487,#12488,#12489,#12490,#12491));
#12486 = ORIENTED_EDGE('',*,*,#8524,.F.);
#12487 = ORIENTED_EDGE('',*,*,#11843,.T.);
#12488 = ORIENTED_EDGE('',*,*,#11834,.T.);
#12489 = ORIENTED_EDGE('',*,*,#8500,.T.);
#12490 = ORIENTED_EDGE('',*,*,#2493,.F.);
#12491 = ORIENTED_EDGE('',*,*,#2502,.F.);
#12492 = CYLINDRICAL_SURFACE('',#12493,1.375);
#12493 = AXIS2_PLACEMENT_3D('',#12494,#12495,#12496);
#12494 = CARTESIAN_POINT('',(-15.24,17.78,-30.1));
#12495 = DIRECTION('',(0.,0.,1.));
#12496 = DIRECTION('',(1.,0.,-0.));
#12497 = ADVANCED_FACE('',(#12498),#12506,.F.);
#12498 = FACE_BOUND('',#12499,.F.);
#12499 = EDGE_LOOP('',(#12500,#12501,#12502,#12503,#12504,#12505));
#12500 = ORIENTED_EDGE('',*,*,#8604,.F.);
#12501 = ORIENTED_EDGE('',*,*,#11864,.T.);
#12502 = ORIENTED_EDGE('',*,*,#11855,.T.);
#12503 = ORIENTED_EDGE('',*,*,#8580,.T.);
#12504 = ORIENTED_EDGE('',*,*,#2538,.F.);
#12505 = ORIENTED_EDGE('',*,*,#2547,.F.);
#12506 = CYLINDRICAL_SURFACE('',#12507,1.375);
#12507 = AXIS2_PLACEMENT_3D('',#12508,#12509,#12510);
#12508 = CARTESIAN_POINT('',(7.105427357601E-15,17.78,-30.1));
#12509 = DIRECTION('',(0.,0.,1.));
#12510 = DIRECTION('',(1.,0.,-0.));
#12511 = ADVANCED_FACE('',(#12512),#12520,.F.);
#12512 = FACE_BOUND('',#12513,.F.);
#12513 = EDGE_LOOP('',(#12514,#12515,#12516,#12517,#12518,#12519));
#12514 = ORIENTED_EDGE('',*,*,#6246,.F.);
#12515 = ORIENTED_EDGE('',*,*,#11462,.T.);
#12516 = ORIENTED_EDGE('',*,*,#11453,.T.);
#12517 = ORIENTED_EDGE('',*,*,#6222,.T.);
#12518 = ORIENTED_EDGE('',*,*,#1422,.F.);
#12519 = ORIENTED_EDGE('',*,*,#1431,.F.);
#12520 = CYLINDRICAL_SURFACE('',#12521,1.375);
#12521 = AXIS2_PLACEMENT_3D('',#12522,#12523,#12524);
#12522 = CARTESIAN_POINT('',(-10.16,27.94,-30.1));
#12523 = DIRECTION('',(0.,0.,1.));
#12524 = DIRECTION('',(1.,0.,-0.));
#12525 = ADVANCED_FACE('',(#12526),#12534,.F.);
#12526 = FACE_BOUND('',#12527,.F.);
#12527 = EDGE_LOOP('',(#12528,#12529,#12530,#12531,#12532,#12533));
#12528 = ORIENTED_EDGE('',*,*,#8684,.F.);
#12529 = ORIENTED_EDGE('',*,*,#11885,.T.);
#12530 = ORIENTED_EDGE('',*,*,#11876,.T.);
#12531 = ORIENTED_EDGE('',*,*,#8660,.T.);
#12532 = ORIENTED_EDGE('',*,*,#2583,.F.);
#12533 = ORIENTED_EDGE('',*,*,#2592,.F.);
#12534 = CYLINDRICAL_SURFACE('',#12535,1.375);
#12535 = AXIS2_PLACEMENT_3D('',#12536,#12537,#12538);
#12536 = CARTESIAN_POINT('',(5.08,12.7,-30.1));
#12537 = DIRECTION('',(0.,0.,1.));
#12538 = DIRECTION('',(1.,0.,-0.));
#12539 = ADVANCED_FACE('',(#12540),#12548,.F.);
#12540 = FACE_BOUND('',#12541,.F.);
#12541 = EDGE_LOOP('',(#12542,#12543,#12544,#12545,#12546,#12547));
#12542 = ORIENTED_EDGE('',*,*,#4688,.F.);
#12543 = ORIENTED_EDGE('',*,*,#11270,.T.);
#12544 = ORIENTED_EDGE('',*,*,#11261,.T.);
#12545 = ORIENTED_EDGE('',*,*,#4664,.T.);
#12546 = ORIENTED_EDGE('',*,*,#756,.F.);
#12547 = ORIENTED_EDGE('',*,*,#765,.F.);
#12548 = CYLINDRICAL_SURFACE('',#12549,1.375);
#12549 = AXIS2_PLACEMENT_3D('',#12550,#12551,#12552);
#12550 = CARTESIAN_POINT('',(20.32,12.7,-30.1));
#12551 = DIRECTION('',(0.,0.,1.));
#12552 = DIRECTION('',(1.,0.,-0.));
#12553 = ADVANCED_FACE('',(#12554),#12562,.F.);
#12554 = FACE_BOUND('',#12555,.F.);
#12555 = EDGE_LOOP('',(#12556,#12557,#12558,#12559,#12560,#12561));
#12556 = ORIENTED_EDGE('',*,*,#8960,.F.);
#12557 = ORIENTED_EDGE('',*,*,#11918,.T.);
#12558 = ORIENTED_EDGE('',*,*,#11909,.T.);
#12559 = ORIENTED_EDGE('',*,*,#8936,.T.);
#12560 = ORIENTED_EDGE('',*,*,#2700,.F.);
#12561 = ORIENTED_EDGE('',*,*,#2709,.F.);
#12562 = CYLINDRICAL_SURFACE('',#12563,1.375);
#12563 = AXIS2_PLACEMENT_3D('',#12564,#12565,#12566);
#12564 = CARTESIAN_POINT('',(30.48,2.54,-30.1));
#12565 = DIRECTION('',(0.,0.,1.));
#12566 = DIRECTION('',(1.,0.,-0.));
#12567 = ADVANCED_FACE('',(#12568),#12576,.F.);
#12568 = FACE_BOUND('',#12569,.F.);
#12569 = EDGE_LOOP('',(#12570,#12571,#12572,#12573,#12574,#12575));
#12570 = ORIENTED_EDGE('',*,*,#3878,.F.);
#12571 = ORIENTED_EDGE('',*,*,#11156,.T.);
#12572 = ORIENTED_EDGE('',*,*,#11147,.T.);
#12573 = ORIENTED_EDGE('',*,*,#3854,.T.);
#12574 = ORIENTED_EDGE('',*,*,#396,.F.);
#12575 = ORIENTED_EDGE('',*,*,#405,.F.);
#12576 = CYLINDRICAL_SURFACE('',#12577,1.375);
#12577 = AXIS2_PLACEMENT_3D('',#12578,#12579,#12580);
#12578 = CARTESIAN_POINT('',(35.56,12.7,-30.1));
#12579 = DIRECTION('',(0.,0.,1.));
#12580 = DIRECTION('',(1.,0.,-0.));
#12581 = ADVANCED_FACE('',(#12582),#12590,.F.);
#12582 = FACE_BOUND('',#12583,.F.);
#12583 = EDGE_LOOP('',(#12584,#12585,#12586,#12587,#12588,#12589));
#12584 = ORIENTED_EDGE('',*,*,#6994,.F.);
#12585 = ORIENTED_EDGE('',*,*,#11540,.T.);
#12586 = ORIENTED_EDGE('',*,*,#11531,.T.);
#12587 = ORIENTED_EDGE('',*,*,#6970,.T.);
#12588 = ORIENTED_EDGE('',*,*,#1728,.F.);
#12589 = ORIENTED_EDGE('',*,*,#1737,.F.);
#12590 = CYLINDRICAL_SURFACE('',#12591,1.375);
#12591 = AXIS2_PLACEMENT_3D('',#12592,#12593,#12594);
#12592 = CARTESIAN_POINT('',(15.24,17.78,-30.1));
#12593 = DIRECTION('',(0.,0.,1.));
#12594 = DIRECTION('',(1.,0.,-0.));
#12595 = ADVANCED_FACE('',(#12596),#12604,.F.);
#12596 = FACE_BOUND('',#12597,.F.);
#12597 = EDGE_LOOP('',(#12598,#12599,#12600,#12601,#12602,#12603));
#12598 = ORIENTED_EDGE('',*,*,#7234,.F.);
#12599 = ORIENTED_EDGE('',*,*,#11603,.T.);
#12600 = ORIENTED_EDGE('',*,*,#11594,.T.);
#12601 = ORIENTED_EDGE('',*,*,#7210,.T.);
#12602 = ORIENTED_EDGE('',*,*,#1863,.F.);
#12603 = ORIENTED_EDGE('',*,*,#1872,.F.);
#12604 = CYLINDRICAL_SURFACE('',#12605,1.375);
#12605 = AXIS2_PLACEMENT_3D('',#12606,#12607,#12608);
#12606 = CARTESIAN_POINT('',(5.08,27.94,-30.1));
#12607 = DIRECTION('',(0.,0.,1.));
#12608 = DIRECTION('',(1.,0.,-0.));
#12609 = ADVANCED_FACE('',(#12610),#12618,.F.);
#12610 = FACE_BOUND('',#12611,.F.);
#12611 = EDGE_LOOP('',(#12612,#12613,#12614,#12615,#12616,#12617));
#12612 = ORIENTED_EDGE('',*,*,#4430,.F.);
#12613 = ORIENTED_EDGE('',*,*,#11222,.T.);
#12614 = ORIENTED_EDGE('',*,*,#11213,.T.);
#12615 = ORIENTED_EDGE('',*,*,#4406,.T.);
#12616 = ORIENTED_EDGE('',*,*,#630,.F.);
#12617 = ORIENTED_EDGE('',*,*,#639,.F.);
#12618 = CYLINDRICAL_SURFACE('',#12619,1.375);
#12619 = AXIS2_PLACEMENT_3D('',#12620,#12621,#12622);
#12620 = CARTESIAN_POINT('',(20.32,27.94,-30.1));
#12621 = DIRECTION('',(0.,0.,1.));
#12622 = DIRECTION('',(1.,0.,-0.));
#12623 = ADVANCED_FACE('',(#12624),#12632,.F.);
#12624 = FACE_BOUND('',#12625,.F.);
#12625 = EDGE_LOOP('',(#12626,#12627,#12628,#12629,#12630,#12631));
#12626 = ORIENTED_EDGE('',*,*,#9592,.F.);
#12627 = ORIENTED_EDGE('',*,*,#12005,.T.);
#12628 = ORIENTED_EDGE('',*,*,#11996,.T.);
#12629 = ORIENTED_EDGE('',*,*,#9568,.T.);
#12630 = ORIENTED_EDGE('',*,*,#2979,.F.);
#12631 = ORIENTED_EDGE('',*,*,#2988,.F.);
#12632 = CYLINDRICAL_SURFACE('',#12633,1.375);
#12633 = AXIS2_PLACEMENT_3D('',#12634,#12635,#12636);
#12634 = CARTESIAN_POINT('',(30.48,17.78,-30.1));
#12635 = DIRECTION('',(0.,0.,1.));
#12636 = DIRECTION('',(1.,0.,-0.));
#12637 = ADVANCED_FACE('',(#12638),#12646,.F.);
#12638 = FACE_BOUND('',#12639,.F.);
#12639 = EDGE_LOOP('',(#12640,#12641,#12642,#12643,#12644,#12645));
#12640 = ORIENTED_EDGE('',*,*,#3718,.F.);
#12641 = ORIENTED_EDGE('',*,*,#11114,.T.);
#12642 = ORIENTED_EDGE('',*,*,#11105,.T.);
#12643 = ORIENTED_EDGE('',*,*,#3694,.T.);
#12644 = ORIENTED_EDGE('',*,*,#306,.F.);
#12645 = ORIENTED_EDGE('',*,*,#315,.F.);
#12646 = CYLINDRICAL_SURFACE('',#12647,1.375);
#12647 = AXIS2_PLACEMENT_3D('',#12648,#12649,#12650);
#12648 = CARTESIAN_POINT('',(35.56,27.94,-30.1));
#12649 = DIRECTION('',(0.,0.,1.));
#12650 = DIRECTION('',(1.,0.,-0.));
#12651 = ( GEOMETRIC_REPRESENTATION_CONTEXT(3) 
GLOBAL_UNCERTAINTY_ASSIGNED_CONTEXT((#12655)) 
GLOBAL_UNIT_ASSIGNED_CONTEXT((#12652,#12653,#12654)) 
REPRESENTATION_CONTEXT('Context #1',
  '3D Context with UNIT and UNCERTAINTY') );
#12652 = ( LENGTH_UNIT() NAMED_UNIT(*) SI_UNIT(.MILLI.,.METRE.) );
#12653 = ( NAMED_UNIT(*) PLANE_ANGLE_UNIT() SI_UNIT($,.RADIAN.) );
#12654 = ( NAMED_UNIT(*) SI_UNIT($,.STERADIAN.) SOLID_ANGLE_UNIT() );
#12655 = UNCERTAINTY_MEASURE_WITH_UNIT(LENGTH_MEASURE(1.E-07),#12652,
  'distance_accuracy_value','confusion accuracy');
#12656 = PRODUCT_RELATED_PRODUCT_CATEGORY('part',$,(#7));
ENDSEC;
END-ISO-10303-21;
