ISO-10303-21;
HEADER;
FILE_DESCRIPTION(('FreeCAD Model'),'2;1');
FILE_NAME('Open CASCADE Shape Model','2026-10-08T01:54:29',('FreeCAD'),(
    'FreeCAD'),'Open CASCADE STEP processor 7.8','FreeCAD','Unknown');
FILE_SCHEMA(('AUTOMOTIVE_DESIGN { 1 0 10303 214 1 1 1 1 }'));
ENDSEC;
DATA;
#1 = APPLICATION_PROTOCOL_DEFINITION('international standard',
  'automotive_design',2000,#2);
#2 = APPLICATION_CONTEXT(
  'core data for automotive mechanical design processes');
#3 = SHAPE_DEFINITION_REPRESENTATION(#4,#10);
#4 = PRODUCT_DEFINITION_SHAPE('','',#5);
#5 = PRODUCT_DEFINITION('design','',#6,#9);
#6 = PRODUCT_DEFINITION_FORMATION('','',#7);
#7 = PRODUCT('Open CASCADE STEP translator 7.8 1',
  'Open CASCADE STEP translator 7.8 1','',(#8));
#8 = PRODUCT_CONTEXT('',#2,'mechanical');
#9 = PRODUCT_DEFINITION_CONTEXT('part definition',#2,'design');
#10 = ADVANCED_BREP_SHAPE_REPRESENTATION('',(#11,#15),#13718);
#11 = AXIS2_PLACEMENT_3D('',#12,#13,#14);
#12 = CARTESIAN_POINT('',(0.,0.,0.));
#13 = DIRECTION('',(0.,0.,1.));
#14 = DIRECTION('',(1.,0.,-0.));
#15 = MANIFOLD_SOLID_BREP('',#16);
#16 = CLOSED_SHELL('',(#17,#57,#99,#130,#148,#243,#283,#330,#363,#394,
    #450,#481,#505,#536,#574,#598,#622,#647,#671,#695,#751,#782,#815,
    #846,#879,#910,#957,#988,#1019,#4412,#4444,#4468,#4492,#4524,#4548,
    #4572,#4604,#4628,#4652,#4684,#4708,#4732,#4764,#4788,#4812,#4830,
    #4862,#4886,#4910,#4928,#4960,#4984,#5008,#5026,#5058,#5082,#5106,
    #5124,#5156,#5180,#5204,#5236,#5260,#5284,#5302,#5334,#5358,#5382,
    #5414,#5438,#5462,#5494,#5518,#5542,#5560,#5592,#5616,#5640,#5672,
    #5696,#5720,#5738,#5770,#5794,#5818,#5850,#5874,#5898,#5930,#5954,
    #5978,#6010,#6034,#6058,#6090,#6114,#6138,#6156,#6188,#6212,#6236,
    #6254,#6286,#6310,#6334,#6352,#6384,#6408,#6432,#6450,#6482,#6506,
    #6530,#6548,#6580,#6604,#6628,#6646,#6678,#6702,#6726,#6744,#6776,
    #6800,#6824,#6842,#6874,#6898,#6922,#6940,#6972,#6996,#7020,#7052,
    #7076,#7100,#7118,#7150,#7174,#7198,#7216,#7248,#7272,#7296,#7328,
    #7352,#7376,#7394,#7426,#7450,#7474,#7492,#7524,#7548,#7572,#7590,
    #7622,#7646,#7670,#7688,#7720,#7744,#7768,#7800,#7824,#7848,#7880,
    #7904,#7928,#7960,#7984,#8008,#8040,#8064,#8088,#8120,#8144,#8168,
    #8186,#8218,#8242,#8266,#8298,#8322,#8346,#8378,#8402,#8426,#8458,
    #8482,#8506,#8538,#8562,#8586,#8618,#8642,#8666,#8698,#8722,#8746,
    #8764,#8796,#8820,#8844,#8862,#8894,#8918,#8942,#8960,#8992,#9016,
    #9040,#9072,#9096,#9120,#9138,#9170,#9194,#9218,#9250,#9274,#9298,
    #9330,#9354,#9378,#9410,#9434,#9458,#9490,#9514,#9538,#9556,#9588,
    #9612,#9636,#9654,#9686,#9710,#9734,#9766,#9790,#9814,#9832,#9864,
    #9888,#9912,#9944,#9968,#9992,#10010,#10042,#10066,#10090,#10122,
    #10146,#10170,#10188,#10220,#10244,#10268,#10286,#10318,#10342,
    #10366,#10398,#10422,#10446,#10464,#10495,#10520,#10544,#10569,
    #10593,#10610,#10642,#10666,#10691,#10715,#10739,#10756,#10787,
    #10812,#10836,#10853,#10884,#10909,#10933,#10950,#10981,#11006,
    #11030,#11047,#11078,#11103,#11127,#11144,#11209,#11274,#11299,
    #11324,#11349,#11374,#11399,#11424,#11449,#11474,#11499,#11524,
    #11549,#11574,#11599,#11624,#11649,#11674,#11699,#11724,#11749,
    #11774,#11806,#11823,#11854,#12943,#12972,#13021,#13039,#13097,
    #13124,#13144,#13169,#13178,#13196,#13210,#13224,#13238,#13252,
    #13266,#13280,#13294,#13308,#13322,#13336,#13350,#13364,#13378,
    #13392,#13406,#13420,#13434,#13448,#13462,#13476,#13490,#13504,
    #13518,#13532,#13546,#13560,#13574,#13588,#13602,#13616,#13630,
    #13644,#13658,#13672,#13686,#13700));
#17 = ADVANCED_FACE('',(#18),#52,.F.);
#18 = FACE_BOUND('',#19,.F.);
#19 = EDGE_LOOP('',(#20,#30,#38,#46));
#20 = ORIENTED_EDGE('',*,*,#21,.F.);
#21 = EDGE_CURVE('',#22,#24,#26,.T.);
#22 = VERTEX_POINT('',#23);
#23 = CARTESIAN_POINT('',(43.1,3.570714214271,3.5));
#24 = VERTEX_POINT('',#25);
#25 = CARTESIAN_POINT('',(43.1,10.428326807307,3.5));
#26 = LINE('',#27,#28);
#27 = CARTESIAN_POINT('',(43.1,-18.,3.5));
#28 = VECTOR('',#29,1.);
#29 = DIRECTION('',(0.,1.,0.));
#30 = ORIENTED_EDGE('',*,*,#31,.T.);
#31 = EDGE_CURVE('',#22,#32,#34,.T.);
#32 = VERTEX_POINT('',#33);
#33 = CARTESIAN_POINT('',(45.1,3.570714214271,3.5));
#34 = LINE('',#35,#36);
#35 = CARTESIAN_POINT('',(43.1,3.570714214271,3.5));
#36 = VECTOR('',#37,1.);
#37 = DIRECTION('',(1.,0.,0.));
#38 = ORIENTED_EDGE('',*,*,#39,.F.);
#39 = EDGE_CURVE('',#40,#32,#42,.T.);
#40 = VERTEX_POINT('',#41);
#41 = CARTESIAN_POINT('',(45.1,10.428326807307,3.5));
#42 = LINE('',#43,#44);
#43 = CARTESIAN_POINT('',(45.1,-9.,3.5));
#44 = VECTOR('',#45,1.);
#45 = DIRECTION('',(0.,-1.,0.));
#46 = ORIENTED_EDGE('',*,*,#47,.F.);
#47 = EDGE_CURVE('',#24,#40,#48,.T.);
#48 = LINE('',#49,#50);
#49 = CARTESIAN_POINT('',(41.09,10.428326807307,3.5));
#50 = VECTOR('',#51,1.);
#51 = DIRECTION('',(1.,0.,0.));
#52 = PLANE('',#53);
#53 = AXIS2_PLACEMENT_3D('',#54,#55,#56);
#54 = CARTESIAN_POINT('',(43.1,-18.,3.5));
#55 = DIRECTION('',(0.,0.,1.));
#56 = DIRECTION('',(1.,0.,0.));
#57 = ADVANCED_FACE('',(#58),#94,.T.);
#58 = FACE_BOUND('',#59,.T.);
#59 = EDGE_LOOP('',(#60,#61,#70,#79,#87));
#60 = ORIENTED_EDGE('',*,*,#39,.F.);
#61 = ORIENTED_EDGE('',*,*,#62,.T.);
#62 = EDGE_CURVE('',#40,#63,#65,.T.);
#63 = VERTEX_POINT('',#64);
#64 = CARTESIAN_POINT('',(45.1,2.694222958124E-15,11.));
#65 = CIRCLE('',#66,11.);
#66 = AXIS2_PLACEMENT_3D('',#67,#68,#69);
#67 = CARTESIAN_POINT('',(45.1,0.,0.));
#68 = DIRECTION('',(1.,0.,0.));
#69 = DIRECTION('',(-0.,0.,1.));
#70 = ORIENTED_EDGE('',*,*,#71,.T.);
#71 = EDGE_CURVE('',#63,#72,#74,.T.);
#72 = VERTEX_POINT('',#73);
#73 = CARTESIAN_POINT('',(45.1,-10.4283268073,3.5));
#74 = CIRCLE('',#75,11.);
#75 = AXIS2_PLACEMENT_3D('',#76,#77,#78);
#76 = CARTESIAN_POINT('',(45.1,0.,0.));
#77 = DIRECTION('',(1.,0.,0.));
#78 = DIRECTION('',(-0.,0.,1.));
#79 = ORIENTED_EDGE('',*,*,#80,.F.);
#80 = EDGE_CURVE('',#81,#72,#83,.T.);
#81 = VERTEX_POINT('',#82);
#82 = CARTESIAN_POINT('',(45.1,-3.570714214271,3.5));
#83 = LINE('',#84,#85);
#84 = CARTESIAN_POINT('',(45.1,-9.,3.5));
#85 = VECTOR('',#86,1.);
#86 = DIRECTION('',(0.,-1.,0.));
#87 = ORIENTED_EDGE('',*,*,#88,.F.);
#88 = EDGE_CURVE('',#32,#81,#89,.T.);
#89 = CIRCLE('',#90,5.);
#90 = AXIS2_PLACEMENT_3D('',#91,#92,#93);
#91 = CARTESIAN_POINT('',(45.1,0.,0.));
#92 = DIRECTION('',(1.,0.,0.));
#93 = DIRECTION('',(-0.,1.,0.));
#94 = PLANE('',#95);
#95 = AXIS2_PLACEMENT_3D('',#96,#97,#98);
#96 = CARTESIAN_POINT('',(45.1,0.,0.));
#97 = DIRECTION('',(1.,0.,0.));
#98 = DIRECTION('',(-0.,0.,1.));
#99 = ADVANCED_FACE('',(#100),#125,.F.);
#100 = FACE_BOUND('',#101,.F.);
#101 = EDGE_LOOP('',(#102,#112,#118,#119));
#102 = ORIENTED_EDGE('',*,*,#103,.F.);
#103 = EDGE_CURVE('',#104,#106,#108,.T.);
#104 = VERTEX_POINT('',#105);
#105 = CARTESIAN_POINT('',(43.1,-10.4283268073,3.5));
#106 = VERTEX_POINT('',#107);
#107 = CARTESIAN_POINT('',(43.1,-3.570714214271,3.5));
#108 = LINE('',#109,#110);
#109 = CARTESIAN_POINT('',(43.1,-18.,3.5));
#110 = VECTOR('',#111,1.);
#111 = DIRECTION('',(0.,1.,0.));
#112 = ORIENTED_EDGE('',*,*,#113,.T.);
#113 = EDGE_CURVE('',#104,#72,#114,.T.);
#114 = LINE('',#115,#116);
#115 = CARTESIAN_POINT('',(41.09,-10.4283268073,3.5));
#116 = VECTOR('',#117,1.);
#117 = DIRECTION('',(1.,0.,0.));
#118 = ORIENTED_EDGE('',*,*,#80,.F.);
#119 = ORIENTED_EDGE('',*,*,#120,.F.);
#120 = EDGE_CURVE('',#106,#81,#121,.T.);
#121 = LINE('',#122,#123);
#122 = CARTESIAN_POINT('',(43.1,-3.570714214271,3.5));
#123 = VECTOR('',#124,1.);
#124 = DIRECTION('',(1.,0.,0.));
#125 = PLANE('',#126);
#126 = AXIS2_PLACEMENT_3D('',#127,#128,#129);
#127 = CARTESIAN_POINT('',(43.1,-18.,3.5));
#128 = DIRECTION('',(0.,0.,1.));
#129 = DIRECTION('',(1.,0.,0.));
#130 = ADVANCED_FACE('',(#131),#143,.F.);
#131 = FACE_BOUND('',#132,.F.);
#132 = EDGE_LOOP('',(#133,#134,#135,#142));
#133 = ORIENTED_EDGE('',*,*,#88,.F.);
#134 = ORIENTED_EDGE('',*,*,#31,.F.);
#135 = ORIENTED_EDGE('',*,*,#136,.T.);
#136 = EDGE_CURVE('',#22,#106,#137,.T.);
#137 = CIRCLE('',#138,5.);
#138 = AXIS2_PLACEMENT_3D('',#139,#140,#141);
#139 = CARTESIAN_POINT('',(43.1,0.,0.));
#140 = DIRECTION('',(1.,0.,0.));
#141 = DIRECTION('',(0.,1.,0.));
#142 = ORIENTED_EDGE('',*,*,#120,.T.);
#143 = CYLINDRICAL_SURFACE('',#144,5.);
#144 = AXIS2_PLACEMENT_3D('',#145,#146,#147);
#145 = CARTESIAN_POINT('',(43.1,0.,0.));
#146 = DIRECTION('',(1.,0.,0.));
#147 = DIRECTION('',(0.,1.,0.));
#148 = ADVANCED_FACE('',(#149,#227),#238,.T.);
#149 = FACE_BOUND('',#150,.T.);
#150 = EDGE_LOOP('',(#151,#152,#153,#154,#163,#171,#179,#187,#196,#204,
    #212,#220));
#151 = ORIENTED_EDGE('',*,*,#21,.F.);
#152 = ORIENTED_EDGE('',*,*,#136,.T.);
#153 = ORIENTED_EDGE('',*,*,#103,.F.);
#154 = ORIENTED_EDGE('',*,*,#155,.T.);
#155 = EDGE_CURVE('',#104,#156,#158,.T.);
#156 = VERTEX_POINT('',#157);
#157 = CARTESIAN_POINT('',(43.1,-11.,0.));
#158 = CIRCLE('',#159,11.);
#159 = AXIS2_PLACEMENT_3D('',#160,#161,#162);
#160 = CARTESIAN_POINT('',(43.1,0.,0.));
#161 = DIRECTION('',(1.,0.,0.));
#162 = DIRECTION('',(-0.,0.,1.));
#163 = ORIENTED_EDGE('',*,*,#164,.F.);
#164 = EDGE_CURVE('',#165,#156,#167,.T.);
#165 = VERTEX_POINT('',#166);
#166 = CARTESIAN_POINT('',(43.1,-18.,0.));
#167 = LINE('',#168,#169);
#168 = CARTESIAN_POINT('',(43.1,-18.5,0.));
#169 = VECTOR('',#170,1.);
#170 = DIRECTION('',(0.,1.,0.));
#171 = ORIENTED_EDGE('',*,*,#172,.F.);
#172 = EDGE_CURVE('',#173,#165,#175,.T.);
#173 = VERTEX_POINT('',#174);
#174 = CARTESIAN_POINT('',(43.1,-18.,-3.5));
#175 = LINE('',#176,#177);
#176 = CARTESIAN_POINT('',(43.1,-18.,-3.5));
#177 = VECTOR('',#178,1.);
#178 = DIRECTION('',(0.,0.,1.));
#179 = ORIENTED_EDGE('',*,*,#180,.T.);
#180 = EDGE_CURVE('',#173,#181,#183,.T.);
#181 = VERTEX_POINT('',#182);
#182 = CARTESIAN_POINT('',(43.1,-3.570714214271,-3.5));
#183 = LINE('',#184,#185);
#184 = CARTESIAN_POINT('',(43.1,-18.,-3.5));
#185 = VECTOR('',#186,1.);
#186 = DIRECTION('',(0.,1.,0.));
#187 = ORIENTED_EDGE('',*,*,#188,.T.);
#188 = EDGE_CURVE('',#181,#189,#191,.T.);
#189 = VERTEX_POINT('',#190);
#190 = CARTESIAN_POINT('',(43.1,3.570714214271,-3.5));
#191 = CIRCLE('',#192,5.);
#192 = AXIS2_PLACEMENT_3D('',#193,#194,#195);
#193 = CARTESIAN_POINT('',(43.1,0.,0.));
#194 = DIRECTION('',(1.,0.,0.));
#195 = DIRECTION('',(0.,1.,0.));
#196 = ORIENTED_EDGE('',*,*,#197,.T.);
#197 = EDGE_CURVE('',#189,#198,#200,.T.);
#198 = VERTEX_POINT('',#199);
#199 = CARTESIAN_POINT('',(43.1,18.,-3.5));
#200 = LINE('',#201,#202);
#201 = CARTESIAN_POINT('',(43.1,-18.,-3.5));
#202 = VECTOR('',#203,1.);
#203 = DIRECTION('',(0.,1.,0.));
#204 = ORIENTED_EDGE('',*,*,#205,.T.);
#205 = EDGE_CURVE('',#198,#206,#208,.T.);
#206 = VERTEX_POINT('',#207);
#207 = CARTESIAN_POINT('',(43.1,18.,0.));
#208 = LINE('',#209,#210);
#209 = CARTESIAN_POINT('',(43.1,18.,-3.5));
#210 = VECTOR('',#211,1.);
#211 = DIRECTION('',(0.,0.,1.));
#212 = ORIENTED_EDGE('',*,*,#213,.F.);
#213 = EDGE_CURVE('',#214,#206,#216,.T.);
#214 = VERTEX_POINT('',#215);
#215 = CARTESIAN_POINT('',(43.1,11.,0.));
#216 = LINE('',#217,#218);
#217 = CARTESIAN_POINT('',(43.1,-18.5,0.));
#218 = VECTOR('',#219,1.);
#219 = DIRECTION('',(0.,1.,0.));
#220 = ORIENTED_EDGE('',*,*,#221,.T.);
#221 = EDGE_CURVE('',#214,#24,#222,.T.);
#222 = CIRCLE('',#223,11.);
#223 = AXIS2_PLACEMENT_3D('',#224,#225,#226);
#224 = CARTESIAN_POINT('',(43.1,0.,0.));
#225 = DIRECTION('',(1.,0.,0.));
#226 = DIRECTION('',(-0.,0.,1.));
#227 = FACE_BOUND('',#228,.T.);
#228 = EDGE_LOOP('',(#229));
#229 = ORIENTED_EDGE('',*,*,#230,.F.);
#230 = EDGE_CURVE('',#231,#231,#233,.T.);
#231 = VERTEX_POINT('',#232);
#232 = CARTESIAN_POINT('',(43.1,3.,-7.347880794884E-16));
#233 = CIRCLE('',#234,3.);
#234 = AXIS2_PLACEMENT_3D('',#235,#236,#237);
#235 = CARTESIAN_POINT('',(43.1,0.,0.));
#236 = DIRECTION('',(1.,0.,0.));
#237 = DIRECTION('',(0.,1.,0.));
#238 = PLANE('',#239);
#239 = AXIS2_PLACEMENT_3D('',#240,#241,#242);
#240 = CARTESIAN_POINT('',(43.1,1.644462031262E-16,-0.609759161304));
#241 = DIRECTION('',(1.,0.,0.));
#242 = DIRECTION('',(-0.,0.,1.));
#243 = ADVANCED_FACE('',(#244),#278,.F.);
#244 = FACE_BOUND('',#245,.F.);
#245 = EDGE_LOOP('',(#246,#256,#264,#272));
#246 = ORIENTED_EDGE('',*,*,#247,.F.);
#247 = EDGE_CURVE('',#248,#250,#252,.T.);
#248 = VERTEX_POINT('',#249);
#249 = CARTESIAN_POINT('',(-41.1,-30.48,-11.));
#250 = VERTEX_POINT('',#251);
#251 = CARTESIAN_POINT('',(-41.1,-19.,-11.));
#252 = LINE('',#253,#254);
#253 = CARTESIAN_POINT('',(-41.1,-33.48,-11.));
#254 = VECTOR('',#255,1.);
#255 = DIRECTION('',(-0.,1.,0.));
#256 = ORIENTED_EDGE('',*,*,#257,.F.);
#257 = EDGE_CURVE('',#258,#248,#260,.T.);
#258 = VERTEX_POINT('',#259);
#259 = CARTESIAN_POINT('',(-41.1,-30.48,-15.));
#260 = LINE('',#261,#262);
#261 = CARTESIAN_POINT('',(-41.1,-30.48,-15.));
#262 = VECTOR('',#263,1.);
#263 = DIRECTION('',(0.,0.,1.));
#264 = ORIENTED_EDGE('',*,*,#265,.T.);
#265 = EDGE_CURVE('',#258,#266,#268,.T.);
#266 = VERTEX_POINT('',#267);
#267 = CARTESIAN_POINT('',(-41.1,-19.,-15.));
#268 = LINE('',#269,#270);
#269 = CARTESIAN_POINT('',(-41.1,-33.48,-15.));
#270 = VECTOR('',#271,1.);
#271 = DIRECTION('',(-0.,1.,0.));
#272 = ORIENTED_EDGE('',*,*,#273,.T.);
#273 = EDGE_CURVE('',#266,#250,#274,.T.);
#274 = LINE('',#275,#276);
#275 = CARTESIAN_POINT('',(-41.1,-19.,-15.));
#276 = VECTOR('',#277,1.);
#277 = DIRECTION('',(0.,0.,1.));
#278 = PLANE('',#279);
#279 = AXIS2_PLACEMENT_3D('',#280,#281,#282);
#280 = CARTESIAN_POINT('',(-41.1,-33.48,-15.));
#281 = DIRECTION('',(1.,0.,-0.));
#282 = DIRECTION('',(0.,0.,1.));
#283 = ADVANCED_FACE('',(#284),#325,.F.);
#284 = FACE_BOUND('',#285,.F.);
#285 = EDGE_LOOP('',(#286,#294,#302,#310,#318,#324));
#286 = ORIENTED_EDGE('',*,*,#287,.F.);
#287 = EDGE_CURVE('',#288,#266,#290,.T.);
#288 = VERTEX_POINT('',#289);
#289 = CARTESIAN_POINT('',(-45.1,-19.,-15.));
#290 = LINE('',#291,#292);
#291 = CARTESIAN_POINT('',(-45.1,-19.,-15.));
#292 = VECTOR('',#293,1.);
#293 = DIRECTION('',(1.,0.,-0.));
#294 = ORIENTED_EDGE('',*,*,#295,.T.);
#295 = EDGE_CURVE('',#288,#296,#298,.T.);
#296 = VERTEX_POINT('',#297);
#297 = CARTESIAN_POINT('',(-45.1,-19.,0.));
#298 = LINE('',#299,#300);
#299 = CARTESIAN_POINT('',(-45.1,-19.,-15.));
#300 = VECTOR('',#301,1.);
#301 = DIRECTION('',(0.,0.,1.));
#302 = ORIENTED_EDGE('',*,*,#303,.T.);
#303 = EDGE_CURVE('',#296,#304,#306,.T.);
#304 = VERTEX_POINT('',#305);
#305 = CARTESIAN_POINT('',(-41.09,-19.,0.));
#306 = LINE('',#307,#308);
#307 = CARTESIAN_POINT('',(-45.1,-19.,0.));
#308 = VECTOR('',#309,1.);
#309 = DIRECTION('',(1.,0.,-0.));
#310 = ORIENTED_EDGE('',*,*,#311,.F.);
#311 = EDGE_CURVE('',#312,#304,#314,.T.);
#312 = VERTEX_POINT('',#313);
#313 = CARTESIAN_POINT('',(-41.09,-19.,-11.));
#314 = LINE('',#315,#316);
#315 = CARTESIAN_POINT('',(-41.09,-19.,-15.));
#316 = VECTOR('',#317,1.);
#317 = DIRECTION('',(0.,0.,1.));
#318 = ORIENTED_EDGE('',*,*,#319,.T.);
#319 = EDGE_CURVE('',#312,#250,#320,.T.);
#320 = LINE('',#321,#322);
#321 = CARTESIAN_POINT('',(-43.1,-19.,-11.));
#322 = VECTOR('',#323,1.);
#323 = DIRECTION('',(-1.,-0.,0.));
#324 = ORIENTED_EDGE('',*,*,#273,.F.);
#325 = PLANE('',#326);
#326 = AXIS2_PLACEMENT_3D('',#327,#328,#329);
#327 = CARTESIAN_POINT('',(-45.1,-19.,-15.));
#328 = DIRECTION('',(-0.,1.,0.));
#329 = DIRECTION('',(0.,0.,1.));
#330 = ADVANCED_FACE('',(#331),#358,.T.);
#331 = FACE_BOUND('',#332,.T.);
#332 = EDGE_LOOP('',(#333,#342,#350,#357));
#333 = ORIENTED_EDGE('',*,*,#334,.T.);
#334 = EDGE_CURVE('',#258,#335,#337,.T.);
#335 = VERTEX_POINT('',#336);
#336 = CARTESIAN_POINT('',(-38.1,-33.48,-15.));
#337 = CIRCLE('',#338,3.);
#338 = AXIS2_PLACEMENT_3D('',#339,#340,#341);
#339 = CARTESIAN_POINT('',(-38.1,-30.48,-15.));
#340 = DIRECTION('',(0.,0.,1.));
#341 = DIRECTION('',(0.,-1.,0.));
#342 = ORIENTED_EDGE('',*,*,#343,.T.);
#343 = EDGE_CURVE('',#335,#344,#346,.T.);
#344 = VERTEX_POINT('',#345);
#345 = CARTESIAN_POINT('',(-38.1,-33.48,-11.));
#346 = LINE('',#347,#348);
#347 = CARTESIAN_POINT('',(-38.1,-33.48,-15.));
#348 = VECTOR('',#349,1.);
#349 = DIRECTION('',(0.,0.,1.));
#350 = ORIENTED_EDGE('',*,*,#351,.F.);
#351 = EDGE_CURVE('',#248,#344,#352,.T.);
#352 = CIRCLE('',#353,3.);
#353 = AXIS2_PLACEMENT_3D('',#354,#355,#356);
#354 = CARTESIAN_POINT('',(-38.1,-30.48,-11.));
#355 = DIRECTION('',(0.,0.,1.));
#356 = DIRECTION('',(0.,-1.,0.));
#357 = ORIENTED_EDGE('',*,*,#257,.F.);
#358 = CYLINDRICAL_SURFACE('',#359,3.);
#359 = AXIS2_PLACEMENT_3D('',#360,#361,#362);
#360 = CARTESIAN_POINT('',(-38.1,-30.48,-15.));
#361 = DIRECTION('',(0.,0.,1.));
#362 = DIRECTION('',(-1.,-0.,0.));
#363 = ADVANCED_FACE('',(#364),#389,.F.);
#364 = FACE_BOUND('',#365,.F.);
#365 = EDGE_LOOP('',(#366,#374,#375,#383));
#366 = ORIENTED_EDGE('',*,*,#367,.F.);
#367 = EDGE_CURVE('',#335,#368,#370,.T.);
#368 = VERTEX_POINT('',#369);
#369 = CARTESIAN_POINT('',(38.1,-33.48,-15.));
#370 = LINE('',#371,#372);
#371 = CARTESIAN_POINT('',(-41.1,-33.48,-15.));
#372 = VECTOR('',#373,1.);
#373 = DIRECTION('',(1.,0.,-0.));
#374 = ORIENTED_EDGE('',*,*,#343,.T.);
#375 = ORIENTED_EDGE('',*,*,#376,.T.);
#376 = EDGE_CURVE('',#344,#377,#379,.T.);
#377 = VERTEX_POINT('',#378);
#378 = CARTESIAN_POINT('',(38.1,-33.48,-11.));
#379 = LINE('',#380,#381);
#380 = CARTESIAN_POINT('',(-41.1,-33.48,-11.));
#381 = VECTOR('',#382,1.);
#382 = DIRECTION('',(1.,0.,-0.));
#383 = ORIENTED_EDGE('',*,*,#384,.F.);
#384 = EDGE_CURVE('',#368,#377,#385,.T.);
#385 = LINE('',#386,#387);
#386 = CARTESIAN_POINT('',(38.1,-33.48,-15.));
#387 = VECTOR('',#388,1.);
#388 = DIRECTION('',(0.,0.,1.));
#389 = PLANE('',#390);
#390 = AXIS2_PLACEMENT_3D('',#391,#392,#393);
#391 = CARTESIAN_POINT('',(-41.1,-33.48,-15.));
#392 = DIRECTION('',(-0.,1.,0.));
#393 = DIRECTION('',(0.,0.,1.));
#394 = ADVANCED_FACE('',(#395),#445,.F.);
#395 = FACE_BOUND('',#396,.F.);
#396 = EDGE_LOOP('',(#397,#407,#415,#423,#431,#439));
#397 = ORIENTED_EDGE('',*,*,#398,.F.);
#398 = EDGE_CURVE('',#399,#401,#403,.T.);
#399 = VERTEX_POINT('',#400);
#400 = CARTESIAN_POINT('',(41.1,-19.,-15.));
#401 = VERTEX_POINT('',#402);
#402 = CARTESIAN_POINT('',(45.1,-19.,-15.));
#403 = LINE('',#404,#405);
#404 = CARTESIAN_POINT('',(41.09,-19.,-15.));
#405 = VECTOR('',#406,1.);
#406 = DIRECTION('',(1.,0.,-0.));
#407 = ORIENTED_EDGE('',*,*,#408,.T.);
#408 = EDGE_CURVE('',#399,#409,#411,.T.);
#409 = VERTEX_POINT('',#410);
#410 = CARTESIAN_POINT('',(41.1,-19.,-11.));
#411 = LINE('',#412,#413);
#412 = CARTESIAN_POINT('',(41.1,-19.,-15.));
#413 = VECTOR('',#414,1.);
#414 = DIRECTION('',(0.,0.,1.));
#415 = ORIENTED_EDGE('',*,*,#416,.T.);
#416 = EDGE_CURVE('',#409,#417,#419,.T.);
#417 = VERTEX_POINT('',#418);
#418 = CARTESIAN_POINT('',(41.09,-19.,-11.));
#419 = LINE('',#420,#421);
#420 = CARTESIAN_POINT('',(-4.999999999999E-03,-19.,-11.));
#421 = VECTOR('',#422,1.);
#422 = DIRECTION('',(-1.,-0.,0.));
#423 = ORIENTED_EDGE('',*,*,#424,.T.);
#424 = EDGE_CURVE('',#417,#425,#427,.T.);
#425 = VERTEX_POINT('',#426);
#426 = CARTESIAN_POINT('',(41.09,-19.,0.));
#427 = LINE('',#428,#429);
#428 = CARTESIAN_POINT('',(41.09,-19.,-15.));
#429 = VECTOR('',#430,1.);
#430 = DIRECTION('',(0.,0.,1.));
#431 = ORIENTED_EDGE('',*,*,#432,.T.);
#432 = EDGE_CURVE('',#425,#433,#435,.T.);
#433 = VERTEX_POINT('',#434);
#434 = CARTESIAN_POINT('',(45.1,-19.,0.));
#435 = LINE('',#436,#437);
#436 = CARTESIAN_POINT('',(41.09,-19.,0.));
#437 = VECTOR('',#438,1.);
#438 = DIRECTION('',(1.,0.,-0.));
#439 = ORIENTED_EDGE('',*,*,#440,.F.);
#440 = EDGE_CURVE('',#401,#433,#441,.T.);
#441 = LINE('',#442,#443);
#442 = CARTESIAN_POINT('',(45.1,-19.,-15.));
#443 = VECTOR('',#444,1.);
#444 = DIRECTION('',(0.,0.,1.));
#445 = PLANE('',#446);
#446 = AXIS2_PLACEMENT_3D('',#447,#448,#449);
#447 = CARTESIAN_POINT('',(41.09,-19.,-15.));
#448 = DIRECTION('',(-0.,1.,0.));
#449 = DIRECTION('',(0.,0.,1.));
#450 = ADVANCED_FACE('',(#451),#476,.T.);
#451 = FACE_BOUND('',#452,.T.);
#452 = EDGE_LOOP('',(#453,#461,#469,#475));
#453 = ORIENTED_EDGE('',*,*,#454,.F.);
#454 = EDGE_CURVE('',#455,#409,#457,.T.);
#455 = VERTEX_POINT('',#456);
#456 = CARTESIAN_POINT('',(41.1,-30.48,-11.));
#457 = LINE('',#458,#459);
#458 = CARTESIAN_POINT('',(41.1,-33.48,-11.));
#459 = VECTOR('',#460,1.);
#460 = DIRECTION('',(-0.,1.,0.));
#461 = ORIENTED_EDGE('',*,*,#462,.F.);
#462 = EDGE_CURVE('',#463,#455,#465,.T.);
#463 = VERTEX_POINT('',#464);
#464 = CARTESIAN_POINT('',(41.1,-30.48,-15.));
#465 = LINE('',#466,#467);
#466 = CARTESIAN_POINT('',(41.1,-30.48,-15.));
#467 = VECTOR('',#468,1.);
#468 = DIRECTION('',(0.,0.,1.));
#469 = ORIENTED_EDGE('',*,*,#470,.T.);
#470 = EDGE_CURVE('',#463,#399,#471,.T.);
#471 = LINE('',#472,#473);
#472 = CARTESIAN_POINT('',(41.1,-33.48,-15.));
#473 = VECTOR('',#474,1.);
#474 = DIRECTION('',(-0.,1.,0.));
#475 = ORIENTED_EDGE('',*,*,#408,.T.);
#476 = PLANE('',#477);
#477 = AXIS2_PLACEMENT_3D('',#478,#479,#480);
#478 = CARTESIAN_POINT('',(41.1,-33.48,-15.));
#479 = DIRECTION('',(1.,0.,-0.));
#480 = DIRECTION('',(0.,0.,1.));
#481 = ADVANCED_FACE('',(#482),#500,.T.);
#482 = FACE_BOUND('',#483,.F.);
#483 = EDGE_LOOP('',(#484,#491,#492,#499));
#484 = ORIENTED_EDGE('',*,*,#485,.T.);
#485 = EDGE_CURVE('',#463,#368,#486,.T.);
#486 = CIRCLE('',#487,3.);
#487 = AXIS2_PLACEMENT_3D('',#488,#489,#490);
#488 = CARTESIAN_POINT('',(38.1,-30.48,-15.));
#489 = DIRECTION('',(-0.,-0.,-1.));
#490 = DIRECTION('',(0.,-1.,0.));
#491 = ORIENTED_EDGE('',*,*,#384,.T.);
#492 = ORIENTED_EDGE('',*,*,#493,.F.);
#493 = EDGE_CURVE('',#455,#377,#494,.T.);
#494 = CIRCLE('',#495,3.);
#495 = AXIS2_PLACEMENT_3D('',#496,#497,#498);
#496 = CARTESIAN_POINT('',(38.1,-30.48,-11.));
#497 = DIRECTION('',(-0.,-0.,-1.));
#498 = DIRECTION('',(0.,-1.,0.));
#499 = ORIENTED_EDGE('',*,*,#462,.F.);
#500 = CYLINDRICAL_SURFACE('',#501,3.);
#501 = AXIS2_PLACEMENT_3D('',#502,#503,#504);
#502 = CARTESIAN_POINT('',(38.1,-30.48,-15.));
#503 = DIRECTION('',(0.,0.,1.));
#504 = DIRECTION('',(1.,0.,-0.));
#505 = ADVANCED_FACE('',(#506),#531,.T.);
#506 = FACE_BOUND('',#507,.T.);
#507 = EDGE_LOOP('',(#508,#516,#517,#525));
#508 = ORIENTED_EDGE('',*,*,#509,.F.);
#509 = EDGE_CURVE('',#296,#510,#512,.T.);
#510 = VERTEX_POINT('',#511);
#511 = CARTESIAN_POINT('',(-45.1,-11.,-5.329070518201E-14));
#512 = LINE('',#513,#514);
#513 = CARTESIAN_POINT('',(-45.1,-19.,0.));
#514 = VECTOR('',#515,1.);
#515 = DIRECTION('',(-0.,1.,0.));
#516 = ORIENTED_EDGE('',*,*,#303,.T.);
#517 = ORIENTED_EDGE('',*,*,#518,.T.);
#518 = EDGE_CURVE('',#304,#519,#521,.T.);
#519 = VERTEX_POINT('',#520);
#520 = CARTESIAN_POINT('',(-41.09,-11.,-5.329070518201E-14));
#521 = LINE('',#522,#523);
#522 = CARTESIAN_POINT('',(-41.09,-19.,0.));
#523 = VECTOR('',#524,1.);
#524 = DIRECTION('',(-0.,1.,0.));
#525 = ORIENTED_EDGE('',*,*,#526,.F.);
#526 = EDGE_CURVE('',#510,#519,#527,.T.);
#527 = LINE('',#528,#529);
#528 = CARTESIAN_POINT('',(-45.1,-11.,0.));
#529 = VECTOR('',#530,1.);
#530 = DIRECTION('',(1.,0.,0.));
#531 = PLANE('',#532);
#532 = AXIS2_PLACEMENT_3D('',#533,#534,#535);
#533 = CARTESIAN_POINT('',(-45.1,-19.,0.));
#534 = DIRECTION('',(0.,0.,1.));
#535 = DIRECTION('',(1.,0.,-0.));
#536 = ADVANCED_FACE('',(#537),#569,.T.);
#537 = FACE_BOUND('',#538,.T.);
#538 = EDGE_LOOP('',(#539,#547,#548,#556,#562,#563));
#539 = ORIENTED_EDGE('',*,*,#540,.F.);
#540 = EDGE_CURVE('',#425,#541,#543,.T.);
#541 = VERTEX_POINT('',#542);
#542 = CARTESIAN_POINT('',(41.09,-11.,-5.329070518201E-14));
#543 = LINE('',#544,#545);
#544 = CARTESIAN_POINT('',(41.09,-19.,0.));
#545 = VECTOR('',#546,1.);
#546 = DIRECTION('',(-0.,1.,0.));
#547 = ORIENTED_EDGE('',*,*,#432,.T.);
#548 = ORIENTED_EDGE('',*,*,#549,.T.);
#549 = EDGE_CURVE('',#433,#550,#552,.T.);
#550 = VERTEX_POINT('',#551);
#551 = CARTESIAN_POINT('',(45.1,-18.,0.));
#552 = LINE('',#553,#554);
#553 = CARTESIAN_POINT('',(45.1,-19.,0.));
#554 = VECTOR('',#555,1.);
#555 = DIRECTION('',(-0.,1.,0.));
#556 = ORIENTED_EDGE('',*,*,#557,.T.);
#557 = EDGE_CURVE('',#550,#165,#558,.T.);
#558 = LINE('',#559,#560);
#559 = CARTESIAN_POINT('',(42.095,-18.,0.));
#560 = VECTOR('',#561,1.);
#561 = DIRECTION('',(-1.,0.,0.));
#562 = ORIENTED_EDGE('',*,*,#164,.T.);
#563 = ORIENTED_EDGE('',*,*,#564,.F.);
#564 = EDGE_CURVE('',#541,#156,#565,.T.);
#565 = LINE('',#566,#567);
#566 = CARTESIAN_POINT('',(41.09,-11.,0.));
#567 = VECTOR('',#568,1.);
#568 = DIRECTION('',(1.,0.,0.));
#569 = PLANE('',#570);
#570 = AXIS2_PLACEMENT_3D('',#571,#572,#573);
#571 = CARTESIAN_POINT('',(41.09,-19.,0.));
#572 = DIRECTION('',(0.,0.,1.));
#573 = DIRECTION('',(1.,0.,-0.));
#574 = ADVANCED_FACE('',(#575),#593,.T.);
#575 = FACE_BOUND('',#576,.T.);
#576 = EDGE_LOOP('',(#577,#585,#586,#587));
#577 = ORIENTED_EDGE('',*,*,#578,.F.);
#578 = EDGE_CURVE('',#173,#579,#581,.T.);
#579 = VERTEX_POINT('',#580);
#580 = CARTESIAN_POINT('',(45.1,-18.,-3.5));
#581 = LINE('',#582,#583);
#582 = CARTESIAN_POINT('',(43.1,-18.,-3.5));
#583 = VECTOR('',#584,1.);
#584 = DIRECTION('',(1.,0.,0.));
#585 = ORIENTED_EDGE('',*,*,#172,.T.);
#586 = ORIENTED_EDGE('',*,*,#557,.F.);
#587 = ORIENTED_EDGE('',*,*,#588,.F.);
#588 = EDGE_CURVE('',#579,#550,#589,.T.);
#589 = LINE('',#590,#591);
#590 = CARTESIAN_POINT('',(45.1,-18.,-9.25));
#591 = VECTOR('',#592,1.);
#592 = DIRECTION('',(0.,-0.,1.));
#593 = PLANE('',#594);
#594 = AXIS2_PLACEMENT_3D('',#595,#596,#597);
#595 = CARTESIAN_POINT('',(43.1,-18.,-3.5));
#596 = DIRECTION('',(0.,1.,0.));
#597 = DIRECTION('',(1.,0.,0.));
#598 = ADVANCED_FACE('',(#599),#617,.T.);
#599 = FACE_BOUND('',#600,.T.);
#600 = EDGE_LOOP('',(#601,#602,#603,#611));
#601 = ORIENTED_EDGE('',*,*,#180,.F.);
#602 = ORIENTED_EDGE('',*,*,#578,.T.);
#603 = ORIENTED_EDGE('',*,*,#604,.F.);
#604 = EDGE_CURVE('',#605,#579,#607,.T.);
#605 = VERTEX_POINT('',#606);
#606 = CARTESIAN_POINT('',(45.1,-3.570714214271,-3.5));
#607 = LINE('',#608,#609);
#608 = CARTESIAN_POINT('',(45.1,-18.5,-3.5));
#609 = VECTOR('',#610,1.);
#610 = DIRECTION('',(0.,-1.,0.));
#611 = ORIENTED_EDGE('',*,*,#612,.F.);
#612 = EDGE_CURVE('',#181,#605,#613,.T.);
#613 = LINE('',#614,#615);
#614 = CARTESIAN_POINT('',(43.1,-3.570714214271,-3.5));
#615 = VECTOR('',#616,1.);
#616 = DIRECTION('',(1.,0.,0.));
#617 = PLANE('',#618);
#618 = AXIS2_PLACEMENT_3D('',#619,#620,#621);
#619 = CARTESIAN_POINT('',(43.1,-18.,-3.5));
#620 = DIRECTION('',(0.,0.,1.));
#621 = DIRECTION('',(1.,0.,0.));
#622 = ADVANCED_FACE('',(#623),#642,.F.);
#623 = FACE_BOUND('',#624,.F.);
#624 = EDGE_LOOP('',(#625,#626,#634,#641));
#625 = ORIENTED_EDGE('',*,*,#188,.T.);
#626 = ORIENTED_EDGE('',*,*,#627,.T.);
#627 = EDGE_CURVE('',#189,#628,#630,.T.);
#628 = VERTEX_POINT('',#629);
#629 = CARTESIAN_POINT('',(45.1,3.570714214271,-3.5));
#630 = LINE('',#631,#632);
#631 = CARTESIAN_POINT('',(43.1,3.570714214271,-3.5));
#632 = VECTOR('',#633,1.);
#633 = DIRECTION('',(1.,0.,0.));
#634 = ORIENTED_EDGE('',*,*,#635,.F.);
#635 = EDGE_CURVE('',#605,#628,#636,.T.);
#636 = CIRCLE('',#637,5.);
#637 = AXIS2_PLACEMENT_3D('',#638,#639,#640);
#638 = CARTESIAN_POINT('',(45.1,0.,0.));
#639 = DIRECTION('',(1.,0.,0.));
#640 = DIRECTION('',(-0.,1.,0.));
#641 = ORIENTED_EDGE('',*,*,#612,.F.);
#642 = CYLINDRICAL_SURFACE('',#643,5.);
#643 = AXIS2_PLACEMENT_3D('',#644,#645,#646);
#644 = CARTESIAN_POINT('',(43.1,0.,0.));
#645 = DIRECTION('',(1.,0.,0.));
#646 = DIRECTION('',(0.,1.,0.));
#647 = ADVANCED_FACE('',(#648),#666,.T.);
#648 = FACE_BOUND('',#649,.T.);
#649 = EDGE_LOOP('',(#650,#651,#652,#660));
#650 = ORIENTED_EDGE('',*,*,#197,.F.);
#651 = ORIENTED_EDGE('',*,*,#627,.T.);
#652 = ORIENTED_EDGE('',*,*,#653,.F.);
#653 = EDGE_CURVE('',#654,#628,#656,.T.);
#654 = VERTEX_POINT('',#655);
#655 = CARTESIAN_POINT('',(45.1,18.,-3.5));
#656 = LINE('',#657,#658);
#657 = CARTESIAN_POINT('',(45.1,-18.5,-3.5));
#658 = VECTOR('',#659,1.);
#659 = DIRECTION('',(0.,-1.,0.));
#660 = ORIENTED_EDGE('',*,*,#661,.F.);
#661 = EDGE_CURVE('',#198,#654,#662,.T.);
#662 = LINE('',#663,#664);
#663 = CARTESIAN_POINT('',(43.1,18.,-3.5));
#664 = VECTOR('',#665,1.);
#665 = DIRECTION('',(1.,0.,0.));
#666 = PLANE('',#667);
#667 = AXIS2_PLACEMENT_3D('',#668,#669,#670);
#668 = CARTESIAN_POINT('',(43.1,-18.,-3.5));
#669 = DIRECTION('',(0.,0.,1.));
#670 = DIRECTION('',(1.,0.,0.));
#671 = ADVANCED_FACE('',(#672),#690,.F.);
#672 = FACE_BOUND('',#673,.F.);
#673 = EDGE_LOOP('',(#674,#675,#676,#684));
#674 = ORIENTED_EDGE('',*,*,#661,.F.);
#675 = ORIENTED_EDGE('',*,*,#205,.T.);
#676 = ORIENTED_EDGE('',*,*,#677,.F.);
#677 = EDGE_CURVE('',#678,#206,#680,.T.);
#678 = VERTEX_POINT('',#679);
#679 = CARTESIAN_POINT('',(45.1,18.,0.));
#680 = LINE('',#681,#682);
#681 = CARTESIAN_POINT('',(42.095,18.,0.));
#682 = VECTOR('',#683,1.);
#683 = DIRECTION('',(-1.,0.,0.));
#684 = ORIENTED_EDGE('',*,*,#685,.F.);
#685 = EDGE_CURVE('',#654,#678,#686,.T.);
#686 = LINE('',#687,#688);
#687 = CARTESIAN_POINT('',(45.1,18.,-9.25));
#688 = VECTOR('',#689,1.);
#689 = DIRECTION('',(0.,-0.,1.));
#690 = PLANE('',#691);
#691 = AXIS2_PLACEMENT_3D('',#692,#693,#694);
#692 = CARTESIAN_POINT('',(43.1,18.,-3.5));
#693 = DIRECTION('',(0.,1.,0.));
#694 = DIRECTION('',(1.,0.,0.));
#695 = ADVANCED_FACE('',(#696),#746,.T.);
#696 = FACE_BOUND('',#697,.T.);
#697 = EDGE_LOOP('',(#698,#708,#716,#724,#732,#740));
#698 = ORIENTED_EDGE('',*,*,#699,.F.);
#699 = EDGE_CURVE('',#700,#702,#704,.T.);
#700 = VERTEX_POINT('',#701);
#701 = CARTESIAN_POINT('',(-45.1,19.,-15.));
#702 = VERTEX_POINT('',#703);
#703 = CARTESIAN_POINT('',(-41.1,19.,-15.));
#704 = LINE('',#705,#706);
#705 = CARTESIAN_POINT('',(-45.1,19.,-15.));
#706 = VECTOR('',#707,1.);
#707 = DIRECTION('',(1.,0.,-0.));
#708 = ORIENTED_EDGE('',*,*,#709,.T.);
#709 = EDGE_CURVE('',#700,#710,#712,.T.);
#710 = VERTEX_POINT('',#711);
#711 = CARTESIAN_POINT('',(-45.1,19.,0.));
#712 = LINE('',#713,#714);
#713 = CARTESIAN_POINT('',(-45.1,19.,-15.));
#714 = VECTOR('',#715,1.);
#715 = DIRECTION('',(0.,0.,1.));
#716 = ORIENTED_EDGE('',*,*,#717,.T.);
#717 = EDGE_CURVE('',#710,#718,#720,.T.);
#718 = VERTEX_POINT('',#719);
#719 = CARTESIAN_POINT('',(-41.09,19.,0.));
#720 = LINE('',#721,#722);
#721 = CARTESIAN_POINT('',(-45.1,19.,0.));
#722 = VECTOR('',#723,1.);
#723 = DIRECTION('',(1.,0.,-0.));
#724 = ORIENTED_EDGE('',*,*,#725,.F.);
#725 = EDGE_CURVE('',#726,#718,#728,.T.);
#726 = VERTEX_POINT('',#727);
#727 = CARTESIAN_POINT('',(-41.09,19.,-11.));
#728 = LINE('',#729,#730);
#729 = CARTESIAN_POINT('',(-41.09,19.,-15.));
#730 = VECTOR('',#731,1.);
#731 = DIRECTION('',(0.,0.,1.));
#732 = ORIENTED_EDGE('',*,*,#733,.T.);
#733 = EDGE_CURVE('',#726,#734,#736,.T.);
#734 = VERTEX_POINT('',#735);
#735 = CARTESIAN_POINT('',(-41.1,19.,-11.));
#736 = LINE('',#737,#738);
#737 = CARTESIAN_POINT('',(-43.1,19.,-11.));
#738 = VECTOR('',#739,1.);
#739 = DIRECTION('',(-1.,-0.,0.));
#740 = ORIENTED_EDGE('',*,*,#741,.F.);
#741 = EDGE_CURVE('',#702,#734,#742,.T.);
#742 = LINE('',#743,#744);
#743 = CARTESIAN_POINT('',(-41.1,19.,-15.));
#744 = VECTOR('',#745,1.);
#745 = DIRECTION('',(0.,0.,1.));
#746 = PLANE('',#747);
#747 = AXIS2_PLACEMENT_3D('',#748,#749,#750);
#748 = CARTESIAN_POINT('',(-45.1,19.,-15.));
#749 = DIRECTION('',(-0.,1.,0.));
#750 = DIRECTION('',(0.,0.,1.));
#751 = ADVANCED_FACE('',(#752),#777,.F.);
#752 = FACE_BOUND('',#753,.F.);
#753 = EDGE_LOOP('',(#754,#762,#763,#771));
#754 = ORIENTED_EDGE('',*,*,#755,.F.);
#755 = EDGE_CURVE('',#734,#756,#758,.T.);
#756 = VERTEX_POINT('',#757);
#757 = CARTESIAN_POINT('',(-41.1,30.48,-11.));
#758 = LINE('',#759,#760);
#759 = CARTESIAN_POINT('',(-41.1,-33.48,-11.));
#760 = VECTOR('',#761,1.);
#761 = DIRECTION('',(-0.,1.,0.));
#762 = ORIENTED_EDGE('',*,*,#741,.F.);
#763 = ORIENTED_EDGE('',*,*,#764,.T.);
#764 = EDGE_CURVE('',#702,#765,#767,.T.);
#765 = VERTEX_POINT('',#766);
#766 = CARTESIAN_POINT('',(-41.1,30.48,-15.));
#767 = LINE('',#768,#769);
#768 = CARTESIAN_POINT('',(-41.1,-33.48,-15.));
#769 = VECTOR('',#770,1.);
#770 = DIRECTION('',(-0.,1.,0.));
#771 = ORIENTED_EDGE('',*,*,#772,.T.);
#772 = EDGE_CURVE('',#765,#756,#773,.T.);
#773 = LINE('',#774,#775);
#774 = CARTESIAN_POINT('',(-41.1,30.48,-15.));
#775 = VECTOR('',#776,1.);
#776 = DIRECTION('',(0.,0.,1.));
#777 = PLANE('',#778);
#778 = AXIS2_PLACEMENT_3D('',#779,#780,#781);
#779 = CARTESIAN_POINT('',(-41.1,-33.48,-15.));
#780 = DIRECTION('',(1.,0.,-0.));
#781 = DIRECTION('',(0.,0.,1.));
#782 = ADVANCED_FACE('',(#783),#810,.T.);
#783 = FACE_BOUND('',#784,.F.);
#784 = EDGE_LOOP('',(#785,#794,#802,#809));
#785 = ORIENTED_EDGE('',*,*,#786,.T.);
#786 = EDGE_CURVE('',#765,#787,#789,.T.);
#787 = VERTEX_POINT('',#788);
#788 = CARTESIAN_POINT('',(-38.1,33.48,-15.));
#789 = CIRCLE('',#790,3.);
#790 = AXIS2_PLACEMENT_3D('',#791,#792,#793);
#791 = CARTESIAN_POINT('',(-38.1,30.48,-15.));
#792 = DIRECTION('',(-0.,-0.,-1.));
#793 = DIRECTION('',(0.,-1.,0.));
#794 = ORIENTED_EDGE('',*,*,#795,.T.);
#795 = EDGE_CURVE('',#787,#796,#798,.T.);
#796 = VERTEX_POINT('',#797);
#797 = CARTESIAN_POINT('',(-38.1,33.48,-11.));
#798 = LINE('',#799,#800);
#799 = CARTESIAN_POINT('',(-38.1,33.48,-15.));
#800 = VECTOR('',#801,1.);
#801 = DIRECTION('',(0.,0.,1.));
#802 = ORIENTED_EDGE('',*,*,#803,.F.);
#803 = EDGE_CURVE('',#756,#796,#804,.T.);
#804 = CIRCLE('',#805,3.);
#805 = AXIS2_PLACEMENT_3D('',#806,#807,#808);
#806 = CARTESIAN_POINT('',(-38.1,30.48,-11.));
#807 = DIRECTION('',(-0.,-0.,-1.));
#808 = DIRECTION('',(0.,-1.,0.));
#809 = ORIENTED_EDGE('',*,*,#772,.F.);
#810 = CYLINDRICAL_SURFACE('',#811,3.);
#811 = AXIS2_PLACEMENT_3D('',#812,#813,#814);
#812 = CARTESIAN_POINT('',(-38.1,30.48,-15.));
#813 = DIRECTION('',(0.,0.,1.));
#814 = DIRECTION('',(-1.,-0.,0.));
#815 = ADVANCED_FACE('',(#816),#841,.T.);
#816 = FACE_BOUND('',#817,.T.);
#817 = EDGE_LOOP('',(#818,#826,#827,#835));
#818 = ORIENTED_EDGE('',*,*,#819,.F.);
#819 = EDGE_CURVE('',#787,#820,#822,.T.);
#820 = VERTEX_POINT('',#821);
#821 = CARTESIAN_POINT('',(38.1,33.48,-15.));
#822 = LINE('',#823,#824);
#823 = CARTESIAN_POINT('',(-41.1,33.48,-15.));
#824 = VECTOR('',#825,1.);
#825 = DIRECTION('',(1.,0.,-0.));
#826 = ORIENTED_EDGE('',*,*,#795,.T.);
#827 = ORIENTED_EDGE('',*,*,#828,.T.);
#828 = EDGE_CURVE('',#796,#829,#831,.T.);
#829 = VERTEX_POINT('',#830);
#830 = CARTESIAN_POINT('',(38.1,33.48,-11.));
#831 = LINE('',#832,#833);
#832 = CARTESIAN_POINT('',(-41.1,33.48,-11.));
#833 = VECTOR('',#834,1.);
#834 = DIRECTION('',(1.,0.,-0.));
#835 = ORIENTED_EDGE('',*,*,#836,.F.);
#836 = EDGE_CURVE('',#820,#829,#837,.T.);
#837 = LINE('',#838,#839);
#838 = CARTESIAN_POINT('',(38.1,33.48,-15.));
#839 = VECTOR('',#840,1.);
#840 = DIRECTION('',(0.,0.,1.));
#841 = PLANE('',#842);
#842 = AXIS2_PLACEMENT_3D('',#843,#844,#845);
#843 = CARTESIAN_POINT('',(-41.1,33.48,-15.));
#844 = DIRECTION('',(-0.,1.,0.));
#845 = DIRECTION('',(0.,0.,1.));
#846 = ADVANCED_FACE('',(#847),#874,.T.);
#847 = FACE_BOUND('',#848,.T.);
#848 = EDGE_LOOP('',(#849,#858,#859,#868));
#849 = ORIENTED_EDGE('',*,*,#850,.T.);
#850 = EDGE_CURVE('',#851,#820,#853,.T.);
#851 = VERTEX_POINT('',#852);
#852 = CARTESIAN_POINT('',(41.1,30.48,-15.));
#853 = CIRCLE('',#854,3.);
#854 = AXIS2_PLACEMENT_3D('',#855,#856,#857);
#855 = CARTESIAN_POINT('',(38.1,30.48,-15.));
#856 = DIRECTION('',(0.,0.,1.));
#857 = DIRECTION('',(0.,-1.,0.));
#858 = ORIENTED_EDGE('',*,*,#836,.T.);
#859 = ORIENTED_EDGE('',*,*,#860,.F.);
#860 = EDGE_CURVE('',#861,#829,#863,.T.);
#861 = VERTEX_POINT('',#862);
#862 = CARTESIAN_POINT('',(41.1,30.48,-11.));
#863 = CIRCLE('',#864,3.);
#864 = AXIS2_PLACEMENT_3D('',#865,#866,#867);
#865 = CARTESIAN_POINT('',(38.1,30.48,-11.));
#866 = DIRECTION('',(0.,0.,1.));
#867 = DIRECTION('',(0.,-1.,0.));
#868 = ORIENTED_EDGE('',*,*,#869,.F.);
#869 = EDGE_CURVE('',#851,#861,#870,.T.);
#870 = LINE('',#871,#872);
#871 = CARTESIAN_POINT('',(41.1,30.48,-15.));
#872 = VECTOR('',#873,1.);
#873 = DIRECTION('',(0.,0.,1.));
#874 = CYLINDRICAL_SURFACE('',#875,3.);
#875 = AXIS2_PLACEMENT_3D('',#876,#877,#878);
#876 = CARTESIAN_POINT('',(38.1,30.48,-15.));
#877 = DIRECTION('',(0.,0.,1.));
#878 = DIRECTION('',(1.,0.,-0.));
#879 = ADVANCED_FACE('',(#880),#905,.T.);
#880 = FACE_BOUND('',#881,.T.);
#881 = EDGE_LOOP('',(#882,#890,#898,#904));
#882 = ORIENTED_EDGE('',*,*,#883,.F.);
#883 = EDGE_CURVE('',#884,#861,#886,.T.);
#884 = VERTEX_POINT('',#885);
#885 = CARTESIAN_POINT('',(41.1,19.,-11.));
#886 = LINE('',#887,#888);
#887 = CARTESIAN_POINT('',(41.1,-33.48,-11.));
#888 = VECTOR('',#889,1.);
#889 = DIRECTION('',(-0.,1.,0.));
#890 = ORIENTED_EDGE('',*,*,#891,.F.);
#891 = EDGE_CURVE('',#892,#884,#894,.T.);
#892 = VERTEX_POINT('',#893);
#893 = CARTESIAN_POINT('',(41.1,19.,-15.));
#894 = LINE('',#895,#896);
#895 = CARTESIAN_POINT('',(41.1,19.,-15.));
#896 = VECTOR('',#897,1.);
#897 = DIRECTION('',(0.,0.,1.));
#898 = ORIENTED_EDGE('',*,*,#899,.T.);
#899 = EDGE_CURVE('',#892,#851,#900,.T.);
#900 = LINE('',#901,#902);
#901 = CARTESIAN_POINT('',(41.1,-33.48,-15.));
#902 = VECTOR('',#903,1.);
#903 = DIRECTION('',(-0.,1.,0.));
#904 = ORIENTED_EDGE('',*,*,#869,.T.);
#905 = PLANE('',#906);
#906 = AXIS2_PLACEMENT_3D('',#907,#908,#909);
#907 = CARTESIAN_POINT('',(41.1,-33.48,-15.));
#908 = DIRECTION('',(1.,0.,-0.));
#909 = DIRECTION('',(0.,0.,1.));
#910 = ADVANCED_FACE('',(#911),#952,.T.);
#911 = FACE_BOUND('',#912,.T.);
#912 = EDGE_LOOP('',(#913,#921,#922,#930,#938,#946));
#913 = ORIENTED_EDGE('',*,*,#914,.F.);
#914 = EDGE_CURVE('',#892,#915,#917,.T.);
#915 = VERTEX_POINT('',#916);
#916 = CARTESIAN_POINT('',(45.1,19.,-15.));
#917 = LINE('',#918,#919);
#918 = CARTESIAN_POINT('',(41.09,19.,-15.));
#919 = VECTOR('',#920,1.);
#920 = DIRECTION('',(1.,0.,-0.));
#921 = ORIENTED_EDGE('',*,*,#891,.T.);
#922 = ORIENTED_EDGE('',*,*,#923,.T.);
#923 = EDGE_CURVE('',#884,#924,#926,.T.);
#924 = VERTEX_POINT('',#925);
#925 = CARTESIAN_POINT('',(41.09,19.,-11.));
#926 = LINE('',#927,#928);
#927 = CARTESIAN_POINT('',(-4.999999999999E-03,19.,-11.));
#928 = VECTOR('',#929,1.);
#929 = DIRECTION('',(-1.,-0.,0.));
#930 = ORIENTED_EDGE('',*,*,#931,.T.);
#931 = EDGE_CURVE('',#924,#932,#934,.T.);
#932 = VERTEX_POINT('',#933);
#933 = CARTESIAN_POINT('',(41.09,19.,0.));
#934 = LINE('',#935,#936);
#935 = CARTESIAN_POINT('',(41.09,19.,-15.));
#936 = VECTOR('',#937,1.);
#937 = DIRECTION('',(0.,0.,1.));
#938 = ORIENTED_EDGE('',*,*,#939,.T.);
#939 = EDGE_CURVE('',#932,#940,#942,.T.);
#940 = VERTEX_POINT('',#941);
#941 = CARTESIAN_POINT('',(45.1,19.,0.));
#942 = LINE('',#943,#944);
#943 = CARTESIAN_POINT('',(41.09,19.,0.));
#944 = VECTOR('',#945,1.);
#945 = DIRECTION('',(1.,0.,-0.));
#946 = ORIENTED_EDGE('',*,*,#947,.F.);
#947 = EDGE_CURVE('',#915,#940,#948,.T.);
#948 = LINE('',#949,#950);
#949 = CARTESIAN_POINT('',(45.1,19.,-15.));
#950 = VECTOR('',#951,1.);
#951 = DIRECTION('',(0.,0.,1.));
#952 = PLANE('',#953);
#953 = AXIS2_PLACEMENT_3D('',#954,#955,#956);
#954 = CARTESIAN_POINT('',(41.09,19.,-15.));
#955 = DIRECTION('',(-0.,1.,0.));
#956 = DIRECTION('',(0.,0.,1.));
#957 = ADVANCED_FACE('',(#958),#983,.T.);
#958 = FACE_BOUND('',#959,.T.);
#959 = EDGE_LOOP('',(#960,#968,#976,#982));
#960 = ORIENTED_EDGE('',*,*,#961,.F.);
#961 = EDGE_CURVE('',#962,#710,#964,.T.);
#962 = VERTEX_POINT('',#963);
#963 = CARTESIAN_POINT('',(-45.1,11.,-5.684341886081E-14));
#964 = LINE('',#965,#966);
#965 = CARTESIAN_POINT('',(-45.1,-19.,0.));
#966 = VECTOR('',#967,1.);
#967 = DIRECTION('',(-0.,1.,0.));
#968 = ORIENTED_EDGE('',*,*,#969,.T.);
#969 = EDGE_CURVE('',#962,#970,#972,.T.);
#970 = VERTEX_POINT('',#971);
#971 = CARTESIAN_POINT('',(-41.09,11.,-5.684341886081E-14));
#972 = LINE('',#973,#974);
#973 = CARTESIAN_POINT('',(-45.1,11.,0.));
#974 = VECTOR('',#975,1.);
#975 = DIRECTION('',(1.,0.,0.));
#976 = ORIENTED_EDGE('',*,*,#977,.T.);
#977 = EDGE_CURVE('',#970,#718,#978,.T.);
#978 = LINE('',#979,#980);
#979 = CARTESIAN_POINT('',(-41.09,-19.,0.));
#980 = VECTOR('',#981,1.);
#981 = DIRECTION('',(-0.,1.,0.));
#982 = ORIENTED_EDGE('',*,*,#717,.F.);
#983 = PLANE('',#984);
#984 = AXIS2_PLACEMENT_3D('',#985,#986,#987);
#985 = CARTESIAN_POINT('',(-45.1,-19.,0.));
#986 = DIRECTION('',(0.,0.,1.));
#987 = DIRECTION('',(1.,0.,-0.));
#988 = ADVANCED_FACE('',(#989),#1014,.T.);
#989 = FACE_BOUND('',#990,.T.);
#990 = EDGE_LOOP('',(#991,#999,#1005,#1006,#1007,#1013));
#991 = ORIENTED_EDGE('',*,*,#992,.F.);
#992 = EDGE_CURVE('',#993,#932,#995,.T.);
#993 = VERTEX_POINT('',#994);
#994 = CARTESIAN_POINT('',(41.09,11.,-5.684341886081E-14));
#995 = LINE('',#996,#997);
#996 = CARTESIAN_POINT('',(41.09,-19.,0.));
#997 = VECTOR('',#998,1.);
#998 = DIRECTION('',(-0.,1.,0.));
#999 = ORIENTED_EDGE('',*,*,#1000,.T.);
#1000 = EDGE_CURVE('',#993,#214,#1001,.T.);
#1001 = LINE('',#1002,#1003);
#1002 = CARTESIAN_POINT('',(41.09,11.,0.));
#1003 = VECTOR('',#1004,1.);
#1004 = DIRECTION('',(1.,0.,0.));
#1005 = ORIENTED_EDGE('',*,*,#213,.T.);
#1006 = ORIENTED_EDGE('',*,*,#677,.F.);
#1007 = ORIENTED_EDGE('',*,*,#1008,.T.);
#1008 = EDGE_CURVE('',#678,#940,#1009,.T.);
#1009 = LINE('',#1010,#1011);
#1010 = CARTESIAN_POINT('',(45.1,-19.,0.));
#1011 = VECTOR('',#1012,1.);
#1012 = DIRECTION('',(-0.,1.,0.));
#1013 = ORIENTED_EDGE('',*,*,#939,.F.);
#1014 = PLANE('',#1015);
#1015 = AXIS2_PLACEMENT_3D('',#1016,#1017,#1018);
#1016 = CARTESIAN_POINT('',(41.09,-19.,0.));
#1017 = DIRECTION('',(0.,0.,1.));
#1018 = DIRECTION('',(1.,0.,-0.));
#1019 = ADVANCED_FACE('',(#1020,#1048,#1093,#1138,#1183,#1228,#1264,
    #1300,#1336,#1372,#1417,#1453,#1498,#1543,#1579,#1624,#1660,#1705,
    #1750,#1795,#1840,#1876,#1912,#1948,#1984,#2020,#2056,#2092,#2128,
    #2164,#2209,#2245,#2281,#2326,#2362,#2398,#2434,#2470,#2515,#2560,
    #2605,#2650,#2695,#2731,#2776,#2821,#2866,#2911,#2956,#3001,#3037,
    #3073,#3109,#3154,#3190,#3235,#3280,#3325,#3370,#3406,#3442,#3487,
    #3523,#3568,#3604,#3649,#3685,#3721,#3766,#3802,#3854,#3906,#3941,
    #3976,#4011,#4046,#4093,#4140,#4151,#4162,#4173,#4184,#4195,#4206,
    #4217,#4228,#4239,#4250,#4261,#4272,#4283,#4294,#4305,#4316,#4327,
    #4338,#4349,#4360,#4379),#4407,.T.);
#1020 = FACE_BOUND('',#1021,.T.);
#1021 = EDGE_LOOP('',(#1022,#1023,#1024,#1025,#1026,#1027,#1028,#1034,
    #1035,#1036,#1037,#1038,#1039,#1040,#1041,#1047));
#1022 = ORIENTED_EDGE('',*,*,#247,.F.);
#1023 = ORIENTED_EDGE('',*,*,#351,.T.);
#1024 = ORIENTED_EDGE('',*,*,#376,.T.);
#1025 = ORIENTED_EDGE('',*,*,#493,.F.);
#1026 = ORIENTED_EDGE('',*,*,#454,.T.);
#1027 = ORIENTED_EDGE('',*,*,#416,.T.);
#1028 = ORIENTED_EDGE('',*,*,#1029,.T.);
#1029 = EDGE_CURVE('',#417,#924,#1030,.T.);
#1030 = LINE('',#1031,#1032);
#1031 = CARTESIAN_POINT('',(41.09,-26.24,-11.));
#1032 = VECTOR('',#1033,1.);
#1033 = DIRECTION('',(-0.,1.,0.));
#1034 = ORIENTED_EDGE('',*,*,#923,.F.);
#1035 = ORIENTED_EDGE('',*,*,#883,.T.);
#1036 = ORIENTED_EDGE('',*,*,#860,.T.);
#1037 = ORIENTED_EDGE('',*,*,#828,.F.);
#1038 = ORIENTED_EDGE('',*,*,#803,.F.);
#1039 = ORIENTED_EDGE('',*,*,#755,.F.);
#1040 = ORIENTED_EDGE('',*,*,#733,.F.);
#1041 = ORIENTED_EDGE('',*,*,#1042,.F.);
#1042 = EDGE_CURVE('',#312,#726,#1043,.T.);
#1043 = LINE('',#1044,#1045);
#1044 = CARTESIAN_POINT('',(-41.09,-26.24,-11.));
#1045 = VECTOR('',#1046,1.);
#1046 = DIRECTION('',(-0.,1.,0.));
#1047 = ORIENTED_EDGE('',*,*,#319,.T.);
#1048 = FACE_BOUND('',#1049,.T.);
#1049 = EDGE_LOOP('',(#1050,#1061,#1069,#1078,#1087));
#1050 = ORIENTED_EDGE('',*,*,#1051,.F.);
#1051 = EDGE_CURVE('',#1052,#1054,#1056,.T.);
#1052 = VERTEX_POINT('',#1053);
#1053 = CARTESIAN_POINT('',(30.48,29.315,-11.));
#1054 = VERTEX_POINT('',#1055);
#1055 = CARTESIAN_POINT('',(30.48,26.565,-11.));
#1056 = CIRCLE('',#1057,1.375);
#1057 = AXIS2_PLACEMENT_3D('',#1058,#1059,#1060);
#1058 = CARTESIAN_POINT('',(30.48,27.94,-11.));
#1059 = DIRECTION('',(0.,0.,1.));
#1060 = DIRECTION('',(1.,0.,-0.));
#1061 = ORIENTED_EDGE('',*,*,#1062,.F.);
#1062 = EDGE_CURVE('',#1063,#1052,#1065,.T.);
#1063 = VERTEX_POINT('',#1064);
#1064 = CARTESIAN_POINT('',(35.56,29.315,-11.));
#1065 = LINE('',#1066,#1067);
#1066 = CARTESIAN_POINT('',(-5.31,29.315,-11.));
#1067 = VECTOR('',#1068,1.);
#1068 = DIRECTION('',(-1.,-0.,0.));
#1069 = ORIENTED_EDGE('',*,*,#1070,.F.);
#1070 = EDGE_CURVE('',#1071,#1063,#1073,.T.);
#1071 = VERTEX_POINT('',#1072);
#1072 = CARTESIAN_POINT('',(36.935,27.94,-11.));
#1073 = CIRCLE('',#1074,1.375);
#1074 = AXIS2_PLACEMENT_3D('',#1075,#1076,#1077);
#1075 = CARTESIAN_POINT('',(35.56,27.94,-11.));
#1076 = DIRECTION('',(0.,0.,1.));
#1077 = DIRECTION('',(1.,0.,-0.));
#1078 = ORIENTED_EDGE('',*,*,#1079,.F.);
#1079 = EDGE_CURVE('',#1080,#1071,#1082,.T.);
#1080 = VERTEX_POINT('',#1081);
#1081 = CARTESIAN_POINT('',(35.56,26.565,-11.));
#1082 = CIRCLE('',#1083,1.375);
#1083 = AXIS2_PLACEMENT_3D('',#1084,#1085,#1086);
#1084 = CARTESIAN_POINT('',(35.56,27.94,-11.));
#1085 = DIRECTION('',(0.,0.,1.));
#1086 = DIRECTION('',(1.,0.,-0.));
#1087 = ORIENTED_EDGE('',*,*,#1088,.T.);
#1088 = EDGE_CURVE('',#1080,#1054,#1089,.T.);
#1089 = LINE('',#1090,#1091);
#1090 = CARTESIAN_POINT('',(-5.31,26.565,-11.));
#1091 = VECTOR('',#1092,1.);
#1092 = DIRECTION('',(-1.,-0.,0.));
#1093 = FACE_BOUND('',#1094,.T.);
#1094 = EDGE_LOOP('',(#1095,#1106,#1114,#1123,#1132));
#1095 = ORIENTED_EDGE('',*,*,#1096,.F.);
#1096 = EDGE_CURVE('',#1097,#1099,#1101,.T.);
#1097 = VERTEX_POINT('',#1098);
#1098 = CARTESIAN_POINT('',(30.48,-1.165,-11.));
#1099 = VERTEX_POINT('',#1100);
#1100 = CARTESIAN_POINT('',(30.48,-3.915,-11.));
#1101 = CIRCLE('',#1102,1.375);
#1102 = AXIS2_PLACEMENT_3D('',#1103,#1104,#1105);
#1103 = CARTESIAN_POINT('',(30.48,-2.54,-11.));
#1104 = DIRECTION('',(0.,0.,1.));
#1105 = DIRECTION('',(1.,0.,-0.));
#1106 = ORIENTED_EDGE('',*,*,#1107,.F.);
#1107 = EDGE_CURVE('',#1108,#1097,#1110,.T.);
#1108 = VERTEX_POINT('',#1109);
#1109 = CARTESIAN_POINT('',(35.56,-1.165,-11.));
#1110 = LINE('',#1111,#1112);
#1111 = CARTESIAN_POINT('',(-5.31,-1.165,-11.));
#1112 = VECTOR('',#1113,1.);
#1113 = DIRECTION('',(-1.,-0.,0.));
#1114 = ORIENTED_EDGE('',*,*,#1115,.F.);
#1115 = EDGE_CURVE('',#1116,#1108,#1118,.T.);
#1116 = VERTEX_POINT('',#1117);
#1117 = CARTESIAN_POINT('',(36.935,-2.54,-11.));
#1118 = CIRCLE('',#1119,1.375);
#1119 = AXIS2_PLACEMENT_3D('',#1120,#1121,#1122);
#1120 = CARTESIAN_POINT('',(35.56,-2.54,-11.));
#1121 = DIRECTION('',(0.,0.,1.));
#1122 = DIRECTION('',(1.,0.,-0.));
#1123 = ORIENTED_EDGE('',*,*,#1124,.F.);
#1124 = EDGE_CURVE('',#1125,#1116,#1127,.T.);
#1125 = VERTEX_POINT('',#1126);
#1126 = CARTESIAN_POINT('',(35.56,-3.915,-11.));
#1127 = CIRCLE('',#1128,1.375);
#1128 = AXIS2_PLACEMENT_3D('',#1129,#1130,#1131);
#1129 = CARTESIAN_POINT('',(35.56,-2.54,-11.));
#1130 = DIRECTION('',(0.,0.,1.));
#1131 = DIRECTION('',(1.,0.,-0.));
#1132 = ORIENTED_EDGE('',*,*,#1133,.T.);
#1133 = EDGE_CURVE('',#1125,#1099,#1134,.T.);
#1134 = LINE('',#1135,#1136);
#1135 = CARTESIAN_POINT('',(-5.31,-3.915,-11.));
#1136 = VECTOR('',#1137,1.);
#1137 = DIRECTION('',(-1.,-0.,0.));
#1138 = FACE_BOUND('',#1139,.T.);
#1139 = EDGE_LOOP('',(#1140,#1151,#1159,#1168,#1177));
#1140 = ORIENTED_EDGE('',*,*,#1141,.F.);
#1141 = EDGE_CURVE('',#1142,#1144,#1146,.T.);
#1142 = VERTEX_POINT('',#1143);
#1143 = CARTESIAN_POINT('',(30.48,14.075,-11.));
#1144 = VERTEX_POINT('',#1145);
#1145 = CARTESIAN_POINT('',(30.48,11.325,-11.));
#1146 = CIRCLE('',#1147,1.375);
#1147 = AXIS2_PLACEMENT_3D('',#1148,#1149,#1150);
#1148 = CARTESIAN_POINT('',(30.48,12.7,-11.));
#1149 = DIRECTION('',(0.,0.,1.));
#1150 = DIRECTION('',(1.,0.,-0.));
#1151 = ORIENTED_EDGE('',*,*,#1152,.F.);
#1152 = EDGE_CURVE('',#1153,#1142,#1155,.T.);
#1153 = VERTEX_POINT('',#1154);
#1154 = CARTESIAN_POINT('',(35.56,14.075,-11.));
#1155 = LINE('',#1156,#1157);
#1156 = CARTESIAN_POINT('',(-5.31,14.075,-11.));
#1157 = VECTOR('',#1158,1.);
#1158 = DIRECTION('',(-1.,-0.,0.));
#1159 = ORIENTED_EDGE('',*,*,#1160,.F.);
#1160 = EDGE_CURVE('',#1161,#1153,#1163,.T.);
#1161 = VERTEX_POINT('',#1162);
#1162 = CARTESIAN_POINT('',(36.935,12.7,-11.));
#1163 = CIRCLE('',#1164,1.375);
#1164 = AXIS2_PLACEMENT_3D('',#1165,#1166,#1167);
#1165 = CARTESIAN_POINT('',(35.56,12.7,-11.));
#1166 = DIRECTION('',(0.,0.,1.));
#1167 = DIRECTION('',(1.,0.,-0.));
#1168 = ORIENTED_EDGE('',*,*,#1169,.F.);
#1169 = EDGE_CURVE('',#1170,#1161,#1172,.T.);
#1170 = VERTEX_POINT('',#1171);
#1171 = CARTESIAN_POINT('',(35.56,11.325,-11.));
#1172 = CIRCLE('',#1173,1.375);
#1173 = AXIS2_PLACEMENT_3D('',#1174,#1175,#1176);
#1174 = CARTESIAN_POINT('',(35.56,12.7,-11.));
#1175 = DIRECTION('',(0.,0.,1.));
#1176 = DIRECTION('',(1.,0.,-0.));
#1177 = ORIENTED_EDGE('',*,*,#1178,.T.);
#1178 = EDGE_CURVE('',#1170,#1144,#1179,.T.);
#1179 = LINE('',#1180,#1181);
#1180 = CARTESIAN_POINT('',(-5.31,11.325,-11.));
#1181 = VECTOR('',#1182,1.);
#1182 = DIRECTION('',(-1.,-0.,0.));
#1183 = FACE_BOUND('',#1184,.T.);
#1184 = EDGE_LOOP('',(#1185,#1196,#1204,#1213,#1222));
#1185 = ORIENTED_EDGE('',*,*,#1186,.F.);
#1186 = EDGE_CURVE('',#1187,#1189,#1191,.T.);
#1187 = VERTEX_POINT('',#1188);
#1188 = CARTESIAN_POINT('',(30.48,-16.405,-11.));
#1189 = VERTEX_POINT('',#1190);
#1190 = CARTESIAN_POINT('',(30.48,-19.155,-11.));
#1191 = CIRCLE('',#1192,1.375);
#1192 = AXIS2_PLACEMENT_3D('',#1193,#1194,#1195);
#1193 = CARTESIAN_POINT('',(30.48,-17.78,-11.));
#1194 = DIRECTION('',(0.,0.,1.));
#1195 = DIRECTION('',(1.,0.,-0.));
#1196 = ORIENTED_EDGE('',*,*,#1197,.F.);
#1197 = EDGE_CURVE('',#1198,#1187,#1200,.T.);
#1198 = VERTEX_POINT('',#1199);
#1199 = CARTESIAN_POINT('',(35.56,-16.405,-11.));
#1200 = LINE('',#1201,#1202);
#1201 = CARTESIAN_POINT('',(-5.31,-16.405,-11.));
#1202 = VECTOR('',#1203,1.);
#1203 = DIRECTION('',(-1.,-0.,0.));
#1204 = ORIENTED_EDGE('',*,*,#1205,.F.);
#1205 = EDGE_CURVE('',#1206,#1198,#1208,.T.);
#1206 = VERTEX_POINT('',#1207);
#1207 = CARTESIAN_POINT('',(36.935,-17.78,-11.));
#1208 = CIRCLE('',#1209,1.375);
#1209 = AXIS2_PLACEMENT_3D('',#1210,#1211,#1212);
#1210 = CARTESIAN_POINT('',(35.56,-17.78,-11.));
#1211 = DIRECTION('',(0.,0.,1.));
#1212 = DIRECTION('',(1.,0.,-0.));
#1213 = ORIENTED_EDGE('',*,*,#1214,.F.);
#1214 = EDGE_CURVE('',#1215,#1206,#1217,.T.);
#1215 = VERTEX_POINT('',#1216);
#1216 = CARTESIAN_POINT('',(35.56,-19.155,-11.));
#1217 = CIRCLE('',#1218,1.375);
#1218 = AXIS2_PLACEMENT_3D('',#1219,#1220,#1221);
#1219 = CARTESIAN_POINT('',(35.56,-17.78,-11.));
#1220 = DIRECTION('',(0.,0.,1.));
#1221 = DIRECTION('',(1.,0.,-0.));
#1222 = ORIENTED_EDGE('',*,*,#1223,.T.);
#1223 = EDGE_CURVE('',#1215,#1189,#1224,.T.);
#1224 = LINE('',#1225,#1226);
#1225 = CARTESIAN_POINT('',(-5.31,-19.155,-11.));
#1226 = VECTOR('',#1227,1.);
#1227 = DIRECTION('',(-1.,-0.,0.));
#1228 = FACE_BOUND('',#1229,.T.);
#1229 = EDGE_LOOP('',(#1230,#1241,#1249,#1258));
#1230 = ORIENTED_EDGE('',*,*,#1231,.F.);
#1231 = EDGE_CURVE('',#1232,#1234,#1236,.T.);
#1232 = VERTEX_POINT('',#1233);
#1233 = CARTESIAN_POINT('',(26.775,27.94,-11.));
#1234 = VERTEX_POINT('',#1235);
#1235 = CARTESIAN_POINT('',(24.025,27.94,-11.));
#1236 = CIRCLE('',#1237,1.375);
#1237 = AXIS2_PLACEMENT_3D('',#1238,#1239,#1240);
#1238 = CARTESIAN_POINT('',(25.4,27.94,-11.));
#1239 = DIRECTION('',(0.,0.,1.));
#1240 = DIRECTION('',(1.,0.,-0.));
#1241 = ORIENTED_EDGE('',*,*,#1242,.F.);
#1242 = EDGE_CURVE('',#1243,#1232,#1245,.T.);
#1243 = VERTEX_POINT('',#1244);
#1244 = CARTESIAN_POINT('',(26.775,22.86,-11.));
#1245 = LINE('',#1246,#1247);
#1246 = CARTESIAN_POINT('',(26.775,-5.31,-11.));
#1247 = VECTOR('',#1248,1.);
#1248 = DIRECTION('',(-0.,1.,0.));
#1249 = ORIENTED_EDGE('',*,*,#1250,.F.);
#1250 = EDGE_CURVE('',#1251,#1243,#1253,.T.);
#1251 = VERTEX_POINT('',#1252);
#1252 = CARTESIAN_POINT('',(24.025,22.86,-11.));
#1253 = CIRCLE('',#1254,1.375);
#1254 = AXIS2_PLACEMENT_3D('',#1255,#1256,#1257);
#1255 = CARTESIAN_POINT('',(25.4,22.86,-11.));
#1256 = DIRECTION('',(0.,0.,1.));
#1257 = DIRECTION('',(1.,0.,-0.));
#1258 = ORIENTED_EDGE('',*,*,#1259,.T.);
#1259 = EDGE_CURVE('',#1251,#1234,#1260,.T.);
#1260 = LINE('',#1261,#1262);
#1261 = CARTESIAN_POINT('',(24.025,-5.31,-11.));
#1262 = VECTOR('',#1263,1.);
#1263 = DIRECTION('',(-0.,1.,0.));
#1264 = FACE_BOUND('',#1265,.T.);
#1265 = EDGE_LOOP('',(#1266,#1277,#1285,#1294));
#1266 = ORIENTED_EDGE('',*,*,#1267,.F.);
#1267 = EDGE_CURVE('',#1268,#1270,#1272,.T.);
#1268 = VERTEX_POINT('',#1269);
#1269 = CARTESIAN_POINT('',(-3.705,27.94,-11.));
#1270 = VERTEX_POINT('',#1271);
#1271 = CARTESIAN_POINT('',(-6.455,27.94,-11.));
#1272 = CIRCLE('',#1273,1.375);
#1273 = AXIS2_PLACEMENT_3D('',#1274,#1275,#1276);
#1274 = CARTESIAN_POINT('',(-5.08,27.94,-11.));
#1275 = DIRECTION('',(0.,0.,1.));
#1276 = DIRECTION('',(1.,0.,-0.));
#1277 = ORIENTED_EDGE('',*,*,#1278,.F.);
#1278 = EDGE_CURVE('',#1279,#1268,#1281,.T.);
#1279 = VERTEX_POINT('',#1280);
#1280 = CARTESIAN_POINT('',(-3.705,22.86,-11.));
#1281 = LINE('',#1282,#1283);
#1282 = CARTESIAN_POINT('',(-3.705,-5.31,-11.));
#1283 = VECTOR('',#1284,1.);
#1284 = DIRECTION('',(-0.,1.,0.));
#1285 = ORIENTED_EDGE('',*,*,#1286,.F.);
#1286 = EDGE_CURVE('',#1287,#1279,#1289,.T.);
#1287 = VERTEX_POINT('',#1288);
#1288 = CARTESIAN_POINT('',(-6.455,22.86,-11.));
#1289 = CIRCLE('',#1290,1.375);
#1290 = AXIS2_PLACEMENT_3D('',#1291,#1292,#1293);
#1291 = CARTESIAN_POINT('',(-5.08,22.86,-11.));
#1292 = DIRECTION('',(0.,0.,1.));
#1293 = DIRECTION('',(1.,0.,-0.));
#1294 = ORIENTED_EDGE('',*,*,#1295,.T.);
#1295 = EDGE_CURVE('',#1287,#1270,#1296,.T.);
#1296 = LINE('',#1297,#1298);
#1297 = CARTESIAN_POINT('',(-6.455,-5.31,-11.));
#1298 = VECTOR('',#1299,1.);
#1299 = DIRECTION('',(-0.,1.,0.));
#1300 = FACE_BOUND('',#1301,.T.);
#1301 = EDGE_LOOP('',(#1302,#1313,#1321,#1330));
#1302 = ORIENTED_EDGE('',*,*,#1303,.F.);
#1303 = EDGE_CURVE('',#1304,#1306,#1308,.T.);
#1304 = VERTEX_POINT('',#1305);
#1305 = CARTESIAN_POINT('',(-34.185,27.94,-11.));
#1306 = VERTEX_POINT('',#1307);
#1307 = CARTESIAN_POINT('',(-36.935,27.94,-11.));
#1308 = CIRCLE('',#1309,1.375);
#1309 = AXIS2_PLACEMENT_3D('',#1310,#1311,#1312);
#1310 = CARTESIAN_POINT('',(-35.56,27.94,-11.));
#1311 = DIRECTION('',(0.,0.,1.));
#1312 = DIRECTION('',(1.,0.,-0.));
#1313 = ORIENTED_EDGE('',*,*,#1314,.F.);
#1314 = EDGE_CURVE('',#1315,#1304,#1317,.T.);
#1315 = VERTEX_POINT('',#1316);
#1316 = CARTESIAN_POINT('',(-34.185,22.86,-11.));
#1317 = LINE('',#1318,#1319);
#1318 = CARTESIAN_POINT('',(-34.185,-5.31,-11.));
#1319 = VECTOR('',#1320,1.);
#1320 = DIRECTION('',(-0.,1.,0.));
#1321 = ORIENTED_EDGE('',*,*,#1322,.F.);
#1322 = EDGE_CURVE('',#1323,#1315,#1325,.T.);
#1323 = VERTEX_POINT('',#1324);
#1324 = CARTESIAN_POINT('',(-36.935,22.86,-11.));
#1325 = CIRCLE('',#1326,1.375);
#1326 = AXIS2_PLACEMENT_3D('',#1327,#1328,#1329);
#1327 = CARTESIAN_POINT('',(-35.56,22.86,-11.));
#1328 = DIRECTION('',(0.,0.,1.));
#1329 = DIRECTION('',(1.,0.,-0.));
#1330 = ORIENTED_EDGE('',*,*,#1331,.T.);
#1331 = EDGE_CURVE('',#1323,#1306,#1332,.T.);
#1332 = LINE('',#1333,#1334);
#1333 = CARTESIAN_POINT('',(-36.935,-5.31,-11.));
#1334 = VECTOR('',#1335,1.);
#1335 = DIRECTION('',(-0.,1.,0.));
#1336 = FACE_BOUND('',#1337,.T.);
#1337 = EDGE_LOOP('',(#1338,#1349,#1357,#1366));
#1338 = ORIENTED_EDGE('',*,*,#1339,.F.);
#1339 = EDGE_CURVE('',#1340,#1342,#1344,.T.);
#1340 = VERTEX_POINT('',#1341);
#1341 = CARTESIAN_POINT('',(-18.945,27.94,-11.));
#1342 = VERTEX_POINT('',#1343);
#1343 = CARTESIAN_POINT('',(-21.695,27.94,-11.));
#1344 = CIRCLE('',#1345,1.375);
#1345 = AXIS2_PLACEMENT_3D('',#1346,#1347,#1348);
#1346 = CARTESIAN_POINT('',(-20.32,27.94,-11.));
#1347 = DIRECTION('',(0.,0.,1.));
#1348 = DIRECTION('',(1.,0.,-0.));
#1349 = ORIENTED_EDGE('',*,*,#1350,.F.);
#1350 = EDGE_CURVE('',#1351,#1340,#1353,.T.);
#1351 = VERTEX_POINT('',#1352);
#1352 = CARTESIAN_POINT('',(-18.945,22.86,-11.));
#1353 = LINE('',#1354,#1355);
#1354 = CARTESIAN_POINT('',(-18.945,-5.31,-11.));
#1355 = VECTOR('',#1356,1.);
#1356 = DIRECTION('',(-0.,1.,0.));
#1357 = ORIENTED_EDGE('',*,*,#1358,.F.);
#1358 = EDGE_CURVE('',#1359,#1351,#1361,.T.);
#1359 = VERTEX_POINT('',#1360);
#1360 = CARTESIAN_POINT('',(-21.695,22.86,-11.));
#1361 = CIRCLE('',#1362,1.375);
#1362 = AXIS2_PLACEMENT_3D('',#1363,#1364,#1365);
#1363 = CARTESIAN_POINT('',(-20.32,22.86,-11.));
#1364 = DIRECTION('',(0.,0.,1.));
#1365 = DIRECTION('',(1.,0.,-0.));
#1366 = ORIENTED_EDGE('',*,*,#1367,.T.);
#1367 = EDGE_CURVE('',#1359,#1342,#1368,.T.);
#1368 = LINE('',#1369,#1370);
#1369 = CARTESIAN_POINT('',(-21.695,-5.31,-11.));
#1370 = VECTOR('',#1371,1.);
#1371 = DIRECTION('',(-0.,1.,0.));
#1372 = FACE_BOUND('',#1373,.T.);
#1373 = EDGE_LOOP('',(#1374,#1385,#1393,#1402,#1411));
#1374 = ORIENTED_EDGE('',*,*,#1375,.F.);
#1375 = EDGE_CURVE('',#1376,#1378,#1380,.T.);
#1376 = VERTEX_POINT('',#1377);
#1377 = CARTESIAN_POINT('',(15.24,29.315,-11.));
#1378 = VERTEX_POINT('',#1379);
#1379 = CARTESIAN_POINT('',(15.24,26.565,-11.));
#1380 = CIRCLE('',#1381,1.375);
#1381 = AXIS2_PLACEMENT_3D('',#1382,#1383,#1384);
#1382 = CARTESIAN_POINT('',(15.24,27.94,-11.));
#1383 = DIRECTION('',(0.,0.,1.));
#1384 = DIRECTION('',(1.,0.,-0.));
#1385 = ORIENTED_EDGE('',*,*,#1386,.F.);
#1386 = EDGE_CURVE('',#1387,#1376,#1389,.T.);
#1387 = VERTEX_POINT('',#1388);
#1388 = CARTESIAN_POINT('',(20.32,29.315,-11.));
#1389 = LINE('',#1390,#1391);
#1390 = CARTESIAN_POINT('',(-12.93,29.315,-11.));
#1391 = VECTOR('',#1392,1.);
#1392 = DIRECTION('',(-1.,-0.,0.));
#1393 = ORIENTED_EDGE('',*,*,#1394,.F.);
#1394 = EDGE_CURVE('',#1395,#1387,#1397,.T.);
#1395 = VERTEX_POINT('',#1396);
#1396 = CARTESIAN_POINT('',(21.695,27.94,-11.));
#1397 = CIRCLE('',#1398,1.375);
#1398 = AXIS2_PLACEMENT_3D('',#1399,#1400,#1401);
#1399 = CARTESIAN_POINT('',(20.32,27.94,-11.));
#1400 = DIRECTION('',(0.,0.,1.));
#1401 = DIRECTION('',(1.,0.,-0.));
#1402 = ORIENTED_EDGE('',*,*,#1403,.F.);
#1403 = EDGE_CURVE('',#1404,#1395,#1406,.T.);
#1404 = VERTEX_POINT('',#1405);
#1405 = CARTESIAN_POINT('',(20.32,26.565,-11.));
#1406 = CIRCLE('',#1407,1.375);
#1407 = AXIS2_PLACEMENT_3D('',#1408,#1409,#1410);
#1408 = CARTESIAN_POINT('',(20.32,27.94,-11.));
#1409 = DIRECTION('',(0.,0.,1.));
#1410 = DIRECTION('',(1.,0.,-0.));
#1411 = ORIENTED_EDGE('',*,*,#1412,.T.);
#1412 = EDGE_CURVE('',#1404,#1378,#1413,.T.);
#1413 = LINE('',#1414,#1415);
#1414 = CARTESIAN_POINT('',(-12.93,26.565,-11.));
#1415 = VECTOR('',#1416,1.);
#1416 = DIRECTION('',(-1.,-0.,0.));
#1417 = FACE_BOUND('',#1418,.T.);
#1418 = EDGE_LOOP('',(#1419,#1430,#1438,#1447));
#1419 = ORIENTED_EDGE('',*,*,#1420,.F.);
#1420 = EDGE_CURVE('',#1421,#1423,#1425,.T.);
#1421 = VERTEX_POINT('',#1422);
#1422 = CARTESIAN_POINT('',(11.535,27.94,-11.));
#1423 = VERTEX_POINT('',#1424);
#1424 = CARTESIAN_POINT('',(8.785,27.94,-11.));
#1425 = CIRCLE('',#1426,1.375);
#1426 = AXIS2_PLACEMENT_3D('',#1427,#1428,#1429);
#1427 = CARTESIAN_POINT('',(10.16,27.94,-11.));
#1428 = DIRECTION('',(0.,0.,1.));
#1429 = DIRECTION('',(1.,0.,-0.));
#1430 = ORIENTED_EDGE('',*,*,#1431,.F.);
#1431 = EDGE_CURVE('',#1432,#1421,#1434,.T.);
#1432 = VERTEX_POINT('',#1433);
#1433 = CARTESIAN_POINT('',(11.535,22.86,-11.));
#1434 = LINE('',#1435,#1436);
#1435 = CARTESIAN_POINT('',(11.535,-5.31,-11.));
#1436 = VECTOR('',#1437,1.);
#1437 = DIRECTION('',(-0.,1.,0.));
#1438 = ORIENTED_EDGE('',*,*,#1439,.F.);
#1439 = EDGE_CURVE('',#1440,#1432,#1442,.T.);
#1440 = VERTEX_POINT('',#1441);
#1441 = CARTESIAN_POINT('',(8.785,22.86,-11.));
#1442 = CIRCLE('',#1443,1.375);
#1443 = AXIS2_PLACEMENT_3D('',#1444,#1445,#1446);
#1444 = CARTESIAN_POINT('',(10.16,22.86,-11.));
#1445 = DIRECTION('',(0.,0.,1.));
#1446 = DIRECTION('',(1.,0.,-0.));
#1447 = ORIENTED_EDGE('',*,*,#1448,.T.);
#1448 = EDGE_CURVE('',#1440,#1423,#1449,.T.);
#1449 = LINE('',#1450,#1451);
#1450 = CARTESIAN_POINT('',(8.785,-5.31,-11.));
#1451 = VECTOR('',#1452,1.);
#1452 = DIRECTION('',(-0.,1.,0.));
#1453 = FACE_BOUND('',#1454,.T.);
#1454 = EDGE_LOOP('',(#1455,#1466,#1474,#1483,#1492));
#1455 = ORIENTED_EDGE('',*,*,#1456,.F.);
#1456 = EDGE_CURVE('',#1457,#1459,#1461,.T.);
#1457 = VERTEX_POINT('',#1458);
#1458 = CARTESIAN_POINT('',(15.24,-16.405,-11.));
#1459 = VERTEX_POINT('',#1460);
#1460 = CARTESIAN_POINT('',(15.24,-19.155,-11.));
#1461 = CIRCLE('',#1462,1.375);
#1462 = AXIS2_PLACEMENT_3D('',#1463,#1464,#1465);
#1463 = CARTESIAN_POINT('',(15.24,-17.78,-11.));
#1464 = DIRECTION('',(0.,0.,1.));
#1465 = DIRECTION('',(1.,0.,-0.));
#1466 = ORIENTED_EDGE('',*,*,#1467,.F.);
#1467 = EDGE_CURVE('',#1468,#1457,#1470,.T.);
#1468 = VERTEX_POINT('',#1469);
#1469 = CARTESIAN_POINT('',(20.32,-16.405,-11.));
#1470 = LINE('',#1471,#1472);
#1471 = CARTESIAN_POINT('',(-12.93,-16.405,-11.));
#1472 = VECTOR('',#1473,1.);
#1473 = DIRECTION('',(-1.,-0.,0.));
#1474 = ORIENTED_EDGE('',*,*,#1475,.F.);
#1475 = EDGE_CURVE('',#1476,#1468,#1478,.T.);
#1476 = VERTEX_POINT('',#1477);
#1477 = CARTESIAN_POINT('',(21.695,-17.78,-11.));
#1478 = CIRCLE('',#1479,1.375);
#1479 = AXIS2_PLACEMENT_3D('',#1480,#1481,#1482);
#1480 = CARTESIAN_POINT('',(20.32,-17.78,-11.));
#1481 = DIRECTION('',(0.,0.,1.));
#1482 = DIRECTION('',(1.,0.,-0.));
#1483 = ORIENTED_EDGE('',*,*,#1484,.F.);
#1484 = EDGE_CURVE('',#1485,#1476,#1487,.T.);
#1485 = VERTEX_POINT('',#1486);
#1486 = CARTESIAN_POINT('',(20.32,-19.155,-11.));
#1487 = CIRCLE('',#1488,1.375);
#1488 = AXIS2_PLACEMENT_3D('',#1489,#1490,#1491);
#1489 = CARTESIAN_POINT('',(20.32,-17.78,-11.));
#1490 = DIRECTION('',(0.,0.,1.));
#1491 = DIRECTION('',(1.,0.,-0.));
#1492 = ORIENTED_EDGE('',*,*,#1493,.T.);
#1493 = EDGE_CURVE('',#1485,#1459,#1494,.T.);
#1494 = LINE('',#1495,#1496);
#1495 = CARTESIAN_POINT('',(-12.93,-19.155,-11.));
#1496 = VECTOR('',#1497,1.);
#1497 = DIRECTION('',(-1.,-0.,0.));
#1498 = FACE_BOUND('',#1499,.T.);
#1499 = EDGE_LOOP('',(#1500,#1511,#1519,#1528,#1537));
#1500 = ORIENTED_EDGE('',*,*,#1501,.F.);
#1501 = EDGE_CURVE('',#1502,#1504,#1506,.T.);
#1502 = VERTEX_POINT('',#1503);
#1503 = CARTESIAN_POINT('',(15.24,14.075,-11.));
#1504 = VERTEX_POINT('',#1505);
#1505 = CARTESIAN_POINT('',(15.24,11.325,-11.));
#1506 = CIRCLE('',#1507,1.375);
#1507 = AXIS2_PLACEMENT_3D('',#1508,#1509,#1510);
#1508 = CARTESIAN_POINT('',(15.24,12.7,-11.));
#1509 = DIRECTION('',(0.,0.,1.));
#1510 = DIRECTION('',(1.,0.,-0.));
#1511 = ORIENTED_EDGE('',*,*,#1512,.F.);
#1512 = EDGE_CURVE('',#1513,#1502,#1515,.T.);
#1513 = VERTEX_POINT('',#1514);
#1514 = CARTESIAN_POINT('',(20.32,14.075,-11.));
#1515 = LINE('',#1516,#1517);
#1516 = CARTESIAN_POINT('',(-12.93,14.075,-11.));
#1517 = VECTOR('',#1518,1.);
#1518 = DIRECTION('',(-1.,-0.,0.));
#1519 = ORIENTED_EDGE('',*,*,#1520,.F.);
#1520 = EDGE_CURVE('',#1521,#1513,#1523,.T.);
#1521 = VERTEX_POINT('',#1522);
#1522 = CARTESIAN_POINT('',(21.695,12.7,-11.));
#1523 = CIRCLE('',#1524,1.375);
#1524 = AXIS2_PLACEMENT_3D('',#1525,#1526,#1527);
#1525 = CARTESIAN_POINT('',(20.32,12.7,-11.));
#1526 = DIRECTION('',(0.,0.,1.));
#1527 = DIRECTION('',(1.,0.,-0.));
#1528 = ORIENTED_EDGE('',*,*,#1529,.F.);
#1529 = EDGE_CURVE('',#1530,#1521,#1532,.T.);
#1530 = VERTEX_POINT('',#1531);
#1531 = CARTESIAN_POINT('',(20.32,11.325,-11.));
#1532 = CIRCLE('',#1533,1.375);
#1533 = AXIS2_PLACEMENT_3D('',#1534,#1535,#1536);
#1534 = CARTESIAN_POINT('',(20.32,12.7,-11.));
#1535 = DIRECTION('',(0.,0.,1.));
#1536 = DIRECTION('',(1.,0.,-0.));
#1537 = ORIENTED_EDGE('',*,*,#1538,.T.);
#1538 = EDGE_CURVE('',#1530,#1504,#1539,.T.);
#1539 = LINE('',#1540,#1541);
#1540 = CARTESIAN_POINT('',(-12.93,11.325,-11.));
#1541 = VECTOR('',#1542,1.);
#1542 = DIRECTION('',(-1.,-0.,0.));
#1543 = FACE_BOUND('',#1544,.T.);
#1544 = EDGE_LOOP('',(#1545,#1556,#1564,#1573));
#1545 = ORIENTED_EDGE('',*,*,#1546,.F.);
#1546 = EDGE_CURVE('',#1547,#1549,#1551,.T.);
#1547 = VERTEX_POINT('',#1548);
#1548 = CARTESIAN_POINT('',(26.775,-17.78,-11.));
#1549 = VERTEX_POINT('',#1550);
#1550 = CARTESIAN_POINT('',(24.025,-17.78,-11.));
#1551 = CIRCLE('',#1552,1.375);
#1552 = AXIS2_PLACEMENT_3D('',#1553,#1554,#1555);
#1553 = CARTESIAN_POINT('',(25.4,-17.78,-11.));
#1554 = DIRECTION('',(0.,0.,1.));
#1555 = DIRECTION('',(1.,0.,-0.));
#1556 = ORIENTED_EDGE('',*,*,#1557,.F.);
#1557 = EDGE_CURVE('',#1558,#1547,#1560,.T.);
#1558 = VERTEX_POINT('',#1559);
#1559 = CARTESIAN_POINT('',(26.775,-22.86,-11.));
#1560 = LINE('',#1561,#1562);
#1561 = CARTESIAN_POINT('',(26.775,-28.17,-11.));
#1562 = VECTOR('',#1563,1.);
#1563 = DIRECTION('',(-0.,1.,0.));
#1564 = ORIENTED_EDGE('',*,*,#1565,.F.);
#1565 = EDGE_CURVE('',#1566,#1558,#1568,.T.);
#1566 = VERTEX_POINT('',#1567);
#1567 = CARTESIAN_POINT('',(24.025,-22.86,-11.));
#1568 = CIRCLE('',#1569,1.375);
#1569 = AXIS2_PLACEMENT_3D('',#1570,#1571,#1572);
#1570 = CARTESIAN_POINT('',(25.4,-22.86,-11.));
#1571 = DIRECTION('',(0.,0.,1.));
#1572 = DIRECTION('',(1.,0.,-0.));
#1573 = ORIENTED_EDGE('',*,*,#1574,.T.);
#1574 = EDGE_CURVE('',#1566,#1549,#1575,.T.);
#1575 = LINE('',#1576,#1577);
#1576 = CARTESIAN_POINT('',(24.025,-28.17,-11.));
#1577 = VECTOR('',#1578,1.);
#1578 = DIRECTION('',(-0.,1.,0.));
#1579 = FACE_BOUND('',#1580,.T.);
#1580 = EDGE_LOOP('',(#1581,#1592,#1600,#1609,#1618));
#1581 = ORIENTED_EDGE('',*,*,#1582,.F.);
#1582 = EDGE_CURVE('',#1583,#1585,#1587,.T.);
#1583 = VERTEX_POINT('',#1584);
#1584 = CARTESIAN_POINT('',(-35.56,-11.325,-11.));
#1585 = VERTEX_POINT('',#1586);
#1586 = CARTESIAN_POINT('',(-35.56,-14.075,-11.));
#1587 = CIRCLE('',#1588,1.375);
#1588 = AXIS2_PLACEMENT_3D('',#1589,#1590,#1591);
#1589 = CARTESIAN_POINT('',(-35.56,-12.7,-11.));
#1590 = DIRECTION('',(0.,0.,1.));
#1591 = DIRECTION('',(1.,0.,-0.));
#1592 = ORIENTED_EDGE('',*,*,#1593,.F.);
#1593 = EDGE_CURVE('',#1594,#1583,#1596,.T.);
#1594 = VERTEX_POINT('',#1595);
#1595 = CARTESIAN_POINT('',(-30.48,-11.325,-11.));
#1596 = LINE('',#1597,#1598);
#1597 = CARTESIAN_POINT('',(-38.33,-11.325,-11.));
#1598 = VECTOR('',#1599,1.);
#1599 = DIRECTION('',(-1.,-0.,0.));
#1600 = ORIENTED_EDGE('',*,*,#1601,.F.);
#1601 = EDGE_CURVE('',#1602,#1594,#1604,.T.);
#1602 = VERTEX_POINT('',#1603);
#1603 = CARTESIAN_POINT('',(-29.105,-12.7,-11.));
#1604 = CIRCLE('',#1605,1.375);
#1605 = AXIS2_PLACEMENT_3D('',#1606,#1607,#1608);
#1606 = CARTESIAN_POINT('',(-30.48,-12.7,-11.));
#1607 = DIRECTION('',(0.,0.,1.));
#1608 = DIRECTION('',(1.,0.,-0.));
#1609 = ORIENTED_EDGE('',*,*,#1610,.F.);
#1610 = EDGE_CURVE('',#1611,#1602,#1613,.T.);
#1611 = VERTEX_POINT('',#1612);
#1612 = CARTESIAN_POINT('',(-30.48,-14.075,-11.));
#1613 = CIRCLE('',#1614,1.375);
#1614 = AXIS2_PLACEMENT_3D('',#1615,#1616,#1617);
#1615 = CARTESIAN_POINT('',(-30.48,-12.7,-11.));
#1616 = DIRECTION('',(0.,0.,1.));
#1617 = DIRECTION('',(1.,0.,-0.));
#1618 = ORIENTED_EDGE('',*,*,#1619,.T.);
#1619 = EDGE_CURVE('',#1611,#1585,#1620,.T.);
#1620 = LINE('',#1621,#1622);
#1621 = CARTESIAN_POINT('',(-38.33,-14.075,-11.));
#1622 = VECTOR('',#1623,1.);
#1623 = DIRECTION('',(-1.,-0.,0.));
#1624 = FACE_BOUND('',#1625,.T.);
#1625 = EDGE_LOOP('',(#1626,#1637,#1645,#1654));
#1626 = ORIENTED_EDGE('',*,*,#1627,.F.);
#1627 = EDGE_CURVE('',#1628,#1630,#1632,.T.);
#1628 = VERTEX_POINT('',#1629);
#1629 = CARTESIAN_POINT('',(-24.025,-7.62,-11.));
#1630 = VERTEX_POINT('',#1631);
#1631 = CARTESIAN_POINT('',(-26.775,-7.62,-11.));
#1632 = CIRCLE('',#1633,1.375);
#1633 = AXIS2_PLACEMENT_3D('',#1634,#1635,#1636);
#1634 = CARTESIAN_POINT('',(-25.4,-7.62,-11.));
#1635 = DIRECTION('',(0.,0.,1.));
#1636 = DIRECTION('',(1.,0.,-0.));
#1637 = ORIENTED_EDGE('',*,*,#1638,.F.);
#1638 = EDGE_CURVE('',#1639,#1628,#1641,.T.);
#1639 = VERTEX_POINT('',#1640);
#1640 = CARTESIAN_POINT('',(-24.025,-12.7,-11.));
#1641 = LINE('',#1642,#1643);
#1642 = CARTESIAN_POINT('',(-24.025,-23.09,-11.));
#1643 = VECTOR('',#1644,1.);
#1644 = DIRECTION('',(-0.,1.,0.));
#1645 = ORIENTED_EDGE('',*,*,#1646,.F.);
#1646 = EDGE_CURVE('',#1647,#1639,#1649,.T.);
#1647 = VERTEX_POINT('',#1648);
#1648 = CARTESIAN_POINT('',(-26.775,-12.7,-11.));
#1649 = CIRCLE('',#1650,1.375);
#1650 = AXIS2_PLACEMENT_3D('',#1651,#1652,#1653);
#1651 = CARTESIAN_POINT('',(-25.4,-12.7,-11.));
#1652 = DIRECTION('',(0.,0.,1.));
#1653 = DIRECTION('',(1.,0.,-0.));
#1654 = ORIENTED_EDGE('',*,*,#1655,.T.);
#1655 = EDGE_CURVE('',#1647,#1630,#1656,.T.);
#1656 = LINE('',#1657,#1658);
#1657 = CARTESIAN_POINT('',(-26.775,-23.09,-11.));
#1658 = VECTOR('',#1659,1.);
#1659 = DIRECTION('',(-0.,1.,0.));
#1660 = FACE_BOUND('',#1661,.T.);
#1661 = EDGE_LOOP('',(#1662,#1673,#1681,#1690,#1699));
#1662 = ORIENTED_EDGE('',*,*,#1663,.F.);
#1663 = EDGE_CURVE('',#1664,#1666,#1668,.T.);
#1664 = VERTEX_POINT('',#1665);
#1665 = CARTESIAN_POINT('',(-35.56,19.155,-11.));
#1666 = VERTEX_POINT('',#1667);
#1667 = CARTESIAN_POINT('',(-35.56,16.405,-11.));
#1668 = CIRCLE('',#1669,1.375);
#1669 = AXIS2_PLACEMENT_3D('',#1670,#1671,#1672);
#1670 = CARTESIAN_POINT('',(-35.56,17.78,-11.));
#1671 = DIRECTION('',(0.,0.,1.));
#1672 = DIRECTION('',(1.,0.,-0.));
#1673 = ORIENTED_EDGE('',*,*,#1674,.F.);
#1674 = EDGE_CURVE('',#1675,#1664,#1677,.T.);
#1675 = VERTEX_POINT('',#1676);
#1676 = CARTESIAN_POINT('',(-30.48,19.155,-11.));
#1677 = LINE('',#1678,#1679);
#1678 = CARTESIAN_POINT('',(-38.33,19.155,-11.));
#1679 = VECTOR('',#1680,1.);
#1680 = DIRECTION('',(-1.,-0.,0.));
#1681 = ORIENTED_EDGE('',*,*,#1682,.F.);
#1682 = EDGE_CURVE('',#1683,#1675,#1685,.T.);
#1683 = VERTEX_POINT('',#1684);
#1684 = CARTESIAN_POINT('',(-29.105,17.78,-11.));
#1685 = CIRCLE('',#1686,1.375);
#1686 = AXIS2_PLACEMENT_3D('',#1687,#1688,#1689);
#1687 = CARTESIAN_POINT('',(-30.48,17.78,-11.));
#1688 = DIRECTION('',(0.,0.,1.));
#1689 = DIRECTION('',(1.,0.,-0.));
#1690 = ORIENTED_EDGE('',*,*,#1691,.F.);
#1691 = EDGE_CURVE('',#1692,#1683,#1694,.T.);
#1692 = VERTEX_POINT('',#1693);
#1693 = CARTESIAN_POINT('',(-30.48,16.405,-11.));
#1694 = CIRCLE('',#1695,1.375);
#1695 = AXIS2_PLACEMENT_3D('',#1696,#1697,#1698);
#1696 = CARTESIAN_POINT('',(-30.48,17.78,-11.));
#1697 = DIRECTION('',(0.,0.,1.));
#1698 = DIRECTION('',(1.,0.,-0.));
#1699 = ORIENTED_EDGE('',*,*,#1700,.T.);
#1700 = EDGE_CURVE('',#1692,#1666,#1701,.T.);
#1701 = LINE('',#1702,#1703);
#1702 = CARTESIAN_POINT('',(-38.33,16.405,-11.));
#1703 = VECTOR('',#1704,1.);
#1704 = DIRECTION('',(-1.,-0.,0.));
#1705 = FACE_BOUND('',#1706,.T.);
#1706 = EDGE_LOOP('',(#1707,#1718,#1726,#1735,#1744));
#1707 = ORIENTED_EDGE('',*,*,#1708,.F.);
#1708 = EDGE_CURVE('',#1709,#1711,#1713,.T.);
#1709 = VERTEX_POINT('',#1710);
#1710 = CARTESIAN_POINT('',(-15.24,14.075,-11.));
#1711 = VERTEX_POINT('',#1712);
#1712 = CARTESIAN_POINT('',(-15.24,11.325,-11.));
#1713 = CIRCLE('',#1714,1.375);
#1714 = AXIS2_PLACEMENT_3D('',#1715,#1716,#1717);
#1715 = CARTESIAN_POINT('',(-15.24,12.7,-11.));
#1716 = DIRECTION('',(0.,0.,1.));
#1717 = DIRECTION('',(1.,0.,-0.));
#1718 = ORIENTED_EDGE('',*,*,#1719,.F.);
#1719 = EDGE_CURVE('',#1720,#1709,#1722,.T.);
#1720 = VERTEX_POINT('',#1721);
#1721 = CARTESIAN_POINT('',(-10.16,14.075,-11.));
#1722 = LINE('',#1723,#1724);
#1723 = CARTESIAN_POINT('',(-28.17,14.075,-11.));
#1724 = VECTOR('',#1725,1.);
#1725 = DIRECTION('',(-1.,-0.,0.));
#1726 = ORIENTED_EDGE('',*,*,#1727,.F.);
#1727 = EDGE_CURVE('',#1728,#1720,#1730,.T.);
#1728 = VERTEX_POINT('',#1729);
#1729 = CARTESIAN_POINT('',(-8.785,12.7,-11.));
#1730 = CIRCLE('',#1731,1.375);
#1731 = AXIS2_PLACEMENT_3D('',#1732,#1733,#1734);
#1732 = CARTESIAN_POINT('',(-10.16,12.7,-11.));
#1733 = DIRECTION('',(0.,0.,1.));
#1734 = DIRECTION('',(1.,0.,-0.));
#1735 = ORIENTED_EDGE('',*,*,#1736,.F.);
#1736 = EDGE_CURVE('',#1737,#1728,#1739,.T.);
#1737 = VERTEX_POINT('',#1738);
#1738 = CARTESIAN_POINT('',(-10.16,11.325,-11.));
#1739 = CIRCLE('',#1740,1.375);
#1740 = AXIS2_PLACEMENT_3D('',#1741,#1742,#1743);
#1741 = CARTESIAN_POINT('',(-10.16,12.7,-11.));
#1742 = DIRECTION('',(0.,0.,1.));
#1743 = DIRECTION('',(1.,0.,-0.));
#1744 = ORIENTED_EDGE('',*,*,#1745,.T.);
#1745 = EDGE_CURVE('',#1737,#1711,#1746,.T.);
#1746 = LINE('',#1747,#1748);
#1747 = CARTESIAN_POINT('',(-28.17,11.325,-11.));
#1748 = VECTOR('',#1749,1.);
#1749 = DIRECTION('',(-1.,-0.,0.));
#1750 = FACE_BOUND('',#1751,.T.);
#1751 = EDGE_LOOP('',(#1752,#1763,#1771,#1780,#1789));
#1752 = ORIENTED_EDGE('',*,*,#1753,.F.);
#1753 = EDGE_CURVE('',#1754,#1756,#1758,.T.);
#1754 = VERTEX_POINT('',#1755);
#1755 = CARTESIAN_POINT('',(-35.56,3.915,-11.));
#1756 = VERTEX_POINT('',#1757);
#1757 = CARTESIAN_POINT('',(-35.56,1.165,-11.));
#1758 = CIRCLE('',#1759,1.375);
#1759 = AXIS2_PLACEMENT_3D('',#1760,#1761,#1762);
#1760 = CARTESIAN_POINT('',(-35.56,2.54,-11.));
#1761 = DIRECTION('',(0.,0.,1.));
#1762 = DIRECTION('',(1.,0.,-0.));
#1763 = ORIENTED_EDGE('',*,*,#1764,.F.);
#1764 = EDGE_CURVE('',#1765,#1754,#1767,.T.);
#1765 = VERTEX_POINT('',#1766);
#1766 = CARTESIAN_POINT('',(-30.48,3.915,-11.));
#1767 = LINE('',#1768,#1769);
#1768 = CARTESIAN_POINT('',(-38.33,3.915,-11.));
#1769 = VECTOR('',#1770,1.);
#1770 = DIRECTION('',(-1.,-0.,0.));
#1771 = ORIENTED_EDGE('',*,*,#1772,.F.);
#1772 = EDGE_CURVE('',#1773,#1765,#1775,.T.);
#1773 = VERTEX_POINT('',#1774);
#1774 = CARTESIAN_POINT('',(-29.105,2.54,-11.));
#1775 = CIRCLE('',#1776,1.375);
#1776 = AXIS2_PLACEMENT_3D('',#1777,#1778,#1779);
#1777 = CARTESIAN_POINT('',(-30.48,2.54,-11.));
#1778 = DIRECTION('',(0.,0.,1.));
#1779 = DIRECTION('',(1.,0.,-0.));
#1780 = ORIENTED_EDGE('',*,*,#1781,.F.);
#1781 = EDGE_CURVE('',#1782,#1773,#1784,.T.);
#1782 = VERTEX_POINT('',#1783);
#1783 = CARTESIAN_POINT('',(-30.48,1.165,-11.));
#1784 = CIRCLE('',#1785,1.375);
#1785 = AXIS2_PLACEMENT_3D('',#1786,#1787,#1788);
#1786 = CARTESIAN_POINT('',(-30.48,2.54,-11.));
#1787 = DIRECTION('',(0.,0.,1.));
#1788 = DIRECTION('',(1.,0.,-0.));
#1789 = ORIENTED_EDGE('',*,*,#1790,.T.);
#1790 = EDGE_CURVE('',#1782,#1756,#1791,.T.);
#1791 = LINE('',#1792,#1793);
#1792 = CARTESIAN_POINT('',(-38.33,1.165,-11.));
#1793 = VECTOR('',#1794,1.);
#1794 = DIRECTION('',(-1.,-0.,0.));
#1795 = FACE_BOUND('',#1796,.T.);
#1796 = EDGE_LOOP('',(#1797,#1808,#1816,#1825,#1834));
#1797 = ORIENTED_EDGE('',*,*,#1798,.F.);
#1798 = EDGE_CURVE('',#1799,#1801,#1803,.T.);
#1799 = VERTEX_POINT('',#1800);
#1800 = CARTESIAN_POINT('',(-35.56,-26.565,-11.));
#1801 = VERTEX_POINT('',#1802);
#1802 = CARTESIAN_POINT('',(-35.56,-29.315,-11.));
#1803 = CIRCLE('',#1804,1.375);
#1804 = AXIS2_PLACEMENT_3D('',#1805,#1806,#1807);
#1805 = CARTESIAN_POINT('',(-35.56,-27.94,-11.));
#1806 = DIRECTION('',(0.,0.,1.));
#1807 = DIRECTION('',(1.,0.,-0.));
#1808 = ORIENTED_EDGE('',*,*,#1809,.F.);
#1809 = EDGE_CURVE('',#1810,#1799,#1812,.T.);
#1810 = VERTEX_POINT('',#1811);
#1811 = CARTESIAN_POINT('',(-30.48,-26.565,-11.));
#1812 = LINE('',#1813,#1814);
#1813 = CARTESIAN_POINT('',(-38.33,-26.565,-11.));
#1814 = VECTOR('',#1815,1.);
#1815 = DIRECTION('',(-1.,-0.,0.));
#1816 = ORIENTED_EDGE('',*,*,#1817,.F.);
#1817 = EDGE_CURVE('',#1818,#1810,#1820,.T.);
#1818 = VERTEX_POINT('',#1819);
#1819 = CARTESIAN_POINT('',(-29.105,-27.94,-11.));
#1820 = CIRCLE('',#1821,1.375);
#1821 = AXIS2_PLACEMENT_3D('',#1822,#1823,#1824);
#1822 = CARTESIAN_POINT('',(-30.48,-27.94,-11.));
#1823 = DIRECTION('',(0.,0.,1.));
#1824 = DIRECTION('',(1.,0.,-0.));
#1825 = ORIENTED_EDGE('',*,*,#1826,.F.);
#1826 = EDGE_CURVE('',#1827,#1818,#1829,.T.);
#1827 = VERTEX_POINT('',#1828);
#1828 = CARTESIAN_POINT('',(-30.48,-29.315,-11.));
#1829 = CIRCLE('',#1830,1.375);
#1830 = AXIS2_PLACEMENT_3D('',#1831,#1832,#1833);
#1831 = CARTESIAN_POINT('',(-30.48,-27.94,-11.));
#1832 = DIRECTION('',(0.,0.,1.));
#1833 = DIRECTION('',(1.,0.,-0.));
#1834 = ORIENTED_EDGE('',*,*,#1835,.T.);
#1835 = EDGE_CURVE('',#1827,#1801,#1836,.T.);
#1836 = LINE('',#1837,#1838);
#1837 = CARTESIAN_POINT('',(-38.33,-29.315,-11.));
#1838 = VECTOR('',#1839,1.);
#1839 = DIRECTION('',(-1.,-0.,0.));
#1840 = FACE_BOUND('',#1841,.T.);
#1841 = EDGE_LOOP('',(#1842,#1853,#1861,#1870));
#1842 = ORIENTED_EDGE('',*,*,#1843,.F.);
#1843 = EDGE_CURVE('',#1844,#1846,#1848,.T.);
#1844 = VERTEX_POINT('',#1845);
#1845 = CARTESIAN_POINT('',(-8.785,-7.62,-11.));
#1846 = VERTEX_POINT('',#1847);
#1847 = CARTESIAN_POINT('',(-11.535,-7.62,-11.));
#1848 = CIRCLE('',#1849,1.375);
#1849 = AXIS2_PLACEMENT_3D('',#1850,#1851,#1852);
#1850 = CARTESIAN_POINT('',(-10.16,-7.62,-11.));
#1851 = DIRECTION('',(0.,0.,1.));
#1852 = DIRECTION('',(1.,0.,-0.));
#1853 = ORIENTED_EDGE('',*,*,#1854,.F.);
#1854 = EDGE_CURVE('',#1855,#1844,#1857,.T.);
#1855 = VERTEX_POINT('',#1856);
#1856 = CARTESIAN_POINT('',(-8.785,-12.7,-11.));
#1857 = LINE('',#1858,#1859);
#1858 = CARTESIAN_POINT('',(-8.785,-23.09,-11.));
#1859 = VECTOR('',#1860,1.);
#1860 = DIRECTION('',(-0.,1.,0.));
#1861 = ORIENTED_EDGE('',*,*,#1862,.F.);
#1862 = EDGE_CURVE('',#1863,#1855,#1865,.T.);
#1863 = VERTEX_POINT('',#1864);
#1864 = CARTESIAN_POINT('',(-11.535,-12.7,-11.));
#1865 = CIRCLE('',#1866,1.375);
#1866 = AXIS2_PLACEMENT_3D('',#1867,#1868,#1869);
#1867 = CARTESIAN_POINT('',(-10.16,-12.7,-11.));
#1868 = DIRECTION('',(0.,0.,1.));
#1869 = DIRECTION('',(1.,0.,-0.));
#1870 = ORIENTED_EDGE('',*,*,#1871,.T.);
#1871 = EDGE_CURVE('',#1863,#1846,#1872,.T.);
#1872 = LINE('',#1873,#1874);
#1873 = CARTESIAN_POINT('',(-11.535,-23.09,-11.));
#1874 = VECTOR('',#1875,1.);
#1875 = DIRECTION('',(-0.,1.,0.));
#1876 = FACE_BOUND('',#1877,.T.);
#1877 = EDGE_LOOP('',(#1878,#1889,#1897,#1906));
#1878 = ORIENTED_EDGE('',*,*,#1879,.F.);
#1879 = EDGE_CURVE('',#1880,#1882,#1884,.T.);
#1880 = VERTEX_POINT('',#1881);
#1881 = CARTESIAN_POINT('',(36.935,-7.62,-11.));
#1882 = VERTEX_POINT('',#1883);
#1883 = CARTESIAN_POINT('',(34.185,-7.62,-11.));
#1884 = CIRCLE('',#1885,1.375);
#1885 = AXIS2_PLACEMENT_3D('',#1886,#1887,#1888);
#1886 = CARTESIAN_POINT('',(35.56,-7.62,-11.));
#1887 = DIRECTION('',(0.,0.,1.));
#1888 = DIRECTION('',(1.,0.,-0.));
#1889 = ORIENTED_EDGE('',*,*,#1890,.F.);
#1890 = EDGE_CURVE('',#1891,#1880,#1893,.T.);
#1891 = VERTEX_POINT('',#1892);
#1892 = CARTESIAN_POINT('',(36.935,-12.7,-11.));
#1893 = LINE('',#1894,#1895);
#1894 = CARTESIAN_POINT('',(36.935,-23.09,-11.));
#1895 = VECTOR('',#1896,1.);
#1896 = DIRECTION('',(-0.,1.,0.));
#1897 = ORIENTED_EDGE('',*,*,#1898,.F.);
#1898 = EDGE_CURVE('',#1899,#1891,#1901,.T.);
#1899 = VERTEX_POINT('',#1900);
#1900 = CARTESIAN_POINT('',(34.185,-12.7,-11.));
#1901 = CIRCLE('',#1902,1.375);
#1902 = AXIS2_PLACEMENT_3D('',#1903,#1904,#1905);
#1903 = CARTESIAN_POINT('',(35.56,-12.7,-11.));
#1904 = DIRECTION('',(0.,0.,1.));
#1905 = DIRECTION('',(1.,0.,-0.));
#1906 = ORIENTED_EDGE('',*,*,#1907,.T.);
#1907 = EDGE_CURVE('',#1899,#1882,#1908,.T.);
#1908 = LINE('',#1909,#1910);
#1909 = CARTESIAN_POINT('',(34.185,-23.09,-11.));
#1910 = VECTOR('',#1911,1.);
#1911 = DIRECTION('',(-0.,1.,0.));
#1912 = FACE_BOUND('',#1913,.T.);
#1913 = EDGE_LOOP('',(#1914,#1925,#1933,#1942));
#1914 = ORIENTED_EDGE('',*,*,#1915,.F.);
#1915 = EDGE_CURVE('',#1916,#1918,#1920,.T.);
#1916 = VERTEX_POINT('',#1917);
#1917 = CARTESIAN_POINT('',(-24.025,-22.86,-11.));
#1918 = VERTEX_POINT('',#1919);
#1919 = CARTESIAN_POINT('',(-26.775,-22.86,-11.));
#1920 = CIRCLE('',#1921,1.375);
#1921 = AXIS2_PLACEMENT_3D('',#1922,#1923,#1924);
#1922 = CARTESIAN_POINT('',(-25.4,-22.86,-11.));
#1923 = DIRECTION('',(0.,0.,1.));
#1924 = DIRECTION('',(1.,0.,-0.));
#1925 = ORIENTED_EDGE('',*,*,#1926,.F.);
#1926 = EDGE_CURVE('',#1927,#1916,#1929,.T.);
#1927 = VERTEX_POINT('',#1928);
#1928 = CARTESIAN_POINT('',(-24.025,-27.94,-11.));
#1929 = LINE('',#1930,#1931);
#1930 = CARTESIAN_POINT('',(-24.025,-30.71,-11.));
#1931 = VECTOR('',#1932,1.);
#1932 = DIRECTION('',(-0.,1.,0.));
#1933 = ORIENTED_EDGE('',*,*,#1934,.F.);
#1934 = EDGE_CURVE('',#1935,#1927,#1937,.T.);
#1935 = VERTEX_POINT('',#1936);
#1936 = CARTESIAN_POINT('',(-26.775,-27.94,-11.));
#1937 = CIRCLE('',#1938,1.375);
#1938 = AXIS2_PLACEMENT_3D('',#1939,#1940,#1941);
#1939 = CARTESIAN_POINT('',(-25.4,-27.94,-11.));
#1940 = DIRECTION('',(0.,0.,1.));
#1941 = DIRECTION('',(1.,0.,-0.));
#1942 = ORIENTED_EDGE('',*,*,#1943,.T.);
#1943 = EDGE_CURVE('',#1935,#1918,#1944,.T.);
#1944 = LINE('',#1945,#1946);
#1945 = CARTESIAN_POINT('',(-26.775,-30.71,-11.));
#1946 = VECTOR('',#1947,1.);
#1947 = DIRECTION('',(-0.,1.,0.));
#1948 = FACE_BOUND('',#1949,.T.);
#1949 = EDGE_LOOP('',(#1950,#1961,#1969,#1978));
#1950 = ORIENTED_EDGE('',*,*,#1951,.F.);
#1951 = EDGE_CURVE('',#1952,#1954,#1956,.T.);
#1952 = VERTEX_POINT('',#1953);
#1953 = CARTESIAN_POINT('',(6.455,-22.86,-11.));
#1954 = VERTEX_POINT('',#1955);
#1955 = CARTESIAN_POINT('',(3.705,-22.86,-11.));
#1956 = CIRCLE('',#1957,1.375);
#1957 = AXIS2_PLACEMENT_3D('',#1958,#1959,#1960);
#1958 = CARTESIAN_POINT('',(5.08,-22.86,-11.));
#1959 = DIRECTION('',(0.,0.,1.));
#1960 = DIRECTION('',(1.,0.,-0.));
#1961 = ORIENTED_EDGE('',*,*,#1962,.F.);
#1962 = EDGE_CURVE('',#1963,#1952,#1965,.T.);
#1963 = VERTEX_POINT('',#1964);
#1964 = CARTESIAN_POINT('',(6.455,-27.94,-11.));
#1965 = LINE('',#1966,#1967);
#1966 = CARTESIAN_POINT('',(6.455,-30.71,-11.));
#1967 = VECTOR('',#1968,1.);
#1968 = DIRECTION('',(-0.,1.,0.));
#1969 = ORIENTED_EDGE('',*,*,#1970,.F.);
#1970 = EDGE_CURVE('',#1971,#1963,#1973,.T.);
#1971 = VERTEX_POINT('',#1972);
#1972 = CARTESIAN_POINT('',(3.705,-27.94,-11.));
#1973 = CIRCLE('',#1974,1.375);
#1974 = AXIS2_PLACEMENT_3D('',#1975,#1976,#1977);
#1975 = CARTESIAN_POINT('',(5.08,-27.94,-11.));
#1976 = DIRECTION('',(0.,0.,1.));
#1977 = DIRECTION('',(1.,0.,-0.));
#1978 = ORIENTED_EDGE('',*,*,#1979,.T.);
#1979 = EDGE_CURVE('',#1971,#1954,#1980,.T.);
#1980 = LINE('',#1981,#1982);
#1981 = CARTESIAN_POINT('',(3.705,-30.71,-11.));
#1982 = VECTOR('',#1983,1.);
#1983 = DIRECTION('',(-0.,1.,0.));
#1984 = FACE_BOUND('',#1985,.T.);
#1985 = EDGE_LOOP('',(#1986,#1997,#2005,#2014));
#1986 = ORIENTED_EDGE('',*,*,#1987,.F.);
#1987 = EDGE_CURVE('',#1988,#1990,#1992,.T.);
#1988 = VERTEX_POINT('',#1989);
#1989 = CARTESIAN_POINT('',(-34.185,-17.78,-11.));
#1990 = VERTEX_POINT('',#1991);
#1991 = CARTESIAN_POINT('',(-36.935,-17.78,-11.));
#1992 = CIRCLE('',#1993,1.375);
#1993 = AXIS2_PLACEMENT_3D('',#1994,#1995,#1996);
#1994 = CARTESIAN_POINT('',(-35.56,-17.78,-11.));
#1995 = DIRECTION('',(0.,0.,1.));
#1996 = DIRECTION('',(1.,0.,-0.));
#1997 = ORIENTED_EDGE('',*,*,#1998,.F.);
#1998 = EDGE_CURVE('',#1999,#1988,#2001,.T.);
#1999 = VERTEX_POINT('',#2000);
#2000 = CARTESIAN_POINT('',(-34.185,-22.86,-11.));
#2001 = LINE('',#2002,#2003);
#2002 = CARTESIAN_POINT('',(-34.185,-28.17,-11.));
#2003 = VECTOR('',#2004,1.);
#2004 = DIRECTION('',(-0.,1.,0.));
#2005 = ORIENTED_EDGE('',*,*,#2006,.F.);
#2006 = EDGE_CURVE('',#2007,#1999,#2009,.T.);
#2007 = VERTEX_POINT('',#2008);
#2008 = CARTESIAN_POINT('',(-36.935,-22.86,-11.));
#2009 = CIRCLE('',#2010,1.375);
#2010 = AXIS2_PLACEMENT_3D('',#2011,#2012,#2013);
#2011 = CARTESIAN_POINT('',(-35.56,-22.86,-11.));
#2012 = DIRECTION('',(0.,0.,1.));
#2013 = DIRECTION('',(1.,0.,-0.));
#2014 = ORIENTED_EDGE('',*,*,#2015,.T.);
#2015 = EDGE_CURVE('',#2007,#1990,#2016,.T.);
#2016 = LINE('',#2017,#2018);
#2017 = CARTESIAN_POINT('',(-36.935,-28.17,-11.));
#2018 = VECTOR('',#2019,1.);
#2019 = DIRECTION('',(-0.,1.,0.));
#2020 = FACE_BOUND('',#2021,.T.);
#2021 = EDGE_LOOP('',(#2022,#2033,#2041,#2050));
#2022 = ORIENTED_EDGE('',*,*,#2023,.F.);
#2023 = EDGE_CURVE('',#2024,#2026,#2028,.T.);
#2024 = VERTEX_POINT('',#2025);
#2025 = CARTESIAN_POINT('',(21.695,-7.62,-11.));
#2026 = VERTEX_POINT('',#2027);
#2027 = CARTESIAN_POINT('',(18.945,-7.62,-11.));
#2028 = CIRCLE('',#2029,1.375);
#2029 = AXIS2_PLACEMENT_3D('',#2030,#2031,#2032);
#2030 = CARTESIAN_POINT('',(20.32,-7.62,-11.));
#2031 = DIRECTION('',(0.,0.,1.));
#2032 = DIRECTION('',(1.,0.,-0.));
#2033 = ORIENTED_EDGE('',*,*,#2034,.F.);
#2034 = EDGE_CURVE('',#2035,#2024,#2037,.T.);
#2035 = VERTEX_POINT('',#2036);
#2036 = CARTESIAN_POINT('',(21.695,-12.7,-11.));
#2037 = LINE('',#2038,#2039);
#2038 = CARTESIAN_POINT('',(21.695,-23.09,-11.));
#2039 = VECTOR('',#2040,1.);
#2040 = DIRECTION('',(-0.,1.,0.));
#2041 = ORIENTED_EDGE('',*,*,#2042,.F.);
#2042 = EDGE_CURVE('',#2043,#2035,#2045,.T.);
#2043 = VERTEX_POINT('',#2044);
#2044 = CARTESIAN_POINT('',(18.945,-12.7,-11.));
#2045 = CIRCLE('',#2046,1.375);
#2046 = AXIS2_PLACEMENT_3D('',#2047,#2048,#2049);
#2047 = CARTESIAN_POINT('',(20.32,-12.7,-11.));
#2048 = DIRECTION('',(0.,0.,1.));
#2049 = DIRECTION('',(1.,0.,-0.));
#2050 = ORIENTED_EDGE('',*,*,#2051,.T.);
#2051 = EDGE_CURVE('',#2043,#2026,#2052,.T.);
#2052 = LINE('',#2053,#2054);
#2053 = CARTESIAN_POINT('',(18.945,-23.09,-11.));
#2054 = VECTOR('',#2055,1.);
#2055 = DIRECTION('',(-0.,1.,0.));
#2056 = FACE_BOUND('',#2057,.T.);
#2057 = EDGE_LOOP('',(#2058,#2069,#2077,#2086));
#2058 = ORIENTED_EDGE('',*,*,#2059,.F.);
#2059 = EDGE_CURVE('',#2060,#2062,#2064,.T.);
#2060 = VERTEX_POINT('',#2061);
#2061 = CARTESIAN_POINT('',(11.535,-17.78,-11.));
#2062 = VERTEX_POINT('',#2063);
#2063 = CARTESIAN_POINT('',(8.785,-17.78,-11.));
#2064 = CIRCLE('',#2065,1.375);
#2065 = AXIS2_PLACEMENT_3D('',#2066,#2067,#2068);
#2066 = CARTESIAN_POINT('',(10.16,-17.78,-11.));
#2067 = DIRECTION('',(0.,0.,1.));
#2068 = DIRECTION('',(1.,0.,-0.));
#2069 = ORIENTED_EDGE('',*,*,#2070,.F.);
#2070 = EDGE_CURVE('',#2071,#2060,#2073,.T.);
#2071 = VERTEX_POINT('',#2072);
#2072 = CARTESIAN_POINT('',(11.535,-22.86,-11.));
#2073 = LINE('',#2074,#2075);
#2074 = CARTESIAN_POINT('',(11.535,-28.17,-11.));
#2075 = VECTOR('',#2076,1.);
#2076 = DIRECTION('',(-0.,1.,0.));
#2077 = ORIENTED_EDGE('',*,*,#2078,.F.);
#2078 = EDGE_CURVE('',#2079,#2071,#2081,.T.);
#2079 = VERTEX_POINT('',#2080);
#2080 = CARTESIAN_POINT('',(8.785,-22.86,-11.));
#2081 = CIRCLE('',#2082,1.375);
#2082 = AXIS2_PLACEMENT_3D('',#2083,#2084,#2085);
#2083 = CARTESIAN_POINT('',(10.16,-22.86,-11.));
#2084 = DIRECTION('',(0.,0.,1.));
#2085 = DIRECTION('',(1.,0.,-0.));
#2086 = ORIENTED_EDGE('',*,*,#2087,.T.);
#2087 = EDGE_CURVE('',#2079,#2062,#2088,.T.);
#2088 = LINE('',#2089,#2090);
#2089 = CARTESIAN_POINT('',(8.785,-28.17,-11.));
#2090 = VECTOR('',#2091,1.);
#2091 = DIRECTION('',(-0.,1.,0.));
#2092 = FACE_BOUND('',#2093,.T.);
#2093 = EDGE_LOOP('',(#2094,#2105,#2113,#2122));
#2094 = ORIENTED_EDGE('',*,*,#2095,.F.);
#2095 = EDGE_CURVE('',#2096,#2098,#2100,.T.);
#2096 = VERTEX_POINT('',#2097);
#2097 = CARTESIAN_POINT('',(-18.945,-17.78,-11.));
#2098 = VERTEX_POINT('',#2099);
#2099 = CARTESIAN_POINT('',(-21.695,-17.78,-11.));
#2100 = CIRCLE('',#2101,1.375);
#2101 = AXIS2_PLACEMENT_3D('',#2102,#2103,#2104);
#2102 = CARTESIAN_POINT('',(-20.32,-17.78,-11.));
#2103 = DIRECTION('',(0.,0.,1.));
#2104 = DIRECTION('',(1.,0.,-0.));
#2105 = ORIENTED_EDGE('',*,*,#2106,.F.);
#2106 = EDGE_CURVE('',#2107,#2096,#2109,.T.);
#2107 = VERTEX_POINT('',#2108);
#2108 = CARTESIAN_POINT('',(-18.945,-22.86,-11.));
#2109 = LINE('',#2110,#2111);
#2110 = CARTESIAN_POINT('',(-18.945,-28.17,-11.));
#2111 = VECTOR('',#2112,1.);
#2112 = DIRECTION('',(-0.,1.,0.));
#2113 = ORIENTED_EDGE('',*,*,#2114,.F.);
#2114 = EDGE_CURVE('',#2115,#2107,#2117,.T.);
#2115 = VERTEX_POINT('',#2116);
#2116 = CARTESIAN_POINT('',(-21.695,-22.86,-11.));
#2117 = CIRCLE('',#2118,1.375);
#2118 = AXIS2_PLACEMENT_3D('',#2119,#2120,#2121);
#2119 = CARTESIAN_POINT('',(-20.32,-22.86,-11.));
#2120 = DIRECTION('',(0.,0.,1.));
#2121 = DIRECTION('',(1.,0.,-0.));
#2122 = ORIENTED_EDGE('',*,*,#2123,.T.);
#2123 = EDGE_CURVE('',#2115,#2098,#2124,.T.);
#2124 = LINE('',#2125,#2126);
#2125 = CARTESIAN_POINT('',(-21.695,-28.17,-11.));
#2126 = VECTOR('',#2127,1.);
#2127 = DIRECTION('',(-0.,1.,0.));
#2128 = FACE_BOUND('',#2129,.T.);
#2129 = EDGE_LOOP('',(#2130,#2141,#2149,#2158));
#2130 = ORIENTED_EDGE('',*,*,#2131,.F.);
#2131 = EDGE_CURVE('',#2132,#2134,#2136,.T.);
#2132 = VERTEX_POINT('',#2133);
#2133 = CARTESIAN_POINT('',(21.695,-22.86,-11.));
#2134 = VERTEX_POINT('',#2135);
#2135 = CARTESIAN_POINT('',(18.945,-22.86,-11.));
#2136 = CIRCLE('',#2137,1.375);
#2137 = AXIS2_PLACEMENT_3D('',#2138,#2139,#2140);
#2138 = CARTESIAN_POINT('',(20.32,-22.86,-11.));
#2139 = DIRECTION('',(0.,0.,1.));
#2140 = DIRECTION('',(1.,0.,-0.));
#2141 = ORIENTED_EDGE('',*,*,#2142,.F.);
#2142 = EDGE_CURVE('',#2143,#2132,#2145,.T.);
#2143 = VERTEX_POINT('',#2144);
#2144 = CARTESIAN_POINT('',(21.695,-27.94,-11.));
#2145 = LINE('',#2146,#2147);
#2146 = CARTESIAN_POINT('',(21.695,-30.71,-11.));
#2147 = VECTOR('',#2148,1.);
#2148 = DIRECTION('',(-0.,1.,0.));
#2149 = ORIENTED_EDGE('',*,*,#2150,.F.);
#2150 = EDGE_CURVE('',#2151,#2143,#2153,.T.);
#2151 = VERTEX_POINT('',#2152);
#2152 = CARTESIAN_POINT('',(18.945,-27.94,-11.));
#2153 = CIRCLE('',#2154,1.375);
#2154 = AXIS2_PLACEMENT_3D('',#2155,#2156,#2157);
#2155 = CARTESIAN_POINT('',(20.32,-27.94,-11.));
#2156 = DIRECTION('',(0.,0.,1.));
#2157 = DIRECTION('',(1.,0.,-0.));
#2158 = ORIENTED_EDGE('',*,*,#2159,.T.);
#2159 = EDGE_CURVE('',#2151,#2134,#2160,.T.);
#2160 = LINE('',#2161,#2162);
#2161 = CARTESIAN_POINT('',(18.945,-30.71,-11.));
#2162 = VECTOR('',#2163,1.);
#2163 = DIRECTION('',(-0.,1.,0.));
#2164 = FACE_BOUND('',#2165,.T.);
#2165 = EDGE_LOOP('',(#2166,#2177,#2185,#2194,#2203));
#2166 = ORIENTED_EDGE('',*,*,#2167,.F.);
#2167 = EDGE_CURVE('',#2168,#2170,#2172,.T.);
#2168 = VERTEX_POINT('',#2169);
#2169 = CARTESIAN_POINT('',(-15.24,29.315,-11.));
#2170 = VERTEX_POINT('',#2171);
#2171 = CARTESIAN_POINT('',(-15.24,26.565,-11.));
#2172 = CIRCLE('',#2173,1.375);
#2173 = AXIS2_PLACEMENT_3D('',#2174,#2175,#2176);
#2174 = CARTESIAN_POINT('',(-15.24,27.94,-11.));
#2175 = DIRECTION('',(0.,0.,1.));
#2176 = DIRECTION('',(1.,0.,-0.));
#2177 = ORIENTED_EDGE('',*,*,#2178,.F.);
#2178 = EDGE_CURVE('',#2179,#2168,#2181,.T.);
#2179 = VERTEX_POINT('',#2180);
#2180 = CARTESIAN_POINT('',(-10.16,29.315,-11.));
#2181 = LINE('',#2182,#2183);
#2182 = CARTESIAN_POINT('',(-28.17,29.315,-11.));
#2183 = VECTOR('',#2184,1.);
#2184 = DIRECTION('',(-1.,-0.,0.));
#2185 = ORIENTED_EDGE('',*,*,#2186,.F.);
#2186 = EDGE_CURVE('',#2187,#2179,#2189,.T.);
#2187 = VERTEX_POINT('',#2188);
#2188 = CARTESIAN_POINT('',(-8.785,27.94,-11.));
#2189 = CIRCLE('',#2190,1.375);
#2190 = AXIS2_PLACEMENT_3D('',#2191,#2192,#2193);
#2191 = CARTESIAN_POINT('',(-10.16,27.94,-11.));
#2192 = DIRECTION('',(0.,0.,1.));
#2193 = DIRECTION('',(1.,0.,-0.));
#2194 = ORIENTED_EDGE('',*,*,#2195,.F.);
#2195 = EDGE_CURVE('',#2196,#2187,#2198,.T.);
#2196 = VERTEX_POINT('',#2197);
#2197 = CARTESIAN_POINT('',(-10.16,26.565,-11.));
#2198 = CIRCLE('',#2199,1.375);
#2199 = AXIS2_PLACEMENT_3D('',#2200,#2201,#2202);
#2200 = CARTESIAN_POINT('',(-10.16,27.94,-11.));
#2201 = DIRECTION('',(0.,0.,1.));
#2202 = DIRECTION('',(1.,0.,-0.));
#2203 = ORIENTED_EDGE('',*,*,#2204,.T.);
#2204 = EDGE_CURVE('',#2196,#2170,#2205,.T.);
#2205 = LINE('',#2206,#2207);
#2206 = CARTESIAN_POINT('',(-28.17,26.565,-11.));
#2207 = VECTOR('',#2208,1.);
#2208 = DIRECTION('',(-1.,-0.,0.));
#2209 = FACE_BOUND('',#2210,.T.);
#2210 = EDGE_LOOP('',(#2211,#2222,#2230,#2239));
#2211 = ORIENTED_EDGE('',*,*,#2212,.F.);
#2212 = EDGE_CURVE('',#2213,#2215,#2217,.T.);
#2213 = VERTEX_POINT('',#2214);
#2214 = CARTESIAN_POINT('',(36.935,-22.86,-11.));
#2215 = VERTEX_POINT('',#2216);
#2216 = CARTESIAN_POINT('',(34.185,-22.86,-11.));
#2217 = CIRCLE('',#2218,1.375);
#2218 = AXIS2_PLACEMENT_3D('',#2219,#2220,#2221);
#2219 = CARTESIAN_POINT('',(35.56,-22.86,-11.));
#2220 = DIRECTION('',(0.,0.,1.));
#2221 = DIRECTION('',(1.,0.,-0.));
#2222 = ORIENTED_EDGE('',*,*,#2223,.F.);
#2223 = EDGE_CURVE('',#2224,#2213,#2226,.T.);
#2224 = VERTEX_POINT('',#2225);
#2225 = CARTESIAN_POINT('',(36.935,-27.94,-11.));
#2226 = LINE('',#2227,#2228);
#2227 = CARTESIAN_POINT('',(36.935,-30.71,-11.));
#2228 = VECTOR('',#2229,1.);
#2229 = DIRECTION('',(-0.,1.,0.));
#2230 = ORIENTED_EDGE('',*,*,#2231,.F.);
#2231 = EDGE_CURVE('',#2232,#2224,#2234,.T.);
#2232 = VERTEX_POINT('',#2233);
#2233 = CARTESIAN_POINT('',(34.185,-27.94,-11.));
#2234 = CIRCLE('',#2235,1.375);
#2235 = AXIS2_PLACEMENT_3D('',#2236,#2237,#2238);
#2236 = CARTESIAN_POINT('',(35.56,-27.94,-11.));
#2237 = DIRECTION('',(0.,0.,1.));
#2238 = DIRECTION('',(1.,0.,-0.));
#2239 = ORIENTED_EDGE('',*,*,#2240,.T.);
#2240 = EDGE_CURVE('',#2232,#2215,#2241,.T.);
#2241 = LINE('',#2242,#2243);
#2242 = CARTESIAN_POINT('',(34.185,-30.71,-11.));
#2243 = VECTOR('',#2244,1.);
#2244 = DIRECTION('',(-0.,1.,0.));
#2245 = FACE_BOUND('',#2246,.T.);
#2246 = EDGE_LOOP('',(#2247,#2258,#2266,#2275));
#2247 = ORIENTED_EDGE('',*,*,#2248,.F.);
#2248 = EDGE_CURVE('',#2249,#2251,#2253,.T.);
#2249 = VERTEX_POINT('',#2250);
#2250 = CARTESIAN_POINT('',(-8.785,-22.86,-11.));
#2251 = VERTEX_POINT('',#2252);
#2252 = CARTESIAN_POINT('',(-11.535,-22.86,-11.));
#2253 = CIRCLE('',#2254,1.375);
#2254 = AXIS2_PLACEMENT_3D('',#2255,#2256,#2257);
#2255 = CARTESIAN_POINT('',(-10.16,-22.86,-11.));
#2256 = DIRECTION('',(0.,0.,1.));
#2257 = DIRECTION('',(1.,0.,-0.));
#2258 = ORIENTED_EDGE('',*,*,#2259,.F.);
#2259 = EDGE_CURVE('',#2260,#2249,#2262,.T.);
#2260 = VERTEX_POINT('',#2261);
#2261 = CARTESIAN_POINT('',(-8.785,-27.94,-11.));
#2262 = LINE('',#2263,#2264);
#2263 = CARTESIAN_POINT('',(-8.785,-30.71,-11.));
#2264 = VECTOR('',#2265,1.);
#2265 = DIRECTION('',(-0.,1.,0.));
#2266 = ORIENTED_EDGE('',*,*,#2267,.F.);
#2267 = EDGE_CURVE('',#2268,#2260,#2270,.T.);
#2268 = VERTEX_POINT('',#2269);
#2269 = CARTESIAN_POINT('',(-11.535,-27.94,-11.));
#2270 = CIRCLE('',#2271,1.375);
#2271 = AXIS2_PLACEMENT_3D('',#2272,#2273,#2274);
#2272 = CARTESIAN_POINT('',(-10.16,-27.94,-11.));
#2273 = DIRECTION('',(0.,0.,1.));
#2274 = DIRECTION('',(1.,0.,-0.));
#2275 = ORIENTED_EDGE('',*,*,#2276,.T.);
#2276 = EDGE_CURVE('',#2268,#2251,#2277,.T.);
#2277 = LINE('',#2278,#2279);
#2278 = CARTESIAN_POINT('',(-11.535,-30.71,-11.));
#2279 = VECTOR('',#2280,1.);
#2280 = DIRECTION('',(-0.,1.,0.));
#2281 = FACE_BOUND('',#2282,.T.);
#2282 = EDGE_LOOP('',(#2283,#2294,#2302,#2311,#2320));
#2283 = ORIENTED_EDGE('',*,*,#2284,.F.);
#2284 = EDGE_CURVE('',#2285,#2287,#2289,.T.);
#2285 = VERTEX_POINT('',#2286);
#2286 = CARTESIAN_POINT('',(-15.24,-16.405,-11.));
#2287 = VERTEX_POINT('',#2288);
#2288 = CARTESIAN_POINT('',(-15.24,-19.155,-11.));
#2289 = CIRCLE('',#2290,1.375);
#2290 = AXIS2_PLACEMENT_3D('',#2291,#2292,#2293);
#2291 = CARTESIAN_POINT('',(-15.24,-17.78,-11.));
#2292 = DIRECTION('',(0.,0.,1.));
#2293 = DIRECTION('',(1.,0.,-0.));
#2294 = ORIENTED_EDGE('',*,*,#2295,.F.);
#2295 = EDGE_CURVE('',#2296,#2285,#2298,.T.);
#2296 = VERTEX_POINT('',#2297);
#2297 = CARTESIAN_POINT('',(-10.16,-16.405,-11.));
#2298 = LINE('',#2299,#2300);
#2299 = CARTESIAN_POINT('',(-28.17,-16.405,-11.));
#2300 = VECTOR('',#2301,1.);
#2301 = DIRECTION('',(-1.,-0.,0.));
#2302 = ORIENTED_EDGE('',*,*,#2303,.F.);
#2303 = EDGE_CURVE('',#2304,#2296,#2306,.T.);
#2304 = VERTEX_POINT('',#2305);
#2305 = CARTESIAN_POINT('',(-8.785,-17.78,-11.));
#2306 = CIRCLE('',#2307,1.375);
#2307 = AXIS2_PLACEMENT_3D('',#2308,#2309,#2310);
#2308 = CARTESIAN_POINT('',(-10.16,-17.78,-11.));
#2309 = DIRECTION('',(0.,0.,1.));
#2310 = DIRECTION('',(1.,0.,-0.));
#2311 = ORIENTED_EDGE('',*,*,#2312,.F.);
#2312 = EDGE_CURVE('',#2313,#2304,#2315,.T.);
#2313 = VERTEX_POINT('',#2314);
#2314 = CARTESIAN_POINT('',(-10.16,-19.155,-11.));
#2315 = CIRCLE('',#2316,1.375);
#2316 = AXIS2_PLACEMENT_3D('',#2317,#2318,#2319);
#2317 = CARTESIAN_POINT('',(-10.16,-17.78,-11.));
#2318 = DIRECTION('',(0.,0.,1.));
#2319 = DIRECTION('',(1.,0.,-0.));
#2320 = ORIENTED_EDGE('',*,*,#2321,.T.);
#2321 = EDGE_CURVE('',#2313,#2287,#2322,.T.);
#2322 = LINE('',#2323,#2324);
#2323 = CARTESIAN_POINT('',(-28.17,-19.155,-11.));
#2324 = VECTOR('',#2325,1.);
#2325 = DIRECTION('',(-1.,-0.,0.));
#2326 = FACE_BOUND('',#2327,.T.);
#2327 = EDGE_LOOP('',(#2328,#2339,#2347,#2356));
#2328 = ORIENTED_EDGE('',*,*,#2329,.F.);
#2329 = EDGE_CURVE('',#2330,#2332,#2334,.T.);
#2330 = VERTEX_POINT('',#2331);
#2331 = CARTESIAN_POINT('',(-3.705,-17.78,-11.));
#2332 = VERTEX_POINT('',#2333);
#2333 = CARTESIAN_POINT('',(-6.455,-17.78,-11.));
#2334 = CIRCLE('',#2335,1.375);
#2335 = AXIS2_PLACEMENT_3D('',#2336,#2337,#2338);
#2336 = CARTESIAN_POINT('',(-5.08,-17.78,-11.));
#2337 = DIRECTION('',(0.,0.,1.));
#2338 = DIRECTION('',(1.,0.,-0.));
#2339 = ORIENTED_EDGE('',*,*,#2340,.F.);
#2340 = EDGE_CURVE('',#2341,#2330,#2343,.T.);
#2341 = VERTEX_POINT('',#2342);
#2342 = CARTESIAN_POINT('',(-3.705,-22.86,-11.));
#2343 = LINE('',#2344,#2345);
#2344 = CARTESIAN_POINT('',(-3.705,-28.17,-11.));
#2345 = VECTOR('',#2346,1.);
#2346 = DIRECTION('',(-0.,1.,0.));
#2347 = ORIENTED_EDGE('',*,*,#2348,.F.);
#2348 = EDGE_CURVE('',#2349,#2341,#2351,.T.);
#2349 = VERTEX_POINT('',#2350);
#2350 = CARTESIAN_POINT('',(-6.455,-22.86,-11.));
#2351 = CIRCLE('',#2352,1.375);
#2352 = AXIS2_PLACEMENT_3D('',#2353,#2354,#2355);
#2353 = CARTESIAN_POINT('',(-5.08,-22.86,-11.));
#2354 = DIRECTION('',(0.,0.,1.));
#2355 = DIRECTION('',(1.,0.,-0.));
#2356 = ORIENTED_EDGE('',*,*,#2357,.T.);
#2357 = EDGE_CURVE('',#2349,#2332,#2358,.T.);
#2358 = LINE('',#2359,#2360);
#2359 = CARTESIAN_POINT('',(-6.455,-28.17,-11.));
#2360 = VECTOR('',#2361,1.);
#2361 = DIRECTION('',(-0.,1.,0.));
#2362 = FACE_BOUND('',#2363,.T.);
#2363 = EDGE_LOOP('',(#2364,#2375,#2383,#2392));
#2364 = ORIENTED_EDGE('',*,*,#2365,.F.);
#2365 = EDGE_CURVE('',#2366,#2368,#2370,.T.);
#2366 = VERTEX_POINT('',#2367);
#2367 = CARTESIAN_POINT('',(6.455,-7.62,-11.));
#2368 = VERTEX_POINT('',#2369);
#2369 = CARTESIAN_POINT('',(3.705,-7.62,-11.));
#2370 = CIRCLE('',#2371,1.375);
#2371 = AXIS2_PLACEMENT_3D('',#2372,#2373,#2374);
#2372 = CARTESIAN_POINT('',(5.08,-7.62,-11.));
#2373 = DIRECTION('',(0.,0.,1.));
#2374 = DIRECTION('',(1.,0.,-0.));
#2375 = ORIENTED_EDGE('',*,*,#2376,.F.);
#2376 = EDGE_CURVE('',#2377,#2366,#2379,.T.);
#2377 = VERTEX_POINT('',#2378);
#2378 = CARTESIAN_POINT('',(6.455,-12.7,-11.));
#2379 = LINE('',#2380,#2381);
#2380 = CARTESIAN_POINT('',(6.455,-23.09,-11.));
#2381 = VECTOR('',#2382,1.);
#2382 = DIRECTION('',(-0.,1.,0.));
#2383 = ORIENTED_EDGE('',*,*,#2384,.F.);
#2384 = EDGE_CURVE('',#2385,#2377,#2387,.T.);
#2385 = VERTEX_POINT('',#2386);
#2386 = CARTESIAN_POINT('',(3.705,-12.7,-11.));
#2387 = CIRCLE('',#2388,1.375);
#2388 = AXIS2_PLACEMENT_3D('',#2389,#2390,#2391);
#2389 = CARTESIAN_POINT('',(5.08,-12.7,-11.));
#2390 = DIRECTION('',(0.,0.,1.));
#2391 = DIRECTION('',(1.,0.,-0.));
#2392 = ORIENTED_EDGE('',*,*,#2393,.T.);
#2393 = EDGE_CURVE('',#2385,#2368,#2394,.T.);
#2394 = LINE('',#2395,#2396);
#2395 = CARTESIAN_POINT('',(3.705,-23.09,-11.));
#2396 = VECTOR('',#2397,1.);
#2397 = DIRECTION('',(-0.,1.,0.));
#2398 = FACE_BOUND('',#2399,.T.);
#2399 = EDGE_LOOP('',(#2400,#2411,#2419,#2428));
#2400 = ORIENTED_EDGE('',*,*,#2401,.F.);
#2401 = EDGE_CURVE('',#2402,#2404,#2406,.T.);
#2402 = VERTEX_POINT('',#2403);
#2403 = CARTESIAN_POINT('',(26.775,12.7,-11.));
#2404 = VERTEX_POINT('',#2405);
#2405 = CARTESIAN_POINT('',(24.025,12.7,-11.));
#2406 = CIRCLE('',#2407,1.375);
#2407 = AXIS2_PLACEMENT_3D('',#2408,#2409,#2410);
#2408 = CARTESIAN_POINT('',(25.4,12.7,-11.));
#2409 = DIRECTION('',(0.,0.,1.));
#2410 = DIRECTION('',(1.,0.,-0.));
#2411 = ORIENTED_EDGE('',*,*,#2412,.F.);
#2412 = EDGE_CURVE('',#2413,#2402,#2415,.T.);
#2413 = VERTEX_POINT('',#2414);
#2414 = CARTESIAN_POINT('',(26.775,7.62,-11.));
#2415 = LINE('',#2416,#2417);
#2416 = CARTESIAN_POINT('',(26.775,-12.93,-11.));
#2417 = VECTOR('',#2418,1.);
#2418 = DIRECTION('',(-0.,1.,0.));
#2419 = ORIENTED_EDGE('',*,*,#2420,.F.);
#2420 = EDGE_CURVE('',#2421,#2413,#2423,.T.);
#2421 = VERTEX_POINT('',#2422);
#2422 = CARTESIAN_POINT('',(24.025,7.62,-11.));
#2423 = CIRCLE('',#2424,1.375);
#2424 = AXIS2_PLACEMENT_3D('',#2425,#2426,#2427);
#2425 = CARTESIAN_POINT('',(25.4,7.62,-11.));
#2426 = DIRECTION('',(0.,0.,1.));
#2427 = DIRECTION('',(1.,0.,-0.));
#2428 = ORIENTED_EDGE('',*,*,#2429,.T.);
#2429 = EDGE_CURVE('',#2421,#2404,#2430,.T.);
#2430 = LINE('',#2431,#2432);
#2431 = CARTESIAN_POINT('',(24.025,-12.93,-11.));
#2432 = VECTOR('',#2433,1.);
#2433 = DIRECTION('',(-0.,1.,0.));
#2434 = FACE_BOUND('',#2435,.T.);
#2435 = EDGE_LOOP('',(#2436,#2447,#2455,#2464));
#2436 = ORIENTED_EDGE('',*,*,#2437,.F.);
#2437 = EDGE_CURVE('',#2438,#2440,#2442,.T.);
#2438 = VERTEX_POINT('',#2439);
#2439 = CARTESIAN_POINT('',(26.775,-2.54,-11.));
#2440 = VERTEX_POINT('',#2441);
#2441 = CARTESIAN_POINT('',(24.025,-2.54,-11.));
#2442 = CIRCLE('',#2443,1.375);
#2443 = AXIS2_PLACEMENT_3D('',#2444,#2445,#2446);
#2444 = CARTESIAN_POINT('',(25.4,-2.54,-11.));
#2445 = DIRECTION('',(0.,0.,1.));
#2446 = DIRECTION('',(1.,0.,-0.));
#2447 = ORIENTED_EDGE('',*,*,#2448,.F.);
#2448 = EDGE_CURVE('',#2449,#2438,#2451,.T.);
#2449 = VERTEX_POINT('',#2450);
#2450 = CARTESIAN_POINT('',(26.775,-7.62,-11.));
#2451 = LINE('',#2452,#2453);
#2452 = CARTESIAN_POINT('',(26.775,-20.55,-11.));
#2453 = VECTOR('',#2454,1.);
#2454 = DIRECTION('',(-0.,1.,0.));
#2455 = ORIENTED_EDGE('',*,*,#2456,.F.);
#2456 = EDGE_CURVE('',#2457,#2449,#2459,.T.);
#2457 = VERTEX_POINT('',#2458);
#2458 = CARTESIAN_POINT('',(24.025,-7.62,-11.));
#2459 = CIRCLE('',#2460,1.375);
#2460 = AXIS2_PLACEMENT_3D('',#2461,#2462,#2463);
#2461 = CARTESIAN_POINT('',(25.4,-7.62,-11.));
#2462 = DIRECTION('',(0.,0.,1.));
#2463 = DIRECTION('',(1.,0.,-0.));
#2464 = ORIENTED_EDGE('',*,*,#2465,.T.);
#2465 = EDGE_CURVE('',#2457,#2440,#2466,.T.);
#2466 = LINE('',#2467,#2468);
#2467 = CARTESIAN_POINT('',(24.025,-20.55,-11.));
#2468 = VECTOR('',#2469,1.);
#2469 = DIRECTION('',(-0.,1.,0.));
#2470 = FACE_BOUND('',#2471,.T.);
#2471 = EDGE_LOOP('',(#2472,#2483,#2491,#2500,#2509));
#2472 = ORIENTED_EDGE('',*,*,#2473,.F.);
#2473 = EDGE_CURVE('',#2474,#2476,#2478,.T.);
#2474 = VERTEX_POINT('',#2475);
#2475 = CARTESIAN_POINT('',(10.16,19.155,-11.));
#2476 = VERTEX_POINT('',#2477);
#2477 = CARTESIAN_POINT('',(10.16,16.405,-11.));
#2478 = CIRCLE('',#2479,1.375);
#2479 = AXIS2_PLACEMENT_3D('',#2480,#2481,#2482);
#2480 = CARTESIAN_POINT('',(10.16,17.78,-11.));
#2481 = DIRECTION('',(0.,0.,1.));
#2482 = DIRECTION('',(1.,0.,-0.));
#2483 = ORIENTED_EDGE('',*,*,#2484,.F.);
#2484 = EDGE_CURVE('',#2485,#2474,#2487,.T.);
#2485 = VERTEX_POINT('',#2486);
#2486 = CARTESIAN_POINT('',(15.24,19.155,-11.));
#2487 = LINE('',#2488,#2489);
#2488 = CARTESIAN_POINT('',(-15.47,19.155,-11.));
#2489 = VECTOR('',#2490,1.);
#2490 = DIRECTION('',(-1.,-0.,0.));
#2491 = ORIENTED_EDGE('',*,*,#2492,.F.);
#2492 = EDGE_CURVE('',#2493,#2485,#2495,.T.);
#2493 = VERTEX_POINT('',#2494);
#2494 = CARTESIAN_POINT('',(16.615,17.78,-11.));
#2495 = CIRCLE('',#2496,1.375);
#2496 = AXIS2_PLACEMENT_3D('',#2497,#2498,#2499);
#2497 = CARTESIAN_POINT('',(15.24,17.78,-11.));
#2498 = DIRECTION('',(0.,0.,1.));
#2499 = DIRECTION('',(1.,0.,-0.));
#2500 = ORIENTED_EDGE('',*,*,#2501,.F.);
#2501 = EDGE_CURVE('',#2502,#2493,#2504,.T.);
#2502 = VERTEX_POINT('',#2503);
#2503 = CARTESIAN_POINT('',(15.24,16.405,-11.));
#2504 = CIRCLE('',#2505,1.375);
#2505 = AXIS2_PLACEMENT_3D('',#2506,#2507,#2508);
#2506 = CARTESIAN_POINT('',(15.24,17.78,-11.));
#2507 = DIRECTION('',(0.,0.,1.));
#2508 = DIRECTION('',(1.,0.,-0.));
#2509 = ORIENTED_EDGE('',*,*,#2510,.T.);
#2510 = EDGE_CURVE('',#2502,#2476,#2511,.T.);
#2511 = LINE('',#2512,#2513);
#2512 = CARTESIAN_POINT('',(-15.47,16.405,-11.));
#2513 = VECTOR('',#2514,1.);
#2514 = DIRECTION('',(-1.,-0.,0.));
#2515 = FACE_BOUND('',#2516,.T.);
#2516 = EDGE_LOOP('',(#2517,#2528,#2536,#2545,#2554));
#2517 = ORIENTED_EDGE('',*,*,#2518,.F.);
#2518 = EDGE_CURVE('',#2519,#2521,#2523,.T.);
#2519 = VERTEX_POINT('',#2520);
#2520 = CARTESIAN_POINT('',(-30.48,-16.405,-11.));
#2521 = VERTEX_POINT('',#2522);
#2522 = CARTESIAN_POINT('',(-30.48,-19.155,-11.));
#2523 = CIRCLE('',#2524,1.375);
#2524 = AXIS2_PLACEMENT_3D('',#2525,#2526,#2527);
#2525 = CARTESIAN_POINT('',(-30.48,-17.78,-11.));
#2526 = DIRECTION('',(0.,0.,1.));
#2527 = DIRECTION('',(1.,0.,-0.));
#2528 = ORIENTED_EDGE('',*,*,#2529,.F.);
#2529 = EDGE_CURVE('',#2530,#2519,#2532,.T.);
#2530 = VERTEX_POINT('',#2531);
#2531 = CARTESIAN_POINT('',(-25.4,-16.405,-11.));
#2532 = LINE('',#2533,#2534);
#2533 = CARTESIAN_POINT('',(-35.79,-16.405,-11.));
#2534 = VECTOR('',#2535,1.);
#2535 = DIRECTION('',(-1.,-0.,0.));
#2536 = ORIENTED_EDGE('',*,*,#2537,.F.);
#2537 = EDGE_CURVE('',#2538,#2530,#2540,.T.);
#2538 = VERTEX_POINT('',#2539);
#2539 = CARTESIAN_POINT('',(-24.025,-17.78,-11.));
#2540 = CIRCLE('',#2541,1.375);
#2541 = AXIS2_PLACEMENT_3D('',#2542,#2543,#2544);
#2542 = CARTESIAN_POINT('',(-25.4,-17.78,-11.));
#2543 = DIRECTION('',(0.,0.,1.));
#2544 = DIRECTION('',(1.,0.,-0.));
#2545 = ORIENTED_EDGE('',*,*,#2546,.F.);
#2546 = EDGE_CURVE('',#2547,#2538,#2549,.T.);
#2547 = VERTEX_POINT('',#2548);
#2548 = CARTESIAN_POINT('',(-25.4,-19.155,-11.));
#2549 = CIRCLE('',#2550,1.375);
#2550 = AXIS2_PLACEMENT_3D('',#2551,#2552,#2553);
#2551 = CARTESIAN_POINT('',(-25.4,-17.78,-11.));
#2552 = DIRECTION('',(0.,0.,1.));
#2553 = DIRECTION('',(1.,0.,-0.));
#2554 = ORIENTED_EDGE('',*,*,#2555,.T.);
#2555 = EDGE_CURVE('',#2547,#2521,#2556,.T.);
#2556 = LINE('',#2557,#2558);
#2557 = CARTESIAN_POINT('',(-35.79,-19.155,-11.));
#2558 = VECTOR('',#2559,1.);
#2559 = DIRECTION('',(-1.,-0.,0.));
#2560 = FACE_BOUND('',#2561,.T.);
#2561 = EDGE_LOOP('',(#2562,#2573,#2581,#2590,#2599));
#2562 = ORIENTED_EDGE('',*,*,#2563,.F.);
#2563 = EDGE_CURVE('',#2564,#2566,#2568,.T.);
#2564 = VERTEX_POINT('',#2565);
#2565 = CARTESIAN_POINT('',(-20.32,-26.565,-11.));
#2566 = VERTEX_POINT('',#2567);
#2567 = CARTESIAN_POINT('',(-20.32,-29.315,-11.));
#2568 = CIRCLE('',#2569,1.375);
#2569 = AXIS2_PLACEMENT_3D('',#2570,#2571,#2572);
#2570 = CARTESIAN_POINT('',(-20.32,-27.94,-11.));
#2571 = DIRECTION('',(0.,0.,1.));
#2572 = DIRECTION('',(1.,0.,-0.));
#2573 = ORIENTED_EDGE('',*,*,#2574,.F.);
#2574 = EDGE_CURVE('',#2575,#2564,#2577,.T.);
#2575 = VERTEX_POINT('',#2576);
#2576 = CARTESIAN_POINT('',(-15.24,-26.565,-11.));
#2577 = LINE('',#2578,#2579);
#2578 = CARTESIAN_POINT('',(-30.71,-26.565,-11.));
#2579 = VECTOR('',#2580,1.);
#2580 = DIRECTION('',(-1.,-0.,0.));
#2581 = ORIENTED_EDGE('',*,*,#2582,.F.);
#2582 = EDGE_CURVE('',#2583,#2575,#2585,.T.);
#2583 = VERTEX_POINT('',#2584);
#2584 = CARTESIAN_POINT('',(-13.865,-27.94,-11.));
#2585 = CIRCLE('',#2586,1.375);
#2586 = AXIS2_PLACEMENT_3D('',#2587,#2588,#2589);
#2587 = CARTESIAN_POINT('',(-15.24,-27.94,-11.));
#2588 = DIRECTION('',(0.,0.,1.));
#2589 = DIRECTION('',(1.,0.,-0.));
#2590 = ORIENTED_EDGE('',*,*,#2591,.F.);
#2591 = EDGE_CURVE('',#2592,#2583,#2594,.T.);
#2592 = VERTEX_POINT('',#2593);
#2593 = CARTESIAN_POINT('',(-15.24,-29.315,-11.));
#2594 = CIRCLE('',#2595,1.375);
#2595 = AXIS2_PLACEMENT_3D('',#2596,#2597,#2598);
#2596 = CARTESIAN_POINT('',(-15.24,-27.94,-11.));
#2597 = DIRECTION('',(0.,0.,1.));
#2598 = DIRECTION('',(1.,0.,-0.));
#2599 = ORIENTED_EDGE('',*,*,#2600,.T.);
#2600 = EDGE_CURVE('',#2592,#2566,#2601,.T.);
#2601 = LINE('',#2602,#2603);
#2602 = CARTESIAN_POINT('',(-30.71,-29.315,-11.));
#2603 = VECTOR('',#2604,1.);
#2604 = DIRECTION('',(-1.,-0.,0.));
#2605 = FACE_BOUND('',#2606,.T.);
#2606 = EDGE_LOOP('',(#2607,#2618,#2626,#2635,#2644));
#2607 = ORIENTED_EDGE('',*,*,#2608,.F.);
#2608 = EDGE_CURVE('',#2609,#2611,#2613,.T.);
#2609 = VERTEX_POINT('',#2610);
#2610 = CARTESIAN_POINT('',(7.105427357601E-15,29.315,-11.));
#2611 = VERTEX_POINT('',#2612);
#2612 = CARTESIAN_POINT('',(7.105427357601E-15,26.565,-11.));
#2613 = CIRCLE('',#2614,1.375);
#2614 = AXIS2_PLACEMENT_3D('',#2615,#2616,#2617);
#2615 = CARTESIAN_POINT('',(7.105427357601E-15,27.94,-11.));
#2616 = DIRECTION('',(0.,0.,1.));
#2617 = DIRECTION('',(1.,0.,-0.));
#2618 = ORIENTED_EDGE('',*,*,#2619,.F.);
#2619 = EDGE_CURVE('',#2620,#2609,#2622,.T.);
#2620 = VERTEX_POINT('',#2621);
#2621 = CARTESIAN_POINT('',(5.08,29.315,-11.));
#2622 = LINE('',#2623,#2624);
#2623 = CARTESIAN_POINT('',(-20.55,29.315,-11.));
#2624 = VECTOR('',#2625,1.);
#2625 = DIRECTION('',(-1.,-0.,0.));
#2626 = ORIENTED_EDGE('',*,*,#2627,.F.);
#2627 = EDGE_CURVE('',#2628,#2620,#2630,.T.);
#2628 = VERTEX_POINT('',#2629);
#2629 = CARTESIAN_POINT('',(6.455,27.94,-11.));
#2630 = CIRCLE('',#2631,1.375);
#2631 = AXIS2_PLACEMENT_3D('',#2632,#2633,#2634);
#2632 = CARTESIAN_POINT('',(5.08,27.94,-11.));
#2633 = DIRECTION('',(0.,0.,1.));
#2634 = DIRECTION('',(1.,0.,-0.));
#2635 = ORIENTED_EDGE('',*,*,#2636,.F.);
#2636 = EDGE_CURVE('',#2637,#2628,#2639,.T.);
#2637 = VERTEX_POINT('',#2638);
#2638 = CARTESIAN_POINT('',(5.08,26.565,-11.));
#2639 = CIRCLE('',#2640,1.375);
#2640 = AXIS2_PLACEMENT_3D('',#2641,#2642,#2643);
#2641 = CARTESIAN_POINT('',(5.08,27.94,-11.));
#2642 = DIRECTION('',(0.,0.,1.));
#2643 = DIRECTION('',(1.,0.,-0.));
#2644 = ORIENTED_EDGE('',*,*,#2645,.T.);
#2645 = EDGE_CURVE('',#2637,#2611,#2646,.T.);
#2646 = LINE('',#2647,#2648);
#2647 = CARTESIAN_POINT('',(-20.55,26.565,-11.));
#2648 = VECTOR('',#2649,1.);
#2649 = DIRECTION('',(-1.,-0.,0.));
#2650 = FACE_BOUND('',#2651,.T.);
#2651 = EDGE_LOOP('',(#2652,#2663,#2671,#2680,#2689));
#2652 = ORIENTED_EDGE('',*,*,#2653,.F.);
#2653 = EDGE_CURVE('',#2654,#2656,#2658,.T.);
#2654 = VERTEX_POINT('',#2655);
#2655 = CARTESIAN_POINT('',(-5.08,-26.565,-11.));
#2656 = VERTEX_POINT('',#2657);
#2657 = CARTESIAN_POINT('',(-5.08,-29.315,-11.));
#2658 = CIRCLE('',#2659,1.375);
#2659 = AXIS2_PLACEMENT_3D('',#2660,#2661,#2662);
#2660 = CARTESIAN_POINT('',(-5.08,-27.94,-11.));
#2661 = DIRECTION('',(0.,0.,1.));
#2662 = DIRECTION('',(1.,0.,-0.));
#2663 = ORIENTED_EDGE('',*,*,#2664,.F.);
#2664 = EDGE_CURVE('',#2665,#2654,#2667,.T.);
#2665 = VERTEX_POINT('',#2666);
#2666 = CARTESIAN_POINT('',(7.105427357601E-15,-26.565,-11.));
#2667 = LINE('',#2668,#2669);
#2668 = CARTESIAN_POINT('',(-23.09,-26.565,-11.));
#2669 = VECTOR('',#2670,1.);
#2670 = DIRECTION('',(-1.,-0.,0.));
#2671 = ORIENTED_EDGE('',*,*,#2672,.F.);
#2672 = EDGE_CURVE('',#2673,#2665,#2675,.T.);
#2673 = VERTEX_POINT('',#2674);
#2674 = CARTESIAN_POINT('',(1.375,-27.94,-11.));
#2675 = CIRCLE('',#2676,1.375);
#2676 = AXIS2_PLACEMENT_3D('',#2677,#2678,#2679);
#2677 = CARTESIAN_POINT('',(7.105427357601E-15,-27.94,-11.));
#2678 = DIRECTION('',(0.,0.,1.));
#2679 = DIRECTION('',(1.,0.,-0.));
#2680 = ORIENTED_EDGE('',*,*,#2681,.F.);
#2681 = EDGE_CURVE('',#2682,#2673,#2684,.T.);
#2682 = VERTEX_POINT('',#2683);
#2683 = CARTESIAN_POINT('',(7.105427357601E-15,-29.315,-11.));
#2684 = CIRCLE('',#2685,1.375);
#2685 = AXIS2_PLACEMENT_3D('',#2686,#2687,#2688);
#2686 = CARTESIAN_POINT('',(7.105427357601E-15,-27.94,-11.));
#2687 = DIRECTION('',(0.,0.,1.));
#2688 = DIRECTION('',(1.,0.,-0.));
#2689 = ORIENTED_EDGE('',*,*,#2690,.T.);
#2690 = EDGE_CURVE('',#2682,#2656,#2691,.T.);
#2691 = LINE('',#2692,#2693);
#2692 = CARTESIAN_POINT('',(-23.09,-29.315,-11.));
#2693 = VECTOR('',#2694,1.);
#2694 = DIRECTION('',(-1.,-0.,0.));
#2695 = FACE_BOUND('',#2696,.T.);
#2696 = EDGE_LOOP('',(#2697,#2708,#2716,#2725));
#2697 = ORIENTED_EDGE('',*,*,#2698,.F.);
#2698 = EDGE_CURVE('',#2699,#2701,#2703,.T.);
#2699 = VERTEX_POINT('',#2700);
#2700 = CARTESIAN_POINT('',(-34.185,-2.54,-11.));
#2701 = VERTEX_POINT('',#2702);
#2702 = CARTESIAN_POINT('',(-36.935,-2.54,-11.));
#2703 = CIRCLE('',#2704,1.375);
#2704 = AXIS2_PLACEMENT_3D('',#2705,#2706,#2707);
#2705 = CARTESIAN_POINT('',(-35.56,-2.54,-11.));
#2706 = DIRECTION('',(0.,0.,1.));
#2707 = DIRECTION('',(1.,0.,-0.));
#2708 = ORIENTED_EDGE('',*,*,#2709,.F.);
#2709 = EDGE_CURVE('',#2710,#2699,#2712,.T.);
#2710 = VERTEX_POINT('',#2711);
#2711 = CARTESIAN_POINT('',(-34.185,-7.62,-11.));
#2712 = LINE('',#2713,#2714);
#2713 = CARTESIAN_POINT('',(-34.185,-20.55,-11.));
#2714 = VECTOR('',#2715,1.);
#2715 = DIRECTION('',(-0.,1.,0.));
#2716 = ORIENTED_EDGE('',*,*,#2717,.F.);
#2717 = EDGE_CURVE('',#2718,#2710,#2720,.T.);
#2718 = VERTEX_POINT('',#2719);
#2719 = CARTESIAN_POINT('',(-36.935,-7.62,-11.));
#2720 = CIRCLE('',#2721,1.375);
#2721 = AXIS2_PLACEMENT_3D('',#2722,#2723,#2724);
#2722 = CARTESIAN_POINT('',(-35.56,-7.62,-11.));
#2723 = DIRECTION('',(0.,0.,1.));
#2724 = DIRECTION('',(1.,0.,-0.));
#2725 = ORIENTED_EDGE('',*,*,#2726,.T.);
#2726 = EDGE_CURVE('',#2718,#2701,#2727,.T.);
#2727 = LINE('',#2728,#2729);
#2728 = CARTESIAN_POINT('',(-36.935,-20.55,-11.));
#2729 = VECTOR('',#2730,1.);
#2730 = DIRECTION('',(-0.,1.,0.));
#2731 = FACE_BOUND('',#2732,.T.);
#2732 = EDGE_LOOP('',(#2733,#2744,#2752,#2761,#2770));
#2733 = ORIENTED_EDGE('',*,*,#2734,.F.);
#2734 = EDGE_CURVE('',#2735,#2737,#2739,.T.);
#2735 = VERTEX_POINT('',#2736);
#2736 = CARTESIAN_POINT('',(-30.48,-1.165,-11.));
#2737 = VERTEX_POINT('',#2738);
#2738 = CARTESIAN_POINT('',(-30.48,-3.915,-11.));
#2739 = CIRCLE('',#2740,1.375);
#2740 = AXIS2_PLACEMENT_3D('',#2741,#2742,#2743);
#2741 = CARTESIAN_POINT('',(-30.48,-2.54,-11.));
#2742 = DIRECTION('',(0.,0.,1.));
#2743 = DIRECTION('',(1.,0.,-0.));
#2744 = ORIENTED_EDGE('',*,*,#2745,.F.);
#2745 = EDGE_CURVE('',#2746,#2735,#2748,.T.);
#2746 = VERTEX_POINT('',#2747);
#2747 = CARTESIAN_POINT('',(-25.4,-1.165,-11.));
#2748 = LINE('',#2749,#2750);
#2749 = CARTESIAN_POINT('',(-35.79,-1.165,-11.));
#2750 = VECTOR('',#2751,1.);
#2751 = DIRECTION('',(-1.,-0.,0.));
#2752 = ORIENTED_EDGE('',*,*,#2753,.F.);
#2753 = EDGE_CURVE('',#2754,#2746,#2756,.T.);
#2754 = VERTEX_POINT('',#2755);
#2755 = CARTESIAN_POINT('',(-24.025,-2.54,-11.));
#2756 = CIRCLE('',#2757,1.375);
#2757 = AXIS2_PLACEMENT_3D('',#2758,#2759,#2760);
#2758 = CARTESIAN_POINT('',(-25.4,-2.54,-11.));
#2759 = DIRECTION('',(0.,0.,1.));
#2760 = DIRECTION('',(1.,0.,-0.));
#2761 = ORIENTED_EDGE('',*,*,#2762,.F.);
#2762 = EDGE_CURVE('',#2763,#2754,#2765,.T.);
#2763 = VERTEX_POINT('',#2764);
#2764 = CARTESIAN_POINT('',(-25.4,-3.915,-11.));
#2765 = CIRCLE('',#2766,1.375);
#2766 = AXIS2_PLACEMENT_3D('',#2767,#2768,#2769);
#2767 = CARTESIAN_POINT('',(-25.4,-2.54,-11.));
#2768 = DIRECTION('',(0.,0.,1.));
#2769 = DIRECTION('',(1.,0.,-0.));
#2770 = ORIENTED_EDGE('',*,*,#2771,.T.);
#2771 = EDGE_CURVE('',#2763,#2737,#2772,.T.);
#2772 = LINE('',#2773,#2774);
#2773 = CARTESIAN_POINT('',(-35.79,-3.915,-11.));
#2774 = VECTOR('',#2775,1.);
#2775 = DIRECTION('',(-1.,-0.,0.));
#2776 = FACE_BOUND('',#2777,.T.);
#2777 = EDGE_LOOP('',(#2778,#2789,#2797,#2806,#2815));
#2778 = ORIENTED_EDGE('',*,*,#2779,.F.);
#2779 = EDGE_CURVE('',#2780,#2782,#2784,.T.);
#2780 = VERTEX_POINT('',#2781);
#2781 = CARTESIAN_POINT('',(-20.32,-11.325,-11.));
#2782 = VERTEX_POINT('',#2783);
#2783 = CARTESIAN_POINT('',(-20.32,-14.075,-11.));
#2784 = CIRCLE('',#2785,1.375);
#2785 = AXIS2_PLACEMENT_3D('',#2786,#2787,#2788);
#2786 = CARTESIAN_POINT('',(-20.32,-12.7,-11.));
#2787 = DIRECTION('',(0.,0.,1.));
#2788 = DIRECTION('',(1.,0.,-0.));
#2789 = ORIENTED_EDGE('',*,*,#2790,.F.);
#2790 = EDGE_CURVE('',#2791,#2780,#2793,.T.);
#2791 = VERTEX_POINT('',#2792);
#2792 = CARTESIAN_POINT('',(-15.24,-11.325,-11.));
#2793 = LINE('',#2794,#2795);
#2794 = CARTESIAN_POINT('',(-30.71,-11.325,-11.));
#2795 = VECTOR('',#2796,1.);
#2796 = DIRECTION('',(-1.,-0.,0.));
#2797 = ORIENTED_EDGE('',*,*,#2798,.F.);
#2798 = EDGE_CURVE('',#2799,#2791,#2801,.T.);
#2799 = VERTEX_POINT('',#2800);
#2800 = CARTESIAN_POINT('',(-13.865,-12.7,-11.));
#2801 = CIRCLE('',#2802,1.375);
#2802 = AXIS2_PLACEMENT_3D('',#2803,#2804,#2805);
#2803 = CARTESIAN_POINT('',(-15.24,-12.7,-11.));
#2804 = DIRECTION('',(0.,0.,1.));
#2805 = DIRECTION('',(1.,0.,-0.));
#2806 = ORIENTED_EDGE('',*,*,#2807,.F.);
#2807 = EDGE_CURVE('',#2808,#2799,#2810,.T.);
#2808 = VERTEX_POINT('',#2809);
#2809 = CARTESIAN_POINT('',(-15.24,-14.075,-11.));
#2810 = CIRCLE('',#2811,1.375);
#2811 = AXIS2_PLACEMENT_3D('',#2812,#2813,#2814);
#2812 = CARTESIAN_POINT('',(-15.24,-12.7,-11.));
#2813 = DIRECTION('',(0.,0.,1.));
#2814 = DIRECTION('',(1.,0.,-0.));
#2815 = ORIENTED_EDGE('',*,*,#2816,.T.);
#2816 = EDGE_CURVE('',#2808,#2782,#2817,.T.);
#2817 = LINE('',#2818,#2819);
#2818 = CARTESIAN_POINT('',(-30.71,-14.075,-11.));
#2819 = VECTOR('',#2820,1.);
#2820 = DIRECTION('',(-1.,-0.,0.));
#2821 = FACE_BOUND('',#2822,.T.);
#2822 = EDGE_LOOP('',(#2823,#2834,#2842,#2851,#2860));
#2823 = ORIENTED_EDGE('',*,*,#2824,.F.);
#2824 = EDGE_CURVE('',#2825,#2827,#2829,.T.);
#2825 = VERTEX_POINT('',#2826);
#2826 = CARTESIAN_POINT('',(-5.08,-11.325,-11.));
#2827 = VERTEX_POINT('',#2828);
#2828 = CARTESIAN_POINT('',(-5.08,-14.075,-11.));
#2829 = CIRCLE('',#2830,1.375);
#2830 = AXIS2_PLACEMENT_3D('',#2831,#2832,#2833);
#2831 = CARTESIAN_POINT('',(-5.08,-12.7,-11.));
#2832 = DIRECTION('',(0.,0.,1.));
#2833 = DIRECTION('',(1.,0.,-0.));
#2834 = ORIENTED_EDGE('',*,*,#2835,.F.);
#2835 = EDGE_CURVE('',#2836,#2825,#2838,.T.);
#2836 = VERTEX_POINT('',#2837);
#2837 = CARTESIAN_POINT('',(7.105427357601E-15,-11.325,-11.));
#2838 = LINE('',#2839,#2840);
#2839 = CARTESIAN_POINT('',(-23.09,-11.325,-11.));
#2840 = VECTOR('',#2841,1.);
#2841 = DIRECTION('',(-1.,-0.,0.));
#2842 = ORIENTED_EDGE('',*,*,#2843,.F.);
#2843 = EDGE_CURVE('',#2844,#2836,#2846,.T.);
#2844 = VERTEX_POINT('',#2845);
#2845 = CARTESIAN_POINT('',(1.375,-12.7,-11.));
#2846 = CIRCLE('',#2847,1.375);
#2847 = AXIS2_PLACEMENT_3D('',#2848,#2849,#2850);
#2848 = CARTESIAN_POINT('',(7.105427357601E-15,-12.7,-11.));
#2849 = DIRECTION('',(0.,0.,1.));
#2850 = DIRECTION('',(1.,0.,-0.));
#2851 = ORIENTED_EDGE('',*,*,#2852,.F.);
#2852 = EDGE_CURVE('',#2853,#2844,#2855,.T.);
#2853 = VERTEX_POINT('',#2854);
#2854 = CARTESIAN_POINT('',(7.105427357601E-15,-14.075,-11.));
#2855 = CIRCLE('',#2856,1.375);
#2856 = AXIS2_PLACEMENT_3D('',#2857,#2858,#2859);
#2857 = CARTESIAN_POINT('',(7.105427357601E-15,-12.7,-11.));
#2858 = DIRECTION('',(0.,0.,1.));
#2859 = DIRECTION('',(1.,0.,-0.));
#2860 = ORIENTED_EDGE('',*,*,#2861,.T.);
#2861 = EDGE_CURVE('',#2853,#2827,#2862,.T.);
#2862 = LINE('',#2863,#2864);
#2863 = CARTESIAN_POINT('',(-23.09,-14.075,-11.));
#2864 = VECTOR('',#2865,1.);
#2865 = DIRECTION('',(-1.,-0.,0.));
#2866 = FACE_BOUND('',#2867,.T.);
#2867 = EDGE_LOOP('',(#2868,#2879,#2887,#2896,#2905));
#2868 = ORIENTED_EDGE('',*,*,#2869,.F.);
#2869 = EDGE_CURVE('',#2870,#2872,#2874,.T.);
#2870 = VERTEX_POINT('',#2871);
#2871 = CARTESIAN_POINT('',(10.16,-26.565,-11.));
#2872 = VERTEX_POINT('',#2873);
#2873 = CARTESIAN_POINT('',(10.16,-29.315,-11.));
#2874 = CIRCLE('',#2875,1.375);
#2875 = AXIS2_PLACEMENT_3D('',#2876,#2877,#2878);
#2876 = CARTESIAN_POINT('',(10.16,-27.94,-11.));
#2877 = DIRECTION('',(0.,0.,1.));
#2878 = DIRECTION('',(1.,0.,-0.));
#2879 = ORIENTED_EDGE('',*,*,#2880,.F.);
#2880 = EDGE_CURVE('',#2881,#2870,#2883,.T.);
#2881 = VERTEX_POINT('',#2882);
#2882 = CARTESIAN_POINT('',(15.24,-26.565,-11.));
#2883 = LINE('',#2884,#2885);
#2884 = CARTESIAN_POINT('',(-15.47,-26.565,-11.));
#2885 = VECTOR('',#2886,1.);
#2886 = DIRECTION('',(-1.,-0.,0.));
#2887 = ORIENTED_EDGE('',*,*,#2888,.F.);
#2888 = EDGE_CURVE('',#2889,#2881,#2891,.T.);
#2889 = VERTEX_POINT('',#2890);
#2890 = CARTESIAN_POINT('',(16.615,-27.94,-11.));
#2891 = CIRCLE('',#2892,1.375);
#2892 = AXIS2_PLACEMENT_3D('',#2893,#2894,#2895);
#2893 = CARTESIAN_POINT('',(15.24,-27.94,-11.));
#2894 = DIRECTION('',(0.,0.,1.));
#2895 = DIRECTION('',(1.,0.,-0.));
#2896 = ORIENTED_EDGE('',*,*,#2897,.F.);
#2897 = EDGE_CURVE('',#2898,#2889,#2900,.T.);
#2898 = VERTEX_POINT('',#2899);
#2899 = CARTESIAN_POINT('',(15.24,-29.315,-11.));
#2900 = CIRCLE('',#2901,1.375);
#2901 = AXIS2_PLACEMENT_3D('',#2902,#2903,#2904);
#2902 = CARTESIAN_POINT('',(15.24,-27.94,-11.));
#2903 = DIRECTION('',(0.,0.,1.));
#2904 = DIRECTION('',(1.,0.,-0.));
#2905 = ORIENTED_EDGE('',*,*,#2906,.T.);
#2906 = EDGE_CURVE('',#2898,#2872,#2907,.T.);
#2907 = LINE('',#2908,#2909);
#2908 = CARTESIAN_POINT('',(-15.47,-29.315,-11.));
#2909 = VECTOR('',#2910,1.);
#2910 = DIRECTION('',(-1.,-0.,0.));
#2911 = FACE_BOUND('',#2912,.T.);
#2912 = EDGE_LOOP('',(#2913,#2924,#2932,#2941,#2950));
#2913 = ORIENTED_EDGE('',*,*,#2914,.F.);
#2914 = EDGE_CURVE('',#2915,#2917,#2919,.T.);
#2915 = VERTEX_POINT('',#2916);
#2916 = CARTESIAN_POINT('',(7.105427357601E-15,-16.405,-11.));
#2917 = VERTEX_POINT('',#2918);
#2918 = CARTESIAN_POINT('',(7.105427357601E-15,-19.155,-11.));
#2919 = CIRCLE('',#2920,1.375);
#2920 = AXIS2_PLACEMENT_3D('',#2921,#2922,#2923);
#2921 = CARTESIAN_POINT('',(7.105427357601E-15,-17.78,-11.));
#2922 = DIRECTION('',(0.,0.,1.));
#2923 = DIRECTION('',(1.,0.,-0.));
#2924 = ORIENTED_EDGE('',*,*,#2925,.F.);
#2925 = EDGE_CURVE('',#2926,#2915,#2928,.T.);
#2926 = VERTEX_POINT('',#2927);
#2927 = CARTESIAN_POINT('',(5.08,-16.405,-11.));
#2928 = LINE('',#2929,#2930);
#2929 = CARTESIAN_POINT('',(-20.55,-16.405,-11.));
#2930 = VECTOR('',#2931,1.);
#2931 = DIRECTION('',(-1.,-0.,0.));
#2932 = ORIENTED_EDGE('',*,*,#2933,.F.);
#2933 = EDGE_CURVE('',#2934,#2926,#2936,.T.);
#2934 = VERTEX_POINT('',#2935);
#2935 = CARTESIAN_POINT('',(6.455,-17.78,-11.));
#2936 = CIRCLE('',#2937,1.375);
#2937 = AXIS2_PLACEMENT_3D('',#2938,#2939,#2940);
#2938 = CARTESIAN_POINT('',(5.08,-17.78,-11.));
#2939 = DIRECTION('',(0.,0.,1.));
#2940 = DIRECTION('',(1.,0.,-0.));
#2941 = ORIENTED_EDGE('',*,*,#2942,.F.);
#2942 = EDGE_CURVE('',#2943,#2934,#2945,.T.);
#2943 = VERTEX_POINT('',#2944);
#2944 = CARTESIAN_POINT('',(5.08,-19.155,-11.));
#2945 = CIRCLE('',#2946,1.375);
#2946 = AXIS2_PLACEMENT_3D('',#2947,#2948,#2949);
#2947 = CARTESIAN_POINT('',(5.08,-17.78,-11.));
#2948 = DIRECTION('',(0.,0.,1.));
#2949 = DIRECTION('',(1.,0.,-0.));
#2950 = ORIENTED_EDGE('',*,*,#2951,.T.);
#2951 = EDGE_CURVE('',#2943,#2917,#2952,.T.);
#2952 = LINE('',#2953,#2954);
#2953 = CARTESIAN_POINT('',(-20.55,-19.155,-11.));
#2954 = VECTOR('',#2955,1.);
#2955 = DIRECTION('',(-1.,-0.,0.));
#2956 = FACE_BOUND('',#2957,.T.);
#2957 = EDGE_LOOP('',(#2958,#2969,#2977,#2986,#2995));
#2958 = ORIENTED_EDGE('',*,*,#2959,.F.);
#2959 = EDGE_CURVE('',#2960,#2962,#2964,.T.);
#2960 = VERTEX_POINT('',#2961);
#2961 = CARTESIAN_POINT('',(10.16,-11.325,-11.));
#2962 = VERTEX_POINT('',#2963);
#2963 = CARTESIAN_POINT('',(10.16,-14.075,-11.));
#2964 = CIRCLE('',#2965,1.375);
#2965 = AXIS2_PLACEMENT_3D('',#2966,#2967,#2968);
#2966 = CARTESIAN_POINT('',(10.16,-12.7,-11.));
#2967 = DIRECTION('',(0.,0.,1.));
#2968 = DIRECTION('',(1.,0.,-0.));
#2969 = ORIENTED_EDGE('',*,*,#2970,.F.);
#2970 = EDGE_CURVE('',#2971,#2960,#2973,.T.);
#2971 = VERTEX_POINT('',#2972);
#2972 = CARTESIAN_POINT('',(15.24,-11.325,-11.));
#2973 = LINE('',#2974,#2975);
#2974 = CARTESIAN_POINT('',(-15.47,-11.325,-11.));
#2975 = VECTOR('',#2976,1.);
#2976 = DIRECTION('',(-1.,-0.,0.));
#2977 = ORIENTED_EDGE('',*,*,#2978,.F.);
#2978 = EDGE_CURVE('',#2979,#2971,#2981,.T.);
#2979 = VERTEX_POINT('',#2980);
#2980 = CARTESIAN_POINT('',(16.615,-12.7,-11.));
#2981 = CIRCLE('',#2982,1.375);
#2982 = AXIS2_PLACEMENT_3D('',#2983,#2984,#2985);
#2983 = CARTESIAN_POINT('',(15.24,-12.7,-11.));
#2984 = DIRECTION('',(0.,0.,1.));
#2985 = DIRECTION('',(1.,0.,-0.));
#2986 = ORIENTED_EDGE('',*,*,#2987,.F.);
#2987 = EDGE_CURVE('',#2988,#2979,#2990,.T.);
#2988 = VERTEX_POINT('',#2989);
#2989 = CARTESIAN_POINT('',(15.24,-14.075,-11.));
#2990 = CIRCLE('',#2991,1.375);
#2991 = AXIS2_PLACEMENT_3D('',#2992,#2993,#2994);
#2992 = CARTESIAN_POINT('',(15.24,-12.7,-11.));
#2993 = DIRECTION('',(0.,0.,1.));
#2994 = DIRECTION('',(1.,0.,-0.));
#2995 = ORIENTED_EDGE('',*,*,#2996,.T.);
#2996 = EDGE_CURVE('',#2988,#2962,#2997,.T.);
#2997 = LINE('',#2998,#2999);
#2998 = CARTESIAN_POINT('',(-15.47,-14.075,-11.));
#2999 = VECTOR('',#3000,1.);
#3000 = DIRECTION('',(-1.,-0.,0.));
#3001 = FACE_BOUND('',#3002,.T.);
#3002 = EDGE_LOOP('',(#3003,#3014,#3022,#3031));
#3003 = ORIENTED_EDGE('',*,*,#3004,.F.);
#3004 = EDGE_CURVE('',#3005,#3007,#3009,.T.);
#3005 = VERTEX_POINT('',#3006);
#3006 = CARTESIAN_POINT('',(-3.705,12.7,-11.));
#3007 = VERTEX_POINT('',#3008);
#3008 = CARTESIAN_POINT('',(-6.455,12.7,-11.));
#3009 = CIRCLE('',#3010,1.375);
#3010 = AXIS2_PLACEMENT_3D('',#3011,#3012,#3013);
#3011 = CARTESIAN_POINT('',(-5.08,12.7,-11.));
#3012 = DIRECTION('',(0.,0.,1.));
#3013 = DIRECTION('',(1.,0.,-0.));
#3014 = ORIENTED_EDGE('',*,*,#3015,.F.);
#3015 = EDGE_CURVE('',#3016,#3005,#3018,.T.);
#3016 = VERTEX_POINT('',#3017);
#3017 = CARTESIAN_POINT('',(-3.705,7.62,-11.));
#3018 = LINE('',#3019,#3020);
#3019 = CARTESIAN_POINT('',(-3.705,-12.93,-11.));
#3020 = VECTOR('',#3021,1.);
#3021 = DIRECTION('',(-0.,1.,0.));
#3022 = ORIENTED_EDGE('',*,*,#3023,.F.);
#3023 = EDGE_CURVE('',#3024,#3016,#3026,.T.);
#3024 = VERTEX_POINT('',#3025);
#3025 = CARTESIAN_POINT('',(-6.455,7.62,-11.));
#3026 = CIRCLE('',#3027,1.375);
#3027 = AXIS2_PLACEMENT_3D('',#3028,#3029,#3030);
#3028 = CARTESIAN_POINT('',(-5.08,7.62,-11.));
#3029 = DIRECTION('',(0.,0.,1.));
#3030 = DIRECTION('',(1.,0.,-0.));
#3031 = ORIENTED_EDGE('',*,*,#3032,.T.);
#3032 = EDGE_CURVE('',#3024,#3007,#3033,.T.);
#3033 = LINE('',#3034,#3035);
#3034 = CARTESIAN_POINT('',(-6.455,-12.93,-11.));
#3035 = VECTOR('',#3036,1.);
#3036 = DIRECTION('',(-0.,1.,0.));
#3037 = FACE_BOUND('',#3038,.T.);
#3038 = EDGE_LOOP('',(#3039,#3050,#3058,#3067));
#3039 = ORIENTED_EDGE('',*,*,#3040,.F.);
#3040 = EDGE_CURVE('',#3041,#3043,#3045,.T.);
#3041 = VERTEX_POINT('',#3042);
#3042 = CARTESIAN_POINT('',(-24.025,7.62,-11.));
#3043 = VERTEX_POINT('',#3044);
#3044 = CARTESIAN_POINT('',(-26.775,7.62,-11.));
#3045 = CIRCLE('',#3046,1.375);
#3046 = AXIS2_PLACEMENT_3D('',#3047,#3048,#3049);
#3047 = CARTESIAN_POINT('',(-25.4,7.62,-11.));
#3048 = DIRECTION('',(0.,0.,1.));
#3049 = DIRECTION('',(1.,0.,-0.));
#3050 = ORIENTED_EDGE('',*,*,#3051,.F.);
#3051 = EDGE_CURVE('',#3052,#3041,#3054,.T.);
#3052 = VERTEX_POINT('',#3053);
#3053 = CARTESIAN_POINT('',(-24.025,2.54,-11.));
#3054 = LINE('',#3055,#3056);
#3055 = CARTESIAN_POINT('',(-24.025,-15.47,-11.));
#3056 = VECTOR('',#3057,1.);
#3057 = DIRECTION('',(-0.,1.,0.));
#3058 = ORIENTED_EDGE('',*,*,#3059,.F.);
#3059 = EDGE_CURVE('',#3060,#3052,#3062,.T.);
#3060 = VERTEX_POINT('',#3061);
#3061 = CARTESIAN_POINT('',(-26.775,2.54,-11.));
#3062 = CIRCLE('',#3063,1.375);
#3063 = AXIS2_PLACEMENT_3D('',#3064,#3065,#3066);
#3064 = CARTESIAN_POINT('',(-25.4,2.54,-11.));
#3065 = DIRECTION('',(0.,0.,1.));
#3066 = DIRECTION('',(1.,0.,-0.));
#3067 = ORIENTED_EDGE('',*,*,#3068,.T.);
#3068 = EDGE_CURVE('',#3060,#3043,#3069,.T.);
#3069 = LINE('',#3070,#3071);
#3070 = CARTESIAN_POINT('',(-26.775,-15.47,-11.));
#3071 = VECTOR('',#3072,1.);
#3072 = DIRECTION('',(-0.,1.,0.));
#3073 = FACE_BOUND('',#3074,.T.);
#3074 = EDGE_LOOP('',(#3075,#3086,#3094,#3103));
#3075 = ORIENTED_EDGE('',*,*,#3076,.F.);
#3076 = EDGE_CURVE('',#3077,#3079,#3081,.T.);
#3077 = VERTEX_POINT('',#3078);
#3078 = CARTESIAN_POINT('',(-34.185,12.7,-11.));
#3079 = VERTEX_POINT('',#3080);
#3080 = CARTESIAN_POINT('',(-36.935,12.7,-11.));
#3081 = CIRCLE('',#3082,1.375);
#3082 = AXIS2_PLACEMENT_3D('',#3083,#3084,#3085);
#3083 = CARTESIAN_POINT('',(-35.56,12.7,-11.));
#3084 = DIRECTION('',(0.,0.,1.));
#3085 = DIRECTION('',(1.,0.,-0.));
#3086 = ORIENTED_EDGE('',*,*,#3087,.F.);
#3087 = EDGE_CURVE('',#3088,#3077,#3090,.T.);
#3088 = VERTEX_POINT('',#3089);
#3089 = CARTESIAN_POINT('',(-34.185,7.62,-11.));
#3090 = LINE('',#3091,#3092);
#3091 = CARTESIAN_POINT('',(-34.185,-12.93,-11.));
#3092 = VECTOR('',#3093,1.);
#3093 = DIRECTION('',(-0.,1.,0.));
#3094 = ORIENTED_EDGE('',*,*,#3095,.F.);
#3095 = EDGE_CURVE('',#3096,#3088,#3098,.T.);
#3096 = VERTEX_POINT('',#3097);
#3097 = CARTESIAN_POINT('',(-36.935,7.62,-11.));
#3098 = CIRCLE('',#3099,1.375);
#3099 = AXIS2_PLACEMENT_3D('',#3100,#3101,#3102);
#3100 = CARTESIAN_POINT('',(-35.56,7.62,-11.));
#3101 = DIRECTION('',(0.,0.,1.));
#3102 = DIRECTION('',(1.,0.,-0.));
#3103 = ORIENTED_EDGE('',*,*,#3104,.T.);
#3104 = EDGE_CURVE('',#3096,#3079,#3105,.T.);
#3105 = LINE('',#3106,#3107);
#3106 = CARTESIAN_POINT('',(-36.935,-12.93,-11.));
#3107 = VECTOR('',#3108,1.);
#3108 = DIRECTION('',(-0.,1.,0.));
#3109 = FACE_BOUND('',#3110,.T.);
#3110 = EDGE_LOOP('',(#3111,#3122,#3130,#3139,#3148));
#3111 = ORIENTED_EDGE('',*,*,#3112,.F.);
#3112 = EDGE_CURVE('',#3113,#3115,#3117,.T.);
#3113 = VERTEX_POINT('',#3114);
#3114 = CARTESIAN_POINT('',(-30.48,14.075,-11.));
#3115 = VERTEX_POINT('',#3116);
#3116 = CARTESIAN_POINT('',(-30.48,11.325,-11.));
#3117 = CIRCLE('',#3118,1.375);
#3118 = AXIS2_PLACEMENT_3D('',#3119,#3120,#3121);
#3119 = CARTESIAN_POINT('',(-30.48,12.7,-11.));
#3120 = DIRECTION('',(0.,0.,1.));
#3121 = DIRECTION('',(1.,0.,-0.));
#3122 = ORIENTED_EDGE('',*,*,#3123,.F.);
#3123 = EDGE_CURVE('',#3124,#3113,#3126,.T.);
#3124 = VERTEX_POINT('',#3125);
#3125 = CARTESIAN_POINT('',(-25.4,14.075,-11.));
#3126 = LINE('',#3127,#3128);
#3127 = CARTESIAN_POINT('',(-35.79,14.075,-11.));
#3128 = VECTOR('',#3129,1.);
#3129 = DIRECTION('',(-1.,-0.,0.));
#3130 = ORIENTED_EDGE('',*,*,#3131,.F.);
#3131 = EDGE_CURVE('',#3132,#3124,#3134,.T.);
#3132 = VERTEX_POINT('',#3133);
#3133 = CARTESIAN_POINT('',(-24.025,12.7,-11.));
#3134 = CIRCLE('',#3135,1.375);
#3135 = AXIS2_PLACEMENT_3D('',#3136,#3137,#3138);
#3136 = CARTESIAN_POINT('',(-25.4,12.7,-11.));
#3137 = DIRECTION('',(0.,0.,1.));
#3138 = DIRECTION('',(1.,0.,-0.));
#3139 = ORIENTED_EDGE('',*,*,#3140,.F.);
#3140 = EDGE_CURVE('',#3141,#3132,#3143,.T.);
#3141 = VERTEX_POINT('',#3142);
#3142 = CARTESIAN_POINT('',(-25.4,11.325,-11.));
#3143 = CIRCLE('',#3144,1.375);
#3144 = AXIS2_PLACEMENT_3D('',#3145,#3146,#3147);
#3145 = CARTESIAN_POINT('',(-25.4,12.7,-11.));
#3146 = DIRECTION('',(0.,0.,1.));
#3147 = DIRECTION('',(1.,0.,-0.));
#3148 = ORIENTED_EDGE('',*,*,#3149,.T.);
#3149 = EDGE_CURVE('',#3141,#3115,#3150,.T.);
#3150 = LINE('',#3151,#3152);
#3151 = CARTESIAN_POINT('',(-35.79,11.325,-11.));
#3152 = VECTOR('',#3153,1.);
#3153 = DIRECTION('',(-1.,-0.,0.));
#3154 = FACE_BOUND('',#3155,.T.);
#3155 = EDGE_LOOP('',(#3156,#3167,#3175,#3184));
#3156 = ORIENTED_EDGE('',*,*,#3157,.F.);
#3157 = EDGE_CURVE('',#3158,#3160,#3162,.T.);
#3158 = VERTEX_POINT('',#3159);
#3159 = CARTESIAN_POINT('',(-18.945,12.7,-11.));
#3160 = VERTEX_POINT('',#3161);
#3161 = CARTESIAN_POINT('',(-21.695,12.7,-11.));
#3162 = CIRCLE('',#3163,1.375);
#3163 = AXIS2_PLACEMENT_3D('',#3164,#3165,#3166);
#3164 = CARTESIAN_POINT('',(-20.32,12.7,-11.));
#3165 = DIRECTION('',(0.,0.,1.));
#3166 = DIRECTION('',(1.,0.,-0.));
#3167 = ORIENTED_EDGE('',*,*,#3168,.F.);
#3168 = EDGE_CURVE('',#3169,#3158,#3171,.T.);
#3169 = VERTEX_POINT('',#3170);
#3170 = CARTESIAN_POINT('',(-18.945,7.62,-11.));
#3171 = LINE('',#3172,#3173);
#3172 = CARTESIAN_POINT('',(-18.945,-12.93,-11.));
#3173 = VECTOR('',#3174,1.);
#3174 = DIRECTION('',(-0.,1.,0.));
#3175 = ORIENTED_EDGE('',*,*,#3176,.F.);
#3176 = EDGE_CURVE('',#3177,#3169,#3179,.T.);
#3177 = VERTEX_POINT('',#3178);
#3178 = CARTESIAN_POINT('',(-21.695,7.62,-11.));
#3179 = CIRCLE('',#3180,1.375);
#3180 = AXIS2_PLACEMENT_3D('',#3181,#3182,#3183);
#3181 = CARTESIAN_POINT('',(-20.32,7.62,-11.));
#3182 = DIRECTION('',(0.,0.,1.));
#3183 = DIRECTION('',(1.,0.,-0.));
#3184 = ORIENTED_EDGE('',*,*,#3185,.T.);
#3185 = EDGE_CURVE('',#3177,#3160,#3186,.T.);
#3186 = LINE('',#3187,#3188);
#3187 = CARTESIAN_POINT('',(-21.695,-12.93,-11.));
#3188 = VECTOR('',#3189,1.);
#3189 = DIRECTION('',(-0.,1.,0.));
#3190 = FACE_BOUND('',#3191,.T.);
#3191 = EDGE_LOOP('',(#3192,#3203,#3211,#3220,#3229));
#3192 = ORIENTED_EDGE('',*,*,#3193,.F.);
#3193 = EDGE_CURVE('',#3194,#3196,#3198,.T.);
#3194 = VERTEX_POINT('',#3195);
#3195 = CARTESIAN_POINT('',(-30.48,29.315,-11.));
#3196 = VERTEX_POINT('',#3197);
#3197 = CARTESIAN_POINT('',(-30.48,26.565,-11.));
#3198 = CIRCLE('',#3199,1.375);
#3199 = AXIS2_PLACEMENT_3D('',#3200,#3201,#3202);
#3200 = CARTESIAN_POINT('',(-30.48,27.94,-11.));
#3201 = DIRECTION('',(0.,0.,1.));
#3202 = DIRECTION('',(1.,0.,-0.));
#3203 = ORIENTED_EDGE('',*,*,#3204,.F.);
#3204 = EDGE_CURVE('',#3205,#3194,#3207,.T.);
#3205 = VERTEX_POINT('',#3206);
#3206 = CARTESIAN_POINT('',(-25.4,29.315,-11.));
#3207 = LINE('',#3208,#3209);
#3208 = CARTESIAN_POINT('',(-35.79,29.315,-11.));
#3209 = VECTOR('',#3210,1.);
#3210 = DIRECTION('',(-1.,-0.,0.));
#3211 = ORIENTED_EDGE('',*,*,#3212,.F.);
#3212 = EDGE_CURVE('',#3213,#3205,#3215,.T.);
#3213 = VERTEX_POINT('',#3214);
#3214 = CARTESIAN_POINT('',(-24.025,27.94,-11.));
#3215 = CIRCLE('',#3216,1.375);
#3216 = AXIS2_PLACEMENT_3D('',#3217,#3218,#3219);
#3217 = CARTESIAN_POINT('',(-25.4,27.94,-11.));
#3218 = DIRECTION('',(0.,0.,1.));
#3219 = DIRECTION('',(1.,0.,-0.));
#3220 = ORIENTED_EDGE('',*,*,#3221,.F.);
#3221 = EDGE_CURVE('',#3222,#3213,#3224,.T.);
#3222 = VERTEX_POINT('',#3223);
#3223 = CARTESIAN_POINT('',(-25.4,26.565,-11.));
#3224 = CIRCLE('',#3225,1.375);
#3225 = AXIS2_PLACEMENT_3D('',#3226,#3227,#3228);
#3226 = CARTESIAN_POINT('',(-25.4,27.94,-11.));
#3227 = DIRECTION('',(0.,0.,1.));
#3228 = DIRECTION('',(1.,0.,-0.));
#3229 = ORIENTED_EDGE('',*,*,#3230,.T.);
#3230 = EDGE_CURVE('',#3222,#3196,#3231,.T.);
#3231 = LINE('',#3232,#3233);
#3232 = CARTESIAN_POINT('',(-35.79,26.565,-11.));
#3233 = VECTOR('',#3234,1.);
#3234 = DIRECTION('',(-1.,-0.,0.));
#3235 = FACE_BOUND('',#3236,.T.);
#3236 = EDGE_LOOP('',(#3237,#3248,#3256,#3265,#3274));
#3237 = ORIENTED_EDGE('',*,*,#3238,.F.);
#3238 = EDGE_CURVE('',#3239,#3241,#3243,.T.);
#3239 = VERTEX_POINT('',#3240);
#3240 = CARTESIAN_POINT('',(-20.32,19.155,-11.));
#3241 = VERTEX_POINT('',#3242);
#3242 = CARTESIAN_POINT('',(-20.32,16.405,-11.));
#3243 = CIRCLE('',#3244,1.375);
#3244 = AXIS2_PLACEMENT_3D('',#3245,#3246,#3247);
#3245 = CARTESIAN_POINT('',(-20.32,17.78,-11.));
#3246 = DIRECTION('',(0.,0.,1.));
#3247 = DIRECTION('',(1.,0.,-0.));
#3248 = ORIENTED_EDGE('',*,*,#3249,.F.);
#3249 = EDGE_CURVE('',#3250,#3239,#3252,.T.);
#3250 = VERTEX_POINT('',#3251);
#3251 = CARTESIAN_POINT('',(-15.24,19.155,-11.));
#3252 = LINE('',#3253,#3254);
#3253 = CARTESIAN_POINT('',(-30.71,19.155,-11.));
#3254 = VECTOR('',#3255,1.);
#3255 = DIRECTION('',(-1.,-0.,0.));
#3256 = ORIENTED_EDGE('',*,*,#3257,.F.);
#3257 = EDGE_CURVE('',#3258,#3250,#3260,.T.);
#3258 = VERTEX_POINT('',#3259);
#3259 = CARTESIAN_POINT('',(-13.865,17.78,-11.));
#3260 = CIRCLE('',#3261,1.375);
#3261 = AXIS2_PLACEMENT_3D('',#3262,#3263,#3264);
#3262 = CARTESIAN_POINT('',(-15.24,17.78,-11.));
#3263 = DIRECTION('',(0.,0.,1.));
#3264 = DIRECTION('',(1.,0.,-0.));
#3265 = ORIENTED_EDGE('',*,*,#3266,.F.);
#3266 = EDGE_CURVE('',#3267,#3258,#3269,.T.);
#3267 = VERTEX_POINT('',#3268);
#3268 = CARTESIAN_POINT('',(-15.24,16.405,-11.));
#3269 = CIRCLE('',#3270,1.375);
#3270 = AXIS2_PLACEMENT_3D('',#3271,#3272,#3273);
#3271 = CARTESIAN_POINT('',(-15.24,17.78,-11.));
#3272 = DIRECTION('',(0.,0.,1.));
#3273 = DIRECTION('',(1.,0.,-0.));
#3274 = ORIENTED_EDGE('',*,*,#3275,.T.);
#3275 = EDGE_CURVE('',#3267,#3241,#3276,.T.);
#3276 = LINE('',#3277,#3278);
#3277 = CARTESIAN_POINT('',(-30.71,16.405,-11.));
#3278 = VECTOR('',#3279,1.);
#3279 = DIRECTION('',(-1.,-0.,0.));
#3280 = FACE_BOUND('',#3281,.T.);
#3281 = EDGE_LOOP('',(#3282,#3293,#3301,#3310,#3319));
#3282 = ORIENTED_EDGE('',*,*,#3283,.F.);
#3283 = EDGE_CURVE('',#3284,#3286,#3288,.T.);
#3284 = VERTEX_POINT('',#3285);
#3285 = CARTESIAN_POINT('',(-5.08,19.155,-11.));
#3286 = VERTEX_POINT('',#3287);
#3287 = CARTESIAN_POINT('',(-5.08,16.405,-11.));
#3288 = CIRCLE('',#3289,1.375);
#3289 = AXIS2_PLACEMENT_3D('',#3290,#3291,#3292);
#3290 = CARTESIAN_POINT('',(-5.08,17.78,-11.));
#3291 = DIRECTION('',(0.,0.,1.));
#3292 = DIRECTION('',(1.,0.,-0.));
#3293 = ORIENTED_EDGE('',*,*,#3294,.F.);
#3294 = EDGE_CURVE('',#3295,#3284,#3297,.T.);
#3295 = VERTEX_POINT('',#3296);
#3296 = CARTESIAN_POINT('',(7.105427357601E-15,19.155,-11.));
#3297 = LINE('',#3298,#3299);
#3298 = CARTESIAN_POINT('',(-23.09,19.155,-11.));
#3299 = VECTOR('',#3300,1.);
#3300 = DIRECTION('',(-1.,-0.,0.));
#3301 = ORIENTED_EDGE('',*,*,#3302,.F.);
#3302 = EDGE_CURVE('',#3303,#3295,#3305,.T.);
#3303 = VERTEX_POINT('',#3304);
#3304 = CARTESIAN_POINT('',(1.375,17.78,-11.));
#3305 = CIRCLE('',#3306,1.375);
#3306 = AXIS2_PLACEMENT_3D('',#3307,#3308,#3309);
#3307 = CARTESIAN_POINT('',(7.105427357601E-15,17.78,-11.));
#3308 = DIRECTION('',(0.,0.,1.));
#3309 = DIRECTION('',(1.,0.,-0.));
#3310 = ORIENTED_EDGE('',*,*,#3311,.F.);
#3311 = EDGE_CURVE('',#3312,#3303,#3314,.T.);
#3312 = VERTEX_POINT('',#3313);
#3313 = CARTESIAN_POINT('',(7.105427357601E-15,16.405,-11.));
#3314 = CIRCLE('',#3315,1.375);
#3315 = AXIS2_PLACEMENT_3D('',#3316,#3317,#3318);
#3316 = CARTESIAN_POINT('',(7.105427357601E-15,17.78,-11.));
#3317 = DIRECTION('',(0.,0.,1.));
#3318 = DIRECTION('',(1.,0.,-0.));
#3319 = ORIENTED_EDGE('',*,*,#3320,.T.);
#3320 = EDGE_CURVE('',#3312,#3286,#3321,.T.);
#3321 = LINE('',#3322,#3323);
#3322 = CARTESIAN_POINT('',(-23.09,16.405,-11.));
#3323 = VECTOR('',#3324,1.);
#3324 = DIRECTION('',(-1.,-0.,0.));
#3325 = FACE_BOUND('',#3326,.T.);
#3326 = EDGE_LOOP('',(#3327,#3338,#3346,#3355,#3364));
#3327 = ORIENTED_EDGE('',*,*,#3328,.F.);
#3328 = EDGE_CURVE('',#3329,#3331,#3333,.T.);
#3329 = VERTEX_POINT('',#3330);
#3330 = CARTESIAN_POINT('',(7.105427357601E-15,14.075,-11.));
#3331 = VERTEX_POINT('',#3332);
#3332 = CARTESIAN_POINT('',(7.105427357601E-15,11.325,-11.));
#3333 = CIRCLE('',#3334,1.375);
#3334 = AXIS2_PLACEMENT_3D('',#3335,#3336,#3337);
#3335 = CARTESIAN_POINT('',(7.105427357601E-15,12.7,-11.));
#3336 = DIRECTION('',(0.,0.,1.));
#3337 = DIRECTION('',(1.,0.,-0.));
#3338 = ORIENTED_EDGE('',*,*,#3339,.F.);
#3339 = EDGE_CURVE('',#3340,#3329,#3342,.T.);
#3340 = VERTEX_POINT('',#3341);
#3341 = CARTESIAN_POINT('',(5.08,14.075,-11.));
#3342 = LINE('',#3343,#3344);
#3343 = CARTESIAN_POINT('',(-20.55,14.075,-11.));
#3344 = VECTOR('',#3345,1.);
#3345 = DIRECTION('',(-1.,-0.,0.));
#3346 = ORIENTED_EDGE('',*,*,#3347,.F.);
#3347 = EDGE_CURVE('',#3348,#3340,#3350,.T.);
#3348 = VERTEX_POINT('',#3349);
#3349 = CARTESIAN_POINT('',(6.455,12.7,-11.));
#3350 = CIRCLE('',#3351,1.375);
#3351 = AXIS2_PLACEMENT_3D('',#3352,#3353,#3354);
#3352 = CARTESIAN_POINT('',(5.08,12.7,-11.));
#3353 = DIRECTION('',(0.,0.,1.));
#3354 = DIRECTION('',(1.,0.,-0.));
#3355 = ORIENTED_EDGE('',*,*,#3356,.F.);
#3356 = EDGE_CURVE('',#3357,#3348,#3359,.T.);
#3357 = VERTEX_POINT('',#3358);
#3358 = CARTESIAN_POINT('',(5.08,11.325,-11.));
#3359 = CIRCLE('',#3360,1.375);
#3360 = AXIS2_PLACEMENT_3D('',#3361,#3362,#3363);
#3361 = CARTESIAN_POINT('',(5.08,12.7,-11.));
#3362 = DIRECTION('',(0.,0.,1.));
#3363 = DIRECTION('',(1.,0.,-0.));
#3364 = ORIENTED_EDGE('',*,*,#3365,.T.);
#3365 = EDGE_CURVE('',#3357,#3331,#3366,.T.);
#3366 = LINE('',#3367,#3368);
#3367 = CARTESIAN_POINT('',(-20.55,11.325,-11.));
#3368 = VECTOR('',#3369,1.);
#3369 = DIRECTION('',(-1.,-0.,0.));
#3370 = FACE_BOUND('',#3371,.T.);
#3371 = EDGE_LOOP('',(#3372,#3383,#3391,#3400));
#3372 = ORIENTED_EDGE('',*,*,#3373,.F.);
#3373 = EDGE_CURVE('',#3374,#3376,#3378,.T.);
#3374 = VERTEX_POINT('',#3375);
#3375 = CARTESIAN_POINT('',(11.535,12.7,-11.));
#3376 = VERTEX_POINT('',#3377);
#3377 = CARTESIAN_POINT('',(8.785,12.7,-11.));
#3378 = CIRCLE('',#3379,1.375);
#3379 = AXIS2_PLACEMENT_3D('',#3380,#3381,#3382);
#3380 = CARTESIAN_POINT('',(10.16,12.7,-11.));
#3381 = DIRECTION('',(0.,0.,1.));
#3382 = DIRECTION('',(1.,0.,-0.));
#3383 = ORIENTED_EDGE('',*,*,#3384,.F.);
#3384 = EDGE_CURVE('',#3385,#3374,#3387,.T.);
#3385 = VERTEX_POINT('',#3386);
#3386 = CARTESIAN_POINT('',(11.535,7.62,-11.));
#3387 = LINE('',#3388,#3389);
#3388 = CARTESIAN_POINT('',(11.535,-12.93,-11.));
#3389 = VECTOR('',#3390,1.);
#3390 = DIRECTION('',(-0.,1.,0.));
#3391 = ORIENTED_EDGE('',*,*,#3392,.F.);
#3392 = EDGE_CURVE('',#3393,#3385,#3395,.T.);
#3393 = VERTEX_POINT('',#3394);
#3394 = CARTESIAN_POINT('',(8.785,7.62,-11.));
#3395 = CIRCLE('',#3396,1.375);
#3396 = AXIS2_PLACEMENT_3D('',#3397,#3398,#3399);
#3397 = CARTESIAN_POINT('',(10.16,7.62,-11.));
#3398 = DIRECTION('',(0.,0.,1.));
#3399 = DIRECTION('',(1.,0.,-0.));
#3400 = ORIENTED_EDGE('',*,*,#3401,.T.);
#3401 = EDGE_CURVE('',#3393,#3376,#3402,.T.);
#3402 = LINE('',#3403,#3404);
#3403 = CARTESIAN_POINT('',(8.785,-12.93,-11.));
#3404 = VECTOR('',#3405,1.);
#3405 = DIRECTION('',(-0.,1.,0.));
#3406 = FACE_BOUND('',#3407,.T.);
#3407 = EDGE_LOOP('',(#3408,#3419,#3427,#3436));
#3408 = ORIENTED_EDGE('',*,*,#3409,.F.);
#3409 = EDGE_CURVE('',#3410,#3412,#3414,.T.);
#3410 = VERTEX_POINT('',#3411);
#3411 = CARTESIAN_POINT('',(36.935,7.62,-11.));
#3412 = VERTEX_POINT('',#3413);
#3413 = CARTESIAN_POINT('',(34.185,7.62,-11.));
#3414 = CIRCLE('',#3415,1.375);
#3415 = AXIS2_PLACEMENT_3D('',#3416,#3417,#3418);
#3416 = CARTESIAN_POINT('',(35.56,7.62,-11.));
#3417 = DIRECTION('',(0.,0.,1.));
#3418 = DIRECTION('',(1.,0.,-0.));
#3419 = ORIENTED_EDGE('',*,*,#3420,.F.);
#3420 = EDGE_CURVE('',#3421,#3410,#3423,.T.);
#3421 = VERTEX_POINT('',#3422);
#3422 = CARTESIAN_POINT('',(36.935,2.54,-11.));
#3423 = LINE('',#3424,#3425);
#3424 = CARTESIAN_POINT('',(36.935,-15.47,-11.));
#3425 = VECTOR('',#3426,1.);
#3426 = DIRECTION('',(-0.,1.,0.));
#3427 = ORIENTED_EDGE('',*,*,#3428,.F.);
#3428 = EDGE_CURVE('',#3429,#3421,#3431,.T.);
#3429 = VERTEX_POINT('',#3430);
#3430 = CARTESIAN_POINT('',(34.185,2.54,-11.));
#3431 = CIRCLE('',#3432,1.375);
#3432 = AXIS2_PLACEMENT_3D('',#3433,#3434,#3435);
#3433 = CARTESIAN_POINT('',(35.56,2.54,-11.));
#3434 = DIRECTION('',(0.,0.,1.));
#3435 = DIRECTION('',(1.,0.,-0.));
#3436 = ORIENTED_EDGE('',*,*,#3437,.T.);
#3437 = EDGE_CURVE('',#3429,#3412,#3438,.T.);
#3438 = LINE('',#3439,#3440);
#3439 = CARTESIAN_POINT('',(34.185,-15.47,-11.));
#3440 = VECTOR('',#3441,1.);
#3441 = DIRECTION('',(-0.,1.,0.));
#3442 = FACE_BOUND('',#3443,.T.);
#3443 = EDGE_LOOP('',(#3444,#3455,#3463,#3472,#3481));
#3444 = ORIENTED_EDGE('',*,*,#3445,.F.);
#3445 = EDGE_CURVE('',#3446,#3448,#3450,.T.);
#3446 = VERTEX_POINT('',#3447);
#3447 = CARTESIAN_POINT('',(25.4,3.915,-11.));
#3448 = VERTEX_POINT('',#3449);
#3449 = CARTESIAN_POINT('',(25.4,1.165,-11.));
#3450 = CIRCLE('',#3451,1.375);
#3451 = AXIS2_PLACEMENT_3D('',#3452,#3453,#3454);
#3452 = CARTESIAN_POINT('',(25.4,2.54,-11.));
#3453 = DIRECTION('',(0.,0.,1.));
#3454 = DIRECTION('',(1.,0.,-0.));
#3455 = ORIENTED_EDGE('',*,*,#3456,.F.);
#3456 = EDGE_CURVE('',#3457,#3446,#3459,.T.);
#3457 = VERTEX_POINT('',#3458);
#3458 = CARTESIAN_POINT('',(30.48,3.915,-11.));
#3459 = LINE('',#3460,#3461);
#3460 = CARTESIAN_POINT('',(-7.85,3.915,-11.));
#3461 = VECTOR('',#3462,1.);
#3462 = DIRECTION('',(-1.,-0.,0.));
#3463 = ORIENTED_EDGE('',*,*,#3464,.F.);
#3464 = EDGE_CURVE('',#3465,#3457,#3467,.T.);
#3465 = VERTEX_POINT('',#3466);
#3466 = CARTESIAN_POINT('',(31.855,2.54,-11.));
#3467 = CIRCLE('',#3468,1.375);
#3468 = AXIS2_PLACEMENT_3D('',#3469,#3470,#3471);
#3469 = CARTESIAN_POINT('',(30.48,2.54,-11.));
#3470 = DIRECTION('',(0.,0.,1.));
#3471 = DIRECTION('',(1.,0.,-0.));
#3472 = ORIENTED_EDGE('',*,*,#3473,.F.);
#3473 = EDGE_CURVE('',#3474,#3465,#3476,.T.);
#3474 = VERTEX_POINT('',#3475);
#3475 = CARTESIAN_POINT('',(30.48,1.165,-11.));
#3476 = CIRCLE('',#3477,1.375);
#3477 = AXIS2_PLACEMENT_3D('',#3478,#3479,#3480);
#3478 = CARTESIAN_POINT('',(30.48,2.54,-11.));
#3479 = DIRECTION('',(0.,0.,1.));
#3480 = DIRECTION('',(1.,0.,-0.));
#3481 = ORIENTED_EDGE('',*,*,#3482,.T.);
#3482 = EDGE_CURVE('',#3474,#3448,#3483,.T.);
#3483 = LINE('',#3484,#3485);
#3484 = CARTESIAN_POINT('',(-7.85,1.165,-11.));
#3485 = VECTOR('',#3486,1.);
#3486 = DIRECTION('',(-1.,-0.,0.));
#3487 = FACE_BOUND('',#3488,.T.);
#3488 = EDGE_LOOP('',(#3489,#3500,#3508,#3517));
#3489 = ORIENTED_EDGE('',*,*,#3490,.F.);
#3490 = EDGE_CURVE('',#3491,#3493,#3495,.T.);
#3491 = VERTEX_POINT('',#3492);
#3492 = CARTESIAN_POINT('',(-24.025,22.86,-11.));
#3493 = VERTEX_POINT('',#3494);
#3494 = CARTESIAN_POINT('',(-26.775,22.86,-11.));
#3495 = CIRCLE('',#3496,1.375);
#3496 = AXIS2_PLACEMENT_3D('',#3497,#3498,#3499);
#3497 = CARTESIAN_POINT('',(-25.4,22.86,-11.));
#3498 = DIRECTION('',(0.,0.,1.));
#3499 = DIRECTION('',(1.,0.,-0.));
#3500 = ORIENTED_EDGE('',*,*,#3501,.F.);
#3501 = EDGE_CURVE('',#3502,#3491,#3504,.T.);
#3502 = VERTEX_POINT('',#3503);
#3503 = CARTESIAN_POINT('',(-24.025,17.78,-11.));
#3504 = LINE('',#3505,#3506);
#3505 = CARTESIAN_POINT('',(-24.025,-7.85,-11.));
#3506 = VECTOR('',#3507,1.);
#3507 = DIRECTION('',(-0.,1.,0.));
#3508 = ORIENTED_EDGE('',*,*,#3509,.F.);
#3509 = EDGE_CURVE('',#3510,#3502,#3512,.T.);
#3510 = VERTEX_POINT('',#3511);
#3511 = CARTESIAN_POINT('',(-26.775,17.78,-11.));
#3512 = CIRCLE('',#3513,1.375);
#3513 = AXIS2_PLACEMENT_3D('',#3514,#3515,#3516);
#3514 = CARTESIAN_POINT('',(-25.4,17.78,-11.));
#3515 = DIRECTION('',(0.,0.,1.));
#3516 = DIRECTION('',(1.,0.,-0.));
#3517 = ORIENTED_EDGE('',*,*,#3518,.T.);
#3518 = EDGE_CURVE('',#3510,#3493,#3519,.T.);
#3519 = LINE('',#3520,#3521);
#3520 = CARTESIAN_POINT('',(-26.775,-7.85,-11.));
#3521 = VECTOR('',#3522,1.);
#3522 = DIRECTION('',(-0.,1.,0.));
#3523 = FACE_BOUND('',#3524,.T.);
#3524 = EDGE_LOOP('',(#3525,#3536,#3544,#3553,#3562));
#3525 = ORIENTED_EDGE('',*,*,#3526,.F.);
#3526 = EDGE_CURVE('',#3527,#3529,#3531,.T.);
#3527 = VERTEX_POINT('',#3528);
#3528 = CARTESIAN_POINT('',(25.4,-11.325,-11.));
#3529 = VERTEX_POINT('',#3530);
#3530 = CARTESIAN_POINT('',(25.4,-14.075,-11.));
#3531 = CIRCLE('',#3532,1.375);
#3532 = AXIS2_PLACEMENT_3D('',#3533,#3534,#3535);
#3533 = CARTESIAN_POINT('',(25.4,-12.7,-11.));
#3534 = DIRECTION('',(0.,0.,1.));
#3535 = DIRECTION('',(1.,0.,-0.));
#3536 = ORIENTED_EDGE('',*,*,#3537,.F.);
#3537 = EDGE_CURVE('',#3538,#3527,#3540,.T.);
#3538 = VERTEX_POINT('',#3539);
#3539 = CARTESIAN_POINT('',(30.48,-11.325,-11.));
#3540 = LINE('',#3541,#3542);
#3541 = CARTESIAN_POINT('',(-7.85,-11.325,-11.));
#3542 = VECTOR('',#3543,1.);
#3543 = DIRECTION('',(-1.,-0.,0.));
#3544 = ORIENTED_EDGE('',*,*,#3545,.F.);
#3545 = EDGE_CURVE('',#3546,#3538,#3548,.T.);
#3546 = VERTEX_POINT('',#3547);
#3547 = CARTESIAN_POINT('',(31.855,-12.7,-11.));
#3548 = CIRCLE('',#3549,1.375);
#3549 = AXIS2_PLACEMENT_3D('',#3550,#3551,#3552);
#3550 = CARTESIAN_POINT('',(30.48,-12.7,-11.));
#3551 = DIRECTION('',(0.,0.,1.));
#3552 = DIRECTION('',(1.,0.,-0.));
#3553 = ORIENTED_EDGE('',*,*,#3554,.F.);
#3554 = EDGE_CURVE('',#3555,#3546,#3557,.T.);
#3555 = VERTEX_POINT('',#3556);
#3556 = CARTESIAN_POINT('',(30.48,-14.075,-11.));
#3557 = CIRCLE('',#3558,1.375);
#3558 = AXIS2_PLACEMENT_3D('',#3559,#3560,#3561);
#3559 = CARTESIAN_POINT('',(30.48,-12.7,-11.));
#3560 = DIRECTION('',(0.,0.,1.));
#3561 = DIRECTION('',(1.,0.,-0.));
#3562 = ORIENTED_EDGE('',*,*,#3563,.T.);
#3563 = EDGE_CURVE('',#3555,#3529,#3564,.T.);
#3564 = LINE('',#3565,#3566);
#3565 = CARTESIAN_POINT('',(-7.85,-14.075,-11.));
#3566 = VECTOR('',#3567,1.);
#3567 = DIRECTION('',(-1.,-0.,0.));
#3568 = FACE_BOUND('',#3569,.T.);
#3569 = EDGE_LOOP('',(#3570,#3581,#3589,#3598));
#3570 = ORIENTED_EDGE('',*,*,#3571,.F.);
#3571 = EDGE_CURVE('',#3572,#3574,#3576,.T.);
#3572 = VERTEX_POINT('',#3573);
#3573 = CARTESIAN_POINT('',(6.455,22.86,-11.));
#3574 = VERTEX_POINT('',#3575);
#3575 = CARTESIAN_POINT('',(3.705,22.86,-11.));
#3576 = CIRCLE('',#3577,1.375);
#3577 = AXIS2_PLACEMENT_3D('',#3578,#3579,#3580);
#3578 = CARTESIAN_POINT('',(5.08,22.86,-11.));
#3579 = DIRECTION('',(0.,0.,1.));
#3580 = DIRECTION('',(1.,0.,-0.));
#3581 = ORIENTED_EDGE('',*,*,#3582,.F.);
#3582 = EDGE_CURVE('',#3583,#3572,#3585,.T.);
#3583 = VERTEX_POINT('',#3584);
#3584 = CARTESIAN_POINT('',(6.455,17.78,-11.));
#3585 = LINE('',#3586,#3587);
#3586 = CARTESIAN_POINT('',(6.455,-7.85,-11.));
#3587 = VECTOR('',#3588,1.);
#3588 = DIRECTION('',(-0.,1.,0.));
#3589 = ORIENTED_EDGE('',*,*,#3590,.F.);
#3590 = EDGE_CURVE('',#3591,#3583,#3593,.T.);
#3591 = VERTEX_POINT('',#3592);
#3592 = CARTESIAN_POINT('',(3.705,17.78,-11.));
#3593 = CIRCLE('',#3594,1.375);
#3594 = AXIS2_PLACEMENT_3D('',#3595,#3596,#3597);
#3595 = CARTESIAN_POINT('',(5.08,17.78,-11.));
#3596 = DIRECTION('',(0.,0.,1.));
#3597 = DIRECTION('',(1.,0.,-0.));
#3598 = ORIENTED_EDGE('',*,*,#3599,.T.);
#3599 = EDGE_CURVE('',#3591,#3574,#3600,.T.);
#3600 = LINE('',#3601,#3602);
#3601 = CARTESIAN_POINT('',(3.705,-7.85,-11.));
#3602 = VECTOR('',#3603,1.);
#3603 = DIRECTION('',(-0.,1.,0.));
#3604 = FACE_BOUND('',#3605,.T.);
#3605 = EDGE_LOOP('',(#3606,#3617,#3625,#3634,#3643));
#3606 = ORIENTED_EDGE('',*,*,#3607,.F.);
#3607 = EDGE_CURVE('',#3608,#3610,#3612,.T.);
#3608 = VERTEX_POINT('',#3609);
#3609 = CARTESIAN_POINT('',(25.4,-26.565,-11.));
#3610 = VERTEX_POINT('',#3611);
#3611 = CARTESIAN_POINT('',(25.4,-29.315,-11.));
#3612 = CIRCLE('',#3613,1.375);
#3613 = AXIS2_PLACEMENT_3D('',#3614,#3615,#3616);
#3614 = CARTESIAN_POINT('',(25.4,-27.94,-11.));
#3615 = DIRECTION('',(0.,0.,1.));
#3616 = DIRECTION('',(1.,0.,-0.));
#3617 = ORIENTED_EDGE('',*,*,#3618,.F.);
#3618 = EDGE_CURVE('',#3619,#3608,#3621,.T.);
#3619 = VERTEX_POINT('',#3620);
#3620 = CARTESIAN_POINT('',(30.48,-26.565,-11.));
#3621 = LINE('',#3622,#3623);
#3622 = CARTESIAN_POINT('',(-7.85,-26.565,-11.));
#3623 = VECTOR('',#3624,1.);
#3624 = DIRECTION('',(-1.,-0.,0.));
#3625 = ORIENTED_EDGE('',*,*,#3626,.F.);
#3626 = EDGE_CURVE('',#3627,#3619,#3629,.T.);
#3627 = VERTEX_POINT('',#3628);
#3628 = CARTESIAN_POINT('',(31.855,-27.94,-11.));
#3629 = CIRCLE('',#3630,1.375);
#3630 = AXIS2_PLACEMENT_3D('',#3631,#3632,#3633);
#3631 = CARTESIAN_POINT('',(30.48,-27.94,-11.));
#3632 = DIRECTION('',(0.,0.,1.));
#3633 = DIRECTION('',(1.,0.,-0.));
#3634 = ORIENTED_EDGE('',*,*,#3635,.F.);
#3635 = EDGE_CURVE('',#3636,#3627,#3638,.T.);
#3636 = VERTEX_POINT('',#3637);
#3637 = CARTESIAN_POINT('',(30.48,-29.315,-11.));
#3638 = CIRCLE('',#3639,1.375);
#3639 = AXIS2_PLACEMENT_3D('',#3640,#3641,#3642);
#3640 = CARTESIAN_POINT('',(30.48,-27.94,-11.));
#3641 = DIRECTION('',(0.,0.,1.));
#3642 = DIRECTION('',(1.,0.,-0.));
#3643 = ORIENTED_EDGE('',*,*,#3644,.T.);
#3644 = EDGE_CURVE('',#3636,#3610,#3645,.T.);
#3645 = LINE('',#3646,#3647);
#3646 = CARTESIAN_POINT('',(-7.85,-29.315,-11.));
#3647 = VECTOR('',#3648,1.);
#3648 = DIRECTION('',(-1.,-0.,0.));
#3649 = FACE_BOUND('',#3650,.T.);
#3650 = EDGE_LOOP('',(#3651,#3662,#3670,#3679));
#3651 = ORIENTED_EDGE('',*,*,#3652,.F.);
#3652 = EDGE_CURVE('',#3653,#3655,#3657,.T.);
#3653 = VERTEX_POINT('',#3654);
#3654 = CARTESIAN_POINT('',(-8.785,22.86,-11.));
#3655 = VERTEX_POINT('',#3656);
#3656 = CARTESIAN_POINT('',(-11.535,22.86,-11.));
#3657 = CIRCLE('',#3658,1.375);
#3658 = AXIS2_PLACEMENT_3D('',#3659,#3660,#3661);
#3659 = CARTESIAN_POINT('',(-10.16,22.86,-11.));
#3660 = DIRECTION('',(0.,0.,1.));
#3661 = DIRECTION('',(1.,0.,-0.));
#3662 = ORIENTED_EDGE('',*,*,#3663,.F.);
#3663 = EDGE_CURVE('',#3664,#3653,#3666,.T.);
#3664 = VERTEX_POINT('',#3665);
#3665 = CARTESIAN_POINT('',(-8.785,17.78,-11.));
#3666 = LINE('',#3667,#3668);
#3667 = CARTESIAN_POINT('',(-8.785,-7.85,-11.));
#3668 = VECTOR('',#3669,1.);
#3669 = DIRECTION('',(-0.,1.,0.));
#3670 = ORIENTED_EDGE('',*,*,#3671,.F.);
#3671 = EDGE_CURVE('',#3672,#3664,#3674,.T.);
#3672 = VERTEX_POINT('',#3673);
#3673 = CARTESIAN_POINT('',(-11.535,17.78,-11.));
#3674 = CIRCLE('',#3675,1.375);
#3675 = AXIS2_PLACEMENT_3D('',#3676,#3677,#3678);
#3676 = CARTESIAN_POINT('',(-10.16,17.78,-11.));
#3677 = DIRECTION('',(0.,0.,1.));
#3678 = DIRECTION('',(1.,0.,-0.));
#3679 = ORIENTED_EDGE('',*,*,#3680,.T.);
#3680 = EDGE_CURVE('',#3672,#3655,#3681,.T.);
#3681 = LINE('',#3682,#3683);
#3682 = CARTESIAN_POINT('',(-11.535,-7.85,-11.));
#3683 = VECTOR('',#3684,1.);
#3684 = DIRECTION('',(-0.,1.,0.));
#3685 = FACE_BOUND('',#3686,.T.);
#3686 = EDGE_LOOP('',(#3687,#3698,#3706,#3715));
#3687 = ORIENTED_EDGE('',*,*,#3688,.F.);
#3688 = EDGE_CURVE('',#3689,#3691,#3693,.T.);
#3689 = VERTEX_POINT('',#3690);
#3690 = CARTESIAN_POINT('',(21.695,22.86,-11.));
#3691 = VERTEX_POINT('',#3692);
#3692 = CARTESIAN_POINT('',(18.945,22.86,-11.));
#3693 = CIRCLE('',#3694,1.375);
#3694 = AXIS2_PLACEMENT_3D('',#3695,#3696,#3697);
#3695 = CARTESIAN_POINT('',(20.32,22.86,-11.));
#3696 = DIRECTION('',(0.,0.,1.));
#3697 = DIRECTION('',(1.,0.,-0.));
#3698 = ORIENTED_EDGE('',*,*,#3699,.F.);
#3699 = EDGE_CURVE('',#3700,#3689,#3702,.T.);
#3700 = VERTEX_POINT('',#3701);
#3701 = CARTESIAN_POINT('',(21.695,17.78,-11.));
#3702 = LINE('',#3703,#3704);
#3703 = CARTESIAN_POINT('',(21.695,-7.85,-11.));
#3704 = VECTOR('',#3705,1.);
#3705 = DIRECTION('',(-0.,1.,0.));
#3706 = ORIENTED_EDGE('',*,*,#3707,.F.);
#3707 = EDGE_CURVE('',#3708,#3700,#3710,.T.);
#3708 = VERTEX_POINT('',#3709);
#3709 = CARTESIAN_POINT('',(18.945,17.78,-11.));
#3710 = CIRCLE('',#3711,1.375);
#3711 = AXIS2_PLACEMENT_3D('',#3712,#3713,#3714);
#3712 = CARTESIAN_POINT('',(20.32,17.78,-11.));
#3713 = DIRECTION('',(0.,0.,1.));
#3714 = DIRECTION('',(1.,0.,-0.));
#3715 = ORIENTED_EDGE('',*,*,#3716,.T.);
#3716 = EDGE_CURVE('',#3708,#3691,#3717,.T.);
#3717 = LINE('',#3718,#3719);
#3718 = CARTESIAN_POINT('',(18.945,-7.85,-11.));
#3719 = VECTOR('',#3720,1.);
#3720 = DIRECTION('',(-0.,1.,0.));
#3721 = FACE_BOUND('',#3722,.T.);
#3722 = EDGE_LOOP('',(#3723,#3734,#3742,#3751,#3760));
#3723 = ORIENTED_EDGE('',*,*,#3724,.F.);
#3724 = EDGE_CURVE('',#3725,#3727,#3729,.T.);
#3725 = VERTEX_POINT('',#3726);
#3726 = CARTESIAN_POINT('',(25.4,19.155,-11.));
#3727 = VERTEX_POINT('',#3728);
#3728 = CARTESIAN_POINT('',(25.4,16.405,-11.));
#3729 = CIRCLE('',#3730,1.375);
#3730 = AXIS2_PLACEMENT_3D('',#3731,#3732,#3733);
#3731 = CARTESIAN_POINT('',(25.4,17.78,-11.));
#3732 = DIRECTION('',(0.,0.,1.));
#3733 = DIRECTION('',(1.,0.,-0.));
#3734 = ORIENTED_EDGE('',*,*,#3735,.F.);
#3735 = EDGE_CURVE('',#3736,#3725,#3738,.T.);
#3736 = VERTEX_POINT('',#3737);
#3737 = CARTESIAN_POINT('',(30.48,19.155,-11.));
#3738 = LINE('',#3739,#3740);
#3739 = CARTESIAN_POINT('',(-7.85,19.155,-11.));
#3740 = VECTOR('',#3741,1.);
#3741 = DIRECTION('',(-1.,-0.,0.));
#3742 = ORIENTED_EDGE('',*,*,#3743,.F.);
#3743 = EDGE_CURVE('',#3744,#3736,#3746,.T.);
#3744 = VERTEX_POINT('',#3745);
#3745 = CARTESIAN_POINT('',(31.855,17.78,-11.));
#3746 = CIRCLE('',#3747,1.375);
#3747 = AXIS2_PLACEMENT_3D('',#3748,#3749,#3750);
#3748 = CARTESIAN_POINT('',(30.48,17.78,-11.));
#3749 = DIRECTION('',(0.,0.,1.));
#3750 = DIRECTION('',(1.,0.,-0.));
#3751 = ORIENTED_EDGE('',*,*,#3752,.F.);
#3752 = EDGE_CURVE('',#3753,#3744,#3755,.T.);
#3753 = VERTEX_POINT('',#3754);
#3754 = CARTESIAN_POINT('',(30.48,16.405,-11.));
#3755 = CIRCLE('',#3756,1.375);
#3756 = AXIS2_PLACEMENT_3D('',#3757,#3758,#3759);
#3757 = CARTESIAN_POINT('',(30.48,17.78,-11.));
#3758 = DIRECTION('',(0.,0.,1.));
#3759 = DIRECTION('',(1.,0.,-0.));
#3760 = ORIENTED_EDGE('',*,*,#3761,.T.);
#3761 = EDGE_CURVE('',#3753,#3727,#3762,.T.);
#3762 = LINE('',#3763,#3764);
#3763 = CARTESIAN_POINT('',(-7.85,16.405,-11.));
#3764 = VECTOR('',#3765,1.);
#3765 = DIRECTION('',(-1.,-0.,0.));
#3766 = FACE_BOUND('',#3767,.T.);
#3767 = EDGE_LOOP('',(#3768,#3779,#3787,#3796));
#3768 = ORIENTED_EDGE('',*,*,#3769,.F.);
#3769 = EDGE_CURVE('',#3770,#3772,#3774,.T.);
#3770 = VERTEX_POINT('',#3771);
#3771 = CARTESIAN_POINT('',(36.935,22.86,-11.));
#3772 = VERTEX_POINT('',#3773);
#3773 = CARTESIAN_POINT('',(34.185,22.86,-11.));
#3774 = CIRCLE('',#3775,1.375);
#3775 = AXIS2_PLACEMENT_3D('',#3776,#3777,#3778);
#3776 = CARTESIAN_POINT('',(35.56,22.86,-11.));
#3777 = DIRECTION('',(0.,0.,1.));
#3778 = DIRECTION('',(1.,0.,-0.));
#3779 = ORIENTED_EDGE('',*,*,#3780,.F.);
#3780 = EDGE_CURVE('',#3781,#3770,#3783,.T.);
#3781 = VERTEX_POINT('',#3782);
#3782 = CARTESIAN_POINT('',(36.935,17.78,-11.));
#3783 = LINE('',#3784,#3785);
#3784 = CARTESIAN_POINT('',(36.935,-7.85,-11.));
#3785 = VECTOR('',#3786,1.);
#3786 = DIRECTION('',(-0.,1.,0.));
#3787 = ORIENTED_EDGE('',*,*,#3788,.F.);
#3788 = EDGE_CURVE('',#3789,#3781,#3791,.T.);
#3789 = VERTEX_POINT('',#3790);
#3790 = CARTESIAN_POINT('',(34.185,17.78,-11.));
#3791 = CIRCLE('',#3792,1.375);
#3792 = AXIS2_PLACEMENT_3D('',#3793,#3794,#3795);
#3793 = CARTESIAN_POINT('',(35.56,17.78,-11.));
#3794 = DIRECTION('',(0.,0.,1.));
#3795 = DIRECTION('',(1.,0.,-0.));
#3796 = ORIENTED_EDGE('',*,*,#3797,.T.);
#3797 = EDGE_CURVE('',#3789,#3772,#3798,.T.);
#3798 = LINE('',#3799,#3800);
#3799 = CARTESIAN_POINT('',(34.185,-7.85,-11.));
#3800 = VECTOR('',#3801,1.);
#3801 = DIRECTION('',(-0.,1.,0.));
#3802 = FACE_BOUND('',#3803,.T.);
#3803 = EDGE_LOOP('',(#3804,#3814,#3823,#3831,#3840,#3848));
#3804 = ORIENTED_EDGE('',*,*,#3805,.T.);
#3805 = EDGE_CURVE('',#3806,#3808,#3810,.T.);
#3806 = VERTEX_POINT('',#3807);
#3807 = CARTESIAN_POINT('',(18.945,4.6,-11.));
#3808 = VERTEX_POINT('',#3809);
#3809 = CARTESIAN_POINT('',(18.945,7.62,-11.));
#3810 = LINE('',#3811,#3812);
#3811 = CARTESIAN_POINT('',(18.945,-15.47,-11.));
#3812 = VECTOR('',#3813,1.);
#3813 = DIRECTION('',(-0.,1.,0.));
#3814 = ORIENTED_EDGE('',*,*,#3815,.F.);
#3815 = EDGE_CURVE('',#3816,#3808,#3818,.T.);
#3816 = VERTEX_POINT('',#3817);
#3817 = CARTESIAN_POINT('',(21.695,7.62,-11.));
#3818 = CIRCLE('',#3819,1.375);
#3819 = AXIS2_PLACEMENT_3D('',#3820,#3821,#3822);
#3820 = CARTESIAN_POINT('',(20.32,7.62,-11.));
#3821 = DIRECTION('',(0.,0.,1.));
#3822 = DIRECTION('',(1.,0.,-0.));
#3823 = ORIENTED_EDGE('',*,*,#3824,.F.);
#3824 = EDGE_CURVE('',#3825,#3816,#3827,.T.);
#3825 = VERTEX_POINT('',#3826);
#3826 = CARTESIAN_POINT('',(21.695,2.54,-11.));
#3827 = LINE('',#3828,#3829);
#3828 = CARTESIAN_POINT('',(21.695,-15.47,-11.));
#3829 = VECTOR('',#3830,1.);
#3830 = DIRECTION('',(-0.,1.,0.));
#3831 = ORIENTED_EDGE('',*,*,#3832,.F.);
#3832 = EDGE_CURVE('',#3833,#3825,#3835,.T.);
#3833 = VERTEX_POINT('',#3834);
#3834 = CARTESIAN_POINT('',(21.,1.344916320921,-11.));
#3835 = CIRCLE('',#3836,1.375);
#3836 = AXIS2_PLACEMENT_3D('',#3837,#3838,#3839);
#3837 = CARTESIAN_POINT('',(20.32,2.54,-11.));
#3838 = DIRECTION('',(0.,0.,1.));
#3839 = DIRECTION('',(1.,0.,-0.));
#3840 = ORIENTED_EDGE('',*,*,#3841,.T.);
#3841 = EDGE_CURVE('',#3833,#3842,#3844,.T.);
#3842 = VERTEX_POINT('',#3843);
#3843 = CARTESIAN_POINT('',(21.,4.6,-11.));
#3844 = LINE('',#3845,#3846);
#3845 = CARTESIAN_POINT('',(21.,-4.6,-11.));
#3846 = VECTOR('',#3847,1.);
#3847 = DIRECTION('',(-0.,1.,0.));
#3848 = ORIENTED_EDGE('',*,*,#3849,.F.);
#3849 = EDGE_CURVE('',#3806,#3842,#3850,.T.);
#3850 = LINE('',#3851,#3852);
#3851 = CARTESIAN_POINT('',(-21.,4.6,-11.));
#3852 = VECTOR('',#3853,1.);
#3853 = DIRECTION('',(1.,0.,-0.));
#3854 = FACE_BOUND('',#3855,.T.);
#3855 = EDGE_LOOP('',(#3856,#3867,#3875,#3883,#3891,#3900));
#3856 = ORIENTED_EDGE('',*,*,#3857,.F.);
#3857 = EDGE_CURVE('',#3858,#3860,#3862,.T.);
#3858 = VERTEX_POINT('',#3859);
#3859 = CARTESIAN_POINT('',(-21.,-1.344916320921,-11.));
#3860 = VERTEX_POINT('',#3861);
#3861 = CARTESIAN_POINT('',(-21.695,-2.54,-11.));
#3862 = CIRCLE('',#3863,1.375);
#3863 = AXIS2_PLACEMENT_3D('',#3864,#3865,#3866);
#3864 = CARTESIAN_POINT('',(-20.32,-2.54,-11.));
#3865 = DIRECTION('',(0.,0.,1.));
#3866 = DIRECTION('',(1.,0.,-0.));
#3867 = ORIENTED_EDGE('',*,*,#3868,.F.);
#3868 = EDGE_CURVE('',#3869,#3858,#3871,.T.);
#3869 = VERTEX_POINT('',#3870);
#3870 = CARTESIAN_POINT('',(-21.,-4.6,-11.));
#3871 = LINE('',#3872,#3873);
#3872 = CARTESIAN_POINT('',(-21.,-4.6,-11.));
#3873 = VECTOR('',#3874,1.);
#3874 = DIRECTION('',(-0.,1.,0.));
#3875 = ORIENTED_EDGE('',*,*,#3876,.T.);
#3876 = EDGE_CURVE('',#3869,#3877,#3879,.T.);
#3877 = VERTEX_POINT('',#3878);
#3878 = CARTESIAN_POINT('',(-18.945,-4.6,-11.));
#3879 = LINE('',#3880,#3881);
#3880 = CARTESIAN_POINT('',(-21.,-4.6,-11.));
#3881 = VECTOR('',#3882,1.);
#3882 = DIRECTION('',(1.,0.,-0.));
#3883 = ORIENTED_EDGE('',*,*,#3884,.F.);
#3884 = EDGE_CURVE('',#3885,#3877,#3887,.T.);
#3885 = VERTEX_POINT('',#3886);
#3886 = CARTESIAN_POINT('',(-18.945,-7.62,-11.));
#3887 = LINE('',#3888,#3889);
#3888 = CARTESIAN_POINT('',(-18.945,-20.55,-11.));
#3889 = VECTOR('',#3890,1.);
#3890 = DIRECTION('',(-0.,1.,0.));
#3891 = ORIENTED_EDGE('',*,*,#3892,.F.);
#3892 = EDGE_CURVE('',#3893,#3885,#3895,.T.);
#3893 = VERTEX_POINT('',#3894);
#3894 = CARTESIAN_POINT('',(-21.695,-7.62,-11.));
#3895 = CIRCLE('',#3896,1.375);
#3896 = AXIS2_PLACEMENT_3D('',#3897,#3898,#3899);
#3897 = CARTESIAN_POINT('',(-20.32,-7.62,-11.));
#3898 = DIRECTION('',(0.,0.,1.));
#3899 = DIRECTION('',(1.,0.,-0.));
#3900 = ORIENTED_EDGE('',*,*,#3901,.T.);
#3901 = EDGE_CURVE('',#3893,#3860,#3902,.T.);
#3902 = LINE('',#3903,#3904);
#3903 = CARTESIAN_POINT('',(-21.695,-20.55,-11.));
#3904 = VECTOR('',#3905,1.);
#3905 = DIRECTION('',(-0.,1.,0.));
#3906 = FACE_BOUND('',#3907,.T.);
#3907 = EDGE_LOOP('',(#3908,#3918,#3926,#3934));
#3908 = ORIENTED_EDGE('',*,*,#3909,.T.);
#3909 = EDGE_CURVE('',#3910,#3912,#3914,.T.);
#3910 = VERTEX_POINT('',#3911);
#3911 = CARTESIAN_POINT('',(-6.455,-7.62,-11.));
#3912 = VERTEX_POINT('',#3913);
#3913 = CARTESIAN_POINT('',(-6.455,-4.6,-11.));
#3914 = LINE('',#3915,#3916);
#3915 = CARTESIAN_POINT('',(-6.455,-20.55,-11.));
#3916 = VECTOR('',#3917,1.);
#3917 = DIRECTION('',(-0.,1.,0.));
#3918 = ORIENTED_EDGE('',*,*,#3919,.T.);
#3919 = EDGE_CURVE('',#3912,#3920,#3922,.T.);
#3920 = VERTEX_POINT('',#3921);
#3921 = CARTESIAN_POINT('',(-3.705,-4.6,-11.));
#3922 = LINE('',#3923,#3924);
#3923 = CARTESIAN_POINT('',(-21.,-4.6,-11.));
#3924 = VECTOR('',#3925,1.);
#3925 = DIRECTION('',(1.,0.,-0.));
#3926 = ORIENTED_EDGE('',*,*,#3927,.F.);
#3927 = EDGE_CURVE('',#3928,#3920,#3930,.T.);
#3928 = VERTEX_POINT('',#3929);
#3929 = CARTESIAN_POINT('',(-3.705,-7.62,-11.));
#3930 = LINE('',#3931,#3932);
#3931 = CARTESIAN_POINT('',(-3.705,-20.55,-11.));
#3932 = VECTOR('',#3933,1.);
#3933 = DIRECTION('',(-0.,1.,0.));
#3934 = ORIENTED_EDGE('',*,*,#3935,.F.);
#3935 = EDGE_CURVE('',#3910,#3928,#3936,.T.);
#3936 = CIRCLE('',#3937,1.375);
#3937 = AXIS2_PLACEMENT_3D('',#3938,#3939,#3940);
#3938 = CARTESIAN_POINT('',(-5.08,-7.62,-11.));
#3939 = DIRECTION('',(0.,0.,1.));
#3940 = DIRECTION('',(1.,0.,-0.));
#3941 = FACE_BOUND('',#3942,.T.);
#3942 = EDGE_LOOP('',(#3943,#3953,#3961,#3969));
#3943 = ORIENTED_EDGE('',*,*,#3944,.T.);
#3944 = EDGE_CURVE('',#3945,#3947,#3949,.T.);
#3945 = VERTEX_POINT('',#3946);
#3946 = CARTESIAN_POINT('',(8.785,-7.62,-11.));
#3947 = VERTEX_POINT('',#3948);
#3948 = CARTESIAN_POINT('',(8.785,-4.6,-11.));
#3949 = LINE('',#3950,#3951);
#3950 = CARTESIAN_POINT('',(8.785,-20.55,-11.));
#3951 = VECTOR('',#3952,1.);
#3952 = DIRECTION('',(-0.,1.,0.));
#3953 = ORIENTED_EDGE('',*,*,#3954,.T.);
#3954 = EDGE_CURVE('',#3947,#3955,#3957,.T.);
#3955 = VERTEX_POINT('',#3956);
#3956 = CARTESIAN_POINT('',(11.535,-4.6,-11.));
#3957 = LINE('',#3958,#3959);
#3958 = CARTESIAN_POINT('',(-21.,-4.6,-11.));
#3959 = VECTOR('',#3960,1.);
#3960 = DIRECTION('',(1.,0.,-0.));
#3961 = ORIENTED_EDGE('',*,*,#3962,.F.);
#3962 = EDGE_CURVE('',#3963,#3955,#3965,.T.);
#3963 = VERTEX_POINT('',#3964);
#3964 = CARTESIAN_POINT('',(11.535,-7.62,-11.));
#3965 = LINE('',#3966,#3967);
#3966 = CARTESIAN_POINT('',(11.535,-20.55,-11.));
#3967 = VECTOR('',#3968,1.);
#3968 = DIRECTION('',(-0.,1.,0.));
#3969 = ORIENTED_EDGE('',*,*,#3970,.F.);
#3970 = EDGE_CURVE('',#3945,#3963,#3971,.T.);
#3971 = CIRCLE('',#3972,1.375);
#3972 = AXIS2_PLACEMENT_3D('',#3973,#3974,#3975);
#3973 = CARTESIAN_POINT('',(10.16,-7.62,-11.));
#3974 = DIRECTION('',(0.,0.,1.));
#3975 = DIRECTION('',(1.,0.,-0.));
#3976 = FACE_BOUND('',#3977,.T.);
#3977 = EDGE_LOOP('',(#3978,#3988,#3997,#4005));
#3978 = ORIENTED_EDGE('',*,*,#3979,.T.);
#3979 = EDGE_CURVE('',#3980,#3982,#3984,.T.);
#3980 = VERTEX_POINT('',#3981);
#3981 = CARTESIAN_POINT('',(-11.535,4.6,-11.));
#3982 = VERTEX_POINT('',#3983);
#3983 = CARTESIAN_POINT('',(-11.535,7.62,-11.));
#3984 = LINE('',#3985,#3986);
#3985 = CARTESIAN_POINT('',(-11.535,-15.47,-11.));
#3986 = VECTOR('',#3987,1.);
#3987 = DIRECTION('',(-0.,1.,0.));
#3988 = ORIENTED_EDGE('',*,*,#3989,.F.);
#3989 = EDGE_CURVE('',#3990,#3982,#3992,.T.);
#3990 = VERTEX_POINT('',#3991);
#3991 = CARTESIAN_POINT('',(-8.785,7.62,-11.));
#3992 = CIRCLE('',#3993,1.375);
#3993 = AXIS2_PLACEMENT_3D('',#3994,#3995,#3996);
#3994 = CARTESIAN_POINT('',(-10.16,7.62,-11.));
#3995 = DIRECTION('',(0.,0.,1.));
#3996 = DIRECTION('',(1.,0.,-0.));
#3997 = ORIENTED_EDGE('',*,*,#3998,.F.);
#3998 = EDGE_CURVE('',#3999,#3990,#4001,.T.);
#3999 = VERTEX_POINT('',#4000);
#4000 = CARTESIAN_POINT('',(-8.785,4.6,-11.));
#4001 = LINE('',#4002,#4003);
#4002 = CARTESIAN_POINT('',(-8.785,-15.47,-11.));
#4003 = VECTOR('',#4004,1.);
#4004 = DIRECTION('',(-0.,1.,0.));
#4005 = ORIENTED_EDGE('',*,*,#4006,.F.);
#4006 = EDGE_CURVE('',#3980,#3999,#4007,.T.);
#4007 = LINE('',#4008,#4009);
#4008 = CARTESIAN_POINT('',(-21.,4.6,-11.));
#4009 = VECTOR('',#4010,1.);
#4010 = DIRECTION('',(1.,0.,-0.));
#4011 = FACE_BOUND('',#4012,.T.);
#4012 = EDGE_LOOP('',(#4013,#4023,#4032,#4040));
#4013 = ORIENTED_EDGE('',*,*,#4014,.T.);
#4014 = EDGE_CURVE('',#4015,#4017,#4019,.T.);
#4015 = VERTEX_POINT('',#4016);
#4016 = CARTESIAN_POINT('',(3.705,4.6,-11.));
#4017 = VERTEX_POINT('',#4018);
#4018 = CARTESIAN_POINT('',(3.705,7.62,-11.));
#4019 = LINE('',#4020,#4021);
#4020 = CARTESIAN_POINT('',(3.705,-15.47,-11.));
#4021 = VECTOR('',#4022,1.);
#4022 = DIRECTION('',(-0.,1.,0.));
#4023 = ORIENTED_EDGE('',*,*,#4024,.F.);
#4024 = EDGE_CURVE('',#4025,#4017,#4027,.T.);
#4025 = VERTEX_POINT('',#4026);
#4026 = CARTESIAN_POINT('',(6.455,7.62,-11.));
#4027 = CIRCLE('',#4028,1.375);
#4028 = AXIS2_PLACEMENT_3D('',#4029,#4030,#4031);
#4029 = CARTESIAN_POINT('',(5.08,7.62,-11.));
#4030 = DIRECTION('',(0.,0.,1.));
#4031 = DIRECTION('',(1.,0.,-0.));
#4032 = ORIENTED_EDGE('',*,*,#4033,.F.);
#4033 = EDGE_CURVE('',#4034,#4025,#4036,.T.);
#4034 = VERTEX_POINT('',#4035);
#4035 = CARTESIAN_POINT('',(6.455,4.6,-11.));
#4036 = LINE('',#4037,#4038);
#4037 = CARTESIAN_POINT('',(6.455,-15.47,-11.));
#4038 = VECTOR('',#4039,1.);
#4039 = DIRECTION('',(-0.,1.,0.));
#4040 = ORIENTED_EDGE('',*,*,#4041,.F.);
#4041 = EDGE_CURVE('',#4015,#4034,#4042,.T.);
#4042 = LINE('',#4043,#4044);
#4043 = CARTESIAN_POINT('',(-21.,4.6,-11.));
#4044 = VECTOR('',#4045,1.);
#4045 = DIRECTION('',(1.,0.,-0.));
#4046 = FACE_BOUND('',#4047,.T.);
#4047 = EDGE_LOOP('',(#4048,#4059,#4068,#4077,#4086));
#4048 = ORIENTED_EDGE('',*,*,#4049,.F.);
#4049 = EDGE_CURVE('',#4050,#4052,#4054,.T.);
#4050 = VERTEX_POINT('',#4051);
#4051 = CARTESIAN_POINT('',(15.23805160779,-1.165001380449,-11.));
#4052 = VERTEX_POINT('',#4053);
#4053 = CARTESIAN_POINT('',(15.7,-4.163799117101E-16,-11.));
#4054 = CIRCLE('',#4055,1.7);
#4055 = AXIS2_PLACEMENT_3D('',#4056,#4057,#4058);
#4056 = CARTESIAN_POINT('',(14.,0.,-11.));
#4057 = DIRECTION('',(0.,0.,1.));
#4058 = DIRECTION('',(1.,0.,-0.));
#4059 = ORIENTED_EDGE('',*,*,#4060,.F.);
#4060 = EDGE_CURVE('',#4061,#4050,#4063,.T.);
#4061 = VERTEX_POINT('',#4062);
#4062 = CARTESIAN_POINT('',(14.157060919121,-1.692729118224,-11.));
#4063 = CIRCLE('',#4064,1.7);
#4064 = AXIS2_PLACEMENT_3D('',#4065,#4066,#4067);
#4065 = CARTESIAN_POINT('',(14.,0.,-11.));
#4066 = DIRECTION('',(0.,0.,1.));
#4067 = DIRECTION('',(1.,0.,-0.));
#4068 = ORIENTED_EDGE('',*,*,#4069,.F.);
#4069 = EDGE_CURVE('',#4070,#4061,#4072,.T.);
#4070 = VERTEX_POINT('',#4071);
#4071 = CARTESIAN_POINT('',(12.761947093215,1.165,-11.));
#4072 = CIRCLE('',#4073,1.7);
#4073 = AXIS2_PLACEMENT_3D('',#4074,#4075,#4076);
#4074 = CARTESIAN_POINT('',(14.,0.,-11.));
#4075 = DIRECTION('',(0.,0.,1.));
#4076 = DIRECTION('',(1.,0.,-0.));
#4077 = ORIENTED_EDGE('',*,*,#4078,.F.);
#4078 = EDGE_CURVE('',#4079,#4070,#4081,.T.);
#4079 = VERTEX_POINT('',#4080);
#4080 = CARTESIAN_POINT('',(15.238052906785,1.165,-11.));
#4081 = CIRCLE('',#4082,1.7);
#4082 = AXIS2_PLACEMENT_3D('',#4083,#4084,#4085);
#4083 = CARTESIAN_POINT('',(14.,0.,-11.));
#4084 = DIRECTION('',(0.,0.,1.));
#4085 = DIRECTION('',(1.,0.,-0.));
#4086 = ORIENTED_EDGE('',*,*,#4087,.F.);
#4087 = EDGE_CURVE('',#4052,#4079,#4088,.T.);
#4088 = CIRCLE('',#4089,1.7);
#4089 = AXIS2_PLACEMENT_3D('',#4090,#4091,#4092);
#4090 = CARTESIAN_POINT('',(14.,0.,-11.));
#4091 = DIRECTION('',(0.,0.,1.));
#4092 = DIRECTION('',(1.,0.,-0.));
#4093 = FACE_BOUND('',#4094,.T.);
#4094 = EDGE_LOOP('',(#4095,#4106,#4115,#4124,#4133));
#4095 = ORIENTED_EDGE('',*,*,#4096,.F.);
#4096 = EDGE_CURVE('',#4097,#4099,#4101,.T.);
#4097 = VERTEX_POINT('',#4098);
#4098 = CARTESIAN_POINT('',(-15.23805160779,1.165001380449,-11.));
#4099 = VERTEX_POINT('',#4100);
#4100 = CARTESIAN_POINT('',(-15.23805290678,-1.165,-11.));
#4101 = CIRCLE('',#4102,1.7);
#4102 = AXIS2_PLACEMENT_3D('',#4103,#4104,#4105);
#4103 = CARTESIAN_POINT('',(-14.,0.,-11.));
#4104 = DIRECTION('',(0.,0.,1.));
#4105 = DIRECTION('',(1.,0.,-0.));
#4106 = ORIENTED_EDGE('',*,*,#4107,.F.);
#4107 = EDGE_CURVE('',#4108,#4097,#4110,.T.);
#4108 = VERTEX_POINT('',#4109);
#4109 = CARTESIAN_POINT('',(-14.15706091912,1.692729118224,-11.));
#4110 = CIRCLE('',#4111,1.7);
#4111 = AXIS2_PLACEMENT_3D('',#4112,#4113,#4114);
#4112 = CARTESIAN_POINT('',(-14.,0.,-11.));
#4113 = DIRECTION('',(0.,0.,1.));
#4114 = DIRECTION('',(1.,0.,-0.));
#4115 = ORIENTED_EDGE('',*,*,#4116,.F.);
#4116 = EDGE_CURVE('',#4117,#4108,#4119,.T.);
#4117 = VERTEX_POINT('',#4118);
#4118 = CARTESIAN_POINT('',(-12.3,-4.163799117101E-16,-11.));
#4119 = CIRCLE('',#4120,1.7);
#4120 = AXIS2_PLACEMENT_3D('',#4121,#4122,#4123);
#4121 = CARTESIAN_POINT('',(-14.,0.,-11.));
#4122 = DIRECTION('',(0.,0.,1.));
#4123 = DIRECTION('',(1.,0.,-0.));
#4124 = ORIENTED_EDGE('',*,*,#4125,.F.);
#4125 = EDGE_CURVE('',#4126,#4117,#4128,.T.);
#4126 = VERTEX_POINT('',#4127);
#4127 = CARTESIAN_POINT('',(-12.76194709321,-1.165,-11.));
#4128 = CIRCLE('',#4129,1.7);
#4129 = AXIS2_PLACEMENT_3D('',#4130,#4131,#4132);
#4130 = CARTESIAN_POINT('',(-14.,0.,-11.));
#4131 = DIRECTION('',(0.,0.,1.));
#4132 = DIRECTION('',(1.,0.,-0.));
#4133 = ORIENTED_EDGE('',*,*,#4134,.F.);
#4134 = EDGE_CURVE('',#4099,#4126,#4135,.T.);
#4135 = CIRCLE('',#4136,1.7);
#4136 = AXIS2_PLACEMENT_3D('',#4137,#4138,#4139);
#4137 = CARTESIAN_POINT('',(-14.,0.,-11.));
#4138 = DIRECTION('',(0.,0.,1.));
#4139 = DIRECTION('',(1.,0.,-0.));
#4140 = FACE_BOUND('',#4141,.T.);
#4141 = EDGE_LOOP('',(#4142));
#4142 = ORIENTED_EDGE('',*,*,#4143,.F.);
#4143 = EDGE_CURVE('',#4144,#4144,#4146,.T.);
#4144 = VERTEX_POINT('',#4145);
#4145 = CARTESIAN_POINT('',(16.615,7.62,-11.));
#4146 = CIRCLE('',#4147,1.375);
#4147 = AXIS2_PLACEMENT_3D('',#4148,#4149,#4150);
#4148 = CARTESIAN_POINT('',(15.24,7.62,-11.));
#4149 = DIRECTION('',(0.,0.,1.));
#4150 = DIRECTION('',(1.,0.,-0.));
#4151 = FACE_BOUND('',#4152,.T.);
#4152 = EDGE_LOOP('',(#4153));
#4153 = ORIENTED_EDGE('',*,*,#4154,.F.);
#4154 = EDGE_CURVE('',#4155,#4155,#4157,.T.);
#4155 = VERTEX_POINT('',#4156);
#4156 = CARTESIAN_POINT('',(1.375,-7.62,-11.));
#4157 = CIRCLE('',#4158,1.375);
#4158 = AXIS2_PLACEMENT_3D('',#4159,#4160,#4161);
#4159 = CARTESIAN_POINT('',(7.105427357601E-15,-7.62,-11.));
#4160 = DIRECTION('',(0.,0.,1.));
#4161 = DIRECTION('',(1.,0.,-0.));
#4162 = FACE_BOUND('',#4163,.T.);
#4163 = EDGE_LOOP('',(#4164));
#4164 = ORIENTED_EDGE('',*,*,#4165,.F.);
#4165 = EDGE_CURVE('',#4166,#4166,#4168,.T.);
#4166 = VERTEX_POINT('',#4167);
#4167 = CARTESIAN_POINT('',(-29.105,-22.86,-11.));
#4168 = CIRCLE('',#4169,1.375);
#4169 = AXIS2_PLACEMENT_3D('',#4170,#4171,#4172);
#4170 = CARTESIAN_POINT('',(-30.48,-22.86,-11.));
#4171 = DIRECTION('',(0.,0.,1.));
#4172 = DIRECTION('',(1.,0.,-0.));
#4173 = FACE_BOUND('',#4174,.T.);
#4174 = EDGE_LOOP('',(#4175));
#4175 = ORIENTED_EDGE('',*,*,#4176,.F.);
#4176 = EDGE_CURVE('',#4177,#4177,#4179,.T.);
#4177 = VERTEX_POINT('',#4178);
#4178 = CARTESIAN_POINT('',(-13.865,7.62,-11.));
#4179 = CIRCLE('',#4180,1.375);
#4180 = AXIS2_PLACEMENT_3D('',#4181,#4182,#4183);
#4181 = CARTESIAN_POINT('',(-15.24,7.62,-11.));
#4182 = DIRECTION('',(0.,0.,1.));
#4183 = DIRECTION('',(1.,0.,-0.));
#4184 = FACE_BOUND('',#4185,.T.);
#4185 = EDGE_LOOP('',(#4186));
#4186 = ORIENTED_EDGE('',*,*,#4187,.F.);
#4187 = EDGE_CURVE('',#4188,#4188,#4190,.T.);
#4188 = VERTEX_POINT('',#4189);
#4189 = CARTESIAN_POINT('',(31.855,-22.86,-11.));
#4190 = CIRCLE('',#4191,1.375);
#4191 = AXIS2_PLACEMENT_3D('',#4192,#4193,#4194);
#4192 = CARTESIAN_POINT('',(30.48,-22.86,-11.));
#4193 = DIRECTION('',(0.,0.,1.));
#4194 = DIRECTION('',(1.,0.,-0.));
#4195 = FACE_BOUND('',#4196,.T.);
#4196 = EDGE_LOOP('',(#4197));
#4197 = ORIENTED_EDGE('',*,*,#4198,.F.);
#4198 = EDGE_CURVE('',#4199,#4199,#4201,.T.);
#4199 = VERTEX_POINT('',#4200);
#4200 = CARTESIAN_POINT('',(31.855,7.62,-11.));
#4201 = CIRCLE('',#4202,1.375);
#4202 = AXIS2_PLACEMENT_3D('',#4203,#4204,#4205);
#4203 = CARTESIAN_POINT('',(30.48,7.62,-11.));
#4204 = DIRECTION('',(0.,0.,1.));
#4205 = DIRECTION('',(1.,0.,-0.));
#4206 = FACE_BOUND('',#4207,.T.);
#4207 = EDGE_LOOP('',(#4208));
#4208 = ORIENTED_EDGE('',*,*,#4209,.F.);
#4209 = EDGE_CURVE('',#4210,#4210,#4212,.T.);
#4210 = VERTEX_POINT('',#4211);
#4211 = CARTESIAN_POINT('',(-13.865,-22.86,-11.));
#4212 = CIRCLE('',#4213,1.375);
#4213 = AXIS2_PLACEMENT_3D('',#4214,#4215,#4216);
#4214 = CARTESIAN_POINT('',(-15.24,-22.86,-11.));
#4215 = DIRECTION('',(0.,0.,1.));
#4216 = DIRECTION('',(1.,0.,-0.));
#4217 = FACE_BOUND('',#4218,.T.);
#4218 = EDGE_LOOP('',(#4219));
#4219 = ORIENTED_EDGE('',*,*,#4220,.F.);
#4220 = EDGE_CURVE('',#4221,#4221,#4223,.T.);
#4221 = VERTEX_POINT('',#4222);
#4222 = CARTESIAN_POINT('',(1.375,7.62,-11.));
#4223 = CIRCLE('',#4224,1.375);
#4224 = AXIS2_PLACEMENT_3D('',#4225,#4226,#4227);
#4225 = CARTESIAN_POINT('',(7.105427357601E-15,7.62,-11.));
#4226 = DIRECTION('',(0.,0.,1.));
#4227 = DIRECTION('',(1.,0.,-0.));
#4228 = FACE_BOUND('',#4229,.T.);
#4229 = EDGE_LOOP('',(#4230));
#4230 = ORIENTED_EDGE('',*,*,#4231,.F.);
#4231 = EDGE_CURVE('',#4232,#4232,#4234,.T.);
#4232 = VERTEX_POINT('',#4233);
#4233 = CARTESIAN_POINT('',(31.855,-7.62,-11.));
#4234 = CIRCLE('',#4235,1.375);
#4235 = AXIS2_PLACEMENT_3D('',#4236,#4237,#4238);
#4236 = CARTESIAN_POINT('',(30.48,-7.62,-11.));
#4237 = DIRECTION('',(0.,0.,1.));
#4238 = DIRECTION('',(1.,0.,-0.));
#4239 = FACE_BOUND('',#4240,.T.);
#4240 = EDGE_LOOP('',(#4241));
#4241 = ORIENTED_EDGE('',*,*,#4242,.F.);
#4242 = EDGE_CURVE('',#4243,#4243,#4245,.T.);
#4243 = VERTEX_POINT('',#4244);
#4244 = CARTESIAN_POINT('',(16.615,-22.86,-11.));
#4245 = CIRCLE('',#4246,1.375);
#4246 = AXIS2_PLACEMENT_3D('',#4247,#4248,#4249);
#4247 = CARTESIAN_POINT('',(15.24,-22.86,-11.));
#4248 = DIRECTION('',(0.,0.,1.));
#4249 = DIRECTION('',(1.,0.,-0.));
#4250 = FACE_BOUND('',#4251,.T.);
#4251 = EDGE_LOOP('',(#4252));
#4252 = ORIENTED_EDGE('',*,*,#4253,.F.);
#4253 = EDGE_CURVE('',#4254,#4254,#4256,.T.);
#4254 = VERTEX_POINT('',#4255);
#4255 = CARTESIAN_POINT('',(16.615,22.86,-11.));
#4256 = CIRCLE('',#4257,1.375);
#4257 = AXIS2_PLACEMENT_3D('',#4258,#4259,#4260);
#4258 = CARTESIAN_POINT('',(15.24,22.86,-11.));
#4259 = DIRECTION('',(0.,0.,1.));
#4260 = DIRECTION('',(1.,0.,-0.));
#4261 = FACE_BOUND('',#4262,.T.);
#4262 = EDGE_LOOP('',(#4263));
#4263 = ORIENTED_EDGE('',*,*,#4264,.F.);
#4264 = EDGE_CURVE('',#4265,#4265,#4267,.T.);
#4265 = VERTEX_POINT('',#4266);
#4266 = CARTESIAN_POINT('',(1.375,-22.86,-11.));
#4267 = CIRCLE('',#4268,1.375);
#4268 = AXIS2_PLACEMENT_3D('',#4269,#4270,#4271);
#4269 = CARTESIAN_POINT('',(7.105427357601E-15,-22.86,-11.));
#4270 = DIRECTION('',(0.,0.,1.));
#4271 = DIRECTION('',(1.,0.,-0.));
#4272 = FACE_BOUND('',#4273,.T.);
#4273 = EDGE_LOOP('',(#4274));
#4274 = ORIENTED_EDGE('',*,*,#4275,.F.);
#4275 = EDGE_CURVE('',#4276,#4276,#4278,.T.);
#4276 = VERTEX_POINT('',#4277);
#4277 = CARTESIAN_POINT('',(-29.105,22.86,-11.));
#4278 = CIRCLE('',#4279,1.375);
#4279 = AXIS2_PLACEMENT_3D('',#4280,#4281,#4282);
#4280 = CARTESIAN_POINT('',(-30.48,22.86,-11.));
#4281 = DIRECTION('',(0.,0.,1.));
#4282 = DIRECTION('',(1.,0.,-0.));
#4283 = FACE_BOUND('',#4284,.T.);
#4284 = EDGE_LOOP('',(#4285));
#4285 = ORIENTED_EDGE('',*,*,#4286,.F.);
#4286 = EDGE_CURVE('',#4287,#4287,#4289,.T.);
#4287 = VERTEX_POINT('',#4288);
#4288 = CARTESIAN_POINT('',(-29.105,7.62,-11.));
#4289 = CIRCLE('',#4290,1.375);
#4290 = AXIS2_PLACEMENT_3D('',#4291,#4292,#4293);
#4291 = CARTESIAN_POINT('',(-30.48,7.62,-11.));
#4292 = DIRECTION('',(0.,0.,1.));
#4293 = DIRECTION('',(1.,0.,-0.));
#4294 = FACE_BOUND('',#4295,.T.);
#4295 = EDGE_LOOP('',(#4296));
#4296 = ORIENTED_EDGE('',*,*,#4297,.F.);
#4297 = EDGE_CURVE('',#4298,#4298,#4300,.T.);
#4298 = VERTEX_POINT('',#4299);
#4299 = CARTESIAN_POINT('',(-13.865,22.86,-11.));
#4300 = CIRCLE('',#4301,1.375);
#4301 = AXIS2_PLACEMENT_3D('',#4302,#4303,#4304);
#4302 = CARTESIAN_POINT('',(-15.24,22.86,-11.));
#4303 = DIRECTION('',(0.,0.,1.));
#4304 = DIRECTION('',(1.,0.,-0.));
#4305 = FACE_BOUND('',#4306,.T.);
#4306 = EDGE_LOOP('',(#4307));
#4307 = ORIENTED_EDGE('',*,*,#4308,.F.);
#4308 = EDGE_CURVE('',#4309,#4309,#4311,.T.);
#4309 = VERTEX_POINT('',#4310);
#4310 = CARTESIAN_POINT('',(-13.865,-7.62,-11.));
#4311 = CIRCLE('',#4312,1.375);
#4312 = AXIS2_PLACEMENT_3D('',#4313,#4314,#4315);
#4313 = CARTESIAN_POINT('',(-15.24,-7.62,-11.));
#4314 = DIRECTION('',(0.,0.,1.));
#4315 = DIRECTION('',(1.,0.,-0.));
#4316 = FACE_BOUND('',#4317,.T.);
#4317 = EDGE_LOOP('',(#4318));
#4318 = ORIENTED_EDGE('',*,*,#4319,.F.);
#4319 = EDGE_CURVE('',#4320,#4320,#4322,.T.);
#4320 = VERTEX_POINT('',#4321);
#4321 = CARTESIAN_POINT('',(31.855,22.86,-11.));
#4322 = CIRCLE('',#4323,1.375);
#4323 = AXIS2_PLACEMENT_3D('',#4324,#4325,#4326);
#4324 = CARTESIAN_POINT('',(30.48,22.86,-11.));
#4325 = DIRECTION('',(0.,0.,1.));
#4326 = DIRECTION('',(1.,0.,-0.));
#4327 = FACE_BOUND('',#4328,.T.);
#4328 = EDGE_LOOP('',(#4329));
#4329 = ORIENTED_EDGE('',*,*,#4330,.F.);
#4330 = EDGE_CURVE('',#4331,#4331,#4333,.T.);
#4331 = VERTEX_POINT('',#4332);
#4332 = CARTESIAN_POINT('',(-29.105,-7.62,-11.));
#4333 = CIRCLE('',#4334,1.375);
#4334 = AXIS2_PLACEMENT_3D('',#4335,#4336,#4337);
#4335 = CARTESIAN_POINT('',(-30.48,-7.62,-11.));
#4336 = DIRECTION('',(0.,0.,1.));
#4337 = DIRECTION('',(1.,0.,-0.));
#4338 = FACE_BOUND('',#4339,.T.);
#4339 = EDGE_LOOP('',(#4340));
#4340 = ORIENTED_EDGE('',*,*,#4341,.F.);
#4341 = EDGE_CURVE('',#4342,#4342,#4344,.T.);
#4342 = VERTEX_POINT('',#4343);
#4343 = CARTESIAN_POINT('',(16.615,-7.62,-11.));
#4344 = CIRCLE('',#4345,1.375);
#4345 = AXIS2_PLACEMENT_3D('',#4346,#4347,#4348);
#4346 = CARTESIAN_POINT('',(15.24,-7.62,-11.));
#4347 = DIRECTION('',(0.,0.,1.));
#4348 = DIRECTION('',(1.,0.,-0.));
#4349 = FACE_BOUND('',#4350,.T.);
#4350 = EDGE_LOOP('',(#4351));
#4351 = ORIENTED_EDGE('',*,*,#4352,.F.);
#4352 = EDGE_CURVE('',#4353,#4353,#4355,.T.);
#4353 = VERTEX_POINT('',#4354);
#4354 = CARTESIAN_POINT('',(1.375,22.86,-11.));
#4355 = CIRCLE('',#4356,1.375);
#4356 = AXIS2_PLACEMENT_3D('',#4357,#4358,#4359);
#4357 = CARTESIAN_POINT('',(7.105427357601E-15,22.86,-11.));
#4358 = DIRECTION('',(0.,0.,1.));
#4359 = DIRECTION('',(1.,0.,-0.));
#4360 = FACE_BOUND('',#4361,.T.);
#4361 = EDGE_LOOP('',(#4362,#4373));
#4362 = ORIENTED_EDGE('',*,*,#4363,.F.);
#4363 = EDGE_CURVE('',#4364,#4366,#4368,.T.);
#4364 = VERTEX_POINT('',#4365);
#4365 = CARTESIAN_POINT('',(-21.,3.735083679079,-11.));
#4366 = VERTEX_POINT('',#4367);
#4367 = CARTESIAN_POINT('',(-21.,1.344916320921,-11.));
#4368 = CIRCLE('',#4369,1.375);
#4369 = AXIS2_PLACEMENT_3D('',#4370,#4371,#4372);
#4370 = CARTESIAN_POINT('',(-20.32,2.54,-11.));
#4371 = DIRECTION('',(0.,0.,1.));
#4372 = DIRECTION('',(1.,0.,-0.));
#4373 = ORIENTED_EDGE('',*,*,#4374,.F.);
#4374 = EDGE_CURVE('',#4366,#4364,#4375,.T.);
#4375 = LINE('',#4376,#4377);
#4376 = CARTESIAN_POINT('',(-21.,-4.6,-11.));
#4377 = VECTOR('',#4378,1.);
#4378 = DIRECTION('',(-0.,1.,0.));
#4379 = FACE_BOUND('',#4380,.T.);
#4380 = EDGE_LOOP('',(#4381,#4392,#4400));
#4381 = ORIENTED_EDGE('',*,*,#4382,.F.);
#4382 = EDGE_CURVE('',#4383,#4385,#4387,.T.);
#4383 = VERTEX_POINT('',#4384);
#4384 = CARTESIAN_POINT('',(21.,-3.735083679079,-11.));
#4385 = VERTEX_POINT('',#4386);
#4386 = CARTESIAN_POINT('',(21.695,-2.54,-11.));
#4387 = CIRCLE('',#4388,1.375);
#4388 = AXIS2_PLACEMENT_3D('',#4389,#4390,#4391);
#4389 = CARTESIAN_POINT('',(20.32,-2.54,-11.));
#4390 = DIRECTION('',(0.,0.,1.));
#4391 = DIRECTION('',(1.,0.,-0.));
#4392 = ORIENTED_EDGE('',*,*,#4393,.T.);
#4393 = EDGE_CURVE('',#4383,#4394,#4396,.T.);
#4394 = VERTEX_POINT('',#4395);
#4395 = CARTESIAN_POINT('',(21.,-1.344916320921,-11.));
#4396 = LINE('',#4397,#4398);
#4397 = CARTESIAN_POINT('',(21.,-4.6,-11.));
#4398 = VECTOR('',#4399,1.);
#4399 = DIRECTION('',(-0.,1.,0.));
#4400 = ORIENTED_EDGE('',*,*,#4401,.F.);
#4401 = EDGE_CURVE('',#4385,#4394,#4402,.T.);
#4402 = CIRCLE('',#4403,1.375);
#4403 = AXIS2_PLACEMENT_3D('',#4404,#4405,#4406);
#4404 = CARTESIAN_POINT('',(20.32,-2.54,-11.));
#4405 = DIRECTION('',(0.,0.,1.));
#4406 = DIRECTION('',(1.,0.,-0.));
#4407 = PLANE('',#4408);
#4408 = AXIS2_PLACEMENT_3D('',#4409,#4410,#4411);
#4409 = CARTESIAN_POINT('',(-41.1,-33.48,-11.));
#4410 = DIRECTION('',(0.,0.,1.));
#4411 = DIRECTION('',(1.,0.,-0.));
#4412 = ADVANCED_FACE('',(#4413),#4439,.F.);
#4413 = FACE_BOUND('',#4414,.F.);
#4414 = EDGE_LOOP('',(#4415,#4416,#4424,#4433));
#4415 = ORIENTED_EDGE('',*,*,#1051,.F.);
#4416 = ORIENTED_EDGE('',*,*,#4417,.F.);
#4417 = EDGE_CURVE('',#4418,#1052,#4420,.T.);
#4418 = VERTEX_POINT('',#4419);
#4419 = CARTESIAN_POINT('',(30.48,29.315,-15.));
#4420 = LINE('',#4421,#4422);
#4421 = CARTESIAN_POINT('',(30.48,29.315,-16.));
#4422 = VECTOR('',#4423,1.);
#4423 = DIRECTION('',(0.,0.,1.));
#4424 = ORIENTED_EDGE('',*,*,#4425,.T.);
#4425 = EDGE_CURVE('',#4418,#4426,#4428,.T.);
#4426 = VERTEX_POINT('',#4427);
#4427 = CARTESIAN_POINT('',(30.48,26.565,-15.));
#4428 = CIRCLE('',#4429,1.375);
#4429 = AXIS2_PLACEMENT_3D('',#4430,#4431,#4432);
#4430 = CARTESIAN_POINT('',(30.48,27.94,-15.));
#4431 = DIRECTION('',(0.,0.,1.));
#4432 = DIRECTION('',(1.,0.,-0.));
#4433 = ORIENTED_EDGE('',*,*,#4434,.T.);
#4434 = EDGE_CURVE('',#4426,#1054,#4435,.T.);
#4435 = LINE('',#4436,#4437);
#4436 = CARTESIAN_POINT('',(30.48,26.565,-16.));
#4437 = VECTOR('',#4438,1.);
#4438 = DIRECTION('',(0.,0.,1.));
#4439 = CYLINDRICAL_SURFACE('',#4440,1.375);
#4440 = AXIS2_PLACEMENT_3D('',#4441,#4442,#4443);
#4441 = CARTESIAN_POINT('',(30.48,27.94,-16.));
#4442 = DIRECTION('',(0.,0.,1.));
#4443 = DIRECTION('',(1.,0.,-0.));
#4444 = ADVANCED_FACE('',(#4445),#4463,.F.);
#4445 = FACE_BOUND('',#4446,.F.);
#4446 = EDGE_LOOP('',(#4447,#4455,#4456,#4457));
#4447 = ORIENTED_EDGE('',*,*,#4448,.T.);
#4448 = EDGE_CURVE('',#4449,#4418,#4451,.T.);
#4449 = VERTEX_POINT('',#4450);
#4450 = CARTESIAN_POINT('',(35.56,29.315,-15.));
#4451 = LINE('',#4452,#4453);
#4452 = CARTESIAN_POINT('',(-5.31,29.315,-15.));
#4453 = VECTOR('',#4454,1.);
#4454 = DIRECTION('',(-1.,-0.,0.));
#4455 = ORIENTED_EDGE('',*,*,#4417,.T.);
#4456 = ORIENTED_EDGE('',*,*,#1062,.F.);
#4457 = ORIENTED_EDGE('',*,*,#4458,.F.);
#4458 = EDGE_CURVE('',#4449,#1063,#4459,.T.);
#4459 = LINE('',#4460,#4461);
#4460 = CARTESIAN_POINT('',(35.56,29.315,-16.));
#4461 = VECTOR('',#4462,1.);
#4462 = DIRECTION('',(0.,0.,1.));
#4463 = PLANE('',#4464);
#4464 = AXIS2_PLACEMENT_3D('',#4465,#4466,#4467);
#4465 = CARTESIAN_POINT('',(30.48,29.315,-16.));
#4466 = DIRECTION('',(-0.,1.,0.));
#4467 = DIRECTION('',(0.,0.,1.));
#4468 = ADVANCED_FACE('',(#4469),#4487,.T.);
#4469 = FACE_BOUND('',#4470,.T.);
#4470 = EDGE_LOOP('',(#4471,#4479,#4480,#4481));
#4471 = ORIENTED_EDGE('',*,*,#4472,.T.);
#4472 = EDGE_CURVE('',#4473,#4426,#4475,.T.);
#4473 = VERTEX_POINT('',#4474);
#4474 = CARTESIAN_POINT('',(35.56,26.565,-15.));
#4475 = LINE('',#4476,#4477);
#4476 = CARTESIAN_POINT('',(-5.31,26.565,-15.));
#4477 = VECTOR('',#4478,1.);
#4478 = DIRECTION('',(-1.,-0.,0.));
#4479 = ORIENTED_EDGE('',*,*,#4434,.T.);
#4480 = ORIENTED_EDGE('',*,*,#1088,.F.);
#4481 = ORIENTED_EDGE('',*,*,#4482,.F.);
#4482 = EDGE_CURVE('',#4473,#1080,#4483,.T.);
#4483 = LINE('',#4484,#4485);
#4484 = CARTESIAN_POINT('',(35.56,26.565,-16.));
#4485 = VECTOR('',#4486,1.);
#4486 = DIRECTION('',(0.,0.,1.));
#4487 = PLANE('',#4488);
#4488 = AXIS2_PLACEMENT_3D('',#4489,#4490,#4491);
#4489 = CARTESIAN_POINT('',(30.48,26.565,-16.));
#4490 = DIRECTION('',(-0.,1.,0.));
#4491 = DIRECTION('',(0.,0.,1.));
#4492 = ADVANCED_FACE('',(#4493),#4519,.F.);
#4493 = FACE_BOUND('',#4494,.F.);
#4494 = EDGE_LOOP('',(#4495,#4496,#4504,#4513));
#4495 = ORIENTED_EDGE('',*,*,#1096,.F.);
#4496 = ORIENTED_EDGE('',*,*,#4497,.F.);
#4497 = EDGE_CURVE('',#4498,#1097,#4500,.T.);
#4498 = VERTEX_POINT('',#4499);
#4499 = CARTESIAN_POINT('',(30.48,-1.165,-15.));
#4500 = LINE('',#4501,#4502);
#4501 = CARTESIAN_POINT('',(30.48,-1.165,-16.));
#4502 = VECTOR('',#4503,1.);
#4503 = DIRECTION('',(0.,0.,1.));
#4504 = ORIENTED_EDGE('',*,*,#4505,.T.);
#4505 = EDGE_CURVE('',#4498,#4506,#4508,.T.);
#4506 = VERTEX_POINT('',#4507);
#4507 = CARTESIAN_POINT('',(30.48,-3.915,-15.));
#4508 = CIRCLE('',#4509,1.375);
#4509 = AXIS2_PLACEMENT_3D('',#4510,#4511,#4512);
#4510 = CARTESIAN_POINT('',(30.48,-2.54,-15.));
#4511 = DIRECTION('',(0.,0.,1.));
#4512 = DIRECTION('',(1.,0.,-0.));
#4513 = ORIENTED_EDGE('',*,*,#4514,.T.);
#4514 = EDGE_CURVE('',#4506,#1099,#4515,.T.);
#4515 = LINE('',#4516,#4517);
#4516 = CARTESIAN_POINT('',(30.48,-3.915,-16.));
#4517 = VECTOR('',#4518,1.);
#4518 = DIRECTION('',(0.,0.,1.));
#4519 = CYLINDRICAL_SURFACE('',#4520,1.375);
#4520 = AXIS2_PLACEMENT_3D('',#4521,#4522,#4523);
#4521 = CARTESIAN_POINT('',(30.48,-2.54,-16.));
#4522 = DIRECTION('',(0.,0.,1.));
#4523 = DIRECTION('',(1.,0.,-0.));
#4524 = ADVANCED_FACE('',(#4525),#4543,.F.);
#4525 = FACE_BOUND('',#4526,.F.);
#4526 = EDGE_LOOP('',(#4527,#4535,#4536,#4537));
#4527 = ORIENTED_EDGE('',*,*,#4528,.T.);
#4528 = EDGE_CURVE('',#4529,#4498,#4531,.T.);
#4529 = VERTEX_POINT('',#4530);
#4530 = CARTESIAN_POINT('',(35.56,-1.165,-15.));
#4531 = LINE('',#4532,#4533);
#4532 = CARTESIAN_POINT('',(-5.31,-1.165,-15.));
#4533 = VECTOR('',#4534,1.);
#4534 = DIRECTION('',(-1.,-0.,0.));
#4535 = ORIENTED_EDGE('',*,*,#4497,.T.);
#4536 = ORIENTED_EDGE('',*,*,#1107,.F.);
#4537 = ORIENTED_EDGE('',*,*,#4538,.F.);
#4538 = EDGE_CURVE('',#4529,#1108,#4539,.T.);
#4539 = LINE('',#4540,#4541);
#4540 = CARTESIAN_POINT('',(35.56,-1.165,-16.));
#4541 = VECTOR('',#4542,1.);
#4542 = DIRECTION('',(0.,0.,1.));
#4543 = PLANE('',#4544);
#4544 = AXIS2_PLACEMENT_3D('',#4545,#4546,#4547);
#4545 = CARTESIAN_POINT('',(30.48,-1.165,-16.));
#4546 = DIRECTION('',(-0.,1.,0.));
#4547 = DIRECTION('',(0.,0.,1.));
#4548 = ADVANCED_FACE('',(#4549),#4567,.T.);
#4549 = FACE_BOUND('',#4550,.T.);
#4550 = EDGE_LOOP('',(#4551,#4559,#4560,#4561));
#4551 = ORIENTED_EDGE('',*,*,#4552,.T.);
#4552 = EDGE_CURVE('',#4553,#4506,#4555,.T.);
#4553 = VERTEX_POINT('',#4554);
#4554 = CARTESIAN_POINT('',(35.56,-3.915,-15.));
#4555 = LINE('',#4556,#4557);
#4556 = CARTESIAN_POINT('',(-5.31,-3.915,-15.));
#4557 = VECTOR('',#4558,1.);
#4558 = DIRECTION('',(-1.,-0.,0.));
#4559 = ORIENTED_EDGE('',*,*,#4514,.T.);
#4560 = ORIENTED_EDGE('',*,*,#1133,.F.);
#4561 = ORIENTED_EDGE('',*,*,#4562,.F.);
#4562 = EDGE_CURVE('',#4553,#1125,#4563,.T.);
#4563 = LINE('',#4564,#4565);
#4564 = CARTESIAN_POINT('',(35.56,-3.915,-16.));
#4565 = VECTOR('',#4566,1.);
#4566 = DIRECTION('',(0.,0.,1.));
#4567 = PLANE('',#4568);
#4568 = AXIS2_PLACEMENT_3D('',#4569,#4570,#4571);
#4569 = CARTESIAN_POINT('',(30.48,-3.915,-16.));
#4570 = DIRECTION('',(-0.,1.,0.));
#4571 = DIRECTION('',(0.,0.,1.));
#4572 = ADVANCED_FACE('',(#4573),#4599,.F.);
#4573 = FACE_BOUND('',#4574,.F.);
#4574 = EDGE_LOOP('',(#4575,#4576,#4584,#4593));
#4575 = ORIENTED_EDGE('',*,*,#1141,.F.);
#4576 = ORIENTED_EDGE('',*,*,#4577,.F.);
#4577 = EDGE_CURVE('',#4578,#1142,#4580,.T.);
#4578 = VERTEX_POINT('',#4579);
#4579 = CARTESIAN_POINT('',(30.48,14.075,-15.));
#4580 = LINE('',#4581,#4582);
#4581 = CARTESIAN_POINT('',(30.48,14.075,-16.));
#4582 = VECTOR('',#4583,1.);
#4583 = DIRECTION('',(0.,0.,1.));
#4584 = ORIENTED_EDGE('',*,*,#4585,.T.);
#4585 = EDGE_CURVE('',#4578,#4586,#4588,.T.);
#4586 = VERTEX_POINT('',#4587);
#4587 = CARTESIAN_POINT('',(30.48,11.325,-15.));
#4588 = CIRCLE('',#4589,1.375);
#4589 = AXIS2_PLACEMENT_3D('',#4590,#4591,#4592);
#4590 = CARTESIAN_POINT('',(30.48,12.7,-15.));
#4591 = DIRECTION('',(0.,0.,1.));
#4592 = DIRECTION('',(1.,0.,-0.));
#4593 = ORIENTED_EDGE('',*,*,#4594,.T.);
#4594 = EDGE_CURVE('',#4586,#1144,#4595,.T.);
#4595 = LINE('',#4596,#4597);
#4596 = CARTESIAN_POINT('',(30.48,11.325,-16.));
#4597 = VECTOR('',#4598,1.);
#4598 = DIRECTION('',(0.,0.,1.));
#4599 = CYLINDRICAL_SURFACE('',#4600,1.375);
#4600 = AXIS2_PLACEMENT_3D('',#4601,#4602,#4603);
#4601 = CARTESIAN_POINT('',(30.48,12.7,-16.));
#4602 = DIRECTION('',(0.,0.,1.));
#4603 = DIRECTION('',(1.,0.,-0.));
#4604 = ADVANCED_FACE('',(#4605),#4623,.F.);
#4605 = FACE_BOUND('',#4606,.F.);
#4606 = EDGE_LOOP('',(#4607,#4615,#4616,#4617));
#4607 = ORIENTED_EDGE('',*,*,#4608,.T.);
#4608 = EDGE_CURVE('',#4609,#4578,#4611,.T.);
#4609 = VERTEX_POINT('',#4610);
#4610 = CARTESIAN_POINT('',(35.56,14.075,-15.));
#4611 = LINE('',#4612,#4613);
#4612 = CARTESIAN_POINT('',(-5.31,14.075,-15.));
#4613 = VECTOR('',#4614,1.);
#4614 = DIRECTION('',(-1.,-0.,0.));
#4615 = ORIENTED_EDGE('',*,*,#4577,.T.);
#4616 = ORIENTED_EDGE('',*,*,#1152,.F.);
#4617 = ORIENTED_EDGE('',*,*,#4618,.F.);
#4618 = EDGE_CURVE('',#4609,#1153,#4619,.T.);
#4619 = LINE('',#4620,#4621);
#4620 = CARTESIAN_POINT('',(35.56,14.075,-16.));
#4621 = VECTOR('',#4622,1.);
#4622 = DIRECTION('',(0.,0.,1.));
#4623 = PLANE('',#4624);
#4624 = AXIS2_PLACEMENT_3D('',#4625,#4626,#4627);
#4625 = CARTESIAN_POINT('',(30.48,14.075,-16.));
#4626 = DIRECTION('',(-0.,1.,0.));
#4627 = DIRECTION('',(0.,0.,1.));
#4628 = ADVANCED_FACE('',(#4629),#4647,.T.);
#4629 = FACE_BOUND('',#4630,.T.);
#4630 = EDGE_LOOP('',(#4631,#4639,#4640,#4641));
#4631 = ORIENTED_EDGE('',*,*,#4632,.T.);
#4632 = EDGE_CURVE('',#4633,#4586,#4635,.T.);
#4633 = VERTEX_POINT('',#4634);
#4634 = CARTESIAN_POINT('',(35.56,11.325,-15.));
#4635 = LINE('',#4636,#4637);
#4636 = CARTESIAN_POINT('',(-5.31,11.325,-15.));
#4637 = VECTOR('',#4638,1.);
#4638 = DIRECTION('',(-1.,-0.,0.));
#4639 = ORIENTED_EDGE('',*,*,#4594,.T.);
#4640 = ORIENTED_EDGE('',*,*,#1178,.F.);
#4641 = ORIENTED_EDGE('',*,*,#4642,.F.);
#4642 = EDGE_CURVE('',#4633,#1170,#4643,.T.);
#4643 = LINE('',#4644,#4645);
#4644 = CARTESIAN_POINT('',(35.56,11.325,-16.));
#4645 = VECTOR('',#4646,1.);
#4646 = DIRECTION('',(0.,0.,1.));
#4647 = PLANE('',#4648);
#4648 = AXIS2_PLACEMENT_3D('',#4649,#4650,#4651);
#4649 = CARTESIAN_POINT('',(30.48,11.325,-16.));
#4650 = DIRECTION('',(-0.,1.,0.));
#4651 = DIRECTION('',(0.,0.,1.));
#4652 = ADVANCED_FACE('',(#4653),#4679,.F.);
#4653 = FACE_BOUND('',#4654,.F.);
#4654 = EDGE_LOOP('',(#4655,#4656,#4664,#4673));
#4655 = ORIENTED_EDGE('',*,*,#1186,.F.);
#4656 = ORIENTED_EDGE('',*,*,#4657,.F.);
#4657 = EDGE_CURVE('',#4658,#1187,#4660,.T.);
#4658 = VERTEX_POINT('',#4659);
#4659 = CARTESIAN_POINT('',(30.48,-16.405,-15.));
#4660 = LINE('',#4661,#4662);
#4661 = CARTESIAN_POINT('',(30.48,-16.405,-16.));
#4662 = VECTOR('',#4663,1.);
#4663 = DIRECTION('',(0.,0.,1.));
#4664 = ORIENTED_EDGE('',*,*,#4665,.T.);
#4665 = EDGE_CURVE('',#4658,#4666,#4668,.T.);
#4666 = VERTEX_POINT('',#4667);
#4667 = CARTESIAN_POINT('',(30.48,-19.155,-15.));
#4668 = CIRCLE('',#4669,1.375);
#4669 = AXIS2_PLACEMENT_3D('',#4670,#4671,#4672);
#4670 = CARTESIAN_POINT('',(30.48,-17.78,-15.));
#4671 = DIRECTION('',(0.,0.,1.));
#4672 = DIRECTION('',(1.,0.,-0.));
#4673 = ORIENTED_EDGE('',*,*,#4674,.T.);
#4674 = EDGE_CURVE('',#4666,#1189,#4675,.T.);
#4675 = LINE('',#4676,#4677);
#4676 = CARTESIAN_POINT('',(30.48,-19.155,-16.));
#4677 = VECTOR('',#4678,1.);
#4678 = DIRECTION('',(0.,0.,1.));
#4679 = CYLINDRICAL_SURFACE('',#4680,1.375);
#4680 = AXIS2_PLACEMENT_3D('',#4681,#4682,#4683);
#4681 = CARTESIAN_POINT('',(30.48,-17.78,-16.));
#4682 = DIRECTION('',(0.,0.,1.));
#4683 = DIRECTION('',(1.,0.,-0.));
#4684 = ADVANCED_FACE('',(#4685),#4703,.F.);
#4685 = FACE_BOUND('',#4686,.F.);
#4686 = EDGE_LOOP('',(#4687,#4695,#4696,#4697));
#4687 = ORIENTED_EDGE('',*,*,#4688,.T.);
#4688 = EDGE_CURVE('',#4689,#4658,#4691,.T.);
#4689 = VERTEX_POINT('',#4690);
#4690 = CARTESIAN_POINT('',(35.56,-16.405,-15.));
#4691 = LINE('',#4692,#4693);
#4692 = CARTESIAN_POINT('',(-5.31,-16.405,-15.));
#4693 = VECTOR('',#4694,1.);
#4694 = DIRECTION('',(-1.,-0.,0.));
#4695 = ORIENTED_EDGE('',*,*,#4657,.T.);
#4696 = ORIENTED_EDGE('',*,*,#1197,.F.);
#4697 = ORIENTED_EDGE('',*,*,#4698,.F.);
#4698 = EDGE_CURVE('',#4689,#1198,#4699,.T.);
#4699 = LINE('',#4700,#4701);
#4700 = CARTESIAN_POINT('',(35.56,-16.405,-16.));
#4701 = VECTOR('',#4702,1.);
#4702 = DIRECTION('',(0.,0.,1.));
#4703 = PLANE('',#4704);
#4704 = AXIS2_PLACEMENT_3D('',#4705,#4706,#4707);
#4705 = CARTESIAN_POINT('',(30.48,-16.405,-16.));
#4706 = DIRECTION('',(-0.,1.,0.));
#4707 = DIRECTION('',(0.,0.,1.));
#4708 = ADVANCED_FACE('',(#4709),#4727,.T.);
#4709 = FACE_BOUND('',#4710,.T.);
#4710 = EDGE_LOOP('',(#4711,#4719,#4720,#4721));
#4711 = ORIENTED_EDGE('',*,*,#4712,.T.);
#4712 = EDGE_CURVE('',#4713,#4666,#4715,.T.);
#4713 = VERTEX_POINT('',#4714);
#4714 = CARTESIAN_POINT('',(35.56,-19.155,-15.));
#4715 = LINE('',#4716,#4717);
#4716 = CARTESIAN_POINT('',(-5.31,-19.155,-15.));
#4717 = VECTOR('',#4718,1.);
#4718 = DIRECTION('',(-1.,-0.,0.));
#4719 = ORIENTED_EDGE('',*,*,#4674,.T.);
#4720 = ORIENTED_EDGE('',*,*,#1223,.F.);
#4721 = ORIENTED_EDGE('',*,*,#4722,.F.);
#4722 = EDGE_CURVE('',#4713,#1215,#4723,.T.);
#4723 = LINE('',#4724,#4725);
#4724 = CARTESIAN_POINT('',(35.56,-19.155,-16.));
#4725 = VECTOR('',#4726,1.);
#4726 = DIRECTION('',(0.,0.,1.));
#4727 = PLANE('',#4728);
#4728 = AXIS2_PLACEMENT_3D('',#4729,#4730,#4731);
#4729 = CARTESIAN_POINT('',(30.48,-19.155,-16.));
#4730 = DIRECTION('',(-0.,1.,0.));
#4731 = DIRECTION('',(0.,0.,1.));
#4732 = ADVANCED_FACE('',(#4733),#4759,.F.);
#4733 = FACE_BOUND('',#4734,.F.);
#4734 = EDGE_LOOP('',(#4735,#4736,#4744,#4753));
#4735 = ORIENTED_EDGE('',*,*,#1231,.F.);
#4736 = ORIENTED_EDGE('',*,*,#4737,.F.);
#4737 = EDGE_CURVE('',#4738,#1232,#4740,.T.);
#4738 = VERTEX_POINT('',#4739);
#4739 = CARTESIAN_POINT('',(26.775,27.94,-15.));
#4740 = LINE('',#4741,#4742);
#4741 = CARTESIAN_POINT('',(26.775,27.94,-16.));
#4742 = VECTOR('',#4743,1.);
#4743 = DIRECTION('',(0.,0.,1.));
#4744 = ORIENTED_EDGE('',*,*,#4745,.T.);
#4745 = EDGE_CURVE('',#4738,#4746,#4748,.T.);
#4746 = VERTEX_POINT('',#4747);
#4747 = CARTESIAN_POINT('',(24.025,27.94,-15.));
#4748 = CIRCLE('',#4749,1.375);
#4749 = AXIS2_PLACEMENT_3D('',#4750,#4751,#4752);
#4750 = CARTESIAN_POINT('',(25.4,27.94,-15.));
#4751 = DIRECTION('',(0.,0.,1.));
#4752 = DIRECTION('',(1.,0.,-0.));
#4753 = ORIENTED_EDGE('',*,*,#4754,.T.);
#4754 = EDGE_CURVE('',#4746,#1234,#4755,.T.);
#4755 = LINE('',#4756,#4757);
#4756 = CARTESIAN_POINT('',(24.025,27.94,-16.));
#4757 = VECTOR('',#4758,1.);
#4758 = DIRECTION('',(0.,0.,1.));
#4759 = CYLINDRICAL_SURFACE('',#4760,1.375);
#4760 = AXIS2_PLACEMENT_3D('',#4761,#4762,#4763);
#4761 = CARTESIAN_POINT('',(25.4,27.94,-16.));
#4762 = DIRECTION('',(0.,0.,1.));
#4763 = DIRECTION('',(1.,0.,-0.));
#4764 = ADVANCED_FACE('',(#4765),#4783,.F.);
#4765 = FACE_BOUND('',#4766,.F.);
#4766 = EDGE_LOOP('',(#4767,#4775,#4781,#4782));
#4767 = ORIENTED_EDGE('',*,*,#4768,.F.);
#4768 = EDGE_CURVE('',#4769,#1243,#4771,.T.);
#4769 = VERTEX_POINT('',#4770);
#4770 = CARTESIAN_POINT('',(26.775,22.86,-15.));
#4771 = LINE('',#4772,#4773);
#4772 = CARTESIAN_POINT('',(26.775,22.86,-16.));
#4773 = VECTOR('',#4774,1.);
#4774 = DIRECTION('',(0.,0.,1.));
#4775 = ORIENTED_EDGE('',*,*,#4776,.T.);
#4776 = EDGE_CURVE('',#4769,#4738,#4777,.T.);
#4777 = LINE('',#4778,#4779);
#4778 = CARTESIAN_POINT('',(26.775,-5.31,-15.));
#4779 = VECTOR('',#4780,1.);
#4780 = DIRECTION('',(-0.,1.,0.));
#4781 = ORIENTED_EDGE('',*,*,#4737,.T.);
#4782 = ORIENTED_EDGE('',*,*,#1242,.F.);
#4783 = PLANE('',#4784);
#4784 = AXIS2_PLACEMENT_3D('',#4785,#4786,#4787);
#4785 = CARTESIAN_POINT('',(26.775,22.86,-16.));
#4786 = DIRECTION('',(1.,0.,-0.));
#4787 = DIRECTION('',(0.,0.,1.));
#4788 = ADVANCED_FACE('',(#4789),#4807,.T.);
#4789 = FACE_BOUND('',#4790,.T.);
#4790 = EDGE_LOOP('',(#4791,#4799,#4805,#4806));
#4791 = ORIENTED_EDGE('',*,*,#4792,.F.);
#4792 = EDGE_CURVE('',#4793,#1251,#4795,.T.);
#4793 = VERTEX_POINT('',#4794);
#4794 = CARTESIAN_POINT('',(24.025,22.86,-15.));
#4795 = LINE('',#4796,#4797);
#4796 = CARTESIAN_POINT('',(24.025,22.86,-16.));
#4797 = VECTOR('',#4798,1.);
#4798 = DIRECTION('',(0.,0.,1.));
#4799 = ORIENTED_EDGE('',*,*,#4800,.T.);
#4800 = EDGE_CURVE('',#4793,#4746,#4801,.T.);
#4801 = LINE('',#4802,#4803);
#4802 = CARTESIAN_POINT('',(24.025,-5.31,-15.));
#4803 = VECTOR('',#4804,1.);
#4804 = DIRECTION('',(-0.,1.,0.));
#4805 = ORIENTED_EDGE('',*,*,#4754,.T.);
#4806 = ORIENTED_EDGE('',*,*,#1259,.F.);
#4807 = PLANE('',#4808);
#4808 = AXIS2_PLACEMENT_3D('',#4809,#4810,#4811);
#4809 = CARTESIAN_POINT('',(24.025,22.86,-16.));
#4810 = DIRECTION('',(1.,0.,-0.));
#4811 = DIRECTION('',(0.,0.,1.));
#4812 = ADVANCED_FACE('',(#4813),#4825,.F.);
#4813 = FACE_BOUND('',#4814,.F.);
#4814 = EDGE_LOOP('',(#4815,#4816,#4817,#4818));
#4815 = ORIENTED_EDGE('',*,*,#4768,.T.);
#4816 = ORIENTED_EDGE('',*,*,#1250,.F.);
#4817 = ORIENTED_EDGE('',*,*,#4792,.F.);
#4818 = ORIENTED_EDGE('',*,*,#4819,.T.);
#4819 = EDGE_CURVE('',#4793,#4769,#4820,.T.);
#4820 = CIRCLE('',#4821,1.375);
#4821 = AXIS2_PLACEMENT_3D('',#4822,#4823,#4824);
#4822 = CARTESIAN_POINT('',(25.4,22.86,-15.));
#4823 = DIRECTION('',(0.,0.,1.));
#4824 = DIRECTION('',(1.,0.,-0.));
#4825 = CYLINDRICAL_SURFACE('',#4826,1.375);
#4826 = AXIS2_PLACEMENT_3D('',#4827,#4828,#4829);
#4827 = CARTESIAN_POINT('',(25.4,22.86,-16.));
#4828 = DIRECTION('',(0.,0.,1.));
#4829 = DIRECTION('',(1.,0.,-0.));
#4830 = ADVANCED_FACE('',(#4831),#4857,.F.);
#4831 = FACE_BOUND('',#4832,.F.);
#4832 = EDGE_LOOP('',(#4833,#4834,#4842,#4851));
#4833 = ORIENTED_EDGE('',*,*,#1267,.F.);
#4834 = ORIENTED_EDGE('',*,*,#4835,.F.);
#4835 = EDGE_CURVE('',#4836,#1268,#4838,.T.);
#4836 = VERTEX_POINT('',#4837);
#4837 = CARTESIAN_POINT('',(-3.705,27.94,-15.));
#4838 = LINE('',#4839,#4840);
#4839 = CARTESIAN_POINT('',(-3.705,27.94,-16.));
#4840 = VECTOR('',#4841,1.);
#4841 = DIRECTION('',(0.,0.,1.));
#4842 = ORIENTED_EDGE('',*,*,#4843,.T.);
#4843 = EDGE_CURVE('',#4836,#4844,#4846,.T.);
#4844 = VERTEX_POINT('',#4845);
#4845 = CARTESIAN_POINT('',(-6.455,27.94,-15.));
#4846 = CIRCLE('',#4847,1.375);
#4847 = AXIS2_PLACEMENT_3D('',#4848,#4849,#4850);
#4848 = CARTESIAN_POINT('',(-5.08,27.94,-15.));
#4849 = DIRECTION('',(0.,0.,1.));
#4850 = DIRECTION('',(1.,0.,-0.));
#4851 = ORIENTED_EDGE('',*,*,#4852,.T.);
#4852 = EDGE_CURVE('',#4844,#1270,#4853,.T.);
#4853 = LINE('',#4854,#4855);
#4854 = CARTESIAN_POINT('',(-6.455,27.94,-16.));
#4855 = VECTOR('',#4856,1.);
#4856 = DIRECTION('',(0.,0.,1.));
#4857 = CYLINDRICAL_SURFACE('',#4858,1.375);
#4858 = AXIS2_PLACEMENT_3D('',#4859,#4860,#4861);
#4859 = CARTESIAN_POINT('',(-5.08,27.94,-16.));
#4860 = DIRECTION('',(0.,0.,1.));
#4861 = DIRECTION('',(1.,0.,-0.));
#4862 = ADVANCED_FACE('',(#4863),#4881,.F.);
#4863 = FACE_BOUND('',#4864,.F.);
#4864 = EDGE_LOOP('',(#4865,#4873,#4879,#4880));
#4865 = ORIENTED_EDGE('',*,*,#4866,.F.);
#4866 = EDGE_CURVE('',#4867,#1279,#4869,.T.);
#4867 = VERTEX_POINT('',#4868);
#4868 = CARTESIAN_POINT('',(-3.705,22.86,-15.));
#4869 = LINE('',#4870,#4871);
#4870 = CARTESIAN_POINT('',(-3.705,22.86,-16.));
#4871 = VECTOR('',#4872,1.);
#4872 = DIRECTION('',(0.,0.,1.));
#4873 = ORIENTED_EDGE('',*,*,#4874,.T.);
#4874 = EDGE_CURVE('',#4867,#4836,#4875,.T.);
#4875 = LINE('',#4876,#4877);
#4876 = CARTESIAN_POINT('',(-3.705,-5.31,-15.));
#4877 = VECTOR('',#4878,1.);
#4878 = DIRECTION('',(-0.,1.,0.));
#4879 = ORIENTED_EDGE('',*,*,#4835,.T.);
#4880 = ORIENTED_EDGE('',*,*,#1278,.F.);
#4881 = PLANE('',#4882);
#4882 = AXIS2_PLACEMENT_3D('',#4883,#4884,#4885);
#4883 = CARTESIAN_POINT('',(-3.705,22.86,-16.));
#4884 = DIRECTION('',(1.,0.,-0.));
#4885 = DIRECTION('',(0.,0.,1.));
#4886 = ADVANCED_FACE('',(#4887),#4905,.T.);
#4887 = FACE_BOUND('',#4888,.T.);
#4888 = EDGE_LOOP('',(#4889,#4897,#4903,#4904));
#4889 = ORIENTED_EDGE('',*,*,#4890,.F.);
#4890 = EDGE_CURVE('',#4891,#1287,#4893,.T.);
#4891 = VERTEX_POINT('',#4892);
#4892 = CARTESIAN_POINT('',(-6.455,22.86,-15.));
#4893 = LINE('',#4894,#4895);
#4894 = CARTESIAN_POINT('',(-6.455,22.86,-16.));
#4895 = VECTOR('',#4896,1.);
#4896 = DIRECTION('',(0.,0.,1.));
#4897 = ORIENTED_EDGE('',*,*,#4898,.T.);
#4898 = EDGE_CURVE('',#4891,#4844,#4899,.T.);
#4899 = LINE('',#4900,#4901);
#4900 = CARTESIAN_POINT('',(-6.455,-5.31,-15.));
#4901 = VECTOR('',#4902,1.);
#4902 = DIRECTION('',(-0.,1.,0.));
#4903 = ORIENTED_EDGE('',*,*,#4852,.T.);
#4904 = ORIENTED_EDGE('',*,*,#1295,.F.);
#4905 = PLANE('',#4906);
#4906 = AXIS2_PLACEMENT_3D('',#4907,#4908,#4909);
#4907 = CARTESIAN_POINT('',(-6.455,22.86,-16.));
#4908 = DIRECTION('',(1.,0.,-0.));
#4909 = DIRECTION('',(0.,0.,1.));
#4910 = ADVANCED_FACE('',(#4911),#4923,.F.);
#4911 = FACE_BOUND('',#4912,.F.);
#4912 = EDGE_LOOP('',(#4913,#4914,#4915,#4916));
#4913 = ORIENTED_EDGE('',*,*,#4866,.T.);
#4914 = ORIENTED_EDGE('',*,*,#1286,.F.);
#4915 = ORIENTED_EDGE('',*,*,#4890,.F.);
#4916 = ORIENTED_EDGE('',*,*,#4917,.T.);
#4917 = EDGE_CURVE('',#4891,#4867,#4918,.T.);
#4918 = CIRCLE('',#4919,1.375);
#4919 = AXIS2_PLACEMENT_3D('',#4920,#4921,#4922);
#4920 = CARTESIAN_POINT('',(-5.08,22.86,-15.));
#4921 = DIRECTION('',(0.,0.,1.));
#4922 = DIRECTION('',(1.,0.,-0.));
#4923 = CYLINDRICAL_SURFACE('',#4924,1.375);
#4924 = AXIS2_PLACEMENT_3D('',#4925,#4926,#4927);
#4925 = CARTESIAN_POINT('',(-5.08,22.86,-16.));
#4926 = DIRECTION('',(0.,0.,1.));
#4927 = DIRECTION('',(1.,0.,-0.));
#4928 = ADVANCED_FACE('',(#4929),#4955,.F.);
#4929 = FACE_BOUND('',#4930,.F.);
#4930 = EDGE_LOOP('',(#4931,#4932,#4940,#4949));
#4931 = ORIENTED_EDGE('',*,*,#1303,.F.);
#4932 = ORIENTED_EDGE('',*,*,#4933,.F.);
#4933 = EDGE_CURVE('',#4934,#1304,#4936,.T.);
#4934 = VERTEX_POINT('',#4935);
#4935 = CARTESIAN_POINT('',(-34.185,27.94,-15.));
#4936 = LINE('',#4937,#4938);
#4937 = CARTESIAN_POINT('',(-34.185,27.94,-16.));
#4938 = VECTOR('',#4939,1.);
#4939 = DIRECTION('',(0.,0.,1.));
#4940 = ORIENTED_EDGE('',*,*,#4941,.T.);
#4941 = EDGE_CURVE('',#4934,#4942,#4944,.T.);
#4942 = VERTEX_POINT('',#4943);
#4943 = CARTESIAN_POINT('',(-36.935,27.94,-15.));
#4944 = CIRCLE('',#4945,1.375);
#4945 = AXIS2_PLACEMENT_3D('',#4946,#4947,#4948);
#4946 = CARTESIAN_POINT('',(-35.56,27.94,-15.));
#4947 = DIRECTION('',(0.,0.,1.));
#4948 = DIRECTION('',(1.,0.,-0.));
#4949 = ORIENTED_EDGE('',*,*,#4950,.T.);
#4950 = EDGE_CURVE('',#4942,#1306,#4951,.T.);
#4951 = LINE('',#4952,#4953);
#4952 = CARTESIAN_POINT('',(-36.935,27.94,-16.));
#4953 = VECTOR('',#4954,1.);
#4954 = DIRECTION('',(0.,0.,1.));
#4955 = CYLINDRICAL_SURFACE('',#4956,1.375);
#4956 = AXIS2_PLACEMENT_3D('',#4957,#4958,#4959);
#4957 = CARTESIAN_POINT('',(-35.56,27.94,-16.));
#4958 = DIRECTION('',(0.,0.,1.));
#4959 = DIRECTION('',(1.,0.,-0.));
#4960 = ADVANCED_FACE('',(#4961),#4979,.F.);
#4961 = FACE_BOUND('',#4962,.F.);
#4962 = EDGE_LOOP('',(#4963,#4971,#4977,#4978));
#4963 = ORIENTED_EDGE('',*,*,#4964,.F.);
#4964 = EDGE_CURVE('',#4965,#1315,#4967,.T.);
#4965 = VERTEX_POINT('',#4966);
#4966 = CARTESIAN_POINT('',(-34.185,22.86,-15.));
#4967 = LINE('',#4968,#4969);
#4968 = CARTESIAN_POINT('',(-34.185,22.86,-16.));
#4969 = VECTOR('',#4970,1.);
#4970 = DIRECTION('',(0.,0.,1.));
#4971 = ORIENTED_EDGE('',*,*,#4972,.T.);
#4972 = EDGE_CURVE('',#4965,#4934,#4973,.T.);
#4973 = LINE('',#4974,#4975);
#4974 = CARTESIAN_POINT('',(-34.185,-5.31,-15.));
#4975 = VECTOR('',#4976,1.);
#4976 = DIRECTION('',(-0.,1.,0.));
#4977 = ORIENTED_EDGE('',*,*,#4933,.T.);
#4978 = ORIENTED_EDGE('',*,*,#1314,.F.);
#4979 = PLANE('',#4980);
#4980 = AXIS2_PLACEMENT_3D('',#4981,#4982,#4983);
#4981 = CARTESIAN_POINT('',(-34.185,22.86,-16.));
#4982 = DIRECTION('',(1.,0.,-0.));
#4983 = DIRECTION('',(0.,0.,1.));
#4984 = ADVANCED_FACE('',(#4985),#5003,.T.);
#4985 = FACE_BOUND('',#4986,.T.);
#4986 = EDGE_LOOP('',(#4987,#4995,#5001,#5002));
#4987 = ORIENTED_EDGE('',*,*,#4988,.F.);
#4988 = EDGE_CURVE('',#4989,#1323,#4991,.T.);
#4989 = VERTEX_POINT('',#4990);
#4990 = CARTESIAN_POINT('',(-36.935,22.86,-15.));
#4991 = LINE('',#4992,#4993);
#4992 = CARTESIAN_POINT('',(-36.935,22.86,-16.));
#4993 = VECTOR('',#4994,1.);
#4994 = DIRECTION('',(0.,0.,1.));
#4995 = ORIENTED_EDGE('',*,*,#4996,.T.);
#4996 = EDGE_CURVE('',#4989,#4942,#4997,.T.);
#4997 = LINE('',#4998,#4999);
#4998 = CARTESIAN_POINT('',(-36.935,-5.31,-15.));
#4999 = VECTOR('',#5000,1.);
#5000 = DIRECTION('',(-0.,1.,0.));
#5001 = ORIENTED_EDGE('',*,*,#4950,.T.);
#5002 = ORIENTED_EDGE('',*,*,#1331,.F.);
#5003 = PLANE('',#5004);
#5004 = AXIS2_PLACEMENT_3D('',#5005,#5006,#5007);
#5005 = CARTESIAN_POINT('',(-36.935,22.86,-16.));
#5006 = DIRECTION('',(1.,0.,-0.));
#5007 = DIRECTION('',(0.,0.,1.));
#5008 = ADVANCED_FACE('',(#5009),#5021,.F.);
#5009 = FACE_BOUND('',#5010,.F.);
#5010 = EDGE_LOOP('',(#5011,#5012,#5013,#5014));
#5011 = ORIENTED_EDGE('',*,*,#4964,.T.);
#5012 = ORIENTED_EDGE('',*,*,#1322,.F.);
#5013 = ORIENTED_EDGE('',*,*,#4988,.F.);
#5014 = ORIENTED_EDGE('',*,*,#5015,.T.);
#5015 = EDGE_CURVE('',#4989,#4965,#5016,.T.);
#5016 = CIRCLE('',#5017,1.375);
#5017 = AXIS2_PLACEMENT_3D('',#5018,#5019,#5020);
#5018 = CARTESIAN_POINT('',(-35.56,22.86,-15.));
#5019 = DIRECTION('',(0.,0.,1.));
#5020 = DIRECTION('',(1.,0.,-0.));
#5021 = CYLINDRICAL_SURFACE('',#5022,1.375);
#5022 = AXIS2_PLACEMENT_3D('',#5023,#5024,#5025);
#5023 = CARTESIAN_POINT('',(-35.56,22.86,-16.));
#5024 = DIRECTION('',(0.,0.,1.));
#5025 = DIRECTION('',(1.,0.,-0.));
#5026 = ADVANCED_FACE('',(#5027),#5053,.F.);
#5027 = FACE_BOUND('',#5028,.F.);
#5028 = EDGE_LOOP('',(#5029,#5030,#5038,#5047));
#5029 = ORIENTED_EDGE('',*,*,#1339,.F.);
#5030 = ORIENTED_EDGE('',*,*,#5031,.F.);
#5031 = EDGE_CURVE('',#5032,#1340,#5034,.T.);
#5032 = VERTEX_POINT('',#5033);
#5033 = CARTESIAN_POINT('',(-18.945,27.94,-15.));
#5034 = LINE('',#5035,#5036);
#5035 = CARTESIAN_POINT('',(-18.945,27.94,-16.));
#5036 = VECTOR('',#5037,1.);
#5037 = DIRECTION('',(0.,0.,1.));
#5038 = ORIENTED_EDGE('',*,*,#5039,.T.);
#5039 = EDGE_CURVE('',#5032,#5040,#5042,.T.);
#5040 = VERTEX_POINT('',#5041);
#5041 = CARTESIAN_POINT('',(-21.695,27.94,-15.));
#5042 = CIRCLE('',#5043,1.375);
#5043 = AXIS2_PLACEMENT_3D('',#5044,#5045,#5046);
#5044 = CARTESIAN_POINT('',(-20.32,27.94,-15.));
#5045 = DIRECTION('',(0.,0.,1.));
#5046 = DIRECTION('',(1.,0.,-0.));
#5047 = ORIENTED_EDGE('',*,*,#5048,.T.);
#5048 = EDGE_CURVE('',#5040,#1342,#5049,.T.);
#5049 = LINE('',#5050,#5051);
#5050 = CARTESIAN_POINT('',(-21.695,27.94,-16.));
#5051 = VECTOR('',#5052,1.);
#5052 = DIRECTION('',(0.,0.,1.));
#5053 = CYLINDRICAL_SURFACE('',#5054,1.375);
#5054 = AXIS2_PLACEMENT_3D('',#5055,#5056,#5057);
#5055 = CARTESIAN_POINT('',(-20.32,27.94,-16.));
#5056 = DIRECTION('',(0.,0.,1.));
#5057 = DIRECTION('',(1.,0.,-0.));
#5058 = ADVANCED_FACE('',(#5059),#5077,.F.);
#5059 = FACE_BOUND('',#5060,.F.);
#5060 = EDGE_LOOP('',(#5061,#5069,#5075,#5076));
#5061 = ORIENTED_EDGE('',*,*,#5062,.F.);
#5062 = EDGE_CURVE('',#5063,#1351,#5065,.T.);
#5063 = VERTEX_POINT('',#5064);
#5064 = CARTESIAN_POINT('',(-18.945,22.86,-15.));
#5065 = LINE('',#5066,#5067);
#5066 = CARTESIAN_POINT('',(-18.945,22.86,-16.));
#5067 = VECTOR('',#5068,1.);
#5068 = DIRECTION('',(0.,0.,1.));
#5069 = ORIENTED_EDGE('',*,*,#5070,.T.);
#5070 = EDGE_CURVE('',#5063,#5032,#5071,.T.);
#5071 = LINE('',#5072,#5073);
#5072 = CARTESIAN_POINT('',(-18.945,-5.31,-15.));
#5073 = VECTOR('',#5074,1.);
#5074 = DIRECTION('',(-0.,1.,0.));
#5075 = ORIENTED_EDGE('',*,*,#5031,.T.);
#5076 = ORIENTED_EDGE('',*,*,#1350,.F.);
#5077 = PLANE('',#5078);
#5078 = AXIS2_PLACEMENT_3D('',#5079,#5080,#5081);
#5079 = CARTESIAN_POINT('',(-18.945,22.86,-16.));
#5080 = DIRECTION('',(1.,0.,-0.));
#5081 = DIRECTION('',(0.,0.,1.));
#5082 = ADVANCED_FACE('',(#5083),#5101,.T.);
#5083 = FACE_BOUND('',#5084,.T.);
#5084 = EDGE_LOOP('',(#5085,#5093,#5099,#5100));
#5085 = ORIENTED_EDGE('',*,*,#5086,.F.);
#5086 = EDGE_CURVE('',#5087,#1359,#5089,.T.);
#5087 = VERTEX_POINT('',#5088);
#5088 = CARTESIAN_POINT('',(-21.695,22.86,-15.));
#5089 = LINE('',#5090,#5091);
#5090 = CARTESIAN_POINT('',(-21.695,22.86,-16.));
#5091 = VECTOR('',#5092,1.);
#5092 = DIRECTION('',(0.,0.,1.));
#5093 = ORIENTED_EDGE('',*,*,#5094,.T.);
#5094 = EDGE_CURVE('',#5087,#5040,#5095,.T.);
#5095 = LINE('',#5096,#5097);
#5096 = CARTESIAN_POINT('',(-21.695,-5.31,-15.));
#5097 = VECTOR('',#5098,1.);
#5098 = DIRECTION('',(-0.,1.,0.));
#5099 = ORIENTED_EDGE('',*,*,#5048,.T.);
#5100 = ORIENTED_EDGE('',*,*,#1367,.F.);
#5101 = PLANE('',#5102);
#5102 = AXIS2_PLACEMENT_3D('',#5103,#5104,#5105);
#5103 = CARTESIAN_POINT('',(-21.695,22.86,-16.));
#5104 = DIRECTION('',(1.,0.,-0.));
#5105 = DIRECTION('',(0.,0.,1.));
#5106 = ADVANCED_FACE('',(#5107),#5119,.F.);
#5107 = FACE_BOUND('',#5108,.F.);
#5108 = EDGE_LOOP('',(#5109,#5110,#5111,#5112));
#5109 = ORIENTED_EDGE('',*,*,#5062,.T.);
#5110 = ORIENTED_EDGE('',*,*,#1358,.F.);
#5111 = ORIENTED_EDGE('',*,*,#5086,.F.);
#5112 = ORIENTED_EDGE('',*,*,#5113,.T.);
#5113 = EDGE_CURVE('',#5087,#5063,#5114,.T.);
#5114 = CIRCLE('',#5115,1.375);
#5115 = AXIS2_PLACEMENT_3D('',#5116,#5117,#5118);
#5116 = CARTESIAN_POINT('',(-20.32,22.86,-15.));
#5117 = DIRECTION('',(0.,0.,1.));
#5118 = DIRECTION('',(1.,0.,-0.));
#5119 = CYLINDRICAL_SURFACE('',#5120,1.375);
#5120 = AXIS2_PLACEMENT_3D('',#5121,#5122,#5123);
#5121 = CARTESIAN_POINT('',(-20.32,22.86,-16.));
#5122 = DIRECTION('',(0.,0.,1.));
#5123 = DIRECTION('',(1.,0.,-0.));
#5124 = ADVANCED_FACE('',(#5125),#5151,.F.);
#5125 = FACE_BOUND('',#5126,.F.);
#5126 = EDGE_LOOP('',(#5127,#5128,#5136,#5145));
#5127 = ORIENTED_EDGE('',*,*,#1375,.F.);
#5128 = ORIENTED_EDGE('',*,*,#5129,.F.);
#5129 = EDGE_CURVE('',#5130,#1376,#5132,.T.);
#5130 = VERTEX_POINT('',#5131);
#5131 = CARTESIAN_POINT('',(15.24,29.315,-15.));
#5132 = LINE('',#5133,#5134);
#5133 = CARTESIAN_POINT('',(15.24,29.315,-16.));
#5134 = VECTOR('',#5135,1.);
#5135 = DIRECTION('',(0.,0.,1.));
#5136 = ORIENTED_EDGE('',*,*,#5137,.T.);
#5137 = EDGE_CURVE('',#5130,#5138,#5140,.T.);
#5138 = VERTEX_POINT('',#5139);
#5139 = CARTESIAN_POINT('',(15.24,26.565,-15.));
#5140 = CIRCLE('',#5141,1.375);
#5141 = AXIS2_PLACEMENT_3D('',#5142,#5143,#5144);
#5142 = CARTESIAN_POINT('',(15.24,27.94,-15.));
#5143 = DIRECTION('',(0.,0.,1.));
#5144 = DIRECTION('',(1.,0.,-0.));
#5145 = ORIENTED_EDGE('',*,*,#5146,.T.);
#5146 = EDGE_CURVE('',#5138,#1378,#5147,.T.);
#5147 = LINE('',#5148,#5149);
#5148 = CARTESIAN_POINT('',(15.24,26.565,-16.));
#5149 = VECTOR('',#5150,1.);
#5150 = DIRECTION('',(0.,0.,1.));
#5151 = CYLINDRICAL_SURFACE('',#5152,1.375);
#5152 = AXIS2_PLACEMENT_3D('',#5153,#5154,#5155);
#5153 = CARTESIAN_POINT('',(15.24,27.94,-16.));
#5154 = DIRECTION('',(0.,0.,1.));
#5155 = DIRECTION('',(1.,0.,-0.));
#5156 = ADVANCED_FACE('',(#5157),#5175,.F.);
#5157 = FACE_BOUND('',#5158,.F.);
#5158 = EDGE_LOOP('',(#5159,#5167,#5168,#5169));
#5159 = ORIENTED_EDGE('',*,*,#5160,.T.);
#5160 = EDGE_CURVE('',#5161,#5130,#5163,.T.);
#5161 = VERTEX_POINT('',#5162);
#5162 = CARTESIAN_POINT('',(20.32,29.315,-15.));
#5163 = LINE('',#5164,#5165);
#5164 = CARTESIAN_POINT('',(-12.93,29.315,-15.));
#5165 = VECTOR('',#5166,1.);
#5166 = DIRECTION('',(-1.,-0.,0.));
#5167 = ORIENTED_EDGE('',*,*,#5129,.T.);
#5168 = ORIENTED_EDGE('',*,*,#1386,.F.);
#5169 = ORIENTED_EDGE('',*,*,#5170,.F.);
#5170 = EDGE_CURVE('',#5161,#1387,#5171,.T.);
#5171 = LINE('',#5172,#5173);
#5172 = CARTESIAN_POINT('',(20.32,29.315,-16.));
#5173 = VECTOR('',#5174,1.);
#5174 = DIRECTION('',(0.,0.,1.));
#5175 = PLANE('',#5176);
#5176 = AXIS2_PLACEMENT_3D('',#5177,#5178,#5179);
#5177 = CARTESIAN_POINT('',(15.24,29.315,-16.));
#5178 = DIRECTION('',(-0.,1.,0.));
#5179 = DIRECTION('',(0.,0.,1.));
#5180 = ADVANCED_FACE('',(#5181),#5199,.T.);
#5181 = FACE_BOUND('',#5182,.T.);
#5182 = EDGE_LOOP('',(#5183,#5191,#5192,#5193));
#5183 = ORIENTED_EDGE('',*,*,#5184,.T.);
#5184 = EDGE_CURVE('',#5185,#5138,#5187,.T.);
#5185 = VERTEX_POINT('',#5186);
#5186 = CARTESIAN_POINT('',(20.32,26.565,-15.));
#5187 = LINE('',#5188,#5189);
#5188 = CARTESIAN_POINT('',(-12.93,26.565,-15.));
#5189 = VECTOR('',#5190,1.);
#5190 = DIRECTION('',(-1.,-0.,0.));
#5191 = ORIENTED_EDGE('',*,*,#5146,.T.);
#5192 = ORIENTED_EDGE('',*,*,#1412,.F.);
#5193 = ORIENTED_EDGE('',*,*,#5194,.F.);
#5194 = EDGE_CURVE('',#5185,#1404,#5195,.T.);
#5195 = LINE('',#5196,#5197);
#5196 = CARTESIAN_POINT('',(20.32,26.565,-16.));
#5197 = VECTOR('',#5198,1.);
#5198 = DIRECTION('',(0.,0.,1.));
#5199 = PLANE('',#5200);
#5200 = AXIS2_PLACEMENT_3D('',#5201,#5202,#5203);
#5201 = CARTESIAN_POINT('',(15.24,26.565,-16.));
#5202 = DIRECTION('',(-0.,1.,0.));
#5203 = DIRECTION('',(0.,0.,1.));
#5204 = ADVANCED_FACE('',(#5205),#5231,.F.);
#5205 = FACE_BOUND('',#5206,.F.);
#5206 = EDGE_LOOP('',(#5207,#5208,#5216,#5225));
#5207 = ORIENTED_EDGE('',*,*,#1420,.F.);
#5208 = ORIENTED_EDGE('',*,*,#5209,.F.);
#5209 = EDGE_CURVE('',#5210,#1421,#5212,.T.);
#5210 = VERTEX_POINT('',#5211);
#5211 = CARTESIAN_POINT('',(11.535,27.94,-15.));
#5212 = LINE('',#5213,#5214);
#5213 = CARTESIAN_POINT('',(11.535,27.94,-16.));
#5214 = VECTOR('',#5215,1.);
#5215 = DIRECTION('',(0.,0.,1.));
#5216 = ORIENTED_EDGE('',*,*,#5217,.T.);
#5217 = EDGE_CURVE('',#5210,#5218,#5220,.T.);
#5218 = VERTEX_POINT('',#5219);
#5219 = CARTESIAN_POINT('',(8.785,27.94,-15.));
#5220 = CIRCLE('',#5221,1.375);
#5221 = AXIS2_PLACEMENT_3D('',#5222,#5223,#5224);
#5222 = CARTESIAN_POINT('',(10.16,27.94,-15.));
#5223 = DIRECTION('',(0.,0.,1.));
#5224 = DIRECTION('',(1.,0.,-0.));
#5225 = ORIENTED_EDGE('',*,*,#5226,.T.);
#5226 = EDGE_CURVE('',#5218,#1423,#5227,.T.);
#5227 = LINE('',#5228,#5229);
#5228 = CARTESIAN_POINT('',(8.785,27.94,-16.));
#5229 = VECTOR('',#5230,1.);
#5230 = DIRECTION('',(0.,0.,1.));
#5231 = CYLINDRICAL_SURFACE('',#5232,1.375);
#5232 = AXIS2_PLACEMENT_3D('',#5233,#5234,#5235);
#5233 = CARTESIAN_POINT('',(10.16,27.94,-16.));
#5234 = DIRECTION('',(0.,0.,1.));
#5235 = DIRECTION('',(1.,0.,-0.));
#5236 = ADVANCED_FACE('',(#5237),#5255,.F.);
#5237 = FACE_BOUND('',#5238,.F.);
#5238 = EDGE_LOOP('',(#5239,#5247,#5253,#5254));
#5239 = ORIENTED_EDGE('',*,*,#5240,.F.);
#5240 = EDGE_CURVE('',#5241,#1432,#5243,.T.);
#5241 = VERTEX_POINT('',#5242);
#5242 = CARTESIAN_POINT('',(11.535,22.86,-15.));
#5243 = LINE('',#5244,#5245);
#5244 = CARTESIAN_POINT('',(11.535,22.86,-16.));
#5245 = VECTOR('',#5246,1.);
#5246 = DIRECTION('',(0.,0.,1.));
#5247 = ORIENTED_EDGE('',*,*,#5248,.T.);
#5248 = EDGE_CURVE('',#5241,#5210,#5249,.T.);
#5249 = LINE('',#5250,#5251);
#5250 = CARTESIAN_POINT('',(11.535,-5.31,-15.));
#5251 = VECTOR('',#5252,1.);
#5252 = DIRECTION('',(-0.,1.,0.));
#5253 = ORIENTED_EDGE('',*,*,#5209,.T.);
#5254 = ORIENTED_EDGE('',*,*,#1431,.F.);
#5255 = PLANE('',#5256);
#5256 = AXIS2_PLACEMENT_3D('',#5257,#5258,#5259);
#5257 = CARTESIAN_POINT('',(11.535,22.86,-16.));
#5258 = DIRECTION('',(1.,0.,-0.));
#5259 = DIRECTION('',(0.,0.,1.));
#5260 = ADVANCED_FACE('',(#5261),#5279,.T.);
#5261 = FACE_BOUND('',#5262,.T.);
#5262 = EDGE_LOOP('',(#5263,#5271,#5277,#5278));
#5263 = ORIENTED_EDGE('',*,*,#5264,.F.);
#5264 = EDGE_CURVE('',#5265,#1440,#5267,.T.);
#5265 = VERTEX_POINT('',#5266);
#5266 = CARTESIAN_POINT('',(8.785,22.86,-15.));
#5267 = LINE('',#5268,#5269);
#5268 = CARTESIAN_POINT('',(8.785,22.86,-16.));
#5269 = VECTOR('',#5270,1.);
#5270 = DIRECTION('',(0.,0.,1.));
#5271 = ORIENTED_EDGE('',*,*,#5272,.T.);
#5272 = EDGE_CURVE('',#5265,#5218,#5273,.T.);
#5273 = LINE('',#5274,#5275);
#5274 = CARTESIAN_POINT('',(8.785,-5.31,-15.));
#5275 = VECTOR('',#5276,1.);
#5276 = DIRECTION('',(-0.,1.,0.));
#5277 = ORIENTED_EDGE('',*,*,#5226,.T.);
#5278 = ORIENTED_EDGE('',*,*,#1448,.F.);
#5279 = PLANE('',#5280);
#5280 = AXIS2_PLACEMENT_3D('',#5281,#5282,#5283);
#5281 = CARTESIAN_POINT('',(8.785,22.86,-16.));
#5282 = DIRECTION('',(1.,0.,-0.));
#5283 = DIRECTION('',(0.,0.,1.));
#5284 = ADVANCED_FACE('',(#5285),#5297,.F.);
#5285 = FACE_BOUND('',#5286,.F.);
#5286 = EDGE_LOOP('',(#5287,#5288,#5289,#5290));
#5287 = ORIENTED_EDGE('',*,*,#5240,.T.);
#5288 = ORIENTED_EDGE('',*,*,#1439,.F.);
#5289 = ORIENTED_EDGE('',*,*,#5264,.F.);
#5290 = ORIENTED_EDGE('',*,*,#5291,.T.);
#5291 = EDGE_CURVE('',#5265,#5241,#5292,.T.);
#5292 = CIRCLE('',#5293,1.375);
#5293 = AXIS2_PLACEMENT_3D('',#5294,#5295,#5296);
#5294 = CARTESIAN_POINT('',(10.16,22.86,-15.));
#5295 = DIRECTION('',(0.,0.,1.));
#5296 = DIRECTION('',(1.,0.,-0.));
#5297 = CYLINDRICAL_SURFACE('',#5298,1.375);
#5298 = AXIS2_PLACEMENT_3D('',#5299,#5300,#5301);
#5299 = CARTESIAN_POINT('',(10.16,22.86,-16.));
#5300 = DIRECTION('',(0.,0.,1.));
#5301 = DIRECTION('',(1.,0.,-0.));
#5302 = ADVANCED_FACE('',(#5303),#5329,.F.);
#5303 = FACE_BOUND('',#5304,.F.);
#5304 = EDGE_LOOP('',(#5305,#5306,#5314,#5323));
#5305 = ORIENTED_EDGE('',*,*,#1456,.F.);
#5306 = ORIENTED_EDGE('',*,*,#5307,.F.);
#5307 = EDGE_CURVE('',#5308,#1457,#5310,.T.);
#5308 = VERTEX_POINT('',#5309);
#5309 = CARTESIAN_POINT('',(15.24,-16.405,-15.));
#5310 = LINE('',#5311,#5312);
#5311 = CARTESIAN_POINT('',(15.24,-16.405,-16.));
#5312 = VECTOR('',#5313,1.);
#5313 = DIRECTION('',(0.,0.,1.));
#5314 = ORIENTED_EDGE('',*,*,#5315,.T.);
#5315 = EDGE_CURVE('',#5308,#5316,#5318,.T.);
#5316 = VERTEX_POINT('',#5317);
#5317 = CARTESIAN_POINT('',(15.24,-19.155,-15.));
#5318 = CIRCLE('',#5319,1.375);
#5319 = AXIS2_PLACEMENT_3D('',#5320,#5321,#5322);
#5320 = CARTESIAN_POINT('',(15.24,-17.78,-15.));
#5321 = DIRECTION('',(0.,0.,1.));
#5322 = DIRECTION('',(1.,0.,-0.));
#5323 = ORIENTED_EDGE('',*,*,#5324,.T.);
#5324 = EDGE_CURVE('',#5316,#1459,#5325,.T.);
#5325 = LINE('',#5326,#5327);
#5326 = CARTESIAN_POINT('',(15.24,-19.155,-16.));
#5327 = VECTOR('',#5328,1.);
#5328 = DIRECTION('',(0.,0.,1.));
#5329 = CYLINDRICAL_SURFACE('',#5330,1.375);
#5330 = AXIS2_PLACEMENT_3D('',#5331,#5332,#5333);
#5331 = CARTESIAN_POINT('',(15.24,-17.78,-16.));
#5332 = DIRECTION('',(0.,0.,1.));
#5333 = DIRECTION('',(1.,0.,-0.));
#5334 = ADVANCED_FACE('',(#5335),#5353,.F.);
#5335 = FACE_BOUND('',#5336,.F.);
#5336 = EDGE_LOOP('',(#5337,#5345,#5346,#5347));
#5337 = ORIENTED_EDGE('',*,*,#5338,.T.);
#5338 = EDGE_CURVE('',#5339,#5308,#5341,.T.);
#5339 = VERTEX_POINT('',#5340);
#5340 = CARTESIAN_POINT('',(20.32,-16.405,-15.));
#5341 = LINE('',#5342,#5343);
#5342 = CARTESIAN_POINT('',(-12.93,-16.405,-15.));
#5343 = VECTOR('',#5344,1.);
#5344 = DIRECTION('',(-1.,-0.,0.));
#5345 = ORIENTED_EDGE('',*,*,#5307,.T.);
#5346 = ORIENTED_EDGE('',*,*,#1467,.F.);
#5347 = ORIENTED_EDGE('',*,*,#5348,.F.);
#5348 = EDGE_CURVE('',#5339,#1468,#5349,.T.);
#5349 = LINE('',#5350,#5351);
#5350 = CARTESIAN_POINT('',(20.32,-16.405,-16.));
#5351 = VECTOR('',#5352,1.);
#5352 = DIRECTION('',(0.,0.,1.));
#5353 = PLANE('',#5354);
#5354 = AXIS2_PLACEMENT_3D('',#5355,#5356,#5357);
#5355 = CARTESIAN_POINT('',(15.24,-16.405,-16.));
#5356 = DIRECTION('',(-0.,1.,0.));
#5357 = DIRECTION('',(0.,0.,1.));
#5358 = ADVANCED_FACE('',(#5359),#5377,.T.);
#5359 = FACE_BOUND('',#5360,.T.);
#5360 = EDGE_LOOP('',(#5361,#5369,#5370,#5371));
#5361 = ORIENTED_EDGE('',*,*,#5362,.T.);
#5362 = EDGE_CURVE('',#5363,#5316,#5365,.T.);
#5363 = VERTEX_POINT('',#5364);
#5364 = CARTESIAN_POINT('',(20.32,-19.155,-15.));
#5365 = LINE('',#5366,#5367);
#5366 = CARTESIAN_POINT('',(-12.93,-19.155,-15.));
#5367 = VECTOR('',#5368,1.);
#5368 = DIRECTION('',(-1.,-0.,0.));
#5369 = ORIENTED_EDGE('',*,*,#5324,.T.);
#5370 = ORIENTED_EDGE('',*,*,#1493,.F.);
#5371 = ORIENTED_EDGE('',*,*,#5372,.F.);
#5372 = EDGE_CURVE('',#5363,#1485,#5373,.T.);
#5373 = LINE('',#5374,#5375);
#5374 = CARTESIAN_POINT('',(20.32,-19.155,-16.));
#5375 = VECTOR('',#5376,1.);
#5376 = DIRECTION('',(0.,0.,1.));
#5377 = PLANE('',#5378);
#5378 = AXIS2_PLACEMENT_3D('',#5379,#5380,#5381);
#5379 = CARTESIAN_POINT('',(15.24,-19.155,-16.));
#5380 = DIRECTION('',(-0.,1.,0.));
#5381 = DIRECTION('',(0.,0.,1.));
#5382 = ADVANCED_FACE('',(#5383),#5409,.F.);
#5383 = FACE_BOUND('',#5384,.F.);
#5384 = EDGE_LOOP('',(#5385,#5386,#5394,#5403));
#5385 = ORIENTED_EDGE('',*,*,#1501,.F.);
#5386 = ORIENTED_EDGE('',*,*,#5387,.F.);
#5387 = EDGE_CURVE('',#5388,#1502,#5390,.T.);
#5388 = VERTEX_POINT('',#5389);
#5389 = CARTESIAN_POINT('',(15.24,14.075,-15.));
#5390 = LINE('',#5391,#5392);
#5391 = CARTESIAN_POINT('',(15.24,14.075,-16.));
#5392 = VECTOR('',#5393,1.);
#5393 = DIRECTION('',(0.,0.,1.));
#5394 = ORIENTED_EDGE('',*,*,#5395,.T.);
#5395 = EDGE_CURVE('',#5388,#5396,#5398,.T.);
#5396 = VERTEX_POINT('',#5397);
#5397 = CARTESIAN_POINT('',(15.24,11.325,-15.));
#5398 = CIRCLE('',#5399,1.375);
#5399 = AXIS2_PLACEMENT_3D('',#5400,#5401,#5402);
#5400 = CARTESIAN_POINT('',(15.24,12.7,-15.));
#5401 = DIRECTION('',(0.,0.,1.));
#5402 = DIRECTION('',(1.,0.,-0.));
#5403 = ORIENTED_EDGE('',*,*,#5404,.T.);
#5404 = EDGE_CURVE('',#5396,#1504,#5405,.T.);
#5405 = LINE('',#5406,#5407);
#5406 = CARTESIAN_POINT('',(15.24,11.325,-16.));
#5407 = VECTOR('',#5408,1.);
#5408 = DIRECTION('',(0.,0.,1.));
#5409 = CYLINDRICAL_SURFACE('',#5410,1.375);
#5410 = AXIS2_PLACEMENT_3D('',#5411,#5412,#5413);
#5411 = CARTESIAN_POINT('',(15.24,12.7,-16.));
#5412 = DIRECTION('',(0.,0.,1.));
#5413 = DIRECTION('',(1.,0.,-0.));
#5414 = ADVANCED_FACE('',(#5415),#5433,.F.);
#5415 = FACE_BOUND('',#5416,.F.);
#5416 = EDGE_LOOP('',(#5417,#5425,#5426,#5427));
#5417 = ORIENTED_EDGE('',*,*,#5418,.T.);
#5418 = EDGE_CURVE('',#5419,#5388,#5421,.T.);
#5419 = VERTEX_POINT('',#5420);
#5420 = CARTESIAN_POINT('',(20.32,14.075,-15.));
#5421 = LINE('',#5422,#5423);
#5422 = CARTESIAN_POINT('',(-12.93,14.075,-15.));
#5423 = VECTOR('',#5424,1.);
#5424 = DIRECTION('',(-1.,-0.,0.));
#5425 = ORIENTED_EDGE('',*,*,#5387,.T.);
#5426 = ORIENTED_EDGE('',*,*,#1512,.F.);
#5427 = ORIENTED_EDGE('',*,*,#5428,.F.);
#5428 = EDGE_CURVE('',#5419,#1513,#5429,.T.);
#5429 = LINE('',#5430,#5431);
#5430 = CARTESIAN_POINT('',(20.32,14.075,-16.));
#5431 = VECTOR('',#5432,1.);
#5432 = DIRECTION('',(0.,0.,1.));
#5433 = PLANE('',#5434);
#5434 = AXIS2_PLACEMENT_3D('',#5435,#5436,#5437);
#5435 = CARTESIAN_POINT('',(15.24,14.075,-16.));
#5436 = DIRECTION('',(-0.,1.,0.));
#5437 = DIRECTION('',(0.,0.,1.));
#5438 = ADVANCED_FACE('',(#5439),#5457,.T.);
#5439 = FACE_BOUND('',#5440,.T.);
#5440 = EDGE_LOOP('',(#5441,#5449,#5450,#5451));
#5441 = ORIENTED_EDGE('',*,*,#5442,.T.);
#5442 = EDGE_CURVE('',#5443,#5396,#5445,.T.);
#5443 = VERTEX_POINT('',#5444);
#5444 = CARTESIAN_POINT('',(20.32,11.325,-15.));
#5445 = LINE('',#5446,#5447);
#5446 = CARTESIAN_POINT('',(-12.93,11.325,-15.));
#5447 = VECTOR('',#5448,1.);
#5448 = DIRECTION('',(-1.,-0.,0.));
#5449 = ORIENTED_EDGE('',*,*,#5404,.T.);
#5450 = ORIENTED_EDGE('',*,*,#1538,.F.);
#5451 = ORIENTED_EDGE('',*,*,#5452,.F.);
#5452 = EDGE_CURVE('',#5443,#1530,#5453,.T.);
#5453 = LINE('',#5454,#5455);
#5454 = CARTESIAN_POINT('',(20.32,11.325,-16.));
#5455 = VECTOR('',#5456,1.);
#5456 = DIRECTION('',(0.,0.,1.));
#5457 = PLANE('',#5458);
#5458 = AXIS2_PLACEMENT_3D('',#5459,#5460,#5461);
#5459 = CARTESIAN_POINT('',(15.24,11.325,-16.));
#5460 = DIRECTION('',(-0.,1.,0.));
#5461 = DIRECTION('',(0.,0.,1.));
#5462 = ADVANCED_FACE('',(#5463),#5489,.F.);
#5463 = FACE_BOUND('',#5464,.F.);
#5464 = EDGE_LOOP('',(#5465,#5466,#5474,#5483));
#5465 = ORIENTED_EDGE('',*,*,#1546,.F.);
#5466 = ORIENTED_EDGE('',*,*,#5467,.F.);
#5467 = EDGE_CURVE('',#5468,#1547,#5470,.T.);
#5468 = VERTEX_POINT('',#5469);
#5469 = CARTESIAN_POINT('',(26.775,-17.78,-15.));
#5470 = LINE('',#5471,#5472);
#5471 = CARTESIAN_POINT('',(26.775,-17.78,-16.));
#5472 = VECTOR('',#5473,1.);
#5473 = DIRECTION('',(0.,0.,1.));
#5474 = ORIENTED_EDGE('',*,*,#5475,.T.);
#5475 = EDGE_CURVE('',#5468,#5476,#5478,.T.);
#5476 = VERTEX_POINT('',#5477);
#5477 = CARTESIAN_POINT('',(24.025,-17.78,-15.));
#5478 = CIRCLE('',#5479,1.375);
#5479 = AXIS2_PLACEMENT_3D('',#5480,#5481,#5482);
#5480 = CARTESIAN_POINT('',(25.4,-17.78,-15.));
#5481 = DIRECTION('',(0.,0.,1.));
#5482 = DIRECTION('',(1.,0.,-0.));
#5483 = ORIENTED_EDGE('',*,*,#5484,.T.);
#5484 = EDGE_CURVE('',#5476,#1549,#5485,.T.);
#5485 = LINE('',#5486,#5487);
#5486 = CARTESIAN_POINT('',(24.025,-17.78,-16.));
#5487 = VECTOR('',#5488,1.);
#5488 = DIRECTION('',(0.,0.,1.));
#5489 = CYLINDRICAL_SURFACE('',#5490,1.375);
#5490 = AXIS2_PLACEMENT_3D('',#5491,#5492,#5493);
#5491 = CARTESIAN_POINT('',(25.4,-17.78,-16.));
#5492 = DIRECTION('',(0.,0.,1.));
#5493 = DIRECTION('',(1.,0.,-0.));
#5494 = ADVANCED_FACE('',(#5495),#5513,.F.);
#5495 = FACE_BOUND('',#5496,.F.);
#5496 = EDGE_LOOP('',(#5497,#5505,#5511,#5512));
#5497 = ORIENTED_EDGE('',*,*,#5498,.F.);
#5498 = EDGE_CURVE('',#5499,#1558,#5501,.T.);
#5499 = VERTEX_POINT('',#5500);
#5500 = CARTESIAN_POINT('',(26.775,-22.86,-15.));
#5501 = LINE('',#5502,#5503);
#5502 = CARTESIAN_POINT('',(26.775,-22.86,-16.));
#5503 = VECTOR('',#5504,1.);
#5504 = DIRECTION('',(0.,0.,1.));
#5505 = ORIENTED_EDGE('',*,*,#5506,.T.);
#5506 = EDGE_CURVE('',#5499,#5468,#5507,.T.);
#5507 = LINE('',#5508,#5509);
#5508 = CARTESIAN_POINT('',(26.775,-28.17,-15.));
#5509 = VECTOR('',#5510,1.);
#5510 = DIRECTION('',(-0.,1.,0.));
#5511 = ORIENTED_EDGE('',*,*,#5467,.T.);
#5512 = ORIENTED_EDGE('',*,*,#1557,.F.);
#5513 = PLANE('',#5514);
#5514 = AXIS2_PLACEMENT_3D('',#5515,#5516,#5517);
#5515 = CARTESIAN_POINT('',(26.775,-22.86,-16.));
#5516 = DIRECTION('',(1.,0.,-0.));
#5517 = DIRECTION('',(0.,0.,1.));
#5518 = ADVANCED_FACE('',(#5519),#5537,.T.);
#5519 = FACE_BOUND('',#5520,.T.);
#5520 = EDGE_LOOP('',(#5521,#5529,#5535,#5536));
#5521 = ORIENTED_EDGE('',*,*,#5522,.F.);
#5522 = EDGE_CURVE('',#5523,#1566,#5525,.T.);
#5523 = VERTEX_POINT('',#5524);
#5524 = CARTESIAN_POINT('',(24.025,-22.86,-15.));
#5525 = LINE('',#5526,#5527);
#5526 = CARTESIAN_POINT('',(24.025,-22.86,-16.));
#5527 = VECTOR('',#5528,1.);
#5528 = DIRECTION('',(0.,0.,1.));
#5529 = ORIENTED_EDGE('',*,*,#5530,.T.);
#5530 = EDGE_CURVE('',#5523,#5476,#5531,.T.);
#5531 = LINE('',#5532,#5533);
#5532 = CARTESIAN_POINT('',(24.025,-28.17,-15.));
#5533 = VECTOR('',#5534,1.);
#5534 = DIRECTION('',(-0.,1.,0.));
#5535 = ORIENTED_EDGE('',*,*,#5484,.T.);
#5536 = ORIENTED_EDGE('',*,*,#1574,.F.);
#5537 = PLANE('',#5538);
#5538 = AXIS2_PLACEMENT_3D('',#5539,#5540,#5541);
#5539 = CARTESIAN_POINT('',(24.025,-22.86,-16.));
#5540 = DIRECTION('',(1.,0.,-0.));
#5541 = DIRECTION('',(0.,0.,1.));
#5542 = ADVANCED_FACE('',(#5543),#5555,.F.);
#5543 = FACE_BOUND('',#5544,.F.);
#5544 = EDGE_LOOP('',(#5545,#5546,#5547,#5548));
#5545 = ORIENTED_EDGE('',*,*,#5498,.T.);
#5546 = ORIENTED_EDGE('',*,*,#1565,.F.);
#5547 = ORIENTED_EDGE('',*,*,#5522,.F.);
#5548 = ORIENTED_EDGE('',*,*,#5549,.T.);
#5549 = EDGE_CURVE('',#5523,#5499,#5550,.T.);
#5550 = CIRCLE('',#5551,1.375);
#5551 = AXIS2_PLACEMENT_3D('',#5552,#5553,#5554);
#5552 = CARTESIAN_POINT('',(25.4,-22.86,-15.));
#5553 = DIRECTION('',(0.,0.,1.));
#5554 = DIRECTION('',(1.,0.,-0.));
#5555 = CYLINDRICAL_SURFACE('',#5556,1.375);
#5556 = AXIS2_PLACEMENT_3D('',#5557,#5558,#5559);
#5557 = CARTESIAN_POINT('',(25.4,-22.86,-16.));
#5558 = DIRECTION('',(0.,0.,1.));
#5559 = DIRECTION('',(1.,0.,-0.));
#5560 = ADVANCED_FACE('',(#5561),#5587,.F.);
#5561 = FACE_BOUND('',#5562,.F.);
#5562 = EDGE_LOOP('',(#5563,#5564,#5572,#5581));
#5563 = ORIENTED_EDGE('',*,*,#1582,.F.);
#5564 = ORIENTED_EDGE('',*,*,#5565,.F.);
#5565 = EDGE_CURVE('',#5566,#1583,#5568,.T.);
#5566 = VERTEX_POINT('',#5567);
#5567 = CARTESIAN_POINT('',(-35.56,-11.325,-15.));
#5568 = LINE('',#5569,#5570);
#5569 = CARTESIAN_POINT('',(-35.56,-11.325,-16.));
#5570 = VECTOR('',#5571,1.);
#5571 = DIRECTION('',(0.,0.,1.));
#5572 = ORIENTED_EDGE('',*,*,#5573,.T.);
#5573 = EDGE_CURVE('',#5566,#5574,#5576,.T.);
#5574 = VERTEX_POINT('',#5575);
#5575 = CARTESIAN_POINT('',(-35.56,-14.075,-15.));
#5576 = CIRCLE('',#5577,1.375);
#5577 = AXIS2_PLACEMENT_3D('',#5578,#5579,#5580);
#5578 = CARTESIAN_POINT('',(-35.56,-12.7,-15.));
#5579 = DIRECTION('',(0.,0.,1.));
#5580 = DIRECTION('',(1.,0.,-0.));
#5581 = ORIENTED_EDGE('',*,*,#5582,.T.);
#5582 = EDGE_CURVE('',#5574,#1585,#5583,.T.);
#5583 = LINE('',#5584,#5585);
#5584 = CARTESIAN_POINT('',(-35.56,-14.075,-16.));
#5585 = VECTOR('',#5586,1.);
#5586 = DIRECTION('',(0.,0.,1.));
#5587 = CYLINDRICAL_SURFACE('',#5588,1.375);
#5588 = AXIS2_PLACEMENT_3D('',#5589,#5590,#5591);
#5589 = CARTESIAN_POINT('',(-35.56,-12.7,-16.));
#5590 = DIRECTION('',(0.,0.,1.));
#5591 = DIRECTION('',(1.,0.,-0.));
#5592 = ADVANCED_FACE('',(#5593),#5611,.F.);
#5593 = FACE_BOUND('',#5594,.F.);
#5594 = EDGE_LOOP('',(#5595,#5603,#5604,#5605));
#5595 = ORIENTED_EDGE('',*,*,#5596,.T.);
#5596 = EDGE_CURVE('',#5597,#5566,#5599,.T.);
#5597 = VERTEX_POINT('',#5598);
#5598 = CARTESIAN_POINT('',(-30.48,-11.325,-15.));
#5599 = LINE('',#5600,#5601);
#5600 = CARTESIAN_POINT('',(-38.33,-11.325,-15.));
#5601 = VECTOR('',#5602,1.);
#5602 = DIRECTION('',(-1.,-0.,0.));
#5603 = ORIENTED_EDGE('',*,*,#5565,.T.);
#5604 = ORIENTED_EDGE('',*,*,#1593,.F.);
#5605 = ORIENTED_EDGE('',*,*,#5606,.F.);
#5606 = EDGE_CURVE('',#5597,#1594,#5607,.T.);
#5607 = LINE('',#5608,#5609);
#5608 = CARTESIAN_POINT('',(-30.48,-11.325,-16.));
#5609 = VECTOR('',#5610,1.);
#5610 = DIRECTION('',(0.,0.,1.));
#5611 = PLANE('',#5612);
#5612 = AXIS2_PLACEMENT_3D('',#5613,#5614,#5615);
#5613 = CARTESIAN_POINT('',(-35.56,-11.325,-16.));
#5614 = DIRECTION('',(-0.,1.,0.));
#5615 = DIRECTION('',(0.,0.,1.));
#5616 = ADVANCED_FACE('',(#5617),#5635,.T.);
#5617 = FACE_BOUND('',#5618,.T.);
#5618 = EDGE_LOOP('',(#5619,#5627,#5628,#5629));
#5619 = ORIENTED_EDGE('',*,*,#5620,.T.);
#5620 = EDGE_CURVE('',#5621,#5574,#5623,.T.);
#5621 = VERTEX_POINT('',#5622);
#5622 = CARTESIAN_POINT('',(-30.48,-14.075,-15.));
#5623 = LINE('',#5624,#5625);
#5624 = CARTESIAN_POINT('',(-38.33,-14.075,-15.));
#5625 = VECTOR('',#5626,1.);
#5626 = DIRECTION('',(-1.,-0.,0.));
#5627 = ORIENTED_EDGE('',*,*,#5582,.T.);
#5628 = ORIENTED_EDGE('',*,*,#1619,.F.);
#5629 = ORIENTED_EDGE('',*,*,#5630,.F.);
#5630 = EDGE_CURVE('',#5621,#1611,#5631,.T.);
#5631 = LINE('',#5632,#5633);
#5632 = CARTESIAN_POINT('',(-30.48,-14.075,-16.));
#5633 = VECTOR('',#5634,1.);
#5634 = DIRECTION('',(0.,0.,1.));
#5635 = PLANE('',#5636);
#5636 = AXIS2_PLACEMENT_3D('',#5637,#5638,#5639);
#5637 = CARTESIAN_POINT('',(-35.56,-14.075,-16.));
#5638 = DIRECTION('',(-0.,1.,0.));
#5639 = DIRECTION('',(0.,0.,1.));
#5640 = ADVANCED_FACE('',(#5641),#5667,.F.);
#5641 = FACE_BOUND('',#5642,.F.);
#5642 = EDGE_LOOP('',(#5643,#5644,#5652,#5661));
#5643 = ORIENTED_EDGE('',*,*,#1627,.F.);
#5644 = ORIENTED_EDGE('',*,*,#5645,.F.);
#5645 = EDGE_CURVE('',#5646,#1628,#5648,.T.);
#5646 = VERTEX_POINT('',#5647);
#5647 = CARTESIAN_POINT('',(-24.025,-7.62,-15.));
#5648 = LINE('',#5649,#5650);
#5649 = CARTESIAN_POINT('',(-24.025,-7.62,-16.));
#5650 = VECTOR('',#5651,1.);
#5651 = DIRECTION('',(0.,0.,1.));
#5652 = ORIENTED_EDGE('',*,*,#5653,.T.);
#5653 = EDGE_CURVE('',#5646,#5654,#5656,.T.);
#5654 = VERTEX_POINT('',#5655);
#5655 = CARTESIAN_POINT('',(-26.775,-7.62,-15.));
#5656 = CIRCLE('',#5657,1.375);
#5657 = AXIS2_PLACEMENT_3D('',#5658,#5659,#5660);
#5658 = CARTESIAN_POINT('',(-25.4,-7.62,-15.));
#5659 = DIRECTION('',(0.,0.,1.));
#5660 = DIRECTION('',(1.,0.,-0.));
#5661 = ORIENTED_EDGE('',*,*,#5662,.T.);
#5662 = EDGE_CURVE('',#5654,#1630,#5663,.T.);
#5663 = LINE('',#5664,#5665);
#5664 = CARTESIAN_POINT('',(-26.775,-7.62,-16.));
#5665 = VECTOR('',#5666,1.);
#5666 = DIRECTION('',(0.,0.,1.));
#5667 = CYLINDRICAL_SURFACE('',#5668,1.375);
#5668 = AXIS2_PLACEMENT_3D('',#5669,#5670,#5671);
#5669 = CARTESIAN_POINT('',(-25.4,-7.62,-16.));
#5670 = DIRECTION('',(0.,0.,1.));
#5671 = DIRECTION('',(1.,0.,-0.));
#5672 = ADVANCED_FACE('',(#5673),#5691,.F.);
#5673 = FACE_BOUND('',#5674,.F.);
#5674 = EDGE_LOOP('',(#5675,#5683,#5689,#5690));
#5675 = ORIENTED_EDGE('',*,*,#5676,.F.);
#5676 = EDGE_CURVE('',#5677,#1639,#5679,.T.);
#5677 = VERTEX_POINT('',#5678);
#5678 = CARTESIAN_POINT('',(-24.025,-12.7,-15.));
#5679 = LINE('',#5680,#5681);
#5680 = CARTESIAN_POINT('',(-24.025,-12.7,-16.));
#5681 = VECTOR('',#5682,1.);
#5682 = DIRECTION('',(0.,0.,1.));
#5683 = ORIENTED_EDGE('',*,*,#5684,.T.);
#5684 = EDGE_CURVE('',#5677,#5646,#5685,.T.);
#5685 = LINE('',#5686,#5687);
#5686 = CARTESIAN_POINT('',(-24.025,-23.09,-15.));
#5687 = VECTOR('',#5688,1.);
#5688 = DIRECTION('',(-0.,1.,0.));
#5689 = ORIENTED_EDGE('',*,*,#5645,.T.);
#5690 = ORIENTED_EDGE('',*,*,#1638,.F.);
#5691 = PLANE('',#5692);
#5692 = AXIS2_PLACEMENT_3D('',#5693,#5694,#5695);
#5693 = CARTESIAN_POINT('',(-24.025,-12.7,-16.));
#5694 = DIRECTION('',(1.,0.,-0.));
#5695 = DIRECTION('',(0.,0.,1.));
#5696 = ADVANCED_FACE('',(#5697),#5715,.T.);
#5697 = FACE_BOUND('',#5698,.T.);
#5698 = EDGE_LOOP('',(#5699,#5707,#5713,#5714));
#5699 = ORIENTED_EDGE('',*,*,#5700,.F.);
#5700 = EDGE_CURVE('',#5701,#1647,#5703,.T.);
#5701 = VERTEX_POINT('',#5702);
#5702 = CARTESIAN_POINT('',(-26.775,-12.7,-15.));
#5703 = LINE('',#5704,#5705);
#5704 = CARTESIAN_POINT('',(-26.775,-12.7,-16.));
#5705 = VECTOR('',#5706,1.);
#5706 = DIRECTION('',(0.,0.,1.));
#5707 = ORIENTED_EDGE('',*,*,#5708,.T.);
#5708 = EDGE_CURVE('',#5701,#5654,#5709,.T.);
#5709 = LINE('',#5710,#5711);
#5710 = CARTESIAN_POINT('',(-26.775,-23.09,-15.));
#5711 = VECTOR('',#5712,1.);
#5712 = DIRECTION('',(-0.,1.,0.));
#5713 = ORIENTED_EDGE('',*,*,#5662,.T.);
#5714 = ORIENTED_EDGE('',*,*,#1655,.F.);
#5715 = PLANE('',#5716);
#5716 = AXIS2_PLACEMENT_3D('',#5717,#5718,#5719);
#5717 = CARTESIAN_POINT('',(-26.775,-12.7,-16.));
#5718 = DIRECTION('',(1.,0.,-0.));
#5719 = DIRECTION('',(0.,0.,1.));
#5720 = ADVANCED_FACE('',(#5721),#5733,.F.);
#5721 = FACE_BOUND('',#5722,.F.);
#5722 = EDGE_LOOP('',(#5723,#5724,#5725,#5726));
#5723 = ORIENTED_EDGE('',*,*,#5676,.T.);
#5724 = ORIENTED_EDGE('',*,*,#1646,.F.);
#5725 = ORIENTED_EDGE('',*,*,#5700,.F.);
#5726 = ORIENTED_EDGE('',*,*,#5727,.T.);
#5727 = EDGE_CURVE('',#5701,#5677,#5728,.T.);
#5728 = CIRCLE('',#5729,1.375);
#5729 = AXIS2_PLACEMENT_3D('',#5730,#5731,#5732);
#5730 = CARTESIAN_POINT('',(-25.4,-12.7,-15.));
#5731 = DIRECTION('',(0.,0.,1.));
#5732 = DIRECTION('',(1.,0.,-0.));
#5733 = CYLINDRICAL_SURFACE('',#5734,1.375);
#5734 = AXIS2_PLACEMENT_3D('',#5735,#5736,#5737);
#5735 = CARTESIAN_POINT('',(-25.4,-12.7,-16.));
#5736 = DIRECTION('',(0.,0.,1.));
#5737 = DIRECTION('',(1.,0.,-0.));
#5738 = ADVANCED_FACE('',(#5739),#5765,.F.);
#5739 = FACE_BOUND('',#5740,.F.);
#5740 = EDGE_LOOP('',(#5741,#5742,#5750,#5759));
#5741 = ORIENTED_EDGE('',*,*,#1663,.F.);
#5742 = ORIENTED_EDGE('',*,*,#5743,.F.);
#5743 = EDGE_CURVE('',#5744,#1664,#5746,.T.);
#5744 = VERTEX_POINT('',#5745);
#5745 = CARTESIAN_POINT('',(-35.56,19.155,-15.));
#5746 = LINE('',#5747,#5748);
#5747 = CARTESIAN_POINT('',(-35.56,19.155,-16.));
#5748 = VECTOR('',#5749,1.);
#5749 = DIRECTION('',(0.,0.,1.));
#5750 = ORIENTED_EDGE('',*,*,#5751,.T.);
#5751 = EDGE_CURVE('',#5744,#5752,#5754,.T.);
#5752 = VERTEX_POINT('',#5753);
#5753 = CARTESIAN_POINT('',(-35.56,16.405,-15.));
#5754 = CIRCLE('',#5755,1.375);
#5755 = AXIS2_PLACEMENT_3D('',#5756,#5757,#5758);
#5756 = CARTESIAN_POINT('',(-35.56,17.78,-15.));
#5757 = DIRECTION('',(0.,0.,1.));
#5758 = DIRECTION('',(1.,0.,-0.));
#5759 = ORIENTED_EDGE('',*,*,#5760,.T.);
#5760 = EDGE_CURVE('',#5752,#1666,#5761,.T.);
#5761 = LINE('',#5762,#5763);
#5762 = CARTESIAN_POINT('',(-35.56,16.405,-16.));
#5763 = VECTOR('',#5764,1.);
#5764 = DIRECTION('',(0.,0.,1.));
#5765 = CYLINDRICAL_SURFACE('',#5766,1.375);
#5766 = AXIS2_PLACEMENT_3D('',#5767,#5768,#5769);
#5767 = CARTESIAN_POINT('',(-35.56,17.78,-16.));
#5768 = DIRECTION('',(0.,0.,1.));
#5769 = DIRECTION('',(1.,0.,-0.));
#5770 = ADVANCED_FACE('',(#5771),#5789,.F.);
#5771 = FACE_BOUND('',#5772,.F.);
#5772 = EDGE_LOOP('',(#5773,#5781,#5782,#5783));
#5773 = ORIENTED_EDGE('',*,*,#5774,.T.);
#5774 = EDGE_CURVE('',#5775,#5744,#5777,.T.);
#5775 = VERTEX_POINT('',#5776);
#5776 = CARTESIAN_POINT('',(-30.48,19.155,-15.));
#5777 = LINE('',#5778,#5779);
#5778 = CARTESIAN_POINT('',(-38.33,19.155,-15.));
#5779 = VECTOR('',#5780,1.);
#5780 = DIRECTION('',(-1.,-0.,0.));
#5781 = ORIENTED_EDGE('',*,*,#5743,.T.);
#5782 = ORIENTED_EDGE('',*,*,#1674,.F.);
#5783 = ORIENTED_EDGE('',*,*,#5784,.F.);
#5784 = EDGE_CURVE('',#5775,#1675,#5785,.T.);
#5785 = LINE('',#5786,#5787);
#5786 = CARTESIAN_POINT('',(-30.48,19.155,-16.));
#5787 = VECTOR('',#5788,1.);
#5788 = DIRECTION('',(0.,0.,1.));
#5789 = PLANE('',#5790);
#5790 = AXIS2_PLACEMENT_3D('',#5791,#5792,#5793);
#5791 = CARTESIAN_POINT('',(-35.56,19.155,-16.));
#5792 = DIRECTION('',(-0.,1.,0.));
#5793 = DIRECTION('',(0.,0.,1.));
#5794 = ADVANCED_FACE('',(#5795),#5813,.T.);
#5795 = FACE_BOUND('',#5796,.T.);
#5796 = EDGE_LOOP('',(#5797,#5805,#5806,#5807));
#5797 = ORIENTED_EDGE('',*,*,#5798,.T.);
#5798 = EDGE_CURVE('',#5799,#5752,#5801,.T.);
#5799 = VERTEX_POINT('',#5800);
#5800 = CARTESIAN_POINT('',(-30.48,16.405,-15.));
#5801 = LINE('',#5802,#5803);
#5802 = CARTESIAN_POINT('',(-38.33,16.405,-15.));
#5803 = VECTOR('',#5804,1.);
#5804 = DIRECTION('',(-1.,-0.,0.));
#5805 = ORIENTED_EDGE('',*,*,#5760,.T.);
#5806 = ORIENTED_EDGE('',*,*,#1700,.F.);
#5807 = ORIENTED_EDGE('',*,*,#5808,.F.);
#5808 = EDGE_CURVE('',#5799,#1692,#5809,.T.);
#5809 = LINE('',#5810,#5811);
#5810 = CARTESIAN_POINT('',(-30.48,16.405,-16.));
#5811 = VECTOR('',#5812,1.);
#5812 = DIRECTION('',(0.,0.,1.));
#5813 = PLANE('',#5814);
#5814 = AXIS2_PLACEMENT_3D('',#5815,#5816,#5817);
#5815 = CARTESIAN_POINT('',(-35.56,16.405,-16.));
#5816 = DIRECTION('',(-0.,1.,0.));
#5817 = DIRECTION('',(0.,0.,1.));
#5818 = ADVANCED_FACE('',(#5819),#5845,.F.);
#5819 = FACE_BOUND('',#5820,.F.);
#5820 = EDGE_LOOP('',(#5821,#5822,#5830,#5839));
#5821 = ORIENTED_EDGE('',*,*,#1708,.F.);
#5822 = ORIENTED_EDGE('',*,*,#5823,.F.);
#5823 = EDGE_CURVE('',#5824,#1709,#5826,.T.);
#5824 = VERTEX_POINT('',#5825);
#5825 = CARTESIAN_POINT('',(-15.24,14.075,-15.));
#5826 = LINE('',#5827,#5828);
#5827 = CARTESIAN_POINT('',(-15.24,14.075,-16.));
#5828 = VECTOR('',#5829,1.);
#5829 = DIRECTION('',(0.,0.,1.));
#5830 = ORIENTED_EDGE('',*,*,#5831,.T.);
#5831 = EDGE_CURVE('',#5824,#5832,#5834,.T.);
#5832 = VERTEX_POINT('',#5833);
#5833 = CARTESIAN_POINT('',(-15.24,11.325,-15.));
#5834 = CIRCLE('',#5835,1.375);
#5835 = AXIS2_PLACEMENT_3D('',#5836,#5837,#5838);
#5836 = CARTESIAN_POINT('',(-15.24,12.7,-15.));
#5837 = DIRECTION('',(0.,0.,1.));
#5838 = DIRECTION('',(1.,0.,-0.));
#5839 = ORIENTED_EDGE('',*,*,#5840,.T.);
#5840 = EDGE_CURVE('',#5832,#1711,#5841,.T.);
#5841 = LINE('',#5842,#5843);
#5842 = CARTESIAN_POINT('',(-15.24,11.325,-16.));
#5843 = VECTOR('',#5844,1.);
#5844 = DIRECTION('',(0.,0.,1.));
#5845 = CYLINDRICAL_SURFACE('',#5846,1.375);
#5846 = AXIS2_PLACEMENT_3D('',#5847,#5848,#5849);
#5847 = CARTESIAN_POINT('',(-15.24,12.7,-16.));
#5848 = DIRECTION('',(0.,0.,1.));
#5849 = DIRECTION('',(1.,0.,-0.));
#5850 = ADVANCED_FACE('',(#5851),#5869,.F.);
#5851 = FACE_BOUND('',#5852,.F.);
#5852 = EDGE_LOOP('',(#5853,#5861,#5862,#5863));
#5853 = ORIENTED_EDGE('',*,*,#5854,.T.);
#5854 = EDGE_CURVE('',#5855,#5824,#5857,.T.);
#5855 = VERTEX_POINT('',#5856);
#5856 = CARTESIAN_POINT('',(-10.16,14.075,-15.));
#5857 = LINE('',#5858,#5859);
#5858 = CARTESIAN_POINT('',(-28.17,14.075,-15.));
#5859 = VECTOR('',#5860,1.);
#5860 = DIRECTION('',(-1.,-0.,0.));
#5861 = ORIENTED_EDGE('',*,*,#5823,.T.);
#5862 = ORIENTED_EDGE('',*,*,#1719,.F.);
#5863 = ORIENTED_EDGE('',*,*,#5864,.F.);
#5864 = EDGE_CURVE('',#5855,#1720,#5865,.T.);
#5865 = LINE('',#5866,#5867);
#5866 = CARTESIAN_POINT('',(-10.16,14.075,-16.));
#5867 = VECTOR('',#5868,1.);
#5868 = DIRECTION('',(0.,0.,1.));
#5869 = PLANE('',#5870);
#5870 = AXIS2_PLACEMENT_3D('',#5871,#5872,#5873);
#5871 = CARTESIAN_POINT('',(-15.24,14.075,-16.));
#5872 = DIRECTION('',(-0.,1.,0.));
#5873 = DIRECTION('',(0.,0.,1.));
#5874 = ADVANCED_FACE('',(#5875),#5893,.T.);
#5875 = FACE_BOUND('',#5876,.T.);
#5876 = EDGE_LOOP('',(#5877,#5885,#5886,#5887));
#5877 = ORIENTED_EDGE('',*,*,#5878,.T.);
#5878 = EDGE_CURVE('',#5879,#5832,#5881,.T.);
#5879 = VERTEX_POINT('',#5880);
#5880 = CARTESIAN_POINT('',(-10.16,11.325,-15.));
#5881 = LINE('',#5882,#5883);
#5882 = CARTESIAN_POINT('',(-28.17,11.325,-15.));
#5883 = VECTOR('',#5884,1.);
#5884 = DIRECTION('',(-1.,-0.,0.));
#5885 = ORIENTED_EDGE('',*,*,#5840,.T.);
#5886 = ORIENTED_EDGE('',*,*,#1745,.F.);
#5887 = ORIENTED_EDGE('',*,*,#5888,.F.);
#5888 = EDGE_CURVE('',#5879,#1737,#5889,.T.);
#5889 = LINE('',#5890,#5891);
#5890 = CARTESIAN_POINT('',(-10.16,11.325,-16.));
#5891 = VECTOR('',#5892,1.);
#5892 = DIRECTION('',(0.,0.,1.));
#5893 = PLANE('',#5894);
#5894 = AXIS2_PLACEMENT_3D('',#5895,#5896,#5897);
#5895 = CARTESIAN_POINT('',(-15.24,11.325,-16.));
#5896 = DIRECTION('',(-0.,1.,0.));
#5897 = DIRECTION('',(0.,0.,1.));
#5898 = ADVANCED_FACE('',(#5899),#5925,.F.);
#5899 = FACE_BOUND('',#5900,.F.);
#5900 = EDGE_LOOP('',(#5901,#5902,#5910,#5919));
#5901 = ORIENTED_EDGE('',*,*,#1753,.F.);
#5902 = ORIENTED_EDGE('',*,*,#5903,.F.);
#5903 = EDGE_CURVE('',#5904,#1754,#5906,.T.);
#5904 = VERTEX_POINT('',#5905);
#5905 = CARTESIAN_POINT('',(-35.56,3.915,-15.));
#5906 = LINE('',#5907,#5908);
#5907 = CARTESIAN_POINT('',(-35.56,3.915,-16.));
#5908 = VECTOR('',#5909,1.);
#5909 = DIRECTION('',(0.,0.,1.));
#5910 = ORIENTED_EDGE('',*,*,#5911,.T.);
#5911 = EDGE_CURVE('',#5904,#5912,#5914,.T.);
#5912 = VERTEX_POINT('',#5913);
#5913 = CARTESIAN_POINT('',(-35.56,1.165,-15.));
#5914 = CIRCLE('',#5915,1.375);
#5915 = AXIS2_PLACEMENT_3D('',#5916,#5917,#5918);
#5916 = CARTESIAN_POINT('',(-35.56,2.54,-15.));
#5917 = DIRECTION('',(0.,0.,1.));
#5918 = DIRECTION('',(1.,0.,-0.));
#5919 = ORIENTED_EDGE('',*,*,#5920,.T.);
#5920 = EDGE_CURVE('',#5912,#1756,#5921,.T.);
#5921 = LINE('',#5922,#5923);
#5922 = CARTESIAN_POINT('',(-35.56,1.165,-16.));
#5923 = VECTOR('',#5924,1.);
#5924 = DIRECTION('',(0.,0.,1.));
#5925 = CYLINDRICAL_SURFACE('',#5926,1.375);
#5926 = AXIS2_PLACEMENT_3D('',#5927,#5928,#5929);
#5927 = CARTESIAN_POINT('',(-35.56,2.54,-16.));
#5928 = DIRECTION('',(0.,0.,1.));
#5929 = DIRECTION('',(1.,0.,-0.));
#5930 = ADVANCED_FACE('',(#5931),#5949,.F.);
#5931 = FACE_BOUND('',#5932,.F.);
#5932 = EDGE_LOOP('',(#5933,#5941,#5942,#5943));
#5933 = ORIENTED_EDGE('',*,*,#5934,.T.);
#5934 = EDGE_CURVE('',#5935,#5904,#5937,.T.);
#5935 = VERTEX_POINT('',#5936);
#5936 = CARTESIAN_POINT('',(-30.48,3.915,-15.));
#5937 = LINE('',#5938,#5939);
#5938 = CARTESIAN_POINT('',(-38.33,3.915,-15.));
#5939 = VECTOR('',#5940,1.);
#5940 = DIRECTION('',(-1.,-0.,0.));
#5941 = ORIENTED_EDGE('',*,*,#5903,.T.);
#5942 = ORIENTED_EDGE('',*,*,#1764,.F.);
#5943 = ORIENTED_EDGE('',*,*,#5944,.F.);
#5944 = EDGE_CURVE('',#5935,#1765,#5945,.T.);
#5945 = LINE('',#5946,#5947);
#5946 = CARTESIAN_POINT('',(-30.48,3.915,-16.));
#5947 = VECTOR('',#5948,1.);
#5948 = DIRECTION('',(0.,0.,1.));
#5949 = PLANE('',#5950);
#5950 = AXIS2_PLACEMENT_3D('',#5951,#5952,#5953);
#5951 = CARTESIAN_POINT('',(-35.56,3.915,-16.));
#5952 = DIRECTION('',(-0.,1.,0.));
#5953 = DIRECTION('',(0.,0.,1.));
#5954 = ADVANCED_FACE('',(#5955),#5973,.T.);
#5955 = FACE_BOUND('',#5956,.T.);
#5956 = EDGE_LOOP('',(#5957,#5965,#5966,#5967));
#5957 = ORIENTED_EDGE('',*,*,#5958,.T.);
#5958 = EDGE_CURVE('',#5959,#5912,#5961,.T.);
#5959 = VERTEX_POINT('',#5960);
#5960 = CARTESIAN_POINT('',(-30.48,1.165,-15.));
#5961 = LINE('',#5962,#5963);
#5962 = CARTESIAN_POINT('',(-38.33,1.165,-15.));
#5963 = VECTOR('',#5964,1.);
#5964 = DIRECTION('',(-1.,-0.,0.));
#5965 = ORIENTED_EDGE('',*,*,#5920,.T.);
#5966 = ORIENTED_EDGE('',*,*,#1790,.F.);
#5967 = ORIENTED_EDGE('',*,*,#5968,.F.);
#5968 = EDGE_CURVE('',#5959,#1782,#5969,.T.);
#5969 = LINE('',#5970,#5971);
#5970 = CARTESIAN_POINT('',(-30.48,1.165,-16.));
#5971 = VECTOR('',#5972,1.);
#5972 = DIRECTION('',(0.,0.,1.));
#5973 = PLANE('',#5974);
#5974 = AXIS2_PLACEMENT_3D('',#5975,#5976,#5977);
#5975 = CARTESIAN_POINT('',(-35.56,1.165,-16.));
#5976 = DIRECTION('',(-0.,1.,0.));
#5977 = DIRECTION('',(0.,0.,1.));
#5978 = ADVANCED_FACE('',(#5979),#6005,.F.);
#5979 = FACE_BOUND('',#5980,.F.);
#5980 = EDGE_LOOP('',(#5981,#5982,#5990,#5999));
#5981 = ORIENTED_EDGE('',*,*,#1798,.F.);
#5982 = ORIENTED_EDGE('',*,*,#5983,.F.);
#5983 = EDGE_CURVE('',#5984,#1799,#5986,.T.);
#5984 = VERTEX_POINT('',#5985);
#5985 = CARTESIAN_POINT('',(-35.56,-26.565,-15.));
#5986 = LINE('',#5987,#5988);
#5987 = CARTESIAN_POINT('',(-35.56,-26.565,-16.));
#5988 = VECTOR('',#5989,1.);
#5989 = DIRECTION('',(0.,0.,1.));
#5990 = ORIENTED_EDGE('',*,*,#5991,.T.);
#5991 = EDGE_CURVE('',#5984,#5992,#5994,.T.);
#5992 = VERTEX_POINT('',#5993);
#5993 = CARTESIAN_POINT('',(-35.56,-29.315,-15.));
#5994 = CIRCLE('',#5995,1.375);
#5995 = AXIS2_PLACEMENT_3D('',#5996,#5997,#5998);
#5996 = CARTESIAN_POINT('',(-35.56,-27.94,-15.));
#5997 = DIRECTION('',(0.,0.,1.));
#5998 = DIRECTION('',(1.,0.,-0.));
#5999 = ORIENTED_EDGE('',*,*,#6000,.T.);
#6000 = EDGE_CURVE('',#5992,#1801,#6001,.T.);
#6001 = LINE('',#6002,#6003);
#6002 = CARTESIAN_POINT('',(-35.56,-29.315,-16.));
#6003 = VECTOR('',#6004,1.);
#6004 = DIRECTION('',(0.,0.,1.));
#6005 = CYLINDRICAL_SURFACE('',#6006,1.375);
#6006 = AXIS2_PLACEMENT_3D('',#6007,#6008,#6009);
#6007 = CARTESIAN_POINT('',(-35.56,-27.94,-16.));
#6008 = DIRECTION('',(0.,0.,1.));
#6009 = DIRECTION('',(1.,0.,-0.));
#6010 = ADVANCED_FACE('',(#6011),#6029,.F.);
#6011 = FACE_BOUND('',#6012,.F.);
#6012 = EDGE_LOOP('',(#6013,#6021,#6022,#6023));
#6013 = ORIENTED_EDGE('',*,*,#6014,.T.);
#6014 = EDGE_CURVE('',#6015,#5984,#6017,.T.);
#6015 = VERTEX_POINT('',#6016);
#6016 = CARTESIAN_POINT('',(-30.48,-26.565,-15.));
#6017 = LINE('',#6018,#6019);
#6018 = CARTESIAN_POINT('',(-38.33,-26.565,-15.));
#6019 = VECTOR('',#6020,1.);
#6020 = DIRECTION('',(-1.,-0.,0.));
#6021 = ORIENTED_EDGE('',*,*,#5983,.T.);
#6022 = ORIENTED_EDGE('',*,*,#1809,.F.);
#6023 = ORIENTED_EDGE('',*,*,#6024,.F.);
#6024 = EDGE_CURVE('',#6015,#1810,#6025,.T.);
#6025 = LINE('',#6026,#6027);
#6026 = CARTESIAN_POINT('',(-30.48,-26.565,-16.));
#6027 = VECTOR('',#6028,1.);
#6028 = DIRECTION('',(0.,0.,1.));
#6029 = PLANE('',#6030);
#6030 = AXIS2_PLACEMENT_3D('',#6031,#6032,#6033);
#6031 = CARTESIAN_POINT('',(-35.56,-26.565,-16.));
#6032 = DIRECTION('',(-0.,1.,0.));
#6033 = DIRECTION('',(0.,0.,1.));
#6034 = ADVANCED_FACE('',(#6035),#6053,.T.);
#6035 = FACE_BOUND('',#6036,.T.);
#6036 = EDGE_LOOP('',(#6037,#6045,#6046,#6047));
#6037 = ORIENTED_EDGE('',*,*,#6038,.T.);
#6038 = EDGE_CURVE('',#6039,#5992,#6041,.T.);
#6039 = VERTEX_POINT('',#6040);
#6040 = CARTESIAN_POINT('',(-30.48,-29.315,-15.));
#6041 = LINE('',#6042,#6043);
#6042 = CARTESIAN_POINT('',(-38.33,-29.315,-15.));
#6043 = VECTOR('',#6044,1.);
#6044 = DIRECTION('',(-1.,-0.,0.));
#6045 = ORIENTED_EDGE('',*,*,#6000,.T.);
#6046 = ORIENTED_EDGE('',*,*,#1835,.F.);
#6047 = ORIENTED_EDGE('',*,*,#6048,.F.);
#6048 = EDGE_CURVE('',#6039,#1827,#6049,.T.);
#6049 = LINE('',#6050,#6051);
#6050 = CARTESIAN_POINT('',(-30.48,-29.315,-16.));
#6051 = VECTOR('',#6052,1.);
#6052 = DIRECTION('',(0.,0.,1.));
#6053 = PLANE('',#6054);
#6054 = AXIS2_PLACEMENT_3D('',#6055,#6056,#6057);
#6055 = CARTESIAN_POINT('',(-35.56,-29.315,-16.));
#6056 = DIRECTION('',(-0.,1.,0.));
#6057 = DIRECTION('',(0.,0.,1.));
#6058 = ADVANCED_FACE('',(#6059),#6085,.F.);
#6059 = FACE_BOUND('',#6060,.F.);
#6060 = EDGE_LOOP('',(#6061,#6062,#6070,#6079));
#6061 = ORIENTED_EDGE('',*,*,#1843,.F.);
#6062 = ORIENTED_EDGE('',*,*,#6063,.F.);
#6063 = EDGE_CURVE('',#6064,#1844,#6066,.T.);
#6064 = VERTEX_POINT('',#6065);
#6065 = CARTESIAN_POINT('',(-8.785,-7.62,-15.));
#6066 = LINE('',#6067,#6068);
#6067 = CARTESIAN_POINT('',(-8.785,-7.62,-16.));
#6068 = VECTOR('',#6069,1.);
#6069 = DIRECTION('',(0.,0.,1.));
#6070 = ORIENTED_EDGE('',*,*,#6071,.T.);
#6071 = EDGE_CURVE('',#6064,#6072,#6074,.T.);
#6072 = VERTEX_POINT('',#6073);
#6073 = CARTESIAN_POINT('',(-11.535,-7.62,-15.));
#6074 = CIRCLE('',#6075,1.375);
#6075 = AXIS2_PLACEMENT_3D('',#6076,#6077,#6078);
#6076 = CARTESIAN_POINT('',(-10.16,-7.62,-15.));
#6077 = DIRECTION('',(0.,0.,1.));
#6078 = DIRECTION('',(1.,0.,-0.));
#6079 = ORIENTED_EDGE('',*,*,#6080,.T.);
#6080 = EDGE_CURVE('',#6072,#1846,#6081,.T.);
#6081 = LINE('',#6082,#6083);
#6082 = CARTESIAN_POINT('',(-11.535,-7.62,-16.));
#6083 = VECTOR('',#6084,1.);
#6084 = DIRECTION('',(0.,0.,1.));
#6085 = CYLINDRICAL_SURFACE('',#6086,1.375);
#6086 = AXIS2_PLACEMENT_3D('',#6087,#6088,#6089);
#6087 = CARTESIAN_POINT('',(-10.16,-7.62,-16.));
#6088 = DIRECTION('',(0.,0.,1.));
#6089 = DIRECTION('',(1.,0.,-0.));
#6090 = ADVANCED_FACE('',(#6091),#6109,.F.);
#6091 = FACE_BOUND('',#6092,.F.);
#6092 = EDGE_LOOP('',(#6093,#6101,#6107,#6108));
#6093 = ORIENTED_EDGE('',*,*,#6094,.F.);
#6094 = EDGE_CURVE('',#6095,#1855,#6097,.T.);
#6095 = VERTEX_POINT('',#6096);
#6096 = CARTESIAN_POINT('',(-8.785,-12.7,-15.));
#6097 = LINE('',#6098,#6099);
#6098 = CARTESIAN_POINT('',(-8.785,-12.7,-16.));
#6099 = VECTOR('',#6100,1.);
#6100 = DIRECTION('',(0.,0.,1.));
#6101 = ORIENTED_EDGE('',*,*,#6102,.T.);
#6102 = EDGE_CURVE('',#6095,#6064,#6103,.T.);
#6103 = LINE('',#6104,#6105);
#6104 = CARTESIAN_POINT('',(-8.785,-23.09,-15.));
#6105 = VECTOR('',#6106,1.);
#6106 = DIRECTION('',(-0.,1.,0.));
#6107 = ORIENTED_EDGE('',*,*,#6063,.T.);
#6108 = ORIENTED_EDGE('',*,*,#1854,.F.);
#6109 = PLANE('',#6110);
#6110 = AXIS2_PLACEMENT_3D('',#6111,#6112,#6113);
#6111 = CARTESIAN_POINT('',(-8.785,-12.7,-16.));
#6112 = DIRECTION('',(1.,0.,-0.));
#6113 = DIRECTION('',(0.,0.,1.));
#6114 = ADVANCED_FACE('',(#6115),#6133,.T.);
#6115 = FACE_BOUND('',#6116,.T.);
#6116 = EDGE_LOOP('',(#6117,#6125,#6131,#6132));
#6117 = ORIENTED_EDGE('',*,*,#6118,.F.);
#6118 = EDGE_CURVE('',#6119,#1863,#6121,.T.);
#6119 = VERTEX_POINT('',#6120);
#6120 = CARTESIAN_POINT('',(-11.535,-12.7,-15.));
#6121 = LINE('',#6122,#6123);
#6122 = CARTESIAN_POINT('',(-11.535,-12.7,-16.));
#6123 = VECTOR('',#6124,1.);
#6124 = DIRECTION('',(0.,0.,1.));
#6125 = ORIENTED_EDGE('',*,*,#6126,.T.);
#6126 = EDGE_CURVE('',#6119,#6072,#6127,.T.);
#6127 = LINE('',#6128,#6129);
#6128 = CARTESIAN_POINT('',(-11.535,-23.09,-15.));
#6129 = VECTOR('',#6130,1.);
#6130 = DIRECTION('',(-0.,1.,0.));
#6131 = ORIENTED_EDGE('',*,*,#6080,.T.);
#6132 = ORIENTED_EDGE('',*,*,#1871,.F.);
#6133 = PLANE('',#6134);
#6134 = AXIS2_PLACEMENT_3D('',#6135,#6136,#6137);
#6135 = CARTESIAN_POINT('',(-11.535,-12.7,-16.));
#6136 = DIRECTION('',(1.,0.,-0.));
#6137 = DIRECTION('',(0.,0.,1.));
#6138 = ADVANCED_FACE('',(#6139),#6151,.F.);
#6139 = FACE_BOUND('',#6140,.F.);
#6140 = EDGE_LOOP('',(#6141,#6142,#6143,#6144));
#6141 = ORIENTED_EDGE('',*,*,#6094,.T.);
#6142 = ORIENTED_EDGE('',*,*,#1862,.F.);
#6143 = ORIENTED_EDGE('',*,*,#6118,.F.);
#6144 = ORIENTED_EDGE('',*,*,#6145,.T.);
#6145 = EDGE_CURVE('',#6119,#6095,#6146,.T.);
#6146 = CIRCLE('',#6147,1.375);
#6147 = AXIS2_PLACEMENT_3D('',#6148,#6149,#6150);
#6148 = CARTESIAN_POINT('',(-10.16,-12.7,-15.));
#6149 = DIRECTION('',(0.,0.,1.));
#6150 = DIRECTION('',(1.,0.,-0.));
#6151 = CYLINDRICAL_SURFACE('',#6152,1.375);
#6152 = AXIS2_PLACEMENT_3D('',#6153,#6154,#6155);
#6153 = CARTESIAN_POINT('',(-10.16,-12.7,-16.));
#6154 = DIRECTION('',(0.,0.,1.));
#6155 = DIRECTION('',(1.,0.,-0.));
#6156 = ADVANCED_FACE('',(#6157),#6183,.F.);
#6157 = FACE_BOUND('',#6158,.F.);
#6158 = EDGE_LOOP('',(#6159,#6160,#6168,#6177));
#6159 = ORIENTED_EDGE('',*,*,#1879,.F.);
#6160 = ORIENTED_EDGE('',*,*,#6161,.F.);
#6161 = EDGE_CURVE('',#6162,#1880,#6164,.T.);
#6162 = VERTEX_POINT('',#6163);
#6163 = CARTESIAN_POINT('',(36.935,-7.62,-15.));
#6164 = LINE('',#6165,#6166);
#6165 = CARTESIAN_POINT('',(36.935,-7.62,-16.));
#6166 = VECTOR('',#6167,1.);
#6167 = DIRECTION('',(0.,0.,1.));
#6168 = ORIENTED_EDGE('',*,*,#6169,.T.);
#6169 = EDGE_CURVE('',#6162,#6170,#6172,.T.);
#6170 = VERTEX_POINT('',#6171);
#6171 = CARTESIAN_POINT('',(34.185,-7.62,-15.));
#6172 = CIRCLE('',#6173,1.375);
#6173 = AXIS2_PLACEMENT_3D('',#6174,#6175,#6176);
#6174 = CARTESIAN_POINT('',(35.56,-7.62,-15.));
#6175 = DIRECTION('',(0.,0.,1.));
#6176 = DIRECTION('',(1.,0.,-0.));
#6177 = ORIENTED_EDGE('',*,*,#6178,.T.);
#6178 = EDGE_CURVE('',#6170,#1882,#6179,.T.);
#6179 = LINE('',#6180,#6181);
#6180 = CARTESIAN_POINT('',(34.185,-7.62,-16.));
#6181 = VECTOR('',#6182,1.);
#6182 = DIRECTION('',(0.,0.,1.));
#6183 = CYLINDRICAL_SURFACE('',#6184,1.375);
#6184 = AXIS2_PLACEMENT_3D('',#6185,#6186,#6187);
#6185 = CARTESIAN_POINT('',(35.56,-7.62,-16.));
#6186 = DIRECTION('',(0.,0.,1.));
#6187 = DIRECTION('',(1.,0.,-0.));
#6188 = ADVANCED_FACE('',(#6189),#6207,.F.);
#6189 = FACE_BOUND('',#6190,.F.);
#6190 = EDGE_LOOP('',(#6191,#6199,#6205,#6206));
#6191 = ORIENTED_EDGE('',*,*,#6192,.F.);
#6192 = EDGE_CURVE('',#6193,#1891,#6195,.T.);
#6193 = VERTEX_POINT('',#6194);
#6194 = CARTESIAN_POINT('',(36.935,-12.7,-15.));
#6195 = LINE('',#6196,#6197);
#6196 = CARTESIAN_POINT('',(36.935,-12.7,-16.));
#6197 = VECTOR('',#6198,1.);
#6198 = DIRECTION('',(0.,0.,1.));
#6199 = ORIENTED_EDGE('',*,*,#6200,.T.);
#6200 = EDGE_CURVE('',#6193,#6162,#6201,.T.);
#6201 = LINE('',#6202,#6203);
#6202 = CARTESIAN_POINT('',(36.935,-23.09,-15.));
#6203 = VECTOR('',#6204,1.);
#6204 = DIRECTION('',(-0.,1.,0.));
#6205 = ORIENTED_EDGE('',*,*,#6161,.T.);
#6206 = ORIENTED_EDGE('',*,*,#1890,.F.);
#6207 = PLANE('',#6208);
#6208 = AXIS2_PLACEMENT_3D('',#6209,#6210,#6211);
#6209 = CARTESIAN_POINT('',(36.935,-12.7,-16.));
#6210 = DIRECTION('',(1.,0.,-0.));
#6211 = DIRECTION('',(0.,0.,1.));
#6212 = ADVANCED_FACE('',(#6213),#6231,.T.);
#6213 = FACE_BOUND('',#6214,.T.);
#6214 = EDGE_LOOP('',(#6215,#6223,#6229,#6230));
#6215 = ORIENTED_EDGE('',*,*,#6216,.F.);
#6216 = EDGE_CURVE('',#6217,#1899,#6219,.T.);
#6217 = VERTEX_POINT('',#6218);
#6218 = CARTESIAN_POINT('',(34.185,-12.7,-15.));
#6219 = LINE('',#6220,#6221);
#6220 = CARTESIAN_POINT('',(34.185,-12.7,-16.));
#6221 = VECTOR('',#6222,1.);
#6222 = DIRECTION('',(0.,0.,1.));
#6223 = ORIENTED_EDGE('',*,*,#6224,.T.);
#6224 = EDGE_CURVE('',#6217,#6170,#6225,.T.);
#6225 = LINE('',#6226,#6227);
#6226 = CARTESIAN_POINT('',(34.185,-23.09,-15.));
#6227 = VECTOR('',#6228,1.);
#6228 = DIRECTION('',(-0.,1.,0.));
#6229 = ORIENTED_EDGE('',*,*,#6178,.T.);
#6230 = ORIENTED_EDGE('',*,*,#1907,.F.);
#6231 = PLANE('',#6232);
#6232 = AXIS2_PLACEMENT_3D('',#6233,#6234,#6235);
#6233 = CARTESIAN_POINT('',(34.185,-12.7,-16.));
#6234 = DIRECTION('',(1.,0.,-0.));
#6235 = DIRECTION('',(0.,0.,1.));
#6236 = ADVANCED_FACE('',(#6237),#6249,.F.);
#6237 = FACE_BOUND('',#6238,.F.);
#6238 = EDGE_LOOP('',(#6239,#6240,#6241,#6242));
#6239 = ORIENTED_EDGE('',*,*,#6192,.T.);
#6240 = ORIENTED_EDGE('',*,*,#1898,.F.);
#6241 = ORIENTED_EDGE('',*,*,#6216,.F.);
#6242 = ORIENTED_EDGE('',*,*,#6243,.T.);
#6243 = EDGE_CURVE('',#6217,#6193,#6244,.T.);
#6244 = CIRCLE('',#6245,1.375);
#6245 = AXIS2_PLACEMENT_3D('',#6246,#6247,#6248);
#6246 = CARTESIAN_POINT('',(35.56,-12.7,-15.));
#6247 = DIRECTION('',(0.,0.,1.));
#6248 = DIRECTION('',(1.,0.,-0.));
#6249 = CYLINDRICAL_SURFACE('',#6250,1.375);
#6250 = AXIS2_PLACEMENT_3D('',#6251,#6252,#6253);
#6251 = CARTESIAN_POINT('',(35.56,-12.7,-16.));
#6252 = DIRECTION('',(0.,0.,1.));
#6253 = DIRECTION('',(1.,0.,-0.));
#6254 = ADVANCED_FACE('',(#6255),#6281,.F.);
#6255 = FACE_BOUND('',#6256,.F.);
#6256 = EDGE_LOOP('',(#6257,#6258,#6266,#6275));
#6257 = ORIENTED_EDGE('',*,*,#1915,.F.);
#6258 = ORIENTED_EDGE('',*,*,#6259,.F.);
#6259 = EDGE_CURVE('',#6260,#1916,#6262,.T.);
#6260 = VERTEX_POINT('',#6261);
#6261 = CARTESIAN_POINT('',(-24.025,-22.86,-15.));
#6262 = LINE('',#6263,#6264);
#6263 = CARTESIAN_POINT('',(-24.025,-22.86,-16.));
#6264 = VECTOR('',#6265,1.);
#6265 = DIRECTION('',(0.,0.,1.));
#6266 = ORIENTED_EDGE('',*,*,#6267,.T.);
#6267 = EDGE_CURVE('',#6260,#6268,#6270,.T.);
#6268 = VERTEX_POINT('',#6269);
#6269 = CARTESIAN_POINT('',(-26.775,-22.86,-15.));
#6270 = CIRCLE('',#6271,1.375);
#6271 = AXIS2_PLACEMENT_3D('',#6272,#6273,#6274);
#6272 = CARTESIAN_POINT('',(-25.4,-22.86,-15.));
#6273 = DIRECTION('',(0.,0.,1.));
#6274 = DIRECTION('',(1.,0.,-0.));
#6275 = ORIENTED_EDGE('',*,*,#6276,.T.);
#6276 = EDGE_CURVE('',#6268,#1918,#6277,.T.);
#6277 = LINE('',#6278,#6279);
#6278 = CARTESIAN_POINT('',(-26.775,-22.86,-16.));
#6279 = VECTOR('',#6280,1.);
#6280 = DIRECTION('',(0.,0.,1.));
#6281 = CYLINDRICAL_SURFACE('',#6282,1.375);
#6282 = AXIS2_PLACEMENT_3D('',#6283,#6284,#6285);
#6283 = CARTESIAN_POINT('',(-25.4,-22.86,-16.));
#6284 = DIRECTION('',(0.,0.,1.));
#6285 = DIRECTION('',(1.,0.,-0.));
#6286 = ADVANCED_FACE('',(#6287),#6305,.F.);
#6287 = FACE_BOUND('',#6288,.F.);
#6288 = EDGE_LOOP('',(#6289,#6297,#6303,#6304));
#6289 = ORIENTED_EDGE('',*,*,#6290,.F.);
#6290 = EDGE_CURVE('',#6291,#1927,#6293,.T.);
#6291 = VERTEX_POINT('',#6292);
#6292 = CARTESIAN_POINT('',(-24.025,-27.94,-15.));
#6293 = LINE('',#6294,#6295);
#6294 = CARTESIAN_POINT('',(-24.025,-27.94,-16.));
#6295 = VECTOR('',#6296,1.);
#6296 = DIRECTION('',(0.,0.,1.));
#6297 = ORIENTED_EDGE('',*,*,#6298,.T.);
#6298 = EDGE_CURVE('',#6291,#6260,#6299,.T.);
#6299 = LINE('',#6300,#6301);
#6300 = CARTESIAN_POINT('',(-24.025,-30.71,-15.));
#6301 = VECTOR('',#6302,1.);
#6302 = DIRECTION('',(-0.,1.,0.));
#6303 = ORIENTED_EDGE('',*,*,#6259,.T.);
#6304 = ORIENTED_EDGE('',*,*,#1926,.F.);
#6305 = PLANE('',#6306);
#6306 = AXIS2_PLACEMENT_3D('',#6307,#6308,#6309);
#6307 = CARTESIAN_POINT('',(-24.025,-27.94,-16.));
#6308 = DIRECTION('',(1.,0.,-0.));
#6309 = DIRECTION('',(0.,0.,1.));
#6310 = ADVANCED_FACE('',(#6311),#6329,.T.);
#6311 = FACE_BOUND('',#6312,.T.);
#6312 = EDGE_LOOP('',(#6313,#6321,#6327,#6328));
#6313 = ORIENTED_EDGE('',*,*,#6314,.F.);
#6314 = EDGE_CURVE('',#6315,#1935,#6317,.T.);
#6315 = VERTEX_POINT('',#6316);
#6316 = CARTESIAN_POINT('',(-26.775,-27.94,-15.));
#6317 = LINE('',#6318,#6319);
#6318 = CARTESIAN_POINT('',(-26.775,-27.94,-16.));
#6319 = VECTOR('',#6320,1.);
#6320 = DIRECTION('',(0.,0.,1.));
#6321 = ORIENTED_EDGE('',*,*,#6322,.T.);
#6322 = EDGE_CURVE('',#6315,#6268,#6323,.T.);
#6323 = LINE('',#6324,#6325);
#6324 = CARTESIAN_POINT('',(-26.775,-30.71,-15.));
#6325 = VECTOR('',#6326,1.);
#6326 = DIRECTION('',(-0.,1.,0.));
#6327 = ORIENTED_EDGE('',*,*,#6276,.T.);
#6328 = ORIENTED_EDGE('',*,*,#1943,.F.);
#6329 = PLANE('',#6330);
#6330 = AXIS2_PLACEMENT_3D('',#6331,#6332,#6333);
#6331 = CARTESIAN_POINT('',(-26.775,-27.94,-16.));
#6332 = DIRECTION('',(1.,0.,-0.));
#6333 = DIRECTION('',(0.,0.,1.));
#6334 = ADVANCED_FACE('',(#6335),#6347,.F.);
#6335 = FACE_BOUND('',#6336,.F.);
#6336 = EDGE_LOOP('',(#6337,#6338,#6339,#6340));
#6337 = ORIENTED_EDGE('',*,*,#6290,.T.);
#6338 = ORIENTED_EDGE('',*,*,#1934,.F.);
#6339 = ORIENTED_EDGE('',*,*,#6314,.F.);
#6340 = ORIENTED_EDGE('',*,*,#6341,.T.);
#6341 = EDGE_CURVE('',#6315,#6291,#6342,.T.);
#6342 = CIRCLE('',#6343,1.375);
#6343 = AXIS2_PLACEMENT_3D('',#6344,#6345,#6346);
#6344 = CARTESIAN_POINT('',(-25.4,-27.94,-15.));
#6345 = DIRECTION('',(0.,0.,1.));
#6346 = DIRECTION('',(1.,0.,-0.));
#6347 = CYLINDRICAL_SURFACE('',#6348,1.375);
#6348 = AXIS2_PLACEMENT_3D('',#6349,#6350,#6351);
#6349 = CARTESIAN_POINT('',(-25.4,-27.94,-16.));
#6350 = DIRECTION('',(0.,0.,1.));
#6351 = DIRECTION('',(1.,0.,-0.));
#6352 = ADVANCED_FACE('',(#6353),#6379,.F.);
#6353 = FACE_BOUND('',#6354,.F.);
#6354 = EDGE_LOOP('',(#6355,#6356,#6364,#6373));
#6355 = ORIENTED_EDGE('',*,*,#1951,.F.);
#6356 = ORIENTED_EDGE('',*,*,#6357,.F.);
#6357 = EDGE_CURVE('',#6358,#1952,#6360,.T.);
#6358 = VERTEX_POINT('',#6359);
#6359 = CARTESIAN_POINT('',(6.455,-22.86,-15.));
#6360 = LINE('',#6361,#6362);
#6361 = CARTESIAN_POINT('',(6.455,-22.86,-16.));
#6362 = VECTOR('',#6363,1.);
#6363 = DIRECTION('',(0.,0.,1.));
#6364 = ORIENTED_EDGE('',*,*,#6365,.T.);
#6365 = EDGE_CURVE('',#6358,#6366,#6368,.T.);
#6366 = VERTEX_POINT('',#6367);
#6367 = CARTESIAN_POINT('',(3.705,-22.86,-15.));
#6368 = CIRCLE('',#6369,1.375);
#6369 = AXIS2_PLACEMENT_3D('',#6370,#6371,#6372);
#6370 = CARTESIAN_POINT('',(5.08,-22.86,-15.));
#6371 = DIRECTION('',(0.,0.,1.));
#6372 = DIRECTION('',(1.,0.,-0.));
#6373 = ORIENTED_EDGE('',*,*,#6374,.T.);
#6374 = EDGE_CURVE('',#6366,#1954,#6375,.T.);
#6375 = LINE('',#6376,#6377);
#6376 = CARTESIAN_POINT('',(3.705,-22.86,-16.));
#6377 = VECTOR('',#6378,1.);
#6378 = DIRECTION('',(0.,0.,1.));
#6379 = CYLINDRICAL_SURFACE('',#6380,1.375);
#6380 = AXIS2_PLACEMENT_3D('',#6381,#6382,#6383);
#6381 = CARTESIAN_POINT('',(5.08,-22.86,-16.));
#6382 = DIRECTION('',(0.,0.,1.));
#6383 = DIRECTION('',(1.,0.,-0.));
#6384 = ADVANCED_FACE('',(#6385),#6403,.F.);
#6385 = FACE_BOUND('',#6386,.F.);
#6386 = EDGE_LOOP('',(#6387,#6395,#6401,#6402));
#6387 = ORIENTED_EDGE('',*,*,#6388,.F.);
#6388 = EDGE_CURVE('',#6389,#1963,#6391,.T.);
#6389 = VERTEX_POINT('',#6390);
#6390 = CARTESIAN_POINT('',(6.455,-27.94,-15.));
#6391 = LINE('',#6392,#6393);
#6392 = CARTESIAN_POINT('',(6.455,-27.94,-16.));
#6393 = VECTOR('',#6394,1.);
#6394 = DIRECTION('',(0.,0.,1.));
#6395 = ORIENTED_EDGE('',*,*,#6396,.T.);
#6396 = EDGE_CURVE('',#6389,#6358,#6397,.T.);
#6397 = LINE('',#6398,#6399);
#6398 = CARTESIAN_POINT('',(6.455,-30.71,-15.));
#6399 = VECTOR('',#6400,1.);
#6400 = DIRECTION('',(-0.,1.,0.));
#6401 = ORIENTED_EDGE('',*,*,#6357,.T.);
#6402 = ORIENTED_EDGE('',*,*,#1962,.F.);
#6403 = PLANE('',#6404);
#6404 = AXIS2_PLACEMENT_3D('',#6405,#6406,#6407);
#6405 = CARTESIAN_POINT('',(6.455,-27.94,-16.));
#6406 = DIRECTION('',(1.,0.,-0.));
#6407 = DIRECTION('',(0.,0.,1.));
#6408 = ADVANCED_FACE('',(#6409),#6427,.T.);
#6409 = FACE_BOUND('',#6410,.T.);
#6410 = EDGE_LOOP('',(#6411,#6419,#6425,#6426));
#6411 = ORIENTED_EDGE('',*,*,#6412,.F.);
#6412 = EDGE_CURVE('',#6413,#1971,#6415,.T.);
#6413 = VERTEX_POINT('',#6414);
#6414 = CARTESIAN_POINT('',(3.705,-27.94,-15.));
#6415 = LINE('',#6416,#6417);
#6416 = CARTESIAN_POINT('',(3.705,-27.94,-16.));
#6417 = VECTOR('',#6418,1.);
#6418 = DIRECTION('',(0.,0.,1.));
#6419 = ORIENTED_EDGE('',*,*,#6420,.T.);
#6420 = EDGE_CURVE('',#6413,#6366,#6421,.T.);
#6421 = LINE('',#6422,#6423);
#6422 = CARTESIAN_POINT('',(3.705,-30.71,-15.));
#6423 = VECTOR('',#6424,1.);
#6424 = DIRECTION('',(-0.,1.,0.));
#6425 = ORIENTED_EDGE('',*,*,#6374,.T.);
#6426 = ORIENTED_EDGE('',*,*,#1979,.F.);
#6427 = PLANE('',#6428);
#6428 = AXIS2_PLACEMENT_3D('',#6429,#6430,#6431);
#6429 = CARTESIAN_POINT('',(3.705,-27.94,-16.));
#6430 = DIRECTION('',(1.,0.,-0.));
#6431 = DIRECTION('',(0.,0.,1.));
#6432 = ADVANCED_FACE('',(#6433),#6445,.F.);
#6433 = FACE_BOUND('',#6434,.F.);
#6434 = EDGE_LOOP('',(#6435,#6436,#6437,#6438));
#6435 = ORIENTED_EDGE('',*,*,#6388,.T.);
#6436 = ORIENTED_EDGE('',*,*,#1970,.F.);
#6437 = ORIENTED_EDGE('',*,*,#6412,.F.);
#6438 = ORIENTED_EDGE('',*,*,#6439,.T.);
#6439 = EDGE_CURVE('',#6413,#6389,#6440,.T.);
#6440 = CIRCLE('',#6441,1.375);
#6441 = AXIS2_PLACEMENT_3D('',#6442,#6443,#6444);
#6442 = CARTESIAN_POINT('',(5.08,-27.94,-15.));
#6443 = DIRECTION('',(0.,0.,1.));
#6444 = DIRECTION('',(1.,0.,-0.));
#6445 = CYLINDRICAL_SURFACE('',#6446,1.375);
#6446 = AXIS2_PLACEMENT_3D('',#6447,#6448,#6449);
#6447 = CARTESIAN_POINT('',(5.08,-27.94,-16.));
#6448 = DIRECTION('',(0.,0.,1.));
#6449 = DIRECTION('',(1.,0.,-0.));
#6450 = ADVANCED_FACE('',(#6451),#6477,.F.);
#6451 = FACE_BOUND('',#6452,.F.);
#6452 = EDGE_LOOP('',(#6453,#6454,#6462,#6471));
#6453 = ORIENTED_EDGE('',*,*,#1987,.F.);
#6454 = ORIENTED_EDGE('',*,*,#6455,.F.);
#6455 = EDGE_CURVE('',#6456,#1988,#6458,.T.);
#6456 = VERTEX_POINT('',#6457);
#6457 = CARTESIAN_POINT('',(-34.185,-17.78,-15.));
#6458 = LINE('',#6459,#6460);
#6459 = CARTESIAN_POINT('',(-34.185,-17.78,-16.));
#6460 = VECTOR('',#6461,1.);
#6461 = DIRECTION('',(0.,0.,1.));
#6462 = ORIENTED_EDGE('',*,*,#6463,.T.);
#6463 = EDGE_CURVE('',#6456,#6464,#6466,.T.);
#6464 = VERTEX_POINT('',#6465);
#6465 = CARTESIAN_POINT('',(-36.935,-17.78,-15.));
#6466 = CIRCLE('',#6467,1.375);
#6467 = AXIS2_PLACEMENT_3D('',#6468,#6469,#6470);
#6468 = CARTESIAN_POINT('',(-35.56,-17.78,-15.));
#6469 = DIRECTION('',(0.,0.,1.));
#6470 = DIRECTION('',(1.,0.,-0.));
#6471 = ORIENTED_EDGE('',*,*,#6472,.T.);
#6472 = EDGE_CURVE('',#6464,#1990,#6473,.T.);
#6473 = LINE('',#6474,#6475);
#6474 = CARTESIAN_POINT('',(-36.935,-17.78,-16.));
#6475 = VECTOR('',#6476,1.);
#6476 = DIRECTION('',(0.,0.,1.));
#6477 = CYLINDRICAL_SURFACE('',#6478,1.375);
#6478 = AXIS2_PLACEMENT_3D('',#6479,#6480,#6481);
#6479 = CARTESIAN_POINT('',(-35.56,-17.78,-16.));
#6480 = DIRECTION('',(0.,0.,1.));
#6481 = DIRECTION('',(1.,0.,-0.));
#6482 = ADVANCED_FACE('',(#6483),#6501,.F.);
#6483 = FACE_BOUND('',#6484,.F.);
#6484 = EDGE_LOOP('',(#6485,#6493,#6499,#6500));
#6485 = ORIENTED_EDGE('',*,*,#6486,.F.);
#6486 = EDGE_CURVE('',#6487,#1999,#6489,.T.);
#6487 = VERTEX_POINT('',#6488);
#6488 = CARTESIAN_POINT('',(-34.185,-22.86,-15.));
#6489 = LINE('',#6490,#6491);
#6490 = CARTESIAN_POINT('',(-34.185,-22.86,-16.));
#6491 = VECTOR('',#6492,1.);
#6492 = DIRECTION('',(0.,0.,1.));
#6493 = ORIENTED_EDGE('',*,*,#6494,.T.);
#6494 = EDGE_CURVE('',#6487,#6456,#6495,.T.);
#6495 = LINE('',#6496,#6497);
#6496 = CARTESIAN_POINT('',(-34.185,-28.17,-15.));
#6497 = VECTOR('',#6498,1.);
#6498 = DIRECTION('',(-0.,1.,0.));
#6499 = ORIENTED_EDGE('',*,*,#6455,.T.);
#6500 = ORIENTED_EDGE('',*,*,#1998,.F.);
#6501 = PLANE('',#6502);
#6502 = AXIS2_PLACEMENT_3D('',#6503,#6504,#6505);
#6503 = CARTESIAN_POINT('',(-34.185,-22.86,-16.));
#6504 = DIRECTION('',(1.,0.,-0.));
#6505 = DIRECTION('',(0.,0.,1.));
#6506 = ADVANCED_FACE('',(#6507),#6525,.T.);
#6507 = FACE_BOUND('',#6508,.T.);
#6508 = EDGE_LOOP('',(#6509,#6517,#6523,#6524));
#6509 = ORIENTED_EDGE('',*,*,#6510,.F.);
#6510 = EDGE_CURVE('',#6511,#2007,#6513,.T.);
#6511 = VERTEX_POINT('',#6512);
#6512 = CARTESIAN_POINT('',(-36.935,-22.86,-15.));
#6513 = LINE('',#6514,#6515);
#6514 = CARTESIAN_POINT('',(-36.935,-22.86,-16.));
#6515 = VECTOR('',#6516,1.);
#6516 = DIRECTION('',(0.,0.,1.));
#6517 = ORIENTED_EDGE('',*,*,#6518,.T.);
#6518 = EDGE_CURVE('',#6511,#6464,#6519,.T.);
#6519 = LINE('',#6520,#6521);
#6520 = CARTESIAN_POINT('',(-36.935,-28.17,-15.));
#6521 = VECTOR('',#6522,1.);
#6522 = DIRECTION('',(-0.,1.,0.));
#6523 = ORIENTED_EDGE('',*,*,#6472,.T.);
#6524 = ORIENTED_EDGE('',*,*,#2015,.F.);
#6525 = PLANE('',#6526);
#6526 = AXIS2_PLACEMENT_3D('',#6527,#6528,#6529);
#6527 = CARTESIAN_POINT('',(-36.935,-22.86,-16.));
#6528 = DIRECTION('',(1.,0.,-0.));
#6529 = DIRECTION('',(0.,0.,1.));
#6530 = ADVANCED_FACE('',(#6531),#6543,.F.);
#6531 = FACE_BOUND('',#6532,.F.);
#6532 = EDGE_LOOP('',(#6533,#6534,#6535,#6536));
#6533 = ORIENTED_EDGE('',*,*,#6486,.T.);
#6534 = ORIENTED_EDGE('',*,*,#2006,.F.);
#6535 = ORIENTED_EDGE('',*,*,#6510,.F.);
#6536 = ORIENTED_EDGE('',*,*,#6537,.T.);
#6537 = EDGE_CURVE('',#6511,#6487,#6538,.T.);
#6538 = CIRCLE('',#6539,1.375);
#6539 = AXIS2_PLACEMENT_3D('',#6540,#6541,#6542);
#6540 = CARTESIAN_POINT('',(-35.56,-22.86,-15.));
#6541 = DIRECTION('',(0.,0.,1.));
#6542 = DIRECTION('',(1.,0.,-0.));
#6543 = CYLINDRICAL_SURFACE('',#6544,1.375);
#6544 = AXIS2_PLACEMENT_3D('',#6545,#6546,#6547);
#6545 = CARTESIAN_POINT('',(-35.56,-22.86,-16.));
#6546 = DIRECTION('',(0.,0.,1.));
#6547 = DIRECTION('',(1.,0.,-0.));
#6548 = ADVANCED_FACE('',(#6549),#6575,.F.);
#6549 = FACE_BOUND('',#6550,.F.);
#6550 = EDGE_LOOP('',(#6551,#6552,#6560,#6569));
#6551 = ORIENTED_EDGE('',*,*,#2023,.F.);
#6552 = ORIENTED_EDGE('',*,*,#6553,.F.);
#6553 = EDGE_CURVE('',#6554,#2024,#6556,.T.);
#6554 = VERTEX_POINT('',#6555);
#6555 = CARTESIAN_POINT('',(21.695,-7.62,-15.));
#6556 = LINE('',#6557,#6558);
#6557 = CARTESIAN_POINT('',(21.695,-7.62,-16.));
#6558 = VECTOR('',#6559,1.);
#6559 = DIRECTION('',(0.,0.,1.));
#6560 = ORIENTED_EDGE('',*,*,#6561,.T.);
#6561 = EDGE_CURVE('',#6554,#6562,#6564,.T.);
#6562 = VERTEX_POINT('',#6563);
#6563 = CARTESIAN_POINT('',(18.945,-7.62,-15.));
#6564 = CIRCLE('',#6565,1.375);
#6565 = AXIS2_PLACEMENT_3D('',#6566,#6567,#6568);
#6566 = CARTESIAN_POINT('',(20.32,-7.62,-15.));
#6567 = DIRECTION('',(0.,0.,1.));
#6568 = DIRECTION('',(1.,0.,-0.));
#6569 = ORIENTED_EDGE('',*,*,#6570,.T.);
#6570 = EDGE_CURVE('',#6562,#2026,#6571,.T.);
#6571 = LINE('',#6572,#6573);
#6572 = CARTESIAN_POINT('',(18.945,-7.62,-16.));
#6573 = VECTOR('',#6574,1.);
#6574 = DIRECTION('',(0.,0.,1.));
#6575 = CYLINDRICAL_SURFACE('',#6576,1.375);
#6576 = AXIS2_PLACEMENT_3D('',#6577,#6578,#6579);
#6577 = CARTESIAN_POINT('',(20.32,-7.62,-16.));
#6578 = DIRECTION('',(0.,0.,1.));
#6579 = DIRECTION('',(1.,0.,-0.));
#6580 = ADVANCED_FACE('',(#6581),#6599,.F.);
#6581 = FACE_BOUND('',#6582,.F.);
#6582 = EDGE_LOOP('',(#6583,#6591,#6597,#6598));
#6583 = ORIENTED_EDGE('',*,*,#6584,.F.);
#6584 = EDGE_CURVE('',#6585,#2035,#6587,.T.);
#6585 = VERTEX_POINT('',#6586);
#6586 = CARTESIAN_POINT('',(21.695,-12.7,-15.));
#6587 = LINE('',#6588,#6589);
#6588 = CARTESIAN_POINT('',(21.695,-12.7,-16.));
#6589 = VECTOR('',#6590,1.);
#6590 = DIRECTION('',(0.,0.,1.));
#6591 = ORIENTED_EDGE('',*,*,#6592,.T.);
#6592 = EDGE_CURVE('',#6585,#6554,#6593,.T.);
#6593 = LINE('',#6594,#6595);
#6594 = CARTESIAN_POINT('',(21.695,-23.09,-15.));
#6595 = VECTOR('',#6596,1.);
#6596 = DIRECTION('',(-0.,1.,0.));
#6597 = ORIENTED_EDGE('',*,*,#6553,.T.);
#6598 = ORIENTED_EDGE('',*,*,#2034,.F.);
#6599 = PLANE('',#6600);
#6600 = AXIS2_PLACEMENT_3D('',#6601,#6602,#6603);
#6601 = CARTESIAN_POINT('',(21.695,-12.7,-16.));
#6602 = DIRECTION('',(1.,0.,-0.));
#6603 = DIRECTION('',(0.,0.,1.));
#6604 = ADVANCED_FACE('',(#6605),#6623,.T.);
#6605 = FACE_BOUND('',#6606,.T.);
#6606 = EDGE_LOOP('',(#6607,#6615,#6621,#6622));
#6607 = ORIENTED_EDGE('',*,*,#6608,.F.);
#6608 = EDGE_CURVE('',#6609,#2043,#6611,.T.);
#6609 = VERTEX_POINT('',#6610);
#6610 = CARTESIAN_POINT('',(18.945,-12.7,-15.));
#6611 = LINE('',#6612,#6613);
#6612 = CARTESIAN_POINT('',(18.945,-12.7,-16.));
#6613 = VECTOR('',#6614,1.);
#6614 = DIRECTION('',(0.,0.,1.));
#6615 = ORIENTED_EDGE('',*,*,#6616,.T.);
#6616 = EDGE_CURVE('',#6609,#6562,#6617,.T.);
#6617 = LINE('',#6618,#6619);
#6618 = CARTESIAN_POINT('',(18.945,-23.09,-15.));
#6619 = VECTOR('',#6620,1.);
#6620 = DIRECTION('',(-0.,1.,0.));
#6621 = ORIENTED_EDGE('',*,*,#6570,.T.);
#6622 = ORIENTED_EDGE('',*,*,#2051,.F.);
#6623 = PLANE('',#6624);
#6624 = AXIS2_PLACEMENT_3D('',#6625,#6626,#6627);
#6625 = CARTESIAN_POINT('',(18.945,-12.7,-16.));
#6626 = DIRECTION('',(1.,0.,-0.));
#6627 = DIRECTION('',(0.,0.,1.));
#6628 = ADVANCED_FACE('',(#6629),#6641,.F.);
#6629 = FACE_BOUND('',#6630,.F.);
#6630 = EDGE_LOOP('',(#6631,#6632,#6633,#6634));
#6631 = ORIENTED_EDGE('',*,*,#6584,.T.);
#6632 = ORIENTED_EDGE('',*,*,#2042,.F.);
#6633 = ORIENTED_EDGE('',*,*,#6608,.F.);
#6634 = ORIENTED_EDGE('',*,*,#6635,.T.);
#6635 = EDGE_CURVE('',#6609,#6585,#6636,.T.);
#6636 = CIRCLE('',#6637,1.375);
#6637 = AXIS2_PLACEMENT_3D('',#6638,#6639,#6640);
#6638 = CARTESIAN_POINT('',(20.32,-12.7,-15.));
#6639 = DIRECTION('',(0.,0.,1.));
#6640 = DIRECTION('',(1.,0.,-0.));
#6641 = CYLINDRICAL_SURFACE('',#6642,1.375);
#6642 = AXIS2_PLACEMENT_3D('',#6643,#6644,#6645);
#6643 = CARTESIAN_POINT('',(20.32,-12.7,-16.));
#6644 = DIRECTION('',(0.,0.,1.));
#6645 = DIRECTION('',(1.,0.,-0.));
#6646 = ADVANCED_FACE('',(#6647),#6673,.F.);
#6647 = FACE_BOUND('',#6648,.F.);
#6648 = EDGE_LOOP('',(#6649,#6650,#6658,#6667));
#6649 = ORIENTED_EDGE('',*,*,#2059,.F.);
#6650 = ORIENTED_EDGE('',*,*,#6651,.F.);
#6651 = EDGE_CURVE('',#6652,#2060,#6654,.T.);
#6652 = VERTEX_POINT('',#6653);
#6653 = CARTESIAN_POINT('',(11.535,-17.78,-15.));
#6654 = LINE('',#6655,#6656);
#6655 = CARTESIAN_POINT('',(11.535,-17.78,-16.));
#6656 = VECTOR('',#6657,1.);
#6657 = DIRECTION('',(0.,0.,1.));
#6658 = ORIENTED_EDGE('',*,*,#6659,.T.);
#6659 = EDGE_CURVE('',#6652,#6660,#6662,.T.);
#6660 = VERTEX_POINT('',#6661);
#6661 = CARTESIAN_POINT('',(8.785,-17.78,-15.));
#6662 = CIRCLE('',#6663,1.375);
#6663 = AXIS2_PLACEMENT_3D('',#6664,#6665,#6666);
#6664 = CARTESIAN_POINT('',(10.16,-17.78,-15.));
#6665 = DIRECTION('',(0.,0.,1.));
#6666 = DIRECTION('',(1.,0.,-0.));
#6667 = ORIENTED_EDGE('',*,*,#6668,.T.);
#6668 = EDGE_CURVE('',#6660,#2062,#6669,.T.);
#6669 = LINE('',#6670,#6671);
#6670 = CARTESIAN_POINT('',(8.785,-17.78,-16.));
#6671 = VECTOR('',#6672,1.);
#6672 = DIRECTION('',(0.,0.,1.));
#6673 = CYLINDRICAL_SURFACE('',#6674,1.375);
#6674 = AXIS2_PLACEMENT_3D('',#6675,#6676,#6677);
#6675 = CARTESIAN_POINT('',(10.16,-17.78,-16.));
#6676 = DIRECTION('',(0.,0.,1.));
#6677 = DIRECTION('',(1.,0.,-0.));
#6678 = ADVANCED_FACE('',(#6679),#6697,.F.);
#6679 = FACE_BOUND('',#6680,.F.);
#6680 = EDGE_LOOP('',(#6681,#6689,#6695,#6696));
#6681 = ORIENTED_EDGE('',*,*,#6682,.F.);
#6682 = EDGE_CURVE('',#6683,#2071,#6685,.T.);
#6683 = VERTEX_POINT('',#6684);
#6684 = CARTESIAN_POINT('',(11.535,-22.86,-15.));
#6685 = LINE('',#6686,#6687);
#6686 = CARTESIAN_POINT('',(11.535,-22.86,-16.));
#6687 = VECTOR('',#6688,1.);
#6688 = DIRECTION('',(0.,0.,1.));
#6689 = ORIENTED_EDGE('',*,*,#6690,.T.);
#6690 = EDGE_CURVE('',#6683,#6652,#6691,.T.);
#6691 = LINE('',#6692,#6693);
#6692 = CARTESIAN_POINT('',(11.535,-28.17,-15.));
#6693 = VECTOR('',#6694,1.);
#6694 = DIRECTION('',(-0.,1.,0.));
#6695 = ORIENTED_EDGE('',*,*,#6651,.T.);
#6696 = ORIENTED_EDGE('',*,*,#2070,.F.);
#6697 = PLANE('',#6698);
#6698 = AXIS2_PLACEMENT_3D('',#6699,#6700,#6701);
#6699 = CARTESIAN_POINT('',(11.535,-22.86,-16.));
#6700 = DIRECTION('',(1.,0.,-0.));
#6701 = DIRECTION('',(0.,0.,1.));
#6702 = ADVANCED_FACE('',(#6703),#6721,.T.);
#6703 = FACE_BOUND('',#6704,.T.);
#6704 = EDGE_LOOP('',(#6705,#6713,#6719,#6720));
#6705 = ORIENTED_EDGE('',*,*,#6706,.F.);
#6706 = EDGE_CURVE('',#6707,#2079,#6709,.T.);
#6707 = VERTEX_POINT('',#6708);
#6708 = CARTESIAN_POINT('',(8.785,-22.86,-15.));
#6709 = LINE('',#6710,#6711);
#6710 = CARTESIAN_POINT('',(8.785,-22.86,-16.));
#6711 = VECTOR('',#6712,1.);
#6712 = DIRECTION('',(0.,0.,1.));
#6713 = ORIENTED_EDGE('',*,*,#6714,.T.);
#6714 = EDGE_CURVE('',#6707,#6660,#6715,.T.);
#6715 = LINE('',#6716,#6717);
#6716 = CARTESIAN_POINT('',(8.785,-28.17,-15.));
#6717 = VECTOR('',#6718,1.);
#6718 = DIRECTION('',(-0.,1.,0.));
#6719 = ORIENTED_EDGE('',*,*,#6668,.T.);
#6720 = ORIENTED_EDGE('',*,*,#2087,.F.);
#6721 = PLANE('',#6722);
#6722 = AXIS2_PLACEMENT_3D('',#6723,#6724,#6725);
#6723 = CARTESIAN_POINT('',(8.785,-22.86,-16.));
#6724 = DIRECTION('',(1.,0.,-0.));
#6725 = DIRECTION('',(0.,0.,1.));
#6726 = ADVANCED_FACE('',(#6727),#6739,.F.);
#6727 = FACE_BOUND('',#6728,.F.);
#6728 = EDGE_LOOP('',(#6729,#6730,#6731,#6732));
#6729 = ORIENTED_EDGE('',*,*,#6682,.T.);
#6730 = ORIENTED_EDGE('',*,*,#2078,.F.);
#6731 = ORIENTED_EDGE('',*,*,#6706,.F.);
#6732 = ORIENTED_EDGE('',*,*,#6733,.T.);
#6733 = EDGE_CURVE('',#6707,#6683,#6734,.T.);
#6734 = CIRCLE('',#6735,1.375);
#6735 = AXIS2_PLACEMENT_3D('',#6736,#6737,#6738);
#6736 = CARTESIAN_POINT('',(10.16,-22.86,-15.));
#6737 = DIRECTION('',(0.,0.,1.));
#6738 = DIRECTION('',(1.,0.,-0.));
#6739 = CYLINDRICAL_SURFACE('',#6740,1.375);
#6740 = AXIS2_PLACEMENT_3D('',#6741,#6742,#6743);
#6741 = CARTESIAN_POINT('',(10.16,-22.86,-16.));
#6742 = DIRECTION('',(0.,0.,1.));
#6743 = DIRECTION('',(1.,0.,-0.));
#6744 = ADVANCED_FACE('',(#6745),#6771,.F.);
#6745 = FACE_BOUND('',#6746,.F.);
#6746 = EDGE_LOOP('',(#6747,#6748,#6756,#6765));
#6747 = ORIENTED_EDGE('',*,*,#2095,.F.);
#6748 = ORIENTED_EDGE('',*,*,#6749,.F.);
#6749 = EDGE_CURVE('',#6750,#2096,#6752,.T.);
#6750 = VERTEX_POINT('',#6751);
#6751 = CARTESIAN_POINT('',(-18.945,-17.78,-15.));
#6752 = LINE('',#6753,#6754);
#6753 = CARTESIAN_POINT('',(-18.945,-17.78,-16.));
#6754 = VECTOR('',#6755,1.);
#6755 = DIRECTION('',(0.,0.,1.));
#6756 = ORIENTED_EDGE('',*,*,#6757,.T.);
#6757 = EDGE_CURVE('',#6750,#6758,#6760,.T.);
#6758 = VERTEX_POINT('',#6759);
#6759 = CARTESIAN_POINT('',(-21.695,-17.78,-15.));
#6760 = CIRCLE('',#6761,1.375);
#6761 = AXIS2_PLACEMENT_3D('',#6762,#6763,#6764);
#6762 = CARTESIAN_POINT('',(-20.32,-17.78,-15.));
#6763 = DIRECTION('',(0.,0.,1.));
#6764 = DIRECTION('',(1.,0.,-0.));
#6765 = ORIENTED_EDGE('',*,*,#6766,.T.);
#6766 = EDGE_CURVE('',#6758,#2098,#6767,.T.);
#6767 = LINE('',#6768,#6769);
#6768 = CARTESIAN_POINT('',(-21.695,-17.78,-16.));
#6769 = VECTOR('',#6770,1.);
#6770 = DIRECTION('',(0.,0.,1.));
#6771 = CYLINDRICAL_SURFACE('',#6772,1.375);
#6772 = AXIS2_PLACEMENT_3D('',#6773,#6774,#6775);
#6773 = CARTESIAN_POINT('',(-20.32,-17.78,-16.));
#6774 = DIRECTION('',(0.,0.,1.));
#6775 = DIRECTION('',(1.,0.,-0.));
#6776 = ADVANCED_FACE('',(#6777),#6795,.F.);
#6777 = FACE_BOUND('',#6778,.F.);
#6778 = EDGE_LOOP('',(#6779,#6787,#6793,#6794));
#6779 = ORIENTED_EDGE('',*,*,#6780,.F.);
#6780 = EDGE_CURVE('',#6781,#2107,#6783,.T.);
#6781 = VERTEX_POINT('',#6782);
#6782 = CARTESIAN_POINT('',(-18.945,-22.86,-15.));
#6783 = LINE('',#6784,#6785);
#6784 = CARTESIAN_POINT('',(-18.945,-22.86,-16.));
#6785 = VECTOR('',#6786,1.);
#6786 = DIRECTION('',(0.,0.,1.));
#6787 = ORIENTED_EDGE('',*,*,#6788,.T.);
#6788 = EDGE_CURVE('',#6781,#6750,#6789,.T.);
#6789 = LINE('',#6790,#6791);
#6790 = CARTESIAN_POINT('',(-18.945,-28.17,-15.));
#6791 = VECTOR('',#6792,1.);
#6792 = DIRECTION('',(-0.,1.,0.));
#6793 = ORIENTED_EDGE('',*,*,#6749,.T.);
#6794 = ORIENTED_EDGE('',*,*,#2106,.F.);
#6795 = PLANE('',#6796);
#6796 = AXIS2_PLACEMENT_3D('',#6797,#6798,#6799);
#6797 = CARTESIAN_POINT('',(-18.945,-22.86,-16.));
#6798 = DIRECTION('',(1.,0.,-0.));
#6799 = DIRECTION('',(0.,0.,1.));
#6800 = ADVANCED_FACE('',(#6801),#6819,.T.);
#6801 = FACE_BOUND('',#6802,.T.);
#6802 = EDGE_LOOP('',(#6803,#6811,#6817,#6818));
#6803 = ORIENTED_EDGE('',*,*,#6804,.F.);
#6804 = EDGE_CURVE('',#6805,#2115,#6807,.T.);
#6805 = VERTEX_POINT('',#6806);
#6806 = CARTESIAN_POINT('',(-21.695,-22.86,-15.));
#6807 = LINE('',#6808,#6809);
#6808 = CARTESIAN_POINT('',(-21.695,-22.86,-16.));
#6809 = VECTOR('',#6810,1.);
#6810 = DIRECTION('',(0.,0.,1.));
#6811 = ORIENTED_EDGE('',*,*,#6812,.T.);
#6812 = EDGE_CURVE('',#6805,#6758,#6813,.T.);
#6813 = LINE('',#6814,#6815);
#6814 = CARTESIAN_POINT('',(-21.695,-28.17,-15.));
#6815 = VECTOR('',#6816,1.);
#6816 = DIRECTION('',(-0.,1.,0.));
#6817 = ORIENTED_EDGE('',*,*,#6766,.T.);
#6818 = ORIENTED_EDGE('',*,*,#2123,.F.);
#6819 = PLANE('',#6820);
#6820 = AXIS2_PLACEMENT_3D('',#6821,#6822,#6823);
#6821 = CARTESIAN_POINT('',(-21.695,-22.86,-16.));
#6822 = DIRECTION('',(1.,0.,-0.));
#6823 = DIRECTION('',(0.,0.,1.));
#6824 = ADVANCED_FACE('',(#6825),#6837,.F.);
#6825 = FACE_BOUND('',#6826,.F.);
#6826 = EDGE_LOOP('',(#6827,#6828,#6829,#6830));
#6827 = ORIENTED_EDGE('',*,*,#6780,.T.);
#6828 = ORIENTED_EDGE('',*,*,#2114,.F.);
#6829 = ORIENTED_EDGE('',*,*,#6804,.F.);
#6830 = ORIENTED_EDGE('',*,*,#6831,.T.);
#6831 = EDGE_CURVE('',#6805,#6781,#6832,.T.);
#6832 = CIRCLE('',#6833,1.375);
#6833 = AXIS2_PLACEMENT_3D('',#6834,#6835,#6836);
#6834 = CARTESIAN_POINT('',(-20.32,-22.86,-15.));
#6835 = DIRECTION('',(0.,0.,1.));
#6836 = DIRECTION('',(1.,0.,-0.));
#6837 = CYLINDRICAL_SURFACE('',#6838,1.375);
#6838 = AXIS2_PLACEMENT_3D('',#6839,#6840,#6841);
#6839 = CARTESIAN_POINT('',(-20.32,-22.86,-16.));
#6840 = DIRECTION('',(0.,0.,1.));
#6841 = DIRECTION('',(1.,0.,-0.));
#6842 = ADVANCED_FACE('',(#6843),#6869,.F.);
#6843 = FACE_BOUND('',#6844,.F.);
#6844 = EDGE_LOOP('',(#6845,#6846,#6854,#6863));
#6845 = ORIENTED_EDGE('',*,*,#2131,.F.);
#6846 = ORIENTED_EDGE('',*,*,#6847,.F.);
#6847 = EDGE_CURVE('',#6848,#2132,#6850,.T.);
#6848 = VERTEX_POINT('',#6849);
#6849 = CARTESIAN_POINT('',(21.695,-22.86,-15.));
#6850 = LINE('',#6851,#6852);
#6851 = CARTESIAN_POINT('',(21.695,-22.86,-16.));
#6852 = VECTOR('',#6853,1.);
#6853 = DIRECTION('',(0.,0.,1.));
#6854 = ORIENTED_EDGE('',*,*,#6855,.T.);
#6855 = EDGE_CURVE('',#6848,#6856,#6858,.T.);
#6856 = VERTEX_POINT('',#6857);
#6857 = CARTESIAN_POINT('',(18.945,-22.86,-15.));
#6858 = CIRCLE('',#6859,1.375);
#6859 = AXIS2_PLACEMENT_3D('',#6860,#6861,#6862);
#6860 = CARTESIAN_POINT('',(20.32,-22.86,-15.));
#6861 = DIRECTION('',(0.,0.,1.));
#6862 = DIRECTION('',(1.,0.,-0.));
#6863 = ORIENTED_EDGE('',*,*,#6864,.T.);
#6864 = EDGE_CURVE('',#6856,#2134,#6865,.T.);
#6865 = LINE('',#6866,#6867);
#6866 = CARTESIAN_POINT('',(18.945,-22.86,-16.));
#6867 = VECTOR('',#6868,1.);
#6868 = DIRECTION('',(0.,0.,1.));
#6869 = CYLINDRICAL_SURFACE('',#6870,1.375);
#6870 = AXIS2_PLACEMENT_3D('',#6871,#6872,#6873);
#6871 = CARTESIAN_POINT('',(20.32,-22.86,-16.));
#6872 = DIRECTION('',(0.,0.,1.));
#6873 = DIRECTION('',(1.,0.,-0.));
#6874 = ADVANCED_FACE('',(#6875),#6893,.F.);
#6875 = FACE_BOUND('',#6876,.F.);
#6876 = EDGE_LOOP('',(#6877,#6885,#6891,#6892));
#6877 = ORIENTED_EDGE('',*,*,#6878,.F.);
#6878 = EDGE_CURVE('',#6879,#2143,#6881,.T.);
#6879 = VERTEX_POINT('',#6880);
#6880 = CARTESIAN_POINT('',(21.695,-27.94,-15.));
#6881 = LINE('',#6882,#6883);
#6882 = CARTESIAN_POINT('',(21.695,-27.94,-16.));
#6883 = VECTOR('',#6884,1.);
#6884 = DIRECTION('',(0.,0.,1.));
#6885 = ORIENTED_EDGE('',*,*,#6886,.T.);
#6886 = EDGE_CURVE('',#6879,#6848,#6887,.T.);
#6887 = LINE('',#6888,#6889);
#6888 = CARTESIAN_POINT('',(21.695,-30.71,-15.));
#6889 = VECTOR('',#6890,1.);
#6890 = DIRECTION('',(-0.,1.,0.));
#6891 = ORIENTED_EDGE('',*,*,#6847,.T.);
#6892 = ORIENTED_EDGE('',*,*,#2142,.F.);
#6893 = PLANE('',#6894);
#6894 = AXIS2_PLACEMENT_3D('',#6895,#6896,#6897);
#6895 = CARTESIAN_POINT('',(21.695,-27.94,-16.));
#6896 = DIRECTION('',(1.,0.,-0.));
#6897 = DIRECTION('',(0.,0.,1.));
#6898 = ADVANCED_FACE('',(#6899),#6917,.T.);
#6899 = FACE_BOUND('',#6900,.T.);
#6900 = EDGE_LOOP('',(#6901,#6909,#6915,#6916));
#6901 = ORIENTED_EDGE('',*,*,#6902,.F.);
#6902 = EDGE_CURVE('',#6903,#2151,#6905,.T.);
#6903 = VERTEX_POINT('',#6904);
#6904 = CARTESIAN_POINT('',(18.945,-27.94,-15.));
#6905 = LINE('',#6906,#6907);
#6906 = CARTESIAN_POINT('',(18.945,-27.94,-16.));
#6907 = VECTOR('',#6908,1.);
#6908 = DIRECTION('',(0.,0.,1.));
#6909 = ORIENTED_EDGE('',*,*,#6910,.T.);
#6910 = EDGE_CURVE('',#6903,#6856,#6911,.T.);
#6911 = LINE('',#6912,#6913);
#6912 = CARTESIAN_POINT('',(18.945,-30.71,-15.));
#6913 = VECTOR('',#6914,1.);
#6914 = DIRECTION('',(-0.,1.,0.));
#6915 = ORIENTED_EDGE('',*,*,#6864,.T.);
#6916 = ORIENTED_EDGE('',*,*,#2159,.F.);
#6917 = PLANE('',#6918);
#6918 = AXIS2_PLACEMENT_3D('',#6919,#6920,#6921);
#6919 = CARTESIAN_POINT('',(18.945,-27.94,-16.));
#6920 = DIRECTION('',(1.,0.,-0.));
#6921 = DIRECTION('',(0.,0.,1.));
#6922 = ADVANCED_FACE('',(#6923),#6935,.F.);
#6923 = FACE_BOUND('',#6924,.F.);
#6924 = EDGE_LOOP('',(#6925,#6926,#6927,#6928));
#6925 = ORIENTED_EDGE('',*,*,#6878,.T.);
#6926 = ORIENTED_EDGE('',*,*,#2150,.F.);
#6927 = ORIENTED_EDGE('',*,*,#6902,.F.);
#6928 = ORIENTED_EDGE('',*,*,#6929,.T.);
#6929 = EDGE_CURVE('',#6903,#6879,#6930,.T.);
#6930 = CIRCLE('',#6931,1.375);
#6931 = AXIS2_PLACEMENT_3D('',#6932,#6933,#6934);
#6932 = CARTESIAN_POINT('',(20.32,-27.94,-15.));
#6933 = DIRECTION('',(0.,0.,1.));
#6934 = DIRECTION('',(1.,0.,-0.));
#6935 = CYLINDRICAL_SURFACE('',#6936,1.375);
#6936 = AXIS2_PLACEMENT_3D('',#6937,#6938,#6939);
#6937 = CARTESIAN_POINT('',(20.32,-27.94,-16.));
#6938 = DIRECTION('',(0.,0.,1.));
#6939 = DIRECTION('',(1.,0.,-0.));
#6940 = ADVANCED_FACE('',(#6941),#6967,.F.);
#6941 = FACE_BOUND('',#6942,.F.);
#6942 = EDGE_LOOP('',(#6943,#6944,#6952,#6961));
#6943 = ORIENTED_EDGE('',*,*,#2167,.F.);
#6944 = ORIENTED_EDGE('',*,*,#6945,.F.);
#6945 = EDGE_CURVE('',#6946,#2168,#6948,.T.);
#6946 = VERTEX_POINT('',#6947);
#6947 = CARTESIAN_POINT('',(-15.24,29.315,-15.));
#6948 = LINE('',#6949,#6950);
#6949 = CARTESIAN_POINT('',(-15.24,29.315,-16.));
#6950 = VECTOR('',#6951,1.);
#6951 = DIRECTION('',(0.,0.,1.));
#6952 = ORIENTED_EDGE('',*,*,#6953,.T.);
#6953 = EDGE_CURVE('',#6946,#6954,#6956,.T.);
#6954 = VERTEX_POINT('',#6955);
#6955 = CARTESIAN_POINT('',(-15.24,26.565,-15.));
#6956 = CIRCLE('',#6957,1.375);
#6957 = AXIS2_PLACEMENT_3D('',#6958,#6959,#6960);
#6958 = CARTESIAN_POINT('',(-15.24,27.94,-15.));
#6959 = DIRECTION('',(0.,0.,1.));
#6960 = DIRECTION('',(1.,0.,-0.));
#6961 = ORIENTED_EDGE('',*,*,#6962,.T.);
#6962 = EDGE_CURVE('',#6954,#2170,#6963,.T.);
#6963 = LINE('',#6964,#6965);
#6964 = CARTESIAN_POINT('',(-15.24,26.565,-16.));
#6965 = VECTOR('',#6966,1.);
#6966 = DIRECTION('',(0.,0.,1.));
#6967 = CYLINDRICAL_SURFACE('',#6968,1.375);
#6968 = AXIS2_PLACEMENT_3D('',#6969,#6970,#6971);
#6969 = CARTESIAN_POINT('',(-15.24,27.94,-16.));
#6970 = DIRECTION('',(0.,0.,1.));
#6971 = DIRECTION('',(1.,0.,-0.));
#6972 = ADVANCED_FACE('',(#6973),#6991,.F.);
#6973 = FACE_BOUND('',#6974,.F.);
#6974 = EDGE_LOOP('',(#6975,#6983,#6984,#6985));
#6975 = ORIENTED_EDGE('',*,*,#6976,.T.);
#6976 = EDGE_CURVE('',#6977,#6946,#6979,.T.);
#6977 = VERTEX_POINT('',#6978);
#6978 = CARTESIAN_POINT('',(-10.16,29.315,-15.));
#6979 = LINE('',#6980,#6981);
#6980 = CARTESIAN_POINT('',(-28.17,29.315,-15.));
#6981 = VECTOR('',#6982,1.);
#6982 = DIRECTION('',(-1.,-0.,0.));
#6983 = ORIENTED_EDGE('',*,*,#6945,.T.);
#6984 = ORIENTED_EDGE('',*,*,#2178,.F.);
#6985 = ORIENTED_EDGE('',*,*,#6986,.F.);
#6986 = EDGE_CURVE('',#6977,#2179,#6987,.T.);
#6987 = LINE('',#6988,#6989);
#6988 = CARTESIAN_POINT('',(-10.16,29.315,-16.));
#6989 = VECTOR('',#6990,1.);
#6990 = DIRECTION('',(0.,0.,1.));
#6991 = PLANE('',#6992);
#6992 = AXIS2_PLACEMENT_3D('',#6993,#6994,#6995);
#6993 = CARTESIAN_POINT('',(-15.24,29.315,-16.));
#6994 = DIRECTION('',(-0.,1.,0.));
#6995 = DIRECTION('',(0.,0.,1.));
#6996 = ADVANCED_FACE('',(#6997),#7015,.T.);
#6997 = FACE_BOUND('',#6998,.T.);
#6998 = EDGE_LOOP('',(#6999,#7007,#7008,#7009));
#6999 = ORIENTED_EDGE('',*,*,#7000,.T.);
#7000 = EDGE_CURVE('',#7001,#6954,#7003,.T.);
#7001 = VERTEX_POINT('',#7002);
#7002 = CARTESIAN_POINT('',(-10.16,26.565,-15.));
#7003 = LINE('',#7004,#7005);
#7004 = CARTESIAN_POINT('',(-28.17,26.565,-15.));
#7005 = VECTOR('',#7006,1.);
#7006 = DIRECTION('',(-1.,-0.,0.));
#7007 = ORIENTED_EDGE('',*,*,#6962,.T.);
#7008 = ORIENTED_EDGE('',*,*,#2204,.F.);
#7009 = ORIENTED_EDGE('',*,*,#7010,.F.);
#7010 = EDGE_CURVE('',#7001,#2196,#7011,.T.);
#7011 = LINE('',#7012,#7013);
#7012 = CARTESIAN_POINT('',(-10.16,26.565,-16.));
#7013 = VECTOR('',#7014,1.);
#7014 = DIRECTION('',(0.,0.,1.));
#7015 = PLANE('',#7016);
#7016 = AXIS2_PLACEMENT_3D('',#7017,#7018,#7019);
#7017 = CARTESIAN_POINT('',(-15.24,26.565,-16.));
#7018 = DIRECTION('',(-0.,1.,0.));
#7019 = DIRECTION('',(0.,0.,1.));
#7020 = ADVANCED_FACE('',(#7021),#7047,.F.);
#7021 = FACE_BOUND('',#7022,.F.);
#7022 = EDGE_LOOP('',(#7023,#7024,#7032,#7041));
#7023 = ORIENTED_EDGE('',*,*,#2212,.F.);
#7024 = ORIENTED_EDGE('',*,*,#7025,.F.);
#7025 = EDGE_CURVE('',#7026,#2213,#7028,.T.);
#7026 = VERTEX_POINT('',#7027);
#7027 = CARTESIAN_POINT('',(36.935,-22.86,-15.));
#7028 = LINE('',#7029,#7030);
#7029 = CARTESIAN_POINT('',(36.935,-22.86,-16.));
#7030 = VECTOR('',#7031,1.);
#7031 = DIRECTION('',(0.,0.,1.));
#7032 = ORIENTED_EDGE('',*,*,#7033,.T.);
#7033 = EDGE_CURVE('',#7026,#7034,#7036,.T.);
#7034 = VERTEX_POINT('',#7035);
#7035 = CARTESIAN_POINT('',(34.185,-22.86,-15.));
#7036 = CIRCLE('',#7037,1.375);
#7037 = AXIS2_PLACEMENT_3D('',#7038,#7039,#7040);
#7038 = CARTESIAN_POINT('',(35.56,-22.86,-15.));
#7039 = DIRECTION('',(0.,0.,1.));
#7040 = DIRECTION('',(1.,0.,-0.));
#7041 = ORIENTED_EDGE('',*,*,#7042,.T.);
#7042 = EDGE_CURVE('',#7034,#2215,#7043,.T.);
#7043 = LINE('',#7044,#7045);
#7044 = CARTESIAN_POINT('',(34.185,-22.86,-16.));
#7045 = VECTOR('',#7046,1.);
#7046 = DIRECTION('',(0.,0.,1.));
#7047 = CYLINDRICAL_SURFACE('',#7048,1.375);
#7048 = AXIS2_PLACEMENT_3D('',#7049,#7050,#7051);
#7049 = CARTESIAN_POINT('',(35.56,-22.86,-16.));
#7050 = DIRECTION('',(0.,0.,1.));
#7051 = DIRECTION('',(1.,0.,-0.));
#7052 = ADVANCED_FACE('',(#7053),#7071,.F.);
#7053 = FACE_BOUND('',#7054,.F.);
#7054 = EDGE_LOOP('',(#7055,#7063,#7069,#7070));
#7055 = ORIENTED_EDGE('',*,*,#7056,.F.);
#7056 = EDGE_CURVE('',#7057,#2224,#7059,.T.);
#7057 = VERTEX_POINT('',#7058);
#7058 = CARTESIAN_POINT('',(36.935,-27.94,-15.));
#7059 = LINE('',#7060,#7061);
#7060 = CARTESIAN_POINT('',(36.935,-27.94,-16.));
#7061 = VECTOR('',#7062,1.);
#7062 = DIRECTION('',(0.,0.,1.));
#7063 = ORIENTED_EDGE('',*,*,#7064,.T.);
#7064 = EDGE_CURVE('',#7057,#7026,#7065,.T.);
#7065 = LINE('',#7066,#7067);
#7066 = CARTESIAN_POINT('',(36.935,-30.71,-15.));
#7067 = VECTOR('',#7068,1.);
#7068 = DIRECTION('',(-0.,1.,0.));
#7069 = ORIENTED_EDGE('',*,*,#7025,.T.);
#7070 = ORIENTED_EDGE('',*,*,#2223,.F.);
#7071 = PLANE('',#7072);
#7072 = AXIS2_PLACEMENT_3D('',#7073,#7074,#7075);
#7073 = CARTESIAN_POINT('',(36.935,-27.94,-16.));
#7074 = DIRECTION('',(1.,0.,-0.));
#7075 = DIRECTION('',(0.,0.,1.));
#7076 = ADVANCED_FACE('',(#7077),#7095,.T.);
#7077 = FACE_BOUND('',#7078,.T.);
#7078 = EDGE_LOOP('',(#7079,#7087,#7093,#7094));
#7079 = ORIENTED_EDGE('',*,*,#7080,.F.);
#7080 = EDGE_CURVE('',#7081,#2232,#7083,.T.);
#7081 = VERTEX_POINT('',#7082);
#7082 = CARTESIAN_POINT('',(34.185,-27.94,-15.));
#7083 = LINE('',#7084,#7085);
#7084 = CARTESIAN_POINT('',(34.185,-27.94,-16.));
#7085 = VECTOR('',#7086,1.);
#7086 = DIRECTION('',(0.,0.,1.));
#7087 = ORIENTED_EDGE('',*,*,#7088,.T.);
#7088 = EDGE_CURVE('',#7081,#7034,#7089,.T.);
#7089 = LINE('',#7090,#7091);
#7090 = CARTESIAN_POINT('',(34.185,-30.71,-15.));
#7091 = VECTOR('',#7092,1.);
#7092 = DIRECTION('',(-0.,1.,0.));
#7093 = ORIENTED_EDGE('',*,*,#7042,.T.);
#7094 = ORIENTED_EDGE('',*,*,#2240,.F.);
#7095 = PLANE('',#7096);
#7096 = AXIS2_PLACEMENT_3D('',#7097,#7098,#7099);
#7097 = CARTESIAN_POINT('',(34.185,-27.94,-16.));
#7098 = DIRECTION('',(1.,0.,-0.));
#7099 = DIRECTION('',(0.,0.,1.));
#7100 = ADVANCED_FACE('',(#7101),#7113,.F.);
#7101 = FACE_BOUND('',#7102,.F.);
#7102 = EDGE_LOOP('',(#7103,#7104,#7105,#7106));
#7103 = ORIENTED_EDGE('',*,*,#7056,.T.);
#7104 = ORIENTED_EDGE('',*,*,#2231,.F.);
#7105 = ORIENTED_EDGE('',*,*,#7080,.F.);
#7106 = ORIENTED_EDGE('',*,*,#7107,.T.);
#7107 = EDGE_CURVE('',#7081,#7057,#7108,.T.);
#7108 = CIRCLE('',#7109,1.375);
#7109 = AXIS2_PLACEMENT_3D('',#7110,#7111,#7112);
#7110 = CARTESIAN_POINT('',(35.56,-27.94,-15.));
#7111 = DIRECTION('',(0.,0.,1.));
#7112 = DIRECTION('',(1.,0.,-0.));
#7113 = CYLINDRICAL_SURFACE('',#7114,1.375);
#7114 = AXIS2_PLACEMENT_3D('',#7115,#7116,#7117);
#7115 = CARTESIAN_POINT('',(35.56,-27.94,-16.));
#7116 = DIRECTION('',(0.,0.,1.));
#7117 = DIRECTION('',(1.,0.,-0.));
#7118 = ADVANCED_FACE('',(#7119),#7145,.F.);
#7119 = FACE_BOUND('',#7120,.F.);
#7120 = EDGE_LOOP('',(#7121,#7122,#7130,#7139));
#7121 = ORIENTED_EDGE('',*,*,#2248,.F.);
#7122 = ORIENTED_EDGE('',*,*,#7123,.F.);
#7123 = EDGE_CURVE('',#7124,#2249,#7126,.T.);
#7124 = VERTEX_POINT('',#7125);
#7125 = CARTESIAN_POINT('',(-8.785,-22.86,-15.));
#7126 = LINE('',#7127,#7128);
#7127 = CARTESIAN_POINT('',(-8.785,-22.86,-16.));
#7128 = VECTOR('',#7129,1.);
#7129 = DIRECTION('',(0.,0.,1.));
#7130 = ORIENTED_EDGE('',*,*,#7131,.T.);
#7131 = EDGE_CURVE('',#7124,#7132,#7134,.T.);
#7132 = VERTEX_POINT('',#7133);
#7133 = CARTESIAN_POINT('',(-11.535,-22.86,-15.));
#7134 = CIRCLE('',#7135,1.375);
#7135 = AXIS2_PLACEMENT_3D('',#7136,#7137,#7138);
#7136 = CARTESIAN_POINT('',(-10.16,-22.86,-15.));
#7137 = DIRECTION('',(0.,0.,1.));
#7138 = DIRECTION('',(1.,0.,-0.));
#7139 = ORIENTED_EDGE('',*,*,#7140,.T.);
#7140 = EDGE_CURVE('',#7132,#2251,#7141,.T.);
#7141 = LINE('',#7142,#7143);
#7142 = CARTESIAN_POINT('',(-11.535,-22.86,-16.));
#7143 = VECTOR('',#7144,1.);
#7144 = DIRECTION('',(0.,0.,1.));
#7145 = CYLINDRICAL_SURFACE('',#7146,1.375);
#7146 = AXIS2_PLACEMENT_3D('',#7147,#7148,#7149);
#7147 = CARTESIAN_POINT('',(-10.16,-22.86,-16.));
#7148 = DIRECTION('',(0.,0.,1.));
#7149 = DIRECTION('',(1.,0.,-0.));
#7150 = ADVANCED_FACE('',(#7151),#7169,.F.);
#7151 = FACE_BOUND('',#7152,.F.);
#7152 = EDGE_LOOP('',(#7153,#7161,#7167,#7168));
#7153 = ORIENTED_EDGE('',*,*,#7154,.F.);
#7154 = EDGE_CURVE('',#7155,#2260,#7157,.T.);
#7155 = VERTEX_POINT('',#7156);
#7156 = CARTESIAN_POINT('',(-8.785,-27.94,-15.));
#7157 = LINE('',#7158,#7159);
#7158 = CARTESIAN_POINT('',(-8.785,-27.94,-16.));
#7159 = VECTOR('',#7160,1.);
#7160 = DIRECTION('',(0.,0.,1.));
#7161 = ORIENTED_EDGE('',*,*,#7162,.T.);
#7162 = EDGE_CURVE('',#7155,#7124,#7163,.T.);
#7163 = LINE('',#7164,#7165);
#7164 = CARTESIAN_POINT('',(-8.785,-30.71,-15.));
#7165 = VECTOR('',#7166,1.);
#7166 = DIRECTION('',(-0.,1.,0.));
#7167 = ORIENTED_EDGE('',*,*,#7123,.T.);
#7168 = ORIENTED_EDGE('',*,*,#2259,.F.);
#7169 = PLANE('',#7170);
#7170 = AXIS2_PLACEMENT_3D('',#7171,#7172,#7173);
#7171 = CARTESIAN_POINT('',(-8.785,-27.94,-16.));
#7172 = DIRECTION('',(1.,0.,-0.));
#7173 = DIRECTION('',(0.,0.,1.));
#7174 = ADVANCED_FACE('',(#7175),#7193,.T.);
#7175 = FACE_BOUND('',#7176,.T.);
#7176 = EDGE_LOOP('',(#7177,#7185,#7191,#7192));
#7177 = ORIENTED_EDGE('',*,*,#7178,.F.);
#7178 = EDGE_CURVE('',#7179,#2268,#7181,.T.);
#7179 = VERTEX_POINT('',#7180);
#7180 = CARTESIAN_POINT('',(-11.535,-27.94,-15.));
#7181 = LINE('',#7182,#7183);
#7182 = CARTESIAN_POINT('',(-11.535,-27.94,-16.));
#7183 = VECTOR('',#7184,1.);
#7184 = DIRECTION('',(0.,0.,1.));
#7185 = ORIENTED_EDGE('',*,*,#7186,.T.);
#7186 = EDGE_CURVE('',#7179,#7132,#7187,.T.);
#7187 = LINE('',#7188,#7189);
#7188 = CARTESIAN_POINT('',(-11.535,-30.71,-15.));
#7189 = VECTOR('',#7190,1.);
#7190 = DIRECTION('',(-0.,1.,0.));
#7191 = ORIENTED_EDGE('',*,*,#7140,.T.);
#7192 = ORIENTED_EDGE('',*,*,#2276,.F.);
#7193 = PLANE('',#7194);
#7194 = AXIS2_PLACEMENT_3D('',#7195,#7196,#7197);
#7195 = CARTESIAN_POINT('',(-11.535,-27.94,-16.));
#7196 = DIRECTION('',(1.,0.,-0.));
#7197 = DIRECTION('',(0.,0.,1.));
#7198 = ADVANCED_FACE('',(#7199),#7211,.F.);
#7199 = FACE_BOUND('',#7200,.F.);
#7200 = EDGE_LOOP('',(#7201,#7202,#7203,#7204));
#7201 = ORIENTED_EDGE('',*,*,#7154,.T.);
#7202 = ORIENTED_EDGE('',*,*,#2267,.F.);
#7203 = ORIENTED_EDGE('',*,*,#7178,.F.);
#7204 = ORIENTED_EDGE('',*,*,#7205,.T.);
#7205 = EDGE_CURVE('',#7179,#7155,#7206,.T.);
#7206 = CIRCLE('',#7207,1.375);
#7207 = AXIS2_PLACEMENT_3D('',#7208,#7209,#7210);
#7208 = CARTESIAN_POINT('',(-10.16,-27.94,-15.));
#7209 = DIRECTION('',(0.,0.,1.));
#7210 = DIRECTION('',(1.,0.,-0.));
#7211 = CYLINDRICAL_SURFACE('',#7212,1.375);
#7212 = AXIS2_PLACEMENT_3D('',#7213,#7214,#7215);
#7213 = CARTESIAN_POINT('',(-10.16,-27.94,-16.));
#7214 = DIRECTION('',(0.,0.,1.));
#7215 = DIRECTION('',(1.,0.,-0.));
#7216 = ADVANCED_FACE('',(#7217),#7243,.F.);
#7217 = FACE_BOUND('',#7218,.F.);
#7218 = EDGE_LOOP('',(#7219,#7220,#7228,#7237));
#7219 = ORIENTED_EDGE('',*,*,#2284,.F.);
#7220 = ORIENTED_EDGE('',*,*,#7221,.F.);
#7221 = EDGE_CURVE('',#7222,#2285,#7224,.T.);
#7222 = VERTEX_POINT('',#7223);
#7223 = CARTESIAN_POINT('',(-15.24,-16.405,-15.));
#7224 = LINE('',#7225,#7226);
#7225 = CARTESIAN_POINT('',(-15.24,-16.405,-16.));
#7226 = VECTOR('',#7227,1.);
#7227 = DIRECTION('',(0.,0.,1.));
#7228 = ORIENTED_EDGE('',*,*,#7229,.T.);
#7229 = EDGE_CURVE('',#7222,#7230,#7232,.T.);
#7230 = VERTEX_POINT('',#7231);
#7231 = CARTESIAN_POINT('',(-15.24,-19.155,-15.));
#7232 = CIRCLE('',#7233,1.375);
#7233 = AXIS2_PLACEMENT_3D('',#7234,#7235,#7236);
#7234 = CARTESIAN_POINT('',(-15.24,-17.78,-15.));
#7235 = DIRECTION('',(0.,0.,1.));
#7236 = DIRECTION('',(1.,0.,-0.));
#7237 = ORIENTED_EDGE('',*,*,#7238,.T.);
#7238 = EDGE_CURVE('',#7230,#2287,#7239,.T.);
#7239 = LINE('',#7240,#7241);
#7240 = CARTESIAN_POINT('',(-15.24,-19.155,-16.));
#7241 = VECTOR('',#7242,1.);
#7242 = DIRECTION('',(0.,0.,1.));
#7243 = CYLINDRICAL_SURFACE('',#7244,1.375);
#7244 = AXIS2_PLACEMENT_3D('',#7245,#7246,#7247);
#7245 = CARTESIAN_POINT('',(-15.24,-17.78,-16.));
#7246 = DIRECTION('',(0.,0.,1.));
#7247 = DIRECTION('',(1.,0.,-0.));
#7248 = ADVANCED_FACE('',(#7249),#7267,.F.);
#7249 = FACE_BOUND('',#7250,.F.);
#7250 = EDGE_LOOP('',(#7251,#7259,#7260,#7261));
#7251 = ORIENTED_EDGE('',*,*,#7252,.T.);
#7252 = EDGE_CURVE('',#7253,#7222,#7255,.T.);
#7253 = VERTEX_POINT('',#7254);
#7254 = CARTESIAN_POINT('',(-10.16,-16.405,-15.));
#7255 = LINE('',#7256,#7257);
#7256 = CARTESIAN_POINT('',(-28.17,-16.405,-15.));
#7257 = VECTOR('',#7258,1.);
#7258 = DIRECTION('',(-1.,-0.,0.));
#7259 = ORIENTED_EDGE('',*,*,#7221,.T.);
#7260 = ORIENTED_EDGE('',*,*,#2295,.F.);
#7261 = ORIENTED_EDGE('',*,*,#7262,.F.);
#7262 = EDGE_CURVE('',#7253,#2296,#7263,.T.);
#7263 = LINE('',#7264,#7265);
#7264 = CARTESIAN_POINT('',(-10.16,-16.405,-16.));
#7265 = VECTOR('',#7266,1.);
#7266 = DIRECTION('',(0.,0.,1.));
#7267 = PLANE('',#7268);
#7268 = AXIS2_PLACEMENT_3D('',#7269,#7270,#7271);
#7269 = CARTESIAN_POINT('',(-15.24,-16.405,-16.));
#7270 = DIRECTION('',(-0.,1.,0.));
#7271 = DIRECTION('',(0.,0.,1.));
#7272 = ADVANCED_FACE('',(#7273),#7291,.T.);
#7273 = FACE_BOUND('',#7274,.T.);
#7274 = EDGE_LOOP('',(#7275,#7283,#7284,#7285));
#7275 = ORIENTED_EDGE('',*,*,#7276,.T.);
#7276 = EDGE_CURVE('',#7277,#7230,#7279,.T.);
#7277 = VERTEX_POINT('',#7278);
#7278 = CARTESIAN_POINT('',(-10.16,-19.155,-15.));
#7279 = LINE('',#7280,#7281);
#7280 = CARTESIAN_POINT('',(-28.17,-19.155,-15.));
#7281 = VECTOR('',#7282,1.);
#7282 = DIRECTION('',(-1.,-0.,0.));
#7283 = ORIENTED_EDGE('',*,*,#7238,.T.);
#7284 = ORIENTED_EDGE('',*,*,#2321,.F.);
#7285 = ORIENTED_EDGE('',*,*,#7286,.F.);
#7286 = EDGE_CURVE('',#7277,#2313,#7287,.T.);
#7287 = LINE('',#7288,#7289);
#7288 = CARTESIAN_POINT('',(-10.16,-19.155,-16.));
#7289 = VECTOR('',#7290,1.);
#7290 = DIRECTION('',(0.,0.,1.));
#7291 = PLANE('',#7292);
#7292 = AXIS2_PLACEMENT_3D('',#7293,#7294,#7295);
#7293 = CARTESIAN_POINT('',(-15.24,-19.155,-16.));
#7294 = DIRECTION('',(-0.,1.,0.));
#7295 = DIRECTION('',(0.,0.,1.));
#7296 = ADVANCED_FACE('',(#7297),#7323,.F.);
#7297 = FACE_BOUND('',#7298,.F.);
#7298 = EDGE_LOOP('',(#7299,#7300,#7308,#7317));
#7299 = ORIENTED_EDGE('',*,*,#2329,.F.);
#7300 = ORIENTED_EDGE('',*,*,#7301,.F.);
#7301 = EDGE_CURVE('',#7302,#2330,#7304,.T.);
#7302 = VERTEX_POINT('',#7303);
#7303 = CARTESIAN_POINT('',(-3.705,-17.78,-15.));
#7304 = LINE('',#7305,#7306);
#7305 = CARTESIAN_POINT('',(-3.705,-17.78,-16.));
#7306 = VECTOR('',#7307,1.);
#7307 = DIRECTION('',(0.,0.,1.));
#7308 = ORIENTED_EDGE('',*,*,#7309,.T.);
#7309 = EDGE_CURVE('',#7302,#7310,#7312,.T.);
#7310 = VERTEX_POINT('',#7311);
#7311 = CARTESIAN_POINT('',(-6.455,-17.78,-15.));
#7312 = CIRCLE('',#7313,1.375);
#7313 = AXIS2_PLACEMENT_3D('',#7314,#7315,#7316);
#7314 = CARTESIAN_POINT('',(-5.08,-17.78,-15.));
#7315 = DIRECTION('',(0.,0.,1.));
#7316 = DIRECTION('',(1.,0.,-0.));
#7317 = ORIENTED_EDGE('',*,*,#7318,.T.);
#7318 = EDGE_CURVE('',#7310,#2332,#7319,.T.);
#7319 = LINE('',#7320,#7321);
#7320 = CARTESIAN_POINT('',(-6.455,-17.78,-16.));
#7321 = VECTOR('',#7322,1.);
#7322 = DIRECTION('',(0.,0.,1.));
#7323 = CYLINDRICAL_SURFACE('',#7324,1.375);
#7324 = AXIS2_PLACEMENT_3D('',#7325,#7326,#7327);
#7325 = CARTESIAN_POINT('',(-5.08,-17.78,-16.));
#7326 = DIRECTION('',(0.,0.,1.));
#7327 = DIRECTION('',(1.,0.,-0.));
#7328 = ADVANCED_FACE('',(#7329),#7347,.F.);
#7329 = FACE_BOUND('',#7330,.F.);
#7330 = EDGE_LOOP('',(#7331,#7339,#7345,#7346));
#7331 = ORIENTED_EDGE('',*,*,#7332,.F.);
#7332 = EDGE_CURVE('',#7333,#2341,#7335,.T.);
#7333 = VERTEX_POINT('',#7334);
#7334 = CARTESIAN_POINT('',(-3.705,-22.86,-15.));
#7335 = LINE('',#7336,#7337);
#7336 = CARTESIAN_POINT('',(-3.705,-22.86,-16.));
#7337 = VECTOR('',#7338,1.);
#7338 = DIRECTION('',(0.,0.,1.));
#7339 = ORIENTED_EDGE('',*,*,#7340,.T.);
#7340 = EDGE_CURVE('',#7333,#7302,#7341,.T.);
#7341 = LINE('',#7342,#7343);
#7342 = CARTESIAN_POINT('',(-3.705,-28.17,-15.));
#7343 = VECTOR('',#7344,1.);
#7344 = DIRECTION('',(-0.,1.,0.));
#7345 = ORIENTED_EDGE('',*,*,#7301,.T.);
#7346 = ORIENTED_EDGE('',*,*,#2340,.F.);
#7347 = PLANE('',#7348);
#7348 = AXIS2_PLACEMENT_3D('',#7349,#7350,#7351);
#7349 = CARTESIAN_POINT('',(-3.705,-22.86,-16.));
#7350 = DIRECTION('',(1.,0.,-0.));
#7351 = DIRECTION('',(0.,0.,1.));
#7352 = ADVANCED_FACE('',(#7353),#7371,.T.);
#7353 = FACE_BOUND('',#7354,.T.);
#7354 = EDGE_LOOP('',(#7355,#7363,#7369,#7370));
#7355 = ORIENTED_EDGE('',*,*,#7356,.F.);
#7356 = EDGE_CURVE('',#7357,#2349,#7359,.T.);
#7357 = VERTEX_POINT('',#7358);
#7358 = CARTESIAN_POINT('',(-6.455,-22.86,-15.));
#7359 = LINE('',#7360,#7361);
#7360 = CARTESIAN_POINT('',(-6.455,-22.86,-16.));
#7361 = VECTOR('',#7362,1.);
#7362 = DIRECTION('',(0.,0.,1.));
#7363 = ORIENTED_EDGE('',*,*,#7364,.T.);
#7364 = EDGE_CURVE('',#7357,#7310,#7365,.T.);
#7365 = LINE('',#7366,#7367);
#7366 = CARTESIAN_POINT('',(-6.455,-28.17,-15.));
#7367 = VECTOR('',#7368,1.);
#7368 = DIRECTION('',(-0.,1.,0.));
#7369 = ORIENTED_EDGE('',*,*,#7318,.T.);
#7370 = ORIENTED_EDGE('',*,*,#2357,.F.);
#7371 = PLANE('',#7372);
#7372 = AXIS2_PLACEMENT_3D('',#7373,#7374,#7375);
#7373 = CARTESIAN_POINT('',(-6.455,-22.86,-16.));
#7374 = DIRECTION('',(1.,0.,-0.));
#7375 = DIRECTION('',(0.,0.,1.));
#7376 = ADVANCED_FACE('',(#7377),#7389,.F.);
#7377 = FACE_BOUND('',#7378,.F.);
#7378 = EDGE_LOOP('',(#7379,#7380,#7381,#7382));
#7379 = ORIENTED_EDGE('',*,*,#7332,.T.);
#7380 = ORIENTED_EDGE('',*,*,#2348,.F.);
#7381 = ORIENTED_EDGE('',*,*,#7356,.F.);
#7382 = ORIENTED_EDGE('',*,*,#7383,.T.);
#7383 = EDGE_CURVE('',#7357,#7333,#7384,.T.);
#7384 = CIRCLE('',#7385,1.375);
#7385 = AXIS2_PLACEMENT_3D('',#7386,#7387,#7388);
#7386 = CARTESIAN_POINT('',(-5.08,-22.86,-15.));
#7387 = DIRECTION('',(0.,0.,1.));
#7388 = DIRECTION('',(1.,0.,-0.));
#7389 = CYLINDRICAL_SURFACE('',#7390,1.375);
#7390 = AXIS2_PLACEMENT_3D('',#7391,#7392,#7393);
#7391 = CARTESIAN_POINT('',(-5.08,-22.86,-16.));
#7392 = DIRECTION('',(0.,0.,1.));
#7393 = DIRECTION('',(1.,0.,-0.));
#7394 = ADVANCED_FACE('',(#7395),#7421,.F.);
#7395 = FACE_BOUND('',#7396,.F.);
#7396 = EDGE_LOOP('',(#7397,#7398,#7406,#7415));
#7397 = ORIENTED_EDGE('',*,*,#2365,.F.);
#7398 = ORIENTED_EDGE('',*,*,#7399,.F.);
#7399 = EDGE_CURVE('',#7400,#2366,#7402,.T.);
#7400 = VERTEX_POINT('',#7401);
#7401 = CARTESIAN_POINT('',(6.455,-7.62,-15.));
#7402 = LINE('',#7403,#7404);
#7403 = CARTESIAN_POINT('',(6.455,-7.62,-16.));
#7404 = VECTOR('',#7405,1.);
#7405 = DIRECTION('',(0.,0.,1.));
#7406 = ORIENTED_EDGE('',*,*,#7407,.T.);
#7407 = EDGE_CURVE('',#7400,#7408,#7410,.T.);
#7408 = VERTEX_POINT('',#7409);
#7409 = CARTESIAN_POINT('',(3.705,-7.62,-15.));
#7410 = CIRCLE('',#7411,1.375);
#7411 = AXIS2_PLACEMENT_3D('',#7412,#7413,#7414);
#7412 = CARTESIAN_POINT('',(5.08,-7.62,-15.));
#7413 = DIRECTION('',(0.,0.,1.));
#7414 = DIRECTION('',(1.,0.,-0.));
#7415 = ORIENTED_EDGE('',*,*,#7416,.T.);
#7416 = EDGE_CURVE('',#7408,#2368,#7417,.T.);
#7417 = LINE('',#7418,#7419);
#7418 = CARTESIAN_POINT('',(3.705,-7.62,-16.));
#7419 = VECTOR('',#7420,1.);
#7420 = DIRECTION('',(0.,0.,1.));
#7421 = CYLINDRICAL_SURFACE('',#7422,1.375);
#7422 = AXIS2_PLACEMENT_3D('',#7423,#7424,#7425);
#7423 = CARTESIAN_POINT('',(5.08,-7.62,-16.));
#7424 = DIRECTION('',(0.,0.,1.));
#7425 = DIRECTION('',(1.,0.,-0.));
#7426 = ADVANCED_FACE('',(#7427),#7445,.F.);
#7427 = FACE_BOUND('',#7428,.F.);
#7428 = EDGE_LOOP('',(#7429,#7437,#7443,#7444));
#7429 = ORIENTED_EDGE('',*,*,#7430,.F.);
#7430 = EDGE_CURVE('',#7431,#2377,#7433,.T.);
#7431 = VERTEX_POINT('',#7432);
#7432 = CARTESIAN_POINT('',(6.455,-12.7,-15.));
#7433 = LINE('',#7434,#7435);
#7434 = CARTESIAN_POINT('',(6.455,-12.7,-16.));
#7435 = VECTOR('',#7436,1.);
#7436 = DIRECTION('',(0.,0.,1.));
#7437 = ORIENTED_EDGE('',*,*,#7438,.T.);
#7438 = EDGE_CURVE('',#7431,#7400,#7439,.T.);
#7439 = LINE('',#7440,#7441);
#7440 = CARTESIAN_POINT('',(6.455,-23.09,-15.));
#7441 = VECTOR('',#7442,1.);
#7442 = DIRECTION('',(-0.,1.,0.));
#7443 = ORIENTED_EDGE('',*,*,#7399,.T.);
#7444 = ORIENTED_EDGE('',*,*,#2376,.F.);
#7445 = PLANE('',#7446);
#7446 = AXIS2_PLACEMENT_3D('',#7447,#7448,#7449);
#7447 = CARTESIAN_POINT('',(6.455,-12.7,-16.));
#7448 = DIRECTION('',(1.,0.,-0.));
#7449 = DIRECTION('',(0.,0.,1.));
#7450 = ADVANCED_FACE('',(#7451),#7469,.T.);
#7451 = FACE_BOUND('',#7452,.T.);
#7452 = EDGE_LOOP('',(#7453,#7461,#7467,#7468));
#7453 = ORIENTED_EDGE('',*,*,#7454,.F.);
#7454 = EDGE_CURVE('',#7455,#2385,#7457,.T.);
#7455 = VERTEX_POINT('',#7456);
#7456 = CARTESIAN_POINT('',(3.705,-12.7,-15.));
#7457 = LINE('',#7458,#7459);
#7458 = CARTESIAN_POINT('',(3.705,-12.7,-16.));
#7459 = VECTOR('',#7460,1.);
#7460 = DIRECTION('',(0.,0.,1.));
#7461 = ORIENTED_EDGE('',*,*,#7462,.T.);
#7462 = EDGE_CURVE('',#7455,#7408,#7463,.T.);
#7463 = LINE('',#7464,#7465);
#7464 = CARTESIAN_POINT('',(3.705,-23.09,-15.));
#7465 = VECTOR('',#7466,1.);
#7466 = DIRECTION('',(-0.,1.,0.));
#7467 = ORIENTED_EDGE('',*,*,#7416,.T.);
#7468 = ORIENTED_EDGE('',*,*,#2393,.F.);
#7469 = PLANE('',#7470);
#7470 = AXIS2_PLACEMENT_3D('',#7471,#7472,#7473);
#7471 = CARTESIAN_POINT('',(3.705,-12.7,-16.));
#7472 = DIRECTION('',(1.,0.,-0.));
#7473 = DIRECTION('',(0.,0.,1.));
#7474 = ADVANCED_FACE('',(#7475),#7487,.F.);
#7475 = FACE_BOUND('',#7476,.F.);
#7476 = EDGE_LOOP('',(#7477,#7478,#7479,#7480));
#7477 = ORIENTED_EDGE('',*,*,#7430,.T.);
#7478 = ORIENTED_EDGE('',*,*,#2384,.F.);
#7479 = ORIENTED_EDGE('',*,*,#7454,.F.);
#7480 = ORIENTED_EDGE('',*,*,#7481,.T.);
#7481 = EDGE_CURVE('',#7455,#7431,#7482,.T.);
#7482 = CIRCLE('',#7483,1.375);
#7483 = AXIS2_PLACEMENT_3D('',#7484,#7485,#7486);
#7484 = CARTESIAN_POINT('',(5.08,-12.7,-15.));
#7485 = DIRECTION('',(0.,0.,1.));
#7486 = DIRECTION('',(1.,0.,-0.));
#7487 = CYLINDRICAL_SURFACE('',#7488,1.375);
#7488 = AXIS2_PLACEMENT_3D('',#7489,#7490,#7491);
#7489 = CARTESIAN_POINT('',(5.08,-12.7,-16.));
#7490 = DIRECTION('',(0.,0.,1.));
#7491 = DIRECTION('',(1.,0.,-0.));
#7492 = ADVANCED_FACE('',(#7493),#7519,.F.);
#7493 = FACE_BOUND('',#7494,.F.);
#7494 = EDGE_LOOP('',(#7495,#7496,#7504,#7513));
#7495 = ORIENTED_EDGE('',*,*,#2401,.F.);
#7496 = ORIENTED_EDGE('',*,*,#7497,.F.);
#7497 = EDGE_CURVE('',#7498,#2402,#7500,.T.);
#7498 = VERTEX_POINT('',#7499);
#7499 = CARTESIAN_POINT('',(26.775,12.7,-15.));
#7500 = LINE('',#7501,#7502);
#7501 = CARTESIAN_POINT('',(26.775,12.7,-16.));
#7502 = VECTOR('',#7503,1.);
#7503 = DIRECTION('',(0.,0.,1.));
#7504 = ORIENTED_EDGE('',*,*,#7505,.T.);
#7505 = EDGE_CURVE('',#7498,#7506,#7508,.T.);
#7506 = VERTEX_POINT('',#7507);
#7507 = CARTESIAN_POINT('',(24.025,12.7,-15.));
#7508 = CIRCLE('',#7509,1.375);
#7509 = AXIS2_PLACEMENT_3D('',#7510,#7511,#7512);
#7510 = CARTESIAN_POINT('',(25.4,12.7,-15.));
#7511 = DIRECTION('',(0.,0.,1.));
#7512 = DIRECTION('',(1.,0.,-0.));
#7513 = ORIENTED_EDGE('',*,*,#7514,.T.);
#7514 = EDGE_CURVE('',#7506,#2404,#7515,.T.);
#7515 = LINE('',#7516,#7517);
#7516 = CARTESIAN_POINT('',(24.025,12.7,-16.));
#7517 = VECTOR('',#7518,1.);
#7518 = DIRECTION('',(0.,0.,1.));
#7519 = CYLINDRICAL_SURFACE('',#7520,1.375);
#7520 = AXIS2_PLACEMENT_3D('',#7521,#7522,#7523);
#7521 = CARTESIAN_POINT('',(25.4,12.7,-16.));
#7522 = DIRECTION('',(0.,0.,1.));
#7523 = DIRECTION('',(1.,0.,-0.));
#7524 = ADVANCED_FACE('',(#7525),#7543,.F.);
#7525 = FACE_BOUND('',#7526,.F.);
#7526 = EDGE_LOOP('',(#7527,#7535,#7541,#7542));
#7527 = ORIENTED_EDGE('',*,*,#7528,.F.);
#7528 = EDGE_CURVE('',#7529,#2413,#7531,.T.);
#7529 = VERTEX_POINT('',#7530);
#7530 = CARTESIAN_POINT('',(26.775,7.62,-15.));
#7531 = LINE('',#7532,#7533);
#7532 = CARTESIAN_POINT('',(26.775,7.62,-16.));
#7533 = VECTOR('',#7534,1.);
#7534 = DIRECTION('',(0.,0.,1.));
#7535 = ORIENTED_EDGE('',*,*,#7536,.T.);
#7536 = EDGE_CURVE('',#7529,#7498,#7537,.T.);
#7537 = LINE('',#7538,#7539);
#7538 = CARTESIAN_POINT('',(26.775,-12.93,-15.));
#7539 = VECTOR('',#7540,1.);
#7540 = DIRECTION('',(-0.,1.,0.));
#7541 = ORIENTED_EDGE('',*,*,#7497,.T.);
#7542 = ORIENTED_EDGE('',*,*,#2412,.F.);
#7543 = PLANE('',#7544);
#7544 = AXIS2_PLACEMENT_3D('',#7545,#7546,#7547);
#7545 = CARTESIAN_POINT('',(26.775,7.62,-16.));
#7546 = DIRECTION('',(1.,0.,-0.));
#7547 = DIRECTION('',(0.,0.,1.));
#7548 = ADVANCED_FACE('',(#7549),#7567,.T.);
#7549 = FACE_BOUND('',#7550,.T.);
#7550 = EDGE_LOOP('',(#7551,#7559,#7565,#7566));
#7551 = ORIENTED_EDGE('',*,*,#7552,.F.);
#7552 = EDGE_CURVE('',#7553,#2421,#7555,.T.);
#7553 = VERTEX_POINT('',#7554);
#7554 = CARTESIAN_POINT('',(24.025,7.62,-15.));
#7555 = LINE('',#7556,#7557);
#7556 = CARTESIAN_POINT('',(24.025,7.62,-16.));
#7557 = VECTOR('',#7558,1.);
#7558 = DIRECTION('',(0.,0.,1.));
#7559 = ORIENTED_EDGE('',*,*,#7560,.T.);
#7560 = EDGE_CURVE('',#7553,#7506,#7561,.T.);
#7561 = LINE('',#7562,#7563);
#7562 = CARTESIAN_POINT('',(24.025,-12.93,-15.));
#7563 = VECTOR('',#7564,1.);
#7564 = DIRECTION('',(-0.,1.,0.));
#7565 = ORIENTED_EDGE('',*,*,#7514,.T.);
#7566 = ORIENTED_EDGE('',*,*,#2429,.F.);
#7567 = PLANE('',#7568);
#7568 = AXIS2_PLACEMENT_3D('',#7569,#7570,#7571);
#7569 = CARTESIAN_POINT('',(24.025,7.62,-16.));
#7570 = DIRECTION('',(1.,0.,-0.));
#7571 = DIRECTION('',(0.,0.,1.));
#7572 = ADVANCED_FACE('',(#7573),#7585,.F.);
#7573 = FACE_BOUND('',#7574,.F.);
#7574 = EDGE_LOOP('',(#7575,#7576,#7577,#7578));
#7575 = ORIENTED_EDGE('',*,*,#7528,.T.);
#7576 = ORIENTED_EDGE('',*,*,#2420,.F.);
#7577 = ORIENTED_EDGE('',*,*,#7552,.F.);
#7578 = ORIENTED_EDGE('',*,*,#7579,.T.);
#7579 = EDGE_CURVE('',#7553,#7529,#7580,.T.);
#7580 = CIRCLE('',#7581,1.375);
#7581 = AXIS2_PLACEMENT_3D('',#7582,#7583,#7584);
#7582 = CARTESIAN_POINT('',(25.4,7.62,-15.));
#7583 = DIRECTION('',(0.,0.,1.));
#7584 = DIRECTION('',(1.,0.,-0.));
#7585 = CYLINDRICAL_SURFACE('',#7586,1.375);
#7586 = AXIS2_PLACEMENT_3D('',#7587,#7588,#7589);
#7587 = CARTESIAN_POINT('',(25.4,7.62,-16.));
#7588 = DIRECTION('',(0.,0.,1.));
#7589 = DIRECTION('',(1.,0.,-0.));
#7590 = ADVANCED_FACE('',(#7591),#7617,.F.);
#7591 = FACE_BOUND('',#7592,.F.);
#7592 = EDGE_LOOP('',(#7593,#7594,#7602,#7611));
#7593 = ORIENTED_EDGE('',*,*,#2437,.F.);
#7594 = ORIENTED_EDGE('',*,*,#7595,.F.);
#7595 = EDGE_CURVE('',#7596,#2438,#7598,.T.);
#7596 = VERTEX_POINT('',#7597);
#7597 = CARTESIAN_POINT('',(26.775,-2.54,-15.));
#7598 = LINE('',#7599,#7600);
#7599 = CARTESIAN_POINT('',(26.775,-2.54,-16.));
#7600 = VECTOR('',#7601,1.);
#7601 = DIRECTION('',(0.,0.,1.));
#7602 = ORIENTED_EDGE('',*,*,#7603,.T.);
#7603 = EDGE_CURVE('',#7596,#7604,#7606,.T.);
#7604 = VERTEX_POINT('',#7605);
#7605 = CARTESIAN_POINT('',(24.025,-2.54,-15.));
#7606 = CIRCLE('',#7607,1.375);
#7607 = AXIS2_PLACEMENT_3D('',#7608,#7609,#7610);
#7608 = CARTESIAN_POINT('',(25.4,-2.54,-15.));
#7609 = DIRECTION('',(0.,0.,1.));
#7610 = DIRECTION('',(1.,0.,-0.));
#7611 = ORIENTED_EDGE('',*,*,#7612,.T.);
#7612 = EDGE_CURVE('',#7604,#2440,#7613,.T.);
#7613 = LINE('',#7614,#7615);
#7614 = CARTESIAN_POINT('',(24.025,-2.54,-16.));
#7615 = VECTOR('',#7616,1.);
#7616 = DIRECTION('',(0.,0.,1.));
#7617 = CYLINDRICAL_SURFACE('',#7618,1.375);
#7618 = AXIS2_PLACEMENT_3D('',#7619,#7620,#7621);
#7619 = CARTESIAN_POINT('',(25.4,-2.54,-16.));
#7620 = DIRECTION('',(0.,0.,1.));
#7621 = DIRECTION('',(1.,0.,-0.));
#7622 = ADVANCED_FACE('',(#7623),#7641,.F.);
#7623 = FACE_BOUND('',#7624,.F.);
#7624 = EDGE_LOOP('',(#7625,#7633,#7639,#7640));
#7625 = ORIENTED_EDGE('',*,*,#7626,.F.);
#7626 = EDGE_CURVE('',#7627,#2449,#7629,.T.);
#7627 = VERTEX_POINT('',#7628);
#7628 = CARTESIAN_POINT('',(26.775,-7.62,-15.));
#7629 = LINE('',#7630,#7631);
#7630 = CARTESIAN_POINT('',(26.775,-7.62,-16.));
#7631 = VECTOR('',#7632,1.);
#7632 = DIRECTION('',(0.,0.,1.));
#7633 = ORIENTED_EDGE('',*,*,#7634,.T.);
#7634 = EDGE_CURVE('',#7627,#7596,#7635,.T.);
#7635 = LINE('',#7636,#7637);
#7636 = CARTESIAN_POINT('',(26.775,-20.55,-15.));
#7637 = VECTOR('',#7638,1.);
#7638 = DIRECTION('',(-0.,1.,0.));
#7639 = ORIENTED_EDGE('',*,*,#7595,.T.);
#7640 = ORIENTED_EDGE('',*,*,#2448,.F.);
#7641 = PLANE('',#7642);
#7642 = AXIS2_PLACEMENT_3D('',#7643,#7644,#7645);
#7643 = CARTESIAN_POINT('',(26.775,-7.62,-16.));
#7644 = DIRECTION('',(1.,0.,-0.));
#7645 = DIRECTION('',(0.,0.,1.));
#7646 = ADVANCED_FACE('',(#7647),#7665,.T.);
#7647 = FACE_BOUND('',#7648,.T.);
#7648 = EDGE_LOOP('',(#7649,#7657,#7663,#7664));
#7649 = ORIENTED_EDGE('',*,*,#7650,.F.);
#7650 = EDGE_CURVE('',#7651,#2457,#7653,.T.);
#7651 = VERTEX_POINT('',#7652);
#7652 = CARTESIAN_POINT('',(24.025,-7.62,-15.));
#7653 = LINE('',#7654,#7655);
#7654 = CARTESIAN_POINT('',(24.025,-7.62,-16.));
#7655 = VECTOR('',#7656,1.);
#7656 = DIRECTION('',(0.,0.,1.));
#7657 = ORIENTED_EDGE('',*,*,#7658,.T.);
#7658 = EDGE_CURVE('',#7651,#7604,#7659,.T.);
#7659 = LINE('',#7660,#7661);
#7660 = CARTESIAN_POINT('',(24.025,-20.55,-15.));
#7661 = VECTOR('',#7662,1.);
#7662 = DIRECTION('',(-0.,1.,0.));
#7663 = ORIENTED_EDGE('',*,*,#7612,.T.);
#7664 = ORIENTED_EDGE('',*,*,#2465,.F.);
#7665 = PLANE('',#7666);
#7666 = AXIS2_PLACEMENT_3D('',#7667,#7668,#7669);
#7667 = CARTESIAN_POINT('',(24.025,-7.62,-16.));
#7668 = DIRECTION('',(1.,0.,-0.));
#7669 = DIRECTION('',(0.,0.,1.));
#7670 = ADVANCED_FACE('',(#7671),#7683,.F.);
#7671 = FACE_BOUND('',#7672,.F.);
#7672 = EDGE_LOOP('',(#7673,#7674,#7675,#7676));
#7673 = ORIENTED_EDGE('',*,*,#7626,.T.);
#7674 = ORIENTED_EDGE('',*,*,#2456,.F.);
#7675 = ORIENTED_EDGE('',*,*,#7650,.F.);
#7676 = ORIENTED_EDGE('',*,*,#7677,.T.);
#7677 = EDGE_CURVE('',#7651,#7627,#7678,.T.);
#7678 = CIRCLE('',#7679,1.375);
#7679 = AXIS2_PLACEMENT_3D('',#7680,#7681,#7682);
#7680 = CARTESIAN_POINT('',(25.4,-7.62,-15.));
#7681 = DIRECTION('',(0.,0.,1.));
#7682 = DIRECTION('',(1.,0.,-0.));
#7683 = CYLINDRICAL_SURFACE('',#7684,1.375);
#7684 = AXIS2_PLACEMENT_3D('',#7685,#7686,#7687);
#7685 = CARTESIAN_POINT('',(25.4,-7.62,-16.));
#7686 = DIRECTION('',(0.,0.,1.));
#7687 = DIRECTION('',(1.,0.,-0.));
#7688 = ADVANCED_FACE('',(#7689),#7715,.F.);
#7689 = FACE_BOUND('',#7690,.F.);
#7690 = EDGE_LOOP('',(#7691,#7692,#7700,#7709));
#7691 = ORIENTED_EDGE('',*,*,#2473,.F.);
#7692 = ORIENTED_EDGE('',*,*,#7693,.F.);
#7693 = EDGE_CURVE('',#7694,#2474,#7696,.T.);
#7694 = VERTEX_POINT('',#7695);
#7695 = CARTESIAN_POINT('',(10.16,19.155,-15.));
#7696 = LINE('',#7697,#7698);
#7697 = CARTESIAN_POINT('',(10.16,19.155,-16.));
#7698 = VECTOR('',#7699,1.);
#7699 = DIRECTION('',(0.,0.,1.));
#7700 = ORIENTED_EDGE('',*,*,#7701,.T.);
#7701 = EDGE_CURVE('',#7694,#7702,#7704,.T.);
#7702 = VERTEX_POINT('',#7703);
#7703 = CARTESIAN_POINT('',(10.16,16.405,-15.));
#7704 = CIRCLE('',#7705,1.375);
#7705 = AXIS2_PLACEMENT_3D('',#7706,#7707,#7708);
#7706 = CARTESIAN_POINT('',(10.16,17.78,-15.));
#7707 = DIRECTION('',(0.,0.,1.));
#7708 = DIRECTION('',(1.,0.,-0.));
#7709 = ORIENTED_EDGE('',*,*,#7710,.T.);
#7710 = EDGE_CURVE('',#7702,#2476,#7711,.T.);
#7711 = LINE('',#7712,#7713);
#7712 = CARTESIAN_POINT('',(10.16,16.405,-16.));
#7713 = VECTOR('',#7714,1.);
#7714 = DIRECTION('',(0.,0.,1.));
#7715 = CYLINDRICAL_SURFACE('',#7716,1.375);
#7716 = AXIS2_PLACEMENT_3D('',#7717,#7718,#7719);
#7717 = CARTESIAN_POINT('',(10.16,17.78,-16.));
#7718 = DIRECTION('',(0.,0.,1.));
#7719 = DIRECTION('',(1.,0.,-0.));
#7720 = ADVANCED_FACE('',(#7721),#7739,.F.);
#7721 = FACE_BOUND('',#7722,.F.);
#7722 = EDGE_LOOP('',(#7723,#7731,#7732,#7733));
#7723 = ORIENTED_EDGE('',*,*,#7724,.T.);
#7724 = EDGE_CURVE('',#7725,#7694,#7727,.T.);
#7725 = VERTEX_POINT('',#7726);
#7726 = CARTESIAN_POINT('',(15.24,19.155,-15.));
#7727 = LINE('',#7728,#7729);
#7728 = CARTESIAN_POINT('',(-15.47,19.155,-15.));
#7729 = VECTOR('',#7730,1.);
#7730 = DIRECTION('',(-1.,-0.,0.));
#7731 = ORIENTED_EDGE('',*,*,#7693,.T.);
#7732 = ORIENTED_EDGE('',*,*,#2484,.F.);
#7733 = ORIENTED_EDGE('',*,*,#7734,.F.);
#7734 = EDGE_CURVE('',#7725,#2485,#7735,.T.);
#7735 = LINE('',#7736,#7737);
#7736 = CARTESIAN_POINT('',(15.24,19.155,-16.));
#7737 = VECTOR('',#7738,1.);
#7738 = DIRECTION('',(0.,0.,1.));
#7739 = PLANE('',#7740);
#7740 = AXIS2_PLACEMENT_3D('',#7741,#7742,#7743);
#7741 = CARTESIAN_POINT('',(10.16,19.155,-16.));
#7742 = DIRECTION('',(-0.,1.,0.));
#7743 = DIRECTION('',(0.,0.,1.));
#7744 = ADVANCED_FACE('',(#7745),#7763,.T.);
#7745 = FACE_BOUND('',#7746,.T.);
#7746 = EDGE_LOOP('',(#7747,#7755,#7756,#7757));
#7747 = ORIENTED_EDGE('',*,*,#7748,.T.);
#7748 = EDGE_CURVE('',#7749,#7702,#7751,.T.);
#7749 = VERTEX_POINT('',#7750);
#7750 = CARTESIAN_POINT('',(15.24,16.405,-15.));
#7751 = LINE('',#7752,#7753);
#7752 = CARTESIAN_POINT('',(-15.47,16.405,-15.));
#7753 = VECTOR('',#7754,1.);
#7754 = DIRECTION('',(-1.,-0.,0.));
#7755 = ORIENTED_EDGE('',*,*,#7710,.T.);
#7756 = ORIENTED_EDGE('',*,*,#2510,.F.);
#7757 = ORIENTED_EDGE('',*,*,#7758,.F.);
#7758 = EDGE_CURVE('',#7749,#2502,#7759,.T.);
#7759 = LINE('',#7760,#7761);
#7760 = CARTESIAN_POINT('',(15.24,16.405,-16.));
#7761 = VECTOR('',#7762,1.);
#7762 = DIRECTION('',(0.,0.,1.));
#7763 = PLANE('',#7764);
#7764 = AXIS2_PLACEMENT_3D('',#7765,#7766,#7767);
#7765 = CARTESIAN_POINT('',(10.16,16.405,-16.));
#7766 = DIRECTION('',(-0.,1.,0.));
#7767 = DIRECTION('',(0.,0.,1.));
#7768 = ADVANCED_FACE('',(#7769),#7795,.F.);
#7769 = FACE_BOUND('',#7770,.F.);
#7770 = EDGE_LOOP('',(#7771,#7772,#7780,#7789));
#7771 = ORIENTED_EDGE('',*,*,#2518,.F.);
#7772 = ORIENTED_EDGE('',*,*,#7773,.F.);
#7773 = EDGE_CURVE('',#7774,#2519,#7776,.T.);
#7774 = VERTEX_POINT('',#7775);
#7775 = CARTESIAN_POINT('',(-30.48,-16.405,-15.));
#7776 = LINE('',#7777,#7778);
#7777 = CARTESIAN_POINT('',(-30.48,-16.405,-16.));
#7778 = VECTOR('',#7779,1.);
#7779 = DIRECTION('',(0.,0.,1.));
#7780 = ORIENTED_EDGE('',*,*,#7781,.T.);
#7781 = EDGE_CURVE('',#7774,#7782,#7784,.T.);
#7782 = VERTEX_POINT('',#7783);
#7783 = CARTESIAN_POINT('',(-30.48,-19.155,-15.));
#7784 = CIRCLE('',#7785,1.375);
#7785 = AXIS2_PLACEMENT_3D('',#7786,#7787,#7788);
#7786 = CARTESIAN_POINT('',(-30.48,-17.78,-15.));
#7787 = DIRECTION('',(0.,0.,1.));
#7788 = DIRECTION('',(1.,0.,-0.));
#7789 = ORIENTED_EDGE('',*,*,#7790,.T.);
#7790 = EDGE_CURVE('',#7782,#2521,#7791,.T.);
#7791 = LINE('',#7792,#7793);
#7792 = CARTESIAN_POINT('',(-30.48,-19.155,-16.));
#7793 = VECTOR('',#7794,1.);
#7794 = DIRECTION('',(0.,0.,1.));
#7795 = CYLINDRICAL_SURFACE('',#7796,1.375);
#7796 = AXIS2_PLACEMENT_3D('',#7797,#7798,#7799);
#7797 = CARTESIAN_POINT('',(-30.48,-17.78,-16.));
#7798 = DIRECTION('',(0.,0.,1.));
#7799 = DIRECTION('',(1.,0.,-0.));
#7800 = ADVANCED_FACE('',(#7801),#7819,.F.);
#7801 = FACE_BOUND('',#7802,.F.);
#7802 = EDGE_LOOP('',(#7803,#7811,#7812,#7813));
#7803 = ORIENTED_EDGE('',*,*,#7804,.T.);
#7804 = EDGE_CURVE('',#7805,#7774,#7807,.T.);
#7805 = VERTEX_POINT('',#7806);
#7806 = CARTESIAN_POINT('',(-25.4,-16.405,-15.));
#7807 = LINE('',#7808,#7809);
#7808 = CARTESIAN_POINT('',(-35.79,-16.405,-15.));
#7809 = VECTOR('',#7810,1.);
#7810 = DIRECTION('',(-1.,-0.,0.));
#7811 = ORIENTED_EDGE('',*,*,#7773,.T.);
#7812 = ORIENTED_EDGE('',*,*,#2529,.F.);
#7813 = ORIENTED_EDGE('',*,*,#7814,.F.);
#7814 = EDGE_CURVE('',#7805,#2530,#7815,.T.);
#7815 = LINE('',#7816,#7817);
#7816 = CARTESIAN_POINT('',(-25.4,-16.405,-16.));
#7817 = VECTOR('',#7818,1.);
#7818 = DIRECTION('',(0.,0.,1.));
#7819 = PLANE('',#7820);
#7820 = AXIS2_PLACEMENT_3D('',#7821,#7822,#7823);
#7821 = CARTESIAN_POINT('',(-30.48,-16.405,-16.));
#7822 = DIRECTION('',(-0.,1.,0.));
#7823 = DIRECTION('',(0.,0.,1.));
#7824 = ADVANCED_FACE('',(#7825),#7843,.T.);
#7825 = FACE_BOUND('',#7826,.T.);
#7826 = EDGE_LOOP('',(#7827,#7835,#7836,#7837));
#7827 = ORIENTED_EDGE('',*,*,#7828,.T.);
#7828 = EDGE_CURVE('',#7829,#7782,#7831,.T.);
#7829 = VERTEX_POINT('',#7830);
#7830 = CARTESIAN_POINT('',(-25.4,-19.155,-15.));
#7831 = LINE('',#7832,#7833);
#7832 = CARTESIAN_POINT('',(-35.79,-19.155,-15.));
#7833 = VECTOR('',#7834,1.);
#7834 = DIRECTION('',(-1.,-0.,0.));
#7835 = ORIENTED_EDGE('',*,*,#7790,.T.);
#7836 = ORIENTED_EDGE('',*,*,#2555,.F.);
#7837 = ORIENTED_EDGE('',*,*,#7838,.F.);
#7838 = EDGE_CURVE('',#7829,#2547,#7839,.T.);
#7839 = LINE('',#7840,#7841);
#7840 = CARTESIAN_POINT('',(-25.4,-19.155,-16.));
#7841 = VECTOR('',#7842,1.);
#7842 = DIRECTION('',(0.,0.,1.));
#7843 = PLANE('',#7844);
#7844 = AXIS2_PLACEMENT_3D('',#7845,#7846,#7847);
#7845 = CARTESIAN_POINT('',(-30.48,-19.155,-16.));
#7846 = DIRECTION('',(-0.,1.,0.));
#7847 = DIRECTION('',(0.,0.,1.));
#7848 = ADVANCED_FACE('',(#7849),#7875,.F.);
#7849 = FACE_BOUND('',#7850,.F.);
#7850 = EDGE_LOOP('',(#7851,#7852,#7860,#7869));
#7851 = ORIENTED_EDGE('',*,*,#2563,.F.);
#7852 = ORIENTED_EDGE('',*,*,#7853,.F.);
#7853 = EDGE_CURVE('',#7854,#2564,#7856,.T.);
#7854 = VERTEX_POINT('',#7855);
#7855 = CARTESIAN_POINT('',(-20.32,-26.565,-15.));
#7856 = LINE('',#7857,#7858);
#7857 = CARTESIAN_POINT('',(-20.32,-26.565,-16.));
#7858 = VECTOR('',#7859,1.);
#7859 = DIRECTION('',(0.,0.,1.));
#7860 = ORIENTED_EDGE('',*,*,#7861,.T.);
#7861 = EDGE_CURVE('',#7854,#7862,#7864,.T.);
#7862 = VERTEX_POINT('',#7863);
#7863 = CARTESIAN_POINT('',(-20.32,-29.315,-15.));
#7864 = CIRCLE('',#7865,1.375);
#7865 = AXIS2_PLACEMENT_3D('',#7866,#7867,#7868);
#7866 = CARTESIAN_POINT('',(-20.32,-27.94,-15.));
#7867 = DIRECTION('',(0.,0.,1.));
#7868 = DIRECTION('',(1.,0.,-0.));
#7869 = ORIENTED_EDGE('',*,*,#7870,.T.);
#7870 = EDGE_CURVE('',#7862,#2566,#7871,.T.);
#7871 = LINE('',#7872,#7873);
#7872 = CARTESIAN_POINT('',(-20.32,-29.315,-16.));
#7873 = VECTOR('',#7874,1.);
#7874 = DIRECTION('',(0.,0.,1.));
#7875 = CYLINDRICAL_SURFACE('',#7876,1.375);
#7876 = AXIS2_PLACEMENT_3D('',#7877,#7878,#7879);
#7877 = CARTESIAN_POINT('',(-20.32,-27.94,-16.));
#7878 = DIRECTION('',(0.,0.,1.));
#7879 = DIRECTION('',(1.,0.,-0.));
#7880 = ADVANCED_FACE('',(#7881),#7899,.F.);
#7881 = FACE_BOUND('',#7882,.F.);
#7882 = EDGE_LOOP('',(#7883,#7891,#7892,#7893));
#7883 = ORIENTED_EDGE('',*,*,#7884,.T.);
#7884 = EDGE_CURVE('',#7885,#7854,#7887,.T.);
#7885 = VERTEX_POINT('',#7886);
#7886 = CARTESIAN_POINT('',(-15.24,-26.565,-15.));
#7887 = LINE('',#7888,#7889);
#7888 = CARTESIAN_POINT('',(-30.71,-26.565,-15.));
#7889 = VECTOR('',#7890,1.);
#7890 = DIRECTION('',(-1.,-0.,0.));
#7891 = ORIENTED_EDGE('',*,*,#7853,.T.);
#7892 = ORIENTED_EDGE('',*,*,#2574,.F.);
#7893 = ORIENTED_EDGE('',*,*,#7894,.F.);
#7894 = EDGE_CURVE('',#7885,#2575,#7895,.T.);
#7895 = LINE('',#7896,#7897);
#7896 = CARTESIAN_POINT('',(-15.24,-26.565,-16.));
#7897 = VECTOR('',#7898,1.);
#7898 = DIRECTION('',(0.,0.,1.));
#7899 = PLANE('',#7900);
#7900 = AXIS2_PLACEMENT_3D('',#7901,#7902,#7903);
#7901 = CARTESIAN_POINT('',(-20.32,-26.565,-16.));
#7902 = DIRECTION('',(-0.,1.,0.));
#7903 = DIRECTION('',(0.,0.,1.));
#7904 = ADVANCED_FACE('',(#7905),#7923,.T.);
#7905 = FACE_BOUND('',#7906,.T.);
#7906 = EDGE_LOOP('',(#7907,#7915,#7916,#7917));
#7907 = ORIENTED_EDGE('',*,*,#7908,.T.);
#7908 = EDGE_CURVE('',#7909,#7862,#7911,.T.);
#7909 = VERTEX_POINT('',#7910);
#7910 = CARTESIAN_POINT('',(-15.24,-29.315,-15.));
#7911 = LINE('',#7912,#7913);
#7912 = CARTESIAN_POINT('',(-30.71,-29.315,-15.));
#7913 = VECTOR('',#7914,1.);
#7914 = DIRECTION('',(-1.,-0.,0.));
#7915 = ORIENTED_EDGE('',*,*,#7870,.T.);
#7916 = ORIENTED_EDGE('',*,*,#2600,.F.);
#7917 = ORIENTED_EDGE('',*,*,#7918,.F.);
#7918 = EDGE_CURVE('',#7909,#2592,#7919,.T.);
#7919 = LINE('',#7920,#7921);
#7920 = CARTESIAN_POINT('',(-15.24,-29.315,-16.));
#7921 = VECTOR('',#7922,1.);
#7922 = DIRECTION('',(0.,0.,1.));
#7923 = PLANE('',#7924);
#7924 = AXIS2_PLACEMENT_3D('',#7925,#7926,#7927);
#7925 = CARTESIAN_POINT('',(-20.32,-29.315,-16.));
#7926 = DIRECTION('',(-0.,1.,0.));
#7927 = DIRECTION('',(0.,0.,1.));
#7928 = ADVANCED_FACE('',(#7929),#7955,.F.);
#7929 = FACE_BOUND('',#7930,.F.);
#7930 = EDGE_LOOP('',(#7931,#7932,#7940,#7949));
#7931 = ORIENTED_EDGE('',*,*,#2608,.F.);
#7932 = ORIENTED_EDGE('',*,*,#7933,.F.);
#7933 = EDGE_CURVE('',#7934,#2609,#7936,.T.);
#7934 = VERTEX_POINT('',#7935);
#7935 = CARTESIAN_POINT('',(7.105427357601E-15,29.315,-15.));
#7936 = LINE('',#7937,#7938);
#7937 = CARTESIAN_POINT('',(7.105427357601E-15,29.315,-16.));
#7938 = VECTOR('',#7939,1.);
#7939 = DIRECTION('',(0.,0.,1.));
#7940 = ORIENTED_EDGE('',*,*,#7941,.T.);
#7941 = EDGE_CURVE('',#7934,#7942,#7944,.T.);
#7942 = VERTEX_POINT('',#7943);
#7943 = CARTESIAN_POINT('',(7.105427357601E-15,26.565,-15.));
#7944 = CIRCLE('',#7945,1.375);
#7945 = AXIS2_PLACEMENT_3D('',#7946,#7947,#7948);
#7946 = CARTESIAN_POINT('',(7.105427357601E-15,27.94,-15.));
#7947 = DIRECTION('',(0.,0.,1.));
#7948 = DIRECTION('',(1.,0.,-0.));
#7949 = ORIENTED_EDGE('',*,*,#7950,.T.);
#7950 = EDGE_CURVE('',#7942,#2611,#7951,.T.);
#7951 = LINE('',#7952,#7953);
#7952 = CARTESIAN_POINT('',(7.105427357601E-15,26.565,-16.));
#7953 = VECTOR('',#7954,1.);
#7954 = DIRECTION('',(0.,0.,1.));
#7955 = CYLINDRICAL_SURFACE('',#7956,1.375);
#7956 = AXIS2_PLACEMENT_3D('',#7957,#7958,#7959);
#7957 = CARTESIAN_POINT('',(7.105427357601E-15,27.94,-16.));
#7958 = DIRECTION('',(0.,0.,1.));
#7959 = DIRECTION('',(1.,0.,-0.));
#7960 = ADVANCED_FACE('',(#7961),#7979,.F.);
#7961 = FACE_BOUND('',#7962,.F.);
#7962 = EDGE_LOOP('',(#7963,#7971,#7972,#7973));
#7963 = ORIENTED_EDGE('',*,*,#7964,.T.);
#7964 = EDGE_CURVE('',#7965,#7934,#7967,.T.);
#7965 = VERTEX_POINT('',#7966);
#7966 = CARTESIAN_POINT('',(5.08,29.315,-15.));
#7967 = LINE('',#7968,#7969);
#7968 = CARTESIAN_POINT('',(-20.55,29.315,-15.));
#7969 = VECTOR('',#7970,1.);
#7970 = DIRECTION('',(-1.,-0.,0.));
#7971 = ORIENTED_EDGE('',*,*,#7933,.T.);
#7972 = ORIENTED_EDGE('',*,*,#2619,.F.);
#7973 = ORIENTED_EDGE('',*,*,#7974,.F.);
#7974 = EDGE_CURVE('',#7965,#2620,#7975,.T.);
#7975 = LINE('',#7976,#7977);
#7976 = CARTESIAN_POINT('',(5.08,29.315,-16.));
#7977 = VECTOR('',#7978,1.);
#7978 = DIRECTION('',(0.,0.,1.));
#7979 = PLANE('',#7980);
#7980 = AXIS2_PLACEMENT_3D('',#7981,#7982,#7983);
#7981 = CARTESIAN_POINT('',(7.105427357601E-15,29.315,-16.));
#7982 = DIRECTION('',(-0.,1.,0.));
#7983 = DIRECTION('',(0.,0.,1.));
#7984 = ADVANCED_FACE('',(#7985),#8003,.T.);
#7985 = FACE_BOUND('',#7986,.T.);
#7986 = EDGE_LOOP('',(#7987,#7995,#7996,#7997));
#7987 = ORIENTED_EDGE('',*,*,#7988,.T.);
#7988 = EDGE_CURVE('',#7989,#7942,#7991,.T.);
#7989 = VERTEX_POINT('',#7990);
#7990 = CARTESIAN_POINT('',(5.08,26.565,-15.));
#7991 = LINE('',#7992,#7993);
#7992 = CARTESIAN_POINT('',(-20.55,26.565,-15.));
#7993 = VECTOR('',#7994,1.);
#7994 = DIRECTION('',(-1.,-0.,0.));
#7995 = ORIENTED_EDGE('',*,*,#7950,.T.);
#7996 = ORIENTED_EDGE('',*,*,#2645,.F.);
#7997 = ORIENTED_EDGE('',*,*,#7998,.F.);
#7998 = EDGE_CURVE('',#7989,#2637,#7999,.T.);
#7999 = LINE('',#8000,#8001);
#8000 = CARTESIAN_POINT('',(5.08,26.565,-16.));
#8001 = VECTOR('',#8002,1.);
#8002 = DIRECTION('',(0.,0.,1.));
#8003 = PLANE('',#8004);
#8004 = AXIS2_PLACEMENT_3D('',#8005,#8006,#8007);
#8005 = CARTESIAN_POINT('',(7.105427357601E-15,26.565,-16.));
#8006 = DIRECTION('',(-0.,1.,0.));
#8007 = DIRECTION('',(0.,0.,1.));
#8008 = ADVANCED_FACE('',(#8009),#8035,.F.);
#8009 = FACE_BOUND('',#8010,.F.);
#8010 = EDGE_LOOP('',(#8011,#8012,#8020,#8029));
#8011 = ORIENTED_EDGE('',*,*,#2653,.F.);
#8012 = ORIENTED_EDGE('',*,*,#8013,.F.);
#8013 = EDGE_CURVE('',#8014,#2654,#8016,.T.);
#8014 = VERTEX_POINT('',#8015);
#8015 = CARTESIAN_POINT('',(-5.08,-26.565,-15.));
#8016 = LINE('',#8017,#8018);
#8017 = CARTESIAN_POINT('',(-5.08,-26.565,-16.));
#8018 = VECTOR('',#8019,1.);
#8019 = DIRECTION('',(0.,0.,1.));
#8020 = ORIENTED_EDGE('',*,*,#8021,.T.);
#8021 = EDGE_CURVE('',#8014,#8022,#8024,.T.);
#8022 = VERTEX_POINT('',#8023);
#8023 = CARTESIAN_POINT('',(-5.08,-29.315,-15.));
#8024 = CIRCLE('',#8025,1.375);
#8025 = AXIS2_PLACEMENT_3D('',#8026,#8027,#8028);
#8026 = CARTESIAN_POINT('',(-5.08,-27.94,-15.));
#8027 = DIRECTION('',(0.,0.,1.));
#8028 = DIRECTION('',(1.,0.,-0.));
#8029 = ORIENTED_EDGE('',*,*,#8030,.T.);
#8030 = EDGE_CURVE('',#8022,#2656,#8031,.T.);
#8031 = LINE('',#8032,#8033);
#8032 = CARTESIAN_POINT('',(-5.08,-29.315,-16.));
#8033 = VECTOR('',#8034,1.);
#8034 = DIRECTION('',(0.,0.,1.));
#8035 = CYLINDRICAL_SURFACE('',#8036,1.375);
#8036 = AXIS2_PLACEMENT_3D('',#8037,#8038,#8039);
#8037 = CARTESIAN_POINT('',(-5.08,-27.94,-16.));
#8038 = DIRECTION('',(0.,0.,1.));
#8039 = DIRECTION('',(1.,0.,-0.));
#8040 = ADVANCED_FACE('',(#8041),#8059,.F.);
#8041 = FACE_BOUND('',#8042,.F.);
#8042 = EDGE_LOOP('',(#8043,#8051,#8052,#8053));
#8043 = ORIENTED_EDGE('',*,*,#8044,.T.);
#8044 = EDGE_CURVE('',#8045,#8014,#8047,.T.);
#8045 = VERTEX_POINT('',#8046);
#8046 = CARTESIAN_POINT('',(7.105427357601E-15,-26.565,-15.));
#8047 = LINE('',#8048,#8049);
#8048 = CARTESIAN_POINT('',(-23.09,-26.565,-15.));
#8049 = VECTOR('',#8050,1.);
#8050 = DIRECTION('',(-1.,-0.,0.));
#8051 = ORIENTED_EDGE('',*,*,#8013,.T.);
#8052 = ORIENTED_EDGE('',*,*,#2664,.F.);
#8053 = ORIENTED_EDGE('',*,*,#8054,.F.);
#8054 = EDGE_CURVE('',#8045,#2665,#8055,.T.);
#8055 = LINE('',#8056,#8057);
#8056 = CARTESIAN_POINT('',(7.105427357601E-15,-26.565,-16.));
#8057 = VECTOR('',#8058,1.);
#8058 = DIRECTION('',(0.,0.,1.));
#8059 = PLANE('',#8060);
#8060 = AXIS2_PLACEMENT_3D('',#8061,#8062,#8063);
#8061 = CARTESIAN_POINT('',(-5.08,-26.565,-16.));
#8062 = DIRECTION('',(-0.,1.,0.));
#8063 = DIRECTION('',(0.,0.,1.));
#8064 = ADVANCED_FACE('',(#8065),#8083,.T.);
#8065 = FACE_BOUND('',#8066,.T.);
#8066 = EDGE_LOOP('',(#8067,#8075,#8076,#8077));
#8067 = ORIENTED_EDGE('',*,*,#8068,.T.);
#8068 = EDGE_CURVE('',#8069,#8022,#8071,.T.);
#8069 = VERTEX_POINT('',#8070);
#8070 = CARTESIAN_POINT('',(7.105427357601E-15,-29.315,-15.));
#8071 = LINE('',#8072,#8073);
#8072 = CARTESIAN_POINT('',(-23.09,-29.315,-15.));
#8073 = VECTOR('',#8074,1.);
#8074 = DIRECTION('',(-1.,-0.,0.));
#8075 = ORIENTED_EDGE('',*,*,#8030,.T.);
#8076 = ORIENTED_EDGE('',*,*,#2690,.F.);
#8077 = ORIENTED_EDGE('',*,*,#8078,.F.);
#8078 = EDGE_CURVE('',#8069,#2682,#8079,.T.);
#8079 = LINE('',#8080,#8081);
#8080 = CARTESIAN_POINT('',(7.105427357601E-15,-29.315,-16.));
#8081 = VECTOR('',#8082,1.);
#8082 = DIRECTION('',(0.,0.,1.));
#8083 = PLANE('',#8084);
#8084 = AXIS2_PLACEMENT_3D('',#8085,#8086,#8087);
#8085 = CARTESIAN_POINT('',(-5.08,-29.315,-16.));
#8086 = DIRECTION('',(-0.,1.,0.));
#8087 = DIRECTION('',(0.,0.,1.));
#8088 = ADVANCED_FACE('',(#8089),#8115,.F.);
#8089 = FACE_BOUND('',#8090,.F.);
#8090 = EDGE_LOOP('',(#8091,#8092,#8100,#8109));
#8091 = ORIENTED_EDGE('',*,*,#2698,.F.);
#8092 = ORIENTED_EDGE('',*,*,#8093,.F.);
#8093 = EDGE_CURVE('',#8094,#2699,#8096,.T.);
#8094 = VERTEX_POINT('',#8095);
#8095 = CARTESIAN_POINT('',(-34.185,-2.54,-15.));
#8096 = LINE('',#8097,#8098);
#8097 = CARTESIAN_POINT('',(-34.185,-2.54,-16.));
#8098 = VECTOR('',#8099,1.);
#8099 = DIRECTION('',(0.,0.,1.));
#8100 = ORIENTED_EDGE('',*,*,#8101,.T.);
#8101 = EDGE_CURVE('',#8094,#8102,#8104,.T.);
#8102 = VERTEX_POINT('',#8103);
#8103 = CARTESIAN_POINT('',(-36.935,-2.54,-15.));
#8104 = CIRCLE('',#8105,1.375);
#8105 = AXIS2_PLACEMENT_3D('',#8106,#8107,#8108);
#8106 = CARTESIAN_POINT('',(-35.56,-2.54,-15.));
#8107 = DIRECTION('',(0.,0.,1.));
#8108 = DIRECTION('',(1.,0.,-0.));
#8109 = ORIENTED_EDGE('',*,*,#8110,.T.);
#8110 = EDGE_CURVE('',#8102,#2701,#8111,.T.);
#8111 = LINE('',#8112,#8113);
#8112 = CARTESIAN_POINT('',(-36.935,-2.54,-16.));
#8113 = VECTOR('',#8114,1.);
#8114 = DIRECTION('',(0.,0.,1.));
#8115 = CYLINDRICAL_SURFACE('',#8116,1.375);
#8116 = AXIS2_PLACEMENT_3D('',#8117,#8118,#8119);
#8117 = CARTESIAN_POINT('',(-35.56,-2.54,-16.));
#8118 = DIRECTION('',(0.,0.,1.));
#8119 = DIRECTION('',(1.,0.,-0.));
#8120 = ADVANCED_FACE('',(#8121),#8139,.F.);
#8121 = FACE_BOUND('',#8122,.F.);
#8122 = EDGE_LOOP('',(#8123,#8131,#8137,#8138));
#8123 = ORIENTED_EDGE('',*,*,#8124,.F.);
#8124 = EDGE_CURVE('',#8125,#2710,#8127,.T.);
#8125 = VERTEX_POINT('',#8126);
#8126 = CARTESIAN_POINT('',(-34.185,-7.62,-15.));
#8127 = LINE('',#8128,#8129);
#8128 = CARTESIAN_POINT('',(-34.185,-7.62,-16.));
#8129 = VECTOR('',#8130,1.);
#8130 = DIRECTION('',(0.,0.,1.));
#8131 = ORIENTED_EDGE('',*,*,#8132,.T.);
#8132 = EDGE_CURVE('',#8125,#8094,#8133,.T.);
#8133 = LINE('',#8134,#8135);
#8134 = CARTESIAN_POINT('',(-34.185,-20.55,-15.));
#8135 = VECTOR('',#8136,1.);
#8136 = DIRECTION('',(-0.,1.,0.));
#8137 = ORIENTED_EDGE('',*,*,#8093,.T.);
#8138 = ORIENTED_EDGE('',*,*,#2709,.F.);
#8139 = PLANE('',#8140);
#8140 = AXIS2_PLACEMENT_3D('',#8141,#8142,#8143);
#8141 = CARTESIAN_POINT('',(-34.185,-7.62,-16.));
#8142 = DIRECTION('',(1.,0.,-0.));
#8143 = DIRECTION('',(0.,0.,1.));
#8144 = ADVANCED_FACE('',(#8145),#8163,.T.);
#8145 = FACE_BOUND('',#8146,.T.);
#8146 = EDGE_LOOP('',(#8147,#8155,#8161,#8162));
#8147 = ORIENTED_EDGE('',*,*,#8148,.F.);
#8148 = EDGE_CURVE('',#8149,#2718,#8151,.T.);
#8149 = VERTEX_POINT('',#8150);
#8150 = CARTESIAN_POINT('',(-36.935,-7.62,-15.));
#8151 = LINE('',#8152,#8153);
#8152 = CARTESIAN_POINT('',(-36.935,-7.62,-16.));
#8153 = VECTOR('',#8154,1.);
#8154 = DIRECTION('',(0.,0.,1.));
#8155 = ORIENTED_EDGE('',*,*,#8156,.T.);
#8156 = EDGE_CURVE('',#8149,#8102,#8157,.T.);
#8157 = LINE('',#8158,#8159);
#8158 = CARTESIAN_POINT('',(-36.935,-20.55,-15.));
#8159 = VECTOR('',#8160,1.);
#8160 = DIRECTION('',(-0.,1.,0.));
#8161 = ORIENTED_EDGE('',*,*,#8110,.T.);
#8162 = ORIENTED_EDGE('',*,*,#2726,.F.);
#8163 = PLANE('',#8164);
#8164 = AXIS2_PLACEMENT_3D('',#8165,#8166,#8167);
#8165 = CARTESIAN_POINT('',(-36.935,-7.62,-16.));
#8166 = DIRECTION('',(1.,0.,-0.));
#8167 = DIRECTION('',(0.,0.,1.));
#8168 = ADVANCED_FACE('',(#8169),#8181,.F.);
#8169 = FACE_BOUND('',#8170,.F.);
#8170 = EDGE_LOOP('',(#8171,#8172,#8173,#8174));
#8171 = ORIENTED_EDGE('',*,*,#8124,.T.);
#8172 = ORIENTED_EDGE('',*,*,#2717,.F.);
#8173 = ORIENTED_EDGE('',*,*,#8148,.F.);
#8174 = ORIENTED_EDGE('',*,*,#8175,.T.);
#8175 = EDGE_CURVE('',#8149,#8125,#8176,.T.);
#8176 = CIRCLE('',#8177,1.375);
#8177 = AXIS2_PLACEMENT_3D('',#8178,#8179,#8180);
#8178 = CARTESIAN_POINT('',(-35.56,-7.62,-15.));
#8179 = DIRECTION('',(0.,0.,1.));
#8180 = DIRECTION('',(1.,0.,-0.));
#8181 = CYLINDRICAL_SURFACE('',#8182,1.375);
#8182 = AXIS2_PLACEMENT_3D('',#8183,#8184,#8185);
#8183 = CARTESIAN_POINT('',(-35.56,-7.62,-16.));
#8184 = DIRECTION('',(0.,0.,1.));
#8185 = DIRECTION('',(1.,0.,-0.));
#8186 = ADVANCED_FACE('',(#8187),#8213,.F.);
#8187 = FACE_BOUND('',#8188,.F.);
#8188 = EDGE_LOOP('',(#8189,#8190,#8198,#8207));
#8189 = ORIENTED_EDGE('',*,*,#2734,.F.);
#8190 = ORIENTED_EDGE('',*,*,#8191,.F.);
#8191 = EDGE_CURVE('',#8192,#2735,#8194,.T.);
#8192 = VERTEX_POINT('',#8193);
#8193 = CARTESIAN_POINT('',(-30.48,-1.165,-15.));
#8194 = LINE('',#8195,#8196);
#8195 = CARTESIAN_POINT('',(-30.48,-1.165,-16.));
#8196 = VECTOR('',#8197,1.);
#8197 = DIRECTION('',(0.,0.,1.));
#8198 = ORIENTED_EDGE('',*,*,#8199,.T.);
#8199 = EDGE_CURVE('',#8192,#8200,#8202,.T.);
#8200 = VERTEX_POINT('',#8201);
#8201 = CARTESIAN_POINT('',(-30.48,-3.915,-15.));
#8202 = CIRCLE('',#8203,1.375);
#8203 = AXIS2_PLACEMENT_3D('',#8204,#8205,#8206);
#8204 = CARTESIAN_POINT('',(-30.48,-2.54,-15.));
#8205 = DIRECTION('',(0.,0.,1.));
#8206 = DIRECTION('',(1.,0.,-0.));
#8207 = ORIENTED_EDGE('',*,*,#8208,.T.);
#8208 = EDGE_CURVE('',#8200,#2737,#8209,.T.);
#8209 = LINE('',#8210,#8211);
#8210 = CARTESIAN_POINT('',(-30.48,-3.915,-16.));
#8211 = VECTOR('',#8212,1.);
#8212 = DIRECTION('',(0.,0.,1.));
#8213 = CYLINDRICAL_SURFACE('',#8214,1.375);
#8214 = AXIS2_PLACEMENT_3D('',#8215,#8216,#8217);
#8215 = CARTESIAN_POINT('',(-30.48,-2.54,-16.));
#8216 = DIRECTION('',(0.,0.,1.));
#8217 = DIRECTION('',(1.,0.,-0.));
#8218 = ADVANCED_FACE('',(#8219),#8237,.F.);
#8219 = FACE_BOUND('',#8220,.F.);
#8220 = EDGE_LOOP('',(#8221,#8229,#8230,#8231));
#8221 = ORIENTED_EDGE('',*,*,#8222,.T.);
#8222 = EDGE_CURVE('',#8223,#8192,#8225,.T.);
#8223 = VERTEX_POINT('',#8224);
#8224 = CARTESIAN_POINT('',(-25.4,-1.165,-15.));
#8225 = LINE('',#8226,#8227);
#8226 = CARTESIAN_POINT('',(-35.79,-1.165,-15.));
#8227 = VECTOR('',#8228,1.);
#8228 = DIRECTION('',(-1.,-0.,0.));
#8229 = ORIENTED_EDGE('',*,*,#8191,.T.);
#8230 = ORIENTED_EDGE('',*,*,#2745,.F.);
#8231 = ORIENTED_EDGE('',*,*,#8232,.F.);
#8232 = EDGE_CURVE('',#8223,#2746,#8233,.T.);
#8233 = LINE('',#8234,#8235);
#8234 = CARTESIAN_POINT('',(-25.4,-1.165,-16.));
#8235 = VECTOR('',#8236,1.);
#8236 = DIRECTION('',(0.,0.,1.));
#8237 = PLANE('',#8238);
#8238 = AXIS2_PLACEMENT_3D('',#8239,#8240,#8241);
#8239 = CARTESIAN_POINT('',(-30.48,-1.165,-16.));
#8240 = DIRECTION('',(-0.,1.,0.));
#8241 = DIRECTION('',(0.,0.,1.));
#8242 = ADVANCED_FACE('',(#8243),#8261,.T.);
#8243 = FACE_BOUND('',#8244,.T.);
#8244 = EDGE_LOOP('',(#8245,#8253,#8254,#8255));
#8245 = ORIENTED_EDGE('',*,*,#8246,.T.);
#8246 = EDGE_CURVE('',#8247,#8200,#8249,.T.);
#8247 = VERTEX_POINT('',#8248);
#8248 = CARTESIAN_POINT('',(-25.4,-3.915,-15.));
#8249 = LINE('',#8250,#8251);
#8250 = CARTESIAN_POINT('',(-35.79,-3.915,-15.));
#8251 = VECTOR('',#8252,1.);
#8252 = DIRECTION('',(-1.,-0.,0.));
#8253 = ORIENTED_EDGE('',*,*,#8208,.T.);
#8254 = ORIENTED_EDGE('',*,*,#2771,.F.);
#8255 = ORIENTED_EDGE('',*,*,#8256,.F.);
#8256 = EDGE_CURVE('',#8247,#2763,#8257,.T.);
#8257 = LINE('',#8258,#8259);
#8258 = CARTESIAN_POINT('',(-25.4,-3.915,-16.));
#8259 = VECTOR('',#8260,1.);
#8260 = DIRECTION('',(0.,0.,1.));
#8261 = PLANE('',#8262);
#8262 = AXIS2_PLACEMENT_3D('',#8263,#8264,#8265);
#8263 = CARTESIAN_POINT('',(-30.48,-3.915,-16.));
#8264 = DIRECTION('',(-0.,1.,0.));
#8265 = DIRECTION('',(0.,0.,1.));
#8266 = ADVANCED_FACE('',(#8267),#8293,.F.);
#8267 = FACE_BOUND('',#8268,.F.);
#8268 = EDGE_LOOP('',(#8269,#8270,#8278,#8287));
#8269 = ORIENTED_EDGE('',*,*,#2779,.F.);
#8270 = ORIENTED_EDGE('',*,*,#8271,.F.);
#8271 = EDGE_CURVE('',#8272,#2780,#8274,.T.);
#8272 = VERTEX_POINT('',#8273);
#8273 = CARTESIAN_POINT('',(-20.32,-11.325,-15.));
#8274 = LINE('',#8275,#8276);
#8275 = CARTESIAN_POINT('',(-20.32,-11.325,-16.));
#8276 = VECTOR('',#8277,1.);
#8277 = DIRECTION('',(0.,0.,1.));
#8278 = ORIENTED_EDGE('',*,*,#8279,.T.);
#8279 = EDGE_CURVE('',#8272,#8280,#8282,.T.);
#8280 = VERTEX_POINT('',#8281);
#8281 = CARTESIAN_POINT('',(-20.32,-14.075,-15.));
#8282 = CIRCLE('',#8283,1.375);
#8283 = AXIS2_PLACEMENT_3D('',#8284,#8285,#8286);
#8284 = CARTESIAN_POINT('',(-20.32,-12.7,-15.));
#8285 = DIRECTION('',(0.,0.,1.));
#8286 = DIRECTION('',(1.,0.,-0.));
#8287 = ORIENTED_EDGE('',*,*,#8288,.T.);
#8288 = EDGE_CURVE('',#8280,#2782,#8289,.T.);
#8289 = LINE('',#8290,#8291);
#8290 = CARTESIAN_POINT('',(-20.32,-14.075,-16.));
#8291 = VECTOR('',#8292,1.);
#8292 = DIRECTION('',(0.,0.,1.));
#8293 = CYLINDRICAL_SURFACE('',#8294,1.375);
#8294 = AXIS2_PLACEMENT_3D('',#8295,#8296,#8297);
#8295 = CARTESIAN_POINT('',(-20.32,-12.7,-16.));
#8296 = DIRECTION('',(0.,0.,1.));
#8297 = DIRECTION('',(1.,0.,-0.));
#8298 = ADVANCED_FACE('',(#8299),#8317,.F.);
#8299 = FACE_BOUND('',#8300,.F.);
#8300 = EDGE_LOOP('',(#8301,#8309,#8310,#8311));
#8301 = ORIENTED_EDGE('',*,*,#8302,.T.);
#8302 = EDGE_CURVE('',#8303,#8272,#8305,.T.);
#8303 = VERTEX_POINT('',#8304);
#8304 = CARTESIAN_POINT('',(-15.24,-11.325,-15.));
#8305 = LINE('',#8306,#8307);
#8306 = CARTESIAN_POINT('',(-30.71,-11.325,-15.));
#8307 = VECTOR('',#8308,1.);
#8308 = DIRECTION('',(-1.,-0.,0.));
#8309 = ORIENTED_EDGE('',*,*,#8271,.T.);
#8310 = ORIENTED_EDGE('',*,*,#2790,.F.);
#8311 = ORIENTED_EDGE('',*,*,#8312,.F.);
#8312 = EDGE_CURVE('',#8303,#2791,#8313,.T.);
#8313 = LINE('',#8314,#8315);
#8314 = CARTESIAN_POINT('',(-15.24,-11.325,-16.));
#8315 = VECTOR('',#8316,1.);
#8316 = DIRECTION('',(0.,0.,1.));
#8317 = PLANE('',#8318);
#8318 = AXIS2_PLACEMENT_3D('',#8319,#8320,#8321);
#8319 = CARTESIAN_POINT('',(-20.32,-11.325,-16.));
#8320 = DIRECTION('',(-0.,1.,0.));
#8321 = DIRECTION('',(0.,0.,1.));
#8322 = ADVANCED_FACE('',(#8323),#8341,.T.);
#8323 = FACE_BOUND('',#8324,.T.);
#8324 = EDGE_LOOP('',(#8325,#8333,#8334,#8335));
#8325 = ORIENTED_EDGE('',*,*,#8326,.T.);
#8326 = EDGE_CURVE('',#8327,#8280,#8329,.T.);
#8327 = VERTEX_POINT('',#8328);
#8328 = CARTESIAN_POINT('',(-15.24,-14.075,-15.));
#8329 = LINE('',#8330,#8331);
#8330 = CARTESIAN_POINT('',(-30.71,-14.075,-15.));
#8331 = VECTOR('',#8332,1.);
#8332 = DIRECTION('',(-1.,-0.,0.));
#8333 = ORIENTED_EDGE('',*,*,#8288,.T.);
#8334 = ORIENTED_EDGE('',*,*,#2816,.F.);
#8335 = ORIENTED_EDGE('',*,*,#8336,.F.);
#8336 = EDGE_CURVE('',#8327,#2808,#8337,.T.);
#8337 = LINE('',#8338,#8339);
#8338 = CARTESIAN_POINT('',(-15.24,-14.075,-16.));
#8339 = VECTOR('',#8340,1.);
#8340 = DIRECTION('',(0.,0.,1.));
#8341 = PLANE('',#8342);
#8342 = AXIS2_PLACEMENT_3D('',#8343,#8344,#8345);
#8343 = CARTESIAN_POINT('',(-20.32,-14.075,-16.));
#8344 = DIRECTION('',(-0.,1.,0.));
#8345 = DIRECTION('',(0.,0.,1.));
#8346 = ADVANCED_FACE('',(#8347),#8373,.F.);
#8347 = FACE_BOUND('',#8348,.F.);
#8348 = EDGE_LOOP('',(#8349,#8350,#8358,#8367));
#8349 = ORIENTED_EDGE('',*,*,#2824,.F.);
#8350 = ORIENTED_EDGE('',*,*,#8351,.F.);
#8351 = EDGE_CURVE('',#8352,#2825,#8354,.T.);
#8352 = VERTEX_POINT('',#8353);
#8353 = CARTESIAN_POINT('',(-5.08,-11.325,-15.));
#8354 = LINE('',#8355,#8356);
#8355 = CARTESIAN_POINT('',(-5.08,-11.325,-16.));
#8356 = VECTOR('',#8357,1.);
#8357 = DIRECTION('',(0.,0.,1.));
#8358 = ORIENTED_EDGE('',*,*,#8359,.T.);
#8359 = EDGE_CURVE('',#8352,#8360,#8362,.T.);
#8360 = VERTEX_POINT('',#8361);
#8361 = CARTESIAN_POINT('',(-5.08,-14.075,-15.));
#8362 = CIRCLE('',#8363,1.375);
#8363 = AXIS2_PLACEMENT_3D('',#8364,#8365,#8366);
#8364 = CARTESIAN_POINT('',(-5.08,-12.7,-15.));
#8365 = DIRECTION('',(0.,0.,1.));
#8366 = DIRECTION('',(1.,0.,-0.));
#8367 = ORIENTED_EDGE('',*,*,#8368,.T.);
#8368 = EDGE_CURVE('',#8360,#2827,#8369,.T.);
#8369 = LINE('',#8370,#8371);
#8370 = CARTESIAN_POINT('',(-5.08,-14.075,-16.));
#8371 = VECTOR('',#8372,1.);
#8372 = DIRECTION('',(0.,0.,1.));
#8373 = CYLINDRICAL_SURFACE('',#8374,1.375);
#8374 = AXIS2_PLACEMENT_3D('',#8375,#8376,#8377);
#8375 = CARTESIAN_POINT('',(-5.08,-12.7,-16.));
#8376 = DIRECTION('',(0.,0.,1.));
#8377 = DIRECTION('',(1.,0.,-0.));
#8378 = ADVANCED_FACE('',(#8379),#8397,.F.);
#8379 = FACE_BOUND('',#8380,.F.);
#8380 = EDGE_LOOP('',(#8381,#8389,#8390,#8391));
#8381 = ORIENTED_EDGE('',*,*,#8382,.T.);
#8382 = EDGE_CURVE('',#8383,#8352,#8385,.T.);
#8383 = VERTEX_POINT('',#8384);
#8384 = CARTESIAN_POINT('',(7.105427357601E-15,-11.325,-15.));
#8385 = LINE('',#8386,#8387);
#8386 = CARTESIAN_POINT('',(-23.09,-11.325,-15.));
#8387 = VECTOR('',#8388,1.);
#8388 = DIRECTION('',(-1.,-0.,0.));
#8389 = ORIENTED_EDGE('',*,*,#8351,.T.);
#8390 = ORIENTED_EDGE('',*,*,#2835,.F.);
#8391 = ORIENTED_EDGE('',*,*,#8392,.F.);
#8392 = EDGE_CURVE('',#8383,#2836,#8393,.T.);
#8393 = LINE('',#8394,#8395);
#8394 = CARTESIAN_POINT('',(7.105427357601E-15,-11.325,-16.));
#8395 = VECTOR('',#8396,1.);
#8396 = DIRECTION('',(0.,0.,1.));
#8397 = PLANE('',#8398);
#8398 = AXIS2_PLACEMENT_3D('',#8399,#8400,#8401);
#8399 = CARTESIAN_POINT('',(-5.08,-11.325,-16.));
#8400 = DIRECTION('',(-0.,1.,0.));
#8401 = DIRECTION('',(0.,0.,1.));
#8402 = ADVANCED_FACE('',(#8403),#8421,.T.);
#8403 = FACE_BOUND('',#8404,.T.);
#8404 = EDGE_LOOP('',(#8405,#8413,#8414,#8415));
#8405 = ORIENTED_EDGE('',*,*,#8406,.T.);
#8406 = EDGE_CURVE('',#8407,#8360,#8409,.T.);
#8407 = VERTEX_POINT('',#8408);
#8408 = CARTESIAN_POINT('',(7.105427357601E-15,-14.075,-15.));
#8409 = LINE('',#8410,#8411);
#8410 = CARTESIAN_POINT('',(-23.09,-14.075,-15.));
#8411 = VECTOR('',#8412,1.);
#8412 = DIRECTION('',(-1.,-0.,0.));
#8413 = ORIENTED_EDGE('',*,*,#8368,.T.);
#8414 = ORIENTED_EDGE('',*,*,#2861,.F.);
#8415 = ORIENTED_EDGE('',*,*,#8416,.F.);
#8416 = EDGE_CURVE('',#8407,#2853,#8417,.T.);
#8417 = LINE('',#8418,#8419);
#8418 = CARTESIAN_POINT('',(7.105427357601E-15,-14.075,-16.));
#8419 = VECTOR('',#8420,1.);
#8420 = DIRECTION('',(0.,0.,1.));
#8421 = PLANE('',#8422);
#8422 = AXIS2_PLACEMENT_3D('',#8423,#8424,#8425);
#8423 = CARTESIAN_POINT('',(-5.08,-14.075,-16.));
#8424 = DIRECTION('',(-0.,1.,0.));
#8425 = DIRECTION('',(0.,0.,1.));
#8426 = ADVANCED_FACE('',(#8427),#8453,.F.);
#8427 = FACE_BOUND('',#8428,.F.);
#8428 = EDGE_LOOP('',(#8429,#8430,#8438,#8447));
#8429 = ORIENTED_EDGE('',*,*,#2869,.F.);
#8430 = ORIENTED_EDGE('',*,*,#8431,.F.);
#8431 = EDGE_CURVE('',#8432,#2870,#8434,.T.);
#8432 = VERTEX_POINT('',#8433);
#8433 = CARTESIAN_POINT('',(10.16,-26.565,-15.));
#8434 = LINE('',#8435,#8436);
#8435 = CARTESIAN_POINT('',(10.16,-26.565,-16.));
#8436 = VECTOR('',#8437,1.);
#8437 = DIRECTION('',(0.,0.,1.));
#8438 = ORIENTED_EDGE('',*,*,#8439,.T.);
#8439 = EDGE_CURVE('',#8432,#8440,#8442,.T.);
#8440 = VERTEX_POINT('',#8441);
#8441 = CARTESIAN_POINT('',(10.16,-29.315,-15.));
#8442 = CIRCLE('',#8443,1.375);
#8443 = AXIS2_PLACEMENT_3D('',#8444,#8445,#8446);
#8444 = CARTESIAN_POINT('',(10.16,-27.94,-15.));
#8445 = DIRECTION('',(0.,0.,1.));
#8446 = DIRECTION('',(1.,0.,-0.));
#8447 = ORIENTED_EDGE('',*,*,#8448,.T.);
#8448 = EDGE_CURVE('',#8440,#2872,#8449,.T.);
#8449 = LINE('',#8450,#8451);
#8450 = CARTESIAN_POINT('',(10.16,-29.315,-16.));
#8451 = VECTOR('',#8452,1.);
#8452 = DIRECTION('',(0.,0.,1.));
#8453 = CYLINDRICAL_SURFACE('',#8454,1.375);
#8454 = AXIS2_PLACEMENT_3D('',#8455,#8456,#8457);
#8455 = CARTESIAN_POINT('',(10.16,-27.94,-16.));
#8456 = DIRECTION('',(0.,0.,1.));
#8457 = DIRECTION('',(1.,0.,-0.));
#8458 = ADVANCED_FACE('',(#8459),#8477,.F.);
#8459 = FACE_BOUND('',#8460,.F.);
#8460 = EDGE_LOOP('',(#8461,#8469,#8470,#8471));
#8461 = ORIENTED_EDGE('',*,*,#8462,.T.);
#8462 = EDGE_CURVE('',#8463,#8432,#8465,.T.);
#8463 = VERTEX_POINT('',#8464);
#8464 = CARTESIAN_POINT('',(15.24,-26.565,-15.));
#8465 = LINE('',#8466,#8467);
#8466 = CARTESIAN_POINT('',(-15.47,-26.565,-15.));
#8467 = VECTOR('',#8468,1.);
#8468 = DIRECTION('',(-1.,-0.,0.));
#8469 = ORIENTED_EDGE('',*,*,#8431,.T.);
#8470 = ORIENTED_EDGE('',*,*,#2880,.F.);
#8471 = ORIENTED_EDGE('',*,*,#8472,.F.);
#8472 = EDGE_CURVE('',#8463,#2881,#8473,.T.);
#8473 = LINE('',#8474,#8475);
#8474 = CARTESIAN_POINT('',(15.24,-26.565,-16.));
#8475 = VECTOR('',#8476,1.);
#8476 = DIRECTION('',(0.,0.,1.));
#8477 = PLANE('',#8478);
#8478 = AXIS2_PLACEMENT_3D('',#8479,#8480,#8481);
#8479 = CARTESIAN_POINT('',(10.16,-26.565,-16.));
#8480 = DIRECTION('',(-0.,1.,0.));
#8481 = DIRECTION('',(0.,0.,1.));
#8482 = ADVANCED_FACE('',(#8483),#8501,.T.);
#8483 = FACE_BOUND('',#8484,.T.);
#8484 = EDGE_LOOP('',(#8485,#8493,#8494,#8495));
#8485 = ORIENTED_EDGE('',*,*,#8486,.T.);
#8486 = EDGE_CURVE('',#8487,#8440,#8489,.T.);
#8487 = VERTEX_POINT('',#8488);
#8488 = CARTESIAN_POINT('',(15.24,-29.315,-15.));
#8489 = LINE('',#8490,#8491);
#8490 = CARTESIAN_POINT('',(-15.47,-29.315,-15.));
#8491 = VECTOR('',#8492,1.);
#8492 = DIRECTION('',(-1.,-0.,0.));
#8493 = ORIENTED_EDGE('',*,*,#8448,.T.);
#8494 = ORIENTED_EDGE('',*,*,#2906,.F.);
#8495 = ORIENTED_EDGE('',*,*,#8496,.F.);
#8496 = EDGE_CURVE('',#8487,#2898,#8497,.T.);
#8497 = LINE('',#8498,#8499);
#8498 = CARTESIAN_POINT('',(15.24,-29.315,-16.));
#8499 = VECTOR('',#8500,1.);
#8500 = DIRECTION('',(0.,0.,1.));
#8501 = PLANE('',#8502);
#8502 = AXIS2_PLACEMENT_3D('',#8503,#8504,#8505);
#8503 = CARTESIAN_POINT('',(10.16,-29.315,-16.));
#8504 = DIRECTION('',(-0.,1.,0.));
#8505 = DIRECTION('',(0.,0.,1.));
#8506 = ADVANCED_FACE('',(#8507),#8533,.F.);
#8507 = FACE_BOUND('',#8508,.F.);
#8508 = EDGE_LOOP('',(#8509,#8510,#8518,#8527));
#8509 = ORIENTED_EDGE('',*,*,#2914,.F.);
#8510 = ORIENTED_EDGE('',*,*,#8511,.F.);
#8511 = EDGE_CURVE('',#8512,#2915,#8514,.T.);
#8512 = VERTEX_POINT('',#8513);
#8513 = CARTESIAN_POINT('',(7.105427357601E-15,-16.405,-15.));
#8514 = LINE('',#8515,#8516);
#8515 = CARTESIAN_POINT('',(7.105427357601E-15,-16.405,-16.));
#8516 = VECTOR('',#8517,1.);
#8517 = DIRECTION('',(0.,0.,1.));
#8518 = ORIENTED_EDGE('',*,*,#8519,.T.);
#8519 = EDGE_CURVE('',#8512,#8520,#8522,.T.);
#8520 = VERTEX_POINT('',#8521);
#8521 = CARTESIAN_POINT('',(7.105427357601E-15,-19.155,-15.));
#8522 = CIRCLE('',#8523,1.375);
#8523 = AXIS2_PLACEMENT_3D('',#8524,#8525,#8526);
#8524 = CARTESIAN_POINT('',(7.105427357601E-15,-17.78,-15.));
#8525 = DIRECTION('',(0.,0.,1.));
#8526 = DIRECTION('',(1.,0.,-0.));
#8527 = ORIENTED_EDGE('',*,*,#8528,.T.);
#8528 = EDGE_CURVE('',#8520,#2917,#8529,.T.);
#8529 = LINE('',#8530,#8531);
#8530 = CARTESIAN_POINT('',(7.105427357601E-15,-19.155,-16.));
#8531 = VECTOR('',#8532,1.);
#8532 = DIRECTION('',(0.,0.,1.));
#8533 = CYLINDRICAL_SURFACE('',#8534,1.375);
#8534 = AXIS2_PLACEMENT_3D('',#8535,#8536,#8537);
#8535 = CARTESIAN_POINT('',(7.105427357601E-15,-17.78,-16.));
#8536 = DIRECTION('',(0.,0.,1.));
#8537 = DIRECTION('',(1.,0.,-0.));
#8538 = ADVANCED_FACE('',(#8539),#8557,.F.);
#8539 = FACE_BOUND('',#8540,.F.);
#8540 = EDGE_LOOP('',(#8541,#8549,#8550,#8551));
#8541 = ORIENTED_EDGE('',*,*,#8542,.T.);
#8542 = EDGE_CURVE('',#8543,#8512,#8545,.T.);
#8543 = VERTEX_POINT('',#8544);
#8544 = CARTESIAN_POINT('',(5.08,-16.405,-15.));
#8545 = LINE('',#8546,#8547);
#8546 = CARTESIAN_POINT('',(-20.55,-16.405,-15.));
#8547 = VECTOR('',#8548,1.);
#8548 = DIRECTION('',(-1.,-0.,0.));
#8549 = ORIENTED_EDGE('',*,*,#8511,.T.);
#8550 = ORIENTED_EDGE('',*,*,#2925,.F.);
#8551 = ORIENTED_EDGE('',*,*,#8552,.F.);
#8552 = EDGE_CURVE('',#8543,#2926,#8553,.T.);
#8553 = LINE('',#8554,#8555);
#8554 = CARTESIAN_POINT('',(5.08,-16.405,-16.));
#8555 = VECTOR('',#8556,1.);
#8556 = DIRECTION('',(0.,0.,1.));
#8557 = PLANE('',#8558);
#8558 = AXIS2_PLACEMENT_3D('',#8559,#8560,#8561);
#8559 = CARTESIAN_POINT('',(7.105427357601E-15,-16.405,-16.));
#8560 = DIRECTION('',(-0.,1.,0.));
#8561 = DIRECTION('',(0.,0.,1.));
#8562 = ADVANCED_FACE('',(#8563),#8581,.T.);
#8563 = FACE_BOUND('',#8564,.T.);
#8564 = EDGE_LOOP('',(#8565,#8573,#8574,#8575));
#8565 = ORIENTED_EDGE('',*,*,#8566,.T.);
#8566 = EDGE_CURVE('',#8567,#8520,#8569,.T.);
#8567 = VERTEX_POINT('',#8568);
#8568 = CARTESIAN_POINT('',(5.08,-19.155,-15.));
#8569 = LINE('',#8570,#8571);
#8570 = CARTESIAN_POINT('',(-20.55,-19.155,-15.));
#8571 = VECTOR('',#8572,1.);
#8572 = DIRECTION('',(-1.,-0.,0.));
#8573 = ORIENTED_EDGE('',*,*,#8528,.T.);
#8574 = ORIENTED_EDGE('',*,*,#2951,.F.);
#8575 = ORIENTED_EDGE('',*,*,#8576,.F.);
#8576 = EDGE_CURVE('',#8567,#2943,#8577,.T.);
#8577 = LINE('',#8578,#8579);
#8578 = CARTESIAN_POINT('',(5.08,-19.155,-16.));
#8579 = VECTOR('',#8580,1.);
#8580 = DIRECTION('',(0.,0.,1.));
#8581 = PLANE('',#8582);
#8582 = AXIS2_PLACEMENT_3D('',#8583,#8584,#8585);
#8583 = CARTESIAN_POINT('',(7.105427357601E-15,-19.155,-16.));
#8584 = DIRECTION('',(-0.,1.,0.));
#8585 = DIRECTION('',(0.,0.,1.));
#8586 = ADVANCED_FACE('',(#8587),#8613,.F.);
#8587 = FACE_BOUND('',#8588,.F.);
#8588 = EDGE_LOOP('',(#8589,#8590,#8598,#8607));
#8589 = ORIENTED_EDGE('',*,*,#2959,.F.);
#8590 = ORIENTED_EDGE('',*,*,#8591,.F.);
#8591 = EDGE_CURVE('',#8592,#2960,#8594,.T.);
#8592 = VERTEX_POINT('',#8593);
#8593 = CARTESIAN_POINT('',(10.16,-11.325,-15.));
#8594 = LINE('',#8595,#8596);
#8595 = CARTESIAN_POINT('',(10.16,-11.325,-16.));
#8596 = VECTOR('',#8597,1.);
#8597 = DIRECTION('',(0.,0.,1.));
#8598 = ORIENTED_EDGE('',*,*,#8599,.T.);
#8599 = EDGE_CURVE('',#8592,#8600,#8602,.T.);
#8600 = VERTEX_POINT('',#8601);
#8601 = CARTESIAN_POINT('',(10.16,-14.075,-15.));
#8602 = CIRCLE('',#8603,1.375);
#8603 = AXIS2_PLACEMENT_3D('',#8604,#8605,#8606);
#8604 = CARTESIAN_POINT('',(10.16,-12.7,-15.));
#8605 = DIRECTION('',(0.,0.,1.));
#8606 = DIRECTION('',(1.,0.,-0.));
#8607 = ORIENTED_EDGE('',*,*,#8608,.T.);
#8608 = EDGE_CURVE('',#8600,#2962,#8609,.T.);
#8609 = LINE('',#8610,#8611);
#8610 = CARTESIAN_POINT('',(10.16,-14.075,-16.));
#8611 = VECTOR('',#8612,1.);
#8612 = DIRECTION('',(0.,0.,1.));
#8613 = CYLINDRICAL_SURFACE('',#8614,1.375);
#8614 = AXIS2_PLACEMENT_3D('',#8615,#8616,#8617);
#8615 = CARTESIAN_POINT('',(10.16,-12.7,-16.));
#8616 = DIRECTION('',(0.,0.,1.));
#8617 = DIRECTION('',(1.,0.,-0.));
#8618 = ADVANCED_FACE('',(#8619),#8637,.F.);
#8619 = FACE_BOUND('',#8620,.F.);
#8620 = EDGE_LOOP('',(#8621,#8629,#8630,#8631));
#8621 = ORIENTED_EDGE('',*,*,#8622,.T.);
#8622 = EDGE_CURVE('',#8623,#8592,#8625,.T.);
#8623 = VERTEX_POINT('',#8624);
#8624 = CARTESIAN_POINT('',(15.24,-11.325,-15.));
#8625 = LINE('',#8626,#8627);
#8626 = CARTESIAN_POINT('',(-15.47,-11.325,-15.));
#8627 = VECTOR('',#8628,1.);
#8628 = DIRECTION('',(-1.,-0.,0.));
#8629 = ORIENTED_EDGE('',*,*,#8591,.T.);
#8630 = ORIENTED_EDGE('',*,*,#2970,.F.);
#8631 = ORIENTED_EDGE('',*,*,#8632,.F.);
#8632 = EDGE_CURVE('',#8623,#2971,#8633,.T.);
#8633 = LINE('',#8634,#8635);
#8634 = CARTESIAN_POINT('',(15.24,-11.325,-16.));
#8635 = VECTOR('',#8636,1.);
#8636 = DIRECTION('',(0.,0.,1.));
#8637 = PLANE('',#8638);
#8638 = AXIS2_PLACEMENT_3D('',#8639,#8640,#8641);
#8639 = CARTESIAN_POINT('',(10.16,-11.325,-16.));
#8640 = DIRECTION('',(-0.,1.,0.));
#8641 = DIRECTION('',(0.,0.,1.));
#8642 = ADVANCED_FACE('',(#8643),#8661,.T.);
#8643 = FACE_BOUND('',#8644,.T.);
#8644 = EDGE_LOOP('',(#8645,#8653,#8654,#8655));
#8645 = ORIENTED_EDGE('',*,*,#8646,.T.);
#8646 = EDGE_CURVE('',#8647,#8600,#8649,.T.);
#8647 = VERTEX_POINT('',#8648);
#8648 = CARTESIAN_POINT('',(15.24,-14.075,-15.));
#8649 = LINE('',#8650,#8651);
#8650 = CARTESIAN_POINT('',(-15.47,-14.075,-15.));
#8651 = VECTOR('',#8652,1.);
#8652 = DIRECTION('',(-1.,-0.,0.));
#8653 = ORIENTED_EDGE('',*,*,#8608,.T.);
#8654 = ORIENTED_EDGE('',*,*,#2996,.F.);
#8655 = ORIENTED_EDGE('',*,*,#8656,.F.);
#8656 = EDGE_CURVE('',#8647,#2988,#8657,.T.);
#8657 = LINE('',#8658,#8659);
#8658 = CARTESIAN_POINT('',(15.24,-14.075,-16.));
#8659 = VECTOR('',#8660,1.);
#8660 = DIRECTION('',(0.,0.,1.));
#8661 = PLANE('',#8662);
#8662 = AXIS2_PLACEMENT_3D('',#8663,#8664,#8665);
#8663 = CARTESIAN_POINT('',(10.16,-14.075,-16.));
#8664 = DIRECTION('',(-0.,1.,0.));
#8665 = DIRECTION('',(0.,0.,1.));
#8666 = ADVANCED_FACE('',(#8667),#8693,.F.);
#8667 = FACE_BOUND('',#8668,.F.);
#8668 = EDGE_LOOP('',(#8669,#8670,#8678,#8687));
#8669 = ORIENTED_EDGE('',*,*,#3004,.F.);
#8670 = ORIENTED_EDGE('',*,*,#8671,.F.);
#8671 = EDGE_CURVE('',#8672,#3005,#8674,.T.);
#8672 = VERTEX_POINT('',#8673);
#8673 = CARTESIAN_POINT('',(-3.705,12.7,-15.));
#8674 = LINE('',#8675,#8676);
#8675 = CARTESIAN_POINT('',(-3.705,12.7,-16.));
#8676 = VECTOR('',#8677,1.);
#8677 = DIRECTION('',(0.,0.,1.));
#8678 = ORIENTED_EDGE('',*,*,#8679,.T.);
#8679 = EDGE_CURVE('',#8672,#8680,#8682,.T.);
#8680 = VERTEX_POINT('',#8681);
#8681 = CARTESIAN_POINT('',(-6.455,12.7,-15.));
#8682 = CIRCLE('',#8683,1.375);
#8683 = AXIS2_PLACEMENT_3D('',#8684,#8685,#8686);
#8684 = CARTESIAN_POINT('',(-5.08,12.7,-15.));
#8685 = DIRECTION('',(0.,0.,1.));
#8686 = DIRECTION('',(1.,0.,-0.));
#8687 = ORIENTED_EDGE('',*,*,#8688,.T.);
#8688 = EDGE_CURVE('',#8680,#3007,#8689,.T.);
#8689 = LINE('',#8690,#8691);
#8690 = CARTESIAN_POINT('',(-6.455,12.7,-16.));
#8691 = VECTOR('',#8692,1.);
#8692 = DIRECTION('',(0.,0.,1.));
#8693 = CYLINDRICAL_SURFACE('',#8694,1.375);
#8694 = AXIS2_PLACEMENT_3D('',#8695,#8696,#8697);
#8695 = CARTESIAN_POINT('',(-5.08,12.7,-16.));
#8696 = DIRECTION('',(0.,0.,1.));
#8697 = DIRECTION('',(1.,0.,-0.));
#8698 = ADVANCED_FACE('',(#8699),#8717,.F.);
#8699 = FACE_BOUND('',#8700,.F.);
#8700 = EDGE_LOOP('',(#8701,#8709,#8715,#8716));
#8701 = ORIENTED_EDGE('',*,*,#8702,.F.);
#8702 = EDGE_CURVE('',#8703,#3016,#8705,.T.);
#8703 = VERTEX_POINT('',#8704);
#8704 = CARTESIAN_POINT('',(-3.705,7.62,-15.));
#8705 = LINE('',#8706,#8707);
#8706 = CARTESIAN_POINT('',(-3.705,7.62,-16.));
#8707 = VECTOR('',#8708,1.);
#8708 = DIRECTION('',(0.,0.,1.));
#8709 = ORIENTED_EDGE('',*,*,#8710,.T.);
#8710 = EDGE_CURVE('',#8703,#8672,#8711,.T.);
#8711 = LINE('',#8712,#8713);
#8712 = CARTESIAN_POINT('',(-3.705,-12.93,-15.));
#8713 = VECTOR('',#8714,1.);
#8714 = DIRECTION('',(-0.,1.,0.));
#8715 = ORIENTED_EDGE('',*,*,#8671,.T.);
#8716 = ORIENTED_EDGE('',*,*,#3015,.F.);
#8717 = PLANE('',#8718);
#8718 = AXIS2_PLACEMENT_3D('',#8719,#8720,#8721);
#8719 = CARTESIAN_POINT('',(-3.705,7.62,-16.));
#8720 = DIRECTION('',(1.,0.,-0.));
#8721 = DIRECTION('',(0.,0.,1.));
#8722 = ADVANCED_FACE('',(#8723),#8741,.T.);
#8723 = FACE_BOUND('',#8724,.T.);
#8724 = EDGE_LOOP('',(#8725,#8733,#8739,#8740));
#8725 = ORIENTED_EDGE('',*,*,#8726,.F.);
#8726 = EDGE_CURVE('',#8727,#3024,#8729,.T.);
#8727 = VERTEX_POINT('',#8728);
#8728 = CARTESIAN_POINT('',(-6.455,7.62,-15.));
#8729 = LINE('',#8730,#8731);
#8730 = CARTESIAN_POINT('',(-6.455,7.62,-16.));
#8731 = VECTOR('',#8732,1.);
#8732 = DIRECTION('',(0.,0.,1.));
#8733 = ORIENTED_EDGE('',*,*,#8734,.T.);
#8734 = EDGE_CURVE('',#8727,#8680,#8735,.T.);
#8735 = LINE('',#8736,#8737);
#8736 = CARTESIAN_POINT('',(-6.455,-12.93,-15.));
#8737 = VECTOR('',#8738,1.);
#8738 = DIRECTION('',(-0.,1.,0.));
#8739 = ORIENTED_EDGE('',*,*,#8688,.T.);
#8740 = ORIENTED_EDGE('',*,*,#3032,.F.);
#8741 = PLANE('',#8742);
#8742 = AXIS2_PLACEMENT_3D('',#8743,#8744,#8745);
#8743 = CARTESIAN_POINT('',(-6.455,7.62,-16.));
#8744 = DIRECTION('',(1.,0.,-0.));
#8745 = DIRECTION('',(0.,0.,1.));
#8746 = ADVANCED_FACE('',(#8747),#8759,.F.);
#8747 = FACE_BOUND('',#8748,.F.);
#8748 = EDGE_LOOP('',(#8749,#8750,#8751,#8752));
#8749 = ORIENTED_EDGE('',*,*,#8702,.T.);
#8750 = ORIENTED_EDGE('',*,*,#3023,.F.);
#8751 = ORIENTED_EDGE('',*,*,#8726,.F.);
#8752 = ORIENTED_EDGE('',*,*,#8753,.T.);
#8753 = EDGE_CURVE('',#8727,#8703,#8754,.T.);
#8754 = CIRCLE('',#8755,1.375);
#8755 = AXIS2_PLACEMENT_3D('',#8756,#8757,#8758);
#8756 = CARTESIAN_POINT('',(-5.08,7.62,-15.));
#8757 = DIRECTION('',(0.,0.,1.));
#8758 = DIRECTION('',(1.,0.,-0.));
#8759 = CYLINDRICAL_SURFACE('',#8760,1.375);
#8760 = AXIS2_PLACEMENT_3D('',#8761,#8762,#8763);
#8761 = CARTESIAN_POINT('',(-5.08,7.62,-16.));
#8762 = DIRECTION('',(0.,0.,1.));
#8763 = DIRECTION('',(1.,0.,-0.));
#8764 = ADVANCED_FACE('',(#8765),#8791,.F.);
#8765 = FACE_BOUND('',#8766,.F.);
#8766 = EDGE_LOOP('',(#8767,#8768,#8776,#8785));
#8767 = ORIENTED_EDGE('',*,*,#3040,.F.);
#8768 = ORIENTED_EDGE('',*,*,#8769,.F.);
#8769 = EDGE_CURVE('',#8770,#3041,#8772,.T.);
#8770 = VERTEX_POINT('',#8771);
#8771 = CARTESIAN_POINT('',(-24.025,7.62,-15.));
#8772 = LINE('',#8773,#8774);
#8773 = CARTESIAN_POINT('',(-24.025,7.62,-16.));
#8774 = VECTOR('',#8775,1.);
#8775 = DIRECTION('',(0.,0.,1.));
#8776 = ORIENTED_EDGE('',*,*,#8777,.T.);
#8777 = EDGE_CURVE('',#8770,#8778,#8780,.T.);
#8778 = VERTEX_POINT('',#8779);
#8779 = CARTESIAN_POINT('',(-26.775,7.62,-15.));
#8780 = CIRCLE('',#8781,1.375);
#8781 = AXIS2_PLACEMENT_3D('',#8782,#8783,#8784);
#8782 = CARTESIAN_POINT('',(-25.4,7.62,-15.));
#8783 = DIRECTION('',(0.,0.,1.));
#8784 = DIRECTION('',(1.,0.,-0.));
#8785 = ORIENTED_EDGE('',*,*,#8786,.T.);
#8786 = EDGE_CURVE('',#8778,#3043,#8787,.T.);
#8787 = LINE('',#8788,#8789);
#8788 = CARTESIAN_POINT('',(-26.775,7.62,-16.));
#8789 = VECTOR('',#8790,1.);
#8790 = DIRECTION('',(0.,0.,1.));
#8791 = CYLINDRICAL_SURFACE('',#8792,1.375);
#8792 = AXIS2_PLACEMENT_3D('',#8793,#8794,#8795);
#8793 = CARTESIAN_POINT('',(-25.4,7.62,-16.));
#8794 = DIRECTION('',(0.,0.,1.));
#8795 = DIRECTION('',(1.,0.,-0.));
#8796 = ADVANCED_FACE('',(#8797),#8815,.F.);
#8797 = FACE_BOUND('',#8798,.F.);
#8798 = EDGE_LOOP('',(#8799,#8807,#8813,#8814));
#8799 = ORIENTED_EDGE('',*,*,#8800,.F.);
#8800 = EDGE_CURVE('',#8801,#3052,#8803,.T.);
#8801 = VERTEX_POINT('',#8802);
#8802 = CARTESIAN_POINT('',(-24.025,2.54,-15.));
#8803 = LINE('',#8804,#8805);
#8804 = CARTESIAN_POINT('',(-24.025,2.54,-16.));
#8805 = VECTOR('',#8806,1.);
#8806 = DIRECTION('',(0.,0.,1.));
#8807 = ORIENTED_EDGE('',*,*,#8808,.T.);
#8808 = EDGE_CURVE('',#8801,#8770,#8809,.T.);
#8809 = LINE('',#8810,#8811);
#8810 = CARTESIAN_POINT('',(-24.025,-15.47,-15.));
#8811 = VECTOR('',#8812,1.);
#8812 = DIRECTION('',(-0.,1.,0.));
#8813 = ORIENTED_EDGE('',*,*,#8769,.T.);
#8814 = ORIENTED_EDGE('',*,*,#3051,.F.);
#8815 = PLANE('',#8816);
#8816 = AXIS2_PLACEMENT_3D('',#8817,#8818,#8819);
#8817 = CARTESIAN_POINT('',(-24.025,2.54,-16.));
#8818 = DIRECTION('',(1.,0.,-0.));
#8819 = DIRECTION('',(0.,0.,1.));
#8820 = ADVANCED_FACE('',(#8821),#8839,.T.);
#8821 = FACE_BOUND('',#8822,.T.);
#8822 = EDGE_LOOP('',(#8823,#8831,#8837,#8838));
#8823 = ORIENTED_EDGE('',*,*,#8824,.F.);
#8824 = EDGE_CURVE('',#8825,#3060,#8827,.T.);
#8825 = VERTEX_POINT('',#8826);
#8826 = CARTESIAN_POINT('',(-26.775,2.54,-15.));
#8827 = LINE('',#8828,#8829);
#8828 = CARTESIAN_POINT('',(-26.775,2.54,-16.));
#8829 = VECTOR('',#8830,1.);
#8830 = DIRECTION('',(0.,0.,1.));
#8831 = ORIENTED_EDGE('',*,*,#8832,.T.);
#8832 = EDGE_CURVE('',#8825,#8778,#8833,.T.);
#8833 = LINE('',#8834,#8835);
#8834 = CARTESIAN_POINT('',(-26.775,-15.47,-15.));
#8835 = VECTOR('',#8836,1.);
#8836 = DIRECTION('',(-0.,1.,0.));
#8837 = ORIENTED_EDGE('',*,*,#8786,.T.);
#8838 = ORIENTED_EDGE('',*,*,#3068,.F.);
#8839 = PLANE('',#8840);
#8840 = AXIS2_PLACEMENT_3D('',#8841,#8842,#8843);
#8841 = CARTESIAN_POINT('',(-26.775,2.54,-16.));
#8842 = DIRECTION('',(1.,0.,-0.));
#8843 = DIRECTION('',(0.,0.,1.));
#8844 = ADVANCED_FACE('',(#8845),#8857,.F.);
#8845 = FACE_BOUND('',#8846,.F.);
#8846 = EDGE_LOOP('',(#8847,#8848,#8849,#8850));
#8847 = ORIENTED_EDGE('',*,*,#8800,.T.);
#8848 = ORIENTED_EDGE('',*,*,#3059,.F.);
#8849 = ORIENTED_EDGE('',*,*,#8824,.F.);
#8850 = ORIENTED_EDGE('',*,*,#8851,.T.);
#8851 = EDGE_CURVE('',#8825,#8801,#8852,.T.);
#8852 = CIRCLE('',#8853,1.375);
#8853 = AXIS2_PLACEMENT_3D('',#8854,#8855,#8856);
#8854 = CARTESIAN_POINT('',(-25.4,2.54,-15.));
#8855 = DIRECTION('',(0.,0.,1.));
#8856 = DIRECTION('',(1.,0.,-0.));
#8857 = CYLINDRICAL_SURFACE('',#8858,1.375);
#8858 = AXIS2_PLACEMENT_3D('',#8859,#8860,#8861);
#8859 = CARTESIAN_POINT('',(-25.4,2.54,-16.));
#8860 = DIRECTION('',(0.,0.,1.));
#8861 = DIRECTION('',(1.,0.,-0.));
#8862 = ADVANCED_FACE('',(#8863),#8889,.F.);
#8863 = FACE_BOUND('',#8864,.F.);
#8864 = EDGE_LOOP('',(#8865,#8866,#8874,#8883));
#8865 = ORIENTED_EDGE('',*,*,#3076,.F.);
#8866 = ORIENTED_EDGE('',*,*,#8867,.F.);
#8867 = EDGE_CURVE('',#8868,#3077,#8870,.T.);
#8868 = VERTEX_POINT('',#8869);
#8869 = CARTESIAN_POINT('',(-34.185,12.7,-15.));
#8870 = LINE('',#8871,#8872);
#8871 = CARTESIAN_POINT('',(-34.185,12.7,-16.));
#8872 = VECTOR('',#8873,1.);
#8873 = DIRECTION('',(0.,0.,1.));
#8874 = ORIENTED_EDGE('',*,*,#8875,.T.);
#8875 = EDGE_CURVE('',#8868,#8876,#8878,.T.);
#8876 = VERTEX_POINT('',#8877);
#8877 = CARTESIAN_POINT('',(-36.935,12.7,-15.));
#8878 = CIRCLE('',#8879,1.375);
#8879 = AXIS2_PLACEMENT_3D('',#8880,#8881,#8882);
#8880 = CARTESIAN_POINT('',(-35.56,12.7,-15.));
#8881 = DIRECTION('',(0.,0.,1.));
#8882 = DIRECTION('',(1.,0.,-0.));
#8883 = ORIENTED_EDGE('',*,*,#8884,.T.);
#8884 = EDGE_CURVE('',#8876,#3079,#8885,.T.);
#8885 = LINE('',#8886,#8887);
#8886 = CARTESIAN_POINT('',(-36.935,12.7,-16.));
#8887 = VECTOR('',#8888,1.);
#8888 = DIRECTION('',(0.,0.,1.));
#8889 = CYLINDRICAL_SURFACE('',#8890,1.375);
#8890 = AXIS2_PLACEMENT_3D('',#8891,#8892,#8893);
#8891 = CARTESIAN_POINT('',(-35.56,12.7,-16.));
#8892 = DIRECTION('',(0.,0.,1.));
#8893 = DIRECTION('',(1.,0.,-0.));
#8894 = ADVANCED_FACE('',(#8895),#8913,.F.);
#8895 = FACE_BOUND('',#8896,.F.);
#8896 = EDGE_LOOP('',(#8897,#8905,#8911,#8912));
#8897 = ORIENTED_EDGE('',*,*,#8898,.F.);
#8898 = EDGE_CURVE('',#8899,#3088,#8901,.T.);
#8899 = VERTEX_POINT('',#8900);
#8900 = CARTESIAN_POINT('',(-34.185,7.62,-15.));
#8901 = LINE('',#8902,#8903);
#8902 = CARTESIAN_POINT('',(-34.185,7.62,-16.));
#8903 = VECTOR('',#8904,1.);
#8904 = DIRECTION('',(0.,0.,1.));
#8905 = ORIENTED_EDGE('',*,*,#8906,.T.);
#8906 = EDGE_CURVE('',#8899,#8868,#8907,.T.);
#8907 = LINE('',#8908,#8909);
#8908 = CARTESIAN_POINT('',(-34.185,-12.93,-15.));
#8909 = VECTOR('',#8910,1.);
#8910 = DIRECTION('',(-0.,1.,0.));
#8911 = ORIENTED_EDGE('',*,*,#8867,.T.);
#8912 = ORIENTED_EDGE('',*,*,#3087,.F.);
#8913 = PLANE('',#8914);
#8914 = AXIS2_PLACEMENT_3D('',#8915,#8916,#8917);
#8915 = CARTESIAN_POINT('',(-34.185,7.62,-16.));
#8916 = DIRECTION('',(1.,0.,-0.));
#8917 = DIRECTION('',(0.,0.,1.));
#8918 = ADVANCED_FACE('',(#8919),#8937,.T.);
#8919 = FACE_BOUND('',#8920,.T.);
#8920 = EDGE_LOOP('',(#8921,#8929,#8935,#8936));
#8921 = ORIENTED_EDGE('',*,*,#8922,.F.);
#8922 = EDGE_CURVE('',#8923,#3096,#8925,.T.);
#8923 = VERTEX_POINT('',#8924);
#8924 = CARTESIAN_POINT('',(-36.935,7.62,-15.));
#8925 = LINE('',#8926,#8927);
#8926 = CARTESIAN_POINT('',(-36.935,7.62,-16.));
#8927 = VECTOR('',#8928,1.);
#8928 = DIRECTION('',(0.,0.,1.));
#8929 = ORIENTED_EDGE('',*,*,#8930,.T.);
#8930 = EDGE_CURVE('',#8923,#8876,#8931,.T.);
#8931 = LINE('',#8932,#8933);
#8932 = CARTESIAN_POINT('',(-36.935,-12.93,-15.));
#8933 = VECTOR('',#8934,1.);
#8934 = DIRECTION('',(-0.,1.,0.));
#8935 = ORIENTED_EDGE('',*,*,#8884,.T.);
#8936 = ORIENTED_EDGE('',*,*,#3104,.F.);
#8937 = PLANE('',#8938);
#8938 = AXIS2_PLACEMENT_3D('',#8939,#8940,#8941);
#8939 = CARTESIAN_POINT('',(-36.935,7.62,-16.));
#8940 = DIRECTION('',(1.,0.,-0.));
#8941 = DIRECTION('',(0.,0.,1.));
#8942 = ADVANCED_FACE('',(#8943),#8955,.F.);
#8943 = FACE_BOUND('',#8944,.F.);
#8944 = EDGE_LOOP('',(#8945,#8946,#8947,#8948));
#8945 = ORIENTED_EDGE('',*,*,#8898,.T.);
#8946 = ORIENTED_EDGE('',*,*,#3095,.F.);
#8947 = ORIENTED_EDGE('',*,*,#8922,.F.);
#8948 = ORIENTED_EDGE('',*,*,#8949,.T.);
#8949 = EDGE_CURVE('',#8923,#8899,#8950,.T.);
#8950 = CIRCLE('',#8951,1.375);
#8951 = AXIS2_PLACEMENT_3D('',#8952,#8953,#8954);
#8952 = CARTESIAN_POINT('',(-35.56,7.62,-15.));
#8953 = DIRECTION('',(0.,0.,1.));
#8954 = DIRECTION('',(1.,0.,-0.));
#8955 = CYLINDRICAL_SURFACE('',#8956,1.375);
#8956 = AXIS2_PLACEMENT_3D('',#8957,#8958,#8959);
#8957 = CARTESIAN_POINT('',(-35.56,7.62,-16.));
#8958 = DIRECTION('',(0.,0.,1.));
#8959 = DIRECTION('',(1.,0.,-0.));
#8960 = ADVANCED_FACE('',(#8961),#8987,.F.);
#8961 = FACE_BOUND('',#8962,.F.);
#8962 = EDGE_LOOP('',(#8963,#8964,#8972,#8981));
#8963 = ORIENTED_EDGE('',*,*,#3112,.F.);
#8964 = ORIENTED_EDGE('',*,*,#8965,.F.);
#8965 = EDGE_CURVE('',#8966,#3113,#8968,.T.);
#8966 = VERTEX_POINT('',#8967);
#8967 = CARTESIAN_POINT('',(-30.48,14.075,-15.));
#8968 = LINE('',#8969,#8970);
#8969 = CARTESIAN_POINT('',(-30.48,14.075,-16.));
#8970 = VECTOR('',#8971,1.);
#8971 = DIRECTION('',(0.,0.,1.));
#8972 = ORIENTED_EDGE('',*,*,#8973,.T.);
#8973 = EDGE_CURVE('',#8966,#8974,#8976,.T.);
#8974 = VERTEX_POINT('',#8975);
#8975 = CARTESIAN_POINT('',(-30.48,11.325,-15.));
#8976 = CIRCLE('',#8977,1.375);
#8977 = AXIS2_PLACEMENT_3D('',#8978,#8979,#8980);
#8978 = CARTESIAN_POINT('',(-30.48,12.7,-15.));
#8979 = DIRECTION('',(0.,0.,1.));
#8980 = DIRECTION('',(1.,0.,-0.));
#8981 = ORIENTED_EDGE('',*,*,#8982,.T.);
#8982 = EDGE_CURVE('',#8974,#3115,#8983,.T.);
#8983 = LINE('',#8984,#8985);
#8984 = CARTESIAN_POINT('',(-30.48,11.325,-16.));
#8985 = VECTOR('',#8986,1.);
#8986 = DIRECTION('',(0.,0.,1.));
#8987 = CYLINDRICAL_SURFACE('',#8988,1.375);
#8988 = AXIS2_PLACEMENT_3D('',#8989,#8990,#8991);
#8989 = CARTESIAN_POINT('',(-30.48,12.7,-16.));
#8990 = DIRECTION('',(0.,0.,1.));
#8991 = DIRECTION('',(1.,0.,-0.));
#8992 = ADVANCED_FACE('',(#8993),#9011,.F.);
#8993 = FACE_BOUND('',#8994,.F.);
#8994 = EDGE_LOOP('',(#8995,#9003,#9004,#9005));
#8995 = ORIENTED_EDGE('',*,*,#8996,.T.);
#8996 = EDGE_CURVE('',#8997,#8966,#8999,.T.);
#8997 = VERTEX_POINT('',#8998);
#8998 = CARTESIAN_POINT('',(-25.4,14.075,-15.));
#8999 = LINE('',#9000,#9001);
#9000 = CARTESIAN_POINT('',(-35.79,14.075,-15.));
#9001 = VECTOR('',#9002,1.);
#9002 = DIRECTION('',(-1.,-0.,0.));
#9003 = ORIENTED_EDGE('',*,*,#8965,.T.);
#9004 = ORIENTED_EDGE('',*,*,#3123,.F.);
#9005 = ORIENTED_EDGE('',*,*,#9006,.F.);
#9006 = EDGE_CURVE('',#8997,#3124,#9007,.T.);
#9007 = LINE('',#9008,#9009);
#9008 = CARTESIAN_POINT('',(-25.4,14.075,-16.));
#9009 = VECTOR('',#9010,1.);
#9010 = DIRECTION('',(0.,0.,1.));
#9011 = PLANE('',#9012);
#9012 = AXIS2_PLACEMENT_3D('',#9013,#9014,#9015);
#9013 = CARTESIAN_POINT('',(-30.48,14.075,-16.));
#9014 = DIRECTION('',(-0.,1.,0.));
#9015 = DIRECTION('',(0.,0.,1.));
#9016 = ADVANCED_FACE('',(#9017),#9035,.T.);
#9017 = FACE_BOUND('',#9018,.T.);
#9018 = EDGE_LOOP('',(#9019,#9027,#9028,#9029));
#9019 = ORIENTED_EDGE('',*,*,#9020,.T.);
#9020 = EDGE_CURVE('',#9021,#8974,#9023,.T.);
#9021 = VERTEX_POINT('',#9022);
#9022 = CARTESIAN_POINT('',(-25.4,11.325,-15.));
#9023 = LINE('',#9024,#9025);
#9024 = CARTESIAN_POINT('',(-35.79,11.325,-15.));
#9025 = VECTOR('',#9026,1.);
#9026 = DIRECTION('',(-1.,-0.,0.));
#9027 = ORIENTED_EDGE('',*,*,#8982,.T.);
#9028 = ORIENTED_EDGE('',*,*,#3149,.F.);
#9029 = ORIENTED_EDGE('',*,*,#9030,.F.);
#9030 = EDGE_CURVE('',#9021,#3141,#9031,.T.);
#9031 = LINE('',#9032,#9033);
#9032 = CARTESIAN_POINT('',(-25.4,11.325,-16.));
#9033 = VECTOR('',#9034,1.);
#9034 = DIRECTION('',(0.,0.,1.));
#9035 = PLANE('',#9036);
#9036 = AXIS2_PLACEMENT_3D('',#9037,#9038,#9039);
#9037 = CARTESIAN_POINT('',(-30.48,11.325,-16.));
#9038 = DIRECTION('',(-0.,1.,0.));
#9039 = DIRECTION('',(0.,0.,1.));
#9040 = ADVANCED_FACE('',(#9041),#9067,.F.);
#9041 = FACE_BOUND('',#9042,.F.);
#9042 = EDGE_LOOP('',(#9043,#9044,#9052,#9061));
#9043 = ORIENTED_EDGE('',*,*,#3157,.F.);
#9044 = ORIENTED_EDGE('',*,*,#9045,.F.);
#9045 = EDGE_CURVE('',#9046,#3158,#9048,.T.);
#9046 = VERTEX_POINT('',#9047);
#9047 = CARTESIAN_POINT('',(-18.945,12.7,-15.));
#9048 = LINE('',#9049,#9050);
#9049 = CARTESIAN_POINT('',(-18.945,12.7,-16.));
#9050 = VECTOR('',#9051,1.);
#9051 = DIRECTION('',(0.,0.,1.));
#9052 = ORIENTED_EDGE('',*,*,#9053,.T.);
#9053 = EDGE_CURVE('',#9046,#9054,#9056,.T.);
#9054 = VERTEX_POINT('',#9055);
#9055 = CARTESIAN_POINT('',(-21.695,12.7,-15.));
#9056 = CIRCLE('',#9057,1.375);
#9057 = AXIS2_PLACEMENT_3D('',#9058,#9059,#9060);
#9058 = CARTESIAN_POINT('',(-20.32,12.7,-15.));
#9059 = DIRECTION('',(0.,0.,1.));
#9060 = DIRECTION('',(1.,0.,-0.));
#9061 = ORIENTED_EDGE('',*,*,#9062,.T.);
#9062 = EDGE_CURVE('',#9054,#3160,#9063,.T.);
#9063 = LINE('',#9064,#9065);
#9064 = CARTESIAN_POINT('',(-21.695,12.7,-16.));
#9065 = VECTOR('',#9066,1.);
#9066 = DIRECTION('',(0.,0.,1.));
#9067 = CYLINDRICAL_SURFACE('',#9068,1.375);
#9068 = AXIS2_PLACEMENT_3D('',#9069,#9070,#9071);
#9069 = CARTESIAN_POINT('',(-20.32,12.7,-16.));
#9070 = DIRECTION('',(0.,0.,1.));
#9071 = DIRECTION('',(1.,0.,-0.));
#9072 = ADVANCED_FACE('',(#9073),#9091,.F.);
#9073 = FACE_BOUND('',#9074,.F.);
#9074 = EDGE_LOOP('',(#9075,#9083,#9089,#9090));
#9075 = ORIENTED_EDGE('',*,*,#9076,.F.);
#9076 = EDGE_CURVE('',#9077,#3169,#9079,.T.);
#9077 = VERTEX_POINT('',#9078);
#9078 = CARTESIAN_POINT('',(-18.945,7.62,-15.));
#9079 = LINE('',#9080,#9081);
#9080 = CARTESIAN_POINT('',(-18.945,7.62,-16.));
#9081 = VECTOR('',#9082,1.);
#9082 = DIRECTION('',(0.,0.,1.));
#9083 = ORIENTED_EDGE('',*,*,#9084,.T.);
#9084 = EDGE_CURVE('',#9077,#9046,#9085,.T.);
#9085 = LINE('',#9086,#9087);
#9086 = CARTESIAN_POINT('',(-18.945,-12.93,-15.));
#9087 = VECTOR('',#9088,1.);
#9088 = DIRECTION('',(-0.,1.,0.));
#9089 = ORIENTED_EDGE('',*,*,#9045,.T.);
#9090 = ORIENTED_EDGE('',*,*,#3168,.F.);
#9091 = PLANE('',#9092);
#9092 = AXIS2_PLACEMENT_3D('',#9093,#9094,#9095);
#9093 = CARTESIAN_POINT('',(-18.945,7.62,-16.));
#9094 = DIRECTION('',(1.,0.,-0.));
#9095 = DIRECTION('',(0.,0.,1.));
#9096 = ADVANCED_FACE('',(#9097),#9115,.T.);
#9097 = FACE_BOUND('',#9098,.T.);
#9098 = EDGE_LOOP('',(#9099,#9107,#9113,#9114));
#9099 = ORIENTED_EDGE('',*,*,#9100,.F.);
#9100 = EDGE_CURVE('',#9101,#3177,#9103,.T.);
#9101 = VERTEX_POINT('',#9102);
#9102 = CARTESIAN_POINT('',(-21.695,7.62,-15.));
#9103 = LINE('',#9104,#9105);
#9104 = CARTESIAN_POINT('',(-21.695,7.62,-16.));
#9105 = VECTOR('',#9106,1.);
#9106 = DIRECTION('',(0.,0.,1.));
#9107 = ORIENTED_EDGE('',*,*,#9108,.T.);
#9108 = EDGE_CURVE('',#9101,#9054,#9109,.T.);
#9109 = LINE('',#9110,#9111);
#9110 = CARTESIAN_POINT('',(-21.695,-12.93,-15.));
#9111 = VECTOR('',#9112,1.);
#9112 = DIRECTION('',(-0.,1.,0.));
#9113 = ORIENTED_EDGE('',*,*,#9062,.T.);
#9114 = ORIENTED_EDGE('',*,*,#3185,.F.);
#9115 = PLANE('',#9116);
#9116 = AXIS2_PLACEMENT_3D('',#9117,#9118,#9119);
#9117 = CARTESIAN_POINT('',(-21.695,7.62,-16.));
#9118 = DIRECTION('',(1.,0.,-0.));
#9119 = DIRECTION('',(0.,0.,1.));
#9120 = ADVANCED_FACE('',(#9121),#9133,.F.);
#9121 = FACE_BOUND('',#9122,.F.);
#9122 = EDGE_LOOP('',(#9123,#9124,#9125,#9126));
#9123 = ORIENTED_EDGE('',*,*,#9076,.T.);
#9124 = ORIENTED_EDGE('',*,*,#3176,.F.);
#9125 = ORIENTED_EDGE('',*,*,#9100,.F.);
#9126 = ORIENTED_EDGE('',*,*,#9127,.T.);
#9127 = EDGE_CURVE('',#9101,#9077,#9128,.T.);
#9128 = CIRCLE('',#9129,1.375);
#9129 = AXIS2_PLACEMENT_3D('',#9130,#9131,#9132);
#9130 = CARTESIAN_POINT('',(-20.32,7.62,-15.));
#9131 = DIRECTION('',(0.,0.,1.));
#9132 = DIRECTION('',(1.,0.,-0.));
#9133 = CYLINDRICAL_SURFACE('',#9134,1.375);
#9134 = AXIS2_PLACEMENT_3D('',#9135,#9136,#9137);
#9135 = CARTESIAN_POINT('',(-20.32,7.62,-16.));
#9136 = DIRECTION('',(0.,0.,1.));
#9137 = DIRECTION('',(1.,0.,-0.));
#9138 = ADVANCED_FACE('',(#9139),#9165,.F.);
#9139 = FACE_BOUND('',#9140,.F.);
#9140 = EDGE_LOOP('',(#9141,#9142,#9150,#9159));
#9141 = ORIENTED_EDGE('',*,*,#3193,.F.);
#9142 = ORIENTED_EDGE('',*,*,#9143,.F.);
#9143 = EDGE_CURVE('',#9144,#3194,#9146,.T.);
#9144 = VERTEX_POINT('',#9145);
#9145 = CARTESIAN_POINT('',(-30.48,29.315,-15.));
#9146 = LINE('',#9147,#9148);
#9147 = CARTESIAN_POINT('',(-30.48,29.315,-16.));
#9148 = VECTOR('',#9149,1.);
#9149 = DIRECTION('',(0.,0.,1.));
#9150 = ORIENTED_EDGE('',*,*,#9151,.T.);
#9151 = EDGE_CURVE('',#9144,#9152,#9154,.T.);
#9152 = VERTEX_POINT('',#9153);
#9153 = CARTESIAN_POINT('',(-30.48,26.565,-15.));
#9154 = CIRCLE('',#9155,1.375);
#9155 = AXIS2_PLACEMENT_3D('',#9156,#9157,#9158);
#9156 = CARTESIAN_POINT('',(-30.48,27.94,-15.));
#9157 = DIRECTION('',(0.,0.,1.));
#9158 = DIRECTION('',(1.,0.,-0.));
#9159 = ORIENTED_EDGE('',*,*,#9160,.T.);
#9160 = EDGE_CURVE('',#9152,#3196,#9161,.T.);
#9161 = LINE('',#9162,#9163);
#9162 = CARTESIAN_POINT('',(-30.48,26.565,-16.));
#9163 = VECTOR('',#9164,1.);
#9164 = DIRECTION('',(0.,0.,1.));
#9165 = CYLINDRICAL_SURFACE('',#9166,1.375);
#9166 = AXIS2_PLACEMENT_3D('',#9167,#9168,#9169);
#9167 = CARTESIAN_POINT('',(-30.48,27.94,-16.));
#9168 = DIRECTION('',(0.,0.,1.));
#9169 = DIRECTION('',(1.,0.,-0.));
#9170 = ADVANCED_FACE('',(#9171),#9189,.F.);
#9171 = FACE_BOUND('',#9172,.F.);
#9172 = EDGE_LOOP('',(#9173,#9181,#9182,#9183));
#9173 = ORIENTED_EDGE('',*,*,#9174,.T.);
#9174 = EDGE_CURVE('',#9175,#9144,#9177,.T.);
#9175 = VERTEX_POINT('',#9176);
#9176 = CARTESIAN_POINT('',(-25.4,29.315,-15.));
#9177 = LINE('',#9178,#9179);
#9178 = CARTESIAN_POINT('',(-35.79,29.315,-15.));
#9179 = VECTOR('',#9180,1.);
#9180 = DIRECTION('',(-1.,-0.,0.));
#9181 = ORIENTED_EDGE('',*,*,#9143,.T.);
#9182 = ORIENTED_EDGE('',*,*,#3204,.F.);
#9183 = ORIENTED_EDGE('',*,*,#9184,.F.);
#9184 = EDGE_CURVE('',#9175,#3205,#9185,.T.);
#9185 = LINE('',#9186,#9187);
#9186 = CARTESIAN_POINT('',(-25.4,29.315,-16.));
#9187 = VECTOR('',#9188,1.);
#9188 = DIRECTION('',(0.,0.,1.));
#9189 = PLANE('',#9190);
#9190 = AXIS2_PLACEMENT_3D('',#9191,#9192,#9193);
#9191 = CARTESIAN_POINT('',(-30.48,29.315,-16.));
#9192 = DIRECTION('',(-0.,1.,0.));
#9193 = DIRECTION('',(0.,0.,1.));
#9194 = ADVANCED_FACE('',(#9195),#9213,.T.);
#9195 = FACE_BOUND('',#9196,.T.);
#9196 = EDGE_LOOP('',(#9197,#9205,#9206,#9207));
#9197 = ORIENTED_EDGE('',*,*,#9198,.T.);
#9198 = EDGE_CURVE('',#9199,#9152,#9201,.T.);
#9199 = VERTEX_POINT('',#9200);
#9200 = CARTESIAN_POINT('',(-25.4,26.565,-15.));
#9201 = LINE('',#9202,#9203);
#9202 = CARTESIAN_POINT('',(-35.79,26.565,-15.));
#9203 = VECTOR('',#9204,1.);
#9204 = DIRECTION('',(-1.,-0.,0.));
#9205 = ORIENTED_EDGE('',*,*,#9160,.T.);
#9206 = ORIENTED_EDGE('',*,*,#3230,.F.);
#9207 = ORIENTED_EDGE('',*,*,#9208,.F.);
#9208 = EDGE_CURVE('',#9199,#3222,#9209,.T.);
#9209 = LINE('',#9210,#9211);
#9210 = CARTESIAN_POINT('',(-25.4,26.565,-16.));
#9211 = VECTOR('',#9212,1.);
#9212 = DIRECTION('',(0.,0.,1.));
#9213 = PLANE('',#9214);
#9214 = AXIS2_PLACEMENT_3D('',#9215,#9216,#9217);
#9215 = CARTESIAN_POINT('',(-30.48,26.565,-16.));
#9216 = DIRECTION('',(-0.,1.,0.));
#9217 = DIRECTION('',(0.,0.,1.));
#9218 = ADVANCED_FACE('',(#9219),#9245,.F.);
#9219 = FACE_BOUND('',#9220,.F.);
#9220 = EDGE_LOOP('',(#9221,#9222,#9230,#9239));
#9221 = ORIENTED_EDGE('',*,*,#3238,.F.);
#9222 = ORIENTED_EDGE('',*,*,#9223,.F.);
#9223 = EDGE_CURVE('',#9224,#3239,#9226,.T.);
#9224 = VERTEX_POINT('',#9225);
#9225 = CARTESIAN_POINT('',(-20.32,19.155,-15.));
#9226 = LINE('',#9227,#9228);
#9227 = CARTESIAN_POINT('',(-20.32,19.155,-16.));
#9228 = VECTOR('',#9229,1.);
#9229 = DIRECTION('',(0.,0.,1.));
#9230 = ORIENTED_EDGE('',*,*,#9231,.T.);
#9231 = EDGE_CURVE('',#9224,#9232,#9234,.T.);
#9232 = VERTEX_POINT('',#9233);
#9233 = CARTESIAN_POINT('',(-20.32,16.405,-15.));
#9234 = CIRCLE('',#9235,1.375);
#9235 = AXIS2_PLACEMENT_3D('',#9236,#9237,#9238);
#9236 = CARTESIAN_POINT('',(-20.32,17.78,-15.));
#9237 = DIRECTION('',(0.,0.,1.));
#9238 = DIRECTION('',(1.,0.,-0.));
#9239 = ORIENTED_EDGE('',*,*,#9240,.T.);
#9240 = EDGE_CURVE('',#9232,#3241,#9241,.T.);
#9241 = LINE('',#9242,#9243);
#9242 = CARTESIAN_POINT('',(-20.32,16.405,-16.));
#9243 = VECTOR('',#9244,1.);
#9244 = DIRECTION('',(0.,0.,1.));
#9245 = CYLINDRICAL_SURFACE('',#9246,1.375);
#9246 = AXIS2_PLACEMENT_3D('',#9247,#9248,#9249);
#9247 = CARTESIAN_POINT('',(-20.32,17.78,-16.));
#9248 = DIRECTION('',(0.,0.,1.));
#9249 = DIRECTION('',(1.,0.,-0.));
#9250 = ADVANCED_FACE('',(#9251),#9269,.F.);
#9251 = FACE_BOUND('',#9252,.F.);
#9252 = EDGE_LOOP('',(#9253,#9261,#9262,#9263));
#9253 = ORIENTED_EDGE('',*,*,#9254,.T.);
#9254 = EDGE_CURVE('',#9255,#9224,#9257,.T.);
#9255 = VERTEX_POINT('',#9256);
#9256 = CARTESIAN_POINT('',(-15.24,19.155,-15.));
#9257 = LINE('',#9258,#9259);
#9258 = CARTESIAN_POINT('',(-30.71,19.155,-15.));
#9259 = VECTOR('',#9260,1.);
#9260 = DIRECTION('',(-1.,-0.,0.));
#9261 = ORIENTED_EDGE('',*,*,#9223,.T.);
#9262 = ORIENTED_EDGE('',*,*,#3249,.F.);
#9263 = ORIENTED_EDGE('',*,*,#9264,.F.);
#9264 = EDGE_CURVE('',#9255,#3250,#9265,.T.);
#9265 = LINE('',#9266,#9267);
#9266 = CARTESIAN_POINT('',(-15.24,19.155,-16.));
#9267 = VECTOR('',#9268,1.);
#9268 = DIRECTION('',(0.,0.,1.));
#9269 = PLANE('',#9270);
#9270 = AXIS2_PLACEMENT_3D('',#9271,#9272,#9273);
#9271 = CARTESIAN_POINT('',(-20.32,19.155,-16.));
#9272 = DIRECTION('',(-0.,1.,0.));
#9273 = DIRECTION('',(0.,0.,1.));
#9274 = ADVANCED_FACE('',(#9275),#9293,.T.);
#9275 = FACE_BOUND('',#9276,.T.);
#9276 = EDGE_LOOP('',(#9277,#9285,#9286,#9287));
#9277 = ORIENTED_EDGE('',*,*,#9278,.T.);
#9278 = EDGE_CURVE('',#9279,#9232,#9281,.T.);
#9279 = VERTEX_POINT('',#9280);
#9280 = CARTESIAN_POINT('',(-15.24,16.405,-15.));
#9281 = LINE('',#9282,#9283);
#9282 = CARTESIAN_POINT('',(-30.71,16.405,-15.));
#9283 = VECTOR('',#9284,1.);
#9284 = DIRECTION('',(-1.,-0.,0.));
#9285 = ORIENTED_EDGE('',*,*,#9240,.T.);
#9286 = ORIENTED_EDGE('',*,*,#3275,.F.);
#9287 = ORIENTED_EDGE('',*,*,#9288,.F.);
#9288 = EDGE_CURVE('',#9279,#3267,#9289,.T.);
#9289 = LINE('',#9290,#9291);
#9290 = CARTESIAN_POINT('',(-15.24,16.405,-16.));
#9291 = VECTOR('',#9292,1.);
#9292 = DIRECTION('',(0.,0.,1.));
#9293 = PLANE('',#9294);
#9294 = AXIS2_PLACEMENT_3D('',#9295,#9296,#9297);
#9295 = CARTESIAN_POINT('',(-20.32,16.405,-16.));
#9296 = DIRECTION('',(-0.,1.,0.));
#9297 = DIRECTION('',(0.,0.,1.));
#9298 = ADVANCED_FACE('',(#9299),#9325,.F.);
#9299 = FACE_BOUND('',#9300,.F.);
#9300 = EDGE_LOOP('',(#9301,#9302,#9310,#9319));
#9301 = ORIENTED_EDGE('',*,*,#3283,.F.);
#9302 = ORIENTED_EDGE('',*,*,#9303,.F.);
#9303 = EDGE_CURVE('',#9304,#3284,#9306,.T.);
#9304 = VERTEX_POINT('',#9305);
#9305 = CARTESIAN_POINT('',(-5.08,19.155,-15.));
#9306 = LINE('',#9307,#9308);
#9307 = CARTESIAN_POINT('',(-5.08,19.155,-16.));
#9308 = VECTOR('',#9309,1.);
#9309 = DIRECTION('',(0.,0.,1.));
#9310 = ORIENTED_EDGE('',*,*,#9311,.T.);
#9311 = EDGE_CURVE('',#9304,#9312,#9314,.T.);
#9312 = VERTEX_POINT('',#9313);
#9313 = CARTESIAN_POINT('',(-5.08,16.405,-15.));
#9314 = CIRCLE('',#9315,1.375);
#9315 = AXIS2_PLACEMENT_3D('',#9316,#9317,#9318);
#9316 = CARTESIAN_POINT('',(-5.08,17.78,-15.));
#9317 = DIRECTION('',(0.,0.,1.));
#9318 = DIRECTION('',(1.,0.,-0.));
#9319 = ORIENTED_EDGE('',*,*,#9320,.T.);
#9320 = EDGE_CURVE('',#9312,#3286,#9321,.T.);
#9321 = LINE('',#9322,#9323);
#9322 = CARTESIAN_POINT('',(-5.08,16.405,-16.));
#9323 = VECTOR('',#9324,1.);
#9324 = DIRECTION('',(0.,0.,1.));
#9325 = CYLINDRICAL_SURFACE('',#9326,1.375);
#9326 = AXIS2_PLACEMENT_3D('',#9327,#9328,#9329);
#9327 = CARTESIAN_POINT('',(-5.08,17.78,-16.));
#9328 = DIRECTION('',(0.,0.,1.));
#9329 = DIRECTION('',(1.,0.,-0.));
#9330 = ADVANCED_FACE('',(#9331),#9349,.F.);
#9331 = FACE_BOUND('',#9332,.F.);
#9332 = EDGE_LOOP('',(#9333,#9341,#9342,#9343));
#9333 = ORIENTED_EDGE('',*,*,#9334,.T.);
#9334 = EDGE_CURVE('',#9335,#9304,#9337,.T.);
#9335 = VERTEX_POINT('',#9336);
#9336 = CARTESIAN_POINT('',(7.105427357601E-15,19.155,-15.));
#9337 = LINE('',#9338,#9339);
#9338 = CARTESIAN_POINT('',(-23.09,19.155,-15.));
#9339 = VECTOR('',#9340,1.);
#9340 = DIRECTION('',(-1.,-0.,0.));
#9341 = ORIENTED_EDGE('',*,*,#9303,.T.);
#9342 = ORIENTED_EDGE('',*,*,#3294,.F.);
#9343 = ORIENTED_EDGE('',*,*,#9344,.F.);
#9344 = EDGE_CURVE('',#9335,#3295,#9345,.T.);
#9345 = LINE('',#9346,#9347);
#9346 = CARTESIAN_POINT('',(7.105427357601E-15,19.155,-16.));
#9347 = VECTOR('',#9348,1.);
#9348 = DIRECTION('',(0.,0.,1.));
#9349 = PLANE('',#9350);
#9350 = AXIS2_PLACEMENT_3D('',#9351,#9352,#9353);
#9351 = CARTESIAN_POINT('',(-5.08,19.155,-16.));
#9352 = DIRECTION('',(-0.,1.,0.));
#9353 = DIRECTION('',(0.,0.,1.));
#9354 = ADVANCED_FACE('',(#9355),#9373,.T.);
#9355 = FACE_BOUND('',#9356,.T.);
#9356 = EDGE_LOOP('',(#9357,#9365,#9366,#9367));
#9357 = ORIENTED_EDGE('',*,*,#9358,.T.);
#9358 = EDGE_CURVE('',#9359,#9312,#9361,.T.);
#9359 = VERTEX_POINT('',#9360);
#9360 = CARTESIAN_POINT('',(7.105427357601E-15,16.405,-15.));
#9361 = LINE('',#9362,#9363);
#9362 = CARTESIAN_POINT('',(-23.09,16.405,-15.));
#9363 = VECTOR('',#9364,1.);
#9364 = DIRECTION('',(-1.,-0.,0.));
#9365 = ORIENTED_EDGE('',*,*,#9320,.T.);
#9366 = ORIENTED_EDGE('',*,*,#3320,.F.);
#9367 = ORIENTED_EDGE('',*,*,#9368,.F.);
#9368 = EDGE_CURVE('',#9359,#3312,#9369,.T.);
#9369 = LINE('',#9370,#9371);
#9370 = CARTESIAN_POINT('',(7.105427357601E-15,16.405,-16.));
#9371 = VECTOR('',#9372,1.);
#9372 = DIRECTION('',(0.,0.,1.));
#9373 = PLANE('',#9374);
#9374 = AXIS2_PLACEMENT_3D('',#9375,#9376,#9377);
#9375 = CARTESIAN_POINT('',(-5.08,16.405,-16.));
#9376 = DIRECTION('',(-0.,1.,0.));
#9377 = DIRECTION('',(0.,0.,1.));
#9378 = ADVANCED_FACE('',(#9379),#9405,.F.);
#9379 = FACE_BOUND('',#9380,.F.);
#9380 = EDGE_LOOP('',(#9381,#9382,#9390,#9399));
#9381 = ORIENTED_EDGE('',*,*,#3328,.F.);
#9382 = ORIENTED_EDGE('',*,*,#9383,.F.);
#9383 = EDGE_CURVE('',#9384,#3329,#9386,.T.);
#9384 = VERTEX_POINT('',#9385);
#9385 = CARTESIAN_POINT('',(7.105427357601E-15,14.075,-15.));
#9386 = LINE('',#9387,#9388);
#9387 = CARTESIAN_POINT('',(7.105427357601E-15,14.075,-16.));
#9388 = VECTOR('',#9389,1.);
#9389 = DIRECTION('',(0.,0.,1.));
#9390 = ORIENTED_EDGE('',*,*,#9391,.T.);
#9391 = EDGE_CURVE('',#9384,#9392,#9394,.T.);
#9392 = VERTEX_POINT('',#9393);
#9393 = CARTESIAN_POINT('',(7.105427357601E-15,11.325,-15.));
#9394 = CIRCLE('',#9395,1.375);
#9395 = AXIS2_PLACEMENT_3D('',#9396,#9397,#9398);
#9396 = CARTESIAN_POINT('',(7.105427357601E-15,12.7,-15.));
#9397 = DIRECTION('',(0.,0.,1.));
#9398 = DIRECTION('',(1.,0.,-0.));
#9399 = ORIENTED_EDGE('',*,*,#9400,.T.);
#9400 = EDGE_CURVE('',#9392,#3331,#9401,.T.);
#9401 = LINE('',#9402,#9403);
#9402 = CARTESIAN_POINT('',(7.105427357601E-15,11.325,-16.));
#9403 = VECTOR('',#9404,1.);
#9404 = DIRECTION('',(0.,0.,1.));
#9405 = CYLINDRICAL_SURFACE('',#9406,1.375);
#9406 = AXIS2_PLACEMENT_3D('',#9407,#9408,#9409);
#9407 = CARTESIAN_POINT('',(7.105427357601E-15,12.7,-16.));
#9408 = DIRECTION('',(0.,0.,1.));
#9409 = DIRECTION('',(1.,0.,-0.));
#9410 = ADVANCED_FACE('',(#9411),#9429,.F.);
#9411 = FACE_BOUND('',#9412,.F.);
#9412 = EDGE_LOOP('',(#9413,#9421,#9422,#9423));
#9413 = ORIENTED_EDGE('',*,*,#9414,.T.);
#9414 = EDGE_CURVE('',#9415,#9384,#9417,.T.);
#9415 = VERTEX_POINT('',#9416);
#9416 = CARTESIAN_POINT('',(5.08,14.075,-15.));
#9417 = LINE('',#9418,#9419);
#9418 = CARTESIAN_POINT('',(-20.55,14.075,-15.));
#9419 = VECTOR('',#9420,1.);
#9420 = DIRECTION('',(-1.,-0.,0.));
#9421 = ORIENTED_EDGE('',*,*,#9383,.T.);
#9422 = ORIENTED_EDGE('',*,*,#3339,.F.);
#9423 = ORIENTED_EDGE('',*,*,#9424,.F.);
#9424 = EDGE_CURVE('',#9415,#3340,#9425,.T.);
#9425 = LINE('',#9426,#9427);
#9426 = CARTESIAN_POINT('',(5.08,14.075,-16.));
#9427 = VECTOR('',#9428,1.);
#9428 = DIRECTION('',(0.,0.,1.));
#9429 = PLANE('',#9430);
#9430 = AXIS2_PLACEMENT_3D('',#9431,#9432,#9433);
#9431 = CARTESIAN_POINT('',(7.105427357601E-15,14.075,-16.));
#9432 = DIRECTION('',(-0.,1.,0.));
#9433 = DIRECTION('',(0.,0.,1.));
#9434 = ADVANCED_FACE('',(#9435),#9453,.T.);
#9435 = FACE_BOUND('',#9436,.T.);
#9436 = EDGE_LOOP('',(#9437,#9445,#9446,#9447));
#9437 = ORIENTED_EDGE('',*,*,#9438,.T.);
#9438 = EDGE_CURVE('',#9439,#9392,#9441,.T.);
#9439 = VERTEX_POINT('',#9440);
#9440 = CARTESIAN_POINT('',(5.08,11.325,-15.));
#9441 = LINE('',#9442,#9443);
#9442 = CARTESIAN_POINT('',(-20.55,11.325,-15.));
#9443 = VECTOR('',#9444,1.);
#9444 = DIRECTION('',(-1.,-0.,0.));
#9445 = ORIENTED_EDGE('',*,*,#9400,.T.);
#9446 = ORIENTED_EDGE('',*,*,#3365,.F.);
#9447 = ORIENTED_EDGE('',*,*,#9448,.F.);
#9448 = EDGE_CURVE('',#9439,#3357,#9449,.T.);
#9449 = LINE('',#9450,#9451);
#9450 = CARTESIAN_POINT('',(5.08,11.325,-16.));
#9451 = VECTOR('',#9452,1.);
#9452 = DIRECTION('',(0.,0.,1.));
#9453 = PLANE('',#9454);
#9454 = AXIS2_PLACEMENT_3D('',#9455,#9456,#9457);
#9455 = CARTESIAN_POINT('',(7.105427357601E-15,11.325,-16.));
#9456 = DIRECTION('',(-0.,1.,0.));
#9457 = DIRECTION('',(0.,0.,1.));
#9458 = ADVANCED_FACE('',(#9459),#9485,.F.);
#9459 = FACE_BOUND('',#9460,.F.);
#9460 = EDGE_LOOP('',(#9461,#9462,#9470,#9479));
#9461 = ORIENTED_EDGE('',*,*,#3373,.F.);
#9462 = ORIENTED_EDGE('',*,*,#9463,.F.);
#9463 = EDGE_CURVE('',#9464,#3374,#9466,.T.);
#9464 = VERTEX_POINT('',#9465);
#9465 = CARTESIAN_POINT('',(11.535,12.7,-15.));
#9466 = LINE('',#9467,#9468);
#9467 = CARTESIAN_POINT('',(11.535,12.7,-16.));
#9468 = VECTOR('',#9469,1.);
#9469 = DIRECTION('',(0.,0.,1.));
#9470 = ORIENTED_EDGE('',*,*,#9471,.T.);
#9471 = EDGE_CURVE('',#9464,#9472,#9474,.T.);
#9472 = VERTEX_POINT('',#9473);
#9473 = CARTESIAN_POINT('',(8.785,12.7,-15.));
#9474 = CIRCLE('',#9475,1.375);
#9475 = AXIS2_PLACEMENT_3D('',#9476,#9477,#9478);
#9476 = CARTESIAN_POINT('',(10.16,12.7,-15.));
#9477 = DIRECTION('',(0.,0.,1.));
#9478 = DIRECTION('',(1.,0.,-0.));
#9479 = ORIENTED_EDGE('',*,*,#9480,.T.);
#9480 = EDGE_CURVE('',#9472,#3376,#9481,.T.);
#9481 = LINE('',#9482,#9483);
#9482 = CARTESIAN_POINT('',(8.785,12.7,-16.));
#9483 = VECTOR('',#9484,1.);
#9484 = DIRECTION('',(0.,0.,1.));
#9485 = CYLINDRICAL_SURFACE('',#9486,1.375);
#9486 = AXIS2_PLACEMENT_3D('',#9487,#9488,#9489);
#9487 = CARTESIAN_POINT('',(10.16,12.7,-16.));
#9488 = DIRECTION('',(0.,0.,1.));
#9489 = DIRECTION('',(1.,0.,-0.));
#9490 = ADVANCED_FACE('',(#9491),#9509,.F.);
#9491 = FACE_BOUND('',#9492,.F.);
#9492 = EDGE_LOOP('',(#9493,#9501,#9507,#9508));
#9493 = ORIENTED_EDGE('',*,*,#9494,.F.);
#9494 = EDGE_CURVE('',#9495,#3385,#9497,.T.);
#9495 = VERTEX_POINT('',#9496);
#9496 = CARTESIAN_POINT('',(11.535,7.62,-15.));
#9497 = LINE('',#9498,#9499);
#9498 = CARTESIAN_POINT('',(11.535,7.62,-16.));
#9499 = VECTOR('',#9500,1.);
#9500 = DIRECTION('',(0.,0.,1.));
#9501 = ORIENTED_EDGE('',*,*,#9502,.T.);
#9502 = EDGE_CURVE('',#9495,#9464,#9503,.T.);
#9503 = LINE('',#9504,#9505);
#9504 = CARTESIAN_POINT('',(11.535,-12.93,-15.));
#9505 = VECTOR('',#9506,1.);
#9506 = DIRECTION('',(-0.,1.,0.));
#9507 = ORIENTED_EDGE('',*,*,#9463,.T.);
#9508 = ORIENTED_EDGE('',*,*,#3384,.F.);
#9509 = PLANE('',#9510);
#9510 = AXIS2_PLACEMENT_3D('',#9511,#9512,#9513);
#9511 = CARTESIAN_POINT('',(11.535,7.62,-16.));
#9512 = DIRECTION('',(1.,0.,-0.));
#9513 = DIRECTION('',(0.,0.,1.));
#9514 = ADVANCED_FACE('',(#9515),#9533,.T.);
#9515 = FACE_BOUND('',#9516,.T.);
#9516 = EDGE_LOOP('',(#9517,#9525,#9531,#9532));
#9517 = ORIENTED_EDGE('',*,*,#9518,.F.);
#9518 = EDGE_CURVE('',#9519,#3393,#9521,.T.);
#9519 = VERTEX_POINT('',#9520);
#9520 = CARTESIAN_POINT('',(8.785,7.62,-15.));
#9521 = LINE('',#9522,#9523);
#9522 = CARTESIAN_POINT('',(8.785,7.62,-16.));
#9523 = VECTOR('',#9524,1.);
#9524 = DIRECTION('',(0.,0.,1.));
#9525 = ORIENTED_EDGE('',*,*,#9526,.T.);
#9526 = EDGE_CURVE('',#9519,#9472,#9527,.T.);
#9527 = LINE('',#9528,#9529);
#9528 = CARTESIAN_POINT('',(8.785,-12.93,-15.));
#9529 = VECTOR('',#9530,1.);
#9530 = DIRECTION('',(-0.,1.,0.));
#9531 = ORIENTED_EDGE('',*,*,#9480,.T.);
#9532 = ORIENTED_EDGE('',*,*,#3401,.F.);
#9533 = PLANE('',#9534);
#9534 = AXIS2_PLACEMENT_3D('',#9535,#9536,#9537);
#9535 = CARTESIAN_POINT('',(8.785,7.62,-16.));
#9536 = DIRECTION('',(1.,0.,-0.));
#9537 = DIRECTION('',(0.,0.,1.));
#9538 = ADVANCED_FACE('',(#9539),#9551,.F.);
#9539 = FACE_BOUND('',#9540,.F.);
#9540 = EDGE_LOOP('',(#9541,#9542,#9543,#9544));
#9541 = ORIENTED_EDGE('',*,*,#9494,.T.);
#9542 = ORIENTED_EDGE('',*,*,#3392,.F.);
#9543 = ORIENTED_EDGE('',*,*,#9518,.F.);
#9544 = ORIENTED_EDGE('',*,*,#9545,.T.);
#9545 = EDGE_CURVE('',#9519,#9495,#9546,.T.);
#9546 = CIRCLE('',#9547,1.375);
#9547 = AXIS2_PLACEMENT_3D('',#9548,#9549,#9550);
#9548 = CARTESIAN_POINT('',(10.16,7.62,-15.));
#9549 = DIRECTION('',(0.,0.,1.));
#9550 = DIRECTION('',(1.,0.,-0.));
#9551 = CYLINDRICAL_SURFACE('',#9552,1.375);
#9552 = AXIS2_PLACEMENT_3D('',#9553,#9554,#9555);
#9553 = CARTESIAN_POINT('',(10.16,7.62,-16.));
#9554 = DIRECTION('',(0.,0.,1.));
#9555 = DIRECTION('',(1.,0.,-0.));
#9556 = ADVANCED_FACE('',(#9557),#9583,.F.);
#9557 = FACE_BOUND('',#9558,.F.);
#9558 = EDGE_LOOP('',(#9559,#9560,#9568,#9577));
#9559 = ORIENTED_EDGE('',*,*,#3409,.F.);
#9560 = ORIENTED_EDGE('',*,*,#9561,.F.);
#9561 = EDGE_CURVE('',#9562,#3410,#9564,.T.);
#9562 = VERTEX_POINT('',#9563);
#9563 = CARTESIAN_POINT('',(36.935,7.62,-15.));
#9564 = LINE('',#9565,#9566);
#9565 = CARTESIAN_POINT('',(36.935,7.62,-16.));
#9566 = VECTOR('',#9567,1.);
#9567 = DIRECTION('',(0.,0.,1.));
#9568 = ORIENTED_EDGE('',*,*,#9569,.T.);
#9569 = EDGE_CURVE('',#9562,#9570,#9572,.T.);
#9570 = VERTEX_POINT('',#9571);
#9571 = CARTESIAN_POINT('',(34.185,7.62,-15.));
#9572 = CIRCLE('',#9573,1.375);
#9573 = AXIS2_PLACEMENT_3D('',#9574,#9575,#9576);
#9574 = CARTESIAN_POINT('',(35.56,7.62,-15.));
#9575 = DIRECTION('',(0.,0.,1.));
#9576 = DIRECTION('',(1.,0.,-0.));
#9577 = ORIENTED_EDGE('',*,*,#9578,.T.);
#9578 = EDGE_CURVE('',#9570,#3412,#9579,.T.);
#9579 = LINE('',#9580,#9581);
#9580 = CARTESIAN_POINT('',(34.185,7.62,-16.));
#9581 = VECTOR('',#9582,1.);
#9582 = DIRECTION('',(0.,0.,1.));
#9583 = CYLINDRICAL_SURFACE('',#9584,1.375);
#9584 = AXIS2_PLACEMENT_3D('',#9585,#9586,#9587);
#9585 = CARTESIAN_POINT('',(35.56,7.62,-16.));
#9586 = DIRECTION('',(0.,0.,1.));
#9587 = DIRECTION('',(1.,0.,-0.));
#9588 = ADVANCED_FACE('',(#9589),#9607,.F.);
#9589 = FACE_BOUND('',#9590,.F.);
#9590 = EDGE_LOOP('',(#9591,#9599,#9605,#9606));
#9591 = ORIENTED_EDGE('',*,*,#9592,.F.);
#9592 = EDGE_CURVE('',#9593,#3421,#9595,.T.);
#9593 = VERTEX_POINT('',#9594);
#9594 = CARTESIAN_POINT('',(36.935,2.54,-15.));
#9595 = LINE('',#9596,#9597);
#9596 = CARTESIAN_POINT('',(36.935,2.54,-16.));
#9597 = VECTOR('',#9598,1.);
#9598 = DIRECTION('',(0.,0.,1.));
#9599 = ORIENTED_EDGE('',*,*,#9600,.T.);
#9600 = EDGE_CURVE('',#9593,#9562,#9601,.T.);
#9601 = LINE('',#9602,#9603);
#9602 = CARTESIAN_POINT('',(36.935,-15.47,-15.));
#9603 = VECTOR('',#9604,1.);
#9604 = DIRECTION('',(-0.,1.,0.));
#9605 = ORIENTED_EDGE('',*,*,#9561,.T.);
#9606 = ORIENTED_EDGE('',*,*,#3420,.F.);
#9607 = PLANE('',#9608);
#9608 = AXIS2_PLACEMENT_3D('',#9609,#9610,#9611);
#9609 = CARTESIAN_POINT('',(36.935,2.54,-16.));
#9610 = DIRECTION('',(1.,0.,-0.));
#9611 = DIRECTION('',(0.,0.,1.));
#9612 = ADVANCED_FACE('',(#9613),#9631,.T.);
#9613 = FACE_BOUND('',#9614,.T.);
#9614 = EDGE_LOOP('',(#9615,#9623,#9629,#9630));
#9615 = ORIENTED_EDGE('',*,*,#9616,.F.);
#9616 = EDGE_CURVE('',#9617,#3429,#9619,.T.);
#9617 = VERTEX_POINT('',#9618);
#9618 = CARTESIAN_POINT('',(34.185,2.54,-15.));
#9619 = LINE('',#9620,#9621);
#9620 = CARTESIAN_POINT('',(34.185,2.54,-16.));
#9621 = VECTOR('',#9622,1.);
#9622 = DIRECTION('',(0.,0.,1.));
#9623 = ORIENTED_EDGE('',*,*,#9624,.T.);
#9624 = EDGE_CURVE('',#9617,#9570,#9625,.T.);
#9625 = LINE('',#9626,#9627);
#9626 = CARTESIAN_POINT('',(34.185,-15.47,-15.));
#9627 = VECTOR('',#9628,1.);
#9628 = DIRECTION('',(-0.,1.,0.));
#9629 = ORIENTED_EDGE('',*,*,#9578,.T.);
#9630 = ORIENTED_EDGE('',*,*,#3437,.F.);
#9631 = PLANE('',#9632);
#9632 = AXIS2_PLACEMENT_3D('',#9633,#9634,#9635);
#9633 = CARTESIAN_POINT('',(34.185,2.54,-16.));
#9634 = DIRECTION('',(1.,0.,-0.));
#9635 = DIRECTION('',(0.,0.,1.));
#9636 = ADVANCED_FACE('',(#9637),#9649,.F.);
#9637 = FACE_BOUND('',#9638,.F.);
#9638 = EDGE_LOOP('',(#9639,#9640,#9641,#9642));
#9639 = ORIENTED_EDGE('',*,*,#9592,.T.);
#9640 = ORIENTED_EDGE('',*,*,#3428,.F.);
#9641 = ORIENTED_EDGE('',*,*,#9616,.F.);
#9642 = ORIENTED_EDGE('',*,*,#9643,.T.);
#9643 = EDGE_CURVE('',#9617,#9593,#9644,.T.);
#9644 = CIRCLE('',#9645,1.375);
#9645 = AXIS2_PLACEMENT_3D('',#9646,#9647,#9648);
#9646 = CARTESIAN_POINT('',(35.56,2.54,-15.));
#9647 = DIRECTION('',(0.,0.,1.));
#9648 = DIRECTION('',(1.,0.,-0.));
#9649 = CYLINDRICAL_SURFACE('',#9650,1.375);
#9650 = AXIS2_PLACEMENT_3D('',#9651,#9652,#9653);
#9651 = CARTESIAN_POINT('',(35.56,2.54,-16.));
#9652 = DIRECTION('',(0.,0.,1.));
#9653 = DIRECTION('',(1.,0.,-0.));
#9654 = ADVANCED_FACE('',(#9655),#9681,.F.);
#9655 = FACE_BOUND('',#9656,.F.);
#9656 = EDGE_LOOP('',(#9657,#9658,#9666,#9675));
#9657 = ORIENTED_EDGE('',*,*,#3445,.F.);
#9658 = ORIENTED_EDGE('',*,*,#9659,.F.);
#9659 = EDGE_CURVE('',#9660,#3446,#9662,.T.);
#9660 = VERTEX_POINT('',#9661);
#9661 = CARTESIAN_POINT('',(25.4,3.915,-15.));
#9662 = LINE('',#9663,#9664);
#9663 = CARTESIAN_POINT('',(25.4,3.915,-16.));
#9664 = VECTOR('',#9665,1.);
#9665 = DIRECTION('',(0.,0.,1.));
#9666 = ORIENTED_EDGE('',*,*,#9667,.T.);
#9667 = EDGE_CURVE('',#9660,#9668,#9670,.T.);
#9668 = VERTEX_POINT('',#9669);
#9669 = CARTESIAN_POINT('',(25.4,1.165,-15.));
#9670 = CIRCLE('',#9671,1.375);
#9671 = AXIS2_PLACEMENT_3D('',#9672,#9673,#9674);
#9672 = CARTESIAN_POINT('',(25.4,2.54,-15.));
#9673 = DIRECTION('',(0.,0.,1.));
#9674 = DIRECTION('',(1.,0.,-0.));
#9675 = ORIENTED_EDGE('',*,*,#9676,.T.);
#9676 = EDGE_CURVE('',#9668,#3448,#9677,.T.);
#9677 = LINE('',#9678,#9679);
#9678 = CARTESIAN_POINT('',(25.4,1.165,-16.));
#9679 = VECTOR('',#9680,1.);
#9680 = DIRECTION('',(0.,0.,1.));
#9681 = CYLINDRICAL_SURFACE('',#9682,1.375);
#9682 = AXIS2_PLACEMENT_3D('',#9683,#9684,#9685);
#9683 = CARTESIAN_POINT('',(25.4,2.54,-16.));
#9684 = DIRECTION('',(0.,0.,1.));
#9685 = DIRECTION('',(1.,0.,-0.));
#9686 = ADVANCED_FACE('',(#9687),#9705,.F.);
#9687 = FACE_BOUND('',#9688,.F.);
#9688 = EDGE_LOOP('',(#9689,#9697,#9698,#9699));
#9689 = ORIENTED_EDGE('',*,*,#9690,.T.);
#9690 = EDGE_CURVE('',#9691,#9660,#9693,.T.);
#9691 = VERTEX_POINT('',#9692);
#9692 = CARTESIAN_POINT('',(30.48,3.915,-15.));
#9693 = LINE('',#9694,#9695);
#9694 = CARTESIAN_POINT('',(-7.85,3.915,-15.));
#9695 = VECTOR('',#9696,1.);
#9696 = DIRECTION('',(-1.,-0.,0.));
#9697 = ORIENTED_EDGE('',*,*,#9659,.T.);
#9698 = ORIENTED_EDGE('',*,*,#3456,.F.);
#9699 = ORIENTED_EDGE('',*,*,#9700,.F.);
#9700 = EDGE_CURVE('',#9691,#3457,#9701,.T.);
#9701 = LINE('',#9702,#9703);
#9702 = CARTESIAN_POINT('',(30.48,3.915,-16.));
#9703 = VECTOR('',#9704,1.);
#9704 = DIRECTION('',(0.,0.,1.));
#9705 = PLANE('',#9706);
#9706 = AXIS2_PLACEMENT_3D('',#9707,#9708,#9709);
#9707 = CARTESIAN_POINT('',(25.4,3.915,-16.));
#9708 = DIRECTION('',(-0.,1.,0.));
#9709 = DIRECTION('',(0.,0.,1.));
#9710 = ADVANCED_FACE('',(#9711),#9729,.T.);
#9711 = FACE_BOUND('',#9712,.T.);
#9712 = EDGE_LOOP('',(#9713,#9721,#9722,#9723));
#9713 = ORIENTED_EDGE('',*,*,#9714,.T.);
#9714 = EDGE_CURVE('',#9715,#9668,#9717,.T.);
#9715 = VERTEX_POINT('',#9716);
#9716 = CARTESIAN_POINT('',(30.48,1.165,-15.));
#9717 = LINE('',#9718,#9719);
#9718 = CARTESIAN_POINT('',(-7.85,1.165,-15.));
#9719 = VECTOR('',#9720,1.);
#9720 = DIRECTION('',(-1.,-0.,0.));
#9721 = ORIENTED_EDGE('',*,*,#9676,.T.);
#9722 = ORIENTED_EDGE('',*,*,#3482,.F.);
#9723 = ORIENTED_EDGE('',*,*,#9724,.F.);
#9724 = EDGE_CURVE('',#9715,#3474,#9725,.T.);
#9725 = LINE('',#9726,#9727);
#9726 = CARTESIAN_POINT('',(30.48,1.165,-16.));
#9727 = VECTOR('',#9728,1.);
#9728 = DIRECTION('',(0.,0.,1.));
#9729 = PLANE('',#9730);
#9730 = AXIS2_PLACEMENT_3D('',#9731,#9732,#9733);
#9731 = CARTESIAN_POINT('',(25.4,1.165,-16.));
#9732 = DIRECTION('',(-0.,1.,0.));
#9733 = DIRECTION('',(0.,0.,1.));
#9734 = ADVANCED_FACE('',(#9735),#9761,.F.);
#9735 = FACE_BOUND('',#9736,.F.);
#9736 = EDGE_LOOP('',(#9737,#9738,#9746,#9755));
#9737 = ORIENTED_EDGE('',*,*,#3490,.F.);
#9738 = ORIENTED_EDGE('',*,*,#9739,.F.);
#9739 = EDGE_CURVE('',#9740,#3491,#9742,.T.);
#9740 = VERTEX_POINT('',#9741);
#9741 = CARTESIAN_POINT('',(-24.025,22.86,-15.));
#9742 = LINE('',#9743,#9744);
#9743 = CARTESIAN_POINT('',(-24.025,22.86,-16.));
#9744 = VECTOR('',#9745,1.);
#9745 = DIRECTION('',(0.,0.,1.));
#9746 = ORIENTED_EDGE('',*,*,#9747,.T.);
#9747 = EDGE_CURVE('',#9740,#9748,#9750,.T.);
#9748 = VERTEX_POINT('',#9749);
#9749 = CARTESIAN_POINT('',(-26.775,22.86,-15.));
#9750 = CIRCLE('',#9751,1.375);
#9751 = AXIS2_PLACEMENT_3D('',#9752,#9753,#9754);
#9752 = CARTESIAN_POINT('',(-25.4,22.86,-15.));
#9753 = DIRECTION('',(0.,0.,1.));
#9754 = DIRECTION('',(1.,0.,-0.));
#9755 = ORIENTED_EDGE('',*,*,#9756,.T.);
#9756 = EDGE_CURVE('',#9748,#3493,#9757,.T.);
#9757 = LINE('',#9758,#9759);
#9758 = CARTESIAN_POINT('',(-26.775,22.86,-16.));
#9759 = VECTOR('',#9760,1.);
#9760 = DIRECTION('',(0.,0.,1.));
#9761 = CYLINDRICAL_SURFACE('',#9762,1.375);
#9762 = AXIS2_PLACEMENT_3D('',#9763,#9764,#9765);
#9763 = CARTESIAN_POINT('',(-25.4,22.86,-16.));
#9764 = DIRECTION('',(0.,0.,1.));
#9765 = DIRECTION('',(1.,0.,-0.));
#9766 = ADVANCED_FACE('',(#9767),#9785,.F.);
#9767 = FACE_BOUND('',#9768,.F.);
#9768 = EDGE_LOOP('',(#9769,#9777,#9783,#9784));
#9769 = ORIENTED_EDGE('',*,*,#9770,.F.);
#9770 = EDGE_CURVE('',#9771,#3502,#9773,.T.);
#9771 = VERTEX_POINT('',#9772);
#9772 = CARTESIAN_POINT('',(-24.025,17.78,-15.));
#9773 = LINE('',#9774,#9775);
#9774 = CARTESIAN_POINT('',(-24.025,17.78,-16.));
#9775 = VECTOR('',#9776,1.);
#9776 = DIRECTION('',(0.,0.,1.));
#9777 = ORIENTED_EDGE('',*,*,#9778,.T.);
#9778 = EDGE_CURVE('',#9771,#9740,#9779,.T.);
#9779 = LINE('',#9780,#9781);
#9780 = CARTESIAN_POINT('',(-24.025,-7.85,-15.));
#9781 = VECTOR('',#9782,1.);
#9782 = DIRECTION('',(-0.,1.,0.));
#9783 = ORIENTED_EDGE('',*,*,#9739,.T.);
#9784 = ORIENTED_EDGE('',*,*,#3501,.F.);
#9785 = PLANE('',#9786);
#9786 = AXIS2_PLACEMENT_3D('',#9787,#9788,#9789);
#9787 = CARTESIAN_POINT('',(-24.025,17.78,-16.));
#9788 = DIRECTION('',(1.,0.,-0.));
#9789 = DIRECTION('',(0.,0.,1.));
#9790 = ADVANCED_FACE('',(#9791),#9809,.T.);
#9791 = FACE_BOUND('',#9792,.T.);
#9792 = EDGE_LOOP('',(#9793,#9801,#9807,#9808));
#9793 = ORIENTED_EDGE('',*,*,#9794,.F.);
#9794 = EDGE_CURVE('',#9795,#3510,#9797,.T.);
#9795 = VERTEX_POINT('',#9796);
#9796 = CARTESIAN_POINT('',(-26.775,17.78,-15.));
#9797 = LINE('',#9798,#9799);
#9798 = CARTESIAN_POINT('',(-26.775,17.78,-16.));
#9799 = VECTOR('',#9800,1.);
#9800 = DIRECTION('',(0.,0.,1.));
#9801 = ORIENTED_EDGE('',*,*,#9802,.T.);
#9802 = EDGE_CURVE('',#9795,#9748,#9803,.T.);
#9803 = LINE('',#9804,#9805);
#9804 = CARTESIAN_POINT('',(-26.775,-7.85,-15.));
#9805 = VECTOR('',#9806,1.);
#9806 = DIRECTION('',(-0.,1.,0.));
#9807 = ORIENTED_EDGE('',*,*,#9756,.T.);
#9808 = ORIENTED_EDGE('',*,*,#3518,.F.);
#9809 = PLANE('',#9810);
#9810 = AXIS2_PLACEMENT_3D('',#9811,#9812,#9813);
#9811 = CARTESIAN_POINT('',(-26.775,17.78,-16.));
#9812 = DIRECTION('',(1.,0.,-0.));
#9813 = DIRECTION('',(0.,0.,1.));
#9814 = ADVANCED_FACE('',(#9815),#9827,.F.);
#9815 = FACE_BOUND('',#9816,.F.);
#9816 = EDGE_LOOP('',(#9817,#9818,#9819,#9820));
#9817 = ORIENTED_EDGE('',*,*,#9770,.T.);
#9818 = ORIENTED_EDGE('',*,*,#3509,.F.);
#9819 = ORIENTED_EDGE('',*,*,#9794,.F.);
#9820 = ORIENTED_EDGE('',*,*,#9821,.T.);
#9821 = EDGE_CURVE('',#9795,#9771,#9822,.T.);
#9822 = CIRCLE('',#9823,1.375);
#9823 = AXIS2_PLACEMENT_3D('',#9824,#9825,#9826);
#9824 = CARTESIAN_POINT('',(-25.4,17.78,-15.));
#9825 = DIRECTION('',(0.,0.,1.));
#9826 = DIRECTION('',(1.,0.,-0.));
#9827 = CYLINDRICAL_SURFACE('',#9828,1.375);
#9828 = AXIS2_PLACEMENT_3D('',#9829,#9830,#9831);
#9829 = CARTESIAN_POINT('',(-25.4,17.78,-16.));
#9830 = DIRECTION('',(0.,0.,1.));
#9831 = DIRECTION('',(1.,0.,-0.));
#9832 = ADVANCED_FACE('',(#9833),#9859,.F.);
#9833 = FACE_BOUND('',#9834,.F.);
#9834 = EDGE_LOOP('',(#9835,#9836,#9844,#9853));
#9835 = ORIENTED_EDGE('',*,*,#3526,.F.);
#9836 = ORIENTED_EDGE('',*,*,#9837,.F.);
#9837 = EDGE_CURVE('',#9838,#3527,#9840,.T.);
#9838 = VERTEX_POINT('',#9839);
#9839 = CARTESIAN_POINT('',(25.4,-11.325,-15.));
#9840 = LINE('',#9841,#9842);
#9841 = CARTESIAN_POINT('',(25.4,-11.325,-16.));
#9842 = VECTOR('',#9843,1.);
#9843 = DIRECTION('',(0.,0.,1.));
#9844 = ORIENTED_EDGE('',*,*,#9845,.T.);
#9845 = EDGE_CURVE('',#9838,#9846,#9848,.T.);
#9846 = VERTEX_POINT('',#9847);
#9847 = CARTESIAN_POINT('',(25.4,-14.075,-15.));
#9848 = CIRCLE('',#9849,1.375);
#9849 = AXIS2_PLACEMENT_3D('',#9850,#9851,#9852);
#9850 = CARTESIAN_POINT('',(25.4,-12.7,-15.));
#9851 = DIRECTION('',(0.,0.,1.));
#9852 = DIRECTION('',(1.,0.,-0.));
#9853 = ORIENTED_EDGE('',*,*,#9854,.T.);
#9854 = EDGE_CURVE('',#9846,#3529,#9855,.T.);
#9855 = LINE('',#9856,#9857);
#9856 = CARTESIAN_POINT('',(25.4,-14.075,-16.));
#9857 = VECTOR('',#9858,1.);
#9858 = DIRECTION('',(0.,0.,1.));
#9859 = CYLINDRICAL_SURFACE('',#9860,1.375);
#9860 = AXIS2_PLACEMENT_3D('',#9861,#9862,#9863);
#9861 = CARTESIAN_POINT('',(25.4,-12.7,-16.));
#9862 = DIRECTION('',(0.,0.,1.));
#9863 = DIRECTION('',(1.,0.,-0.));
#9864 = ADVANCED_FACE('',(#9865),#9883,.F.);
#9865 = FACE_BOUND('',#9866,.F.);
#9866 = EDGE_LOOP('',(#9867,#9875,#9876,#9877));
#9867 = ORIENTED_EDGE('',*,*,#9868,.T.);
#9868 = EDGE_CURVE('',#9869,#9838,#9871,.T.);
#9869 = VERTEX_POINT('',#9870);
#9870 = CARTESIAN_POINT('',(30.48,-11.325,-15.));
#9871 = LINE('',#9872,#9873);
#9872 = CARTESIAN_POINT('',(-7.85,-11.325,-15.));
#9873 = VECTOR('',#9874,1.);
#9874 = DIRECTION('',(-1.,-0.,0.));
#9875 = ORIENTED_EDGE('',*,*,#9837,.T.);
#9876 = ORIENTED_EDGE('',*,*,#3537,.F.);
#9877 = ORIENTED_EDGE('',*,*,#9878,.F.);
#9878 = EDGE_CURVE('',#9869,#3538,#9879,.T.);
#9879 = LINE('',#9880,#9881);
#9880 = CARTESIAN_POINT('',(30.48,-11.325,-16.));
#9881 = VECTOR('',#9882,1.);
#9882 = DIRECTION('',(0.,0.,1.));
#9883 = PLANE('',#9884);
#9884 = AXIS2_PLACEMENT_3D('',#9885,#9886,#9887);
#9885 = CARTESIAN_POINT('',(25.4,-11.325,-16.));
#9886 = DIRECTION('',(-0.,1.,0.));
#9887 = DIRECTION('',(0.,0.,1.));
#9888 = ADVANCED_FACE('',(#9889),#9907,.T.);
#9889 = FACE_BOUND('',#9890,.T.);
#9890 = EDGE_LOOP('',(#9891,#9899,#9900,#9901));
#9891 = ORIENTED_EDGE('',*,*,#9892,.T.);
#9892 = EDGE_CURVE('',#9893,#9846,#9895,.T.);
#9893 = VERTEX_POINT('',#9894);
#9894 = CARTESIAN_POINT('',(30.48,-14.075,-15.));
#9895 = LINE('',#9896,#9897);
#9896 = CARTESIAN_POINT('',(-7.85,-14.075,-15.));
#9897 = VECTOR('',#9898,1.);
#9898 = DIRECTION('',(-1.,-0.,0.));
#9899 = ORIENTED_EDGE('',*,*,#9854,.T.);
#9900 = ORIENTED_EDGE('',*,*,#3563,.F.);
#9901 = ORIENTED_EDGE('',*,*,#9902,.F.);
#9902 = EDGE_CURVE('',#9893,#3555,#9903,.T.);
#9903 = LINE('',#9904,#9905);
#9904 = CARTESIAN_POINT('',(30.48,-14.075,-16.));
#9905 = VECTOR('',#9906,1.);
#9906 = DIRECTION('',(0.,0.,1.));
#9907 = PLANE('',#9908);
#9908 = AXIS2_PLACEMENT_3D('',#9909,#9910,#9911);
#9909 = CARTESIAN_POINT('',(25.4,-14.075,-16.));
#9910 = DIRECTION('',(-0.,1.,0.));
#9911 = DIRECTION('',(0.,0.,1.));
#9912 = ADVANCED_FACE('',(#9913),#9939,.F.);
#9913 = FACE_BOUND('',#9914,.F.);
#9914 = EDGE_LOOP('',(#9915,#9916,#9924,#9933));
#9915 = ORIENTED_EDGE('',*,*,#3571,.F.);
#9916 = ORIENTED_EDGE('',*,*,#9917,.F.);
#9917 = EDGE_CURVE('',#9918,#3572,#9920,.T.);
#9918 = VERTEX_POINT('',#9919);
#9919 = CARTESIAN_POINT('',(6.455,22.86,-15.));
#9920 = LINE('',#9921,#9922);
#9921 = CARTESIAN_POINT('',(6.455,22.86,-16.));
#9922 = VECTOR('',#9923,1.);
#9923 = DIRECTION('',(0.,0.,1.));
#9924 = ORIENTED_EDGE('',*,*,#9925,.T.);
#9925 = EDGE_CURVE('',#9918,#9926,#9928,.T.);
#9926 = VERTEX_POINT('',#9927);
#9927 = CARTESIAN_POINT('',(3.705,22.86,-15.));
#9928 = CIRCLE('',#9929,1.375);
#9929 = AXIS2_PLACEMENT_3D('',#9930,#9931,#9932);
#9930 = CARTESIAN_POINT('',(5.08,22.86,-15.));
#9931 = DIRECTION('',(0.,0.,1.));
#9932 = DIRECTION('',(1.,0.,-0.));
#9933 = ORIENTED_EDGE('',*,*,#9934,.T.);
#9934 = EDGE_CURVE('',#9926,#3574,#9935,.T.);
#9935 = LINE('',#9936,#9937);
#9936 = CARTESIAN_POINT('',(3.705,22.86,-16.));
#9937 = VECTOR('',#9938,1.);
#9938 = DIRECTION('',(0.,0.,1.));
#9939 = CYLINDRICAL_SURFACE('',#9940,1.375);
#9940 = AXIS2_PLACEMENT_3D('',#9941,#9942,#9943);
#9941 = CARTESIAN_POINT('',(5.08,22.86,-16.));
#9942 = DIRECTION('',(0.,0.,1.));
#9943 = DIRECTION('',(1.,0.,-0.));
#9944 = ADVANCED_FACE('',(#9945),#9963,.F.);
#9945 = FACE_BOUND('',#9946,.F.);
#9946 = EDGE_LOOP('',(#9947,#9955,#9961,#9962));
#9947 = ORIENTED_EDGE('',*,*,#9948,.F.);
#9948 = EDGE_CURVE('',#9949,#3583,#9951,.T.);
#9949 = VERTEX_POINT('',#9950);
#9950 = CARTESIAN_POINT('',(6.455,17.78,-15.));
#9951 = LINE('',#9952,#9953);
#9952 = CARTESIAN_POINT('',(6.455,17.78,-16.));
#9953 = VECTOR('',#9954,1.);
#9954 = DIRECTION('',(0.,0.,1.));
#9955 = ORIENTED_EDGE('',*,*,#9956,.T.);
#9956 = EDGE_CURVE('',#9949,#9918,#9957,.T.);
#9957 = LINE('',#9958,#9959);
#9958 = CARTESIAN_POINT('',(6.455,-7.85,-15.));
#9959 = VECTOR('',#9960,1.);
#9960 = DIRECTION('',(-0.,1.,0.));
#9961 = ORIENTED_EDGE('',*,*,#9917,.T.);
#9962 = ORIENTED_EDGE('',*,*,#3582,.F.);
#9963 = PLANE('',#9964);
#9964 = AXIS2_PLACEMENT_3D('',#9965,#9966,#9967);
#9965 = CARTESIAN_POINT('',(6.455,17.78,-16.));
#9966 = DIRECTION('',(1.,0.,-0.));
#9967 = DIRECTION('',(0.,0.,1.));
#9968 = ADVANCED_FACE('',(#9969),#9987,.T.);
#9969 = FACE_BOUND('',#9970,.T.);
#9970 = EDGE_LOOP('',(#9971,#9979,#9985,#9986));
#9971 = ORIENTED_EDGE('',*,*,#9972,.F.);
#9972 = EDGE_CURVE('',#9973,#3591,#9975,.T.);
#9973 = VERTEX_POINT('',#9974);
#9974 = CARTESIAN_POINT('',(3.705,17.78,-15.));
#9975 = LINE('',#9976,#9977);
#9976 = CARTESIAN_POINT('',(3.705,17.78,-16.));
#9977 = VECTOR('',#9978,1.);
#9978 = DIRECTION('',(0.,0.,1.));
#9979 = ORIENTED_EDGE('',*,*,#9980,.T.);
#9980 = EDGE_CURVE('',#9973,#9926,#9981,.T.);
#9981 = LINE('',#9982,#9983);
#9982 = CARTESIAN_POINT('',(3.705,-7.85,-15.));
#9983 = VECTOR('',#9984,1.);
#9984 = DIRECTION('',(-0.,1.,0.));
#9985 = ORIENTED_EDGE('',*,*,#9934,.T.);
#9986 = ORIENTED_EDGE('',*,*,#3599,.F.);
#9987 = PLANE('',#9988);
#9988 = AXIS2_PLACEMENT_3D('',#9989,#9990,#9991);
#9989 = CARTESIAN_POINT('',(3.705,17.78,-16.));
#9990 = DIRECTION('',(1.,0.,-0.));
#9991 = DIRECTION('',(0.,0.,1.));
#9992 = ADVANCED_FACE('',(#9993),#10005,.F.);
#9993 = FACE_BOUND('',#9994,.F.);
#9994 = EDGE_LOOP('',(#9995,#9996,#9997,#9998));
#9995 = ORIENTED_EDGE('',*,*,#9948,.T.);
#9996 = ORIENTED_EDGE('',*,*,#3590,.F.);
#9997 = ORIENTED_EDGE('',*,*,#9972,.F.);
#9998 = ORIENTED_EDGE('',*,*,#9999,.T.);
#9999 = EDGE_CURVE('',#9973,#9949,#10000,.T.);
#10000 = CIRCLE('',#10001,1.375);
#10001 = AXIS2_PLACEMENT_3D('',#10002,#10003,#10004);
#10002 = CARTESIAN_POINT('',(5.08,17.78,-15.));
#10003 = DIRECTION('',(0.,0.,1.));
#10004 = DIRECTION('',(1.,0.,-0.));
#10005 = CYLINDRICAL_SURFACE('',#10006,1.375);
#10006 = AXIS2_PLACEMENT_3D('',#10007,#10008,#10009);
#10007 = CARTESIAN_POINT('',(5.08,17.78,-16.));
#10008 = DIRECTION('',(0.,0.,1.));
#10009 = DIRECTION('',(1.,0.,-0.));
#10010 = ADVANCED_FACE('',(#10011),#10037,.F.);
#10011 = FACE_BOUND('',#10012,.F.);
#10012 = EDGE_LOOP('',(#10013,#10014,#10022,#10031));
#10013 = ORIENTED_EDGE('',*,*,#3607,.F.);
#10014 = ORIENTED_EDGE('',*,*,#10015,.F.);
#10015 = EDGE_CURVE('',#10016,#3608,#10018,.T.);
#10016 = VERTEX_POINT('',#10017);
#10017 = CARTESIAN_POINT('',(25.4,-26.565,-15.));
#10018 = LINE('',#10019,#10020);
#10019 = CARTESIAN_POINT('',(25.4,-26.565,-16.));
#10020 = VECTOR('',#10021,1.);
#10021 = DIRECTION('',(0.,0.,1.));
#10022 = ORIENTED_EDGE('',*,*,#10023,.T.);
#10023 = EDGE_CURVE('',#10016,#10024,#10026,.T.);
#10024 = VERTEX_POINT('',#10025);
#10025 = CARTESIAN_POINT('',(25.4,-29.315,-15.));
#10026 = CIRCLE('',#10027,1.375);
#10027 = AXIS2_PLACEMENT_3D('',#10028,#10029,#10030);
#10028 = CARTESIAN_POINT('',(25.4,-27.94,-15.));
#10029 = DIRECTION('',(0.,0.,1.));
#10030 = DIRECTION('',(1.,0.,-0.));
#10031 = ORIENTED_EDGE('',*,*,#10032,.T.);
#10032 = EDGE_CURVE('',#10024,#3610,#10033,.T.);
#10033 = LINE('',#10034,#10035);
#10034 = CARTESIAN_POINT('',(25.4,-29.315,-16.));
#10035 = VECTOR('',#10036,1.);
#10036 = DIRECTION('',(0.,0.,1.));
#10037 = CYLINDRICAL_SURFACE('',#10038,1.375);
#10038 = AXIS2_PLACEMENT_3D('',#10039,#10040,#10041);
#10039 = CARTESIAN_POINT('',(25.4,-27.94,-16.));
#10040 = DIRECTION('',(0.,0.,1.));
#10041 = DIRECTION('',(1.,0.,-0.));
#10042 = ADVANCED_FACE('',(#10043),#10061,.F.);
#10043 = FACE_BOUND('',#10044,.F.);
#10044 = EDGE_LOOP('',(#10045,#10053,#10054,#10055));
#10045 = ORIENTED_EDGE('',*,*,#10046,.T.);
#10046 = EDGE_CURVE('',#10047,#10016,#10049,.T.);
#10047 = VERTEX_POINT('',#10048);
#10048 = CARTESIAN_POINT('',(30.48,-26.565,-15.));
#10049 = LINE('',#10050,#10051);
#10050 = CARTESIAN_POINT('',(-7.85,-26.565,-15.));
#10051 = VECTOR('',#10052,1.);
#10052 = DIRECTION('',(-1.,-0.,0.));
#10053 = ORIENTED_EDGE('',*,*,#10015,.T.);
#10054 = ORIENTED_EDGE('',*,*,#3618,.F.);
#10055 = ORIENTED_EDGE('',*,*,#10056,.F.);
#10056 = EDGE_CURVE('',#10047,#3619,#10057,.T.);
#10057 = LINE('',#10058,#10059);
#10058 = CARTESIAN_POINT('',(30.48,-26.565,-16.));
#10059 = VECTOR('',#10060,1.);
#10060 = DIRECTION('',(0.,0.,1.));
#10061 = PLANE('',#10062);
#10062 = AXIS2_PLACEMENT_3D('',#10063,#10064,#10065);
#10063 = CARTESIAN_POINT('',(25.4,-26.565,-16.));
#10064 = DIRECTION('',(-0.,1.,0.));
#10065 = DIRECTION('',(0.,0.,1.));
#10066 = ADVANCED_FACE('',(#10067),#10085,.T.);
#10067 = FACE_BOUND('',#10068,.T.);
#10068 = EDGE_LOOP('',(#10069,#10077,#10078,#10079));
#10069 = ORIENTED_EDGE('',*,*,#10070,.T.);
#10070 = EDGE_CURVE('',#10071,#10024,#10073,.T.);
#10071 = VERTEX_POINT('',#10072);
#10072 = CARTESIAN_POINT('',(30.48,-29.315,-15.));
#10073 = LINE('',#10074,#10075);
#10074 = CARTESIAN_POINT('',(-7.85,-29.315,-15.));
#10075 = VECTOR('',#10076,1.);
#10076 = DIRECTION('',(-1.,-0.,0.));
#10077 = ORIENTED_EDGE('',*,*,#10032,.T.);
#10078 = ORIENTED_EDGE('',*,*,#3644,.F.);
#10079 = ORIENTED_EDGE('',*,*,#10080,.F.);
#10080 = EDGE_CURVE('',#10071,#3636,#10081,.T.);
#10081 = LINE('',#10082,#10083);
#10082 = CARTESIAN_POINT('',(30.48,-29.315,-16.));
#10083 = VECTOR('',#10084,1.);
#10084 = DIRECTION('',(0.,0.,1.));
#10085 = PLANE('',#10086);
#10086 = AXIS2_PLACEMENT_3D('',#10087,#10088,#10089);
#10087 = CARTESIAN_POINT('',(25.4,-29.315,-16.));
#10088 = DIRECTION('',(-0.,1.,0.));
#10089 = DIRECTION('',(0.,0.,1.));
#10090 = ADVANCED_FACE('',(#10091),#10117,.F.);
#10091 = FACE_BOUND('',#10092,.F.);
#10092 = EDGE_LOOP('',(#10093,#10094,#10102,#10111));
#10093 = ORIENTED_EDGE('',*,*,#3652,.F.);
#10094 = ORIENTED_EDGE('',*,*,#10095,.F.);
#10095 = EDGE_CURVE('',#10096,#3653,#10098,.T.);
#10096 = VERTEX_POINT('',#10097);
#10097 = CARTESIAN_POINT('',(-8.785,22.86,-15.));
#10098 = LINE('',#10099,#10100);
#10099 = CARTESIAN_POINT('',(-8.785,22.86,-16.));
#10100 = VECTOR('',#10101,1.);
#10101 = DIRECTION('',(0.,0.,1.));
#10102 = ORIENTED_EDGE('',*,*,#10103,.T.);
#10103 = EDGE_CURVE('',#10096,#10104,#10106,.T.);
#10104 = VERTEX_POINT('',#10105);
#10105 = CARTESIAN_POINT('',(-11.535,22.86,-15.));
#10106 = CIRCLE('',#10107,1.375);
#10107 = AXIS2_PLACEMENT_3D('',#10108,#10109,#10110);
#10108 = CARTESIAN_POINT('',(-10.16,22.86,-15.));
#10109 = DIRECTION('',(0.,0.,1.));
#10110 = DIRECTION('',(1.,0.,-0.));
#10111 = ORIENTED_EDGE('',*,*,#10112,.T.);
#10112 = EDGE_CURVE('',#10104,#3655,#10113,.T.);
#10113 = LINE('',#10114,#10115);
#10114 = CARTESIAN_POINT('',(-11.535,22.86,-16.));
#10115 = VECTOR('',#10116,1.);
#10116 = DIRECTION('',(0.,0.,1.));
#10117 = CYLINDRICAL_SURFACE('',#10118,1.375);
#10118 = AXIS2_PLACEMENT_3D('',#10119,#10120,#10121);
#10119 = CARTESIAN_POINT('',(-10.16,22.86,-16.));
#10120 = DIRECTION('',(0.,0.,1.));
#10121 = DIRECTION('',(1.,0.,-0.));
#10122 = ADVANCED_FACE('',(#10123),#10141,.F.);
#10123 = FACE_BOUND('',#10124,.F.);
#10124 = EDGE_LOOP('',(#10125,#10133,#10139,#10140));
#10125 = ORIENTED_EDGE('',*,*,#10126,.F.);
#10126 = EDGE_CURVE('',#10127,#3664,#10129,.T.);
#10127 = VERTEX_POINT('',#10128);
#10128 = CARTESIAN_POINT('',(-8.785,17.78,-15.));
#10129 = LINE('',#10130,#10131);
#10130 = CARTESIAN_POINT('',(-8.785,17.78,-16.));
#10131 = VECTOR('',#10132,1.);
#10132 = DIRECTION('',(0.,0.,1.));
#10133 = ORIENTED_EDGE('',*,*,#10134,.T.);
#10134 = EDGE_CURVE('',#10127,#10096,#10135,.T.);
#10135 = LINE('',#10136,#10137);
#10136 = CARTESIAN_POINT('',(-8.785,-7.85,-15.));
#10137 = VECTOR('',#10138,1.);
#10138 = DIRECTION('',(-0.,1.,0.));
#10139 = ORIENTED_EDGE('',*,*,#10095,.T.);
#10140 = ORIENTED_EDGE('',*,*,#3663,.F.);
#10141 = PLANE('',#10142);
#10142 = AXIS2_PLACEMENT_3D('',#10143,#10144,#10145);
#10143 = CARTESIAN_POINT('',(-8.785,17.78,-16.));
#10144 = DIRECTION('',(1.,0.,-0.));
#10145 = DIRECTION('',(0.,0.,1.));
#10146 = ADVANCED_FACE('',(#10147),#10165,.T.);
#10147 = FACE_BOUND('',#10148,.T.);
#10148 = EDGE_LOOP('',(#10149,#10157,#10163,#10164));
#10149 = ORIENTED_EDGE('',*,*,#10150,.F.);
#10150 = EDGE_CURVE('',#10151,#3672,#10153,.T.);
#10151 = VERTEX_POINT('',#10152);
#10152 = CARTESIAN_POINT('',(-11.535,17.78,-15.));
#10153 = LINE('',#10154,#10155);
#10154 = CARTESIAN_POINT('',(-11.535,17.78,-16.));
#10155 = VECTOR('',#10156,1.);
#10156 = DIRECTION('',(0.,0.,1.));
#10157 = ORIENTED_EDGE('',*,*,#10158,.T.);
#10158 = EDGE_CURVE('',#10151,#10104,#10159,.T.);
#10159 = LINE('',#10160,#10161);
#10160 = CARTESIAN_POINT('',(-11.535,-7.85,-15.));
#10161 = VECTOR('',#10162,1.);
#10162 = DIRECTION('',(-0.,1.,0.));
#10163 = ORIENTED_EDGE('',*,*,#10112,.T.);
#10164 = ORIENTED_EDGE('',*,*,#3680,.F.);
#10165 = PLANE('',#10166);
#10166 = AXIS2_PLACEMENT_3D('',#10167,#10168,#10169);
#10167 = CARTESIAN_POINT('',(-11.535,17.78,-16.));
#10168 = DIRECTION('',(1.,0.,-0.));
#10169 = DIRECTION('',(0.,0.,1.));
#10170 = ADVANCED_FACE('',(#10171),#10183,.F.);
#10171 = FACE_BOUND('',#10172,.F.);
#10172 = EDGE_LOOP('',(#10173,#10174,#10175,#10176));
#10173 = ORIENTED_EDGE('',*,*,#10126,.T.);
#10174 = ORIENTED_EDGE('',*,*,#3671,.F.);
#10175 = ORIENTED_EDGE('',*,*,#10150,.F.);
#10176 = ORIENTED_EDGE('',*,*,#10177,.T.);
#10177 = EDGE_CURVE('',#10151,#10127,#10178,.T.);
#10178 = CIRCLE('',#10179,1.375);
#10179 = AXIS2_PLACEMENT_3D('',#10180,#10181,#10182);
#10180 = CARTESIAN_POINT('',(-10.16,17.78,-15.));
#10181 = DIRECTION('',(0.,0.,1.));
#10182 = DIRECTION('',(1.,0.,-0.));
#10183 = CYLINDRICAL_SURFACE('',#10184,1.375);
#10184 = AXIS2_PLACEMENT_3D('',#10185,#10186,#10187);
#10185 = CARTESIAN_POINT('',(-10.16,17.78,-16.));
#10186 = DIRECTION('',(0.,0.,1.));
#10187 = DIRECTION('',(1.,0.,-0.));
#10188 = ADVANCED_FACE('',(#10189),#10215,.F.);
#10189 = FACE_BOUND('',#10190,.F.);
#10190 = EDGE_LOOP('',(#10191,#10192,#10200,#10209));
#10191 = ORIENTED_EDGE('',*,*,#3688,.F.);
#10192 = ORIENTED_EDGE('',*,*,#10193,.F.);
#10193 = EDGE_CURVE('',#10194,#3689,#10196,.T.);
#10194 = VERTEX_POINT('',#10195);
#10195 = CARTESIAN_POINT('',(21.695,22.86,-15.));
#10196 = LINE('',#10197,#10198);
#10197 = CARTESIAN_POINT('',(21.695,22.86,-16.));
#10198 = VECTOR('',#10199,1.);
#10199 = DIRECTION('',(0.,0.,1.));
#10200 = ORIENTED_EDGE('',*,*,#10201,.T.);
#10201 = EDGE_CURVE('',#10194,#10202,#10204,.T.);
#10202 = VERTEX_POINT('',#10203);
#10203 = CARTESIAN_POINT('',(18.945,22.86,-15.));
#10204 = CIRCLE('',#10205,1.375);
#10205 = AXIS2_PLACEMENT_3D('',#10206,#10207,#10208);
#10206 = CARTESIAN_POINT('',(20.32,22.86,-15.));
#10207 = DIRECTION('',(0.,0.,1.));
#10208 = DIRECTION('',(1.,0.,-0.));
#10209 = ORIENTED_EDGE('',*,*,#10210,.T.);
#10210 = EDGE_CURVE('',#10202,#3691,#10211,.T.);
#10211 = LINE('',#10212,#10213);
#10212 = CARTESIAN_POINT('',(18.945,22.86,-16.));
#10213 = VECTOR('',#10214,1.);
#10214 = DIRECTION('',(0.,0.,1.));
#10215 = CYLINDRICAL_SURFACE('',#10216,1.375);
#10216 = AXIS2_PLACEMENT_3D('',#10217,#10218,#10219);
#10217 = CARTESIAN_POINT('',(20.32,22.86,-16.));
#10218 = DIRECTION('',(0.,0.,1.));
#10219 = DIRECTION('',(1.,0.,-0.));
#10220 = ADVANCED_FACE('',(#10221),#10239,.F.);
#10221 = FACE_BOUND('',#10222,.F.);
#10222 = EDGE_LOOP('',(#10223,#10231,#10237,#10238));
#10223 = ORIENTED_EDGE('',*,*,#10224,.F.);
#10224 = EDGE_CURVE('',#10225,#3700,#10227,.T.);
#10225 = VERTEX_POINT('',#10226);
#10226 = CARTESIAN_POINT('',(21.695,17.78,-15.));
#10227 = LINE('',#10228,#10229);
#10228 = CARTESIAN_POINT('',(21.695,17.78,-16.));
#10229 = VECTOR('',#10230,1.);
#10230 = DIRECTION('',(0.,0.,1.));
#10231 = ORIENTED_EDGE('',*,*,#10232,.T.);
#10232 = EDGE_CURVE('',#10225,#10194,#10233,.T.);
#10233 = LINE('',#10234,#10235);
#10234 = CARTESIAN_POINT('',(21.695,-7.85,-15.));
#10235 = VECTOR('',#10236,1.);
#10236 = DIRECTION('',(-0.,1.,0.));
#10237 = ORIENTED_EDGE('',*,*,#10193,.T.);
#10238 = ORIENTED_EDGE('',*,*,#3699,.F.);
#10239 = PLANE('',#10240);
#10240 = AXIS2_PLACEMENT_3D('',#10241,#10242,#10243);
#10241 = CARTESIAN_POINT('',(21.695,17.78,-16.));
#10242 = DIRECTION('',(1.,0.,-0.));
#10243 = DIRECTION('',(0.,0.,1.));
#10244 = ADVANCED_FACE('',(#10245),#10263,.T.);
#10245 = FACE_BOUND('',#10246,.T.);
#10246 = EDGE_LOOP('',(#10247,#10255,#10261,#10262));
#10247 = ORIENTED_EDGE('',*,*,#10248,.F.);
#10248 = EDGE_CURVE('',#10249,#3708,#10251,.T.);
#10249 = VERTEX_POINT('',#10250);
#10250 = CARTESIAN_POINT('',(18.945,17.78,-15.));
#10251 = LINE('',#10252,#10253);
#10252 = CARTESIAN_POINT('',(18.945,17.78,-16.));
#10253 = VECTOR('',#10254,1.);
#10254 = DIRECTION('',(0.,0.,1.));
#10255 = ORIENTED_EDGE('',*,*,#10256,.T.);
#10256 = EDGE_CURVE('',#10249,#10202,#10257,.T.);
#10257 = LINE('',#10258,#10259);
#10258 = CARTESIAN_POINT('',(18.945,-7.85,-15.));
#10259 = VECTOR('',#10260,1.);
#10260 = DIRECTION('',(-0.,1.,0.));
#10261 = ORIENTED_EDGE('',*,*,#10210,.T.);
#10262 = ORIENTED_EDGE('',*,*,#3716,.F.);
#10263 = PLANE('',#10264);
#10264 = AXIS2_PLACEMENT_3D('',#10265,#10266,#10267);
#10265 = CARTESIAN_POINT('',(18.945,17.78,-16.));
#10266 = DIRECTION('',(1.,0.,-0.));
#10267 = DIRECTION('',(0.,0.,1.));
#10268 = ADVANCED_FACE('',(#10269),#10281,.F.);
#10269 = FACE_BOUND('',#10270,.F.);
#10270 = EDGE_LOOP('',(#10271,#10272,#10273,#10274));
#10271 = ORIENTED_EDGE('',*,*,#10224,.T.);
#10272 = ORIENTED_EDGE('',*,*,#3707,.F.);
#10273 = ORIENTED_EDGE('',*,*,#10248,.F.);
#10274 = ORIENTED_EDGE('',*,*,#10275,.T.);
#10275 = EDGE_CURVE('',#10249,#10225,#10276,.T.);
#10276 = CIRCLE('',#10277,1.375);
#10277 = AXIS2_PLACEMENT_3D('',#10278,#10279,#10280);
#10278 = CARTESIAN_POINT('',(20.32,17.78,-15.));
#10279 = DIRECTION('',(0.,0.,1.));
#10280 = DIRECTION('',(1.,0.,-0.));
#10281 = CYLINDRICAL_SURFACE('',#10282,1.375);
#10282 = AXIS2_PLACEMENT_3D('',#10283,#10284,#10285);
#10283 = CARTESIAN_POINT('',(20.32,17.78,-16.));
#10284 = DIRECTION('',(0.,0.,1.));
#10285 = DIRECTION('',(1.,0.,-0.));
#10286 = ADVANCED_FACE('',(#10287),#10313,.F.);
#10287 = FACE_BOUND('',#10288,.F.);
#10288 = EDGE_LOOP('',(#10289,#10290,#10298,#10307));
#10289 = ORIENTED_EDGE('',*,*,#3724,.F.);
#10290 = ORIENTED_EDGE('',*,*,#10291,.F.);
#10291 = EDGE_CURVE('',#10292,#3725,#10294,.T.);
#10292 = VERTEX_POINT('',#10293);
#10293 = CARTESIAN_POINT('',(25.4,19.155,-15.));
#10294 = LINE('',#10295,#10296);
#10295 = CARTESIAN_POINT('',(25.4,19.155,-16.));
#10296 = VECTOR('',#10297,1.);
#10297 = DIRECTION('',(0.,0.,1.));
#10298 = ORIENTED_EDGE('',*,*,#10299,.T.);
#10299 = EDGE_CURVE('',#10292,#10300,#10302,.T.);
#10300 = VERTEX_POINT('',#10301);
#10301 = CARTESIAN_POINT('',(25.4,16.405,-15.));
#10302 = CIRCLE('',#10303,1.375);
#10303 = AXIS2_PLACEMENT_3D('',#10304,#10305,#10306);
#10304 = CARTESIAN_POINT('',(25.4,17.78,-15.));
#10305 = DIRECTION('',(0.,0.,1.));
#10306 = DIRECTION('',(1.,0.,-0.));
#10307 = ORIENTED_EDGE('',*,*,#10308,.T.);
#10308 = EDGE_CURVE('',#10300,#3727,#10309,.T.);
#10309 = LINE('',#10310,#10311);
#10310 = CARTESIAN_POINT('',(25.4,16.405,-16.));
#10311 = VECTOR('',#10312,1.);
#10312 = DIRECTION('',(0.,0.,1.));
#10313 = CYLINDRICAL_SURFACE('',#10314,1.375);
#10314 = AXIS2_PLACEMENT_3D('',#10315,#10316,#10317);
#10315 = CARTESIAN_POINT('',(25.4,17.78,-16.));
#10316 = DIRECTION('',(0.,0.,1.));
#10317 = DIRECTION('',(1.,0.,-0.));
#10318 = ADVANCED_FACE('',(#10319),#10337,.F.);
#10319 = FACE_BOUND('',#10320,.F.);
#10320 = EDGE_LOOP('',(#10321,#10329,#10330,#10331));
#10321 = ORIENTED_EDGE('',*,*,#10322,.T.);
#10322 = EDGE_CURVE('',#10323,#10292,#10325,.T.);
#10323 = VERTEX_POINT('',#10324);
#10324 = CARTESIAN_POINT('',(30.48,19.155,-15.));
#10325 = LINE('',#10326,#10327);
#10326 = CARTESIAN_POINT('',(-7.85,19.155,-15.));
#10327 = VECTOR('',#10328,1.);
#10328 = DIRECTION('',(-1.,-0.,0.));
#10329 = ORIENTED_EDGE('',*,*,#10291,.T.);
#10330 = ORIENTED_EDGE('',*,*,#3735,.F.);
#10331 = ORIENTED_EDGE('',*,*,#10332,.F.);
#10332 = EDGE_CURVE('',#10323,#3736,#10333,.T.);
#10333 = LINE('',#10334,#10335);
#10334 = CARTESIAN_POINT('',(30.48,19.155,-16.));
#10335 = VECTOR('',#10336,1.);
#10336 = DIRECTION('',(0.,0.,1.));
#10337 = PLANE('',#10338);
#10338 = AXIS2_PLACEMENT_3D('',#10339,#10340,#10341);
#10339 = CARTESIAN_POINT('',(25.4,19.155,-16.));
#10340 = DIRECTION('',(-0.,1.,0.));
#10341 = DIRECTION('',(0.,0.,1.));
#10342 = ADVANCED_FACE('',(#10343),#10361,.T.);
#10343 = FACE_BOUND('',#10344,.T.);
#10344 = EDGE_LOOP('',(#10345,#10353,#10354,#10355));
#10345 = ORIENTED_EDGE('',*,*,#10346,.T.);
#10346 = EDGE_CURVE('',#10347,#10300,#10349,.T.);
#10347 = VERTEX_POINT('',#10348);
#10348 = CARTESIAN_POINT('',(30.48,16.405,-15.));
#10349 = LINE('',#10350,#10351);
#10350 = CARTESIAN_POINT('',(-7.85,16.405,-15.));
#10351 = VECTOR('',#10352,1.);
#10352 = DIRECTION('',(-1.,-0.,0.));
#10353 = ORIENTED_EDGE('',*,*,#10308,.T.);
#10354 = ORIENTED_EDGE('',*,*,#3761,.F.);
#10355 = ORIENTED_EDGE('',*,*,#10356,.F.);
#10356 = EDGE_CURVE('',#10347,#3753,#10357,.T.);
#10357 = LINE('',#10358,#10359);
#10358 = CARTESIAN_POINT('',(30.48,16.405,-16.));
#10359 = VECTOR('',#10360,1.);
#10360 = DIRECTION('',(0.,0.,1.));
#10361 = PLANE('',#10362);
#10362 = AXIS2_PLACEMENT_3D('',#10363,#10364,#10365);
#10363 = CARTESIAN_POINT('',(25.4,16.405,-16.));
#10364 = DIRECTION('',(-0.,1.,0.));
#10365 = DIRECTION('',(0.,0.,1.));
#10366 = ADVANCED_FACE('',(#10367),#10393,.F.);
#10367 = FACE_BOUND('',#10368,.F.);
#10368 = EDGE_LOOP('',(#10369,#10370,#10378,#10387));
#10369 = ORIENTED_EDGE('',*,*,#3769,.F.);
#10370 = ORIENTED_EDGE('',*,*,#10371,.F.);
#10371 = EDGE_CURVE('',#10372,#3770,#10374,.T.);
#10372 = VERTEX_POINT('',#10373);
#10373 = CARTESIAN_POINT('',(36.935,22.86,-15.));
#10374 = LINE('',#10375,#10376);
#10375 = CARTESIAN_POINT('',(36.935,22.86,-16.));
#10376 = VECTOR('',#10377,1.);
#10377 = DIRECTION('',(0.,0.,1.));
#10378 = ORIENTED_EDGE('',*,*,#10379,.T.);
#10379 = EDGE_CURVE('',#10372,#10380,#10382,.T.);
#10380 = VERTEX_POINT('',#10381);
#10381 = CARTESIAN_POINT('',(34.185,22.86,-15.));
#10382 = CIRCLE('',#10383,1.375);
#10383 = AXIS2_PLACEMENT_3D('',#10384,#10385,#10386);
#10384 = CARTESIAN_POINT('',(35.56,22.86,-15.));
#10385 = DIRECTION('',(0.,0.,1.));
#10386 = DIRECTION('',(1.,0.,-0.));
#10387 = ORIENTED_EDGE('',*,*,#10388,.T.);
#10388 = EDGE_CURVE('',#10380,#3772,#10389,.T.);
#10389 = LINE('',#10390,#10391);
#10390 = CARTESIAN_POINT('',(34.185,22.86,-16.));
#10391 = VECTOR('',#10392,1.);
#10392 = DIRECTION('',(0.,0.,1.));
#10393 = CYLINDRICAL_SURFACE('',#10394,1.375);
#10394 = AXIS2_PLACEMENT_3D('',#10395,#10396,#10397);
#10395 = CARTESIAN_POINT('',(35.56,22.86,-16.));
#10396 = DIRECTION('',(0.,0.,1.));
#10397 = DIRECTION('',(1.,0.,-0.));
#10398 = ADVANCED_FACE('',(#10399),#10417,.F.);
#10399 = FACE_BOUND('',#10400,.F.);
#10400 = EDGE_LOOP('',(#10401,#10409,#10415,#10416));
#10401 = ORIENTED_EDGE('',*,*,#10402,.F.);
#10402 = EDGE_CURVE('',#10403,#3781,#10405,.T.);
#10403 = VERTEX_POINT('',#10404);
#10404 = CARTESIAN_POINT('',(36.935,17.78,-15.));
#10405 = LINE('',#10406,#10407);
#10406 = CARTESIAN_POINT('',(36.935,17.78,-16.));
#10407 = VECTOR('',#10408,1.);
#10408 = DIRECTION('',(0.,0.,1.));
#10409 = ORIENTED_EDGE('',*,*,#10410,.T.);
#10410 = EDGE_CURVE('',#10403,#10372,#10411,.T.);
#10411 = LINE('',#10412,#10413);
#10412 = CARTESIAN_POINT('',(36.935,-7.85,-15.));
#10413 = VECTOR('',#10414,1.);
#10414 = DIRECTION('',(-0.,1.,0.));
#10415 = ORIENTED_EDGE('',*,*,#10371,.T.);
#10416 = ORIENTED_EDGE('',*,*,#3780,.F.);
#10417 = PLANE('',#10418);
#10418 = AXIS2_PLACEMENT_3D('',#10419,#10420,#10421);
#10419 = CARTESIAN_POINT('',(36.935,17.78,-16.));
#10420 = DIRECTION('',(1.,0.,-0.));
#10421 = DIRECTION('',(0.,0.,1.));
#10422 = ADVANCED_FACE('',(#10423),#10441,.T.);
#10423 = FACE_BOUND('',#10424,.T.);
#10424 = EDGE_LOOP('',(#10425,#10433,#10439,#10440));
#10425 = ORIENTED_EDGE('',*,*,#10426,.F.);
#10426 = EDGE_CURVE('',#10427,#3789,#10429,.T.);
#10427 = VERTEX_POINT('',#10428);
#10428 = CARTESIAN_POINT('',(34.185,17.78,-15.));
#10429 = LINE('',#10430,#10431);
#10430 = CARTESIAN_POINT('',(34.185,17.78,-16.));
#10431 = VECTOR('',#10432,1.);
#10432 = DIRECTION('',(0.,0.,1.));
#10433 = ORIENTED_EDGE('',*,*,#10434,.T.);
#10434 = EDGE_CURVE('',#10427,#10380,#10435,.T.);
#10435 = LINE('',#10436,#10437);
#10436 = CARTESIAN_POINT('',(34.185,-7.85,-15.));
#10437 = VECTOR('',#10438,1.);
#10438 = DIRECTION('',(-0.,1.,0.));
#10439 = ORIENTED_EDGE('',*,*,#10388,.T.);
#10440 = ORIENTED_EDGE('',*,*,#3797,.F.);
#10441 = PLANE('',#10442);
#10442 = AXIS2_PLACEMENT_3D('',#10443,#10444,#10445);
#10443 = CARTESIAN_POINT('',(34.185,17.78,-16.));
#10444 = DIRECTION('',(1.,0.,-0.));
#10445 = DIRECTION('',(0.,0.,1.));
#10446 = ADVANCED_FACE('',(#10447),#10459,.F.);
#10447 = FACE_BOUND('',#10448,.F.);
#10448 = EDGE_LOOP('',(#10449,#10450,#10451,#10452));
#10449 = ORIENTED_EDGE('',*,*,#10402,.T.);
#10450 = ORIENTED_EDGE('',*,*,#3788,.F.);
#10451 = ORIENTED_EDGE('',*,*,#10426,.F.);
#10452 = ORIENTED_EDGE('',*,*,#10453,.T.);
#10453 = EDGE_CURVE('',#10427,#10403,#10454,.T.);
#10454 = CIRCLE('',#10455,1.375);
#10455 = AXIS2_PLACEMENT_3D('',#10456,#10457,#10458);
#10456 = CARTESIAN_POINT('',(35.56,17.78,-15.));
#10457 = DIRECTION('',(0.,0.,1.));
#10458 = DIRECTION('',(1.,0.,-0.));
#10459 = CYLINDRICAL_SURFACE('',#10460,1.375);
#10460 = AXIS2_PLACEMENT_3D('',#10461,#10462,#10463);
#10461 = CARTESIAN_POINT('',(35.56,17.78,-16.));
#10462 = DIRECTION('',(0.,0.,1.));
#10463 = DIRECTION('',(1.,0.,-0.));
#10464 = ADVANCED_FACE('',(#10465),#10490,.T.);
#10465 = FACE_BOUND('',#10466,.T.);
#10466 = EDGE_LOOP('',(#10467,#10475,#10483,#10489));
#10467 = ORIENTED_EDGE('',*,*,#10468,.F.);
#10468 = EDGE_CURVE('',#10469,#3806,#10471,.T.);
#10469 = VERTEX_POINT('',#10470);
#10470 = CARTESIAN_POINT('',(18.945,4.6,-15.));
#10471 = LINE('',#10472,#10473);
#10472 = CARTESIAN_POINT('',(18.945,4.6,-15.5));
#10473 = VECTOR('',#10474,1.);
#10474 = DIRECTION('',(0.,0.,1.));
#10475 = ORIENTED_EDGE('',*,*,#10476,.T.);
#10476 = EDGE_CURVE('',#10469,#10477,#10479,.T.);
#10477 = VERTEX_POINT('',#10478);
#10478 = CARTESIAN_POINT('',(18.945,7.62,-15.));
#10479 = LINE('',#10480,#10481);
#10480 = CARTESIAN_POINT('',(18.945,-15.47,-15.));
#10481 = VECTOR('',#10482,1.);
#10482 = DIRECTION('',(-0.,1.,0.));
#10483 = ORIENTED_EDGE('',*,*,#10484,.T.);
#10484 = EDGE_CURVE('',#10477,#3808,#10485,.T.);
#10485 = LINE('',#10486,#10487);
#10486 = CARTESIAN_POINT('',(18.945,7.62,-16.));
#10487 = VECTOR('',#10488,1.);
#10488 = DIRECTION('',(0.,0.,1.));
#10489 = ORIENTED_EDGE('',*,*,#3805,.F.);
#10490 = PLANE('',#10491);
#10491 = AXIS2_PLACEMENT_3D('',#10492,#10493,#10494);
#10492 = CARTESIAN_POINT('',(18.945,2.54,-16.));
#10493 = DIRECTION('',(1.,0.,-0.));
#10494 = DIRECTION('',(0.,0.,1.));
#10495 = ADVANCED_FACE('',(#10496),#10515,.F.);
#10496 = FACE_BOUND('',#10497,.F.);
#10497 = EDGE_LOOP('',(#10498,#10499,#10507,#10514));
#10498 = ORIENTED_EDGE('',*,*,#3815,.F.);
#10499 = ORIENTED_EDGE('',*,*,#10500,.F.);
#10500 = EDGE_CURVE('',#10501,#3816,#10503,.T.);
#10501 = VERTEX_POINT('',#10502);
#10502 = CARTESIAN_POINT('',(21.695,7.62,-15.));
#10503 = LINE('',#10504,#10505);
#10504 = CARTESIAN_POINT('',(21.695,7.62,-16.));
#10505 = VECTOR('',#10506,1.);
#10506 = DIRECTION('',(0.,0.,1.));
#10507 = ORIENTED_EDGE('',*,*,#10508,.T.);
#10508 = EDGE_CURVE('',#10501,#10477,#10509,.T.);
#10509 = CIRCLE('',#10510,1.375);
#10510 = AXIS2_PLACEMENT_3D('',#10511,#10512,#10513);
#10511 = CARTESIAN_POINT('',(20.32,7.62,-15.));
#10512 = DIRECTION('',(0.,0.,1.));
#10513 = DIRECTION('',(1.,0.,-0.));
#10514 = ORIENTED_EDGE('',*,*,#10484,.T.);
#10515 = CYLINDRICAL_SURFACE('',#10516,1.375);
#10516 = AXIS2_PLACEMENT_3D('',#10517,#10518,#10519);
#10517 = CARTESIAN_POINT('',(20.32,7.62,-16.));
#10518 = DIRECTION('',(0.,0.,1.));
#10519 = DIRECTION('',(1.,0.,-0.));
#10520 = ADVANCED_FACE('',(#10521),#10539,.F.);
#10521 = FACE_BOUND('',#10522,.F.);
#10522 = EDGE_LOOP('',(#10523,#10531,#10537,#10538));
#10523 = ORIENTED_EDGE('',*,*,#10524,.F.);
#10524 = EDGE_CURVE('',#10525,#3825,#10527,.T.);
#10525 = VERTEX_POINT('',#10526);
#10526 = CARTESIAN_POINT('',(21.695,2.54,-15.));
#10527 = LINE('',#10528,#10529);
#10528 = CARTESIAN_POINT('',(21.695,2.54,-16.));
#10529 = VECTOR('',#10530,1.);
#10530 = DIRECTION('',(0.,0.,1.));
#10531 = ORIENTED_EDGE('',*,*,#10532,.T.);
#10532 = EDGE_CURVE('',#10525,#10501,#10533,.T.);
#10533 = LINE('',#10534,#10535);
#10534 = CARTESIAN_POINT('',(21.695,-15.47,-15.));
#10535 = VECTOR('',#10536,1.);
#10536 = DIRECTION('',(-0.,1.,0.));
#10537 = ORIENTED_EDGE('',*,*,#10500,.T.);
#10538 = ORIENTED_EDGE('',*,*,#3824,.F.);
#10539 = PLANE('',#10540);
#10540 = AXIS2_PLACEMENT_3D('',#10541,#10542,#10543);
#10541 = CARTESIAN_POINT('',(21.695,2.54,-16.));
#10542 = DIRECTION('',(1.,0.,-0.));
#10543 = DIRECTION('',(0.,0.,1.));
#10544 = ADVANCED_FACE('',(#10545),#10564,.F.);
#10545 = FACE_BOUND('',#10546,.F.);
#10546 = EDGE_LOOP('',(#10547,#10556,#10557,#10558));
#10547 = ORIENTED_EDGE('',*,*,#10548,.T.);
#10548 = EDGE_CURVE('',#10549,#10525,#10551,.T.);
#10549 = VERTEX_POINT('',#10550);
#10550 = CARTESIAN_POINT('',(21.,1.344916320921,-15.));
#10551 = CIRCLE('',#10552,1.375);
#10552 = AXIS2_PLACEMENT_3D('',#10553,#10554,#10555);
#10553 = CARTESIAN_POINT('',(20.32,2.54,-15.));
#10554 = DIRECTION('',(0.,0.,1.));
#10555 = DIRECTION('',(1.,0.,-0.));
#10556 = ORIENTED_EDGE('',*,*,#10524,.T.);
#10557 = ORIENTED_EDGE('',*,*,#3832,.F.);
#10558 = ORIENTED_EDGE('',*,*,#10559,.F.);
#10559 = EDGE_CURVE('',#10549,#3833,#10560,.T.);
#10560 = LINE('',#10561,#10562);
#10561 = CARTESIAN_POINT('',(21.,1.344916320921,-16.));
#10562 = VECTOR('',#10563,1.);
#10563 = DIRECTION('',(0.,0.,1.));
#10564 = CYLINDRICAL_SURFACE('',#10565,1.375);
#10565 = AXIS2_PLACEMENT_3D('',#10566,#10567,#10568);
#10566 = CARTESIAN_POINT('',(20.32,2.54,-16.));
#10567 = DIRECTION('',(0.,0.,1.));
#10568 = DIRECTION('',(1.,0.,-0.));
#10569 = ADVANCED_FACE('',(#10570),#10588,.T.);
#10570 = FACE_BOUND('',#10571,.T.);
#10571 = EDGE_LOOP('',(#10572,#10580,#10581,#10582));
#10572 = ORIENTED_EDGE('',*,*,#10573,.F.);
#10573 = EDGE_CURVE('',#10469,#10574,#10576,.T.);
#10574 = VERTEX_POINT('',#10575);
#10575 = CARTESIAN_POINT('',(21.,4.6,-15.));
#10576 = LINE('',#10577,#10578);
#10577 = CARTESIAN_POINT('',(-21.,4.6,-15.));
#10578 = VECTOR('',#10579,1.);
#10579 = DIRECTION('',(1.,0.,-0.));
#10580 = ORIENTED_EDGE('',*,*,#10468,.T.);
#10581 = ORIENTED_EDGE('',*,*,#3849,.T.);
#10582 = ORIENTED_EDGE('',*,*,#10583,.F.);
#10583 = EDGE_CURVE('',#10574,#3842,#10584,.T.);
#10584 = LINE('',#10585,#10586);
#10585 = CARTESIAN_POINT('',(21.,4.6,-15.));
#10586 = VECTOR('',#10587,1.);
#10587 = DIRECTION('',(0.,0.,1.));
#10588 = PLANE('',#10589);
#10589 = AXIS2_PLACEMENT_3D('',#10590,#10591,#10592);
#10590 = CARTESIAN_POINT('',(-21.,4.6,-15.));
#10591 = DIRECTION('',(-0.,1.,0.));
#10592 = DIRECTION('',(0.,0.,1.));
#10593 = ADVANCED_FACE('',(#10594),#10605,.T.);
#10594 = FACE_BOUND('',#10595,.T.);
#10595 = EDGE_LOOP('',(#10596,#10597,#10603,#10604));
#10596 = ORIENTED_EDGE('',*,*,#10559,.F.);
#10597 = ORIENTED_EDGE('',*,*,#10598,.T.);
#10598 = EDGE_CURVE('',#10549,#10574,#10599,.T.);
#10599 = LINE('',#10600,#10601);
#10600 = CARTESIAN_POINT('',(21.,-4.6,-15.));
#10601 = VECTOR('',#10602,1.);
#10602 = DIRECTION('',(-0.,1.,0.));
#10603 = ORIENTED_EDGE('',*,*,#10583,.T.);
#10604 = ORIENTED_EDGE('',*,*,#3841,.F.);
#10605 = PLANE('',#10606);
#10606 = AXIS2_PLACEMENT_3D('',#10607,#10608,#10609);
#10607 = CARTESIAN_POINT('',(21.,-4.6,-15.));
#10608 = DIRECTION('',(1.,0.,-0.));
#10609 = DIRECTION('',(0.,0.,1.));
#10610 = ADVANCED_FACE('',(#10611),#10637,.F.);
#10611 = FACE_BOUND('',#10612,.F.);
#10612 = EDGE_LOOP('',(#10613,#10614,#10622,#10631));
#10613 = ORIENTED_EDGE('',*,*,#3857,.F.);
#10614 = ORIENTED_EDGE('',*,*,#10615,.F.);
#10615 = EDGE_CURVE('',#10616,#3858,#10618,.T.);
#10616 = VERTEX_POINT('',#10617);
#10617 = CARTESIAN_POINT('',(-21.,-1.344916320921,-15.));
#10618 = LINE('',#10619,#10620);
#10619 = CARTESIAN_POINT('',(-21.,-1.344916320921,-16.));
#10620 = VECTOR('',#10621,1.);
#10621 = DIRECTION('',(0.,0.,1.));
#10622 = ORIENTED_EDGE('',*,*,#10623,.T.);
#10623 = EDGE_CURVE('',#10616,#10624,#10626,.T.);
#10624 = VERTEX_POINT('',#10625);
#10625 = CARTESIAN_POINT('',(-21.695,-2.54,-15.));
#10626 = CIRCLE('',#10627,1.375);
#10627 = AXIS2_PLACEMENT_3D('',#10628,#10629,#10630);
#10628 = CARTESIAN_POINT('',(-20.32,-2.54,-15.));
#10629 = DIRECTION('',(0.,0.,1.));
#10630 = DIRECTION('',(1.,0.,-0.));
#10631 = ORIENTED_EDGE('',*,*,#10632,.T.);
#10632 = EDGE_CURVE('',#10624,#3860,#10633,.T.);
#10633 = LINE('',#10634,#10635);
#10634 = CARTESIAN_POINT('',(-21.695,-2.54,-16.));
#10635 = VECTOR('',#10636,1.);
#10636 = DIRECTION('',(0.,0.,1.));
#10637 = CYLINDRICAL_SURFACE('',#10638,1.375);
#10638 = AXIS2_PLACEMENT_3D('',#10639,#10640,#10641);
#10639 = CARTESIAN_POINT('',(-20.32,-2.54,-16.));
#10640 = DIRECTION('',(0.,0.,1.));
#10641 = DIRECTION('',(1.,0.,-0.));
#10642 = ADVANCED_FACE('',(#10643),#10661,.T.);
#10643 = FACE_BOUND('',#10644,.T.);
#10644 = EDGE_LOOP('',(#10645,#10653,#10659,#10660));
#10645 = ORIENTED_EDGE('',*,*,#10646,.F.);
#10646 = EDGE_CURVE('',#10647,#3893,#10649,.T.);
#10647 = VERTEX_POINT('',#10648);
#10648 = CARTESIAN_POINT('',(-21.695,-7.62,-15.));
#10649 = LINE('',#10650,#10651);
#10650 = CARTESIAN_POINT('',(-21.695,-7.62,-16.));
#10651 = VECTOR('',#10652,1.);
#10652 = DIRECTION('',(0.,0.,1.));
#10653 = ORIENTED_EDGE('',*,*,#10654,.T.);
#10654 = EDGE_CURVE('',#10647,#10624,#10655,.T.);
#10655 = LINE('',#10656,#10657);
#10656 = CARTESIAN_POINT('',(-21.695,-20.55,-15.));
#10657 = VECTOR('',#10658,1.);
#10658 = DIRECTION('',(-0.,1.,0.));
#10659 = ORIENTED_EDGE('',*,*,#10632,.T.);
#10660 = ORIENTED_EDGE('',*,*,#3901,.F.);
#10661 = PLANE('',#10662);
#10662 = AXIS2_PLACEMENT_3D('',#10663,#10664,#10665);
#10663 = CARTESIAN_POINT('',(-21.695,-7.62,-16.));
#10664 = DIRECTION('',(1.,0.,-0.));
#10665 = DIRECTION('',(0.,0.,1.));
#10666 = ADVANCED_FACE('',(#10667),#10686,.F.);
#10667 = FACE_BOUND('',#10668,.F.);
#10668 = EDGE_LOOP('',(#10669,#10677,#10678,#10679));
#10669 = ORIENTED_EDGE('',*,*,#10670,.T.);
#10670 = EDGE_CURVE('',#10671,#3885,#10673,.T.);
#10671 = VERTEX_POINT('',#10672);
#10672 = CARTESIAN_POINT('',(-18.945,-7.62,-15.));
#10673 = LINE('',#10674,#10675);
#10674 = CARTESIAN_POINT('',(-18.945,-7.62,-16.));
#10675 = VECTOR('',#10676,1.);
#10676 = DIRECTION('',(0.,0.,1.));
#10677 = ORIENTED_EDGE('',*,*,#3892,.F.);
#10678 = ORIENTED_EDGE('',*,*,#10646,.F.);
#10679 = ORIENTED_EDGE('',*,*,#10680,.T.);
#10680 = EDGE_CURVE('',#10647,#10671,#10681,.T.);
#10681 = CIRCLE('',#10682,1.375);
#10682 = AXIS2_PLACEMENT_3D('',#10683,#10684,#10685);
#10683 = CARTESIAN_POINT('',(-20.32,-7.62,-15.));
#10684 = DIRECTION('',(0.,0.,1.));
#10685 = DIRECTION('',(1.,0.,-0.));
#10686 = CYLINDRICAL_SURFACE('',#10687,1.375);
#10687 = AXIS2_PLACEMENT_3D('',#10688,#10689,#10690);
#10688 = CARTESIAN_POINT('',(-20.32,-7.62,-16.));
#10689 = DIRECTION('',(0.,0.,1.));
#10690 = DIRECTION('',(1.,0.,-0.));
#10691 = ADVANCED_FACE('',(#10692),#10710,.F.);
#10692 = FACE_BOUND('',#10693,.F.);
#10693 = EDGE_LOOP('',(#10694,#10695,#10703,#10709));
#10694 = ORIENTED_EDGE('',*,*,#10670,.F.);
#10695 = ORIENTED_EDGE('',*,*,#10696,.T.);
#10696 = EDGE_CURVE('',#10671,#10697,#10699,.T.);
#10697 = VERTEX_POINT('',#10698);
#10698 = CARTESIAN_POINT('',(-18.945,-4.6,-15.));
#10699 = LINE('',#10700,#10701);
#10700 = CARTESIAN_POINT('',(-18.945,-20.55,-15.));
#10701 = VECTOR('',#10702,1.);
#10702 = DIRECTION('',(-0.,1.,0.));
#10703 = ORIENTED_EDGE('',*,*,#10704,.T.);
#10704 = EDGE_CURVE('',#10697,#3877,#10705,.T.);
#10705 = LINE('',#10706,#10707);
#10706 = CARTESIAN_POINT('',(-18.945,-4.6,-15.5));
#10707 = VECTOR('',#10708,1.);
#10708 = DIRECTION('',(0.,0.,1.));
#10709 = ORIENTED_EDGE('',*,*,#3884,.F.);
#10710 = PLANE('',#10711);
#10711 = AXIS2_PLACEMENT_3D('',#10712,#10713,#10714);
#10712 = CARTESIAN_POINT('',(-18.945,-7.62,-16.));
#10713 = DIRECTION('',(1.,0.,-0.));
#10714 = DIRECTION('',(0.,0.,1.));
#10715 = ADVANCED_FACE('',(#10716),#10734,.F.);
#10716 = FACE_BOUND('',#10717,.F.);
#10717 = EDGE_LOOP('',(#10718,#10719,#10727,#10733));
#10718 = ORIENTED_EDGE('',*,*,#3868,.F.);
#10719 = ORIENTED_EDGE('',*,*,#10720,.F.);
#10720 = EDGE_CURVE('',#10721,#3869,#10723,.T.);
#10721 = VERTEX_POINT('',#10722);
#10722 = CARTESIAN_POINT('',(-21.,-4.6,-15.));
#10723 = LINE('',#10724,#10725);
#10724 = CARTESIAN_POINT('',(-21.,-4.6,-15.));
#10725 = VECTOR('',#10726,1.);
#10726 = DIRECTION('',(0.,0.,1.));
#10727 = ORIENTED_EDGE('',*,*,#10728,.T.);
#10728 = EDGE_CURVE('',#10721,#10616,#10729,.T.);
#10729 = LINE('',#10730,#10731);
#10730 = CARTESIAN_POINT('',(-21.,-4.6,-15.));
#10731 = VECTOR('',#10732,1.);
#10732 = DIRECTION('',(-0.,1.,0.));
#10733 = ORIENTED_EDGE('',*,*,#10615,.T.);
#10734 = PLANE('',#10735);
#10735 = AXIS2_PLACEMENT_3D('',#10736,#10737,#10738);
#10736 = CARTESIAN_POINT('',(-21.,-4.6,-15.));
#10737 = DIRECTION('',(1.,0.,-0.));
#10738 = DIRECTION('',(0.,0.,1.));
#10739 = ADVANCED_FACE('',(#10740),#10751,.F.);
#10740 = FACE_BOUND('',#10741,.F.);
#10741 = EDGE_LOOP('',(#10742,#10748,#10749,#10750));
#10742 = ORIENTED_EDGE('',*,*,#10743,.F.);
#10743 = EDGE_CURVE('',#10721,#10697,#10744,.T.);
#10744 = LINE('',#10745,#10746);
#10745 = CARTESIAN_POINT('',(-21.,-4.6,-15.));
#10746 = VECTOR('',#10747,1.);
#10747 = DIRECTION('',(1.,0.,-0.));
#10748 = ORIENTED_EDGE('',*,*,#10720,.T.);
#10749 = ORIENTED_EDGE('',*,*,#3876,.T.);
#10750 = ORIENTED_EDGE('',*,*,#10704,.F.);
#10751 = PLANE('',#10752);
#10752 = AXIS2_PLACEMENT_3D('',#10753,#10754,#10755);
#10753 = CARTESIAN_POINT('',(-21.,-4.6,-15.));
#10754 = DIRECTION('',(-0.,1.,0.));
#10755 = DIRECTION('',(0.,0.,1.));
#10756 = ADVANCED_FACE('',(#10757),#10782,.T.);
#10757 = FACE_BOUND('',#10758,.T.);
#10758 = EDGE_LOOP('',(#10759,#10767,#10775,#10781));
#10759 = ORIENTED_EDGE('',*,*,#10760,.F.);
#10760 = EDGE_CURVE('',#10761,#3910,#10763,.T.);
#10761 = VERTEX_POINT('',#10762);
#10762 = CARTESIAN_POINT('',(-6.455,-7.62,-15.));
#10763 = LINE('',#10764,#10765);
#10764 = CARTESIAN_POINT('',(-6.455,-7.62,-16.));
#10765 = VECTOR('',#10766,1.);
#10766 = DIRECTION('',(0.,0.,1.));
#10767 = ORIENTED_EDGE('',*,*,#10768,.T.);
#10768 = EDGE_CURVE('',#10761,#10769,#10771,.T.);
#10769 = VERTEX_POINT('',#10770);
#10770 = CARTESIAN_POINT('',(-6.455,-4.6,-15.));
#10771 = LINE('',#10772,#10773);
#10772 = CARTESIAN_POINT('',(-6.455,-20.55,-15.));
#10773 = VECTOR('',#10774,1.);
#10774 = DIRECTION('',(-0.,1.,0.));
#10775 = ORIENTED_EDGE('',*,*,#10776,.T.);
#10776 = EDGE_CURVE('',#10769,#3912,#10777,.T.);
#10777 = LINE('',#10778,#10779);
#10778 = CARTESIAN_POINT('',(-6.455,-4.6,-15.5));
#10779 = VECTOR('',#10780,1.);
#10780 = DIRECTION('',(0.,0.,1.));
#10781 = ORIENTED_EDGE('',*,*,#3909,.F.);
#10782 = PLANE('',#10783);
#10783 = AXIS2_PLACEMENT_3D('',#10784,#10785,#10786);
#10784 = CARTESIAN_POINT('',(-6.455,-7.62,-16.));
#10785 = DIRECTION('',(1.,0.,-0.));
#10786 = DIRECTION('',(0.,0.,1.));
#10787 = ADVANCED_FACE('',(#10788),#10807,.F.);
#10788 = FACE_BOUND('',#10789,.F.);
#10789 = EDGE_LOOP('',(#10790,#10798,#10799,#10800));
#10790 = ORIENTED_EDGE('',*,*,#10791,.T.);
#10791 = EDGE_CURVE('',#10792,#3928,#10794,.T.);
#10792 = VERTEX_POINT('',#10793);
#10793 = CARTESIAN_POINT('',(-3.705,-7.62,-15.));
#10794 = LINE('',#10795,#10796);
#10795 = CARTESIAN_POINT('',(-3.705,-7.62,-16.));
#10796 = VECTOR('',#10797,1.);
#10797 = DIRECTION('',(0.,0.,1.));
#10798 = ORIENTED_EDGE('',*,*,#3935,.F.);
#10799 = ORIENTED_EDGE('',*,*,#10760,.F.);
#10800 = ORIENTED_EDGE('',*,*,#10801,.T.);
#10801 = EDGE_CURVE('',#10761,#10792,#10802,.T.);
#10802 = CIRCLE('',#10803,1.375);
#10803 = AXIS2_PLACEMENT_3D('',#10804,#10805,#10806);
#10804 = CARTESIAN_POINT('',(-5.08,-7.62,-15.));
#10805 = DIRECTION('',(0.,0.,1.));
#10806 = DIRECTION('',(1.,0.,-0.));
#10807 = CYLINDRICAL_SURFACE('',#10808,1.375);
#10808 = AXIS2_PLACEMENT_3D('',#10809,#10810,#10811);
#10809 = CARTESIAN_POINT('',(-5.08,-7.62,-16.));
#10810 = DIRECTION('',(0.,0.,1.));
#10811 = DIRECTION('',(1.,0.,-0.));
#10812 = ADVANCED_FACE('',(#10813),#10831,.F.);
#10813 = FACE_BOUND('',#10814,.F.);
#10814 = EDGE_LOOP('',(#10815,#10816,#10824,#10830));
#10815 = ORIENTED_EDGE('',*,*,#10791,.F.);
#10816 = ORIENTED_EDGE('',*,*,#10817,.T.);
#10817 = EDGE_CURVE('',#10792,#10818,#10820,.T.);
#10818 = VERTEX_POINT('',#10819);
#10819 = CARTESIAN_POINT('',(-3.705,-4.6,-15.));
#10820 = LINE('',#10821,#10822);
#10821 = CARTESIAN_POINT('',(-3.705,-20.55,-15.));
#10822 = VECTOR('',#10823,1.);
#10823 = DIRECTION('',(-0.,1.,0.));
#10824 = ORIENTED_EDGE('',*,*,#10825,.T.);
#10825 = EDGE_CURVE('',#10818,#3920,#10826,.T.);
#10826 = LINE('',#10827,#10828);
#10827 = CARTESIAN_POINT('',(-3.705,-4.6,-15.5));
#10828 = VECTOR('',#10829,1.);
#10829 = DIRECTION('',(0.,0.,1.));
#10830 = ORIENTED_EDGE('',*,*,#3927,.F.);
#10831 = PLANE('',#10832);
#10832 = AXIS2_PLACEMENT_3D('',#10833,#10834,#10835);
#10833 = CARTESIAN_POINT('',(-3.705,-7.62,-16.));
#10834 = DIRECTION('',(1.,0.,-0.));
#10835 = DIRECTION('',(0.,0.,1.));
#10836 = ADVANCED_FACE('',(#10837),#10848,.F.);
#10837 = FACE_BOUND('',#10838,.F.);
#10838 = EDGE_LOOP('',(#10839,#10845,#10846,#10847));
#10839 = ORIENTED_EDGE('',*,*,#10840,.F.);
#10840 = EDGE_CURVE('',#10769,#10818,#10841,.T.);
#10841 = LINE('',#10842,#10843);
#10842 = CARTESIAN_POINT('',(-21.,-4.6,-15.));
#10843 = VECTOR('',#10844,1.);
#10844 = DIRECTION('',(1.,0.,-0.));
#10845 = ORIENTED_EDGE('',*,*,#10776,.T.);
#10846 = ORIENTED_EDGE('',*,*,#3919,.T.);
#10847 = ORIENTED_EDGE('',*,*,#10825,.F.);
#10848 = PLANE('',#10849);
#10849 = AXIS2_PLACEMENT_3D('',#10850,#10851,#10852);
#10850 = CARTESIAN_POINT('',(-21.,-4.6,-15.));
#10851 = DIRECTION('',(-0.,1.,0.));
#10852 = DIRECTION('',(0.,0.,1.));
#10853 = ADVANCED_FACE('',(#10854),#10879,.T.);
#10854 = FACE_BOUND('',#10855,.T.);
#10855 = EDGE_LOOP('',(#10856,#10864,#10872,#10878));
#10856 = ORIENTED_EDGE('',*,*,#10857,.F.);
#10857 = EDGE_CURVE('',#10858,#3945,#10860,.T.);
#10858 = VERTEX_POINT('',#10859);
#10859 = CARTESIAN_POINT('',(8.785,-7.62,-15.));
#10860 = LINE('',#10861,#10862);
#10861 = CARTESIAN_POINT('',(8.785,-7.62,-16.));
#10862 = VECTOR('',#10863,1.);
#10863 = DIRECTION('',(0.,0.,1.));
#10864 = ORIENTED_EDGE('',*,*,#10865,.T.);
#10865 = EDGE_CURVE('',#10858,#10866,#10868,.T.);
#10866 = VERTEX_POINT('',#10867);
#10867 = CARTESIAN_POINT('',(8.785,-4.6,-15.));
#10868 = LINE('',#10869,#10870);
#10869 = CARTESIAN_POINT('',(8.785,-20.55,-15.));
#10870 = VECTOR('',#10871,1.);
#10871 = DIRECTION('',(-0.,1.,0.));
#10872 = ORIENTED_EDGE('',*,*,#10873,.T.);
#10873 = EDGE_CURVE('',#10866,#3947,#10874,.T.);
#10874 = LINE('',#10875,#10876);
#10875 = CARTESIAN_POINT('',(8.785,-4.6,-15.5));
#10876 = VECTOR('',#10877,1.);
#10877 = DIRECTION('',(0.,0.,1.));
#10878 = ORIENTED_EDGE('',*,*,#3944,.F.);
#10879 = PLANE('',#10880);
#10880 = AXIS2_PLACEMENT_3D('',#10881,#10882,#10883);
#10881 = CARTESIAN_POINT('',(8.785,-7.62,-16.));
#10882 = DIRECTION('',(1.,0.,-0.));
#10883 = DIRECTION('',(0.,0.,1.));
#10884 = ADVANCED_FACE('',(#10885),#10904,.F.);
#10885 = FACE_BOUND('',#10886,.F.);
#10886 = EDGE_LOOP('',(#10887,#10895,#10896,#10897));
#10887 = ORIENTED_EDGE('',*,*,#10888,.T.);
#10888 = EDGE_CURVE('',#10889,#3963,#10891,.T.);
#10889 = VERTEX_POINT('',#10890);
#10890 = CARTESIAN_POINT('',(11.535,-7.62,-15.));
#10891 = LINE('',#10892,#10893);
#10892 = CARTESIAN_POINT('',(11.535,-7.62,-16.));
#10893 = VECTOR('',#10894,1.);
#10894 = DIRECTION('',(0.,0.,1.));
#10895 = ORIENTED_EDGE('',*,*,#3970,.F.);
#10896 = ORIENTED_EDGE('',*,*,#10857,.F.);
#10897 = ORIENTED_EDGE('',*,*,#10898,.T.);
#10898 = EDGE_CURVE('',#10858,#10889,#10899,.T.);
#10899 = CIRCLE('',#10900,1.375);
#10900 = AXIS2_PLACEMENT_3D('',#10901,#10902,#10903);
#10901 = CARTESIAN_POINT('',(10.16,-7.62,-15.));
#10902 = DIRECTION('',(0.,0.,1.));
#10903 = DIRECTION('',(1.,0.,-0.));
#10904 = CYLINDRICAL_SURFACE('',#10905,1.375);
#10905 = AXIS2_PLACEMENT_3D('',#10906,#10907,#10908);
#10906 = CARTESIAN_POINT('',(10.16,-7.62,-16.));
#10907 = DIRECTION('',(0.,0.,1.));
#10908 = DIRECTION('',(1.,0.,-0.));
#10909 = ADVANCED_FACE('',(#10910),#10928,.F.);
#10910 = FACE_BOUND('',#10911,.F.);
#10911 = EDGE_LOOP('',(#10912,#10913,#10921,#10927));
#10912 = ORIENTED_EDGE('',*,*,#10888,.F.);
#10913 = ORIENTED_EDGE('',*,*,#10914,.T.);
#10914 = EDGE_CURVE('',#10889,#10915,#10917,.T.);
#10915 = VERTEX_POINT('',#10916);
#10916 = CARTESIAN_POINT('',(11.535,-4.6,-15.));
#10917 = LINE('',#10918,#10919);
#10918 = CARTESIAN_POINT('',(11.535,-20.55,-15.));
#10919 = VECTOR('',#10920,1.);
#10920 = DIRECTION('',(-0.,1.,0.));
#10921 = ORIENTED_EDGE('',*,*,#10922,.T.);
#10922 = EDGE_CURVE('',#10915,#3955,#10923,.T.);
#10923 = LINE('',#10924,#10925);
#10924 = CARTESIAN_POINT('',(11.535,-4.6,-15.5));
#10925 = VECTOR('',#10926,1.);
#10926 = DIRECTION('',(0.,0.,1.));
#10927 = ORIENTED_EDGE('',*,*,#3962,.F.);
#10928 = PLANE('',#10929);
#10929 = AXIS2_PLACEMENT_3D('',#10930,#10931,#10932);
#10930 = CARTESIAN_POINT('',(11.535,-7.62,-16.));
#10931 = DIRECTION('',(1.,0.,-0.));
#10932 = DIRECTION('',(0.,0.,1.));
#10933 = ADVANCED_FACE('',(#10934),#10945,.F.);
#10934 = FACE_BOUND('',#10935,.F.);
#10935 = EDGE_LOOP('',(#10936,#10942,#10943,#10944));
#10936 = ORIENTED_EDGE('',*,*,#10937,.F.);
#10937 = EDGE_CURVE('',#10866,#10915,#10938,.T.);
#10938 = LINE('',#10939,#10940);
#10939 = CARTESIAN_POINT('',(-21.,-4.6,-15.));
#10940 = VECTOR('',#10941,1.);
#10941 = DIRECTION('',(1.,0.,-0.));
#10942 = ORIENTED_EDGE('',*,*,#10873,.T.);
#10943 = ORIENTED_EDGE('',*,*,#3954,.T.);
#10944 = ORIENTED_EDGE('',*,*,#10922,.F.);
#10945 = PLANE('',#10946);
#10946 = AXIS2_PLACEMENT_3D('',#10947,#10948,#10949);
#10947 = CARTESIAN_POINT('',(-21.,-4.6,-15.));
#10948 = DIRECTION('',(-0.,1.,0.));
#10949 = DIRECTION('',(0.,0.,1.));
#10950 = ADVANCED_FACE('',(#10951),#10976,.T.);
#10951 = FACE_BOUND('',#10952,.T.);
#10952 = EDGE_LOOP('',(#10953,#10961,#10969,#10975));
#10953 = ORIENTED_EDGE('',*,*,#10954,.F.);
#10954 = EDGE_CURVE('',#10955,#3980,#10957,.T.);
#10955 = VERTEX_POINT('',#10956);
#10956 = CARTESIAN_POINT('',(-11.535,4.6,-15.));
#10957 = LINE('',#10958,#10959);
#10958 = CARTESIAN_POINT('',(-11.535,4.6,-15.5));
#10959 = VECTOR('',#10960,1.);
#10960 = DIRECTION('',(0.,0.,1.));
#10961 = ORIENTED_EDGE('',*,*,#10962,.T.);
#10962 = EDGE_CURVE('',#10955,#10963,#10965,.T.);
#10963 = VERTEX_POINT('',#10964);
#10964 = CARTESIAN_POINT('',(-11.535,7.62,-15.));
#10965 = LINE('',#10966,#10967);
#10966 = CARTESIAN_POINT('',(-11.535,-15.47,-15.));
#10967 = VECTOR('',#10968,1.);
#10968 = DIRECTION('',(-0.,1.,0.));
#10969 = ORIENTED_EDGE('',*,*,#10970,.T.);
#10970 = EDGE_CURVE('',#10963,#3982,#10971,.T.);
#10971 = LINE('',#10972,#10973);
#10972 = CARTESIAN_POINT('',(-11.535,7.62,-16.));
#10973 = VECTOR('',#10974,1.);
#10974 = DIRECTION('',(0.,0.,1.));
#10975 = ORIENTED_EDGE('',*,*,#3979,.F.);
#10976 = PLANE('',#10977);
#10977 = AXIS2_PLACEMENT_3D('',#10978,#10979,#10980);
#10978 = CARTESIAN_POINT('',(-11.535,2.54,-16.));
#10979 = DIRECTION('',(1.,0.,-0.));
#10980 = DIRECTION('',(0.,0.,1.));
#10981 = ADVANCED_FACE('',(#10982),#11001,.F.);
#10982 = FACE_BOUND('',#10983,.F.);
#10983 = EDGE_LOOP('',(#10984,#10985,#10993,#11000));
#10984 = ORIENTED_EDGE('',*,*,#3989,.F.);
#10985 = ORIENTED_EDGE('',*,*,#10986,.F.);
#10986 = EDGE_CURVE('',#10987,#3990,#10989,.T.);
#10987 = VERTEX_POINT('',#10988);
#10988 = CARTESIAN_POINT('',(-8.785,7.62,-15.));
#10989 = LINE('',#10990,#10991);
#10990 = CARTESIAN_POINT('',(-8.785,7.62,-16.));
#10991 = VECTOR('',#10992,1.);
#10992 = DIRECTION('',(0.,0.,1.));
#10993 = ORIENTED_EDGE('',*,*,#10994,.T.);
#10994 = EDGE_CURVE('',#10987,#10963,#10995,.T.);
#10995 = CIRCLE('',#10996,1.375);
#10996 = AXIS2_PLACEMENT_3D('',#10997,#10998,#10999);
#10997 = CARTESIAN_POINT('',(-10.16,7.62,-15.));
#10998 = DIRECTION('',(0.,0.,1.));
#10999 = DIRECTION('',(1.,0.,-0.));
#11000 = ORIENTED_EDGE('',*,*,#10970,.T.);
#11001 = CYLINDRICAL_SURFACE('',#11002,1.375);
#11002 = AXIS2_PLACEMENT_3D('',#11003,#11004,#11005);
#11003 = CARTESIAN_POINT('',(-10.16,7.62,-16.));
#11004 = DIRECTION('',(0.,0.,1.));
#11005 = DIRECTION('',(1.,0.,-0.));
#11006 = ADVANCED_FACE('',(#11007),#11025,.F.);
#11007 = FACE_BOUND('',#11008,.F.);
#11008 = EDGE_LOOP('',(#11009,#11017,#11023,#11024));
#11009 = ORIENTED_EDGE('',*,*,#11010,.F.);
#11010 = EDGE_CURVE('',#11011,#3999,#11013,.T.);
#11011 = VERTEX_POINT('',#11012);
#11012 = CARTESIAN_POINT('',(-8.785,4.6,-15.));
#11013 = LINE('',#11014,#11015);
#11014 = CARTESIAN_POINT('',(-8.785,4.6,-15.5));
#11015 = VECTOR('',#11016,1.);
#11016 = DIRECTION('',(0.,0.,1.));
#11017 = ORIENTED_EDGE('',*,*,#11018,.T.);
#11018 = EDGE_CURVE('',#11011,#10987,#11019,.T.);
#11019 = LINE('',#11020,#11021);
#11020 = CARTESIAN_POINT('',(-8.785,-15.47,-15.));
#11021 = VECTOR('',#11022,1.);
#11022 = DIRECTION('',(-0.,1.,0.));
#11023 = ORIENTED_EDGE('',*,*,#10986,.T.);
#11024 = ORIENTED_EDGE('',*,*,#3998,.F.);
#11025 = PLANE('',#11026);
#11026 = AXIS2_PLACEMENT_3D('',#11027,#11028,#11029);
#11027 = CARTESIAN_POINT('',(-8.785,2.54,-16.));
#11028 = DIRECTION('',(1.,0.,-0.));
#11029 = DIRECTION('',(0.,0.,1.));
#11030 = ADVANCED_FACE('',(#11031),#11042,.T.);
#11031 = FACE_BOUND('',#11032,.T.);
#11032 = EDGE_LOOP('',(#11033,#11039,#11040,#11041));
#11033 = ORIENTED_EDGE('',*,*,#11034,.F.);
#11034 = EDGE_CURVE('',#10955,#11011,#11035,.T.);
#11035 = LINE('',#11036,#11037);
#11036 = CARTESIAN_POINT('',(-21.,4.6,-15.));
#11037 = VECTOR('',#11038,1.);
#11038 = DIRECTION('',(1.,0.,-0.));
#11039 = ORIENTED_EDGE('',*,*,#10954,.T.);
#11040 = ORIENTED_EDGE('',*,*,#4006,.T.);
#11041 = ORIENTED_EDGE('',*,*,#11010,.F.);
#11042 = PLANE('',#11043);
#11043 = AXIS2_PLACEMENT_3D('',#11044,#11045,#11046);
#11044 = CARTESIAN_POINT('',(-21.,4.6,-15.));
#11045 = DIRECTION('',(-0.,1.,0.));
#11046 = DIRECTION('',(0.,0.,1.));
#11047 = ADVANCED_FACE('',(#11048),#11073,.T.);
#11048 = FACE_BOUND('',#11049,.T.);
#11049 = EDGE_LOOP('',(#11050,#11058,#11066,#11072));
#11050 = ORIENTED_EDGE('',*,*,#11051,.F.);
#11051 = EDGE_CURVE('',#11052,#4015,#11054,.T.);
#11052 = VERTEX_POINT('',#11053);
#11053 = CARTESIAN_POINT('',(3.705,4.6,-15.));
#11054 = LINE('',#11055,#11056);
#11055 = CARTESIAN_POINT('',(3.705,4.6,-15.5));
#11056 = VECTOR('',#11057,1.);
#11057 = DIRECTION('',(0.,0.,1.));
#11058 = ORIENTED_EDGE('',*,*,#11059,.T.);
#11059 = EDGE_CURVE('',#11052,#11060,#11062,.T.);
#11060 = VERTEX_POINT('',#11061);
#11061 = CARTESIAN_POINT('',(3.705,7.62,-15.));
#11062 = LINE('',#11063,#11064);
#11063 = CARTESIAN_POINT('',(3.705,-15.47,-15.));
#11064 = VECTOR('',#11065,1.);
#11065 = DIRECTION('',(-0.,1.,0.));
#11066 = ORIENTED_EDGE('',*,*,#11067,.T.);
#11067 = EDGE_CURVE('',#11060,#4017,#11068,.T.);
#11068 = LINE('',#11069,#11070);
#11069 = CARTESIAN_POINT('',(3.705,7.62,-16.));
#11070 = VECTOR('',#11071,1.);
#11071 = DIRECTION('',(0.,0.,1.));
#11072 = ORIENTED_EDGE('',*,*,#4014,.F.);
#11073 = PLANE('',#11074);
#11074 = AXIS2_PLACEMENT_3D('',#11075,#11076,#11077);
#11075 = CARTESIAN_POINT('',(3.705,2.54,-16.));
#11076 = DIRECTION('',(1.,0.,-0.));
#11077 = DIRECTION('',(0.,0.,1.));
#11078 = ADVANCED_FACE('',(#11079),#11098,.F.);
#11079 = FACE_BOUND('',#11080,.F.);
#11080 = EDGE_LOOP('',(#11081,#11082,#11090,#11097));
#11081 = ORIENTED_EDGE('',*,*,#4024,.F.);
#11082 = ORIENTED_EDGE('',*,*,#11083,.F.);
#11083 = EDGE_CURVE('',#11084,#4025,#11086,.T.);
#11084 = VERTEX_POINT('',#11085);
#11085 = CARTESIAN_POINT('',(6.455,7.62,-15.));
#11086 = LINE('',#11087,#11088);
#11087 = CARTESIAN_POINT('',(6.455,7.62,-16.));
#11088 = VECTOR('',#11089,1.);
#11089 = DIRECTION('',(0.,0.,1.));
#11090 = ORIENTED_EDGE('',*,*,#11091,.T.);
#11091 = EDGE_CURVE('',#11084,#11060,#11092,.T.);
#11092 = CIRCLE('',#11093,1.375);
#11093 = AXIS2_PLACEMENT_3D('',#11094,#11095,#11096);
#11094 = CARTESIAN_POINT('',(5.08,7.62,-15.));
#11095 = DIRECTION('',(0.,0.,1.));
#11096 = DIRECTION('',(1.,0.,-0.));
#11097 = ORIENTED_EDGE('',*,*,#11067,.T.);
#11098 = CYLINDRICAL_SURFACE('',#11099,1.375);
#11099 = AXIS2_PLACEMENT_3D('',#11100,#11101,#11102);
#11100 = CARTESIAN_POINT('',(5.08,7.62,-16.));
#11101 = DIRECTION('',(0.,0.,1.));
#11102 = DIRECTION('',(1.,0.,-0.));
#11103 = ADVANCED_FACE('',(#11104),#11122,.F.);
#11104 = FACE_BOUND('',#11105,.F.);
#11105 = EDGE_LOOP('',(#11106,#11114,#11120,#11121));
#11106 = ORIENTED_EDGE('',*,*,#11107,.F.);
#11107 = EDGE_CURVE('',#11108,#4034,#11110,.T.);
#11108 = VERTEX_POINT('',#11109);
#11109 = CARTESIAN_POINT('',(6.455,4.6,-15.));
#11110 = LINE('',#11111,#11112);
#11111 = CARTESIAN_POINT('',(6.455,4.6,-15.5));
#11112 = VECTOR('',#11113,1.);
#11113 = DIRECTION('',(0.,0.,1.));
#11114 = ORIENTED_EDGE('',*,*,#11115,.T.);
#11115 = EDGE_CURVE('',#11108,#11084,#11116,.T.);
#11116 = LINE('',#11117,#11118);
#11117 = CARTESIAN_POINT('',(6.455,-15.47,-15.));
#11118 = VECTOR('',#11119,1.);
#11119 = DIRECTION('',(-0.,1.,0.));
#11120 = ORIENTED_EDGE('',*,*,#11083,.T.);
#11121 = ORIENTED_EDGE('',*,*,#4033,.F.);
#11122 = PLANE('',#11123);
#11123 = AXIS2_PLACEMENT_3D('',#11124,#11125,#11126);
#11124 = CARTESIAN_POINT('',(6.455,2.54,-16.));
#11125 = DIRECTION('',(1.,0.,-0.));
#11126 = DIRECTION('',(0.,0.,1.));
#11127 = ADVANCED_FACE('',(#11128),#11139,.T.);
#11128 = FACE_BOUND('',#11129,.T.);
#11129 = EDGE_LOOP('',(#11130,#11136,#11137,#11138));
#11130 = ORIENTED_EDGE('',*,*,#11131,.F.);
#11131 = EDGE_CURVE('',#11052,#11108,#11132,.T.);
#11132 = LINE('',#11133,#11134);
#11133 = CARTESIAN_POINT('',(-21.,4.6,-15.));
#11134 = VECTOR('',#11135,1.);
#11135 = DIRECTION('',(1.,0.,-0.));
#11136 = ORIENTED_EDGE('',*,*,#11051,.T.);
#11137 = ORIENTED_EDGE('',*,*,#4041,.T.);
#11138 = ORIENTED_EDGE('',*,*,#11107,.F.);
#11139 = PLANE('',#11140);
#11140 = AXIS2_PLACEMENT_3D('',#11141,#11142,#11143);
#11141 = CARTESIAN_POINT('',(-21.,4.6,-15.));
#11142 = DIRECTION('',(-0.,1.,0.));
#11143 = DIRECTION('',(0.,0.,1.));
#11144 = ADVANCED_FACE('',(#11145),#11204,.F.);
#11145 = FACE_BOUND('',#11146,.F.);
#11146 = EDGE_LOOP('',(#11147,#11148,#11156,#11165,#11174,#11183,#11192,
    #11199,#11200,#11201,#11202,#11203));
#11147 = ORIENTED_EDGE('',*,*,#4087,.F.);
#11148 = ORIENTED_EDGE('',*,*,#11149,.F.);
#11149 = EDGE_CURVE('',#11150,#4052,#11152,.T.);
#11150 = VERTEX_POINT('',#11151);
#11151 = CARTESIAN_POINT('',(15.7,-4.163799117101E-16,-15.));
#11152 = LINE('',#11153,#11154);
#11153 = CARTESIAN_POINT('',(15.7,-4.163799117101E-16,-16.));
#11154 = VECTOR('',#11155,1.);
#11155 = DIRECTION('',(0.,0.,1.));
#11156 = ORIENTED_EDGE('',*,*,#11157,.T.);
#11157 = EDGE_CURVE('',#11150,#11158,#11160,.T.);
#11158 = VERTEX_POINT('',#11159);
#11159 = CARTESIAN_POINT('',(15.238052906785,1.165,-15.));
#11160 = CIRCLE('',#11161,1.7);
#11161 = AXIS2_PLACEMENT_3D('',#11162,#11163,#11164);
#11162 = CARTESIAN_POINT('',(14.,0.,-15.));
#11163 = DIRECTION('',(0.,0.,1.));
#11164 = DIRECTION('',(1.,0.,-0.));
#11165 = ORIENTED_EDGE('',*,*,#11166,.T.);
#11166 = EDGE_CURVE('',#11158,#11167,#11169,.T.);
#11167 = VERTEX_POINT('',#11168);
#11168 = CARTESIAN_POINT('',(12.761947093215,1.165,-15.));
#11169 = CIRCLE('',#11170,1.7);
#11170 = AXIS2_PLACEMENT_3D('',#11171,#11172,#11173);
#11171 = CARTESIAN_POINT('',(14.,0.,-15.));
#11172 = DIRECTION('',(0.,0.,1.));
#11173 = DIRECTION('',(1.,0.,-0.));
#11174 = ORIENTED_EDGE('',*,*,#11175,.T.);
#11175 = EDGE_CURVE('',#11167,#11176,#11178,.T.);
#11176 = VERTEX_POINT('',#11177);
#11177 = CARTESIAN_POINT('',(14.157060919121,-1.692729118224,-15.));
#11178 = CIRCLE('',#11179,1.7);
#11179 = AXIS2_PLACEMENT_3D('',#11180,#11181,#11182);
#11180 = CARTESIAN_POINT('',(14.,0.,-15.));
#11181 = DIRECTION('',(0.,0.,1.));
#11182 = DIRECTION('',(1.,0.,-0.));
#11183 = ORIENTED_EDGE('',*,*,#11184,.T.);
#11184 = EDGE_CURVE('',#11176,#11185,#11187,.T.);
#11185 = VERTEX_POINT('',#11186);
#11186 = CARTESIAN_POINT('',(15.23805160779,-1.165001380449,-15.));
#11187 = CIRCLE('',#11188,1.7);
#11188 = AXIS2_PLACEMENT_3D('',#11189,#11190,#11191);
#11189 = CARTESIAN_POINT('',(14.,0.,-15.));
#11190 = DIRECTION('',(0.,0.,1.));
#11191 = DIRECTION('',(1.,0.,-0.));
#11192 = ORIENTED_EDGE('',*,*,#11193,.T.);
#11193 = EDGE_CURVE('',#11185,#11150,#11194,.T.);
#11194 = CIRCLE('',#11195,1.7);
#11195 = AXIS2_PLACEMENT_3D('',#11196,#11197,#11198);
#11196 = CARTESIAN_POINT('',(14.,0.,-15.));
#11197 = DIRECTION('',(0.,0.,1.));
#11198 = DIRECTION('',(1.,0.,-0.));
#11199 = ORIENTED_EDGE('',*,*,#11149,.T.);
#11200 = ORIENTED_EDGE('',*,*,#4049,.F.);
#11201 = ORIENTED_EDGE('',*,*,#4060,.F.);
#11202 = ORIENTED_EDGE('',*,*,#4069,.F.);
#11203 = ORIENTED_EDGE('',*,*,#4078,.F.);
#11204 = CYLINDRICAL_SURFACE('',#11205,1.7);
#11205 = AXIS2_PLACEMENT_3D('',#11206,#11207,#11208);
#11206 = CARTESIAN_POINT('',(14.,0.,-16.));
#11207 = DIRECTION('',(0.,0.,1.));
#11208 = DIRECTION('',(1.,0.,-0.));
#11209 = ADVANCED_FACE('',(#11210),#11269,.F.);
#11210 = FACE_BOUND('',#11211,.F.);
#11211 = EDGE_LOOP('',(#11212,#11213,#11221,#11230,#11239,#11248,#11257,
    #11264,#11265,#11266,#11267,#11268));
#11212 = ORIENTED_EDGE('',*,*,#4116,.F.);
#11213 = ORIENTED_EDGE('',*,*,#11214,.F.);
#11214 = EDGE_CURVE('',#11215,#4117,#11217,.T.);
#11215 = VERTEX_POINT('',#11216);
#11216 = CARTESIAN_POINT('',(-12.3,-4.163799117101E-16,-15.));
#11217 = LINE('',#11218,#11219);
#11218 = CARTESIAN_POINT('',(-12.3,-4.163799117101E-16,-16.));
#11219 = VECTOR('',#11220,1.);
#11220 = DIRECTION('',(0.,0.,1.));
#11221 = ORIENTED_EDGE('',*,*,#11222,.T.);
#11222 = EDGE_CURVE('',#11215,#11223,#11225,.T.);
#11223 = VERTEX_POINT('',#11224);
#11224 = CARTESIAN_POINT('',(-14.15706091912,1.692729118224,-15.));
#11225 = CIRCLE('',#11226,1.7);
#11226 = AXIS2_PLACEMENT_3D('',#11227,#11228,#11229);
#11227 = CARTESIAN_POINT('',(-14.,0.,-15.));
#11228 = DIRECTION('',(0.,0.,1.));
#11229 = DIRECTION('',(1.,0.,-0.));
#11230 = ORIENTED_EDGE('',*,*,#11231,.T.);
#11231 = EDGE_CURVE('',#11223,#11232,#11234,.T.);
#11232 = VERTEX_POINT('',#11233);
#11233 = CARTESIAN_POINT('',(-15.23805160779,1.165001380449,-15.));
#11234 = CIRCLE('',#11235,1.7);
#11235 = AXIS2_PLACEMENT_3D('',#11236,#11237,#11238);
#11236 = CARTESIAN_POINT('',(-14.,0.,-15.));
#11237 = DIRECTION('',(0.,0.,1.));
#11238 = DIRECTION('',(1.,0.,-0.));
#11239 = ORIENTED_EDGE('',*,*,#11240,.T.);
#11240 = EDGE_CURVE('',#11232,#11241,#11243,.T.);
#11241 = VERTEX_POINT('',#11242);
#11242 = CARTESIAN_POINT('',(-15.23805290678,-1.165,-15.));
#11243 = CIRCLE('',#11244,1.7);
#11244 = AXIS2_PLACEMENT_3D('',#11245,#11246,#11247);
#11245 = CARTESIAN_POINT('',(-14.,0.,-15.));
#11246 = DIRECTION('',(0.,0.,1.));
#11247 = DIRECTION('',(1.,0.,-0.));
#11248 = ORIENTED_EDGE('',*,*,#11249,.T.);
#11249 = EDGE_CURVE('',#11241,#11250,#11252,.T.);
#11250 = VERTEX_POINT('',#11251);
#11251 = CARTESIAN_POINT('',(-12.76194709321,-1.165,-15.));
#11252 = CIRCLE('',#11253,1.7);
#11253 = AXIS2_PLACEMENT_3D('',#11254,#11255,#11256);
#11254 = CARTESIAN_POINT('',(-14.,0.,-15.));
#11255 = DIRECTION('',(0.,0.,1.));
#11256 = DIRECTION('',(1.,0.,-0.));
#11257 = ORIENTED_EDGE('',*,*,#11258,.T.);
#11258 = EDGE_CURVE('',#11250,#11215,#11259,.T.);
#11259 = CIRCLE('',#11260,1.7);
#11260 = AXIS2_PLACEMENT_3D('',#11261,#11262,#11263);
#11261 = CARTESIAN_POINT('',(-14.,0.,-15.));
#11262 = DIRECTION('',(0.,0.,1.));
#11263 = DIRECTION('',(1.,0.,-0.));
#11264 = ORIENTED_EDGE('',*,*,#11214,.T.);
#11265 = ORIENTED_EDGE('',*,*,#4125,.F.);
#11266 = ORIENTED_EDGE('',*,*,#4134,.F.);
#11267 = ORIENTED_EDGE('',*,*,#4096,.F.);
#11268 = ORIENTED_EDGE('',*,*,#4107,.F.);
#11269 = CYLINDRICAL_SURFACE('',#11270,1.7);
#11270 = AXIS2_PLACEMENT_3D('',#11271,#11272,#11273);
#11271 = CARTESIAN_POINT('',(-14.,0.,-16.));
#11272 = DIRECTION('',(0.,0.,1.));
#11273 = DIRECTION('',(1.,0.,-0.));
#11274 = ADVANCED_FACE('',(#11275),#11294,.F.);
#11275 = FACE_BOUND('',#11276,.F.);
#11276 = EDGE_LOOP('',(#11277,#11278,#11286,#11293));
#11277 = ORIENTED_EDGE('',*,*,#4143,.F.);
#11278 = ORIENTED_EDGE('',*,*,#11279,.F.);
#11279 = EDGE_CURVE('',#11280,#4144,#11282,.T.);
#11280 = VERTEX_POINT('',#11281);
#11281 = CARTESIAN_POINT('',(16.615,7.62,-15.));
#11282 = LINE('',#11283,#11284);
#11283 = CARTESIAN_POINT('',(16.615,7.62,-16.));
#11284 = VECTOR('',#11285,1.);
#11285 = DIRECTION('',(0.,0.,1.));
#11286 = ORIENTED_EDGE('',*,*,#11287,.T.);
#11287 = EDGE_CURVE('',#11280,#11280,#11288,.T.);
#11288 = CIRCLE('',#11289,1.375);
#11289 = AXIS2_PLACEMENT_3D('',#11290,#11291,#11292);
#11290 = CARTESIAN_POINT('',(15.24,7.62,-15.));
#11291 = DIRECTION('',(0.,0.,1.));
#11292 = DIRECTION('',(1.,0.,-0.));
#11293 = ORIENTED_EDGE('',*,*,#11279,.T.);
#11294 = CYLINDRICAL_SURFACE('',#11295,1.375);
#11295 = AXIS2_PLACEMENT_3D('',#11296,#11297,#11298);
#11296 = CARTESIAN_POINT('',(15.24,7.62,-16.));
#11297 = DIRECTION('',(0.,0.,1.));
#11298 = DIRECTION('',(1.,0.,-0.));
#11299 = ADVANCED_FACE('',(#11300),#11319,.F.);
#11300 = FACE_BOUND('',#11301,.F.);
#11301 = EDGE_LOOP('',(#11302,#11303,#11311,#11318));
#11302 = ORIENTED_EDGE('',*,*,#4154,.F.);
#11303 = ORIENTED_EDGE('',*,*,#11304,.F.);
#11304 = EDGE_CURVE('',#11305,#4155,#11307,.T.);
#11305 = VERTEX_POINT('',#11306);
#11306 = CARTESIAN_POINT('',(1.375,-7.62,-15.));
#11307 = LINE('',#11308,#11309);
#11308 = CARTESIAN_POINT('',(1.375,-7.62,-16.));
#11309 = VECTOR('',#11310,1.);
#11310 = DIRECTION('',(0.,0.,1.));
#11311 = ORIENTED_EDGE('',*,*,#11312,.T.);
#11312 = EDGE_CURVE('',#11305,#11305,#11313,.T.);
#11313 = CIRCLE('',#11314,1.375);
#11314 = AXIS2_PLACEMENT_3D('',#11315,#11316,#11317);
#11315 = CARTESIAN_POINT('',(7.105427357601E-15,-7.62,-15.));
#11316 = DIRECTION('',(0.,0.,1.));
#11317 = DIRECTION('',(1.,0.,-0.));
#11318 = ORIENTED_EDGE('',*,*,#11304,.T.);
#11319 = CYLINDRICAL_SURFACE('',#11320,1.375);
#11320 = AXIS2_PLACEMENT_3D('',#11321,#11322,#11323);
#11321 = CARTESIAN_POINT('',(7.105427357601E-15,-7.62,-16.));
#11322 = DIRECTION('',(0.,0.,1.));
#11323 = DIRECTION('',(1.,0.,-0.));
#11324 = ADVANCED_FACE('',(#11325),#11344,.F.);
#11325 = FACE_BOUND('',#11326,.F.);
#11326 = EDGE_LOOP('',(#11327,#11328,#11336,#11343));
#11327 = ORIENTED_EDGE('',*,*,#4165,.F.);
#11328 = ORIENTED_EDGE('',*,*,#11329,.F.);
#11329 = EDGE_CURVE('',#11330,#4166,#11332,.T.);
#11330 = VERTEX_POINT('',#11331);
#11331 = CARTESIAN_POINT('',(-29.105,-22.86,-15.));
#11332 = LINE('',#11333,#11334);
#11333 = CARTESIAN_POINT('',(-29.105,-22.86,-16.));
#11334 = VECTOR('',#11335,1.);
#11335 = DIRECTION('',(0.,0.,1.));
#11336 = ORIENTED_EDGE('',*,*,#11337,.T.);
#11337 = EDGE_CURVE('',#11330,#11330,#11338,.T.);
#11338 = CIRCLE('',#11339,1.375);
#11339 = AXIS2_PLACEMENT_3D('',#11340,#11341,#11342);
#11340 = CARTESIAN_POINT('',(-30.48,-22.86,-15.));
#11341 = DIRECTION('',(0.,0.,1.));
#11342 = DIRECTION('',(1.,0.,-0.));
#11343 = ORIENTED_EDGE('',*,*,#11329,.T.);
#11344 = CYLINDRICAL_SURFACE('',#11345,1.375);
#11345 = AXIS2_PLACEMENT_3D('',#11346,#11347,#11348);
#11346 = CARTESIAN_POINT('',(-30.48,-22.86,-16.));
#11347 = DIRECTION('',(0.,0.,1.));
#11348 = DIRECTION('',(1.,0.,-0.));
#11349 = ADVANCED_FACE('',(#11350),#11369,.F.);
#11350 = FACE_BOUND('',#11351,.F.);
#11351 = EDGE_LOOP('',(#11352,#11353,#11361,#11368));
#11352 = ORIENTED_EDGE('',*,*,#4176,.F.);
#11353 = ORIENTED_EDGE('',*,*,#11354,.F.);
#11354 = EDGE_CURVE('',#11355,#4177,#11357,.T.);
#11355 = VERTEX_POINT('',#11356);
#11356 = CARTESIAN_POINT('',(-13.865,7.62,-15.));
#11357 = LINE('',#11358,#11359);
#11358 = CARTESIAN_POINT('',(-13.865,7.62,-16.));
#11359 = VECTOR('',#11360,1.);
#11360 = DIRECTION('',(0.,0.,1.));
#11361 = ORIENTED_EDGE('',*,*,#11362,.T.);
#11362 = EDGE_CURVE('',#11355,#11355,#11363,.T.);
#11363 = CIRCLE('',#11364,1.375);
#11364 = AXIS2_PLACEMENT_3D('',#11365,#11366,#11367);
#11365 = CARTESIAN_POINT('',(-15.24,7.62,-15.));
#11366 = DIRECTION('',(0.,0.,1.));
#11367 = DIRECTION('',(1.,0.,-0.));
#11368 = ORIENTED_EDGE('',*,*,#11354,.T.);
#11369 = CYLINDRICAL_SURFACE('',#11370,1.375);
#11370 = AXIS2_PLACEMENT_3D('',#11371,#11372,#11373);
#11371 = CARTESIAN_POINT('',(-15.24,7.62,-16.));
#11372 = DIRECTION('',(0.,0.,1.));
#11373 = DIRECTION('',(1.,0.,-0.));
#11374 = ADVANCED_FACE('',(#11375),#11394,.F.);
#11375 = FACE_BOUND('',#11376,.F.);
#11376 = EDGE_LOOP('',(#11377,#11378,#11386,#11393));
#11377 = ORIENTED_EDGE('',*,*,#4187,.F.);
#11378 = ORIENTED_EDGE('',*,*,#11379,.F.);
#11379 = EDGE_CURVE('',#11380,#4188,#11382,.T.);
#11380 = VERTEX_POINT('',#11381);
#11381 = CARTESIAN_POINT('',(31.855,-22.86,-15.));
#11382 = LINE('',#11383,#11384);
#11383 = CARTESIAN_POINT('',(31.855,-22.86,-16.));
#11384 = VECTOR('',#11385,1.);
#11385 = DIRECTION('',(0.,0.,1.));
#11386 = ORIENTED_EDGE('',*,*,#11387,.T.);
#11387 = EDGE_CURVE('',#11380,#11380,#11388,.T.);
#11388 = CIRCLE('',#11389,1.375);
#11389 = AXIS2_PLACEMENT_3D('',#11390,#11391,#11392);
#11390 = CARTESIAN_POINT('',(30.48,-22.86,-15.));
#11391 = DIRECTION('',(0.,0.,1.));
#11392 = DIRECTION('',(1.,0.,-0.));
#11393 = ORIENTED_EDGE('',*,*,#11379,.T.);
#11394 = CYLINDRICAL_SURFACE('',#11395,1.375);
#11395 = AXIS2_PLACEMENT_3D('',#11396,#11397,#11398);
#11396 = CARTESIAN_POINT('',(30.48,-22.86,-16.));
#11397 = DIRECTION('',(0.,0.,1.));
#11398 = DIRECTION('',(1.,0.,-0.));
#11399 = ADVANCED_FACE('',(#11400),#11419,.F.);
#11400 = FACE_BOUND('',#11401,.F.);
#11401 = EDGE_LOOP('',(#11402,#11403,#11411,#11418));
#11402 = ORIENTED_EDGE('',*,*,#4198,.F.);
#11403 = ORIENTED_EDGE('',*,*,#11404,.F.);
#11404 = EDGE_CURVE('',#11405,#4199,#11407,.T.);
#11405 = VERTEX_POINT('',#11406);
#11406 = CARTESIAN_POINT('',(31.855,7.62,-15.));
#11407 = LINE('',#11408,#11409);
#11408 = CARTESIAN_POINT('',(31.855,7.62,-16.));
#11409 = VECTOR('',#11410,1.);
#11410 = DIRECTION('',(0.,0.,1.));
#11411 = ORIENTED_EDGE('',*,*,#11412,.T.);
#11412 = EDGE_CURVE('',#11405,#11405,#11413,.T.);
#11413 = CIRCLE('',#11414,1.375);
#11414 = AXIS2_PLACEMENT_3D('',#11415,#11416,#11417);
#11415 = CARTESIAN_POINT('',(30.48,7.62,-15.));
#11416 = DIRECTION('',(0.,0.,1.));
#11417 = DIRECTION('',(1.,0.,-0.));
#11418 = ORIENTED_EDGE('',*,*,#11404,.T.);
#11419 = CYLINDRICAL_SURFACE('',#11420,1.375);
#11420 = AXIS2_PLACEMENT_3D('',#11421,#11422,#11423);
#11421 = CARTESIAN_POINT('',(30.48,7.62,-16.));
#11422 = DIRECTION('',(0.,0.,1.));
#11423 = DIRECTION('',(1.,0.,-0.));
#11424 = ADVANCED_FACE('',(#11425),#11444,.F.);
#11425 = FACE_BOUND('',#11426,.F.);
#11426 = EDGE_LOOP('',(#11427,#11428,#11436,#11443));
#11427 = ORIENTED_EDGE('',*,*,#4209,.F.);
#11428 = ORIENTED_EDGE('',*,*,#11429,.F.);
#11429 = EDGE_CURVE('',#11430,#4210,#11432,.T.);
#11430 = VERTEX_POINT('',#11431);
#11431 = CARTESIAN_POINT('',(-13.865,-22.86,-15.));
#11432 = LINE('',#11433,#11434);
#11433 = CARTESIAN_POINT('',(-13.865,-22.86,-16.));
#11434 = VECTOR('',#11435,1.);
#11435 = DIRECTION('',(0.,0.,1.));
#11436 = ORIENTED_EDGE('',*,*,#11437,.T.);
#11437 = EDGE_CURVE('',#11430,#11430,#11438,.T.);
#11438 = CIRCLE('',#11439,1.375);
#11439 = AXIS2_PLACEMENT_3D('',#11440,#11441,#11442);
#11440 = CARTESIAN_POINT('',(-15.24,-22.86,-15.));
#11441 = DIRECTION('',(0.,0.,1.));
#11442 = DIRECTION('',(1.,0.,-0.));
#11443 = ORIENTED_EDGE('',*,*,#11429,.T.);
#11444 = CYLINDRICAL_SURFACE('',#11445,1.375);
#11445 = AXIS2_PLACEMENT_3D('',#11446,#11447,#11448);
#11446 = CARTESIAN_POINT('',(-15.24,-22.86,-16.));
#11447 = DIRECTION('',(0.,0.,1.));
#11448 = DIRECTION('',(1.,0.,-0.));
#11449 = ADVANCED_FACE('',(#11450),#11469,.F.);
#11450 = FACE_BOUND('',#11451,.F.);
#11451 = EDGE_LOOP('',(#11452,#11453,#11461,#11468));
#11452 = ORIENTED_EDGE('',*,*,#4220,.F.);
#11453 = ORIENTED_EDGE('',*,*,#11454,.F.);
#11454 = EDGE_CURVE('',#11455,#4221,#11457,.T.);
#11455 = VERTEX_POINT('',#11456);
#11456 = CARTESIAN_POINT('',(1.375,7.62,-15.));
#11457 = LINE('',#11458,#11459);
#11458 = CARTESIAN_POINT('',(1.375,7.62,-16.));
#11459 = VECTOR('',#11460,1.);
#11460 = DIRECTION('',(0.,0.,1.));
#11461 = ORIENTED_EDGE('',*,*,#11462,.T.);
#11462 = EDGE_CURVE('',#11455,#11455,#11463,.T.);
#11463 = CIRCLE('',#11464,1.375);
#11464 = AXIS2_PLACEMENT_3D('',#11465,#11466,#11467);
#11465 = CARTESIAN_POINT('',(7.105427357601E-15,7.62,-15.));
#11466 = DIRECTION('',(0.,0.,1.));
#11467 = DIRECTION('',(1.,0.,-0.));
#11468 = ORIENTED_EDGE('',*,*,#11454,.T.);
#11469 = CYLINDRICAL_SURFACE('',#11470,1.375);
#11470 = AXIS2_PLACEMENT_3D('',#11471,#11472,#11473);
#11471 = CARTESIAN_POINT('',(7.105427357601E-15,7.62,-16.));
#11472 = DIRECTION('',(0.,0.,1.));
#11473 = DIRECTION('',(1.,0.,-0.));
#11474 = ADVANCED_FACE('',(#11475),#11494,.F.);
#11475 = FACE_BOUND('',#11476,.F.);
#11476 = EDGE_LOOP('',(#11477,#11478,#11486,#11493));
#11477 = ORIENTED_EDGE('',*,*,#4231,.F.);
#11478 = ORIENTED_EDGE('',*,*,#11479,.F.);
#11479 = EDGE_CURVE('',#11480,#4232,#11482,.T.);
#11480 = VERTEX_POINT('',#11481);
#11481 = CARTESIAN_POINT('',(31.855,-7.62,-15.));
#11482 = LINE('',#11483,#11484);
#11483 = CARTESIAN_POINT('',(31.855,-7.62,-16.));
#11484 = VECTOR('',#11485,1.);
#11485 = DIRECTION('',(0.,0.,1.));
#11486 = ORIENTED_EDGE('',*,*,#11487,.T.);
#11487 = EDGE_CURVE('',#11480,#11480,#11488,.T.);
#11488 = CIRCLE('',#11489,1.375);
#11489 = AXIS2_PLACEMENT_3D('',#11490,#11491,#11492);
#11490 = CARTESIAN_POINT('',(30.48,-7.62,-15.));
#11491 = DIRECTION('',(0.,0.,1.));
#11492 = DIRECTION('',(1.,0.,-0.));
#11493 = ORIENTED_EDGE('',*,*,#11479,.T.);
#11494 = CYLINDRICAL_SURFACE('',#11495,1.375);
#11495 = AXIS2_PLACEMENT_3D('',#11496,#11497,#11498);
#11496 = CARTESIAN_POINT('',(30.48,-7.62,-16.));
#11497 = DIRECTION('',(0.,0.,1.));
#11498 = DIRECTION('',(1.,0.,-0.));
#11499 = ADVANCED_FACE('',(#11500),#11519,.F.);
#11500 = FACE_BOUND('',#11501,.F.);
#11501 = EDGE_LOOP('',(#11502,#11503,#11511,#11518));
#11502 = ORIENTED_EDGE('',*,*,#4242,.F.);
#11503 = ORIENTED_EDGE('',*,*,#11504,.F.);
#11504 = EDGE_CURVE('',#11505,#4243,#11507,.T.);
#11505 = VERTEX_POINT('',#11506);
#11506 = CARTESIAN_POINT('',(16.615,-22.86,-15.));
#11507 = LINE('',#11508,#11509);
#11508 = CARTESIAN_POINT('',(16.615,-22.86,-16.));
#11509 = VECTOR('',#11510,1.);
#11510 = DIRECTION('',(0.,0.,1.));
#11511 = ORIENTED_EDGE('',*,*,#11512,.T.);
#11512 = EDGE_CURVE('',#11505,#11505,#11513,.T.);
#11513 = CIRCLE('',#11514,1.375);
#11514 = AXIS2_PLACEMENT_3D('',#11515,#11516,#11517);
#11515 = CARTESIAN_POINT('',(15.24,-22.86,-15.));
#11516 = DIRECTION('',(0.,0.,1.));
#11517 = DIRECTION('',(1.,0.,-0.));
#11518 = ORIENTED_EDGE('',*,*,#11504,.T.);
#11519 = CYLINDRICAL_SURFACE('',#11520,1.375);
#11520 = AXIS2_PLACEMENT_3D('',#11521,#11522,#11523);
#11521 = CARTESIAN_POINT('',(15.24,-22.86,-16.));
#11522 = DIRECTION('',(0.,0.,1.));
#11523 = DIRECTION('',(1.,0.,-0.));
#11524 = ADVANCED_FACE('',(#11525),#11544,.F.);
#11525 = FACE_BOUND('',#11526,.F.);
#11526 = EDGE_LOOP('',(#11527,#11528,#11536,#11543));
#11527 = ORIENTED_EDGE('',*,*,#4253,.F.);
#11528 = ORIENTED_EDGE('',*,*,#11529,.F.);
#11529 = EDGE_CURVE('',#11530,#4254,#11532,.T.);
#11530 = VERTEX_POINT('',#11531);
#11531 = CARTESIAN_POINT('',(16.615,22.86,-15.));
#11532 = LINE('',#11533,#11534);
#11533 = CARTESIAN_POINT('',(16.615,22.86,-16.));
#11534 = VECTOR('',#11535,1.);
#11535 = DIRECTION('',(0.,0.,1.));
#11536 = ORIENTED_EDGE('',*,*,#11537,.T.);
#11537 = EDGE_CURVE('',#11530,#11530,#11538,.T.);
#11538 = CIRCLE('',#11539,1.375);
#11539 = AXIS2_PLACEMENT_3D('',#11540,#11541,#11542);
#11540 = CARTESIAN_POINT('',(15.24,22.86,-15.));
#11541 = DIRECTION('',(0.,0.,1.));
#11542 = DIRECTION('',(1.,0.,-0.));
#11543 = ORIENTED_EDGE('',*,*,#11529,.T.);
#11544 = CYLINDRICAL_SURFACE('',#11545,1.375);
#11545 = AXIS2_PLACEMENT_3D('',#11546,#11547,#11548);
#11546 = CARTESIAN_POINT('',(15.24,22.86,-16.));
#11547 = DIRECTION('',(0.,0.,1.));
#11548 = DIRECTION('',(1.,0.,-0.));
#11549 = ADVANCED_FACE('',(#11550),#11569,.F.);
#11550 = FACE_BOUND('',#11551,.F.);
#11551 = EDGE_LOOP('',(#11552,#11553,#11561,#11568));
#11552 = ORIENTED_EDGE('',*,*,#4264,.F.);
#11553 = ORIENTED_EDGE('',*,*,#11554,.F.);
#11554 = EDGE_CURVE('',#11555,#4265,#11557,.T.);
#11555 = VERTEX_POINT('',#11556);
#11556 = CARTESIAN_POINT('',(1.375,-22.86,-15.));
#11557 = LINE('',#11558,#11559);
#11558 = CARTESIAN_POINT('',(1.375,-22.86,-16.));
#11559 = VECTOR('',#11560,1.);
#11560 = DIRECTION('',(0.,0.,1.));
#11561 = ORIENTED_EDGE('',*,*,#11562,.T.);
#11562 = EDGE_CURVE('',#11555,#11555,#11563,.T.);
#11563 = CIRCLE('',#11564,1.375);
#11564 = AXIS2_PLACEMENT_3D('',#11565,#11566,#11567);
#11565 = CARTESIAN_POINT('',(7.105427357601E-15,-22.86,-15.));
#11566 = DIRECTION('',(0.,0.,1.));
#11567 = DIRECTION('',(1.,0.,-0.));
#11568 = ORIENTED_EDGE('',*,*,#11554,.T.);
#11569 = CYLINDRICAL_SURFACE('',#11570,1.375);
#11570 = AXIS2_PLACEMENT_3D('',#11571,#11572,#11573);
#11571 = CARTESIAN_POINT('',(7.105427357601E-15,-22.86,-16.));
#11572 = DIRECTION('',(0.,0.,1.));
#11573 = DIRECTION('',(1.,0.,-0.));
#11574 = ADVANCED_FACE('',(#11575),#11594,.F.);
#11575 = FACE_BOUND('',#11576,.F.);
#11576 = EDGE_LOOP('',(#11577,#11578,#11586,#11593));
#11577 = ORIENTED_EDGE('',*,*,#4275,.F.);
#11578 = ORIENTED_EDGE('',*,*,#11579,.F.);
#11579 = EDGE_CURVE('',#11580,#4276,#11582,.T.);
#11580 = VERTEX_POINT('',#11581);
#11581 = CARTESIAN_POINT('',(-29.105,22.86,-15.));
#11582 = LINE('',#11583,#11584);
#11583 = CARTESIAN_POINT('',(-29.105,22.86,-16.));
#11584 = VECTOR('',#11585,1.);
#11585 = DIRECTION('',(0.,0.,1.));
#11586 = ORIENTED_EDGE('',*,*,#11587,.T.);
#11587 = EDGE_CURVE('',#11580,#11580,#11588,.T.);
#11588 = CIRCLE('',#11589,1.375);
#11589 = AXIS2_PLACEMENT_3D('',#11590,#11591,#11592);
#11590 = CARTESIAN_POINT('',(-30.48,22.86,-15.));
#11591 = DIRECTION('',(0.,0.,1.));
#11592 = DIRECTION('',(1.,0.,-0.));
#11593 = ORIENTED_EDGE('',*,*,#11579,.T.);
#11594 = CYLINDRICAL_SURFACE('',#11595,1.375);
#11595 = AXIS2_PLACEMENT_3D('',#11596,#11597,#11598);
#11596 = CARTESIAN_POINT('',(-30.48,22.86,-16.));
#11597 = DIRECTION('',(0.,0.,1.));
#11598 = DIRECTION('',(1.,0.,-0.));
#11599 = ADVANCED_FACE('',(#11600),#11619,.F.);
#11600 = FACE_BOUND('',#11601,.F.);
#11601 = EDGE_LOOP('',(#11602,#11603,#11611,#11618));
#11602 = ORIENTED_EDGE('',*,*,#4286,.F.);
#11603 = ORIENTED_EDGE('',*,*,#11604,.F.);
#11604 = EDGE_CURVE('',#11605,#4287,#11607,.T.);
#11605 = VERTEX_POINT('',#11606);
#11606 = CARTESIAN_POINT('',(-29.105,7.62,-15.));
#11607 = LINE('',#11608,#11609);
#11608 = CARTESIAN_POINT('',(-29.105,7.62,-16.));
#11609 = VECTOR('',#11610,1.);
#11610 = DIRECTION('',(0.,0.,1.));
#11611 = ORIENTED_EDGE('',*,*,#11612,.T.);
#11612 = EDGE_CURVE('',#11605,#11605,#11613,.T.);
#11613 = CIRCLE('',#11614,1.375);
#11614 = AXIS2_PLACEMENT_3D('',#11615,#11616,#11617);
#11615 = CARTESIAN_POINT('',(-30.48,7.62,-15.));
#11616 = DIRECTION('',(0.,0.,1.));
#11617 = DIRECTION('',(1.,0.,-0.));
#11618 = ORIENTED_EDGE('',*,*,#11604,.T.);
#11619 = CYLINDRICAL_SURFACE('',#11620,1.375);
#11620 = AXIS2_PLACEMENT_3D('',#11621,#11622,#11623);
#11621 = CARTESIAN_POINT('',(-30.48,7.62,-16.));
#11622 = DIRECTION('',(0.,0.,1.));
#11623 = DIRECTION('',(1.,0.,-0.));
#11624 = ADVANCED_FACE('',(#11625),#11644,.F.);
#11625 = FACE_BOUND('',#11626,.F.);
#11626 = EDGE_LOOP('',(#11627,#11628,#11636,#11643));
#11627 = ORIENTED_EDGE('',*,*,#4297,.F.);
#11628 = ORIENTED_EDGE('',*,*,#11629,.F.);
#11629 = EDGE_CURVE('',#11630,#4298,#11632,.T.);
#11630 = VERTEX_POINT('',#11631);
#11631 = CARTESIAN_POINT('',(-13.865,22.86,-15.));
#11632 = LINE('',#11633,#11634);
#11633 = CARTESIAN_POINT('',(-13.865,22.86,-16.));
#11634 = VECTOR('',#11635,1.);
#11635 = DIRECTION('',(0.,0.,1.));
#11636 = ORIENTED_EDGE('',*,*,#11637,.T.);
#11637 = EDGE_CURVE('',#11630,#11630,#11638,.T.);
#11638 = CIRCLE('',#11639,1.375);
#11639 = AXIS2_PLACEMENT_3D('',#11640,#11641,#11642);
#11640 = CARTESIAN_POINT('',(-15.24,22.86,-15.));
#11641 = DIRECTION('',(0.,0.,1.));
#11642 = DIRECTION('',(1.,0.,-0.));
#11643 = ORIENTED_EDGE('',*,*,#11629,.T.);
#11644 = CYLINDRICAL_SURFACE('',#11645,1.375);
#11645 = AXIS2_PLACEMENT_3D('',#11646,#11647,#11648);
#11646 = CARTESIAN_POINT('',(-15.24,22.86,-16.));
#11647 = DIRECTION('',(0.,0.,1.));
#11648 = DIRECTION('',(1.,0.,-0.));
#11649 = ADVANCED_FACE('',(#11650),#11669,.F.);
#11650 = FACE_BOUND('',#11651,.F.);
#11651 = EDGE_LOOP('',(#11652,#11653,#11661,#11668));
#11652 = ORIENTED_EDGE('',*,*,#4308,.F.);
#11653 = ORIENTED_EDGE('',*,*,#11654,.F.);
#11654 = EDGE_CURVE('',#11655,#4309,#11657,.T.);
#11655 = VERTEX_POINT('',#11656);
#11656 = CARTESIAN_POINT('',(-13.865,-7.62,-15.));
#11657 = LINE('',#11658,#11659);
#11658 = CARTESIAN_POINT('',(-13.865,-7.62,-16.));
#11659 = VECTOR('',#11660,1.);
#11660 = DIRECTION('',(0.,0.,1.));
#11661 = ORIENTED_EDGE('',*,*,#11662,.T.);
#11662 = EDGE_CURVE('',#11655,#11655,#11663,.T.);
#11663 = CIRCLE('',#11664,1.375);
#11664 = AXIS2_PLACEMENT_3D('',#11665,#11666,#11667);
#11665 = CARTESIAN_POINT('',(-15.24,-7.62,-15.));
#11666 = DIRECTION('',(0.,0.,1.));
#11667 = DIRECTION('',(1.,0.,-0.));
#11668 = ORIENTED_EDGE('',*,*,#11654,.T.);
#11669 = CYLINDRICAL_SURFACE('',#11670,1.375);
#11670 = AXIS2_PLACEMENT_3D('',#11671,#11672,#11673);
#11671 = CARTESIAN_POINT('',(-15.24,-7.62,-16.));
#11672 = DIRECTION('',(0.,0.,1.));
#11673 = DIRECTION('',(1.,0.,-0.));
#11674 = ADVANCED_FACE('',(#11675),#11694,.F.);
#11675 = FACE_BOUND('',#11676,.F.);
#11676 = EDGE_LOOP('',(#11677,#11678,#11686,#11693));
#11677 = ORIENTED_EDGE('',*,*,#4319,.F.);
#11678 = ORIENTED_EDGE('',*,*,#11679,.F.);
#11679 = EDGE_CURVE('',#11680,#4320,#11682,.T.);
#11680 = VERTEX_POINT('',#11681);
#11681 = CARTESIAN_POINT('',(31.855,22.86,-15.));
#11682 = LINE('',#11683,#11684);
#11683 = CARTESIAN_POINT('',(31.855,22.86,-16.));
#11684 = VECTOR('',#11685,1.);
#11685 = DIRECTION('',(0.,0.,1.));
#11686 = ORIENTED_EDGE('',*,*,#11687,.T.);
#11687 = EDGE_CURVE('',#11680,#11680,#11688,.T.);
#11688 = CIRCLE('',#11689,1.375);
#11689 = AXIS2_PLACEMENT_3D('',#11690,#11691,#11692);
#11690 = CARTESIAN_POINT('',(30.48,22.86,-15.));
#11691 = DIRECTION('',(0.,0.,1.));
#11692 = DIRECTION('',(1.,0.,-0.));
#11693 = ORIENTED_EDGE('',*,*,#11679,.T.);
#11694 = CYLINDRICAL_SURFACE('',#11695,1.375);
#11695 = AXIS2_PLACEMENT_3D('',#11696,#11697,#11698);
#11696 = CARTESIAN_POINT('',(30.48,22.86,-16.));
#11697 = DIRECTION('',(0.,0.,1.));
#11698 = DIRECTION('',(1.,0.,-0.));
#11699 = ADVANCED_FACE('',(#11700),#11719,.F.);
#11700 = FACE_BOUND('',#11701,.F.);
#11701 = EDGE_LOOP('',(#11702,#11703,#11711,#11718));
#11702 = ORIENTED_EDGE('',*,*,#4330,.F.);
#11703 = ORIENTED_EDGE('',*,*,#11704,.F.);
#11704 = EDGE_CURVE('',#11705,#4331,#11707,.T.);
#11705 = VERTEX_POINT('',#11706);
#11706 = CARTESIAN_POINT('',(-29.105,-7.62,-15.));
#11707 = LINE('',#11708,#11709);
#11708 = CARTESIAN_POINT('',(-29.105,-7.62,-16.));
#11709 = VECTOR('',#11710,1.);
#11710 = DIRECTION('',(0.,0.,1.));
#11711 = ORIENTED_EDGE('',*,*,#11712,.T.);
#11712 = EDGE_CURVE('',#11705,#11705,#11713,.T.);
#11713 = CIRCLE('',#11714,1.375);
#11714 = AXIS2_PLACEMENT_3D('',#11715,#11716,#11717);
#11715 = CARTESIAN_POINT('',(-30.48,-7.62,-15.));
#11716 = DIRECTION('',(0.,0.,1.));
#11717 = DIRECTION('',(1.,0.,-0.));
#11718 = ORIENTED_EDGE('',*,*,#11704,.T.);
#11719 = CYLINDRICAL_SURFACE('',#11720,1.375);
#11720 = AXIS2_PLACEMENT_3D('',#11721,#11722,#11723);
#11721 = CARTESIAN_POINT('',(-30.48,-7.62,-16.));
#11722 = DIRECTION('',(0.,0.,1.));
#11723 = DIRECTION('',(1.,0.,-0.));
#11724 = ADVANCED_FACE('',(#11725),#11744,.F.);
#11725 = FACE_BOUND('',#11726,.F.);
#11726 = EDGE_LOOP('',(#11727,#11728,#11736,#11743));
#11727 = ORIENTED_EDGE('',*,*,#4341,.F.);
#11728 = ORIENTED_EDGE('',*,*,#11729,.F.);
#11729 = EDGE_CURVE('',#11730,#4342,#11732,.T.);
#11730 = VERTEX_POINT('',#11731);
#11731 = CARTESIAN_POINT('',(16.615,-7.62,-15.));
#11732 = LINE('',#11733,#11734);
#11733 = CARTESIAN_POINT('',(16.615,-7.62,-16.));
#11734 = VECTOR('',#11735,1.);
#11735 = DIRECTION('',(0.,0.,1.));
#11736 = ORIENTED_EDGE('',*,*,#11737,.T.);
#11737 = EDGE_CURVE('',#11730,#11730,#11738,.T.);
#11738 = CIRCLE('',#11739,1.375);
#11739 = AXIS2_PLACEMENT_3D('',#11740,#11741,#11742);
#11740 = CARTESIAN_POINT('',(15.24,-7.62,-15.));
#11741 = DIRECTION('',(0.,0.,1.));
#11742 = DIRECTION('',(1.,0.,-0.));
#11743 = ORIENTED_EDGE('',*,*,#11729,.T.);
#11744 = CYLINDRICAL_SURFACE('',#11745,1.375);
#11745 = AXIS2_PLACEMENT_3D('',#11746,#11747,#11748);
#11746 = CARTESIAN_POINT('',(15.24,-7.62,-16.));
#11747 = DIRECTION('',(0.,0.,1.));
#11748 = DIRECTION('',(1.,0.,-0.));
#11749 = ADVANCED_FACE('',(#11750),#11769,.F.);
#11750 = FACE_BOUND('',#11751,.F.);
#11751 = EDGE_LOOP('',(#11752,#11753,#11761,#11768));
#11752 = ORIENTED_EDGE('',*,*,#4352,.F.);
#11753 = ORIENTED_EDGE('',*,*,#11754,.F.);
#11754 = EDGE_CURVE('',#11755,#4353,#11757,.T.);
#11755 = VERTEX_POINT('',#11756);
#11756 = CARTESIAN_POINT('',(1.375,22.86,-15.));
#11757 = LINE('',#11758,#11759);
#11758 = CARTESIAN_POINT('',(1.375,22.86,-16.));
#11759 = VECTOR('',#11760,1.);
#11760 = DIRECTION('',(0.,0.,1.));
#11761 = ORIENTED_EDGE('',*,*,#11762,.T.);
#11762 = EDGE_CURVE('',#11755,#11755,#11763,.T.);
#11763 = CIRCLE('',#11764,1.375);
#11764 = AXIS2_PLACEMENT_3D('',#11765,#11766,#11767);
#11765 = CARTESIAN_POINT('',(7.105427357601E-15,22.86,-15.));
#11766 = DIRECTION('',(0.,0.,1.));
#11767 = DIRECTION('',(1.,0.,-0.));
#11768 = ORIENTED_EDGE('',*,*,#11754,.T.);
#11769 = CYLINDRICAL_SURFACE('',#11770,1.375);
#11770 = AXIS2_PLACEMENT_3D('',#11771,#11772,#11773);
#11771 = CARTESIAN_POINT('',(7.105427357601E-15,22.86,-16.));
#11772 = DIRECTION('',(0.,0.,1.));
#11773 = DIRECTION('',(1.,0.,-0.));
#11774 = ADVANCED_FACE('',(#11775),#11801,.F.);
#11775 = FACE_BOUND('',#11776,.F.);
#11776 = EDGE_LOOP('',(#11777,#11778,#11786,#11795));
#11777 = ORIENTED_EDGE('',*,*,#4363,.F.);
#11778 = ORIENTED_EDGE('',*,*,#11779,.F.);
#11779 = EDGE_CURVE('',#11780,#4364,#11782,.T.);
#11780 = VERTEX_POINT('',#11781);
#11781 = CARTESIAN_POINT('',(-21.,3.735083679079,-15.));
#11782 = LINE('',#11783,#11784);
#11783 = CARTESIAN_POINT('',(-21.,3.735083679079,-16.));
#11784 = VECTOR('',#11785,1.);
#11785 = DIRECTION('',(0.,0.,1.));
#11786 = ORIENTED_EDGE('',*,*,#11787,.T.);
#11787 = EDGE_CURVE('',#11780,#11788,#11790,.T.);
#11788 = VERTEX_POINT('',#11789);
#11789 = CARTESIAN_POINT('',(-21.,1.344916320921,-15.));
#11790 = CIRCLE('',#11791,1.375);
#11791 = AXIS2_PLACEMENT_3D('',#11792,#11793,#11794);
#11792 = CARTESIAN_POINT('',(-20.32,2.54,-15.));
#11793 = DIRECTION('',(0.,0.,1.));
#11794 = DIRECTION('',(1.,0.,-0.));
#11795 = ORIENTED_EDGE('',*,*,#11796,.T.);
#11796 = EDGE_CURVE('',#11788,#4366,#11797,.T.);
#11797 = LINE('',#11798,#11799);
#11798 = CARTESIAN_POINT('',(-21.,1.344916320921,-16.));
#11799 = VECTOR('',#11800,1.);
#11800 = DIRECTION('',(0.,0.,1.));
#11801 = CYLINDRICAL_SURFACE('',#11802,1.375);
#11802 = AXIS2_PLACEMENT_3D('',#11803,#11804,#11805);
#11803 = CARTESIAN_POINT('',(-20.32,2.54,-16.));
#11804 = DIRECTION('',(0.,0.,1.));
#11805 = DIRECTION('',(1.,0.,-0.));
#11806 = ADVANCED_FACE('',(#11807),#11818,.F.);
#11807 = FACE_BOUND('',#11808,.F.);
#11808 = EDGE_LOOP('',(#11809,#11810,#11811,#11817));
#11809 = ORIENTED_EDGE('',*,*,#4374,.F.);
#11810 = ORIENTED_EDGE('',*,*,#11796,.F.);
#11811 = ORIENTED_EDGE('',*,*,#11812,.T.);
#11812 = EDGE_CURVE('',#11788,#11780,#11813,.T.);
#11813 = LINE('',#11814,#11815);
#11814 = CARTESIAN_POINT('',(-21.,-4.6,-15.));
#11815 = VECTOR('',#11816,1.);
#11816 = DIRECTION('',(-0.,1.,0.));
#11817 = ORIENTED_EDGE('',*,*,#11779,.T.);
#11818 = PLANE('',#11819);
#11819 = AXIS2_PLACEMENT_3D('',#11820,#11821,#11822);
#11820 = CARTESIAN_POINT('',(-21.,-4.6,-15.));
#11821 = DIRECTION('',(1.,0.,-0.));
#11822 = DIRECTION('',(0.,0.,1.));
#11823 = ADVANCED_FACE('',(#11824),#11849,.T.);
#11824 = FACE_BOUND('',#11825,.T.);
#11825 = EDGE_LOOP('',(#11826,#11834,#11842,#11848));
#11826 = ORIENTED_EDGE('',*,*,#11827,.F.);
#11827 = EDGE_CURVE('',#11828,#4383,#11830,.T.);
#11828 = VERTEX_POINT('',#11829);
#11829 = CARTESIAN_POINT('',(21.,-3.735083679079,-15.));
#11830 = LINE('',#11831,#11832);
#11831 = CARTESIAN_POINT('',(21.,-3.735083679079,-16.));
#11832 = VECTOR('',#11833,1.);
#11833 = DIRECTION('',(0.,0.,1.));
#11834 = ORIENTED_EDGE('',*,*,#11835,.T.);
#11835 = EDGE_CURVE('',#11828,#11836,#11838,.T.);
#11836 = VERTEX_POINT('',#11837);
#11837 = CARTESIAN_POINT('',(21.,-1.344916320921,-15.));
#11838 = LINE('',#11839,#11840);
#11839 = CARTESIAN_POINT('',(21.,-4.6,-15.));
#11840 = VECTOR('',#11841,1.);
#11841 = DIRECTION('',(-0.,1.,0.));
#11842 = ORIENTED_EDGE('',*,*,#11843,.T.);
#11843 = EDGE_CURVE('',#11836,#4394,#11844,.T.);
#11844 = LINE('',#11845,#11846);
#11845 = CARTESIAN_POINT('',(21.,-1.344916320921,-16.));
#11846 = VECTOR('',#11847,1.);
#11847 = DIRECTION('',(0.,0.,1.));
#11848 = ORIENTED_EDGE('',*,*,#4393,.F.);
#11849 = PLANE('',#11850);
#11850 = AXIS2_PLACEMENT_3D('',#11851,#11852,#11853);
#11851 = CARTESIAN_POINT('',(21.,-4.6,-15.));
#11852 = DIRECTION('',(1.,0.,-0.));
#11853 = DIRECTION('',(0.,0.,1.));
#11854 = ADVANCED_FACE('',(#11855,#11883,#11904,#11925,#11946,#11967,
    #11973,#11979,#11985,#11991,#12012,#12018,#12039,#12060,#12066,
    #12087,#12093,#12114,#12135,#12156,#12177,#12183,#12189,#12195,
    #12201,#12207,#12213,#12219,#12225,#12231,#12252,#12258,#12264,
    #12285,#12291,#12297,#12303,#12309,#12330,#12351,#12372,#12393,
    #12414,#12420,#12441,#12462,#12483,#12504,#12525,#12546,#12552,
    #12558,#12564,#12585,#12591,#12612,#12633,#12654,#12675,#12681,
    #12687,#12708,#12714,#12735,#12741,#12762,#12768,#12774,#12795,
    #12801,#12809,#12817,#12823,#12829,#12835,#12841,#12848,#12855,
    #12858,#12861,#12864,#12867,#12870,#12873,#12876,#12879,#12882,
    #12885,#12888,#12891,#12894,#12897,#12900,#12903,#12906,#12909,
    #12912,#12915,#12919),#12938,.T.);
#11855 = FACE_BOUND('',#11856,.T.);
#11856 = EDGE_LOOP('',(#11857,#11858,#11859,#11865,#11866,#11867,#11868,
    #11869,#11870,#11871,#11872,#11878,#11879,#11880,#11881,#11882));
#11857 = ORIENTED_EDGE('',*,*,#265,.T.);
#11858 = ORIENTED_EDGE('',*,*,#287,.F.);
#11859 = ORIENTED_EDGE('',*,*,#11860,.T.);
#11860 = EDGE_CURVE('',#288,#700,#11861,.T.);
#11861 = LINE('',#11862,#11863);
#11862 = CARTESIAN_POINT('',(-45.1,-19.,-15.));
#11863 = VECTOR('',#11864,1.);
#11864 = DIRECTION('',(-0.,1.,0.));
#11865 = ORIENTED_EDGE('',*,*,#699,.T.);
#11866 = ORIENTED_EDGE('',*,*,#764,.T.);
#11867 = ORIENTED_EDGE('',*,*,#786,.T.);
#11868 = ORIENTED_EDGE('',*,*,#819,.T.);
#11869 = ORIENTED_EDGE('',*,*,#850,.F.);
#11870 = ORIENTED_EDGE('',*,*,#899,.F.);
#11871 = ORIENTED_EDGE('',*,*,#914,.T.);
#11872 = ORIENTED_EDGE('',*,*,#11873,.F.);
#11873 = EDGE_CURVE('',#401,#915,#11874,.T.);
#11874 = LINE('',#11875,#11876);
#11875 = CARTESIAN_POINT('',(45.1,-19.,-15.));
#11876 = VECTOR('',#11877,1.);
#11877 = DIRECTION('',(-0.,1.,0.));
#11878 = ORIENTED_EDGE('',*,*,#398,.F.);
#11879 = ORIENTED_EDGE('',*,*,#470,.F.);
#11880 = ORIENTED_EDGE('',*,*,#485,.T.);
#11881 = ORIENTED_EDGE('',*,*,#367,.F.);
#11882 = ORIENTED_EDGE('',*,*,#334,.F.);
#11883 = FACE_BOUND('',#11884,.T.);
#11884 = EDGE_LOOP('',(#11885,#11886,#11887,#11896,#11903));
#11885 = ORIENTED_EDGE('',*,*,#4425,.T.);
#11886 = ORIENTED_EDGE('',*,*,#4472,.F.);
#11887 = ORIENTED_EDGE('',*,*,#11888,.T.);
#11888 = EDGE_CURVE('',#4473,#11889,#11891,.T.);
#11889 = VERTEX_POINT('',#11890);
#11890 = CARTESIAN_POINT('',(36.935,27.94,-15.));
#11891 = CIRCLE('',#11892,1.375);
#11892 = AXIS2_PLACEMENT_3D('',#11893,#11894,#11895);
#11893 = CARTESIAN_POINT('',(35.56,27.94,-15.));
#11894 = DIRECTION('',(0.,0.,1.));
#11895 = DIRECTION('',(1.,0.,-0.));
#11896 = ORIENTED_EDGE('',*,*,#11897,.T.);
#11897 = EDGE_CURVE('',#11889,#4449,#11898,.T.);
#11898 = CIRCLE('',#11899,1.375);
#11899 = AXIS2_PLACEMENT_3D('',#11900,#11901,#11902);
#11900 = CARTESIAN_POINT('',(35.56,27.94,-15.));
#11901 = DIRECTION('',(0.,0.,1.));
#11902 = DIRECTION('',(1.,0.,-0.));
#11903 = ORIENTED_EDGE('',*,*,#4448,.T.);
#11904 = FACE_BOUND('',#11905,.T.);
#11905 = EDGE_LOOP('',(#11906,#11907,#11908,#11917,#11924));
#11906 = ORIENTED_EDGE('',*,*,#4505,.T.);
#11907 = ORIENTED_EDGE('',*,*,#4552,.F.);
#11908 = ORIENTED_EDGE('',*,*,#11909,.T.);
#11909 = EDGE_CURVE('',#4553,#11910,#11912,.T.);
#11910 = VERTEX_POINT('',#11911);
#11911 = CARTESIAN_POINT('',(36.935,-2.54,-15.));
#11912 = CIRCLE('',#11913,1.375);
#11913 = AXIS2_PLACEMENT_3D('',#11914,#11915,#11916);
#11914 = CARTESIAN_POINT('',(35.56,-2.54,-15.));
#11915 = DIRECTION('',(0.,0.,1.));
#11916 = DIRECTION('',(1.,0.,-0.));
#11917 = ORIENTED_EDGE('',*,*,#11918,.T.);
#11918 = EDGE_CURVE('',#11910,#4529,#11919,.T.);
#11919 = CIRCLE('',#11920,1.375);
#11920 = AXIS2_PLACEMENT_3D('',#11921,#11922,#11923);
#11921 = CARTESIAN_POINT('',(35.56,-2.54,-15.));
#11922 = DIRECTION('',(0.,0.,1.));
#11923 = DIRECTION('',(1.,0.,-0.));
#11924 = ORIENTED_EDGE('',*,*,#4528,.T.);
#11925 = FACE_BOUND('',#11926,.T.);
#11926 = EDGE_LOOP('',(#11927,#11928,#11929,#11938,#11945));
#11927 = ORIENTED_EDGE('',*,*,#4585,.T.);
#11928 = ORIENTED_EDGE('',*,*,#4632,.F.);
#11929 = ORIENTED_EDGE('',*,*,#11930,.T.);
#11930 = EDGE_CURVE('',#4633,#11931,#11933,.T.);
#11931 = VERTEX_POINT('',#11932);
#11932 = CARTESIAN_POINT('',(36.935,12.7,-15.));
#11933 = CIRCLE('',#11934,1.375);
#11934 = AXIS2_PLACEMENT_3D('',#11935,#11936,#11937);
#11935 = CARTESIAN_POINT('',(35.56,12.7,-15.));
#11936 = DIRECTION('',(0.,0.,1.));
#11937 = DIRECTION('',(1.,0.,-0.));
#11938 = ORIENTED_EDGE('',*,*,#11939,.T.);
#11939 = EDGE_CURVE('',#11931,#4609,#11940,.T.);
#11940 = CIRCLE('',#11941,1.375);
#11941 = AXIS2_PLACEMENT_3D('',#11942,#11943,#11944);
#11942 = CARTESIAN_POINT('',(35.56,12.7,-15.));
#11943 = DIRECTION('',(0.,0.,1.));
#11944 = DIRECTION('',(1.,0.,-0.));
#11945 = ORIENTED_EDGE('',*,*,#4608,.T.);
#11946 = FACE_BOUND('',#11947,.T.);
#11947 = EDGE_LOOP('',(#11948,#11949,#11950,#11959,#11966));
#11948 = ORIENTED_EDGE('',*,*,#4665,.T.);
#11949 = ORIENTED_EDGE('',*,*,#4712,.F.);
#11950 = ORIENTED_EDGE('',*,*,#11951,.T.);
#11951 = EDGE_CURVE('',#4713,#11952,#11954,.T.);
#11952 = VERTEX_POINT('',#11953);
#11953 = CARTESIAN_POINT('',(36.935,-17.78,-15.));
#11954 = CIRCLE('',#11955,1.375);
#11955 = AXIS2_PLACEMENT_3D('',#11956,#11957,#11958);
#11956 = CARTESIAN_POINT('',(35.56,-17.78,-15.));
#11957 = DIRECTION('',(0.,0.,1.));
#11958 = DIRECTION('',(1.,0.,-0.));
#11959 = ORIENTED_EDGE('',*,*,#11960,.T.);
#11960 = EDGE_CURVE('',#11952,#4689,#11961,.T.);
#11961 = CIRCLE('',#11962,1.375);
#11962 = AXIS2_PLACEMENT_3D('',#11963,#11964,#11965);
#11963 = CARTESIAN_POINT('',(35.56,-17.78,-15.));
#11964 = DIRECTION('',(0.,0.,1.));
#11965 = DIRECTION('',(1.,0.,-0.));
#11966 = ORIENTED_EDGE('',*,*,#4688,.T.);
#11967 = FACE_BOUND('',#11968,.T.);
#11968 = EDGE_LOOP('',(#11969,#11970,#11971,#11972));
#11969 = ORIENTED_EDGE('',*,*,#4745,.T.);
#11970 = ORIENTED_EDGE('',*,*,#4800,.F.);
#11971 = ORIENTED_EDGE('',*,*,#4819,.T.);
#11972 = ORIENTED_EDGE('',*,*,#4776,.T.);
#11973 = FACE_BOUND('',#11974,.T.);
#11974 = EDGE_LOOP('',(#11975,#11976,#11977,#11978));
#11975 = ORIENTED_EDGE('',*,*,#4843,.T.);
#11976 = ORIENTED_EDGE('',*,*,#4898,.F.);
#11977 = ORIENTED_EDGE('',*,*,#4917,.T.);
#11978 = ORIENTED_EDGE('',*,*,#4874,.T.);
#11979 = FACE_BOUND('',#11980,.T.);
#11980 = EDGE_LOOP('',(#11981,#11982,#11983,#11984));
#11981 = ORIENTED_EDGE('',*,*,#4941,.T.);
#11982 = ORIENTED_EDGE('',*,*,#4996,.F.);
#11983 = ORIENTED_EDGE('',*,*,#5015,.T.);
#11984 = ORIENTED_EDGE('',*,*,#4972,.T.);
#11985 = FACE_BOUND('',#11986,.T.);
#11986 = EDGE_LOOP('',(#11987,#11988,#11989,#11990));
#11987 = ORIENTED_EDGE('',*,*,#5039,.T.);
#11988 = ORIENTED_EDGE('',*,*,#5094,.F.);
#11989 = ORIENTED_EDGE('',*,*,#5113,.T.);
#11990 = ORIENTED_EDGE('',*,*,#5070,.T.);
#11991 = FACE_BOUND('',#11992,.T.);
#11992 = EDGE_LOOP('',(#11993,#11994,#11995,#12004,#12011));
#11993 = ORIENTED_EDGE('',*,*,#5137,.T.);
#11994 = ORIENTED_EDGE('',*,*,#5184,.F.);
#11995 = ORIENTED_EDGE('',*,*,#11996,.T.);
#11996 = EDGE_CURVE('',#5185,#11997,#11999,.T.);
#11997 = VERTEX_POINT('',#11998);
#11998 = CARTESIAN_POINT('',(21.695,27.94,-15.));
#11999 = CIRCLE('',#12000,1.375);
#12000 = AXIS2_PLACEMENT_3D('',#12001,#12002,#12003);
#12001 = CARTESIAN_POINT('',(20.32,27.94,-15.));
#12002 = DIRECTION('',(0.,0.,1.));
#12003 = DIRECTION('',(1.,0.,-0.));
#12004 = ORIENTED_EDGE('',*,*,#12005,.T.);
#12005 = EDGE_CURVE('',#11997,#5161,#12006,.T.);
#12006 = CIRCLE('',#12007,1.375);
#12007 = AXIS2_PLACEMENT_3D('',#12008,#12009,#12010);
#12008 = CARTESIAN_POINT('',(20.32,27.94,-15.));
#12009 = DIRECTION('',(0.,0.,1.));
#12010 = DIRECTION('',(1.,0.,-0.));
#12011 = ORIENTED_EDGE('',*,*,#5160,.T.);
#12012 = FACE_BOUND('',#12013,.T.);
#12013 = EDGE_LOOP('',(#12014,#12015,#12016,#12017));
#12014 = ORIENTED_EDGE('',*,*,#5217,.T.);
#12015 = ORIENTED_EDGE('',*,*,#5272,.F.);
#12016 = ORIENTED_EDGE('',*,*,#5291,.T.);
#12017 = ORIENTED_EDGE('',*,*,#5248,.T.);
#12018 = FACE_BOUND('',#12019,.T.);
#12019 = EDGE_LOOP('',(#12020,#12021,#12022,#12031,#12038));
#12020 = ORIENTED_EDGE('',*,*,#5315,.T.);
#12021 = ORIENTED_EDGE('',*,*,#5362,.F.);
#12022 = ORIENTED_EDGE('',*,*,#12023,.T.);
#12023 = EDGE_CURVE('',#5363,#12024,#12026,.T.);
#12024 = VERTEX_POINT('',#12025);
#12025 = CARTESIAN_POINT('',(21.695,-17.78,-15.));
#12026 = CIRCLE('',#12027,1.375);
#12027 = AXIS2_PLACEMENT_3D('',#12028,#12029,#12030);
#12028 = CARTESIAN_POINT('',(20.32,-17.78,-15.));
#12029 = DIRECTION('',(0.,0.,1.));
#12030 = DIRECTION('',(1.,0.,-0.));
#12031 = ORIENTED_EDGE('',*,*,#12032,.T.);
#12032 = EDGE_CURVE('',#12024,#5339,#12033,.T.);
#12033 = CIRCLE('',#12034,1.375);
#12034 = AXIS2_PLACEMENT_3D('',#12035,#12036,#12037);
#12035 = CARTESIAN_POINT('',(20.32,-17.78,-15.));
#12036 = DIRECTION('',(0.,0.,1.));
#12037 = DIRECTION('',(1.,0.,-0.));
#12038 = ORIENTED_EDGE('',*,*,#5338,.T.);
#12039 = FACE_BOUND('',#12040,.T.);
#12040 = EDGE_LOOP('',(#12041,#12042,#12043,#12052,#12059));
#12041 = ORIENTED_EDGE('',*,*,#5395,.T.);
#12042 = ORIENTED_EDGE('',*,*,#5442,.F.);
#12043 = ORIENTED_EDGE('',*,*,#12044,.T.);
#12044 = EDGE_CURVE('',#5443,#12045,#12047,.T.);
#12045 = VERTEX_POINT('',#12046);
#12046 = CARTESIAN_POINT('',(21.695,12.7,-15.));
#12047 = CIRCLE('',#12048,1.375);
#12048 = AXIS2_PLACEMENT_3D('',#12049,#12050,#12051);
#12049 = CARTESIAN_POINT('',(20.32,12.7,-15.));
#12050 = DIRECTION('',(0.,0.,1.));
#12051 = DIRECTION('',(1.,0.,-0.));
#12052 = ORIENTED_EDGE('',*,*,#12053,.T.);
#12053 = EDGE_CURVE('',#12045,#5419,#12054,.T.);
#12054 = CIRCLE('',#12055,1.375);
#12055 = AXIS2_PLACEMENT_3D('',#12056,#12057,#12058);
#12056 = CARTESIAN_POINT('',(20.32,12.7,-15.));
#12057 = DIRECTION('',(0.,0.,1.));
#12058 = DIRECTION('',(1.,0.,-0.));
#12059 = ORIENTED_EDGE('',*,*,#5418,.T.);
#12060 = FACE_BOUND('',#12061,.T.);
#12061 = EDGE_LOOP('',(#12062,#12063,#12064,#12065));
#12062 = ORIENTED_EDGE('',*,*,#5475,.T.);
#12063 = ORIENTED_EDGE('',*,*,#5530,.F.);
#12064 = ORIENTED_EDGE('',*,*,#5549,.T.);
#12065 = ORIENTED_EDGE('',*,*,#5506,.T.);
#12066 = FACE_BOUND('',#12067,.T.);
#12067 = EDGE_LOOP('',(#12068,#12069,#12070,#12079,#12086));
#12068 = ORIENTED_EDGE('',*,*,#5573,.T.);
#12069 = ORIENTED_EDGE('',*,*,#5620,.F.);
#12070 = ORIENTED_EDGE('',*,*,#12071,.T.);
#12071 = EDGE_CURVE('',#5621,#12072,#12074,.T.);
#12072 = VERTEX_POINT('',#12073);
#12073 = CARTESIAN_POINT('',(-29.105,-12.7,-15.));
#12074 = CIRCLE('',#12075,1.375);
#12075 = AXIS2_PLACEMENT_3D('',#12076,#12077,#12078);
#12076 = CARTESIAN_POINT('',(-30.48,-12.7,-15.));
#12077 = DIRECTION('',(0.,0.,1.));
#12078 = DIRECTION('',(1.,0.,-0.));
#12079 = ORIENTED_EDGE('',*,*,#12080,.T.);
#12080 = EDGE_CURVE('',#12072,#5597,#12081,.T.);
#12081 = CIRCLE('',#12082,1.375);
#12082 = AXIS2_PLACEMENT_3D('',#12083,#12084,#12085);
#12083 = CARTESIAN_POINT('',(-30.48,-12.7,-15.));
#12084 = DIRECTION('',(0.,0.,1.));
#12085 = DIRECTION('',(1.,0.,-0.));
#12086 = ORIENTED_EDGE('',*,*,#5596,.T.);
#12087 = FACE_BOUND('',#12088,.T.);
#12088 = EDGE_LOOP('',(#12089,#12090,#12091,#12092));
#12089 = ORIENTED_EDGE('',*,*,#5653,.T.);
#12090 = ORIENTED_EDGE('',*,*,#5708,.F.);
#12091 = ORIENTED_EDGE('',*,*,#5727,.T.);
#12092 = ORIENTED_EDGE('',*,*,#5684,.T.);
#12093 = FACE_BOUND('',#12094,.T.);
#12094 = EDGE_LOOP('',(#12095,#12096,#12097,#12106,#12113));
#12095 = ORIENTED_EDGE('',*,*,#5751,.T.);
#12096 = ORIENTED_EDGE('',*,*,#5798,.F.);
#12097 = ORIENTED_EDGE('',*,*,#12098,.T.);
#12098 = EDGE_CURVE('',#5799,#12099,#12101,.T.);
#12099 = VERTEX_POINT('',#12100);
#12100 = CARTESIAN_POINT('',(-29.105,17.78,-15.));
#12101 = CIRCLE('',#12102,1.375);
#12102 = AXIS2_PLACEMENT_3D('',#12103,#12104,#12105);
#12103 = CARTESIAN_POINT('',(-30.48,17.78,-15.));
#12104 = DIRECTION('',(0.,0.,1.));
#12105 = DIRECTION('',(1.,0.,-0.));
#12106 = ORIENTED_EDGE('',*,*,#12107,.T.);
#12107 = EDGE_CURVE('',#12099,#5775,#12108,.T.);
#12108 = CIRCLE('',#12109,1.375);
#12109 = AXIS2_PLACEMENT_3D('',#12110,#12111,#12112);
#12110 = CARTESIAN_POINT('',(-30.48,17.78,-15.));
#12111 = DIRECTION('',(0.,0.,1.));
#12112 = DIRECTION('',(1.,0.,-0.));
#12113 = ORIENTED_EDGE('',*,*,#5774,.T.);
#12114 = FACE_BOUND('',#12115,.T.);
#12115 = EDGE_LOOP('',(#12116,#12117,#12118,#12127,#12134));
#12116 = ORIENTED_EDGE('',*,*,#5831,.T.);
#12117 = ORIENTED_EDGE('',*,*,#5878,.F.);
#12118 = ORIENTED_EDGE('',*,*,#12119,.T.);
#12119 = EDGE_CURVE('',#5879,#12120,#12122,.T.);
#12120 = VERTEX_POINT('',#12121);
#12121 = CARTESIAN_POINT('',(-8.785,12.7,-15.));
#12122 = CIRCLE('',#12123,1.375);
#12123 = AXIS2_PLACEMENT_3D('',#12124,#12125,#12126);
#12124 = CARTESIAN_POINT('',(-10.16,12.7,-15.));
#12125 = DIRECTION('',(0.,0.,1.));
#12126 = DIRECTION('',(1.,0.,-0.));
#12127 = ORIENTED_EDGE('',*,*,#12128,.T.);
#12128 = EDGE_CURVE('',#12120,#5855,#12129,.T.);
#12129 = CIRCLE('',#12130,1.375);
#12130 = AXIS2_PLACEMENT_3D('',#12131,#12132,#12133);
#12131 = CARTESIAN_POINT('',(-10.16,12.7,-15.));
#12132 = DIRECTION('',(0.,0.,1.));
#12133 = DIRECTION('',(1.,0.,-0.));
#12134 = ORIENTED_EDGE('',*,*,#5854,.T.);
#12135 = FACE_BOUND('',#12136,.T.);
#12136 = EDGE_LOOP('',(#12137,#12138,#12139,#12148,#12155));
#12137 = ORIENTED_EDGE('',*,*,#5911,.T.);
#12138 = ORIENTED_EDGE('',*,*,#5958,.F.);
#12139 = ORIENTED_EDGE('',*,*,#12140,.T.);
#12140 = EDGE_CURVE('',#5959,#12141,#12143,.T.);
#12141 = VERTEX_POINT('',#12142);
#12142 = CARTESIAN_POINT('',(-29.105,2.54,-15.));
#12143 = CIRCLE('',#12144,1.375);
#12144 = AXIS2_PLACEMENT_3D('',#12145,#12146,#12147);
#12145 = CARTESIAN_POINT('',(-30.48,2.54,-15.));
#12146 = DIRECTION('',(0.,0.,1.));
#12147 = DIRECTION('',(1.,0.,-0.));
#12148 = ORIENTED_EDGE('',*,*,#12149,.T.);
#12149 = EDGE_CURVE('',#12141,#5935,#12150,.T.);
#12150 = CIRCLE('',#12151,1.375);
#12151 = AXIS2_PLACEMENT_3D('',#12152,#12153,#12154);
#12152 = CARTESIAN_POINT('',(-30.48,2.54,-15.));
#12153 = DIRECTION('',(0.,0.,1.));
#12154 = DIRECTION('',(1.,0.,-0.));
#12155 = ORIENTED_EDGE('',*,*,#5934,.T.);
#12156 = FACE_BOUND('',#12157,.T.);
#12157 = EDGE_LOOP('',(#12158,#12159,#12160,#12169,#12176));
#12158 = ORIENTED_EDGE('',*,*,#5991,.T.);
#12159 = ORIENTED_EDGE('',*,*,#6038,.F.);
#12160 = ORIENTED_EDGE('',*,*,#12161,.T.);
#12161 = EDGE_CURVE('',#6039,#12162,#12164,.T.);
#12162 = VERTEX_POINT('',#12163);
#12163 = CARTESIAN_POINT('',(-29.105,-27.94,-15.));
#12164 = CIRCLE('',#12165,1.375);
#12165 = AXIS2_PLACEMENT_3D('',#12166,#12167,#12168);
#12166 = CARTESIAN_POINT('',(-30.48,-27.94,-15.));
#12167 = DIRECTION('',(0.,0.,1.));
#12168 = DIRECTION('',(1.,0.,-0.));
#12169 = ORIENTED_EDGE('',*,*,#12170,.T.);
#12170 = EDGE_CURVE('',#12162,#6015,#12171,.T.);
#12171 = CIRCLE('',#12172,1.375);
#12172 = AXIS2_PLACEMENT_3D('',#12173,#12174,#12175);
#12173 = CARTESIAN_POINT('',(-30.48,-27.94,-15.));
#12174 = DIRECTION('',(0.,0.,1.));
#12175 = DIRECTION('',(1.,0.,-0.));
#12176 = ORIENTED_EDGE('',*,*,#6014,.T.);
#12177 = FACE_BOUND('',#12178,.T.);
#12178 = EDGE_LOOP('',(#12179,#12180,#12181,#12182));
#12179 = ORIENTED_EDGE('',*,*,#6071,.T.);
#12180 = ORIENTED_EDGE('',*,*,#6126,.F.);
#12181 = ORIENTED_EDGE('',*,*,#6145,.T.);
#12182 = ORIENTED_EDGE('',*,*,#6102,.T.);
#12183 = FACE_BOUND('',#12184,.T.);
#12184 = EDGE_LOOP('',(#12185,#12186,#12187,#12188));
#12185 = ORIENTED_EDGE('',*,*,#6169,.T.);
#12186 = ORIENTED_EDGE('',*,*,#6224,.F.);
#12187 = ORIENTED_EDGE('',*,*,#6243,.T.);
#12188 = ORIENTED_EDGE('',*,*,#6200,.T.);
#12189 = FACE_BOUND('',#12190,.T.);
#12190 = EDGE_LOOP('',(#12191,#12192,#12193,#12194));
#12191 = ORIENTED_EDGE('',*,*,#6267,.T.);
#12192 = ORIENTED_EDGE('',*,*,#6322,.F.);
#12193 = ORIENTED_EDGE('',*,*,#6341,.T.);
#12194 = ORIENTED_EDGE('',*,*,#6298,.T.);
#12195 = FACE_BOUND('',#12196,.T.);
#12196 = EDGE_LOOP('',(#12197,#12198,#12199,#12200));
#12197 = ORIENTED_EDGE('',*,*,#6365,.T.);
#12198 = ORIENTED_EDGE('',*,*,#6420,.F.);
#12199 = ORIENTED_EDGE('',*,*,#6439,.T.);
#12200 = ORIENTED_EDGE('',*,*,#6396,.T.);
#12201 = FACE_BOUND('',#12202,.T.);
#12202 = EDGE_LOOP('',(#12203,#12204,#12205,#12206));
#12203 = ORIENTED_EDGE('',*,*,#6463,.T.);
#12204 = ORIENTED_EDGE('',*,*,#6518,.F.);
#12205 = ORIENTED_EDGE('',*,*,#6537,.T.);
#12206 = ORIENTED_EDGE('',*,*,#6494,.T.);
#12207 = FACE_BOUND('',#12208,.T.);
#12208 = EDGE_LOOP('',(#12209,#12210,#12211,#12212));
#12209 = ORIENTED_EDGE('',*,*,#6561,.T.);
#12210 = ORIENTED_EDGE('',*,*,#6616,.F.);
#12211 = ORIENTED_EDGE('',*,*,#6635,.T.);
#12212 = ORIENTED_EDGE('',*,*,#6592,.T.);
#12213 = FACE_BOUND('',#12214,.T.);
#12214 = EDGE_LOOP('',(#12215,#12216,#12217,#12218));
#12215 = ORIENTED_EDGE('',*,*,#6659,.T.);
#12216 = ORIENTED_EDGE('',*,*,#6714,.F.);
#12217 = ORIENTED_EDGE('',*,*,#6733,.T.);
#12218 = ORIENTED_EDGE('',*,*,#6690,.T.);
#12219 = FACE_BOUND('',#12220,.T.);
#12220 = EDGE_LOOP('',(#12221,#12222,#12223,#12224));
#12221 = ORIENTED_EDGE('',*,*,#6757,.T.);
#12222 = ORIENTED_EDGE('',*,*,#6812,.F.);
#12223 = ORIENTED_EDGE('',*,*,#6831,.T.);
#12224 = ORIENTED_EDGE('',*,*,#6788,.T.);
#12225 = FACE_BOUND('',#12226,.T.);
#12226 = EDGE_LOOP('',(#12227,#12228,#12229,#12230));
#12227 = ORIENTED_EDGE('',*,*,#6855,.T.);
#12228 = ORIENTED_EDGE('',*,*,#6910,.F.);
#12229 = ORIENTED_EDGE('',*,*,#6929,.T.);
#12230 = ORIENTED_EDGE('',*,*,#6886,.T.);
#12231 = FACE_BOUND('',#12232,.T.);
#12232 = EDGE_LOOP('',(#12233,#12234,#12235,#12244,#12251));
#12233 = ORIENTED_EDGE('',*,*,#6953,.T.);
#12234 = ORIENTED_EDGE('',*,*,#7000,.F.);
#12235 = ORIENTED_EDGE('',*,*,#12236,.T.);
#12236 = EDGE_CURVE('',#7001,#12237,#12239,.T.);
#12237 = VERTEX_POINT('',#12238);
#12238 = CARTESIAN_POINT('',(-8.785,27.94,-15.));
#12239 = CIRCLE('',#12240,1.375);
#12240 = AXIS2_PLACEMENT_3D('',#12241,#12242,#12243);
#12241 = CARTESIAN_POINT('',(-10.16,27.94,-15.));
#12242 = DIRECTION('',(0.,0.,1.));
#12243 = DIRECTION('',(1.,0.,-0.));
#12244 = ORIENTED_EDGE('',*,*,#12245,.T.);
#12245 = EDGE_CURVE('',#12237,#6977,#12246,.T.);
#12246 = CIRCLE('',#12247,1.375);
#12247 = AXIS2_PLACEMENT_3D('',#12248,#12249,#12250);
#12248 = CARTESIAN_POINT('',(-10.16,27.94,-15.));
#12249 = DIRECTION('',(0.,0.,1.));
#12250 = DIRECTION('',(1.,0.,-0.));
#12251 = ORIENTED_EDGE('',*,*,#6976,.T.);
#12252 = FACE_BOUND('',#12253,.T.);
#12253 = EDGE_LOOP('',(#12254,#12255,#12256,#12257));
#12254 = ORIENTED_EDGE('',*,*,#7033,.T.);
#12255 = ORIENTED_EDGE('',*,*,#7088,.F.);
#12256 = ORIENTED_EDGE('',*,*,#7107,.T.);
#12257 = ORIENTED_EDGE('',*,*,#7064,.T.);
#12258 = FACE_BOUND('',#12259,.T.);
#12259 = EDGE_LOOP('',(#12260,#12261,#12262,#12263));
#12260 = ORIENTED_EDGE('',*,*,#7131,.T.);
#12261 = ORIENTED_EDGE('',*,*,#7186,.F.);
#12262 = ORIENTED_EDGE('',*,*,#7205,.T.);
#12263 = ORIENTED_EDGE('',*,*,#7162,.T.);
#12264 = FACE_BOUND('',#12265,.T.);
#12265 = EDGE_LOOP('',(#12266,#12267,#12268,#12277,#12284));
#12266 = ORIENTED_EDGE('',*,*,#7229,.T.);
#12267 = ORIENTED_EDGE('',*,*,#7276,.F.);
#12268 = ORIENTED_EDGE('',*,*,#12269,.T.);
#12269 = EDGE_CURVE('',#7277,#12270,#12272,.T.);
#12270 = VERTEX_POINT('',#12271);
#12271 = CARTESIAN_POINT('',(-8.785,-17.78,-15.));
#12272 = CIRCLE('',#12273,1.375);
#12273 = AXIS2_PLACEMENT_3D('',#12274,#12275,#12276);
#12274 = CARTESIAN_POINT('',(-10.16,-17.78,-15.));
#12275 = DIRECTION('',(0.,0.,1.));
#12276 = DIRECTION('',(1.,0.,-0.));
#12277 = ORIENTED_EDGE('',*,*,#12278,.T.);
#12278 = EDGE_CURVE('',#12270,#7253,#12279,.T.);
#12279 = CIRCLE('',#12280,1.375);
#12280 = AXIS2_PLACEMENT_3D('',#12281,#12282,#12283);
#12281 = CARTESIAN_POINT('',(-10.16,-17.78,-15.));
#12282 = DIRECTION('',(0.,0.,1.));
#12283 = DIRECTION('',(1.,0.,-0.));
#12284 = ORIENTED_EDGE('',*,*,#7252,.T.);
#12285 = FACE_BOUND('',#12286,.T.);
#12286 = EDGE_LOOP('',(#12287,#12288,#12289,#12290));
#12287 = ORIENTED_EDGE('',*,*,#7309,.T.);
#12288 = ORIENTED_EDGE('',*,*,#7364,.F.);
#12289 = ORIENTED_EDGE('',*,*,#7383,.T.);
#12290 = ORIENTED_EDGE('',*,*,#7340,.T.);
#12291 = FACE_BOUND('',#12292,.T.);
#12292 = EDGE_LOOP('',(#12293,#12294,#12295,#12296));
#12293 = ORIENTED_EDGE('',*,*,#7407,.T.);
#12294 = ORIENTED_EDGE('',*,*,#7462,.F.);
#12295 = ORIENTED_EDGE('',*,*,#7481,.T.);
#12296 = ORIENTED_EDGE('',*,*,#7438,.T.);
#12297 = FACE_BOUND('',#12298,.T.);
#12298 = EDGE_LOOP('',(#12299,#12300,#12301,#12302));
#12299 = ORIENTED_EDGE('',*,*,#7505,.T.);
#12300 = ORIENTED_EDGE('',*,*,#7560,.F.);
#12301 = ORIENTED_EDGE('',*,*,#7579,.T.);
#12302 = ORIENTED_EDGE('',*,*,#7536,.T.);
#12303 = FACE_BOUND('',#12304,.T.);
#12304 = EDGE_LOOP('',(#12305,#12306,#12307,#12308));
#12305 = ORIENTED_EDGE('',*,*,#7603,.T.);
#12306 = ORIENTED_EDGE('',*,*,#7658,.F.);
#12307 = ORIENTED_EDGE('',*,*,#7677,.T.);
#12308 = ORIENTED_EDGE('',*,*,#7634,.T.);
#12309 = FACE_BOUND('',#12310,.T.);
#12310 = EDGE_LOOP('',(#12311,#12312,#12313,#12322,#12329));
#12311 = ORIENTED_EDGE('',*,*,#7701,.T.);
#12312 = ORIENTED_EDGE('',*,*,#7748,.F.);
#12313 = ORIENTED_EDGE('',*,*,#12314,.T.);
#12314 = EDGE_CURVE('',#7749,#12315,#12317,.T.);
#12315 = VERTEX_POINT('',#12316);
#12316 = CARTESIAN_POINT('',(16.615,17.78,-15.));
#12317 = CIRCLE('',#12318,1.375);
#12318 = AXIS2_PLACEMENT_3D('',#12319,#12320,#12321);
#12319 = CARTESIAN_POINT('',(15.24,17.78,-15.));
#12320 = DIRECTION('',(0.,0.,1.));
#12321 = DIRECTION('',(1.,0.,-0.));
#12322 = ORIENTED_EDGE('',*,*,#12323,.T.);
#12323 = EDGE_CURVE('',#12315,#7725,#12324,.T.);
#12324 = CIRCLE('',#12325,1.375);
#12325 = AXIS2_PLACEMENT_3D('',#12326,#12327,#12328);
#12326 = CARTESIAN_POINT('',(15.24,17.78,-15.));
#12327 = DIRECTION('',(0.,0.,1.));
#12328 = DIRECTION('',(1.,0.,-0.));
#12329 = ORIENTED_EDGE('',*,*,#7724,.T.);
#12330 = FACE_BOUND('',#12331,.T.);
#12331 = EDGE_LOOP('',(#12332,#12333,#12334,#12343,#12350));
#12332 = ORIENTED_EDGE('',*,*,#7781,.T.);
#12333 = ORIENTED_EDGE('',*,*,#7828,.F.);
#12334 = ORIENTED_EDGE('',*,*,#12335,.T.);
#12335 = EDGE_CURVE('',#7829,#12336,#12338,.T.);
#12336 = VERTEX_POINT('',#12337);
#12337 = CARTESIAN_POINT('',(-24.025,-17.78,-15.));
#12338 = CIRCLE('',#12339,1.375);
#12339 = AXIS2_PLACEMENT_3D('',#12340,#12341,#12342);
#12340 = CARTESIAN_POINT('',(-25.4,-17.78,-15.));
#12341 = DIRECTION('',(0.,0.,1.));
#12342 = DIRECTION('',(1.,0.,-0.));
#12343 = ORIENTED_EDGE('',*,*,#12344,.T.);
#12344 = EDGE_CURVE('',#12336,#7805,#12345,.T.);
#12345 = CIRCLE('',#12346,1.375);
#12346 = AXIS2_PLACEMENT_3D('',#12347,#12348,#12349);
#12347 = CARTESIAN_POINT('',(-25.4,-17.78,-15.));
#12348 = DIRECTION('',(0.,0.,1.));
#12349 = DIRECTION('',(1.,0.,-0.));
#12350 = ORIENTED_EDGE('',*,*,#7804,.T.);
#12351 = FACE_BOUND('',#12352,.T.);
#12352 = EDGE_LOOP('',(#12353,#12354,#12355,#12364,#12371));
#12353 = ORIENTED_EDGE('',*,*,#7861,.T.);
#12354 = ORIENTED_EDGE('',*,*,#7908,.F.);
#12355 = ORIENTED_EDGE('',*,*,#12356,.T.);
#12356 = EDGE_CURVE('',#7909,#12357,#12359,.T.);
#12357 = VERTEX_POINT('',#12358);
#12358 = CARTESIAN_POINT('',(-13.865,-27.94,-15.));
#12359 = CIRCLE('',#12360,1.375);
#12360 = AXIS2_PLACEMENT_3D('',#12361,#12362,#12363);
#12361 = CARTESIAN_POINT('',(-15.24,-27.94,-15.));
#12362 = DIRECTION('',(0.,0.,1.));
#12363 = DIRECTION('',(1.,0.,-0.));
#12364 = ORIENTED_EDGE('',*,*,#12365,.T.);
#12365 = EDGE_CURVE('',#12357,#7885,#12366,.T.);
#12366 = CIRCLE('',#12367,1.375);
#12367 = AXIS2_PLACEMENT_3D('',#12368,#12369,#12370);
#12368 = CARTESIAN_POINT('',(-15.24,-27.94,-15.));
#12369 = DIRECTION('',(0.,0.,1.));
#12370 = DIRECTION('',(1.,0.,-0.));
#12371 = ORIENTED_EDGE('',*,*,#7884,.T.);
#12372 = FACE_BOUND('',#12373,.T.);
#12373 = EDGE_LOOP('',(#12374,#12375,#12376,#12385,#12392));
#12374 = ORIENTED_EDGE('',*,*,#7941,.T.);
#12375 = ORIENTED_EDGE('',*,*,#7988,.F.);
#12376 = ORIENTED_EDGE('',*,*,#12377,.T.);
#12377 = EDGE_CURVE('',#7989,#12378,#12380,.T.);
#12378 = VERTEX_POINT('',#12379);
#12379 = CARTESIAN_POINT('',(6.455,27.94,-15.));
#12380 = CIRCLE('',#12381,1.375);
#12381 = AXIS2_PLACEMENT_3D('',#12382,#12383,#12384);
#12382 = CARTESIAN_POINT('',(5.08,27.94,-15.));
#12383 = DIRECTION('',(0.,0.,1.));
#12384 = DIRECTION('',(1.,0.,-0.));
#12385 = ORIENTED_EDGE('',*,*,#12386,.T.);
#12386 = EDGE_CURVE('',#12378,#7965,#12387,.T.);
#12387 = CIRCLE('',#12388,1.375);
#12388 = AXIS2_PLACEMENT_3D('',#12389,#12390,#12391);
#12389 = CARTESIAN_POINT('',(5.08,27.94,-15.));
#12390 = DIRECTION('',(0.,0.,1.));
#12391 = DIRECTION('',(1.,0.,-0.));
#12392 = ORIENTED_EDGE('',*,*,#7964,.T.);
#12393 = FACE_BOUND('',#12394,.T.);
#12394 = EDGE_LOOP('',(#12395,#12396,#12397,#12406,#12413));
#12395 = ORIENTED_EDGE('',*,*,#8021,.T.);
#12396 = ORIENTED_EDGE('',*,*,#8068,.F.);
#12397 = ORIENTED_EDGE('',*,*,#12398,.T.);
#12398 = EDGE_CURVE('',#8069,#12399,#12401,.T.);
#12399 = VERTEX_POINT('',#12400);
#12400 = CARTESIAN_POINT('',(1.375,-27.94,-15.));
#12401 = CIRCLE('',#12402,1.375);
#12402 = AXIS2_PLACEMENT_3D('',#12403,#12404,#12405);
#12403 = CARTESIAN_POINT('',(7.105427357601E-15,-27.94,-15.));
#12404 = DIRECTION('',(0.,0.,1.));
#12405 = DIRECTION('',(1.,0.,-0.));
#12406 = ORIENTED_EDGE('',*,*,#12407,.T.);
#12407 = EDGE_CURVE('',#12399,#8045,#12408,.T.);
#12408 = CIRCLE('',#12409,1.375);
#12409 = AXIS2_PLACEMENT_3D('',#12410,#12411,#12412);
#12410 = CARTESIAN_POINT('',(7.105427357601E-15,-27.94,-15.));
#12411 = DIRECTION('',(0.,0.,1.));
#12412 = DIRECTION('',(1.,0.,-0.));
#12413 = ORIENTED_EDGE('',*,*,#8044,.T.);
#12414 = FACE_BOUND('',#12415,.T.);
#12415 = EDGE_LOOP('',(#12416,#12417,#12418,#12419));
#12416 = ORIENTED_EDGE('',*,*,#8101,.T.);
#12417 = ORIENTED_EDGE('',*,*,#8156,.F.);
#12418 = ORIENTED_EDGE('',*,*,#8175,.T.);
#12419 = ORIENTED_EDGE('',*,*,#8132,.T.);
#12420 = FACE_BOUND('',#12421,.T.);
#12421 = EDGE_LOOP('',(#12422,#12423,#12424,#12433,#12440));
#12422 = ORIENTED_EDGE('',*,*,#8199,.T.);
#12423 = ORIENTED_EDGE('',*,*,#8246,.F.);
#12424 = ORIENTED_EDGE('',*,*,#12425,.T.);
#12425 = EDGE_CURVE('',#8247,#12426,#12428,.T.);
#12426 = VERTEX_POINT('',#12427);
#12427 = CARTESIAN_POINT('',(-24.025,-2.54,-15.));
#12428 = CIRCLE('',#12429,1.375);
#12429 = AXIS2_PLACEMENT_3D('',#12430,#12431,#12432);
#12430 = CARTESIAN_POINT('',(-25.4,-2.54,-15.));
#12431 = DIRECTION('',(0.,0.,1.));
#12432 = DIRECTION('',(1.,0.,-0.));
#12433 = ORIENTED_EDGE('',*,*,#12434,.T.);
#12434 = EDGE_CURVE('',#12426,#8223,#12435,.T.);
#12435 = CIRCLE('',#12436,1.375);
#12436 = AXIS2_PLACEMENT_3D('',#12437,#12438,#12439);
#12437 = CARTESIAN_POINT('',(-25.4,-2.54,-15.));
#12438 = DIRECTION('',(0.,0.,1.));
#12439 = DIRECTION('',(1.,0.,-0.));
#12440 = ORIENTED_EDGE('',*,*,#8222,.T.);
#12441 = FACE_BOUND('',#12442,.T.);
#12442 = EDGE_LOOP('',(#12443,#12444,#12445,#12454,#12461));
#12443 = ORIENTED_EDGE('',*,*,#8279,.T.);
#12444 = ORIENTED_EDGE('',*,*,#8326,.F.);
#12445 = ORIENTED_EDGE('',*,*,#12446,.T.);
#12446 = EDGE_CURVE('',#8327,#12447,#12449,.T.);
#12447 = VERTEX_POINT('',#12448);
#12448 = CARTESIAN_POINT('',(-13.865,-12.7,-15.));
#12449 = CIRCLE('',#12450,1.375);
#12450 = AXIS2_PLACEMENT_3D('',#12451,#12452,#12453);
#12451 = CARTESIAN_POINT('',(-15.24,-12.7,-15.));
#12452 = DIRECTION('',(0.,0.,1.));
#12453 = DIRECTION('',(1.,0.,-0.));
#12454 = ORIENTED_EDGE('',*,*,#12455,.T.);
#12455 = EDGE_CURVE('',#12447,#8303,#12456,.T.);
#12456 = CIRCLE('',#12457,1.375);
#12457 = AXIS2_PLACEMENT_3D('',#12458,#12459,#12460);
#12458 = CARTESIAN_POINT('',(-15.24,-12.7,-15.));
#12459 = DIRECTION('',(0.,0.,1.));
#12460 = DIRECTION('',(1.,0.,-0.));
#12461 = ORIENTED_EDGE('',*,*,#8302,.T.);
#12462 = FACE_BOUND('',#12463,.T.);
#12463 = EDGE_LOOP('',(#12464,#12465,#12466,#12475,#12482));
#12464 = ORIENTED_EDGE('',*,*,#8359,.T.);
#12465 = ORIENTED_EDGE('',*,*,#8406,.F.);
#12466 = ORIENTED_EDGE('',*,*,#12467,.T.);
#12467 = EDGE_CURVE('',#8407,#12468,#12470,.T.);
#12468 = VERTEX_POINT('',#12469);
#12469 = CARTESIAN_POINT('',(1.375,-12.7,-15.));
#12470 = CIRCLE('',#12471,1.375);
#12471 = AXIS2_PLACEMENT_3D('',#12472,#12473,#12474);
#12472 = CARTESIAN_POINT('',(7.105427357601E-15,-12.7,-15.));
#12473 = DIRECTION('',(0.,0.,1.));
#12474 = DIRECTION('',(1.,0.,-0.));
#12475 = ORIENTED_EDGE('',*,*,#12476,.T.);
#12476 = EDGE_CURVE('',#12468,#8383,#12477,.T.);
#12477 = CIRCLE('',#12478,1.375);
#12478 = AXIS2_PLACEMENT_3D('',#12479,#12480,#12481);
#12479 = CARTESIAN_POINT('',(7.105427357601E-15,-12.7,-15.));
#12480 = DIRECTION('',(0.,0.,1.));
#12481 = DIRECTION('',(1.,0.,-0.));
#12482 = ORIENTED_EDGE('',*,*,#8382,.T.);
#12483 = FACE_BOUND('',#12484,.T.);
#12484 = EDGE_LOOP('',(#12485,#12486,#12487,#12496,#12503));
#12485 = ORIENTED_EDGE('',*,*,#8439,.T.);
#12486 = ORIENTED_EDGE('',*,*,#8486,.F.);
#12487 = ORIENTED_EDGE('',*,*,#12488,.T.);
#12488 = EDGE_CURVE('',#8487,#12489,#12491,.T.);
#12489 = VERTEX_POINT('',#12490);
#12490 = CARTESIAN_POINT('',(16.615,-27.94,-15.));
#12491 = CIRCLE('',#12492,1.375);
#12492 = AXIS2_PLACEMENT_3D('',#12493,#12494,#12495);
#12493 = CARTESIAN_POINT('',(15.24,-27.94,-15.));
#12494 = DIRECTION('',(0.,0.,1.));
#12495 = DIRECTION('',(1.,0.,-0.));
#12496 = ORIENTED_EDGE('',*,*,#12497,.T.);
#12497 = EDGE_CURVE('',#12489,#8463,#12498,.T.);
#12498 = CIRCLE('',#12499,1.375);
#12499 = AXIS2_PLACEMENT_3D('',#12500,#12501,#12502);
#12500 = CARTESIAN_POINT('',(15.24,-27.94,-15.));
#12501 = DIRECTION('',(0.,0.,1.));
#12502 = DIRECTION('',(1.,0.,-0.));
#12503 = ORIENTED_EDGE('',*,*,#8462,.T.);
#12504 = FACE_BOUND('',#12505,.T.);
#12505 = EDGE_LOOP('',(#12506,#12507,#12508,#12517,#12524));
#12506 = ORIENTED_EDGE('',*,*,#8519,.T.);
#12507 = ORIENTED_EDGE('',*,*,#8566,.F.);
#12508 = ORIENTED_EDGE('',*,*,#12509,.T.);
#12509 = EDGE_CURVE('',#8567,#12510,#12512,.T.);
#12510 = VERTEX_POINT('',#12511);
#12511 = CARTESIAN_POINT('',(6.455,-17.78,-15.));
#12512 = CIRCLE('',#12513,1.375);
#12513 = AXIS2_PLACEMENT_3D('',#12514,#12515,#12516);
#12514 = CARTESIAN_POINT('',(5.08,-17.78,-15.));
#12515 = DIRECTION('',(0.,0.,1.));
#12516 = DIRECTION('',(1.,0.,-0.));
#12517 = ORIENTED_EDGE('',*,*,#12518,.T.);
#12518 = EDGE_CURVE('',#12510,#8543,#12519,.T.);
#12519 = CIRCLE('',#12520,1.375);
#12520 = AXIS2_PLACEMENT_3D('',#12521,#12522,#12523);
#12521 = CARTESIAN_POINT('',(5.08,-17.78,-15.));
#12522 = DIRECTION('',(0.,0.,1.));
#12523 = DIRECTION('',(1.,0.,-0.));
#12524 = ORIENTED_EDGE('',*,*,#8542,.T.);
#12525 = FACE_BOUND('',#12526,.T.);
#12526 = EDGE_LOOP('',(#12527,#12528,#12529,#12538,#12545));
#12527 = ORIENTED_EDGE('',*,*,#8599,.T.);
#12528 = ORIENTED_EDGE('',*,*,#8646,.F.);
#12529 = ORIENTED_EDGE('',*,*,#12530,.T.);
#12530 = EDGE_CURVE('',#8647,#12531,#12533,.T.);
#12531 = VERTEX_POINT('',#12532);
#12532 = CARTESIAN_POINT('',(16.615,-12.7,-15.));
#12533 = CIRCLE('',#12534,1.375);
#12534 = AXIS2_PLACEMENT_3D('',#12535,#12536,#12537);
#12535 = CARTESIAN_POINT('',(15.24,-12.7,-15.));
#12536 = DIRECTION('',(0.,0.,1.));
#12537 = DIRECTION('',(1.,0.,-0.));
#12538 = ORIENTED_EDGE('',*,*,#12539,.T.);
#12539 = EDGE_CURVE('',#12531,#8623,#12540,.T.);
#12540 = CIRCLE('',#12541,1.375);
#12541 = AXIS2_PLACEMENT_3D('',#12542,#12543,#12544);
#12542 = CARTESIAN_POINT('',(15.24,-12.7,-15.));
#12543 = DIRECTION('',(0.,0.,1.));
#12544 = DIRECTION('',(1.,0.,-0.));
#12545 = ORIENTED_EDGE('',*,*,#8622,.T.);
#12546 = FACE_BOUND('',#12547,.T.);
#12547 = EDGE_LOOP('',(#12548,#12549,#12550,#12551));
#12548 = ORIENTED_EDGE('',*,*,#8679,.T.);
#12549 = ORIENTED_EDGE('',*,*,#8734,.F.);
#12550 = ORIENTED_EDGE('',*,*,#8753,.T.);
#12551 = ORIENTED_EDGE('',*,*,#8710,.T.);
#12552 = FACE_BOUND('',#12553,.T.);
#12553 = EDGE_LOOP('',(#12554,#12555,#12556,#12557));
#12554 = ORIENTED_EDGE('',*,*,#8777,.T.);
#12555 = ORIENTED_EDGE('',*,*,#8832,.F.);
#12556 = ORIENTED_EDGE('',*,*,#8851,.T.);
#12557 = ORIENTED_EDGE('',*,*,#8808,.T.);
#12558 = FACE_BOUND('',#12559,.T.);
#12559 = EDGE_LOOP('',(#12560,#12561,#12562,#12563));
#12560 = ORIENTED_EDGE('',*,*,#8875,.T.);
#12561 = ORIENTED_EDGE('',*,*,#8930,.F.);
#12562 = ORIENTED_EDGE('',*,*,#8949,.T.);
#12563 = ORIENTED_EDGE('',*,*,#8906,.T.);
#12564 = FACE_BOUND('',#12565,.T.);
#12565 = EDGE_LOOP('',(#12566,#12567,#12568,#12577,#12584));
#12566 = ORIENTED_EDGE('',*,*,#8973,.T.);
#12567 = ORIENTED_EDGE('',*,*,#9020,.F.);
#12568 = ORIENTED_EDGE('',*,*,#12569,.T.);
#12569 = EDGE_CURVE('',#9021,#12570,#12572,.T.);
#12570 = VERTEX_POINT('',#12571);
#12571 = CARTESIAN_POINT('',(-24.025,12.7,-15.));
#12572 = CIRCLE('',#12573,1.375);
#12573 = AXIS2_PLACEMENT_3D('',#12574,#12575,#12576);
#12574 = CARTESIAN_POINT('',(-25.4,12.7,-15.));
#12575 = DIRECTION('',(0.,0.,1.));
#12576 = DIRECTION('',(1.,0.,-0.));
#12577 = ORIENTED_EDGE('',*,*,#12578,.T.);
#12578 = EDGE_CURVE('',#12570,#8997,#12579,.T.);
#12579 = CIRCLE('',#12580,1.375);
#12580 = AXIS2_PLACEMENT_3D('',#12581,#12582,#12583);
#12581 = CARTESIAN_POINT('',(-25.4,12.7,-15.));
#12582 = DIRECTION('',(0.,0.,1.));
#12583 = DIRECTION('',(1.,0.,-0.));
#12584 = ORIENTED_EDGE('',*,*,#8996,.T.);
#12585 = FACE_BOUND('',#12586,.T.);
#12586 = EDGE_LOOP('',(#12587,#12588,#12589,#12590));
#12587 = ORIENTED_EDGE('',*,*,#9053,.T.);
#12588 = ORIENTED_EDGE('',*,*,#9108,.F.);
#12589 = ORIENTED_EDGE('',*,*,#9127,.T.);
#12590 = ORIENTED_EDGE('',*,*,#9084,.T.);
#12591 = FACE_BOUND('',#12592,.T.);
#12592 = EDGE_LOOP('',(#12593,#12594,#12595,#12604,#12611));
#12593 = ORIENTED_EDGE('',*,*,#9151,.T.);
#12594 = ORIENTED_EDGE('',*,*,#9198,.F.);
#12595 = ORIENTED_EDGE('',*,*,#12596,.T.);
#12596 = EDGE_CURVE('',#9199,#12597,#12599,.T.);
#12597 = VERTEX_POINT('',#12598);
#12598 = CARTESIAN_POINT('',(-24.025,27.94,-15.));
#12599 = CIRCLE('',#12600,1.375);
#12600 = AXIS2_PLACEMENT_3D('',#12601,#12602,#12603);
#12601 = CARTESIAN_POINT('',(-25.4,27.94,-15.));
#12602 = DIRECTION('',(0.,0.,1.));
#12603 = DIRECTION('',(1.,0.,-0.));
#12604 = ORIENTED_EDGE('',*,*,#12605,.T.);
#12605 = EDGE_CURVE('',#12597,#9175,#12606,.T.);
#12606 = CIRCLE('',#12607,1.375);
#12607 = AXIS2_PLACEMENT_3D('',#12608,#12609,#12610);
#12608 = CARTESIAN_POINT('',(-25.4,27.94,-15.));
#12609 = DIRECTION('',(0.,0.,1.));
#12610 = DIRECTION('',(1.,0.,-0.));
#12611 = ORIENTED_EDGE('',*,*,#9174,.T.);
#12612 = FACE_BOUND('',#12613,.T.);
#12613 = EDGE_LOOP('',(#12614,#12615,#12616,#12625,#12632));
#12614 = ORIENTED_EDGE('',*,*,#9231,.T.);
#12615 = ORIENTED_EDGE('',*,*,#9278,.F.);
#12616 = ORIENTED_EDGE('',*,*,#12617,.T.);
#12617 = EDGE_CURVE('',#9279,#12618,#12620,.T.);
#12618 = VERTEX_POINT('',#12619);
#12619 = CARTESIAN_POINT('',(-13.865,17.78,-15.));
#12620 = CIRCLE('',#12621,1.375);
#12621 = AXIS2_PLACEMENT_3D('',#12622,#12623,#12624);
#12622 = CARTESIAN_POINT('',(-15.24,17.78,-15.));
#12623 = DIRECTION('',(0.,0.,1.));
#12624 = DIRECTION('',(1.,0.,-0.));
#12625 = ORIENTED_EDGE('',*,*,#12626,.T.);
#12626 = EDGE_CURVE('',#12618,#9255,#12627,.T.);
#12627 = CIRCLE('',#12628,1.375);
#12628 = AXIS2_PLACEMENT_3D('',#12629,#12630,#12631);
#12629 = CARTESIAN_POINT('',(-15.24,17.78,-15.));
#12630 = DIRECTION('',(0.,0.,1.));
#12631 = DIRECTION('',(1.,0.,-0.));
#12632 = ORIENTED_EDGE('',*,*,#9254,.T.);
#12633 = FACE_BOUND('',#12634,.T.);
#12634 = EDGE_LOOP('',(#12635,#12636,#12637,#12646,#12653));
#12635 = ORIENTED_EDGE('',*,*,#9311,.T.);
#12636 = ORIENTED_EDGE('',*,*,#9358,.F.);
#12637 = ORIENTED_EDGE('',*,*,#12638,.T.);
#12638 = EDGE_CURVE('',#9359,#12639,#12641,.T.);
#12639 = VERTEX_POINT('',#12640);
#12640 = CARTESIAN_POINT('',(1.375,17.78,-15.));
#12641 = CIRCLE('',#12642,1.375);
#12642 = AXIS2_PLACEMENT_3D('',#12643,#12644,#12645);
#12643 = CARTESIAN_POINT('',(7.105427357601E-15,17.78,-15.));
#12644 = DIRECTION('',(0.,0.,1.));
#12645 = DIRECTION('',(1.,0.,-0.));
#12646 = ORIENTED_EDGE('',*,*,#12647,.T.);
#12647 = EDGE_CURVE('',#12639,#9335,#12648,.T.);
#12648 = CIRCLE('',#12649,1.375);
#12649 = AXIS2_PLACEMENT_3D('',#12650,#12651,#12652);
#12650 = CARTESIAN_POINT('',(7.105427357601E-15,17.78,-15.));
#12651 = DIRECTION('',(0.,0.,1.));
#12652 = DIRECTION('',(1.,0.,-0.));
#12653 = ORIENTED_EDGE('',*,*,#9334,.T.);
#12654 = FACE_BOUND('',#12655,.T.);
#12655 = EDGE_LOOP('',(#12656,#12657,#12658,#12667,#12674));
#12656 = ORIENTED_EDGE('',*,*,#9391,.T.);
#12657 = ORIENTED_EDGE('',*,*,#9438,.F.);
#12658 = ORIENTED_EDGE('',*,*,#12659,.T.);
#12659 = EDGE_CURVE('',#9439,#12660,#12662,.T.);
#12660 = VERTEX_POINT('',#12661);
#12661 = CARTESIAN_POINT('',(6.455,12.7,-15.));
#12662 = CIRCLE('',#12663,1.375);
#12663 = AXIS2_PLACEMENT_3D('',#12664,#12665,#12666);
#12664 = CARTESIAN_POINT('',(5.08,12.7,-15.));
#12665 = DIRECTION('',(0.,0.,1.));
#12666 = DIRECTION('',(1.,0.,-0.));
#12667 = ORIENTED_EDGE('',*,*,#12668,.T.);
#12668 = EDGE_CURVE('',#12660,#9415,#12669,.T.);
#12669 = CIRCLE('',#12670,1.375);
#12670 = AXIS2_PLACEMENT_3D('',#12671,#12672,#12673);
#12671 = CARTESIAN_POINT('',(5.08,12.7,-15.));
#12672 = DIRECTION('',(0.,0.,1.));
#12673 = DIRECTION('',(1.,0.,-0.));
#12674 = ORIENTED_EDGE('',*,*,#9414,.T.);
#12675 = FACE_BOUND('',#12676,.T.);
#12676 = EDGE_LOOP('',(#12677,#12678,#12679,#12680));
#12677 = ORIENTED_EDGE('',*,*,#9471,.T.);
#12678 = ORIENTED_EDGE('',*,*,#9526,.F.);
#12679 = ORIENTED_EDGE('',*,*,#9545,.T.);
#12680 = ORIENTED_EDGE('',*,*,#9502,.T.);
#12681 = FACE_BOUND('',#12682,.T.);
#12682 = EDGE_LOOP('',(#12683,#12684,#12685,#12686));
#12683 = ORIENTED_EDGE('',*,*,#9569,.T.);
#12684 = ORIENTED_EDGE('',*,*,#9624,.F.);
#12685 = ORIENTED_EDGE('',*,*,#9643,.T.);
#12686 = ORIENTED_EDGE('',*,*,#9600,.T.);
#12687 = FACE_BOUND('',#12688,.T.);
#12688 = EDGE_LOOP('',(#12689,#12690,#12691,#12700,#12707));
#12689 = ORIENTED_EDGE('',*,*,#9667,.T.);
#12690 = ORIENTED_EDGE('',*,*,#9714,.F.);
#12691 = ORIENTED_EDGE('',*,*,#12692,.T.);
#12692 = EDGE_CURVE('',#9715,#12693,#12695,.T.);
#12693 = VERTEX_POINT('',#12694);
#12694 = CARTESIAN_POINT('',(31.855,2.54,-15.));
#12695 = CIRCLE('',#12696,1.375);
#12696 = AXIS2_PLACEMENT_3D('',#12697,#12698,#12699);
#12697 = CARTESIAN_POINT('',(30.48,2.54,-15.));
#12698 = DIRECTION('',(0.,0.,1.));
#12699 = DIRECTION('',(1.,0.,-0.));
#12700 = ORIENTED_EDGE('',*,*,#12701,.T.);
#12701 = EDGE_CURVE('',#12693,#9691,#12702,.T.);
#12702 = CIRCLE('',#12703,1.375);
#12703 = AXIS2_PLACEMENT_3D('',#12704,#12705,#12706);
#12704 = CARTESIAN_POINT('',(30.48,2.54,-15.));
#12705 = DIRECTION('',(0.,0.,1.));
#12706 = DIRECTION('',(1.,0.,-0.));
#12707 = ORIENTED_EDGE('',*,*,#9690,.T.);
#12708 = FACE_BOUND('',#12709,.T.);
#12709 = EDGE_LOOP('',(#12710,#12711,#12712,#12713));
#12710 = ORIENTED_EDGE('',*,*,#9747,.T.);
#12711 = ORIENTED_EDGE('',*,*,#9802,.F.);
#12712 = ORIENTED_EDGE('',*,*,#9821,.T.);
#12713 = ORIENTED_EDGE('',*,*,#9778,.T.);
#12714 = FACE_BOUND('',#12715,.T.);
#12715 = EDGE_LOOP('',(#12716,#12717,#12718,#12727,#12734));
#12716 = ORIENTED_EDGE('',*,*,#9845,.T.);
#12717 = ORIENTED_EDGE('',*,*,#9892,.F.);
#12718 = ORIENTED_EDGE('',*,*,#12719,.T.);
#12719 = EDGE_CURVE('',#9893,#12720,#12722,.T.);
#12720 = VERTEX_POINT('',#12721);
#12721 = CARTESIAN_POINT('',(31.855,-12.7,-15.));
#12722 = CIRCLE('',#12723,1.375);
#12723 = AXIS2_PLACEMENT_3D('',#12724,#12725,#12726);
#12724 = CARTESIAN_POINT('',(30.48,-12.7,-15.));
#12725 = DIRECTION('',(0.,0.,1.));
#12726 = DIRECTION('',(1.,0.,-0.));
#12727 = ORIENTED_EDGE('',*,*,#12728,.T.);
#12728 = EDGE_CURVE('',#12720,#9869,#12729,.T.);
#12729 = CIRCLE('',#12730,1.375);
#12730 = AXIS2_PLACEMENT_3D('',#12731,#12732,#12733);
#12731 = CARTESIAN_POINT('',(30.48,-12.7,-15.));
#12732 = DIRECTION('',(0.,0.,1.));
#12733 = DIRECTION('',(1.,0.,-0.));
#12734 = ORIENTED_EDGE('',*,*,#9868,.T.);
#12735 = FACE_BOUND('',#12736,.T.);
#12736 = EDGE_LOOP('',(#12737,#12738,#12739,#12740));
#12737 = ORIENTED_EDGE('',*,*,#9925,.T.);
#12738 = ORIENTED_EDGE('',*,*,#9980,.F.);
#12739 = ORIENTED_EDGE('',*,*,#9999,.T.);
#12740 = ORIENTED_EDGE('',*,*,#9956,.T.);
#12741 = FACE_BOUND('',#12742,.T.);
#12742 = EDGE_LOOP('',(#12743,#12744,#12745,#12754,#12761));
#12743 = ORIENTED_EDGE('',*,*,#10023,.T.);
#12744 = ORIENTED_EDGE('',*,*,#10070,.F.);
#12745 = ORIENTED_EDGE('',*,*,#12746,.T.);
#12746 = EDGE_CURVE('',#10071,#12747,#12749,.T.);
#12747 = VERTEX_POINT('',#12748);
#12748 = CARTESIAN_POINT('',(31.855,-27.94,-15.));
#12749 = CIRCLE('',#12750,1.375);
#12750 = AXIS2_PLACEMENT_3D('',#12751,#12752,#12753);
#12751 = CARTESIAN_POINT('',(30.48,-27.94,-15.));
#12752 = DIRECTION('',(0.,0.,1.));
#12753 = DIRECTION('',(1.,0.,-0.));
#12754 = ORIENTED_EDGE('',*,*,#12755,.T.);
#12755 = EDGE_CURVE('',#12747,#10047,#12756,.T.);
#12756 = CIRCLE('',#12757,1.375);
#12757 = AXIS2_PLACEMENT_3D('',#12758,#12759,#12760);
#12758 = CARTESIAN_POINT('',(30.48,-27.94,-15.));
#12759 = DIRECTION('',(0.,0.,1.));
#12760 = DIRECTION('',(1.,0.,-0.));
#12761 = ORIENTED_EDGE('',*,*,#10046,.T.);
#12762 = FACE_BOUND('',#12763,.T.);
#12763 = EDGE_LOOP('',(#12764,#12765,#12766,#12767));
#12764 = ORIENTED_EDGE('',*,*,#10103,.T.);
#12765 = ORIENTED_EDGE('',*,*,#10158,.F.);
#12766 = ORIENTED_EDGE('',*,*,#10177,.T.);
#12767 = ORIENTED_EDGE('',*,*,#10134,.T.);
#12768 = FACE_BOUND('',#12769,.T.);
#12769 = EDGE_LOOP('',(#12770,#12771,#12772,#12773));
#12770 = ORIENTED_EDGE('',*,*,#10201,.T.);
#12771 = ORIENTED_EDGE('',*,*,#10256,.F.);
#12772 = ORIENTED_EDGE('',*,*,#10275,.T.);
#12773 = ORIENTED_EDGE('',*,*,#10232,.T.);
#12774 = FACE_BOUND('',#12775,.T.);
#12775 = EDGE_LOOP('',(#12776,#12777,#12778,#12787,#12794));
#12776 = ORIENTED_EDGE('',*,*,#10299,.T.);
#12777 = ORIENTED_EDGE('',*,*,#10346,.F.);
#12778 = ORIENTED_EDGE('',*,*,#12779,.T.);
#12779 = EDGE_CURVE('',#10347,#12780,#12782,.T.);
#12780 = VERTEX_POINT('',#12781);
#12781 = CARTESIAN_POINT('',(31.855,17.78,-15.));
#12782 = CIRCLE('',#12783,1.375);
#12783 = AXIS2_PLACEMENT_3D('',#12784,#12785,#12786);
#12784 = CARTESIAN_POINT('',(30.48,17.78,-15.));
#12785 = DIRECTION('',(0.,0.,1.));
#12786 = DIRECTION('',(1.,0.,-0.));
#12787 = ORIENTED_EDGE('',*,*,#12788,.T.);
#12788 = EDGE_CURVE('',#12780,#10323,#12789,.T.);
#12789 = CIRCLE('',#12790,1.375);
#12790 = AXIS2_PLACEMENT_3D('',#12791,#12792,#12793);
#12791 = CARTESIAN_POINT('',(30.48,17.78,-15.));
#12792 = DIRECTION('',(0.,0.,1.));
#12793 = DIRECTION('',(1.,0.,-0.));
#12794 = ORIENTED_EDGE('',*,*,#10322,.T.);
#12795 = FACE_BOUND('',#12796,.T.);
#12796 = EDGE_LOOP('',(#12797,#12798,#12799,#12800));
#12797 = ORIENTED_EDGE('',*,*,#10379,.T.);
#12798 = ORIENTED_EDGE('',*,*,#10434,.F.);
#12799 = ORIENTED_EDGE('',*,*,#10453,.T.);
#12800 = ORIENTED_EDGE('',*,*,#10410,.T.);
#12801 = FACE_BOUND('',#12802,.T.);
#12802 = EDGE_LOOP('',(#12803,#12804,#12805,#12806,#12807,#12808));
#12803 = ORIENTED_EDGE('',*,*,#10476,.F.);
#12804 = ORIENTED_EDGE('',*,*,#10573,.T.);
#12805 = ORIENTED_EDGE('',*,*,#10598,.F.);
#12806 = ORIENTED_EDGE('',*,*,#10548,.T.);
#12807 = ORIENTED_EDGE('',*,*,#10532,.T.);
#12808 = ORIENTED_EDGE('',*,*,#10508,.T.);
#12809 = FACE_BOUND('',#12810,.T.);
#12810 = EDGE_LOOP('',(#12811,#12812,#12813,#12814,#12815,#12816));
#12811 = ORIENTED_EDGE('',*,*,#10623,.T.);
#12812 = ORIENTED_EDGE('',*,*,#10654,.F.);
#12813 = ORIENTED_EDGE('',*,*,#10680,.T.);
#12814 = ORIENTED_EDGE('',*,*,#10696,.T.);
#12815 = ORIENTED_EDGE('',*,*,#10743,.F.);
#12816 = ORIENTED_EDGE('',*,*,#10728,.T.);
#12817 = FACE_BOUND('',#12818,.T.);
#12818 = EDGE_LOOP('',(#12819,#12820,#12821,#12822));
#12819 = ORIENTED_EDGE('',*,*,#10768,.F.);
#12820 = ORIENTED_EDGE('',*,*,#10801,.T.);
#12821 = ORIENTED_EDGE('',*,*,#10817,.T.);
#12822 = ORIENTED_EDGE('',*,*,#10840,.F.);
#12823 = FACE_BOUND('',#12824,.T.);
#12824 = EDGE_LOOP('',(#12825,#12826,#12827,#12828));
#12825 = ORIENTED_EDGE('',*,*,#10865,.F.);
#12826 = ORIENTED_EDGE('',*,*,#10898,.T.);
#12827 = ORIENTED_EDGE('',*,*,#10914,.T.);
#12828 = ORIENTED_EDGE('',*,*,#10937,.F.);
#12829 = FACE_BOUND('',#12830,.T.);
#12830 = EDGE_LOOP('',(#12831,#12832,#12833,#12834));
#12831 = ORIENTED_EDGE('',*,*,#10962,.F.);
#12832 = ORIENTED_EDGE('',*,*,#11034,.T.);
#12833 = ORIENTED_EDGE('',*,*,#11018,.T.);
#12834 = ORIENTED_EDGE('',*,*,#10994,.T.);
#12835 = FACE_BOUND('',#12836,.T.);
#12836 = EDGE_LOOP('',(#12837,#12838,#12839,#12840));
#12837 = ORIENTED_EDGE('',*,*,#11059,.F.);
#12838 = ORIENTED_EDGE('',*,*,#11131,.T.);
#12839 = ORIENTED_EDGE('',*,*,#11115,.T.);
#12840 = ORIENTED_EDGE('',*,*,#11091,.T.);
#12841 = FACE_BOUND('',#12842,.T.);
#12842 = EDGE_LOOP('',(#12843,#12844,#12845,#12846,#12847));
#12843 = ORIENTED_EDGE('',*,*,#11193,.T.);
#12844 = ORIENTED_EDGE('',*,*,#11157,.T.);
#12845 = ORIENTED_EDGE('',*,*,#11166,.T.);
#12846 = ORIENTED_EDGE('',*,*,#11175,.T.);
#12847 = ORIENTED_EDGE('',*,*,#11184,.T.);
#12848 = FACE_BOUND('',#12849,.T.);
#12849 = EDGE_LOOP('',(#12850,#12851,#12852,#12853,#12854));
#12850 = ORIENTED_EDGE('',*,*,#11240,.T.);
#12851 = ORIENTED_EDGE('',*,*,#11249,.T.);
#12852 = ORIENTED_EDGE('',*,*,#11258,.T.);
#12853 = ORIENTED_EDGE('',*,*,#11222,.T.);
#12854 = ORIENTED_EDGE('',*,*,#11231,.T.);
#12855 = FACE_BOUND('',#12856,.T.);
#12856 = EDGE_LOOP('',(#12857));
#12857 = ORIENTED_EDGE('',*,*,#11287,.T.);
#12858 = FACE_BOUND('',#12859,.T.);
#12859 = EDGE_LOOP('',(#12860));
#12860 = ORIENTED_EDGE('',*,*,#11312,.T.);
#12861 = FACE_BOUND('',#12862,.T.);
#12862 = EDGE_LOOP('',(#12863));
#12863 = ORIENTED_EDGE('',*,*,#11337,.T.);
#12864 = FACE_BOUND('',#12865,.T.);
#12865 = EDGE_LOOP('',(#12866));
#12866 = ORIENTED_EDGE('',*,*,#11362,.T.);
#12867 = FACE_BOUND('',#12868,.T.);
#12868 = EDGE_LOOP('',(#12869));
#12869 = ORIENTED_EDGE('',*,*,#11387,.T.);
#12870 = FACE_BOUND('',#12871,.T.);
#12871 = EDGE_LOOP('',(#12872));
#12872 = ORIENTED_EDGE('',*,*,#11412,.T.);
#12873 = FACE_BOUND('',#12874,.T.);
#12874 = EDGE_LOOP('',(#12875));
#12875 = ORIENTED_EDGE('',*,*,#11437,.T.);
#12876 = FACE_BOUND('',#12877,.T.);
#12877 = EDGE_LOOP('',(#12878));
#12878 = ORIENTED_EDGE('',*,*,#11462,.T.);
#12879 = FACE_BOUND('',#12880,.T.);
#12880 = EDGE_LOOP('',(#12881));
#12881 = ORIENTED_EDGE('',*,*,#11487,.T.);
#12882 = FACE_BOUND('',#12883,.T.);
#12883 = EDGE_LOOP('',(#12884));
#12884 = ORIENTED_EDGE('',*,*,#11512,.T.);
#12885 = FACE_BOUND('',#12886,.T.);
#12886 = EDGE_LOOP('',(#12887));
#12887 = ORIENTED_EDGE('',*,*,#11537,.T.);
#12888 = FACE_BOUND('',#12889,.T.);
#12889 = EDGE_LOOP('',(#12890));
#12890 = ORIENTED_EDGE('',*,*,#11562,.T.);
#12891 = FACE_BOUND('',#12892,.T.);
#12892 = EDGE_LOOP('',(#12893));
#12893 = ORIENTED_EDGE('',*,*,#11587,.T.);
#12894 = FACE_BOUND('',#12895,.T.);
#12895 = EDGE_LOOP('',(#12896));
#12896 = ORIENTED_EDGE('',*,*,#11612,.T.);
#12897 = FACE_BOUND('',#12898,.T.);
#12898 = EDGE_LOOP('',(#12899));
#12899 = ORIENTED_EDGE('',*,*,#11637,.T.);
#12900 = FACE_BOUND('',#12901,.T.);
#12901 = EDGE_LOOP('',(#12902));
#12902 = ORIENTED_EDGE('',*,*,#11662,.T.);
#12903 = FACE_BOUND('',#12904,.T.);
#12904 = EDGE_LOOP('',(#12905));
#12905 = ORIENTED_EDGE('',*,*,#11687,.T.);
#12906 = FACE_BOUND('',#12907,.T.);
#12907 = EDGE_LOOP('',(#12908));
#12908 = ORIENTED_EDGE('',*,*,#11712,.T.);
#12909 = FACE_BOUND('',#12910,.T.);
#12910 = EDGE_LOOP('',(#12911));
#12911 = ORIENTED_EDGE('',*,*,#11737,.T.);
#12912 = FACE_BOUND('',#12913,.T.);
#12913 = EDGE_LOOP('',(#12914));
#12914 = ORIENTED_EDGE('',*,*,#11762,.T.);
#12915 = FACE_BOUND('',#12916,.T.);
#12916 = EDGE_LOOP('',(#12917,#12918));
#12917 = ORIENTED_EDGE('',*,*,#11787,.T.);
#12918 = ORIENTED_EDGE('',*,*,#11812,.T.);
#12919 = FACE_BOUND('',#12920,.T.);
#12920 = EDGE_LOOP('',(#12921,#12930,#12937));
#12921 = ORIENTED_EDGE('',*,*,#12922,.T.);
#12922 = EDGE_CURVE('',#11828,#12923,#12925,.T.);
#12923 = VERTEX_POINT('',#12924);
#12924 = CARTESIAN_POINT('',(21.695,-2.54,-15.));
#12925 = CIRCLE('',#12926,1.375);
#12926 = AXIS2_PLACEMENT_3D('',#12927,#12928,#12929);
#12927 = CARTESIAN_POINT('',(20.32,-2.54,-15.));
#12928 = DIRECTION('',(0.,0.,1.));
#12929 = DIRECTION('',(1.,0.,-0.));
#12930 = ORIENTED_EDGE('',*,*,#12931,.T.);
#12931 = EDGE_CURVE('',#12923,#11836,#12932,.T.);
#12932 = CIRCLE('',#12933,1.375);
#12933 = AXIS2_PLACEMENT_3D('',#12934,#12935,#12936);
#12934 = CARTESIAN_POINT('',(20.32,-2.54,-15.));
#12935 = DIRECTION('',(0.,0.,1.));
#12936 = DIRECTION('',(1.,0.,-0.));
#12937 = ORIENTED_EDGE('',*,*,#11835,.F.);
#12938 = PLANE('',#12939);
#12939 = AXIS2_PLACEMENT_3D('',#12940,#12941,#12942);
#12940 = CARTESIAN_POINT('',(5.059617627646E-16,-5.9795481054E-16,-15.)
  );
#12941 = DIRECTION('',(-0.,-0.,-1.));
#12942 = DIRECTION('',(-1.,0.,0.));
#12943 = ADVANCED_FACE('',(#12944),#12967,.T.);
#12944 = FACE_BOUND('',#12945,.T.);
#12945 = EDGE_LOOP('',(#12946,#12947,#12948,#12949,#12950,#12951,#12960)
  );
#12946 = ORIENTED_EDGE('',*,*,#518,.F.);
#12947 = ORIENTED_EDGE('',*,*,#311,.F.);
#12948 = ORIENTED_EDGE('',*,*,#1042,.T.);
#12949 = ORIENTED_EDGE('',*,*,#725,.T.);
#12950 = ORIENTED_EDGE('',*,*,#977,.F.);
#12951 = ORIENTED_EDGE('',*,*,#12952,.T.);
#12952 = EDGE_CURVE('',#970,#12953,#12955,.T.);
#12953 = VERTEX_POINT('',#12954);
#12954 = CARTESIAN_POINT('',(-41.09,2.694222958124E-15,11.));
#12955 = CIRCLE('',#12956,11.);
#12956 = AXIS2_PLACEMENT_3D('',#12957,#12958,#12959);
#12957 = CARTESIAN_POINT('',(-41.09,0.,0.));
#12958 = DIRECTION('',(1.,0.,0.));
#12959 = DIRECTION('',(-0.,0.,1.));
#12960 = ORIENTED_EDGE('',*,*,#12961,.T.);
#12961 = EDGE_CURVE('',#12953,#519,#12962,.T.);
#12962 = CIRCLE('',#12963,11.);
#12963 = AXIS2_PLACEMENT_3D('',#12964,#12965,#12966);
#12964 = CARTESIAN_POINT('',(-41.09,0.,0.));
#12965 = DIRECTION('',(1.,0.,0.));
#12966 = DIRECTION('',(-0.,0.,1.));
#12967 = PLANE('',#12968);
#12968 = AXIS2_PLACEMENT_3D('',#12969,#12970,#12971);
#12969 = CARTESIAN_POINT('',(-41.09,-1.934956975354E-16,-2.770829257219)
  );
#12970 = DIRECTION('',(1.,0.,0.));
#12971 = DIRECTION('',(-0.,0.,1.));
#12972 = ADVANCED_FACE('',(#12973,#12996),#13016,.T.);
#12973 = FACE_BOUND('',#12974,.T.);
#12974 = EDGE_LOOP('',(#12975,#12976,#12977,#12978,#12979,#12980,#12989)
  );
#12975 = ORIENTED_EDGE('',*,*,#992,.T.);
#12976 = ORIENTED_EDGE('',*,*,#931,.F.);
#12977 = ORIENTED_EDGE('',*,*,#1029,.F.);
#12978 = ORIENTED_EDGE('',*,*,#424,.T.);
#12979 = ORIENTED_EDGE('',*,*,#540,.T.);
#12980 = ORIENTED_EDGE('',*,*,#12981,.F.);
#12981 = EDGE_CURVE('',#12982,#541,#12984,.T.);
#12982 = VERTEX_POINT('',#12983);
#12983 = CARTESIAN_POINT('',(41.09,2.694222958124E-15,11.));
#12984 = CIRCLE('',#12985,11.);
#12985 = AXIS2_PLACEMENT_3D('',#12986,#12987,#12988);
#12986 = CARTESIAN_POINT('',(41.09,0.,0.));
#12987 = DIRECTION('',(1.,0.,0.));
#12988 = DIRECTION('',(-0.,0.,1.));
#12989 = ORIENTED_EDGE('',*,*,#12990,.F.);
#12990 = EDGE_CURVE('',#993,#12982,#12991,.T.);
#12991 = CIRCLE('',#12992,11.);
#12992 = AXIS2_PLACEMENT_3D('',#12993,#12994,#12995);
#12993 = CARTESIAN_POINT('',(41.09,0.,0.));
#12994 = DIRECTION('',(1.,0.,0.));
#12995 = DIRECTION('',(-0.,0.,1.));
#12996 = FACE_BOUND('',#12997,.T.);
#12997 = EDGE_LOOP('',(#12998,#13009));
#12998 = ORIENTED_EDGE('',*,*,#12999,.T.);
#12999 = EDGE_CURVE('',#13000,#13002,#13004,.T.);
#13000 = VERTEX_POINT('',#13001);
#13001 = CARTESIAN_POINT('',(41.09,-3.,0.));
#13002 = VERTEX_POINT('',#13003);
#13003 = CARTESIAN_POINT('',(41.09,3.,0.));
#13004 = CIRCLE('',#13005,3.);
#13005 = AXIS2_PLACEMENT_3D('',#13006,#13007,#13008);
#13006 = CARTESIAN_POINT('',(41.09,0.,0.));
#13007 = DIRECTION('',(1.,0.,0.));
#13008 = DIRECTION('',(-0.,1.,0.));
#13009 = ORIENTED_EDGE('',*,*,#13010,.T.);
#13010 = EDGE_CURVE('',#13002,#13000,#13011,.T.);
#13011 = CIRCLE('',#13012,3.);
#13012 = AXIS2_PLACEMENT_3D('',#13013,#13014,#13015);
#13013 = CARTESIAN_POINT('',(41.09,0.,0.));
#13014 = DIRECTION('',(1.,0.,0.));
#13015 = DIRECTION('',(-0.,1.,0.));
#13016 = PLANE('',#13017);
#13017 = AXIS2_PLACEMENT_3D('',#13018,#13019,#13020);
#13018 = CARTESIAN_POINT('',(41.09,-9.161867404294E-17,-2.770829257219)
  );
#13019 = DIRECTION('',(-1.,-0.,-3.107528039188E-16));
#13020 = DIRECTION('',(3.107528039188E-16,0.,-1.));
#13021 = ADVANCED_FACE('',(#13022),#13034,.F.);
#13022 = FACE_BOUND('',#13023,.F.);
#13023 = EDGE_LOOP('',(#13024,#13030,#13031,#13032,#13033));
#13024 = ORIENTED_EDGE('',*,*,#13025,.T.);
#13025 = EDGE_CURVE('',#13002,#231,#13026,.T.);
#13026 = LINE('',#13027,#13028);
#13027 = CARTESIAN_POINT('',(39.1,3.,-7.347880794884E-16));
#13028 = VECTOR('',#13029,1.);
#13029 = DIRECTION('',(1.,0.,0.));
#13030 = ORIENTED_EDGE('',*,*,#230,.F.);
#13031 = ORIENTED_EDGE('',*,*,#13025,.F.);
#13032 = ORIENTED_EDGE('',*,*,#13010,.T.);
#13033 = ORIENTED_EDGE('',*,*,#12999,.T.);
#13034 = CYLINDRICAL_SURFACE('',#13035,3.);
#13035 = AXIS2_PLACEMENT_3D('',#13036,#13037,#13038);
#13036 = CARTESIAN_POINT('',(39.1,0.,0.));
#13037 = DIRECTION('',(1.,0.,0.));
#13038 = DIRECTION('',(0.,1.,0.));
#13039 = ADVANCED_FACE('',(#13040,#13063),#13092,.T.);
#13040 = FACE_BOUND('',#13041,.T.);
#13041 = EDGE_LOOP('',(#13042,#13043,#13052,#13059,#13060,#13061,#13062)
  );
#13042 = ORIENTED_EDGE('',*,*,#509,.T.);
#13043 = ORIENTED_EDGE('',*,*,#13044,.F.);
#13044 = EDGE_CURVE('',#13045,#510,#13047,.T.);
#13045 = VERTEX_POINT('',#13046);
#13046 = CARTESIAN_POINT('',(-45.1,2.694222958124E-15,11.));
#13047 = CIRCLE('',#13048,11.);
#13048 = AXIS2_PLACEMENT_3D('',#13049,#13050,#13051);
#13049 = CARTESIAN_POINT('',(-45.1,0.,0.));
#13050 = DIRECTION('',(1.,0.,0.));
#13051 = DIRECTION('',(-0.,0.,1.));
#13052 = ORIENTED_EDGE('',*,*,#13053,.F.);
#13053 = EDGE_CURVE('',#962,#13045,#13054,.T.);
#13054 = CIRCLE('',#13055,11.);
#13055 = AXIS2_PLACEMENT_3D('',#13056,#13057,#13058);
#13056 = CARTESIAN_POINT('',(-45.1,0.,0.));
#13057 = DIRECTION('',(1.,0.,0.));
#13058 = DIRECTION('',(-0.,0.,1.));
#13059 = ORIENTED_EDGE('',*,*,#961,.T.);
#13060 = ORIENTED_EDGE('',*,*,#709,.F.);
#13061 = ORIENTED_EDGE('',*,*,#11860,.F.);
#13062 = ORIENTED_EDGE('',*,*,#295,.T.);
#13063 = FACE_BOUND('',#13064,.T.);
#13064 = EDGE_LOOP('',(#13065,#13076,#13085));
#13065 = ORIENTED_EDGE('',*,*,#13066,.F.);
#13066 = EDGE_CURVE('',#13067,#13069,#13071,.T.);
#13067 = VERTEX_POINT('',#13068);
#13068 = CARTESIAN_POINT('',(-45.1,5.878304635907E-16,-2.4));
#13069 = VERTEX_POINT('',#13070);
#13070 = CARTESIAN_POINT('',(-45.1,-2.4,0.));
#13071 = CIRCLE('',#13072,2.4);
#13072 = AXIS2_PLACEMENT_3D('',#13073,#13074,#13075);
#13073 = CARTESIAN_POINT('',(-45.1,0.,0.));
#13074 = DIRECTION('',(-1.,0.,0.));
#13075 = DIRECTION('',(0.,0.,-1.));
#13076 = ORIENTED_EDGE('',*,*,#13077,.F.);
#13077 = EDGE_CURVE('',#13078,#13067,#13080,.T.);
#13078 = VERTEX_POINT('',#13079);
#13079 = CARTESIAN_POINT('',(-45.1,2.4,0.));
#13080 = CIRCLE('',#13081,2.4);
#13081 = AXIS2_PLACEMENT_3D('',#13082,#13083,#13084);
#13082 = CARTESIAN_POINT('',(-45.1,0.,0.));
#13083 = DIRECTION('',(-1.,0.,0.));
#13084 = DIRECTION('',(0.,0.,-1.));
#13085 = ORIENTED_EDGE('',*,*,#13086,.F.);
#13086 = EDGE_CURVE('',#13069,#13078,#13087,.T.);
#13087 = CIRCLE('',#13088,2.4);
#13088 = AXIS2_PLACEMENT_3D('',#13089,#13090,#13091);
#13089 = CARTESIAN_POINT('',(-45.1,0.,0.));
#13090 = DIRECTION('',(-1.,0.,0.));
#13091 = DIRECTION('',(0.,0.,-1.));
#13092 = PLANE('',#13093);
#13093 = AXIS2_PLACEMENT_3D('',#13094,#13095,#13096);
#13094 = CARTESIAN_POINT('',(-45.1,4.810548394004E-16,-4.749715723834));
#13095 = DIRECTION('',(-1.,-0.,-0.));
#13096 = DIRECTION('',(0.,0.,-1.));
#13097 = ADVANCED_FACE('',(#13098),#13119,.T.);
#13098 = FACE_BOUND('',#13099,.T.);
#13099 = EDGE_LOOP('',(#13100,#13108,#13115,#13116,#13117,#13118));
#13100 = ORIENTED_EDGE('',*,*,#13101,.T.);
#13101 = EDGE_CURVE('',#13067,#13102,#13104,.T.);
#13102 = VERTEX_POINT('',#13103);
#13103 = CARTESIAN_POINT('',(-48.6,5.878304635907E-16,-2.4));
#13104 = LINE('',#13105,#13106);
#13105 = CARTESIAN_POINT('',(-44.6,5.878304635907E-16,-2.4));
#13106 = VECTOR('',#13107,1.);
#13107 = DIRECTION('',(-1.,0.,0.));
#13108 = ORIENTED_EDGE('',*,*,#13109,.F.);
#13109 = EDGE_CURVE('',#13102,#13102,#13110,.T.);
#13110 = CIRCLE('',#13111,2.4);
#13111 = AXIS2_PLACEMENT_3D('',#13112,#13113,#13114);
#13112 = CARTESIAN_POINT('',(-48.6,0.,0.));
#13113 = DIRECTION('',(-1.,0.,0.));
#13114 = DIRECTION('',(0.,0.,-1.));
#13115 = ORIENTED_EDGE('',*,*,#13101,.F.);
#13116 = ORIENTED_EDGE('',*,*,#13066,.T.);
#13117 = ORIENTED_EDGE('',*,*,#13086,.T.);
#13118 = ORIENTED_EDGE('',*,*,#13077,.T.);
#13119 = CYLINDRICAL_SURFACE('',#13120,2.4);
#13120 = AXIS2_PLACEMENT_3D('',#13121,#13122,#13123);
#13121 = CARTESIAN_POINT('',(-44.6,0.,0.));
#13122 = DIRECTION('',(-1.,0.,0.));
#13123 = DIRECTION('',(0.,0.,-1.));
#13124 = ADVANCED_FACE('',(#13125,#13128),#13139,.T.);
#13125 = FACE_BOUND('',#13126,.T.);
#13126 = EDGE_LOOP('',(#13127));
#13127 = ORIENTED_EDGE('',*,*,#13109,.T.);
#13128 = FACE_BOUND('',#13129,.T.);
#13129 = EDGE_LOOP('',(#13130));
#13130 = ORIENTED_EDGE('',*,*,#13131,.F.);
#13131 = EDGE_CURVE('',#13132,#13132,#13134,.T.);
#13132 = VERTEX_POINT('',#13133);
#13133 = CARTESIAN_POINT('',(-48.6,3.429011037613E-16,-1.4));
#13134 = CIRCLE('',#13135,1.4);
#13135 = AXIS2_PLACEMENT_3D('',#13136,#13137,#13138);
#13136 = CARTESIAN_POINT('',(-48.6,0.,0.));
#13137 = DIRECTION('',(-1.,0.,0.));
#13138 = DIRECTION('',(0.,0.,-1.));
#13139 = PLANE('',#13140);
#13140 = AXIS2_PLACEMENT_3D('',#13141,#13142,#13143);
#13141 = CARTESIAN_POINT('',(-48.6,0.,0.));
#13142 = DIRECTION('',(-1.,0.,0.));
#13143 = DIRECTION('',(0.,0.,-1.));
#13144 = ADVANCED_FACE('',(#13145),#13164,.F.);
#13145 = FACE_BOUND('',#13146,.F.);
#13146 = EDGE_LOOP('',(#13147,#13148,#13156,#13163));
#13147 = ORIENTED_EDGE('',*,*,#13131,.F.);
#13148 = ORIENTED_EDGE('',*,*,#13149,.F.);
#13149 = EDGE_CURVE('',#13150,#13132,#13152,.T.);
#13150 = VERTEX_POINT('',#13151);
#13151 = CARTESIAN_POINT('',(-41.6,3.429011037613E-16,-1.4));
#13152 = LINE('',#13153,#13154);
#13153 = CARTESIAN_POINT('',(-41.6,3.429011037613E-16,-1.4));
#13154 = VECTOR('',#13155,1.);
#13155 = DIRECTION('',(-1.,0.,0.));
#13156 = ORIENTED_EDGE('',*,*,#13157,.T.);
#13157 = EDGE_CURVE('',#13150,#13150,#13158,.T.);
#13158 = CIRCLE('',#13159,1.4);
#13159 = AXIS2_PLACEMENT_3D('',#13160,#13161,#13162);
#13160 = CARTESIAN_POINT('',(-41.6,0.,0.));
#13161 = DIRECTION('',(-1.,0.,0.));
#13162 = DIRECTION('',(0.,0.,-1.));
#13163 = ORIENTED_EDGE('',*,*,#13149,.T.);
#13164 = CYLINDRICAL_SURFACE('',#13165,1.4);
#13165 = AXIS2_PLACEMENT_3D('',#13166,#13167,#13168);
#13166 = CARTESIAN_POINT('',(-41.6,0.,0.));
#13167 = DIRECTION('',(-1.,0.,0.));
#13168 = DIRECTION('',(0.,0.,-1.));
#13169 = ADVANCED_FACE('',(#13170),#13173,.T.);
#13170 = FACE_BOUND('',#13171,.F.);
#13171 = EDGE_LOOP('',(#13172));
#13172 = ORIENTED_EDGE('',*,*,#13157,.F.);
#13173 = PLANE('',#13174);
#13174 = AXIS2_PLACEMENT_3D('',#13175,#13176,#13177);
#13175 = CARTESIAN_POINT('',(-41.6,0.,0.));
#13176 = DIRECTION('',(-1.,0.,0.));
#13177 = DIRECTION('',(0.,0.,-1.));
#13178 = ADVANCED_FACE('',(#13179),#13191,.T.);
#13179 = FACE_BOUND('',#13180,.T.);
#13180 = EDGE_LOOP('',(#13181,#13182,#13183,#13184,#13185,#13186,#13187,
    #13188,#13189,#13190));
#13181 = ORIENTED_EDGE('',*,*,#549,.F.);
#13182 = ORIENTED_EDGE('',*,*,#440,.F.);
#13183 = ORIENTED_EDGE('',*,*,#11873,.T.);
#13184 = ORIENTED_EDGE('',*,*,#947,.T.);
#13185 = ORIENTED_EDGE('',*,*,#1008,.F.);
#13186 = ORIENTED_EDGE('',*,*,#685,.F.);
#13187 = ORIENTED_EDGE('',*,*,#653,.T.);
#13188 = ORIENTED_EDGE('',*,*,#635,.F.);
#13189 = ORIENTED_EDGE('',*,*,#604,.T.);
#13190 = ORIENTED_EDGE('',*,*,#588,.T.);
#13191 = PLANE('',#13192);
#13192 = AXIS2_PLACEMENT_3D('',#13193,#13194,#13195);
#13193 = CARTESIAN_POINT('',(45.1,-19.,-15.));
#13194 = DIRECTION('',(1.,0.,-0.));
#13195 = DIRECTION('',(0.,0.,1.));
#13196 = ADVANCED_FACE('',(#13197),#13205,.F.);
#13197 = FACE_BOUND('',#13198,.F.);
#13198 = EDGE_LOOP('',(#13199,#13200,#13201,#13202,#13203,#13204));
#13199 = ORIENTED_EDGE('',*,*,#6048,.F.);
#13200 = ORIENTED_EDGE('',*,*,#12161,.T.);
#13201 = ORIENTED_EDGE('',*,*,#12170,.T.);
#13202 = ORIENTED_EDGE('',*,*,#6024,.T.);
#13203 = ORIENTED_EDGE('',*,*,#1817,.F.);
#13204 = ORIENTED_EDGE('',*,*,#1826,.F.);
#13205 = CYLINDRICAL_SURFACE('',#13206,1.375);
#13206 = AXIS2_PLACEMENT_3D('',#13207,#13208,#13209);
#13207 = CARTESIAN_POINT('',(-30.48,-27.94,-16.));
#13208 = DIRECTION('',(0.,0.,1.));
#13209 = DIRECTION('',(1.,0.,-0.));
#13210 = ADVANCED_FACE('',(#13211),#13219,.F.);
#13211 = FACE_BOUND('',#13212,.F.);
#13212 = EDGE_LOOP('',(#13213,#13214,#13215,#13216,#13217,#13218));
#13213 = ORIENTED_EDGE('',*,*,#7838,.F.);
#13214 = ORIENTED_EDGE('',*,*,#12335,.T.);
#13215 = ORIENTED_EDGE('',*,*,#12344,.T.);
#13216 = ORIENTED_EDGE('',*,*,#7814,.T.);
#13217 = ORIENTED_EDGE('',*,*,#2537,.F.);
#13218 = ORIENTED_EDGE('',*,*,#2546,.F.);
#13219 = CYLINDRICAL_SURFACE('',#13220,1.375);
#13220 = AXIS2_PLACEMENT_3D('',#13221,#13222,#13223);
#13221 = CARTESIAN_POINT('',(-25.4,-17.78,-16.));
#13222 = DIRECTION('',(0.,0.,1.));
#13223 = DIRECTION('',(1.,0.,-0.));
#13224 = ADVANCED_FACE('',(#13225),#13233,.F.);
#13225 = FACE_BOUND('',#13226,.F.);
#13226 = EDGE_LOOP('',(#13227,#13228,#13229,#13230,#13231,#13232));
#13227 = ORIENTED_EDGE('',*,*,#7918,.F.);
#13228 = ORIENTED_EDGE('',*,*,#12356,.T.);
#13229 = ORIENTED_EDGE('',*,*,#12365,.T.);
#13230 = ORIENTED_EDGE('',*,*,#7894,.T.);
#13231 = ORIENTED_EDGE('',*,*,#2582,.F.);
#13232 = ORIENTED_EDGE('',*,*,#2591,.F.);
#13233 = CYLINDRICAL_SURFACE('',#13234,1.375);
#13234 = AXIS2_PLACEMENT_3D('',#13235,#13236,#13237);
#13235 = CARTESIAN_POINT('',(-15.24,-27.94,-16.));
#13236 = DIRECTION('',(0.,0.,1.));
#13237 = DIRECTION('',(1.,0.,-0.));
#13238 = ADVANCED_FACE('',(#13239),#13247,.F.);
#13239 = FACE_BOUND('',#13240,.F.);
#13240 = EDGE_LOOP('',(#13241,#13242,#13243,#13244,#13245,#13246));
#13241 = ORIENTED_EDGE('',*,*,#8078,.F.);
#13242 = ORIENTED_EDGE('',*,*,#12398,.T.);
#13243 = ORIENTED_EDGE('',*,*,#12407,.T.);
#13244 = ORIENTED_EDGE('',*,*,#8054,.T.);
#13245 = ORIENTED_EDGE('',*,*,#2672,.F.);
#13246 = ORIENTED_EDGE('',*,*,#2681,.F.);
#13247 = CYLINDRICAL_SURFACE('',#13248,1.375);
#13248 = AXIS2_PLACEMENT_3D('',#13249,#13250,#13251);
#13249 = CARTESIAN_POINT('',(7.105427357601E-15,-27.94,-16.));
#13250 = DIRECTION('',(0.,0.,1.));
#13251 = DIRECTION('',(1.,0.,-0.));
#13252 = ADVANCED_FACE('',(#13253),#13261,.F.);
#13253 = FACE_BOUND('',#13254,.F.);
#13254 = EDGE_LOOP('',(#13255,#13256,#13257,#13258,#13259,#13260));
#13255 = ORIENTED_EDGE('',*,*,#7286,.F.);
#13256 = ORIENTED_EDGE('',*,*,#12269,.T.);
#13257 = ORIENTED_EDGE('',*,*,#12278,.T.);
#13258 = ORIENTED_EDGE('',*,*,#7262,.T.);
#13259 = ORIENTED_EDGE('',*,*,#2303,.F.);
#13260 = ORIENTED_EDGE('',*,*,#2312,.F.);
#13261 = CYLINDRICAL_SURFACE('',#13262,1.375);
#13262 = AXIS2_PLACEMENT_3D('',#13263,#13264,#13265);
#13263 = CARTESIAN_POINT('',(-10.16,-17.78,-16.));
#13264 = DIRECTION('',(0.,0.,1.));
#13265 = DIRECTION('',(1.,0.,-0.));
#13266 = ADVANCED_FACE('',(#13267),#13275,.F.);
#13267 = FACE_BOUND('',#13268,.F.);
#13268 = EDGE_LOOP('',(#13269,#13270,#13271,#13272,#13273,#13274));
#13269 = ORIENTED_EDGE('',*,*,#5630,.F.);
#13270 = ORIENTED_EDGE('',*,*,#12071,.T.);
#13271 = ORIENTED_EDGE('',*,*,#12080,.T.);
#13272 = ORIENTED_EDGE('',*,*,#5606,.T.);
#13273 = ORIENTED_EDGE('',*,*,#1601,.F.);
#13274 = ORIENTED_EDGE('',*,*,#1610,.F.);
#13275 = CYLINDRICAL_SURFACE('',#13276,1.375);
#13276 = AXIS2_PLACEMENT_3D('',#13277,#13278,#13279);
#13277 = CARTESIAN_POINT('',(-30.48,-12.7,-16.));
#13278 = DIRECTION('',(0.,0.,1.));
#13279 = DIRECTION('',(1.,0.,-0.));
#13280 = ADVANCED_FACE('',(#13281),#13289,.F.);
#13281 = FACE_BOUND('',#13282,.F.);
#13282 = EDGE_LOOP('',(#13283,#13284,#13285,#13286,#13287,#13288));
#13283 = ORIENTED_EDGE('',*,*,#8256,.F.);
#13284 = ORIENTED_EDGE('',*,*,#12425,.T.);
#13285 = ORIENTED_EDGE('',*,*,#12434,.T.);
#13286 = ORIENTED_EDGE('',*,*,#8232,.T.);
#13287 = ORIENTED_EDGE('',*,*,#2753,.F.);
#13288 = ORIENTED_EDGE('',*,*,#2762,.F.);
#13289 = CYLINDRICAL_SURFACE('',#13290,1.375);
#13290 = AXIS2_PLACEMENT_3D('',#13291,#13292,#13293);
#13291 = CARTESIAN_POINT('',(-25.4,-2.54,-16.));
#13292 = DIRECTION('',(0.,0.,1.));
#13293 = DIRECTION('',(1.,0.,-0.));
#13294 = ADVANCED_FACE('',(#13295),#13303,.F.);
#13295 = FACE_BOUND('',#13296,.F.);
#13296 = EDGE_LOOP('',(#13297,#13298,#13299,#13300,#13301,#13302));
#13297 = ORIENTED_EDGE('',*,*,#8336,.F.);
#13298 = ORIENTED_EDGE('',*,*,#12446,.T.);
#13299 = ORIENTED_EDGE('',*,*,#12455,.T.);
#13300 = ORIENTED_EDGE('',*,*,#8312,.T.);
#13301 = ORIENTED_EDGE('',*,*,#2798,.F.);
#13302 = ORIENTED_EDGE('',*,*,#2807,.F.);
#13303 = CYLINDRICAL_SURFACE('',#13304,1.375);
#13304 = AXIS2_PLACEMENT_3D('',#13305,#13306,#13307);
#13305 = CARTESIAN_POINT('',(-15.24,-12.7,-16.));
#13306 = DIRECTION('',(0.,0.,1.));
#13307 = DIRECTION('',(1.,0.,-0.));
#13308 = ADVANCED_FACE('',(#13309),#13317,.F.);
#13309 = FACE_BOUND('',#13310,.F.);
#13310 = EDGE_LOOP('',(#13311,#13312,#13313,#13314,#13315,#13316));
#13311 = ORIENTED_EDGE('',*,*,#8416,.F.);
#13312 = ORIENTED_EDGE('',*,*,#12467,.T.);
#13313 = ORIENTED_EDGE('',*,*,#12476,.T.);
#13314 = ORIENTED_EDGE('',*,*,#8392,.T.);
#13315 = ORIENTED_EDGE('',*,*,#2843,.F.);
#13316 = ORIENTED_EDGE('',*,*,#2852,.F.);
#13317 = CYLINDRICAL_SURFACE('',#13318,1.375);
#13318 = AXIS2_PLACEMENT_3D('',#13319,#13320,#13321);
#13319 = CARTESIAN_POINT('',(7.105427357601E-15,-12.7,-16.));
#13320 = DIRECTION('',(0.,0.,1.));
#13321 = DIRECTION('',(1.,0.,-0.));
#13322 = ADVANCED_FACE('',(#13323),#13331,.F.);
#13323 = FACE_BOUND('',#13324,.F.);
#13324 = EDGE_LOOP('',(#13325,#13326,#13327,#13328,#13329,#13330));
#13325 = ORIENTED_EDGE('',*,*,#8496,.F.);
#13326 = ORIENTED_EDGE('',*,*,#12488,.T.);
#13327 = ORIENTED_EDGE('',*,*,#12497,.T.);
#13328 = ORIENTED_EDGE('',*,*,#8472,.T.);
#13329 = ORIENTED_EDGE('',*,*,#2888,.F.);
#13330 = ORIENTED_EDGE('',*,*,#2897,.F.);
#13331 = CYLINDRICAL_SURFACE('',#13332,1.375);
#13332 = AXIS2_PLACEMENT_3D('',#13333,#13334,#13335);
#13333 = CARTESIAN_POINT('',(15.24,-27.94,-16.));
#13334 = DIRECTION('',(0.,0.,1.));
#13335 = DIRECTION('',(1.,0.,-0.));
#13336 = ADVANCED_FACE('',(#13337),#13345,.F.);
#13337 = FACE_BOUND('',#13338,.F.);
#13338 = EDGE_LOOP('',(#13339,#13340,#13341,#13342,#13343,#13344));
#13339 = ORIENTED_EDGE('',*,*,#8576,.F.);
#13340 = ORIENTED_EDGE('',*,*,#12509,.T.);
#13341 = ORIENTED_EDGE('',*,*,#12518,.T.);
#13342 = ORIENTED_EDGE('',*,*,#8552,.T.);
#13343 = ORIENTED_EDGE('',*,*,#2933,.F.);
#13344 = ORIENTED_EDGE('',*,*,#2942,.F.);
#13345 = CYLINDRICAL_SURFACE('',#13346,1.375);
#13346 = AXIS2_PLACEMENT_3D('',#13347,#13348,#13349);
#13347 = CARTESIAN_POINT('',(5.08,-17.78,-16.));
#13348 = DIRECTION('',(0.,0.,1.));
#13349 = DIRECTION('',(1.,0.,-0.));
#13350 = ADVANCED_FACE('',(#13351),#13359,.F.);
#13351 = FACE_BOUND('',#13352,.F.);
#13352 = EDGE_LOOP('',(#13353,#13354,#13355,#13356,#13357,#13358));
#13353 = ORIENTED_EDGE('',*,*,#5372,.F.);
#13354 = ORIENTED_EDGE('',*,*,#12023,.T.);
#13355 = ORIENTED_EDGE('',*,*,#12032,.T.);
#13356 = ORIENTED_EDGE('',*,*,#5348,.T.);
#13357 = ORIENTED_EDGE('',*,*,#1475,.F.);
#13358 = ORIENTED_EDGE('',*,*,#1484,.F.);
#13359 = CYLINDRICAL_SURFACE('',#13360,1.375);
#13360 = AXIS2_PLACEMENT_3D('',#13361,#13362,#13363);
#13361 = CARTESIAN_POINT('',(20.32,-17.78,-16.));
#13362 = DIRECTION('',(0.,0.,1.));
#13363 = DIRECTION('',(1.,0.,-0.));
#13364 = ADVANCED_FACE('',(#13365),#13373,.F.);
#13365 = FACE_BOUND('',#13366,.F.);
#13366 = EDGE_LOOP('',(#13367,#13368,#13369,#13370,#13371,#13372));
#13367 = ORIENTED_EDGE('',*,*,#10080,.F.);
#13368 = ORIENTED_EDGE('',*,*,#12746,.T.);
#13369 = ORIENTED_EDGE('',*,*,#12755,.T.);
#13370 = ORIENTED_EDGE('',*,*,#10056,.T.);
#13371 = ORIENTED_EDGE('',*,*,#3626,.F.);
#13372 = ORIENTED_EDGE('',*,*,#3635,.F.);
#13373 = CYLINDRICAL_SURFACE('',#13374,1.375);
#13374 = AXIS2_PLACEMENT_3D('',#13375,#13376,#13377);
#13375 = CARTESIAN_POINT('',(30.48,-27.94,-16.));
#13376 = DIRECTION('',(0.,0.,1.));
#13377 = DIRECTION('',(1.,0.,-0.));
#13378 = ADVANCED_FACE('',(#13379),#13387,.F.);
#13379 = FACE_BOUND('',#13380,.F.);
#13380 = EDGE_LOOP('',(#13381,#13382,#13383,#13384,#13385,#13386));
#13381 = ORIENTED_EDGE('',*,*,#4722,.F.);
#13382 = ORIENTED_EDGE('',*,*,#11951,.T.);
#13383 = ORIENTED_EDGE('',*,*,#11960,.T.);
#13384 = ORIENTED_EDGE('',*,*,#4698,.T.);
#13385 = ORIENTED_EDGE('',*,*,#1205,.F.);
#13386 = ORIENTED_EDGE('',*,*,#1214,.F.);
#13387 = CYLINDRICAL_SURFACE('',#13388,1.375);
#13388 = AXIS2_PLACEMENT_3D('',#13389,#13390,#13391);
#13389 = CARTESIAN_POINT('',(35.56,-17.78,-16.));
#13390 = DIRECTION('',(0.,0.,1.));
#13391 = DIRECTION('',(1.,0.,-0.));
#13392 = ADVANCED_FACE('',(#13393),#13401,.F.);
#13393 = FACE_BOUND('',#13394,.F.);
#13394 = EDGE_LOOP('',(#13395,#13396,#13397,#13398,#13399,#13400));
#13395 = ORIENTED_EDGE('',*,*,#8656,.F.);
#13396 = ORIENTED_EDGE('',*,*,#12530,.T.);
#13397 = ORIENTED_EDGE('',*,*,#12539,.T.);
#13398 = ORIENTED_EDGE('',*,*,#8632,.T.);
#13399 = ORIENTED_EDGE('',*,*,#2978,.F.);
#13400 = ORIENTED_EDGE('',*,*,#2987,.F.);
#13401 = CYLINDRICAL_SURFACE('',#13402,1.375);
#13402 = AXIS2_PLACEMENT_3D('',#13403,#13404,#13405);
#13403 = CARTESIAN_POINT('',(15.24,-12.7,-16.));
#13404 = DIRECTION('',(0.,0.,1.));
#13405 = DIRECTION('',(1.,0.,-0.));
#13406 = ADVANCED_FACE('',(#13407),#13415,.F.);
#13407 = FACE_BOUND('',#13408,.F.);
#13408 = EDGE_LOOP('',(#13409,#13410,#13411,#13412,#13413,#13414));
#13409 = ORIENTED_EDGE('',*,*,#11843,.T.);
#13410 = ORIENTED_EDGE('',*,*,#4401,.F.);
#13411 = ORIENTED_EDGE('',*,*,#4382,.F.);
#13412 = ORIENTED_EDGE('',*,*,#11827,.F.);
#13413 = ORIENTED_EDGE('',*,*,#12922,.T.);
#13414 = ORIENTED_EDGE('',*,*,#12931,.T.);
#13415 = CYLINDRICAL_SURFACE('',#13416,1.375);
#13416 = AXIS2_PLACEMENT_3D('',#13417,#13418,#13419);
#13417 = CARTESIAN_POINT('',(20.32,-2.54,-16.));
#13418 = DIRECTION('',(0.,0.,1.));
#13419 = DIRECTION('',(1.,0.,-0.));
#13420 = ADVANCED_FACE('',(#13421),#13429,.F.);
#13421 = FACE_BOUND('',#13422,.F.);
#13422 = EDGE_LOOP('',(#13423,#13424,#13425,#13426,#13427,#13428));
#13423 = ORIENTED_EDGE('',*,*,#9902,.F.);
#13424 = ORIENTED_EDGE('',*,*,#12719,.T.);
#13425 = ORIENTED_EDGE('',*,*,#12728,.T.);
#13426 = ORIENTED_EDGE('',*,*,#9878,.T.);
#13427 = ORIENTED_EDGE('',*,*,#3545,.F.);
#13428 = ORIENTED_EDGE('',*,*,#3554,.F.);
#13429 = CYLINDRICAL_SURFACE('',#13430,1.375);
#13430 = AXIS2_PLACEMENT_3D('',#13431,#13432,#13433);
#13431 = CARTESIAN_POINT('',(30.48,-12.7,-16.));
#13432 = DIRECTION('',(0.,0.,1.));
#13433 = DIRECTION('',(1.,0.,-0.));
#13434 = ADVANCED_FACE('',(#13435),#13443,.F.);
#13435 = FACE_BOUND('',#13436,.F.);
#13436 = EDGE_LOOP('',(#13437,#13438,#13439,#13440,#13441,#13442));
#13437 = ORIENTED_EDGE('',*,*,#4562,.F.);
#13438 = ORIENTED_EDGE('',*,*,#11909,.T.);
#13439 = ORIENTED_EDGE('',*,*,#11918,.T.);
#13440 = ORIENTED_EDGE('',*,*,#4538,.T.);
#13441 = ORIENTED_EDGE('',*,*,#1115,.F.);
#13442 = ORIENTED_EDGE('',*,*,#1124,.F.);
#13443 = CYLINDRICAL_SURFACE('',#13444,1.375);
#13444 = AXIS2_PLACEMENT_3D('',#13445,#13446,#13447);
#13445 = CARTESIAN_POINT('',(35.56,-2.54,-16.));
#13446 = DIRECTION('',(0.,0.,1.));
#13447 = DIRECTION('',(1.,0.,-0.));
#13448 = ADVANCED_FACE('',(#13449),#13457,.F.);
#13449 = FACE_BOUND('',#13450,.F.);
#13450 = EDGE_LOOP('',(#13451,#13452,#13453,#13454,#13455,#13456));
#13451 = ORIENTED_EDGE('',*,*,#5968,.F.);
#13452 = ORIENTED_EDGE('',*,*,#12140,.T.);
#13453 = ORIENTED_EDGE('',*,*,#12149,.T.);
#13454 = ORIENTED_EDGE('',*,*,#5944,.T.);
#13455 = ORIENTED_EDGE('',*,*,#1772,.F.);
#13456 = ORIENTED_EDGE('',*,*,#1781,.F.);
#13457 = CYLINDRICAL_SURFACE('',#13458,1.375);
#13458 = AXIS2_PLACEMENT_3D('',#13459,#13460,#13461);
#13459 = CARTESIAN_POINT('',(-30.48,2.54,-16.));
#13460 = DIRECTION('',(0.,0.,1.));
#13461 = DIRECTION('',(1.,0.,-0.));
#13462 = ADVANCED_FACE('',(#13463),#13471,.F.);
#13463 = FACE_BOUND('',#13464,.F.);
#13464 = EDGE_LOOP('',(#13465,#13466,#13467,#13468,#13469,#13470));
#13465 = ORIENTED_EDGE('',*,*,#9030,.F.);
#13466 = ORIENTED_EDGE('',*,*,#12569,.T.);
#13467 = ORIENTED_EDGE('',*,*,#12578,.T.);
#13468 = ORIENTED_EDGE('',*,*,#9006,.T.);
#13469 = ORIENTED_EDGE('',*,*,#3131,.F.);
#13470 = ORIENTED_EDGE('',*,*,#3140,.F.);
#13471 = CYLINDRICAL_SURFACE('',#13472,1.375);
#13472 = AXIS2_PLACEMENT_3D('',#13473,#13474,#13475);
#13473 = CARTESIAN_POINT('',(-25.4,12.7,-16.));
#13474 = DIRECTION('',(0.,0.,1.));
#13475 = DIRECTION('',(1.,0.,-0.));
#13476 = ADVANCED_FACE('',(#13477),#13485,.F.);
#13477 = FACE_BOUND('',#13478,.F.);
#13478 = EDGE_LOOP('',(#13479,#13480,#13481,#13482,#13483,#13484));
#13479 = ORIENTED_EDGE('',*,*,#5888,.F.);
#13480 = ORIENTED_EDGE('',*,*,#12119,.T.);
#13481 = ORIENTED_EDGE('',*,*,#12128,.T.);
#13482 = ORIENTED_EDGE('',*,*,#5864,.T.);
#13483 = ORIENTED_EDGE('',*,*,#1727,.F.);
#13484 = ORIENTED_EDGE('',*,*,#1736,.F.);
#13485 = CYLINDRICAL_SURFACE('',#13486,1.375);
#13486 = AXIS2_PLACEMENT_3D('',#13487,#13488,#13489);
#13487 = CARTESIAN_POINT('',(-10.16,12.7,-16.));
#13488 = DIRECTION('',(0.,0.,1.));
#13489 = DIRECTION('',(1.,0.,-0.));
#13490 = ADVANCED_FACE('',(#13491),#13499,.F.);
#13491 = FACE_BOUND('',#13492,.F.);
#13492 = EDGE_LOOP('',(#13493,#13494,#13495,#13496,#13497,#13498));
#13493 = ORIENTED_EDGE('',*,*,#5808,.F.);
#13494 = ORIENTED_EDGE('',*,*,#12098,.T.);
#13495 = ORIENTED_EDGE('',*,*,#12107,.T.);
#13496 = ORIENTED_EDGE('',*,*,#5784,.T.);
#13497 = ORIENTED_EDGE('',*,*,#1682,.F.);
#13498 = ORIENTED_EDGE('',*,*,#1691,.F.);
#13499 = CYLINDRICAL_SURFACE('',#13500,1.375);
#13500 = AXIS2_PLACEMENT_3D('',#13501,#13502,#13503);
#13501 = CARTESIAN_POINT('',(-30.48,17.78,-16.));
#13502 = DIRECTION('',(0.,0.,1.));
#13503 = DIRECTION('',(1.,0.,-0.));
#13504 = ADVANCED_FACE('',(#13505),#13513,.F.);
#13505 = FACE_BOUND('',#13506,.F.);
#13506 = EDGE_LOOP('',(#13507,#13508,#13509,#13510,#13511,#13512));
#13507 = ORIENTED_EDGE('',*,*,#9208,.F.);
#13508 = ORIENTED_EDGE('',*,*,#12596,.T.);
#13509 = ORIENTED_EDGE('',*,*,#12605,.T.);
#13510 = ORIENTED_EDGE('',*,*,#9184,.T.);
#13511 = ORIENTED_EDGE('',*,*,#3212,.F.);
#13512 = ORIENTED_EDGE('',*,*,#3221,.F.);
#13513 = CYLINDRICAL_SURFACE('',#13514,1.375);
#13514 = AXIS2_PLACEMENT_3D('',#13515,#13516,#13517);
#13515 = CARTESIAN_POINT('',(-25.4,27.94,-16.));
#13516 = DIRECTION('',(0.,0.,1.));
#13517 = DIRECTION('',(1.,0.,-0.));
#13518 = ADVANCED_FACE('',(#13519),#13527,.F.);
#13519 = FACE_BOUND('',#13520,.F.);
#13520 = EDGE_LOOP('',(#13521,#13522,#13523,#13524,#13525,#13526));
#13521 = ORIENTED_EDGE('',*,*,#9288,.F.);
#13522 = ORIENTED_EDGE('',*,*,#12617,.T.);
#13523 = ORIENTED_EDGE('',*,*,#12626,.T.);
#13524 = ORIENTED_EDGE('',*,*,#9264,.T.);
#13525 = ORIENTED_EDGE('',*,*,#3257,.F.);
#13526 = ORIENTED_EDGE('',*,*,#3266,.F.);
#13527 = CYLINDRICAL_SURFACE('',#13528,1.375);
#13528 = AXIS2_PLACEMENT_3D('',#13529,#13530,#13531);
#13529 = CARTESIAN_POINT('',(-15.24,17.78,-16.));
#13530 = DIRECTION('',(0.,0.,1.));
#13531 = DIRECTION('',(1.,0.,-0.));
#13532 = ADVANCED_FACE('',(#13533),#13541,.F.);
#13533 = FACE_BOUND('',#13534,.F.);
#13534 = EDGE_LOOP('',(#13535,#13536,#13537,#13538,#13539,#13540));
#13535 = ORIENTED_EDGE('',*,*,#9368,.F.);
#13536 = ORIENTED_EDGE('',*,*,#12638,.T.);
#13537 = ORIENTED_EDGE('',*,*,#12647,.T.);
#13538 = ORIENTED_EDGE('',*,*,#9344,.T.);
#13539 = ORIENTED_EDGE('',*,*,#3302,.F.);
#13540 = ORIENTED_EDGE('',*,*,#3311,.F.);
#13541 = CYLINDRICAL_SURFACE('',#13542,1.375);
#13542 = AXIS2_PLACEMENT_3D('',#13543,#13544,#13545);
#13543 = CARTESIAN_POINT('',(7.105427357601E-15,17.78,-16.));
#13544 = DIRECTION('',(0.,0.,1.));
#13545 = DIRECTION('',(1.,0.,-0.));
#13546 = ADVANCED_FACE('',(#13547),#13555,.F.);
#13547 = FACE_BOUND('',#13548,.F.);
#13548 = EDGE_LOOP('',(#13549,#13550,#13551,#13552,#13553,#13554));
#13549 = ORIENTED_EDGE('',*,*,#7010,.F.);
#13550 = ORIENTED_EDGE('',*,*,#12236,.T.);
#13551 = ORIENTED_EDGE('',*,*,#12245,.T.);
#13552 = ORIENTED_EDGE('',*,*,#6986,.T.);
#13553 = ORIENTED_EDGE('',*,*,#2186,.F.);
#13554 = ORIENTED_EDGE('',*,*,#2195,.F.);
#13555 = CYLINDRICAL_SURFACE('',#13556,1.375);
#13556 = AXIS2_PLACEMENT_3D('',#13557,#13558,#13559);
#13557 = CARTESIAN_POINT('',(-10.16,27.94,-16.));
#13558 = DIRECTION('',(0.,0.,1.));
#13559 = DIRECTION('',(1.,0.,-0.));
#13560 = ADVANCED_FACE('',(#13561),#13569,.F.);
#13561 = FACE_BOUND('',#13562,.F.);
#13562 = EDGE_LOOP('',(#13563,#13564,#13565,#13566,#13567,#13568));
#13563 = ORIENTED_EDGE('',*,*,#9448,.F.);
#13564 = ORIENTED_EDGE('',*,*,#12659,.T.);
#13565 = ORIENTED_EDGE('',*,*,#12668,.T.);
#13566 = ORIENTED_EDGE('',*,*,#9424,.T.);
#13567 = ORIENTED_EDGE('',*,*,#3347,.F.);
#13568 = ORIENTED_EDGE('',*,*,#3356,.F.);
#13569 = CYLINDRICAL_SURFACE('',#13570,1.375);
#13570 = AXIS2_PLACEMENT_3D('',#13571,#13572,#13573);
#13571 = CARTESIAN_POINT('',(5.08,12.7,-16.));
#13572 = DIRECTION('',(0.,0.,1.));
#13573 = DIRECTION('',(1.,0.,-0.));
#13574 = ADVANCED_FACE('',(#13575),#13583,.F.);
#13575 = FACE_BOUND('',#13576,.F.);
#13576 = EDGE_LOOP('',(#13577,#13578,#13579,#13580,#13581,#13582));
#13577 = ORIENTED_EDGE('',*,*,#5452,.F.);
#13578 = ORIENTED_EDGE('',*,*,#12044,.T.);
#13579 = ORIENTED_EDGE('',*,*,#12053,.T.);
#13580 = ORIENTED_EDGE('',*,*,#5428,.T.);
#13581 = ORIENTED_EDGE('',*,*,#1520,.F.);
#13582 = ORIENTED_EDGE('',*,*,#1529,.F.);
#13583 = CYLINDRICAL_SURFACE('',#13584,1.375);
#13584 = AXIS2_PLACEMENT_3D('',#13585,#13586,#13587);
#13585 = CARTESIAN_POINT('',(20.32,12.7,-16.));
#13586 = DIRECTION('',(0.,0.,1.));
#13587 = DIRECTION('',(1.,0.,-0.));
#13588 = ADVANCED_FACE('',(#13589),#13597,.F.);
#13589 = FACE_BOUND('',#13590,.F.);
#13590 = EDGE_LOOP('',(#13591,#13592,#13593,#13594,#13595,#13596));
#13591 = ORIENTED_EDGE('',*,*,#9724,.F.);
#13592 = ORIENTED_EDGE('',*,*,#12692,.T.);
#13593 = ORIENTED_EDGE('',*,*,#12701,.T.);
#13594 = ORIENTED_EDGE('',*,*,#9700,.T.);
#13595 = ORIENTED_EDGE('',*,*,#3464,.F.);
#13596 = ORIENTED_EDGE('',*,*,#3473,.F.);
#13597 = CYLINDRICAL_SURFACE('',#13598,1.375);
#13598 = AXIS2_PLACEMENT_3D('',#13599,#13600,#13601);
#13599 = CARTESIAN_POINT('',(30.48,2.54,-16.));
#13600 = DIRECTION('',(0.,0.,1.));
#13601 = DIRECTION('',(1.,0.,-0.));
#13602 = ADVANCED_FACE('',(#13603),#13611,.F.);
#13603 = FACE_BOUND('',#13604,.F.);
#13604 = EDGE_LOOP('',(#13605,#13606,#13607,#13608,#13609,#13610));
#13605 = ORIENTED_EDGE('',*,*,#4642,.F.);
#13606 = ORIENTED_EDGE('',*,*,#11930,.T.);
#13607 = ORIENTED_EDGE('',*,*,#11939,.T.);
#13608 = ORIENTED_EDGE('',*,*,#4618,.T.);
#13609 = ORIENTED_EDGE('',*,*,#1160,.F.);
#13610 = ORIENTED_EDGE('',*,*,#1169,.F.);
#13611 = CYLINDRICAL_SURFACE('',#13612,1.375);
#13612 = AXIS2_PLACEMENT_3D('',#13613,#13614,#13615);
#13613 = CARTESIAN_POINT('',(35.56,12.7,-16.));
#13614 = DIRECTION('',(0.,0.,1.));
#13615 = DIRECTION('',(1.,0.,-0.));
#13616 = ADVANCED_FACE('',(#13617),#13625,.F.);
#13617 = FACE_BOUND('',#13618,.F.);
#13618 = EDGE_LOOP('',(#13619,#13620,#13621,#13622,#13623,#13624));
#13619 = ORIENTED_EDGE('',*,*,#7758,.F.);
#13620 = ORIENTED_EDGE('',*,*,#12314,.T.);
#13621 = ORIENTED_EDGE('',*,*,#12323,.T.);
#13622 = ORIENTED_EDGE('',*,*,#7734,.T.);
#13623 = ORIENTED_EDGE('',*,*,#2492,.F.);
#13624 = ORIENTED_EDGE('',*,*,#2501,.F.);
#13625 = CYLINDRICAL_SURFACE('',#13626,1.375);
#13626 = AXIS2_PLACEMENT_3D('',#13627,#13628,#13629);
#13627 = CARTESIAN_POINT('',(15.24,17.78,-16.));
#13628 = DIRECTION('',(0.,0.,1.));
#13629 = DIRECTION('',(1.,0.,-0.));
#13630 = ADVANCED_FACE('',(#13631),#13639,.F.);
#13631 = FACE_BOUND('',#13632,.F.);
#13632 = EDGE_LOOP('',(#13633,#13634,#13635,#13636,#13637,#13638));
#13633 = ORIENTED_EDGE('',*,*,#7998,.F.);
#13634 = ORIENTED_EDGE('',*,*,#12377,.T.);
#13635 = ORIENTED_EDGE('',*,*,#12386,.T.);
#13636 = ORIENTED_EDGE('',*,*,#7974,.T.);
#13637 = ORIENTED_EDGE('',*,*,#2627,.F.);
#13638 = ORIENTED_EDGE('',*,*,#2636,.F.);
#13639 = CYLINDRICAL_SURFACE('',#13640,1.375);
#13640 = AXIS2_PLACEMENT_3D('',#13641,#13642,#13643);
#13641 = CARTESIAN_POINT('',(5.08,27.94,-16.));
#13642 = DIRECTION('',(0.,0.,1.));
#13643 = DIRECTION('',(1.,0.,-0.));
#13644 = ADVANCED_FACE('',(#13645),#13653,.F.);
#13645 = FACE_BOUND('',#13646,.F.);
#13646 = EDGE_LOOP('',(#13647,#13648,#13649,#13650,#13651,#13652));
#13647 = ORIENTED_EDGE('',*,*,#5194,.F.);
#13648 = ORIENTED_EDGE('',*,*,#11996,.T.);
#13649 = ORIENTED_EDGE('',*,*,#12005,.T.);
#13650 = ORIENTED_EDGE('',*,*,#5170,.T.);
#13651 = ORIENTED_EDGE('',*,*,#1394,.F.);
#13652 = ORIENTED_EDGE('',*,*,#1403,.F.);
#13653 = CYLINDRICAL_SURFACE('',#13654,1.375);
#13654 = AXIS2_PLACEMENT_3D('',#13655,#13656,#13657);
#13655 = CARTESIAN_POINT('',(20.32,27.94,-16.));
#13656 = DIRECTION('',(0.,0.,1.));
#13657 = DIRECTION('',(1.,0.,-0.));
#13658 = ADVANCED_FACE('',(#13659),#13667,.F.);
#13659 = FACE_BOUND('',#13660,.F.);
#13660 = EDGE_LOOP('',(#13661,#13662,#13663,#13664,#13665,#13666));
#13661 = ORIENTED_EDGE('',*,*,#10356,.F.);
#13662 = ORIENTED_EDGE('',*,*,#12779,.T.);
#13663 = ORIENTED_EDGE('',*,*,#12788,.T.);
#13664 = ORIENTED_EDGE('',*,*,#10332,.T.);
#13665 = ORIENTED_EDGE('',*,*,#3743,.F.);
#13666 = ORIENTED_EDGE('',*,*,#3752,.F.);
#13667 = CYLINDRICAL_SURFACE('',#13668,1.375);
#13668 = AXIS2_PLACEMENT_3D('',#13669,#13670,#13671);
#13669 = CARTESIAN_POINT('',(30.48,17.78,-16.));
#13670 = DIRECTION('',(0.,0.,1.));
#13671 = DIRECTION('',(1.,0.,-0.));
#13672 = ADVANCED_FACE('',(#13673),#13681,.F.);
#13673 = FACE_BOUND('',#13674,.F.);
#13674 = EDGE_LOOP('',(#13675,#13676,#13677,#13678,#13679,#13680));
#13675 = ORIENTED_EDGE('',*,*,#4482,.F.);
#13676 = ORIENTED_EDGE('',*,*,#11888,.T.);
#13677 = ORIENTED_EDGE('',*,*,#11897,.T.);
#13678 = ORIENTED_EDGE('',*,*,#4458,.T.);
#13679 = ORIENTED_EDGE('',*,*,#1070,.F.);
#13680 = ORIENTED_EDGE('',*,*,#1079,.F.);
#13681 = CYLINDRICAL_SURFACE('',#13682,1.375);
#13682 = AXIS2_PLACEMENT_3D('',#13683,#13684,#13685);
#13683 = CARTESIAN_POINT('',(35.56,27.94,-16.));
#13684 = DIRECTION('',(0.,0.,1.));
#13685 = DIRECTION('',(1.,0.,-0.));
#13686 = ADVANCED_FACE('',(#13687),#13695,.T.);
#13687 = FACE_BOUND('',#13688,.T.);
#13688 = EDGE_LOOP('',(#13689,#13690,#13691,#13692,#13693,#13694));
#13689 = ORIENTED_EDGE('',*,*,#12952,.F.);
#13690 = ORIENTED_EDGE('',*,*,#969,.F.);
#13691 = ORIENTED_EDGE('',*,*,#13053,.T.);
#13692 = ORIENTED_EDGE('',*,*,#13044,.T.);
#13693 = ORIENTED_EDGE('',*,*,#526,.T.);
#13694 = ORIENTED_EDGE('',*,*,#12961,.F.);
#13695 = CYLINDRICAL_SURFACE('',#13696,11.);
#13696 = AXIS2_PLACEMENT_3D('',#13697,#13698,#13699);
#13697 = CARTESIAN_POINT('',(-45.1,0.,0.));
#13698 = DIRECTION('',(1.,0.,0.));
#13699 = DIRECTION('',(-0.,0.,1.));
#13700 = ADVANCED_FACE('',(#13701),#13713,.T.);
#13701 = FACE_BOUND('',#13702,.T.);
#13702 = EDGE_LOOP('',(#13703,#13704,#13705,#13706,#13707,#13708,#13709,
    #13710,#13711,#13712));
#13703 = ORIENTED_EDGE('',*,*,#12981,.T.);
#13704 = ORIENTED_EDGE('',*,*,#564,.T.);
#13705 = ORIENTED_EDGE('',*,*,#155,.F.);
#13706 = ORIENTED_EDGE('',*,*,#113,.T.);
#13707 = ORIENTED_EDGE('',*,*,#71,.F.);
#13708 = ORIENTED_EDGE('',*,*,#62,.F.);
#13709 = ORIENTED_EDGE('',*,*,#47,.F.);
#13710 = ORIENTED_EDGE('',*,*,#221,.F.);
#13711 = ORIENTED_EDGE('',*,*,#1000,.F.);
#13712 = ORIENTED_EDGE('',*,*,#12990,.T.);
#13713 = CYLINDRICAL_SURFACE('',#13714,11.);
#13714 = AXIS2_PLACEMENT_3D('',#13715,#13716,#13717);
#13715 = CARTESIAN_POINT('',(41.09,0.,0.));
#13716 = DIRECTION('',(1.,0.,0.));
#13717 = DIRECTION('',(-0.,0.,1.));
#13718 = ( GEOMETRIC_REPRESENTATION_CONTEXT(3) 
GLOBAL_UNCERTAINTY_ASSIGNED_CONTEXT((#13722)) 
GLOBAL_UNIT_ASSIGNED_CONTEXT((#13719,#13720,#13721)) 
REPRESENTATION_CONTEXT('Context #1',
  '3D Context with UNIT and UNCERTAINTY') );
#13719 = ( LENGTH_UNIT() NAMED_UNIT(*) SI_UNIT(.MILLI.,.METRE.) );
#13720 = ( NAMED_UNIT(*) PLANE_ANGLE_UNIT() SI_UNIT($,.RADIAN.) );
#13721 = ( NAMED_UNIT(*) SI_UNIT($,.STERADIAN.) SOLID_ANGLE_UNIT() );
#13722 = UNCERTAINTY_MEASURE_WITH_UNIT(LENGTH_MEASURE(1.E-07),#13719,
  'distance_accuracy_value','confusion accuracy');
#13723 = PRODUCT_RELATED_PRODUCT_CATEGORY('part',$,(#7));
ENDSEC;
END-ISO-10303-21;
