ISO-10303-21;
HEADER;
FILE_DESCRIPTION(('FreeCAD Model'),'2;1');
FILE_NAME('Open CASCADE Shape Model','2026-10-08T01:26:35',('FreeCAD'),(
    'FreeCAD'),'Open CASCADE STEP processor 7.8','FreeCAD','Unknown');
FILE_SCHEMA(('AUTOMOTIVE_DESIGN { 1 0 10303 214 1 1 1 1 }'));
ENDSEC;
DATA;
#1 = APPLICATION_PROTOCOL_DEFINITION('international standard',
  'automotive_design',2000,#2);
#2 = APPLICATION_CONTEXT(
  'core data for automotive mechanical design processes');
#3 = SHAPE_DEFINITION_REPRESENTATION(#4,#10);
#4 = PRODUCT_DEFINITION_SHAPE('','',#5);
#5 = PRODUCT_DEFINITION('design','',#6,#9);
#6 = PRODUCT_DEFINITION_FORMATION('','',#7);
#7 = PRODUCT('Open CASCADE STEP translator 7.8 3',
  'Open CASCADE STEP translator 7.8 3','',(#8));
#8 = PRODUCT_CONTEXT('',#2,'mechanical');
#9 = PRODUCT_DEFINITION_CONTEXT('part definition',#2,'design');
#10 = ADVANCED_BREP_SHAPE_REPRESENTATION('',(#11,#15),#11167);
#11 = AXIS2_PLACEMENT_3D('',#12,#13,#14);
#12 = CARTESIAN_POINT('',(0.,0.,0.));
#13 = DIRECTION('',(0.,0.,1.));
#14 = DIRECTION('',(1.,0.,-0.));
#15 = MANIFOLD_SOLID_BREP('',#16);
#16 = CLOSED_SHELL('',(#17,#57,#2949,#2974,#2999,#5862,#5879,#5896,#5913
    ,#5930,#5942,#5959,#5981,#5998,#6015,#6037,#6054,#6071,#6083,#6100,
    #6122,#6139,#6156,#6178,#6195,#6212,#6224,#6246,#6263,#6280,#6292,
    #6309,#6331,#6348,#6365,#6377,#6399,#6416,#6433,#6455,#6472,#6489,
    #6511,#6528,#6545,#6557,#6574,#6596,#6613,#6630,#6652,#6669,#6686,
    #6698,#6720,#6737,#6754,#6776,#6793,#6810,#6832,#6849,#6866,#6878,
    #6900,#6917,#6934,#6946,#6963,#6985,#7002,#7019,#7036,#7058,#7075,
    #7092,#7104,#7126,#7143,#7160,#7172,#7194,#7211,#7228,#7240,#7262,
    #7279,#7296,#7313,#7330,#7352,#7369,#7386,#7398,#7420,#7437,#7454,
    #7476,#7493,#7510,#7532,#7549,#7566,#7578,#7595,#7617,#7642,#7680,
    #7711,#7741,#7758,#7783,#7814,#7844,#7874,#7898,#7928,#7945,#7970,
    #7995,#8017,#8034,#8051,#8063,#8085,#8102,#8119,#8141,#8158,#8175,
    #8197,#8214,#8231,#8253,#8270,#8287,#8299,#8316,#8338,#8355,#8372,
    #8394,#8411,#8428,#8445,#8467,#8484,#8501,#8513,#8535,#8552,#8569,
    #8591,#8608,#8625,#8647,#8664,#8681,#8703,#8720,#8737,#8749,#8766,
    #8788,#8805,#8822,#8834,#8856,#8873,#8890,#8912,#8929,#8946,#8968,
    #8985,#9002,#9014,#9031,#9048,#9070,#9087,#9104,#9126,#9143,#9160,
    #9172,#9194,#9211,#9228,#9240,#9262,#9279,#9296,#9308,#9325,#9347,
    #9364,#9381,#9398,#9420,#9437,#9454,#9466,#9488,#9505,#9522,#9534,
    #9556,#9573,#9590,#9612,#9629,#9646,#9668,#9685,#9702,#9714,#9736,
    #9753,#9770,#9787,#9809,#9826,#9843,#9855,#9877,#9894,#9911,#9933,
    #9950,#9967,#9989,#10006,#10023,#10035,#10052,#10074,#10091,#10108,
    #10120,#10142,#10159,#10176,#10188,#10210,#10227,#10244,#10261,
    #10283,#10300,#10317,#10329,#10351,#10368,#10385,#10402,#10420,
    #10438,#10456,#10483,#10512,#10535,#10547,#10570,#10582,#10599,
    #10611,#10642,#10666,#10690,#10707,#10719,#10733,#10747,#10761,
    #10775,#10789,#10803,#10817,#10831,#10845,#10859,#10873,#10887,
    #10901,#10915,#10929,#10943,#10957,#10971,#10985,#10999,#11013,
    #11027,#11041,#11055,#11069,#11083,#11097,#11111,#11125,#11139,
    #11153));
#17 = ADVANCED_FACE('',(#18),#52,.F.);
#18 = FACE_BOUND('',#19,.F.);
#19 = EDGE_LOOP('',(#20,#30,#38,#46));
#20 = ORIENTED_EDGE('',*,*,#21,.F.);
#21 = EDGE_CURVE('',#22,#24,#26,.T.);
#22 = VERTEX_POINT('',#23);
#23 = CARTESIAN_POINT('',(-38.48,-35.48,9.8));
#24 = VERTEX_POINT('',#25);
#25 = CARTESIAN_POINT('',(-38.48,35.48,9.8));
#26 = LINE('',#27,#28);
#27 = CARTESIAN_POINT('',(-38.48,-38.48,9.8));
#28 = VECTOR('',#29,1.);
#29 = DIRECTION('',(-0.,1.,0.));
#30 = ORIENTED_EDGE('',*,*,#31,.F.);
#31 = EDGE_CURVE('',#32,#22,#34,.T.);
#32 = VERTEX_POINT('',#33);
#33 = CARTESIAN_POINT('',(-38.48,-35.48,6.8));
#34 = LINE('',#35,#36);
#35 = CARTESIAN_POINT('',(-38.48,-35.48,6.8));
#36 = VECTOR('',#37,1.);
#37 = DIRECTION('',(0.,0.,1.));
#38 = ORIENTED_EDGE('',*,*,#39,.T.);
#39 = EDGE_CURVE('',#32,#40,#42,.T.);
#40 = VERTEX_POINT('',#41);
#41 = CARTESIAN_POINT('',(-38.48,35.48,6.8));
#42 = LINE('',#43,#44);
#43 = CARTESIAN_POINT('',(-38.48,-38.48,6.8));
#44 = VECTOR('',#45,1.);
#45 = DIRECTION('',(-0.,1.,0.));
#46 = ORIENTED_EDGE('',*,*,#47,.T.);
#47 = EDGE_CURVE('',#40,#24,#48,.T.);
#48 = LINE('',#49,#50);
#49 = CARTESIAN_POINT('',(-38.48,35.48,6.8));
#50 = VECTOR('',#51,1.);
#51 = DIRECTION('',(0.,0.,1.));
#52 = PLANE('',#53);
#53 = AXIS2_PLACEMENT_3D('',#54,#55,#56);
#54 = CARTESIAN_POINT('',(-38.48,-38.48,6.8));
#55 = DIRECTION('',(1.,0.,-0.));
#56 = DIRECTION('',(0.,0.,1.));
#57 = ADVANCED_FACE('',(#58,#119,#130,#175,#211,#222,#267,#303,#339,#350
    ,#386,#431,#476,#512,#523,#568,#604,#649,#694,#730,#766,#777,#822,
    #833,#869,#905,#941,#986,#997,#1008,#1044,#1089,#1134,#1170,#1181,
    #1356,#1392,#1437,#1482,#1527,#1563,#1574,#1619,#1664,#1675,#1711,
    #1756,#1801,#1846,#1882,#1893,#1929,#1974,#2019,#2055,#2066,#2077,
    #2122,#2158,#2194,#2230,#2241,#2286,#2297,#2333,#2369,#2414,#2459,
    #2495,#2540,#2551,#2587,#2632,#2677,#2713,#2724,#2760,#2796,#2841,
    #2852,#2888,#2933),#2944,.T.);
#58 = FACE_BOUND('',#59,.T.);
#59 = EDGE_LOOP('',(#60,#61,#70,#78,#87,#95,#104,#112));
#60 = ORIENTED_EDGE('',*,*,#21,.F.);
#61 = ORIENTED_EDGE('',*,*,#62,.T.);
#62 = EDGE_CURVE('',#22,#63,#65,.T.);
#63 = VERTEX_POINT('',#64);
#64 = CARTESIAN_POINT('',(-35.48,-38.48,9.8));
#65 = CIRCLE('',#66,3.);
#66 = AXIS2_PLACEMENT_3D('',#67,#68,#69);
#67 = CARTESIAN_POINT('',(-35.48,-35.48,9.8));
#68 = DIRECTION('',(0.,0.,1.));
#69 = DIRECTION('',(0.,-1.,0.));
#70 = ORIENTED_EDGE('',*,*,#71,.T.);
#71 = EDGE_CURVE('',#63,#72,#74,.T.);
#72 = VERTEX_POINT('',#73);
#73 = CARTESIAN_POINT('',(35.48,-38.48,9.8));
#74 = LINE('',#75,#76);
#75 = CARTESIAN_POINT('',(-38.48,-38.48,9.8));
#76 = VECTOR('',#77,1.);
#77 = DIRECTION('',(1.,0.,-0.));
#78 = ORIENTED_EDGE('',*,*,#79,.F.);
#79 = EDGE_CURVE('',#80,#72,#82,.T.);
#80 = VERTEX_POINT('',#81);
#81 = CARTESIAN_POINT('',(38.48,-35.48,9.8));
#82 = CIRCLE('',#83,3.);
#83 = AXIS2_PLACEMENT_3D('',#84,#85,#86);
#84 = CARTESIAN_POINT('',(35.48,-35.48,9.8));
#85 = DIRECTION('',(-0.,-0.,-1.));
#86 = DIRECTION('',(0.,-1.,0.));
#87 = ORIENTED_EDGE('',*,*,#88,.T.);
#88 = EDGE_CURVE('',#80,#89,#91,.T.);
#89 = VERTEX_POINT('',#90);
#90 = CARTESIAN_POINT('',(38.48,35.48,9.8));
#91 = LINE('',#92,#93);
#92 = CARTESIAN_POINT('',(38.48,-38.48,9.8));
#93 = VECTOR('',#94,1.);
#94 = DIRECTION('',(-0.,1.,0.));
#95 = ORIENTED_EDGE('',*,*,#96,.T.);
#96 = EDGE_CURVE('',#89,#97,#99,.T.);
#97 = VERTEX_POINT('',#98);
#98 = CARTESIAN_POINT('',(35.48,38.48,9.8));
#99 = CIRCLE('',#100,3.);
#100 = AXIS2_PLACEMENT_3D('',#101,#102,#103);
#101 = CARTESIAN_POINT('',(35.48,35.48,9.8));
#102 = DIRECTION('',(0.,0.,1.));
#103 = DIRECTION('',(0.,-1.,0.));
#104 = ORIENTED_EDGE('',*,*,#105,.F.);
#105 = EDGE_CURVE('',#106,#97,#108,.T.);
#106 = VERTEX_POINT('',#107);
#107 = CARTESIAN_POINT('',(-35.48,38.48,9.8));
#108 = LINE('',#109,#110);
#109 = CARTESIAN_POINT('',(-38.48,38.48,9.8));
#110 = VECTOR('',#111,1.);
#111 = DIRECTION('',(1.,0.,-0.));
#112 = ORIENTED_EDGE('',*,*,#113,.F.);
#113 = EDGE_CURVE('',#24,#106,#114,.T.);
#114 = CIRCLE('',#115,3.);
#115 = AXIS2_PLACEMENT_3D('',#116,#117,#118);
#116 = CARTESIAN_POINT('',(-35.48,35.48,9.8));
#117 = DIRECTION('',(-0.,-0.,-1.));
#118 = DIRECTION('',(0.,-1.,0.));
#119 = FACE_BOUND('',#120,.T.);
#120 = EDGE_LOOP('',(#121));
#121 = ORIENTED_EDGE('',*,*,#122,.F.);
#122 = EDGE_CURVE('',#123,#123,#125,.T.);
#123 = VERTEX_POINT('',#124);
#124 = CARTESIAN_POINT('',(-32.78,-34.48,9.8));
#125 = CIRCLE('',#126,1.7);
#126 = AXIS2_PLACEMENT_3D('',#127,#128,#129);
#127 = CARTESIAN_POINT('',(-34.48,-34.48,9.8));
#128 = DIRECTION('',(0.,0.,1.));
#129 = DIRECTION('',(1.,0.,-0.));
#130 = FACE_BOUND('',#131,.T.);
#131 = EDGE_LOOP('',(#132,#143,#151,#160,#169));
#132 = ORIENTED_EDGE('',*,*,#133,.F.);
#133 = EDGE_CURVE('',#134,#136,#138,.T.);
#134 = VERTEX_POINT('',#135);
#135 = CARTESIAN_POINT('',(-27.94,-26.565,9.8));
#136 = VERTEX_POINT('',#137);
#137 = CARTESIAN_POINT('',(-27.94,-29.315,9.8));
#138 = CIRCLE('',#139,1.375);
#139 = AXIS2_PLACEMENT_3D('',#140,#141,#142);
#140 = CARTESIAN_POINT('',(-27.94,-27.94,9.8));
#141 = DIRECTION('',(0.,0.,1.));
#142 = DIRECTION('',(1.,0.,-0.));
#143 = ORIENTED_EDGE('',*,*,#144,.F.);
#144 = EDGE_CURVE('',#145,#134,#147,.T.);
#145 = VERTEX_POINT('',#146);
#146 = CARTESIAN_POINT('',(-22.86,-26.565,9.8));
#147 = LINE('',#148,#149);
#148 = CARTESIAN_POINT('',(-33.21,-26.565,9.8));
#149 = VECTOR('',#150,1.);
#150 = DIRECTION('',(-1.,-0.,0.));
#151 = ORIENTED_EDGE('',*,*,#152,.F.);
#152 = EDGE_CURVE('',#153,#145,#155,.T.);
#153 = VERTEX_POINT('',#154);
#154 = CARTESIAN_POINT('',(-21.485,-27.94,9.8));
#155 = CIRCLE('',#156,1.375);
#156 = AXIS2_PLACEMENT_3D('',#157,#158,#159);
#157 = CARTESIAN_POINT('',(-22.86,-27.94,9.8));
#158 = DIRECTION('',(0.,0.,1.));
#159 = DIRECTION('',(1.,0.,-0.));
#160 = ORIENTED_EDGE('',*,*,#161,.F.);
#161 = EDGE_CURVE('',#162,#153,#164,.T.);
#162 = VERTEX_POINT('',#163);
#163 = CARTESIAN_POINT('',(-22.86,-29.315,9.8));
#164 = CIRCLE('',#165,1.375);
#165 = AXIS2_PLACEMENT_3D('',#166,#167,#168);
#166 = CARTESIAN_POINT('',(-22.86,-27.94,9.8));
#167 = DIRECTION('',(0.,0.,1.));
#168 = DIRECTION('',(1.,0.,-0.));
#169 = ORIENTED_EDGE('',*,*,#170,.T.);
#170 = EDGE_CURVE('',#162,#136,#171,.T.);
#171 = LINE('',#172,#173);
#172 = CARTESIAN_POINT('',(-33.21,-29.315,9.8));
#173 = VECTOR('',#174,1.);
#174 = DIRECTION('',(-1.,-0.,0.));
#175 = FACE_BOUND('',#176,.T.);
#176 = EDGE_LOOP('',(#177,#188,#196,#205));
#177 = ORIENTED_EDGE('',*,*,#178,.F.);
#178 = EDGE_CURVE('',#179,#181,#183,.T.);
#179 = VERTEX_POINT('',#180);
#180 = CARTESIAN_POINT('',(-26.565,-17.78,9.8));
#181 = VERTEX_POINT('',#182);
#182 = CARTESIAN_POINT('',(-29.315,-17.78,9.8));
#183 = CIRCLE('',#184,1.375);
#184 = AXIS2_PLACEMENT_3D('',#185,#186,#187);
#185 = CARTESIAN_POINT('',(-27.94,-17.78,9.8));
#186 = DIRECTION('',(0.,0.,1.));
#187 = DIRECTION('',(1.,0.,-0.));
#188 = ORIENTED_EDGE('',*,*,#189,.F.);
#189 = EDGE_CURVE('',#190,#179,#192,.T.);
#190 = VERTEX_POINT('',#191);
#191 = CARTESIAN_POINT('',(-26.565,-22.86,9.8));
#192 = LINE('',#193,#194);
#193 = CARTESIAN_POINT('',(-26.565,-30.67,9.8));
#194 = VECTOR('',#195,1.);
#195 = DIRECTION('',(-0.,1.,0.));
#196 = ORIENTED_EDGE('',*,*,#197,.F.);
#197 = EDGE_CURVE('',#198,#190,#200,.T.);
#198 = VERTEX_POINT('',#199);
#199 = CARTESIAN_POINT('',(-29.315,-22.86,9.8));
#200 = CIRCLE('',#201,1.375);
#201 = AXIS2_PLACEMENT_3D('',#202,#203,#204);
#202 = CARTESIAN_POINT('',(-27.94,-22.86,9.8));
#203 = DIRECTION('',(0.,0.,1.));
#204 = DIRECTION('',(1.,0.,-0.));
#205 = ORIENTED_EDGE('',*,*,#206,.T.);
#206 = EDGE_CURVE('',#198,#181,#207,.T.);
#207 = LINE('',#208,#209);
#208 = CARTESIAN_POINT('',(-29.315,-30.67,9.8));
#209 = VECTOR('',#210,1.);
#210 = DIRECTION('',(-0.,1.,0.));
#211 = FACE_BOUND('',#212,.T.);
#212 = EDGE_LOOP('',(#213));
#213 = ORIENTED_EDGE('',*,*,#214,.F.);
#214 = EDGE_CURVE('',#215,#215,#217,.T.);
#215 = VERTEX_POINT('',#216);
#216 = CARTESIAN_POINT('',(-21.485,-22.86,9.8));
#217 = CIRCLE('',#218,1.375);
#218 = AXIS2_PLACEMENT_3D('',#219,#220,#221);
#219 = CARTESIAN_POINT('',(-22.86,-22.86,9.8));
#220 = DIRECTION('',(0.,0.,1.));
#221 = DIRECTION('',(1.,0.,-0.));
#222 = FACE_BOUND('',#223,.T.);
#223 = EDGE_LOOP('',(#224,#235,#243,#252,#261));
#224 = ORIENTED_EDGE('',*,*,#225,.F.);
#225 = EDGE_CURVE('',#226,#228,#230,.T.);
#226 = VERTEX_POINT('',#227);
#227 = CARTESIAN_POINT('',(-12.7,-26.565,9.8));
#228 = VERTEX_POINT('',#229);
#229 = CARTESIAN_POINT('',(-12.7,-29.315,9.8));
#230 = CIRCLE('',#231,1.375);
#231 = AXIS2_PLACEMENT_3D('',#232,#233,#234);
#232 = CARTESIAN_POINT('',(-12.7,-27.94,9.8));
#233 = DIRECTION('',(0.,0.,1.));
#234 = DIRECTION('',(1.,0.,-0.));
#235 = ORIENTED_EDGE('',*,*,#236,.F.);
#236 = EDGE_CURVE('',#237,#226,#239,.T.);
#237 = VERTEX_POINT('',#238);
#238 = CARTESIAN_POINT('',(-7.62,-26.565,9.8));
#239 = LINE('',#240,#241);
#240 = CARTESIAN_POINT('',(-25.59,-26.565,9.8));
#241 = VECTOR('',#242,1.);
#242 = DIRECTION('',(-1.,-0.,0.));
#243 = ORIENTED_EDGE('',*,*,#244,.F.);
#244 = EDGE_CURVE('',#245,#237,#247,.T.);
#245 = VERTEX_POINT('',#246);
#246 = CARTESIAN_POINT('',(-6.245,-27.94,9.8));
#247 = CIRCLE('',#248,1.375);
#248 = AXIS2_PLACEMENT_3D('',#249,#250,#251);
#249 = CARTESIAN_POINT('',(-7.62,-27.94,9.8));
#250 = DIRECTION('',(0.,0.,1.));
#251 = DIRECTION('',(1.,0.,-0.));
#252 = ORIENTED_EDGE('',*,*,#253,.F.);
#253 = EDGE_CURVE('',#254,#245,#256,.T.);
#254 = VERTEX_POINT('',#255);
#255 = CARTESIAN_POINT('',(-7.62,-29.315,9.8));
#256 = CIRCLE('',#257,1.375);
#257 = AXIS2_PLACEMENT_3D('',#258,#259,#260);
#258 = CARTESIAN_POINT('',(-7.62,-27.94,9.8));
#259 = DIRECTION('',(0.,0.,1.));
#260 = DIRECTION('',(1.,0.,-0.));
#261 = ORIENTED_EDGE('',*,*,#262,.T.);
#262 = EDGE_CURVE('',#254,#228,#263,.T.);
#263 = LINE('',#264,#265);
#264 = CARTESIAN_POINT('',(-25.59,-29.315,9.8));
#265 = VECTOR('',#266,1.);
#266 = DIRECTION('',(-1.,-0.,0.));
#267 = FACE_BOUND('',#268,.T.);
#268 = EDGE_LOOP('',(#269,#280,#288,#297));
#269 = ORIENTED_EDGE('',*,*,#270,.F.);
#270 = EDGE_CURVE('',#271,#273,#275,.T.);
#271 = VERTEX_POINT('',#272);
#272 = CARTESIAN_POINT('',(-16.405,-22.86,9.8));
#273 = VERTEX_POINT('',#274);
#274 = CARTESIAN_POINT('',(-19.155,-22.86,9.8));
#275 = CIRCLE('',#276,1.375);
#276 = AXIS2_PLACEMENT_3D('',#277,#278,#279);
#277 = CARTESIAN_POINT('',(-17.78,-22.86,9.8));
#278 = DIRECTION('',(0.,0.,1.));
#279 = DIRECTION('',(1.,0.,-0.));
#280 = ORIENTED_EDGE('',*,*,#281,.F.);
#281 = EDGE_CURVE('',#282,#271,#284,.T.);
#282 = VERTEX_POINT('',#283);
#283 = CARTESIAN_POINT('',(-16.405,-27.94,9.8));
#284 = LINE('',#285,#286);
#285 = CARTESIAN_POINT('',(-16.405,-33.21,9.8));
#286 = VECTOR('',#287,1.);
#287 = DIRECTION('',(-0.,1.,0.));
#288 = ORIENTED_EDGE('',*,*,#289,.F.);
#289 = EDGE_CURVE('',#290,#282,#292,.T.);
#290 = VERTEX_POINT('',#291);
#291 = CARTESIAN_POINT('',(-19.155,-27.94,9.8));
#292 = CIRCLE('',#293,1.375);
#293 = AXIS2_PLACEMENT_3D('',#294,#295,#296);
#294 = CARTESIAN_POINT('',(-17.78,-27.94,9.8));
#295 = DIRECTION('',(0.,0.,1.));
#296 = DIRECTION('',(1.,0.,-0.));
#297 = ORIENTED_EDGE('',*,*,#298,.T.);
#298 = EDGE_CURVE('',#290,#273,#299,.T.);
#299 = LINE('',#300,#301);
#300 = CARTESIAN_POINT('',(-19.155,-33.21,9.8));
#301 = VECTOR('',#302,1.);
#302 = DIRECTION('',(-0.,1.,0.));
#303 = FACE_BOUND('',#304,.T.);
#304 = EDGE_LOOP('',(#305,#316,#324,#333));
#305 = ORIENTED_EDGE('',*,*,#306,.F.);
#306 = EDGE_CURVE('',#307,#309,#311,.T.);
#307 = VERTEX_POINT('',#308);
#308 = CARTESIAN_POINT('',(-11.325,-17.78,9.8));
#309 = VERTEX_POINT('',#310);
#310 = CARTESIAN_POINT('',(-14.075,-17.78,9.8));
#311 = CIRCLE('',#312,1.375);
#312 = AXIS2_PLACEMENT_3D('',#313,#314,#315);
#313 = CARTESIAN_POINT('',(-12.7,-17.78,9.8));
#314 = DIRECTION('',(0.,0.,1.));
#315 = DIRECTION('',(1.,0.,-0.));
#316 = ORIENTED_EDGE('',*,*,#317,.F.);
#317 = EDGE_CURVE('',#318,#307,#320,.T.);
#318 = VERTEX_POINT('',#319);
#319 = CARTESIAN_POINT('',(-11.325,-22.86,9.8));
#320 = LINE('',#321,#322);
#321 = CARTESIAN_POINT('',(-11.325,-30.67,9.8));
#322 = VECTOR('',#323,1.);
#323 = DIRECTION('',(-0.,1.,0.));
#324 = ORIENTED_EDGE('',*,*,#325,.F.);
#325 = EDGE_CURVE('',#326,#318,#328,.T.);
#326 = VERTEX_POINT('',#327);
#327 = CARTESIAN_POINT('',(-14.075,-22.86,9.8));
#328 = CIRCLE('',#329,1.375);
#329 = AXIS2_PLACEMENT_3D('',#330,#331,#332);
#330 = CARTESIAN_POINT('',(-12.7,-22.86,9.8));
#331 = DIRECTION('',(0.,0.,1.));
#332 = DIRECTION('',(1.,0.,-0.));
#333 = ORIENTED_EDGE('',*,*,#334,.T.);
#334 = EDGE_CURVE('',#326,#309,#335,.T.);
#335 = LINE('',#336,#337);
#336 = CARTESIAN_POINT('',(-14.075,-30.67,9.8));
#337 = VECTOR('',#338,1.);
#338 = DIRECTION('',(-0.,1.,0.));
#339 = FACE_BOUND('',#340,.T.);
#340 = EDGE_LOOP('',(#341));
#341 = ORIENTED_EDGE('',*,*,#342,.F.);
#342 = EDGE_CURVE('',#343,#343,#345,.T.);
#343 = VERTEX_POINT('',#344);
#344 = CARTESIAN_POINT('',(-6.245,-22.86,9.8));
#345 = CIRCLE('',#346,1.375);
#346 = AXIS2_PLACEMENT_3D('',#347,#348,#349);
#347 = CARTESIAN_POINT('',(-7.62,-22.86,9.8));
#348 = DIRECTION('',(0.,0.,1.));
#349 = DIRECTION('',(1.,0.,-0.));
#350 = FACE_BOUND('',#351,.T.);
#351 = EDGE_LOOP('',(#352,#363,#371,#380));
#352 = ORIENTED_EDGE('',*,*,#353,.F.);
#353 = EDGE_CURVE('',#354,#356,#358,.T.);
#354 = VERTEX_POINT('',#355);
#355 = CARTESIAN_POINT('',(-1.165,-22.86,9.8));
#356 = VERTEX_POINT('',#357);
#357 = CARTESIAN_POINT('',(-3.915,-22.86,9.8));
#358 = CIRCLE('',#359,1.375);
#359 = AXIS2_PLACEMENT_3D('',#360,#361,#362);
#360 = CARTESIAN_POINT('',(-2.54,-22.86,9.8));
#361 = DIRECTION('',(0.,0.,1.));
#362 = DIRECTION('',(1.,0.,-0.));
#363 = ORIENTED_EDGE('',*,*,#364,.F.);
#364 = EDGE_CURVE('',#365,#354,#367,.T.);
#365 = VERTEX_POINT('',#366);
#366 = CARTESIAN_POINT('',(-1.165,-27.94,9.8));
#367 = LINE('',#368,#369);
#368 = CARTESIAN_POINT('',(-1.165,-33.21,9.8));
#369 = VECTOR('',#370,1.);
#370 = DIRECTION('',(-0.,1.,0.));
#371 = ORIENTED_EDGE('',*,*,#372,.F.);
#372 = EDGE_CURVE('',#373,#365,#375,.T.);
#373 = VERTEX_POINT('',#374);
#374 = CARTESIAN_POINT('',(-3.915,-27.94,9.8));
#375 = CIRCLE('',#376,1.375);
#376 = AXIS2_PLACEMENT_3D('',#377,#378,#379);
#377 = CARTESIAN_POINT('',(-2.54,-27.94,9.8));
#378 = DIRECTION('',(0.,0.,1.));
#379 = DIRECTION('',(1.,0.,-0.));
#380 = ORIENTED_EDGE('',*,*,#381,.T.);
#381 = EDGE_CURVE('',#373,#356,#382,.T.);
#382 = LINE('',#383,#384);
#383 = CARTESIAN_POINT('',(-3.915,-33.21,9.8));
#384 = VECTOR('',#385,1.);
#385 = DIRECTION('',(-0.,1.,0.));
#386 = FACE_BOUND('',#387,.T.);
#387 = EDGE_LOOP('',(#388,#399,#407,#416,#425));
#388 = ORIENTED_EDGE('',*,*,#389,.F.);
#389 = EDGE_CURVE('',#390,#392,#394,.T.);
#390 = VERTEX_POINT('',#391);
#391 = CARTESIAN_POINT('',(-22.86,-16.405,9.8));
#392 = VERTEX_POINT('',#393);
#393 = CARTESIAN_POINT('',(-22.86,-19.155,9.8));
#394 = CIRCLE('',#395,1.375);
#395 = AXIS2_PLACEMENT_3D('',#396,#397,#398);
#396 = CARTESIAN_POINT('',(-22.86,-17.78,9.8));
#397 = DIRECTION('',(0.,0.,1.));
#398 = DIRECTION('',(1.,0.,-0.));
#399 = ORIENTED_EDGE('',*,*,#400,.F.);
#400 = EDGE_CURVE('',#401,#390,#403,.T.);
#401 = VERTEX_POINT('',#402);
#402 = CARTESIAN_POINT('',(-17.78,-16.405,9.8));
#403 = LINE('',#404,#405);
#404 = CARTESIAN_POINT('',(-30.67,-16.405,9.8));
#405 = VECTOR('',#406,1.);
#406 = DIRECTION('',(-1.,-0.,0.));
#407 = ORIENTED_EDGE('',*,*,#408,.F.);
#408 = EDGE_CURVE('',#409,#401,#411,.T.);
#409 = VERTEX_POINT('',#410);
#410 = CARTESIAN_POINT('',(-16.405,-17.78,9.8));
#411 = CIRCLE('',#412,1.375);
#412 = AXIS2_PLACEMENT_3D('',#413,#414,#415);
#413 = CARTESIAN_POINT('',(-17.78,-17.78,9.8));
#414 = DIRECTION('',(0.,0.,1.));
#415 = DIRECTION('',(1.,0.,-0.));
#416 = ORIENTED_EDGE('',*,*,#417,.F.);
#417 = EDGE_CURVE('',#418,#409,#420,.T.);
#418 = VERTEX_POINT('',#419);
#419 = CARTESIAN_POINT('',(-17.78,-19.155,9.8));
#420 = CIRCLE('',#421,1.375);
#421 = AXIS2_PLACEMENT_3D('',#422,#423,#424);
#422 = CARTESIAN_POINT('',(-17.78,-17.78,9.8));
#423 = DIRECTION('',(0.,0.,1.));
#424 = DIRECTION('',(1.,0.,-0.));
#425 = ORIENTED_EDGE('',*,*,#426,.T.);
#426 = EDGE_CURVE('',#418,#392,#427,.T.);
#427 = LINE('',#428,#429);
#428 = CARTESIAN_POINT('',(-30.67,-19.155,9.8));
#429 = VECTOR('',#430,1.);
#430 = DIRECTION('',(-1.,-0.,0.));
#431 = FACE_BOUND('',#432,.T.);
#432 = EDGE_LOOP('',(#433,#444,#452,#461,#470));
#433 = ORIENTED_EDGE('',*,*,#434,.F.);
#434 = EDGE_CURVE('',#435,#437,#439,.T.);
#435 = VERTEX_POINT('',#436);
#436 = CARTESIAN_POINT('',(-27.94,-11.325,9.8));
#437 = VERTEX_POINT('',#438);
#438 = CARTESIAN_POINT('',(-27.94,-14.075,9.8));
#439 = CIRCLE('',#440,1.375);
#440 = AXIS2_PLACEMENT_3D('',#441,#442,#443);
#441 = CARTESIAN_POINT('',(-27.94,-12.7,9.8));
#442 = DIRECTION('',(0.,0.,1.));
#443 = DIRECTION('',(1.,0.,-0.));
#444 = ORIENTED_EDGE('',*,*,#445,.F.);
#445 = EDGE_CURVE('',#446,#435,#448,.T.);
#446 = VERTEX_POINT('',#447);
#447 = CARTESIAN_POINT('',(-22.86,-11.325,9.8));
#448 = LINE('',#449,#450);
#449 = CARTESIAN_POINT('',(-33.21,-11.325,9.8));
#450 = VECTOR('',#451,1.);
#451 = DIRECTION('',(-1.,-0.,0.));
#452 = ORIENTED_EDGE('',*,*,#453,.F.);
#453 = EDGE_CURVE('',#454,#446,#456,.T.);
#454 = VERTEX_POINT('',#455);
#455 = CARTESIAN_POINT('',(-21.485,-12.7,9.8));
#456 = CIRCLE('',#457,1.375);
#457 = AXIS2_PLACEMENT_3D('',#458,#459,#460);
#458 = CARTESIAN_POINT('',(-22.86,-12.7,9.8));
#459 = DIRECTION('',(0.,0.,1.));
#460 = DIRECTION('',(1.,0.,-0.));
#461 = ORIENTED_EDGE('',*,*,#462,.F.);
#462 = EDGE_CURVE('',#463,#454,#465,.T.);
#463 = VERTEX_POINT('',#464);
#464 = CARTESIAN_POINT('',(-22.86,-14.075,9.8));
#465 = CIRCLE('',#466,1.375);
#466 = AXIS2_PLACEMENT_3D('',#467,#468,#469);
#467 = CARTESIAN_POINT('',(-22.86,-12.7,9.8));
#468 = DIRECTION('',(0.,0.,1.));
#469 = DIRECTION('',(1.,0.,-0.));
#470 = ORIENTED_EDGE('',*,*,#471,.T.);
#471 = EDGE_CURVE('',#463,#437,#472,.T.);
#472 = LINE('',#473,#474);
#473 = CARTESIAN_POINT('',(-33.21,-14.075,9.8));
#474 = VECTOR('',#475,1.);
#475 = DIRECTION('',(-1.,-0.,0.));
#476 = FACE_BOUND('',#477,.T.);
#477 = EDGE_LOOP('',(#478,#489,#497,#506));
#478 = ORIENTED_EDGE('',*,*,#479,.F.);
#479 = EDGE_CURVE('',#480,#482,#484,.T.);
#480 = VERTEX_POINT('',#481);
#481 = CARTESIAN_POINT('',(-26.565,-2.54,9.8));
#482 = VERTEX_POINT('',#483);
#483 = CARTESIAN_POINT('',(-29.315,-2.54,9.8));
#484 = CIRCLE('',#485,1.375);
#485 = AXIS2_PLACEMENT_3D('',#486,#487,#488);
#486 = CARTESIAN_POINT('',(-27.94,-2.54,9.8));
#487 = DIRECTION('',(0.,0.,1.));
#488 = DIRECTION('',(1.,0.,-0.));
#489 = ORIENTED_EDGE('',*,*,#490,.F.);
#490 = EDGE_CURVE('',#491,#480,#493,.T.);
#491 = VERTEX_POINT('',#492);
#492 = CARTESIAN_POINT('',(-26.565,-7.62,9.8));
#493 = LINE('',#494,#495);
#494 = CARTESIAN_POINT('',(-26.565,-23.05,9.8));
#495 = VECTOR('',#496,1.);
#496 = DIRECTION('',(-0.,1.,0.));
#497 = ORIENTED_EDGE('',*,*,#498,.F.);
#498 = EDGE_CURVE('',#499,#491,#501,.T.);
#499 = VERTEX_POINT('',#500);
#500 = CARTESIAN_POINT('',(-29.315,-7.62,9.8));
#501 = CIRCLE('',#502,1.375);
#502 = AXIS2_PLACEMENT_3D('',#503,#504,#505);
#503 = CARTESIAN_POINT('',(-27.94,-7.62,9.8));
#504 = DIRECTION('',(0.,0.,1.));
#505 = DIRECTION('',(1.,0.,-0.));
#506 = ORIENTED_EDGE('',*,*,#507,.T.);
#507 = EDGE_CURVE('',#499,#482,#508,.T.);
#508 = LINE('',#509,#510);
#509 = CARTESIAN_POINT('',(-29.315,-23.05,9.8));
#510 = VECTOR('',#511,1.);
#511 = DIRECTION('',(-0.,1.,0.));
#512 = FACE_BOUND('',#513,.T.);
#513 = EDGE_LOOP('',(#514));
#514 = ORIENTED_EDGE('',*,*,#515,.F.);
#515 = EDGE_CURVE('',#516,#516,#518,.T.);
#516 = VERTEX_POINT('',#517);
#517 = CARTESIAN_POINT('',(-21.485,-7.62,9.8));
#518 = CIRCLE('',#519,1.375);
#519 = AXIS2_PLACEMENT_3D('',#520,#521,#522);
#520 = CARTESIAN_POINT('',(-22.86,-7.62,9.8));
#521 = DIRECTION('',(0.,0.,1.));
#522 = DIRECTION('',(1.,0.,-0.));
#523 = FACE_BOUND('',#524,.T.);
#524 = EDGE_LOOP('',(#525,#536,#544,#553,#562));
#525 = ORIENTED_EDGE('',*,*,#526,.F.);
#526 = EDGE_CURVE('',#527,#529,#531,.T.);
#527 = VERTEX_POINT('',#528);
#528 = CARTESIAN_POINT('',(-22.86,-1.165,9.8));
#529 = VERTEX_POINT('',#530);
#530 = CARTESIAN_POINT('',(-22.86,-3.915,9.8));
#531 = CIRCLE('',#532,1.375);
#532 = AXIS2_PLACEMENT_3D('',#533,#534,#535);
#533 = CARTESIAN_POINT('',(-22.86,-2.54,9.8));
#534 = DIRECTION('',(0.,0.,1.));
#535 = DIRECTION('',(1.,0.,-0.));
#536 = ORIENTED_EDGE('',*,*,#537,.F.);
#537 = EDGE_CURVE('',#538,#527,#540,.T.);
#538 = VERTEX_POINT('',#539);
#539 = CARTESIAN_POINT('',(-17.78,-1.165,9.8));
#540 = LINE('',#541,#542);
#541 = CARTESIAN_POINT('',(-30.67,-1.165,9.8));
#542 = VECTOR('',#543,1.);
#543 = DIRECTION('',(-1.,-0.,0.));
#544 = ORIENTED_EDGE('',*,*,#545,.F.);
#545 = EDGE_CURVE('',#546,#538,#548,.T.);
#546 = VERTEX_POINT('',#547);
#547 = CARTESIAN_POINT('',(-16.405,-2.54,9.8));
#548 = CIRCLE('',#549,1.375);
#549 = AXIS2_PLACEMENT_3D('',#550,#551,#552);
#550 = CARTESIAN_POINT('',(-17.78,-2.54,9.8));
#551 = DIRECTION('',(0.,0.,1.));
#552 = DIRECTION('',(1.,0.,-0.));
#553 = ORIENTED_EDGE('',*,*,#554,.F.);
#554 = EDGE_CURVE('',#555,#546,#557,.T.);
#555 = VERTEX_POINT('',#556);
#556 = CARTESIAN_POINT('',(-17.78,-3.915,9.8));
#557 = CIRCLE('',#558,1.375);
#558 = AXIS2_PLACEMENT_3D('',#559,#560,#561);
#559 = CARTESIAN_POINT('',(-17.78,-2.54,9.8));
#560 = DIRECTION('',(0.,0.,1.));
#561 = DIRECTION('',(1.,0.,-0.));
#562 = ORIENTED_EDGE('',*,*,#563,.T.);
#563 = EDGE_CURVE('',#555,#529,#564,.T.);
#564 = LINE('',#565,#566);
#565 = CARTESIAN_POINT('',(-30.67,-3.915,9.8));
#566 = VECTOR('',#567,1.);
#567 = DIRECTION('',(-1.,-0.,0.));
#568 = FACE_BOUND('',#569,.T.);
#569 = EDGE_LOOP('',(#570,#581,#589,#598));
#570 = ORIENTED_EDGE('',*,*,#571,.F.);
#571 = EDGE_CURVE('',#572,#574,#576,.T.);
#572 = VERTEX_POINT('',#573);
#573 = CARTESIAN_POINT('',(-16.405,-7.62,9.8));
#574 = VERTEX_POINT('',#575);
#575 = CARTESIAN_POINT('',(-19.155,-7.62,9.8));
#576 = CIRCLE('',#577,1.375);
#577 = AXIS2_PLACEMENT_3D('',#578,#579,#580);
#578 = CARTESIAN_POINT('',(-17.78,-7.62,9.8));
#579 = DIRECTION('',(0.,0.,1.));
#580 = DIRECTION('',(1.,0.,-0.));
#581 = ORIENTED_EDGE('',*,*,#582,.F.);
#582 = EDGE_CURVE('',#583,#572,#585,.T.);
#583 = VERTEX_POINT('',#584);
#584 = CARTESIAN_POINT('',(-16.405,-12.7,9.8));
#585 = LINE('',#586,#587);
#586 = CARTESIAN_POINT('',(-16.405,-25.59,9.8));
#587 = VECTOR('',#588,1.);
#588 = DIRECTION('',(-0.,1.,0.));
#589 = ORIENTED_EDGE('',*,*,#590,.F.);
#590 = EDGE_CURVE('',#591,#583,#593,.T.);
#591 = VERTEX_POINT('',#592);
#592 = CARTESIAN_POINT('',(-19.155,-12.7,9.8));
#593 = CIRCLE('',#594,1.375);
#594 = AXIS2_PLACEMENT_3D('',#595,#596,#597);
#595 = CARTESIAN_POINT('',(-17.78,-12.7,9.8));
#596 = DIRECTION('',(0.,0.,1.));
#597 = DIRECTION('',(1.,0.,-0.));
#598 = ORIENTED_EDGE('',*,*,#599,.T.);
#599 = EDGE_CURVE('',#591,#574,#600,.T.);
#600 = LINE('',#601,#602);
#601 = CARTESIAN_POINT('',(-19.155,-25.59,9.8));
#602 = VECTOR('',#603,1.);
#603 = DIRECTION('',(-0.,1.,0.));
#604 = FACE_BOUND('',#605,.T.);
#605 = EDGE_LOOP('',(#606,#617,#625,#634,#643));
#606 = ORIENTED_EDGE('',*,*,#607,.F.);
#607 = EDGE_CURVE('',#608,#610,#612,.T.);
#608 = VERTEX_POINT('',#609);
#609 = CARTESIAN_POINT('',(-12.7,-11.325,9.8));
#610 = VERTEX_POINT('',#611);
#611 = CARTESIAN_POINT('',(-12.7,-14.075,9.8));
#612 = CIRCLE('',#613,1.375);
#613 = AXIS2_PLACEMENT_3D('',#614,#615,#616);
#614 = CARTESIAN_POINT('',(-12.7,-12.7,9.8));
#615 = DIRECTION('',(0.,0.,1.));
#616 = DIRECTION('',(1.,0.,-0.));
#617 = ORIENTED_EDGE('',*,*,#618,.F.);
#618 = EDGE_CURVE('',#619,#608,#621,.T.);
#619 = VERTEX_POINT('',#620);
#620 = CARTESIAN_POINT('',(-7.62,-11.325,9.8));
#621 = LINE('',#622,#623);
#622 = CARTESIAN_POINT('',(-25.59,-11.325,9.8));
#623 = VECTOR('',#624,1.);
#624 = DIRECTION('',(-1.,-0.,0.));
#625 = ORIENTED_EDGE('',*,*,#626,.F.);
#626 = EDGE_CURVE('',#627,#619,#629,.T.);
#627 = VERTEX_POINT('',#628);
#628 = CARTESIAN_POINT('',(-6.245,-12.7,9.8));
#629 = CIRCLE('',#630,1.375);
#630 = AXIS2_PLACEMENT_3D('',#631,#632,#633);
#631 = CARTESIAN_POINT('',(-7.62,-12.7,9.8));
#632 = DIRECTION('',(0.,0.,1.));
#633 = DIRECTION('',(1.,0.,-0.));
#634 = ORIENTED_EDGE('',*,*,#635,.F.);
#635 = EDGE_CURVE('',#636,#627,#638,.T.);
#636 = VERTEX_POINT('',#637);
#637 = CARTESIAN_POINT('',(-7.62,-14.075,9.8));
#638 = CIRCLE('',#639,1.375);
#639 = AXIS2_PLACEMENT_3D('',#640,#641,#642);
#640 = CARTESIAN_POINT('',(-7.62,-12.7,9.8));
#641 = DIRECTION('',(0.,0.,1.));
#642 = DIRECTION('',(1.,0.,-0.));
#643 = ORIENTED_EDGE('',*,*,#644,.T.);
#644 = EDGE_CURVE('',#636,#610,#645,.T.);
#645 = LINE('',#646,#647);
#646 = CARTESIAN_POINT('',(-25.59,-14.075,9.8));
#647 = VECTOR('',#648,1.);
#648 = DIRECTION('',(-1.,-0.,0.));
#649 = FACE_BOUND('',#650,.T.);
#650 = EDGE_LOOP('',(#651,#662,#670,#679,#688));
#651 = ORIENTED_EDGE('',*,*,#652,.F.);
#652 = EDGE_CURVE('',#653,#655,#657,.T.);
#653 = VERTEX_POINT('',#654);
#654 = CARTESIAN_POINT('',(-7.62,-16.405,9.8));
#655 = VERTEX_POINT('',#656);
#656 = CARTESIAN_POINT('',(-7.62,-19.155,9.8));
#657 = CIRCLE('',#658,1.375);
#658 = AXIS2_PLACEMENT_3D('',#659,#660,#661);
#659 = CARTESIAN_POINT('',(-7.62,-17.78,9.8));
#660 = DIRECTION('',(0.,0.,1.));
#661 = DIRECTION('',(1.,0.,-0.));
#662 = ORIENTED_EDGE('',*,*,#663,.F.);
#663 = EDGE_CURVE('',#664,#653,#666,.T.);
#664 = VERTEX_POINT('',#665);
#665 = CARTESIAN_POINT('',(-2.54,-16.405,9.8));
#666 = LINE('',#667,#668);
#667 = CARTESIAN_POINT('',(-23.05,-16.405,9.8));
#668 = VECTOR('',#669,1.);
#669 = DIRECTION('',(-1.,-0.,0.));
#670 = ORIENTED_EDGE('',*,*,#671,.F.);
#671 = EDGE_CURVE('',#672,#664,#674,.T.);
#672 = VERTEX_POINT('',#673);
#673 = CARTESIAN_POINT('',(-1.165,-17.78,9.8));
#674 = CIRCLE('',#675,1.375);
#675 = AXIS2_PLACEMENT_3D('',#676,#677,#678);
#676 = CARTESIAN_POINT('',(-2.54,-17.78,9.8));
#677 = DIRECTION('',(0.,0.,1.));
#678 = DIRECTION('',(1.,0.,-0.));
#679 = ORIENTED_EDGE('',*,*,#680,.F.);
#680 = EDGE_CURVE('',#681,#672,#683,.T.);
#681 = VERTEX_POINT('',#682);
#682 = CARTESIAN_POINT('',(-2.54,-19.155,9.8));
#683 = CIRCLE('',#684,1.375);
#684 = AXIS2_PLACEMENT_3D('',#685,#686,#687);
#685 = CARTESIAN_POINT('',(-2.54,-17.78,9.8));
#686 = DIRECTION('',(0.,0.,1.));
#687 = DIRECTION('',(1.,0.,-0.));
#688 = ORIENTED_EDGE('',*,*,#689,.T.);
#689 = EDGE_CURVE('',#681,#655,#690,.T.);
#690 = LINE('',#691,#692);
#691 = CARTESIAN_POINT('',(-23.05,-19.155,9.8));
#692 = VECTOR('',#693,1.);
#693 = DIRECTION('',(-1.,-0.,0.));
#694 = FACE_BOUND('',#695,.T.);
#695 = EDGE_LOOP('',(#696,#707,#715,#724));
#696 = ORIENTED_EDGE('',*,*,#697,.F.);
#697 = EDGE_CURVE('',#698,#700,#702,.T.);
#698 = VERTEX_POINT('',#699);
#699 = CARTESIAN_POINT('',(-1.165,-7.62,9.8));
#700 = VERTEX_POINT('',#701);
#701 = CARTESIAN_POINT('',(-3.915,-7.62,9.8));
#702 = CIRCLE('',#703,1.375);
#703 = AXIS2_PLACEMENT_3D('',#704,#705,#706);
#704 = CARTESIAN_POINT('',(-2.54,-7.62,9.8));
#705 = DIRECTION('',(0.,0.,1.));
#706 = DIRECTION('',(1.,0.,-0.));
#707 = ORIENTED_EDGE('',*,*,#708,.F.);
#708 = EDGE_CURVE('',#709,#698,#711,.T.);
#709 = VERTEX_POINT('',#710);
#710 = CARTESIAN_POINT('',(-1.165,-12.7,9.8));
#711 = LINE('',#712,#713);
#712 = CARTESIAN_POINT('',(-1.165,-25.59,9.8));
#713 = VECTOR('',#714,1.);
#714 = DIRECTION('',(-0.,1.,0.));
#715 = ORIENTED_EDGE('',*,*,#716,.F.);
#716 = EDGE_CURVE('',#717,#709,#719,.T.);
#717 = VERTEX_POINT('',#718);
#718 = CARTESIAN_POINT('',(-3.915,-12.7,9.8));
#719 = CIRCLE('',#720,1.375);
#720 = AXIS2_PLACEMENT_3D('',#721,#722,#723);
#721 = CARTESIAN_POINT('',(-2.54,-12.7,9.8));
#722 = DIRECTION('',(0.,0.,1.));
#723 = DIRECTION('',(1.,0.,-0.));
#724 = ORIENTED_EDGE('',*,*,#725,.T.);
#725 = EDGE_CURVE('',#717,#700,#726,.T.);
#726 = LINE('',#727,#728);
#727 = CARTESIAN_POINT('',(-3.915,-25.59,9.8));
#728 = VECTOR('',#729,1.);
#729 = DIRECTION('',(-0.,1.,0.));
#730 = FACE_BOUND('',#731,.T.);
#731 = EDGE_LOOP('',(#732,#743,#751,#760));
#732 = ORIENTED_EDGE('',*,*,#733,.F.);
#733 = EDGE_CURVE('',#734,#736,#738,.T.);
#734 = VERTEX_POINT('',#735);
#735 = CARTESIAN_POINT('',(-11.325,-2.54,9.8));
#736 = VERTEX_POINT('',#737);
#737 = CARTESIAN_POINT('',(-14.075,-2.54,9.8));
#738 = CIRCLE('',#739,1.375);
#739 = AXIS2_PLACEMENT_3D('',#740,#741,#742);
#740 = CARTESIAN_POINT('',(-12.7,-2.54,9.8));
#741 = DIRECTION('',(0.,0.,1.));
#742 = DIRECTION('',(1.,0.,-0.));
#743 = ORIENTED_EDGE('',*,*,#744,.F.);
#744 = EDGE_CURVE('',#745,#734,#747,.T.);
#745 = VERTEX_POINT('',#746);
#746 = CARTESIAN_POINT('',(-11.325,-7.62,9.8));
#747 = LINE('',#748,#749);
#748 = CARTESIAN_POINT('',(-11.325,-23.05,9.8));
#749 = VECTOR('',#750,1.);
#750 = DIRECTION('',(-0.,1.,0.));
#751 = ORIENTED_EDGE('',*,*,#752,.F.);
#752 = EDGE_CURVE('',#753,#745,#755,.T.);
#753 = VERTEX_POINT('',#754);
#754 = CARTESIAN_POINT('',(-14.075,-7.62,9.8));
#755 = CIRCLE('',#756,1.375);
#756 = AXIS2_PLACEMENT_3D('',#757,#758,#759);
#757 = CARTESIAN_POINT('',(-12.7,-7.62,9.8));
#758 = DIRECTION('',(0.,0.,1.));
#759 = DIRECTION('',(1.,0.,-0.));
#760 = ORIENTED_EDGE('',*,*,#761,.T.);
#761 = EDGE_CURVE('',#753,#736,#762,.T.);
#762 = LINE('',#763,#764);
#763 = CARTESIAN_POINT('',(-14.075,-23.05,9.8));
#764 = VECTOR('',#765,1.);
#765 = DIRECTION('',(-0.,1.,0.));
#766 = FACE_BOUND('',#767,.T.);
#767 = EDGE_LOOP('',(#768));
#768 = ORIENTED_EDGE('',*,*,#769,.F.);
#769 = EDGE_CURVE('',#770,#770,#772,.T.);
#770 = VERTEX_POINT('',#771);
#771 = CARTESIAN_POINT('',(-6.245,-7.62,9.8));
#772 = CIRCLE('',#773,1.375);
#773 = AXIS2_PLACEMENT_3D('',#774,#775,#776);
#774 = CARTESIAN_POINT('',(-7.62,-7.62,9.8));
#775 = DIRECTION('',(0.,0.,1.));
#776 = DIRECTION('',(1.,0.,-0.));
#777 = FACE_BOUND('',#778,.T.);
#778 = EDGE_LOOP('',(#779,#790,#798,#807,#816));
#779 = ORIENTED_EDGE('',*,*,#780,.F.);
#780 = EDGE_CURVE('',#781,#783,#785,.T.);
#781 = VERTEX_POINT('',#782);
#782 = CARTESIAN_POINT('',(2.54,-26.565,9.8));
#783 = VERTEX_POINT('',#784);
#784 = CARTESIAN_POINT('',(2.54,-29.315,9.8));
#785 = CIRCLE('',#786,1.375);
#786 = AXIS2_PLACEMENT_3D('',#787,#788,#789);
#787 = CARTESIAN_POINT('',(2.54,-27.94,9.8));
#788 = DIRECTION('',(0.,0.,1.));
#789 = DIRECTION('',(1.,0.,-0.));
#790 = ORIENTED_EDGE('',*,*,#791,.F.);
#791 = EDGE_CURVE('',#792,#781,#794,.T.);
#792 = VERTEX_POINT('',#793);
#793 = CARTESIAN_POINT('',(7.62,-26.565,9.8));
#794 = LINE('',#795,#796);
#795 = CARTESIAN_POINT('',(-17.97,-26.565,9.8));
#796 = VECTOR('',#797,1.);
#797 = DIRECTION('',(-1.,-0.,0.));
#798 = ORIENTED_EDGE('',*,*,#799,.F.);
#799 = EDGE_CURVE('',#800,#792,#802,.T.);
#800 = VERTEX_POINT('',#801);
#801 = CARTESIAN_POINT('',(8.995,-27.94,9.8));
#802 = CIRCLE('',#803,1.375);
#803 = AXIS2_PLACEMENT_3D('',#804,#805,#806);
#804 = CARTESIAN_POINT('',(7.62,-27.94,9.8));
#805 = DIRECTION('',(0.,0.,1.));
#806 = DIRECTION('',(1.,0.,-0.));
#807 = ORIENTED_EDGE('',*,*,#808,.F.);
#808 = EDGE_CURVE('',#809,#800,#811,.T.);
#809 = VERTEX_POINT('',#810);
#810 = CARTESIAN_POINT('',(7.62,-29.315,9.8));
#811 = CIRCLE('',#812,1.375);
#812 = AXIS2_PLACEMENT_3D('',#813,#814,#815);
#813 = CARTESIAN_POINT('',(7.62,-27.94,9.8));
#814 = DIRECTION('',(0.,0.,1.));
#815 = DIRECTION('',(1.,0.,-0.));
#816 = ORIENTED_EDGE('',*,*,#817,.T.);
#817 = EDGE_CURVE('',#809,#783,#818,.T.);
#818 = LINE('',#819,#820);
#819 = CARTESIAN_POINT('',(-17.97,-29.315,9.8));
#820 = VECTOR('',#821,1.);
#821 = DIRECTION('',(-1.,-0.,0.));
#822 = FACE_BOUND('',#823,.T.);
#823 = EDGE_LOOP('',(#824));
#824 = ORIENTED_EDGE('',*,*,#825,.F.);
#825 = EDGE_CURVE('',#826,#826,#828,.T.);
#826 = VERTEX_POINT('',#827);
#827 = CARTESIAN_POINT('',(8.995,-22.86,9.8));
#828 = CIRCLE('',#829,1.375);
#829 = AXIS2_PLACEMENT_3D('',#830,#831,#832);
#830 = CARTESIAN_POINT('',(7.62,-22.86,9.8));
#831 = DIRECTION('',(0.,0.,1.));
#832 = DIRECTION('',(1.,0.,-0.));
#833 = FACE_BOUND('',#834,.T.);
#834 = EDGE_LOOP('',(#835,#846,#854,#863));
#835 = ORIENTED_EDGE('',*,*,#836,.F.);
#836 = EDGE_CURVE('',#837,#839,#841,.T.);
#837 = VERTEX_POINT('',#838);
#838 = CARTESIAN_POINT('',(3.915,-17.78,9.8));
#839 = VERTEX_POINT('',#840);
#840 = CARTESIAN_POINT('',(1.165,-17.78,9.8));
#841 = CIRCLE('',#842,1.375);
#842 = AXIS2_PLACEMENT_3D('',#843,#844,#845);
#843 = CARTESIAN_POINT('',(2.54,-17.78,9.8));
#844 = DIRECTION('',(0.,0.,1.));
#845 = DIRECTION('',(1.,0.,-0.));
#846 = ORIENTED_EDGE('',*,*,#847,.F.);
#847 = EDGE_CURVE('',#848,#837,#850,.T.);
#848 = VERTEX_POINT('',#849);
#849 = CARTESIAN_POINT('',(3.915,-22.86,9.8));
#850 = LINE('',#851,#852);
#851 = CARTESIAN_POINT('',(3.915,-30.67,9.8));
#852 = VECTOR('',#853,1.);
#853 = DIRECTION('',(-0.,1.,0.));
#854 = ORIENTED_EDGE('',*,*,#855,.F.);
#855 = EDGE_CURVE('',#856,#848,#858,.T.);
#856 = VERTEX_POINT('',#857);
#857 = CARTESIAN_POINT('',(1.165,-22.86,9.8));
#858 = CIRCLE('',#859,1.375);
#859 = AXIS2_PLACEMENT_3D('',#860,#861,#862);
#860 = CARTESIAN_POINT('',(2.54,-22.86,9.8));
#861 = DIRECTION('',(0.,0.,1.));
#862 = DIRECTION('',(1.,0.,-0.));
#863 = ORIENTED_EDGE('',*,*,#864,.T.);
#864 = EDGE_CURVE('',#856,#839,#865,.T.);
#865 = LINE('',#866,#867);
#866 = CARTESIAN_POINT('',(1.165,-30.67,9.8));
#867 = VECTOR('',#868,1.);
#868 = DIRECTION('',(-0.,1.,0.));
#869 = FACE_BOUND('',#870,.T.);
#870 = EDGE_LOOP('',(#871,#882,#890,#899));
#871 = ORIENTED_EDGE('',*,*,#872,.F.);
#872 = EDGE_CURVE('',#873,#875,#877,.T.);
#873 = VERTEX_POINT('',#874);
#874 = CARTESIAN_POINT('',(14.075,-22.86,9.8));
#875 = VERTEX_POINT('',#876);
#876 = CARTESIAN_POINT('',(11.325,-22.86,9.8));
#877 = CIRCLE('',#878,1.375);
#878 = AXIS2_PLACEMENT_3D('',#879,#880,#881);
#879 = CARTESIAN_POINT('',(12.7,-22.86,9.8));
#880 = DIRECTION('',(0.,0.,1.));
#881 = DIRECTION('',(1.,0.,-0.));
#882 = ORIENTED_EDGE('',*,*,#883,.F.);
#883 = EDGE_CURVE('',#884,#873,#886,.T.);
#884 = VERTEX_POINT('',#885);
#885 = CARTESIAN_POINT('',(14.075,-27.94,9.8));
#886 = LINE('',#887,#888);
#887 = CARTESIAN_POINT('',(14.075,-33.21,9.8));
#888 = VECTOR('',#889,1.);
#889 = DIRECTION('',(-0.,1.,0.));
#890 = ORIENTED_EDGE('',*,*,#891,.F.);
#891 = EDGE_CURVE('',#892,#884,#894,.T.);
#892 = VERTEX_POINT('',#893);
#893 = CARTESIAN_POINT('',(11.325,-27.94,9.8));
#894 = CIRCLE('',#895,1.375);
#895 = AXIS2_PLACEMENT_3D('',#896,#897,#898);
#896 = CARTESIAN_POINT('',(12.7,-27.94,9.8));
#897 = DIRECTION('',(0.,0.,1.));
#898 = DIRECTION('',(1.,0.,-0.));
#899 = ORIENTED_EDGE('',*,*,#900,.T.);
#900 = EDGE_CURVE('',#892,#875,#901,.T.);
#901 = LINE('',#902,#903);
#902 = CARTESIAN_POINT('',(11.325,-33.21,9.8));
#903 = VECTOR('',#904,1.);
#904 = DIRECTION('',(-0.,1.,0.));
#905 = FACE_BOUND('',#906,.T.);
#906 = EDGE_LOOP('',(#907,#918,#926,#935));
#907 = ORIENTED_EDGE('',*,*,#908,.F.);
#908 = EDGE_CURVE('',#909,#911,#913,.T.);
#909 = VERTEX_POINT('',#910);
#910 = CARTESIAN_POINT('',(19.155,-17.78,9.8));
#911 = VERTEX_POINT('',#912);
#912 = CARTESIAN_POINT('',(16.405,-17.78,9.8));
#913 = CIRCLE('',#914,1.375);
#914 = AXIS2_PLACEMENT_3D('',#915,#916,#917);
#915 = CARTESIAN_POINT('',(17.78,-17.78,9.8));
#916 = DIRECTION('',(0.,0.,1.));
#917 = DIRECTION('',(1.,0.,-0.));
#918 = ORIENTED_EDGE('',*,*,#919,.F.);
#919 = EDGE_CURVE('',#920,#909,#922,.T.);
#920 = VERTEX_POINT('',#921);
#921 = CARTESIAN_POINT('',(19.155,-22.86,9.8));
#922 = LINE('',#923,#924);
#923 = CARTESIAN_POINT('',(19.155,-30.67,9.8));
#924 = VECTOR('',#925,1.);
#925 = DIRECTION('',(-0.,1.,0.));
#926 = ORIENTED_EDGE('',*,*,#927,.F.);
#927 = EDGE_CURVE('',#928,#920,#930,.T.);
#928 = VERTEX_POINT('',#929);
#929 = CARTESIAN_POINT('',(16.405,-22.86,9.8));
#930 = CIRCLE('',#931,1.375);
#931 = AXIS2_PLACEMENT_3D('',#932,#933,#934);
#932 = CARTESIAN_POINT('',(17.78,-22.86,9.8));
#933 = DIRECTION('',(0.,0.,1.));
#934 = DIRECTION('',(1.,0.,-0.));
#935 = ORIENTED_EDGE('',*,*,#936,.T.);
#936 = EDGE_CURVE('',#928,#911,#937,.T.);
#937 = LINE('',#938,#939);
#938 = CARTESIAN_POINT('',(16.405,-30.67,9.8));
#939 = VECTOR('',#940,1.);
#940 = DIRECTION('',(-0.,1.,0.));
#941 = FACE_BOUND('',#942,.T.);
#942 = EDGE_LOOP('',(#943,#954,#962,#971,#980));
#943 = ORIENTED_EDGE('',*,*,#944,.F.);
#944 = EDGE_CURVE('',#945,#947,#949,.T.);
#945 = VERTEX_POINT('',#946);
#946 = CARTESIAN_POINT('',(17.78,-26.565,9.8));
#947 = VERTEX_POINT('',#948);
#948 = CARTESIAN_POINT('',(17.78,-29.315,9.8));
#949 = CIRCLE('',#950,1.375);
#950 = AXIS2_PLACEMENT_3D('',#951,#952,#953);
#951 = CARTESIAN_POINT('',(17.78,-27.94,9.8));
#952 = DIRECTION('',(0.,0.,1.));
#953 = DIRECTION('',(1.,0.,-0.));
#954 = ORIENTED_EDGE('',*,*,#955,.F.);
#955 = EDGE_CURVE('',#956,#945,#958,.T.);
#956 = VERTEX_POINT('',#957);
#957 = CARTESIAN_POINT('',(22.86,-26.565,9.8));
#958 = LINE('',#959,#960);
#959 = CARTESIAN_POINT('',(-10.35,-26.565,9.8));
#960 = VECTOR('',#961,1.);
#961 = DIRECTION('',(-1.,-0.,0.));
#962 = ORIENTED_EDGE('',*,*,#963,.F.);
#963 = EDGE_CURVE('',#964,#956,#966,.T.);
#964 = VERTEX_POINT('',#965);
#965 = CARTESIAN_POINT('',(24.235,-27.94,9.8));
#966 = CIRCLE('',#967,1.375);
#967 = AXIS2_PLACEMENT_3D('',#968,#969,#970);
#968 = CARTESIAN_POINT('',(22.86,-27.94,9.8));
#969 = DIRECTION('',(0.,0.,1.));
#970 = DIRECTION('',(1.,0.,-0.));
#971 = ORIENTED_EDGE('',*,*,#972,.F.);
#972 = EDGE_CURVE('',#973,#964,#975,.T.);
#973 = VERTEX_POINT('',#974);
#974 = CARTESIAN_POINT('',(22.86,-29.315,9.8));
#975 = CIRCLE('',#976,1.375);
#976 = AXIS2_PLACEMENT_3D('',#977,#978,#979);
#977 = CARTESIAN_POINT('',(22.86,-27.94,9.8));
#978 = DIRECTION('',(0.,0.,1.));
#979 = DIRECTION('',(1.,0.,-0.));
#980 = ORIENTED_EDGE('',*,*,#981,.T.);
#981 = EDGE_CURVE('',#973,#947,#982,.T.);
#982 = LINE('',#983,#984);
#983 = CARTESIAN_POINT('',(-10.35,-29.315,9.8));
#984 = VECTOR('',#985,1.);
#985 = DIRECTION('',(-1.,-0.,0.));
#986 = FACE_BOUND('',#987,.T.);
#987 = EDGE_LOOP('',(#988));
#988 = ORIENTED_EDGE('',*,*,#989,.F.);
#989 = EDGE_CURVE('',#990,#990,#992,.T.);
#990 = VERTEX_POINT('',#991);
#991 = CARTESIAN_POINT('',(36.18,-34.48,9.8));
#992 = CIRCLE('',#993,1.7);
#993 = AXIS2_PLACEMENT_3D('',#994,#995,#996);
#994 = CARTESIAN_POINT('',(34.48,-34.48,9.8));
#995 = DIRECTION('',(0.,0.,1.));
#996 = DIRECTION('',(1.,0.,-0.));
#997 = FACE_BOUND('',#998,.T.);
#998 = EDGE_LOOP('',(#999));
#999 = ORIENTED_EDGE('',*,*,#1000,.F.);
#1000 = EDGE_CURVE('',#1001,#1001,#1003,.T.);
#1001 = VERTEX_POINT('',#1002);
#1002 = CARTESIAN_POINT('',(24.235,-22.86,9.8));
#1003 = CIRCLE('',#1004,1.375);
#1004 = AXIS2_PLACEMENT_3D('',#1005,#1006,#1007);
#1005 = CARTESIAN_POINT('',(22.86,-22.86,9.8));
#1006 = DIRECTION('',(0.,0.,1.));
#1007 = DIRECTION('',(1.,0.,-0.));
#1008 = FACE_BOUND('',#1009,.T.);
#1009 = EDGE_LOOP('',(#1010,#1021,#1029,#1038));
#1010 = ORIENTED_EDGE('',*,*,#1011,.F.);
#1011 = EDGE_CURVE('',#1012,#1014,#1016,.T.);
#1012 = VERTEX_POINT('',#1013);
#1013 = CARTESIAN_POINT('',(29.315,-22.86,9.8));
#1014 = VERTEX_POINT('',#1015);
#1015 = CARTESIAN_POINT('',(26.565,-22.86,9.8));
#1016 = CIRCLE('',#1017,1.375);
#1017 = AXIS2_PLACEMENT_3D('',#1018,#1019,#1020);
#1018 = CARTESIAN_POINT('',(27.94,-22.86,9.8));
#1019 = DIRECTION('',(0.,0.,1.));
#1020 = DIRECTION('',(1.,0.,-0.));
#1021 = ORIENTED_EDGE('',*,*,#1022,.F.);
#1022 = EDGE_CURVE('',#1023,#1012,#1025,.T.);
#1023 = VERTEX_POINT('',#1024);
#1024 = CARTESIAN_POINT('',(29.315,-27.94,9.8));
#1025 = LINE('',#1026,#1027);
#1026 = CARTESIAN_POINT('',(29.315,-33.21,9.8));
#1027 = VECTOR('',#1028,1.);
#1028 = DIRECTION('',(-0.,1.,0.));
#1029 = ORIENTED_EDGE('',*,*,#1030,.F.);
#1030 = EDGE_CURVE('',#1031,#1023,#1033,.T.);
#1031 = VERTEX_POINT('',#1032);
#1032 = CARTESIAN_POINT('',(26.565,-27.94,9.8));
#1033 = CIRCLE('',#1034,1.375);
#1034 = AXIS2_PLACEMENT_3D('',#1035,#1036,#1037);
#1035 = CARTESIAN_POINT('',(27.94,-27.94,9.8));
#1036 = DIRECTION('',(0.,0.,1.));
#1037 = DIRECTION('',(1.,0.,-0.));
#1038 = ORIENTED_EDGE('',*,*,#1039,.T.);
#1039 = EDGE_CURVE('',#1031,#1014,#1040,.T.);
#1040 = LINE('',#1041,#1042);
#1041 = CARTESIAN_POINT('',(26.565,-33.21,9.8));
#1042 = VECTOR('',#1043,1.);
#1043 = DIRECTION('',(-0.,1.,0.));
#1044 = FACE_BOUND('',#1045,.T.);
#1045 = EDGE_LOOP('',(#1046,#1057,#1065,#1074,#1083));
#1046 = ORIENTED_EDGE('',*,*,#1047,.F.);
#1047 = EDGE_CURVE('',#1048,#1050,#1052,.T.);
#1048 = VERTEX_POINT('',#1049);
#1049 = CARTESIAN_POINT('',(2.54,-11.325,9.8));
#1050 = VERTEX_POINT('',#1051);
#1051 = CARTESIAN_POINT('',(2.54,-14.075,9.8));
#1052 = CIRCLE('',#1053,1.375);
#1053 = AXIS2_PLACEMENT_3D('',#1054,#1055,#1056);
#1054 = CARTESIAN_POINT('',(2.54,-12.7,9.8));
#1055 = DIRECTION('',(0.,0.,1.));
#1056 = DIRECTION('',(1.,0.,-0.));
#1057 = ORIENTED_EDGE('',*,*,#1058,.F.);
#1058 = EDGE_CURVE('',#1059,#1048,#1061,.T.);
#1059 = VERTEX_POINT('',#1060);
#1060 = CARTESIAN_POINT('',(7.62,-11.325,9.8));
#1061 = LINE('',#1062,#1063);
#1062 = CARTESIAN_POINT('',(-17.97,-11.325,9.8));
#1063 = VECTOR('',#1064,1.);
#1064 = DIRECTION('',(-1.,-0.,0.));
#1065 = ORIENTED_EDGE('',*,*,#1066,.F.);
#1066 = EDGE_CURVE('',#1067,#1059,#1069,.T.);
#1067 = VERTEX_POINT('',#1068);
#1068 = CARTESIAN_POINT('',(8.995,-12.7,9.8));
#1069 = CIRCLE('',#1070,1.375);
#1070 = AXIS2_PLACEMENT_3D('',#1071,#1072,#1073);
#1071 = CARTESIAN_POINT('',(7.62,-12.7,9.8));
#1072 = DIRECTION('',(0.,0.,1.));
#1073 = DIRECTION('',(1.,0.,-0.));
#1074 = ORIENTED_EDGE('',*,*,#1075,.F.);
#1075 = EDGE_CURVE('',#1076,#1067,#1078,.T.);
#1076 = VERTEX_POINT('',#1077);
#1077 = CARTESIAN_POINT('',(7.62,-14.075,9.8));
#1078 = CIRCLE('',#1079,1.375);
#1079 = AXIS2_PLACEMENT_3D('',#1080,#1081,#1082);
#1080 = CARTESIAN_POINT('',(7.62,-12.7,9.8));
#1081 = DIRECTION('',(0.,0.,1.));
#1082 = DIRECTION('',(1.,0.,-0.));
#1083 = ORIENTED_EDGE('',*,*,#1084,.T.);
#1084 = EDGE_CURVE('',#1076,#1050,#1085,.T.);
#1085 = LINE('',#1086,#1087);
#1086 = CARTESIAN_POINT('',(-17.97,-14.075,9.8));
#1087 = VECTOR('',#1088,1.);
#1088 = DIRECTION('',(-1.,-0.,0.));
#1089 = FACE_BOUND('',#1090,.T.);
#1090 = EDGE_LOOP('',(#1091,#1102,#1110,#1119,#1128));
#1091 = ORIENTED_EDGE('',*,*,#1092,.F.);
#1092 = EDGE_CURVE('',#1093,#1095,#1097,.T.);
#1093 = VERTEX_POINT('',#1094);
#1094 = CARTESIAN_POINT('',(7.62,-16.405,9.8));
#1095 = VERTEX_POINT('',#1096);
#1096 = CARTESIAN_POINT('',(7.62,-19.155,9.8));
#1097 = CIRCLE('',#1098,1.375);
#1098 = AXIS2_PLACEMENT_3D('',#1099,#1100,#1101);
#1099 = CARTESIAN_POINT('',(7.62,-17.78,9.8));
#1100 = DIRECTION('',(0.,0.,1.));
#1101 = DIRECTION('',(1.,0.,-0.));
#1102 = ORIENTED_EDGE('',*,*,#1103,.F.);
#1103 = EDGE_CURVE('',#1104,#1093,#1106,.T.);
#1104 = VERTEX_POINT('',#1105);
#1105 = CARTESIAN_POINT('',(12.7,-16.405,9.8));
#1106 = LINE('',#1107,#1108);
#1107 = CARTESIAN_POINT('',(-15.43,-16.405,9.8));
#1108 = VECTOR('',#1109,1.);
#1109 = DIRECTION('',(-1.,-0.,0.));
#1110 = ORIENTED_EDGE('',*,*,#1111,.F.);
#1111 = EDGE_CURVE('',#1112,#1104,#1114,.T.);
#1112 = VERTEX_POINT('',#1113);
#1113 = CARTESIAN_POINT('',(14.075,-17.78,9.8));
#1114 = CIRCLE('',#1115,1.375);
#1115 = AXIS2_PLACEMENT_3D('',#1116,#1117,#1118);
#1116 = CARTESIAN_POINT('',(12.7,-17.78,9.8));
#1117 = DIRECTION('',(0.,0.,1.));
#1118 = DIRECTION('',(1.,0.,-0.));
#1119 = ORIENTED_EDGE('',*,*,#1120,.F.);
#1120 = EDGE_CURVE('',#1121,#1112,#1123,.T.);
#1121 = VERTEX_POINT('',#1122);
#1122 = CARTESIAN_POINT('',(12.7,-19.155,9.8));
#1123 = CIRCLE('',#1124,1.375);
#1124 = AXIS2_PLACEMENT_3D('',#1125,#1126,#1127);
#1125 = CARTESIAN_POINT('',(12.7,-17.78,9.8));
#1126 = DIRECTION('',(0.,0.,1.));
#1127 = DIRECTION('',(1.,0.,-0.));
#1128 = ORIENTED_EDGE('',*,*,#1129,.T.);
#1129 = EDGE_CURVE('',#1121,#1095,#1130,.T.);
#1130 = LINE('',#1131,#1132);
#1131 = CARTESIAN_POINT('',(-15.43,-19.155,9.8));
#1132 = VECTOR('',#1133,1.);
#1133 = DIRECTION('',(-1.,-0.,0.));
#1134 = FACE_BOUND('',#1135,.T.);
#1135 = EDGE_LOOP('',(#1136,#1147,#1155,#1164));
#1136 = ORIENTED_EDGE('',*,*,#1137,.F.);
#1137 = EDGE_CURVE('',#1138,#1140,#1142,.T.);
#1138 = VERTEX_POINT('',#1139);
#1139 = CARTESIAN_POINT('',(14.075,-7.62,9.8));
#1140 = VERTEX_POINT('',#1141);
#1141 = CARTESIAN_POINT('',(11.325,-7.62,9.8));
#1142 = CIRCLE('',#1143,1.375);
#1143 = AXIS2_PLACEMENT_3D('',#1144,#1145,#1146);
#1144 = CARTESIAN_POINT('',(12.7,-7.62,9.8));
#1145 = DIRECTION('',(0.,0.,1.));
#1146 = DIRECTION('',(1.,0.,-0.));
#1147 = ORIENTED_EDGE('',*,*,#1148,.F.);
#1148 = EDGE_CURVE('',#1149,#1138,#1151,.T.);
#1149 = VERTEX_POINT('',#1150);
#1150 = CARTESIAN_POINT('',(14.075,-12.7,9.8));
#1151 = LINE('',#1152,#1153);
#1152 = CARTESIAN_POINT('',(14.075,-25.59,9.8));
#1153 = VECTOR('',#1154,1.);
#1154 = DIRECTION('',(-0.,1.,0.));
#1155 = ORIENTED_EDGE('',*,*,#1156,.F.);
#1156 = EDGE_CURVE('',#1157,#1149,#1159,.T.);
#1157 = VERTEX_POINT('',#1158);
#1158 = CARTESIAN_POINT('',(11.325,-12.7,9.8));
#1159 = CIRCLE('',#1160,1.375);
#1160 = AXIS2_PLACEMENT_3D('',#1161,#1162,#1163);
#1161 = CARTESIAN_POINT('',(12.7,-12.7,9.8));
#1162 = DIRECTION('',(0.,0.,1.));
#1163 = DIRECTION('',(1.,0.,-0.));
#1164 = ORIENTED_EDGE('',*,*,#1165,.T.);
#1165 = EDGE_CURVE('',#1157,#1140,#1166,.T.);
#1166 = LINE('',#1167,#1168);
#1167 = CARTESIAN_POINT('',(11.325,-25.59,9.8));
#1168 = VECTOR('',#1169,1.);
#1169 = DIRECTION('',(-0.,1.,0.));
#1170 = FACE_BOUND('',#1171,.T.);
#1171 = EDGE_LOOP('',(#1172));
#1172 = ORIENTED_EDGE('',*,*,#1173,.F.);
#1173 = EDGE_CURVE('',#1174,#1174,#1176,.T.);
#1174 = VERTEX_POINT('',#1175);
#1175 = CARTESIAN_POINT('',(8.995,-7.62,9.8));
#1176 = CIRCLE('',#1177,1.375);
#1177 = AXIS2_PLACEMENT_3D('',#1178,#1179,#1180);
#1178 = CARTESIAN_POINT('',(7.62,-7.62,9.8));
#1179 = DIRECTION('',(0.,0.,1.));
#1180 = DIRECTION('',(1.,0.,-0.));
#1181 = FACE_BOUND('',#1182,.T.);
#1182 = EDGE_LOOP('',(#1183,#1194,#1202,#1210,#1218,#1226,#1235,#1243,
    #1251,#1259,#1267,#1276,#1285,#1293,#1301,#1309,#1317,#1326,#1334,
    #1342,#1350));
#1183 = ORIENTED_EDGE('',*,*,#1184,.F.);
#1184 = EDGE_CURVE('',#1185,#1187,#1189,.T.);
#1185 = VERTEX_POINT('',#1186);
#1186 = CARTESIAN_POINT('',(-7.62,-1.165,9.8));
#1187 = VERTEX_POINT('',#1188);
#1188 = CARTESIAN_POINT('',(-7.62,-3.915,9.8));
#1189 = CIRCLE('',#1190,1.375);
#1190 = AXIS2_PLACEMENT_3D('',#1191,#1192,#1193);
#1191 = CARTESIAN_POINT('',(-7.62,-2.54,9.8));
#1192 = DIRECTION('',(0.,0.,1.));
#1193 = DIRECTION('',(1.,0.,-0.));
#1194 = ORIENTED_EDGE('',*,*,#1195,.F.);
#1195 = EDGE_CURVE('',#1196,#1185,#1198,.T.);
#1196 = VERTEX_POINT('',#1197);
#1197 = CARTESIAN_POINT('',(-4.5,-1.165,9.8));
#1198 = LINE('',#1199,#1200);
#1199 = CARTESIAN_POINT('',(-23.05,-1.165,9.8));
#1200 = VECTOR('',#1201,1.);
#1201 = DIRECTION('',(-1.,-0.,0.));
#1202 = ORIENTED_EDGE('',*,*,#1203,.T.);
#1203 = EDGE_CURVE('',#1196,#1204,#1206,.T.);
#1204 = VERTEX_POINT('',#1205);
#1205 = CARTESIAN_POINT('',(-4.5,4.5,9.8));
#1206 = LINE('',#1207,#1208);
#1207 = CARTESIAN_POINT('',(-4.5,-4.5,9.8));
#1208 = VECTOR('',#1209,1.);
#1209 = DIRECTION('',(-0.,1.,0.));
#1210 = ORIENTED_EDGE('',*,*,#1211,.T.);
#1211 = EDGE_CURVE('',#1204,#1212,#1214,.T.);
#1212 = VERTEX_POINT('',#1213);
#1213 = CARTESIAN_POINT('',(-3.915,4.5,9.8));
#1214 = LINE('',#1215,#1216);
#1215 = CARTESIAN_POINT('',(-4.5,4.5,9.8));
#1216 = VECTOR('',#1217,1.);
#1217 = DIRECTION('',(1.,0.,-0.));
#1218 = ORIENTED_EDGE('',*,*,#1219,.T.);
#1219 = EDGE_CURVE('',#1212,#1220,#1222,.T.);
#1220 = VERTEX_POINT('',#1221);
#1221 = CARTESIAN_POINT('',(-3.915,7.62,9.8));
#1222 = LINE('',#1223,#1224);
#1223 = CARTESIAN_POINT('',(-3.915,-17.97,9.8));
#1224 = VECTOR('',#1225,1.);
#1225 = DIRECTION('',(-0.,1.,0.));
#1226 = ORIENTED_EDGE('',*,*,#1227,.F.);
#1227 = EDGE_CURVE('',#1228,#1220,#1230,.T.);
#1228 = VERTEX_POINT('',#1229);
#1229 = CARTESIAN_POINT('',(-1.165,7.62,9.8));
#1230 = CIRCLE('',#1231,1.375);
#1231 = AXIS2_PLACEMENT_3D('',#1232,#1233,#1234);
#1232 = CARTESIAN_POINT('',(-2.54,7.62,9.8));
#1233 = DIRECTION('',(0.,0.,1.));
#1234 = DIRECTION('',(1.,0.,-0.));
#1235 = ORIENTED_EDGE('',*,*,#1236,.F.);
#1236 = EDGE_CURVE('',#1237,#1228,#1239,.T.);
#1237 = VERTEX_POINT('',#1238);
#1238 = CARTESIAN_POINT('',(-1.165,4.5,9.8));
#1239 = LINE('',#1240,#1241);
#1240 = CARTESIAN_POINT('',(-1.165,-17.97,9.8));
#1241 = VECTOR('',#1242,1.);
#1242 = DIRECTION('',(-0.,1.,0.));
#1243 = ORIENTED_EDGE('',*,*,#1244,.T.);
#1244 = EDGE_CURVE('',#1237,#1245,#1247,.T.);
#1245 = VERTEX_POINT('',#1246);
#1246 = CARTESIAN_POINT('',(4.5,4.5,9.8));
#1247 = LINE('',#1248,#1249);
#1248 = CARTESIAN_POINT('',(-4.5,4.5,9.8));
#1249 = VECTOR('',#1250,1.);
#1250 = DIRECTION('',(1.,0.,-0.));
#1251 = ORIENTED_EDGE('',*,*,#1252,.F.);
#1252 = EDGE_CURVE('',#1253,#1245,#1255,.T.);
#1253 = VERTEX_POINT('',#1254);
#1254 = CARTESIAN_POINT('',(4.5,3.915,9.8));
#1255 = LINE('',#1256,#1257);
#1256 = CARTESIAN_POINT('',(4.5,-4.5,9.8));
#1257 = VECTOR('',#1258,1.);
#1258 = DIRECTION('',(-0.,1.,0.));
#1259 = ORIENTED_EDGE('',*,*,#1260,.F.);
#1260 = EDGE_CURVE('',#1261,#1253,#1263,.T.);
#1261 = VERTEX_POINT('',#1262);
#1262 = CARTESIAN_POINT('',(7.62,3.915,9.8));
#1263 = LINE('',#1264,#1265);
#1264 = CARTESIAN_POINT('',(-17.97,3.915,9.8));
#1265 = VECTOR('',#1266,1.);
#1266 = DIRECTION('',(-1.,-0.,0.));
#1267 = ORIENTED_EDGE('',*,*,#1268,.F.);
#1268 = EDGE_CURVE('',#1269,#1261,#1271,.T.);
#1269 = VERTEX_POINT('',#1270);
#1270 = CARTESIAN_POINT('',(8.995,2.54,9.8));
#1271 = CIRCLE('',#1272,1.375);
#1272 = AXIS2_PLACEMENT_3D('',#1273,#1274,#1275);
#1273 = CARTESIAN_POINT('',(7.62,2.54,9.8));
#1274 = DIRECTION('',(0.,0.,1.));
#1275 = DIRECTION('',(1.,0.,-0.));
#1276 = ORIENTED_EDGE('',*,*,#1277,.F.);
#1277 = EDGE_CURVE('',#1278,#1269,#1280,.T.);
#1278 = VERTEX_POINT('',#1279);
#1279 = CARTESIAN_POINT('',(7.62,1.165,9.8));
#1280 = CIRCLE('',#1281,1.375);
#1281 = AXIS2_PLACEMENT_3D('',#1282,#1283,#1284);
#1282 = CARTESIAN_POINT('',(7.62,2.54,9.8));
#1283 = DIRECTION('',(0.,0.,1.));
#1284 = DIRECTION('',(1.,0.,-0.));
#1285 = ORIENTED_EDGE('',*,*,#1286,.T.);
#1286 = EDGE_CURVE('',#1278,#1287,#1289,.T.);
#1287 = VERTEX_POINT('',#1288);
#1288 = CARTESIAN_POINT('',(4.5,1.165,9.8));
#1289 = LINE('',#1290,#1291);
#1290 = CARTESIAN_POINT('',(-17.97,1.165,9.8));
#1291 = VECTOR('',#1292,1.);
#1292 = DIRECTION('',(-1.,-0.,0.));
#1293 = ORIENTED_EDGE('',*,*,#1294,.F.);
#1294 = EDGE_CURVE('',#1295,#1287,#1297,.T.);
#1295 = VERTEX_POINT('',#1296);
#1296 = CARTESIAN_POINT('',(4.5,-4.5,9.8));
#1297 = LINE('',#1298,#1299);
#1298 = CARTESIAN_POINT('',(4.5,-4.5,9.8));
#1299 = VECTOR('',#1300,1.);
#1300 = DIRECTION('',(-0.,1.,0.));
#1301 = ORIENTED_EDGE('',*,*,#1302,.F.);
#1302 = EDGE_CURVE('',#1303,#1295,#1305,.T.);
#1303 = VERTEX_POINT('',#1304);
#1304 = CARTESIAN_POINT('',(3.915,-4.5,9.8));
#1305 = LINE('',#1306,#1307);
#1306 = CARTESIAN_POINT('',(-4.5,-4.5,9.8));
#1307 = VECTOR('',#1308,1.);
#1308 = DIRECTION('',(1.,0.,-0.));
#1309 = ORIENTED_EDGE('',*,*,#1310,.F.);
#1310 = EDGE_CURVE('',#1311,#1303,#1313,.T.);
#1311 = VERTEX_POINT('',#1312);
#1312 = CARTESIAN_POINT('',(3.915,-7.62,9.8));
#1313 = LINE('',#1314,#1315);
#1314 = CARTESIAN_POINT('',(3.915,-23.05,9.8));
#1315 = VECTOR('',#1316,1.);
#1316 = DIRECTION('',(-0.,1.,0.));
#1317 = ORIENTED_EDGE('',*,*,#1318,.F.);
#1318 = EDGE_CURVE('',#1319,#1311,#1321,.T.);
#1319 = VERTEX_POINT('',#1320);
#1320 = CARTESIAN_POINT('',(1.165,-7.62,9.8));
#1321 = CIRCLE('',#1322,1.375);
#1322 = AXIS2_PLACEMENT_3D('',#1323,#1324,#1325);
#1323 = CARTESIAN_POINT('',(2.54,-7.62,9.8));
#1324 = DIRECTION('',(0.,0.,1.));
#1325 = DIRECTION('',(1.,0.,-0.));
#1326 = ORIENTED_EDGE('',*,*,#1327,.T.);
#1327 = EDGE_CURVE('',#1319,#1328,#1330,.T.);
#1328 = VERTEX_POINT('',#1329);
#1329 = CARTESIAN_POINT('',(1.165,-4.5,9.8));
#1330 = LINE('',#1331,#1332);
#1331 = CARTESIAN_POINT('',(1.165,-23.05,9.8));
#1332 = VECTOR('',#1333,1.);
#1333 = DIRECTION('',(-0.,1.,0.));
#1334 = ORIENTED_EDGE('',*,*,#1335,.F.);
#1335 = EDGE_CURVE('',#1336,#1328,#1338,.T.);
#1336 = VERTEX_POINT('',#1337);
#1337 = CARTESIAN_POINT('',(-4.5,-4.5,9.8));
#1338 = LINE('',#1339,#1340);
#1339 = CARTESIAN_POINT('',(-4.5,-4.5,9.8));
#1340 = VECTOR('',#1341,1.);
#1341 = DIRECTION('',(1.,0.,-0.));
#1342 = ORIENTED_EDGE('',*,*,#1343,.T.);
#1343 = EDGE_CURVE('',#1336,#1344,#1346,.T.);
#1344 = VERTEX_POINT('',#1345);
#1345 = CARTESIAN_POINT('',(-4.5,-3.915,9.8));
#1346 = LINE('',#1347,#1348);
#1347 = CARTESIAN_POINT('',(-4.5,-4.5,9.8));
#1348 = VECTOR('',#1349,1.);
#1349 = DIRECTION('',(-0.,1.,0.));
#1350 = ORIENTED_EDGE('',*,*,#1351,.T.);
#1351 = EDGE_CURVE('',#1344,#1187,#1352,.T.);
#1352 = LINE('',#1353,#1354);
#1353 = CARTESIAN_POINT('',(-23.05,-3.915,9.8));
#1354 = VECTOR('',#1355,1.);
#1355 = DIRECTION('',(-1.,-0.,0.));
#1356 = FACE_BOUND('',#1357,.T.);
#1357 = EDGE_LOOP('',(#1358,#1369,#1377,#1386));
#1358 = ORIENTED_EDGE('',*,*,#1359,.F.);
#1359 = EDGE_CURVE('',#1360,#1362,#1364,.T.);
#1360 = VERTEX_POINT('',#1361);
#1361 = CARTESIAN_POINT('',(19.155,-2.54,9.8));
#1362 = VERTEX_POINT('',#1363);
#1363 = CARTESIAN_POINT('',(16.405,-2.54,9.8));
#1364 = CIRCLE('',#1365,1.375);
#1365 = AXIS2_PLACEMENT_3D('',#1366,#1367,#1368);
#1366 = CARTESIAN_POINT('',(17.78,-2.54,9.8));
#1367 = DIRECTION('',(0.,0.,1.));
#1368 = DIRECTION('',(1.,0.,-0.));
#1369 = ORIENTED_EDGE('',*,*,#1370,.F.);
#1370 = EDGE_CURVE('',#1371,#1360,#1373,.T.);
#1371 = VERTEX_POINT('',#1372);
#1372 = CARTESIAN_POINT('',(19.155,-7.62,9.8));
#1373 = LINE('',#1374,#1375);
#1374 = CARTESIAN_POINT('',(19.155,-23.05,9.8));
#1375 = VECTOR('',#1376,1.);
#1376 = DIRECTION('',(-0.,1.,0.));
#1377 = ORIENTED_EDGE('',*,*,#1378,.F.);
#1378 = EDGE_CURVE('',#1379,#1371,#1381,.T.);
#1379 = VERTEX_POINT('',#1380);
#1380 = CARTESIAN_POINT('',(16.405,-7.62,9.8));
#1381 = CIRCLE('',#1382,1.375);
#1382 = AXIS2_PLACEMENT_3D('',#1383,#1384,#1385);
#1383 = CARTESIAN_POINT('',(17.78,-7.62,9.8));
#1384 = DIRECTION('',(0.,0.,1.));
#1385 = DIRECTION('',(1.,0.,-0.));
#1386 = ORIENTED_EDGE('',*,*,#1387,.T.);
#1387 = EDGE_CURVE('',#1379,#1362,#1388,.T.);
#1388 = LINE('',#1389,#1390);
#1389 = CARTESIAN_POINT('',(16.405,-23.05,9.8));
#1390 = VECTOR('',#1391,1.);
#1391 = DIRECTION('',(-0.,1.,0.));
#1392 = FACE_BOUND('',#1393,.T.);
#1393 = EDGE_LOOP('',(#1394,#1405,#1413,#1422,#1431));
#1394 = ORIENTED_EDGE('',*,*,#1395,.F.);
#1395 = EDGE_CURVE('',#1396,#1398,#1400,.T.);
#1396 = VERTEX_POINT('',#1397);
#1397 = CARTESIAN_POINT('',(7.62,-1.165,9.8));
#1398 = VERTEX_POINT('',#1399);
#1399 = CARTESIAN_POINT('',(7.62,-3.915,9.8));
#1400 = CIRCLE('',#1401,1.375);
#1401 = AXIS2_PLACEMENT_3D('',#1402,#1403,#1404);
#1402 = CARTESIAN_POINT('',(7.62,-2.54,9.8));
#1403 = DIRECTION('',(0.,0.,1.));
#1404 = DIRECTION('',(1.,0.,-0.));
#1405 = ORIENTED_EDGE('',*,*,#1406,.F.);
#1406 = EDGE_CURVE('',#1407,#1396,#1409,.T.);
#1407 = VERTEX_POINT('',#1408);
#1408 = CARTESIAN_POINT('',(12.7,-1.165,9.8));
#1409 = LINE('',#1410,#1411);
#1410 = CARTESIAN_POINT('',(-15.43,-1.165,9.8));
#1411 = VECTOR('',#1412,1.);
#1412 = DIRECTION('',(-1.,-0.,0.));
#1413 = ORIENTED_EDGE('',*,*,#1414,.F.);
#1414 = EDGE_CURVE('',#1415,#1407,#1417,.T.);
#1415 = VERTEX_POINT('',#1416);
#1416 = CARTESIAN_POINT('',(14.075,-2.54,9.8));
#1417 = CIRCLE('',#1418,1.375);
#1418 = AXIS2_PLACEMENT_3D('',#1419,#1420,#1421);
#1419 = CARTESIAN_POINT('',(12.7,-2.54,9.8));
#1420 = DIRECTION('',(0.,0.,1.));
#1421 = DIRECTION('',(1.,0.,-0.));
#1422 = ORIENTED_EDGE('',*,*,#1423,.F.);
#1423 = EDGE_CURVE('',#1424,#1415,#1426,.T.);
#1424 = VERTEX_POINT('',#1425);
#1425 = CARTESIAN_POINT('',(12.7,-3.915,9.8));
#1426 = CIRCLE('',#1427,1.375);
#1427 = AXIS2_PLACEMENT_3D('',#1428,#1429,#1430);
#1428 = CARTESIAN_POINT('',(12.7,-2.54,9.8));
#1429 = DIRECTION('',(0.,0.,1.));
#1430 = DIRECTION('',(1.,0.,-0.));
#1431 = ORIENTED_EDGE('',*,*,#1432,.T.);
#1432 = EDGE_CURVE('',#1424,#1398,#1433,.T.);
#1433 = LINE('',#1434,#1435);
#1434 = CARTESIAN_POINT('',(-15.43,-3.915,9.8));
#1435 = VECTOR('',#1436,1.);
#1436 = DIRECTION('',(-1.,-0.,0.));
#1437 = FACE_BOUND('',#1438,.T.);
#1438 = EDGE_LOOP('',(#1439,#1450,#1458,#1467,#1476));
#1439 = ORIENTED_EDGE('',*,*,#1440,.F.);
#1440 = EDGE_CURVE('',#1441,#1443,#1445,.T.);
#1441 = VERTEX_POINT('',#1442);
#1442 = CARTESIAN_POINT('',(22.86,-16.405,9.8));
#1443 = VERTEX_POINT('',#1444);
#1444 = CARTESIAN_POINT('',(22.86,-19.155,9.8));
#1445 = CIRCLE('',#1446,1.375);
#1446 = AXIS2_PLACEMENT_3D('',#1447,#1448,#1449);
#1447 = CARTESIAN_POINT('',(22.86,-17.78,9.8));
#1448 = DIRECTION('',(0.,0.,1.));
#1449 = DIRECTION('',(1.,0.,-0.));
#1450 = ORIENTED_EDGE('',*,*,#1451,.F.);
#1451 = EDGE_CURVE('',#1452,#1441,#1454,.T.);
#1452 = VERTEX_POINT('',#1453);
#1453 = CARTESIAN_POINT('',(27.94,-16.405,9.8));
#1454 = LINE('',#1455,#1456);
#1455 = CARTESIAN_POINT('',(-7.81,-16.405,9.8));
#1456 = VECTOR('',#1457,1.);
#1457 = DIRECTION('',(-1.,-0.,0.));
#1458 = ORIENTED_EDGE('',*,*,#1459,.F.);
#1459 = EDGE_CURVE('',#1460,#1452,#1462,.T.);
#1460 = VERTEX_POINT('',#1461);
#1461 = CARTESIAN_POINT('',(29.315,-17.78,9.8));
#1462 = CIRCLE('',#1463,1.375);
#1463 = AXIS2_PLACEMENT_3D('',#1464,#1465,#1466);
#1464 = CARTESIAN_POINT('',(27.94,-17.78,9.8));
#1465 = DIRECTION('',(0.,0.,1.));
#1466 = DIRECTION('',(1.,0.,-0.));
#1467 = ORIENTED_EDGE('',*,*,#1468,.F.);
#1468 = EDGE_CURVE('',#1469,#1460,#1471,.T.);
#1469 = VERTEX_POINT('',#1470);
#1470 = CARTESIAN_POINT('',(27.94,-19.155,9.8));
#1471 = CIRCLE('',#1472,1.375);
#1472 = AXIS2_PLACEMENT_3D('',#1473,#1474,#1475);
#1473 = CARTESIAN_POINT('',(27.94,-17.78,9.8));
#1474 = DIRECTION('',(0.,0.,1.));
#1475 = DIRECTION('',(1.,0.,-0.));
#1476 = ORIENTED_EDGE('',*,*,#1477,.T.);
#1477 = EDGE_CURVE('',#1469,#1443,#1478,.T.);
#1478 = LINE('',#1479,#1480);
#1479 = CARTESIAN_POINT('',(-7.81,-19.155,9.8));
#1480 = VECTOR('',#1481,1.);
#1481 = DIRECTION('',(-1.,-0.,0.));
#1482 = FACE_BOUND('',#1483,.T.);
#1483 = EDGE_LOOP('',(#1484,#1495,#1503,#1512,#1521));
#1484 = ORIENTED_EDGE('',*,*,#1485,.F.);
#1485 = EDGE_CURVE('',#1486,#1488,#1490,.T.);
#1486 = VERTEX_POINT('',#1487);
#1487 = CARTESIAN_POINT('',(17.78,-11.325,9.8));
#1488 = VERTEX_POINT('',#1489);
#1489 = CARTESIAN_POINT('',(17.78,-14.075,9.8));
#1490 = CIRCLE('',#1491,1.375);
#1491 = AXIS2_PLACEMENT_3D('',#1492,#1493,#1494);
#1492 = CARTESIAN_POINT('',(17.78,-12.7,9.8));
#1493 = DIRECTION('',(0.,0.,1.));
#1494 = DIRECTION('',(1.,0.,-0.));
#1495 = ORIENTED_EDGE('',*,*,#1496,.F.);
#1496 = EDGE_CURVE('',#1497,#1486,#1499,.T.);
#1497 = VERTEX_POINT('',#1498);
#1498 = CARTESIAN_POINT('',(22.86,-11.325,9.8));
#1499 = LINE('',#1500,#1501);
#1500 = CARTESIAN_POINT('',(-10.35,-11.325,9.8));
#1501 = VECTOR('',#1502,1.);
#1502 = DIRECTION('',(-1.,-0.,0.));
#1503 = ORIENTED_EDGE('',*,*,#1504,.F.);
#1504 = EDGE_CURVE('',#1505,#1497,#1507,.T.);
#1505 = VERTEX_POINT('',#1506);
#1506 = CARTESIAN_POINT('',(24.235,-12.7,9.8));
#1507 = CIRCLE('',#1508,1.375);
#1508 = AXIS2_PLACEMENT_3D('',#1509,#1510,#1511);
#1509 = CARTESIAN_POINT('',(22.86,-12.7,9.8));
#1510 = DIRECTION('',(0.,0.,1.));
#1511 = DIRECTION('',(1.,0.,-0.));
#1512 = ORIENTED_EDGE('',*,*,#1513,.F.);
#1513 = EDGE_CURVE('',#1514,#1505,#1516,.T.);
#1514 = VERTEX_POINT('',#1515);
#1515 = CARTESIAN_POINT('',(22.86,-14.075,9.8));
#1516 = CIRCLE('',#1517,1.375);
#1517 = AXIS2_PLACEMENT_3D('',#1518,#1519,#1520);
#1518 = CARTESIAN_POINT('',(22.86,-12.7,9.8));
#1519 = DIRECTION('',(0.,0.,1.));
#1520 = DIRECTION('',(1.,0.,-0.));
#1521 = ORIENTED_EDGE('',*,*,#1522,.T.);
#1522 = EDGE_CURVE('',#1514,#1488,#1523,.T.);
#1523 = LINE('',#1524,#1525);
#1524 = CARTESIAN_POINT('',(-10.35,-14.075,9.8));
#1525 = VECTOR('',#1526,1.);
#1526 = DIRECTION('',(-1.,-0.,0.));
#1527 = FACE_BOUND('',#1528,.T.);
#1528 = EDGE_LOOP('',(#1529,#1540,#1548,#1557));
#1529 = ORIENTED_EDGE('',*,*,#1530,.F.);
#1530 = EDGE_CURVE('',#1531,#1533,#1535,.T.);
#1531 = VERTEX_POINT('',#1532);
#1532 = CARTESIAN_POINT('',(29.315,-7.62,9.8));
#1533 = VERTEX_POINT('',#1534);
#1534 = CARTESIAN_POINT('',(26.565,-7.62,9.8));
#1535 = CIRCLE('',#1536,1.375);
#1536 = AXIS2_PLACEMENT_3D('',#1537,#1538,#1539);
#1537 = CARTESIAN_POINT('',(27.94,-7.62,9.8));
#1538 = DIRECTION('',(0.,0.,1.));
#1539 = DIRECTION('',(1.,0.,-0.));
#1540 = ORIENTED_EDGE('',*,*,#1541,.F.);
#1541 = EDGE_CURVE('',#1542,#1531,#1544,.T.);
#1542 = VERTEX_POINT('',#1543);
#1543 = CARTESIAN_POINT('',(29.315,-12.7,9.8));
#1544 = LINE('',#1545,#1546);
#1545 = CARTESIAN_POINT('',(29.315,-25.59,9.8));
#1546 = VECTOR('',#1547,1.);
#1547 = DIRECTION('',(-0.,1.,0.));
#1548 = ORIENTED_EDGE('',*,*,#1549,.F.);
#1549 = EDGE_CURVE('',#1550,#1542,#1552,.T.);
#1550 = VERTEX_POINT('',#1551);
#1551 = CARTESIAN_POINT('',(26.565,-12.7,9.8));
#1552 = CIRCLE('',#1553,1.375);
#1553 = AXIS2_PLACEMENT_3D('',#1554,#1555,#1556);
#1554 = CARTESIAN_POINT('',(27.94,-12.7,9.8));
#1555 = DIRECTION('',(0.,0.,1.));
#1556 = DIRECTION('',(1.,0.,-0.));
#1557 = ORIENTED_EDGE('',*,*,#1558,.T.);
#1558 = EDGE_CURVE('',#1550,#1533,#1559,.T.);
#1559 = LINE('',#1560,#1561);
#1560 = CARTESIAN_POINT('',(26.565,-25.59,9.8));
#1561 = VECTOR('',#1562,1.);
#1562 = DIRECTION('',(-0.,1.,0.));
#1563 = FACE_BOUND('',#1564,.T.);
#1564 = EDGE_LOOP('',(#1565));
#1565 = ORIENTED_EDGE('',*,*,#1566,.F.);
#1566 = EDGE_CURVE('',#1567,#1567,#1569,.T.);
#1567 = VERTEX_POINT('',#1568);
#1568 = CARTESIAN_POINT('',(24.235,-7.62,9.8));
#1569 = CIRCLE('',#1570,1.375);
#1570 = AXIS2_PLACEMENT_3D('',#1571,#1572,#1573);
#1571 = CARTESIAN_POINT('',(22.86,-7.62,9.8));
#1572 = DIRECTION('',(0.,0.,1.));
#1573 = DIRECTION('',(1.,0.,-0.));
#1574 = FACE_BOUND('',#1575,.T.);
#1575 = EDGE_LOOP('',(#1576,#1587,#1595,#1604,#1613));
#1576 = ORIENTED_EDGE('',*,*,#1577,.F.);
#1577 = EDGE_CURVE('',#1578,#1580,#1582,.T.);
#1578 = VERTEX_POINT('',#1579);
#1579 = CARTESIAN_POINT('',(22.86,-1.165,9.8));
#1580 = VERTEX_POINT('',#1581);
#1581 = CARTESIAN_POINT('',(22.86,-3.915,9.8));
#1582 = CIRCLE('',#1583,1.375);
#1583 = AXIS2_PLACEMENT_3D('',#1584,#1585,#1586);
#1584 = CARTESIAN_POINT('',(22.86,-2.54,9.8));
#1585 = DIRECTION('',(0.,0.,1.));
#1586 = DIRECTION('',(1.,0.,-0.));
#1587 = ORIENTED_EDGE('',*,*,#1588,.F.);
#1588 = EDGE_CURVE('',#1589,#1578,#1591,.T.);
#1589 = VERTEX_POINT('',#1590);
#1590 = CARTESIAN_POINT('',(27.94,-1.165,9.8));
#1591 = LINE('',#1592,#1593);
#1592 = CARTESIAN_POINT('',(-7.81,-1.165,9.8));
#1593 = VECTOR('',#1594,1.);
#1594 = DIRECTION('',(-1.,-0.,0.));
#1595 = ORIENTED_EDGE('',*,*,#1596,.F.);
#1596 = EDGE_CURVE('',#1597,#1589,#1599,.T.);
#1597 = VERTEX_POINT('',#1598);
#1598 = CARTESIAN_POINT('',(29.315,-2.54,9.8));
#1599 = CIRCLE('',#1600,1.375);
#1600 = AXIS2_PLACEMENT_3D('',#1601,#1602,#1603);
#1601 = CARTESIAN_POINT('',(27.94,-2.54,9.8));
#1602 = DIRECTION('',(0.,0.,1.));
#1603 = DIRECTION('',(1.,0.,-0.));
#1604 = ORIENTED_EDGE('',*,*,#1605,.F.);
#1605 = EDGE_CURVE('',#1606,#1597,#1608,.T.);
#1606 = VERTEX_POINT('',#1607);
#1607 = CARTESIAN_POINT('',(27.94,-3.915,9.8));
#1608 = CIRCLE('',#1609,1.375);
#1609 = AXIS2_PLACEMENT_3D('',#1610,#1611,#1612);
#1610 = CARTESIAN_POINT('',(27.94,-2.54,9.8));
#1611 = DIRECTION('',(0.,0.,1.));
#1612 = DIRECTION('',(1.,0.,-0.));
#1613 = ORIENTED_EDGE('',*,*,#1614,.T.);
#1614 = EDGE_CURVE('',#1606,#1580,#1615,.T.);
#1615 = LINE('',#1616,#1617);
#1616 = CARTESIAN_POINT('',(-7.81,-3.915,9.8));
#1617 = VECTOR('',#1618,1.);
#1618 = DIRECTION('',(-1.,-0.,0.));
#1619 = FACE_BOUND('',#1620,.T.);
#1620 = EDGE_LOOP('',(#1621,#1632,#1640,#1649,#1658));
#1621 = ORIENTED_EDGE('',*,*,#1622,.F.);
#1622 = EDGE_CURVE('',#1623,#1625,#1627,.T.);
#1623 = VERTEX_POINT('',#1624);
#1624 = CARTESIAN_POINT('',(-27.94,3.915,9.8));
#1625 = VERTEX_POINT('',#1626);
#1626 = CARTESIAN_POINT('',(-27.94,1.165,9.8));
#1627 = CIRCLE('',#1628,1.375);
#1628 = AXIS2_PLACEMENT_3D('',#1629,#1630,#1631);
#1629 = CARTESIAN_POINT('',(-27.94,2.54,9.8));
#1630 = DIRECTION('',(0.,0.,1.));
#1631 = DIRECTION('',(1.,0.,-0.));
#1632 = ORIENTED_EDGE('',*,*,#1633,.F.);
#1633 = EDGE_CURVE('',#1634,#1623,#1636,.T.);
#1634 = VERTEX_POINT('',#1635);
#1635 = CARTESIAN_POINT('',(-22.86,3.915,9.8));
#1636 = LINE('',#1637,#1638);
#1637 = CARTESIAN_POINT('',(-33.21,3.915,9.8));
#1638 = VECTOR('',#1639,1.);
#1639 = DIRECTION('',(-1.,-0.,0.));
#1640 = ORIENTED_EDGE('',*,*,#1641,.F.);
#1641 = EDGE_CURVE('',#1642,#1634,#1644,.T.);
#1642 = VERTEX_POINT('',#1643);
#1643 = CARTESIAN_POINT('',(-21.485,2.54,9.8));
#1644 = CIRCLE('',#1645,1.375);
#1645 = AXIS2_PLACEMENT_3D('',#1646,#1647,#1648);
#1646 = CARTESIAN_POINT('',(-22.86,2.54,9.8));
#1647 = DIRECTION('',(0.,0.,1.));
#1648 = DIRECTION('',(1.,0.,-0.));
#1649 = ORIENTED_EDGE('',*,*,#1650,.F.);
#1650 = EDGE_CURVE('',#1651,#1642,#1653,.T.);
#1651 = VERTEX_POINT('',#1652);
#1652 = CARTESIAN_POINT('',(-22.86,1.165,9.8));
#1653 = CIRCLE('',#1654,1.375);
#1654 = AXIS2_PLACEMENT_3D('',#1655,#1656,#1657);
#1655 = CARTESIAN_POINT('',(-22.86,2.54,9.8));
#1656 = DIRECTION('',(0.,0.,1.));
#1657 = DIRECTION('',(1.,0.,-0.));
#1658 = ORIENTED_EDGE('',*,*,#1659,.T.);
#1659 = EDGE_CURVE('',#1651,#1625,#1660,.T.);
#1660 = LINE('',#1661,#1662);
#1661 = CARTESIAN_POINT('',(-33.21,1.165,9.8));
#1662 = VECTOR('',#1663,1.);
#1663 = DIRECTION('',(-1.,-0.,0.));
#1664 = FACE_BOUND('',#1665,.T.);
#1665 = EDGE_LOOP('',(#1666));
#1666 = ORIENTED_EDGE('',*,*,#1667,.F.);
#1667 = EDGE_CURVE('',#1668,#1668,#1670,.T.);
#1668 = VERTEX_POINT('',#1669);
#1669 = CARTESIAN_POINT('',(-21.485,7.62,9.8));
#1670 = CIRCLE('',#1671,1.375);
#1671 = AXIS2_PLACEMENT_3D('',#1672,#1673,#1674);
#1672 = CARTESIAN_POINT('',(-22.86,7.62,9.8));
#1673 = DIRECTION('',(0.,0.,1.));
#1674 = DIRECTION('',(1.,0.,-0.));
#1675 = FACE_BOUND('',#1676,.T.);
#1676 = EDGE_LOOP('',(#1677,#1688,#1696,#1705));
#1677 = ORIENTED_EDGE('',*,*,#1678,.F.);
#1678 = EDGE_CURVE('',#1679,#1681,#1683,.T.);
#1679 = VERTEX_POINT('',#1680);
#1680 = CARTESIAN_POINT('',(-26.565,12.7,9.8));
#1681 = VERTEX_POINT('',#1682);
#1682 = CARTESIAN_POINT('',(-29.315,12.7,9.8));
#1683 = CIRCLE('',#1684,1.375);
#1684 = AXIS2_PLACEMENT_3D('',#1685,#1686,#1687);
#1685 = CARTESIAN_POINT('',(-27.94,12.7,9.8));
#1686 = DIRECTION('',(0.,0.,1.));
#1687 = DIRECTION('',(1.,0.,-0.));
#1688 = ORIENTED_EDGE('',*,*,#1689,.F.);
#1689 = EDGE_CURVE('',#1690,#1679,#1692,.T.);
#1690 = VERTEX_POINT('',#1691);
#1691 = CARTESIAN_POINT('',(-26.565,7.62,9.8));
#1692 = LINE('',#1693,#1694);
#1693 = CARTESIAN_POINT('',(-26.565,-15.43,9.8));
#1694 = VECTOR('',#1695,1.);
#1695 = DIRECTION('',(-0.,1.,0.));
#1696 = ORIENTED_EDGE('',*,*,#1697,.F.);
#1697 = EDGE_CURVE('',#1698,#1690,#1700,.T.);
#1698 = VERTEX_POINT('',#1699);
#1699 = CARTESIAN_POINT('',(-29.315,7.62,9.8));
#1700 = CIRCLE('',#1701,1.375);
#1701 = AXIS2_PLACEMENT_3D('',#1702,#1703,#1704);
#1702 = CARTESIAN_POINT('',(-27.94,7.62,9.8));
#1703 = DIRECTION('',(0.,0.,1.));
#1704 = DIRECTION('',(1.,0.,-0.));
#1705 = ORIENTED_EDGE('',*,*,#1706,.T.);
#1706 = EDGE_CURVE('',#1698,#1681,#1707,.T.);
#1707 = LINE('',#1708,#1709);
#1708 = CARTESIAN_POINT('',(-29.315,-15.43,9.8));
#1709 = VECTOR('',#1710,1.);
#1710 = DIRECTION('',(-0.,1.,0.));
#1711 = FACE_BOUND('',#1712,.T.);
#1712 = EDGE_LOOP('',(#1713,#1724,#1732,#1741,#1750));
#1713 = ORIENTED_EDGE('',*,*,#1714,.F.);
#1714 = EDGE_CURVE('',#1715,#1717,#1719,.T.);
#1715 = VERTEX_POINT('',#1716);
#1716 = CARTESIAN_POINT('',(-22.86,14.075,9.8));
#1717 = VERTEX_POINT('',#1718);
#1718 = CARTESIAN_POINT('',(-22.86,11.325,9.8));
#1719 = CIRCLE('',#1720,1.375);
#1720 = AXIS2_PLACEMENT_3D('',#1721,#1722,#1723);
#1721 = CARTESIAN_POINT('',(-22.86,12.7,9.8));
#1722 = DIRECTION('',(0.,0.,1.));
#1723 = DIRECTION('',(1.,0.,-0.));
#1724 = ORIENTED_EDGE('',*,*,#1725,.F.);
#1725 = EDGE_CURVE('',#1726,#1715,#1728,.T.);
#1726 = VERTEX_POINT('',#1727);
#1727 = CARTESIAN_POINT('',(-17.78,14.075,9.8));
#1728 = LINE('',#1729,#1730);
#1729 = CARTESIAN_POINT('',(-30.67,14.075,9.8));
#1730 = VECTOR('',#1731,1.);
#1731 = DIRECTION('',(-1.,-0.,0.));
#1732 = ORIENTED_EDGE('',*,*,#1733,.F.);
#1733 = EDGE_CURVE('',#1734,#1726,#1736,.T.);
#1734 = VERTEX_POINT('',#1735);
#1735 = CARTESIAN_POINT('',(-16.405,12.7,9.8));
#1736 = CIRCLE('',#1737,1.375);
#1737 = AXIS2_PLACEMENT_3D('',#1738,#1739,#1740);
#1738 = CARTESIAN_POINT('',(-17.78,12.7,9.8));
#1739 = DIRECTION('',(0.,0.,1.));
#1740 = DIRECTION('',(1.,0.,-0.));
#1741 = ORIENTED_EDGE('',*,*,#1742,.F.);
#1742 = EDGE_CURVE('',#1743,#1734,#1745,.T.);
#1743 = VERTEX_POINT('',#1744);
#1744 = CARTESIAN_POINT('',(-17.78,11.325,9.8));
#1745 = CIRCLE('',#1746,1.375);
#1746 = AXIS2_PLACEMENT_3D('',#1747,#1748,#1749);
#1747 = CARTESIAN_POINT('',(-17.78,12.7,9.8));
#1748 = DIRECTION('',(0.,0.,1.));
#1749 = DIRECTION('',(1.,0.,-0.));
#1750 = ORIENTED_EDGE('',*,*,#1751,.T.);
#1751 = EDGE_CURVE('',#1743,#1717,#1752,.T.);
#1752 = LINE('',#1753,#1754);
#1753 = CARTESIAN_POINT('',(-30.67,11.325,9.8));
#1754 = VECTOR('',#1755,1.);
#1755 = DIRECTION('',(-1.,-0.,0.));
#1756 = FACE_BOUND('',#1757,.T.);
#1757 = EDGE_LOOP('',(#1758,#1769,#1777,#1786,#1795));
#1758 = ORIENTED_EDGE('',*,*,#1759,.F.);
#1759 = EDGE_CURVE('',#1760,#1762,#1764,.T.);
#1760 = VERTEX_POINT('',#1761);
#1761 = CARTESIAN_POINT('',(-27.94,19.155,9.8));
#1762 = VERTEX_POINT('',#1763);
#1763 = CARTESIAN_POINT('',(-27.94,16.405,9.8));
#1764 = CIRCLE('',#1765,1.375);
#1765 = AXIS2_PLACEMENT_3D('',#1766,#1767,#1768);
#1766 = CARTESIAN_POINT('',(-27.94,17.78,9.8));
#1767 = DIRECTION('',(0.,0.,1.));
#1768 = DIRECTION('',(1.,0.,-0.));
#1769 = ORIENTED_EDGE('',*,*,#1770,.F.);
#1770 = EDGE_CURVE('',#1771,#1760,#1773,.T.);
#1771 = VERTEX_POINT('',#1772);
#1772 = CARTESIAN_POINT('',(-22.86,19.155,9.8));
#1773 = LINE('',#1774,#1775);
#1774 = CARTESIAN_POINT('',(-33.21,19.155,9.8));
#1775 = VECTOR('',#1776,1.);
#1776 = DIRECTION('',(-1.,-0.,0.));
#1777 = ORIENTED_EDGE('',*,*,#1778,.F.);
#1778 = EDGE_CURVE('',#1779,#1771,#1781,.T.);
#1779 = VERTEX_POINT('',#1780);
#1780 = CARTESIAN_POINT('',(-21.485,17.78,9.8));
#1781 = CIRCLE('',#1782,1.375);
#1782 = AXIS2_PLACEMENT_3D('',#1783,#1784,#1785);
#1783 = CARTESIAN_POINT('',(-22.86,17.78,9.8));
#1784 = DIRECTION('',(0.,0.,1.));
#1785 = DIRECTION('',(1.,0.,-0.));
#1786 = ORIENTED_EDGE('',*,*,#1787,.F.);
#1787 = EDGE_CURVE('',#1788,#1779,#1790,.T.);
#1788 = VERTEX_POINT('',#1789);
#1789 = CARTESIAN_POINT('',(-22.86,16.405,9.8));
#1790 = CIRCLE('',#1791,1.375);
#1791 = AXIS2_PLACEMENT_3D('',#1792,#1793,#1794);
#1792 = CARTESIAN_POINT('',(-22.86,17.78,9.8));
#1793 = DIRECTION('',(0.,0.,1.));
#1794 = DIRECTION('',(1.,0.,-0.));
#1795 = ORIENTED_EDGE('',*,*,#1796,.T.);
#1796 = EDGE_CURVE('',#1788,#1762,#1797,.T.);
#1797 = LINE('',#1798,#1799);
#1798 = CARTESIAN_POINT('',(-33.21,16.405,9.8));
#1799 = VECTOR('',#1800,1.);
#1800 = DIRECTION('',(-1.,-0.,0.));
#1801 = FACE_BOUND('',#1802,.T.);
#1802 = EDGE_LOOP('',(#1803,#1814,#1822,#1831,#1840));
#1803 = ORIENTED_EDGE('',*,*,#1804,.F.);
#1804 = EDGE_CURVE('',#1805,#1807,#1809,.T.);
#1805 = VERTEX_POINT('',#1806);
#1806 = CARTESIAN_POINT('',(-12.7,3.915,9.8));
#1807 = VERTEX_POINT('',#1808);
#1808 = CARTESIAN_POINT('',(-12.7,1.165,9.8));
#1809 = CIRCLE('',#1810,1.375);
#1810 = AXIS2_PLACEMENT_3D('',#1811,#1812,#1813);
#1811 = CARTESIAN_POINT('',(-12.7,2.54,9.8));
#1812 = DIRECTION('',(0.,0.,1.));
#1813 = DIRECTION('',(1.,0.,-0.));
#1814 = ORIENTED_EDGE('',*,*,#1815,.F.);
#1815 = EDGE_CURVE('',#1816,#1805,#1818,.T.);
#1816 = VERTEX_POINT('',#1817);
#1817 = CARTESIAN_POINT('',(-7.62,3.915,9.8));
#1818 = LINE('',#1819,#1820);
#1819 = CARTESIAN_POINT('',(-25.59,3.915,9.8));
#1820 = VECTOR('',#1821,1.);
#1821 = DIRECTION('',(-1.,-0.,0.));
#1822 = ORIENTED_EDGE('',*,*,#1823,.F.);
#1823 = EDGE_CURVE('',#1824,#1816,#1826,.T.);
#1824 = VERTEX_POINT('',#1825);
#1825 = CARTESIAN_POINT('',(-6.245,2.54,9.8));
#1826 = CIRCLE('',#1827,1.375);
#1827 = AXIS2_PLACEMENT_3D('',#1828,#1829,#1830);
#1828 = CARTESIAN_POINT('',(-7.62,2.54,9.8));
#1829 = DIRECTION('',(0.,0.,1.));
#1830 = DIRECTION('',(1.,0.,-0.));
#1831 = ORIENTED_EDGE('',*,*,#1832,.F.);
#1832 = EDGE_CURVE('',#1833,#1824,#1835,.T.);
#1833 = VERTEX_POINT('',#1834);
#1834 = CARTESIAN_POINT('',(-7.62,1.165,9.8));
#1835 = CIRCLE('',#1836,1.375);
#1836 = AXIS2_PLACEMENT_3D('',#1837,#1838,#1839);
#1837 = CARTESIAN_POINT('',(-7.62,2.54,9.8));
#1838 = DIRECTION('',(0.,0.,1.));
#1839 = DIRECTION('',(1.,0.,-0.));
#1840 = ORIENTED_EDGE('',*,*,#1841,.T.);
#1841 = EDGE_CURVE('',#1833,#1807,#1842,.T.);
#1842 = LINE('',#1843,#1844);
#1843 = CARTESIAN_POINT('',(-25.59,1.165,9.8));
#1844 = VECTOR('',#1845,1.);
#1845 = DIRECTION('',(-1.,-0.,0.));
#1846 = FACE_BOUND('',#1847,.T.);
#1847 = EDGE_LOOP('',(#1848,#1859,#1867,#1876));
#1848 = ORIENTED_EDGE('',*,*,#1849,.F.);
#1849 = EDGE_CURVE('',#1850,#1852,#1854,.T.);
#1850 = VERTEX_POINT('',#1851);
#1851 = CARTESIAN_POINT('',(-16.405,7.62,9.8));
#1852 = VERTEX_POINT('',#1853);
#1853 = CARTESIAN_POINT('',(-19.155,7.62,9.8));
#1854 = CIRCLE('',#1855,1.375);
#1855 = AXIS2_PLACEMENT_3D('',#1856,#1857,#1858);
#1856 = CARTESIAN_POINT('',(-17.78,7.62,9.8));
#1857 = DIRECTION('',(0.,0.,1.));
#1858 = DIRECTION('',(1.,0.,-0.));
#1859 = ORIENTED_EDGE('',*,*,#1860,.F.);
#1860 = EDGE_CURVE('',#1861,#1850,#1863,.T.);
#1861 = VERTEX_POINT('',#1862);
#1862 = CARTESIAN_POINT('',(-16.405,2.54,9.8));
#1863 = LINE('',#1864,#1865);
#1864 = CARTESIAN_POINT('',(-16.405,-17.97,9.8));
#1865 = VECTOR('',#1866,1.);
#1866 = DIRECTION('',(-0.,1.,0.));
#1867 = ORIENTED_EDGE('',*,*,#1868,.F.);
#1868 = EDGE_CURVE('',#1869,#1861,#1871,.T.);
#1869 = VERTEX_POINT('',#1870);
#1870 = CARTESIAN_POINT('',(-19.155,2.54,9.8));
#1871 = CIRCLE('',#1872,1.375);
#1872 = AXIS2_PLACEMENT_3D('',#1873,#1874,#1875);
#1873 = CARTESIAN_POINT('',(-17.78,2.54,9.8));
#1874 = DIRECTION('',(0.,0.,1.));
#1875 = DIRECTION('',(1.,0.,-0.));
#1876 = ORIENTED_EDGE('',*,*,#1877,.T.);
#1877 = EDGE_CURVE('',#1869,#1852,#1878,.T.);
#1878 = LINE('',#1879,#1880);
#1879 = CARTESIAN_POINT('',(-19.155,-17.97,9.8));
#1880 = VECTOR('',#1881,1.);
#1881 = DIRECTION('',(-0.,1.,0.));
#1882 = FACE_BOUND('',#1883,.T.);
#1883 = EDGE_LOOP('',(#1884));
#1884 = ORIENTED_EDGE('',*,*,#1885,.F.);
#1885 = EDGE_CURVE('',#1886,#1886,#1888,.T.);
#1886 = VERTEX_POINT('',#1887);
#1887 = CARTESIAN_POINT('',(-6.245,7.62,9.8));
#1888 = CIRCLE('',#1889,1.375);
#1889 = AXIS2_PLACEMENT_3D('',#1890,#1891,#1892);
#1890 = CARTESIAN_POINT('',(-7.62,7.62,9.8));
#1891 = DIRECTION('',(0.,0.,1.));
#1892 = DIRECTION('',(1.,0.,-0.));
#1893 = FACE_BOUND('',#1894,.T.);
#1894 = EDGE_LOOP('',(#1895,#1906,#1914,#1923));
#1895 = ORIENTED_EDGE('',*,*,#1896,.F.);
#1896 = EDGE_CURVE('',#1897,#1899,#1901,.T.);
#1897 = VERTEX_POINT('',#1898);
#1898 = CARTESIAN_POINT('',(-11.325,12.7,9.8));
#1899 = VERTEX_POINT('',#1900);
#1900 = CARTESIAN_POINT('',(-14.075,12.7,9.8));
#1901 = CIRCLE('',#1902,1.375);
#1902 = AXIS2_PLACEMENT_3D('',#1903,#1904,#1905);
#1903 = CARTESIAN_POINT('',(-12.7,12.7,9.8));
#1904 = DIRECTION('',(0.,0.,1.));
#1905 = DIRECTION('',(1.,0.,-0.));
#1906 = ORIENTED_EDGE('',*,*,#1907,.F.);
#1907 = EDGE_CURVE('',#1908,#1897,#1910,.T.);
#1908 = VERTEX_POINT('',#1909);
#1909 = CARTESIAN_POINT('',(-11.325,7.62,9.8));
#1910 = LINE('',#1911,#1912);
#1911 = CARTESIAN_POINT('',(-11.325,-15.43,9.8));
#1912 = VECTOR('',#1913,1.);
#1913 = DIRECTION('',(-0.,1.,0.));
#1914 = ORIENTED_EDGE('',*,*,#1915,.F.);
#1915 = EDGE_CURVE('',#1916,#1908,#1918,.T.);
#1916 = VERTEX_POINT('',#1917);
#1917 = CARTESIAN_POINT('',(-14.075,7.62,9.8));
#1918 = CIRCLE('',#1919,1.375);
#1919 = AXIS2_PLACEMENT_3D('',#1920,#1921,#1922);
#1920 = CARTESIAN_POINT('',(-12.7,7.62,9.8));
#1921 = DIRECTION('',(0.,0.,1.));
#1922 = DIRECTION('',(1.,0.,-0.));
#1923 = ORIENTED_EDGE('',*,*,#1924,.T.);
#1924 = EDGE_CURVE('',#1916,#1899,#1925,.T.);
#1925 = LINE('',#1926,#1927);
#1926 = CARTESIAN_POINT('',(-14.075,-15.43,9.8));
#1927 = VECTOR('',#1928,1.);
#1928 = DIRECTION('',(-0.,1.,0.));
#1929 = FACE_BOUND('',#1930,.T.);
#1930 = EDGE_LOOP('',(#1931,#1942,#1950,#1959,#1968));
#1931 = ORIENTED_EDGE('',*,*,#1932,.F.);
#1932 = EDGE_CURVE('',#1933,#1935,#1937,.T.);
#1933 = VERTEX_POINT('',#1934);
#1934 = CARTESIAN_POINT('',(-12.7,19.155,9.8));
#1935 = VERTEX_POINT('',#1936);
#1936 = CARTESIAN_POINT('',(-12.7,16.405,9.8));
#1937 = CIRCLE('',#1938,1.375);
#1938 = AXIS2_PLACEMENT_3D('',#1939,#1940,#1941);
#1939 = CARTESIAN_POINT('',(-12.7,17.78,9.8));
#1940 = DIRECTION('',(0.,0.,1.));
#1941 = DIRECTION('',(1.,0.,-0.));
#1942 = ORIENTED_EDGE('',*,*,#1943,.F.);
#1943 = EDGE_CURVE('',#1944,#1933,#1946,.T.);
#1944 = VERTEX_POINT('',#1945);
#1945 = CARTESIAN_POINT('',(-7.62,19.155,9.8));
#1946 = LINE('',#1947,#1948);
#1947 = CARTESIAN_POINT('',(-25.59,19.155,9.8));
#1948 = VECTOR('',#1949,1.);
#1949 = DIRECTION('',(-1.,-0.,0.));
#1950 = ORIENTED_EDGE('',*,*,#1951,.F.);
#1951 = EDGE_CURVE('',#1952,#1944,#1954,.T.);
#1952 = VERTEX_POINT('',#1953);
#1953 = CARTESIAN_POINT('',(-6.245,17.78,9.8));
#1954 = CIRCLE('',#1955,1.375);
#1955 = AXIS2_PLACEMENT_3D('',#1956,#1957,#1958);
#1956 = CARTESIAN_POINT('',(-7.62,17.78,9.8));
#1957 = DIRECTION('',(0.,0.,1.));
#1958 = DIRECTION('',(1.,0.,-0.));
#1959 = ORIENTED_EDGE('',*,*,#1960,.F.);
#1960 = EDGE_CURVE('',#1961,#1952,#1963,.T.);
#1961 = VERTEX_POINT('',#1962);
#1962 = CARTESIAN_POINT('',(-7.62,16.405,9.8));
#1963 = CIRCLE('',#1964,1.375);
#1964 = AXIS2_PLACEMENT_3D('',#1965,#1966,#1967);
#1965 = CARTESIAN_POINT('',(-7.62,17.78,9.8));
#1966 = DIRECTION('',(0.,0.,1.));
#1967 = DIRECTION('',(1.,0.,-0.));
#1968 = ORIENTED_EDGE('',*,*,#1969,.T.);
#1969 = EDGE_CURVE('',#1961,#1935,#1970,.T.);
#1970 = LINE('',#1971,#1972);
#1971 = CARTESIAN_POINT('',(-25.59,16.405,9.8));
#1972 = VECTOR('',#1973,1.);
#1973 = DIRECTION('',(-1.,-0.,0.));
#1974 = FACE_BOUND('',#1975,.T.);
#1975 = EDGE_LOOP('',(#1976,#1987,#1995,#2004,#2013));
#1976 = ORIENTED_EDGE('',*,*,#1977,.F.);
#1977 = EDGE_CURVE('',#1978,#1980,#1982,.T.);
#1978 = VERTEX_POINT('',#1979);
#1979 = CARTESIAN_POINT('',(-7.62,14.075,9.8));
#1980 = VERTEX_POINT('',#1981);
#1981 = CARTESIAN_POINT('',(-7.62,11.325,9.8));
#1982 = CIRCLE('',#1983,1.375);
#1983 = AXIS2_PLACEMENT_3D('',#1984,#1985,#1986);
#1984 = CARTESIAN_POINT('',(-7.62,12.7,9.8));
#1985 = DIRECTION('',(0.,0.,1.));
#1986 = DIRECTION('',(1.,0.,-0.));
#1987 = ORIENTED_EDGE('',*,*,#1988,.F.);
#1988 = EDGE_CURVE('',#1989,#1978,#1991,.T.);
#1989 = VERTEX_POINT('',#1990);
#1990 = CARTESIAN_POINT('',(-2.54,14.075,9.8));
#1991 = LINE('',#1992,#1993);
#1992 = CARTESIAN_POINT('',(-23.05,14.075,9.8));
#1993 = VECTOR('',#1994,1.);
#1994 = DIRECTION('',(-1.,-0.,0.));
#1995 = ORIENTED_EDGE('',*,*,#1996,.F.);
#1996 = EDGE_CURVE('',#1997,#1989,#1999,.T.);
#1997 = VERTEX_POINT('',#1998);
#1998 = CARTESIAN_POINT('',(-1.165,12.7,9.8));
#1999 = CIRCLE('',#2000,1.375);
#2000 = AXIS2_PLACEMENT_3D('',#2001,#2002,#2003);
#2001 = CARTESIAN_POINT('',(-2.54,12.7,9.8));
#2002 = DIRECTION('',(0.,0.,1.));
#2003 = DIRECTION('',(1.,0.,-0.));
#2004 = ORIENTED_EDGE('',*,*,#2005,.F.);
#2005 = EDGE_CURVE('',#2006,#1997,#2008,.T.);
#2006 = VERTEX_POINT('',#2007);
#2007 = CARTESIAN_POINT('',(-2.54,11.325,9.8));
#2008 = CIRCLE('',#2009,1.375);
#2009 = AXIS2_PLACEMENT_3D('',#2010,#2011,#2012);
#2010 = CARTESIAN_POINT('',(-2.54,12.7,9.8));
#2011 = DIRECTION('',(0.,0.,1.));
#2012 = DIRECTION('',(1.,0.,-0.));
#2013 = ORIENTED_EDGE('',*,*,#2014,.T.);
#2014 = EDGE_CURVE('',#2006,#1980,#2015,.T.);
#2015 = LINE('',#2016,#2017);
#2016 = CARTESIAN_POINT('',(-23.05,11.325,9.8));
#2017 = VECTOR('',#2018,1.);
#2018 = DIRECTION('',(-1.,-0.,0.));
#2019 = FACE_BOUND('',#2020,.T.);
#2020 = EDGE_LOOP('',(#2021,#2032,#2040,#2049));
#2021 = ORIENTED_EDGE('',*,*,#2022,.F.);
#2022 = EDGE_CURVE('',#2023,#2025,#2027,.T.);
#2023 = VERTEX_POINT('',#2024);
#2024 = CARTESIAN_POINT('',(-26.565,27.94,9.8));
#2025 = VERTEX_POINT('',#2026);
#2026 = CARTESIAN_POINT('',(-29.315,27.94,9.8));
#2027 = CIRCLE('',#2028,1.375);
#2028 = AXIS2_PLACEMENT_3D('',#2029,#2030,#2031);
#2029 = CARTESIAN_POINT('',(-27.94,27.94,9.8));
#2030 = DIRECTION('',(0.,0.,1.));
#2031 = DIRECTION('',(1.,0.,-0.));
#2032 = ORIENTED_EDGE('',*,*,#2033,.F.);
#2033 = EDGE_CURVE('',#2034,#2023,#2036,.T.);
#2034 = VERTEX_POINT('',#2035);
#2035 = CARTESIAN_POINT('',(-26.565,22.86,9.8));
#2036 = LINE('',#2037,#2038);
#2037 = CARTESIAN_POINT('',(-26.565,-7.81,9.8));
#2038 = VECTOR('',#2039,1.);
#2039 = DIRECTION('',(-0.,1.,0.));
#2040 = ORIENTED_EDGE('',*,*,#2041,.F.);
#2041 = EDGE_CURVE('',#2042,#2034,#2044,.T.);
#2042 = VERTEX_POINT('',#2043);
#2043 = CARTESIAN_POINT('',(-29.315,22.86,9.8));
#2044 = CIRCLE('',#2045,1.375);
#2045 = AXIS2_PLACEMENT_3D('',#2046,#2047,#2048);
#2046 = CARTESIAN_POINT('',(-27.94,22.86,9.8));
#2047 = DIRECTION('',(0.,0.,1.));
#2048 = DIRECTION('',(1.,0.,-0.));
#2049 = ORIENTED_EDGE('',*,*,#2050,.T.);
#2050 = EDGE_CURVE('',#2042,#2025,#2051,.T.);
#2051 = LINE('',#2052,#2053);
#2052 = CARTESIAN_POINT('',(-29.315,-7.81,9.8));
#2053 = VECTOR('',#2054,1.);
#2054 = DIRECTION('',(-0.,1.,0.));
#2055 = FACE_BOUND('',#2056,.T.);
#2056 = EDGE_LOOP('',(#2057));
#2057 = ORIENTED_EDGE('',*,*,#2058,.F.);
#2058 = EDGE_CURVE('',#2059,#2059,#2061,.T.);
#2059 = VERTEX_POINT('',#2060);
#2060 = CARTESIAN_POINT('',(-21.485,22.86,9.8));
#2061 = CIRCLE('',#2062,1.375);
#2062 = AXIS2_PLACEMENT_3D('',#2063,#2064,#2065);
#2063 = CARTESIAN_POINT('',(-22.86,22.86,9.8));
#2064 = DIRECTION('',(0.,0.,1.));
#2065 = DIRECTION('',(1.,0.,-0.));
#2066 = FACE_BOUND('',#2067,.T.);
#2067 = EDGE_LOOP('',(#2068));
#2068 = ORIENTED_EDGE('',*,*,#2069,.F.);
#2069 = EDGE_CURVE('',#2070,#2070,#2072,.T.);
#2070 = VERTEX_POINT('',#2071);
#2071 = CARTESIAN_POINT('',(-32.78,34.48,9.8));
#2072 = CIRCLE('',#2073,1.7);
#2073 = AXIS2_PLACEMENT_3D('',#2074,#2075,#2076);
#2074 = CARTESIAN_POINT('',(-34.48,34.48,9.8));
#2075 = DIRECTION('',(0.,0.,1.));
#2076 = DIRECTION('',(1.,0.,-0.));
#2077 = FACE_BOUND('',#2078,.T.);
#2078 = EDGE_LOOP('',(#2079,#2090,#2098,#2107,#2116));
#2079 = ORIENTED_EDGE('',*,*,#2080,.F.);
#2080 = EDGE_CURVE('',#2081,#2083,#2085,.T.);
#2081 = VERTEX_POINT('',#2082);
#2082 = CARTESIAN_POINT('',(-22.86,29.315,9.8));
#2083 = VERTEX_POINT('',#2084);
#2084 = CARTESIAN_POINT('',(-22.86,26.565,9.8));
#2085 = CIRCLE('',#2086,1.375);
#2086 = AXIS2_PLACEMENT_3D('',#2087,#2088,#2089);
#2087 = CARTESIAN_POINT('',(-22.86,27.94,9.8));
#2088 = DIRECTION('',(0.,0.,1.));
#2089 = DIRECTION('',(1.,0.,-0.));
#2090 = ORIENTED_EDGE('',*,*,#2091,.F.);
#2091 = EDGE_CURVE('',#2092,#2081,#2094,.T.);
#2092 = VERTEX_POINT('',#2093);
#2093 = CARTESIAN_POINT('',(-17.78,29.315,9.8));
#2094 = LINE('',#2095,#2096);
#2095 = CARTESIAN_POINT('',(-30.67,29.315,9.8));
#2096 = VECTOR('',#2097,1.);
#2097 = DIRECTION('',(-1.,-0.,0.));
#2098 = ORIENTED_EDGE('',*,*,#2099,.F.);
#2099 = EDGE_CURVE('',#2100,#2092,#2102,.T.);
#2100 = VERTEX_POINT('',#2101);
#2101 = CARTESIAN_POINT('',(-16.405,27.94,9.8));
#2102 = CIRCLE('',#2103,1.375);
#2103 = AXIS2_PLACEMENT_3D('',#2104,#2105,#2106);
#2104 = CARTESIAN_POINT('',(-17.78,27.94,9.8));
#2105 = DIRECTION('',(0.,0.,1.));
#2106 = DIRECTION('',(1.,0.,-0.));
#2107 = ORIENTED_EDGE('',*,*,#2108,.F.);
#2108 = EDGE_CURVE('',#2109,#2100,#2111,.T.);
#2109 = VERTEX_POINT('',#2110);
#2110 = CARTESIAN_POINT('',(-17.78,26.565,9.8));
#2111 = CIRCLE('',#2112,1.375);
#2112 = AXIS2_PLACEMENT_3D('',#2113,#2114,#2115);
#2113 = CARTESIAN_POINT('',(-17.78,27.94,9.8));
#2114 = DIRECTION('',(0.,0.,1.));
#2115 = DIRECTION('',(1.,0.,-0.));
#2116 = ORIENTED_EDGE('',*,*,#2117,.T.);
#2117 = EDGE_CURVE('',#2109,#2083,#2118,.T.);
#2118 = LINE('',#2119,#2120);
#2119 = CARTESIAN_POINT('',(-30.67,26.565,9.8));
#2120 = VECTOR('',#2121,1.);
#2121 = DIRECTION('',(-1.,-0.,0.));
#2122 = FACE_BOUND('',#2123,.T.);
#2123 = EDGE_LOOP('',(#2124,#2135,#2143,#2152));
#2124 = ORIENTED_EDGE('',*,*,#2125,.F.);
#2125 = EDGE_CURVE('',#2126,#2128,#2130,.T.);
#2126 = VERTEX_POINT('',#2127);
#2127 = CARTESIAN_POINT('',(-16.405,22.86,9.8));
#2128 = VERTEX_POINT('',#2129);
#2129 = CARTESIAN_POINT('',(-19.155,22.86,9.8));
#2130 = CIRCLE('',#2131,1.375);
#2131 = AXIS2_PLACEMENT_3D('',#2132,#2133,#2134);
#2132 = CARTESIAN_POINT('',(-17.78,22.86,9.8));
#2133 = DIRECTION('',(0.,0.,1.));
#2134 = DIRECTION('',(1.,0.,-0.));
#2135 = ORIENTED_EDGE('',*,*,#2136,.F.);
#2136 = EDGE_CURVE('',#2137,#2126,#2139,.T.);
#2137 = VERTEX_POINT('',#2138);
#2138 = CARTESIAN_POINT('',(-16.405,17.78,9.8));
#2139 = LINE('',#2140,#2141);
#2140 = CARTESIAN_POINT('',(-16.405,-10.35,9.8));
#2141 = VECTOR('',#2142,1.);
#2142 = DIRECTION('',(-0.,1.,0.));
#2143 = ORIENTED_EDGE('',*,*,#2144,.F.);
#2144 = EDGE_CURVE('',#2145,#2137,#2147,.T.);
#2145 = VERTEX_POINT('',#2146);
#2146 = CARTESIAN_POINT('',(-19.155,17.78,9.8));
#2147 = CIRCLE('',#2148,1.375);
#2148 = AXIS2_PLACEMENT_3D('',#2149,#2150,#2151);
#2149 = CARTESIAN_POINT('',(-17.78,17.78,9.8));
#2150 = DIRECTION('',(0.,0.,1.));
#2151 = DIRECTION('',(1.,0.,-0.));
#2152 = ORIENTED_EDGE('',*,*,#2153,.T.);
#2153 = EDGE_CURVE('',#2145,#2128,#2154,.T.);
#2154 = LINE('',#2155,#2156);
#2155 = CARTESIAN_POINT('',(-19.155,-10.35,9.8));
#2156 = VECTOR('',#2157,1.);
#2157 = DIRECTION('',(-0.,1.,0.));
#2158 = FACE_BOUND('',#2159,.T.);
#2159 = EDGE_LOOP('',(#2160,#2171,#2179,#2188));
#2160 = ORIENTED_EDGE('',*,*,#2161,.F.);
#2161 = EDGE_CURVE('',#2162,#2164,#2166,.T.);
#2162 = VERTEX_POINT('',#2163);
#2163 = CARTESIAN_POINT('',(-11.325,27.94,9.8));
#2164 = VERTEX_POINT('',#2165);
#2165 = CARTESIAN_POINT('',(-14.075,27.94,9.8));
#2166 = CIRCLE('',#2167,1.375);
#2167 = AXIS2_PLACEMENT_3D('',#2168,#2169,#2170);
#2168 = CARTESIAN_POINT('',(-12.7,27.94,9.8));
#2169 = DIRECTION('',(0.,0.,1.));
#2170 = DIRECTION('',(1.,0.,-0.));
#2171 = ORIENTED_EDGE('',*,*,#2172,.F.);
#2172 = EDGE_CURVE('',#2173,#2162,#2175,.T.);
#2173 = VERTEX_POINT('',#2174);
#2174 = CARTESIAN_POINT('',(-11.325,22.86,9.8));
#2175 = LINE('',#2176,#2177);
#2176 = CARTESIAN_POINT('',(-11.325,-7.81,9.8));
#2177 = VECTOR('',#2178,1.);
#2178 = DIRECTION('',(-0.,1.,0.));
#2179 = ORIENTED_EDGE('',*,*,#2180,.F.);
#2180 = EDGE_CURVE('',#2181,#2173,#2183,.T.);
#2181 = VERTEX_POINT('',#2182);
#2182 = CARTESIAN_POINT('',(-14.075,22.86,9.8));
#2183 = CIRCLE('',#2184,1.375);
#2184 = AXIS2_PLACEMENT_3D('',#2185,#2186,#2187);
#2185 = CARTESIAN_POINT('',(-12.7,22.86,9.8));
#2186 = DIRECTION('',(0.,0.,1.));
#2187 = DIRECTION('',(1.,0.,-0.));
#2188 = ORIENTED_EDGE('',*,*,#2189,.T.);
#2189 = EDGE_CURVE('',#2181,#2164,#2190,.T.);
#2190 = LINE('',#2191,#2192);
#2191 = CARTESIAN_POINT('',(-14.075,-7.81,9.8));
#2192 = VECTOR('',#2193,1.);
#2193 = DIRECTION('',(-0.,1.,0.));
#2194 = FACE_BOUND('',#2195,.T.);
#2195 = EDGE_LOOP('',(#2196,#2207,#2215,#2224));
#2196 = ORIENTED_EDGE('',*,*,#2197,.F.);
#2197 = EDGE_CURVE('',#2198,#2200,#2202,.T.);
#2198 = VERTEX_POINT('',#2199);
#2199 = CARTESIAN_POINT('',(-1.165,22.86,9.8));
#2200 = VERTEX_POINT('',#2201);
#2201 = CARTESIAN_POINT('',(-3.915,22.86,9.8));
#2202 = CIRCLE('',#2203,1.375);
#2203 = AXIS2_PLACEMENT_3D('',#2204,#2205,#2206);
#2204 = CARTESIAN_POINT('',(-2.54,22.86,9.8));
#2205 = DIRECTION('',(0.,0.,1.));
#2206 = DIRECTION('',(1.,0.,-0.));
#2207 = ORIENTED_EDGE('',*,*,#2208,.F.);
#2208 = EDGE_CURVE('',#2209,#2198,#2211,.T.);
#2209 = VERTEX_POINT('',#2210);
#2210 = CARTESIAN_POINT('',(-1.165,17.78,9.8));
#2211 = LINE('',#2212,#2213);
#2212 = CARTESIAN_POINT('',(-1.165,-10.35,9.8));
#2213 = VECTOR('',#2214,1.);
#2214 = DIRECTION('',(-0.,1.,0.));
#2215 = ORIENTED_EDGE('',*,*,#2216,.F.);
#2216 = EDGE_CURVE('',#2217,#2209,#2219,.T.);
#2217 = VERTEX_POINT('',#2218);
#2218 = CARTESIAN_POINT('',(-3.915,17.78,9.8));
#2219 = CIRCLE('',#2220,1.375);
#2220 = AXIS2_PLACEMENT_3D('',#2221,#2222,#2223);
#2221 = CARTESIAN_POINT('',(-2.54,17.78,9.8));
#2222 = DIRECTION('',(0.,0.,1.));
#2223 = DIRECTION('',(1.,0.,-0.));
#2224 = ORIENTED_EDGE('',*,*,#2225,.T.);
#2225 = EDGE_CURVE('',#2217,#2200,#2226,.T.);
#2226 = LINE('',#2227,#2228);
#2227 = CARTESIAN_POINT('',(-3.915,-10.35,9.8));
#2228 = VECTOR('',#2229,1.);
#2229 = DIRECTION('',(-0.,1.,0.));
#2230 = FACE_BOUND('',#2231,.T.);
#2231 = EDGE_LOOP('',(#2232));
#2232 = ORIENTED_EDGE('',*,*,#2233,.F.);
#2233 = EDGE_CURVE('',#2234,#2234,#2236,.T.);
#2234 = VERTEX_POINT('',#2235);
#2235 = CARTESIAN_POINT('',(-6.245,22.86,9.8));
#2236 = CIRCLE('',#2237,1.375);
#2237 = AXIS2_PLACEMENT_3D('',#2238,#2239,#2240);
#2238 = CARTESIAN_POINT('',(-7.62,22.86,9.8));
#2239 = DIRECTION('',(0.,0.,1.));
#2240 = DIRECTION('',(1.,0.,-0.));
#2241 = FACE_BOUND('',#2242,.T.);
#2242 = EDGE_LOOP('',(#2243,#2254,#2262,#2271,#2280));
#2243 = ORIENTED_EDGE('',*,*,#2244,.F.);
#2244 = EDGE_CURVE('',#2245,#2247,#2249,.T.);
#2245 = VERTEX_POINT('',#2246);
#2246 = CARTESIAN_POINT('',(-7.62,29.315,9.8));
#2247 = VERTEX_POINT('',#2248);
#2248 = CARTESIAN_POINT('',(-7.62,26.565,9.8));
#2249 = CIRCLE('',#2250,1.375);
#2250 = AXIS2_PLACEMENT_3D('',#2251,#2252,#2253);
#2251 = CARTESIAN_POINT('',(-7.62,27.94,9.8));
#2252 = DIRECTION('',(0.,0.,1.));
#2253 = DIRECTION('',(1.,0.,-0.));
#2254 = ORIENTED_EDGE('',*,*,#2255,.F.);
#2255 = EDGE_CURVE('',#2256,#2245,#2258,.T.);
#2256 = VERTEX_POINT('',#2257);
#2257 = CARTESIAN_POINT('',(-2.54,29.315,9.8));
#2258 = LINE('',#2259,#2260);
#2259 = CARTESIAN_POINT('',(-23.05,29.315,9.8));
#2260 = VECTOR('',#2261,1.);
#2261 = DIRECTION('',(-1.,-0.,0.));
#2262 = ORIENTED_EDGE('',*,*,#2263,.F.);
#2263 = EDGE_CURVE('',#2264,#2256,#2266,.T.);
#2264 = VERTEX_POINT('',#2265);
#2265 = CARTESIAN_POINT('',(-1.165,27.94,9.8));
#2266 = CIRCLE('',#2267,1.375);
#2267 = AXIS2_PLACEMENT_3D('',#2268,#2269,#2270);
#2268 = CARTESIAN_POINT('',(-2.54,27.94,9.8));
#2269 = DIRECTION('',(0.,0.,1.));
#2270 = DIRECTION('',(1.,0.,-0.));
#2271 = ORIENTED_EDGE('',*,*,#2272,.F.);
#2272 = EDGE_CURVE('',#2273,#2264,#2275,.T.);
#2273 = VERTEX_POINT('',#2274);
#2274 = CARTESIAN_POINT('',(-2.54,26.565,9.8));
#2275 = CIRCLE('',#2276,1.375);
#2276 = AXIS2_PLACEMENT_3D('',#2277,#2278,#2279);
#2277 = CARTESIAN_POINT('',(-2.54,27.94,9.8));
#2278 = DIRECTION('',(0.,0.,1.));
#2279 = DIRECTION('',(1.,0.,-0.));
#2280 = ORIENTED_EDGE('',*,*,#2281,.T.);
#2281 = EDGE_CURVE('',#2273,#2247,#2282,.T.);
#2282 = LINE('',#2283,#2284);
#2283 = CARTESIAN_POINT('',(-23.05,26.565,9.8));
#2284 = VECTOR('',#2285,1.);
#2285 = DIRECTION('',(-1.,-0.,0.));
#2286 = FACE_BOUND('',#2287,.T.);
#2287 = EDGE_LOOP('',(#2288));
#2288 = ORIENTED_EDGE('',*,*,#2289,.F.);
#2289 = EDGE_CURVE('',#2290,#2290,#2292,.T.);
#2290 = VERTEX_POINT('',#2291);
#2291 = CARTESIAN_POINT('',(8.995,7.62,9.8));
#2292 = CIRCLE('',#2293,1.375);
#2293 = AXIS2_PLACEMENT_3D('',#2294,#2295,#2296);
#2294 = CARTESIAN_POINT('',(7.62,7.62,9.8));
#2295 = DIRECTION('',(0.,0.,1.));
#2296 = DIRECTION('',(1.,0.,-0.));
#2297 = FACE_BOUND('',#2298,.T.);
#2298 = EDGE_LOOP('',(#2299,#2310,#2318,#2327));
#2299 = ORIENTED_EDGE('',*,*,#2300,.F.);
#2300 = EDGE_CURVE('',#2301,#2303,#2305,.T.);
#2301 = VERTEX_POINT('',#2302);
#2302 = CARTESIAN_POINT('',(14.075,7.62,9.8));
#2303 = VERTEX_POINT('',#2304);
#2304 = CARTESIAN_POINT('',(11.325,7.62,9.8));
#2305 = CIRCLE('',#2306,1.375);
#2306 = AXIS2_PLACEMENT_3D('',#2307,#2308,#2309);
#2307 = CARTESIAN_POINT('',(12.7,7.62,9.8));
#2308 = DIRECTION('',(0.,0.,1.));
#2309 = DIRECTION('',(1.,0.,-0.));
#2310 = ORIENTED_EDGE('',*,*,#2311,.F.);
#2311 = EDGE_CURVE('',#2312,#2301,#2314,.T.);
#2312 = VERTEX_POINT('',#2313);
#2313 = CARTESIAN_POINT('',(14.075,2.54,9.8));
#2314 = LINE('',#2315,#2316);
#2315 = CARTESIAN_POINT('',(14.075,-17.97,9.8));
#2316 = VECTOR('',#2317,1.);
#2317 = DIRECTION('',(-0.,1.,0.));
#2318 = ORIENTED_EDGE('',*,*,#2319,.F.);
#2319 = EDGE_CURVE('',#2320,#2312,#2322,.T.);
#2320 = VERTEX_POINT('',#2321);
#2321 = CARTESIAN_POINT('',(11.325,2.54,9.8));
#2322 = CIRCLE('',#2323,1.375);
#2323 = AXIS2_PLACEMENT_3D('',#2324,#2325,#2326);
#2324 = CARTESIAN_POINT('',(12.7,2.54,9.8));
#2325 = DIRECTION('',(0.,0.,1.));
#2326 = DIRECTION('',(1.,0.,-0.));
#2327 = ORIENTED_EDGE('',*,*,#2328,.T.);
#2328 = EDGE_CURVE('',#2320,#2303,#2329,.T.);
#2329 = LINE('',#2330,#2331);
#2330 = CARTESIAN_POINT('',(11.325,-17.97,9.8));
#2331 = VECTOR('',#2332,1.);
#2332 = DIRECTION('',(-0.,1.,0.));
#2333 = FACE_BOUND('',#2334,.T.);
#2334 = EDGE_LOOP('',(#2335,#2346,#2354,#2363));
#2335 = ORIENTED_EDGE('',*,*,#2336,.F.);
#2336 = EDGE_CURVE('',#2337,#2339,#2341,.T.);
#2337 = VERTEX_POINT('',#2338);
#2338 = CARTESIAN_POINT('',(3.915,12.7,9.8));
#2339 = VERTEX_POINT('',#2340);
#2340 = CARTESIAN_POINT('',(1.165,12.7,9.8));
#2341 = CIRCLE('',#2342,1.375);
#2342 = AXIS2_PLACEMENT_3D('',#2343,#2344,#2345);
#2343 = CARTESIAN_POINT('',(2.54,12.7,9.8));
#2344 = DIRECTION('',(0.,0.,1.));
#2345 = DIRECTION('',(1.,0.,-0.));
#2346 = ORIENTED_EDGE('',*,*,#2347,.F.);
#2347 = EDGE_CURVE('',#2348,#2337,#2350,.T.);
#2348 = VERTEX_POINT('',#2349);
#2349 = CARTESIAN_POINT('',(3.915,7.62,9.8));
#2350 = LINE('',#2351,#2352);
#2351 = CARTESIAN_POINT('',(3.915,-15.43,9.8));
#2352 = VECTOR('',#2353,1.);
#2353 = DIRECTION('',(-0.,1.,0.));
#2354 = ORIENTED_EDGE('',*,*,#2355,.F.);
#2355 = EDGE_CURVE('',#2356,#2348,#2358,.T.);
#2356 = VERTEX_POINT('',#2357);
#2357 = CARTESIAN_POINT('',(1.165,7.62,9.8));
#2358 = CIRCLE('',#2359,1.375);
#2359 = AXIS2_PLACEMENT_3D('',#2360,#2361,#2362);
#2360 = CARTESIAN_POINT('',(2.54,7.62,9.8));
#2361 = DIRECTION('',(0.,0.,1.));
#2362 = DIRECTION('',(1.,0.,-0.));
#2363 = ORIENTED_EDGE('',*,*,#2364,.T.);
#2364 = EDGE_CURVE('',#2356,#2339,#2365,.T.);
#2365 = LINE('',#2366,#2367);
#2366 = CARTESIAN_POINT('',(1.165,-15.43,9.8));
#2367 = VECTOR('',#2368,1.);
#2368 = DIRECTION('',(-0.,1.,0.));
#2369 = FACE_BOUND('',#2370,.T.);
#2370 = EDGE_LOOP('',(#2371,#2382,#2390,#2399,#2408));
#2371 = ORIENTED_EDGE('',*,*,#2372,.F.);
#2372 = EDGE_CURVE('',#2373,#2375,#2377,.T.);
#2373 = VERTEX_POINT('',#2374);
#2374 = CARTESIAN_POINT('',(2.54,19.155,9.8));
#2375 = VERTEX_POINT('',#2376);
#2376 = CARTESIAN_POINT('',(2.54,16.405,9.8));
#2377 = CIRCLE('',#2378,1.375);
#2378 = AXIS2_PLACEMENT_3D('',#2379,#2380,#2381);
#2379 = CARTESIAN_POINT('',(2.54,17.78,9.8));
#2380 = DIRECTION('',(0.,0.,1.));
#2381 = DIRECTION('',(1.,0.,-0.));
#2382 = ORIENTED_EDGE('',*,*,#2383,.F.);
#2383 = EDGE_CURVE('',#2384,#2373,#2386,.T.);
#2384 = VERTEX_POINT('',#2385);
#2385 = CARTESIAN_POINT('',(7.62,19.155,9.8));
#2386 = LINE('',#2387,#2388);
#2387 = CARTESIAN_POINT('',(-17.97,19.155,9.8));
#2388 = VECTOR('',#2389,1.);
#2389 = DIRECTION('',(-1.,-0.,0.));
#2390 = ORIENTED_EDGE('',*,*,#2391,.F.);
#2391 = EDGE_CURVE('',#2392,#2384,#2394,.T.);
#2392 = VERTEX_POINT('',#2393);
#2393 = CARTESIAN_POINT('',(8.995,17.78,9.8));
#2394 = CIRCLE('',#2395,1.375);
#2395 = AXIS2_PLACEMENT_3D('',#2396,#2397,#2398);
#2396 = CARTESIAN_POINT('',(7.62,17.78,9.8));
#2397 = DIRECTION('',(0.,0.,1.));
#2398 = DIRECTION('',(1.,0.,-0.));
#2399 = ORIENTED_EDGE('',*,*,#2400,.F.);
#2400 = EDGE_CURVE('',#2401,#2392,#2403,.T.);
#2401 = VERTEX_POINT('',#2402);
#2402 = CARTESIAN_POINT('',(7.62,16.405,9.8));
#2403 = CIRCLE('',#2404,1.375);
#2404 = AXIS2_PLACEMENT_3D('',#2405,#2406,#2407);
#2405 = CARTESIAN_POINT('',(7.62,17.78,9.8));
#2406 = DIRECTION('',(0.,0.,1.));
#2407 = DIRECTION('',(1.,0.,-0.));
#2408 = ORIENTED_EDGE('',*,*,#2409,.T.);
#2409 = EDGE_CURVE('',#2401,#2375,#2410,.T.);
#2410 = LINE('',#2411,#2412);
#2411 = CARTESIAN_POINT('',(-17.97,16.405,9.8));
#2412 = VECTOR('',#2413,1.);
#2413 = DIRECTION('',(-1.,-0.,0.));
#2414 = FACE_BOUND('',#2415,.T.);
#2415 = EDGE_LOOP('',(#2416,#2427,#2435,#2444,#2453));
#2416 = ORIENTED_EDGE('',*,*,#2417,.F.);
#2417 = EDGE_CURVE('',#2418,#2420,#2422,.T.);
#2418 = VERTEX_POINT('',#2419);
#2419 = CARTESIAN_POINT('',(7.62,14.075,9.8));
#2420 = VERTEX_POINT('',#2421);
#2421 = CARTESIAN_POINT('',(7.62,11.325,9.8));
#2422 = CIRCLE('',#2423,1.375);
#2423 = AXIS2_PLACEMENT_3D('',#2424,#2425,#2426);
#2424 = CARTESIAN_POINT('',(7.62,12.7,9.8));
#2425 = DIRECTION('',(0.,0.,1.));
#2426 = DIRECTION('',(1.,0.,-0.));
#2427 = ORIENTED_EDGE('',*,*,#2428,.F.);
#2428 = EDGE_CURVE('',#2429,#2418,#2431,.T.);
#2429 = VERTEX_POINT('',#2430);
#2430 = CARTESIAN_POINT('',(12.7,14.075,9.8));
#2431 = LINE('',#2432,#2433);
#2432 = CARTESIAN_POINT('',(-15.43,14.075,9.8));
#2433 = VECTOR('',#2434,1.);
#2434 = DIRECTION('',(-1.,-0.,0.));
#2435 = ORIENTED_EDGE('',*,*,#2436,.F.);
#2436 = EDGE_CURVE('',#2437,#2429,#2439,.T.);
#2437 = VERTEX_POINT('',#2438);
#2438 = CARTESIAN_POINT('',(14.075,12.7,9.8));
#2439 = CIRCLE('',#2440,1.375);
#2440 = AXIS2_PLACEMENT_3D('',#2441,#2442,#2443);
#2441 = CARTESIAN_POINT('',(12.7,12.7,9.8));
#2442 = DIRECTION('',(0.,0.,1.));
#2443 = DIRECTION('',(1.,0.,-0.));
#2444 = ORIENTED_EDGE('',*,*,#2445,.F.);
#2445 = EDGE_CURVE('',#2446,#2437,#2448,.T.);
#2446 = VERTEX_POINT('',#2447);
#2447 = CARTESIAN_POINT('',(12.7,11.325,9.8));
#2448 = CIRCLE('',#2449,1.375);
#2449 = AXIS2_PLACEMENT_3D('',#2450,#2451,#2452);
#2450 = CARTESIAN_POINT('',(12.7,12.7,9.8));
#2451 = DIRECTION('',(0.,0.,1.));
#2452 = DIRECTION('',(1.,0.,-0.));
#2453 = ORIENTED_EDGE('',*,*,#2454,.T.);
#2454 = EDGE_CURVE('',#2446,#2420,#2455,.T.);
#2455 = LINE('',#2456,#2457);
#2456 = CARTESIAN_POINT('',(-15.43,11.325,9.8));
#2457 = VECTOR('',#2458,1.);
#2458 = DIRECTION('',(-1.,-0.,0.));
#2459 = FACE_BOUND('',#2460,.T.);
#2460 = EDGE_LOOP('',(#2461,#2472,#2480,#2489));
#2461 = ORIENTED_EDGE('',*,*,#2462,.F.);
#2462 = EDGE_CURVE('',#2463,#2465,#2467,.T.);
#2463 = VERTEX_POINT('',#2464);
#2464 = CARTESIAN_POINT('',(19.155,12.7,9.8));
#2465 = VERTEX_POINT('',#2466);
#2466 = CARTESIAN_POINT('',(16.405,12.7,9.8));
#2467 = CIRCLE('',#2468,1.375);
#2468 = AXIS2_PLACEMENT_3D('',#2469,#2470,#2471);
#2469 = CARTESIAN_POINT('',(17.78,12.7,9.8));
#2470 = DIRECTION('',(0.,0.,1.));
#2471 = DIRECTION('',(1.,0.,-0.));
#2472 = ORIENTED_EDGE('',*,*,#2473,.F.);
#2473 = EDGE_CURVE('',#2474,#2463,#2476,.T.);
#2474 = VERTEX_POINT('',#2475);
#2475 = CARTESIAN_POINT('',(19.155,7.62,9.8));
#2476 = LINE('',#2477,#2478);
#2477 = CARTESIAN_POINT('',(19.155,-15.43,9.8));
#2478 = VECTOR('',#2479,1.);
#2479 = DIRECTION('',(-0.,1.,0.));
#2480 = ORIENTED_EDGE('',*,*,#2481,.F.);
#2481 = EDGE_CURVE('',#2482,#2474,#2484,.T.);
#2482 = VERTEX_POINT('',#2483);
#2483 = CARTESIAN_POINT('',(16.405,7.62,9.8));
#2484 = CIRCLE('',#2485,1.375);
#2485 = AXIS2_PLACEMENT_3D('',#2486,#2487,#2488);
#2486 = CARTESIAN_POINT('',(17.78,7.62,9.8));
#2487 = DIRECTION('',(0.,0.,1.));
#2488 = DIRECTION('',(1.,0.,-0.));
#2489 = ORIENTED_EDGE('',*,*,#2490,.T.);
#2490 = EDGE_CURVE('',#2482,#2465,#2491,.T.);
#2491 = LINE('',#2492,#2493);
#2492 = CARTESIAN_POINT('',(16.405,-15.43,9.8));
#2493 = VECTOR('',#2494,1.);
#2494 = DIRECTION('',(-0.,1.,0.));
#2495 = FACE_BOUND('',#2496,.T.);
#2496 = EDGE_LOOP('',(#2497,#2508,#2516,#2525,#2534));
#2497 = ORIENTED_EDGE('',*,*,#2498,.F.);
#2498 = EDGE_CURVE('',#2499,#2501,#2503,.T.);
#2499 = VERTEX_POINT('',#2500);
#2500 = CARTESIAN_POINT('',(17.78,3.915,9.8));
#2501 = VERTEX_POINT('',#2502);
#2502 = CARTESIAN_POINT('',(17.78,1.165,9.8));
#2503 = CIRCLE('',#2504,1.375);
#2504 = AXIS2_PLACEMENT_3D('',#2505,#2506,#2507);
#2505 = CARTESIAN_POINT('',(17.78,2.54,9.8));
#2506 = DIRECTION('',(0.,0.,1.));
#2507 = DIRECTION('',(1.,0.,-0.));
#2508 = ORIENTED_EDGE('',*,*,#2509,.F.);
#2509 = EDGE_CURVE('',#2510,#2499,#2512,.T.);
#2510 = VERTEX_POINT('',#2511);
#2511 = CARTESIAN_POINT('',(22.86,3.915,9.8));
#2512 = LINE('',#2513,#2514);
#2513 = CARTESIAN_POINT('',(-10.35,3.915,9.8));
#2514 = VECTOR('',#2515,1.);
#2515 = DIRECTION('',(-1.,-0.,0.));
#2516 = ORIENTED_EDGE('',*,*,#2517,.F.);
#2517 = EDGE_CURVE('',#2518,#2510,#2520,.T.);
#2518 = VERTEX_POINT('',#2519);
#2519 = CARTESIAN_POINT('',(24.235,2.54,9.8));
#2520 = CIRCLE('',#2521,1.375);
#2521 = AXIS2_PLACEMENT_3D('',#2522,#2523,#2524);
#2522 = CARTESIAN_POINT('',(22.86,2.54,9.8));
#2523 = DIRECTION('',(0.,0.,1.));
#2524 = DIRECTION('',(1.,0.,-0.));
#2525 = ORIENTED_EDGE('',*,*,#2526,.F.);
#2526 = EDGE_CURVE('',#2527,#2518,#2529,.T.);
#2527 = VERTEX_POINT('',#2528);
#2528 = CARTESIAN_POINT('',(22.86,1.165,9.8));
#2529 = CIRCLE('',#2530,1.375);
#2530 = AXIS2_PLACEMENT_3D('',#2531,#2532,#2533);
#2531 = CARTESIAN_POINT('',(22.86,2.54,9.8));
#2532 = DIRECTION('',(0.,0.,1.));
#2533 = DIRECTION('',(1.,0.,-0.));
#2534 = ORIENTED_EDGE('',*,*,#2535,.T.);
#2535 = EDGE_CURVE('',#2527,#2501,#2536,.T.);
#2536 = LINE('',#2537,#2538);
#2537 = CARTESIAN_POINT('',(-10.35,1.165,9.8));
#2538 = VECTOR('',#2539,1.);
#2539 = DIRECTION('',(-1.,-0.,0.));
#2540 = FACE_BOUND('',#2541,.T.);
#2541 = EDGE_LOOP('',(#2542));
#2542 = ORIENTED_EDGE('',*,*,#2543,.F.);
#2543 = EDGE_CURVE('',#2544,#2544,#2546,.T.);
#2544 = VERTEX_POINT('',#2545);
#2545 = CARTESIAN_POINT('',(24.235,7.62,9.8));
#2546 = CIRCLE('',#2547,1.375);
#2547 = AXIS2_PLACEMENT_3D('',#2548,#2549,#2550);
#2548 = CARTESIAN_POINT('',(22.86,7.62,9.8));
#2549 = DIRECTION('',(0.,0.,1.));
#2550 = DIRECTION('',(1.,0.,-0.));
#2551 = FACE_BOUND('',#2552,.T.);
#2552 = EDGE_LOOP('',(#2553,#2564,#2572,#2581));
#2553 = ORIENTED_EDGE('',*,*,#2554,.F.);
#2554 = EDGE_CURVE('',#2555,#2557,#2559,.T.);
#2555 = VERTEX_POINT('',#2556);
#2556 = CARTESIAN_POINT('',(29.315,7.62,9.8));
#2557 = VERTEX_POINT('',#2558);
#2558 = CARTESIAN_POINT('',(26.565,7.62,9.8));
#2559 = CIRCLE('',#2560,1.375);
#2560 = AXIS2_PLACEMENT_3D('',#2561,#2562,#2563);
#2561 = CARTESIAN_POINT('',(27.94,7.62,9.8));
#2562 = DIRECTION('',(0.,0.,1.));
#2563 = DIRECTION('',(1.,0.,-0.));
#2564 = ORIENTED_EDGE('',*,*,#2565,.F.);
#2565 = EDGE_CURVE('',#2566,#2555,#2568,.T.);
#2566 = VERTEX_POINT('',#2567);
#2567 = CARTESIAN_POINT('',(29.315,2.54,9.8));
#2568 = LINE('',#2569,#2570);
#2569 = CARTESIAN_POINT('',(29.315,-17.97,9.8));
#2570 = VECTOR('',#2571,1.);
#2571 = DIRECTION('',(-0.,1.,0.));
#2572 = ORIENTED_EDGE('',*,*,#2573,.F.);
#2573 = EDGE_CURVE('',#2574,#2566,#2576,.T.);
#2574 = VERTEX_POINT('',#2575);
#2575 = CARTESIAN_POINT('',(26.565,2.54,9.8));
#2576 = CIRCLE('',#2577,1.375);
#2577 = AXIS2_PLACEMENT_3D('',#2578,#2579,#2580);
#2578 = CARTESIAN_POINT('',(27.94,2.54,9.8));
#2579 = DIRECTION('',(0.,0.,1.));
#2580 = DIRECTION('',(1.,0.,-0.));
#2581 = ORIENTED_EDGE('',*,*,#2582,.T.);
#2582 = EDGE_CURVE('',#2574,#2557,#2583,.T.);
#2583 = LINE('',#2584,#2585);
#2584 = CARTESIAN_POINT('',(26.565,-17.97,9.8));
#2585 = VECTOR('',#2586,1.);
#2586 = DIRECTION('',(-0.,1.,0.));
#2587 = FACE_BOUND('',#2588,.T.);
#2588 = EDGE_LOOP('',(#2589,#2600,#2608,#2617,#2626));
#2589 = ORIENTED_EDGE('',*,*,#2590,.F.);
#2590 = EDGE_CURVE('',#2591,#2593,#2595,.T.);
#2591 = VERTEX_POINT('',#2592);
#2592 = CARTESIAN_POINT('',(22.86,14.075,9.8));
#2593 = VERTEX_POINT('',#2594);
#2594 = CARTESIAN_POINT('',(22.86,11.325,9.8));
#2595 = CIRCLE('',#2596,1.375);
#2596 = AXIS2_PLACEMENT_3D('',#2597,#2598,#2599);
#2597 = CARTESIAN_POINT('',(22.86,12.7,9.8));
#2598 = DIRECTION('',(0.,0.,1.));
#2599 = DIRECTION('',(1.,0.,-0.));
#2600 = ORIENTED_EDGE('',*,*,#2601,.F.);
#2601 = EDGE_CURVE('',#2602,#2591,#2604,.T.);
#2602 = VERTEX_POINT('',#2603);
#2603 = CARTESIAN_POINT('',(27.94,14.075,9.8));
#2604 = LINE('',#2605,#2606);
#2605 = CARTESIAN_POINT('',(-7.81,14.075,9.8));
#2606 = VECTOR('',#2607,1.);
#2607 = DIRECTION('',(-1.,-0.,0.));
#2608 = ORIENTED_EDGE('',*,*,#2609,.F.);
#2609 = EDGE_CURVE('',#2610,#2602,#2612,.T.);
#2610 = VERTEX_POINT('',#2611);
#2611 = CARTESIAN_POINT('',(29.315,12.7,9.8));
#2612 = CIRCLE('',#2613,1.375);
#2613 = AXIS2_PLACEMENT_3D('',#2614,#2615,#2616);
#2614 = CARTESIAN_POINT('',(27.94,12.7,9.8));
#2615 = DIRECTION('',(0.,0.,1.));
#2616 = DIRECTION('',(1.,0.,-0.));
#2617 = ORIENTED_EDGE('',*,*,#2618,.F.);
#2618 = EDGE_CURVE('',#2619,#2610,#2621,.T.);
#2619 = VERTEX_POINT('',#2620);
#2620 = CARTESIAN_POINT('',(27.94,11.325,9.8));
#2621 = CIRCLE('',#2622,1.375);
#2622 = AXIS2_PLACEMENT_3D('',#2623,#2624,#2625);
#2623 = CARTESIAN_POINT('',(27.94,12.7,9.8));
#2624 = DIRECTION('',(0.,0.,1.));
#2625 = DIRECTION('',(1.,0.,-0.));
#2626 = ORIENTED_EDGE('',*,*,#2627,.T.);
#2627 = EDGE_CURVE('',#2619,#2593,#2628,.T.);
#2628 = LINE('',#2629,#2630);
#2629 = CARTESIAN_POINT('',(-7.81,11.325,9.8));
#2630 = VECTOR('',#2631,1.);
#2631 = DIRECTION('',(-1.,-0.,0.));
#2632 = FACE_BOUND('',#2633,.T.);
#2633 = EDGE_LOOP('',(#2634,#2645,#2653,#2662,#2671));
#2634 = ORIENTED_EDGE('',*,*,#2635,.F.);
#2635 = EDGE_CURVE('',#2636,#2638,#2640,.T.);
#2636 = VERTEX_POINT('',#2637);
#2637 = CARTESIAN_POINT('',(17.78,19.155,9.8));
#2638 = VERTEX_POINT('',#2639);
#2639 = CARTESIAN_POINT('',(17.78,16.405,9.8));
#2640 = CIRCLE('',#2641,1.375);
#2641 = AXIS2_PLACEMENT_3D('',#2642,#2643,#2644);
#2642 = CARTESIAN_POINT('',(17.78,17.78,9.8));
#2643 = DIRECTION('',(0.,0.,1.));
#2644 = DIRECTION('',(1.,0.,-0.));
#2645 = ORIENTED_EDGE('',*,*,#2646,.F.);
#2646 = EDGE_CURVE('',#2647,#2636,#2649,.T.);
#2647 = VERTEX_POINT('',#2648);
#2648 = CARTESIAN_POINT('',(22.86,19.155,9.8));
#2649 = LINE('',#2650,#2651);
#2650 = CARTESIAN_POINT('',(-10.35,19.155,9.8));
#2651 = VECTOR('',#2652,1.);
#2652 = DIRECTION('',(-1.,-0.,0.));
#2653 = ORIENTED_EDGE('',*,*,#2654,.F.);
#2654 = EDGE_CURVE('',#2655,#2647,#2657,.T.);
#2655 = VERTEX_POINT('',#2656);
#2656 = CARTESIAN_POINT('',(24.235,17.78,9.8));
#2657 = CIRCLE('',#2658,1.375);
#2658 = AXIS2_PLACEMENT_3D('',#2659,#2660,#2661);
#2659 = CARTESIAN_POINT('',(22.86,17.78,9.8));
#2660 = DIRECTION('',(0.,0.,1.));
#2661 = DIRECTION('',(1.,0.,-0.));
#2662 = ORIENTED_EDGE('',*,*,#2663,.F.);
#2663 = EDGE_CURVE('',#2664,#2655,#2666,.T.);
#2664 = VERTEX_POINT('',#2665);
#2665 = CARTESIAN_POINT('',(22.86,16.405,9.8));
#2666 = CIRCLE('',#2667,1.375);
#2667 = AXIS2_PLACEMENT_3D('',#2668,#2669,#2670);
#2668 = CARTESIAN_POINT('',(22.86,17.78,9.8));
#2669 = DIRECTION('',(0.,0.,1.));
#2670 = DIRECTION('',(1.,0.,-0.));
#2671 = ORIENTED_EDGE('',*,*,#2672,.T.);
#2672 = EDGE_CURVE('',#2664,#2638,#2673,.T.);
#2673 = LINE('',#2674,#2675);
#2674 = CARTESIAN_POINT('',(-10.35,16.405,9.8));
#2675 = VECTOR('',#2676,1.);
#2676 = DIRECTION('',(-1.,-0.,0.));
#2677 = FACE_BOUND('',#2678,.T.);
#2678 = EDGE_LOOP('',(#2679,#2690,#2698,#2707));
#2679 = ORIENTED_EDGE('',*,*,#2680,.F.);
#2680 = EDGE_CURVE('',#2681,#2683,#2685,.T.);
#2681 = VERTEX_POINT('',#2682);
#2682 = CARTESIAN_POINT('',(3.915,27.94,9.8));
#2683 = VERTEX_POINT('',#2684);
#2684 = CARTESIAN_POINT('',(1.165,27.94,9.8));
#2685 = CIRCLE('',#2686,1.375);
#2686 = AXIS2_PLACEMENT_3D('',#2687,#2688,#2689);
#2687 = CARTESIAN_POINT('',(2.54,27.94,9.8));
#2688 = DIRECTION('',(0.,0.,1.));
#2689 = DIRECTION('',(1.,0.,-0.));
#2690 = ORIENTED_EDGE('',*,*,#2691,.F.);
#2691 = EDGE_CURVE('',#2692,#2681,#2694,.T.);
#2692 = VERTEX_POINT('',#2693);
#2693 = CARTESIAN_POINT('',(3.915,22.86,9.8));
#2694 = LINE('',#2695,#2696);
#2695 = CARTESIAN_POINT('',(3.915,-7.81,9.8));
#2696 = VECTOR('',#2697,1.);
#2697 = DIRECTION('',(-0.,1.,0.));
#2698 = ORIENTED_EDGE('',*,*,#2699,.F.);
#2699 = EDGE_CURVE('',#2700,#2692,#2702,.T.);
#2700 = VERTEX_POINT('',#2701);
#2701 = CARTESIAN_POINT('',(1.165,22.86,9.8));
#2702 = CIRCLE('',#2703,1.375);
#2703 = AXIS2_PLACEMENT_3D('',#2704,#2705,#2706);
#2704 = CARTESIAN_POINT('',(2.54,22.86,9.8));
#2705 = DIRECTION('',(0.,0.,1.));
#2706 = DIRECTION('',(1.,0.,-0.));
#2707 = ORIENTED_EDGE('',*,*,#2708,.T.);
#2708 = EDGE_CURVE('',#2700,#2683,#2709,.T.);
#2709 = LINE('',#2710,#2711);
#2710 = CARTESIAN_POINT('',(1.165,-7.81,9.8));
#2711 = VECTOR('',#2712,1.);
#2712 = DIRECTION('',(-0.,1.,0.));
#2713 = FACE_BOUND('',#2714,.T.);
#2714 = EDGE_LOOP('',(#2715));
#2715 = ORIENTED_EDGE('',*,*,#2716,.F.);
#2716 = EDGE_CURVE('',#2717,#2717,#2719,.T.);
#2717 = VERTEX_POINT('',#2718);
#2718 = CARTESIAN_POINT('',(8.995,22.86,9.8));
#2719 = CIRCLE('',#2720,1.375);
#2720 = AXIS2_PLACEMENT_3D('',#2721,#2722,#2723);
#2721 = CARTESIAN_POINT('',(7.62,22.86,9.8));
#2722 = DIRECTION('',(0.,0.,1.));
#2723 = DIRECTION('',(1.,0.,-0.));
#2724 = FACE_BOUND('',#2725,.T.);
#2725 = EDGE_LOOP('',(#2726,#2737,#2745,#2754));
#2726 = ORIENTED_EDGE('',*,*,#2727,.F.);
#2727 = EDGE_CURVE('',#2728,#2730,#2732,.T.);
#2728 = VERTEX_POINT('',#2729);
#2729 = CARTESIAN_POINT('',(14.075,22.86,9.8));
#2730 = VERTEX_POINT('',#2731);
#2731 = CARTESIAN_POINT('',(11.325,22.86,9.8));
#2732 = CIRCLE('',#2733,1.375);
#2733 = AXIS2_PLACEMENT_3D('',#2734,#2735,#2736);
#2734 = CARTESIAN_POINT('',(12.7,22.86,9.8));
#2735 = DIRECTION('',(0.,0.,1.));
#2736 = DIRECTION('',(1.,0.,-0.));
#2737 = ORIENTED_EDGE('',*,*,#2738,.F.);
#2738 = EDGE_CURVE('',#2739,#2728,#2741,.T.);
#2739 = VERTEX_POINT('',#2740);
#2740 = CARTESIAN_POINT('',(14.075,17.78,9.8));
#2741 = LINE('',#2742,#2743);
#2742 = CARTESIAN_POINT('',(14.075,-10.35,9.8));
#2743 = VECTOR('',#2744,1.);
#2744 = DIRECTION('',(-0.,1.,0.));
#2745 = ORIENTED_EDGE('',*,*,#2746,.F.);
#2746 = EDGE_CURVE('',#2747,#2739,#2749,.T.);
#2747 = VERTEX_POINT('',#2748);
#2748 = CARTESIAN_POINT('',(11.325,17.78,9.8));
#2749 = CIRCLE('',#2750,1.375);
#2750 = AXIS2_PLACEMENT_3D('',#2751,#2752,#2753);
#2751 = CARTESIAN_POINT('',(12.7,17.78,9.8));
#2752 = DIRECTION('',(0.,0.,1.));
#2753 = DIRECTION('',(1.,0.,-0.));
#2754 = ORIENTED_EDGE('',*,*,#2755,.T.);
#2755 = EDGE_CURVE('',#2747,#2730,#2756,.T.);
#2756 = LINE('',#2757,#2758);
#2757 = CARTESIAN_POINT('',(11.325,-10.35,9.8));
#2758 = VECTOR('',#2759,1.);
#2759 = DIRECTION('',(-0.,1.,0.));
#2760 = FACE_BOUND('',#2761,.T.);
#2761 = EDGE_LOOP('',(#2762,#2773,#2781,#2790));
#2762 = ORIENTED_EDGE('',*,*,#2763,.F.);
#2763 = EDGE_CURVE('',#2764,#2766,#2768,.T.);
#2764 = VERTEX_POINT('',#2765);
#2765 = CARTESIAN_POINT('',(19.155,27.94,9.8));
#2766 = VERTEX_POINT('',#2767);
#2767 = CARTESIAN_POINT('',(16.405,27.94,9.8));
#2768 = CIRCLE('',#2769,1.375);
#2769 = AXIS2_PLACEMENT_3D('',#2770,#2771,#2772);
#2770 = CARTESIAN_POINT('',(17.78,27.94,9.8));
#2771 = DIRECTION('',(0.,0.,1.));
#2772 = DIRECTION('',(1.,0.,-0.));
#2773 = ORIENTED_EDGE('',*,*,#2774,.F.);
#2774 = EDGE_CURVE('',#2775,#2764,#2777,.T.);
#2775 = VERTEX_POINT('',#2776);
#2776 = CARTESIAN_POINT('',(19.155,22.86,9.8));
#2777 = LINE('',#2778,#2779);
#2778 = CARTESIAN_POINT('',(19.155,-7.81,9.8));
#2779 = VECTOR('',#2780,1.);
#2780 = DIRECTION('',(-0.,1.,0.));
#2781 = ORIENTED_EDGE('',*,*,#2782,.F.);
#2782 = EDGE_CURVE('',#2783,#2775,#2785,.T.);
#2783 = VERTEX_POINT('',#2784);
#2784 = CARTESIAN_POINT('',(16.405,22.86,9.8));
#2785 = CIRCLE('',#2786,1.375);
#2786 = AXIS2_PLACEMENT_3D('',#2787,#2788,#2789);
#2787 = CARTESIAN_POINT('',(17.78,22.86,9.8));
#2788 = DIRECTION('',(0.,0.,1.));
#2789 = DIRECTION('',(1.,0.,-0.));
#2790 = ORIENTED_EDGE('',*,*,#2791,.T.);
#2791 = EDGE_CURVE('',#2783,#2766,#2792,.T.);
#2792 = LINE('',#2793,#2794);
#2793 = CARTESIAN_POINT('',(16.405,-7.81,9.8));
#2794 = VECTOR('',#2795,1.);
#2795 = DIRECTION('',(-0.,1.,0.));
#2796 = FACE_BOUND('',#2797,.T.);
#2797 = EDGE_LOOP('',(#2798,#2809,#2817,#2826,#2835));
#2798 = ORIENTED_EDGE('',*,*,#2799,.F.);
#2799 = EDGE_CURVE('',#2800,#2802,#2804,.T.);
#2800 = VERTEX_POINT('',#2801);
#2801 = CARTESIAN_POINT('',(7.62,29.315,9.8));
#2802 = VERTEX_POINT('',#2803);
#2803 = CARTESIAN_POINT('',(7.62,26.565,9.8));
#2804 = CIRCLE('',#2805,1.375);
#2805 = AXIS2_PLACEMENT_3D('',#2806,#2807,#2808);
#2806 = CARTESIAN_POINT('',(7.62,27.94,9.8));
#2807 = DIRECTION('',(0.,0.,1.));
#2808 = DIRECTION('',(1.,0.,-0.));
#2809 = ORIENTED_EDGE('',*,*,#2810,.F.);
#2810 = EDGE_CURVE('',#2811,#2800,#2813,.T.);
#2811 = VERTEX_POINT('',#2812);
#2812 = CARTESIAN_POINT('',(12.7,29.315,9.8));
#2813 = LINE('',#2814,#2815);
#2814 = CARTESIAN_POINT('',(-15.43,29.315,9.8));
#2815 = VECTOR('',#2816,1.);
#2816 = DIRECTION('',(-1.,-0.,0.));
#2817 = ORIENTED_EDGE('',*,*,#2818,.F.);
#2818 = EDGE_CURVE('',#2819,#2811,#2821,.T.);
#2819 = VERTEX_POINT('',#2820);
#2820 = CARTESIAN_POINT('',(14.075,27.94,9.8));
#2821 = CIRCLE('',#2822,1.375);
#2822 = AXIS2_PLACEMENT_3D('',#2823,#2824,#2825);
#2823 = CARTESIAN_POINT('',(12.7,27.94,9.8));
#2824 = DIRECTION('',(0.,0.,1.));
#2825 = DIRECTION('',(1.,0.,-0.));
#2826 = ORIENTED_EDGE('',*,*,#2827,.F.);
#2827 = EDGE_CURVE('',#2828,#2819,#2830,.T.);
#2828 = VERTEX_POINT('',#2829);
#2829 = CARTESIAN_POINT('',(12.7,26.565,9.8));
#2830 = CIRCLE('',#2831,1.375);
#2831 = AXIS2_PLACEMENT_3D('',#2832,#2833,#2834);
#2832 = CARTESIAN_POINT('',(12.7,27.94,9.8));
#2833 = DIRECTION('',(0.,0.,1.));
#2834 = DIRECTION('',(1.,0.,-0.));
#2835 = ORIENTED_EDGE('',*,*,#2836,.T.);
#2836 = EDGE_CURVE('',#2828,#2802,#2837,.T.);
#2837 = LINE('',#2838,#2839);
#2838 = CARTESIAN_POINT('',(-15.43,26.565,9.8));
#2839 = VECTOR('',#2840,1.);
#2840 = DIRECTION('',(-1.,-0.,0.));
#2841 = FACE_BOUND('',#2842,.T.);
#2842 = EDGE_LOOP('',(#2843));
#2843 = ORIENTED_EDGE('',*,*,#2844,.F.);
#2844 = EDGE_CURVE('',#2845,#2845,#2847,.T.);
#2845 = VERTEX_POINT('',#2846);
#2846 = CARTESIAN_POINT('',(24.235,22.86,9.8));
#2847 = CIRCLE('',#2848,1.375);
#2848 = AXIS2_PLACEMENT_3D('',#2849,#2850,#2851);
#2849 = CARTESIAN_POINT('',(22.86,22.86,9.8));
#2850 = DIRECTION('',(0.,0.,1.));
#2851 = DIRECTION('',(1.,0.,-0.));
#2852 = FACE_BOUND('',#2853,.T.);
#2853 = EDGE_LOOP('',(#2854,#2865,#2873,#2882));
#2854 = ORIENTED_EDGE('',*,*,#2855,.F.);
#2855 = EDGE_CURVE('',#2856,#2858,#2860,.T.);
#2856 = VERTEX_POINT('',#2857);
#2857 = CARTESIAN_POINT('',(29.315,22.86,9.8));
#2858 = VERTEX_POINT('',#2859);
#2859 = CARTESIAN_POINT('',(26.565,22.86,9.8));
#2860 = CIRCLE('',#2861,1.375);
#2861 = AXIS2_PLACEMENT_3D('',#2862,#2863,#2864);
#2862 = CARTESIAN_POINT('',(27.94,22.86,9.8));
#2863 = DIRECTION('',(0.,0.,1.));
#2864 = DIRECTION('',(1.,0.,-0.));
#2865 = ORIENTED_EDGE('',*,*,#2866,.F.);
#2866 = EDGE_CURVE('',#2867,#2856,#2869,.T.);
#2867 = VERTEX_POINT('',#2868);
#2868 = CARTESIAN_POINT('',(29.315,17.78,9.8));
#2869 = LINE('',#2870,#2871);
#2870 = CARTESIAN_POINT('',(29.315,-10.35,9.8));
#2871 = VECTOR('',#2872,1.);
#2872 = DIRECTION('',(-0.,1.,0.));
#2873 = ORIENTED_EDGE('',*,*,#2874,.F.);
#2874 = EDGE_CURVE('',#2875,#2867,#2877,.T.);
#2875 = VERTEX_POINT('',#2876);
#2876 = CARTESIAN_POINT('',(26.565,17.78,9.8));
#2877 = CIRCLE('',#2878,1.375);
#2878 = AXIS2_PLACEMENT_3D('',#2879,#2880,#2881);
#2879 = CARTESIAN_POINT('',(27.94,17.78,9.8));
#2880 = DIRECTION('',(0.,0.,1.));
#2881 = DIRECTION('',(1.,0.,-0.));
#2882 = ORIENTED_EDGE('',*,*,#2883,.T.);
#2883 = EDGE_CURVE('',#2875,#2858,#2884,.T.);
#2884 = LINE('',#2885,#2886);
#2885 = CARTESIAN_POINT('',(26.565,-10.35,9.8));
#2886 = VECTOR('',#2887,1.);
#2887 = DIRECTION('',(-0.,1.,0.));
#2888 = FACE_BOUND('',#2889,.T.);
#2889 = EDGE_LOOP('',(#2890,#2901,#2909,#2918,#2927));
#2890 = ORIENTED_EDGE('',*,*,#2891,.F.);
#2891 = EDGE_CURVE('',#2892,#2894,#2896,.T.);
#2892 = VERTEX_POINT('',#2893);
#2893 = CARTESIAN_POINT('',(22.86,29.315,9.8));
#2894 = VERTEX_POINT('',#2895);
#2895 = CARTESIAN_POINT('',(22.86,26.565,9.8));
#2896 = CIRCLE('',#2897,1.375);
#2897 = AXIS2_PLACEMENT_3D('',#2898,#2899,#2900);
#2898 = CARTESIAN_POINT('',(22.86,27.94,9.8));
#2899 = DIRECTION('',(0.,0.,1.));
#2900 = DIRECTION('',(1.,0.,-0.));
#2901 = ORIENTED_EDGE('',*,*,#2902,.F.);
#2902 = EDGE_CURVE('',#2903,#2892,#2905,.T.);
#2903 = VERTEX_POINT('',#2904);
#2904 = CARTESIAN_POINT('',(27.94,29.315,9.8));
#2905 = LINE('',#2906,#2907);
#2906 = CARTESIAN_POINT('',(-7.81,29.315,9.8));
#2907 = VECTOR('',#2908,1.);
#2908 = DIRECTION('',(-1.,-0.,0.));
#2909 = ORIENTED_EDGE('',*,*,#2910,.F.);
#2910 = EDGE_CURVE('',#2911,#2903,#2913,.T.);
#2911 = VERTEX_POINT('',#2912);
#2912 = CARTESIAN_POINT('',(29.315,27.94,9.8));
#2913 = CIRCLE('',#2914,1.375);
#2914 = AXIS2_PLACEMENT_3D('',#2915,#2916,#2917);
#2915 = CARTESIAN_POINT('',(27.94,27.94,9.8));
#2916 = DIRECTION('',(0.,0.,1.));
#2917 = DIRECTION('',(1.,0.,-0.));
#2918 = ORIENTED_EDGE('',*,*,#2919,.F.);
#2919 = EDGE_CURVE('',#2920,#2911,#2922,.T.);
#2920 = VERTEX_POINT('',#2921);
#2921 = CARTESIAN_POINT('',(27.94,26.565,9.8));
#2922 = CIRCLE('',#2923,1.375);
#2923 = AXIS2_PLACEMENT_3D('',#2924,#2925,#2926);
#2924 = CARTESIAN_POINT('',(27.94,27.94,9.8));
#2925 = DIRECTION('',(0.,0.,1.));
#2926 = DIRECTION('',(1.,0.,-0.));
#2927 = ORIENTED_EDGE('',*,*,#2928,.T.);
#2928 = EDGE_CURVE('',#2920,#2894,#2929,.T.);
#2929 = LINE('',#2930,#2931);
#2930 = CARTESIAN_POINT('',(-7.81,26.565,9.8));
#2931 = VECTOR('',#2932,1.);
#2932 = DIRECTION('',(-1.,-0.,0.));
#2933 = FACE_BOUND('',#2934,.T.);
#2934 = EDGE_LOOP('',(#2935));
#2935 = ORIENTED_EDGE('',*,*,#2936,.F.);
#2936 = EDGE_CURVE('',#2937,#2937,#2939,.T.);
#2937 = VERTEX_POINT('',#2938);
#2938 = CARTESIAN_POINT('',(36.18,34.48,9.8));
#2939 = CIRCLE('',#2940,1.7);
#2940 = AXIS2_PLACEMENT_3D('',#2941,#2942,#2943);
#2941 = CARTESIAN_POINT('',(34.48,34.48,9.8));
#2942 = DIRECTION('',(0.,0.,1.));
#2943 = DIRECTION('',(1.,0.,-0.));
#2944 = PLANE('',#2945);
#2945 = AXIS2_PLACEMENT_3D('',#2946,#2947,#2948);
#2946 = CARTESIAN_POINT('',(-38.48,-38.48,9.8));
#2947 = DIRECTION('',(0.,0.,1.));
#2948 = DIRECTION('',(1.,0.,-0.));
#2949 = ADVANCED_FACE('',(#2950),#2969,.T.);
#2950 = FACE_BOUND('',#2951,.T.);
#2951 = EDGE_LOOP('',(#2952,#2961,#2967,#2968));
#2952 = ORIENTED_EDGE('',*,*,#2953,.T.);
#2953 = EDGE_CURVE('',#32,#2954,#2956,.T.);
#2954 = VERTEX_POINT('',#2955);
#2955 = CARTESIAN_POINT('',(-35.48,-38.48,6.8));
#2956 = CIRCLE('',#2957,3.);
#2957 = AXIS2_PLACEMENT_3D('',#2958,#2959,#2960);
#2958 = CARTESIAN_POINT('',(-35.48,-35.48,6.8));
#2959 = DIRECTION('',(0.,0.,1.));
#2960 = DIRECTION('',(0.,-1.,0.));
#2961 = ORIENTED_EDGE('',*,*,#2962,.T.);
#2962 = EDGE_CURVE('',#2954,#63,#2963,.T.);
#2963 = LINE('',#2964,#2965);
#2964 = CARTESIAN_POINT('',(-35.48,-38.48,6.8));
#2965 = VECTOR('',#2966,1.);
#2966 = DIRECTION('',(0.,0.,1.));
#2967 = ORIENTED_EDGE('',*,*,#62,.F.);
#2968 = ORIENTED_EDGE('',*,*,#31,.F.);
#2969 = CYLINDRICAL_SURFACE('',#2970,3.);
#2970 = AXIS2_PLACEMENT_3D('',#2971,#2972,#2973);
#2971 = CARTESIAN_POINT('',(-35.48,-35.48,6.8));
#2972 = DIRECTION('',(0.,0.,1.));
#2973 = DIRECTION('',(-1.,-0.,0.));
#2974 = ADVANCED_FACE('',(#2975),#2994,.T.);
#2975 = FACE_BOUND('',#2976,.F.);
#2976 = EDGE_LOOP('',(#2977,#2986,#2992,#2993));
#2977 = ORIENTED_EDGE('',*,*,#2978,.T.);
#2978 = EDGE_CURVE('',#40,#2979,#2981,.T.);
#2979 = VERTEX_POINT('',#2980);
#2980 = CARTESIAN_POINT('',(-35.48,38.48,6.8));
#2981 = CIRCLE('',#2982,3.);
#2982 = AXIS2_PLACEMENT_3D('',#2983,#2984,#2985);
#2983 = CARTESIAN_POINT('',(-35.48,35.48,6.8));
#2984 = DIRECTION('',(-0.,-0.,-1.));
#2985 = DIRECTION('',(0.,-1.,0.));
#2986 = ORIENTED_EDGE('',*,*,#2987,.T.);
#2987 = EDGE_CURVE('',#2979,#106,#2988,.T.);
#2988 = LINE('',#2989,#2990);
#2989 = CARTESIAN_POINT('',(-35.48,38.48,6.8));
#2990 = VECTOR('',#2991,1.);
#2991 = DIRECTION('',(0.,0.,1.));
#2992 = ORIENTED_EDGE('',*,*,#113,.F.);
#2993 = ORIENTED_EDGE('',*,*,#47,.F.);
#2994 = CYLINDRICAL_SURFACE('',#2995,3.);
#2995 = AXIS2_PLACEMENT_3D('',#2996,#2997,#2998);
#2996 = CARTESIAN_POINT('',(-35.48,35.48,6.8));
#2997 = DIRECTION('',(0.,0.,1.));
#2998 = DIRECTION('',(-1.,-0.,0.));
#2999 = ADVANCED_FACE('',(#3000,#3045,#3056,#3101,#3137,#3148,#3193,
    #3229,#3265,#3276,#3312,#3357,#3402,#3438,#3449,#3494,#3530,#3575,
    #3620,#3656,#3692,#3703,#3748,#3793,#3804,#3840,#3876,#3912,#3957,
    #3968,#3979,#4015,#4060,#4105,#4141,#4177,#4188,#4224,#4269,#4314,
    #4359,#4395,#4406,#4451,#4496,#4507,#4543,#4588,#4633,#4678,#4714,
    #4725,#4761,#4797,#4842,#4887,#4923,#4934,#4945,#4990,#5026,#5062,
    #5098,#5109,#5154,#5199,#5210,#5246,#5282,#5327,#5372,#5408,#5453,
    #5464,#5500,#5545,#5590,#5626,#5637,#5673,#5709,#5754,#5765,#5801,
    #5846),#5857,.F.);
#3000 = FACE_BOUND('',#3001,.F.);
#3001 = EDGE_LOOP('',(#3002,#3003,#3004,#3012,#3021,#3029,#3038,#3044));
#3002 = ORIENTED_EDGE('',*,*,#39,.F.);
#3003 = ORIENTED_EDGE('',*,*,#2953,.T.);
#3004 = ORIENTED_EDGE('',*,*,#3005,.T.);
#3005 = EDGE_CURVE('',#2954,#3006,#3008,.T.);
#3006 = VERTEX_POINT('',#3007);
#3007 = CARTESIAN_POINT('',(35.48,-38.48,6.8));
#3008 = LINE('',#3009,#3010);
#3009 = CARTESIAN_POINT('',(-38.48,-38.48,6.8));
#3010 = VECTOR('',#3011,1.);
#3011 = DIRECTION('',(1.,0.,-0.));
#3012 = ORIENTED_EDGE('',*,*,#3013,.F.);
#3013 = EDGE_CURVE('',#3014,#3006,#3016,.T.);
#3014 = VERTEX_POINT('',#3015);
#3015 = CARTESIAN_POINT('',(38.48,-35.48,6.8));
#3016 = CIRCLE('',#3017,3.);
#3017 = AXIS2_PLACEMENT_3D('',#3018,#3019,#3020);
#3018 = CARTESIAN_POINT('',(35.48,-35.48,6.8));
#3019 = DIRECTION('',(-0.,-0.,-1.));
#3020 = DIRECTION('',(0.,-1.,0.));
#3021 = ORIENTED_EDGE('',*,*,#3022,.T.);
#3022 = EDGE_CURVE('',#3014,#3023,#3025,.T.);
#3023 = VERTEX_POINT('',#3024);
#3024 = CARTESIAN_POINT('',(38.48,35.48,6.8));
#3025 = LINE('',#3026,#3027);
#3026 = CARTESIAN_POINT('',(38.48,-38.48,6.8));
#3027 = VECTOR('',#3028,1.);
#3028 = DIRECTION('',(-0.,1.,0.));
#3029 = ORIENTED_EDGE('',*,*,#3030,.T.);
#3030 = EDGE_CURVE('',#3023,#3031,#3033,.T.);
#3031 = VERTEX_POINT('',#3032);
#3032 = CARTESIAN_POINT('',(35.48,38.48,6.8));
#3033 = CIRCLE('',#3034,3.);
#3034 = AXIS2_PLACEMENT_3D('',#3035,#3036,#3037);
#3035 = CARTESIAN_POINT('',(35.48,35.48,6.8));
#3036 = DIRECTION('',(0.,0.,1.));
#3037 = DIRECTION('',(0.,-1.,0.));
#3038 = ORIENTED_EDGE('',*,*,#3039,.F.);
#3039 = EDGE_CURVE('',#2979,#3031,#3040,.T.);
#3040 = LINE('',#3041,#3042);
#3041 = CARTESIAN_POINT('',(-38.48,38.48,6.8));
#3042 = VECTOR('',#3043,1.);
#3043 = DIRECTION('',(1.,0.,-0.));
#3044 = ORIENTED_EDGE('',*,*,#2978,.F.);
#3045 = FACE_BOUND('',#3046,.F.);
#3046 = EDGE_LOOP('',(#3047));
#3047 = ORIENTED_EDGE('',*,*,#3048,.F.);
#3048 = EDGE_CURVE('',#3049,#3049,#3051,.T.);
#3049 = VERTEX_POINT('',#3050);
#3050 = CARTESIAN_POINT('',(-32.78,-34.48,6.8));
#3051 = CIRCLE('',#3052,1.7);
#3052 = AXIS2_PLACEMENT_3D('',#3053,#3054,#3055);
#3053 = CARTESIAN_POINT('',(-34.48,-34.48,6.8));
#3054 = DIRECTION('',(0.,0.,1.));
#3055 = DIRECTION('',(1.,0.,-0.));
#3056 = FACE_BOUND('',#3057,.F.);
#3057 = EDGE_LOOP('',(#3058,#3069,#3077,#3086,#3095));
#3058 = ORIENTED_EDGE('',*,*,#3059,.F.);
#3059 = EDGE_CURVE('',#3060,#3062,#3064,.T.);
#3060 = VERTEX_POINT('',#3061);
#3061 = CARTESIAN_POINT('',(-27.94,-26.565,6.8));
#3062 = VERTEX_POINT('',#3063);
#3063 = CARTESIAN_POINT('',(-27.94,-29.315,6.8));
#3064 = CIRCLE('',#3065,1.375);
#3065 = AXIS2_PLACEMENT_3D('',#3066,#3067,#3068);
#3066 = CARTESIAN_POINT('',(-27.94,-27.94,6.8));
#3067 = DIRECTION('',(0.,0.,1.));
#3068 = DIRECTION('',(1.,0.,-0.));
#3069 = ORIENTED_EDGE('',*,*,#3070,.F.);
#3070 = EDGE_CURVE('',#3071,#3060,#3073,.T.);
#3071 = VERTEX_POINT('',#3072);
#3072 = CARTESIAN_POINT('',(-22.86,-26.565,6.8));
#3073 = LINE('',#3074,#3075);
#3074 = CARTESIAN_POINT('',(-33.21,-26.565,6.8));
#3075 = VECTOR('',#3076,1.);
#3076 = DIRECTION('',(-1.,-0.,0.));
#3077 = ORIENTED_EDGE('',*,*,#3078,.F.);
#3078 = EDGE_CURVE('',#3079,#3071,#3081,.T.);
#3079 = VERTEX_POINT('',#3080);
#3080 = CARTESIAN_POINT('',(-21.485,-27.94,6.8));
#3081 = CIRCLE('',#3082,1.375);
#3082 = AXIS2_PLACEMENT_3D('',#3083,#3084,#3085);
#3083 = CARTESIAN_POINT('',(-22.86,-27.94,6.8));
#3084 = DIRECTION('',(0.,0.,1.));
#3085 = DIRECTION('',(1.,0.,-0.));
#3086 = ORIENTED_EDGE('',*,*,#3087,.F.);
#3087 = EDGE_CURVE('',#3088,#3079,#3090,.T.);
#3088 = VERTEX_POINT('',#3089);
#3089 = CARTESIAN_POINT('',(-22.86,-29.315,6.8));
#3090 = CIRCLE('',#3091,1.375);
#3091 = AXIS2_PLACEMENT_3D('',#3092,#3093,#3094);
#3092 = CARTESIAN_POINT('',(-22.86,-27.94,6.8));
#3093 = DIRECTION('',(0.,0.,1.));
#3094 = DIRECTION('',(1.,0.,-0.));
#3095 = ORIENTED_EDGE('',*,*,#3096,.T.);
#3096 = EDGE_CURVE('',#3088,#3062,#3097,.T.);
#3097 = LINE('',#3098,#3099);
#3098 = CARTESIAN_POINT('',(-33.21,-29.315,6.8));
#3099 = VECTOR('',#3100,1.);
#3100 = DIRECTION('',(-1.,-0.,0.));
#3101 = FACE_BOUND('',#3102,.F.);
#3102 = EDGE_LOOP('',(#3103,#3114,#3122,#3131));
#3103 = ORIENTED_EDGE('',*,*,#3104,.F.);
#3104 = EDGE_CURVE('',#3105,#3107,#3109,.T.);
#3105 = VERTEX_POINT('',#3106);
#3106 = CARTESIAN_POINT('',(-26.565,-17.78,6.8));
#3107 = VERTEX_POINT('',#3108);
#3108 = CARTESIAN_POINT('',(-29.315,-17.78,6.8));
#3109 = CIRCLE('',#3110,1.375);
#3110 = AXIS2_PLACEMENT_3D('',#3111,#3112,#3113);
#3111 = CARTESIAN_POINT('',(-27.94,-17.78,6.8));
#3112 = DIRECTION('',(0.,0.,1.));
#3113 = DIRECTION('',(1.,0.,-0.));
#3114 = ORIENTED_EDGE('',*,*,#3115,.F.);
#3115 = EDGE_CURVE('',#3116,#3105,#3118,.T.);
#3116 = VERTEX_POINT('',#3117);
#3117 = CARTESIAN_POINT('',(-26.565,-22.86,6.8));
#3118 = LINE('',#3119,#3120);
#3119 = CARTESIAN_POINT('',(-26.565,-30.67,6.8));
#3120 = VECTOR('',#3121,1.);
#3121 = DIRECTION('',(-0.,1.,0.));
#3122 = ORIENTED_EDGE('',*,*,#3123,.F.);
#3123 = EDGE_CURVE('',#3124,#3116,#3126,.T.);
#3124 = VERTEX_POINT('',#3125);
#3125 = CARTESIAN_POINT('',(-29.315,-22.86,6.8));
#3126 = CIRCLE('',#3127,1.375);
#3127 = AXIS2_PLACEMENT_3D('',#3128,#3129,#3130);
#3128 = CARTESIAN_POINT('',(-27.94,-22.86,6.8));
#3129 = DIRECTION('',(0.,0.,1.));
#3130 = DIRECTION('',(1.,0.,-0.));
#3131 = ORIENTED_EDGE('',*,*,#3132,.T.);
#3132 = EDGE_CURVE('',#3124,#3107,#3133,.T.);
#3133 = LINE('',#3134,#3135);
#3134 = CARTESIAN_POINT('',(-29.315,-30.67,6.8));
#3135 = VECTOR('',#3136,1.);
#3136 = DIRECTION('',(-0.,1.,0.));
#3137 = FACE_BOUND('',#3138,.F.);
#3138 = EDGE_LOOP('',(#3139));
#3139 = ORIENTED_EDGE('',*,*,#3140,.F.);
#3140 = EDGE_CURVE('',#3141,#3141,#3143,.T.);
#3141 = VERTEX_POINT('',#3142);
#3142 = CARTESIAN_POINT('',(-21.485,-22.86,6.8));
#3143 = CIRCLE('',#3144,1.375);
#3144 = AXIS2_PLACEMENT_3D('',#3145,#3146,#3147);
#3145 = CARTESIAN_POINT('',(-22.86,-22.86,6.8));
#3146 = DIRECTION('',(0.,0.,1.));
#3147 = DIRECTION('',(1.,0.,-0.));
#3148 = FACE_BOUND('',#3149,.F.);
#3149 = EDGE_LOOP('',(#3150,#3161,#3169,#3178,#3187));
#3150 = ORIENTED_EDGE('',*,*,#3151,.F.);
#3151 = EDGE_CURVE('',#3152,#3154,#3156,.T.);
#3152 = VERTEX_POINT('',#3153);
#3153 = CARTESIAN_POINT('',(-12.7,-26.565,6.8));
#3154 = VERTEX_POINT('',#3155);
#3155 = CARTESIAN_POINT('',(-12.7,-29.315,6.8));
#3156 = CIRCLE('',#3157,1.375);
#3157 = AXIS2_PLACEMENT_3D('',#3158,#3159,#3160);
#3158 = CARTESIAN_POINT('',(-12.7,-27.94,6.8));
#3159 = DIRECTION('',(0.,0.,1.));
#3160 = DIRECTION('',(1.,0.,-0.));
#3161 = ORIENTED_EDGE('',*,*,#3162,.F.);
#3162 = EDGE_CURVE('',#3163,#3152,#3165,.T.);
#3163 = VERTEX_POINT('',#3164);
#3164 = CARTESIAN_POINT('',(-7.62,-26.565,6.8));
#3165 = LINE('',#3166,#3167);
#3166 = CARTESIAN_POINT('',(-25.59,-26.565,6.8));
#3167 = VECTOR('',#3168,1.);
#3168 = DIRECTION('',(-1.,-0.,0.));
#3169 = ORIENTED_EDGE('',*,*,#3170,.F.);
#3170 = EDGE_CURVE('',#3171,#3163,#3173,.T.);
#3171 = VERTEX_POINT('',#3172);
#3172 = CARTESIAN_POINT('',(-6.245,-27.94,6.8));
#3173 = CIRCLE('',#3174,1.375);
#3174 = AXIS2_PLACEMENT_3D('',#3175,#3176,#3177);
#3175 = CARTESIAN_POINT('',(-7.62,-27.94,6.8));
#3176 = DIRECTION('',(0.,0.,1.));
#3177 = DIRECTION('',(1.,0.,-0.));
#3178 = ORIENTED_EDGE('',*,*,#3179,.F.);
#3179 = EDGE_CURVE('',#3180,#3171,#3182,.T.);
#3180 = VERTEX_POINT('',#3181);
#3181 = CARTESIAN_POINT('',(-7.62,-29.315,6.8));
#3182 = CIRCLE('',#3183,1.375);
#3183 = AXIS2_PLACEMENT_3D('',#3184,#3185,#3186);
#3184 = CARTESIAN_POINT('',(-7.62,-27.94,6.8));
#3185 = DIRECTION('',(0.,0.,1.));
#3186 = DIRECTION('',(1.,0.,-0.));
#3187 = ORIENTED_EDGE('',*,*,#3188,.T.);
#3188 = EDGE_CURVE('',#3180,#3154,#3189,.T.);
#3189 = LINE('',#3190,#3191);
#3190 = CARTESIAN_POINT('',(-25.59,-29.315,6.8));
#3191 = VECTOR('',#3192,1.);
#3192 = DIRECTION('',(-1.,-0.,0.));
#3193 = FACE_BOUND('',#3194,.F.);
#3194 = EDGE_LOOP('',(#3195,#3206,#3214,#3223));
#3195 = ORIENTED_EDGE('',*,*,#3196,.F.);
#3196 = EDGE_CURVE('',#3197,#3199,#3201,.T.);
#3197 = VERTEX_POINT('',#3198);
#3198 = CARTESIAN_POINT('',(-16.405,-22.86,6.8));
#3199 = VERTEX_POINT('',#3200);
#3200 = CARTESIAN_POINT('',(-19.155,-22.86,6.8));
#3201 = CIRCLE('',#3202,1.375);
#3202 = AXIS2_PLACEMENT_3D('',#3203,#3204,#3205);
#3203 = CARTESIAN_POINT('',(-17.78,-22.86,6.8));
#3204 = DIRECTION('',(0.,0.,1.));
#3205 = DIRECTION('',(1.,0.,-0.));
#3206 = ORIENTED_EDGE('',*,*,#3207,.F.);
#3207 = EDGE_CURVE('',#3208,#3197,#3210,.T.);
#3208 = VERTEX_POINT('',#3209);
#3209 = CARTESIAN_POINT('',(-16.405,-27.94,6.8));
#3210 = LINE('',#3211,#3212);
#3211 = CARTESIAN_POINT('',(-16.405,-33.21,6.8));
#3212 = VECTOR('',#3213,1.);
#3213 = DIRECTION('',(-0.,1.,0.));
#3214 = ORIENTED_EDGE('',*,*,#3215,.F.);
#3215 = EDGE_CURVE('',#3216,#3208,#3218,.T.);
#3216 = VERTEX_POINT('',#3217);
#3217 = CARTESIAN_POINT('',(-19.155,-27.94,6.8));
#3218 = CIRCLE('',#3219,1.375);
#3219 = AXIS2_PLACEMENT_3D('',#3220,#3221,#3222);
#3220 = CARTESIAN_POINT('',(-17.78,-27.94,6.8));
#3221 = DIRECTION('',(0.,0.,1.));
#3222 = DIRECTION('',(1.,0.,-0.));
#3223 = ORIENTED_EDGE('',*,*,#3224,.T.);
#3224 = EDGE_CURVE('',#3216,#3199,#3225,.T.);
#3225 = LINE('',#3226,#3227);
#3226 = CARTESIAN_POINT('',(-19.155,-33.21,6.8));
#3227 = VECTOR('',#3228,1.);
#3228 = DIRECTION('',(-0.,1.,0.));
#3229 = FACE_BOUND('',#3230,.F.);
#3230 = EDGE_LOOP('',(#3231,#3242,#3250,#3259));
#3231 = ORIENTED_EDGE('',*,*,#3232,.F.);
#3232 = EDGE_CURVE('',#3233,#3235,#3237,.T.);
#3233 = VERTEX_POINT('',#3234);
#3234 = CARTESIAN_POINT('',(-11.325,-17.78,6.8));
#3235 = VERTEX_POINT('',#3236);
#3236 = CARTESIAN_POINT('',(-14.075,-17.78,6.8));
#3237 = CIRCLE('',#3238,1.375);
#3238 = AXIS2_PLACEMENT_3D('',#3239,#3240,#3241);
#3239 = CARTESIAN_POINT('',(-12.7,-17.78,6.8));
#3240 = DIRECTION('',(0.,0.,1.));
#3241 = DIRECTION('',(1.,0.,-0.));
#3242 = ORIENTED_EDGE('',*,*,#3243,.F.);
#3243 = EDGE_CURVE('',#3244,#3233,#3246,.T.);
#3244 = VERTEX_POINT('',#3245);
#3245 = CARTESIAN_POINT('',(-11.325,-22.86,6.8));
#3246 = LINE('',#3247,#3248);
#3247 = CARTESIAN_POINT('',(-11.325,-30.67,6.8));
#3248 = VECTOR('',#3249,1.);
#3249 = DIRECTION('',(-0.,1.,0.));
#3250 = ORIENTED_EDGE('',*,*,#3251,.F.);
#3251 = EDGE_CURVE('',#3252,#3244,#3254,.T.);
#3252 = VERTEX_POINT('',#3253);
#3253 = CARTESIAN_POINT('',(-14.075,-22.86,6.8));
#3254 = CIRCLE('',#3255,1.375);
#3255 = AXIS2_PLACEMENT_3D('',#3256,#3257,#3258);
#3256 = CARTESIAN_POINT('',(-12.7,-22.86,6.8));
#3257 = DIRECTION('',(0.,0.,1.));
#3258 = DIRECTION('',(1.,0.,-0.));
#3259 = ORIENTED_EDGE('',*,*,#3260,.T.);
#3260 = EDGE_CURVE('',#3252,#3235,#3261,.T.);
#3261 = LINE('',#3262,#3263);
#3262 = CARTESIAN_POINT('',(-14.075,-30.67,6.8));
#3263 = VECTOR('',#3264,1.);
#3264 = DIRECTION('',(-0.,1.,0.));
#3265 = FACE_BOUND('',#3266,.F.);
#3266 = EDGE_LOOP('',(#3267));
#3267 = ORIENTED_EDGE('',*,*,#3268,.F.);
#3268 = EDGE_CURVE('',#3269,#3269,#3271,.T.);
#3269 = VERTEX_POINT('',#3270);
#3270 = CARTESIAN_POINT('',(-6.245,-22.86,6.8));
#3271 = CIRCLE('',#3272,1.375);
#3272 = AXIS2_PLACEMENT_3D('',#3273,#3274,#3275);
#3273 = CARTESIAN_POINT('',(-7.62,-22.86,6.8));
#3274 = DIRECTION('',(0.,0.,1.));
#3275 = DIRECTION('',(1.,0.,-0.));
#3276 = FACE_BOUND('',#3277,.F.);
#3277 = EDGE_LOOP('',(#3278,#3289,#3297,#3306));
#3278 = ORIENTED_EDGE('',*,*,#3279,.F.);
#3279 = EDGE_CURVE('',#3280,#3282,#3284,.T.);
#3280 = VERTEX_POINT('',#3281);
#3281 = CARTESIAN_POINT('',(-1.165,-22.86,6.8));
#3282 = VERTEX_POINT('',#3283);
#3283 = CARTESIAN_POINT('',(-3.915,-22.86,6.8));
#3284 = CIRCLE('',#3285,1.375);
#3285 = AXIS2_PLACEMENT_3D('',#3286,#3287,#3288);
#3286 = CARTESIAN_POINT('',(-2.54,-22.86,6.8));
#3287 = DIRECTION('',(0.,0.,1.));
#3288 = DIRECTION('',(1.,0.,-0.));
#3289 = ORIENTED_EDGE('',*,*,#3290,.F.);
#3290 = EDGE_CURVE('',#3291,#3280,#3293,.T.);
#3291 = VERTEX_POINT('',#3292);
#3292 = CARTESIAN_POINT('',(-1.165,-27.94,6.8));
#3293 = LINE('',#3294,#3295);
#3294 = CARTESIAN_POINT('',(-1.165,-33.21,6.8));
#3295 = VECTOR('',#3296,1.);
#3296 = DIRECTION('',(-0.,1.,0.));
#3297 = ORIENTED_EDGE('',*,*,#3298,.F.);
#3298 = EDGE_CURVE('',#3299,#3291,#3301,.T.);
#3299 = VERTEX_POINT('',#3300);
#3300 = CARTESIAN_POINT('',(-3.915,-27.94,6.8));
#3301 = CIRCLE('',#3302,1.375);
#3302 = AXIS2_PLACEMENT_3D('',#3303,#3304,#3305);
#3303 = CARTESIAN_POINT('',(-2.54,-27.94,6.8));
#3304 = DIRECTION('',(0.,0.,1.));
#3305 = DIRECTION('',(1.,0.,-0.));
#3306 = ORIENTED_EDGE('',*,*,#3307,.T.);
#3307 = EDGE_CURVE('',#3299,#3282,#3308,.T.);
#3308 = LINE('',#3309,#3310);
#3309 = CARTESIAN_POINT('',(-3.915,-33.21,6.8));
#3310 = VECTOR('',#3311,1.);
#3311 = DIRECTION('',(-0.,1.,0.));
#3312 = FACE_BOUND('',#3313,.F.);
#3313 = EDGE_LOOP('',(#3314,#3325,#3333,#3342,#3351));
#3314 = ORIENTED_EDGE('',*,*,#3315,.F.);
#3315 = EDGE_CURVE('',#3316,#3318,#3320,.T.);
#3316 = VERTEX_POINT('',#3317);
#3317 = CARTESIAN_POINT('',(-22.86,-16.405,6.8));
#3318 = VERTEX_POINT('',#3319);
#3319 = CARTESIAN_POINT('',(-22.86,-19.155,6.8));
#3320 = CIRCLE('',#3321,1.375);
#3321 = AXIS2_PLACEMENT_3D('',#3322,#3323,#3324);
#3322 = CARTESIAN_POINT('',(-22.86,-17.78,6.8));
#3323 = DIRECTION('',(0.,0.,1.));
#3324 = DIRECTION('',(1.,0.,-0.));
#3325 = ORIENTED_EDGE('',*,*,#3326,.F.);
#3326 = EDGE_CURVE('',#3327,#3316,#3329,.T.);
#3327 = VERTEX_POINT('',#3328);
#3328 = CARTESIAN_POINT('',(-17.78,-16.405,6.8));
#3329 = LINE('',#3330,#3331);
#3330 = CARTESIAN_POINT('',(-30.67,-16.405,6.8));
#3331 = VECTOR('',#3332,1.);
#3332 = DIRECTION('',(-1.,-0.,0.));
#3333 = ORIENTED_EDGE('',*,*,#3334,.F.);
#3334 = EDGE_CURVE('',#3335,#3327,#3337,.T.);
#3335 = VERTEX_POINT('',#3336);
#3336 = CARTESIAN_POINT('',(-16.405,-17.78,6.8));
#3337 = CIRCLE('',#3338,1.375);
#3338 = AXIS2_PLACEMENT_3D('',#3339,#3340,#3341);
#3339 = CARTESIAN_POINT('',(-17.78,-17.78,6.8));
#3340 = DIRECTION('',(0.,0.,1.));
#3341 = DIRECTION('',(1.,0.,-0.));
#3342 = ORIENTED_EDGE('',*,*,#3343,.F.);
#3343 = EDGE_CURVE('',#3344,#3335,#3346,.T.);
#3344 = VERTEX_POINT('',#3345);
#3345 = CARTESIAN_POINT('',(-17.78,-19.155,6.8));
#3346 = CIRCLE('',#3347,1.375);
#3347 = AXIS2_PLACEMENT_3D('',#3348,#3349,#3350);
#3348 = CARTESIAN_POINT('',(-17.78,-17.78,6.8));
#3349 = DIRECTION('',(0.,0.,1.));
#3350 = DIRECTION('',(1.,0.,-0.));
#3351 = ORIENTED_EDGE('',*,*,#3352,.T.);
#3352 = EDGE_CURVE('',#3344,#3318,#3353,.T.);
#3353 = LINE('',#3354,#3355);
#3354 = CARTESIAN_POINT('',(-30.67,-19.155,6.8));
#3355 = VECTOR('',#3356,1.);
#3356 = DIRECTION('',(-1.,-0.,0.));
#3357 = FACE_BOUND('',#3358,.F.);
#3358 = EDGE_LOOP('',(#3359,#3370,#3378,#3387,#3396));
#3359 = ORIENTED_EDGE('',*,*,#3360,.F.);
#3360 = EDGE_CURVE('',#3361,#3363,#3365,.T.);
#3361 = VERTEX_POINT('',#3362);
#3362 = CARTESIAN_POINT('',(-27.94,-11.325,6.8));
#3363 = VERTEX_POINT('',#3364);
#3364 = CARTESIAN_POINT('',(-27.94,-14.075,6.8));
#3365 = CIRCLE('',#3366,1.375);
#3366 = AXIS2_PLACEMENT_3D('',#3367,#3368,#3369);
#3367 = CARTESIAN_POINT('',(-27.94,-12.7,6.8));
#3368 = DIRECTION('',(0.,0.,1.));
#3369 = DIRECTION('',(1.,0.,-0.));
#3370 = ORIENTED_EDGE('',*,*,#3371,.F.);
#3371 = EDGE_CURVE('',#3372,#3361,#3374,.T.);
#3372 = VERTEX_POINT('',#3373);
#3373 = CARTESIAN_POINT('',(-22.86,-11.325,6.8));
#3374 = LINE('',#3375,#3376);
#3375 = CARTESIAN_POINT('',(-33.21,-11.325,6.8));
#3376 = VECTOR('',#3377,1.);
#3377 = DIRECTION('',(-1.,-0.,0.));
#3378 = ORIENTED_EDGE('',*,*,#3379,.F.);
#3379 = EDGE_CURVE('',#3380,#3372,#3382,.T.);
#3380 = VERTEX_POINT('',#3381);
#3381 = CARTESIAN_POINT('',(-21.485,-12.7,6.8));
#3382 = CIRCLE('',#3383,1.375);
#3383 = AXIS2_PLACEMENT_3D('',#3384,#3385,#3386);
#3384 = CARTESIAN_POINT('',(-22.86,-12.7,6.8));
#3385 = DIRECTION('',(0.,0.,1.));
#3386 = DIRECTION('',(1.,0.,-0.));
#3387 = ORIENTED_EDGE('',*,*,#3388,.F.);
#3388 = EDGE_CURVE('',#3389,#3380,#3391,.T.);
#3389 = VERTEX_POINT('',#3390);
#3390 = CARTESIAN_POINT('',(-22.86,-14.075,6.8));
#3391 = CIRCLE('',#3392,1.375);
#3392 = AXIS2_PLACEMENT_3D('',#3393,#3394,#3395);
#3393 = CARTESIAN_POINT('',(-22.86,-12.7,6.8));
#3394 = DIRECTION('',(0.,0.,1.));
#3395 = DIRECTION('',(1.,0.,-0.));
#3396 = ORIENTED_EDGE('',*,*,#3397,.T.);
#3397 = EDGE_CURVE('',#3389,#3363,#3398,.T.);
#3398 = LINE('',#3399,#3400);
#3399 = CARTESIAN_POINT('',(-33.21,-14.075,6.8));
#3400 = VECTOR('',#3401,1.);
#3401 = DIRECTION('',(-1.,-0.,0.));
#3402 = FACE_BOUND('',#3403,.F.);
#3403 = EDGE_LOOP('',(#3404,#3415,#3423,#3432));
#3404 = ORIENTED_EDGE('',*,*,#3405,.F.);
#3405 = EDGE_CURVE('',#3406,#3408,#3410,.T.);
#3406 = VERTEX_POINT('',#3407);
#3407 = CARTESIAN_POINT('',(-26.565,-2.54,6.8));
#3408 = VERTEX_POINT('',#3409);
#3409 = CARTESIAN_POINT('',(-29.315,-2.54,6.8));
#3410 = CIRCLE('',#3411,1.375);
#3411 = AXIS2_PLACEMENT_3D('',#3412,#3413,#3414);
#3412 = CARTESIAN_POINT('',(-27.94,-2.54,6.8));
#3413 = DIRECTION('',(0.,0.,1.));
#3414 = DIRECTION('',(1.,0.,-0.));
#3415 = ORIENTED_EDGE('',*,*,#3416,.F.);
#3416 = EDGE_CURVE('',#3417,#3406,#3419,.T.);
#3417 = VERTEX_POINT('',#3418);
#3418 = CARTESIAN_POINT('',(-26.565,-7.62,6.8));
#3419 = LINE('',#3420,#3421);
#3420 = CARTESIAN_POINT('',(-26.565,-23.05,6.8));
#3421 = VECTOR('',#3422,1.);
#3422 = DIRECTION('',(-0.,1.,0.));
#3423 = ORIENTED_EDGE('',*,*,#3424,.F.);
#3424 = EDGE_CURVE('',#3425,#3417,#3427,.T.);
#3425 = VERTEX_POINT('',#3426);
#3426 = CARTESIAN_POINT('',(-29.315,-7.62,6.8));
#3427 = CIRCLE('',#3428,1.375);
#3428 = AXIS2_PLACEMENT_3D('',#3429,#3430,#3431);
#3429 = CARTESIAN_POINT('',(-27.94,-7.62,6.8));
#3430 = DIRECTION('',(0.,0.,1.));
#3431 = DIRECTION('',(1.,0.,-0.));
#3432 = ORIENTED_EDGE('',*,*,#3433,.T.);
#3433 = EDGE_CURVE('',#3425,#3408,#3434,.T.);
#3434 = LINE('',#3435,#3436);
#3435 = CARTESIAN_POINT('',(-29.315,-23.05,6.8));
#3436 = VECTOR('',#3437,1.);
#3437 = DIRECTION('',(-0.,1.,0.));
#3438 = FACE_BOUND('',#3439,.F.);
#3439 = EDGE_LOOP('',(#3440));
#3440 = ORIENTED_EDGE('',*,*,#3441,.F.);
#3441 = EDGE_CURVE('',#3442,#3442,#3444,.T.);
#3442 = VERTEX_POINT('',#3443);
#3443 = CARTESIAN_POINT('',(-21.485,-7.62,6.8));
#3444 = CIRCLE('',#3445,1.375);
#3445 = AXIS2_PLACEMENT_3D('',#3446,#3447,#3448);
#3446 = CARTESIAN_POINT('',(-22.86,-7.62,6.8));
#3447 = DIRECTION('',(0.,0.,1.));
#3448 = DIRECTION('',(1.,0.,-0.));
#3449 = FACE_BOUND('',#3450,.F.);
#3450 = EDGE_LOOP('',(#3451,#3462,#3470,#3479,#3488));
#3451 = ORIENTED_EDGE('',*,*,#3452,.F.);
#3452 = EDGE_CURVE('',#3453,#3455,#3457,.T.);
#3453 = VERTEX_POINT('',#3454);
#3454 = CARTESIAN_POINT('',(-22.86,-1.165,6.8));
#3455 = VERTEX_POINT('',#3456);
#3456 = CARTESIAN_POINT('',(-22.86,-3.915,6.8));
#3457 = CIRCLE('',#3458,1.375);
#3458 = AXIS2_PLACEMENT_3D('',#3459,#3460,#3461);
#3459 = CARTESIAN_POINT('',(-22.86,-2.54,6.8));
#3460 = DIRECTION('',(0.,0.,1.));
#3461 = DIRECTION('',(1.,0.,-0.));
#3462 = ORIENTED_EDGE('',*,*,#3463,.F.);
#3463 = EDGE_CURVE('',#3464,#3453,#3466,.T.);
#3464 = VERTEX_POINT('',#3465);
#3465 = CARTESIAN_POINT('',(-17.78,-1.165,6.8));
#3466 = LINE('',#3467,#3468);
#3467 = CARTESIAN_POINT('',(-30.67,-1.165,6.8));
#3468 = VECTOR('',#3469,1.);
#3469 = DIRECTION('',(-1.,-0.,0.));
#3470 = ORIENTED_EDGE('',*,*,#3471,.F.);
#3471 = EDGE_CURVE('',#3472,#3464,#3474,.T.);
#3472 = VERTEX_POINT('',#3473);
#3473 = CARTESIAN_POINT('',(-16.405,-2.54,6.8));
#3474 = CIRCLE('',#3475,1.375);
#3475 = AXIS2_PLACEMENT_3D('',#3476,#3477,#3478);
#3476 = CARTESIAN_POINT('',(-17.78,-2.54,6.8));
#3477 = DIRECTION('',(0.,0.,1.));
#3478 = DIRECTION('',(1.,0.,-0.));
#3479 = ORIENTED_EDGE('',*,*,#3480,.F.);
#3480 = EDGE_CURVE('',#3481,#3472,#3483,.T.);
#3481 = VERTEX_POINT('',#3482);
#3482 = CARTESIAN_POINT('',(-17.78,-3.915,6.8));
#3483 = CIRCLE('',#3484,1.375);
#3484 = AXIS2_PLACEMENT_3D('',#3485,#3486,#3487);
#3485 = CARTESIAN_POINT('',(-17.78,-2.54,6.8));
#3486 = DIRECTION('',(0.,0.,1.));
#3487 = DIRECTION('',(1.,0.,-0.));
#3488 = ORIENTED_EDGE('',*,*,#3489,.T.);
#3489 = EDGE_CURVE('',#3481,#3455,#3490,.T.);
#3490 = LINE('',#3491,#3492);
#3491 = CARTESIAN_POINT('',(-30.67,-3.915,6.8));
#3492 = VECTOR('',#3493,1.);
#3493 = DIRECTION('',(-1.,-0.,0.));
#3494 = FACE_BOUND('',#3495,.F.);
#3495 = EDGE_LOOP('',(#3496,#3507,#3515,#3524));
#3496 = ORIENTED_EDGE('',*,*,#3497,.F.);
#3497 = EDGE_CURVE('',#3498,#3500,#3502,.T.);
#3498 = VERTEX_POINT('',#3499);
#3499 = CARTESIAN_POINT('',(-16.405,-7.62,6.8));
#3500 = VERTEX_POINT('',#3501);
#3501 = CARTESIAN_POINT('',(-19.155,-7.62,6.8));
#3502 = CIRCLE('',#3503,1.375);
#3503 = AXIS2_PLACEMENT_3D('',#3504,#3505,#3506);
#3504 = CARTESIAN_POINT('',(-17.78,-7.62,6.8));
#3505 = DIRECTION('',(0.,0.,1.));
#3506 = DIRECTION('',(1.,0.,-0.));
#3507 = ORIENTED_EDGE('',*,*,#3508,.F.);
#3508 = EDGE_CURVE('',#3509,#3498,#3511,.T.);
#3509 = VERTEX_POINT('',#3510);
#3510 = CARTESIAN_POINT('',(-16.405,-12.7,6.8));
#3511 = LINE('',#3512,#3513);
#3512 = CARTESIAN_POINT('',(-16.405,-25.59,6.8));
#3513 = VECTOR('',#3514,1.);
#3514 = DIRECTION('',(-0.,1.,0.));
#3515 = ORIENTED_EDGE('',*,*,#3516,.F.);
#3516 = EDGE_CURVE('',#3517,#3509,#3519,.T.);
#3517 = VERTEX_POINT('',#3518);
#3518 = CARTESIAN_POINT('',(-19.155,-12.7,6.8));
#3519 = CIRCLE('',#3520,1.375);
#3520 = AXIS2_PLACEMENT_3D('',#3521,#3522,#3523);
#3521 = CARTESIAN_POINT('',(-17.78,-12.7,6.8));
#3522 = DIRECTION('',(0.,0.,1.));
#3523 = DIRECTION('',(1.,0.,-0.));
#3524 = ORIENTED_EDGE('',*,*,#3525,.T.);
#3525 = EDGE_CURVE('',#3517,#3500,#3526,.T.);
#3526 = LINE('',#3527,#3528);
#3527 = CARTESIAN_POINT('',(-19.155,-25.59,6.8));
#3528 = VECTOR('',#3529,1.);
#3529 = DIRECTION('',(-0.,1.,0.));
#3530 = FACE_BOUND('',#3531,.F.);
#3531 = EDGE_LOOP('',(#3532,#3543,#3551,#3560,#3569));
#3532 = ORIENTED_EDGE('',*,*,#3533,.F.);
#3533 = EDGE_CURVE('',#3534,#3536,#3538,.T.);
#3534 = VERTEX_POINT('',#3535);
#3535 = CARTESIAN_POINT('',(-12.7,-11.325,6.8));
#3536 = VERTEX_POINT('',#3537);
#3537 = CARTESIAN_POINT('',(-12.7,-14.075,6.8));
#3538 = CIRCLE('',#3539,1.375);
#3539 = AXIS2_PLACEMENT_3D('',#3540,#3541,#3542);
#3540 = CARTESIAN_POINT('',(-12.7,-12.7,6.8));
#3541 = DIRECTION('',(0.,0.,1.));
#3542 = DIRECTION('',(1.,0.,-0.));
#3543 = ORIENTED_EDGE('',*,*,#3544,.F.);
#3544 = EDGE_CURVE('',#3545,#3534,#3547,.T.);
#3545 = VERTEX_POINT('',#3546);
#3546 = CARTESIAN_POINT('',(-7.62,-11.325,6.8));
#3547 = LINE('',#3548,#3549);
#3548 = CARTESIAN_POINT('',(-25.59,-11.325,6.8));
#3549 = VECTOR('',#3550,1.);
#3550 = DIRECTION('',(-1.,-0.,0.));
#3551 = ORIENTED_EDGE('',*,*,#3552,.F.);
#3552 = EDGE_CURVE('',#3553,#3545,#3555,.T.);
#3553 = VERTEX_POINT('',#3554);
#3554 = CARTESIAN_POINT('',(-6.245,-12.7,6.8));
#3555 = CIRCLE('',#3556,1.375);
#3556 = AXIS2_PLACEMENT_3D('',#3557,#3558,#3559);
#3557 = CARTESIAN_POINT('',(-7.62,-12.7,6.8));
#3558 = DIRECTION('',(0.,0.,1.));
#3559 = DIRECTION('',(1.,0.,-0.));
#3560 = ORIENTED_EDGE('',*,*,#3561,.F.);
#3561 = EDGE_CURVE('',#3562,#3553,#3564,.T.);
#3562 = VERTEX_POINT('',#3563);
#3563 = CARTESIAN_POINT('',(-7.62,-14.075,6.8));
#3564 = CIRCLE('',#3565,1.375);
#3565 = AXIS2_PLACEMENT_3D('',#3566,#3567,#3568);
#3566 = CARTESIAN_POINT('',(-7.62,-12.7,6.8));
#3567 = DIRECTION('',(0.,0.,1.));
#3568 = DIRECTION('',(1.,0.,-0.));
#3569 = ORIENTED_EDGE('',*,*,#3570,.T.);
#3570 = EDGE_CURVE('',#3562,#3536,#3571,.T.);
#3571 = LINE('',#3572,#3573);
#3572 = CARTESIAN_POINT('',(-25.59,-14.075,6.8));
#3573 = VECTOR('',#3574,1.);
#3574 = DIRECTION('',(-1.,-0.,0.));
#3575 = FACE_BOUND('',#3576,.F.);
#3576 = EDGE_LOOP('',(#3577,#3588,#3596,#3605,#3614));
#3577 = ORIENTED_EDGE('',*,*,#3578,.F.);
#3578 = EDGE_CURVE('',#3579,#3581,#3583,.T.);
#3579 = VERTEX_POINT('',#3580);
#3580 = CARTESIAN_POINT('',(-7.62,-16.405,6.8));
#3581 = VERTEX_POINT('',#3582);
#3582 = CARTESIAN_POINT('',(-7.62,-19.155,6.8));
#3583 = CIRCLE('',#3584,1.375);
#3584 = AXIS2_PLACEMENT_3D('',#3585,#3586,#3587);
#3585 = CARTESIAN_POINT('',(-7.62,-17.78,6.8));
#3586 = DIRECTION('',(0.,0.,1.));
#3587 = DIRECTION('',(1.,0.,-0.));
#3588 = ORIENTED_EDGE('',*,*,#3589,.F.);
#3589 = EDGE_CURVE('',#3590,#3579,#3592,.T.);
#3590 = VERTEX_POINT('',#3591);
#3591 = CARTESIAN_POINT('',(-2.54,-16.405,6.8));
#3592 = LINE('',#3593,#3594);
#3593 = CARTESIAN_POINT('',(-23.05,-16.405,6.8));
#3594 = VECTOR('',#3595,1.);
#3595 = DIRECTION('',(-1.,-0.,0.));
#3596 = ORIENTED_EDGE('',*,*,#3597,.F.);
#3597 = EDGE_CURVE('',#3598,#3590,#3600,.T.);
#3598 = VERTEX_POINT('',#3599);
#3599 = CARTESIAN_POINT('',(-1.165,-17.78,6.8));
#3600 = CIRCLE('',#3601,1.375);
#3601 = AXIS2_PLACEMENT_3D('',#3602,#3603,#3604);
#3602 = CARTESIAN_POINT('',(-2.54,-17.78,6.8));
#3603 = DIRECTION('',(0.,0.,1.));
#3604 = DIRECTION('',(1.,0.,-0.));
#3605 = ORIENTED_EDGE('',*,*,#3606,.F.);
#3606 = EDGE_CURVE('',#3607,#3598,#3609,.T.);
#3607 = VERTEX_POINT('',#3608);
#3608 = CARTESIAN_POINT('',(-2.54,-19.155,6.8));
#3609 = CIRCLE('',#3610,1.375);
#3610 = AXIS2_PLACEMENT_3D('',#3611,#3612,#3613);
#3611 = CARTESIAN_POINT('',(-2.54,-17.78,6.8));
#3612 = DIRECTION('',(0.,0.,1.));
#3613 = DIRECTION('',(1.,0.,-0.));
#3614 = ORIENTED_EDGE('',*,*,#3615,.T.);
#3615 = EDGE_CURVE('',#3607,#3581,#3616,.T.);
#3616 = LINE('',#3617,#3618);
#3617 = CARTESIAN_POINT('',(-23.05,-19.155,6.8));
#3618 = VECTOR('',#3619,1.);
#3619 = DIRECTION('',(-1.,-0.,0.));
#3620 = FACE_BOUND('',#3621,.F.);
#3621 = EDGE_LOOP('',(#3622,#3633,#3641,#3650));
#3622 = ORIENTED_EDGE('',*,*,#3623,.F.);
#3623 = EDGE_CURVE('',#3624,#3626,#3628,.T.);
#3624 = VERTEX_POINT('',#3625);
#3625 = CARTESIAN_POINT('',(-1.165,-7.62,6.8));
#3626 = VERTEX_POINT('',#3627);
#3627 = CARTESIAN_POINT('',(-3.915,-7.62,6.8));
#3628 = CIRCLE('',#3629,1.375);
#3629 = AXIS2_PLACEMENT_3D('',#3630,#3631,#3632);
#3630 = CARTESIAN_POINT('',(-2.54,-7.62,6.8));
#3631 = DIRECTION('',(0.,0.,1.));
#3632 = DIRECTION('',(1.,0.,-0.));
#3633 = ORIENTED_EDGE('',*,*,#3634,.F.);
#3634 = EDGE_CURVE('',#3635,#3624,#3637,.T.);
#3635 = VERTEX_POINT('',#3636);
#3636 = CARTESIAN_POINT('',(-1.165,-12.7,6.8));
#3637 = LINE('',#3638,#3639);
#3638 = CARTESIAN_POINT('',(-1.165,-25.59,6.8));
#3639 = VECTOR('',#3640,1.);
#3640 = DIRECTION('',(-0.,1.,0.));
#3641 = ORIENTED_EDGE('',*,*,#3642,.F.);
#3642 = EDGE_CURVE('',#3643,#3635,#3645,.T.);
#3643 = VERTEX_POINT('',#3644);
#3644 = CARTESIAN_POINT('',(-3.915,-12.7,6.8));
#3645 = CIRCLE('',#3646,1.375);
#3646 = AXIS2_PLACEMENT_3D('',#3647,#3648,#3649);
#3647 = CARTESIAN_POINT('',(-2.54,-12.7,6.8));
#3648 = DIRECTION('',(0.,0.,1.));
#3649 = DIRECTION('',(1.,0.,-0.));
#3650 = ORIENTED_EDGE('',*,*,#3651,.T.);
#3651 = EDGE_CURVE('',#3643,#3626,#3652,.T.);
#3652 = LINE('',#3653,#3654);
#3653 = CARTESIAN_POINT('',(-3.915,-25.59,6.8));
#3654 = VECTOR('',#3655,1.);
#3655 = DIRECTION('',(-0.,1.,0.));
#3656 = FACE_BOUND('',#3657,.F.);
#3657 = EDGE_LOOP('',(#3658,#3669,#3677,#3686));
#3658 = ORIENTED_EDGE('',*,*,#3659,.F.);
#3659 = EDGE_CURVE('',#3660,#3662,#3664,.T.);
#3660 = VERTEX_POINT('',#3661);
#3661 = CARTESIAN_POINT('',(-11.325,-2.54,6.8));
#3662 = VERTEX_POINT('',#3663);
#3663 = CARTESIAN_POINT('',(-14.075,-2.54,6.8));
#3664 = CIRCLE('',#3665,1.375);
#3665 = AXIS2_PLACEMENT_3D('',#3666,#3667,#3668);
#3666 = CARTESIAN_POINT('',(-12.7,-2.54,6.8));
#3667 = DIRECTION('',(0.,0.,1.));
#3668 = DIRECTION('',(1.,0.,-0.));
#3669 = ORIENTED_EDGE('',*,*,#3670,.F.);
#3670 = EDGE_CURVE('',#3671,#3660,#3673,.T.);
#3671 = VERTEX_POINT('',#3672);
#3672 = CARTESIAN_POINT('',(-11.325,-7.62,6.8));
#3673 = LINE('',#3674,#3675);
#3674 = CARTESIAN_POINT('',(-11.325,-23.05,6.8));
#3675 = VECTOR('',#3676,1.);
#3676 = DIRECTION('',(-0.,1.,0.));
#3677 = ORIENTED_EDGE('',*,*,#3678,.F.);
#3678 = EDGE_CURVE('',#3679,#3671,#3681,.T.);
#3679 = VERTEX_POINT('',#3680);
#3680 = CARTESIAN_POINT('',(-14.075,-7.62,6.8));
#3681 = CIRCLE('',#3682,1.375);
#3682 = AXIS2_PLACEMENT_3D('',#3683,#3684,#3685);
#3683 = CARTESIAN_POINT('',(-12.7,-7.62,6.8));
#3684 = DIRECTION('',(0.,0.,1.));
#3685 = DIRECTION('',(1.,0.,-0.));
#3686 = ORIENTED_EDGE('',*,*,#3687,.T.);
#3687 = EDGE_CURVE('',#3679,#3662,#3688,.T.);
#3688 = LINE('',#3689,#3690);
#3689 = CARTESIAN_POINT('',(-14.075,-23.05,6.8));
#3690 = VECTOR('',#3691,1.);
#3691 = DIRECTION('',(-0.,1.,0.));
#3692 = FACE_BOUND('',#3693,.F.);
#3693 = EDGE_LOOP('',(#3694));
#3694 = ORIENTED_EDGE('',*,*,#3695,.F.);
#3695 = EDGE_CURVE('',#3696,#3696,#3698,.T.);
#3696 = VERTEX_POINT('',#3697);
#3697 = CARTESIAN_POINT('',(-6.245,-7.62,6.8));
#3698 = CIRCLE('',#3699,1.375);
#3699 = AXIS2_PLACEMENT_3D('',#3700,#3701,#3702);
#3700 = CARTESIAN_POINT('',(-7.62,-7.62,6.8));
#3701 = DIRECTION('',(0.,0.,1.));
#3702 = DIRECTION('',(1.,0.,-0.));
#3703 = FACE_BOUND('',#3704,.F.);
#3704 = EDGE_LOOP('',(#3705,#3716,#3724,#3733,#3742));
#3705 = ORIENTED_EDGE('',*,*,#3706,.F.);
#3706 = EDGE_CURVE('',#3707,#3709,#3711,.T.);
#3707 = VERTEX_POINT('',#3708);
#3708 = CARTESIAN_POINT('',(-7.62,-1.165,6.8));
#3709 = VERTEX_POINT('',#3710);
#3710 = CARTESIAN_POINT('',(-7.62,-3.915,6.8));
#3711 = CIRCLE('',#3712,1.375);
#3712 = AXIS2_PLACEMENT_3D('',#3713,#3714,#3715);
#3713 = CARTESIAN_POINT('',(-7.62,-2.54,6.8));
#3714 = DIRECTION('',(0.,0.,1.));
#3715 = DIRECTION('',(1.,0.,-0.));
#3716 = ORIENTED_EDGE('',*,*,#3717,.F.);
#3717 = EDGE_CURVE('',#3718,#3707,#3720,.T.);
#3718 = VERTEX_POINT('',#3719);
#3719 = CARTESIAN_POINT('',(-2.54,-1.165,6.8));
#3720 = LINE('',#3721,#3722);
#3721 = CARTESIAN_POINT('',(-23.05,-1.165,6.8));
#3722 = VECTOR('',#3723,1.);
#3723 = DIRECTION('',(-1.,-0.,0.));
#3724 = ORIENTED_EDGE('',*,*,#3725,.F.);
#3725 = EDGE_CURVE('',#3726,#3718,#3728,.T.);
#3726 = VERTEX_POINT('',#3727);
#3727 = CARTESIAN_POINT('',(-1.165,-2.54,6.8));
#3728 = CIRCLE('',#3729,1.375);
#3729 = AXIS2_PLACEMENT_3D('',#3730,#3731,#3732);
#3730 = CARTESIAN_POINT('',(-2.54,-2.54,6.8));
#3731 = DIRECTION('',(0.,0.,1.));
#3732 = DIRECTION('',(1.,0.,-0.));
#3733 = ORIENTED_EDGE('',*,*,#3734,.F.);
#3734 = EDGE_CURVE('',#3735,#3726,#3737,.T.);
#3735 = VERTEX_POINT('',#3736);
#3736 = CARTESIAN_POINT('',(-2.54,-3.915,6.8));
#3737 = CIRCLE('',#3738,1.375);
#3738 = AXIS2_PLACEMENT_3D('',#3739,#3740,#3741);
#3739 = CARTESIAN_POINT('',(-2.54,-2.54,6.8));
#3740 = DIRECTION('',(0.,0.,1.));
#3741 = DIRECTION('',(1.,0.,-0.));
#3742 = ORIENTED_EDGE('',*,*,#3743,.T.);
#3743 = EDGE_CURVE('',#3735,#3709,#3744,.T.);
#3744 = LINE('',#3745,#3746);
#3745 = CARTESIAN_POINT('',(-23.05,-3.915,6.8));
#3746 = VECTOR('',#3747,1.);
#3747 = DIRECTION('',(-1.,-0.,0.));
#3748 = FACE_BOUND('',#3749,.F.);
#3749 = EDGE_LOOP('',(#3750,#3761,#3769,#3778,#3787));
#3750 = ORIENTED_EDGE('',*,*,#3751,.F.);
#3751 = EDGE_CURVE('',#3752,#3754,#3756,.T.);
#3752 = VERTEX_POINT('',#3753);
#3753 = CARTESIAN_POINT('',(2.54,-26.565,6.8));
#3754 = VERTEX_POINT('',#3755);
#3755 = CARTESIAN_POINT('',(2.54,-29.315,6.8));
#3756 = CIRCLE('',#3757,1.375);
#3757 = AXIS2_PLACEMENT_3D('',#3758,#3759,#3760);
#3758 = CARTESIAN_POINT('',(2.54,-27.94,6.8));
#3759 = DIRECTION('',(0.,0.,1.));
#3760 = DIRECTION('',(1.,0.,-0.));
#3761 = ORIENTED_EDGE('',*,*,#3762,.F.);
#3762 = EDGE_CURVE('',#3763,#3752,#3765,.T.);
#3763 = VERTEX_POINT('',#3764);
#3764 = CARTESIAN_POINT('',(7.62,-26.565,6.8));
#3765 = LINE('',#3766,#3767);
#3766 = CARTESIAN_POINT('',(-17.97,-26.565,6.8));
#3767 = VECTOR('',#3768,1.);
#3768 = DIRECTION('',(-1.,-0.,0.));
#3769 = ORIENTED_EDGE('',*,*,#3770,.F.);
#3770 = EDGE_CURVE('',#3771,#3763,#3773,.T.);
#3771 = VERTEX_POINT('',#3772);
#3772 = CARTESIAN_POINT('',(8.995,-27.94,6.8));
#3773 = CIRCLE('',#3774,1.375);
#3774 = AXIS2_PLACEMENT_3D('',#3775,#3776,#3777);
#3775 = CARTESIAN_POINT('',(7.62,-27.94,6.8));
#3776 = DIRECTION('',(0.,0.,1.));
#3777 = DIRECTION('',(1.,0.,-0.));
#3778 = ORIENTED_EDGE('',*,*,#3779,.F.);
#3779 = EDGE_CURVE('',#3780,#3771,#3782,.T.);
#3780 = VERTEX_POINT('',#3781);
#3781 = CARTESIAN_POINT('',(7.62,-29.315,6.8));
#3782 = CIRCLE('',#3783,1.375);
#3783 = AXIS2_PLACEMENT_3D('',#3784,#3785,#3786);
#3784 = CARTESIAN_POINT('',(7.62,-27.94,6.8));
#3785 = DIRECTION('',(0.,0.,1.));
#3786 = DIRECTION('',(1.,0.,-0.));
#3787 = ORIENTED_EDGE('',*,*,#3788,.T.);
#3788 = EDGE_CURVE('',#3780,#3754,#3789,.T.);
#3789 = LINE('',#3790,#3791);
#3790 = CARTESIAN_POINT('',(-17.97,-29.315,6.8));
#3791 = VECTOR('',#3792,1.);
#3792 = DIRECTION('',(-1.,-0.,0.));
#3793 = FACE_BOUND('',#3794,.F.);
#3794 = EDGE_LOOP('',(#3795));
#3795 = ORIENTED_EDGE('',*,*,#3796,.F.);
#3796 = EDGE_CURVE('',#3797,#3797,#3799,.T.);
#3797 = VERTEX_POINT('',#3798);
#3798 = CARTESIAN_POINT('',(8.995,-22.86,6.8));
#3799 = CIRCLE('',#3800,1.375);
#3800 = AXIS2_PLACEMENT_3D('',#3801,#3802,#3803);
#3801 = CARTESIAN_POINT('',(7.62,-22.86,6.8));
#3802 = DIRECTION('',(0.,0.,1.));
#3803 = DIRECTION('',(1.,0.,-0.));
#3804 = FACE_BOUND('',#3805,.F.);
#3805 = EDGE_LOOP('',(#3806,#3817,#3825,#3834));
#3806 = ORIENTED_EDGE('',*,*,#3807,.F.);
#3807 = EDGE_CURVE('',#3808,#3810,#3812,.T.);
#3808 = VERTEX_POINT('',#3809);
#3809 = CARTESIAN_POINT('',(3.915,-17.78,6.8));
#3810 = VERTEX_POINT('',#3811);
#3811 = CARTESIAN_POINT('',(1.165,-17.78,6.8));
#3812 = CIRCLE('',#3813,1.375);
#3813 = AXIS2_PLACEMENT_3D('',#3814,#3815,#3816);
#3814 = CARTESIAN_POINT('',(2.54,-17.78,6.8));
#3815 = DIRECTION('',(0.,0.,1.));
#3816 = DIRECTION('',(1.,0.,-0.));
#3817 = ORIENTED_EDGE('',*,*,#3818,.F.);
#3818 = EDGE_CURVE('',#3819,#3808,#3821,.T.);
#3819 = VERTEX_POINT('',#3820);
#3820 = CARTESIAN_POINT('',(3.915,-22.86,6.8));
#3821 = LINE('',#3822,#3823);
#3822 = CARTESIAN_POINT('',(3.915,-30.67,6.8));
#3823 = VECTOR('',#3824,1.);
#3824 = DIRECTION('',(-0.,1.,0.));
#3825 = ORIENTED_EDGE('',*,*,#3826,.F.);
#3826 = EDGE_CURVE('',#3827,#3819,#3829,.T.);
#3827 = VERTEX_POINT('',#3828);
#3828 = CARTESIAN_POINT('',(1.165,-22.86,6.8));
#3829 = CIRCLE('',#3830,1.375);
#3830 = AXIS2_PLACEMENT_3D('',#3831,#3832,#3833);
#3831 = CARTESIAN_POINT('',(2.54,-22.86,6.8));
#3832 = DIRECTION('',(0.,0.,1.));
#3833 = DIRECTION('',(1.,0.,-0.));
#3834 = ORIENTED_EDGE('',*,*,#3835,.T.);
#3835 = EDGE_CURVE('',#3827,#3810,#3836,.T.);
#3836 = LINE('',#3837,#3838);
#3837 = CARTESIAN_POINT('',(1.165,-30.67,6.8));
#3838 = VECTOR('',#3839,1.);
#3839 = DIRECTION('',(-0.,1.,0.));
#3840 = FACE_BOUND('',#3841,.F.);
#3841 = EDGE_LOOP('',(#3842,#3853,#3861,#3870));
#3842 = ORIENTED_EDGE('',*,*,#3843,.F.);
#3843 = EDGE_CURVE('',#3844,#3846,#3848,.T.);
#3844 = VERTEX_POINT('',#3845);
#3845 = CARTESIAN_POINT('',(14.075,-22.86,6.8));
#3846 = VERTEX_POINT('',#3847);
#3847 = CARTESIAN_POINT('',(11.325,-22.86,6.8));
#3848 = CIRCLE('',#3849,1.375);
#3849 = AXIS2_PLACEMENT_3D('',#3850,#3851,#3852);
#3850 = CARTESIAN_POINT('',(12.7,-22.86,6.8));
#3851 = DIRECTION('',(0.,0.,1.));
#3852 = DIRECTION('',(1.,0.,-0.));
#3853 = ORIENTED_EDGE('',*,*,#3854,.F.);
#3854 = EDGE_CURVE('',#3855,#3844,#3857,.T.);
#3855 = VERTEX_POINT('',#3856);
#3856 = CARTESIAN_POINT('',(14.075,-27.94,6.8));
#3857 = LINE('',#3858,#3859);
#3858 = CARTESIAN_POINT('',(14.075,-33.21,6.8));
#3859 = VECTOR('',#3860,1.);
#3860 = DIRECTION('',(-0.,1.,0.));
#3861 = ORIENTED_EDGE('',*,*,#3862,.F.);
#3862 = EDGE_CURVE('',#3863,#3855,#3865,.T.);
#3863 = VERTEX_POINT('',#3864);
#3864 = CARTESIAN_POINT('',(11.325,-27.94,6.8));
#3865 = CIRCLE('',#3866,1.375);
#3866 = AXIS2_PLACEMENT_3D('',#3867,#3868,#3869);
#3867 = CARTESIAN_POINT('',(12.7,-27.94,6.8));
#3868 = DIRECTION('',(0.,0.,1.));
#3869 = DIRECTION('',(1.,0.,-0.));
#3870 = ORIENTED_EDGE('',*,*,#3871,.T.);
#3871 = EDGE_CURVE('',#3863,#3846,#3872,.T.);
#3872 = LINE('',#3873,#3874);
#3873 = CARTESIAN_POINT('',(11.325,-33.21,6.8));
#3874 = VECTOR('',#3875,1.);
#3875 = DIRECTION('',(-0.,1.,0.));
#3876 = FACE_BOUND('',#3877,.F.);
#3877 = EDGE_LOOP('',(#3878,#3889,#3897,#3906));
#3878 = ORIENTED_EDGE('',*,*,#3879,.F.);
#3879 = EDGE_CURVE('',#3880,#3882,#3884,.T.);
#3880 = VERTEX_POINT('',#3881);
#3881 = CARTESIAN_POINT('',(19.155,-17.78,6.8));
#3882 = VERTEX_POINT('',#3883);
#3883 = CARTESIAN_POINT('',(16.405,-17.78,6.8));
#3884 = CIRCLE('',#3885,1.375);
#3885 = AXIS2_PLACEMENT_3D('',#3886,#3887,#3888);
#3886 = CARTESIAN_POINT('',(17.78,-17.78,6.8));
#3887 = DIRECTION('',(0.,0.,1.));
#3888 = DIRECTION('',(1.,0.,-0.));
#3889 = ORIENTED_EDGE('',*,*,#3890,.F.);
#3890 = EDGE_CURVE('',#3891,#3880,#3893,.T.);
#3891 = VERTEX_POINT('',#3892);
#3892 = CARTESIAN_POINT('',(19.155,-22.86,6.8));
#3893 = LINE('',#3894,#3895);
#3894 = CARTESIAN_POINT('',(19.155,-30.67,6.8));
#3895 = VECTOR('',#3896,1.);
#3896 = DIRECTION('',(-0.,1.,0.));
#3897 = ORIENTED_EDGE('',*,*,#3898,.F.);
#3898 = EDGE_CURVE('',#3899,#3891,#3901,.T.);
#3899 = VERTEX_POINT('',#3900);
#3900 = CARTESIAN_POINT('',(16.405,-22.86,6.8));
#3901 = CIRCLE('',#3902,1.375);
#3902 = AXIS2_PLACEMENT_3D('',#3903,#3904,#3905);
#3903 = CARTESIAN_POINT('',(17.78,-22.86,6.8));
#3904 = DIRECTION('',(0.,0.,1.));
#3905 = DIRECTION('',(1.,0.,-0.));
#3906 = ORIENTED_EDGE('',*,*,#3907,.T.);
#3907 = EDGE_CURVE('',#3899,#3882,#3908,.T.);
#3908 = LINE('',#3909,#3910);
#3909 = CARTESIAN_POINT('',(16.405,-30.67,6.8));
#3910 = VECTOR('',#3911,1.);
#3911 = DIRECTION('',(-0.,1.,0.));
#3912 = FACE_BOUND('',#3913,.F.);
#3913 = EDGE_LOOP('',(#3914,#3925,#3933,#3942,#3951));
#3914 = ORIENTED_EDGE('',*,*,#3915,.F.);
#3915 = EDGE_CURVE('',#3916,#3918,#3920,.T.);
#3916 = VERTEX_POINT('',#3917);
#3917 = CARTESIAN_POINT('',(17.78,-26.565,6.8));
#3918 = VERTEX_POINT('',#3919);
#3919 = CARTESIAN_POINT('',(17.78,-29.315,6.8));
#3920 = CIRCLE('',#3921,1.375);
#3921 = AXIS2_PLACEMENT_3D('',#3922,#3923,#3924);
#3922 = CARTESIAN_POINT('',(17.78,-27.94,6.8));
#3923 = DIRECTION('',(0.,0.,1.));
#3924 = DIRECTION('',(1.,0.,-0.));
#3925 = ORIENTED_EDGE('',*,*,#3926,.F.);
#3926 = EDGE_CURVE('',#3927,#3916,#3929,.T.);
#3927 = VERTEX_POINT('',#3928);
#3928 = CARTESIAN_POINT('',(22.86,-26.565,6.8));
#3929 = LINE('',#3930,#3931);
#3930 = CARTESIAN_POINT('',(-10.35,-26.565,6.8));
#3931 = VECTOR('',#3932,1.);
#3932 = DIRECTION('',(-1.,-0.,0.));
#3933 = ORIENTED_EDGE('',*,*,#3934,.F.);
#3934 = EDGE_CURVE('',#3935,#3927,#3937,.T.);
#3935 = VERTEX_POINT('',#3936);
#3936 = CARTESIAN_POINT('',(24.235,-27.94,6.8));
#3937 = CIRCLE('',#3938,1.375);
#3938 = AXIS2_PLACEMENT_3D('',#3939,#3940,#3941);
#3939 = CARTESIAN_POINT('',(22.86,-27.94,6.8));
#3940 = DIRECTION('',(0.,0.,1.));
#3941 = DIRECTION('',(1.,0.,-0.));
#3942 = ORIENTED_EDGE('',*,*,#3943,.F.);
#3943 = EDGE_CURVE('',#3944,#3935,#3946,.T.);
#3944 = VERTEX_POINT('',#3945);
#3945 = CARTESIAN_POINT('',(22.86,-29.315,6.8));
#3946 = CIRCLE('',#3947,1.375);
#3947 = AXIS2_PLACEMENT_3D('',#3948,#3949,#3950);
#3948 = CARTESIAN_POINT('',(22.86,-27.94,6.8));
#3949 = DIRECTION('',(0.,0.,1.));
#3950 = DIRECTION('',(1.,0.,-0.));
#3951 = ORIENTED_EDGE('',*,*,#3952,.T.);
#3952 = EDGE_CURVE('',#3944,#3918,#3953,.T.);
#3953 = LINE('',#3954,#3955);
#3954 = CARTESIAN_POINT('',(-10.35,-29.315,6.8));
#3955 = VECTOR('',#3956,1.);
#3956 = DIRECTION('',(-1.,-0.,0.));
#3957 = FACE_BOUND('',#3958,.F.);
#3958 = EDGE_LOOP('',(#3959));
#3959 = ORIENTED_EDGE('',*,*,#3960,.F.);
#3960 = EDGE_CURVE('',#3961,#3961,#3963,.T.);
#3961 = VERTEX_POINT('',#3962);
#3962 = CARTESIAN_POINT('',(36.18,-34.48,6.8));
#3963 = CIRCLE('',#3964,1.7);
#3964 = AXIS2_PLACEMENT_3D('',#3965,#3966,#3967);
#3965 = CARTESIAN_POINT('',(34.48,-34.48,6.8));
#3966 = DIRECTION('',(0.,0.,1.));
#3967 = DIRECTION('',(1.,0.,-0.));
#3968 = FACE_BOUND('',#3969,.F.);
#3969 = EDGE_LOOP('',(#3970));
#3970 = ORIENTED_EDGE('',*,*,#3971,.F.);
#3971 = EDGE_CURVE('',#3972,#3972,#3974,.T.);
#3972 = VERTEX_POINT('',#3973);
#3973 = CARTESIAN_POINT('',(24.235,-22.86,6.8));
#3974 = CIRCLE('',#3975,1.375);
#3975 = AXIS2_PLACEMENT_3D('',#3976,#3977,#3978);
#3976 = CARTESIAN_POINT('',(22.86,-22.86,6.8));
#3977 = DIRECTION('',(0.,0.,1.));
#3978 = DIRECTION('',(1.,0.,-0.));
#3979 = FACE_BOUND('',#3980,.F.);
#3980 = EDGE_LOOP('',(#3981,#3992,#4000,#4009));
#3981 = ORIENTED_EDGE('',*,*,#3982,.F.);
#3982 = EDGE_CURVE('',#3983,#3985,#3987,.T.);
#3983 = VERTEX_POINT('',#3984);
#3984 = CARTESIAN_POINT('',(29.315,-22.86,6.8));
#3985 = VERTEX_POINT('',#3986);
#3986 = CARTESIAN_POINT('',(26.565,-22.86,6.8));
#3987 = CIRCLE('',#3988,1.375);
#3988 = AXIS2_PLACEMENT_3D('',#3989,#3990,#3991);
#3989 = CARTESIAN_POINT('',(27.94,-22.86,6.8));
#3990 = DIRECTION('',(0.,0.,1.));
#3991 = DIRECTION('',(1.,0.,-0.));
#3992 = ORIENTED_EDGE('',*,*,#3993,.F.);
#3993 = EDGE_CURVE('',#3994,#3983,#3996,.T.);
#3994 = VERTEX_POINT('',#3995);
#3995 = CARTESIAN_POINT('',(29.315,-27.94,6.8));
#3996 = LINE('',#3997,#3998);
#3997 = CARTESIAN_POINT('',(29.315,-33.21,6.8));
#3998 = VECTOR('',#3999,1.);
#3999 = DIRECTION('',(-0.,1.,0.));
#4000 = ORIENTED_EDGE('',*,*,#4001,.F.);
#4001 = EDGE_CURVE('',#4002,#3994,#4004,.T.);
#4002 = VERTEX_POINT('',#4003);
#4003 = CARTESIAN_POINT('',(26.565,-27.94,6.8));
#4004 = CIRCLE('',#4005,1.375);
#4005 = AXIS2_PLACEMENT_3D('',#4006,#4007,#4008);
#4006 = CARTESIAN_POINT('',(27.94,-27.94,6.8));
#4007 = DIRECTION('',(0.,0.,1.));
#4008 = DIRECTION('',(1.,0.,-0.));
#4009 = ORIENTED_EDGE('',*,*,#4010,.T.);
#4010 = EDGE_CURVE('',#4002,#3985,#4011,.T.);
#4011 = LINE('',#4012,#4013);
#4012 = CARTESIAN_POINT('',(26.565,-33.21,6.8));
#4013 = VECTOR('',#4014,1.);
#4014 = DIRECTION('',(-0.,1.,0.));
#4015 = FACE_BOUND('',#4016,.F.);
#4016 = EDGE_LOOP('',(#4017,#4028,#4036,#4045,#4054));
#4017 = ORIENTED_EDGE('',*,*,#4018,.F.);
#4018 = EDGE_CURVE('',#4019,#4021,#4023,.T.);
#4019 = VERTEX_POINT('',#4020);
#4020 = CARTESIAN_POINT('',(2.54,-11.325,6.8));
#4021 = VERTEX_POINT('',#4022);
#4022 = CARTESIAN_POINT('',(2.54,-14.075,6.8));
#4023 = CIRCLE('',#4024,1.375);
#4024 = AXIS2_PLACEMENT_3D('',#4025,#4026,#4027);
#4025 = CARTESIAN_POINT('',(2.54,-12.7,6.8));
#4026 = DIRECTION('',(0.,0.,1.));
#4027 = DIRECTION('',(1.,0.,-0.));
#4028 = ORIENTED_EDGE('',*,*,#4029,.F.);
#4029 = EDGE_CURVE('',#4030,#4019,#4032,.T.);
#4030 = VERTEX_POINT('',#4031);
#4031 = CARTESIAN_POINT('',(7.62,-11.325,6.8));
#4032 = LINE('',#4033,#4034);
#4033 = CARTESIAN_POINT('',(-17.97,-11.325,6.8));
#4034 = VECTOR('',#4035,1.);
#4035 = DIRECTION('',(-1.,-0.,0.));
#4036 = ORIENTED_EDGE('',*,*,#4037,.F.);
#4037 = EDGE_CURVE('',#4038,#4030,#4040,.T.);
#4038 = VERTEX_POINT('',#4039);
#4039 = CARTESIAN_POINT('',(8.995,-12.7,6.8));
#4040 = CIRCLE('',#4041,1.375);
#4041 = AXIS2_PLACEMENT_3D('',#4042,#4043,#4044);
#4042 = CARTESIAN_POINT('',(7.62,-12.7,6.8));
#4043 = DIRECTION('',(0.,0.,1.));
#4044 = DIRECTION('',(1.,0.,-0.));
#4045 = ORIENTED_EDGE('',*,*,#4046,.F.);
#4046 = EDGE_CURVE('',#4047,#4038,#4049,.T.);
#4047 = VERTEX_POINT('',#4048);
#4048 = CARTESIAN_POINT('',(7.62,-14.075,6.8));
#4049 = CIRCLE('',#4050,1.375);
#4050 = AXIS2_PLACEMENT_3D('',#4051,#4052,#4053);
#4051 = CARTESIAN_POINT('',(7.62,-12.7,6.8));
#4052 = DIRECTION('',(0.,0.,1.));
#4053 = DIRECTION('',(1.,0.,-0.));
#4054 = ORIENTED_EDGE('',*,*,#4055,.T.);
#4055 = EDGE_CURVE('',#4047,#4021,#4056,.T.);
#4056 = LINE('',#4057,#4058);
#4057 = CARTESIAN_POINT('',(-17.97,-14.075,6.8));
#4058 = VECTOR('',#4059,1.);
#4059 = DIRECTION('',(-1.,-0.,0.));
#4060 = FACE_BOUND('',#4061,.F.);
#4061 = EDGE_LOOP('',(#4062,#4073,#4081,#4090,#4099));
#4062 = ORIENTED_EDGE('',*,*,#4063,.F.);
#4063 = EDGE_CURVE('',#4064,#4066,#4068,.T.);
#4064 = VERTEX_POINT('',#4065);
#4065 = CARTESIAN_POINT('',(7.62,-16.405,6.8));
#4066 = VERTEX_POINT('',#4067);
#4067 = CARTESIAN_POINT('',(7.62,-19.155,6.8));
#4068 = CIRCLE('',#4069,1.375);
#4069 = AXIS2_PLACEMENT_3D('',#4070,#4071,#4072);
#4070 = CARTESIAN_POINT('',(7.62,-17.78,6.8));
#4071 = DIRECTION('',(0.,0.,1.));
#4072 = DIRECTION('',(1.,0.,-0.));
#4073 = ORIENTED_EDGE('',*,*,#4074,.F.);
#4074 = EDGE_CURVE('',#4075,#4064,#4077,.T.);
#4075 = VERTEX_POINT('',#4076);
#4076 = CARTESIAN_POINT('',(12.7,-16.405,6.8));
#4077 = LINE('',#4078,#4079);
#4078 = CARTESIAN_POINT('',(-15.43,-16.405,6.8));
#4079 = VECTOR('',#4080,1.);
#4080 = DIRECTION('',(-1.,-0.,0.));
#4081 = ORIENTED_EDGE('',*,*,#4082,.F.);
#4082 = EDGE_CURVE('',#4083,#4075,#4085,.T.);
#4083 = VERTEX_POINT('',#4084);
#4084 = CARTESIAN_POINT('',(14.075,-17.78,6.8));
#4085 = CIRCLE('',#4086,1.375);
#4086 = AXIS2_PLACEMENT_3D('',#4087,#4088,#4089);
#4087 = CARTESIAN_POINT('',(12.7,-17.78,6.8));
#4088 = DIRECTION('',(0.,0.,1.));
#4089 = DIRECTION('',(1.,0.,-0.));
#4090 = ORIENTED_EDGE('',*,*,#4091,.F.);
#4091 = EDGE_CURVE('',#4092,#4083,#4094,.T.);
#4092 = VERTEX_POINT('',#4093);
#4093 = CARTESIAN_POINT('',(12.7,-19.155,6.8));
#4094 = CIRCLE('',#4095,1.375);
#4095 = AXIS2_PLACEMENT_3D('',#4096,#4097,#4098);
#4096 = CARTESIAN_POINT('',(12.7,-17.78,6.8));
#4097 = DIRECTION('',(0.,0.,1.));
#4098 = DIRECTION('',(1.,0.,-0.));
#4099 = ORIENTED_EDGE('',*,*,#4100,.T.);
#4100 = EDGE_CURVE('',#4092,#4066,#4101,.T.);
#4101 = LINE('',#4102,#4103);
#4102 = CARTESIAN_POINT('',(-15.43,-19.155,6.8));
#4103 = VECTOR('',#4104,1.);
#4104 = DIRECTION('',(-1.,-0.,0.));
#4105 = FACE_BOUND('',#4106,.F.);
#4106 = EDGE_LOOP('',(#4107,#4118,#4126,#4135));
#4107 = ORIENTED_EDGE('',*,*,#4108,.F.);
#4108 = EDGE_CURVE('',#4109,#4111,#4113,.T.);
#4109 = VERTEX_POINT('',#4110);
#4110 = CARTESIAN_POINT('',(14.075,-7.62,6.8));
#4111 = VERTEX_POINT('',#4112);
#4112 = CARTESIAN_POINT('',(11.325,-7.62,6.8));
#4113 = CIRCLE('',#4114,1.375);
#4114 = AXIS2_PLACEMENT_3D('',#4115,#4116,#4117);
#4115 = CARTESIAN_POINT('',(12.7,-7.62,6.8));
#4116 = DIRECTION('',(0.,0.,1.));
#4117 = DIRECTION('',(1.,0.,-0.));
#4118 = ORIENTED_EDGE('',*,*,#4119,.F.);
#4119 = EDGE_CURVE('',#4120,#4109,#4122,.T.);
#4120 = VERTEX_POINT('',#4121);
#4121 = CARTESIAN_POINT('',(14.075,-12.7,6.8));
#4122 = LINE('',#4123,#4124);
#4123 = CARTESIAN_POINT('',(14.075,-25.59,6.8));
#4124 = VECTOR('',#4125,1.);
#4125 = DIRECTION('',(-0.,1.,0.));
#4126 = ORIENTED_EDGE('',*,*,#4127,.F.);
#4127 = EDGE_CURVE('',#4128,#4120,#4130,.T.);
#4128 = VERTEX_POINT('',#4129);
#4129 = CARTESIAN_POINT('',(11.325,-12.7,6.8));
#4130 = CIRCLE('',#4131,1.375);
#4131 = AXIS2_PLACEMENT_3D('',#4132,#4133,#4134);
#4132 = CARTESIAN_POINT('',(12.7,-12.7,6.8));
#4133 = DIRECTION('',(0.,0.,1.));
#4134 = DIRECTION('',(1.,0.,-0.));
#4135 = ORIENTED_EDGE('',*,*,#4136,.T.);
#4136 = EDGE_CURVE('',#4128,#4111,#4137,.T.);
#4137 = LINE('',#4138,#4139);
#4138 = CARTESIAN_POINT('',(11.325,-25.59,6.8));
#4139 = VECTOR('',#4140,1.);
#4140 = DIRECTION('',(-0.,1.,0.));
#4141 = FACE_BOUND('',#4142,.F.);
#4142 = EDGE_LOOP('',(#4143,#4154,#4162,#4171));
#4143 = ORIENTED_EDGE('',*,*,#4144,.F.);
#4144 = EDGE_CURVE('',#4145,#4147,#4149,.T.);
#4145 = VERTEX_POINT('',#4146);
#4146 = CARTESIAN_POINT('',(3.915,-2.54,6.8));
#4147 = VERTEX_POINT('',#4148);
#4148 = CARTESIAN_POINT('',(1.165,-2.54,6.8));
#4149 = CIRCLE('',#4150,1.375);
#4150 = AXIS2_PLACEMENT_3D('',#4151,#4152,#4153);
#4151 = CARTESIAN_POINT('',(2.54,-2.54,6.8));
#4152 = DIRECTION('',(0.,0.,1.));
#4153 = DIRECTION('',(1.,0.,-0.));
#4154 = ORIENTED_EDGE('',*,*,#4155,.F.);
#4155 = EDGE_CURVE('',#4156,#4145,#4158,.T.);
#4156 = VERTEX_POINT('',#4157);
#4157 = CARTESIAN_POINT('',(3.915,-7.62,6.8));
#4158 = LINE('',#4159,#4160);
#4159 = CARTESIAN_POINT('',(3.915,-23.05,6.8));
#4160 = VECTOR('',#4161,1.);
#4161 = DIRECTION('',(-0.,1.,0.));
#4162 = ORIENTED_EDGE('',*,*,#4163,.F.);
#4163 = EDGE_CURVE('',#4164,#4156,#4166,.T.);
#4164 = VERTEX_POINT('',#4165);
#4165 = CARTESIAN_POINT('',(1.165,-7.62,6.8));
#4166 = CIRCLE('',#4167,1.375);
#4167 = AXIS2_PLACEMENT_3D('',#4168,#4169,#4170);
#4168 = CARTESIAN_POINT('',(2.54,-7.62,6.8));
#4169 = DIRECTION('',(0.,0.,1.));
#4170 = DIRECTION('',(1.,0.,-0.));
#4171 = ORIENTED_EDGE('',*,*,#4172,.T.);
#4172 = EDGE_CURVE('',#4164,#4147,#4173,.T.);
#4173 = LINE('',#4174,#4175);
#4174 = CARTESIAN_POINT('',(1.165,-23.05,6.8));
#4175 = VECTOR('',#4176,1.);
#4176 = DIRECTION('',(-0.,1.,0.));
#4177 = FACE_BOUND('',#4178,.F.);
#4178 = EDGE_LOOP('',(#4179));
#4179 = ORIENTED_EDGE('',*,*,#4180,.F.);
#4180 = EDGE_CURVE('',#4181,#4181,#4183,.T.);
#4181 = VERTEX_POINT('',#4182);
#4182 = CARTESIAN_POINT('',(8.995,-7.62,6.8));
#4183 = CIRCLE('',#4184,1.375);
#4184 = AXIS2_PLACEMENT_3D('',#4185,#4186,#4187);
#4185 = CARTESIAN_POINT('',(7.62,-7.62,6.8));
#4186 = DIRECTION('',(0.,0.,1.));
#4187 = DIRECTION('',(1.,0.,-0.));
#4188 = FACE_BOUND('',#4189,.F.);
#4189 = EDGE_LOOP('',(#4190,#4201,#4209,#4218));
#4190 = ORIENTED_EDGE('',*,*,#4191,.F.);
#4191 = EDGE_CURVE('',#4192,#4194,#4196,.T.);
#4192 = VERTEX_POINT('',#4193);
#4193 = CARTESIAN_POINT('',(19.155,-2.54,6.8));
#4194 = VERTEX_POINT('',#4195);
#4195 = CARTESIAN_POINT('',(16.405,-2.54,6.8));
#4196 = CIRCLE('',#4197,1.375);
#4197 = AXIS2_PLACEMENT_3D('',#4198,#4199,#4200);
#4198 = CARTESIAN_POINT('',(17.78,-2.54,6.8));
#4199 = DIRECTION('',(0.,0.,1.));
#4200 = DIRECTION('',(1.,0.,-0.));
#4201 = ORIENTED_EDGE('',*,*,#4202,.F.);
#4202 = EDGE_CURVE('',#4203,#4192,#4205,.T.);
#4203 = VERTEX_POINT('',#4204);
#4204 = CARTESIAN_POINT('',(19.155,-7.62,6.8));
#4205 = LINE('',#4206,#4207);
#4206 = CARTESIAN_POINT('',(19.155,-23.05,6.8));
#4207 = VECTOR('',#4208,1.);
#4208 = DIRECTION('',(-0.,1.,0.));
#4209 = ORIENTED_EDGE('',*,*,#4210,.F.);
#4210 = EDGE_CURVE('',#4211,#4203,#4213,.T.);
#4211 = VERTEX_POINT('',#4212);
#4212 = CARTESIAN_POINT('',(16.405,-7.62,6.8));
#4213 = CIRCLE('',#4214,1.375);
#4214 = AXIS2_PLACEMENT_3D('',#4215,#4216,#4217);
#4215 = CARTESIAN_POINT('',(17.78,-7.62,6.8));
#4216 = DIRECTION('',(0.,0.,1.));
#4217 = DIRECTION('',(1.,0.,-0.));
#4218 = ORIENTED_EDGE('',*,*,#4219,.T.);
#4219 = EDGE_CURVE('',#4211,#4194,#4220,.T.);
#4220 = LINE('',#4221,#4222);
#4221 = CARTESIAN_POINT('',(16.405,-23.05,6.8));
#4222 = VECTOR('',#4223,1.);
#4223 = DIRECTION('',(-0.,1.,0.));
#4224 = FACE_BOUND('',#4225,.F.);
#4225 = EDGE_LOOP('',(#4226,#4237,#4245,#4254,#4263));
#4226 = ORIENTED_EDGE('',*,*,#4227,.F.);
#4227 = EDGE_CURVE('',#4228,#4230,#4232,.T.);
#4228 = VERTEX_POINT('',#4229);
#4229 = CARTESIAN_POINT('',(7.62,-1.165,6.8));
#4230 = VERTEX_POINT('',#4231);
#4231 = CARTESIAN_POINT('',(7.62,-3.915,6.8));
#4232 = CIRCLE('',#4233,1.375);
#4233 = AXIS2_PLACEMENT_3D('',#4234,#4235,#4236);
#4234 = CARTESIAN_POINT('',(7.62,-2.54,6.8));
#4235 = DIRECTION('',(0.,0.,1.));
#4236 = DIRECTION('',(1.,0.,-0.));
#4237 = ORIENTED_EDGE('',*,*,#4238,.F.);
#4238 = EDGE_CURVE('',#4239,#4228,#4241,.T.);
#4239 = VERTEX_POINT('',#4240);
#4240 = CARTESIAN_POINT('',(12.7,-1.165,6.8));
#4241 = LINE('',#4242,#4243);
#4242 = CARTESIAN_POINT('',(-15.43,-1.165,6.8));
#4243 = VECTOR('',#4244,1.);
#4244 = DIRECTION('',(-1.,-0.,0.));
#4245 = ORIENTED_EDGE('',*,*,#4246,.F.);
#4246 = EDGE_CURVE('',#4247,#4239,#4249,.T.);
#4247 = VERTEX_POINT('',#4248);
#4248 = CARTESIAN_POINT('',(14.075,-2.54,6.8));
#4249 = CIRCLE('',#4250,1.375);
#4250 = AXIS2_PLACEMENT_3D('',#4251,#4252,#4253);
#4251 = CARTESIAN_POINT('',(12.7,-2.54,6.8));
#4252 = DIRECTION('',(0.,0.,1.));
#4253 = DIRECTION('',(1.,0.,-0.));
#4254 = ORIENTED_EDGE('',*,*,#4255,.F.);
#4255 = EDGE_CURVE('',#4256,#4247,#4258,.T.);
#4256 = VERTEX_POINT('',#4257);
#4257 = CARTESIAN_POINT('',(12.7,-3.915,6.8));
#4258 = CIRCLE('',#4259,1.375);
#4259 = AXIS2_PLACEMENT_3D('',#4260,#4261,#4262);
#4260 = CARTESIAN_POINT('',(12.7,-2.54,6.8));
#4261 = DIRECTION('',(0.,0.,1.));
#4262 = DIRECTION('',(1.,0.,-0.));
#4263 = ORIENTED_EDGE('',*,*,#4264,.T.);
#4264 = EDGE_CURVE('',#4256,#4230,#4265,.T.);
#4265 = LINE('',#4266,#4267);
#4266 = CARTESIAN_POINT('',(-15.43,-3.915,6.8));
#4267 = VECTOR('',#4268,1.);
#4268 = DIRECTION('',(-1.,-0.,0.));
#4269 = FACE_BOUND('',#4270,.F.);
#4270 = EDGE_LOOP('',(#4271,#4282,#4290,#4299,#4308));
#4271 = ORIENTED_EDGE('',*,*,#4272,.F.);
#4272 = EDGE_CURVE('',#4273,#4275,#4277,.T.);
#4273 = VERTEX_POINT('',#4274);
#4274 = CARTESIAN_POINT('',(22.86,-16.405,6.8));
#4275 = VERTEX_POINT('',#4276);
#4276 = CARTESIAN_POINT('',(22.86,-19.155,6.8));
#4277 = CIRCLE('',#4278,1.375);
#4278 = AXIS2_PLACEMENT_3D('',#4279,#4280,#4281);
#4279 = CARTESIAN_POINT('',(22.86,-17.78,6.8));
#4280 = DIRECTION('',(0.,0.,1.));
#4281 = DIRECTION('',(1.,0.,-0.));
#4282 = ORIENTED_EDGE('',*,*,#4283,.F.);
#4283 = EDGE_CURVE('',#4284,#4273,#4286,.T.);
#4284 = VERTEX_POINT('',#4285);
#4285 = CARTESIAN_POINT('',(27.94,-16.405,6.8));
#4286 = LINE('',#4287,#4288);
#4287 = CARTESIAN_POINT('',(-7.81,-16.405,6.8));
#4288 = VECTOR('',#4289,1.);
#4289 = DIRECTION('',(-1.,-0.,0.));
#4290 = ORIENTED_EDGE('',*,*,#4291,.F.);
#4291 = EDGE_CURVE('',#4292,#4284,#4294,.T.);
#4292 = VERTEX_POINT('',#4293);
#4293 = CARTESIAN_POINT('',(29.315,-17.78,6.8));
#4294 = CIRCLE('',#4295,1.375);
#4295 = AXIS2_PLACEMENT_3D('',#4296,#4297,#4298);
#4296 = CARTESIAN_POINT('',(27.94,-17.78,6.8));
#4297 = DIRECTION('',(0.,0.,1.));
#4298 = DIRECTION('',(1.,0.,-0.));
#4299 = ORIENTED_EDGE('',*,*,#4300,.F.);
#4300 = EDGE_CURVE('',#4301,#4292,#4303,.T.);
#4301 = VERTEX_POINT('',#4302);
#4302 = CARTESIAN_POINT('',(27.94,-19.155,6.8));
#4303 = CIRCLE('',#4304,1.375);
#4304 = AXIS2_PLACEMENT_3D('',#4305,#4306,#4307);
#4305 = CARTESIAN_POINT('',(27.94,-17.78,6.8));
#4306 = DIRECTION('',(0.,0.,1.));
#4307 = DIRECTION('',(1.,0.,-0.));
#4308 = ORIENTED_EDGE('',*,*,#4309,.T.);
#4309 = EDGE_CURVE('',#4301,#4275,#4310,.T.);
#4310 = LINE('',#4311,#4312);
#4311 = CARTESIAN_POINT('',(-7.81,-19.155,6.8));
#4312 = VECTOR('',#4313,1.);
#4313 = DIRECTION('',(-1.,-0.,0.));
#4314 = FACE_BOUND('',#4315,.F.);
#4315 = EDGE_LOOP('',(#4316,#4327,#4335,#4344,#4353));
#4316 = ORIENTED_EDGE('',*,*,#4317,.F.);
#4317 = EDGE_CURVE('',#4318,#4320,#4322,.T.);
#4318 = VERTEX_POINT('',#4319);
#4319 = CARTESIAN_POINT('',(17.78,-11.325,6.8));
#4320 = VERTEX_POINT('',#4321);
#4321 = CARTESIAN_POINT('',(17.78,-14.075,6.8));
#4322 = CIRCLE('',#4323,1.375);
#4323 = AXIS2_PLACEMENT_3D('',#4324,#4325,#4326);
#4324 = CARTESIAN_POINT('',(17.78,-12.7,6.8));
#4325 = DIRECTION('',(0.,0.,1.));
#4326 = DIRECTION('',(1.,0.,-0.));
#4327 = ORIENTED_EDGE('',*,*,#4328,.F.);
#4328 = EDGE_CURVE('',#4329,#4318,#4331,.T.);
#4329 = VERTEX_POINT('',#4330);
#4330 = CARTESIAN_POINT('',(22.86,-11.325,6.8));
#4331 = LINE('',#4332,#4333);
#4332 = CARTESIAN_POINT('',(-10.35,-11.325,6.8));
#4333 = VECTOR('',#4334,1.);
#4334 = DIRECTION('',(-1.,-0.,0.));
#4335 = ORIENTED_EDGE('',*,*,#4336,.F.);
#4336 = EDGE_CURVE('',#4337,#4329,#4339,.T.);
#4337 = VERTEX_POINT('',#4338);
#4338 = CARTESIAN_POINT('',(24.235,-12.7,6.8));
#4339 = CIRCLE('',#4340,1.375);
#4340 = AXIS2_PLACEMENT_3D('',#4341,#4342,#4343);
#4341 = CARTESIAN_POINT('',(22.86,-12.7,6.8));
#4342 = DIRECTION('',(0.,0.,1.));
#4343 = DIRECTION('',(1.,0.,-0.));
#4344 = ORIENTED_EDGE('',*,*,#4345,.F.);
#4345 = EDGE_CURVE('',#4346,#4337,#4348,.T.);
#4346 = VERTEX_POINT('',#4347);
#4347 = CARTESIAN_POINT('',(22.86,-14.075,6.8));
#4348 = CIRCLE('',#4349,1.375);
#4349 = AXIS2_PLACEMENT_3D('',#4350,#4351,#4352);
#4350 = CARTESIAN_POINT('',(22.86,-12.7,6.8));
#4351 = DIRECTION('',(0.,0.,1.));
#4352 = DIRECTION('',(1.,0.,-0.));
#4353 = ORIENTED_EDGE('',*,*,#4354,.T.);
#4354 = EDGE_CURVE('',#4346,#4320,#4355,.T.);
#4355 = LINE('',#4356,#4357);
#4356 = CARTESIAN_POINT('',(-10.35,-14.075,6.8));
#4357 = VECTOR('',#4358,1.);
#4358 = DIRECTION('',(-1.,-0.,0.));
#4359 = FACE_BOUND('',#4360,.F.);
#4360 = EDGE_LOOP('',(#4361,#4372,#4380,#4389));
#4361 = ORIENTED_EDGE('',*,*,#4362,.F.);
#4362 = EDGE_CURVE('',#4363,#4365,#4367,.T.);
#4363 = VERTEX_POINT('',#4364);
#4364 = CARTESIAN_POINT('',(29.315,-7.62,6.8));
#4365 = VERTEX_POINT('',#4366);
#4366 = CARTESIAN_POINT('',(26.565,-7.62,6.8));
#4367 = CIRCLE('',#4368,1.375);
#4368 = AXIS2_PLACEMENT_3D('',#4369,#4370,#4371);
#4369 = CARTESIAN_POINT('',(27.94,-7.62,6.8));
#4370 = DIRECTION('',(0.,0.,1.));
#4371 = DIRECTION('',(1.,0.,-0.));
#4372 = ORIENTED_EDGE('',*,*,#4373,.F.);
#4373 = EDGE_CURVE('',#4374,#4363,#4376,.T.);
#4374 = VERTEX_POINT('',#4375);
#4375 = CARTESIAN_POINT('',(29.315,-12.7,6.8));
#4376 = LINE('',#4377,#4378);
#4377 = CARTESIAN_POINT('',(29.315,-25.59,6.8));
#4378 = VECTOR('',#4379,1.);
#4379 = DIRECTION('',(-0.,1.,0.));
#4380 = ORIENTED_EDGE('',*,*,#4381,.F.);
#4381 = EDGE_CURVE('',#4382,#4374,#4384,.T.);
#4382 = VERTEX_POINT('',#4383);
#4383 = CARTESIAN_POINT('',(26.565,-12.7,6.8));
#4384 = CIRCLE('',#4385,1.375);
#4385 = AXIS2_PLACEMENT_3D('',#4386,#4387,#4388);
#4386 = CARTESIAN_POINT('',(27.94,-12.7,6.8));
#4387 = DIRECTION('',(0.,0.,1.));
#4388 = DIRECTION('',(1.,0.,-0.));
#4389 = ORIENTED_EDGE('',*,*,#4390,.T.);
#4390 = EDGE_CURVE('',#4382,#4365,#4391,.T.);
#4391 = LINE('',#4392,#4393);
#4392 = CARTESIAN_POINT('',(26.565,-25.59,6.8));
#4393 = VECTOR('',#4394,1.);
#4394 = DIRECTION('',(-0.,1.,0.));
#4395 = FACE_BOUND('',#4396,.F.);
#4396 = EDGE_LOOP('',(#4397));
#4397 = ORIENTED_EDGE('',*,*,#4398,.F.);
#4398 = EDGE_CURVE('',#4399,#4399,#4401,.T.);
#4399 = VERTEX_POINT('',#4400);
#4400 = CARTESIAN_POINT('',(24.235,-7.62,6.8));
#4401 = CIRCLE('',#4402,1.375);
#4402 = AXIS2_PLACEMENT_3D('',#4403,#4404,#4405);
#4403 = CARTESIAN_POINT('',(22.86,-7.62,6.8));
#4404 = DIRECTION('',(0.,0.,1.));
#4405 = DIRECTION('',(1.,0.,-0.));
#4406 = FACE_BOUND('',#4407,.F.);
#4407 = EDGE_LOOP('',(#4408,#4419,#4427,#4436,#4445));
#4408 = ORIENTED_EDGE('',*,*,#4409,.F.);
#4409 = EDGE_CURVE('',#4410,#4412,#4414,.T.);
#4410 = VERTEX_POINT('',#4411);
#4411 = CARTESIAN_POINT('',(22.86,-1.165,6.8));
#4412 = VERTEX_POINT('',#4413);
#4413 = CARTESIAN_POINT('',(22.86,-3.915,6.8));
#4414 = CIRCLE('',#4415,1.375);
#4415 = AXIS2_PLACEMENT_3D('',#4416,#4417,#4418);
#4416 = CARTESIAN_POINT('',(22.86,-2.54,6.8));
#4417 = DIRECTION('',(0.,0.,1.));
#4418 = DIRECTION('',(1.,0.,-0.));
#4419 = ORIENTED_EDGE('',*,*,#4420,.F.);
#4420 = EDGE_CURVE('',#4421,#4410,#4423,.T.);
#4421 = VERTEX_POINT('',#4422);
#4422 = CARTESIAN_POINT('',(27.94,-1.165,6.8));
#4423 = LINE('',#4424,#4425);
#4424 = CARTESIAN_POINT('',(-7.81,-1.165,6.8));
#4425 = VECTOR('',#4426,1.);
#4426 = DIRECTION('',(-1.,-0.,0.));
#4427 = ORIENTED_EDGE('',*,*,#4428,.F.);
#4428 = EDGE_CURVE('',#4429,#4421,#4431,.T.);
#4429 = VERTEX_POINT('',#4430);
#4430 = CARTESIAN_POINT('',(29.315,-2.54,6.8));
#4431 = CIRCLE('',#4432,1.375);
#4432 = AXIS2_PLACEMENT_3D('',#4433,#4434,#4435);
#4433 = CARTESIAN_POINT('',(27.94,-2.54,6.8));
#4434 = DIRECTION('',(0.,0.,1.));
#4435 = DIRECTION('',(1.,0.,-0.));
#4436 = ORIENTED_EDGE('',*,*,#4437,.F.);
#4437 = EDGE_CURVE('',#4438,#4429,#4440,.T.);
#4438 = VERTEX_POINT('',#4439);
#4439 = CARTESIAN_POINT('',(27.94,-3.915,6.8));
#4440 = CIRCLE('',#4441,1.375);
#4441 = AXIS2_PLACEMENT_3D('',#4442,#4443,#4444);
#4442 = CARTESIAN_POINT('',(27.94,-2.54,6.8));
#4443 = DIRECTION('',(0.,0.,1.));
#4444 = DIRECTION('',(1.,0.,-0.));
#4445 = ORIENTED_EDGE('',*,*,#4446,.T.);
#4446 = EDGE_CURVE('',#4438,#4412,#4447,.T.);
#4447 = LINE('',#4448,#4449);
#4448 = CARTESIAN_POINT('',(-7.81,-3.915,6.8));
#4449 = VECTOR('',#4450,1.);
#4450 = DIRECTION('',(-1.,-0.,0.));
#4451 = FACE_BOUND('',#4452,.F.);
#4452 = EDGE_LOOP('',(#4453,#4464,#4472,#4481,#4490));
#4453 = ORIENTED_EDGE('',*,*,#4454,.F.);
#4454 = EDGE_CURVE('',#4455,#4457,#4459,.T.);
#4455 = VERTEX_POINT('',#4456);
#4456 = CARTESIAN_POINT('',(-27.94,3.915,6.8));
#4457 = VERTEX_POINT('',#4458);
#4458 = CARTESIAN_POINT('',(-27.94,1.165,6.8));
#4459 = CIRCLE('',#4460,1.375);
#4460 = AXIS2_PLACEMENT_3D('',#4461,#4462,#4463);
#4461 = CARTESIAN_POINT('',(-27.94,2.54,6.8));
#4462 = DIRECTION('',(0.,0.,1.));
#4463 = DIRECTION('',(1.,0.,-0.));
#4464 = ORIENTED_EDGE('',*,*,#4465,.F.);
#4465 = EDGE_CURVE('',#4466,#4455,#4468,.T.);
#4466 = VERTEX_POINT('',#4467);
#4467 = CARTESIAN_POINT('',(-22.86,3.915,6.8));
#4468 = LINE('',#4469,#4470);
#4469 = CARTESIAN_POINT('',(-33.21,3.915,6.8));
#4470 = VECTOR('',#4471,1.);
#4471 = DIRECTION('',(-1.,-0.,0.));
#4472 = ORIENTED_EDGE('',*,*,#4473,.F.);
#4473 = EDGE_CURVE('',#4474,#4466,#4476,.T.);
#4474 = VERTEX_POINT('',#4475);
#4475 = CARTESIAN_POINT('',(-21.485,2.54,6.8));
#4476 = CIRCLE('',#4477,1.375);
#4477 = AXIS2_PLACEMENT_3D('',#4478,#4479,#4480);
#4478 = CARTESIAN_POINT('',(-22.86,2.54,6.8));
#4479 = DIRECTION('',(0.,0.,1.));
#4480 = DIRECTION('',(1.,0.,-0.));
#4481 = ORIENTED_EDGE('',*,*,#4482,.F.);
#4482 = EDGE_CURVE('',#4483,#4474,#4485,.T.);
#4483 = VERTEX_POINT('',#4484);
#4484 = CARTESIAN_POINT('',(-22.86,1.165,6.8));
#4485 = CIRCLE('',#4486,1.375);
#4486 = AXIS2_PLACEMENT_3D('',#4487,#4488,#4489);
#4487 = CARTESIAN_POINT('',(-22.86,2.54,6.8));
#4488 = DIRECTION('',(0.,0.,1.));
#4489 = DIRECTION('',(1.,0.,-0.));
#4490 = ORIENTED_EDGE('',*,*,#4491,.T.);
#4491 = EDGE_CURVE('',#4483,#4457,#4492,.T.);
#4492 = LINE('',#4493,#4494);
#4493 = CARTESIAN_POINT('',(-33.21,1.165,6.8));
#4494 = VECTOR('',#4495,1.);
#4495 = DIRECTION('',(-1.,-0.,0.));
#4496 = FACE_BOUND('',#4497,.F.);
#4497 = EDGE_LOOP('',(#4498));
#4498 = ORIENTED_EDGE('',*,*,#4499,.F.);
#4499 = EDGE_CURVE('',#4500,#4500,#4502,.T.);
#4500 = VERTEX_POINT('',#4501);
#4501 = CARTESIAN_POINT('',(-21.485,7.62,6.8));
#4502 = CIRCLE('',#4503,1.375);
#4503 = AXIS2_PLACEMENT_3D('',#4504,#4505,#4506);
#4504 = CARTESIAN_POINT('',(-22.86,7.62,6.8));
#4505 = DIRECTION('',(0.,0.,1.));
#4506 = DIRECTION('',(1.,0.,-0.));
#4507 = FACE_BOUND('',#4508,.F.);
#4508 = EDGE_LOOP('',(#4509,#4520,#4528,#4537));
#4509 = ORIENTED_EDGE('',*,*,#4510,.F.);
#4510 = EDGE_CURVE('',#4511,#4513,#4515,.T.);
#4511 = VERTEX_POINT('',#4512);
#4512 = CARTESIAN_POINT('',(-26.565,12.7,6.8));
#4513 = VERTEX_POINT('',#4514);
#4514 = CARTESIAN_POINT('',(-29.315,12.7,6.8));
#4515 = CIRCLE('',#4516,1.375);
#4516 = AXIS2_PLACEMENT_3D('',#4517,#4518,#4519);
#4517 = CARTESIAN_POINT('',(-27.94,12.7,6.8));
#4518 = DIRECTION('',(0.,0.,1.));
#4519 = DIRECTION('',(1.,0.,-0.));
#4520 = ORIENTED_EDGE('',*,*,#4521,.F.);
#4521 = EDGE_CURVE('',#4522,#4511,#4524,.T.);
#4522 = VERTEX_POINT('',#4523);
#4523 = CARTESIAN_POINT('',(-26.565,7.62,6.8));
#4524 = LINE('',#4525,#4526);
#4525 = CARTESIAN_POINT('',(-26.565,-15.43,6.8));
#4526 = VECTOR('',#4527,1.);
#4527 = DIRECTION('',(-0.,1.,0.));
#4528 = ORIENTED_EDGE('',*,*,#4529,.F.);
#4529 = EDGE_CURVE('',#4530,#4522,#4532,.T.);
#4530 = VERTEX_POINT('',#4531);
#4531 = CARTESIAN_POINT('',(-29.315,7.62,6.8));
#4532 = CIRCLE('',#4533,1.375);
#4533 = AXIS2_PLACEMENT_3D('',#4534,#4535,#4536);
#4534 = CARTESIAN_POINT('',(-27.94,7.62,6.8));
#4535 = DIRECTION('',(0.,0.,1.));
#4536 = DIRECTION('',(1.,0.,-0.));
#4537 = ORIENTED_EDGE('',*,*,#4538,.T.);
#4538 = EDGE_CURVE('',#4530,#4513,#4539,.T.);
#4539 = LINE('',#4540,#4541);
#4540 = CARTESIAN_POINT('',(-29.315,-15.43,6.8));
#4541 = VECTOR('',#4542,1.);
#4542 = DIRECTION('',(-0.,1.,0.));
#4543 = FACE_BOUND('',#4544,.F.);
#4544 = EDGE_LOOP('',(#4545,#4556,#4564,#4573,#4582));
#4545 = ORIENTED_EDGE('',*,*,#4546,.F.);
#4546 = EDGE_CURVE('',#4547,#4549,#4551,.T.);
#4547 = VERTEX_POINT('',#4548);
#4548 = CARTESIAN_POINT('',(-22.86,14.075,6.8));
#4549 = VERTEX_POINT('',#4550);
#4550 = CARTESIAN_POINT('',(-22.86,11.325,6.8));
#4551 = CIRCLE('',#4552,1.375);
#4552 = AXIS2_PLACEMENT_3D('',#4553,#4554,#4555);
#4553 = CARTESIAN_POINT('',(-22.86,12.7,6.8));
#4554 = DIRECTION('',(0.,0.,1.));
#4555 = DIRECTION('',(1.,0.,-0.));
#4556 = ORIENTED_EDGE('',*,*,#4557,.F.);
#4557 = EDGE_CURVE('',#4558,#4547,#4560,.T.);
#4558 = VERTEX_POINT('',#4559);
#4559 = CARTESIAN_POINT('',(-17.78,14.075,6.8));
#4560 = LINE('',#4561,#4562);
#4561 = CARTESIAN_POINT('',(-30.67,14.075,6.8));
#4562 = VECTOR('',#4563,1.);
#4563 = DIRECTION('',(-1.,-0.,0.));
#4564 = ORIENTED_EDGE('',*,*,#4565,.F.);
#4565 = EDGE_CURVE('',#4566,#4558,#4568,.T.);
#4566 = VERTEX_POINT('',#4567);
#4567 = CARTESIAN_POINT('',(-16.405,12.7,6.8));
#4568 = CIRCLE('',#4569,1.375);
#4569 = AXIS2_PLACEMENT_3D('',#4570,#4571,#4572);
#4570 = CARTESIAN_POINT('',(-17.78,12.7,6.8));
#4571 = DIRECTION('',(0.,0.,1.));
#4572 = DIRECTION('',(1.,0.,-0.));
#4573 = ORIENTED_EDGE('',*,*,#4574,.F.);
#4574 = EDGE_CURVE('',#4575,#4566,#4577,.T.);
#4575 = VERTEX_POINT('',#4576);
#4576 = CARTESIAN_POINT('',(-17.78,11.325,6.8));
#4577 = CIRCLE('',#4578,1.375);
#4578 = AXIS2_PLACEMENT_3D('',#4579,#4580,#4581);
#4579 = CARTESIAN_POINT('',(-17.78,12.7,6.8));
#4580 = DIRECTION('',(0.,0.,1.));
#4581 = DIRECTION('',(1.,0.,-0.));
#4582 = ORIENTED_EDGE('',*,*,#4583,.T.);
#4583 = EDGE_CURVE('',#4575,#4549,#4584,.T.);
#4584 = LINE('',#4585,#4586);
#4585 = CARTESIAN_POINT('',(-30.67,11.325,6.8));
#4586 = VECTOR('',#4587,1.);
#4587 = DIRECTION('',(-1.,-0.,0.));
#4588 = FACE_BOUND('',#4589,.F.);
#4589 = EDGE_LOOP('',(#4590,#4601,#4609,#4618,#4627));
#4590 = ORIENTED_EDGE('',*,*,#4591,.F.);
#4591 = EDGE_CURVE('',#4592,#4594,#4596,.T.);
#4592 = VERTEX_POINT('',#4593);
#4593 = CARTESIAN_POINT('',(-27.94,19.155,6.8));
#4594 = VERTEX_POINT('',#4595);
#4595 = CARTESIAN_POINT('',(-27.94,16.405,6.8));
#4596 = CIRCLE('',#4597,1.375);
#4597 = AXIS2_PLACEMENT_3D('',#4598,#4599,#4600);
#4598 = CARTESIAN_POINT('',(-27.94,17.78,6.8));
#4599 = DIRECTION('',(0.,0.,1.));
#4600 = DIRECTION('',(1.,0.,-0.));
#4601 = ORIENTED_EDGE('',*,*,#4602,.F.);
#4602 = EDGE_CURVE('',#4603,#4592,#4605,.T.);
#4603 = VERTEX_POINT('',#4604);
#4604 = CARTESIAN_POINT('',(-22.86,19.155,6.8));
#4605 = LINE('',#4606,#4607);
#4606 = CARTESIAN_POINT('',(-33.21,19.155,6.8));
#4607 = VECTOR('',#4608,1.);
#4608 = DIRECTION('',(-1.,-0.,0.));
#4609 = ORIENTED_EDGE('',*,*,#4610,.F.);
#4610 = EDGE_CURVE('',#4611,#4603,#4613,.T.);
#4611 = VERTEX_POINT('',#4612);
#4612 = CARTESIAN_POINT('',(-21.485,17.78,6.8));
#4613 = CIRCLE('',#4614,1.375);
#4614 = AXIS2_PLACEMENT_3D('',#4615,#4616,#4617);
#4615 = CARTESIAN_POINT('',(-22.86,17.78,6.8));
#4616 = DIRECTION('',(0.,0.,1.));
#4617 = DIRECTION('',(1.,0.,-0.));
#4618 = ORIENTED_EDGE('',*,*,#4619,.F.);
#4619 = EDGE_CURVE('',#4620,#4611,#4622,.T.);
#4620 = VERTEX_POINT('',#4621);
#4621 = CARTESIAN_POINT('',(-22.86,16.405,6.8));
#4622 = CIRCLE('',#4623,1.375);
#4623 = AXIS2_PLACEMENT_3D('',#4624,#4625,#4626);
#4624 = CARTESIAN_POINT('',(-22.86,17.78,6.8));
#4625 = DIRECTION('',(0.,0.,1.));
#4626 = DIRECTION('',(1.,0.,-0.));
#4627 = ORIENTED_EDGE('',*,*,#4628,.T.);
#4628 = EDGE_CURVE('',#4620,#4594,#4629,.T.);
#4629 = LINE('',#4630,#4631);
#4630 = CARTESIAN_POINT('',(-33.21,16.405,6.8));
#4631 = VECTOR('',#4632,1.);
#4632 = DIRECTION('',(-1.,-0.,0.));
#4633 = FACE_BOUND('',#4634,.F.);
#4634 = EDGE_LOOP('',(#4635,#4646,#4654,#4663,#4672));
#4635 = ORIENTED_EDGE('',*,*,#4636,.F.);
#4636 = EDGE_CURVE('',#4637,#4639,#4641,.T.);
#4637 = VERTEX_POINT('',#4638);
#4638 = CARTESIAN_POINT('',(-12.7,3.915,6.8));
#4639 = VERTEX_POINT('',#4640);
#4640 = CARTESIAN_POINT('',(-12.7,1.165,6.8));
#4641 = CIRCLE('',#4642,1.375);
#4642 = AXIS2_PLACEMENT_3D('',#4643,#4644,#4645);
#4643 = CARTESIAN_POINT('',(-12.7,2.54,6.8));
#4644 = DIRECTION('',(0.,0.,1.));
#4645 = DIRECTION('',(1.,0.,-0.));
#4646 = ORIENTED_EDGE('',*,*,#4647,.F.);
#4647 = EDGE_CURVE('',#4648,#4637,#4650,.T.);
#4648 = VERTEX_POINT('',#4649);
#4649 = CARTESIAN_POINT('',(-7.62,3.915,6.8));
#4650 = LINE('',#4651,#4652);
#4651 = CARTESIAN_POINT('',(-25.59,3.915,6.8));
#4652 = VECTOR('',#4653,1.);
#4653 = DIRECTION('',(-1.,-0.,0.));
#4654 = ORIENTED_EDGE('',*,*,#4655,.F.);
#4655 = EDGE_CURVE('',#4656,#4648,#4658,.T.);
#4656 = VERTEX_POINT('',#4657);
#4657 = CARTESIAN_POINT('',(-6.245,2.54,6.8));
#4658 = CIRCLE('',#4659,1.375);
#4659 = AXIS2_PLACEMENT_3D('',#4660,#4661,#4662);
#4660 = CARTESIAN_POINT('',(-7.62,2.54,6.8));
#4661 = DIRECTION('',(0.,0.,1.));
#4662 = DIRECTION('',(1.,0.,-0.));
#4663 = ORIENTED_EDGE('',*,*,#4664,.F.);
#4664 = EDGE_CURVE('',#4665,#4656,#4667,.T.);
#4665 = VERTEX_POINT('',#4666);
#4666 = CARTESIAN_POINT('',(-7.62,1.165,6.8));
#4667 = CIRCLE('',#4668,1.375);
#4668 = AXIS2_PLACEMENT_3D('',#4669,#4670,#4671);
#4669 = CARTESIAN_POINT('',(-7.62,2.54,6.8));
#4670 = DIRECTION('',(0.,0.,1.));
#4671 = DIRECTION('',(1.,0.,-0.));
#4672 = ORIENTED_EDGE('',*,*,#4673,.T.);
#4673 = EDGE_CURVE('',#4665,#4639,#4674,.T.);
#4674 = LINE('',#4675,#4676);
#4675 = CARTESIAN_POINT('',(-25.59,1.165,6.8));
#4676 = VECTOR('',#4677,1.);
#4677 = DIRECTION('',(-1.,-0.,0.));
#4678 = FACE_BOUND('',#4679,.F.);
#4679 = EDGE_LOOP('',(#4680,#4691,#4699,#4708));
#4680 = ORIENTED_EDGE('',*,*,#4681,.F.);
#4681 = EDGE_CURVE('',#4682,#4684,#4686,.T.);
#4682 = VERTEX_POINT('',#4683);
#4683 = CARTESIAN_POINT('',(-16.405,7.62,6.8));
#4684 = VERTEX_POINT('',#4685);
#4685 = CARTESIAN_POINT('',(-19.155,7.62,6.8));
#4686 = CIRCLE('',#4687,1.375);
#4687 = AXIS2_PLACEMENT_3D('',#4688,#4689,#4690);
#4688 = CARTESIAN_POINT('',(-17.78,7.62,6.8));
#4689 = DIRECTION('',(0.,0.,1.));
#4690 = DIRECTION('',(1.,0.,-0.));
#4691 = ORIENTED_EDGE('',*,*,#4692,.F.);
#4692 = EDGE_CURVE('',#4693,#4682,#4695,.T.);
#4693 = VERTEX_POINT('',#4694);
#4694 = CARTESIAN_POINT('',(-16.405,2.54,6.8));
#4695 = LINE('',#4696,#4697);
#4696 = CARTESIAN_POINT('',(-16.405,-17.97,6.8));
#4697 = VECTOR('',#4698,1.);
#4698 = DIRECTION('',(-0.,1.,0.));
#4699 = ORIENTED_EDGE('',*,*,#4700,.F.);
#4700 = EDGE_CURVE('',#4701,#4693,#4703,.T.);
#4701 = VERTEX_POINT('',#4702);
#4702 = CARTESIAN_POINT('',(-19.155,2.54,6.8));
#4703 = CIRCLE('',#4704,1.375);
#4704 = AXIS2_PLACEMENT_3D('',#4705,#4706,#4707);
#4705 = CARTESIAN_POINT('',(-17.78,2.54,6.8));
#4706 = DIRECTION('',(0.,0.,1.));
#4707 = DIRECTION('',(1.,0.,-0.));
#4708 = ORIENTED_EDGE('',*,*,#4709,.T.);
#4709 = EDGE_CURVE('',#4701,#4684,#4710,.T.);
#4710 = LINE('',#4711,#4712);
#4711 = CARTESIAN_POINT('',(-19.155,-17.97,6.8));
#4712 = VECTOR('',#4713,1.);
#4713 = DIRECTION('',(-0.,1.,0.));
#4714 = FACE_BOUND('',#4715,.F.);
#4715 = EDGE_LOOP('',(#4716));
#4716 = ORIENTED_EDGE('',*,*,#4717,.F.);
#4717 = EDGE_CURVE('',#4718,#4718,#4720,.T.);
#4718 = VERTEX_POINT('',#4719);
#4719 = CARTESIAN_POINT('',(-6.245,7.62,6.8));
#4720 = CIRCLE('',#4721,1.375);
#4721 = AXIS2_PLACEMENT_3D('',#4722,#4723,#4724);
#4722 = CARTESIAN_POINT('',(-7.62,7.62,6.8));
#4723 = DIRECTION('',(0.,0.,1.));
#4724 = DIRECTION('',(1.,0.,-0.));
#4725 = FACE_BOUND('',#4726,.F.);
#4726 = EDGE_LOOP('',(#4727,#4738,#4746,#4755));
#4727 = ORIENTED_EDGE('',*,*,#4728,.F.);
#4728 = EDGE_CURVE('',#4729,#4731,#4733,.T.);
#4729 = VERTEX_POINT('',#4730);
#4730 = CARTESIAN_POINT('',(-1.165,7.62,6.8));
#4731 = VERTEX_POINT('',#4732);
#4732 = CARTESIAN_POINT('',(-3.915,7.62,6.8));
#4733 = CIRCLE('',#4734,1.375);
#4734 = AXIS2_PLACEMENT_3D('',#4735,#4736,#4737);
#4735 = CARTESIAN_POINT('',(-2.54,7.62,6.8));
#4736 = DIRECTION('',(0.,0.,1.));
#4737 = DIRECTION('',(1.,0.,-0.));
#4738 = ORIENTED_EDGE('',*,*,#4739,.F.);
#4739 = EDGE_CURVE('',#4740,#4729,#4742,.T.);
#4740 = VERTEX_POINT('',#4741);
#4741 = CARTESIAN_POINT('',(-1.165,2.54,6.8));
#4742 = LINE('',#4743,#4744);
#4743 = CARTESIAN_POINT('',(-1.165,-17.97,6.8));
#4744 = VECTOR('',#4745,1.);
#4745 = DIRECTION('',(-0.,1.,0.));
#4746 = ORIENTED_EDGE('',*,*,#4747,.F.);
#4747 = EDGE_CURVE('',#4748,#4740,#4750,.T.);
#4748 = VERTEX_POINT('',#4749);
#4749 = CARTESIAN_POINT('',(-3.915,2.54,6.8));
#4750 = CIRCLE('',#4751,1.375);
#4751 = AXIS2_PLACEMENT_3D('',#4752,#4753,#4754);
#4752 = CARTESIAN_POINT('',(-2.54,2.54,6.8));
#4753 = DIRECTION('',(0.,0.,1.));
#4754 = DIRECTION('',(1.,0.,-0.));
#4755 = ORIENTED_EDGE('',*,*,#4756,.T.);
#4756 = EDGE_CURVE('',#4748,#4731,#4757,.T.);
#4757 = LINE('',#4758,#4759);
#4758 = CARTESIAN_POINT('',(-3.915,-17.97,6.8));
#4759 = VECTOR('',#4760,1.);
#4760 = DIRECTION('',(-0.,1.,0.));
#4761 = FACE_BOUND('',#4762,.F.);
#4762 = EDGE_LOOP('',(#4763,#4774,#4782,#4791));
#4763 = ORIENTED_EDGE('',*,*,#4764,.F.);
#4764 = EDGE_CURVE('',#4765,#4767,#4769,.T.);
#4765 = VERTEX_POINT('',#4766);
#4766 = CARTESIAN_POINT('',(-11.325,12.7,6.8));
#4767 = VERTEX_POINT('',#4768);
#4768 = CARTESIAN_POINT('',(-14.075,12.7,6.8));
#4769 = CIRCLE('',#4770,1.375);
#4770 = AXIS2_PLACEMENT_3D('',#4771,#4772,#4773);
#4771 = CARTESIAN_POINT('',(-12.7,12.7,6.8));
#4772 = DIRECTION('',(0.,0.,1.));
#4773 = DIRECTION('',(1.,0.,-0.));
#4774 = ORIENTED_EDGE('',*,*,#4775,.F.);
#4775 = EDGE_CURVE('',#4776,#4765,#4778,.T.);
#4776 = VERTEX_POINT('',#4777);
#4777 = CARTESIAN_POINT('',(-11.325,7.62,6.8));
#4778 = LINE('',#4779,#4780);
#4779 = CARTESIAN_POINT('',(-11.325,-15.43,6.8));
#4780 = VECTOR('',#4781,1.);
#4781 = DIRECTION('',(-0.,1.,0.));
#4782 = ORIENTED_EDGE('',*,*,#4783,.F.);
#4783 = EDGE_CURVE('',#4784,#4776,#4786,.T.);
#4784 = VERTEX_POINT('',#4785);
#4785 = CARTESIAN_POINT('',(-14.075,7.62,6.8));
#4786 = CIRCLE('',#4787,1.375);
#4787 = AXIS2_PLACEMENT_3D('',#4788,#4789,#4790);
#4788 = CARTESIAN_POINT('',(-12.7,7.62,6.8));
#4789 = DIRECTION('',(0.,0.,1.));
#4790 = DIRECTION('',(1.,0.,-0.));
#4791 = ORIENTED_EDGE('',*,*,#4792,.T.);
#4792 = EDGE_CURVE('',#4784,#4767,#4793,.T.);
#4793 = LINE('',#4794,#4795);
#4794 = CARTESIAN_POINT('',(-14.075,-15.43,6.8));
#4795 = VECTOR('',#4796,1.);
#4796 = DIRECTION('',(-0.,1.,0.));
#4797 = FACE_BOUND('',#4798,.F.);
#4798 = EDGE_LOOP('',(#4799,#4810,#4818,#4827,#4836));
#4799 = ORIENTED_EDGE('',*,*,#4800,.F.);
#4800 = EDGE_CURVE('',#4801,#4803,#4805,.T.);
#4801 = VERTEX_POINT('',#4802);
#4802 = CARTESIAN_POINT('',(-12.7,19.155,6.8));
#4803 = VERTEX_POINT('',#4804);
#4804 = CARTESIAN_POINT('',(-12.7,16.405,6.8));
#4805 = CIRCLE('',#4806,1.375);
#4806 = AXIS2_PLACEMENT_3D('',#4807,#4808,#4809);
#4807 = CARTESIAN_POINT('',(-12.7,17.78,6.8));
#4808 = DIRECTION('',(0.,0.,1.));
#4809 = DIRECTION('',(1.,0.,-0.));
#4810 = ORIENTED_EDGE('',*,*,#4811,.F.);
#4811 = EDGE_CURVE('',#4812,#4801,#4814,.T.);
#4812 = VERTEX_POINT('',#4813);
#4813 = CARTESIAN_POINT('',(-7.62,19.155,6.8));
#4814 = LINE('',#4815,#4816);
#4815 = CARTESIAN_POINT('',(-25.59,19.155,6.8));
#4816 = VECTOR('',#4817,1.);
#4817 = DIRECTION('',(-1.,-0.,0.));
#4818 = ORIENTED_EDGE('',*,*,#4819,.F.);
#4819 = EDGE_CURVE('',#4820,#4812,#4822,.T.);
#4820 = VERTEX_POINT('',#4821);
#4821 = CARTESIAN_POINT('',(-6.245,17.78,6.8));
#4822 = CIRCLE('',#4823,1.375);
#4823 = AXIS2_PLACEMENT_3D('',#4824,#4825,#4826);
#4824 = CARTESIAN_POINT('',(-7.62,17.78,6.8));
#4825 = DIRECTION('',(0.,0.,1.));
#4826 = DIRECTION('',(1.,0.,-0.));
#4827 = ORIENTED_EDGE('',*,*,#4828,.F.);
#4828 = EDGE_CURVE('',#4829,#4820,#4831,.T.);
#4829 = VERTEX_POINT('',#4830);
#4830 = CARTESIAN_POINT('',(-7.62,16.405,6.8));
#4831 = CIRCLE('',#4832,1.375);
#4832 = AXIS2_PLACEMENT_3D('',#4833,#4834,#4835);
#4833 = CARTESIAN_POINT('',(-7.62,17.78,6.8));
#4834 = DIRECTION('',(0.,0.,1.));
#4835 = DIRECTION('',(1.,0.,-0.));
#4836 = ORIENTED_EDGE('',*,*,#4837,.T.);
#4837 = EDGE_CURVE('',#4829,#4803,#4838,.T.);
#4838 = LINE('',#4839,#4840);
#4839 = CARTESIAN_POINT('',(-25.59,16.405,6.8));
#4840 = VECTOR('',#4841,1.);
#4841 = DIRECTION('',(-1.,-0.,0.));
#4842 = FACE_BOUND('',#4843,.F.);
#4843 = EDGE_LOOP('',(#4844,#4855,#4863,#4872,#4881));
#4844 = ORIENTED_EDGE('',*,*,#4845,.F.);
#4845 = EDGE_CURVE('',#4846,#4848,#4850,.T.);
#4846 = VERTEX_POINT('',#4847);
#4847 = CARTESIAN_POINT('',(-7.62,14.075,6.8));
#4848 = VERTEX_POINT('',#4849);
#4849 = CARTESIAN_POINT('',(-7.62,11.325,6.8));
#4850 = CIRCLE('',#4851,1.375);
#4851 = AXIS2_PLACEMENT_3D('',#4852,#4853,#4854);
#4852 = CARTESIAN_POINT('',(-7.62,12.7,6.8));
#4853 = DIRECTION('',(0.,0.,1.));
#4854 = DIRECTION('',(1.,0.,-0.));
#4855 = ORIENTED_EDGE('',*,*,#4856,.F.);
#4856 = EDGE_CURVE('',#4857,#4846,#4859,.T.);
#4857 = VERTEX_POINT('',#4858);
#4858 = CARTESIAN_POINT('',(-2.54,14.075,6.8));
#4859 = LINE('',#4860,#4861);
#4860 = CARTESIAN_POINT('',(-23.05,14.075,6.8));
#4861 = VECTOR('',#4862,1.);
#4862 = DIRECTION('',(-1.,-0.,0.));
#4863 = ORIENTED_EDGE('',*,*,#4864,.F.);
#4864 = EDGE_CURVE('',#4865,#4857,#4867,.T.);
#4865 = VERTEX_POINT('',#4866);
#4866 = CARTESIAN_POINT('',(-1.165,12.7,6.8));
#4867 = CIRCLE('',#4868,1.375);
#4868 = AXIS2_PLACEMENT_3D('',#4869,#4870,#4871);
#4869 = CARTESIAN_POINT('',(-2.54,12.7,6.8));
#4870 = DIRECTION('',(0.,0.,1.));
#4871 = DIRECTION('',(1.,0.,-0.));
#4872 = ORIENTED_EDGE('',*,*,#4873,.F.);
#4873 = EDGE_CURVE('',#4874,#4865,#4876,.T.);
#4874 = VERTEX_POINT('',#4875);
#4875 = CARTESIAN_POINT('',(-2.54,11.325,6.8));
#4876 = CIRCLE('',#4877,1.375);
#4877 = AXIS2_PLACEMENT_3D('',#4878,#4879,#4880);
#4878 = CARTESIAN_POINT('',(-2.54,12.7,6.8));
#4879 = DIRECTION('',(0.,0.,1.));
#4880 = DIRECTION('',(1.,0.,-0.));
#4881 = ORIENTED_EDGE('',*,*,#4882,.T.);
#4882 = EDGE_CURVE('',#4874,#4848,#4883,.T.);
#4883 = LINE('',#4884,#4885);
#4884 = CARTESIAN_POINT('',(-23.05,11.325,6.8));
#4885 = VECTOR('',#4886,1.);
#4886 = DIRECTION('',(-1.,-0.,0.));
#4887 = FACE_BOUND('',#4888,.F.);
#4888 = EDGE_LOOP('',(#4889,#4900,#4908,#4917));
#4889 = ORIENTED_EDGE('',*,*,#4890,.F.);
#4890 = EDGE_CURVE('',#4891,#4893,#4895,.T.);
#4891 = VERTEX_POINT('',#4892);
#4892 = CARTESIAN_POINT('',(-26.565,27.94,6.8));
#4893 = VERTEX_POINT('',#4894);
#4894 = CARTESIAN_POINT('',(-29.315,27.94,6.8));
#4895 = CIRCLE('',#4896,1.375);
#4896 = AXIS2_PLACEMENT_3D('',#4897,#4898,#4899);
#4897 = CARTESIAN_POINT('',(-27.94,27.94,6.8));
#4898 = DIRECTION('',(0.,0.,1.));
#4899 = DIRECTION('',(1.,0.,-0.));
#4900 = ORIENTED_EDGE('',*,*,#4901,.F.);
#4901 = EDGE_CURVE('',#4902,#4891,#4904,.T.);
#4902 = VERTEX_POINT('',#4903);
#4903 = CARTESIAN_POINT('',(-26.565,22.86,6.8));
#4904 = LINE('',#4905,#4906);
#4905 = CARTESIAN_POINT('',(-26.565,-7.81,6.8));
#4906 = VECTOR('',#4907,1.);
#4907 = DIRECTION('',(-0.,1.,0.));
#4908 = ORIENTED_EDGE('',*,*,#4909,.F.);
#4909 = EDGE_CURVE('',#4910,#4902,#4912,.T.);
#4910 = VERTEX_POINT('',#4911);
#4911 = CARTESIAN_POINT('',(-29.315,22.86,6.8));
#4912 = CIRCLE('',#4913,1.375);
#4913 = AXIS2_PLACEMENT_3D('',#4914,#4915,#4916);
#4914 = CARTESIAN_POINT('',(-27.94,22.86,6.8));
#4915 = DIRECTION('',(0.,0.,1.));
#4916 = DIRECTION('',(1.,0.,-0.));
#4917 = ORIENTED_EDGE('',*,*,#4918,.T.);
#4918 = EDGE_CURVE('',#4910,#4893,#4919,.T.);
#4919 = LINE('',#4920,#4921);
#4920 = CARTESIAN_POINT('',(-29.315,-7.81,6.8));
#4921 = VECTOR('',#4922,1.);
#4922 = DIRECTION('',(-0.,1.,0.));
#4923 = FACE_BOUND('',#4924,.F.);
#4924 = EDGE_LOOP('',(#4925));
#4925 = ORIENTED_EDGE('',*,*,#4926,.F.);
#4926 = EDGE_CURVE('',#4927,#4927,#4929,.T.);
#4927 = VERTEX_POINT('',#4928);
#4928 = CARTESIAN_POINT('',(-21.485,22.86,6.8));
#4929 = CIRCLE('',#4930,1.375);
#4930 = AXIS2_PLACEMENT_3D('',#4931,#4932,#4933);
#4931 = CARTESIAN_POINT('',(-22.86,22.86,6.8));
#4932 = DIRECTION('',(0.,0.,1.));
#4933 = DIRECTION('',(1.,0.,-0.));
#4934 = FACE_BOUND('',#4935,.F.);
#4935 = EDGE_LOOP('',(#4936));
#4936 = ORIENTED_EDGE('',*,*,#4937,.F.);
#4937 = EDGE_CURVE('',#4938,#4938,#4940,.T.);
#4938 = VERTEX_POINT('',#4939);
#4939 = CARTESIAN_POINT('',(-32.78,34.48,6.8));
#4940 = CIRCLE('',#4941,1.7);
#4941 = AXIS2_PLACEMENT_3D('',#4942,#4943,#4944);
#4942 = CARTESIAN_POINT('',(-34.48,34.48,6.8));
#4943 = DIRECTION('',(0.,0.,1.));
#4944 = DIRECTION('',(1.,0.,-0.));
#4945 = FACE_BOUND('',#4946,.F.);
#4946 = EDGE_LOOP('',(#4947,#4958,#4966,#4975,#4984));
#4947 = ORIENTED_EDGE('',*,*,#4948,.F.);
#4948 = EDGE_CURVE('',#4949,#4951,#4953,.T.);
#4949 = VERTEX_POINT('',#4950);
#4950 = CARTESIAN_POINT('',(-22.86,29.315,6.8));
#4951 = VERTEX_POINT('',#4952);
#4952 = CARTESIAN_POINT('',(-22.86,26.565,6.8));
#4953 = CIRCLE('',#4954,1.375);
#4954 = AXIS2_PLACEMENT_3D('',#4955,#4956,#4957);
#4955 = CARTESIAN_POINT('',(-22.86,27.94,6.8));
#4956 = DIRECTION('',(0.,0.,1.));
#4957 = DIRECTION('',(1.,0.,-0.));
#4958 = ORIENTED_EDGE('',*,*,#4959,.F.);
#4959 = EDGE_CURVE('',#4960,#4949,#4962,.T.);
#4960 = VERTEX_POINT('',#4961);
#4961 = CARTESIAN_POINT('',(-17.78,29.315,6.8));
#4962 = LINE('',#4963,#4964);
#4963 = CARTESIAN_POINT('',(-30.67,29.315,6.8));
#4964 = VECTOR('',#4965,1.);
#4965 = DIRECTION('',(-1.,-0.,0.));
#4966 = ORIENTED_EDGE('',*,*,#4967,.F.);
#4967 = EDGE_CURVE('',#4968,#4960,#4970,.T.);
#4968 = VERTEX_POINT('',#4969);
#4969 = CARTESIAN_POINT('',(-16.405,27.94,6.8));
#4970 = CIRCLE('',#4971,1.375);
#4971 = AXIS2_PLACEMENT_3D('',#4972,#4973,#4974);
#4972 = CARTESIAN_POINT('',(-17.78,27.94,6.8));
#4973 = DIRECTION('',(0.,0.,1.));
#4974 = DIRECTION('',(1.,0.,-0.));
#4975 = ORIENTED_EDGE('',*,*,#4976,.F.);
#4976 = EDGE_CURVE('',#4977,#4968,#4979,.T.);
#4977 = VERTEX_POINT('',#4978);
#4978 = CARTESIAN_POINT('',(-17.78,26.565,6.8));
#4979 = CIRCLE('',#4980,1.375);
#4980 = AXIS2_PLACEMENT_3D('',#4981,#4982,#4983);
#4981 = CARTESIAN_POINT('',(-17.78,27.94,6.8));
#4982 = DIRECTION('',(0.,0.,1.));
#4983 = DIRECTION('',(1.,0.,-0.));
#4984 = ORIENTED_EDGE('',*,*,#4985,.T.);
#4985 = EDGE_CURVE('',#4977,#4951,#4986,.T.);
#4986 = LINE('',#4987,#4988);
#4987 = CARTESIAN_POINT('',(-30.67,26.565,6.8));
#4988 = VECTOR('',#4989,1.);
#4989 = DIRECTION('',(-1.,-0.,0.));
#4990 = FACE_BOUND('',#4991,.F.);
#4991 = EDGE_LOOP('',(#4992,#5003,#5011,#5020));
#4992 = ORIENTED_EDGE('',*,*,#4993,.F.);
#4993 = EDGE_CURVE('',#4994,#4996,#4998,.T.);
#4994 = VERTEX_POINT('',#4995);
#4995 = CARTESIAN_POINT('',(-16.405,22.86,6.8));
#4996 = VERTEX_POINT('',#4997);
#4997 = CARTESIAN_POINT('',(-19.155,22.86,6.8));
#4998 = CIRCLE('',#4999,1.375);
#4999 = AXIS2_PLACEMENT_3D('',#5000,#5001,#5002);
#5000 = CARTESIAN_POINT('',(-17.78,22.86,6.8));
#5001 = DIRECTION('',(0.,0.,1.));
#5002 = DIRECTION('',(1.,0.,-0.));
#5003 = ORIENTED_EDGE('',*,*,#5004,.F.);
#5004 = EDGE_CURVE('',#5005,#4994,#5007,.T.);
#5005 = VERTEX_POINT('',#5006);
#5006 = CARTESIAN_POINT('',(-16.405,17.78,6.8));
#5007 = LINE('',#5008,#5009);
#5008 = CARTESIAN_POINT('',(-16.405,-10.35,6.8));
#5009 = VECTOR('',#5010,1.);
#5010 = DIRECTION('',(-0.,1.,0.));
#5011 = ORIENTED_EDGE('',*,*,#5012,.F.);
#5012 = EDGE_CURVE('',#5013,#5005,#5015,.T.);
#5013 = VERTEX_POINT('',#5014);
#5014 = CARTESIAN_POINT('',(-19.155,17.78,6.8));
#5015 = CIRCLE('',#5016,1.375);
#5016 = AXIS2_PLACEMENT_3D('',#5017,#5018,#5019);
#5017 = CARTESIAN_POINT('',(-17.78,17.78,6.8));
#5018 = DIRECTION('',(0.,0.,1.));
#5019 = DIRECTION('',(1.,0.,-0.));
#5020 = ORIENTED_EDGE('',*,*,#5021,.T.);
#5021 = EDGE_CURVE('',#5013,#4996,#5022,.T.);
#5022 = LINE('',#5023,#5024);
#5023 = CARTESIAN_POINT('',(-19.155,-10.35,6.8));
#5024 = VECTOR('',#5025,1.);
#5025 = DIRECTION('',(-0.,1.,0.));
#5026 = FACE_BOUND('',#5027,.F.);
#5027 = EDGE_LOOP('',(#5028,#5039,#5047,#5056));
#5028 = ORIENTED_EDGE('',*,*,#5029,.F.);
#5029 = EDGE_CURVE('',#5030,#5032,#5034,.T.);
#5030 = VERTEX_POINT('',#5031);
#5031 = CARTESIAN_POINT('',(-11.325,27.94,6.8));
#5032 = VERTEX_POINT('',#5033);
#5033 = CARTESIAN_POINT('',(-14.075,27.94,6.8));
#5034 = CIRCLE('',#5035,1.375);
#5035 = AXIS2_PLACEMENT_3D('',#5036,#5037,#5038);
#5036 = CARTESIAN_POINT('',(-12.7,27.94,6.8));
#5037 = DIRECTION('',(0.,0.,1.));
#5038 = DIRECTION('',(1.,0.,-0.));
#5039 = ORIENTED_EDGE('',*,*,#5040,.F.);
#5040 = EDGE_CURVE('',#5041,#5030,#5043,.T.);
#5041 = VERTEX_POINT('',#5042);
#5042 = CARTESIAN_POINT('',(-11.325,22.86,6.8));
#5043 = LINE('',#5044,#5045);
#5044 = CARTESIAN_POINT('',(-11.325,-7.81,6.8));
#5045 = VECTOR('',#5046,1.);
#5046 = DIRECTION('',(-0.,1.,0.));
#5047 = ORIENTED_EDGE('',*,*,#5048,.F.);
#5048 = EDGE_CURVE('',#5049,#5041,#5051,.T.);
#5049 = VERTEX_POINT('',#5050);
#5050 = CARTESIAN_POINT('',(-14.075,22.86,6.8));
#5051 = CIRCLE('',#5052,1.375);
#5052 = AXIS2_PLACEMENT_3D('',#5053,#5054,#5055);
#5053 = CARTESIAN_POINT('',(-12.7,22.86,6.8));
#5054 = DIRECTION('',(0.,0.,1.));
#5055 = DIRECTION('',(1.,0.,-0.));
#5056 = ORIENTED_EDGE('',*,*,#5057,.T.);
#5057 = EDGE_CURVE('',#5049,#5032,#5058,.T.);
#5058 = LINE('',#5059,#5060);
#5059 = CARTESIAN_POINT('',(-14.075,-7.81,6.8));
#5060 = VECTOR('',#5061,1.);
#5061 = DIRECTION('',(-0.,1.,0.));
#5062 = FACE_BOUND('',#5063,.F.);
#5063 = EDGE_LOOP('',(#5064,#5075,#5083,#5092));
#5064 = ORIENTED_EDGE('',*,*,#5065,.F.);
#5065 = EDGE_CURVE('',#5066,#5068,#5070,.T.);
#5066 = VERTEX_POINT('',#5067);
#5067 = CARTESIAN_POINT('',(-1.165,22.86,6.8));
#5068 = VERTEX_POINT('',#5069);
#5069 = CARTESIAN_POINT('',(-3.915,22.86,6.8));
#5070 = CIRCLE('',#5071,1.375);
#5071 = AXIS2_PLACEMENT_3D('',#5072,#5073,#5074);
#5072 = CARTESIAN_POINT('',(-2.54,22.86,6.8));
#5073 = DIRECTION('',(0.,0.,1.));
#5074 = DIRECTION('',(1.,0.,-0.));
#5075 = ORIENTED_EDGE('',*,*,#5076,.F.);
#5076 = EDGE_CURVE('',#5077,#5066,#5079,.T.);
#5077 = VERTEX_POINT('',#5078);
#5078 = CARTESIAN_POINT('',(-1.165,17.78,6.8));
#5079 = LINE('',#5080,#5081);
#5080 = CARTESIAN_POINT('',(-1.165,-10.35,6.8));
#5081 = VECTOR('',#5082,1.);
#5082 = DIRECTION('',(-0.,1.,0.));
#5083 = ORIENTED_EDGE('',*,*,#5084,.F.);
#5084 = EDGE_CURVE('',#5085,#5077,#5087,.T.);
#5085 = VERTEX_POINT('',#5086);
#5086 = CARTESIAN_POINT('',(-3.915,17.78,6.8));
#5087 = CIRCLE('',#5088,1.375);
#5088 = AXIS2_PLACEMENT_3D('',#5089,#5090,#5091);
#5089 = CARTESIAN_POINT('',(-2.54,17.78,6.8));
#5090 = DIRECTION('',(0.,0.,1.));
#5091 = DIRECTION('',(1.,0.,-0.));
#5092 = ORIENTED_EDGE('',*,*,#5093,.T.);
#5093 = EDGE_CURVE('',#5085,#5068,#5094,.T.);
#5094 = LINE('',#5095,#5096);
#5095 = CARTESIAN_POINT('',(-3.915,-10.35,6.8));
#5096 = VECTOR('',#5097,1.);
#5097 = DIRECTION('',(-0.,1.,0.));
#5098 = FACE_BOUND('',#5099,.F.);
#5099 = EDGE_LOOP('',(#5100));
#5100 = ORIENTED_EDGE('',*,*,#5101,.F.);
#5101 = EDGE_CURVE('',#5102,#5102,#5104,.T.);
#5102 = VERTEX_POINT('',#5103);
#5103 = CARTESIAN_POINT('',(-6.245,22.86,6.8));
#5104 = CIRCLE('',#5105,1.375);
#5105 = AXIS2_PLACEMENT_3D('',#5106,#5107,#5108);
#5106 = CARTESIAN_POINT('',(-7.62,22.86,6.8));
#5107 = DIRECTION('',(0.,0.,1.));
#5108 = DIRECTION('',(1.,0.,-0.));
#5109 = FACE_BOUND('',#5110,.F.);
#5110 = EDGE_LOOP('',(#5111,#5122,#5130,#5139,#5148));
#5111 = ORIENTED_EDGE('',*,*,#5112,.F.);
#5112 = EDGE_CURVE('',#5113,#5115,#5117,.T.);
#5113 = VERTEX_POINT('',#5114);
#5114 = CARTESIAN_POINT('',(-7.62,29.315,6.8));
#5115 = VERTEX_POINT('',#5116);
#5116 = CARTESIAN_POINT('',(-7.62,26.565,6.8));
#5117 = CIRCLE('',#5118,1.375);
#5118 = AXIS2_PLACEMENT_3D('',#5119,#5120,#5121);
#5119 = CARTESIAN_POINT('',(-7.62,27.94,6.8));
#5120 = DIRECTION('',(0.,0.,1.));
#5121 = DIRECTION('',(1.,0.,-0.));
#5122 = ORIENTED_EDGE('',*,*,#5123,.F.);
#5123 = EDGE_CURVE('',#5124,#5113,#5126,.T.);
#5124 = VERTEX_POINT('',#5125);
#5125 = CARTESIAN_POINT('',(-2.54,29.315,6.8));
#5126 = LINE('',#5127,#5128);
#5127 = CARTESIAN_POINT('',(-23.05,29.315,6.8));
#5128 = VECTOR('',#5129,1.);
#5129 = DIRECTION('',(-1.,-0.,0.));
#5130 = ORIENTED_EDGE('',*,*,#5131,.F.);
#5131 = EDGE_CURVE('',#5132,#5124,#5134,.T.);
#5132 = VERTEX_POINT('',#5133);
#5133 = CARTESIAN_POINT('',(-1.165,27.94,6.8));
#5134 = CIRCLE('',#5135,1.375);
#5135 = AXIS2_PLACEMENT_3D('',#5136,#5137,#5138);
#5136 = CARTESIAN_POINT('',(-2.54,27.94,6.8));
#5137 = DIRECTION('',(0.,0.,1.));
#5138 = DIRECTION('',(1.,0.,-0.));
#5139 = ORIENTED_EDGE('',*,*,#5140,.F.);
#5140 = EDGE_CURVE('',#5141,#5132,#5143,.T.);
#5141 = VERTEX_POINT('',#5142);
#5142 = CARTESIAN_POINT('',(-2.54,26.565,6.8));
#5143 = CIRCLE('',#5144,1.375);
#5144 = AXIS2_PLACEMENT_3D('',#5145,#5146,#5147);
#5145 = CARTESIAN_POINT('',(-2.54,27.94,6.8));
#5146 = DIRECTION('',(0.,0.,1.));
#5147 = DIRECTION('',(1.,0.,-0.));
#5148 = ORIENTED_EDGE('',*,*,#5149,.T.);
#5149 = EDGE_CURVE('',#5141,#5115,#5150,.T.);
#5150 = LINE('',#5151,#5152);
#5151 = CARTESIAN_POINT('',(-23.05,26.565,6.8));
#5152 = VECTOR('',#5153,1.);
#5153 = DIRECTION('',(-1.,-0.,0.));
#5154 = FACE_BOUND('',#5155,.F.);
#5155 = EDGE_LOOP('',(#5156,#5167,#5175,#5184,#5193));
#5156 = ORIENTED_EDGE('',*,*,#5157,.F.);
#5157 = EDGE_CURVE('',#5158,#5160,#5162,.T.);
#5158 = VERTEX_POINT('',#5159);
#5159 = CARTESIAN_POINT('',(2.54,3.915,6.8));
#5160 = VERTEX_POINT('',#5161);
#5161 = CARTESIAN_POINT('',(2.54,1.165,6.8));
#5162 = CIRCLE('',#5163,1.375);
#5163 = AXIS2_PLACEMENT_3D('',#5164,#5165,#5166);
#5164 = CARTESIAN_POINT('',(2.54,2.54,6.8));
#5165 = DIRECTION('',(0.,0.,1.));
#5166 = DIRECTION('',(1.,0.,-0.));
#5167 = ORIENTED_EDGE('',*,*,#5168,.F.);
#5168 = EDGE_CURVE('',#5169,#5158,#5171,.T.);
#5169 = VERTEX_POINT('',#5170);
#5170 = CARTESIAN_POINT('',(7.62,3.915,6.8));
#5171 = LINE('',#5172,#5173);
#5172 = CARTESIAN_POINT('',(-17.97,3.915,6.8));
#5173 = VECTOR('',#5174,1.);
#5174 = DIRECTION('',(-1.,-0.,0.));
#5175 = ORIENTED_EDGE('',*,*,#5176,.F.);
#5176 = EDGE_CURVE('',#5177,#5169,#5179,.T.);
#5177 = VERTEX_POINT('',#5178);
#5178 = CARTESIAN_POINT('',(8.995,2.54,6.8));
#5179 = CIRCLE('',#5180,1.375);
#5180 = AXIS2_PLACEMENT_3D('',#5181,#5182,#5183);
#5181 = CARTESIAN_POINT('',(7.62,2.54,6.8));
#5182 = DIRECTION('',(0.,0.,1.));
#5183 = DIRECTION('',(1.,0.,-0.));
#5184 = ORIENTED_EDGE('',*,*,#5185,.F.);
#5185 = EDGE_CURVE('',#5186,#5177,#5188,.T.);
#5186 = VERTEX_POINT('',#5187);
#5187 = CARTESIAN_POINT('',(7.62,1.165,6.8));
#5188 = CIRCLE('',#5189,1.375);
#5189 = AXIS2_PLACEMENT_3D('',#5190,#5191,#5192);
#5190 = CARTESIAN_POINT('',(7.62,2.54,6.8));
#5191 = DIRECTION('',(0.,0.,1.));
#5192 = DIRECTION('',(1.,0.,-0.));
#5193 = ORIENTED_EDGE('',*,*,#5194,.T.);
#5194 = EDGE_CURVE('',#5186,#5160,#5195,.T.);
#5195 = LINE('',#5196,#5197);
#5196 = CARTESIAN_POINT('',(-17.97,1.165,6.8));
#5197 = VECTOR('',#5198,1.);
#5198 = DIRECTION('',(-1.,-0.,0.));
#5199 = FACE_BOUND('',#5200,.F.);
#5200 = EDGE_LOOP('',(#5201));
#5201 = ORIENTED_EDGE('',*,*,#5202,.F.);
#5202 = EDGE_CURVE('',#5203,#5203,#5205,.T.);
#5203 = VERTEX_POINT('',#5204);
#5204 = CARTESIAN_POINT('',(8.995,7.62,6.8));
#5205 = CIRCLE('',#5206,1.375);
#5206 = AXIS2_PLACEMENT_3D('',#5207,#5208,#5209);
#5207 = CARTESIAN_POINT('',(7.62,7.62,6.8));
#5208 = DIRECTION('',(0.,0.,1.));
#5209 = DIRECTION('',(1.,0.,-0.));
#5210 = FACE_BOUND('',#5211,.F.);
#5211 = EDGE_LOOP('',(#5212,#5223,#5231,#5240));
#5212 = ORIENTED_EDGE('',*,*,#5213,.F.);
#5213 = EDGE_CURVE('',#5214,#5216,#5218,.T.);
#5214 = VERTEX_POINT('',#5215);
#5215 = CARTESIAN_POINT('',(14.075,7.62,6.8));
#5216 = VERTEX_POINT('',#5217);
#5217 = CARTESIAN_POINT('',(11.325,7.62,6.8));
#5218 = CIRCLE('',#5219,1.375);
#5219 = AXIS2_PLACEMENT_3D('',#5220,#5221,#5222);
#5220 = CARTESIAN_POINT('',(12.7,7.62,6.8));
#5221 = DIRECTION('',(0.,0.,1.));
#5222 = DIRECTION('',(1.,0.,-0.));
#5223 = ORIENTED_EDGE('',*,*,#5224,.F.);
#5224 = EDGE_CURVE('',#5225,#5214,#5227,.T.);
#5225 = VERTEX_POINT('',#5226);
#5226 = CARTESIAN_POINT('',(14.075,2.54,6.8));
#5227 = LINE('',#5228,#5229);
#5228 = CARTESIAN_POINT('',(14.075,-17.97,6.8));
#5229 = VECTOR('',#5230,1.);
#5230 = DIRECTION('',(-0.,1.,0.));
#5231 = ORIENTED_EDGE('',*,*,#5232,.F.);
#5232 = EDGE_CURVE('',#5233,#5225,#5235,.T.);
#5233 = VERTEX_POINT('',#5234);
#5234 = CARTESIAN_POINT('',(11.325,2.54,6.8));
#5235 = CIRCLE('',#5236,1.375);
#5236 = AXIS2_PLACEMENT_3D('',#5237,#5238,#5239);
#5237 = CARTESIAN_POINT('',(12.7,2.54,6.8));
#5238 = DIRECTION('',(0.,0.,1.));
#5239 = DIRECTION('',(1.,0.,-0.));
#5240 = ORIENTED_EDGE('',*,*,#5241,.T.);
#5241 = EDGE_CURVE('',#5233,#5216,#5242,.T.);
#5242 = LINE('',#5243,#5244);
#5243 = CARTESIAN_POINT('',(11.325,-17.97,6.8));
#5244 = VECTOR('',#5245,1.);
#5245 = DIRECTION('',(-0.,1.,0.));
#5246 = FACE_BOUND('',#5247,.F.);
#5247 = EDGE_LOOP('',(#5248,#5259,#5267,#5276));
#5248 = ORIENTED_EDGE('',*,*,#5249,.F.);
#5249 = EDGE_CURVE('',#5250,#5252,#5254,.T.);
#5250 = VERTEX_POINT('',#5251);
#5251 = CARTESIAN_POINT('',(3.915,12.7,6.8));
#5252 = VERTEX_POINT('',#5253);
#5253 = CARTESIAN_POINT('',(1.165,12.7,6.8));
#5254 = CIRCLE('',#5255,1.375);
#5255 = AXIS2_PLACEMENT_3D('',#5256,#5257,#5258);
#5256 = CARTESIAN_POINT('',(2.54,12.7,6.8));
#5257 = DIRECTION('',(0.,0.,1.));
#5258 = DIRECTION('',(1.,0.,-0.));
#5259 = ORIENTED_EDGE('',*,*,#5260,.F.);
#5260 = EDGE_CURVE('',#5261,#5250,#5263,.T.);
#5261 = VERTEX_POINT('',#5262);
#5262 = CARTESIAN_POINT('',(3.915,7.62,6.8));
#5263 = LINE('',#5264,#5265);
#5264 = CARTESIAN_POINT('',(3.915,-15.43,6.8));
#5265 = VECTOR('',#5266,1.);
#5266 = DIRECTION('',(-0.,1.,0.));
#5267 = ORIENTED_EDGE('',*,*,#5268,.F.);
#5268 = EDGE_CURVE('',#5269,#5261,#5271,.T.);
#5269 = VERTEX_POINT('',#5270);
#5270 = CARTESIAN_POINT('',(1.165,7.62,6.8));
#5271 = CIRCLE('',#5272,1.375);
#5272 = AXIS2_PLACEMENT_3D('',#5273,#5274,#5275);
#5273 = CARTESIAN_POINT('',(2.54,7.62,6.8));
#5274 = DIRECTION('',(0.,0.,1.));
#5275 = DIRECTION('',(1.,0.,-0.));
#5276 = ORIENTED_EDGE('',*,*,#5277,.T.);
#5277 = EDGE_CURVE('',#5269,#5252,#5278,.T.);
#5278 = LINE('',#5279,#5280);
#5279 = CARTESIAN_POINT('',(1.165,-15.43,6.8));
#5280 = VECTOR('',#5281,1.);
#5281 = DIRECTION('',(-0.,1.,0.));
#5282 = FACE_BOUND('',#5283,.F.);
#5283 = EDGE_LOOP('',(#5284,#5295,#5303,#5312,#5321));
#5284 = ORIENTED_EDGE('',*,*,#5285,.F.);
#5285 = EDGE_CURVE('',#5286,#5288,#5290,.T.);
#5286 = VERTEX_POINT('',#5287);
#5287 = CARTESIAN_POINT('',(2.54,19.155,6.8));
#5288 = VERTEX_POINT('',#5289);
#5289 = CARTESIAN_POINT('',(2.54,16.405,6.8));
#5290 = CIRCLE('',#5291,1.375);
#5291 = AXIS2_PLACEMENT_3D('',#5292,#5293,#5294);
#5292 = CARTESIAN_POINT('',(2.54,17.78,6.8));
#5293 = DIRECTION('',(0.,0.,1.));
#5294 = DIRECTION('',(1.,0.,-0.));
#5295 = ORIENTED_EDGE('',*,*,#5296,.F.);
#5296 = EDGE_CURVE('',#5297,#5286,#5299,.T.);
#5297 = VERTEX_POINT('',#5298);
#5298 = CARTESIAN_POINT('',(7.62,19.155,6.8));
#5299 = LINE('',#5300,#5301);
#5300 = CARTESIAN_POINT('',(-17.97,19.155,6.8));
#5301 = VECTOR('',#5302,1.);
#5302 = DIRECTION('',(-1.,-0.,0.));
#5303 = ORIENTED_EDGE('',*,*,#5304,.F.);
#5304 = EDGE_CURVE('',#5305,#5297,#5307,.T.);
#5305 = VERTEX_POINT('',#5306);
#5306 = CARTESIAN_POINT('',(8.995,17.78,6.8));
#5307 = CIRCLE('',#5308,1.375);
#5308 = AXIS2_PLACEMENT_3D('',#5309,#5310,#5311);
#5309 = CARTESIAN_POINT('',(7.62,17.78,6.8));
#5310 = DIRECTION('',(0.,0.,1.));
#5311 = DIRECTION('',(1.,0.,-0.));
#5312 = ORIENTED_EDGE('',*,*,#5313,.F.);
#5313 = EDGE_CURVE('',#5314,#5305,#5316,.T.);
#5314 = VERTEX_POINT('',#5315);
#5315 = CARTESIAN_POINT('',(7.62,16.405,6.8));
#5316 = CIRCLE('',#5317,1.375);
#5317 = AXIS2_PLACEMENT_3D('',#5318,#5319,#5320);
#5318 = CARTESIAN_POINT('',(7.62,17.78,6.8));
#5319 = DIRECTION('',(0.,0.,1.));
#5320 = DIRECTION('',(1.,0.,-0.));
#5321 = ORIENTED_EDGE('',*,*,#5322,.T.);
#5322 = EDGE_CURVE('',#5314,#5288,#5323,.T.);
#5323 = LINE('',#5324,#5325);
#5324 = CARTESIAN_POINT('',(-17.97,16.405,6.8));
#5325 = VECTOR('',#5326,1.);
#5326 = DIRECTION('',(-1.,-0.,0.));
#5327 = FACE_BOUND('',#5328,.F.);
#5328 = EDGE_LOOP('',(#5329,#5340,#5348,#5357,#5366));
#5329 = ORIENTED_EDGE('',*,*,#5330,.F.);
#5330 = EDGE_CURVE('',#5331,#5333,#5335,.T.);
#5331 = VERTEX_POINT('',#5332);
#5332 = CARTESIAN_POINT('',(7.62,14.075,6.8));
#5333 = VERTEX_POINT('',#5334);
#5334 = CARTESIAN_POINT('',(7.62,11.325,6.8));
#5335 = CIRCLE('',#5336,1.375);
#5336 = AXIS2_PLACEMENT_3D('',#5337,#5338,#5339);
#5337 = CARTESIAN_POINT('',(7.62,12.7,6.8));
#5338 = DIRECTION('',(0.,0.,1.));
#5339 = DIRECTION('',(1.,0.,-0.));
#5340 = ORIENTED_EDGE('',*,*,#5341,.F.);
#5341 = EDGE_CURVE('',#5342,#5331,#5344,.T.);
#5342 = VERTEX_POINT('',#5343);
#5343 = CARTESIAN_POINT('',(12.7,14.075,6.8));
#5344 = LINE('',#5345,#5346);
#5345 = CARTESIAN_POINT('',(-15.43,14.075,6.8));
#5346 = VECTOR('',#5347,1.);
#5347 = DIRECTION('',(-1.,-0.,0.));
#5348 = ORIENTED_EDGE('',*,*,#5349,.F.);
#5349 = EDGE_CURVE('',#5350,#5342,#5352,.T.);
#5350 = VERTEX_POINT('',#5351);
#5351 = CARTESIAN_POINT('',(14.075,12.7,6.8));
#5352 = CIRCLE('',#5353,1.375);
#5353 = AXIS2_PLACEMENT_3D('',#5354,#5355,#5356);
#5354 = CARTESIAN_POINT('',(12.7,12.7,6.8));
#5355 = DIRECTION('',(0.,0.,1.));
#5356 = DIRECTION('',(1.,0.,-0.));
#5357 = ORIENTED_EDGE('',*,*,#5358,.F.);
#5358 = EDGE_CURVE('',#5359,#5350,#5361,.T.);
#5359 = VERTEX_POINT('',#5360);
#5360 = CARTESIAN_POINT('',(12.7,11.325,6.8));
#5361 = CIRCLE('',#5362,1.375);
#5362 = AXIS2_PLACEMENT_3D('',#5363,#5364,#5365);
#5363 = CARTESIAN_POINT('',(12.7,12.7,6.8));
#5364 = DIRECTION('',(0.,0.,1.));
#5365 = DIRECTION('',(1.,0.,-0.));
#5366 = ORIENTED_EDGE('',*,*,#5367,.T.);
#5367 = EDGE_CURVE('',#5359,#5333,#5368,.T.);
#5368 = LINE('',#5369,#5370);
#5369 = CARTESIAN_POINT('',(-15.43,11.325,6.8));
#5370 = VECTOR('',#5371,1.);
#5371 = DIRECTION('',(-1.,-0.,0.));
#5372 = FACE_BOUND('',#5373,.F.);
#5373 = EDGE_LOOP('',(#5374,#5385,#5393,#5402));
#5374 = ORIENTED_EDGE('',*,*,#5375,.F.);
#5375 = EDGE_CURVE('',#5376,#5378,#5380,.T.);
#5376 = VERTEX_POINT('',#5377);
#5377 = CARTESIAN_POINT('',(19.155,12.7,6.8));
#5378 = VERTEX_POINT('',#5379);
#5379 = CARTESIAN_POINT('',(16.405,12.7,6.8));
#5380 = CIRCLE('',#5381,1.375);
#5381 = AXIS2_PLACEMENT_3D('',#5382,#5383,#5384);
#5382 = CARTESIAN_POINT('',(17.78,12.7,6.8));
#5383 = DIRECTION('',(0.,0.,1.));
#5384 = DIRECTION('',(1.,0.,-0.));
#5385 = ORIENTED_EDGE('',*,*,#5386,.F.);
#5386 = EDGE_CURVE('',#5387,#5376,#5389,.T.);
#5387 = VERTEX_POINT('',#5388);
#5388 = CARTESIAN_POINT('',(19.155,7.62,6.8));
#5389 = LINE('',#5390,#5391);
#5390 = CARTESIAN_POINT('',(19.155,-15.43,6.8));
#5391 = VECTOR('',#5392,1.);
#5392 = DIRECTION('',(-0.,1.,0.));
#5393 = ORIENTED_EDGE('',*,*,#5394,.F.);
#5394 = EDGE_CURVE('',#5395,#5387,#5397,.T.);
#5395 = VERTEX_POINT('',#5396);
#5396 = CARTESIAN_POINT('',(16.405,7.62,6.8));
#5397 = CIRCLE('',#5398,1.375);
#5398 = AXIS2_PLACEMENT_3D('',#5399,#5400,#5401);
#5399 = CARTESIAN_POINT('',(17.78,7.62,6.8));
#5400 = DIRECTION('',(0.,0.,1.));
#5401 = DIRECTION('',(1.,0.,-0.));
#5402 = ORIENTED_EDGE('',*,*,#5403,.T.);
#5403 = EDGE_CURVE('',#5395,#5378,#5404,.T.);
#5404 = LINE('',#5405,#5406);
#5405 = CARTESIAN_POINT('',(16.405,-15.43,6.8));
#5406 = VECTOR('',#5407,1.);
#5407 = DIRECTION('',(-0.,1.,0.));
#5408 = FACE_BOUND('',#5409,.F.);
#5409 = EDGE_LOOP('',(#5410,#5421,#5429,#5438,#5447));
#5410 = ORIENTED_EDGE('',*,*,#5411,.F.);
#5411 = EDGE_CURVE('',#5412,#5414,#5416,.T.);
#5412 = VERTEX_POINT('',#5413);
#5413 = CARTESIAN_POINT('',(17.78,3.915,6.8));
#5414 = VERTEX_POINT('',#5415);
#5415 = CARTESIAN_POINT('',(17.78,1.165,6.8));
#5416 = CIRCLE('',#5417,1.375);
#5417 = AXIS2_PLACEMENT_3D('',#5418,#5419,#5420);
#5418 = CARTESIAN_POINT('',(17.78,2.54,6.8));
#5419 = DIRECTION('',(0.,0.,1.));
#5420 = DIRECTION('',(1.,0.,-0.));
#5421 = ORIENTED_EDGE('',*,*,#5422,.F.);
#5422 = EDGE_CURVE('',#5423,#5412,#5425,.T.);
#5423 = VERTEX_POINT('',#5424);
#5424 = CARTESIAN_POINT('',(22.86,3.915,6.8));
#5425 = LINE('',#5426,#5427);
#5426 = CARTESIAN_POINT('',(-10.35,3.915,6.8));
#5427 = VECTOR('',#5428,1.);
#5428 = DIRECTION('',(-1.,-0.,0.));
#5429 = ORIENTED_EDGE('',*,*,#5430,.F.);
#5430 = EDGE_CURVE('',#5431,#5423,#5433,.T.);
#5431 = VERTEX_POINT('',#5432);
#5432 = CARTESIAN_POINT('',(24.235,2.54,6.8));
#5433 = CIRCLE('',#5434,1.375);
#5434 = AXIS2_PLACEMENT_3D('',#5435,#5436,#5437);
#5435 = CARTESIAN_POINT('',(22.86,2.54,6.8));
#5436 = DIRECTION('',(0.,0.,1.));
#5437 = DIRECTION('',(1.,0.,-0.));
#5438 = ORIENTED_EDGE('',*,*,#5439,.F.);
#5439 = EDGE_CURVE('',#5440,#5431,#5442,.T.);
#5440 = VERTEX_POINT('',#5441);
#5441 = CARTESIAN_POINT('',(22.86,1.165,6.8));
#5442 = CIRCLE('',#5443,1.375);
#5443 = AXIS2_PLACEMENT_3D('',#5444,#5445,#5446);
#5444 = CARTESIAN_POINT('',(22.86,2.54,6.8));
#5445 = DIRECTION('',(0.,0.,1.));
#5446 = DIRECTION('',(1.,0.,-0.));
#5447 = ORIENTED_EDGE('',*,*,#5448,.T.);
#5448 = EDGE_CURVE('',#5440,#5414,#5449,.T.);
#5449 = LINE('',#5450,#5451);
#5450 = CARTESIAN_POINT('',(-10.35,1.165,6.8));
#5451 = VECTOR('',#5452,1.);
#5452 = DIRECTION('',(-1.,-0.,0.));
#5453 = FACE_BOUND('',#5454,.F.);
#5454 = EDGE_LOOP('',(#5455));
#5455 = ORIENTED_EDGE('',*,*,#5456,.F.);
#5456 = EDGE_CURVE('',#5457,#5457,#5459,.T.);
#5457 = VERTEX_POINT('',#5458);
#5458 = CARTESIAN_POINT('',(24.235,7.62,6.8));
#5459 = CIRCLE('',#5460,1.375);
#5460 = AXIS2_PLACEMENT_3D('',#5461,#5462,#5463);
#5461 = CARTESIAN_POINT('',(22.86,7.62,6.8));
#5462 = DIRECTION('',(0.,0.,1.));
#5463 = DIRECTION('',(1.,0.,-0.));
#5464 = FACE_BOUND('',#5465,.F.);
#5465 = EDGE_LOOP('',(#5466,#5477,#5485,#5494));
#5466 = ORIENTED_EDGE('',*,*,#5467,.F.);
#5467 = EDGE_CURVE('',#5468,#5470,#5472,.T.);
#5468 = VERTEX_POINT('',#5469);
#5469 = CARTESIAN_POINT('',(29.315,7.62,6.8));
#5470 = VERTEX_POINT('',#5471);
#5471 = CARTESIAN_POINT('',(26.565,7.62,6.8));
#5472 = CIRCLE('',#5473,1.375);
#5473 = AXIS2_PLACEMENT_3D('',#5474,#5475,#5476);
#5474 = CARTESIAN_POINT('',(27.94,7.62,6.8));
#5475 = DIRECTION('',(0.,0.,1.));
#5476 = DIRECTION('',(1.,0.,-0.));
#5477 = ORIENTED_EDGE('',*,*,#5478,.F.);
#5478 = EDGE_CURVE('',#5479,#5468,#5481,.T.);
#5479 = VERTEX_POINT('',#5480);
#5480 = CARTESIAN_POINT('',(29.315,2.54,6.8));
#5481 = LINE('',#5482,#5483);
#5482 = CARTESIAN_POINT('',(29.315,-17.97,6.8));
#5483 = VECTOR('',#5484,1.);
#5484 = DIRECTION('',(-0.,1.,0.));
#5485 = ORIENTED_EDGE('',*,*,#5486,.F.);
#5486 = EDGE_CURVE('',#5487,#5479,#5489,.T.);
#5487 = VERTEX_POINT('',#5488);
#5488 = CARTESIAN_POINT('',(26.565,2.54,6.8));
#5489 = CIRCLE('',#5490,1.375);
#5490 = AXIS2_PLACEMENT_3D('',#5491,#5492,#5493);
#5491 = CARTESIAN_POINT('',(27.94,2.54,6.8));
#5492 = DIRECTION('',(0.,0.,1.));
#5493 = DIRECTION('',(1.,0.,-0.));
#5494 = ORIENTED_EDGE('',*,*,#5495,.T.);
#5495 = EDGE_CURVE('',#5487,#5470,#5496,.T.);
#5496 = LINE('',#5497,#5498);
#5497 = CARTESIAN_POINT('',(26.565,-17.97,6.8));
#5498 = VECTOR('',#5499,1.);
#5499 = DIRECTION('',(-0.,1.,0.));
#5500 = FACE_BOUND('',#5501,.F.);
#5501 = EDGE_LOOP('',(#5502,#5513,#5521,#5530,#5539));
#5502 = ORIENTED_EDGE('',*,*,#5503,.F.);
#5503 = EDGE_CURVE('',#5504,#5506,#5508,.T.);
#5504 = VERTEX_POINT('',#5505);
#5505 = CARTESIAN_POINT('',(22.86,14.075,6.8));
#5506 = VERTEX_POINT('',#5507);
#5507 = CARTESIAN_POINT('',(22.86,11.325,6.8));
#5508 = CIRCLE('',#5509,1.375);
#5509 = AXIS2_PLACEMENT_3D('',#5510,#5511,#5512);
#5510 = CARTESIAN_POINT('',(22.86,12.7,6.8));
#5511 = DIRECTION('',(0.,0.,1.));
#5512 = DIRECTION('',(1.,0.,-0.));
#5513 = ORIENTED_EDGE('',*,*,#5514,.F.);
#5514 = EDGE_CURVE('',#5515,#5504,#5517,.T.);
#5515 = VERTEX_POINT('',#5516);
#5516 = CARTESIAN_POINT('',(27.94,14.075,6.8));
#5517 = LINE('',#5518,#5519);
#5518 = CARTESIAN_POINT('',(-7.81,14.075,6.8));
#5519 = VECTOR('',#5520,1.);
#5520 = DIRECTION('',(-1.,-0.,0.));
#5521 = ORIENTED_EDGE('',*,*,#5522,.F.);
#5522 = EDGE_CURVE('',#5523,#5515,#5525,.T.);
#5523 = VERTEX_POINT('',#5524);
#5524 = CARTESIAN_POINT('',(29.315,12.7,6.8));
#5525 = CIRCLE('',#5526,1.375);
#5526 = AXIS2_PLACEMENT_3D('',#5527,#5528,#5529);
#5527 = CARTESIAN_POINT('',(27.94,12.7,6.8));
#5528 = DIRECTION('',(0.,0.,1.));
#5529 = DIRECTION('',(1.,0.,-0.));
#5530 = ORIENTED_EDGE('',*,*,#5531,.F.);
#5531 = EDGE_CURVE('',#5532,#5523,#5534,.T.);
#5532 = VERTEX_POINT('',#5533);
#5533 = CARTESIAN_POINT('',(27.94,11.325,6.8));
#5534 = CIRCLE('',#5535,1.375);
#5535 = AXIS2_PLACEMENT_3D('',#5536,#5537,#5538);
#5536 = CARTESIAN_POINT('',(27.94,12.7,6.8));
#5537 = DIRECTION('',(0.,0.,1.));
#5538 = DIRECTION('',(1.,0.,-0.));
#5539 = ORIENTED_EDGE('',*,*,#5540,.T.);
#5540 = EDGE_CURVE('',#5532,#5506,#5541,.T.);
#5541 = LINE('',#5542,#5543);
#5542 = CARTESIAN_POINT('',(-7.81,11.325,6.8));
#5543 = VECTOR('',#5544,1.);
#5544 = DIRECTION('',(-1.,-0.,0.));
#5545 = FACE_BOUND('',#5546,.F.);
#5546 = EDGE_LOOP('',(#5547,#5558,#5566,#5575,#5584));
#5547 = ORIENTED_EDGE('',*,*,#5548,.F.);
#5548 = EDGE_CURVE('',#5549,#5551,#5553,.T.);
#5549 = VERTEX_POINT('',#5550);
#5550 = CARTESIAN_POINT('',(17.78,19.155,6.8));
#5551 = VERTEX_POINT('',#5552);
#5552 = CARTESIAN_POINT('',(17.78,16.405,6.8));
#5553 = CIRCLE('',#5554,1.375);
#5554 = AXIS2_PLACEMENT_3D('',#5555,#5556,#5557);
#5555 = CARTESIAN_POINT('',(17.78,17.78,6.8));
#5556 = DIRECTION('',(0.,0.,1.));
#5557 = DIRECTION('',(1.,0.,-0.));
#5558 = ORIENTED_EDGE('',*,*,#5559,.F.);
#5559 = EDGE_CURVE('',#5560,#5549,#5562,.T.);
#5560 = VERTEX_POINT('',#5561);
#5561 = CARTESIAN_POINT('',(22.86,19.155,6.8));
#5562 = LINE('',#5563,#5564);
#5563 = CARTESIAN_POINT('',(-10.35,19.155,6.8));
#5564 = VECTOR('',#5565,1.);
#5565 = DIRECTION('',(-1.,-0.,0.));
#5566 = ORIENTED_EDGE('',*,*,#5567,.F.);
#5567 = EDGE_CURVE('',#5568,#5560,#5570,.T.);
#5568 = VERTEX_POINT('',#5569);
#5569 = CARTESIAN_POINT('',(24.235,17.78,6.8));
#5570 = CIRCLE('',#5571,1.375);
#5571 = AXIS2_PLACEMENT_3D('',#5572,#5573,#5574);
#5572 = CARTESIAN_POINT('',(22.86,17.78,6.8));
#5573 = DIRECTION('',(0.,0.,1.));
#5574 = DIRECTION('',(1.,0.,-0.));
#5575 = ORIENTED_EDGE('',*,*,#5576,.F.);
#5576 = EDGE_CURVE('',#5577,#5568,#5579,.T.);
#5577 = VERTEX_POINT('',#5578);
#5578 = CARTESIAN_POINT('',(22.86,16.405,6.8));
#5579 = CIRCLE('',#5580,1.375);
#5580 = AXIS2_PLACEMENT_3D('',#5581,#5582,#5583);
#5581 = CARTESIAN_POINT('',(22.86,17.78,6.8));
#5582 = DIRECTION('',(0.,0.,1.));
#5583 = DIRECTION('',(1.,0.,-0.));
#5584 = ORIENTED_EDGE('',*,*,#5585,.T.);
#5585 = EDGE_CURVE('',#5577,#5551,#5586,.T.);
#5586 = LINE('',#5587,#5588);
#5587 = CARTESIAN_POINT('',(-10.35,16.405,6.8));
#5588 = VECTOR('',#5589,1.);
#5589 = DIRECTION('',(-1.,-0.,0.));
#5590 = FACE_BOUND('',#5591,.F.);
#5591 = EDGE_LOOP('',(#5592,#5603,#5611,#5620));
#5592 = ORIENTED_EDGE('',*,*,#5593,.F.);
#5593 = EDGE_CURVE('',#5594,#5596,#5598,.T.);
#5594 = VERTEX_POINT('',#5595);
#5595 = CARTESIAN_POINT('',(3.915,27.94,6.8));
#5596 = VERTEX_POINT('',#5597);
#5597 = CARTESIAN_POINT('',(1.165,27.94,6.8));
#5598 = CIRCLE('',#5599,1.375);
#5599 = AXIS2_PLACEMENT_3D('',#5600,#5601,#5602);
#5600 = CARTESIAN_POINT('',(2.54,27.94,6.8));
#5601 = DIRECTION('',(0.,0.,1.));
#5602 = DIRECTION('',(1.,0.,-0.));
#5603 = ORIENTED_EDGE('',*,*,#5604,.F.);
#5604 = EDGE_CURVE('',#5605,#5594,#5607,.T.);
#5605 = VERTEX_POINT('',#5606);
#5606 = CARTESIAN_POINT('',(3.915,22.86,6.8));
#5607 = LINE('',#5608,#5609);
#5608 = CARTESIAN_POINT('',(3.915,-7.81,6.8));
#5609 = VECTOR('',#5610,1.);
#5610 = DIRECTION('',(-0.,1.,0.));
#5611 = ORIENTED_EDGE('',*,*,#5612,.F.);
#5612 = EDGE_CURVE('',#5613,#5605,#5615,.T.);
#5613 = VERTEX_POINT('',#5614);
#5614 = CARTESIAN_POINT('',(1.165,22.86,6.8));
#5615 = CIRCLE('',#5616,1.375);
#5616 = AXIS2_PLACEMENT_3D('',#5617,#5618,#5619);
#5617 = CARTESIAN_POINT('',(2.54,22.86,6.8));
#5618 = DIRECTION('',(0.,0.,1.));
#5619 = DIRECTION('',(1.,0.,-0.));
#5620 = ORIENTED_EDGE('',*,*,#5621,.T.);
#5621 = EDGE_CURVE('',#5613,#5596,#5622,.T.);
#5622 = LINE('',#5623,#5624);
#5623 = CARTESIAN_POINT('',(1.165,-7.81,6.8));
#5624 = VECTOR('',#5625,1.);
#5625 = DIRECTION('',(-0.,1.,0.));
#5626 = FACE_BOUND('',#5627,.F.);
#5627 = EDGE_LOOP('',(#5628));
#5628 = ORIENTED_EDGE('',*,*,#5629,.F.);
#5629 = EDGE_CURVE('',#5630,#5630,#5632,.T.);
#5630 = VERTEX_POINT('',#5631);
#5631 = CARTESIAN_POINT('',(8.995,22.86,6.8));
#5632 = CIRCLE('',#5633,1.375);
#5633 = AXIS2_PLACEMENT_3D('',#5634,#5635,#5636);
#5634 = CARTESIAN_POINT('',(7.62,22.86,6.8));
#5635 = DIRECTION('',(0.,0.,1.));
#5636 = DIRECTION('',(1.,0.,-0.));
#5637 = FACE_BOUND('',#5638,.F.);
#5638 = EDGE_LOOP('',(#5639,#5650,#5658,#5667));
#5639 = ORIENTED_EDGE('',*,*,#5640,.F.);
#5640 = EDGE_CURVE('',#5641,#5643,#5645,.T.);
#5641 = VERTEX_POINT('',#5642);
#5642 = CARTESIAN_POINT('',(14.075,22.86,6.8));
#5643 = VERTEX_POINT('',#5644);
#5644 = CARTESIAN_POINT('',(11.325,22.86,6.8));
#5645 = CIRCLE('',#5646,1.375);
#5646 = AXIS2_PLACEMENT_3D('',#5647,#5648,#5649);
#5647 = CARTESIAN_POINT('',(12.7,22.86,6.8));
#5648 = DIRECTION('',(0.,0.,1.));
#5649 = DIRECTION('',(1.,0.,-0.));
#5650 = ORIENTED_EDGE('',*,*,#5651,.F.);
#5651 = EDGE_CURVE('',#5652,#5641,#5654,.T.);
#5652 = VERTEX_POINT('',#5653);
#5653 = CARTESIAN_POINT('',(14.075,17.78,6.8));
#5654 = LINE('',#5655,#5656);
#5655 = CARTESIAN_POINT('',(14.075,-10.35,6.8));
#5656 = VECTOR('',#5657,1.);
#5657 = DIRECTION('',(-0.,1.,0.));
#5658 = ORIENTED_EDGE('',*,*,#5659,.F.);
#5659 = EDGE_CURVE('',#5660,#5652,#5662,.T.);
#5660 = VERTEX_POINT('',#5661);
#5661 = CARTESIAN_POINT('',(11.325,17.78,6.8));
#5662 = CIRCLE('',#5663,1.375);
#5663 = AXIS2_PLACEMENT_3D('',#5664,#5665,#5666);
#5664 = CARTESIAN_POINT('',(12.7,17.78,6.8));
#5665 = DIRECTION('',(0.,0.,1.));
#5666 = DIRECTION('',(1.,0.,-0.));
#5667 = ORIENTED_EDGE('',*,*,#5668,.T.);
#5668 = EDGE_CURVE('',#5660,#5643,#5669,.T.);
#5669 = LINE('',#5670,#5671);
#5670 = CARTESIAN_POINT('',(11.325,-10.35,6.8));
#5671 = VECTOR('',#5672,1.);
#5672 = DIRECTION('',(-0.,1.,0.));
#5673 = FACE_BOUND('',#5674,.F.);
#5674 = EDGE_LOOP('',(#5675,#5686,#5694,#5703));
#5675 = ORIENTED_EDGE('',*,*,#5676,.F.);
#5676 = EDGE_CURVE('',#5677,#5679,#5681,.T.);
#5677 = VERTEX_POINT('',#5678);
#5678 = CARTESIAN_POINT('',(19.155,27.94,6.8));
#5679 = VERTEX_POINT('',#5680);
#5680 = CARTESIAN_POINT('',(16.405,27.94,6.8));
#5681 = CIRCLE('',#5682,1.375);
#5682 = AXIS2_PLACEMENT_3D('',#5683,#5684,#5685);
#5683 = CARTESIAN_POINT('',(17.78,27.94,6.8));
#5684 = DIRECTION('',(0.,0.,1.));
#5685 = DIRECTION('',(1.,0.,-0.));
#5686 = ORIENTED_EDGE('',*,*,#5687,.F.);
#5687 = EDGE_CURVE('',#5688,#5677,#5690,.T.);
#5688 = VERTEX_POINT('',#5689);
#5689 = CARTESIAN_POINT('',(19.155,22.86,6.8));
#5690 = LINE('',#5691,#5692);
#5691 = CARTESIAN_POINT('',(19.155,-7.81,6.8));
#5692 = VECTOR('',#5693,1.);
#5693 = DIRECTION('',(-0.,1.,0.));
#5694 = ORIENTED_EDGE('',*,*,#5695,.F.);
#5695 = EDGE_CURVE('',#5696,#5688,#5698,.T.);
#5696 = VERTEX_POINT('',#5697);
#5697 = CARTESIAN_POINT('',(16.405,22.86,6.8));
#5698 = CIRCLE('',#5699,1.375);
#5699 = AXIS2_PLACEMENT_3D('',#5700,#5701,#5702);
#5700 = CARTESIAN_POINT('',(17.78,22.86,6.8));
#5701 = DIRECTION('',(0.,0.,1.));
#5702 = DIRECTION('',(1.,0.,-0.));
#5703 = ORIENTED_EDGE('',*,*,#5704,.T.);
#5704 = EDGE_CURVE('',#5696,#5679,#5705,.T.);
#5705 = LINE('',#5706,#5707);
#5706 = CARTESIAN_POINT('',(16.405,-7.81,6.8));
#5707 = VECTOR('',#5708,1.);
#5708 = DIRECTION('',(-0.,1.,0.));
#5709 = FACE_BOUND('',#5710,.F.);
#5710 = EDGE_LOOP('',(#5711,#5722,#5730,#5739,#5748));
#5711 = ORIENTED_EDGE('',*,*,#5712,.F.);
#5712 = EDGE_CURVE('',#5713,#5715,#5717,.T.);
#5713 = VERTEX_POINT('',#5714);
#5714 = CARTESIAN_POINT('',(7.62,29.315,6.8));
#5715 = VERTEX_POINT('',#5716);
#5716 = CARTESIAN_POINT('',(7.62,26.565,6.8));
#5717 = CIRCLE('',#5718,1.375);
#5718 = AXIS2_PLACEMENT_3D('',#5719,#5720,#5721);
#5719 = CARTESIAN_POINT('',(7.62,27.94,6.8));
#5720 = DIRECTION('',(0.,0.,1.));
#5721 = DIRECTION('',(1.,0.,-0.));
#5722 = ORIENTED_EDGE('',*,*,#5723,.F.);
#5723 = EDGE_CURVE('',#5724,#5713,#5726,.T.);
#5724 = VERTEX_POINT('',#5725);
#5725 = CARTESIAN_POINT('',(12.7,29.315,6.8));
#5726 = LINE('',#5727,#5728);
#5727 = CARTESIAN_POINT('',(-15.43,29.315,6.8));
#5728 = VECTOR('',#5729,1.);
#5729 = DIRECTION('',(-1.,-0.,0.));
#5730 = ORIENTED_EDGE('',*,*,#5731,.F.);
#5731 = EDGE_CURVE('',#5732,#5724,#5734,.T.);
#5732 = VERTEX_POINT('',#5733);
#5733 = CARTESIAN_POINT('',(14.075,27.94,6.8));
#5734 = CIRCLE('',#5735,1.375);
#5735 = AXIS2_PLACEMENT_3D('',#5736,#5737,#5738);
#5736 = CARTESIAN_POINT('',(12.7,27.94,6.8));
#5737 = DIRECTION('',(0.,0.,1.));
#5738 = DIRECTION('',(1.,0.,-0.));
#5739 = ORIENTED_EDGE('',*,*,#5740,.F.);
#5740 = EDGE_CURVE('',#5741,#5732,#5743,.T.);
#5741 = VERTEX_POINT('',#5742);
#5742 = CARTESIAN_POINT('',(12.7,26.565,6.8));
#5743 = CIRCLE('',#5744,1.375);
#5744 = AXIS2_PLACEMENT_3D('',#5745,#5746,#5747);
#5745 = CARTESIAN_POINT('',(12.7,27.94,6.8));
#5746 = DIRECTION('',(0.,0.,1.));
#5747 = DIRECTION('',(1.,0.,-0.));
#5748 = ORIENTED_EDGE('',*,*,#5749,.T.);
#5749 = EDGE_CURVE('',#5741,#5715,#5750,.T.);
#5750 = LINE('',#5751,#5752);
#5751 = CARTESIAN_POINT('',(-15.43,26.565,6.8));
#5752 = VECTOR('',#5753,1.);
#5753 = DIRECTION('',(-1.,-0.,0.));
#5754 = FACE_BOUND('',#5755,.F.);
#5755 = EDGE_LOOP('',(#5756));
#5756 = ORIENTED_EDGE('',*,*,#5757,.F.);
#5757 = EDGE_CURVE('',#5758,#5758,#5760,.T.);
#5758 = VERTEX_POINT('',#5759);
#5759 = CARTESIAN_POINT('',(24.235,22.86,6.8));
#5760 = CIRCLE('',#5761,1.375);
#5761 = AXIS2_PLACEMENT_3D('',#5762,#5763,#5764);
#5762 = CARTESIAN_POINT('',(22.86,22.86,6.8));
#5763 = DIRECTION('',(0.,0.,1.));
#5764 = DIRECTION('',(1.,0.,-0.));
#5765 = FACE_BOUND('',#5766,.F.);
#5766 = EDGE_LOOP('',(#5767,#5778,#5786,#5795));
#5767 = ORIENTED_EDGE('',*,*,#5768,.F.);
#5768 = EDGE_CURVE('',#5769,#5771,#5773,.T.);
#5769 = VERTEX_POINT('',#5770);
#5770 = CARTESIAN_POINT('',(29.315,22.86,6.8));
#5771 = VERTEX_POINT('',#5772);
#5772 = CARTESIAN_POINT('',(26.565,22.86,6.8));
#5773 = CIRCLE('',#5774,1.375);
#5774 = AXIS2_PLACEMENT_3D('',#5775,#5776,#5777);
#5775 = CARTESIAN_POINT('',(27.94,22.86,6.8));
#5776 = DIRECTION('',(0.,0.,1.));
#5777 = DIRECTION('',(1.,0.,-0.));
#5778 = ORIENTED_EDGE('',*,*,#5779,.F.);
#5779 = EDGE_CURVE('',#5780,#5769,#5782,.T.);
#5780 = VERTEX_POINT('',#5781);
#5781 = CARTESIAN_POINT('',(29.315,17.78,6.8));
#5782 = LINE('',#5783,#5784);
#5783 = CARTESIAN_POINT('',(29.315,-10.35,6.8));
#5784 = VECTOR('',#5785,1.);
#5785 = DIRECTION('',(-0.,1.,0.));
#5786 = ORIENTED_EDGE('',*,*,#5787,.F.);
#5787 = EDGE_CURVE('',#5788,#5780,#5790,.T.);
#5788 = VERTEX_POINT('',#5789);
#5789 = CARTESIAN_POINT('',(26.565,17.78,6.8));
#5790 = CIRCLE('',#5791,1.375);
#5791 = AXIS2_PLACEMENT_3D('',#5792,#5793,#5794);
#5792 = CARTESIAN_POINT('',(27.94,17.78,6.8));
#5793 = DIRECTION('',(0.,0.,1.));
#5794 = DIRECTION('',(1.,0.,-0.));
#5795 = ORIENTED_EDGE('',*,*,#5796,.T.);
#5796 = EDGE_CURVE('',#5788,#5771,#5797,.T.);
#5797 = LINE('',#5798,#5799);
#5798 = CARTESIAN_POINT('',(26.565,-10.35,6.8));
#5799 = VECTOR('',#5800,1.);
#5800 = DIRECTION('',(-0.,1.,0.));
#5801 = FACE_BOUND('',#5802,.F.);
#5802 = EDGE_LOOP('',(#5803,#5814,#5822,#5831,#5840));
#5803 = ORIENTED_EDGE('',*,*,#5804,.F.);
#5804 = EDGE_CURVE('',#5805,#5807,#5809,.T.);
#5805 = VERTEX_POINT('',#5806);
#5806 = CARTESIAN_POINT('',(22.86,29.315,6.8));
#5807 = VERTEX_POINT('',#5808);
#5808 = CARTESIAN_POINT('',(22.86,26.565,6.8));
#5809 = CIRCLE('',#5810,1.375);
#5810 = AXIS2_PLACEMENT_3D('',#5811,#5812,#5813);
#5811 = CARTESIAN_POINT('',(22.86,27.94,6.8));
#5812 = DIRECTION('',(0.,0.,1.));
#5813 = DIRECTION('',(1.,0.,-0.));
#5814 = ORIENTED_EDGE('',*,*,#5815,.F.);
#5815 = EDGE_CURVE('',#5816,#5805,#5818,.T.);
#5816 = VERTEX_POINT('',#5817);
#5817 = CARTESIAN_POINT('',(27.94,29.315,6.8));
#5818 = LINE('',#5819,#5820);
#5819 = CARTESIAN_POINT('',(-7.81,29.315,6.8));
#5820 = VECTOR('',#5821,1.);
#5821 = DIRECTION('',(-1.,-0.,0.));
#5822 = ORIENTED_EDGE('',*,*,#5823,.F.);
#5823 = EDGE_CURVE('',#5824,#5816,#5826,.T.);
#5824 = VERTEX_POINT('',#5825);
#5825 = CARTESIAN_POINT('',(29.315,27.94,6.8));
#5826 = CIRCLE('',#5827,1.375);
#5827 = AXIS2_PLACEMENT_3D('',#5828,#5829,#5830);
#5828 = CARTESIAN_POINT('',(27.94,27.94,6.8));
#5829 = DIRECTION('',(0.,0.,1.));
#5830 = DIRECTION('',(1.,0.,-0.));
#5831 = ORIENTED_EDGE('',*,*,#5832,.F.);
#5832 = EDGE_CURVE('',#5833,#5824,#5835,.T.);
#5833 = VERTEX_POINT('',#5834);
#5834 = CARTESIAN_POINT('',(27.94,26.565,6.8));
#5835 = CIRCLE('',#5836,1.375);
#5836 = AXIS2_PLACEMENT_3D('',#5837,#5838,#5839);
#5837 = CARTESIAN_POINT('',(27.94,27.94,6.8));
#5838 = DIRECTION('',(0.,0.,1.));
#5839 = DIRECTION('',(1.,0.,-0.));
#5840 = ORIENTED_EDGE('',*,*,#5841,.T.);
#5841 = EDGE_CURVE('',#5833,#5807,#5842,.T.);
#5842 = LINE('',#5843,#5844);
#5843 = CARTESIAN_POINT('',(-7.81,26.565,6.8));
#5844 = VECTOR('',#5845,1.);
#5845 = DIRECTION('',(-1.,-0.,0.));
#5846 = FACE_BOUND('',#5847,.F.);
#5847 = EDGE_LOOP('',(#5848));
#5848 = ORIENTED_EDGE('',*,*,#5849,.F.);
#5849 = EDGE_CURVE('',#5850,#5850,#5852,.T.);
#5850 = VERTEX_POINT('',#5851);
#5851 = CARTESIAN_POINT('',(36.18,34.48,6.8));
#5852 = CIRCLE('',#5853,1.7);
#5853 = AXIS2_PLACEMENT_3D('',#5854,#5855,#5856);
#5854 = CARTESIAN_POINT('',(34.48,34.48,6.8));
#5855 = DIRECTION('',(0.,0.,1.));
#5856 = DIRECTION('',(1.,0.,-0.));
#5857 = PLANE('',#5858);
#5858 = AXIS2_PLACEMENT_3D('',#5859,#5860,#5861);
#5859 = CARTESIAN_POINT('',(-38.48,-38.48,6.8));
#5860 = DIRECTION('',(0.,0.,1.));
#5861 = DIRECTION('',(1.,0.,-0.));
#5862 = ADVANCED_FACE('',(#5863),#5874,.F.);
#5863 = FACE_BOUND('',#5864,.F.);
#5864 = EDGE_LOOP('',(#5865,#5866,#5867,#5868));
#5865 = ORIENTED_EDGE('',*,*,#3005,.F.);
#5866 = ORIENTED_EDGE('',*,*,#2962,.T.);
#5867 = ORIENTED_EDGE('',*,*,#71,.T.);
#5868 = ORIENTED_EDGE('',*,*,#5869,.F.);
#5869 = EDGE_CURVE('',#3006,#72,#5870,.T.);
#5870 = LINE('',#5871,#5872);
#5871 = CARTESIAN_POINT('',(35.48,-38.48,6.8));
#5872 = VECTOR('',#5873,1.);
#5873 = DIRECTION('',(0.,0.,1.));
#5874 = PLANE('',#5875);
#5875 = AXIS2_PLACEMENT_3D('',#5876,#5877,#5878);
#5876 = CARTESIAN_POINT('',(-38.48,-38.48,6.8));
#5877 = DIRECTION('',(-0.,1.,0.));
#5878 = DIRECTION('',(0.,0.,1.));
#5879 = ADVANCED_FACE('',(#5880),#5891,.T.);
#5880 = FACE_BOUND('',#5881,.T.);
#5881 = EDGE_LOOP('',(#5882,#5883,#5884,#5885));
#5882 = ORIENTED_EDGE('',*,*,#3039,.F.);
#5883 = ORIENTED_EDGE('',*,*,#2987,.T.);
#5884 = ORIENTED_EDGE('',*,*,#105,.T.);
#5885 = ORIENTED_EDGE('',*,*,#5886,.F.);
#5886 = EDGE_CURVE('',#3031,#97,#5887,.T.);
#5887 = LINE('',#5888,#5889);
#5888 = CARTESIAN_POINT('',(35.48,38.48,6.8));
#5889 = VECTOR('',#5890,1.);
#5890 = DIRECTION('',(0.,0.,1.));
#5891 = PLANE('',#5892);
#5892 = AXIS2_PLACEMENT_3D('',#5893,#5894,#5895);
#5893 = CARTESIAN_POINT('',(-38.48,38.48,6.8));
#5894 = DIRECTION('',(-0.,1.,0.));
#5895 = DIRECTION('',(0.,0.,1.));
#5896 = ADVANCED_FACE('',(#5897),#5908,.T.);
#5897 = FACE_BOUND('',#5898,.F.);
#5898 = EDGE_LOOP('',(#5899,#5900,#5901,#5902));
#5899 = ORIENTED_EDGE('',*,*,#3013,.T.);
#5900 = ORIENTED_EDGE('',*,*,#5869,.T.);
#5901 = ORIENTED_EDGE('',*,*,#79,.F.);
#5902 = ORIENTED_EDGE('',*,*,#5903,.F.);
#5903 = EDGE_CURVE('',#3014,#80,#5904,.T.);
#5904 = LINE('',#5905,#5906);
#5905 = CARTESIAN_POINT('',(38.48,-35.48,6.8));
#5906 = VECTOR('',#5907,1.);
#5907 = DIRECTION('',(0.,0.,1.));
#5908 = CYLINDRICAL_SURFACE('',#5909,3.);
#5909 = AXIS2_PLACEMENT_3D('',#5910,#5911,#5912);
#5910 = CARTESIAN_POINT('',(35.48,-35.48,6.8));
#5911 = DIRECTION('',(0.,0.,1.));
#5912 = DIRECTION('',(1.,0.,-0.));
#5913 = ADVANCED_FACE('',(#5914),#5925,.T.);
#5914 = FACE_BOUND('',#5915,.T.);
#5915 = EDGE_LOOP('',(#5916,#5917,#5918,#5919));
#5916 = ORIENTED_EDGE('',*,*,#3030,.T.);
#5917 = ORIENTED_EDGE('',*,*,#5886,.T.);
#5918 = ORIENTED_EDGE('',*,*,#96,.F.);
#5919 = ORIENTED_EDGE('',*,*,#5920,.F.);
#5920 = EDGE_CURVE('',#3023,#89,#5921,.T.);
#5921 = LINE('',#5922,#5923);
#5922 = CARTESIAN_POINT('',(38.48,35.48,6.8));
#5923 = VECTOR('',#5924,1.);
#5924 = DIRECTION('',(0.,0.,1.));
#5925 = CYLINDRICAL_SURFACE('',#5926,3.);
#5926 = AXIS2_PLACEMENT_3D('',#5927,#5928,#5929);
#5927 = CARTESIAN_POINT('',(35.48,35.48,6.8));
#5928 = DIRECTION('',(0.,0.,1.));
#5929 = DIRECTION('',(1.,0.,-0.));
#5930 = ADVANCED_FACE('',(#5931),#5937,.T.);
#5931 = FACE_BOUND('',#5932,.T.);
#5932 = EDGE_LOOP('',(#5933,#5934,#5935,#5936));
#5933 = ORIENTED_EDGE('',*,*,#88,.F.);
#5934 = ORIENTED_EDGE('',*,*,#5903,.F.);
#5935 = ORIENTED_EDGE('',*,*,#3022,.T.);
#5936 = ORIENTED_EDGE('',*,*,#5920,.T.);
#5937 = PLANE('',#5938);
#5938 = AXIS2_PLACEMENT_3D('',#5939,#5940,#5941);
#5939 = CARTESIAN_POINT('',(38.48,-38.48,6.8));
#5940 = DIRECTION('',(1.,0.,-0.));
#5941 = DIRECTION('',(0.,0.,1.));
#5942 = ADVANCED_FACE('',(#5943),#5954,.F.);
#5943 = FACE_BOUND('',#5944,.F.);
#5944 = EDGE_LOOP('',(#5945,#5946,#5952,#5953));
#5945 = ORIENTED_EDGE('',*,*,#122,.F.);
#5946 = ORIENTED_EDGE('',*,*,#5947,.F.);
#5947 = EDGE_CURVE('',#3049,#123,#5948,.T.);
#5948 = LINE('',#5949,#5950);
#5949 = CARTESIAN_POINT('',(-32.78,-34.48,5.8));
#5950 = VECTOR('',#5951,1.);
#5951 = DIRECTION('',(0.,0.,1.));
#5952 = ORIENTED_EDGE('',*,*,#3048,.T.);
#5953 = ORIENTED_EDGE('',*,*,#5947,.T.);
#5954 = CYLINDRICAL_SURFACE('',#5955,1.7);
#5955 = AXIS2_PLACEMENT_3D('',#5956,#5957,#5958);
#5956 = CARTESIAN_POINT('',(-34.48,-34.48,5.8));
#5957 = DIRECTION('',(0.,0.,1.));
#5958 = DIRECTION('',(1.,0.,-0.));
#5959 = ADVANCED_FACE('',(#5960),#5976,.F.);
#5960 = FACE_BOUND('',#5961,.F.);
#5961 = EDGE_LOOP('',(#5962,#5963,#5969,#5970));
#5962 = ORIENTED_EDGE('',*,*,#133,.F.);
#5963 = ORIENTED_EDGE('',*,*,#5964,.F.);
#5964 = EDGE_CURVE('',#3060,#134,#5965,.T.);
#5965 = LINE('',#5966,#5967);
#5966 = CARTESIAN_POINT('',(-27.94,-26.565,5.8));
#5967 = VECTOR('',#5968,1.);
#5968 = DIRECTION('',(0.,0.,1.));
#5969 = ORIENTED_EDGE('',*,*,#3059,.T.);
#5970 = ORIENTED_EDGE('',*,*,#5971,.T.);
#5971 = EDGE_CURVE('',#3062,#136,#5972,.T.);
#5972 = LINE('',#5973,#5974);
#5973 = CARTESIAN_POINT('',(-27.94,-29.315,5.8));
#5974 = VECTOR('',#5975,1.);
#5975 = DIRECTION('',(0.,0.,1.));
#5976 = CYLINDRICAL_SURFACE('',#5977,1.375);
#5977 = AXIS2_PLACEMENT_3D('',#5978,#5979,#5980);
#5978 = CARTESIAN_POINT('',(-27.94,-27.94,5.8));
#5979 = DIRECTION('',(0.,0.,1.));
#5980 = DIRECTION('',(1.,0.,-0.));
#5981 = ADVANCED_FACE('',(#5982),#5993,.F.);
#5982 = FACE_BOUND('',#5983,.F.);
#5983 = EDGE_LOOP('',(#5984,#5985,#5986,#5987));
#5984 = ORIENTED_EDGE('',*,*,#3070,.T.);
#5985 = ORIENTED_EDGE('',*,*,#5964,.T.);
#5986 = ORIENTED_EDGE('',*,*,#144,.F.);
#5987 = ORIENTED_EDGE('',*,*,#5988,.F.);
#5988 = EDGE_CURVE('',#3071,#145,#5989,.T.);
#5989 = LINE('',#5990,#5991);
#5990 = CARTESIAN_POINT('',(-22.86,-26.565,5.8));
#5991 = VECTOR('',#5992,1.);
#5992 = DIRECTION('',(0.,0.,1.));
#5993 = PLANE('',#5994);
#5994 = AXIS2_PLACEMENT_3D('',#5995,#5996,#5997);
#5995 = CARTESIAN_POINT('',(-27.94,-26.565,5.8));
#5996 = DIRECTION('',(-0.,1.,0.));
#5997 = DIRECTION('',(0.,0.,1.));
#5998 = ADVANCED_FACE('',(#5999),#6010,.T.);
#5999 = FACE_BOUND('',#6000,.T.);
#6000 = EDGE_LOOP('',(#6001,#6002,#6003,#6004));
#6001 = ORIENTED_EDGE('',*,*,#3096,.T.);
#6002 = ORIENTED_EDGE('',*,*,#5971,.T.);
#6003 = ORIENTED_EDGE('',*,*,#170,.F.);
#6004 = ORIENTED_EDGE('',*,*,#6005,.F.);
#6005 = EDGE_CURVE('',#3088,#162,#6006,.T.);
#6006 = LINE('',#6007,#6008);
#6007 = CARTESIAN_POINT('',(-22.86,-29.315,5.8));
#6008 = VECTOR('',#6009,1.);
#6009 = DIRECTION('',(0.,0.,1.));
#6010 = PLANE('',#6011);
#6011 = AXIS2_PLACEMENT_3D('',#6012,#6013,#6014);
#6012 = CARTESIAN_POINT('',(-27.94,-29.315,5.8));
#6013 = DIRECTION('',(-0.,1.,0.));
#6014 = DIRECTION('',(0.,0.,1.));
#6015 = ADVANCED_FACE('',(#6016),#6032,.F.);
#6016 = FACE_BOUND('',#6017,.F.);
#6017 = EDGE_LOOP('',(#6018,#6019,#6025,#6026));
#6018 = ORIENTED_EDGE('',*,*,#178,.F.);
#6019 = ORIENTED_EDGE('',*,*,#6020,.F.);
#6020 = EDGE_CURVE('',#3105,#179,#6021,.T.);
#6021 = LINE('',#6022,#6023);
#6022 = CARTESIAN_POINT('',(-26.565,-17.78,5.8));
#6023 = VECTOR('',#6024,1.);
#6024 = DIRECTION('',(0.,0.,1.));
#6025 = ORIENTED_EDGE('',*,*,#3104,.T.);
#6026 = ORIENTED_EDGE('',*,*,#6027,.T.);
#6027 = EDGE_CURVE('',#3107,#181,#6028,.T.);
#6028 = LINE('',#6029,#6030);
#6029 = CARTESIAN_POINT('',(-29.315,-17.78,5.8));
#6030 = VECTOR('',#6031,1.);
#6031 = DIRECTION('',(0.,0.,1.));
#6032 = CYLINDRICAL_SURFACE('',#6033,1.375);
#6033 = AXIS2_PLACEMENT_3D('',#6034,#6035,#6036);
#6034 = CARTESIAN_POINT('',(-27.94,-17.78,5.8));
#6035 = DIRECTION('',(0.,0.,1.));
#6036 = DIRECTION('',(1.,0.,-0.));
#6037 = ADVANCED_FACE('',(#6038),#6049,.F.);
#6038 = FACE_BOUND('',#6039,.F.);
#6039 = EDGE_LOOP('',(#6040,#6046,#6047,#6048));
#6040 = ORIENTED_EDGE('',*,*,#6041,.F.);
#6041 = EDGE_CURVE('',#3116,#190,#6042,.T.);
#6042 = LINE('',#6043,#6044);
#6043 = CARTESIAN_POINT('',(-26.565,-22.86,5.8));
#6044 = VECTOR('',#6045,1.);
#6045 = DIRECTION('',(0.,0.,1.));
#6046 = ORIENTED_EDGE('',*,*,#3115,.T.);
#6047 = ORIENTED_EDGE('',*,*,#6020,.T.);
#6048 = ORIENTED_EDGE('',*,*,#189,.F.);
#6049 = PLANE('',#6050);
#6050 = AXIS2_PLACEMENT_3D('',#6051,#6052,#6053);
#6051 = CARTESIAN_POINT('',(-26.565,-22.86,5.8));
#6052 = DIRECTION('',(1.,0.,-0.));
#6053 = DIRECTION('',(0.,0.,1.));
#6054 = ADVANCED_FACE('',(#6055),#6066,.T.);
#6055 = FACE_BOUND('',#6056,.T.);
#6056 = EDGE_LOOP('',(#6057,#6063,#6064,#6065));
#6057 = ORIENTED_EDGE('',*,*,#6058,.F.);
#6058 = EDGE_CURVE('',#3124,#198,#6059,.T.);
#6059 = LINE('',#6060,#6061);
#6060 = CARTESIAN_POINT('',(-29.315,-22.86,5.8));
#6061 = VECTOR('',#6062,1.);
#6062 = DIRECTION('',(0.,0.,1.));
#6063 = ORIENTED_EDGE('',*,*,#3132,.T.);
#6064 = ORIENTED_EDGE('',*,*,#6027,.T.);
#6065 = ORIENTED_EDGE('',*,*,#206,.F.);
#6066 = PLANE('',#6067);
#6067 = AXIS2_PLACEMENT_3D('',#6068,#6069,#6070);
#6068 = CARTESIAN_POINT('',(-29.315,-22.86,5.8));
#6069 = DIRECTION('',(1.,0.,-0.));
#6070 = DIRECTION('',(0.,0.,1.));
#6071 = ADVANCED_FACE('',(#6072),#6078,.F.);
#6072 = FACE_BOUND('',#6073,.F.);
#6073 = EDGE_LOOP('',(#6074,#6075,#6076,#6077));
#6074 = ORIENTED_EDGE('',*,*,#6041,.T.);
#6075 = ORIENTED_EDGE('',*,*,#197,.F.);
#6076 = ORIENTED_EDGE('',*,*,#6058,.F.);
#6077 = ORIENTED_EDGE('',*,*,#3123,.T.);
#6078 = CYLINDRICAL_SURFACE('',#6079,1.375);
#6079 = AXIS2_PLACEMENT_3D('',#6080,#6081,#6082);
#6080 = CARTESIAN_POINT('',(-27.94,-22.86,5.8));
#6081 = DIRECTION('',(0.,0.,1.));
#6082 = DIRECTION('',(1.,0.,-0.));
#6083 = ADVANCED_FACE('',(#6084),#6095,.F.);
#6084 = FACE_BOUND('',#6085,.F.);
#6085 = EDGE_LOOP('',(#6086,#6087,#6093,#6094));
#6086 = ORIENTED_EDGE('',*,*,#214,.F.);
#6087 = ORIENTED_EDGE('',*,*,#6088,.F.);
#6088 = EDGE_CURVE('',#3141,#215,#6089,.T.);
#6089 = LINE('',#6090,#6091);
#6090 = CARTESIAN_POINT('',(-21.485,-22.86,5.8));
#6091 = VECTOR('',#6092,1.);
#6092 = DIRECTION('',(0.,0.,1.));
#6093 = ORIENTED_EDGE('',*,*,#3140,.T.);
#6094 = ORIENTED_EDGE('',*,*,#6088,.T.);
#6095 = CYLINDRICAL_SURFACE('',#6096,1.375);
#6096 = AXIS2_PLACEMENT_3D('',#6097,#6098,#6099);
#6097 = CARTESIAN_POINT('',(-22.86,-22.86,5.8));
#6098 = DIRECTION('',(0.,0.,1.));
#6099 = DIRECTION('',(1.,0.,-0.));
#6100 = ADVANCED_FACE('',(#6101),#6117,.F.);
#6101 = FACE_BOUND('',#6102,.F.);
#6102 = EDGE_LOOP('',(#6103,#6104,#6110,#6111));
#6103 = ORIENTED_EDGE('',*,*,#225,.F.);
#6104 = ORIENTED_EDGE('',*,*,#6105,.F.);
#6105 = EDGE_CURVE('',#3152,#226,#6106,.T.);
#6106 = LINE('',#6107,#6108);
#6107 = CARTESIAN_POINT('',(-12.7,-26.565,5.8));
#6108 = VECTOR('',#6109,1.);
#6109 = DIRECTION('',(0.,0.,1.));
#6110 = ORIENTED_EDGE('',*,*,#3151,.T.);
#6111 = ORIENTED_EDGE('',*,*,#6112,.T.);
#6112 = EDGE_CURVE('',#3154,#228,#6113,.T.);
#6113 = LINE('',#6114,#6115);
#6114 = CARTESIAN_POINT('',(-12.7,-29.315,5.8));
#6115 = VECTOR('',#6116,1.);
#6116 = DIRECTION('',(0.,0.,1.));
#6117 = CYLINDRICAL_SURFACE('',#6118,1.375);
#6118 = AXIS2_PLACEMENT_3D('',#6119,#6120,#6121);
#6119 = CARTESIAN_POINT('',(-12.7,-27.94,5.8));
#6120 = DIRECTION('',(0.,0.,1.));
#6121 = DIRECTION('',(1.,0.,-0.));
#6122 = ADVANCED_FACE('',(#6123),#6134,.F.);
#6123 = FACE_BOUND('',#6124,.F.);
#6124 = EDGE_LOOP('',(#6125,#6126,#6127,#6128));
#6125 = ORIENTED_EDGE('',*,*,#3162,.T.);
#6126 = ORIENTED_EDGE('',*,*,#6105,.T.);
#6127 = ORIENTED_EDGE('',*,*,#236,.F.);
#6128 = ORIENTED_EDGE('',*,*,#6129,.F.);
#6129 = EDGE_CURVE('',#3163,#237,#6130,.T.);
#6130 = LINE('',#6131,#6132);
#6131 = CARTESIAN_POINT('',(-7.62,-26.565,5.8));
#6132 = VECTOR('',#6133,1.);
#6133 = DIRECTION('',(0.,0.,1.));
#6134 = PLANE('',#6135);
#6135 = AXIS2_PLACEMENT_3D('',#6136,#6137,#6138);
#6136 = CARTESIAN_POINT('',(-12.7,-26.565,5.8));
#6137 = DIRECTION('',(-0.,1.,0.));
#6138 = DIRECTION('',(0.,0.,1.));
#6139 = ADVANCED_FACE('',(#6140),#6151,.T.);
#6140 = FACE_BOUND('',#6141,.T.);
#6141 = EDGE_LOOP('',(#6142,#6143,#6144,#6145));
#6142 = ORIENTED_EDGE('',*,*,#3188,.T.);
#6143 = ORIENTED_EDGE('',*,*,#6112,.T.);
#6144 = ORIENTED_EDGE('',*,*,#262,.F.);
#6145 = ORIENTED_EDGE('',*,*,#6146,.F.);
#6146 = EDGE_CURVE('',#3180,#254,#6147,.T.);
#6147 = LINE('',#6148,#6149);
#6148 = CARTESIAN_POINT('',(-7.62,-29.315,5.8));
#6149 = VECTOR('',#6150,1.);
#6150 = DIRECTION('',(0.,0.,1.));
#6151 = PLANE('',#6152);
#6152 = AXIS2_PLACEMENT_3D('',#6153,#6154,#6155);
#6153 = CARTESIAN_POINT('',(-12.7,-29.315,5.8));
#6154 = DIRECTION('',(-0.,1.,0.));
#6155 = DIRECTION('',(0.,0.,1.));
#6156 = ADVANCED_FACE('',(#6157),#6173,.F.);
#6157 = FACE_BOUND('',#6158,.F.);
#6158 = EDGE_LOOP('',(#6159,#6160,#6166,#6167));
#6159 = ORIENTED_EDGE('',*,*,#270,.F.);
#6160 = ORIENTED_EDGE('',*,*,#6161,.F.);
#6161 = EDGE_CURVE('',#3197,#271,#6162,.T.);
#6162 = LINE('',#6163,#6164);
#6163 = CARTESIAN_POINT('',(-16.405,-22.86,5.8));
#6164 = VECTOR('',#6165,1.);
#6165 = DIRECTION('',(0.,0.,1.));
#6166 = ORIENTED_EDGE('',*,*,#3196,.T.);
#6167 = ORIENTED_EDGE('',*,*,#6168,.T.);
#6168 = EDGE_CURVE('',#3199,#273,#6169,.T.);
#6169 = LINE('',#6170,#6171);
#6170 = CARTESIAN_POINT('',(-19.155,-22.86,5.8));
#6171 = VECTOR('',#6172,1.);
#6172 = DIRECTION('',(0.,0.,1.));
#6173 = CYLINDRICAL_SURFACE('',#6174,1.375);
#6174 = AXIS2_PLACEMENT_3D('',#6175,#6176,#6177);
#6175 = CARTESIAN_POINT('',(-17.78,-22.86,5.8));
#6176 = DIRECTION('',(0.,0.,1.));
#6177 = DIRECTION('',(1.,0.,-0.));
#6178 = ADVANCED_FACE('',(#6179),#6190,.F.);
#6179 = FACE_BOUND('',#6180,.F.);
#6180 = EDGE_LOOP('',(#6181,#6187,#6188,#6189));
#6181 = ORIENTED_EDGE('',*,*,#6182,.F.);
#6182 = EDGE_CURVE('',#3208,#282,#6183,.T.);
#6183 = LINE('',#6184,#6185);
#6184 = CARTESIAN_POINT('',(-16.405,-27.94,5.8));
#6185 = VECTOR('',#6186,1.);
#6186 = DIRECTION('',(0.,0.,1.));
#6187 = ORIENTED_EDGE('',*,*,#3207,.T.);
#6188 = ORIENTED_EDGE('',*,*,#6161,.T.);
#6189 = ORIENTED_EDGE('',*,*,#281,.F.);
#6190 = PLANE('',#6191);
#6191 = AXIS2_PLACEMENT_3D('',#6192,#6193,#6194);
#6192 = CARTESIAN_POINT('',(-16.405,-27.94,5.8));
#6193 = DIRECTION('',(1.,0.,-0.));
#6194 = DIRECTION('',(0.,0.,1.));
#6195 = ADVANCED_FACE('',(#6196),#6207,.T.);
#6196 = FACE_BOUND('',#6197,.T.);
#6197 = EDGE_LOOP('',(#6198,#6204,#6205,#6206));
#6198 = ORIENTED_EDGE('',*,*,#6199,.F.);
#6199 = EDGE_CURVE('',#3216,#290,#6200,.T.);
#6200 = LINE('',#6201,#6202);
#6201 = CARTESIAN_POINT('',(-19.155,-27.94,5.8));
#6202 = VECTOR('',#6203,1.);
#6203 = DIRECTION('',(0.,0.,1.));
#6204 = ORIENTED_EDGE('',*,*,#3224,.T.);
#6205 = ORIENTED_EDGE('',*,*,#6168,.T.);
#6206 = ORIENTED_EDGE('',*,*,#298,.F.);
#6207 = PLANE('',#6208);
#6208 = AXIS2_PLACEMENT_3D('',#6209,#6210,#6211);
#6209 = CARTESIAN_POINT('',(-19.155,-27.94,5.8));
#6210 = DIRECTION('',(1.,0.,-0.));
#6211 = DIRECTION('',(0.,0.,1.));
#6212 = ADVANCED_FACE('',(#6213),#6219,.F.);
#6213 = FACE_BOUND('',#6214,.F.);
#6214 = EDGE_LOOP('',(#6215,#6216,#6217,#6218));
#6215 = ORIENTED_EDGE('',*,*,#6182,.T.);
#6216 = ORIENTED_EDGE('',*,*,#289,.F.);
#6217 = ORIENTED_EDGE('',*,*,#6199,.F.);
#6218 = ORIENTED_EDGE('',*,*,#3215,.T.);
#6219 = CYLINDRICAL_SURFACE('',#6220,1.375);
#6220 = AXIS2_PLACEMENT_3D('',#6221,#6222,#6223);
#6221 = CARTESIAN_POINT('',(-17.78,-27.94,5.8));
#6222 = DIRECTION('',(0.,0.,1.));
#6223 = DIRECTION('',(1.,0.,-0.));
#6224 = ADVANCED_FACE('',(#6225),#6241,.F.);
#6225 = FACE_BOUND('',#6226,.F.);
#6226 = EDGE_LOOP('',(#6227,#6228,#6234,#6235));
#6227 = ORIENTED_EDGE('',*,*,#306,.F.);
#6228 = ORIENTED_EDGE('',*,*,#6229,.F.);
#6229 = EDGE_CURVE('',#3233,#307,#6230,.T.);
#6230 = LINE('',#6231,#6232);
#6231 = CARTESIAN_POINT('',(-11.325,-17.78,5.8));
#6232 = VECTOR('',#6233,1.);
#6233 = DIRECTION('',(0.,0.,1.));
#6234 = ORIENTED_EDGE('',*,*,#3232,.T.);
#6235 = ORIENTED_EDGE('',*,*,#6236,.T.);
#6236 = EDGE_CURVE('',#3235,#309,#6237,.T.);
#6237 = LINE('',#6238,#6239);
#6238 = CARTESIAN_POINT('',(-14.075,-17.78,5.8));
#6239 = VECTOR('',#6240,1.);
#6240 = DIRECTION('',(0.,0.,1.));
#6241 = CYLINDRICAL_SURFACE('',#6242,1.375);
#6242 = AXIS2_PLACEMENT_3D('',#6243,#6244,#6245);
#6243 = CARTESIAN_POINT('',(-12.7,-17.78,5.8));
#6244 = DIRECTION('',(0.,0.,1.));
#6245 = DIRECTION('',(1.,0.,-0.));
#6246 = ADVANCED_FACE('',(#6247),#6258,.F.);
#6247 = FACE_BOUND('',#6248,.F.);
#6248 = EDGE_LOOP('',(#6249,#6255,#6256,#6257));
#6249 = ORIENTED_EDGE('',*,*,#6250,.F.);
#6250 = EDGE_CURVE('',#3244,#318,#6251,.T.);
#6251 = LINE('',#6252,#6253);
#6252 = CARTESIAN_POINT('',(-11.325,-22.86,5.8));
#6253 = VECTOR('',#6254,1.);
#6254 = DIRECTION('',(0.,0.,1.));
#6255 = ORIENTED_EDGE('',*,*,#3243,.T.);
#6256 = ORIENTED_EDGE('',*,*,#6229,.T.);
#6257 = ORIENTED_EDGE('',*,*,#317,.F.);
#6258 = PLANE('',#6259);
#6259 = AXIS2_PLACEMENT_3D('',#6260,#6261,#6262);
#6260 = CARTESIAN_POINT('',(-11.325,-22.86,5.8));
#6261 = DIRECTION('',(1.,0.,-0.));
#6262 = DIRECTION('',(0.,0.,1.));
#6263 = ADVANCED_FACE('',(#6264),#6275,.T.);
#6264 = FACE_BOUND('',#6265,.T.);
#6265 = EDGE_LOOP('',(#6266,#6272,#6273,#6274));
#6266 = ORIENTED_EDGE('',*,*,#6267,.F.);
#6267 = EDGE_CURVE('',#3252,#326,#6268,.T.);
#6268 = LINE('',#6269,#6270);
#6269 = CARTESIAN_POINT('',(-14.075,-22.86,5.8));
#6270 = VECTOR('',#6271,1.);
#6271 = DIRECTION('',(0.,0.,1.));
#6272 = ORIENTED_EDGE('',*,*,#3260,.T.);
#6273 = ORIENTED_EDGE('',*,*,#6236,.T.);
#6274 = ORIENTED_EDGE('',*,*,#334,.F.);
#6275 = PLANE('',#6276);
#6276 = AXIS2_PLACEMENT_3D('',#6277,#6278,#6279);
#6277 = CARTESIAN_POINT('',(-14.075,-22.86,5.8));
#6278 = DIRECTION('',(1.,0.,-0.));
#6279 = DIRECTION('',(0.,0.,1.));
#6280 = ADVANCED_FACE('',(#6281),#6287,.F.);
#6281 = FACE_BOUND('',#6282,.F.);
#6282 = EDGE_LOOP('',(#6283,#6284,#6285,#6286));
#6283 = ORIENTED_EDGE('',*,*,#6250,.T.);
#6284 = ORIENTED_EDGE('',*,*,#325,.F.);
#6285 = ORIENTED_EDGE('',*,*,#6267,.F.);
#6286 = ORIENTED_EDGE('',*,*,#3251,.T.);
#6287 = CYLINDRICAL_SURFACE('',#6288,1.375);
#6288 = AXIS2_PLACEMENT_3D('',#6289,#6290,#6291);
#6289 = CARTESIAN_POINT('',(-12.7,-22.86,5.8));
#6290 = DIRECTION('',(0.,0.,1.));
#6291 = DIRECTION('',(1.,0.,-0.));
#6292 = ADVANCED_FACE('',(#6293),#6304,.F.);
#6293 = FACE_BOUND('',#6294,.F.);
#6294 = EDGE_LOOP('',(#6295,#6296,#6302,#6303));
#6295 = ORIENTED_EDGE('',*,*,#342,.F.);
#6296 = ORIENTED_EDGE('',*,*,#6297,.F.);
#6297 = EDGE_CURVE('',#3269,#343,#6298,.T.);
#6298 = LINE('',#6299,#6300);
#6299 = CARTESIAN_POINT('',(-6.245,-22.86,5.8));
#6300 = VECTOR('',#6301,1.);
#6301 = DIRECTION('',(0.,0.,1.));
#6302 = ORIENTED_EDGE('',*,*,#3268,.T.);
#6303 = ORIENTED_EDGE('',*,*,#6297,.T.);
#6304 = CYLINDRICAL_SURFACE('',#6305,1.375);
#6305 = AXIS2_PLACEMENT_3D('',#6306,#6307,#6308);
#6306 = CARTESIAN_POINT('',(-7.62,-22.86,5.8));
#6307 = DIRECTION('',(0.,0.,1.));
#6308 = DIRECTION('',(1.,0.,-0.));
#6309 = ADVANCED_FACE('',(#6310),#6326,.F.);
#6310 = FACE_BOUND('',#6311,.F.);
#6311 = EDGE_LOOP('',(#6312,#6313,#6319,#6320));
#6312 = ORIENTED_EDGE('',*,*,#353,.F.);
#6313 = ORIENTED_EDGE('',*,*,#6314,.F.);
#6314 = EDGE_CURVE('',#3280,#354,#6315,.T.);
#6315 = LINE('',#6316,#6317);
#6316 = CARTESIAN_POINT('',(-1.165,-22.86,5.8));
#6317 = VECTOR('',#6318,1.);
#6318 = DIRECTION('',(0.,0.,1.));
#6319 = ORIENTED_EDGE('',*,*,#3279,.T.);
#6320 = ORIENTED_EDGE('',*,*,#6321,.T.);
#6321 = EDGE_CURVE('',#3282,#356,#6322,.T.);
#6322 = LINE('',#6323,#6324);
#6323 = CARTESIAN_POINT('',(-3.915,-22.86,5.8));
#6324 = VECTOR('',#6325,1.);
#6325 = DIRECTION('',(0.,0.,1.));
#6326 = CYLINDRICAL_SURFACE('',#6327,1.375);
#6327 = AXIS2_PLACEMENT_3D('',#6328,#6329,#6330);
#6328 = CARTESIAN_POINT('',(-2.54,-22.86,5.8));
#6329 = DIRECTION('',(0.,0.,1.));
#6330 = DIRECTION('',(1.,0.,-0.));
#6331 = ADVANCED_FACE('',(#6332),#6343,.F.);
#6332 = FACE_BOUND('',#6333,.F.);
#6333 = EDGE_LOOP('',(#6334,#6340,#6341,#6342));
#6334 = ORIENTED_EDGE('',*,*,#6335,.F.);
#6335 = EDGE_CURVE('',#3291,#365,#6336,.T.);
#6336 = LINE('',#6337,#6338);
#6337 = CARTESIAN_POINT('',(-1.165,-27.94,5.8));
#6338 = VECTOR('',#6339,1.);
#6339 = DIRECTION('',(0.,0.,1.));
#6340 = ORIENTED_EDGE('',*,*,#3290,.T.);
#6341 = ORIENTED_EDGE('',*,*,#6314,.T.);
#6342 = ORIENTED_EDGE('',*,*,#364,.F.);
#6343 = PLANE('',#6344);
#6344 = AXIS2_PLACEMENT_3D('',#6345,#6346,#6347);
#6345 = CARTESIAN_POINT('',(-1.165,-27.94,5.8));
#6346 = DIRECTION('',(1.,0.,-0.));
#6347 = DIRECTION('',(0.,0.,1.));
#6348 = ADVANCED_FACE('',(#6349),#6360,.T.);
#6349 = FACE_BOUND('',#6350,.T.);
#6350 = EDGE_LOOP('',(#6351,#6357,#6358,#6359));
#6351 = ORIENTED_EDGE('',*,*,#6352,.F.);
#6352 = EDGE_CURVE('',#3299,#373,#6353,.T.);
#6353 = LINE('',#6354,#6355);
#6354 = CARTESIAN_POINT('',(-3.915,-27.94,5.8));
#6355 = VECTOR('',#6356,1.);
#6356 = DIRECTION('',(0.,0.,1.));
#6357 = ORIENTED_EDGE('',*,*,#3307,.T.);
#6358 = ORIENTED_EDGE('',*,*,#6321,.T.);
#6359 = ORIENTED_EDGE('',*,*,#381,.F.);
#6360 = PLANE('',#6361);
#6361 = AXIS2_PLACEMENT_3D('',#6362,#6363,#6364);
#6362 = CARTESIAN_POINT('',(-3.915,-27.94,5.8));
#6363 = DIRECTION('',(1.,0.,-0.));
#6364 = DIRECTION('',(0.,0.,1.));
#6365 = ADVANCED_FACE('',(#6366),#6372,.F.);
#6366 = FACE_BOUND('',#6367,.F.);
#6367 = EDGE_LOOP('',(#6368,#6369,#6370,#6371));
#6368 = ORIENTED_EDGE('',*,*,#6335,.T.);
#6369 = ORIENTED_EDGE('',*,*,#372,.F.);
#6370 = ORIENTED_EDGE('',*,*,#6352,.F.);
#6371 = ORIENTED_EDGE('',*,*,#3298,.T.);
#6372 = CYLINDRICAL_SURFACE('',#6373,1.375);
#6373 = AXIS2_PLACEMENT_3D('',#6374,#6375,#6376);
#6374 = CARTESIAN_POINT('',(-2.54,-27.94,5.8));
#6375 = DIRECTION('',(0.,0.,1.));
#6376 = DIRECTION('',(1.,0.,-0.));
#6377 = ADVANCED_FACE('',(#6378),#6394,.F.);
#6378 = FACE_BOUND('',#6379,.F.);
#6379 = EDGE_LOOP('',(#6380,#6381,#6387,#6388));
#6380 = ORIENTED_EDGE('',*,*,#389,.F.);
#6381 = ORIENTED_EDGE('',*,*,#6382,.F.);
#6382 = EDGE_CURVE('',#3316,#390,#6383,.T.);
#6383 = LINE('',#6384,#6385);
#6384 = CARTESIAN_POINT('',(-22.86,-16.405,5.8));
#6385 = VECTOR('',#6386,1.);
#6386 = DIRECTION('',(0.,0.,1.));
#6387 = ORIENTED_EDGE('',*,*,#3315,.T.);
#6388 = ORIENTED_EDGE('',*,*,#6389,.T.);
#6389 = EDGE_CURVE('',#3318,#392,#6390,.T.);
#6390 = LINE('',#6391,#6392);
#6391 = CARTESIAN_POINT('',(-22.86,-19.155,5.8));
#6392 = VECTOR('',#6393,1.);
#6393 = DIRECTION('',(0.,0.,1.));
#6394 = CYLINDRICAL_SURFACE('',#6395,1.375);
#6395 = AXIS2_PLACEMENT_3D('',#6396,#6397,#6398);
#6396 = CARTESIAN_POINT('',(-22.86,-17.78,5.8));
#6397 = DIRECTION('',(0.,0.,1.));
#6398 = DIRECTION('',(1.,0.,-0.));
#6399 = ADVANCED_FACE('',(#6400),#6411,.F.);
#6400 = FACE_BOUND('',#6401,.F.);
#6401 = EDGE_LOOP('',(#6402,#6403,#6404,#6405));
#6402 = ORIENTED_EDGE('',*,*,#3326,.T.);
#6403 = ORIENTED_EDGE('',*,*,#6382,.T.);
#6404 = ORIENTED_EDGE('',*,*,#400,.F.);
#6405 = ORIENTED_EDGE('',*,*,#6406,.F.);
#6406 = EDGE_CURVE('',#3327,#401,#6407,.T.);
#6407 = LINE('',#6408,#6409);
#6408 = CARTESIAN_POINT('',(-17.78,-16.405,5.8));
#6409 = VECTOR('',#6410,1.);
#6410 = DIRECTION('',(0.,0.,1.));
#6411 = PLANE('',#6412);
#6412 = AXIS2_PLACEMENT_3D('',#6413,#6414,#6415);
#6413 = CARTESIAN_POINT('',(-22.86,-16.405,5.8));
#6414 = DIRECTION('',(-0.,1.,0.));
#6415 = DIRECTION('',(0.,0.,1.));
#6416 = ADVANCED_FACE('',(#6417),#6428,.T.);
#6417 = FACE_BOUND('',#6418,.T.);
#6418 = EDGE_LOOP('',(#6419,#6420,#6421,#6422));
#6419 = ORIENTED_EDGE('',*,*,#3352,.T.);
#6420 = ORIENTED_EDGE('',*,*,#6389,.T.);
#6421 = ORIENTED_EDGE('',*,*,#426,.F.);
#6422 = ORIENTED_EDGE('',*,*,#6423,.F.);
#6423 = EDGE_CURVE('',#3344,#418,#6424,.T.);
#6424 = LINE('',#6425,#6426);
#6425 = CARTESIAN_POINT('',(-17.78,-19.155,5.8));
#6426 = VECTOR('',#6427,1.);
#6427 = DIRECTION('',(0.,0.,1.));
#6428 = PLANE('',#6429);
#6429 = AXIS2_PLACEMENT_3D('',#6430,#6431,#6432);
#6430 = CARTESIAN_POINT('',(-22.86,-19.155,5.8));
#6431 = DIRECTION('',(-0.,1.,0.));
#6432 = DIRECTION('',(0.,0.,1.));
#6433 = ADVANCED_FACE('',(#6434),#6450,.F.);
#6434 = FACE_BOUND('',#6435,.F.);
#6435 = EDGE_LOOP('',(#6436,#6437,#6443,#6444));
#6436 = ORIENTED_EDGE('',*,*,#434,.F.);
#6437 = ORIENTED_EDGE('',*,*,#6438,.F.);
#6438 = EDGE_CURVE('',#3361,#435,#6439,.T.);
#6439 = LINE('',#6440,#6441);
#6440 = CARTESIAN_POINT('',(-27.94,-11.325,5.8));
#6441 = VECTOR('',#6442,1.);
#6442 = DIRECTION('',(0.,0.,1.));
#6443 = ORIENTED_EDGE('',*,*,#3360,.T.);
#6444 = ORIENTED_EDGE('',*,*,#6445,.T.);
#6445 = EDGE_CURVE('',#3363,#437,#6446,.T.);
#6446 = LINE('',#6447,#6448);
#6447 = CARTESIAN_POINT('',(-27.94,-14.075,5.8));
#6448 = VECTOR('',#6449,1.);
#6449 = DIRECTION('',(0.,0.,1.));
#6450 = CYLINDRICAL_SURFACE('',#6451,1.375);
#6451 = AXIS2_PLACEMENT_3D('',#6452,#6453,#6454);
#6452 = CARTESIAN_POINT('',(-27.94,-12.7,5.8));
#6453 = DIRECTION('',(0.,0.,1.));
#6454 = DIRECTION('',(1.,0.,-0.));
#6455 = ADVANCED_FACE('',(#6456),#6467,.F.);
#6456 = FACE_BOUND('',#6457,.F.);
#6457 = EDGE_LOOP('',(#6458,#6459,#6460,#6461));
#6458 = ORIENTED_EDGE('',*,*,#3371,.T.);
#6459 = ORIENTED_EDGE('',*,*,#6438,.T.);
#6460 = ORIENTED_EDGE('',*,*,#445,.F.);
#6461 = ORIENTED_EDGE('',*,*,#6462,.F.);
#6462 = EDGE_CURVE('',#3372,#446,#6463,.T.);
#6463 = LINE('',#6464,#6465);
#6464 = CARTESIAN_POINT('',(-22.86,-11.325,5.8));
#6465 = VECTOR('',#6466,1.);
#6466 = DIRECTION('',(0.,0.,1.));
#6467 = PLANE('',#6468);
#6468 = AXIS2_PLACEMENT_3D('',#6469,#6470,#6471);
#6469 = CARTESIAN_POINT('',(-27.94,-11.325,5.8));
#6470 = DIRECTION('',(-0.,1.,0.));
#6471 = DIRECTION('',(0.,0.,1.));
#6472 = ADVANCED_FACE('',(#6473),#6484,.T.);
#6473 = FACE_BOUND('',#6474,.T.);
#6474 = EDGE_LOOP('',(#6475,#6476,#6477,#6478));
#6475 = ORIENTED_EDGE('',*,*,#3397,.T.);
#6476 = ORIENTED_EDGE('',*,*,#6445,.T.);
#6477 = ORIENTED_EDGE('',*,*,#471,.F.);
#6478 = ORIENTED_EDGE('',*,*,#6479,.F.);
#6479 = EDGE_CURVE('',#3389,#463,#6480,.T.);
#6480 = LINE('',#6481,#6482);
#6481 = CARTESIAN_POINT('',(-22.86,-14.075,5.8));
#6482 = VECTOR('',#6483,1.);
#6483 = DIRECTION('',(0.,0.,1.));
#6484 = PLANE('',#6485);
#6485 = AXIS2_PLACEMENT_3D('',#6486,#6487,#6488);
#6486 = CARTESIAN_POINT('',(-27.94,-14.075,5.8));
#6487 = DIRECTION('',(-0.,1.,0.));
#6488 = DIRECTION('',(0.,0.,1.));
#6489 = ADVANCED_FACE('',(#6490),#6506,.F.);
#6490 = FACE_BOUND('',#6491,.F.);
#6491 = EDGE_LOOP('',(#6492,#6493,#6499,#6500));
#6492 = ORIENTED_EDGE('',*,*,#479,.F.);
#6493 = ORIENTED_EDGE('',*,*,#6494,.F.);
#6494 = EDGE_CURVE('',#3406,#480,#6495,.T.);
#6495 = LINE('',#6496,#6497);
#6496 = CARTESIAN_POINT('',(-26.565,-2.54,5.8));
#6497 = VECTOR('',#6498,1.);
#6498 = DIRECTION('',(0.,0.,1.));
#6499 = ORIENTED_EDGE('',*,*,#3405,.T.);
#6500 = ORIENTED_EDGE('',*,*,#6501,.T.);
#6501 = EDGE_CURVE('',#3408,#482,#6502,.T.);
#6502 = LINE('',#6503,#6504);
#6503 = CARTESIAN_POINT('',(-29.315,-2.54,5.8));
#6504 = VECTOR('',#6505,1.);
#6505 = DIRECTION('',(0.,0.,1.));
#6506 = CYLINDRICAL_SURFACE('',#6507,1.375);
#6507 = AXIS2_PLACEMENT_3D('',#6508,#6509,#6510);
#6508 = CARTESIAN_POINT('',(-27.94,-2.54,5.8));
#6509 = DIRECTION('',(0.,0.,1.));
#6510 = DIRECTION('',(1.,0.,-0.));
#6511 = ADVANCED_FACE('',(#6512),#6523,.F.);
#6512 = FACE_BOUND('',#6513,.F.);
#6513 = EDGE_LOOP('',(#6514,#6520,#6521,#6522));
#6514 = ORIENTED_EDGE('',*,*,#6515,.F.);
#6515 = EDGE_CURVE('',#3417,#491,#6516,.T.);
#6516 = LINE('',#6517,#6518);
#6517 = CARTESIAN_POINT('',(-26.565,-7.62,5.8));
#6518 = VECTOR('',#6519,1.);
#6519 = DIRECTION('',(0.,0.,1.));
#6520 = ORIENTED_EDGE('',*,*,#3416,.T.);
#6521 = ORIENTED_EDGE('',*,*,#6494,.T.);
#6522 = ORIENTED_EDGE('',*,*,#490,.F.);
#6523 = PLANE('',#6524);
#6524 = AXIS2_PLACEMENT_3D('',#6525,#6526,#6527);
#6525 = CARTESIAN_POINT('',(-26.565,-7.62,5.8));
#6526 = DIRECTION('',(1.,0.,-0.));
#6527 = DIRECTION('',(0.,0.,1.));
#6528 = ADVANCED_FACE('',(#6529),#6540,.T.);
#6529 = FACE_BOUND('',#6530,.T.);
#6530 = EDGE_LOOP('',(#6531,#6537,#6538,#6539));
#6531 = ORIENTED_EDGE('',*,*,#6532,.F.);
#6532 = EDGE_CURVE('',#3425,#499,#6533,.T.);
#6533 = LINE('',#6534,#6535);
#6534 = CARTESIAN_POINT('',(-29.315,-7.62,5.8));
#6535 = VECTOR('',#6536,1.);
#6536 = DIRECTION('',(0.,0.,1.));
#6537 = ORIENTED_EDGE('',*,*,#3433,.T.);
#6538 = ORIENTED_EDGE('',*,*,#6501,.T.);
#6539 = ORIENTED_EDGE('',*,*,#507,.F.);
#6540 = PLANE('',#6541);
#6541 = AXIS2_PLACEMENT_3D('',#6542,#6543,#6544);
#6542 = CARTESIAN_POINT('',(-29.315,-7.62,5.8));
#6543 = DIRECTION('',(1.,0.,-0.));
#6544 = DIRECTION('',(0.,0.,1.));
#6545 = ADVANCED_FACE('',(#6546),#6552,.F.);
#6546 = FACE_BOUND('',#6547,.F.);
#6547 = EDGE_LOOP('',(#6548,#6549,#6550,#6551));
#6548 = ORIENTED_EDGE('',*,*,#6515,.T.);
#6549 = ORIENTED_EDGE('',*,*,#498,.F.);
#6550 = ORIENTED_EDGE('',*,*,#6532,.F.);
#6551 = ORIENTED_EDGE('',*,*,#3424,.T.);
#6552 = CYLINDRICAL_SURFACE('',#6553,1.375);
#6553 = AXIS2_PLACEMENT_3D('',#6554,#6555,#6556);
#6554 = CARTESIAN_POINT('',(-27.94,-7.62,5.8));
#6555 = DIRECTION('',(0.,0.,1.));
#6556 = DIRECTION('',(1.,0.,-0.));
#6557 = ADVANCED_FACE('',(#6558),#6569,.F.);
#6558 = FACE_BOUND('',#6559,.F.);
#6559 = EDGE_LOOP('',(#6560,#6561,#6567,#6568));
#6560 = ORIENTED_EDGE('',*,*,#515,.F.);
#6561 = ORIENTED_EDGE('',*,*,#6562,.F.);
#6562 = EDGE_CURVE('',#3442,#516,#6563,.T.);
#6563 = LINE('',#6564,#6565);
#6564 = CARTESIAN_POINT('',(-21.485,-7.62,5.8));
#6565 = VECTOR('',#6566,1.);
#6566 = DIRECTION('',(0.,0.,1.));
#6567 = ORIENTED_EDGE('',*,*,#3441,.T.);
#6568 = ORIENTED_EDGE('',*,*,#6562,.T.);
#6569 = CYLINDRICAL_SURFACE('',#6570,1.375);
#6570 = AXIS2_PLACEMENT_3D('',#6571,#6572,#6573);
#6571 = CARTESIAN_POINT('',(-22.86,-7.62,5.8));
#6572 = DIRECTION('',(0.,0.,1.));
#6573 = DIRECTION('',(1.,0.,-0.));
#6574 = ADVANCED_FACE('',(#6575),#6591,.F.);
#6575 = FACE_BOUND('',#6576,.F.);
#6576 = EDGE_LOOP('',(#6577,#6578,#6584,#6585));
#6577 = ORIENTED_EDGE('',*,*,#526,.F.);
#6578 = ORIENTED_EDGE('',*,*,#6579,.F.);
#6579 = EDGE_CURVE('',#3453,#527,#6580,.T.);
#6580 = LINE('',#6581,#6582);
#6581 = CARTESIAN_POINT('',(-22.86,-1.165,5.8));
#6582 = VECTOR('',#6583,1.);
#6583 = DIRECTION('',(0.,0.,1.));
#6584 = ORIENTED_EDGE('',*,*,#3452,.T.);
#6585 = ORIENTED_EDGE('',*,*,#6586,.T.);
#6586 = EDGE_CURVE('',#3455,#529,#6587,.T.);
#6587 = LINE('',#6588,#6589);
#6588 = CARTESIAN_POINT('',(-22.86,-3.915,5.8));
#6589 = VECTOR('',#6590,1.);
#6590 = DIRECTION('',(0.,0.,1.));
#6591 = CYLINDRICAL_SURFACE('',#6592,1.375);
#6592 = AXIS2_PLACEMENT_3D('',#6593,#6594,#6595);
#6593 = CARTESIAN_POINT('',(-22.86,-2.54,5.8));
#6594 = DIRECTION('',(0.,0.,1.));
#6595 = DIRECTION('',(1.,0.,-0.));
#6596 = ADVANCED_FACE('',(#6597),#6608,.F.);
#6597 = FACE_BOUND('',#6598,.F.);
#6598 = EDGE_LOOP('',(#6599,#6600,#6601,#6602));
#6599 = ORIENTED_EDGE('',*,*,#3463,.T.);
#6600 = ORIENTED_EDGE('',*,*,#6579,.T.);
#6601 = ORIENTED_EDGE('',*,*,#537,.F.);
#6602 = ORIENTED_EDGE('',*,*,#6603,.F.);
#6603 = EDGE_CURVE('',#3464,#538,#6604,.T.);
#6604 = LINE('',#6605,#6606);
#6605 = CARTESIAN_POINT('',(-17.78,-1.165,5.8));
#6606 = VECTOR('',#6607,1.);
#6607 = DIRECTION('',(0.,0.,1.));
#6608 = PLANE('',#6609);
#6609 = AXIS2_PLACEMENT_3D('',#6610,#6611,#6612);
#6610 = CARTESIAN_POINT('',(-22.86,-1.165,5.8));
#6611 = DIRECTION('',(-0.,1.,0.));
#6612 = DIRECTION('',(0.,0.,1.));
#6613 = ADVANCED_FACE('',(#6614),#6625,.T.);
#6614 = FACE_BOUND('',#6615,.T.);
#6615 = EDGE_LOOP('',(#6616,#6617,#6618,#6619));
#6616 = ORIENTED_EDGE('',*,*,#3489,.T.);
#6617 = ORIENTED_EDGE('',*,*,#6586,.T.);
#6618 = ORIENTED_EDGE('',*,*,#563,.F.);
#6619 = ORIENTED_EDGE('',*,*,#6620,.F.);
#6620 = EDGE_CURVE('',#3481,#555,#6621,.T.);
#6621 = LINE('',#6622,#6623);
#6622 = CARTESIAN_POINT('',(-17.78,-3.915,5.8));
#6623 = VECTOR('',#6624,1.);
#6624 = DIRECTION('',(0.,0.,1.));
#6625 = PLANE('',#6626);
#6626 = AXIS2_PLACEMENT_3D('',#6627,#6628,#6629);
#6627 = CARTESIAN_POINT('',(-22.86,-3.915,5.8));
#6628 = DIRECTION('',(-0.,1.,0.));
#6629 = DIRECTION('',(0.,0.,1.));
#6630 = ADVANCED_FACE('',(#6631),#6647,.F.);
#6631 = FACE_BOUND('',#6632,.F.);
#6632 = EDGE_LOOP('',(#6633,#6634,#6640,#6641));
#6633 = ORIENTED_EDGE('',*,*,#571,.F.);
#6634 = ORIENTED_EDGE('',*,*,#6635,.F.);
#6635 = EDGE_CURVE('',#3498,#572,#6636,.T.);
#6636 = LINE('',#6637,#6638);
#6637 = CARTESIAN_POINT('',(-16.405,-7.62,5.8));
#6638 = VECTOR('',#6639,1.);
#6639 = DIRECTION('',(0.,0.,1.));
#6640 = ORIENTED_EDGE('',*,*,#3497,.T.);
#6641 = ORIENTED_EDGE('',*,*,#6642,.T.);
#6642 = EDGE_CURVE('',#3500,#574,#6643,.T.);
#6643 = LINE('',#6644,#6645);
#6644 = CARTESIAN_POINT('',(-19.155,-7.62,5.8));
#6645 = VECTOR('',#6646,1.);
#6646 = DIRECTION('',(0.,0.,1.));
#6647 = CYLINDRICAL_SURFACE('',#6648,1.375);
#6648 = AXIS2_PLACEMENT_3D('',#6649,#6650,#6651);
#6649 = CARTESIAN_POINT('',(-17.78,-7.62,5.8));
#6650 = DIRECTION('',(0.,0.,1.));
#6651 = DIRECTION('',(1.,0.,-0.));
#6652 = ADVANCED_FACE('',(#6653),#6664,.F.);
#6653 = FACE_BOUND('',#6654,.F.);
#6654 = EDGE_LOOP('',(#6655,#6661,#6662,#6663));
#6655 = ORIENTED_EDGE('',*,*,#6656,.F.);
#6656 = EDGE_CURVE('',#3509,#583,#6657,.T.);
#6657 = LINE('',#6658,#6659);
#6658 = CARTESIAN_POINT('',(-16.405,-12.7,5.8));
#6659 = VECTOR('',#6660,1.);
#6660 = DIRECTION('',(0.,0.,1.));
#6661 = ORIENTED_EDGE('',*,*,#3508,.T.);
#6662 = ORIENTED_EDGE('',*,*,#6635,.T.);
#6663 = ORIENTED_EDGE('',*,*,#582,.F.);
#6664 = PLANE('',#6665);
#6665 = AXIS2_PLACEMENT_3D('',#6666,#6667,#6668);
#6666 = CARTESIAN_POINT('',(-16.405,-12.7,5.8));
#6667 = DIRECTION('',(1.,0.,-0.));
#6668 = DIRECTION('',(0.,0.,1.));
#6669 = ADVANCED_FACE('',(#6670),#6681,.T.);
#6670 = FACE_BOUND('',#6671,.T.);
#6671 = EDGE_LOOP('',(#6672,#6678,#6679,#6680));
#6672 = ORIENTED_EDGE('',*,*,#6673,.F.);
#6673 = EDGE_CURVE('',#3517,#591,#6674,.T.);
#6674 = LINE('',#6675,#6676);
#6675 = CARTESIAN_POINT('',(-19.155,-12.7,5.8));
#6676 = VECTOR('',#6677,1.);
#6677 = DIRECTION('',(0.,0.,1.));
#6678 = ORIENTED_EDGE('',*,*,#3525,.T.);
#6679 = ORIENTED_EDGE('',*,*,#6642,.T.);
#6680 = ORIENTED_EDGE('',*,*,#599,.F.);
#6681 = PLANE('',#6682);
#6682 = AXIS2_PLACEMENT_3D('',#6683,#6684,#6685);
#6683 = CARTESIAN_POINT('',(-19.155,-12.7,5.8));
#6684 = DIRECTION('',(1.,0.,-0.));
#6685 = DIRECTION('',(0.,0.,1.));
#6686 = ADVANCED_FACE('',(#6687),#6693,.F.);
#6687 = FACE_BOUND('',#6688,.F.);
#6688 = EDGE_LOOP('',(#6689,#6690,#6691,#6692));
#6689 = ORIENTED_EDGE('',*,*,#6656,.T.);
#6690 = ORIENTED_EDGE('',*,*,#590,.F.);
#6691 = ORIENTED_EDGE('',*,*,#6673,.F.);
#6692 = ORIENTED_EDGE('',*,*,#3516,.T.);
#6693 = CYLINDRICAL_SURFACE('',#6694,1.375);
#6694 = AXIS2_PLACEMENT_3D('',#6695,#6696,#6697);
#6695 = CARTESIAN_POINT('',(-17.78,-12.7,5.8));
#6696 = DIRECTION('',(0.,0.,1.));
#6697 = DIRECTION('',(1.,0.,-0.));
#6698 = ADVANCED_FACE('',(#6699),#6715,.F.);
#6699 = FACE_BOUND('',#6700,.F.);
#6700 = EDGE_LOOP('',(#6701,#6702,#6708,#6709));
#6701 = ORIENTED_EDGE('',*,*,#607,.F.);
#6702 = ORIENTED_EDGE('',*,*,#6703,.F.);
#6703 = EDGE_CURVE('',#3534,#608,#6704,.T.);
#6704 = LINE('',#6705,#6706);
#6705 = CARTESIAN_POINT('',(-12.7,-11.325,5.8));
#6706 = VECTOR('',#6707,1.);
#6707 = DIRECTION('',(0.,0.,1.));
#6708 = ORIENTED_EDGE('',*,*,#3533,.T.);
#6709 = ORIENTED_EDGE('',*,*,#6710,.T.);
#6710 = EDGE_CURVE('',#3536,#610,#6711,.T.);
#6711 = LINE('',#6712,#6713);
#6712 = CARTESIAN_POINT('',(-12.7,-14.075,5.8));
#6713 = VECTOR('',#6714,1.);
#6714 = DIRECTION('',(0.,0.,1.));
#6715 = CYLINDRICAL_SURFACE('',#6716,1.375);
#6716 = AXIS2_PLACEMENT_3D('',#6717,#6718,#6719);
#6717 = CARTESIAN_POINT('',(-12.7,-12.7,5.8));
#6718 = DIRECTION('',(0.,0.,1.));
#6719 = DIRECTION('',(1.,0.,-0.));
#6720 = ADVANCED_FACE('',(#6721),#6732,.F.);
#6721 = FACE_BOUND('',#6722,.F.);
#6722 = EDGE_LOOP('',(#6723,#6724,#6725,#6726));
#6723 = ORIENTED_EDGE('',*,*,#3544,.T.);
#6724 = ORIENTED_EDGE('',*,*,#6703,.T.);
#6725 = ORIENTED_EDGE('',*,*,#618,.F.);
#6726 = ORIENTED_EDGE('',*,*,#6727,.F.);
#6727 = EDGE_CURVE('',#3545,#619,#6728,.T.);
#6728 = LINE('',#6729,#6730);
#6729 = CARTESIAN_POINT('',(-7.62,-11.325,5.8));
#6730 = VECTOR('',#6731,1.);
#6731 = DIRECTION('',(0.,0.,1.));
#6732 = PLANE('',#6733);
#6733 = AXIS2_PLACEMENT_3D('',#6734,#6735,#6736);
#6734 = CARTESIAN_POINT('',(-12.7,-11.325,5.8));
#6735 = DIRECTION('',(-0.,1.,0.));
#6736 = DIRECTION('',(0.,0.,1.));
#6737 = ADVANCED_FACE('',(#6738),#6749,.T.);
#6738 = FACE_BOUND('',#6739,.T.);
#6739 = EDGE_LOOP('',(#6740,#6741,#6742,#6743));
#6740 = ORIENTED_EDGE('',*,*,#3570,.T.);
#6741 = ORIENTED_EDGE('',*,*,#6710,.T.);
#6742 = ORIENTED_EDGE('',*,*,#644,.F.);
#6743 = ORIENTED_EDGE('',*,*,#6744,.F.);
#6744 = EDGE_CURVE('',#3562,#636,#6745,.T.);
#6745 = LINE('',#6746,#6747);
#6746 = CARTESIAN_POINT('',(-7.62,-14.075,5.8));
#6747 = VECTOR('',#6748,1.);
#6748 = DIRECTION('',(0.,0.,1.));
#6749 = PLANE('',#6750);
#6750 = AXIS2_PLACEMENT_3D('',#6751,#6752,#6753);
#6751 = CARTESIAN_POINT('',(-12.7,-14.075,5.8));
#6752 = DIRECTION('',(-0.,1.,0.));
#6753 = DIRECTION('',(0.,0.,1.));
#6754 = ADVANCED_FACE('',(#6755),#6771,.F.);
#6755 = FACE_BOUND('',#6756,.F.);
#6756 = EDGE_LOOP('',(#6757,#6758,#6764,#6765));
#6757 = ORIENTED_EDGE('',*,*,#652,.F.);
#6758 = ORIENTED_EDGE('',*,*,#6759,.F.);
#6759 = EDGE_CURVE('',#3579,#653,#6760,.T.);
#6760 = LINE('',#6761,#6762);
#6761 = CARTESIAN_POINT('',(-7.62,-16.405,5.8));
#6762 = VECTOR('',#6763,1.);
#6763 = DIRECTION('',(0.,0.,1.));
#6764 = ORIENTED_EDGE('',*,*,#3578,.T.);
#6765 = ORIENTED_EDGE('',*,*,#6766,.T.);
#6766 = EDGE_CURVE('',#3581,#655,#6767,.T.);
#6767 = LINE('',#6768,#6769);
#6768 = CARTESIAN_POINT('',(-7.62,-19.155,5.8));
#6769 = VECTOR('',#6770,1.);
#6770 = DIRECTION('',(0.,0.,1.));
#6771 = CYLINDRICAL_SURFACE('',#6772,1.375);
#6772 = AXIS2_PLACEMENT_3D('',#6773,#6774,#6775);
#6773 = CARTESIAN_POINT('',(-7.62,-17.78,5.8));
#6774 = DIRECTION('',(0.,0.,1.));
#6775 = DIRECTION('',(1.,0.,-0.));
#6776 = ADVANCED_FACE('',(#6777),#6788,.F.);
#6777 = FACE_BOUND('',#6778,.F.);
#6778 = EDGE_LOOP('',(#6779,#6780,#6781,#6782));
#6779 = ORIENTED_EDGE('',*,*,#3589,.T.);
#6780 = ORIENTED_EDGE('',*,*,#6759,.T.);
#6781 = ORIENTED_EDGE('',*,*,#663,.F.);
#6782 = ORIENTED_EDGE('',*,*,#6783,.F.);
#6783 = EDGE_CURVE('',#3590,#664,#6784,.T.);
#6784 = LINE('',#6785,#6786);
#6785 = CARTESIAN_POINT('',(-2.54,-16.405,5.8));
#6786 = VECTOR('',#6787,1.);
#6787 = DIRECTION('',(0.,0.,1.));
#6788 = PLANE('',#6789);
#6789 = AXIS2_PLACEMENT_3D('',#6790,#6791,#6792);
#6790 = CARTESIAN_POINT('',(-7.62,-16.405,5.8));
#6791 = DIRECTION('',(-0.,1.,0.));
#6792 = DIRECTION('',(0.,0.,1.));
#6793 = ADVANCED_FACE('',(#6794),#6805,.T.);
#6794 = FACE_BOUND('',#6795,.T.);
#6795 = EDGE_LOOP('',(#6796,#6797,#6798,#6799));
#6796 = ORIENTED_EDGE('',*,*,#3615,.T.);
#6797 = ORIENTED_EDGE('',*,*,#6766,.T.);
#6798 = ORIENTED_EDGE('',*,*,#689,.F.);
#6799 = ORIENTED_EDGE('',*,*,#6800,.F.);
#6800 = EDGE_CURVE('',#3607,#681,#6801,.T.);
#6801 = LINE('',#6802,#6803);
#6802 = CARTESIAN_POINT('',(-2.54,-19.155,5.8));
#6803 = VECTOR('',#6804,1.);
#6804 = DIRECTION('',(0.,0.,1.));
#6805 = PLANE('',#6806);
#6806 = AXIS2_PLACEMENT_3D('',#6807,#6808,#6809);
#6807 = CARTESIAN_POINT('',(-7.62,-19.155,5.8));
#6808 = DIRECTION('',(-0.,1.,0.));
#6809 = DIRECTION('',(0.,0.,1.));
#6810 = ADVANCED_FACE('',(#6811),#6827,.F.);
#6811 = FACE_BOUND('',#6812,.F.);
#6812 = EDGE_LOOP('',(#6813,#6814,#6820,#6821));
#6813 = ORIENTED_EDGE('',*,*,#697,.F.);
#6814 = ORIENTED_EDGE('',*,*,#6815,.F.);
#6815 = EDGE_CURVE('',#3624,#698,#6816,.T.);
#6816 = LINE('',#6817,#6818);
#6817 = CARTESIAN_POINT('',(-1.165,-7.62,5.8));
#6818 = VECTOR('',#6819,1.);
#6819 = DIRECTION('',(0.,0.,1.));
#6820 = ORIENTED_EDGE('',*,*,#3623,.T.);
#6821 = ORIENTED_EDGE('',*,*,#6822,.T.);
#6822 = EDGE_CURVE('',#3626,#700,#6823,.T.);
#6823 = LINE('',#6824,#6825);
#6824 = CARTESIAN_POINT('',(-3.915,-7.62,5.8));
#6825 = VECTOR('',#6826,1.);
#6826 = DIRECTION('',(0.,0.,1.));
#6827 = CYLINDRICAL_SURFACE('',#6828,1.375);
#6828 = AXIS2_PLACEMENT_3D('',#6829,#6830,#6831);
#6829 = CARTESIAN_POINT('',(-2.54,-7.62,5.8));
#6830 = DIRECTION('',(0.,0.,1.));
#6831 = DIRECTION('',(1.,0.,-0.));
#6832 = ADVANCED_FACE('',(#6833),#6844,.F.);
#6833 = FACE_BOUND('',#6834,.F.);
#6834 = EDGE_LOOP('',(#6835,#6841,#6842,#6843));
#6835 = ORIENTED_EDGE('',*,*,#6836,.F.);
#6836 = EDGE_CURVE('',#3635,#709,#6837,.T.);
#6837 = LINE('',#6838,#6839);
#6838 = CARTESIAN_POINT('',(-1.165,-12.7,5.8));
#6839 = VECTOR('',#6840,1.);
#6840 = DIRECTION('',(0.,0.,1.));
#6841 = ORIENTED_EDGE('',*,*,#3634,.T.);
#6842 = ORIENTED_EDGE('',*,*,#6815,.T.);
#6843 = ORIENTED_EDGE('',*,*,#708,.F.);
#6844 = PLANE('',#6845);
#6845 = AXIS2_PLACEMENT_3D('',#6846,#6847,#6848);
#6846 = CARTESIAN_POINT('',(-1.165,-12.7,5.8));
#6847 = DIRECTION('',(1.,0.,-0.));
#6848 = DIRECTION('',(0.,0.,1.));
#6849 = ADVANCED_FACE('',(#6850),#6861,.T.);
#6850 = FACE_BOUND('',#6851,.T.);
#6851 = EDGE_LOOP('',(#6852,#6858,#6859,#6860));
#6852 = ORIENTED_EDGE('',*,*,#6853,.F.);
#6853 = EDGE_CURVE('',#3643,#717,#6854,.T.);
#6854 = LINE('',#6855,#6856);
#6855 = CARTESIAN_POINT('',(-3.915,-12.7,5.8));
#6856 = VECTOR('',#6857,1.);
#6857 = DIRECTION('',(0.,0.,1.));
#6858 = ORIENTED_EDGE('',*,*,#3651,.T.);
#6859 = ORIENTED_EDGE('',*,*,#6822,.T.);
#6860 = ORIENTED_EDGE('',*,*,#725,.F.);
#6861 = PLANE('',#6862);
#6862 = AXIS2_PLACEMENT_3D('',#6863,#6864,#6865);
#6863 = CARTESIAN_POINT('',(-3.915,-12.7,5.8));
#6864 = DIRECTION('',(1.,0.,-0.));
#6865 = DIRECTION('',(0.,0.,1.));
#6866 = ADVANCED_FACE('',(#6867),#6873,.F.);
#6867 = FACE_BOUND('',#6868,.F.);
#6868 = EDGE_LOOP('',(#6869,#6870,#6871,#6872));
#6869 = ORIENTED_EDGE('',*,*,#6836,.T.);
#6870 = ORIENTED_EDGE('',*,*,#716,.F.);
#6871 = ORIENTED_EDGE('',*,*,#6853,.F.);
#6872 = ORIENTED_EDGE('',*,*,#3642,.T.);
#6873 = CYLINDRICAL_SURFACE('',#6874,1.375);
#6874 = AXIS2_PLACEMENT_3D('',#6875,#6876,#6877);
#6875 = CARTESIAN_POINT('',(-2.54,-12.7,5.8));
#6876 = DIRECTION('',(0.,0.,1.));
#6877 = DIRECTION('',(1.,0.,-0.));
#6878 = ADVANCED_FACE('',(#6879),#6895,.F.);
#6879 = FACE_BOUND('',#6880,.F.);
#6880 = EDGE_LOOP('',(#6881,#6882,#6888,#6889));
#6881 = ORIENTED_EDGE('',*,*,#733,.F.);
#6882 = ORIENTED_EDGE('',*,*,#6883,.F.);
#6883 = EDGE_CURVE('',#3660,#734,#6884,.T.);
#6884 = LINE('',#6885,#6886);
#6885 = CARTESIAN_POINT('',(-11.325,-2.54,5.8));
#6886 = VECTOR('',#6887,1.);
#6887 = DIRECTION('',(0.,0.,1.));
#6888 = ORIENTED_EDGE('',*,*,#3659,.T.);
#6889 = ORIENTED_EDGE('',*,*,#6890,.T.);
#6890 = EDGE_CURVE('',#3662,#736,#6891,.T.);
#6891 = LINE('',#6892,#6893);
#6892 = CARTESIAN_POINT('',(-14.075,-2.54,5.8));
#6893 = VECTOR('',#6894,1.);
#6894 = DIRECTION('',(0.,0.,1.));
#6895 = CYLINDRICAL_SURFACE('',#6896,1.375);
#6896 = AXIS2_PLACEMENT_3D('',#6897,#6898,#6899);
#6897 = CARTESIAN_POINT('',(-12.7,-2.54,5.8));
#6898 = DIRECTION('',(0.,0.,1.));
#6899 = DIRECTION('',(1.,0.,-0.));
#6900 = ADVANCED_FACE('',(#6901),#6912,.F.);
#6901 = FACE_BOUND('',#6902,.F.);
#6902 = EDGE_LOOP('',(#6903,#6909,#6910,#6911));
#6903 = ORIENTED_EDGE('',*,*,#6904,.F.);
#6904 = EDGE_CURVE('',#3671,#745,#6905,.T.);
#6905 = LINE('',#6906,#6907);
#6906 = CARTESIAN_POINT('',(-11.325,-7.62,5.8));
#6907 = VECTOR('',#6908,1.);
#6908 = DIRECTION('',(0.,0.,1.));
#6909 = ORIENTED_EDGE('',*,*,#3670,.T.);
#6910 = ORIENTED_EDGE('',*,*,#6883,.T.);
#6911 = ORIENTED_EDGE('',*,*,#744,.F.);
#6912 = PLANE('',#6913);
#6913 = AXIS2_PLACEMENT_3D('',#6914,#6915,#6916);
#6914 = CARTESIAN_POINT('',(-11.325,-7.62,5.8));
#6915 = DIRECTION('',(1.,0.,-0.));
#6916 = DIRECTION('',(0.,0.,1.));
#6917 = ADVANCED_FACE('',(#6918),#6929,.T.);
#6918 = FACE_BOUND('',#6919,.T.);
#6919 = EDGE_LOOP('',(#6920,#6926,#6927,#6928));
#6920 = ORIENTED_EDGE('',*,*,#6921,.F.);
#6921 = EDGE_CURVE('',#3679,#753,#6922,.T.);
#6922 = LINE('',#6923,#6924);
#6923 = CARTESIAN_POINT('',(-14.075,-7.62,5.8));
#6924 = VECTOR('',#6925,1.);
#6925 = DIRECTION('',(0.,0.,1.));
#6926 = ORIENTED_EDGE('',*,*,#3687,.T.);
#6927 = ORIENTED_EDGE('',*,*,#6890,.T.);
#6928 = ORIENTED_EDGE('',*,*,#761,.F.);
#6929 = PLANE('',#6930);
#6930 = AXIS2_PLACEMENT_3D('',#6931,#6932,#6933);
#6931 = CARTESIAN_POINT('',(-14.075,-7.62,5.8));
#6932 = DIRECTION('',(1.,0.,-0.));
#6933 = DIRECTION('',(0.,0.,1.));
#6934 = ADVANCED_FACE('',(#6935),#6941,.F.);
#6935 = FACE_BOUND('',#6936,.F.);
#6936 = EDGE_LOOP('',(#6937,#6938,#6939,#6940));
#6937 = ORIENTED_EDGE('',*,*,#6904,.T.);
#6938 = ORIENTED_EDGE('',*,*,#752,.F.);
#6939 = ORIENTED_EDGE('',*,*,#6921,.F.);
#6940 = ORIENTED_EDGE('',*,*,#3678,.T.);
#6941 = CYLINDRICAL_SURFACE('',#6942,1.375);
#6942 = AXIS2_PLACEMENT_3D('',#6943,#6944,#6945);
#6943 = CARTESIAN_POINT('',(-12.7,-7.62,5.8));
#6944 = DIRECTION('',(0.,0.,1.));
#6945 = DIRECTION('',(1.,0.,-0.));
#6946 = ADVANCED_FACE('',(#6947),#6958,.F.);
#6947 = FACE_BOUND('',#6948,.F.);
#6948 = EDGE_LOOP('',(#6949,#6950,#6956,#6957));
#6949 = ORIENTED_EDGE('',*,*,#769,.F.);
#6950 = ORIENTED_EDGE('',*,*,#6951,.F.);
#6951 = EDGE_CURVE('',#3696,#770,#6952,.T.);
#6952 = LINE('',#6953,#6954);
#6953 = CARTESIAN_POINT('',(-6.245,-7.62,5.8));
#6954 = VECTOR('',#6955,1.);
#6955 = DIRECTION('',(0.,0.,1.));
#6956 = ORIENTED_EDGE('',*,*,#3695,.T.);
#6957 = ORIENTED_EDGE('',*,*,#6951,.T.);
#6958 = CYLINDRICAL_SURFACE('',#6959,1.375);
#6959 = AXIS2_PLACEMENT_3D('',#6960,#6961,#6962);
#6960 = CARTESIAN_POINT('',(-7.62,-7.62,5.8));
#6961 = DIRECTION('',(0.,0.,1.));
#6962 = DIRECTION('',(1.,0.,-0.));
#6963 = ADVANCED_FACE('',(#6964),#6980,.F.);
#6964 = FACE_BOUND('',#6965,.F.);
#6965 = EDGE_LOOP('',(#6966,#6967,#6973,#6974));
#6966 = ORIENTED_EDGE('',*,*,#780,.F.);
#6967 = ORIENTED_EDGE('',*,*,#6968,.F.);
#6968 = EDGE_CURVE('',#3752,#781,#6969,.T.);
#6969 = LINE('',#6970,#6971);
#6970 = CARTESIAN_POINT('',(2.54,-26.565,5.8));
#6971 = VECTOR('',#6972,1.);
#6972 = DIRECTION('',(0.,0.,1.));
#6973 = ORIENTED_EDGE('',*,*,#3751,.T.);
#6974 = ORIENTED_EDGE('',*,*,#6975,.T.);
#6975 = EDGE_CURVE('',#3754,#783,#6976,.T.);
#6976 = LINE('',#6977,#6978);
#6977 = CARTESIAN_POINT('',(2.54,-29.315,5.8));
#6978 = VECTOR('',#6979,1.);
#6979 = DIRECTION('',(0.,0.,1.));
#6980 = CYLINDRICAL_SURFACE('',#6981,1.375);
#6981 = AXIS2_PLACEMENT_3D('',#6982,#6983,#6984);
#6982 = CARTESIAN_POINT('',(2.54,-27.94,5.8));
#6983 = DIRECTION('',(0.,0.,1.));
#6984 = DIRECTION('',(1.,0.,-0.));
#6985 = ADVANCED_FACE('',(#6986),#6997,.F.);
#6986 = FACE_BOUND('',#6987,.F.);
#6987 = EDGE_LOOP('',(#6988,#6989,#6990,#6991));
#6988 = ORIENTED_EDGE('',*,*,#3762,.T.);
#6989 = ORIENTED_EDGE('',*,*,#6968,.T.);
#6990 = ORIENTED_EDGE('',*,*,#791,.F.);
#6991 = ORIENTED_EDGE('',*,*,#6992,.F.);
#6992 = EDGE_CURVE('',#3763,#792,#6993,.T.);
#6993 = LINE('',#6994,#6995);
#6994 = CARTESIAN_POINT('',(7.62,-26.565,5.8));
#6995 = VECTOR('',#6996,1.);
#6996 = DIRECTION('',(0.,0.,1.));
#6997 = PLANE('',#6998);
#6998 = AXIS2_PLACEMENT_3D('',#6999,#7000,#7001);
#6999 = CARTESIAN_POINT('',(2.54,-26.565,5.8));
#7000 = DIRECTION('',(-0.,1.,0.));
#7001 = DIRECTION('',(0.,0.,1.));
#7002 = ADVANCED_FACE('',(#7003),#7014,.T.);
#7003 = FACE_BOUND('',#7004,.T.);
#7004 = EDGE_LOOP('',(#7005,#7006,#7007,#7008));
#7005 = ORIENTED_EDGE('',*,*,#3788,.T.);
#7006 = ORIENTED_EDGE('',*,*,#6975,.T.);
#7007 = ORIENTED_EDGE('',*,*,#817,.F.);
#7008 = ORIENTED_EDGE('',*,*,#7009,.F.);
#7009 = EDGE_CURVE('',#3780,#809,#7010,.T.);
#7010 = LINE('',#7011,#7012);
#7011 = CARTESIAN_POINT('',(7.62,-29.315,5.8));
#7012 = VECTOR('',#7013,1.);
#7013 = DIRECTION('',(0.,0.,1.));
#7014 = PLANE('',#7015);
#7015 = AXIS2_PLACEMENT_3D('',#7016,#7017,#7018);
#7016 = CARTESIAN_POINT('',(2.54,-29.315,5.8));
#7017 = DIRECTION('',(-0.,1.,0.));
#7018 = DIRECTION('',(0.,0.,1.));
#7019 = ADVANCED_FACE('',(#7020),#7031,.F.);
#7020 = FACE_BOUND('',#7021,.F.);
#7021 = EDGE_LOOP('',(#7022,#7023,#7029,#7030));
#7022 = ORIENTED_EDGE('',*,*,#825,.F.);
#7023 = ORIENTED_EDGE('',*,*,#7024,.F.);
#7024 = EDGE_CURVE('',#3797,#826,#7025,.T.);
#7025 = LINE('',#7026,#7027);
#7026 = CARTESIAN_POINT('',(8.995,-22.86,5.8));
#7027 = VECTOR('',#7028,1.);
#7028 = DIRECTION('',(0.,0.,1.));
#7029 = ORIENTED_EDGE('',*,*,#3796,.T.);
#7030 = ORIENTED_EDGE('',*,*,#7024,.T.);
#7031 = CYLINDRICAL_SURFACE('',#7032,1.375);
#7032 = AXIS2_PLACEMENT_3D('',#7033,#7034,#7035);
#7033 = CARTESIAN_POINT('',(7.62,-22.86,5.8));
#7034 = DIRECTION('',(0.,0.,1.));
#7035 = DIRECTION('',(1.,0.,-0.));
#7036 = ADVANCED_FACE('',(#7037),#7053,.F.);
#7037 = FACE_BOUND('',#7038,.F.);
#7038 = EDGE_LOOP('',(#7039,#7040,#7046,#7047));
#7039 = ORIENTED_EDGE('',*,*,#836,.F.);
#7040 = ORIENTED_EDGE('',*,*,#7041,.F.);
#7041 = EDGE_CURVE('',#3808,#837,#7042,.T.);
#7042 = LINE('',#7043,#7044);
#7043 = CARTESIAN_POINT('',(3.915,-17.78,5.8));
#7044 = VECTOR('',#7045,1.);
#7045 = DIRECTION('',(0.,0.,1.));
#7046 = ORIENTED_EDGE('',*,*,#3807,.T.);
#7047 = ORIENTED_EDGE('',*,*,#7048,.T.);
#7048 = EDGE_CURVE('',#3810,#839,#7049,.T.);
#7049 = LINE('',#7050,#7051);
#7050 = CARTESIAN_POINT('',(1.165,-17.78,5.8));
#7051 = VECTOR('',#7052,1.);
#7052 = DIRECTION('',(0.,0.,1.));
#7053 = CYLINDRICAL_SURFACE('',#7054,1.375);
#7054 = AXIS2_PLACEMENT_3D('',#7055,#7056,#7057);
#7055 = CARTESIAN_POINT('',(2.54,-17.78,5.8));
#7056 = DIRECTION('',(0.,0.,1.));
#7057 = DIRECTION('',(1.,0.,-0.));
#7058 = ADVANCED_FACE('',(#7059),#7070,.F.);
#7059 = FACE_BOUND('',#7060,.F.);
#7060 = EDGE_LOOP('',(#7061,#7067,#7068,#7069));
#7061 = ORIENTED_EDGE('',*,*,#7062,.F.);
#7062 = EDGE_CURVE('',#3819,#848,#7063,.T.);
#7063 = LINE('',#7064,#7065);
#7064 = CARTESIAN_POINT('',(3.915,-22.86,5.8));
#7065 = VECTOR('',#7066,1.);
#7066 = DIRECTION('',(0.,0.,1.));
#7067 = ORIENTED_EDGE('',*,*,#3818,.T.);
#7068 = ORIENTED_EDGE('',*,*,#7041,.T.);
#7069 = ORIENTED_EDGE('',*,*,#847,.F.);
#7070 = PLANE('',#7071);
#7071 = AXIS2_PLACEMENT_3D('',#7072,#7073,#7074);
#7072 = CARTESIAN_POINT('',(3.915,-22.86,5.8));
#7073 = DIRECTION('',(1.,0.,-0.));
#7074 = DIRECTION('',(0.,0.,1.));
#7075 = ADVANCED_FACE('',(#7076),#7087,.T.);
#7076 = FACE_BOUND('',#7077,.T.);
#7077 = EDGE_LOOP('',(#7078,#7084,#7085,#7086));
#7078 = ORIENTED_EDGE('',*,*,#7079,.F.);
#7079 = EDGE_CURVE('',#3827,#856,#7080,.T.);
#7080 = LINE('',#7081,#7082);
#7081 = CARTESIAN_POINT('',(1.165,-22.86,5.8));
#7082 = VECTOR('',#7083,1.);
#7083 = DIRECTION('',(0.,0.,1.));
#7084 = ORIENTED_EDGE('',*,*,#3835,.T.);
#7085 = ORIENTED_EDGE('',*,*,#7048,.T.);
#7086 = ORIENTED_EDGE('',*,*,#864,.F.);
#7087 = PLANE('',#7088);
#7088 = AXIS2_PLACEMENT_3D('',#7089,#7090,#7091);
#7089 = CARTESIAN_POINT('',(1.165,-22.86,5.8));
#7090 = DIRECTION('',(1.,0.,-0.));
#7091 = DIRECTION('',(0.,0.,1.));
#7092 = ADVANCED_FACE('',(#7093),#7099,.F.);
#7093 = FACE_BOUND('',#7094,.F.);
#7094 = EDGE_LOOP('',(#7095,#7096,#7097,#7098));
#7095 = ORIENTED_EDGE('',*,*,#7062,.T.);
#7096 = ORIENTED_EDGE('',*,*,#855,.F.);
#7097 = ORIENTED_EDGE('',*,*,#7079,.F.);
#7098 = ORIENTED_EDGE('',*,*,#3826,.T.);
#7099 = CYLINDRICAL_SURFACE('',#7100,1.375);
#7100 = AXIS2_PLACEMENT_3D('',#7101,#7102,#7103);
#7101 = CARTESIAN_POINT('',(2.54,-22.86,5.8));
#7102 = DIRECTION('',(0.,0.,1.));
#7103 = DIRECTION('',(1.,0.,-0.));
#7104 = ADVANCED_FACE('',(#7105),#7121,.F.);
#7105 = FACE_BOUND('',#7106,.F.);
#7106 = EDGE_LOOP('',(#7107,#7108,#7114,#7115));
#7107 = ORIENTED_EDGE('',*,*,#872,.F.);
#7108 = ORIENTED_EDGE('',*,*,#7109,.F.);
#7109 = EDGE_CURVE('',#3844,#873,#7110,.T.);
#7110 = LINE('',#7111,#7112);
#7111 = CARTESIAN_POINT('',(14.075,-22.86,5.8));
#7112 = VECTOR('',#7113,1.);
#7113 = DIRECTION('',(0.,0.,1.));
#7114 = ORIENTED_EDGE('',*,*,#3843,.T.);
#7115 = ORIENTED_EDGE('',*,*,#7116,.T.);
#7116 = EDGE_CURVE('',#3846,#875,#7117,.T.);
#7117 = LINE('',#7118,#7119);
#7118 = CARTESIAN_POINT('',(11.325,-22.86,5.8));
#7119 = VECTOR('',#7120,1.);
#7120 = DIRECTION('',(0.,0.,1.));
#7121 = CYLINDRICAL_SURFACE('',#7122,1.375);
#7122 = AXIS2_PLACEMENT_3D('',#7123,#7124,#7125);
#7123 = CARTESIAN_POINT('',(12.7,-22.86,5.8));
#7124 = DIRECTION('',(0.,0.,1.));
#7125 = DIRECTION('',(1.,0.,-0.));
#7126 = ADVANCED_FACE('',(#7127),#7138,.F.);
#7127 = FACE_BOUND('',#7128,.F.);
#7128 = EDGE_LOOP('',(#7129,#7135,#7136,#7137));
#7129 = ORIENTED_EDGE('',*,*,#7130,.F.);
#7130 = EDGE_CURVE('',#3855,#884,#7131,.T.);
#7131 = LINE('',#7132,#7133);
#7132 = CARTESIAN_POINT('',(14.075,-27.94,5.8));
#7133 = VECTOR('',#7134,1.);
#7134 = DIRECTION('',(0.,0.,1.));
#7135 = ORIENTED_EDGE('',*,*,#3854,.T.);
#7136 = ORIENTED_EDGE('',*,*,#7109,.T.);
#7137 = ORIENTED_EDGE('',*,*,#883,.F.);
#7138 = PLANE('',#7139);
#7139 = AXIS2_PLACEMENT_3D('',#7140,#7141,#7142);
#7140 = CARTESIAN_POINT('',(14.075,-27.94,5.8));
#7141 = DIRECTION('',(1.,0.,-0.));
#7142 = DIRECTION('',(0.,0.,1.));
#7143 = ADVANCED_FACE('',(#7144),#7155,.T.);
#7144 = FACE_BOUND('',#7145,.T.);
#7145 = EDGE_LOOP('',(#7146,#7152,#7153,#7154));
#7146 = ORIENTED_EDGE('',*,*,#7147,.F.);
#7147 = EDGE_CURVE('',#3863,#892,#7148,.T.);
#7148 = LINE('',#7149,#7150);
#7149 = CARTESIAN_POINT('',(11.325,-27.94,5.8));
#7150 = VECTOR('',#7151,1.);
#7151 = DIRECTION('',(0.,0.,1.));
#7152 = ORIENTED_EDGE('',*,*,#3871,.T.);
#7153 = ORIENTED_EDGE('',*,*,#7116,.T.);
#7154 = ORIENTED_EDGE('',*,*,#900,.F.);
#7155 = PLANE('',#7156);
#7156 = AXIS2_PLACEMENT_3D('',#7157,#7158,#7159);
#7157 = CARTESIAN_POINT('',(11.325,-27.94,5.8));
#7158 = DIRECTION('',(1.,0.,-0.));
#7159 = DIRECTION('',(0.,0.,1.));
#7160 = ADVANCED_FACE('',(#7161),#7167,.F.);
#7161 = FACE_BOUND('',#7162,.F.);
#7162 = EDGE_LOOP('',(#7163,#7164,#7165,#7166));
#7163 = ORIENTED_EDGE('',*,*,#7130,.T.);
#7164 = ORIENTED_EDGE('',*,*,#891,.F.);
#7165 = ORIENTED_EDGE('',*,*,#7147,.F.);
#7166 = ORIENTED_EDGE('',*,*,#3862,.T.);
#7167 = CYLINDRICAL_SURFACE('',#7168,1.375);
#7168 = AXIS2_PLACEMENT_3D('',#7169,#7170,#7171);
#7169 = CARTESIAN_POINT('',(12.7,-27.94,5.8));
#7170 = DIRECTION('',(0.,0.,1.));
#7171 = DIRECTION('',(1.,0.,-0.));
#7172 = ADVANCED_FACE('',(#7173),#7189,.F.);
#7173 = FACE_BOUND('',#7174,.F.);
#7174 = EDGE_LOOP('',(#7175,#7176,#7182,#7183));
#7175 = ORIENTED_EDGE('',*,*,#908,.F.);
#7176 = ORIENTED_EDGE('',*,*,#7177,.F.);
#7177 = EDGE_CURVE('',#3880,#909,#7178,.T.);
#7178 = LINE('',#7179,#7180);
#7179 = CARTESIAN_POINT('',(19.155,-17.78,5.8));
#7180 = VECTOR('',#7181,1.);
#7181 = DIRECTION('',(0.,0.,1.));
#7182 = ORIENTED_EDGE('',*,*,#3879,.T.);
#7183 = ORIENTED_EDGE('',*,*,#7184,.T.);
#7184 = EDGE_CURVE('',#3882,#911,#7185,.T.);
#7185 = LINE('',#7186,#7187);
#7186 = CARTESIAN_POINT('',(16.405,-17.78,5.8));
#7187 = VECTOR('',#7188,1.);
#7188 = DIRECTION('',(0.,0.,1.));
#7189 = CYLINDRICAL_SURFACE('',#7190,1.375);
#7190 = AXIS2_PLACEMENT_3D('',#7191,#7192,#7193);
#7191 = CARTESIAN_POINT('',(17.78,-17.78,5.8));
#7192 = DIRECTION('',(0.,0.,1.));
#7193 = DIRECTION('',(1.,0.,-0.));
#7194 = ADVANCED_FACE('',(#7195),#7206,.F.);
#7195 = FACE_BOUND('',#7196,.F.);
#7196 = EDGE_LOOP('',(#7197,#7203,#7204,#7205));
#7197 = ORIENTED_EDGE('',*,*,#7198,.F.);
#7198 = EDGE_CURVE('',#3891,#920,#7199,.T.);
#7199 = LINE('',#7200,#7201);
#7200 = CARTESIAN_POINT('',(19.155,-22.86,5.8));
#7201 = VECTOR('',#7202,1.);
#7202 = DIRECTION('',(0.,0.,1.));
#7203 = ORIENTED_EDGE('',*,*,#3890,.T.);
#7204 = ORIENTED_EDGE('',*,*,#7177,.T.);
#7205 = ORIENTED_EDGE('',*,*,#919,.F.);
#7206 = PLANE('',#7207);
#7207 = AXIS2_PLACEMENT_3D('',#7208,#7209,#7210);
#7208 = CARTESIAN_POINT('',(19.155,-22.86,5.8));
#7209 = DIRECTION('',(1.,0.,-0.));
#7210 = DIRECTION('',(0.,0.,1.));
#7211 = ADVANCED_FACE('',(#7212),#7223,.T.);
#7212 = FACE_BOUND('',#7213,.T.);
#7213 = EDGE_LOOP('',(#7214,#7220,#7221,#7222));
#7214 = ORIENTED_EDGE('',*,*,#7215,.F.);
#7215 = EDGE_CURVE('',#3899,#928,#7216,.T.);
#7216 = LINE('',#7217,#7218);
#7217 = CARTESIAN_POINT('',(16.405,-22.86,5.8));
#7218 = VECTOR('',#7219,1.);
#7219 = DIRECTION('',(0.,0.,1.));
#7220 = ORIENTED_EDGE('',*,*,#3907,.T.);
#7221 = ORIENTED_EDGE('',*,*,#7184,.T.);
#7222 = ORIENTED_EDGE('',*,*,#936,.F.);
#7223 = PLANE('',#7224);
#7224 = AXIS2_PLACEMENT_3D('',#7225,#7226,#7227);
#7225 = CARTESIAN_POINT('',(16.405,-22.86,5.8));
#7226 = DIRECTION('',(1.,0.,-0.));
#7227 = DIRECTION('',(0.,0.,1.));
#7228 = ADVANCED_FACE('',(#7229),#7235,.F.);
#7229 = FACE_BOUND('',#7230,.F.);
#7230 = EDGE_LOOP('',(#7231,#7232,#7233,#7234));
#7231 = ORIENTED_EDGE('',*,*,#7198,.T.);
#7232 = ORIENTED_EDGE('',*,*,#927,.F.);
#7233 = ORIENTED_EDGE('',*,*,#7215,.F.);
#7234 = ORIENTED_EDGE('',*,*,#3898,.T.);
#7235 = CYLINDRICAL_SURFACE('',#7236,1.375);
#7236 = AXIS2_PLACEMENT_3D('',#7237,#7238,#7239);
#7237 = CARTESIAN_POINT('',(17.78,-22.86,5.8));
#7238 = DIRECTION('',(0.,0.,1.));
#7239 = DIRECTION('',(1.,0.,-0.));
#7240 = ADVANCED_FACE('',(#7241),#7257,.F.);
#7241 = FACE_BOUND('',#7242,.F.);
#7242 = EDGE_LOOP('',(#7243,#7244,#7250,#7251));
#7243 = ORIENTED_EDGE('',*,*,#944,.F.);
#7244 = ORIENTED_EDGE('',*,*,#7245,.F.);
#7245 = EDGE_CURVE('',#3916,#945,#7246,.T.);
#7246 = LINE('',#7247,#7248);
#7247 = CARTESIAN_POINT('',(17.78,-26.565,5.8));
#7248 = VECTOR('',#7249,1.);
#7249 = DIRECTION('',(0.,0.,1.));
#7250 = ORIENTED_EDGE('',*,*,#3915,.T.);
#7251 = ORIENTED_EDGE('',*,*,#7252,.T.);
#7252 = EDGE_CURVE('',#3918,#947,#7253,.T.);
#7253 = LINE('',#7254,#7255);
#7254 = CARTESIAN_POINT('',(17.78,-29.315,5.8));
#7255 = VECTOR('',#7256,1.);
#7256 = DIRECTION('',(0.,0.,1.));
#7257 = CYLINDRICAL_SURFACE('',#7258,1.375);
#7258 = AXIS2_PLACEMENT_3D('',#7259,#7260,#7261);
#7259 = CARTESIAN_POINT('',(17.78,-27.94,5.8));
#7260 = DIRECTION('',(0.,0.,1.));
#7261 = DIRECTION('',(1.,0.,-0.));
#7262 = ADVANCED_FACE('',(#7263),#7274,.F.);
#7263 = FACE_BOUND('',#7264,.F.);
#7264 = EDGE_LOOP('',(#7265,#7266,#7267,#7268));
#7265 = ORIENTED_EDGE('',*,*,#3926,.T.);
#7266 = ORIENTED_EDGE('',*,*,#7245,.T.);
#7267 = ORIENTED_EDGE('',*,*,#955,.F.);
#7268 = ORIENTED_EDGE('',*,*,#7269,.F.);
#7269 = EDGE_CURVE('',#3927,#956,#7270,.T.);
#7270 = LINE('',#7271,#7272);
#7271 = CARTESIAN_POINT('',(22.86,-26.565,5.8));
#7272 = VECTOR('',#7273,1.);
#7273 = DIRECTION('',(0.,0.,1.));
#7274 = PLANE('',#7275);
#7275 = AXIS2_PLACEMENT_3D('',#7276,#7277,#7278);
#7276 = CARTESIAN_POINT('',(17.78,-26.565,5.8));
#7277 = DIRECTION('',(-0.,1.,0.));
#7278 = DIRECTION('',(0.,0.,1.));
#7279 = ADVANCED_FACE('',(#7280),#7291,.T.);
#7280 = FACE_BOUND('',#7281,.T.);
#7281 = EDGE_LOOP('',(#7282,#7283,#7284,#7285));
#7282 = ORIENTED_EDGE('',*,*,#3952,.T.);
#7283 = ORIENTED_EDGE('',*,*,#7252,.T.);
#7284 = ORIENTED_EDGE('',*,*,#981,.F.);
#7285 = ORIENTED_EDGE('',*,*,#7286,.F.);
#7286 = EDGE_CURVE('',#3944,#973,#7287,.T.);
#7287 = LINE('',#7288,#7289);
#7288 = CARTESIAN_POINT('',(22.86,-29.315,5.8));
#7289 = VECTOR('',#7290,1.);
#7290 = DIRECTION('',(0.,0.,1.));
#7291 = PLANE('',#7292);
#7292 = AXIS2_PLACEMENT_3D('',#7293,#7294,#7295);
#7293 = CARTESIAN_POINT('',(17.78,-29.315,5.8));
#7294 = DIRECTION('',(-0.,1.,0.));
#7295 = DIRECTION('',(0.,0.,1.));
#7296 = ADVANCED_FACE('',(#7297),#7308,.F.);
#7297 = FACE_BOUND('',#7298,.F.);
#7298 = EDGE_LOOP('',(#7299,#7300,#7306,#7307));
#7299 = ORIENTED_EDGE('',*,*,#989,.F.);
#7300 = ORIENTED_EDGE('',*,*,#7301,.F.);
#7301 = EDGE_CURVE('',#3961,#990,#7302,.T.);
#7302 = LINE('',#7303,#7304);
#7303 = CARTESIAN_POINT('',(36.18,-34.48,5.8));
#7304 = VECTOR('',#7305,1.);
#7305 = DIRECTION('',(0.,0.,1.));
#7306 = ORIENTED_EDGE('',*,*,#3960,.T.);
#7307 = ORIENTED_EDGE('',*,*,#7301,.T.);
#7308 = CYLINDRICAL_SURFACE('',#7309,1.7);
#7309 = AXIS2_PLACEMENT_3D('',#7310,#7311,#7312);
#7310 = CARTESIAN_POINT('',(34.48,-34.48,5.8));
#7311 = DIRECTION('',(0.,0.,1.));
#7312 = DIRECTION('',(1.,0.,-0.));
#7313 = ADVANCED_FACE('',(#7314),#7325,.F.);
#7314 = FACE_BOUND('',#7315,.F.);
#7315 = EDGE_LOOP('',(#7316,#7317,#7323,#7324));
#7316 = ORIENTED_EDGE('',*,*,#1000,.F.);
#7317 = ORIENTED_EDGE('',*,*,#7318,.F.);
#7318 = EDGE_CURVE('',#3972,#1001,#7319,.T.);
#7319 = LINE('',#7320,#7321);
#7320 = CARTESIAN_POINT('',(24.235,-22.86,5.8));
#7321 = VECTOR('',#7322,1.);
#7322 = DIRECTION('',(0.,0.,1.));
#7323 = ORIENTED_EDGE('',*,*,#3971,.T.);
#7324 = ORIENTED_EDGE('',*,*,#7318,.T.);
#7325 = CYLINDRICAL_SURFACE('',#7326,1.375);
#7326 = AXIS2_PLACEMENT_3D('',#7327,#7328,#7329);
#7327 = CARTESIAN_POINT('',(22.86,-22.86,5.8));
#7328 = DIRECTION('',(0.,0.,1.));
#7329 = DIRECTION('',(1.,0.,-0.));
#7330 = ADVANCED_FACE('',(#7331),#7347,.F.);
#7331 = FACE_BOUND('',#7332,.F.);
#7332 = EDGE_LOOP('',(#7333,#7334,#7340,#7341));
#7333 = ORIENTED_EDGE('',*,*,#1011,.F.);
#7334 = ORIENTED_EDGE('',*,*,#7335,.F.);
#7335 = EDGE_CURVE('',#3983,#1012,#7336,.T.);
#7336 = LINE('',#7337,#7338);
#7337 = CARTESIAN_POINT('',(29.315,-22.86,5.8));
#7338 = VECTOR('',#7339,1.);
#7339 = DIRECTION('',(0.,0.,1.));
#7340 = ORIENTED_EDGE('',*,*,#3982,.T.);
#7341 = ORIENTED_EDGE('',*,*,#7342,.T.);
#7342 = EDGE_CURVE('',#3985,#1014,#7343,.T.);
#7343 = LINE('',#7344,#7345);
#7344 = CARTESIAN_POINT('',(26.565,-22.86,5.8));
#7345 = VECTOR('',#7346,1.);
#7346 = DIRECTION('',(0.,0.,1.));
#7347 = CYLINDRICAL_SURFACE('',#7348,1.375);
#7348 = AXIS2_PLACEMENT_3D('',#7349,#7350,#7351);
#7349 = CARTESIAN_POINT('',(27.94,-22.86,5.8));
#7350 = DIRECTION('',(0.,0.,1.));
#7351 = DIRECTION('',(1.,0.,-0.));
#7352 = ADVANCED_FACE('',(#7353),#7364,.F.);
#7353 = FACE_BOUND('',#7354,.F.);
#7354 = EDGE_LOOP('',(#7355,#7361,#7362,#7363));
#7355 = ORIENTED_EDGE('',*,*,#7356,.F.);
#7356 = EDGE_CURVE('',#3994,#1023,#7357,.T.);
#7357 = LINE('',#7358,#7359);
#7358 = CARTESIAN_POINT('',(29.315,-27.94,5.8));
#7359 = VECTOR('',#7360,1.);
#7360 = DIRECTION('',(0.,0.,1.));
#7361 = ORIENTED_EDGE('',*,*,#3993,.T.);
#7362 = ORIENTED_EDGE('',*,*,#7335,.T.);
#7363 = ORIENTED_EDGE('',*,*,#1022,.F.);
#7364 = PLANE('',#7365);
#7365 = AXIS2_PLACEMENT_3D('',#7366,#7367,#7368);
#7366 = CARTESIAN_POINT('',(29.315,-27.94,5.8));
#7367 = DIRECTION('',(1.,0.,-0.));
#7368 = DIRECTION('',(0.,0.,1.));
#7369 = ADVANCED_FACE('',(#7370),#7381,.T.);
#7370 = FACE_BOUND('',#7371,.T.);
#7371 = EDGE_LOOP('',(#7372,#7378,#7379,#7380));
#7372 = ORIENTED_EDGE('',*,*,#7373,.F.);
#7373 = EDGE_CURVE('',#4002,#1031,#7374,.T.);
#7374 = LINE('',#7375,#7376);
#7375 = CARTESIAN_POINT('',(26.565,-27.94,5.8));
#7376 = VECTOR('',#7377,1.);
#7377 = DIRECTION('',(0.,0.,1.));
#7378 = ORIENTED_EDGE('',*,*,#4010,.T.);
#7379 = ORIENTED_EDGE('',*,*,#7342,.T.);
#7380 = ORIENTED_EDGE('',*,*,#1039,.F.);
#7381 = PLANE('',#7382);
#7382 = AXIS2_PLACEMENT_3D('',#7383,#7384,#7385);
#7383 = CARTESIAN_POINT('',(26.565,-27.94,5.8));
#7384 = DIRECTION('',(1.,0.,-0.));
#7385 = DIRECTION('',(0.,0.,1.));
#7386 = ADVANCED_FACE('',(#7387),#7393,.F.);
#7387 = FACE_BOUND('',#7388,.F.);
#7388 = EDGE_LOOP('',(#7389,#7390,#7391,#7392));
#7389 = ORIENTED_EDGE('',*,*,#7356,.T.);
#7390 = ORIENTED_EDGE('',*,*,#1030,.F.);
#7391 = ORIENTED_EDGE('',*,*,#7373,.F.);
#7392 = ORIENTED_EDGE('',*,*,#4001,.T.);
#7393 = CYLINDRICAL_SURFACE('',#7394,1.375);
#7394 = AXIS2_PLACEMENT_3D('',#7395,#7396,#7397);
#7395 = CARTESIAN_POINT('',(27.94,-27.94,5.8));
#7396 = DIRECTION('',(0.,0.,1.));
#7397 = DIRECTION('',(1.,0.,-0.));
#7398 = ADVANCED_FACE('',(#7399),#7415,.F.);
#7399 = FACE_BOUND('',#7400,.F.);
#7400 = EDGE_LOOP('',(#7401,#7402,#7408,#7409));
#7401 = ORIENTED_EDGE('',*,*,#1047,.F.);
#7402 = ORIENTED_EDGE('',*,*,#7403,.F.);
#7403 = EDGE_CURVE('',#4019,#1048,#7404,.T.);
#7404 = LINE('',#7405,#7406);
#7405 = CARTESIAN_POINT('',(2.54,-11.325,5.8));
#7406 = VECTOR('',#7407,1.);
#7407 = DIRECTION('',(0.,0.,1.));
#7408 = ORIENTED_EDGE('',*,*,#4018,.T.);
#7409 = ORIENTED_EDGE('',*,*,#7410,.T.);
#7410 = EDGE_CURVE('',#4021,#1050,#7411,.T.);
#7411 = LINE('',#7412,#7413);
#7412 = CARTESIAN_POINT('',(2.54,-14.075,5.8));
#7413 = VECTOR('',#7414,1.);
#7414 = DIRECTION('',(0.,0.,1.));
#7415 = CYLINDRICAL_SURFACE('',#7416,1.375);
#7416 = AXIS2_PLACEMENT_3D('',#7417,#7418,#7419);
#7417 = CARTESIAN_POINT('',(2.54,-12.7,5.8));
#7418 = DIRECTION('',(0.,0.,1.));
#7419 = DIRECTION('',(1.,0.,-0.));
#7420 = ADVANCED_FACE('',(#7421),#7432,.F.);
#7421 = FACE_BOUND('',#7422,.F.);
#7422 = EDGE_LOOP('',(#7423,#7424,#7425,#7426));
#7423 = ORIENTED_EDGE('',*,*,#4029,.T.);
#7424 = ORIENTED_EDGE('',*,*,#7403,.T.);
#7425 = ORIENTED_EDGE('',*,*,#1058,.F.);
#7426 = ORIENTED_EDGE('',*,*,#7427,.F.);
#7427 = EDGE_CURVE('',#4030,#1059,#7428,.T.);
#7428 = LINE('',#7429,#7430);
#7429 = CARTESIAN_POINT('',(7.62,-11.325,5.8));
#7430 = VECTOR('',#7431,1.);
#7431 = DIRECTION('',(0.,0.,1.));
#7432 = PLANE('',#7433);
#7433 = AXIS2_PLACEMENT_3D('',#7434,#7435,#7436);
#7434 = CARTESIAN_POINT('',(2.54,-11.325,5.8));
#7435 = DIRECTION('',(-0.,1.,0.));
#7436 = DIRECTION('',(0.,0.,1.));
#7437 = ADVANCED_FACE('',(#7438),#7449,.T.);
#7438 = FACE_BOUND('',#7439,.T.);
#7439 = EDGE_LOOP('',(#7440,#7441,#7442,#7443));
#7440 = ORIENTED_EDGE('',*,*,#4055,.T.);
#7441 = ORIENTED_EDGE('',*,*,#7410,.T.);
#7442 = ORIENTED_EDGE('',*,*,#1084,.F.);
#7443 = ORIENTED_EDGE('',*,*,#7444,.F.);
#7444 = EDGE_CURVE('',#4047,#1076,#7445,.T.);
#7445 = LINE('',#7446,#7447);
#7446 = CARTESIAN_POINT('',(7.62,-14.075,5.8));
#7447 = VECTOR('',#7448,1.);
#7448 = DIRECTION('',(0.,0.,1.));
#7449 = PLANE('',#7450);
#7450 = AXIS2_PLACEMENT_3D('',#7451,#7452,#7453);
#7451 = CARTESIAN_POINT('',(2.54,-14.075,5.8));
#7452 = DIRECTION('',(-0.,1.,0.));
#7453 = DIRECTION('',(0.,0.,1.));
#7454 = ADVANCED_FACE('',(#7455),#7471,.F.);
#7455 = FACE_BOUND('',#7456,.F.);
#7456 = EDGE_LOOP('',(#7457,#7458,#7464,#7465));
#7457 = ORIENTED_EDGE('',*,*,#1092,.F.);
#7458 = ORIENTED_EDGE('',*,*,#7459,.F.);
#7459 = EDGE_CURVE('',#4064,#1093,#7460,.T.);
#7460 = LINE('',#7461,#7462);
#7461 = CARTESIAN_POINT('',(7.62,-16.405,5.8));
#7462 = VECTOR('',#7463,1.);
#7463 = DIRECTION('',(0.,0.,1.));
#7464 = ORIENTED_EDGE('',*,*,#4063,.T.);
#7465 = ORIENTED_EDGE('',*,*,#7466,.T.);
#7466 = EDGE_CURVE('',#4066,#1095,#7467,.T.);
#7467 = LINE('',#7468,#7469);
#7468 = CARTESIAN_POINT('',(7.62,-19.155,5.8));
#7469 = VECTOR('',#7470,1.);
#7470 = DIRECTION('',(0.,0.,1.));
#7471 = CYLINDRICAL_SURFACE('',#7472,1.375);
#7472 = AXIS2_PLACEMENT_3D('',#7473,#7474,#7475);
#7473 = CARTESIAN_POINT('',(7.62,-17.78,5.8));
#7474 = DIRECTION('',(0.,0.,1.));
#7475 = DIRECTION('',(1.,0.,-0.));
#7476 = ADVANCED_FACE('',(#7477),#7488,.F.);
#7477 = FACE_BOUND('',#7478,.F.);
#7478 = EDGE_LOOP('',(#7479,#7480,#7481,#7482));
#7479 = ORIENTED_EDGE('',*,*,#4074,.T.);
#7480 = ORIENTED_EDGE('',*,*,#7459,.T.);
#7481 = ORIENTED_EDGE('',*,*,#1103,.F.);
#7482 = ORIENTED_EDGE('',*,*,#7483,.F.);
#7483 = EDGE_CURVE('',#4075,#1104,#7484,.T.);
#7484 = LINE('',#7485,#7486);
#7485 = CARTESIAN_POINT('',(12.7,-16.405,5.8));
#7486 = VECTOR('',#7487,1.);
#7487 = DIRECTION('',(0.,0.,1.));
#7488 = PLANE('',#7489);
#7489 = AXIS2_PLACEMENT_3D('',#7490,#7491,#7492);
#7490 = CARTESIAN_POINT('',(7.62,-16.405,5.8));
#7491 = DIRECTION('',(-0.,1.,0.));
#7492 = DIRECTION('',(0.,0.,1.));
#7493 = ADVANCED_FACE('',(#7494),#7505,.T.);
#7494 = FACE_BOUND('',#7495,.T.);
#7495 = EDGE_LOOP('',(#7496,#7497,#7498,#7499));
#7496 = ORIENTED_EDGE('',*,*,#4100,.T.);
#7497 = ORIENTED_EDGE('',*,*,#7466,.T.);
#7498 = ORIENTED_EDGE('',*,*,#1129,.F.);
#7499 = ORIENTED_EDGE('',*,*,#7500,.F.);
#7500 = EDGE_CURVE('',#4092,#1121,#7501,.T.);
#7501 = LINE('',#7502,#7503);
#7502 = CARTESIAN_POINT('',(12.7,-19.155,5.8));
#7503 = VECTOR('',#7504,1.);
#7504 = DIRECTION('',(0.,0.,1.));
#7505 = PLANE('',#7506);
#7506 = AXIS2_PLACEMENT_3D('',#7507,#7508,#7509);
#7507 = CARTESIAN_POINT('',(7.62,-19.155,5.8));
#7508 = DIRECTION('',(-0.,1.,0.));
#7509 = DIRECTION('',(0.,0.,1.));
#7510 = ADVANCED_FACE('',(#7511),#7527,.F.);
#7511 = FACE_BOUND('',#7512,.F.);
#7512 = EDGE_LOOP('',(#7513,#7514,#7520,#7521));
#7513 = ORIENTED_EDGE('',*,*,#1137,.F.);
#7514 = ORIENTED_EDGE('',*,*,#7515,.F.);
#7515 = EDGE_CURVE('',#4109,#1138,#7516,.T.);
#7516 = LINE('',#7517,#7518);
#7517 = CARTESIAN_POINT('',(14.075,-7.62,5.8));
#7518 = VECTOR('',#7519,1.);
#7519 = DIRECTION('',(0.,0.,1.));
#7520 = ORIENTED_EDGE('',*,*,#4108,.T.);
#7521 = ORIENTED_EDGE('',*,*,#7522,.T.);
#7522 = EDGE_CURVE('',#4111,#1140,#7523,.T.);
#7523 = LINE('',#7524,#7525);
#7524 = CARTESIAN_POINT('',(11.325,-7.62,5.8));
#7525 = VECTOR('',#7526,1.);
#7526 = DIRECTION('',(0.,0.,1.));
#7527 = CYLINDRICAL_SURFACE('',#7528,1.375);
#7528 = AXIS2_PLACEMENT_3D('',#7529,#7530,#7531);
#7529 = CARTESIAN_POINT('',(12.7,-7.62,5.8));
#7530 = DIRECTION('',(0.,0.,1.));
#7531 = DIRECTION('',(1.,0.,-0.));
#7532 = ADVANCED_FACE('',(#7533),#7544,.F.);
#7533 = FACE_BOUND('',#7534,.F.);
#7534 = EDGE_LOOP('',(#7535,#7541,#7542,#7543));
#7535 = ORIENTED_EDGE('',*,*,#7536,.F.);
#7536 = EDGE_CURVE('',#4120,#1149,#7537,.T.);
#7537 = LINE('',#7538,#7539);
#7538 = CARTESIAN_POINT('',(14.075,-12.7,5.8));
#7539 = VECTOR('',#7540,1.);
#7540 = DIRECTION('',(0.,0.,1.));
#7541 = ORIENTED_EDGE('',*,*,#4119,.T.);
#7542 = ORIENTED_EDGE('',*,*,#7515,.T.);
#7543 = ORIENTED_EDGE('',*,*,#1148,.F.);
#7544 = PLANE('',#7545);
#7545 = AXIS2_PLACEMENT_3D('',#7546,#7547,#7548);
#7546 = CARTESIAN_POINT('',(14.075,-12.7,5.8));
#7547 = DIRECTION('',(1.,0.,-0.));
#7548 = DIRECTION('',(0.,0.,1.));
#7549 = ADVANCED_FACE('',(#7550),#7561,.T.);
#7550 = FACE_BOUND('',#7551,.T.);
#7551 = EDGE_LOOP('',(#7552,#7558,#7559,#7560));
#7552 = ORIENTED_EDGE('',*,*,#7553,.F.);
#7553 = EDGE_CURVE('',#4128,#1157,#7554,.T.);
#7554 = LINE('',#7555,#7556);
#7555 = CARTESIAN_POINT('',(11.325,-12.7,5.8));
#7556 = VECTOR('',#7557,1.);
#7557 = DIRECTION('',(0.,0.,1.));
#7558 = ORIENTED_EDGE('',*,*,#4136,.T.);
#7559 = ORIENTED_EDGE('',*,*,#7522,.T.);
#7560 = ORIENTED_EDGE('',*,*,#1165,.F.);
#7561 = PLANE('',#7562);
#7562 = AXIS2_PLACEMENT_3D('',#7563,#7564,#7565);
#7563 = CARTESIAN_POINT('',(11.325,-12.7,5.8));
#7564 = DIRECTION('',(1.,0.,-0.));
#7565 = DIRECTION('',(0.,0.,1.));
#7566 = ADVANCED_FACE('',(#7567),#7573,.F.);
#7567 = FACE_BOUND('',#7568,.F.);
#7568 = EDGE_LOOP('',(#7569,#7570,#7571,#7572));
#7569 = ORIENTED_EDGE('',*,*,#7536,.T.);
#7570 = ORIENTED_EDGE('',*,*,#1156,.F.);
#7571 = ORIENTED_EDGE('',*,*,#7553,.F.);
#7572 = ORIENTED_EDGE('',*,*,#4127,.T.);
#7573 = CYLINDRICAL_SURFACE('',#7574,1.375);
#7574 = AXIS2_PLACEMENT_3D('',#7575,#7576,#7577);
#7575 = CARTESIAN_POINT('',(12.7,-12.7,5.8));
#7576 = DIRECTION('',(0.,0.,1.));
#7577 = DIRECTION('',(1.,0.,-0.));
#7578 = ADVANCED_FACE('',(#7579),#7590,.F.);
#7579 = FACE_BOUND('',#7580,.F.);
#7580 = EDGE_LOOP('',(#7581,#7582,#7588,#7589));
#7581 = ORIENTED_EDGE('',*,*,#1173,.F.);
#7582 = ORIENTED_EDGE('',*,*,#7583,.F.);
#7583 = EDGE_CURVE('',#4181,#1174,#7584,.T.);
#7584 = LINE('',#7585,#7586);
#7585 = CARTESIAN_POINT('',(8.995,-7.62,5.8));
#7586 = VECTOR('',#7587,1.);
#7587 = DIRECTION('',(0.,0.,1.));
#7588 = ORIENTED_EDGE('',*,*,#4180,.T.);
#7589 = ORIENTED_EDGE('',*,*,#7583,.T.);
#7590 = CYLINDRICAL_SURFACE('',#7591,1.375);
#7591 = AXIS2_PLACEMENT_3D('',#7592,#7593,#7594);
#7592 = CARTESIAN_POINT('',(7.62,-7.62,5.8));
#7593 = DIRECTION('',(0.,0.,1.));
#7594 = DIRECTION('',(1.,0.,-0.));
#7595 = ADVANCED_FACE('',(#7596),#7612,.F.);
#7596 = FACE_BOUND('',#7597,.F.);
#7597 = EDGE_LOOP('',(#7598,#7599,#7605,#7606));
#7598 = ORIENTED_EDGE('',*,*,#1184,.F.);
#7599 = ORIENTED_EDGE('',*,*,#7600,.F.);
#7600 = EDGE_CURVE('',#3707,#1185,#7601,.T.);
#7601 = LINE('',#7602,#7603);
#7602 = CARTESIAN_POINT('',(-7.62,-1.165,5.8));
#7603 = VECTOR('',#7604,1.);
#7604 = DIRECTION('',(0.,0.,1.));
#7605 = ORIENTED_EDGE('',*,*,#3706,.T.);
#7606 = ORIENTED_EDGE('',*,*,#7607,.T.);
#7607 = EDGE_CURVE('',#3709,#1187,#7608,.T.);
#7608 = LINE('',#7609,#7610);
#7609 = CARTESIAN_POINT('',(-7.62,-3.915,5.8));
#7610 = VECTOR('',#7611,1.);
#7611 = DIRECTION('',(0.,0.,1.));
#7612 = CYLINDRICAL_SURFACE('',#7613,1.375);
#7613 = AXIS2_PLACEMENT_3D('',#7614,#7615,#7616);
#7614 = CARTESIAN_POINT('',(-7.62,-2.54,5.8));
#7615 = DIRECTION('',(0.,0.,1.));
#7616 = DIRECTION('',(1.,0.,-0.));
#7617 = ADVANCED_FACE('',(#7618),#7637,.T.);
#7618 = FACE_BOUND('',#7619,.T.);
#7619 = EDGE_LOOP('',(#7620,#7621,#7622,#7623,#7631));
#7620 = ORIENTED_EDGE('',*,*,#3743,.T.);
#7621 = ORIENTED_EDGE('',*,*,#7607,.T.);
#7622 = ORIENTED_EDGE('',*,*,#1351,.F.);
#7623 = ORIENTED_EDGE('',*,*,#7624,.F.);
#7624 = EDGE_CURVE('',#7625,#1344,#7627,.T.);
#7625 = VERTEX_POINT('',#7626);
#7626 = CARTESIAN_POINT('',(-2.54,-3.915,9.8));
#7627 = LINE('',#7628,#7629);
#7628 = CARTESIAN_POINT('',(-23.05,-3.915,9.8));
#7629 = VECTOR('',#7630,1.);
#7630 = DIRECTION('',(-1.,-0.,0.));
#7631 = ORIENTED_EDGE('',*,*,#7632,.F.);
#7632 = EDGE_CURVE('',#3735,#7625,#7633,.T.);
#7633 = LINE('',#7634,#7635);
#7634 = CARTESIAN_POINT('',(-2.54,-3.915,5.8));
#7635 = VECTOR('',#7636,1.);
#7636 = DIRECTION('',(0.,0.,1.));
#7637 = PLANE('',#7638);
#7638 = AXIS2_PLACEMENT_3D('',#7639,#7640,#7641);
#7639 = CARTESIAN_POINT('',(-7.62,-3.915,5.8));
#7640 = DIRECTION('',(-0.,1.,0.));
#7641 = DIRECTION('',(0.,0.,1.));
#7642 = ADVANCED_FACE('',(#7643),#7675,.F.);
#7643 = FACE_BOUND('',#7644,.F.);
#7644 = EDGE_LOOP('',(#7645,#7653,#7654,#7660,#7661,#7669));
#7645 = ORIENTED_EDGE('',*,*,#7646,.F.);
#7646 = EDGE_CURVE('',#1336,#7647,#7649,.T.);
#7647 = VERTEX_POINT('',#7648);
#7648 = CARTESIAN_POINT('',(-4.5,-4.5,17.9));
#7649 = LINE('',#7650,#7651);
#7650 = CARTESIAN_POINT('',(-4.5,-4.5,9.8));
#7651 = VECTOR('',#7652,1.);
#7652 = DIRECTION('',(0.,0.,1.));
#7653 = ORIENTED_EDGE('',*,*,#1343,.T.);
#7654 = ORIENTED_EDGE('',*,*,#7655,.T.);
#7655 = EDGE_CURVE('',#1344,#1196,#7656,.T.);
#7656 = LINE('',#7657,#7658);
#7657 = CARTESIAN_POINT('',(-4.5,-4.5,9.8));
#7658 = VECTOR('',#7659,1.);
#7659 = DIRECTION('',(-0.,1.,0.));
#7660 = ORIENTED_EDGE('',*,*,#1203,.T.);
#7661 = ORIENTED_EDGE('',*,*,#7662,.T.);
#7662 = EDGE_CURVE('',#1204,#7663,#7665,.T.);
#7663 = VERTEX_POINT('',#7664);
#7664 = CARTESIAN_POINT('',(-4.5,4.5,17.9));
#7665 = LINE('',#7666,#7667);
#7666 = CARTESIAN_POINT('',(-4.5,4.5,9.8));
#7667 = VECTOR('',#7668,1.);
#7668 = DIRECTION('',(0.,0.,1.));
#7669 = ORIENTED_EDGE('',*,*,#7670,.T.);
#7670 = EDGE_CURVE('',#7663,#7647,#7671,.T.);
#7671 = LINE('',#7672,#7673);
#7672 = CARTESIAN_POINT('',(-4.5,4.5,17.9));
#7673 = VECTOR('',#7674,1.);
#7674 = DIRECTION('',(0.,-1.,0.));
#7675 = PLANE('',#7676);
#7676 = AXIS2_PLACEMENT_3D('',#7677,#7678,#7679);
#7677 = CARTESIAN_POINT('',(-4.5,-4.5,9.8));
#7678 = DIRECTION('',(1.,0.,-0.));
#7679 = DIRECTION('',(0.,0.,1.));
#7680 = ADVANCED_FACE('',(#7681),#7706,.F.);
#7681 = FACE_BOUND('',#7682,.F.);
#7682 = EDGE_LOOP('',(#7683,#7691,#7692,#7698,#7699,#7700));
#7683 = ORIENTED_EDGE('',*,*,#7684,.F.);
#7684 = EDGE_CURVE('',#1295,#7685,#7687,.T.);
#7685 = VERTEX_POINT('',#7686);
#7686 = CARTESIAN_POINT('',(4.5,-4.5,17.9));
#7687 = LINE('',#7688,#7689);
#7688 = CARTESIAN_POINT('',(4.5,-4.5,9.8));
#7689 = VECTOR('',#7690,1.);
#7690 = DIRECTION('',(0.,0.,1.));
#7691 = ORIENTED_EDGE('',*,*,#1302,.F.);
#7692 = ORIENTED_EDGE('',*,*,#7693,.F.);
#7693 = EDGE_CURVE('',#1328,#1303,#7694,.T.);
#7694 = LINE('',#7695,#7696);
#7695 = CARTESIAN_POINT('',(-4.5,-4.5,9.8));
#7696 = VECTOR('',#7697,1.);
#7697 = DIRECTION('',(1.,0.,-0.));
#7698 = ORIENTED_EDGE('',*,*,#1335,.F.);
#7699 = ORIENTED_EDGE('',*,*,#7646,.T.);
#7700 = ORIENTED_EDGE('',*,*,#7701,.T.);
#7701 = EDGE_CURVE('',#7647,#7685,#7702,.T.);
#7702 = LINE('',#7703,#7704);
#7703 = CARTESIAN_POINT('',(-4.5,-4.5,17.9));
#7704 = VECTOR('',#7705,1.);
#7705 = DIRECTION('',(1.,0.,0.));
#7706 = PLANE('',#7707);
#7707 = AXIS2_PLACEMENT_3D('',#7708,#7709,#7710);
#7708 = CARTESIAN_POINT('',(-4.5,-4.5,9.8));
#7709 = DIRECTION('',(-0.,1.,0.));
#7710 = DIRECTION('',(0.,0.,1.));
#7711 = ADVANCED_FACE('',(#7712),#7736,.T.);
#7712 = FACE_BOUND('',#7713,.T.);
#7713 = EDGE_LOOP('',(#7714,#7720,#7721,#7729,#7735));
#7714 = ORIENTED_EDGE('',*,*,#7715,.F.);
#7715 = EDGE_CURVE('',#4164,#1319,#7716,.T.);
#7716 = LINE('',#7717,#7718);
#7717 = CARTESIAN_POINT('',(1.165,-7.62,5.8));
#7718 = VECTOR('',#7719,1.);
#7719 = DIRECTION('',(0.,0.,1.));
#7720 = ORIENTED_EDGE('',*,*,#4172,.T.);
#7721 = ORIENTED_EDGE('',*,*,#7722,.T.);
#7722 = EDGE_CURVE('',#4147,#7723,#7725,.T.);
#7723 = VERTEX_POINT('',#7724);
#7724 = CARTESIAN_POINT('',(1.165,-2.54,9.8));
#7725 = LINE('',#7726,#7727);
#7726 = CARTESIAN_POINT('',(1.165,-2.54,5.8));
#7727 = VECTOR('',#7728,1.);
#7728 = DIRECTION('',(0.,0.,1.));
#7729 = ORIENTED_EDGE('',*,*,#7730,.F.);
#7730 = EDGE_CURVE('',#1328,#7723,#7731,.T.);
#7731 = LINE('',#7732,#7733);
#7732 = CARTESIAN_POINT('',(1.165,-23.05,9.8));
#7733 = VECTOR('',#7734,1.);
#7734 = DIRECTION('',(-0.,1.,0.));
#7735 = ORIENTED_EDGE('',*,*,#1327,.F.);
#7736 = PLANE('',#7737);
#7737 = AXIS2_PLACEMENT_3D('',#7738,#7739,#7740);
#7738 = CARTESIAN_POINT('',(1.165,-7.62,5.8));
#7739 = DIRECTION('',(1.,0.,-0.));
#7740 = DIRECTION('',(0.,0.,1.));
#7741 = ADVANCED_FACE('',(#7742),#7753,.F.);
#7742 = FACE_BOUND('',#7743,.F.);
#7743 = EDGE_LOOP('',(#7744,#7750,#7751,#7752));
#7744 = ORIENTED_EDGE('',*,*,#7745,.T.);
#7745 = EDGE_CURVE('',#4156,#1311,#7746,.T.);
#7746 = LINE('',#7747,#7748);
#7747 = CARTESIAN_POINT('',(3.915,-7.62,5.8));
#7748 = VECTOR('',#7749,1.);
#7749 = DIRECTION('',(0.,0.,1.));
#7750 = ORIENTED_EDGE('',*,*,#1318,.F.);
#7751 = ORIENTED_EDGE('',*,*,#7715,.F.);
#7752 = ORIENTED_EDGE('',*,*,#4163,.T.);
#7753 = CYLINDRICAL_SURFACE('',#7754,1.375);
#7754 = AXIS2_PLACEMENT_3D('',#7755,#7756,#7757);
#7755 = CARTESIAN_POINT('',(2.54,-7.62,5.8));
#7756 = DIRECTION('',(0.,0.,1.));
#7757 = DIRECTION('',(1.,0.,-0.));
#7758 = ADVANCED_FACE('',(#7759),#7778,.F.);
#7759 = FACE_BOUND('',#7760,.F.);
#7760 = EDGE_LOOP('',(#7761,#7762,#7763,#7771,#7777));
#7761 = ORIENTED_EDGE('',*,*,#7745,.F.);
#7762 = ORIENTED_EDGE('',*,*,#4155,.T.);
#7763 = ORIENTED_EDGE('',*,*,#7764,.T.);
#7764 = EDGE_CURVE('',#4145,#7765,#7767,.T.);
#7765 = VERTEX_POINT('',#7766);
#7766 = CARTESIAN_POINT('',(3.915,-2.54,9.8));
#7767 = LINE('',#7768,#7769);
#7768 = CARTESIAN_POINT('',(3.915,-2.54,5.8));
#7769 = VECTOR('',#7770,1.);
#7770 = DIRECTION('',(0.,0.,1.));
#7771 = ORIENTED_EDGE('',*,*,#7772,.F.);
#7772 = EDGE_CURVE('',#1303,#7765,#7773,.T.);
#7773 = LINE('',#7774,#7775);
#7774 = CARTESIAN_POINT('',(3.915,-23.05,9.8));
#7775 = VECTOR('',#7776,1.);
#7776 = DIRECTION('',(-0.,1.,0.));
#7777 = ORIENTED_EDGE('',*,*,#1310,.F.);
#7778 = PLANE('',#7779);
#7779 = AXIS2_PLACEMENT_3D('',#7780,#7781,#7782);
#7780 = CARTESIAN_POINT('',(3.915,-7.62,5.8));
#7781 = DIRECTION('',(1.,0.,-0.));
#7782 = DIRECTION('',(0.,0.,1.));
#7783 = ADVANCED_FACE('',(#7784),#7809,.T.);
#7784 = FACE_BOUND('',#7785,.T.);
#7785 = EDGE_LOOP('',(#7786,#7787,#7788,#7794,#7795,#7803));
#7786 = ORIENTED_EDGE('',*,*,#7684,.F.);
#7787 = ORIENTED_EDGE('',*,*,#1294,.T.);
#7788 = ORIENTED_EDGE('',*,*,#7789,.T.);
#7789 = EDGE_CURVE('',#1287,#1253,#7790,.T.);
#7790 = LINE('',#7791,#7792);
#7791 = CARTESIAN_POINT('',(4.5,-4.5,9.8));
#7792 = VECTOR('',#7793,1.);
#7793 = DIRECTION('',(-0.,1.,0.));
#7794 = ORIENTED_EDGE('',*,*,#1252,.T.);
#7795 = ORIENTED_EDGE('',*,*,#7796,.T.);
#7796 = EDGE_CURVE('',#1245,#7797,#7799,.T.);
#7797 = VERTEX_POINT('',#7798);
#7798 = CARTESIAN_POINT('',(4.5,4.5,17.9));
#7799 = LINE('',#7800,#7801);
#7800 = CARTESIAN_POINT('',(4.5,4.5,9.8));
#7801 = VECTOR('',#7802,1.);
#7802 = DIRECTION('',(0.,0.,1.));
#7803 = ORIENTED_EDGE('',*,*,#7804,.F.);
#7804 = EDGE_CURVE('',#7685,#7797,#7805,.T.);
#7805 = LINE('',#7806,#7807);
#7806 = CARTESIAN_POINT('',(4.5,-4.5,17.9));
#7807 = VECTOR('',#7808,1.);
#7808 = DIRECTION('',(0.,1.,0.));
#7809 = PLANE('',#7810);
#7810 = AXIS2_PLACEMENT_3D('',#7811,#7812,#7813);
#7811 = CARTESIAN_POINT('',(4.5,-4.5,9.8));
#7812 = DIRECTION('',(1.,0.,-0.));
#7813 = DIRECTION('',(0.,0.,1.));
#7814 = ADVANCED_FACE('',(#7815),#7839,.T.);
#7815 = FACE_BOUND('',#7816,.T.);
#7816 = EDGE_LOOP('',(#7817,#7818,#7826,#7832,#7833));
#7817 = ORIENTED_EDGE('',*,*,#5194,.T.);
#7818 = ORIENTED_EDGE('',*,*,#7819,.T.);
#7819 = EDGE_CURVE('',#5160,#7820,#7822,.T.);
#7820 = VERTEX_POINT('',#7821);
#7821 = CARTESIAN_POINT('',(2.54,1.165,9.8));
#7822 = LINE('',#7823,#7824);
#7823 = CARTESIAN_POINT('',(2.54,1.165,5.8));
#7824 = VECTOR('',#7825,1.);
#7825 = DIRECTION('',(0.,0.,1.));
#7826 = ORIENTED_EDGE('',*,*,#7827,.F.);
#7827 = EDGE_CURVE('',#1287,#7820,#7828,.T.);
#7828 = LINE('',#7829,#7830);
#7829 = CARTESIAN_POINT('',(-17.97,1.165,9.8));
#7830 = VECTOR('',#7831,1.);
#7831 = DIRECTION('',(-1.,-0.,0.));
#7832 = ORIENTED_EDGE('',*,*,#1286,.F.);
#7833 = ORIENTED_EDGE('',*,*,#7834,.F.);
#7834 = EDGE_CURVE('',#5186,#1278,#7835,.T.);
#7835 = LINE('',#7836,#7837);
#7836 = CARTESIAN_POINT('',(7.62,1.165,5.8));
#7837 = VECTOR('',#7838,1.);
#7838 = DIRECTION('',(0.,0.,1.));
#7839 = PLANE('',#7840);
#7840 = AXIS2_PLACEMENT_3D('',#7841,#7842,#7843);
#7841 = CARTESIAN_POINT('',(2.54,1.165,5.8));
#7842 = DIRECTION('',(-0.,1.,0.));
#7843 = DIRECTION('',(0.,0.,1.));
#7844 = ADVANCED_FACE('',(#7845),#7869,.F.);
#7845 = FACE_BOUND('',#7846,.F.);
#7846 = EDGE_LOOP('',(#7847,#7848,#7856,#7862,#7863));
#7847 = ORIENTED_EDGE('',*,*,#5168,.T.);
#7848 = ORIENTED_EDGE('',*,*,#7849,.T.);
#7849 = EDGE_CURVE('',#5158,#7850,#7852,.T.);
#7850 = VERTEX_POINT('',#7851);
#7851 = CARTESIAN_POINT('',(2.54,3.915,9.8));
#7852 = LINE('',#7853,#7854);
#7853 = CARTESIAN_POINT('',(2.54,3.915,5.8));
#7854 = VECTOR('',#7855,1.);
#7855 = DIRECTION('',(0.,0.,1.));
#7856 = ORIENTED_EDGE('',*,*,#7857,.F.);
#7857 = EDGE_CURVE('',#1253,#7850,#7858,.T.);
#7858 = LINE('',#7859,#7860);
#7859 = CARTESIAN_POINT('',(-17.97,3.915,9.8));
#7860 = VECTOR('',#7861,1.);
#7861 = DIRECTION('',(-1.,-0.,0.));
#7862 = ORIENTED_EDGE('',*,*,#1260,.F.);
#7863 = ORIENTED_EDGE('',*,*,#7864,.F.);
#7864 = EDGE_CURVE('',#5169,#1261,#7865,.T.);
#7865 = LINE('',#7866,#7867);
#7866 = CARTESIAN_POINT('',(7.62,3.915,5.8));
#7867 = VECTOR('',#7868,1.);
#7868 = DIRECTION('',(0.,0.,1.));
#7869 = PLANE('',#7870);
#7870 = AXIS2_PLACEMENT_3D('',#7871,#7872,#7873);
#7871 = CARTESIAN_POINT('',(2.54,3.915,5.8));
#7872 = DIRECTION('',(-0.,1.,0.));
#7873 = DIRECTION('',(0.,0.,1.));
#7874 = ADVANCED_FACE('',(#7875),#7893,.T.);
#7875 = FACE_BOUND('',#7876,.T.);
#7876 = EDGE_LOOP('',(#7877,#7878,#7879,#7885,#7886,#7887));
#7877 = ORIENTED_EDGE('',*,*,#7796,.F.);
#7878 = ORIENTED_EDGE('',*,*,#1244,.F.);
#7879 = ORIENTED_EDGE('',*,*,#7880,.F.);
#7880 = EDGE_CURVE('',#1212,#1237,#7881,.T.);
#7881 = LINE('',#7882,#7883);
#7882 = CARTESIAN_POINT('',(-4.5,4.5,9.8));
#7883 = VECTOR('',#7884,1.);
#7884 = DIRECTION('',(1.,0.,-0.));
#7885 = ORIENTED_EDGE('',*,*,#1211,.F.);
#7886 = ORIENTED_EDGE('',*,*,#7662,.T.);
#7887 = ORIENTED_EDGE('',*,*,#7888,.F.);
#7888 = EDGE_CURVE('',#7797,#7663,#7889,.T.);
#7889 = LINE('',#7890,#7891);
#7890 = CARTESIAN_POINT('',(4.5,4.5,17.9));
#7891 = VECTOR('',#7892,1.);
#7892 = DIRECTION('',(-1.,0.,0.));
#7893 = PLANE('',#7894);
#7894 = AXIS2_PLACEMENT_3D('',#7895,#7896,#7897);
#7895 = CARTESIAN_POINT('',(-4.5,4.5,9.8));
#7896 = DIRECTION('',(-0.,1.,0.));
#7897 = DIRECTION('',(0.,0.,1.));
#7898 = ADVANCED_FACE('',(#7899),#7923,.F.);
#7899 = FACE_BOUND('',#7900,.F.);
#7900 = EDGE_LOOP('',(#7901,#7909,#7910,#7916,#7917));
#7901 = ORIENTED_EDGE('',*,*,#7902,.F.);
#7902 = EDGE_CURVE('',#4740,#7903,#7905,.T.);
#7903 = VERTEX_POINT('',#7904);
#7904 = CARTESIAN_POINT('',(-1.165,2.54,9.8));
#7905 = LINE('',#7906,#7907);
#7906 = CARTESIAN_POINT('',(-1.165,2.54,5.8));
#7907 = VECTOR('',#7908,1.);
#7908 = DIRECTION('',(0.,0.,1.));
#7909 = ORIENTED_EDGE('',*,*,#4739,.T.);
#7910 = ORIENTED_EDGE('',*,*,#7911,.T.);
#7911 = EDGE_CURVE('',#4729,#1228,#7912,.T.);
#7912 = LINE('',#7913,#7914);
#7913 = CARTESIAN_POINT('',(-1.165,7.62,5.8));
#7914 = VECTOR('',#7915,1.);
#7915 = DIRECTION('',(0.,0.,1.));
#7916 = ORIENTED_EDGE('',*,*,#1236,.F.);
#7917 = ORIENTED_EDGE('',*,*,#7918,.F.);
#7918 = EDGE_CURVE('',#7903,#1237,#7919,.T.);
#7919 = LINE('',#7920,#7921);
#7920 = CARTESIAN_POINT('',(-1.165,-17.97,9.8));
#7921 = VECTOR('',#7922,1.);
#7922 = DIRECTION('',(-0.,1.,0.));
#7923 = PLANE('',#7924);
#7924 = AXIS2_PLACEMENT_3D('',#7925,#7926,#7927);
#7925 = CARTESIAN_POINT('',(-1.165,2.54,5.8));
#7926 = DIRECTION('',(1.,0.,-0.));
#7927 = DIRECTION('',(0.,0.,1.));
#7928 = ADVANCED_FACE('',(#7929),#7940,.F.);
#7929 = FACE_BOUND('',#7930,.F.);
#7930 = EDGE_LOOP('',(#7931,#7932,#7933,#7934));
#7931 = ORIENTED_EDGE('',*,*,#1227,.F.);
#7932 = ORIENTED_EDGE('',*,*,#7911,.F.);
#7933 = ORIENTED_EDGE('',*,*,#4728,.T.);
#7934 = ORIENTED_EDGE('',*,*,#7935,.T.);
#7935 = EDGE_CURVE('',#4731,#1220,#7936,.T.);
#7936 = LINE('',#7937,#7938);
#7937 = CARTESIAN_POINT('',(-3.915,7.62,5.8));
#7938 = VECTOR('',#7939,1.);
#7939 = DIRECTION('',(0.,0.,1.));
#7940 = CYLINDRICAL_SURFACE('',#7941,1.375);
#7941 = AXIS2_PLACEMENT_3D('',#7942,#7943,#7944);
#7942 = CARTESIAN_POINT('',(-2.54,7.62,5.8));
#7943 = DIRECTION('',(0.,0.,1.));
#7944 = DIRECTION('',(1.,0.,-0.));
#7945 = ADVANCED_FACE('',(#7946),#7965,.T.);
#7946 = FACE_BOUND('',#7947,.T.);
#7947 = EDGE_LOOP('',(#7948,#7956,#7957,#7958,#7959));
#7948 = ORIENTED_EDGE('',*,*,#7949,.F.);
#7949 = EDGE_CURVE('',#4748,#7950,#7952,.T.);
#7950 = VERTEX_POINT('',#7951);
#7951 = CARTESIAN_POINT('',(-3.915,2.54,9.8));
#7952 = LINE('',#7953,#7954);
#7953 = CARTESIAN_POINT('',(-3.915,2.54,5.8));
#7954 = VECTOR('',#7955,1.);
#7955 = DIRECTION('',(0.,0.,1.));
#7956 = ORIENTED_EDGE('',*,*,#4756,.T.);
#7957 = ORIENTED_EDGE('',*,*,#7935,.T.);
#7958 = ORIENTED_EDGE('',*,*,#1219,.F.);
#7959 = ORIENTED_EDGE('',*,*,#7960,.F.);
#7960 = EDGE_CURVE('',#7950,#1212,#7961,.T.);
#7961 = LINE('',#7962,#7963);
#7962 = CARTESIAN_POINT('',(-3.915,-17.97,9.8));
#7963 = VECTOR('',#7964,1.);
#7964 = DIRECTION('',(-0.,1.,0.));
#7965 = PLANE('',#7966);
#7966 = AXIS2_PLACEMENT_3D('',#7967,#7968,#7969);
#7967 = CARTESIAN_POINT('',(-3.915,2.54,5.8));
#7968 = DIRECTION('',(1.,0.,-0.));
#7969 = DIRECTION('',(0.,0.,1.));
#7970 = ADVANCED_FACE('',(#7971),#7990,.F.);
#7971 = FACE_BOUND('',#7972,.F.);
#7972 = EDGE_LOOP('',(#7973,#7974,#7975,#7976,#7984));
#7973 = ORIENTED_EDGE('',*,*,#3717,.T.);
#7974 = ORIENTED_EDGE('',*,*,#7600,.T.);
#7975 = ORIENTED_EDGE('',*,*,#1195,.F.);
#7976 = ORIENTED_EDGE('',*,*,#7977,.F.);
#7977 = EDGE_CURVE('',#7978,#1196,#7980,.T.);
#7978 = VERTEX_POINT('',#7979);
#7979 = CARTESIAN_POINT('',(-2.54,-1.165,9.8));
#7980 = LINE('',#7981,#7982);
#7981 = CARTESIAN_POINT('',(-23.05,-1.165,9.8));
#7982 = VECTOR('',#7983,1.);
#7983 = DIRECTION('',(-1.,-0.,0.));
#7984 = ORIENTED_EDGE('',*,*,#7985,.F.);
#7985 = EDGE_CURVE('',#3718,#7978,#7986,.T.);
#7986 = LINE('',#7987,#7988);
#7987 = CARTESIAN_POINT('',(-2.54,-1.165,5.8));
#7988 = VECTOR('',#7989,1.);
#7989 = DIRECTION('',(0.,0.,1.));
#7990 = PLANE('',#7991);
#7991 = AXIS2_PLACEMENT_3D('',#7992,#7993,#7994);
#7992 = CARTESIAN_POINT('',(-7.62,-1.165,5.8));
#7993 = DIRECTION('',(-0.,1.,0.));
#7994 = DIRECTION('',(0.,0.,1.));
#7995 = ADVANCED_FACE('',(#7996),#8012,.F.);
#7996 = FACE_BOUND('',#7997,.F.);
#7997 = EDGE_LOOP('',(#7998,#7999,#8005,#8006));
#7998 = ORIENTED_EDGE('',*,*,#1359,.F.);
#7999 = ORIENTED_EDGE('',*,*,#8000,.F.);
#8000 = EDGE_CURVE('',#4192,#1360,#8001,.T.);
#8001 = LINE('',#8002,#8003);
#8002 = CARTESIAN_POINT('',(19.155,-2.54,5.8));
#8003 = VECTOR('',#8004,1.);
#8004 = DIRECTION('',(0.,0.,1.));
#8005 = ORIENTED_EDGE('',*,*,#4191,.T.);
#8006 = ORIENTED_EDGE('',*,*,#8007,.T.);
#8007 = EDGE_CURVE('',#4194,#1362,#8008,.T.);
#8008 = LINE('',#8009,#8010);
#8009 = CARTESIAN_POINT('',(16.405,-2.54,5.8));
#8010 = VECTOR('',#8011,1.);
#8011 = DIRECTION('',(0.,0.,1.));
#8012 = CYLINDRICAL_SURFACE('',#8013,1.375);
#8013 = AXIS2_PLACEMENT_3D('',#8014,#8015,#8016);
#8014 = CARTESIAN_POINT('',(17.78,-2.54,5.8));
#8015 = DIRECTION('',(0.,0.,1.));
#8016 = DIRECTION('',(1.,0.,-0.));
#8017 = ADVANCED_FACE('',(#8018),#8029,.F.);
#8018 = FACE_BOUND('',#8019,.F.);
#8019 = EDGE_LOOP('',(#8020,#8026,#8027,#8028));
#8020 = ORIENTED_EDGE('',*,*,#8021,.F.);
#8021 = EDGE_CURVE('',#4203,#1371,#8022,.T.);
#8022 = LINE('',#8023,#8024);
#8023 = CARTESIAN_POINT('',(19.155,-7.62,5.8));
#8024 = VECTOR('',#8025,1.);
#8025 = DIRECTION('',(0.,0.,1.));
#8026 = ORIENTED_EDGE('',*,*,#4202,.T.);
#8027 = ORIENTED_EDGE('',*,*,#8000,.T.);
#8028 = ORIENTED_EDGE('',*,*,#1370,.F.);
#8029 = PLANE('',#8030);
#8030 = AXIS2_PLACEMENT_3D('',#8031,#8032,#8033);
#8031 = CARTESIAN_POINT('',(19.155,-7.62,5.8));
#8032 = DIRECTION('',(1.,0.,-0.));
#8033 = DIRECTION('',(0.,0.,1.));
#8034 = ADVANCED_FACE('',(#8035),#8046,.T.);
#8035 = FACE_BOUND('',#8036,.T.);
#8036 = EDGE_LOOP('',(#8037,#8043,#8044,#8045));
#8037 = ORIENTED_EDGE('',*,*,#8038,.F.);
#8038 = EDGE_CURVE('',#4211,#1379,#8039,.T.);
#8039 = LINE('',#8040,#8041);
#8040 = CARTESIAN_POINT('',(16.405,-7.62,5.8));
#8041 = VECTOR('',#8042,1.);
#8042 = DIRECTION('',(0.,0.,1.));
#8043 = ORIENTED_EDGE('',*,*,#4219,.T.);
#8044 = ORIENTED_EDGE('',*,*,#8007,.T.);
#8045 = ORIENTED_EDGE('',*,*,#1387,.F.);
#8046 = PLANE('',#8047);
#8047 = AXIS2_PLACEMENT_3D('',#8048,#8049,#8050);
#8048 = CARTESIAN_POINT('',(16.405,-7.62,5.8));
#8049 = DIRECTION('',(1.,0.,-0.));
#8050 = DIRECTION('',(0.,0.,1.));
#8051 = ADVANCED_FACE('',(#8052),#8058,.F.);
#8052 = FACE_BOUND('',#8053,.F.);
#8053 = EDGE_LOOP('',(#8054,#8055,#8056,#8057));
#8054 = ORIENTED_EDGE('',*,*,#8021,.T.);
#8055 = ORIENTED_EDGE('',*,*,#1378,.F.);
#8056 = ORIENTED_EDGE('',*,*,#8038,.F.);
#8057 = ORIENTED_EDGE('',*,*,#4210,.T.);
#8058 = CYLINDRICAL_SURFACE('',#8059,1.375);
#8059 = AXIS2_PLACEMENT_3D('',#8060,#8061,#8062);
#8060 = CARTESIAN_POINT('',(17.78,-7.62,5.8));
#8061 = DIRECTION('',(0.,0.,1.));
#8062 = DIRECTION('',(1.,0.,-0.));
#8063 = ADVANCED_FACE('',(#8064),#8080,.F.);
#8064 = FACE_BOUND('',#8065,.F.);
#8065 = EDGE_LOOP('',(#8066,#8067,#8073,#8074));
#8066 = ORIENTED_EDGE('',*,*,#1395,.F.);
#8067 = ORIENTED_EDGE('',*,*,#8068,.F.);
#8068 = EDGE_CURVE('',#4228,#1396,#8069,.T.);
#8069 = LINE('',#8070,#8071);
#8070 = CARTESIAN_POINT('',(7.62,-1.165,5.8));
#8071 = VECTOR('',#8072,1.);
#8072 = DIRECTION('',(0.,0.,1.));
#8073 = ORIENTED_EDGE('',*,*,#4227,.T.);
#8074 = ORIENTED_EDGE('',*,*,#8075,.T.);
#8075 = EDGE_CURVE('',#4230,#1398,#8076,.T.);
#8076 = LINE('',#8077,#8078);
#8077 = CARTESIAN_POINT('',(7.62,-3.915,5.8));
#8078 = VECTOR('',#8079,1.);
#8079 = DIRECTION('',(0.,0.,1.));
#8080 = CYLINDRICAL_SURFACE('',#8081,1.375);
#8081 = AXIS2_PLACEMENT_3D('',#8082,#8083,#8084);
#8082 = CARTESIAN_POINT('',(7.62,-2.54,5.8));
#8083 = DIRECTION('',(0.,0.,1.));
#8084 = DIRECTION('',(1.,0.,-0.));
#8085 = ADVANCED_FACE('',(#8086),#8097,.F.);
#8086 = FACE_BOUND('',#8087,.F.);
#8087 = EDGE_LOOP('',(#8088,#8089,#8090,#8091));
#8088 = ORIENTED_EDGE('',*,*,#4238,.T.);
#8089 = ORIENTED_EDGE('',*,*,#8068,.T.);
#8090 = ORIENTED_EDGE('',*,*,#1406,.F.);
#8091 = ORIENTED_EDGE('',*,*,#8092,.F.);
#8092 = EDGE_CURVE('',#4239,#1407,#8093,.T.);
#8093 = LINE('',#8094,#8095);
#8094 = CARTESIAN_POINT('',(12.7,-1.165,5.8));
#8095 = VECTOR('',#8096,1.);
#8096 = DIRECTION('',(0.,0.,1.));
#8097 = PLANE('',#8098);
#8098 = AXIS2_PLACEMENT_3D('',#8099,#8100,#8101);
#8099 = CARTESIAN_POINT('',(7.62,-1.165,5.8));
#8100 = DIRECTION('',(-0.,1.,0.));
#8101 = DIRECTION('',(0.,0.,1.));
#8102 = ADVANCED_FACE('',(#8103),#8114,.T.);
#8103 = FACE_BOUND('',#8104,.T.);
#8104 = EDGE_LOOP('',(#8105,#8106,#8107,#8108));
#8105 = ORIENTED_EDGE('',*,*,#4264,.T.);
#8106 = ORIENTED_EDGE('',*,*,#8075,.T.);
#8107 = ORIENTED_EDGE('',*,*,#1432,.F.);
#8108 = ORIENTED_EDGE('',*,*,#8109,.F.);
#8109 = EDGE_CURVE('',#4256,#1424,#8110,.T.);
#8110 = LINE('',#8111,#8112);
#8111 = CARTESIAN_POINT('',(12.7,-3.915,5.8));
#8112 = VECTOR('',#8113,1.);
#8113 = DIRECTION('',(0.,0.,1.));
#8114 = PLANE('',#8115);
#8115 = AXIS2_PLACEMENT_3D('',#8116,#8117,#8118);
#8116 = CARTESIAN_POINT('',(7.62,-3.915,5.8));
#8117 = DIRECTION('',(-0.,1.,0.));
#8118 = DIRECTION('',(0.,0.,1.));
#8119 = ADVANCED_FACE('',(#8120),#8136,.F.);
#8120 = FACE_BOUND('',#8121,.F.);
#8121 = EDGE_LOOP('',(#8122,#8123,#8129,#8130));
#8122 = ORIENTED_EDGE('',*,*,#1440,.F.);
#8123 = ORIENTED_EDGE('',*,*,#8124,.F.);
#8124 = EDGE_CURVE('',#4273,#1441,#8125,.T.);
#8125 = LINE('',#8126,#8127);
#8126 = CARTESIAN_POINT('',(22.86,-16.405,5.8));
#8127 = VECTOR('',#8128,1.);
#8128 = DIRECTION('',(0.,0.,1.));
#8129 = ORIENTED_EDGE('',*,*,#4272,.T.);
#8130 = ORIENTED_EDGE('',*,*,#8131,.T.);
#8131 = EDGE_CURVE('',#4275,#1443,#8132,.T.);
#8132 = LINE('',#8133,#8134);
#8133 = CARTESIAN_POINT('',(22.86,-19.155,5.8));
#8134 = VECTOR('',#8135,1.);
#8135 = DIRECTION('',(0.,0.,1.));
#8136 = CYLINDRICAL_SURFACE('',#8137,1.375);
#8137 = AXIS2_PLACEMENT_3D('',#8138,#8139,#8140);
#8138 = CARTESIAN_POINT('',(22.86,-17.78,5.8));
#8139 = DIRECTION('',(0.,0.,1.));
#8140 = DIRECTION('',(1.,0.,-0.));
#8141 = ADVANCED_FACE('',(#8142),#8153,.F.);
#8142 = FACE_BOUND('',#8143,.F.);
#8143 = EDGE_LOOP('',(#8144,#8145,#8146,#8147));
#8144 = ORIENTED_EDGE('',*,*,#4283,.T.);
#8145 = ORIENTED_EDGE('',*,*,#8124,.T.);
#8146 = ORIENTED_EDGE('',*,*,#1451,.F.);
#8147 = ORIENTED_EDGE('',*,*,#8148,.F.);
#8148 = EDGE_CURVE('',#4284,#1452,#8149,.T.);
#8149 = LINE('',#8150,#8151);
#8150 = CARTESIAN_POINT('',(27.94,-16.405,5.8));
#8151 = VECTOR('',#8152,1.);
#8152 = DIRECTION('',(0.,0.,1.));
#8153 = PLANE('',#8154);
#8154 = AXIS2_PLACEMENT_3D('',#8155,#8156,#8157);
#8155 = CARTESIAN_POINT('',(22.86,-16.405,5.8));
#8156 = DIRECTION('',(-0.,1.,0.));
#8157 = DIRECTION('',(0.,0.,1.));
#8158 = ADVANCED_FACE('',(#8159),#8170,.T.);
#8159 = FACE_BOUND('',#8160,.T.);
#8160 = EDGE_LOOP('',(#8161,#8162,#8163,#8164));
#8161 = ORIENTED_EDGE('',*,*,#4309,.T.);
#8162 = ORIENTED_EDGE('',*,*,#8131,.T.);
#8163 = ORIENTED_EDGE('',*,*,#1477,.F.);
#8164 = ORIENTED_EDGE('',*,*,#8165,.F.);
#8165 = EDGE_CURVE('',#4301,#1469,#8166,.T.);
#8166 = LINE('',#8167,#8168);
#8167 = CARTESIAN_POINT('',(27.94,-19.155,5.8));
#8168 = VECTOR('',#8169,1.);
#8169 = DIRECTION('',(0.,0.,1.));
#8170 = PLANE('',#8171);
#8171 = AXIS2_PLACEMENT_3D('',#8172,#8173,#8174);
#8172 = CARTESIAN_POINT('',(22.86,-19.155,5.8));
#8173 = DIRECTION('',(-0.,1.,0.));
#8174 = DIRECTION('',(0.,0.,1.));
#8175 = ADVANCED_FACE('',(#8176),#8192,.F.);
#8176 = FACE_BOUND('',#8177,.F.);
#8177 = EDGE_LOOP('',(#8178,#8179,#8185,#8186));
#8178 = ORIENTED_EDGE('',*,*,#1485,.F.);
#8179 = ORIENTED_EDGE('',*,*,#8180,.F.);
#8180 = EDGE_CURVE('',#4318,#1486,#8181,.T.);
#8181 = LINE('',#8182,#8183);
#8182 = CARTESIAN_POINT('',(17.78,-11.325,5.8));
#8183 = VECTOR('',#8184,1.);
#8184 = DIRECTION('',(0.,0.,1.));
#8185 = ORIENTED_EDGE('',*,*,#4317,.T.);
#8186 = ORIENTED_EDGE('',*,*,#8187,.T.);
#8187 = EDGE_CURVE('',#4320,#1488,#8188,.T.);
#8188 = LINE('',#8189,#8190);
#8189 = CARTESIAN_POINT('',(17.78,-14.075,5.8));
#8190 = VECTOR('',#8191,1.);
#8191 = DIRECTION('',(0.,0.,1.));
#8192 = CYLINDRICAL_SURFACE('',#8193,1.375);
#8193 = AXIS2_PLACEMENT_3D('',#8194,#8195,#8196);
#8194 = CARTESIAN_POINT('',(17.78,-12.7,5.8));
#8195 = DIRECTION('',(0.,0.,1.));
#8196 = DIRECTION('',(1.,0.,-0.));
#8197 = ADVANCED_FACE('',(#8198),#8209,.F.);
#8198 = FACE_BOUND('',#8199,.F.);
#8199 = EDGE_LOOP('',(#8200,#8201,#8202,#8203));
#8200 = ORIENTED_EDGE('',*,*,#4328,.T.);
#8201 = ORIENTED_EDGE('',*,*,#8180,.T.);
#8202 = ORIENTED_EDGE('',*,*,#1496,.F.);
#8203 = ORIENTED_EDGE('',*,*,#8204,.F.);
#8204 = EDGE_CURVE('',#4329,#1497,#8205,.T.);
#8205 = LINE('',#8206,#8207);
#8206 = CARTESIAN_POINT('',(22.86,-11.325,5.8));
#8207 = VECTOR('',#8208,1.);
#8208 = DIRECTION('',(0.,0.,1.));
#8209 = PLANE('',#8210);
#8210 = AXIS2_PLACEMENT_3D('',#8211,#8212,#8213);
#8211 = CARTESIAN_POINT('',(17.78,-11.325,5.8));
#8212 = DIRECTION('',(-0.,1.,0.));
#8213 = DIRECTION('',(0.,0.,1.));
#8214 = ADVANCED_FACE('',(#8215),#8226,.T.);
#8215 = FACE_BOUND('',#8216,.T.);
#8216 = EDGE_LOOP('',(#8217,#8218,#8219,#8220));
#8217 = ORIENTED_EDGE('',*,*,#4354,.T.);
#8218 = ORIENTED_EDGE('',*,*,#8187,.T.);
#8219 = ORIENTED_EDGE('',*,*,#1522,.F.);
#8220 = ORIENTED_EDGE('',*,*,#8221,.F.);
#8221 = EDGE_CURVE('',#4346,#1514,#8222,.T.);
#8222 = LINE('',#8223,#8224);
#8223 = CARTESIAN_POINT('',(22.86,-14.075,5.8));
#8224 = VECTOR('',#8225,1.);
#8225 = DIRECTION('',(0.,0.,1.));
#8226 = PLANE('',#8227);
#8227 = AXIS2_PLACEMENT_3D('',#8228,#8229,#8230);
#8228 = CARTESIAN_POINT('',(17.78,-14.075,5.8));
#8229 = DIRECTION('',(-0.,1.,0.));
#8230 = DIRECTION('',(0.,0.,1.));
#8231 = ADVANCED_FACE('',(#8232),#8248,.F.);
#8232 = FACE_BOUND('',#8233,.F.);
#8233 = EDGE_LOOP('',(#8234,#8235,#8241,#8242));
#8234 = ORIENTED_EDGE('',*,*,#1530,.F.);
#8235 = ORIENTED_EDGE('',*,*,#8236,.F.);
#8236 = EDGE_CURVE('',#4363,#1531,#8237,.T.);
#8237 = LINE('',#8238,#8239);
#8238 = CARTESIAN_POINT('',(29.315,-7.62,5.8));
#8239 = VECTOR('',#8240,1.);
#8240 = DIRECTION('',(0.,0.,1.));
#8241 = ORIENTED_EDGE('',*,*,#4362,.T.);
#8242 = ORIENTED_EDGE('',*,*,#8243,.T.);
#8243 = EDGE_CURVE('',#4365,#1533,#8244,.T.);
#8244 = LINE('',#8245,#8246);
#8245 = CARTESIAN_POINT('',(26.565,-7.62,5.8));
#8246 = VECTOR('',#8247,1.);
#8247 = DIRECTION('',(0.,0.,1.));
#8248 = CYLINDRICAL_SURFACE('',#8249,1.375);
#8249 = AXIS2_PLACEMENT_3D('',#8250,#8251,#8252);
#8250 = CARTESIAN_POINT('',(27.94,-7.62,5.8));
#8251 = DIRECTION('',(0.,0.,1.));
#8252 = DIRECTION('',(1.,0.,-0.));
#8253 = ADVANCED_FACE('',(#8254),#8265,.F.);
#8254 = FACE_BOUND('',#8255,.F.);
#8255 = EDGE_LOOP('',(#8256,#8262,#8263,#8264));
#8256 = ORIENTED_EDGE('',*,*,#8257,.F.);
#8257 = EDGE_CURVE('',#4374,#1542,#8258,.T.);
#8258 = LINE('',#8259,#8260);
#8259 = CARTESIAN_POINT('',(29.315,-12.7,5.8));
#8260 = VECTOR('',#8261,1.);
#8261 = DIRECTION('',(0.,0.,1.));
#8262 = ORIENTED_EDGE('',*,*,#4373,.T.);
#8263 = ORIENTED_EDGE('',*,*,#8236,.T.);
#8264 = ORIENTED_EDGE('',*,*,#1541,.F.);
#8265 = PLANE('',#8266);
#8266 = AXIS2_PLACEMENT_3D('',#8267,#8268,#8269);
#8267 = CARTESIAN_POINT('',(29.315,-12.7,5.8));
#8268 = DIRECTION('',(1.,0.,-0.));
#8269 = DIRECTION('',(0.,0.,1.));
#8270 = ADVANCED_FACE('',(#8271),#8282,.T.);
#8271 = FACE_BOUND('',#8272,.T.);
#8272 = EDGE_LOOP('',(#8273,#8279,#8280,#8281));
#8273 = ORIENTED_EDGE('',*,*,#8274,.F.);
#8274 = EDGE_CURVE('',#4382,#1550,#8275,.T.);
#8275 = LINE('',#8276,#8277);
#8276 = CARTESIAN_POINT('',(26.565,-12.7,5.8));
#8277 = VECTOR('',#8278,1.);
#8278 = DIRECTION('',(0.,0.,1.));
#8279 = ORIENTED_EDGE('',*,*,#4390,.T.);
#8280 = ORIENTED_EDGE('',*,*,#8243,.T.);
#8281 = ORIENTED_EDGE('',*,*,#1558,.F.);
#8282 = PLANE('',#8283);
#8283 = AXIS2_PLACEMENT_3D('',#8284,#8285,#8286);
#8284 = CARTESIAN_POINT('',(26.565,-12.7,5.8));
#8285 = DIRECTION('',(1.,0.,-0.));
#8286 = DIRECTION('',(0.,0.,1.));
#8287 = ADVANCED_FACE('',(#8288),#8294,.F.);
#8288 = FACE_BOUND('',#8289,.F.);
#8289 = EDGE_LOOP('',(#8290,#8291,#8292,#8293));
#8290 = ORIENTED_EDGE('',*,*,#8257,.T.);
#8291 = ORIENTED_EDGE('',*,*,#1549,.F.);
#8292 = ORIENTED_EDGE('',*,*,#8274,.F.);
#8293 = ORIENTED_EDGE('',*,*,#4381,.T.);
#8294 = CYLINDRICAL_SURFACE('',#8295,1.375);
#8295 = AXIS2_PLACEMENT_3D('',#8296,#8297,#8298);
#8296 = CARTESIAN_POINT('',(27.94,-12.7,5.8));
#8297 = DIRECTION('',(0.,0.,1.));
#8298 = DIRECTION('',(1.,0.,-0.));
#8299 = ADVANCED_FACE('',(#8300),#8311,.F.);
#8300 = FACE_BOUND('',#8301,.F.);
#8301 = EDGE_LOOP('',(#8302,#8303,#8309,#8310));
#8302 = ORIENTED_EDGE('',*,*,#1566,.F.);
#8303 = ORIENTED_EDGE('',*,*,#8304,.F.);
#8304 = EDGE_CURVE('',#4399,#1567,#8305,.T.);
#8305 = LINE('',#8306,#8307);
#8306 = CARTESIAN_POINT('',(24.235,-7.62,5.8));
#8307 = VECTOR('',#8308,1.);
#8308 = DIRECTION('',(0.,0.,1.));
#8309 = ORIENTED_EDGE('',*,*,#4398,.T.);
#8310 = ORIENTED_EDGE('',*,*,#8304,.T.);
#8311 = CYLINDRICAL_SURFACE('',#8312,1.375);
#8312 = AXIS2_PLACEMENT_3D('',#8313,#8314,#8315);
#8313 = CARTESIAN_POINT('',(22.86,-7.62,5.8));
#8314 = DIRECTION('',(0.,0.,1.));
#8315 = DIRECTION('',(1.,0.,-0.));
#8316 = ADVANCED_FACE('',(#8317),#8333,.F.);
#8317 = FACE_BOUND('',#8318,.F.);
#8318 = EDGE_LOOP('',(#8319,#8320,#8326,#8327));
#8319 = ORIENTED_EDGE('',*,*,#1577,.F.);
#8320 = ORIENTED_EDGE('',*,*,#8321,.F.);
#8321 = EDGE_CURVE('',#4410,#1578,#8322,.T.);
#8322 = LINE('',#8323,#8324);
#8323 = CARTESIAN_POINT('',(22.86,-1.165,5.8));
#8324 = VECTOR('',#8325,1.);
#8325 = DIRECTION('',(0.,0.,1.));
#8326 = ORIENTED_EDGE('',*,*,#4409,.T.);
#8327 = ORIENTED_EDGE('',*,*,#8328,.T.);
#8328 = EDGE_CURVE('',#4412,#1580,#8329,.T.);
#8329 = LINE('',#8330,#8331);
#8330 = CARTESIAN_POINT('',(22.86,-3.915,5.8));
#8331 = VECTOR('',#8332,1.);
#8332 = DIRECTION('',(0.,0.,1.));
#8333 = CYLINDRICAL_SURFACE('',#8334,1.375);
#8334 = AXIS2_PLACEMENT_3D('',#8335,#8336,#8337);
#8335 = CARTESIAN_POINT('',(22.86,-2.54,5.8));
#8336 = DIRECTION('',(0.,0.,1.));
#8337 = DIRECTION('',(1.,0.,-0.));
#8338 = ADVANCED_FACE('',(#8339),#8350,.F.);
#8339 = FACE_BOUND('',#8340,.F.);
#8340 = EDGE_LOOP('',(#8341,#8342,#8343,#8344));
#8341 = ORIENTED_EDGE('',*,*,#4420,.T.);
#8342 = ORIENTED_EDGE('',*,*,#8321,.T.);
#8343 = ORIENTED_EDGE('',*,*,#1588,.F.);
#8344 = ORIENTED_EDGE('',*,*,#8345,.F.);
#8345 = EDGE_CURVE('',#4421,#1589,#8346,.T.);
#8346 = LINE('',#8347,#8348);
#8347 = CARTESIAN_POINT('',(27.94,-1.165,5.8));
#8348 = VECTOR('',#8349,1.);
#8349 = DIRECTION('',(0.,0.,1.));
#8350 = PLANE('',#8351);
#8351 = AXIS2_PLACEMENT_3D('',#8352,#8353,#8354);
#8352 = CARTESIAN_POINT('',(22.86,-1.165,5.8));
#8353 = DIRECTION('',(-0.,1.,0.));
#8354 = DIRECTION('',(0.,0.,1.));
#8355 = ADVANCED_FACE('',(#8356),#8367,.T.);
#8356 = FACE_BOUND('',#8357,.T.);
#8357 = EDGE_LOOP('',(#8358,#8359,#8360,#8361));
#8358 = ORIENTED_EDGE('',*,*,#4446,.T.);
#8359 = ORIENTED_EDGE('',*,*,#8328,.T.);
#8360 = ORIENTED_EDGE('',*,*,#1614,.F.);
#8361 = ORIENTED_EDGE('',*,*,#8362,.F.);
#8362 = EDGE_CURVE('',#4438,#1606,#8363,.T.);
#8363 = LINE('',#8364,#8365);
#8364 = CARTESIAN_POINT('',(27.94,-3.915,5.8));
#8365 = VECTOR('',#8366,1.);
#8366 = DIRECTION('',(0.,0.,1.));
#8367 = PLANE('',#8368);
#8368 = AXIS2_PLACEMENT_3D('',#8369,#8370,#8371);
#8369 = CARTESIAN_POINT('',(22.86,-3.915,5.8));
#8370 = DIRECTION('',(-0.,1.,0.));
#8371 = DIRECTION('',(0.,0.,1.));
#8372 = ADVANCED_FACE('',(#8373),#8389,.F.);
#8373 = FACE_BOUND('',#8374,.F.);
#8374 = EDGE_LOOP('',(#8375,#8376,#8382,#8383));
#8375 = ORIENTED_EDGE('',*,*,#1622,.F.);
#8376 = ORIENTED_EDGE('',*,*,#8377,.F.);
#8377 = EDGE_CURVE('',#4455,#1623,#8378,.T.);
#8378 = LINE('',#8379,#8380);
#8379 = CARTESIAN_POINT('',(-27.94,3.915,5.8));
#8380 = VECTOR('',#8381,1.);
#8381 = DIRECTION('',(0.,0.,1.));
#8382 = ORIENTED_EDGE('',*,*,#4454,.T.);
#8383 = ORIENTED_EDGE('',*,*,#8384,.T.);
#8384 = EDGE_CURVE('',#4457,#1625,#8385,.T.);
#8385 = LINE('',#8386,#8387);
#8386 = CARTESIAN_POINT('',(-27.94,1.165,5.8));
#8387 = VECTOR('',#8388,1.);
#8388 = DIRECTION('',(0.,0.,1.));
#8389 = CYLINDRICAL_SURFACE('',#8390,1.375);
#8390 = AXIS2_PLACEMENT_3D('',#8391,#8392,#8393);
#8391 = CARTESIAN_POINT('',(-27.94,2.54,5.8));
#8392 = DIRECTION('',(0.,0.,1.));
#8393 = DIRECTION('',(1.,0.,-0.));
#8394 = ADVANCED_FACE('',(#8395),#8406,.F.);
#8395 = FACE_BOUND('',#8396,.F.);
#8396 = EDGE_LOOP('',(#8397,#8398,#8399,#8400));
#8397 = ORIENTED_EDGE('',*,*,#4465,.T.);
#8398 = ORIENTED_EDGE('',*,*,#8377,.T.);
#8399 = ORIENTED_EDGE('',*,*,#1633,.F.);
#8400 = ORIENTED_EDGE('',*,*,#8401,.F.);
#8401 = EDGE_CURVE('',#4466,#1634,#8402,.T.);
#8402 = LINE('',#8403,#8404);
#8403 = CARTESIAN_POINT('',(-22.86,3.915,5.8));
#8404 = VECTOR('',#8405,1.);
#8405 = DIRECTION('',(0.,0.,1.));
#8406 = PLANE('',#8407);
#8407 = AXIS2_PLACEMENT_3D('',#8408,#8409,#8410);
#8408 = CARTESIAN_POINT('',(-27.94,3.915,5.8));
#8409 = DIRECTION('',(-0.,1.,0.));
#8410 = DIRECTION('',(0.,0.,1.));
#8411 = ADVANCED_FACE('',(#8412),#8423,.T.);
#8412 = FACE_BOUND('',#8413,.T.);
#8413 = EDGE_LOOP('',(#8414,#8415,#8416,#8417));
#8414 = ORIENTED_EDGE('',*,*,#4491,.T.);
#8415 = ORIENTED_EDGE('',*,*,#8384,.T.);
#8416 = ORIENTED_EDGE('',*,*,#1659,.F.);
#8417 = ORIENTED_EDGE('',*,*,#8418,.F.);
#8418 = EDGE_CURVE('',#4483,#1651,#8419,.T.);
#8419 = LINE('',#8420,#8421);
#8420 = CARTESIAN_POINT('',(-22.86,1.165,5.8));
#8421 = VECTOR('',#8422,1.);
#8422 = DIRECTION('',(0.,0.,1.));
#8423 = PLANE('',#8424);
#8424 = AXIS2_PLACEMENT_3D('',#8425,#8426,#8427);
#8425 = CARTESIAN_POINT('',(-27.94,1.165,5.8));
#8426 = DIRECTION('',(-0.,1.,0.));
#8427 = DIRECTION('',(0.,0.,1.));
#8428 = ADVANCED_FACE('',(#8429),#8440,.F.);
#8429 = FACE_BOUND('',#8430,.F.);
#8430 = EDGE_LOOP('',(#8431,#8432,#8438,#8439));
#8431 = ORIENTED_EDGE('',*,*,#1667,.F.);
#8432 = ORIENTED_EDGE('',*,*,#8433,.F.);
#8433 = EDGE_CURVE('',#4500,#1668,#8434,.T.);
#8434 = LINE('',#8435,#8436);
#8435 = CARTESIAN_POINT('',(-21.485,7.62,5.8));
#8436 = VECTOR('',#8437,1.);
#8437 = DIRECTION('',(0.,0.,1.));
#8438 = ORIENTED_EDGE('',*,*,#4499,.T.);
#8439 = ORIENTED_EDGE('',*,*,#8433,.T.);
#8440 = CYLINDRICAL_SURFACE('',#8441,1.375);
#8441 = AXIS2_PLACEMENT_3D('',#8442,#8443,#8444);
#8442 = CARTESIAN_POINT('',(-22.86,7.62,5.8));
#8443 = DIRECTION('',(0.,0.,1.));
#8444 = DIRECTION('',(1.,0.,-0.));
#8445 = ADVANCED_FACE('',(#8446),#8462,.F.);
#8446 = FACE_BOUND('',#8447,.F.);
#8447 = EDGE_LOOP('',(#8448,#8449,#8455,#8456));
#8448 = ORIENTED_EDGE('',*,*,#1678,.F.);
#8449 = ORIENTED_EDGE('',*,*,#8450,.F.);
#8450 = EDGE_CURVE('',#4511,#1679,#8451,.T.);
#8451 = LINE('',#8452,#8453);
#8452 = CARTESIAN_POINT('',(-26.565,12.7,5.8));
#8453 = VECTOR('',#8454,1.);
#8454 = DIRECTION('',(0.,0.,1.));
#8455 = ORIENTED_EDGE('',*,*,#4510,.T.);
#8456 = ORIENTED_EDGE('',*,*,#8457,.T.);
#8457 = EDGE_CURVE('',#4513,#1681,#8458,.T.);
#8458 = LINE('',#8459,#8460);
#8459 = CARTESIAN_POINT('',(-29.315,12.7,5.8));
#8460 = VECTOR('',#8461,1.);
#8461 = DIRECTION('',(0.,0.,1.));
#8462 = CYLINDRICAL_SURFACE('',#8463,1.375);
#8463 = AXIS2_PLACEMENT_3D('',#8464,#8465,#8466);
#8464 = CARTESIAN_POINT('',(-27.94,12.7,5.8));
#8465 = DIRECTION('',(0.,0.,1.));
#8466 = DIRECTION('',(1.,0.,-0.));
#8467 = ADVANCED_FACE('',(#8468),#8479,.F.);
#8468 = FACE_BOUND('',#8469,.F.);
#8469 = EDGE_LOOP('',(#8470,#8476,#8477,#8478));
#8470 = ORIENTED_EDGE('',*,*,#8471,.F.);
#8471 = EDGE_CURVE('',#4522,#1690,#8472,.T.);
#8472 = LINE('',#8473,#8474);
#8473 = CARTESIAN_POINT('',(-26.565,7.62,5.8));
#8474 = VECTOR('',#8475,1.);
#8475 = DIRECTION('',(0.,0.,1.));
#8476 = ORIENTED_EDGE('',*,*,#4521,.T.);
#8477 = ORIENTED_EDGE('',*,*,#8450,.T.);
#8478 = ORIENTED_EDGE('',*,*,#1689,.F.);
#8479 = PLANE('',#8480);
#8480 = AXIS2_PLACEMENT_3D('',#8481,#8482,#8483);
#8481 = CARTESIAN_POINT('',(-26.565,7.62,5.8));
#8482 = DIRECTION('',(1.,0.,-0.));
#8483 = DIRECTION('',(0.,0.,1.));
#8484 = ADVANCED_FACE('',(#8485),#8496,.T.);
#8485 = FACE_BOUND('',#8486,.T.);
#8486 = EDGE_LOOP('',(#8487,#8493,#8494,#8495));
#8487 = ORIENTED_EDGE('',*,*,#8488,.F.);
#8488 = EDGE_CURVE('',#4530,#1698,#8489,.T.);
#8489 = LINE('',#8490,#8491);
#8490 = CARTESIAN_POINT('',(-29.315,7.62,5.8));
#8491 = VECTOR('',#8492,1.);
#8492 = DIRECTION('',(0.,0.,1.));
#8493 = ORIENTED_EDGE('',*,*,#4538,.T.);
#8494 = ORIENTED_EDGE('',*,*,#8457,.T.);
#8495 = ORIENTED_EDGE('',*,*,#1706,.F.);
#8496 = PLANE('',#8497);
#8497 = AXIS2_PLACEMENT_3D('',#8498,#8499,#8500);
#8498 = CARTESIAN_POINT('',(-29.315,7.62,5.8));
#8499 = DIRECTION('',(1.,0.,-0.));
#8500 = DIRECTION('',(0.,0.,1.));
#8501 = ADVANCED_FACE('',(#8502),#8508,.F.);
#8502 = FACE_BOUND('',#8503,.F.);
#8503 = EDGE_LOOP('',(#8504,#8505,#8506,#8507));
#8504 = ORIENTED_EDGE('',*,*,#8471,.T.);
#8505 = ORIENTED_EDGE('',*,*,#1697,.F.);
#8506 = ORIENTED_EDGE('',*,*,#8488,.F.);
#8507 = ORIENTED_EDGE('',*,*,#4529,.T.);
#8508 = CYLINDRICAL_SURFACE('',#8509,1.375);
#8509 = AXIS2_PLACEMENT_3D('',#8510,#8511,#8512);
#8510 = CARTESIAN_POINT('',(-27.94,7.62,5.8));
#8511 = DIRECTION('',(0.,0.,1.));
#8512 = DIRECTION('',(1.,0.,-0.));
#8513 = ADVANCED_FACE('',(#8514),#8530,.F.);
#8514 = FACE_BOUND('',#8515,.F.);
#8515 = EDGE_LOOP('',(#8516,#8517,#8523,#8524));
#8516 = ORIENTED_EDGE('',*,*,#1714,.F.);
#8517 = ORIENTED_EDGE('',*,*,#8518,.F.);
#8518 = EDGE_CURVE('',#4547,#1715,#8519,.T.);
#8519 = LINE('',#8520,#8521);
#8520 = CARTESIAN_POINT('',(-22.86,14.075,5.8));
#8521 = VECTOR('',#8522,1.);
#8522 = DIRECTION('',(0.,0.,1.));
#8523 = ORIENTED_EDGE('',*,*,#4546,.T.);
#8524 = ORIENTED_EDGE('',*,*,#8525,.T.);
#8525 = EDGE_CURVE('',#4549,#1717,#8526,.T.);
#8526 = LINE('',#8527,#8528);
#8527 = CARTESIAN_POINT('',(-22.86,11.325,5.8));
#8528 = VECTOR('',#8529,1.);
#8529 = DIRECTION('',(0.,0.,1.));
#8530 = CYLINDRICAL_SURFACE('',#8531,1.375);
#8531 = AXIS2_PLACEMENT_3D('',#8532,#8533,#8534);
#8532 = CARTESIAN_POINT('',(-22.86,12.7,5.8));
#8533 = DIRECTION('',(0.,0.,1.));
#8534 = DIRECTION('',(1.,0.,-0.));
#8535 = ADVANCED_FACE('',(#8536),#8547,.F.);
#8536 = FACE_BOUND('',#8537,.F.);
#8537 = EDGE_LOOP('',(#8538,#8539,#8540,#8541));
#8538 = ORIENTED_EDGE('',*,*,#4557,.T.);
#8539 = ORIENTED_EDGE('',*,*,#8518,.T.);
#8540 = ORIENTED_EDGE('',*,*,#1725,.F.);
#8541 = ORIENTED_EDGE('',*,*,#8542,.F.);
#8542 = EDGE_CURVE('',#4558,#1726,#8543,.T.);
#8543 = LINE('',#8544,#8545);
#8544 = CARTESIAN_POINT('',(-17.78,14.075,5.8));
#8545 = VECTOR('',#8546,1.);
#8546 = DIRECTION('',(0.,0.,1.));
#8547 = PLANE('',#8548);
#8548 = AXIS2_PLACEMENT_3D('',#8549,#8550,#8551);
#8549 = CARTESIAN_POINT('',(-22.86,14.075,5.8));
#8550 = DIRECTION('',(-0.,1.,0.));
#8551 = DIRECTION('',(0.,0.,1.));
#8552 = ADVANCED_FACE('',(#8553),#8564,.T.);
#8553 = FACE_BOUND('',#8554,.T.);
#8554 = EDGE_LOOP('',(#8555,#8556,#8557,#8558));
#8555 = ORIENTED_EDGE('',*,*,#4583,.T.);
#8556 = ORIENTED_EDGE('',*,*,#8525,.T.);
#8557 = ORIENTED_EDGE('',*,*,#1751,.F.);
#8558 = ORIENTED_EDGE('',*,*,#8559,.F.);
#8559 = EDGE_CURVE('',#4575,#1743,#8560,.T.);
#8560 = LINE('',#8561,#8562);
#8561 = CARTESIAN_POINT('',(-17.78,11.325,5.8));
#8562 = VECTOR('',#8563,1.);
#8563 = DIRECTION('',(0.,0.,1.));
#8564 = PLANE('',#8565);
#8565 = AXIS2_PLACEMENT_3D('',#8566,#8567,#8568);
#8566 = CARTESIAN_POINT('',(-22.86,11.325,5.8));
#8567 = DIRECTION('',(-0.,1.,0.));
#8568 = DIRECTION('',(0.,0.,1.));
#8569 = ADVANCED_FACE('',(#8570),#8586,.F.);
#8570 = FACE_BOUND('',#8571,.F.);
#8571 = EDGE_LOOP('',(#8572,#8573,#8579,#8580));
#8572 = ORIENTED_EDGE('',*,*,#1759,.F.);
#8573 = ORIENTED_EDGE('',*,*,#8574,.F.);
#8574 = EDGE_CURVE('',#4592,#1760,#8575,.T.);
#8575 = LINE('',#8576,#8577);
#8576 = CARTESIAN_POINT('',(-27.94,19.155,5.8));
#8577 = VECTOR('',#8578,1.);
#8578 = DIRECTION('',(0.,0.,1.));
#8579 = ORIENTED_EDGE('',*,*,#4591,.T.);
#8580 = ORIENTED_EDGE('',*,*,#8581,.T.);
#8581 = EDGE_CURVE('',#4594,#1762,#8582,.T.);
#8582 = LINE('',#8583,#8584);
#8583 = CARTESIAN_POINT('',(-27.94,16.405,5.8));
#8584 = VECTOR('',#8585,1.);
#8585 = DIRECTION('',(0.,0.,1.));
#8586 = CYLINDRICAL_SURFACE('',#8587,1.375);
#8587 = AXIS2_PLACEMENT_3D('',#8588,#8589,#8590);
#8588 = CARTESIAN_POINT('',(-27.94,17.78,5.8));
#8589 = DIRECTION('',(0.,0.,1.));
#8590 = DIRECTION('',(1.,0.,-0.));
#8591 = ADVANCED_FACE('',(#8592),#8603,.F.);
#8592 = FACE_BOUND('',#8593,.F.);
#8593 = EDGE_LOOP('',(#8594,#8595,#8596,#8597));
#8594 = ORIENTED_EDGE('',*,*,#4602,.T.);
#8595 = ORIENTED_EDGE('',*,*,#8574,.T.);
#8596 = ORIENTED_EDGE('',*,*,#1770,.F.);
#8597 = ORIENTED_EDGE('',*,*,#8598,.F.);
#8598 = EDGE_CURVE('',#4603,#1771,#8599,.T.);
#8599 = LINE('',#8600,#8601);
#8600 = CARTESIAN_POINT('',(-22.86,19.155,5.8));
#8601 = VECTOR('',#8602,1.);
#8602 = DIRECTION('',(0.,0.,1.));
#8603 = PLANE('',#8604);
#8604 = AXIS2_PLACEMENT_3D('',#8605,#8606,#8607);
#8605 = CARTESIAN_POINT('',(-27.94,19.155,5.8));
#8606 = DIRECTION('',(-0.,1.,0.));
#8607 = DIRECTION('',(0.,0.,1.));
#8608 = ADVANCED_FACE('',(#8609),#8620,.T.);
#8609 = FACE_BOUND('',#8610,.T.);
#8610 = EDGE_LOOP('',(#8611,#8612,#8613,#8614));
#8611 = ORIENTED_EDGE('',*,*,#4628,.T.);
#8612 = ORIENTED_EDGE('',*,*,#8581,.T.);
#8613 = ORIENTED_EDGE('',*,*,#1796,.F.);
#8614 = ORIENTED_EDGE('',*,*,#8615,.F.);
#8615 = EDGE_CURVE('',#4620,#1788,#8616,.T.);
#8616 = LINE('',#8617,#8618);
#8617 = CARTESIAN_POINT('',(-22.86,16.405,5.8));
#8618 = VECTOR('',#8619,1.);
#8619 = DIRECTION('',(0.,0.,1.));
#8620 = PLANE('',#8621);
#8621 = AXIS2_PLACEMENT_3D('',#8622,#8623,#8624);
#8622 = CARTESIAN_POINT('',(-27.94,16.405,5.8));
#8623 = DIRECTION('',(-0.,1.,0.));
#8624 = DIRECTION('',(0.,0.,1.));
#8625 = ADVANCED_FACE('',(#8626),#8642,.F.);
#8626 = FACE_BOUND('',#8627,.F.);
#8627 = EDGE_LOOP('',(#8628,#8629,#8635,#8636));
#8628 = ORIENTED_EDGE('',*,*,#1804,.F.);
#8629 = ORIENTED_EDGE('',*,*,#8630,.F.);
#8630 = EDGE_CURVE('',#4637,#1805,#8631,.T.);
#8631 = LINE('',#8632,#8633);
#8632 = CARTESIAN_POINT('',(-12.7,3.915,5.8));
#8633 = VECTOR('',#8634,1.);
#8634 = DIRECTION('',(0.,0.,1.));
#8635 = ORIENTED_EDGE('',*,*,#4636,.T.);
#8636 = ORIENTED_EDGE('',*,*,#8637,.T.);
#8637 = EDGE_CURVE('',#4639,#1807,#8638,.T.);
#8638 = LINE('',#8639,#8640);
#8639 = CARTESIAN_POINT('',(-12.7,1.165,5.8));
#8640 = VECTOR('',#8641,1.);
#8641 = DIRECTION('',(0.,0.,1.));
#8642 = CYLINDRICAL_SURFACE('',#8643,1.375);
#8643 = AXIS2_PLACEMENT_3D('',#8644,#8645,#8646);
#8644 = CARTESIAN_POINT('',(-12.7,2.54,5.8));
#8645 = DIRECTION('',(0.,0.,1.));
#8646 = DIRECTION('',(1.,0.,-0.));
#8647 = ADVANCED_FACE('',(#8648),#8659,.F.);
#8648 = FACE_BOUND('',#8649,.F.);
#8649 = EDGE_LOOP('',(#8650,#8651,#8652,#8653));
#8650 = ORIENTED_EDGE('',*,*,#4647,.T.);
#8651 = ORIENTED_EDGE('',*,*,#8630,.T.);
#8652 = ORIENTED_EDGE('',*,*,#1815,.F.);
#8653 = ORIENTED_EDGE('',*,*,#8654,.F.);
#8654 = EDGE_CURVE('',#4648,#1816,#8655,.T.);
#8655 = LINE('',#8656,#8657);
#8656 = CARTESIAN_POINT('',(-7.62,3.915,5.8));
#8657 = VECTOR('',#8658,1.);
#8658 = DIRECTION('',(0.,0.,1.));
#8659 = PLANE('',#8660);
#8660 = AXIS2_PLACEMENT_3D('',#8661,#8662,#8663);
#8661 = CARTESIAN_POINT('',(-12.7,3.915,5.8));
#8662 = DIRECTION('',(-0.,1.,0.));
#8663 = DIRECTION('',(0.,0.,1.));
#8664 = ADVANCED_FACE('',(#8665),#8676,.T.);
#8665 = FACE_BOUND('',#8666,.T.);
#8666 = EDGE_LOOP('',(#8667,#8668,#8669,#8670));
#8667 = ORIENTED_EDGE('',*,*,#4673,.T.);
#8668 = ORIENTED_EDGE('',*,*,#8637,.T.);
#8669 = ORIENTED_EDGE('',*,*,#1841,.F.);
#8670 = ORIENTED_EDGE('',*,*,#8671,.F.);
#8671 = EDGE_CURVE('',#4665,#1833,#8672,.T.);
#8672 = LINE('',#8673,#8674);
#8673 = CARTESIAN_POINT('',(-7.62,1.165,5.8));
#8674 = VECTOR('',#8675,1.);
#8675 = DIRECTION('',(0.,0.,1.));
#8676 = PLANE('',#8677);
#8677 = AXIS2_PLACEMENT_3D('',#8678,#8679,#8680);
#8678 = CARTESIAN_POINT('',(-12.7,1.165,5.8));
#8679 = DIRECTION('',(-0.,1.,0.));
#8680 = DIRECTION('',(0.,0.,1.));
#8681 = ADVANCED_FACE('',(#8682),#8698,.F.);
#8682 = FACE_BOUND('',#8683,.F.);
#8683 = EDGE_LOOP('',(#8684,#8685,#8691,#8692));
#8684 = ORIENTED_EDGE('',*,*,#1849,.F.);
#8685 = ORIENTED_EDGE('',*,*,#8686,.F.);
#8686 = EDGE_CURVE('',#4682,#1850,#8687,.T.);
#8687 = LINE('',#8688,#8689);
#8688 = CARTESIAN_POINT('',(-16.405,7.62,5.8));
#8689 = VECTOR('',#8690,1.);
#8690 = DIRECTION('',(0.,0.,1.));
#8691 = ORIENTED_EDGE('',*,*,#4681,.T.);
#8692 = ORIENTED_EDGE('',*,*,#8693,.T.);
#8693 = EDGE_CURVE('',#4684,#1852,#8694,.T.);
#8694 = LINE('',#8695,#8696);
#8695 = CARTESIAN_POINT('',(-19.155,7.62,5.8));
#8696 = VECTOR('',#8697,1.);
#8697 = DIRECTION('',(0.,0.,1.));
#8698 = CYLINDRICAL_SURFACE('',#8699,1.375);
#8699 = AXIS2_PLACEMENT_3D('',#8700,#8701,#8702);
#8700 = CARTESIAN_POINT('',(-17.78,7.62,5.8));
#8701 = DIRECTION('',(0.,0.,1.));
#8702 = DIRECTION('',(1.,0.,-0.));
#8703 = ADVANCED_FACE('',(#8704),#8715,.F.);
#8704 = FACE_BOUND('',#8705,.F.);
#8705 = EDGE_LOOP('',(#8706,#8712,#8713,#8714));
#8706 = ORIENTED_EDGE('',*,*,#8707,.F.);
#8707 = EDGE_CURVE('',#4693,#1861,#8708,.T.);
#8708 = LINE('',#8709,#8710);
#8709 = CARTESIAN_POINT('',(-16.405,2.54,5.8));
#8710 = VECTOR('',#8711,1.);
#8711 = DIRECTION('',(0.,0.,1.));
#8712 = ORIENTED_EDGE('',*,*,#4692,.T.);
#8713 = ORIENTED_EDGE('',*,*,#8686,.T.);
#8714 = ORIENTED_EDGE('',*,*,#1860,.F.);
#8715 = PLANE('',#8716);
#8716 = AXIS2_PLACEMENT_3D('',#8717,#8718,#8719);
#8717 = CARTESIAN_POINT('',(-16.405,2.54,5.8));
#8718 = DIRECTION('',(1.,0.,-0.));
#8719 = DIRECTION('',(0.,0.,1.));
#8720 = ADVANCED_FACE('',(#8721),#8732,.T.);
#8721 = FACE_BOUND('',#8722,.T.);
#8722 = EDGE_LOOP('',(#8723,#8729,#8730,#8731));
#8723 = ORIENTED_EDGE('',*,*,#8724,.F.);
#8724 = EDGE_CURVE('',#4701,#1869,#8725,.T.);
#8725 = LINE('',#8726,#8727);
#8726 = CARTESIAN_POINT('',(-19.155,2.54,5.8));
#8727 = VECTOR('',#8728,1.);
#8728 = DIRECTION('',(0.,0.,1.));
#8729 = ORIENTED_EDGE('',*,*,#4709,.T.);
#8730 = ORIENTED_EDGE('',*,*,#8693,.T.);
#8731 = ORIENTED_EDGE('',*,*,#1877,.F.);
#8732 = PLANE('',#8733);
#8733 = AXIS2_PLACEMENT_3D('',#8734,#8735,#8736);
#8734 = CARTESIAN_POINT('',(-19.155,2.54,5.8));
#8735 = DIRECTION('',(1.,0.,-0.));
#8736 = DIRECTION('',(0.,0.,1.));
#8737 = ADVANCED_FACE('',(#8738),#8744,.F.);
#8738 = FACE_BOUND('',#8739,.F.);
#8739 = EDGE_LOOP('',(#8740,#8741,#8742,#8743));
#8740 = ORIENTED_EDGE('',*,*,#8707,.T.);
#8741 = ORIENTED_EDGE('',*,*,#1868,.F.);
#8742 = ORIENTED_EDGE('',*,*,#8724,.F.);
#8743 = ORIENTED_EDGE('',*,*,#4700,.T.);
#8744 = CYLINDRICAL_SURFACE('',#8745,1.375);
#8745 = AXIS2_PLACEMENT_3D('',#8746,#8747,#8748);
#8746 = CARTESIAN_POINT('',(-17.78,2.54,5.8));
#8747 = DIRECTION('',(0.,0.,1.));
#8748 = DIRECTION('',(1.,0.,-0.));
#8749 = ADVANCED_FACE('',(#8750),#8761,.F.);
#8750 = FACE_BOUND('',#8751,.F.);
#8751 = EDGE_LOOP('',(#8752,#8753,#8759,#8760));
#8752 = ORIENTED_EDGE('',*,*,#1885,.F.);
#8753 = ORIENTED_EDGE('',*,*,#8754,.F.);
#8754 = EDGE_CURVE('',#4718,#1886,#8755,.T.);
#8755 = LINE('',#8756,#8757);
#8756 = CARTESIAN_POINT('',(-6.245,7.62,5.8));
#8757 = VECTOR('',#8758,1.);
#8758 = DIRECTION('',(0.,0.,1.));
#8759 = ORIENTED_EDGE('',*,*,#4717,.T.);
#8760 = ORIENTED_EDGE('',*,*,#8754,.T.);
#8761 = CYLINDRICAL_SURFACE('',#8762,1.375);
#8762 = AXIS2_PLACEMENT_3D('',#8763,#8764,#8765);
#8763 = CARTESIAN_POINT('',(-7.62,7.62,5.8));
#8764 = DIRECTION('',(0.,0.,1.));
#8765 = DIRECTION('',(1.,0.,-0.));
#8766 = ADVANCED_FACE('',(#8767),#8783,.F.);
#8767 = FACE_BOUND('',#8768,.F.);
#8768 = EDGE_LOOP('',(#8769,#8770,#8776,#8777));
#8769 = ORIENTED_EDGE('',*,*,#1896,.F.);
#8770 = ORIENTED_EDGE('',*,*,#8771,.F.);
#8771 = EDGE_CURVE('',#4765,#1897,#8772,.T.);
#8772 = LINE('',#8773,#8774);
#8773 = CARTESIAN_POINT('',(-11.325,12.7,5.8));
#8774 = VECTOR('',#8775,1.);
#8775 = DIRECTION('',(0.,0.,1.));
#8776 = ORIENTED_EDGE('',*,*,#4764,.T.);
#8777 = ORIENTED_EDGE('',*,*,#8778,.T.);
#8778 = EDGE_CURVE('',#4767,#1899,#8779,.T.);
#8779 = LINE('',#8780,#8781);
#8780 = CARTESIAN_POINT('',(-14.075,12.7,5.8));
#8781 = VECTOR('',#8782,1.);
#8782 = DIRECTION('',(0.,0.,1.));
#8783 = CYLINDRICAL_SURFACE('',#8784,1.375);
#8784 = AXIS2_PLACEMENT_3D('',#8785,#8786,#8787);
#8785 = CARTESIAN_POINT('',(-12.7,12.7,5.8));
#8786 = DIRECTION('',(0.,0.,1.));
#8787 = DIRECTION('',(1.,0.,-0.));
#8788 = ADVANCED_FACE('',(#8789),#8800,.F.);
#8789 = FACE_BOUND('',#8790,.F.);
#8790 = EDGE_LOOP('',(#8791,#8797,#8798,#8799));
#8791 = ORIENTED_EDGE('',*,*,#8792,.F.);
#8792 = EDGE_CURVE('',#4776,#1908,#8793,.T.);
#8793 = LINE('',#8794,#8795);
#8794 = CARTESIAN_POINT('',(-11.325,7.62,5.8));
#8795 = VECTOR('',#8796,1.);
#8796 = DIRECTION('',(0.,0.,1.));
#8797 = ORIENTED_EDGE('',*,*,#4775,.T.);
#8798 = ORIENTED_EDGE('',*,*,#8771,.T.);
#8799 = ORIENTED_EDGE('',*,*,#1907,.F.);
#8800 = PLANE('',#8801);
#8801 = AXIS2_PLACEMENT_3D('',#8802,#8803,#8804);
#8802 = CARTESIAN_POINT('',(-11.325,7.62,5.8));
#8803 = DIRECTION('',(1.,0.,-0.));
#8804 = DIRECTION('',(0.,0.,1.));
#8805 = ADVANCED_FACE('',(#8806),#8817,.T.);
#8806 = FACE_BOUND('',#8807,.T.);
#8807 = EDGE_LOOP('',(#8808,#8814,#8815,#8816));
#8808 = ORIENTED_EDGE('',*,*,#8809,.F.);
#8809 = EDGE_CURVE('',#4784,#1916,#8810,.T.);
#8810 = LINE('',#8811,#8812);
#8811 = CARTESIAN_POINT('',(-14.075,7.62,5.8));
#8812 = VECTOR('',#8813,1.);
#8813 = DIRECTION('',(0.,0.,1.));
#8814 = ORIENTED_EDGE('',*,*,#4792,.T.);
#8815 = ORIENTED_EDGE('',*,*,#8778,.T.);
#8816 = ORIENTED_EDGE('',*,*,#1924,.F.);
#8817 = PLANE('',#8818);
#8818 = AXIS2_PLACEMENT_3D('',#8819,#8820,#8821);
#8819 = CARTESIAN_POINT('',(-14.075,7.62,5.8));
#8820 = DIRECTION('',(1.,0.,-0.));
#8821 = DIRECTION('',(0.,0.,1.));
#8822 = ADVANCED_FACE('',(#8823),#8829,.F.);
#8823 = FACE_BOUND('',#8824,.F.);
#8824 = EDGE_LOOP('',(#8825,#8826,#8827,#8828));
#8825 = ORIENTED_EDGE('',*,*,#8792,.T.);
#8826 = ORIENTED_EDGE('',*,*,#1915,.F.);
#8827 = ORIENTED_EDGE('',*,*,#8809,.F.);
#8828 = ORIENTED_EDGE('',*,*,#4783,.T.);
#8829 = CYLINDRICAL_SURFACE('',#8830,1.375);
#8830 = AXIS2_PLACEMENT_3D('',#8831,#8832,#8833);
#8831 = CARTESIAN_POINT('',(-12.7,7.62,5.8));
#8832 = DIRECTION('',(0.,0.,1.));
#8833 = DIRECTION('',(1.,0.,-0.));
#8834 = ADVANCED_FACE('',(#8835),#8851,.F.);
#8835 = FACE_BOUND('',#8836,.F.);
#8836 = EDGE_LOOP('',(#8837,#8838,#8844,#8845));
#8837 = ORIENTED_EDGE('',*,*,#1932,.F.);
#8838 = ORIENTED_EDGE('',*,*,#8839,.F.);
#8839 = EDGE_CURVE('',#4801,#1933,#8840,.T.);
#8840 = LINE('',#8841,#8842);
#8841 = CARTESIAN_POINT('',(-12.7,19.155,5.8));
#8842 = VECTOR('',#8843,1.);
#8843 = DIRECTION('',(0.,0.,1.));
#8844 = ORIENTED_EDGE('',*,*,#4800,.T.);
#8845 = ORIENTED_EDGE('',*,*,#8846,.T.);
#8846 = EDGE_CURVE('',#4803,#1935,#8847,.T.);
#8847 = LINE('',#8848,#8849);
#8848 = CARTESIAN_POINT('',(-12.7,16.405,5.8));
#8849 = VECTOR('',#8850,1.);
#8850 = DIRECTION('',(0.,0.,1.));
#8851 = CYLINDRICAL_SURFACE('',#8852,1.375);
#8852 = AXIS2_PLACEMENT_3D('',#8853,#8854,#8855);
#8853 = CARTESIAN_POINT('',(-12.7,17.78,5.8));
#8854 = DIRECTION('',(0.,0.,1.));
#8855 = DIRECTION('',(1.,0.,-0.));
#8856 = ADVANCED_FACE('',(#8857),#8868,.F.);
#8857 = FACE_BOUND('',#8858,.F.);
#8858 = EDGE_LOOP('',(#8859,#8860,#8861,#8862));
#8859 = ORIENTED_EDGE('',*,*,#4811,.T.);
#8860 = ORIENTED_EDGE('',*,*,#8839,.T.);
#8861 = ORIENTED_EDGE('',*,*,#1943,.F.);
#8862 = ORIENTED_EDGE('',*,*,#8863,.F.);
#8863 = EDGE_CURVE('',#4812,#1944,#8864,.T.);
#8864 = LINE('',#8865,#8866);
#8865 = CARTESIAN_POINT('',(-7.62,19.155,5.8));
#8866 = VECTOR('',#8867,1.);
#8867 = DIRECTION('',(0.,0.,1.));
#8868 = PLANE('',#8869);
#8869 = AXIS2_PLACEMENT_3D('',#8870,#8871,#8872);
#8870 = CARTESIAN_POINT('',(-12.7,19.155,5.8));
#8871 = DIRECTION('',(-0.,1.,0.));
#8872 = DIRECTION('',(0.,0.,1.));
#8873 = ADVANCED_FACE('',(#8874),#8885,.T.);
#8874 = FACE_BOUND('',#8875,.T.);
#8875 = EDGE_LOOP('',(#8876,#8877,#8878,#8879));
#8876 = ORIENTED_EDGE('',*,*,#4837,.T.);
#8877 = ORIENTED_EDGE('',*,*,#8846,.T.);
#8878 = ORIENTED_EDGE('',*,*,#1969,.F.);
#8879 = ORIENTED_EDGE('',*,*,#8880,.F.);
#8880 = EDGE_CURVE('',#4829,#1961,#8881,.T.);
#8881 = LINE('',#8882,#8883);
#8882 = CARTESIAN_POINT('',(-7.62,16.405,5.8));
#8883 = VECTOR('',#8884,1.);
#8884 = DIRECTION('',(0.,0.,1.));
#8885 = PLANE('',#8886);
#8886 = AXIS2_PLACEMENT_3D('',#8887,#8888,#8889);
#8887 = CARTESIAN_POINT('',(-12.7,16.405,5.8));
#8888 = DIRECTION('',(-0.,1.,0.));
#8889 = DIRECTION('',(0.,0.,1.));
#8890 = ADVANCED_FACE('',(#8891),#8907,.F.);
#8891 = FACE_BOUND('',#8892,.F.);
#8892 = EDGE_LOOP('',(#8893,#8894,#8900,#8901));
#8893 = ORIENTED_EDGE('',*,*,#1977,.F.);
#8894 = ORIENTED_EDGE('',*,*,#8895,.F.);
#8895 = EDGE_CURVE('',#4846,#1978,#8896,.T.);
#8896 = LINE('',#8897,#8898);
#8897 = CARTESIAN_POINT('',(-7.62,14.075,5.8));
#8898 = VECTOR('',#8899,1.);
#8899 = DIRECTION('',(0.,0.,1.));
#8900 = ORIENTED_EDGE('',*,*,#4845,.T.);
#8901 = ORIENTED_EDGE('',*,*,#8902,.T.);
#8902 = EDGE_CURVE('',#4848,#1980,#8903,.T.);
#8903 = LINE('',#8904,#8905);
#8904 = CARTESIAN_POINT('',(-7.62,11.325,5.8));
#8905 = VECTOR('',#8906,1.);
#8906 = DIRECTION('',(0.,0.,1.));
#8907 = CYLINDRICAL_SURFACE('',#8908,1.375);
#8908 = AXIS2_PLACEMENT_3D('',#8909,#8910,#8911);
#8909 = CARTESIAN_POINT('',(-7.62,12.7,5.8));
#8910 = DIRECTION('',(0.,0.,1.));
#8911 = DIRECTION('',(1.,0.,-0.));
#8912 = ADVANCED_FACE('',(#8913),#8924,.F.);
#8913 = FACE_BOUND('',#8914,.F.);
#8914 = EDGE_LOOP('',(#8915,#8916,#8917,#8918));
#8915 = ORIENTED_EDGE('',*,*,#4856,.T.);
#8916 = ORIENTED_EDGE('',*,*,#8895,.T.);
#8917 = ORIENTED_EDGE('',*,*,#1988,.F.);
#8918 = ORIENTED_EDGE('',*,*,#8919,.F.);
#8919 = EDGE_CURVE('',#4857,#1989,#8920,.T.);
#8920 = LINE('',#8921,#8922);
#8921 = CARTESIAN_POINT('',(-2.54,14.075,5.8));
#8922 = VECTOR('',#8923,1.);
#8923 = DIRECTION('',(0.,0.,1.));
#8924 = PLANE('',#8925);
#8925 = AXIS2_PLACEMENT_3D('',#8926,#8927,#8928);
#8926 = CARTESIAN_POINT('',(-7.62,14.075,5.8));
#8927 = DIRECTION('',(-0.,1.,0.));
#8928 = DIRECTION('',(0.,0.,1.));
#8929 = ADVANCED_FACE('',(#8930),#8941,.T.);
#8930 = FACE_BOUND('',#8931,.T.);
#8931 = EDGE_LOOP('',(#8932,#8933,#8934,#8935));
#8932 = ORIENTED_EDGE('',*,*,#4882,.T.);
#8933 = ORIENTED_EDGE('',*,*,#8902,.T.);
#8934 = ORIENTED_EDGE('',*,*,#2014,.F.);
#8935 = ORIENTED_EDGE('',*,*,#8936,.F.);
#8936 = EDGE_CURVE('',#4874,#2006,#8937,.T.);
#8937 = LINE('',#8938,#8939);
#8938 = CARTESIAN_POINT('',(-2.54,11.325,5.8));
#8939 = VECTOR('',#8940,1.);
#8940 = DIRECTION('',(0.,0.,1.));
#8941 = PLANE('',#8942);
#8942 = AXIS2_PLACEMENT_3D('',#8943,#8944,#8945);
#8943 = CARTESIAN_POINT('',(-7.62,11.325,5.8));
#8944 = DIRECTION('',(-0.,1.,0.));
#8945 = DIRECTION('',(0.,0.,1.));
#8946 = ADVANCED_FACE('',(#8947),#8963,.F.);
#8947 = FACE_BOUND('',#8948,.F.);
#8948 = EDGE_LOOP('',(#8949,#8950,#8956,#8957));
#8949 = ORIENTED_EDGE('',*,*,#2022,.F.);
#8950 = ORIENTED_EDGE('',*,*,#8951,.F.);
#8951 = EDGE_CURVE('',#4891,#2023,#8952,.T.);
#8952 = LINE('',#8953,#8954);
#8953 = CARTESIAN_POINT('',(-26.565,27.94,5.8));
#8954 = VECTOR('',#8955,1.);
#8955 = DIRECTION('',(0.,0.,1.));
#8956 = ORIENTED_EDGE('',*,*,#4890,.T.);
#8957 = ORIENTED_EDGE('',*,*,#8958,.T.);
#8958 = EDGE_CURVE('',#4893,#2025,#8959,.T.);
#8959 = LINE('',#8960,#8961);
#8960 = CARTESIAN_POINT('',(-29.315,27.94,5.8));
#8961 = VECTOR('',#8962,1.);
#8962 = DIRECTION('',(0.,0.,1.));
#8963 = CYLINDRICAL_SURFACE('',#8964,1.375);
#8964 = AXIS2_PLACEMENT_3D('',#8965,#8966,#8967);
#8965 = CARTESIAN_POINT('',(-27.94,27.94,5.8));
#8966 = DIRECTION('',(0.,0.,1.));
#8967 = DIRECTION('',(1.,0.,-0.));
#8968 = ADVANCED_FACE('',(#8969),#8980,.F.);
#8969 = FACE_BOUND('',#8970,.F.);
#8970 = EDGE_LOOP('',(#8971,#8977,#8978,#8979));
#8971 = ORIENTED_EDGE('',*,*,#8972,.F.);
#8972 = EDGE_CURVE('',#4902,#2034,#8973,.T.);
#8973 = LINE('',#8974,#8975);
#8974 = CARTESIAN_POINT('',(-26.565,22.86,5.8));
#8975 = VECTOR('',#8976,1.);
#8976 = DIRECTION('',(0.,0.,1.));
#8977 = ORIENTED_EDGE('',*,*,#4901,.T.);
#8978 = ORIENTED_EDGE('',*,*,#8951,.T.);
#8979 = ORIENTED_EDGE('',*,*,#2033,.F.);
#8980 = PLANE('',#8981);
#8981 = AXIS2_PLACEMENT_3D('',#8982,#8983,#8984);
#8982 = CARTESIAN_POINT('',(-26.565,22.86,5.8));
#8983 = DIRECTION('',(1.,0.,-0.));
#8984 = DIRECTION('',(0.,0.,1.));
#8985 = ADVANCED_FACE('',(#8986),#8997,.T.);
#8986 = FACE_BOUND('',#8987,.T.);
#8987 = EDGE_LOOP('',(#8988,#8994,#8995,#8996));
#8988 = ORIENTED_EDGE('',*,*,#8989,.F.);
#8989 = EDGE_CURVE('',#4910,#2042,#8990,.T.);
#8990 = LINE('',#8991,#8992);
#8991 = CARTESIAN_POINT('',(-29.315,22.86,5.8));
#8992 = VECTOR('',#8993,1.);
#8993 = DIRECTION('',(0.,0.,1.));
#8994 = ORIENTED_EDGE('',*,*,#4918,.T.);
#8995 = ORIENTED_EDGE('',*,*,#8958,.T.);
#8996 = ORIENTED_EDGE('',*,*,#2050,.F.);
#8997 = PLANE('',#8998);
#8998 = AXIS2_PLACEMENT_3D('',#8999,#9000,#9001);
#8999 = CARTESIAN_POINT('',(-29.315,22.86,5.8));
#9000 = DIRECTION('',(1.,0.,-0.));
#9001 = DIRECTION('',(0.,0.,1.));
#9002 = ADVANCED_FACE('',(#9003),#9009,.F.);
#9003 = FACE_BOUND('',#9004,.F.);
#9004 = EDGE_LOOP('',(#9005,#9006,#9007,#9008));
#9005 = ORIENTED_EDGE('',*,*,#8972,.T.);
#9006 = ORIENTED_EDGE('',*,*,#2041,.F.);
#9007 = ORIENTED_EDGE('',*,*,#8989,.F.);
#9008 = ORIENTED_EDGE('',*,*,#4909,.T.);
#9009 = CYLINDRICAL_SURFACE('',#9010,1.375);
#9010 = AXIS2_PLACEMENT_3D('',#9011,#9012,#9013);
#9011 = CARTESIAN_POINT('',(-27.94,22.86,5.8));
#9012 = DIRECTION('',(0.,0.,1.));
#9013 = DIRECTION('',(1.,0.,-0.));
#9014 = ADVANCED_FACE('',(#9015),#9026,.F.);
#9015 = FACE_BOUND('',#9016,.F.);
#9016 = EDGE_LOOP('',(#9017,#9018,#9024,#9025));
#9017 = ORIENTED_EDGE('',*,*,#2058,.F.);
#9018 = ORIENTED_EDGE('',*,*,#9019,.F.);
#9019 = EDGE_CURVE('',#4927,#2059,#9020,.T.);
#9020 = LINE('',#9021,#9022);
#9021 = CARTESIAN_POINT('',(-21.485,22.86,5.8));
#9022 = VECTOR('',#9023,1.);
#9023 = DIRECTION('',(0.,0.,1.));
#9024 = ORIENTED_EDGE('',*,*,#4926,.T.);
#9025 = ORIENTED_EDGE('',*,*,#9019,.T.);
#9026 = CYLINDRICAL_SURFACE('',#9027,1.375);
#9027 = AXIS2_PLACEMENT_3D('',#9028,#9029,#9030);
#9028 = CARTESIAN_POINT('',(-22.86,22.86,5.8));
#9029 = DIRECTION('',(0.,0.,1.));
#9030 = DIRECTION('',(1.,0.,-0.));
#9031 = ADVANCED_FACE('',(#9032),#9043,.F.);
#9032 = FACE_BOUND('',#9033,.F.);
#9033 = EDGE_LOOP('',(#9034,#9035,#9041,#9042));
#9034 = ORIENTED_EDGE('',*,*,#2069,.F.);
#9035 = ORIENTED_EDGE('',*,*,#9036,.F.);
#9036 = EDGE_CURVE('',#4938,#2070,#9037,.T.);
#9037 = LINE('',#9038,#9039);
#9038 = CARTESIAN_POINT('',(-32.78,34.48,5.8));
#9039 = VECTOR('',#9040,1.);
#9040 = DIRECTION('',(0.,0.,1.));
#9041 = ORIENTED_EDGE('',*,*,#4937,.T.);
#9042 = ORIENTED_EDGE('',*,*,#9036,.T.);
#9043 = CYLINDRICAL_SURFACE('',#9044,1.7);
#9044 = AXIS2_PLACEMENT_3D('',#9045,#9046,#9047);
#9045 = CARTESIAN_POINT('',(-34.48,34.48,5.8));
#9046 = DIRECTION('',(0.,0.,1.));
#9047 = DIRECTION('',(1.,0.,-0.));
#9048 = ADVANCED_FACE('',(#9049),#9065,.F.);
#9049 = FACE_BOUND('',#9050,.F.);
#9050 = EDGE_LOOP('',(#9051,#9052,#9058,#9059));
#9051 = ORIENTED_EDGE('',*,*,#2080,.F.);
#9052 = ORIENTED_EDGE('',*,*,#9053,.F.);
#9053 = EDGE_CURVE('',#4949,#2081,#9054,.T.);
#9054 = LINE('',#9055,#9056);
#9055 = CARTESIAN_POINT('',(-22.86,29.315,5.8));
#9056 = VECTOR('',#9057,1.);
#9057 = DIRECTION('',(0.,0.,1.));
#9058 = ORIENTED_EDGE('',*,*,#4948,.T.);
#9059 = ORIENTED_EDGE('',*,*,#9060,.T.);
#9060 = EDGE_CURVE('',#4951,#2083,#9061,.T.);
#9061 = LINE('',#9062,#9063);
#9062 = CARTESIAN_POINT('',(-22.86,26.565,5.8));
#9063 = VECTOR('',#9064,1.);
#9064 = DIRECTION('',(0.,0.,1.));
#9065 = CYLINDRICAL_SURFACE('',#9066,1.375);
#9066 = AXIS2_PLACEMENT_3D('',#9067,#9068,#9069);
#9067 = CARTESIAN_POINT('',(-22.86,27.94,5.8));
#9068 = DIRECTION('',(0.,0.,1.));
#9069 = DIRECTION('',(1.,0.,-0.));
#9070 = ADVANCED_FACE('',(#9071),#9082,.F.);
#9071 = FACE_BOUND('',#9072,.F.);
#9072 = EDGE_LOOP('',(#9073,#9074,#9075,#9076));
#9073 = ORIENTED_EDGE('',*,*,#4959,.T.);
#9074 = ORIENTED_EDGE('',*,*,#9053,.T.);
#9075 = ORIENTED_EDGE('',*,*,#2091,.F.);
#9076 = ORIENTED_EDGE('',*,*,#9077,.F.);
#9077 = EDGE_CURVE('',#4960,#2092,#9078,.T.);
#9078 = LINE('',#9079,#9080);
#9079 = CARTESIAN_POINT('',(-17.78,29.315,5.8));
#9080 = VECTOR('',#9081,1.);
#9081 = DIRECTION('',(0.,0.,1.));
#9082 = PLANE('',#9083);
#9083 = AXIS2_PLACEMENT_3D('',#9084,#9085,#9086);
#9084 = CARTESIAN_POINT('',(-22.86,29.315,5.8));
#9085 = DIRECTION('',(-0.,1.,0.));
#9086 = DIRECTION('',(0.,0.,1.));
#9087 = ADVANCED_FACE('',(#9088),#9099,.T.);
#9088 = FACE_BOUND('',#9089,.T.);
#9089 = EDGE_LOOP('',(#9090,#9091,#9092,#9093));
#9090 = ORIENTED_EDGE('',*,*,#4985,.T.);
#9091 = ORIENTED_EDGE('',*,*,#9060,.T.);
#9092 = ORIENTED_EDGE('',*,*,#2117,.F.);
#9093 = ORIENTED_EDGE('',*,*,#9094,.F.);
#9094 = EDGE_CURVE('',#4977,#2109,#9095,.T.);
#9095 = LINE('',#9096,#9097);
#9096 = CARTESIAN_POINT('',(-17.78,26.565,5.8));
#9097 = VECTOR('',#9098,1.);
#9098 = DIRECTION('',(0.,0.,1.));
#9099 = PLANE('',#9100);
#9100 = AXIS2_PLACEMENT_3D('',#9101,#9102,#9103);
#9101 = CARTESIAN_POINT('',(-22.86,26.565,5.8));
#9102 = DIRECTION('',(-0.,1.,0.));
#9103 = DIRECTION('',(0.,0.,1.));
#9104 = ADVANCED_FACE('',(#9105),#9121,.F.);
#9105 = FACE_BOUND('',#9106,.F.);
#9106 = EDGE_LOOP('',(#9107,#9108,#9114,#9115));
#9107 = ORIENTED_EDGE('',*,*,#2125,.F.);
#9108 = ORIENTED_EDGE('',*,*,#9109,.F.);
#9109 = EDGE_CURVE('',#4994,#2126,#9110,.T.);
#9110 = LINE('',#9111,#9112);
#9111 = CARTESIAN_POINT('',(-16.405,22.86,5.8));
#9112 = VECTOR('',#9113,1.);
#9113 = DIRECTION('',(0.,0.,1.));
#9114 = ORIENTED_EDGE('',*,*,#4993,.T.);
#9115 = ORIENTED_EDGE('',*,*,#9116,.T.);
#9116 = EDGE_CURVE('',#4996,#2128,#9117,.T.);
#9117 = LINE('',#9118,#9119);
#9118 = CARTESIAN_POINT('',(-19.155,22.86,5.8));
#9119 = VECTOR('',#9120,1.);
#9120 = DIRECTION('',(0.,0.,1.));
#9121 = CYLINDRICAL_SURFACE('',#9122,1.375);
#9122 = AXIS2_PLACEMENT_3D('',#9123,#9124,#9125);
#9123 = CARTESIAN_POINT('',(-17.78,22.86,5.8));
#9124 = DIRECTION('',(0.,0.,1.));
#9125 = DIRECTION('',(1.,0.,-0.));
#9126 = ADVANCED_FACE('',(#9127),#9138,.F.);
#9127 = FACE_BOUND('',#9128,.F.);
#9128 = EDGE_LOOP('',(#9129,#9135,#9136,#9137));
#9129 = ORIENTED_EDGE('',*,*,#9130,.F.);
#9130 = EDGE_CURVE('',#5005,#2137,#9131,.T.);
#9131 = LINE('',#9132,#9133);
#9132 = CARTESIAN_POINT('',(-16.405,17.78,5.8));
#9133 = VECTOR('',#9134,1.);
#9134 = DIRECTION('',(0.,0.,1.));
#9135 = ORIENTED_EDGE('',*,*,#5004,.T.);
#9136 = ORIENTED_EDGE('',*,*,#9109,.T.);
#9137 = ORIENTED_EDGE('',*,*,#2136,.F.);
#9138 = PLANE('',#9139);
#9139 = AXIS2_PLACEMENT_3D('',#9140,#9141,#9142);
#9140 = CARTESIAN_POINT('',(-16.405,17.78,5.8));
#9141 = DIRECTION('',(1.,0.,-0.));
#9142 = DIRECTION('',(0.,0.,1.));
#9143 = ADVANCED_FACE('',(#9144),#9155,.T.);
#9144 = FACE_BOUND('',#9145,.T.);
#9145 = EDGE_LOOP('',(#9146,#9152,#9153,#9154));
#9146 = ORIENTED_EDGE('',*,*,#9147,.F.);
#9147 = EDGE_CURVE('',#5013,#2145,#9148,.T.);
#9148 = LINE('',#9149,#9150);
#9149 = CARTESIAN_POINT('',(-19.155,17.78,5.8));
#9150 = VECTOR('',#9151,1.);
#9151 = DIRECTION('',(0.,0.,1.));
#9152 = ORIENTED_EDGE('',*,*,#5021,.T.);
#9153 = ORIENTED_EDGE('',*,*,#9116,.T.);
#9154 = ORIENTED_EDGE('',*,*,#2153,.F.);
#9155 = PLANE('',#9156);
#9156 = AXIS2_PLACEMENT_3D('',#9157,#9158,#9159);
#9157 = CARTESIAN_POINT('',(-19.155,17.78,5.8));
#9158 = DIRECTION('',(1.,0.,-0.));
#9159 = DIRECTION('',(0.,0.,1.));
#9160 = ADVANCED_FACE('',(#9161),#9167,.F.);
#9161 = FACE_BOUND('',#9162,.F.);
#9162 = EDGE_LOOP('',(#9163,#9164,#9165,#9166));
#9163 = ORIENTED_EDGE('',*,*,#9130,.T.);
#9164 = ORIENTED_EDGE('',*,*,#2144,.F.);
#9165 = ORIENTED_EDGE('',*,*,#9147,.F.);
#9166 = ORIENTED_EDGE('',*,*,#5012,.T.);
#9167 = CYLINDRICAL_SURFACE('',#9168,1.375);
#9168 = AXIS2_PLACEMENT_3D('',#9169,#9170,#9171);
#9169 = CARTESIAN_POINT('',(-17.78,17.78,5.8));
#9170 = DIRECTION('',(0.,0.,1.));
#9171 = DIRECTION('',(1.,0.,-0.));
#9172 = ADVANCED_FACE('',(#9173),#9189,.F.);
#9173 = FACE_BOUND('',#9174,.F.);
#9174 = EDGE_LOOP('',(#9175,#9176,#9182,#9183));
#9175 = ORIENTED_EDGE('',*,*,#2161,.F.);
#9176 = ORIENTED_EDGE('',*,*,#9177,.F.);
#9177 = EDGE_CURVE('',#5030,#2162,#9178,.T.);
#9178 = LINE('',#9179,#9180);
#9179 = CARTESIAN_POINT('',(-11.325,27.94,5.8));
#9180 = VECTOR('',#9181,1.);
#9181 = DIRECTION('',(0.,0.,1.));
#9182 = ORIENTED_EDGE('',*,*,#5029,.T.);
#9183 = ORIENTED_EDGE('',*,*,#9184,.T.);
#9184 = EDGE_CURVE('',#5032,#2164,#9185,.T.);
#9185 = LINE('',#9186,#9187);
#9186 = CARTESIAN_POINT('',(-14.075,27.94,5.8));
#9187 = VECTOR('',#9188,1.);
#9188 = DIRECTION('',(0.,0.,1.));
#9189 = CYLINDRICAL_SURFACE('',#9190,1.375);
#9190 = AXIS2_PLACEMENT_3D('',#9191,#9192,#9193);
#9191 = CARTESIAN_POINT('',(-12.7,27.94,5.8));
#9192 = DIRECTION('',(0.,0.,1.));
#9193 = DIRECTION('',(1.,0.,-0.));
#9194 = ADVANCED_FACE('',(#9195),#9206,.F.);
#9195 = FACE_BOUND('',#9196,.F.);
#9196 = EDGE_LOOP('',(#9197,#9203,#9204,#9205));
#9197 = ORIENTED_EDGE('',*,*,#9198,.F.);
#9198 = EDGE_CURVE('',#5041,#2173,#9199,.T.);
#9199 = LINE('',#9200,#9201);
#9200 = CARTESIAN_POINT('',(-11.325,22.86,5.8));
#9201 = VECTOR('',#9202,1.);
#9202 = DIRECTION('',(0.,0.,1.));
#9203 = ORIENTED_EDGE('',*,*,#5040,.T.);
#9204 = ORIENTED_EDGE('',*,*,#9177,.T.);
#9205 = ORIENTED_EDGE('',*,*,#2172,.F.);
#9206 = PLANE('',#9207);
#9207 = AXIS2_PLACEMENT_3D('',#9208,#9209,#9210);
#9208 = CARTESIAN_POINT('',(-11.325,22.86,5.8));
#9209 = DIRECTION('',(1.,0.,-0.));
#9210 = DIRECTION('',(0.,0.,1.));
#9211 = ADVANCED_FACE('',(#9212),#9223,.T.);
#9212 = FACE_BOUND('',#9213,.T.);
#9213 = EDGE_LOOP('',(#9214,#9220,#9221,#9222));
#9214 = ORIENTED_EDGE('',*,*,#9215,.F.);
#9215 = EDGE_CURVE('',#5049,#2181,#9216,.T.);
#9216 = LINE('',#9217,#9218);
#9217 = CARTESIAN_POINT('',(-14.075,22.86,5.8));
#9218 = VECTOR('',#9219,1.);
#9219 = DIRECTION('',(0.,0.,1.));
#9220 = ORIENTED_EDGE('',*,*,#5057,.T.);
#9221 = ORIENTED_EDGE('',*,*,#9184,.T.);
#9222 = ORIENTED_EDGE('',*,*,#2189,.F.);
#9223 = PLANE('',#9224);
#9224 = AXIS2_PLACEMENT_3D('',#9225,#9226,#9227);
#9225 = CARTESIAN_POINT('',(-14.075,22.86,5.8));
#9226 = DIRECTION('',(1.,0.,-0.));
#9227 = DIRECTION('',(0.,0.,1.));
#9228 = ADVANCED_FACE('',(#9229),#9235,.F.);
#9229 = FACE_BOUND('',#9230,.F.);
#9230 = EDGE_LOOP('',(#9231,#9232,#9233,#9234));
#9231 = ORIENTED_EDGE('',*,*,#9198,.T.);
#9232 = ORIENTED_EDGE('',*,*,#2180,.F.);
#9233 = ORIENTED_EDGE('',*,*,#9215,.F.);
#9234 = ORIENTED_EDGE('',*,*,#5048,.T.);
#9235 = CYLINDRICAL_SURFACE('',#9236,1.375);
#9236 = AXIS2_PLACEMENT_3D('',#9237,#9238,#9239);
#9237 = CARTESIAN_POINT('',(-12.7,22.86,5.8));
#9238 = DIRECTION('',(0.,0.,1.));
#9239 = DIRECTION('',(1.,0.,-0.));
#9240 = ADVANCED_FACE('',(#9241),#9257,.F.);
#9241 = FACE_BOUND('',#9242,.F.);
#9242 = EDGE_LOOP('',(#9243,#9244,#9250,#9251));
#9243 = ORIENTED_EDGE('',*,*,#2197,.F.);
#9244 = ORIENTED_EDGE('',*,*,#9245,.F.);
#9245 = EDGE_CURVE('',#5066,#2198,#9246,.T.);
#9246 = LINE('',#9247,#9248);
#9247 = CARTESIAN_POINT('',(-1.165,22.86,5.8));
#9248 = VECTOR('',#9249,1.);
#9249 = DIRECTION('',(0.,0.,1.));
#9250 = ORIENTED_EDGE('',*,*,#5065,.T.);
#9251 = ORIENTED_EDGE('',*,*,#9252,.T.);
#9252 = EDGE_CURVE('',#5068,#2200,#9253,.T.);
#9253 = LINE('',#9254,#9255);
#9254 = CARTESIAN_POINT('',(-3.915,22.86,5.8));
#9255 = VECTOR('',#9256,1.);
#9256 = DIRECTION('',(0.,0.,1.));
#9257 = CYLINDRICAL_SURFACE('',#9258,1.375);
#9258 = AXIS2_PLACEMENT_3D('',#9259,#9260,#9261);
#9259 = CARTESIAN_POINT('',(-2.54,22.86,5.8));
#9260 = DIRECTION('',(0.,0.,1.));
#9261 = DIRECTION('',(1.,0.,-0.));
#9262 = ADVANCED_FACE('',(#9263),#9274,.F.);
#9263 = FACE_BOUND('',#9264,.F.);
#9264 = EDGE_LOOP('',(#9265,#9271,#9272,#9273));
#9265 = ORIENTED_EDGE('',*,*,#9266,.F.);
#9266 = EDGE_CURVE('',#5077,#2209,#9267,.T.);
#9267 = LINE('',#9268,#9269);
#9268 = CARTESIAN_POINT('',(-1.165,17.78,5.8));
#9269 = VECTOR('',#9270,1.);
#9270 = DIRECTION('',(0.,0.,1.));
#9271 = ORIENTED_EDGE('',*,*,#5076,.T.);
#9272 = ORIENTED_EDGE('',*,*,#9245,.T.);
#9273 = ORIENTED_EDGE('',*,*,#2208,.F.);
#9274 = PLANE('',#9275);
#9275 = AXIS2_PLACEMENT_3D('',#9276,#9277,#9278);
#9276 = CARTESIAN_POINT('',(-1.165,17.78,5.8));
#9277 = DIRECTION('',(1.,0.,-0.));
#9278 = DIRECTION('',(0.,0.,1.));
#9279 = ADVANCED_FACE('',(#9280),#9291,.T.);
#9280 = FACE_BOUND('',#9281,.T.);
#9281 = EDGE_LOOP('',(#9282,#9288,#9289,#9290));
#9282 = ORIENTED_EDGE('',*,*,#9283,.F.);
#9283 = EDGE_CURVE('',#5085,#2217,#9284,.T.);
#9284 = LINE('',#9285,#9286);
#9285 = CARTESIAN_POINT('',(-3.915,17.78,5.8));
#9286 = VECTOR('',#9287,1.);
#9287 = DIRECTION('',(0.,0.,1.));
#9288 = ORIENTED_EDGE('',*,*,#5093,.T.);
#9289 = ORIENTED_EDGE('',*,*,#9252,.T.);
#9290 = ORIENTED_EDGE('',*,*,#2225,.F.);
#9291 = PLANE('',#9292);
#9292 = AXIS2_PLACEMENT_3D('',#9293,#9294,#9295);
#9293 = CARTESIAN_POINT('',(-3.915,17.78,5.8));
#9294 = DIRECTION('',(1.,0.,-0.));
#9295 = DIRECTION('',(0.,0.,1.));
#9296 = ADVANCED_FACE('',(#9297),#9303,.F.);
#9297 = FACE_BOUND('',#9298,.F.);
#9298 = EDGE_LOOP('',(#9299,#9300,#9301,#9302));
#9299 = ORIENTED_EDGE('',*,*,#9266,.T.);
#9300 = ORIENTED_EDGE('',*,*,#2216,.F.);
#9301 = ORIENTED_EDGE('',*,*,#9283,.F.);
#9302 = ORIENTED_EDGE('',*,*,#5084,.T.);
#9303 = CYLINDRICAL_SURFACE('',#9304,1.375);
#9304 = AXIS2_PLACEMENT_3D('',#9305,#9306,#9307);
#9305 = CARTESIAN_POINT('',(-2.54,17.78,5.8));
#9306 = DIRECTION('',(0.,0.,1.));
#9307 = DIRECTION('',(1.,0.,-0.));
#9308 = ADVANCED_FACE('',(#9309),#9320,.F.);
#9309 = FACE_BOUND('',#9310,.F.);
#9310 = EDGE_LOOP('',(#9311,#9312,#9318,#9319));
#9311 = ORIENTED_EDGE('',*,*,#2233,.F.);
#9312 = ORIENTED_EDGE('',*,*,#9313,.F.);
#9313 = EDGE_CURVE('',#5102,#2234,#9314,.T.);
#9314 = LINE('',#9315,#9316);
#9315 = CARTESIAN_POINT('',(-6.245,22.86,5.8));
#9316 = VECTOR('',#9317,1.);
#9317 = DIRECTION('',(0.,0.,1.));
#9318 = ORIENTED_EDGE('',*,*,#5101,.T.);
#9319 = ORIENTED_EDGE('',*,*,#9313,.T.);
#9320 = CYLINDRICAL_SURFACE('',#9321,1.375);
#9321 = AXIS2_PLACEMENT_3D('',#9322,#9323,#9324);
#9322 = CARTESIAN_POINT('',(-7.62,22.86,5.8));
#9323 = DIRECTION('',(0.,0.,1.));
#9324 = DIRECTION('',(1.,0.,-0.));
#9325 = ADVANCED_FACE('',(#9326),#9342,.F.);
#9326 = FACE_BOUND('',#9327,.F.);
#9327 = EDGE_LOOP('',(#9328,#9329,#9335,#9336));
#9328 = ORIENTED_EDGE('',*,*,#2244,.F.);
#9329 = ORIENTED_EDGE('',*,*,#9330,.F.);
#9330 = EDGE_CURVE('',#5113,#2245,#9331,.T.);
#9331 = LINE('',#9332,#9333);
#9332 = CARTESIAN_POINT('',(-7.62,29.315,5.8));
#9333 = VECTOR('',#9334,1.);
#9334 = DIRECTION('',(0.,0.,1.));
#9335 = ORIENTED_EDGE('',*,*,#5112,.T.);
#9336 = ORIENTED_EDGE('',*,*,#9337,.T.);
#9337 = EDGE_CURVE('',#5115,#2247,#9338,.T.);
#9338 = LINE('',#9339,#9340);
#9339 = CARTESIAN_POINT('',(-7.62,26.565,5.8));
#9340 = VECTOR('',#9341,1.);
#9341 = DIRECTION('',(0.,0.,1.));
#9342 = CYLINDRICAL_SURFACE('',#9343,1.375);
#9343 = AXIS2_PLACEMENT_3D('',#9344,#9345,#9346);
#9344 = CARTESIAN_POINT('',(-7.62,27.94,5.8));
#9345 = DIRECTION('',(0.,0.,1.));
#9346 = DIRECTION('',(1.,0.,-0.));
#9347 = ADVANCED_FACE('',(#9348),#9359,.F.);
#9348 = FACE_BOUND('',#9349,.F.);
#9349 = EDGE_LOOP('',(#9350,#9351,#9352,#9353));
#9350 = ORIENTED_EDGE('',*,*,#5123,.T.);
#9351 = ORIENTED_EDGE('',*,*,#9330,.T.);
#9352 = ORIENTED_EDGE('',*,*,#2255,.F.);
#9353 = ORIENTED_EDGE('',*,*,#9354,.F.);
#9354 = EDGE_CURVE('',#5124,#2256,#9355,.T.);
#9355 = LINE('',#9356,#9357);
#9356 = CARTESIAN_POINT('',(-2.54,29.315,5.8));
#9357 = VECTOR('',#9358,1.);
#9358 = DIRECTION('',(0.,0.,1.));
#9359 = PLANE('',#9360);
#9360 = AXIS2_PLACEMENT_3D('',#9361,#9362,#9363);
#9361 = CARTESIAN_POINT('',(-7.62,29.315,5.8));
#9362 = DIRECTION('',(-0.,1.,0.));
#9363 = DIRECTION('',(0.,0.,1.));
#9364 = ADVANCED_FACE('',(#9365),#9376,.T.);
#9365 = FACE_BOUND('',#9366,.T.);
#9366 = EDGE_LOOP('',(#9367,#9368,#9369,#9370));
#9367 = ORIENTED_EDGE('',*,*,#5149,.T.);
#9368 = ORIENTED_EDGE('',*,*,#9337,.T.);
#9369 = ORIENTED_EDGE('',*,*,#2281,.F.);
#9370 = ORIENTED_EDGE('',*,*,#9371,.F.);
#9371 = EDGE_CURVE('',#5141,#2273,#9372,.T.);
#9372 = LINE('',#9373,#9374);
#9373 = CARTESIAN_POINT('',(-2.54,26.565,5.8));
#9374 = VECTOR('',#9375,1.);
#9375 = DIRECTION('',(0.,0.,1.));
#9376 = PLANE('',#9377);
#9377 = AXIS2_PLACEMENT_3D('',#9378,#9379,#9380);
#9378 = CARTESIAN_POINT('',(-7.62,26.565,5.8));
#9379 = DIRECTION('',(-0.,1.,0.));
#9380 = DIRECTION('',(0.,0.,1.));
#9381 = ADVANCED_FACE('',(#9382),#9393,.F.);
#9382 = FACE_BOUND('',#9383,.F.);
#9383 = EDGE_LOOP('',(#9384,#9385,#9391,#9392));
#9384 = ORIENTED_EDGE('',*,*,#2289,.F.);
#9385 = ORIENTED_EDGE('',*,*,#9386,.F.);
#9386 = EDGE_CURVE('',#5203,#2290,#9387,.T.);
#9387 = LINE('',#9388,#9389);
#9388 = CARTESIAN_POINT('',(8.995,7.62,5.8));
#9389 = VECTOR('',#9390,1.);
#9390 = DIRECTION('',(0.,0.,1.));
#9391 = ORIENTED_EDGE('',*,*,#5202,.T.);
#9392 = ORIENTED_EDGE('',*,*,#9386,.T.);
#9393 = CYLINDRICAL_SURFACE('',#9394,1.375);
#9394 = AXIS2_PLACEMENT_3D('',#9395,#9396,#9397);
#9395 = CARTESIAN_POINT('',(7.62,7.62,5.8));
#9396 = DIRECTION('',(0.,0.,1.));
#9397 = DIRECTION('',(1.,0.,-0.));
#9398 = ADVANCED_FACE('',(#9399),#9415,.F.);
#9399 = FACE_BOUND('',#9400,.F.);
#9400 = EDGE_LOOP('',(#9401,#9402,#9408,#9409));
#9401 = ORIENTED_EDGE('',*,*,#2300,.F.);
#9402 = ORIENTED_EDGE('',*,*,#9403,.F.);
#9403 = EDGE_CURVE('',#5214,#2301,#9404,.T.);
#9404 = LINE('',#9405,#9406);
#9405 = CARTESIAN_POINT('',(14.075,7.62,5.8));
#9406 = VECTOR('',#9407,1.);
#9407 = DIRECTION('',(0.,0.,1.));
#9408 = ORIENTED_EDGE('',*,*,#5213,.T.);
#9409 = ORIENTED_EDGE('',*,*,#9410,.T.);
#9410 = EDGE_CURVE('',#5216,#2303,#9411,.T.);
#9411 = LINE('',#9412,#9413);
#9412 = CARTESIAN_POINT('',(11.325,7.62,5.8));
#9413 = VECTOR('',#9414,1.);
#9414 = DIRECTION('',(0.,0.,1.));
#9415 = CYLINDRICAL_SURFACE('',#9416,1.375);
#9416 = AXIS2_PLACEMENT_3D('',#9417,#9418,#9419);
#9417 = CARTESIAN_POINT('',(12.7,7.62,5.8));
#9418 = DIRECTION('',(0.,0.,1.));
#9419 = DIRECTION('',(1.,0.,-0.));
#9420 = ADVANCED_FACE('',(#9421),#9432,.F.);
#9421 = FACE_BOUND('',#9422,.F.);
#9422 = EDGE_LOOP('',(#9423,#9429,#9430,#9431));
#9423 = ORIENTED_EDGE('',*,*,#9424,.F.);
#9424 = EDGE_CURVE('',#5225,#2312,#9425,.T.);
#9425 = LINE('',#9426,#9427);
#9426 = CARTESIAN_POINT('',(14.075,2.54,5.8));
#9427 = VECTOR('',#9428,1.);
#9428 = DIRECTION('',(0.,0.,1.));
#9429 = ORIENTED_EDGE('',*,*,#5224,.T.);
#9430 = ORIENTED_EDGE('',*,*,#9403,.T.);
#9431 = ORIENTED_EDGE('',*,*,#2311,.F.);
#9432 = PLANE('',#9433);
#9433 = AXIS2_PLACEMENT_3D('',#9434,#9435,#9436);
#9434 = CARTESIAN_POINT('',(14.075,2.54,5.8));
#9435 = DIRECTION('',(1.,0.,-0.));
#9436 = DIRECTION('',(0.,0.,1.));
#9437 = ADVANCED_FACE('',(#9438),#9449,.T.);
#9438 = FACE_BOUND('',#9439,.T.);
#9439 = EDGE_LOOP('',(#9440,#9446,#9447,#9448));
#9440 = ORIENTED_EDGE('',*,*,#9441,.F.);
#9441 = EDGE_CURVE('',#5233,#2320,#9442,.T.);
#9442 = LINE('',#9443,#9444);
#9443 = CARTESIAN_POINT('',(11.325,2.54,5.8));
#9444 = VECTOR('',#9445,1.);
#9445 = DIRECTION('',(0.,0.,1.));
#9446 = ORIENTED_EDGE('',*,*,#5241,.T.);
#9447 = ORIENTED_EDGE('',*,*,#9410,.T.);
#9448 = ORIENTED_EDGE('',*,*,#2328,.F.);
#9449 = PLANE('',#9450);
#9450 = AXIS2_PLACEMENT_3D('',#9451,#9452,#9453);
#9451 = CARTESIAN_POINT('',(11.325,2.54,5.8));
#9452 = DIRECTION('',(1.,0.,-0.));
#9453 = DIRECTION('',(0.,0.,1.));
#9454 = ADVANCED_FACE('',(#9455),#9461,.F.);
#9455 = FACE_BOUND('',#9456,.F.);
#9456 = EDGE_LOOP('',(#9457,#9458,#9459,#9460));
#9457 = ORIENTED_EDGE('',*,*,#9424,.T.);
#9458 = ORIENTED_EDGE('',*,*,#2319,.F.);
#9459 = ORIENTED_EDGE('',*,*,#9441,.F.);
#9460 = ORIENTED_EDGE('',*,*,#5232,.T.);
#9461 = CYLINDRICAL_SURFACE('',#9462,1.375);
#9462 = AXIS2_PLACEMENT_3D('',#9463,#9464,#9465);
#9463 = CARTESIAN_POINT('',(12.7,2.54,5.8));
#9464 = DIRECTION('',(0.,0.,1.));
#9465 = DIRECTION('',(1.,0.,-0.));
#9466 = ADVANCED_FACE('',(#9467),#9483,.F.);
#9467 = FACE_BOUND('',#9468,.F.);
#9468 = EDGE_LOOP('',(#9469,#9470,#9476,#9477));
#9469 = ORIENTED_EDGE('',*,*,#2336,.F.);
#9470 = ORIENTED_EDGE('',*,*,#9471,.F.);
#9471 = EDGE_CURVE('',#5250,#2337,#9472,.T.);
#9472 = LINE('',#9473,#9474);
#9473 = CARTESIAN_POINT('',(3.915,12.7,5.8));
#9474 = VECTOR('',#9475,1.);
#9475 = DIRECTION('',(0.,0.,1.));
#9476 = ORIENTED_EDGE('',*,*,#5249,.T.);
#9477 = ORIENTED_EDGE('',*,*,#9478,.T.);
#9478 = EDGE_CURVE('',#5252,#2339,#9479,.T.);
#9479 = LINE('',#9480,#9481);
#9480 = CARTESIAN_POINT('',(1.165,12.7,5.8));
#9481 = VECTOR('',#9482,1.);
#9482 = DIRECTION('',(0.,0.,1.));
#9483 = CYLINDRICAL_SURFACE('',#9484,1.375);
#9484 = AXIS2_PLACEMENT_3D('',#9485,#9486,#9487);
#9485 = CARTESIAN_POINT('',(2.54,12.7,5.8));
#9486 = DIRECTION('',(0.,0.,1.));
#9487 = DIRECTION('',(1.,0.,-0.));
#9488 = ADVANCED_FACE('',(#9489),#9500,.F.);
#9489 = FACE_BOUND('',#9490,.F.);
#9490 = EDGE_LOOP('',(#9491,#9497,#9498,#9499));
#9491 = ORIENTED_EDGE('',*,*,#9492,.F.);
#9492 = EDGE_CURVE('',#5261,#2348,#9493,.T.);
#9493 = LINE('',#9494,#9495);
#9494 = CARTESIAN_POINT('',(3.915,7.62,5.8));
#9495 = VECTOR('',#9496,1.);
#9496 = DIRECTION('',(0.,0.,1.));
#9497 = ORIENTED_EDGE('',*,*,#5260,.T.);
#9498 = ORIENTED_EDGE('',*,*,#9471,.T.);
#9499 = ORIENTED_EDGE('',*,*,#2347,.F.);
#9500 = PLANE('',#9501);
#9501 = AXIS2_PLACEMENT_3D('',#9502,#9503,#9504);
#9502 = CARTESIAN_POINT('',(3.915,7.62,5.8));
#9503 = DIRECTION('',(1.,0.,-0.));
#9504 = DIRECTION('',(0.,0.,1.));
#9505 = ADVANCED_FACE('',(#9506),#9517,.T.);
#9506 = FACE_BOUND('',#9507,.T.);
#9507 = EDGE_LOOP('',(#9508,#9514,#9515,#9516));
#9508 = ORIENTED_EDGE('',*,*,#9509,.F.);
#9509 = EDGE_CURVE('',#5269,#2356,#9510,.T.);
#9510 = LINE('',#9511,#9512);
#9511 = CARTESIAN_POINT('',(1.165,7.62,5.8));
#9512 = VECTOR('',#9513,1.);
#9513 = DIRECTION('',(0.,0.,1.));
#9514 = ORIENTED_EDGE('',*,*,#5277,.T.);
#9515 = ORIENTED_EDGE('',*,*,#9478,.T.);
#9516 = ORIENTED_EDGE('',*,*,#2364,.F.);
#9517 = PLANE('',#9518);
#9518 = AXIS2_PLACEMENT_3D('',#9519,#9520,#9521);
#9519 = CARTESIAN_POINT('',(1.165,7.62,5.8));
#9520 = DIRECTION('',(1.,0.,-0.));
#9521 = DIRECTION('',(0.,0.,1.));
#9522 = ADVANCED_FACE('',(#9523),#9529,.F.);
#9523 = FACE_BOUND('',#9524,.F.);
#9524 = EDGE_LOOP('',(#9525,#9526,#9527,#9528));
#9525 = ORIENTED_EDGE('',*,*,#9492,.T.);
#9526 = ORIENTED_EDGE('',*,*,#2355,.F.);
#9527 = ORIENTED_EDGE('',*,*,#9509,.F.);
#9528 = ORIENTED_EDGE('',*,*,#5268,.T.);
#9529 = CYLINDRICAL_SURFACE('',#9530,1.375);
#9530 = AXIS2_PLACEMENT_3D('',#9531,#9532,#9533);
#9531 = CARTESIAN_POINT('',(2.54,7.62,5.8));
#9532 = DIRECTION('',(0.,0.,1.));
#9533 = DIRECTION('',(1.,0.,-0.));
#9534 = ADVANCED_FACE('',(#9535),#9551,.F.);
#9535 = FACE_BOUND('',#9536,.F.);
#9536 = EDGE_LOOP('',(#9537,#9538,#9544,#9545));
#9537 = ORIENTED_EDGE('',*,*,#2372,.F.);
#9538 = ORIENTED_EDGE('',*,*,#9539,.F.);
#9539 = EDGE_CURVE('',#5286,#2373,#9540,.T.);
#9540 = LINE('',#9541,#9542);
#9541 = CARTESIAN_POINT('',(2.54,19.155,5.8));
#9542 = VECTOR('',#9543,1.);
#9543 = DIRECTION('',(0.,0.,1.));
#9544 = ORIENTED_EDGE('',*,*,#5285,.T.);
#9545 = ORIENTED_EDGE('',*,*,#9546,.T.);
#9546 = EDGE_CURVE('',#5288,#2375,#9547,.T.);
#9547 = LINE('',#9548,#9549);
#9548 = CARTESIAN_POINT('',(2.54,16.405,5.8));
#9549 = VECTOR('',#9550,1.);
#9550 = DIRECTION('',(0.,0.,1.));
#9551 = CYLINDRICAL_SURFACE('',#9552,1.375);
#9552 = AXIS2_PLACEMENT_3D('',#9553,#9554,#9555);
#9553 = CARTESIAN_POINT('',(2.54,17.78,5.8));
#9554 = DIRECTION('',(0.,0.,1.));
#9555 = DIRECTION('',(1.,0.,-0.));
#9556 = ADVANCED_FACE('',(#9557),#9568,.F.);
#9557 = FACE_BOUND('',#9558,.F.);
#9558 = EDGE_LOOP('',(#9559,#9560,#9561,#9562));
#9559 = ORIENTED_EDGE('',*,*,#5296,.T.);
#9560 = ORIENTED_EDGE('',*,*,#9539,.T.);
#9561 = ORIENTED_EDGE('',*,*,#2383,.F.);
#9562 = ORIENTED_EDGE('',*,*,#9563,.F.);
#9563 = EDGE_CURVE('',#5297,#2384,#9564,.T.);
#9564 = LINE('',#9565,#9566);
#9565 = CARTESIAN_POINT('',(7.62,19.155,5.8));
#9566 = VECTOR('',#9567,1.);
#9567 = DIRECTION('',(0.,0.,1.));
#9568 = PLANE('',#9569);
#9569 = AXIS2_PLACEMENT_3D('',#9570,#9571,#9572);
#9570 = CARTESIAN_POINT('',(2.54,19.155,5.8));
#9571 = DIRECTION('',(-0.,1.,0.));
#9572 = DIRECTION('',(0.,0.,1.));
#9573 = ADVANCED_FACE('',(#9574),#9585,.T.);
#9574 = FACE_BOUND('',#9575,.T.);
#9575 = EDGE_LOOP('',(#9576,#9577,#9578,#9579));
#9576 = ORIENTED_EDGE('',*,*,#5322,.T.);
#9577 = ORIENTED_EDGE('',*,*,#9546,.T.);
#9578 = ORIENTED_EDGE('',*,*,#2409,.F.);
#9579 = ORIENTED_EDGE('',*,*,#9580,.F.);
#9580 = EDGE_CURVE('',#5314,#2401,#9581,.T.);
#9581 = LINE('',#9582,#9583);
#9582 = CARTESIAN_POINT('',(7.62,16.405,5.8));
#9583 = VECTOR('',#9584,1.);
#9584 = DIRECTION('',(0.,0.,1.));
#9585 = PLANE('',#9586);
#9586 = AXIS2_PLACEMENT_3D('',#9587,#9588,#9589);
#9587 = CARTESIAN_POINT('',(2.54,16.405,5.8));
#9588 = DIRECTION('',(-0.,1.,0.));
#9589 = DIRECTION('',(0.,0.,1.));
#9590 = ADVANCED_FACE('',(#9591),#9607,.F.);
#9591 = FACE_BOUND('',#9592,.F.);
#9592 = EDGE_LOOP('',(#9593,#9594,#9600,#9601));
#9593 = ORIENTED_EDGE('',*,*,#2417,.F.);
#9594 = ORIENTED_EDGE('',*,*,#9595,.F.);
#9595 = EDGE_CURVE('',#5331,#2418,#9596,.T.);
#9596 = LINE('',#9597,#9598);
#9597 = CARTESIAN_POINT('',(7.62,14.075,5.8));
#9598 = VECTOR('',#9599,1.);
#9599 = DIRECTION('',(0.,0.,1.));
#9600 = ORIENTED_EDGE('',*,*,#5330,.T.);
#9601 = ORIENTED_EDGE('',*,*,#9602,.T.);
#9602 = EDGE_CURVE('',#5333,#2420,#9603,.T.);
#9603 = LINE('',#9604,#9605);
#9604 = CARTESIAN_POINT('',(7.62,11.325,5.8));
#9605 = VECTOR('',#9606,1.);
#9606 = DIRECTION('',(0.,0.,1.));
#9607 = CYLINDRICAL_SURFACE('',#9608,1.375);
#9608 = AXIS2_PLACEMENT_3D('',#9609,#9610,#9611);
#9609 = CARTESIAN_POINT('',(7.62,12.7,5.8));
#9610 = DIRECTION('',(0.,0.,1.));
#9611 = DIRECTION('',(1.,0.,-0.));
#9612 = ADVANCED_FACE('',(#9613),#9624,.F.);
#9613 = FACE_BOUND('',#9614,.F.);
#9614 = EDGE_LOOP('',(#9615,#9616,#9617,#9618));
#9615 = ORIENTED_EDGE('',*,*,#5341,.T.);
#9616 = ORIENTED_EDGE('',*,*,#9595,.T.);
#9617 = ORIENTED_EDGE('',*,*,#2428,.F.);
#9618 = ORIENTED_EDGE('',*,*,#9619,.F.);
#9619 = EDGE_CURVE('',#5342,#2429,#9620,.T.);
#9620 = LINE('',#9621,#9622);
#9621 = CARTESIAN_POINT('',(12.7,14.075,5.8));
#9622 = VECTOR('',#9623,1.);
#9623 = DIRECTION('',(0.,0.,1.));
#9624 = PLANE('',#9625);
#9625 = AXIS2_PLACEMENT_3D('',#9626,#9627,#9628);
#9626 = CARTESIAN_POINT('',(7.62,14.075,5.8));
#9627 = DIRECTION('',(-0.,1.,0.));
#9628 = DIRECTION('',(0.,0.,1.));
#9629 = ADVANCED_FACE('',(#9630),#9641,.T.);
#9630 = FACE_BOUND('',#9631,.T.);
#9631 = EDGE_LOOP('',(#9632,#9633,#9634,#9635));
#9632 = ORIENTED_EDGE('',*,*,#5367,.T.);
#9633 = ORIENTED_EDGE('',*,*,#9602,.T.);
#9634 = ORIENTED_EDGE('',*,*,#2454,.F.);
#9635 = ORIENTED_EDGE('',*,*,#9636,.F.);
#9636 = EDGE_CURVE('',#5359,#2446,#9637,.T.);
#9637 = LINE('',#9638,#9639);
#9638 = CARTESIAN_POINT('',(12.7,11.325,5.8));
#9639 = VECTOR('',#9640,1.);
#9640 = DIRECTION('',(0.,0.,1.));
#9641 = PLANE('',#9642);
#9642 = AXIS2_PLACEMENT_3D('',#9643,#9644,#9645);
#9643 = CARTESIAN_POINT('',(7.62,11.325,5.8));
#9644 = DIRECTION('',(-0.,1.,0.));
#9645 = DIRECTION('',(0.,0.,1.));
#9646 = ADVANCED_FACE('',(#9647),#9663,.F.);
#9647 = FACE_BOUND('',#9648,.F.);
#9648 = EDGE_LOOP('',(#9649,#9650,#9656,#9657));
#9649 = ORIENTED_EDGE('',*,*,#2462,.F.);
#9650 = ORIENTED_EDGE('',*,*,#9651,.F.);
#9651 = EDGE_CURVE('',#5376,#2463,#9652,.T.);
#9652 = LINE('',#9653,#9654);
#9653 = CARTESIAN_POINT('',(19.155,12.7,5.8));
#9654 = VECTOR('',#9655,1.);
#9655 = DIRECTION('',(0.,0.,1.));
#9656 = ORIENTED_EDGE('',*,*,#5375,.T.);
#9657 = ORIENTED_EDGE('',*,*,#9658,.T.);
#9658 = EDGE_CURVE('',#5378,#2465,#9659,.T.);
#9659 = LINE('',#9660,#9661);
#9660 = CARTESIAN_POINT('',(16.405,12.7,5.8));
#9661 = VECTOR('',#9662,1.);
#9662 = DIRECTION('',(0.,0.,1.));
#9663 = CYLINDRICAL_SURFACE('',#9664,1.375);
#9664 = AXIS2_PLACEMENT_3D('',#9665,#9666,#9667);
#9665 = CARTESIAN_POINT('',(17.78,12.7,5.8));
#9666 = DIRECTION('',(0.,0.,1.));
#9667 = DIRECTION('',(1.,0.,-0.));
#9668 = ADVANCED_FACE('',(#9669),#9680,.F.);
#9669 = FACE_BOUND('',#9670,.F.);
#9670 = EDGE_LOOP('',(#9671,#9677,#9678,#9679));
#9671 = ORIENTED_EDGE('',*,*,#9672,.F.);
#9672 = EDGE_CURVE('',#5387,#2474,#9673,.T.);
#9673 = LINE('',#9674,#9675);
#9674 = CARTESIAN_POINT('',(19.155,7.62,5.8));
#9675 = VECTOR('',#9676,1.);
#9676 = DIRECTION('',(0.,0.,1.));
#9677 = ORIENTED_EDGE('',*,*,#5386,.T.);
#9678 = ORIENTED_EDGE('',*,*,#9651,.T.);
#9679 = ORIENTED_EDGE('',*,*,#2473,.F.);
#9680 = PLANE('',#9681);
#9681 = AXIS2_PLACEMENT_3D('',#9682,#9683,#9684);
#9682 = CARTESIAN_POINT('',(19.155,7.62,5.8));
#9683 = DIRECTION('',(1.,0.,-0.));
#9684 = DIRECTION('',(0.,0.,1.));
#9685 = ADVANCED_FACE('',(#9686),#9697,.T.);
#9686 = FACE_BOUND('',#9687,.T.);
#9687 = EDGE_LOOP('',(#9688,#9694,#9695,#9696));
#9688 = ORIENTED_EDGE('',*,*,#9689,.F.);
#9689 = EDGE_CURVE('',#5395,#2482,#9690,.T.);
#9690 = LINE('',#9691,#9692);
#9691 = CARTESIAN_POINT('',(16.405,7.62,5.8));
#9692 = VECTOR('',#9693,1.);
#9693 = DIRECTION('',(0.,0.,1.));
#9694 = ORIENTED_EDGE('',*,*,#5403,.T.);
#9695 = ORIENTED_EDGE('',*,*,#9658,.T.);
#9696 = ORIENTED_EDGE('',*,*,#2490,.F.);
#9697 = PLANE('',#9698);
#9698 = AXIS2_PLACEMENT_3D('',#9699,#9700,#9701);
#9699 = CARTESIAN_POINT('',(16.405,7.62,5.8));
#9700 = DIRECTION('',(1.,0.,-0.));
#9701 = DIRECTION('',(0.,0.,1.));
#9702 = ADVANCED_FACE('',(#9703),#9709,.F.);
#9703 = FACE_BOUND('',#9704,.F.);
#9704 = EDGE_LOOP('',(#9705,#9706,#9707,#9708));
#9705 = ORIENTED_EDGE('',*,*,#9672,.T.);
#9706 = ORIENTED_EDGE('',*,*,#2481,.F.);
#9707 = ORIENTED_EDGE('',*,*,#9689,.F.);
#9708 = ORIENTED_EDGE('',*,*,#5394,.T.);
#9709 = CYLINDRICAL_SURFACE('',#9710,1.375);
#9710 = AXIS2_PLACEMENT_3D('',#9711,#9712,#9713);
#9711 = CARTESIAN_POINT('',(17.78,7.62,5.8));
#9712 = DIRECTION('',(0.,0.,1.));
#9713 = DIRECTION('',(1.,0.,-0.));
#9714 = ADVANCED_FACE('',(#9715),#9731,.F.);
#9715 = FACE_BOUND('',#9716,.F.);
#9716 = EDGE_LOOP('',(#9717,#9718,#9724,#9725));
#9717 = ORIENTED_EDGE('',*,*,#2498,.F.);
#9718 = ORIENTED_EDGE('',*,*,#9719,.F.);
#9719 = EDGE_CURVE('',#5412,#2499,#9720,.T.);
#9720 = LINE('',#9721,#9722);
#9721 = CARTESIAN_POINT('',(17.78,3.915,5.8));
#9722 = VECTOR('',#9723,1.);
#9723 = DIRECTION('',(0.,0.,1.));
#9724 = ORIENTED_EDGE('',*,*,#5411,.T.);
#9725 = ORIENTED_EDGE('',*,*,#9726,.T.);
#9726 = EDGE_CURVE('',#5414,#2501,#9727,.T.);
#9727 = LINE('',#9728,#9729);
#9728 = CARTESIAN_POINT('',(17.78,1.165,5.8));
#9729 = VECTOR('',#9730,1.);
#9730 = DIRECTION('',(0.,0.,1.));
#9731 = CYLINDRICAL_SURFACE('',#9732,1.375);
#9732 = AXIS2_PLACEMENT_3D('',#9733,#9734,#9735);
#9733 = CARTESIAN_POINT('',(17.78,2.54,5.8));
#9734 = DIRECTION('',(0.,0.,1.));
#9735 = DIRECTION('',(1.,0.,-0.));
#9736 = ADVANCED_FACE('',(#9737),#9748,.F.);
#9737 = FACE_BOUND('',#9738,.F.);
#9738 = EDGE_LOOP('',(#9739,#9740,#9741,#9742));
#9739 = ORIENTED_EDGE('',*,*,#5422,.T.);
#9740 = ORIENTED_EDGE('',*,*,#9719,.T.);
#9741 = ORIENTED_EDGE('',*,*,#2509,.F.);
#9742 = ORIENTED_EDGE('',*,*,#9743,.F.);
#9743 = EDGE_CURVE('',#5423,#2510,#9744,.T.);
#9744 = LINE('',#9745,#9746);
#9745 = CARTESIAN_POINT('',(22.86,3.915,5.8));
#9746 = VECTOR('',#9747,1.);
#9747 = DIRECTION('',(0.,0.,1.));
#9748 = PLANE('',#9749);
#9749 = AXIS2_PLACEMENT_3D('',#9750,#9751,#9752);
#9750 = CARTESIAN_POINT('',(17.78,3.915,5.8));
#9751 = DIRECTION('',(-0.,1.,0.));
#9752 = DIRECTION('',(0.,0.,1.));
#9753 = ADVANCED_FACE('',(#9754),#9765,.T.);
#9754 = FACE_BOUND('',#9755,.T.);
#9755 = EDGE_LOOP('',(#9756,#9757,#9758,#9759));
#9756 = ORIENTED_EDGE('',*,*,#5448,.T.);
#9757 = ORIENTED_EDGE('',*,*,#9726,.T.);
#9758 = ORIENTED_EDGE('',*,*,#2535,.F.);
#9759 = ORIENTED_EDGE('',*,*,#9760,.F.);
#9760 = EDGE_CURVE('',#5440,#2527,#9761,.T.);
#9761 = LINE('',#9762,#9763);
#9762 = CARTESIAN_POINT('',(22.86,1.165,5.8));
#9763 = VECTOR('',#9764,1.);
#9764 = DIRECTION('',(0.,0.,1.));
#9765 = PLANE('',#9766);
#9766 = AXIS2_PLACEMENT_3D('',#9767,#9768,#9769);
#9767 = CARTESIAN_POINT('',(17.78,1.165,5.8));
#9768 = DIRECTION('',(-0.,1.,0.));
#9769 = DIRECTION('',(0.,0.,1.));
#9770 = ADVANCED_FACE('',(#9771),#9782,.F.);
#9771 = FACE_BOUND('',#9772,.F.);
#9772 = EDGE_LOOP('',(#9773,#9774,#9780,#9781));
#9773 = ORIENTED_EDGE('',*,*,#2543,.F.);
#9774 = ORIENTED_EDGE('',*,*,#9775,.F.);
#9775 = EDGE_CURVE('',#5457,#2544,#9776,.T.);
#9776 = LINE('',#9777,#9778);
#9777 = CARTESIAN_POINT('',(24.235,7.62,5.8));
#9778 = VECTOR('',#9779,1.);
#9779 = DIRECTION('',(0.,0.,1.));
#9780 = ORIENTED_EDGE('',*,*,#5456,.T.);
#9781 = ORIENTED_EDGE('',*,*,#9775,.T.);
#9782 = CYLINDRICAL_SURFACE('',#9783,1.375);
#9783 = AXIS2_PLACEMENT_3D('',#9784,#9785,#9786);
#9784 = CARTESIAN_POINT('',(22.86,7.62,5.8));
#9785 = DIRECTION('',(0.,0.,1.));
#9786 = DIRECTION('',(1.,0.,-0.));
#9787 = ADVANCED_FACE('',(#9788),#9804,.F.);
#9788 = FACE_BOUND('',#9789,.F.);
#9789 = EDGE_LOOP('',(#9790,#9791,#9797,#9798));
#9790 = ORIENTED_EDGE('',*,*,#2554,.F.);
#9791 = ORIENTED_EDGE('',*,*,#9792,.F.);
#9792 = EDGE_CURVE('',#5468,#2555,#9793,.T.);
#9793 = LINE('',#9794,#9795);
#9794 = CARTESIAN_POINT('',(29.315,7.62,5.8));
#9795 = VECTOR('',#9796,1.);
#9796 = DIRECTION('',(0.,0.,1.));
#9797 = ORIENTED_EDGE('',*,*,#5467,.T.);
#9798 = ORIENTED_EDGE('',*,*,#9799,.T.);
#9799 = EDGE_CURVE('',#5470,#2557,#9800,.T.);
#9800 = LINE('',#9801,#9802);
#9801 = CARTESIAN_POINT('',(26.565,7.62,5.8));
#9802 = VECTOR('',#9803,1.);
#9803 = DIRECTION('',(0.,0.,1.));
#9804 = CYLINDRICAL_SURFACE('',#9805,1.375);
#9805 = AXIS2_PLACEMENT_3D('',#9806,#9807,#9808);
#9806 = CARTESIAN_POINT('',(27.94,7.62,5.8));
#9807 = DIRECTION('',(0.,0.,1.));
#9808 = DIRECTION('',(1.,0.,-0.));
#9809 = ADVANCED_FACE('',(#9810),#9821,.F.);
#9810 = FACE_BOUND('',#9811,.F.);
#9811 = EDGE_LOOP('',(#9812,#9818,#9819,#9820));
#9812 = ORIENTED_EDGE('',*,*,#9813,.F.);
#9813 = EDGE_CURVE('',#5479,#2566,#9814,.T.);
#9814 = LINE('',#9815,#9816);
#9815 = CARTESIAN_POINT('',(29.315,2.54,5.8));
#9816 = VECTOR('',#9817,1.);
#9817 = DIRECTION('',(0.,0.,1.));
#9818 = ORIENTED_EDGE('',*,*,#5478,.T.);
#9819 = ORIENTED_EDGE('',*,*,#9792,.T.);
#9820 = ORIENTED_EDGE('',*,*,#2565,.F.);
#9821 = PLANE('',#9822);
#9822 = AXIS2_PLACEMENT_3D('',#9823,#9824,#9825);
#9823 = CARTESIAN_POINT('',(29.315,2.54,5.8));
#9824 = DIRECTION('',(1.,0.,-0.));
#9825 = DIRECTION('',(0.,0.,1.));
#9826 = ADVANCED_FACE('',(#9827),#9838,.T.);
#9827 = FACE_BOUND('',#9828,.T.);
#9828 = EDGE_LOOP('',(#9829,#9835,#9836,#9837));
#9829 = ORIENTED_EDGE('',*,*,#9830,.F.);
#9830 = EDGE_CURVE('',#5487,#2574,#9831,.T.);
#9831 = LINE('',#9832,#9833);
#9832 = CARTESIAN_POINT('',(26.565,2.54,5.8));
#9833 = VECTOR('',#9834,1.);
#9834 = DIRECTION('',(0.,0.,1.));
#9835 = ORIENTED_EDGE('',*,*,#5495,.T.);
#9836 = ORIENTED_EDGE('',*,*,#9799,.T.);
#9837 = ORIENTED_EDGE('',*,*,#2582,.F.);
#9838 = PLANE('',#9839);
#9839 = AXIS2_PLACEMENT_3D('',#9840,#9841,#9842);
#9840 = CARTESIAN_POINT('',(26.565,2.54,5.8));
#9841 = DIRECTION('',(1.,0.,-0.));
#9842 = DIRECTION('',(0.,0.,1.));
#9843 = ADVANCED_FACE('',(#9844),#9850,.F.);
#9844 = FACE_BOUND('',#9845,.F.);
#9845 = EDGE_LOOP('',(#9846,#9847,#9848,#9849));
#9846 = ORIENTED_EDGE('',*,*,#9813,.T.);
#9847 = ORIENTED_EDGE('',*,*,#2573,.F.);
#9848 = ORIENTED_EDGE('',*,*,#9830,.F.);
#9849 = ORIENTED_EDGE('',*,*,#5486,.T.);
#9850 = CYLINDRICAL_SURFACE('',#9851,1.375);
#9851 = AXIS2_PLACEMENT_3D('',#9852,#9853,#9854);
#9852 = CARTESIAN_POINT('',(27.94,2.54,5.8));
#9853 = DIRECTION('',(0.,0.,1.));
#9854 = DIRECTION('',(1.,0.,-0.));
#9855 = ADVANCED_FACE('',(#9856),#9872,.F.);
#9856 = FACE_BOUND('',#9857,.F.);
#9857 = EDGE_LOOP('',(#9858,#9859,#9865,#9866));
#9858 = ORIENTED_EDGE('',*,*,#2590,.F.);
#9859 = ORIENTED_EDGE('',*,*,#9860,.F.);
#9860 = EDGE_CURVE('',#5504,#2591,#9861,.T.);
#9861 = LINE('',#9862,#9863);
#9862 = CARTESIAN_POINT('',(22.86,14.075,5.8));
#9863 = VECTOR('',#9864,1.);
#9864 = DIRECTION('',(0.,0.,1.));
#9865 = ORIENTED_EDGE('',*,*,#5503,.T.);
#9866 = ORIENTED_EDGE('',*,*,#9867,.T.);
#9867 = EDGE_CURVE('',#5506,#2593,#9868,.T.);
#9868 = LINE('',#9869,#9870);
#9869 = CARTESIAN_POINT('',(22.86,11.325,5.8));
#9870 = VECTOR('',#9871,1.);
#9871 = DIRECTION('',(0.,0.,1.));
#9872 = CYLINDRICAL_SURFACE('',#9873,1.375);
#9873 = AXIS2_PLACEMENT_3D('',#9874,#9875,#9876);
#9874 = CARTESIAN_POINT('',(22.86,12.7,5.8));
#9875 = DIRECTION('',(0.,0.,1.));
#9876 = DIRECTION('',(1.,0.,-0.));
#9877 = ADVANCED_FACE('',(#9878),#9889,.F.);
#9878 = FACE_BOUND('',#9879,.F.);
#9879 = EDGE_LOOP('',(#9880,#9881,#9882,#9883));
#9880 = ORIENTED_EDGE('',*,*,#5514,.T.);
#9881 = ORIENTED_EDGE('',*,*,#9860,.T.);
#9882 = ORIENTED_EDGE('',*,*,#2601,.F.);
#9883 = ORIENTED_EDGE('',*,*,#9884,.F.);
#9884 = EDGE_CURVE('',#5515,#2602,#9885,.T.);
#9885 = LINE('',#9886,#9887);
#9886 = CARTESIAN_POINT('',(27.94,14.075,5.8));
#9887 = VECTOR('',#9888,1.);
#9888 = DIRECTION('',(0.,0.,1.));
#9889 = PLANE('',#9890);
#9890 = AXIS2_PLACEMENT_3D('',#9891,#9892,#9893);
#9891 = CARTESIAN_POINT('',(22.86,14.075,5.8));
#9892 = DIRECTION('',(-0.,1.,0.));
#9893 = DIRECTION('',(0.,0.,1.));
#9894 = ADVANCED_FACE('',(#9895),#9906,.T.);
#9895 = FACE_BOUND('',#9896,.T.);
#9896 = EDGE_LOOP('',(#9897,#9898,#9899,#9900));
#9897 = ORIENTED_EDGE('',*,*,#5540,.T.);
#9898 = ORIENTED_EDGE('',*,*,#9867,.T.);
#9899 = ORIENTED_EDGE('',*,*,#2627,.F.);
#9900 = ORIENTED_EDGE('',*,*,#9901,.F.);
#9901 = EDGE_CURVE('',#5532,#2619,#9902,.T.);
#9902 = LINE('',#9903,#9904);
#9903 = CARTESIAN_POINT('',(27.94,11.325,5.8));
#9904 = VECTOR('',#9905,1.);
#9905 = DIRECTION('',(0.,0.,1.));
#9906 = PLANE('',#9907);
#9907 = AXIS2_PLACEMENT_3D('',#9908,#9909,#9910);
#9908 = CARTESIAN_POINT('',(22.86,11.325,5.8));
#9909 = DIRECTION('',(-0.,1.,0.));
#9910 = DIRECTION('',(0.,0.,1.));
#9911 = ADVANCED_FACE('',(#9912),#9928,.F.);
#9912 = FACE_BOUND('',#9913,.F.);
#9913 = EDGE_LOOP('',(#9914,#9915,#9921,#9922));
#9914 = ORIENTED_EDGE('',*,*,#2635,.F.);
#9915 = ORIENTED_EDGE('',*,*,#9916,.F.);
#9916 = EDGE_CURVE('',#5549,#2636,#9917,.T.);
#9917 = LINE('',#9918,#9919);
#9918 = CARTESIAN_POINT('',(17.78,19.155,5.8));
#9919 = VECTOR('',#9920,1.);
#9920 = DIRECTION('',(0.,0.,1.));
#9921 = ORIENTED_EDGE('',*,*,#5548,.T.);
#9922 = ORIENTED_EDGE('',*,*,#9923,.T.);
#9923 = EDGE_CURVE('',#5551,#2638,#9924,.T.);
#9924 = LINE('',#9925,#9926);
#9925 = CARTESIAN_POINT('',(17.78,16.405,5.8));
#9926 = VECTOR('',#9927,1.);
#9927 = DIRECTION('',(0.,0.,1.));
#9928 = CYLINDRICAL_SURFACE('',#9929,1.375);
#9929 = AXIS2_PLACEMENT_3D('',#9930,#9931,#9932);
#9930 = CARTESIAN_POINT('',(17.78,17.78,5.8));
#9931 = DIRECTION('',(0.,0.,1.));
#9932 = DIRECTION('',(1.,0.,-0.));
#9933 = ADVANCED_FACE('',(#9934),#9945,.F.);
#9934 = FACE_BOUND('',#9935,.F.);
#9935 = EDGE_LOOP('',(#9936,#9937,#9938,#9939));
#9936 = ORIENTED_EDGE('',*,*,#5559,.T.);
#9937 = ORIENTED_EDGE('',*,*,#9916,.T.);
#9938 = ORIENTED_EDGE('',*,*,#2646,.F.);
#9939 = ORIENTED_EDGE('',*,*,#9940,.F.);
#9940 = EDGE_CURVE('',#5560,#2647,#9941,.T.);
#9941 = LINE('',#9942,#9943);
#9942 = CARTESIAN_POINT('',(22.86,19.155,5.8));
#9943 = VECTOR('',#9944,1.);
#9944 = DIRECTION('',(0.,0.,1.));
#9945 = PLANE('',#9946);
#9946 = AXIS2_PLACEMENT_3D('',#9947,#9948,#9949);
#9947 = CARTESIAN_POINT('',(17.78,19.155,5.8));
#9948 = DIRECTION('',(-0.,1.,0.));
#9949 = DIRECTION('',(0.,0.,1.));
#9950 = ADVANCED_FACE('',(#9951),#9962,.T.);
#9951 = FACE_BOUND('',#9952,.T.);
#9952 = EDGE_LOOP('',(#9953,#9954,#9955,#9956));
#9953 = ORIENTED_EDGE('',*,*,#5585,.T.);
#9954 = ORIENTED_EDGE('',*,*,#9923,.T.);
#9955 = ORIENTED_EDGE('',*,*,#2672,.F.);
#9956 = ORIENTED_EDGE('',*,*,#9957,.F.);
#9957 = EDGE_CURVE('',#5577,#2664,#9958,.T.);
#9958 = LINE('',#9959,#9960);
#9959 = CARTESIAN_POINT('',(22.86,16.405,5.8));
#9960 = VECTOR('',#9961,1.);
#9961 = DIRECTION('',(0.,0.,1.));
#9962 = PLANE('',#9963);
#9963 = AXIS2_PLACEMENT_3D('',#9964,#9965,#9966);
#9964 = CARTESIAN_POINT('',(17.78,16.405,5.8));
#9965 = DIRECTION('',(-0.,1.,0.));
#9966 = DIRECTION('',(0.,0.,1.));
#9967 = ADVANCED_FACE('',(#9968),#9984,.F.);
#9968 = FACE_BOUND('',#9969,.F.);
#9969 = EDGE_LOOP('',(#9970,#9971,#9977,#9978));
#9970 = ORIENTED_EDGE('',*,*,#2680,.F.);
#9971 = ORIENTED_EDGE('',*,*,#9972,.F.);
#9972 = EDGE_CURVE('',#5594,#2681,#9973,.T.);
#9973 = LINE('',#9974,#9975);
#9974 = CARTESIAN_POINT('',(3.915,27.94,5.8));
#9975 = VECTOR('',#9976,1.);
#9976 = DIRECTION('',(0.,0.,1.));
#9977 = ORIENTED_EDGE('',*,*,#5593,.T.);
#9978 = ORIENTED_EDGE('',*,*,#9979,.T.);
#9979 = EDGE_CURVE('',#5596,#2683,#9980,.T.);
#9980 = LINE('',#9981,#9982);
#9981 = CARTESIAN_POINT('',(1.165,27.94,5.8));
#9982 = VECTOR('',#9983,1.);
#9983 = DIRECTION('',(0.,0.,1.));
#9984 = CYLINDRICAL_SURFACE('',#9985,1.375);
#9985 = AXIS2_PLACEMENT_3D('',#9986,#9987,#9988);
#9986 = CARTESIAN_POINT('',(2.54,27.94,5.8));
#9987 = DIRECTION('',(0.,0.,1.));
#9988 = DIRECTION('',(1.,0.,-0.));
#9989 = ADVANCED_FACE('',(#9990),#10001,.F.);
#9990 = FACE_BOUND('',#9991,.F.);
#9991 = EDGE_LOOP('',(#9992,#9998,#9999,#10000));
#9992 = ORIENTED_EDGE('',*,*,#9993,.F.);
#9993 = EDGE_CURVE('',#5605,#2692,#9994,.T.);
#9994 = LINE('',#9995,#9996);
#9995 = CARTESIAN_POINT('',(3.915,22.86,5.8));
#9996 = VECTOR('',#9997,1.);
#9997 = DIRECTION('',(0.,0.,1.));
#9998 = ORIENTED_EDGE('',*,*,#5604,.T.);
#9999 = ORIENTED_EDGE('',*,*,#9972,.T.);
#10000 = ORIENTED_EDGE('',*,*,#2691,.F.);
#10001 = PLANE('',#10002);
#10002 = AXIS2_PLACEMENT_3D('',#10003,#10004,#10005);
#10003 = CARTESIAN_POINT('',(3.915,22.86,5.8));
#10004 = DIRECTION('',(1.,0.,-0.));
#10005 = DIRECTION('',(0.,0.,1.));
#10006 = ADVANCED_FACE('',(#10007),#10018,.T.);
#10007 = FACE_BOUND('',#10008,.T.);
#10008 = EDGE_LOOP('',(#10009,#10015,#10016,#10017));
#10009 = ORIENTED_EDGE('',*,*,#10010,.F.);
#10010 = EDGE_CURVE('',#5613,#2700,#10011,.T.);
#10011 = LINE('',#10012,#10013);
#10012 = CARTESIAN_POINT('',(1.165,22.86,5.8));
#10013 = VECTOR('',#10014,1.);
#10014 = DIRECTION('',(0.,0.,1.));
#10015 = ORIENTED_EDGE('',*,*,#5621,.T.);
#10016 = ORIENTED_EDGE('',*,*,#9979,.T.);
#10017 = ORIENTED_EDGE('',*,*,#2708,.F.);
#10018 = PLANE('',#10019);
#10019 = AXIS2_PLACEMENT_3D('',#10020,#10021,#10022);
#10020 = CARTESIAN_POINT('',(1.165,22.86,5.8));
#10021 = DIRECTION('',(1.,0.,-0.));
#10022 = DIRECTION('',(0.,0.,1.));
#10023 = ADVANCED_FACE('',(#10024),#10030,.F.);
#10024 = FACE_BOUND('',#10025,.F.);
#10025 = EDGE_LOOP('',(#10026,#10027,#10028,#10029));
#10026 = ORIENTED_EDGE('',*,*,#9993,.T.);
#10027 = ORIENTED_EDGE('',*,*,#2699,.F.);
#10028 = ORIENTED_EDGE('',*,*,#10010,.F.);
#10029 = ORIENTED_EDGE('',*,*,#5612,.T.);
#10030 = CYLINDRICAL_SURFACE('',#10031,1.375);
#10031 = AXIS2_PLACEMENT_3D('',#10032,#10033,#10034);
#10032 = CARTESIAN_POINT('',(2.54,22.86,5.8));
#10033 = DIRECTION('',(0.,0.,1.));
#10034 = DIRECTION('',(1.,0.,-0.));
#10035 = ADVANCED_FACE('',(#10036),#10047,.F.);
#10036 = FACE_BOUND('',#10037,.F.);
#10037 = EDGE_LOOP('',(#10038,#10039,#10045,#10046));
#10038 = ORIENTED_EDGE('',*,*,#2716,.F.);
#10039 = ORIENTED_EDGE('',*,*,#10040,.F.);
#10040 = EDGE_CURVE('',#5630,#2717,#10041,.T.);
#10041 = LINE('',#10042,#10043);
#10042 = CARTESIAN_POINT('',(8.995,22.86,5.8));
#10043 = VECTOR('',#10044,1.);
#10044 = DIRECTION('',(0.,0.,1.));
#10045 = ORIENTED_EDGE('',*,*,#5629,.T.);
#10046 = ORIENTED_EDGE('',*,*,#10040,.T.);
#10047 = CYLINDRICAL_SURFACE('',#10048,1.375);
#10048 = AXIS2_PLACEMENT_3D('',#10049,#10050,#10051);
#10049 = CARTESIAN_POINT('',(7.62,22.86,5.8));
#10050 = DIRECTION('',(0.,0.,1.));
#10051 = DIRECTION('',(1.,0.,-0.));
#10052 = ADVANCED_FACE('',(#10053),#10069,.F.);
#10053 = FACE_BOUND('',#10054,.F.);
#10054 = EDGE_LOOP('',(#10055,#10056,#10062,#10063));
#10055 = ORIENTED_EDGE('',*,*,#2727,.F.);
#10056 = ORIENTED_EDGE('',*,*,#10057,.F.);
#10057 = EDGE_CURVE('',#5641,#2728,#10058,.T.);
#10058 = LINE('',#10059,#10060);
#10059 = CARTESIAN_POINT('',(14.075,22.86,5.8));
#10060 = VECTOR('',#10061,1.);
#10061 = DIRECTION('',(0.,0.,1.));
#10062 = ORIENTED_EDGE('',*,*,#5640,.T.);
#10063 = ORIENTED_EDGE('',*,*,#10064,.T.);
#10064 = EDGE_CURVE('',#5643,#2730,#10065,.T.);
#10065 = LINE('',#10066,#10067);
#10066 = CARTESIAN_POINT('',(11.325,22.86,5.8));
#10067 = VECTOR('',#10068,1.);
#10068 = DIRECTION('',(0.,0.,1.));
#10069 = CYLINDRICAL_SURFACE('',#10070,1.375);
#10070 = AXIS2_PLACEMENT_3D('',#10071,#10072,#10073);
#10071 = CARTESIAN_POINT('',(12.7,22.86,5.8));
#10072 = DIRECTION('',(0.,0.,1.));
#10073 = DIRECTION('',(1.,0.,-0.));
#10074 = ADVANCED_FACE('',(#10075),#10086,.F.);
#10075 = FACE_BOUND('',#10076,.F.);
#10076 = EDGE_LOOP('',(#10077,#10083,#10084,#10085));
#10077 = ORIENTED_EDGE('',*,*,#10078,.F.);
#10078 = EDGE_CURVE('',#5652,#2739,#10079,.T.);
#10079 = LINE('',#10080,#10081);
#10080 = CARTESIAN_POINT('',(14.075,17.78,5.8));
#10081 = VECTOR('',#10082,1.);
#10082 = DIRECTION('',(0.,0.,1.));
#10083 = ORIENTED_EDGE('',*,*,#5651,.T.);
#10084 = ORIENTED_EDGE('',*,*,#10057,.T.);
#10085 = ORIENTED_EDGE('',*,*,#2738,.F.);
#10086 = PLANE('',#10087);
#10087 = AXIS2_PLACEMENT_3D('',#10088,#10089,#10090);
#10088 = CARTESIAN_POINT('',(14.075,17.78,5.8));
#10089 = DIRECTION('',(1.,0.,-0.));
#10090 = DIRECTION('',(0.,0.,1.));
#10091 = ADVANCED_FACE('',(#10092),#10103,.T.);
#10092 = FACE_BOUND('',#10093,.T.);
#10093 = EDGE_LOOP('',(#10094,#10100,#10101,#10102));
#10094 = ORIENTED_EDGE('',*,*,#10095,.F.);
#10095 = EDGE_CURVE('',#5660,#2747,#10096,.T.);
#10096 = LINE('',#10097,#10098);
#10097 = CARTESIAN_POINT('',(11.325,17.78,5.8));
#10098 = VECTOR('',#10099,1.);
#10099 = DIRECTION('',(0.,0.,1.));
#10100 = ORIENTED_EDGE('',*,*,#5668,.T.);
#10101 = ORIENTED_EDGE('',*,*,#10064,.T.);
#10102 = ORIENTED_EDGE('',*,*,#2755,.F.);
#10103 = PLANE('',#10104);
#10104 = AXIS2_PLACEMENT_3D('',#10105,#10106,#10107);
#10105 = CARTESIAN_POINT('',(11.325,17.78,5.8));
#10106 = DIRECTION('',(1.,0.,-0.));
#10107 = DIRECTION('',(0.,0.,1.));
#10108 = ADVANCED_FACE('',(#10109),#10115,.F.);
#10109 = FACE_BOUND('',#10110,.F.);
#10110 = EDGE_LOOP('',(#10111,#10112,#10113,#10114));
#10111 = ORIENTED_EDGE('',*,*,#10078,.T.);
#10112 = ORIENTED_EDGE('',*,*,#2746,.F.);
#10113 = ORIENTED_EDGE('',*,*,#10095,.F.);
#10114 = ORIENTED_EDGE('',*,*,#5659,.T.);
#10115 = CYLINDRICAL_SURFACE('',#10116,1.375);
#10116 = AXIS2_PLACEMENT_3D('',#10117,#10118,#10119);
#10117 = CARTESIAN_POINT('',(12.7,17.78,5.8));
#10118 = DIRECTION('',(0.,0.,1.));
#10119 = DIRECTION('',(1.,0.,-0.));
#10120 = ADVANCED_FACE('',(#10121),#10137,.F.);
#10121 = FACE_BOUND('',#10122,.F.);
#10122 = EDGE_LOOP('',(#10123,#10124,#10130,#10131));
#10123 = ORIENTED_EDGE('',*,*,#2763,.F.);
#10124 = ORIENTED_EDGE('',*,*,#10125,.F.);
#10125 = EDGE_CURVE('',#5677,#2764,#10126,.T.);
#10126 = LINE('',#10127,#10128);
#10127 = CARTESIAN_POINT('',(19.155,27.94,5.8));
#10128 = VECTOR('',#10129,1.);
#10129 = DIRECTION('',(0.,0.,1.));
#10130 = ORIENTED_EDGE('',*,*,#5676,.T.);
#10131 = ORIENTED_EDGE('',*,*,#10132,.T.);
#10132 = EDGE_CURVE('',#5679,#2766,#10133,.T.);
#10133 = LINE('',#10134,#10135);
#10134 = CARTESIAN_POINT('',(16.405,27.94,5.8));
#10135 = VECTOR('',#10136,1.);
#10136 = DIRECTION('',(0.,0.,1.));
#10137 = CYLINDRICAL_SURFACE('',#10138,1.375);
#10138 = AXIS2_PLACEMENT_3D('',#10139,#10140,#10141);
#10139 = CARTESIAN_POINT('',(17.78,27.94,5.8));
#10140 = DIRECTION('',(0.,0.,1.));
#10141 = DIRECTION('',(1.,0.,-0.));
#10142 = ADVANCED_FACE('',(#10143),#10154,.F.);
#10143 = FACE_BOUND('',#10144,.F.);
#10144 = EDGE_LOOP('',(#10145,#10151,#10152,#10153));
#10145 = ORIENTED_EDGE('',*,*,#10146,.F.);
#10146 = EDGE_CURVE('',#5688,#2775,#10147,.T.);
#10147 = LINE('',#10148,#10149);
#10148 = CARTESIAN_POINT('',(19.155,22.86,5.8));
#10149 = VECTOR('',#10150,1.);
#10150 = DIRECTION('',(0.,0.,1.));
#10151 = ORIENTED_EDGE('',*,*,#5687,.T.);
#10152 = ORIENTED_EDGE('',*,*,#10125,.T.);
#10153 = ORIENTED_EDGE('',*,*,#2774,.F.);
#10154 = PLANE('',#10155);
#10155 = AXIS2_PLACEMENT_3D('',#10156,#10157,#10158);
#10156 = CARTESIAN_POINT('',(19.155,22.86,5.8));
#10157 = DIRECTION('',(1.,0.,-0.));
#10158 = DIRECTION('',(0.,0.,1.));
#10159 = ADVANCED_FACE('',(#10160),#10171,.T.);
#10160 = FACE_BOUND('',#10161,.T.);
#10161 = EDGE_LOOP('',(#10162,#10168,#10169,#10170));
#10162 = ORIENTED_EDGE('',*,*,#10163,.F.);
#10163 = EDGE_CURVE('',#5696,#2783,#10164,.T.);
#10164 = LINE('',#10165,#10166);
#10165 = CARTESIAN_POINT('',(16.405,22.86,5.8));
#10166 = VECTOR('',#10167,1.);
#10167 = DIRECTION('',(0.,0.,1.));
#10168 = ORIENTED_EDGE('',*,*,#5704,.T.);
#10169 = ORIENTED_EDGE('',*,*,#10132,.T.);
#10170 = ORIENTED_EDGE('',*,*,#2791,.F.);
#10171 = PLANE('',#10172);
#10172 = AXIS2_PLACEMENT_3D('',#10173,#10174,#10175);
#10173 = CARTESIAN_POINT('',(16.405,22.86,5.8));
#10174 = DIRECTION('',(1.,0.,-0.));
#10175 = DIRECTION('',(0.,0.,1.));
#10176 = ADVANCED_FACE('',(#10177),#10183,.F.);
#10177 = FACE_BOUND('',#10178,.F.);
#10178 = EDGE_LOOP('',(#10179,#10180,#10181,#10182));
#10179 = ORIENTED_EDGE('',*,*,#10146,.T.);
#10180 = ORIENTED_EDGE('',*,*,#2782,.F.);
#10181 = ORIENTED_EDGE('',*,*,#10163,.F.);
#10182 = ORIENTED_EDGE('',*,*,#5695,.T.);
#10183 = CYLINDRICAL_SURFACE('',#10184,1.375);
#10184 = AXIS2_PLACEMENT_3D('',#10185,#10186,#10187);
#10185 = CARTESIAN_POINT('',(17.78,22.86,5.8));
#10186 = DIRECTION('',(0.,0.,1.));
#10187 = DIRECTION('',(1.,0.,-0.));
#10188 = ADVANCED_FACE('',(#10189),#10205,.F.);
#10189 = FACE_BOUND('',#10190,.F.);
#10190 = EDGE_LOOP('',(#10191,#10192,#10198,#10199));
#10191 = ORIENTED_EDGE('',*,*,#2799,.F.);
#10192 = ORIENTED_EDGE('',*,*,#10193,.F.);
#10193 = EDGE_CURVE('',#5713,#2800,#10194,.T.);
#10194 = LINE('',#10195,#10196);
#10195 = CARTESIAN_POINT('',(7.62,29.315,5.8));
#10196 = VECTOR('',#10197,1.);
#10197 = DIRECTION('',(0.,0.,1.));
#10198 = ORIENTED_EDGE('',*,*,#5712,.T.);
#10199 = ORIENTED_EDGE('',*,*,#10200,.T.);
#10200 = EDGE_CURVE('',#5715,#2802,#10201,.T.);
#10201 = LINE('',#10202,#10203);
#10202 = CARTESIAN_POINT('',(7.62,26.565,5.8));
#10203 = VECTOR('',#10204,1.);
#10204 = DIRECTION('',(0.,0.,1.));
#10205 = CYLINDRICAL_SURFACE('',#10206,1.375);
#10206 = AXIS2_PLACEMENT_3D('',#10207,#10208,#10209);
#10207 = CARTESIAN_POINT('',(7.62,27.94,5.8));
#10208 = DIRECTION('',(0.,0.,1.));
#10209 = DIRECTION('',(1.,0.,-0.));
#10210 = ADVANCED_FACE('',(#10211),#10222,.F.);
#10211 = FACE_BOUND('',#10212,.F.);
#10212 = EDGE_LOOP('',(#10213,#10214,#10215,#10216));
#10213 = ORIENTED_EDGE('',*,*,#5723,.T.);
#10214 = ORIENTED_EDGE('',*,*,#10193,.T.);
#10215 = ORIENTED_EDGE('',*,*,#2810,.F.);
#10216 = ORIENTED_EDGE('',*,*,#10217,.F.);
#10217 = EDGE_CURVE('',#5724,#2811,#10218,.T.);
#10218 = LINE('',#10219,#10220);
#10219 = CARTESIAN_POINT('',(12.7,29.315,5.8));
#10220 = VECTOR('',#10221,1.);
#10221 = DIRECTION('',(0.,0.,1.));
#10222 = PLANE('',#10223);
#10223 = AXIS2_PLACEMENT_3D('',#10224,#10225,#10226);
#10224 = CARTESIAN_POINT('',(7.62,29.315,5.8));
#10225 = DIRECTION('',(-0.,1.,0.));
#10226 = DIRECTION('',(0.,0.,1.));
#10227 = ADVANCED_FACE('',(#10228),#10239,.T.);
#10228 = FACE_BOUND('',#10229,.T.);
#10229 = EDGE_LOOP('',(#10230,#10231,#10232,#10233));
#10230 = ORIENTED_EDGE('',*,*,#5749,.T.);
#10231 = ORIENTED_EDGE('',*,*,#10200,.T.);
#10232 = ORIENTED_EDGE('',*,*,#2836,.F.);
#10233 = ORIENTED_EDGE('',*,*,#10234,.F.);
#10234 = EDGE_CURVE('',#5741,#2828,#10235,.T.);
#10235 = LINE('',#10236,#10237);
#10236 = CARTESIAN_POINT('',(12.7,26.565,5.8));
#10237 = VECTOR('',#10238,1.);
#10238 = DIRECTION('',(0.,0.,1.));
#10239 = PLANE('',#10240);
#10240 = AXIS2_PLACEMENT_3D('',#10241,#10242,#10243);
#10241 = CARTESIAN_POINT('',(7.62,26.565,5.8));
#10242 = DIRECTION('',(-0.,1.,0.));
#10243 = DIRECTION('',(0.,0.,1.));
#10244 = ADVANCED_FACE('',(#10245),#10256,.F.);
#10245 = FACE_BOUND('',#10246,.F.);
#10246 = EDGE_LOOP('',(#10247,#10248,#10254,#10255));
#10247 = ORIENTED_EDGE('',*,*,#2844,.F.);
#10248 = ORIENTED_EDGE('',*,*,#10249,.F.);
#10249 = EDGE_CURVE('',#5758,#2845,#10250,.T.);
#10250 = LINE('',#10251,#10252);
#10251 = CARTESIAN_POINT('',(24.235,22.86,5.8));
#10252 = VECTOR('',#10253,1.);
#10253 = DIRECTION('',(0.,0.,1.));
#10254 = ORIENTED_EDGE('',*,*,#5757,.T.);
#10255 = ORIENTED_EDGE('',*,*,#10249,.T.);
#10256 = CYLINDRICAL_SURFACE('',#10257,1.375);
#10257 = AXIS2_PLACEMENT_3D('',#10258,#10259,#10260);
#10258 = CARTESIAN_POINT('',(22.86,22.86,5.8));
#10259 = DIRECTION('',(0.,0.,1.));
#10260 = DIRECTION('',(1.,0.,-0.));
#10261 = ADVANCED_FACE('',(#10262),#10278,.F.);
#10262 = FACE_BOUND('',#10263,.F.);
#10263 = EDGE_LOOP('',(#10264,#10265,#10271,#10272));
#10264 = ORIENTED_EDGE('',*,*,#2855,.F.);
#10265 = ORIENTED_EDGE('',*,*,#10266,.F.);
#10266 = EDGE_CURVE('',#5769,#2856,#10267,.T.);
#10267 = LINE('',#10268,#10269);
#10268 = CARTESIAN_POINT('',(29.315,22.86,5.8));
#10269 = VECTOR('',#10270,1.);
#10270 = DIRECTION('',(0.,0.,1.));
#10271 = ORIENTED_EDGE('',*,*,#5768,.T.);
#10272 = ORIENTED_EDGE('',*,*,#10273,.T.);
#10273 = EDGE_CURVE('',#5771,#2858,#10274,.T.);
#10274 = LINE('',#10275,#10276);
#10275 = CARTESIAN_POINT('',(26.565,22.86,5.8));
#10276 = VECTOR('',#10277,1.);
#10277 = DIRECTION('',(0.,0.,1.));
#10278 = CYLINDRICAL_SURFACE('',#10279,1.375);
#10279 = AXIS2_PLACEMENT_3D('',#10280,#10281,#10282);
#10280 = CARTESIAN_POINT('',(27.94,22.86,5.8));
#10281 = DIRECTION('',(0.,0.,1.));
#10282 = DIRECTION('',(1.,0.,-0.));
#10283 = ADVANCED_FACE('',(#10284),#10295,.F.);
#10284 = FACE_BOUND('',#10285,.F.);
#10285 = EDGE_LOOP('',(#10286,#10292,#10293,#10294));
#10286 = ORIENTED_EDGE('',*,*,#10287,.F.);
#10287 = EDGE_CURVE('',#5780,#2867,#10288,.T.);
#10288 = LINE('',#10289,#10290);
#10289 = CARTESIAN_POINT('',(29.315,17.78,5.8));
#10290 = VECTOR('',#10291,1.);
#10291 = DIRECTION('',(0.,0.,1.));
#10292 = ORIENTED_EDGE('',*,*,#5779,.T.);
#10293 = ORIENTED_EDGE('',*,*,#10266,.T.);
#10294 = ORIENTED_EDGE('',*,*,#2866,.F.);
#10295 = PLANE('',#10296);
#10296 = AXIS2_PLACEMENT_3D('',#10297,#10298,#10299);
#10297 = CARTESIAN_POINT('',(29.315,17.78,5.8));
#10298 = DIRECTION('',(1.,0.,-0.));
#10299 = DIRECTION('',(0.,0.,1.));
#10300 = ADVANCED_FACE('',(#10301),#10312,.T.);
#10301 = FACE_BOUND('',#10302,.T.);
#10302 = EDGE_LOOP('',(#10303,#10309,#10310,#10311));
#10303 = ORIENTED_EDGE('',*,*,#10304,.F.);
#10304 = EDGE_CURVE('',#5788,#2875,#10305,.T.);
#10305 = LINE('',#10306,#10307);
#10306 = CARTESIAN_POINT('',(26.565,17.78,5.8));
#10307 = VECTOR('',#10308,1.);
#10308 = DIRECTION('',(0.,0.,1.));
#10309 = ORIENTED_EDGE('',*,*,#5796,.T.);
#10310 = ORIENTED_EDGE('',*,*,#10273,.T.);
#10311 = ORIENTED_EDGE('',*,*,#2883,.F.);
#10312 = PLANE('',#10313);
#10313 = AXIS2_PLACEMENT_3D('',#10314,#10315,#10316);
#10314 = CARTESIAN_POINT('',(26.565,17.78,5.8));
#10315 = DIRECTION('',(1.,0.,-0.));
#10316 = DIRECTION('',(0.,0.,1.));
#10317 = ADVANCED_FACE('',(#10318),#10324,.F.);
#10318 = FACE_BOUND('',#10319,.F.);
#10319 = EDGE_LOOP('',(#10320,#10321,#10322,#10323));
#10320 = ORIENTED_EDGE('',*,*,#10287,.T.);
#10321 = ORIENTED_EDGE('',*,*,#2874,.F.);
#10322 = ORIENTED_EDGE('',*,*,#10304,.F.);
#10323 = ORIENTED_EDGE('',*,*,#5787,.T.);
#10324 = CYLINDRICAL_SURFACE('',#10325,1.375);
#10325 = AXIS2_PLACEMENT_3D('',#10326,#10327,#10328);
#10326 = CARTESIAN_POINT('',(27.94,17.78,5.8));
#10327 = DIRECTION('',(0.,0.,1.));
#10328 = DIRECTION('',(1.,0.,-0.));
#10329 = ADVANCED_FACE('',(#10330),#10346,.F.);
#10330 = FACE_BOUND('',#10331,.F.);
#10331 = EDGE_LOOP('',(#10332,#10333,#10339,#10340));
#10332 = ORIENTED_EDGE('',*,*,#2891,.F.);
#10333 = ORIENTED_EDGE('',*,*,#10334,.F.);
#10334 = EDGE_CURVE('',#5805,#2892,#10335,.T.);
#10335 = LINE('',#10336,#10337);
#10336 = CARTESIAN_POINT('',(22.86,29.315,5.8));
#10337 = VECTOR('',#10338,1.);
#10338 = DIRECTION('',(0.,0.,1.));
#10339 = ORIENTED_EDGE('',*,*,#5804,.T.);
#10340 = ORIENTED_EDGE('',*,*,#10341,.T.);
#10341 = EDGE_CURVE('',#5807,#2894,#10342,.T.);
#10342 = LINE('',#10343,#10344);
#10343 = CARTESIAN_POINT('',(22.86,26.565,5.8));
#10344 = VECTOR('',#10345,1.);
#10345 = DIRECTION('',(0.,0.,1.));
#10346 = CYLINDRICAL_SURFACE('',#10347,1.375);
#10347 = AXIS2_PLACEMENT_3D('',#10348,#10349,#10350);
#10348 = CARTESIAN_POINT('',(22.86,27.94,5.8));
#10349 = DIRECTION('',(0.,0.,1.));
#10350 = DIRECTION('',(1.,0.,-0.));
#10351 = ADVANCED_FACE('',(#10352),#10363,.F.);
#10352 = FACE_BOUND('',#10353,.F.);
#10353 = EDGE_LOOP('',(#10354,#10355,#10356,#10357));
#10354 = ORIENTED_EDGE('',*,*,#5815,.T.);
#10355 = ORIENTED_EDGE('',*,*,#10334,.T.);
#10356 = ORIENTED_EDGE('',*,*,#2902,.F.);
#10357 = ORIENTED_EDGE('',*,*,#10358,.F.);
#10358 = EDGE_CURVE('',#5816,#2903,#10359,.T.);
#10359 = LINE('',#10360,#10361);
#10360 = CARTESIAN_POINT('',(27.94,29.315,5.8));
#10361 = VECTOR('',#10362,1.);
#10362 = DIRECTION('',(0.,0.,1.));
#10363 = PLANE('',#10364);
#10364 = AXIS2_PLACEMENT_3D('',#10365,#10366,#10367);
#10365 = CARTESIAN_POINT('',(22.86,29.315,5.8));
#10366 = DIRECTION('',(-0.,1.,0.));
#10367 = DIRECTION('',(0.,0.,1.));
#10368 = ADVANCED_FACE('',(#10369),#10380,.T.);
#10369 = FACE_BOUND('',#10370,.T.);
#10370 = EDGE_LOOP('',(#10371,#10372,#10373,#10374));
#10371 = ORIENTED_EDGE('',*,*,#5841,.T.);
#10372 = ORIENTED_EDGE('',*,*,#10341,.T.);
#10373 = ORIENTED_EDGE('',*,*,#2928,.F.);
#10374 = ORIENTED_EDGE('',*,*,#10375,.F.);
#10375 = EDGE_CURVE('',#5833,#2920,#10376,.T.);
#10376 = LINE('',#10377,#10378);
#10377 = CARTESIAN_POINT('',(27.94,26.565,5.8));
#10378 = VECTOR('',#10379,1.);
#10379 = DIRECTION('',(0.,0.,1.));
#10380 = PLANE('',#10381);
#10381 = AXIS2_PLACEMENT_3D('',#10382,#10383,#10384);
#10382 = CARTESIAN_POINT('',(22.86,26.565,5.8));
#10383 = DIRECTION('',(-0.,1.,0.));
#10384 = DIRECTION('',(0.,0.,1.));
#10385 = ADVANCED_FACE('',(#10386),#10397,.F.);
#10386 = FACE_BOUND('',#10387,.F.);
#10387 = EDGE_LOOP('',(#10388,#10389,#10395,#10396));
#10388 = ORIENTED_EDGE('',*,*,#2936,.F.);
#10389 = ORIENTED_EDGE('',*,*,#10390,.F.);
#10390 = EDGE_CURVE('',#5850,#2937,#10391,.T.);
#10391 = LINE('',#10392,#10393);
#10392 = CARTESIAN_POINT('',(36.18,34.48,5.8));
#10393 = VECTOR('',#10394,1.);
#10394 = DIRECTION('',(0.,0.,1.));
#10395 = ORIENTED_EDGE('',*,*,#5849,.T.);
#10396 = ORIENTED_EDGE('',*,*,#10390,.T.);
#10397 = CYLINDRICAL_SURFACE('',#10398,1.7);
#10398 = AXIS2_PLACEMENT_3D('',#10399,#10400,#10401);
#10399 = CARTESIAN_POINT('',(34.48,34.48,5.8));
#10400 = DIRECTION('',(0.,0.,1.));
#10401 = DIRECTION('',(1.,0.,-0.));
#10402 = ADVANCED_FACE('',(#10403),#10415,.F.);
#10403 = FACE_BOUND('',#10404,.F.);
#10404 = EDGE_LOOP('',(#10405,#10412,#10413,#10414));
#10405 = ORIENTED_EDGE('',*,*,#10406,.F.);
#10406 = EDGE_CURVE('',#7765,#7723,#10407,.T.);
#10407 = CIRCLE('',#10408,1.375);
#10408 = AXIS2_PLACEMENT_3D('',#10409,#10410,#10411);
#10409 = CARTESIAN_POINT('',(2.54,-2.54,9.8));
#10410 = DIRECTION('',(0.,0.,1.));
#10411 = DIRECTION('',(1.,0.,-0.));
#10412 = ORIENTED_EDGE('',*,*,#7764,.F.);
#10413 = ORIENTED_EDGE('',*,*,#4144,.T.);
#10414 = ORIENTED_EDGE('',*,*,#7722,.T.);
#10415 = CYLINDRICAL_SURFACE('',#10416,1.375);
#10416 = AXIS2_PLACEMENT_3D('',#10417,#10418,#10419);
#10417 = CARTESIAN_POINT('',(2.54,-2.54,5.8));
#10418 = DIRECTION('',(0.,0.,1.));
#10419 = DIRECTION('',(1.,0.,-0.));
#10420 = ADVANCED_FACE('',(#10421),#10433,.F.);
#10421 = FACE_BOUND('',#10422,.F.);
#10422 = EDGE_LOOP('',(#10423,#10424,#10431,#10432));
#10423 = ORIENTED_EDGE('',*,*,#7902,.T.);
#10424 = ORIENTED_EDGE('',*,*,#10425,.F.);
#10425 = EDGE_CURVE('',#7950,#7903,#10426,.T.);
#10426 = CIRCLE('',#10427,1.375);
#10427 = AXIS2_PLACEMENT_3D('',#10428,#10429,#10430);
#10428 = CARTESIAN_POINT('',(-2.54,2.54,9.8));
#10429 = DIRECTION('',(0.,0.,1.));
#10430 = DIRECTION('',(1.,0.,-0.));
#10431 = ORIENTED_EDGE('',*,*,#7949,.F.);
#10432 = ORIENTED_EDGE('',*,*,#4747,.T.);
#10433 = CYLINDRICAL_SURFACE('',#10434,1.375);
#10434 = AXIS2_PLACEMENT_3D('',#10435,#10436,#10437);
#10435 = CARTESIAN_POINT('',(-2.54,2.54,5.8));
#10436 = DIRECTION('',(0.,0.,1.));
#10437 = DIRECTION('',(1.,0.,-0.));
#10438 = ADVANCED_FACE('',(#10439),#10451,.F.);
#10439 = FACE_BOUND('',#10440,.F.);
#10440 = EDGE_LOOP('',(#10441,#10448,#10449,#10450));
#10441 = ORIENTED_EDGE('',*,*,#10442,.F.);
#10442 = EDGE_CURVE('',#7850,#7820,#10443,.T.);
#10443 = CIRCLE('',#10444,1.375);
#10444 = AXIS2_PLACEMENT_3D('',#10445,#10446,#10447);
#10445 = CARTESIAN_POINT('',(2.54,2.54,9.8));
#10446 = DIRECTION('',(0.,0.,1.));
#10447 = DIRECTION('',(1.,0.,-0.));
#10448 = ORIENTED_EDGE('',*,*,#7849,.F.);
#10449 = ORIENTED_EDGE('',*,*,#5157,.T.);
#10450 = ORIENTED_EDGE('',*,*,#7819,.T.);
#10451 = CYLINDRICAL_SURFACE('',#10452,1.375);
#10452 = AXIS2_PLACEMENT_3D('',#10453,#10454,#10455);
#10453 = CARTESIAN_POINT('',(2.54,2.54,5.8));
#10454 = DIRECTION('',(0.,0.,1.));
#10455 = DIRECTION('',(1.,0.,-0.));
#10456 = ADVANCED_FACE('',(#10457),#10478,.F.);
#10457 = FACE_BOUND('',#10458,.F.);
#10458 = EDGE_LOOP('',(#10459,#10460,#10461,#10470,#10477));
#10459 = ORIENTED_EDGE('',*,*,#7655,.F.);
#10460 = ORIENTED_EDGE('',*,*,#7624,.F.);
#10461 = ORIENTED_EDGE('',*,*,#10462,.T.);
#10462 = EDGE_CURVE('',#7625,#10463,#10465,.T.);
#10463 = VERTEX_POINT('',#10464);
#10464 = CARTESIAN_POINT('',(-1.165,-2.54,9.8));
#10465 = CIRCLE('',#10466,1.375);
#10466 = AXIS2_PLACEMENT_3D('',#10467,#10468,#10469);
#10467 = CARTESIAN_POINT('',(-2.54,-2.54,9.8));
#10468 = DIRECTION('',(0.,0.,1.));
#10469 = DIRECTION('',(1.,0.,-0.));
#10470 = ORIENTED_EDGE('',*,*,#10471,.T.);
#10471 = EDGE_CURVE('',#10463,#7978,#10472,.T.);
#10472 = CIRCLE('',#10473,1.375);
#10473 = AXIS2_PLACEMENT_3D('',#10474,#10475,#10476);
#10474 = CARTESIAN_POINT('',(-2.54,-2.54,9.8));
#10475 = DIRECTION('',(0.,0.,1.));
#10476 = DIRECTION('',(1.,0.,-0.));
#10477 = ORIENTED_EDGE('',*,*,#7977,.T.);
#10478 = PLANE('',#10479);
#10479 = AXIS2_PLACEMENT_3D('',#10480,#10481,#10482);
#10480 = CARTESIAN_POINT('',(-4.5,-4.5,9.8));
#10481 = DIRECTION('',(0.,0.,1.));
#10482 = DIRECTION('',(1.,0.,-0.));
#10483 = ADVANCED_FACE('',(#10484),#10507,.T.);
#10484 = FACE_BOUND('',#10485,.T.);
#10485 = EDGE_LOOP('',(#10486,#10487,#10494,#10502));
#10486 = ORIENTED_EDGE('',*,*,#7670,.T.);
#10487 = ORIENTED_EDGE('',*,*,#10488,.T.);
#10488 = EDGE_CURVE('',#7647,#10489,#10491,.T.);
#10489 = VERTEX_POINT('',#10490);
#10490 = CARTESIAN_POINT('',(-12.,-12.,25.4));
#10491 = B_SPLINE_CURVE_WITH_KNOTS('',1,(#10492,#10493),.UNSPECIFIED.,
  .F.,.F.,(2,2),(0.,1.),.PIECEWISE_BEZIER_KNOTS.);
#10492 = CARTESIAN_POINT('',(-4.5,-4.5,17.9));
#10493 = CARTESIAN_POINT('',(-12.,-12.,25.4));
#10494 = ORIENTED_EDGE('',*,*,#10495,.F.);
#10495 = EDGE_CURVE('',#10496,#10489,#10498,.T.);
#10496 = VERTEX_POINT('',#10497);
#10497 = CARTESIAN_POINT('',(-12.,12.,25.4));
#10498 = LINE('',#10499,#10500);
#10499 = CARTESIAN_POINT('',(-12.,12.,25.4));
#10500 = VECTOR('',#10501,1.);
#10501 = DIRECTION('',(0.,-1.,0.));
#10502 = ORIENTED_EDGE('',*,*,#10503,.F.);
#10503 = EDGE_CURVE('',#7663,#10496,#10504,.T.);
#10504 = B_SPLINE_CURVE_WITH_KNOTS('',1,(#10505,#10506),.UNSPECIFIED.,
  .F.,.F.,(2,2),(0.,1.),.PIECEWISE_BEZIER_KNOTS.);
#10505 = CARTESIAN_POINT('',(-4.5,4.5,17.9));
#10506 = CARTESIAN_POINT('',(-12.,12.,25.4));
#10507 = B_SPLINE_SURFACE_WITH_KNOTS('',1,1,(
    (#10508,#10509)
    ,(#10510,#10511
    )),.UNSPECIFIED.,.F.,.F.,.F.,(2,2),(2,2),(0.,24.),(0.,1.),
  .PIECEWISE_BEZIER_KNOTS.);
#10508 = CARTESIAN_POINT('',(-4.5,4.5,17.9));
#10509 = CARTESIAN_POINT('',(-12.,12.,25.4));
#10510 = CARTESIAN_POINT('',(-4.5,-4.5,17.9));
#10511 = CARTESIAN_POINT('',(-12.,-12.,25.4));
#10512 = ADVANCED_FACE('',(#10513),#10530,.T.);
#10513 = FACE_BOUND('',#10514,.T.);
#10514 = EDGE_LOOP('',(#10515,#10516,#10523,#10529));
#10515 = ORIENTED_EDGE('',*,*,#7701,.T.);
#10516 = ORIENTED_EDGE('',*,*,#10517,.T.);
#10517 = EDGE_CURVE('',#7685,#10518,#10520,.T.);
#10518 = VERTEX_POINT('',#10519);
#10519 = CARTESIAN_POINT('',(12.,-12.,25.4));
#10520 = B_SPLINE_CURVE_WITH_KNOTS('',1,(#10521,#10522),.UNSPECIFIED.,
  .F.,.F.,(2,2),(0.,1.),.PIECEWISE_BEZIER_KNOTS.);
#10521 = CARTESIAN_POINT('',(4.5,-4.5,17.9));
#10522 = CARTESIAN_POINT('',(12.,-12.,25.4));
#10523 = ORIENTED_EDGE('',*,*,#10524,.F.);
#10524 = EDGE_CURVE('',#10489,#10518,#10525,.T.);
#10525 = LINE('',#10526,#10527);
#10526 = CARTESIAN_POINT('',(-12.,-12.,25.4));
#10527 = VECTOR('',#10528,1.);
#10528 = DIRECTION('',(1.,0.,0.));
#10529 = ORIENTED_EDGE('',*,*,#10488,.F.);
#10530 = B_SPLINE_SURFACE_WITH_KNOTS('',1,1,(
    (#10531,#10532)
    ,(#10533,#10534
    )),.UNSPECIFIED.,.F.,.F.,.F.,(2,2),(2,2),(0.,24.),(0.,1.),
  .PIECEWISE_BEZIER_KNOTS.);
#10531 = CARTESIAN_POINT('',(-4.5,-4.5,17.9));
#10532 = CARTESIAN_POINT('',(-12.,-12.,25.4));
#10533 = CARTESIAN_POINT('',(4.5,-4.5,17.9));
#10534 = CARTESIAN_POINT('',(12.,-12.,25.4));
#10535 = ADVANCED_FACE('',(#10536),#10542,.F.);
#10536 = FACE_BOUND('',#10537,.F.);
#10537 = EDGE_LOOP('',(#10538,#10539,#10540,#10541));
#10538 = ORIENTED_EDGE('',*,*,#7730,.F.);
#10539 = ORIENTED_EDGE('',*,*,#7693,.T.);
#10540 = ORIENTED_EDGE('',*,*,#7772,.T.);
#10541 = ORIENTED_EDGE('',*,*,#10406,.T.);
#10542 = PLANE('',#10543);
#10543 = AXIS2_PLACEMENT_3D('',#10544,#10545,#10546);
#10544 = CARTESIAN_POINT('',(-4.5,-4.5,9.8));
#10545 = DIRECTION('',(0.,0.,1.));
#10546 = DIRECTION('',(1.,0.,-0.));
#10547 = ADVANCED_FACE('',(#10548),#10565,.T.);
#10548 = FACE_BOUND('',#10549,.T.);
#10549 = EDGE_LOOP('',(#10550,#10551,#10558,#10564));
#10550 = ORIENTED_EDGE('',*,*,#7804,.T.);
#10551 = ORIENTED_EDGE('',*,*,#10552,.T.);
#10552 = EDGE_CURVE('',#7797,#10553,#10555,.T.);
#10553 = VERTEX_POINT('',#10554);
#10554 = CARTESIAN_POINT('',(12.,12.,25.4));
#10555 = B_SPLINE_CURVE_WITH_KNOTS('',1,(#10556,#10557),.UNSPECIFIED.,
  .F.,.F.,(2,2),(0.,1.),.PIECEWISE_BEZIER_KNOTS.);
#10556 = CARTESIAN_POINT('',(4.5,4.5,17.9));
#10557 = CARTESIAN_POINT('',(12.,12.,25.4));
#10558 = ORIENTED_EDGE('',*,*,#10559,.F.);
#10559 = EDGE_CURVE('',#10518,#10553,#10560,.T.);
#10560 = LINE('',#10561,#10562);
#10561 = CARTESIAN_POINT('',(12.,-12.,25.4));
#10562 = VECTOR('',#10563,1.);
#10563 = DIRECTION('',(0.,1.,0.));
#10564 = ORIENTED_EDGE('',*,*,#10517,.F.);
#10565 = B_SPLINE_SURFACE_WITH_KNOTS('',1,1,(
    (#10566,#10567)
    ,(#10568,#10569
    )),.UNSPECIFIED.,.F.,.F.,.F.,(2,2),(2,2),(0.,24.),(0.,1.),
  .PIECEWISE_BEZIER_KNOTS.);
#10566 = CARTESIAN_POINT('',(4.5,-4.5,17.9));
#10567 = CARTESIAN_POINT('',(12.,-12.,25.4));
#10568 = CARTESIAN_POINT('',(4.5,4.5,17.9));
#10569 = CARTESIAN_POINT('',(12.,12.,25.4));
#10570 = ADVANCED_FACE('',(#10571),#10577,.F.);
#10571 = FACE_BOUND('',#10572,.F.);
#10572 = EDGE_LOOP('',(#10573,#10574,#10575,#10576));
#10573 = ORIENTED_EDGE('',*,*,#7827,.F.);
#10574 = ORIENTED_EDGE('',*,*,#7789,.T.);
#10575 = ORIENTED_EDGE('',*,*,#7857,.T.);
#10576 = ORIENTED_EDGE('',*,*,#10442,.T.);
#10577 = PLANE('',#10578);
#10578 = AXIS2_PLACEMENT_3D('',#10579,#10580,#10581);
#10579 = CARTESIAN_POINT('',(-4.5,-4.5,9.8));
#10580 = DIRECTION('',(0.,0.,1.));
#10581 = DIRECTION('',(1.,0.,-0.));
#10582 = ADVANCED_FACE('',(#10583),#10594,.T.);
#10583 = FACE_BOUND('',#10584,.T.);
#10584 = EDGE_LOOP('',(#10585,#10586,#10587,#10593));
#10585 = ORIENTED_EDGE('',*,*,#7888,.T.);
#10586 = ORIENTED_EDGE('',*,*,#10503,.T.);
#10587 = ORIENTED_EDGE('',*,*,#10588,.F.);
#10588 = EDGE_CURVE('',#10553,#10496,#10589,.T.);
#10589 = LINE('',#10590,#10591);
#10590 = CARTESIAN_POINT('',(12.,12.,25.4));
#10591 = VECTOR('',#10592,1.);
#10592 = DIRECTION('',(-1.,0.,0.));
#10593 = ORIENTED_EDGE('',*,*,#10552,.F.);
#10594 = B_SPLINE_SURFACE_WITH_KNOTS('',1,1,(
    (#10595,#10596)
    ,(#10597,#10598
    )),.UNSPECIFIED.,.F.,.F.,.F.,(2,2),(2,2),(0.,24.),(0.,1.),
  .PIECEWISE_BEZIER_KNOTS.);
#10595 = CARTESIAN_POINT('',(4.5,4.5,17.9));
#10596 = CARTESIAN_POINT('',(12.,12.,25.4));
#10597 = CARTESIAN_POINT('',(-4.5,4.5,17.9));
#10598 = CARTESIAN_POINT('',(-12.,12.,25.4));
#10599 = ADVANCED_FACE('',(#10600),#10606,.F.);
#10600 = FACE_BOUND('',#10601,.F.);
#10601 = EDGE_LOOP('',(#10602,#10603,#10604,#10605));
#10602 = ORIENTED_EDGE('',*,*,#7880,.F.);
#10603 = ORIENTED_EDGE('',*,*,#7960,.F.);
#10604 = ORIENTED_EDGE('',*,*,#10425,.T.);
#10605 = ORIENTED_EDGE('',*,*,#7918,.T.);
#10606 = PLANE('',#10607);
#10607 = AXIS2_PLACEMENT_3D('',#10608,#10609,#10610);
#10608 = CARTESIAN_POINT('',(-4.5,-4.5,9.8));
#10609 = DIRECTION('',(0.,0.,1.));
#10610 = DIRECTION('',(1.,0.,-0.));
#10611 = ADVANCED_FACE('',(#10612),#10637,.F.);
#10612 = FACE_BOUND('',#10613,.F.);
#10613 = EDGE_LOOP('',(#10614,#10622,#10623,#10631));
#10614 = ORIENTED_EDGE('',*,*,#10615,.F.);
#10615 = EDGE_CURVE('',#10489,#10616,#10618,.T.);
#10616 = VERTEX_POINT('',#10617);
#10617 = CARTESIAN_POINT('',(-12.,-12.,28.4));
#10618 = LINE('',#10619,#10620);
#10619 = CARTESIAN_POINT('',(-12.,-12.,25.4));
#10620 = VECTOR('',#10621,1.);
#10621 = DIRECTION('',(0.,0.,1.));
#10622 = ORIENTED_EDGE('',*,*,#10495,.F.);
#10623 = ORIENTED_EDGE('',*,*,#10624,.T.);
#10624 = EDGE_CURVE('',#10496,#10625,#10627,.T.);
#10625 = VERTEX_POINT('',#10626);
#10626 = CARTESIAN_POINT('',(-12.,12.,28.4));
#10627 = LINE('',#10628,#10629);
#10628 = CARTESIAN_POINT('',(-12.,12.,25.4));
#10629 = VECTOR('',#10630,1.);
#10630 = DIRECTION('',(0.,0.,1.));
#10631 = ORIENTED_EDGE('',*,*,#10632,.F.);
#10632 = EDGE_CURVE('',#10616,#10625,#10633,.T.);
#10633 = LINE('',#10634,#10635);
#10634 = CARTESIAN_POINT('',(-12.,-12.,28.4));
#10635 = VECTOR('',#10636,1.);
#10636 = DIRECTION('',(-0.,1.,0.));
#10637 = PLANE('',#10638);
#10638 = AXIS2_PLACEMENT_3D('',#10639,#10640,#10641);
#10639 = CARTESIAN_POINT('',(-12.,-12.,25.4));
#10640 = DIRECTION('',(1.,0.,-0.));
#10641 = DIRECTION('',(0.,0.,1.));
#10642 = ADVANCED_FACE('',(#10643),#10661,.F.);
#10643 = FACE_BOUND('',#10644,.F.);
#10644 = EDGE_LOOP('',(#10645,#10646,#10647,#10655));
#10645 = ORIENTED_EDGE('',*,*,#10524,.F.);
#10646 = ORIENTED_EDGE('',*,*,#10615,.T.);
#10647 = ORIENTED_EDGE('',*,*,#10648,.T.);
#10648 = EDGE_CURVE('',#10616,#10649,#10651,.T.);
#10649 = VERTEX_POINT('',#10650);
#10650 = CARTESIAN_POINT('',(12.,-12.,28.4));
#10651 = LINE('',#10652,#10653);
#10652 = CARTESIAN_POINT('',(-12.,-12.,28.4));
#10653 = VECTOR('',#10654,1.);
#10654 = DIRECTION('',(1.,0.,-0.));
#10655 = ORIENTED_EDGE('',*,*,#10656,.F.);
#10656 = EDGE_CURVE('',#10518,#10649,#10657,.T.);
#10657 = LINE('',#10658,#10659);
#10658 = CARTESIAN_POINT('',(12.,-12.,25.4));
#10659 = VECTOR('',#10660,1.);
#10660 = DIRECTION('',(0.,0.,1.));
#10661 = PLANE('',#10662);
#10662 = AXIS2_PLACEMENT_3D('',#10663,#10664,#10665);
#10663 = CARTESIAN_POINT('',(-12.,-12.,25.4));
#10664 = DIRECTION('',(-0.,1.,0.));
#10665 = DIRECTION('',(0.,0.,1.));
#10666 = ADVANCED_FACE('',(#10667),#10685,.T.);
#10667 = FACE_BOUND('',#10668,.T.);
#10668 = EDGE_LOOP('',(#10669,#10670,#10671,#10679));
#10669 = ORIENTED_EDGE('',*,*,#10656,.F.);
#10670 = ORIENTED_EDGE('',*,*,#10559,.T.);
#10671 = ORIENTED_EDGE('',*,*,#10672,.T.);
#10672 = EDGE_CURVE('',#10553,#10673,#10675,.T.);
#10673 = VERTEX_POINT('',#10674);
#10674 = CARTESIAN_POINT('',(12.,12.,28.4));
#10675 = LINE('',#10676,#10677);
#10676 = CARTESIAN_POINT('',(12.,12.,25.4));
#10677 = VECTOR('',#10678,1.);
#10678 = DIRECTION('',(0.,0.,1.));
#10679 = ORIENTED_EDGE('',*,*,#10680,.F.);
#10680 = EDGE_CURVE('',#10649,#10673,#10681,.T.);
#10681 = LINE('',#10682,#10683);
#10682 = CARTESIAN_POINT('',(12.,-12.,28.4));
#10683 = VECTOR('',#10684,1.);
#10684 = DIRECTION('',(-0.,1.,0.));
#10685 = PLANE('',#10686);
#10686 = AXIS2_PLACEMENT_3D('',#10687,#10688,#10689);
#10687 = CARTESIAN_POINT('',(12.,-12.,25.4));
#10688 = DIRECTION('',(1.,0.,-0.));
#10689 = DIRECTION('',(0.,0.,1.));
#10690 = ADVANCED_FACE('',(#10691),#10702,.T.);
#10691 = FACE_BOUND('',#10692,.T.);
#10692 = EDGE_LOOP('',(#10693,#10694,#10695,#10701));
#10693 = ORIENTED_EDGE('',*,*,#10588,.T.);
#10694 = ORIENTED_EDGE('',*,*,#10624,.T.);
#10695 = ORIENTED_EDGE('',*,*,#10696,.T.);
#10696 = EDGE_CURVE('',#10625,#10673,#10697,.T.);
#10697 = LINE('',#10698,#10699);
#10698 = CARTESIAN_POINT('',(-12.,12.,28.4));
#10699 = VECTOR('',#10700,1.);
#10700 = DIRECTION('',(1.,0.,-0.));
#10701 = ORIENTED_EDGE('',*,*,#10672,.F.);
#10702 = PLANE('',#10703);
#10703 = AXIS2_PLACEMENT_3D('',#10704,#10705,#10706);
#10704 = CARTESIAN_POINT('',(-12.,12.,25.4));
#10705 = DIRECTION('',(-0.,1.,0.));
#10706 = DIRECTION('',(0.,0.,1.));
#10707 = ADVANCED_FACE('',(#10708),#10714,.T.);
#10708 = FACE_BOUND('',#10709,.T.);
#10709 = EDGE_LOOP('',(#10710,#10711,#10712,#10713));
#10710 = ORIENTED_EDGE('',*,*,#10632,.F.);
#10711 = ORIENTED_EDGE('',*,*,#10648,.T.);
#10712 = ORIENTED_EDGE('',*,*,#10680,.T.);
#10713 = ORIENTED_EDGE('',*,*,#10696,.F.);
#10714 = PLANE('',#10715);
#10715 = AXIS2_PLACEMENT_3D('',#10716,#10717,#10718);
#10716 = CARTESIAN_POINT('',(-12.,-12.,28.4));
#10717 = DIRECTION('',(0.,0.,1.));
#10718 = DIRECTION('',(1.,0.,-0.));
#10719 = ADVANCED_FACE('',(#10720),#10728,.F.);
#10720 = FACE_BOUND('',#10721,.F.);
#10721 = EDGE_LOOP('',(#10722,#10723,#10724,#10725,#10726,#10727));
#10722 = ORIENTED_EDGE('',*,*,#6005,.F.);
#10723 = ORIENTED_EDGE('',*,*,#3087,.T.);
#10724 = ORIENTED_EDGE('',*,*,#3078,.T.);
#10725 = ORIENTED_EDGE('',*,*,#5988,.T.);
#10726 = ORIENTED_EDGE('',*,*,#152,.F.);
#10727 = ORIENTED_EDGE('',*,*,#161,.F.);
#10728 = CYLINDRICAL_SURFACE('',#10729,1.375);
#10729 = AXIS2_PLACEMENT_3D('',#10730,#10731,#10732);
#10730 = CARTESIAN_POINT('',(-22.86,-27.94,5.8));
#10731 = DIRECTION('',(0.,0.,1.));
#10732 = DIRECTION('',(1.,0.,-0.));
#10733 = ADVANCED_FACE('',(#10734),#10742,.F.);
#10734 = FACE_BOUND('',#10735,.F.);
#10735 = EDGE_LOOP('',(#10736,#10737,#10738,#10739,#10740,#10741));
#10736 = ORIENTED_EDGE('',*,*,#6146,.F.);
#10737 = ORIENTED_EDGE('',*,*,#3179,.T.);
#10738 = ORIENTED_EDGE('',*,*,#3170,.T.);
#10739 = ORIENTED_EDGE('',*,*,#6129,.T.);
#10740 = ORIENTED_EDGE('',*,*,#244,.F.);
#10741 = ORIENTED_EDGE('',*,*,#253,.F.);
#10742 = CYLINDRICAL_SURFACE('',#10743,1.375);
#10743 = AXIS2_PLACEMENT_3D('',#10744,#10745,#10746);
#10744 = CARTESIAN_POINT('',(-7.62,-27.94,5.8));
#10745 = DIRECTION('',(0.,0.,1.));
#10746 = DIRECTION('',(1.,0.,-0.));
#10747 = ADVANCED_FACE('',(#10748),#10756,.F.);
#10748 = FACE_BOUND('',#10749,.F.);
#10749 = EDGE_LOOP('',(#10750,#10751,#10752,#10753,#10754,#10755));
#10750 = ORIENTED_EDGE('',*,*,#6423,.F.);
#10751 = ORIENTED_EDGE('',*,*,#3343,.T.);
#10752 = ORIENTED_EDGE('',*,*,#3334,.T.);
#10753 = ORIENTED_EDGE('',*,*,#6406,.T.);
#10754 = ORIENTED_EDGE('',*,*,#408,.F.);
#10755 = ORIENTED_EDGE('',*,*,#417,.F.);
#10756 = CYLINDRICAL_SURFACE('',#10757,1.375);
#10757 = AXIS2_PLACEMENT_3D('',#10758,#10759,#10760);
#10758 = CARTESIAN_POINT('',(-17.78,-17.78,5.8));
#10759 = DIRECTION('',(0.,0.,1.));
#10760 = DIRECTION('',(1.,0.,-0.));
#10761 = ADVANCED_FACE('',(#10762),#10770,.F.);
#10762 = FACE_BOUND('',#10763,.F.);
#10763 = EDGE_LOOP('',(#10764,#10765,#10766,#10767,#10768,#10769));
#10764 = ORIENTED_EDGE('',*,*,#6479,.F.);
#10765 = ORIENTED_EDGE('',*,*,#3388,.T.);
#10766 = ORIENTED_EDGE('',*,*,#3379,.T.);
#10767 = ORIENTED_EDGE('',*,*,#6462,.T.);
#10768 = ORIENTED_EDGE('',*,*,#453,.F.);
#10769 = ORIENTED_EDGE('',*,*,#462,.F.);
#10770 = CYLINDRICAL_SURFACE('',#10771,1.375);
#10771 = AXIS2_PLACEMENT_3D('',#10772,#10773,#10774);
#10772 = CARTESIAN_POINT('',(-22.86,-12.7,5.8));
#10773 = DIRECTION('',(0.,0.,1.));
#10774 = DIRECTION('',(1.,0.,-0.));
#10775 = ADVANCED_FACE('',(#10776),#10784,.F.);
#10776 = FACE_BOUND('',#10777,.F.);
#10777 = EDGE_LOOP('',(#10778,#10779,#10780,#10781,#10782,#10783));
#10778 = ORIENTED_EDGE('',*,*,#6620,.F.);
#10779 = ORIENTED_EDGE('',*,*,#3480,.T.);
#10780 = ORIENTED_EDGE('',*,*,#3471,.T.);
#10781 = ORIENTED_EDGE('',*,*,#6603,.T.);
#10782 = ORIENTED_EDGE('',*,*,#545,.F.);
#10783 = ORIENTED_EDGE('',*,*,#554,.F.);
#10784 = CYLINDRICAL_SURFACE('',#10785,1.375);
#10785 = AXIS2_PLACEMENT_3D('',#10786,#10787,#10788);
#10786 = CARTESIAN_POINT('',(-17.78,-2.54,5.8));
#10787 = DIRECTION('',(0.,0.,1.));
#10788 = DIRECTION('',(1.,0.,-0.));
#10789 = ADVANCED_FACE('',(#10790),#10798,.F.);
#10790 = FACE_BOUND('',#10791,.F.);
#10791 = EDGE_LOOP('',(#10792,#10793,#10794,#10795,#10796,#10797));
#10792 = ORIENTED_EDGE('',*,*,#6744,.F.);
#10793 = ORIENTED_EDGE('',*,*,#3561,.T.);
#10794 = ORIENTED_EDGE('',*,*,#3552,.T.);
#10795 = ORIENTED_EDGE('',*,*,#6727,.T.);
#10796 = ORIENTED_EDGE('',*,*,#626,.F.);
#10797 = ORIENTED_EDGE('',*,*,#635,.F.);
#10798 = CYLINDRICAL_SURFACE('',#10799,1.375);
#10799 = AXIS2_PLACEMENT_3D('',#10800,#10801,#10802);
#10800 = CARTESIAN_POINT('',(-7.62,-12.7,5.8));
#10801 = DIRECTION('',(0.,0.,1.));
#10802 = DIRECTION('',(1.,0.,-0.));
#10803 = ADVANCED_FACE('',(#10804),#10812,.F.);
#10804 = FACE_BOUND('',#10805,.F.);
#10805 = EDGE_LOOP('',(#10806,#10807,#10808,#10809,#10810,#10811));
#10806 = ORIENTED_EDGE('',*,*,#6800,.F.);
#10807 = ORIENTED_EDGE('',*,*,#3606,.T.);
#10808 = ORIENTED_EDGE('',*,*,#3597,.T.);
#10809 = ORIENTED_EDGE('',*,*,#6783,.T.);
#10810 = ORIENTED_EDGE('',*,*,#671,.F.);
#10811 = ORIENTED_EDGE('',*,*,#680,.F.);
#10812 = CYLINDRICAL_SURFACE('',#10813,1.375);
#10813 = AXIS2_PLACEMENT_3D('',#10814,#10815,#10816);
#10814 = CARTESIAN_POINT('',(-2.54,-17.78,5.8));
#10815 = DIRECTION('',(0.,0.,1.));
#10816 = DIRECTION('',(1.,0.,-0.));
#10817 = ADVANCED_FACE('',(#10818),#10826,.F.);
#10818 = FACE_BOUND('',#10819,.F.);
#10819 = EDGE_LOOP('',(#10820,#10821,#10822,#10823,#10824,#10825));
#10820 = ORIENTED_EDGE('',*,*,#7009,.F.);
#10821 = ORIENTED_EDGE('',*,*,#3779,.T.);
#10822 = ORIENTED_EDGE('',*,*,#3770,.T.);
#10823 = ORIENTED_EDGE('',*,*,#6992,.T.);
#10824 = ORIENTED_EDGE('',*,*,#799,.F.);
#10825 = ORIENTED_EDGE('',*,*,#808,.F.);
#10826 = CYLINDRICAL_SURFACE('',#10827,1.375);
#10827 = AXIS2_PLACEMENT_3D('',#10828,#10829,#10830);
#10828 = CARTESIAN_POINT('',(7.62,-27.94,5.8));
#10829 = DIRECTION('',(0.,0.,1.));
#10830 = DIRECTION('',(1.,0.,-0.));
#10831 = ADVANCED_FACE('',(#10832),#10840,.F.);
#10832 = FACE_BOUND('',#10833,.F.);
#10833 = EDGE_LOOP('',(#10834,#10835,#10836,#10837,#10838,#10839));
#10834 = ORIENTED_EDGE('',*,*,#7286,.F.);
#10835 = ORIENTED_EDGE('',*,*,#3943,.T.);
#10836 = ORIENTED_EDGE('',*,*,#3934,.T.);
#10837 = ORIENTED_EDGE('',*,*,#7269,.T.);
#10838 = ORIENTED_EDGE('',*,*,#963,.F.);
#10839 = ORIENTED_EDGE('',*,*,#972,.F.);
#10840 = CYLINDRICAL_SURFACE('',#10841,1.375);
#10841 = AXIS2_PLACEMENT_3D('',#10842,#10843,#10844);
#10842 = CARTESIAN_POINT('',(22.86,-27.94,5.8));
#10843 = DIRECTION('',(0.,0.,1.));
#10844 = DIRECTION('',(1.,0.,-0.));
#10845 = ADVANCED_FACE('',(#10846),#10854,.F.);
#10846 = FACE_BOUND('',#10847,.F.);
#10847 = EDGE_LOOP('',(#10848,#10849,#10850,#10851,#10852,#10853));
#10848 = ORIENTED_EDGE('',*,*,#7444,.F.);
#10849 = ORIENTED_EDGE('',*,*,#4046,.T.);
#10850 = ORIENTED_EDGE('',*,*,#4037,.T.);
#10851 = ORIENTED_EDGE('',*,*,#7427,.T.);
#10852 = ORIENTED_EDGE('',*,*,#1066,.F.);
#10853 = ORIENTED_EDGE('',*,*,#1075,.F.);
#10854 = CYLINDRICAL_SURFACE('',#10855,1.375);
#10855 = AXIS2_PLACEMENT_3D('',#10856,#10857,#10858);
#10856 = CARTESIAN_POINT('',(7.62,-12.7,5.8));
#10857 = DIRECTION('',(0.,0.,1.));
#10858 = DIRECTION('',(1.,0.,-0.));
#10859 = ADVANCED_FACE('',(#10860),#10868,.F.);
#10860 = FACE_BOUND('',#10861,.F.);
#10861 = EDGE_LOOP('',(#10862,#10863,#10864,#10865,#10866,#10867));
#10862 = ORIENTED_EDGE('',*,*,#7500,.F.);
#10863 = ORIENTED_EDGE('',*,*,#4091,.T.);
#10864 = ORIENTED_EDGE('',*,*,#4082,.T.);
#10865 = ORIENTED_EDGE('',*,*,#7483,.T.);
#10866 = ORIENTED_EDGE('',*,*,#1111,.F.);
#10867 = ORIENTED_EDGE('',*,*,#1120,.F.);
#10868 = CYLINDRICAL_SURFACE('',#10869,1.375);
#10869 = AXIS2_PLACEMENT_3D('',#10870,#10871,#10872);
#10870 = CARTESIAN_POINT('',(12.7,-17.78,5.8));
#10871 = DIRECTION('',(0.,0.,1.));
#10872 = DIRECTION('',(1.,0.,-0.));
#10873 = ADVANCED_FACE('',(#10874),#10882,.F.);
#10874 = FACE_BOUND('',#10875,.F.);
#10875 = EDGE_LOOP('',(#10876,#10877,#10878,#10879,#10880,#10881));
#10876 = ORIENTED_EDGE('',*,*,#7864,.T.);
#10877 = ORIENTED_EDGE('',*,*,#1268,.F.);
#10878 = ORIENTED_EDGE('',*,*,#1277,.F.);
#10879 = ORIENTED_EDGE('',*,*,#7834,.F.);
#10880 = ORIENTED_EDGE('',*,*,#5185,.T.);
#10881 = ORIENTED_EDGE('',*,*,#5176,.T.);
#10882 = CYLINDRICAL_SURFACE('',#10883,1.375);
#10883 = AXIS2_PLACEMENT_3D('',#10884,#10885,#10886);
#10884 = CARTESIAN_POINT('',(7.62,2.54,5.8));
#10885 = DIRECTION('',(0.,0.,1.));
#10886 = DIRECTION('',(1.,0.,-0.));
#10887 = ADVANCED_FACE('',(#10888),#10896,.F.);
#10888 = FACE_BOUND('',#10889,.F.);
#10889 = EDGE_LOOP('',(#10890,#10891,#10892,#10893,#10894,#10895));
#10890 = ORIENTED_EDGE('',*,*,#8109,.F.);
#10891 = ORIENTED_EDGE('',*,*,#4255,.T.);
#10892 = ORIENTED_EDGE('',*,*,#4246,.T.);
#10893 = ORIENTED_EDGE('',*,*,#8092,.T.);
#10894 = ORIENTED_EDGE('',*,*,#1414,.F.);
#10895 = ORIENTED_EDGE('',*,*,#1423,.F.);
#10896 = CYLINDRICAL_SURFACE('',#10897,1.375);
#10897 = AXIS2_PLACEMENT_3D('',#10898,#10899,#10900);
#10898 = CARTESIAN_POINT('',(12.7,-2.54,5.8));
#10899 = DIRECTION('',(0.,0.,1.));
#10900 = DIRECTION('',(1.,0.,-0.));
#10901 = ADVANCED_FACE('',(#10902),#10910,.F.);
#10902 = FACE_BOUND('',#10903,.F.);
#10903 = EDGE_LOOP('',(#10904,#10905,#10906,#10907,#10908,#10909));
#10904 = ORIENTED_EDGE('',*,*,#8165,.F.);
#10905 = ORIENTED_EDGE('',*,*,#4300,.T.);
#10906 = ORIENTED_EDGE('',*,*,#4291,.T.);
#10907 = ORIENTED_EDGE('',*,*,#8148,.T.);
#10908 = ORIENTED_EDGE('',*,*,#1459,.F.);
#10909 = ORIENTED_EDGE('',*,*,#1468,.F.);
#10910 = CYLINDRICAL_SURFACE('',#10911,1.375);
#10911 = AXIS2_PLACEMENT_3D('',#10912,#10913,#10914);
#10912 = CARTESIAN_POINT('',(27.94,-17.78,5.8));
#10913 = DIRECTION('',(0.,0.,1.));
#10914 = DIRECTION('',(1.,0.,-0.));
#10915 = ADVANCED_FACE('',(#10916),#10924,.F.);
#10916 = FACE_BOUND('',#10917,.F.);
#10917 = EDGE_LOOP('',(#10918,#10919,#10920,#10921,#10922,#10923));
#10918 = ORIENTED_EDGE('',*,*,#8221,.F.);
#10919 = ORIENTED_EDGE('',*,*,#4345,.T.);
#10920 = ORIENTED_EDGE('',*,*,#4336,.T.);
#10921 = ORIENTED_EDGE('',*,*,#8204,.T.);
#10922 = ORIENTED_EDGE('',*,*,#1504,.F.);
#10923 = ORIENTED_EDGE('',*,*,#1513,.F.);
#10924 = CYLINDRICAL_SURFACE('',#10925,1.375);
#10925 = AXIS2_PLACEMENT_3D('',#10926,#10927,#10928);
#10926 = CARTESIAN_POINT('',(22.86,-12.7,5.8));
#10927 = DIRECTION('',(0.,0.,1.));
#10928 = DIRECTION('',(1.,0.,-0.));
#10929 = ADVANCED_FACE('',(#10930),#10938,.F.);
#10930 = FACE_BOUND('',#10931,.F.);
#10931 = EDGE_LOOP('',(#10932,#10933,#10934,#10935,#10936,#10937));
#10932 = ORIENTED_EDGE('',*,*,#8362,.F.);
#10933 = ORIENTED_EDGE('',*,*,#4437,.T.);
#10934 = ORIENTED_EDGE('',*,*,#4428,.T.);
#10935 = ORIENTED_EDGE('',*,*,#8345,.T.);
#10936 = ORIENTED_EDGE('',*,*,#1596,.F.);
#10937 = ORIENTED_EDGE('',*,*,#1605,.F.);
#10938 = CYLINDRICAL_SURFACE('',#10939,1.375);
#10939 = AXIS2_PLACEMENT_3D('',#10940,#10941,#10942);
#10940 = CARTESIAN_POINT('',(27.94,-2.54,5.8));
#10941 = DIRECTION('',(0.,0.,1.));
#10942 = DIRECTION('',(1.,0.,-0.));
#10943 = ADVANCED_FACE('',(#10944),#10952,.F.);
#10944 = FACE_BOUND('',#10945,.F.);
#10945 = EDGE_LOOP('',(#10946,#10947,#10948,#10949,#10950,#10951));
#10946 = ORIENTED_EDGE('',*,*,#8418,.F.);
#10947 = ORIENTED_EDGE('',*,*,#4482,.T.);
#10948 = ORIENTED_EDGE('',*,*,#4473,.T.);
#10949 = ORIENTED_EDGE('',*,*,#8401,.T.);
#10950 = ORIENTED_EDGE('',*,*,#1641,.F.);
#10951 = ORIENTED_EDGE('',*,*,#1650,.F.);
#10952 = CYLINDRICAL_SURFACE('',#10953,1.375);
#10953 = AXIS2_PLACEMENT_3D('',#10954,#10955,#10956);
#10954 = CARTESIAN_POINT('',(-22.86,2.54,5.8));
#10955 = DIRECTION('',(0.,0.,1.));
#10956 = DIRECTION('',(1.,0.,-0.));
#10957 = ADVANCED_FACE('',(#10958),#10966,.F.);
#10958 = FACE_BOUND('',#10959,.F.);
#10959 = EDGE_LOOP('',(#10960,#10961,#10962,#10963,#10964,#10965));
#10960 = ORIENTED_EDGE('',*,*,#8559,.F.);
#10961 = ORIENTED_EDGE('',*,*,#4574,.T.);
#10962 = ORIENTED_EDGE('',*,*,#4565,.T.);
#10963 = ORIENTED_EDGE('',*,*,#8542,.T.);
#10964 = ORIENTED_EDGE('',*,*,#1733,.F.);
#10965 = ORIENTED_EDGE('',*,*,#1742,.F.);
#10966 = CYLINDRICAL_SURFACE('',#10967,1.375);
#10967 = AXIS2_PLACEMENT_3D('',#10968,#10969,#10970);
#10968 = CARTESIAN_POINT('',(-17.78,12.7,5.8));
#10969 = DIRECTION('',(0.,0.,1.));
#10970 = DIRECTION('',(1.,0.,-0.));
#10971 = ADVANCED_FACE('',(#10972),#10980,.F.);
#10972 = FACE_BOUND('',#10973,.F.);
#10973 = EDGE_LOOP('',(#10974,#10975,#10976,#10977,#10978,#10979));
#10974 = ORIENTED_EDGE('',*,*,#8615,.F.);
#10975 = ORIENTED_EDGE('',*,*,#4619,.T.);
#10976 = ORIENTED_EDGE('',*,*,#4610,.T.);
#10977 = ORIENTED_EDGE('',*,*,#8598,.T.);
#10978 = ORIENTED_EDGE('',*,*,#1778,.F.);
#10979 = ORIENTED_EDGE('',*,*,#1787,.F.);
#10980 = CYLINDRICAL_SURFACE('',#10981,1.375);
#10981 = AXIS2_PLACEMENT_3D('',#10982,#10983,#10984);
#10982 = CARTESIAN_POINT('',(-22.86,17.78,5.8));
#10983 = DIRECTION('',(0.,0.,1.));
#10984 = DIRECTION('',(1.,0.,-0.));
#10985 = ADVANCED_FACE('',(#10986),#10994,.F.);
#10986 = FACE_BOUND('',#10987,.F.);
#10987 = EDGE_LOOP('',(#10988,#10989,#10990,#10991,#10992,#10993));
#10988 = ORIENTED_EDGE('',*,*,#8671,.F.);
#10989 = ORIENTED_EDGE('',*,*,#4664,.T.);
#10990 = ORIENTED_EDGE('',*,*,#4655,.T.);
#10991 = ORIENTED_EDGE('',*,*,#8654,.T.);
#10992 = ORIENTED_EDGE('',*,*,#1823,.F.);
#10993 = ORIENTED_EDGE('',*,*,#1832,.F.);
#10994 = CYLINDRICAL_SURFACE('',#10995,1.375);
#10995 = AXIS2_PLACEMENT_3D('',#10996,#10997,#10998);
#10996 = CARTESIAN_POINT('',(-7.62,2.54,5.8));
#10997 = DIRECTION('',(0.,0.,1.));
#10998 = DIRECTION('',(1.,0.,-0.));
#10999 = ADVANCED_FACE('',(#11000),#11008,.F.);
#11000 = FACE_BOUND('',#11001,.F.);
#11001 = EDGE_LOOP('',(#11002,#11003,#11004,#11005,#11006,#11007));
#11002 = ORIENTED_EDGE('',*,*,#8880,.F.);
#11003 = ORIENTED_EDGE('',*,*,#4828,.T.);
#11004 = ORIENTED_EDGE('',*,*,#4819,.T.);
#11005 = ORIENTED_EDGE('',*,*,#8863,.T.);
#11006 = ORIENTED_EDGE('',*,*,#1951,.F.);
#11007 = ORIENTED_EDGE('',*,*,#1960,.F.);
#11008 = CYLINDRICAL_SURFACE('',#11009,1.375);
#11009 = AXIS2_PLACEMENT_3D('',#11010,#11011,#11012);
#11010 = CARTESIAN_POINT('',(-7.62,17.78,5.8));
#11011 = DIRECTION('',(0.,0.,1.));
#11012 = DIRECTION('',(1.,0.,-0.));
#11013 = ADVANCED_FACE('',(#11014),#11022,.F.);
#11014 = FACE_BOUND('',#11015,.F.);
#11015 = EDGE_LOOP('',(#11016,#11017,#11018,#11019,#11020,#11021));
#11016 = ORIENTED_EDGE('',*,*,#8936,.F.);
#11017 = ORIENTED_EDGE('',*,*,#4873,.T.);
#11018 = ORIENTED_EDGE('',*,*,#4864,.T.);
#11019 = ORIENTED_EDGE('',*,*,#8919,.T.);
#11020 = ORIENTED_EDGE('',*,*,#1996,.F.);
#11021 = ORIENTED_EDGE('',*,*,#2005,.F.);
#11022 = CYLINDRICAL_SURFACE('',#11023,1.375);
#11023 = AXIS2_PLACEMENT_3D('',#11024,#11025,#11026);
#11024 = CARTESIAN_POINT('',(-2.54,12.7,5.8));
#11025 = DIRECTION('',(0.,0.,1.));
#11026 = DIRECTION('',(1.,0.,-0.));
#11027 = ADVANCED_FACE('',(#11028),#11036,.F.);
#11028 = FACE_BOUND('',#11029,.F.);
#11029 = EDGE_LOOP('',(#11030,#11031,#11032,#11033,#11034,#11035));
#11030 = ORIENTED_EDGE('',*,*,#9094,.F.);
#11031 = ORIENTED_EDGE('',*,*,#4976,.T.);
#11032 = ORIENTED_EDGE('',*,*,#4967,.T.);
#11033 = ORIENTED_EDGE('',*,*,#9077,.T.);
#11034 = ORIENTED_EDGE('',*,*,#2099,.F.);
#11035 = ORIENTED_EDGE('',*,*,#2108,.F.);
#11036 = CYLINDRICAL_SURFACE('',#11037,1.375);
#11037 = AXIS2_PLACEMENT_3D('',#11038,#11039,#11040);
#11038 = CARTESIAN_POINT('',(-17.78,27.94,5.8));
#11039 = DIRECTION('',(0.,0.,1.));
#11040 = DIRECTION('',(1.,0.,-0.));
#11041 = ADVANCED_FACE('',(#11042),#11050,.F.);
#11042 = FACE_BOUND('',#11043,.F.);
#11043 = EDGE_LOOP('',(#11044,#11045,#11046,#11047,#11048,#11049));
#11044 = ORIENTED_EDGE('',*,*,#9371,.F.);
#11045 = ORIENTED_EDGE('',*,*,#5140,.T.);
#11046 = ORIENTED_EDGE('',*,*,#5131,.T.);
#11047 = ORIENTED_EDGE('',*,*,#9354,.T.);
#11048 = ORIENTED_EDGE('',*,*,#2263,.F.);
#11049 = ORIENTED_EDGE('',*,*,#2272,.F.);
#11050 = CYLINDRICAL_SURFACE('',#11051,1.375);
#11051 = AXIS2_PLACEMENT_3D('',#11052,#11053,#11054);
#11052 = CARTESIAN_POINT('',(-2.54,27.94,5.8));
#11053 = DIRECTION('',(0.,0.,1.));
#11054 = DIRECTION('',(1.,0.,-0.));
#11055 = ADVANCED_FACE('',(#11056),#11064,.F.);
#11056 = FACE_BOUND('',#11057,.F.);
#11057 = EDGE_LOOP('',(#11058,#11059,#11060,#11061,#11062,#11063));
#11058 = ORIENTED_EDGE('',*,*,#9580,.F.);
#11059 = ORIENTED_EDGE('',*,*,#5313,.T.);
#11060 = ORIENTED_EDGE('',*,*,#5304,.T.);
#11061 = ORIENTED_EDGE('',*,*,#9563,.T.);
#11062 = ORIENTED_EDGE('',*,*,#2391,.F.);
#11063 = ORIENTED_EDGE('',*,*,#2400,.F.);
#11064 = CYLINDRICAL_SURFACE('',#11065,1.375);
#11065 = AXIS2_PLACEMENT_3D('',#11066,#11067,#11068);
#11066 = CARTESIAN_POINT('',(7.62,17.78,5.8));
#11067 = DIRECTION('',(0.,0.,1.));
#11068 = DIRECTION('',(1.,0.,-0.));
#11069 = ADVANCED_FACE('',(#11070),#11078,.F.);
#11070 = FACE_BOUND('',#11071,.F.);
#11071 = EDGE_LOOP('',(#11072,#11073,#11074,#11075,#11076,#11077));
#11072 = ORIENTED_EDGE('',*,*,#9636,.F.);
#11073 = ORIENTED_EDGE('',*,*,#5358,.T.);
#11074 = ORIENTED_EDGE('',*,*,#5349,.T.);
#11075 = ORIENTED_EDGE('',*,*,#9619,.T.);
#11076 = ORIENTED_EDGE('',*,*,#2436,.F.);
#11077 = ORIENTED_EDGE('',*,*,#2445,.F.);
#11078 = CYLINDRICAL_SURFACE('',#11079,1.375);
#11079 = AXIS2_PLACEMENT_3D('',#11080,#11081,#11082);
#11080 = CARTESIAN_POINT('',(12.7,12.7,5.8));
#11081 = DIRECTION('',(0.,0.,1.));
#11082 = DIRECTION('',(1.,0.,-0.));
#11083 = ADVANCED_FACE('',(#11084),#11092,.F.);
#11084 = FACE_BOUND('',#11085,.F.);
#11085 = EDGE_LOOP('',(#11086,#11087,#11088,#11089,#11090,#11091));
#11086 = ORIENTED_EDGE('',*,*,#9760,.F.);
#11087 = ORIENTED_EDGE('',*,*,#5439,.T.);
#11088 = ORIENTED_EDGE('',*,*,#5430,.T.);
#11089 = ORIENTED_EDGE('',*,*,#9743,.T.);
#11090 = ORIENTED_EDGE('',*,*,#2517,.F.);
#11091 = ORIENTED_EDGE('',*,*,#2526,.F.);
#11092 = CYLINDRICAL_SURFACE('',#11093,1.375);
#11093 = AXIS2_PLACEMENT_3D('',#11094,#11095,#11096);
#11094 = CARTESIAN_POINT('',(22.86,2.54,5.8));
#11095 = DIRECTION('',(0.,0.,1.));
#11096 = DIRECTION('',(1.,0.,-0.));
#11097 = ADVANCED_FACE('',(#11098),#11106,.F.);
#11098 = FACE_BOUND('',#11099,.F.);
#11099 = EDGE_LOOP('',(#11100,#11101,#11102,#11103,#11104,#11105));
#11100 = ORIENTED_EDGE('',*,*,#9901,.F.);
#11101 = ORIENTED_EDGE('',*,*,#5531,.T.);
#11102 = ORIENTED_EDGE('',*,*,#5522,.T.);
#11103 = ORIENTED_EDGE('',*,*,#9884,.T.);
#11104 = ORIENTED_EDGE('',*,*,#2609,.F.);
#11105 = ORIENTED_EDGE('',*,*,#2618,.F.);
#11106 = CYLINDRICAL_SURFACE('',#11107,1.375);
#11107 = AXIS2_PLACEMENT_3D('',#11108,#11109,#11110);
#11108 = CARTESIAN_POINT('',(27.94,12.7,5.8));
#11109 = DIRECTION('',(0.,0.,1.));
#11110 = DIRECTION('',(1.,0.,-0.));
#11111 = ADVANCED_FACE('',(#11112),#11120,.F.);
#11112 = FACE_BOUND('',#11113,.F.);
#11113 = EDGE_LOOP('',(#11114,#11115,#11116,#11117,#11118,#11119));
#11114 = ORIENTED_EDGE('',*,*,#9957,.F.);
#11115 = ORIENTED_EDGE('',*,*,#5576,.T.);
#11116 = ORIENTED_EDGE('',*,*,#5567,.T.);
#11117 = ORIENTED_EDGE('',*,*,#9940,.T.);
#11118 = ORIENTED_EDGE('',*,*,#2654,.F.);
#11119 = ORIENTED_EDGE('',*,*,#2663,.F.);
#11120 = CYLINDRICAL_SURFACE('',#11121,1.375);
#11121 = AXIS2_PLACEMENT_3D('',#11122,#11123,#11124);
#11122 = CARTESIAN_POINT('',(22.86,17.78,5.8));
#11123 = DIRECTION('',(0.,0.,1.));
#11124 = DIRECTION('',(1.,0.,-0.));
#11125 = ADVANCED_FACE('',(#11126),#11134,.F.);
#11126 = FACE_BOUND('',#11127,.F.);
#11127 = EDGE_LOOP('',(#11128,#11129,#11130,#11131,#11132,#11133));
#11128 = ORIENTED_EDGE('',*,*,#10234,.F.);
#11129 = ORIENTED_EDGE('',*,*,#5740,.T.);
#11130 = ORIENTED_EDGE('',*,*,#5731,.T.);
#11131 = ORIENTED_EDGE('',*,*,#10217,.T.);
#11132 = ORIENTED_EDGE('',*,*,#2818,.F.);
#11133 = ORIENTED_EDGE('',*,*,#2827,.F.);
#11134 = CYLINDRICAL_SURFACE('',#11135,1.375);
#11135 = AXIS2_PLACEMENT_3D('',#11136,#11137,#11138);
#11136 = CARTESIAN_POINT('',(12.7,27.94,5.8));
#11137 = DIRECTION('',(0.,0.,1.));
#11138 = DIRECTION('',(1.,0.,-0.));
#11139 = ADVANCED_FACE('',(#11140),#11148,.F.);
#11140 = FACE_BOUND('',#11141,.F.);
#11141 = EDGE_LOOP('',(#11142,#11143,#11144,#11145,#11146,#11147));
#11142 = ORIENTED_EDGE('',*,*,#10375,.F.);
#11143 = ORIENTED_EDGE('',*,*,#5832,.T.);
#11144 = ORIENTED_EDGE('',*,*,#5823,.T.);
#11145 = ORIENTED_EDGE('',*,*,#10358,.T.);
#11146 = ORIENTED_EDGE('',*,*,#2910,.F.);
#11147 = ORIENTED_EDGE('',*,*,#2919,.F.);
#11148 = CYLINDRICAL_SURFACE('',#11149,1.375);
#11149 = AXIS2_PLACEMENT_3D('',#11150,#11151,#11152);
#11150 = CARTESIAN_POINT('',(27.94,27.94,5.8));
#11151 = DIRECTION('',(0.,0.,1.));
#11152 = DIRECTION('',(1.,0.,-0.));
#11153 = ADVANCED_FACE('',(#11154),#11162,.F.);
#11154 = FACE_BOUND('',#11155,.F.);
#11155 = EDGE_LOOP('',(#11156,#11157,#11158,#11159,#11160,#11161));
#11156 = ORIENTED_EDGE('',*,*,#7985,.T.);
#11157 = ORIENTED_EDGE('',*,*,#10471,.F.);
#11158 = ORIENTED_EDGE('',*,*,#10462,.F.);
#11159 = ORIENTED_EDGE('',*,*,#7632,.F.);
#11160 = ORIENTED_EDGE('',*,*,#3734,.T.);
#11161 = ORIENTED_EDGE('',*,*,#3725,.T.);
#11162 = CYLINDRICAL_SURFACE('',#11163,1.375);
#11163 = AXIS2_PLACEMENT_3D('',#11164,#11165,#11166);
#11164 = CARTESIAN_POINT('',(-2.54,-2.54,5.8));
#11165 = DIRECTION('',(0.,0.,1.));
#11166 = DIRECTION('',(1.,0.,-0.));
#11167 = ( GEOMETRIC_REPRESENTATION_CONTEXT(3) 
GLOBAL_UNCERTAINTY_ASSIGNED_CONTEXT((#11171)) 
GLOBAL_UNIT_ASSIGNED_CONTEXT((#11168,#11169,#11170)) 
REPRESENTATION_CONTEXT('Context #1',
  '3D Context with UNIT and UNCERTAINTY') );
#11168 = ( LENGTH_UNIT() NAMED_UNIT(*) SI_UNIT(.MILLI.,.METRE.) );
#11169 = ( NAMED_UNIT(*) PLANE_ANGLE_UNIT() SI_UNIT($,.RADIAN.) );
#11170 = ( NAMED_UNIT(*) SI_UNIT($,.STERADIAN.) SOLID_ANGLE_UNIT() );
#11171 = UNCERTAINTY_MEASURE_WITH_UNIT(LENGTH_MEASURE(1.E-07),#11168,
  'distance_accuracy_value','confusion accuracy');
#11172 = PRODUCT_RELATED_PRODUCT_CATEGORY('part',$,(#7));
ENDSEC;
END-ISO-10303-21;
