ISO-10303-21;
HEADER;
FILE_DESCRIPTION(('FreeCAD Model'),'2;1');
FILE_NAME('Open CASCADE Shape Model','2026-10-08T13:04:23',('FreeCAD'),(
    'FreeCAD'),'Open CASCADE STEP processor 7.8','FreeCAD','Unknown');
FILE_SCHEMA(('AUTOMOTIVE_DESIGN { 1 0 10303 214 1 1 1 1 }'));
ENDSEC;
DATA;
#1 = APPLICATION_PROTOCOL_DEFINITION('international standard',
  'automotive_design',2000,#2);
#2 = APPLICATION_CONTEXT(
  'core data for automotive mechanical design processes');
#3 = SHAPE_DEFINITION_REPRESENTATION(#4,#10);
#4 = PRODUCT_DEFINITION_SHAPE('','',#5);
#5 = PRODUCT_DEFINITION('design','',#6,#9);
#6 = PRODUCT_DEFINITION_FORMATION('','',#7);
#7 = PRODUCT('Open CASCADE STEP translator 7.8 2',
  'Open CASCADE STEP translator 7.8 2','',(#8));
#8 = PRODUCT_CONTEXT('',#2,'mechanical');
#9 = PRODUCT_DEFINITION_CONTEXT('part definition',#2,'design');
#10 = ADVANCED_BREP_SHAPE_REPRESENTATION('',(#11,#15),#12981);
#11 = AXIS2_PLACEMENT_3D('',#12,#13,#14);
#12 = CARTESIAN_POINT('',(0.,0.,0.));
#13 = DIRECTION('',(0.,0.,1.));
#14 = DIRECTION('',(1.,0.,-0.));
#15 = MANIFOLD_SOLID_BREP('',#16);
#16 = CLOSED_SHELL('',(#17,#57,#90,#123,#154,#185,#218,#251,#273,#3682,
    #3713,#3737,#3761,#3778,#3807,#3830,#3853,#3870,#3901,#3925,#3949,
    #3966,#3978,#4010,#4034,#4058,#4090,#4114,#4138,#4170,#4194,#4218,
    #4250,#4274,#4298,#4330,#4354,#4378,#4396,#4428,#4452,#4476,#4494,
    #4526,#4550,#4574,#4606,#4630,#4654,#4672,#4704,#4728,#4752,#4770,
    #4802,#4826,#4850,#4868,#4900,#4924,#4948,#4980,#5004,#5028,#5060,
    #5084,#5108,#5126,#5158,#5182,#5206,#5238,#5262,#5286,#5304,#5336,
    #5360,#5384,#5402,#5434,#5458,#5482,#5500,#5532,#5556,#5580,#5598,
    #5630,#5654,#5678,#5696,#5728,#5752,#5776,#5794,#5826,#5850,#5874,
    #5892,#5924,#5948,#5972,#5990,#6022,#6046,#6070,#6102,#6126,#6150,
    #6182,#6206,#6230,#6248,#6280,#6304,#6328,#6360,#6384,#6408,#6426,
    #6458,#6482,#6506,#6524,#6556,#6580,#6604,#6622,#6654,#6678,#6702,
    #6734,#6758,#6782,#6814,#6838,#6862,#6880,#6912,#6936,#6960,#6978,
    #7010,#7034,#7058,#7090,#7114,#7138,#7156,#7188,#7212,#7236,#7254,
    #7286,#7310,#7334,#7366,#7390,#7414,#7446,#7470,#7494,#7526,#7550,
    #7574,#7606,#7630,#7654,#7686,#7710,#7734,#7766,#7790,#7814,#7832,
    #7864,#7888,#7912,#7944,#7968,#7992,#8010,#8042,#8066,#8090,#8122,
    #8146,#8170,#8202,#8226,#8250,#8282,#8306,#8330,#8362,#8386,#8410,
    #8442,#8466,#8490,#8522,#8546,#8570,#8588,#8620,#8644,#8668,#8686,
    #8718,#8742,#8766,#8784,#8816,#8840,#8864,#8896,#8920,#8944,#8962,
    #8994,#9018,#9042,#9074,#9098,#9122,#9154,#9178,#9202,#9220,#9252,
    #9276,#9300,#9332,#9356,#9380,#9398,#9430,#9454,#9478,#9496,#9528,
    #9552,#9576,#9608,#9632,#9656,#9688,#9712,#9736,#9768,#9792,#9816,
    #9834,#9866,#9890,#9914,#9932,#9964,#9988,#10012,#10030,#10062,
    #10086,#10111,#10135,#10159,#10176,#10208,#10232,#10257,#10281,
    #10305,#10322,#10353,#10378,#10402,#10419,#10450,#10475,#10499,
    #10516,#10547,#10572,#10596,#10613,#10644,#10669,#10693,#10710,
    #10775,#10840,#10865,#10890,#10915,#10940,#10965,#10990,#11015,
    #11040,#11065,#11090,#11115,#11140,#11165,#11190,#11215,#11240,
    #11265,#11290,#11315,#11340,#11372,#11389,#11420,#12491,#12505,
    #12519,#12533,#12547,#12561,#12575,#12589,#12603,#12617,#12631,
    #12645,#12659,#12673,#12687,#12701,#12715,#12729,#12743,#12757,
    #12771,#12785,#12799,#12813,#12827,#12841,#12855,#12869,#12883,
    #12897,#12911,#12925,#12939,#12953,#12967));
#17 = ADVANCED_FACE('',(#18),#52,.F.);
#18 = FACE_BOUND('',#19,.F.);
#19 = EDGE_LOOP('',(#20,#30,#38,#46));
#20 = ORIENTED_EDGE('',*,*,#21,.F.);
#21 = EDGE_CURVE('',#22,#24,#26,.T.);
#22 = VERTEX_POINT('',#23);
#23 = CARTESIAN_POINT('',(-41.1,-30.48,9.1));
#24 = VERTEX_POINT('',#25);
#25 = CARTESIAN_POINT('',(-41.1,30.48,9.1));
#26 = LINE('',#27,#28);
#27 = CARTESIAN_POINT('',(-41.1,-33.48,9.1));
#28 = VECTOR('',#29,1.);
#29 = DIRECTION('',(-0.,1.,0.));
#30 = ORIENTED_EDGE('',*,*,#31,.F.);
#31 = EDGE_CURVE('',#32,#22,#34,.T.);
#32 = VERTEX_POINT('',#33);
#33 = CARTESIAN_POINT('',(-41.1,-30.48,6.1));
#34 = LINE('',#35,#36);
#35 = CARTESIAN_POINT('',(-41.1,-30.48,6.1));
#36 = VECTOR('',#37,1.);
#37 = DIRECTION('',(0.,0.,1.));
#38 = ORIENTED_EDGE('',*,*,#39,.T.);
#39 = EDGE_CURVE('',#32,#40,#42,.T.);
#40 = VERTEX_POINT('',#41);
#41 = CARTESIAN_POINT('',(-41.1,30.48,6.1));
#42 = LINE('',#43,#44);
#43 = CARTESIAN_POINT('',(-41.1,-33.48,6.1));
#44 = VECTOR('',#45,1.);
#45 = DIRECTION('',(-0.,1.,0.));
#46 = ORIENTED_EDGE('',*,*,#47,.T.);
#47 = EDGE_CURVE('',#40,#24,#48,.T.);
#48 = LINE('',#49,#50);
#49 = CARTESIAN_POINT('',(-41.1,30.48,6.1));
#50 = VECTOR('',#51,1.);
#51 = DIRECTION('',(0.,0.,1.));
#52 = PLANE('',#53);
#53 = AXIS2_PLACEMENT_3D('',#54,#55,#56);
#54 = CARTESIAN_POINT('',(-41.1,-33.48,6.1));
#55 = DIRECTION('',(1.,0.,-0.));
#56 = DIRECTION('',(0.,0.,1.));
#57 = ADVANCED_FACE('',(#58),#85,.T.);
#58 = FACE_BOUND('',#59,.T.);
#59 = EDGE_LOOP('',(#60,#69,#77,#84));
#60 = ORIENTED_EDGE('',*,*,#61,.T.);
#61 = EDGE_CURVE('',#32,#62,#64,.T.);
#62 = VERTEX_POINT('',#63);
#63 = CARTESIAN_POINT('',(-38.1,-33.48,6.1));
#64 = CIRCLE('',#65,3.);
#65 = AXIS2_PLACEMENT_3D('',#66,#67,#68);
#66 = CARTESIAN_POINT('',(-38.1,-30.48,6.1));
#67 = DIRECTION('',(0.,0.,1.));
#68 = DIRECTION('',(0.,-1.,0.));
#69 = ORIENTED_EDGE('',*,*,#70,.T.);
#70 = EDGE_CURVE('',#62,#71,#73,.T.);
#71 = VERTEX_POINT('',#72);
#72 = CARTESIAN_POINT('',(-38.1,-33.48,9.1));
#73 = LINE('',#74,#75);
#74 = CARTESIAN_POINT('',(-38.1,-33.48,6.1));
#75 = VECTOR('',#76,1.);
#76 = DIRECTION('',(0.,0.,1.));
#77 = ORIENTED_EDGE('',*,*,#78,.F.);
#78 = EDGE_CURVE('',#22,#71,#79,.T.);
#79 = CIRCLE('',#80,3.);
#80 = AXIS2_PLACEMENT_3D('',#81,#82,#83);
#81 = CARTESIAN_POINT('',(-38.1,-30.48,9.1));
#82 = DIRECTION('',(0.,0.,1.));
#83 = DIRECTION('',(0.,-1.,0.));
#84 = ORIENTED_EDGE('',*,*,#31,.F.);
#85 = CYLINDRICAL_SURFACE('',#86,3.);
#86 = AXIS2_PLACEMENT_3D('',#87,#88,#89);
#87 = CARTESIAN_POINT('',(-38.1,-30.48,6.1));
#88 = DIRECTION('',(0.,0.,1.));
#89 = DIRECTION('',(-1.,-0.,0.));
#90 = ADVANCED_FACE('',(#91),#118,.T.);
#91 = FACE_BOUND('',#92,.F.);
#92 = EDGE_LOOP('',(#93,#102,#110,#117));
#93 = ORIENTED_EDGE('',*,*,#94,.T.);
#94 = EDGE_CURVE('',#40,#95,#97,.T.);
#95 = VERTEX_POINT('',#96);
#96 = CARTESIAN_POINT('',(-38.1,33.48,6.1));
#97 = CIRCLE('',#98,3.);
#98 = AXIS2_PLACEMENT_3D('',#99,#100,#101);
#99 = CARTESIAN_POINT('',(-38.1,30.48,6.1));
#100 = DIRECTION('',(-0.,-0.,-1.));
#101 = DIRECTION('',(0.,-1.,0.));
#102 = ORIENTED_EDGE('',*,*,#103,.T.);
#103 = EDGE_CURVE('',#95,#104,#106,.T.);
#104 = VERTEX_POINT('',#105);
#105 = CARTESIAN_POINT('',(-38.1,33.48,9.1));
#106 = LINE('',#107,#108);
#107 = CARTESIAN_POINT('',(-38.1,33.48,6.1));
#108 = VECTOR('',#109,1.);
#109 = DIRECTION('',(0.,0.,1.));
#110 = ORIENTED_EDGE('',*,*,#111,.F.);
#111 = EDGE_CURVE('',#24,#104,#112,.T.);
#112 = CIRCLE('',#113,3.);
#113 = AXIS2_PLACEMENT_3D('',#114,#115,#116);
#114 = CARTESIAN_POINT('',(-38.1,30.48,9.1));
#115 = DIRECTION('',(-0.,-0.,-1.));
#116 = DIRECTION('',(0.,-1.,0.));
#117 = ORIENTED_EDGE('',*,*,#47,.F.);
#118 = CYLINDRICAL_SURFACE('',#119,3.);
#119 = AXIS2_PLACEMENT_3D('',#120,#121,#122);
#120 = CARTESIAN_POINT('',(-38.1,30.48,6.1));
#121 = DIRECTION('',(0.,0.,1.));
#122 = DIRECTION('',(-1.,-0.,0.));
#123 = ADVANCED_FACE('',(#124),#149,.F.);
#124 = FACE_BOUND('',#125,.F.);
#125 = EDGE_LOOP('',(#126,#134,#135,#143));
#126 = ORIENTED_EDGE('',*,*,#127,.F.);
#127 = EDGE_CURVE('',#62,#128,#130,.T.);
#128 = VERTEX_POINT('',#129);
#129 = CARTESIAN_POINT('',(38.1,-33.48,6.1));
#130 = LINE('',#131,#132);
#131 = CARTESIAN_POINT('',(-41.1,-33.48,6.1));
#132 = VECTOR('',#133,1.);
#133 = DIRECTION('',(1.,0.,-0.));
#134 = ORIENTED_EDGE('',*,*,#70,.T.);
#135 = ORIENTED_EDGE('',*,*,#136,.T.);
#136 = EDGE_CURVE('',#71,#137,#139,.T.);
#137 = VERTEX_POINT('',#138);
#138 = CARTESIAN_POINT('',(38.1,-33.48,9.1));
#139 = LINE('',#140,#141);
#140 = CARTESIAN_POINT('',(-41.1,-33.48,9.1));
#141 = VECTOR('',#142,1.);
#142 = DIRECTION('',(1.,0.,-0.));
#143 = ORIENTED_EDGE('',*,*,#144,.F.);
#144 = EDGE_CURVE('',#128,#137,#145,.T.);
#145 = LINE('',#146,#147);
#146 = CARTESIAN_POINT('',(38.1,-33.48,6.1));
#147 = VECTOR('',#148,1.);
#148 = DIRECTION('',(0.,0.,1.));
#149 = PLANE('',#150);
#150 = AXIS2_PLACEMENT_3D('',#151,#152,#153);
#151 = CARTESIAN_POINT('',(-41.1,-33.48,6.1));
#152 = DIRECTION('',(-0.,1.,0.));
#153 = DIRECTION('',(0.,0.,1.));
#154 = ADVANCED_FACE('',(#155),#180,.T.);
#155 = FACE_BOUND('',#156,.T.);
#156 = EDGE_LOOP('',(#157,#165,#166,#174));
#157 = ORIENTED_EDGE('',*,*,#158,.F.);
#158 = EDGE_CURVE('',#95,#159,#161,.T.);
#159 = VERTEX_POINT('',#160);
#160 = CARTESIAN_POINT('',(38.1,33.48,6.1));
#161 = LINE('',#162,#163);
#162 = CARTESIAN_POINT('',(-41.1,33.48,6.1));
#163 = VECTOR('',#164,1.);
#164 = DIRECTION('',(1.,0.,-0.));
#165 = ORIENTED_EDGE('',*,*,#103,.T.);
#166 = ORIENTED_EDGE('',*,*,#167,.T.);
#167 = EDGE_CURVE('',#104,#168,#170,.T.);
#168 = VERTEX_POINT('',#169);
#169 = CARTESIAN_POINT('',(38.1,33.48,9.1));
#170 = LINE('',#171,#172);
#171 = CARTESIAN_POINT('',(-41.1,33.48,9.1));
#172 = VECTOR('',#173,1.);
#173 = DIRECTION('',(1.,0.,-0.));
#174 = ORIENTED_EDGE('',*,*,#175,.F.);
#175 = EDGE_CURVE('',#159,#168,#176,.T.);
#176 = LINE('',#177,#178);
#177 = CARTESIAN_POINT('',(38.1,33.48,6.1));
#178 = VECTOR('',#179,1.);
#179 = DIRECTION('',(0.,0.,1.));
#180 = PLANE('',#181);
#181 = AXIS2_PLACEMENT_3D('',#182,#183,#184);
#182 = CARTESIAN_POINT('',(-41.1,33.48,6.1));
#183 = DIRECTION('',(-0.,1.,0.));
#184 = DIRECTION('',(0.,0.,1.));
#185 = ADVANCED_FACE('',(#186),#213,.T.);
#186 = FACE_BOUND('',#187,.F.);
#187 = EDGE_LOOP('',(#188,#197,#198,#207));
#188 = ORIENTED_EDGE('',*,*,#189,.T.);
#189 = EDGE_CURVE('',#190,#128,#192,.T.);
#190 = VERTEX_POINT('',#191);
#191 = CARTESIAN_POINT('',(41.1,-30.48,6.1));
#192 = CIRCLE('',#193,3.);
#193 = AXIS2_PLACEMENT_3D('',#194,#195,#196);
#194 = CARTESIAN_POINT('',(38.1,-30.48,6.1));
#195 = DIRECTION('',(-0.,-0.,-1.));
#196 = DIRECTION('',(0.,-1.,0.));
#197 = ORIENTED_EDGE('',*,*,#144,.T.);
#198 = ORIENTED_EDGE('',*,*,#199,.F.);
#199 = EDGE_CURVE('',#200,#137,#202,.T.);
#200 = VERTEX_POINT('',#201);
#201 = CARTESIAN_POINT('',(41.1,-30.48,9.1));
#202 = CIRCLE('',#203,3.);
#203 = AXIS2_PLACEMENT_3D('',#204,#205,#206);
#204 = CARTESIAN_POINT('',(38.1,-30.48,9.1));
#205 = DIRECTION('',(-0.,-0.,-1.));
#206 = DIRECTION('',(0.,-1.,0.));
#207 = ORIENTED_EDGE('',*,*,#208,.F.);
#208 = EDGE_CURVE('',#190,#200,#209,.T.);
#209 = LINE('',#210,#211);
#210 = CARTESIAN_POINT('',(41.1,-30.48,6.1));
#211 = VECTOR('',#212,1.);
#212 = DIRECTION('',(0.,0.,1.));
#213 = CYLINDRICAL_SURFACE('',#214,3.);
#214 = AXIS2_PLACEMENT_3D('',#215,#216,#217);
#215 = CARTESIAN_POINT('',(38.1,-30.48,6.1));
#216 = DIRECTION('',(0.,0.,1.));
#217 = DIRECTION('',(1.,0.,-0.));
#218 = ADVANCED_FACE('',(#219),#246,.T.);
#219 = FACE_BOUND('',#220,.T.);
#220 = EDGE_LOOP('',(#221,#230,#231,#240));
#221 = ORIENTED_EDGE('',*,*,#222,.T.);
#222 = EDGE_CURVE('',#223,#159,#225,.T.);
#223 = VERTEX_POINT('',#224);
#224 = CARTESIAN_POINT('',(41.1,30.48,6.1));
#225 = CIRCLE('',#226,3.);
#226 = AXIS2_PLACEMENT_3D('',#227,#228,#229);
#227 = CARTESIAN_POINT('',(38.1,30.48,6.1));
#228 = DIRECTION('',(0.,0.,1.));
#229 = DIRECTION('',(0.,-1.,0.));
#230 = ORIENTED_EDGE('',*,*,#175,.T.);
#231 = ORIENTED_EDGE('',*,*,#232,.F.);
#232 = EDGE_CURVE('',#233,#168,#235,.T.);
#233 = VERTEX_POINT('',#234);
#234 = CARTESIAN_POINT('',(41.1,30.48,9.1));
#235 = CIRCLE('',#236,3.);
#236 = AXIS2_PLACEMENT_3D('',#237,#238,#239);
#237 = CARTESIAN_POINT('',(38.1,30.48,9.1));
#238 = DIRECTION('',(0.,0.,1.));
#239 = DIRECTION('',(0.,-1.,0.));
#240 = ORIENTED_EDGE('',*,*,#241,.F.);
#241 = EDGE_CURVE('',#223,#233,#242,.T.);
#242 = LINE('',#243,#244);
#243 = CARTESIAN_POINT('',(41.1,30.48,6.1));
#244 = VECTOR('',#245,1.);
#245 = DIRECTION('',(0.,0.,1.));
#246 = CYLINDRICAL_SURFACE('',#247,3.);
#247 = AXIS2_PLACEMENT_3D('',#248,#249,#250);
#248 = CARTESIAN_POINT('',(38.1,30.48,6.1));
#249 = DIRECTION('',(0.,0.,1.));
#250 = DIRECTION('',(1.,0.,-0.));
#251 = ADVANCED_FACE('',(#252),#268,.T.);
#252 = FACE_BOUND('',#253,.T.);
#253 = EDGE_LOOP('',(#254,#260,#261,#267));
#254 = ORIENTED_EDGE('',*,*,#255,.F.);
#255 = EDGE_CURVE('',#200,#233,#256,.T.);
#256 = LINE('',#257,#258);
#257 = CARTESIAN_POINT('',(41.1,-33.48,9.1));
#258 = VECTOR('',#259,1.);
#259 = DIRECTION('',(-0.,1.,0.));
#260 = ORIENTED_EDGE('',*,*,#208,.F.);
#261 = ORIENTED_EDGE('',*,*,#262,.T.);
#262 = EDGE_CURVE('',#190,#223,#263,.T.);
#263 = LINE('',#264,#265);
#264 = CARTESIAN_POINT('',(41.1,-33.48,6.1));
#265 = VECTOR('',#266,1.);
#266 = DIRECTION('',(-0.,1.,0.));
#267 = ORIENTED_EDGE('',*,*,#241,.T.);
#268 = PLANE('',#269);
#269 = AXIS2_PLACEMENT_3D('',#270,#271,#272);
#270 = CARTESIAN_POINT('',(41.1,-33.48,6.1));
#271 = DIRECTION('',(1.,0.,-0.));
#272 = DIRECTION('',(0.,0.,1.));
#273 = ADVANCED_FACE('',(#274,#284,#318,#363,#408,#453,#498,#534,#570,
    #615,#651,#687,#723,#768,#813,#849,#894,#930,#966,#1002,#1038,#1074,
    #1110,#1146,#1182,#1227,#1272,#1308,#1353,#1389,#1425,#1461,#1506,
    #1551,#1587,#1623,#1668,#1704,#1740,#1785,#1830,#1875,#1920,#1965,
    #2010,#2046,#2091,#2127,#2172,#2217,#2262,#2307,#2352,#2397,#2433,
    #2469,#2505,#2550,#2586,#2631,#2676,#2712,#2757,#2793,#2829,#2874,
    #2919,#2964,#3000,#3036,#3072,#3124,#3176,#3211,#3246,#3281,#3316,
    #3363,#3410,#3421,#3432,#3443,#3454,#3465,#3476,#3487,#3498,#3509,
    #3520,#3531,#3542,#3553,#3564,#3575,#3586,#3597,#3608,#3619,#3630,
    #3649),#3677,.T.);
#274 = FACE_BOUND('',#275,.T.);
#275 = EDGE_LOOP('',(#276,#277,#278,#279,#280,#281,#282,#283));
#276 = ORIENTED_EDGE('',*,*,#21,.F.);
#277 = ORIENTED_EDGE('',*,*,#78,.T.);
#278 = ORIENTED_EDGE('',*,*,#136,.T.);
#279 = ORIENTED_EDGE('',*,*,#199,.F.);
#280 = ORIENTED_EDGE('',*,*,#255,.T.);
#281 = ORIENTED_EDGE('',*,*,#232,.T.);
#282 = ORIENTED_EDGE('',*,*,#167,.F.);
#283 = ORIENTED_EDGE('',*,*,#111,.F.);
#284 = FACE_BOUND('',#285,.T.);
#285 = EDGE_LOOP('',(#286,#296,#304,#312));
#286 = ORIENTED_EDGE('',*,*,#287,.T.);
#287 = EDGE_CURVE('',#288,#290,#292,.T.);
#288 = VERTEX_POINT('',#289);
#289 = CARTESIAN_POINT('',(-4.5,4.5,9.1));
#290 = VERTEX_POINT('',#291);
#291 = CARTESIAN_POINT('',(4.5,4.5,9.1));
#292 = LINE('',#293,#294);
#293 = CARTESIAN_POINT('',(-4.5,4.5,9.1));
#294 = VECTOR('',#295,1.);
#295 = DIRECTION('',(1.,0.,-0.));
#296 = ORIENTED_EDGE('',*,*,#297,.F.);
#297 = EDGE_CURVE('',#298,#290,#300,.T.);
#298 = VERTEX_POINT('',#299);
#299 = CARTESIAN_POINT('',(4.5,-4.5,9.1));
#300 = LINE('',#301,#302);
#301 = CARTESIAN_POINT('',(4.5,-4.5,9.1));
#302 = VECTOR('',#303,1.);
#303 = DIRECTION('',(-0.,1.,0.));
#304 = ORIENTED_EDGE('',*,*,#305,.F.);
#305 = EDGE_CURVE('',#306,#298,#308,.T.);
#306 = VERTEX_POINT('',#307);
#307 = CARTESIAN_POINT('',(-4.5,-4.5,9.1));
#308 = LINE('',#309,#310);
#309 = CARTESIAN_POINT('',(-4.5,-4.5,9.1));
#310 = VECTOR('',#311,1.);
#311 = DIRECTION('',(1.,0.,-0.));
#312 = ORIENTED_EDGE('',*,*,#313,.T.);
#313 = EDGE_CURVE('',#306,#288,#314,.T.);
#314 = LINE('',#315,#316);
#315 = CARTESIAN_POINT('',(-4.5,-4.5,9.1));
#316 = VECTOR('',#317,1.);
#317 = DIRECTION('',(-0.,1.,0.));
#318 = FACE_BOUND('',#319,.T.);
#319 = EDGE_LOOP('',(#320,#331,#339,#348,#357));
#320 = ORIENTED_EDGE('',*,*,#321,.F.);
#321 = EDGE_CURVE('',#322,#324,#326,.T.);
#322 = VERTEX_POINT('',#323);
#323 = CARTESIAN_POINT('',(30.48,14.075,9.1));
#324 = VERTEX_POINT('',#325);
#325 = CARTESIAN_POINT('',(30.48,11.325,9.1));
#326 = CIRCLE('',#327,1.375);
#327 = AXIS2_PLACEMENT_3D('',#328,#329,#330);
#328 = CARTESIAN_POINT('',(30.48,12.7,9.1));
#329 = DIRECTION('',(0.,0.,1.));
#330 = DIRECTION('',(1.,0.,-0.));
#331 = ORIENTED_EDGE('',*,*,#332,.F.);
#332 = EDGE_CURVE('',#333,#322,#335,.T.);
#333 = VERTEX_POINT('',#334);
#334 = CARTESIAN_POINT('',(35.56,14.075,9.1));
#335 = LINE('',#336,#337);
#336 = CARTESIAN_POINT('',(-5.31,14.075,9.1));
#337 = VECTOR('',#338,1.);
#338 = DIRECTION('',(-1.,-0.,0.));
#339 = ORIENTED_EDGE('',*,*,#340,.F.);
#340 = EDGE_CURVE('',#341,#333,#343,.T.);
#341 = VERTEX_POINT('',#342);
#342 = CARTESIAN_POINT('',(36.935,12.7,9.1));
#343 = CIRCLE('',#344,1.375);
#344 = AXIS2_PLACEMENT_3D('',#345,#346,#347);
#345 = CARTESIAN_POINT('',(35.56,12.7,9.1));
#346 = DIRECTION('',(0.,0.,1.));
#347 = DIRECTION('',(1.,0.,-0.));
#348 = ORIENTED_EDGE('',*,*,#349,.F.);
#349 = EDGE_CURVE('',#350,#341,#352,.T.);
#350 = VERTEX_POINT('',#351);
#351 = CARTESIAN_POINT('',(35.56,11.325,9.1));
#352 = CIRCLE('',#353,1.375);
#353 = AXIS2_PLACEMENT_3D('',#354,#355,#356);
#354 = CARTESIAN_POINT('',(35.56,12.7,9.1));
#355 = DIRECTION('',(0.,0.,1.));
#356 = DIRECTION('',(1.,0.,-0.));
#357 = ORIENTED_EDGE('',*,*,#358,.T.);
#358 = EDGE_CURVE('',#350,#324,#359,.T.);
#359 = LINE('',#360,#361);
#360 = CARTESIAN_POINT('',(-5.31,11.325,9.1));
#361 = VECTOR('',#362,1.);
#362 = DIRECTION('',(-1.,-0.,0.));
#363 = FACE_BOUND('',#364,.T.);
#364 = EDGE_LOOP('',(#365,#376,#384,#393,#402));
#365 = ORIENTED_EDGE('',*,*,#366,.F.);
#366 = EDGE_CURVE('',#367,#369,#371,.T.);
#367 = VERTEX_POINT('',#368);
#368 = CARTESIAN_POINT('',(30.48,-16.405,9.1));
#369 = VERTEX_POINT('',#370);
#370 = CARTESIAN_POINT('',(30.48,-19.155,9.1));
#371 = CIRCLE('',#372,1.375);
#372 = AXIS2_PLACEMENT_3D('',#373,#374,#375);
#373 = CARTESIAN_POINT('',(30.48,-17.78,9.1));
#374 = DIRECTION('',(0.,0.,1.));
#375 = DIRECTION('',(1.,0.,-0.));
#376 = ORIENTED_EDGE('',*,*,#377,.F.);
#377 = EDGE_CURVE('',#378,#367,#380,.T.);
#378 = VERTEX_POINT('',#379);
#379 = CARTESIAN_POINT('',(35.56,-16.405,9.1));
#380 = LINE('',#381,#382);
#381 = CARTESIAN_POINT('',(-5.31,-16.405,9.1));
#382 = VECTOR('',#383,1.);
#383 = DIRECTION('',(-1.,-0.,0.));
#384 = ORIENTED_EDGE('',*,*,#385,.F.);
#385 = EDGE_CURVE('',#386,#378,#388,.T.);
#386 = VERTEX_POINT('',#387);
#387 = CARTESIAN_POINT('',(36.935,-17.78,9.1));
#388 = CIRCLE('',#389,1.375);
#389 = AXIS2_PLACEMENT_3D('',#390,#391,#392);
#390 = CARTESIAN_POINT('',(35.56,-17.78,9.1));
#391 = DIRECTION('',(0.,0.,1.));
#392 = DIRECTION('',(1.,0.,-0.));
#393 = ORIENTED_EDGE('',*,*,#394,.F.);
#394 = EDGE_CURVE('',#395,#386,#397,.T.);
#395 = VERTEX_POINT('',#396);
#396 = CARTESIAN_POINT('',(35.56,-19.155,9.1));
#397 = CIRCLE('',#398,1.375);
#398 = AXIS2_PLACEMENT_3D('',#399,#400,#401);
#399 = CARTESIAN_POINT('',(35.56,-17.78,9.1));
#400 = DIRECTION('',(0.,0.,1.));
#401 = DIRECTION('',(1.,0.,-0.));
#402 = ORIENTED_EDGE('',*,*,#403,.T.);
#403 = EDGE_CURVE('',#395,#369,#404,.T.);
#404 = LINE('',#405,#406);
#405 = CARTESIAN_POINT('',(-5.31,-19.155,9.1));
#406 = VECTOR('',#407,1.);
#407 = DIRECTION('',(-1.,-0.,0.));
#408 = FACE_BOUND('',#409,.T.);
#409 = EDGE_LOOP('',(#410,#421,#429,#438,#447));
#410 = ORIENTED_EDGE('',*,*,#411,.F.);
#411 = EDGE_CURVE('',#412,#414,#416,.T.);
#412 = VERTEX_POINT('',#413);
#413 = CARTESIAN_POINT('',(30.48,-1.165,9.1));
#414 = VERTEX_POINT('',#415);
#415 = CARTESIAN_POINT('',(30.48,-3.915,9.1));
#416 = CIRCLE('',#417,1.375);
#417 = AXIS2_PLACEMENT_3D('',#418,#419,#420);
#418 = CARTESIAN_POINT('',(30.48,-2.54,9.1));
#419 = DIRECTION('',(0.,0.,1.));
#420 = DIRECTION('',(1.,0.,-0.));
#421 = ORIENTED_EDGE('',*,*,#422,.F.);
#422 = EDGE_CURVE('',#423,#412,#425,.T.);
#423 = VERTEX_POINT('',#424);
#424 = CARTESIAN_POINT('',(35.56,-1.165,9.1));
#425 = LINE('',#426,#427);
#426 = CARTESIAN_POINT('',(-5.31,-1.165,9.1));
#427 = VECTOR('',#428,1.);
#428 = DIRECTION('',(-1.,-0.,0.));
#429 = ORIENTED_EDGE('',*,*,#430,.F.);
#430 = EDGE_CURVE('',#431,#423,#433,.T.);
#431 = VERTEX_POINT('',#432);
#432 = CARTESIAN_POINT('',(36.935,-2.54,9.1));
#433 = CIRCLE('',#434,1.375);
#434 = AXIS2_PLACEMENT_3D('',#435,#436,#437);
#435 = CARTESIAN_POINT('',(35.56,-2.54,9.1));
#436 = DIRECTION('',(0.,0.,1.));
#437 = DIRECTION('',(1.,0.,-0.));
#438 = ORIENTED_EDGE('',*,*,#439,.F.);
#439 = EDGE_CURVE('',#440,#431,#442,.T.);
#440 = VERTEX_POINT('',#441);
#441 = CARTESIAN_POINT('',(35.56,-3.915,9.1));
#442 = CIRCLE('',#443,1.375);
#443 = AXIS2_PLACEMENT_3D('',#444,#445,#446);
#444 = CARTESIAN_POINT('',(35.56,-2.54,9.1));
#445 = DIRECTION('',(0.,0.,1.));
#446 = DIRECTION('',(1.,0.,-0.));
#447 = ORIENTED_EDGE('',*,*,#448,.T.);
#448 = EDGE_CURVE('',#440,#414,#449,.T.);
#449 = LINE('',#450,#451);
#450 = CARTESIAN_POINT('',(-5.31,-3.915,9.1));
#451 = VECTOR('',#452,1.);
#452 = DIRECTION('',(-1.,-0.,0.));
#453 = FACE_BOUND('',#454,.T.);
#454 = EDGE_LOOP('',(#455,#466,#474,#483,#492));
#455 = ORIENTED_EDGE('',*,*,#456,.F.);
#456 = EDGE_CURVE('',#457,#459,#461,.T.);
#457 = VERTEX_POINT('',#458);
#458 = CARTESIAN_POINT('',(30.48,29.315,9.1));
#459 = VERTEX_POINT('',#460);
#460 = CARTESIAN_POINT('',(30.48,26.565,9.1));
#461 = CIRCLE('',#462,1.375);
#462 = AXIS2_PLACEMENT_3D('',#463,#464,#465);
#463 = CARTESIAN_POINT('',(30.48,27.94,9.1));
#464 = DIRECTION('',(0.,0.,1.));
#465 = DIRECTION('',(1.,0.,-0.));
#466 = ORIENTED_EDGE('',*,*,#467,.F.);
#467 = EDGE_CURVE('',#468,#457,#470,.T.);
#468 = VERTEX_POINT('',#469);
#469 = CARTESIAN_POINT('',(35.56,29.315,9.1));
#470 = LINE('',#471,#472);
#471 = CARTESIAN_POINT('',(-5.31,29.315,9.1));
#472 = VECTOR('',#473,1.);
#473 = DIRECTION('',(-1.,-0.,0.));
#474 = ORIENTED_EDGE('',*,*,#475,.F.);
#475 = EDGE_CURVE('',#476,#468,#478,.T.);
#476 = VERTEX_POINT('',#477);
#477 = CARTESIAN_POINT('',(36.935,27.94,9.1));
#478 = CIRCLE('',#479,1.375);
#479 = AXIS2_PLACEMENT_3D('',#480,#481,#482);
#480 = CARTESIAN_POINT('',(35.56,27.94,9.1));
#481 = DIRECTION('',(0.,0.,1.));
#482 = DIRECTION('',(1.,0.,-0.));
#483 = ORIENTED_EDGE('',*,*,#484,.F.);
#484 = EDGE_CURVE('',#485,#476,#487,.T.);
#485 = VERTEX_POINT('',#486);
#486 = CARTESIAN_POINT('',(35.56,26.565,9.1));
#487 = CIRCLE('',#488,1.375);
#488 = AXIS2_PLACEMENT_3D('',#489,#490,#491);
#489 = CARTESIAN_POINT('',(35.56,27.94,9.1));
#490 = DIRECTION('',(0.,0.,1.));
#491 = DIRECTION('',(1.,0.,-0.));
#492 = ORIENTED_EDGE('',*,*,#493,.T.);
#493 = EDGE_CURVE('',#485,#459,#494,.T.);
#494 = LINE('',#495,#496);
#495 = CARTESIAN_POINT('',(-5.31,26.565,9.1));
#496 = VECTOR('',#497,1.);
#497 = DIRECTION('',(-1.,-0.,0.));
#498 = FACE_BOUND('',#499,.T.);
#499 = EDGE_LOOP('',(#500,#511,#519,#528));
#500 = ORIENTED_EDGE('',*,*,#501,.F.);
#501 = EDGE_CURVE('',#502,#504,#506,.T.);
#502 = VERTEX_POINT('',#503);
#503 = CARTESIAN_POINT('',(26.775,27.94,9.1));
#504 = VERTEX_POINT('',#505);
#505 = CARTESIAN_POINT('',(24.025,27.94,9.1));
#506 = CIRCLE('',#507,1.375);
#507 = AXIS2_PLACEMENT_3D('',#508,#509,#510);
#508 = CARTESIAN_POINT('',(25.4,27.94,9.1));
#509 = DIRECTION('',(0.,0.,1.));
#510 = DIRECTION('',(1.,0.,-0.));
#511 = ORIENTED_EDGE('',*,*,#512,.F.);
#512 = EDGE_CURVE('',#513,#502,#515,.T.);
#513 = VERTEX_POINT('',#514);
#514 = CARTESIAN_POINT('',(26.775,22.86,9.1));
#515 = LINE('',#516,#517);
#516 = CARTESIAN_POINT('',(26.775,-5.31,9.1));
#517 = VECTOR('',#518,1.);
#518 = DIRECTION('',(-0.,1.,0.));
#519 = ORIENTED_EDGE('',*,*,#520,.F.);
#520 = EDGE_CURVE('',#521,#513,#523,.T.);
#521 = VERTEX_POINT('',#522);
#522 = CARTESIAN_POINT('',(24.025,22.86,9.1));
#523 = CIRCLE('',#524,1.375);
#524 = AXIS2_PLACEMENT_3D('',#525,#526,#527);
#525 = CARTESIAN_POINT('',(25.4,22.86,9.1));
#526 = DIRECTION('',(0.,0.,1.));
#527 = DIRECTION('',(1.,0.,-0.));
#528 = ORIENTED_EDGE('',*,*,#529,.T.);
#529 = EDGE_CURVE('',#521,#504,#530,.T.);
#530 = LINE('',#531,#532);
#531 = CARTESIAN_POINT('',(24.025,-5.31,9.1));
#532 = VECTOR('',#533,1.);
#533 = DIRECTION('',(-0.,1.,0.));
#534 = FACE_BOUND('',#535,.T.);
#535 = EDGE_LOOP('',(#536,#547,#555,#564));
#536 = ORIENTED_EDGE('',*,*,#537,.F.);
#537 = EDGE_CURVE('',#538,#540,#542,.T.);
#538 = VERTEX_POINT('',#539);
#539 = CARTESIAN_POINT('',(11.535,27.94,9.1));
#540 = VERTEX_POINT('',#541);
#541 = CARTESIAN_POINT('',(8.785,27.94,9.1));
#542 = CIRCLE('',#543,1.375);
#543 = AXIS2_PLACEMENT_3D('',#544,#545,#546);
#544 = CARTESIAN_POINT('',(10.16,27.94,9.1));
#545 = DIRECTION('',(0.,0.,1.));
#546 = DIRECTION('',(1.,0.,-0.));
#547 = ORIENTED_EDGE('',*,*,#548,.F.);
#548 = EDGE_CURVE('',#549,#538,#551,.T.);
#549 = VERTEX_POINT('',#550);
#550 = CARTESIAN_POINT('',(11.535,22.86,9.1));
#551 = LINE('',#552,#553);
#552 = CARTESIAN_POINT('',(11.535,-5.31,9.1));
#553 = VECTOR('',#554,1.);
#554 = DIRECTION('',(-0.,1.,0.));
#555 = ORIENTED_EDGE('',*,*,#556,.F.);
#556 = EDGE_CURVE('',#557,#549,#559,.T.);
#557 = VERTEX_POINT('',#558);
#558 = CARTESIAN_POINT('',(8.785,22.86,9.1));
#559 = CIRCLE('',#560,1.375);
#560 = AXIS2_PLACEMENT_3D('',#561,#562,#563);
#561 = CARTESIAN_POINT('',(10.16,22.86,9.1));
#562 = DIRECTION('',(0.,0.,1.));
#563 = DIRECTION('',(1.,0.,-0.));
#564 = ORIENTED_EDGE('',*,*,#565,.T.);
#565 = EDGE_CURVE('',#557,#540,#566,.T.);
#566 = LINE('',#567,#568);
#567 = CARTESIAN_POINT('',(8.785,-5.31,9.1));
#568 = VECTOR('',#569,1.);
#569 = DIRECTION('',(-0.,1.,0.));
#570 = FACE_BOUND('',#571,.T.);
#571 = EDGE_LOOP('',(#572,#583,#591,#600,#609));
#572 = ORIENTED_EDGE('',*,*,#573,.F.);
#573 = EDGE_CURVE('',#574,#576,#578,.T.);
#574 = VERTEX_POINT('',#575);
#575 = CARTESIAN_POINT('',(15.24,14.075,9.1));
#576 = VERTEX_POINT('',#577);
#577 = CARTESIAN_POINT('',(15.24,11.325,9.1));
#578 = CIRCLE('',#579,1.375);
#579 = AXIS2_PLACEMENT_3D('',#580,#581,#582);
#580 = CARTESIAN_POINT('',(15.24,12.7,9.1));
#581 = DIRECTION('',(0.,0.,1.));
#582 = DIRECTION('',(1.,0.,-0.));
#583 = ORIENTED_EDGE('',*,*,#584,.F.);
#584 = EDGE_CURVE('',#585,#574,#587,.T.);
#585 = VERTEX_POINT('',#586);
#586 = CARTESIAN_POINT('',(20.32,14.075,9.1));
#587 = LINE('',#588,#589);
#588 = CARTESIAN_POINT('',(-12.93,14.075,9.1));
#589 = VECTOR('',#590,1.);
#590 = DIRECTION('',(-1.,-0.,0.));
#591 = ORIENTED_EDGE('',*,*,#592,.F.);
#592 = EDGE_CURVE('',#593,#585,#595,.T.);
#593 = VERTEX_POINT('',#594);
#594 = CARTESIAN_POINT('',(21.695,12.7,9.1));
#595 = CIRCLE('',#596,1.375);
#596 = AXIS2_PLACEMENT_3D('',#597,#598,#599);
#597 = CARTESIAN_POINT('',(20.32,12.7,9.1));
#598 = DIRECTION('',(0.,0.,1.));
#599 = DIRECTION('',(1.,0.,-0.));
#600 = ORIENTED_EDGE('',*,*,#601,.F.);
#601 = EDGE_CURVE('',#602,#593,#604,.T.);
#602 = VERTEX_POINT('',#603);
#603 = CARTESIAN_POINT('',(20.32,11.325,9.1));
#604 = CIRCLE('',#605,1.375);
#605 = AXIS2_PLACEMENT_3D('',#606,#607,#608);
#606 = CARTESIAN_POINT('',(20.32,12.7,9.1));
#607 = DIRECTION('',(0.,0.,1.));
#608 = DIRECTION('',(1.,0.,-0.));
#609 = ORIENTED_EDGE('',*,*,#610,.T.);
#610 = EDGE_CURVE('',#602,#576,#611,.T.);
#611 = LINE('',#612,#613);
#612 = CARTESIAN_POINT('',(-12.93,11.325,9.1));
#613 = VECTOR('',#614,1.);
#614 = DIRECTION('',(-1.,-0.,0.));
#615 = FACE_BOUND('',#616,.T.);
#616 = EDGE_LOOP('',(#617,#628,#636,#645));
#617 = ORIENTED_EDGE('',*,*,#618,.F.);
#618 = EDGE_CURVE('',#619,#621,#623,.T.);
#619 = VERTEX_POINT('',#620);
#620 = CARTESIAN_POINT('',(-3.705,27.94,9.1));
#621 = VERTEX_POINT('',#622);
#622 = CARTESIAN_POINT('',(-6.455,27.94,9.1));
#623 = CIRCLE('',#624,1.375);
#624 = AXIS2_PLACEMENT_3D('',#625,#626,#627);
#625 = CARTESIAN_POINT('',(-5.08,27.94,9.1));
#626 = DIRECTION('',(0.,0.,1.));
#627 = DIRECTION('',(1.,0.,-0.));
#628 = ORIENTED_EDGE('',*,*,#629,.F.);
#629 = EDGE_CURVE('',#630,#619,#632,.T.);
#630 = VERTEX_POINT('',#631);
#631 = CARTESIAN_POINT('',(-3.705,22.86,9.1));
#632 = LINE('',#633,#634);
#633 = CARTESIAN_POINT('',(-3.705,-5.31,9.1));
#634 = VECTOR('',#635,1.);
#635 = DIRECTION('',(-0.,1.,0.));
#636 = ORIENTED_EDGE('',*,*,#637,.F.);
#637 = EDGE_CURVE('',#638,#630,#640,.T.);
#638 = VERTEX_POINT('',#639);
#639 = CARTESIAN_POINT('',(-6.455,22.86,9.1));
#640 = CIRCLE('',#641,1.375);
#641 = AXIS2_PLACEMENT_3D('',#642,#643,#644);
#642 = CARTESIAN_POINT('',(-5.08,22.86,9.1));
#643 = DIRECTION('',(0.,0.,1.));
#644 = DIRECTION('',(1.,0.,-0.));
#645 = ORIENTED_EDGE('',*,*,#646,.T.);
#646 = EDGE_CURVE('',#638,#621,#647,.T.);
#647 = LINE('',#648,#649);
#648 = CARTESIAN_POINT('',(-6.455,-5.31,9.1));
#649 = VECTOR('',#650,1.);
#650 = DIRECTION('',(-0.,1.,0.));
#651 = FACE_BOUND('',#652,.T.);
#652 = EDGE_LOOP('',(#653,#664,#672,#681));
#653 = ORIENTED_EDGE('',*,*,#654,.F.);
#654 = EDGE_CURVE('',#655,#657,#659,.T.);
#655 = VERTEX_POINT('',#656);
#656 = CARTESIAN_POINT('',(-18.945,27.94,9.1));
#657 = VERTEX_POINT('',#658);
#658 = CARTESIAN_POINT('',(-21.695,27.94,9.1));
#659 = CIRCLE('',#660,1.375);
#660 = AXIS2_PLACEMENT_3D('',#661,#662,#663);
#661 = CARTESIAN_POINT('',(-20.32,27.94,9.1));
#662 = DIRECTION('',(0.,0.,1.));
#663 = DIRECTION('',(1.,0.,-0.));
#664 = ORIENTED_EDGE('',*,*,#665,.F.);
#665 = EDGE_CURVE('',#666,#655,#668,.T.);
#666 = VERTEX_POINT('',#667);
#667 = CARTESIAN_POINT('',(-18.945,22.86,9.1));
#668 = LINE('',#669,#670);
#669 = CARTESIAN_POINT('',(-18.945,-5.31,9.1));
#670 = VECTOR('',#671,1.);
#671 = DIRECTION('',(-0.,1.,0.));
#672 = ORIENTED_EDGE('',*,*,#673,.F.);
#673 = EDGE_CURVE('',#674,#666,#676,.T.);
#674 = VERTEX_POINT('',#675);
#675 = CARTESIAN_POINT('',(-21.695,22.86,9.1));
#676 = CIRCLE('',#677,1.375);
#677 = AXIS2_PLACEMENT_3D('',#678,#679,#680);
#678 = CARTESIAN_POINT('',(-20.32,22.86,9.1));
#679 = DIRECTION('',(0.,0.,1.));
#680 = DIRECTION('',(1.,0.,-0.));
#681 = ORIENTED_EDGE('',*,*,#682,.T.);
#682 = EDGE_CURVE('',#674,#657,#683,.T.);
#683 = LINE('',#684,#685);
#684 = CARTESIAN_POINT('',(-21.695,-5.31,9.1));
#685 = VECTOR('',#686,1.);
#686 = DIRECTION('',(-0.,1.,0.));
#687 = FACE_BOUND('',#688,.T.);
#688 = EDGE_LOOP('',(#689,#700,#708,#717));
#689 = ORIENTED_EDGE('',*,*,#690,.F.);
#690 = EDGE_CURVE('',#691,#693,#695,.T.);
#691 = VERTEX_POINT('',#692);
#692 = CARTESIAN_POINT('',(-34.185,27.94,9.1));
#693 = VERTEX_POINT('',#694);
#694 = CARTESIAN_POINT('',(-36.935,27.94,9.1));
#695 = CIRCLE('',#696,1.375);
#696 = AXIS2_PLACEMENT_3D('',#697,#698,#699);
#697 = CARTESIAN_POINT('',(-35.56,27.94,9.1));
#698 = DIRECTION('',(0.,0.,1.));
#699 = DIRECTION('',(1.,0.,-0.));
#700 = ORIENTED_EDGE('',*,*,#701,.F.);
#701 = EDGE_CURVE('',#702,#691,#704,.T.);
#702 = VERTEX_POINT('',#703);
#703 = CARTESIAN_POINT('',(-34.185,22.86,9.1));
#704 = LINE('',#705,#706);
#705 = CARTESIAN_POINT('',(-34.185,-5.31,9.1));
#706 = VECTOR('',#707,1.);
#707 = DIRECTION('',(-0.,1.,0.));
#708 = ORIENTED_EDGE('',*,*,#709,.F.);
#709 = EDGE_CURVE('',#710,#702,#712,.T.);
#710 = VERTEX_POINT('',#711);
#711 = CARTESIAN_POINT('',(-36.935,22.86,9.1));
#712 = CIRCLE('',#713,1.375);
#713 = AXIS2_PLACEMENT_3D('',#714,#715,#716);
#714 = CARTESIAN_POINT('',(-35.56,22.86,9.1));
#715 = DIRECTION('',(0.,0.,1.));
#716 = DIRECTION('',(1.,0.,-0.));
#717 = ORIENTED_EDGE('',*,*,#718,.T.);
#718 = EDGE_CURVE('',#710,#693,#719,.T.);
#719 = LINE('',#720,#721);
#720 = CARTESIAN_POINT('',(-36.935,-5.31,9.1));
#721 = VECTOR('',#722,1.);
#722 = DIRECTION('',(-0.,1.,0.));
#723 = FACE_BOUND('',#724,.T.);
#724 = EDGE_LOOP('',(#725,#736,#744,#753,#762));
#725 = ORIENTED_EDGE('',*,*,#726,.F.);
#726 = EDGE_CURVE('',#727,#729,#731,.T.);
#727 = VERTEX_POINT('',#728);
#728 = CARTESIAN_POINT('',(15.24,29.315,9.1));
#729 = VERTEX_POINT('',#730);
#730 = CARTESIAN_POINT('',(15.24,26.565,9.1));
#731 = CIRCLE('',#732,1.375);
#732 = AXIS2_PLACEMENT_3D('',#733,#734,#735);
#733 = CARTESIAN_POINT('',(15.24,27.94,9.1));
#734 = DIRECTION('',(0.,0.,1.));
#735 = DIRECTION('',(1.,0.,-0.));
#736 = ORIENTED_EDGE('',*,*,#737,.F.);
#737 = EDGE_CURVE('',#738,#727,#740,.T.);
#738 = VERTEX_POINT('',#739);
#739 = CARTESIAN_POINT('',(20.32,29.315,9.1));
#740 = LINE('',#741,#742);
#741 = CARTESIAN_POINT('',(-12.93,29.315,9.1));
#742 = VECTOR('',#743,1.);
#743 = DIRECTION('',(-1.,-0.,0.));
#744 = ORIENTED_EDGE('',*,*,#745,.F.);
#745 = EDGE_CURVE('',#746,#738,#748,.T.);
#746 = VERTEX_POINT('',#747);
#747 = CARTESIAN_POINT('',(21.695,27.94,9.1));
#748 = CIRCLE('',#749,1.375);
#749 = AXIS2_PLACEMENT_3D('',#750,#751,#752);
#750 = CARTESIAN_POINT('',(20.32,27.94,9.1));
#751 = DIRECTION('',(0.,0.,1.));
#752 = DIRECTION('',(1.,0.,-0.));
#753 = ORIENTED_EDGE('',*,*,#754,.F.);
#754 = EDGE_CURVE('',#755,#746,#757,.T.);
#755 = VERTEX_POINT('',#756);
#756 = CARTESIAN_POINT('',(20.32,26.565,9.1));
#757 = CIRCLE('',#758,1.375);
#758 = AXIS2_PLACEMENT_3D('',#759,#760,#761);
#759 = CARTESIAN_POINT('',(20.32,27.94,9.1));
#760 = DIRECTION('',(0.,0.,1.));
#761 = DIRECTION('',(1.,0.,-0.));
#762 = ORIENTED_EDGE('',*,*,#763,.T.);
#763 = EDGE_CURVE('',#755,#729,#764,.T.);
#764 = LINE('',#765,#766);
#765 = CARTESIAN_POINT('',(-12.93,26.565,9.1));
#766 = VECTOR('',#767,1.);
#767 = DIRECTION('',(-1.,-0.,0.));
#768 = FACE_BOUND('',#769,.T.);
#769 = EDGE_LOOP('',(#770,#781,#789,#798,#807));
#770 = ORIENTED_EDGE('',*,*,#771,.F.);
#771 = EDGE_CURVE('',#772,#774,#776,.T.);
#772 = VERTEX_POINT('',#773);
#773 = CARTESIAN_POINT('',(15.24,-16.405,9.1));
#774 = VERTEX_POINT('',#775);
#775 = CARTESIAN_POINT('',(15.24,-19.155,9.1));
#776 = CIRCLE('',#777,1.375);
#777 = AXIS2_PLACEMENT_3D('',#778,#779,#780);
#778 = CARTESIAN_POINT('',(15.24,-17.78,9.1));
#779 = DIRECTION('',(0.,0.,1.));
#780 = DIRECTION('',(1.,0.,-0.));
#781 = ORIENTED_EDGE('',*,*,#782,.F.);
#782 = EDGE_CURVE('',#783,#772,#785,.T.);
#783 = VERTEX_POINT('',#784);
#784 = CARTESIAN_POINT('',(20.32,-16.405,9.1));
#785 = LINE('',#786,#787);
#786 = CARTESIAN_POINT('',(-12.93,-16.405,9.1));
#787 = VECTOR('',#788,1.);
#788 = DIRECTION('',(-1.,-0.,0.));
#789 = ORIENTED_EDGE('',*,*,#790,.F.);
#790 = EDGE_CURVE('',#791,#783,#793,.T.);
#791 = VERTEX_POINT('',#792);
#792 = CARTESIAN_POINT('',(21.695,-17.78,9.1));
#793 = CIRCLE('',#794,1.375);
#794 = AXIS2_PLACEMENT_3D('',#795,#796,#797);
#795 = CARTESIAN_POINT('',(20.32,-17.78,9.1));
#796 = DIRECTION('',(0.,0.,1.));
#797 = DIRECTION('',(1.,0.,-0.));
#798 = ORIENTED_EDGE('',*,*,#799,.F.);
#799 = EDGE_CURVE('',#800,#791,#802,.T.);
#800 = VERTEX_POINT('',#801);
#801 = CARTESIAN_POINT('',(20.32,-19.155,9.1));
#802 = CIRCLE('',#803,1.375);
#803 = AXIS2_PLACEMENT_3D('',#804,#805,#806);
#804 = CARTESIAN_POINT('',(20.32,-17.78,9.1));
#805 = DIRECTION('',(0.,0.,1.));
#806 = DIRECTION('',(1.,0.,-0.));
#807 = ORIENTED_EDGE('',*,*,#808,.T.);
#808 = EDGE_CURVE('',#800,#774,#809,.T.);
#809 = LINE('',#810,#811);
#810 = CARTESIAN_POINT('',(-12.93,-19.155,9.1));
#811 = VECTOR('',#812,1.);
#812 = DIRECTION('',(-1.,-0.,0.));
#813 = FACE_BOUND('',#814,.T.);
#814 = EDGE_LOOP('',(#815,#826,#834,#843));
#815 = ORIENTED_EDGE('',*,*,#816,.F.);
#816 = EDGE_CURVE('',#817,#819,#821,.T.);
#817 = VERTEX_POINT('',#818);
#818 = CARTESIAN_POINT('',(26.775,-17.78,9.1));
#819 = VERTEX_POINT('',#820);
#820 = CARTESIAN_POINT('',(24.025,-17.78,9.1));
#821 = CIRCLE('',#822,1.375);
#822 = AXIS2_PLACEMENT_3D('',#823,#824,#825);
#823 = CARTESIAN_POINT('',(25.4,-17.78,9.1));
#824 = DIRECTION('',(0.,0.,1.));
#825 = DIRECTION('',(1.,0.,-0.));
#826 = ORIENTED_EDGE('',*,*,#827,.F.);
#827 = EDGE_CURVE('',#828,#817,#830,.T.);
#828 = VERTEX_POINT('',#829);
#829 = CARTESIAN_POINT('',(26.775,-22.86,9.1));
#830 = LINE('',#831,#832);
#831 = CARTESIAN_POINT('',(26.775,-28.17,9.1));
#832 = VECTOR('',#833,1.);
#833 = DIRECTION('',(-0.,1.,0.));
#834 = ORIENTED_EDGE('',*,*,#835,.F.);
#835 = EDGE_CURVE('',#836,#828,#838,.T.);
#836 = VERTEX_POINT('',#837);
#837 = CARTESIAN_POINT('',(24.025,-22.86,9.1));
#838 = CIRCLE('',#839,1.375);
#839 = AXIS2_PLACEMENT_3D('',#840,#841,#842);
#840 = CARTESIAN_POINT('',(25.4,-22.86,9.1));
#841 = DIRECTION('',(0.,0.,1.));
#842 = DIRECTION('',(1.,0.,-0.));
#843 = ORIENTED_EDGE('',*,*,#844,.T.);
#844 = EDGE_CURVE('',#836,#819,#845,.T.);
#845 = LINE('',#846,#847);
#846 = CARTESIAN_POINT('',(24.025,-28.17,9.1));
#847 = VECTOR('',#848,1.);
#848 = DIRECTION('',(-0.,1.,0.));
#849 = FACE_BOUND('',#850,.T.);
#850 = EDGE_LOOP('',(#851,#862,#870,#879,#888));
#851 = ORIENTED_EDGE('',*,*,#852,.F.);
#852 = EDGE_CURVE('',#853,#855,#857,.T.);
#853 = VERTEX_POINT('',#854);
#854 = CARTESIAN_POINT('',(-35.56,-26.565,9.1));
#855 = VERTEX_POINT('',#856);
#856 = CARTESIAN_POINT('',(-35.56,-29.315,9.1));
#857 = CIRCLE('',#858,1.375);
#858 = AXIS2_PLACEMENT_3D('',#859,#860,#861);
#859 = CARTESIAN_POINT('',(-35.56,-27.94,9.1));
#860 = DIRECTION('',(0.,0.,1.));
#861 = DIRECTION('',(1.,0.,-0.));
#862 = ORIENTED_EDGE('',*,*,#863,.F.);
#863 = EDGE_CURVE('',#864,#853,#866,.T.);
#864 = VERTEX_POINT('',#865);
#865 = CARTESIAN_POINT('',(-30.48,-26.565,9.1));
#866 = LINE('',#867,#868);
#867 = CARTESIAN_POINT('',(-38.33,-26.565,9.1));
#868 = VECTOR('',#869,1.);
#869 = DIRECTION('',(-1.,-0.,0.));
#870 = ORIENTED_EDGE('',*,*,#871,.F.);
#871 = EDGE_CURVE('',#872,#864,#874,.T.);
#872 = VERTEX_POINT('',#873);
#873 = CARTESIAN_POINT('',(-29.105,-27.94,9.1));
#874 = CIRCLE('',#875,1.375);
#875 = AXIS2_PLACEMENT_3D('',#876,#877,#878);
#876 = CARTESIAN_POINT('',(-30.48,-27.94,9.1));
#877 = DIRECTION('',(0.,0.,1.));
#878 = DIRECTION('',(1.,0.,-0.));
#879 = ORIENTED_EDGE('',*,*,#880,.F.);
#880 = EDGE_CURVE('',#881,#872,#883,.T.);
#881 = VERTEX_POINT('',#882);
#882 = CARTESIAN_POINT('',(-30.48,-29.315,9.1));
#883 = CIRCLE('',#884,1.375);
#884 = AXIS2_PLACEMENT_3D('',#885,#886,#887);
#885 = CARTESIAN_POINT('',(-30.48,-27.94,9.1));
#886 = DIRECTION('',(0.,0.,1.));
#887 = DIRECTION('',(1.,0.,-0.));
#888 = ORIENTED_EDGE('',*,*,#889,.T.);
#889 = EDGE_CURVE('',#881,#855,#890,.T.);
#890 = LINE('',#891,#892);
#891 = CARTESIAN_POINT('',(-38.33,-29.315,9.1));
#892 = VECTOR('',#893,1.);
#893 = DIRECTION('',(-1.,-0.,0.));
#894 = FACE_BOUND('',#895,.T.);
#895 = EDGE_LOOP('',(#896,#907,#915,#924));
#896 = ORIENTED_EDGE('',*,*,#897,.F.);
#897 = EDGE_CURVE('',#898,#900,#902,.T.);
#898 = VERTEX_POINT('',#899);
#899 = CARTESIAN_POINT('',(6.455,-7.62,9.1));
#900 = VERTEX_POINT('',#901);
#901 = CARTESIAN_POINT('',(3.705,-7.62,9.1));
#902 = CIRCLE('',#903,1.375);
#903 = AXIS2_PLACEMENT_3D('',#904,#905,#906);
#904 = CARTESIAN_POINT('',(5.08,-7.62,9.1));
#905 = DIRECTION('',(0.,0.,1.));
#906 = DIRECTION('',(1.,0.,-0.));
#907 = ORIENTED_EDGE('',*,*,#908,.F.);
#908 = EDGE_CURVE('',#909,#898,#911,.T.);
#909 = VERTEX_POINT('',#910);
#910 = CARTESIAN_POINT('',(6.455,-12.7,9.1));
#911 = LINE('',#912,#913);
#912 = CARTESIAN_POINT('',(6.455,-23.09,9.1));
#913 = VECTOR('',#914,1.);
#914 = DIRECTION('',(-0.,1.,0.));
#915 = ORIENTED_EDGE('',*,*,#916,.F.);
#916 = EDGE_CURVE('',#917,#909,#919,.T.);
#917 = VERTEX_POINT('',#918);
#918 = CARTESIAN_POINT('',(3.705,-12.7,9.1));
#919 = CIRCLE('',#920,1.375);
#920 = AXIS2_PLACEMENT_3D('',#921,#922,#923);
#921 = CARTESIAN_POINT('',(5.08,-12.7,9.1));
#922 = DIRECTION('',(0.,0.,1.));
#923 = DIRECTION('',(1.,0.,-0.));
#924 = ORIENTED_EDGE('',*,*,#925,.T.);
#925 = EDGE_CURVE('',#917,#900,#926,.T.);
#926 = LINE('',#927,#928);
#927 = CARTESIAN_POINT('',(3.705,-23.09,9.1));
#928 = VECTOR('',#929,1.);
#929 = DIRECTION('',(-0.,1.,0.));
#930 = FACE_BOUND('',#931,.T.);
#931 = EDGE_LOOP('',(#932,#943,#951,#960));
#932 = ORIENTED_EDGE('',*,*,#933,.F.);
#933 = EDGE_CURVE('',#934,#936,#938,.T.);
#934 = VERTEX_POINT('',#935);
#935 = CARTESIAN_POINT('',(-24.025,-22.86,9.1));
#936 = VERTEX_POINT('',#937);
#937 = CARTESIAN_POINT('',(-26.775,-22.86,9.1));
#938 = CIRCLE('',#939,1.375);
#939 = AXIS2_PLACEMENT_3D('',#940,#941,#942);
#940 = CARTESIAN_POINT('',(-25.4,-22.86,9.1));
#941 = DIRECTION('',(0.,0.,1.));
#942 = DIRECTION('',(1.,0.,-0.));
#943 = ORIENTED_EDGE('',*,*,#944,.F.);
#944 = EDGE_CURVE('',#945,#934,#947,.T.);
#945 = VERTEX_POINT('',#946);
#946 = CARTESIAN_POINT('',(-24.025,-27.94,9.1));
#947 = LINE('',#948,#949);
#948 = CARTESIAN_POINT('',(-24.025,-30.71,9.1));
#949 = VECTOR('',#950,1.);
#950 = DIRECTION('',(-0.,1.,0.));
#951 = ORIENTED_EDGE('',*,*,#952,.F.);
#952 = EDGE_CURVE('',#953,#945,#955,.T.);
#953 = VERTEX_POINT('',#954);
#954 = CARTESIAN_POINT('',(-26.775,-27.94,9.1));
#955 = CIRCLE('',#956,1.375);
#956 = AXIS2_PLACEMENT_3D('',#957,#958,#959);
#957 = CARTESIAN_POINT('',(-25.4,-27.94,9.1));
#958 = DIRECTION('',(0.,0.,1.));
#959 = DIRECTION('',(1.,0.,-0.));
#960 = ORIENTED_EDGE('',*,*,#961,.T.);
#961 = EDGE_CURVE('',#953,#936,#962,.T.);
#962 = LINE('',#963,#964);
#963 = CARTESIAN_POINT('',(-26.775,-30.71,9.1));
#964 = VECTOR('',#965,1.);
#965 = DIRECTION('',(-0.,1.,0.));
#966 = FACE_BOUND('',#967,.T.);
#967 = EDGE_LOOP('',(#968,#979,#987,#996));
#968 = ORIENTED_EDGE('',*,*,#969,.F.);
#969 = EDGE_CURVE('',#970,#972,#974,.T.);
#970 = VERTEX_POINT('',#971);
#971 = CARTESIAN_POINT('',(-34.185,-17.78,9.1));
#972 = VERTEX_POINT('',#973);
#973 = CARTESIAN_POINT('',(-36.935,-17.78,9.1));
#974 = CIRCLE('',#975,1.375);
#975 = AXIS2_PLACEMENT_3D('',#976,#977,#978);
#976 = CARTESIAN_POINT('',(-35.56,-17.78,9.1));
#977 = DIRECTION('',(0.,0.,1.));
#978 = DIRECTION('',(1.,0.,-0.));
#979 = ORIENTED_EDGE('',*,*,#980,.F.);
#980 = EDGE_CURVE('',#981,#970,#983,.T.);
#981 = VERTEX_POINT('',#982);
#982 = CARTESIAN_POINT('',(-34.185,-22.86,9.1));
#983 = LINE('',#984,#985);
#984 = CARTESIAN_POINT('',(-34.185,-28.17,9.1));
#985 = VECTOR('',#986,1.);
#986 = DIRECTION('',(-0.,1.,0.));
#987 = ORIENTED_EDGE('',*,*,#988,.F.);
#988 = EDGE_CURVE('',#989,#981,#991,.T.);
#989 = VERTEX_POINT('',#990);
#990 = CARTESIAN_POINT('',(-36.935,-22.86,9.1));
#991 = CIRCLE('',#992,1.375);
#992 = AXIS2_PLACEMENT_3D('',#993,#994,#995);
#993 = CARTESIAN_POINT('',(-35.56,-22.86,9.1));
#994 = DIRECTION('',(0.,0.,1.));
#995 = DIRECTION('',(1.,0.,-0.));
#996 = ORIENTED_EDGE('',*,*,#997,.T.);
#997 = EDGE_CURVE('',#989,#972,#998,.T.);
#998 = LINE('',#999,#1000);
#999 = CARTESIAN_POINT('',(-36.935,-28.17,9.1));
#1000 = VECTOR('',#1001,1.);
#1001 = DIRECTION('',(-0.,1.,0.));
#1002 = FACE_BOUND('',#1003,.T.);
#1003 = EDGE_LOOP('',(#1004,#1015,#1023,#1032));
#1004 = ORIENTED_EDGE('',*,*,#1005,.F.);
#1005 = EDGE_CURVE('',#1006,#1008,#1010,.T.);
#1006 = VERTEX_POINT('',#1007);
#1007 = CARTESIAN_POINT('',(6.455,-22.86,9.1));
#1008 = VERTEX_POINT('',#1009);
#1009 = CARTESIAN_POINT('',(3.705,-22.86,9.1));
#1010 = CIRCLE('',#1011,1.375);
#1011 = AXIS2_PLACEMENT_3D('',#1012,#1013,#1014);
#1012 = CARTESIAN_POINT('',(5.08,-22.86,9.1));
#1013 = DIRECTION('',(0.,0.,1.));
#1014 = DIRECTION('',(1.,0.,-0.));
#1015 = ORIENTED_EDGE('',*,*,#1016,.F.);
#1016 = EDGE_CURVE('',#1017,#1006,#1019,.T.);
#1017 = VERTEX_POINT('',#1018);
#1018 = CARTESIAN_POINT('',(6.455,-27.94,9.1));
#1019 = LINE('',#1020,#1021);
#1020 = CARTESIAN_POINT('',(6.455,-30.71,9.1));
#1021 = VECTOR('',#1022,1.);
#1022 = DIRECTION('',(-0.,1.,0.));
#1023 = ORIENTED_EDGE('',*,*,#1024,.F.);
#1024 = EDGE_CURVE('',#1025,#1017,#1027,.T.);
#1025 = VERTEX_POINT('',#1026);
#1026 = CARTESIAN_POINT('',(3.705,-27.94,9.1));
#1027 = CIRCLE('',#1028,1.375);
#1028 = AXIS2_PLACEMENT_3D('',#1029,#1030,#1031);
#1029 = CARTESIAN_POINT('',(5.08,-27.94,9.1));
#1030 = DIRECTION('',(0.,0.,1.));
#1031 = DIRECTION('',(1.,0.,-0.));
#1032 = ORIENTED_EDGE('',*,*,#1033,.T.);
#1033 = EDGE_CURVE('',#1025,#1008,#1034,.T.);
#1034 = LINE('',#1035,#1036);
#1035 = CARTESIAN_POINT('',(3.705,-30.71,9.1));
#1036 = VECTOR('',#1037,1.);
#1037 = DIRECTION('',(-0.,1.,0.));
#1038 = FACE_BOUND('',#1039,.T.);
#1039 = EDGE_LOOP('',(#1040,#1051,#1059,#1068));
#1040 = ORIENTED_EDGE('',*,*,#1041,.F.);
#1041 = EDGE_CURVE('',#1042,#1044,#1046,.T.);
#1042 = VERTEX_POINT('',#1043);
#1043 = CARTESIAN_POINT('',(-18.945,-17.78,9.1));
#1044 = VERTEX_POINT('',#1045);
#1045 = CARTESIAN_POINT('',(-21.695,-17.78,9.1));
#1046 = CIRCLE('',#1047,1.375);
#1047 = AXIS2_PLACEMENT_3D('',#1048,#1049,#1050);
#1048 = CARTESIAN_POINT('',(-20.32,-17.78,9.1));
#1049 = DIRECTION('',(0.,0.,1.));
#1050 = DIRECTION('',(1.,0.,-0.));
#1051 = ORIENTED_EDGE('',*,*,#1052,.F.);
#1052 = EDGE_CURVE('',#1053,#1042,#1055,.T.);
#1053 = VERTEX_POINT('',#1054);
#1054 = CARTESIAN_POINT('',(-18.945,-22.86,9.1));
#1055 = LINE('',#1056,#1057);
#1056 = CARTESIAN_POINT('',(-18.945,-28.17,9.1));
#1057 = VECTOR('',#1058,1.);
#1058 = DIRECTION('',(-0.,1.,0.));
#1059 = ORIENTED_EDGE('',*,*,#1060,.F.);
#1060 = EDGE_CURVE('',#1061,#1053,#1063,.T.);
#1061 = VERTEX_POINT('',#1062);
#1062 = CARTESIAN_POINT('',(-21.695,-22.86,9.1));
#1063 = CIRCLE('',#1064,1.375);
#1064 = AXIS2_PLACEMENT_3D('',#1065,#1066,#1067);
#1065 = CARTESIAN_POINT('',(-20.32,-22.86,9.1));
#1066 = DIRECTION('',(0.,0.,1.));
#1067 = DIRECTION('',(1.,0.,-0.));
#1068 = ORIENTED_EDGE('',*,*,#1069,.T.);
#1069 = EDGE_CURVE('',#1061,#1044,#1070,.T.);
#1070 = LINE('',#1071,#1072);
#1071 = CARTESIAN_POINT('',(-21.695,-28.17,9.1));
#1072 = VECTOR('',#1073,1.);
#1073 = DIRECTION('',(-0.,1.,0.));
#1074 = FACE_BOUND('',#1075,.T.);
#1075 = EDGE_LOOP('',(#1076,#1087,#1095,#1104));
#1076 = ORIENTED_EDGE('',*,*,#1077,.F.);
#1077 = EDGE_CURVE('',#1078,#1080,#1082,.T.);
#1078 = VERTEX_POINT('',#1079);
#1079 = CARTESIAN_POINT('',(36.935,-7.62,9.1));
#1080 = VERTEX_POINT('',#1081);
#1081 = CARTESIAN_POINT('',(34.185,-7.62,9.1));
#1082 = CIRCLE('',#1083,1.375);
#1083 = AXIS2_PLACEMENT_3D('',#1084,#1085,#1086);
#1084 = CARTESIAN_POINT('',(35.56,-7.62,9.1));
#1085 = DIRECTION('',(0.,0.,1.));
#1086 = DIRECTION('',(1.,0.,-0.));
#1087 = ORIENTED_EDGE('',*,*,#1088,.F.);
#1088 = EDGE_CURVE('',#1089,#1078,#1091,.T.);
#1089 = VERTEX_POINT('',#1090);
#1090 = CARTESIAN_POINT('',(36.935,-12.7,9.1));
#1091 = LINE('',#1092,#1093);
#1092 = CARTESIAN_POINT('',(36.935,-23.09,9.1));
#1093 = VECTOR('',#1094,1.);
#1094 = DIRECTION('',(-0.,1.,0.));
#1095 = ORIENTED_EDGE('',*,*,#1096,.F.);
#1096 = EDGE_CURVE('',#1097,#1089,#1099,.T.);
#1097 = VERTEX_POINT('',#1098);
#1098 = CARTESIAN_POINT('',(34.185,-12.7,9.1));
#1099 = CIRCLE('',#1100,1.375);
#1100 = AXIS2_PLACEMENT_3D('',#1101,#1102,#1103);
#1101 = CARTESIAN_POINT('',(35.56,-12.7,9.1));
#1102 = DIRECTION('',(0.,0.,1.));
#1103 = DIRECTION('',(1.,0.,-0.));
#1104 = ORIENTED_EDGE('',*,*,#1105,.T.);
#1105 = EDGE_CURVE('',#1097,#1080,#1106,.T.);
#1106 = LINE('',#1107,#1108);
#1107 = CARTESIAN_POINT('',(34.185,-23.09,9.1));
#1108 = VECTOR('',#1109,1.);
#1109 = DIRECTION('',(-0.,1.,0.));
#1110 = FACE_BOUND('',#1111,.T.);
#1111 = EDGE_LOOP('',(#1112,#1123,#1131,#1140));
#1112 = ORIENTED_EDGE('',*,*,#1113,.F.);
#1113 = EDGE_CURVE('',#1114,#1116,#1118,.T.);
#1114 = VERTEX_POINT('',#1115);
#1115 = CARTESIAN_POINT('',(21.695,-7.62,9.1));
#1116 = VERTEX_POINT('',#1117);
#1117 = CARTESIAN_POINT('',(18.945,-7.62,9.1));
#1118 = CIRCLE('',#1119,1.375);
#1119 = AXIS2_PLACEMENT_3D('',#1120,#1121,#1122);
#1120 = CARTESIAN_POINT('',(20.32,-7.62,9.1));
#1121 = DIRECTION('',(0.,0.,1.));
#1122 = DIRECTION('',(1.,0.,-0.));
#1123 = ORIENTED_EDGE('',*,*,#1124,.F.);
#1124 = EDGE_CURVE('',#1125,#1114,#1127,.T.);
#1125 = VERTEX_POINT('',#1126);
#1126 = CARTESIAN_POINT('',(21.695,-12.7,9.1));
#1127 = LINE('',#1128,#1129);
#1128 = CARTESIAN_POINT('',(21.695,-23.09,9.1));
#1129 = VECTOR('',#1130,1.);
#1130 = DIRECTION('',(-0.,1.,0.));
#1131 = ORIENTED_EDGE('',*,*,#1132,.F.);
#1132 = EDGE_CURVE('',#1133,#1125,#1135,.T.);
#1133 = VERTEX_POINT('',#1134);
#1134 = CARTESIAN_POINT('',(18.945,-12.7,9.1));
#1135 = CIRCLE('',#1136,1.375);
#1136 = AXIS2_PLACEMENT_3D('',#1137,#1138,#1139);
#1137 = CARTESIAN_POINT('',(20.32,-12.7,9.1));
#1138 = DIRECTION('',(0.,0.,1.));
#1139 = DIRECTION('',(1.,0.,-0.));
#1140 = ORIENTED_EDGE('',*,*,#1141,.T.);
#1141 = EDGE_CURVE('',#1133,#1116,#1142,.T.);
#1142 = LINE('',#1143,#1144);
#1143 = CARTESIAN_POINT('',(18.945,-23.09,9.1));
#1144 = VECTOR('',#1145,1.);
#1145 = DIRECTION('',(-0.,1.,0.));
#1146 = FACE_BOUND('',#1147,.T.);
#1147 = EDGE_LOOP('',(#1148,#1159,#1167,#1176));
#1148 = ORIENTED_EDGE('',*,*,#1149,.F.);
#1149 = EDGE_CURVE('',#1150,#1152,#1154,.T.);
#1150 = VERTEX_POINT('',#1151);
#1151 = CARTESIAN_POINT('',(-8.785,-22.86,9.1));
#1152 = VERTEX_POINT('',#1153);
#1153 = CARTESIAN_POINT('',(-11.535,-22.86,9.1));
#1154 = CIRCLE('',#1155,1.375);
#1155 = AXIS2_PLACEMENT_3D('',#1156,#1157,#1158);
#1156 = CARTESIAN_POINT('',(-10.16,-22.86,9.1));
#1157 = DIRECTION('',(0.,0.,1.));
#1158 = DIRECTION('',(1.,0.,-0.));
#1159 = ORIENTED_EDGE('',*,*,#1160,.F.);
#1160 = EDGE_CURVE('',#1161,#1150,#1163,.T.);
#1161 = VERTEX_POINT('',#1162);
#1162 = CARTESIAN_POINT('',(-8.785,-27.94,9.1));
#1163 = LINE('',#1164,#1165);
#1164 = CARTESIAN_POINT('',(-8.785,-30.71,9.1));
#1165 = VECTOR('',#1166,1.);
#1166 = DIRECTION('',(-0.,1.,0.));
#1167 = ORIENTED_EDGE('',*,*,#1168,.F.);
#1168 = EDGE_CURVE('',#1169,#1161,#1171,.T.);
#1169 = VERTEX_POINT('',#1170);
#1170 = CARTESIAN_POINT('',(-11.535,-27.94,9.1));
#1171 = CIRCLE('',#1172,1.375);
#1172 = AXIS2_PLACEMENT_3D('',#1173,#1174,#1175);
#1173 = CARTESIAN_POINT('',(-10.16,-27.94,9.1));
#1174 = DIRECTION('',(0.,0.,1.));
#1175 = DIRECTION('',(1.,0.,-0.));
#1176 = ORIENTED_EDGE('',*,*,#1177,.T.);
#1177 = EDGE_CURVE('',#1169,#1152,#1178,.T.);
#1178 = LINE('',#1179,#1180);
#1179 = CARTESIAN_POINT('',(-11.535,-30.71,9.1));
#1180 = VECTOR('',#1181,1.);
#1181 = DIRECTION('',(-0.,1.,0.));
#1182 = FACE_BOUND('',#1183,.T.);
#1183 = EDGE_LOOP('',(#1184,#1195,#1203,#1212,#1221));
#1184 = ORIENTED_EDGE('',*,*,#1185,.F.);
#1185 = EDGE_CURVE('',#1186,#1188,#1190,.T.);
#1186 = VERTEX_POINT('',#1187);
#1187 = CARTESIAN_POINT('',(-35.56,19.155,9.1));
#1188 = VERTEX_POINT('',#1189);
#1189 = CARTESIAN_POINT('',(-35.56,16.405,9.1));
#1190 = CIRCLE('',#1191,1.375);
#1191 = AXIS2_PLACEMENT_3D('',#1192,#1193,#1194);
#1192 = CARTESIAN_POINT('',(-35.56,17.78,9.1));
#1193 = DIRECTION('',(0.,0.,1.));
#1194 = DIRECTION('',(1.,0.,-0.));
#1195 = ORIENTED_EDGE('',*,*,#1196,.F.);
#1196 = EDGE_CURVE('',#1197,#1186,#1199,.T.);
#1197 = VERTEX_POINT('',#1198);
#1198 = CARTESIAN_POINT('',(-30.48,19.155,9.1));
#1199 = LINE('',#1200,#1201);
#1200 = CARTESIAN_POINT('',(-38.33,19.155,9.1));
#1201 = VECTOR('',#1202,1.);
#1202 = DIRECTION('',(-1.,-0.,0.));
#1203 = ORIENTED_EDGE('',*,*,#1204,.F.);
#1204 = EDGE_CURVE('',#1205,#1197,#1207,.T.);
#1205 = VERTEX_POINT('',#1206);
#1206 = CARTESIAN_POINT('',(-29.105,17.78,9.1));
#1207 = CIRCLE('',#1208,1.375);
#1208 = AXIS2_PLACEMENT_3D('',#1209,#1210,#1211);
#1209 = CARTESIAN_POINT('',(-30.48,17.78,9.1));
#1210 = DIRECTION('',(0.,0.,1.));
#1211 = DIRECTION('',(1.,0.,-0.));
#1212 = ORIENTED_EDGE('',*,*,#1213,.F.);
#1213 = EDGE_CURVE('',#1214,#1205,#1216,.T.);
#1214 = VERTEX_POINT('',#1215);
#1215 = CARTESIAN_POINT('',(-30.48,16.405,9.1));
#1216 = CIRCLE('',#1217,1.375);
#1217 = AXIS2_PLACEMENT_3D('',#1218,#1219,#1220);
#1218 = CARTESIAN_POINT('',(-30.48,17.78,9.1));
#1219 = DIRECTION('',(0.,0.,1.));
#1220 = DIRECTION('',(1.,0.,-0.));
#1221 = ORIENTED_EDGE('',*,*,#1222,.T.);
#1222 = EDGE_CURVE('',#1214,#1188,#1223,.T.);
#1223 = LINE('',#1224,#1225);
#1224 = CARTESIAN_POINT('',(-38.33,16.405,9.1));
#1225 = VECTOR('',#1226,1.);
#1226 = DIRECTION('',(-1.,-0.,0.));
#1227 = FACE_BOUND('',#1228,.T.);
#1228 = EDGE_LOOP('',(#1229,#1240,#1248,#1257,#1266));
#1229 = ORIENTED_EDGE('',*,*,#1230,.F.);
#1230 = EDGE_CURVE('',#1231,#1233,#1235,.T.);
#1231 = VERTEX_POINT('',#1232);
#1232 = CARTESIAN_POINT('',(-15.24,-16.405,9.1));
#1233 = VERTEX_POINT('',#1234);
#1234 = CARTESIAN_POINT('',(-15.24,-19.155,9.1));
#1235 = CIRCLE('',#1236,1.375);
#1236 = AXIS2_PLACEMENT_3D('',#1237,#1238,#1239);
#1237 = CARTESIAN_POINT('',(-15.24,-17.78,9.1));
#1238 = DIRECTION('',(0.,0.,1.));
#1239 = DIRECTION('',(1.,0.,-0.));
#1240 = ORIENTED_EDGE('',*,*,#1241,.F.);
#1241 = EDGE_CURVE('',#1242,#1231,#1244,.T.);
#1242 = VERTEX_POINT('',#1243);
#1243 = CARTESIAN_POINT('',(-10.16,-16.405,9.1));
#1244 = LINE('',#1245,#1246);
#1245 = CARTESIAN_POINT('',(-28.17,-16.405,9.1));
#1246 = VECTOR('',#1247,1.);
#1247 = DIRECTION('',(-1.,-0.,0.));
#1248 = ORIENTED_EDGE('',*,*,#1249,.F.);
#1249 = EDGE_CURVE('',#1250,#1242,#1252,.T.);
#1250 = VERTEX_POINT('',#1251);
#1251 = CARTESIAN_POINT('',(-8.785,-17.78,9.1));
#1252 = CIRCLE('',#1253,1.375);
#1253 = AXIS2_PLACEMENT_3D('',#1254,#1255,#1256);
#1254 = CARTESIAN_POINT('',(-10.16,-17.78,9.1));
#1255 = DIRECTION('',(0.,0.,1.));
#1256 = DIRECTION('',(1.,0.,-0.));
#1257 = ORIENTED_EDGE('',*,*,#1258,.F.);
#1258 = EDGE_CURVE('',#1259,#1250,#1261,.T.);
#1259 = VERTEX_POINT('',#1260);
#1260 = CARTESIAN_POINT('',(-10.16,-19.155,9.1));
#1261 = CIRCLE('',#1262,1.375);
#1262 = AXIS2_PLACEMENT_3D('',#1263,#1264,#1265);
#1263 = CARTESIAN_POINT('',(-10.16,-17.78,9.1));
#1264 = DIRECTION('',(0.,0.,1.));
#1265 = DIRECTION('',(1.,0.,-0.));
#1266 = ORIENTED_EDGE('',*,*,#1267,.T.);
#1267 = EDGE_CURVE('',#1259,#1233,#1268,.T.);
#1268 = LINE('',#1269,#1270);
#1269 = CARTESIAN_POINT('',(-28.17,-19.155,9.1));
#1270 = VECTOR('',#1271,1.);
#1271 = DIRECTION('',(-1.,-0.,0.));
#1272 = FACE_BOUND('',#1273,.T.);
#1273 = EDGE_LOOP('',(#1274,#1285,#1293,#1302));
#1274 = ORIENTED_EDGE('',*,*,#1275,.F.);
#1275 = EDGE_CURVE('',#1276,#1278,#1280,.T.);
#1276 = VERTEX_POINT('',#1277);
#1277 = CARTESIAN_POINT('',(-3.705,-17.78,9.1));
#1278 = VERTEX_POINT('',#1279);
#1279 = CARTESIAN_POINT('',(-6.455,-17.78,9.1));
#1280 = CIRCLE('',#1281,1.375);
#1281 = AXIS2_PLACEMENT_3D('',#1282,#1283,#1284);
#1282 = CARTESIAN_POINT('',(-5.08,-17.78,9.1));
#1283 = DIRECTION('',(0.,0.,1.));
#1284 = DIRECTION('',(1.,0.,-0.));
#1285 = ORIENTED_EDGE('',*,*,#1286,.F.);
#1286 = EDGE_CURVE('',#1287,#1276,#1289,.T.);
#1287 = VERTEX_POINT('',#1288);
#1288 = CARTESIAN_POINT('',(-3.705,-22.86,9.1));
#1289 = LINE('',#1290,#1291);
#1290 = CARTESIAN_POINT('',(-3.705,-28.17,9.1));
#1291 = VECTOR('',#1292,1.);
#1292 = DIRECTION('',(-0.,1.,0.));
#1293 = ORIENTED_EDGE('',*,*,#1294,.F.);
#1294 = EDGE_CURVE('',#1295,#1287,#1297,.T.);
#1295 = VERTEX_POINT('',#1296);
#1296 = CARTESIAN_POINT('',(-6.455,-22.86,9.1));
#1297 = CIRCLE('',#1298,1.375);
#1298 = AXIS2_PLACEMENT_3D('',#1299,#1300,#1301);
#1299 = CARTESIAN_POINT('',(-5.08,-22.86,9.1));
#1300 = DIRECTION('',(0.,0.,1.));
#1301 = DIRECTION('',(1.,0.,-0.));
#1302 = ORIENTED_EDGE('',*,*,#1303,.T.);
#1303 = EDGE_CURVE('',#1295,#1278,#1304,.T.);
#1304 = LINE('',#1305,#1306);
#1305 = CARTESIAN_POINT('',(-6.455,-28.17,9.1));
#1306 = VECTOR('',#1307,1.);
#1307 = DIRECTION('',(-0.,1.,0.));
#1308 = FACE_BOUND('',#1309,.T.);
#1309 = EDGE_LOOP('',(#1310,#1321,#1329,#1338,#1347));
#1310 = ORIENTED_EDGE('',*,*,#1311,.F.);
#1311 = EDGE_CURVE('',#1312,#1314,#1316,.T.);
#1312 = VERTEX_POINT('',#1313);
#1313 = CARTESIAN_POINT('',(-35.56,-11.325,9.1));
#1314 = VERTEX_POINT('',#1315);
#1315 = CARTESIAN_POINT('',(-35.56,-14.075,9.1));
#1316 = CIRCLE('',#1317,1.375);
#1317 = AXIS2_PLACEMENT_3D('',#1318,#1319,#1320);
#1318 = CARTESIAN_POINT('',(-35.56,-12.7,9.1));
#1319 = DIRECTION('',(0.,0.,1.));
#1320 = DIRECTION('',(1.,0.,-0.));
#1321 = ORIENTED_EDGE('',*,*,#1322,.F.);
#1322 = EDGE_CURVE('',#1323,#1312,#1325,.T.);
#1323 = VERTEX_POINT('',#1324);
#1324 = CARTESIAN_POINT('',(-30.48,-11.325,9.1));
#1325 = LINE('',#1326,#1327);
#1326 = CARTESIAN_POINT('',(-38.33,-11.325,9.1));
#1327 = VECTOR('',#1328,1.);
#1328 = DIRECTION('',(-1.,-0.,0.));
#1329 = ORIENTED_EDGE('',*,*,#1330,.F.);
#1330 = EDGE_CURVE('',#1331,#1323,#1333,.T.);
#1331 = VERTEX_POINT('',#1332);
#1332 = CARTESIAN_POINT('',(-29.105,-12.7,9.1));
#1333 = CIRCLE('',#1334,1.375);
#1334 = AXIS2_PLACEMENT_3D('',#1335,#1336,#1337);
#1335 = CARTESIAN_POINT('',(-30.48,-12.7,9.1));
#1336 = DIRECTION('',(0.,0.,1.));
#1337 = DIRECTION('',(1.,0.,-0.));
#1338 = ORIENTED_EDGE('',*,*,#1339,.F.);
#1339 = EDGE_CURVE('',#1340,#1331,#1342,.T.);
#1340 = VERTEX_POINT('',#1341);
#1341 = CARTESIAN_POINT('',(-30.48,-14.075,9.1));
#1342 = CIRCLE('',#1343,1.375);
#1343 = AXIS2_PLACEMENT_3D('',#1344,#1345,#1346);
#1344 = CARTESIAN_POINT('',(-30.48,-12.7,9.1));
#1345 = DIRECTION('',(0.,0.,1.));
#1346 = DIRECTION('',(1.,0.,-0.));
#1347 = ORIENTED_EDGE('',*,*,#1348,.T.);
#1348 = EDGE_CURVE('',#1340,#1314,#1349,.T.);
#1349 = LINE('',#1350,#1351);
#1350 = CARTESIAN_POINT('',(-38.33,-14.075,9.1));
#1351 = VECTOR('',#1352,1.);
#1352 = DIRECTION('',(-1.,-0.,0.));
#1353 = FACE_BOUND('',#1354,.T.);
#1354 = EDGE_LOOP('',(#1355,#1366,#1374,#1383));
#1355 = ORIENTED_EDGE('',*,*,#1356,.F.);
#1356 = EDGE_CURVE('',#1357,#1359,#1361,.T.);
#1357 = VERTEX_POINT('',#1358);
#1358 = CARTESIAN_POINT('',(11.535,-17.78,9.1));
#1359 = VERTEX_POINT('',#1360);
#1360 = CARTESIAN_POINT('',(8.785,-17.78,9.1));
#1361 = CIRCLE('',#1362,1.375);
#1362 = AXIS2_PLACEMENT_3D('',#1363,#1364,#1365);
#1363 = CARTESIAN_POINT('',(10.16,-17.78,9.1));
#1364 = DIRECTION('',(0.,0.,1.));
#1365 = DIRECTION('',(1.,0.,-0.));
#1366 = ORIENTED_EDGE('',*,*,#1367,.F.);
#1367 = EDGE_CURVE('',#1368,#1357,#1370,.T.);
#1368 = VERTEX_POINT('',#1369);
#1369 = CARTESIAN_POINT('',(11.535,-22.86,9.1));
#1370 = LINE('',#1371,#1372);
#1371 = CARTESIAN_POINT('',(11.535,-28.17,9.1));
#1372 = VECTOR('',#1373,1.);
#1373 = DIRECTION('',(-0.,1.,0.));
#1374 = ORIENTED_EDGE('',*,*,#1375,.F.);
#1375 = EDGE_CURVE('',#1376,#1368,#1378,.T.);
#1376 = VERTEX_POINT('',#1377);
#1377 = CARTESIAN_POINT('',(8.785,-22.86,9.1));
#1378 = CIRCLE('',#1379,1.375);
#1379 = AXIS2_PLACEMENT_3D('',#1380,#1381,#1382);
#1380 = CARTESIAN_POINT('',(10.16,-22.86,9.1));
#1381 = DIRECTION('',(0.,0.,1.));
#1382 = DIRECTION('',(1.,0.,-0.));
#1383 = ORIENTED_EDGE('',*,*,#1384,.T.);
#1384 = EDGE_CURVE('',#1376,#1359,#1385,.T.);
#1385 = LINE('',#1386,#1387);
#1386 = CARTESIAN_POINT('',(8.785,-28.17,9.1));
#1387 = VECTOR('',#1388,1.);
#1388 = DIRECTION('',(-0.,1.,0.));
#1389 = FACE_BOUND('',#1390,.T.);
#1390 = EDGE_LOOP('',(#1391,#1402,#1410,#1419));
#1391 = ORIENTED_EDGE('',*,*,#1392,.F.);
#1392 = EDGE_CURVE('',#1393,#1395,#1397,.T.);
#1393 = VERTEX_POINT('',#1394);
#1394 = CARTESIAN_POINT('',(-24.025,-7.62,9.1));
#1395 = VERTEX_POINT('',#1396);
#1396 = CARTESIAN_POINT('',(-26.775,-7.62,9.1));
#1397 = CIRCLE('',#1398,1.375);
#1398 = AXIS2_PLACEMENT_3D('',#1399,#1400,#1401);
#1399 = CARTESIAN_POINT('',(-25.4,-7.62,9.1));
#1400 = DIRECTION('',(0.,0.,1.));
#1401 = DIRECTION('',(1.,0.,-0.));
#1402 = ORIENTED_EDGE('',*,*,#1403,.F.);
#1403 = EDGE_CURVE('',#1404,#1393,#1406,.T.);
#1404 = VERTEX_POINT('',#1405);
#1405 = CARTESIAN_POINT('',(-24.025,-12.7,9.1));
#1406 = LINE('',#1407,#1408);
#1407 = CARTESIAN_POINT('',(-24.025,-23.09,9.1));
#1408 = VECTOR('',#1409,1.);
#1409 = DIRECTION('',(-0.,1.,0.));
#1410 = ORIENTED_EDGE('',*,*,#1411,.F.);
#1411 = EDGE_CURVE('',#1412,#1404,#1414,.T.);
#1412 = VERTEX_POINT('',#1413);
#1413 = CARTESIAN_POINT('',(-26.775,-12.7,9.1));
#1414 = CIRCLE('',#1415,1.375);
#1415 = AXIS2_PLACEMENT_3D('',#1416,#1417,#1418);
#1416 = CARTESIAN_POINT('',(-25.4,-12.7,9.1));
#1417 = DIRECTION('',(0.,0.,1.));
#1418 = DIRECTION('',(1.,0.,-0.));
#1419 = ORIENTED_EDGE('',*,*,#1420,.T.);
#1420 = EDGE_CURVE('',#1412,#1395,#1421,.T.);
#1421 = LINE('',#1422,#1423);
#1422 = CARTESIAN_POINT('',(-26.775,-23.09,9.1));
#1423 = VECTOR('',#1424,1.);
#1424 = DIRECTION('',(-0.,1.,0.));
#1425 = FACE_BOUND('',#1426,.T.);
#1426 = EDGE_LOOP('',(#1427,#1438,#1446,#1455));
#1427 = ORIENTED_EDGE('',*,*,#1428,.F.);
#1428 = EDGE_CURVE('',#1429,#1431,#1433,.T.);
#1429 = VERTEX_POINT('',#1430);
#1430 = CARTESIAN_POINT('',(21.695,-22.86,9.1));
#1431 = VERTEX_POINT('',#1432);
#1432 = CARTESIAN_POINT('',(18.945,-22.86,9.1));
#1433 = CIRCLE('',#1434,1.375);
#1434 = AXIS2_PLACEMENT_3D('',#1435,#1436,#1437);
#1435 = CARTESIAN_POINT('',(20.32,-22.86,9.1));
#1436 = DIRECTION('',(0.,0.,1.));
#1437 = DIRECTION('',(1.,0.,-0.));
#1438 = ORIENTED_EDGE('',*,*,#1439,.F.);
#1439 = EDGE_CURVE('',#1440,#1429,#1442,.T.);
#1440 = VERTEX_POINT('',#1441);
#1441 = CARTESIAN_POINT('',(21.695,-27.94,9.1));
#1442 = LINE('',#1443,#1444);
#1443 = CARTESIAN_POINT('',(21.695,-30.71,9.1));
#1444 = VECTOR('',#1445,1.);
#1445 = DIRECTION('',(-0.,1.,0.));
#1446 = ORIENTED_EDGE('',*,*,#1447,.F.);
#1447 = EDGE_CURVE('',#1448,#1440,#1450,.T.);
#1448 = VERTEX_POINT('',#1449);
#1449 = CARTESIAN_POINT('',(18.945,-27.94,9.1));
#1450 = CIRCLE('',#1451,1.375);
#1451 = AXIS2_PLACEMENT_3D('',#1452,#1453,#1454);
#1452 = CARTESIAN_POINT('',(20.32,-27.94,9.1));
#1453 = DIRECTION('',(0.,0.,1.));
#1454 = DIRECTION('',(1.,0.,-0.));
#1455 = ORIENTED_EDGE('',*,*,#1456,.T.);
#1456 = EDGE_CURVE('',#1448,#1431,#1457,.T.);
#1457 = LINE('',#1458,#1459);
#1458 = CARTESIAN_POINT('',(18.945,-30.71,9.1));
#1459 = VECTOR('',#1460,1.);
#1460 = DIRECTION('',(-0.,1.,0.));
#1461 = FACE_BOUND('',#1462,.T.);
#1462 = EDGE_LOOP('',(#1463,#1474,#1482,#1491,#1500));
#1463 = ORIENTED_EDGE('',*,*,#1464,.F.);
#1464 = EDGE_CURVE('',#1465,#1467,#1469,.T.);
#1465 = VERTEX_POINT('',#1466);
#1466 = CARTESIAN_POINT('',(-35.56,3.915,9.1));
#1467 = VERTEX_POINT('',#1468);
#1468 = CARTESIAN_POINT('',(-35.56,1.165,9.1));
#1469 = CIRCLE('',#1470,1.375);
#1470 = AXIS2_PLACEMENT_3D('',#1471,#1472,#1473);
#1471 = CARTESIAN_POINT('',(-35.56,2.54,9.1));
#1472 = DIRECTION('',(0.,0.,1.));
#1473 = DIRECTION('',(1.,0.,-0.));
#1474 = ORIENTED_EDGE('',*,*,#1475,.F.);
#1475 = EDGE_CURVE('',#1476,#1465,#1478,.T.);
#1476 = VERTEX_POINT('',#1477);
#1477 = CARTESIAN_POINT('',(-30.48,3.915,9.1));
#1478 = LINE('',#1479,#1480);
#1479 = CARTESIAN_POINT('',(-38.33,3.915,9.1));
#1480 = VECTOR('',#1481,1.);
#1481 = DIRECTION('',(-1.,-0.,0.));
#1482 = ORIENTED_EDGE('',*,*,#1483,.F.);
#1483 = EDGE_CURVE('',#1484,#1476,#1486,.T.);
#1484 = VERTEX_POINT('',#1485);
#1485 = CARTESIAN_POINT('',(-29.105,2.54,9.1));
#1486 = CIRCLE('',#1487,1.375);
#1487 = AXIS2_PLACEMENT_3D('',#1488,#1489,#1490);
#1488 = CARTESIAN_POINT('',(-30.48,2.54,9.1));
#1489 = DIRECTION('',(0.,0.,1.));
#1490 = DIRECTION('',(1.,0.,-0.));
#1491 = ORIENTED_EDGE('',*,*,#1492,.F.);
#1492 = EDGE_CURVE('',#1493,#1484,#1495,.T.);
#1493 = VERTEX_POINT('',#1494);
#1494 = CARTESIAN_POINT('',(-30.48,1.165,9.1));
#1495 = CIRCLE('',#1496,1.375);
#1496 = AXIS2_PLACEMENT_3D('',#1497,#1498,#1499);
#1497 = CARTESIAN_POINT('',(-30.48,2.54,9.1));
#1498 = DIRECTION('',(0.,0.,1.));
#1499 = DIRECTION('',(1.,0.,-0.));
#1500 = ORIENTED_EDGE('',*,*,#1501,.T.);
#1501 = EDGE_CURVE('',#1493,#1467,#1502,.T.);
#1502 = LINE('',#1503,#1504);
#1503 = CARTESIAN_POINT('',(-38.33,1.165,9.1));
#1504 = VECTOR('',#1505,1.);
#1505 = DIRECTION('',(-1.,-0.,0.));
#1506 = FACE_BOUND('',#1507,.T.);
#1507 = EDGE_LOOP('',(#1508,#1519,#1527,#1536,#1545));
#1508 = ORIENTED_EDGE('',*,*,#1509,.F.);
#1509 = EDGE_CURVE('',#1510,#1512,#1514,.T.);
#1510 = VERTEX_POINT('',#1511);
#1511 = CARTESIAN_POINT('',(-15.24,14.075,9.1));
#1512 = VERTEX_POINT('',#1513);
#1513 = CARTESIAN_POINT('',(-15.24,11.325,9.1));
#1514 = CIRCLE('',#1515,1.375);
#1515 = AXIS2_PLACEMENT_3D('',#1516,#1517,#1518);
#1516 = CARTESIAN_POINT('',(-15.24,12.7,9.1));
#1517 = DIRECTION('',(0.,0.,1.));
#1518 = DIRECTION('',(1.,0.,-0.));
#1519 = ORIENTED_EDGE('',*,*,#1520,.F.);
#1520 = EDGE_CURVE('',#1521,#1510,#1523,.T.);
#1521 = VERTEX_POINT('',#1522);
#1522 = CARTESIAN_POINT('',(-10.16,14.075,9.1));
#1523 = LINE('',#1524,#1525);
#1524 = CARTESIAN_POINT('',(-28.17,14.075,9.1));
#1525 = VECTOR('',#1526,1.);
#1526 = DIRECTION('',(-1.,-0.,0.));
#1527 = ORIENTED_EDGE('',*,*,#1528,.F.);
#1528 = EDGE_CURVE('',#1529,#1521,#1531,.T.);
#1529 = VERTEX_POINT('',#1530);
#1530 = CARTESIAN_POINT('',(-8.785,12.7,9.1));
#1531 = CIRCLE('',#1532,1.375);
#1532 = AXIS2_PLACEMENT_3D('',#1533,#1534,#1535);
#1533 = CARTESIAN_POINT('',(-10.16,12.7,9.1));
#1534 = DIRECTION('',(0.,0.,1.));
#1535 = DIRECTION('',(1.,0.,-0.));
#1536 = ORIENTED_EDGE('',*,*,#1537,.F.);
#1537 = EDGE_CURVE('',#1538,#1529,#1540,.T.);
#1538 = VERTEX_POINT('',#1539);
#1539 = CARTESIAN_POINT('',(-10.16,11.325,9.1));
#1540 = CIRCLE('',#1541,1.375);
#1541 = AXIS2_PLACEMENT_3D('',#1542,#1543,#1544);
#1542 = CARTESIAN_POINT('',(-10.16,12.7,9.1));
#1543 = DIRECTION('',(0.,0.,1.));
#1544 = DIRECTION('',(1.,0.,-0.));
#1545 = ORIENTED_EDGE('',*,*,#1546,.T.);
#1546 = EDGE_CURVE('',#1538,#1512,#1547,.T.);
#1547 = LINE('',#1548,#1549);
#1548 = CARTESIAN_POINT('',(-28.17,11.325,9.1));
#1549 = VECTOR('',#1550,1.);
#1550 = DIRECTION('',(-1.,-0.,0.));
#1551 = FACE_BOUND('',#1552,.T.);
#1552 = EDGE_LOOP('',(#1553,#1564,#1572,#1581));
#1553 = ORIENTED_EDGE('',*,*,#1554,.F.);
#1554 = EDGE_CURVE('',#1555,#1557,#1559,.T.);
#1555 = VERTEX_POINT('',#1556);
#1556 = CARTESIAN_POINT('',(36.935,-22.86,9.1));
#1557 = VERTEX_POINT('',#1558);
#1558 = CARTESIAN_POINT('',(34.185,-22.86,9.1));
#1559 = CIRCLE('',#1560,1.375);
#1560 = AXIS2_PLACEMENT_3D('',#1561,#1562,#1563);
#1561 = CARTESIAN_POINT('',(35.56,-22.86,9.1));
#1562 = DIRECTION('',(0.,0.,1.));
#1563 = DIRECTION('',(1.,0.,-0.));
#1564 = ORIENTED_EDGE('',*,*,#1565,.F.);
#1565 = EDGE_CURVE('',#1566,#1555,#1568,.T.);
#1566 = VERTEX_POINT('',#1567);
#1567 = CARTESIAN_POINT('',(36.935,-27.94,9.1));
#1568 = LINE('',#1569,#1570);
#1569 = CARTESIAN_POINT('',(36.935,-30.71,9.1));
#1570 = VECTOR('',#1571,1.);
#1571 = DIRECTION('',(-0.,1.,0.));
#1572 = ORIENTED_EDGE('',*,*,#1573,.F.);
#1573 = EDGE_CURVE('',#1574,#1566,#1576,.T.);
#1574 = VERTEX_POINT('',#1575);
#1575 = CARTESIAN_POINT('',(34.185,-27.94,9.1));
#1576 = CIRCLE('',#1577,1.375);
#1577 = AXIS2_PLACEMENT_3D('',#1578,#1579,#1580);
#1578 = CARTESIAN_POINT('',(35.56,-27.94,9.1));
#1579 = DIRECTION('',(0.,0.,1.));
#1580 = DIRECTION('',(1.,0.,-0.));
#1581 = ORIENTED_EDGE('',*,*,#1582,.T.);
#1582 = EDGE_CURVE('',#1574,#1557,#1583,.T.);
#1583 = LINE('',#1584,#1585);
#1584 = CARTESIAN_POINT('',(34.185,-30.71,9.1));
#1585 = VECTOR('',#1586,1.);
#1586 = DIRECTION('',(-0.,1.,0.));
#1587 = FACE_BOUND('',#1588,.T.);
#1588 = EDGE_LOOP('',(#1589,#1600,#1608,#1617));
#1589 = ORIENTED_EDGE('',*,*,#1590,.F.);
#1590 = EDGE_CURVE('',#1591,#1593,#1595,.T.);
#1591 = VERTEX_POINT('',#1592);
#1592 = CARTESIAN_POINT('',(-8.785,-7.62,9.1));
#1593 = VERTEX_POINT('',#1594);
#1594 = CARTESIAN_POINT('',(-11.535,-7.62,9.1));
#1595 = CIRCLE('',#1596,1.375);
#1596 = AXIS2_PLACEMENT_3D('',#1597,#1598,#1599);
#1597 = CARTESIAN_POINT('',(-10.16,-7.62,9.1));
#1598 = DIRECTION('',(0.,0.,1.));
#1599 = DIRECTION('',(1.,0.,-0.));
#1600 = ORIENTED_EDGE('',*,*,#1601,.F.);
#1601 = EDGE_CURVE('',#1602,#1591,#1604,.T.);
#1602 = VERTEX_POINT('',#1603);
#1603 = CARTESIAN_POINT('',(-8.785,-12.7,9.1));
#1604 = LINE('',#1605,#1606);
#1605 = CARTESIAN_POINT('',(-8.785,-23.09,9.1));
#1606 = VECTOR('',#1607,1.);
#1607 = DIRECTION('',(-0.,1.,0.));
#1608 = ORIENTED_EDGE('',*,*,#1609,.F.);
#1609 = EDGE_CURVE('',#1610,#1602,#1612,.T.);
#1610 = VERTEX_POINT('',#1611);
#1611 = CARTESIAN_POINT('',(-11.535,-12.7,9.1));
#1612 = CIRCLE('',#1613,1.375);
#1613 = AXIS2_PLACEMENT_3D('',#1614,#1615,#1616);
#1614 = CARTESIAN_POINT('',(-10.16,-12.7,9.1));
#1615 = DIRECTION('',(0.,0.,1.));
#1616 = DIRECTION('',(1.,0.,-0.));
#1617 = ORIENTED_EDGE('',*,*,#1618,.T.);
#1618 = EDGE_CURVE('',#1610,#1593,#1619,.T.);
#1619 = LINE('',#1620,#1621);
#1620 = CARTESIAN_POINT('',(-11.535,-23.09,9.1));
#1621 = VECTOR('',#1622,1.);
#1622 = DIRECTION('',(-0.,1.,0.));
#1623 = FACE_BOUND('',#1624,.T.);
#1624 = EDGE_LOOP('',(#1625,#1636,#1644,#1653,#1662));
#1625 = ORIENTED_EDGE('',*,*,#1626,.F.);
#1626 = EDGE_CURVE('',#1627,#1629,#1631,.T.);
#1627 = VERTEX_POINT('',#1628);
#1628 = CARTESIAN_POINT('',(-15.24,29.315,9.1));
#1629 = VERTEX_POINT('',#1630);
#1630 = CARTESIAN_POINT('',(-15.24,26.565,9.1));
#1631 = CIRCLE('',#1632,1.375);
#1632 = AXIS2_PLACEMENT_3D('',#1633,#1634,#1635);
#1633 = CARTESIAN_POINT('',(-15.24,27.94,9.1));
#1634 = DIRECTION('',(0.,0.,1.));
#1635 = DIRECTION('',(1.,0.,-0.));
#1636 = ORIENTED_EDGE('',*,*,#1637,.F.);
#1637 = EDGE_CURVE('',#1638,#1627,#1640,.T.);
#1638 = VERTEX_POINT('',#1639);
#1639 = CARTESIAN_POINT('',(-10.16,29.315,9.1));
#1640 = LINE('',#1641,#1642);
#1641 = CARTESIAN_POINT('',(-28.17,29.315,9.1));
#1642 = VECTOR('',#1643,1.);
#1643 = DIRECTION('',(-1.,-0.,0.));
#1644 = ORIENTED_EDGE('',*,*,#1645,.F.);
#1645 = EDGE_CURVE('',#1646,#1638,#1648,.T.);
#1646 = VERTEX_POINT('',#1647);
#1647 = CARTESIAN_POINT('',(-8.785,27.94,9.1));
#1648 = CIRCLE('',#1649,1.375);
#1649 = AXIS2_PLACEMENT_3D('',#1650,#1651,#1652);
#1650 = CARTESIAN_POINT('',(-10.16,27.94,9.1));
#1651 = DIRECTION('',(0.,0.,1.));
#1652 = DIRECTION('',(1.,0.,-0.));
#1653 = ORIENTED_EDGE('',*,*,#1654,.F.);
#1654 = EDGE_CURVE('',#1655,#1646,#1657,.T.);
#1655 = VERTEX_POINT('',#1656);
#1656 = CARTESIAN_POINT('',(-10.16,26.565,9.1));
#1657 = CIRCLE('',#1658,1.375);
#1658 = AXIS2_PLACEMENT_3D('',#1659,#1660,#1661);
#1659 = CARTESIAN_POINT('',(-10.16,27.94,9.1));
#1660 = DIRECTION('',(0.,0.,1.));
#1661 = DIRECTION('',(1.,0.,-0.));
#1662 = ORIENTED_EDGE('',*,*,#1663,.T.);
#1663 = EDGE_CURVE('',#1655,#1629,#1664,.T.);
#1664 = LINE('',#1665,#1666);
#1665 = CARTESIAN_POINT('',(-28.17,26.565,9.1));
#1666 = VECTOR('',#1667,1.);
#1667 = DIRECTION('',(-1.,-0.,0.));
#1668 = FACE_BOUND('',#1669,.T.);
#1669 = EDGE_LOOP('',(#1670,#1681,#1689,#1698));
#1670 = ORIENTED_EDGE('',*,*,#1671,.F.);
#1671 = EDGE_CURVE('',#1672,#1674,#1676,.T.);
#1672 = VERTEX_POINT('',#1673);
#1673 = CARTESIAN_POINT('',(26.775,12.7,9.1));
#1674 = VERTEX_POINT('',#1675);
#1675 = CARTESIAN_POINT('',(24.025,12.7,9.1));
#1676 = CIRCLE('',#1677,1.375);
#1677 = AXIS2_PLACEMENT_3D('',#1678,#1679,#1680);
#1678 = CARTESIAN_POINT('',(25.4,12.7,9.1));
#1679 = DIRECTION('',(0.,0.,1.));
#1680 = DIRECTION('',(1.,0.,-0.));
#1681 = ORIENTED_EDGE('',*,*,#1682,.F.);
#1682 = EDGE_CURVE('',#1683,#1672,#1685,.T.);
#1683 = VERTEX_POINT('',#1684);
#1684 = CARTESIAN_POINT('',(26.775,7.62,9.1));
#1685 = LINE('',#1686,#1687);
#1686 = CARTESIAN_POINT('',(26.775,-12.93,9.1));
#1687 = VECTOR('',#1688,1.);
#1688 = DIRECTION('',(-0.,1.,0.));
#1689 = ORIENTED_EDGE('',*,*,#1690,.F.);
#1690 = EDGE_CURVE('',#1691,#1683,#1693,.T.);
#1691 = VERTEX_POINT('',#1692);
#1692 = CARTESIAN_POINT('',(24.025,7.62,9.1));
#1693 = CIRCLE('',#1694,1.375);
#1694 = AXIS2_PLACEMENT_3D('',#1695,#1696,#1697);
#1695 = CARTESIAN_POINT('',(25.4,7.62,9.1));
#1696 = DIRECTION('',(0.,0.,1.));
#1697 = DIRECTION('',(1.,0.,-0.));
#1698 = ORIENTED_EDGE('',*,*,#1699,.T.);
#1699 = EDGE_CURVE('',#1691,#1674,#1700,.T.);
#1700 = LINE('',#1701,#1702);
#1701 = CARTESIAN_POINT('',(24.025,-12.93,9.1));
#1702 = VECTOR('',#1703,1.);
#1703 = DIRECTION('',(-0.,1.,0.));
#1704 = FACE_BOUND('',#1705,.T.);
#1705 = EDGE_LOOP('',(#1706,#1717,#1725,#1734));
#1706 = ORIENTED_EDGE('',*,*,#1707,.F.);
#1707 = EDGE_CURVE('',#1708,#1710,#1712,.T.);
#1708 = VERTEX_POINT('',#1709);
#1709 = CARTESIAN_POINT('',(26.775,-2.54,9.1));
#1710 = VERTEX_POINT('',#1711);
#1711 = CARTESIAN_POINT('',(24.025,-2.54,9.1));
#1712 = CIRCLE('',#1713,1.375);
#1713 = AXIS2_PLACEMENT_3D('',#1714,#1715,#1716);
#1714 = CARTESIAN_POINT('',(25.4,-2.54,9.1));
#1715 = DIRECTION('',(0.,0.,1.));
#1716 = DIRECTION('',(1.,0.,-0.));
#1717 = ORIENTED_EDGE('',*,*,#1718,.F.);
#1718 = EDGE_CURVE('',#1719,#1708,#1721,.T.);
#1719 = VERTEX_POINT('',#1720);
#1720 = CARTESIAN_POINT('',(26.775,-7.62,9.1));
#1721 = LINE('',#1722,#1723);
#1722 = CARTESIAN_POINT('',(26.775,-20.55,9.1));
#1723 = VECTOR('',#1724,1.);
#1724 = DIRECTION('',(-0.,1.,0.));
#1725 = ORIENTED_EDGE('',*,*,#1726,.F.);
#1726 = EDGE_CURVE('',#1727,#1719,#1729,.T.);
#1727 = VERTEX_POINT('',#1728);
#1728 = CARTESIAN_POINT('',(24.025,-7.62,9.1));
#1729 = CIRCLE('',#1730,1.375);
#1730 = AXIS2_PLACEMENT_3D('',#1731,#1732,#1733);
#1731 = CARTESIAN_POINT('',(25.4,-7.62,9.1));
#1732 = DIRECTION('',(0.,0.,1.));
#1733 = DIRECTION('',(1.,0.,-0.));
#1734 = ORIENTED_EDGE('',*,*,#1735,.T.);
#1735 = EDGE_CURVE('',#1727,#1710,#1736,.T.);
#1736 = LINE('',#1737,#1738);
#1737 = CARTESIAN_POINT('',(24.025,-20.55,9.1));
#1738 = VECTOR('',#1739,1.);
#1739 = DIRECTION('',(-0.,1.,0.));
#1740 = FACE_BOUND('',#1741,.T.);
#1741 = EDGE_LOOP('',(#1742,#1753,#1761,#1770,#1779));
#1742 = ORIENTED_EDGE('',*,*,#1743,.F.);
#1743 = EDGE_CURVE('',#1744,#1746,#1748,.T.);
#1744 = VERTEX_POINT('',#1745);
#1745 = CARTESIAN_POINT('',(-20.32,-11.325,9.1));
#1746 = VERTEX_POINT('',#1747);
#1747 = CARTESIAN_POINT('',(-20.32,-14.075,9.1));
#1748 = CIRCLE('',#1749,1.375);
#1749 = AXIS2_PLACEMENT_3D('',#1750,#1751,#1752);
#1750 = CARTESIAN_POINT('',(-20.32,-12.7,9.1));
#1751 = DIRECTION('',(0.,0.,1.));
#1752 = DIRECTION('',(1.,0.,-0.));
#1753 = ORIENTED_EDGE('',*,*,#1754,.F.);
#1754 = EDGE_CURVE('',#1755,#1744,#1757,.T.);
#1755 = VERTEX_POINT('',#1756);
#1756 = CARTESIAN_POINT('',(-15.24,-11.325,9.1));
#1757 = LINE('',#1758,#1759);
#1758 = CARTESIAN_POINT('',(-30.71,-11.325,9.1));
#1759 = VECTOR('',#1760,1.);
#1760 = DIRECTION('',(-1.,-0.,0.));
#1761 = ORIENTED_EDGE('',*,*,#1762,.F.);
#1762 = EDGE_CURVE('',#1763,#1755,#1765,.T.);
#1763 = VERTEX_POINT('',#1764);
#1764 = CARTESIAN_POINT('',(-13.865,-12.7,9.1));
#1765 = CIRCLE('',#1766,1.375);
#1766 = AXIS2_PLACEMENT_3D('',#1767,#1768,#1769);
#1767 = CARTESIAN_POINT('',(-15.24,-12.7,9.1));
#1768 = DIRECTION('',(0.,0.,1.));
#1769 = DIRECTION('',(1.,0.,-0.));
#1770 = ORIENTED_EDGE('',*,*,#1771,.F.);
#1771 = EDGE_CURVE('',#1772,#1763,#1774,.T.);
#1772 = VERTEX_POINT('',#1773);
#1773 = CARTESIAN_POINT('',(-15.24,-14.075,9.1));
#1774 = CIRCLE('',#1775,1.375);
#1775 = AXIS2_PLACEMENT_3D('',#1776,#1777,#1778);
#1776 = CARTESIAN_POINT('',(-15.24,-12.7,9.1));
#1777 = DIRECTION('',(0.,0.,1.));
#1778 = DIRECTION('',(1.,0.,-0.));
#1779 = ORIENTED_EDGE('',*,*,#1780,.T.);
#1780 = EDGE_CURVE('',#1772,#1746,#1781,.T.);
#1781 = LINE('',#1782,#1783);
#1782 = CARTESIAN_POINT('',(-30.71,-14.075,9.1));
#1783 = VECTOR('',#1784,1.);
#1784 = DIRECTION('',(-1.,-0.,0.));
#1785 = FACE_BOUND('',#1786,.T.);
#1786 = EDGE_LOOP('',(#1787,#1798,#1806,#1815,#1824));
#1787 = ORIENTED_EDGE('',*,*,#1788,.F.);
#1788 = EDGE_CURVE('',#1789,#1791,#1793,.T.);
#1789 = VERTEX_POINT('',#1790);
#1790 = CARTESIAN_POINT('',(-30.48,-16.405,9.1));
#1791 = VERTEX_POINT('',#1792);
#1792 = CARTESIAN_POINT('',(-30.48,-19.155,9.1));
#1793 = CIRCLE('',#1794,1.375);
#1794 = AXIS2_PLACEMENT_3D('',#1795,#1796,#1797);
#1795 = CARTESIAN_POINT('',(-30.48,-17.78,9.1));
#1796 = DIRECTION('',(0.,0.,1.));
#1797 = DIRECTION('',(1.,0.,-0.));
#1798 = ORIENTED_EDGE('',*,*,#1799,.F.);
#1799 = EDGE_CURVE('',#1800,#1789,#1802,.T.);
#1800 = VERTEX_POINT('',#1801);
#1801 = CARTESIAN_POINT('',(-25.4,-16.405,9.1));
#1802 = LINE('',#1803,#1804);
#1803 = CARTESIAN_POINT('',(-35.79,-16.405,9.1));
#1804 = VECTOR('',#1805,1.);
#1805 = DIRECTION('',(-1.,-0.,0.));
#1806 = ORIENTED_EDGE('',*,*,#1807,.F.);
#1807 = EDGE_CURVE('',#1808,#1800,#1810,.T.);
#1808 = VERTEX_POINT('',#1809);
#1809 = CARTESIAN_POINT('',(-24.025,-17.78,9.1));
#1810 = CIRCLE('',#1811,1.375);
#1811 = AXIS2_PLACEMENT_3D('',#1812,#1813,#1814);
#1812 = CARTESIAN_POINT('',(-25.4,-17.78,9.1));
#1813 = DIRECTION('',(0.,0.,1.));
#1814 = DIRECTION('',(1.,0.,-0.));
#1815 = ORIENTED_EDGE('',*,*,#1816,.F.);
#1816 = EDGE_CURVE('',#1817,#1808,#1819,.T.);
#1817 = VERTEX_POINT('',#1818);
#1818 = CARTESIAN_POINT('',(-25.4,-19.155,9.1));
#1819 = CIRCLE('',#1820,1.375);
#1820 = AXIS2_PLACEMENT_3D('',#1821,#1822,#1823);
#1821 = CARTESIAN_POINT('',(-25.4,-17.78,9.1));
#1822 = DIRECTION('',(0.,0.,1.));
#1823 = DIRECTION('',(1.,0.,-0.));
#1824 = ORIENTED_EDGE('',*,*,#1825,.T.);
#1825 = EDGE_CURVE('',#1817,#1791,#1826,.T.);
#1826 = LINE('',#1827,#1828);
#1827 = CARTESIAN_POINT('',(-35.79,-19.155,9.1));
#1828 = VECTOR('',#1829,1.);
#1829 = DIRECTION('',(-1.,-0.,0.));
#1830 = FACE_BOUND('',#1831,.T.);
#1831 = EDGE_LOOP('',(#1832,#1843,#1851,#1860,#1869));
#1832 = ORIENTED_EDGE('',*,*,#1833,.F.);
#1833 = EDGE_CURVE('',#1834,#1836,#1838,.T.);
#1834 = VERTEX_POINT('',#1835);
#1835 = CARTESIAN_POINT('',(-20.32,-26.565,9.1));
#1836 = VERTEX_POINT('',#1837);
#1837 = CARTESIAN_POINT('',(-20.32,-29.315,9.1));
#1838 = CIRCLE('',#1839,1.375);
#1839 = AXIS2_PLACEMENT_3D('',#1840,#1841,#1842);
#1840 = CARTESIAN_POINT('',(-20.32,-27.94,9.1));
#1841 = DIRECTION('',(0.,0.,1.));
#1842 = DIRECTION('',(1.,0.,-0.));
#1843 = ORIENTED_EDGE('',*,*,#1844,.F.);
#1844 = EDGE_CURVE('',#1845,#1834,#1847,.T.);
#1845 = VERTEX_POINT('',#1846);
#1846 = CARTESIAN_POINT('',(-15.24,-26.565,9.1));
#1847 = LINE('',#1848,#1849);
#1848 = CARTESIAN_POINT('',(-30.71,-26.565,9.1));
#1849 = VECTOR('',#1850,1.);
#1850 = DIRECTION('',(-1.,-0.,0.));
#1851 = ORIENTED_EDGE('',*,*,#1852,.F.);
#1852 = EDGE_CURVE('',#1853,#1845,#1855,.T.);
#1853 = VERTEX_POINT('',#1854);
#1854 = CARTESIAN_POINT('',(-13.865,-27.94,9.1));
#1855 = CIRCLE('',#1856,1.375);
#1856 = AXIS2_PLACEMENT_3D('',#1857,#1858,#1859);
#1857 = CARTESIAN_POINT('',(-15.24,-27.94,9.1));
#1858 = DIRECTION('',(0.,0.,1.));
#1859 = DIRECTION('',(1.,0.,-0.));
#1860 = ORIENTED_EDGE('',*,*,#1861,.F.);
#1861 = EDGE_CURVE('',#1862,#1853,#1864,.T.);
#1862 = VERTEX_POINT('',#1863);
#1863 = CARTESIAN_POINT('',(-15.24,-29.315,9.1));
#1864 = CIRCLE('',#1865,1.375);
#1865 = AXIS2_PLACEMENT_3D('',#1866,#1867,#1868);
#1866 = CARTESIAN_POINT('',(-15.24,-27.94,9.1));
#1867 = DIRECTION('',(0.,0.,1.));
#1868 = DIRECTION('',(1.,0.,-0.));
#1869 = ORIENTED_EDGE('',*,*,#1870,.T.);
#1870 = EDGE_CURVE('',#1862,#1836,#1871,.T.);
#1871 = LINE('',#1872,#1873);
#1872 = CARTESIAN_POINT('',(-30.71,-29.315,9.1));
#1873 = VECTOR('',#1874,1.);
#1874 = DIRECTION('',(-1.,-0.,0.));
#1875 = FACE_BOUND('',#1876,.T.);
#1876 = EDGE_LOOP('',(#1877,#1888,#1896,#1905,#1914));
#1877 = ORIENTED_EDGE('',*,*,#1878,.F.);
#1878 = EDGE_CURVE('',#1879,#1881,#1883,.T.);
#1879 = VERTEX_POINT('',#1880);
#1880 = CARTESIAN_POINT('',(-5.08,19.155,9.1));
#1881 = VERTEX_POINT('',#1882);
#1882 = CARTESIAN_POINT('',(-5.08,16.405,9.1));
#1883 = CIRCLE('',#1884,1.375);
#1884 = AXIS2_PLACEMENT_3D('',#1885,#1886,#1887);
#1885 = CARTESIAN_POINT('',(-5.08,17.78,9.1));
#1886 = DIRECTION('',(0.,0.,1.));
#1887 = DIRECTION('',(1.,0.,-0.));
#1888 = ORIENTED_EDGE('',*,*,#1889,.F.);
#1889 = EDGE_CURVE('',#1890,#1879,#1892,.T.);
#1890 = VERTEX_POINT('',#1891);
#1891 = CARTESIAN_POINT('',(7.105427357601E-15,19.155,9.1));
#1892 = LINE('',#1893,#1894);
#1893 = CARTESIAN_POINT('',(-23.09,19.155,9.1));
#1894 = VECTOR('',#1895,1.);
#1895 = DIRECTION('',(-1.,-0.,0.));
#1896 = ORIENTED_EDGE('',*,*,#1897,.F.);
#1897 = EDGE_CURVE('',#1898,#1890,#1900,.T.);
#1898 = VERTEX_POINT('',#1899);
#1899 = CARTESIAN_POINT('',(1.375,17.78,9.1));
#1900 = CIRCLE('',#1901,1.375);
#1901 = AXIS2_PLACEMENT_3D('',#1902,#1903,#1904);
#1902 = CARTESIAN_POINT('',(7.105427357601E-15,17.78,9.1));
#1903 = DIRECTION('',(0.,0.,1.));
#1904 = DIRECTION('',(1.,0.,-0.));
#1905 = ORIENTED_EDGE('',*,*,#1906,.F.);
#1906 = EDGE_CURVE('',#1907,#1898,#1909,.T.);
#1907 = VERTEX_POINT('',#1908);
#1908 = CARTESIAN_POINT('',(7.105427357601E-15,16.405,9.1));
#1909 = CIRCLE('',#1910,1.375);
#1910 = AXIS2_PLACEMENT_3D('',#1911,#1912,#1913);
#1911 = CARTESIAN_POINT('',(7.105427357601E-15,17.78,9.1));
#1912 = DIRECTION('',(0.,0.,1.));
#1913 = DIRECTION('',(1.,0.,-0.));
#1914 = ORIENTED_EDGE('',*,*,#1915,.T.);
#1915 = EDGE_CURVE('',#1907,#1881,#1916,.T.);
#1916 = LINE('',#1917,#1918);
#1917 = CARTESIAN_POINT('',(-23.09,16.405,9.1));
#1918 = VECTOR('',#1919,1.);
#1919 = DIRECTION('',(-1.,-0.,0.));
#1920 = FACE_BOUND('',#1921,.T.);
#1921 = EDGE_LOOP('',(#1922,#1933,#1941,#1950,#1959));
#1922 = ORIENTED_EDGE('',*,*,#1923,.F.);
#1923 = EDGE_CURVE('',#1924,#1926,#1928,.T.);
#1924 = VERTEX_POINT('',#1925);
#1925 = CARTESIAN_POINT('',(-5.08,-26.565,9.1));
#1926 = VERTEX_POINT('',#1927);
#1927 = CARTESIAN_POINT('',(-5.08,-29.315,9.1));
#1928 = CIRCLE('',#1929,1.375);
#1929 = AXIS2_PLACEMENT_3D('',#1930,#1931,#1932);
#1930 = CARTESIAN_POINT('',(-5.08,-27.94,9.1));
#1931 = DIRECTION('',(0.,0.,1.));
#1932 = DIRECTION('',(1.,0.,-0.));
#1933 = ORIENTED_EDGE('',*,*,#1934,.F.);
#1934 = EDGE_CURVE('',#1935,#1924,#1937,.T.);
#1935 = VERTEX_POINT('',#1936);
#1936 = CARTESIAN_POINT('',(7.105427357601E-15,-26.565,9.1));
#1937 = LINE('',#1938,#1939);
#1938 = CARTESIAN_POINT('',(-23.09,-26.565,9.1));
#1939 = VECTOR('',#1940,1.);
#1940 = DIRECTION('',(-1.,-0.,0.));
#1941 = ORIENTED_EDGE('',*,*,#1942,.F.);
#1942 = EDGE_CURVE('',#1943,#1935,#1945,.T.);
#1943 = VERTEX_POINT('',#1944);
#1944 = CARTESIAN_POINT('',(1.375,-27.94,9.1));
#1945 = CIRCLE('',#1946,1.375);
#1946 = AXIS2_PLACEMENT_3D('',#1947,#1948,#1949);
#1947 = CARTESIAN_POINT('',(7.105427357601E-15,-27.94,9.1));
#1948 = DIRECTION('',(0.,0.,1.));
#1949 = DIRECTION('',(1.,0.,-0.));
#1950 = ORIENTED_EDGE('',*,*,#1951,.F.);
#1951 = EDGE_CURVE('',#1952,#1943,#1954,.T.);
#1952 = VERTEX_POINT('',#1953);
#1953 = CARTESIAN_POINT('',(7.105427357601E-15,-29.315,9.1));
#1954 = CIRCLE('',#1955,1.375);
#1955 = AXIS2_PLACEMENT_3D('',#1956,#1957,#1958);
#1956 = CARTESIAN_POINT('',(7.105427357601E-15,-27.94,9.1));
#1957 = DIRECTION('',(0.,0.,1.));
#1958 = DIRECTION('',(1.,0.,-0.));
#1959 = ORIENTED_EDGE('',*,*,#1960,.T.);
#1960 = EDGE_CURVE('',#1952,#1926,#1961,.T.);
#1961 = LINE('',#1962,#1963);
#1962 = CARTESIAN_POINT('',(-23.09,-29.315,9.1));
#1963 = VECTOR('',#1964,1.);
#1964 = DIRECTION('',(-1.,-0.,0.));
#1965 = FACE_BOUND('',#1966,.T.);
#1966 = EDGE_LOOP('',(#1967,#1978,#1986,#1995,#2004));
#1967 = ORIENTED_EDGE('',*,*,#1968,.F.);
#1968 = EDGE_CURVE('',#1969,#1971,#1973,.T.);
#1969 = VERTEX_POINT('',#1970);
#1970 = CARTESIAN_POINT('',(7.105427357601E-15,29.315,9.1));
#1971 = VERTEX_POINT('',#1972);
#1972 = CARTESIAN_POINT('',(7.105427357601E-15,26.565,9.1));
#1973 = CIRCLE('',#1974,1.375);
#1974 = AXIS2_PLACEMENT_3D('',#1975,#1976,#1977);
#1975 = CARTESIAN_POINT('',(7.105427357601E-15,27.94,9.1));
#1976 = DIRECTION('',(0.,0.,1.));
#1977 = DIRECTION('',(1.,0.,-0.));
#1978 = ORIENTED_EDGE('',*,*,#1979,.F.);
#1979 = EDGE_CURVE('',#1980,#1969,#1982,.T.);
#1980 = VERTEX_POINT('',#1981);
#1981 = CARTESIAN_POINT('',(5.08,29.315,9.1));
#1982 = LINE('',#1983,#1984);
#1983 = CARTESIAN_POINT('',(-20.55,29.315,9.1));
#1984 = VECTOR('',#1985,1.);
#1985 = DIRECTION('',(-1.,-0.,0.));
#1986 = ORIENTED_EDGE('',*,*,#1987,.F.);
#1987 = EDGE_CURVE('',#1988,#1980,#1990,.T.);
#1988 = VERTEX_POINT('',#1989);
#1989 = CARTESIAN_POINT('',(6.455,27.94,9.1));
#1990 = CIRCLE('',#1991,1.375);
#1991 = AXIS2_PLACEMENT_3D('',#1992,#1993,#1994);
#1992 = CARTESIAN_POINT('',(5.08,27.94,9.1));
#1993 = DIRECTION('',(0.,0.,1.));
#1994 = DIRECTION('',(1.,0.,-0.));
#1995 = ORIENTED_EDGE('',*,*,#1996,.F.);
#1996 = EDGE_CURVE('',#1997,#1988,#1999,.T.);
#1997 = VERTEX_POINT('',#1998);
#1998 = CARTESIAN_POINT('',(5.08,26.565,9.1));
#1999 = CIRCLE('',#2000,1.375);
#2000 = AXIS2_PLACEMENT_3D('',#2001,#2002,#2003);
#2001 = CARTESIAN_POINT('',(5.08,27.94,9.1));
#2002 = DIRECTION('',(0.,0.,1.));
#2003 = DIRECTION('',(1.,0.,-0.));
#2004 = ORIENTED_EDGE('',*,*,#2005,.T.);
#2005 = EDGE_CURVE('',#1997,#1971,#2006,.T.);
#2006 = LINE('',#2007,#2008);
#2007 = CARTESIAN_POINT('',(-20.55,26.565,9.1));
#2008 = VECTOR('',#2009,1.);
#2009 = DIRECTION('',(-1.,-0.,0.));
#2010 = FACE_BOUND('',#2011,.T.);
#2011 = EDGE_LOOP('',(#2012,#2023,#2031,#2040));
#2012 = ORIENTED_EDGE('',*,*,#2013,.F.);
#2013 = EDGE_CURVE('',#2014,#2016,#2018,.T.);
#2014 = VERTEX_POINT('',#2015);
#2015 = CARTESIAN_POINT('',(-34.185,-2.54,9.1));
#2016 = VERTEX_POINT('',#2017);
#2017 = CARTESIAN_POINT('',(-36.935,-2.54,9.1));
#2018 = CIRCLE('',#2019,1.375);
#2019 = AXIS2_PLACEMENT_3D('',#2020,#2021,#2022);
#2020 = CARTESIAN_POINT('',(-35.56,-2.54,9.1));
#2021 = DIRECTION('',(0.,0.,1.));
#2022 = DIRECTION('',(1.,0.,-0.));
#2023 = ORIENTED_EDGE('',*,*,#2024,.F.);
#2024 = EDGE_CURVE('',#2025,#2014,#2027,.T.);
#2025 = VERTEX_POINT('',#2026);
#2026 = CARTESIAN_POINT('',(-34.185,-7.62,9.1));
#2027 = LINE('',#2028,#2029);
#2028 = CARTESIAN_POINT('',(-34.185,-20.55,9.1));
#2029 = VECTOR('',#2030,1.);
#2030 = DIRECTION('',(-0.,1.,0.));
#2031 = ORIENTED_EDGE('',*,*,#2032,.F.);
#2032 = EDGE_CURVE('',#2033,#2025,#2035,.T.);
#2033 = VERTEX_POINT('',#2034);
#2034 = CARTESIAN_POINT('',(-36.935,-7.62,9.1));
#2035 = CIRCLE('',#2036,1.375);
#2036 = AXIS2_PLACEMENT_3D('',#2037,#2038,#2039);
#2037 = CARTESIAN_POINT('',(-35.56,-7.62,9.1));
#2038 = DIRECTION('',(0.,0.,1.));
#2039 = DIRECTION('',(1.,0.,-0.));
#2040 = ORIENTED_EDGE('',*,*,#2041,.T.);
#2041 = EDGE_CURVE('',#2033,#2016,#2042,.T.);
#2042 = LINE('',#2043,#2044);
#2043 = CARTESIAN_POINT('',(-36.935,-20.55,9.1));
#2044 = VECTOR('',#2045,1.);
#2045 = DIRECTION('',(-0.,1.,0.));
#2046 = FACE_BOUND('',#2047,.T.);
#2047 = EDGE_LOOP('',(#2048,#2059,#2067,#2076,#2085));
#2048 = ORIENTED_EDGE('',*,*,#2049,.F.);
#2049 = EDGE_CURVE('',#2050,#2052,#2054,.T.);
#2050 = VERTEX_POINT('',#2051);
#2051 = CARTESIAN_POINT('',(-30.48,-1.165,9.1));
#2052 = VERTEX_POINT('',#2053);
#2053 = CARTESIAN_POINT('',(-30.48,-3.915,9.1));
#2054 = CIRCLE('',#2055,1.375);
#2055 = AXIS2_PLACEMENT_3D('',#2056,#2057,#2058);
#2056 = CARTESIAN_POINT('',(-30.48,-2.54,9.1));
#2057 = DIRECTION('',(0.,0.,1.));
#2058 = DIRECTION('',(1.,0.,-0.));
#2059 = ORIENTED_EDGE('',*,*,#2060,.F.);
#2060 = EDGE_CURVE('',#2061,#2050,#2063,.T.);
#2061 = VERTEX_POINT('',#2062);
#2062 = CARTESIAN_POINT('',(-25.4,-1.165,9.1));
#2063 = LINE('',#2064,#2065);
#2064 = CARTESIAN_POINT('',(-35.79,-1.165,9.1));
#2065 = VECTOR('',#2066,1.);
#2066 = DIRECTION('',(-1.,-0.,0.));
#2067 = ORIENTED_EDGE('',*,*,#2068,.F.);
#2068 = EDGE_CURVE('',#2069,#2061,#2071,.T.);
#2069 = VERTEX_POINT('',#2070);
#2070 = CARTESIAN_POINT('',(-24.025,-2.54,9.1));
#2071 = CIRCLE('',#2072,1.375);
#2072 = AXIS2_PLACEMENT_3D('',#2073,#2074,#2075);
#2073 = CARTESIAN_POINT('',(-25.4,-2.54,9.1));
#2074 = DIRECTION('',(0.,0.,1.));
#2075 = DIRECTION('',(1.,0.,-0.));
#2076 = ORIENTED_EDGE('',*,*,#2077,.F.);
#2077 = EDGE_CURVE('',#2078,#2069,#2080,.T.);
#2078 = VERTEX_POINT('',#2079);
#2079 = CARTESIAN_POINT('',(-25.4,-3.915,9.1));
#2080 = CIRCLE('',#2081,1.375);
#2081 = AXIS2_PLACEMENT_3D('',#2082,#2083,#2084);
#2082 = CARTESIAN_POINT('',(-25.4,-2.54,9.1));
#2083 = DIRECTION('',(0.,0.,1.));
#2084 = DIRECTION('',(1.,0.,-0.));
#2085 = ORIENTED_EDGE('',*,*,#2086,.T.);
#2086 = EDGE_CURVE('',#2078,#2052,#2087,.T.);
#2087 = LINE('',#2088,#2089);
#2088 = CARTESIAN_POINT('',(-35.79,-3.915,9.1));
#2089 = VECTOR('',#2090,1.);
#2090 = DIRECTION('',(-1.,-0.,0.));
#2091 = FACE_BOUND('',#2092,.T.);
#2092 = EDGE_LOOP('',(#2093,#2104,#2112,#2121));
#2093 = ORIENTED_EDGE('',*,*,#2094,.F.);
#2094 = EDGE_CURVE('',#2095,#2097,#2099,.T.);
#2095 = VERTEX_POINT('',#2096);
#2096 = CARTESIAN_POINT('',(11.535,12.7,9.1));
#2097 = VERTEX_POINT('',#2098);
#2098 = CARTESIAN_POINT('',(8.785,12.7,9.1));
#2099 = CIRCLE('',#2100,1.375);
#2100 = AXIS2_PLACEMENT_3D('',#2101,#2102,#2103);
#2101 = CARTESIAN_POINT('',(10.16,12.7,9.1));
#2102 = DIRECTION('',(0.,0.,1.));
#2103 = DIRECTION('',(1.,0.,-0.));
#2104 = ORIENTED_EDGE('',*,*,#2105,.F.);
#2105 = EDGE_CURVE('',#2106,#2095,#2108,.T.);
#2106 = VERTEX_POINT('',#2107);
#2107 = CARTESIAN_POINT('',(11.535,7.62,9.1));
#2108 = LINE('',#2109,#2110);
#2109 = CARTESIAN_POINT('',(11.535,-12.93,9.1));
#2110 = VECTOR('',#2111,1.);
#2111 = DIRECTION('',(-0.,1.,0.));
#2112 = ORIENTED_EDGE('',*,*,#2113,.F.);
#2113 = EDGE_CURVE('',#2114,#2106,#2116,.T.);
#2114 = VERTEX_POINT('',#2115);
#2115 = CARTESIAN_POINT('',(8.785,7.62,9.1));
#2116 = CIRCLE('',#2117,1.375);
#2117 = AXIS2_PLACEMENT_3D('',#2118,#2119,#2120);
#2118 = CARTESIAN_POINT('',(10.16,7.62,9.1));
#2119 = DIRECTION('',(0.,0.,1.));
#2120 = DIRECTION('',(1.,0.,-0.));
#2121 = ORIENTED_EDGE('',*,*,#2122,.T.);
#2122 = EDGE_CURVE('',#2114,#2097,#2123,.T.);
#2123 = LINE('',#2124,#2125);
#2124 = CARTESIAN_POINT('',(8.785,-12.93,9.1));
#2125 = VECTOR('',#2126,1.);
#2126 = DIRECTION('',(-0.,1.,0.));
#2127 = FACE_BOUND('',#2128,.T.);
#2128 = EDGE_LOOP('',(#2129,#2140,#2148,#2157,#2166));
#2129 = ORIENTED_EDGE('',*,*,#2130,.F.);
#2130 = EDGE_CURVE('',#2131,#2133,#2135,.T.);
#2131 = VERTEX_POINT('',#2132);
#2132 = CARTESIAN_POINT('',(10.16,19.155,9.1));
#2133 = VERTEX_POINT('',#2134);
#2134 = CARTESIAN_POINT('',(10.16,16.405,9.1));
#2135 = CIRCLE('',#2136,1.375);
#2136 = AXIS2_PLACEMENT_3D('',#2137,#2138,#2139);
#2137 = CARTESIAN_POINT('',(10.16,17.78,9.1));
#2138 = DIRECTION('',(0.,0.,1.));
#2139 = DIRECTION('',(1.,0.,-0.));
#2140 = ORIENTED_EDGE('',*,*,#2141,.F.);
#2141 = EDGE_CURVE('',#2142,#2131,#2144,.T.);
#2142 = VERTEX_POINT('',#2143);
#2143 = CARTESIAN_POINT('',(15.24,19.155,9.1));
#2144 = LINE('',#2145,#2146);
#2145 = CARTESIAN_POINT('',(-15.47,19.155,9.1));
#2146 = VECTOR('',#2147,1.);
#2147 = DIRECTION('',(-1.,-0.,0.));
#2148 = ORIENTED_EDGE('',*,*,#2149,.F.);
#2149 = EDGE_CURVE('',#2150,#2142,#2152,.T.);
#2150 = VERTEX_POINT('',#2151);
#2151 = CARTESIAN_POINT('',(16.615,17.78,9.1));
#2152 = CIRCLE('',#2153,1.375);
#2153 = AXIS2_PLACEMENT_3D('',#2154,#2155,#2156);
#2154 = CARTESIAN_POINT('',(15.24,17.78,9.1));
#2155 = DIRECTION('',(0.,0.,1.));
#2156 = DIRECTION('',(1.,0.,-0.));
#2157 = ORIENTED_EDGE('',*,*,#2158,.F.);
#2158 = EDGE_CURVE('',#2159,#2150,#2161,.T.);
#2159 = VERTEX_POINT('',#2160);
#2160 = CARTESIAN_POINT('',(15.24,16.405,9.1));
#2161 = CIRCLE('',#2162,1.375);
#2162 = AXIS2_PLACEMENT_3D('',#2163,#2164,#2165);
#2163 = CARTESIAN_POINT('',(15.24,17.78,9.1));
#2164 = DIRECTION('',(0.,0.,1.));
#2165 = DIRECTION('',(1.,0.,-0.));
#2166 = ORIENTED_EDGE('',*,*,#2167,.T.);
#2167 = EDGE_CURVE('',#2159,#2133,#2168,.T.);
#2168 = LINE('',#2169,#2170);
#2169 = CARTESIAN_POINT('',(-15.47,16.405,9.1));
#2170 = VECTOR('',#2171,1.);
#2171 = DIRECTION('',(-1.,-0.,0.));
#2172 = FACE_BOUND('',#2173,.T.);
#2173 = EDGE_LOOP('',(#2174,#2185,#2193,#2202,#2211));
#2174 = ORIENTED_EDGE('',*,*,#2175,.F.);
#2175 = EDGE_CURVE('',#2176,#2178,#2180,.T.);
#2176 = VERTEX_POINT('',#2177);
#2177 = CARTESIAN_POINT('',(-5.08,-11.325,9.1));
#2178 = VERTEX_POINT('',#2179);
#2179 = CARTESIAN_POINT('',(-5.08,-14.075,9.1));
#2180 = CIRCLE('',#2181,1.375);
#2181 = AXIS2_PLACEMENT_3D('',#2182,#2183,#2184);
#2182 = CARTESIAN_POINT('',(-5.08,-12.7,9.1));
#2183 = DIRECTION('',(0.,0.,1.));
#2184 = DIRECTION('',(1.,0.,-0.));
#2185 = ORIENTED_EDGE('',*,*,#2186,.F.);
#2186 = EDGE_CURVE('',#2187,#2176,#2189,.T.);
#2187 = VERTEX_POINT('',#2188);
#2188 = CARTESIAN_POINT('',(7.105427357601E-15,-11.325,9.1));
#2189 = LINE('',#2190,#2191);
#2190 = CARTESIAN_POINT('',(-23.09,-11.325,9.1));
#2191 = VECTOR('',#2192,1.);
#2192 = DIRECTION('',(-1.,-0.,0.));
#2193 = ORIENTED_EDGE('',*,*,#2194,.F.);
#2194 = EDGE_CURVE('',#2195,#2187,#2197,.T.);
#2195 = VERTEX_POINT('',#2196);
#2196 = CARTESIAN_POINT('',(1.375,-12.7,9.1));
#2197 = CIRCLE('',#2198,1.375);
#2198 = AXIS2_PLACEMENT_3D('',#2199,#2200,#2201);
#2199 = CARTESIAN_POINT('',(7.105427357601E-15,-12.7,9.1));
#2200 = DIRECTION('',(0.,0.,1.));
#2201 = DIRECTION('',(1.,0.,-0.));
#2202 = ORIENTED_EDGE('',*,*,#2203,.F.);
#2203 = EDGE_CURVE('',#2204,#2195,#2206,.T.);
#2204 = VERTEX_POINT('',#2205);
#2205 = CARTESIAN_POINT('',(7.105427357601E-15,-14.075,9.1));
#2206 = CIRCLE('',#2207,1.375);
#2207 = AXIS2_PLACEMENT_3D('',#2208,#2209,#2210);
#2208 = CARTESIAN_POINT('',(7.105427357601E-15,-12.7,9.1));
#2209 = DIRECTION('',(0.,0.,1.));
#2210 = DIRECTION('',(1.,0.,-0.));
#2211 = ORIENTED_EDGE('',*,*,#2212,.T.);
#2212 = EDGE_CURVE('',#2204,#2178,#2213,.T.);
#2213 = LINE('',#2214,#2215);
#2214 = CARTESIAN_POINT('',(-23.09,-14.075,9.1));
#2215 = VECTOR('',#2216,1.);
#2216 = DIRECTION('',(-1.,-0.,0.));
#2217 = FACE_BOUND('',#2218,.T.);
#2218 = EDGE_LOOP('',(#2219,#2230,#2238,#2247,#2256));
#2219 = ORIENTED_EDGE('',*,*,#2220,.F.);
#2220 = EDGE_CURVE('',#2221,#2223,#2225,.T.);
#2221 = VERTEX_POINT('',#2222);
#2222 = CARTESIAN_POINT('',(-30.48,29.315,9.1));
#2223 = VERTEX_POINT('',#2224);
#2224 = CARTESIAN_POINT('',(-30.48,26.565,9.1));
#2225 = CIRCLE('',#2226,1.375);
#2226 = AXIS2_PLACEMENT_3D('',#2227,#2228,#2229);
#2227 = CARTESIAN_POINT('',(-30.48,27.94,9.1));
#2228 = DIRECTION('',(0.,0.,1.));
#2229 = DIRECTION('',(1.,0.,-0.));
#2230 = ORIENTED_EDGE('',*,*,#2231,.F.);
#2231 = EDGE_CURVE('',#2232,#2221,#2234,.T.);
#2232 = VERTEX_POINT('',#2233);
#2233 = CARTESIAN_POINT('',(-25.4,29.315,9.1));
#2234 = LINE('',#2235,#2236);
#2235 = CARTESIAN_POINT('',(-35.79,29.315,9.1));
#2236 = VECTOR('',#2237,1.);
#2237 = DIRECTION('',(-1.,-0.,0.));
#2238 = ORIENTED_EDGE('',*,*,#2239,.F.);
#2239 = EDGE_CURVE('',#2240,#2232,#2242,.T.);
#2240 = VERTEX_POINT('',#2241);
#2241 = CARTESIAN_POINT('',(-24.025,27.94,9.1));
#2242 = CIRCLE('',#2243,1.375);
#2243 = AXIS2_PLACEMENT_3D('',#2244,#2245,#2246);
#2244 = CARTESIAN_POINT('',(-25.4,27.94,9.1));
#2245 = DIRECTION('',(0.,0.,1.));
#2246 = DIRECTION('',(1.,0.,-0.));
#2247 = ORIENTED_EDGE('',*,*,#2248,.F.);
#2248 = EDGE_CURVE('',#2249,#2240,#2251,.T.);
#2249 = VERTEX_POINT('',#2250);
#2250 = CARTESIAN_POINT('',(-25.4,26.565,9.1));
#2251 = CIRCLE('',#2252,1.375);
#2252 = AXIS2_PLACEMENT_3D('',#2253,#2254,#2255);
#2253 = CARTESIAN_POINT('',(-25.4,27.94,9.1));
#2254 = DIRECTION('',(0.,0.,1.));
#2255 = DIRECTION('',(1.,0.,-0.));
#2256 = ORIENTED_EDGE('',*,*,#2257,.T.);
#2257 = EDGE_CURVE('',#2249,#2223,#2258,.T.);
#2258 = LINE('',#2259,#2260);
#2259 = CARTESIAN_POINT('',(-35.79,26.565,9.1));
#2260 = VECTOR('',#2261,1.);
#2261 = DIRECTION('',(-1.,-0.,0.));
#2262 = FACE_BOUND('',#2263,.T.);
#2263 = EDGE_LOOP('',(#2264,#2275,#2283,#2292,#2301));
#2264 = ORIENTED_EDGE('',*,*,#2265,.F.);
#2265 = EDGE_CURVE('',#2266,#2268,#2270,.T.);
#2266 = VERTEX_POINT('',#2267);
#2267 = CARTESIAN_POINT('',(10.16,-26.565,9.1));
#2268 = VERTEX_POINT('',#2269);
#2269 = CARTESIAN_POINT('',(10.16,-29.315,9.1));
#2270 = CIRCLE('',#2271,1.375);
#2271 = AXIS2_PLACEMENT_3D('',#2272,#2273,#2274);
#2272 = CARTESIAN_POINT('',(10.16,-27.94,9.1));
#2273 = DIRECTION('',(0.,0.,1.));
#2274 = DIRECTION('',(1.,0.,-0.));
#2275 = ORIENTED_EDGE('',*,*,#2276,.F.);
#2276 = EDGE_CURVE('',#2277,#2266,#2279,.T.);
#2277 = VERTEX_POINT('',#2278);
#2278 = CARTESIAN_POINT('',(15.24,-26.565,9.1));
#2279 = LINE('',#2280,#2281);
#2280 = CARTESIAN_POINT('',(-15.47,-26.565,9.1));
#2281 = VECTOR('',#2282,1.);
#2282 = DIRECTION('',(-1.,-0.,0.));
#2283 = ORIENTED_EDGE('',*,*,#2284,.F.);
#2284 = EDGE_CURVE('',#2285,#2277,#2287,.T.);
#2285 = VERTEX_POINT('',#2286);
#2286 = CARTESIAN_POINT('',(16.615,-27.94,9.1));
#2287 = CIRCLE('',#2288,1.375);
#2288 = AXIS2_PLACEMENT_3D('',#2289,#2290,#2291);
#2289 = CARTESIAN_POINT('',(15.24,-27.94,9.1));
#2290 = DIRECTION('',(0.,0.,1.));
#2291 = DIRECTION('',(1.,0.,-0.));
#2292 = ORIENTED_EDGE('',*,*,#2293,.F.);
#2293 = EDGE_CURVE('',#2294,#2285,#2296,.T.);
#2294 = VERTEX_POINT('',#2295);
#2295 = CARTESIAN_POINT('',(15.24,-29.315,9.1));
#2296 = CIRCLE('',#2297,1.375);
#2297 = AXIS2_PLACEMENT_3D('',#2298,#2299,#2300);
#2298 = CARTESIAN_POINT('',(15.24,-27.94,9.1));
#2299 = DIRECTION('',(0.,0.,1.));
#2300 = DIRECTION('',(1.,0.,-0.));
#2301 = ORIENTED_EDGE('',*,*,#2302,.T.);
#2302 = EDGE_CURVE('',#2294,#2268,#2303,.T.);
#2303 = LINE('',#2304,#2305);
#2304 = CARTESIAN_POINT('',(-15.47,-29.315,9.1));
#2305 = VECTOR('',#2306,1.);
#2306 = DIRECTION('',(-1.,-0.,0.));
#2307 = FACE_BOUND('',#2308,.T.);
#2308 = EDGE_LOOP('',(#2309,#2320,#2328,#2337,#2346));
#2309 = ORIENTED_EDGE('',*,*,#2310,.F.);
#2310 = EDGE_CURVE('',#2311,#2313,#2315,.T.);
#2311 = VERTEX_POINT('',#2312);
#2312 = CARTESIAN_POINT('',(10.16,-11.325,9.1));
#2313 = VERTEX_POINT('',#2314);
#2314 = CARTESIAN_POINT('',(10.16,-14.075,9.1));
#2315 = CIRCLE('',#2316,1.375);
#2316 = AXIS2_PLACEMENT_3D('',#2317,#2318,#2319);
#2317 = CARTESIAN_POINT('',(10.16,-12.7,9.1));
#2318 = DIRECTION('',(0.,0.,1.));
#2319 = DIRECTION('',(1.,0.,-0.));
#2320 = ORIENTED_EDGE('',*,*,#2321,.F.);
#2321 = EDGE_CURVE('',#2322,#2311,#2324,.T.);
#2322 = VERTEX_POINT('',#2323);
#2323 = CARTESIAN_POINT('',(15.24,-11.325,9.1));
#2324 = LINE('',#2325,#2326);
#2325 = CARTESIAN_POINT('',(-15.47,-11.325,9.1));
#2326 = VECTOR('',#2327,1.);
#2327 = DIRECTION('',(-1.,-0.,0.));
#2328 = ORIENTED_EDGE('',*,*,#2329,.F.);
#2329 = EDGE_CURVE('',#2330,#2322,#2332,.T.);
#2330 = VERTEX_POINT('',#2331);
#2331 = CARTESIAN_POINT('',(16.615,-12.7,9.1));
#2332 = CIRCLE('',#2333,1.375);
#2333 = AXIS2_PLACEMENT_3D('',#2334,#2335,#2336);
#2334 = CARTESIAN_POINT('',(15.24,-12.7,9.1));
#2335 = DIRECTION('',(0.,0.,1.));
#2336 = DIRECTION('',(1.,0.,-0.));
#2337 = ORIENTED_EDGE('',*,*,#2338,.F.);
#2338 = EDGE_CURVE('',#2339,#2330,#2341,.T.);
#2339 = VERTEX_POINT('',#2340);
#2340 = CARTESIAN_POINT('',(15.24,-14.075,9.1));
#2341 = CIRCLE('',#2342,1.375);
#2342 = AXIS2_PLACEMENT_3D('',#2343,#2344,#2345);
#2343 = CARTESIAN_POINT('',(15.24,-12.7,9.1));
#2344 = DIRECTION('',(0.,0.,1.));
#2345 = DIRECTION('',(1.,0.,-0.));
#2346 = ORIENTED_EDGE('',*,*,#2347,.T.);
#2347 = EDGE_CURVE('',#2339,#2313,#2348,.T.);
#2348 = LINE('',#2349,#2350);
#2349 = CARTESIAN_POINT('',(-15.47,-14.075,9.1));
#2350 = VECTOR('',#2351,1.);
#2351 = DIRECTION('',(-1.,-0.,0.));
#2352 = FACE_BOUND('',#2353,.T.);
#2353 = EDGE_LOOP('',(#2354,#2365,#2373,#2382,#2391));
#2354 = ORIENTED_EDGE('',*,*,#2355,.F.);
#2355 = EDGE_CURVE('',#2356,#2358,#2360,.T.);
#2356 = VERTEX_POINT('',#2357);
#2357 = CARTESIAN_POINT('',(7.105427357601E-15,-16.405,9.1));
#2358 = VERTEX_POINT('',#2359);
#2359 = CARTESIAN_POINT('',(7.105427357601E-15,-19.155,9.1));
#2360 = CIRCLE('',#2361,1.375);
#2361 = AXIS2_PLACEMENT_3D('',#2362,#2363,#2364);
#2362 = CARTESIAN_POINT('',(7.105427357601E-15,-17.78,9.1));
#2363 = DIRECTION('',(0.,0.,1.));
#2364 = DIRECTION('',(1.,0.,-0.));
#2365 = ORIENTED_EDGE('',*,*,#2366,.F.);
#2366 = EDGE_CURVE('',#2367,#2356,#2369,.T.);
#2367 = VERTEX_POINT('',#2368);
#2368 = CARTESIAN_POINT('',(5.08,-16.405,9.1));
#2369 = LINE('',#2370,#2371);
#2370 = CARTESIAN_POINT('',(-20.55,-16.405,9.1));
#2371 = VECTOR('',#2372,1.);
#2372 = DIRECTION('',(-1.,-0.,0.));
#2373 = ORIENTED_EDGE('',*,*,#2374,.F.);
#2374 = EDGE_CURVE('',#2375,#2367,#2377,.T.);
#2375 = VERTEX_POINT('',#2376);
#2376 = CARTESIAN_POINT('',(6.455,-17.78,9.1));
#2377 = CIRCLE('',#2378,1.375);
#2378 = AXIS2_PLACEMENT_3D('',#2379,#2380,#2381);
#2379 = CARTESIAN_POINT('',(5.08,-17.78,9.1));
#2380 = DIRECTION('',(0.,0.,1.));
#2381 = DIRECTION('',(1.,0.,-0.));
#2382 = ORIENTED_EDGE('',*,*,#2383,.F.);
#2383 = EDGE_CURVE('',#2384,#2375,#2386,.T.);
#2384 = VERTEX_POINT('',#2385);
#2385 = CARTESIAN_POINT('',(5.08,-19.155,9.1));
#2386 = CIRCLE('',#2387,1.375);
#2387 = AXIS2_PLACEMENT_3D('',#2388,#2389,#2390);
#2388 = CARTESIAN_POINT('',(5.08,-17.78,9.1));
#2389 = DIRECTION('',(0.,0.,1.));
#2390 = DIRECTION('',(1.,0.,-0.));
#2391 = ORIENTED_EDGE('',*,*,#2392,.T.);
#2392 = EDGE_CURVE('',#2384,#2358,#2393,.T.);
#2393 = LINE('',#2394,#2395);
#2394 = CARTESIAN_POINT('',(-20.55,-19.155,9.1));
#2395 = VECTOR('',#2396,1.);
#2396 = DIRECTION('',(-1.,-0.,0.));
#2397 = FACE_BOUND('',#2398,.T.);
#2398 = EDGE_LOOP('',(#2399,#2410,#2418,#2427));
#2399 = ORIENTED_EDGE('',*,*,#2400,.F.);
#2400 = EDGE_CURVE('',#2401,#2403,#2405,.T.);
#2401 = VERTEX_POINT('',#2402);
#2402 = CARTESIAN_POINT('',(36.935,7.62,9.1));
#2403 = VERTEX_POINT('',#2404);
#2404 = CARTESIAN_POINT('',(34.185,7.62,9.1));
#2405 = CIRCLE('',#2406,1.375);
#2406 = AXIS2_PLACEMENT_3D('',#2407,#2408,#2409);
#2407 = CARTESIAN_POINT('',(35.56,7.62,9.1));
#2408 = DIRECTION('',(0.,0.,1.));
#2409 = DIRECTION('',(1.,0.,-0.));
#2410 = ORIENTED_EDGE('',*,*,#2411,.F.);
#2411 = EDGE_CURVE('',#2412,#2401,#2414,.T.);
#2412 = VERTEX_POINT('',#2413);
#2413 = CARTESIAN_POINT('',(36.935,2.54,9.1));
#2414 = LINE('',#2415,#2416);
#2415 = CARTESIAN_POINT('',(36.935,-15.47,9.1));
#2416 = VECTOR('',#2417,1.);
#2417 = DIRECTION('',(-0.,1.,0.));
#2418 = ORIENTED_EDGE('',*,*,#2419,.F.);
#2419 = EDGE_CURVE('',#2420,#2412,#2422,.T.);
#2420 = VERTEX_POINT('',#2421);
#2421 = CARTESIAN_POINT('',(34.185,2.54,9.1));
#2422 = CIRCLE('',#2423,1.375);
#2423 = AXIS2_PLACEMENT_3D('',#2424,#2425,#2426);
#2424 = CARTESIAN_POINT('',(35.56,2.54,9.1));
#2425 = DIRECTION('',(0.,0.,1.));
#2426 = DIRECTION('',(1.,0.,-0.));
#2427 = ORIENTED_EDGE('',*,*,#2428,.T.);
#2428 = EDGE_CURVE('',#2420,#2403,#2429,.T.);
#2429 = LINE('',#2430,#2431);
#2430 = CARTESIAN_POINT('',(34.185,-15.47,9.1));
#2431 = VECTOR('',#2432,1.);
#2432 = DIRECTION('',(-0.,1.,0.));
#2433 = FACE_BOUND('',#2434,.T.);
#2434 = EDGE_LOOP('',(#2435,#2446,#2454,#2463));
#2435 = ORIENTED_EDGE('',*,*,#2436,.F.);
#2436 = EDGE_CURVE('',#2437,#2439,#2441,.T.);
#2437 = VERTEX_POINT('',#2438);
#2438 = CARTESIAN_POINT('',(-24.025,7.62,9.1));
#2439 = VERTEX_POINT('',#2440);
#2440 = CARTESIAN_POINT('',(-26.775,7.62,9.1));
#2441 = CIRCLE('',#2442,1.375);
#2442 = AXIS2_PLACEMENT_3D('',#2443,#2444,#2445);
#2443 = CARTESIAN_POINT('',(-25.4,7.62,9.1));
#2444 = DIRECTION('',(0.,0.,1.));
#2445 = DIRECTION('',(1.,0.,-0.));
#2446 = ORIENTED_EDGE('',*,*,#2447,.F.);
#2447 = EDGE_CURVE('',#2448,#2437,#2450,.T.);
#2448 = VERTEX_POINT('',#2449);
#2449 = CARTESIAN_POINT('',(-24.025,2.54,9.1));
#2450 = LINE('',#2451,#2452);
#2451 = CARTESIAN_POINT('',(-24.025,-15.47,9.1));
#2452 = VECTOR('',#2453,1.);
#2453 = DIRECTION('',(-0.,1.,0.));
#2454 = ORIENTED_EDGE('',*,*,#2455,.F.);
#2455 = EDGE_CURVE('',#2456,#2448,#2458,.T.);
#2456 = VERTEX_POINT('',#2457);
#2457 = CARTESIAN_POINT('',(-26.775,2.54,9.1));
#2458 = CIRCLE('',#2459,1.375);
#2459 = AXIS2_PLACEMENT_3D('',#2460,#2461,#2462);
#2460 = CARTESIAN_POINT('',(-25.4,2.54,9.1));
#2461 = DIRECTION('',(0.,0.,1.));
#2462 = DIRECTION('',(1.,0.,-0.));
#2463 = ORIENTED_EDGE('',*,*,#2464,.T.);
#2464 = EDGE_CURVE('',#2456,#2439,#2465,.T.);
#2465 = LINE('',#2466,#2467);
#2466 = CARTESIAN_POINT('',(-26.775,-15.47,9.1));
#2467 = VECTOR('',#2468,1.);
#2468 = DIRECTION('',(-0.,1.,0.));
#2469 = FACE_BOUND('',#2470,.T.);
#2470 = EDGE_LOOP('',(#2471,#2482,#2490,#2499));
#2471 = ORIENTED_EDGE('',*,*,#2472,.F.);
#2472 = EDGE_CURVE('',#2473,#2475,#2477,.T.);
#2473 = VERTEX_POINT('',#2474);
#2474 = CARTESIAN_POINT('',(-34.185,12.7,9.1));
#2475 = VERTEX_POINT('',#2476);
#2476 = CARTESIAN_POINT('',(-36.935,12.7,9.1));
#2477 = CIRCLE('',#2478,1.375);
#2478 = AXIS2_PLACEMENT_3D('',#2479,#2480,#2481);
#2479 = CARTESIAN_POINT('',(-35.56,12.7,9.1));
#2480 = DIRECTION('',(0.,0.,1.));
#2481 = DIRECTION('',(1.,0.,-0.));
#2482 = ORIENTED_EDGE('',*,*,#2483,.F.);
#2483 = EDGE_CURVE('',#2484,#2473,#2486,.T.);
#2484 = VERTEX_POINT('',#2485);
#2485 = CARTESIAN_POINT('',(-34.185,7.62,9.1));
#2486 = LINE('',#2487,#2488);
#2487 = CARTESIAN_POINT('',(-34.185,-12.93,9.1));
#2488 = VECTOR('',#2489,1.);
#2489 = DIRECTION('',(-0.,1.,0.));
#2490 = ORIENTED_EDGE('',*,*,#2491,.F.);
#2491 = EDGE_CURVE('',#2492,#2484,#2494,.T.);
#2492 = VERTEX_POINT('',#2493);
#2493 = CARTESIAN_POINT('',(-36.935,7.62,9.1));
#2494 = CIRCLE('',#2495,1.375);
#2495 = AXIS2_PLACEMENT_3D('',#2496,#2497,#2498);
#2496 = CARTESIAN_POINT('',(-35.56,7.62,9.1));
#2497 = DIRECTION('',(0.,0.,1.));
#2498 = DIRECTION('',(1.,0.,-0.));
#2499 = ORIENTED_EDGE('',*,*,#2500,.T.);
#2500 = EDGE_CURVE('',#2492,#2475,#2501,.T.);
#2501 = LINE('',#2502,#2503);
#2502 = CARTESIAN_POINT('',(-36.935,-12.93,9.1));
#2503 = VECTOR('',#2504,1.);
#2504 = DIRECTION('',(-0.,1.,0.));
#2505 = FACE_BOUND('',#2506,.T.);
#2506 = EDGE_LOOP('',(#2507,#2518,#2526,#2535,#2544));
#2507 = ORIENTED_EDGE('',*,*,#2508,.F.);
#2508 = EDGE_CURVE('',#2509,#2511,#2513,.T.);
#2509 = VERTEX_POINT('',#2510);
#2510 = CARTESIAN_POINT('',(-30.48,14.075,9.1));
#2511 = VERTEX_POINT('',#2512);
#2512 = CARTESIAN_POINT('',(-30.48,11.325,9.1));
#2513 = CIRCLE('',#2514,1.375);
#2514 = AXIS2_PLACEMENT_3D('',#2515,#2516,#2517);
#2515 = CARTESIAN_POINT('',(-30.48,12.7,9.1));
#2516 = DIRECTION('',(0.,0.,1.));
#2517 = DIRECTION('',(1.,0.,-0.));
#2518 = ORIENTED_EDGE('',*,*,#2519,.F.);
#2519 = EDGE_CURVE('',#2520,#2509,#2522,.T.);
#2520 = VERTEX_POINT('',#2521);
#2521 = CARTESIAN_POINT('',(-25.4,14.075,9.1));
#2522 = LINE('',#2523,#2524);
#2523 = CARTESIAN_POINT('',(-35.79,14.075,9.1));
#2524 = VECTOR('',#2525,1.);
#2525 = DIRECTION('',(-1.,-0.,0.));
#2526 = ORIENTED_EDGE('',*,*,#2527,.F.);
#2527 = EDGE_CURVE('',#2528,#2520,#2530,.T.);
#2528 = VERTEX_POINT('',#2529);
#2529 = CARTESIAN_POINT('',(-24.025,12.7,9.1));
#2530 = CIRCLE('',#2531,1.375);
#2531 = AXIS2_PLACEMENT_3D('',#2532,#2533,#2534);
#2532 = CARTESIAN_POINT('',(-25.4,12.7,9.1));
#2533 = DIRECTION('',(0.,0.,1.));
#2534 = DIRECTION('',(1.,0.,-0.));
#2535 = ORIENTED_EDGE('',*,*,#2536,.F.);
#2536 = EDGE_CURVE('',#2537,#2528,#2539,.T.);
#2537 = VERTEX_POINT('',#2538);
#2538 = CARTESIAN_POINT('',(-25.4,11.325,9.1));
#2539 = CIRCLE('',#2540,1.375);
#2540 = AXIS2_PLACEMENT_3D('',#2541,#2542,#2543);
#2541 = CARTESIAN_POINT('',(-25.4,12.7,9.1));
#2542 = DIRECTION('',(0.,0.,1.));
#2543 = DIRECTION('',(1.,0.,-0.));
#2544 = ORIENTED_EDGE('',*,*,#2545,.T.);
#2545 = EDGE_CURVE('',#2537,#2511,#2546,.T.);
#2546 = LINE('',#2547,#2548);
#2547 = CARTESIAN_POINT('',(-35.79,11.325,9.1));
#2548 = VECTOR('',#2549,1.);
#2549 = DIRECTION('',(-1.,-0.,0.));
#2550 = FACE_BOUND('',#2551,.T.);
#2551 = EDGE_LOOP('',(#2552,#2563,#2571,#2580));
#2552 = ORIENTED_EDGE('',*,*,#2553,.F.);
#2553 = EDGE_CURVE('',#2554,#2556,#2558,.T.);
#2554 = VERTEX_POINT('',#2555);
#2555 = CARTESIAN_POINT('',(-18.945,12.7,9.1));
#2556 = VERTEX_POINT('',#2557);
#2557 = CARTESIAN_POINT('',(-21.695,12.7,9.1));
#2558 = CIRCLE('',#2559,1.375);
#2559 = AXIS2_PLACEMENT_3D('',#2560,#2561,#2562);
#2560 = CARTESIAN_POINT('',(-20.32,12.7,9.1));
#2561 = DIRECTION('',(0.,0.,1.));
#2562 = DIRECTION('',(1.,0.,-0.));
#2563 = ORIENTED_EDGE('',*,*,#2564,.F.);
#2564 = EDGE_CURVE('',#2565,#2554,#2567,.T.);
#2565 = VERTEX_POINT('',#2566);
#2566 = CARTESIAN_POINT('',(-18.945,7.62,9.1));
#2567 = LINE('',#2568,#2569);
#2568 = CARTESIAN_POINT('',(-18.945,-12.93,9.1));
#2569 = VECTOR('',#2570,1.);
#2570 = DIRECTION('',(-0.,1.,0.));
#2571 = ORIENTED_EDGE('',*,*,#2572,.F.);
#2572 = EDGE_CURVE('',#2573,#2565,#2575,.T.);
#2573 = VERTEX_POINT('',#2574);
#2574 = CARTESIAN_POINT('',(-21.695,7.62,9.1));
#2575 = CIRCLE('',#2576,1.375);
#2576 = AXIS2_PLACEMENT_3D('',#2577,#2578,#2579);
#2577 = CARTESIAN_POINT('',(-20.32,7.62,9.1));
#2578 = DIRECTION('',(0.,0.,1.));
#2579 = DIRECTION('',(1.,0.,-0.));
#2580 = ORIENTED_EDGE('',*,*,#2581,.T.);
#2581 = EDGE_CURVE('',#2573,#2556,#2582,.T.);
#2582 = LINE('',#2583,#2584);
#2583 = CARTESIAN_POINT('',(-21.695,-12.93,9.1));
#2584 = VECTOR('',#2585,1.);
#2585 = DIRECTION('',(-0.,1.,0.));
#2586 = FACE_BOUND('',#2587,.T.);
#2587 = EDGE_LOOP('',(#2588,#2599,#2607,#2616,#2625));
#2588 = ORIENTED_EDGE('',*,*,#2589,.F.);
#2589 = EDGE_CURVE('',#2590,#2592,#2594,.T.);
#2590 = VERTEX_POINT('',#2591);
#2591 = CARTESIAN_POINT('',(7.105427357601E-15,14.075,9.1));
#2592 = VERTEX_POINT('',#2593);
#2593 = CARTESIAN_POINT('',(7.105427357601E-15,11.325,9.1));
#2594 = CIRCLE('',#2595,1.375);
#2595 = AXIS2_PLACEMENT_3D('',#2596,#2597,#2598);
#2596 = CARTESIAN_POINT('',(7.105427357601E-15,12.7,9.1));
#2597 = DIRECTION('',(0.,0.,1.));
#2598 = DIRECTION('',(1.,0.,-0.));
#2599 = ORIENTED_EDGE('',*,*,#2600,.F.);
#2600 = EDGE_CURVE('',#2601,#2590,#2603,.T.);
#2601 = VERTEX_POINT('',#2602);
#2602 = CARTESIAN_POINT('',(5.08,14.075,9.1));
#2603 = LINE('',#2604,#2605);
#2604 = CARTESIAN_POINT('',(-20.55,14.075,9.1));
#2605 = VECTOR('',#2606,1.);
#2606 = DIRECTION('',(-1.,-0.,0.));
#2607 = ORIENTED_EDGE('',*,*,#2608,.F.);
#2608 = EDGE_CURVE('',#2609,#2601,#2611,.T.);
#2609 = VERTEX_POINT('',#2610);
#2610 = CARTESIAN_POINT('',(6.455,12.7,9.1));
#2611 = CIRCLE('',#2612,1.375);
#2612 = AXIS2_PLACEMENT_3D('',#2613,#2614,#2615);
#2613 = CARTESIAN_POINT('',(5.08,12.7,9.1));
#2614 = DIRECTION('',(0.,0.,1.));
#2615 = DIRECTION('',(1.,0.,-0.));
#2616 = ORIENTED_EDGE('',*,*,#2617,.F.);
#2617 = EDGE_CURVE('',#2618,#2609,#2620,.T.);
#2618 = VERTEX_POINT('',#2619);
#2619 = CARTESIAN_POINT('',(5.08,11.325,9.1));
#2620 = CIRCLE('',#2621,1.375);
#2621 = AXIS2_PLACEMENT_3D('',#2622,#2623,#2624);
#2622 = CARTESIAN_POINT('',(5.08,12.7,9.1));
#2623 = DIRECTION('',(0.,0.,1.));
#2624 = DIRECTION('',(1.,0.,-0.));
#2625 = ORIENTED_EDGE('',*,*,#2626,.T.);
#2626 = EDGE_CURVE('',#2618,#2592,#2627,.T.);
#2627 = LINE('',#2628,#2629);
#2628 = CARTESIAN_POINT('',(-20.55,11.325,9.1));
#2629 = VECTOR('',#2630,1.);
#2630 = DIRECTION('',(-1.,-0.,0.));
#2631 = FACE_BOUND('',#2632,.T.);
#2632 = EDGE_LOOP('',(#2633,#2644,#2652,#2661,#2670));
#2633 = ORIENTED_EDGE('',*,*,#2634,.F.);
#2634 = EDGE_CURVE('',#2635,#2637,#2639,.T.);
#2635 = VERTEX_POINT('',#2636);
#2636 = CARTESIAN_POINT('',(-20.32,19.155,9.1));
#2637 = VERTEX_POINT('',#2638);
#2638 = CARTESIAN_POINT('',(-20.32,16.405,9.1));
#2639 = CIRCLE('',#2640,1.375);
#2640 = AXIS2_PLACEMENT_3D('',#2641,#2642,#2643);
#2641 = CARTESIAN_POINT('',(-20.32,17.78,9.1));
#2642 = DIRECTION('',(0.,0.,1.));
#2643 = DIRECTION('',(1.,0.,-0.));
#2644 = ORIENTED_EDGE('',*,*,#2645,.F.);
#2645 = EDGE_CURVE('',#2646,#2635,#2648,.T.);
#2646 = VERTEX_POINT('',#2647);
#2647 = CARTESIAN_POINT('',(-15.24,19.155,9.1));
#2648 = LINE('',#2649,#2650);
#2649 = CARTESIAN_POINT('',(-30.71,19.155,9.1));
#2650 = VECTOR('',#2651,1.);
#2651 = DIRECTION('',(-1.,-0.,0.));
#2652 = ORIENTED_EDGE('',*,*,#2653,.F.);
#2653 = EDGE_CURVE('',#2654,#2646,#2656,.T.);
#2654 = VERTEX_POINT('',#2655);
#2655 = CARTESIAN_POINT('',(-13.865,17.78,9.1));
#2656 = CIRCLE('',#2657,1.375);
#2657 = AXIS2_PLACEMENT_3D('',#2658,#2659,#2660);
#2658 = CARTESIAN_POINT('',(-15.24,17.78,9.1));
#2659 = DIRECTION('',(0.,0.,1.));
#2660 = DIRECTION('',(1.,0.,-0.));
#2661 = ORIENTED_EDGE('',*,*,#2662,.F.);
#2662 = EDGE_CURVE('',#2663,#2654,#2665,.T.);
#2663 = VERTEX_POINT('',#2664);
#2664 = CARTESIAN_POINT('',(-15.24,16.405,9.1));
#2665 = CIRCLE('',#2666,1.375);
#2666 = AXIS2_PLACEMENT_3D('',#2667,#2668,#2669);
#2667 = CARTESIAN_POINT('',(-15.24,17.78,9.1));
#2668 = DIRECTION('',(0.,0.,1.));
#2669 = DIRECTION('',(1.,0.,-0.));
#2670 = ORIENTED_EDGE('',*,*,#2671,.T.);
#2671 = EDGE_CURVE('',#2663,#2637,#2672,.T.);
#2672 = LINE('',#2673,#2674);
#2673 = CARTESIAN_POINT('',(-30.71,16.405,9.1));
#2674 = VECTOR('',#2675,1.);
#2675 = DIRECTION('',(-1.,-0.,0.));
#2676 = FACE_BOUND('',#2677,.T.);
#2677 = EDGE_LOOP('',(#2678,#2689,#2697,#2706));
#2678 = ORIENTED_EDGE('',*,*,#2679,.F.);
#2679 = EDGE_CURVE('',#2680,#2682,#2684,.T.);
#2680 = VERTEX_POINT('',#2681);
#2681 = CARTESIAN_POINT('',(-3.705,12.7,9.1));
#2682 = VERTEX_POINT('',#2683);
#2683 = CARTESIAN_POINT('',(-6.455,12.7,9.1));
#2684 = CIRCLE('',#2685,1.375);
#2685 = AXIS2_PLACEMENT_3D('',#2686,#2687,#2688);
#2686 = CARTESIAN_POINT('',(-5.08,12.7,9.1));
#2687 = DIRECTION('',(0.,0.,1.));
#2688 = DIRECTION('',(1.,0.,-0.));
#2689 = ORIENTED_EDGE('',*,*,#2690,.F.);
#2690 = EDGE_CURVE('',#2691,#2680,#2693,.T.);
#2691 = VERTEX_POINT('',#2692);
#2692 = CARTESIAN_POINT('',(-3.705,7.62,9.1));
#2693 = LINE('',#2694,#2695);
#2694 = CARTESIAN_POINT('',(-3.705,-12.93,9.1));
#2695 = VECTOR('',#2696,1.);
#2696 = DIRECTION('',(-0.,1.,0.));
#2697 = ORIENTED_EDGE('',*,*,#2698,.F.);
#2698 = EDGE_CURVE('',#2699,#2691,#2701,.T.);
#2699 = VERTEX_POINT('',#2700);
#2700 = CARTESIAN_POINT('',(-6.455,7.62,9.1));
#2701 = CIRCLE('',#2702,1.375);
#2702 = AXIS2_PLACEMENT_3D('',#2703,#2704,#2705);
#2703 = CARTESIAN_POINT('',(-5.08,7.62,9.1));
#2704 = DIRECTION('',(0.,0.,1.));
#2705 = DIRECTION('',(1.,0.,-0.));
#2706 = ORIENTED_EDGE('',*,*,#2707,.T.);
#2707 = EDGE_CURVE('',#2699,#2682,#2708,.T.);
#2708 = LINE('',#2709,#2710);
#2709 = CARTESIAN_POINT('',(-6.455,-12.93,9.1));
#2710 = VECTOR('',#2711,1.);
#2711 = DIRECTION('',(-0.,1.,0.));
#2712 = FACE_BOUND('',#2713,.T.);
#2713 = EDGE_LOOP('',(#2714,#2725,#2733,#2742,#2751));
#2714 = ORIENTED_EDGE('',*,*,#2715,.F.);
#2715 = EDGE_CURVE('',#2716,#2718,#2720,.T.);
#2716 = VERTEX_POINT('',#2717);
#2717 = CARTESIAN_POINT('',(25.4,19.155,9.1));
#2718 = VERTEX_POINT('',#2719);
#2719 = CARTESIAN_POINT('',(25.4,16.405,9.1));
#2720 = CIRCLE('',#2721,1.375);
#2721 = AXIS2_PLACEMENT_3D('',#2722,#2723,#2724);
#2722 = CARTESIAN_POINT('',(25.4,17.78,9.1));
#2723 = DIRECTION('',(0.,0.,1.));
#2724 = DIRECTION('',(1.,0.,-0.));
#2725 = ORIENTED_EDGE('',*,*,#2726,.F.);
#2726 = EDGE_CURVE('',#2727,#2716,#2729,.T.);
#2727 = VERTEX_POINT('',#2728);
#2728 = CARTESIAN_POINT('',(30.48,19.155,9.1));
#2729 = LINE('',#2730,#2731);
#2730 = CARTESIAN_POINT('',(-7.85,19.155,9.1));
#2731 = VECTOR('',#2732,1.);
#2732 = DIRECTION('',(-1.,-0.,0.));
#2733 = ORIENTED_EDGE('',*,*,#2734,.F.);
#2734 = EDGE_CURVE('',#2735,#2727,#2737,.T.);
#2735 = VERTEX_POINT('',#2736);
#2736 = CARTESIAN_POINT('',(31.855,17.78,9.1));
#2737 = CIRCLE('',#2738,1.375);
#2738 = AXIS2_PLACEMENT_3D('',#2739,#2740,#2741);
#2739 = CARTESIAN_POINT('',(30.48,17.78,9.1));
#2740 = DIRECTION('',(0.,0.,1.));
#2741 = DIRECTION('',(1.,0.,-0.));
#2742 = ORIENTED_EDGE('',*,*,#2743,.F.);
#2743 = EDGE_CURVE('',#2744,#2735,#2746,.T.);
#2744 = VERTEX_POINT('',#2745);
#2745 = CARTESIAN_POINT('',(30.48,16.405,9.1));
#2746 = CIRCLE('',#2747,1.375);
#2747 = AXIS2_PLACEMENT_3D('',#2748,#2749,#2750);
#2748 = CARTESIAN_POINT('',(30.48,17.78,9.1));
#2749 = DIRECTION('',(0.,0.,1.));
#2750 = DIRECTION('',(1.,0.,-0.));
#2751 = ORIENTED_EDGE('',*,*,#2752,.T.);
#2752 = EDGE_CURVE('',#2744,#2718,#2753,.T.);
#2753 = LINE('',#2754,#2755);
#2754 = CARTESIAN_POINT('',(-7.85,16.405,9.1));
#2755 = VECTOR('',#2756,1.);
#2756 = DIRECTION('',(-1.,-0.,0.));
#2757 = FACE_BOUND('',#2758,.T.);
#2758 = EDGE_LOOP('',(#2759,#2770,#2778,#2787));
#2759 = ORIENTED_EDGE('',*,*,#2760,.F.);
#2760 = EDGE_CURVE('',#2761,#2763,#2765,.T.);
#2761 = VERTEX_POINT('',#2762);
#2762 = CARTESIAN_POINT('',(6.455,22.86,9.1));
#2763 = VERTEX_POINT('',#2764);
#2764 = CARTESIAN_POINT('',(3.705,22.86,9.1));
#2765 = CIRCLE('',#2766,1.375);
#2766 = AXIS2_PLACEMENT_3D('',#2767,#2768,#2769);
#2767 = CARTESIAN_POINT('',(5.08,22.86,9.1));
#2768 = DIRECTION('',(0.,0.,1.));
#2769 = DIRECTION('',(1.,0.,-0.));
#2770 = ORIENTED_EDGE('',*,*,#2771,.F.);
#2771 = EDGE_CURVE('',#2772,#2761,#2774,.T.);
#2772 = VERTEX_POINT('',#2773);
#2773 = CARTESIAN_POINT('',(6.455,17.78,9.1));
#2774 = LINE('',#2775,#2776);
#2775 = CARTESIAN_POINT('',(6.455,-7.85,9.1));
#2776 = VECTOR('',#2777,1.);
#2777 = DIRECTION('',(-0.,1.,0.));
#2778 = ORIENTED_EDGE('',*,*,#2779,.F.);
#2779 = EDGE_CURVE('',#2780,#2772,#2782,.T.);
#2780 = VERTEX_POINT('',#2781);
#2781 = CARTESIAN_POINT('',(3.705,17.78,9.1));
#2782 = CIRCLE('',#2783,1.375);
#2783 = AXIS2_PLACEMENT_3D('',#2784,#2785,#2786);
#2784 = CARTESIAN_POINT('',(5.08,17.78,9.1));
#2785 = DIRECTION('',(0.,0.,1.));
#2786 = DIRECTION('',(1.,0.,-0.));
#2787 = ORIENTED_EDGE('',*,*,#2788,.T.);
#2788 = EDGE_CURVE('',#2780,#2763,#2789,.T.);
#2789 = LINE('',#2790,#2791);
#2790 = CARTESIAN_POINT('',(3.705,-7.85,9.1));
#2791 = VECTOR('',#2792,1.);
#2792 = DIRECTION('',(-0.,1.,0.));
#2793 = FACE_BOUND('',#2794,.T.);
#2794 = EDGE_LOOP('',(#2795,#2806,#2814,#2823));
#2795 = ORIENTED_EDGE('',*,*,#2796,.F.);
#2796 = EDGE_CURVE('',#2797,#2799,#2801,.T.);
#2797 = VERTEX_POINT('',#2798);
#2798 = CARTESIAN_POINT('',(21.695,22.86,9.1));
#2799 = VERTEX_POINT('',#2800);
#2800 = CARTESIAN_POINT('',(18.945,22.86,9.1));
#2801 = CIRCLE('',#2802,1.375);
#2802 = AXIS2_PLACEMENT_3D('',#2803,#2804,#2805);
#2803 = CARTESIAN_POINT('',(20.32,22.86,9.1));
#2804 = DIRECTION('',(0.,0.,1.));
#2805 = DIRECTION('',(1.,0.,-0.));
#2806 = ORIENTED_EDGE('',*,*,#2807,.F.);
#2807 = EDGE_CURVE('',#2808,#2797,#2810,.T.);
#2808 = VERTEX_POINT('',#2809);
#2809 = CARTESIAN_POINT('',(21.695,17.78,9.1));
#2810 = LINE('',#2811,#2812);
#2811 = CARTESIAN_POINT('',(21.695,-7.85,9.1));
#2812 = VECTOR('',#2813,1.);
#2813 = DIRECTION('',(-0.,1.,0.));
#2814 = ORIENTED_EDGE('',*,*,#2815,.F.);
#2815 = EDGE_CURVE('',#2816,#2808,#2818,.T.);
#2816 = VERTEX_POINT('',#2817);
#2817 = CARTESIAN_POINT('',(18.945,17.78,9.1));
#2818 = CIRCLE('',#2819,1.375);
#2819 = AXIS2_PLACEMENT_3D('',#2820,#2821,#2822);
#2820 = CARTESIAN_POINT('',(20.32,17.78,9.1));
#2821 = DIRECTION('',(0.,0.,1.));
#2822 = DIRECTION('',(1.,0.,-0.));
#2823 = ORIENTED_EDGE('',*,*,#2824,.T.);
#2824 = EDGE_CURVE('',#2816,#2799,#2825,.T.);
#2825 = LINE('',#2826,#2827);
#2826 = CARTESIAN_POINT('',(18.945,-7.85,9.1));
#2827 = VECTOR('',#2828,1.);
#2828 = DIRECTION('',(-0.,1.,0.));
#2829 = FACE_BOUND('',#2830,.T.);
#2830 = EDGE_LOOP('',(#2831,#2842,#2850,#2859,#2868));
#2831 = ORIENTED_EDGE('',*,*,#2832,.F.);
#2832 = EDGE_CURVE('',#2833,#2835,#2837,.T.);
#2833 = VERTEX_POINT('',#2834);
#2834 = CARTESIAN_POINT('',(25.4,-11.325,9.1));
#2835 = VERTEX_POINT('',#2836);
#2836 = CARTESIAN_POINT('',(25.4,-14.075,9.1));
#2837 = CIRCLE('',#2838,1.375);
#2838 = AXIS2_PLACEMENT_3D('',#2839,#2840,#2841);
#2839 = CARTESIAN_POINT('',(25.4,-12.7,9.1));
#2840 = DIRECTION('',(0.,0.,1.));
#2841 = DIRECTION('',(1.,0.,-0.));
#2842 = ORIENTED_EDGE('',*,*,#2843,.F.);
#2843 = EDGE_CURVE('',#2844,#2833,#2846,.T.);
#2844 = VERTEX_POINT('',#2845);
#2845 = CARTESIAN_POINT('',(30.48,-11.325,9.1));
#2846 = LINE('',#2847,#2848);
#2847 = CARTESIAN_POINT('',(-7.85,-11.325,9.1));
#2848 = VECTOR('',#2849,1.);
#2849 = DIRECTION('',(-1.,-0.,0.));
#2850 = ORIENTED_EDGE('',*,*,#2851,.F.);
#2851 = EDGE_CURVE('',#2852,#2844,#2854,.T.);
#2852 = VERTEX_POINT('',#2853);
#2853 = CARTESIAN_POINT('',(31.855,-12.7,9.1));
#2854 = CIRCLE('',#2855,1.375);
#2855 = AXIS2_PLACEMENT_3D('',#2856,#2857,#2858);
#2856 = CARTESIAN_POINT('',(30.48,-12.7,9.1));
#2857 = DIRECTION('',(0.,0.,1.));
#2858 = DIRECTION('',(1.,0.,-0.));
#2859 = ORIENTED_EDGE('',*,*,#2860,.F.);
#2860 = EDGE_CURVE('',#2861,#2852,#2863,.T.);
#2861 = VERTEX_POINT('',#2862);
#2862 = CARTESIAN_POINT('',(30.48,-14.075,9.1));
#2863 = CIRCLE('',#2864,1.375);
#2864 = AXIS2_PLACEMENT_3D('',#2865,#2866,#2867);
#2865 = CARTESIAN_POINT('',(30.48,-12.7,9.1));
#2866 = DIRECTION('',(0.,0.,1.));
#2867 = DIRECTION('',(1.,0.,-0.));
#2868 = ORIENTED_EDGE('',*,*,#2869,.T.);
#2869 = EDGE_CURVE('',#2861,#2835,#2870,.T.);
#2870 = LINE('',#2871,#2872);
#2871 = CARTESIAN_POINT('',(-7.85,-14.075,9.1));
#2872 = VECTOR('',#2873,1.);
#2873 = DIRECTION('',(-1.,-0.,0.));
#2874 = FACE_BOUND('',#2875,.T.);
#2875 = EDGE_LOOP('',(#2876,#2887,#2895,#2904,#2913));
#2876 = ORIENTED_EDGE('',*,*,#2877,.F.);
#2877 = EDGE_CURVE('',#2878,#2880,#2882,.T.);
#2878 = VERTEX_POINT('',#2879);
#2879 = CARTESIAN_POINT('',(25.4,3.915,9.1));
#2880 = VERTEX_POINT('',#2881);
#2881 = CARTESIAN_POINT('',(25.4,1.165,9.1));
#2882 = CIRCLE('',#2883,1.375);
#2883 = AXIS2_PLACEMENT_3D('',#2884,#2885,#2886);
#2884 = CARTESIAN_POINT('',(25.4,2.54,9.1));
#2885 = DIRECTION('',(0.,0.,1.));
#2886 = DIRECTION('',(1.,0.,-0.));
#2887 = ORIENTED_EDGE('',*,*,#2888,.F.);
#2888 = EDGE_CURVE('',#2889,#2878,#2891,.T.);
#2889 = VERTEX_POINT('',#2890);
#2890 = CARTESIAN_POINT('',(30.48,3.915,9.1));
#2891 = LINE('',#2892,#2893);
#2892 = CARTESIAN_POINT('',(-7.85,3.915,9.1));
#2893 = VECTOR('',#2894,1.);
#2894 = DIRECTION('',(-1.,-0.,0.));
#2895 = ORIENTED_EDGE('',*,*,#2896,.F.);
#2896 = EDGE_CURVE('',#2897,#2889,#2899,.T.);
#2897 = VERTEX_POINT('',#2898);
#2898 = CARTESIAN_POINT('',(31.855,2.54,9.1));
#2899 = CIRCLE('',#2900,1.375);
#2900 = AXIS2_PLACEMENT_3D('',#2901,#2902,#2903);
#2901 = CARTESIAN_POINT('',(30.48,2.54,9.1));
#2902 = DIRECTION('',(0.,0.,1.));
#2903 = DIRECTION('',(1.,0.,-0.));
#2904 = ORIENTED_EDGE('',*,*,#2905,.F.);
#2905 = EDGE_CURVE('',#2906,#2897,#2908,.T.);
#2906 = VERTEX_POINT('',#2907);
#2907 = CARTESIAN_POINT('',(30.48,1.165,9.1));
#2908 = CIRCLE('',#2909,1.375);
#2909 = AXIS2_PLACEMENT_3D('',#2910,#2911,#2912);
#2910 = CARTESIAN_POINT('',(30.48,2.54,9.1));
#2911 = DIRECTION('',(0.,0.,1.));
#2912 = DIRECTION('',(1.,0.,-0.));
#2913 = ORIENTED_EDGE('',*,*,#2914,.T.);
#2914 = EDGE_CURVE('',#2906,#2880,#2915,.T.);
#2915 = LINE('',#2916,#2917);
#2916 = CARTESIAN_POINT('',(-7.85,1.165,9.1));
#2917 = VECTOR('',#2918,1.);
#2918 = DIRECTION('',(-1.,-0.,0.));
#2919 = FACE_BOUND('',#2920,.T.);
#2920 = EDGE_LOOP('',(#2921,#2932,#2940,#2949,#2958));
#2921 = ORIENTED_EDGE('',*,*,#2922,.F.);
#2922 = EDGE_CURVE('',#2923,#2925,#2927,.T.);
#2923 = VERTEX_POINT('',#2924);
#2924 = CARTESIAN_POINT('',(25.4,-26.565,9.1));
#2925 = VERTEX_POINT('',#2926);
#2926 = CARTESIAN_POINT('',(25.4,-29.315,9.1));
#2927 = CIRCLE('',#2928,1.375);
#2928 = AXIS2_PLACEMENT_3D('',#2929,#2930,#2931);
#2929 = CARTESIAN_POINT('',(25.4,-27.94,9.1));
#2930 = DIRECTION('',(0.,0.,1.));
#2931 = DIRECTION('',(1.,0.,-0.));
#2932 = ORIENTED_EDGE('',*,*,#2933,.F.);
#2933 = EDGE_CURVE('',#2934,#2923,#2936,.T.);
#2934 = VERTEX_POINT('',#2935);
#2935 = CARTESIAN_POINT('',(30.48,-26.565,9.1));
#2936 = LINE('',#2937,#2938);
#2937 = CARTESIAN_POINT('',(-7.85,-26.565,9.1));
#2938 = VECTOR('',#2939,1.);
#2939 = DIRECTION('',(-1.,-0.,0.));
#2940 = ORIENTED_EDGE('',*,*,#2941,.F.);
#2941 = EDGE_CURVE('',#2942,#2934,#2944,.T.);
#2942 = VERTEX_POINT('',#2943);
#2943 = CARTESIAN_POINT('',(31.855,-27.94,9.1));
#2944 = CIRCLE('',#2945,1.375);
#2945 = AXIS2_PLACEMENT_3D('',#2946,#2947,#2948);
#2946 = CARTESIAN_POINT('',(30.48,-27.94,9.1));
#2947 = DIRECTION('',(0.,0.,1.));
#2948 = DIRECTION('',(1.,0.,-0.));
#2949 = ORIENTED_EDGE('',*,*,#2950,.F.);
#2950 = EDGE_CURVE('',#2951,#2942,#2953,.T.);
#2951 = VERTEX_POINT('',#2952);
#2952 = CARTESIAN_POINT('',(30.48,-29.315,9.1));
#2953 = CIRCLE('',#2954,1.375);
#2954 = AXIS2_PLACEMENT_3D('',#2955,#2956,#2957);
#2955 = CARTESIAN_POINT('',(30.48,-27.94,9.1));
#2956 = DIRECTION('',(0.,0.,1.));
#2957 = DIRECTION('',(1.,0.,-0.));
#2958 = ORIENTED_EDGE('',*,*,#2959,.T.);
#2959 = EDGE_CURVE('',#2951,#2925,#2960,.T.);
#2960 = LINE('',#2961,#2962);
#2961 = CARTESIAN_POINT('',(-7.85,-29.315,9.1));
#2962 = VECTOR('',#2963,1.);
#2963 = DIRECTION('',(-1.,-0.,0.));
#2964 = FACE_BOUND('',#2965,.T.);
#2965 = EDGE_LOOP('',(#2966,#2977,#2985,#2994));
#2966 = ORIENTED_EDGE('',*,*,#2967,.F.);
#2967 = EDGE_CURVE('',#2968,#2970,#2972,.T.);
#2968 = VERTEX_POINT('',#2969);
#2969 = CARTESIAN_POINT('',(-8.785,22.86,9.1));
#2970 = VERTEX_POINT('',#2971);
#2971 = CARTESIAN_POINT('',(-11.535,22.86,9.1));
#2972 = CIRCLE('',#2973,1.375);
#2973 = AXIS2_PLACEMENT_3D('',#2974,#2975,#2976);
#2974 = CARTESIAN_POINT('',(-10.16,22.86,9.1));
#2975 = DIRECTION('',(0.,0.,1.));
#2976 = DIRECTION('',(1.,0.,-0.));
#2977 = ORIENTED_EDGE('',*,*,#2978,.F.);
#2978 = EDGE_CURVE('',#2979,#2968,#2981,.T.);
#2979 = VERTEX_POINT('',#2980);
#2980 = CARTESIAN_POINT('',(-8.785,17.78,9.1));
#2981 = LINE('',#2982,#2983);
#2982 = CARTESIAN_POINT('',(-8.785,-7.85,9.1));
#2983 = VECTOR('',#2984,1.);
#2984 = DIRECTION('',(-0.,1.,0.));
#2985 = ORIENTED_EDGE('',*,*,#2986,.F.);
#2986 = EDGE_CURVE('',#2987,#2979,#2989,.T.);
#2987 = VERTEX_POINT('',#2988);
#2988 = CARTESIAN_POINT('',(-11.535,17.78,9.1));
#2989 = CIRCLE('',#2990,1.375);
#2990 = AXIS2_PLACEMENT_3D('',#2991,#2992,#2993);
#2991 = CARTESIAN_POINT('',(-10.16,17.78,9.1));
#2992 = DIRECTION('',(0.,0.,1.));
#2993 = DIRECTION('',(1.,0.,-0.));
#2994 = ORIENTED_EDGE('',*,*,#2995,.T.);
#2995 = EDGE_CURVE('',#2987,#2970,#2996,.T.);
#2996 = LINE('',#2997,#2998);
#2997 = CARTESIAN_POINT('',(-11.535,-7.85,9.1));
#2998 = VECTOR('',#2999,1.);
#2999 = DIRECTION('',(-0.,1.,0.));
#3000 = FACE_BOUND('',#3001,.T.);
#3001 = EDGE_LOOP('',(#3002,#3013,#3021,#3030));
#3002 = ORIENTED_EDGE('',*,*,#3003,.F.);
#3003 = EDGE_CURVE('',#3004,#3006,#3008,.T.);
#3004 = VERTEX_POINT('',#3005);
#3005 = CARTESIAN_POINT('',(36.935,22.86,9.1));
#3006 = VERTEX_POINT('',#3007);
#3007 = CARTESIAN_POINT('',(34.185,22.86,9.1));
#3008 = CIRCLE('',#3009,1.375);
#3009 = AXIS2_PLACEMENT_3D('',#3010,#3011,#3012);
#3010 = CARTESIAN_POINT('',(35.56,22.86,9.1));
#3011 = DIRECTION('',(0.,0.,1.));
#3012 = DIRECTION('',(1.,0.,-0.));
#3013 = ORIENTED_EDGE('',*,*,#3014,.F.);
#3014 = EDGE_CURVE('',#3015,#3004,#3017,.T.);
#3015 = VERTEX_POINT('',#3016);
#3016 = CARTESIAN_POINT('',(36.935,17.78,9.1));
#3017 = LINE('',#3018,#3019);
#3018 = CARTESIAN_POINT('',(36.935,-7.85,9.1));
#3019 = VECTOR('',#3020,1.);
#3020 = DIRECTION('',(-0.,1.,0.));
#3021 = ORIENTED_EDGE('',*,*,#3022,.F.);
#3022 = EDGE_CURVE('',#3023,#3015,#3025,.T.);
#3023 = VERTEX_POINT('',#3024);
#3024 = CARTESIAN_POINT('',(34.185,17.78,9.1));
#3025 = CIRCLE('',#3026,1.375);
#3026 = AXIS2_PLACEMENT_3D('',#3027,#3028,#3029);
#3027 = CARTESIAN_POINT('',(35.56,17.78,9.1));
#3028 = DIRECTION('',(0.,0.,1.));
#3029 = DIRECTION('',(1.,0.,-0.));
#3030 = ORIENTED_EDGE('',*,*,#3031,.T.);
#3031 = EDGE_CURVE('',#3023,#3006,#3032,.T.);
#3032 = LINE('',#3033,#3034);
#3033 = CARTESIAN_POINT('',(34.185,-7.85,9.1));
#3034 = VECTOR('',#3035,1.);
#3035 = DIRECTION('',(-0.,1.,0.));
#3036 = FACE_BOUND('',#3037,.T.);
#3037 = EDGE_LOOP('',(#3038,#3049,#3057,#3066));
#3038 = ORIENTED_EDGE('',*,*,#3039,.F.);
#3039 = EDGE_CURVE('',#3040,#3042,#3044,.T.);
#3040 = VERTEX_POINT('',#3041);
#3041 = CARTESIAN_POINT('',(-24.025,22.86,9.1));
#3042 = VERTEX_POINT('',#3043);
#3043 = CARTESIAN_POINT('',(-26.775,22.86,9.1));
#3044 = CIRCLE('',#3045,1.375);
#3045 = AXIS2_PLACEMENT_3D('',#3046,#3047,#3048);
#3046 = CARTESIAN_POINT('',(-25.4,22.86,9.1));
#3047 = DIRECTION('',(0.,0.,1.));
#3048 = DIRECTION('',(1.,0.,-0.));
#3049 = ORIENTED_EDGE('',*,*,#3050,.F.);
#3050 = EDGE_CURVE('',#3051,#3040,#3053,.T.);
#3051 = VERTEX_POINT('',#3052);
#3052 = CARTESIAN_POINT('',(-24.025,17.78,9.1));
#3053 = LINE('',#3054,#3055);
#3054 = CARTESIAN_POINT('',(-24.025,-7.85,9.1));
#3055 = VECTOR('',#3056,1.);
#3056 = DIRECTION('',(-0.,1.,0.));
#3057 = ORIENTED_EDGE('',*,*,#3058,.F.);
#3058 = EDGE_CURVE('',#3059,#3051,#3061,.T.);
#3059 = VERTEX_POINT('',#3060);
#3060 = CARTESIAN_POINT('',(-26.775,17.78,9.1));
#3061 = CIRCLE('',#3062,1.375);
#3062 = AXIS2_PLACEMENT_3D('',#3063,#3064,#3065);
#3063 = CARTESIAN_POINT('',(-25.4,17.78,9.1));
#3064 = DIRECTION('',(0.,0.,1.));
#3065 = DIRECTION('',(1.,0.,-0.));
#3066 = ORIENTED_EDGE('',*,*,#3067,.T.);
#3067 = EDGE_CURVE('',#3059,#3042,#3068,.T.);
#3068 = LINE('',#3069,#3070);
#3069 = CARTESIAN_POINT('',(-26.775,-7.85,9.1));
#3070 = VECTOR('',#3071,1.);
#3071 = DIRECTION('',(-0.,1.,0.));
#3072 = FACE_BOUND('',#3073,.T.);
#3073 = EDGE_LOOP('',(#3074,#3085,#3093,#3101,#3109,#3118));
#3074 = ORIENTED_EDGE('',*,*,#3075,.F.);
#3075 = EDGE_CURVE('',#3076,#3078,#3080,.T.);
#3076 = VERTEX_POINT('',#3077);
#3077 = CARTESIAN_POINT('',(21.,1.344916320921,9.1));
#3078 = VERTEX_POINT('',#3079);
#3079 = CARTESIAN_POINT('',(21.695,2.54,9.1));
#3080 = CIRCLE('',#3081,1.375);
#3081 = AXIS2_PLACEMENT_3D('',#3082,#3083,#3084);
#3082 = CARTESIAN_POINT('',(20.32,2.54,9.1));
#3083 = DIRECTION('',(0.,0.,1.));
#3084 = DIRECTION('',(1.,0.,-0.));
#3085 = ORIENTED_EDGE('',*,*,#3086,.T.);
#3086 = EDGE_CURVE('',#3076,#3087,#3089,.T.);
#3087 = VERTEX_POINT('',#3088);
#3088 = CARTESIAN_POINT('',(21.,4.6,9.1));
#3089 = LINE('',#3090,#3091);
#3090 = CARTESIAN_POINT('',(21.,-4.6,9.1));
#3091 = VECTOR('',#3092,1.);
#3092 = DIRECTION('',(-0.,1.,0.));
#3093 = ORIENTED_EDGE('',*,*,#3094,.F.);
#3094 = EDGE_CURVE('',#3095,#3087,#3097,.T.);
#3095 = VERTEX_POINT('',#3096);
#3096 = CARTESIAN_POINT('',(18.945,4.6,9.1));
#3097 = LINE('',#3098,#3099);
#3098 = CARTESIAN_POINT('',(-21.,4.6,9.1));
#3099 = VECTOR('',#3100,1.);
#3100 = DIRECTION('',(1.,0.,-0.));
#3101 = ORIENTED_EDGE('',*,*,#3102,.T.);
#3102 = EDGE_CURVE('',#3095,#3103,#3105,.T.);
#3103 = VERTEX_POINT('',#3104);
#3104 = CARTESIAN_POINT('',(18.945,7.62,9.1));
#3105 = LINE('',#3106,#3107);
#3106 = CARTESIAN_POINT('',(18.945,-15.47,9.1));
#3107 = VECTOR('',#3108,1.);
#3108 = DIRECTION('',(-0.,1.,0.));
#3109 = ORIENTED_EDGE('',*,*,#3110,.F.);
#3110 = EDGE_CURVE('',#3111,#3103,#3113,.T.);
#3111 = VERTEX_POINT('',#3112);
#3112 = CARTESIAN_POINT('',(21.695,7.62,9.1));
#3113 = CIRCLE('',#3114,1.375);
#3114 = AXIS2_PLACEMENT_3D('',#3115,#3116,#3117);
#3115 = CARTESIAN_POINT('',(20.32,7.62,9.1));
#3116 = DIRECTION('',(0.,0.,1.));
#3117 = DIRECTION('',(1.,0.,-0.));
#3118 = ORIENTED_EDGE('',*,*,#3119,.F.);
#3119 = EDGE_CURVE('',#3078,#3111,#3120,.T.);
#3120 = LINE('',#3121,#3122);
#3121 = CARTESIAN_POINT('',(21.695,-15.47,9.1));
#3122 = VECTOR('',#3123,1.);
#3123 = DIRECTION('',(-0.,1.,0.));
#3124 = FACE_BOUND('',#3125,.T.);
#3125 = EDGE_LOOP('',(#3126,#3137,#3145,#3153,#3161,#3170));
#3126 = ORIENTED_EDGE('',*,*,#3127,.F.);
#3127 = EDGE_CURVE('',#3128,#3130,#3132,.T.);
#3128 = VERTEX_POINT('',#3129);
#3129 = CARTESIAN_POINT('',(-21.,-1.344916320921,9.1));
#3130 = VERTEX_POINT('',#3131);
#3131 = CARTESIAN_POINT('',(-21.695,-2.54,9.1));
#3132 = CIRCLE('',#3133,1.375);
#3133 = AXIS2_PLACEMENT_3D('',#3134,#3135,#3136);
#3134 = CARTESIAN_POINT('',(-20.32,-2.54,9.1));
#3135 = DIRECTION('',(0.,0.,1.));
#3136 = DIRECTION('',(1.,0.,-0.));
#3137 = ORIENTED_EDGE('',*,*,#3138,.F.);
#3138 = EDGE_CURVE('',#3139,#3128,#3141,.T.);
#3139 = VERTEX_POINT('',#3140);
#3140 = CARTESIAN_POINT('',(-21.,-4.6,9.1));
#3141 = LINE('',#3142,#3143);
#3142 = CARTESIAN_POINT('',(-21.,-4.6,9.1));
#3143 = VECTOR('',#3144,1.);
#3144 = DIRECTION('',(-0.,1.,0.));
#3145 = ORIENTED_EDGE('',*,*,#3146,.T.);
#3146 = EDGE_CURVE('',#3139,#3147,#3149,.T.);
#3147 = VERTEX_POINT('',#3148);
#3148 = CARTESIAN_POINT('',(-18.945,-4.6,9.1));
#3149 = LINE('',#3150,#3151);
#3150 = CARTESIAN_POINT('',(-21.,-4.6,9.1));
#3151 = VECTOR('',#3152,1.);
#3152 = DIRECTION('',(1.,0.,-0.));
#3153 = ORIENTED_EDGE('',*,*,#3154,.F.);
#3154 = EDGE_CURVE('',#3155,#3147,#3157,.T.);
#3155 = VERTEX_POINT('',#3156);
#3156 = CARTESIAN_POINT('',(-18.945,-7.62,9.1));
#3157 = LINE('',#3158,#3159);
#3158 = CARTESIAN_POINT('',(-18.945,-20.55,9.1));
#3159 = VECTOR('',#3160,1.);
#3160 = DIRECTION('',(-0.,1.,0.));
#3161 = ORIENTED_EDGE('',*,*,#3162,.F.);
#3162 = EDGE_CURVE('',#3163,#3155,#3165,.T.);
#3163 = VERTEX_POINT('',#3164);
#3164 = CARTESIAN_POINT('',(-21.695,-7.62,9.1));
#3165 = CIRCLE('',#3166,1.375);
#3166 = AXIS2_PLACEMENT_3D('',#3167,#3168,#3169);
#3167 = CARTESIAN_POINT('',(-20.32,-7.62,9.1));
#3168 = DIRECTION('',(0.,0.,1.));
#3169 = DIRECTION('',(1.,0.,-0.));
#3170 = ORIENTED_EDGE('',*,*,#3171,.T.);
#3171 = EDGE_CURVE('',#3163,#3130,#3172,.T.);
#3172 = LINE('',#3173,#3174);
#3173 = CARTESIAN_POINT('',(-21.695,-20.55,9.1));
#3174 = VECTOR('',#3175,1.);
#3175 = DIRECTION('',(-0.,1.,0.));
#3176 = FACE_BOUND('',#3177,.T.);
#3177 = EDGE_LOOP('',(#3178,#3188,#3196,#3204));
#3178 = ORIENTED_EDGE('',*,*,#3179,.T.);
#3179 = EDGE_CURVE('',#3180,#3182,#3184,.T.);
#3180 = VERTEX_POINT('',#3181);
#3181 = CARTESIAN_POINT('',(8.785,-7.62,9.1));
#3182 = VERTEX_POINT('',#3183);
#3183 = CARTESIAN_POINT('',(8.785,-4.6,9.1));
#3184 = LINE('',#3185,#3186);
#3185 = CARTESIAN_POINT('',(8.785,-20.55,9.1));
#3186 = VECTOR('',#3187,1.);
#3187 = DIRECTION('',(-0.,1.,0.));
#3188 = ORIENTED_EDGE('',*,*,#3189,.T.);
#3189 = EDGE_CURVE('',#3182,#3190,#3192,.T.);
#3190 = VERTEX_POINT('',#3191);
#3191 = CARTESIAN_POINT('',(11.535,-4.6,9.1));
#3192 = LINE('',#3193,#3194);
#3193 = CARTESIAN_POINT('',(-21.,-4.6,9.1));
#3194 = VECTOR('',#3195,1.);
#3195 = DIRECTION('',(1.,0.,-0.));
#3196 = ORIENTED_EDGE('',*,*,#3197,.F.);
#3197 = EDGE_CURVE('',#3198,#3190,#3200,.T.);
#3198 = VERTEX_POINT('',#3199);
#3199 = CARTESIAN_POINT('',(11.535,-7.62,9.1));
#3200 = LINE('',#3201,#3202);
#3201 = CARTESIAN_POINT('',(11.535,-20.55,9.1));
#3202 = VECTOR('',#3203,1.);
#3203 = DIRECTION('',(-0.,1.,0.));
#3204 = ORIENTED_EDGE('',*,*,#3205,.F.);
#3205 = EDGE_CURVE('',#3180,#3198,#3206,.T.);
#3206 = CIRCLE('',#3207,1.375);
#3207 = AXIS2_PLACEMENT_3D('',#3208,#3209,#3210);
#3208 = CARTESIAN_POINT('',(10.16,-7.62,9.1));
#3209 = DIRECTION('',(0.,0.,1.));
#3210 = DIRECTION('',(1.,0.,-0.));
#3211 = FACE_BOUND('',#3212,.T.);
#3212 = EDGE_LOOP('',(#3213,#3223,#3231,#3239));
#3213 = ORIENTED_EDGE('',*,*,#3214,.T.);
#3214 = EDGE_CURVE('',#3215,#3217,#3219,.T.);
#3215 = VERTEX_POINT('',#3216);
#3216 = CARTESIAN_POINT('',(-6.455,-7.62,9.1));
#3217 = VERTEX_POINT('',#3218);
#3218 = CARTESIAN_POINT('',(-6.455,-4.6,9.1));
#3219 = LINE('',#3220,#3221);
#3220 = CARTESIAN_POINT('',(-6.455,-20.55,9.1));
#3221 = VECTOR('',#3222,1.);
#3222 = DIRECTION('',(-0.,1.,0.));
#3223 = ORIENTED_EDGE('',*,*,#3224,.T.);
#3224 = EDGE_CURVE('',#3217,#3225,#3227,.T.);
#3225 = VERTEX_POINT('',#3226);
#3226 = CARTESIAN_POINT('',(-3.705,-4.6,9.1));
#3227 = LINE('',#3228,#3229);
#3228 = CARTESIAN_POINT('',(-21.,-4.6,9.1));
#3229 = VECTOR('',#3230,1.);
#3230 = DIRECTION('',(1.,0.,-0.));
#3231 = ORIENTED_EDGE('',*,*,#3232,.F.);
#3232 = EDGE_CURVE('',#3233,#3225,#3235,.T.);
#3233 = VERTEX_POINT('',#3234);
#3234 = CARTESIAN_POINT('',(-3.705,-7.62,9.1));
#3235 = LINE('',#3236,#3237);
#3236 = CARTESIAN_POINT('',(-3.705,-20.55,9.1));
#3237 = VECTOR('',#3238,1.);
#3238 = DIRECTION('',(-0.,1.,0.));
#3239 = ORIENTED_EDGE('',*,*,#3240,.F.);
#3240 = EDGE_CURVE('',#3215,#3233,#3241,.T.);
#3241 = CIRCLE('',#3242,1.375);
#3242 = AXIS2_PLACEMENT_3D('',#3243,#3244,#3245);
#3243 = CARTESIAN_POINT('',(-5.08,-7.62,9.1));
#3244 = DIRECTION('',(0.,0.,1.));
#3245 = DIRECTION('',(1.,0.,-0.));
#3246 = FACE_BOUND('',#3247,.T.);
#3247 = EDGE_LOOP('',(#3248,#3258,#3266,#3274));
#3248 = ORIENTED_EDGE('',*,*,#3249,.F.);
#3249 = EDGE_CURVE('',#3250,#3252,#3254,.T.);
#3250 = VERTEX_POINT('',#3251);
#3251 = CARTESIAN_POINT('',(-8.785,4.6,9.1));
#3252 = VERTEX_POINT('',#3253);
#3253 = CARTESIAN_POINT('',(-8.785,7.62,9.1));
#3254 = LINE('',#3255,#3256);
#3255 = CARTESIAN_POINT('',(-8.785,-15.47,9.1));
#3256 = VECTOR('',#3257,1.);
#3257 = DIRECTION('',(-0.,1.,0.));
#3258 = ORIENTED_EDGE('',*,*,#3259,.F.);
#3259 = EDGE_CURVE('',#3260,#3250,#3262,.T.);
#3260 = VERTEX_POINT('',#3261);
#3261 = CARTESIAN_POINT('',(-11.535,4.6,9.1));
#3262 = LINE('',#3263,#3264);
#3263 = CARTESIAN_POINT('',(-21.,4.6,9.1));
#3264 = VECTOR('',#3265,1.);
#3265 = DIRECTION('',(1.,0.,-0.));
#3266 = ORIENTED_EDGE('',*,*,#3267,.T.);
#3267 = EDGE_CURVE('',#3260,#3268,#3270,.T.);
#3268 = VERTEX_POINT('',#3269);
#3269 = CARTESIAN_POINT('',(-11.535,7.62,9.1));
#3270 = LINE('',#3271,#3272);
#3271 = CARTESIAN_POINT('',(-11.535,-15.47,9.1));
#3272 = VECTOR('',#3273,1.);
#3273 = DIRECTION('',(-0.,1.,0.));
#3274 = ORIENTED_EDGE('',*,*,#3275,.F.);
#3275 = EDGE_CURVE('',#3252,#3268,#3276,.T.);
#3276 = CIRCLE('',#3277,1.375);
#3277 = AXIS2_PLACEMENT_3D('',#3278,#3279,#3280);
#3278 = CARTESIAN_POINT('',(-10.16,7.62,9.1));
#3279 = DIRECTION('',(0.,0.,1.));
#3280 = DIRECTION('',(1.,0.,-0.));
#3281 = FACE_BOUND('',#3282,.T.);
#3282 = EDGE_LOOP('',(#3283,#3293,#3301,#3309));
#3283 = ORIENTED_EDGE('',*,*,#3284,.F.);
#3284 = EDGE_CURVE('',#3285,#3287,#3289,.T.);
#3285 = VERTEX_POINT('',#3286);
#3286 = CARTESIAN_POINT('',(6.455,4.6,9.1));
#3287 = VERTEX_POINT('',#3288);
#3288 = CARTESIAN_POINT('',(6.455,7.62,9.1));
#3289 = LINE('',#3290,#3291);
#3290 = CARTESIAN_POINT('',(6.455,-15.47,9.1));
#3291 = VECTOR('',#3292,1.);
#3292 = DIRECTION('',(-0.,1.,0.));
#3293 = ORIENTED_EDGE('',*,*,#3294,.F.);
#3294 = EDGE_CURVE('',#3295,#3285,#3297,.T.);
#3295 = VERTEX_POINT('',#3296);
#3296 = CARTESIAN_POINT('',(3.705,4.6,9.1));
#3297 = LINE('',#3298,#3299);
#3298 = CARTESIAN_POINT('',(-21.,4.6,9.1));
#3299 = VECTOR('',#3300,1.);
#3300 = DIRECTION('',(1.,0.,-0.));
#3301 = ORIENTED_EDGE('',*,*,#3302,.T.);
#3302 = EDGE_CURVE('',#3295,#3303,#3305,.T.);
#3303 = VERTEX_POINT('',#3304);
#3304 = CARTESIAN_POINT('',(3.705,7.62,9.1));
#3305 = LINE('',#3306,#3307);
#3306 = CARTESIAN_POINT('',(3.705,-15.47,9.1));
#3307 = VECTOR('',#3308,1.);
#3308 = DIRECTION('',(-0.,1.,0.));
#3309 = ORIENTED_EDGE('',*,*,#3310,.F.);
#3310 = EDGE_CURVE('',#3287,#3303,#3311,.T.);
#3311 = CIRCLE('',#3312,1.375);
#3312 = AXIS2_PLACEMENT_3D('',#3313,#3314,#3315);
#3313 = CARTESIAN_POINT('',(5.08,7.62,9.1));
#3314 = DIRECTION('',(0.,0.,1.));
#3315 = DIRECTION('',(1.,0.,-0.));
#3316 = FACE_BOUND('',#3317,.T.);
#3317 = EDGE_LOOP('',(#3318,#3329,#3338,#3347,#3356));
#3318 = ORIENTED_EDGE('',*,*,#3319,.F.);
#3319 = EDGE_CURVE('',#3320,#3322,#3324,.T.);
#3320 = VERTEX_POINT('',#3321);
#3321 = CARTESIAN_POINT('',(-15.23805160779,1.165001380449,9.1));
#3322 = VERTEX_POINT('',#3323);
#3323 = CARTESIAN_POINT('',(-15.23805290678,-1.165,9.1));
#3324 = CIRCLE('',#3325,1.7);
#3325 = AXIS2_PLACEMENT_3D('',#3326,#3327,#3328);
#3326 = CARTESIAN_POINT('',(-14.,0.,9.1));
#3327 = DIRECTION('',(0.,0.,1.));
#3328 = DIRECTION('',(1.,0.,-0.));
#3329 = ORIENTED_EDGE('',*,*,#3330,.F.);
#3330 = EDGE_CURVE('',#3331,#3320,#3333,.T.);
#3331 = VERTEX_POINT('',#3332);
#3332 = CARTESIAN_POINT('',(-14.15706091912,1.692729118224,9.1));
#3333 = CIRCLE('',#3334,1.7);
#3334 = AXIS2_PLACEMENT_3D('',#3335,#3336,#3337);
#3335 = CARTESIAN_POINT('',(-14.,0.,9.1));
#3336 = DIRECTION('',(0.,0.,1.));
#3337 = DIRECTION('',(1.,0.,-0.));
#3338 = ORIENTED_EDGE('',*,*,#3339,.F.);
#3339 = EDGE_CURVE('',#3340,#3331,#3342,.T.);
#3340 = VERTEX_POINT('',#3341);
#3341 = CARTESIAN_POINT('',(-12.3,-4.163799117101E-16,9.1));
#3342 = CIRCLE('',#3343,1.7);
#3343 = AXIS2_PLACEMENT_3D('',#3344,#3345,#3346);
#3344 = CARTESIAN_POINT('',(-14.,0.,9.1));
#3345 = DIRECTION('',(0.,0.,1.));
#3346 = DIRECTION('',(1.,0.,-0.));
#3347 = ORIENTED_EDGE('',*,*,#3348,.F.);
#3348 = EDGE_CURVE('',#3349,#3340,#3351,.T.);
#3349 = VERTEX_POINT('',#3350);
#3350 = CARTESIAN_POINT('',(-12.76194709321,-1.165,9.1));
#3351 = CIRCLE('',#3352,1.7);
#3352 = AXIS2_PLACEMENT_3D('',#3353,#3354,#3355);
#3353 = CARTESIAN_POINT('',(-14.,0.,9.1));
#3354 = DIRECTION('',(0.,0.,1.));
#3355 = DIRECTION('',(1.,0.,-0.));
#3356 = ORIENTED_EDGE('',*,*,#3357,.F.);
#3357 = EDGE_CURVE('',#3322,#3349,#3358,.T.);
#3358 = CIRCLE('',#3359,1.7);
#3359 = AXIS2_PLACEMENT_3D('',#3360,#3361,#3362);
#3360 = CARTESIAN_POINT('',(-14.,0.,9.1));
#3361 = DIRECTION('',(0.,0.,1.));
#3362 = DIRECTION('',(1.,0.,-0.));
#3363 = FACE_BOUND('',#3364,.T.);
#3364 = EDGE_LOOP('',(#3365,#3376,#3385,#3394,#3403));
#3365 = ORIENTED_EDGE('',*,*,#3366,.F.);
#3366 = EDGE_CURVE('',#3367,#3369,#3371,.T.);
#3367 = VERTEX_POINT('',#3368);
#3368 = CARTESIAN_POINT('',(15.23805160779,-1.165001380449,9.1));
#3369 = VERTEX_POINT('',#3370);
#3370 = CARTESIAN_POINT('',(15.7,-4.163799117101E-16,9.1));
#3371 = CIRCLE('',#3372,1.7);
#3372 = AXIS2_PLACEMENT_3D('',#3373,#3374,#3375);
#3373 = CARTESIAN_POINT('',(14.,0.,9.1));
#3374 = DIRECTION('',(0.,0.,1.));
#3375 = DIRECTION('',(1.,0.,-0.));
#3376 = ORIENTED_EDGE('',*,*,#3377,.F.);
#3377 = EDGE_CURVE('',#3378,#3367,#3380,.T.);
#3378 = VERTEX_POINT('',#3379);
#3379 = CARTESIAN_POINT('',(14.157060919121,-1.692729118224,9.1));
#3380 = CIRCLE('',#3381,1.7);
#3381 = AXIS2_PLACEMENT_3D('',#3382,#3383,#3384);
#3382 = CARTESIAN_POINT('',(14.,0.,9.1));
#3383 = DIRECTION('',(0.,0.,1.));
#3384 = DIRECTION('',(1.,0.,-0.));
#3385 = ORIENTED_EDGE('',*,*,#3386,.F.);
#3386 = EDGE_CURVE('',#3387,#3378,#3389,.T.);
#3387 = VERTEX_POINT('',#3388);
#3388 = CARTESIAN_POINT('',(12.761947093215,1.165,9.1));
#3389 = CIRCLE('',#3390,1.7);
#3390 = AXIS2_PLACEMENT_3D('',#3391,#3392,#3393);
#3391 = CARTESIAN_POINT('',(14.,0.,9.1));
#3392 = DIRECTION('',(0.,0.,1.));
#3393 = DIRECTION('',(1.,0.,-0.));
#3394 = ORIENTED_EDGE('',*,*,#3395,.F.);
#3395 = EDGE_CURVE('',#3396,#3387,#3398,.T.);
#3396 = VERTEX_POINT('',#3397);
#3397 = CARTESIAN_POINT('',(15.238052906785,1.165,9.1));
#3398 = CIRCLE('',#3399,1.7);
#3399 = AXIS2_PLACEMENT_3D('',#3400,#3401,#3402);
#3400 = CARTESIAN_POINT('',(14.,0.,9.1));
#3401 = DIRECTION('',(0.,0.,1.));
#3402 = DIRECTION('',(1.,0.,-0.));
#3403 = ORIENTED_EDGE('',*,*,#3404,.F.);
#3404 = EDGE_CURVE('',#3369,#3396,#3405,.T.);
#3405 = CIRCLE('',#3406,1.7);
#3406 = AXIS2_PLACEMENT_3D('',#3407,#3408,#3409);
#3407 = CARTESIAN_POINT('',(14.,0.,9.1));
#3408 = DIRECTION('',(0.,0.,1.));
#3409 = DIRECTION('',(1.,0.,-0.));
#3410 = FACE_BOUND('',#3411,.T.);
#3411 = EDGE_LOOP('',(#3412));
#3412 = ORIENTED_EDGE('',*,*,#3413,.F.);
#3413 = EDGE_CURVE('',#3414,#3414,#3416,.T.);
#3414 = VERTEX_POINT('',#3415);
#3415 = CARTESIAN_POINT('',(-13.865,22.86,9.1));
#3416 = CIRCLE('',#3417,1.375);
#3417 = AXIS2_PLACEMENT_3D('',#3418,#3419,#3420);
#3418 = CARTESIAN_POINT('',(-15.24,22.86,9.1));
#3419 = DIRECTION('',(0.,0.,1.));
#3420 = DIRECTION('',(1.,0.,-0.));
#3421 = FACE_BOUND('',#3422,.T.);
#3422 = EDGE_LOOP('',(#3423));
#3423 = ORIENTED_EDGE('',*,*,#3424,.F.);
#3424 = EDGE_CURVE('',#3425,#3425,#3427,.T.);
#3425 = VERTEX_POINT('',#3426);
#3426 = CARTESIAN_POINT('',(16.615,-7.62,9.1));
#3427 = CIRCLE('',#3428,1.375);
#3428 = AXIS2_PLACEMENT_3D('',#3429,#3430,#3431);
#3429 = CARTESIAN_POINT('',(15.24,-7.62,9.1));
#3430 = DIRECTION('',(0.,0.,1.));
#3431 = DIRECTION('',(1.,0.,-0.));
#3432 = FACE_BOUND('',#3433,.T.);
#3433 = EDGE_LOOP('',(#3434));
#3434 = ORIENTED_EDGE('',*,*,#3435,.F.);
#3435 = EDGE_CURVE('',#3436,#3436,#3438,.T.);
#3436 = VERTEX_POINT('',#3437);
#3437 = CARTESIAN_POINT('',(1.375,7.62,9.1));
#3438 = CIRCLE('',#3439,1.375);
#3439 = AXIS2_PLACEMENT_3D('',#3440,#3441,#3442);
#3440 = CARTESIAN_POINT('',(7.105427357601E-15,7.62,9.1));
#3441 = DIRECTION('',(0.,0.,1.));
#3442 = DIRECTION('',(1.,0.,-0.));
#3443 = FACE_BOUND('',#3444,.T.);
#3444 = EDGE_LOOP('',(#3445));
#3445 = ORIENTED_EDGE('',*,*,#3446,.F.);
#3446 = EDGE_CURVE('',#3447,#3447,#3449,.T.);
#3447 = VERTEX_POINT('',#3448);
#3448 = CARTESIAN_POINT('',(-13.865,7.62,9.1));
#3449 = CIRCLE('',#3450,1.375);
#3450 = AXIS2_PLACEMENT_3D('',#3451,#3452,#3453);
#3451 = CARTESIAN_POINT('',(-15.24,7.62,9.1));
#3452 = DIRECTION('',(0.,0.,1.));
#3453 = DIRECTION('',(1.,0.,-0.));
#3454 = FACE_BOUND('',#3455,.T.);
#3455 = EDGE_LOOP('',(#3456));
#3456 = ORIENTED_EDGE('',*,*,#3457,.F.);
#3457 = EDGE_CURVE('',#3458,#3458,#3460,.T.);
#3458 = VERTEX_POINT('',#3459);
#3459 = CARTESIAN_POINT('',(31.855,-7.62,9.1));
#3460 = CIRCLE('',#3461,1.375);
#3461 = AXIS2_PLACEMENT_3D('',#3462,#3463,#3464);
#3462 = CARTESIAN_POINT('',(30.48,-7.62,9.1));
#3463 = DIRECTION('',(0.,0.,1.));
#3464 = DIRECTION('',(1.,0.,-0.));
#3465 = FACE_BOUND('',#3466,.T.);
#3466 = EDGE_LOOP('',(#3467));
#3467 = ORIENTED_EDGE('',*,*,#3468,.F.);
#3468 = EDGE_CURVE('',#3469,#3469,#3471,.T.);
#3469 = VERTEX_POINT('',#3470);
#3470 = CARTESIAN_POINT('',(16.615,7.62,9.1));
#3471 = CIRCLE('',#3472,1.375);
#3472 = AXIS2_PLACEMENT_3D('',#3473,#3474,#3475);
#3473 = CARTESIAN_POINT('',(15.24,7.62,9.1));
#3474 = DIRECTION('',(0.,0.,1.));
#3475 = DIRECTION('',(1.,0.,-0.));
#3476 = FACE_BOUND('',#3477,.T.);
#3477 = EDGE_LOOP('',(#3478));
#3478 = ORIENTED_EDGE('',*,*,#3479,.F.);
#3479 = EDGE_CURVE('',#3480,#3480,#3482,.T.);
#3480 = VERTEX_POINT('',#3481);
#3481 = CARTESIAN_POINT('',(-29.105,7.62,9.1));
#3482 = CIRCLE('',#3483,1.375);
#3483 = AXIS2_PLACEMENT_3D('',#3484,#3485,#3486);
#3484 = CARTESIAN_POINT('',(-30.48,7.62,9.1));
#3485 = DIRECTION('',(0.,0.,1.));
#3486 = DIRECTION('',(1.,0.,-0.));
#3487 = FACE_BOUND('',#3488,.T.);
#3488 = EDGE_LOOP('',(#3489));
#3489 = ORIENTED_EDGE('',*,*,#3490,.F.);
#3490 = EDGE_CURVE('',#3491,#3491,#3493,.T.);
#3491 = VERTEX_POINT('',#3492);
#3492 = CARTESIAN_POINT('',(1.375,-7.62,9.1));
#3493 = CIRCLE('',#3494,1.375);
#3494 = AXIS2_PLACEMENT_3D('',#3495,#3496,#3497);
#3495 = CARTESIAN_POINT('',(7.105427357601E-15,-7.62,9.1));
#3496 = DIRECTION('',(0.,0.,1.));
#3497 = DIRECTION('',(1.,0.,-0.));
#3498 = FACE_BOUND('',#3499,.T.);
#3499 = EDGE_LOOP('',(#3500));
#3500 = ORIENTED_EDGE('',*,*,#3501,.F.);
#3501 = EDGE_CURVE('',#3502,#3502,#3504,.T.);
#3502 = VERTEX_POINT('',#3503);
#3503 = CARTESIAN_POINT('',(31.855,-22.86,9.1));
#3504 = CIRCLE('',#3505,1.375);
#3505 = AXIS2_PLACEMENT_3D('',#3506,#3507,#3508);
#3506 = CARTESIAN_POINT('',(30.48,-22.86,9.1));
#3507 = DIRECTION('',(0.,0.,1.));
#3508 = DIRECTION('',(1.,0.,-0.));
#3509 = FACE_BOUND('',#3510,.T.);
#3510 = EDGE_LOOP('',(#3511));
#3511 = ORIENTED_EDGE('',*,*,#3512,.F.);
#3512 = EDGE_CURVE('',#3513,#3513,#3515,.T.);
#3513 = VERTEX_POINT('',#3514);
#3514 = CARTESIAN_POINT('',(31.855,7.62,9.1));
#3515 = CIRCLE('',#3516,1.375);
#3516 = AXIS2_PLACEMENT_3D('',#3517,#3518,#3519);
#3517 = CARTESIAN_POINT('',(30.48,7.62,9.1));
#3518 = DIRECTION('',(0.,0.,1.));
#3519 = DIRECTION('',(1.,0.,-0.));
#3520 = FACE_BOUND('',#3521,.T.);
#3521 = EDGE_LOOP('',(#3522));
#3522 = ORIENTED_EDGE('',*,*,#3523,.F.);
#3523 = EDGE_CURVE('',#3524,#3524,#3526,.T.);
#3524 = VERTEX_POINT('',#3525);
#3525 = CARTESIAN_POINT('',(16.615,-22.86,9.1));
#3526 = CIRCLE('',#3527,1.375);
#3527 = AXIS2_PLACEMENT_3D('',#3528,#3529,#3530);
#3528 = CARTESIAN_POINT('',(15.24,-22.86,9.1));
#3529 = DIRECTION('',(0.,0.,1.));
#3530 = DIRECTION('',(1.,0.,-0.));
#3531 = FACE_BOUND('',#3532,.T.);
#3532 = EDGE_LOOP('',(#3533));
#3533 = ORIENTED_EDGE('',*,*,#3534,.F.);
#3534 = EDGE_CURVE('',#3535,#3535,#3537,.T.);
#3535 = VERTEX_POINT('',#3536);
#3536 = CARTESIAN_POINT('',(1.375,-22.86,9.1));
#3537 = CIRCLE('',#3538,1.375);
#3538 = AXIS2_PLACEMENT_3D('',#3539,#3540,#3541);
#3539 = CARTESIAN_POINT('',(7.105427357601E-15,-22.86,9.1));
#3540 = DIRECTION('',(0.,0.,1.));
#3541 = DIRECTION('',(1.,0.,-0.));
#3542 = FACE_BOUND('',#3543,.T.);
#3543 = EDGE_LOOP('',(#3544));
#3544 = ORIENTED_EDGE('',*,*,#3545,.F.);
#3545 = EDGE_CURVE('',#3546,#3546,#3548,.T.);
#3546 = VERTEX_POINT('',#3547);
#3547 = CARTESIAN_POINT('',(-13.865,-7.62,9.1));
#3548 = CIRCLE('',#3549,1.375);
#3549 = AXIS2_PLACEMENT_3D('',#3550,#3551,#3552);
#3550 = CARTESIAN_POINT('',(-15.24,-7.62,9.1));
#3551 = DIRECTION('',(0.,0.,1.));
#3552 = DIRECTION('',(1.,0.,-0.));
#3553 = FACE_BOUND('',#3554,.T.);
#3554 = EDGE_LOOP('',(#3555));
#3555 = ORIENTED_EDGE('',*,*,#3556,.F.);
#3556 = EDGE_CURVE('',#3557,#3557,#3559,.T.);
#3557 = VERTEX_POINT('',#3558);
#3558 = CARTESIAN_POINT('',(1.375,22.86,9.1));
#3559 = CIRCLE('',#3560,1.375);
#3560 = AXIS2_PLACEMENT_3D('',#3561,#3562,#3563);
#3561 = CARTESIAN_POINT('',(7.105427357601E-15,22.86,9.1));
#3562 = DIRECTION('',(0.,0.,1.));
#3563 = DIRECTION('',(1.,0.,-0.));
#3564 = FACE_BOUND('',#3565,.T.);
#3565 = EDGE_LOOP('',(#3566));
#3566 = ORIENTED_EDGE('',*,*,#3567,.F.);
#3567 = EDGE_CURVE('',#3568,#3568,#3570,.T.);
#3568 = VERTEX_POINT('',#3569);
#3569 = CARTESIAN_POINT('',(-29.105,-7.62,9.1));
#3570 = CIRCLE('',#3571,1.375);
#3571 = AXIS2_PLACEMENT_3D('',#3572,#3573,#3574);
#3572 = CARTESIAN_POINT('',(-30.48,-7.62,9.1));
#3573 = DIRECTION('',(0.,0.,1.));
#3574 = DIRECTION('',(1.,0.,-0.));
#3575 = FACE_BOUND('',#3576,.T.);
#3576 = EDGE_LOOP('',(#3577));
#3577 = ORIENTED_EDGE('',*,*,#3578,.F.);
#3578 = EDGE_CURVE('',#3579,#3579,#3581,.T.);
#3579 = VERTEX_POINT('',#3580);
#3580 = CARTESIAN_POINT('',(16.615,22.86,9.1));
#3581 = CIRCLE('',#3582,1.375);
#3582 = AXIS2_PLACEMENT_3D('',#3583,#3584,#3585);
#3583 = CARTESIAN_POINT('',(15.24,22.86,9.1));
#3584 = DIRECTION('',(0.,0.,1.));
#3585 = DIRECTION('',(1.,0.,-0.));
#3586 = FACE_BOUND('',#3587,.T.);
#3587 = EDGE_LOOP('',(#3588));
#3588 = ORIENTED_EDGE('',*,*,#3589,.F.);
#3589 = EDGE_CURVE('',#3590,#3590,#3592,.T.);
#3590 = VERTEX_POINT('',#3591);
#3591 = CARTESIAN_POINT('',(-29.105,-22.86,9.1));
#3592 = CIRCLE('',#3593,1.375);
#3593 = AXIS2_PLACEMENT_3D('',#3594,#3595,#3596);
#3594 = CARTESIAN_POINT('',(-30.48,-22.86,9.1));
#3595 = DIRECTION('',(0.,0.,1.));
#3596 = DIRECTION('',(1.,0.,-0.));
#3597 = FACE_BOUND('',#3598,.T.);
#3598 = EDGE_LOOP('',(#3599));
#3599 = ORIENTED_EDGE('',*,*,#3600,.F.);
#3600 = EDGE_CURVE('',#3601,#3601,#3603,.T.);
#3601 = VERTEX_POINT('',#3602);
#3602 = CARTESIAN_POINT('',(-13.865,-22.86,9.1));
#3603 = CIRCLE('',#3604,1.375);
#3604 = AXIS2_PLACEMENT_3D('',#3605,#3606,#3607);
#3605 = CARTESIAN_POINT('',(-15.24,-22.86,9.1));
#3606 = DIRECTION('',(0.,0.,1.));
#3607 = DIRECTION('',(1.,0.,-0.));
#3608 = FACE_BOUND('',#3609,.T.);
#3609 = EDGE_LOOP('',(#3610));
#3610 = ORIENTED_EDGE('',*,*,#3611,.F.);
#3611 = EDGE_CURVE('',#3612,#3612,#3614,.T.);
#3612 = VERTEX_POINT('',#3613);
#3613 = CARTESIAN_POINT('',(31.855,22.86,9.1));
#3614 = CIRCLE('',#3615,1.375);
#3615 = AXIS2_PLACEMENT_3D('',#3616,#3617,#3618);
#3616 = CARTESIAN_POINT('',(30.48,22.86,9.1));
#3617 = DIRECTION('',(0.,0.,1.));
#3618 = DIRECTION('',(1.,0.,-0.));
#3619 = FACE_BOUND('',#3620,.T.);
#3620 = EDGE_LOOP('',(#3621));
#3621 = ORIENTED_EDGE('',*,*,#3622,.F.);
#3622 = EDGE_CURVE('',#3623,#3623,#3625,.T.);
#3623 = VERTEX_POINT('',#3624);
#3624 = CARTESIAN_POINT('',(-29.105,22.86,9.1));
#3625 = CIRCLE('',#3626,1.375);
#3626 = AXIS2_PLACEMENT_3D('',#3627,#3628,#3629);
#3627 = CARTESIAN_POINT('',(-30.48,22.86,9.1));
#3628 = DIRECTION('',(0.,0.,1.));
#3629 = DIRECTION('',(1.,0.,-0.));
#3630 = FACE_BOUND('',#3631,.T.);
#3631 = EDGE_LOOP('',(#3632,#3643));
#3632 = ORIENTED_EDGE('',*,*,#3633,.F.);
#3633 = EDGE_CURVE('',#3634,#3636,#3638,.T.);
#3634 = VERTEX_POINT('',#3635);
#3635 = CARTESIAN_POINT('',(-21.,3.735083679079,9.1));
#3636 = VERTEX_POINT('',#3637);
#3637 = CARTESIAN_POINT('',(-21.,1.344916320921,9.1));
#3638 = CIRCLE('',#3639,1.375);
#3639 = AXIS2_PLACEMENT_3D('',#3640,#3641,#3642);
#3640 = CARTESIAN_POINT('',(-20.32,2.54,9.1));
#3641 = DIRECTION('',(0.,0.,1.));
#3642 = DIRECTION('',(1.,0.,-0.));
#3643 = ORIENTED_EDGE('',*,*,#3644,.F.);
#3644 = EDGE_CURVE('',#3636,#3634,#3645,.T.);
#3645 = LINE('',#3646,#3647);
#3646 = CARTESIAN_POINT('',(-21.,-4.6,9.1));
#3647 = VECTOR('',#3648,1.);
#3648 = DIRECTION('',(-0.,1.,0.));
#3649 = FACE_BOUND('',#3650,.T.);
#3650 = EDGE_LOOP('',(#3651,#3662,#3670));
#3651 = ORIENTED_EDGE('',*,*,#3652,.F.);
#3652 = EDGE_CURVE('',#3653,#3655,#3657,.T.);
#3653 = VERTEX_POINT('',#3654);
#3654 = CARTESIAN_POINT('',(21.,-3.735083679079,9.1));
#3655 = VERTEX_POINT('',#3656);
#3656 = CARTESIAN_POINT('',(21.695,-2.54,9.1));
#3657 = CIRCLE('',#3658,1.375);
#3658 = AXIS2_PLACEMENT_3D('',#3659,#3660,#3661);
#3659 = CARTESIAN_POINT('',(20.32,-2.54,9.1));
#3660 = DIRECTION('',(0.,0.,1.));
#3661 = DIRECTION('',(1.,0.,-0.));
#3662 = ORIENTED_EDGE('',*,*,#3663,.T.);
#3663 = EDGE_CURVE('',#3653,#3664,#3666,.T.);
#3664 = VERTEX_POINT('',#3665);
#3665 = CARTESIAN_POINT('',(21.,-1.344916320921,9.1));
#3666 = LINE('',#3667,#3668);
#3667 = CARTESIAN_POINT('',(21.,-4.6,9.1));
#3668 = VECTOR('',#3669,1.);
#3669 = DIRECTION('',(-0.,1.,0.));
#3670 = ORIENTED_EDGE('',*,*,#3671,.F.);
#3671 = EDGE_CURVE('',#3655,#3664,#3672,.T.);
#3672 = CIRCLE('',#3673,1.375);
#3673 = AXIS2_PLACEMENT_3D('',#3674,#3675,#3676);
#3674 = CARTESIAN_POINT('',(20.32,-2.54,9.1));
#3675 = DIRECTION('',(0.,0.,1.));
#3676 = DIRECTION('',(1.,0.,-0.));
#3677 = PLANE('',#3678);
#3678 = AXIS2_PLACEMENT_3D('',#3679,#3680,#3681);
#3679 = CARTESIAN_POINT('',(-41.1,-33.48,9.1));
#3680 = DIRECTION('',(0.,0.,1.));
#3681 = DIRECTION('',(1.,0.,-0.));
#3682 = ADVANCED_FACE('',(#3683),#3708,.T.);
#3683 = FACE_BOUND('',#3684,.T.);
#3684 = EDGE_LOOP('',(#3685,#3693,#3694,#3702));
#3685 = ORIENTED_EDGE('',*,*,#3686,.F.);
#3686 = EDGE_CURVE('',#290,#3687,#3689,.T.);
#3687 = VERTEX_POINT('',#3688);
#3688 = CARTESIAN_POINT('',(4.5,4.5,17.2));
#3689 = LINE('',#3690,#3691);
#3690 = CARTESIAN_POINT('',(4.5,4.5,9.1));
#3691 = VECTOR('',#3692,1.);
#3692 = DIRECTION('',(0.,0.,1.));
#3693 = ORIENTED_EDGE('',*,*,#287,.F.);
#3694 = ORIENTED_EDGE('',*,*,#3695,.T.);
#3695 = EDGE_CURVE('',#288,#3696,#3698,.T.);
#3696 = VERTEX_POINT('',#3697);
#3697 = CARTESIAN_POINT('',(-4.5,4.5,17.2));
#3698 = LINE('',#3699,#3700);
#3699 = CARTESIAN_POINT('',(-4.5,4.5,9.1));
#3700 = VECTOR('',#3701,1.);
#3701 = DIRECTION('',(0.,0.,1.));
#3702 = ORIENTED_EDGE('',*,*,#3703,.F.);
#3703 = EDGE_CURVE('',#3687,#3696,#3704,.T.);
#3704 = LINE('',#3705,#3706);
#3705 = CARTESIAN_POINT('',(4.5,4.5,17.2));
#3706 = VECTOR('',#3707,1.);
#3707 = DIRECTION('',(-1.,0.,0.));
#3708 = PLANE('',#3709);
#3709 = AXIS2_PLACEMENT_3D('',#3710,#3711,#3712);
#3710 = CARTESIAN_POINT('',(-4.5,4.5,9.1));
#3711 = DIRECTION('',(-0.,1.,0.));
#3712 = DIRECTION('',(0.,0.,1.));
#3713 = ADVANCED_FACE('',(#3714),#3732,.F.);
#3714 = FACE_BOUND('',#3715,.F.);
#3715 = EDGE_LOOP('',(#3716,#3724,#3725,#3726));
#3716 = ORIENTED_EDGE('',*,*,#3717,.F.);
#3717 = EDGE_CURVE('',#306,#3718,#3720,.T.);
#3718 = VERTEX_POINT('',#3719);
#3719 = CARTESIAN_POINT('',(-4.5,-4.5,17.2));
#3720 = LINE('',#3721,#3722);
#3721 = CARTESIAN_POINT('',(-4.5,-4.5,9.1));
#3722 = VECTOR('',#3723,1.);
#3723 = DIRECTION('',(0.,0.,1.));
#3724 = ORIENTED_EDGE('',*,*,#313,.T.);
#3725 = ORIENTED_EDGE('',*,*,#3695,.T.);
#3726 = ORIENTED_EDGE('',*,*,#3727,.T.);
#3727 = EDGE_CURVE('',#3696,#3718,#3728,.T.);
#3728 = LINE('',#3729,#3730);
#3729 = CARTESIAN_POINT('',(-4.5,4.5,17.2));
#3730 = VECTOR('',#3731,1.);
#3731 = DIRECTION('',(0.,-1.,0.));
#3732 = PLANE('',#3733);
#3733 = AXIS2_PLACEMENT_3D('',#3734,#3735,#3736);
#3734 = CARTESIAN_POINT('',(-4.5,-4.5,9.1));
#3735 = DIRECTION('',(1.,0.,-0.));
#3736 = DIRECTION('',(0.,0.,1.));
#3737 = ADVANCED_FACE('',(#3738),#3756,.F.);
#3738 = FACE_BOUND('',#3739,.F.);
#3739 = EDGE_LOOP('',(#3740,#3748,#3749,#3750));
#3740 = ORIENTED_EDGE('',*,*,#3741,.F.);
#3741 = EDGE_CURVE('',#298,#3742,#3744,.T.);
#3742 = VERTEX_POINT('',#3743);
#3743 = CARTESIAN_POINT('',(4.5,-4.5,17.2));
#3744 = LINE('',#3745,#3746);
#3745 = CARTESIAN_POINT('',(4.5,-4.5,9.1));
#3746 = VECTOR('',#3747,1.);
#3747 = DIRECTION('',(0.,0.,1.));
#3748 = ORIENTED_EDGE('',*,*,#305,.F.);
#3749 = ORIENTED_EDGE('',*,*,#3717,.T.);
#3750 = ORIENTED_EDGE('',*,*,#3751,.T.);
#3751 = EDGE_CURVE('',#3718,#3742,#3752,.T.);
#3752 = LINE('',#3753,#3754);
#3753 = CARTESIAN_POINT('',(-4.5,-4.5,17.2));
#3754 = VECTOR('',#3755,1.);
#3755 = DIRECTION('',(1.,0.,0.));
#3756 = PLANE('',#3757);
#3757 = AXIS2_PLACEMENT_3D('',#3758,#3759,#3760);
#3758 = CARTESIAN_POINT('',(-4.5,-4.5,9.1));
#3759 = DIRECTION('',(-0.,1.,0.));
#3760 = DIRECTION('',(0.,0.,1.));
#3761 = ADVANCED_FACE('',(#3762),#3773,.T.);
#3762 = FACE_BOUND('',#3763,.T.);
#3763 = EDGE_LOOP('',(#3764,#3765,#3766,#3767));
#3764 = ORIENTED_EDGE('',*,*,#3741,.F.);
#3765 = ORIENTED_EDGE('',*,*,#297,.T.);
#3766 = ORIENTED_EDGE('',*,*,#3686,.T.);
#3767 = ORIENTED_EDGE('',*,*,#3768,.F.);
#3768 = EDGE_CURVE('',#3742,#3687,#3769,.T.);
#3769 = LINE('',#3770,#3771);
#3770 = CARTESIAN_POINT('',(4.5,-4.5,17.2));
#3771 = VECTOR('',#3772,1.);
#3772 = DIRECTION('',(0.,1.,0.));
#3773 = PLANE('',#3774);
#3774 = AXIS2_PLACEMENT_3D('',#3775,#3776,#3777);
#3775 = CARTESIAN_POINT('',(4.5,-4.5,9.1));
#3776 = DIRECTION('',(1.,0.,-0.));
#3777 = DIRECTION('',(0.,0.,1.));
#3778 = ADVANCED_FACE('',(#3779),#3802,.T.);
#3779 = FACE_BOUND('',#3780,.T.);
#3780 = EDGE_LOOP('',(#3781,#3782,#3789,#3797));
#3781 = ORIENTED_EDGE('',*,*,#3703,.T.);
#3782 = ORIENTED_EDGE('',*,*,#3783,.T.);
#3783 = EDGE_CURVE('',#3696,#3784,#3786,.T.);
#3784 = VERTEX_POINT('',#3785);
#3785 = CARTESIAN_POINT('',(-12.,12.,24.7));
#3786 = B_SPLINE_CURVE_WITH_KNOTS('',1,(#3787,#3788),.UNSPECIFIED.,.F.,
  .F.,(2,2),(0.,1.),.PIECEWISE_BEZIER_KNOTS.);
#3787 = CARTESIAN_POINT('',(-4.5,4.5,17.2));
#3788 = CARTESIAN_POINT('',(-12.,12.,24.7));
#3789 = ORIENTED_EDGE('',*,*,#3790,.F.);
#3790 = EDGE_CURVE('',#3791,#3784,#3793,.T.);
#3791 = VERTEX_POINT('',#3792);
#3792 = CARTESIAN_POINT('',(12.,12.,24.7));
#3793 = LINE('',#3794,#3795);
#3794 = CARTESIAN_POINT('',(12.,12.,24.7));
#3795 = VECTOR('',#3796,1.);
#3796 = DIRECTION('',(-1.,0.,0.));
#3797 = ORIENTED_EDGE('',*,*,#3798,.F.);
#3798 = EDGE_CURVE('',#3687,#3791,#3799,.T.);
#3799 = B_SPLINE_CURVE_WITH_KNOTS('',1,(#3800,#3801),.UNSPECIFIED.,.F.,
  .F.,(2,2),(0.,1.),.PIECEWISE_BEZIER_KNOTS.);
#3800 = CARTESIAN_POINT('',(4.5,4.5,17.2));
#3801 = CARTESIAN_POINT('',(12.,12.,24.7));
#3802 = B_SPLINE_SURFACE_WITH_KNOTS('',1,1,(
    (#3803,#3804)
    ,(#3805,#3806
    )),.UNSPECIFIED.,.F.,.F.,.F.,(2,2),(2,2),(0.,24.),(0.,1.),
  .PIECEWISE_BEZIER_KNOTS.);
#3803 = CARTESIAN_POINT('',(4.5,4.5,17.2));
#3804 = CARTESIAN_POINT('',(12.,12.,24.7));
#3805 = CARTESIAN_POINT('',(-4.5,4.5,17.2));
#3806 = CARTESIAN_POINT('',(-12.,12.,24.7));
#3807 = ADVANCED_FACE('',(#3808),#3825,.T.);
#3808 = FACE_BOUND('',#3809,.T.);
#3809 = EDGE_LOOP('',(#3810,#3811,#3818,#3824));
#3810 = ORIENTED_EDGE('',*,*,#3727,.T.);
#3811 = ORIENTED_EDGE('',*,*,#3812,.T.);
#3812 = EDGE_CURVE('',#3718,#3813,#3815,.T.);
#3813 = VERTEX_POINT('',#3814);
#3814 = CARTESIAN_POINT('',(-12.,-12.,24.7));
#3815 = B_SPLINE_CURVE_WITH_KNOTS('',1,(#3816,#3817),.UNSPECIFIED.,.F.,
  .F.,(2,2),(0.,1.),.PIECEWISE_BEZIER_KNOTS.);
#3816 = CARTESIAN_POINT('',(-4.5,-4.5,17.2));
#3817 = CARTESIAN_POINT('',(-12.,-12.,24.7));
#3818 = ORIENTED_EDGE('',*,*,#3819,.F.);
#3819 = EDGE_CURVE('',#3784,#3813,#3820,.T.);
#3820 = LINE('',#3821,#3822);
#3821 = CARTESIAN_POINT('',(-12.,12.,24.7));
#3822 = VECTOR('',#3823,1.);
#3823 = DIRECTION('',(0.,-1.,0.));
#3824 = ORIENTED_EDGE('',*,*,#3783,.F.);
#3825 = B_SPLINE_SURFACE_WITH_KNOTS('',1,1,(
    (#3826,#3827)
    ,(#3828,#3829
    )),.UNSPECIFIED.,.F.,.F.,.F.,(2,2),(2,2),(0.,24.),(0.,1.),
  .PIECEWISE_BEZIER_KNOTS.);
#3826 = CARTESIAN_POINT('',(-4.5,4.5,17.2));
#3827 = CARTESIAN_POINT('',(-12.,12.,24.7));
#3828 = CARTESIAN_POINT('',(-4.5,-4.5,17.2));
#3829 = CARTESIAN_POINT('',(-12.,-12.,24.7));
#3830 = ADVANCED_FACE('',(#3831),#3848,.T.);
#3831 = FACE_BOUND('',#3832,.T.);
#3832 = EDGE_LOOP('',(#3833,#3834,#3841,#3847));
#3833 = ORIENTED_EDGE('',*,*,#3751,.T.);
#3834 = ORIENTED_EDGE('',*,*,#3835,.T.);
#3835 = EDGE_CURVE('',#3742,#3836,#3838,.T.);
#3836 = VERTEX_POINT('',#3837);
#3837 = CARTESIAN_POINT('',(12.,-12.,24.7));
#3838 = B_SPLINE_CURVE_WITH_KNOTS('',1,(#3839,#3840),.UNSPECIFIED.,.F.,
  .F.,(2,2),(0.,1.),.PIECEWISE_BEZIER_KNOTS.);
#3839 = CARTESIAN_POINT('',(4.5,-4.5,17.2));
#3840 = CARTESIAN_POINT('',(12.,-12.,24.7));
#3841 = ORIENTED_EDGE('',*,*,#3842,.F.);
#3842 = EDGE_CURVE('',#3813,#3836,#3843,.T.);
#3843 = LINE('',#3844,#3845);
#3844 = CARTESIAN_POINT('',(-12.,-12.,24.7));
#3845 = VECTOR('',#3846,1.);
#3846 = DIRECTION('',(1.,0.,0.));
#3847 = ORIENTED_EDGE('',*,*,#3812,.F.);
#3848 = B_SPLINE_SURFACE_WITH_KNOTS('',1,1,(
    (#3849,#3850)
    ,(#3851,#3852
    )),.UNSPECIFIED.,.F.,.F.,.F.,(2,2),(2,2),(0.,24.),(0.,1.),
  .PIECEWISE_BEZIER_KNOTS.);
#3849 = CARTESIAN_POINT('',(-4.5,-4.5,17.2));
#3850 = CARTESIAN_POINT('',(-12.,-12.,24.7));
#3851 = CARTESIAN_POINT('',(4.5,-4.5,17.2));
#3852 = CARTESIAN_POINT('',(12.,-12.,24.7));
#3853 = ADVANCED_FACE('',(#3854),#3865,.T.);
#3854 = FACE_BOUND('',#3855,.T.);
#3855 = EDGE_LOOP('',(#3856,#3857,#3858,#3864));
#3856 = ORIENTED_EDGE('',*,*,#3768,.T.);
#3857 = ORIENTED_EDGE('',*,*,#3798,.T.);
#3858 = ORIENTED_EDGE('',*,*,#3859,.F.);
#3859 = EDGE_CURVE('',#3836,#3791,#3860,.T.);
#3860 = LINE('',#3861,#3862);
#3861 = CARTESIAN_POINT('',(12.,-12.,24.7));
#3862 = VECTOR('',#3863,1.);
#3863 = DIRECTION('',(0.,1.,0.));
#3864 = ORIENTED_EDGE('',*,*,#3835,.F.);
#3865 = B_SPLINE_SURFACE_WITH_KNOTS('',1,1,(
    (#3866,#3867)
    ,(#3868,#3869
    )),.UNSPECIFIED.,.F.,.F.,.F.,(2,2),(2,2),(0.,24.),(0.,1.),
  .PIECEWISE_BEZIER_KNOTS.);
#3866 = CARTESIAN_POINT('',(4.5,-4.5,17.2));
#3867 = CARTESIAN_POINT('',(12.,-12.,24.7));
#3868 = CARTESIAN_POINT('',(4.5,4.5,17.2));
#3869 = CARTESIAN_POINT('',(12.,12.,24.7));
#3870 = ADVANCED_FACE('',(#3871),#3896,.T.);
#3871 = FACE_BOUND('',#3872,.T.);
#3872 = EDGE_LOOP('',(#3873,#3874,#3882,#3890));
#3873 = ORIENTED_EDGE('',*,*,#3790,.T.);
#3874 = ORIENTED_EDGE('',*,*,#3875,.T.);
#3875 = EDGE_CURVE('',#3784,#3876,#3878,.T.);
#3876 = VERTEX_POINT('',#3877);
#3877 = CARTESIAN_POINT('',(-12.,12.,27.7));
#3878 = LINE('',#3879,#3880);
#3879 = CARTESIAN_POINT('',(-12.,12.,24.7));
#3880 = VECTOR('',#3881,1.);
#3881 = DIRECTION('',(0.,0.,1.));
#3882 = ORIENTED_EDGE('',*,*,#3883,.T.);
#3883 = EDGE_CURVE('',#3876,#3884,#3886,.T.);
#3884 = VERTEX_POINT('',#3885);
#3885 = CARTESIAN_POINT('',(12.,12.,27.7));
#3886 = LINE('',#3887,#3888);
#3887 = CARTESIAN_POINT('',(-12.,12.,27.7));
#3888 = VECTOR('',#3889,1.);
#3889 = DIRECTION('',(1.,0.,-0.));
#3890 = ORIENTED_EDGE('',*,*,#3891,.F.);
#3891 = EDGE_CURVE('',#3791,#3884,#3892,.T.);
#3892 = LINE('',#3893,#3894);
#3893 = CARTESIAN_POINT('',(12.,12.,24.7));
#3894 = VECTOR('',#3895,1.);
#3895 = DIRECTION('',(0.,0.,1.));
#3896 = PLANE('',#3897);
#3897 = AXIS2_PLACEMENT_3D('',#3898,#3899,#3900);
#3898 = CARTESIAN_POINT('',(-12.,12.,24.7));
#3899 = DIRECTION('',(-0.,1.,0.));
#3900 = DIRECTION('',(0.,0.,1.));
#3901 = ADVANCED_FACE('',(#3902),#3920,.F.);
#3902 = FACE_BOUND('',#3903,.F.);
#3903 = EDGE_LOOP('',(#3904,#3912,#3913,#3914));
#3904 = ORIENTED_EDGE('',*,*,#3905,.F.);
#3905 = EDGE_CURVE('',#3813,#3906,#3908,.T.);
#3906 = VERTEX_POINT('',#3907);
#3907 = CARTESIAN_POINT('',(-12.,-12.,27.7));
#3908 = LINE('',#3909,#3910);
#3909 = CARTESIAN_POINT('',(-12.,-12.,24.7));
#3910 = VECTOR('',#3911,1.);
#3911 = DIRECTION('',(0.,0.,1.));
#3912 = ORIENTED_EDGE('',*,*,#3819,.F.);
#3913 = ORIENTED_EDGE('',*,*,#3875,.T.);
#3914 = ORIENTED_EDGE('',*,*,#3915,.F.);
#3915 = EDGE_CURVE('',#3906,#3876,#3916,.T.);
#3916 = LINE('',#3917,#3918);
#3917 = CARTESIAN_POINT('',(-12.,-12.,27.7));
#3918 = VECTOR('',#3919,1.);
#3919 = DIRECTION('',(-0.,1.,0.));
#3920 = PLANE('',#3921);
#3921 = AXIS2_PLACEMENT_3D('',#3922,#3923,#3924);
#3922 = CARTESIAN_POINT('',(-12.,-12.,24.7));
#3923 = DIRECTION('',(1.,0.,-0.));
#3924 = DIRECTION('',(0.,0.,1.));
#3925 = ADVANCED_FACE('',(#3926),#3944,.F.);
#3926 = FACE_BOUND('',#3927,.F.);
#3927 = EDGE_LOOP('',(#3928,#3929,#3930,#3938));
#3928 = ORIENTED_EDGE('',*,*,#3842,.F.);
#3929 = ORIENTED_EDGE('',*,*,#3905,.T.);
#3930 = ORIENTED_EDGE('',*,*,#3931,.T.);
#3931 = EDGE_CURVE('',#3906,#3932,#3934,.T.);
#3932 = VERTEX_POINT('',#3933);
#3933 = CARTESIAN_POINT('',(12.,-12.,27.7));
#3934 = LINE('',#3935,#3936);
#3935 = CARTESIAN_POINT('',(-12.,-12.,27.7));
#3936 = VECTOR('',#3937,1.);
#3937 = DIRECTION('',(1.,0.,-0.));
#3938 = ORIENTED_EDGE('',*,*,#3939,.F.);
#3939 = EDGE_CURVE('',#3836,#3932,#3940,.T.);
#3940 = LINE('',#3941,#3942);
#3941 = CARTESIAN_POINT('',(12.,-12.,24.7));
#3942 = VECTOR('',#3943,1.);
#3943 = DIRECTION('',(0.,0.,1.));
#3944 = PLANE('',#3945);
#3945 = AXIS2_PLACEMENT_3D('',#3946,#3947,#3948);
#3946 = CARTESIAN_POINT('',(-12.,-12.,24.7));
#3947 = DIRECTION('',(-0.,1.,0.));
#3948 = DIRECTION('',(0.,0.,1.));
#3949 = ADVANCED_FACE('',(#3950),#3961,.T.);
#3950 = FACE_BOUND('',#3951,.T.);
#3951 = EDGE_LOOP('',(#3952,#3953,#3954,#3955));
#3952 = ORIENTED_EDGE('',*,*,#3939,.F.);
#3953 = ORIENTED_EDGE('',*,*,#3859,.T.);
#3954 = ORIENTED_EDGE('',*,*,#3891,.T.);
#3955 = ORIENTED_EDGE('',*,*,#3956,.F.);
#3956 = EDGE_CURVE('',#3932,#3884,#3957,.T.);
#3957 = LINE('',#3958,#3959);
#3958 = CARTESIAN_POINT('',(12.,-12.,27.7));
#3959 = VECTOR('',#3960,1.);
#3960 = DIRECTION('',(-0.,1.,0.));
#3961 = PLANE('',#3962);
#3962 = AXIS2_PLACEMENT_3D('',#3963,#3964,#3965);
#3963 = CARTESIAN_POINT('',(12.,-12.,24.7));
#3964 = DIRECTION('',(1.,0.,-0.));
#3965 = DIRECTION('',(0.,0.,1.));
#3966 = ADVANCED_FACE('',(#3967),#3973,.T.);
#3967 = FACE_BOUND('',#3968,.T.);
#3968 = EDGE_LOOP('',(#3969,#3970,#3971,#3972));
#3969 = ORIENTED_EDGE('',*,*,#3915,.F.);
#3970 = ORIENTED_EDGE('',*,*,#3931,.T.);
#3971 = ORIENTED_EDGE('',*,*,#3956,.T.);
#3972 = ORIENTED_EDGE('',*,*,#3883,.F.);
#3973 = PLANE('',#3974);
#3974 = AXIS2_PLACEMENT_3D('',#3975,#3976,#3977);
#3975 = CARTESIAN_POINT('',(-12.,-12.,27.7));
#3976 = DIRECTION('',(0.,0.,1.));
#3977 = DIRECTION('',(1.,0.,-0.));
#3978 = ADVANCED_FACE('',(#3979),#4005,.F.);
#3979 = FACE_BOUND('',#3980,.F.);
#3980 = EDGE_LOOP('',(#3981,#3982,#3990,#3999));
#3981 = ORIENTED_EDGE('',*,*,#321,.F.);
#3982 = ORIENTED_EDGE('',*,*,#3983,.F.);
#3983 = EDGE_CURVE('',#3984,#322,#3986,.T.);
#3984 = VERTEX_POINT('',#3985);
#3985 = CARTESIAN_POINT('',(30.48,14.075,6.1));
#3986 = LINE('',#3987,#3988);
#3987 = CARTESIAN_POINT('',(30.48,14.075,5.1));
#3988 = VECTOR('',#3989,1.);
#3989 = DIRECTION('',(0.,0.,1.));
#3990 = ORIENTED_EDGE('',*,*,#3991,.T.);
#3991 = EDGE_CURVE('',#3984,#3992,#3994,.T.);
#3992 = VERTEX_POINT('',#3993);
#3993 = CARTESIAN_POINT('',(30.48,11.325,6.1));
#3994 = CIRCLE('',#3995,1.375);
#3995 = AXIS2_PLACEMENT_3D('',#3996,#3997,#3998);
#3996 = CARTESIAN_POINT('',(30.48,12.7,6.1));
#3997 = DIRECTION('',(0.,0.,1.));
#3998 = DIRECTION('',(1.,0.,-0.));
#3999 = ORIENTED_EDGE('',*,*,#4000,.T.);
#4000 = EDGE_CURVE('',#3992,#324,#4001,.T.);
#4001 = LINE('',#4002,#4003);
#4002 = CARTESIAN_POINT('',(30.48,11.325,5.1));
#4003 = VECTOR('',#4004,1.);
#4004 = DIRECTION('',(0.,0.,1.));
#4005 = CYLINDRICAL_SURFACE('',#4006,1.375);
#4006 = AXIS2_PLACEMENT_3D('',#4007,#4008,#4009);
#4007 = CARTESIAN_POINT('',(30.48,12.7,5.1));
#4008 = DIRECTION('',(0.,0.,1.));
#4009 = DIRECTION('',(1.,0.,-0.));
#4010 = ADVANCED_FACE('',(#4011),#4029,.F.);
#4011 = FACE_BOUND('',#4012,.F.);
#4012 = EDGE_LOOP('',(#4013,#4021,#4022,#4023));
#4013 = ORIENTED_EDGE('',*,*,#4014,.T.);
#4014 = EDGE_CURVE('',#4015,#3984,#4017,.T.);
#4015 = VERTEX_POINT('',#4016);
#4016 = CARTESIAN_POINT('',(35.56,14.075,6.1));
#4017 = LINE('',#4018,#4019);
#4018 = CARTESIAN_POINT('',(-5.31,14.075,6.1));
#4019 = VECTOR('',#4020,1.);
#4020 = DIRECTION('',(-1.,-0.,0.));
#4021 = ORIENTED_EDGE('',*,*,#3983,.T.);
#4022 = ORIENTED_EDGE('',*,*,#332,.F.);
#4023 = ORIENTED_EDGE('',*,*,#4024,.F.);
#4024 = EDGE_CURVE('',#4015,#333,#4025,.T.);
#4025 = LINE('',#4026,#4027);
#4026 = CARTESIAN_POINT('',(35.56,14.075,5.1));
#4027 = VECTOR('',#4028,1.);
#4028 = DIRECTION('',(0.,0.,1.));
#4029 = PLANE('',#4030);
#4030 = AXIS2_PLACEMENT_3D('',#4031,#4032,#4033);
#4031 = CARTESIAN_POINT('',(30.48,14.075,5.1));
#4032 = DIRECTION('',(-0.,1.,0.));
#4033 = DIRECTION('',(0.,0.,1.));
#4034 = ADVANCED_FACE('',(#4035),#4053,.T.);
#4035 = FACE_BOUND('',#4036,.T.);
#4036 = EDGE_LOOP('',(#4037,#4045,#4046,#4047));
#4037 = ORIENTED_EDGE('',*,*,#4038,.T.);
#4038 = EDGE_CURVE('',#4039,#3992,#4041,.T.);
#4039 = VERTEX_POINT('',#4040);
#4040 = CARTESIAN_POINT('',(35.56,11.325,6.1));
#4041 = LINE('',#4042,#4043);
#4042 = CARTESIAN_POINT('',(-5.31,11.325,6.1));
#4043 = VECTOR('',#4044,1.);
#4044 = DIRECTION('',(-1.,-0.,0.));
#4045 = ORIENTED_EDGE('',*,*,#4000,.T.);
#4046 = ORIENTED_EDGE('',*,*,#358,.F.);
#4047 = ORIENTED_EDGE('',*,*,#4048,.F.);
#4048 = EDGE_CURVE('',#4039,#350,#4049,.T.);
#4049 = LINE('',#4050,#4051);
#4050 = CARTESIAN_POINT('',(35.56,11.325,5.1));
#4051 = VECTOR('',#4052,1.);
#4052 = DIRECTION('',(0.,0.,1.));
#4053 = PLANE('',#4054);
#4054 = AXIS2_PLACEMENT_3D('',#4055,#4056,#4057);
#4055 = CARTESIAN_POINT('',(30.48,11.325,5.1));
#4056 = DIRECTION('',(-0.,1.,0.));
#4057 = DIRECTION('',(0.,0.,1.));
#4058 = ADVANCED_FACE('',(#4059),#4085,.F.);
#4059 = FACE_BOUND('',#4060,.F.);
#4060 = EDGE_LOOP('',(#4061,#4062,#4070,#4079));
#4061 = ORIENTED_EDGE('',*,*,#366,.F.);
#4062 = ORIENTED_EDGE('',*,*,#4063,.F.);
#4063 = EDGE_CURVE('',#4064,#367,#4066,.T.);
#4064 = VERTEX_POINT('',#4065);
#4065 = CARTESIAN_POINT('',(30.48,-16.405,6.1));
#4066 = LINE('',#4067,#4068);
#4067 = CARTESIAN_POINT('',(30.48,-16.405,5.1));
#4068 = VECTOR('',#4069,1.);
#4069 = DIRECTION('',(0.,0.,1.));
#4070 = ORIENTED_EDGE('',*,*,#4071,.T.);
#4071 = EDGE_CURVE('',#4064,#4072,#4074,.T.);
#4072 = VERTEX_POINT('',#4073);
#4073 = CARTESIAN_POINT('',(30.48,-19.155,6.1));
#4074 = CIRCLE('',#4075,1.375);
#4075 = AXIS2_PLACEMENT_3D('',#4076,#4077,#4078);
#4076 = CARTESIAN_POINT('',(30.48,-17.78,6.1));
#4077 = DIRECTION('',(0.,0.,1.));
#4078 = DIRECTION('',(1.,0.,-0.));
#4079 = ORIENTED_EDGE('',*,*,#4080,.T.);
#4080 = EDGE_CURVE('',#4072,#369,#4081,.T.);
#4081 = LINE('',#4082,#4083);
#4082 = CARTESIAN_POINT('',(30.48,-19.155,5.1));
#4083 = VECTOR('',#4084,1.);
#4084 = DIRECTION('',(0.,0.,1.));
#4085 = CYLINDRICAL_SURFACE('',#4086,1.375);
#4086 = AXIS2_PLACEMENT_3D('',#4087,#4088,#4089);
#4087 = CARTESIAN_POINT('',(30.48,-17.78,5.1));
#4088 = DIRECTION('',(0.,0.,1.));
#4089 = DIRECTION('',(1.,0.,-0.));
#4090 = ADVANCED_FACE('',(#4091),#4109,.F.);
#4091 = FACE_BOUND('',#4092,.F.);
#4092 = EDGE_LOOP('',(#4093,#4101,#4102,#4103));
#4093 = ORIENTED_EDGE('',*,*,#4094,.T.);
#4094 = EDGE_CURVE('',#4095,#4064,#4097,.T.);
#4095 = VERTEX_POINT('',#4096);
#4096 = CARTESIAN_POINT('',(35.56,-16.405,6.1));
#4097 = LINE('',#4098,#4099);
#4098 = CARTESIAN_POINT('',(-5.31,-16.405,6.1));
#4099 = VECTOR('',#4100,1.);
#4100 = DIRECTION('',(-1.,-0.,0.));
#4101 = ORIENTED_EDGE('',*,*,#4063,.T.);
#4102 = ORIENTED_EDGE('',*,*,#377,.F.);
#4103 = ORIENTED_EDGE('',*,*,#4104,.F.);
#4104 = EDGE_CURVE('',#4095,#378,#4105,.T.);
#4105 = LINE('',#4106,#4107);
#4106 = CARTESIAN_POINT('',(35.56,-16.405,5.1));
#4107 = VECTOR('',#4108,1.);
#4108 = DIRECTION('',(0.,0.,1.));
#4109 = PLANE('',#4110);
#4110 = AXIS2_PLACEMENT_3D('',#4111,#4112,#4113);
#4111 = CARTESIAN_POINT('',(30.48,-16.405,5.1));
#4112 = DIRECTION('',(-0.,1.,0.));
#4113 = DIRECTION('',(0.,0.,1.));
#4114 = ADVANCED_FACE('',(#4115),#4133,.T.);
#4115 = FACE_BOUND('',#4116,.T.);
#4116 = EDGE_LOOP('',(#4117,#4125,#4126,#4127));
#4117 = ORIENTED_EDGE('',*,*,#4118,.T.);
#4118 = EDGE_CURVE('',#4119,#4072,#4121,.T.);
#4119 = VERTEX_POINT('',#4120);
#4120 = CARTESIAN_POINT('',(35.56,-19.155,6.1));
#4121 = LINE('',#4122,#4123);
#4122 = CARTESIAN_POINT('',(-5.31,-19.155,6.1));
#4123 = VECTOR('',#4124,1.);
#4124 = DIRECTION('',(-1.,-0.,0.));
#4125 = ORIENTED_EDGE('',*,*,#4080,.T.);
#4126 = ORIENTED_EDGE('',*,*,#403,.F.);
#4127 = ORIENTED_EDGE('',*,*,#4128,.F.);
#4128 = EDGE_CURVE('',#4119,#395,#4129,.T.);
#4129 = LINE('',#4130,#4131);
#4130 = CARTESIAN_POINT('',(35.56,-19.155,5.1));
#4131 = VECTOR('',#4132,1.);
#4132 = DIRECTION('',(0.,0.,1.));
#4133 = PLANE('',#4134);
#4134 = AXIS2_PLACEMENT_3D('',#4135,#4136,#4137);
#4135 = CARTESIAN_POINT('',(30.48,-19.155,5.1));
#4136 = DIRECTION('',(-0.,1.,0.));
#4137 = DIRECTION('',(0.,0.,1.));
#4138 = ADVANCED_FACE('',(#4139),#4165,.F.);
#4139 = FACE_BOUND('',#4140,.F.);
#4140 = EDGE_LOOP('',(#4141,#4142,#4150,#4159));
#4141 = ORIENTED_EDGE('',*,*,#411,.F.);
#4142 = ORIENTED_EDGE('',*,*,#4143,.F.);
#4143 = EDGE_CURVE('',#4144,#412,#4146,.T.);
#4144 = VERTEX_POINT('',#4145);
#4145 = CARTESIAN_POINT('',(30.48,-1.165,6.1));
#4146 = LINE('',#4147,#4148);
#4147 = CARTESIAN_POINT('',(30.48,-1.165,5.1));
#4148 = VECTOR('',#4149,1.);
#4149 = DIRECTION('',(0.,0.,1.));
#4150 = ORIENTED_EDGE('',*,*,#4151,.T.);
#4151 = EDGE_CURVE('',#4144,#4152,#4154,.T.);
#4152 = VERTEX_POINT('',#4153);
#4153 = CARTESIAN_POINT('',(30.48,-3.915,6.1));
#4154 = CIRCLE('',#4155,1.375);
#4155 = AXIS2_PLACEMENT_3D('',#4156,#4157,#4158);
#4156 = CARTESIAN_POINT('',(30.48,-2.54,6.1));
#4157 = DIRECTION('',(0.,0.,1.));
#4158 = DIRECTION('',(1.,0.,-0.));
#4159 = ORIENTED_EDGE('',*,*,#4160,.T.);
#4160 = EDGE_CURVE('',#4152,#414,#4161,.T.);
#4161 = LINE('',#4162,#4163);
#4162 = CARTESIAN_POINT('',(30.48,-3.915,5.1));
#4163 = VECTOR('',#4164,1.);
#4164 = DIRECTION('',(0.,0.,1.));
#4165 = CYLINDRICAL_SURFACE('',#4166,1.375);
#4166 = AXIS2_PLACEMENT_3D('',#4167,#4168,#4169);
#4167 = CARTESIAN_POINT('',(30.48,-2.54,5.1));
#4168 = DIRECTION('',(0.,0.,1.));
#4169 = DIRECTION('',(1.,0.,-0.));
#4170 = ADVANCED_FACE('',(#4171),#4189,.F.);
#4171 = FACE_BOUND('',#4172,.F.);
#4172 = EDGE_LOOP('',(#4173,#4181,#4182,#4183));
#4173 = ORIENTED_EDGE('',*,*,#4174,.T.);
#4174 = EDGE_CURVE('',#4175,#4144,#4177,.T.);
#4175 = VERTEX_POINT('',#4176);
#4176 = CARTESIAN_POINT('',(35.56,-1.165,6.1));
#4177 = LINE('',#4178,#4179);
#4178 = CARTESIAN_POINT('',(-5.31,-1.165,6.1));
#4179 = VECTOR('',#4180,1.);
#4180 = DIRECTION('',(-1.,-0.,0.));
#4181 = ORIENTED_EDGE('',*,*,#4143,.T.);
#4182 = ORIENTED_EDGE('',*,*,#422,.F.);
#4183 = ORIENTED_EDGE('',*,*,#4184,.F.);
#4184 = EDGE_CURVE('',#4175,#423,#4185,.T.);
#4185 = LINE('',#4186,#4187);
#4186 = CARTESIAN_POINT('',(35.56,-1.165,5.1));
#4187 = VECTOR('',#4188,1.);
#4188 = DIRECTION('',(0.,0.,1.));
#4189 = PLANE('',#4190);
#4190 = AXIS2_PLACEMENT_3D('',#4191,#4192,#4193);
#4191 = CARTESIAN_POINT('',(30.48,-1.165,5.1));
#4192 = DIRECTION('',(-0.,1.,0.));
#4193 = DIRECTION('',(0.,0.,1.));
#4194 = ADVANCED_FACE('',(#4195),#4213,.T.);
#4195 = FACE_BOUND('',#4196,.T.);
#4196 = EDGE_LOOP('',(#4197,#4205,#4206,#4207));
#4197 = ORIENTED_EDGE('',*,*,#4198,.T.);
#4198 = EDGE_CURVE('',#4199,#4152,#4201,.T.);
#4199 = VERTEX_POINT('',#4200);
#4200 = CARTESIAN_POINT('',(35.56,-3.915,6.1));
#4201 = LINE('',#4202,#4203);
#4202 = CARTESIAN_POINT('',(-5.31,-3.915,6.1));
#4203 = VECTOR('',#4204,1.);
#4204 = DIRECTION('',(-1.,-0.,0.));
#4205 = ORIENTED_EDGE('',*,*,#4160,.T.);
#4206 = ORIENTED_EDGE('',*,*,#448,.F.);
#4207 = ORIENTED_EDGE('',*,*,#4208,.F.);
#4208 = EDGE_CURVE('',#4199,#440,#4209,.T.);
#4209 = LINE('',#4210,#4211);
#4210 = CARTESIAN_POINT('',(35.56,-3.915,5.1));
#4211 = VECTOR('',#4212,1.);
#4212 = DIRECTION('',(0.,0.,1.));
#4213 = PLANE('',#4214);
#4214 = AXIS2_PLACEMENT_3D('',#4215,#4216,#4217);
#4215 = CARTESIAN_POINT('',(30.48,-3.915,5.1));
#4216 = DIRECTION('',(-0.,1.,0.));
#4217 = DIRECTION('',(0.,0.,1.));
#4218 = ADVANCED_FACE('',(#4219),#4245,.F.);
#4219 = FACE_BOUND('',#4220,.F.);
#4220 = EDGE_LOOP('',(#4221,#4222,#4230,#4239));
#4221 = ORIENTED_EDGE('',*,*,#456,.F.);
#4222 = ORIENTED_EDGE('',*,*,#4223,.F.);
#4223 = EDGE_CURVE('',#4224,#457,#4226,.T.);
#4224 = VERTEX_POINT('',#4225);
#4225 = CARTESIAN_POINT('',(30.48,29.315,6.1));
#4226 = LINE('',#4227,#4228);
#4227 = CARTESIAN_POINT('',(30.48,29.315,5.1));
#4228 = VECTOR('',#4229,1.);
#4229 = DIRECTION('',(0.,0.,1.));
#4230 = ORIENTED_EDGE('',*,*,#4231,.T.);
#4231 = EDGE_CURVE('',#4224,#4232,#4234,.T.);
#4232 = VERTEX_POINT('',#4233);
#4233 = CARTESIAN_POINT('',(30.48,26.565,6.1));
#4234 = CIRCLE('',#4235,1.375);
#4235 = AXIS2_PLACEMENT_3D('',#4236,#4237,#4238);
#4236 = CARTESIAN_POINT('',(30.48,27.94,6.1));
#4237 = DIRECTION('',(0.,0.,1.));
#4238 = DIRECTION('',(1.,0.,-0.));
#4239 = ORIENTED_EDGE('',*,*,#4240,.T.);
#4240 = EDGE_CURVE('',#4232,#459,#4241,.T.);
#4241 = LINE('',#4242,#4243);
#4242 = CARTESIAN_POINT('',(30.48,26.565,5.1));
#4243 = VECTOR('',#4244,1.);
#4244 = DIRECTION('',(0.,0.,1.));
#4245 = CYLINDRICAL_SURFACE('',#4246,1.375);
#4246 = AXIS2_PLACEMENT_3D('',#4247,#4248,#4249);
#4247 = CARTESIAN_POINT('',(30.48,27.94,5.1));
#4248 = DIRECTION('',(0.,0.,1.));
#4249 = DIRECTION('',(1.,0.,-0.));
#4250 = ADVANCED_FACE('',(#4251),#4269,.F.);
#4251 = FACE_BOUND('',#4252,.F.);
#4252 = EDGE_LOOP('',(#4253,#4261,#4262,#4263));
#4253 = ORIENTED_EDGE('',*,*,#4254,.T.);
#4254 = EDGE_CURVE('',#4255,#4224,#4257,.T.);
#4255 = VERTEX_POINT('',#4256);
#4256 = CARTESIAN_POINT('',(35.56,29.315,6.1));
#4257 = LINE('',#4258,#4259);
#4258 = CARTESIAN_POINT('',(-5.31,29.315,6.1));
#4259 = VECTOR('',#4260,1.);
#4260 = DIRECTION('',(-1.,-0.,0.));
#4261 = ORIENTED_EDGE('',*,*,#4223,.T.);
#4262 = ORIENTED_EDGE('',*,*,#467,.F.);
#4263 = ORIENTED_EDGE('',*,*,#4264,.F.);
#4264 = EDGE_CURVE('',#4255,#468,#4265,.T.);
#4265 = LINE('',#4266,#4267);
#4266 = CARTESIAN_POINT('',(35.56,29.315,5.1));
#4267 = VECTOR('',#4268,1.);
#4268 = DIRECTION('',(0.,0.,1.));
#4269 = PLANE('',#4270);
#4270 = AXIS2_PLACEMENT_3D('',#4271,#4272,#4273);
#4271 = CARTESIAN_POINT('',(30.48,29.315,5.1));
#4272 = DIRECTION('',(-0.,1.,0.));
#4273 = DIRECTION('',(0.,0.,1.));
#4274 = ADVANCED_FACE('',(#4275),#4293,.T.);
#4275 = FACE_BOUND('',#4276,.T.);
#4276 = EDGE_LOOP('',(#4277,#4285,#4286,#4287));
#4277 = ORIENTED_EDGE('',*,*,#4278,.T.);
#4278 = EDGE_CURVE('',#4279,#4232,#4281,.T.);
#4279 = VERTEX_POINT('',#4280);
#4280 = CARTESIAN_POINT('',(35.56,26.565,6.1));
#4281 = LINE('',#4282,#4283);
#4282 = CARTESIAN_POINT('',(-5.31,26.565,6.1));
#4283 = VECTOR('',#4284,1.);
#4284 = DIRECTION('',(-1.,-0.,0.));
#4285 = ORIENTED_EDGE('',*,*,#4240,.T.);
#4286 = ORIENTED_EDGE('',*,*,#493,.F.);
#4287 = ORIENTED_EDGE('',*,*,#4288,.F.);
#4288 = EDGE_CURVE('',#4279,#485,#4289,.T.);
#4289 = LINE('',#4290,#4291);
#4290 = CARTESIAN_POINT('',(35.56,26.565,5.1));
#4291 = VECTOR('',#4292,1.);
#4292 = DIRECTION('',(0.,0.,1.));
#4293 = PLANE('',#4294);
#4294 = AXIS2_PLACEMENT_3D('',#4295,#4296,#4297);
#4295 = CARTESIAN_POINT('',(30.48,26.565,5.1));
#4296 = DIRECTION('',(-0.,1.,0.));
#4297 = DIRECTION('',(0.,0.,1.));
#4298 = ADVANCED_FACE('',(#4299),#4325,.F.);
#4299 = FACE_BOUND('',#4300,.F.);
#4300 = EDGE_LOOP('',(#4301,#4302,#4310,#4319));
#4301 = ORIENTED_EDGE('',*,*,#501,.F.);
#4302 = ORIENTED_EDGE('',*,*,#4303,.F.);
#4303 = EDGE_CURVE('',#4304,#502,#4306,.T.);
#4304 = VERTEX_POINT('',#4305);
#4305 = CARTESIAN_POINT('',(26.775,27.94,6.1));
#4306 = LINE('',#4307,#4308);
#4307 = CARTESIAN_POINT('',(26.775,27.94,5.1));
#4308 = VECTOR('',#4309,1.);
#4309 = DIRECTION('',(0.,0.,1.));
#4310 = ORIENTED_EDGE('',*,*,#4311,.T.);
#4311 = EDGE_CURVE('',#4304,#4312,#4314,.T.);
#4312 = VERTEX_POINT('',#4313);
#4313 = CARTESIAN_POINT('',(24.025,27.94,6.1));
#4314 = CIRCLE('',#4315,1.375);
#4315 = AXIS2_PLACEMENT_3D('',#4316,#4317,#4318);
#4316 = CARTESIAN_POINT('',(25.4,27.94,6.1));
#4317 = DIRECTION('',(0.,0.,1.));
#4318 = DIRECTION('',(1.,0.,-0.));
#4319 = ORIENTED_EDGE('',*,*,#4320,.T.);
#4320 = EDGE_CURVE('',#4312,#504,#4321,.T.);
#4321 = LINE('',#4322,#4323);
#4322 = CARTESIAN_POINT('',(24.025,27.94,5.1));
#4323 = VECTOR('',#4324,1.);
#4324 = DIRECTION('',(0.,0.,1.));
#4325 = CYLINDRICAL_SURFACE('',#4326,1.375);
#4326 = AXIS2_PLACEMENT_3D('',#4327,#4328,#4329);
#4327 = CARTESIAN_POINT('',(25.4,27.94,5.1));
#4328 = DIRECTION('',(0.,0.,1.));
#4329 = DIRECTION('',(1.,0.,-0.));
#4330 = ADVANCED_FACE('',(#4331),#4349,.F.);
#4331 = FACE_BOUND('',#4332,.F.);
#4332 = EDGE_LOOP('',(#4333,#4341,#4347,#4348));
#4333 = ORIENTED_EDGE('',*,*,#4334,.F.);
#4334 = EDGE_CURVE('',#4335,#513,#4337,.T.);
#4335 = VERTEX_POINT('',#4336);
#4336 = CARTESIAN_POINT('',(26.775,22.86,6.1));
#4337 = LINE('',#4338,#4339);
#4338 = CARTESIAN_POINT('',(26.775,22.86,5.1));
#4339 = VECTOR('',#4340,1.);
#4340 = DIRECTION('',(0.,0.,1.));
#4341 = ORIENTED_EDGE('',*,*,#4342,.T.);
#4342 = EDGE_CURVE('',#4335,#4304,#4343,.T.);
#4343 = LINE('',#4344,#4345);
#4344 = CARTESIAN_POINT('',(26.775,-5.31,6.1));
#4345 = VECTOR('',#4346,1.);
#4346 = DIRECTION('',(-0.,1.,0.));
#4347 = ORIENTED_EDGE('',*,*,#4303,.T.);
#4348 = ORIENTED_EDGE('',*,*,#512,.F.);
#4349 = PLANE('',#4350);
#4350 = AXIS2_PLACEMENT_3D('',#4351,#4352,#4353);
#4351 = CARTESIAN_POINT('',(26.775,22.86,5.1));
#4352 = DIRECTION('',(1.,0.,-0.));
#4353 = DIRECTION('',(0.,0.,1.));
#4354 = ADVANCED_FACE('',(#4355),#4373,.T.);
#4355 = FACE_BOUND('',#4356,.T.);
#4356 = EDGE_LOOP('',(#4357,#4365,#4371,#4372));
#4357 = ORIENTED_EDGE('',*,*,#4358,.F.);
#4358 = EDGE_CURVE('',#4359,#521,#4361,.T.);
#4359 = VERTEX_POINT('',#4360);
#4360 = CARTESIAN_POINT('',(24.025,22.86,6.1));
#4361 = LINE('',#4362,#4363);
#4362 = CARTESIAN_POINT('',(24.025,22.86,5.1));
#4363 = VECTOR('',#4364,1.);
#4364 = DIRECTION('',(0.,0.,1.));
#4365 = ORIENTED_EDGE('',*,*,#4366,.T.);
#4366 = EDGE_CURVE('',#4359,#4312,#4367,.T.);
#4367 = LINE('',#4368,#4369);
#4368 = CARTESIAN_POINT('',(24.025,-5.31,6.1));
#4369 = VECTOR('',#4370,1.);
#4370 = DIRECTION('',(-0.,1.,0.));
#4371 = ORIENTED_EDGE('',*,*,#4320,.T.);
#4372 = ORIENTED_EDGE('',*,*,#529,.F.);
#4373 = PLANE('',#4374);
#4374 = AXIS2_PLACEMENT_3D('',#4375,#4376,#4377);
#4375 = CARTESIAN_POINT('',(24.025,22.86,5.1));
#4376 = DIRECTION('',(1.,0.,-0.));
#4377 = DIRECTION('',(0.,0.,1.));
#4378 = ADVANCED_FACE('',(#4379),#4391,.F.);
#4379 = FACE_BOUND('',#4380,.F.);
#4380 = EDGE_LOOP('',(#4381,#4382,#4383,#4384));
#4381 = ORIENTED_EDGE('',*,*,#4334,.T.);
#4382 = ORIENTED_EDGE('',*,*,#520,.F.);
#4383 = ORIENTED_EDGE('',*,*,#4358,.F.);
#4384 = ORIENTED_EDGE('',*,*,#4385,.T.);
#4385 = EDGE_CURVE('',#4359,#4335,#4386,.T.);
#4386 = CIRCLE('',#4387,1.375);
#4387 = AXIS2_PLACEMENT_3D('',#4388,#4389,#4390);
#4388 = CARTESIAN_POINT('',(25.4,22.86,6.1));
#4389 = DIRECTION('',(0.,0.,1.));
#4390 = DIRECTION('',(1.,0.,-0.));
#4391 = CYLINDRICAL_SURFACE('',#4392,1.375);
#4392 = AXIS2_PLACEMENT_3D('',#4393,#4394,#4395);
#4393 = CARTESIAN_POINT('',(25.4,22.86,5.1));
#4394 = DIRECTION('',(0.,0.,1.));
#4395 = DIRECTION('',(1.,0.,-0.));
#4396 = ADVANCED_FACE('',(#4397),#4423,.F.);
#4397 = FACE_BOUND('',#4398,.F.);
#4398 = EDGE_LOOP('',(#4399,#4400,#4408,#4417));
#4399 = ORIENTED_EDGE('',*,*,#537,.F.);
#4400 = ORIENTED_EDGE('',*,*,#4401,.F.);
#4401 = EDGE_CURVE('',#4402,#538,#4404,.T.);
#4402 = VERTEX_POINT('',#4403);
#4403 = CARTESIAN_POINT('',(11.535,27.94,6.1));
#4404 = LINE('',#4405,#4406);
#4405 = CARTESIAN_POINT('',(11.535,27.94,5.1));
#4406 = VECTOR('',#4407,1.);
#4407 = DIRECTION('',(0.,0.,1.));
#4408 = ORIENTED_EDGE('',*,*,#4409,.T.);
#4409 = EDGE_CURVE('',#4402,#4410,#4412,.T.);
#4410 = VERTEX_POINT('',#4411);
#4411 = CARTESIAN_POINT('',(8.785,27.94,6.1));
#4412 = CIRCLE('',#4413,1.375);
#4413 = AXIS2_PLACEMENT_3D('',#4414,#4415,#4416);
#4414 = CARTESIAN_POINT('',(10.16,27.94,6.1));
#4415 = DIRECTION('',(0.,0.,1.));
#4416 = DIRECTION('',(1.,0.,-0.));
#4417 = ORIENTED_EDGE('',*,*,#4418,.T.);
#4418 = EDGE_CURVE('',#4410,#540,#4419,.T.);
#4419 = LINE('',#4420,#4421);
#4420 = CARTESIAN_POINT('',(8.785,27.94,5.1));
#4421 = VECTOR('',#4422,1.);
#4422 = DIRECTION('',(0.,0.,1.));
#4423 = CYLINDRICAL_SURFACE('',#4424,1.375);
#4424 = AXIS2_PLACEMENT_3D('',#4425,#4426,#4427);
#4425 = CARTESIAN_POINT('',(10.16,27.94,5.1));
#4426 = DIRECTION('',(0.,0.,1.));
#4427 = DIRECTION('',(1.,0.,-0.));
#4428 = ADVANCED_FACE('',(#4429),#4447,.F.);
#4429 = FACE_BOUND('',#4430,.F.);
#4430 = EDGE_LOOP('',(#4431,#4439,#4445,#4446));
#4431 = ORIENTED_EDGE('',*,*,#4432,.F.);
#4432 = EDGE_CURVE('',#4433,#549,#4435,.T.);
#4433 = VERTEX_POINT('',#4434);
#4434 = CARTESIAN_POINT('',(11.535,22.86,6.1));
#4435 = LINE('',#4436,#4437);
#4436 = CARTESIAN_POINT('',(11.535,22.86,5.1));
#4437 = VECTOR('',#4438,1.);
#4438 = DIRECTION('',(0.,0.,1.));
#4439 = ORIENTED_EDGE('',*,*,#4440,.T.);
#4440 = EDGE_CURVE('',#4433,#4402,#4441,.T.);
#4441 = LINE('',#4442,#4443);
#4442 = CARTESIAN_POINT('',(11.535,-5.31,6.1));
#4443 = VECTOR('',#4444,1.);
#4444 = DIRECTION('',(-0.,1.,0.));
#4445 = ORIENTED_EDGE('',*,*,#4401,.T.);
#4446 = ORIENTED_EDGE('',*,*,#548,.F.);
#4447 = PLANE('',#4448);
#4448 = AXIS2_PLACEMENT_3D('',#4449,#4450,#4451);
#4449 = CARTESIAN_POINT('',(11.535,22.86,5.1));
#4450 = DIRECTION('',(1.,0.,-0.));
#4451 = DIRECTION('',(0.,0.,1.));
#4452 = ADVANCED_FACE('',(#4453),#4471,.T.);
#4453 = FACE_BOUND('',#4454,.T.);
#4454 = EDGE_LOOP('',(#4455,#4463,#4469,#4470));
#4455 = ORIENTED_EDGE('',*,*,#4456,.F.);
#4456 = EDGE_CURVE('',#4457,#557,#4459,.T.);
#4457 = VERTEX_POINT('',#4458);
#4458 = CARTESIAN_POINT('',(8.785,22.86,6.1));
#4459 = LINE('',#4460,#4461);
#4460 = CARTESIAN_POINT('',(8.785,22.86,5.1));
#4461 = VECTOR('',#4462,1.);
#4462 = DIRECTION('',(0.,0.,1.));
#4463 = ORIENTED_EDGE('',*,*,#4464,.T.);
#4464 = EDGE_CURVE('',#4457,#4410,#4465,.T.);
#4465 = LINE('',#4466,#4467);
#4466 = CARTESIAN_POINT('',(8.785,-5.31,6.1));
#4467 = VECTOR('',#4468,1.);
#4468 = DIRECTION('',(-0.,1.,0.));
#4469 = ORIENTED_EDGE('',*,*,#4418,.T.);
#4470 = ORIENTED_EDGE('',*,*,#565,.F.);
#4471 = PLANE('',#4472);
#4472 = AXIS2_PLACEMENT_3D('',#4473,#4474,#4475);
#4473 = CARTESIAN_POINT('',(8.785,22.86,5.1));
#4474 = DIRECTION('',(1.,0.,-0.));
#4475 = DIRECTION('',(0.,0.,1.));
#4476 = ADVANCED_FACE('',(#4477),#4489,.F.);
#4477 = FACE_BOUND('',#4478,.F.);
#4478 = EDGE_LOOP('',(#4479,#4480,#4481,#4482));
#4479 = ORIENTED_EDGE('',*,*,#4432,.T.);
#4480 = ORIENTED_EDGE('',*,*,#556,.F.);
#4481 = ORIENTED_EDGE('',*,*,#4456,.F.);
#4482 = ORIENTED_EDGE('',*,*,#4483,.T.);
#4483 = EDGE_CURVE('',#4457,#4433,#4484,.T.);
#4484 = CIRCLE('',#4485,1.375);
#4485 = AXIS2_PLACEMENT_3D('',#4486,#4487,#4488);
#4486 = CARTESIAN_POINT('',(10.16,22.86,6.1));
#4487 = DIRECTION('',(0.,0.,1.));
#4488 = DIRECTION('',(1.,0.,-0.));
#4489 = CYLINDRICAL_SURFACE('',#4490,1.375);
#4490 = AXIS2_PLACEMENT_3D('',#4491,#4492,#4493);
#4491 = CARTESIAN_POINT('',(10.16,22.86,5.1));
#4492 = DIRECTION('',(0.,0.,1.));
#4493 = DIRECTION('',(1.,0.,-0.));
#4494 = ADVANCED_FACE('',(#4495),#4521,.F.);
#4495 = FACE_BOUND('',#4496,.F.);
#4496 = EDGE_LOOP('',(#4497,#4498,#4506,#4515));
#4497 = ORIENTED_EDGE('',*,*,#573,.F.);
#4498 = ORIENTED_EDGE('',*,*,#4499,.F.);
#4499 = EDGE_CURVE('',#4500,#574,#4502,.T.);
#4500 = VERTEX_POINT('',#4501);
#4501 = CARTESIAN_POINT('',(15.24,14.075,6.1));
#4502 = LINE('',#4503,#4504);
#4503 = CARTESIAN_POINT('',(15.24,14.075,5.1));
#4504 = VECTOR('',#4505,1.);
#4505 = DIRECTION('',(0.,0.,1.));
#4506 = ORIENTED_EDGE('',*,*,#4507,.T.);
#4507 = EDGE_CURVE('',#4500,#4508,#4510,.T.);
#4508 = VERTEX_POINT('',#4509);
#4509 = CARTESIAN_POINT('',(15.24,11.325,6.1));
#4510 = CIRCLE('',#4511,1.375);
#4511 = AXIS2_PLACEMENT_3D('',#4512,#4513,#4514);
#4512 = CARTESIAN_POINT('',(15.24,12.7,6.1));
#4513 = DIRECTION('',(0.,0.,1.));
#4514 = DIRECTION('',(1.,0.,-0.));
#4515 = ORIENTED_EDGE('',*,*,#4516,.T.);
#4516 = EDGE_CURVE('',#4508,#576,#4517,.T.);
#4517 = LINE('',#4518,#4519);
#4518 = CARTESIAN_POINT('',(15.24,11.325,5.1));
#4519 = VECTOR('',#4520,1.);
#4520 = DIRECTION('',(0.,0.,1.));
#4521 = CYLINDRICAL_SURFACE('',#4522,1.375);
#4522 = AXIS2_PLACEMENT_3D('',#4523,#4524,#4525);
#4523 = CARTESIAN_POINT('',(15.24,12.7,5.1));
#4524 = DIRECTION('',(0.,0.,1.));
#4525 = DIRECTION('',(1.,0.,-0.));
#4526 = ADVANCED_FACE('',(#4527),#4545,.F.);
#4527 = FACE_BOUND('',#4528,.F.);
#4528 = EDGE_LOOP('',(#4529,#4537,#4538,#4539));
#4529 = ORIENTED_EDGE('',*,*,#4530,.T.);
#4530 = EDGE_CURVE('',#4531,#4500,#4533,.T.);
#4531 = VERTEX_POINT('',#4532);
#4532 = CARTESIAN_POINT('',(20.32,14.075,6.1));
#4533 = LINE('',#4534,#4535);
#4534 = CARTESIAN_POINT('',(-12.93,14.075,6.1));
#4535 = VECTOR('',#4536,1.);
#4536 = DIRECTION('',(-1.,-0.,0.));
#4537 = ORIENTED_EDGE('',*,*,#4499,.T.);
#4538 = ORIENTED_EDGE('',*,*,#584,.F.);
#4539 = ORIENTED_EDGE('',*,*,#4540,.F.);
#4540 = EDGE_CURVE('',#4531,#585,#4541,.T.);
#4541 = LINE('',#4542,#4543);
#4542 = CARTESIAN_POINT('',(20.32,14.075,5.1));
#4543 = VECTOR('',#4544,1.);
#4544 = DIRECTION('',(0.,0.,1.));
#4545 = PLANE('',#4546);
#4546 = AXIS2_PLACEMENT_3D('',#4547,#4548,#4549);
#4547 = CARTESIAN_POINT('',(15.24,14.075,5.1));
#4548 = DIRECTION('',(-0.,1.,0.));
#4549 = DIRECTION('',(0.,0.,1.));
#4550 = ADVANCED_FACE('',(#4551),#4569,.T.);
#4551 = FACE_BOUND('',#4552,.T.);
#4552 = EDGE_LOOP('',(#4553,#4561,#4562,#4563));
#4553 = ORIENTED_EDGE('',*,*,#4554,.T.);
#4554 = EDGE_CURVE('',#4555,#4508,#4557,.T.);
#4555 = VERTEX_POINT('',#4556);
#4556 = CARTESIAN_POINT('',(20.32,11.325,6.1));
#4557 = LINE('',#4558,#4559);
#4558 = CARTESIAN_POINT('',(-12.93,11.325,6.1));
#4559 = VECTOR('',#4560,1.);
#4560 = DIRECTION('',(-1.,-0.,0.));
#4561 = ORIENTED_EDGE('',*,*,#4516,.T.);
#4562 = ORIENTED_EDGE('',*,*,#610,.F.);
#4563 = ORIENTED_EDGE('',*,*,#4564,.F.);
#4564 = EDGE_CURVE('',#4555,#602,#4565,.T.);
#4565 = LINE('',#4566,#4567);
#4566 = CARTESIAN_POINT('',(20.32,11.325,5.1));
#4567 = VECTOR('',#4568,1.);
#4568 = DIRECTION('',(0.,0.,1.));
#4569 = PLANE('',#4570);
#4570 = AXIS2_PLACEMENT_3D('',#4571,#4572,#4573);
#4571 = CARTESIAN_POINT('',(15.24,11.325,5.1));
#4572 = DIRECTION('',(-0.,1.,0.));
#4573 = DIRECTION('',(0.,0.,1.));
#4574 = ADVANCED_FACE('',(#4575),#4601,.F.);
#4575 = FACE_BOUND('',#4576,.F.);
#4576 = EDGE_LOOP('',(#4577,#4578,#4586,#4595));
#4577 = ORIENTED_EDGE('',*,*,#618,.F.);
#4578 = ORIENTED_EDGE('',*,*,#4579,.F.);
#4579 = EDGE_CURVE('',#4580,#619,#4582,.T.);
#4580 = VERTEX_POINT('',#4581);
#4581 = CARTESIAN_POINT('',(-3.705,27.94,6.1));
#4582 = LINE('',#4583,#4584);
#4583 = CARTESIAN_POINT('',(-3.705,27.94,5.1));
#4584 = VECTOR('',#4585,1.);
#4585 = DIRECTION('',(0.,0.,1.));
#4586 = ORIENTED_EDGE('',*,*,#4587,.T.);
#4587 = EDGE_CURVE('',#4580,#4588,#4590,.T.);
#4588 = VERTEX_POINT('',#4589);
#4589 = CARTESIAN_POINT('',(-6.455,27.94,6.1));
#4590 = CIRCLE('',#4591,1.375);
#4591 = AXIS2_PLACEMENT_3D('',#4592,#4593,#4594);
#4592 = CARTESIAN_POINT('',(-5.08,27.94,6.1));
#4593 = DIRECTION('',(0.,0.,1.));
#4594 = DIRECTION('',(1.,0.,-0.));
#4595 = ORIENTED_EDGE('',*,*,#4596,.T.);
#4596 = EDGE_CURVE('',#4588,#621,#4597,.T.);
#4597 = LINE('',#4598,#4599);
#4598 = CARTESIAN_POINT('',(-6.455,27.94,5.1));
#4599 = VECTOR('',#4600,1.);
#4600 = DIRECTION('',(0.,0.,1.));
#4601 = CYLINDRICAL_SURFACE('',#4602,1.375);
#4602 = AXIS2_PLACEMENT_3D('',#4603,#4604,#4605);
#4603 = CARTESIAN_POINT('',(-5.08,27.94,5.1));
#4604 = DIRECTION('',(0.,0.,1.));
#4605 = DIRECTION('',(1.,0.,-0.));
#4606 = ADVANCED_FACE('',(#4607),#4625,.F.);
#4607 = FACE_BOUND('',#4608,.F.);
#4608 = EDGE_LOOP('',(#4609,#4617,#4623,#4624));
#4609 = ORIENTED_EDGE('',*,*,#4610,.F.);
#4610 = EDGE_CURVE('',#4611,#630,#4613,.T.);
#4611 = VERTEX_POINT('',#4612);
#4612 = CARTESIAN_POINT('',(-3.705,22.86,6.1));
#4613 = LINE('',#4614,#4615);
#4614 = CARTESIAN_POINT('',(-3.705,22.86,5.1));
#4615 = VECTOR('',#4616,1.);
#4616 = DIRECTION('',(0.,0.,1.));
#4617 = ORIENTED_EDGE('',*,*,#4618,.T.);
#4618 = EDGE_CURVE('',#4611,#4580,#4619,.T.);
#4619 = LINE('',#4620,#4621);
#4620 = CARTESIAN_POINT('',(-3.705,-5.31,6.1));
#4621 = VECTOR('',#4622,1.);
#4622 = DIRECTION('',(-0.,1.,0.));
#4623 = ORIENTED_EDGE('',*,*,#4579,.T.);
#4624 = ORIENTED_EDGE('',*,*,#629,.F.);
#4625 = PLANE('',#4626);
#4626 = AXIS2_PLACEMENT_3D('',#4627,#4628,#4629);
#4627 = CARTESIAN_POINT('',(-3.705,22.86,5.1));
#4628 = DIRECTION('',(1.,0.,-0.));
#4629 = DIRECTION('',(0.,0.,1.));
#4630 = ADVANCED_FACE('',(#4631),#4649,.T.);
#4631 = FACE_BOUND('',#4632,.T.);
#4632 = EDGE_LOOP('',(#4633,#4641,#4647,#4648));
#4633 = ORIENTED_EDGE('',*,*,#4634,.F.);
#4634 = EDGE_CURVE('',#4635,#638,#4637,.T.);
#4635 = VERTEX_POINT('',#4636);
#4636 = CARTESIAN_POINT('',(-6.455,22.86,6.1));
#4637 = LINE('',#4638,#4639);
#4638 = CARTESIAN_POINT('',(-6.455,22.86,5.1));
#4639 = VECTOR('',#4640,1.);
#4640 = DIRECTION('',(0.,0.,1.));
#4641 = ORIENTED_EDGE('',*,*,#4642,.T.);
#4642 = EDGE_CURVE('',#4635,#4588,#4643,.T.);
#4643 = LINE('',#4644,#4645);
#4644 = CARTESIAN_POINT('',(-6.455,-5.31,6.1));
#4645 = VECTOR('',#4646,1.);
#4646 = DIRECTION('',(-0.,1.,0.));
#4647 = ORIENTED_EDGE('',*,*,#4596,.T.);
#4648 = ORIENTED_EDGE('',*,*,#646,.F.);
#4649 = PLANE('',#4650);
#4650 = AXIS2_PLACEMENT_3D('',#4651,#4652,#4653);
#4651 = CARTESIAN_POINT('',(-6.455,22.86,5.1));
#4652 = DIRECTION('',(1.,0.,-0.));
#4653 = DIRECTION('',(0.,0.,1.));
#4654 = ADVANCED_FACE('',(#4655),#4667,.F.);
#4655 = FACE_BOUND('',#4656,.F.);
#4656 = EDGE_LOOP('',(#4657,#4658,#4659,#4660));
#4657 = ORIENTED_EDGE('',*,*,#4610,.T.);
#4658 = ORIENTED_EDGE('',*,*,#637,.F.);
#4659 = ORIENTED_EDGE('',*,*,#4634,.F.);
#4660 = ORIENTED_EDGE('',*,*,#4661,.T.);
#4661 = EDGE_CURVE('',#4635,#4611,#4662,.T.);
#4662 = CIRCLE('',#4663,1.375);
#4663 = AXIS2_PLACEMENT_3D('',#4664,#4665,#4666);
#4664 = CARTESIAN_POINT('',(-5.08,22.86,6.1));
#4665 = DIRECTION('',(0.,0.,1.));
#4666 = DIRECTION('',(1.,0.,-0.));
#4667 = CYLINDRICAL_SURFACE('',#4668,1.375);
#4668 = AXIS2_PLACEMENT_3D('',#4669,#4670,#4671);
#4669 = CARTESIAN_POINT('',(-5.08,22.86,5.1));
#4670 = DIRECTION('',(0.,0.,1.));
#4671 = DIRECTION('',(1.,0.,-0.));
#4672 = ADVANCED_FACE('',(#4673),#4699,.F.);
#4673 = FACE_BOUND('',#4674,.F.);
#4674 = EDGE_LOOP('',(#4675,#4676,#4684,#4693));
#4675 = ORIENTED_EDGE('',*,*,#654,.F.);
#4676 = ORIENTED_EDGE('',*,*,#4677,.F.);
#4677 = EDGE_CURVE('',#4678,#655,#4680,.T.);
#4678 = VERTEX_POINT('',#4679);
#4679 = CARTESIAN_POINT('',(-18.945,27.94,6.1));
#4680 = LINE('',#4681,#4682);
#4681 = CARTESIAN_POINT('',(-18.945,27.94,5.1));
#4682 = VECTOR('',#4683,1.);
#4683 = DIRECTION('',(0.,0.,1.));
#4684 = ORIENTED_EDGE('',*,*,#4685,.T.);
#4685 = EDGE_CURVE('',#4678,#4686,#4688,.T.);
#4686 = VERTEX_POINT('',#4687);
#4687 = CARTESIAN_POINT('',(-21.695,27.94,6.1));
#4688 = CIRCLE('',#4689,1.375);
#4689 = AXIS2_PLACEMENT_3D('',#4690,#4691,#4692);
#4690 = CARTESIAN_POINT('',(-20.32,27.94,6.1));
#4691 = DIRECTION('',(0.,0.,1.));
#4692 = DIRECTION('',(1.,0.,-0.));
#4693 = ORIENTED_EDGE('',*,*,#4694,.T.);
#4694 = EDGE_CURVE('',#4686,#657,#4695,.T.);
#4695 = LINE('',#4696,#4697);
#4696 = CARTESIAN_POINT('',(-21.695,27.94,5.1));
#4697 = VECTOR('',#4698,1.);
#4698 = DIRECTION('',(0.,0.,1.));
#4699 = CYLINDRICAL_SURFACE('',#4700,1.375);
#4700 = AXIS2_PLACEMENT_3D('',#4701,#4702,#4703);
#4701 = CARTESIAN_POINT('',(-20.32,27.94,5.1));
#4702 = DIRECTION('',(0.,0.,1.));
#4703 = DIRECTION('',(1.,0.,-0.));
#4704 = ADVANCED_FACE('',(#4705),#4723,.F.);
#4705 = FACE_BOUND('',#4706,.F.);
#4706 = EDGE_LOOP('',(#4707,#4715,#4721,#4722));
#4707 = ORIENTED_EDGE('',*,*,#4708,.F.);
#4708 = EDGE_CURVE('',#4709,#666,#4711,.T.);
#4709 = VERTEX_POINT('',#4710);
#4710 = CARTESIAN_POINT('',(-18.945,22.86,6.1));
#4711 = LINE('',#4712,#4713);
#4712 = CARTESIAN_POINT('',(-18.945,22.86,5.1));
#4713 = VECTOR('',#4714,1.);
#4714 = DIRECTION('',(0.,0.,1.));
#4715 = ORIENTED_EDGE('',*,*,#4716,.T.);
#4716 = EDGE_CURVE('',#4709,#4678,#4717,.T.);
#4717 = LINE('',#4718,#4719);
#4718 = CARTESIAN_POINT('',(-18.945,-5.31,6.1));
#4719 = VECTOR('',#4720,1.);
#4720 = DIRECTION('',(-0.,1.,0.));
#4721 = ORIENTED_EDGE('',*,*,#4677,.T.);
#4722 = ORIENTED_EDGE('',*,*,#665,.F.);
#4723 = PLANE('',#4724);
#4724 = AXIS2_PLACEMENT_3D('',#4725,#4726,#4727);
#4725 = CARTESIAN_POINT('',(-18.945,22.86,5.1));
#4726 = DIRECTION('',(1.,0.,-0.));
#4727 = DIRECTION('',(0.,0.,1.));
#4728 = ADVANCED_FACE('',(#4729),#4747,.T.);
#4729 = FACE_BOUND('',#4730,.T.);
#4730 = EDGE_LOOP('',(#4731,#4739,#4745,#4746));
#4731 = ORIENTED_EDGE('',*,*,#4732,.F.);
#4732 = EDGE_CURVE('',#4733,#674,#4735,.T.);
#4733 = VERTEX_POINT('',#4734);
#4734 = CARTESIAN_POINT('',(-21.695,22.86,6.1));
#4735 = LINE('',#4736,#4737);
#4736 = CARTESIAN_POINT('',(-21.695,22.86,5.1));
#4737 = VECTOR('',#4738,1.);
#4738 = DIRECTION('',(0.,0.,1.));
#4739 = ORIENTED_EDGE('',*,*,#4740,.T.);
#4740 = EDGE_CURVE('',#4733,#4686,#4741,.T.);
#4741 = LINE('',#4742,#4743);
#4742 = CARTESIAN_POINT('',(-21.695,-5.31,6.1));
#4743 = VECTOR('',#4744,1.);
#4744 = DIRECTION('',(-0.,1.,0.));
#4745 = ORIENTED_EDGE('',*,*,#4694,.T.);
#4746 = ORIENTED_EDGE('',*,*,#682,.F.);
#4747 = PLANE('',#4748);
#4748 = AXIS2_PLACEMENT_3D('',#4749,#4750,#4751);
#4749 = CARTESIAN_POINT('',(-21.695,22.86,5.1));
#4750 = DIRECTION('',(1.,0.,-0.));
#4751 = DIRECTION('',(0.,0.,1.));
#4752 = ADVANCED_FACE('',(#4753),#4765,.F.);
#4753 = FACE_BOUND('',#4754,.F.);
#4754 = EDGE_LOOP('',(#4755,#4756,#4757,#4758));
#4755 = ORIENTED_EDGE('',*,*,#4708,.T.);
#4756 = ORIENTED_EDGE('',*,*,#673,.F.);
#4757 = ORIENTED_EDGE('',*,*,#4732,.F.);
#4758 = ORIENTED_EDGE('',*,*,#4759,.T.);
#4759 = EDGE_CURVE('',#4733,#4709,#4760,.T.);
#4760 = CIRCLE('',#4761,1.375);
#4761 = AXIS2_PLACEMENT_3D('',#4762,#4763,#4764);
#4762 = CARTESIAN_POINT('',(-20.32,22.86,6.1));
#4763 = DIRECTION('',(0.,0.,1.));
#4764 = DIRECTION('',(1.,0.,-0.));
#4765 = CYLINDRICAL_SURFACE('',#4766,1.375);
#4766 = AXIS2_PLACEMENT_3D('',#4767,#4768,#4769);
#4767 = CARTESIAN_POINT('',(-20.32,22.86,5.1));
#4768 = DIRECTION('',(0.,0.,1.));
#4769 = DIRECTION('',(1.,0.,-0.));
#4770 = ADVANCED_FACE('',(#4771),#4797,.F.);
#4771 = FACE_BOUND('',#4772,.F.);
#4772 = EDGE_LOOP('',(#4773,#4774,#4782,#4791));
#4773 = ORIENTED_EDGE('',*,*,#690,.F.);
#4774 = ORIENTED_EDGE('',*,*,#4775,.F.);
#4775 = EDGE_CURVE('',#4776,#691,#4778,.T.);
#4776 = VERTEX_POINT('',#4777);
#4777 = CARTESIAN_POINT('',(-34.185,27.94,6.1));
#4778 = LINE('',#4779,#4780);
#4779 = CARTESIAN_POINT('',(-34.185,27.94,5.1));
#4780 = VECTOR('',#4781,1.);
#4781 = DIRECTION('',(0.,0.,1.));
#4782 = ORIENTED_EDGE('',*,*,#4783,.T.);
#4783 = EDGE_CURVE('',#4776,#4784,#4786,.T.);
#4784 = VERTEX_POINT('',#4785);
#4785 = CARTESIAN_POINT('',(-36.935,27.94,6.1));
#4786 = CIRCLE('',#4787,1.375);
#4787 = AXIS2_PLACEMENT_3D('',#4788,#4789,#4790);
#4788 = CARTESIAN_POINT('',(-35.56,27.94,6.1));
#4789 = DIRECTION('',(0.,0.,1.));
#4790 = DIRECTION('',(1.,0.,-0.));
#4791 = ORIENTED_EDGE('',*,*,#4792,.T.);
#4792 = EDGE_CURVE('',#4784,#693,#4793,.T.);
#4793 = LINE('',#4794,#4795);
#4794 = CARTESIAN_POINT('',(-36.935,27.94,5.1));
#4795 = VECTOR('',#4796,1.);
#4796 = DIRECTION('',(0.,0.,1.));
#4797 = CYLINDRICAL_SURFACE('',#4798,1.375);
#4798 = AXIS2_PLACEMENT_3D('',#4799,#4800,#4801);
#4799 = CARTESIAN_POINT('',(-35.56,27.94,5.1));
#4800 = DIRECTION('',(0.,0.,1.));
#4801 = DIRECTION('',(1.,0.,-0.));
#4802 = ADVANCED_FACE('',(#4803),#4821,.F.);
#4803 = FACE_BOUND('',#4804,.F.);
#4804 = EDGE_LOOP('',(#4805,#4813,#4819,#4820));
#4805 = ORIENTED_EDGE('',*,*,#4806,.F.);
#4806 = EDGE_CURVE('',#4807,#702,#4809,.T.);
#4807 = VERTEX_POINT('',#4808);
#4808 = CARTESIAN_POINT('',(-34.185,22.86,6.1));
#4809 = LINE('',#4810,#4811);
#4810 = CARTESIAN_POINT('',(-34.185,22.86,5.1));
#4811 = VECTOR('',#4812,1.);
#4812 = DIRECTION('',(0.,0.,1.));
#4813 = ORIENTED_EDGE('',*,*,#4814,.T.);
#4814 = EDGE_CURVE('',#4807,#4776,#4815,.T.);
#4815 = LINE('',#4816,#4817);
#4816 = CARTESIAN_POINT('',(-34.185,-5.31,6.1));
#4817 = VECTOR('',#4818,1.);
#4818 = DIRECTION('',(-0.,1.,0.));
#4819 = ORIENTED_EDGE('',*,*,#4775,.T.);
#4820 = ORIENTED_EDGE('',*,*,#701,.F.);
#4821 = PLANE('',#4822);
#4822 = AXIS2_PLACEMENT_3D('',#4823,#4824,#4825);
#4823 = CARTESIAN_POINT('',(-34.185,22.86,5.1));
#4824 = DIRECTION('',(1.,0.,-0.));
#4825 = DIRECTION('',(0.,0.,1.));
#4826 = ADVANCED_FACE('',(#4827),#4845,.T.);
#4827 = FACE_BOUND('',#4828,.T.);
#4828 = EDGE_LOOP('',(#4829,#4837,#4843,#4844));
#4829 = ORIENTED_EDGE('',*,*,#4830,.F.);
#4830 = EDGE_CURVE('',#4831,#710,#4833,.T.);
#4831 = VERTEX_POINT('',#4832);
#4832 = CARTESIAN_POINT('',(-36.935,22.86,6.1));
#4833 = LINE('',#4834,#4835);
#4834 = CARTESIAN_POINT('',(-36.935,22.86,5.1));
#4835 = VECTOR('',#4836,1.);
#4836 = DIRECTION('',(0.,0.,1.));
#4837 = ORIENTED_EDGE('',*,*,#4838,.T.);
#4838 = EDGE_CURVE('',#4831,#4784,#4839,.T.);
#4839 = LINE('',#4840,#4841);
#4840 = CARTESIAN_POINT('',(-36.935,-5.31,6.1));
#4841 = VECTOR('',#4842,1.);
#4842 = DIRECTION('',(-0.,1.,0.));
#4843 = ORIENTED_EDGE('',*,*,#4792,.T.);
#4844 = ORIENTED_EDGE('',*,*,#718,.F.);
#4845 = PLANE('',#4846);
#4846 = AXIS2_PLACEMENT_3D('',#4847,#4848,#4849);
#4847 = CARTESIAN_POINT('',(-36.935,22.86,5.1));
#4848 = DIRECTION('',(1.,0.,-0.));
#4849 = DIRECTION('',(0.,0.,1.));
#4850 = ADVANCED_FACE('',(#4851),#4863,.F.);
#4851 = FACE_BOUND('',#4852,.F.);
#4852 = EDGE_LOOP('',(#4853,#4854,#4855,#4856));
#4853 = ORIENTED_EDGE('',*,*,#4806,.T.);
#4854 = ORIENTED_EDGE('',*,*,#709,.F.);
#4855 = ORIENTED_EDGE('',*,*,#4830,.F.);
#4856 = ORIENTED_EDGE('',*,*,#4857,.T.);
#4857 = EDGE_CURVE('',#4831,#4807,#4858,.T.);
#4858 = CIRCLE('',#4859,1.375);
#4859 = AXIS2_PLACEMENT_3D('',#4860,#4861,#4862);
#4860 = CARTESIAN_POINT('',(-35.56,22.86,6.1));
#4861 = DIRECTION('',(0.,0.,1.));
#4862 = DIRECTION('',(1.,0.,-0.));
#4863 = CYLINDRICAL_SURFACE('',#4864,1.375);
#4864 = AXIS2_PLACEMENT_3D('',#4865,#4866,#4867);
#4865 = CARTESIAN_POINT('',(-35.56,22.86,5.1));
#4866 = DIRECTION('',(0.,0.,1.));
#4867 = DIRECTION('',(1.,0.,-0.));
#4868 = ADVANCED_FACE('',(#4869),#4895,.F.);
#4869 = FACE_BOUND('',#4870,.F.);
#4870 = EDGE_LOOP('',(#4871,#4872,#4880,#4889));
#4871 = ORIENTED_EDGE('',*,*,#726,.F.);
#4872 = ORIENTED_EDGE('',*,*,#4873,.F.);
#4873 = EDGE_CURVE('',#4874,#727,#4876,.T.);
#4874 = VERTEX_POINT('',#4875);
#4875 = CARTESIAN_POINT('',(15.24,29.315,6.1));
#4876 = LINE('',#4877,#4878);
#4877 = CARTESIAN_POINT('',(15.24,29.315,5.1));
#4878 = VECTOR('',#4879,1.);
#4879 = DIRECTION('',(0.,0.,1.));
#4880 = ORIENTED_EDGE('',*,*,#4881,.T.);
#4881 = EDGE_CURVE('',#4874,#4882,#4884,.T.);
#4882 = VERTEX_POINT('',#4883);
#4883 = CARTESIAN_POINT('',(15.24,26.565,6.1));
#4884 = CIRCLE('',#4885,1.375);
#4885 = AXIS2_PLACEMENT_3D('',#4886,#4887,#4888);
#4886 = CARTESIAN_POINT('',(15.24,27.94,6.1));
#4887 = DIRECTION('',(0.,0.,1.));
#4888 = DIRECTION('',(1.,0.,-0.));
#4889 = ORIENTED_EDGE('',*,*,#4890,.T.);
#4890 = EDGE_CURVE('',#4882,#729,#4891,.T.);
#4891 = LINE('',#4892,#4893);
#4892 = CARTESIAN_POINT('',(15.24,26.565,5.1));
#4893 = VECTOR('',#4894,1.);
#4894 = DIRECTION('',(0.,0.,1.));
#4895 = CYLINDRICAL_SURFACE('',#4896,1.375);
#4896 = AXIS2_PLACEMENT_3D('',#4897,#4898,#4899);
#4897 = CARTESIAN_POINT('',(15.24,27.94,5.1));
#4898 = DIRECTION('',(0.,0.,1.));
#4899 = DIRECTION('',(1.,0.,-0.));
#4900 = ADVANCED_FACE('',(#4901),#4919,.F.);
#4901 = FACE_BOUND('',#4902,.F.);
#4902 = EDGE_LOOP('',(#4903,#4911,#4912,#4913));
#4903 = ORIENTED_EDGE('',*,*,#4904,.T.);
#4904 = EDGE_CURVE('',#4905,#4874,#4907,.T.);
#4905 = VERTEX_POINT('',#4906);
#4906 = CARTESIAN_POINT('',(20.32,29.315,6.1));
#4907 = LINE('',#4908,#4909);
#4908 = CARTESIAN_POINT('',(-12.93,29.315,6.1));
#4909 = VECTOR('',#4910,1.);
#4910 = DIRECTION('',(-1.,-0.,0.));
#4911 = ORIENTED_EDGE('',*,*,#4873,.T.);
#4912 = ORIENTED_EDGE('',*,*,#737,.F.);
#4913 = ORIENTED_EDGE('',*,*,#4914,.F.);
#4914 = EDGE_CURVE('',#4905,#738,#4915,.T.);
#4915 = LINE('',#4916,#4917);
#4916 = CARTESIAN_POINT('',(20.32,29.315,5.1));
#4917 = VECTOR('',#4918,1.);
#4918 = DIRECTION('',(0.,0.,1.));
#4919 = PLANE('',#4920);
#4920 = AXIS2_PLACEMENT_3D('',#4921,#4922,#4923);
#4921 = CARTESIAN_POINT('',(15.24,29.315,5.1));
#4922 = DIRECTION('',(-0.,1.,0.));
#4923 = DIRECTION('',(0.,0.,1.));
#4924 = ADVANCED_FACE('',(#4925),#4943,.T.);
#4925 = FACE_BOUND('',#4926,.T.);
#4926 = EDGE_LOOP('',(#4927,#4935,#4936,#4937));
#4927 = ORIENTED_EDGE('',*,*,#4928,.T.);
#4928 = EDGE_CURVE('',#4929,#4882,#4931,.T.);
#4929 = VERTEX_POINT('',#4930);
#4930 = CARTESIAN_POINT('',(20.32,26.565,6.1));
#4931 = LINE('',#4932,#4933);
#4932 = CARTESIAN_POINT('',(-12.93,26.565,6.1));
#4933 = VECTOR('',#4934,1.);
#4934 = DIRECTION('',(-1.,-0.,0.));
#4935 = ORIENTED_EDGE('',*,*,#4890,.T.);
#4936 = ORIENTED_EDGE('',*,*,#763,.F.);
#4937 = ORIENTED_EDGE('',*,*,#4938,.F.);
#4938 = EDGE_CURVE('',#4929,#755,#4939,.T.);
#4939 = LINE('',#4940,#4941);
#4940 = CARTESIAN_POINT('',(20.32,26.565,5.1));
#4941 = VECTOR('',#4942,1.);
#4942 = DIRECTION('',(0.,0.,1.));
#4943 = PLANE('',#4944);
#4944 = AXIS2_PLACEMENT_3D('',#4945,#4946,#4947);
#4945 = CARTESIAN_POINT('',(15.24,26.565,5.1));
#4946 = DIRECTION('',(-0.,1.,0.));
#4947 = DIRECTION('',(0.,0.,1.));
#4948 = ADVANCED_FACE('',(#4949),#4975,.F.);
#4949 = FACE_BOUND('',#4950,.F.);
#4950 = EDGE_LOOP('',(#4951,#4952,#4960,#4969));
#4951 = ORIENTED_EDGE('',*,*,#771,.F.);
#4952 = ORIENTED_EDGE('',*,*,#4953,.F.);
#4953 = EDGE_CURVE('',#4954,#772,#4956,.T.);
#4954 = VERTEX_POINT('',#4955);
#4955 = CARTESIAN_POINT('',(15.24,-16.405,6.1));
#4956 = LINE('',#4957,#4958);
#4957 = CARTESIAN_POINT('',(15.24,-16.405,5.1));
#4958 = VECTOR('',#4959,1.);
#4959 = DIRECTION('',(0.,0.,1.));
#4960 = ORIENTED_EDGE('',*,*,#4961,.T.);
#4961 = EDGE_CURVE('',#4954,#4962,#4964,.T.);
#4962 = VERTEX_POINT('',#4963);
#4963 = CARTESIAN_POINT('',(15.24,-19.155,6.1));
#4964 = CIRCLE('',#4965,1.375);
#4965 = AXIS2_PLACEMENT_3D('',#4966,#4967,#4968);
#4966 = CARTESIAN_POINT('',(15.24,-17.78,6.1));
#4967 = DIRECTION('',(0.,0.,1.));
#4968 = DIRECTION('',(1.,0.,-0.));
#4969 = ORIENTED_EDGE('',*,*,#4970,.T.);
#4970 = EDGE_CURVE('',#4962,#774,#4971,.T.);
#4971 = LINE('',#4972,#4973);
#4972 = CARTESIAN_POINT('',(15.24,-19.155,5.1));
#4973 = VECTOR('',#4974,1.);
#4974 = DIRECTION('',(0.,0.,1.));
#4975 = CYLINDRICAL_SURFACE('',#4976,1.375);
#4976 = AXIS2_PLACEMENT_3D('',#4977,#4978,#4979);
#4977 = CARTESIAN_POINT('',(15.24,-17.78,5.1));
#4978 = DIRECTION('',(0.,0.,1.));
#4979 = DIRECTION('',(1.,0.,-0.));
#4980 = ADVANCED_FACE('',(#4981),#4999,.F.);
#4981 = FACE_BOUND('',#4982,.F.);
#4982 = EDGE_LOOP('',(#4983,#4991,#4992,#4993));
#4983 = ORIENTED_EDGE('',*,*,#4984,.T.);
#4984 = EDGE_CURVE('',#4985,#4954,#4987,.T.);
#4985 = VERTEX_POINT('',#4986);
#4986 = CARTESIAN_POINT('',(20.32,-16.405,6.1));
#4987 = LINE('',#4988,#4989);
#4988 = CARTESIAN_POINT('',(-12.93,-16.405,6.1));
#4989 = VECTOR('',#4990,1.);
#4990 = DIRECTION('',(-1.,-0.,0.));
#4991 = ORIENTED_EDGE('',*,*,#4953,.T.);
#4992 = ORIENTED_EDGE('',*,*,#782,.F.);
#4993 = ORIENTED_EDGE('',*,*,#4994,.F.);
#4994 = EDGE_CURVE('',#4985,#783,#4995,.T.);
#4995 = LINE('',#4996,#4997);
#4996 = CARTESIAN_POINT('',(20.32,-16.405,5.1));
#4997 = VECTOR('',#4998,1.);
#4998 = DIRECTION('',(0.,0.,1.));
#4999 = PLANE('',#5000);
#5000 = AXIS2_PLACEMENT_3D('',#5001,#5002,#5003);
#5001 = CARTESIAN_POINT('',(15.24,-16.405,5.1));
#5002 = DIRECTION('',(-0.,1.,0.));
#5003 = DIRECTION('',(0.,0.,1.));
#5004 = ADVANCED_FACE('',(#5005),#5023,.T.);
#5005 = FACE_BOUND('',#5006,.T.);
#5006 = EDGE_LOOP('',(#5007,#5015,#5016,#5017));
#5007 = ORIENTED_EDGE('',*,*,#5008,.T.);
#5008 = EDGE_CURVE('',#5009,#4962,#5011,.T.);
#5009 = VERTEX_POINT('',#5010);
#5010 = CARTESIAN_POINT('',(20.32,-19.155,6.1));
#5011 = LINE('',#5012,#5013);
#5012 = CARTESIAN_POINT('',(-12.93,-19.155,6.1));
#5013 = VECTOR('',#5014,1.);
#5014 = DIRECTION('',(-1.,-0.,0.));
#5015 = ORIENTED_EDGE('',*,*,#4970,.T.);
#5016 = ORIENTED_EDGE('',*,*,#808,.F.);
#5017 = ORIENTED_EDGE('',*,*,#5018,.F.);
#5018 = EDGE_CURVE('',#5009,#800,#5019,.T.);
#5019 = LINE('',#5020,#5021);
#5020 = CARTESIAN_POINT('',(20.32,-19.155,5.1));
#5021 = VECTOR('',#5022,1.);
#5022 = DIRECTION('',(0.,0.,1.));
#5023 = PLANE('',#5024);
#5024 = AXIS2_PLACEMENT_3D('',#5025,#5026,#5027);
#5025 = CARTESIAN_POINT('',(15.24,-19.155,5.1));
#5026 = DIRECTION('',(-0.,1.,0.));
#5027 = DIRECTION('',(0.,0.,1.));
#5028 = ADVANCED_FACE('',(#5029),#5055,.F.);
#5029 = FACE_BOUND('',#5030,.F.);
#5030 = EDGE_LOOP('',(#5031,#5032,#5040,#5049));
#5031 = ORIENTED_EDGE('',*,*,#816,.F.);
#5032 = ORIENTED_EDGE('',*,*,#5033,.F.);
#5033 = EDGE_CURVE('',#5034,#817,#5036,.T.);
#5034 = VERTEX_POINT('',#5035);
#5035 = CARTESIAN_POINT('',(26.775,-17.78,6.1));
#5036 = LINE('',#5037,#5038);
#5037 = CARTESIAN_POINT('',(26.775,-17.78,5.1));
#5038 = VECTOR('',#5039,1.);
#5039 = DIRECTION('',(0.,0.,1.));
#5040 = ORIENTED_EDGE('',*,*,#5041,.T.);
#5041 = EDGE_CURVE('',#5034,#5042,#5044,.T.);
#5042 = VERTEX_POINT('',#5043);
#5043 = CARTESIAN_POINT('',(24.025,-17.78,6.1));
#5044 = CIRCLE('',#5045,1.375);
#5045 = AXIS2_PLACEMENT_3D('',#5046,#5047,#5048);
#5046 = CARTESIAN_POINT('',(25.4,-17.78,6.1));
#5047 = DIRECTION('',(0.,0.,1.));
#5048 = DIRECTION('',(1.,0.,-0.));
#5049 = ORIENTED_EDGE('',*,*,#5050,.T.);
#5050 = EDGE_CURVE('',#5042,#819,#5051,.T.);
#5051 = LINE('',#5052,#5053);
#5052 = CARTESIAN_POINT('',(24.025,-17.78,5.1));
#5053 = VECTOR('',#5054,1.);
#5054 = DIRECTION('',(0.,0.,1.));
#5055 = CYLINDRICAL_SURFACE('',#5056,1.375);
#5056 = AXIS2_PLACEMENT_3D('',#5057,#5058,#5059);
#5057 = CARTESIAN_POINT('',(25.4,-17.78,5.1));
#5058 = DIRECTION('',(0.,0.,1.));
#5059 = DIRECTION('',(1.,0.,-0.));
#5060 = ADVANCED_FACE('',(#5061),#5079,.F.);
#5061 = FACE_BOUND('',#5062,.F.);
#5062 = EDGE_LOOP('',(#5063,#5071,#5077,#5078));
#5063 = ORIENTED_EDGE('',*,*,#5064,.F.);
#5064 = EDGE_CURVE('',#5065,#828,#5067,.T.);
#5065 = VERTEX_POINT('',#5066);
#5066 = CARTESIAN_POINT('',(26.775,-22.86,6.1));
#5067 = LINE('',#5068,#5069);
#5068 = CARTESIAN_POINT('',(26.775,-22.86,5.1));
#5069 = VECTOR('',#5070,1.);
#5070 = DIRECTION('',(0.,0.,1.));
#5071 = ORIENTED_EDGE('',*,*,#5072,.T.);
#5072 = EDGE_CURVE('',#5065,#5034,#5073,.T.);
#5073 = LINE('',#5074,#5075);
#5074 = CARTESIAN_POINT('',(26.775,-28.17,6.1));
#5075 = VECTOR('',#5076,1.);
#5076 = DIRECTION('',(-0.,1.,0.));
#5077 = ORIENTED_EDGE('',*,*,#5033,.T.);
#5078 = ORIENTED_EDGE('',*,*,#827,.F.);
#5079 = PLANE('',#5080);
#5080 = AXIS2_PLACEMENT_3D('',#5081,#5082,#5083);
#5081 = CARTESIAN_POINT('',(26.775,-22.86,5.1));
#5082 = DIRECTION('',(1.,0.,-0.));
#5083 = DIRECTION('',(0.,0.,1.));
#5084 = ADVANCED_FACE('',(#5085),#5103,.T.);
#5085 = FACE_BOUND('',#5086,.T.);
#5086 = EDGE_LOOP('',(#5087,#5095,#5101,#5102));
#5087 = ORIENTED_EDGE('',*,*,#5088,.F.);
#5088 = EDGE_CURVE('',#5089,#836,#5091,.T.);
#5089 = VERTEX_POINT('',#5090);
#5090 = CARTESIAN_POINT('',(24.025,-22.86,6.1));
#5091 = LINE('',#5092,#5093);
#5092 = CARTESIAN_POINT('',(24.025,-22.86,5.1));
#5093 = VECTOR('',#5094,1.);
#5094 = DIRECTION('',(0.,0.,1.));
#5095 = ORIENTED_EDGE('',*,*,#5096,.T.);
#5096 = EDGE_CURVE('',#5089,#5042,#5097,.T.);
#5097 = LINE('',#5098,#5099);
#5098 = CARTESIAN_POINT('',(24.025,-28.17,6.1));
#5099 = VECTOR('',#5100,1.);
#5100 = DIRECTION('',(-0.,1.,0.));
#5101 = ORIENTED_EDGE('',*,*,#5050,.T.);
#5102 = ORIENTED_EDGE('',*,*,#844,.F.);
#5103 = PLANE('',#5104);
#5104 = AXIS2_PLACEMENT_3D('',#5105,#5106,#5107);
#5105 = CARTESIAN_POINT('',(24.025,-22.86,5.1));
#5106 = DIRECTION('',(1.,0.,-0.));
#5107 = DIRECTION('',(0.,0.,1.));
#5108 = ADVANCED_FACE('',(#5109),#5121,.F.);
#5109 = FACE_BOUND('',#5110,.F.);
#5110 = EDGE_LOOP('',(#5111,#5112,#5113,#5114));
#5111 = ORIENTED_EDGE('',*,*,#5064,.T.);
#5112 = ORIENTED_EDGE('',*,*,#835,.F.);
#5113 = ORIENTED_EDGE('',*,*,#5088,.F.);
#5114 = ORIENTED_EDGE('',*,*,#5115,.T.);
#5115 = EDGE_CURVE('',#5089,#5065,#5116,.T.);
#5116 = CIRCLE('',#5117,1.375);
#5117 = AXIS2_PLACEMENT_3D('',#5118,#5119,#5120);
#5118 = CARTESIAN_POINT('',(25.4,-22.86,6.1));
#5119 = DIRECTION('',(0.,0.,1.));
#5120 = DIRECTION('',(1.,0.,-0.));
#5121 = CYLINDRICAL_SURFACE('',#5122,1.375);
#5122 = AXIS2_PLACEMENT_3D('',#5123,#5124,#5125);
#5123 = CARTESIAN_POINT('',(25.4,-22.86,5.1));
#5124 = DIRECTION('',(0.,0.,1.));
#5125 = DIRECTION('',(1.,0.,-0.));
#5126 = ADVANCED_FACE('',(#5127),#5153,.F.);
#5127 = FACE_BOUND('',#5128,.F.);
#5128 = EDGE_LOOP('',(#5129,#5130,#5138,#5147));
#5129 = ORIENTED_EDGE('',*,*,#852,.F.);
#5130 = ORIENTED_EDGE('',*,*,#5131,.F.);
#5131 = EDGE_CURVE('',#5132,#853,#5134,.T.);
#5132 = VERTEX_POINT('',#5133);
#5133 = CARTESIAN_POINT('',(-35.56,-26.565,6.1));
#5134 = LINE('',#5135,#5136);
#5135 = CARTESIAN_POINT('',(-35.56,-26.565,5.1));
#5136 = VECTOR('',#5137,1.);
#5137 = DIRECTION('',(0.,0.,1.));
#5138 = ORIENTED_EDGE('',*,*,#5139,.T.);
#5139 = EDGE_CURVE('',#5132,#5140,#5142,.T.);
#5140 = VERTEX_POINT('',#5141);
#5141 = CARTESIAN_POINT('',(-35.56,-29.315,6.1));
#5142 = CIRCLE('',#5143,1.375);
#5143 = AXIS2_PLACEMENT_3D('',#5144,#5145,#5146);
#5144 = CARTESIAN_POINT('',(-35.56,-27.94,6.1));
#5145 = DIRECTION('',(0.,0.,1.));
#5146 = DIRECTION('',(1.,0.,-0.));
#5147 = ORIENTED_EDGE('',*,*,#5148,.T.);
#5148 = EDGE_CURVE('',#5140,#855,#5149,.T.);
#5149 = LINE('',#5150,#5151);
#5150 = CARTESIAN_POINT('',(-35.56,-29.315,5.1));
#5151 = VECTOR('',#5152,1.);
#5152 = DIRECTION('',(0.,0.,1.));
#5153 = CYLINDRICAL_SURFACE('',#5154,1.375);
#5154 = AXIS2_PLACEMENT_3D('',#5155,#5156,#5157);
#5155 = CARTESIAN_POINT('',(-35.56,-27.94,5.1));
#5156 = DIRECTION('',(0.,0.,1.));
#5157 = DIRECTION('',(1.,0.,-0.));
#5158 = ADVANCED_FACE('',(#5159),#5177,.F.);
#5159 = FACE_BOUND('',#5160,.F.);
#5160 = EDGE_LOOP('',(#5161,#5169,#5170,#5171));
#5161 = ORIENTED_EDGE('',*,*,#5162,.T.);
#5162 = EDGE_CURVE('',#5163,#5132,#5165,.T.);
#5163 = VERTEX_POINT('',#5164);
#5164 = CARTESIAN_POINT('',(-30.48,-26.565,6.1));
#5165 = LINE('',#5166,#5167);
#5166 = CARTESIAN_POINT('',(-38.33,-26.565,6.1));
#5167 = VECTOR('',#5168,1.);
#5168 = DIRECTION('',(-1.,-0.,0.));
#5169 = ORIENTED_EDGE('',*,*,#5131,.T.);
#5170 = ORIENTED_EDGE('',*,*,#863,.F.);
#5171 = ORIENTED_EDGE('',*,*,#5172,.F.);
#5172 = EDGE_CURVE('',#5163,#864,#5173,.T.);
#5173 = LINE('',#5174,#5175);
#5174 = CARTESIAN_POINT('',(-30.48,-26.565,5.1));
#5175 = VECTOR('',#5176,1.);
#5176 = DIRECTION('',(0.,0.,1.));
#5177 = PLANE('',#5178);
#5178 = AXIS2_PLACEMENT_3D('',#5179,#5180,#5181);
#5179 = CARTESIAN_POINT('',(-35.56,-26.565,5.1));
#5180 = DIRECTION('',(-0.,1.,0.));
#5181 = DIRECTION('',(0.,0.,1.));
#5182 = ADVANCED_FACE('',(#5183),#5201,.T.);
#5183 = FACE_BOUND('',#5184,.T.);
#5184 = EDGE_LOOP('',(#5185,#5193,#5194,#5195));
#5185 = ORIENTED_EDGE('',*,*,#5186,.T.);
#5186 = EDGE_CURVE('',#5187,#5140,#5189,.T.);
#5187 = VERTEX_POINT('',#5188);
#5188 = CARTESIAN_POINT('',(-30.48,-29.315,6.1));
#5189 = LINE('',#5190,#5191);
#5190 = CARTESIAN_POINT('',(-38.33,-29.315,6.1));
#5191 = VECTOR('',#5192,1.);
#5192 = DIRECTION('',(-1.,-0.,0.));
#5193 = ORIENTED_EDGE('',*,*,#5148,.T.);
#5194 = ORIENTED_EDGE('',*,*,#889,.F.);
#5195 = ORIENTED_EDGE('',*,*,#5196,.F.);
#5196 = EDGE_CURVE('',#5187,#881,#5197,.T.);
#5197 = LINE('',#5198,#5199);
#5198 = CARTESIAN_POINT('',(-30.48,-29.315,5.1));
#5199 = VECTOR('',#5200,1.);
#5200 = DIRECTION('',(0.,0.,1.));
#5201 = PLANE('',#5202);
#5202 = AXIS2_PLACEMENT_3D('',#5203,#5204,#5205);
#5203 = CARTESIAN_POINT('',(-35.56,-29.315,5.1));
#5204 = DIRECTION('',(-0.,1.,0.));
#5205 = DIRECTION('',(0.,0.,1.));
#5206 = ADVANCED_FACE('',(#5207),#5233,.F.);
#5207 = FACE_BOUND('',#5208,.F.);
#5208 = EDGE_LOOP('',(#5209,#5210,#5218,#5227));
#5209 = ORIENTED_EDGE('',*,*,#897,.F.);
#5210 = ORIENTED_EDGE('',*,*,#5211,.F.);
#5211 = EDGE_CURVE('',#5212,#898,#5214,.T.);
#5212 = VERTEX_POINT('',#5213);
#5213 = CARTESIAN_POINT('',(6.455,-7.62,6.1));
#5214 = LINE('',#5215,#5216);
#5215 = CARTESIAN_POINT('',(6.455,-7.62,5.1));
#5216 = VECTOR('',#5217,1.);
#5217 = DIRECTION('',(0.,0.,1.));
#5218 = ORIENTED_EDGE('',*,*,#5219,.T.);
#5219 = EDGE_CURVE('',#5212,#5220,#5222,.T.);
#5220 = VERTEX_POINT('',#5221);
#5221 = CARTESIAN_POINT('',(3.705,-7.62,6.1));
#5222 = CIRCLE('',#5223,1.375);
#5223 = AXIS2_PLACEMENT_3D('',#5224,#5225,#5226);
#5224 = CARTESIAN_POINT('',(5.08,-7.62,6.1));
#5225 = DIRECTION('',(0.,0.,1.));
#5226 = DIRECTION('',(1.,0.,-0.));
#5227 = ORIENTED_EDGE('',*,*,#5228,.T.);
#5228 = EDGE_CURVE('',#5220,#900,#5229,.T.);
#5229 = LINE('',#5230,#5231);
#5230 = CARTESIAN_POINT('',(3.705,-7.62,5.1));
#5231 = VECTOR('',#5232,1.);
#5232 = DIRECTION('',(0.,0.,1.));
#5233 = CYLINDRICAL_SURFACE('',#5234,1.375);
#5234 = AXIS2_PLACEMENT_3D('',#5235,#5236,#5237);
#5235 = CARTESIAN_POINT('',(5.08,-7.62,5.1));
#5236 = DIRECTION('',(0.,0.,1.));
#5237 = DIRECTION('',(1.,0.,-0.));
#5238 = ADVANCED_FACE('',(#5239),#5257,.F.);
#5239 = FACE_BOUND('',#5240,.F.);
#5240 = EDGE_LOOP('',(#5241,#5249,#5255,#5256));
#5241 = ORIENTED_EDGE('',*,*,#5242,.F.);
#5242 = EDGE_CURVE('',#5243,#909,#5245,.T.);
#5243 = VERTEX_POINT('',#5244);
#5244 = CARTESIAN_POINT('',(6.455,-12.7,6.1));
#5245 = LINE('',#5246,#5247);
#5246 = CARTESIAN_POINT('',(6.455,-12.7,5.1));
#5247 = VECTOR('',#5248,1.);
#5248 = DIRECTION('',(0.,0.,1.));
#5249 = ORIENTED_EDGE('',*,*,#5250,.T.);
#5250 = EDGE_CURVE('',#5243,#5212,#5251,.T.);
#5251 = LINE('',#5252,#5253);
#5252 = CARTESIAN_POINT('',(6.455,-23.09,6.1));
#5253 = VECTOR('',#5254,1.);
#5254 = DIRECTION('',(-0.,1.,0.));
#5255 = ORIENTED_EDGE('',*,*,#5211,.T.);
#5256 = ORIENTED_EDGE('',*,*,#908,.F.);
#5257 = PLANE('',#5258);
#5258 = AXIS2_PLACEMENT_3D('',#5259,#5260,#5261);
#5259 = CARTESIAN_POINT('',(6.455,-12.7,5.1));
#5260 = DIRECTION('',(1.,0.,-0.));
#5261 = DIRECTION('',(0.,0.,1.));
#5262 = ADVANCED_FACE('',(#5263),#5281,.T.);
#5263 = FACE_BOUND('',#5264,.T.);
#5264 = EDGE_LOOP('',(#5265,#5273,#5279,#5280));
#5265 = ORIENTED_EDGE('',*,*,#5266,.F.);
#5266 = EDGE_CURVE('',#5267,#917,#5269,.T.);
#5267 = VERTEX_POINT('',#5268);
#5268 = CARTESIAN_POINT('',(3.705,-12.7,6.1));
#5269 = LINE('',#5270,#5271);
#5270 = CARTESIAN_POINT('',(3.705,-12.7,5.1));
#5271 = VECTOR('',#5272,1.);
#5272 = DIRECTION('',(0.,0.,1.));
#5273 = ORIENTED_EDGE('',*,*,#5274,.T.);
#5274 = EDGE_CURVE('',#5267,#5220,#5275,.T.);
#5275 = LINE('',#5276,#5277);
#5276 = CARTESIAN_POINT('',(3.705,-23.09,6.1));
#5277 = VECTOR('',#5278,1.);
#5278 = DIRECTION('',(-0.,1.,0.));
#5279 = ORIENTED_EDGE('',*,*,#5228,.T.);
#5280 = ORIENTED_EDGE('',*,*,#925,.F.);
#5281 = PLANE('',#5282);
#5282 = AXIS2_PLACEMENT_3D('',#5283,#5284,#5285);
#5283 = CARTESIAN_POINT('',(3.705,-12.7,5.1));
#5284 = DIRECTION('',(1.,0.,-0.));
#5285 = DIRECTION('',(0.,0.,1.));
#5286 = ADVANCED_FACE('',(#5287),#5299,.F.);
#5287 = FACE_BOUND('',#5288,.F.);
#5288 = EDGE_LOOP('',(#5289,#5290,#5291,#5292));
#5289 = ORIENTED_EDGE('',*,*,#5242,.T.);
#5290 = ORIENTED_EDGE('',*,*,#916,.F.);
#5291 = ORIENTED_EDGE('',*,*,#5266,.F.);
#5292 = ORIENTED_EDGE('',*,*,#5293,.T.);
#5293 = EDGE_CURVE('',#5267,#5243,#5294,.T.);
#5294 = CIRCLE('',#5295,1.375);
#5295 = AXIS2_PLACEMENT_3D('',#5296,#5297,#5298);
#5296 = CARTESIAN_POINT('',(5.08,-12.7,6.1));
#5297 = DIRECTION('',(0.,0.,1.));
#5298 = DIRECTION('',(1.,0.,-0.));
#5299 = CYLINDRICAL_SURFACE('',#5300,1.375);
#5300 = AXIS2_PLACEMENT_3D('',#5301,#5302,#5303);
#5301 = CARTESIAN_POINT('',(5.08,-12.7,5.1));
#5302 = DIRECTION('',(0.,0.,1.));
#5303 = DIRECTION('',(1.,0.,-0.));
#5304 = ADVANCED_FACE('',(#5305),#5331,.F.);
#5305 = FACE_BOUND('',#5306,.F.);
#5306 = EDGE_LOOP('',(#5307,#5308,#5316,#5325));
#5307 = ORIENTED_EDGE('',*,*,#933,.F.);
#5308 = ORIENTED_EDGE('',*,*,#5309,.F.);
#5309 = EDGE_CURVE('',#5310,#934,#5312,.T.);
#5310 = VERTEX_POINT('',#5311);
#5311 = CARTESIAN_POINT('',(-24.025,-22.86,6.1));
#5312 = LINE('',#5313,#5314);
#5313 = CARTESIAN_POINT('',(-24.025,-22.86,5.1));
#5314 = VECTOR('',#5315,1.);
#5315 = DIRECTION('',(0.,0.,1.));
#5316 = ORIENTED_EDGE('',*,*,#5317,.T.);
#5317 = EDGE_CURVE('',#5310,#5318,#5320,.T.);
#5318 = VERTEX_POINT('',#5319);
#5319 = CARTESIAN_POINT('',(-26.775,-22.86,6.1));
#5320 = CIRCLE('',#5321,1.375);
#5321 = AXIS2_PLACEMENT_3D('',#5322,#5323,#5324);
#5322 = CARTESIAN_POINT('',(-25.4,-22.86,6.1));
#5323 = DIRECTION('',(0.,0.,1.));
#5324 = DIRECTION('',(1.,0.,-0.));
#5325 = ORIENTED_EDGE('',*,*,#5326,.T.);
#5326 = EDGE_CURVE('',#5318,#936,#5327,.T.);
#5327 = LINE('',#5328,#5329);
#5328 = CARTESIAN_POINT('',(-26.775,-22.86,5.1));
#5329 = VECTOR('',#5330,1.);
#5330 = DIRECTION('',(0.,0.,1.));
#5331 = CYLINDRICAL_SURFACE('',#5332,1.375);
#5332 = AXIS2_PLACEMENT_3D('',#5333,#5334,#5335);
#5333 = CARTESIAN_POINT('',(-25.4,-22.86,5.1));
#5334 = DIRECTION('',(0.,0.,1.));
#5335 = DIRECTION('',(1.,0.,-0.));
#5336 = ADVANCED_FACE('',(#5337),#5355,.F.);
#5337 = FACE_BOUND('',#5338,.F.);
#5338 = EDGE_LOOP('',(#5339,#5347,#5353,#5354));
#5339 = ORIENTED_EDGE('',*,*,#5340,.F.);
#5340 = EDGE_CURVE('',#5341,#945,#5343,.T.);
#5341 = VERTEX_POINT('',#5342);
#5342 = CARTESIAN_POINT('',(-24.025,-27.94,6.1));
#5343 = LINE('',#5344,#5345);
#5344 = CARTESIAN_POINT('',(-24.025,-27.94,5.1));
#5345 = VECTOR('',#5346,1.);
#5346 = DIRECTION('',(0.,0.,1.));
#5347 = ORIENTED_EDGE('',*,*,#5348,.T.);
#5348 = EDGE_CURVE('',#5341,#5310,#5349,.T.);
#5349 = LINE('',#5350,#5351);
#5350 = CARTESIAN_POINT('',(-24.025,-30.71,6.1));
#5351 = VECTOR('',#5352,1.);
#5352 = DIRECTION('',(-0.,1.,0.));
#5353 = ORIENTED_EDGE('',*,*,#5309,.T.);
#5354 = ORIENTED_EDGE('',*,*,#944,.F.);
#5355 = PLANE('',#5356);
#5356 = AXIS2_PLACEMENT_3D('',#5357,#5358,#5359);
#5357 = CARTESIAN_POINT('',(-24.025,-27.94,5.1));
#5358 = DIRECTION('',(1.,0.,-0.));
#5359 = DIRECTION('',(0.,0.,1.));
#5360 = ADVANCED_FACE('',(#5361),#5379,.T.);
#5361 = FACE_BOUND('',#5362,.T.);
#5362 = EDGE_LOOP('',(#5363,#5371,#5377,#5378));
#5363 = ORIENTED_EDGE('',*,*,#5364,.F.);
#5364 = EDGE_CURVE('',#5365,#953,#5367,.T.);
#5365 = VERTEX_POINT('',#5366);
#5366 = CARTESIAN_POINT('',(-26.775,-27.94,6.1));
#5367 = LINE('',#5368,#5369);
#5368 = CARTESIAN_POINT('',(-26.775,-27.94,5.1));
#5369 = VECTOR('',#5370,1.);
#5370 = DIRECTION('',(0.,0.,1.));
#5371 = ORIENTED_EDGE('',*,*,#5372,.T.);
#5372 = EDGE_CURVE('',#5365,#5318,#5373,.T.);
#5373 = LINE('',#5374,#5375);
#5374 = CARTESIAN_POINT('',(-26.775,-30.71,6.1));
#5375 = VECTOR('',#5376,1.);
#5376 = DIRECTION('',(-0.,1.,0.));
#5377 = ORIENTED_EDGE('',*,*,#5326,.T.);
#5378 = ORIENTED_EDGE('',*,*,#961,.F.);
#5379 = PLANE('',#5380);
#5380 = AXIS2_PLACEMENT_3D('',#5381,#5382,#5383);
#5381 = CARTESIAN_POINT('',(-26.775,-27.94,5.1));
#5382 = DIRECTION('',(1.,0.,-0.));
#5383 = DIRECTION('',(0.,0.,1.));
#5384 = ADVANCED_FACE('',(#5385),#5397,.F.);
#5385 = FACE_BOUND('',#5386,.F.);
#5386 = EDGE_LOOP('',(#5387,#5388,#5389,#5390));
#5387 = ORIENTED_EDGE('',*,*,#5340,.T.);
#5388 = ORIENTED_EDGE('',*,*,#952,.F.);
#5389 = ORIENTED_EDGE('',*,*,#5364,.F.);
#5390 = ORIENTED_EDGE('',*,*,#5391,.T.);
#5391 = EDGE_CURVE('',#5365,#5341,#5392,.T.);
#5392 = CIRCLE('',#5393,1.375);
#5393 = AXIS2_PLACEMENT_3D('',#5394,#5395,#5396);
#5394 = CARTESIAN_POINT('',(-25.4,-27.94,6.1));
#5395 = DIRECTION('',(0.,0.,1.));
#5396 = DIRECTION('',(1.,0.,-0.));
#5397 = CYLINDRICAL_SURFACE('',#5398,1.375);
#5398 = AXIS2_PLACEMENT_3D('',#5399,#5400,#5401);
#5399 = CARTESIAN_POINT('',(-25.4,-27.94,5.1));
#5400 = DIRECTION('',(0.,0.,1.));
#5401 = DIRECTION('',(1.,0.,-0.));
#5402 = ADVANCED_FACE('',(#5403),#5429,.F.);
#5403 = FACE_BOUND('',#5404,.F.);
#5404 = EDGE_LOOP('',(#5405,#5406,#5414,#5423));
#5405 = ORIENTED_EDGE('',*,*,#969,.F.);
#5406 = ORIENTED_EDGE('',*,*,#5407,.F.);
#5407 = EDGE_CURVE('',#5408,#970,#5410,.T.);
#5408 = VERTEX_POINT('',#5409);
#5409 = CARTESIAN_POINT('',(-34.185,-17.78,6.1));
#5410 = LINE('',#5411,#5412);
#5411 = CARTESIAN_POINT('',(-34.185,-17.78,5.1));
#5412 = VECTOR('',#5413,1.);
#5413 = DIRECTION('',(0.,0.,1.));
#5414 = ORIENTED_EDGE('',*,*,#5415,.T.);
#5415 = EDGE_CURVE('',#5408,#5416,#5418,.T.);
#5416 = VERTEX_POINT('',#5417);
#5417 = CARTESIAN_POINT('',(-36.935,-17.78,6.1));
#5418 = CIRCLE('',#5419,1.375);
#5419 = AXIS2_PLACEMENT_3D('',#5420,#5421,#5422);
#5420 = CARTESIAN_POINT('',(-35.56,-17.78,6.1));
#5421 = DIRECTION('',(0.,0.,1.));
#5422 = DIRECTION('',(1.,0.,-0.));
#5423 = ORIENTED_EDGE('',*,*,#5424,.T.);
#5424 = EDGE_CURVE('',#5416,#972,#5425,.T.);
#5425 = LINE('',#5426,#5427);
#5426 = CARTESIAN_POINT('',(-36.935,-17.78,5.1));
#5427 = VECTOR('',#5428,1.);
#5428 = DIRECTION('',(0.,0.,1.));
#5429 = CYLINDRICAL_SURFACE('',#5430,1.375);
#5430 = AXIS2_PLACEMENT_3D('',#5431,#5432,#5433);
#5431 = CARTESIAN_POINT('',(-35.56,-17.78,5.1));
#5432 = DIRECTION('',(0.,0.,1.));
#5433 = DIRECTION('',(1.,0.,-0.));
#5434 = ADVANCED_FACE('',(#5435),#5453,.F.);
#5435 = FACE_BOUND('',#5436,.F.);
#5436 = EDGE_LOOP('',(#5437,#5445,#5451,#5452));
#5437 = ORIENTED_EDGE('',*,*,#5438,.F.);
#5438 = EDGE_CURVE('',#5439,#981,#5441,.T.);
#5439 = VERTEX_POINT('',#5440);
#5440 = CARTESIAN_POINT('',(-34.185,-22.86,6.1));
#5441 = LINE('',#5442,#5443);
#5442 = CARTESIAN_POINT('',(-34.185,-22.86,5.1));
#5443 = VECTOR('',#5444,1.);
#5444 = DIRECTION('',(0.,0.,1.));
#5445 = ORIENTED_EDGE('',*,*,#5446,.T.);
#5446 = EDGE_CURVE('',#5439,#5408,#5447,.T.);
#5447 = LINE('',#5448,#5449);
#5448 = CARTESIAN_POINT('',(-34.185,-28.17,6.1));
#5449 = VECTOR('',#5450,1.);
#5450 = DIRECTION('',(-0.,1.,0.));
#5451 = ORIENTED_EDGE('',*,*,#5407,.T.);
#5452 = ORIENTED_EDGE('',*,*,#980,.F.);
#5453 = PLANE('',#5454);
#5454 = AXIS2_PLACEMENT_3D('',#5455,#5456,#5457);
#5455 = CARTESIAN_POINT('',(-34.185,-22.86,5.1));
#5456 = DIRECTION('',(1.,0.,-0.));
#5457 = DIRECTION('',(0.,0.,1.));
#5458 = ADVANCED_FACE('',(#5459),#5477,.T.);
#5459 = FACE_BOUND('',#5460,.T.);
#5460 = EDGE_LOOP('',(#5461,#5469,#5475,#5476));
#5461 = ORIENTED_EDGE('',*,*,#5462,.F.);
#5462 = EDGE_CURVE('',#5463,#989,#5465,.T.);
#5463 = VERTEX_POINT('',#5464);
#5464 = CARTESIAN_POINT('',(-36.935,-22.86,6.1));
#5465 = LINE('',#5466,#5467);
#5466 = CARTESIAN_POINT('',(-36.935,-22.86,5.1));
#5467 = VECTOR('',#5468,1.);
#5468 = DIRECTION('',(0.,0.,1.));
#5469 = ORIENTED_EDGE('',*,*,#5470,.T.);
#5470 = EDGE_CURVE('',#5463,#5416,#5471,.T.);
#5471 = LINE('',#5472,#5473);
#5472 = CARTESIAN_POINT('',(-36.935,-28.17,6.1));
#5473 = VECTOR('',#5474,1.);
#5474 = DIRECTION('',(-0.,1.,0.));
#5475 = ORIENTED_EDGE('',*,*,#5424,.T.);
#5476 = ORIENTED_EDGE('',*,*,#997,.F.);
#5477 = PLANE('',#5478);
#5478 = AXIS2_PLACEMENT_3D('',#5479,#5480,#5481);
#5479 = CARTESIAN_POINT('',(-36.935,-22.86,5.1));
#5480 = DIRECTION('',(1.,0.,-0.));
#5481 = DIRECTION('',(0.,0.,1.));
#5482 = ADVANCED_FACE('',(#5483),#5495,.F.);
#5483 = FACE_BOUND('',#5484,.F.);
#5484 = EDGE_LOOP('',(#5485,#5486,#5487,#5488));
#5485 = ORIENTED_EDGE('',*,*,#5438,.T.);
#5486 = ORIENTED_EDGE('',*,*,#988,.F.);
#5487 = ORIENTED_EDGE('',*,*,#5462,.F.);
#5488 = ORIENTED_EDGE('',*,*,#5489,.T.);
#5489 = EDGE_CURVE('',#5463,#5439,#5490,.T.);
#5490 = CIRCLE('',#5491,1.375);
#5491 = AXIS2_PLACEMENT_3D('',#5492,#5493,#5494);
#5492 = CARTESIAN_POINT('',(-35.56,-22.86,6.1));
#5493 = DIRECTION('',(0.,0.,1.));
#5494 = DIRECTION('',(1.,0.,-0.));
#5495 = CYLINDRICAL_SURFACE('',#5496,1.375);
#5496 = AXIS2_PLACEMENT_3D('',#5497,#5498,#5499);
#5497 = CARTESIAN_POINT('',(-35.56,-22.86,5.1));
#5498 = DIRECTION('',(0.,0.,1.));
#5499 = DIRECTION('',(1.,0.,-0.));
#5500 = ADVANCED_FACE('',(#5501),#5527,.F.);
#5501 = FACE_BOUND('',#5502,.F.);
#5502 = EDGE_LOOP('',(#5503,#5504,#5512,#5521));
#5503 = ORIENTED_EDGE('',*,*,#1005,.F.);
#5504 = ORIENTED_EDGE('',*,*,#5505,.F.);
#5505 = EDGE_CURVE('',#5506,#1006,#5508,.T.);
#5506 = VERTEX_POINT('',#5507);
#5507 = CARTESIAN_POINT('',(6.455,-22.86,6.1));
#5508 = LINE('',#5509,#5510);
#5509 = CARTESIAN_POINT('',(6.455,-22.86,5.1));
#5510 = VECTOR('',#5511,1.);
#5511 = DIRECTION('',(0.,0.,1.));
#5512 = ORIENTED_EDGE('',*,*,#5513,.T.);
#5513 = EDGE_CURVE('',#5506,#5514,#5516,.T.);
#5514 = VERTEX_POINT('',#5515);
#5515 = CARTESIAN_POINT('',(3.705,-22.86,6.1));
#5516 = CIRCLE('',#5517,1.375);
#5517 = AXIS2_PLACEMENT_3D('',#5518,#5519,#5520);
#5518 = CARTESIAN_POINT('',(5.08,-22.86,6.1));
#5519 = DIRECTION('',(0.,0.,1.));
#5520 = DIRECTION('',(1.,0.,-0.));
#5521 = ORIENTED_EDGE('',*,*,#5522,.T.);
#5522 = EDGE_CURVE('',#5514,#1008,#5523,.T.);
#5523 = LINE('',#5524,#5525);
#5524 = CARTESIAN_POINT('',(3.705,-22.86,5.1));
#5525 = VECTOR('',#5526,1.);
#5526 = DIRECTION('',(0.,0.,1.));
#5527 = CYLINDRICAL_SURFACE('',#5528,1.375);
#5528 = AXIS2_PLACEMENT_3D('',#5529,#5530,#5531);
#5529 = CARTESIAN_POINT('',(5.08,-22.86,5.1));
#5530 = DIRECTION('',(0.,0.,1.));
#5531 = DIRECTION('',(1.,0.,-0.));
#5532 = ADVANCED_FACE('',(#5533),#5551,.F.);
#5533 = FACE_BOUND('',#5534,.F.);
#5534 = EDGE_LOOP('',(#5535,#5543,#5549,#5550));
#5535 = ORIENTED_EDGE('',*,*,#5536,.F.);
#5536 = EDGE_CURVE('',#5537,#1017,#5539,.T.);
#5537 = VERTEX_POINT('',#5538);
#5538 = CARTESIAN_POINT('',(6.455,-27.94,6.1));
#5539 = LINE('',#5540,#5541);
#5540 = CARTESIAN_POINT('',(6.455,-27.94,5.1));
#5541 = VECTOR('',#5542,1.);
#5542 = DIRECTION('',(0.,0.,1.));
#5543 = ORIENTED_EDGE('',*,*,#5544,.T.);
#5544 = EDGE_CURVE('',#5537,#5506,#5545,.T.);
#5545 = LINE('',#5546,#5547);
#5546 = CARTESIAN_POINT('',(6.455,-30.71,6.1));
#5547 = VECTOR('',#5548,1.);
#5548 = DIRECTION('',(-0.,1.,0.));
#5549 = ORIENTED_EDGE('',*,*,#5505,.T.);
#5550 = ORIENTED_EDGE('',*,*,#1016,.F.);
#5551 = PLANE('',#5552);
#5552 = AXIS2_PLACEMENT_3D('',#5553,#5554,#5555);
#5553 = CARTESIAN_POINT('',(6.455,-27.94,5.1));
#5554 = DIRECTION('',(1.,0.,-0.));
#5555 = DIRECTION('',(0.,0.,1.));
#5556 = ADVANCED_FACE('',(#5557),#5575,.T.);
#5557 = FACE_BOUND('',#5558,.T.);
#5558 = EDGE_LOOP('',(#5559,#5567,#5573,#5574));
#5559 = ORIENTED_EDGE('',*,*,#5560,.F.);
#5560 = EDGE_CURVE('',#5561,#1025,#5563,.T.);
#5561 = VERTEX_POINT('',#5562);
#5562 = CARTESIAN_POINT('',(3.705,-27.94,6.1));
#5563 = LINE('',#5564,#5565);
#5564 = CARTESIAN_POINT('',(3.705,-27.94,5.1));
#5565 = VECTOR('',#5566,1.);
#5566 = DIRECTION('',(0.,0.,1.));
#5567 = ORIENTED_EDGE('',*,*,#5568,.T.);
#5568 = EDGE_CURVE('',#5561,#5514,#5569,.T.);
#5569 = LINE('',#5570,#5571);
#5570 = CARTESIAN_POINT('',(3.705,-30.71,6.1));
#5571 = VECTOR('',#5572,1.);
#5572 = DIRECTION('',(-0.,1.,0.));
#5573 = ORIENTED_EDGE('',*,*,#5522,.T.);
#5574 = ORIENTED_EDGE('',*,*,#1033,.F.);
#5575 = PLANE('',#5576);
#5576 = AXIS2_PLACEMENT_3D('',#5577,#5578,#5579);
#5577 = CARTESIAN_POINT('',(3.705,-27.94,5.1));
#5578 = DIRECTION('',(1.,0.,-0.));
#5579 = DIRECTION('',(0.,0.,1.));
#5580 = ADVANCED_FACE('',(#5581),#5593,.F.);
#5581 = FACE_BOUND('',#5582,.F.);
#5582 = EDGE_LOOP('',(#5583,#5584,#5585,#5586));
#5583 = ORIENTED_EDGE('',*,*,#5536,.T.);
#5584 = ORIENTED_EDGE('',*,*,#1024,.F.);
#5585 = ORIENTED_EDGE('',*,*,#5560,.F.);
#5586 = ORIENTED_EDGE('',*,*,#5587,.T.);
#5587 = EDGE_CURVE('',#5561,#5537,#5588,.T.);
#5588 = CIRCLE('',#5589,1.375);
#5589 = AXIS2_PLACEMENT_3D('',#5590,#5591,#5592);
#5590 = CARTESIAN_POINT('',(5.08,-27.94,6.1));
#5591 = DIRECTION('',(0.,0.,1.));
#5592 = DIRECTION('',(1.,0.,-0.));
#5593 = CYLINDRICAL_SURFACE('',#5594,1.375);
#5594 = AXIS2_PLACEMENT_3D('',#5595,#5596,#5597);
#5595 = CARTESIAN_POINT('',(5.08,-27.94,5.1));
#5596 = DIRECTION('',(0.,0.,1.));
#5597 = DIRECTION('',(1.,0.,-0.));
#5598 = ADVANCED_FACE('',(#5599),#5625,.F.);
#5599 = FACE_BOUND('',#5600,.F.);
#5600 = EDGE_LOOP('',(#5601,#5602,#5610,#5619));
#5601 = ORIENTED_EDGE('',*,*,#1041,.F.);
#5602 = ORIENTED_EDGE('',*,*,#5603,.F.);
#5603 = EDGE_CURVE('',#5604,#1042,#5606,.T.);
#5604 = VERTEX_POINT('',#5605);
#5605 = CARTESIAN_POINT('',(-18.945,-17.78,6.1));
#5606 = LINE('',#5607,#5608);
#5607 = CARTESIAN_POINT('',(-18.945,-17.78,5.1));
#5608 = VECTOR('',#5609,1.);
#5609 = DIRECTION('',(0.,0.,1.));
#5610 = ORIENTED_EDGE('',*,*,#5611,.T.);
#5611 = EDGE_CURVE('',#5604,#5612,#5614,.T.);
#5612 = VERTEX_POINT('',#5613);
#5613 = CARTESIAN_POINT('',(-21.695,-17.78,6.1));
#5614 = CIRCLE('',#5615,1.375);
#5615 = AXIS2_PLACEMENT_3D('',#5616,#5617,#5618);
#5616 = CARTESIAN_POINT('',(-20.32,-17.78,6.1));
#5617 = DIRECTION('',(0.,0.,1.));
#5618 = DIRECTION('',(1.,0.,-0.));
#5619 = ORIENTED_EDGE('',*,*,#5620,.T.);
#5620 = EDGE_CURVE('',#5612,#1044,#5621,.T.);
#5621 = LINE('',#5622,#5623);
#5622 = CARTESIAN_POINT('',(-21.695,-17.78,5.1));
#5623 = VECTOR('',#5624,1.);
#5624 = DIRECTION('',(0.,0.,1.));
#5625 = CYLINDRICAL_SURFACE('',#5626,1.375);
#5626 = AXIS2_PLACEMENT_3D('',#5627,#5628,#5629);
#5627 = CARTESIAN_POINT('',(-20.32,-17.78,5.1));
#5628 = DIRECTION('',(0.,0.,1.));
#5629 = DIRECTION('',(1.,0.,-0.));
#5630 = ADVANCED_FACE('',(#5631),#5649,.F.);
#5631 = FACE_BOUND('',#5632,.F.);
#5632 = EDGE_LOOP('',(#5633,#5641,#5647,#5648));
#5633 = ORIENTED_EDGE('',*,*,#5634,.F.);
#5634 = EDGE_CURVE('',#5635,#1053,#5637,.T.);
#5635 = VERTEX_POINT('',#5636);
#5636 = CARTESIAN_POINT('',(-18.945,-22.86,6.1));
#5637 = LINE('',#5638,#5639);
#5638 = CARTESIAN_POINT('',(-18.945,-22.86,5.1));
#5639 = VECTOR('',#5640,1.);
#5640 = DIRECTION('',(0.,0.,1.));
#5641 = ORIENTED_EDGE('',*,*,#5642,.T.);
#5642 = EDGE_CURVE('',#5635,#5604,#5643,.T.);
#5643 = LINE('',#5644,#5645);
#5644 = CARTESIAN_POINT('',(-18.945,-28.17,6.1));
#5645 = VECTOR('',#5646,1.);
#5646 = DIRECTION('',(-0.,1.,0.));
#5647 = ORIENTED_EDGE('',*,*,#5603,.T.);
#5648 = ORIENTED_EDGE('',*,*,#1052,.F.);
#5649 = PLANE('',#5650);
#5650 = AXIS2_PLACEMENT_3D('',#5651,#5652,#5653);
#5651 = CARTESIAN_POINT('',(-18.945,-22.86,5.1));
#5652 = DIRECTION('',(1.,0.,-0.));
#5653 = DIRECTION('',(0.,0.,1.));
#5654 = ADVANCED_FACE('',(#5655),#5673,.T.);
#5655 = FACE_BOUND('',#5656,.T.);
#5656 = EDGE_LOOP('',(#5657,#5665,#5671,#5672));
#5657 = ORIENTED_EDGE('',*,*,#5658,.F.);
#5658 = EDGE_CURVE('',#5659,#1061,#5661,.T.);
#5659 = VERTEX_POINT('',#5660);
#5660 = CARTESIAN_POINT('',(-21.695,-22.86,6.1));
#5661 = LINE('',#5662,#5663);
#5662 = CARTESIAN_POINT('',(-21.695,-22.86,5.1));
#5663 = VECTOR('',#5664,1.);
#5664 = DIRECTION('',(0.,0.,1.));
#5665 = ORIENTED_EDGE('',*,*,#5666,.T.);
#5666 = EDGE_CURVE('',#5659,#5612,#5667,.T.);
#5667 = LINE('',#5668,#5669);
#5668 = CARTESIAN_POINT('',(-21.695,-28.17,6.1));
#5669 = VECTOR('',#5670,1.);
#5670 = DIRECTION('',(-0.,1.,0.));
#5671 = ORIENTED_EDGE('',*,*,#5620,.T.);
#5672 = ORIENTED_EDGE('',*,*,#1069,.F.);
#5673 = PLANE('',#5674);
#5674 = AXIS2_PLACEMENT_3D('',#5675,#5676,#5677);
#5675 = CARTESIAN_POINT('',(-21.695,-22.86,5.1));
#5676 = DIRECTION('',(1.,0.,-0.));
#5677 = DIRECTION('',(0.,0.,1.));
#5678 = ADVANCED_FACE('',(#5679),#5691,.F.);
#5679 = FACE_BOUND('',#5680,.F.);
#5680 = EDGE_LOOP('',(#5681,#5682,#5683,#5684));
#5681 = ORIENTED_EDGE('',*,*,#5634,.T.);
#5682 = ORIENTED_EDGE('',*,*,#1060,.F.);
#5683 = ORIENTED_EDGE('',*,*,#5658,.F.);
#5684 = ORIENTED_EDGE('',*,*,#5685,.T.);
#5685 = EDGE_CURVE('',#5659,#5635,#5686,.T.);
#5686 = CIRCLE('',#5687,1.375);
#5687 = AXIS2_PLACEMENT_3D('',#5688,#5689,#5690);
#5688 = CARTESIAN_POINT('',(-20.32,-22.86,6.1));
#5689 = DIRECTION('',(0.,0.,1.));
#5690 = DIRECTION('',(1.,0.,-0.));
#5691 = CYLINDRICAL_SURFACE('',#5692,1.375);
#5692 = AXIS2_PLACEMENT_3D('',#5693,#5694,#5695);
#5693 = CARTESIAN_POINT('',(-20.32,-22.86,5.1));
#5694 = DIRECTION('',(0.,0.,1.));
#5695 = DIRECTION('',(1.,0.,-0.));
#5696 = ADVANCED_FACE('',(#5697),#5723,.F.);
#5697 = FACE_BOUND('',#5698,.F.);
#5698 = EDGE_LOOP('',(#5699,#5700,#5708,#5717));
#5699 = ORIENTED_EDGE('',*,*,#1077,.F.);
#5700 = ORIENTED_EDGE('',*,*,#5701,.F.);
#5701 = EDGE_CURVE('',#5702,#1078,#5704,.T.);
#5702 = VERTEX_POINT('',#5703);
#5703 = CARTESIAN_POINT('',(36.935,-7.62,6.1));
#5704 = LINE('',#5705,#5706);
#5705 = CARTESIAN_POINT('',(36.935,-7.62,5.1));
#5706 = VECTOR('',#5707,1.);
#5707 = DIRECTION('',(0.,0.,1.));
#5708 = ORIENTED_EDGE('',*,*,#5709,.T.);
#5709 = EDGE_CURVE('',#5702,#5710,#5712,.T.);
#5710 = VERTEX_POINT('',#5711);
#5711 = CARTESIAN_POINT('',(34.185,-7.62,6.1));
#5712 = CIRCLE('',#5713,1.375);
#5713 = AXIS2_PLACEMENT_3D('',#5714,#5715,#5716);
#5714 = CARTESIAN_POINT('',(35.56,-7.62,6.1));
#5715 = DIRECTION('',(0.,0.,1.));
#5716 = DIRECTION('',(1.,0.,-0.));
#5717 = ORIENTED_EDGE('',*,*,#5718,.T.);
#5718 = EDGE_CURVE('',#5710,#1080,#5719,.T.);
#5719 = LINE('',#5720,#5721);
#5720 = CARTESIAN_POINT('',(34.185,-7.62,5.1));
#5721 = VECTOR('',#5722,1.);
#5722 = DIRECTION('',(0.,0.,1.));
#5723 = CYLINDRICAL_SURFACE('',#5724,1.375);
#5724 = AXIS2_PLACEMENT_3D('',#5725,#5726,#5727);
#5725 = CARTESIAN_POINT('',(35.56,-7.62,5.1));
#5726 = DIRECTION('',(0.,0.,1.));
#5727 = DIRECTION('',(1.,0.,-0.));
#5728 = ADVANCED_FACE('',(#5729),#5747,.F.);
#5729 = FACE_BOUND('',#5730,.F.);
#5730 = EDGE_LOOP('',(#5731,#5739,#5745,#5746));
#5731 = ORIENTED_EDGE('',*,*,#5732,.F.);
#5732 = EDGE_CURVE('',#5733,#1089,#5735,.T.);
#5733 = VERTEX_POINT('',#5734);
#5734 = CARTESIAN_POINT('',(36.935,-12.7,6.1));
#5735 = LINE('',#5736,#5737);
#5736 = CARTESIAN_POINT('',(36.935,-12.7,5.1));
#5737 = VECTOR('',#5738,1.);
#5738 = DIRECTION('',(0.,0.,1.));
#5739 = ORIENTED_EDGE('',*,*,#5740,.T.);
#5740 = EDGE_CURVE('',#5733,#5702,#5741,.T.);
#5741 = LINE('',#5742,#5743);
#5742 = CARTESIAN_POINT('',(36.935,-23.09,6.1));
#5743 = VECTOR('',#5744,1.);
#5744 = DIRECTION('',(-0.,1.,0.));
#5745 = ORIENTED_EDGE('',*,*,#5701,.T.);
#5746 = ORIENTED_EDGE('',*,*,#1088,.F.);
#5747 = PLANE('',#5748);
#5748 = AXIS2_PLACEMENT_3D('',#5749,#5750,#5751);
#5749 = CARTESIAN_POINT('',(36.935,-12.7,5.1));
#5750 = DIRECTION('',(1.,0.,-0.));
#5751 = DIRECTION('',(0.,0.,1.));
#5752 = ADVANCED_FACE('',(#5753),#5771,.T.);
#5753 = FACE_BOUND('',#5754,.T.);
#5754 = EDGE_LOOP('',(#5755,#5763,#5769,#5770));
#5755 = ORIENTED_EDGE('',*,*,#5756,.F.);
#5756 = EDGE_CURVE('',#5757,#1097,#5759,.T.);
#5757 = VERTEX_POINT('',#5758);
#5758 = CARTESIAN_POINT('',(34.185,-12.7,6.1));
#5759 = LINE('',#5760,#5761);
#5760 = CARTESIAN_POINT('',(34.185,-12.7,5.1));
#5761 = VECTOR('',#5762,1.);
#5762 = DIRECTION('',(0.,0.,1.));
#5763 = ORIENTED_EDGE('',*,*,#5764,.T.);
#5764 = EDGE_CURVE('',#5757,#5710,#5765,.T.);
#5765 = LINE('',#5766,#5767);
#5766 = CARTESIAN_POINT('',(34.185,-23.09,6.1));
#5767 = VECTOR('',#5768,1.);
#5768 = DIRECTION('',(-0.,1.,0.));
#5769 = ORIENTED_EDGE('',*,*,#5718,.T.);
#5770 = ORIENTED_EDGE('',*,*,#1105,.F.);
#5771 = PLANE('',#5772);
#5772 = AXIS2_PLACEMENT_3D('',#5773,#5774,#5775);
#5773 = CARTESIAN_POINT('',(34.185,-12.7,5.1));
#5774 = DIRECTION('',(1.,0.,-0.));
#5775 = DIRECTION('',(0.,0.,1.));
#5776 = ADVANCED_FACE('',(#5777),#5789,.F.);
#5777 = FACE_BOUND('',#5778,.F.);
#5778 = EDGE_LOOP('',(#5779,#5780,#5781,#5782));
#5779 = ORIENTED_EDGE('',*,*,#5732,.T.);
#5780 = ORIENTED_EDGE('',*,*,#1096,.F.);
#5781 = ORIENTED_EDGE('',*,*,#5756,.F.);
#5782 = ORIENTED_EDGE('',*,*,#5783,.T.);
#5783 = EDGE_CURVE('',#5757,#5733,#5784,.T.);
#5784 = CIRCLE('',#5785,1.375);
#5785 = AXIS2_PLACEMENT_3D('',#5786,#5787,#5788);
#5786 = CARTESIAN_POINT('',(35.56,-12.7,6.1));
#5787 = DIRECTION('',(0.,0.,1.));
#5788 = DIRECTION('',(1.,0.,-0.));
#5789 = CYLINDRICAL_SURFACE('',#5790,1.375);
#5790 = AXIS2_PLACEMENT_3D('',#5791,#5792,#5793);
#5791 = CARTESIAN_POINT('',(35.56,-12.7,5.1));
#5792 = DIRECTION('',(0.,0.,1.));
#5793 = DIRECTION('',(1.,0.,-0.));
#5794 = ADVANCED_FACE('',(#5795),#5821,.F.);
#5795 = FACE_BOUND('',#5796,.F.);
#5796 = EDGE_LOOP('',(#5797,#5798,#5806,#5815));
#5797 = ORIENTED_EDGE('',*,*,#1113,.F.);
#5798 = ORIENTED_EDGE('',*,*,#5799,.F.);
#5799 = EDGE_CURVE('',#5800,#1114,#5802,.T.);
#5800 = VERTEX_POINT('',#5801);
#5801 = CARTESIAN_POINT('',(21.695,-7.62,6.1));
#5802 = LINE('',#5803,#5804);
#5803 = CARTESIAN_POINT('',(21.695,-7.62,5.1));
#5804 = VECTOR('',#5805,1.);
#5805 = DIRECTION('',(0.,0.,1.));
#5806 = ORIENTED_EDGE('',*,*,#5807,.T.);
#5807 = EDGE_CURVE('',#5800,#5808,#5810,.T.);
#5808 = VERTEX_POINT('',#5809);
#5809 = CARTESIAN_POINT('',(18.945,-7.62,6.1));
#5810 = CIRCLE('',#5811,1.375);
#5811 = AXIS2_PLACEMENT_3D('',#5812,#5813,#5814);
#5812 = CARTESIAN_POINT('',(20.32,-7.62,6.1));
#5813 = DIRECTION('',(0.,0.,1.));
#5814 = DIRECTION('',(1.,0.,-0.));
#5815 = ORIENTED_EDGE('',*,*,#5816,.T.);
#5816 = EDGE_CURVE('',#5808,#1116,#5817,.T.);
#5817 = LINE('',#5818,#5819);
#5818 = CARTESIAN_POINT('',(18.945,-7.62,5.1));
#5819 = VECTOR('',#5820,1.);
#5820 = DIRECTION('',(0.,0.,1.));
#5821 = CYLINDRICAL_SURFACE('',#5822,1.375);
#5822 = AXIS2_PLACEMENT_3D('',#5823,#5824,#5825);
#5823 = CARTESIAN_POINT('',(20.32,-7.62,5.1));
#5824 = DIRECTION('',(0.,0.,1.));
#5825 = DIRECTION('',(1.,0.,-0.));
#5826 = ADVANCED_FACE('',(#5827),#5845,.F.);
#5827 = FACE_BOUND('',#5828,.F.);
#5828 = EDGE_LOOP('',(#5829,#5837,#5843,#5844));
#5829 = ORIENTED_EDGE('',*,*,#5830,.F.);
#5830 = EDGE_CURVE('',#5831,#1125,#5833,.T.);
#5831 = VERTEX_POINT('',#5832);
#5832 = CARTESIAN_POINT('',(21.695,-12.7,6.1));
#5833 = LINE('',#5834,#5835);
#5834 = CARTESIAN_POINT('',(21.695,-12.7,5.1));
#5835 = VECTOR('',#5836,1.);
#5836 = DIRECTION('',(0.,0.,1.));
#5837 = ORIENTED_EDGE('',*,*,#5838,.T.);
#5838 = EDGE_CURVE('',#5831,#5800,#5839,.T.);
#5839 = LINE('',#5840,#5841);
#5840 = CARTESIAN_POINT('',(21.695,-23.09,6.1));
#5841 = VECTOR('',#5842,1.);
#5842 = DIRECTION('',(-0.,1.,0.));
#5843 = ORIENTED_EDGE('',*,*,#5799,.T.);
#5844 = ORIENTED_EDGE('',*,*,#1124,.F.);
#5845 = PLANE('',#5846);
#5846 = AXIS2_PLACEMENT_3D('',#5847,#5848,#5849);
#5847 = CARTESIAN_POINT('',(21.695,-12.7,5.1));
#5848 = DIRECTION('',(1.,0.,-0.));
#5849 = DIRECTION('',(0.,0.,1.));
#5850 = ADVANCED_FACE('',(#5851),#5869,.T.);
#5851 = FACE_BOUND('',#5852,.T.);
#5852 = EDGE_LOOP('',(#5853,#5861,#5867,#5868));
#5853 = ORIENTED_EDGE('',*,*,#5854,.F.);
#5854 = EDGE_CURVE('',#5855,#1133,#5857,.T.);
#5855 = VERTEX_POINT('',#5856);
#5856 = CARTESIAN_POINT('',(18.945,-12.7,6.1));
#5857 = LINE('',#5858,#5859);
#5858 = CARTESIAN_POINT('',(18.945,-12.7,5.1));
#5859 = VECTOR('',#5860,1.);
#5860 = DIRECTION('',(0.,0.,1.));
#5861 = ORIENTED_EDGE('',*,*,#5862,.T.);
#5862 = EDGE_CURVE('',#5855,#5808,#5863,.T.);
#5863 = LINE('',#5864,#5865);
#5864 = CARTESIAN_POINT('',(18.945,-23.09,6.1));
#5865 = VECTOR('',#5866,1.);
#5866 = DIRECTION('',(-0.,1.,0.));
#5867 = ORIENTED_EDGE('',*,*,#5816,.T.);
#5868 = ORIENTED_EDGE('',*,*,#1141,.F.);
#5869 = PLANE('',#5870);
#5870 = AXIS2_PLACEMENT_3D('',#5871,#5872,#5873);
#5871 = CARTESIAN_POINT('',(18.945,-12.7,5.1));
#5872 = DIRECTION('',(1.,0.,-0.));
#5873 = DIRECTION('',(0.,0.,1.));
#5874 = ADVANCED_FACE('',(#5875),#5887,.F.);
#5875 = FACE_BOUND('',#5876,.F.);
#5876 = EDGE_LOOP('',(#5877,#5878,#5879,#5880));
#5877 = ORIENTED_EDGE('',*,*,#5830,.T.);
#5878 = ORIENTED_EDGE('',*,*,#1132,.F.);
#5879 = ORIENTED_EDGE('',*,*,#5854,.F.);
#5880 = ORIENTED_EDGE('',*,*,#5881,.T.);
#5881 = EDGE_CURVE('',#5855,#5831,#5882,.T.);
#5882 = CIRCLE('',#5883,1.375);
#5883 = AXIS2_PLACEMENT_3D('',#5884,#5885,#5886);
#5884 = CARTESIAN_POINT('',(20.32,-12.7,6.1));
#5885 = DIRECTION('',(0.,0.,1.));
#5886 = DIRECTION('',(1.,0.,-0.));
#5887 = CYLINDRICAL_SURFACE('',#5888,1.375);
#5888 = AXIS2_PLACEMENT_3D('',#5889,#5890,#5891);
#5889 = CARTESIAN_POINT('',(20.32,-12.7,5.1));
#5890 = DIRECTION('',(0.,0.,1.));
#5891 = DIRECTION('',(1.,0.,-0.));
#5892 = ADVANCED_FACE('',(#5893),#5919,.F.);
#5893 = FACE_BOUND('',#5894,.F.);
#5894 = EDGE_LOOP('',(#5895,#5896,#5904,#5913));
#5895 = ORIENTED_EDGE('',*,*,#1149,.F.);
#5896 = ORIENTED_EDGE('',*,*,#5897,.F.);
#5897 = EDGE_CURVE('',#5898,#1150,#5900,.T.);
#5898 = VERTEX_POINT('',#5899);
#5899 = CARTESIAN_POINT('',(-8.785,-22.86,6.1));
#5900 = LINE('',#5901,#5902);
#5901 = CARTESIAN_POINT('',(-8.785,-22.86,5.1));
#5902 = VECTOR('',#5903,1.);
#5903 = DIRECTION('',(0.,0.,1.));
#5904 = ORIENTED_EDGE('',*,*,#5905,.T.);
#5905 = EDGE_CURVE('',#5898,#5906,#5908,.T.);
#5906 = VERTEX_POINT('',#5907);
#5907 = CARTESIAN_POINT('',(-11.535,-22.86,6.1));
#5908 = CIRCLE('',#5909,1.375);
#5909 = AXIS2_PLACEMENT_3D('',#5910,#5911,#5912);
#5910 = CARTESIAN_POINT('',(-10.16,-22.86,6.1));
#5911 = DIRECTION('',(0.,0.,1.));
#5912 = DIRECTION('',(1.,0.,-0.));
#5913 = ORIENTED_EDGE('',*,*,#5914,.T.);
#5914 = EDGE_CURVE('',#5906,#1152,#5915,.T.);
#5915 = LINE('',#5916,#5917);
#5916 = CARTESIAN_POINT('',(-11.535,-22.86,5.1));
#5917 = VECTOR('',#5918,1.);
#5918 = DIRECTION('',(0.,0.,1.));
#5919 = CYLINDRICAL_SURFACE('',#5920,1.375);
#5920 = AXIS2_PLACEMENT_3D('',#5921,#5922,#5923);
#5921 = CARTESIAN_POINT('',(-10.16,-22.86,5.1));
#5922 = DIRECTION('',(0.,0.,1.));
#5923 = DIRECTION('',(1.,0.,-0.));
#5924 = ADVANCED_FACE('',(#5925),#5943,.F.);
#5925 = FACE_BOUND('',#5926,.F.);
#5926 = EDGE_LOOP('',(#5927,#5935,#5941,#5942));
#5927 = ORIENTED_EDGE('',*,*,#5928,.F.);
#5928 = EDGE_CURVE('',#5929,#1161,#5931,.T.);
#5929 = VERTEX_POINT('',#5930);
#5930 = CARTESIAN_POINT('',(-8.785,-27.94,6.1));
#5931 = LINE('',#5932,#5933);
#5932 = CARTESIAN_POINT('',(-8.785,-27.94,5.1));
#5933 = VECTOR('',#5934,1.);
#5934 = DIRECTION('',(0.,0.,1.));
#5935 = ORIENTED_EDGE('',*,*,#5936,.T.);
#5936 = EDGE_CURVE('',#5929,#5898,#5937,.T.);
#5937 = LINE('',#5938,#5939);
#5938 = CARTESIAN_POINT('',(-8.785,-30.71,6.1));
#5939 = VECTOR('',#5940,1.);
#5940 = DIRECTION('',(-0.,1.,0.));
#5941 = ORIENTED_EDGE('',*,*,#5897,.T.);
#5942 = ORIENTED_EDGE('',*,*,#1160,.F.);
#5943 = PLANE('',#5944);
#5944 = AXIS2_PLACEMENT_3D('',#5945,#5946,#5947);
#5945 = CARTESIAN_POINT('',(-8.785,-27.94,5.1));
#5946 = DIRECTION('',(1.,0.,-0.));
#5947 = DIRECTION('',(0.,0.,1.));
#5948 = ADVANCED_FACE('',(#5949),#5967,.T.);
#5949 = FACE_BOUND('',#5950,.T.);
#5950 = EDGE_LOOP('',(#5951,#5959,#5965,#5966));
#5951 = ORIENTED_EDGE('',*,*,#5952,.F.);
#5952 = EDGE_CURVE('',#5953,#1169,#5955,.T.);
#5953 = VERTEX_POINT('',#5954);
#5954 = CARTESIAN_POINT('',(-11.535,-27.94,6.1));
#5955 = LINE('',#5956,#5957);
#5956 = CARTESIAN_POINT('',(-11.535,-27.94,5.1));
#5957 = VECTOR('',#5958,1.);
#5958 = DIRECTION('',(0.,0.,1.));
#5959 = ORIENTED_EDGE('',*,*,#5960,.T.);
#5960 = EDGE_CURVE('',#5953,#5906,#5961,.T.);
#5961 = LINE('',#5962,#5963);
#5962 = CARTESIAN_POINT('',(-11.535,-30.71,6.1));
#5963 = VECTOR('',#5964,1.);
#5964 = DIRECTION('',(-0.,1.,0.));
#5965 = ORIENTED_EDGE('',*,*,#5914,.T.);
#5966 = ORIENTED_EDGE('',*,*,#1177,.F.);
#5967 = PLANE('',#5968);
#5968 = AXIS2_PLACEMENT_3D('',#5969,#5970,#5971);
#5969 = CARTESIAN_POINT('',(-11.535,-27.94,5.1));
#5970 = DIRECTION('',(1.,0.,-0.));
#5971 = DIRECTION('',(0.,0.,1.));
#5972 = ADVANCED_FACE('',(#5973),#5985,.F.);
#5973 = FACE_BOUND('',#5974,.F.);
#5974 = EDGE_LOOP('',(#5975,#5976,#5977,#5978));
#5975 = ORIENTED_EDGE('',*,*,#5928,.T.);
#5976 = ORIENTED_EDGE('',*,*,#1168,.F.);
#5977 = ORIENTED_EDGE('',*,*,#5952,.F.);
#5978 = ORIENTED_EDGE('',*,*,#5979,.T.);
#5979 = EDGE_CURVE('',#5953,#5929,#5980,.T.);
#5980 = CIRCLE('',#5981,1.375);
#5981 = AXIS2_PLACEMENT_3D('',#5982,#5983,#5984);
#5982 = CARTESIAN_POINT('',(-10.16,-27.94,6.1));
#5983 = DIRECTION('',(0.,0.,1.));
#5984 = DIRECTION('',(1.,0.,-0.));
#5985 = CYLINDRICAL_SURFACE('',#5986,1.375);
#5986 = AXIS2_PLACEMENT_3D('',#5987,#5988,#5989);
#5987 = CARTESIAN_POINT('',(-10.16,-27.94,5.1));
#5988 = DIRECTION('',(0.,0.,1.));
#5989 = DIRECTION('',(1.,0.,-0.));
#5990 = ADVANCED_FACE('',(#5991),#6017,.F.);
#5991 = FACE_BOUND('',#5992,.F.);
#5992 = EDGE_LOOP('',(#5993,#5994,#6002,#6011));
#5993 = ORIENTED_EDGE('',*,*,#1185,.F.);
#5994 = ORIENTED_EDGE('',*,*,#5995,.F.);
#5995 = EDGE_CURVE('',#5996,#1186,#5998,.T.);
#5996 = VERTEX_POINT('',#5997);
#5997 = CARTESIAN_POINT('',(-35.56,19.155,6.1));
#5998 = LINE('',#5999,#6000);
#5999 = CARTESIAN_POINT('',(-35.56,19.155,5.1));
#6000 = VECTOR('',#6001,1.);
#6001 = DIRECTION('',(0.,0.,1.));
#6002 = ORIENTED_EDGE('',*,*,#6003,.T.);
#6003 = EDGE_CURVE('',#5996,#6004,#6006,.T.);
#6004 = VERTEX_POINT('',#6005);
#6005 = CARTESIAN_POINT('',(-35.56,16.405,6.1));
#6006 = CIRCLE('',#6007,1.375);
#6007 = AXIS2_PLACEMENT_3D('',#6008,#6009,#6010);
#6008 = CARTESIAN_POINT('',(-35.56,17.78,6.1));
#6009 = DIRECTION('',(0.,0.,1.));
#6010 = DIRECTION('',(1.,0.,-0.));
#6011 = ORIENTED_EDGE('',*,*,#6012,.T.);
#6012 = EDGE_CURVE('',#6004,#1188,#6013,.T.);
#6013 = LINE('',#6014,#6015);
#6014 = CARTESIAN_POINT('',(-35.56,16.405,5.1));
#6015 = VECTOR('',#6016,1.);
#6016 = DIRECTION('',(0.,0.,1.));
#6017 = CYLINDRICAL_SURFACE('',#6018,1.375);
#6018 = AXIS2_PLACEMENT_3D('',#6019,#6020,#6021);
#6019 = CARTESIAN_POINT('',(-35.56,17.78,5.1));
#6020 = DIRECTION('',(0.,0.,1.));
#6021 = DIRECTION('',(1.,0.,-0.));
#6022 = ADVANCED_FACE('',(#6023),#6041,.F.);
#6023 = FACE_BOUND('',#6024,.F.);
#6024 = EDGE_LOOP('',(#6025,#6033,#6034,#6035));
#6025 = ORIENTED_EDGE('',*,*,#6026,.T.);
#6026 = EDGE_CURVE('',#6027,#5996,#6029,.T.);
#6027 = VERTEX_POINT('',#6028);
#6028 = CARTESIAN_POINT('',(-30.48,19.155,6.1));
#6029 = LINE('',#6030,#6031);
#6030 = CARTESIAN_POINT('',(-38.33,19.155,6.1));
#6031 = VECTOR('',#6032,1.);
#6032 = DIRECTION('',(-1.,-0.,0.));
#6033 = ORIENTED_EDGE('',*,*,#5995,.T.);
#6034 = ORIENTED_EDGE('',*,*,#1196,.F.);
#6035 = ORIENTED_EDGE('',*,*,#6036,.F.);
#6036 = EDGE_CURVE('',#6027,#1197,#6037,.T.);
#6037 = LINE('',#6038,#6039);
#6038 = CARTESIAN_POINT('',(-30.48,19.155,5.1));
#6039 = VECTOR('',#6040,1.);
#6040 = DIRECTION('',(0.,0.,1.));
#6041 = PLANE('',#6042);
#6042 = AXIS2_PLACEMENT_3D('',#6043,#6044,#6045);
#6043 = CARTESIAN_POINT('',(-35.56,19.155,5.1));
#6044 = DIRECTION('',(-0.,1.,0.));
#6045 = DIRECTION('',(0.,0.,1.));
#6046 = ADVANCED_FACE('',(#6047),#6065,.T.);
#6047 = FACE_BOUND('',#6048,.T.);
#6048 = EDGE_LOOP('',(#6049,#6057,#6058,#6059));
#6049 = ORIENTED_EDGE('',*,*,#6050,.T.);
#6050 = EDGE_CURVE('',#6051,#6004,#6053,.T.);
#6051 = VERTEX_POINT('',#6052);
#6052 = CARTESIAN_POINT('',(-30.48,16.405,6.1));
#6053 = LINE('',#6054,#6055);
#6054 = CARTESIAN_POINT('',(-38.33,16.405,6.1));
#6055 = VECTOR('',#6056,1.);
#6056 = DIRECTION('',(-1.,-0.,0.));
#6057 = ORIENTED_EDGE('',*,*,#6012,.T.);
#6058 = ORIENTED_EDGE('',*,*,#1222,.F.);
#6059 = ORIENTED_EDGE('',*,*,#6060,.F.);
#6060 = EDGE_CURVE('',#6051,#1214,#6061,.T.);
#6061 = LINE('',#6062,#6063);
#6062 = CARTESIAN_POINT('',(-30.48,16.405,5.1));
#6063 = VECTOR('',#6064,1.);
#6064 = DIRECTION('',(0.,0.,1.));
#6065 = PLANE('',#6066);
#6066 = AXIS2_PLACEMENT_3D('',#6067,#6068,#6069);
#6067 = CARTESIAN_POINT('',(-35.56,16.405,5.1));
#6068 = DIRECTION('',(-0.,1.,0.));
#6069 = DIRECTION('',(0.,0.,1.));
#6070 = ADVANCED_FACE('',(#6071),#6097,.F.);
#6071 = FACE_BOUND('',#6072,.F.);
#6072 = EDGE_LOOP('',(#6073,#6074,#6082,#6091));
#6073 = ORIENTED_EDGE('',*,*,#1230,.F.);
#6074 = ORIENTED_EDGE('',*,*,#6075,.F.);
#6075 = EDGE_CURVE('',#6076,#1231,#6078,.T.);
#6076 = VERTEX_POINT('',#6077);
#6077 = CARTESIAN_POINT('',(-15.24,-16.405,6.1));
#6078 = LINE('',#6079,#6080);
#6079 = CARTESIAN_POINT('',(-15.24,-16.405,5.1));
#6080 = VECTOR('',#6081,1.);
#6081 = DIRECTION('',(0.,0.,1.));
#6082 = ORIENTED_EDGE('',*,*,#6083,.T.);
#6083 = EDGE_CURVE('',#6076,#6084,#6086,.T.);
#6084 = VERTEX_POINT('',#6085);
#6085 = CARTESIAN_POINT('',(-15.24,-19.155,6.1));
#6086 = CIRCLE('',#6087,1.375);
#6087 = AXIS2_PLACEMENT_3D('',#6088,#6089,#6090);
#6088 = CARTESIAN_POINT('',(-15.24,-17.78,6.1));
#6089 = DIRECTION('',(0.,0.,1.));
#6090 = DIRECTION('',(1.,0.,-0.));
#6091 = ORIENTED_EDGE('',*,*,#6092,.T.);
#6092 = EDGE_CURVE('',#6084,#1233,#6093,.T.);
#6093 = LINE('',#6094,#6095);
#6094 = CARTESIAN_POINT('',(-15.24,-19.155,5.1));
#6095 = VECTOR('',#6096,1.);
#6096 = DIRECTION('',(0.,0.,1.));
#6097 = CYLINDRICAL_SURFACE('',#6098,1.375);
#6098 = AXIS2_PLACEMENT_3D('',#6099,#6100,#6101);
#6099 = CARTESIAN_POINT('',(-15.24,-17.78,5.1));
#6100 = DIRECTION('',(0.,0.,1.));
#6101 = DIRECTION('',(1.,0.,-0.));
#6102 = ADVANCED_FACE('',(#6103),#6121,.F.);
#6103 = FACE_BOUND('',#6104,.F.);
#6104 = EDGE_LOOP('',(#6105,#6113,#6114,#6115));
#6105 = ORIENTED_EDGE('',*,*,#6106,.T.);
#6106 = EDGE_CURVE('',#6107,#6076,#6109,.T.);
#6107 = VERTEX_POINT('',#6108);
#6108 = CARTESIAN_POINT('',(-10.16,-16.405,6.1));
#6109 = LINE('',#6110,#6111);
#6110 = CARTESIAN_POINT('',(-28.17,-16.405,6.1));
#6111 = VECTOR('',#6112,1.);
#6112 = DIRECTION('',(-1.,-0.,0.));
#6113 = ORIENTED_EDGE('',*,*,#6075,.T.);
#6114 = ORIENTED_EDGE('',*,*,#1241,.F.);
#6115 = ORIENTED_EDGE('',*,*,#6116,.F.);
#6116 = EDGE_CURVE('',#6107,#1242,#6117,.T.);
#6117 = LINE('',#6118,#6119);
#6118 = CARTESIAN_POINT('',(-10.16,-16.405,5.1));
#6119 = VECTOR('',#6120,1.);
#6120 = DIRECTION('',(0.,0.,1.));
#6121 = PLANE('',#6122);
#6122 = AXIS2_PLACEMENT_3D('',#6123,#6124,#6125);
#6123 = CARTESIAN_POINT('',(-15.24,-16.405,5.1));
#6124 = DIRECTION('',(-0.,1.,0.));
#6125 = DIRECTION('',(0.,0.,1.));
#6126 = ADVANCED_FACE('',(#6127),#6145,.T.);
#6127 = FACE_BOUND('',#6128,.T.);
#6128 = EDGE_LOOP('',(#6129,#6137,#6138,#6139));
#6129 = ORIENTED_EDGE('',*,*,#6130,.T.);
#6130 = EDGE_CURVE('',#6131,#6084,#6133,.T.);
#6131 = VERTEX_POINT('',#6132);
#6132 = CARTESIAN_POINT('',(-10.16,-19.155,6.1));
#6133 = LINE('',#6134,#6135);
#6134 = CARTESIAN_POINT('',(-28.17,-19.155,6.1));
#6135 = VECTOR('',#6136,1.);
#6136 = DIRECTION('',(-1.,-0.,0.));
#6137 = ORIENTED_EDGE('',*,*,#6092,.T.);
#6138 = ORIENTED_EDGE('',*,*,#1267,.F.);
#6139 = ORIENTED_EDGE('',*,*,#6140,.F.);
#6140 = EDGE_CURVE('',#6131,#1259,#6141,.T.);
#6141 = LINE('',#6142,#6143);
#6142 = CARTESIAN_POINT('',(-10.16,-19.155,5.1));
#6143 = VECTOR('',#6144,1.);
#6144 = DIRECTION('',(0.,0.,1.));
#6145 = PLANE('',#6146);
#6146 = AXIS2_PLACEMENT_3D('',#6147,#6148,#6149);
#6147 = CARTESIAN_POINT('',(-15.24,-19.155,5.1));
#6148 = DIRECTION('',(-0.,1.,0.));
#6149 = DIRECTION('',(0.,0.,1.));
#6150 = ADVANCED_FACE('',(#6151),#6177,.F.);
#6151 = FACE_BOUND('',#6152,.F.);
#6152 = EDGE_LOOP('',(#6153,#6154,#6162,#6171));
#6153 = ORIENTED_EDGE('',*,*,#1275,.F.);
#6154 = ORIENTED_EDGE('',*,*,#6155,.F.);
#6155 = EDGE_CURVE('',#6156,#1276,#6158,.T.);
#6156 = VERTEX_POINT('',#6157);
#6157 = CARTESIAN_POINT('',(-3.705,-17.78,6.1));
#6158 = LINE('',#6159,#6160);
#6159 = CARTESIAN_POINT('',(-3.705,-17.78,5.1));
#6160 = VECTOR('',#6161,1.);
#6161 = DIRECTION('',(0.,0.,1.));
#6162 = ORIENTED_EDGE('',*,*,#6163,.T.);
#6163 = EDGE_CURVE('',#6156,#6164,#6166,.T.);
#6164 = VERTEX_POINT('',#6165);
#6165 = CARTESIAN_POINT('',(-6.455,-17.78,6.1));
#6166 = CIRCLE('',#6167,1.375);
#6167 = AXIS2_PLACEMENT_3D('',#6168,#6169,#6170);
#6168 = CARTESIAN_POINT('',(-5.08,-17.78,6.1));
#6169 = DIRECTION('',(0.,0.,1.));
#6170 = DIRECTION('',(1.,0.,-0.));
#6171 = ORIENTED_EDGE('',*,*,#6172,.T.);
#6172 = EDGE_CURVE('',#6164,#1278,#6173,.T.);
#6173 = LINE('',#6174,#6175);
#6174 = CARTESIAN_POINT('',(-6.455,-17.78,5.1));
#6175 = VECTOR('',#6176,1.);
#6176 = DIRECTION('',(0.,0.,1.));
#6177 = CYLINDRICAL_SURFACE('',#6178,1.375);
#6178 = AXIS2_PLACEMENT_3D('',#6179,#6180,#6181);
#6179 = CARTESIAN_POINT('',(-5.08,-17.78,5.1));
#6180 = DIRECTION('',(0.,0.,1.));
#6181 = DIRECTION('',(1.,0.,-0.));
#6182 = ADVANCED_FACE('',(#6183),#6201,.F.);
#6183 = FACE_BOUND('',#6184,.F.);
#6184 = EDGE_LOOP('',(#6185,#6193,#6199,#6200));
#6185 = ORIENTED_EDGE('',*,*,#6186,.F.);
#6186 = EDGE_CURVE('',#6187,#1287,#6189,.T.);
#6187 = VERTEX_POINT('',#6188);
#6188 = CARTESIAN_POINT('',(-3.705,-22.86,6.1));
#6189 = LINE('',#6190,#6191);
#6190 = CARTESIAN_POINT('',(-3.705,-22.86,5.1));
#6191 = VECTOR('',#6192,1.);
#6192 = DIRECTION('',(0.,0.,1.));
#6193 = ORIENTED_EDGE('',*,*,#6194,.T.);
#6194 = EDGE_CURVE('',#6187,#6156,#6195,.T.);
#6195 = LINE('',#6196,#6197);
#6196 = CARTESIAN_POINT('',(-3.705,-28.17,6.1));
#6197 = VECTOR('',#6198,1.);
#6198 = DIRECTION('',(-0.,1.,0.));
#6199 = ORIENTED_EDGE('',*,*,#6155,.T.);
#6200 = ORIENTED_EDGE('',*,*,#1286,.F.);
#6201 = PLANE('',#6202);
#6202 = AXIS2_PLACEMENT_3D('',#6203,#6204,#6205);
#6203 = CARTESIAN_POINT('',(-3.705,-22.86,5.1));
#6204 = DIRECTION('',(1.,0.,-0.));
#6205 = DIRECTION('',(0.,0.,1.));
#6206 = ADVANCED_FACE('',(#6207),#6225,.T.);
#6207 = FACE_BOUND('',#6208,.T.);
#6208 = EDGE_LOOP('',(#6209,#6217,#6223,#6224));
#6209 = ORIENTED_EDGE('',*,*,#6210,.F.);
#6210 = EDGE_CURVE('',#6211,#1295,#6213,.T.);
#6211 = VERTEX_POINT('',#6212);
#6212 = CARTESIAN_POINT('',(-6.455,-22.86,6.1));
#6213 = LINE('',#6214,#6215);
#6214 = CARTESIAN_POINT('',(-6.455,-22.86,5.1));
#6215 = VECTOR('',#6216,1.);
#6216 = DIRECTION('',(0.,0.,1.));
#6217 = ORIENTED_EDGE('',*,*,#6218,.T.);
#6218 = EDGE_CURVE('',#6211,#6164,#6219,.T.);
#6219 = LINE('',#6220,#6221);
#6220 = CARTESIAN_POINT('',(-6.455,-28.17,6.1));
#6221 = VECTOR('',#6222,1.);
#6222 = DIRECTION('',(-0.,1.,0.));
#6223 = ORIENTED_EDGE('',*,*,#6172,.T.);
#6224 = ORIENTED_EDGE('',*,*,#1303,.F.);
#6225 = PLANE('',#6226);
#6226 = AXIS2_PLACEMENT_3D('',#6227,#6228,#6229);
#6227 = CARTESIAN_POINT('',(-6.455,-22.86,5.1));
#6228 = DIRECTION('',(1.,0.,-0.));
#6229 = DIRECTION('',(0.,0.,1.));
#6230 = ADVANCED_FACE('',(#6231),#6243,.F.);
#6231 = FACE_BOUND('',#6232,.F.);
#6232 = EDGE_LOOP('',(#6233,#6234,#6235,#6236));
#6233 = ORIENTED_EDGE('',*,*,#6186,.T.);
#6234 = ORIENTED_EDGE('',*,*,#1294,.F.);
#6235 = ORIENTED_EDGE('',*,*,#6210,.F.);
#6236 = ORIENTED_EDGE('',*,*,#6237,.T.);
#6237 = EDGE_CURVE('',#6211,#6187,#6238,.T.);
#6238 = CIRCLE('',#6239,1.375);
#6239 = AXIS2_PLACEMENT_3D('',#6240,#6241,#6242);
#6240 = CARTESIAN_POINT('',(-5.08,-22.86,6.1));
#6241 = DIRECTION('',(0.,0.,1.));
#6242 = DIRECTION('',(1.,0.,-0.));
#6243 = CYLINDRICAL_SURFACE('',#6244,1.375);
#6244 = AXIS2_PLACEMENT_3D('',#6245,#6246,#6247);
#6245 = CARTESIAN_POINT('',(-5.08,-22.86,5.1));
#6246 = DIRECTION('',(0.,0.,1.));
#6247 = DIRECTION('',(1.,0.,-0.));
#6248 = ADVANCED_FACE('',(#6249),#6275,.F.);
#6249 = FACE_BOUND('',#6250,.F.);
#6250 = EDGE_LOOP('',(#6251,#6252,#6260,#6269));
#6251 = ORIENTED_EDGE('',*,*,#1311,.F.);
#6252 = ORIENTED_EDGE('',*,*,#6253,.F.);
#6253 = EDGE_CURVE('',#6254,#1312,#6256,.T.);
#6254 = VERTEX_POINT('',#6255);
#6255 = CARTESIAN_POINT('',(-35.56,-11.325,6.1));
#6256 = LINE('',#6257,#6258);
#6257 = CARTESIAN_POINT('',(-35.56,-11.325,5.1));
#6258 = VECTOR('',#6259,1.);
#6259 = DIRECTION('',(0.,0.,1.));
#6260 = ORIENTED_EDGE('',*,*,#6261,.T.);
#6261 = EDGE_CURVE('',#6254,#6262,#6264,.T.);
#6262 = VERTEX_POINT('',#6263);
#6263 = CARTESIAN_POINT('',(-35.56,-14.075,6.1));
#6264 = CIRCLE('',#6265,1.375);
#6265 = AXIS2_PLACEMENT_3D('',#6266,#6267,#6268);
#6266 = CARTESIAN_POINT('',(-35.56,-12.7,6.1));
#6267 = DIRECTION('',(0.,0.,1.));
#6268 = DIRECTION('',(1.,0.,-0.));
#6269 = ORIENTED_EDGE('',*,*,#6270,.T.);
#6270 = EDGE_CURVE('',#6262,#1314,#6271,.T.);
#6271 = LINE('',#6272,#6273);
#6272 = CARTESIAN_POINT('',(-35.56,-14.075,5.1));
#6273 = VECTOR('',#6274,1.);
#6274 = DIRECTION('',(0.,0.,1.));
#6275 = CYLINDRICAL_SURFACE('',#6276,1.375);
#6276 = AXIS2_PLACEMENT_3D('',#6277,#6278,#6279);
#6277 = CARTESIAN_POINT('',(-35.56,-12.7,5.1));
#6278 = DIRECTION('',(0.,0.,1.));
#6279 = DIRECTION('',(1.,0.,-0.));
#6280 = ADVANCED_FACE('',(#6281),#6299,.F.);
#6281 = FACE_BOUND('',#6282,.F.);
#6282 = EDGE_LOOP('',(#6283,#6291,#6292,#6293));
#6283 = ORIENTED_EDGE('',*,*,#6284,.T.);
#6284 = EDGE_CURVE('',#6285,#6254,#6287,.T.);
#6285 = VERTEX_POINT('',#6286);
#6286 = CARTESIAN_POINT('',(-30.48,-11.325,6.1));
#6287 = LINE('',#6288,#6289);
#6288 = CARTESIAN_POINT('',(-38.33,-11.325,6.1));
#6289 = VECTOR('',#6290,1.);
#6290 = DIRECTION('',(-1.,-0.,0.));
#6291 = ORIENTED_EDGE('',*,*,#6253,.T.);
#6292 = ORIENTED_EDGE('',*,*,#1322,.F.);
#6293 = ORIENTED_EDGE('',*,*,#6294,.F.);
#6294 = EDGE_CURVE('',#6285,#1323,#6295,.T.);
#6295 = LINE('',#6296,#6297);
#6296 = CARTESIAN_POINT('',(-30.48,-11.325,5.1));
#6297 = VECTOR('',#6298,1.);
#6298 = DIRECTION('',(0.,0.,1.));
#6299 = PLANE('',#6300);
#6300 = AXIS2_PLACEMENT_3D('',#6301,#6302,#6303);
#6301 = CARTESIAN_POINT('',(-35.56,-11.325,5.1));
#6302 = DIRECTION('',(-0.,1.,0.));
#6303 = DIRECTION('',(0.,0.,1.));
#6304 = ADVANCED_FACE('',(#6305),#6323,.T.);
#6305 = FACE_BOUND('',#6306,.T.);
#6306 = EDGE_LOOP('',(#6307,#6315,#6316,#6317));
#6307 = ORIENTED_EDGE('',*,*,#6308,.T.);
#6308 = EDGE_CURVE('',#6309,#6262,#6311,.T.);
#6309 = VERTEX_POINT('',#6310);
#6310 = CARTESIAN_POINT('',(-30.48,-14.075,6.1));
#6311 = LINE('',#6312,#6313);
#6312 = CARTESIAN_POINT('',(-38.33,-14.075,6.1));
#6313 = VECTOR('',#6314,1.);
#6314 = DIRECTION('',(-1.,-0.,0.));
#6315 = ORIENTED_EDGE('',*,*,#6270,.T.);
#6316 = ORIENTED_EDGE('',*,*,#1348,.F.);
#6317 = ORIENTED_EDGE('',*,*,#6318,.F.);
#6318 = EDGE_CURVE('',#6309,#1340,#6319,.T.);
#6319 = LINE('',#6320,#6321);
#6320 = CARTESIAN_POINT('',(-30.48,-14.075,5.1));
#6321 = VECTOR('',#6322,1.);
#6322 = DIRECTION('',(0.,0.,1.));
#6323 = PLANE('',#6324);
#6324 = AXIS2_PLACEMENT_3D('',#6325,#6326,#6327);
#6325 = CARTESIAN_POINT('',(-35.56,-14.075,5.1));
#6326 = DIRECTION('',(-0.,1.,0.));
#6327 = DIRECTION('',(0.,0.,1.));
#6328 = ADVANCED_FACE('',(#6329),#6355,.F.);
#6329 = FACE_BOUND('',#6330,.F.);
#6330 = EDGE_LOOP('',(#6331,#6332,#6340,#6349));
#6331 = ORIENTED_EDGE('',*,*,#1356,.F.);
#6332 = ORIENTED_EDGE('',*,*,#6333,.F.);
#6333 = EDGE_CURVE('',#6334,#1357,#6336,.T.);
#6334 = VERTEX_POINT('',#6335);
#6335 = CARTESIAN_POINT('',(11.535,-17.78,6.1));
#6336 = LINE('',#6337,#6338);
#6337 = CARTESIAN_POINT('',(11.535,-17.78,5.1));
#6338 = VECTOR('',#6339,1.);
#6339 = DIRECTION('',(0.,0.,1.));
#6340 = ORIENTED_EDGE('',*,*,#6341,.T.);
#6341 = EDGE_CURVE('',#6334,#6342,#6344,.T.);
#6342 = VERTEX_POINT('',#6343);
#6343 = CARTESIAN_POINT('',(8.785,-17.78,6.1));
#6344 = CIRCLE('',#6345,1.375);
#6345 = AXIS2_PLACEMENT_3D('',#6346,#6347,#6348);
#6346 = CARTESIAN_POINT('',(10.16,-17.78,6.1));
#6347 = DIRECTION('',(0.,0.,1.));
#6348 = DIRECTION('',(1.,0.,-0.));
#6349 = ORIENTED_EDGE('',*,*,#6350,.T.);
#6350 = EDGE_CURVE('',#6342,#1359,#6351,.T.);
#6351 = LINE('',#6352,#6353);
#6352 = CARTESIAN_POINT('',(8.785,-17.78,5.1));
#6353 = VECTOR('',#6354,1.);
#6354 = DIRECTION('',(0.,0.,1.));
#6355 = CYLINDRICAL_SURFACE('',#6356,1.375);
#6356 = AXIS2_PLACEMENT_3D('',#6357,#6358,#6359);
#6357 = CARTESIAN_POINT('',(10.16,-17.78,5.1));
#6358 = DIRECTION('',(0.,0.,1.));
#6359 = DIRECTION('',(1.,0.,-0.));
#6360 = ADVANCED_FACE('',(#6361),#6379,.F.);
#6361 = FACE_BOUND('',#6362,.F.);
#6362 = EDGE_LOOP('',(#6363,#6371,#6377,#6378));
#6363 = ORIENTED_EDGE('',*,*,#6364,.F.);
#6364 = EDGE_CURVE('',#6365,#1368,#6367,.T.);
#6365 = VERTEX_POINT('',#6366);
#6366 = CARTESIAN_POINT('',(11.535,-22.86,6.1));
#6367 = LINE('',#6368,#6369);
#6368 = CARTESIAN_POINT('',(11.535,-22.86,5.1));
#6369 = VECTOR('',#6370,1.);
#6370 = DIRECTION('',(0.,0.,1.));
#6371 = ORIENTED_EDGE('',*,*,#6372,.T.);
#6372 = EDGE_CURVE('',#6365,#6334,#6373,.T.);
#6373 = LINE('',#6374,#6375);
#6374 = CARTESIAN_POINT('',(11.535,-28.17,6.1));
#6375 = VECTOR('',#6376,1.);
#6376 = DIRECTION('',(-0.,1.,0.));
#6377 = ORIENTED_EDGE('',*,*,#6333,.T.);
#6378 = ORIENTED_EDGE('',*,*,#1367,.F.);
#6379 = PLANE('',#6380);
#6380 = AXIS2_PLACEMENT_3D('',#6381,#6382,#6383);
#6381 = CARTESIAN_POINT('',(11.535,-22.86,5.1));
#6382 = DIRECTION('',(1.,0.,-0.));
#6383 = DIRECTION('',(0.,0.,1.));
#6384 = ADVANCED_FACE('',(#6385),#6403,.T.);
#6385 = FACE_BOUND('',#6386,.T.);
#6386 = EDGE_LOOP('',(#6387,#6395,#6401,#6402));
#6387 = ORIENTED_EDGE('',*,*,#6388,.F.);
#6388 = EDGE_CURVE('',#6389,#1376,#6391,.T.);
#6389 = VERTEX_POINT('',#6390);
#6390 = CARTESIAN_POINT('',(8.785,-22.86,6.1));
#6391 = LINE('',#6392,#6393);
#6392 = CARTESIAN_POINT('',(8.785,-22.86,5.1));
#6393 = VECTOR('',#6394,1.);
#6394 = DIRECTION('',(0.,0.,1.));
#6395 = ORIENTED_EDGE('',*,*,#6396,.T.);
#6396 = EDGE_CURVE('',#6389,#6342,#6397,.T.);
#6397 = LINE('',#6398,#6399);
#6398 = CARTESIAN_POINT('',(8.785,-28.17,6.1));
#6399 = VECTOR('',#6400,1.);
#6400 = DIRECTION('',(-0.,1.,0.));
#6401 = ORIENTED_EDGE('',*,*,#6350,.T.);
#6402 = ORIENTED_EDGE('',*,*,#1384,.F.);
#6403 = PLANE('',#6404);
#6404 = AXIS2_PLACEMENT_3D('',#6405,#6406,#6407);
#6405 = CARTESIAN_POINT('',(8.785,-22.86,5.1));
#6406 = DIRECTION('',(1.,0.,-0.));
#6407 = DIRECTION('',(0.,0.,1.));
#6408 = ADVANCED_FACE('',(#6409),#6421,.F.);
#6409 = FACE_BOUND('',#6410,.F.);
#6410 = EDGE_LOOP('',(#6411,#6412,#6413,#6414));
#6411 = ORIENTED_EDGE('',*,*,#6364,.T.);
#6412 = ORIENTED_EDGE('',*,*,#1375,.F.);
#6413 = ORIENTED_EDGE('',*,*,#6388,.F.);
#6414 = ORIENTED_EDGE('',*,*,#6415,.T.);
#6415 = EDGE_CURVE('',#6389,#6365,#6416,.T.);
#6416 = CIRCLE('',#6417,1.375);
#6417 = AXIS2_PLACEMENT_3D('',#6418,#6419,#6420);
#6418 = CARTESIAN_POINT('',(10.16,-22.86,6.1));
#6419 = DIRECTION('',(0.,0.,1.));
#6420 = DIRECTION('',(1.,0.,-0.));
#6421 = CYLINDRICAL_SURFACE('',#6422,1.375);
#6422 = AXIS2_PLACEMENT_3D('',#6423,#6424,#6425);
#6423 = CARTESIAN_POINT('',(10.16,-22.86,5.1));
#6424 = DIRECTION('',(0.,0.,1.));
#6425 = DIRECTION('',(1.,0.,-0.));
#6426 = ADVANCED_FACE('',(#6427),#6453,.F.);
#6427 = FACE_BOUND('',#6428,.F.);
#6428 = EDGE_LOOP('',(#6429,#6430,#6438,#6447));
#6429 = ORIENTED_EDGE('',*,*,#1392,.F.);
#6430 = ORIENTED_EDGE('',*,*,#6431,.F.);
#6431 = EDGE_CURVE('',#6432,#1393,#6434,.T.);
#6432 = VERTEX_POINT('',#6433);
#6433 = CARTESIAN_POINT('',(-24.025,-7.62,6.1));
#6434 = LINE('',#6435,#6436);
#6435 = CARTESIAN_POINT('',(-24.025,-7.62,5.1));
#6436 = VECTOR('',#6437,1.);
#6437 = DIRECTION('',(0.,0.,1.));
#6438 = ORIENTED_EDGE('',*,*,#6439,.T.);
#6439 = EDGE_CURVE('',#6432,#6440,#6442,.T.);
#6440 = VERTEX_POINT('',#6441);
#6441 = CARTESIAN_POINT('',(-26.775,-7.62,6.1));
#6442 = CIRCLE('',#6443,1.375);
#6443 = AXIS2_PLACEMENT_3D('',#6444,#6445,#6446);
#6444 = CARTESIAN_POINT('',(-25.4,-7.62,6.1));
#6445 = DIRECTION('',(0.,0.,1.));
#6446 = DIRECTION('',(1.,0.,-0.));
#6447 = ORIENTED_EDGE('',*,*,#6448,.T.);
#6448 = EDGE_CURVE('',#6440,#1395,#6449,.T.);
#6449 = LINE('',#6450,#6451);
#6450 = CARTESIAN_POINT('',(-26.775,-7.62,5.1));
#6451 = VECTOR('',#6452,1.);
#6452 = DIRECTION('',(0.,0.,1.));
#6453 = CYLINDRICAL_SURFACE('',#6454,1.375);
#6454 = AXIS2_PLACEMENT_3D('',#6455,#6456,#6457);
#6455 = CARTESIAN_POINT('',(-25.4,-7.62,5.1));
#6456 = DIRECTION('',(0.,0.,1.));
#6457 = DIRECTION('',(1.,0.,-0.));
#6458 = ADVANCED_FACE('',(#6459),#6477,.F.);
#6459 = FACE_BOUND('',#6460,.F.);
#6460 = EDGE_LOOP('',(#6461,#6469,#6475,#6476));
#6461 = ORIENTED_EDGE('',*,*,#6462,.F.);
#6462 = EDGE_CURVE('',#6463,#1404,#6465,.T.);
#6463 = VERTEX_POINT('',#6464);
#6464 = CARTESIAN_POINT('',(-24.025,-12.7,6.1));
#6465 = LINE('',#6466,#6467);
#6466 = CARTESIAN_POINT('',(-24.025,-12.7,5.1));
#6467 = VECTOR('',#6468,1.);
#6468 = DIRECTION('',(0.,0.,1.));
#6469 = ORIENTED_EDGE('',*,*,#6470,.T.);
#6470 = EDGE_CURVE('',#6463,#6432,#6471,.T.);
#6471 = LINE('',#6472,#6473);
#6472 = CARTESIAN_POINT('',(-24.025,-23.09,6.1));
#6473 = VECTOR('',#6474,1.);
#6474 = DIRECTION('',(-0.,1.,0.));
#6475 = ORIENTED_EDGE('',*,*,#6431,.T.);
#6476 = ORIENTED_EDGE('',*,*,#1403,.F.);
#6477 = PLANE('',#6478);
#6478 = AXIS2_PLACEMENT_3D('',#6479,#6480,#6481);
#6479 = CARTESIAN_POINT('',(-24.025,-12.7,5.1));
#6480 = DIRECTION('',(1.,0.,-0.));
#6481 = DIRECTION('',(0.,0.,1.));
#6482 = ADVANCED_FACE('',(#6483),#6501,.T.);
#6483 = FACE_BOUND('',#6484,.T.);
#6484 = EDGE_LOOP('',(#6485,#6493,#6499,#6500));
#6485 = ORIENTED_EDGE('',*,*,#6486,.F.);
#6486 = EDGE_CURVE('',#6487,#1412,#6489,.T.);
#6487 = VERTEX_POINT('',#6488);
#6488 = CARTESIAN_POINT('',(-26.775,-12.7,6.1));
#6489 = LINE('',#6490,#6491);
#6490 = CARTESIAN_POINT('',(-26.775,-12.7,5.1));
#6491 = VECTOR('',#6492,1.);
#6492 = DIRECTION('',(0.,0.,1.));
#6493 = ORIENTED_EDGE('',*,*,#6494,.T.);
#6494 = EDGE_CURVE('',#6487,#6440,#6495,.T.);
#6495 = LINE('',#6496,#6497);
#6496 = CARTESIAN_POINT('',(-26.775,-23.09,6.1));
#6497 = VECTOR('',#6498,1.);
#6498 = DIRECTION('',(-0.,1.,0.));
#6499 = ORIENTED_EDGE('',*,*,#6448,.T.);
#6500 = ORIENTED_EDGE('',*,*,#1420,.F.);
#6501 = PLANE('',#6502);
#6502 = AXIS2_PLACEMENT_3D('',#6503,#6504,#6505);
#6503 = CARTESIAN_POINT('',(-26.775,-12.7,5.1));
#6504 = DIRECTION('',(1.,0.,-0.));
#6505 = DIRECTION('',(0.,0.,1.));
#6506 = ADVANCED_FACE('',(#6507),#6519,.F.);
#6507 = FACE_BOUND('',#6508,.F.);
#6508 = EDGE_LOOP('',(#6509,#6510,#6511,#6512));
#6509 = ORIENTED_EDGE('',*,*,#6462,.T.);
#6510 = ORIENTED_EDGE('',*,*,#1411,.F.);
#6511 = ORIENTED_EDGE('',*,*,#6486,.F.);
#6512 = ORIENTED_EDGE('',*,*,#6513,.T.);
#6513 = EDGE_CURVE('',#6487,#6463,#6514,.T.);
#6514 = CIRCLE('',#6515,1.375);
#6515 = AXIS2_PLACEMENT_3D('',#6516,#6517,#6518);
#6516 = CARTESIAN_POINT('',(-25.4,-12.7,6.1));
#6517 = DIRECTION('',(0.,0.,1.));
#6518 = DIRECTION('',(1.,0.,-0.));
#6519 = CYLINDRICAL_SURFACE('',#6520,1.375);
#6520 = AXIS2_PLACEMENT_3D('',#6521,#6522,#6523);
#6521 = CARTESIAN_POINT('',(-25.4,-12.7,5.1));
#6522 = DIRECTION('',(0.,0.,1.));
#6523 = DIRECTION('',(1.,0.,-0.));
#6524 = ADVANCED_FACE('',(#6525),#6551,.F.);
#6525 = FACE_BOUND('',#6526,.F.);
#6526 = EDGE_LOOP('',(#6527,#6528,#6536,#6545));
#6527 = ORIENTED_EDGE('',*,*,#1428,.F.);
#6528 = ORIENTED_EDGE('',*,*,#6529,.F.);
#6529 = EDGE_CURVE('',#6530,#1429,#6532,.T.);
#6530 = VERTEX_POINT('',#6531);
#6531 = CARTESIAN_POINT('',(21.695,-22.86,6.1));
#6532 = LINE('',#6533,#6534);
#6533 = CARTESIAN_POINT('',(21.695,-22.86,5.1));
#6534 = VECTOR('',#6535,1.);
#6535 = DIRECTION('',(0.,0.,1.));
#6536 = ORIENTED_EDGE('',*,*,#6537,.T.);
#6537 = EDGE_CURVE('',#6530,#6538,#6540,.T.);
#6538 = VERTEX_POINT('',#6539);
#6539 = CARTESIAN_POINT('',(18.945,-22.86,6.1));
#6540 = CIRCLE('',#6541,1.375);
#6541 = AXIS2_PLACEMENT_3D('',#6542,#6543,#6544);
#6542 = CARTESIAN_POINT('',(20.32,-22.86,6.1));
#6543 = DIRECTION('',(0.,0.,1.));
#6544 = DIRECTION('',(1.,0.,-0.));
#6545 = ORIENTED_EDGE('',*,*,#6546,.T.);
#6546 = EDGE_CURVE('',#6538,#1431,#6547,.T.);
#6547 = LINE('',#6548,#6549);
#6548 = CARTESIAN_POINT('',(18.945,-22.86,5.1));
#6549 = VECTOR('',#6550,1.);
#6550 = DIRECTION('',(0.,0.,1.));
#6551 = CYLINDRICAL_SURFACE('',#6552,1.375);
#6552 = AXIS2_PLACEMENT_3D('',#6553,#6554,#6555);
#6553 = CARTESIAN_POINT('',(20.32,-22.86,5.1));
#6554 = DIRECTION('',(0.,0.,1.));
#6555 = DIRECTION('',(1.,0.,-0.));
#6556 = ADVANCED_FACE('',(#6557),#6575,.F.);
#6557 = FACE_BOUND('',#6558,.F.);
#6558 = EDGE_LOOP('',(#6559,#6567,#6573,#6574));
#6559 = ORIENTED_EDGE('',*,*,#6560,.F.);
#6560 = EDGE_CURVE('',#6561,#1440,#6563,.T.);
#6561 = VERTEX_POINT('',#6562);
#6562 = CARTESIAN_POINT('',(21.695,-27.94,6.1));
#6563 = LINE('',#6564,#6565);
#6564 = CARTESIAN_POINT('',(21.695,-27.94,5.1));
#6565 = VECTOR('',#6566,1.);
#6566 = DIRECTION('',(0.,0.,1.));
#6567 = ORIENTED_EDGE('',*,*,#6568,.T.);
#6568 = EDGE_CURVE('',#6561,#6530,#6569,.T.);
#6569 = LINE('',#6570,#6571);
#6570 = CARTESIAN_POINT('',(21.695,-30.71,6.1));
#6571 = VECTOR('',#6572,1.);
#6572 = DIRECTION('',(-0.,1.,0.));
#6573 = ORIENTED_EDGE('',*,*,#6529,.T.);
#6574 = ORIENTED_EDGE('',*,*,#1439,.F.);
#6575 = PLANE('',#6576);
#6576 = AXIS2_PLACEMENT_3D('',#6577,#6578,#6579);
#6577 = CARTESIAN_POINT('',(21.695,-27.94,5.1));
#6578 = DIRECTION('',(1.,0.,-0.));
#6579 = DIRECTION('',(0.,0.,1.));
#6580 = ADVANCED_FACE('',(#6581),#6599,.T.);
#6581 = FACE_BOUND('',#6582,.T.);
#6582 = EDGE_LOOP('',(#6583,#6591,#6597,#6598));
#6583 = ORIENTED_EDGE('',*,*,#6584,.F.);
#6584 = EDGE_CURVE('',#6585,#1448,#6587,.T.);
#6585 = VERTEX_POINT('',#6586);
#6586 = CARTESIAN_POINT('',(18.945,-27.94,6.1));
#6587 = LINE('',#6588,#6589);
#6588 = CARTESIAN_POINT('',(18.945,-27.94,5.1));
#6589 = VECTOR('',#6590,1.);
#6590 = DIRECTION('',(0.,0.,1.));
#6591 = ORIENTED_EDGE('',*,*,#6592,.T.);
#6592 = EDGE_CURVE('',#6585,#6538,#6593,.T.);
#6593 = LINE('',#6594,#6595);
#6594 = CARTESIAN_POINT('',(18.945,-30.71,6.1));
#6595 = VECTOR('',#6596,1.);
#6596 = DIRECTION('',(-0.,1.,0.));
#6597 = ORIENTED_EDGE('',*,*,#6546,.T.);
#6598 = ORIENTED_EDGE('',*,*,#1456,.F.);
#6599 = PLANE('',#6600);
#6600 = AXIS2_PLACEMENT_3D('',#6601,#6602,#6603);
#6601 = CARTESIAN_POINT('',(18.945,-27.94,5.1));
#6602 = DIRECTION('',(1.,0.,-0.));
#6603 = DIRECTION('',(0.,0.,1.));
#6604 = ADVANCED_FACE('',(#6605),#6617,.F.);
#6605 = FACE_BOUND('',#6606,.F.);
#6606 = EDGE_LOOP('',(#6607,#6608,#6609,#6610));
#6607 = ORIENTED_EDGE('',*,*,#6560,.T.);
#6608 = ORIENTED_EDGE('',*,*,#1447,.F.);
#6609 = ORIENTED_EDGE('',*,*,#6584,.F.);
#6610 = ORIENTED_EDGE('',*,*,#6611,.T.);
#6611 = EDGE_CURVE('',#6585,#6561,#6612,.T.);
#6612 = CIRCLE('',#6613,1.375);
#6613 = AXIS2_PLACEMENT_3D('',#6614,#6615,#6616);
#6614 = CARTESIAN_POINT('',(20.32,-27.94,6.1));
#6615 = DIRECTION('',(0.,0.,1.));
#6616 = DIRECTION('',(1.,0.,-0.));
#6617 = CYLINDRICAL_SURFACE('',#6618,1.375);
#6618 = AXIS2_PLACEMENT_3D('',#6619,#6620,#6621);
#6619 = CARTESIAN_POINT('',(20.32,-27.94,5.1));
#6620 = DIRECTION('',(0.,0.,1.));
#6621 = DIRECTION('',(1.,0.,-0.));
#6622 = ADVANCED_FACE('',(#6623),#6649,.F.);
#6623 = FACE_BOUND('',#6624,.F.);
#6624 = EDGE_LOOP('',(#6625,#6626,#6634,#6643));
#6625 = ORIENTED_EDGE('',*,*,#1464,.F.);
#6626 = ORIENTED_EDGE('',*,*,#6627,.F.);
#6627 = EDGE_CURVE('',#6628,#1465,#6630,.T.);
#6628 = VERTEX_POINT('',#6629);
#6629 = CARTESIAN_POINT('',(-35.56,3.915,6.1));
#6630 = LINE('',#6631,#6632);
#6631 = CARTESIAN_POINT('',(-35.56,3.915,5.1));
#6632 = VECTOR('',#6633,1.);
#6633 = DIRECTION('',(0.,0.,1.));
#6634 = ORIENTED_EDGE('',*,*,#6635,.T.);
#6635 = EDGE_CURVE('',#6628,#6636,#6638,.T.);
#6636 = VERTEX_POINT('',#6637);
#6637 = CARTESIAN_POINT('',(-35.56,1.165,6.1));
#6638 = CIRCLE('',#6639,1.375);
#6639 = AXIS2_PLACEMENT_3D('',#6640,#6641,#6642);
#6640 = CARTESIAN_POINT('',(-35.56,2.54,6.1));
#6641 = DIRECTION('',(0.,0.,1.));
#6642 = DIRECTION('',(1.,0.,-0.));
#6643 = ORIENTED_EDGE('',*,*,#6644,.T.);
#6644 = EDGE_CURVE('',#6636,#1467,#6645,.T.);
#6645 = LINE('',#6646,#6647);
#6646 = CARTESIAN_POINT('',(-35.56,1.165,5.1));
#6647 = VECTOR('',#6648,1.);
#6648 = DIRECTION('',(0.,0.,1.));
#6649 = CYLINDRICAL_SURFACE('',#6650,1.375);
#6650 = AXIS2_PLACEMENT_3D('',#6651,#6652,#6653);
#6651 = CARTESIAN_POINT('',(-35.56,2.54,5.1));
#6652 = DIRECTION('',(0.,0.,1.));
#6653 = DIRECTION('',(1.,0.,-0.));
#6654 = ADVANCED_FACE('',(#6655),#6673,.F.);
#6655 = FACE_BOUND('',#6656,.F.);
#6656 = EDGE_LOOP('',(#6657,#6665,#6666,#6667));
#6657 = ORIENTED_EDGE('',*,*,#6658,.T.);
#6658 = EDGE_CURVE('',#6659,#6628,#6661,.T.);
#6659 = VERTEX_POINT('',#6660);
#6660 = CARTESIAN_POINT('',(-30.48,3.915,6.1));
#6661 = LINE('',#6662,#6663);
#6662 = CARTESIAN_POINT('',(-38.33,3.915,6.1));
#6663 = VECTOR('',#6664,1.);
#6664 = DIRECTION('',(-1.,-0.,0.));
#6665 = ORIENTED_EDGE('',*,*,#6627,.T.);
#6666 = ORIENTED_EDGE('',*,*,#1475,.F.);
#6667 = ORIENTED_EDGE('',*,*,#6668,.F.);
#6668 = EDGE_CURVE('',#6659,#1476,#6669,.T.);
#6669 = LINE('',#6670,#6671);
#6670 = CARTESIAN_POINT('',(-30.48,3.915,5.1));
#6671 = VECTOR('',#6672,1.);
#6672 = DIRECTION('',(0.,0.,1.));
#6673 = PLANE('',#6674);
#6674 = AXIS2_PLACEMENT_3D('',#6675,#6676,#6677);
#6675 = CARTESIAN_POINT('',(-35.56,3.915,5.1));
#6676 = DIRECTION('',(-0.,1.,0.));
#6677 = DIRECTION('',(0.,0.,1.));
#6678 = ADVANCED_FACE('',(#6679),#6697,.T.);
#6679 = FACE_BOUND('',#6680,.T.);
#6680 = EDGE_LOOP('',(#6681,#6689,#6690,#6691));
#6681 = ORIENTED_EDGE('',*,*,#6682,.T.);
#6682 = EDGE_CURVE('',#6683,#6636,#6685,.T.);
#6683 = VERTEX_POINT('',#6684);
#6684 = CARTESIAN_POINT('',(-30.48,1.165,6.1));
#6685 = LINE('',#6686,#6687);
#6686 = CARTESIAN_POINT('',(-38.33,1.165,6.1));
#6687 = VECTOR('',#6688,1.);
#6688 = DIRECTION('',(-1.,-0.,0.));
#6689 = ORIENTED_EDGE('',*,*,#6644,.T.);
#6690 = ORIENTED_EDGE('',*,*,#1501,.F.);
#6691 = ORIENTED_EDGE('',*,*,#6692,.F.);
#6692 = EDGE_CURVE('',#6683,#1493,#6693,.T.);
#6693 = LINE('',#6694,#6695);
#6694 = CARTESIAN_POINT('',(-30.48,1.165,5.1));
#6695 = VECTOR('',#6696,1.);
#6696 = DIRECTION('',(0.,0.,1.));
#6697 = PLANE('',#6698);
#6698 = AXIS2_PLACEMENT_3D('',#6699,#6700,#6701);
#6699 = CARTESIAN_POINT('',(-35.56,1.165,5.1));
#6700 = DIRECTION('',(-0.,1.,0.));
#6701 = DIRECTION('',(0.,0.,1.));
#6702 = ADVANCED_FACE('',(#6703),#6729,.F.);
#6703 = FACE_BOUND('',#6704,.F.);
#6704 = EDGE_LOOP('',(#6705,#6706,#6714,#6723));
#6705 = ORIENTED_EDGE('',*,*,#1509,.F.);
#6706 = ORIENTED_EDGE('',*,*,#6707,.F.);
#6707 = EDGE_CURVE('',#6708,#1510,#6710,.T.);
#6708 = VERTEX_POINT('',#6709);
#6709 = CARTESIAN_POINT('',(-15.24,14.075,6.1));
#6710 = LINE('',#6711,#6712);
#6711 = CARTESIAN_POINT('',(-15.24,14.075,5.1));
#6712 = VECTOR('',#6713,1.);
#6713 = DIRECTION('',(0.,0.,1.));
#6714 = ORIENTED_EDGE('',*,*,#6715,.T.);
#6715 = EDGE_CURVE('',#6708,#6716,#6718,.T.);
#6716 = VERTEX_POINT('',#6717);
#6717 = CARTESIAN_POINT('',(-15.24,11.325,6.1));
#6718 = CIRCLE('',#6719,1.375);
#6719 = AXIS2_PLACEMENT_3D('',#6720,#6721,#6722);
#6720 = CARTESIAN_POINT('',(-15.24,12.7,6.1));
#6721 = DIRECTION('',(0.,0.,1.));
#6722 = DIRECTION('',(1.,0.,-0.));
#6723 = ORIENTED_EDGE('',*,*,#6724,.T.);
#6724 = EDGE_CURVE('',#6716,#1512,#6725,.T.);
#6725 = LINE('',#6726,#6727);
#6726 = CARTESIAN_POINT('',(-15.24,11.325,5.1));
#6727 = VECTOR('',#6728,1.);
#6728 = DIRECTION('',(0.,0.,1.));
#6729 = CYLINDRICAL_SURFACE('',#6730,1.375);
#6730 = AXIS2_PLACEMENT_3D('',#6731,#6732,#6733);
#6731 = CARTESIAN_POINT('',(-15.24,12.7,5.1));
#6732 = DIRECTION('',(0.,0.,1.));
#6733 = DIRECTION('',(1.,0.,-0.));
#6734 = ADVANCED_FACE('',(#6735),#6753,.F.);
#6735 = FACE_BOUND('',#6736,.F.);
#6736 = EDGE_LOOP('',(#6737,#6745,#6746,#6747));
#6737 = ORIENTED_EDGE('',*,*,#6738,.T.);
#6738 = EDGE_CURVE('',#6739,#6708,#6741,.T.);
#6739 = VERTEX_POINT('',#6740);
#6740 = CARTESIAN_POINT('',(-10.16,14.075,6.1));
#6741 = LINE('',#6742,#6743);
#6742 = CARTESIAN_POINT('',(-28.17,14.075,6.1));
#6743 = VECTOR('',#6744,1.);
#6744 = DIRECTION('',(-1.,-0.,0.));
#6745 = ORIENTED_EDGE('',*,*,#6707,.T.);
#6746 = ORIENTED_EDGE('',*,*,#1520,.F.);
#6747 = ORIENTED_EDGE('',*,*,#6748,.F.);
#6748 = EDGE_CURVE('',#6739,#1521,#6749,.T.);
#6749 = LINE('',#6750,#6751);
#6750 = CARTESIAN_POINT('',(-10.16,14.075,5.1));
#6751 = VECTOR('',#6752,1.);
#6752 = DIRECTION('',(0.,0.,1.));
#6753 = PLANE('',#6754);
#6754 = AXIS2_PLACEMENT_3D('',#6755,#6756,#6757);
#6755 = CARTESIAN_POINT('',(-15.24,14.075,5.1));
#6756 = DIRECTION('',(-0.,1.,0.));
#6757 = DIRECTION('',(0.,0.,1.));
#6758 = ADVANCED_FACE('',(#6759),#6777,.T.);
#6759 = FACE_BOUND('',#6760,.T.);
#6760 = EDGE_LOOP('',(#6761,#6769,#6770,#6771));
#6761 = ORIENTED_EDGE('',*,*,#6762,.T.);
#6762 = EDGE_CURVE('',#6763,#6716,#6765,.T.);
#6763 = VERTEX_POINT('',#6764);
#6764 = CARTESIAN_POINT('',(-10.16,11.325,6.1));
#6765 = LINE('',#6766,#6767);
#6766 = CARTESIAN_POINT('',(-28.17,11.325,6.1));
#6767 = VECTOR('',#6768,1.);
#6768 = DIRECTION('',(-1.,-0.,0.));
#6769 = ORIENTED_EDGE('',*,*,#6724,.T.);
#6770 = ORIENTED_EDGE('',*,*,#1546,.F.);
#6771 = ORIENTED_EDGE('',*,*,#6772,.F.);
#6772 = EDGE_CURVE('',#6763,#1538,#6773,.T.);
#6773 = LINE('',#6774,#6775);
#6774 = CARTESIAN_POINT('',(-10.16,11.325,5.1));
#6775 = VECTOR('',#6776,1.);
#6776 = DIRECTION('',(0.,0.,1.));
#6777 = PLANE('',#6778);
#6778 = AXIS2_PLACEMENT_3D('',#6779,#6780,#6781);
#6779 = CARTESIAN_POINT('',(-15.24,11.325,5.1));
#6780 = DIRECTION('',(-0.,1.,0.));
#6781 = DIRECTION('',(0.,0.,1.));
#6782 = ADVANCED_FACE('',(#6783),#6809,.F.);
#6783 = FACE_BOUND('',#6784,.F.);
#6784 = EDGE_LOOP('',(#6785,#6786,#6794,#6803));
#6785 = ORIENTED_EDGE('',*,*,#1554,.F.);
#6786 = ORIENTED_EDGE('',*,*,#6787,.F.);
#6787 = EDGE_CURVE('',#6788,#1555,#6790,.T.);
#6788 = VERTEX_POINT('',#6789);
#6789 = CARTESIAN_POINT('',(36.935,-22.86,6.1));
#6790 = LINE('',#6791,#6792);
#6791 = CARTESIAN_POINT('',(36.935,-22.86,5.1));
#6792 = VECTOR('',#6793,1.);
#6793 = DIRECTION('',(0.,0.,1.));
#6794 = ORIENTED_EDGE('',*,*,#6795,.T.);
#6795 = EDGE_CURVE('',#6788,#6796,#6798,.T.);
#6796 = VERTEX_POINT('',#6797);
#6797 = CARTESIAN_POINT('',(34.185,-22.86,6.1));
#6798 = CIRCLE('',#6799,1.375);
#6799 = AXIS2_PLACEMENT_3D('',#6800,#6801,#6802);
#6800 = CARTESIAN_POINT('',(35.56,-22.86,6.1));
#6801 = DIRECTION('',(0.,0.,1.));
#6802 = DIRECTION('',(1.,0.,-0.));
#6803 = ORIENTED_EDGE('',*,*,#6804,.T.);
#6804 = EDGE_CURVE('',#6796,#1557,#6805,.T.);
#6805 = LINE('',#6806,#6807);
#6806 = CARTESIAN_POINT('',(34.185,-22.86,5.1));
#6807 = VECTOR('',#6808,1.);
#6808 = DIRECTION('',(0.,0.,1.));
#6809 = CYLINDRICAL_SURFACE('',#6810,1.375);
#6810 = AXIS2_PLACEMENT_3D('',#6811,#6812,#6813);
#6811 = CARTESIAN_POINT('',(35.56,-22.86,5.1));
#6812 = DIRECTION('',(0.,0.,1.));
#6813 = DIRECTION('',(1.,0.,-0.));
#6814 = ADVANCED_FACE('',(#6815),#6833,.F.);
#6815 = FACE_BOUND('',#6816,.F.);
#6816 = EDGE_LOOP('',(#6817,#6825,#6831,#6832));
#6817 = ORIENTED_EDGE('',*,*,#6818,.F.);
#6818 = EDGE_CURVE('',#6819,#1566,#6821,.T.);
#6819 = VERTEX_POINT('',#6820);
#6820 = CARTESIAN_POINT('',(36.935,-27.94,6.1));
#6821 = LINE('',#6822,#6823);
#6822 = CARTESIAN_POINT('',(36.935,-27.94,5.1));
#6823 = VECTOR('',#6824,1.);
#6824 = DIRECTION('',(0.,0.,1.));
#6825 = ORIENTED_EDGE('',*,*,#6826,.T.);
#6826 = EDGE_CURVE('',#6819,#6788,#6827,.T.);
#6827 = LINE('',#6828,#6829);
#6828 = CARTESIAN_POINT('',(36.935,-30.71,6.1));
#6829 = VECTOR('',#6830,1.);
#6830 = DIRECTION('',(-0.,1.,0.));
#6831 = ORIENTED_EDGE('',*,*,#6787,.T.);
#6832 = ORIENTED_EDGE('',*,*,#1565,.F.);
#6833 = PLANE('',#6834);
#6834 = AXIS2_PLACEMENT_3D('',#6835,#6836,#6837);
#6835 = CARTESIAN_POINT('',(36.935,-27.94,5.1));
#6836 = DIRECTION('',(1.,0.,-0.));
#6837 = DIRECTION('',(0.,0.,1.));
#6838 = ADVANCED_FACE('',(#6839),#6857,.T.);
#6839 = FACE_BOUND('',#6840,.T.);
#6840 = EDGE_LOOP('',(#6841,#6849,#6855,#6856));
#6841 = ORIENTED_EDGE('',*,*,#6842,.F.);
#6842 = EDGE_CURVE('',#6843,#1574,#6845,.T.);
#6843 = VERTEX_POINT('',#6844);
#6844 = CARTESIAN_POINT('',(34.185,-27.94,6.1));
#6845 = LINE('',#6846,#6847);
#6846 = CARTESIAN_POINT('',(34.185,-27.94,5.1));
#6847 = VECTOR('',#6848,1.);
#6848 = DIRECTION('',(0.,0.,1.));
#6849 = ORIENTED_EDGE('',*,*,#6850,.T.);
#6850 = EDGE_CURVE('',#6843,#6796,#6851,.T.);
#6851 = LINE('',#6852,#6853);
#6852 = CARTESIAN_POINT('',(34.185,-30.71,6.1));
#6853 = VECTOR('',#6854,1.);
#6854 = DIRECTION('',(-0.,1.,0.));
#6855 = ORIENTED_EDGE('',*,*,#6804,.T.);
#6856 = ORIENTED_EDGE('',*,*,#1582,.F.);
#6857 = PLANE('',#6858);
#6858 = AXIS2_PLACEMENT_3D('',#6859,#6860,#6861);
#6859 = CARTESIAN_POINT('',(34.185,-27.94,5.1));
#6860 = DIRECTION('',(1.,0.,-0.));
#6861 = DIRECTION('',(0.,0.,1.));
#6862 = ADVANCED_FACE('',(#6863),#6875,.F.);
#6863 = FACE_BOUND('',#6864,.F.);
#6864 = EDGE_LOOP('',(#6865,#6866,#6867,#6868));
#6865 = ORIENTED_EDGE('',*,*,#6818,.T.);
#6866 = ORIENTED_EDGE('',*,*,#1573,.F.);
#6867 = ORIENTED_EDGE('',*,*,#6842,.F.);
#6868 = ORIENTED_EDGE('',*,*,#6869,.T.);
#6869 = EDGE_CURVE('',#6843,#6819,#6870,.T.);
#6870 = CIRCLE('',#6871,1.375);
#6871 = AXIS2_PLACEMENT_3D('',#6872,#6873,#6874);
#6872 = CARTESIAN_POINT('',(35.56,-27.94,6.1));
#6873 = DIRECTION('',(0.,0.,1.));
#6874 = DIRECTION('',(1.,0.,-0.));
#6875 = CYLINDRICAL_SURFACE('',#6876,1.375);
#6876 = AXIS2_PLACEMENT_3D('',#6877,#6878,#6879);
#6877 = CARTESIAN_POINT('',(35.56,-27.94,5.1));
#6878 = DIRECTION('',(0.,0.,1.));
#6879 = DIRECTION('',(1.,0.,-0.));
#6880 = ADVANCED_FACE('',(#6881),#6907,.F.);
#6881 = FACE_BOUND('',#6882,.F.);
#6882 = EDGE_LOOP('',(#6883,#6884,#6892,#6901));
#6883 = ORIENTED_EDGE('',*,*,#1590,.F.);
#6884 = ORIENTED_EDGE('',*,*,#6885,.F.);
#6885 = EDGE_CURVE('',#6886,#1591,#6888,.T.);
#6886 = VERTEX_POINT('',#6887);
#6887 = CARTESIAN_POINT('',(-8.785,-7.62,6.1));
#6888 = LINE('',#6889,#6890);
#6889 = CARTESIAN_POINT('',(-8.785,-7.62,5.1));
#6890 = VECTOR('',#6891,1.);
#6891 = DIRECTION('',(0.,0.,1.));
#6892 = ORIENTED_EDGE('',*,*,#6893,.T.);
#6893 = EDGE_CURVE('',#6886,#6894,#6896,.T.);
#6894 = VERTEX_POINT('',#6895);
#6895 = CARTESIAN_POINT('',(-11.535,-7.62,6.1));
#6896 = CIRCLE('',#6897,1.375);
#6897 = AXIS2_PLACEMENT_3D('',#6898,#6899,#6900);
#6898 = CARTESIAN_POINT('',(-10.16,-7.62,6.1));
#6899 = DIRECTION('',(0.,0.,1.));
#6900 = DIRECTION('',(1.,0.,-0.));
#6901 = ORIENTED_EDGE('',*,*,#6902,.T.);
#6902 = EDGE_CURVE('',#6894,#1593,#6903,.T.);
#6903 = LINE('',#6904,#6905);
#6904 = CARTESIAN_POINT('',(-11.535,-7.62,5.1));
#6905 = VECTOR('',#6906,1.);
#6906 = DIRECTION('',(0.,0.,1.));
#6907 = CYLINDRICAL_SURFACE('',#6908,1.375);
#6908 = AXIS2_PLACEMENT_3D('',#6909,#6910,#6911);
#6909 = CARTESIAN_POINT('',(-10.16,-7.62,5.1));
#6910 = DIRECTION('',(0.,0.,1.));
#6911 = DIRECTION('',(1.,0.,-0.));
#6912 = ADVANCED_FACE('',(#6913),#6931,.F.);
#6913 = FACE_BOUND('',#6914,.F.);
#6914 = EDGE_LOOP('',(#6915,#6923,#6929,#6930));
#6915 = ORIENTED_EDGE('',*,*,#6916,.F.);
#6916 = EDGE_CURVE('',#6917,#1602,#6919,.T.);
#6917 = VERTEX_POINT('',#6918);
#6918 = CARTESIAN_POINT('',(-8.785,-12.7,6.1));
#6919 = LINE('',#6920,#6921);
#6920 = CARTESIAN_POINT('',(-8.785,-12.7,5.1));
#6921 = VECTOR('',#6922,1.);
#6922 = DIRECTION('',(0.,0.,1.));
#6923 = ORIENTED_EDGE('',*,*,#6924,.T.);
#6924 = EDGE_CURVE('',#6917,#6886,#6925,.T.);
#6925 = LINE('',#6926,#6927);
#6926 = CARTESIAN_POINT('',(-8.785,-23.09,6.1));
#6927 = VECTOR('',#6928,1.);
#6928 = DIRECTION('',(-0.,1.,0.));
#6929 = ORIENTED_EDGE('',*,*,#6885,.T.);
#6930 = ORIENTED_EDGE('',*,*,#1601,.F.);
#6931 = PLANE('',#6932);
#6932 = AXIS2_PLACEMENT_3D('',#6933,#6934,#6935);
#6933 = CARTESIAN_POINT('',(-8.785,-12.7,5.1));
#6934 = DIRECTION('',(1.,0.,-0.));
#6935 = DIRECTION('',(0.,0.,1.));
#6936 = ADVANCED_FACE('',(#6937),#6955,.T.);
#6937 = FACE_BOUND('',#6938,.T.);
#6938 = EDGE_LOOP('',(#6939,#6947,#6953,#6954));
#6939 = ORIENTED_EDGE('',*,*,#6940,.F.);
#6940 = EDGE_CURVE('',#6941,#1610,#6943,.T.);
#6941 = VERTEX_POINT('',#6942);
#6942 = CARTESIAN_POINT('',(-11.535,-12.7,6.1));
#6943 = LINE('',#6944,#6945);
#6944 = CARTESIAN_POINT('',(-11.535,-12.7,5.1));
#6945 = VECTOR('',#6946,1.);
#6946 = DIRECTION('',(0.,0.,1.));
#6947 = ORIENTED_EDGE('',*,*,#6948,.T.);
#6948 = EDGE_CURVE('',#6941,#6894,#6949,.T.);
#6949 = LINE('',#6950,#6951);
#6950 = CARTESIAN_POINT('',(-11.535,-23.09,6.1));
#6951 = VECTOR('',#6952,1.);
#6952 = DIRECTION('',(-0.,1.,0.));
#6953 = ORIENTED_EDGE('',*,*,#6902,.T.);
#6954 = ORIENTED_EDGE('',*,*,#1618,.F.);
#6955 = PLANE('',#6956);
#6956 = AXIS2_PLACEMENT_3D('',#6957,#6958,#6959);
#6957 = CARTESIAN_POINT('',(-11.535,-12.7,5.1));
#6958 = DIRECTION('',(1.,0.,-0.));
#6959 = DIRECTION('',(0.,0.,1.));
#6960 = ADVANCED_FACE('',(#6961),#6973,.F.);
#6961 = FACE_BOUND('',#6962,.F.);
#6962 = EDGE_LOOP('',(#6963,#6964,#6965,#6966));
#6963 = ORIENTED_EDGE('',*,*,#6916,.T.);
#6964 = ORIENTED_EDGE('',*,*,#1609,.F.);
#6965 = ORIENTED_EDGE('',*,*,#6940,.F.);
#6966 = ORIENTED_EDGE('',*,*,#6967,.T.);
#6967 = EDGE_CURVE('',#6941,#6917,#6968,.T.);
#6968 = CIRCLE('',#6969,1.375);
#6969 = AXIS2_PLACEMENT_3D('',#6970,#6971,#6972);
#6970 = CARTESIAN_POINT('',(-10.16,-12.7,6.1));
#6971 = DIRECTION('',(0.,0.,1.));
#6972 = DIRECTION('',(1.,0.,-0.));
#6973 = CYLINDRICAL_SURFACE('',#6974,1.375);
#6974 = AXIS2_PLACEMENT_3D('',#6975,#6976,#6977);
#6975 = CARTESIAN_POINT('',(-10.16,-12.7,5.1));
#6976 = DIRECTION('',(0.,0.,1.));
#6977 = DIRECTION('',(1.,0.,-0.));
#6978 = ADVANCED_FACE('',(#6979),#7005,.F.);
#6979 = FACE_BOUND('',#6980,.F.);
#6980 = EDGE_LOOP('',(#6981,#6982,#6990,#6999));
#6981 = ORIENTED_EDGE('',*,*,#1626,.F.);
#6982 = ORIENTED_EDGE('',*,*,#6983,.F.);
#6983 = EDGE_CURVE('',#6984,#1627,#6986,.T.);
#6984 = VERTEX_POINT('',#6985);
#6985 = CARTESIAN_POINT('',(-15.24,29.315,6.1));
#6986 = LINE('',#6987,#6988);
#6987 = CARTESIAN_POINT('',(-15.24,29.315,5.1));
#6988 = VECTOR('',#6989,1.);
#6989 = DIRECTION('',(0.,0.,1.));
#6990 = ORIENTED_EDGE('',*,*,#6991,.T.);
#6991 = EDGE_CURVE('',#6984,#6992,#6994,.T.);
#6992 = VERTEX_POINT('',#6993);
#6993 = CARTESIAN_POINT('',(-15.24,26.565,6.1));
#6994 = CIRCLE('',#6995,1.375);
#6995 = AXIS2_PLACEMENT_3D('',#6996,#6997,#6998);
#6996 = CARTESIAN_POINT('',(-15.24,27.94,6.1));
#6997 = DIRECTION('',(0.,0.,1.));
#6998 = DIRECTION('',(1.,0.,-0.));
#6999 = ORIENTED_EDGE('',*,*,#7000,.T.);
#7000 = EDGE_CURVE('',#6992,#1629,#7001,.T.);
#7001 = LINE('',#7002,#7003);
#7002 = CARTESIAN_POINT('',(-15.24,26.565,5.1));
#7003 = VECTOR('',#7004,1.);
#7004 = DIRECTION('',(0.,0.,1.));
#7005 = CYLINDRICAL_SURFACE('',#7006,1.375);
#7006 = AXIS2_PLACEMENT_3D('',#7007,#7008,#7009);
#7007 = CARTESIAN_POINT('',(-15.24,27.94,5.1));
#7008 = DIRECTION('',(0.,0.,1.));
#7009 = DIRECTION('',(1.,0.,-0.));
#7010 = ADVANCED_FACE('',(#7011),#7029,.F.);
#7011 = FACE_BOUND('',#7012,.F.);
#7012 = EDGE_LOOP('',(#7013,#7021,#7022,#7023));
#7013 = ORIENTED_EDGE('',*,*,#7014,.T.);
#7014 = EDGE_CURVE('',#7015,#6984,#7017,.T.);
#7015 = VERTEX_POINT('',#7016);
#7016 = CARTESIAN_POINT('',(-10.16,29.315,6.1));
#7017 = LINE('',#7018,#7019);
#7018 = CARTESIAN_POINT('',(-28.17,29.315,6.1));
#7019 = VECTOR('',#7020,1.);
#7020 = DIRECTION('',(-1.,-0.,0.));
#7021 = ORIENTED_EDGE('',*,*,#6983,.T.);
#7022 = ORIENTED_EDGE('',*,*,#1637,.F.);
#7023 = ORIENTED_EDGE('',*,*,#7024,.F.);
#7024 = EDGE_CURVE('',#7015,#1638,#7025,.T.);
#7025 = LINE('',#7026,#7027);
#7026 = CARTESIAN_POINT('',(-10.16,29.315,5.1));
#7027 = VECTOR('',#7028,1.);
#7028 = DIRECTION('',(0.,0.,1.));
#7029 = PLANE('',#7030);
#7030 = AXIS2_PLACEMENT_3D('',#7031,#7032,#7033);
#7031 = CARTESIAN_POINT('',(-15.24,29.315,5.1));
#7032 = DIRECTION('',(-0.,1.,0.));
#7033 = DIRECTION('',(0.,0.,1.));
#7034 = ADVANCED_FACE('',(#7035),#7053,.T.);
#7035 = FACE_BOUND('',#7036,.T.);
#7036 = EDGE_LOOP('',(#7037,#7045,#7046,#7047));
#7037 = ORIENTED_EDGE('',*,*,#7038,.T.);
#7038 = EDGE_CURVE('',#7039,#6992,#7041,.T.);
#7039 = VERTEX_POINT('',#7040);
#7040 = CARTESIAN_POINT('',(-10.16,26.565,6.1));
#7041 = LINE('',#7042,#7043);
#7042 = CARTESIAN_POINT('',(-28.17,26.565,6.1));
#7043 = VECTOR('',#7044,1.);
#7044 = DIRECTION('',(-1.,-0.,0.));
#7045 = ORIENTED_EDGE('',*,*,#7000,.T.);
#7046 = ORIENTED_EDGE('',*,*,#1663,.F.);
#7047 = ORIENTED_EDGE('',*,*,#7048,.F.);
#7048 = EDGE_CURVE('',#7039,#1655,#7049,.T.);
#7049 = LINE('',#7050,#7051);
#7050 = CARTESIAN_POINT('',(-10.16,26.565,5.1));
#7051 = VECTOR('',#7052,1.);
#7052 = DIRECTION('',(0.,0.,1.));
#7053 = PLANE('',#7054);
#7054 = AXIS2_PLACEMENT_3D('',#7055,#7056,#7057);
#7055 = CARTESIAN_POINT('',(-15.24,26.565,5.1));
#7056 = DIRECTION('',(-0.,1.,0.));
#7057 = DIRECTION('',(0.,0.,1.));
#7058 = ADVANCED_FACE('',(#7059),#7085,.F.);
#7059 = FACE_BOUND('',#7060,.F.);
#7060 = EDGE_LOOP('',(#7061,#7062,#7070,#7079));
#7061 = ORIENTED_EDGE('',*,*,#1671,.F.);
#7062 = ORIENTED_EDGE('',*,*,#7063,.F.);
#7063 = EDGE_CURVE('',#7064,#1672,#7066,.T.);
#7064 = VERTEX_POINT('',#7065);
#7065 = CARTESIAN_POINT('',(26.775,12.7,6.1));
#7066 = LINE('',#7067,#7068);
#7067 = CARTESIAN_POINT('',(26.775,12.7,5.1));
#7068 = VECTOR('',#7069,1.);
#7069 = DIRECTION('',(0.,0.,1.));
#7070 = ORIENTED_EDGE('',*,*,#7071,.T.);
#7071 = EDGE_CURVE('',#7064,#7072,#7074,.T.);
#7072 = VERTEX_POINT('',#7073);
#7073 = CARTESIAN_POINT('',(24.025,12.7,6.1));
#7074 = CIRCLE('',#7075,1.375);
#7075 = AXIS2_PLACEMENT_3D('',#7076,#7077,#7078);
#7076 = CARTESIAN_POINT('',(25.4,12.7,6.1));
#7077 = DIRECTION('',(0.,0.,1.));
#7078 = DIRECTION('',(1.,0.,-0.));
#7079 = ORIENTED_EDGE('',*,*,#7080,.T.);
#7080 = EDGE_CURVE('',#7072,#1674,#7081,.T.);
#7081 = LINE('',#7082,#7083);
#7082 = CARTESIAN_POINT('',(24.025,12.7,5.1));
#7083 = VECTOR('',#7084,1.);
#7084 = DIRECTION('',(0.,0.,1.));
#7085 = CYLINDRICAL_SURFACE('',#7086,1.375);
#7086 = AXIS2_PLACEMENT_3D('',#7087,#7088,#7089);
#7087 = CARTESIAN_POINT('',(25.4,12.7,5.1));
#7088 = DIRECTION('',(0.,0.,1.));
#7089 = DIRECTION('',(1.,0.,-0.));
#7090 = ADVANCED_FACE('',(#7091),#7109,.F.);
#7091 = FACE_BOUND('',#7092,.F.);
#7092 = EDGE_LOOP('',(#7093,#7101,#7107,#7108));
#7093 = ORIENTED_EDGE('',*,*,#7094,.F.);
#7094 = EDGE_CURVE('',#7095,#1683,#7097,.T.);
#7095 = VERTEX_POINT('',#7096);
#7096 = CARTESIAN_POINT('',(26.775,7.62,6.1));
#7097 = LINE('',#7098,#7099);
#7098 = CARTESIAN_POINT('',(26.775,7.62,5.1));
#7099 = VECTOR('',#7100,1.);
#7100 = DIRECTION('',(0.,0.,1.));
#7101 = ORIENTED_EDGE('',*,*,#7102,.T.);
#7102 = EDGE_CURVE('',#7095,#7064,#7103,.T.);
#7103 = LINE('',#7104,#7105);
#7104 = CARTESIAN_POINT('',(26.775,-12.93,6.1));
#7105 = VECTOR('',#7106,1.);
#7106 = DIRECTION('',(-0.,1.,0.));
#7107 = ORIENTED_EDGE('',*,*,#7063,.T.);
#7108 = ORIENTED_EDGE('',*,*,#1682,.F.);
#7109 = PLANE('',#7110);
#7110 = AXIS2_PLACEMENT_3D('',#7111,#7112,#7113);
#7111 = CARTESIAN_POINT('',(26.775,7.62,5.1));
#7112 = DIRECTION('',(1.,0.,-0.));
#7113 = DIRECTION('',(0.,0.,1.));
#7114 = ADVANCED_FACE('',(#7115),#7133,.T.);
#7115 = FACE_BOUND('',#7116,.T.);
#7116 = EDGE_LOOP('',(#7117,#7125,#7131,#7132));
#7117 = ORIENTED_EDGE('',*,*,#7118,.F.);
#7118 = EDGE_CURVE('',#7119,#1691,#7121,.T.);
#7119 = VERTEX_POINT('',#7120);
#7120 = CARTESIAN_POINT('',(24.025,7.62,6.1));
#7121 = LINE('',#7122,#7123);
#7122 = CARTESIAN_POINT('',(24.025,7.62,5.1));
#7123 = VECTOR('',#7124,1.);
#7124 = DIRECTION('',(0.,0.,1.));
#7125 = ORIENTED_EDGE('',*,*,#7126,.T.);
#7126 = EDGE_CURVE('',#7119,#7072,#7127,.T.);
#7127 = LINE('',#7128,#7129);
#7128 = CARTESIAN_POINT('',(24.025,-12.93,6.1));
#7129 = VECTOR('',#7130,1.);
#7130 = DIRECTION('',(-0.,1.,0.));
#7131 = ORIENTED_EDGE('',*,*,#7080,.T.);
#7132 = ORIENTED_EDGE('',*,*,#1699,.F.);
#7133 = PLANE('',#7134);
#7134 = AXIS2_PLACEMENT_3D('',#7135,#7136,#7137);
#7135 = CARTESIAN_POINT('',(24.025,7.62,5.1));
#7136 = DIRECTION('',(1.,0.,-0.));
#7137 = DIRECTION('',(0.,0.,1.));
#7138 = ADVANCED_FACE('',(#7139),#7151,.F.);
#7139 = FACE_BOUND('',#7140,.F.);
#7140 = EDGE_LOOP('',(#7141,#7142,#7143,#7144));
#7141 = ORIENTED_EDGE('',*,*,#7094,.T.);
#7142 = ORIENTED_EDGE('',*,*,#1690,.F.);
#7143 = ORIENTED_EDGE('',*,*,#7118,.F.);
#7144 = ORIENTED_EDGE('',*,*,#7145,.T.);
#7145 = EDGE_CURVE('',#7119,#7095,#7146,.T.);
#7146 = CIRCLE('',#7147,1.375);
#7147 = AXIS2_PLACEMENT_3D('',#7148,#7149,#7150);
#7148 = CARTESIAN_POINT('',(25.4,7.62,6.1));
#7149 = DIRECTION('',(0.,0.,1.));
#7150 = DIRECTION('',(1.,0.,-0.));
#7151 = CYLINDRICAL_SURFACE('',#7152,1.375);
#7152 = AXIS2_PLACEMENT_3D('',#7153,#7154,#7155);
#7153 = CARTESIAN_POINT('',(25.4,7.62,5.1));
#7154 = DIRECTION('',(0.,0.,1.));
#7155 = DIRECTION('',(1.,0.,-0.));
#7156 = ADVANCED_FACE('',(#7157),#7183,.F.);
#7157 = FACE_BOUND('',#7158,.F.);
#7158 = EDGE_LOOP('',(#7159,#7160,#7168,#7177));
#7159 = ORIENTED_EDGE('',*,*,#1707,.F.);
#7160 = ORIENTED_EDGE('',*,*,#7161,.F.);
#7161 = EDGE_CURVE('',#7162,#1708,#7164,.T.);
#7162 = VERTEX_POINT('',#7163);
#7163 = CARTESIAN_POINT('',(26.775,-2.54,6.1));
#7164 = LINE('',#7165,#7166);
#7165 = CARTESIAN_POINT('',(26.775,-2.54,5.1));
#7166 = VECTOR('',#7167,1.);
#7167 = DIRECTION('',(0.,0.,1.));
#7168 = ORIENTED_EDGE('',*,*,#7169,.T.);
#7169 = EDGE_CURVE('',#7162,#7170,#7172,.T.);
#7170 = VERTEX_POINT('',#7171);
#7171 = CARTESIAN_POINT('',(24.025,-2.54,6.1));
#7172 = CIRCLE('',#7173,1.375);
#7173 = AXIS2_PLACEMENT_3D('',#7174,#7175,#7176);
#7174 = CARTESIAN_POINT('',(25.4,-2.54,6.1));
#7175 = DIRECTION('',(0.,0.,1.));
#7176 = DIRECTION('',(1.,0.,-0.));
#7177 = ORIENTED_EDGE('',*,*,#7178,.T.);
#7178 = EDGE_CURVE('',#7170,#1710,#7179,.T.);
#7179 = LINE('',#7180,#7181);
#7180 = CARTESIAN_POINT('',(24.025,-2.54,5.1));
#7181 = VECTOR('',#7182,1.);
#7182 = DIRECTION('',(0.,0.,1.));
#7183 = CYLINDRICAL_SURFACE('',#7184,1.375);
#7184 = AXIS2_PLACEMENT_3D('',#7185,#7186,#7187);
#7185 = CARTESIAN_POINT('',(25.4,-2.54,5.1));
#7186 = DIRECTION('',(0.,0.,1.));
#7187 = DIRECTION('',(1.,0.,-0.));
#7188 = ADVANCED_FACE('',(#7189),#7207,.F.);
#7189 = FACE_BOUND('',#7190,.F.);
#7190 = EDGE_LOOP('',(#7191,#7199,#7205,#7206));
#7191 = ORIENTED_EDGE('',*,*,#7192,.F.);
#7192 = EDGE_CURVE('',#7193,#1719,#7195,.T.);
#7193 = VERTEX_POINT('',#7194);
#7194 = CARTESIAN_POINT('',(26.775,-7.62,6.1));
#7195 = LINE('',#7196,#7197);
#7196 = CARTESIAN_POINT('',(26.775,-7.62,5.1));
#7197 = VECTOR('',#7198,1.);
#7198 = DIRECTION('',(0.,0.,1.));
#7199 = ORIENTED_EDGE('',*,*,#7200,.T.);
#7200 = EDGE_CURVE('',#7193,#7162,#7201,.T.);
#7201 = LINE('',#7202,#7203);
#7202 = CARTESIAN_POINT('',(26.775,-20.55,6.1));
#7203 = VECTOR('',#7204,1.);
#7204 = DIRECTION('',(-0.,1.,0.));
#7205 = ORIENTED_EDGE('',*,*,#7161,.T.);
#7206 = ORIENTED_EDGE('',*,*,#1718,.F.);
#7207 = PLANE('',#7208);
#7208 = AXIS2_PLACEMENT_3D('',#7209,#7210,#7211);
#7209 = CARTESIAN_POINT('',(26.775,-7.62,5.1));
#7210 = DIRECTION('',(1.,0.,-0.));
#7211 = DIRECTION('',(0.,0.,1.));
#7212 = ADVANCED_FACE('',(#7213),#7231,.T.);
#7213 = FACE_BOUND('',#7214,.T.);
#7214 = EDGE_LOOP('',(#7215,#7223,#7229,#7230));
#7215 = ORIENTED_EDGE('',*,*,#7216,.F.);
#7216 = EDGE_CURVE('',#7217,#1727,#7219,.T.);
#7217 = VERTEX_POINT('',#7218);
#7218 = CARTESIAN_POINT('',(24.025,-7.62,6.1));
#7219 = LINE('',#7220,#7221);
#7220 = CARTESIAN_POINT('',(24.025,-7.62,5.1));
#7221 = VECTOR('',#7222,1.);
#7222 = DIRECTION('',(0.,0.,1.));
#7223 = ORIENTED_EDGE('',*,*,#7224,.T.);
#7224 = EDGE_CURVE('',#7217,#7170,#7225,.T.);
#7225 = LINE('',#7226,#7227);
#7226 = CARTESIAN_POINT('',(24.025,-20.55,6.1));
#7227 = VECTOR('',#7228,1.);
#7228 = DIRECTION('',(-0.,1.,0.));
#7229 = ORIENTED_EDGE('',*,*,#7178,.T.);
#7230 = ORIENTED_EDGE('',*,*,#1735,.F.);
#7231 = PLANE('',#7232);
#7232 = AXIS2_PLACEMENT_3D('',#7233,#7234,#7235);
#7233 = CARTESIAN_POINT('',(24.025,-7.62,5.1));
#7234 = DIRECTION('',(1.,0.,-0.));
#7235 = DIRECTION('',(0.,0.,1.));
#7236 = ADVANCED_FACE('',(#7237),#7249,.F.);
#7237 = FACE_BOUND('',#7238,.F.);
#7238 = EDGE_LOOP('',(#7239,#7240,#7241,#7242));
#7239 = ORIENTED_EDGE('',*,*,#7192,.T.);
#7240 = ORIENTED_EDGE('',*,*,#1726,.F.);
#7241 = ORIENTED_EDGE('',*,*,#7216,.F.);
#7242 = ORIENTED_EDGE('',*,*,#7243,.T.);
#7243 = EDGE_CURVE('',#7217,#7193,#7244,.T.);
#7244 = CIRCLE('',#7245,1.375);
#7245 = AXIS2_PLACEMENT_3D('',#7246,#7247,#7248);
#7246 = CARTESIAN_POINT('',(25.4,-7.62,6.1));
#7247 = DIRECTION('',(0.,0.,1.));
#7248 = DIRECTION('',(1.,0.,-0.));
#7249 = CYLINDRICAL_SURFACE('',#7250,1.375);
#7250 = AXIS2_PLACEMENT_3D('',#7251,#7252,#7253);
#7251 = CARTESIAN_POINT('',(25.4,-7.62,5.1));
#7252 = DIRECTION('',(0.,0.,1.));
#7253 = DIRECTION('',(1.,0.,-0.));
#7254 = ADVANCED_FACE('',(#7255),#7281,.F.);
#7255 = FACE_BOUND('',#7256,.F.);
#7256 = EDGE_LOOP('',(#7257,#7258,#7266,#7275));
#7257 = ORIENTED_EDGE('',*,*,#1743,.F.);
#7258 = ORIENTED_EDGE('',*,*,#7259,.F.);
#7259 = EDGE_CURVE('',#7260,#1744,#7262,.T.);
#7260 = VERTEX_POINT('',#7261);
#7261 = CARTESIAN_POINT('',(-20.32,-11.325,6.1));
#7262 = LINE('',#7263,#7264);
#7263 = CARTESIAN_POINT('',(-20.32,-11.325,5.1));
#7264 = VECTOR('',#7265,1.);
#7265 = DIRECTION('',(0.,0.,1.));
#7266 = ORIENTED_EDGE('',*,*,#7267,.T.);
#7267 = EDGE_CURVE('',#7260,#7268,#7270,.T.);
#7268 = VERTEX_POINT('',#7269);
#7269 = CARTESIAN_POINT('',(-20.32,-14.075,6.1));
#7270 = CIRCLE('',#7271,1.375);
#7271 = AXIS2_PLACEMENT_3D('',#7272,#7273,#7274);
#7272 = CARTESIAN_POINT('',(-20.32,-12.7,6.1));
#7273 = DIRECTION('',(0.,0.,1.));
#7274 = DIRECTION('',(1.,0.,-0.));
#7275 = ORIENTED_EDGE('',*,*,#7276,.T.);
#7276 = EDGE_CURVE('',#7268,#1746,#7277,.T.);
#7277 = LINE('',#7278,#7279);
#7278 = CARTESIAN_POINT('',(-20.32,-14.075,5.1));
#7279 = VECTOR('',#7280,1.);
#7280 = DIRECTION('',(0.,0.,1.));
#7281 = CYLINDRICAL_SURFACE('',#7282,1.375);
#7282 = AXIS2_PLACEMENT_3D('',#7283,#7284,#7285);
#7283 = CARTESIAN_POINT('',(-20.32,-12.7,5.1));
#7284 = DIRECTION('',(0.,0.,1.));
#7285 = DIRECTION('',(1.,0.,-0.));
#7286 = ADVANCED_FACE('',(#7287),#7305,.F.);
#7287 = FACE_BOUND('',#7288,.F.);
#7288 = EDGE_LOOP('',(#7289,#7297,#7298,#7299));
#7289 = ORIENTED_EDGE('',*,*,#7290,.T.);
#7290 = EDGE_CURVE('',#7291,#7260,#7293,.T.);
#7291 = VERTEX_POINT('',#7292);
#7292 = CARTESIAN_POINT('',(-15.24,-11.325,6.1));
#7293 = LINE('',#7294,#7295);
#7294 = CARTESIAN_POINT('',(-30.71,-11.325,6.1));
#7295 = VECTOR('',#7296,1.);
#7296 = DIRECTION('',(-1.,-0.,0.));
#7297 = ORIENTED_EDGE('',*,*,#7259,.T.);
#7298 = ORIENTED_EDGE('',*,*,#1754,.F.);
#7299 = ORIENTED_EDGE('',*,*,#7300,.F.);
#7300 = EDGE_CURVE('',#7291,#1755,#7301,.T.);
#7301 = LINE('',#7302,#7303);
#7302 = CARTESIAN_POINT('',(-15.24,-11.325,5.1));
#7303 = VECTOR('',#7304,1.);
#7304 = DIRECTION('',(0.,0.,1.));
#7305 = PLANE('',#7306);
#7306 = AXIS2_PLACEMENT_3D('',#7307,#7308,#7309);
#7307 = CARTESIAN_POINT('',(-20.32,-11.325,5.1));
#7308 = DIRECTION('',(-0.,1.,0.));
#7309 = DIRECTION('',(0.,0.,1.));
#7310 = ADVANCED_FACE('',(#7311),#7329,.T.);
#7311 = FACE_BOUND('',#7312,.T.);
#7312 = EDGE_LOOP('',(#7313,#7321,#7322,#7323));
#7313 = ORIENTED_EDGE('',*,*,#7314,.T.);
#7314 = EDGE_CURVE('',#7315,#7268,#7317,.T.);
#7315 = VERTEX_POINT('',#7316);
#7316 = CARTESIAN_POINT('',(-15.24,-14.075,6.1));
#7317 = LINE('',#7318,#7319);
#7318 = CARTESIAN_POINT('',(-30.71,-14.075,6.1));
#7319 = VECTOR('',#7320,1.);
#7320 = DIRECTION('',(-1.,-0.,0.));
#7321 = ORIENTED_EDGE('',*,*,#7276,.T.);
#7322 = ORIENTED_EDGE('',*,*,#1780,.F.);
#7323 = ORIENTED_EDGE('',*,*,#7324,.F.);
#7324 = EDGE_CURVE('',#7315,#1772,#7325,.T.);
#7325 = LINE('',#7326,#7327);
#7326 = CARTESIAN_POINT('',(-15.24,-14.075,5.1));
#7327 = VECTOR('',#7328,1.);
#7328 = DIRECTION('',(0.,0.,1.));
#7329 = PLANE('',#7330);
#7330 = AXIS2_PLACEMENT_3D('',#7331,#7332,#7333);
#7331 = CARTESIAN_POINT('',(-20.32,-14.075,5.1));
#7332 = DIRECTION('',(-0.,1.,0.));
#7333 = DIRECTION('',(0.,0.,1.));
#7334 = ADVANCED_FACE('',(#7335),#7361,.F.);
#7335 = FACE_BOUND('',#7336,.F.);
#7336 = EDGE_LOOP('',(#7337,#7338,#7346,#7355));
#7337 = ORIENTED_EDGE('',*,*,#1788,.F.);
#7338 = ORIENTED_EDGE('',*,*,#7339,.F.);
#7339 = EDGE_CURVE('',#7340,#1789,#7342,.T.);
#7340 = VERTEX_POINT('',#7341);
#7341 = CARTESIAN_POINT('',(-30.48,-16.405,6.1));
#7342 = LINE('',#7343,#7344);
#7343 = CARTESIAN_POINT('',(-30.48,-16.405,5.1));
#7344 = VECTOR('',#7345,1.);
#7345 = DIRECTION('',(0.,0.,1.));
#7346 = ORIENTED_EDGE('',*,*,#7347,.T.);
#7347 = EDGE_CURVE('',#7340,#7348,#7350,.T.);
#7348 = VERTEX_POINT('',#7349);
#7349 = CARTESIAN_POINT('',(-30.48,-19.155,6.1));
#7350 = CIRCLE('',#7351,1.375);
#7351 = AXIS2_PLACEMENT_3D('',#7352,#7353,#7354);
#7352 = CARTESIAN_POINT('',(-30.48,-17.78,6.1));
#7353 = DIRECTION('',(0.,0.,1.));
#7354 = DIRECTION('',(1.,0.,-0.));
#7355 = ORIENTED_EDGE('',*,*,#7356,.T.);
#7356 = EDGE_CURVE('',#7348,#1791,#7357,.T.);
#7357 = LINE('',#7358,#7359);
#7358 = CARTESIAN_POINT('',(-30.48,-19.155,5.1));
#7359 = VECTOR('',#7360,1.);
#7360 = DIRECTION('',(0.,0.,1.));
#7361 = CYLINDRICAL_SURFACE('',#7362,1.375);
#7362 = AXIS2_PLACEMENT_3D('',#7363,#7364,#7365);
#7363 = CARTESIAN_POINT('',(-30.48,-17.78,5.1));
#7364 = DIRECTION('',(0.,0.,1.));
#7365 = DIRECTION('',(1.,0.,-0.));
#7366 = ADVANCED_FACE('',(#7367),#7385,.F.);
#7367 = FACE_BOUND('',#7368,.F.);
#7368 = EDGE_LOOP('',(#7369,#7377,#7378,#7379));
#7369 = ORIENTED_EDGE('',*,*,#7370,.T.);
#7370 = EDGE_CURVE('',#7371,#7340,#7373,.T.);
#7371 = VERTEX_POINT('',#7372);
#7372 = CARTESIAN_POINT('',(-25.4,-16.405,6.1));
#7373 = LINE('',#7374,#7375);
#7374 = CARTESIAN_POINT('',(-35.79,-16.405,6.1));
#7375 = VECTOR('',#7376,1.);
#7376 = DIRECTION('',(-1.,-0.,0.));
#7377 = ORIENTED_EDGE('',*,*,#7339,.T.);
#7378 = ORIENTED_EDGE('',*,*,#1799,.F.);
#7379 = ORIENTED_EDGE('',*,*,#7380,.F.);
#7380 = EDGE_CURVE('',#7371,#1800,#7381,.T.);
#7381 = LINE('',#7382,#7383);
#7382 = CARTESIAN_POINT('',(-25.4,-16.405,5.1));
#7383 = VECTOR('',#7384,1.);
#7384 = DIRECTION('',(0.,0.,1.));
#7385 = PLANE('',#7386);
#7386 = AXIS2_PLACEMENT_3D('',#7387,#7388,#7389);
#7387 = CARTESIAN_POINT('',(-30.48,-16.405,5.1));
#7388 = DIRECTION('',(-0.,1.,0.));
#7389 = DIRECTION('',(0.,0.,1.));
#7390 = ADVANCED_FACE('',(#7391),#7409,.T.);
#7391 = FACE_BOUND('',#7392,.T.);
#7392 = EDGE_LOOP('',(#7393,#7401,#7402,#7403));
#7393 = ORIENTED_EDGE('',*,*,#7394,.T.);
#7394 = EDGE_CURVE('',#7395,#7348,#7397,.T.);
#7395 = VERTEX_POINT('',#7396);
#7396 = CARTESIAN_POINT('',(-25.4,-19.155,6.1));
#7397 = LINE('',#7398,#7399);
#7398 = CARTESIAN_POINT('',(-35.79,-19.155,6.1));
#7399 = VECTOR('',#7400,1.);
#7400 = DIRECTION('',(-1.,-0.,0.));
#7401 = ORIENTED_EDGE('',*,*,#7356,.T.);
#7402 = ORIENTED_EDGE('',*,*,#1825,.F.);
#7403 = ORIENTED_EDGE('',*,*,#7404,.F.);
#7404 = EDGE_CURVE('',#7395,#1817,#7405,.T.);
#7405 = LINE('',#7406,#7407);
#7406 = CARTESIAN_POINT('',(-25.4,-19.155,5.1));
#7407 = VECTOR('',#7408,1.);
#7408 = DIRECTION('',(0.,0.,1.));
#7409 = PLANE('',#7410);
#7410 = AXIS2_PLACEMENT_3D('',#7411,#7412,#7413);
#7411 = CARTESIAN_POINT('',(-30.48,-19.155,5.1));
#7412 = DIRECTION('',(-0.,1.,0.));
#7413 = DIRECTION('',(0.,0.,1.));
#7414 = ADVANCED_FACE('',(#7415),#7441,.F.);
#7415 = FACE_BOUND('',#7416,.F.);
#7416 = EDGE_LOOP('',(#7417,#7418,#7426,#7435));
#7417 = ORIENTED_EDGE('',*,*,#1833,.F.);
#7418 = ORIENTED_EDGE('',*,*,#7419,.F.);
#7419 = EDGE_CURVE('',#7420,#1834,#7422,.T.);
#7420 = VERTEX_POINT('',#7421);
#7421 = CARTESIAN_POINT('',(-20.32,-26.565,6.1));
#7422 = LINE('',#7423,#7424);
#7423 = CARTESIAN_POINT('',(-20.32,-26.565,5.1));
#7424 = VECTOR('',#7425,1.);
#7425 = DIRECTION('',(0.,0.,1.));
#7426 = ORIENTED_EDGE('',*,*,#7427,.T.);
#7427 = EDGE_CURVE('',#7420,#7428,#7430,.T.);
#7428 = VERTEX_POINT('',#7429);
#7429 = CARTESIAN_POINT('',(-20.32,-29.315,6.1));
#7430 = CIRCLE('',#7431,1.375);
#7431 = AXIS2_PLACEMENT_3D('',#7432,#7433,#7434);
#7432 = CARTESIAN_POINT('',(-20.32,-27.94,6.1));
#7433 = DIRECTION('',(0.,0.,1.));
#7434 = DIRECTION('',(1.,0.,-0.));
#7435 = ORIENTED_EDGE('',*,*,#7436,.T.);
#7436 = EDGE_CURVE('',#7428,#1836,#7437,.T.);
#7437 = LINE('',#7438,#7439);
#7438 = CARTESIAN_POINT('',(-20.32,-29.315,5.1));
#7439 = VECTOR('',#7440,1.);
#7440 = DIRECTION('',(0.,0.,1.));
#7441 = CYLINDRICAL_SURFACE('',#7442,1.375);
#7442 = AXIS2_PLACEMENT_3D('',#7443,#7444,#7445);
#7443 = CARTESIAN_POINT('',(-20.32,-27.94,5.1));
#7444 = DIRECTION('',(0.,0.,1.));
#7445 = DIRECTION('',(1.,0.,-0.));
#7446 = ADVANCED_FACE('',(#7447),#7465,.F.);
#7447 = FACE_BOUND('',#7448,.F.);
#7448 = EDGE_LOOP('',(#7449,#7457,#7458,#7459));
#7449 = ORIENTED_EDGE('',*,*,#7450,.T.);
#7450 = EDGE_CURVE('',#7451,#7420,#7453,.T.);
#7451 = VERTEX_POINT('',#7452);
#7452 = CARTESIAN_POINT('',(-15.24,-26.565,6.1));
#7453 = LINE('',#7454,#7455);
#7454 = CARTESIAN_POINT('',(-30.71,-26.565,6.1));
#7455 = VECTOR('',#7456,1.);
#7456 = DIRECTION('',(-1.,-0.,0.));
#7457 = ORIENTED_EDGE('',*,*,#7419,.T.);
#7458 = ORIENTED_EDGE('',*,*,#1844,.F.);
#7459 = ORIENTED_EDGE('',*,*,#7460,.F.);
#7460 = EDGE_CURVE('',#7451,#1845,#7461,.T.);
#7461 = LINE('',#7462,#7463);
#7462 = CARTESIAN_POINT('',(-15.24,-26.565,5.1));
#7463 = VECTOR('',#7464,1.);
#7464 = DIRECTION('',(0.,0.,1.));
#7465 = PLANE('',#7466);
#7466 = AXIS2_PLACEMENT_3D('',#7467,#7468,#7469);
#7467 = CARTESIAN_POINT('',(-20.32,-26.565,5.1));
#7468 = DIRECTION('',(-0.,1.,0.));
#7469 = DIRECTION('',(0.,0.,1.));
#7470 = ADVANCED_FACE('',(#7471),#7489,.T.);
#7471 = FACE_BOUND('',#7472,.T.);
#7472 = EDGE_LOOP('',(#7473,#7481,#7482,#7483));
#7473 = ORIENTED_EDGE('',*,*,#7474,.T.);
#7474 = EDGE_CURVE('',#7475,#7428,#7477,.T.);
#7475 = VERTEX_POINT('',#7476);
#7476 = CARTESIAN_POINT('',(-15.24,-29.315,6.1));
#7477 = LINE('',#7478,#7479);
#7478 = CARTESIAN_POINT('',(-30.71,-29.315,6.1));
#7479 = VECTOR('',#7480,1.);
#7480 = DIRECTION('',(-1.,-0.,0.));
#7481 = ORIENTED_EDGE('',*,*,#7436,.T.);
#7482 = ORIENTED_EDGE('',*,*,#1870,.F.);
#7483 = ORIENTED_EDGE('',*,*,#7484,.F.);
#7484 = EDGE_CURVE('',#7475,#1862,#7485,.T.);
#7485 = LINE('',#7486,#7487);
#7486 = CARTESIAN_POINT('',(-15.24,-29.315,5.1));
#7487 = VECTOR('',#7488,1.);
#7488 = DIRECTION('',(0.,0.,1.));
#7489 = PLANE('',#7490);
#7490 = AXIS2_PLACEMENT_3D('',#7491,#7492,#7493);
#7491 = CARTESIAN_POINT('',(-20.32,-29.315,5.1));
#7492 = DIRECTION('',(-0.,1.,0.));
#7493 = DIRECTION('',(0.,0.,1.));
#7494 = ADVANCED_FACE('',(#7495),#7521,.F.);
#7495 = FACE_BOUND('',#7496,.F.);
#7496 = EDGE_LOOP('',(#7497,#7498,#7506,#7515));
#7497 = ORIENTED_EDGE('',*,*,#1878,.F.);
#7498 = ORIENTED_EDGE('',*,*,#7499,.F.);
#7499 = EDGE_CURVE('',#7500,#1879,#7502,.T.);
#7500 = VERTEX_POINT('',#7501);
#7501 = CARTESIAN_POINT('',(-5.08,19.155,6.1));
#7502 = LINE('',#7503,#7504);
#7503 = CARTESIAN_POINT('',(-5.08,19.155,5.1));
#7504 = VECTOR('',#7505,1.);
#7505 = DIRECTION('',(0.,0.,1.));
#7506 = ORIENTED_EDGE('',*,*,#7507,.T.);
#7507 = EDGE_CURVE('',#7500,#7508,#7510,.T.);
#7508 = VERTEX_POINT('',#7509);
#7509 = CARTESIAN_POINT('',(-5.08,16.405,6.1));
#7510 = CIRCLE('',#7511,1.375);
#7511 = AXIS2_PLACEMENT_3D('',#7512,#7513,#7514);
#7512 = CARTESIAN_POINT('',(-5.08,17.78,6.1));
#7513 = DIRECTION('',(0.,0.,1.));
#7514 = DIRECTION('',(1.,0.,-0.));
#7515 = ORIENTED_EDGE('',*,*,#7516,.T.);
#7516 = EDGE_CURVE('',#7508,#1881,#7517,.T.);
#7517 = LINE('',#7518,#7519);
#7518 = CARTESIAN_POINT('',(-5.08,16.405,5.1));
#7519 = VECTOR('',#7520,1.);
#7520 = DIRECTION('',(0.,0.,1.));
#7521 = CYLINDRICAL_SURFACE('',#7522,1.375);
#7522 = AXIS2_PLACEMENT_3D('',#7523,#7524,#7525);
#7523 = CARTESIAN_POINT('',(-5.08,17.78,5.1));
#7524 = DIRECTION('',(0.,0.,1.));
#7525 = DIRECTION('',(1.,0.,-0.));
#7526 = ADVANCED_FACE('',(#7527),#7545,.F.);
#7527 = FACE_BOUND('',#7528,.F.);
#7528 = EDGE_LOOP('',(#7529,#7537,#7538,#7539));
#7529 = ORIENTED_EDGE('',*,*,#7530,.T.);
#7530 = EDGE_CURVE('',#7531,#7500,#7533,.T.);
#7531 = VERTEX_POINT('',#7532);
#7532 = CARTESIAN_POINT('',(7.105427357601E-15,19.155,6.1));
#7533 = LINE('',#7534,#7535);
#7534 = CARTESIAN_POINT('',(-23.09,19.155,6.1));
#7535 = VECTOR('',#7536,1.);
#7536 = DIRECTION('',(-1.,-0.,0.));
#7537 = ORIENTED_EDGE('',*,*,#7499,.T.);
#7538 = ORIENTED_EDGE('',*,*,#1889,.F.);
#7539 = ORIENTED_EDGE('',*,*,#7540,.F.);
#7540 = EDGE_CURVE('',#7531,#1890,#7541,.T.);
#7541 = LINE('',#7542,#7543);
#7542 = CARTESIAN_POINT('',(7.105427357601E-15,19.155,5.1));
#7543 = VECTOR('',#7544,1.);
#7544 = DIRECTION('',(0.,0.,1.));
#7545 = PLANE('',#7546);
#7546 = AXIS2_PLACEMENT_3D('',#7547,#7548,#7549);
#7547 = CARTESIAN_POINT('',(-5.08,19.155,5.1));
#7548 = DIRECTION('',(-0.,1.,0.));
#7549 = DIRECTION('',(0.,0.,1.));
#7550 = ADVANCED_FACE('',(#7551),#7569,.T.);
#7551 = FACE_BOUND('',#7552,.T.);
#7552 = EDGE_LOOP('',(#7553,#7561,#7562,#7563));
#7553 = ORIENTED_EDGE('',*,*,#7554,.T.);
#7554 = EDGE_CURVE('',#7555,#7508,#7557,.T.);
#7555 = VERTEX_POINT('',#7556);
#7556 = CARTESIAN_POINT('',(7.105427357601E-15,16.405,6.1));
#7557 = LINE('',#7558,#7559);
#7558 = CARTESIAN_POINT('',(-23.09,16.405,6.1));
#7559 = VECTOR('',#7560,1.);
#7560 = DIRECTION('',(-1.,-0.,0.));
#7561 = ORIENTED_EDGE('',*,*,#7516,.T.);
#7562 = ORIENTED_EDGE('',*,*,#1915,.F.);
#7563 = ORIENTED_EDGE('',*,*,#7564,.F.);
#7564 = EDGE_CURVE('',#7555,#1907,#7565,.T.);
#7565 = LINE('',#7566,#7567);
#7566 = CARTESIAN_POINT('',(7.105427357601E-15,16.405,5.1));
#7567 = VECTOR('',#7568,1.);
#7568 = DIRECTION('',(0.,0.,1.));
#7569 = PLANE('',#7570);
#7570 = AXIS2_PLACEMENT_3D('',#7571,#7572,#7573);
#7571 = CARTESIAN_POINT('',(-5.08,16.405,5.1));
#7572 = DIRECTION('',(-0.,1.,0.));
#7573 = DIRECTION('',(0.,0.,1.));
#7574 = ADVANCED_FACE('',(#7575),#7601,.F.);
#7575 = FACE_BOUND('',#7576,.F.);
#7576 = EDGE_LOOP('',(#7577,#7578,#7586,#7595));
#7577 = ORIENTED_EDGE('',*,*,#1923,.F.);
#7578 = ORIENTED_EDGE('',*,*,#7579,.F.);
#7579 = EDGE_CURVE('',#7580,#1924,#7582,.T.);
#7580 = VERTEX_POINT('',#7581);
#7581 = CARTESIAN_POINT('',(-5.08,-26.565,6.1));
#7582 = LINE('',#7583,#7584);
#7583 = CARTESIAN_POINT('',(-5.08,-26.565,5.1));
#7584 = VECTOR('',#7585,1.);
#7585 = DIRECTION('',(0.,0.,1.));
#7586 = ORIENTED_EDGE('',*,*,#7587,.T.);
#7587 = EDGE_CURVE('',#7580,#7588,#7590,.T.);
#7588 = VERTEX_POINT('',#7589);
#7589 = CARTESIAN_POINT('',(-5.08,-29.315,6.1));
#7590 = CIRCLE('',#7591,1.375);
#7591 = AXIS2_PLACEMENT_3D('',#7592,#7593,#7594);
#7592 = CARTESIAN_POINT('',(-5.08,-27.94,6.1));
#7593 = DIRECTION('',(0.,0.,1.));
#7594 = DIRECTION('',(1.,0.,-0.));
#7595 = ORIENTED_EDGE('',*,*,#7596,.T.);
#7596 = EDGE_CURVE('',#7588,#1926,#7597,.T.);
#7597 = LINE('',#7598,#7599);
#7598 = CARTESIAN_POINT('',(-5.08,-29.315,5.1));
#7599 = VECTOR('',#7600,1.);
#7600 = DIRECTION('',(0.,0.,1.));
#7601 = CYLINDRICAL_SURFACE('',#7602,1.375);
#7602 = AXIS2_PLACEMENT_3D('',#7603,#7604,#7605);
#7603 = CARTESIAN_POINT('',(-5.08,-27.94,5.1));
#7604 = DIRECTION('',(0.,0.,1.));
#7605 = DIRECTION('',(1.,0.,-0.));
#7606 = ADVANCED_FACE('',(#7607),#7625,.F.);
#7607 = FACE_BOUND('',#7608,.F.);
#7608 = EDGE_LOOP('',(#7609,#7617,#7618,#7619));
#7609 = ORIENTED_EDGE('',*,*,#7610,.T.);
#7610 = EDGE_CURVE('',#7611,#7580,#7613,.T.);
#7611 = VERTEX_POINT('',#7612);
#7612 = CARTESIAN_POINT('',(7.105427357601E-15,-26.565,6.1));
#7613 = LINE('',#7614,#7615);
#7614 = CARTESIAN_POINT('',(-23.09,-26.565,6.1));
#7615 = VECTOR('',#7616,1.);
#7616 = DIRECTION('',(-1.,-0.,0.));
#7617 = ORIENTED_EDGE('',*,*,#7579,.T.);
#7618 = ORIENTED_EDGE('',*,*,#1934,.F.);
#7619 = ORIENTED_EDGE('',*,*,#7620,.F.);
#7620 = EDGE_CURVE('',#7611,#1935,#7621,.T.);
#7621 = LINE('',#7622,#7623);
#7622 = CARTESIAN_POINT('',(7.105427357601E-15,-26.565,5.1));
#7623 = VECTOR('',#7624,1.);
#7624 = DIRECTION('',(0.,0.,1.));
#7625 = PLANE('',#7626);
#7626 = AXIS2_PLACEMENT_3D('',#7627,#7628,#7629);
#7627 = CARTESIAN_POINT('',(-5.08,-26.565,5.1));
#7628 = DIRECTION('',(-0.,1.,0.));
#7629 = DIRECTION('',(0.,0.,1.));
#7630 = ADVANCED_FACE('',(#7631),#7649,.T.);
#7631 = FACE_BOUND('',#7632,.T.);
#7632 = EDGE_LOOP('',(#7633,#7641,#7642,#7643));
#7633 = ORIENTED_EDGE('',*,*,#7634,.T.);
#7634 = EDGE_CURVE('',#7635,#7588,#7637,.T.);
#7635 = VERTEX_POINT('',#7636);
#7636 = CARTESIAN_POINT('',(7.105427357601E-15,-29.315,6.1));
#7637 = LINE('',#7638,#7639);
#7638 = CARTESIAN_POINT('',(-23.09,-29.315,6.1));
#7639 = VECTOR('',#7640,1.);
#7640 = DIRECTION('',(-1.,-0.,0.));
#7641 = ORIENTED_EDGE('',*,*,#7596,.T.);
#7642 = ORIENTED_EDGE('',*,*,#1960,.F.);
#7643 = ORIENTED_EDGE('',*,*,#7644,.F.);
#7644 = EDGE_CURVE('',#7635,#1952,#7645,.T.);
#7645 = LINE('',#7646,#7647);
#7646 = CARTESIAN_POINT('',(7.105427357601E-15,-29.315,5.1));
#7647 = VECTOR('',#7648,1.);
#7648 = DIRECTION('',(0.,0.,1.));
#7649 = PLANE('',#7650);
#7650 = AXIS2_PLACEMENT_3D('',#7651,#7652,#7653);
#7651 = CARTESIAN_POINT('',(-5.08,-29.315,5.1));
#7652 = DIRECTION('',(-0.,1.,0.));
#7653 = DIRECTION('',(0.,0.,1.));
#7654 = ADVANCED_FACE('',(#7655),#7681,.F.);
#7655 = FACE_BOUND('',#7656,.F.);
#7656 = EDGE_LOOP('',(#7657,#7658,#7666,#7675));
#7657 = ORIENTED_EDGE('',*,*,#1968,.F.);
#7658 = ORIENTED_EDGE('',*,*,#7659,.F.);
#7659 = EDGE_CURVE('',#7660,#1969,#7662,.T.);
#7660 = VERTEX_POINT('',#7661);
#7661 = CARTESIAN_POINT('',(7.105427357601E-15,29.315,6.1));
#7662 = LINE('',#7663,#7664);
#7663 = CARTESIAN_POINT('',(7.105427357601E-15,29.315,5.1));
#7664 = VECTOR('',#7665,1.);
#7665 = DIRECTION('',(0.,0.,1.));
#7666 = ORIENTED_EDGE('',*,*,#7667,.T.);
#7667 = EDGE_CURVE('',#7660,#7668,#7670,.T.);
#7668 = VERTEX_POINT('',#7669);
#7669 = CARTESIAN_POINT('',(7.105427357601E-15,26.565,6.1));
#7670 = CIRCLE('',#7671,1.375);
#7671 = AXIS2_PLACEMENT_3D('',#7672,#7673,#7674);
#7672 = CARTESIAN_POINT('',(7.105427357601E-15,27.94,6.1));
#7673 = DIRECTION('',(0.,0.,1.));
#7674 = DIRECTION('',(1.,0.,-0.));
#7675 = ORIENTED_EDGE('',*,*,#7676,.T.);
#7676 = EDGE_CURVE('',#7668,#1971,#7677,.T.);
#7677 = LINE('',#7678,#7679);
#7678 = CARTESIAN_POINT('',(7.105427357601E-15,26.565,5.1));
#7679 = VECTOR('',#7680,1.);
#7680 = DIRECTION('',(0.,0.,1.));
#7681 = CYLINDRICAL_SURFACE('',#7682,1.375);
#7682 = AXIS2_PLACEMENT_3D('',#7683,#7684,#7685);
#7683 = CARTESIAN_POINT('',(7.105427357601E-15,27.94,5.1));
#7684 = DIRECTION('',(0.,0.,1.));
#7685 = DIRECTION('',(1.,0.,-0.));
#7686 = ADVANCED_FACE('',(#7687),#7705,.F.);
#7687 = FACE_BOUND('',#7688,.F.);
#7688 = EDGE_LOOP('',(#7689,#7697,#7698,#7699));
#7689 = ORIENTED_EDGE('',*,*,#7690,.T.);
#7690 = EDGE_CURVE('',#7691,#7660,#7693,.T.);
#7691 = VERTEX_POINT('',#7692);
#7692 = CARTESIAN_POINT('',(5.08,29.315,6.1));
#7693 = LINE('',#7694,#7695);
#7694 = CARTESIAN_POINT('',(-20.55,29.315,6.1));
#7695 = VECTOR('',#7696,1.);
#7696 = DIRECTION('',(-1.,-0.,0.));
#7697 = ORIENTED_EDGE('',*,*,#7659,.T.);
#7698 = ORIENTED_EDGE('',*,*,#1979,.F.);
#7699 = ORIENTED_EDGE('',*,*,#7700,.F.);
#7700 = EDGE_CURVE('',#7691,#1980,#7701,.T.);
#7701 = LINE('',#7702,#7703);
#7702 = CARTESIAN_POINT('',(5.08,29.315,5.1));
#7703 = VECTOR('',#7704,1.);
#7704 = DIRECTION('',(0.,0.,1.));
#7705 = PLANE('',#7706);
#7706 = AXIS2_PLACEMENT_3D('',#7707,#7708,#7709);
#7707 = CARTESIAN_POINT('',(7.105427357601E-15,29.315,5.1));
#7708 = DIRECTION('',(-0.,1.,0.));
#7709 = DIRECTION('',(0.,0.,1.));
#7710 = ADVANCED_FACE('',(#7711),#7729,.T.);
#7711 = FACE_BOUND('',#7712,.T.);
#7712 = EDGE_LOOP('',(#7713,#7721,#7722,#7723));
#7713 = ORIENTED_EDGE('',*,*,#7714,.T.);
#7714 = EDGE_CURVE('',#7715,#7668,#7717,.T.);
#7715 = VERTEX_POINT('',#7716);
#7716 = CARTESIAN_POINT('',(5.08,26.565,6.1));
#7717 = LINE('',#7718,#7719);
#7718 = CARTESIAN_POINT('',(-20.55,26.565,6.1));
#7719 = VECTOR('',#7720,1.);
#7720 = DIRECTION('',(-1.,-0.,0.));
#7721 = ORIENTED_EDGE('',*,*,#7676,.T.);
#7722 = ORIENTED_EDGE('',*,*,#2005,.F.);
#7723 = ORIENTED_EDGE('',*,*,#7724,.F.);
#7724 = EDGE_CURVE('',#7715,#1997,#7725,.T.);
#7725 = LINE('',#7726,#7727);
#7726 = CARTESIAN_POINT('',(5.08,26.565,5.1));
#7727 = VECTOR('',#7728,1.);
#7728 = DIRECTION('',(0.,0.,1.));
#7729 = PLANE('',#7730);
#7730 = AXIS2_PLACEMENT_3D('',#7731,#7732,#7733);
#7731 = CARTESIAN_POINT('',(7.105427357601E-15,26.565,5.1));
#7732 = DIRECTION('',(-0.,1.,0.));
#7733 = DIRECTION('',(0.,0.,1.));
#7734 = ADVANCED_FACE('',(#7735),#7761,.F.);
#7735 = FACE_BOUND('',#7736,.F.);
#7736 = EDGE_LOOP('',(#7737,#7738,#7746,#7755));
#7737 = ORIENTED_EDGE('',*,*,#2013,.F.);
#7738 = ORIENTED_EDGE('',*,*,#7739,.F.);
#7739 = EDGE_CURVE('',#7740,#2014,#7742,.T.);
#7740 = VERTEX_POINT('',#7741);
#7741 = CARTESIAN_POINT('',(-34.185,-2.54,6.1));
#7742 = LINE('',#7743,#7744);
#7743 = CARTESIAN_POINT('',(-34.185,-2.54,5.1));
#7744 = VECTOR('',#7745,1.);
#7745 = DIRECTION('',(0.,0.,1.));
#7746 = ORIENTED_EDGE('',*,*,#7747,.T.);
#7747 = EDGE_CURVE('',#7740,#7748,#7750,.T.);
#7748 = VERTEX_POINT('',#7749);
#7749 = CARTESIAN_POINT('',(-36.935,-2.54,6.1));
#7750 = CIRCLE('',#7751,1.375);
#7751 = AXIS2_PLACEMENT_3D('',#7752,#7753,#7754);
#7752 = CARTESIAN_POINT('',(-35.56,-2.54,6.1));
#7753 = DIRECTION('',(0.,0.,1.));
#7754 = DIRECTION('',(1.,0.,-0.));
#7755 = ORIENTED_EDGE('',*,*,#7756,.T.);
#7756 = EDGE_CURVE('',#7748,#2016,#7757,.T.);
#7757 = LINE('',#7758,#7759);
#7758 = CARTESIAN_POINT('',(-36.935,-2.54,5.1));
#7759 = VECTOR('',#7760,1.);
#7760 = DIRECTION('',(0.,0.,1.));
#7761 = CYLINDRICAL_SURFACE('',#7762,1.375);
#7762 = AXIS2_PLACEMENT_3D('',#7763,#7764,#7765);
#7763 = CARTESIAN_POINT('',(-35.56,-2.54,5.1));
#7764 = DIRECTION('',(0.,0.,1.));
#7765 = DIRECTION('',(1.,0.,-0.));
#7766 = ADVANCED_FACE('',(#7767),#7785,.F.);
#7767 = FACE_BOUND('',#7768,.F.);
#7768 = EDGE_LOOP('',(#7769,#7777,#7783,#7784));
#7769 = ORIENTED_EDGE('',*,*,#7770,.F.);
#7770 = EDGE_CURVE('',#7771,#2025,#7773,.T.);
#7771 = VERTEX_POINT('',#7772);
#7772 = CARTESIAN_POINT('',(-34.185,-7.62,6.1));
#7773 = LINE('',#7774,#7775);
#7774 = CARTESIAN_POINT('',(-34.185,-7.62,5.1));
#7775 = VECTOR('',#7776,1.);
#7776 = DIRECTION('',(0.,0.,1.));
#7777 = ORIENTED_EDGE('',*,*,#7778,.T.);
#7778 = EDGE_CURVE('',#7771,#7740,#7779,.T.);
#7779 = LINE('',#7780,#7781);
#7780 = CARTESIAN_POINT('',(-34.185,-20.55,6.1));
#7781 = VECTOR('',#7782,1.);
#7782 = DIRECTION('',(-0.,1.,0.));
#7783 = ORIENTED_EDGE('',*,*,#7739,.T.);
#7784 = ORIENTED_EDGE('',*,*,#2024,.F.);
#7785 = PLANE('',#7786);
#7786 = AXIS2_PLACEMENT_3D('',#7787,#7788,#7789);
#7787 = CARTESIAN_POINT('',(-34.185,-7.62,5.1));
#7788 = DIRECTION('',(1.,0.,-0.));
#7789 = DIRECTION('',(0.,0.,1.));
#7790 = ADVANCED_FACE('',(#7791),#7809,.T.);
#7791 = FACE_BOUND('',#7792,.T.);
#7792 = EDGE_LOOP('',(#7793,#7801,#7807,#7808));
#7793 = ORIENTED_EDGE('',*,*,#7794,.F.);
#7794 = EDGE_CURVE('',#7795,#2033,#7797,.T.);
#7795 = VERTEX_POINT('',#7796);
#7796 = CARTESIAN_POINT('',(-36.935,-7.62,6.1));
#7797 = LINE('',#7798,#7799);
#7798 = CARTESIAN_POINT('',(-36.935,-7.62,5.1));
#7799 = VECTOR('',#7800,1.);
#7800 = DIRECTION('',(0.,0.,1.));
#7801 = ORIENTED_EDGE('',*,*,#7802,.T.);
#7802 = EDGE_CURVE('',#7795,#7748,#7803,.T.);
#7803 = LINE('',#7804,#7805);
#7804 = CARTESIAN_POINT('',(-36.935,-20.55,6.1));
#7805 = VECTOR('',#7806,1.);
#7806 = DIRECTION('',(-0.,1.,0.));
#7807 = ORIENTED_EDGE('',*,*,#7756,.T.);
#7808 = ORIENTED_EDGE('',*,*,#2041,.F.);
#7809 = PLANE('',#7810);
#7810 = AXIS2_PLACEMENT_3D('',#7811,#7812,#7813);
#7811 = CARTESIAN_POINT('',(-36.935,-7.62,5.1));
#7812 = DIRECTION('',(1.,0.,-0.));
#7813 = DIRECTION('',(0.,0.,1.));
#7814 = ADVANCED_FACE('',(#7815),#7827,.F.);
#7815 = FACE_BOUND('',#7816,.F.);
#7816 = EDGE_LOOP('',(#7817,#7818,#7819,#7820));
#7817 = ORIENTED_EDGE('',*,*,#7770,.T.);
#7818 = ORIENTED_EDGE('',*,*,#2032,.F.);
#7819 = ORIENTED_EDGE('',*,*,#7794,.F.);
#7820 = ORIENTED_EDGE('',*,*,#7821,.T.);
#7821 = EDGE_CURVE('',#7795,#7771,#7822,.T.);
#7822 = CIRCLE('',#7823,1.375);
#7823 = AXIS2_PLACEMENT_3D('',#7824,#7825,#7826);
#7824 = CARTESIAN_POINT('',(-35.56,-7.62,6.1));
#7825 = DIRECTION('',(0.,0.,1.));
#7826 = DIRECTION('',(1.,0.,-0.));
#7827 = CYLINDRICAL_SURFACE('',#7828,1.375);
#7828 = AXIS2_PLACEMENT_3D('',#7829,#7830,#7831);
#7829 = CARTESIAN_POINT('',(-35.56,-7.62,5.1));
#7830 = DIRECTION('',(0.,0.,1.));
#7831 = DIRECTION('',(1.,0.,-0.));
#7832 = ADVANCED_FACE('',(#7833),#7859,.F.);
#7833 = FACE_BOUND('',#7834,.F.);
#7834 = EDGE_LOOP('',(#7835,#7836,#7844,#7853));
#7835 = ORIENTED_EDGE('',*,*,#2049,.F.);
#7836 = ORIENTED_EDGE('',*,*,#7837,.F.);
#7837 = EDGE_CURVE('',#7838,#2050,#7840,.T.);
#7838 = VERTEX_POINT('',#7839);
#7839 = CARTESIAN_POINT('',(-30.48,-1.165,6.1));
#7840 = LINE('',#7841,#7842);
#7841 = CARTESIAN_POINT('',(-30.48,-1.165,5.1));
#7842 = VECTOR('',#7843,1.);
#7843 = DIRECTION('',(0.,0.,1.));
#7844 = ORIENTED_EDGE('',*,*,#7845,.T.);
#7845 = EDGE_CURVE('',#7838,#7846,#7848,.T.);
#7846 = VERTEX_POINT('',#7847);
#7847 = CARTESIAN_POINT('',(-30.48,-3.915,6.1));
#7848 = CIRCLE('',#7849,1.375);
#7849 = AXIS2_PLACEMENT_3D('',#7850,#7851,#7852);
#7850 = CARTESIAN_POINT('',(-30.48,-2.54,6.1));
#7851 = DIRECTION('',(0.,0.,1.));
#7852 = DIRECTION('',(1.,0.,-0.));
#7853 = ORIENTED_EDGE('',*,*,#7854,.T.);
#7854 = EDGE_CURVE('',#7846,#2052,#7855,.T.);
#7855 = LINE('',#7856,#7857);
#7856 = CARTESIAN_POINT('',(-30.48,-3.915,5.1));
#7857 = VECTOR('',#7858,1.);
#7858 = DIRECTION('',(0.,0.,1.));
#7859 = CYLINDRICAL_SURFACE('',#7860,1.375);
#7860 = AXIS2_PLACEMENT_3D('',#7861,#7862,#7863);
#7861 = CARTESIAN_POINT('',(-30.48,-2.54,5.1));
#7862 = DIRECTION('',(0.,0.,1.));
#7863 = DIRECTION('',(1.,0.,-0.));
#7864 = ADVANCED_FACE('',(#7865),#7883,.F.);
#7865 = FACE_BOUND('',#7866,.F.);
#7866 = EDGE_LOOP('',(#7867,#7875,#7876,#7877));
#7867 = ORIENTED_EDGE('',*,*,#7868,.T.);
#7868 = EDGE_CURVE('',#7869,#7838,#7871,.T.);
#7869 = VERTEX_POINT('',#7870);
#7870 = CARTESIAN_POINT('',(-25.4,-1.165,6.1));
#7871 = LINE('',#7872,#7873);
#7872 = CARTESIAN_POINT('',(-35.79,-1.165,6.1));
#7873 = VECTOR('',#7874,1.);
#7874 = DIRECTION('',(-1.,-0.,0.));
#7875 = ORIENTED_EDGE('',*,*,#7837,.T.);
#7876 = ORIENTED_EDGE('',*,*,#2060,.F.);
#7877 = ORIENTED_EDGE('',*,*,#7878,.F.);
#7878 = EDGE_CURVE('',#7869,#2061,#7879,.T.);
#7879 = LINE('',#7880,#7881);
#7880 = CARTESIAN_POINT('',(-25.4,-1.165,5.1));
#7881 = VECTOR('',#7882,1.);
#7882 = DIRECTION('',(0.,0.,1.));
#7883 = PLANE('',#7884);
#7884 = AXIS2_PLACEMENT_3D('',#7885,#7886,#7887);
#7885 = CARTESIAN_POINT('',(-30.48,-1.165,5.1));
#7886 = DIRECTION('',(-0.,1.,0.));
#7887 = DIRECTION('',(0.,0.,1.));
#7888 = ADVANCED_FACE('',(#7889),#7907,.T.);
#7889 = FACE_BOUND('',#7890,.T.);
#7890 = EDGE_LOOP('',(#7891,#7899,#7900,#7901));
#7891 = ORIENTED_EDGE('',*,*,#7892,.T.);
#7892 = EDGE_CURVE('',#7893,#7846,#7895,.T.);
#7893 = VERTEX_POINT('',#7894);
#7894 = CARTESIAN_POINT('',(-25.4,-3.915,6.1));
#7895 = LINE('',#7896,#7897);
#7896 = CARTESIAN_POINT('',(-35.79,-3.915,6.1));
#7897 = VECTOR('',#7898,1.);
#7898 = DIRECTION('',(-1.,-0.,0.));
#7899 = ORIENTED_EDGE('',*,*,#7854,.T.);
#7900 = ORIENTED_EDGE('',*,*,#2086,.F.);
#7901 = ORIENTED_EDGE('',*,*,#7902,.F.);
#7902 = EDGE_CURVE('',#7893,#2078,#7903,.T.);
#7903 = LINE('',#7904,#7905);
#7904 = CARTESIAN_POINT('',(-25.4,-3.915,5.1));
#7905 = VECTOR('',#7906,1.);
#7906 = DIRECTION('',(0.,0.,1.));
#7907 = PLANE('',#7908);
#7908 = AXIS2_PLACEMENT_3D('',#7909,#7910,#7911);
#7909 = CARTESIAN_POINT('',(-30.48,-3.915,5.1));
#7910 = DIRECTION('',(-0.,1.,0.));
#7911 = DIRECTION('',(0.,0.,1.));
#7912 = ADVANCED_FACE('',(#7913),#7939,.F.);
#7913 = FACE_BOUND('',#7914,.F.);
#7914 = EDGE_LOOP('',(#7915,#7916,#7924,#7933));
#7915 = ORIENTED_EDGE('',*,*,#2094,.F.);
#7916 = ORIENTED_EDGE('',*,*,#7917,.F.);
#7917 = EDGE_CURVE('',#7918,#2095,#7920,.T.);
#7918 = VERTEX_POINT('',#7919);
#7919 = CARTESIAN_POINT('',(11.535,12.7,6.1));
#7920 = LINE('',#7921,#7922);
#7921 = CARTESIAN_POINT('',(11.535,12.7,5.1));
#7922 = VECTOR('',#7923,1.);
#7923 = DIRECTION('',(0.,0.,1.));
#7924 = ORIENTED_EDGE('',*,*,#7925,.T.);
#7925 = EDGE_CURVE('',#7918,#7926,#7928,.T.);
#7926 = VERTEX_POINT('',#7927);
#7927 = CARTESIAN_POINT('',(8.785,12.7,6.1));
#7928 = CIRCLE('',#7929,1.375);
#7929 = AXIS2_PLACEMENT_3D('',#7930,#7931,#7932);
#7930 = CARTESIAN_POINT('',(10.16,12.7,6.1));
#7931 = DIRECTION('',(0.,0.,1.));
#7932 = DIRECTION('',(1.,0.,-0.));
#7933 = ORIENTED_EDGE('',*,*,#7934,.T.);
#7934 = EDGE_CURVE('',#7926,#2097,#7935,.T.);
#7935 = LINE('',#7936,#7937);
#7936 = CARTESIAN_POINT('',(8.785,12.7,5.1));
#7937 = VECTOR('',#7938,1.);
#7938 = DIRECTION('',(0.,0.,1.));
#7939 = CYLINDRICAL_SURFACE('',#7940,1.375);
#7940 = AXIS2_PLACEMENT_3D('',#7941,#7942,#7943);
#7941 = CARTESIAN_POINT('',(10.16,12.7,5.1));
#7942 = DIRECTION('',(0.,0.,1.));
#7943 = DIRECTION('',(1.,0.,-0.));
#7944 = ADVANCED_FACE('',(#7945),#7963,.F.);
#7945 = FACE_BOUND('',#7946,.F.);
#7946 = EDGE_LOOP('',(#7947,#7955,#7961,#7962));
#7947 = ORIENTED_EDGE('',*,*,#7948,.F.);
#7948 = EDGE_CURVE('',#7949,#2106,#7951,.T.);
#7949 = VERTEX_POINT('',#7950);
#7950 = CARTESIAN_POINT('',(11.535,7.62,6.1));
#7951 = LINE('',#7952,#7953);
#7952 = CARTESIAN_POINT('',(11.535,7.62,5.1));
#7953 = VECTOR('',#7954,1.);
#7954 = DIRECTION('',(0.,0.,1.));
#7955 = ORIENTED_EDGE('',*,*,#7956,.T.);
#7956 = EDGE_CURVE('',#7949,#7918,#7957,.T.);
#7957 = LINE('',#7958,#7959);
#7958 = CARTESIAN_POINT('',(11.535,-12.93,6.1));
#7959 = VECTOR('',#7960,1.);
#7960 = DIRECTION('',(-0.,1.,0.));
#7961 = ORIENTED_EDGE('',*,*,#7917,.T.);
#7962 = ORIENTED_EDGE('',*,*,#2105,.F.);
#7963 = PLANE('',#7964);
#7964 = AXIS2_PLACEMENT_3D('',#7965,#7966,#7967);
#7965 = CARTESIAN_POINT('',(11.535,7.62,5.1));
#7966 = DIRECTION('',(1.,0.,-0.));
#7967 = DIRECTION('',(0.,0.,1.));
#7968 = ADVANCED_FACE('',(#7969),#7987,.T.);
#7969 = FACE_BOUND('',#7970,.T.);
#7970 = EDGE_LOOP('',(#7971,#7979,#7985,#7986));
#7971 = ORIENTED_EDGE('',*,*,#7972,.F.);
#7972 = EDGE_CURVE('',#7973,#2114,#7975,.T.);
#7973 = VERTEX_POINT('',#7974);
#7974 = CARTESIAN_POINT('',(8.785,7.62,6.1));
#7975 = LINE('',#7976,#7977);
#7976 = CARTESIAN_POINT('',(8.785,7.62,5.1));
#7977 = VECTOR('',#7978,1.);
#7978 = DIRECTION('',(0.,0.,1.));
#7979 = ORIENTED_EDGE('',*,*,#7980,.T.);
#7980 = EDGE_CURVE('',#7973,#7926,#7981,.T.);
#7981 = LINE('',#7982,#7983);
#7982 = CARTESIAN_POINT('',(8.785,-12.93,6.1));
#7983 = VECTOR('',#7984,1.);
#7984 = DIRECTION('',(-0.,1.,0.));
#7985 = ORIENTED_EDGE('',*,*,#7934,.T.);
#7986 = ORIENTED_EDGE('',*,*,#2122,.F.);
#7987 = PLANE('',#7988);
#7988 = AXIS2_PLACEMENT_3D('',#7989,#7990,#7991);
#7989 = CARTESIAN_POINT('',(8.785,7.62,5.1));
#7990 = DIRECTION('',(1.,0.,-0.));
#7991 = DIRECTION('',(0.,0.,1.));
#7992 = ADVANCED_FACE('',(#7993),#8005,.F.);
#7993 = FACE_BOUND('',#7994,.F.);
#7994 = EDGE_LOOP('',(#7995,#7996,#7997,#7998));
#7995 = ORIENTED_EDGE('',*,*,#7948,.T.);
#7996 = ORIENTED_EDGE('',*,*,#2113,.F.);
#7997 = ORIENTED_EDGE('',*,*,#7972,.F.);
#7998 = ORIENTED_EDGE('',*,*,#7999,.T.);
#7999 = EDGE_CURVE('',#7973,#7949,#8000,.T.);
#8000 = CIRCLE('',#8001,1.375);
#8001 = AXIS2_PLACEMENT_3D('',#8002,#8003,#8004);
#8002 = CARTESIAN_POINT('',(10.16,7.62,6.1));
#8003 = DIRECTION('',(0.,0.,1.));
#8004 = DIRECTION('',(1.,0.,-0.));
#8005 = CYLINDRICAL_SURFACE('',#8006,1.375);
#8006 = AXIS2_PLACEMENT_3D('',#8007,#8008,#8009);
#8007 = CARTESIAN_POINT('',(10.16,7.62,5.1));
#8008 = DIRECTION('',(0.,0.,1.));
#8009 = DIRECTION('',(1.,0.,-0.));
#8010 = ADVANCED_FACE('',(#8011),#8037,.F.);
#8011 = FACE_BOUND('',#8012,.F.);
#8012 = EDGE_LOOP('',(#8013,#8014,#8022,#8031));
#8013 = ORIENTED_EDGE('',*,*,#2130,.F.);
#8014 = ORIENTED_EDGE('',*,*,#8015,.F.);
#8015 = EDGE_CURVE('',#8016,#2131,#8018,.T.);
#8016 = VERTEX_POINT('',#8017);
#8017 = CARTESIAN_POINT('',(10.16,19.155,6.1));
#8018 = LINE('',#8019,#8020);
#8019 = CARTESIAN_POINT('',(10.16,19.155,5.1));
#8020 = VECTOR('',#8021,1.);
#8021 = DIRECTION('',(0.,0.,1.));
#8022 = ORIENTED_EDGE('',*,*,#8023,.T.);
#8023 = EDGE_CURVE('',#8016,#8024,#8026,.T.);
#8024 = VERTEX_POINT('',#8025);
#8025 = CARTESIAN_POINT('',(10.16,16.405,6.1));
#8026 = CIRCLE('',#8027,1.375);
#8027 = AXIS2_PLACEMENT_3D('',#8028,#8029,#8030);
#8028 = CARTESIAN_POINT('',(10.16,17.78,6.1));
#8029 = DIRECTION('',(0.,0.,1.));
#8030 = DIRECTION('',(1.,0.,-0.));
#8031 = ORIENTED_EDGE('',*,*,#8032,.T.);
#8032 = EDGE_CURVE('',#8024,#2133,#8033,.T.);
#8033 = LINE('',#8034,#8035);
#8034 = CARTESIAN_POINT('',(10.16,16.405,5.1));
#8035 = VECTOR('',#8036,1.);
#8036 = DIRECTION('',(0.,0.,1.));
#8037 = CYLINDRICAL_SURFACE('',#8038,1.375);
#8038 = AXIS2_PLACEMENT_3D('',#8039,#8040,#8041);
#8039 = CARTESIAN_POINT('',(10.16,17.78,5.1));
#8040 = DIRECTION('',(0.,0.,1.));
#8041 = DIRECTION('',(1.,0.,-0.));
#8042 = ADVANCED_FACE('',(#8043),#8061,.F.);
#8043 = FACE_BOUND('',#8044,.F.);
#8044 = EDGE_LOOP('',(#8045,#8053,#8054,#8055));
#8045 = ORIENTED_EDGE('',*,*,#8046,.T.);
#8046 = EDGE_CURVE('',#8047,#8016,#8049,.T.);
#8047 = VERTEX_POINT('',#8048);
#8048 = CARTESIAN_POINT('',(15.24,19.155,6.1));
#8049 = LINE('',#8050,#8051);
#8050 = CARTESIAN_POINT('',(-15.47,19.155,6.1));
#8051 = VECTOR('',#8052,1.);
#8052 = DIRECTION('',(-1.,-0.,0.));
#8053 = ORIENTED_EDGE('',*,*,#8015,.T.);
#8054 = ORIENTED_EDGE('',*,*,#2141,.F.);
#8055 = ORIENTED_EDGE('',*,*,#8056,.F.);
#8056 = EDGE_CURVE('',#8047,#2142,#8057,.T.);
#8057 = LINE('',#8058,#8059);
#8058 = CARTESIAN_POINT('',(15.24,19.155,5.1));
#8059 = VECTOR('',#8060,1.);
#8060 = DIRECTION('',(0.,0.,1.));
#8061 = PLANE('',#8062);
#8062 = AXIS2_PLACEMENT_3D('',#8063,#8064,#8065);
#8063 = CARTESIAN_POINT('',(10.16,19.155,5.1));
#8064 = DIRECTION('',(-0.,1.,0.));
#8065 = DIRECTION('',(0.,0.,1.));
#8066 = ADVANCED_FACE('',(#8067),#8085,.T.);
#8067 = FACE_BOUND('',#8068,.T.);
#8068 = EDGE_LOOP('',(#8069,#8077,#8078,#8079));
#8069 = ORIENTED_EDGE('',*,*,#8070,.T.);
#8070 = EDGE_CURVE('',#8071,#8024,#8073,.T.);
#8071 = VERTEX_POINT('',#8072);
#8072 = CARTESIAN_POINT('',(15.24,16.405,6.1));
#8073 = LINE('',#8074,#8075);
#8074 = CARTESIAN_POINT('',(-15.47,16.405,6.1));
#8075 = VECTOR('',#8076,1.);
#8076 = DIRECTION('',(-1.,-0.,0.));
#8077 = ORIENTED_EDGE('',*,*,#8032,.T.);
#8078 = ORIENTED_EDGE('',*,*,#2167,.F.);
#8079 = ORIENTED_EDGE('',*,*,#8080,.F.);
#8080 = EDGE_CURVE('',#8071,#2159,#8081,.T.);
#8081 = LINE('',#8082,#8083);
#8082 = CARTESIAN_POINT('',(15.24,16.405,5.1));
#8083 = VECTOR('',#8084,1.);
#8084 = DIRECTION('',(0.,0.,1.));
#8085 = PLANE('',#8086);
#8086 = AXIS2_PLACEMENT_3D('',#8087,#8088,#8089);
#8087 = CARTESIAN_POINT('',(10.16,16.405,5.1));
#8088 = DIRECTION('',(-0.,1.,0.));
#8089 = DIRECTION('',(0.,0.,1.));
#8090 = ADVANCED_FACE('',(#8091),#8117,.F.);
#8091 = FACE_BOUND('',#8092,.F.);
#8092 = EDGE_LOOP('',(#8093,#8094,#8102,#8111));
#8093 = ORIENTED_EDGE('',*,*,#2175,.F.);
#8094 = ORIENTED_EDGE('',*,*,#8095,.F.);
#8095 = EDGE_CURVE('',#8096,#2176,#8098,.T.);
#8096 = VERTEX_POINT('',#8097);
#8097 = CARTESIAN_POINT('',(-5.08,-11.325,6.1));
#8098 = LINE('',#8099,#8100);
#8099 = CARTESIAN_POINT('',(-5.08,-11.325,5.1));
#8100 = VECTOR('',#8101,1.);
#8101 = DIRECTION('',(0.,0.,1.));
#8102 = ORIENTED_EDGE('',*,*,#8103,.T.);
#8103 = EDGE_CURVE('',#8096,#8104,#8106,.T.);
#8104 = VERTEX_POINT('',#8105);
#8105 = CARTESIAN_POINT('',(-5.08,-14.075,6.1));
#8106 = CIRCLE('',#8107,1.375);
#8107 = AXIS2_PLACEMENT_3D('',#8108,#8109,#8110);
#8108 = CARTESIAN_POINT('',(-5.08,-12.7,6.1));
#8109 = DIRECTION('',(0.,0.,1.));
#8110 = DIRECTION('',(1.,0.,-0.));
#8111 = ORIENTED_EDGE('',*,*,#8112,.T.);
#8112 = EDGE_CURVE('',#8104,#2178,#8113,.T.);
#8113 = LINE('',#8114,#8115);
#8114 = CARTESIAN_POINT('',(-5.08,-14.075,5.1));
#8115 = VECTOR('',#8116,1.);
#8116 = DIRECTION('',(0.,0.,1.));
#8117 = CYLINDRICAL_SURFACE('',#8118,1.375);
#8118 = AXIS2_PLACEMENT_3D('',#8119,#8120,#8121);
#8119 = CARTESIAN_POINT('',(-5.08,-12.7,5.1));
#8120 = DIRECTION('',(0.,0.,1.));
#8121 = DIRECTION('',(1.,0.,-0.));
#8122 = ADVANCED_FACE('',(#8123),#8141,.F.);
#8123 = FACE_BOUND('',#8124,.F.);
#8124 = EDGE_LOOP('',(#8125,#8133,#8134,#8135));
#8125 = ORIENTED_EDGE('',*,*,#8126,.T.);
#8126 = EDGE_CURVE('',#8127,#8096,#8129,.T.);
#8127 = VERTEX_POINT('',#8128);
#8128 = CARTESIAN_POINT('',(7.105427357601E-15,-11.325,6.1));
#8129 = LINE('',#8130,#8131);
#8130 = CARTESIAN_POINT('',(-23.09,-11.325,6.1));
#8131 = VECTOR('',#8132,1.);
#8132 = DIRECTION('',(-1.,-0.,0.));
#8133 = ORIENTED_EDGE('',*,*,#8095,.T.);
#8134 = ORIENTED_EDGE('',*,*,#2186,.F.);
#8135 = ORIENTED_EDGE('',*,*,#8136,.F.);
#8136 = EDGE_CURVE('',#8127,#2187,#8137,.T.);
#8137 = LINE('',#8138,#8139);
#8138 = CARTESIAN_POINT('',(7.105427357601E-15,-11.325,5.1));
#8139 = VECTOR('',#8140,1.);
#8140 = DIRECTION('',(0.,0.,1.));
#8141 = PLANE('',#8142);
#8142 = AXIS2_PLACEMENT_3D('',#8143,#8144,#8145);
#8143 = CARTESIAN_POINT('',(-5.08,-11.325,5.1));
#8144 = DIRECTION('',(-0.,1.,0.));
#8145 = DIRECTION('',(0.,0.,1.));
#8146 = ADVANCED_FACE('',(#8147),#8165,.T.);
#8147 = FACE_BOUND('',#8148,.T.);
#8148 = EDGE_LOOP('',(#8149,#8157,#8158,#8159));
#8149 = ORIENTED_EDGE('',*,*,#8150,.T.);
#8150 = EDGE_CURVE('',#8151,#8104,#8153,.T.);
#8151 = VERTEX_POINT('',#8152);
#8152 = CARTESIAN_POINT('',(7.105427357601E-15,-14.075,6.1));
#8153 = LINE('',#8154,#8155);
#8154 = CARTESIAN_POINT('',(-23.09,-14.075,6.1));
#8155 = VECTOR('',#8156,1.);
#8156 = DIRECTION('',(-1.,-0.,0.));
#8157 = ORIENTED_EDGE('',*,*,#8112,.T.);
#8158 = ORIENTED_EDGE('',*,*,#2212,.F.);
#8159 = ORIENTED_EDGE('',*,*,#8160,.F.);
#8160 = EDGE_CURVE('',#8151,#2204,#8161,.T.);
#8161 = LINE('',#8162,#8163);
#8162 = CARTESIAN_POINT('',(7.105427357601E-15,-14.075,5.1));
#8163 = VECTOR('',#8164,1.);
#8164 = DIRECTION('',(0.,0.,1.));
#8165 = PLANE('',#8166);
#8166 = AXIS2_PLACEMENT_3D('',#8167,#8168,#8169);
#8167 = CARTESIAN_POINT('',(-5.08,-14.075,5.1));
#8168 = DIRECTION('',(-0.,1.,0.));
#8169 = DIRECTION('',(0.,0.,1.));
#8170 = ADVANCED_FACE('',(#8171),#8197,.F.);
#8171 = FACE_BOUND('',#8172,.F.);
#8172 = EDGE_LOOP('',(#8173,#8174,#8182,#8191));
#8173 = ORIENTED_EDGE('',*,*,#2220,.F.);
#8174 = ORIENTED_EDGE('',*,*,#8175,.F.);
#8175 = EDGE_CURVE('',#8176,#2221,#8178,.T.);
#8176 = VERTEX_POINT('',#8177);
#8177 = CARTESIAN_POINT('',(-30.48,29.315,6.1));
#8178 = LINE('',#8179,#8180);
#8179 = CARTESIAN_POINT('',(-30.48,29.315,5.1));
#8180 = VECTOR('',#8181,1.);
#8181 = DIRECTION('',(0.,0.,1.));
#8182 = ORIENTED_EDGE('',*,*,#8183,.T.);
#8183 = EDGE_CURVE('',#8176,#8184,#8186,.T.);
#8184 = VERTEX_POINT('',#8185);
#8185 = CARTESIAN_POINT('',(-30.48,26.565,6.1));
#8186 = CIRCLE('',#8187,1.375);
#8187 = AXIS2_PLACEMENT_3D('',#8188,#8189,#8190);
#8188 = CARTESIAN_POINT('',(-30.48,27.94,6.1));
#8189 = DIRECTION('',(0.,0.,1.));
#8190 = DIRECTION('',(1.,0.,-0.));
#8191 = ORIENTED_EDGE('',*,*,#8192,.T.);
#8192 = EDGE_CURVE('',#8184,#2223,#8193,.T.);
#8193 = LINE('',#8194,#8195);
#8194 = CARTESIAN_POINT('',(-30.48,26.565,5.1));
#8195 = VECTOR('',#8196,1.);
#8196 = DIRECTION('',(0.,0.,1.));
#8197 = CYLINDRICAL_SURFACE('',#8198,1.375);
#8198 = AXIS2_PLACEMENT_3D('',#8199,#8200,#8201);
#8199 = CARTESIAN_POINT('',(-30.48,27.94,5.1));
#8200 = DIRECTION('',(0.,0.,1.));
#8201 = DIRECTION('',(1.,0.,-0.));
#8202 = ADVANCED_FACE('',(#8203),#8221,.F.);
#8203 = FACE_BOUND('',#8204,.F.);
#8204 = EDGE_LOOP('',(#8205,#8213,#8214,#8215));
#8205 = ORIENTED_EDGE('',*,*,#8206,.T.);
#8206 = EDGE_CURVE('',#8207,#8176,#8209,.T.);
#8207 = VERTEX_POINT('',#8208);
#8208 = CARTESIAN_POINT('',(-25.4,29.315,6.1));
#8209 = LINE('',#8210,#8211);
#8210 = CARTESIAN_POINT('',(-35.79,29.315,6.1));
#8211 = VECTOR('',#8212,1.);
#8212 = DIRECTION('',(-1.,-0.,0.));
#8213 = ORIENTED_EDGE('',*,*,#8175,.T.);
#8214 = ORIENTED_EDGE('',*,*,#2231,.F.);
#8215 = ORIENTED_EDGE('',*,*,#8216,.F.);
#8216 = EDGE_CURVE('',#8207,#2232,#8217,.T.);
#8217 = LINE('',#8218,#8219);
#8218 = CARTESIAN_POINT('',(-25.4,29.315,5.1));
#8219 = VECTOR('',#8220,1.);
#8220 = DIRECTION('',(0.,0.,1.));
#8221 = PLANE('',#8222);
#8222 = AXIS2_PLACEMENT_3D('',#8223,#8224,#8225);
#8223 = CARTESIAN_POINT('',(-30.48,29.315,5.1));
#8224 = DIRECTION('',(-0.,1.,0.));
#8225 = DIRECTION('',(0.,0.,1.));
#8226 = ADVANCED_FACE('',(#8227),#8245,.T.);
#8227 = FACE_BOUND('',#8228,.T.);
#8228 = EDGE_LOOP('',(#8229,#8237,#8238,#8239));
#8229 = ORIENTED_EDGE('',*,*,#8230,.T.);
#8230 = EDGE_CURVE('',#8231,#8184,#8233,.T.);
#8231 = VERTEX_POINT('',#8232);
#8232 = CARTESIAN_POINT('',(-25.4,26.565,6.1));
#8233 = LINE('',#8234,#8235);
#8234 = CARTESIAN_POINT('',(-35.79,26.565,6.1));
#8235 = VECTOR('',#8236,1.);
#8236 = DIRECTION('',(-1.,-0.,0.));
#8237 = ORIENTED_EDGE('',*,*,#8192,.T.);
#8238 = ORIENTED_EDGE('',*,*,#2257,.F.);
#8239 = ORIENTED_EDGE('',*,*,#8240,.F.);
#8240 = EDGE_CURVE('',#8231,#2249,#8241,.T.);
#8241 = LINE('',#8242,#8243);
#8242 = CARTESIAN_POINT('',(-25.4,26.565,5.1));
#8243 = VECTOR('',#8244,1.);
#8244 = DIRECTION('',(0.,0.,1.));
#8245 = PLANE('',#8246);
#8246 = AXIS2_PLACEMENT_3D('',#8247,#8248,#8249);
#8247 = CARTESIAN_POINT('',(-30.48,26.565,5.1));
#8248 = DIRECTION('',(-0.,1.,0.));
#8249 = DIRECTION('',(0.,0.,1.));
#8250 = ADVANCED_FACE('',(#8251),#8277,.F.);
#8251 = FACE_BOUND('',#8252,.F.);
#8252 = EDGE_LOOP('',(#8253,#8254,#8262,#8271));
#8253 = ORIENTED_EDGE('',*,*,#2265,.F.);
#8254 = ORIENTED_EDGE('',*,*,#8255,.F.);
#8255 = EDGE_CURVE('',#8256,#2266,#8258,.T.);
#8256 = VERTEX_POINT('',#8257);
#8257 = CARTESIAN_POINT('',(10.16,-26.565,6.1));
#8258 = LINE('',#8259,#8260);
#8259 = CARTESIAN_POINT('',(10.16,-26.565,5.1));
#8260 = VECTOR('',#8261,1.);
#8261 = DIRECTION('',(0.,0.,1.));
#8262 = ORIENTED_EDGE('',*,*,#8263,.T.);
#8263 = EDGE_CURVE('',#8256,#8264,#8266,.T.);
#8264 = VERTEX_POINT('',#8265);
#8265 = CARTESIAN_POINT('',(10.16,-29.315,6.1));
#8266 = CIRCLE('',#8267,1.375);
#8267 = AXIS2_PLACEMENT_3D('',#8268,#8269,#8270);
#8268 = CARTESIAN_POINT('',(10.16,-27.94,6.1));
#8269 = DIRECTION('',(0.,0.,1.));
#8270 = DIRECTION('',(1.,0.,-0.));
#8271 = ORIENTED_EDGE('',*,*,#8272,.T.);
#8272 = EDGE_CURVE('',#8264,#2268,#8273,.T.);
#8273 = LINE('',#8274,#8275);
#8274 = CARTESIAN_POINT('',(10.16,-29.315,5.1));
#8275 = VECTOR('',#8276,1.);
#8276 = DIRECTION('',(0.,0.,1.));
#8277 = CYLINDRICAL_SURFACE('',#8278,1.375);
#8278 = AXIS2_PLACEMENT_3D('',#8279,#8280,#8281);
#8279 = CARTESIAN_POINT('',(10.16,-27.94,5.1));
#8280 = DIRECTION('',(0.,0.,1.));
#8281 = DIRECTION('',(1.,0.,-0.));
#8282 = ADVANCED_FACE('',(#8283),#8301,.F.);
#8283 = FACE_BOUND('',#8284,.F.);
#8284 = EDGE_LOOP('',(#8285,#8293,#8294,#8295));
#8285 = ORIENTED_EDGE('',*,*,#8286,.T.);
#8286 = EDGE_CURVE('',#8287,#8256,#8289,.T.);
#8287 = VERTEX_POINT('',#8288);
#8288 = CARTESIAN_POINT('',(15.24,-26.565,6.1));
#8289 = LINE('',#8290,#8291);
#8290 = CARTESIAN_POINT('',(-15.47,-26.565,6.1));
#8291 = VECTOR('',#8292,1.);
#8292 = DIRECTION('',(-1.,-0.,0.));
#8293 = ORIENTED_EDGE('',*,*,#8255,.T.);
#8294 = ORIENTED_EDGE('',*,*,#2276,.F.);
#8295 = ORIENTED_EDGE('',*,*,#8296,.F.);
#8296 = EDGE_CURVE('',#8287,#2277,#8297,.T.);
#8297 = LINE('',#8298,#8299);
#8298 = CARTESIAN_POINT('',(15.24,-26.565,5.1));
#8299 = VECTOR('',#8300,1.);
#8300 = DIRECTION('',(0.,0.,1.));
#8301 = PLANE('',#8302);
#8302 = AXIS2_PLACEMENT_3D('',#8303,#8304,#8305);
#8303 = CARTESIAN_POINT('',(10.16,-26.565,5.1));
#8304 = DIRECTION('',(-0.,1.,0.));
#8305 = DIRECTION('',(0.,0.,1.));
#8306 = ADVANCED_FACE('',(#8307),#8325,.T.);
#8307 = FACE_BOUND('',#8308,.T.);
#8308 = EDGE_LOOP('',(#8309,#8317,#8318,#8319));
#8309 = ORIENTED_EDGE('',*,*,#8310,.T.);
#8310 = EDGE_CURVE('',#8311,#8264,#8313,.T.);
#8311 = VERTEX_POINT('',#8312);
#8312 = CARTESIAN_POINT('',(15.24,-29.315,6.1));
#8313 = LINE('',#8314,#8315);
#8314 = CARTESIAN_POINT('',(-15.47,-29.315,6.1));
#8315 = VECTOR('',#8316,1.);
#8316 = DIRECTION('',(-1.,-0.,0.));
#8317 = ORIENTED_EDGE('',*,*,#8272,.T.);
#8318 = ORIENTED_EDGE('',*,*,#2302,.F.);
#8319 = ORIENTED_EDGE('',*,*,#8320,.F.);
#8320 = EDGE_CURVE('',#8311,#2294,#8321,.T.);
#8321 = LINE('',#8322,#8323);
#8322 = CARTESIAN_POINT('',(15.24,-29.315,5.1));
#8323 = VECTOR('',#8324,1.);
#8324 = DIRECTION('',(0.,0.,1.));
#8325 = PLANE('',#8326);
#8326 = AXIS2_PLACEMENT_3D('',#8327,#8328,#8329);
#8327 = CARTESIAN_POINT('',(10.16,-29.315,5.1));
#8328 = DIRECTION('',(-0.,1.,0.));
#8329 = DIRECTION('',(0.,0.,1.));
#8330 = ADVANCED_FACE('',(#8331),#8357,.F.);
#8331 = FACE_BOUND('',#8332,.F.);
#8332 = EDGE_LOOP('',(#8333,#8334,#8342,#8351));
#8333 = ORIENTED_EDGE('',*,*,#2310,.F.);
#8334 = ORIENTED_EDGE('',*,*,#8335,.F.);
#8335 = EDGE_CURVE('',#8336,#2311,#8338,.T.);
#8336 = VERTEX_POINT('',#8337);
#8337 = CARTESIAN_POINT('',(10.16,-11.325,6.1));
#8338 = LINE('',#8339,#8340);
#8339 = CARTESIAN_POINT('',(10.16,-11.325,5.1));
#8340 = VECTOR('',#8341,1.);
#8341 = DIRECTION('',(0.,0.,1.));
#8342 = ORIENTED_EDGE('',*,*,#8343,.T.);
#8343 = EDGE_CURVE('',#8336,#8344,#8346,.T.);
#8344 = VERTEX_POINT('',#8345);
#8345 = CARTESIAN_POINT('',(10.16,-14.075,6.1));
#8346 = CIRCLE('',#8347,1.375);
#8347 = AXIS2_PLACEMENT_3D('',#8348,#8349,#8350);
#8348 = CARTESIAN_POINT('',(10.16,-12.7,6.1));
#8349 = DIRECTION('',(0.,0.,1.));
#8350 = DIRECTION('',(1.,0.,-0.));
#8351 = ORIENTED_EDGE('',*,*,#8352,.T.);
#8352 = EDGE_CURVE('',#8344,#2313,#8353,.T.);
#8353 = LINE('',#8354,#8355);
#8354 = CARTESIAN_POINT('',(10.16,-14.075,5.1));
#8355 = VECTOR('',#8356,1.);
#8356 = DIRECTION('',(0.,0.,1.));
#8357 = CYLINDRICAL_SURFACE('',#8358,1.375);
#8358 = AXIS2_PLACEMENT_3D('',#8359,#8360,#8361);
#8359 = CARTESIAN_POINT('',(10.16,-12.7,5.1));
#8360 = DIRECTION('',(0.,0.,1.));
#8361 = DIRECTION('',(1.,0.,-0.));
#8362 = ADVANCED_FACE('',(#8363),#8381,.F.);
#8363 = FACE_BOUND('',#8364,.F.);
#8364 = EDGE_LOOP('',(#8365,#8373,#8374,#8375));
#8365 = ORIENTED_EDGE('',*,*,#8366,.T.);
#8366 = EDGE_CURVE('',#8367,#8336,#8369,.T.);
#8367 = VERTEX_POINT('',#8368);
#8368 = CARTESIAN_POINT('',(15.24,-11.325,6.1));
#8369 = LINE('',#8370,#8371);
#8370 = CARTESIAN_POINT('',(-15.47,-11.325,6.1));
#8371 = VECTOR('',#8372,1.);
#8372 = DIRECTION('',(-1.,-0.,0.));
#8373 = ORIENTED_EDGE('',*,*,#8335,.T.);
#8374 = ORIENTED_EDGE('',*,*,#2321,.F.);
#8375 = ORIENTED_EDGE('',*,*,#8376,.F.);
#8376 = EDGE_CURVE('',#8367,#2322,#8377,.T.);
#8377 = LINE('',#8378,#8379);
#8378 = CARTESIAN_POINT('',(15.24,-11.325,5.1));
#8379 = VECTOR('',#8380,1.);
#8380 = DIRECTION('',(0.,0.,1.));
#8381 = PLANE('',#8382);
#8382 = AXIS2_PLACEMENT_3D('',#8383,#8384,#8385);
#8383 = CARTESIAN_POINT('',(10.16,-11.325,5.1));
#8384 = DIRECTION('',(-0.,1.,0.));
#8385 = DIRECTION('',(0.,0.,1.));
#8386 = ADVANCED_FACE('',(#8387),#8405,.T.);
#8387 = FACE_BOUND('',#8388,.T.);
#8388 = EDGE_LOOP('',(#8389,#8397,#8398,#8399));
#8389 = ORIENTED_EDGE('',*,*,#8390,.T.);
#8390 = EDGE_CURVE('',#8391,#8344,#8393,.T.);
#8391 = VERTEX_POINT('',#8392);
#8392 = CARTESIAN_POINT('',(15.24,-14.075,6.1));
#8393 = LINE('',#8394,#8395);
#8394 = CARTESIAN_POINT('',(-15.47,-14.075,6.1));
#8395 = VECTOR('',#8396,1.);
#8396 = DIRECTION('',(-1.,-0.,0.));
#8397 = ORIENTED_EDGE('',*,*,#8352,.T.);
#8398 = ORIENTED_EDGE('',*,*,#2347,.F.);
#8399 = ORIENTED_EDGE('',*,*,#8400,.F.);
#8400 = EDGE_CURVE('',#8391,#2339,#8401,.T.);
#8401 = LINE('',#8402,#8403);
#8402 = CARTESIAN_POINT('',(15.24,-14.075,5.1));
#8403 = VECTOR('',#8404,1.);
#8404 = DIRECTION('',(0.,0.,1.));
#8405 = PLANE('',#8406);
#8406 = AXIS2_PLACEMENT_3D('',#8407,#8408,#8409);
#8407 = CARTESIAN_POINT('',(10.16,-14.075,5.1));
#8408 = DIRECTION('',(-0.,1.,0.));
#8409 = DIRECTION('',(0.,0.,1.));
#8410 = ADVANCED_FACE('',(#8411),#8437,.F.);
#8411 = FACE_BOUND('',#8412,.F.);
#8412 = EDGE_LOOP('',(#8413,#8414,#8422,#8431));
#8413 = ORIENTED_EDGE('',*,*,#2355,.F.);
#8414 = ORIENTED_EDGE('',*,*,#8415,.F.);
#8415 = EDGE_CURVE('',#8416,#2356,#8418,.T.);
#8416 = VERTEX_POINT('',#8417);
#8417 = CARTESIAN_POINT('',(7.105427357601E-15,-16.405,6.1));
#8418 = LINE('',#8419,#8420);
#8419 = CARTESIAN_POINT('',(7.105427357601E-15,-16.405,5.1));
#8420 = VECTOR('',#8421,1.);
#8421 = DIRECTION('',(0.,0.,1.));
#8422 = ORIENTED_EDGE('',*,*,#8423,.T.);
#8423 = EDGE_CURVE('',#8416,#8424,#8426,.T.);
#8424 = VERTEX_POINT('',#8425);
#8425 = CARTESIAN_POINT('',(7.105427357601E-15,-19.155,6.1));
#8426 = CIRCLE('',#8427,1.375);
#8427 = AXIS2_PLACEMENT_3D('',#8428,#8429,#8430);
#8428 = CARTESIAN_POINT('',(7.105427357601E-15,-17.78,6.1));
#8429 = DIRECTION('',(0.,0.,1.));
#8430 = DIRECTION('',(1.,0.,-0.));
#8431 = ORIENTED_EDGE('',*,*,#8432,.T.);
#8432 = EDGE_CURVE('',#8424,#2358,#8433,.T.);
#8433 = LINE('',#8434,#8435);
#8434 = CARTESIAN_POINT('',(7.105427357601E-15,-19.155,5.1));
#8435 = VECTOR('',#8436,1.);
#8436 = DIRECTION('',(0.,0.,1.));
#8437 = CYLINDRICAL_SURFACE('',#8438,1.375);
#8438 = AXIS2_PLACEMENT_3D('',#8439,#8440,#8441);
#8439 = CARTESIAN_POINT('',(7.105427357601E-15,-17.78,5.1));
#8440 = DIRECTION('',(0.,0.,1.));
#8441 = DIRECTION('',(1.,0.,-0.));
#8442 = ADVANCED_FACE('',(#8443),#8461,.F.);
#8443 = FACE_BOUND('',#8444,.F.);
#8444 = EDGE_LOOP('',(#8445,#8453,#8454,#8455));
#8445 = ORIENTED_EDGE('',*,*,#8446,.T.);
#8446 = EDGE_CURVE('',#8447,#8416,#8449,.T.);
#8447 = VERTEX_POINT('',#8448);
#8448 = CARTESIAN_POINT('',(5.08,-16.405,6.1));
#8449 = LINE('',#8450,#8451);
#8450 = CARTESIAN_POINT('',(-20.55,-16.405,6.1));
#8451 = VECTOR('',#8452,1.);
#8452 = DIRECTION('',(-1.,-0.,0.));
#8453 = ORIENTED_EDGE('',*,*,#8415,.T.);
#8454 = ORIENTED_EDGE('',*,*,#2366,.F.);
#8455 = ORIENTED_EDGE('',*,*,#8456,.F.);
#8456 = EDGE_CURVE('',#8447,#2367,#8457,.T.);
#8457 = LINE('',#8458,#8459);
#8458 = CARTESIAN_POINT('',(5.08,-16.405,5.1));
#8459 = VECTOR('',#8460,1.);
#8460 = DIRECTION('',(0.,0.,1.));
#8461 = PLANE('',#8462);
#8462 = AXIS2_PLACEMENT_3D('',#8463,#8464,#8465);
#8463 = CARTESIAN_POINT('',(7.105427357601E-15,-16.405,5.1));
#8464 = DIRECTION('',(-0.,1.,0.));
#8465 = DIRECTION('',(0.,0.,1.));
#8466 = ADVANCED_FACE('',(#8467),#8485,.T.);
#8467 = FACE_BOUND('',#8468,.T.);
#8468 = EDGE_LOOP('',(#8469,#8477,#8478,#8479));
#8469 = ORIENTED_EDGE('',*,*,#8470,.T.);
#8470 = EDGE_CURVE('',#8471,#8424,#8473,.T.);
#8471 = VERTEX_POINT('',#8472);
#8472 = CARTESIAN_POINT('',(5.08,-19.155,6.1));
#8473 = LINE('',#8474,#8475);
#8474 = CARTESIAN_POINT('',(-20.55,-19.155,6.1));
#8475 = VECTOR('',#8476,1.);
#8476 = DIRECTION('',(-1.,-0.,0.));
#8477 = ORIENTED_EDGE('',*,*,#8432,.T.);
#8478 = ORIENTED_EDGE('',*,*,#2392,.F.);
#8479 = ORIENTED_EDGE('',*,*,#8480,.F.);
#8480 = EDGE_CURVE('',#8471,#2384,#8481,.T.);
#8481 = LINE('',#8482,#8483);
#8482 = CARTESIAN_POINT('',(5.08,-19.155,5.1));
#8483 = VECTOR('',#8484,1.);
#8484 = DIRECTION('',(0.,0.,1.));
#8485 = PLANE('',#8486);
#8486 = AXIS2_PLACEMENT_3D('',#8487,#8488,#8489);
#8487 = CARTESIAN_POINT('',(7.105427357601E-15,-19.155,5.1));
#8488 = DIRECTION('',(-0.,1.,0.));
#8489 = DIRECTION('',(0.,0.,1.));
#8490 = ADVANCED_FACE('',(#8491),#8517,.F.);
#8491 = FACE_BOUND('',#8492,.F.);
#8492 = EDGE_LOOP('',(#8493,#8494,#8502,#8511));
#8493 = ORIENTED_EDGE('',*,*,#2400,.F.);
#8494 = ORIENTED_EDGE('',*,*,#8495,.F.);
#8495 = EDGE_CURVE('',#8496,#2401,#8498,.T.);
#8496 = VERTEX_POINT('',#8497);
#8497 = CARTESIAN_POINT('',(36.935,7.62,6.1));
#8498 = LINE('',#8499,#8500);
#8499 = CARTESIAN_POINT('',(36.935,7.62,5.1));
#8500 = VECTOR('',#8501,1.);
#8501 = DIRECTION('',(0.,0.,1.));
#8502 = ORIENTED_EDGE('',*,*,#8503,.T.);
#8503 = EDGE_CURVE('',#8496,#8504,#8506,.T.);
#8504 = VERTEX_POINT('',#8505);
#8505 = CARTESIAN_POINT('',(34.185,7.62,6.1));
#8506 = CIRCLE('',#8507,1.375);
#8507 = AXIS2_PLACEMENT_3D('',#8508,#8509,#8510);
#8508 = CARTESIAN_POINT('',(35.56,7.62,6.1));
#8509 = DIRECTION('',(0.,0.,1.));
#8510 = DIRECTION('',(1.,0.,-0.));
#8511 = ORIENTED_EDGE('',*,*,#8512,.T.);
#8512 = EDGE_CURVE('',#8504,#2403,#8513,.T.);
#8513 = LINE('',#8514,#8515);
#8514 = CARTESIAN_POINT('',(34.185,7.62,5.1));
#8515 = VECTOR('',#8516,1.);
#8516 = DIRECTION('',(0.,0.,1.));
#8517 = CYLINDRICAL_SURFACE('',#8518,1.375);
#8518 = AXIS2_PLACEMENT_3D('',#8519,#8520,#8521);
#8519 = CARTESIAN_POINT('',(35.56,7.62,5.1));
#8520 = DIRECTION('',(0.,0.,1.));
#8521 = DIRECTION('',(1.,0.,-0.));
#8522 = ADVANCED_FACE('',(#8523),#8541,.F.);
#8523 = FACE_BOUND('',#8524,.F.);
#8524 = EDGE_LOOP('',(#8525,#8533,#8539,#8540));
#8525 = ORIENTED_EDGE('',*,*,#8526,.F.);
#8526 = EDGE_CURVE('',#8527,#2412,#8529,.T.);
#8527 = VERTEX_POINT('',#8528);
#8528 = CARTESIAN_POINT('',(36.935,2.54,6.1));
#8529 = LINE('',#8530,#8531);
#8530 = CARTESIAN_POINT('',(36.935,2.54,5.1));
#8531 = VECTOR('',#8532,1.);
#8532 = DIRECTION('',(0.,0.,1.));
#8533 = ORIENTED_EDGE('',*,*,#8534,.T.);
#8534 = EDGE_CURVE('',#8527,#8496,#8535,.T.);
#8535 = LINE('',#8536,#8537);
#8536 = CARTESIAN_POINT('',(36.935,-15.47,6.1));
#8537 = VECTOR('',#8538,1.);
#8538 = DIRECTION('',(-0.,1.,0.));
#8539 = ORIENTED_EDGE('',*,*,#8495,.T.);
#8540 = ORIENTED_EDGE('',*,*,#2411,.F.);
#8541 = PLANE('',#8542);
#8542 = AXIS2_PLACEMENT_3D('',#8543,#8544,#8545);
#8543 = CARTESIAN_POINT('',(36.935,2.54,5.1));
#8544 = DIRECTION('',(1.,0.,-0.));
#8545 = DIRECTION('',(0.,0.,1.));
#8546 = ADVANCED_FACE('',(#8547),#8565,.T.);
#8547 = FACE_BOUND('',#8548,.T.);
#8548 = EDGE_LOOP('',(#8549,#8557,#8563,#8564));
#8549 = ORIENTED_EDGE('',*,*,#8550,.F.);
#8550 = EDGE_CURVE('',#8551,#2420,#8553,.T.);
#8551 = VERTEX_POINT('',#8552);
#8552 = CARTESIAN_POINT('',(34.185,2.54,6.1));
#8553 = LINE('',#8554,#8555);
#8554 = CARTESIAN_POINT('',(34.185,2.54,5.1));
#8555 = VECTOR('',#8556,1.);
#8556 = DIRECTION('',(0.,0.,1.));
#8557 = ORIENTED_EDGE('',*,*,#8558,.T.);
#8558 = EDGE_CURVE('',#8551,#8504,#8559,.T.);
#8559 = LINE('',#8560,#8561);
#8560 = CARTESIAN_POINT('',(34.185,-15.47,6.1));
#8561 = VECTOR('',#8562,1.);
#8562 = DIRECTION('',(-0.,1.,0.));
#8563 = ORIENTED_EDGE('',*,*,#8512,.T.);
#8564 = ORIENTED_EDGE('',*,*,#2428,.F.);
#8565 = PLANE('',#8566);
#8566 = AXIS2_PLACEMENT_3D('',#8567,#8568,#8569);
#8567 = CARTESIAN_POINT('',(34.185,2.54,5.1));
#8568 = DIRECTION('',(1.,0.,-0.));
#8569 = DIRECTION('',(0.,0.,1.));
#8570 = ADVANCED_FACE('',(#8571),#8583,.F.);
#8571 = FACE_BOUND('',#8572,.F.);
#8572 = EDGE_LOOP('',(#8573,#8574,#8575,#8576));
#8573 = ORIENTED_EDGE('',*,*,#8526,.T.);
#8574 = ORIENTED_EDGE('',*,*,#2419,.F.);
#8575 = ORIENTED_EDGE('',*,*,#8550,.F.);
#8576 = ORIENTED_EDGE('',*,*,#8577,.T.);
#8577 = EDGE_CURVE('',#8551,#8527,#8578,.T.);
#8578 = CIRCLE('',#8579,1.375);
#8579 = AXIS2_PLACEMENT_3D('',#8580,#8581,#8582);
#8580 = CARTESIAN_POINT('',(35.56,2.54,6.1));
#8581 = DIRECTION('',(0.,0.,1.));
#8582 = DIRECTION('',(1.,0.,-0.));
#8583 = CYLINDRICAL_SURFACE('',#8584,1.375);
#8584 = AXIS2_PLACEMENT_3D('',#8585,#8586,#8587);
#8585 = CARTESIAN_POINT('',(35.56,2.54,5.1));
#8586 = DIRECTION('',(0.,0.,1.));
#8587 = DIRECTION('',(1.,0.,-0.));
#8588 = ADVANCED_FACE('',(#8589),#8615,.F.);
#8589 = FACE_BOUND('',#8590,.F.);
#8590 = EDGE_LOOP('',(#8591,#8592,#8600,#8609));
#8591 = ORIENTED_EDGE('',*,*,#2436,.F.);
#8592 = ORIENTED_EDGE('',*,*,#8593,.F.);
#8593 = EDGE_CURVE('',#8594,#2437,#8596,.T.);
#8594 = VERTEX_POINT('',#8595);
#8595 = CARTESIAN_POINT('',(-24.025,7.62,6.1));
#8596 = LINE('',#8597,#8598);
#8597 = CARTESIAN_POINT('',(-24.025,7.62,5.1));
#8598 = VECTOR('',#8599,1.);
#8599 = DIRECTION('',(0.,0.,1.));
#8600 = ORIENTED_EDGE('',*,*,#8601,.T.);
#8601 = EDGE_CURVE('',#8594,#8602,#8604,.T.);
#8602 = VERTEX_POINT('',#8603);
#8603 = CARTESIAN_POINT('',(-26.775,7.62,6.1));
#8604 = CIRCLE('',#8605,1.375);
#8605 = AXIS2_PLACEMENT_3D('',#8606,#8607,#8608);
#8606 = CARTESIAN_POINT('',(-25.4,7.62,6.1));
#8607 = DIRECTION('',(0.,0.,1.));
#8608 = DIRECTION('',(1.,0.,-0.));
#8609 = ORIENTED_EDGE('',*,*,#8610,.T.);
#8610 = EDGE_CURVE('',#8602,#2439,#8611,.T.);
#8611 = LINE('',#8612,#8613);
#8612 = CARTESIAN_POINT('',(-26.775,7.62,5.1));
#8613 = VECTOR('',#8614,1.);
#8614 = DIRECTION('',(0.,0.,1.));
#8615 = CYLINDRICAL_SURFACE('',#8616,1.375);
#8616 = AXIS2_PLACEMENT_3D('',#8617,#8618,#8619);
#8617 = CARTESIAN_POINT('',(-25.4,7.62,5.1));
#8618 = DIRECTION('',(0.,0.,1.));
#8619 = DIRECTION('',(1.,0.,-0.));
#8620 = ADVANCED_FACE('',(#8621),#8639,.F.);
#8621 = FACE_BOUND('',#8622,.F.);
#8622 = EDGE_LOOP('',(#8623,#8631,#8637,#8638));
#8623 = ORIENTED_EDGE('',*,*,#8624,.F.);
#8624 = EDGE_CURVE('',#8625,#2448,#8627,.T.);
#8625 = VERTEX_POINT('',#8626);
#8626 = CARTESIAN_POINT('',(-24.025,2.54,6.1));
#8627 = LINE('',#8628,#8629);
#8628 = CARTESIAN_POINT('',(-24.025,2.54,5.1));
#8629 = VECTOR('',#8630,1.);
#8630 = DIRECTION('',(0.,0.,1.));
#8631 = ORIENTED_EDGE('',*,*,#8632,.T.);
#8632 = EDGE_CURVE('',#8625,#8594,#8633,.T.);
#8633 = LINE('',#8634,#8635);
#8634 = CARTESIAN_POINT('',(-24.025,-15.47,6.1));
#8635 = VECTOR('',#8636,1.);
#8636 = DIRECTION('',(-0.,1.,0.));
#8637 = ORIENTED_EDGE('',*,*,#8593,.T.);
#8638 = ORIENTED_EDGE('',*,*,#2447,.F.);
#8639 = PLANE('',#8640);
#8640 = AXIS2_PLACEMENT_3D('',#8641,#8642,#8643);
#8641 = CARTESIAN_POINT('',(-24.025,2.54,5.1));
#8642 = DIRECTION('',(1.,0.,-0.));
#8643 = DIRECTION('',(0.,0.,1.));
#8644 = ADVANCED_FACE('',(#8645),#8663,.T.);
#8645 = FACE_BOUND('',#8646,.T.);
#8646 = EDGE_LOOP('',(#8647,#8655,#8661,#8662));
#8647 = ORIENTED_EDGE('',*,*,#8648,.F.);
#8648 = EDGE_CURVE('',#8649,#2456,#8651,.T.);
#8649 = VERTEX_POINT('',#8650);
#8650 = CARTESIAN_POINT('',(-26.775,2.54,6.1));
#8651 = LINE('',#8652,#8653);
#8652 = CARTESIAN_POINT('',(-26.775,2.54,5.1));
#8653 = VECTOR('',#8654,1.);
#8654 = DIRECTION('',(0.,0.,1.));
#8655 = ORIENTED_EDGE('',*,*,#8656,.T.);
#8656 = EDGE_CURVE('',#8649,#8602,#8657,.T.);
#8657 = LINE('',#8658,#8659);
#8658 = CARTESIAN_POINT('',(-26.775,-15.47,6.1));
#8659 = VECTOR('',#8660,1.);
#8660 = DIRECTION('',(-0.,1.,0.));
#8661 = ORIENTED_EDGE('',*,*,#8610,.T.);
#8662 = ORIENTED_EDGE('',*,*,#2464,.F.);
#8663 = PLANE('',#8664);
#8664 = AXIS2_PLACEMENT_3D('',#8665,#8666,#8667);
#8665 = CARTESIAN_POINT('',(-26.775,2.54,5.1));
#8666 = DIRECTION('',(1.,0.,-0.));
#8667 = DIRECTION('',(0.,0.,1.));
#8668 = ADVANCED_FACE('',(#8669),#8681,.F.);
#8669 = FACE_BOUND('',#8670,.F.);
#8670 = EDGE_LOOP('',(#8671,#8672,#8673,#8674));
#8671 = ORIENTED_EDGE('',*,*,#8624,.T.);
#8672 = ORIENTED_EDGE('',*,*,#2455,.F.);
#8673 = ORIENTED_EDGE('',*,*,#8648,.F.);
#8674 = ORIENTED_EDGE('',*,*,#8675,.T.);
#8675 = EDGE_CURVE('',#8649,#8625,#8676,.T.);
#8676 = CIRCLE('',#8677,1.375);
#8677 = AXIS2_PLACEMENT_3D('',#8678,#8679,#8680);
#8678 = CARTESIAN_POINT('',(-25.4,2.54,6.1));
#8679 = DIRECTION('',(0.,0.,1.));
#8680 = DIRECTION('',(1.,0.,-0.));
#8681 = CYLINDRICAL_SURFACE('',#8682,1.375);
#8682 = AXIS2_PLACEMENT_3D('',#8683,#8684,#8685);
#8683 = CARTESIAN_POINT('',(-25.4,2.54,5.1));
#8684 = DIRECTION('',(0.,0.,1.));
#8685 = DIRECTION('',(1.,0.,-0.));
#8686 = ADVANCED_FACE('',(#8687),#8713,.F.);
#8687 = FACE_BOUND('',#8688,.F.);
#8688 = EDGE_LOOP('',(#8689,#8690,#8698,#8707));
#8689 = ORIENTED_EDGE('',*,*,#2472,.F.);
#8690 = ORIENTED_EDGE('',*,*,#8691,.F.);
#8691 = EDGE_CURVE('',#8692,#2473,#8694,.T.);
#8692 = VERTEX_POINT('',#8693);
#8693 = CARTESIAN_POINT('',(-34.185,12.7,6.1));
#8694 = LINE('',#8695,#8696);
#8695 = CARTESIAN_POINT('',(-34.185,12.7,5.1));
#8696 = VECTOR('',#8697,1.);
#8697 = DIRECTION('',(0.,0.,1.));
#8698 = ORIENTED_EDGE('',*,*,#8699,.T.);
#8699 = EDGE_CURVE('',#8692,#8700,#8702,.T.);
#8700 = VERTEX_POINT('',#8701);
#8701 = CARTESIAN_POINT('',(-36.935,12.7,6.1));
#8702 = CIRCLE('',#8703,1.375);
#8703 = AXIS2_PLACEMENT_3D('',#8704,#8705,#8706);
#8704 = CARTESIAN_POINT('',(-35.56,12.7,6.1));
#8705 = DIRECTION('',(0.,0.,1.));
#8706 = DIRECTION('',(1.,0.,-0.));
#8707 = ORIENTED_EDGE('',*,*,#8708,.T.);
#8708 = EDGE_CURVE('',#8700,#2475,#8709,.T.);
#8709 = LINE('',#8710,#8711);
#8710 = CARTESIAN_POINT('',(-36.935,12.7,5.1));
#8711 = VECTOR('',#8712,1.);
#8712 = DIRECTION('',(0.,0.,1.));
#8713 = CYLINDRICAL_SURFACE('',#8714,1.375);
#8714 = AXIS2_PLACEMENT_3D('',#8715,#8716,#8717);
#8715 = CARTESIAN_POINT('',(-35.56,12.7,5.1));
#8716 = DIRECTION('',(0.,0.,1.));
#8717 = DIRECTION('',(1.,0.,-0.));
#8718 = ADVANCED_FACE('',(#8719),#8737,.F.);
#8719 = FACE_BOUND('',#8720,.F.);
#8720 = EDGE_LOOP('',(#8721,#8729,#8735,#8736));
#8721 = ORIENTED_EDGE('',*,*,#8722,.F.);
#8722 = EDGE_CURVE('',#8723,#2484,#8725,.T.);
#8723 = VERTEX_POINT('',#8724);
#8724 = CARTESIAN_POINT('',(-34.185,7.62,6.1));
#8725 = LINE('',#8726,#8727);
#8726 = CARTESIAN_POINT('',(-34.185,7.62,5.1));
#8727 = VECTOR('',#8728,1.);
#8728 = DIRECTION('',(0.,0.,1.));
#8729 = ORIENTED_EDGE('',*,*,#8730,.T.);
#8730 = EDGE_CURVE('',#8723,#8692,#8731,.T.);
#8731 = LINE('',#8732,#8733);
#8732 = CARTESIAN_POINT('',(-34.185,-12.93,6.1));
#8733 = VECTOR('',#8734,1.);
#8734 = DIRECTION('',(-0.,1.,0.));
#8735 = ORIENTED_EDGE('',*,*,#8691,.T.);
#8736 = ORIENTED_EDGE('',*,*,#2483,.F.);
#8737 = PLANE('',#8738);
#8738 = AXIS2_PLACEMENT_3D('',#8739,#8740,#8741);
#8739 = CARTESIAN_POINT('',(-34.185,7.62,5.1));
#8740 = DIRECTION('',(1.,0.,-0.));
#8741 = DIRECTION('',(0.,0.,1.));
#8742 = ADVANCED_FACE('',(#8743),#8761,.T.);
#8743 = FACE_BOUND('',#8744,.T.);
#8744 = EDGE_LOOP('',(#8745,#8753,#8759,#8760));
#8745 = ORIENTED_EDGE('',*,*,#8746,.F.);
#8746 = EDGE_CURVE('',#8747,#2492,#8749,.T.);
#8747 = VERTEX_POINT('',#8748);
#8748 = CARTESIAN_POINT('',(-36.935,7.62,6.1));
#8749 = LINE('',#8750,#8751);
#8750 = CARTESIAN_POINT('',(-36.935,7.62,5.1));
#8751 = VECTOR('',#8752,1.);
#8752 = DIRECTION('',(0.,0.,1.));
#8753 = ORIENTED_EDGE('',*,*,#8754,.T.);
#8754 = EDGE_CURVE('',#8747,#8700,#8755,.T.);
#8755 = LINE('',#8756,#8757);
#8756 = CARTESIAN_POINT('',(-36.935,-12.93,6.1));
#8757 = VECTOR('',#8758,1.);
#8758 = DIRECTION('',(-0.,1.,0.));
#8759 = ORIENTED_EDGE('',*,*,#8708,.T.);
#8760 = ORIENTED_EDGE('',*,*,#2500,.F.);
#8761 = PLANE('',#8762);
#8762 = AXIS2_PLACEMENT_3D('',#8763,#8764,#8765);
#8763 = CARTESIAN_POINT('',(-36.935,7.62,5.1));
#8764 = DIRECTION('',(1.,0.,-0.));
#8765 = DIRECTION('',(0.,0.,1.));
#8766 = ADVANCED_FACE('',(#8767),#8779,.F.);
#8767 = FACE_BOUND('',#8768,.F.);
#8768 = EDGE_LOOP('',(#8769,#8770,#8771,#8772));
#8769 = ORIENTED_EDGE('',*,*,#8722,.T.);
#8770 = ORIENTED_EDGE('',*,*,#2491,.F.);
#8771 = ORIENTED_EDGE('',*,*,#8746,.F.);
#8772 = ORIENTED_EDGE('',*,*,#8773,.T.);
#8773 = EDGE_CURVE('',#8747,#8723,#8774,.T.);
#8774 = CIRCLE('',#8775,1.375);
#8775 = AXIS2_PLACEMENT_3D('',#8776,#8777,#8778);
#8776 = CARTESIAN_POINT('',(-35.56,7.62,6.1));
#8777 = DIRECTION('',(0.,0.,1.));
#8778 = DIRECTION('',(1.,0.,-0.));
#8779 = CYLINDRICAL_SURFACE('',#8780,1.375);
#8780 = AXIS2_PLACEMENT_3D('',#8781,#8782,#8783);
#8781 = CARTESIAN_POINT('',(-35.56,7.62,5.1));
#8782 = DIRECTION('',(0.,0.,1.));
#8783 = DIRECTION('',(1.,0.,-0.));
#8784 = ADVANCED_FACE('',(#8785),#8811,.F.);
#8785 = FACE_BOUND('',#8786,.F.);
#8786 = EDGE_LOOP('',(#8787,#8788,#8796,#8805));
#8787 = ORIENTED_EDGE('',*,*,#2508,.F.);
#8788 = ORIENTED_EDGE('',*,*,#8789,.F.);
#8789 = EDGE_CURVE('',#8790,#2509,#8792,.T.);
#8790 = VERTEX_POINT('',#8791);
#8791 = CARTESIAN_POINT('',(-30.48,14.075,6.1));
#8792 = LINE('',#8793,#8794);
#8793 = CARTESIAN_POINT('',(-30.48,14.075,5.1));
#8794 = VECTOR('',#8795,1.);
#8795 = DIRECTION('',(0.,0.,1.));
#8796 = ORIENTED_EDGE('',*,*,#8797,.T.);
#8797 = EDGE_CURVE('',#8790,#8798,#8800,.T.);
#8798 = VERTEX_POINT('',#8799);
#8799 = CARTESIAN_POINT('',(-30.48,11.325,6.1));
#8800 = CIRCLE('',#8801,1.375);
#8801 = AXIS2_PLACEMENT_3D('',#8802,#8803,#8804);
#8802 = CARTESIAN_POINT('',(-30.48,12.7,6.1));
#8803 = DIRECTION('',(0.,0.,1.));
#8804 = DIRECTION('',(1.,0.,-0.));
#8805 = ORIENTED_EDGE('',*,*,#8806,.T.);
#8806 = EDGE_CURVE('',#8798,#2511,#8807,.T.);
#8807 = LINE('',#8808,#8809);
#8808 = CARTESIAN_POINT('',(-30.48,11.325,5.1));
#8809 = VECTOR('',#8810,1.);
#8810 = DIRECTION('',(0.,0.,1.));
#8811 = CYLINDRICAL_SURFACE('',#8812,1.375);
#8812 = AXIS2_PLACEMENT_3D('',#8813,#8814,#8815);
#8813 = CARTESIAN_POINT('',(-30.48,12.7,5.1));
#8814 = DIRECTION('',(0.,0.,1.));
#8815 = DIRECTION('',(1.,0.,-0.));
#8816 = ADVANCED_FACE('',(#8817),#8835,.F.);
#8817 = FACE_BOUND('',#8818,.F.);
#8818 = EDGE_LOOP('',(#8819,#8827,#8828,#8829));
#8819 = ORIENTED_EDGE('',*,*,#8820,.T.);
#8820 = EDGE_CURVE('',#8821,#8790,#8823,.T.);
#8821 = VERTEX_POINT('',#8822);
#8822 = CARTESIAN_POINT('',(-25.4,14.075,6.1));
#8823 = LINE('',#8824,#8825);
#8824 = CARTESIAN_POINT('',(-35.79,14.075,6.1));
#8825 = VECTOR('',#8826,1.);
#8826 = DIRECTION('',(-1.,-0.,0.));
#8827 = ORIENTED_EDGE('',*,*,#8789,.T.);
#8828 = ORIENTED_EDGE('',*,*,#2519,.F.);
#8829 = ORIENTED_EDGE('',*,*,#8830,.F.);
#8830 = EDGE_CURVE('',#8821,#2520,#8831,.T.);
#8831 = LINE('',#8832,#8833);
#8832 = CARTESIAN_POINT('',(-25.4,14.075,5.1));
#8833 = VECTOR('',#8834,1.);
#8834 = DIRECTION('',(0.,0.,1.));
#8835 = PLANE('',#8836);
#8836 = AXIS2_PLACEMENT_3D('',#8837,#8838,#8839);
#8837 = CARTESIAN_POINT('',(-30.48,14.075,5.1));
#8838 = DIRECTION('',(-0.,1.,0.));
#8839 = DIRECTION('',(0.,0.,1.));
#8840 = ADVANCED_FACE('',(#8841),#8859,.T.);
#8841 = FACE_BOUND('',#8842,.T.);
#8842 = EDGE_LOOP('',(#8843,#8851,#8852,#8853));
#8843 = ORIENTED_EDGE('',*,*,#8844,.T.);
#8844 = EDGE_CURVE('',#8845,#8798,#8847,.T.);
#8845 = VERTEX_POINT('',#8846);
#8846 = CARTESIAN_POINT('',(-25.4,11.325,6.1));
#8847 = LINE('',#8848,#8849);
#8848 = CARTESIAN_POINT('',(-35.79,11.325,6.1));
#8849 = VECTOR('',#8850,1.);
#8850 = DIRECTION('',(-1.,-0.,0.));
#8851 = ORIENTED_EDGE('',*,*,#8806,.T.);
#8852 = ORIENTED_EDGE('',*,*,#2545,.F.);
#8853 = ORIENTED_EDGE('',*,*,#8854,.F.);
#8854 = EDGE_CURVE('',#8845,#2537,#8855,.T.);
#8855 = LINE('',#8856,#8857);
#8856 = CARTESIAN_POINT('',(-25.4,11.325,5.1));
#8857 = VECTOR('',#8858,1.);
#8858 = DIRECTION('',(0.,0.,1.));
#8859 = PLANE('',#8860);
#8860 = AXIS2_PLACEMENT_3D('',#8861,#8862,#8863);
#8861 = CARTESIAN_POINT('',(-30.48,11.325,5.1));
#8862 = DIRECTION('',(-0.,1.,0.));
#8863 = DIRECTION('',(0.,0.,1.));
#8864 = ADVANCED_FACE('',(#8865),#8891,.F.);
#8865 = FACE_BOUND('',#8866,.F.);
#8866 = EDGE_LOOP('',(#8867,#8868,#8876,#8885));
#8867 = ORIENTED_EDGE('',*,*,#2553,.F.);
#8868 = ORIENTED_EDGE('',*,*,#8869,.F.);
#8869 = EDGE_CURVE('',#8870,#2554,#8872,.T.);
#8870 = VERTEX_POINT('',#8871);
#8871 = CARTESIAN_POINT('',(-18.945,12.7,6.1));
#8872 = LINE('',#8873,#8874);
#8873 = CARTESIAN_POINT('',(-18.945,12.7,5.1));
#8874 = VECTOR('',#8875,1.);
#8875 = DIRECTION('',(0.,0.,1.));
#8876 = ORIENTED_EDGE('',*,*,#8877,.T.);
#8877 = EDGE_CURVE('',#8870,#8878,#8880,.T.);
#8878 = VERTEX_POINT('',#8879);
#8879 = CARTESIAN_POINT('',(-21.695,12.7,6.1));
#8880 = CIRCLE('',#8881,1.375);
#8881 = AXIS2_PLACEMENT_3D('',#8882,#8883,#8884);
#8882 = CARTESIAN_POINT('',(-20.32,12.7,6.1));
#8883 = DIRECTION('',(0.,0.,1.));
#8884 = DIRECTION('',(1.,0.,-0.));
#8885 = ORIENTED_EDGE('',*,*,#8886,.T.);
#8886 = EDGE_CURVE('',#8878,#2556,#8887,.T.);
#8887 = LINE('',#8888,#8889);
#8888 = CARTESIAN_POINT('',(-21.695,12.7,5.1));
#8889 = VECTOR('',#8890,1.);
#8890 = DIRECTION('',(0.,0.,1.));
#8891 = CYLINDRICAL_SURFACE('',#8892,1.375);
#8892 = AXIS2_PLACEMENT_3D('',#8893,#8894,#8895);
#8893 = CARTESIAN_POINT('',(-20.32,12.7,5.1));
#8894 = DIRECTION('',(0.,0.,1.));
#8895 = DIRECTION('',(1.,0.,-0.));
#8896 = ADVANCED_FACE('',(#8897),#8915,.F.);
#8897 = FACE_BOUND('',#8898,.F.);
#8898 = EDGE_LOOP('',(#8899,#8907,#8913,#8914));
#8899 = ORIENTED_EDGE('',*,*,#8900,.F.);
#8900 = EDGE_CURVE('',#8901,#2565,#8903,.T.);
#8901 = VERTEX_POINT('',#8902);
#8902 = CARTESIAN_POINT('',(-18.945,7.62,6.1));
#8903 = LINE('',#8904,#8905);
#8904 = CARTESIAN_POINT('',(-18.945,7.62,5.1));
#8905 = VECTOR('',#8906,1.);
#8906 = DIRECTION('',(0.,0.,1.));
#8907 = ORIENTED_EDGE('',*,*,#8908,.T.);
#8908 = EDGE_CURVE('',#8901,#8870,#8909,.T.);
#8909 = LINE('',#8910,#8911);
#8910 = CARTESIAN_POINT('',(-18.945,-12.93,6.1));
#8911 = VECTOR('',#8912,1.);
#8912 = DIRECTION('',(-0.,1.,0.));
#8913 = ORIENTED_EDGE('',*,*,#8869,.T.);
#8914 = ORIENTED_EDGE('',*,*,#2564,.F.);
#8915 = PLANE('',#8916);
#8916 = AXIS2_PLACEMENT_3D('',#8917,#8918,#8919);
#8917 = CARTESIAN_POINT('',(-18.945,7.62,5.1));
#8918 = DIRECTION('',(1.,0.,-0.));
#8919 = DIRECTION('',(0.,0.,1.));
#8920 = ADVANCED_FACE('',(#8921),#8939,.T.);
#8921 = FACE_BOUND('',#8922,.T.);
#8922 = EDGE_LOOP('',(#8923,#8931,#8937,#8938));
#8923 = ORIENTED_EDGE('',*,*,#8924,.F.);
#8924 = EDGE_CURVE('',#8925,#2573,#8927,.T.);
#8925 = VERTEX_POINT('',#8926);
#8926 = CARTESIAN_POINT('',(-21.695,7.62,6.1));
#8927 = LINE('',#8928,#8929);
#8928 = CARTESIAN_POINT('',(-21.695,7.62,5.1));
#8929 = VECTOR('',#8930,1.);
#8930 = DIRECTION('',(0.,0.,1.));
#8931 = ORIENTED_EDGE('',*,*,#8932,.T.);
#8932 = EDGE_CURVE('',#8925,#8878,#8933,.T.);
#8933 = LINE('',#8934,#8935);
#8934 = CARTESIAN_POINT('',(-21.695,-12.93,6.1));
#8935 = VECTOR('',#8936,1.);
#8936 = DIRECTION('',(-0.,1.,0.));
#8937 = ORIENTED_EDGE('',*,*,#8886,.T.);
#8938 = ORIENTED_EDGE('',*,*,#2581,.F.);
#8939 = PLANE('',#8940);
#8940 = AXIS2_PLACEMENT_3D('',#8941,#8942,#8943);
#8941 = CARTESIAN_POINT('',(-21.695,7.62,5.1));
#8942 = DIRECTION('',(1.,0.,-0.));
#8943 = DIRECTION('',(0.,0.,1.));
#8944 = ADVANCED_FACE('',(#8945),#8957,.F.);
#8945 = FACE_BOUND('',#8946,.F.);
#8946 = EDGE_LOOP('',(#8947,#8948,#8949,#8950));
#8947 = ORIENTED_EDGE('',*,*,#8900,.T.);
#8948 = ORIENTED_EDGE('',*,*,#2572,.F.);
#8949 = ORIENTED_EDGE('',*,*,#8924,.F.);
#8950 = ORIENTED_EDGE('',*,*,#8951,.T.);
#8951 = EDGE_CURVE('',#8925,#8901,#8952,.T.);
#8952 = CIRCLE('',#8953,1.375);
#8953 = AXIS2_PLACEMENT_3D('',#8954,#8955,#8956);
#8954 = CARTESIAN_POINT('',(-20.32,7.62,6.1));
#8955 = DIRECTION('',(0.,0.,1.));
#8956 = DIRECTION('',(1.,0.,-0.));
#8957 = CYLINDRICAL_SURFACE('',#8958,1.375);
#8958 = AXIS2_PLACEMENT_3D('',#8959,#8960,#8961);
#8959 = CARTESIAN_POINT('',(-20.32,7.62,5.1));
#8960 = DIRECTION('',(0.,0.,1.));
#8961 = DIRECTION('',(1.,0.,-0.));
#8962 = ADVANCED_FACE('',(#8963),#8989,.F.);
#8963 = FACE_BOUND('',#8964,.F.);
#8964 = EDGE_LOOP('',(#8965,#8966,#8974,#8983));
#8965 = ORIENTED_EDGE('',*,*,#2589,.F.);
#8966 = ORIENTED_EDGE('',*,*,#8967,.F.);
#8967 = EDGE_CURVE('',#8968,#2590,#8970,.T.);
#8968 = VERTEX_POINT('',#8969);
#8969 = CARTESIAN_POINT('',(7.105427357601E-15,14.075,6.1));
#8970 = LINE('',#8971,#8972);
#8971 = CARTESIAN_POINT('',(7.105427357601E-15,14.075,5.1));
#8972 = VECTOR('',#8973,1.);
#8973 = DIRECTION('',(0.,0.,1.));
#8974 = ORIENTED_EDGE('',*,*,#8975,.T.);
#8975 = EDGE_CURVE('',#8968,#8976,#8978,.T.);
#8976 = VERTEX_POINT('',#8977);
#8977 = CARTESIAN_POINT('',(7.105427357601E-15,11.325,6.1));
#8978 = CIRCLE('',#8979,1.375);
#8979 = AXIS2_PLACEMENT_3D('',#8980,#8981,#8982);
#8980 = CARTESIAN_POINT('',(7.105427357601E-15,12.7,6.1));
#8981 = DIRECTION('',(0.,0.,1.));
#8982 = DIRECTION('',(1.,0.,-0.));
#8983 = ORIENTED_EDGE('',*,*,#8984,.T.);
#8984 = EDGE_CURVE('',#8976,#2592,#8985,.T.);
#8985 = LINE('',#8986,#8987);
#8986 = CARTESIAN_POINT('',(7.105427357601E-15,11.325,5.1));
#8987 = VECTOR('',#8988,1.);
#8988 = DIRECTION('',(0.,0.,1.));
#8989 = CYLINDRICAL_SURFACE('',#8990,1.375);
#8990 = AXIS2_PLACEMENT_3D('',#8991,#8992,#8993);
#8991 = CARTESIAN_POINT('',(7.105427357601E-15,12.7,5.1));
#8992 = DIRECTION('',(0.,0.,1.));
#8993 = DIRECTION('',(1.,0.,-0.));
#8994 = ADVANCED_FACE('',(#8995),#9013,.F.);
#8995 = FACE_BOUND('',#8996,.F.);
#8996 = EDGE_LOOP('',(#8997,#9005,#9006,#9007));
#8997 = ORIENTED_EDGE('',*,*,#8998,.T.);
#8998 = EDGE_CURVE('',#8999,#8968,#9001,.T.);
#8999 = VERTEX_POINT('',#9000);
#9000 = CARTESIAN_POINT('',(5.08,14.075,6.1));
#9001 = LINE('',#9002,#9003);
#9002 = CARTESIAN_POINT('',(-20.55,14.075,6.1));
#9003 = VECTOR('',#9004,1.);
#9004 = DIRECTION('',(-1.,-0.,0.));
#9005 = ORIENTED_EDGE('',*,*,#8967,.T.);
#9006 = ORIENTED_EDGE('',*,*,#2600,.F.);
#9007 = ORIENTED_EDGE('',*,*,#9008,.F.);
#9008 = EDGE_CURVE('',#8999,#2601,#9009,.T.);
#9009 = LINE('',#9010,#9011);
#9010 = CARTESIAN_POINT('',(5.08,14.075,5.1));
#9011 = VECTOR('',#9012,1.);
#9012 = DIRECTION('',(0.,0.,1.));
#9013 = PLANE('',#9014);
#9014 = AXIS2_PLACEMENT_3D('',#9015,#9016,#9017);
#9015 = CARTESIAN_POINT('',(7.105427357601E-15,14.075,5.1));
#9016 = DIRECTION('',(-0.,1.,0.));
#9017 = DIRECTION('',(0.,0.,1.));
#9018 = ADVANCED_FACE('',(#9019),#9037,.T.);
#9019 = FACE_BOUND('',#9020,.T.);
#9020 = EDGE_LOOP('',(#9021,#9029,#9030,#9031));
#9021 = ORIENTED_EDGE('',*,*,#9022,.T.);
#9022 = EDGE_CURVE('',#9023,#8976,#9025,.T.);
#9023 = VERTEX_POINT('',#9024);
#9024 = CARTESIAN_POINT('',(5.08,11.325,6.1));
#9025 = LINE('',#9026,#9027);
#9026 = CARTESIAN_POINT('',(-20.55,11.325,6.1));
#9027 = VECTOR('',#9028,1.);
#9028 = DIRECTION('',(-1.,-0.,0.));
#9029 = ORIENTED_EDGE('',*,*,#8984,.T.);
#9030 = ORIENTED_EDGE('',*,*,#2626,.F.);
#9031 = ORIENTED_EDGE('',*,*,#9032,.F.);
#9032 = EDGE_CURVE('',#9023,#2618,#9033,.T.);
#9033 = LINE('',#9034,#9035);
#9034 = CARTESIAN_POINT('',(5.08,11.325,5.1));
#9035 = VECTOR('',#9036,1.);
#9036 = DIRECTION('',(0.,0.,1.));
#9037 = PLANE('',#9038);
#9038 = AXIS2_PLACEMENT_3D('',#9039,#9040,#9041);
#9039 = CARTESIAN_POINT('',(7.105427357601E-15,11.325,5.1));
#9040 = DIRECTION('',(-0.,1.,0.));
#9041 = DIRECTION('',(0.,0.,1.));
#9042 = ADVANCED_FACE('',(#9043),#9069,.F.);
#9043 = FACE_BOUND('',#9044,.F.);
#9044 = EDGE_LOOP('',(#9045,#9046,#9054,#9063));
#9045 = ORIENTED_EDGE('',*,*,#2634,.F.);
#9046 = ORIENTED_EDGE('',*,*,#9047,.F.);
#9047 = EDGE_CURVE('',#9048,#2635,#9050,.T.);
#9048 = VERTEX_POINT('',#9049);
#9049 = CARTESIAN_POINT('',(-20.32,19.155,6.1));
#9050 = LINE('',#9051,#9052);
#9051 = CARTESIAN_POINT('',(-20.32,19.155,5.1));
#9052 = VECTOR('',#9053,1.);
#9053 = DIRECTION('',(0.,0.,1.));
#9054 = ORIENTED_EDGE('',*,*,#9055,.T.);
#9055 = EDGE_CURVE('',#9048,#9056,#9058,.T.);
#9056 = VERTEX_POINT('',#9057);
#9057 = CARTESIAN_POINT('',(-20.32,16.405,6.1));
#9058 = CIRCLE('',#9059,1.375);
#9059 = AXIS2_PLACEMENT_3D('',#9060,#9061,#9062);
#9060 = CARTESIAN_POINT('',(-20.32,17.78,6.1));
#9061 = DIRECTION('',(0.,0.,1.));
#9062 = DIRECTION('',(1.,0.,-0.));
#9063 = ORIENTED_EDGE('',*,*,#9064,.T.);
#9064 = EDGE_CURVE('',#9056,#2637,#9065,.T.);
#9065 = LINE('',#9066,#9067);
#9066 = CARTESIAN_POINT('',(-20.32,16.405,5.1));
#9067 = VECTOR('',#9068,1.);
#9068 = DIRECTION('',(0.,0.,1.));
#9069 = CYLINDRICAL_SURFACE('',#9070,1.375);
#9070 = AXIS2_PLACEMENT_3D('',#9071,#9072,#9073);
#9071 = CARTESIAN_POINT('',(-20.32,17.78,5.1));
#9072 = DIRECTION('',(0.,0.,1.));
#9073 = DIRECTION('',(1.,0.,-0.));
#9074 = ADVANCED_FACE('',(#9075),#9093,.F.);
#9075 = FACE_BOUND('',#9076,.F.);
#9076 = EDGE_LOOP('',(#9077,#9085,#9086,#9087));
#9077 = ORIENTED_EDGE('',*,*,#9078,.T.);
#9078 = EDGE_CURVE('',#9079,#9048,#9081,.T.);
#9079 = VERTEX_POINT('',#9080);
#9080 = CARTESIAN_POINT('',(-15.24,19.155,6.1));
#9081 = LINE('',#9082,#9083);
#9082 = CARTESIAN_POINT('',(-30.71,19.155,6.1));
#9083 = VECTOR('',#9084,1.);
#9084 = DIRECTION('',(-1.,-0.,0.));
#9085 = ORIENTED_EDGE('',*,*,#9047,.T.);
#9086 = ORIENTED_EDGE('',*,*,#2645,.F.);
#9087 = ORIENTED_EDGE('',*,*,#9088,.F.);
#9088 = EDGE_CURVE('',#9079,#2646,#9089,.T.);
#9089 = LINE('',#9090,#9091);
#9090 = CARTESIAN_POINT('',(-15.24,19.155,5.1));
#9091 = VECTOR('',#9092,1.);
#9092 = DIRECTION('',(0.,0.,1.));
#9093 = PLANE('',#9094);
#9094 = AXIS2_PLACEMENT_3D('',#9095,#9096,#9097);
#9095 = CARTESIAN_POINT('',(-20.32,19.155,5.1));
#9096 = DIRECTION('',(-0.,1.,0.));
#9097 = DIRECTION('',(0.,0.,1.));
#9098 = ADVANCED_FACE('',(#9099),#9117,.T.);
#9099 = FACE_BOUND('',#9100,.T.);
#9100 = EDGE_LOOP('',(#9101,#9109,#9110,#9111));
#9101 = ORIENTED_EDGE('',*,*,#9102,.T.);
#9102 = EDGE_CURVE('',#9103,#9056,#9105,.T.);
#9103 = VERTEX_POINT('',#9104);
#9104 = CARTESIAN_POINT('',(-15.24,16.405,6.1));
#9105 = LINE('',#9106,#9107);
#9106 = CARTESIAN_POINT('',(-30.71,16.405,6.1));
#9107 = VECTOR('',#9108,1.);
#9108 = DIRECTION('',(-1.,-0.,0.));
#9109 = ORIENTED_EDGE('',*,*,#9064,.T.);
#9110 = ORIENTED_EDGE('',*,*,#2671,.F.);
#9111 = ORIENTED_EDGE('',*,*,#9112,.F.);
#9112 = EDGE_CURVE('',#9103,#2663,#9113,.T.);
#9113 = LINE('',#9114,#9115);
#9114 = CARTESIAN_POINT('',(-15.24,16.405,5.1));
#9115 = VECTOR('',#9116,1.);
#9116 = DIRECTION('',(0.,0.,1.));
#9117 = PLANE('',#9118);
#9118 = AXIS2_PLACEMENT_3D('',#9119,#9120,#9121);
#9119 = CARTESIAN_POINT('',(-20.32,16.405,5.1));
#9120 = DIRECTION('',(-0.,1.,0.));
#9121 = DIRECTION('',(0.,0.,1.));
#9122 = ADVANCED_FACE('',(#9123),#9149,.F.);
#9123 = FACE_BOUND('',#9124,.F.);
#9124 = EDGE_LOOP('',(#9125,#9126,#9134,#9143));
#9125 = ORIENTED_EDGE('',*,*,#2679,.F.);
#9126 = ORIENTED_EDGE('',*,*,#9127,.F.);
#9127 = EDGE_CURVE('',#9128,#2680,#9130,.T.);
#9128 = VERTEX_POINT('',#9129);
#9129 = CARTESIAN_POINT('',(-3.705,12.7,6.1));
#9130 = LINE('',#9131,#9132);
#9131 = CARTESIAN_POINT('',(-3.705,12.7,5.1));
#9132 = VECTOR('',#9133,1.);
#9133 = DIRECTION('',(0.,0.,1.));
#9134 = ORIENTED_EDGE('',*,*,#9135,.T.);
#9135 = EDGE_CURVE('',#9128,#9136,#9138,.T.);
#9136 = VERTEX_POINT('',#9137);
#9137 = CARTESIAN_POINT('',(-6.455,12.7,6.1));
#9138 = CIRCLE('',#9139,1.375);
#9139 = AXIS2_PLACEMENT_3D('',#9140,#9141,#9142);
#9140 = CARTESIAN_POINT('',(-5.08,12.7,6.1));
#9141 = DIRECTION('',(0.,0.,1.));
#9142 = DIRECTION('',(1.,0.,-0.));
#9143 = ORIENTED_EDGE('',*,*,#9144,.T.);
#9144 = EDGE_CURVE('',#9136,#2682,#9145,.T.);
#9145 = LINE('',#9146,#9147);
#9146 = CARTESIAN_POINT('',(-6.455,12.7,5.1));
#9147 = VECTOR('',#9148,1.);
#9148 = DIRECTION('',(0.,0.,1.));
#9149 = CYLINDRICAL_SURFACE('',#9150,1.375);
#9150 = AXIS2_PLACEMENT_3D('',#9151,#9152,#9153);
#9151 = CARTESIAN_POINT('',(-5.08,12.7,5.1));
#9152 = DIRECTION('',(0.,0.,1.));
#9153 = DIRECTION('',(1.,0.,-0.));
#9154 = ADVANCED_FACE('',(#9155),#9173,.F.);
#9155 = FACE_BOUND('',#9156,.F.);
#9156 = EDGE_LOOP('',(#9157,#9165,#9171,#9172));
#9157 = ORIENTED_EDGE('',*,*,#9158,.F.);
#9158 = EDGE_CURVE('',#9159,#2691,#9161,.T.);
#9159 = VERTEX_POINT('',#9160);
#9160 = CARTESIAN_POINT('',(-3.705,7.62,6.1));
#9161 = LINE('',#9162,#9163);
#9162 = CARTESIAN_POINT('',(-3.705,7.62,5.1));
#9163 = VECTOR('',#9164,1.);
#9164 = DIRECTION('',(0.,0.,1.));
#9165 = ORIENTED_EDGE('',*,*,#9166,.T.);
#9166 = EDGE_CURVE('',#9159,#9128,#9167,.T.);
#9167 = LINE('',#9168,#9169);
#9168 = CARTESIAN_POINT('',(-3.705,-12.93,6.1));
#9169 = VECTOR('',#9170,1.);
#9170 = DIRECTION('',(-0.,1.,0.));
#9171 = ORIENTED_EDGE('',*,*,#9127,.T.);
#9172 = ORIENTED_EDGE('',*,*,#2690,.F.);
#9173 = PLANE('',#9174);
#9174 = AXIS2_PLACEMENT_3D('',#9175,#9176,#9177);
#9175 = CARTESIAN_POINT('',(-3.705,7.62,5.1));
#9176 = DIRECTION('',(1.,0.,-0.));
#9177 = DIRECTION('',(0.,0.,1.));
#9178 = ADVANCED_FACE('',(#9179),#9197,.T.);
#9179 = FACE_BOUND('',#9180,.T.);
#9180 = EDGE_LOOP('',(#9181,#9189,#9195,#9196));
#9181 = ORIENTED_EDGE('',*,*,#9182,.F.);
#9182 = EDGE_CURVE('',#9183,#2699,#9185,.T.);
#9183 = VERTEX_POINT('',#9184);
#9184 = CARTESIAN_POINT('',(-6.455,7.62,6.1));
#9185 = LINE('',#9186,#9187);
#9186 = CARTESIAN_POINT('',(-6.455,7.62,5.1));
#9187 = VECTOR('',#9188,1.);
#9188 = DIRECTION('',(0.,0.,1.));
#9189 = ORIENTED_EDGE('',*,*,#9190,.T.);
#9190 = EDGE_CURVE('',#9183,#9136,#9191,.T.);
#9191 = LINE('',#9192,#9193);
#9192 = CARTESIAN_POINT('',(-6.455,-12.93,6.1));
#9193 = VECTOR('',#9194,1.);
#9194 = DIRECTION('',(-0.,1.,0.));
#9195 = ORIENTED_EDGE('',*,*,#9144,.T.);
#9196 = ORIENTED_EDGE('',*,*,#2707,.F.);
#9197 = PLANE('',#9198);
#9198 = AXIS2_PLACEMENT_3D('',#9199,#9200,#9201);
#9199 = CARTESIAN_POINT('',(-6.455,7.62,5.1));
#9200 = DIRECTION('',(1.,0.,-0.));
#9201 = DIRECTION('',(0.,0.,1.));
#9202 = ADVANCED_FACE('',(#9203),#9215,.F.);
#9203 = FACE_BOUND('',#9204,.F.);
#9204 = EDGE_LOOP('',(#9205,#9206,#9207,#9208));
#9205 = ORIENTED_EDGE('',*,*,#9158,.T.);
#9206 = ORIENTED_EDGE('',*,*,#2698,.F.);
#9207 = ORIENTED_EDGE('',*,*,#9182,.F.);
#9208 = ORIENTED_EDGE('',*,*,#9209,.T.);
#9209 = EDGE_CURVE('',#9183,#9159,#9210,.T.);
#9210 = CIRCLE('',#9211,1.375);
#9211 = AXIS2_PLACEMENT_3D('',#9212,#9213,#9214);
#9212 = CARTESIAN_POINT('',(-5.08,7.62,6.1));
#9213 = DIRECTION('',(0.,0.,1.));
#9214 = DIRECTION('',(1.,0.,-0.));
#9215 = CYLINDRICAL_SURFACE('',#9216,1.375);
#9216 = AXIS2_PLACEMENT_3D('',#9217,#9218,#9219);
#9217 = CARTESIAN_POINT('',(-5.08,7.62,5.1));
#9218 = DIRECTION('',(0.,0.,1.));
#9219 = DIRECTION('',(1.,0.,-0.));
#9220 = ADVANCED_FACE('',(#9221),#9247,.F.);
#9221 = FACE_BOUND('',#9222,.F.);
#9222 = EDGE_LOOP('',(#9223,#9224,#9232,#9241));
#9223 = ORIENTED_EDGE('',*,*,#2715,.F.);
#9224 = ORIENTED_EDGE('',*,*,#9225,.F.);
#9225 = EDGE_CURVE('',#9226,#2716,#9228,.T.);
#9226 = VERTEX_POINT('',#9227);
#9227 = CARTESIAN_POINT('',(25.4,19.155,6.1));
#9228 = LINE('',#9229,#9230);
#9229 = CARTESIAN_POINT('',(25.4,19.155,5.1));
#9230 = VECTOR('',#9231,1.);
#9231 = DIRECTION('',(0.,0.,1.));
#9232 = ORIENTED_EDGE('',*,*,#9233,.T.);
#9233 = EDGE_CURVE('',#9226,#9234,#9236,.T.);
#9234 = VERTEX_POINT('',#9235);
#9235 = CARTESIAN_POINT('',(25.4,16.405,6.1));
#9236 = CIRCLE('',#9237,1.375);
#9237 = AXIS2_PLACEMENT_3D('',#9238,#9239,#9240);
#9238 = CARTESIAN_POINT('',(25.4,17.78,6.1));
#9239 = DIRECTION('',(0.,0.,1.));
#9240 = DIRECTION('',(1.,0.,-0.));
#9241 = ORIENTED_EDGE('',*,*,#9242,.T.);
#9242 = EDGE_CURVE('',#9234,#2718,#9243,.T.);
#9243 = LINE('',#9244,#9245);
#9244 = CARTESIAN_POINT('',(25.4,16.405,5.1));
#9245 = VECTOR('',#9246,1.);
#9246 = DIRECTION('',(0.,0.,1.));
#9247 = CYLINDRICAL_SURFACE('',#9248,1.375);
#9248 = AXIS2_PLACEMENT_3D('',#9249,#9250,#9251);
#9249 = CARTESIAN_POINT('',(25.4,17.78,5.1));
#9250 = DIRECTION('',(0.,0.,1.));
#9251 = DIRECTION('',(1.,0.,-0.));
#9252 = ADVANCED_FACE('',(#9253),#9271,.F.);
#9253 = FACE_BOUND('',#9254,.F.);
#9254 = EDGE_LOOP('',(#9255,#9263,#9264,#9265));
#9255 = ORIENTED_EDGE('',*,*,#9256,.T.);
#9256 = EDGE_CURVE('',#9257,#9226,#9259,.T.);
#9257 = VERTEX_POINT('',#9258);
#9258 = CARTESIAN_POINT('',(30.48,19.155,6.1));
#9259 = LINE('',#9260,#9261);
#9260 = CARTESIAN_POINT('',(-7.85,19.155,6.1));
#9261 = VECTOR('',#9262,1.);
#9262 = DIRECTION('',(-1.,-0.,0.));
#9263 = ORIENTED_EDGE('',*,*,#9225,.T.);
#9264 = ORIENTED_EDGE('',*,*,#2726,.F.);
#9265 = ORIENTED_EDGE('',*,*,#9266,.F.);
#9266 = EDGE_CURVE('',#9257,#2727,#9267,.T.);
#9267 = LINE('',#9268,#9269);
#9268 = CARTESIAN_POINT('',(30.48,19.155,5.1));
#9269 = VECTOR('',#9270,1.);
#9270 = DIRECTION('',(0.,0.,1.));
#9271 = PLANE('',#9272);
#9272 = AXIS2_PLACEMENT_3D('',#9273,#9274,#9275);
#9273 = CARTESIAN_POINT('',(25.4,19.155,5.1));
#9274 = DIRECTION('',(-0.,1.,0.));
#9275 = DIRECTION('',(0.,0.,1.));
#9276 = ADVANCED_FACE('',(#9277),#9295,.T.);
#9277 = FACE_BOUND('',#9278,.T.);
#9278 = EDGE_LOOP('',(#9279,#9287,#9288,#9289));
#9279 = ORIENTED_EDGE('',*,*,#9280,.T.);
#9280 = EDGE_CURVE('',#9281,#9234,#9283,.T.);
#9281 = VERTEX_POINT('',#9282);
#9282 = CARTESIAN_POINT('',(30.48,16.405,6.1));
#9283 = LINE('',#9284,#9285);
#9284 = CARTESIAN_POINT('',(-7.85,16.405,6.1));
#9285 = VECTOR('',#9286,1.);
#9286 = DIRECTION('',(-1.,-0.,0.));
#9287 = ORIENTED_EDGE('',*,*,#9242,.T.);
#9288 = ORIENTED_EDGE('',*,*,#2752,.F.);
#9289 = ORIENTED_EDGE('',*,*,#9290,.F.);
#9290 = EDGE_CURVE('',#9281,#2744,#9291,.T.);
#9291 = LINE('',#9292,#9293);
#9292 = CARTESIAN_POINT('',(30.48,16.405,5.1));
#9293 = VECTOR('',#9294,1.);
#9294 = DIRECTION('',(0.,0.,1.));
#9295 = PLANE('',#9296);
#9296 = AXIS2_PLACEMENT_3D('',#9297,#9298,#9299);
#9297 = CARTESIAN_POINT('',(25.4,16.405,5.1));
#9298 = DIRECTION('',(-0.,1.,0.));
#9299 = DIRECTION('',(0.,0.,1.));
#9300 = ADVANCED_FACE('',(#9301),#9327,.F.);
#9301 = FACE_BOUND('',#9302,.F.);
#9302 = EDGE_LOOP('',(#9303,#9304,#9312,#9321));
#9303 = ORIENTED_EDGE('',*,*,#2760,.F.);
#9304 = ORIENTED_EDGE('',*,*,#9305,.F.);
#9305 = EDGE_CURVE('',#9306,#2761,#9308,.T.);
#9306 = VERTEX_POINT('',#9307);
#9307 = CARTESIAN_POINT('',(6.455,22.86,6.1));
#9308 = LINE('',#9309,#9310);
#9309 = CARTESIAN_POINT('',(6.455,22.86,5.1));
#9310 = VECTOR('',#9311,1.);
#9311 = DIRECTION('',(0.,0.,1.));
#9312 = ORIENTED_EDGE('',*,*,#9313,.T.);
#9313 = EDGE_CURVE('',#9306,#9314,#9316,.T.);
#9314 = VERTEX_POINT('',#9315);
#9315 = CARTESIAN_POINT('',(3.705,22.86,6.1));
#9316 = CIRCLE('',#9317,1.375);
#9317 = AXIS2_PLACEMENT_3D('',#9318,#9319,#9320);
#9318 = CARTESIAN_POINT('',(5.08,22.86,6.1));
#9319 = DIRECTION('',(0.,0.,1.));
#9320 = DIRECTION('',(1.,0.,-0.));
#9321 = ORIENTED_EDGE('',*,*,#9322,.T.);
#9322 = EDGE_CURVE('',#9314,#2763,#9323,.T.);
#9323 = LINE('',#9324,#9325);
#9324 = CARTESIAN_POINT('',(3.705,22.86,5.1));
#9325 = VECTOR('',#9326,1.);
#9326 = DIRECTION('',(0.,0.,1.));
#9327 = CYLINDRICAL_SURFACE('',#9328,1.375);
#9328 = AXIS2_PLACEMENT_3D('',#9329,#9330,#9331);
#9329 = CARTESIAN_POINT('',(5.08,22.86,5.1));
#9330 = DIRECTION('',(0.,0.,1.));
#9331 = DIRECTION('',(1.,0.,-0.));
#9332 = ADVANCED_FACE('',(#9333),#9351,.F.);
#9333 = FACE_BOUND('',#9334,.F.);
#9334 = EDGE_LOOP('',(#9335,#9343,#9349,#9350));
#9335 = ORIENTED_EDGE('',*,*,#9336,.F.);
#9336 = EDGE_CURVE('',#9337,#2772,#9339,.T.);
#9337 = VERTEX_POINT('',#9338);
#9338 = CARTESIAN_POINT('',(6.455,17.78,6.1));
#9339 = LINE('',#9340,#9341);
#9340 = CARTESIAN_POINT('',(6.455,17.78,5.1));
#9341 = VECTOR('',#9342,1.);
#9342 = DIRECTION('',(0.,0.,1.));
#9343 = ORIENTED_EDGE('',*,*,#9344,.T.);
#9344 = EDGE_CURVE('',#9337,#9306,#9345,.T.);
#9345 = LINE('',#9346,#9347);
#9346 = CARTESIAN_POINT('',(6.455,-7.85,6.1));
#9347 = VECTOR('',#9348,1.);
#9348 = DIRECTION('',(-0.,1.,0.));
#9349 = ORIENTED_EDGE('',*,*,#9305,.T.);
#9350 = ORIENTED_EDGE('',*,*,#2771,.F.);
#9351 = PLANE('',#9352);
#9352 = AXIS2_PLACEMENT_3D('',#9353,#9354,#9355);
#9353 = CARTESIAN_POINT('',(6.455,17.78,5.1));
#9354 = DIRECTION('',(1.,0.,-0.));
#9355 = DIRECTION('',(0.,0.,1.));
#9356 = ADVANCED_FACE('',(#9357),#9375,.T.);
#9357 = FACE_BOUND('',#9358,.T.);
#9358 = EDGE_LOOP('',(#9359,#9367,#9373,#9374));
#9359 = ORIENTED_EDGE('',*,*,#9360,.F.);
#9360 = EDGE_CURVE('',#9361,#2780,#9363,.T.);
#9361 = VERTEX_POINT('',#9362);
#9362 = CARTESIAN_POINT('',(3.705,17.78,6.1));
#9363 = LINE('',#9364,#9365);
#9364 = CARTESIAN_POINT('',(3.705,17.78,5.1));
#9365 = VECTOR('',#9366,1.);
#9366 = DIRECTION('',(0.,0.,1.));
#9367 = ORIENTED_EDGE('',*,*,#9368,.T.);
#9368 = EDGE_CURVE('',#9361,#9314,#9369,.T.);
#9369 = LINE('',#9370,#9371);
#9370 = CARTESIAN_POINT('',(3.705,-7.85,6.1));
#9371 = VECTOR('',#9372,1.);
#9372 = DIRECTION('',(-0.,1.,0.));
#9373 = ORIENTED_EDGE('',*,*,#9322,.T.);
#9374 = ORIENTED_EDGE('',*,*,#2788,.F.);
#9375 = PLANE('',#9376);
#9376 = AXIS2_PLACEMENT_3D('',#9377,#9378,#9379);
#9377 = CARTESIAN_POINT('',(3.705,17.78,5.1));
#9378 = DIRECTION('',(1.,0.,-0.));
#9379 = DIRECTION('',(0.,0.,1.));
#9380 = ADVANCED_FACE('',(#9381),#9393,.F.);
#9381 = FACE_BOUND('',#9382,.F.);
#9382 = EDGE_LOOP('',(#9383,#9384,#9385,#9386));
#9383 = ORIENTED_EDGE('',*,*,#9336,.T.);
#9384 = ORIENTED_EDGE('',*,*,#2779,.F.);
#9385 = ORIENTED_EDGE('',*,*,#9360,.F.);
#9386 = ORIENTED_EDGE('',*,*,#9387,.T.);
#9387 = EDGE_CURVE('',#9361,#9337,#9388,.T.);
#9388 = CIRCLE('',#9389,1.375);
#9389 = AXIS2_PLACEMENT_3D('',#9390,#9391,#9392);
#9390 = CARTESIAN_POINT('',(5.08,17.78,6.1));
#9391 = DIRECTION('',(0.,0.,1.));
#9392 = DIRECTION('',(1.,0.,-0.));
#9393 = CYLINDRICAL_SURFACE('',#9394,1.375);
#9394 = AXIS2_PLACEMENT_3D('',#9395,#9396,#9397);
#9395 = CARTESIAN_POINT('',(5.08,17.78,5.1));
#9396 = DIRECTION('',(0.,0.,1.));
#9397 = DIRECTION('',(1.,0.,-0.));
#9398 = ADVANCED_FACE('',(#9399),#9425,.F.);
#9399 = FACE_BOUND('',#9400,.F.);
#9400 = EDGE_LOOP('',(#9401,#9402,#9410,#9419));
#9401 = ORIENTED_EDGE('',*,*,#2796,.F.);
#9402 = ORIENTED_EDGE('',*,*,#9403,.F.);
#9403 = EDGE_CURVE('',#9404,#2797,#9406,.T.);
#9404 = VERTEX_POINT('',#9405);
#9405 = CARTESIAN_POINT('',(21.695,22.86,6.1));
#9406 = LINE('',#9407,#9408);
#9407 = CARTESIAN_POINT('',(21.695,22.86,5.1));
#9408 = VECTOR('',#9409,1.);
#9409 = DIRECTION('',(0.,0.,1.));
#9410 = ORIENTED_EDGE('',*,*,#9411,.T.);
#9411 = EDGE_CURVE('',#9404,#9412,#9414,.T.);
#9412 = VERTEX_POINT('',#9413);
#9413 = CARTESIAN_POINT('',(18.945,22.86,6.1));
#9414 = CIRCLE('',#9415,1.375);
#9415 = AXIS2_PLACEMENT_3D('',#9416,#9417,#9418);
#9416 = CARTESIAN_POINT('',(20.32,22.86,6.1));
#9417 = DIRECTION('',(0.,0.,1.));
#9418 = DIRECTION('',(1.,0.,-0.));
#9419 = ORIENTED_EDGE('',*,*,#9420,.T.);
#9420 = EDGE_CURVE('',#9412,#2799,#9421,.T.);
#9421 = LINE('',#9422,#9423);
#9422 = CARTESIAN_POINT('',(18.945,22.86,5.1));
#9423 = VECTOR('',#9424,1.);
#9424 = DIRECTION('',(0.,0.,1.));
#9425 = CYLINDRICAL_SURFACE('',#9426,1.375);
#9426 = AXIS2_PLACEMENT_3D('',#9427,#9428,#9429);
#9427 = CARTESIAN_POINT('',(20.32,22.86,5.1));
#9428 = DIRECTION('',(0.,0.,1.));
#9429 = DIRECTION('',(1.,0.,-0.));
#9430 = ADVANCED_FACE('',(#9431),#9449,.F.);
#9431 = FACE_BOUND('',#9432,.F.);
#9432 = EDGE_LOOP('',(#9433,#9441,#9447,#9448));
#9433 = ORIENTED_EDGE('',*,*,#9434,.F.);
#9434 = EDGE_CURVE('',#9435,#2808,#9437,.T.);
#9435 = VERTEX_POINT('',#9436);
#9436 = CARTESIAN_POINT('',(21.695,17.78,6.1));
#9437 = LINE('',#9438,#9439);
#9438 = CARTESIAN_POINT('',(21.695,17.78,5.1));
#9439 = VECTOR('',#9440,1.);
#9440 = DIRECTION('',(0.,0.,1.));
#9441 = ORIENTED_EDGE('',*,*,#9442,.T.);
#9442 = EDGE_CURVE('',#9435,#9404,#9443,.T.);
#9443 = LINE('',#9444,#9445);
#9444 = CARTESIAN_POINT('',(21.695,-7.85,6.1));
#9445 = VECTOR('',#9446,1.);
#9446 = DIRECTION('',(-0.,1.,0.));
#9447 = ORIENTED_EDGE('',*,*,#9403,.T.);
#9448 = ORIENTED_EDGE('',*,*,#2807,.F.);
#9449 = PLANE('',#9450);
#9450 = AXIS2_PLACEMENT_3D('',#9451,#9452,#9453);
#9451 = CARTESIAN_POINT('',(21.695,17.78,5.1));
#9452 = DIRECTION('',(1.,0.,-0.));
#9453 = DIRECTION('',(0.,0.,1.));
#9454 = ADVANCED_FACE('',(#9455),#9473,.T.);
#9455 = FACE_BOUND('',#9456,.T.);
#9456 = EDGE_LOOP('',(#9457,#9465,#9471,#9472));
#9457 = ORIENTED_EDGE('',*,*,#9458,.F.);
#9458 = EDGE_CURVE('',#9459,#2816,#9461,.T.);
#9459 = VERTEX_POINT('',#9460);
#9460 = CARTESIAN_POINT('',(18.945,17.78,6.1));
#9461 = LINE('',#9462,#9463);
#9462 = CARTESIAN_POINT('',(18.945,17.78,5.1));
#9463 = VECTOR('',#9464,1.);
#9464 = DIRECTION('',(0.,0.,1.));
#9465 = ORIENTED_EDGE('',*,*,#9466,.T.);
#9466 = EDGE_CURVE('',#9459,#9412,#9467,.T.);
#9467 = LINE('',#9468,#9469);
#9468 = CARTESIAN_POINT('',(18.945,-7.85,6.1));
#9469 = VECTOR('',#9470,1.);
#9470 = DIRECTION('',(-0.,1.,0.));
#9471 = ORIENTED_EDGE('',*,*,#9420,.T.);
#9472 = ORIENTED_EDGE('',*,*,#2824,.F.);
#9473 = PLANE('',#9474);
#9474 = AXIS2_PLACEMENT_3D('',#9475,#9476,#9477);
#9475 = CARTESIAN_POINT('',(18.945,17.78,5.1));
#9476 = DIRECTION('',(1.,0.,-0.));
#9477 = DIRECTION('',(0.,0.,1.));
#9478 = ADVANCED_FACE('',(#9479),#9491,.F.);
#9479 = FACE_BOUND('',#9480,.F.);
#9480 = EDGE_LOOP('',(#9481,#9482,#9483,#9484));
#9481 = ORIENTED_EDGE('',*,*,#9434,.T.);
#9482 = ORIENTED_EDGE('',*,*,#2815,.F.);
#9483 = ORIENTED_EDGE('',*,*,#9458,.F.);
#9484 = ORIENTED_EDGE('',*,*,#9485,.T.);
#9485 = EDGE_CURVE('',#9459,#9435,#9486,.T.);
#9486 = CIRCLE('',#9487,1.375);
#9487 = AXIS2_PLACEMENT_3D('',#9488,#9489,#9490);
#9488 = CARTESIAN_POINT('',(20.32,17.78,6.1));
#9489 = DIRECTION('',(0.,0.,1.));
#9490 = DIRECTION('',(1.,0.,-0.));
#9491 = CYLINDRICAL_SURFACE('',#9492,1.375);
#9492 = AXIS2_PLACEMENT_3D('',#9493,#9494,#9495);
#9493 = CARTESIAN_POINT('',(20.32,17.78,5.1));
#9494 = DIRECTION('',(0.,0.,1.));
#9495 = DIRECTION('',(1.,0.,-0.));
#9496 = ADVANCED_FACE('',(#9497),#9523,.F.);
#9497 = FACE_BOUND('',#9498,.F.);
#9498 = EDGE_LOOP('',(#9499,#9500,#9508,#9517));
#9499 = ORIENTED_EDGE('',*,*,#2832,.F.);
#9500 = ORIENTED_EDGE('',*,*,#9501,.F.);
#9501 = EDGE_CURVE('',#9502,#2833,#9504,.T.);
#9502 = VERTEX_POINT('',#9503);
#9503 = CARTESIAN_POINT('',(25.4,-11.325,6.1));
#9504 = LINE('',#9505,#9506);
#9505 = CARTESIAN_POINT('',(25.4,-11.325,5.1));
#9506 = VECTOR('',#9507,1.);
#9507 = DIRECTION('',(0.,0.,1.));
#9508 = ORIENTED_EDGE('',*,*,#9509,.T.);
#9509 = EDGE_CURVE('',#9502,#9510,#9512,.T.);
#9510 = VERTEX_POINT('',#9511);
#9511 = CARTESIAN_POINT('',(25.4,-14.075,6.1));
#9512 = CIRCLE('',#9513,1.375);
#9513 = AXIS2_PLACEMENT_3D('',#9514,#9515,#9516);
#9514 = CARTESIAN_POINT('',(25.4,-12.7,6.1));
#9515 = DIRECTION('',(0.,0.,1.));
#9516 = DIRECTION('',(1.,0.,-0.));
#9517 = ORIENTED_EDGE('',*,*,#9518,.T.);
#9518 = EDGE_CURVE('',#9510,#2835,#9519,.T.);
#9519 = LINE('',#9520,#9521);
#9520 = CARTESIAN_POINT('',(25.4,-14.075,5.1));
#9521 = VECTOR('',#9522,1.);
#9522 = DIRECTION('',(0.,0.,1.));
#9523 = CYLINDRICAL_SURFACE('',#9524,1.375);
#9524 = AXIS2_PLACEMENT_3D('',#9525,#9526,#9527);
#9525 = CARTESIAN_POINT('',(25.4,-12.7,5.1));
#9526 = DIRECTION('',(0.,0.,1.));
#9527 = DIRECTION('',(1.,0.,-0.));
#9528 = ADVANCED_FACE('',(#9529),#9547,.F.);
#9529 = FACE_BOUND('',#9530,.F.);
#9530 = EDGE_LOOP('',(#9531,#9539,#9540,#9541));
#9531 = ORIENTED_EDGE('',*,*,#9532,.T.);
#9532 = EDGE_CURVE('',#9533,#9502,#9535,.T.);
#9533 = VERTEX_POINT('',#9534);
#9534 = CARTESIAN_POINT('',(30.48,-11.325,6.1));
#9535 = LINE('',#9536,#9537);
#9536 = CARTESIAN_POINT('',(-7.85,-11.325,6.1));
#9537 = VECTOR('',#9538,1.);
#9538 = DIRECTION('',(-1.,-0.,0.));
#9539 = ORIENTED_EDGE('',*,*,#9501,.T.);
#9540 = ORIENTED_EDGE('',*,*,#2843,.F.);
#9541 = ORIENTED_EDGE('',*,*,#9542,.F.);
#9542 = EDGE_CURVE('',#9533,#2844,#9543,.T.);
#9543 = LINE('',#9544,#9545);
#9544 = CARTESIAN_POINT('',(30.48,-11.325,5.1));
#9545 = VECTOR('',#9546,1.);
#9546 = DIRECTION('',(0.,0.,1.));
#9547 = PLANE('',#9548);
#9548 = AXIS2_PLACEMENT_3D('',#9549,#9550,#9551);
#9549 = CARTESIAN_POINT('',(25.4,-11.325,5.1));
#9550 = DIRECTION('',(-0.,1.,0.));
#9551 = DIRECTION('',(0.,0.,1.));
#9552 = ADVANCED_FACE('',(#9553),#9571,.T.);
#9553 = FACE_BOUND('',#9554,.T.);
#9554 = EDGE_LOOP('',(#9555,#9563,#9564,#9565));
#9555 = ORIENTED_EDGE('',*,*,#9556,.T.);
#9556 = EDGE_CURVE('',#9557,#9510,#9559,.T.);
#9557 = VERTEX_POINT('',#9558);
#9558 = CARTESIAN_POINT('',(30.48,-14.075,6.1));
#9559 = LINE('',#9560,#9561);
#9560 = CARTESIAN_POINT('',(-7.85,-14.075,6.1));
#9561 = VECTOR('',#9562,1.);
#9562 = DIRECTION('',(-1.,-0.,0.));
#9563 = ORIENTED_EDGE('',*,*,#9518,.T.);
#9564 = ORIENTED_EDGE('',*,*,#2869,.F.);
#9565 = ORIENTED_EDGE('',*,*,#9566,.F.);
#9566 = EDGE_CURVE('',#9557,#2861,#9567,.T.);
#9567 = LINE('',#9568,#9569);
#9568 = CARTESIAN_POINT('',(30.48,-14.075,5.1));
#9569 = VECTOR('',#9570,1.);
#9570 = DIRECTION('',(0.,0.,1.));
#9571 = PLANE('',#9572);
#9572 = AXIS2_PLACEMENT_3D('',#9573,#9574,#9575);
#9573 = CARTESIAN_POINT('',(25.4,-14.075,5.1));
#9574 = DIRECTION('',(-0.,1.,0.));
#9575 = DIRECTION('',(0.,0.,1.));
#9576 = ADVANCED_FACE('',(#9577),#9603,.F.);
#9577 = FACE_BOUND('',#9578,.F.);
#9578 = EDGE_LOOP('',(#9579,#9580,#9588,#9597));
#9579 = ORIENTED_EDGE('',*,*,#2877,.F.);
#9580 = ORIENTED_EDGE('',*,*,#9581,.F.);
#9581 = EDGE_CURVE('',#9582,#2878,#9584,.T.);
#9582 = VERTEX_POINT('',#9583);
#9583 = CARTESIAN_POINT('',(25.4,3.915,6.1));
#9584 = LINE('',#9585,#9586);
#9585 = CARTESIAN_POINT('',(25.4,3.915,5.1));
#9586 = VECTOR('',#9587,1.);
#9587 = DIRECTION('',(0.,0.,1.));
#9588 = ORIENTED_EDGE('',*,*,#9589,.T.);
#9589 = EDGE_CURVE('',#9582,#9590,#9592,.T.);
#9590 = VERTEX_POINT('',#9591);
#9591 = CARTESIAN_POINT('',(25.4,1.165,6.1));
#9592 = CIRCLE('',#9593,1.375);
#9593 = AXIS2_PLACEMENT_3D('',#9594,#9595,#9596);
#9594 = CARTESIAN_POINT('',(25.4,2.54,6.1));
#9595 = DIRECTION('',(0.,0.,1.));
#9596 = DIRECTION('',(1.,0.,-0.));
#9597 = ORIENTED_EDGE('',*,*,#9598,.T.);
#9598 = EDGE_CURVE('',#9590,#2880,#9599,.T.);
#9599 = LINE('',#9600,#9601);
#9600 = CARTESIAN_POINT('',(25.4,1.165,5.1));
#9601 = VECTOR('',#9602,1.);
#9602 = DIRECTION('',(0.,0.,1.));
#9603 = CYLINDRICAL_SURFACE('',#9604,1.375);
#9604 = AXIS2_PLACEMENT_3D('',#9605,#9606,#9607);
#9605 = CARTESIAN_POINT('',(25.4,2.54,5.1));
#9606 = DIRECTION('',(0.,0.,1.));
#9607 = DIRECTION('',(1.,0.,-0.));
#9608 = ADVANCED_FACE('',(#9609),#9627,.F.);
#9609 = FACE_BOUND('',#9610,.F.);
#9610 = EDGE_LOOP('',(#9611,#9619,#9620,#9621));
#9611 = ORIENTED_EDGE('',*,*,#9612,.T.);
#9612 = EDGE_CURVE('',#9613,#9582,#9615,.T.);
#9613 = VERTEX_POINT('',#9614);
#9614 = CARTESIAN_POINT('',(30.48,3.915,6.1));
#9615 = LINE('',#9616,#9617);
#9616 = CARTESIAN_POINT('',(-7.85,3.915,6.1));
#9617 = VECTOR('',#9618,1.);
#9618 = DIRECTION('',(-1.,-0.,0.));
#9619 = ORIENTED_EDGE('',*,*,#9581,.T.);
#9620 = ORIENTED_EDGE('',*,*,#2888,.F.);
#9621 = ORIENTED_EDGE('',*,*,#9622,.F.);
#9622 = EDGE_CURVE('',#9613,#2889,#9623,.T.);
#9623 = LINE('',#9624,#9625);
#9624 = CARTESIAN_POINT('',(30.48,3.915,5.1));
#9625 = VECTOR('',#9626,1.);
#9626 = DIRECTION('',(0.,0.,1.));
#9627 = PLANE('',#9628);
#9628 = AXIS2_PLACEMENT_3D('',#9629,#9630,#9631);
#9629 = CARTESIAN_POINT('',(25.4,3.915,5.1));
#9630 = DIRECTION('',(-0.,1.,0.));
#9631 = DIRECTION('',(0.,0.,1.));
#9632 = ADVANCED_FACE('',(#9633),#9651,.T.);
#9633 = FACE_BOUND('',#9634,.T.);
#9634 = EDGE_LOOP('',(#9635,#9643,#9644,#9645));
#9635 = ORIENTED_EDGE('',*,*,#9636,.T.);
#9636 = EDGE_CURVE('',#9637,#9590,#9639,.T.);
#9637 = VERTEX_POINT('',#9638);
#9638 = CARTESIAN_POINT('',(30.48,1.165,6.1));
#9639 = LINE('',#9640,#9641);
#9640 = CARTESIAN_POINT('',(-7.85,1.165,6.1));
#9641 = VECTOR('',#9642,1.);
#9642 = DIRECTION('',(-1.,-0.,0.));
#9643 = ORIENTED_EDGE('',*,*,#9598,.T.);
#9644 = ORIENTED_EDGE('',*,*,#2914,.F.);
#9645 = ORIENTED_EDGE('',*,*,#9646,.F.);
#9646 = EDGE_CURVE('',#9637,#2906,#9647,.T.);
#9647 = LINE('',#9648,#9649);
#9648 = CARTESIAN_POINT('',(30.48,1.165,5.1));
#9649 = VECTOR('',#9650,1.);
#9650 = DIRECTION('',(0.,0.,1.));
#9651 = PLANE('',#9652);
#9652 = AXIS2_PLACEMENT_3D('',#9653,#9654,#9655);
#9653 = CARTESIAN_POINT('',(25.4,1.165,5.1));
#9654 = DIRECTION('',(-0.,1.,0.));
#9655 = DIRECTION('',(0.,0.,1.));
#9656 = ADVANCED_FACE('',(#9657),#9683,.F.);
#9657 = FACE_BOUND('',#9658,.F.);
#9658 = EDGE_LOOP('',(#9659,#9660,#9668,#9677));
#9659 = ORIENTED_EDGE('',*,*,#2922,.F.);
#9660 = ORIENTED_EDGE('',*,*,#9661,.F.);
#9661 = EDGE_CURVE('',#9662,#2923,#9664,.T.);
#9662 = VERTEX_POINT('',#9663);
#9663 = CARTESIAN_POINT('',(25.4,-26.565,6.1));
#9664 = LINE('',#9665,#9666);
#9665 = CARTESIAN_POINT('',(25.4,-26.565,5.1));
#9666 = VECTOR('',#9667,1.);
#9667 = DIRECTION('',(0.,0.,1.));
#9668 = ORIENTED_EDGE('',*,*,#9669,.T.);
#9669 = EDGE_CURVE('',#9662,#9670,#9672,.T.);
#9670 = VERTEX_POINT('',#9671);
#9671 = CARTESIAN_POINT('',(25.4,-29.315,6.1));
#9672 = CIRCLE('',#9673,1.375);
#9673 = AXIS2_PLACEMENT_3D('',#9674,#9675,#9676);
#9674 = CARTESIAN_POINT('',(25.4,-27.94,6.1));
#9675 = DIRECTION('',(0.,0.,1.));
#9676 = DIRECTION('',(1.,0.,-0.));
#9677 = ORIENTED_EDGE('',*,*,#9678,.T.);
#9678 = EDGE_CURVE('',#9670,#2925,#9679,.T.);
#9679 = LINE('',#9680,#9681);
#9680 = CARTESIAN_POINT('',(25.4,-29.315,5.1));
#9681 = VECTOR('',#9682,1.);
#9682 = DIRECTION('',(0.,0.,1.));
#9683 = CYLINDRICAL_SURFACE('',#9684,1.375);
#9684 = AXIS2_PLACEMENT_3D('',#9685,#9686,#9687);
#9685 = CARTESIAN_POINT('',(25.4,-27.94,5.1));
#9686 = DIRECTION('',(0.,0.,1.));
#9687 = DIRECTION('',(1.,0.,-0.));
#9688 = ADVANCED_FACE('',(#9689),#9707,.F.);
#9689 = FACE_BOUND('',#9690,.F.);
#9690 = EDGE_LOOP('',(#9691,#9699,#9700,#9701));
#9691 = ORIENTED_EDGE('',*,*,#9692,.T.);
#9692 = EDGE_CURVE('',#9693,#9662,#9695,.T.);
#9693 = VERTEX_POINT('',#9694);
#9694 = CARTESIAN_POINT('',(30.48,-26.565,6.1));
#9695 = LINE('',#9696,#9697);
#9696 = CARTESIAN_POINT('',(-7.85,-26.565,6.1));
#9697 = VECTOR('',#9698,1.);
#9698 = DIRECTION('',(-1.,-0.,0.));
#9699 = ORIENTED_EDGE('',*,*,#9661,.T.);
#9700 = ORIENTED_EDGE('',*,*,#2933,.F.);
#9701 = ORIENTED_EDGE('',*,*,#9702,.F.);
#9702 = EDGE_CURVE('',#9693,#2934,#9703,.T.);
#9703 = LINE('',#9704,#9705);
#9704 = CARTESIAN_POINT('',(30.48,-26.565,5.1));
#9705 = VECTOR('',#9706,1.);
#9706 = DIRECTION('',(0.,0.,1.));
#9707 = PLANE('',#9708);
#9708 = AXIS2_PLACEMENT_3D('',#9709,#9710,#9711);
#9709 = CARTESIAN_POINT('',(25.4,-26.565,5.1));
#9710 = DIRECTION('',(-0.,1.,0.));
#9711 = DIRECTION('',(0.,0.,1.));
#9712 = ADVANCED_FACE('',(#9713),#9731,.T.);
#9713 = FACE_BOUND('',#9714,.T.);
#9714 = EDGE_LOOP('',(#9715,#9723,#9724,#9725));
#9715 = ORIENTED_EDGE('',*,*,#9716,.T.);
#9716 = EDGE_CURVE('',#9717,#9670,#9719,.T.);
#9717 = VERTEX_POINT('',#9718);
#9718 = CARTESIAN_POINT('',(30.48,-29.315,6.1));
#9719 = LINE('',#9720,#9721);
#9720 = CARTESIAN_POINT('',(-7.85,-29.315,6.1));
#9721 = VECTOR('',#9722,1.);
#9722 = DIRECTION('',(-1.,-0.,0.));
#9723 = ORIENTED_EDGE('',*,*,#9678,.T.);
#9724 = ORIENTED_EDGE('',*,*,#2959,.F.);
#9725 = ORIENTED_EDGE('',*,*,#9726,.F.);
#9726 = EDGE_CURVE('',#9717,#2951,#9727,.T.);
#9727 = LINE('',#9728,#9729);
#9728 = CARTESIAN_POINT('',(30.48,-29.315,5.1));
#9729 = VECTOR('',#9730,1.);
#9730 = DIRECTION('',(0.,0.,1.));
#9731 = PLANE('',#9732);
#9732 = AXIS2_PLACEMENT_3D('',#9733,#9734,#9735);
#9733 = CARTESIAN_POINT('',(25.4,-29.315,5.1));
#9734 = DIRECTION('',(-0.,1.,0.));
#9735 = DIRECTION('',(0.,0.,1.));
#9736 = ADVANCED_FACE('',(#9737),#9763,.F.);
#9737 = FACE_BOUND('',#9738,.F.);
#9738 = EDGE_LOOP('',(#9739,#9740,#9748,#9757));
#9739 = ORIENTED_EDGE('',*,*,#2967,.F.);
#9740 = ORIENTED_EDGE('',*,*,#9741,.F.);
#9741 = EDGE_CURVE('',#9742,#2968,#9744,.T.);
#9742 = VERTEX_POINT('',#9743);
#9743 = CARTESIAN_POINT('',(-8.785,22.86,6.1));
#9744 = LINE('',#9745,#9746);
#9745 = CARTESIAN_POINT('',(-8.785,22.86,5.1));
#9746 = VECTOR('',#9747,1.);
#9747 = DIRECTION('',(0.,0.,1.));
#9748 = ORIENTED_EDGE('',*,*,#9749,.T.);
#9749 = EDGE_CURVE('',#9742,#9750,#9752,.T.);
#9750 = VERTEX_POINT('',#9751);
#9751 = CARTESIAN_POINT('',(-11.535,22.86,6.1));
#9752 = CIRCLE('',#9753,1.375);
#9753 = AXIS2_PLACEMENT_3D('',#9754,#9755,#9756);
#9754 = CARTESIAN_POINT('',(-10.16,22.86,6.1));
#9755 = DIRECTION('',(0.,0.,1.));
#9756 = DIRECTION('',(1.,0.,-0.));
#9757 = ORIENTED_EDGE('',*,*,#9758,.T.);
#9758 = EDGE_CURVE('',#9750,#2970,#9759,.T.);
#9759 = LINE('',#9760,#9761);
#9760 = CARTESIAN_POINT('',(-11.535,22.86,5.1));
#9761 = VECTOR('',#9762,1.);
#9762 = DIRECTION('',(0.,0.,1.));
#9763 = CYLINDRICAL_SURFACE('',#9764,1.375);
#9764 = AXIS2_PLACEMENT_3D('',#9765,#9766,#9767);
#9765 = CARTESIAN_POINT('',(-10.16,22.86,5.1));
#9766 = DIRECTION('',(0.,0.,1.));
#9767 = DIRECTION('',(1.,0.,-0.));
#9768 = ADVANCED_FACE('',(#9769),#9787,.F.);
#9769 = FACE_BOUND('',#9770,.F.);
#9770 = EDGE_LOOP('',(#9771,#9779,#9785,#9786));
#9771 = ORIENTED_EDGE('',*,*,#9772,.F.);
#9772 = EDGE_CURVE('',#9773,#2979,#9775,.T.);
#9773 = VERTEX_POINT('',#9774);
#9774 = CARTESIAN_POINT('',(-8.785,17.78,6.1));
#9775 = LINE('',#9776,#9777);
#9776 = CARTESIAN_POINT('',(-8.785,17.78,5.1));
#9777 = VECTOR('',#9778,1.);
#9778 = DIRECTION('',(0.,0.,1.));
#9779 = ORIENTED_EDGE('',*,*,#9780,.T.);
#9780 = EDGE_CURVE('',#9773,#9742,#9781,.T.);
#9781 = LINE('',#9782,#9783);
#9782 = CARTESIAN_POINT('',(-8.785,-7.85,6.1));
#9783 = VECTOR('',#9784,1.);
#9784 = DIRECTION('',(-0.,1.,0.));
#9785 = ORIENTED_EDGE('',*,*,#9741,.T.);
#9786 = ORIENTED_EDGE('',*,*,#2978,.F.);
#9787 = PLANE('',#9788);
#9788 = AXIS2_PLACEMENT_3D('',#9789,#9790,#9791);
#9789 = CARTESIAN_POINT('',(-8.785,17.78,5.1));
#9790 = DIRECTION('',(1.,0.,-0.));
#9791 = DIRECTION('',(0.,0.,1.));
#9792 = ADVANCED_FACE('',(#9793),#9811,.T.);
#9793 = FACE_BOUND('',#9794,.T.);
#9794 = EDGE_LOOP('',(#9795,#9803,#9809,#9810));
#9795 = ORIENTED_EDGE('',*,*,#9796,.F.);
#9796 = EDGE_CURVE('',#9797,#2987,#9799,.T.);
#9797 = VERTEX_POINT('',#9798);
#9798 = CARTESIAN_POINT('',(-11.535,17.78,6.1));
#9799 = LINE('',#9800,#9801);
#9800 = CARTESIAN_POINT('',(-11.535,17.78,5.1));
#9801 = VECTOR('',#9802,1.);
#9802 = DIRECTION('',(0.,0.,1.));
#9803 = ORIENTED_EDGE('',*,*,#9804,.T.);
#9804 = EDGE_CURVE('',#9797,#9750,#9805,.T.);
#9805 = LINE('',#9806,#9807);
#9806 = CARTESIAN_POINT('',(-11.535,-7.85,6.1));
#9807 = VECTOR('',#9808,1.);
#9808 = DIRECTION('',(-0.,1.,0.));
#9809 = ORIENTED_EDGE('',*,*,#9758,.T.);
#9810 = ORIENTED_EDGE('',*,*,#2995,.F.);
#9811 = PLANE('',#9812);
#9812 = AXIS2_PLACEMENT_3D('',#9813,#9814,#9815);
#9813 = CARTESIAN_POINT('',(-11.535,17.78,5.1));
#9814 = DIRECTION('',(1.,0.,-0.));
#9815 = DIRECTION('',(0.,0.,1.));
#9816 = ADVANCED_FACE('',(#9817),#9829,.F.);
#9817 = FACE_BOUND('',#9818,.F.);
#9818 = EDGE_LOOP('',(#9819,#9820,#9821,#9822));
#9819 = ORIENTED_EDGE('',*,*,#9772,.T.);
#9820 = ORIENTED_EDGE('',*,*,#2986,.F.);
#9821 = ORIENTED_EDGE('',*,*,#9796,.F.);
#9822 = ORIENTED_EDGE('',*,*,#9823,.T.);
#9823 = EDGE_CURVE('',#9797,#9773,#9824,.T.);
#9824 = CIRCLE('',#9825,1.375);
#9825 = AXIS2_PLACEMENT_3D('',#9826,#9827,#9828);
#9826 = CARTESIAN_POINT('',(-10.16,17.78,6.1));
#9827 = DIRECTION('',(0.,0.,1.));
#9828 = DIRECTION('',(1.,0.,-0.));
#9829 = CYLINDRICAL_SURFACE('',#9830,1.375);
#9830 = AXIS2_PLACEMENT_3D('',#9831,#9832,#9833);
#9831 = CARTESIAN_POINT('',(-10.16,17.78,5.1));
#9832 = DIRECTION('',(0.,0.,1.));
#9833 = DIRECTION('',(1.,0.,-0.));
#9834 = ADVANCED_FACE('',(#9835),#9861,.F.);
#9835 = FACE_BOUND('',#9836,.F.);
#9836 = EDGE_LOOP('',(#9837,#9838,#9846,#9855));
#9837 = ORIENTED_EDGE('',*,*,#3003,.F.);
#9838 = ORIENTED_EDGE('',*,*,#9839,.F.);
#9839 = EDGE_CURVE('',#9840,#3004,#9842,.T.);
#9840 = VERTEX_POINT('',#9841);
#9841 = CARTESIAN_POINT('',(36.935,22.86,6.1));
#9842 = LINE('',#9843,#9844);
#9843 = CARTESIAN_POINT('',(36.935,22.86,5.1));
#9844 = VECTOR('',#9845,1.);
#9845 = DIRECTION('',(0.,0.,1.));
#9846 = ORIENTED_EDGE('',*,*,#9847,.T.);
#9847 = EDGE_CURVE('',#9840,#9848,#9850,.T.);
#9848 = VERTEX_POINT('',#9849);
#9849 = CARTESIAN_POINT('',(34.185,22.86,6.1));
#9850 = CIRCLE('',#9851,1.375);
#9851 = AXIS2_PLACEMENT_3D('',#9852,#9853,#9854);
#9852 = CARTESIAN_POINT('',(35.56,22.86,6.1));
#9853 = DIRECTION('',(0.,0.,1.));
#9854 = DIRECTION('',(1.,0.,-0.));
#9855 = ORIENTED_EDGE('',*,*,#9856,.T.);
#9856 = EDGE_CURVE('',#9848,#3006,#9857,.T.);
#9857 = LINE('',#9858,#9859);
#9858 = CARTESIAN_POINT('',(34.185,22.86,5.1));
#9859 = VECTOR('',#9860,1.);
#9860 = DIRECTION('',(0.,0.,1.));
#9861 = CYLINDRICAL_SURFACE('',#9862,1.375);
#9862 = AXIS2_PLACEMENT_3D('',#9863,#9864,#9865);
#9863 = CARTESIAN_POINT('',(35.56,22.86,5.1));
#9864 = DIRECTION('',(0.,0.,1.));
#9865 = DIRECTION('',(1.,0.,-0.));
#9866 = ADVANCED_FACE('',(#9867),#9885,.F.);
#9867 = FACE_BOUND('',#9868,.F.);
#9868 = EDGE_LOOP('',(#9869,#9877,#9883,#9884));
#9869 = ORIENTED_EDGE('',*,*,#9870,.F.);
#9870 = EDGE_CURVE('',#9871,#3015,#9873,.T.);
#9871 = VERTEX_POINT('',#9872);
#9872 = CARTESIAN_POINT('',(36.935,17.78,6.1));
#9873 = LINE('',#9874,#9875);
#9874 = CARTESIAN_POINT('',(36.935,17.78,5.1));
#9875 = VECTOR('',#9876,1.);
#9876 = DIRECTION('',(0.,0.,1.));
#9877 = ORIENTED_EDGE('',*,*,#9878,.T.);
#9878 = EDGE_CURVE('',#9871,#9840,#9879,.T.);
#9879 = LINE('',#9880,#9881);
#9880 = CARTESIAN_POINT('',(36.935,-7.85,6.1));
#9881 = VECTOR('',#9882,1.);
#9882 = DIRECTION('',(-0.,1.,0.));
#9883 = ORIENTED_EDGE('',*,*,#9839,.T.);
#9884 = ORIENTED_EDGE('',*,*,#3014,.F.);
#9885 = PLANE('',#9886);
#9886 = AXIS2_PLACEMENT_3D('',#9887,#9888,#9889);
#9887 = CARTESIAN_POINT('',(36.935,17.78,5.1));
#9888 = DIRECTION('',(1.,0.,-0.));
#9889 = DIRECTION('',(0.,0.,1.));
#9890 = ADVANCED_FACE('',(#9891),#9909,.T.);
#9891 = FACE_BOUND('',#9892,.T.);
#9892 = EDGE_LOOP('',(#9893,#9901,#9907,#9908));
#9893 = ORIENTED_EDGE('',*,*,#9894,.F.);
#9894 = EDGE_CURVE('',#9895,#3023,#9897,.T.);
#9895 = VERTEX_POINT('',#9896);
#9896 = CARTESIAN_POINT('',(34.185,17.78,6.1));
#9897 = LINE('',#9898,#9899);
#9898 = CARTESIAN_POINT('',(34.185,17.78,5.1));
#9899 = VECTOR('',#9900,1.);
#9900 = DIRECTION('',(0.,0.,1.));
#9901 = ORIENTED_EDGE('',*,*,#9902,.T.);
#9902 = EDGE_CURVE('',#9895,#9848,#9903,.T.);
#9903 = LINE('',#9904,#9905);
#9904 = CARTESIAN_POINT('',(34.185,-7.85,6.1));
#9905 = VECTOR('',#9906,1.);
#9906 = DIRECTION('',(-0.,1.,0.));
#9907 = ORIENTED_EDGE('',*,*,#9856,.T.);
#9908 = ORIENTED_EDGE('',*,*,#3031,.F.);
#9909 = PLANE('',#9910);
#9910 = AXIS2_PLACEMENT_3D('',#9911,#9912,#9913);
#9911 = CARTESIAN_POINT('',(34.185,17.78,5.1));
#9912 = DIRECTION('',(1.,0.,-0.));
#9913 = DIRECTION('',(0.,0.,1.));
#9914 = ADVANCED_FACE('',(#9915),#9927,.F.);
#9915 = FACE_BOUND('',#9916,.F.);
#9916 = EDGE_LOOP('',(#9917,#9918,#9919,#9920));
#9917 = ORIENTED_EDGE('',*,*,#9870,.T.);
#9918 = ORIENTED_EDGE('',*,*,#3022,.F.);
#9919 = ORIENTED_EDGE('',*,*,#9894,.F.);
#9920 = ORIENTED_EDGE('',*,*,#9921,.T.);
#9921 = EDGE_CURVE('',#9895,#9871,#9922,.T.);
#9922 = CIRCLE('',#9923,1.375);
#9923 = AXIS2_PLACEMENT_3D('',#9924,#9925,#9926);
#9924 = CARTESIAN_POINT('',(35.56,17.78,6.1));
#9925 = DIRECTION('',(0.,0.,1.));
#9926 = DIRECTION('',(1.,0.,-0.));
#9927 = CYLINDRICAL_SURFACE('',#9928,1.375);
#9928 = AXIS2_PLACEMENT_3D('',#9929,#9930,#9931);
#9929 = CARTESIAN_POINT('',(35.56,17.78,5.1));
#9930 = DIRECTION('',(0.,0.,1.));
#9931 = DIRECTION('',(1.,0.,-0.));
#9932 = ADVANCED_FACE('',(#9933),#9959,.F.);
#9933 = FACE_BOUND('',#9934,.F.);
#9934 = EDGE_LOOP('',(#9935,#9936,#9944,#9953));
#9935 = ORIENTED_EDGE('',*,*,#3039,.F.);
#9936 = ORIENTED_EDGE('',*,*,#9937,.F.);
#9937 = EDGE_CURVE('',#9938,#3040,#9940,.T.);
#9938 = VERTEX_POINT('',#9939);
#9939 = CARTESIAN_POINT('',(-24.025,22.86,6.1));
#9940 = LINE('',#9941,#9942);
#9941 = CARTESIAN_POINT('',(-24.025,22.86,5.1));
#9942 = VECTOR('',#9943,1.);
#9943 = DIRECTION('',(0.,0.,1.));
#9944 = ORIENTED_EDGE('',*,*,#9945,.T.);
#9945 = EDGE_CURVE('',#9938,#9946,#9948,.T.);
#9946 = VERTEX_POINT('',#9947);
#9947 = CARTESIAN_POINT('',(-26.775,22.86,6.1));
#9948 = CIRCLE('',#9949,1.375);
#9949 = AXIS2_PLACEMENT_3D('',#9950,#9951,#9952);
#9950 = CARTESIAN_POINT('',(-25.4,22.86,6.1));
#9951 = DIRECTION('',(0.,0.,1.));
#9952 = DIRECTION('',(1.,0.,-0.));
#9953 = ORIENTED_EDGE('',*,*,#9954,.T.);
#9954 = EDGE_CURVE('',#9946,#3042,#9955,.T.);
#9955 = LINE('',#9956,#9957);
#9956 = CARTESIAN_POINT('',(-26.775,22.86,5.1));
#9957 = VECTOR('',#9958,1.);
#9958 = DIRECTION('',(0.,0.,1.));
#9959 = CYLINDRICAL_SURFACE('',#9960,1.375);
#9960 = AXIS2_PLACEMENT_3D('',#9961,#9962,#9963);
#9961 = CARTESIAN_POINT('',(-25.4,22.86,5.1));
#9962 = DIRECTION('',(0.,0.,1.));
#9963 = DIRECTION('',(1.,0.,-0.));
#9964 = ADVANCED_FACE('',(#9965),#9983,.F.);
#9965 = FACE_BOUND('',#9966,.F.);
#9966 = EDGE_LOOP('',(#9967,#9975,#9981,#9982));
#9967 = ORIENTED_EDGE('',*,*,#9968,.F.);
#9968 = EDGE_CURVE('',#9969,#3051,#9971,.T.);
#9969 = VERTEX_POINT('',#9970);
#9970 = CARTESIAN_POINT('',(-24.025,17.78,6.1));
#9971 = LINE('',#9972,#9973);
#9972 = CARTESIAN_POINT('',(-24.025,17.78,5.1));
#9973 = VECTOR('',#9974,1.);
#9974 = DIRECTION('',(0.,0.,1.));
#9975 = ORIENTED_EDGE('',*,*,#9976,.T.);
#9976 = EDGE_CURVE('',#9969,#9938,#9977,.T.);
#9977 = LINE('',#9978,#9979);
#9978 = CARTESIAN_POINT('',(-24.025,-7.85,6.1));
#9979 = VECTOR('',#9980,1.);
#9980 = DIRECTION('',(-0.,1.,0.));
#9981 = ORIENTED_EDGE('',*,*,#9937,.T.);
#9982 = ORIENTED_EDGE('',*,*,#3050,.F.);
#9983 = PLANE('',#9984);
#9984 = AXIS2_PLACEMENT_3D('',#9985,#9986,#9987);
#9985 = CARTESIAN_POINT('',(-24.025,17.78,5.1));
#9986 = DIRECTION('',(1.,0.,-0.));
#9987 = DIRECTION('',(0.,0.,1.));
#9988 = ADVANCED_FACE('',(#9989),#10007,.T.);
#9989 = FACE_BOUND('',#9990,.T.);
#9990 = EDGE_LOOP('',(#9991,#9999,#10005,#10006));
#9991 = ORIENTED_EDGE('',*,*,#9992,.F.);
#9992 = EDGE_CURVE('',#9993,#3059,#9995,.T.);
#9993 = VERTEX_POINT('',#9994);
#9994 = CARTESIAN_POINT('',(-26.775,17.78,6.1));
#9995 = LINE('',#9996,#9997);
#9996 = CARTESIAN_POINT('',(-26.775,17.78,5.1));
#9997 = VECTOR('',#9998,1.);
#9998 = DIRECTION('',(0.,0.,1.));
#9999 = ORIENTED_EDGE('',*,*,#10000,.T.);
#10000 = EDGE_CURVE('',#9993,#9946,#10001,.T.);
#10001 = LINE('',#10002,#10003);
#10002 = CARTESIAN_POINT('',(-26.775,-7.85,6.1));
#10003 = VECTOR('',#10004,1.);
#10004 = DIRECTION('',(-0.,1.,0.));
#10005 = ORIENTED_EDGE('',*,*,#9954,.T.);
#10006 = ORIENTED_EDGE('',*,*,#3067,.F.);
#10007 = PLANE('',#10008);
#10008 = AXIS2_PLACEMENT_3D('',#10009,#10010,#10011);
#10009 = CARTESIAN_POINT('',(-26.775,17.78,5.1));
#10010 = DIRECTION('',(1.,0.,-0.));
#10011 = DIRECTION('',(0.,0.,1.));
#10012 = ADVANCED_FACE('',(#10013),#10025,.F.);
#10013 = FACE_BOUND('',#10014,.F.);
#10014 = EDGE_LOOP('',(#10015,#10016,#10017,#10018));
#10015 = ORIENTED_EDGE('',*,*,#9968,.T.);
#10016 = ORIENTED_EDGE('',*,*,#3058,.F.);
#10017 = ORIENTED_EDGE('',*,*,#9992,.F.);
#10018 = ORIENTED_EDGE('',*,*,#10019,.T.);
#10019 = EDGE_CURVE('',#9993,#9969,#10020,.T.);
#10020 = CIRCLE('',#10021,1.375);
#10021 = AXIS2_PLACEMENT_3D('',#10022,#10023,#10024);
#10022 = CARTESIAN_POINT('',(-25.4,17.78,6.1));
#10023 = DIRECTION('',(0.,0.,1.));
#10024 = DIRECTION('',(1.,0.,-0.));
#10025 = CYLINDRICAL_SURFACE('',#10026,1.375);
#10026 = AXIS2_PLACEMENT_3D('',#10027,#10028,#10029);
#10027 = CARTESIAN_POINT('',(-25.4,17.78,5.1));
#10028 = DIRECTION('',(0.,0.,1.));
#10029 = DIRECTION('',(1.,0.,-0.));
#10030 = ADVANCED_FACE('',(#10031),#10057,.F.);
#10031 = FACE_BOUND('',#10032,.F.);
#10032 = EDGE_LOOP('',(#10033,#10044,#10050,#10051));
#10033 = ORIENTED_EDGE('',*,*,#10034,.T.);
#10034 = EDGE_CURVE('',#10035,#10037,#10039,.T.);
#10035 = VERTEX_POINT('',#10036);
#10036 = CARTESIAN_POINT('',(21.,1.344916320921,6.1));
#10037 = VERTEX_POINT('',#10038);
#10038 = CARTESIAN_POINT('',(21.695,2.54,6.1));
#10039 = CIRCLE('',#10040,1.375);
#10040 = AXIS2_PLACEMENT_3D('',#10041,#10042,#10043);
#10041 = CARTESIAN_POINT('',(20.32,2.54,6.1));
#10042 = DIRECTION('',(0.,0.,1.));
#10043 = DIRECTION('',(1.,0.,-0.));
#10044 = ORIENTED_EDGE('',*,*,#10045,.T.);
#10045 = EDGE_CURVE('',#10037,#3078,#10046,.T.);
#10046 = LINE('',#10047,#10048);
#10047 = CARTESIAN_POINT('',(21.695,2.54,5.1));
#10048 = VECTOR('',#10049,1.);
#10049 = DIRECTION('',(0.,0.,1.));
#10050 = ORIENTED_EDGE('',*,*,#3075,.F.);
#10051 = ORIENTED_EDGE('',*,*,#10052,.F.);
#10052 = EDGE_CURVE('',#10035,#3076,#10053,.T.);
#10053 = LINE('',#10054,#10055);
#10054 = CARTESIAN_POINT('',(21.,1.344916320921,5.1));
#10055 = VECTOR('',#10056,1.);
#10056 = DIRECTION('',(0.,0.,1.));
#10057 = CYLINDRICAL_SURFACE('',#10058,1.375);
#10058 = AXIS2_PLACEMENT_3D('',#10059,#10060,#10061);
#10059 = CARTESIAN_POINT('',(20.32,2.54,5.1));
#10060 = DIRECTION('',(0.,0.,1.));
#10061 = DIRECTION('',(1.,0.,-0.));
#10062 = ADVANCED_FACE('',(#10063),#10081,.F.);
#10063 = FACE_BOUND('',#10064,.F.);
#10064 = EDGE_LOOP('',(#10065,#10066,#10074,#10080));
#10065 = ORIENTED_EDGE('',*,*,#10045,.F.);
#10066 = ORIENTED_EDGE('',*,*,#10067,.T.);
#10067 = EDGE_CURVE('',#10037,#10068,#10070,.T.);
#10068 = VERTEX_POINT('',#10069);
#10069 = CARTESIAN_POINT('',(21.695,7.62,6.1));
#10070 = LINE('',#10071,#10072);
#10071 = CARTESIAN_POINT('',(21.695,-15.47,6.1));
#10072 = VECTOR('',#10073,1.);
#10073 = DIRECTION('',(-0.,1.,0.));
#10074 = ORIENTED_EDGE('',*,*,#10075,.T.);
#10075 = EDGE_CURVE('',#10068,#3111,#10076,.T.);
#10076 = LINE('',#10077,#10078);
#10077 = CARTESIAN_POINT('',(21.695,7.62,5.1));
#10078 = VECTOR('',#10079,1.);
#10079 = DIRECTION('',(0.,0.,1.));
#10080 = ORIENTED_EDGE('',*,*,#3119,.F.);
#10081 = PLANE('',#10082);
#10082 = AXIS2_PLACEMENT_3D('',#10083,#10084,#10085);
#10083 = CARTESIAN_POINT('',(21.695,2.54,5.1));
#10084 = DIRECTION('',(1.,0.,-0.));
#10085 = DIRECTION('',(0.,0.,1.));
#10086 = ADVANCED_FACE('',(#10087),#10106,.F.);
#10087 = FACE_BOUND('',#10088,.F.);
#10088 = EDGE_LOOP('',(#10089,#10090,#10091,#10100));
#10089 = ORIENTED_EDGE('',*,*,#3110,.F.);
#10090 = ORIENTED_EDGE('',*,*,#10075,.F.);
#10091 = ORIENTED_EDGE('',*,*,#10092,.T.);
#10092 = EDGE_CURVE('',#10068,#10093,#10095,.T.);
#10093 = VERTEX_POINT('',#10094);
#10094 = CARTESIAN_POINT('',(18.945,7.62,6.1));
#10095 = CIRCLE('',#10096,1.375);
#10096 = AXIS2_PLACEMENT_3D('',#10097,#10098,#10099);
#10097 = CARTESIAN_POINT('',(20.32,7.62,6.1));
#10098 = DIRECTION('',(0.,0.,1.));
#10099 = DIRECTION('',(1.,0.,-0.));
#10100 = ORIENTED_EDGE('',*,*,#10101,.T.);
#10101 = EDGE_CURVE('',#10093,#3103,#10102,.T.);
#10102 = LINE('',#10103,#10104);
#10103 = CARTESIAN_POINT('',(18.945,7.62,5.1));
#10104 = VECTOR('',#10105,1.);
#10105 = DIRECTION('',(0.,0.,1.));
#10106 = CYLINDRICAL_SURFACE('',#10107,1.375);
#10107 = AXIS2_PLACEMENT_3D('',#10108,#10109,#10110);
#10108 = CARTESIAN_POINT('',(20.32,7.62,5.1));
#10109 = DIRECTION('',(0.,0.,1.));
#10110 = DIRECTION('',(1.,0.,-0.));
#10111 = ADVANCED_FACE('',(#10112),#10130,.T.);
#10112 = FACE_BOUND('',#10113,.T.);
#10113 = EDGE_LOOP('',(#10114,#10122,#10128,#10129));
#10114 = ORIENTED_EDGE('',*,*,#10115,.F.);
#10115 = EDGE_CURVE('',#10116,#3095,#10118,.T.);
#10116 = VERTEX_POINT('',#10117);
#10117 = CARTESIAN_POINT('',(18.945,4.6,6.1));
#10118 = LINE('',#10119,#10120);
#10119 = CARTESIAN_POINT('',(18.945,4.6,5.6));
#10120 = VECTOR('',#10121,1.);
#10121 = DIRECTION('',(0.,0.,1.));
#10122 = ORIENTED_EDGE('',*,*,#10123,.T.);
#10123 = EDGE_CURVE('',#10116,#10093,#10124,.T.);
#10124 = LINE('',#10125,#10126);
#10125 = CARTESIAN_POINT('',(18.945,-15.47,6.1));
#10126 = VECTOR('',#10127,1.);
#10127 = DIRECTION('',(-0.,1.,0.));
#10128 = ORIENTED_EDGE('',*,*,#10101,.T.);
#10129 = ORIENTED_EDGE('',*,*,#3102,.F.);
#10130 = PLANE('',#10131);
#10131 = AXIS2_PLACEMENT_3D('',#10132,#10133,#10134);
#10132 = CARTESIAN_POINT('',(18.945,2.54,5.1));
#10133 = DIRECTION('',(1.,0.,-0.));
#10134 = DIRECTION('',(0.,0.,1.));
#10135 = ADVANCED_FACE('',(#10136),#10154,.T.);
#10136 = FACE_BOUND('',#10137,.T.);
#10137 = EDGE_LOOP('',(#10138,#10139,#10147,#10153));
#10138 = ORIENTED_EDGE('',*,*,#10052,.F.);
#10139 = ORIENTED_EDGE('',*,*,#10140,.T.);
#10140 = EDGE_CURVE('',#10035,#10141,#10143,.T.);
#10141 = VERTEX_POINT('',#10142);
#10142 = CARTESIAN_POINT('',(21.,4.6,6.1));
#10143 = LINE('',#10144,#10145);
#10144 = CARTESIAN_POINT('',(21.,-4.6,6.1));
#10145 = VECTOR('',#10146,1.);
#10146 = DIRECTION('',(-0.,1.,0.));
#10147 = ORIENTED_EDGE('',*,*,#10148,.T.);
#10148 = EDGE_CURVE('',#10141,#3087,#10149,.T.);
#10149 = LINE('',#10150,#10151);
#10150 = CARTESIAN_POINT('',(21.,4.6,6.1));
#10151 = VECTOR('',#10152,1.);
#10152 = DIRECTION('',(0.,0.,1.));
#10153 = ORIENTED_EDGE('',*,*,#3086,.F.);
#10154 = PLANE('',#10155);
#10155 = AXIS2_PLACEMENT_3D('',#10156,#10157,#10158);
#10156 = CARTESIAN_POINT('',(21.,-4.6,6.1));
#10157 = DIRECTION('',(1.,0.,-0.));
#10158 = DIRECTION('',(0.,0.,1.));
#10159 = ADVANCED_FACE('',(#10160),#10171,.T.);
#10160 = FACE_BOUND('',#10161,.T.);
#10161 = EDGE_LOOP('',(#10162,#10168,#10169,#10170));
#10162 = ORIENTED_EDGE('',*,*,#10163,.F.);
#10163 = EDGE_CURVE('',#10116,#10141,#10164,.T.);
#10164 = LINE('',#10165,#10166);
#10165 = CARTESIAN_POINT('',(-21.,4.6,6.1));
#10166 = VECTOR('',#10167,1.);
#10167 = DIRECTION('',(1.,0.,-0.));
#10168 = ORIENTED_EDGE('',*,*,#10115,.T.);
#10169 = ORIENTED_EDGE('',*,*,#3094,.T.);
#10170 = ORIENTED_EDGE('',*,*,#10148,.F.);
#10171 = PLANE('',#10172);
#10172 = AXIS2_PLACEMENT_3D('',#10173,#10174,#10175);
#10173 = CARTESIAN_POINT('',(-21.,4.6,6.1));
#10174 = DIRECTION('',(-0.,1.,0.));
#10175 = DIRECTION('',(0.,0.,1.));
#10176 = ADVANCED_FACE('',(#10177),#10203,.F.);
#10177 = FACE_BOUND('',#10178,.F.);
#10178 = EDGE_LOOP('',(#10179,#10180,#10188,#10197));
#10179 = ORIENTED_EDGE('',*,*,#3127,.F.);
#10180 = ORIENTED_EDGE('',*,*,#10181,.F.);
#10181 = EDGE_CURVE('',#10182,#3128,#10184,.T.);
#10182 = VERTEX_POINT('',#10183);
#10183 = CARTESIAN_POINT('',(-21.,-1.344916320921,6.1));
#10184 = LINE('',#10185,#10186);
#10185 = CARTESIAN_POINT('',(-21.,-1.344916320921,5.1));
#10186 = VECTOR('',#10187,1.);
#10187 = DIRECTION('',(0.,0.,1.));
#10188 = ORIENTED_EDGE('',*,*,#10189,.T.);
#10189 = EDGE_CURVE('',#10182,#10190,#10192,.T.);
#10190 = VERTEX_POINT('',#10191);
#10191 = CARTESIAN_POINT('',(-21.695,-2.54,6.1));
#10192 = CIRCLE('',#10193,1.375);
#10193 = AXIS2_PLACEMENT_3D('',#10194,#10195,#10196);
#10194 = CARTESIAN_POINT('',(-20.32,-2.54,6.1));
#10195 = DIRECTION('',(0.,0.,1.));
#10196 = DIRECTION('',(1.,0.,-0.));
#10197 = ORIENTED_EDGE('',*,*,#10198,.T.);
#10198 = EDGE_CURVE('',#10190,#3130,#10199,.T.);
#10199 = LINE('',#10200,#10201);
#10200 = CARTESIAN_POINT('',(-21.695,-2.54,5.1));
#10201 = VECTOR('',#10202,1.);
#10202 = DIRECTION('',(0.,0.,1.));
#10203 = CYLINDRICAL_SURFACE('',#10204,1.375);
#10204 = AXIS2_PLACEMENT_3D('',#10205,#10206,#10207);
#10205 = CARTESIAN_POINT('',(-20.32,-2.54,5.1));
#10206 = DIRECTION('',(0.,0.,1.));
#10207 = DIRECTION('',(1.,0.,-0.));
#10208 = ADVANCED_FACE('',(#10209),#10227,.T.);
#10209 = FACE_BOUND('',#10210,.T.);
#10210 = EDGE_LOOP('',(#10211,#10219,#10225,#10226));
#10211 = ORIENTED_EDGE('',*,*,#10212,.F.);
#10212 = EDGE_CURVE('',#10213,#3163,#10215,.T.);
#10213 = VERTEX_POINT('',#10214);
#10214 = CARTESIAN_POINT('',(-21.695,-7.62,6.1));
#10215 = LINE('',#10216,#10217);
#10216 = CARTESIAN_POINT('',(-21.695,-7.62,5.1));
#10217 = VECTOR('',#10218,1.);
#10218 = DIRECTION('',(0.,0.,1.));
#10219 = ORIENTED_EDGE('',*,*,#10220,.T.);
#10220 = EDGE_CURVE('',#10213,#10190,#10221,.T.);
#10221 = LINE('',#10222,#10223);
#10222 = CARTESIAN_POINT('',(-21.695,-20.55,6.1));
#10223 = VECTOR('',#10224,1.);
#10224 = DIRECTION('',(-0.,1.,0.));
#10225 = ORIENTED_EDGE('',*,*,#10198,.T.);
#10226 = ORIENTED_EDGE('',*,*,#3171,.F.);
#10227 = PLANE('',#10228);
#10228 = AXIS2_PLACEMENT_3D('',#10229,#10230,#10231);
#10229 = CARTESIAN_POINT('',(-21.695,-7.62,5.1));
#10230 = DIRECTION('',(1.,0.,-0.));
#10231 = DIRECTION('',(0.,0.,1.));
#10232 = ADVANCED_FACE('',(#10233),#10252,.F.);
#10233 = FACE_BOUND('',#10234,.F.);
#10234 = EDGE_LOOP('',(#10235,#10243,#10244,#10245));
#10235 = ORIENTED_EDGE('',*,*,#10236,.T.);
#10236 = EDGE_CURVE('',#10237,#3155,#10239,.T.);
#10237 = VERTEX_POINT('',#10238);
#10238 = CARTESIAN_POINT('',(-18.945,-7.62,6.1));
#10239 = LINE('',#10240,#10241);
#10240 = CARTESIAN_POINT('',(-18.945,-7.62,5.1));
#10241 = VECTOR('',#10242,1.);
#10242 = DIRECTION('',(0.,0.,1.));
#10243 = ORIENTED_EDGE('',*,*,#3162,.F.);
#10244 = ORIENTED_EDGE('',*,*,#10212,.F.);
#10245 = ORIENTED_EDGE('',*,*,#10246,.T.);
#10246 = EDGE_CURVE('',#10213,#10237,#10247,.T.);
#10247 = CIRCLE('',#10248,1.375);
#10248 = AXIS2_PLACEMENT_3D('',#10249,#10250,#10251);
#10249 = CARTESIAN_POINT('',(-20.32,-7.62,6.1));
#10250 = DIRECTION('',(0.,0.,1.));
#10251 = DIRECTION('',(1.,0.,-0.));
#10252 = CYLINDRICAL_SURFACE('',#10253,1.375);
#10253 = AXIS2_PLACEMENT_3D('',#10254,#10255,#10256);
#10254 = CARTESIAN_POINT('',(-20.32,-7.62,5.1));
#10255 = DIRECTION('',(0.,0.,1.));
#10256 = DIRECTION('',(1.,0.,-0.));
#10257 = ADVANCED_FACE('',(#10258),#10276,.F.);
#10258 = FACE_BOUND('',#10259,.F.);
#10259 = EDGE_LOOP('',(#10260,#10261,#10269,#10275));
#10260 = ORIENTED_EDGE('',*,*,#10236,.F.);
#10261 = ORIENTED_EDGE('',*,*,#10262,.T.);
#10262 = EDGE_CURVE('',#10237,#10263,#10265,.T.);
#10263 = VERTEX_POINT('',#10264);
#10264 = CARTESIAN_POINT('',(-18.945,-4.6,6.1));
#10265 = LINE('',#10266,#10267);
#10266 = CARTESIAN_POINT('',(-18.945,-20.55,6.1));
#10267 = VECTOR('',#10268,1.);
#10268 = DIRECTION('',(-0.,1.,0.));
#10269 = ORIENTED_EDGE('',*,*,#10270,.T.);
#10270 = EDGE_CURVE('',#10263,#3147,#10271,.T.);
#10271 = LINE('',#10272,#10273);
#10272 = CARTESIAN_POINT('',(-18.945,-4.6,5.6));
#10273 = VECTOR('',#10274,1.);
#10274 = DIRECTION('',(0.,0.,1.));
#10275 = ORIENTED_EDGE('',*,*,#3154,.F.);
#10276 = PLANE('',#10277);
#10277 = AXIS2_PLACEMENT_3D('',#10278,#10279,#10280);
#10278 = CARTESIAN_POINT('',(-18.945,-7.62,5.1));
#10279 = DIRECTION('',(1.,0.,-0.));
#10280 = DIRECTION('',(0.,0.,1.));
#10281 = ADVANCED_FACE('',(#10282),#10300,.F.);
#10282 = FACE_BOUND('',#10283,.F.);
#10283 = EDGE_LOOP('',(#10284,#10285,#10293,#10299));
#10284 = ORIENTED_EDGE('',*,*,#3138,.F.);
#10285 = ORIENTED_EDGE('',*,*,#10286,.F.);
#10286 = EDGE_CURVE('',#10287,#3139,#10289,.T.);
#10287 = VERTEX_POINT('',#10288);
#10288 = CARTESIAN_POINT('',(-21.,-4.6,6.1));
#10289 = LINE('',#10290,#10291);
#10290 = CARTESIAN_POINT('',(-21.,-4.6,6.1));
#10291 = VECTOR('',#10292,1.);
#10292 = DIRECTION('',(0.,0.,1.));
#10293 = ORIENTED_EDGE('',*,*,#10294,.T.);
#10294 = EDGE_CURVE('',#10287,#10182,#10295,.T.);
#10295 = LINE('',#10296,#10297);
#10296 = CARTESIAN_POINT('',(-21.,-4.6,6.1));
#10297 = VECTOR('',#10298,1.);
#10298 = DIRECTION('',(-0.,1.,0.));
#10299 = ORIENTED_EDGE('',*,*,#10181,.T.);
#10300 = PLANE('',#10301);
#10301 = AXIS2_PLACEMENT_3D('',#10302,#10303,#10304);
#10302 = CARTESIAN_POINT('',(-21.,-4.6,6.1));
#10303 = DIRECTION('',(1.,0.,-0.));
#10304 = DIRECTION('',(0.,0.,1.));
#10305 = ADVANCED_FACE('',(#10306),#10317,.F.);
#10306 = FACE_BOUND('',#10307,.F.);
#10307 = EDGE_LOOP('',(#10308,#10314,#10315,#10316));
#10308 = ORIENTED_EDGE('',*,*,#10309,.F.);
#10309 = EDGE_CURVE('',#10287,#10263,#10310,.T.);
#10310 = LINE('',#10311,#10312);
#10311 = CARTESIAN_POINT('',(-21.,-4.6,6.1));
#10312 = VECTOR('',#10313,1.);
#10313 = DIRECTION('',(1.,0.,-0.));
#10314 = ORIENTED_EDGE('',*,*,#10286,.T.);
#10315 = ORIENTED_EDGE('',*,*,#3146,.T.);
#10316 = ORIENTED_EDGE('',*,*,#10270,.F.);
#10317 = PLANE('',#10318);
#10318 = AXIS2_PLACEMENT_3D('',#10319,#10320,#10321);
#10319 = CARTESIAN_POINT('',(-21.,-4.6,6.1));
#10320 = DIRECTION('',(-0.,1.,0.));
#10321 = DIRECTION('',(0.,0.,1.));
#10322 = ADVANCED_FACE('',(#10323),#10348,.T.);
#10323 = FACE_BOUND('',#10324,.T.);
#10324 = EDGE_LOOP('',(#10325,#10333,#10341,#10347));
#10325 = ORIENTED_EDGE('',*,*,#10326,.F.);
#10326 = EDGE_CURVE('',#10327,#3180,#10329,.T.);
#10327 = VERTEX_POINT('',#10328);
#10328 = CARTESIAN_POINT('',(8.785,-7.62,6.1));
#10329 = LINE('',#10330,#10331);
#10330 = CARTESIAN_POINT('',(8.785,-7.62,5.1));
#10331 = VECTOR('',#10332,1.);
#10332 = DIRECTION('',(0.,0.,1.));
#10333 = ORIENTED_EDGE('',*,*,#10334,.T.);
#10334 = EDGE_CURVE('',#10327,#10335,#10337,.T.);
#10335 = VERTEX_POINT('',#10336);
#10336 = CARTESIAN_POINT('',(8.785,-4.6,6.1));
#10337 = LINE('',#10338,#10339);
#10338 = CARTESIAN_POINT('',(8.785,-20.55,6.1));
#10339 = VECTOR('',#10340,1.);
#10340 = DIRECTION('',(-0.,1.,0.));
#10341 = ORIENTED_EDGE('',*,*,#10342,.T.);
#10342 = EDGE_CURVE('',#10335,#3182,#10343,.T.);
#10343 = LINE('',#10344,#10345);
#10344 = CARTESIAN_POINT('',(8.785,-4.6,5.6));
#10345 = VECTOR('',#10346,1.);
#10346 = DIRECTION('',(0.,0.,1.));
#10347 = ORIENTED_EDGE('',*,*,#3179,.F.);
#10348 = PLANE('',#10349);
#10349 = AXIS2_PLACEMENT_3D('',#10350,#10351,#10352);
#10350 = CARTESIAN_POINT('',(8.785,-7.62,5.1));
#10351 = DIRECTION('',(1.,0.,-0.));
#10352 = DIRECTION('',(0.,0.,1.));
#10353 = ADVANCED_FACE('',(#10354),#10373,.F.);
#10354 = FACE_BOUND('',#10355,.F.);
#10355 = EDGE_LOOP('',(#10356,#10364,#10365,#10366));
#10356 = ORIENTED_EDGE('',*,*,#10357,.T.);
#10357 = EDGE_CURVE('',#10358,#3198,#10360,.T.);
#10358 = VERTEX_POINT('',#10359);
#10359 = CARTESIAN_POINT('',(11.535,-7.62,6.1));
#10360 = LINE('',#10361,#10362);
#10361 = CARTESIAN_POINT('',(11.535,-7.62,5.1));
#10362 = VECTOR('',#10363,1.);
#10363 = DIRECTION('',(0.,0.,1.));
#10364 = ORIENTED_EDGE('',*,*,#3205,.F.);
#10365 = ORIENTED_EDGE('',*,*,#10326,.F.);
#10366 = ORIENTED_EDGE('',*,*,#10367,.T.);
#10367 = EDGE_CURVE('',#10327,#10358,#10368,.T.);
#10368 = CIRCLE('',#10369,1.375);
#10369 = AXIS2_PLACEMENT_3D('',#10370,#10371,#10372);
#10370 = CARTESIAN_POINT('',(10.16,-7.62,6.1));
#10371 = DIRECTION('',(0.,0.,1.));
#10372 = DIRECTION('',(1.,0.,-0.));
#10373 = CYLINDRICAL_SURFACE('',#10374,1.375);
#10374 = AXIS2_PLACEMENT_3D('',#10375,#10376,#10377);
#10375 = CARTESIAN_POINT('',(10.16,-7.62,5.1));
#10376 = DIRECTION('',(0.,0.,1.));
#10377 = DIRECTION('',(1.,0.,-0.));
#10378 = ADVANCED_FACE('',(#10379),#10397,.F.);
#10379 = FACE_BOUND('',#10380,.F.);
#10380 = EDGE_LOOP('',(#10381,#10382,#10390,#10396));
#10381 = ORIENTED_EDGE('',*,*,#10357,.F.);
#10382 = ORIENTED_EDGE('',*,*,#10383,.T.);
#10383 = EDGE_CURVE('',#10358,#10384,#10386,.T.);
#10384 = VERTEX_POINT('',#10385);
#10385 = CARTESIAN_POINT('',(11.535,-4.6,6.1));
#10386 = LINE('',#10387,#10388);
#10387 = CARTESIAN_POINT('',(11.535,-20.55,6.1));
#10388 = VECTOR('',#10389,1.);
#10389 = DIRECTION('',(-0.,1.,0.));
#10390 = ORIENTED_EDGE('',*,*,#10391,.T.);
#10391 = EDGE_CURVE('',#10384,#3190,#10392,.T.);
#10392 = LINE('',#10393,#10394);
#10393 = CARTESIAN_POINT('',(11.535,-4.6,5.6));
#10394 = VECTOR('',#10395,1.);
#10395 = DIRECTION('',(0.,0.,1.));
#10396 = ORIENTED_EDGE('',*,*,#3197,.F.);
#10397 = PLANE('',#10398);
#10398 = AXIS2_PLACEMENT_3D('',#10399,#10400,#10401);
#10399 = CARTESIAN_POINT('',(11.535,-7.62,5.1));
#10400 = DIRECTION('',(1.,0.,-0.));
#10401 = DIRECTION('',(0.,0.,1.));
#10402 = ADVANCED_FACE('',(#10403),#10414,.F.);
#10403 = FACE_BOUND('',#10404,.F.);
#10404 = EDGE_LOOP('',(#10405,#10411,#10412,#10413));
#10405 = ORIENTED_EDGE('',*,*,#10406,.F.);
#10406 = EDGE_CURVE('',#10335,#10384,#10407,.T.);
#10407 = LINE('',#10408,#10409);
#10408 = CARTESIAN_POINT('',(-21.,-4.6,6.1));
#10409 = VECTOR('',#10410,1.);
#10410 = DIRECTION('',(1.,0.,-0.));
#10411 = ORIENTED_EDGE('',*,*,#10342,.T.);
#10412 = ORIENTED_EDGE('',*,*,#3189,.T.);
#10413 = ORIENTED_EDGE('',*,*,#10391,.F.);
#10414 = PLANE('',#10415);
#10415 = AXIS2_PLACEMENT_3D('',#10416,#10417,#10418);
#10416 = CARTESIAN_POINT('',(-21.,-4.6,6.1));
#10417 = DIRECTION('',(-0.,1.,0.));
#10418 = DIRECTION('',(0.,0.,1.));
#10419 = ADVANCED_FACE('',(#10420),#10445,.T.);
#10420 = FACE_BOUND('',#10421,.T.);
#10421 = EDGE_LOOP('',(#10422,#10430,#10438,#10444));
#10422 = ORIENTED_EDGE('',*,*,#10423,.F.);
#10423 = EDGE_CURVE('',#10424,#3215,#10426,.T.);
#10424 = VERTEX_POINT('',#10425);
#10425 = CARTESIAN_POINT('',(-6.455,-7.62,6.1));
#10426 = LINE('',#10427,#10428);
#10427 = CARTESIAN_POINT('',(-6.455,-7.62,5.1));
#10428 = VECTOR('',#10429,1.);
#10429 = DIRECTION('',(0.,0.,1.));
#10430 = ORIENTED_EDGE('',*,*,#10431,.T.);
#10431 = EDGE_CURVE('',#10424,#10432,#10434,.T.);
#10432 = VERTEX_POINT('',#10433);
#10433 = CARTESIAN_POINT('',(-6.455,-4.6,6.1));
#10434 = LINE('',#10435,#10436);
#10435 = CARTESIAN_POINT('',(-6.455,-20.55,6.1));
#10436 = VECTOR('',#10437,1.);
#10437 = DIRECTION('',(-0.,1.,0.));
#10438 = ORIENTED_EDGE('',*,*,#10439,.T.);
#10439 = EDGE_CURVE('',#10432,#3217,#10440,.T.);
#10440 = LINE('',#10441,#10442);
#10441 = CARTESIAN_POINT('',(-6.455,-4.6,5.6));
#10442 = VECTOR('',#10443,1.);
#10443 = DIRECTION('',(0.,0.,1.));
#10444 = ORIENTED_EDGE('',*,*,#3214,.F.);
#10445 = PLANE('',#10446);
#10446 = AXIS2_PLACEMENT_3D('',#10447,#10448,#10449);
#10447 = CARTESIAN_POINT('',(-6.455,-7.62,5.1));
#10448 = DIRECTION('',(1.,0.,-0.));
#10449 = DIRECTION('',(0.,0.,1.));
#10450 = ADVANCED_FACE('',(#10451),#10470,.F.);
#10451 = FACE_BOUND('',#10452,.F.);
#10452 = EDGE_LOOP('',(#10453,#10461,#10462,#10463));
#10453 = ORIENTED_EDGE('',*,*,#10454,.T.);
#10454 = EDGE_CURVE('',#10455,#3233,#10457,.T.);
#10455 = VERTEX_POINT('',#10456);
#10456 = CARTESIAN_POINT('',(-3.705,-7.62,6.1));
#10457 = LINE('',#10458,#10459);
#10458 = CARTESIAN_POINT('',(-3.705,-7.62,5.1));
#10459 = VECTOR('',#10460,1.);
#10460 = DIRECTION('',(0.,0.,1.));
#10461 = ORIENTED_EDGE('',*,*,#3240,.F.);
#10462 = ORIENTED_EDGE('',*,*,#10423,.F.);
#10463 = ORIENTED_EDGE('',*,*,#10464,.T.);
#10464 = EDGE_CURVE('',#10424,#10455,#10465,.T.);
#10465 = CIRCLE('',#10466,1.375);
#10466 = AXIS2_PLACEMENT_3D('',#10467,#10468,#10469);
#10467 = CARTESIAN_POINT('',(-5.08,-7.62,6.1));
#10468 = DIRECTION('',(0.,0.,1.));
#10469 = DIRECTION('',(1.,0.,-0.));
#10470 = CYLINDRICAL_SURFACE('',#10471,1.375);
#10471 = AXIS2_PLACEMENT_3D('',#10472,#10473,#10474);
#10472 = CARTESIAN_POINT('',(-5.08,-7.62,5.1));
#10473 = DIRECTION('',(0.,0.,1.));
#10474 = DIRECTION('',(1.,0.,-0.));
#10475 = ADVANCED_FACE('',(#10476),#10494,.F.);
#10476 = FACE_BOUND('',#10477,.F.);
#10477 = EDGE_LOOP('',(#10478,#10479,#10487,#10493));
#10478 = ORIENTED_EDGE('',*,*,#10454,.F.);
#10479 = ORIENTED_EDGE('',*,*,#10480,.T.);
#10480 = EDGE_CURVE('',#10455,#10481,#10483,.T.);
#10481 = VERTEX_POINT('',#10482);
#10482 = CARTESIAN_POINT('',(-3.705,-4.6,6.1));
#10483 = LINE('',#10484,#10485);
#10484 = CARTESIAN_POINT('',(-3.705,-20.55,6.1));
#10485 = VECTOR('',#10486,1.);
#10486 = DIRECTION('',(-0.,1.,0.));
#10487 = ORIENTED_EDGE('',*,*,#10488,.T.);
#10488 = EDGE_CURVE('',#10481,#3225,#10489,.T.);
#10489 = LINE('',#10490,#10491);
#10490 = CARTESIAN_POINT('',(-3.705,-4.6,5.6));
#10491 = VECTOR('',#10492,1.);
#10492 = DIRECTION('',(0.,0.,1.));
#10493 = ORIENTED_EDGE('',*,*,#3232,.F.);
#10494 = PLANE('',#10495);
#10495 = AXIS2_PLACEMENT_3D('',#10496,#10497,#10498);
#10496 = CARTESIAN_POINT('',(-3.705,-7.62,5.1));
#10497 = DIRECTION('',(1.,0.,-0.));
#10498 = DIRECTION('',(0.,0.,1.));
#10499 = ADVANCED_FACE('',(#10500),#10511,.F.);
#10500 = FACE_BOUND('',#10501,.F.);
#10501 = EDGE_LOOP('',(#10502,#10508,#10509,#10510));
#10502 = ORIENTED_EDGE('',*,*,#10503,.F.);
#10503 = EDGE_CURVE('',#10432,#10481,#10504,.T.);
#10504 = LINE('',#10505,#10506);
#10505 = CARTESIAN_POINT('',(-21.,-4.6,6.1));
#10506 = VECTOR('',#10507,1.);
#10507 = DIRECTION('',(1.,0.,-0.));
#10508 = ORIENTED_EDGE('',*,*,#10439,.T.);
#10509 = ORIENTED_EDGE('',*,*,#3224,.T.);
#10510 = ORIENTED_EDGE('',*,*,#10488,.F.);
#10511 = PLANE('',#10512);
#10512 = AXIS2_PLACEMENT_3D('',#10513,#10514,#10515);
#10513 = CARTESIAN_POINT('',(-21.,-4.6,6.1));
#10514 = DIRECTION('',(-0.,1.,0.));
#10515 = DIRECTION('',(0.,0.,1.));
#10516 = ADVANCED_FACE('',(#10517),#10542,.F.);
#10517 = FACE_BOUND('',#10518,.F.);
#10518 = EDGE_LOOP('',(#10519,#10527,#10535,#10541));
#10519 = ORIENTED_EDGE('',*,*,#10520,.F.);
#10520 = EDGE_CURVE('',#10521,#3250,#10523,.T.);
#10521 = VERTEX_POINT('',#10522);
#10522 = CARTESIAN_POINT('',(-8.785,4.6,6.1));
#10523 = LINE('',#10524,#10525);
#10524 = CARTESIAN_POINT('',(-8.785,4.6,5.6));
#10525 = VECTOR('',#10526,1.);
#10526 = DIRECTION('',(0.,0.,1.));
#10527 = ORIENTED_EDGE('',*,*,#10528,.T.);
#10528 = EDGE_CURVE('',#10521,#10529,#10531,.T.);
#10529 = VERTEX_POINT('',#10530);
#10530 = CARTESIAN_POINT('',(-8.785,7.62,6.1));
#10531 = LINE('',#10532,#10533);
#10532 = CARTESIAN_POINT('',(-8.785,-15.47,6.1));
#10533 = VECTOR('',#10534,1.);
#10534 = DIRECTION('',(-0.,1.,0.));
#10535 = ORIENTED_EDGE('',*,*,#10536,.T.);
#10536 = EDGE_CURVE('',#10529,#3252,#10537,.T.);
#10537 = LINE('',#10538,#10539);
#10538 = CARTESIAN_POINT('',(-8.785,7.62,5.1));
#10539 = VECTOR('',#10540,1.);
#10540 = DIRECTION('',(0.,0.,1.));
#10541 = ORIENTED_EDGE('',*,*,#3249,.F.);
#10542 = PLANE('',#10543);
#10543 = AXIS2_PLACEMENT_3D('',#10544,#10545,#10546);
#10544 = CARTESIAN_POINT('',(-8.785,2.54,5.1));
#10545 = DIRECTION('',(1.,0.,-0.));
#10546 = DIRECTION('',(0.,0.,1.));
#10547 = ADVANCED_FACE('',(#10548),#10567,.F.);
#10548 = FACE_BOUND('',#10549,.F.);
#10549 = EDGE_LOOP('',(#10550,#10551,#10552,#10561));
#10550 = ORIENTED_EDGE('',*,*,#3275,.F.);
#10551 = ORIENTED_EDGE('',*,*,#10536,.F.);
#10552 = ORIENTED_EDGE('',*,*,#10553,.T.);
#10553 = EDGE_CURVE('',#10529,#10554,#10556,.T.);
#10554 = VERTEX_POINT('',#10555);
#10555 = CARTESIAN_POINT('',(-11.535,7.62,6.1));
#10556 = CIRCLE('',#10557,1.375);
#10557 = AXIS2_PLACEMENT_3D('',#10558,#10559,#10560);
#10558 = CARTESIAN_POINT('',(-10.16,7.62,6.1));
#10559 = DIRECTION('',(0.,0.,1.));
#10560 = DIRECTION('',(1.,0.,-0.));
#10561 = ORIENTED_EDGE('',*,*,#10562,.T.);
#10562 = EDGE_CURVE('',#10554,#3268,#10563,.T.);
#10563 = LINE('',#10564,#10565);
#10564 = CARTESIAN_POINT('',(-11.535,7.62,5.1));
#10565 = VECTOR('',#10566,1.);
#10566 = DIRECTION('',(0.,0.,1.));
#10567 = CYLINDRICAL_SURFACE('',#10568,1.375);
#10568 = AXIS2_PLACEMENT_3D('',#10569,#10570,#10571);
#10569 = CARTESIAN_POINT('',(-10.16,7.62,5.1));
#10570 = DIRECTION('',(0.,0.,1.));
#10571 = DIRECTION('',(1.,0.,-0.));
#10572 = ADVANCED_FACE('',(#10573),#10591,.T.);
#10573 = FACE_BOUND('',#10574,.T.);
#10574 = EDGE_LOOP('',(#10575,#10583,#10589,#10590));
#10575 = ORIENTED_EDGE('',*,*,#10576,.F.);
#10576 = EDGE_CURVE('',#10577,#3260,#10579,.T.);
#10577 = VERTEX_POINT('',#10578);
#10578 = CARTESIAN_POINT('',(-11.535,4.6,6.1));
#10579 = LINE('',#10580,#10581);
#10580 = CARTESIAN_POINT('',(-11.535,4.6,5.6));
#10581 = VECTOR('',#10582,1.);
#10582 = DIRECTION('',(0.,0.,1.));
#10583 = ORIENTED_EDGE('',*,*,#10584,.T.);
#10584 = EDGE_CURVE('',#10577,#10554,#10585,.T.);
#10585 = LINE('',#10586,#10587);
#10586 = CARTESIAN_POINT('',(-11.535,-15.47,6.1));
#10587 = VECTOR('',#10588,1.);
#10588 = DIRECTION('',(-0.,1.,0.));
#10589 = ORIENTED_EDGE('',*,*,#10562,.T.);
#10590 = ORIENTED_EDGE('',*,*,#3267,.F.);
#10591 = PLANE('',#10592);
#10592 = AXIS2_PLACEMENT_3D('',#10593,#10594,#10595);
#10593 = CARTESIAN_POINT('',(-11.535,2.54,5.1));
#10594 = DIRECTION('',(1.,0.,-0.));
#10595 = DIRECTION('',(0.,0.,1.));
#10596 = ADVANCED_FACE('',(#10597),#10608,.T.);
#10597 = FACE_BOUND('',#10598,.T.);
#10598 = EDGE_LOOP('',(#10599,#10605,#10606,#10607));
#10599 = ORIENTED_EDGE('',*,*,#10600,.F.);
#10600 = EDGE_CURVE('',#10577,#10521,#10601,.T.);
#10601 = LINE('',#10602,#10603);
#10602 = CARTESIAN_POINT('',(-21.,4.6,6.1));
#10603 = VECTOR('',#10604,1.);
#10604 = DIRECTION('',(1.,0.,-0.));
#10605 = ORIENTED_EDGE('',*,*,#10576,.T.);
#10606 = ORIENTED_EDGE('',*,*,#3259,.T.);
#10607 = ORIENTED_EDGE('',*,*,#10520,.F.);
#10608 = PLANE('',#10609);
#10609 = AXIS2_PLACEMENT_3D('',#10610,#10611,#10612);
#10610 = CARTESIAN_POINT('',(-21.,4.6,6.1));
#10611 = DIRECTION('',(-0.,1.,0.));
#10612 = DIRECTION('',(0.,0.,1.));
#10613 = ADVANCED_FACE('',(#10614),#10639,.F.);
#10614 = FACE_BOUND('',#10615,.F.);
#10615 = EDGE_LOOP('',(#10616,#10624,#10632,#10638));
#10616 = ORIENTED_EDGE('',*,*,#10617,.F.);
#10617 = EDGE_CURVE('',#10618,#3285,#10620,.T.);
#10618 = VERTEX_POINT('',#10619);
#10619 = CARTESIAN_POINT('',(6.455,4.6,6.1));
#10620 = LINE('',#10621,#10622);
#10621 = CARTESIAN_POINT('',(6.455,4.6,5.6));
#10622 = VECTOR('',#10623,1.);
#10623 = DIRECTION('',(0.,0.,1.));
#10624 = ORIENTED_EDGE('',*,*,#10625,.T.);
#10625 = EDGE_CURVE('',#10618,#10626,#10628,.T.);
#10626 = VERTEX_POINT('',#10627);
#10627 = CARTESIAN_POINT('',(6.455,7.62,6.1));
#10628 = LINE('',#10629,#10630);
#10629 = CARTESIAN_POINT('',(6.455,-15.47,6.1));
#10630 = VECTOR('',#10631,1.);
#10631 = DIRECTION('',(-0.,1.,0.));
#10632 = ORIENTED_EDGE('',*,*,#10633,.T.);
#10633 = EDGE_CURVE('',#10626,#3287,#10634,.T.);
#10634 = LINE('',#10635,#10636);
#10635 = CARTESIAN_POINT('',(6.455,7.62,5.1));
#10636 = VECTOR('',#10637,1.);
#10637 = DIRECTION('',(0.,0.,1.));
#10638 = ORIENTED_EDGE('',*,*,#3284,.F.);
#10639 = PLANE('',#10640);
#10640 = AXIS2_PLACEMENT_3D('',#10641,#10642,#10643);
#10641 = CARTESIAN_POINT('',(6.455,2.54,5.1));
#10642 = DIRECTION('',(1.,0.,-0.));
#10643 = DIRECTION('',(0.,0.,1.));
#10644 = ADVANCED_FACE('',(#10645),#10664,.F.);
#10645 = FACE_BOUND('',#10646,.F.);
#10646 = EDGE_LOOP('',(#10647,#10648,#10649,#10658));
#10647 = ORIENTED_EDGE('',*,*,#3310,.F.);
#10648 = ORIENTED_EDGE('',*,*,#10633,.F.);
#10649 = ORIENTED_EDGE('',*,*,#10650,.T.);
#10650 = EDGE_CURVE('',#10626,#10651,#10653,.T.);
#10651 = VERTEX_POINT('',#10652);
#10652 = CARTESIAN_POINT('',(3.705,7.62,6.1));
#10653 = CIRCLE('',#10654,1.375);
#10654 = AXIS2_PLACEMENT_3D('',#10655,#10656,#10657);
#10655 = CARTESIAN_POINT('',(5.08,7.62,6.1));
#10656 = DIRECTION('',(0.,0.,1.));
#10657 = DIRECTION('',(1.,0.,-0.));
#10658 = ORIENTED_EDGE('',*,*,#10659,.T.);
#10659 = EDGE_CURVE('',#10651,#3303,#10660,.T.);
#10660 = LINE('',#10661,#10662);
#10661 = CARTESIAN_POINT('',(3.705,7.62,5.1));
#10662 = VECTOR('',#10663,1.);
#10663 = DIRECTION('',(0.,0.,1.));
#10664 = CYLINDRICAL_SURFACE('',#10665,1.375);
#10665 = AXIS2_PLACEMENT_3D('',#10666,#10667,#10668);
#10666 = CARTESIAN_POINT('',(5.08,7.62,5.1));
#10667 = DIRECTION('',(0.,0.,1.));
#10668 = DIRECTION('',(1.,0.,-0.));
#10669 = ADVANCED_FACE('',(#10670),#10688,.T.);
#10670 = FACE_BOUND('',#10671,.T.);
#10671 = EDGE_LOOP('',(#10672,#10680,#10686,#10687));
#10672 = ORIENTED_EDGE('',*,*,#10673,.F.);
#10673 = EDGE_CURVE('',#10674,#3295,#10676,.T.);
#10674 = VERTEX_POINT('',#10675);
#10675 = CARTESIAN_POINT('',(3.705,4.6,6.1));
#10676 = LINE('',#10677,#10678);
#10677 = CARTESIAN_POINT('',(3.705,4.6,5.6));
#10678 = VECTOR('',#10679,1.);
#10679 = DIRECTION('',(0.,0.,1.));
#10680 = ORIENTED_EDGE('',*,*,#10681,.T.);
#10681 = EDGE_CURVE('',#10674,#10651,#10682,.T.);
#10682 = LINE('',#10683,#10684);
#10683 = CARTESIAN_POINT('',(3.705,-15.47,6.1));
#10684 = VECTOR('',#10685,1.);
#10685 = DIRECTION('',(-0.,1.,0.));
#10686 = ORIENTED_EDGE('',*,*,#10659,.T.);
#10687 = ORIENTED_EDGE('',*,*,#3302,.F.);
#10688 = PLANE('',#10689);
#10689 = AXIS2_PLACEMENT_3D('',#10690,#10691,#10692);
#10690 = CARTESIAN_POINT('',(3.705,2.54,5.1));
#10691 = DIRECTION('',(1.,0.,-0.));
#10692 = DIRECTION('',(0.,0.,1.));
#10693 = ADVANCED_FACE('',(#10694),#10705,.T.);
#10694 = FACE_BOUND('',#10695,.T.);
#10695 = EDGE_LOOP('',(#10696,#10702,#10703,#10704));
#10696 = ORIENTED_EDGE('',*,*,#10697,.F.);
#10697 = EDGE_CURVE('',#10674,#10618,#10698,.T.);
#10698 = LINE('',#10699,#10700);
#10699 = CARTESIAN_POINT('',(-21.,4.6,6.1));
#10700 = VECTOR('',#10701,1.);
#10701 = DIRECTION('',(1.,0.,-0.));
#10702 = ORIENTED_EDGE('',*,*,#10673,.T.);
#10703 = ORIENTED_EDGE('',*,*,#3294,.T.);
#10704 = ORIENTED_EDGE('',*,*,#10617,.F.);
#10705 = PLANE('',#10706);
#10706 = AXIS2_PLACEMENT_3D('',#10707,#10708,#10709);
#10707 = CARTESIAN_POINT('',(-21.,4.6,6.1));
#10708 = DIRECTION('',(-0.,1.,0.));
#10709 = DIRECTION('',(0.,0.,1.));
#10710 = ADVANCED_FACE('',(#10711),#10770,.F.);
#10711 = FACE_BOUND('',#10712,.F.);
#10712 = EDGE_LOOP('',(#10713,#10714,#10722,#10731,#10740,#10749,#10758,
    #10765,#10766,#10767,#10768,#10769));
#10713 = ORIENTED_EDGE('',*,*,#3339,.F.);
#10714 = ORIENTED_EDGE('',*,*,#10715,.F.);
#10715 = EDGE_CURVE('',#10716,#3340,#10718,.T.);
#10716 = VERTEX_POINT('',#10717);
#10717 = CARTESIAN_POINT('',(-12.3,-4.163799117101E-16,6.1));
#10718 = LINE('',#10719,#10720);
#10719 = CARTESIAN_POINT('',(-12.3,-4.163799117101E-16,5.1));
#10720 = VECTOR('',#10721,1.);
#10721 = DIRECTION('',(0.,0.,1.));
#10722 = ORIENTED_EDGE('',*,*,#10723,.T.);
#10723 = EDGE_CURVE('',#10716,#10724,#10726,.T.);
#10724 = VERTEX_POINT('',#10725);
#10725 = CARTESIAN_POINT('',(-14.15706091912,1.692729118224,6.1));
#10726 = CIRCLE('',#10727,1.7);
#10727 = AXIS2_PLACEMENT_3D('',#10728,#10729,#10730);
#10728 = CARTESIAN_POINT('',(-14.,0.,6.1));
#10729 = DIRECTION('',(0.,0.,1.));
#10730 = DIRECTION('',(1.,0.,-0.));
#10731 = ORIENTED_EDGE('',*,*,#10732,.T.);
#10732 = EDGE_CURVE('',#10724,#10733,#10735,.T.);
#10733 = VERTEX_POINT('',#10734);
#10734 = CARTESIAN_POINT('',(-15.23805160779,1.165001380449,6.1));
#10735 = CIRCLE('',#10736,1.7);
#10736 = AXIS2_PLACEMENT_3D('',#10737,#10738,#10739);
#10737 = CARTESIAN_POINT('',(-14.,0.,6.1));
#10738 = DIRECTION('',(0.,0.,1.));
#10739 = DIRECTION('',(1.,0.,-0.));
#10740 = ORIENTED_EDGE('',*,*,#10741,.T.);
#10741 = EDGE_CURVE('',#10733,#10742,#10744,.T.);
#10742 = VERTEX_POINT('',#10743);
#10743 = CARTESIAN_POINT('',(-15.23805290678,-1.165,6.1));
#10744 = CIRCLE('',#10745,1.7);
#10745 = AXIS2_PLACEMENT_3D('',#10746,#10747,#10748);
#10746 = CARTESIAN_POINT('',(-14.,0.,6.1));
#10747 = DIRECTION('',(0.,0.,1.));
#10748 = DIRECTION('',(1.,0.,-0.));
#10749 = ORIENTED_EDGE('',*,*,#10750,.T.);
#10750 = EDGE_CURVE('',#10742,#10751,#10753,.T.);
#10751 = VERTEX_POINT('',#10752);
#10752 = CARTESIAN_POINT('',(-12.76194709321,-1.165,6.1));
#10753 = CIRCLE('',#10754,1.7);
#10754 = AXIS2_PLACEMENT_3D('',#10755,#10756,#10757);
#10755 = CARTESIAN_POINT('',(-14.,0.,6.1));
#10756 = DIRECTION('',(0.,0.,1.));
#10757 = DIRECTION('',(1.,0.,-0.));
#10758 = ORIENTED_EDGE('',*,*,#10759,.T.);
#10759 = EDGE_CURVE('',#10751,#10716,#10760,.T.);
#10760 = CIRCLE('',#10761,1.7);
#10761 = AXIS2_PLACEMENT_3D('',#10762,#10763,#10764);
#10762 = CARTESIAN_POINT('',(-14.,0.,6.1));
#10763 = DIRECTION('',(0.,0.,1.));
#10764 = DIRECTION('',(1.,0.,-0.));
#10765 = ORIENTED_EDGE('',*,*,#10715,.T.);
#10766 = ORIENTED_EDGE('',*,*,#3348,.F.);
#10767 = ORIENTED_EDGE('',*,*,#3357,.F.);
#10768 = ORIENTED_EDGE('',*,*,#3319,.F.);
#10769 = ORIENTED_EDGE('',*,*,#3330,.F.);
#10770 = CYLINDRICAL_SURFACE('',#10771,1.7);
#10771 = AXIS2_PLACEMENT_3D('',#10772,#10773,#10774);
#10772 = CARTESIAN_POINT('',(-14.,0.,5.1));
#10773 = DIRECTION('',(0.,0.,1.));
#10774 = DIRECTION('',(1.,0.,-0.));
#10775 = ADVANCED_FACE('',(#10776),#10835,.F.);
#10776 = FACE_BOUND('',#10777,.F.);
#10777 = EDGE_LOOP('',(#10778,#10779,#10787,#10796,#10805,#10814,#10823,
    #10830,#10831,#10832,#10833,#10834));
#10778 = ORIENTED_EDGE('',*,*,#3404,.F.);
#10779 = ORIENTED_EDGE('',*,*,#10780,.F.);
#10780 = EDGE_CURVE('',#10781,#3369,#10783,.T.);
#10781 = VERTEX_POINT('',#10782);
#10782 = CARTESIAN_POINT('',(15.7,-4.163799117101E-16,6.1));
#10783 = LINE('',#10784,#10785);
#10784 = CARTESIAN_POINT('',(15.7,-4.163799117101E-16,5.1));
#10785 = VECTOR('',#10786,1.);
#10786 = DIRECTION('',(0.,0.,1.));
#10787 = ORIENTED_EDGE('',*,*,#10788,.T.);
#10788 = EDGE_CURVE('',#10781,#10789,#10791,.T.);
#10789 = VERTEX_POINT('',#10790);
#10790 = CARTESIAN_POINT('',(15.238052906785,1.165,6.1));
#10791 = CIRCLE('',#10792,1.7);
#10792 = AXIS2_PLACEMENT_3D('',#10793,#10794,#10795);
#10793 = CARTESIAN_POINT('',(14.,0.,6.1));
#10794 = DIRECTION('',(0.,0.,1.));
#10795 = DIRECTION('',(1.,0.,-0.));
#10796 = ORIENTED_EDGE('',*,*,#10797,.T.);
#10797 = EDGE_CURVE('',#10789,#10798,#10800,.T.);
#10798 = VERTEX_POINT('',#10799);
#10799 = CARTESIAN_POINT('',(12.761947093215,1.165,6.1));
#10800 = CIRCLE('',#10801,1.7);
#10801 = AXIS2_PLACEMENT_3D('',#10802,#10803,#10804);
#10802 = CARTESIAN_POINT('',(14.,0.,6.1));
#10803 = DIRECTION('',(0.,0.,1.));
#10804 = DIRECTION('',(1.,0.,-0.));
#10805 = ORIENTED_EDGE('',*,*,#10806,.T.);
#10806 = EDGE_CURVE('',#10798,#10807,#10809,.T.);
#10807 = VERTEX_POINT('',#10808);
#10808 = CARTESIAN_POINT('',(14.157060919121,-1.692729118224,6.1));
#10809 = CIRCLE('',#10810,1.7);
#10810 = AXIS2_PLACEMENT_3D('',#10811,#10812,#10813);
#10811 = CARTESIAN_POINT('',(14.,0.,6.1));
#10812 = DIRECTION('',(0.,0.,1.));
#10813 = DIRECTION('',(1.,0.,-0.));
#10814 = ORIENTED_EDGE('',*,*,#10815,.T.);
#10815 = EDGE_CURVE('',#10807,#10816,#10818,.T.);
#10816 = VERTEX_POINT('',#10817);
#10817 = CARTESIAN_POINT('',(15.23805160779,-1.165001380449,6.1));
#10818 = CIRCLE('',#10819,1.7);
#10819 = AXIS2_PLACEMENT_3D('',#10820,#10821,#10822);
#10820 = CARTESIAN_POINT('',(14.,0.,6.1));
#10821 = DIRECTION('',(0.,0.,1.));
#10822 = DIRECTION('',(1.,0.,-0.));
#10823 = ORIENTED_EDGE('',*,*,#10824,.T.);
#10824 = EDGE_CURVE('',#10816,#10781,#10825,.T.);
#10825 = CIRCLE('',#10826,1.7);
#10826 = AXIS2_PLACEMENT_3D('',#10827,#10828,#10829);
#10827 = CARTESIAN_POINT('',(14.,0.,6.1));
#10828 = DIRECTION('',(0.,0.,1.));
#10829 = DIRECTION('',(1.,0.,-0.));
#10830 = ORIENTED_EDGE('',*,*,#10780,.T.);
#10831 = ORIENTED_EDGE('',*,*,#3366,.F.);
#10832 = ORIENTED_EDGE('',*,*,#3377,.F.);
#10833 = ORIENTED_EDGE('',*,*,#3386,.F.);
#10834 = ORIENTED_EDGE('',*,*,#3395,.F.);
#10835 = CYLINDRICAL_SURFACE('',#10836,1.7);
#10836 = AXIS2_PLACEMENT_3D('',#10837,#10838,#10839);
#10837 = CARTESIAN_POINT('',(14.,0.,5.1));
#10838 = DIRECTION('',(0.,0.,1.));
#10839 = DIRECTION('',(1.,0.,-0.));
#10840 = ADVANCED_FACE('',(#10841),#10860,.F.);
#10841 = FACE_BOUND('',#10842,.F.);
#10842 = EDGE_LOOP('',(#10843,#10844,#10852,#10859));
#10843 = ORIENTED_EDGE('',*,*,#3413,.F.);
#10844 = ORIENTED_EDGE('',*,*,#10845,.F.);
#10845 = EDGE_CURVE('',#10846,#3414,#10848,.T.);
#10846 = VERTEX_POINT('',#10847);
#10847 = CARTESIAN_POINT('',(-13.865,22.86,6.1));
#10848 = LINE('',#10849,#10850);
#10849 = CARTESIAN_POINT('',(-13.865,22.86,5.1));
#10850 = VECTOR('',#10851,1.);
#10851 = DIRECTION('',(0.,0.,1.));
#10852 = ORIENTED_EDGE('',*,*,#10853,.T.);
#10853 = EDGE_CURVE('',#10846,#10846,#10854,.T.);
#10854 = CIRCLE('',#10855,1.375);
#10855 = AXIS2_PLACEMENT_3D('',#10856,#10857,#10858);
#10856 = CARTESIAN_POINT('',(-15.24,22.86,6.1));
#10857 = DIRECTION('',(0.,0.,1.));
#10858 = DIRECTION('',(1.,0.,-0.));
#10859 = ORIENTED_EDGE('',*,*,#10845,.T.);
#10860 = CYLINDRICAL_SURFACE('',#10861,1.375);
#10861 = AXIS2_PLACEMENT_3D('',#10862,#10863,#10864);
#10862 = CARTESIAN_POINT('',(-15.24,22.86,5.1));
#10863 = DIRECTION('',(0.,0.,1.));
#10864 = DIRECTION('',(1.,0.,-0.));
#10865 = ADVANCED_FACE('',(#10866),#10885,.F.);
#10866 = FACE_BOUND('',#10867,.F.);
#10867 = EDGE_LOOP('',(#10868,#10869,#10877,#10884));
#10868 = ORIENTED_EDGE('',*,*,#3424,.F.);
#10869 = ORIENTED_EDGE('',*,*,#10870,.F.);
#10870 = EDGE_CURVE('',#10871,#3425,#10873,.T.);
#10871 = VERTEX_POINT('',#10872);
#10872 = CARTESIAN_POINT('',(16.615,-7.62,6.1));
#10873 = LINE('',#10874,#10875);
#10874 = CARTESIAN_POINT('',(16.615,-7.62,5.1));
#10875 = VECTOR('',#10876,1.);
#10876 = DIRECTION('',(0.,0.,1.));
#10877 = ORIENTED_EDGE('',*,*,#10878,.T.);
#10878 = EDGE_CURVE('',#10871,#10871,#10879,.T.);
#10879 = CIRCLE('',#10880,1.375);
#10880 = AXIS2_PLACEMENT_3D('',#10881,#10882,#10883);
#10881 = CARTESIAN_POINT('',(15.24,-7.62,6.1));
#10882 = DIRECTION('',(0.,0.,1.));
#10883 = DIRECTION('',(1.,0.,-0.));
#10884 = ORIENTED_EDGE('',*,*,#10870,.T.);
#10885 = CYLINDRICAL_SURFACE('',#10886,1.375);
#10886 = AXIS2_PLACEMENT_3D('',#10887,#10888,#10889);
#10887 = CARTESIAN_POINT('',(15.24,-7.62,5.1));
#10888 = DIRECTION('',(0.,0.,1.));
#10889 = DIRECTION('',(1.,0.,-0.));
#10890 = ADVANCED_FACE('',(#10891),#10910,.F.);
#10891 = FACE_BOUND('',#10892,.F.);
#10892 = EDGE_LOOP('',(#10893,#10894,#10902,#10909));
#10893 = ORIENTED_EDGE('',*,*,#3435,.F.);
#10894 = ORIENTED_EDGE('',*,*,#10895,.F.);
#10895 = EDGE_CURVE('',#10896,#3436,#10898,.T.);
#10896 = VERTEX_POINT('',#10897);
#10897 = CARTESIAN_POINT('',(1.375,7.62,6.1));
#10898 = LINE('',#10899,#10900);
#10899 = CARTESIAN_POINT('',(1.375,7.62,5.1));
#10900 = VECTOR('',#10901,1.);
#10901 = DIRECTION('',(0.,0.,1.));
#10902 = ORIENTED_EDGE('',*,*,#10903,.T.);
#10903 = EDGE_CURVE('',#10896,#10896,#10904,.T.);
#10904 = CIRCLE('',#10905,1.375);
#10905 = AXIS2_PLACEMENT_3D('',#10906,#10907,#10908);
#10906 = CARTESIAN_POINT('',(7.105427357601E-15,7.62,6.1));
#10907 = DIRECTION('',(0.,0.,1.));
#10908 = DIRECTION('',(1.,0.,-0.));
#10909 = ORIENTED_EDGE('',*,*,#10895,.T.);
#10910 = CYLINDRICAL_SURFACE('',#10911,1.375);
#10911 = AXIS2_PLACEMENT_3D('',#10912,#10913,#10914);
#10912 = CARTESIAN_POINT('',(7.105427357601E-15,7.62,5.1));
#10913 = DIRECTION('',(0.,0.,1.));
#10914 = DIRECTION('',(1.,0.,-0.));
#10915 = ADVANCED_FACE('',(#10916),#10935,.F.);
#10916 = FACE_BOUND('',#10917,.F.);
#10917 = EDGE_LOOP('',(#10918,#10919,#10927,#10934));
#10918 = ORIENTED_EDGE('',*,*,#3446,.F.);
#10919 = ORIENTED_EDGE('',*,*,#10920,.F.);
#10920 = EDGE_CURVE('',#10921,#3447,#10923,.T.);
#10921 = VERTEX_POINT('',#10922);
#10922 = CARTESIAN_POINT('',(-13.865,7.62,6.1));
#10923 = LINE('',#10924,#10925);
#10924 = CARTESIAN_POINT('',(-13.865,7.62,5.1));
#10925 = VECTOR('',#10926,1.);
#10926 = DIRECTION('',(0.,0.,1.));
#10927 = ORIENTED_EDGE('',*,*,#10928,.T.);
#10928 = EDGE_CURVE('',#10921,#10921,#10929,.T.);
#10929 = CIRCLE('',#10930,1.375);
#10930 = AXIS2_PLACEMENT_3D('',#10931,#10932,#10933);
#10931 = CARTESIAN_POINT('',(-15.24,7.62,6.1));
#10932 = DIRECTION('',(0.,0.,1.));
#10933 = DIRECTION('',(1.,0.,-0.));
#10934 = ORIENTED_EDGE('',*,*,#10920,.T.);
#10935 = CYLINDRICAL_SURFACE('',#10936,1.375);
#10936 = AXIS2_PLACEMENT_3D('',#10937,#10938,#10939);
#10937 = CARTESIAN_POINT('',(-15.24,7.62,5.1));
#10938 = DIRECTION('',(0.,0.,1.));
#10939 = DIRECTION('',(1.,0.,-0.));
#10940 = ADVANCED_FACE('',(#10941),#10960,.F.);
#10941 = FACE_BOUND('',#10942,.F.);
#10942 = EDGE_LOOP('',(#10943,#10944,#10952,#10959));
#10943 = ORIENTED_EDGE('',*,*,#3457,.F.);
#10944 = ORIENTED_EDGE('',*,*,#10945,.F.);
#10945 = EDGE_CURVE('',#10946,#3458,#10948,.T.);
#10946 = VERTEX_POINT('',#10947);
#10947 = CARTESIAN_POINT('',(31.855,-7.62,6.1));
#10948 = LINE('',#10949,#10950);
#10949 = CARTESIAN_POINT('',(31.855,-7.62,5.1));
#10950 = VECTOR('',#10951,1.);
#10951 = DIRECTION('',(0.,0.,1.));
#10952 = ORIENTED_EDGE('',*,*,#10953,.T.);
#10953 = EDGE_CURVE('',#10946,#10946,#10954,.T.);
#10954 = CIRCLE('',#10955,1.375);
#10955 = AXIS2_PLACEMENT_3D('',#10956,#10957,#10958);
#10956 = CARTESIAN_POINT('',(30.48,-7.62,6.1));
#10957 = DIRECTION('',(0.,0.,1.));
#10958 = DIRECTION('',(1.,0.,-0.));
#10959 = ORIENTED_EDGE('',*,*,#10945,.T.);
#10960 = CYLINDRICAL_SURFACE('',#10961,1.375);
#10961 = AXIS2_PLACEMENT_3D('',#10962,#10963,#10964);
#10962 = CARTESIAN_POINT('',(30.48,-7.62,5.1));
#10963 = DIRECTION('',(0.,0.,1.));
#10964 = DIRECTION('',(1.,0.,-0.));
#10965 = ADVANCED_FACE('',(#10966),#10985,.F.);
#10966 = FACE_BOUND('',#10967,.F.);
#10967 = EDGE_LOOP('',(#10968,#10969,#10977,#10984));
#10968 = ORIENTED_EDGE('',*,*,#3468,.F.);
#10969 = ORIENTED_EDGE('',*,*,#10970,.F.);
#10970 = EDGE_CURVE('',#10971,#3469,#10973,.T.);
#10971 = VERTEX_POINT('',#10972);
#10972 = CARTESIAN_POINT('',(16.615,7.62,6.1));
#10973 = LINE('',#10974,#10975);
#10974 = CARTESIAN_POINT('',(16.615,7.62,5.1));
#10975 = VECTOR('',#10976,1.);
#10976 = DIRECTION('',(0.,0.,1.));
#10977 = ORIENTED_EDGE('',*,*,#10978,.T.);
#10978 = EDGE_CURVE('',#10971,#10971,#10979,.T.);
#10979 = CIRCLE('',#10980,1.375);
#10980 = AXIS2_PLACEMENT_3D('',#10981,#10982,#10983);
#10981 = CARTESIAN_POINT('',(15.24,7.62,6.1));
#10982 = DIRECTION('',(0.,0.,1.));
#10983 = DIRECTION('',(1.,0.,-0.));
#10984 = ORIENTED_EDGE('',*,*,#10970,.T.);
#10985 = CYLINDRICAL_SURFACE('',#10986,1.375);
#10986 = AXIS2_PLACEMENT_3D('',#10987,#10988,#10989);
#10987 = CARTESIAN_POINT('',(15.24,7.62,5.1));
#10988 = DIRECTION('',(0.,0.,1.));
#10989 = DIRECTION('',(1.,0.,-0.));
#10990 = ADVANCED_FACE('',(#10991),#11010,.F.);
#10991 = FACE_BOUND('',#10992,.F.);
#10992 = EDGE_LOOP('',(#10993,#10994,#11002,#11009));
#10993 = ORIENTED_EDGE('',*,*,#3479,.F.);
#10994 = ORIENTED_EDGE('',*,*,#10995,.F.);
#10995 = EDGE_CURVE('',#10996,#3480,#10998,.T.);
#10996 = VERTEX_POINT('',#10997);
#10997 = CARTESIAN_POINT('',(-29.105,7.62,6.1));
#10998 = LINE('',#10999,#11000);
#10999 = CARTESIAN_POINT('',(-29.105,7.62,5.1));
#11000 = VECTOR('',#11001,1.);
#11001 = DIRECTION('',(0.,0.,1.));
#11002 = ORIENTED_EDGE('',*,*,#11003,.T.);
#11003 = EDGE_CURVE('',#10996,#10996,#11004,.T.);
#11004 = CIRCLE('',#11005,1.375);
#11005 = AXIS2_PLACEMENT_3D('',#11006,#11007,#11008);
#11006 = CARTESIAN_POINT('',(-30.48,7.62,6.1));
#11007 = DIRECTION('',(0.,0.,1.));
#11008 = DIRECTION('',(1.,0.,-0.));
#11009 = ORIENTED_EDGE('',*,*,#10995,.T.);
#11010 = CYLINDRICAL_SURFACE('',#11011,1.375);
#11011 = AXIS2_PLACEMENT_3D('',#11012,#11013,#11014);
#11012 = CARTESIAN_POINT('',(-30.48,7.62,5.1));
#11013 = DIRECTION('',(0.,0.,1.));
#11014 = DIRECTION('',(1.,0.,-0.));
#11015 = ADVANCED_FACE('',(#11016),#11035,.F.);
#11016 = FACE_BOUND('',#11017,.F.);
#11017 = EDGE_LOOP('',(#11018,#11019,#11027,#11034));
#11018 = ORIENTED_EDGE('',*,*,#3490,.F.);
#11019 = ORIENTED_EDGE('',*,*,#11020,.F.);
#11020 = EDGE_CURVE('',#11021,#3491,#11023,.T.);
#11021 = VERTEX_POINT('',#11022);
#11022 = CARTESIAN_POINT('',(1.375,-7.62,6.1));
#11023 = LINE('',#11024,#11025);
#11024 = CARTESIAN_POINT('',(1.375,-7.62,5.1));
#11025 = VECTOR('',#11026,1.);
#11026 = DIRECTION('',(0.,0.,1.));
#11027 = ORIENTED_EDGE('',*,*,#11028,.T.);
#11028 = EDGE_CURVE('',#11021,#11021,#11029,.T.);
#11029 = CIRCLE('',#11030,1.375);
#11030 = AXIS2_PLACEMENT_3D('',#11031,#11032,#11033);
#11031 = CARTESIAN_POINT('',(7.105427357601E-15,-7.62,6.1));
#11032 = DIRECTION('',(0.,0.,1.));
#11033 = DIRECTION('',(1.,0.,-0.));
#11034 = ORIENTED_EDGE('',*,*,#11020,.T.);
#11035 = CYLINDRICAL_SURFACE('',#11036,1.375);
#11036 = AXIS2_PLACEMENT_3D('',#11037,#11038,#11039);
#11037 = CARTESIAN_POINT('',(7.105427357601E-15,-7.62,5.1));
#11038 = DIRECTION('',(0.,0.,1.));
#11039 = DIRECTION('',(1.,0.,-0.));
#11040 = ADVANCED_FACE('',(#11041),#11060,.F.);
#11041 = FACE_BOUND('',#11042,.F.);
#11042 = EDGE_LOOP('',(#11043,#11044,#11052,#11059));
#11043 = ORIENTED_EDGE('',*,*,#3501,.F.);
#11044 = ORIENTED_EDGE('',*,*,#11045,.F.);
#11045 = EDGE_CURVE('',#11046,#3502,#11048,.T.);
#11046 = VERTEX_POINT('',#11047);
#11047 = CARTESIAN_POINT('',(31.855,-22.86,6.1));
#11048 = LINE('',#11049,#11050);
#11049 = CARTESIAN_POINT('',(31.855,-22.86,5.1));
#11050 = VECTOR('',#11051,1.);
#11051 = DIRECTION('',(0.,0.,1.));
#11052 = ORIENTED_EDGE('',*,*,#11053,.T.);
#11053 = EDGE_CURVE('',#11046,#11046,#11054,.T.);
#11054 = CIRCLE('',#11055,1.375);
#11055 = AXIS2_PLACEMENT_3D('',#11056,#11057,#11058);
#11056 = CARTESIAN_POINT('',(30.48,-22.86,6.1));
#11057 = DIRECTION('',(0.,0.,1.));
#11058 = DIRECTION('',(1.,0.,-0.));
#11059 = ORIENTED_EDGE('',*,*,#11045,.T.);
#11060 = CYLINDRICAL_SURFACE('',#11061,1.375);
#11061 = AXIS2_PLACEMENT_3D('',#11062,#11063,#11064);
#11062 = CARTESIAN_POINT('',(30.48,-22.86,5.1));
#11063 = DIRECTION('',(0.,0.,1.));
#11064 = DIRECTION('',(1.,0.,-0.));
#11065 = ADVANCED_FACE('',(#11066),#11085,.F.);
#11066 = FACE_BOUND('',#11067,.F.);
#11067 = EDGE_LOOP('',(#11068,#11069,#11077,#11084));
#11068 = ORIENTED_EDGE('',*,*,#3512,.F.);
#11069 = ORIENTED_EDGE('',*,*,#11070,.F.);
#11070 = EDGE_CURVE('',#11071,#3513,#11073,.T.);
#11071 = VERTEX_POINT('',#11072);
#11072 = CARTESIAN_POINT('',(31.855,7.62,6.1));
#11073 = LINE('',#11074,#11075);
#11074 = CARTESIAN_POINT('',(31.855,7.62,5.1));
#11075 = VECTOR('',#11076,1.);
#11076 = DIRECTION('',(0.,0.,1.));
#11077 = ORIENTED_EDGE('',*,*,#11078,.T.);
#11078 = EDGE_CURVE('',#11071,#11071,#11079,.T.);
#11079 = CIRCLE('',#11080,1.375);
#11080 = AXIS2_PLACEMENT_3D('',#11081,#11082,#11083);
#11081 = CARTESIAN_POINT('',(30.48,7.62,6.1));
#11082 = DIRECTION('',(0.,0.,1.));
#11083 = DIRECTION('',(1.,0.,-0.));
#11084 = ORIENTED_EDGE('',*,*,#11070,.T.);
#11085 = CYLINDRICAL_SURFACE('',#11086,1.375);
#11086 = AXIS2_PLACEMENT_3D('',#11087,#11088,#11089);
#11087 = CARTESIAN_POINT('',(30.48,7.62,5.1));
#11088 = DIRECTION('',(0.,0.,1.));
#11089 = DIRECTION('',(1.,0.,-0.));
#11090 = ADVANCED_FACE('',(#11091),#11110,.F.);
#11091 = FACE_BOUND('',#11092,.F.);
#11092 = EDGE_LOOP('',(#11093,#11094,#11102,#11109));
#11093 = ORIENTED_EDGE('',*,*,#3523,.F.);
#11094 = ORIENTED_EDGE('',*,*,#11095,.F.);
#11095 = EDGE_CURVE('',#11096,#3524,#11098,.T.);
#11096 = VERTEX_POINT('',#11097);
#11097 = CARTESIAN_POINT('',(16.615,-22.86,6.1));
#11098 = LINE('',#11099,#11100);
#11099 = CARTESIAN_POINT('',(16.615,-22.86,5.1));
#11100 = VECTOR('',#11101,1.);
#11101 = DIRECTION('',(0.,0.,1.));
#11102 = ORIENTED_EDGE('',*,*,#11103,.T.);
#11103 = EDGE_CURVE('',#11096,#11096,#11104,.T.);
#11104 = CIRCLE('',#11105,1.375);
#11105 = AXIS2_PLACEMENT_3D('',#11106,#11107,#11108);
#11106 = CARTESIAN_POINT('',(15.24,-22.86,6.1));
#11107 = DIRECTION('',(0.,0.,1.));
#11108 = DIRECTION('',(1.,0.,-0.));
#11109 = ORIENTED_EDGE('',*,*,#11095,.T.);
#11110 = CYLINDRICAL_SURFACE('',#11111,1.375);
#11111 = AXIS2_PLACEMENT_3D('',#11112,#11113,#11114);
#11112 = CARTESIAN_POINT('',(15.24,-22.86,5.1));
#11113 = DIRECTION('',(0.,0.,1.));
#11114 = DIRECTION('',(1.,0.,-0.));
#11115 = ADVANCED_FACE('',(#11116),#11135,.F.);
#11116 = FACE_BOUND('',#11117,.F.);
#11117 = EDGE_LOOP('',(#11118,#11119,#11127,#11134));
#11118 = ORIENTED_EDGE('',*,*,#3534,.F.);
#11119 = ORIENTED_EDGE('',*,*,#11120,.F.);
#11120 = EDGE_CURVE('',#11121,#3535,#11123,.T.);
#11121 = VERTEX_POINT('',#11122);
#11122 = CARTESIAN_POINT('',(1.375,-22.86,6.1));
#11123 = LINE('',#11124,#11125);
#11124 = CARTESIAN_POINT('',(1.375,-22.86,5.1));
#11125 = VECTOR('',#11126,1.);
#11126 = DIRECTION('',(0.,0.,1.));
#11127 = ORIENTED_EDGE('',*,*,#11128,.T.);
#11128 = EDGE_CURVE('',#11121,#11121,#11129,.T.);
#11129 = CIRCLE('',#11130,1.375);
#11130 = AXIS2_PLACEMENT_3D('',#11131,#11132,#11133);
#11131 = CARTESIAN_POINT('',(7.105427357601E-15,-22.86,6.1));
#11132 = DIRECTION('',(0.,0.,1.));
#11133 = DIRECTION('',(1.,0.,-0.));
#11134 = ORIENTED_EDGE('',*,*,#11120,.T.);
#11135 = CYLINDRICAL_SURFACE('',#11136,1.375);
#11136 = AXIS2_PLACEMENT_3D('',#11137,#11138,#11139);
#11137 = CARTESIAN_POINT('',(7.105427357601E-15,-22.86,5.1));
#11138 = DIRECTION('',(0.,0.,1.));
#11139 = DIRECTION('',(1.,0.,-0.));
#11140 = ADVANCED_FACE('',(#11141),#11160,.F.);
#11141 = FACE_BOUND('',#11142,.F.);
#11142 = EDGE_LOOP('',(#11143,#11144,#11152,#11159));
#11143 = ORIENTED_EDGE('',*,*,#3545,.F.);
#11144 = ORIENTED_EDGE('',*,*,#11145,.F.);
#11145 = EDGE_CURVE('',#11146,#3546,#11148,.T.);
#11146 = VERTEX_POINT('',#11147);
#11147 = CARTESIAN_POINT('',(-13.865,-7.62,6.1));
#11148 = LINE('',#11149,#11150);
#11149 = CARTESIAN_POINT('',(-13.865,-7.62,5.1));
#11150 = VECTOR('',#11151,1.);
#11151 = DIRECTION('',(0.,0.,1.));
#11152 = ORIENTED_EDGE('',*,*,#11153,.T.);
#11153 = EDGE_CURVE('',#11146,#11146,#11154,.T.);
#11154 = CIRCLE('',#11155,1.375);
#11155 = AXIS2_PLACEMENT_3D('',#11156,#11157,#11158);
#11156 = CARTESIAN_POINT('',(-15.24,-7.62,6.1));
#11157 = DIRECTION('',(0.,0.,1.));
#11158 = DIRECTION('',(1.,0.,-0.));
#11159 = ORIENTED_EDGE('',*,*,#11145,.T.);
#11160 = CYLINDRICAL_SURFACE('',#11161,1.375);
#11161 = AXIS2_PLACEMENT_3D('',#11162,#11163,#11164);
#11162 = CARTESIAN_POINT('',(-15.24,-7.62,5.1));
#11163 = DIRECTION('',(0.,0.,1.));
#11164 = DIRECTION('',(1.,0.,-0.));
#11165 = ADVANCED_FACE('',(#11166),#11185,.F.);
#11166 = FACE_BOUND('',#11167,.F.);
#11167 = EDGE_LOOP('',(#11168,#11169,#11177,#11184));
#11168 = ORIENTED_EDGE('',*,*,#3556,.F.);
#11169 = ORIENTED_EDGE('',*,*,#11170,.F.);
#11170 = EDGE_CURVE('',#11171,#3557,#11173,.T.);
#11171 = VERTEX_POINT('',#11172);
#11172 = CARTESIAN_POINT('',(1.375,22.86,6.1));
#11173 = LINE('',#11174,#11175);
#11174 = CARTESIAN_POINT('',(1.375,22.86,5.1));
#11175 = VECTOR('',#11176,1.);
#11176 = DIRECTION('',(0.,0.,1.));
#11177 = ORIENTED_EDGE('',*,*,#11178,.T.);
#11178 = EDGE_CURVE('',#11171,#11171,#11179,.T.);
#11179 = CIRCLE('',#11180,1.375);
#11180 = AXIS2_PLACEMENT_3D('',#11181,#11182,#11183);
#11181 = CARTESIAN_POINT('',(7.105427357601E-15,22.86,6.1));
#11182 = DIRECTION('',(0.,0.,1.));
#11183 = DIRECTION('',(1.,0.,-0.));
#11184 = ORIENTED_EDGE('',*,*,#11170,.T.);
#11185 = CYLINDRICAL_SURFACE('',#11186,1.375);
#11186 = AXIS2_PLACEMENT_3D('',#11187,#11188,#11189);
#11187 = CARTESIAN_POINT('',(7.105427357601E-15,22.86,5.1));
#11188 = DIRECTION('',(0.,0.,1.));
#11189 = DIRECTION('',(1.,0.,-0.));
#11190 = ADVANCED_FACE('',(#11191),#11210,.F.);
#11191 = FACE_BOUND('',#11192,.F.);
#11192 = EDGE_LOOP('',(#11193,#11194,#11202,#11209));
#11193 = ORIENTED_EDGE('',*,*,#3567,.F.);
#11194 = ORIENTED_EDGE('',*,*,#11195,.F.);
#11195 = EDGE_CURVE('',#11196,#3568,#11198,.T.);
#11196 = VERTEX_POINT('',#11197);
#11197 = CARTESIAN_POINT('',(-29.105,-7.62,6.1));
#11198 = LINE('',#11199,#11200);
#11199 = CARTESIAN_POINT('',(-29.105,-7.62,5.1));
#11200 = VECTOR('',#11201,1.);
#11201 = DIRECTION('',(0.,0.,1.));
#11202 = ORIENTED_EDGE('',*,*,#11203,.T.);
#11203 = EDGE_CURVE('',#11196,#11196,#11204,.T.);
#11204 = CIRCLE('',#11205,1.375);
#11205 = AXIS2_PLACEMENT_3D('',#11206,#11207,#11208);
#11206 = CARTESIAN_POINT('',(-30.48,-7.62,6.1));
#11207 = DIRECTION('',(0.,0.,1.));
#11208 = DIRECTION('',(1.,0.,-0.));
#11209 = ORIENTED_EDGE('',*,*,#11195,.T.);
#11210 = CYLINDRICAL_SURFACE('',#11211,1.375);
#11211 = AXIS2_PLACEMENT_3D('',#11212,#11213,#11214);
#11212 = CARTESIAN_POINT('',(-30.48,-7.62,5.1));
#11213 = DIRECTION('',(0.,0.,1.));
#11214 = DIRECTION('',(1.,0.,-0.));
#11215 = ADVANCED_FACE('',(#11216),#11235,.F.);
#11216 = FACE_BOUND('',#11217,.F.);
#11217 = EDGE_LOOP('',(#11218,#11219,#11227,#11234));
#11218 = ORIENTED_EDGE('',*,*,#3578,.F.);
#11219 = ORIENTED_EDGE('',*,*,#11220,.F.);
#11220 = EDGE_CURVE('',#11221,#3579,#11223,.T.);
#11221 = VERTEX_POINT('',#11222);
#11222 = CARTESIAN_POINT('',(16.615,22.86,6.1));
#11223 = LINE('',#11224,#11225);
#11224 = CARTESIAN_POINT('',(16.615,22.86,5.1));
#11225 = VECTOR('',#11226,1.);
#11226 = DIRECTION('',(0.,0.,1.));
#11227 = ORIENTED_EDGE('',*,*,#11228,.T.);
#11228 = EDGE_CURVE('',#11221,#11221,#11229,.T.);
#11229 = CIRCLE('',#11230,1.375);
#11230 = AXIS2_PLACEMENT_3D('',#11231,#11232,#11233);
#11231 = CARTESIAN_POINT('',(15.24,22.86,6.1));
#11232 = DIRECTION('',(0.,0.,1.));
#11233 = DIRECTION('',(1.,0.,-0.));
#11234 = ORIENTED_EDGE('',*,*,#11220,.T.);
#11235 = CYLINDRICAL_SURFACE('',#11236,1.375);
#11236 = AXIS2_PLACEMENT_3D('',#11237,#11238,#11239);
#11237 = CARTESIAN_POINT('',(15.24,22.86,5.1));
#11238 = DIRECTION('',(0.,0.,1.));
#11239 = DIRECTION('',(1.,0.,-0.));
#11240 = ADVANCED_FACE('',(#11241),#11260,.F.);
#11241 = FACE_BOUND('',#11242,.F.);
#11242 = EDGE_LOOP('',(#11243,#11244,#11252,#11259));
#11243 = ORIENTED_EDGE('',*,*,#3589,.F.);
#11244 = ORIENTED_EDGE('',*,*,#11245,.F.);
#11245 = EDGE_CURVE('',#11246,#3590,#11248,.T.);
#11246 = VERTEX_POINT('',#11247);
#11247 = CARTESIAN_POINT('',(-29.105,-22.86,6.1));
#11248 = LINE('',#11249,#11250);
#11249 = CARTESIAN_POINT('',(-29.105,-22.86,5.1));
#11250 = VECTOR('',#11251,1.);
#11251 = DIRECTION('',(0.,0.,1.));
#11252 = ORIENTED_EDGE('',*,*,#11253,.T.);
#11253 = EDGE_CURVE('',#11246,#11246,#11254,.T.);
#11254 = CIRCLE('',#11255,1.375);
#11255 = AXIS2_PLACEMENT_3D('',#11256,#11257,#11258);
#11256 = CARTESIAN_POINT('',(-30.48,-22.86,6.1));
#11257 = DIRECTION('',(0.,0.,1.));
#11258 = DIRECTION('',(1.,0.,-0.));
#11259 = ORIENTED_EDGE('',*,*,#11245,.T.);
#11260 = CYLINDRICAL_SURFACE('',#11261,1.375);
#11261 = AXIS2_PLACEMENT_3D('',#11262,#11263,#11264);
#11262 = CARTESIAN_POINT('',(-30.48,-22.86,5.1));
#11263 = DIRECTION('',(0.,0.,1.));
#11264 = DIRECTION('',(1.,0.,-0.));
#11265 = ADVANCED_FACE('',(#11266),#11285,.F.);
#11266 = FACE_BOUND('',#11267,.F.);
#11267 = EDGE_LOOP('',(#11268,#11269,#11277,#11284));
#11268 = ORIENTED_EDGE('',*,*,#3600,.F.);
#11269 = ORIENTED_EDGE('',*,*,#11270,.F.);
#11270 = EDGE_CURVE('',#11271,#3601,#11273,.T.);
#11271 = VERTEX_POINT('',#11272);
#11272 = CARTESIAN_POINT('',(-13.865,-22.86,6.1));
#11273 = LINE('',#11274,#11275);
#11274 = CARTESIAN_POINT('',(-13.865,-22.86,5.1));
#11275 = VECTOR('',#11276,1.);
#11276 = DIRECTION('',(0.,0.,1.));
#11277 = ORIENTED_EDGE('',*,*,#11278,.T.);
#11278 = EDGE_CURVE('',#11271,#11271,#11279,.T.);
#11279 = CIRCLE('',#11280,1.375);
#11280 = AXIS2_PLACEMENT_3D('',#11281,#11282,#11283);
#11281 = CARTESIAN_POINT('',(-15.24,-22.86,6.1));
#11282 = DIRECTION('',(0.,0.,1.));
#11283 = DIRECTION('',(1.,0.,-0.));
#11284 = ORIENTED_EDGE('',*,*,#11270,.T.);
#11285 = CYLINDRICAL_SURFACE('',#11286,1.375);
#11286 = AXIS2_PLACEMENT_3D('',#11287,#11288,#11289);
#11287 = CARTESIAN_POINT('',(-15.24,-22.86,5.1));
#11288 = DIRECTION('',(0.,0.,1.));
#11289 = DIRECTION('',(1.,0.,-0.));
#11290 = ADVANCED_FACE('',(#11291),#11310,.F.);
#11291 = FACE_BOUND('',#11292,.F.);
#11292 = EDGE_LOOP('',(#11293,#11294,#11302,#11309));
#11293 = ORIENTED_EDGE('',*,*,#3611,.F.);
#11294 = ORIENTED_EDGE('',*,*,#11295,.F.);
#11295 = EDGE_CURVE('',#11296,#3612,#11298,.T.);
#11296 = VERTEX_POINT('',#11297);
#11297 = CARTESIAN_POINT('',(31.855,22.86,6.1));
#11298 = LINE('',#11299,#11300);
#11299 = CARTESIAN_POINT('',(31.855,22.86,5.1));
#11300 = VECTOR('',#11301,1.);
#11301 = DIRECTION('',(0.,0.,1.));
#11302 = ORIENTED_EDGE('',*,*,#11303,.T.);
#11303 = EDGE_CURVE('',#11296,#11296,#11304,.T.);
#11304 = CIRCLE('',#11305,1.375);
#11305 = AXIS2_PLACEMENT_3D('',#11306,#11307,#11308);
#11306 = CARTESIAN_POINT('',(30.48,22.86,6.1));
#11307 = DIRECTION('',(0.,0.,1.));
#11308 = DIRECTION('',(1.,0.,-0.));
#11309 = ORIENTED_EDGE('',*,*,#11295,.T.);
#11310 = CYLINDRICAL_SURFACE('',#11311,1.375);
#11311 = AXIS2_PLACEMENT_3D('',#11312,#11313,#11314);
#11312 = CARTESIAN_POINT('',(30.48,22.86,5.1));
#11313 = DIRECTION('',(0.,0.,1.));
#11314 = DIRECTION('',(1.,0.,-0.));
#11315 = ADVANCED_FACE('',(#11316),#11335,.F.);
#11316 = FACE_BOUND('',#11317,.F.);
#11317 = EDGE_LOOP('',(#11318,#11319,#11327,#11334));
#11318 = ORIENTED_EDGE('',*,*,#3622,.F.);
#11319 = ORIENTED_EDGE('',*,*,#11320,.F.);
#11320 = EDGE_CURVE('',#11321,#3623,#11323,.T.);
#11321 = VERTEX_POINT('',#11322);
#11322 = CARTESIAN_POINT('',(-29.105,22.86,6.1));
#11323 = LINE('',#11324,#11325);
#11324 = CARTESIAN_POINT('',(-29.105,22.86,5.1));
#11325 = VECTOR('',#11326,1.);
#11326 = DIRECTION('',(0.,0.,1.));
#11327 = ORIENTED_EDGE('',*,*,#11328,.T.);
#11328 = EDGE_CURVE('',#11321,#11321,#11329,.T.);
#11329 = CIRCLE('',#11330,1.375);
#11330 = AXIS2_PLACEMENT_3D('',#11331,#11332,#11333);
#11331 = CARTESIAN_POINT('',(-30.48,22.86,6.1));
#11332 = DIRECTION('',(0.,0.,1.));
#11333 = DIRECTION('',(1.,0.,-0.));
#11334 = ORIENTED_EDGE('',*,*,#11320,.T.);
#11335 = CYLINDRICAL_SURFACE('',#11336,1.375);
#11336 = AXIS2_PLACEMENT_3D('',#11337,#11338,#11339);
#11337 = CARTESIAN_POINT('',(-30.48,22.86,5.1));
#11338 = DIRECTION('',(0.,0.,1.));
#11339 = DIRECTION('',(1.,0.,-0.));
#11340 = ADVANCED_FACE('',(#11341),#11367,.F.);
#11341 = FACE_BOUND('',#11342,.F.);
#11342 = EDGE_LOOP('',(#11343,#11344,#11352,#11361));
#11343 = ORIENTED_EDGE('',*,*,#3633,.F.);
#11344 = ORIENTED_EDGE('',*,*,#11345,.F.);
#11345 = EDGE_CURVE('',#11346,#3634,#11348,.T.);
#11346 = VERTEX_POINT('',#11347);
#11347 = CARTESIAN_POINT('',(-21.,3.735083679079,6.1));
#11348 = LINE('',#11349,#11350);
#11349 = CARTESIAN_POINT('',(-21.,3.735083679079,5.1));
#11350 = VECTOR('',#11351,1.);
#11351 = DIRECTION('',(0.,0.,1.));
#11352 = ORIENTED_EDGE('',*,*,#11353,.T.);
#11353 = EDGE_CURVE('',#11346,#11354,#11356,.T.);
#11354 = VERTEX_POINT('',#11355);
#11355 = CARTESIAN_POINT('',(-21.,1.344916320921,6.1));
#11356 = CIRCLE('',#11357,1.375);
#11357 = AXIS2_PLACEMENT_3D('',#11358,#11359,#11360);
#11358 = CARTESIAN_POINT('',(-20.32,2.54,6.1));
#11359 = DIRECTION('',(0.,0.,1.));
#11360 = DIRECTION('',(1.,0.,-0.));
#11361 = ORIENTED_EDGE('',*,*,#11362,.T.);
#11362 = EDGE_CURVE('',#11354,#3636,#11363,.T.);
#11363 = LINE('',#11364,#11365);
#11364 = CARTESIAN_POINT('',(-21.,1.344916320921,5.1));
#11365 = VECTOR('',#11366,1.);
#11366 = DIRECTION('',(0.,0.,1.));
#11367 = CYLINDRICAL_SURFACE('',#11368,1.375);
#11368 = AXIS2_PLACEMENT_3D('',#11369,#11370,#11371);
#11369 = CARTESIAN_POINT('',(-20.32,2.54,5.1));
#11370 = DIRECTION('',(0.,0.,1.));
#11371 = DIRECTION('',(1.,0.,-0.));
#11372 = ADVANCED_FACE('',(#11373),#11384,.F.);
#11373 = FACE_BOUND('',#11374,.F.);
#11374 = EDGE_LOOP('',(#11375,#11376,#11377,#11383));
#11375 = ORIENTED_EDGE('',*,*,#3644,.F.);
#11376 = ORIENTED_EDGE('',*,*,#11362,.F.);
#11377 = ORIENTED_EDGE('',*,*,#11378,.T.);
#11378 = EDGE_CURVE('',#11354,#11346,#11379,.T.);
#11379 = LINE('',#11380,#11381);
#11380 = CARTESIAN_POINT('',(-21.,-4.6,6.1));
#11381 = VECTOR('',#11382,1.);
#11382 = DIRECTION('',(-0.,1.,0.));
#11383 = ORIENTED_EDGE('',*,*,#11345,.T.);
#11384 = PLANE('',#11385);
#11385 = AXIS2_PLACEMENT_3D('',#11386,#11387,#11388);
#11386 = CARTESIAN_POINT('',(-21.,-4.6,6.1));
#11387 = DIRECTION('',(1.,0.,-0.));
#11388 = DIRECTION('',(0.,0.,1.));
#11389 = ADVANCED_FACE('',(#11390),#11415,.T.);
#11390 = FACE_BOUND('',#11391,.T.);
#11391 = EDGE_LOOP('',(#11392,#11400,#11408,#11414));
#11392 = ORIENTED_EDGE('',*,*,#11393,.F.);
#11393 = EDGE_CURVE('',#11394,#3653,#11396,.T.);
#11394 = VERTEX_POINT('',#11395);
#11395 = CARTESIAN_POINT('',(21.,-3.735083679079,6.1));
#11396 = LINE('',#11397,#11398);
#11397 = CARTESIAN_POINT('',(21.,-3.735083679079,5.1));
#11398 = VECTOR('',#11399,1.);
#11399 = DIRECTION('',(0.,0.,1.));
#11400 = ORIENTED_EDGE('',*,*,#11401,.T.);
#11401 = EDGE_CURVE('',#11394,#11402,#11404,.T.);
#11402 = VERTEX_POINT('',#11403);
#11403 = CARTESIAN_POINT('',(21.,-1.344916320921,6.1));
#11404 = LINE('',#11405,#11406);
#11405 = CARTESIAN_POINT('',(21.,-4.6,6.1));
#11406 = VECTOR('',#11407,1.);
#11407 = DIRECTION('',(-0.,1.,0.));
#11408 = ORIENTED_EDGE('',*,*,#11409,.T.);
#11409 = EDGE_CURVE('',#11402,#3664,#11410,.T.);
#11410 = LINE('',#11411,#11412);
#11411 = CARTESIAN_POINT('',(21.,-1.344916320921,5.1));
#11412 = VECTOR('',#11413,1.);
#11413 = DIRECTION('',(0.,0.,1.));
#11414 = ORIENTED_EDGE('',*,*,#3663,.F.);
#11415 = PLANE('',#11416);
#11416 = AXIS2_PLACEMENT_3D('',#11417,#11418,#11419);
#11417 = CARTESIAN_POINT('',(21.,-4.6,6.1));
#11418 = DIRECTION('',(1.,0.,-0.));
#11419 = DIRECTION('',(0.,0.,1.));
#11420 = ADVANCED_FACE('',(#11421,#11431,#11452,#11473,#11494,#11515,
    #11521,#11527,#11533,#11539,#11560,#11566,#11587,#11608,#11614,
    #11635,#11641,#11662,#11683,#11704,#11725,#11731,#11737,#11743,
    #11749,#11755,#11761,#11767,#11773,#11779,#11800,#11806,#11812,
    #11833,#11839,#11845,#11851,#11857,#11878,#11899,#11920,#11941,
    #11962,#11968,#11989,#12010,#12031,#12052,#12073,#12094,#12100,
    #12106,#12112,#12133,#12139,#12160,#12181,#12202,#12223,#12229,
    #12235,#12256,#12262,#12268,#12289,#12310,#12316,#12322,#12343,
    #12349,#12357,#12365,#12371,#12377,#12383,#12389,#12396,#12403,
    #12406,#12409,#12412,#12415,#12418,#12421,#12424,#12427,#12430,
    #12433,#12436,#12439,#12442,#12445,#12448,#12451,#12454,#12457,
    #12460,#12463,#12467),#12486,.F.);
#11421 = FACE_BOUND('',#11422,.T.);
#11422 = EDGE_LOOP('',(#11423,#11424,#11425,#11426,#11427,#11428,#11429,
    #11430));
#11423 = ORIENTED_EDGE('',*,*,#39,.T.);
#11424 = ORIENTED_EDGE('',*,*,#94,.T.);
#11425 = ORIENTED_EDGE('',*,*,#158,.T.);
#11426 = ORIENTED_EDGE('',*,*,#222,.F.);
#11427 = ORIENTED_EDGE('',*,*,#262,.F.);
#11428 = ORIENTED_EDGE('',*,*,#189,.T.);
#11429 = ORIENTED_EDGE('',*,*,#127,.F.);
#11430 = ORIENTED_EDGE('',*,*,#61,.F.);
#11431 = FACE_BOUND('',#11432,.F.);
#11432 = EDGE_LOOP('',(#11433,#11434,#11443,#11450,#11451));
#11433 = ORIENTED_EDGE('',*,*,#4254,.F.);
#11434 = ORIENTED_EDGE('',*,*,#11435,.F.);
#11435 = EDGE_CURVE('',#11436,#4255,#11438,.T.);
#11436 = VERTEX_POINT('',#11437);
#11437 = CARTESIAN_POINT('',(36.935,27.94,6.1));
#11438 = CIRCLE('',#11439,1.375);
#11439 = AXIS2_PLACEMENT_3D('',#11440,#11441,#11442);
#11440 = CARTESIAN_POINT('',(35.56,27.94,6.1));
#11441 = DIRECTION('',(0.,0.,1.));
#11442 = DIRECTION('',(1.,0.,-0.));
#11443 = ORIENTED_EDGE('',*,*,#11444,.F.);
#11444 = EDGE_CURVE('',#4279,#11436,#11445,.T.);
#11445 = CIRCLE('',#11446,1.375);
#11446 = AXIS2_PLACEMENT_3D('',#11447,#11448,#11449);
#11447 = CARTESIAN_POINT('',(35.56,27.94,6.1));
#11448 = DIRECTION('',(0.,0.,1.));
#11449 = DIRECTION('',(1.,0.,-0.));
#11450 = ORIENTED_EDGE('',*,*,#4278,.T.);
#11451 = ORIENTED_EDGE('',*,*,#4231,.F.);
#11452 = FACE_BOUND('',#11453,.F.);
#11453 = EDGE_LOOP('',(#11454,#11455,#11464,#11471,#11472));
#11454 = ORIENTED_EDGE('',*,*,#4174,.F.);
#11455 = ORIENTED_EDGE('',*,*,#11456,.F.);
#11456 = EDGE_CURVE('',#11457,#4175,#11459,.T.);
#11457 = VERTEX_POINT('',#11458);
#11458 = CARTESIAN_POINT('',(36.935,-2.54,6.1));
#11459 = CIRCLE('',#11460,1.375);
#11460 = AXIS2_PLACEMENT_3D('',#11461,#11462,#11463);
#11461 = CARTESIAN_POINT('',(35.56,-2.54,6.1));
#11462 = DIRECTION('',(0.,0.,1.));
#11463 = DIRECTION('',(1.,0.,-0.));
#11464 = ORIENTED_EDGE('',*,*,#11465,.F.);
#11465 = EDGE_CURVE('',#4199,#11457,#11466,.T.);
#11466 = CIRCLE('',#11467,1.375);
#11467 = AXIS2_PLACEMENT_3D('',#11468,#11469,#11470);
#11468 = CARTESIAN_POINT('',(35.56,-2.54,6.1));
#11469 = DIRECTION('',(0.,0.,1.));
#11470 = DIRECTION('',(1.,0.,-0.));
#11471 = ORIENTED_EDGE('',*,*,#4198,.T.);
#11472 = ORIENTED_EDGE('',*,*,#4151,.F.);
#11473 = FACE_BOUND('',#11474,.F.);
#11474 = EDGE_LOOP('',(#11475,#11476,#11485,#11492,#11493));
#11475 = ORIENTED_EDGE('',*,*,#4014,.F.);
#11476 = ORIENTED_EDGE('',*,*,#11477,.F.);
#11477 = EDGE_CURVE('',#11478,#4015,#11480,.T.);
#11478 = VERTEX_POINT('',#11479);
#11479 = CARTESIAN_POINT('',(36.935,12.7,6.1));
#11480 = CIRCLE('',#11481,1.375);
#11481 = AXIS2_PLACEMENT_3D('',#11482,#11483,#11484);
#11482 = CARTESIAN_POINT('',(35.56,12.7,6.1));
#11483 = DIRECTION('',(0.,0.,1.));
#11484 = DIRECTION('',(1.,0.,-0.));
#11485 = ORIENTED_EDGE('',*,*,#11486,.F.);
#11486 = EDGE_CURVE('',#4039,#11478,#11487,.T.);
#11487 = CIRCLE('',#11488,1.375);
#11488 = AXIS2_PLACEMENT_3D('',#11489,#11490,#11491);
#11489 = CARTESIAN_POINT('',(35.56,12.7,6.1));
#11490 = DIRECTION('',(0.,0.,1.));
#11491 = DIRECTION('',(1.,0.,-0.));
#11492 = ORIENTED_EDGE('',*,*,#4038,.T.);
#11493 = ORIENTED_EDGE('',*,*,#3991,.F.);
#11494 = FACE_BOUND('',#11495,.F.);
#11495 = EDGE_LOOP('',(#11496,#11497,#11506,#11513,#11514));
#11496 = ORIENTED_EDGE('',*,*,#4094,.F.);
#11497 = ORIENTED_EDGE('',*,*,#11498,.F.);
#11498 = EDGE_CURVE('',#11499,#4095,#11501,.T.);
#11499 = VERTEX_POINT('',#11500);
#11500 = CARTESIAN_POINT('',(36.935,-17.78,6.1));
#11501 = CIRCLE('',#11502,1.375);
#11502 = AXIS2_PLACEMENT_3D('',#11503,#11504,#11505);
#11503 = CARTESIAN_POINT('',(35.56,-17.78,6.1));
#11504 = DIRECTION('',(0.,0.,1.));
#11505 = DIRECTION('',(1.,0.,-0.));
#11506 = ORIENTED_EDGE('',*,*,#11507,.F.);
#11507 = EDGE_CURVE('',#4119,#11499,#11508,.T.);
#11508 = CIRCLE('',#11509,1.375);
#11509 = AXIS2_PLACEMENT_3D('',#11510,#11511,#11512);
#11510 = CARTESIAN_POINT('',(35.56,-17.78,6.1));
#11511 = DIRECTION('',(0.,0.,1.));
#11512 = DIRECTION('',(1.,0.,-0.));
#11513 = ORIENTED_EDGE('',*,*,#4118,.T.);
#11514 = ORIENTED_EDGE('',*,*,#4071,.F.);
#11515 = FACE_BOUND('',#11516,.F.);
#11516 = EDGE_LOOP('',(#11517,#11518,#11519,#11520));
#11517 = ORIENTED_EDGE('',*,*,#4342,.F.);
#11518 = ORIENTED_EDGE('',*,*,#4385,.F.);
#11519 = ORIENTED_EDGE('',*,*,#4366,.T.);
#11520 = ORIENTED_EDGE('',*,*,#4311,.F.);
#11521 = FACE_BOUND('',#11522,.F.);
#11522 = EDGE_LOOP('',(#11523,#11524,#11525,#11526));
#11523 = ORIENTED_EDGE('',*,*,#4618,.F.);
#11524 = ORIENTED_EDGE('',*,*,#4661,.F.);
#11525 = ORIENTED_EDGE('',*,*,#4642,.T.);
#11526 = ORIENTED_EDGE('',*,*,#4587,.F.);
#11527 = FACE_BOUND('',#11528,.F.);
#11528 = EDGE_LOOP('',(#11529,#11530,#11531,#11532));
#11529 = ORIENTED_EDGE('',*,*,#4814,.F.);
#11530 = ORIENTED_EDGE('',*,*,#4857,.F.);
#11531 = ORIENTED_EDGE('',*,*,#4838,.T.);
#11532 = ORIENTED_EDGE('',*,*,#4783,.F.);
#11533 = FACE_BOUND('',#11534,.F.);
#11534 = EDGE_LOOP('',(#11535,#11536,#11537,#11538));
#11535 = ORIENTED_EDGE('',*,*,#4716,.F.);
#11536 = ORIENTED_EDGE('',*,*,#4759,.F.);
#11537 = ORIENTED_EDGE('',*,*,#4740,.T.);
#11538 = ORIENTED_EDGE('',*,*,#4685,.F.);
#11539 = FACE_BOUND('',#11540,.F.);
#11540 = EDGE_LOOP('',(#11541,#11542,#11551,#11558,#11559));
#11541 = ORIENTED_EDGE('',*,*,#4904,.F.);
#11542 = ORIENTED_EDGE('',*,*,#11543,.F.);
#11543 = EDGE_CURVE('',#11544,#4905,#11546,.T.);
#11544 = VERTEX_POINT('',#11545);
#11545 = CARTESIAN_POINT('',(21.695,27.94,6.1));
#11546 = CIRCLE('',#11547,1.375);
#11547 = AXIS2_PLACEMENT_3D('',#11548,#11549,#11550);
#11548 = CARTESIAN_POINT('',(20.32,27.94,6.1));
#11549 = DIRECTION('',(0.,0.,1.));
#11550 = DIRECTION('',(1.,0.,-0.));
#11551 = ORIENTED_EDGE('',*,*,#11552,.F.);
#11552 = EDGE_CURVE('',#4929,#11544,#11553,.T.);
#11553 = CIRCLE('',#11554,1.375);
#11554 = AXIS2_PLACEMENT_3D('',#11555,#11556,#11557);
#11555 = CARTESIAN_POINT('',(20.32,27.94,6.1));
#11556 = DIRECTION('',(0.,0.,1.));
#11557 = DIRECTION('',(1.,0.,-0.));
#11558 = ORIENTED_EDGE('',*,*,#4928,.T.);
#11559 = ORIENTED_EDGE('',*,*,#4881,.F.);
#11560 = FACE_BOUND('',#11561,.F.);
#11561 = EDGE_LOOP('',(#11562,#11563,#11564,#11565));
#11562 = ORIENTED_EDGE('',*,*,#4440,.F.);
#11563 = ORIENTED_EDGE('',*,*,#4483,.F.);
#11564 = ORIENTED_EDGE('',*,*,#4464,.T.);
#11565 = ORIENTED_EDGE('',*,*,#4409,.F.);
#11566 = FACE_BOUND('',#11567,.F.);
#11567 = EDGE_LOOP('',(#11568,#11569,#11578,#11585,#11586));
#11568 = ORIENTED_EDGE('',*,*,#4984,.F.);
#11569 = ORIENTED_EDGE('',*,*,#11570,.F.);
#11570 = EDGE_CURVE('',#11571,#4985,#11573,.T.);
#11571 = VERTEX_POINT('',#11572);
#11572 = CARTESIAN_POINT('',(21.695,-17.78,6.1));
#11573 = CIRCLE('',#11574,1.375);
#11574 = AXIS2_PLACEMENT_3D('',#11575,#11576,#11577);
#11575 = CARTESIAN_POINT('',(20.32,-17.78,6.1));
#11576 = DIRECTION('',(0.,0.,1.));
#11577 = DIRECTION('',(1.,0.,-0.));
#11578 = ORIENTED_EDGE('',*,*,#11579,.F.);
#11579 = EDGE_CURVE('',#5009,#11571,#11580,.T.);
#11580 = CIRCLE('',#11581,1.375);
#11581 = AXIS2_PLACEMENT_3D('',#11582,#11583,#11584);
#11582 = CARTESIAN_POINT('',(20.32,-17.78,6.1));
#11583 = DIRECTION('',(0.,0.,1.));
#11584 = DIRECTION('',(1.,0.,-0.));
#11585 = ORIENTED_EDGE('',*,*,#5008,.T.);
#11586 = ORIENTED_EDGE('',*,*,#4961,.F.);
#11587 = FACE_BOUND('',#11588,.F.);
#11588 = EDGE_LOOP('',(#11589,#11590,#11599,#11606,#11607));
#11589 = ORIENTED_EDGE('',*,*,#4530,.F.);
#11590 = ORIENTED_EDGE('',*,*,#11591,.F.);
#11591 = EDGE_CURVE('',#11592,#4531,#11594,.T.);
#11592 = VERTEX_POINT('',#11593);
#11593 = CARTESIAN_POINT('',(21.695,12.7,6.1));
#11594 = CIRCLE('',#11595,1.375);
#11595 = AXIS2_PLACEMENT_3D('',#11596,#11597,#11598);
#11596 = CARTESIAN_POINT('',(20.32,12.7,6.1));
#11597 = DIRECTION('',(0.,0.,1.));
#11598 = DIRECTION('',(1.,0.,-0.));
#11599 = ORIENTED_EDGE('',*,*,#11600,.F.);
#11600 = EDGE_CURVE('',#4555,#11592,#11601,.T.);
#11601 = CIRCLE('',#11602,1.375);
#11602 = AXIS2_PLACEMENT_3D('',#11603,#11604,#11605);
#11603 = CARTESIAN_POINT('',(20.32,12.7,6.1));
#11604 = DIRECTION('',(0.,0.,1.));
#11605 = DIRECTION('',(1.,0.,-0.));
#11606 = ORIENTED_EDGE('',*,*,#4554,.T.);
#11607 = ORIENTED_EDGE('',*,*,#4507,.F.);
#11608 = FACE_BOUND('',#11609,.F.);
#11609 = EDGE_LOOP('',(#11610,#11611,#11612,#11613));
#11610 = ORIENTED_EDGE('',*,*,#5072,.F.);
#11611 = ORIENTED_EDGE('',*,*,#5115,.F.);
#11612 = ORIENTED_EDGE('',*,*,#5096,.T.);
#11613 = ORIENTED_EDGE('',*,*,#5041,.F.);
#11614 = FACE_BOUND('',#11615,.F.);
#11615 = EDGE_LOOP('',(#11616,#11617,#11626,#11633,#11634));
#11616 = ORIENTED_EDGE('',*,*,#6284,.F.);
#11617 = ORIENTED_EDGE('',*,*,#11618,.F.);
#11618 = EDGE_CURVE('',#11619,#6285,#11621,.T.);
#11619 = VERTEX_POINT('',#11620);
#11620 = CARTESIAN_POINT('',(-29.105,-12.7,6.1));
#11621 = CIRCLE('',#11622,1.375);
#11622 = AXIS2_PLACEMENT_3D('',#11623,#11624,#11625);
#11623 = CARTESIAN_POINT('',(-30.48,-12.7,6.1));
#11624 = DIRECTION('',(0.,0.,1.));
#11625 = DIRECTION('',(1.,0.,-0.));
#11626 = ORIENTED_EDGE('',*,*,#11627,.F.);
#11627 = EDGE_CURVE('',#6309,#11619,#11628,.T.);
#11628 = CIRCLE('',#11629,1.375);
#11629 = AXIS2_PLACEMENT_3D('',#11630,#11631,#11632);
#11630 = CARTESIAN_POINT('',(-30.48,-12.7,6.1));
#11631 = DIRECTION('',(0.,0.,1.));
#11632 = DIRECTION('',(1.,0.,-0.));
#11633 = ORIENTED_EDGE('',*,*,#6308,.T.);
#11634 = ORIENTED_EDGE('',*,*,#6261,.F.);
#11635 = FACE_BOUND('',#11636,.F.);
#11636 = EDGE_LOOP('',(#11637,#11638,#11639,#11640));
#11637 = ORIENTED_EDGE('',*,*,#6470,.F.);
#11638 = ORIENTED_EDGE('',*,*,#6513,.F.);
#11639 = ORIENTED_EDGE('',*,*,#6494,.T.);
#11640 = ORIENTED_EDGE('',*,*,#6439,.F.);
#11641 = FACE_BOUND('',#11642,.F.);
#11642 = EDGE_LOOP('',(#11643,#11644,#11653,#11660,#11661));
#11643 = ORIENTED_EDGE('',*,*,#6026,.F.);
#11644 = ORIENTED_EDGE('',*,*,#11645,.F.);
#11645 = EDGE_CURVE('',#11646,#6027,#11648,.T.);
#11646 = VERTEX_POINT('',#11647);
#11647 = CARTESIAN_POINT('',(-29.105,17.78,6.1));
#11648 = CIRCLE('',#11649,1.375);
#11649 = AXIS2_PLACEMENT_3D('',#11650,#11651,#11652);
#11650 = CARTESIAN_POINT('',(-30.48,17.78,6.1));
#11651 = DIRECTION('',(0.,0.,1.));
#11652 = DIRECTION('',(1.,0.,-0.));
#11653 = ORIENTED_EDGE('',*,*,#11654,.F.);
#11654 = EDGE_CURVE('',#6051,#11646,#11655,.T.);
#11655 = CIRCLE('',#11656,1.375);
#11656 = AXIS2_PLACEMENT_3D('',#11657,#11658,#11659);
#11657 = CARTESIAN_POINT('',(-30.48,17.78,6.1));
#11658 = DIRECTION('',(0.,0.,1.));
#11659 = DIRECTION('',(1.,0.,-0.));
#11660 = ORIENTED_EDGE('',*,*,#6050,.T.);
#11661 = ORIENTED_EDGE('',*,*,#6003,.F.);
#11662 = FACE_BOUND('',#11663,.F.);
#11663 = EDGE_LOOP('',(#11664,#11665,#11674,#11681,#11682));
#11664 = ORIENTED_EDGE('',*,*,#6738,.F.);
#11665 = ORIENTED_EDGE('',*,*,#11666,.F.);
#11666 = EDGE_CURVE('',#11667,#6739,#11669,.T.);
#11667 = VERTEX_POINT('',#11668);
#11668 = CARTESIAN_POINT('',(-8.785,12.7,6.1));
#11669 = CIRCLE('',#11670,1.375);
#11670 = AXIS2_PLACEMENT_3D('',#11671,#11672,#11673);
#11671 = CARTESIAN_POINT('',(-10.16,12.7,6.1));
#11672 = DIRECTION('',(0.,0.,1.));
#11673 = DIRECTION('',(1.,0.,-0.));
#11674 = ORIENTED_EDGE('',*,*,#11675,.F.);
#11675 = EDGE_CURVE('',#6763,#11667,#11676,.T.);
#11676 = CIRCLE('',#11677,1.375);
#11677 = AXIS2_PLACEMENT_3D('',#11678,#11679,#11680);
#11678 = CARTESIAN_POINT('',(-10.16,12.7,6.1));
#11679 = DIRECTION('',(0.,0.,1.));
#11680 = DIRECTION('',(1.,0.,-0.));
#11681 = ORIENTED_EDGE('',*,*,#6762,.T.);
#11682 = ORIENTED_EDGE('',*,*,#6715,.F.);
#11683 = FACE_BOUND('',#11684,.F.);
#11684 = EDGE_LOOP('',(#11685,#11686,#11695,#11702,#11703));
#11685 = ORIENTED_EDGE('',*,*,#6658,.F.);
#11686 = ORIENTED_EDGE('',*,*,#11687,.F.);
#11687 = EDGE_CURVE('',#11688,#6659,#11690,.T.);
#11688 = VERTEX_POINT('',#11689);
#11689 = CARTESIAN_POINT('',(-29.105,2.54,6.1));
#11690 = CIRCLE('',#11691,1.375);
#11691 = AXIS2_PLACEMENT_3D('',#11692,#11693,#11694);
#11692 = CARTESIAN_POINT('',(-30.48,2.54,6.1));
#11693 = DIRECTION('',(0.,0.,1.));
#11694 = DIRECTION('',(1.,0.,-0.));
#11695 = ORIENTED_EDGE('',*,*,#11696,.F.);
#11696 = EDGE_CURVE('',#6683,#11688,#11697,.T.);
#11697 = CIRCLE('',#11698,1.375);
#11698 = AXIS2_PLACEMENT_3D('',#11699,#11700,#11701);
#11699 = CARTESIAN_POINT('',(-30.48,2.54,6.1));
#11700 = DIRECTION('',(0.,0.,1.));
#11701 = DIRECTION('',(1.,0.,-0.));
#11702 = ORIENTED_EDGE('',*,*,#6682,.T.);
#11703 = ORIENTED_EDGE('',*,*,#6635,.F.);
#11704 = FACE_BOUND('',#11705,.F.);
#11705 = EDGE_LOOP('',(#11706,#11707,#11716,#11723,#11724));
#11706 = ORIENTED_EDGE('',*,*,#5162,.F.);
#11707 = ORIENTED_EDGE('',*,*,#11708,.F.);
#11708 = EDGE_CURVE('',#11709,#5163,#11711,.T.);
#11709 = VERTEX_POINT('',#11710);
#11710 = CARTESIAN_POINT('',(-29.105,-27.94,6.1));
#11711 = CIRCLE('',#11712,1.375);
#11712 = AXIS2_PLACEMENT_3D('',#11713,#11714,#11715);
#11713 = CARTESIAN_POINT('',(-30.48,-27.94,6.1));
#11714 = DIRECTION('',(0.,0.,1.));
#11715 = DIRECTION('',(1.,0.,-0.));
#11716 = ORIENTED_EDGE('',*,*,#11717,.F.);
#11717 = EDGE_CURVE('',#5187,#11709,#11718,.T.);
#11718 = CIRCLE('',#11719,1.375);
#11719 = AXIS2_PLACEMENT_3D('',#11720,#11721,#11722);
#11720 = CARTESIAN_POINT('',(-30.48,-27.94,6.1));
#11721 = DIRECTION('',(0.,0.,1.));
#11722 = DIRECTION('',(1.,0.,-0.));
#11723 = ORIENTED_EDGE('',*,*,#5186,.T.);
#11724 = ORIENTED_EDGE('',*,*,#5139,.F.);
#11725 = FACE_BOUND('',#11726,.F.);
#11726 = EDGE_LOOP('',(#11727,#11728,#11729,#11730));
#11727 = ORIENTED_EDGE('',*,*,#6924,.F.);
#11728 = ORIENTED_EDGE('',*,*,#6967,.F.);
#11729 = ORIENTED_EDGE('',*,*,#6948,.T.);
#11730 = ORIENTED_EDGE('',*,*,#6893,.F.);
#11731 = FACE_BOUND('',#11732,.F.);
#11732 = EDGE_LOOP('',(#11733,#11734,#11735,#11736));
#11733 = ORIENTED_EDGE('',*,*,#5740,.F.);
#11734 = ORIENTED_EDGE('',*,*,#5783,.F.);
#11735 = ORIENTED_EDGE('',*,*,#5764,.T.);
#11736 = ORIENTED_EDGE('',*,*,#5709,.F.);
#11737 = FACE_BOUND('',#11738,.F.);
#11738 = EDGE_LOOP('',(#11739,#11740,#11741,#11742));
#11739 = ORIENTED_EDGE('',*,*,#5348,.F.);
#11740 = ORIENTED_EDGE('',*,*,#5391,.F.);
#11741 = ORIENTED_EDGE('',*,*,#5372,.T.);
#11742 = ORIENTED_EDGE('',*,*,#5317,.F.);
#11743 = FACE_BOUND('',#11744,.F.);
#11744 = EDGE_LOOP('',(#11745,#11746,#11747,#11748));
#11745 = ORIENTED_EDGE('',*,*,#5544,.F.);
#11746 = ORIENTED_EDGE('',*,*,#5587,.F.);
#11747 = ORIENTED_EDGE('',*,*,#5568,.T.);
#11748 = ORIENTED_EDGE('',*,*,#5513,.F.);
#11749 = FACE_BOUND('',#11750,.F.);
#11750 = EDGE_LOOP('',(#11751,#11752,#11753,#11754));
#11751 = ORIENTED_EDGE('',*,*,#5446,.F.);
#11752 = ORIENTED_EDGE('',*,*,#5489,.F.);
#11753 = ORIENTED_EDGE('',*,*,#5470,.T.);
#11754 = ORIENTED_EDGE('',*,*,#5415,.F.);
#11755 = FACE_BOUND('',#11756,.F.);
#11756 = EDGE_LOOP('',(#11757,#11758,#11759,#11760));
#11757 = ORIENTED_EDGE('',*,*,#5838,.F.);
#11758 = ORIENTED_EDGE('',*,*,#5881,.F.);
#11759 = ORIENTED_EDGE('',*,*,#5862,.T.);
#11760 = ORIENTED_EDGE('',*,*,#5807,.F.);
#11761 = FACE_BOUND('',#11762,.F.);
#11762 = EDGE_LOOP('',(#11763,#11764,#11765,#11766));
#11763 = ORIENTED_EDGE('',*,*,#6372,.F.);
#11764 = ORIENTED_EDGE('',*,*,#6415,.F.);
#11765 = ORIENTED_EDGE('',*,*,#6396,.T.);
#11766 = ORIENTED_EDGE('',*,*,#6341,.F.);
#11767 = FACE_BOUND('',#11768,.F.);
#11768 = EDGE_LOOP('',(#11769,#11770,#11771,#11772));
#11769 = ORIENTED_EDGE('',*,*,#5642,.F.);
#11770 = ORIENTED_EDGE('',*,*,#5685,.F.);
#11771 = ORIENTED_EDGE('',*,*,#5666,.T.);
#11772 = ORIENTED_EDGE('',*,*,#5611,.F.);
#11773 = FACE_BOUND('',#11774,.F.);
#11774 = EDGE_LOOP('',(#11775,#11776,#11777,#11778));
#11775 = ORIENTED_EDGE('',*,*,#6568,.F.);
#11776 = ORIENTED_EDGE('',*,*,#6611,.F.);
#11777 = ORIENTED_EDGE('',*,*,#6592,.T.);
#11778 = ORIENTED_EDGE('',*,*,#6537,.F.);
#11779 = FACE_BOUND('',#11780,.F.);
#11780 = EDGE_LOOP('',(#11781,#11782,#11791,#11798,#11799));
#11781 = ORIENTED_EDGE('',*,*,#7014,.F.);
#11782 = ORIENTED_EDGE('',*,*,#11783,.F.);
#11783 = EDGE_CURVE('',#11784,#7015,#11786,.T.);
#11784 = VERTEX_POINT('',#11785);
#11785 = CARTESIAN_POINT('',(-8.785,27.94,6.1));
#11786 = CIRCLE('',#11787,1.375);
#11787 = AXIS2_PLACEMENT_3D('',#11788,#11789,#11790);
#11788 = CARTESIAN_POINT('',(-10.16,27.94,6.1));
#11789 = DIRECTION('',(0.,0.,1.));
#11790 = DIRECTION('',(1.,0.,-0.));
#11791 = ORIENTED_EDGE('',*,*,#11792,.F.);
#11792 = EDGE_CURVE('',#7039,#11784,#11793,.T.);
#11793 = CIRCLE('',#11794,1.375);
#11794 = AXIS2_PLACEMENT_3D('',#11795,#11796,#11797);
#11795 = CARTESIAN_POINT('',(-10.16,27.94,6.1));
#11796 = DIRECTION('',(0.,0.,1.));
#11797 = DIRECTION('',(1.,0.,-0.));
#11798 = ORIENTED_EDGE('',*,*,#7038,.T.);
#11799 = ORIENTED_EDGE('',*,*,#6991,.F.);
#11800 = FACE_BOUND('',#11801,.F.);
#11801 = EDGE_LOOP('',(#11802,#11803,#11804,#11805));
#11802 = ORIENTED_EDGE('',*,*,#6826,.F.);
#11803 = ORIENTED_EDGE('',*,*,#6869,.F.);
#11804 = ORIENTED_EDGE('',*,*,#6850,.T.);
#11805 = ORIENTED_EDGE('',*,*,#6795,.F.);
#11806 = FACE_BOUND('',#11807,.F.);
#11807 = EDGE_LOOP('',(#11808,#11809,#11810,#11811));
#11808 = ORIENTED_EDGE('',*,*,#5936,.F.);
#11809 = ORIENTED_EDGE('',*,*,#5979,.F.);
#11810 = ORIENTED_EDGE('',*,*,#5960,.T.);
#11811 = ORIENTED_EDGE('',*,*,#5905,.F.);
#11812 = FACE_BOUND('',#11813,.F.);
#11813 = EDGE_LOOP('',(#11814,#11815,#11824,#11831,#11832));
#11814 = ORIENTED_EDGE('',*,*,#6106,.F.);
#11815 = ORIENTED_EDGE('',*,*,#11816,.F.);
#11816 = EDGE_CURVE('',#11817,#6107,#11819,.T.);
#11817 = VERTEX_POINT('',#11818);
#11818 = CARTESIAN_POINT('',(-8.785,-17.78,6.1));
#11819 = CIRCLE('',#11820,1.375);
#11820 = AXIS2_PLACEMENT_3D('',#11821,#11822,#11823);
#11821 = CARTESIAN_POINT('',(-10.16,-17.78,6.1));
#11822 = DIRECTION('',(0.,0.,1.));
#11823 = DIRECTION('',(1.,0.,-0.));
#11824 = ORIENTED_EDGE('',*,*,#11825,.F.);
#11825 = EDGE_CURVE('',#6131,#11817,#11826,.T.);
#11826 = CIRCLE('',#11827,1.375);
#11827 = AXIS2_PLACEMENT_3D('',#11828,#11829,#11830);
#11828 = CARTESIAN_POINT('',(-10.16,-17.78,6.1));
#11829 = DIRECTION('',(0.,0.,1.));
#11830 = DIRECTION('',(1.,0.,-0.));
#11831 = ORIENTED_EDGE('',*,*,#6130,.T.);
#11832 = ORIENTED_EDGE('',*,*,#6083,.F.);
#11833 = FACE_BOUND('',#11834,.F.);
#11834 = EDGE_LOOP('',(#11835,#11836,#11837,#11838));
#11835 = ORIENTED_EDGE('',*,*,#6194,.F.);
#11836 = ORIENTED_EDGE('',*,*,#6237,.F.);
#11837 = ORIENTED_EDGE('',*,*,#6218,.T.);
#11838 = ORIENTED_EDGE('',*,*,#6163,.F.);
#11839 = FACE_BOUND('',#11840,.F.);
#11840 = EDGE_LOOP('',(#11841,#11842,#11843,#11844));
#11841 = ORIENTED_EDGE('',*,*,#5250,.F.);
#11842 = ORIENTED_EDGE('',*,*,#5293,.F.);
#11843 = ORIENTED_EDGE('',*,*,#5274,.T.);
#11844 = ORIENTED_EDGE('',*,*,#5219,.F.);
#11845 = FACE_BOUND('',#11846,.F.);
#11846 = EDGE_LOOP('',(#11847,#11848,#11849,#11850));
#11847 = ORIENTED_EDGE('',*,*,#7102,.F.);
#11848 = ORIENTED_EDGE('',*,*,#7145,.F.);
#11849 = ORIENTED_EDGE('',*,*,#7126,.T.);
#11850 = ORIENTED_EDGE('',*,*,#7071,.F.);
#11851 = FACE_BOUND('',#11852,.F.);
#11852 = EDGE_LOOP('',(#11853,#11854,#11855,#11856));
#11853 = ORIENTED_EDGE('',*,*,#7200,.F.);
#11854 = ORIENTED_EDGE('',*,*,#7243,.F.);
#11855 = ORIENTED_EDGE('',*,*,#7224,.T.);
#11856 = ORIENTED_EDGE('',*,*,#7169,.F.);
#11857 = FACE_BOUND('',#11858,.F.);
#11858 = EDGE_LOOP('',(#11859,#11860,#11869,#11876,#11877));
#11859 = ORIENTED_EDGE('',*,*,#8046,.F.);
#11860 = ORIENTED_EDGE('',*,*,#11861,.F.);
#11861 = EDGE_CURVE('',#11862,#8047,#11864,.T.);
#11862 = VERTEX_POINT('',#11863);
#11863 = CARTESIAN_POINT('',(16.615,17.78,6.1));
#11864 = CIRCLE('',#11865,1.375);
#11865 = AXIS2_PLACEMENT_3D('',#11866,#11867,#11868);
#11866 = CARTESIAN_POINT('',(15.24,17.78,6.1));
#11867 = DIRECTION('',(0.,0.,1.));
#11868 = DIRECTION('',(1.,0.,-0.));
#11869 = ORIENTED_EDGE('',*,*,#11870,.F.);
#11870 = EDGE_CURVE('',#8071,#11862,#11871,.T.);
#11871 = CIRCLE('',#11872,1.375);
#11872 = AXIS2_PLACEMENT_3D('',#11873,#11874,#11875);
#11873 = CARTESIAN_POINT('',(15.24,17.78,6.1));
#11874 = DIRECTION('',(0.,0.,1.));
#11875 = DIRECTION('',(1.,0.,-0.));
#11876 = ORIENTED_EDGE('',*,*,#8070,.T.);
#11877 = ORIENTED_EDGE('',*,*,#8023,.F.);
#11878 = FACE_BOUND('',#11879,.F.);
#11879 = EDGE_LOOP('',(#11880,#11881,#11890,#11897,#11898));
#11880 = ORIENTED_EDGE('',*,*,#7370,.F.);
#11881 = ORIENTED_EDGE('',*,*,#11882,.F.);
#11882 = EDGE_CURVE('',#11883,#7371,#11885,.T.);
#11883 = VERTEX_POINT('',#11884);
#11884 = CARTESIAN_POINT('',(-24.025,-17.78,6.1));
#11885 = CIRCLE('',#11886,1.375);
#11886 = AXIS2_PLACEMENT_3D('',#11887,#11888,#11889);
#11887 = CARTESIAN_POINT('',(-25.4,-17.78,6.1));
#11888 = DIRECTION('',(0.,0.,1.));
#11889 = DIRECTION('',(1.,0.,-0.));
#11890 = ORIENTED_EDGE('',*,*,#11891,.F.);
#11891 = EDGE_CURVE('',#7395,#11883,#11892,.T.);
#11892 = CIRCLE('',#11893,1.375);
#11893 = AXIS2_PLACEMENT_3D('',#11894,#11895,#11896);
#11894 = CARTESIAN_POINT('',(-25.4,-17.78,6.1));
#11895 = DIRECTION('',(0.,0.,1.));
#11896 = DIRECTION('',(1.,0.,-0.));
#11897 = ORIENTED_EDGE('',*,*,#7394,.T.);
#11898 = ORIENTED_EDGE('',*,*,#7347,.F.);
#11899 = FACE_BOUND('',#11900,.F.);
#11900 = EDGE_LOOP('',(#11901,#11902,#11911,#11918,#11919));
#11901 = ORIENTED_EDGE('',*,*,#7450,.F.);
#11902 = ORIENTED_EDGE('',*,*,#11903,.F.);
#11903 = EDGE_CURVE('',#11904,#7451,#11906,.T.);
#11904 = VERTEX_POINT('',#11905);
#11905 = CARTESIAN_POINT('',(-13.865,-27.94,6.1));
#11906 = CIRCLE('',#11907,1.375);
#11907 = AXIS2_PLACEMENT_3D('',#11908,#11909,#11910);
#11908 = CARTESIAN_POINT('',(-15.24,-27.94,6.1));
#11909 = DIRECTION('',(0.,0.,1.));
#11910 = DIRECTION('',(1.,0.,-0.));
#11911 = ORIENTED_EDGE('',*,*,#11912,.F.);
#11912 = EDGE_CURVE('',#7475,#11904,#11913,.T.);
#11913 = CIRCLE('',#11914,1.375);
#11914 = AXIS2_PLACEMENT_3D('',#11915,#11916,#11917);
#11915 = CARTESIAN_POINT('',(-15.24,-27.94,6.1));
#11916 = DIRECTION('',(0.,0.,1.));
#11917 = DIRECTION('',(1.,0.,-0.));
#11918 = ORIENTED_EDGE('',*,*,#7474,.T.);
#11919 = ORIENTED_EDGE('',*,*,#7427,.F.);
#11920 = FACE_BOUND('',#11921,.F.);
#11921 = EDGE_LOOP('',(#11922,#11923,#11932,#11939,#11940));
#11922 = ORIENTED_EDGE('',*,*,#7690,.F.);
#11923 = ORIENTED_EDGE('',*,*,#11924,.F.);
#11924 = EDGE_CURVE('',#11925,#7691,#11927,.T.);
#11925 = VERTEX_POINT('',#11926);
#11926 = CARTESIAN_POINT('',(6.455,27.94,6.1));
#11927 = CIRCLE('',#11928,1.375);
#11928 = AXIS2_PLACEMENT_3D('',#11929,#11930,#11931);
#11929 = CARTESIAN_POINT('',(5.08,27.94,6.1));
#11930 = DIRECTION('',(0.,0.,1.));
#11931 = DIRECTION('',(1.,0.,-0.));
#11932 = ORIENTED_EDGE('',*,*,#11933,.F.);
#11933 = EDGE_CURVE('',#7715,#11925,#11934,.T.);
#11934 = CIRCLE('',#11935,1.375);
#11935 = AXIS2_PLACEMENT_3D('',#11936,#11937,#11938);
#11936 = CARTESIAN_POINT('',(5.08,27.94,6.1));
#11937 = DIRECTION('',(0.,0.,1.));
#11938 = DIRECTION('',(1.,0.,-0.));
#11939 = ORIENTED_EDGE('',*,*,#7714,.T.);
#11940 = ORIENTED_EDGE('',*,*,#7667,.F.);
#11941 = FACE_BOUND('',#11942,.F.);
#11942 = EDGE_LOOP('',(#11943,#11944,#11953,#11960,#11961));
#11943 = ORIENTED_EDGE('',*,*,#7610,.F.);
#11944 = ORIENTED_EDGE('',*,*,#11945,.F.);
#11945 = EDGE_CURVE('',#11946,#7611,#11948,.T.);
#11946 = VERTEX_POINT('',#11947);
#11947 = CARTESIAN_POINT('',(1.375,-27.94,6.1));
#11948 = CIRCLE('',#11949,1.375);
#11949 = AXIS2_PLACEMENT_3D('',#11950,#11951,#11952);
#11950 = CARTESIAN_POINT('',(7.105427357601E-15,-27.94,6.1));
#11951 = DIRECTION('',(0.,0.,1.));
#11952 = DIRECTION('',(1.,0.,-0.));
#11953 = ORIENTED_EDGE('',*,*,#11954,.F.);
#11954 = EDGE_CURVE('',#7635,#11946,#11955,.T.);
#11955 = CIRCLE('',#11956,1.375);
#11956 = AXIS2_PLACEMENT_3D('',#11957,#11958,#11959);
#11957 = CARTESIAN_POINT('',(7.105427357601E-15,-27.94,6.1));
#11958 = DIRECTION('',(0.,0.,1.));
#11959 = DIRECTION('',(1.,0.,-0.));
#11960 = ORIENTED_EDGE('',*,*,#7634,.T.);
#11961 = ORIENTED_EDGE('',*,*,#7587,.F.);
#11962 = FACE_BOUND('',#11963,.F.);
#11963 = EDGE_LOOP('',(#11964,#11965,#11966,#11967));
#11964 = ORIENTED_EDGE('',*,*,#7778,.F.);
#11965 = ORIENTED_EDGE('',*,*,#7821,.F.);
#11966 = ORIENTED_EDGE('',*,*,#7802,.T.);
#11967 = ORIENTED_EDGE('',*,*,#7747,.F.);
#11968 = FACE_BOUND('',#11969,.F.);
#11969 = EDGE_LOOP('',(#11970,#11971,#11980,#11987,#11988));
#11970 = ORIENTED_EDGE('',*,*,#7868,.F.);
#11971 = ORIENTED_EDGE('',*,*,#11972,.F.);
#11972 = EDGE_CURVE('',#11973,#7869,#11975,.T.);
#11973 = VERTEX_POINT('',#11974);
#11974 = CARTESIAN_POINT('',(-24.025,-2.54,6.1));
#11975 = CIRCLE('',#11976,1.375);
#11976 = AXIS2_PLACEMENT_3D('',#11977,#11978,#11979);
#11977 = CARTESIAN_POINT('',(-25.4,-2.54,6.1));
#11978 = DIRECTION('',(0.,0.,1.));
#11979 = DIRECTION('',(1.,0.,-0.));
#11980 = ORIENTED_EDGE('',*,*,#11981,.F.);
#11981 = EDGE_CURVE('',#7893,#11973,#11982,.T.);
#11982 = CIRCLE('',#11983,1.375);
#11983 = AXIS2_PLACEMENT_3D('',#11984,#11985,#11986);
#11984 = CARTESIAN_POINT('',(-25.4,-2.54,6.1));
#11985 = DIRECTION('',(0.,0.,1.));
#11986 = DIRECTION('',(1.,0.,-0.));
#11987 = ORIENTED_EDGE('',*,*,#7892,.T.);
#11988 = ORIENTED_EDGE('',*,*,#7845,.F.);
#11989 = FACE_BOUND('',#11990,.F.);
#11990 = EDGE_LOOP('',(#11991,#11992,#12001,#12008,#12009));
#11991 = ORIENTED_EDGE('',*,*,#7290,.F.);
#11992 = ORIENTED_EDGE('',*,*,#11993,.F.);
#11993 = EDGE_CURVE('',#11994,#7291,#11996,.T.);
#11994 = VERTEX_POINT('',#11995);
#11995 = CARTESIAN_POINT('',(-13.865,-12.7,6.1));
#11996 = CIRCLE('',#11997,1.375);
#11997 = AXIS2_PLACEMENT_3D('',#11998,#11999,#12000);
#11998 = CARTESIAN_POINT('',(-15.24,-12.7,6.1));
#11999 = DIRECTION('',(0.,0.,1.));
#12000 = DIRECTION('',(1.,0.,-0.));
#12001 = ORIENTED_EDGE('',*,*,#12002,.F.);
#12002 = EDGE_CURVE('',#7315,#11994,#12003,.T.);
#12003 = CIRCLE('',#12004,1.375);
#12004 = AXIS2_PLACEMENT_3D('',#12005,#12006,#12007);
#12005 = CARTESIAN_POINT('',(-15.24,-12.7,6.1));
#12006 = DIRECTION('',(0.,0.,1.));
#12007 = DIRECTION('',(1.,0.,-0.));
#12008 = ORIENTED_EDGE('',*,*,#7314,.T.);
#12009 = ORIENTED_EDGE('',*,*,#7267,.F.);
#12010 = FACE_BOUND('',#12011,.F.);
#12011 = EDGE_LOOP('',(#12012,#12013,#12022,#12029,#12030));
#12012 = ORIENTED_EDGE('',*,*,#8126,.F.);
#12013 = ORIENTED_EDGE('',*,*,#12014,.F.);
#12014 = EDGE_CURVE('',#12015,#8127,#12017,.T.);
#12015 = VERTEX_POINT('',#12016);
#12016 = CARTESIAN_POINT('',(1.375,-12.7,6.1));
#12017 = CIRCLE('',#12018,1.375);
#12018 = AXIS2_PLACEMENT_3D('',#12019,#12020,#12021);
#12019 = CARTESIAN_POINT('',(7.105427357601E-15,-12.7,6.1));
#12020 = DIRECTION('',(0.,0.,1.));
#12021 = DIRECTION('',(1.,0.,-0.));
#12022 = ORIENTED_EDGE('',*,*,#12023,.F.);
#12023 = EDGE_CURVE('',#8151,#12015,#12024,.T.);
#12024 = CIRCLE('',#12025,1.375);
#12025 = AXIS2_PLACEMENT_3D('',#12026,#12027,#12028);
#12026 = CARTESIAN_POINT('',(7.105427357601E-15,-12.7,6.1));
#12027 = DIRECTION('',(0.,0.,1.));
#12028 = DIRECTION('',(1.,0.,-0.));
#12029 = ORIENTED_EDGE('',*,*,#8150,.T.);
#12030 = ORIENTED_EDGE('',*,*,#8103,.F.);
#12031 = FACE_BOUND('',#12032,.F.);
#12032 = EDGE_LOOP('',(#12033,#12034,#12043,#12050,#12051));
#12033 = ORIENTED_EDGE('',*,*,#8286,.F.);
#12034 = ORIENTED_EDGE('',*,*,#12035,.F.);
#12035 = EDGE_CURVE('',#12036,#8287,#12038,.T.);
#12036 = VERTEX_POINT('',#12037);
#12037 = CARTESIAN_POINT('',(16.615,-27.94,6.1));
#12038 = CIRCLE('',#12039,1.375);
#12039 = AXIS2_PLACEMENT_3D('',#12040,#12041,#12042);
#12040 = CARTESIAN_POINT('',(15.24,-27.94,6.1));
#12041 = DIRECTION('',(0.,0.,1.));
#12042 = DIRECTION('',(1.,0.,-0.));
#12043 = ORIENTED_EDGE('',*,*,#12044,.F.);
#12044 = EDGE_CURVE('',#8311,#12036,#12045,.T.);
#12045 = CIRCLE('',#12046,1.375);
#12046 = AXIS2_PLACEMENT_3D('',#12047,#12048,#12049);
#12047 = CARTESIAN_POINT('',(15.24,-27.94,6.1));
#12048 = DIRECTION('',(0.,0.,1.));
#12049 = DIRECTION('',(1.,0.,-0.));
#12050 = ORIENTED_EDGE('',*,*,#8310,.T.);
#12051 = ORIENTED_EDGE('',*,*,#8263,.F.);
#12052 = FACE_BOUND('',#12053,.F.);
#12053 = EDGE_LOOP('',(#12054,#12055,#12064,#12071,#12072));
#12054 = ORIENTED_EDGE('',*,*,#8446,.F.);
#12055 = ORIENTED_EDGE('',*,*,#12056,.F.);
#12056 = EDGE_CURVE('',#12057,#8447,#12059,.T.);
#12057 = VERTEX_POINT('',#12058);
#12058 = CARTESIAN_POINT('',(6.455,-17.78,6.1));
#12059 = CIRCLE('',#12060,1.375);
#12060 = AXIS2_PLACEMENT_3D('',#12061,#12062,#12063);
#12061 = CARTESIAN_POINT('',(5.08,-17.78,6.1));
#12062 = DIRECTION('',(0.,0.,1.));
#12063 = DIRECTION('',(1.,0.,-0.));
#12064 = ORIENTED_EDGE('',*,*,#12065,.F.);
#12065 = EDGE_CURVE('',#8471,#12057,#12066,.T.);
#12066 = CIRCLE('',#12067,1.375);
#12067 = AXIS2_PLACEMENT_3D('',#12068,#12069,#12070);
#12068 = CARTESIAN_POINT('',(5.08,-17.78,6.1));
#12069 = DIRECTION('',(0.,0.,1.));
#12070 = DIRECTION('',(1.,0.,-0.));
#12071 = ORIENTED_EDGE('',*,*,#8470,.T.);
#12072 = ORIENTED_EDGE('',*,*,#8423,.F.);
#12073 = FACE_BOUND('',#12074,.F.);
#12074 = EDGE_LOOP('',(#12075,#12076,#12085,#12092,#12093));
#12075 = ORIENTED_EDGE('',*,*,#8366,.F.);
#12076 = ORIENTED_EDGE('',*,*,#12077,.F.);
#12077 = EDGE_CURVE('',#12078,#8367,#12080,.T.);
#12078 = VERTEX_POINT('',#12079);
#12079 = CARTESIAN_POINT('',(16.615,-12.7,6.1));
#12080 = CIRCLE('',#12081,1.375);
#12081 = AXIS2_PLACEMENT_3D('',#12082,#12083,#12084);
#12082 = CARTESIAN_POINT('',(15.24,-12.7,6.1));
#12083 = DIRECTION('',(0.,0.,1.));
#12084 = DIRECTION('',(1.,0.,-0.));
#12085 = ORIENTED_EDGE('',*,*,#12086,.F.);
#12086 = EDGE_CURVE('',#8391,#12078,#12087,.T.);
#12087 = CIRCLE('',#12088,1.375);
#12088 = AXIS2_PLACEMENT_3D('',#12089,#12090,#12091);
#12089 = CARTESIAN_POINT('',(15.24,-12.7,6.1));
#12090 = DIRECTION('',(0.,0.,1.));
#12091 = DIRECTION('',(1.,0.,-0.));
#12092 = ORIENTED_EDGE('',*,*,#8390,.T.);
#12093 = ORIENTED_EDGE('',*,*,#8343,.F.);
#12094 = FACE_BOUND('',#12095,.F.);
#12095 = EDGE_LOOP('',(#12096,#12097,#12098,#12099));
#12096 = ORIENTED_EDGE('',*,*,#9166,.F.);
#12097 = ORIENTED_EDGE('',*,*,#9209,.F.);
#12098 = ORIENTED_EDGE('',*,*,#9190,.T.);
#12099 = ORIENTED_EDGE('',*,*,#9135,.F.);
#12100 = FACE_BOUND('',#12101,.F.);
#12101 = EDGE_LOOP('',(#12102,#12103,#12104,#12105));
#12102 = ORIENTED_EDGE('',*,*,#8632,.F.);
#12103 = ORIENTED_EDGE('',*,*,#8675,.F.);
#12104 = ORIENTED_EDGE('',*,*,#8656,.T.);
#12105 = ORIENTED_EDGE('',*,*,#8601,.F.);
#12106 = FACE_BOUND('',#12107,.F.);
#12107 = EDGE_LOOP('',(#12108,#12109,#12110,#12111));
#12108 = ORIENTED_EDGE('',*,*,#8730,.F.);
#12109 = ORIENTED_EDGE('',*,*,#8773,.F.);
#12110 = ORIENTED_EDGE('',*,*,#8754,.T.);
#12111 = ORIENTED_EDGE('',*,*,#8699,.F.);
#12112 = FACE_BOUND('',#12113,.F.);
#12113 = EDGE_LOOP('',(#12114,#12115,#12124,#12131,#12132));
#12114 = ORIENTED_EDGE('',*,*,#8820,.F.);
#12115 = ORIENTED_EDGE('',*,*,#12116,.F.);
#12116 = EDGE_CURVE('',#12117,#8821,#12119,.T.);
#12117 = VERTEX_POINT('',#12118);
#12118 = CARTESIAN_POINT('',(-24.025,12.7,6.1));
#12119 = CIRCLE('',#12120,1.375);
#12120 = AXIS2_PLACEMENT_3D('',#12121,#12122,#12123);
#12121 = CARTESIAN_POINT('',(-25.4,12.7,6.1));
#12122 = DIRECTION('',(0.,0.,1.));
#12123 = DIRECTION('',(1.,0.,-0.));
#12124 = ORIENTED_EDGE('',*,*,#12125,.F.);
#12125 = EDGE_CURVE('',#8845,#12117,#12126,.T.);
#12126 = CIRCLE('',#12127,1.375);
#12127 = AXIS2_PLACEMENT_3D('',#12128,#12129,#12130);
#12128 = CARTESIAN_POINT('',(-25.4,12.7,6.1));
#12129 = DIRECTION('',(0.,0.,1.));
#12130 = DIRECTION('',(1.,0.,-0.));
#12131 = ORIENTED_EDGE('',*,*,#8844,.T.);
#12132 = ORIENTED_EDGE('',*,*,#8797,.F.);
#12133 = FACE_BOUND('',#12134,.F.);
#12134 = EDGE_LOOP('',(#12135,#12136,#12137,#12138));
#12135 = ORIENTED_EDGE('',*,*,#8908,.F.);
#12136 = ORIENTED_EDGE('',*,*,#8951,.F.);
#12137 = ORIENTED_EDGE('',*,*,#8932,.T.);
#12138 = ORIENTED_EDGE('',*,*,#8877,.F.);
#12139 = FACE_BOUND('',#12140,.F.);
#12140 = EDGE_LOOP('',(#12141,#12142,#12151,#12158,#12159));
#12141 = ORIENTED_EDGE('',*,*,#8206,.F.);
#12142 = ORIENTED_EDGE('',*,*,#12143,.F.);
#12143 = EDGE_CURVE('',#12144,#8207,#12146,.T.);
#12144 = VERTEX_POINT('',#12145);
#12145 = CARTESIAN_POINT('',(-24.025,27.94,6.1));
#12146 = CIRCLE('',#12147,1.375);
#12147 = AXIS2_PLACEMENT_3D('',#12148,#12149,#12150);
#12148 = CARTESIAN_POINT('',(-25.4,27.94,6.1));
#12149 = DIRECTION('',(0.,0.,1.));
#12150 = DIRECTION('',(1.,0.,-0.));
#12151 = ORIENTED_EDGE('',*,*,#12152,.F.);
#12152 = EDGE_CURVE('',#8231,#12144,#12153,.T.);
#12153 = CIRCLE('',#12154,1.375);
#12154 = AXIS2_PLACEMENT_3D('',#12155,#12156,#12157);
#12155 = CARTESIAN_POINT('',(-25.4,27.94,6.1));
#12156 = DIRECTION('',(0.,0.,1.));
#12157 = DIRECTION('',(1.,0.,-0.));
#12158 = ORIENTED_EDGE('',*,*,#8230,.T.);
#12159 = ORIENTED_EDGE('',*,*,#8183,.F.);
#12160 = FACE_BOUND('',#12161,.F.);
#12161 = EDGE_LOOP('',(#12162,#12163,#12172,#12179,#12180));
#12162 = ORIENTED_EDGE('',*,*,#9078,.F.);
#12163 = ORIENTED_EDGE('',*,*,#12164,.F.);
#12164 = EDGE_CURVE('',#12165,#9079,#12167,.T.);
#12165 = VERTEX_POINT('',#12166);
#12166 = CARTESIAN_POINT('',(-13.865,17.78,6.1));
#12167 = CIRCLE('',#12168,1.375);
#12168 = AXIS2_PLACEMENT_3D('',#12169,#12170,#12171);
#12169 = CARTESIAN_POINT('',(-15.24,17.78,6.1));
#12170 = DIRECTION('',(0.,0.,1.));
#12171 = DIRECTION('',(1.,0.,-0.));
#12172 = ORIENTED_EDGE('',*,*,#12173,.F.);
#12173 = EDGE_CURVE('',#9103,#12165,#12174,.T.);
#12174 = CIRCLE('',#12175,1.375);
#12175 = AXIS2_PLACEMENT_3D('',#12176,#12177,#12178);
#12176 = CARTESIAN_POINT('',(-15.24,17.78,6.1));
#12177 = DIRECTION('',(0.,0.,1.));
#12178 = DIRECTION('',(1.,0.,-0.));
#12179 = ORIENTED_EDGE('',*,*,#9102,.T.);
#12180 = ORIENTED_EDGE('',*,*,#9055,.F.);
#12181 = FACE_BOUND('',#12182,.F.);
#12182 = EDGE_LOOP('',(#12183,#12184,#12193,#12200,#12201));
#12183 = ORIENTED_EDGE('',*,*,#7530,.F.);
#12184 = ORIENTED_EDGE('',*,*,#12185,.F.);
#12185 = EDGE_CURVE('',#12186,#7531,#12188,.T.);
#12186 = VERTEX_POINT('',#12187);
#12187 = CARTESIAN_POINT('',(1.375,17.78,6.1));
#12188 = CIRCLE('',#12189,1.375);
#12189 = AXIS2_PLACEMENT_3D('',#12190,#12191,#12192);
#12190 = CARTESIAN_POINT('',(7.105427357601E-15,17.78,6.1));
#12191 = DIRECTION('',(0.,0.,1.));
#12192 = DIRECTION('',(1.,0.,-0.));
#12193 = ORIENTED_EDGE('',*,*,#12194,.F.);
#12194 = EDGE_CURVE('',#7555,#12186,#12195,.T.);
#12195 = CIRCLE('',#12196,1.375);
#12196 = AXIS2_PLACEMENT_3D('',#12197,#12198,#12199);
#12197 = CARTESIAN_POINT('',(7.105427357601E-15,17.78,6.1));
#12198 = DIRECTION('',(0.,0.,1.));
#12199 = DIRECTION('',(1.,0.,-0.));
#12200 = ORIENTED_EDGE('',*,*,#7554,.T.);
#12201 = ORIENTED_EDGE('',*,*,#7507,.F.);
#12202 = FACE_BOUND('',#12203,.F.);
#12203 = EDGE_LOOP('',(#12204,#12205,#12214,#12221,#12222));
#12204 = ORIENTED_EDGE('',*,*,#8998,.F.);
#12205 = ORIENTED_EDGE('',*,*,#12206,.F.);
#12206 = EDGE_CURVE('',#12207,#8999,#12209,.T.);
#12207 = VERTEX_POINT('',#12208);
#12208 = CARTESIAN_POINT('',(6.455,12.7,6.1));
#12209 = CIRCLE('',#12210,1.375);
#12210 = AXIS2_PLACEMENT_3D('',#12211,#12212,#12213);
#12211 = CARTESIAN_POINT('',(5.08,12.7,6.1));
#12212 = DIRECTION('',(0.,0.,1.));
#12213 = DIRECTION('',(1.,0.,-0.));
#12214 = ORIENTED_EDGE('',*,*,#12215,.F.);
#12215 = EDGE_CURVE('',#9023,#12207,#12216,.T.);
#12216 = CIRCLE('',#12217,1.375);
#12217 = AXIS2_PLACEMENT_3D('',#12218,#12219,#12220);
#12218 = CARTESIAN_POINT('',(5.08,12.7,6.1));
#12219 = DIRECTION('',(0.,0.,1.));
#12220 = DIRECTION('',(1.,0.,-0.));
#12221 = ORIENTED_EDGE('',*,*,#9022,.T.);
#12222 = ORIENTED_EDGE('',*,*,#8975,.F.);
#12223 = FACE_BOUND('',#12224,.F.);
#12224 = EDGE_LOOP('',(#12225,#12226,#12227,#12228));
#12225 = ORIENTED_EDGE('',*,*,#7956,.F.);
#12226 = ORIENTED_EDGE('',*,*,#7999,.F.);
#12227 = ORIENTED_EDGE('',*,*,#7980,.T.);
#12228 = ORIENTED_EDGE('',*,*,#7925,.F.);
#12229 = FACE_BOUND('',#12230,.F.);
#12230 = EDGE_LOOP('',(#12231,#12232,#12233,#12234));
#12231 = ORIENTED_EDGE('',*,*,#8534,.F.);
#12232 = ORIENTED_EDGE('',*,*,#8577,.F.);
#12233 = ORIENTED_EDGE('',*,*,#8558,.T.);
#12234 = ORIENTED_EDGE('',*,*,#8503,.F.);
#12235 = FACE_BOUND('',#12236,.F.);
#12236 = EDGE_LOOP('',(#12237,#12238,#12247,#12254,#12255));
#12237 = ORIENTED_EDGE('',*,*,#9612,.F.);
#12238 = ORIENTED_EDGE('',*,*,#12239,.F.);
#12239 = EDGE_CURVE('',#12240,#9613,#12242,.T.);
#12240 = VERTEX_POINT('',#12241);
#12241 = CARTESIAN_POINT('',(31.855,2.54,6.1));
#12242 = CIRCLE('',#12243,1.375);
#12243 = AXIS2_PLACEMENT_3D('',#12244,#12245,#12246);
#12244 = CARTESIAN_POINT('',(30.48,2.54,6.1));
#12245 = DIRECTION('',(0.,0.,1.));
#12246 = DIRECTION('',(1.,0.,-0.));
#12247 = ORIENTED_EDGE('',*,*,#12248,.F.);
#12248 = EDGE_CURVE('',#9637,#12240,#12249,.T.);
#12249 = CIRCLE('',#12250,1.375);
#12250 = AXIS2_PLACEMENT_3D('',#12251,#12252,#12253);
#12251 = CARTESIAN_POINT('',(30.48,2.54,6.1));
#12252 = DIRECTION('',(0.,0.,1.));
#12253 = DIRECTION('',(1.,0.,-0.));
#12254 = ORIENTED_EDGE('',*,*,#9636,.T.);
#12255 = ORIENTED_EDGE('',*,*,#9589,.F.);
#12256 = FACE_BOUND('',#12257,.F.);
#12257 = EDGE_LOOP('',(#12258,#12259,#12260,#12261));
#12258 = ORIENTED_EDGE('',*,*,#9344,.F.);
#12259 = ORIENTED_EDGE('',*,*,#9387,.F.);
#12260 = ORIENTED_EDGE('',*,*,#9368,.T.);
#12261 = ORIENTED_EDGE('',*,*,#9313,.F.);
#12262 = FACE_BOUND('',#12263,.F.);
#12263 = EDGE_LOOP('',(#12264,#12265,#12266,#12267));
#12264 = ORIENTED_EDGE('',*,*,#9976,.F.);
#12265 = ORIENTED_EDGE('',*,*,#10019,.F.);
#12266 = ORIENTED_EDGE('',*,*,#10000,.T.);
#12267 = ORIENTED_EDGE('',*,*,#9945,.F.);
#12268 = FACE_BOUND('',#12269,.F.);
#12269 = EDGE_LOOP('',(#12270,#12271,#12280,#12287,#12288));
#12270 = ORIENTED_EDGE('',*,*,#9532,.F.);
#12271 = ORIENTED_EDGE('',*,*,#12272,.F.);
#12272 = EDGE_CURVE('',#12273,#9533,#12275,.T.);
#12273 = VERTEX_POINT('',#12274);
#12274 = CARTESIAN_POINT('',(31.855,-12.7,6.1));
#12275 = CIRCLE('',#12276,1.375);
#12276 = AXIS2_PLACEMENT_3D('',#12277,#12278,#12279);
#12277 = CARTESIAN_POINT('',(30.48,-12.7,6.1));
#12278 = DIRECTION('',(0.,0.,1.));
#12279 = DIRECTION('',(1.,0.,-0.));
#12280 = ORIENTED_EDGE('',*,*,#12281,.F.);
#12281 = EDGE_CURVE('',#9557,#12273,#12282,.T.);
#12282 = CIRCLE('',#12283,1.375);
#12283 = AXIS2_PLACEMENT_3D('',#12284,#12285,#12286);
#12284 = CARTESIAN_POINT('',(30.48,-12.7,6.1));
#12285 = DIRECTION('',(0.,0.,1.));
#12286 = DIRECTION('',(1.,0.,-0.));
#12287 = ORIENTED_EDGE('',*,*,#9556,.T.);
#12288 = ORIENTED_EDGE('',*,*,#9509,.F.);
#12289 = FACE_BOUND('',#12290,.F.);
#12290 = EDGE_LOOP('',(#12291,#12292,#12301,#12308,#12309));
#12291 = ORIENTED_EDGE('',*,*,#9692,.F.);
#12292 = ORIENTED_EDGE('',*,*,#12293,.F.);
#12293 = EDGE_CURVE('',#12294,#9693,#12296,.T.);
#12294 = VERTEX_POINT('',#12295);
#12295 = CARTESIAN_POINT('',(31.855,-27.94,6.1));
#12296 = CIRCLE('',#12297,1.375);
#12297 = AXIS2_PLACEMENT_3D('',#12298,#12299,#12300);
#12298 = CARTESIAN_POINT('',(30.48,-27.94,6.1));
#12299 = DIRECTION('',(0.,0.,1.));
#12300 = DIRECTION('',(1.,0.,-0.));
#12301 = ORIENTED_EDGE('',*,*,#12302,.F.);
#12302 = EDGE_CURVE('',#9717,#12294,#12303,.T.);
#12303 = CIRCLE('',#12304,1.375);
#12304 = AXIS2_PLACEMENT_3D('',#12305,#12306,#12307);
#12305 = CARTESIAN_POINT('',(30.48,-27.94,6.1));
#12306 = DIRECTION('',(0.,0.,1.));
#12307 = DIRECTION('',(1.,0.,-0.));
#12308 = ORIENTED_EDGE('',*,*,#9716,.T.);
#12309 = ORIENTED_EDGE('',*,*,#9669,.F.);
#12310 = FACE_BOUND('',#12311,.F.);
#12311 = EDGE_LOOP('',(#12312,#12313,#12314,#12315));
#12312 = ORIENTED_EDGE('',*,*,#9780,.F.);
#12313 = ORIENTED_EDGE('',*,*,#9823,.F.);
#12314 = ORIENTED_EDGE('',*,*,#9804,.T.);
#12315 = ORIENTED_EDGE('',*,*,#9749,.F.);
#12316 = FACE_BOUND('',#12317,.F.);
#12317 = EDGE_LOOP('',(#12318,#12319,#12320,#12321));
#12318 = ORIENTED_EDGE('',*,*,#9442,.F.);
#12319 = ORIENTED_EDGE('',*,*,#9485,.F.);
#12320 = ORIENTED_EDGE('',*,*,#9466,.T.);
#12321 = ORIENTED_EDGE('',*,*,#9411,.F.);
#12322 = FACE_BOUND('',#12323,.F.);
#12323 = EDGE_LOOP('',(#12324,#12325,#12334,#12341,#12342));
#12324 = ORIENTED_EDGE('',*,*,#9256,.F.);
#12325 = ORIENTED_EDGE('',*,*,#12326,.F.);
#12326 = EDGE_CURVE('',#12327,#9257,#12329,.T.);
#12327 = VERTEX_POINT('',#12328);
#12328 = CARTESIAN_POINT('',(31.855,17.78,6.1));
#12329 = CIRCLE('',#12330,1.375);
#12330 = AXIS2_PLACEMENT_3D('',#12331,#12332,#12333);
#12331 = CARTESIAN_POINT('',(30.48,17.78,6.1));
#12332 = DIRECTION('',(0.,0.,1.));
#12333 = DIRECTION('',(1.,0.,-0.));
#12334 = ORIENTED_EDGE('',*,*,#12335,.F.);
#12335 = EDGE_CURVE('',#9281,#12327,#12336,.T.);
#12336 = CIRCLE('',#12337,1.375);
#12337 = AXIS2_PLACEMENT_3D('',#12338,#12339,#12340);
#12338 = CARTESIAN_POINT('',(30.48,17.78,6.1));
#12339 = DIRECTION('',(0.,0.,1.));
#12340 = DIRECTION('',(1.,0.,-0.));
#12341 = ORIENTED_EDGE('',*,*,#9280,.T.);
#12342 = ORIENTED_EDGE('',*,*,#9233,.F.);
#12343 = FACE_BOUND('',#12344,.F.);
#12344 = EDGE_LOOP('',(#12345,#12346,#12347,#12348));
#12345 = ORIENTED_EDGE('',*,*,#9878,.F.);
#12346 = ORIENTED_EDGE('',*,*,#9921,.F.);
#12347 = ORIENTED_EDGE('',*,*,#9902,.T.);
#12348 = ORIENTED_EDGE('',*,*,#9847,.F.);
#12349 = FACE_BOUND('',#12350,.F.);
#12350 = EDGE_LOOP('',(#12351,#12352,#12353,#12354,#12355,#12356));
#12351 = ORIENTED_EDGE('',*,*,#10140,.T.);
#12352 = ORIENTED_EDGE('',*,*,#10163,.F.);
#12353 = ORIENTED_EDGE('',*,*,#10123,.T.);
#12354 = ORIENTED_EDGE('',*,*,#10092,.F.);
#12355 = ORIENTED_EDGE('',*,*,#10067,.F.);
#12356 = ORIENTED_EDGE('',*,*,#10034,.F.);
#12357 = FACE_BOUND('',#12358,.F.);
#12358 = EDGE_LOOP('',(#12359,#12360,#12361,#12362,#12363,#12364));
#12359 = ORIENTED_EDGE('',*,*,#10294,.F.);
#12360 = ORIENTED_EDGE('',*,*,#10309,.T.);
#12361 = ORIENTED_EDGE('',*,*,#10262,.F.);
#12362 = ORIENTED_EDGE('',*,*,#10246,.F.);
#12363 = ORIENTED_EDGE('',*,*,#10220,.T.);
#12364 = ORIENTED_EDGE('',*,*,#10189,.F.);
#12365 = FACE_BOUND('',#12366,.F.);
#12366 = EDGE_LOOP('',(#12367,#12368,#12369,#12370));
#12367 = ORIENTED_EDGE('',*,*,#10406,.T.);
#12368 = ORIENTED_EDGE('',*,*,#10383,.F.);
#12369 = ORIENTED_EDGE('',*,*,#10367,.F.);
#12370 = ORIENTED_EDGE('',*,*,#10334,.T.);
#12371 = FACE_BOUND('',#12372,.F.);
#12372 = EDGE_LOOP('',(#12373,#12374,#12375,#12376));
#12373 = ORIENTED_EDGE('',*,*,#10503,.T.);
#12374 = ORIENTED_EDGE('',*,*,#10480,.F.);
#12375 = ORIENTED_EDGE('',*,*,#10464,.F.);
#12376 = ORIENTED_EDGE('',*,*,#10431,.T.);
#12377 = FACE_BOUND('',#12378,.F.);
#12378 = EDGE_LOOP('',(#12379,#12380,#12381,#12382));
#12379 = ORIENTED_EDGE('',*,*,#10697,.F.);
#12380 = ORIENTED_EDGE('',*,*,#10681,.T.);
#12381 = ORIENTED_EDGE('',*,*,#10650,.F.);
#12382 = ORIENTED_EDGE('',*,*,#10625,.F.);
#12383 = FACE_BOUND('',#12384,.F.);
#12384 = EDGE_LOOP('',(#12385,#12386,#12387,#12388));
#12385 = ORIENTED_EDGE('',*,*,#10600,.F.);
#12386 = ORIENTED_EDGE('',*,*,#10584,.T.);
#12387 = ORIENTED_EDGE('',*,*,#10553,.F.);
#12388 = ORIENTED_EDGE('',*,*,#10528,.F.);
#12389 = FACE_BOUND('',#12390,.F.);
#12390 = EDGE_LOOP('',(#12391,#12392,#12393,#12394,#12395));
#12391 = ORIENTED_EDGE('',*,*,#10815,.F.);
#12392 = ORIENTED_EDGE('',*,*,#10806,.F.);
#12393 = ORIENTED_EDGE('',*,*,#10797,.F.);
#12394 = ORIENTED_EDGE('',*,*,#10788,.F.);
#12395 = ORIENTED_EDGE('',*,*,#10824,.F.);
#12396 = FACE_BOUND('',#12397,.F.);
#12397 = EDGE_LOOP('',(#12398,#12399,#12400,#12401,#12402));
#12398 = ORIENTED_EDGE('',*,*,#10732,.F.);
#12399 = ORIENTED_EDGE('',*,*,#10723,.F.);
#12400 = ORIENTED_EDGE('',*,*,#10759,.F.);
#12401 = ORIENTED_EDGE('',*,*,#10750,.F.);
#12402 = ORIENTED_EDGE('',*,*,#10741,.F.);
#12403 = FACE_BOUND('',#12404,.F.);
#12404 = EDGE_LOOP('',(#12405));
#12405 = ORIENTED_EDGE('',*,*,#10978,.F.);
#12406 = FACE_BOUND('',#12407,.F.);
#12407 = EDGE_LOOP('',(#12408));
#12408 = ORIENTED_EDGE('',*,*,#11028,.F.);
#12409 = FACE_BOUND('',#12410,.F.);
#12410 = EDGE_LOOP('',(#12411));
#12411 = ORIENTED_EDGE('',*,*,#11253,.F.);
#12412 = FACE_BOUND('',#12413,.F.);
#12413 = EDGE_LOOP('',(#12414));
#12414 = ORIENTED_EDGE('',*,*,#10928,.F.);
#12415 = FACE_BOUND('',#12416,.F.);
#12416 = EDGE_LOOP('',(#12417));
#12417 = ORIENTED_EDGE('',*,*,#11053,.F.);
#12418 = FACE_BOUND('',#12419,.F.);
#12419 = EDGE_LOOP('',(#12420));
#12420 = ORIENTED_EDGE('',*,*,#11078,.F.);
#12421 = FACE_BOUND('',#12422,.F.);
#12422 = EDGE_LOOP('',(#12423));
#12423 = ORIENTED_EDGE('',*,*,#11278,.F.);
#12424 = FACE_BOUND('',#12425,.F.);
#12425 = EDGE_LOOP('',(#12426));
#12426 = ORIENTED_EDGE('',*,*,#10903,.F.);
#12427 = FACE_BOUND('',#12428,.F.);
#12428 = EDGE_LOOP('',(#12429));
#12429 = ORIENTED_EDGE('',*,*,#10953,.F.);
#12430 = FACE_BOUND('',#12431,.F.);
#12431 = EDGE_LOOP('',(#12432));
#12432 = ORIENTED_EDGE('',*,*,#11103,.F.);
#12433 = FACE_BOUND('',#12434,.F.);
#12434 = EDGE_LOOP('',(#12435));
#12435 = ORIENTED_EDGE('',*,*,#11228,.F.);
#12436 = FACE_BOUND('',#12437,.F.);
#12437 = EDGE_LOOP('',(#12438));
#12438 = ORIENTED_EDGE('',*,*,#11128,.F.);
#12439 = FACE_BOUND('',#12440,.F.);
#12440 = EDGE_LOOP('',(#12441));
#12441 = ORIENTED_EDGE('',*,*,#11328,.F.);
#12442 = FACE_BOUND('',#12443,.F.);
#12443 = EDGE_LOOP('',(#12444));
#12444 = ORIENTED_EDGE('',*,*,#11003,.F.);
#12445 = FACE_BOUND('',#12446,.F.);
#12446 = EDGE_LOOP('',(#12447));
#12447 = ORIENTED_EDGE('',*,*,#10853,.F.);
#12448 = FACE_BOUND('',#12449,.F.);
#12449 = EDGE_LOOP('',(#12450));
#12450 = ORIENTED_EDGE('',*,*,#11153,.F.);
#12451 = FACE_BOUND('',#12452,.F.);
#12452 = EDGE_LOOP('',(#12453));
#12453 = ORIENTED_EDGE('',*,*,#11303,.F.);
#12454 = FACE_BOUND('',#12455,.F.);
#12455 = EDGE_LOOP('',(#12456));
#12456 = ORIENTED_EDGE('',*,*,#11203,.F.);
#12457 = FACE_BOUND('',#12458,.F.);
#12458 = EDGE_LOOP('',(#12459));
#12459 = ORIENTED_EDGE('',*,*,#10878,.F.);
#12460 = FACE_BOUND('',#12461,.F.);
#12461 = EDGE_LOOP('',(#12462));
#12462 = ORIENTED_EDGE('',*,*,#11178,.F.);
#12463 = FACE_BOUND('',#12464,.F.);
#12464 = EDGE_LOOP('',(#12465,#12466));
#12465 = ORIENTED_EDGE('',*,*,#11378,.F.);
#12466 = ORIENTED_EDGE('',*,*,#11353,.F.);
#12467 = FACE_BOUND('',#12468,.F.);
#12468 = EDGE_LOOP('',(#12469,#12470,#12479));
#12469 = ORIENTED_EDGE('',*,*,#11401,.T.);
#12470 = ORIENTED_EDGE('',*,*,#12471,.F.);
#12471 = EDGE_CURVE('',#12472,#11402,#12474,.T.);
#12472 = VERTEX_POINT('',#12473);
#12473 = CARTESIAN_POINT('',(21.695,-2.54,6.1));
#12474 = CIRCLE('',#12475,1.375);
#12475 = AXIS2_PLACEMENT_3D('',#12476,#12477,#12478);
#12476 = CARTESIAN_POINT('',(20.32,-2.54,6.1));
#12477 = DIRECTION('',(0.,0.,1.));
#12478 = DIRECTION('',(1.,0.,-0.));
#12479 = ORIENTED_EDGE('',*,*,#12480,.F.);
#12480 = EDGE_CURVE('',#11394,#12472,#12481,.T.);
#12481 = CIRCLE('',#12482,1.375);
#12482 = AXIS2_PLACEMENT_3D('',#12483,#12484,#12485);
#12483 = CARTESIAN_POINT('',(20.32,-2.54,6.1));
#12484 = DIRECTION('',(0.,0.,1.));
#12485 = DIRECTION('',(1.,0.,-0.));
#12486 = PLANE('',#12487);
#12487 = AXIS2_PLACEMENT_3D('',#12488,#12489,#12490);
#12488 = CARTESIAN_POINT('',(-41.1,-33.48,6.1));
#12489 = DIRECTION('',(0.,0.,1.));
#12490 = DIRECTION('',(1.,0.,-0.));
#12491 = ADVANCED_FACE('',(#12492),#12500,.F.);
#12492 = FACE_BOUND('',#12493,.F.);
#12493 = EDGE_LOOP('',(#12494,#12495,#12496,#12497,#12498,#12499));
#12494 = ORIENTED_EDGE('',*,*,#5196,.F.);
#12495 = ORIENTED_EDGE('',*,*,#11717,.T.);
#12496 = ORIENTED_EDGE('',*,*,#11708,.T.);
#12497 = ORIENTED_EDGE('',*,*,#5172,.T.);
#12498 = ORIENTED_EDGE('',*,*,#871,.F.);
#12499 = ORIENTED_EDGE('',*,*,#880,.F.);
#12500 = CYLINDRICAL_SURFACE('',#12501,1.375);
#12501 = AXIS2_PLACEMENT_3D('',#12502,#12503,#12504);
#12502 = CARTESIAN_POINT('',(-30.48,-27.94,5.1));
#12503 = DIRECTION('',(0.,0.,1.));
#12504 = DIRECTION('',(1.,0.,-0.));
#12505 = ADVANCED_FACE('',(#12506),#12514,.F.);
#12506 = FACE_BOUND('',#12507,.F.);
#12507 = EDGE_LOOP('',(#12508,#12509,#12510,#12511,#12512,#12513));
#12508 = ORIENTED_EDGE('',*,*,#7404,.F.);
#12509 = ORIENTED_EDGE('',*,*,#11891,.T.);
#12510 = ORIENTED_EDGE('',*,*,#11882,.T.);
#12511 = ORIENTED_EDGE('',*,*,#7380,.T.);
#12512 = ORIENTED_EDGE('',*,*,#1807,.F.);
#12513 = ORIENTED_EDGE('',*,*,#1816,.F.);
#12514 = CYLINDRICAL_SURFACE('',#12515,1.375);
#12515 = AXIS2_PLACEMENT_3D('',#12516,#12517,#12518);
#12516 = CARTESIAN_POINT('',(-25.4,-17.78,5.1));
#12517 = DIRECTION('',(0.,0.,1.));
#12518 = DIRECTION('',(1.,0.,-0.));
#12519 = ADVANCED_FACE('',(#12520),#12528,.F.);
#12520 = FACE_BOUND('',#12521,.F.);
#12521 = EDGE_LOOP('',(#12522,#12523,#12524,#12525,#12526,#12527));
#12522 = ORIENTED_EDGE('',*,*,#7484,.F.);
#12523 = ORIENTED_EDGE('',*,*,#11912,.T.);
#12524 = ORIENTED_EDGE('',*,*,#11903,.T.);
#12525 = ORIENTED_EDGE('',*,*,#7460,.T.);
#12526 = ORIENTED_EDGE('',*,*,#1852,.F.);
#12527 = ORIENTED_EDGE('',*,*,#1861,.F.);
#12528 = CYLINDRICAL_SURFACE('',#12529,1.375);
#12529 = AXIS2_PLACEMENT_3D('',#12530,#12531,#12532);
#12530 = CARTESIAN_POINT('',(-15.24,-27.94,5.1));
#12531 = DIRECTION('',(0.,0.,1.));
#12532 = DIRECTION('',(1.,0.,-0.));
#12533 = ADVANCED_FACE('',(#12534),#12542,.F.);
#12534 = FACE_BOUND('',#12535,.F.);
#12535 = EDGE_LOOP('',(#12536,#12537,#12538,#12539,#12540,#12541));
#12536 = ORIENTED_EDGE('',*,*,#7644,.F.);
#12537 = ORIENTED_EDGE('',*,*,#11954,.T.);
#12538 = ORIENTED_EDGE('',*,*,#11945,.T.);
#12539 = ORIENTED_EDGE('',*,*,#7620,.T.);
#12540 = ORIENTED_EDGE('',*,*,#1942,.F.);
#12541 = ORIENTED_EDGE('',*,*,#1951,.F.);
#12542 = CYLINDRICAL_SURFACE('',#12543,1.375);
#12543 = AXIS2_PLACEMENT_3D('',#12544,#12545,#12546);
#12544 = CARTESIAN_POINT('',(7.105427357601E-15,-27.94,5.1));
#12545 = DIRECTION('',(0.,0.,1.));
#12546 = DIRECTION('',(1.,0.,-0.));
#12547 = ADVANCED_FACE('',(#12548),#12556,.F.);
#12548 = FACE_BOUND('',#12549,.F.);
#12549 = EDGE_LOOP('',(#12550,#12551,#12552,#12553,#12554,#12555));
#12550 = ORIENTED_EDGE('',*,*,#6140,.F.);
#12551 = ORIENTED_EDGE('',*,*,#11825,.T.);
#12552 = ORIENTED_EDGE('',*,*,#11816,.T.);
#12553 = ORIENTED_EDGE('',*,*,#6116,.T.);
#12554 = ORIENTED_EDGE('',*,*,#1249,.F.);
#12555 = ORIENTED_EDGE('',*,*,#1258,.F.);
#12556 = CYLINDRICAL_SURFACE('',#12557,1.375);
#12557 = AXIS2_PLACEMENT_3D('',#12558,#12559,#12560);
#12558 = CARTESIAN_POINT('',(-10.16,-17.78,5.1));
#12559 = DIRECTION('',(0.,0.,1.));
#12560 = DIRECTION('',(1.,0.,-0.));
#12561 = ADVANCED_FACE('',(#12562),#12570,.F.);
#12562 = FACE_BOUND('',#12563,.F.);
#12563 = EDGE_LOOP('',(#12564,#12565,#12566,#12567,#12568,#12569));
#12564 = ORIENTED_EDGE('',*,*,#6318,.F.);
#12565 = ORIENTED_EDGE('',*,*,#11627,.T.);
#12566 = ORIENTED_EDGE('',*,*,#11618,.T.);
#12567 = ORIENTED_EDGE('',*,*,#6294,.T.);
#12568 = ORIENTED_EDGE('',*,*,#1330,.F.);
#12569 = ORIENTED_EDGE('',*,*,#1339,.F.);
#12570 = CYLINDRICAL_SURFACE('',#12571,1.375);
#12571 = AXIS2_PLACEMENT_3D('',#12572,#12573,#12574);
#12572 = CARTESIAN_POINT('',(-30.48,-12.7,5.1));
#12573 = DIRECTION('',(0.,0.,1.));
#12574 = DIRECTION('',(1.,0.,-0.));
#12575 = ADVANCED_FACE('',(#12576),#12584,.F.);
#12576 = FACE_BOUND('',#12577,.F.);
#12577 = EDGE_LOOP('',(#12578,#12579,#12580,#12581,#12582,#12583));
#12578 = ORIENTED_EDGE('',*,*,#7902,.F.);
#12579 = ORIENTED_EDGE('',*,*,#11981,.T.);
#12580 = ORIENTED_EDGE('',*,*,#11972,.T.);
#12581 = ORIENTED_EDGE('',*,*,#7878,.T.);
#12582 = ORIENTED_EDGE('',*,*,#2068,.F.);
#12583 = ORIENTED_EDGE('',*,*,#2077,.F.);
#12584 = CYLINDRICAL_SURFACE('',#12585,1.375);
#12585 = AXIS2_PLACEMENT_3D('',#12586,#12587,#12588);
#12586 = CARTESIAN_POINT('',(-25.4,-2.54,5.1));
#12587 = DIRECTION('',(0.,0.,1.));
#12588 = DIRECTION('',(1.,0.,-0.));
#12589 = ADVANCED_FACE('',(#12590),#12598,.F.);
#12590 = FACE_BOUND('',#12591,.F.);
#12591 = EDGE_LOOP('',(#12592,#12593,#12594,#12595,#12596,#12597));
#12592 = ORIENTED_EDGE('',*,*,#7324,.F.);
#12593 = ORIENTED_EDGE('',*,*,#12002,.T.);
#12594 = ORIENTED_EDGE('',*,*,#11993,.T.);
#12595 = ORIENTED_EDGE('',*,*,#7300,.T.);
#12596 = ORIENTED_EDGE('',*,*,#1762,.F.);
#12597 = ORIENTED_EDGE('',*,*,#1771,.F.);
#12598 = CYLINDRICAL_SURFACE('',#12599,1.375);
#12599 = AXIS2_PLACEMENT_3D('',#12600,#12601,#12602);
#12600 = CARTESIAN_POINT('',(-15.24,-12.7,5.1));
#12601 = DIRECTION('',(0.,0.,1.));
#12602 = DIRECTION('',(1.,0.,-0.));
#12603 = ADVANCED_FACE('',(#12604),#12612,.F.);
#12604 = FACE_BOUND('',#12605,.F.);
#12605 = EDGE_LOOP('',(#12606,#12607,#12608,#12609,#12610,#12611));
#12606 = ORIENTED_EDGE('',*,*,#8160,.F.);
#12607 = ORIENTED_EDGE('',*,*,#12023,.T.);
#12608 = ORIENTED_EDGE('',*,*,#12014,.T.);
#12609 = ORIENTED_EDGE('',*,*,#8136,.T.);
#12610 = ORIENTED_EDGE('',*,*,#2194,.F.);
#12611 = ORIENTED_EDGE('',*,*,#2203,.F.);
#12612 = CYLINDRICAL_SURFACE('',#12613,1.375);
#12613 = AXIS2_PLACEMENT_3D('',#12614,#12615,#12616);
#12614 = CARTESIAN_POINT('',(7.105427357601E-15,-12.7,5.1));
#12615 = DIRECTION('',(0.,0.,1.));
#12616 = DIRECTION('',(1.,0.,-0.));
#12617 = ADVANCED_FACE('',(#12618),#12626,.F.);
#12618 = FACE_BOUND('',#12619,.F.);
#12619 = EDGE_LOOP('',(#12620,#12621,#12622,#12623,#12624,#12625));
#12620 = ORIENTED_EDGE('',*,*,#8320,.F.);
#12621 = ORIENTED_EDGE('',*,*,#12044,.T.);
#12622 = ORIENTED_EDGE('',*,*,#12035,.T.);
#12623 = ORIENTED_EDGE('',*,*,#8296,.T.);
#12624 = ORIENTED_EDGE('',*,*,#2284,.F.);
#12625 = ORIENTED_EDGE('',*,*,#2293,.F.);
#12626 = CYLINDRICAL_SURFACE('',#12627,1.375);
#12627 = AXIS2_PLACEMENT_3D('',#12628,#12629,#12630);
#12628 = CARTESIAN_POINT('',(15.24,-27.94,5.1));
#12629 = DIRECTION('',(0.,0.,1.));
#12630 = DIRECTION('',(1.,0.,-0.));
#12631 = ADVANCED_FACE('',(#12632),#12640,.F.);
#12632 = FACE_BOUND('',#12633,.F.);
#12633 = EDGE_LOOP('',(#12634,#12635,#12636,#12637,#12638,#12639));
#12634 = ORIENTED_EDGE('',*,*,#8480,.F.);
#12635 = ORIENTED_EDGE('',*,*,#12065,.T.);
#12636 = ORIENTED_EDGE('',*,*,#12056,.T.);
#12637 = ORIENTED_EDGE('',*,*,#8456,.T.);
#12638 = ORIENTED_EDGE('',*,*,#2374,.F.);
#12639 = ORIENTED_EDGE('',*,*,#2383,.F.);
#12640 = CYLINDRICAL_SURFACE('',#12641,1.375);
#12641 = AXIS2_PLACEMENT_3D('',#12642,#12643,#12644);
#12642 = CARTESIAN_POINT('',(5.08,-17.78,5.1));
#12643 = DIRECTION('',(0.,0.,1.));
#12644 = DIRECTION('',(1.,0.,-0.));
#12645 = ADVANCED_FACE('',(#12646),#12654,.F.);
#12646 = FACE_BOUND('',#12647,.F.);
#12647 = EDGE_LOOP('',(#12648,#12649,#12650,#12651,#12652,#12653));
#12648 = ORIENTED_EDGE('',*,*,#5018,.F.);
#12649 = ORIENTED_EDGE('',*,*,#11579,.T.);
#12650 = ORIENTED_EDGE('',*,*,#11570,.T.);
#12651 = ORIENTED_EDGE('',*,*,#4994,.T.);
#12652 = ORIENTED_EDGE('',*,*,#790,.F.);
#12653 = ORIENTED_EDGE('',*,*,#799,.F.);
#12654 = CYLINDRICAL_SURFACE('',#12655,1.375);
#12655 = AXIS2_PLACEMENT_3D('',#12656,#12657,#12658);
#12656 = CARTESIAN_POINT('',(20.32,-17.78,5.1));
#12657 = DIRECTION('',(0.,0.,1.));
#12658 = DIRECTION('',(1.,0.,-0.));
#12659 = ADVANCED_FACE('',(#12660),#12668,.F.);
#12660 = FACE_BOUND('',#12661,.F.);
#12661 = EDGE_LOOP('',(#12662,#12663,#12664,#12665,#12666,#12667));
#12662 = ORIENTED_EDGE('',*,*,#9726,.F.);
#12663 = ORIENTED_EDGE('',*,*,#12302,.T.);
#12664 = ORIENTED_EDGE('',*,*,#12293,.T.);
#12665 = ORIENTED_EDGE('',*,*,#9702,.T.);
#12666 = ORIENTED_EDGE('',*,*,#2941,.F.);
#12667 = ORIENTED_EDGE('',*,*,#2950,.F.);
#12668 = CYLINDRICAL_SURFACE('',#12669,1.375);
#12669 = AXIS2_PLACEMENT_3D('',#12670,#12671,#12672);
#12670 = CARTESIAN_POINT('',(30.48,-27.94,5.1));
#12671 = DIRECTION('',(0.,0.,1.));
#12672 = DIRECTION('',(1.,0.,-0.));
#12673 = ADVANCED_FACE('',(#12674),#12682,.F.);
#12674 = FACE_BOUND('',#12675,.F.);
#12675 = EDGE_LOOP('',(#12676,#12677,#12678,#12679,#12680,#12681));
#12676 = ORIENTED_EDGE('',*,*,#4128,.F.);
#12677 = ORIENTED_EDGE('',*,*,#11507,.T.);
#12678 = ORIENTED_EDGE('',*,*,#11498,.T.);
#12679 = ORIENTED_EDGE('',*,*,#4104,.T.);
#12680 = ORIENTED_EDGE('',*,*,#385,.F.);
#12681 = ORIENTED_EDGE('',*,*,#394,.F.);
#12682 = CYLINDRICAL_SURFACE('',#12683,1.375);
#12683 = AXIS2_PLACEMENT_3D('',#12684,#12685,#12686);
#12684 = CARTESIAN_POINT('',(35.56,-17.78,5.1));
#12685 = DIRECTION('',(0.,0.,1.));
#12686 = DIRECTION('',(1.,0.,-0.));
#12687 = ADVANCED_FACE('',(#12688),#12696,.F.);
#12688 = FACE_BOUND('',#12689,.F.);
#12689 = EDGE_LOOP('',(#12690,#12691,#12692,#12693,#12694,#12695));
#12690 = ORIENTED_EDGE('',*,*,#8400,.F.);
#12691 = ORIENTED_EDGE('',*,*,#12086,.T.);
#12692 = ORIENTED_EDGE('',*,*,#12077,.T.);
#12693 = ORIENTED_EDGE('',*,*,#8376,.T.);
#12694 = ORIENTED_EDGE('',*,*,#2329,.F.);
#12695 = ORIENTED_EDGE('',*,*,#2338,.F.);
#12696 = CYLINDRICAL_SURFACE('',#12697,1.375);
#12697 = AXIS2_PLACEMENT_3D('',#12698,#12699,#12700);
#12698 = CARTESIAN_POINT('',(15.24,-12.7,5.1));
#12699 = DIRECTION('',(0.,0.,1.));
#12700 = DIRECTION('',(1.,0.,-0.));
#12701 = ADVANCED_FACE('',(#12702),#12710,.F.);
#12702 = FACE_BOUND('',#12703,.F.);
#12703 = EDGE_LOOP('',(#12704,#12705,#12706,#12707,#12708,#12709));
#12704 = ORIENTED_EDGE('',*,*,#11409,.T.);
#12705 = ORIENTED_EDGE('',*,*,#3671,.F.);
#12706 = ORIENTED_EDGE('',*,*,#3652,.F.);
#12707 = ORIENTED_EDGE('',*,*,#11393,.F.);
#12708 = ORIENTED_EDGE('',*,*,#12480,.T.);
#12709 = ORIENTED_EDGE('',*,*,#12471,.T.);
#12710 = CYLINDRICAL_SURFACE('',#12711,1.375);
#12711 = AXIS2_PLACEMENT_3D('',#12712,#12713,#12714);
#12712 = CARTESIAN_POINT('',(20.32,-2.54,5.1));
#12713 = DIRECTION('',(0.,0.,1.));
#12714 = DIRECTION('',(1.,0.,-0.));
#12715 = ADVANCED_FACE('',(#12716),#12724,.F.);
#12716 = FACE_BOUND('',#12717,.F.);
#12717 = EDGE_LOOP('',(#12718,#12719,#12720,#12721,#12722,#12723));
#12718 = ORIENTED_EDGE('',*,*,#9566,.F.);
#12719 = ORIENTED_EDGE('',*,*,#12281,.T.);
#12720 = ORIENTED_EDGE('',*,*,#12272,.T.);
#12721 = ORIENTED_EDGE('',*,*,#9542,.T.);
#12722 = ORIENTED_EDGE('',*,*,#2851,.F.);
#12723 = ORIENTED_EDGE('',*,*,#2860,.F.);
#12724 = CYLINDRICAL_SURFACE('',#12725,1.375);
#12725 = AXIS2_PLACEMENT_3D('',#12726,#12727,#12728);
#12726 = CARTESIAN_POINT('',(30.48,-12.7,5.1));
#12727 = DIRECTION('',(0.,0.,1.));
#12728 = DIRECTION('',(1.,0.,-0.));
#12729 = ADVANCED_FACE('',(#12730),#12738,.F.);
#12730 = FACE_BOUND('',#12731,.F.);
#12731 = EDGE_LOOP('',(#12732,#12733,#12734,#12735,#12736,#12737));
#12732 = ORIENTED_EDGE('',*,*,#4208,.F.);
#12733 = ORIENTED_EDGE('',*,*,#11465,.T.);
#12734 = ORIENTED_EDGE('',*,*,#11456,.T.);
#12735 = ORIENTED_EDGE('',*,*,#4184,.T.);
#12736 = ORIENTED_EDGE('',*,*,#430,.F.);
#12737 = ORIENTED_EDGE('',*,*,#439,.F.);
#12738 = CYLINDRICAL_SURFACE('',#12739,1.375);
#12739 = AXIS2_PLACEMENT_3D('',#12740,#12741,#12742);
#12740 = CARTESIAN_POINT('',(35.56,-2.54,5.1));
#12741 = DIRECTION('',(0.,0.,1.));
#12742 = DIRECTION('',(1.,0.,-0.));
#12743 = ADVANCED_FACE('',(#12744),#12752,.F.);
#12744 = FACE_BOUND('',#12745,.F.);
#12745 = EDGE_LOOP('',(#12746,#12747,#12748,#12749,#12750,#12751));
#12746 = ORIENTED_EDGE('',*,*,#6692,.F.);
#12747 = ORIENTED_EDGE('',*,*,#11696,.T.);
#12748 = ORIENTED_EDGE('',*,*,#11687,.T.);
#12749 = ORIENTED_EDGE('',*,*,#6668,.T.);
#12750 = ORIENTED_EDGE('',*,*,#1483,.F.);
#12751 = ORIENTED_EDGE('',*,*,#1492,.F.);
#12752 = CYLINDRICAL_SURFACE('',#12753,1.375);
#12753 = AXIS2_PLACEMENT_3D('',#12754,#12755,#12756);
#12754 = CARTESIAN_POINT('',(-30.48,2.54,5.1));
#12755 = DIRECTION('',(0.,0.,1.));
#12756 = DIRECTION('',(1.,0.,-0.));
#12757 = ADVANCED_FACE('',(#12758),#12766,.F.);
#12758 = FACE_BOUND('',#12759,.F.);
#12759 = EDGE_LOOP('',(#12760,#12761,#12762,#12763,#12764,#12765));
#12760 = ORIENTED_EDGE('',*,*,#8854,.F.);
#12761 = ORIENTED_EDGE('',*,*,#12125,.T.);
#12762 = ORIENTED_EDGE('',*,*,#12116,.T.);
#12763 = ORIENTED_EDGE('',*,*,#8830,.T.);
#12764 = ORIENTED_EDGE('',*,*,#2527,.F.);
#12765 = ORIENTED_EDGE('',*,*,#2536,.F.);
#12766 = CYLINDRICAL_SURFACE('',#12767,1.375);
#12767 = AXIS2_PLACEMENT_3D('',#12768,#12769,#12770);
#12768 = CARTESIAN_POINT('',(-25.4,12.7,5.1));
#12769 = DIRECTION('',(0.,0.,1.));
#12770 = DIRECTION('',(1.,0.,-0.));
#12771 = ADVANCED_FACE('',(#12772),#12780,.F.);
#12772 = FACE_BOUND('',#12773,.F.);
#12773 = EDGE_LOOP('',(#12774,#12775,#12776,#12777,#12778,#12779));
#12774 = ORIENTED_EDGE('',*,*,#6772,.F.);
#12775 = ORIENTED_EDGE('',*,*,#11675,.T.);
#12776 = ORIENTED_EDGE('',*,*,#11666,.T.);
#12777 = ORIENTED_EDGE('',*,*,#6748,.T.);
#12778 = ORIENTED_EDGE('',*,*,#1528,.F.);
#12779 = ORIENTED_EDGE('',*,*,#1537,.F.);
#12780 = CYLINDRICAL_SURFACE('',#12781,1.375);
#12781 = AXIS2_PLACEMENT_3D('',#12782,#12783,#12784);
#12782 = CARTESIAN_POINT('',(-10.16,12.7,5.1));
#12783 = DIRECTION('',(0.,0.,1.));
#12784 = DIRECTION('',(1.,0.,-0.));
#12785 = ADVANCED_FACE('',(#12786),#12794,.F.);
#12786 = FACE_BOUND('',#12787,.F.);
#12787 = EDGE_LOOP('',(#12788,#12789,#12790,#12791,#12792,#12793));
#12788 = ORIENTED_EDGE('',*,*,#6060,.F.);
#12789 = ORIENTED_EDGE('',*,*,#11654,.T.);
#12790 = ORIENTED_EDGE('',*,*,#11645,.T.);
#12791 = ORIENTED_EDGE('',*,*,#6036,.T.);
#12792 = ORIENTED_EDGE('',*,*,#1204,.F.);
#12793 = ORIENTED_EDGE('',*,*,#1213,.F.);
#12794 = CYLINDRICAL_SURFACE('',#12795,1.375);
#12795 = AXIS2_PLACEMENT_3D('',#12796,#12797,#12798);
#12796 = CARTESIAN_POINT('',(-30.48,17.78,5.1));
#12797 = DIRECTION('',(0.,0.,1.));
#12798 = DIRECTION('',(1.,0.,-0.));
#12799 = ADVANCED_FACE('',(#12800),#12808,.F.);
#12800 = FACE_BOUND('',#12801,.F.);
#12801 = EDGE_LOOP('',(#12802,#12803,#12804,#12805,#12806,#12807));
#12802 = ORIENTED_EDGE('',*,*,#8240,.F.);
#12803 = ORIENTED_EDGE('',*,*,#12152,.T.);
#12804 = ORIENTED_EDGE('',*,*,#12143,.T.);
#12805 = ORIENTED_EDGE('',*,*,#8216,.T.);
#12806 = ORIENTED_EDGE('',*,*,#2239,.F.);
#12807 = ORIENTED_EDGE('',*,*,#2248,.F.);
#12808 = CYLINDRICAL_SURFACE('',#12809,1.375);
#12809 = AXIS2_PLACEMENT_3D('',#12810,#12811,#12812);
#12810 = CARTESIAN_POINT('',(-25.4,27.94,5.1));
#12811 = DIRECTION('',(0.,0.,1.));
#12812 = DIRECTION('',(1.,0.,-0.));
#12813 = ADVANCED_FACE('',(#12814),#12822,.F.);
#12814 = FACE_BOUND('',#12815,.F.);
#12815 = EDGE_LOOP('',(#12816,#12817,#12818,#12819,#12820,#12821));
#12816 = ORIENTED_EDGE('',*,*,#9112,.F.);
#12817 = ORIENTED_EDGE('',*,*,#12173,.T.);
#12818 = ORIENTED_EDGE('',*,*,#12164,.T.);
#12819 = ORIENTED_EDGE('',*,*,#9088,.T.);
#12820 = ORIENTED_EDGE('',*,*,#2653,.F.);
#12821 = ORIENTED_EDGE('',*,*,#2662,.F.);
#12822 = CYLINDRICAL_SURFACE('',#12823,1.375);
#12823 = AXIS2_PLACEMENT_3D('',#12824,#12825,#12826);
#12824 = CARTESIAN_POINT('',(-15.24,17.78,5.1));
#12825 = DIRECTION('',(0.,0.,1.));
#12826 = DIRECTION('',(1.,0.,-0.));
#12827 = ADVANCED_FACE('',(#12828),#12836,.F.);
#12828 = FACE_BOUND('',#12829,.F.);
#12829 = EDGE_LOOP('',(#12830,#12831,#12832,#12833,#12834,#12835));
#12830 = ORIENTED_EDGE('',*,*,#7564,.F.);
#12831 = ORIENTED_EDGE('',*,*,#12194,.T.);
#12832 = ORIENTED_EDGE('',*,*,#12185,.T.);
#12833 = ORIENTED_EDGE('',*,*,#7540,.T.);
#12834 = ORIENTED_EDGE('',*,*,#1897,.F.);
#12835 = ORIENTED_EDGE('',*,*,#1906,.F.);
#12836 = CYLINDRICAL_SURFACE('',#12837,1.375);
#12837 = AXIS2_PLACEMENT_3D('',#12838,#12839,#12840);
#12838 = CARTESIAN_POINT('',(7.105427357601E-15,17.78,5.1));
#12839 = DIRECTION('',(0.,0.,1.));
#12840 = DIRECTION('',(1.,0.,-0.));
#12841 = ADVANCED_FACE('',(#12842),#12850,.F.);
#12842 = FACE_BOUND('',#12843,.F.);
#12843 = EDGE_LOOP('',(#12844,#12845,#12846,#12847,#12848,#12849));
#12844 = ORIENTED_EDGE('',*,*,#7048,.F.);
#12845 = ORIENTED_EDGE('',*,*,#11792,.T.);
#12846 = ORIENTED_EDGE('',*,*,#11783,.T.);
#12847 = ORIENTED_EDGE('',*,*,#7024,.T.);
#12848 = ORIENTED_EDGE('',*,*,#1645,.F.);
#12849 = ORIENTED_EDGE('',*,*,#1654,.F.);
#12850 = CYLINDRICAL_SURFACE('',#12851,1.375);
#12851 = AXIS2_PLACEMENT_3D('',#12852,#12853,#12854);
#12852 = CARTESIAN_POINT('',(-10.16,27.94,5.1));
#12853 = DIRECTION('',(0.,0.,1.));
#12854 = DIRECTION('',(1.,0.,-0.));
#12855 = ADVANCED_FACE('',(#12856),#12864,.F.);
#12856 = FACE_BOUND('',#12857,.F.);
#12857 = EDGE_LOOP('',(#12858,#12859,#12860,#12861,#12862,#12863));
#12858 = ORIENTED_EDGE('',*,*,#9032,.F.);
#12859 = ORIENTED_EDGE('',*,*,#12215,.T.);
#12860 = ORIENTED_EDGE('',*,*,#12206,.T.);
#12861 = ORIENTED_EDGE('',*,*,#9008,.T.);
#12862 = ORIENTED_EDGE('',*,*,#2608,.F.);
#12863 = ORIENTED_EDGE('',*,*,#2617,.F.);
#12864 = CYLINDRICAL_SURFACE('',#12865,1.375);
#12865 = AXIS2_PLACEMENT_3D('',#12866,#12867,#12868);
#12866 = CARTESIAN_POINT('',(5.08,12.7,5.1));
#12867 = DIRECTION('',(0.,0.,1.));
#12868 = DIRECTION('',(1.,0.,-0.));
#12869 = ADVANCED_FACE('',(#12870),#12878,.F.);
#12870 = FACE_BOUND('',#12871,.F.);
#12871 = EDGE_LOOP('',(#12872,#12873,#12874,#12875,#12876,#12877));
#12872 = ORIENTED_EDGE('',*,*,#4564,.F.);
#12873 = ORIENTED_EDGE('',*,*,#11600,.T.);
#12874 = ORIENTED_EDGE('',*,*,#11591,.T.);
#12875 = ORIENTED_EDGE('',*,*,#4540,.T.);
#12876 = ORIENTED_EDGE('',*,*,#592,.F.);
#12877 = ORIENTED_EDGE('',*,*,#601,.F.);
#12878 = CYLINDRICAL_SURFACE('',#12879,1.375);
#12879 = AXIS2_PLACEMENT_3D('',#12880,#12881,#12882);
#12880 = CARTESIAN_POINT('',(20.32,12.7,5.1));
#12881 = DIRECTION('',(0.,0.,1.));
#12882 = DIRECTION('',(1.,0.,-0.));
#12883 = ADVANCED_FACE('',(#12884),#12892,.F.);
#12884 = FACE_BOUND('',#12885,.F.);
#12885 = EDGE_LOOP('',(#12886,#12887,#12888,#12889,#12890,#12891));
#12886 = ORIENTED_EDGE('',*,*,#9646,.F.);
#12887 = ORIENTED_EDGE('',*,*,#12248,.T.);
#12888 = ORIENTED_EDGE('',*,*,#12239,.T.);
#12889 = ORIENTED_EDGE('',*,*,#9622,.T.);
#12890 = ORIENTED_EDGE('',*,*,#2896,.F.);
#12891 = ORIENTED_EDGE('',*,*,#2905,.F.);
#12892 = CYLINDRICAL_SURFACE('',#12893,1.375);
#12893 = AXIS2_PLACEMENT_3D('',#12894,#12895,#12896);
#12894 = CARTESIAN_POINT('',(30.48,2.54,5.1));
#12895 = DIRECTION('',(0.,0.,1.));
#12896 = DIRECTION('',(1.,0.,-0.));
#12897 = ADVANCED_FACE('',(#12898),#12906,.F.);
#12898 = FACE_BOUND('',#12899,.F.);
#12899 = EDGE_LOOP('',(#12900,#12901,#12902,#12903,#12904,#12905));
#12900 = ORIENTED_EDGE('',*,*,#4048,.F.);
#12901 = ORIENTED_EDGE('',*,*,#11486,.T.);
#12902 = ORIENTED_EDGE('',*,*,#11477,.T.);
#12903 = ORIENTED_EDGE('',*,*,#4024,.T.);
#12904 = ORIENTED_EDGE('',*,*,#340,.F.);
#12905 = ORIENTED_EDGE('',*,*,#349,.F.);
#12906 = CYLINDRICAL_SURFACE('',#12907,1.375);
#12907 = AXIS2_PLACEMENT_3D('',#12908,#12909,#12910);
#12908 = CARTESIAN_POINT('',(35.56,12.7,5.1));
#12909 = DIRECTION('',(0.,0.,1.));
#12910 = DIRECTION('',(1.,0.,-0.));
#12911 = ADVANCED_FACE('',(#12912),#12920,.F.);
#12912 = FACE_BOUND('',#12913,.F.);
#12913 = EDGE_LOOP('',(#12914,#12915,#12916,#12917,#12918,#12919));
#12914 = ORIENTED_EDGE('',*,*,#8080,.F.);
#12915 = ORIENTED_EDGE('',*,*,#11870,.T.);
#12916 = ORIENTED_EDGE('',*,*,#11861,.T.);
#12917 = ORIENTED_EDGE('',*,*,#8056,.T.);
#12918 = ORIENTED_EDGE('',*,*,#2149,.F.);
#12919 = ORIENTED_EDGE('',*,*,#2158,.F.);
#12920 = CYLINDRICAL_SURFACE('',#12921,1.375);
#12921 = AXIS2_PLACEMENT_3D('',#12922,#12923,#12924);
#12922 = CARTESIAN_POINT('',(15.24,17.78,5.1));
#12923 = DIRECTION('',(0.,0.,1.));
#12924 = DIRECTION('',(1.,0.,-0.));
#12925 = ADVANCED_FACE('',(#12926),#12934,.F.);
#12926 = FACE_BOUND('',#12927,.F.);
#12927 = EDGE_LOOP('',(#12928,#12929,#12930,#12931,#12932,#12933));
#12928 = ORIENTED_EDGE('',*,*,#7724,.F.);
#12929 = ORIENTED_EDGE('',*,*,#11933,.T.);
#12930 = ORIENTED_EDGE('',*,*,#11924,.T.);
#12931 = ORIENTED_EDGE('',*,*,#7700,.T.);
#12932 = ORIENTED_EDGE('',*,*,#1987,.F.);
#12933 = ORIENTED_EDGE('',*,*,#1996,.F.);
#12934 = CYLINDRICAL_SURFACE('',#12935,1.375);
#12935 = AXIS2_PLACEMENT_3D('',#12936,#12937,#12938);
#12936 = CARTESIAN_POINT('',(5.08,27.94,5.1));
#12937 = DIRECTION('',(0.,0.,1.));
#12938 = DIRECTION('',(1.,0.,-0.));
#12939 = ADVANCED_FACE('',(#12940),#12948,.F.);
#12940 = FACE_BOUND('',#12941,.F.);
#12941 = EDGE_LOOP('',(#12942,#12943,#12944,#12945,#12946,#12947));
#12942 = ORIENTED_EDGE('',*,*,#4938,.F.);
#12943 = ORIENTED_EDGE('',*,*,#11552,.T.);
#12944 = ORIENTED_EDGE('',*,*,#11543,.T.);
#12945 = ORIENTED_EDGE('',*,*,#4914,.T.);
#12946 = ORIENTED_EDGE('',*,*,#745,.F.);
#12947 = ORIENTED_EDGE('',*,*,#754,.F.);
#12948 = CYLINDRICAL_SURFACE('',#12949,1.375);
#12949 = AXIS2_PLACEMENT_3D('',#12950,#12951,#12952);
#12950 = CARTESIAN_POINT('',(20.32,27.94,5.1));
#12951 = DIRECTION('',(0.,0.,1.));
#12952 = DIRECTION('',(1.,0.,-0.));
#12953 = ADVANCED_FACE('',(#12954),#12962,.F.);
#12954 = FACE_BOUND('',#12955,.F.);
#12955 = EDGE_LOOP('',(#12956,#12957,#12958,#12959,#12960,#12961));
#12956 = ORIENTED_EDGE('',*,*,#9290,.F.);
#12957 = ORIENTED_EDGE('',*,*,#12335,.T.);
#12958 = ORIENTED_EDGE('',*,*,#12326,.T.);
#12959 = ORIENTED_EDGE('',*,*,#9266,.T.);
#12960 = ORIENTED_EDGE('',*,*,#2734,.F.);
#12961 = ORIENTED_EDGE('',*,*,#2743,.F.);
#12962 = CYLINDRICAL_SURFACE('',#12963,1.375);
#12963 = AXIS2_PLACEMENT_3D('',#12964,#12965,#12966);
#12964 = CARTESIAN_POINT('',(30.48,17.78,5.1));
#12965 = DIRECTION('',(0.,0.,1.));
#12966 = DIRECTION('',(1.,0.,-0.));
#12967 = ADVANCED_FACE('',(#12968),#12976,.F.);
#12968 = FACE_BOUND('',#12969,.F.);
#12969 = EDGE_LOOP('',(#12970,#12971,#12972,#12973,#12974,#12975));
#12970 = ORIENTED_EDGE('',*,*,#4288,.F.);
#12971 = ORIENTED_EDGE('',*,*,#11444,.T.);
#12972 = ORIENTED_EDGE('',*,*,#11435,.T.);
#12973 = ORIENTED_EDGE('',*,*,#4264,.T.);
#12974 = ORIENTED_EDGE('',*,*,#475,.F.);
#12975 = ORIENTED_EDGE('',*,*,#484,.F.);
#12976 = CYLINDRICAL_SURFACE('',#12977,1.375);
#12977 = AXIS2_PLACEMENT_3D('',#12978,#12979,#12980);
#12978 = CARTESIAN_POINT('',(35.56,27.94,5.1));
#12979 = DIRECTION('',(0.,0.,1.));
#12980 = DIRECTION('',(1.,0.,-0.));
#12981 = ( GEOMETRIC_REPRESENTATION_CONTEXT(3) 
GLOBAL_UNCERTAINTY_ASSIGNED_CONTEXT((#12985)) 
GLOBAL_UNIT_ASSIGNED_CONTEXT((#12982,#12983,#12984)) 
REPRESENTATION_CONTEXT('Context #1',
  '3D Context with UNIT and UNCERTAINTY') );
#12982 = ( LENGTH_UNIT() NAMED_UNIT(*) SI_UNIT(.MILLI.,.METRE.) );
#12983 = ( NAMED_UNIT(*) PLANE_ANGLE_UNIT() SI_UNIT($,.RADIAN.) );
#12984 = ( NAMED_UNIT(*) SI_UNIT($,.STERADIAN.) SOLID_ANGLE_UNIT() );
#12985 = UNCERTAINTY_MEASURE_WITH_UNIT(LENGTH_MEASURE(1.E-07),#12982,
  'distance_accuracy_value','confusion accuracy');
#12986 = PRODUCT_RELATED_PRODUCT_CATEGORY('part',$,(#7));
ENDSEC;
END-ISO-10303-21;
