ISO-10303-21;
HEADER;
FILE_DESCRIPTION(('FreeCAD Model'),'2;1');
FILE_NAME('Open CASCADE Shape Model','2026-10-10T20:43:09',('FreeCAD'),(
    'FreeCAD'),'Open CASCADE STEP processor 7.8','FreeCAD','Unknown');
FILE_SCHEMA(('AUTOMOTIVE_DESIGN { 1 0 10303 214 1 1 1 1 }'));
ENDSEC;
DATA;
#1 = APPLICATION_PROTOCOL_DEFINITION('international standard',
  'automotive_design',2000,#2);
#2 = APPLICATION_CONTEXT(
  'core data for automotive mechanical design processes');
#3 = SHAPE_DEFINITION_REPRESENTATION(#4,#10);
#4 = PRODUCT_DEFINITION_SHAPE('','',#5);
#5 = PRODUCT_DEFINITION('design','',#6,#9);
#6 = PRODUCT_DEFINITION_FORMATION('','',#7);
#7 = PRODUCT('Open CASCADE STEP translator 7.8 18',
  'Open CASCADE STEP translator 7.8 18','',(#8));
#8 = PRODUCT_CONTEXT('',#2,'mechanical');
#9 = PRODUCT_DEFINITION_CONTEXT('part definition',#2,'design');
#10 = ADVANCED_BREP_SHAPE_REPRESENTATION('',(#11,#15),#5241);
#11 = AXIS2_PLACEMENT_3D('',#12,#13,#14);
#12 = CARTESIAN_POINT('',(0.,0.,0.));
#13 = DIRECTION('',(0.,0.,1.));
#14 = DIRECTION('',(1.,0.,-0.));
#15 = MANIFOLD_SOLID_BREP('',#16);
#16 = CLOSED_SHELL('',(#17,#458,#489,#520,#551,#575,#599,#630,#654,#678,
    #702,#726,#750,#774,#791,#822,#847,#871,#902,#926,#950,#1032,#1056,
    #1081,#1105,#1136,#1161,#1185,#1267,#1291,#1315,#1339,#1391,#1479,
    #1524,#1555,#1579,#1603,#1627,#1651,#1675,#1699,#1716,#1747,#2103,
    #2134,#2166,#2189,#2213,#2235,#2290,#2322,#2345,#2369,#2391,#2446,
    #2462,#2484,#2500,#2522,#2562,#2588,#2638,#2654,#2685,#2716,#2747,
    #2778,#2809,#2840,#2864,#2888,#2912,#2936,#2960,#2984,#3001,#3032,
    #3056,#3080,#3104,#3128,#3152,#3176,#3193,#3224,#3248,#3272,#3296,
    #3320,#3344,#3368,#3385,#3410,#3441,#3465,#3489,#3513,#3537,#3561,
    #3585,#3602,#3633,#3645,#3657,#3669,#3681,#3703,#3725,#3745,#3770,
    #3835,#3888,#3912,#3946,#3989,#4109,#4140,#4164,#4188,#4212,#4243,
    #4268,#4292,#4346,#4380,#4415,#4476,#4519,#4545,#4586,#4611,#4631,
    #4656,#4665,#4743,#4774,#4798,#4823,#4848,#4869,#4892,#4915,#4934,
    #4952,#4975,#4989,#5028,#5067,#5084,#5101,#5144,#5199,#5213,#5227));
#17 = ADVANCED_FACE('',(#18,#116,#182,#227,#387),#453,.T.);
#18 = FACE_BOUND('',#19,.T.);
#19 = EDGE_LOOP('',(#20,#30,#38,#46,#54,#62,#70,#78,#86,#94,#102,#110));
#20 = ORIENTED_EDGE('',*,*,#21,.F.);
#21 = EDGE_CURVE('',#22,#24,#26,.T.);
#22 = VERTEX_POINT('',#23);
#23 = CARTESIAN_POINT('',(64.1,54.358994578326,-22.3));
#24 = VERTEX_POINT('',#25);
#25 = CARTESIAN_POINT('',(64.1,54.358994578326,-7.));
#26 = LINE('',#27,#28);
#27 = CARTESIAN_POINT('',(64.1,54.358994578326,-22.3));
#28 = VECTOR('',#29,1.);
#29 = DIRECTION('',(0.,0.,1.));
#30 = ORIENTED_EDGE('',*,*,#31,.F.);
#31 = EDGE_CURVE('',#32,#22,#34,.T.);
#32 = VERTEX_POINT('',#33);
#33 = CARTESIAN_POINT('',(64.1,-54.35899457832,-22.3));
#34 = LINE('',#35,#36);
#35 = CARTESIAN_POINT('',(64.1,-54.35899457832,-22.3));
#36 = VECTOR('',#37,1.);
#37 = DIRECTION('',(0.,1.,0.));
#38 = ORIENTED_EDGE('',*,*,#39,.T.);
#39 = EDGE_CURVE('',#32,#40,#42,.T.);
#40 = VERTEX_POINT('',#41);
#41 = CARTESIAN_POINT('',(64.1,-54.35899457832,-7.));
#42 = LINE('',#43,#44);
#43 = CARTESIAN_POINT('',(64.1,-54.35899457832,-22.3));
#44 = VECTOR('',#45,1.);
#45 = DIRECTION('',(0.,0.,1.));
#46 = ORIENTED_EDGE('',*,*,#47,.T.);
#47 = EDGE_CURVE('',#40,#48,#50,.T.);
#48 = VERTEX_POINT('',#49);
#49 = CARTESIAN_POINT('',(64.1,-48.35899457832,-7.));
#50 = LINE('',#51,#52);
#51 = CARTESIAN_POINT('',(64.1,-54.35899457832,-7.));
#52 = VECTOR('',#53,1.);
#53 = DIRECTION('',(0.,1.,-0.));
#54 = ORIENTED_EDGE('',*,*,#55,.F.);
#55 = EDGE_CURVE('',#56,#48,#58,.T.);
#56 = VERTEX_POINT('',#57);
#57 = CARTESIAN_POINT('',(64.1,-48.35899457832,7.));
#58 = LINE('',#59,#60);
#59 = CARTESIAN_POINT('',(64.1,-48.35899457832,-14.65));
#60 = VECTOR('',#61,1.);
#61 = DIRECTION('',(0.,0.,-1.));
#62 = ORIENTED_EDGE('',*,*,#63,.F.);
#63 = EDGE_CURVE('',#64,#56,#66,.T.);
#64 = VERTEX_POINT('',#65);
#65 = CARTESIAN_POINT('',(64.1,-54.35899457832,7.));
#66 = LINE('',#67,#68);
#67 = CARTESIAN_POINT('',(64.1,-54.35899457832,7.));
#68 = VECTOR('',#69,1.);
#69 = DIRECTION('',(0.,1.,-0.));
#70 = ORIENTED_EDGE('',*,*,#71,.T.);
#71 = EDGE_CURVE('',#64,#72,#74,.T.);
#72 = VERTEX_POINT('',#73);
#73 = CARTESIAN_POINT('',(64.1,-54.35899457832,11.4));
#74 = LINE('',#75,#76);
#75 = CARTESIAN_POINT('',(64.1,-54.35899457832,-22.3));
#76 = VECTOR('',#77,1.);
#77 = DIRECTION('',(0.,0.,1.));
#78 = ORIENTED_EDGE('',*,*,#79,.T.);
#79 = EDGE_CURVE('',#72,#80,#82,.T.);
#80 = VERTEX_POINT('',#81);
#81 = CARTESIAN_POINT('',(64.1,54.358994578326,11.4));
#82 = LINE('',#83,#84);
#83 = CARTESIAN_POINT('',(64.1,-54.35899457832,11.4));
#84 = VECTOR('',#85,1.);
#85 = DIRECTION('',(0.,1.,0.));
#86 = ORIENTED_EDGE('',*,*,#87,.F.);
#87 = EDGE_CURVE('',#88,#80,#90,.T.);
#88 = VERTEX_POINT('',#89);
#89 = CARTESIAN_POINT('',(64.1,54.358994578326,7.));
#90 = LINE('',#91,#92);
#91 = CARTESIAN_POINT('',(64.1,54.358994578326,-22.3));
#92 = VECTOR('',#93,1.);
#93 = DIRECTION('',(0.,0.,1.));
#94 = ORIENTED_EDGE('',*,*,#95,.F.);
#95 = EDGE_CURVE('',#96,#88,#98,.T.);
#96 = VERTEX_POINT('',#97);
#97 = CARTESIAN_POINT('',(64.1,48.358994578326,7.));
#98 = LINE('',#99,#100);
#99 = CARTESIAN_POINT('',(64.1,-3.,7.));
#100 = VECTOR('',#101,1.);
#101 = DIRECTION('',(0.,1.,-0.));
#102 = ORIENTED_EDGE('',*,*,#103,.T.);
#103 = EDGE_CURVE('',#96,#104,#106,.T.);
#104 = VERTEX_POINT('',#105);
#105 = CARTESIAN_POINT('',(64.1,48.358994578326,-7.));
#106 = LINE('',#107,#108);
#107 = CARTESIAN_POINT('',(64.1,48.358994578326,-14.65));
#108 = VECTOR('',#109,1.);
#109 = DIRECTION('',(0.,0.,-1.));
#110 = ORIENTED_EDGE('',*,*,#111,.T.);
#111 = EDGE_CURVE('',#104,#24,#112,.T.);
#112 = LINE('',#113,#114);
#113 = CARTESIAN_POINT('',(64.1,-3.,-7.));
#114 = VECTOR('',#115,1.);
#115 = DIRECTION('',(0.,1.,-0.));
#116 = FACE_BOUND('',#117,.T.);
#117 = EDGE_LOOP('',(#118,#128,#136,#144,#152,#160,#168,#176));
#118 = ORIENTED_EDGE('',*,*,#119,.T.);
#119 = EDGE_CURVE('',#120,#122,#124,.T.);
#120 = VERTEX_POINT('',#121);
#121 = CARTESIAN_POINT('',(64.1,-44.35899457832,-6.120502710837));
#122 = VERTEX_POINT('',#123);
#123 = CARTESIAN_POINT('',(64.1,-32.17949728916,-18.3));
#124 = LINE('',#125,#126);
#125 = CARTESIAN_POINT('',(64.1,-42.81412025603,-7.665377033128));
#126 = VECTOR('',#127,1.);
#127 = DIRECTION('',(0.,0.707106781187,-0.707106781187));
#128 = ORIENTED_EDGE('',*,*,#129,.T.);
#129 = EDGE_CURVE('',#122,#130,#132,.T.);
#130 = VERTEX_POINT('',#131);
#131 = CARTESIAN_POINT('',(64.1,-24.17949728916,-18.3));
#132 = LINE('',#133,#134);
#133 = CARTESIAN_POINT('',(64.1,-43.26924593374,-18.3));
#134 = VECTOR('',#135,1.);
#135 = DIRECTION('',(0.,1.,-0.));
#136 = ORIENTED_EDGE('',*,*,#137,.T.);
#137 = EDGE_CURVE('',#130,#138,#140,.T.);
#138 = VERTEX_POINT('',#139);
#139 = CARTESIAN_POINT('',(64.1,-12.,-6.120502710837));
#140 = LINE('',#141,#142);
#141 = CARTESIAN_POINT('',(64.1,-32.72437161145,-26.84487432229));
#142 = VECTOR('',#143,1.);
#143 = DIRECTION('',(0.,0.707106781187,0.707106781187));
#144 = ORIENTED_EDGE('',*,*,#145,.T.);
#145 = EDGE_CURVE('',#138,#146,#148,.T.);
#146 = VERTEX_POINT('',#147);
#147 = CARTESIAN_POINT('',(64.1,-12.,-4.779497289163));
#148 = LINE('',#149,#150);
#149 = CARTESIAN_POINT('',(64.1,-12.,-14.21025135541));
#150 = VECTOR('',#151,1.);
#151 = DIRECTION('',(0.,0.,1.));
#152 = ORIENTED_EDGE('',*,*,#153,.T.);
#153 = EDGE_CURVE('',#146,#154,#156,.T.);
#154 = VERTEX_POINT('',#155);
#155 = CARTESIAN_POINT('',(64.1,-24.17949728916,7.4));
#156 = LINE('',#157,#158);
#157 = CARTESIAN_POINT('',(64.1,-18.20962296687,1.430125677709));
#158 = VECTOR('',#159,1.);
#159 = DIRECTION('',(0.,-0.707106781187,0.707106781187));
#160 = ORIENTED_EDGE('',*,*,#161,.T.);
#161 = EDGE_CURVE('',#154,#162,#164,.T.);
#162 = VERTEX_POINT('',#163);
#163 = CARTESIAN_POINT('',(64.1,-32.17949728916,7.4));
#164 = LINE('',#165,#166);
#165 = CARTESIAN_POINT('',(64.1,-39.26924593374,7.4));
#166 = VECTOR('',#167,1.);
#167 = DIRECTION('',(-0.,-1.,-0.));
#168 = ORIENTED_EDGE('',*,*,#169,.T.);
#169 = EDGE_CURVE('',#162,#170,#172,.T.);
#170 = VERTEX_POINT('',#171);
#171 = CARTESIAN_POINT('',(64.1,-44.35899457832,-4.779497289163));
#172 = LINE('',#173,#174);
#173 = CARTESIAN_POINT('',(64.1,-45.14937161145,-5.569874322291));
#174 = VECTOR('',#175,1.);
#175 = DIRECTION('',(-0.,-0.707106781187,-0.707106781187));
#176 = ORIENTED_EDGE('',*,*,#177,.T.);
#177 = EDGE_CURVE('',#170,#120,#178,.T.);
#178 = LINE('',#179,#180);
#179 = CARTESIAN_POINT('',(64.1,-44.35899457832,-13.53974864458));
#180 = VECTOR('',#181,1.);
#181 = DIRECTION('',(0.,0.,-1.));
#182 = FACE_BOUND('',#183,.T.);
#183 = EDGE_LOOP('',(#184,#195,#204,#212,#221));
#184 = ORIENTED_EDGE('',*,*,#185,.F.);
#185 = EDGE_CURVE('',#186,#188,#190,.T.);
#186 = VERTEX_POINT('',#187);
#187 = CARTESIAN_POINT('',(64.1,-2.081899558551E-16,-18.25));
#188 = VERTEX_POINT('',#189);
#189 = CARTESIAN_POINT('',(64.1,0.85,-19.1));
#190 = CIRCLE('',#191,0.85);
#191 = AXIS2_PLACEMENT_3D('',#192,#193,#194);
#192 = CARTESIAN_POINT('',(64.1,0.,-19.1));
#193 = DIRECTION('',(-1.,0.,0.));
#194 = DIRECTION('',(0.,0.,1.));
#195 = ORIENTED_EDGE('',*,*,#196,.F.);
#196 = EDGE_CURVE('',#197,#186,#199,.T.);
#197 = VERTEX_POINT('',#198);
#198 = CARTESIAN_POINT('',(64.1,-0.85,-19.1));
#199 = CIRCLE('',#200,0.85);
#200 = AXIS2_PLACEMENT_3D('',#201,#202,#203);
#201 = CARTESIAN_POINT('',(64.1,0.,-19.1));
#202 = DIRECTION('',(-1.,0.,0.));
#203 = DIRECTION('',(0.,0.,1.));
#204 = ORIENTED_EDGE('',*,*,#205,.T.);
#205 = EDGE_CURVE('',#197,#206,#208,.T.);
#206 = VERTEX_POINT('',#207);
#207 = CARTESIAN_POINT('',(64.1,-0.85,-19.3));
#208 = LINE('',#209,#210);
#209 = CARTESIAN_POINT('',(64.1,-0.85,-20.8));
#210 = VECTOR('',#211,1.);
#211 = DIRECTION('',(0.,0.,-1.));
#212 = ORIENTED_EDGE('',*,*,#213,.F.);
#213 = EDGE_CURVE('',#214,#206,#216,.T.);
#214 = VERTEX_POINT('',#215);
#215 = CARTESIAN_POINT('',(64.1,0.85,-19.3));
#216 = CIRCLE('',#217,0.85);
#217 = AXIS2_PLACEMENT_3D('',#218,#219,#220);
#218 = CARTESIAN_POINT('',(64.1,0.,-19.3));
#219 = DIRECTION('',(-1.,0.,0.));
#220 = DIRECTION('',(0.,0.,1.));
#221 = ORIENTED_EDGE('',*,*,#222,.F.);
#222 = EDGE_CURVE('',#188,#214,#223,.T.);
#223 = LINE('',#224,#225);
#224 = CARTESIAN_POINT('',(64.1,0.85,-20.8));
#225 = VECTOR('',#226,1.);
#226 = DIRECTION('',(0.,0.,-1.));
#227 = FACE_BOUND('',#228,.T.);
#228 = EDGE_LOOP('',(#229,#239,#248,#256,#265,#273,#281,#289,#297,#305,
    #314,#322,#331,#340,#348,#357,#365,#373,#381));
#229 = ORIENTED_EDGE('',*,*,#230,.F.);
#230 = EDGE_CURVE('',#231,#233,#235,.T.);
#231 = VERTEX_POINT('',#232);
#232 = CARTESIAN_POINT('',(64.1,-1.691153452529,-18.35));
#233 = VERTEX_POINT('',#234);
#234 = CARTESIAN_POINT('',(64.1,-7.55,-18.35));
#235 = LINE('',#236,#237);
#236 = CARTESIAN_POINT('',(64.1,7.55,-18.35));
#237 = VECTOR('',#238,1.);
#238 = DIRECTION('',(0.,-1.,0.));
#239 = ORIENTED_EDGE('',*,*,#240,.T.);
#240 = EDGE_CURVE('',#231,#241,#243,.T.);
#241 = VERTEX_POINT('',#242);
#242 = CARTESIAN_POINT('',(64.1,-0.6,-17.35));
#243 = CIRCLE('',#244,1.85);
#244 = AXIS2_PLACEMENT_3D('',#245,#246,#247);
#245 = CARTESIAN_POINT('',(64.1,0.,-19.1));
#246 = DIRECTION('',(-1.,0.,0.));
#247 = DIRECTION('',(0.,0.,1.));
#248 = ORIENTED_EDGE('',*,*,#249,.T.);
#249 = EDGE_CURVE('',#241,#250,#252,.T.);
#250 = VERTEX_POINT('',#251);
#251 = CARTESIAN_POINT('',(64.1,0.6,-17.35));
#252 = LINE('',#253,#254);
#253 = CARTESIAN_POINT('',(64.1,-30.45449728916,-17.35));
#254 = VECTOR('',#255,1.);
#255 = DIRECTION('',(0.,1.,-0.));
#256 = ORIENTED_EDGE('',*,*,#257,.T.);
#257 = EDGE_CURVE('',#250,#258,#260,.T.);
#258 = VERTEX_POINT('',#259);
#259 = CARTESIAN_POINT('',(64.1,1.691153452529,-18.35));
#260 = CIRCLE('',#261,1.85);
#261 = AXIS2_PLACEMENT_3D('',#262,#263,#264);
#262 = CARTESIAN_POINT('',(64.1,0.,-19.1));
#263 = DIRECTION('',(-1.,0.,0.));
#264 = DIRECTION('',(0.,0.,1.));
#265 = ORIENTED_EDGE('',*,*,#266,.F.);
#266 = EDGE_CURVE('',#267,#258,#269,.T.);
#267 = VERTEX_POINT('',#268);
#268 = CARTESIAN_POINT('',(64.1,7.55,-18.35));
#269 = LINE('',#270,#271);
#270 = CARTESIAN_POINT('',(64.1,7.55,-18.35));
#271 = VECTOR('',#272,1.);
#272 = DIRECTION('',(0.,-1.,0.));
#273 = ORIENTED_EDGE('',*,*,#274,.F.);
#274 = EDGE_CURVE('',#275,#267,#277,.T.);
#275 = VERTEX_POINT('',#276);
#276 = CARTESIAN_POINT('',(64.1,7.55,7.45));
#277 = LINE('',#278,#279);
#278 = CARTESIAN_POINT('',(64.1,7.55,7.45));
#279 = VECTOR('',#280,1.);
#280 = DIRECTION('',(0.,0.,-1.));
#281 = ORIENTED_EDGE('',*,*,#282,.F.);
#282 = EDGE_CURVE('',#283,#275,#285,.T.);
#283 = VERTEX_POINT('',#284);
#284 = CARTESIAN_POINT('',(64.1,3.,7.45));
#285 = LINE('',#286,#287);
#286 = CARTESIAN_POINT('',(64.1,-7.55,7.45));
#287 = VECTOR('',#288,1.);
#288 = DIRECTION('',(0.,1.,0.));
#289 = ORIENTED_EDGE('',*,*,#290,.F.);
#290 = EDGE_CURVE('',#291,#283,#293,.T.);
#291 = VERTEX_POINT('',#292);
#292 = CARTESIAN_POINT('',(64.1,3.,7.525));
#293 = LINE('',#294,#295);
#294 = CARTESIAN_POINT('',(64.1,3.,-7.93));
#295 = VECTOR('',#296,1.);
#296 = DIRECTION('',(0.,0.,-1.));
#297 = ORIENTED_EDGE('',*,*,#298,.F.);
#298 = EDGE_CURVE('',#299,#291,#301,.T.);
#299 = VERTEX_POINT('',#300);
#300 = CARTESIAN_POINT('',(64.1,0.516599457994,7.525));
#301 = LINE('',#302,#303);
#302 = CARTESIAN_POINT('',(64.1,-28.67949728916,7.525));
#303 = VECTOR('',#304,1.);
#304 = DIRECTION('',(0.,1.,-0.));
#305 = ORIENTED_EDGE('',*,*,#306,.F.);
#306 = EDGE_CURVE('',#307,#299,#309,.T.);
#307 = VERTEX_POINT('',#308);
#308 = CARTESIAN_POINT('',(64.1,0.85,8.2));
#309 = CIRCLE('',#310,0.85);
#310 = AXIS2_PLACEMENT_3D('',#311,#312,#313);
#311 = CARTESIAN_POINT('',(64.1,0.,8.2));
#312 = DIRECTION('',(-1.,0.,0.));
#313 = DIRECTION('',(0.,0.,1.));
#314 = ORIENTED_EDGE('',*,*,#315,.F.);
#315 = EDGE_CURVE('',#316,#307,#318,.T.);
#316 = VERTEX_POINT('',#317);
#317 = CARTESIAN_POINT('',(64.1,0.85,8.4));
#318 = LINE('',#319,#320);
#319 = CARTESIAN_POINT('',(64.1,0.85,-7.05));
#320 = VECTOR('',#321,1.);
#321 = DIRECTION('',(0.,0.,-1.));
#322 = ORIENTED_EDGE('',*,*,#323,.F.);
#323 = EDGE_CURVE('',#324,#316,#326,.T.);
#324 = VERTEX_POINT('',#325);
#325 = CARTESIAN_POINT('',(64.1,-2.08189955855E-16,9.25));
#326 = CIRCLE('',#327,0.85);
#327 = AXIS2_PLACEMENT_3D('',#328,#329,#330);
#328 = CARTESIAN_POINT('',(64.1,0.,8.4));
#329 = DIRECTION('',(-1.,0.,0.));
#330 = DIRECTION('',(0.,0.,1.));
#331 = ORIENTED_EDGE('',*,*,#332,.F.);
#332 = EDGE_CURVE('',#333,#324,#335,.T.);
#333 = VERTEX_POINT('',#334);
#334 = CARTESIAN_POINT('',(64.1,-0.85,8.4));
#335 = CIRCLE('',#336,0.85);
#336 = AXIS2_PLACEMENT_3D('',#337,#338,#339);
#337 = CARTESIAN_POINT('',(64.1,0.,8.4));
#338 = DIRECTION('',(-1.,0.,0.));
#339 = DIRECTION('',(0.,0.,1.));
#340 = ORIENTED_EDGE('',*,*,#341,.T.);
#341 = EDGE_CURVE('',#333,#342,#344,.T.);
#342 = VERTEX_POINT('',#343);
#343 = CARTESIAN_POINT('',(64.1,-0.85,8.2));
#344 = LINE('',#345,#346);
#345 = CARTESIAN_POINT('',(64.1,-0.85,-7.05));
#346 = VECTOR('',#347,1.);
#347 = DIRECTION('',(0.,0.,-1.));
#348 = ORIENTED_EDGE('',*,*,#349,.F.);
#349 = EDGE_CURVE('',#350,#342,#352,.T.);
#350 = VERTEX_POINT('',#351);
#351 = CARTESIAN_POINT('',(64.1,-0.516599457994,7.525));
#352 = CIRCLE('',#353,0.85);
#353 = AXIS2_PLACEMENT_3D('',#354,#355,#356);
#354 = CARTESIAN_POINT('',(64.1,0.,8.2));
#355 = DIRECTION('',(-1.,0.,0.));
#356 = DIRECTION('',(0.,0.,1.));
#357 = ORIENTED_EDGE('',*,*,#358,.F.);
#358 = EDGE_CURVE('',#359,#350,#361,.T.);
#359 = VERTEX_POINT('',#360);
#360 = CARTESIAN_POINT('',(64.1,-3.,7.525));
#361 = LINE('',#362,#363);
#362 = CARTESIAN_POINT('',(64.1,-28.67949728916,7.525));
#363 = VECTOR('',#364,1.);
#364 = DIRECTION('',(0.,1.,-0.));
#365 = ORIENTED_EDGE('',*,*,#366,.T.);
#366 = EDGE_CURVE('',#359,#367,#369,.T.);
#367 = VERTEX_POINT('',#368);
#368 = CARTESIAN_POINT('',(64.1,-3.,7.45));
#369 = LINE('',#370,#371);
#370 = CARTESIAN_POINT('',(64.1,-3.,-7.93));
#371 = VECTOR('',#372,1.);
#372 = DIRECTION('',(0.,0.,-1.));
#373 = ORIENTED_EDGE('',*,*,#374,.F.);
#374 = EDGE_CURVE('',#375,#367,#377,.T.);
#375 = VERTEX_POINT('',#376);
#376 = CARTESIAN_POINT('',(64.1,-7.55,7.45));
#377 = LINE('',#378,#379);
#378 = CARTESIAN_POINT('',(64.1,-7.55,7.45));
#379 = VECTOR('',#380,1.);
#380 = DIRECTION('',(0.,1.,0.));
#381 = ORIENTED_EDGE('',*,*,#382,.F.);
#382 = EDGE_CURVE('',#233,#375,#383,.T.);
#383 = LINE('',#384,#385);
#384 = CARTESIAN_POINT('',(64.1,-7.55,-18.35));
#385 = VECTOR('',#386,1.);
#386 = DIRECTION('',(0.,0.,1.));
#387 = FACE_BOUND('',#388,.T.);
#388 = EDGE_LOOP('',(#389,#399,#407,#415,#423,#431,#439,#447));
#389 = ORIENTED_EDGE('',*,*,#390,.T.);
#390 = EDGE_CURVE('',#391,#393,#395,.T.);
#391 = VERTEX_POINT('',#392);
#392 = CARTESIAN_POINT('',(64.1,12.,-6.120502710837));
#393 = VERTEX_POINT('',#394);
#394 = CARTESIAN_POINT('',(64.1,24.179497289163,-18.3));
#395 = LINE('',#396,#397);
#396 = CARTESIAN_POINT('',(64.1,-0.544874322291,6.424371611454));
#397 = VECTOR('',#398,1.);
#398 = DIRECTION('',(0.,0.707106781187,-0.707106781187));
#399 = ORIENTED_EDGE('',*,*,#400,.T.);
#400 = EDGE_CURVE('',#393,#401,#403,.T.);
#401 = VERTEX_POINT('',#402);
#402 = CARTESIAN_POINT('',(64.1,32.179497289163,-18.3));
#403 = LINE('',#404,#405);
#404 = CARTESIAN_POINT('',(64.1,-15.08974864458,-18.3));
#405 = VECTOR('',#406,1.);
#406 = DIRECTION('',(0.,1.,-0.));
#407 = ORIENTED_EDGE('',*,*,#408,.T.);
#408 = EDGE_CURVE('',#401,#409,#411,.T.);
#409 = VERTEX_POINT('',#410);
#410 = CARTESIAN_POINT('',(64.1,44.358994578326,-6.120502710837));
#411 = LINE('',#412,#413);
#412 = CARTESIAN_POINT('',(64.1,9.544874322291,-40.93462296687));
#413 = VECTOR('',#414,1.);
#414 = DIRECTION('',(0.,0.707106781187,0.707106781187));
#415 = ORIENTED_EDGE('',*,*,#416,.T.);
#416 = EDGE_CURVE('',#409,#417,#419,.T.);
#417 = VERTEX_POINT('',#418);
#418 = CARTESIAN_POINT('',(64.1,44.358994578326,-4.779497289163));
#419 = LINE('',#420,#421);
#420 = CARTESIAN_POINT('',(64.1,44.358994578326,-14.21025135541));
#421 = VECTOR('',#422,1.);
#422 = DIRECTION('',(0.,0.,1.));
#423 = ORIENTED_EDGE('',*,*,#424,.T.);
#424 = EDGE_CURVE('',#417,#425,#427,.T.);
#425 = VERTEX_POINT('',#426);
#426 = CARTESIAN_POINT('',(64.1,32.179497289163,7.4));
#427 = LINE('',#428,#429);
#428 = CARTESIAN_POINT('',(64.1,24.059622966872,15.519874322291));
#429 = VECTOR('',#430,1.);
#430 = DIRECTION('',(0.,-0.707106781187,0.707106781187));
#431 = ORIENTED_EDGE('',*,*,#432,.T.);
#432 = EDGE_CURVE('',#425,#433,#435,.T.);
#433 = VERTEX_POINT('',#434);
#434 = CARTESIAN_POINT('',(64.1,24.179497289163,7.4));
#435 = LINE('',#436,#437);
#436 = CARTESIAN_POINT('',(64.1,-11.08974864458,7.4));
#437 = VECTOR('',#438,1.);
#438 = DIRECTION('',(-0.,-1.,-0.));
#439 = ORIENTED_EDGE('',*,*,#440,.T.);
#440 = EDGE_CURVE('',#433,#441,#443,.T.);
#441 = VERTEX_POINT('',#442);
#442 = CARTESIAN_POINT('',(64.1,12.,-4.779497289163));
#443 = LINE('',#444,#445);
#444 = CARTESIAN_POINT('',(64.1,-2.880125677709,-19.65962296687));
#445 = VECTOR('',#446,1.);
#446 = DIRECTION('',(-0.,-0.707106781187,-0.707106781187));
#447 = ORIENTED_EDGE('',*,*,#448,.T.);
#448 = EDGE_CURVE('',#441,#391,#449,.T.);
#449 = LINE('',#450,#451);
#450 = CARTESIAN_POINT('',(64.1,12.,-13.53974864458));
#451 = VECTOR('',#452,1.);
#452 = DIRECTION('',(0.,0.,-1.));
#453 = PLANE('',#454);
#454 = AXIS2_PLACEMENT_3D('',#455,#456,#457);
#455 = CARTESIAN_POINT('',(64.1,-54.35899457832,-22.3));
#456 = DIRECTION('',(-1.,0.,0.));
#457 = DIRECTION('',(0.,0.,1.));
#458 = ADVANCED_FACE('',(#459),#484,.F.);
#459 = FACE_BOUND('',#460,.F.);
#460 = EDGE_LOOP('',(#461,#471,#477,#478));
#461 = ORIENTED_EDGE('',*,*,#462,.F.);
#462 = EDGE_CURVE('',#463,#465,#467,.T.);
#463 = VERTEX_POINT('',#464);
#464 = CARTESIAN_POINT('',(29.5,48.358994578326,-7.));
#465 = VERTEX_POINT('',#466);
#466 = CARTESIAN_POINT('',(29.5,54.358994578326,-7.));
#467 = LINE('',#468,#469);
#468 = CARTESIAN_POINT('',(29.5,48.358994578326,-7.));
#469 = VECTOR('',#470,1.);
#470 = DIRECTION('',(0.,1.,0.));
#471 = ORIENTED_EDGE('',*,*,#472,.T.);
#472 = EDGE_CURVE('',#463,#104,#473,.T.);
#473 = LINE('',#474,#475);
#474 = CARTESIAN_POINT('',(-55.,48.358994578326,-7.));
#475 = VECTOR('',#476,1.);
#476 = DIRECTION('',(1.,0.,-0.));
#477 = ORIENTED_EDGE('',*,*,#111,.T.);
#478 = ORIENTED_EDGE('',*,*,#479,.F.);
#479 = EDGE_CURVE('',#465,#24,#480,.T.);
#480 = LINE('',#481,#482);
#481 = CARTESIAN_POINT('',(-55.,54.358994578326,-7.));
#482 = VECTOR('',#483,1.);
#483 = DIRECTION('',(1.,0.,-0.));
#484 = PLANE('',#485);
#485 = AXIS2_PLACEMENT_3D('',#486,#487,#488);
#486 = CARTESIAN_POINT('',(-55.,48.358994578326,-7.));
#487 = DIRECTION('',(0.,0.,1.));
#488 = DIRECTION('',(1.,0.,-0.));
#489 = ADVANCED_FACE('',(#490),#515,.F.);
#490 = FACE_BOUND('',#491,.F.);
#491 = EDGE_LOOP('',(#492,#502,#508,#509));
#492 = ORIENTED_EDGE('',*,*,#493,.T.);
#493 = EDGE_CURVE('',#494,#496,#498,.T.);
#494 = VERTEX_POINT('',#495);
#495 = CARTESIAN_POINT('',(-48.6,-48.35899457832,-7.));
#496 = VERTEX_POINT('',#497);
#497 = CARTESIAN_POINT('',(-48.6,-54.35899457832,-7.));
#498 = LINE('',#499,#500);
#499 = CARTESIAN_POINT('',(-48.6,-54.35899457832,-7.));
#500 = VECTOR('',#501,1.);
#501 = DIRECTION('',(0.,-1.,0.));
#502 = ORIENTED_EDGE('',*,*,#503,.T.);
#503 = EDGE_CURVE('',#496,#40,#504,.T.);
#504 = LINE('',#505,#506);
#505 = CARTESIAN_POINT('',(-55.,-54.35899457832,-7.));
#506 = VECTOR('',#507,1.);
#507 = DIRECTION('',(1.,0.,-0.));
#508 = ORIENTED_EDGE('',*,*,#47,.T.);
#509 = ORIENTED_EDGE('',*,*,#510,.F.);
#510 = EDGE_CURVE('',#494,#48,#511,.T.);
#511 = LINE('',#512,#513);
#512 = CARTESIAN_POINT('',(-55.,-48.35899457832,-7.));
#513 = VECTOR('',#514,1.);
#514 = DIRECTION('',(1.,0.,-0.));
#515 = PLANE('',#516);
#516 = AXIS2_PLACEMENT_3D('',#517,#518,#519);
#517 = CARTESIAN_POINT('',(-55.,-54.35899457832,-7.));
#518 = DIRECTION('',(0.,0.,1.));
#519 = DIRECTION('',(1.,0.,-0.));
#520 = ADVANCED_FACE('',(#521),#546,.T.);
#521 = FACE_BOUND('',#522,.T.);
#522 = EDGE_LOOP('',(#523,#533,#539,#540));
#523 = ORIENTED_EDGE('',*,*,#524,.F.);
#524 = EDGE_CURVE('',#525,#527,#529,.T.);
#525 = VERTEX_POINT('',#526);
#526 = CARTESIAN_POINT('',(29.5,48.358994578326,7.));
#527 = VERTEX_POINT('',#528);
#528 = CARTESIAN_POINT('',(29.5,54.358994578326,7.));
#529 = LINE('',#530,#531);
#530 = CARTESIAN_POINT('',(29.5,48.358994578326,7.));
#531 = VECTOR('',#532,1.);
#532 = DIRECTION('',(0.,1.,0.));
#533 = ORIENTED_EDGE('',*,*,#534,.T.);
#534 = EDGE_CURVE('',#525,#96,#535,.T.);
#535 = LINE('',#536,#537);
#536 = CARTESIAN_POINT('',(-55.,48.358994578326,7.));
#537 = VECTOR('',#538,1.);
#538 = DIRECTION('',(1.,0.,-0.));
#539 = ORIENTED_EDGE('',*,*,#95,.T.);
#540 = ORIENTED_EDGE('',*,*,#541,.F.);
#541 = EDGE_CURVE('',#527,#88,#542,.T.);
#542 = LINE('',#543,#544);
#543 = CARTESIAN_POINT('',(-55.,54.358994578326,7.));
#544 = VECTOR('',#545,1.);
#545 = DIRECTION('',(1.,0.,-0.));
#546 = PLANE('',#547);
#547 = AXIS2_PLACEMENT_3D('',#548,#549,#550);
#548 = CARTESIAN_POINT('',(-55.,48.358994578326,7.));
#549 = DIRECTION('',(0.,0.,1.));
#550 = DIRECTION('',(1.,0.,-0.));
#551 = ADVANCED_FACE('',(#552),#570,.T.);
#552 = FACE_BOUND('',#553,.T.);
#553 = EDGE_LOOP('',(#554,#555,#563,#569));
#554 = ORIENTED_EDGE('',*,*,#510,.F.);
#555 = ORIENTED_EDGE('',*,*,#556,.T.);
#556 = EDGE_CURVE('',#494,#557,#559,.T.);
#557 = VERTEX_POINT('',#558);
#558 = CARTESIAN_POINT('',(-48.6,-48.35899457832,7.));
#559 = LINE('',#560,#561);
#560 = CARTESIAN_POINT('',(-48.6,-48.35899457832,-9.5));
#561 = VECTOR('',#562,1.);
#562 = DIRECTION('',(0.,0.,1.));
#563 = ORIENTED_EDGE('',*,*,#564,.T.);
#564 = EDGE_CURVE('',#557,#56,#565,.T.);
#565 = LINE('',#566,#567);
#566 = CARTESIAN_POINT('',(-55.,-48.35899457832,7.));
#567 = VECTOR('',#568,1.);
#568 = DIRECTION('',(1.,0.,-0.));
#569 = ORIENTED_EDGE('',*,*,#55,.T.);
#570 = PLANE('',#571);
#571 = AXIS2_PLACEMENT_3D('',#572,#573,#574);
#572 = CARTESIAN_POINT('',(-55.,-48.35899457832,-7.));
#573 = DIRECTION('',(-0.,1.,0.));
#574 = DIRECTION('',(0.,0.,1.));
#575 = ADVANCED_FACE('',(#576),#594,.T.);
#576 = FACE_BOUND('',#577,.T.);
#577 = EDGE_LOOP('',(#578,#586,#592,#593));
#578 = ORIENTED_EDGE('',*,*,#579,.T.);
#579 = EDGE_CURVE('',#557,#580,#582,.T.);
#580 = VERTEX_POINT('',#581);
#581 = CARTESIAN_POINT('',(-48.6,-54.35899457832,7.));
#582 = LINE('',#583,#584);
#583 = CARTESIAN_POINT('',(-48.6,-54.35899457832,7.));
#584 = VECTOR('',#585,1.);
#585 = DIRECTION('',(0.,-1.,0.));
#586 = ORIENTED_EDGE('',*,*,#587,.T.);
#587 = EDGE_CURVE('',#580,#64,#588,.T.);
#588 = LINE('',#589,#590);
#589 = CARTESIAN_POINT('',(-55.,-54.35899457832,7.));
#590 = VECTOR('',#591,1.);
#591 = DIRECTION('',(1.,0.,-0.));
#592 = ORIENTED_EDGE('',*,*,#63,.T.);
#593 = ORIENTED_EDGE('',*,*,#564,.F.);
#594 = PLANE('',#595);
#595 = AXIS2_PLACEMENT_3D('',#596,#597,#598);
#596 = CARTESIAN_POINT('',(-55.,-54.35899457832,7.));
#597 = DIRECTION('',(0.,0.,1.));
#598 = DIRECTION('',(1.,0.,-0.));
#599 = ADVANCED_FACE('',(#600),#625,.T.);
#600 = FACE_BOUND('',#601,.T.);
#601 = EDGE_LOOP('',(#602,#603,#611,#619));
#602 = ORIENTED_EDGE('',*,*,#119,.F.);
#603 = ORIENTED_EDGE('',*,*,#604,.T.);
#604 = EDGE_CURVE('',#120,#605,#607,.T.);
#605 = VERTEX_POINT('',#606);
#606 = CARTESIAN_POINT('',(69.1,-44.35899457832,-6.120502710837));
#607 = LINE('',#608,#609);
#608 = CARTESIAN_POINT('',(63.1,-44.35899457832,-6.120502710837));
#609 = VECTOR('',#610,1.);
#610 = DIRECTION('',(1.,0.,0.));
#611 = ORIENTED_EDGE('',*,*,#612,.T.);
#612 = EDGE_CURVE('',#605,#613,#615,.T.);
#613 = VERTEX_POINT('',#614);
#614 = CARTESIAN_POINT('',(69.1,-32.17949728916,-18.3));
#615 = LINE('',#616,#617);
#616 = CARTESIAN_POINT('',(69.1,-42.81412025603,-7.665377033128));
#617 = VECTOR('',#618,1.);
#618 = DIRECTION('',(0.,0.707106781187,-0.707106781187));
#619 = ORIENTED_EDGE('',*,*,#620,.F.);
#620 = EDGE_CURVE('',#122,#613,#621,.T.);
#621 = LINE('',#622,#623);
#622 = CARTESIAN_POINT('',(63.1,-32.17949728916,-18.3));
#623 = VECTOR('',#624,1.);
#624 = DIRECTION('',(1.,0.,0.));
#625 = PLANE('',#626);
#626 = AXIS2_PLACEMENT_3D('',#627,#628,#629);
#627 = CARTESIAN_POINT('',(63.1,-44.35899457832,-6.120502710837));
#628 = DIRECTION('',(-0.,0.707106781187,0.707106781187));
#629 = DIRECTION('',(0.,0.707106781187,-0.707106781187));
#630 = ADVANCED_FACE('',(#631),#649,.T.);
#631 = FACE_BOUND('',#632,.T.);
#632 = EDGE_LOOP('',(#633,#634,#642,#648));
#633 = ORIENTED_EDGE('',*,*,#177,.F.);
#634 = ORIENTED_EDGE('',*,*,#635,.T.);
#635 = EDGE_CURVE('',#170,#636,#638,.T.);
#636 = VERTEX_POINT('',#637);
#637 = CARTESIAN_POINT('',(69.1,-44.35899457832,-4.779497289163));
#638 = LINE('',#639,#640);
#639 = CARTESIAN_POINT('',(63.1,-44.35899457832,-4.779497289163));
#640 = VECTOR('',#641,1.);
#641 = DIRECTION('',(1.,0.,0.));
#642 = ORIENTED_EDGE('',*,*,#643,.T.);
#643 = EDGE_CURVE('',#636,#605,#644,.T.);
#644 = LINE('',#645,#646);
#645 = CARTESIAN_POINT('',(69.1,-44.35899457832,-13.53974864458));
#646 = VECTOR('',#647,1.);
#647 = DIRECTION('',(0.,0.,-1.));
#648 = ORIENTED_EDGE('',*,*,#604,.F.);
#649 = PLANE('',#650);
#650 = AXIS2_PLACEMENT_3D('',#651,#652,#653);
#651 = CARTESIAN_POINT('',(63.1,-44.35899457832,-4.779497289163));
#652 = DIRECTION('',(-0.,1.,0.));
#653 = DIRECTION('',(0.,0.,-1.));
#654 = ADVANCED_FACE('',(#655),#673,.T.);
#655 = FACE_BOUND('',#656,.T.);
#656 = EDGE_LOOP('',(#657,#658,#666,#672));
#657 = ORIENTED_EDGE('',*,*,#169,.F.);
#658 = ORIENTED_EDGE('',*,*,#659,.T.);
#659 = EDGE_CURVE('',#162,#660,#662,.T.);
#660 = VERTEX_POINT('',#661);
#661 = CARTESIAN_POINT('',(69.1,-32.17949728916,7.4));
#662 = LINE('',#663,#664);
#663 = CARTESIAN_POINT('',(63.1,-32.17949728916,7.4));
#664 = VECTOR('',#665,1.);
#665 = DIRECTION('',(1.,0.,0.));
#666 = ORIENTED_EDGE('',*,*,#667,.T.);
#667 = EDGE_CURVE('',#660,#636,#668,.T.);
#668 = LINE('',#669,#670);
#669 = CARTESIAN_POINT('',(69.1,-45.14937161145,-5.569874322291));
#670 = VECTOR('',#671,1.);
#671 = DIRECTION('',(-0.,-0.707106781187,-0.707106781187));
#672 = ORIENTED_EDGE('',*,*,#635,.F.);
#673 = PLANE('',#674);
#674 = AXIS2_PLACEMENT_3D('',#675,#676,#677);
#675 = CARTESIAN_POINT('',(63.1,-32.17949728916,7.4));
#676 = DIRECTION('',(0.,0.707106781187,-0.707106781187));
#677 = DIRECTION('',(0.,-0.707106781187,-0.707106781187));
#678 = ADVANCED_FACE('',(#679),#697,.T.);
#679 = FACE_BOUND('',#680,.T.);
#680 = EDGE_LOOP('',(#681,#682,#690,#696));
#681 = ORIENTED_EDGE('',*,*,#161,.F.);
#682 = ORIENTED_EDGE('',*,*,#683,.T.);
#683 = EDGE_CURVE('',#154,#684,#686,.T.);
#684 = VERTEX_POINT('',#685);
#685 = CARTESIAN_POINT('',(69.1,-24.17949728916,7.4));
#686 = LINE('',#687,#688);
#687 = CARTESIAN_POINT('',(63.1,-24.17949728916,7.4));
#688 = VECTOR('',#689,1.);
#689 = DIRECTION('',(1.,0.,0.));
#690 = ORIENTED_EDGE('',*,*,#691,.T.);
#691 = EDGE_CURVE('',#684,#660,#692,.T.);
#692 = LINE('',#693,#694);
#693 = CARTESIAN_POINT('',(69.1,-39.26924593374,7.4));
#694 = VECTOR('',#695,1.);
#695 = DIRECTION('',(-0.,-1.,-0.));
#696 = ORIENTED_EDGE('',*,*,#659,.F.);
#697 = PLANE('',#698);
#698 = AXIS2_PLACEMENT_3D('',#699,#700,#701);
#699 = CARTESIAN_POINT('',(63.1,-24.17949728916,7.4));
#700 = DIRECTION('',(0.,0.,-1.));
#701 = DIRECTION('',(0.,-1.,0.));
#702 = ADVANCED_FACE('',(#703),#721,.T.);
#703 = FACE_BOUND('',#704,.T.);
#704 = EDGE_LOOP('',(#705,#706,#714,#720));
#705 = ORIENTED_EDGE('',*,*,#153,.F.);
#706 = ORIENTED_EDGE('',*,*,#707,.T.);
#707 = EDGE_CURVE('',#146,#708,#710,.T.);
#708 = VERTEX_POINT('',#709);
#709 = CARTESIAN_POINT('',(69.1,-12.,-4.779497289163));
#710 = LINE('',#711,#712);
#711 = CARTESIAN_POINT('',(63.1,-12.,-4.779497289163));
#712 = VECTOR('',#713,1.);
#713 = DIRECTION('',(1.,0.,0.));
#714 = ORIENTED_EDGE('',*,*,#715,.T.);
#715 = EDGE_CURVE('',#708,#684,#716,.T.);
#716 = LINE('',#717,#718);
#717 = CARTESIAN_POINT('',(69.1,-18.20962296687,1.430125677709));
#718 = VECTOR('',#719,1.);
#719 = DIRECTION('',(0.,-0.707106781187,0.707106781187));
#720 = ORIENTED_EDGE('',*,*,#683,.F.);
#721 = PLANE('',#722);
#722 = AXIS2_PLACEMENT_3D('',#723,#724,#725);
#723 = CARTESIAN_POINT('',(63.1,-12.,-4.779497289163));
#724 = DIRECTION('',(0.,-0.707106781187,-0.707106781187));
#725 = DIRECTION('',(0.,-0.707106781187,0.707106781187));
#726 = ADVANCED_FACE('',(#727),#745,.T.);
#727 = FACE_BOUND('',#728,.T.);
#728 = EDGE_LOOP('',(#729,#730,#738,#744));
#729 = ORIENTED_EDGE('',*,*,#145,.F.);
#730 = ORIENTED_EDGE('',*,*,#731,.T.);
#731 = EDGE_CURVE('',#138,#732,#734,.T.);
#732 = VERTEX_POINT('',#733);
#733 = CARTESIAN_POINT('',(69.1,-12.,-6.120502710837));
#734 = LINE('',#735,#736);
#735 = CARTESIAN_POINT('',(63.1,-12.,-6.120502710837));
#736 = VECTOR('',#737,1.);
#737 = DIRECTION('',(1.,0.,0.));
#738 = ORIENTED_EDGE('',*,*,#739,.T.);
#739 = EDGE_CURVE('',#732,#708,#740,.T.);
#740 = LINE('',#741,#742);
#741 = CARTESIAN_POINT('',(69.1,-12.,-14.21025135541));
#742 = VECTOR('',#743,1.);
#743 = DIRECTION('',(0.,0.,1.));
#744 = ORIENTED_EDGE('',*,*,#707,.F.);
#745 = PLANE('',#746);
#746 = AXIS2_PLACEMENT_3D('',#747,#748,#749);
#747 = CARTESIAN_POINT('',(63.1,-12.,-6.120502710837));
#748 = DIRECTION('',(0.,-1.,0.));
#749 = DIRECTION('',(0.,0.,1.));
#750 = ADVANCED_FACE('',(#751),#769,.T.);
#751 = FACE_BOUND('',#752,.T.);
#752 = EDGE_LOOP('',(#753,#754,#762,#768));
#753 = ORIENTED_EDGE('',*,*,#137,.F.);
#754 = ORIENTED_EDGE('',*,*,#755,.T.);
#755 = EDGE_CURVE('',#130,#756,#758,.T.);
#756 = VERTEX_POINT('',#757);
#757 = CARTESIAN_POINT('',(69.1,-24.17949728916,-18.3));
#758 = LINE('',#759,#760);
#759 = CARTESIAN_POINT('',(63.1,-24.17949728916,-18.3));
#760 = VECTOR('',#761,1.);
#761 = DIRECTION('',(1.,0.,0.));
#762 = ORIENTED_EDGE('',*,*,#763,.T.);
#763 = EDGE_CURVE('',#756,#732,#764,.T.);
#764 = LINE('',#765,#766);
#765 = CARTESIAN_POINT('',(69.1,-32.72437161145,-26.84487432229));
#766 = VECTOR('',#767,1.);
#767 = DIRECTION('',(0.,0.707106781187,0.707106781187));
#768 = ORIENTED_EDGE('',*,*,#731,.F.);
#769 = PLANE('',#770);
#770 = AXIS2_PLACEMENT_3D('',#771,#772,#773);
#771 = CARTESIAN_POINT('',(63.1,-24.17949728916,-18.3));
#772 = DIRECTION('',(0.,-0.707106781187,0.707106781187));
#773 = DIRECTION('',(0.,0.707106781187,0.707106781187));
#774 = ADVANCED_FACE('',(#775),#786,.T.);
#775 = FACE_BOUND('',#776,.T.);
#776 = EDGE_LOOP('',(#777,#778,#779,#785));
#777 = ORIENTED_EDGE('',*,*,#129,.F.);
#778 = ORIENTED_EDGE('',*,*,#620,.T.);
#779 = ORIENTED_EDGE('',*,*,#780,.T.);
#780 = EDGE_CURVE('',#613,#756,#781,.T.);
#781 = LINE('',#782,#783);
#782 = CARTESIAN_POINT('',(69.1,-43.26924593374,-18.3));
#783 = VECTOR('',#784,1.);
#784 = DIRECTION('',(0.,1.,-0.));
#785 = ORIENTED_EDGE('',*,*,#755,.F.);
#786 = PLANE('',#787);
#787 = AXIS2_PLACEMENT_3D('',#788,#789,#790);
#788 = CARTESIAN_POINT('',(63.1,-32.17949728916,-18.3));
#789 = DIRECTION('',(0.,0.,1.));
#790 = DIRECTION('',(0.,1.,0.));
#791 = ADVANCED_FACE('',(#792),#817,.F.);
#792 = FACE_BOUND('',#793,.F.);
#793 = EDGE_LOOP('',(#794,#804,#810,#811));
#794 = ORIENTED_EDGE('',*,*,#795,.F.);
#795 = EDGE_CURVE('',#796,#798,#800,.T.);
#796 = VERTEX_POINT('',#797);
#797 = CARTESIAN_POINT('',(74.1,0.85,-19.3));
#798 = VERTEX_POINT('',#799);
#799 = CARTESIAN_POINT('',(74.1,0.85,-19.1));
#800 = LINE('',#801,#802);
#801 = CARTESIAN_POINT('',(74.1,0.85,-19.3));
#802 = VECTOR('',#803,1.);
#803 = DIRECTION('',(0.,0.,1.));
#804 = ORIENTED_EDGE('',*,*,#805,.T.);
#805 = EDGE_CURVE('',#796,#214,#806,.T.);
#806 = LINE('',#807,#808);
#807 = CARTESIAN_POINT('',(75.1,0.85,-19.3));
#808 = VECTOR('',#809,1.);
#809 = DIRECTION('',(-1.,0.,0.));
#810 = ORIENTED_EDGE('',*,*,#222,.F.);
#811 = ORIENTED_EDGE('',*,*,#812,.F.);
#812 = EDGE_CURVE('',#798,#188,#813,.T.);
#813 = LINE('',#814,#815);
#814 = CARTESIAN_POINT('',(75.1,0.85,-19.1));
#815 = VECTOR('',#816,1.);
#816 = DIRECTION('',(-1.,0.,0.));
#817 = PLANE('',#818);
#818 = AXIS2_PLACEMENT_3D('',#819,#820,#821);
#819 = CARTESIAN_POINT('',(75.1,0.85,-19.3));
#820 = DIRECTION('',(0.,1.,0.));
#821 = DIRECTION('',(-1.,0.,0.));
#822 = ADVANCED_FACE('',(#823),#842,.F.);
#823 = FACE_BOUND('',#824,.F.);
#824 = EDGE_LOOP('',(#825,#826,#827,#836));
#825 = ORIENTED_EDGE('',*,*,#213,.F.);
#826 = ORIENTED_EDGE('',*,*,#805,.F.);
#827 = ORIENTED_EDGE('',*,*,#828,.T.);
#828 = EDGE_CURVE('',#796,#829,#831,.T.);
#829 = VERTEX_POINT('',#830);
#830 = CARTESIAN_POINT('',(74.1,-0.85,-19.3));
#831 = CIRCLE('',#832,0.85);
#832 = AXIS2_PLACEMENT_3D('',#833,#834,#835);
#833 = CARTESIAN_POINT('',(74.1,0.,-19.3));
#834 = DIRECTION('',(-1.,0.,0.));
#835 = DIRECTION('',(0.,0.,1.));
#836 = ORIENTED_EDGE('',*,*,#837,.T.);
#837 = EDGE_CURVE('',#829,#206,#838,.T.);
#838 = LINE('',#839,#840);
#839 = CARTESIAN_POINT('',(75.1,-0.85,-19.3));
#840 = VECTOR('',#841,1.);
#841 = DIRECTION('',(-1.,0.,0.));
#842 = CYLINDRICAL_SURFACE('',#843,0.85);
#843 = AXIS2_PLACEMENT_3D('',#844,#845,#846);
#844 = CARTESIAN_POINT('',(75.1,0.,-19.3));
#845 = DIRECTION('',(-1.,0.,0.));
#846 = DIRECTION('',(0.,0.,1.));
#847 = ADVANCED_FACE('',(#848),#866,.T.);
#848 = FACE_BOUND('',#849,.T.);
#849 = EDGE_LOOP('',(#850,#858,#859,#860));
#850 = ORIENTED_EDGE('',*,*,#851,.F.);
#851 = EDGE_CURVE('',#829,#852,#854,.T.);
#852 = VERTEX_POINT('',#853);
#853 = CARTESIAN_POINT('',(74.1,-0.85,-19.1));
#854 = LINE('',#855,#856);
#855 = CARTESIAN_POINT('',(74.1,-0.85,-19.3));
#856 = VECTOR('',#857,1.);
#857 = DIRECTION('',(0.,0.,1.));
#858 = ORIENTED_EDGE('',*,*,#837,.T.);
#859 = ORIENTED_EDGE('',*,*,#205,.F.);
#860 = ORIENTED_EDGE('',*,*,#861,.F.);
#861 = EDGE_CURVE('',#852,#197,#862,.T.);
#862 = LINE('',#863,#864);
#863 = CARTESIAN_POINT('',(75.1,-0.85,-19.1));
#864 = VECTOR('',#865,1.);
#865 = DIRECTION('',(-1.,0.,0.));
#866 = PLANE('',#867);
#867 = AXIS2_PLACEMENT_3D('',#868,#869,#870);
#868 = CARTESIAN_POINT('',(75.1,-0.85,-19.3));
#869 = DIRECTION('',(0.,1.,0.));
#870 = DIRECTION('',(-1.,0.,0.));
#871 = ADVANCED_FACE('',(#872),#897,.T.);
#872 = FACE_BOUND('',#873,.T.);
#873 = EDGE_LOOP('',(#874,#882,#890,#896));
#874 = ORIENTED_EDGE('',*,*,#875,.F.);
#875 = EDGE_CURVE('',#876,#233,#878,.T.);
#876 = VERTEX_POINT('',#877);
#877 = CARTESIAN_POINT('',(64.11,-7.55,-18.35));
#878 = LINE('',#879,#880);
#879 = CARTESIAN_POINT('',(64.11,-7.55,-18.35));
#880 = VECTOR('',#881,1.);
#881 = DIRECTION('',(-1.,0.,0.));
#882 = ORIENTED_EDGE('',*,*,#883,.T.);
#883 = EDGE_CURVE('',#876,#884,#886,.T.);
#884 = VERTEX_POINT('',#885);
#885 = CARTESIAN_POINT('',(64.11,-1.691153452529,-18.35));
#886 = LINE('',#887,#888);
#887 = CARTESIAN_POINT('',(64.11,-7.55,-18.35));
#888 = VECTOR('',#889,1.);
#889 = DIRECTION('',(0.,1.,0.));
#890 = ORIENTED_EDGE('',*,*,#891,.T.);
#891 = EDGE_CURVE('',#884,#231,#892,.T.);
#892 = LINE('',#893,#894);
#893 = CARTESIAN_POINT('',(76.1,-1.691153452529,-18.35));
#894 = VECTOR('',#895,1.);
#895 = DIRECTION('',(-1.,0.,0.));
#896 = ORIENTED_EDGE('',*,*,#230,.T.);
#897 = PLANE('',#898);
#898 = AXIS2_PLACEMENT_3D('',#899,#900,#901);
#899 = CARTESIAN_POINT('',(64.11,-7.55,-18.35));
#900 = DIRECTION('',(0.,0.,1.));
#901 = DIRECTION('',(-1.,0.,0.));
#902 = ADVANCED_FACE('',(#903),#921,.T.);
#903 = FACE_BOUND('',#904,.T.);
#904 = EDGE_LOOP('',(#905,#913,#919,#920));
#905 = ORIENTED_EDGE('',*,*,#906,.F.);
#906 = EDGE_CURVE('',#907,#375,#909,.T.);
#907 = VERTEX_POINT('',#908);
#908 = CARTESIAN_POINT('',(64.11,-7.55,7.45));
#909 = LINE('',#910,#911);
#910 = CARTESIAN_POINT('',(64.11,-7.55,7.45));
#911 = VECTOR('',#912,1.);
#912 = DIRECTION('',(-1.,0.,0.));
#913 = ORIENTED_EDGE('',*,*,#914,.F.);
#914 = EDGE_CURVE('',#876,#907,#915,.T.);
#915 = LINE('',#916,#917);
#916 = CARTESIAN_POINT('',(64.11,-7.55,-18.35));
#917 = VECTOR('',#918,1.);
#918 = DIRECTION('',(0.,0.,1.));
#919 = ORIENTED_EDGE('',*,*,#875,.T.);
#920 = ORIENTED_EDGE('',*,*,#382,.T.);
#921 = PLANE('',#922);
#922 = AXIS2_PLACEMENT_3D('',#923,#924,#925);
#923 = CARTESIAN_POINT('',(64.11,-7.55,-18.35));
#924 = DIRECTION('',(0.,1.,0.));
#925 = DIRECTION('',(-1.,0.,0.));
#926 = ADVANCED_FACE('',(#927),#945,.F.);
#927 = FACE_BOUND('',#928,.F.);
#928 = EDGE_LOOP('',(#929,#930,#938,#944));
#929 = ORIENTED_EDGE('',*,*,#906,.F.);
#930 = ORIENTED_EDGE('',*,*,#931,.T.);
#931 = EDGE_CURVE('',#907,#932,#934,.T.);
#932 = VERTEX_POINT('',#933);
#933 = CARTESIAN_POINT('',(64.11,-3.,7.45));
#934 = LINE('',#935,#936);
#935 = CARTESIAN_POINT('',(64.11,-7.55,7.45));
#936 = VECTOR('',#937,1.);
#937 = DIRECTION('',(0.,1.,0.));
#938 = ORIENTED_EDGE('',*,*,#939,.T.);
#939 = EDGE_CURVE('',#932,#367,#940,.T.);
#940 = LINE('',#941,#942);
#941 = CARTESIAN_POINT('',(69.605,-3.,7.45));
#942 = VECTOR('',#943,1.);
#943 = DIRECTION('',(-1.,0.,0.));
#944 = ORIENTED_EDGE('',*,*,#374,.F.);
#945 = PLANE('',#946);
#946 = AXIS2_PLACEMENT_3D('',#947,#948,#949);
#947 = CARTESIAN_POINT('',(64.11,-7.55,7.45));
#948 = DIRECTION('',(0.,0.,1.));
#949 = DIRECTION('',(-1.,0.,0.));
#950 = ADVANCED_FACE('',(#951),#1027,.T.);
#951 = FACE_BOUND('',#952,.T.);
#952 = EDGE_LOOP('',(#953,#963,#971,#979,#992,#1000,#1013,#1019,#1020,
    #1021));
#953 = ORIENTED_EDGE('',*,*,#954,.F.);
#954 = EDGE_CURVE('',#955,#957,#959,.T.);
#955 = VERTEX_POINT('',#956);
#956 = CARTESIAN_POINT('',(74.1,-3.,7.45));
#957 = VERTEX_POINT('',#958);
#958 = CARTESIAN_POINT('',(74.1,-3.,7.525));
#959 = LINE('',#960,#961);
#960 = CARTESIAN_POINT('',(74.1,-3.,7.32));
#961 = VECTOR('',#962,1.);
#962 = DIRECTION('',(0.,0.,1.));
#963 = ORIENTED_EDGE('',*,*,#964,.T.);
#964 = EDGE_CURVE('',#955,#965,#967,.T.);
#965 = VERTEX_POINT('',#966);
#966 = CARTESIAN_POINT('',(69.09,-3.,7.45));
#967 = LINE('',#968,#969);
#968 = CARTESIAN_POINT('',(75.1,-3.,7.45));
#969 = VECTOR('',#970,1.);
#970 = DIRECTION('',(-1.,0.,0.));
#971 = ORIENTED_EDGE('',*,*,#972,.T.);
#972 = EDGE_CURVE('',#965,#973,#975,.T.);
#973 = VERTEX_POINT('',#974);
#974 = CARTESIAN_POINT('',(69.09,-3.,7.44));
#975 = LINE('',#976,#977);
#976 = CARTESIAN_POINT('',(69.09,-3.,-5.955));
#977 = VECTOR('',#978,1.);
#978 = DIRECTION('',(0.,0.,-1.));
#979 = ORIENTED_EDGE('',*,*,#980,.F.);
#980 = EDGE_CURVE('',#981,#973,#983,.T.);
#981 = VERTEX_POINT('',#982);
#982 = CARTESIAN_POINT('',(68.1,-3.,6.45));
#983 = B_SPLINE_CURVE_WITH_KNOTS('',4,(#984,#985,#986,#987,#988,#989,
    #990,#991),.UNSPECIFIED.,.F.,.F.,(5,3,5),(0.,0.502320093996,1.),
  .UNSPECIFIED.);
#984 = CARTESIAN_POINT('',(68.1,-3.,6.45));
#985 = CARTESIAN_POINT('',(68.223045883213,-3.,6.573045883213));
#986 = CARTESIAN_POINT('',(68.346615561257,-3.,6.696615561257));
#987 = CARTESIAN_POINT('',(68.470624900202,-3.,6.820624900202));
#988 = CARTESIAN_POINT('',(68.718255302893,-3.,7.068255302893));
#989 = CARTESIAN_POINT('',(68.841869032593,-3.,7.191869032593));
#990 = CARTESIAN_POINT('',(68.965797964819,-3.,7.315797964819));
#991 = CARTESIAN_POINT('',(69.0900012,-3.,7.4400012));
#992 = ORIENTED_EDGE('',*,*,#993,.T.);
#993 = EDGE_CURVE('',#981,#994,#996,.T.);
#994 = VERTEX_POINT('',#995);
#995 = CARTESIAN_POINT('',(65.1,-3.,6.45));
#996 = LINE('',#997,#998);
#997 = CARTESIAN_POINT('',(75.1,-3.,6.45));
#998 = VECTOR('',#999,1.);
#999 = DIRECTION('',(-1.,0.,0.));
#1000 = ORIENTED_EDGE('',*,*,#1001,.T.);
#1001 = EDGE_CURVE('',#994,#1002,#1004,.T.);
#1002 = VERTEX_POINT('',#1003);
#1003 = CARTESIAN_POINT('',(64.11,-3.,7.44));
#1004 = B_SPLINE_CURVE_WITH_KNOTS('',4,(#1005,#1006,#1007,#1008,#1009,
    #1010,#1011,#1012),.UNSPECIFIED.,.F.,.F.,(5,3,5),(0.,0.502320093996,
    1.),.UNSPECIFIED.);
#1005 = CARTESIAN_POINT('',(65.1,-3.,6.45));
#1006 = CARTESIAN_POINT('',(64.976954116787,-3.,6.573045883213));
#1007 = CARTESIAN_POINT('',(64.853384438743,-3.,6.696615561257));
#1008 = CARTESIAN_POINT('',(64.729375099798,-3.,6.820624900202));
#1009 = CARTESIAN_POINT('',(64.481744697107,-3.,7.068255302893));
#1010 = CARTESIAN_POINT('',(64.358130967407,-3.,7.191869032593));
#1011 = CARTESIAN_POINT('',(64.234202035181,-3.,7.315797964819));
#1012 = CARTESIAN_POINT('',(64.1099988,-3.,7.4400012));
#1013 = ORIENTED_EDGE('',*,*,#1014,.F.);
#1014 = EDGE_CURVE('',#932,#1002,#1015,.T.);
#1015 = LINE('',#1016,#1017);
#1016 = CARTESIAN_POINT('',(64.11,-3.,-5.955));
#1017 = VECTOR('',#1018,1.);
#1018 = DIRECTION('',(0.,0.,-1.));
#1019 = ORIENTED_EDGE('',*,*,#939,.T.);
#1020 = ORIENTED_EDGE('',*,*,#366,.F.);
#1021 = ORIENTED_EDGE('',*,*,#1022,.F.);
#1022 = EDGE_CURVE('',#957,#359,#1023,.T.);
#1023 = LINE('',#1024,#1025);
#1024 = CARTESIAN_POINT('',(75.1,-3.,7.525));
#1025 = VECTOR('',#1026,1.);
#1026 = DIRECTION('',(-1.,0.,0.));
#1027 = PLANE('',#1028);
#1028 = AXIS2_PLACEMENT_3D('',#1029,#1030,#1031);
#1029 = CARTESIAN_POINT('',(75.1,-3.,6.44));
#1030 = DIRECTION('',(0.,1.,0.));
#1031 = DIRECTION('',(-1.,0.,0.));
#1032 = ADVANCED_FACE('',(#1033),#1051,.F.);
#1033 = FACE_BOUND('',#1034,.F.);
#1034 = EDGE_LOOP('',(#1035,#1036,#1044,#1050));
#1035 = ORIENTED_EDGE('',*,*,#1022,.F.);
#1036 = ORIENTED_EDGE('',*,*,#1037,.F.);
#1037 = EDGE_CURVE('',#1038,#957,#1040,.T.);
#1038 = VERTEX_POINT('',#1039);
#1039 = CARTESIAN_POINT('',(74.1,-0.516599457994,7.525));
#1040 = LINE('',#1041,#1042);
#1041 = CARTESIAN_POINT('',(74.1,-1.5,7.525));
#1042 = VECTOR('',#1043,1.);
#1043 = DIRECTION('',(0.,-1.,0.));
#1044 = ORIENTED_EDGE('',*,*,#1045,.T.);
#1045 = EDGE_CURVE('',#1038,#350,#1046,.T.);
#1046 = LINE('',#1047,#1048);
#1047 = CARTESIAN_POINT('',(75.1,-0.516599457994,7.525));
#1048 = VECTOR('',#1049,1.);
#1049 = DIRECTION('',(-1.,0.,0.));
#1050 = ORIENTED_EDGE('',*,*,#358,.F.);
#1051 = PLANE('',#1052);
#1052 = AXIS2_PLACEMENT_3D('',#1053,#1054,#1055);
#1053 = CARTESIAN_POINT('',(75.1,-3.,7.525));
#1054 = DIRECTION('',(0.,0.,1.));
#1055 = DIRECTION('',(-1.,0.,0.));
#1056 = ADVANCED_FACE('',(#1057),#1076,.F.);
#1057 = FACE_BOUND('',#1058,.F.);
#1058 = EDGE_LOOP('',(#1059,#1067,#1068,#1069));
#1059 = ORIENTED_EDGE('',*,*,#1060,.T.);
#1060 = EDGE_CURVE('',#1061,#342,#1063,.T.);
#1061 = VERTEX_POINT('',#1062);
#1062 = CARTESIAN_POINT('',(74.1,-0.85,8.2));
#1063 = LINE('',#1064,#1065);
#1064 = CARTESIAN_POINT('',(75.1,-0.85,8.2));
#1065 = VECTOR('',#1066,1.);
#1066 = DIRECTION('',(-1.,0.,0.));
#1067 = ORIENTED_EDGE('',*,*,#349,.F.);
#1068 = ORIENTED_EDGE('',*,*,#1045,.F.);
#1069 = ORIENTED_EDGE('',*,*,#1070,.T.);
#1070 = EDGE_CURVE('',#1038,#1061,#1071,.T.);
#1071 = CIRCLE('',#1072,0.85);
#1072 = AXIS2_PLACEMENT_3D('',#1073,#1074,#1075);
#1073 = CARTESIAN_POINT('',(74.1,0.,8.2));
#1074 = DIRECTION('',(-1.,0.,0.));
#1075 = DIRECTION('',(0.,0.,1.));
#1076 = CYLINDRICAL_SURFACE('',#1077,0.85);
#1077 = AXIS2_PLACEMENT_3D('',#1078,#1079,#1080);
#1078 = CARTESIAN_POINT('',(75.1,0.,8.2));
#1079 = DIRECTION('',(-1.,0.,0.));
#1080 = DIRECTION('',(0.,0.,1.));
#1081 = ADVANCED_FACE('',(#1082),#1100,.T.);
#1082 = FACE_BOUND('',#1083,.T.);
#1083 = EDGE_LOOP('',(#1084,#1092,#1093,#1094));
#1084 = ORIENTED_EDGE('',*,*,#1085,.F.);
#1085 = EDGE_CURVE('',#1061,#1086,#1088,.T.);
#1086 = VERTEX_POINT('',#1087);
#1087 = CARTESIAN_POINT('',(74.1,-0.85,8.4));
#1088 = LINE('',#1089,#1090);
#1089 = CARTESIAN_POINT('',(74.1,-0.85,8.2));
#1090 = VECTOR('',#1091,1.);
#1091 = DIRECTION('',(0.,0.,1.));
#1092 = ORIENTED_EDGE('',*,*,#1060,.T.);
#1093 = ORIENTED_EDGE('',*,*,#341,.F.);
#1094 = ORIENTED_EDGE('',*,*,#1095,.F.);
#1095 = EDGE_CURVE('',#1086,#333,#1096,.T.);
#1096 = LINE('',#1097,#1098);
#1097 = CARTESIAN_POINT('',(75.1,-0.85,8.4));
#1098 = VECTOR('',#1099,1.);
#1099 = DIRECTION('',(-1.,0.,0.));
#1100 = PLANE('',#1101);
#1101 = AXIS2_PLACEMENT_3D('',#1102,#1103,#1104);
#1102 = CARTESIAN_POINT('',(75.1,-0.85,8.2));
#1103 = DIRECTION('',(0.,1.,0.));
#1104 = DIRECTION('',(-1.,0.,0.));
#1105 = ADVANCED_FACE('',(#1106),#1131,.F.);
#1106 = FACE_BOUND('',#1107,.F.);
#1107 = EDGE_LOOP('',(#1108,#1118,#1124,#1125));
#1108 = ORIENTED_EDGE('',*,*,#1109,.F.);
#1109 = EDGE_CURVE('',#1110,#1112,#1114,.T.);
#1110 = VERTEX_POINT('',#1111);
#1111 = CARTESIAN_POINT('',(74.1,0.85,8.2));
#1112 = VERTEX_POINT('',#1113);
#1113 = CARTESIAN_POINT('',(74.1,0.85,8.4));
#1114 = LINE('',#1115,#1116);
#1115 = CARTESIAN_POINT('',(74.1,0.85,8.2));
#1116 = VECTOR('',#1117,1.);
#1117 = DIRECTION('',(0.,0.,1.));
#1118 = ORIENTED_EDGE('',*,*,#1119,.T.);
#1119 = EDGE_CURVE('',#1110,#307,#1120,.T.);
#1120 = LINE('',#1121,#1122);
#1121 = CARTESIAN_POINT('',(75.1,0.85,8.2));
#1122 = VECTOR('',#1123,1.);
#1123 = DIRECTION('',(-1.,0.,0.));
#1124 = ORIENTED_EDGE('',*,*,#315,.F.);
#1125 = ORIENTED_EDGE('',*,*,#1126,.F.);
#1126 = EDGE_CURVE('',#1112,#316,#1127,.T.);
#1127 = LINE('',#1128,#1129);
#1128 = CARTESIAN_POINT('',(75.1,0.85,8.4));
#1129 = VECTOR('',#1130,1.);
#1130 = DIRECTION('',(-1.,0.,0.));
#1131 = PLANE('',#1132);
#1132 = AXIS2_PLACEMENT_3D('',#1133,#1134,#1135);
#1133 = CARTESIAN_POINT('',(75.1,0.85,8.2));
#1134 = DIRECTION('',(0.,1.,0.));
#1135 = DIRECTION('',(-1.,0.,0.));
#1136 = ADVANCED_FACE('',(#1137),#1156,.F.);
#1137 = FACE_BOUND('',#1138,.F.);
#1138 = EDGE_LOOP('',(#1139,#1140,#1141,#1150));
#1139 = ORIENTED_EDGE('',*,*,#306,.F.);
#1140 = ORIENTED_EDGE('',*,*,#1119,.F.);
#1141 = ORIENTED_EDGE('',*,*,#1142,.T.);
#1142 = EDGE_CURVE('',#1110,#1143,#1145,.T.);
#1143 = VERTEX_POINT('',#1144);
#1144 = CARTESIAN_POINT('',(74.1,0.516599457994,7.525));
#1145 = CIRCLE('',#1146,0.85);
#1146 = AXIS2_PLACEMENT_3D('',#1147,#1148,#1149);
#1147 = CARTESIAN_POINT('',(74.1,0.,8.2));
#1148 = DIRECTION('',(-1.,0.,0.));
#1149 = DIRECTION('',(0.,0.,1.));
#1150 = ORIENTED_EDGE('',*,*,#1151,.T.);
#1151 = EDGE_CURVE('',#1143,#299,#1152,.T.);
#1152 = LINE('',#1153,#1154);
#1153 = CARTESIAN_POINT('',(75.1,0.516599457994,7.525));
#1154 = VECTOR('',#1155,1.);
#1155 = DIRECTION('',(-1.,0.,0.));
#1156 = CYLINDRICAL_SURFACE('',#1157,0.85);
#1157 = AXIS2_PLACEMENT_3D('',#1158,#1159,#1160);
#1158 = CARTESIAN_POINT('',(75.1,0.,8.2));
#1159 = DIRECTION('',(-1.,0.,0.));
#1160 = DIRECTION('',(0.,0.,1.));
#1161 = ADVANCED_FACE('',(#1162),#1180,.F.);
#1162 = FACE_BOUND('',#1163,.F.);
#1163 = EDGE_LOOP('',(#1164,#1165,#1173,#1179));
#1164 = ORIENTED_EDGE('',*,*,#1151,.F.);
#1165 = ORIENTED_EDGE('',*,*,#1166,.F.);
#1166 = EDGE_CURVE('',#1167,#1143,#1169,.T.);
#1167 = VERTEX_POINT('',#1168);
#1168 = CARTESIAN_POINT('',(74.1,3.,7.525));
#1169 = LINE('',#1170,#1171);
#1170 = CARTESIAN_POINT('',(74.1,-1.5,7.525));
#1171 = VECTOR('',#1172,1.);
#1172 = DIRECTION('',(0.,-1.,0.));
#1173 = ORIENTED_EDGE('',*,*,#1174,.T.);
#1174 = EDGE_CURVE('',#1167,#291,#1175,.T.);
#1175 = LINE('',#1176,#1177);
#1176 = CARTESIAN_POINT('',(75.1,3.,7.525));
#1177 = VECTOR('',#1178,1.);
#1178 = DIRECTION('',(-1.,0.,0.));
#1179 = ORIENTED_EDGE('',*,*,#298,.F.);
#1180 = PLANE('',#1181);
#1181 = AXIS2_PLACEMENT_3D('',#1182,#1183,#1184);
#1182 = CARTESIAN_POINT('',(75.1,-3.,7.525));
#1183 = DIRECTION('',(0.,0.,1.));
#1184 = DIRECTION('',(-1.,0.,0.));
#1185 = ADVANCED_FACE('',(#1186),#1262,.F.);
#1186 = FACE_BOUND('',#1187,.F.);
#1187 = EDGE_LOOP('',(#1188,#1196,#1204,#1212,#1225,#1233,#1246,#1254,
    #1260,#1261));
#1188 = ORIENTED_EDGE('',*,*,#1189,.F.);
#1189 = EDGE_CURVE('',#1190,#1167,#1192,.T.);
#1190 = VERTEX_POINT('',#1191);
#1191 = CARTESIAN_POINT('',(74.1,3.,7.45));
#1192 = LINE('',#1193,#1194);
#1193 = CARTESIAN_POINT('',(74.1,3.,7.32));
#1194 = VECTOR('',#1195,1.);
#1195 = DIRECTION('',(0.,0.,1.));
#1196 = ORIENTED_EDGE('',*,*,#1197,.T.);
#1197 = EDGE_CURVE('',#1190,#1198,#1200,.T.);
#1198 = VERTEX_POINT('',#1199);
#1199 = CARTESIAN_POINT('',(69.09,3.,7.45));
#1200 = LINE('',#1201,#1202);
#1201 = CARTESIAN_POINT('',(75.1,3.,7.45));
#1202 = VECTOR('',#1203,1.);
#1203 = DIRECTION('',(-1.,0.,0.));
#1204 = ORIENTED_EDGE('',*,*,#1205,.T.);
#1205 = EDGE_CURVE('',#1198,#1206,#1208,.T.);
#1206 = VERTEX_POINT('',#1207);
#1207 = CARTESIAN_POINT('',(69.09,3.,7.44));
#1208 = LINE('',#1209,#1210);
#1209 = CARTESIAN_POINT('',(69.09,3.,-5.955));
#1210 = VECTOR('',#1211,1.);
#1211 = DIRECTION('',(0.,0.,-1.));
#1212 = ORIENTED_EDGE('',*,*,#1213,.F.);
#1213 = EDGE_CURVE('',#1214,#1206,#1216,.T.);
#1214 = VERTEX_POINT('',#1215);
#1215 = CARTESIAN_POINT('',(68.1,3.,6.45));
#1216 = B_SPLINE_CURVE_WITH_KNOTS('',4,(#1217,#1218,#1219,#1220,#1221,
    #1222,#1223,#1224),.UNSPECIFIED.,.F.,.F.,(5,3,5),(0.,0.502320093996,
    1.),.UNSPECIFIED.);
#1217 = CARTESIAN_POINT('',(68.1,3.,6.45));
#1218 = CARTESIAN_POINT('',(68.223045883213,3.,6.573045883213));
#1219 = CARTESIAN_POINT('',(68.346615561257,3.,6.696615561257));
#1220 = CARTESIAN_POINT('',(68.470624900202,3.,6.820624900202));
#1221 = CARTESIAN_POINT('',(68.718255302893,3.,7.068255302893));
#1222 = CARTESIAN_POINT('',(68.841869032593,3.,7.191869032593));
#1223 = CARTESIAN_POINT('',(68.965797964819,3.,7.315797964819));
#1224 = CARTESIAN_POINT('',(69.0900012,3.,7.4400012));
#1225 = ORIENTED_EDGE('',*,*,#1226,.T.);
#1226 = EDGE_CURVE('',#1214,#1227,#1229,.T.);
#1227 = VERTEX_POINT('',#1228);
#1228 = CARTESIAN_POINT('',(65.1,3.,6.45));
#1229 = LINE('',#1230,#1231);
#1230 = CARTESIAN_POINT('',(75.1,3.,6.45));
#1231 = VECTOR('',#1232,1.);
#1232 = DIRECTION('',(-1.,0.,0.));
#1233 = ORIENTED_EDGE('',*,*,#1234,.T.);
#1234 = EDGE_CURVE('',#1227,#1235,#1237,.T.);
#1235 = VERTEX_POINT('',#1236);
#1236 = CARTESIAN_POINT('',(64.11,3.,7.44));
#1237 = B_SPLINE_CURVE_WITH_KNOTS('',4,(#1238,#1239,#1240,#1241,#1242,
    #1243,#1244,#1245),.UNSPECIFIED.,.F.,.F.,(5,3,5),(0.,0.502320093996,
    1.),.UNSPECIFIED.);
#1238 = CARTESIAN_POINT('',(65.1,3.,6.45));
#1239 = CARTESIAN_POINT('',(64.976954116787,3.,6.573045883213));
#1240 = CARTESIAN_POINT('',(64.853384438743,3.,6.696615561257));
#1241 = CARTESIAN_POINT('',(64.729375099798,3.,6.820624900202));
#1242 = CARTESIAN_POINT('',(64.481744697107,3.,7.068255302893));
#1243 = CARTESIAN_POINT('',(64.358130967407,3.,7.191869032593));
#1244 = CARTESIAN_POINT('',(64.234202035181,3.,7.315797964819));
#1245 = CARTESIAN_POINT('',(64.1099988,3.,7.4400012));
#1246 = ORIENTED_EDGE('',*,*,#1247,.F.);
#1247 = EDGE_CURVE('',#1248,#1235,#1250,.T.);
#1248 = VERTEX_POINT('',#1249);
#1249 = CARTESIAN_POINT('',(64.11,3.,7.45));
#1250 = LINE('',#1251,#1252);
#1251 = CARTESIAN_POINT('',(64.11,3.,-5.955));
#1252 = VECTOR('',#1253,1.);
#1253 = DIRECTION('',(0.,0.,-1.));
#1254 = ORIENTED_EDGE('',*,*,#1255,.T.);
#1255 = EDGE_CURVE('',#1248,#283,#1256,.T.);
#1256 = LINE('',#1257,#1258);
#1257 = CARTESIAN_POINT('',(69.605,3.,7.45));
#1258 = VECTOR('',#1259,1.);
#1259 = DIRECTION('',(-1.,0.,0.));
#1260 = ORIENTED_EDGE('',*,*,#290,.F.);
#1261 = ORIENTED_EDGE('',*,*,#1174,.F.);
#1262 = PLANE('',#1263);
#1263 = AXIS2_PLACEMENT_3D('',#1264,#1265,#1266);
#1264 = CARTESIAN_POINT('',(75.1,3.,6.44));
#1265 = DIRECTION('',(0.,1.,0.));
#1266 = DIRECTION('',(-1.,0.,0.));
#1267 = ADVANCED_FACE('',(#1268),#1286,.F.);
#1268 = FACE_BOUND('',#1269,.F.);
#1269 = EDGE_LOOP('',(#1270,#1271,#1279,#1285));
#1270 = ORIENTED_EDGE('',*,*,#1255,.F.);
#1271 = ORIENTED_EDGE('',*,*,#1272,.T.);
#1272 = EDGE_CURVE('',#1248,#1273,#1275,.T.);
#1273 = VERTEX_POINT('',#1274);
#1274 = CARTESIAN_POINT('',(64.11,7.55,7.45));
#1275 = LINE('',#1276,#1277);
#1276 = CARTESIAN_POINT('',(64.11,-7.55,7.45));
#1277 = VECTOR('',#1278,1.);
#1278 = DIRECTION('',(0.,1.,0.));
#1279 = ORIENTED_EDGE('',*,*,#1280,.T.);
#1280 = EDGE_CURVE('',#1273,#275,#1281,.T.);
#1281 = LINE('',#1282,#1283);
#1282 = CARTESIAN_POINT('',(64.11,7.55,7.45));
#1283 = VECTOR('',#1284,1.);
#1284 = DIRECTION('',(-1.,0.,0.));
#1285 = ORIENTED_EDGE('',*,*,#282,.F.);
#1286 = PLANE('',#1287);
#1287 = AXIS2_PLACEMENT_3D('',#1288,#1289,#1290);
#1288 = CARTESIAN_POINT('',(64.11,-7.55,7.45));
#1289 = DIRECTION('',(0.,0.,1.));
#1290 = DIRECTION('',(-1.,0.,0.));
#1291 = ADVANCED_FACE('',(#1292),#1310,.F.);
#1292 = FACE_BOUND('',#1293,.F.);
#1293 = EDGE_LOOP('',(#1294,#1295,#1303,#1309));
#1294 = ORIENTED_EDGE('',*,*,#1280,.F.);
#1295 = ORIENTED_EDGE('',*,*,#1296,.F.);
#1296 = EDGE_CURVE('',#1297,#1273,#1299,.T.);
#1297 = VERTEX_POINT('',#1298);
#1298 = CARTESIAN_POINT('',(64.11,7.55,-18.35));
#1299 = LINE('',#1300,#1301);
#1300 = CARTESIAN_POINT('',(64.11,7.55,-18.35));
#1301 = VECTOR('',#1302,1.);
#1302 = DIRECTION('',(0.,0.,1.));
#1303 = ORIENTED_EDGE('',*,*,#1304,.T.);
#1304 = EDGE_CURVE('',#1297,#267,#1305,.T.);
#1305 = LINE('',#1306,#1307);
#1306 = CARTESIAN_POINT('',(64.11,7.55,-18.35));
#1307 = VECTOR('',#1308,1.);
#1308 = DIRECTION('',(-1.,0.,0.));
#1309 = ORIENTED_EDGE('',*,*,#274,.F.);
#1310 = PLANE('',#1311);
#1311 = AXIS2_PLACEMENT_3D('',#1312,#1313,#1314);
#1312 = CARTESIAN_POINT('',(64.11,7.55,-18.35));
#1313 = DIRECTION('',(0.,1.,0.));
#1314 = DIRECTION('',(-1.,0.,0.));
#1315 = ADVANCED_FACE('',(#1316),#1334,.T.);
#1316 = FACE_BOUND('',#1317,.T.);
#1317 = EDGE_LOOP('',(#1318,#1326,#1332,#1333));
#1318 = ORIENTED_EDGE('',*,*,#1319,.F.);
#1319 = EDGE_CURVE('',#1320,#258,#1322,.T.);
#1320 = VERTEX_POINT('',#1321);
#1321 = CARTESIAN_POINT('',(64.11,1.691153452529,-18.35));
#1322 = LINE('',#1323,#1324);
#1323 = CARTESIAN_POINT('',(76.1,1.691153452529,-18.35));
#1324 = VECTOR('',#1325,1.);
#1325 = DIRECTION('',(-1.,0.,0.));
#1326 = ORIENTED_EDGE('',*,*,#1327,.T.);
#1327 = EDGE_CURVE('',#1320,#1297,#1328,.T.);
#1328 = LINE('',#1329,#1330);
#1329 = CARTESIAN_POINT('',(64.11,-7.55,-18.35));
#1330 = VECTOR('',#1331,1.);
#1331 = DIRECTION('',(0.,1.,0.));
#1332 = ORIENTED_EDGE('',*,*,#1304,.T.);
#1333 = ORIENTED_EDGE('',*,*,#266,.T.);
#1334 = PLANE('',#1335);
#1335 = AXIS2_PLACEMENT_3D('',#1336,#1337,#1338);
#1336 = CARTESIAN_POINT('',(64.11,-7.55,-18.35));
#1337 = DIRECTION('',(0.,0.,1.));
#1338 = DIRECTION('',(-1.,0.,0.));
#1339 = ADVANCED_FACE('',(#1340),#1386,.T.);
#1340 = FACE_BOUND('',#1341,.T.);
#1341 = EDGE_LOOP('',(#1342,#1343,#1351,#1378,#1385));
#1342 = ORIENTED_EDGE('',*,*,#257,.F.);
#1343 = ORIENTED_EDGE('',*,*,#1344,.F.);
#1344 = EDGE_CURVE('',#1345,#250,#1347,.T.);
#1345 = VERTEX_POINT('',#1346);
#1346 = CARTESIAN_POINT('',(65.1,0.6,-17.35));
#1347 = LINE('',#1348,#1349);
#1348 = CARTESIAN_POINT('',(76.1,0.6,-17.35));
#1349 = VECTOR('',#1350,1.);
#1350 = DIRECTION('',(-1.,0.,0.));
#1351 = ORIENTED_EDGE('',*,*,#1352,.T.);
#1352 = EDGE_CURVE('',#1345,#1353,#1355,.T.);
#1353 = VERTEX_POINT('',#1354);
#1354 = CARTESIAN_POINT('',(64.11,1.686683135624,-18.34));
#1355 = B_SPLINE_CURVE_WITH_KNOTS('',6,(#1356,#1357,#1358,#1359,#1360,
    #1361,#1362,#1363,#1364,#1365,#1366,#1367,#1368,#1369,#1370,#1371,
    #1372,#1373,#1374,#1375,#1376,#1377),.UNSPECIFIED.,.F.,.F.,(7,5,5,5,
    7),(0.,0.335444660564,0.576333332871,0.795403658194,1.),
  .UNSPECIFIED.);
#1356 = CARTESIAN_POINT('',(65.1,0.6,-17.35));
#1357 = CARTESIAN_POINT('',(65.070479862723,0.686100400391,
    -17.37952013727));
#1358 = CARTESIAN_POINT('',(65.036009098339,0.770070501926,
    -17.41399090166));
#1359 = CARTESIAN_POINT('',(64.996858431371,0.851401591989,
    -17.45314156862));
#1360 = CARTESIAN_POINT('',(64.95337894668,0.929672058461,
    -17.49662105332));
#1361 = CARTESIAN_POINT('',(64.905980956577,1.004526147586,
    -17.54401904342));
#1362 = CARTESIAN_POINT('',(64.818606883313,1.126782420496,
    -17.63139311668));
#1363 = CARTESIAN_POINT('',(64.780299401965,1.175982549749,
    -17.66970059803));
#1364 = CARTESIAN_POINT('',(64.740367612929,1.223187867958,
    -17.70963238707));
#1365 = CARTESIAN_POINT('',(64.698975606296,1.268334141264,
    -17.7510243937));
#1366 = CARTESIAN_POINT('',(64.65628199317,1.311383073171,
    -17.79371800683));
#1367 = CARTESIAN_POINT('',(64.572557467976,1.389542786321,
    -17.87744253202));
#1368 = CARTESIAN_POINT('',(64.531725892754,1.425019712284,
    -17.91827410724));
#1369 = CARTESIAN_POINT('',(64.490048248544,1.458735769681,
    -17.95995175145));
#1370 = CARTESIAN_POINT('',(64.44762562744,1.490692577065,
    -18.00237437256));
#1371 = CARTESIAN_POINT('',(64.404549371804,1.52090172259,
    -18.04545062819));
#1372 = CARTESIAN_POINT('',(64.320133054456,1.575979439269,
    -18.12986694554));
#1373 = CARTESIAN_POINT('',(64.278866939215,1.601068600252,
    -18.17113306078));
#1374 = CARTESIAN_POINT('',(64.237165629241,1.624664019787,
    -18.21283437075));
#1375 = CARTESIAN_POINT('',(64.195087444066,1.646784324232,
    -18.25491255593));
#1376 = CARTESIAN_POINT('',(64.152683911273,1.667450274946,
    -18.29731608872));
#1377 = CARTESIAN_POINT('',(64.1099994,1.686683405977,-18.3400006));
#1378 = ORIENTED_EDGE('',*,*,#1379,.T.);
#1379 = EDGE_CURVE('',#1353,#1320,#1380,.T.);
#1380 = CIRCLE('',#1381,1.85);
#1381 = AXIS2_PLACEMENT_3D('',#1382,#1383,#1384);
#1382 = CARTESIAN_POINT('',(64.11,0.,-19.1));
#1383 = DIRECTION('',(-1.,0.,0.));
#1384 = DIRECTION('',(0.,0.,1.));
#1385 = ORIENTED_EDGE('',*,*,#1319,.T.);
#1386 = CYLINDRICAL_SURFACE('',#1387,1.85);
#1387 = AXIS2_PLACEMENT_3D('',#1388,#1389,#1390);
#1388 = CARTESIAN_POINT('',(76.1,0.,-19.1));
#1389 = DIRECTION('',(-1.,0.,0.));
#1390 = DIRECTION('',(0.,0.,1.));
#1391 = ADVANCED_FACE('',(#1392),#1474,.T.);
#1392 = FACE_BOUND('',#1393,.T.);
#1393 = EDGE_LOOP('',(#1394,#1404,#1412,#1420,#1428,#1436,#1444,#1452,
    #1458,#1459,#1460,#1468));
#1394 = ORIENTED_EDGE('',*,*,#1395,.F.);
#1395 = EDGE_CURVE('',#1396,#1398,#1400,.T.);
#1396 = VERTEX_POINT('',#1397);
#1397 = CARTESIAN_POINT('',(68.1,-6.55,-17.35));
#1398 = VERTEX_POINT('',#1399);
#1399 = CARTESIAN_POINT('',(65.1,-6.55,-17.35));
#1400 = LINE('',#1401,#1402);
#1401 = CARTESIAN_POINT('',(75.1,-6.55,-17.35));
#1402 = VECTOR('',#1403,1.);
#1403 = DIRECTION('',(-1.,0.,0.));
#1404 = ORIENTED_EDGE('',*,*,#1405,.F.);
#1405 = EDGE_CURVE('',#1406,#1396,#1408,.T.);
#1406 = VERTEX_POINT('',#1407);
#1407 = CARTESIAN_POINT('',(68.1,-0.6,-17.35));
#1408 = LINE('',#1409,#1410);
#1409 = CARTESIAN_POINT('',(68.1,6.55,-17.35));
#1410 = VECTOR('',#1411,1.);
#1411 = DIRECTION('',(0.,-1.,0.));
#1412 = ORIENTED_EDGE('',*,*,#1413,.F.);
#1413 = EDGE_CURVE('',#1414,#1406,#1416,.T.);
#1414 = VERTEX_POINT('',#1415);
#1415 = CARTESIAN_POINT('',(74.1,-0.6,-17.35));
#1416 = LINE('',#1417,#1418);
#1417 = CARTESIAN_POINT('',(76.1,-0.6,-17.35));
#1418 = VECTOR('',#1419,1.);
#1419 = DIRECTION('',(-1.,0.,0.));
#1420 = ORIENTED_EDGE('',*,*,#1421,.F.);
#1421 = EDGE_CURVE('',#1422,#1414,#1424,.T.);
#1422 = VERTEX_POINT('',#1423);
#1423 = CARTESIAN_POINT('',(74.1,0.6,-17.35));
#1424 = LINE('',#1425,#1426);
#1425 = CARTESIAN_POINT('',(74.1,-3.275,-17.35));
#1426 = VECTOR('',#1427,1.);
#1427 = DIRECTION('',(0.,-1.,0.));
#1428 = ORIENTED_EDGE('',*,*,#1429,.T.);
#1429 = EDGE_CURVE('',#1422,#1430,#1432,.T.);
#1430 = VERTEX_POINT('',#1431);
#1431 = CARTESIAN_POINT('',(68.1,0.6,-17.35));
#1432 = LINE('',#1433,#1434);
#1433 = CARTESIAN_POINT('',(76.1,0.6,-17.35));
#1434 = VECTOR('',#1435,1.);
#1435 = DIRECTION('',(-1.,0.,0.));
#1436 = ORIENTED_EDGE('',*,*,#1437,.F.);
#1437 = EDGE_CURVE('',#1438,#1430,#1440,.T.);
#1438 = VERTEX_POINT('',#1439);
#1439 = CARTESIAN_POINT('',(68.1,6.55,-17.35));
#1440 = LINE('',#1441,#1442);
#1441 = CARTESIAN_POINT('',(68.1,6.55,-17.35));
#1442 = VECTOR('',#1443,1.);
#1443 = DIRECTION('',(0.,-1.,0.));
#1444 = ORIENTED_EDGE('',*,*,#1445,.T.);
#1445 = EDGE_CURVE('',#1438,#1446,#1448,.T.);
#1446 = VERTEX_POINT('',#1447);
#1447 = CARTESIAN_POINT('',(65.1,6.55,-17.35));
#1448 = LINE('',#1449,#1450);
#1449 = CARTESIAN_POINT('',(75.1,6.55,-17.35));
#1450 = VECTOR('',#1451,1.);
#1451 = DIRECTION('',(-1.,0.,0.));
#1452 = ORIENTED_EDGE('',*,*,#1453,.T.);
#1453 = EDGE_CURVE('',#1446,#1345,#1454,.T.);
#1454 = LINE('',#1455,#1456);
#1455 = CARTESIAN_POINT('',(65.1,6.55,-17.35));
#1456 = VECTOR('',#1457,1.);
#1457 = DIRECTION('',(0.,-1.,0.));
#1458 = ORIENTED_EDGE('',*,*,#1344,.T.);
#1459 = ORIENTED_EDGE('',*,*,#249,.F.);
#1460 = ORIENTED_EDGE('',*,*,#1461,.F.);
#1461 = EDGE_CURVE('',#1462,#241,#1464,.T.);
#1462 = VERTEX_POINT('',#1463);
#1463 = CARTESIAN_POINT('',(65.1,-0.6,-17.35));
#1464 = LINE('',#1465,#1466);
#1465 = CARTESIAN_POINT('',(76.1,-0.6,-17.35));
#1466 = VECTOR('',#1467,1.);
#1467 = DIRECTION('',(-1.,0.,0.));
#1468 = ORIENTED_EDGE('',*,*,#1469,.T.);
#1469 = EDGE_CURVE('',#1462,#1398,#1470,.T.);
#1470 = LINE('',#1471,#1472);
#1471 = CARTESIAN_POINT('',(65.1,6.55,-17.35));
#1472 = VECTOR('',#1473,1.);
#1473 = DIRECTION('',(0.,-1.,0.));
#1474 = PLANE('',#1475);
#1475 = AXIS2_PLACEMENT_3D('',#1476,#1477,#1478);
#1476 = CARTESIAN_POINT('',(75.1,-6.55,-17.35));
#1477 = DIRECTION('',(0.,0.,1.));
#1478 = DIRECTION('',(-1.,0.,0.));
#1479 = ADVANCED_FACE('',(#1480),#1519,.T.);
#1480 = FACE_BOUND('',#1481,.T.);
#1481 = EDGE_LOOP('',(#1482,#1509,#1510,#1511,#1512));
#1482 = ORIENTED_EDGE('',*,*,#1483,.F.);
#1483 = EDGE_CURVE('',#1462,#1484,#1486,.T.);
#1484 = VERTEX_POINT('',#1485);
#1485 = CARTESIAN_POINT('',(64.11,-1.686683135624,-18.34));
#1486 = B_SPLINE_CURVE_WITH_KNOTS('',6,(#1487,#1488,#1489,#1490,#1491,
    #1492,#1493,#1494,#1495,#1496,#1497,#1498,#1499,#1500,#1501,#1502,
    #1503,#1504,#1505,#1506,#1507,#1508),.UNSPECIFIED.,.F.,.F.,(7,5,5,5,
    7),(0.,0.335444660564,0.576333332871,0.795403658194,1.),
  .UNSPECIFIED.);
#1487 = CARTESIAN_POINT('',(65.1,-0.6,-17.35));
#1488 = CARTESIAN_POINT('',(65.070479862723,-0.68610040039,
    -17.37952013727));
#1489 = CARTESIAN_POINT('',(65.036009098339,-0.770070501926,
    -17.41399090166));
#1490 = CARTESIAN_POINT('',(64.996858431371,-0.851401591989,
    -17.45314156862));
#1491 = CARTESIAN_POINT('',(64.95337894668,-0.929672058461,
    -17.49662105332));
#1492 = CARTESIAN_POINT('',(64.905980956577,-1.004526147586,
    -17.54401904342));
#1493 = CARTESIAN_POINT('',(64.818606883313,-1.126782420496,
    -17.63139311668));
#1494 = CARTESIAN_POINT('',(64.780299401965,-1.175982549749,
    -17.66970059803));
#1495 = CARTESIAN_POINT('',(64.740367612929,-1.223187867958,
    -17.70963238707));
#1496 = CARTESIAN_POINT('',(64.698975606296,-1.268334141264,
    -17.7510243937));
#1497 = CARTESIAN_POINT('',(64.65628199317,-1.311383073171,
    -17.79371800683));
#1498 = CARTESIAN_POINT('',(64.572557467976,-1.389542786321,
    -17.87744253202));
#1499 = CARTESIAN_POINT('',(64.531725892754,-1.425019712284,
    -17.91827410724));
#1500 = CARTESIAN_POINT('',(64.490048248544,-1.458735769681,
    -17.95995175145));
#1501 = CARTESIAN_POINT('',(64.44762562744,-1.490692577065,
    -18.00237437256));
#1502 = CARTESIAN_POINT('',(64.404549371804,-1.52090172259,
    -18.04545062819));
#1503 = CARTESIAN_POINT('',(64.320133054456,-1.575979439269,
    -18.12986694554));
#1504 = CARTESIAN_POINT('',(64.278866939215,-1.601068600252,
    -18.17113306078));
#1505 = CARTESIAN_POINT('',(64.237165629241,-1.624664019787,
    -18.21283437075));
#1506 = CARTESIAN_POINT('',(64.195087444066,-1.646784324232,
    -18.25491255593));
#1507 = CARTESIAN_POINT('',(64.152683911273,-1.667450274946,
    -18.29731608872));
#1508 = CARTESIAN_POINT('',(64.1099994,-1.686683405977,-18.3400006));
#1509 = ORIENTED_EDGE('',*,*,#1461,.T.);
#1510 = ORIENTED_EDGE('',*,*,#240,.F.);
#1511 = ORIENTED_EDGE('',*,*,#891,.F.);
#1512 = ORIENTED_EDGE('',*,*,#1513,.T.);
#1513 = EDGE_CURVE('',#884,#1484,#1514,.T.);
#1514 = CIRCLE('',#1515,1.85);
#1515 = AXIS2_PLACEMENT_3D('',#1516,#1517,#1518);
#1516 = CARTESIAN_POINT('',(64.11,0.,-19.1));
#1517 = DIRECTION('',(-1.,0.,0.));
#1518 = DIRECTION('',(0.,0.,1.));
#1519 = CYLINDRICAL_SURFACE('',#1520,1.85);
#1520 = AXIS2_PLACEMENT_3D('',#1521,#1522,#1523);
#1521 = CARTESIAN_POINT('',(76.1,0.,-19.1));
#1522 = DIRECTION('',(-1.,0.,0.));
#1523 = DIRECTION('',(0.,0.,1.));
#1524 = ADVANCED_FACE('',(#1525),#1550,.T.);
#1525 = FACE_BOUND('',#1526,.T.);
#1526 = EDGE_LOOP('',(#1527,#1528,#1536,#1544));
#1527 = ORIENTED_EDGE('',*,*,#390,.F.);
#1528 = ORIENTED_EDGE('',*,*,#1529,.T.);
#1529 = EDGE_CURVE('',#391,#1530,#1532,.T.);
#1530 = VERTEX_POINT('',#1531);
#1531 = CARTESIAN_POINT('',(69.1,12.,-6.120502710837));
#1532 = LINE('',#1533,#1534);
#1533 = CARTESIAN_POINT('',(63.1,12.,-6.120502710837));
#1534 = VECTOR('',#1535,1.);
#1535 = DIRECTION('',(1.,0.,0.));
#1536 = ORIENTED_EDGE('',*,*,#1537,.T.);
#1537 = EDGE_CURVE('',#1530,#1538,#1540,.T.);
#1538 = VERTEX_POINT('',#1539);
#1539 = CARTESIAN_POINT('',(69.1,24.179497289163,-18.3));
#1540 = LINE('',#1541,#1542);
#1541 = CARTESIAN_POINT('',(69.1,-0.544874322291,6.424371611454));
#1542 = VECTOR('',#1543,1.);
#1543 = DIRECTION('',(0.,0.707106781187,-0.707106781187));
#1544 = ORIENTED_EDGE('',*,*,#1545,.F.);
#1545 = EDGE_CURVE('',#393,#1538,#1546,.T.);
#1546 = LINE('',#1547,#1548);
#1547 = CARTESIAN_POINT('',(63.1,24.179497289163,-18.3));
#1548 = VECTOR('',#1549,1.);
#1549 = DIRECTION('',(1.,0.,0.));
#1550 = PLANE('',#1551);
#1551 = AXIS2_PLACEMENT_3D('',#1552,#1553,#1554);
#1552 = CARTESIAN_POINT('',(63.1,12.,-6.120502710837));
#1553 = DIRECTION('',(-0.,0.707106781187,0.707106781187));
#1554 = DIRECTION('',(0.,0.707106781187,-0.707106781187));
#1555 = ADVANCED_FACE('',(#1556),#1574,.T.);
#1556 = FACE_BOUND('',#1557,.T.);
#1557 = EDGE_LOOP('',(#1558,#1559,#1567,#1573));
#1558 = ORIENTED_EDGE('',*,*,#448,.F.);
#1559 = ORIENTED_EDGE('',*,*,#1560,.T.);
#1560 = EDGE_CURVE('',#441,#1561,#1563,.T.);
#1561 = VERTEX_POINT('',#1562);
#1562 = CARTESIAN_POINT('',(69.1,12.,-4.779497289163));
#1563 = LINE('',#1564,#1565);
#1564 = CARTESIAN_POINT('',(63.1,12.,-4.779497289163));
#1565 = VECTOR('',#1566,1.);
#1566 = DIRECTION('',(1.,0.,0.));
#1567 = ORIENTED_EDGE('',*,*,#1568,.T.);
#1568 = EDGE_CURVE('',#1561,#1530,#1569,.T.);
#1569 = LINE('',#1570,#1571);
#1570 = CARTESIAN_POINT('',(69.1,12.,-13.53974864458));
#1571 = VECTOR('',#1572,1.);
#1572 = DIRECTION('',(0.,0.,-1.));
#1573 = ORIENTED_EDGE('',*,*,#1529,.F.);
#1574 = PLANE('',#1575);
#1575 = AXIS2_PLACEMENT_3D('',#1576,#1577,#1578);
#1576 = CARTESIAN_POINT('',(63.1,12.,-4.779497289163));
#1577 = DIRECTION('',(-0.,1.,0.));
#1578 = DIRECTION('',(0.,0.,-1.));
#1579 = ADVANCED_FACE('',(#1580),#1598,.T.);
#1580 = FACE_BOUND('',#1581,.T.);
#1581 = EDGE_LOOP('',(#1582,#1583,#1591,#1597));
#1582 = ORIENTED_EDGE('',*,*,#440,.F.);
#1583 = ORIENTED_EDGE('',*,*,#1584,.T.);
#1584 = EDGE_CURVE('',#433,#1585,#1587,.T.);
#1585 = VERTEX_POINT('',#1586);
#1586 = CARTESIAN_POINT('',(69.1,24.179497289163,7.4));
#1587 = LINE('',#1588,#1589);
#1588 = CARTESIAN_POINT('',(63.1,24.179497289163,7.4));
#1589 = VECTOR('',#1590,1.);
#1590 = DIRECTION('',(1.,0.,0.));
#1591 = ORIENTED_EDGE('',*,*,#1592,.T.);
#1592 = EDGE_CURVE('',#1585,#1561,#1593,.T.);
#1593 = LINE('',#1594,#1595);
#1594 = CARTESIAN_POINT('',(69.1,-2.880125677709,-19.65962296687));
#1595 = VECTOR('',#1596,1.);
#1596 = DIRECTION('',(-0.,-0.707106781187,-0.707106781187));
#1597 = ORIENTED_EDGE('',*,*,#1560,.F.);
#1598 = PLANE('',#1599);
#1599 = AXIS2_PLACEMENT_3D('',#1600,#1601,#1602);
#1600 = CARTESIAN_POINT('',(63.1,24.179497289163,7.4));
#1601 = DIRECTION('',(0.,0.707106781187,-0.707106781187));
#1602 = DIRECTION('',(0.,-0.707106781187,-0.707106781187));
#1603 = ADVANCED_FACE('',(#1604),#1622,.T.);
#1604 = FACE_BOUND('',#1605,.T.);
#1605 = EDGE_LOOP('',(#1606,#1607,#1615,#1621));
#1606 = ORIENTED_EDGE('',*,*,#432,.F.);
#1607 = ORIENTED_EDGE('',*,*,#1608,.T.);
#1608 = EDGE_CURVE('',#425,#1609,#1611,.T.);
#1609 = VERTEX_POINT('',#1610);
#1610 = CARTESIAN_POINT('',(69.1,32.179497289163,7.4));
#1611 = LINE('',#1612,#1613);
#1612 = CARTESIAN_POINT('',(63.1,32.179497289163,7.4));
#1613 = VECTOR('',#1614,1.);
#1614 = DIRECTION('',(1.,0.,0.));
#1615 = ORIENTED_EDGE('',*,*,#1616,.T.);
#1616 = EDGE_CURVE('',#1609,#1585,#1617,.T.);
#1617 = LINE('',#1618,#1619);
#1618 = CARTESIAN_POINT('',(69.1,-11.08974864458,7.4));
#1619 = VECTOR('',#1620,1.);
#1620 = DIRECTION('',(-0.,-1.,-0.));
#1621 = ORIENTED_EDGE('',*,*,#1584,.F.);
#1622 = PLANE('',#1623);
#1623 = AXIS2_PLACEMENT_3D('',#1624,#1625,#1626);
#1624 = CARTESIAN_POINT('',(63.1,32.179497289163,7.4));
#1625 = DIRECTION('',(0.,0.,-1.));
#1626 = DIRECTION('',(0.,-1.,0.));
#1627 = ADVANCED_FACE('',(#1628),#1646,.T.);
#1628 = FACE_BOUND('',#1629,.T.);
#1629 = EDGE_LOOP('',(#1630,#1631,#1639,#1645));
#1630 = ORIENTED_EDGE('',*,*,#424,.F.);
#1631 = ORIENTED_EDGE('',*,*,#1632,.T.);
#1632 = EDGE_CURVE('',#417,#1633,#1635,.T.);
#1633 = VERTEX_POINT('',#1634);
#1634 = CARTESIAN_POINT('',(69.1,44.358994578326,-4.779497289163));
#1635 = LINE('',#1636,#1637);
#1636 = CARTESIAN_POINT('',(63.1,44.358994578326,-4.779497289163));
#1637 = VECTOR('',#1638,1.);
#1638 = DIRECTION('',(1.,0.,0.));
#1639 = ORIENTED_EDGE('',*,*,#1640,.T.);
#1640 = EDGE_CURVE('',#1633,#1609,#1641,.T.);
#1641 = LINE('',#1642,#1643);
#1642 = CARTESIAN_POINT('',(69.1,24.059622966872,15.519874322291));
#1643 = VECTOR('',#1644,1.);
#1644 = DIRECTION('',(0.,-0.707106781187,0.707106781187));
#1645 = ORIENTED_EDGE('',*,*,#1608,.F.);
#1646 = PLANE('',#1647);
#1647 = AXIS2_PLACEMENT_3D('',#1648,#1649,#1650);
#1648 = CARTESIAN_POINT('',(63.1,44.358994578326,-4.779497289163));
#1649 = DIRECTION('',(0.,-0.707106781187,-0.707106781187));
#1650 = DIRECTION('',(0.,-0.707106781187,0.707106781187));
#1651 = ADVANCED_FACE('',(#1652),#1670,.T.);
#1652 = FACE_BOUND('',#1653,.T.);
#1653 = EDGE_LOOP('',(#1654,#1655,#1663,#1669));
#1654 = ORIENTED_EDGE('',*,*,#416,.F.);
#1655 = ORIENTED_EDGE('',*,*,#1656,.T.);
#1656 = EDGE_CURVE('',#409,#1657,#1659,.T.);
#1657 = VERTEX_POINT('',#1658);
#1658 = CARTESIAN_POINT('',(69.1,44.358994578326,-6.120502710837));
#1659 = LINE('',#1660,#1661);
#1660 = CARTESIAN_POINT('',(63.1,44.358994578326,-6.120502710837));
#1661 = VECTOR('',#1662,1.);
#1662 = DIRECTION('',(1.,0.,0.));
#1663 = ORIENTED_EDGE('',*,*,#1664,.T.);
#1664 = EDGE_CURVE('',#1657,#1633,#1665,.T.);
#1665 = LINE('',#1666,#1667);
#1666 = CARTESIAN_POINT('',(69.1,44.358994578326,-14.21025135541));
#1667 = VECTOR('',#1668,1.);
#1668 = DIRECTION('',(0.,0.,1.));
#1669 = ORIENTED_EDGE('',*,*,#1632,.F.);
#1670 = PLANE('',#1671);
#1671 = AXIS2_PLACEMENT_3D('',#1672,#1673,#1674);
#1672 = CARTESIAN_POINT('',(63.1,44.358994578326,-6.120502710837));
#1673 = DIRECTION('',(0.,-1.,0.));
#1674 = DIRECTION('',(0.,0.,1.));
#1675 = ADVANCED_FACE('',(#1676),#1694,.T.);
#1676 = FACE_BOUND('',#1677,.T.);
#1677 = EDGE_LOOP('',(#1678,#1679,#1687,#1693));
#1678 = ORIENTED_EDGE('',*,*,#408,.F.);
#1679 = ORIENTED_EDGE('',*,*,#1680,.T.);
#1680 = EDGE_CURVE('',#401,#1681,#1683,.T.);
#1681 = VERTEX_POINT('',#1682);
#1682 = CARTESIAN_POINT('',(69.1,32.179497289163,-18.3));
#1683 = LINE('',#1684,#1685);
#1684 = CARTESIAN_POINT('',(63.1,32.179497289163,-18.3));
#1685 = VECTOR('',#1686,1.);
#1686 = DIRECTION('',(1.,0.,0.));
#1687 = ORIENTED_EDGE('',*,*,#1688,.T.);
#1688 = EDGE_CURVE('',#1681,#1657,#1689,.T.);
#1689 = LINE('',#1690,#1691);
#1690 = CARTESIAN_POINT('',(69.1,9.544874322291,-40.93462296687));
#1691 = VECTOR('',#1692,1.);
#1692 = DIRECTION('',(0.,0.707106781187,0.707106781187));
#1693 = ORIENTED_EDGE('',*,*,#1656,.F.);
#1694 = PLANE('',#1695);
#1695 = AXIS2_PLACEMENT_3D('',#1696,#1697,#1698);
#1696 = CARTESIAN_POINT('',(63.1,32.179497289163,-18.3));
#1697 = DIRECTION('',(0.,-0.707106781187,0.707106781187));
#1698 = DIRECTION('',(0.,0.707106781187,0.707106781187));
#1699 = ADVANCED_FACE('',(#1700),#1711,.T.);
#1700 = FACE_BOUND('',#1701,.T.);
#1701 = EDGE_LOOP('',(#1702,#1703,#1704,#1710));
#1702 = ORIENTED_EDGE('',*,*,#400,.F.);
#1703 = ORIENTED_EDGE('',*,*,#1545,.T.);
#1704 = ORIENTED_EDGE('',*,*,#1705,.T.);
#1705 = EDGE_CURVE('',#1538,#1681,#1706,.T.);
#1706 = LINE('',#1707,#1708);
#1707 = CARTESIAN_POINT('',(69.1,-15.08974864458,-18.3));
#1708 = VECTOR('',#1709,1.);
#1709 = DIRECTION('',(0.,1.,-0.));
#1710 = ORIENTED_EDGE('',*,*,#1680,.F.);
#1711 = PLANE('',#1712);
#1712 = AXIS2_PLACEMENT_3D('',#1713,#1714,#1715);
#1713 = CARTESIAN_POINT('',(63.1,24.179497289163,-18.3));
#1714 = DIRECTION('',(0.,0.,1.));
#1715 = DIRECTION('',(0.,1.,0.));
#1716 = ADVANCED_FACE('',(#1717),#1742,.T.);
#1717 = FACE_BOUND('',#1718,.T.);
#1718 = EDGE_LOOP('',(#1719,#1729,#1735,#1736));
#1719 = ORIENTED_EDGE('',*,*,#1720,.T.);
#1720 = EDGE_CURVE('',#1721,#1723,#1725,.T.);
#1721 = VERTEX_POINT('',#1722);
#1722 = CARTESIAN_POINT('',(27.,48.358994578326,-9.5));
#1723 = VERTEX_POINT('',#1724);
#1724 = CARTESIAN_POINT('',(27.,54.358994578326,-9.5));
#1725 = LINE('',#1726,#1727);
#1726 = CARTESIAN_POINT('',(27.,48.358994578326,-9.5));
#1727 = VECTOR('',#1728,1.);
#1728 = DIRECTION('',(0.,1.,0.));
#1729 = ORIENTED_EDGE('',*,*,#1730,.T.);
#1730 = EDGE_CURVE('',#1723,#465,#1731,.T.);
#1731 = LINE('',#1732,#1733);
#1732 = CARTESIAN_POINT('',(27.,54.358994578326,-9.5));
#1733 = VECTOR('',#1734,1.);
#1734 = DIRECTION('',(0.707106781187,0.,0.707106781187));
#1735 = ORIENTED_EDGE('',*,*,#462,.F.);
#1736 = ORIENTED_EDGE('',*,*,#1737,.F.);
#1737 = EDGE_CURVE('',#1721,#463,#1738,.T.);
#1738 = LINE('',#1739,#1740);
#1739 = CARTESIAN_POINT('',(27.,48.358994578326,-9.5));
#1740 = VECTOR('',#1741,1.);
#1741 = DIRECTION('',(0.707106781187,0.,0.707106781187));
#1742 = PLANE('',#1743);
#1743 = AXIS2_PLACEMENT_3D('',#1744,#1745,#1746);
#1744 = CARTESIAN_POINT('',(27.,48.358994578326,-9.5));
#1745 = DIRECTION('',(0.707106781187,0.,-0.707106781187));
#1746 = DIRECTION('',(0.707106781187,0.,0.707106781187));
#1747 = ADVANCED_FACE('',(#1748,#1823,#1889,#1955,#2021,#2032),#2098,.T.
  );
#1748 = FACE_BOUND('',#1749,.T.);
#1749 = EDGE_LOOP('',(#1750,#1758,#1766,#1774,#1782,#1790,#1798,#1806,
    #1814,#1820,#1821,#1822));
#1750 = ORIENTED_EDGE('',*,*,#1751,.F.);
#1751 = EDGE_CURVE('',#1752,#496,#1754,.T.);
#1752 = VERTEX_POINT('',#1753);
#1753 = CARTESIAN_POINT('',(-48.6,-54.35899457832,-12.));
#1754 = LINE('',#1755,#1756);
#1755 = CARTESIAN_POINT('',(-48.6,-54.35899457832,-12.));
#1756 = VECTOR('',#1757,1.);
#1757 = DIRECTION('',(0.,0.,1.));
#1758 = ORIENTED_EDGE('',*,*,#1759,.T.);
#1759 = EDGE_CURVE('',#1752,#1760,#1762,.T.);
#1760 = VERTEX_POINT('',#1761);
#1761 = CARTESIAN_POINT('',(-48.6,54.358994578326,-12.));
#1762 = LINE('',#1763,#1764);
#1763 = CARTESIAN_POINT('',(-48.6,-54.35899457832,-12.));
#1764 = VECTOR('',#1765,1.);
#1765 = DIRECTION('',(-0.,1.,0.));
#1766 = ORIENTED_EDGE('',*,*,#1767,.T.);
#1767 = EDGE_CURVE('',#1760,#1768,#1770,.T.);
#1768 = VERTEX_POINT('',#1769);
#1769 = CARTESIAN_POINT('',(-48.6,54.358994578326,-7.));
#1770 = LINE('',#1771,#1772);
#1771 = CARTESIAN_POINT('',(-48.6,54.358994578326,-12.));
#1772 = VECTOR('',#1773,1.);
#1773 = DIRECTION('',(0.,0.,1.));
#1774 = ORIENTED_EDGE('',*,*,#1775,.T.);
#1775 = EDGE_CURVE('',#1768,#1776,#1778,.T.);
#1776 = VERTEX_POINT('',#1777);
#1777 = CARTESIAN_POINT('',(-48.6,48.358994578326,-7.));
#1778 = LINE('',#1779,#1780);
#1779 = CARTESIAN_POINT('',(-48.6,-3.,-7.));
#1780 = VECTOR('',#1781,1.);
#1781 = DIRECTION('',(0.,-1.,0.));
#1782 = ORIENTED_EDGE('',*,*,#1783,.T.);
#1783 = EDGE_CURVE('',#1776,#1784,#1786,.T.);
#1784 = VERTEX_POINT('',#1785);
#1785 = CARTESIAN_POINT('',(-48.6,48.358994578326,7.));
#1786 = LINE('',#1787,#1788);
#1787 = CARTESIAN_POINT('',(-48.6,48.358994578326,-9.5));
#1788 = VECTOR('',#1789,1.);
#1789 = DIRECTION('',(0.,0.,1.));
#1790 = ORIENTED_EDGE('',*,*,#1791,.F.);
#1791 = EDGE_CURVE('',#1792,#1784,#1794,.T.);
#1792 = VERTEX_POINT('',#1793);
#1793 = CARTESIAN_POINT('',(-48.6,54.358994578326,7.));
#1794 = LINE('',#1795,#1796);
#1795 = CARTESIAN_POINT('',(-48.6,-3.,7.));
#1796 = VECTOR('',#1797,1.);
#1797 = DIRECTION('',(0.,-1.,0.));
#1798 = ORIENTED_EDGE('',*,*,#1799,.T.);
#1799 = EDGE_CURVE('',#1792,#1800,#1802,.T.);
#1800 = VERTEX_POINT('',#1801);
#1801 = CARTESIAN_POINT('',(-48.6,54.358994578326,12.));
#1802 = LINE('',#1803,#1804);
#1803 = CARTESIAN_POINT('',(-48.6,54.358994578326,-12.));
#1804 = VECTOR('',#1805,1.);
#1805 = DIRECTION('',(0.,0.,1.));
#1806 = ORIENTED_EDGE('',*,*,#1807,.F.);
#1807 = EDGE_CURVE('',#1808,#1800,#1810,.T.);
#1808 = VERTEX_POINT('',#1809);
#1809 = CARTESIAN_POINT('',(-48.6,-54.35899457832,12.));
#1810 = LINE('',#1811,#1812);
#1811 = CARTESIAN_POINT('',(-48.6,-54.35899457832,12.));
#1812 = VECTOR('',#1813,1.);
#1813 = DIRECTION('',(-0.,1.,0.));
#1814 = ORIENTED_EDGE('',*,*,#1815,.F.);
#1815 = EDGE_CURVE('',#580,#1808,#1816,.T.);
#1816 = LINE('',#1817,#1818);
#1817 = CARTESIAN_POINT('',(-48.6,-54.35899457832,-12.));
#1818 = VECTOR('',#1819,1.);
#1819 = DIRECTION('',(0.,0.,1.));
#1820 = ORIENTED_EDGE('',*,*,#579,.F.);
#1821 = ORIENTED_EDGE('',*,*,#556,.F.);
#1822 = ORIENTED_EDGE('',*,*,#493,.T.);
#1823 = FACE_BOUND('',#1824,.T.);
#1824 = EDGE_LOOP('',(#1825,#1835,#1843,#1851,#1859,#1867,#1875,#1883));
#1825 = ORIENTED_EDGE('',*,*,#1826,.T.);
#1826 = EDGE_CURVE('',#1827,#1829,#1831,.T.);
#1827 = VERTEX_POINT('',#1828);
#1828 = CARTESIAN_POINT('',(-48.6,45.358994578326,-4.910251355418));
#1829 = VERTEX_POINT('',#1830);
#1830 = CARTESIAN_POINT('',(-48.6,41.269245933745,-9.));
#1831 = LINE('',#1832,#1833);
#1832 = CARTESIAN_POINT('',(-48.6,16.612185805727,-33.65706012801));
#1833 = VECTOR('',#1834,1.);
#1834 = DIRECTION('',(0.,-0.707106781187,-0.707106781187));
#1835 = ORIENTED_EDGE('',*,*,#1836,.T.);
#1836 = EDGE_CURVE('',#1829,#1837,#1839,.T.);
#1837 = VERTEX_POINT('',#1838);
#1838 = CARTESIAN_POINT('',(-48.6,33.269245933745,-9.));
#1839 = LINE('',#1840,#1841);
#1840 = CARTESIAN_POINT('',(-48.6,-10.54487432229,-9.));
#1841 = VECTOR('',#1842,1.);
#1842 = DIRECTION('',(0.,-1.,0.));
#1843 = ORIENTED_EDGE('',*,*,#1844,.T.);
#1844 = EDGE_CURVE('',#1837,#1845,#1847,.T.);
#1845 = VERTEX_POINT('',#1846);
#1846 = CARTESIAN_POINT('',(-48.6,29.179497289163,-4.910251355418));
#1847 = LINE('',#1848,#1849);
#1848 = CARTESIAN_POINT('',(-48.6,10.067311483436,14.201934450309));
#1849 = VECTOR('',#1850,1.);
#1850 = DIRECTION('',(0.,-0.707106781187,0.707106781187));
#1851 = ORIENTED_EDGE('',*,*,#1852,.T.);
#1852 = EDGE_CURVE('',#1845,#1853,#1855,.T.);
#1853 = VERTEX_POINT('',#1854);
#1854 = CARTESIAN_POINT('',(-48.6,29.179497289163,4.910251355418));
#1855 = LINE('',#1856,#1857);
#1856 = CARTESIAN_POINT('',(-48.6,29.179497289163,-3.544874322291));
#1857 = VECTOR('',#1858,1.);
#1858 = DIRECTION('',(0.,0.,1.));
#1859 = ORIENTED_EDGE('',*,*,#1860,.T.);
#1860 = EDGE_CURVE('',#1853,#1861,#1863,.T.);
#1861 = VERTEX_POINT('',#1862);
#1862 = CARTESIAN_POINT('',(-48.6,33.269245933745,9.));
#1863 = LINE('',#1864,#1865);
#1864 = CARTESIAN_POINT('',(-48.6,6.112185805727,-18.15706012801));
#1865 = VECTOR('',#1866,1.);
#1866 = DIRECTION('',(0.,0.707106781187,0.707106781187));
#1867 = ORIENTED_EDGE('',*,*,#1868,.T.);
#1868 = EDGE_CURVE('',#1861,#1869,#1871,.T.);
#1869 = VERTEX_POINT('',#1870);
#1870 = CARTESIAN_POINT('',(-48.6,41.269245933745,9.));
#1871 = LINE('',#1872,#1873);
#1872 = CARTESIAN_POINT('',(-48.6,-6.544874322291,9.));
#1873 = VECTOR('',#1874,1.);
#1874 = DIRECTION('',(0.,1.,0.));
#1875 = ORIENTED_EDGE('',*,*,#1876,.T.);
#1876 = EDGE_CURVE('',#1869,#1877,#1879,.T.);
#1877 = VERTEX_POINT('',#1878);
#1878 = CARTESIAN_POINT('',(-48.6,45.358994578326,4.910251355418));
#1879 = LINE('',#1880,#1881);
#1880 = CARTESIAN_POINT('',(-48.6,24.657060128018,25.612185805727));
#1881 = VECTOR('',#1882,1.);
#1882 = DIRECTION('',(-0.,0.707106781187,-0.707106781187));
#1883 = ORIENTED_EDGE('',*,*,#1884,.T.);
#1884 = EDGE_CURVE('',#1877,#1827,#1885,.T.);
#1885 = LINE('',#1886,#1887);
#1886 = CARTESIAN_POINT('',(-48.6,45.358994578326,-8.455125677709));
#1887 = VECTOR('',#1888,1.);
#1888 = DIRECTION('',(0.,-0.,-1.));
#1889 = FACE_BOUND('',#1890,.T.);
#1890 = EDGE_LOOP('',(#1891,#1901,#1909,#1917,#1925,#1933,#1941,#1949));
#1891 = ORIENTED_EDGE('',*,*,#1892,.T.);
#1892 = EDGE_CURVE('',#1893,#1895,#1897,.T.);
#1893 = VERTEX_POINT('',#1894);
#1894 = CARTESIAN_POINT('',(-48.6,26.179497289163,-4.910251355418));
#1895 = VERTEX_POINT('',#1896);
#1896 = CARTESIAN_POINT('',(-48.6,22.089748644582,-9.));
#1897 = LINE('',#1898,#1899);
#1898 = CARTESIAN_POINT('',(-48.6,2.227562838855,-28.86218580572));
#1899 = VECTOR('',#1900,1.);
#1900 = DIRECTION('',(0.,-0.707106781187,-0.707106781187));
#1901 = ORIENTED_EDGE('',*,*,#1902,.T.);
#1902 = EDGE_CURVE('',#1895,#1903,#1905,.T.);
#1903 = VERTEX_POINT('',#1904);
#1904 = CARTESIAN_POINT('',(-48.6,14.089748644582,-9.));
#1905 = LINE('',#1906,#1907);
#1906 = CARTESIAN_POINT('',(-48.6,-20.13462296687,-9.));
#1907 = VECTOR('',#1908,1.);
#1908 = DIRECTION('',(0.,-1.,0.));
#1909 = ORIENTED_EDGE('',*,*,#1910,.T.);
#1910 = EDGE_CURVE('',#1903,#1911,#1913,.T.);
#1911 = VERTEX_POINT('',#1912);
#1912 = CARTESIAN_POINT('',(-48.6,10.,-4.910251355418));
#1913 = LINE('',#1914,#1915);
#1914 = CARTESIAN_POINT('',(-48.6,-4.317311483436,9.407060128018));
#1915 = VECTOR('',#1916,1.);
#1916 = DIRECTION('',(0.,-0.707106781187,0.707106781187));
#1917 = ORIENTED_EDGE('',*,*,#1918,.T.);
#1918 = EDGE_CURVE('',#1911,#1919,#1921,.T.);
#1919 = VERTEX_POINT('',#1920);
#1920 = CARTESIAN_POINT('',(-48.6,10.,4.910251355418));
#1921 = LINE('',#1922,#1923);
#1922 = CARTESIAN_POINT('',(-48.6,10.,-3.544874322291));
#1923 = VECTOR('',#1924,1.);
#1924 = DIRECTION('',(0.,0.,1.));
#1925 = ORIENTED_EDGE('',*,*,#1926,.T.);
#1926 = EDGE_CURVE('',#1919,#1927,#1929,.T.);
#1927 = VERTEX_POINT('',#1928);
#1928 = CARTESIAN_POINT('',(-48.6,14.089748644582,9.));
#1929 = LINE('',#1930,#1931);
#1930 = CARTESIAN_POINT('',(-48.6,-8.272437161145,-13.36218580572));
#1931 = VECTOR('',#1932,1.);
#1932 = DIRECTION('',(0.,0.707106781187,0.707106781187));
#1933 = ORIENTED_EDGE('',*,*,#1934,.T.);
#1934 = EDGE_CURVE('',#1927,#1935,#1937,.T.);
#1935 = VERTEX_POINT('',#1936);
#1936 = CARTESIAN_POINT('',(-48.6,22.089748644582,9.));
#1937 = LINE('',#1938,#1939);
#1938 = CARTESIAN_POINT('',(-48.6,-16.13462296687,9.));
#1939 = VECTOR('',#1940,1.);
#1940 = DIRECTION('',(0.,1.,0.));
#1941 = ORIENTED_EDGE('',*,*,#1942,.T.);
#1942 = EDGE_CURVE('',#1935,#1943,#1945,.T.);
#1943 = VERTEX_POINT('',#1944);
#1944 = CARTESIAN_POINT('',(-48.6,26.179497289163,4.910251355418));
#1945 = LINE('',#1946,#1947);
#1946 = CARTESIAN_POINT('',(-48.6,10.272437161145,20.817311483436));
#1947 = VECTOR('',#1948,1.);
#1948 = DIRECTION('',(-0.,0.707106781187,-0.707106781187));
#1949 = ORIENTED_EDGE('',*,*,#1950,.T.);
#1950 = EDGE_CURVE('',#1943,#1893,#1951,.T.);
#1951 = LINE('',#1952,#1953);
#1952 = CARTESIAN_POINT('',(-48.6,26.179497289163,-8.455125677709));
#1953 = VECTOR('',#1954,1.);
#1954 = DIRECTION('',(0.,-0.,-1.));
#1955 = FACE_BOUND('',#1956,.T.);
#1956 = EDGE_LOOP('',(#1957,#1967,#1975,#1983,#1991,#1999,#2007,#2015));
#1957 = ORIENTED_EDGE('',*,*,#1958,.T.);
#1958 = EDGE_CURVE('',#1959,#1961,#1963,.T.);
#1959 = VERTEX_POINT('',#1960);
#1960 = CARTESIAN_POINT('',(-48.6,-10.,-4.910251355418));
#1961 = VERTEX_POINT('',#1962);
#1962 = CARTESIAN_POINT('',(-48.6,-14.08974864458,-9.));
#1963 = LINE('',#1964,#1965);
#1964 = CARTESIAN_POINT('',(-48.6,-24.90706012801,-19.81731148343));
#1965 = VECTOR('',#1966,1.);
#1966 = DIRECTION('',(0.,-0.707106781187,-0.707106781187));
#1967 = ORIENTED_EDGE('',*,*,#1968,.T.);
#1968 = EDGE_CURVE('',#1961,#1969,#1971,.T.);
#1969 = VERTEX_POINT('',#1970);
#1970 = CARTESIAN_POINT('',(-48.6,-22.08974864458,-9.));
#1971 = LINE('',#1972,#1973);
#1972 = CARTESIAN_POINT('',(-48.6,-38.22437161145,-9.));
#1973 = VECTOR('',#1974,1.);
#1974 = DIRECTION('',(0.,-1.,0.));
#1975 = ORIENTED_EDGE('',*,*,#1976,.T.);
#1976 = EDGE_CURVE('',#1969,#1977,#1979,.T.);
#1977 = VERTEX_POINT('',#1978);
#1978 = CARTESIAN_POINT('',(-48.6,-26.17949728916,-4.910251355418));
#1979 = LINE('',#1980,#1981);
#1980 = CARTESIAN_POINT('',(-48.6,-31.4519344503,0.362185805727));
#1981 = VECTOR('',#1982,1.);
#1982 = DIRECTION('',(0.,-0.707106781187,0.707106781187));
#1983 = ORIENTED_EDGE('',*,*,#1984,.T.);
#1984 = EDGE_CURVE('',#1977,#1985,#1987,.T.);
#1985 = VERTEX_POINT('',#1986);
#1986 = CARTESIAN_POINT('',(-48.6,-26.17949728916,4.910251355418));
#1987 = LINE('',#1988,#1989);
#1988 = CARTESIAN_POINT('',(-48.6,-26.17949728916,-3.544874322291));
#1989 = VECTOR('',#1990,1.);
#1990 = DIRECTION('',(0.,0.,1.));
#1991 = ORIENTED_EDGE('',*,*,#1992,.T.);
#1992 = EDGE_CURVE('',#1985,#1993,#1995,.T.);
#1993 = VERTEX_POINT('',#1994);
#1994 = CARTESIAN_POINT('',(-48.6,-22.08974864458,9.));
#1995 = LINE('',#1996,#1997);
#1996 = CARTESIAN_POINT('',(-48.6,-35.40706012801,-4.317311483436));
#1997 = VECTOR('',#1998,1.);
#1998 = DIRECTION('',(0.,0.707106781187,0.707106781187));
#1999 = ORIENTED_EDGE('',*,*,#2000,.T.);
#2000 = EDGE_CURVE('',#1993,#2001,#2003,.T.);
#2001 = VERTEX_POINT('',#2002);
#2002 = CARTESIAN_POINT('',(-48.6,-14.08974864458,9.));
#2003 = LINE('',#2004,#2005);
#2004 = CARTESIAN_POINT('',(-48.6,-34.22437161145,9.));
#2005 = VECTOR('',#2006,1.);
#2006 = DIRECTION('',(0.,1.,0.));
#2007 = ORIENTED_EDGE('',*,*,#2008,.T.);
#2008 = EDGE_CURVE('',#2001,#2009,#2011,.T.);
#2009 = VERTEX_POINT('',#2010);
#2010 = CARTESIAN_POINT('',(-48.6,-10.,4.910251355418));
#2011 = LINE('',#2012,#2013);
#2012 = CARTESIAN_POINT('',(-48.6,-16.86218580572,11.772437161145));
#2013 = VECTOR('',#2014,1.);
#2014 = DIRECTION('',(-0.,0.707106781187,-0.707106781187));
#2015 = ORIENTED_EDGE('',*,*,#2016,.T.);
#2016 = EDGE_CURVE('',#2009,#1959,#2017,.T.);
#2017 = LINE('',#2018,#2019);
#2018 = CARTESIAN_POINT('',(-48.6,-10.,-8.455125677709));
#2019 = VECTOR('',#2020,1.);
#2020 = DIRECTION('',(0.,-0.,-1.));
#2021 = FACE_BOUND('',#2022,.T.);
#2022 = EDGE_LOOP('',(#2023));
#2023 = ORIENTED_EDGE('',*,*,#2024,.T.);
#2024 = EDGE_CURVE('',#2025,#2025,#2027,.T.);
#2025 = VERTEX_POINT('',#2026);
#2026 = CARTESIAN_POINT('',(-48.6,7.960204194458E-16,-3.25));
#2027 = CIRCLE('',#2028,3.25);
#2028 = AXIS2_PLACEMENT_3D('',#2029,#2030,#2031);
#2029 = CARTESIAN_POINT('',(-48.6,0.,0.));
#2030 = DIRECTION('',(-1.,0.,0.));
#2031 = DIRECTION('',(0.,0.,-1.));
#2032 = FACE_BOUND('',#2033,.T.);
#2033 = EDGE_LOOP('',(#2034,#2044,#2052,#2060,#2068,#2076,#2084,#2092));
#2034 = ORIENTED_EDGE('',*,*,#2035,.T.);
#2035 = EDGE_CURVE('',#2036,#2038,#2040,.T.);
#2036 = VERTEX_POINT('',#2037);
#2037 = CARTESIAN_POINT('',(-48.6,-29.17949728916,-4.910251355418));
#2038 = VERTEX_POINT('',#2039);
#2039 = CARTESIAN_POINT('',(-48.6,-33.26924593374,-9.));
#2040 = LINE('',#2041,#2042);
#2041 = CARTESIAN_POINT('',(-48.6,-39.29168309489,-15.02243716114));
#2042 = VECTOR('',#2043,1.);
#2043 = DIRECTION('',(0.,-0.707106781187,-0.707106781187));
#2044 = ORIENTED_EDGE('',*,*,#2045,.T.);
#2045 = EDGE_CURVE('',#2038,#2046,#2048,.T.);
#2046 = VERTEX_POINT('',#2047);
#2047 = CARTESIAN_POINT('',(-48.6,-41.26924593374,-9.));
#2048 = LINE('',#2049,#2050);
#2049 = CARTESIAN_POINT('',(-48.6,-47.81412025603,-9.));
#2050 = VECTOR('',#2051,1.);
#2051 = DIRECTION('',(0.,-1.,0.));
#2052 = ORIENTED_EDGE('',*,*,#2053,.T.);
#2053 = EDGE_CURVE('',#2046,#2054,#2056,.T.);
#2054 = VERTEX_POINT('',#2055);
#2055 = CARTESIAN_POINT('',(-48.6,-45.35899457832,-4.910251355418));
#2056 = LINE('',#2057,#2058);
#2057 = CARTESIAN_POINT('',(-48.6,-45.83655741718,-4.432688516564));
#2058 = VECTOR('',#2059,1.);
#2059 = DIRECTION('',(0.,-0.707106781187,0.707106781187));
#2060 = ORIENTED_EDGE('',*,*,#2061,.T.);
#2061 = EDGE_CURVE('',#2054,#2062,#2064,.T.);
#2062 = VERTEX_POINT('',#2063);
#2063 = CARTESIAN_POINT('',(-48.6,-45.35899457832,4.910251355418));
#2064 = LINE('',#2065,#2066);
#2065 = CARTESIAN_POINT('',(-48.6,-45.35899457832,-3.544874322291));
#2066 = VECTOR('',#2067,1.);
#2067 = DIRECTION('',(0.,0.,1.));
#2068 = ORIENTED_EDGE('',*,*,#2069,.T.);
#2069 = EDGE_CURVE('',#2062,#2070,#2072,.T.);
#2070 = VERTEX_POINT('',#2071);
#2071 = CARTESIAN_POINT('',(-48.6,-41.26924593374,9.));
#2072 = LINE('',#2073,#2074);
#2073 = CARTESIAN_POINT('',(-48.6,-49.79168309489,0.477562838855));
#2074 = VECTOR('',#2075,1.);
#2075 = DIRECTION('',(0.,0.707106781187,0.707106781187));
#2076 = ORIENTED_EDGE('',*,*,#2077,.T.);
#2077 = EDGE_CURVE('',#2070,#2078,#2080,.T.);
#2078 = VERTEX_POINT('',#2079);
#2079 = CARTESIAN_POINT('',(-48.6,-33.26924593374,9.));
#2080 = LINE('',#2081,#2082);
#2081 = CARTESIAN_POINT('',(-48.6,-43.81412025603,9.));
#2082 = VECTOR('',#2083,1.);
#2083 = DIRECTION('',(0.,1.,0.));
#2084 = ORIENTED_EDGE('',*,*,#2085,.T.);
#2085 = EDGE_CURVE('',#2078,#2086,#2088,.T.);
#2086 = VERTEX_POINT('',#2087);
#2087 = CARTESIAN_POINT('',(-48.6,-29.17949728916,4.910251355418));
#2088 = LINE('',#2089,#2090);
#2089 = CARTESIAN_POINT('',(-48.6,-31.24680877259,6.977562838855));
#2090 = VECTOR('',#2091,1.);
#2091 = DIRECTION('',(-0.,0.707106781187,-0.707106781187));
#2092 = ORIENTED_EDGE('',*,*,#2093,.T.);
#2093 = EDGE_CURVE('',#2086,#2036,#2094,.T.);
#2094 = LINE('',#2095,#2096);
#2095 = CARTESIAN_POINT('',(-48.6,-29.17949728916,-8.455125677709));
#2096 = VECTOR('',#2097,1.);
#2097 = DIRECTION('',(0.,-0.,-1.));
#2098 = PLANE('',#2099);
#2099 = AXIS2_PLACEMENT_3D('',#2100,#2101,#2102);
#2100 = CARTESIAN_POINT('',(-48.6,-54.35899457832,-12.));
#2101 = DIRECTION('',(1.,0.,-0.));
#2102 = DIRECTION('',(0.,0.,1.));
#2103 = ADVANCED_FACE('',(#2104),#2129,.T.);
#2104 = FACE_BOUND('',#2105,.T.);
#2105 = EDGE_LOOP('',(#2106,#2107,#2115,#2123));
#2106 = ORIENTED_EDGE('',*,*,#524,.T.);
#2107 = ORIENTED_EDGE('',*,*,#2108,.T.);
#2108 = EDGE_CURVE('',#527,#2109,#2111,.T.);
#2109 = VERTEX_POINT('',#2110);
#2110 = CARTESIAN_POINT('',(27.,54.358994578326,9.5));
#2111 = LINE('',#2112,#2113);
#2112 = CARTESIAN_POINT('',(29.5,54.358994578326,7.));
#2113 = VECTOR('',#2114,1.);
#2114 = DIRECTION('',(-0.707106781187,0.,0.707106781187));
#2115 = ORIENTED_EDGE('',*,*,#2116,.F.);
#2116 = EDGE_CURVE('',#2117,#2109,#2119,.T.);
#2117 = VERTEX_POINT('',#2118);
#2118 = CARTESIAN_POINT('',(27.,48.358994578326,9.5));
#2119 = LINE('',#2120,#2121);
#2120 = CARTESIAN_POINT('',(27.,48.358994578326,9.5));
#2121 = VECTOR('',#2122,1.);
#2122 = DIRECTION('',(0.,1.,0.));
#2123 = ORIENTED_EDGE('',*,*,#2124,.F.);
#2124 = EDGE_CURVE('',#525,#2117,#2125,.T.);
#2125 = LINE('',#2126,#2127);
#2126 = CARTESIAN_POINT('',(29.5,48.358994578326,7.));
#2127 = VECTOR('',#2128,1.);
#2128 = DIRECTION('',(-0.707106781187,0.,0.707106781187));
#2129 = PLANE('',#2130);
#2130 = AXIS2_PLACEMENT_3D('',#2131,#2132,#2133);
#2131 = CARTESIAN_POINT('',(29.5,48.358994578326,7.));
#2132 = DIRECTION('',(0.707106781187,-0.,0.707106781187));
#2133 = DIRECTION('',(-0.707106781187,0.,0.707106781187));
#2134 = ADVANCED_FACE('',(#2135),#2161,.T.);
#2135 = FACE_BOUND('',#2136,.T.);
#2136 = EDGE_LOOP('',(#2137,#2138,#2139,#2140,#2141,#2148,#2155,#2160));
#2137 = ORIENTED_EDGE('',*,*,#883,.F.);
#2138 = ORIENTED_EDGE('',*,*,#914,.T.);
#2139 = ORIENTED_EDGE('',*,*,#931,.T.);
#2140 = ORIENTED_EDGE('',*,*,#1014,.T.);
#2141 = ORIENTED_EDGE('',*,*,#2142,.T.);
#2142 = EDGE_CURVE('',#1002,#2143,#2145,.T.);
#2143 = VERTEX_POINT('',#2144);
#2144 = CARTESIAN_POINT('',(64.11,-7.54,7.44));
#2145 = B_SPLINE_CURVE_WITH_KNOTS('',1,(#2146,#2147),.UNSPECIFIED.,.F.,
  .F.,(2,2),(0.,1.),.PIECEWISE_BEZIER_KNOTS.);
#2146 = CARTESIAN_POINT('',(64.11,7.54,7.44));
#2147 = CARTESIAN_POINT('',(64.11,-7.54,7.44));
#2148 = ORIENTED_EDGE('',*,*,#2149,.T.);
#2149 = EDGE_CURVE('',#2143,#2150,#2152,.T.);
#2150 = VERTEX_POINT('',#2151);
#2151 = CARTESIAN_POINT('',(64.11,-7.54,-18.34));
#2152 = B_SPLINE_CURVE_WITH_KNOTS('',1,(#2153,#2154),.UNSPECIFIED.,.F.,
  .F.,(2,2),(0.,1.),.PIECEWISE_BEZIER_KNOTS.);
#2153 = CARTESIAN_POINT('',(64.11,-7.54,7.44));
#2154 = CARTESIAN_POINT('',(64.11,-7.54,-18.34));
#2155 = ORIENTED_EDGE('',*,*,#2156,.T.);
#2156 = EDGE_CURVE('',#2150,#1484,#2157,.T.);
#2157 = B_SPLINE_CURVE_WITH_KNOTS('',1,(#2158,#2159),.UNSPECIFIED.,.F.,
  .F.,(2,2),(0.,1.),.PIECEWISE_BEZIER_KNOTS.);
#2158 = CARTESIAN_POINT('',(64.11,-7.54,-18.34));
#2159 = CARTESIAN_POINT('',(64.11,7.54,-18.34));
#2160 = ORIENTED_EDGE('',*,*,#1513,.F.);
#2161 = PLANE('',#2162);
#2162 = AXIS2_PLACEMENT_3D('',#2163,#2164,#2165);
#2163 = CARTESIAN_POINT('',(64.11,-7.55,-18.35));
#2164 = DIRECTION('',(-1.,0.,0.));
#2165 = DIRECTION('',(0.,0.,1.));
#2166 = ADVANCED_FACE('',(#2167),#2184,.F.);
#2167 = FACE_BOUND('',#2168,.F.);
#2168 = EDGE_LOOP('',(#2169,#2176,#2182,#2183));
#2169 = ORIENTED_EDGE('',*,*,#2170,.F.);
#2170 = EDGE_CURVE('',#2171,#2143,#2173,.T.);
#2171 = VERTEX_POINT('',#2172);
#2172 = CARTESIAN_POINT('',(65.1,-6.55,6.45));
#2173 = B_SPLINE_CURVE_WITH_KNOTS('',1,(#2174,#2175),.UNSPECIFIED.,.F.,
  .F.,(2,2),(0.,1.),.PIECEWISE_BEZIER_KNOTS.);
#2174 = CARTESIAN_POINT('',(65.1,-6.55,6.45));
#2175 = CARTESIAN_POINT('',(64.1,-7.55,7.45));
#2176 = ORIENTED_EDGE('',*,*,#2177,.T.);
#2177 = EDGE_CURVE('',#2171,#994,#2178,.T.);
#2178 = LINE('',#2179,#2180);
#2179 = CARTESIAN_POINT('',(65.1,-6.55,6.45));
#2180 = VECTOR('',#2181,1.);
#2181 = DIRECTION('',(0.,1.,0.));
#2182 = ORIENTED_EDGE('',*,*,#1001,.T.);
#2183 = ORIENTED_EDGE('',*,*,#2142,.T.);
#2184 = B_SPLINE_SURFACE_WITH_KNOTS('',1,1,(
    (#2185,#2186)
    ,(#2187,#2188
    )),.UNSPECIFIED.,.F.,.F.,.F.,(2,2),(2,2),(0.,15.1),(0.,1.),
  .PIECEWISE_BEZIER_KNOTS.);
#2185 = CARTESIAN_POINT('',(65.1,-6.55,6.45));
#2186 = CARTESIAN_POINT('',(64.1,-7.55,7.45));
#2187 = CARTESIAN_POINT('',(65.1,6.55,6.45));
#2188 = CARTESIAN_POINT('',(64.1,7.55,7.45));
#2189 = ADVANCED_FACE('',(#2190),#2208,.F.);
#2190 = FACE_BOUND('',#2191,.F.);
#2191 = EDGE_LOOP('',(#2192,#2200,#2206,#2207));
#2192 = ORIENTED_EDGE('',*,*,#2193,.F.);
#2193 = EDGE_CURVE('',#2194,#2171,#2196,.T.);
#2194 = VERTEX_POINT('',#2195);
#2195 = CARTESIAN_POINT('',(68.1,-6.55,6.45));
#2196 = LINE('',#2197,#2198);
#2197 = CARTESIAN_POINT('',(75.1,-6.55,6.45));
#2198 = VECTOR('',#2199,1.);
#2199 = DIRECTION('',(-1.,0.,0.));
#2200 = ORIENTED_EDGE('',*,*,#2201,.T.);
#2201 = EDGE_CURVE('',#2194,#981,#2202,.T.);
#2202 = LINE('',#2203,#2204);
#2203 = CARTESIAN_POINT('',(68.1,-6.55,6.45));
#2204 = VECTOR('',#2205,1.);
#2205 = DIRECTION('',(0.,1.,0.));
#2206 = ORIENTED_EDGE('',*,*,#993,.T.);
#2207 = ORIENTED_EDGE('',*,*,#2177,.F.);
#2208 = PLANE('',#2209);
#2209 = AXIS2_PLACEMENT_3D('',#2210,#2211,#2212);
#2210 = CARTESIAN_POINT('',(75.1,-6.55,6.45));
#2211 = DIRECTION('',(0.,0.,1.));
#2212 = DIRECTION('',(-1.,0.,0.));
#2213 = ADVANCED_FACE('',(#2214),#2230,.T.);
#2214 = FACE_BOUND('',#2215,.T.);
#2215 = EDGE_LOOP('',(#2216,#2223,#2224,#2225));
#2216 = ORIENTED_EDGE('',*,*,#2217,.F.);
#2217 = EDGE_CURVE('',#2194,#2218,#2220,.T.);
#2218 = VERTEX_POINT('',#2219);
#2219 = CARTESIAN_POINT('',(69.09,-7.54,7.44));
#2220 = B_SPLINE_CURVE_WITH_KNOTS('',1,(#2221,#2222),.UNSPECIFIED.,.F.,
  .F.,(2,2),(0.,1.),.PIECEWISE_BEZIER_KNOTS.);
#2221 = CARTESIAN_POINT('',(68.1,-6.55,6.45));
#2222 = CARTESIAN_POINT('',(69.1,-7.55,7.45));
#2223 = ORIENTED_EDGE('',*,*,#2201,.T.);
#2224 = ORIENTED_EDGE('',*,*,#980,.T.);
#2225 = ORIENTED_EDGE('',*,*,#2226,.T.);
#2226 = EDGE_CURVE('',#973,#2218,#2227,.T.);
#2227 = B_SPLINE_CURVE_WITH_KNOTS('',1,(#2228,#2229),.UNSPECIFIED.,.F.,
  .F.,(2,2),(0.,1.),.PIECEWISE_BEZIER_KNOTS.);
#2228 = CARTESIAN_POINT('',(69.09,7.54,7.44));
#2229 = CARTESIAN_POINT('',(69.09,-7.54,7.44));
#2230 = B_SPLINE_SURFACE_WITH_KNOTS('',1,1,(
    (#2231,#2232)
    ,(#2233,#2234
    )),.UNSPECIFIED.,.F.,.F.,.F.,(2,2),(2,2),(0.,15.1),(0.,1.),
  .PIECEWISE_BEZIER_KNOTS.);
#2231 = CARTESIAN_POINT('',(68.1,-6.55,6.45));
#2232 = CARTESIAN_POINT('',(69.1,-7.55,7.45));
#2233 = CARTESIAN_POINT('',(68.1,6.55,6.45));
#2234 = CARTESIAN_POINT('',(69.1,7.55,7.45));
#2235 = ADVANCED_FACE('',(#2236),#2285,.F.);
#2236 = FACE_BOUND('',#2237,.F.);
#2237 = EDGE_LOOP('',(#2238,#2248,#2256,#2262,#2263,#2264,#2271,#2278));
#2238 = ORIENTED_EDGE('',*,*,#2239,.F.);
#2239 = EDGE_CURVE('',#2240,#2242,#2244,.T.);
#2240 = VERTEX_POINT('',#2241);
#2241 = CARTESIAN_POINT('',(69.09,-7.55,-18.35));
#2242 = VERTEX_POINT('',#2243);
#2243 = CARTESIAN_POINT('',(69.09,-1.691153452529,-18.35));
#2244 = LINE('',#2245,#2246);
#2245 = CARTESIAN_POINT('',(69.09,-7.55,-18.35));
#2246 = VECTOR('',#2247,1.);
#2247 = DIRECTION('',(0.,1.,0.));
#2248 = ORIENTED_EDGE('',*,*,#2249,.T.);
#2249 = EDGE_CURVE('',#2240,#2250,#2252,.T.);
#2250 = VERTEX_POINT('',#2251);
#2251 = CARTESIAN_POINT('',(69.09,-7.55,7.45));
#2252 = LINE('',#2253,#2254);
#2253 = CARTESIAN_POINT('',(69.09,-7.55,-18.35));
#2254 = VECTOR('',#2255,1.);
#2255 = DIRECTION('',(0.,0.,1.));
#2256 = ORIENTED_EDGE('',*,*,#2257,.T.);
#2257 = EDGE_CURVE('',#2250,#965,#2258,.T.);
#2258 = LINE('',#2259,#2260);
#2259 = CARTESIAN_POINT('',(69.09,-7.55,7.45));
#2260 = VECTOR('',#2261,1.);
#2261 = DIRECTION('',(0.,1.,0.));
#2262 = ORIENTED_EDGE('',*,*,#972,.T.);
#2263 = ORIENTED_EDGE('',*,*,#2226,.T.);
#2264 = ORIENTED_EDGE('',*,*,#2265,.T.);
#2265 = EDGE_CURVE('',#2218,#2266,#2268,.T.);
#2266 = VERTEX_POINT('',#2267);
#2267 = CARTESIAN_POINT('',(69.09,-7.54,-18.34));
#2268 = B_SPLINE_CURVE_WITH_KNOTS('',1,(#2269,#2270),.UNSPECIFIED.,.F.,
  .F.,(2,2),(0.,1.),.PIECEWISE_BEZIER_KNOTS.);
#2269 = CARTESIAN_POINT('',(69.09,-7.54,7.44));
#2270 = CARTESIAN_POINT('',(69.09,-7.54,-18.34));
#2271 = ORIENTED_EDGE('',*,*,#2272,.T.);
#2272 = EDGE_CURVE('',#2266,#2273,#2275,.T.);
#2273 = VERTEX_POINT('',#2274);
#2274 = CARTESIAN_POINT('',(69.09,-1.686683135624,-18.34));
#2275 = B_SPLINE_CURVE_WITH_KNOTS('',1,(#2276,#2277),.UNSPECIFIED.,.F.,
  .F.,(2,2),(0.,1.),.PIECEWISE_BEZIER_KNOTS.);
#2276 = CARTESIAN_POINT('',(69.09,-7.54,-18.34));
#2277 = CARTESIAN_POINT('',(69.09,7.54,-18.34));
#2278 = ORIENTED_EDGE('',*,*,#2279,.F.);
#2279 = EDGE_CURVE('',#2242,#2273,#2280,.T.);
#2280 = CIRCLE('',#2281,1.85);
#2281 = AXIS2_PLACEMENT_3D('',#2282,#2283,#2284);
#2282 = CARTESIAN_POINT('',(69.09,0.,-19.1));
#2283 = DIRECTION('',(-1.,0.,0.));
#2284 = DIRECTION('',(0.,0.,1.));
#2285 = PLANE('',#2286);
#2286 = AXIS2_PLACEMENT_3D('',#2287,#2288,#2289);
#2287 = CARTESIAN_POINT('',(69.09,-7.55,-18.35));
#2288 = DIRECTION('',(-1.,0.,0.));
#2289 = DIRECTION('',(0.,0.,1.));
#2290 = ADVANCED_FACE('',(#2291),#2317,.T.);
#2291 = FACE_BOUND('',#2292,.T.);
#2292 = EDGE_LOOP('',(#2293,#2294,#2295,#2302,#2309,#2314,#2315,#2316));
#2293 = ORIENTED_EDGE('',*,*,#1327,.F.);
#2294 = ORIENTED_EDGE('',*,*,#1379,.F.);
#2295 = ORIENTED_EDGE('',*,*,#2296,.T.);
#2296 = EDGE_CURVE('',#1353,#2297,#2299,.T.);
#2297 = VERTEX_POINT('',#2298);
#2298 = CARTESIAN_POINT('',(64.11,7.54,-18.34));
#2299 = B_SPLINE_CURVE_WITH_KNOTS('',1,(#2300,#2301),.UNSPECIFIED.,.F.,
  .F.,(2,2),(0.,1.),.PIECEWISE_BEZIER_KNOTS.);
#2300 = CARTESIAN_POINT('',(64.11,-7.54,-18.34));
#2301 = CARTESIAN_POINT('',(64.11,7.54,-18.34));
#2302 = ORIENTED_EDGE('',*,*,#2303,.T.);
#2303 = EDGE_CURVE('',#2297,#2304,#2306,.T.);
#2304 = VERTEX_POINT('',#2305);
#2305 = CARTESIAN_POINT('',(64.11,7.54,7.44));
#2306 = B_SPLINE_CURVE_WITH_KNOTS('',1,(#2307,#2308),.UNSPECIFIED.,.F.,
  .F.,(2,2),(0.,1.),.PIECEWISE_BEZIER_KNOTS.);
#2307 = CARTESIAN_POINT('',(64.11,7.54,-18.34));
#2308 = CARTESIAN_POINT('',(64.11,7.54,7.44));
#2309 = ORIENTED_EDGE('',*,*,#2310,.T.);
#2310 = EDGE_CURVE('',#2304,#1235,#2311,.T.);
#2311 = B_SPLINE_CURVE_WITH_KNOTS('',1,(#2312,#2313),.UNSPECIFIED.,.F.,
  .F.,(2,2),(0.,1.),.PIECEWISE_BEZIER_KNOTS.);
#2312 = CARTESIAN_POINT('',(64.11,7.54,7.44));
#2313 = CARTESIAN_POINT('',(64.11,-7.54,7.44));
#2314 = ORIENTED_EDGE('',*,*,#1247,.F.);
#2315 = ORIENTED_EDGE('',*,*,#1272,.T.);
#2316 = ORIENTED_EDGE('',*,*,#1296,.F.);
#2317 = PLANE('',#2318);
#2318 = AXIS2_PLACEMENT_3D('',#2319,#2320,#2321);
#2319 = CARTESIAN_POINT('',(64.11,-7.55,-18.35));
#2320 = DIRECTION('',(-1.,0.,0.));
#2321 = DIRECTION('',(0.,0.,1.));
#2322 = ADVANCED_FACE('',(#2323),#2340,.F.);
#2323 = FACE_BOUND('',#2324,.F.);
#2324 = EDGE_LOOP('',(#2325,#2326,#2334,#2339));
#2325 = ORIENTED_EDGE('',*,*,#1234,.F.);
#2326 = ORIENTED_EDGE('',*,*,#2327,.T.);
#2327 = EDGE_CURVE('',#1227,#2328,#2330,.T.);
#2328 = VERTEX_POINT('',#2329);
#2329 = CARTESIAN_POINT('',(65.1,6.55,6.45));
#2330 = LINE('',#2331,#2332);
#2331 = CARTESIAN_POINT('',(65.1,-6.55,6.45));
#2332 = VECTOR('',#2333,1.);
#2333 = DIRECTION('',(0.,1.,0.));
#2334 = ORIENTED_EDGE('',*,*,#2335,.T.);
#2335 = EDGE_CURVE('',#2328,#2304,#2336,.T.);
#2336 = B_SPLINE_CURVE_WITH_KNOTS('',1,(#2337,#2338),.UNSPECIFIED.,.F.,
  .F.,(2,2),(0.,1.),.PIECEWISE_BEZIER_KNOTS.);
#2337 = CARTESIAN_POINT('',(65.1,6.55,6.45));
#2338 = CARTESIAN_POINT('',(64.1,7.55,7.45));
#2339 = ORIENTED_EDGE('',*,*,#2310,.T.);
#2340 = B_SPLINE_SURFACE_WITH_KNOTS('',1,1,(
    (#2341,#2342)
    ,(#2343,#2344
    )),.UNSPECIFIED.,.F.,.F.,.F.,(2,2),(2,2),(0.,15.1),(0.,1.),
  .PIECEWISE_BEZIER_KNOTS.);
#2341 = CARTESIAN_POINT('',(65.1,-6.55,6.45));
#2342 = CARTESIAN_POINT('',(64.1,-7.55,7.45));
#2343 = CARTESIAN_POINT('',(65.1,6.55,6.45));
#2344 = CARTESIAN_POINT('',(64.1,7.55,7.45));
#2345 = ADVANCED_FACE('',(#2346),#2364,.F.);
#2346 = FACE_BOUND('',#2347,.F.);
#2347 = EDGE_LOOP('',(#2348,#2349,#2357,#2363));
#2348 = ORIENTED_EDGE('',*,*,#1226,.F.);
#2349 = ORIENTED_EDGE('',*,*,#2350,.T.);
#2350 = EDGE_CURVE('',#1214,#2351,#2353,.T.);
#2351 = VERTEX_POINT('',#2352);
#2352 = CARTESIAN_POINT('',(68.1,6.55,6.45));
#2353 = LINE('',#2354,#2355);
#2354 = CARTESIAN_POINT('',(68.1,-6.55,6.45));
#2355 = VECTOR('',#2356,1.);
#2356 = DIRECTION('',(0.,1.,0.));
#2357 = ORIENTED_EDGE('',*,*,#2358,.T.);
#2358 = EDGE_CURVE('',#2351,#2328,#2359,.T.);
#2359 = LINE('',#2360,#2361);
#2360 = CARTESIAN_POINT('',(75.1,6.55,6.45));
#2361 = VECTOR('',#2362,1.);
#2362 = DIRECTION('',(-1.,0.,0.));
#2363 = ORIENTED_EDGE('',*,*,#2327,.F.);
#2364 = PLANE('',#2365);
#2365 = AXIS2_PLACEMENT_3D('',#2366,#2367,#2368);
#2366 = CARTESIAN_POINT('',(75.1,-6.55,6.45));
#2367 = DIRECTION('',(0.,0.,1.));
#2368 = DIRECTION('',(-1.,0.,0.));
#2369 = ADVANCED_FACE('',(#2370),#2386,.T.);
#2370 = FACE_BOUND('',#2371,.T.);
#2371 = EDGE_LOOP('',(#2372,#2373,#2374,#2381));
#2372 = ORIENTED_EDGE('',*,*,#1213,.F.);
#2373 = ORIENTED_EDGE('',*,*,#2350,.T.);
#2374 = ORIENTED_EDGE('',*,*,#2375,.T.);
#2375 = EDGE_CURVE('',#2351,#2376,#2378,.T.);
#2376 = VERTEX_POINT('',#2377);
#2377 = CARTESIAN_POINT('',(69.09,7.54,7.44));
#2378 = B_SPLINE_CURVE_WITH_KNOTS('',1,(#2379,#2380),.UNSPECIFIED.,.F.,
  .F.,(2,2),(0.,1.),.PIECEWISE_BEZIER_KNOTS.);
#2379 = CARTESIAN_POINT('',(68.1,6.55,6.45));
#2380 = CARTESIAN_POINT('',(69.1,7.55,7.45));
#2381 = ORIENTED_EDGE('',*,*,#2382,.T.);
#2382 = EDGE_CURVE('',#2376,#1206,#2383,.T.);
#2383 = B_SPLINE_CURVE_WITH_KNOTS('',1,(#2384,#2385),.UNSPECIFIED.,.F.,
  .F.,(2,2),(0.,1.),.PIECEWISE_BEZIER_KNOTS.);
#2384 = CARTESIAN_POINT('',(69.09,7.54,7.44));
#2385 = CARTESIAN_POINT('',(69.09,-7.54,7.44));
#2386 = B_SPLINE_SURFACE_WITH_KNOTS('',1,1,(
    (#2387,#2388)
    ,(#2389,#2390
    )),.UNSPECIFIED.,.F.,.F.,.F.,(2,2),(2,2),(0.,15.1),(0.,1.),
  .PIECEWISE_BEZIER_KNOTS.);
#2387 = CARTESIAN_POINT('',(68.1,-6.55,6.45));
#2388 = CARTESIAN_POINT('',(69.1,-7.55,7.45));
#2389 = CARTESIAN_POINT('',(68.1,6.55,6.45));
#2390 = CARTESIAN_POINT('',(69.1,7.55,7.45));
#2391 = ADVANCED_FACE('',(#2392),#2441,.F.);
#2392 = FACE_BOUND('',#2393,.F.);
#2393 = EDGE_LOOP('',(#2394,#2404,#2413,#2420,#2425,#2426,#2427,#2435));
#2394 = ORIENTED_EDGE('',*,*,#2395,.F.);
#2395 = EDGE_CURVE('',#2396,#2398,#2400,.T.);
#2396 = VERTEX_POINT('',#2397);
#2397 = CARTESIAN_POINT('',(69.09,1.691153452529,-18.35));
#2398 = VERTEX_POINT('',#2399);
#2399 = CARTESIAN_POINT('',(69.09,7.55,-18.35));
#2400 = LINE('',#2401,#2402);
#2401 = CARTESIAN_POINT('',(69.09,-7.55,-18.35));
#2402 = VECTOR('',#2403,1.);
#2403 = DIRECTION('',(0.,1.,0.));
#2404 = ORIENTED_EDGE('',*,*,#2405,.F.);
#2405 = EDGE_CURVE('',#2406,#2396,#2408,.T.);
#2406 = VERTEX_POINT('',#2407);
#2407 = CARTESIAN_POINT('',(69.09,1.686683135624,-18.34));
#2408 = CIRCLE('',#2409,1.85);
#2409 = AXIS2_PLACEMENT_3D('',#2410,#2411,#2412);
#2410 = CARTESIAN_POINT('',(69.09,0.,-19.1));
#2411 = DIRECTION('',(-1.,0.,0.));
#2412 = DIRECTION('',(0.,0.,1.));
#2413 = ORIENTED_EDGE('',*,*,#2414,.T.);
#2414 = EDGE_CURVE('',#2406,#2415,#2417,.T.);
#2415 = VERTEX_POINT('',#2416);
#2416 = CARTESIAN_POINT('',(69.09,7.54,-18.34));
#2417 = B_SPLINE_CURVE_WITH_KNOTS('',1,(#2418,#2419),.UNSPECIFIED.,.F.,
  .F.,(2,2),(0.,1.),.PIECEWISE_BEZIER_KNOTS.);
#2418 = CARTESIAN_POINT('',(69.09,-7.54,-18.34));
#2419 = CARTESIAN_POINT('',(69.09,7.54,-18.34));
#2420 = ORIENTED_EDGE('',*,*,#2421,.T.);
#2421 = EDGE_CURVE('',#2415,#2376,#2422,.T.);
#2422 = B_SPLINE_CURVE_WITH_KNOTS('',1,(#2423,#2424),.UNSPECIFIED.,.F.,
  .F.,(2,2),(0.,1.),.PIECEWISE_BEZIER_KNOTS.);
#2423 = CARTESIAN_POINT('',(69.09,7.54,-18.34));
#2424 = CARTESIAN_POINT('',(69.09,7.54,7.44));
#2425 = ORIENTED_EDGE('',*,*,#2382,.T.);
#2426 = ORIENTED_EDGE('',*,*,#1205,.F.);
#2427 = ORIENTED_EDGE('',*,*,#2428,.T.);
#2428 = EDGE_CURVE('',#1198,#2429,#2431,.T.);
#2429 = VERTEX_POINT('',#2430);
#2430 = CARTESIAN_POINT('',(69.09,7.55,7.45));
#2431 = LINE('',#2432,#2433);
#2432 = CARTESIAN_POINT('',(69.09,-7.55,7.45));
#2433 = VECTOR('',#2434,1.);
#2434 = DIRECTION('',(0.,1.,0.));
#2435 = ORIENTED_EDGE('',*,*,#2436,.F.);
#2436 = EDGE_CURVE('',#2398,#2429,#2437,.T.);
#2437 = LINE('',#2438,#2439);
#2438 = CARTESIAN_POINT('',(69.09,7.55,-18.35));
#2439 = VECTOR('',#2440,1.);
#2440 = DIRECTION('',(0.,0.,1.));
#2441 = PLANE('',#2442);
#2442 = AXIS2_PLACEMENT_3D('',#2443,#2444,#2445);
#2443 = CARTESIAN_POINT('',(69.09,-7.55,-18.35));
#2444 = DIRECTION('',(-1.,0.,0.));
#2445 = DIRECTION('',(0.,0.,1.));
#2446 = ADVANCED_FACE('',(#2447),#2457,.F.);
#2447 = FACE_BOUND('',#2448,.F.);
#2448 = EDGE_LOOP('',(#2449,#2454,#2455,#2456));
#2449 = ORIENTED_EDGE('',*,*,#2450,.F.);
#2450 = EDGE_CURVE('',#1446,#2297,#2451,.T.);
#2451 = B_SPLINE_CURVE_WITH_KNOTS('',1,(#2452,#2453),.UNSPECIFIED.,.F.,
  .F.,(2,2),(0.,1.),.PIECEWISE_BEZIER_KNOTS.);
#2452 = CARTESIAN_POINT('',(65.1,6.55,-17.35));
#2453 = CARTESIAN_POINT('',(64.1,7.55,-18.35));
#2454 = ORIENTED_EDGE('',*,*,#1453,.T.);
#2455 = ORIENTED_EDGE('',*,*,#1352,.T.);
#2456 = ORIENTED_EDGE('',*,*,#2296,.T.);
#2457 = B_SPLINE_SURFACE_WITH_KNOTS('',1,1,(
    (#2458,#2459)
    ,(#2460,#2461
    )),.UNSPECIFIED.,.F.,.F.,.F.,(2,2),(2,2),(0.,15.1),(0.,1.),
  .PIECEWISE_BEZIER_KNOTS.);
#2458 = CARTESIAN_POINT('',(65.1,6.55,-17.35));
#2459 = CARTESIAN_POINT('',(64.1,7.55,-18.35));
#2460 = CARTESIAN_POINT('',(65.1,-6.55,-17.35));
#2461 = CARTESIAN_POINT('',(64.1,-7.55,-18.35));
#2462 = ADVANCED_FACE('',(#2463),#2479,.T.);
#2463 = FACE_BOUND('',#2464,.T.);
#2464 = EDGE_LOOP('',(#2465,#2471,#2472,#2478));
#2465 = ORIENTED_EDGE('',*,*,#2466,.F.);
#2466 = EDGE_CURVE('',#1396,#2194,#2467,.T.);
#2467 = LINE('',#2468,#2469);
#2468 = CARTESIAN_POINT('',(68.1,-6.55,-17.35));
#2469 = VECTOR('',#2470,1.);
#2470 = DIRECTION('',(0.,0.,1.));
#2471 = ORIENTED_EDGE('',*,*,#1395,.T.);
#2472 = ORIENTED_EDGE('',*,*,#2473,.T.);
#2473 = EDGE_CURVE('',#1398,#2171,#2474,.T.);
#2474 = LINE('',#2475,#2476);
#2475 = CARTESIAN_POINT('',(65.1,-6.55,-17.35));
#2476 = VECTOR('',#2477,1.);
#2477 = DIRECTION('',(0.,0.,1.));
#2478 = ORIENTED_EDGE('',*,*,#2193,.F.);
#2479 = PLANE('',#2480);
#2480 = AXIS2_PLACEMENT_3D('',#2481,#2482,#2483);
#2481 = CARTESIAN_POINT('',(75.1,-6.55,-17.35));
#2482 = DIRECTION('',(0.,1.,0.));
#2483 = DIRECTION('',(-1.,0.,0.));
#2484 = ADVANCED_FACE('',(#2485),#2495,.F.);
#2485 = FACE_BOUND('',#2486,.F.);
#2486 = EDGE_LOOP('',(#2487,#2488,#2489,#2494));
#2487 = ORIENTED_EDGE('',*,*,#1483,.F.);
#2488 = ORIENTED_EDGE('',*,*,#1469,.T.);
#2489 = ORIENTED_EDGE('',*,*,#2490,.T.);
#2490 = EDGE_CURVE('',#1398,#2150,#2491,.T.);
#2491 = B_SPLINE_CURVE_WITH_KNOTS('',1,(#2492,#2493),.UNSPECIFIED.,.F.,
  .F.,(2,2),(0.,1.),.PIECEWISE_BEZIER_KNOTS.);
#2492 = CARTESIAN_POINT('',(65.1,-6.55,-17.35));
#2493 = CARTESIAN_POINT('',(64.1,-7.55,-18.35));
#2494 = ORIENTED_EDGE('',*,*,#2156,.T.);
#2495 = B_SPLINE_SURFACE_WITH_KNOTS('',1,1,(
    (#2496,#2497)
    ,(#2498,#2499
    )),.UNSPECIFIED.,.F.,.F.,.F.,(2,2),(2,2),(0.,15.1),(0.,1.),
  .PIECEWISE_BEZIER_KNOTS.);
#2496 = CARTESIAN_POINT('',(65.1,6.55,-17.35));
#2497 = CARTESIAN_POINT('',(64.1,7.55,-18.35));
#2498 = CARTESIAN_POINT('',(65.1,-6.55,-17.35));
#2499 = CARTESIAN_POINT('',(64.1,-7.55,-18.35));
#2500 = ADVANCED_FACE('',(#2501),#2517,.F.);
#2501 = FACE_BOUND('',#2502,.F.);
#2502 = EDGE_LOOP('',(#2503,#2509,#2510,#2516));
#2503 = ORIENTED_EDGE('',*,*,#2504,.T.);
#2504 = EDGE_CURVE('',#2351,#1438,#2505,.T.);
#2505 = LINE('',#2506,#2507);
#2506 = CARTESIAN_POINT('',(68.1,6.55,6.45));
#2507 = VECTOR('',#2508,1.);
#2508 = DIRECTION('',(0.,0.,-1.));
#2509 = ORIENTED_EDGE('',*,*,#1445,.T.);
#2510 = ORIENTED_EDGE('',*,*,#2511,.F.);
#2511 = EDGE_CURVE('',#2328,#1446,#2512,.T.);
#2512 = LINE('',#2513,#2514);
#2513 = CARTESIAN_POINT('',(65.1,6.55,6.45));
#2514 = VECTOR('',#2515,1.);
#2515 = DIRECTION('',(0.,0.,-1.));
#2516 = ORIENTED_EDGE('',*,*,#2358,.F.);
#2517 = PLANE('',#2518);
#2518 = AXIS2_PLACEMENT_3D('',#2519,#2520,#2521);
#2519 = CARTESIAN_POINT('',(75.1,6.55,-17.35));
#2520 = DIRECTION('',(0.,1.,0.));
#2521 = DIRECTION('',(-1.,0.,0.));
#2522 = ADVANCED_FACE('',(#2523),#2557,.T.);
#2523 = FACE_BOUND('',#2524,.T.);
#2524 = EDGE_LOOP('',(#2525,#2530,#2531,#2556));
#2525 = ORIENTED_EDGE('',*,*,#2526,.F.);
#2526 = EDGE_CURVE('',#1438,#2415,#2527,.T.);
#2527 = B_SPLINE_CURVE_WITH_KNOTS('',1,(#2528,#2529),.UNSPECIFIED.,.F.,
  .F.,(2,2),(0.,1.),.PIECEWISE_BEZIER_KNOTS.);
#2528 = CARTESIAN_POINT('',(68.1,6.55,-17.35));
#2529 = CARTESIAN_POINT('',(69.1,7.55,-18.35));
#2530 = ORIENTED_EDGE('',*,*,#1437,.T.);
#2531 = ORIENTED_EDGE('',*,*,#2532,.T.);
#2532 = EDGE_CURVE('',#1430,#2406,#2533,.T.);
#2533 = B_SPLINE_CURVE_WITH_KNOTS('',6,(#2534,#2535,#2536,#2537,#2538,
    #2539,#2540,#2541,#2542,#2543,#2544,#2545,#2546,#2547,#2548,#2549,
    #2550,#2551,#2552,#2553,#2554,#2555),.UNSPECIFIED.,.F.,.F.,(7,5,5,5,
    7),(0.,0.335444660564,0.576333332871,0.795403658194,1.),
  .UNSPECIFIED.);
#2534 = CARTESIAN_POINT('',(68.1,0.6,-17.35));
#2535 = CARTESIAN_POINT('',(68.129520137277,0.68610040039,
    -17.37952013727));
#2536 = CARTESIAN_POINT('',(68.163990901661,0.770070501926,
    -17.41399090166));
#2537 = CARTESIAN_POINT('',(68.203141568629,0.851401591989,
    -17.45314156862));
#2538 = CARTESIAN_POINT('',(68.24662105332,0.929672058461,
    -17.49662105332));
#2539 = CARTESIAN_POINT('',(68.294019043423,1.004526147586,
    -17.54401904342));
#2540 = CARTESIAN_POINT('',(68.381393116687,1.126782420496,
    -17.63139311668));
#2541 = CARTESIAN_POINT('',(68.419700598035,1.175982549749,
    -17.66970059803));
#2542 = CARTESIAN_POINT('',(68.459632387071,1.223187867958,
    -17.70963238707));
#2543 = CARTESIAN_POINT('',(68.501024393704,1.268334141264,
    -17.7510243937));
#2544 = CARTESIAN_POINT('',(68.54371800683,1.311383073171,
    -17.79371800683));
#2545 = CARTESIAN_POINT('',(68.627442532024,1.389542786321,
    -17.87744253202));
#2546 = CARTESIAN_POINT('',(68.668274107246,1.425019712284,
    -17.91827410724));
#2547 = CARTESIAN_POINT('',(68.709951751456,1.458735769681,
    -17.95995175145));
#2548 = CARTESIAN_POINT('',(68.75237437256,1.490692577065,
    -18.00237437256));
#2549 = CARTESIAN_POINT('',(68.795450628196,1.52090172259,
    -18.04545062819));
#2550 = CARTESIAN_POINT('',(68.879866945544,1.575979439269,
    -18.12986694554));
#2551 = CARTESIAN_POINT('',(68.921133060785,1.601068600252,
    -18.17113306078));
#2552 = CARTESIAN_POINT('',(68.962834370759,1.624664019787,
    -18.21283437075));
#2553 = CARTESIAN_POINT('',(69.004912555934,1.646784324232,
    -18.25491255593));
#2554 = CARTESIAN_POINT('',(69.047316088727,1.667450274946,
    -18.29731608872));
#2555 = CARTESIAN_POINT('',(69.0900006,1.686683405977,-18.3400006));
#2556 = ORIENTED_EDGE('',*,*,#2414,.T.);
#2557 = B_SPLINE_SURFACE_WITH_KNOTS('',1,1,(
    (#2558,#2559)
    ,(#2560,#2561
    )),.UNSPECIFIED.,.F.,.F.,.F.,(2,2),(2,2),(0.,15.1),(0.,1.),
  .PIECEWISE_BEZIER_KNOTS.);
#2558 = CARTESIAN_POINT('',(68.1,6.55,-17.35));
#2559 = CARTESIAN_POINT('',(69.1,7.55,-18.35));
#2560 = CARTESIAN_POINT('',(68.1,-6.55,-17.35));
#2561 = CARTESIAN_POINT('',(69.1,-7.55,-18.35));
#2562 = ADVANCED_FACE('',(#2563),#2583,.T.);
#2563 = FACE_BOUND('',#2564,.T.);
#2564 = EDGE_LOOP('',(#2565,#2566,#2567,#2576,#2582));
#2565 = ORIENTED_EDGE('',*,*,#2532,.F.);
#2566 = ORIENTED_EDGE('',*,*,#1429,.F.);
#2567 = ORIENTED_EDGE('',*,*,#2568,.T.);
#2568 = EDGE_CURVE('',#1422,#2569,#2571,.T.);
#2569 = VERTEX_POINT('',#2570);
#2570 = CARTESIAN_POINT('',(74.1,1.691153452529,-18.35));
#2571 = CIRCLE('',#2572,1.85);
#2572 = AXIS2_PLACEMENT_3D('',#2573,#2574,#2575);
#2573 = CARTESIAN_POINT('',(74.1,0.,-19.1));
#2574 = DIRECTION('',(-1.,0.,0.));
#2575 = DIRECTION('',(0.,0.,1.));
#2576 = ORIENTED_EDGE('',*,*,#2577,.T.);
#2577 = EDGE_CURVE('',#2569,#2396,#2578,.T.);
#2578 = LINE('',#2579,#2580);
#2579 = CARTESIAN_POINT('',(76.1,1.691153452529,-18.35));
#2580 = VECTOR('',#2581,1.);
#2581 = DIRECTION('',(-1.,0.,0.));
#2582 = ORIENTED_EDGE('',*,*,#2405,.F.);
#2583 = CYLINDRICAL_SURFACE('',#2584,1.85);
#2584 = AXIS2_PLACEMENT_3D('',#2585,#2586,#2587);
#2585 = CARTESIAN_POINT('',(76.1,0.,-19.1));
#2586 = DIRECTION('',(-1.,0.,0.));
#2587 = DIRECTION('',(0.,0.,1.));
#2588 = ADVANCED_FACE('',(#2589),#2633,.T.);
#2589 = FACE_BOUND('',#2590,.T.);
#2590 = EDGE_LOOP('',(#2591,#2600,#2601,#2626,#2627));
#2591 = ORIENTED_EDGE('',*,*,#2592,.T.);
#2592 = EDGE_CURVE('',#2593,#1414,#2595,.T.);
#2593 = VERTEX_POINT('',#2594);
#2594 = CARTESIAN_POINT('',(74.1,-1.691153452529,-18.35));
#2595 = CIRCLE('',#2596,1.85);
#2596 = AXIS2_PLACEMENT_3D('',#2597,#2598,#2599);
#2597 = CARTESIAN_POINT('',(74.1,0.,-19.1));
#2598 = DIRECTION('',(-1.,0.,0.));
#2599 = DIRECTION('',(0.,0.,1.));
#2600 = ORIENTED_EDGE('',*,*,#1413,.T.);
#2601 = ORIENTED_EDGE('',*,*,#2602,.T.);
#2602 = EDGE_CURVE('',#1406,#2273,#2603,.T.);
#2603 = B_SPLINE_CURVE_WITH_KNOTS('',6,(#2604,#2605,#2606,#2607,#2608,
    #2609,#2610,#2611,#2612,#2613,#2614,#2615,#2616,#2617,#2618,#2619,
    #2620,#2621,#2622,#2623,#2624,#2625),.UNSPECIFIED.,.F.,.F.,(7,5,5,5,
    7),(0.,0.335444660563,0.576333332871,0.795403658194,1.),
  .UNSPECIFIED.);
#2604 = CARTESIAN_POINT('',(68.1,-0.6,-17.35));
#2605 = CARTESIAN_POINT('',(68.129520137277,-0.686100400391,
    -17.37952013727));
#2606 = CARTESIAN_POINT('',(68.163990901661,-0.770070501925,
    -17.41399090166));
#2607 = CARTESIAN_POINT('',(68.20314156863,-0.851401591989,
    -17.45314156863));
#2608 = CARTESIAN_POINT('',(68.24662105332,-0.929672058461,
    -17.49662105332));
#2609 = CARTESIAN_POINT('',(68.294019043423,-1.004526147586,
    -17.54401904342));
#2610 = CARTESIAN_POINT('',(68.381393116687,-1.126782420496,
    -17.63139311668));
#2611 = CARTESIAN_POINT('',(68.419700598035,-1.175982549749,
    -17.66970059803));
#2612 = CARTESIAN_POINT('',(68.459632387071,-1.223187867958,
    -17.70963238707));
#2613 = CARTESIAN_POINT('',(68.501024393704,-1.268334141264,
    -17.7510243937));
#2614 = CARTESIAN_POINT('',(68.54371800683,-1.311383073171,
    -17.79371800683));
#2615 = CARTESIAN_POINT('',(68.627442532024,-1.389542786321,
    -17.87744253202));
#2616 = CARTESIAN_POINT('',(68.668274107246,-1.425019712284,
    -17.91827410724));
#2617 = CARTESIAN_POINT('',(68.709951751456,-1.458735769681,
    -17.95995175145));
#2618 = CARTESIAN_POINT('',(68.75237437256,-1.490692577065,
    -18.00237437256));
#2619 = CARTESIAN_POINT('',(68.795450628196,-1.52090172259,
    -18.04545062819));
#2620 = CARTESIAN_POINT('',(68.879866945544,-1.575979439269,
    -18.12986694554));
#2621 = CARTESIAN_POINT('',(68.921133060785,-1.601068600252,
    -18.17113306078));
#2622 = CARTESIAN_POINT('',(68.962834370759,-1.624664019787,
    -18.21283437075));
#2623 = CARTESIAN_POINT('',(69.004912555934,-1.646784324232,
    -18.25491255593));
#2624 = CARTESIAN_POINT('',(69.047316088727,-1.667450274946,
    -18.29731608872));
#2625 = CARTESIAN_POINT('',(69.0900006,-1.686683405977,-18.3400006));
#2626 = ORIENTED_EDGE('',*,*,#2279,.F.);
#2627 = ORIENTED_EDGE('',*,*,#2628,.F.);
#2628 = EDGE_CURVE('',#2593,#2242,#2629,.T.);
#2629 = LINE('',#2630,#2631);
#2630 = CARTESIAN_POINT('',(76.1,-1.691153452529,-18.35));
#2631 = VECTOR('',#2632,1.);
#2632 = DIRECTION('',(-1.,0.,0.));
#2633 = CYLINDRICAL_SURFACE('',#2634,1.85);
#2634 = AXIS2_PLACEMENT_3D('',#2635,#2636,#2637);
#2635 = CARTESIAN_POINT('',(76.1,0.,-19.1));
#2636 = DIRECTION('',(-1.,0.,0.));
#2637 = DIRECTION('',(0.,0.,1.));
#2638 = ADVANCED_FACE('',(#2639),#2649,.T.);
#2639 = FACE_BOUND('',#2640,.T.);
#2640 = EDGE_LOOP('',(#2641,#2642,#2643,#2648));
#2641 = ORIENTED_EDGE('',*,*,#2602,.F.);
#2642 = ORIENTED_EDGE('',*,*,#1405,.T.);
#2643 = ORIENTED_EDGE('',*,*,#2644,.T.);
#2644 = EDGE_CURVE('',#1396,#2266,#2645,.T.);
#2645 = B_SPLINE_CURVE_WITH_KNOTS('',1,(#2646,#2647),.UNSPECIFIED.,.F.,
  .F.,(2,2),(0.,1.),.PIECEWISE_BEZIER_KNOTS.);
#2646 = CARTESIAN_POINT('',(68.1,-6.55,-17.35));
#2647 = CARTESIAN_POINT('',(69.1,-7.55,-18.35));
#2648 = ORIENTED_EDGE('',*,*,#2272,.T.);
#2649 = B_SPLINE_SURFACE_WITH_KNOTS('',1,1,(
    (#2650,#2651)
    ,(#2652,#2653
    )),.UNSPECIFIED.,.F.,.F.,.F.,(2,2),(2,2),(0.,15.1),(0.,1.),
  .PIECEWISE_BEZIER_KNOTS.);
#2650 = CARTESIAN_POINT('',(68.1,6.55,-17.35));
#2651 = CARTESIAN_POINT('',(69.1,7.55,-18.35));
#2652 = CARTESIAN_POINT('',(68.1,-6.55,-17.35));
#2653 = CARTESIAN_POINT('',(69.1,-7.55,-18.35));
#2654 = ADVANCED_FACE('',(#2655),#2680,.T.);
#2655 = FACE_BOUND('',#2656,.T.);
#2656 = EDGE_LOOP('',(#2657,#2667,#2673,#2674));
#2657 = ORIENTED_EDGE('',*,*,#2658,.T.);
#2658 = EDGE_CURVE('',#2659,#2661,#2663,.T.);
#2659 = VERTEX_POINT('',#2660);
#2660 = CARTESIAN_POINT('',(-27.,48.358994578326,-9.5));
#2661 = VERTEX_POINT('',#2662);
#2662 = CARTESIAN_POINT('',(-27.,54.358994578326,-9.5));
#2663 = LINE('',#2664,#2665);
#2664 = CARTESIAN_POINT('',(-27.,48.358994578326,-9.5));
#2665 = VECTOR('',#2666,1.);
#2666 = DIRECTION('',(0.,1.,0.));
#2667 = ORIENTED_EDGE('',*,*,#2668,.T.);
#2668 = EDGE_CURVE('',#2661,#1723,#2669,.T.);
#2669 = LINE('',#2670,#2671);
#2670 = CARTESIAN_POINT('',(-27.,54.358994578326,-9.5));
#2671 = VECTOR('',#2672,1.);
#2672 = DIRECTION('',(1.,0.,0.));
#2673 = ORIENTED_EDGE('',*,*,#1720,.F.);
#2674 = ORIENTED_EDGE('',*,*,#2675,.F.);
#2675 = EDGE_CURVE('',#2659,#1721,#2676,.T.);
#2676 = LINE('',#2677,#2678);
#2677 = CARTESIAN_POINT('',(-27.,48.358994578326,-9.5));
#2678 = VECTOR('',#2679,1.);
#2679 = DIRECTION('',(1.,0.,0.));
#2680 = PLANE('',#2681);
#2681 = AXIS2_PLACEMENT_3D('',#2682,#2683,#2684);
#2682 = CARTESIAN_POINT('',(-27.,48.358994578326,-9.5));
#2683 = DIRECTION('',(0.,0.,-1.));
#2684 = DIRECTION('',(1.,0.,0.));
#2685 = ADVANCED_FACE('',(#2686),#2711,.F.);
#2686 = FACE_BOUND('',#2687,.F.);
#2687 = EDGE_LOOP('',(#2688,#2698,#2704,#2705));
#2688 = ORIENTED_EDGE('',*,*,#2689,.F.);
#2689 = EDGE_CURVE('',#2690,#2692,#2694,.T.);
#2690 = VERTEX_POINT('',#2691);
#2691 = CARTESIAN_POINT('',(-55.,-54.35899457832,-12.));
#2692 = VERTEX_POINT('',#2693);
#2693 = CARTESIAN_POINT('',(-55.,54.358994578326,-12.));
#2694 = LINE('',#2695,#2696);
#2695 = CARTESIAN_POINT('',(-55.,-54.35899457832,-12.));
#2696 = VECTOR('',#2697,1.);
#2697 = DIRECTION('',(-0.,1.,0.));
#2698 = ORIENTED_EDGE('',*,*,#2699,.T.);
#2699 = EDGE_CURVE('',#2690,#1752,#2700,.T.);
#2700 = LINE('',#2701,#2702);
#2701 = CARTESIAN_POINT('',(-55.,-54.35899457832,-12.));
#2702 = VECTOR('',#2703,1.);
#2703 = DIRECTION('',(1.,0.,-0.));
#2704 = ORIENTED_EDGE('',*,*,#1759,.T.);
#2705 = ORIENTED_EDGE('',*,*,#2706,.F.);
#2706 = EDGE_CURVE('',#2692,#1760,#2707,.T.);
#2707 = LINE('',#2708,#2709);
#2708 = CARTESIAN_POINT('',(-55.,54.358994578326,-12.));
#2709 = VECTOR('',#2710,1.);
#2710 = DIRECTION('',(1.,0.,-0.));
#2711 = PLANE('',#2712);
#2712 = AXIS2_PLACEMENT_3D('',#2713,#2714,#2715);
#2713 = CARTESIAN_POINT('',(-55.,-54.35899457832,-12.));
#2714 = DIRECTION('',(0.,0.,1.));
#2715 = DIRECTION('',(1.,0.,-0.));
#2716 = ADVANCED_FACE('',(#2717),#2742,.F.);
#2717 = FACE_BOUND('',#2718,.F.);
#2718 = EDGE_LOOP('',(#2719,#2720,#2728,#2736));
#2719 = ORIENTED_EDGE('',*,*,#1775,.T.);
#2720 = ORIENTED_EDGE('',*,*,#2721,.T.);
#2721 = EDGE_CURVE('',#1776,#2722,#2724,.T.);
#2722 = VERTEX_POINT('',#2723);
#2723 = CARTESIAN_POINT('',(-29.5,48.358994578326,-7.));
#2724 = LINE('',#2725,#2726);
#2725 = CARTESIAN_POINT('',(-55.,48.358994578326,-7.));
#2726 = VECTOR('',#2727,1.);
#2727 = DIRECTION('',(1.,0.,-0.));
#2728 = ORIENTED_EDGE('',*,*,#2729,.T.);
#2729 = EDGE_CURVE('',#2722,#2730,#2732,.T.);
#2730 = VERTEX_POINT('',#2731);
#2731 = CARTESIAN_POINT('',(-29.5,54.358994578326,-7.));
#2732 = LINE('',#2733,#2734);
#2733 = CARTESIAN_POINT('',(-29.5,48.358994578326,-7.));
#2734 = VECTOR('',#2735,1.);
#2735 = DIRECTION('',(0.,1.,0.));
#2736 = ORIENTED_EDGE('',*,*,#2737,.F.);
#2737 = EDGE_CURVE('',#1768,#2730,#2738,.T.);
#2738 = LINE('',#2739,#2740);
#2739 = CARTESIAN_POINT('',(-55.,54.358994578326,-7.));
#2740 = VECTOR('',#2741,1.);
#2741 = DIRECTION('',(1.,0.,-0.));
#2742 = PLANE('',#2743);
#2743 = AXIS2_PLACEMENT_3D('',#2744,#2745,#2746);
#2744 = CARTESIAN_POINT('',(-55.,48.358994578326,-7.));
#2745 = DIRECTION('',(0.,0.,1.));
#2746 = DIRECTION('',(1.,0.,-0.));
#2747 = ADVANCED_FACE('',(#2748),#2773,.T.);
#2748 = FACE_BOUND('',#2749,.T.);
#2749 = EDGE_LOOP('',(#2750,#2751,#2759,#2767));
#2750 = ORIENTED_EDGE('',*,*,#1791,.T.);
#2751 = ORIENTED_EDGE('',*,*,#2752,.T.);
#2752 = EDGE_CURVE('',#1784,#2753,#2755,.T.);
#2753 = VERTEX_POINT('',#2754);
#2754 = CARTESIAN_POINT('',(-29.5,48.358994578326,7.));
#2755 = LINE('',#2756,#2757);
#2756 = CARTESIAN_POINT('',(-55.,48.358994578326,7.));
#2757 = VECTOR('',#2758,1.);
#2758 = DIRECTION('',(1.,0.,-0.));
#2759 = ORIENTED_EDGE('',*,*,#2760,.T.);
#2760 = EDGE_CURVE('',#2753,#2761,#2763,.T.);
#2761 = VERTEX_POINT('',#2762);
#2762 = CARTESIAN_POINT('',(-29.5,54.358994578326,7.));
#2763 = LINE('',#2764,#2765);
#2764 = CARTESIAN_POINT('',(-29.5,48.358994578326,7.));
#2765 = VECTOR('',#2766,1.);
#2766 = DIRECTION('',(0.,1.,0.));
#2767 = ORIENTED_EDGE('',*,*,#2768,.F.);
#2768 = EDGE_CURVE('',#1792,#2761,#2769,.T.);
#2769 = LINE('',#2770,#2771);
#2770 = CARTESIAN_POINT('',(-55.,54.358994578326,7.));
#2771 = VECTOR('',#2772,1.);
#2772 = DIRECTION('',(1.,0.,-0.));
#2773 = PLANE('',#2774);
#2774 = AXIS2_PLACEMENT_3D('',#2775,#2776,#2777);
#2775 = CARTESIAN_POINT('',(-55.,48.358994578326,7.));
#2776 = DIRECTION('',(0.,0.,1.));
#2777 = DIRECTION('',(1.,0.,-0.));
#2778 = ADVANCED_FACE('',(#2779),#2804,.T.);
#2779 = FACE_BOUND('',#2780,.T.);
#2780 = EDGE_LOOP('',(#2781,#2791,#2797,#2798));
#2781 = ORIENTED_EDGE('',*,*,#2782,.F.);
#2782 = EDGE_CURVE('',#2783,#2785,#2787,.T.);
#2783 = VERTEX_POINT('',#2784);
#2784 = CARTESIAN_POINT('',(-55.,-54.35899457832,12.));
#2785 = VERTEX_POINT('',#2786);
#2786 = CARTESIAN_POINT('',(-55.,54.358994578326,12.));
#2787 = LINE('',#2788,#2789);
#2788 = CARTESIAN_POINT('',(-55.,-54.35899457832,12.));
#2789 = VECTOR('',#2790,1.);
#2790 = DIRECTION('',(-0.,1.,0.));
#2791 = ORIENTED_EDGE('',*,*,#2792,.T.);
#2792 = EDGE_CURVE('',#2783,#1808,#2793,.T.);
#2793 = LINE('',#2794,#2795);
#2794 = CARTESIAN_POINT('',(-55.,-54.35899457832,12.));
#2795 = VECTOR('',#2796,1.);
#2796 = DIRECTION('',(1.,0.,-0.));
#2797 = ORIENTED_EDGE('',*,*,#1807,.T.);
#2798 = ORIENTED_EDGE('',*,*,#2799,.F.);
#2799 = EDGE_CURVE('',#2785,#1800,#2800,.T.);
#2800 = LINE('',#2801,#2802);
#2801 = CARTESIAN_POINT('',(-55.,54.358994578326,12.));
#2802 = VECTOR('',#2803,1.);
#2803 = DIRECTION('',(1.,0.,-0.));
#2804 = PLANE('',#2805);
#2805 = AXIS2_PLACEMENT_3D('',#2806,#2807,#2808);
#2806 = CARTESIAN_POINT('',(-55.,-54.35899457832,12.));
#2807 = DIRECTION('',(0.,0.,1.));
#2808 = DIRECTION('',(1.,0.,-0.));
#2809 = ADVANCED_FACE('',(#2810),#2835,.T.);
#2810 = FACE_BOUND('',#2811,.T.);
#2811 = EDGE_LOOP('',(#2812,#2822,#2828,#2829));
#2812 = ORIENTED_EDGE('',*,*,#2813,.T.);
#2813 = EDGE_CURVE('',#2814,#2816,#2818,.T.);
#2814 = VERTEX_POINT('',#2815);
#2815 = CARTESIAN_POINT('',(-55.,45.358994578326,-4.910251355418));
#2816 = VERTEX_POINT('',#2817);
#2817 = CARTESIAN_POINT('',(-55.,41.269245933745,-9.));
#2818 = LINE('',#2819,#2820);
#2819 = CARTESIAN_POINT('',(-55.,16.612185805727,-33.65706012801));
#2820 = VECTOR('',#2821,1.);
#2821 = DIRECTION('',(0.,-0.707106781187,-0.707106781187));
#2822 = ORIENTED_EDGE('',*,*,#2823,.T.);
#2823 = EDGE_CURVE('',#2816,#1829,#2824,.T.);
#2824 = LINE('',#2825,#2826);
#2825 = CARTESIAN_POINT('',(-56.,41.269245933745,-9.));
#2826 = VECTOR('',#2827,1.);
#2827 = DIRECTION('',(1.,0.,0.));
#2828 = ORIENTED_EDGE('',*,*,#1826,.F.);
#2829 = ORIENTED_EDGE('',*,*,#2830,.F.);
#2830 = EDGE_CURVE('',#2814,#1827,#2831,.T.);
#2831 = LINE('',#2832,#2833);
#2832 = CARTESIAN_POINT('',(-56.,45.358994578326,-4.910251355418));
#2833 = VECTOR('',#2834,1.);
#2834 = DIRECTION('',(1.,0.,0.));
#2835 = PLANE('',#2836);
#2836 = AXIS2_PLACEMENT_3D('',#2837,#2838,#2839);
#2837 = CARTESIAN_POINT('',(-56.,41.269245933745,-9.));
#2838 = DIRECTION('',(0.,-0.707106781187,0.707106781187));
#2839 = DIRECTION('',(0.,0.707106781187,0.707106781187));
#2840 = ADVANCED_FACE('',(#2841),#2859,.T.);
#2841 = FACE_BOUND('',#2842,.T.);
#2842 = EDGE_LOOP('',(#2843,#2851,#2852,#2853));
#2843 = ORIENTED_EDGE('',*,*,#2844,.T.);
#2844 = EDGE_CURVE('',#2845,#2814,#2847,.T.);
#2845 = VERTEX_POINT('',#2846);
#2846 = CARTESIAN_POINT('',(-55.,45.358994578326,4.910251355418));
#2847 = LINE('',#2848,#2849);
#2848 = CARTESIAN_POINT('',(-55.,45.358994578326,-8.455125677709));
#2849 = VECTOR('',#2850,1.);
#2850 = DIRECTION('',(0.,-0.,-1.));
#2851 = ORIENTED_EDGE('',*,*,#2830,.T.);
#2852 = ORIENTED_EDGE('',*,*,#1884,.F.);
#2853 = ORIENTED_EDGE('',*,*,#2854,.F.);
#2854 = EDGE_CURVE('',#2845,#1877,#2855,.T.);
#2855 = LINE('',#2856,#2857);
#2856 = CARTESIAN_POINT('',(-56.,45.358994578326,4.910251355418));
#2857 = VECTOR('',#2858,1.);
#2858 = DIRECTION('',(1.,0.,0.));
#2859 = PLANE('',#2860);
#2860 = AXIS2_PLACEMENT_3D('',#2861,#2862,#2863);
#2861 = CARTESIAN_POINT('',(-56.,45.358994578326,-4.910251355418));
#2862 = DIRECTION('',(0.,-1.,0.));
#2863 = DIRECTION('',(0.,0.,1.));
#2864 = ADVANCED_FACE('',(#2865),#2883,.T.);
#2865 = FACE_BOUND('',#2866,.T.);
#2866 = EDGE_LOOP('',(#2867,#2875,#2876,#2877));
#2867 = ORIENTED_EDGE('',*,*,#2868,.T.);
#2868 = EDGE_CURVE('',#2869,#2845,#2871,.T.);
#2869 = VERTEX_POINT('',#2870);
#2870 = CARTESIAN_POINT('',(-55.,41.269245933745,9.));
#2871 = LINE('',#2872,#2873);
#2872 = CARTESIAN_POINT('',(-55.,24.657060128018,25.612185805727));
#2873 = VECTOR('',#2874,1.);
#2874 = DIRECTION('',(-0.,0.707106781187,-0.707106781187));
#2875 = ORIENTED_EDGE('',*,*,#2854,.T.);
#2876 = ORIENTED_EDGE('',*,*,#1876,.F.);
#2877 = ORIENTED_EDGE('',*,*,#2878,.F.);
#2878 = EDGE_CURVE('',#2869,#1869,#2879,.T.);
#2879 = LINE('',#2880,#2881);
#2880 = CARTESIAN_POINT('',(-56.,41.269245933745,9.));
#2881 = VECTOR('',#2882,1.);
#2882 = DIRECTION('',(1.,0.,0.));
#2883 = PLANE('',#2884);
#2884 = AXIS2_PLACEMENT_3D('',#2885,#2886,#2887);
#2885 = CARTESIAN_POINT('',(-56.,45.358994578326,4.910251355418));
#2886 = DIRECTION('',(0.,-0.707106781187,-0.707106781187));
#2887 = DIRECTION('',(0.,-0.707106781187,0.707106781187));
#2888 = ADVANCED_FACE('',(#2889),#2907,.T.);
#2889 = FACE_BOUND('',#2890,.T.);
#2890 = EDGE_LOOP('',(#2891,#2899,#2900,#2901));
#2891 = ORIENTED_EDGE('',*,*,#2892,.T.);
#2892 = EDGE_CURVE('',#2893,#2869,#2895,.T.);
#2893 = VERTEX_POINT('',#2894);
#2894 = CARTESIAN_POINT('',(-55.,33.269245933745,9.));
#2895 = LINE('',#2896,#2897);
#2896 = CARTESIAN_POINT('',(-55.,-6.544874322291,9.));
#2897 = VECTOR('',#2898,1.);
#2898 = DIRECTION('',(0.,1.,0.));
#2899 = ORIENTED_EDGE('',*,*,#2878,.T.);
#2900 = ORIENTED_EDGE('',*,*,#1868,.F.);
#2901 = ORIENTED_EDGE('',*,*,#2902,.F.);
#2902 = EDGE_CURVE('',#2893,#1861,#2903,.T.);
#2903 = LINE('',#2904,#2905);
#2904 = CARTESIAN_POINT('',(-56.,33.269245933745,9.));
#2905 = VECTOR('',#2906,1.);
#2906 = DIRECTION('',(1.,0.,0.));
#2907 = PLANE('',#2908);
#2908 = AXIS2_PLACEMENT_3D('',#2909,#2910,#2911);
#2909 = CARTESIAN_POINT('',(-56.,41.269245933745,9.));
#2910 = DIRECTION('',(0.,0.,-1.));
#2911 = DIRECTION('',(0.,-1.,0.));
#2912 = ADVANCED_FACE('',(#2913),#2931,.T.);
#2913 = FACE_BOUND('',#2914,.T.);
#2914 = EDGE_LOOP('',(#2915,#2923,#2924,#2925));
#2915 = ORIENTED_EDGE('',*,*,#2916,.T.);
#2916 = EDGE_CURVE('',#2917,#2893,#2919,.T.);
#2917 = VERTEX_POINT('',#2918);
#2918 = CARTESIAN_POINT('',(-55.,29.179497289163,4.910251355418));
#2919 = LINE('',#2920,#2921);
#2920 = CARTESIAN_POINT('',(-55.,6.112185805727,-18.15706012801));
#2921 = VECTOR('',#2922,1.);
#2922 = DIRECTION('',(0.,0.707106781187,0.707106781187));
#2923 = ORIENTED_EDGE('',*,*,#2902,.T.);
#2924 = ORIENTED_EDGE('',*,*,#1860,.F.);
#2925 = ORIENTED_EDGE('',*,*,#2926,.F.);
#2926 = EDGE_CURVE('',#2917,#1853,#2927,.T.);
#2927 = LINE('',#2928,#2929);
#2928 = CARTESIAN_POINT('',(-56.,29.179497289163,4.910251355418));
#2929 = VECTOR('',#2930,1.);
#2930 = DIRECTION('',(1.,0.,0.));
#2931 = PLANE('',#2932);
#2932 = AXIS2_PLACEMENT_3D('',#2933,#2934,#2935);
#2933 = CARTESIAN_POINT('',(-56.,33.269245933745,9.));
#2934 = DIRECTION('',(0.,0.707106781187,-0.707106781187));
#2935 = DIRECTION('',(0.,-0.707106781187,-0.707106781187));
#2936 = ADVANCED_FACE('',(#2937),#2955,.T.);
#2937 = FACE_BOUND('',#2938,.T.);
#2938 = EDGE_LOOP('',(#2939,#2947,#2948,#2949));
#2939 = ORIENTED_EDGE('',*,*,#2940,.T.);
#2940 = EDGE_CURVE('',#2941,#2917,#2943,.T.);
#2941 = VERTEX_POINT('',#2942);
#2942 = CARTESIAN_POINT('',(-55.,29.179497289163,-4.910251355418));
#2943 = LINE('',#2944,#2945);
#2944 = CARTESIAN_POINT('',(-55.,29.179497289163,-3.544874322291));
#2945 = VECTOR('',#2946,1.);
#2946 = DIRECTION('',(0.,0.,1.));
#2947 = ORIENTED_EDGE('',*,*,#2926,.T.);
#2948 = ORIENTED_EDGE('',*,*,#1852,.F.);
#2949 = ORIENTED_EDGE('',*,*,#2950,.F.);
#2950 = EDGE_CURVE('',#2941,#1845,#2951,.T.);
#2951 = LINE('',#2952,#2953);
#2952 = CARTESIAN_POINT('',(-56.,29.179497289163,-4.910251355418));
#2953 = VECTOR('',#2954,1.);
#2954 = DIRECTION('',(1.,0.,0.));
#2955 = PLANE('',#2956);
#2956 = AXIS2_PLACEMENT_3D('',#2957,#2958,#2959);
#2957 = CARTESIAN_POINT('',(-56.,29.179497289163,4.910251355418));
#2958 = DIRECTION('',(-0.,1.,0.));
#2959 = DIRECTION('',(0.,0.,-1.));
#2960 = ADVANCED_FACE('',(#2961),#2979,.T.);
#2961 = FACE_BOUND('',#2962,.T.);
#2962 = EDGE_LOOP('',(#2963,#2971,#2972,#2973));
#2963 = ORIENTED_EDGE('',*,*,#2964,.T.);
#2964 = EDGE_CURVE('',#2965,#2941,#2967,.T.);
#2965 = VERTEX_POINT('',#2966);
#2966 = CARTESIAN_POINT('',(-55.,33.269245933745,-9.));
#2967 = LINE('',#2968,#2969);
#2968 = CARTESIAN_POINT('',(-55.,10.067311483436,14.201934450309));
#2969 = VECTOR('',#2970,1.);
#2970 = DIRECTION('',(0.,-0.707106781187,0.707106781187));
#2971 = ORIENTED_EDGE('',*,*,#2950,.T.);
#2972 = ORIENTED_EDGE('',*,*,#1844,.F.);
#2973 = ORIENTED_EDGE('',*,*,#2974,.F.);
#2974 = EDGE_CURVE('',#2965,#1837,#2975,.T.);
#2975 = LINE('',#2976,#2977);
#2976 = CARTESIAN_POINT('',(-56.,33.269245933745,-9.));
#2977 = VECTOR('',#2978,1.);
#2978 = DIRECTION('',(1.,0.,0.));
#2979 = PLANE('',#2980);
#2980 = AXIS2_PLACEMENT_3D('',#2981,#2982,#2983);
#2981 = CARTESIAN_POINT('',(-56.,29.179497289163,-4.910251355418));
#2982 = DIRECTION('',(-0.,0.707106781187,0.707106781187));
#2983 = DIRECTION('',(0.,0.707106781187,-0.707106781187));
#2984 = ADVANCED_FACE('',(#2985),#2996,.T.);
#2985 = FACE_BOUND('',#2986,.T.);
#2986 = EDGE_LOOP('',(#2987,#2993,#2994,#2995));
#2987 = ORIENTED_EDGE('',*,*,#2988,.T.);
#2988 = EDGE_CURVE('',#2816,#2965,#2989,.T.);
#2989 = LINE('',#2990,#2991);
#2990 = CARTESIAN_POINT('',(-55.,-10.54487432229,-9.));
#2991 = VECTOR('',#2992,1.);
#2992 = DIRECTION('',(0.,-1.,0.));
#2993 = ORIENTED_EDGE('',*,*,#2974,.T.);
#2994 = ORIENTED_EDGE('',*,*,#1836,.F.);
#2995 = ORIENTED_EDGE('',*,*,#2823,.F.);
#2996 = PLANE('',#2997);
#2997 = AXIS2_PLACEMENT_3D('',#2998,#2999,#3000);
#2998 = CARTESIAN_POINT('',(-56.,33.269245933745,-9.));
#2999 = DIRECTION('',(0.,0.,1.));
#3000 = DIRECTION('',(0.,1.,0.));
#3001 = ADVANCED_FACE('',(#3002),#3027,.T.);
#3002 = FACE_BOUND('',#3003,.T.);
#3003 = EDGE_LOOP('',(#3004,#3014,#3020,#3021));
#3004 = ORIENTED_EDGE('',*,*,#3005,.T.);
#3005 = EDGE_CURVE('',#3006,#3008,#3010,.T.);
#3006 = VERTEX_POINT('',#3007);
#3007 = CARTESIAN_POINT('',(-55.,26.179497289163,-4.910251355418));
#3008 = VERTEX_POINT('',#3009);
#3009 = CARTESIAN_POINT('',(-55.,22.089748644582,-9.));
#3010 = LINE('',#3011,#3012);
#3011 = CARTESIAN_POINT('',(-55.,2.227562838855,-28.86218580572));
#3012 = VECTOR('',#3013,1.);
#3013 = DIRECTION('',(0.,-0.707106781187,-0.707106781187));
#3014 = ORIENTED_EDGE('',*,*,#3015,.T.);
#3015 = EDGE_CURVE('',#3008,#1895,#3016,.T.);
#3016 = LINE('',#3017,#3018);
#3017 = CARTESIAN_POINT('',(-56.,22.089748644582,-9.));
#3018 = VECTOR('',#3019,1.);
#3019 = DIRECTION('',(1.,0.,0.));
#3020 = ORIENTED_EDGE('',*,*,#1892,.F.);
#3021 = ORIENTED_EDGE('',*,*,#3022,.F.);
#3022 = EDGE_CURVE('',#3006,#1893,#3023,.T.);
#3023 = LINE('',#3024,#3025);
#3024 = CARTESIAN_POINT('',(-56.,26.179497289163,-4.910251355418));
#3025 = VECTOR('',#3026,1.);
#3026 = DIRECTION('',(1.,0.,0.));
#3027 = PLANE('',#3028);
#3028 = AXIS2_PLACEMENT_3D('',#3029,#3030,#3031);
#3029 = CARTESIAN_POINT('',(-56.,22.089748644582,-9.));
#3030 = DIRECTION('',(0.,-0.707106781187,0.707106781187));
#3031 = DIRECTION('',(0.,0.707106781187,0.707106781187));
#3032 = ADVANCED_FACE('',(#3033),#3051,.T.);
#3033 = FACE_BOUND('',#3034,.T.);
#3034 = EDGE_LOOP('',(#3035,#3043,#3044,#3045));
#3035 = ORIENTED_EDGE('',*,*,#3036,.T.);
#3036 = EDGE_CURVE('',#3037,#3006,#3039,.T.);
#3037 = VERTEX_POINT('',#3038);
#3038 = CARTESIAN_POINT('',(-55.,26.179497289163,4.910251355418));
#3039 = LINE('',#3040,#3041);
#3040 = CARTESIAN_POINT('',(-55.,26.179497289163,-8.455125677709));
#3041 = VECTOR('',#3042,1.);
#3042 = DIRECTION('',(0.,-0.,-1.));
#3043 = ORIENTED_EDGE('',*,*,#3022,.T.);
#3044 = ORIENTED_EDGE('',*,*,#1950,.F.);
#3045 = ORIENTED_EDGE('',*,*,#3046,.F.);
#3046 = EDGE_CURVE('',#3037,#1943,#3047,.T.);
#3047 = LINE('',#3048,#3049);
#3048 = CARTESIAN_POINT('',(-56.,26.179497289163,4.910251355418));
#3049 = VECTOR('',#3050,1.);
#3050 = DIRECTION('',(1.,0.,0.));
#3051 = PLANE('',#3052);
#3052 = AXIS2_PLACEMENT_3D('',#3053,#3054,#3055);
#3053 = CARTESIAN_POINT('',(-56.,26.179497289163,-4.910251355418));
#3054 = DIRECTION('',(0.,-1.,0.));
#3055 = DIRECTION('',(0.,0.,1.));
#3056 = ADVANCED_FACE('',(#3057),#3075,.T.);
#3057 = FACE_BOUND('',#3058,.T.);
#3058 = EDGE_LOOP('',(#3059,#3067,#3068,#3069));
#3059 = ORIENTED_EDGE('',*,*,#3060,.T.);
#3060 = EDGE_CURVE('',#3061,#3037,#3063,.T.);
#3061 = VERTEX_POINT('',#3062);
#3062 = CARTESIAN_POINT('',(-55.,22.089748644582,9.));
#3063 = LINE('',#3064,#3065);
#3064 = CARTESIAN_POINT('',(-55.,10.272437161145,20.817311483436));
#3065 = VECTOR('',#3066,1.);
#3066 = DIRECTION('',(-0.,0.707106781187,-0.707106781187));
#3067 = ORIENTED_EDGE('',*,*,#3046,.T.);
#3068 = ORIENTED_EDGE('',*,*,#1942,.F.);
#3069 = ORIENTED_EDGE('',*,*,#3070,.F.);
#3070 = EDGE_CURVE('',#3061,#1935,#3071,.T.);
#3071 = LINE('',#3072,#3073);
#3072 = CARTESIAN_POINT('',(-56.,22.089748644582,9.));
#3073 = VECTOR('',#3074,1.);
#3074 = DIRECTION('',(1.,0.,0.));
#3075 = PLANE('',#3076);
#3076 = AXIS2_PLACEMENT_3D('',#3077,#3078,#3079);
#3077 = CARTESIAN_POINT('',(-56.,26.179497289163,4.910251355418));
#3078 = DIRECTION('',(0.,-0.707106781187,-0.707106781187));
#3079 = DIRECTION('',(0.,-0.707106781187,0.707106781187));
#3080 = ADVANCED_FACE('',(#3081),#3099,.T.);
#3081 = FACE_BOUND('',#3082,.T.);
#3082 = EDGE_LOOP('',(#3083,#3091,#3092,#3093));
#3083 = ORIENTED_EDGE('',*,*,#3084,.T.);
#3084 = EDGE_CURVE('',#3085,#3061,#3087,.T.);
#3085 = VERTEX_POINT('',#3086);
#3086 = CARTESIAN_POINT('',(-55.,14.089748644582,9.));
#3087 = LINE('',#3088,#3089);
#3088 = CARTESIAN_POINT('',(-55.,-16.13462296687,9.));
#3089 = VECTOR('',#3090,1.);
#3090 = DIRECTION('',(0.,1.,0.));
#3091 = ORIENTED_EDGE('',*,*,#3070,.T.);
#3092 = ORIENTED_EDGE('',*,*,#1934,.F.);
#3093 = ORIENTED_EDGE('',*,*,#3094,.F.);
#3094 = EDGE_CURVE('',#3085,#1927,#3095,.T.);
#3095 = LINE('',#3096,#3097);
#3096 = CARTESIAN_POINT('',(-56.,14.089748644582,9.));
#3097 = VECTOR('',#3098,1.);
#3098 = DIRECTION('',(1.,0.,0.));
#3099 = PLANE('',#3100);
#3100 = AXIS2_PLACEMENT_3D('',#3101,#3102,#3103);
#3101 = CARTESIAN_POINT('',(-56.,22.089748644582,9.));
#3102 = DIRECTION('',(0.,0.,-1.));
#3103 = DIRECTION('',(0.,-1.,0.));
#3104 = ADVANCED_FACE('',(#3105),#3123,.T.);
#3105 = FACE_BOUND('',#3106,.T.);
#3106 = EDGE_LOOP('',(#3107,#3115,#3116,#3117));
#3107 = ORIENTED_EDGE('',*,*,#3108,.T.);
#3108 = EDGE_CURVE('',#3109,#3085,#3111,.T.);
#3109 = VERTEX_POINT('',#3110);
#3110 = CARTESIAN_POINT('',(-55.,10.,4.910251355418));
#3111 = LINE('',#3112,#3113);
#3112 = CARTESIAN_POINT('',(-55.,-8.272437161145,-13.36218580572));
#3113 = VECTOR('',#3114,1.);
#3114 = DIRECTION('',(0.,0.707106781187,0.707106781187));
#3115 = ORIENTED_EDGE('',*,*,#3094,.T.);
#3116 = ORIENTED_EDGE('',*,*,#1926,.F.);
#3117 = ORIENTED_EDGE('',*,*,#3118,.F.);
#3118 = EDGE_CURVE('',#3109,#1919,#3119,.T.);
#3119 = LINE('',#3120,#3121);
#3120 = CARTESIAN_POINT('',(-56.,10.,4.910251355418));
#3121 = VECTOR('',#3122,1.);
#3122 = DIRECTION('',(1.,0.,0.));
#3123 = PLANE('',#3124);
#3124 = AXIS2_PLACEMENT_3D('',#3125,#3126,#3127);
#3125 = CARTESIAN_POINT('',(-56.,14.089748644582,9.));
#3126 = DIRECTION('',(0.,0.707106781187,-0.707106781187));
#3127 = DIRECTION('',(0.,-0.707106781187,-0.707106781187));
#3128 = ADVANCED_FACE('',(#3129),#3147,.T.);
#3129 = FACE_BOUND('',#3130,.T.);
#3130 = EDGE_LOOP('',(#3131,#3139,#3140,#3141));
#3131 = ORIENTED_EDGE('',*,*,#3132,.T.);
#3132 = EDGE_CURVE('',#3133,#3109,#3135,.T.);
#3133 = VERTEX_POINT('',#3134);
#3134 = CARTESIAN_POINT('',(-55.,10.,-4.910251355418));
#3135 = LINE('',#3136,#3137);
#3136 = CARTESIAN_POINT('',(-55.,10.,-3.544874322291));
#3137 = VECTOR('',#3138,1.);
#3138 = DIRECTION('',(0.,0.,1.));
#3139 = ORIENTED_EDGE('',*,*,#3118,.T.);
#3140 = ORIENTED_EDGE('',*,*,#1918,.F.);
#3141 = ORIENTED_EDGE('',*,*,#3142,.F.);
#3142 = EDGE_CURVE('',#3133,#1911,#3143,.T.);
#3143 = LINE('',#3144,#3145);
#3144 = CARTESIAN_POINT('',(-56.,10.,-4.910251355418));
#3145 = VECTOR('',#3146,1.);
#3146 = DIRECTION('',(1.,0.,0.));
#3147 = PLANE('',#3148);
#3148 = AXIS2_PLACEMENT_3D('',#3149,#3150,#3151);
#3149 = CARTESIAN_POINT('',(-56.,10.,4.910251355418));
#3150 = DIRECTION('',(-0.,1.,0.));
#3151 = DIRECTION('',(0.,0.,-1.));
#3152 = ADVANCED_FACE('',(#3153),#3171,.T.);
#3153 = FACE_BOUND('',#3154,.T.);
#3154 = EDGE_LOOP('',(#3155,#3163,#3164,#3165));
#3155 = ORIENTED_EDGE('',*,*,#3156,.T.);
#3156 = EDGE_CURVE('',#3157,#3133,#3159,.T.);
#3157 = VERTEX_POINT('',#3158);
#3158 = CARTESIAN_POINT('',(-55.,14.089748644582,-9.));
#3159 = LINE('',#3160,#3161);
#3160 = CARTESIAN_POINT('',(-55.,-4.317311483436,9.407060128018));
#3161 = VECTOR('',#3162,1.);
#3162 = DIRECTION('',(0.,-0.707106781187,0.707106781187));
#3163 = ORIENTED_EDGE('',*,*,#3142,.T.);
#3164 = ORIENTED_EDGE('',*,*,#1910,.F.);
#3165 = ORIENTED_EDGE('',*,*,#3166,.F.);
#3166 = EDGE_CURVE('',#3157,#1903,#3167,.T.);
#3167 = LINE('',#3168,#3169);
#3168 = CARTESIAN_POINT('',(-56.,14.089748644582,-9.));
#3169 = VECTOR('',#3170,1.);
#3170 = DIRECTION('',(1.,0.,0.));
#3171 = PLANE('',#3172);
#3172 = AXIS2_PLACEMENT_3D('',#3173,#3174,#3175);
#3173 = CARTESIAN_POINT('',(-56.,10.,-4.910251355418));
#3174 = DIRECTION('',(-0.,0.707106781187,0.707106781187));
#3175 = DIRECTION('',(0.,0.707106781187,-0.707106781187));
#3176 = ADVANCED_FACE('',(#3177),#3188,.T.);
#3177 = FACE_BOUND('',#3178,.T.);
#3178 = EDGE_LOOP('',(#3179,#3185,#3186,#3187));
#3179 = ORIENTED_EDGE('',*,*,#3180,.T.);
#3180 = EDGE_CURVE('',#3008,#3157,#3181,.T.);
#3181 = LINE('',#3182,#3183);
#3182 = CARTESIAN_POINT('',(-55.,-20.13462296687,-9.));
#3183 = VECTOR('',#3184,1.);
#3184 = DIRECTION('',(0.,-1.,0.));
#3185 = ORIENTED_EDGE('',*,*,#3166,.T.);
#3186 = ORIENTED_EDGE('',*,*,#1902,.F.);
#3187 = ORIENTED_EDGE('',*,*,#3015,.F.);
#3188 = PLANE('',#3189);
#3189 = AXIS2_PLACEMENT_3D('',#3190,#3191,#3192);
#3190 = CARTESIAN_POINT('',(-56.,14.089748644582,-9.));
#3191 = DIRECTION('',(0.,0.,1.));
#3192 = DIRECTION('',(0.,1.,0.));
#3193 = ADVANCED_FACE('',(#3194),#3219,.T.);
#3194 = FACE_BOUND('',#3195,.T.);
#3195 = EDGE_LOOP('',(#3196,#3206,#3212,#3213));
#3196 = ORIENTED_EDGE('',*,*,#3197,.T.);
#3197 = EDGE_CURVE('',#3198,#3200,#3202,.T.);
#3198 = VERTEX_POINT('',#3199);
#3199 = CARTESIAN_POINT('',(-55.,-10.,-4.910251355418));
#3200 = VERTEX_POINT('',#3201);
#3201 = CARTESIAN_POINT('',(-55.,-14.08974864458,-9.));
#3202 = LINE('',#3203,#3204);
#3203 = CARTESIAN_POINT('',(-55.,-24.90706012801,-19.81731148343));
#3204 = VECTOR('',#3205,1.);
#3205 = DIRECTION('',(0.,-0.707106781187,-0.707106781187));
#3206 = ORIENTED_EDGE('',*,*,#3207,.T.);
#3207 = EDGE_CURVE('',#3200,#1961,#3208,.T.);
#3208 = LINE('',#3209,#3210);
#3209 = CARTESIAN_POINT('',(-56.,-14.08974864458,-9.));
#3210 = VECTOR('',#3211,1.);
#3211 = DIRECTION('',(1.,0.,0.));
#3212 = ORIENTED_EDGE('',*,*,#1958,.F.);
#3213 = ORIENTED_EDGE('',*,*,#3214,.F.);
#3214 = EDGE_CURVE('',#3198,#1959,#3215,.T.);
#3215 = LINE('',#3216,#3217);
#3216 = CARTESIAN_POINT('',(-56.,-10.,-4.910251355418));
#3217 = VECTOR('',#3218,1.);
#3218 = DIRECTION('',(1.,0.,0.));
#3219 = PLANE('',#3220);
#3220 = AXIS2_PLACEMENT_3D('',#3221,#3222,#3223);
#3221 = CARTESIAN_POINT('',(-56.,-14.08974864458,-9.));
#3222 = DIRECTION('',(0.,-0.707106781187,0.707106781187));
#3223 = DIRECTION('',(0.,0.707106781187,0.707106781187));
#3224 = ADVANCED_FACE('',(#3225),#3243,.T.);
#3225 = FACE_BOUND('',#3226,.T.);
#3226 = EDGE_LOOP('',(#3227,#3235,#3236,#3237));
#3227 = ORIENTED_EDGE('',*,*,#3228,.T.);
#3228 = EDGE_CURVE('',#3229,#3198,#3231,.T.);
#3229 = VERTEX_POINT('',#3230);
#3230 = CARTESIAN_POINT('',(-55.,-10.,4.910251355418));
#3231 = LINE('',#3232,#3233);
#3232 = CARTESIAN_POINT('',(-55.,-10.,-8.455125677709));
#3233 = VECTOR('',#3234,1.);
#3234 = DIRECTION('',(0.,-0.,-1.));
#3235 = ORIENTED_EDGE('',*,*,#3214,.T.);
#3236 = ORIENTED_EDGE('',*,*,#2016,.F.);
#3237 = ORIENTED_EDGE('',*,*,#3238,.F.);
#3238 = EDGE_CURVE('',#3229,#2009,#3239,.T.);
#3239 = LINE('',#3240,#3241);
#3240 = CARTESIAN_POINT('',(-56.,-10.,4.910251355418));
#3241 = VECTOR('',#3242,1.);
#3242 = DIRECTION('',(1.,0.,0.));
#3243 = PLANE('',#3244);
#3244 = AXIS2_PLACEMENT_3D('',#3245,#3246,#3247);
#3245 = CARTESIAN_POINT('',(-56.,-10.,-4.910251355418));
#3246 = DIRECTION('',(0.,-1.,0.));
#3247 = DIRECTION('',(0.,0.,1.));
#3248 = ADVANCED_FACE('',(#3249),#3267,.T.);
#3249 = FACE_BOUND('',#3250,.T.);
#3250 = EDGE_LOOP('',(#3251,#3259,#3260,#3261));
#3251 = ORIENTED_EDGE('',*,*,#3252,.T.);
#3252 = EDGE_CURVE('',#3253,#3229,#3255,.T.);
#3253 = VERTEX_POINT('',#3254);
#3254 = CARTESIAN_POINT('',(-55.,-14.08974864458,9.));
#3255 = LINE('',#3256,#3257);
#3256 = CARTESIAN_POINT('',(-55.,-16.86218580572,11.772437161145));
#3257 = VECTOR('',#3258,1.);
#3258 = DIRECTION('',(-0.,0.707106781187,-0.707106781187));
#3259 = ORIENTED_EDGE('',*,*,#3238,.T.);
#3260 = ORIENTED_EDGE('',*,*,#2008,.F.);
#3261 = ORIENTED_EDGE('',*,*,#3262,.F.);
#3262 = EDGE_CURVE('',#3253,#2001,#3263,.T.);
#3263 = LINE('',#3264,#3265);
#3264 = CARTESIAN_POINT('',(-56.,-14.08974864458,9.));
#3265 = VECTOR('',#3266,1.);
#3266 = DIRECTION('',(1.,0.,0.));
#3267 = PLANE('',#3268);
#3268 = AXIS2_PLACEMENT_3D('',#3269,#3270,#3271);
#3269 = CARTESIAN_POINT('',(-56.,-10.,4.910251355418));
#3270 = DIRECTION('',(0.,-0.707106781187,-0.707106781187));
#3271 = DIRECTION('',(0.,-0.707106781187,0.707106781187));
#3272 = ADVANCED_FACE('',(#3273),#3291,.T.);
#3273 = FACE_BOUND('',#3274,.T.);
#3274 = EDGE_LOOP('',(#3275,#3283,#3284,#3285));
#3275 = ORIENTED_EDGE('',*,*,#3276,.T.);
#3276 = EDGE_CURVE('',#3277,#3253,#3279,.T.);
#3277 = VERTEX_POINT('',#3278);
#3278 = CARTESIAN_POINT('',(-55.,-22.08974864458,9.));
#3279 = LINE('',#3280,#3281);
#3280 = CARTESIAN_POINT('',(-55.,-34.22437161145,9.));
#3281 = VECTOR('',#3282,1.);
#3282 = DIRECTION('',(0.,1.,0.));
#3283 = ORIENTED_EDGE('',*,*,#3262,.T.);
#3284 = ORIENTED_EDGE('',*,*,#2000,.F.);
#3285 = ORIENTED_EDGE('',*,*,#3286,.F.);
#3286 = EDGE_CURVE('',#3277,#1993,#3287,.T.);
#3287 = LINE('',#3288,#3289);
#3288 = CARTESIAN_POINT('',(-56.,-22.08974864458,9.));
#3289 = VECTOR('',#3290,1.);
#3290 = DIRECTION('',(1.,0.,0.));
#3291 = PLANE('',#3292);
#3292 = AXIS2_PLACEMENT_3D('',#3293,#3294,#3295);
#3293 = CARTESIAN_POINT('',(-56.,-14.08974864458,9.));
#3294 = DIRECTION('',(0.,0.,-1.));
#3295 = DIRECTION('',(0.,-1.,0.));
#3296 = ADVANCED_FACE('',(#3297),#3315,.T.);
#3297 = FACE_BOUND('',#3298,.T.);
#3298 = EDGE_LOOP('',(#3299,#3307,#3308,#3309));
#3299 = ORIENTED_EDGE('',*,*,#3300,.T.);
#3300 = EDGE_CURVE('',#3301,#3277,#3303,.T.);
#3301 = VERTEX_POINT('',#3302);
#3302 = CARTESIAN_POINT('',(-55.,-26.17949728916,4.910251355418));
#3303 = LINE('',#3304,#3305);
#3304 = CARTESIAN_POINT('',(-55.,-35.40706012801,-4.317311483436));
#3305 = VECTOR('',#3306,1.);
#3306 = DIRECTION('',(0.,0.707106781187,0.707106781187));
#3307 = ORIENTED_EDGE('',*,*,#3286,.T.);
#3308 = ORIENTED_EDGE('',*,*,#1992,.F.);
#3309 = ORIENTED_EDGE('',*,*,#3310,.F.);
#3310 = EDGE_CURVE('',#3301,#1985,#3311,.T.);
#3311 = LINE('',#3312,#3313);
#3312 = CARTESIAN_POINT('',(-56.,-26.17949728916,4.910251355418));
#3313 = VECTOR('',#3314,1.);
#3314 = DIRECTION('',(1.,0.,0.));
#3315 = PLANE('',#3316);
#3316 = AXIS2_PLACEMENT_3D('',#3317,#3318,#3319);
#3317 = CARTESIAN_POINT('',(-56.,-22.08974864458,9.));
#3318 = DIRECTION('',(0.,0.707106781187,-0.707106781187));
#3319 = DIRECTION('',(0.,-0.707106781187,-0.707106781187));
#3320 = ADVANCED_FACE('',(#3321),#3339,.T.);
#3321 = FACE_BOUND('',#3322,.T.);
#3322 = EDGE_LOOP('',(#3323,#3331,#3332,#3333));
#3323 = ORIENTED_EDGE('',*,*,#3324,.T.);
#3324 = EDGE_CURVE('',#3325,#3301,#3327,.T.);
#3325 = VERTEX_POINT('',#3326);
#3326 = CARTESIAN_POINT('',(-55.,-26.17949728916,-4.910251355418));
#3327 = LINE('',#3328,#3329);
#3328 = CARTESIAN_POINT('',(-55.,-26.17949728916,-3.544874322291));
#3329 = VECTOR('',#3330,1.);
#3330 = DIRECTION('',(0.,0.,1.));
#3331 = ORIENTED_EDGE('',*,*,#3310,.T.);
#3332 = ORIENTED_EDGE('',*,*,#1984,.F.);
#3333 = ORIENTED_EDGE('',*,*,#3334,.F.);
#3334 = EDGE_CURVE('',#3325,#1977,#3335,.T.);
#3335 = LINE('',#3336,#3337);
#3336 = CARTESIAN_POINT('',(-56.,-26.17949728916,-4.910251355418));
#3337 = VECTOR('',#3338,1.);
#3338 = DIRECTION('',(1.,0.,0.));
#3339 = PLANE('',#3340);
#3340 = AXIS2_PLACEMENT_3D('',#3341,#3342,#3343);
#3341 = CARTESIAN_POINT('',(-56.,-26.17949728916,4.910251355418));
#3342 = DIRECTION('',(-0.,1.,0.));
#3343 = DIRECTION('',(0.,0.,-1.));
#3344 = ADVANCED_FACE('',(#3345),#3363,.T.);
#3345 = FACE_BOUND('',#3346,.T.);
#3346 = EDGE_LOOP('',(#3347,#3355,#3356,#3357));
#3347 = ORIENTED_EDGE('',*,*,#3348,.T.);
#3348 = EDGE_CURVE('',#3349,#3325,#3351,.T.);
#3349 = VERTEX_POINT('',#3350);
#3350 = CARTESIAN_POINT('',(-55.,-22.08974864458,-9.));
#3351 = LINE('',#3352,#3353);
#3352 = CARTESIAN_POINT('',(-55.,-31.4519344503,0.362185805727));
#3353 = VECTOR('',#3354,1.);
#3354 = DIRECTION('',(0.,-0.707106781187,0.707106781187));
#3355 = ORIENTED_EDGE('',*,*,#3334,.T.);
#3356 = ORIENTED_EDGE('',*,*,#1976,.F.);
#3357 = ORIENTED_EDGE('',*,*,#3358,.F.);
#3358 = EDGE_CURVE('',#3349,#1969,#3359,.T.);
#3359 = LINE('',#3360,#3361);
#3360 = CARTESIAN_POINT('',(-56.,-22.08974864458,-9.));
#3361 = VECTOR('',#3362,1.);
#3362 = DIRECTION('',(1.,0.,0.));
#3363 = PLANE('',#3364);
#3364 = AXIS2_PLACEMENT_3D('',#3365,#3366,#3367);
#3365 = CARTESIAN_POINT('',(-56.,-26.17949728916,-4.910251355418));
#3366 = DIRECTION('',(-0.,0.707106781187,0.707106781187));
#3367 = DIRECTION('',(0.,0.707106781187,-0.707106781187));
#3368 = ADVANCED_FACE('',(#3369),#3380,.T.);
#3369 = FACE_BOUND('',#3370,.T.);
#3370 = EDGE_LOOP('',(#3371,#3377,#3378,#3379));
#3371 = ORIENTED_EDGE('',*,*,#3372,.T.);
#3372 = EDGE_CURVE('',#3200,#3349,#3373,.T.);
#3373 = LINE('',#3374,#3375);
#3374 = CARTESIAN_POINT('',(-55.,-38.22437161145,-9.));
#3375 = VECTOR('',#3376,1.);
#3376 = DIRECTION('',(0.,-1.,0.));
#3377 = ORIENTED_EDGE('',*,*,#3358,.T.);
#3378 = ORIENTED_EDGE('',*,*,#1968,.F.);
#3379 = ORIENTED_EDGE('',*,*,#3207,.F.);
#3380 = PLANE('',#3381);
#3381 = AXIS2_PLACEMENT_3D('',#3382,#3383,#3384);
#3382 = CARTESIAN_POINT('',(-56.,-22.08974864458,-9.));
#3383 = DIRECTION('',(0.,0.,1.));
#3384 = DIRECTION('',(0.,1.,0.));
#3385 = ADVANCED_FACE('',(#3386),#3405,.F.);
#3386 = FACE_BOUND('',#3387,.F.);
#3387 = EDGE_LOOP('',(#3388,#3396,#3403,#3404));
#3388 = ORIENTED_EDGE('',*,*,#3389,.T.);
#3389 = EDGE_CURVE('',#2025,#3390,#3392,.T.);
#3390 = VERTEX_POINT('',#3391);
#3391 = CARTESIAN_POINT('',(-51.,7.960204194458E-16,-3.25));
#3392 = LINE('',#3393,#3394);
#3393 = CARTESIAN_POINT('',(-47.6,7.960204194458E-16,-3.25));
#3394 = VECTOR('',#3395,1.);
#3395 = DIRECTION('',(-1.,0.,0.));
#3396 = ORIENTED_EDGE('',*,*,#3397,.F.);
#3397 = EDGE_CURVE('',#3390,#3390,#3398,.T.);
#3398 = CIRCLE('',#3399,3.25);
#3399 = AXIS2_PLACEMENT_3D('',#3400,#3401,#3402);
#3400 = CARTESIAN_POINT('',(-51.,0.,0.));
#3401 = DIRECTION('',(-1.,0.,0.));
#3402 = DIRECTION('',(0.,0.,-1.));
#3403 = ORIENTED_EDGE('',*,*,#3389,.F.);
#3404 = ORIENTED_EDGE('',*,*,#2024,.T.);
#3405 = CYLINDRICAL_SURFACE('',#3406,3.25);
#3406 = AXIS2_PLACEMENT_3D('',#3407,#3408,#3409);
#3407 = CARTESIAN_POINT('',(-47.6,0.,0.));
#3408 = DIRECTION('',(-1.,0.,0.));
#3409 = DIRECTION('',(0.,0.,-1.));
#3410 = ADVANCED_FACE('',(#3411),#3436,.T.);
#3411 = FACE_BOUND('',#3412,.T.);
#3412 = EDGE_LOOP('',(#3413,#3423,#3429,#3430));
#3413 = ORIENTED_EDGE('',*,*,#3414,.T.);
#3414 = EDGE_CURVE('',#3415,#3417,#3419,.T.);
#3415 = VERTEX_POINT('',#3416);
#3416 = CARTESIAN_POINT('',(-55.,-29.17949728916,-4.910251355418));
#3417 = VERTEX_POINT('',#3418);
#3418 = CARTESIAN_POINT('',(-55.,-33.26924593374,-9.));
#3419 = LINE('',#3420,#3421);
#3420 = CARTESIAN_POINT('',(-55.,-39.29168309489,-15.02243716114));
#3421 = VECTOR('',#3422,1.);
#3422 = DIRECTION('',(0.,-0.707106781187,-0.707106781187));
#3423 = ORIENTED_EDGE('',*,*,#3424,.T.);
#3424 = EDGE_CURVE('',#3417,#2038,#3425,.T.);
#3425 = LINE('',#3426,#3427);
#3426 = CARTESIAN_POINT('',(-56.,-33.26924593374,-9.));
#3427 = VECTOR('',#3428,1.);
#3428 = DIRECTION('',(1.,0.,0.));
#3429 = ORIENTED_EDGE('',*,*,#2035,.F.);
#3430 = ORIENTED_EDGE('',*,*,#3431,.F.);
#3431 = EDGE_CURVE('',#3415,#2036,#3432,.T.);
#3432 = LINE('',#3433,#3434);
#3433 = CARTESIAN_POINT('',(-56.,-29.17949728916,-4.910251355418));
#3434 = VECTOR('',#3435,1.);
#3435 = DIRECTION('',(1.,0.,0.));
#3436 = PLANE('',#3437);
#3437 = AXIS2_PLACEMENT_3D('',#3438,#3439,#3440);
#3438 = CARTESIAN_POINT('',(-56.,-33.26924593374,-9.));
#3439 = DIRECTION('',(0.,-0.707106781187,0.707106781187));
#3440 = DIRECTION('',(0.,0.707106781187,0.707106781187));
#3441 = ADVANCED_FACE('',(#3442),#3460,.T.);
#3442 = FACE_BOUND('',#3443,.T.);
#3443 = EDGE_LOOP('',(#3444,#3452,#3453,#3454));
#3444 = ORIENTED_EDGE('',*,*,#3445,.T.);
#3445 = EDGE_CURVE('',#3446,#3415,#3448,.T.);
#3446 = VERTEX_POINT('',#3447);
#3447 = CARTESIAN_POINT('',(-55.,-29.17949728916,4.910251355418));
#3448 = LINE('',#3449,#3450);
#3449 = CARTESIAN_POINT('',(-55.,-29.17949728916,-8.455125677709));
#3450 = VECTOR('',#3451,1.);
#3451 = DIRECTION('',(0.,-0.,-1.));
#3452 = ORIENTED_EDGE('',*,*,#3431,.T.);
#3453 = ORIENTED_EDGE('',*,*,#2093,.F.);
#3454 = ORIENTED_EDGE('',*,*,#3455,.F.);
#3455 = EDGE_CURVE('',#3446,#2086,#3456,.T.);
#3456 = LINE('',#3457,#3458);
#3457 = CARTESIAN_POINT('',(-56.,-29.17949728916,4.910251355418));
#3458 = VECTOR('',#3459,1.);
#3459 = DIRECTION('',(1.,0.,0.));
#3460 = PLANE('',#3461);
#3461 = AXIS2_PLACEMENT_3D('',#3462,#3463,#3464);
#3462 = CARTESIAN_POINT('',(-56.,-29.17949728916,-4.910251355418));
#3463 = DIRECTION('',(0.,-1.,0.));
#3464 = DIRECTION('',(0.,0.,1.));
#3465 = ADVANCED_FACE('',(#3466),#3484,.T.);
#3466 = FACE_BOUND('',#3467,.T.);
#3467 = EDGE_LOOP('',(#3468,#3476,#3477,#3478));
#3468 = ORIENTED_EDGE('',*,*,#3469,.T.);
#3469 = EDGE_CURVE('',#3470,#3446,#3472,.T.);
#3470 = VERTEX_POINT('',#3471);
#3471 = CARTESIAN_POINT('',(-55.,-33.26924593374,9.));
#3472 = LINE('',#3473,#3474);
#3473 = CARTESIAN_POINT('',(-55.,-31.24680877259,6.977562838855));
#3474 = VECTOR('',#3475,1.);
#3475 = DIRECTION('',(-0.,0.707106781187,-0.707106781187));
#3476 = ORIENTED_EDGE('',*,*,#3455,.T.);
#3477 = ORIENTED_EDGE('',*,*,#2085,.F.);
#3478 = ORIENTED_EDGE('',*,*,#3479,.F.);
#3479 = EDGE_CURVE('',#3470,#2078,#3480,.T.);
#3480 = LINE('',#3481,#3482);
#3481 = CARTESIAN_POINT('',(-56.,-33.26924593374,9.));
#3482 = VECTOR('',#3483,1.);
#3483 = DIRECTION('',(1.,0.,0.));
#3484 = PLANE('',#3485);
#3485 = AXIS2_PLACEMENT_3D('',#3486,#3487,#3488);
#3486 = CARTESIAN_POINT('',(-56.,-29.17949728916,4.910251355418));
#3487 = DIRECTION('',(0.,-0.707106781187,-0.707106781187));
#3488 = DIRECTION('',(0.,-0.707106781187,0.707106781187));
#3489 = ADVANCED_FACE('',(#3490),#3508,.T.);
#3490 = FACE_BOUND('',#3491,.T.);
#3491 = EDGE_LOOP('',(#3492,#3500,#3501,#3502));
#3492 = ORIENTED_EDGE('',*,*,#3493,.T.);
#3493 = EDGE_CURVE('',#3494,#3470,#3496,.T.);
#3494 = VERTEX_POINT('',#3495);
#3495 = CARTESIAN_POINT('',(-55.,-41.26924593374,9.));
#3496 = LINE('',#3497,#3498);
#3497 = CARTESIAN_POINT('',(-55.,-43.81412025603,9.));
#3498 = VECTOR('',#3499,1.);
#3499 = DIRECTION('',(0.,1.,0.));
#3500 = ORIENTED_EDGE('',*,*,#3479,.T.);
#3501 = ORIENTED_EDGE('',*,*,#2077,.F.);
#3502 = ORIENTED_EDGE('',*,*,#3503,.F.);
#3503 = EDGE_CURVE('',#3494,#2070,#3504,.T.);
#3504 = LINE('',#3505,#3506);
#3505 = CARTESIAN_POINT('',(-56.,-41.26924593374,9.));
#3506 = VECTOR('',#3507,1.);
#3507 = DIRECTION('',(1.,0.,0.));
#3508 = PLANE('',#3509);
#3509 = AXIS2_PLACEMENT_3D('',#3510,#3511,#3512);
#3510 = CARTESIAN_POINT('',(-56.,-33.26924593374,9.));
#3511 = DIRECTION('',(0.,0.,-1.));
#3512 = DIRECTION('',(0.,-1.,0.));
#3513 = ADVANCED_FACE('',(#3514),#3532,.T.);
#3514 = FACE_BOUND('',#3515,.T.);
#3515 = EDGE_LOOP('',(#3516,#3524,#3525,#3526));
#3516 = ORIENTED_EDGE('',*,*,#3517,.T.);
#3517 = EDGE_CURVE('',#3518,#3494,#3520,.T.);
#3518 = VERTEX_POINT('',#3519);
#3519 = CARTESIAN_POINT('',(-55.,-45.35899457832,4.910251355418));
#3520 = LINE('',#3521,#3522);
#3521 = CARTESIAN_POINT('',(-55.,-49.79168309489,0.477562838855));
#3522 = VECTOR('',#3523,1.);
#3523 = DIRECTION('',(0.,0.707106781187,0.707106781187));
#3524 = ORIENTED_EDGE('',*,*,#3503,.T.);
#3525 = ORIENTED_EDGE('',*,*,#2069,.F.);
#3526 = ORIENTED_EDGE('',*,*,#3527,.F.);
#3527 = EDGE_CURVE('',#3518,#2062,#3528,.T.);
#3528 = LINE('',#3529,#3530);
#3529 = CARTESIAN_POINT('',(-56.,-45.35899457832,4.910251355418));
#3530 = VECTOR('',#3531,1.);
#3531 = DIRECTION('',(1.,0.,0.));
#3532 = PLANE('',#3533);
#3533 = AXIS2_PLACEMENT_3D('',#3534,#3535,#3536);
#3534 = CARTESIAN_POINT('',(-56.,-41.26924593374,9.));
#3535 = DIRECTION('',(0.,0.707106781187,-0.707106781187));
#3536 = DIRECTION('',(0.,-0.707106781187,-0.707106781187));
#3537 = ADVANCED_FACE('',(#3538),#3556,.T.);
#3538 = FACE_BOUND('',#3539,.T.);
#3539 = EDGE_LOOP('',(#3540,#3548,#3549,#3550));
#3540 = ORIENTED_EDGE('',*,*,#3541,.T.);
#3541 = EDGE_CURVE('',#3542,#3518,#3544,.T.);
#3542 = VERTEX_POINT('',#3543);
#3543 = CARTESIAN_POINT('',(-55.,-45.35899457832,-4.910251355418));
#3544 = LINE('',#3545,#3546);
#3545 = CARTESIAN_POINT('',(-55.,-45.35899457832,-3.544874322291));
#3546 = VECTOR('',#3547,1.);
#3547 = DIRECTION('',(0.,0.,1.));
#3548 = ORIENTED_EDGE('',*,*,#3527,.T.);
#3549 = ORIENTED_EDGE('',*,*,#2061,.F.);
#3550 = ORIENTED_EDGE('',*,*,#3551,.F.);
#3551 = EDGE_CURVE('',#3542,#2054,#3552,.T.);
#3552 = LINE('',#3553,#3554);
#3553 = CARTESIAN_POINT('',(-56.,-45.35899457832,-4.910251355418));
#3554 = VECTOR('',#3555,1.);
#3555 = DIRECTION('',(1.,0.,0.));
#3556 = PLANE('',#3557);
#3557 = AXIS2_PLACEMENT_3D('',#3558,#3559,#3560);
#3558 = CARTESIAN_POINT('',(-56.,-45.35899457832,4.910251355418));
#3559 = DIRECTION('',(-0.,1.,0.));
#3560 = DIRECTION('',(0.,0.,-1.));
#3561 = ADVANCED_FACE('',(#3562),#3580,.T.);
#3562 = FACE_BOUND('',#3563,.T.);
#3563 = EDGE_LOOP('',(#3564,#3572,#3573,#3574));
#3564 = ORIENTED_EDGE('',*,*,#3565,.T.);
#3565 = EDGE_CURVE('',#3566,#3542,#3568,.T.);
#3566 = VERTEX_POINT('',#3567);
#3567 = CARTESIAN_POINT('',(-55.,-41.26924593374,-9.));
#3568 = LINE('',#3569,#3570);
#3569 = CARTESIAN_POINT('',(-55.,-45.83655741718,-4.432688516564));
#3570 = VECTOR('',#3571,1.);
#3571 = DIRECTION('',(0.,-0.707106781187,0.707106781187));
#3572 = ORIENTED_EDGE('',*,*,#3551,.T.);
#3573 = ORIENTED_EDGE('',*,*,#2053,.F.);
#3574 = ORIENTED_EDGE('',*,*,#3575,.F.);
#3575 = EDGE_CURVE('',#3566,#2046,#3576,.T.);
#3576 = LINE('',#3577,#3578);
#3577 = CARTESIAN_POINT('',(-56.,-41.26924593374,-9.));
#3578 = VECTOR('',#3579,1.);
#3579 = DIRECTION('',(1.,0.,0.));
#3580 = PLANE('',#3581);
#3581 = AXIS2_PLACEMENT_3D('',#3582,#3583,#3584);
#3582 = CARTESIAN_POINT('',(-56.,-45.35899457832,-4.910251355418));
#3583 = DIRECTION('',(-0.,0.707106781187,0.707106781187));
#3584 = DIRECTION('',(0.,0.707106781187,-0.707106781187));
#3585 = ADVANCED_FACE('',(#3586),#3597,.T.);
#3586 = FACE_BOUND('',#3587,.T.);
#3587 = EDGE_LOOP('',(#3588,#3594,#3595,#3596));
#3588 = ORIENTED_EDGE('',*,*,#3589,.T.);
#3589 = EDGE_CURVE('',#3417,#3566,#3590,.T.);
#3590 = LINE('',#3591,#3592);
#3591 = CARTESIAN_POINT('',(-55.,-47.81412025603,-9.));
#3592 = VECTOR('',#3593,1.);
#3593 = DIRECTION('',(0.,-1.,0.));
#3594 = ORIENTED_EDGE('',*,*,#3575,.T.);
#3595 = ORIENTED_EDGE('',*,*,#2045,.F.);
#3596 = ORIENTED_EDGE('',*,*,#3424,.F.);
#3597 = PLANE('',#3598);
#3598 = AXIS2_PLACEMENT_3D('',#3599,#3600,#3601);
#3599 = CARTESIAN_POINT('',(-56.,-41.26924593374,-9.));
#3600 = DIRECTION('',(0.,0.,1.));
#3601 = DIRECTION('',(0.,1.,0.));
#3602 = ADVANCED_FACE('',(#3603),#3628,.T.);
#3603 = FACE_BOUND('',#3604,.T.);
#3604 = EDGE_LOOP('',(#3605,#3606,#3614,#3622));
#3605 = ORIENTED_EDGE('',*,*,#2116,.T.);
#3606 = ORIENTED_EDGE('',*,*,#3607,.T.);
#3607 = EDGE_CURVE('',#2109,#3608,#3610,.T.);
#3608 = VERTEX_POINT('',#3609);
#3609 = CARTESIAN_POINT('',(-27.,54.358994578326,9.5));
#3610 = LINE('',#3611,#3612);
#3611 = CARTESIAN_POINT('',(27.,54.358994578326,9.5));
#3612 = VECTOR('',#3613,1.);
#3613 = DIRECTION('',(-1.,0.,0.));
#3614 = ORIENTED_EDGE('',*,*,#3615,.F.);
#3615 = EDGE_CURVE('',#3616,#3608,#3618,.T.);
#3616 = VERTEX_POINT('',#3617);
#3617 = CARTESIAN_POINT('',(-27.,48.358994578326,9.5));
#3618 = LINE('',#3619,#3620);
#3619 = CARTESIAN_POINT('',(-27.,48.358994578326,9.5));
#3620 = VECTOR('',#3621,1.);
#3621 = DIRECTION('',(0.,1.,0.));
#3622 = ORIENTED_EDGE('',*,*,#3623,.F.);
#3623 = EDGE_CURVE('',#2117,#3616,#3624,.T.);
#3624 = LINE('',#3625,#3626);
#3625 = CARTESIAN_POINT('',(27.,48.358994578326,9.5));
#3626 = VECTOR('',#3627,1.);
#3627 = DIRECTION('',(-1.,0.,0.));
#3628 = PLANE('',#3629);
#3629 = AXIS2_PLACEMENT_3D('',#3630,#3631,#3632);
#3630 = CARTESIAN_POINT('',(27.,48.358994578326,9.5));
#3631 = DIRECTION('',(0.,-0.,1.));
#3632 = DIRECTION('',(-1.,0.,0.));
#3633 = ADVANCED_FACE('',(#3634),#3640,.F.);
#3634 = FACE_BOUND('',#3635,.F.);
#3635 = EDGE_LOOP('',(#3636,#3637,#3638,#3639));
#3636 = ORIENTED_EDGE('',*,*,#2490,.F.);
#3637 = ORIENTED_EDGE('',*,*,#2473,.T.);
#3638 = ORIENTED_EDGE('',*,*,#2170,.T.);
#3639 = ORIENTED_EDGE('',*,*,#2149,.T.);
#3640 = B_SPLINE_SURFACE_WITH_KNOTS('',1,1,(
    (#3641,#3642)
    ,(#3643,#3644
    )),.UNSPECIFIED.,.F.,.F.,.F.,(2,2),(2,2),(0.,25.8),(0.,1.),
  .PIECEWISE_BEZIER_KNOTS.);
#3641 = CARTESIAN_POINT('',(65.1,-6.55,-17.35));
#3642 = CARTESIAN_POINT('',(64.1,-7.55,-18.35));
#3643 = CARTESIAN_POINT('',(65.1,-6.55,6.45));
#3644 = CARTESIAN_POINT('',(64.1,-7.55,7.45));
#3645 = ADVANCED_FACE('',(#3646),#3652,.T.);
#3646 = FACE_BOUND('',#3647,.T.);
#3647 = EDGE_LOOP('',(#3648,#3649,#3650,#3651));
#3648 = ORIENTED_EDGE('',*,*,#2644,.F.);
#3649 = ORIENTED_EDGE('',*,*,#2466,.T.);
#3650 = ORIENTED_EDGE('',*,*,#2217,.T.);
#3651 = ORIENTED_EDGE('',*,*,#2265,.T.);
#3652 = B_SPLINE_SURFACE_WITH_KNOTS('',1,1,(
    (#3653,#3654)
    ,(#3655,#3656
    )),.UNSPECIFIED.,.F.,.F.,.F.,(2,2),(2,2),(0.,25.8),(0.,1.),
  .PIECEWISE_BEZIER_KNOTS.);
#3653 = CARTESIAN_POINT('',(68.1,-6.55,-17.35));
#3654 = CARTESIAN_POINT('',(69.1,-7.55,-18.35));
#3655 = CARTESIAN_POINT('',(68.1,-6.55,6.45));
#3656 = CARTESIAN_POINT('',(69.1,-7.55,7.45));
#3657 = ADVANCED_FACE('',(#3658),#3664,.F.);
#3658 = FACE_BOUND('',#3659,.F.);
#3659 = EDGE_LOOP('',(#3660,#3661,#3662,#3663));
#3660 = ORIENTED_EDGE('',*,*,#2335,.F.);
#3661 = ORIENTED_EDGE('',*,*,#2511,.T.);
#3662 = ORIENTED_EDGE('',*,*,#2450,.T.);
#3663 = ORIENTED_EDGE('',*,*,#2303,.T.);
#3664 = B_SPLINE_SURFACE_WITH_KNOTS('',1,1,(
    (#3665,#3666)
    ,(#3667,#3668
    )),.UNSPECIFIED.,.F.,.F.,.F.,(2,2),(2,2),(0.,25.8),(0.,1.),
  .PIECEWISE_BEZIER_KNOTS.);
#3665 = CARTESIAN_POINT('',(65.1,6.55,6.45));
#3666 = CARTESIAN_POINT('',(64.1,7.55,7.45));
#3667 = CARTESIAN_POINT('',(65.1,6.55,-17.35));
#3668 = CARTESIAN_POINT('',(64.1,7.55,-18.35));
#3669 = ADVANCED_FACE('',(#3670),#3676,.T.);
#3670 = FACE_BOUND('',#3671,.T.);
#3671 = EDGE_LOOP('',(#3672,#3673,#3674,#3675));
#3672 = ORIENTED_EDGE('',*,*,#2375,.F.);
#3673 = ORIENTED_EDGE('',*,*,#2504,.T.);
#3674 = ORIENTED_EDGE('',*,*,#2526,.T.);
#3675 = ORIENTED_EDGE('',*,*,#2421,.T.);
#3676 = B_SPLINE_SURFACE_WITH_KNOTS('',1,1,(
    (#3677,#3678)
    ,(#3679,#3680
    )),.UNSPECIFIED.,.F.,.F.,.F.,(2,2),(2,2),(0.,25.8),(0.,1.),
  .PIECEWISE_BEZIER_KNOTS.);
#3677 = CARTESIAN_POINT('',(68.1,6.55,6.45));
#3678 = CARTESIAN_POINT('',(69.1,7.55,7.45));
#3679 = CARTESIAN_POINT('',(68.1,6.55,-17.35));
#3680 = CARTESIAN_POINT('',(69.1,7.55,-18.35));
#3681 = ADVANCED_FACE('',(#3682),#3698,.T.);
#3682 = FACE_BOUND('',#3683,.T.);
#3683 = EDGE_LOOP('',(#3684,#3685,#3691,#3692));
#3684 = ORIENTED_EDGE('',*,*,#2729,.T.);
#3685 = ORIENTED_EDGE('',*,*,#3686,.T.);
#3686 = EDGE_CURVE('',#2730,#2661,#3687,.T.);
#3687 = LINE('',#3688,#3689);
#3688 = CARTESIAN_POINT('',(-29.5,54.358994578326,-7.));
#3689 = VECTOR('',#3690,1.);
#3690 = DIRECTION('',(0.707106781187,0.,-0.707106781187));
#3691 = ORIENTED_EDGE('',*,*,#2658,.F.);
#3692 = ORIENTED_EDGE('',*,*,#3693,.F.);
#3693 = EDGE_CURVE('',#2722,#2659,#3694,.T.);
#3694 = LINE('',#3695,#3696);
#3695 = CARTESIAN_POINT('',(-29.5,48.358994578326,-7.));
#3696 = VECTOR('',#3697,1.);
#3697 = DIRECTION('',(0.707106781187,0.,-0.707106781187));
#3698 = PLANE('',#3699);
#3699 = AXIS2_PLACEMENT_3D('',#3700,#3701,#3702);
#3700 = CARTESIAN_POINT('',(-29.5,48.358994578326,-7.));
#3701 = DIRECTION('',(-0.707106781187,0.,-0.707106781187));
#3702 = DIRECTION('',(0.707106781187,0.,-0.707106781187));
#3703 = ADVANCED_FACE('',(#3704),#3720,.T.);
#3704 = FACE_BOUND('',#3705,.T.);
#3705 = EDGE_LOOP('',(#3706,#3707,#3713,#3714));
#3706 = ORIENTED_EDGE('',*,*,#3615,.T.);
#3707 = ORIENTED_EDGE('',*,*,#3708,.T.);
#3708 = EDGE_CURVE('',#3608,#2761,#3709,.T.);
#3709 = LINE('',#3710,#3711);
#3710 = CARTESIAN_POINT('',(-27.,54.358994578326,9.5));
#3711 = VECTOR('',#3712,1.);
#3712 = DIRECTION('',(-0.707106781187,0.,-0.707106781187));
#3713 = ORIENTED_EDGE('',*,*,#2760,.F.);
#3714 = ORIENTED_EDGE('',*,*,#3715,.F.);
#3715 = EDGE_CURVE('',#3616,#2753,#3716,.T.);
#3716 = LINE('',#3717,#3718);
#3717 = CARTESIAN_POINT('',(-27.,48.358994578326,9.5));
#3718 = VECTOR('',#3719,1.);
#3719 = DIRECTION('',(-0.707106781187,0.,-0.707106781187));
#3720 = PLANE('',#3721);
#3721 = AXIS2_PLACEMENT_3D('',#3722,#3723,#3724);
#3722 = CARTESIAN_POINT('',(-27.,48.358994578326,9.5));
#3723 = DIRECTION('',(-0.707106781187,0.,0.707106781187));
#3724 = DIRECTION('',(-0.707106781187,0.,-0.707106781187));
#3725 = ADVANCED_FACE('',(#3726,#3737),#3740,.T.);
#3726 = FACE_BOUND('',#3727,.T.);
#3727 = EDGE_LOOP('',(#3728));
#3728 = ORIENTED_EDGE('',*,*,#3729,.T.);
#3729 = EDGE_CURVE('',#3730,#3730,#3732,.T.);
#3730 = VERTEX_POINT('',#3731);
#3731 = CARTESIAN_POINT('',(-51.,1.243016501135E-15,-5.075));
#3732 = CIRCLE('',#3733,5.075);
#3733 = AXIS2_PLACEMENT_3D('',#3734,#3735,#3736);
#3734 = CARTESIAN_POINT('',(-51.,0.,0.));
#3735 = DIRECTION('',(-1.,0.,0.));
#3736 = DIRECTION('',(0.,0.,-1.));
#3737 = FACE_BOUND('',#3738,.T.);
#3738 = EDGE_LOOP('',(#3739));
#3739 = ORIENTED_EDGE('',*,*,#3397,.F.);
#3740 = PLANE('',#3741);
#3741 = AXIS2_PLACEMENT_3D('',#3742,#3743,#3744);
#3742 = CARTESIAN_POINT('',(-51.,0.,0.));
#3743 = DIRECTION('',(-1.,0.,0.));
#3744 = DIRECTION('',(0.,0.,-1.));
#3745 = ADVANCED_FACE('',(#3746),#3765,.F.);
#3746 = FACE_BOUND('',#3747,.F.);
#3747 = EDGE_LOOP('',(#3748,#3757,#3763,#3764));
#3748 = ORIENTED_EDGE('',*,*,#3749,.F.);
#3749 = EDGE_CURVE('',#3750,#3750,#3752,.T.);
#3750 = VERTEX_POINT('',#3751);
#3751 = CARTESIAN_POINT('',(-55.,1.243016501135E-15,-5.075));
#3752 = CIRCLE('',#3753,5.075);
#3753 = AXIS2_PLACEMENT_3D('',#3754,#3755,#3756);
#3754 = CARTESIAN_POINT('',(-55.,0.,0.));
#3755 = DIRECTION('',(-1.,0.,0.));
#3756 = DIRECTION('',(0.,0.,-1.));
#3757 = ORIENTED_EDGE('',*,*,#3758,.F.);
#3758 = EDGE_CURVE('',#3730,#3750,#3759,.T.);
#3759 = LINE('',#3760,#3761);
#3760 = CARTESIAN_POINT('',(-51.,1.243016501135E-15,-5.075));
#3761 = VECTOR('',#3762,1.);
#3762 = DIRECTION('',(-1.,0.,0.));
#3763 = ORIENTED_EDGE('',*,*,#3729,.T.);
#3764 = ORIENTED_EDGE('',*,*,#3758,.T.);
#3765 = CYLINDRICAL_SURFACE('',#3766,5.075);
#3766 = AXIS2_PLACEMENT_3D('',#3767,#3768,#3769);
#3767 = CARTESIAN_POINT('',(-51.,0.,0.));
#3768 = DIRECTION('',(-1.,0.,0.));
#3769 = DIRECTION('',(0.,0.,-1.));
#3770 = ADVANCED_FACE('',(#3771),#3830,.T.);
#3771 = FACE_BOUND('',#3772,.T.);
#3772 = EDGE_LOOP('',(#3773,#3774,#3782,#3790,#3799,#3807,#3816,#3824));
#3773 = ORIENTED_EDGE('',*,*,#31,.T.);
#3774 = ORIENTED_EDGE('',*,*,#3775,.F.);
#3775 = EDGE_CURVE('',#3776,#22,#3778,.T.);
#3776 = VERTEX_POINT('',#3777);
#3777 = CARTESIAN_POINT('',(69.1,54.358994578326,-22.3));
#3778 = LINE('',#3779,#3780);
#3779 = CARTESIAN_POINT('',(69.1,54.358994578326,-22.3));
#3780 = VECTOR('',#3781,1.);
#3781 = DIRECTION('',(-1.,0.,0.));
#3782 = ORIENTED_EDGE('',*,*,#3783,.F.);
#3783 = EDGE_CURVE('',#3784,#3776,#3786,.T.);
#3784 = VERTEX_POINT('',#3785);
#3785 = CARTESIAN_POINT('',(69.1,7.6744986118,-22.3));
#3786 = LINE('',#3787,#3788);
#3787 = CARTESIAN_POINT('',(69.1,-54.35899457832,-22.3));
#3788 = VECTOR('',#3789,1.);
#3789 = DIRECTION('',(0.,1.,0.));
#3790 = ORIENTED_EDGE('',*,*,#3791,.T.);
#3791 = EDGE_CURVE('',#3784,#3792,#3794,.T.);
#3792 = VERTEX_POINT('',#3793);
#3793 = CARTESIAN_POINT('',(74.1,1.25,-22.3));
#3794 = HYPERBOLA('',#3795,3.006,3.);
#3795 = AXIS2_PLACEMENT_3D('',#3796,#3797,#3798);
#3796 = CARTESIAN_POINT('',(77.3565,0.,-22.3));
#3797 = DIRECTION('',(0.,0.,1.));
#3798 = DIRECTION('',(-1.,0.,0.));
#3799 = ORIENTED_EDGE('',*,*,#3800,.T.);
#3800 = EDGE_CURVE('',#3792,#3801,#3803,.T.);
#3801 = VERTEX_POINT('',#3802);
#3802 = CARTESIAN_POINT('',(74.1,-1.25,-22.3));
#3803 = LINE('',#3804,#3805);
#3804 = CARTESIAN_POINT('',(74.1,-27.17949728916,-22.3));
#3805 = VECTOR('',#3806,1.);
#3806 = DIRECTION('',(0.,-1.,0.));
#3807 = ORIENTED_EDGE('',*,*,#3808,.T.);
#3808 = EDGE_CURVE('',#3801,#3809,#3811,.T.);
#3809 = VERTEX_POINT('',#3810);
#3810 = CARTESIAN_POINT('',(69.1,-7.6744986118,-22.3));
#3811 = HYPERBOLA('',#3812,3.006,3.);
#3812 = AXIS2_PLACEMENT_3D('',#3813,#3814,#3815);
#3813 = CARTESIAN_POINT('',(77.3565,0.,-22.3));
#3814 = DIRECTION('',(0.,0.,1.));
#3815 = DIRECTION('',(-1.,0.,0.));
#3816 = ORIENTED_EDGE('',*,*,#3817,.F.);
#3817 = EDGE_CURVE('',#3818,#3809,#3820,.T.);
#3818 = VERTEX_POINT('',#3819);
#3819 = CARTESIAN_POINT('',(69.1,-54.35899457832,-22.3));
#3820 = LINE('',#3821,#3822);
#3821 = CARTESIAN_POINT('',(69.1,-54.35899457832,-22.3));
#3822 = VECTOR('',#3823,1.);
#3823 = DIRECTION('',(0.,1.,0.));
#3824 = ORIENTED_EDGE('',*,*,#3825,.T.);
#3825 = EDGE_CURVE('',#3818,#32,#3826,.T.);
#3826 = LINE('',#3827,#3828);
#3827 = CARTESIAN_POINT('',(69.1,-54.35899457832,-22.3));
#3828 = VECTOR('',#3829,1.);
#3829 = DIRECTION('',(-1.,0.,0.));
#3830 = PLANE('',#3831);
#3831 = AXIS2_PLACEMENT_3D('',#3832,#3833,#3834);
#3832 = CARTESIAN_POINT('',(66.879264714523,0.,-22.3));
#3833 = DIRECTION('',(-0.,-0.,-1.));
#3834 = DIRECTION('',(-1.,0.,0.));
#3835 = ADVANCED_FACE('',(#3836),#3883,.T.);
#3836 = FACE_BOUND('',#3837,.T.);
#3837 = EDGE_LOOP('',(#3838,#3849,#3858,#3867,#3876));
#3838 = ORIENTED_EDGE('',*,*,#3839,.F.);
#3839 = EDGE_CURVE('',#3840,#3842,#3844,.T.);
#3840 = VERTEX_POINT('',#3841);
#3841 = CARTESIAN_POINT('',(74.1,3.248461174156,-19.2));
#3842 = VERTEX_POINT('',#3843);
#3843 = CARTESIAN_POINT('',(74.1,3.162277660168,-18.35));
#3844 = CIRCLE('',#3845,3.25);
#3845 = AXIS2_PLACEMENT_3D('',#3846,#3847,#3848);
#3846 = CARTESIAN_POINT('',(74.1,0.,-19.1));
#3847 = DIRECTION('',(1.,-0.,0.));
#3848 = DIRECTION('',(0.,0.,-1.));
#3849 = ORIENTED_EDGE('',*,*,#3850,.T.);
#3850 = EDGE_CURVE('',#3840,#3851,#3853,.T.);
#3851 = VERTEX_POINT('',#3852);
#3852 = CARTESIAN_POINT('',(69.1,8.239413143089,-19.2));
#3853 = HYPERBOLA('',#3854,0.1002,1.E-01);
#3854 = AXIS2_PLACEMENT_3D('',#3855,#3856,#3857);
#3855 = CARTESIAN_POINT('',(77.3565,0.,-19.2));
#3856 = DIRECTION('',(0.,0.,-1.));
#3857 = DIRECTION('',(-1.,0.,0.));
#3858 = ORIENTED_EDGE('',*,*,#3859,.T.);
#3859 = EDGE_CURVE('',#3851,#3860,#3862,.T.);
#3860 = VERTEX_POINT('',#3861);
#3861 = CARTESIAN_POINT('',(69.1,7.55,-15.79917753544));
#3862 = CIRCLE('',#3863,8.24001996008);
#3863 = AXIS2_PLACEMENT_3D('',#3864,#3865,#3866);
#3864 = CARTESIAN_POINT('',(69.1,0.,-19.1));
#3865 = DIRECTION('',(1.,0.,0.));
#3866 = DIRECTION('',(0.,0.,-1.));
#3867 = ORIENTED_EDGE('',*,*,#3868,.F.);
#3868 = EDGE_CURVE('',#3869,#3860,#3871,.T.);
#3869 = VERTEX_POINT('',#3870);
#3870 = CARTESIAN_POINT('',(69.754165473027,7.55,-18.35));
#3871 = HYPERBOLA('',#3872,7.5651,7.55);
#3872 = AXIS2_PLACEMENT_3D('',#3873,#3874,#3875);
#3873 = CARTESIAN_POINT('',(77.3565,7.55,-19.1));
#3874 = DIRECTION('',(0.,1.,0.));
#3875 = DIRECTION('',(-1.,0.,0.));
#3876 = ORIENTED_EDGE('',*,*,#3877,.T.);
#3877 = EDGE_CURVE('',#3869,#3842,#3878,.T.);
#3878 = HYPERBOLA('',#3879,0.7515,0.75);
#3879 = AXIS2_PLACEMENT_3D('',#3880,#3881,#3882);
#3880 = CARTESIAN_POINT('',(77.3565,0.,-18.35));
#3881 = DIRECTION('',(0.,0.,1.));
#3882 = DIRECTION('',(-1.,0.,0.));
#3883 = CONICAL_SURFACE('',#3884,8.25,0.784399162731);
#3884 = AXIS2_PLACEMENT_3D('',#3885,#3886,#3887);
#3885 = CARTESIAN_POINT('',(69.09,0.,-19.1));
#3886 = DIRECTION('',(-1.,0.,0.));
#3887 = DIRECTION('',(0.,0.,-1.));
#3888 = ADVANCED_FACE('',(#3889),#3907,.T.);
#3889 = FACE_BOUND('',#3890,.T.);
#3890 = EDGE_LOOP('',(#3891,#3898,#3899,#3906));
#3891 = ORIENTED_EDGE('',*,*,#3892,.F.);
#3892 = EDGE_CURVE('',#3792,#3840,#3893,.T.);
#3893 = CIRCLE('',#3894,3.25);
#3894 = AXIS2_PLACEMENT_3D('',#3895,#3896,#3897);
#3895 = CARTESIAN_POINT('',(74.1,0.,-19.3));
#3896 = DIRECTION('',(1.,-0.,0.));
#3897 = DIRECTION('',(0.,0.,-1.));
#3898 = ORIENTED_EDGE('',*,*,#3791,.F.);
#3899 = ORIENTED_EDGE('',*,*,#3900,.T.);
#3900 = EDGE_CURVE('',#3784,#3851,#3901,.T.);
#3901 = CIRCLE('',#3902,8.24001996008);
#3902 = AXIS2_PLACEMENT_3D('',#3903,#3904,#3905);
#3903 = CARTESIAN_POINT('',(69.1,0.,-19.3));
#3904 = DIRECTION('',(1.,0.,0.));
#3905 = DIRECTION('',(0.,0.,-1.));
#3906 = ORIENTED_EDGE('',*,*,#3850,.F.);
#3907 = CONICAL_SURFACE('',#3908,8.25,0.784399162731);
#3908 = AXIS2_PLACEMENT_3D('',#3909,#3910,#3911);
#3909 = CARTESIAN_POINT('',(69.09,0.,-19.3));
#3910 = DIRECTION('',(-1.,0.,0.));
#3911 = DIRECTION('',(0.,0.,-1.));
#3912 = ADVANCED_FACE('',(#3913),#3941,.T.);
#3913 = FACE_BOUND('',#3914,.T.);
#3914 = EDGE_LOOP('',(#3915,#3916,#3925,#3934));
#3915 = ORIENTED_EDGE('',*,*,#3808,.F.);
#3916 = ORIENTED_EDGE('',*,*,#3917,.F.);
#3917 = EDGE_CURVE('',#3918,#3801,#3920,.T.);
#3918 = VERTEX_POINT('',#3919);
#3919 = CARTESIAN_POINT('',(74.1,-3.248461174156,-19.2));
#3920 = CIRCLE('',#3921,3.25);
#3921 = AXIS2_PLACEMENT_3D('',#3922,#3923,#3924);
#3922 = CARTESIAN_POINT('',(74.1,0.,-19.3));
#3923 = DIRECTION('',(1.,-0.,0.));
#3924 = DIRECTION('',(0.,0.,-1.));
#3925 = ORIENTED_EDGE('',*,*,#3926,.F.);
#3926 = EDGE_CURVE('',#3927,#3918,#3929,.T.);
#3927 = VERTEX_POINT('',#3928);
#3928 = CARTESIAN_POINT('',(69.1,-8.239413143089,-19.2));
#3929 = HYPERBOLA('',#3930,0.1002,1.E-01);
#3930 = AXIS2_PLACEMENT_3D('',#3931,#3932,#3933);
#3931 = CARTESIAN_POINT('',(77.3565,0.,-19.2));
#3932 = DIRECTION('',(0.,0.,-1.));
#3933 = DIRECTION('',(-1.,0.,0.));
#3934 = ORIENTED_EDGE('',*,*,#3935,.T.);
#3935 = EDGE_CURVE('',#3927,#3809,#3936,.T.);
#3936 = CIRCLE('',#3937,8.24001996008);
#3937 = AXIS2_PLACEMENT_3D('',#3938,#3939,#3940);
#3938 = CARTESIAN_POINT('',(69.1,0.,-19.3));
#3939 = DIRECTION('',(1.,0.,0.));
#3940 = DIRECTION('',(0.,0.,-1.));
#3941 = CONICAL_SURFACE('',#3942,8.25,0.784399162731);
#3942 = AXIS2_PLACEMENT_3D('',#3943,#3944,#3945);
#3943 = CARTESIAN_POINT('',(69.09,0.,-19.3));
#3944 = DIRECTION('',(-1.,0.,0.));
#3945 = DIRECTION('',(0.,0.,-1.));
#3946 = ADVANCED_FACE('',(#3947),#3984,.T.);
#3947 = FACE_BOUND('',#3948,.T.);
#3948 = EDGE_LOOP('',(#3949,#3958,#3967,#3976,#3983));
#3949 = ORIENTED_EDGE('',*,*,#3950,.F.);
#3950 = EDGE_CURVE('',#3951,#3918,#3953,.T.);
#3951 = VERTEX_POINT('',#3952);
#3952 = CARTESIAN_POINT('',(74.1,-3.162277660168,-18.35));
#3953 = CIRCLE('',#3954,3.25);
#3954 = AXIS2_PLACEMENT_3D('',#3955,#3956,#3957);
#3955 = CARTESIAN_POINT('',(74.1,0.,-19.1));
#3956 = DIRECTION('',(1.,-0.,0.));
#3957 = DIRECTION('',(0.,0.,-1.));
#3958 = ORIENTED_EDGE('',*,*,#3959,.T.);
#3959 = EDGE_CURVE('',#3951,#3960,#3962,.T.);
#3960 = VERTEX_POINT('',#3961);
#3961 = CARTESIAN_POINT('',(69.754165473027,-7.55,-18.35));
#3962 = HYPERBOLA('',#3963,0.7515,0.75);
#3963 = AXIS2_PLACEMENT_3D('',#3964,#3965,#3966);
#3964 = CARTESIAN_POINT('',(77.3565,0.,-18.35));
#3965 = DIRECTION('',(0.,0.,1.));
#3966 = DIRECTION('',(-1.,0.,0.));
#3967 = ORIENTED_EDGE('',*,*,#3968,.T.);
#3968 = EDGE_CURVE('',#3960,#3969,#3971,.T.);
#3969 = VERTEX_POINT('',#3970);
#3970 = CARTESIAN_POINT('',(69.1,-7.55,-15.79917753544));
#3971 = HYPERBOLA('',#3972,7.5651,7.55);
#3972 = AXIS2_PLACEMENT_3D('',#3973,#3974,#3975);
#3973 = CARTESIAN_POINT('',(77.3565,-7.55,-19.1));
#3974 = DIRECTION('',(0.,1.,0.));
#3975 = DIRECTION('',(-1.,0.,0.));
#3976 = ORIENTED_EDGE('',*,*,#3977,.T.);
#3977 = EDGE_CURVE('',#3969,#3927,#3978,.T.);
#3978 = CIRCLE('',#3979,8.24001996008);
#3979 = AXIS2_PLACEMENT_3D('',#3980,#3981,#3982);
#3980 = CARTESIAN_POINT('',(69.1,0.,-19.1));
#3981 = DIRECTION('',(1.,0.,0.));
#3982 = DIRECTION('',(0.,0.,-1.));
#3983 = ORIENTED_EDGE('',*,*,#3926,.T.);
#3984 = CONICAL_SURFACE('',#3985,8.25,0.784399162731);
#3985 = AXIS2_PLACEMENT_3D('',#3986,#3987,#3988);
#3986 = CARTESIAN_POINT('',(69.09,0.,-19.1));
#3987 = DIRECTION('',(-1.,0.,0.));
#3988 = DIRECTION('',(0.,0.,-1.));
#3989 = ADVANCED_FACE('',(#3990,#4029),#4104,.T.);
#3990 = FACE_BOUND('',#3991,.T.);
#3991 = EDGE_LOOP('',(#3992,#3993,#3994,#3995,#3996,#3997,#3998,#3999,
    #4000,#4001,#4007,#4008,#4009,#4010,#4011,#4012,#4013,#4014,#4015,
    #4023));
#3992 = ORIENTED_EDGE('',*,*,#3775,.T.);
#3993 = ORIENTED_EDGE('',*,*,#21,.T.);
#3994 = ORIENTED_EDGE('',*,*,#479,.F.);
#3995 = ORIENTED_EDGE('',*,*,#1730,.F.);
#3996 = ORIENTED_EDGE('',*,*,#2668,.F.);
#3997 = ORIENTED_EDGE('',*,*,#3686,.F.);
#3998 = ORIENTED_EDGE('',*,*,#2737,.F.);
#3999 = ORIENTED_EDGE('',*,*,#1767,.F.);
#4000 = ORIENTED_EDGE('',*,*,#2706,.F.);
#4001 = ORIENTED_EDGE('',*,*,#4002,.T.);
#4002 = EDGE_CURVE('',#2692,#2785,#4003,.T.);
#4003 = LINE('',#4004,#4005);
#4004 = CARTESIAN_POINT('',(-55.,54.358994578326,-12.));
#4005 = VECTOR('',#4006,1.);
#4006 = DIRECTION('',(0.,0.,1.));
#4007 = ORIENTED_EDGE('',*,*,#2799,.T.);
#4008 = ORIENTED_EDGE('',*,*,#1799,.F.);
#4009 = ORIENTED_EDGE('',*,*,#2768,.T.);
#4010 = ORIENTED_EDGE('',*,*,#3708,.F.);
#4011 = ORIENTED_EDGE('',*,*,#3607,.F.);
#4012 = ORIENTED_EDGE('',*,*,#2108,.F.);
#4013 = ORIENTED_EDGE('',*,*,#541,.T.);
#4014 = ORIENTED_EDGE('',*,*,#87,.T.);
#4015 = ORIENTED_EDGE('',*,*,#4016,.F.);
#4016 = EDGE_CURVE('',#4017,#80,#4019,.T.);
#4017 = VERTEX_POINT('',#4018);
#4018 = CARTESIAN_POINT('',(69.1,54.358994578326,11.4));
#4019 = LINE('',#4020,#4021);
#4020 = CARTESIAN_POINT('',(69.1,54.358994578326,11.4));
#4021 = VECTOR('',#4022,1.);
#4022 = DIRECTION('',(-1.,0.,0.));
#4023 = ORIENTED_EDGE('',*,*,#4024,.F.);
#4024 = EDGE_CURVE('',#3776,#4017,#4025,.T.);
#4025 = LINE('',#4026,#4027);
#4026 = CARTESIAN_POINT('',(69.1,54.358994578326,-22.3));
#4027 = VECTOR('',#4028,1.);
#4028 = DIRECTION('',(0.,0.,1.));
#4029 = FACE_BOUND('',#4030,.T.);
#4030 = EDGE_LOOP('',(#4031,#4041,#4049,#4057,#4066,#4074,#4082,#4090,
    #4098));
#4031 = ORIENTED_EDGE('',*,*,#4032,.F.);
#4032 = EDGE_CURVE('',#4033,#4035,#4037,.T.);
#4033 = VERTEX_POINT('',#4034);
#4034 = CARTESIAN_POINT('',(-23.,54.358994578326,6.75));
#4035 = VERTEX_POINT('',#4036);
#4036 = CARTESIAN_POINT('',(-1.381727983645,54.358994578326,6.75));
#4037 = LINE('',#4038,#4039);
#4038 = CARTESIAN_POINT('',(-11.5,54.358994578326,6.75));
#4039 = VECTOR('',#4040,1.);
#4040 = DIRECTION('',(1.,-0.,0.));
#4041 = ORIENTED_EDGE('',*,*,#4042,.F.);
#4042 = EDGE_CURVE('',#4043,#4033,#4045,.T.);
#4043 = VERTEX_POINT('',#4044);
#4044 = CARTESIAN_POINT('',(-23.,54.358994578326,-4.25));
#4045 = LINE('',#4046,#4047);
#4046 = CARTESIAN_POINT('',(-23.,54.358994578326,2.743718433538));
#4047 = VECTOR('',#4048,1.);
#4048 = DIRECTION('',(0.,0.,1.));
#4049 = ORIENTED_EDGE('',*,*,#4050,.T.);
#4050 = EDGE_CURVE('',#4043,#4051,#4053,.T.);
#4051 = VERTEX_POINT('',#4052);
#4052 = CARTESIAN_POINT('',(-3.872983346207,54.358994578326,-4.25));
#4053 = LINE('',#4054,#4055);
#4054 = CARTESIAN_POINT('',(-11.5,54.358994578326,-4.25));
#4055 = VECTOR('',#4056,1.);
#4056 = DIRECTION('',(1.,-0.,0.));
#4057 = ORIENTED_EDGE('',*,*,#4058,.F.);
#4058 = EDGE_CURVE('',#4059,#4051,#4061,.T.);
#4059 = VERTEX_POINT('',#4060);
#4060 = CARTESIAN_POINT('',(3.872983346207,54.358994578326,-4.25));
#4061 = CIRCLE('',#4062,5.75);
#4062 = AXIS2_PLACEMENT_3D('',#4063,#4064,#4065);
#4063 = CARTESIAN_POINT('',(0.,54.358994578326,0.));
#4064 = DIRECTION('',(-0.,1.,0.));
#4065 = DIRECTION('',(1.,0.,0.));
#4066 = ORIENTED_EDGE('',*,*,#4067,.T.);
#4067 = EDGE_CURVE('',#4059,#4068,#4070,.T.);
#4068 = VERTEX_POINT('',#4069);
#4069 = CARTESIAN_POINT('',(23.,54.358994578326,-4.25));
#4070 = LINE('',#4071,#4072);
#4071 = CARTESIAN_POINT('',(-11.5,54.358994578326,-4.25));
#4072 = VECTOR('',#4073,1.);
#4073 = DIRECTION('',(1.,-0.,0.));
#4074 = ORIENTED_EDGE('',*,*,#4075,.T.);
#4075 = EDGE_CURVE('',#4068,#4076,#4078,.T.);
#4076 = VERTEX_POINT('',#4077);
#4077 = CARTESIAN_POINT('',(23.,54.358994578326,6.75));
#4078 = LINE('',#4079,#4080);
#4079 = CARTESIAN_POINT('',(23.,54.358994578326,2.125));
#4080 = VECTOR('',#4081,1.);
#4081 = DIRECTION('',(0.,0.,1.));
#4082 = ORIENTED_EDGE('',*,*,#4083,.F.);
#4083 = EDGE_CURVE('',#4084,#4076,#4086,.T.);
#4084 = VERTEX_POINT('',#4085);
#4085 = CARTESIAN_POINT('',(1.381727983645,54.358994578326,6.75));
#4086 = LINE('',#4087,#4088);
#4087 = CARTESIAN_POINT('',(-11.5,54.358994578326,6.75));
#4088 = VECTOR('',#4089,1.);
#4089 = DIRECTION('',(1.,-0.,0.));
#4090 = ORIENTED_EDGE('',*,*,#4091,.T.);
#4091 = EDGE_CURVE('',#4084,#4092,#4094,.T.);
#4092 = VERTEX_POINT('',#4093);
#4093 = CARTESIAN_POINT('',(0.,54.358994578326,8.131727983645));
#4094 = LINE('',#4095,#4096);
#4095 = CARTESIAN_POINT('',(4.065863991823,54.358994578326,
    4.065863991823));
#4096 = VECTOR('',#4097,1.);
#4097 = DIRECTION('',(-0.707106781187,0.,0.707106781187));
#4098 = ORIENTED_EDGE('',*,*,#4099,.T.);
#4099 = EDGE_CURVE('',#4092,#4035,#4100,.T.);
#4100 = LINE('',#4101,#4102);
#4101 = CARTESIAN_POINT('',(-2.032931995911,54.358994578326,
    6.098795987734));
#4102 = VECTOR('',#4103,1.);
#4103 = DIRECTION('',(-0.707106781187,0.,-0.707106781187));
#4104 = PLANE('',#4105);
#4105 = AXIS2_PLACEMENT_3D('',#4106,#4107,#4108);
#4106 = CARTESIAN_POINT('',(10.4056860463,54.358994578326,
    -1.241618144378));
#4107 = DIRECTION('',(0.,1.,0.));
#4108 = DIRECTION('',(0.,-0.,1.));
#4109 = ADVANCED_FACE('',(#4110),#4135,.F.);
#4110 = FACE_BOUND('',#4111,.F.);
#4111 = EDGE_LOOP('',(#4112,#4122,#4128,#4129));
#4112 = ORIENTED_EDGE('',*,*,#4113,.F.);
#4113 = EDGE_CURVE('',#4114,#4116,#4118,.T.);
#4114 = VERTEX_POINT('',#4115);
#4115 = CARTESIAN_POINT('',(0.,51.858994578326,8.131727983645));
#4116 = VERTEX_POINT('',#4117);
#4117 = CARTESIAN_POINT('',(-3.881727983645,51.858994578326,4.25));
#4118 = LINE('',#4119,#4120);
#4119 = CARTESIAN_POINT('',(0.,51.858994578326,8.131727983645));
#4120 = VECTOR('',#4121,1.);
#4121 = DIRECTION('',(-0.707106781187,0.,-0.707106781187));
#4122 = ORIENTED_EDGE('',*,*,#4123,.T.);
#4123 = EDGE_CURVE('',#4114,#4092,#4124,.T.);
#4124 = LINE('',#4125,#4126);
#4125 = CARTESIAN_POINT('',(0.,51.858994578326,8.131727983645));
#4126 = VECTOR('',#4127,1.);
#4127 = DIRECTION('',(0.,1.,0.));
#4128 = ORIENTED_EDGE('',*,*,#4099,.T.);
#4129 = ORIENTED_EDGE('',*,*,#4130,.F.);
#4130 = EDGE_CURVE('',#4116,#4035,#4131,.T.);
#4131 = LINE('',#4132,#4133);
#4132 = CARTESIAN_POINT('',(-4.607530658489,51.133191903482,
    3.524197325156));
#4133 = VECTOR('',#4134,1.);
#4134 = DIRECTION('',(0.57735026919,0.57735026919,0.57735026919));
#4135 = PLANE('',#4136);
#4136 = AXIS2_PLACEMENT_3D('',#4137,#4138,#4139);
#4137 = CARTESIAN_POINT('',(0.,51.858994578326,8.131727983645));
#4138 = DIRECTION('',(-0.707106781187,0.,0.707106781187));
#4139 = DIRECTION('',(-0.707106781187,0.,-0.707106781187));
#4140 = ADVANCED_FACE('',(#4141),#4159,.T.);
#4141 = FACE_BOUND('',#4142,.T.);
#4142 = EDGE_LOOP('',(#4143,#4151,#4152,#4153));
#4143 = ORIENTED_EDGE('',*,*,#4144,.F.);
#4144 = EDGE_CURVE('',#4033,#4145,#4147,.T.);
#4145 = VERTEX_POINT('',#4146);
#4146 = CARTESIAN_POINT('',(-23.,51.858994578326,4.25));
#4147 = LINE('',#4148,#4149);
#4148 = CARTESIAN_POINT('',(-23.,55.358994578326,7.75));
#4149 = VECTOR('',#4150,1.);
#4150 = DIRECTION('',(0.,-0.707106781187,-0.707106781187));
#4151 = ORIENTED_EDGE('',*,*,#4032,.T.);
#4152 = ORIENTED_EDGE('',*,*,#4130,.F.);
#4153 = ORIENTED_EDGE('',*,*,#4154,.F.);
#4154 = EDGE_CURVE('',#4145,#4116,#4155,.T.);
#4155 = LINE('',#4156,#4157);
#4156 = CARTESIAN_POINT('',(-23.,51.858994578326,4.25));
#4157 = VECTOR('',#4158,1.);
#4158 = DIRECTION('',(1.,0.,0.));
#4159 = PLANE('',#4160);
#4160 = AXIS2_PLACEMENT_3D('',#4161,#4162,#4163);
#4161 = CARTESIAN_POINT('',(-23.,55.358994578326,7.75));
#4162 = DIRECTION('',(0.,0.707106781187,-0.707106781187));
#4163 = DIRECTION('',(0.,-0.707106781187,-0.707106781187));
#4164 = ADVANCED_FACE('',(#4165),#4183,.F.);
#4165 = FACE_BOUND('',#4166,.F.);
#4166 = EDGE_LOOP('',(#4167,#4175,#4181,#4182));
#4167 = ORIENTED_EDGE('',*,*,#4168,.F.);
#4168 = EDGE_CURVE('',#4169,#4114,#4171,.T.);
#4169 = VERTEX_POINT('',#4170);
#4170 = CARTESIAN_POINT('',(3.881727983645,51.858994578326,4.25));
#4171 = LINE('',#4172,#4173);
#4172 = CARTESIAN_POINT('',(4.065863991823,51.858994578326,
    4.065863991823));
#4173 = VECTOR('',#4174,1.);
#4174 = DIRECTION('',(-0.707106781187,0.,0.707106781187));
#4175 = ORIENTED_EDGE('',*,*,#4176,.F.);
#4176 = EDGE_CURVE('',#4084,#4169,#4177,.T.);
#4177 = LINE('',#4178,#4179);
#4178 = CARTESIAN_POINT('',(-1.703848010903,57.444570572875,
    9.835575994548));
#4179 = VECTOR('',#4180,1.);
#4180 = DIRECTION('',(0.57735026919,-0.57735026919,-0.57735026919));
#4181 = ORIENTED_EDGE('',*,*,#4091,.T.);
#4182 = ORIENTED_EDGE('',*,*,#4123,.F.);
#4183 = PLANE('',#4184);
#4184 = AXIS2_PLACEMENT_3D('',#4185,#4186,#4187);
#4185 = CARTESIAN_POINT('',(4.065863991823,51.858994578326,
    4.065863991823));
#4186 = DIRECTION('',(0.707106781187,0.,0.707106781187));
#4187 = DIRECTION('',(-0.707106781187,0.,0.707106781187));
#4188 = ADVANCED_FACE('',(#4189),#4207,.T.);
#4189 = FACE_BOUND('',#4190,.T.);
#4190 = EDGE_LOOP('',(#4191,#4192,#4193,#4201));
#4191 = ORIENTED_EDGE('',*,*,#4176,.F.);
#4192 = ORIENTED_EDGE('',*,*,#4083,.T.);
#4193 = ORIENTED_EDGE('',*,*,#4194,.T.);
#4194 = EDGE_CURVE('',#4076,#4195,#4197,.T.);
#4195 = VERTEX_POINT('',#4196);
#4196 = CARTESIAN_POINT('',(23.,51.858994578326,4.25));
#4197 = LINE('',#4198,#4199);
#4198 = CARTESIAN_POINT('',(23.,55.358994578326,7.75));
#4199 = VECTOR('',#4200,1.);
#4200 = DIRECTION('',(0.,-0.707106781187,-0.707106781187));
#4201 = ORIENTED_EDGE('',*,*,#4202,.F.);
#4202 = EDGE_CURVE('',#4169,#4195,#4203,.T.);
#4203 = LINE('',#4204,#4205);
#4204 = CARTESIAN_POINT('',(-23.,51.858994578326,4.25));
#4205 = VECTOR('',#4206,1.);
#4206 = DIRECTION('',(1.,0.,0.));
#4207 = PLANE('',#4208);
#4208 = AXIS2_PLACEMENT_3D('',#4209,#4210,#4211);
#4209 = CARTESIAN_POINT('',(-23.,55.358994578326,7.75));
#4210 = DIRECTION('',(0.,0.707106781187,-0.707106781187));
#4211 = DIRECTION('',(0.,-0.707106781187,-0.707106781187));
#4212 = ADVANCED_FACE('',(#4213),#4238,.F.);
#4213 = FACE_BOUND('',#4214,.F.);
#4214 = EDGE_LOOP('',(#4215,#4225,#4231,#4232));
#4215 = ORIENTED_EDGE('',*,*,#4216,.F.);
#4216 = EDGE_CURVE('',#4217,#4219,#4221,.T.);
#4217 = VERTEX_POINT('',#4218);
#4218 = CARTESIAN_POINT('',(-23.,51.858994578326,-4.25));
#4219 = VERTEX_POINT('',#4220);
#4220 = CARTESIAN_POINT('',(-3.872983346207,51.858994578326,-4.25));
#4221 = LINE('',#4222,#4223);
#4222 = CARTESIAN_POINT('',(-23.,51.858994578326,-4.25));
#4223 = VECTOR('',#4224,1.);
#4224 = DIRECTION('',(1.,0.,0.));
#4225 = ORIENTED_EDGE('',*,*,#4226,.T.);
#4226 = EDGE_CURVE('',#4217,#4043,#4227,.T.);
#4227 = LINE('',#4228,#4229);
#4228 = CARTESIAN_POINT('',(-23.,51.858994578326,-4.25));
#4229 = VECTOR('',#4230,1.);
#4230 = DIRECTION('',(0.,1.,0.));
#4231 = ORIENTED_EDGE('',*,*,#4050,.T.);
#4232 = ORIENTED_EDGE('',*,*,#4233,.F.);
#4233 = EDGE_CURVE('',#4219,#4051,#4234,.T.);
#4234 = LINE('',#4235,#4236);
#4235 = CARTESIAN_POINT('',(-3.872983346207,51.858994578326,-4.25));
#4236 = VECTOR('',#4237,1.);
#4237 = DIRECTION('',(0.,1.,0.));
#4238 = PLANE('',#4239);
#4239 = AXIS2_PLACEMENT_3D('',#4240,#4241,#4242);
#4240 = CARTESIAN_POINT('',(-23.,51.858994578326,-4.25));
#4241 = DIRECTION('',(0.,0.,-1.));
#4242 = DIRECTION('',(0.,1.,0.));
#4243 = ADVANCED_FACE('',(#4244),#4263,.F.);
#4244 = FACE_BOUND('',#4245,.F.);
#4245 = EDGE_LOOP('',(#4246,#4247,#4255,#4262));
#4246 = ORIENTED_EDGE('',*,*,#4058,.F.);
#4247 = ORIENTED_EDGE('',*,*,#4248,.F.);
#4248 = EDGE_CURVE('',#4249,#4059,#4251,.T.);
#4249 = VERTEX_POINT('',#4250);
#4250 = CARTESIAN_POINT('',(3.872983346208,51.858994578326,-4.25));
#4251 = LINE('',#4252,#4253);
#4252 = CARTESIAN_POINT('',(3.872983346207,51.858994578326,-4.25));
#4253 = VECTOR('',#4254,1.);
#4254 = DIRECTION('',(0.,1.,0.));
#4255 = ORIENTED_EDGE('',*,*,#4256,.T.);
#4256 = EDGE_CURVE('',#4249,#4219,#4257,.T.);
#4257 = CIRCLE('',#4258,5.75);
#4258 = AXIS2_PLACEMENT_3D('',#4259,#4260,#4261);
#4259 = CARTESIAN_POINT('',(0.,51.858994578326,0.));
#4260 = DIRECTION('',(-0.,1.,0.));
#4261 = DIRECTION('',(1.,0.,0.));
#4262 = ORIENTED_EDGE('',*,*,#4233,.T.);
#4263 = CYLINDRICAL_SURFACE('',#4264,5.75);
#4264 = AXIS2_PLACEMENT_3D('',#4265,#4266,#4267);
#4265 = CARTESIAN_POINT('',(0.,51.858994578326,0.));
#4266 = DIRECTION('',(0.,1.,0.));
#4267 = DIRECTION('',(1.,0.,0.));
#4268 = ADVANCED_FACE('',(#4269),#4287,.F.);
#4269 = FACE_BOUND('',#4270,.F.);
#4270 = EDGE_LOOP('',(#4271,#4279,#4280,#4281));
#4271 = ORIENTED_EDGE('',*,*,#4272,.F.);
#4272 = EDGE_CURVE('',#4249,#4273,#4275,.T.);
#4273 = VERTEX_POINT('',#4274);
#4274 = CARTESIAN_POINT('',(23.,51.858994578326,-4.25));
#4275 = LINE('',#4276,#4277);
#4276 = CARTESIAN_POINT('',(-23.,51.858994578326,-4.25));
#4277 = VECTOR('',#4278,1.);
#4278 = DIRECTION('',(1.,0.,0.));
#4279 = ORIENTED_EDGE('',*,*,#4248,.T.);
#4280 = ORIENTED_EDGE('',*,*,#4067,.T.);
#4281 = ORIENTED_EDGE('',*,*,#4282,.F.);
#4282 = EDGE_CURVE('',#4273,#4068,#4283,.T.);
#4283 = LINE('',#4284,#4285);
#4284 = CARTESIAN_POINT('',(23.,51.858994578326,-4.25));
#4285 = VECTOR('',#4286,1.);
#4286 = DIRECTION('',(0.,1.,0.));
#4287 = PLANE('',#4288);
#4288 = AXIS2_PLACEMENT_3D('',#4289,#4290,#4291);
#4289 = CARTESIAN_POINT('',(-23.,51.858994578326,-4.25));
#4290 = DIRECTION('',(0.,0.,-1.));
#4291 = DIRECTION('',(0.,1.,0.));
#4292 = ADVANCED_FACE('',(#4293,#4331),#4341,.T.);
#4293 = FACE_BOUND('',#4294,.T.);
#4294 = EDGE_LOOP('',(#4295,#4296,#4297,#4298,#4299,#4307,#4316,#4325));
#4295 = ORIENTED_EDGE('',*,*,#3859,.F.);
#4296 = ORIENTED_EDGE('',*,*,#3900,.F.);
#4297 = ORIENTED_EDGE('',*,*,#3783,.T.);
#4298 = ORIENTED_EDGE('',*,*,#4024,.T.);
#4299 = ORIENTED_EDGE('',*,*,#4300,.F.);
#4300 = EDGE_CURVE('',#4301,#4017,#4303,.T.);
#4301 = VERTEX_POINT('',#4302);
#4302 = CARTESIAN_POINT('',(69.1,7.6744986118,11.4));
#4303 = LINE('',#4304,#4305);
#4304 = CARTESIAN_POINT('',(69.1,-54.35899457832,11.4));
#4305 = VECTOR('',#4306,1.);
#4306 = DIRECTION('',(0.,1.,0.));
#4307 = ORIENTED_EDGE('',*,*,#4308,.F.);
#4308 = EDGE_CURVE('',#4309,#4301,#4311,.T.);
#4309 = VERTEX_POINT('',#4310);
#4310 = CARTESIAN_POINT('',(69.1,8.239413143089,8.3));
#4311 = CIRCLE('',#4312,8.24001996008);
#4312 = AXIS2_PLACEMENT_3D('',#4313,#4314,#4315);
#4313 = CARTESIAN_POINT('',(69.1,0.,8.4));
#4314 = DIRECTION('',(1.,0.,0.));
#4315 = DIRECTION('',(0.,0.,-1.));
#4316 = ORIENTED_EDGE('',*,*,#4317,.F.);
#4317 = EDGE_CURVE('',#4318,#4309,#4320,.T.);
#4318 = VERTEX_POINT('',#4319);
#4319 = CARTESIAN_POINT('',(69.1,7.55,4.899177535444));
#4320 = CIRCLE('',#4321,8.24001996008);
#4321 = AXIS2_PLACEMENT_3D('',#4322,#4323,#4324);
#4322 = CARTESIAN_POINT('',(69.1,0.,8.2));
#4323 = DIRECTION('',(1.,0.,0.));
#4324 = DIRECTION('',(0.,0.,-1.));
#4325 = ORIENTED_EDGE('',*,*,#4326,.T.);
#4326 = EDGE_CURVE('',#4318,#3860,#4327,.T.);
#4327 = LINE('',#4328,#4329);
#4328 = CARTESIAN_POINT('',(69.1,7.55,7.45));
#4329 = VECTOR('',#4330,1.);
#4330 = DIRECTION('',(0.,0.,-1.));
#4331 = FACE_BOUND('',#4332,.T.);
#4332 = EDGE_LOOP('',(#4333,#4334,#4335,#4336,#4337,#4338,#4339,#4340));
#4333 = ORIENTED_EDGE('',*,*,#1537,.F.);
#4334 = ORIENTED_EDGE('',*,*,#1568,.F.);
#4335 = ORIENTED_EDGE('',*,*,#1592,.F.);
#4336 = ORIENTED_EDGE('',*,*,#1616,.F.);
#4337 = ORIENTED_EDGE('',*,*,#1640,.F.);
#4338 = ORIENTED_EDGE('',*,*,#1664,.F.);
#4339 = ORIENTED_EDGE('',*,*,#1688,.F.);
#4340 = ORIENTED_EDGE('',*,*,#1705,.F.);
#4341 = PLANE('',#4342);
#4342 = AXIS2_PLACEMENT_3D('',#4343,#4344,#4345);
#4343 = CARTESIAN_POINT('',(69.1,30.982938768072,-5.45));
#4344 = DIRECTION('',(1.,0.,0.));
#4345 = DIRECTION('',(-0.,0.,1.));
#4346 = ADVANCED_FACE('',(#4347),#4375,.T.);
#4347 = FACE_BOUND('',#4348,.T.);
#4348 = EDGE_LOOP('',(#4349,#4360,#4367,#4368));
#4349 = ORIENTED_EDGE('',*,*,#4350,.F.);
#4350 = EDGE_CURVE('',#4351,#4353,#4355,.T.);
#4351 = VERTEX_POINT('',#4352);
#4352 = CARTESIAN_POINT('',(74.1,3.248461174156,8.3));
#4353 = VERTEX_POINT('',#4354);
#4354 = CARTESIAN_POINT('',(74.1,1.25,11.4));
#4355 = CIRCLE('',#4356,3.25);
#4356 = AXIS2_PLACEMENT_3D('',#4357,#4358,#4359);
#4357 = CARTESIAN_POINT('',(74.1,0.,8.4));
#4358 = DIRECTION('',(1.,-0.,0.));
#4359 = DIRECTION('',(0.,0.,-1.));
#4360 = ORIENTED_EDGE('',*,*,#4361,.T.);
#4361 = EDGE_CURVE('',#4351,#4309,#4362,.T.);
#4362 = HYPERBOLA('',#4363,0.1002,1.E-01);
#4363 = AXIS2_PLACEMENT_3D('',#4364,#4365,#4366);
#4364 = CARTESIAN_POINT('',(77.3565,0.,8.3));
#4365 = DIRECTION('',(0.,0.,-1.));
#4366 = DIRECTION('',(-1.,0.,0.));
#4367 = ORIENTED_EDGE('',*,*,#4308,.T.);
#4368 = ORIENTED_EDGE('',*,*,#4369,.T.);
#4369 = EDGE_CURVE('',#4301,#4353,#4370,.T.);
#4370 = HYPERBOLA('',#4371,3.006,3.);
#4371 = AXIS2_PLACEMENT_3D('',#4372,#4373,#4374);
#4372 = CARTESIAN_POINT('',(77.3565,0.,11.4));
#4373 = DIRECTION('',(0.,0.,1.));
#4374 = DIRECTION('',(-1.,0.,0.));
#4375 = CONICAL_SURFACE('',#4376,8.25,0.784399162731);
#4376 = AXIS2_PLACEMENT_3D('',#4377,#4378,#4379);
#4377 = CARTESIAN_POINT('',(69.09,0.,8.4));
#4378 = DIRECTION('',(-1.,0.,0.));
#4379 = DIRECTION('',(0.,0.,-1.));
#4380 = ADVANCED_FACE('',(#4381),#4410,.T.);
#4381 = FACE_BOUND('',#4382,.T.);
#4382 = EDGE_LOOP('',(#4383,#4392,#4393,#4394,#4403));
#4383 = ORIENTED_EDGE('',*,*,#4384,.F.);
#4384 = EDGE_CURVE('',#4318,#4385,#4387,.T.);
#4385 = VERTEX_POINT('',#4386);
#4386 = CARTESIAN_POINT('',(69.754165473027,7.55,7.45));
#4387 = HYPERBOLA('',#4388,7.5651,7.55);
#4388 = AXIS2_PLACEMENT_3D('',#4389,#4390,#4391);
#4389 = CARTESIAN_POINT('',(77.3565,7.55,8.2));
#4390 = DIRECTION('',(0.,1.,0.));
#4391 = DIRECTION('',(-1.,0.,0.));
#4392 = ORIENTED_EDGE('',*,*,#4317,.T.);
#4393 = ORIENTED_EDGE('',*,*,#4361,.F.);
#4394 = ORIENTED_EDGE('',*,*,#4395,.F.);
#4395 = EDGE_CURVE('',#4396,#4351,#4398,.T.);
#4396 = VERTEX_POINT('',#4397);
#4397 = CARTESIAN_POINT('',(74.1,3.162277660168,7.45));
#4398 = CIRCLE('',#4399,3.25);
#4399 = AXIS2_PLACEMENT_3D('',#4400,#4401,#4402);
#4400 = CARTESIAN_POINT('',(74.1,0.,8.2));
#4401 = DIRECTION('',(1.,-0.,0.));
#4402 = DIRECTION('',(0.,0.,-1.));
#4403 = ORIENTED_EDGE('',*,*,#4404,.F.);
#4404 = EDGE_CURVE('',#4385,#4396,#4405,.T.);
#4405 = HYPERBOLA('',#4406,0.7515,0.75);
#4406 = AXIS2_PLACEMENT_3D('',#4407,#4408,#4409);
#4407 = CARTESIAN_POINT('',(77.3565,0.,7.45));
#4408 = DIRECTION('',(0.,0.,1.));
#4409 = DIRECTION('',(-1.,0.,0.));
#4410 = CONICAL_SURFACE('',#4411,8.25,0.784399162731);
#4411 = AXIS2_PLACEMENT_3D('',#4412,#4413,#4414);
#4412 = CARTESIAN_POINT('',(69.09,0.,8.2));
#4413 = DIRECTION('',(-1.,0.,0.));
#4414 = DIRECTION('',(0.,0.,-1.));
#4415 = ADVANCED_FACE('',(#4416,#4461),#4471,.T.);
#4416 = FACE_BOUND('',#4417,.T.);
#4417 = EDGE_LOOP('',(#4418,#4419,#4420,#4421,#4429,#4438,#4447,#4455));
#4418 = ORIENTED_EDGE('',*,*,#3817,.T.);
#4419 = ORIENTED_EDGE('',*,*,#3935,.F.);
#4420 = ORIENTED_EDGE('',*,*,#3977,.F.);
#4421 = ORIENTED_EDGE('',*,*,#4422,.T.);
#4422 = EDGE_CURVE('',#3969,#4423,#4425,.T.);
#4423 = VERTEX_POINT('',#4424);
#4424 = CARTESIAN_POINT('',(69.1,-7.55,4.899177535444));
#4425 = LINE('',#4426,#4427);
#4426 = CARTESIAN_POINT('',(69.1,-7.55,-18.35));
#4427 = VECTOR('',#4428,1.);
#4428 = DIRECTION('',(0.,0.,1.));
#4429 = ORIENTED_EDGE('',*,*,#4430,.F.);
#4430 = EDGE_CURVE('',#4431,#4423,#4433,.T.);
#4431 = VERTEX_POINT('',#4432);
#4432 = CARTESIAN_POINT('',(69.1,-8.239413143089,8.3));
#4433 = CIRCLE('',#4434,8.24001996008);
#4434 = AXIS2_PLACEMENT_3D('',#4435,#4436,#4437);
#4435 = CARTESIAN_POINT('',(69.1,0.,8.2));
#4436 = DIRECTION('',(1.,0.,0.));
#4437 = DIRECTION('',(0.,0.,-1.));
#4438 = ORIENTED_EDGE('',*,*,#4439,.F.);
#4439 = EDGE_CURVE('',#4440,#4431,#4442,.T.);
#4440 = VERTEX_POINT('',#4441);
#4441 = CARTESIAN_POINT('',(69.1,-7.6744986118,11.4));
#4442 = CIRCLE('',#4443,8.24001996008);
#4443 = AXIS2_PLACEMENT_3D('',#4444,#4445,#4446);
#4444 = CARTESIAN_POINT('',(69.1,0.,8.4));
#4445 = DIRECTION('',(1.,0.,0.));
#4446 = DIRECTION('',(0.,0.,-1.));
#4447 = ORIENTED_EDGE('',*,*,#4448,.F.);
#4448 = EDGE_CURVE('',#4449,#4440,#4451,.T.);
#4449 = VERTEX_POINT('',#4450);
#4450 = CARTESIAN_POINT('',(69.1,-54.35899457832,11.4));
#4451 = LINE('',#4452,#4453);
#4452 = CARTESIAN_POINT('',(69.1,-54.35899457832,11.4));
#4453 = VECTOR('',#4454,1.);
#4454 = DIRECTION('',(0.,1.,0.));
#4455 = ORIENTED_EDGE('',*,*,#4456,.F.);
#4456 = EDGE_CURVE('',#3818,#4449,#4457,.T.);
#4457 = LINE('',#4458,#4459);
#4458 = CARTESIAN_POINT('',(69.1,-54.35899457832,-22.3));
#4459 = VECTOR('',#4460,1.);
#4460 = DIRECTION('',(0.,0.,1.));
#4461 = FACE_BOUND('',#4462,.T.);
#4462 = EDGE_LOOP('',(#4463,#4464,#4465,#4466,#4467,#4468,#4469,#4470));
#4463 = ORIENTED_EDGE('',*,*,#612,.F.);
#4464 = ORIENTED_EDGE('',*,*,#643,.F.);
#4465 = ORIENTED_EDGE('',*,*,#667,.F.);
#4466 = ORIENTED_EDGE('',*,*,#691,.F.);
#4467 = ORIENTED_EDGE('',*,*,#715,.F.);
#4468 = ORIENTED_EDGE('',*,*,#739,.F.);
#4469 = ORIENTED_EDGE('',*,*,#763,.F.);
#4470 = ORIENTED_EDGE('',*,*,#780,.F.);
#4471 = PLANE('',#4472);
#4472 = AXIS2_PLACEMENT_3D('',#4473,#4474,#4475);
#4473 = CARTESIAN_POINT('',(69.1,-30.98293876807,-5.45));
#4474 = DIRECTION('',(1.,0.,0.));
#4475 = DIRECTION('',(-0.,0.,1.));
#4476 = ADVANCED_FACE('',(#4477),#4514,.T.);
#4477 = FACE_BOUND('',#4478,.T.);
#4478 = EDGE_LOOP('',(#4479,#4488,#4489,#4498,#4507));
#4479 = ORIENTED_EDGE('',*,*,#4480,.F.);
#4480 = EDGE_CURVE('',#4431,#4481,#4483,.T.);
#4481 = VERTEX_POINT('',#4482);
#4482 = CARTESIAN_POINT('',(74.1,-3.248461174156,8.3));
#4483 = HYPERBOLA('',#4484,0.1002,1.E-01);
#4484 = AXIS2_PLACEMENT_3D('',#4485,#4486,#4487);
#4485 = CARTESIAN_POINT('',(77.3565,0.,8.3));
#4486 = DIRECTION('',(0.,0.,-1.));
#4487 = DIRECTION('',(-1.,0.,0.));
#4488 = ORIENTED_EDGE('',*,*,#4430,.T.);
#4489 = ORIENTED_EDGE('',*,*,#4490,.T.);
#4490 = EDGE_CURVE('',#4423,#4491,#4493,.T.);
#4491 = VERTEX_POINT('',#4492);
#4492 = CARTESIAN_POINT('',(69.754165473027,-7.55,7.45));
#4493 = HYPERBOLA('',#4494,7.5651,7.55);
#4494 = AXIS2_PLACEMENT_3D('',#4495,#4496,#4497);
#4495 = CARTESIAN_POINT('',(77.3565,-7.55,8.2));
#4496 = DIRECTION('',(0.,1.,0.));
#4497 = DIRECTION('',(-1.,0.,0.));
#4498 = ORIENTED_EDGE('',*,*,#4499,.F.);
#4499 = EDGE_CURVE('',#4500,#4491,#4502,.T.);
#4500 = VERTEX_POINT('',#4501);
#4501 = CARTESIAN_POINT('',(74.1,-3.162277660168,7.45));
#4502 = HYPERBOLA('',#4503,0.7515,0.75);
#4503 = AXIS2_PLACEMENT_3D('',#4504,#4505,#4506);
#4504 = CARTESIAN_POINT('',(77.3565,0.,7.45));
#4505 = DIRECTION('',(0.,0.,1.));
#4506 = DIRECTION('',(-1.,0.,0.));
#4507 = ORIENTED_EDGE('',*,*,#4508,.F.);
#4508 = EDGE_CURVE('',#4481,#4500,#4509,.T.);
#4509 = CIRCLE('',#4510,3.25);
#4510 = AXIS2_PLACEMENT_3D('',#4511,#4512,#4513);
#4511 = CARTESIAN_POINT('',(74.1,0.,8.2));
#4512 = DIRECTION('',(1.,-0.,0.));
#4513 = DIRECTION('',(0.,0.,-1.));
#4514 = CONICAL_SURFACE('',#4515,8.25,0.784399162731);
#4515 = AXIS2_PLACEMENT_3D('',#4516,#4517,#4518);
#4516 = CARTESIAN_POINT('',(69.09,0.,8.2));
#4517 = DIRECTION('',(-1.,0.,0.));
#4518 = DIRECTION('',(0.,0.,-1.));
#4519 = ADVANCED_FACE('',(#4520),#4540,.T.);
#4520 = FACE_BOUND('',#4521,.T.);
#4521 = EDGE_LOOP('',(#4522,#4531,#4538,#4539));
#4522 = ORIENTED_EDGE('',*,*,#4523,.F.);
#4523 = EDGE_CURVE('',#4524,#4481,#4526,.T.);
#4524 = VERTEX_POINT('',#4525);
#4525 = CARTESIAN_POINT('',(74.1,-1.25,11.4));
#4526 = CIRCLE('',#4527,3.25);
#4527 = AXIS2_PLACEMENT_3D('',#4528,#4529,#4530);
#4528 = CARTESIAN_POINT('',(74.1,0.,8.4));
#4529 = DIRECTION('',(1.,-0.,0.));
#4530 = DIRECTION('',(0.,0.,-1.));
#4531 = ORIENTED_EDGE('',*,*,#4532,.T.);
#4532 = EDGE_CURVE('',#4524,#4440,#4533,.T.);
#4533 = HYPERBOLA('',#4534,3.006,3.);
#4534 = AXIS2_PLACEMENT_3D('',#4535,#4536,#4537);
#4535 = CARTESIAN_POINT('',(77.3565,0.,11.4));
#4536 = DIRECTION('',(0.,0.,1.));
#4537 = DIRECTION('',(-1.,0.,0.));
#4538 = ORIENTED_EDGE('',*,*,#4439,.T.);
#4539 = ORIENTED_EDGE('',*,*,#4480,.T.);
#4540 = CONICAL_SURFACE('',#4541,8.25,0.784399162731);
#4541 = AXIS2_PLACEMENT_3D('',#4542,#4543,#4544);
#4542 = CARTESIAN_POINT('',(69.09,0.,8.4));
#4543 = DIRECTION('',(-1.,0.,0.));
#4544 = DIRECTION('',(0.,0.,-1.));
#4545 = ADVANCED_FACE('',(#4546,#4570),#4581,.T.);
#4546 = FACE_BOUND('',#4547,.T.);
#4547 = EDGE_LOOP('',(#4548,#4549,#4555,#4556,#4557,#4558,#4559,#4565,
    #4566,#4567,#4568,#4569));
#4548 = ORIENTED_EDGE('',*,*,#4456,.T.);
#4549 = ORIENTED_EDGE('',*,*,#4550,.T.);
#4550 = EDGE_CURVE('',#4449,#72,#4551,.T.);
#4551 = LINE('',#4552,#4553);
#4552 = CARTESIAN_POINT('',(69.1,-54.35899457832,11.4));
#4553 = VECTOR('',#4554,1.);
#4554 = DIRECTION('',(-1.,0.,0.));
#4555 = ORIENTED_EDGE('',*,*,#71,.F.);
#4556 = ORIENTED_EDGE('',*,*,#587,.F.);
#4557 = ORIENTED_EDGE('',*,*,#1815,.T.);
#4558 = ORIENTED_EDGE('',*,*,#2792,.F.);
#4559 = ORIENTED_EDGE('',*,*,#4560,.F.);
#4560 = EDGE_CURVE('',#2690,#2783,#4561,.T.);
#4561 = LINE('',#4562,#4563);
#4562 = CARTESIAN_POINT('',(-55.,-54.35899457832,-12.));
#4563 = VECTOR('',#4564,1.);
#4564 = DIRECTION('',(0.,0.,1.));
#4565 = ORIENTED_EDGE('',*,*,#2699,.T.);
#4566 = ORIENTED_EDGE('',*,*,#1751,.T.);
#4567 = ORIENTED_EDGE('',*,*,#503,.T.);
#4568 = ORIENTED_EDGE('',*,*,#39,.F.);
#4569 = ORIENTED_EDGE('',*,*,#3825,.F.);
#4570 = FACE_BOUND('',#4571,.T.);
#4571 = EDGE_LOOP('',(#4572));
#4572 = ORIENTED_EDGE('',*,*,#4573,.F.);
#4573 = EDGE_CURVE('',#4574,#4574,#4576,.T.);
#4574 = VERTEX_POINT('',#4575);
#4575 = CARTESIAN_POINT('',(-5.878304635907E-16,-54.35899457832,-2.4));
#4576 = CIRCLE('',#4577,2.4);
#4577 = AXIS2_PLACEMENT_3D('',#4578,#4579,#4580);
#4578 = CARTESIAN_POINT('',(0.,-54.35899457832,0.));
#4579 = DIRECTION('',(0.,-1.,0.));
#4580 = DIRECTION('',(0.,-0.,-1.));
#4581 = PLANE('',#4582);
#4582 = AXIS2_PLACEMENT_3D('',#4583,#4584,#4585);
#4583 = CARTESIAN_POINT('',(10.534117997616,-54.35899457832,
    -1.256942789035));
#4584 = DIRECTION('',(-0.,-1.,-0.));
#4585 = DIRECTION('',(0.,0.,-1.));
#4586 = ADVANCED_FACE('',(#4587),#4606,.T.);
#4587 = FACE_BOUND('',#4588,.T.);
#4588 = EDGE_LOOP('',(#4589,#4597,#4604,#4605));
#4589 = ORIENTED_EDGE('',*,*,#4590,.T.);
#4590 = EDGE_CURVE('',#4574,#4591,#4593,.T.);
#4591 = VERTEX_POINT('',#4592);
#4592 = CARTESIAN_POINT('',(-5.878304635907E-16,-58.25899457832,-2.4));
#4593 = LINE('',#4594,#4595);
#4594 = CARTESIAN_POINT('',(-5.878304635907E-16,-53.85899457832,-2.4));
#4595 = VECTOR('',#4596,1.);
#4596 = DIRECTION('',(0.,-1.,0.));
#4597 = ORIENTED_EDGE('',*,*,#4598,.F.);
#4598 = EDGE_CURVE('',#4591,#4591,#4599,.T.);
#4599 = CIRCLE('',#4600,2.4);
#4600 = AXIS2_PLACEMENT_3D('',#4601,#4602,#4603);
#4601 = CARTESIAN_POINT('',(0.,-58.25899457832,0.));
#4602 = DIRECTION('',(0.,-1.,0.));
#4603 = DIRECTION('',(0.,-0.,-1.));
#4604 = ORIENTED_EDGE('',*,*,#4590,.F.);
#4605 = ORIENTED_EDGE('',*,*,#4573,.T.);
#4606 = CYLINDRICAL_SURFACE('',#4607,2.4);
#4607 = AXIS2_PLACEMENT_3D('',#4608,#4609,#4610);
#4608 = CARTESIAN_POINT('',(0.,-53.85899457832,0.));
#4609 = DIRECTION('',(0.,-1.,0.));
#4610 = DIRECTION('',(0.,-0.,-1.));
#4611 = ADVANCED_FACE('',(#4612,#4615),#4626,.T.);
#4612 = FACE_BOUND('',#4613,.T.);
#4613 = EDGE_LOOP('',(#4614));
#4614 = ORIENTED_EDGE('',*,*,#4598,.T.);
#4615 = FACE_BOUND('',#4616,.T.);
#4616 = EDGE_LOOP('',(#4617));
#4617 = ORIENTED_EDGE('',*,*,#4618,.F.);
#4618 = EDGE_CURVE('',#4619,#4619,#4621,.T.);
#4619 = VERTEX_POINT('',#4620);
#4620 = CARTESIAN_POINT('',(-3.429011037613E-16,-58.25899457832,-1.4));
#4621 = CIRCLE('',#4622,1.4);
#4622 = AXIS2_PLACEMENT_3D('',#4623,#4624,#4625);
#4623 = CARTESIAN_POINT('',(0.,-58.25899457832,0.));
#4624 = DIRECTION('',(0.,-1.,0.));
#4625 = DIRECTION('',(0.,-0.,-1.));
#4626 = PLANE('',#4627);
#4627 = AXIS2_PLACEMENT_3D('',#4628,#4629,#4630);
#4628 = CARTESIAN_POINT('',(0.,-58.25899457832,0.));
#4629 = DIRECTION('',(0.,-1.,0.));
#4630 = DIRECTION('',(0.,-0.,-1.));
#4631 = ADVANCED_FACE('',(#4632),#4651,.F.);
#4632 = FACE_BOUND('',#4633,.F.);
#4633 = EDGE_LOOP('',(#4634,#4635,#4643,#4650));
#4634 = ORIENTED_EDGE('',*,*,#4618,.F.);
#4635 = ORIENTED_EDGE('',*,*,#4636,.F.);
#4636 = EDGE_CURVE('',#4637,#4619,#4639,.T.);
#4637 = VERTEX_POINT('',#4638);
#4638 = CARTESIAN_POINT('',(-3.429011037613E-16,-48.85899457832,-1.4));
#4639 = LINE('',#4640,#4641);
#4640 = CARTESIAN_POINT('',(-3.429011037613E-16,-48.85899457832,-1.4));
#4641 = VECTOR('',#4642,1.);
#4642 = DIRECTION('',(0.,-1.,0.));
#4643 = ORIENTED_EDGE('',*,*,#4644,.T.);
#4644 = EDGE_CURVE('',#4637,#4637,#4645,.T.);
#4645 = CIRCLE('',#4646,1.4);
#4646 = AXIS2_PLACEMENT_3D('',#4647,#4648,#4649);
#4647 = CARTESIAN_POINT('',(0.,-48.85899457832,0.));
#4648 = DIRECTION('',(0.,-1.,0.));
#4649 = DIRECTION('',(0.,-0.,-1.));
#4650 = ORIENTED_EDGE('',*,*,#4636,.T.);
#4651 = CYLINDRICAL_SURFACE('',#4652,1.4);
#4652 = AXIS2_PLACEMENT_3D('',#4653,#4654,#4655);
#4653 = CARTESIAN_POINT('',(0.,-48.85899457832,0.));
#4654 = DIRECTION('',(0.,-1.,0.));
#4655 = DIRECTION('',(0.,-0.,-1.));
#4656 = ADVANCED_FACE('',(#4657),#4660,.T.);
#4657 = FACE_BOUND('',#4658,.F.);
#4658 = EDGE_LOOP('',(#4659));
#4659 = ORIENTED_EDGE('',*,*,#4644,.F.);
#4660 = PLANE('',#4661);
#4661 = AXIS2_PLACEMENT_3D('',#4662,#4663,#4664);
#4662 = CARTESIAN_POINT('',(0.,-48.85899457832,0.));
#4663 = DIRECTION('',(0.,-1.,0.));
#4664 = DIRECTION('',(0.,-0.,-1.));
#4665 = ADVANCED_FACE('',(#4666,#4680,#4716,#4727),#4738,.T.);
#4666 = FACE_BOUND('',#4667,.T.);
#4667 = EDGE_LOOP('',(#4668,#4669,#4670,#4671,#4672,#4673,#4674,#4675,
    #4676,#4677,#4678,#4679));
#4668 = ORIENTED_EDGE('',*,*,#472,.T.);
#4669 = ORIENTED_EDGE('',*,*,#103,.F.);
#4670 = ORIENTED_EDGE('',*,*,#534,.F.);
#4671 = ORIENTED_EDGE('',*,*,#2124,.T.);
#4672 = ORIENTED_EDGE('',*,*,#3623,.T.);
#4673 = ORIENTED_EDGE('',*,*,#3715,.T.);
#4674 = ORIENTED_EDGE('',*,*,#2752,.F.);
#4675 = ORIENTED_EDGE('',*,*,#1783,.F.);
#4676 = ORIENTED_EDGE('',*,*,#2721,.T.);
#4677 = ORIENTED_EDGE('',*,*,#3693,.T.);
#4678 = ORIENTED_EDGE('',*,*,#2675,.T.);
#4679 = ORIENTED_EDGE('',*,*,#1737,.T.);
#4680 = FACE_BOUND('',#4681,.T.);
#4681 = EDGE_LOOP('',(#4682,#4692,#4701,#4710));
#4682 = ORIENTED_EDGE('',*,*,#4683,.F.);
#4683 = EDGE_CURVE('',#4684,#4686,#4688,.T.);
#4684 = VERTEX_POINT('',#4685);
#4685 = CARTESIAN_POINT('',(2.474873734153,48.358994578326,
    2.474873734153));
#4686 = VERTEX_POINT('',#4687);
#4687 = CARTESIAN_POINT('',(0.,48.358994578326,4.949747468306));
#4688 = LINE('',#4689,#4690);
#4689 = CARTESIAN_POINT('',(2.474873734153,48.358994578326,
    2.474873734153));
#4690 = VECTOR('',#4691,1.);
#4691 = DIRECTION('',(-0.707106781187,0.,0.707106781187));
#4692 = ORIENTED_EDGE('',*,*,#4693,.T.);
#4693 = EDGE_CURVE('',#4684,#4694,#4696,.T.);
#4694 = VERTEX_POINT('',#4695);
#4695 = CARTESIAN_POINT('',(3.5,48.358994578326,8.572527594031E-16));
#4696 = CIRCLE('',#4697,3.5);
#4697 = AXIS2_PLACEMENT_3D('',#4698,#4699,#4700);
#4698 = CARTESIAN_POINT('',(0.,48.358994578326,0.));
#4699 = DIRECTION('',(-0.,1.,0.));
#4700 = DIRECTION('',(1.,0.,0.));
#4701 = ORIENTED_EDGE('',*,*,#4702,.T.);
#4702 = EDGE_CURVE('',#4694,#4703,#4705,.T.);
#4703 = VERTEX_POINT('',#4704);
#4704 = CARTESIAN_POINT('',(-2.474873734153,48.358994578326,
    2.474873734153));
#4705 = CIRCLE('',#4706,3.5);
#4706 = AXIS2_PLACEMENT_3D('',#4707,#4708,#4709);
#4707 = CARTESIAN_POINT('',(0.,48.358994578326,0.));
#4708 = DIRECTION('',(-0.,1.,0.));
#4709 = DIRECTION('',(1.,0.,0.));
#4710 = ORIENTED_EDGE('',*,*,#4711,.F.);
#4711 = EDGE_CURVE('',#4686,#4703,#4712,.T.);
#4712 = LINE('',#4713,#4714);
#4713 = CARTESIAN_POINT('',(-1.237436867076,48.358994578326,
    3.712310601229));
#4714 = VECTOR('',#4715,1.);
#4715 = DIRECTION('',(-0.707106781187,0.,-0.707106781187));
#4716 = FACE_BOUND('',#4717,.T.);
#4717 = EDGE_LOOP('',(#4718));
#4718 = ORIENTED_EDGE('',*,*,#4719,.T.);
#4719 = EDGE_CURVE('',#4720,#4720,#4722,.T.);
#4720 = VERTEX_POINT('',#4721);
#4721 = CARTESIAN_POINT('',(-18.5,48.358994578326,2.449293598295E-16));
#4722 = CIRCLE('',#4723,1.);
#4723 = AXIS2_PLACEMENT_3D('',#4724,#4725,#4726);
#4724 = CARTESIAN_POINT('',(-19.5,48.358994578326,0.));
#4725 = DIRECTION('',(-0.,1.,0.));
#4726 = DIRECTION('',(1.,0.,0.));
#4727 = FACE_BOUND('',#4728,.T.);
#4728 = EDGE_LOOP('',(#4729));
#4729 = ORIENTED_EDGE('',*,*,#4730,.T.);
#4730 = EDGE_CURVE('',#4731,#4731,#4733,.T.);
#4731 = VERTEX_POINT('',#4732);
#4732 = CARTESIAN_POINT('',(20.5,48.358994578326,2.449293598295E-16));
#4733 = CIRCLE('',#4734,1.);
#4734 = AXIS2_PLACEMENT_3D('',#4735,#4736,#4737);
#4735 = CARTESIAN_POINT('',(19.5,48.358994578326,0.));
#4736 = DIRECTION('',(-0.,1.,0.));
#4737 = DIRECTION('',(1.,0.,0.));
#4738 = PLANE('',#4739);
#4739 = AXIS2_PLACEMENT_3D('',#4740,#4741,#4742);
#4740 = CARTESIAN_POINT('',(7.625354178429,48.358994578326,
    -3.034831591511E-16));
#4741 = DIRECTION('',(-0.,-1.,-0.));
#4742 = DIRECTION('',(0.,0.,-1.));
#4743 = ADVANCED_FACE('',(#4744),#4769,.F.);
#4744 = FACE_BOUND('',#4745,.F.);
#4745 = EDGE_LOOP('',(#4746,#4747,#4755,#4763));
#4746 = ORIENTED_EDGE('',*,*,#4683,.F.);
#4747 = ORIENTED_EDGE('',*,*,#4748,.T.);
#4748 = EDGE_CURVE('',#4684,#4749,#4751,.T.);
#4749 = VERTEX_POINT('',#4750);
#4750 = CARTESIAN_POINT('',(2.474873734153,51.858994578326,
    2.474873734153));
#4751 = LINE('',#4752,#4753);
#4752 = CARTESIAN_POINT('',(2.474873734153,46.358994578326,
    2.474873734153));
#4753 = VECTOR('',#4754,1.);
#4754 = DIRECTION('',(0.,1.,0.));
#4755 = ORIENTED_EDGE('',*,*,#4756,.T.);
#4756 = EDGE_CURVE('',#4749,#4757,#4759,.T.);
#4757 = VERTEX_POINT('',#4758);
#4758 = CARTESIAN_POINT('',(0.,51.858994578326,4.949747468306));
#4759 = LINE('',#4760,#4761);
#4760 = CARTESIAN_POINT('',(1.458407736197,51.858994578326,
    3.491339732109));
#4761 = VECTOR('',#4762,1.);
#4762 = DIRECTION('',(-0.707106781187,0.,0.707106781187));
#4763 = ORIENTED_EDGE('',*,*,#4764,.F.);
#4764 = EDGE_CURVE('',#4686,#4757,#4765,.T.);
#4765 = LINE('',#4766,#4767);
#4766 = CARTESIAN_POINT('',(0.,46.358994578326,4.949747468306));
#4767 = VECTOR('',#4768,1.);
#4768 = DIRECTION('',(0.,1.,0.));
#4769 = PLANE('',#4770);
#4770 = AXIS2_PLACEMENT_3D('',#4771,#4772,#4773);
#4771 = CARTESIAN_POINT('',(2.474873734153,46.358994578326,
    2.474873734153));
#4772 = DIRECTION('',(0.707106781187,0.,0.707106781187));
#4773 = DIRECTION('',(-0.707106781187,0.,0.707106781187));
#4774 = ADVANCED_FACE('',(#4775),#4793,.F.);
#4775 = FACE_BOUND('',#4776,.F.);
#4776 = EDGE_LOOP('',(#4777,#4778,#4779,#4787));
#4777 = ORIENTED_EDGE('',*,*,#4711,.F.);
#4778 = ORIENTED_EDGE('',*,*,#4764,.T.);
#4779 = ORIENTED_EDGE('',*,*,#4780,.T.);
#4780 = EDGE_CURVE('',#4757,#4781,#4783,.T.);
#4781 = VERTEX_POINT('',#4782);
#4782 = CARTESIAN_POINT('',(-2.474873734153,51.858994578326,
    2.474873734153));
#4783 = LINE('',#4784,#4785);
#4784 = CARTESIAN_POINT('',(-0.220970869121,51.858994578326,
    4.728776599185));
#4785 = VECTOR('',#4786,1.);
#4786 = DIRECTION('',(-0.707106781187,0.,-0.707106781187));
#4787 = ORIENTED_EDGE('',*,*,#4788,.F.);
#4788 = EDGE_CURVE('',#4703,#4781,#4789,.T.);
#4789 = LINE('',#4790,#4791);
#4790 = CARTESIAN_POINT('',(-2.474873734153,46.358994578326,
    2.474873734153));
#4791 = VECTOR('',#4792,1.);
#4792 = DIRECTION('',(0.,1.,0.));
#4793 = PLANE('',#4794);
#4794 = AXIS2_PLACEMENT_3D('',#4795,#4796,#4797);
#4795 = CARTESIAN_POINT('',(0.,46.358994578326,4.949747468306));
#4796 = DIRECTION('',(-0.707106781187,0.,0.707106781187));
#4797 = DIRECTION('',(-0.707106781187,0.,-0.707106781187));
#4798 = ADVANCED_FACE('',(#4799),#4818,.F.);
#4799 = FACE_BOUND('',#4800,.F.);
#4800 = EDGE_LOOP('',(#4801,#4809,#4816,#4817));
#4801 = ORIENTED_EDGE('',*,*,#4802,.T.);
#4802 = EDGE_CURVE('',#4720,#4803,#4805,.T.);
#4803 = VERTEX_POINT('',#4804);
#4804 = CARTESIAN_POINT('',(-18.5,51.858994578326,2.449293598295E-16));
#4805 = LINE('',#4806,#4807);
#4806 = CARTESIAN_POINT('',(-18.5,46.868994578326,2.449293598295E-16));
#4807 = VECTOR('',#4808,1.);
#4808 = DIRECTION('',(0.,1.,0.));
#4809 = ORIENTED_EDGE('',*,*,#4810,.F.);
#4810 = EDGE_CURVE('',#4803,#4803,#4811,.T.);
#4811 = CIRCLE('',#4812,1.);
#4812 = AXIS2_PLACEMENT_3D('',#4813,#4814,#4815);
#4813 = CARTESIAN_POINT('',(-19.5,51.858994578326,0.));
#4814 = DIRECTION('',(-0.,1.,0.));
#4815 = DIRECTION('',(1.,0.,0.));
#4816 = ORIENTED_EDGE('',*,*,#4802,.F.);
#4817 = ORIENTED_EDGE('',*,*,#4719,.T.);
#4818 = CYLINDRICAL_SURFACE('',#4819,1.);
#4819 = AXIS2_PLACEMENT_3D('',#4820,#4821,#4822);
#4820 = CARTESIAN_POINT('',(-19.5,46.868994578326,0.));
#4821 = DIRECTION('',(0.,1.,0.));
#4822 = DIRECTION('',(1.,0.,0.));
#4823 = ADVANCED_FACE('',(#4824),#4843,.F.);
#4824 = FACE_BOUND('',#4825,.F.);
#4825 = EDGE_LOOP('',(#4826,#4834,#4841,#4842));
#4826 = ORIENTED_EDGE('',*,*,#4827,.T.);
#4827 = EDGE_CURVE('',#4731,#4828,#4830,.T.);
#4828 = VERTEX_POINT('',#4829);
#4829 = CARTESIAN_POINT('',(20.5,51.858994578326,2.449293598295E-16));
#4830 = LINE('',#4831,#4832);
#4831 = CARTESIAN_POINT('',(20.5,46.868994578326,2.449293598295E-16));
#4832 = VECTOR('',#4833,1.);
#4833 = DIRECTION('',(0.,1.,0.));
#4834 = ORIENTED_EDGE('',*,*,#4835,.F.);
#4835 = EDGE_CURVE('',#4828,#4828,#4836,.T.);
#4836 = CIRCLE('',#4837,1.);
#4837 = AXIS2_PLACEMENT_3D('',#4838,#4839,#4840);
#4838 = CARTESIAN_POINT('',(19.5,51.858994578326,0.));
#4839 = DIRECTION('',(-0.,1.,0.));
#4840 = DIRECTION('',(1.,0.,0.));
#4841 = ORIENTED_EDGE('',*,*,#4827,.F.);
#4842 = ORIENTED_EDGE('',*,*,#4730,.T.);
#4843 = CYLINDRICAL_SURFACE('',#4844,1.);
#4844 = AXIS2_PLACEMENT_3D('',#4845,#4846,#4847);
#4845 = CARTESIAN_POINT('',(19.5,46.868994578326,0.));
#4846 = DIRECTION('',(0.,1.,0.));
#4847 = DIRECTION('',(1.,0.,0.));
#4848 = ADVANCED_FACE('',(#4849),#4864,.T.);
#4849 = FACE_BOUND('',#4850,.T.);
#4850 = EDGE_LOOP('',(#4851,#4852,#4853,#4854,#4855,#4861,#4862,#4863));
#4851 = ORIENTED_EDGE('',*,*,#79,.F.);
#4852 = ORIENTED_EDGE('',*,*,#4550,.F.);
#4853 = ORIENTED_EDGE('',*,*,#4448,.T.);
#4854 = ORIENTED_EDGE('',*,*,#4532,.F.);
#4855 = ORIENTED_EDGE('',*,*,#4856,.F.);
#4856 = EDGE_CURVE('',#4353,#4524,#4857,.T.);
#4857 = LINE('',#4858,#4859);
#4858 = CARTESIAN_POINT('',(74.1,-27.17949728916,11.4));
#4859 = VECTOR('',#4860,1.);
#4860 = DIRECTION('',(0.,-1.,0.));
#4861 = ORIENTED_EDGE('',*,*,#4369,.F.);
#4862 = ORIENTED_EDGE('',*,*,#4300,.T.);
#4863 = ORIENTED_EDGE('',*,*,#4016,.T.);
#4864 = PLANE('',#4865);
#4865 = AXIS2_PLACEMENT_3D('',#4866,#4867,#4868);
#4866 = CARTESIAN_POINT('',(66.879264714523,-1.476886868422E-15,11.4));
#4867 = DIRECTION('',(0.,0.,1.));
#4868 = DIRECTION('',(1.,0.,-0.));
#4869 = ADVANCED_FACE('',(#4870),#4887,.T.);
#4870 = FACE_BOUND('',#4871,.T.);
#4871 = EDGE_LOOP('',(#4872,#4873,#4879,#4880,#4886));
#4872 = ORIENTED_EDGE('',*,*,#2577,.F.);
#4873 = ORIENTED_EDGE('',*,*,#4874,.F.);
#4874 = EDGE_CURVE('',#3842,#2569,#4875,.T.);
#4875 = LINE('',#4876,#4877);
#4876 = CARTESIAN_POINT('',(74.1,-3.775,-18.35));
#4877 = VECTOR('',#4878,1.);
#4878 = DIRECTION('',(0.,-1.,0.));
#4879 = ORIENTED_EDGE('',*,*,#3877,.F.);
#4880 = ORIENTED_EDGE('',*,*,#4881,.T.);
#4881 = EDGE_CURVE('',#3869,#2398,#4882,.T.);
#4882 = LINE('',#4883,#4884);
#4883 = CARTESIAN_POINT('',(75.1,7.55,-18.35));
#4884 = VECTOR('',#4885,1.);
#4885 = DIRECTION('',(-1.,0.,0.));
#4886 = ORIENTED_EDGE('',*,*,#2395,.F.);
#4887 = PLANE('',#4888);
#4888 = AXIS2_PLACEMENT_3D('',#4889,#4890,#4891);
#4889 = CARTESIAN_POINT('',(71.054639623121,4.026395236583,-18.35));
#4890 = DIRECTION('',(0.,0.,1.));
#4891 = DIRECTION('',(1.,0.,-0.));
#4892 = ADVANCED_FACE('',(#4893),#4910,.T.);
#4893 = FACE_BOUND('',#4894,.T.);
#4894 = EDGE_LOOP('',(#4895,#4896,#4902,#4903,#4904));
#4895 = ORIENTED_EDGE('',*,*,#3959,.F.);
#4896 = ORIENTED_EDGE('',*,*,#4897,.F.);
#4897 = EDGE_CURVE('',#2593,#3951,#4898,.T.);
#4898 = LINE('',#4899,#4900);
#4899 = CARTESIAN_POINT('',(74.1,-3.775,-18.35));
#4900 = VECTOR('',#4901,1.);
#4901 = DIRECTION('',(0.,-1.,0.));
#4902 = ORIENTED_EDGE('',*,*,#2628,.T.);
#4903 = ORIENTED_EDGE('',*,*,#2239,.F.);
#4904 = ORIENTED_EDGE('',*,*,#4905,.F.);
#4905 = EDGE_CURVE('',#3960,#2240,#4906,.T.);
#4906 = LINE('',#4907,#4908);
#4907 = CARTESIAN_POINT('',(75.1,-7.55,-18.35));
#4908 = VECTOR('',#4909,1.);
#4909 = DIRECTION('',(-1.,0.,0.));
#4910 = PLANE('',#4911);
#4911 = AXIS2_PLACEMENT_3D('',#4912,#4913,#4914);
#4912 = CARTESIAN_POINT('',(71.054639623121,-4.026395236583,-18.35));
#4913 = DIRECTION('',(0.,0.,1.));
#4914 = DIRECTION('',(1.,0.,-0.));
#4915 = ADVANCED_FACE('',(#4916),#4929,.T.);
#4916 = FACE_BOUND('',#4917,.T.);
#4917 = EDGE_LOOP('',(#4918,#4924,#4925,#4926,#4927,#4928));
#4918 = ORIENTED_EDGE('',*,*,#4919,.F.);
#4919 = EDGE_CURVE('',#4491,#2250,#4920,.T.);
#4920 = LINE('',#4921,#4922);
#4921 = CARTESIAN_POINT('',(75.1,-7.55,7.45));
#4922 = VECTOR('',#4923,1.);
#4923 = DIRECTION('',(-1.,0.,0.));
#4924 = ORIENTED_EDGE('',*,*,#4490,.F.);
#4925 = ORIENTED_EDGE('',*,*,#4422,.F.);
#4926 = ORIENTED_EDGE('',*,*,#3968,.F.);
#4927 = ORIENTED_EDGE('',*,*,#4905,.T.);
#4928 = ORIENTED_EDGE('',*,*,#2249,.T.);
#4929 = PLANE('',#4930);
#4930 = AXIS2_PLACEMENT_3D('',#4931,#4932,#4933);
#4931 = CARTESIAN_POINT('',(69.141086017514,-7.55,-5.45));
#4932 = DIRECTION('',(0.,1.,0.));
#4933 = DIRECTION('',(0.,-0.,1.));
#4934 = ADVANCED_FACE('',(#4935),#4947,.T.);
#4935 = FACE_BOUND('',#4936,.T.);
#4936 = EDGE_LOOP('',(#4937,#4938,#4939,#4940,#4946));
#4937 = ORIENTED_EDGE('',*,*,#4919,.T.);
#4938 = ORIENTED_EDGE('',*,*,#2257,.T.);
#4939 = ORIENTED_EDGE('',*,*,#964,.F.);
#4940 = ORIENTED_EDGE('',*,*,#4941,.T.);
#4941 = EDGE_CURVE('',#955,#4500,#4942,.T.);
#4942 = LINE('',#4943,#4944);
#4943 = CARTESIAN_POINT('',(74.1,-3.775,7.45));
#4944 = VECTOR('',#4945,1.);
#4945 = DIRECTION('',(0.,-1.,0.));
#4946 = ORIENTED_EDGE('',*,*,#4499,.T.);
#4947 = PLANE('',#4948);
#4948 = AXIS2_PLACEMENT_3D('',#4949,#4950,#4951);
#4949 = CARTESIAN_POINT('',(70.969233904653,-4.687977492696,7.45));
#4950 = DIRECTION('',(-0.,-0.,-1.));
#4951 = DIRECTION('',(-1.,0.,0.));
#4952 = ADVANCED_FACE('',(#4953),#4970,.T.);
#4953 = FACE_BOUND('',#4954,.T.);
#4954 = EDGE_LOOP('',(#4955,#4956,#4957,#4963,#4964));
#4955 = ORIENTED_EDGE('',*,*,#1197,.T.);
#4956 = ORIENTED_EDGE('',*,*,#2428,.T.);
#4957 = ORIENTED_EDGE('',*,*,#4958,.F.);
#4958 = EDGE_CURVE('',#4385,#2429,#4959,.T.);
#4959 = LINE('',#4960,#4961);
#4960 = CARTESIAN_POINT('',(75.1,7.55,7.45));
#4961 = VECTOR('',#4962,1.);
#4962 = DIRECTION('',(-1.,0.,0.));
#4963 = ORIENTED_EDGE('',*,*,#4404,.T.);
#4964 = ORIENTED_EDGE('',*,*,#4965,.T.);
#4965 = EDGE_CURVE('',#4396,#1190,#4966,.T.);
#4966 = LINE('',#4967,#4968);
#4967 = CARTESIAN_POINT('',(74.1,-3.775,7.45));
#4968 = VECTOR('',#4969,1.);
#4969 = DIRECTION('',(0.,-1.,0.));
#4970 = PLANE('',#4971);
#4971 = AXIS2_PLACEMENT_3D('',#4972,#4973,#4974);
#4972 = CARTESIAN_POINT('',(70.969233904653,4.687977492696,7.45));
#4973 = DIRECTION('',(-0.,-0.,-1.));
#4974 = DIRECTION('',(-1.,0.,0.));
#4975 = ADVANCED_FACE('',(#4976),#4984,.T.);
#4976 = FACE_BOUND('',#4977,.T.);
#4977 = EDGE_LOOP('',(#4978,#4979,#4980,#4981,#4982,#4983));
#4978 = ORIENTED_EDGE('',*,*,#4958,.T.);
#4979 = ORIENTED_EDGE('',*,*,#2436,.F.);
#4980 = ORIENTED_EDGE('',*,*,#4881,.F.);
#4981 = ORIENTED_EDGE('',*,*,#3868,.T.);
#4982 = ORIENTED_EDGE('',*,*,#4326,.F.);
#4983 = ORIENTED_EDGE('',*,*,#4384,.T.);
#4984 = PLANE('',#4985);
#4985 = AXIS2_PLACEMENT_3D('',#4986,#4987,#4988);
#4986 = CARTESIAN_POINT('',(69.141086017514,7.55,-5.45));
#4987 = DIRECTION('',(-0.,-1.,-0.));
#4988 = DIRECTION('',(0.,0.,-1.));
#4989 = ADVANCED_FACE('',(#4990,#5002),#5023,.T.);
#4990 = FACE_BOUND('',#4991,.T.);
#4991 = EDGE_LOOP('',(#4992,#4993,#4994,#4995,#4996,#4997,#4998,#4999,
    #5000,#5001));
#4992 = ORIENTED_EDGE('',*,*,#3800,.F.);
#4993 = ORIENTED_EDGE('',*,*,#3892,.T.);
#4994 = ORIENTED_EDGE('',*,*,#3839,.T.);
#4995 = ORIENTED_EDGE('',*,*,#4874,.T.);
#4996 = ORIENTED_EDGE('',*,*,#2568,.F.);
#4997 = ORIENTED_EDGE('',*,*,#1421,.T.);
#4998 = ORIENTED_EDGE('',*,*,#2592,.F.);
#4999 = ORIENTED_EDGE('',*,*,#4897,.T.);
#5000 = ORIENTED_EDGE('',*,*,#3950,.T.);
#5001 = ORIENTED_EDGE('',*,*,#3917,.T.);
#5002 = FACE_BOUND('',#5003,.T.);
#5003 = EDGE_LOOP('',(#5004,#5013,#5020,#5021,#5022));
#5004 = ORIENTED_EDGE('',*,*,#5005,.T.);
#5005 = EDGE_CURVE('',#852,#5006,#5008,.T.);
#5006 = VERTEX_POINT('',#5007);
#5007 = CARTESIAN_POINT('',(74.1,-2.081899558551E-16,-18.25));
#5008 = CIRCLE('',#5009,0.85);
#5009 = AXIS2_PLACEMENT_3D('',#5010,#5011,#5012);
#5010 = CARTESIAN_POINT('',(74.1,0.,-19.1));
#5011 = DIRECTION('',(-1.,0.,0.));
#5012 = DIRECTION('',(0.,0.,1.));
#5013 = ORIENTED_EDGE('',*,*,#5014,.T.);
#5014 = EDGE_CURVE('',#5006,#798,#5015,.T.);
#5015 = CIRCLE('',#5016,0.85);
#5016 = AXIS2_PLACEMENT_3D('',#5017,#5018,#5019);
#5017 = CARTESIAN_POINT('',(74.1,0.,-19.1));
#5018 = DIRECTION('',(-1.,0.,0.));
#5019 = DIRECTION('',(0.,0.,1.));
#5020 = ORIENTED_EDGE('',*,*,#795,.F.);
#5021 = ORIENTED_EDGE('',*,*,#828,.T.);
#5022 = ORIENTED_EDGE('',*,*,#851,.T.);
#5023 = PLANE('',#5024);
#5024 = AXIS2_PLACEMENT_3D('',#5025,#5026,#5027);
#5025 = CARTESIAN_POINT('',(74.1,2.08356735646E-16,-19.79963339771));
#5026 = DIRECTION('',(1.,0.,0.));
#5027 = DIRECTION('',(-0.,0.,1.));
#5028 = ADVANCED_FACE('',(#5029),#5062,.T.);
#5029 = FACE_BOUND('',#5030,.T.);
#5030 = EDGE_LOOP('',(#5031,#5032,#5033,#5034,#5035,#5036,#5037,#5038,
    #5039,#5048,#5055,#5056,#5057,#5058,#5059,#5060,#5061));
#5031 = ORIENTED_EDGE('',*,*,#4856,.T.);
#5032 = ORIENTED_EDGE('',*,*,#4523,.T.);
#5033 = ORIENTED_EDGE('',*,*,#4508,.T.);
#5034 = ORIENTED_EDGE('',*,*,#4941,.F.);
#5035 = ORIENTED_EDGE('',*,*,#954,.T.);
#5036 = ORIENTED_EDGE('',*,*,#1037,.F.);
#5037 = ORIENTED_EDGE('',*,*,#1070,.T.);
#5038 = ORIENTED_EDGE('',*,*,#1085,.T.);
#5039 = ORIENTED_EDGE('',*,*,#5040,.T.);
#5040 = EDGE_CURVE('',#1086,#5041,#5043,.T.);
#5041 = VERTEX_POINT('',#5042);
#5042 = CARTESIAN_POINT('',(74.1,-2.08189955855E-16,9.25));
#5043 = CIRCLE('',#5044,0.85);
#5044 = AXIS2_PLACEMENT_3D('',#5045,#5046,#5047);
#5045 = CARTESIAN_POINT('',(74.1,0.,8.4));
#5046 = DIRECTION('',(-1.,0.,0.));
#5047 = DIRECTION('',(0.,0.,1.));
#5048 = ORIENTED_EDGE('',*,*,#5049,.T.);
#5049 = EDGE_CURVE('',#5041,#1112,#5050,.T.);
#5050 = CIRCLE('',#5051,0.85);
#5051 = AXIS2_PLACEMENT_3D('',#5052,#5053,#5054);
#5052 = CARTESIAN_POINT('',(74.1,0.,8.4));
#5053 = DIRECTION('',(-1.,0.,0.));
#5054 = DIRECTION('',(0.,0.,1.));
#5055 = ORIENTED_EDGE('',*,*,#1109,.F.);
#5056 = ORIENTED_EDGE('',*,*,#1142,.T.);
#5057 = ORIENTED_EDGE('',*,*,#1166,.F.);
#5058 = ORIENTED_EDGE('',*,*,#1189,.F.);
#5059 = ORIENTED_EDGE('',*,*,#4965,.F.);
#5060 = ORIENTED_EDGE('',*,*,#4395,.T.);
#5061 = ORIENTED_EDGE('',*,*,#4350,.T.);
#5062 = PLANE('',#5063);
#5063 = AXIS2_PLACEMENT_3D('',#5064,#5065,#5066);
#5064 = CARTESIAN_POINT('',(74.1,-7.178332293228E-17,9.081483593913));
#5065 = DIRECTION('',(1.,0.,0.));
#5066 = DIRECTION('',(-0.,0.,1.));
#5067 = ADVANCED_FACE('',(#5068),#5079,.T.);
#5068 = FACE_BOUND('',#5069,.T.);
#5069 = EDGE_LOOP('',(#5070,#5071,#5077,#5078));
#5070 = ORIENTED_EDGE('',*,*,#4144,.T.);
#5071 = ORIENTED_EDGE('',*,*,#5072,.T.);
#5072 = EDGE_CURVE('',#4145,#4217,#5073,.T.);
#5073 = LINE('',#5074,#5075);
#5074 = CARTESIAN_POINT('',(-23.,51.858994578326,4.25));
#5075 = VECTOR('',#5076,1.);
#5076 = DIRECTION('',(0.,0.,-1.));
#5077 = ORIENTED_EDGE('',*,*,#4226,.T.);
#5078 = ORIENTED_EDGE('',*,*,#4042,.T.);
#5079 = PLANE('',#5080);
#5080 = AXIS2_PLACEMENT_3D('',#5081,#5082,#5083);
#5081 = CARTESIAN_POINT('',(-23.,53.231373065164,0.883883476483));
#5082 = DIRECTION('',(1.,0.,0.));
#5083 = DIRECTION('',(-0.,0.,1.));
#5084 = ADVANCED_FACE('',(#5085),#5096,.T.);
#5085 = FACE_BOUND('',#5086,.T.);
#5086 = EDGE_LOOP('',(#5087,#5088,#5089,#5095));
#5087 = ORIENTED_EDGE('',*,*,#4075,.F.);
#5088 = ORIENTED_EDGE('',*,*,#4282,.F.);
#5089 = ORIENTED_EDGE('',*,*,#5090,.F.);
#5090 = EDGE_CURVE('',#4195,#4273,#5091,.T.);
#5091 = LINE('',#5092,#5093);
#5092 = CARTESIAN_POINT('',(23.,51.858994578326,4.25));
#5093 = VECTOR('',#5094,1.);
#5094 = DIRECTION('',(0.,0.,-1.));
#5095 = ORIENTED_EDGE('',*,*,#4194,.F.);
#5096 = PLANE('',#5097);
#5097 = AXIS2_PLACEMENT_3D('',#5098,#5099,#5100);
#5098 = CARTESIAN_POINT('',(23.,53.231373065164,0.883883476483));
#5099 = DIRECTION('',(-1.,-0.,-0.));
#5100 = DIRECTION('',(0.,0.,-1.));
#5101 = ADVANCED_FACE('',(#5102,#5113,#5133,#5136),#5139,.T.);
#5102 = FACE_BOUND('',#5103,.T.);
#5103 = EDGE_LOOP('',(#5104,#5105,#5106,#5107,#5108,#5109,#5110,#5111,
    #5112));
#5104 = ORIENTED_EDGE('',*,*,#5072,.F.);
#5105 = ORIENTED_EDGE('',*,*,#4154,.T.);
#5106 = ORIENTED_EDGE('',*,*,#4113,.F.);
#5107 = ORIENTED_EDGE('',*,*,#4168,.F.);
#5108 = ORIENTED_EDGE('',*,*,#4202,.T.);
#5109 = ORIENTED_EDGE('',*,*,#5090,.T.);
#5110 = ORIENTED_EDGE('',*,*,#4272,.F.);
#5111 = ORIENTED_EDGE('',*,*,#4256,.T.);
#5112 = ORIENTED_EDGE('',*,*,#4216,.F.);
#5113 = FACE_BOUND('',#5114,.T.);
#5114 = EDGE_LOOP('',(#5115,#5116,#5125,#5132));
#5115 = ORIENTED_EDGE('',*,*,#4780,.T.);
#5116 = ORIENTED_EDGE('',*,*,#5117,.F.);
#5117 = EDGE_CURVE('',#5118,#4781,#5120,.T.);
#5118 = VERTEX_POINT('',#5119);
#5119 = CARTESIAN_POINT('',(3.5,51.858994578326,8.572527594031E-16));
#5120 = CIRCLE('',#5121,3.5);
#5121 = AXIS2_PLACEMENT_3D('',#5122,#5123,#5124);
#5122 = CARTESIAN_POINT('',(0.,51.858994578326,0.));
#5123 = DIRECTION('',(-0.,1.,0.));
#5124 = DIRECTION('',(1.,0.,0.));
#5125 = ORIENTED_EDGE('',*,*,#5126,.F.);
#5126 = EDGE_CURVE('',#4749,#5118,#5127,.T.);
#5127 = CIRCLE('',#5128,3.5);
#5128 = AXIS2_PLACEMENT_3D('',#5129,#5130,#5131);
#5129 = CARTESIAN_POINT('',(0.,51.858994578326,0.));
#5130 = DIRECTION('',(-0.,1.,0.));
#5131 = DIRECTION('',(1.,0.,0.));
#5132 = ORIENTED_EDGE('',*,*,#4756,.T.);
#5133 = FACE_BOUND('',#5134,.T.);
#5134 = EDGE_LOOP('',(#5135));
#5135 = ORIENTED_EDGE('',*,*,#4810,.F.);
#5136 = FACE_BOUND('',#5137,.T.);
#5137 = EDGE_LOOP('',(#5138));
#5138 = ORIENTED_EDGE('',*,*,#4835,.F.);
#5139 = PLANE('',#5140);
#5140 = AXIS2_PLACEMENT_3D('',#5141,#5142,#5143);
#5141 = CARTESIAN_POINT('',(6.294518760701E-17,51.858994578326,
    0.2188249906));
#5142 = DIRECTION('',(0.,1.,0.));
#5143 = DIRECTION('',(0.,-0.,1.));
#5144 = ADVANCED_FACE('',(#5145,#5151,#5161,#5171,#5181,#5191),#5194,.F.
  );
#5145 = FACE_BOUND('',#5146,.T.);
#5146 = EDGE_LOOP('',(#5147,#5148,#5149,#5150));
#5147 = ORIENTED_EDGE('',*,*,#4560,.T.);
#5148 = ORIENTED_EDGE('',*,*,#2782,.T.);
#5149 = ORIENTED_EDGE('',*,*,#4002,.F.);
#5150 = ORIENTED_EDGE('',*,*,#2689,.F.);
#5151 = FACE_BOUND('',#5152,.F.);
#5152 = EDGE_LOOP('',(#5153,#5154,#5155,#5156,#5157,#5158,#5159,#5160));
#5153 = ORIENTED_EDGE('',*,*,#2988,.T.);
#5154 = ORIENTED_EDGE('',*,*,#2964,.T.);
#5155 = ORIENTED_EDGE('',*,*,#2940,.T.);
#5156 = ORIENTED_EDGE('',*,*,#2916,.T.);
#5157 = ORIENTED_EDGE('',*,*,#2892,.T.);
#5158 = ORIENTED_EDGE('',*,*,#2868,.T.);
#5159 = ORIENTED_EDGE('',*,*,#2844,.T.);
#5160 = ORIENTED_EDGE('',*,*,#2813,.T.);
#5161 = FACE_BOUND('',#5162,.F.);
#5162 = EDGE_LOOP('',(#5163,#5164,#5165,#5166,#5167,#5168,#5169,#5170));
#5163 = ORIENTED_EDGE('',*,*,#3180,.T.);
#5164 = ORIENTED_EDGE('',*,*,#3156,.T.);
#5165 = ORIENTED_EDGE('',*,*,#3132,.T.);
#5166 = ORIENTED_EDGE('',*,*,#3108,.T.);
#5167 = ORIENTED_EDGE('',*,*,#3084,.T.);
#5168 = ORIENTED_EDGE('',*,*,#3060,.T.);
#5169 = ORIENTED_EDGE('',*,*,#3036,.T.);
#5170 = ORIENTED_EDGE('',*,*,#3005,.T.);
#5171 = FACE_BOUND('',#5172,.F.);
#5172 = EDGE_LOOP('',(#5173,#5174,#5175,#5176,#5177,#5178,#5179,#5180));
#5173 = ORIENTED_EDGE('',*,*,#3372,.T.);
#5174 = ORIENTED_EDGE('',*,*,#3348,.T.);
#5175 = ORIENTED_EDGE('',*,*,#3324,.T.);
#5176 = ORIENTED_EDGE('',*,*,#3300,.T.);
#5177 = ORIENTED_EDGE('',*,*,#3276,.T.);
#5178 = ORIENTED_EDGE('',*,*,#3252,.T.);
#5179 = ORIENTED_EDGE('',*,*,#3228,.T.);
#5180 = ORIENTED_EDGE('',*,*,#3197,.T.);
#5181 = FACE_BOUND('',#5182,.F.);
#5182 = EDGE_LOOP('',(#5183,#5184,#5185,#5186,#5187,#5188,#5189,#5190));
#5183 = ORIENTED_EDGE('',*,*,#3589,.T.);
#5184 = ORIENTED_EDGE('',*,*,#3565,.T.);
#5185 = ORIENTED_EDGE('',*,*,#3541,.T.);
#5186 = ORIENTED_EDGE('',*,*,#3517,.T.);
#5187 = ORIENTED_EDGE('',*,*,#3493,.T.);
#5188 = ORIENTED_EDGE('',*,*,#3469,.T.);
#5189 = ORIENTED_EDGE('',*,*,#3445,.T.);
#5190 = ORIENTED_EDGE('',*,*,#3414,.T.);
#5191 = FACE_BOUND('',#5192,.F.);
#5192 = EDGE_LOOP('',(#5193));
#5193 = ORIENTED_EDGE('',*,*,#3749,.T.);
#5194 = PLANE('',#5195);
#5195 = AXIS2_PLACEMENT_3D('',#5196,#5197,#5198);
#5196 = CARTESIAN_POINT('',(-55.,-54.35899457832,-12.));
#5197 = DIRECTION('',(1.,0.,-0.));
#5198 = DIRECTION('',(0.,0.,1.));
#5199 = ADVANCED_FACE('',(#5200),#5208,.F.);
#5200 = FACE_BOUND('',#5201,.F.);
#5201 = EDGE_LOOP('',(#5202,#5203,#5204,#5205,#5206,#5207));
#5202 = ORIENTED_EDGE('',*,*,#861,.F.);
#5203 = ORIENTED_EDGE('',*,*,#5005,.T.);
#5204 = ORIENTED_EDGE('',*,*,#5014,.T.);
#5205 = ORIENTED_EDGE('',*,*,#812,.T.);
#5206 = ORIENTED_EDGE('',*,*,#185,.F.);
#5207 = ORIENTED_EDGE('',*,*,#196,.F.);
#5208 = CYLINDRICAL_SURFACE('',#5209,0.85);
#5209 = AXIS2_PLACEMENT_3D('',#5210,#5211,#5212);
#5210 = CARTESIAN_POINT('',(75.1,0.,-19.1));
#5211 = DIRECTION('',(-1.,0.,0.));
#5212 = DIRECTION('',(0.,0.,1.));
#5213 = ADVANCED_FACE('',(#5214),#5222,.F.);
#5214 = FACE_BOUND('',#5215,.F.);
#5215 = EDGE_LOOP('',(#5216,#5217,#5218,#5219,#5220,#5221));
#5216 = ORIENTED_EDGE('',*,*,#1126,.T.);
#5217 = ORIENTED_EDGE('',*,*,#323,.F.);
#5218 = ORIENTED_EDGE('',*,*,#332,.F.);
#5219 = ORIENTED_EDGE('',*,*,#1095,.F.);
#5220 = ORIENTED_EDGE('',*,*,#5040,.T.);
#5221 = ORIENTED_EDGE('',*,*,#5049,.T.);
#5222 = CYLINDRICAL_SURFACE('',#5223,0.85);
#5223 = AXIS2_PLACEMENT_3D('',#5224,#5225,#5226);
#5224 = CARTESIAN_POINT('',(75.1,0.,8.4));
#5225 = DIRECTION('',(-1.,0.,0.));
#5226 = DIRECTION('',(0.,0.,1.));
#5227 = ADVANCED_FACE('',(#5228),#5236,.F.);
#5228 = FACE_BOUND('',#5229,.F.);
#5229 = EDGE_LOOP('',(#5230,#5231,#5232,#5233,#5234,#5235));
#5230 = ORIENTED_EDGE('',*,*,#4748,.F.);
#5231 = ORIENTED_EDGE('',*,*,#4693,.T.);
#5232 = ORIENTED_EDGE('',*,*,#4702,.T.);
#5233 = ORIENTED_EDGE('',*,*,#4788,.T.);
#5234 = ORIENTED_EDGE('',*,*,#5117,.F.);
#5235 = ORIENTED_EDGE('',*,*,#5126,.F.);
#5236 = CYLINDRICAL_SURFACE('',#5237,3.5);
#5237 = AXIS2_PLACEMENT_3D('',#5238,#5239,#5240);
#5238 = CARTESIAN_POINT('',(0.,46.358994578326,0.));
#5239 = DIRECTION('',(0.,1.,0.));
#5240 = DIRECTION('',(1.,0.,0.));
#5241 = ( GEOMETRIC_REPRESENTATION_CONTEXT(3) 
GLOBAL_UNCERTAINTY_ASSIGNED_CONTEXT((#5245)) 
GLOBAL_UNIT_ASSIGNED_CONTEXT((#5242,#5243,#5244)) REPRESENTATION_CONTEXT
('Context #1','3D Context with UNIT and UNCERTAINTY') );
#5242 = ( LENGTH_UNIT() NAMED_UNIT(*) SI_UNIT(.MILLI.,.METRE.) );
#5243 = ( NAMED_UNIT(*) PLANE_ANGLE_UNIT() SI_UNIT($,.RADIAN.) );
#5244 = ( NAMED_UNIT(*) SI_UNIT($,.STERADIAN.) SOLID_ANGLE_UNIT() );
#5245 = UNCERTAINTY_MEASURE_WITH_UNIT(LENGTH_MEASURE(5.E-07),#5242,
  'distance_accuracy_value','confusion accuracy');
#5246 = PRODUCT_RELATED_PRODUCT_CATEGORY('part',$,(#7));
ENDSEC;
END-ISO-10303-21;
