ISO-10303-21;
HEADER;
FILE_DESCRIPTION(('FreeCAD Model'),'2;1');
FILE_NAME('Open CASCADE Shape Model','2026-10-08T00:56:06',('FreeCAD'),(
    'FreeCAD'),'Open CASCADE STEP processor 7.8','FreeCAD','Unknown');
FILE_SCHEMA(('AUTOMOTIVE_DESIGN { 1 0 10303 214 1 1 1 1 }'));
ENDSEC;
DATA;
#1 = APPLICATION_PROTOCOL_DEFINITION('international standard',
  'automotive_design',2000,#2);
#2 = APPLICATION_CONTEXT(
  'core data for automotive mechanical design processes');
#3 = SHAPE_DEFINITION_REPRESENTATION(#4,#10);
#4 = PRODUCT_DEFINITION_SHAPE('','',#5);
#5 = PRODUCT_DEFINITION('design','',#6,#9);
#6 = PRODUCT_DEFINITION_FORMATION('','',#7);
#7 = PRODUCT('Open CASCADE STEP translator 7.8 1',
  'Open CASCADE STEP translator 7.8 1','',(#8));
#8 = PRODUCT_CONTEXT('',#2,'mechanical');
#9 = PRODUCT_DEFINITION_CONTEXT('part definition',#2,'design');
#10 = ADVANCED_BREP_SHAPE_REPRESENTATION('',(#11,#15),#6293);
#11 = AXIS2_PLACEMENT_3D('',#12,#13,#14);
#12 = CARTESIAN_POINT('',(0.,0.,0.));
#13 = DIRECTION('',(0.,0.,1.));
#14 = DIRECTION('',(1.,0.,-0.));
#15 = MANIFOLD_SOLID_BREP('',#16);
#16 = CLOSED_SHELL('',(#17,#57,#1706,#1731,#1756,#1780,#1804,#1829,#1854
    ,#1871,#1903,#1927,#1962,#1986,#2076,#2100,#2125,#2149,#2167,#2184,
    #2216,#2240,#2264,#2282,#2314,#2338,#2362,#2390,#2415,#2447,#2471,
    #2495,#2513,#2545,#2569,#2593,#2621,#2653,#2677,#2701,#2719,#2751,
    #2775,#2799,#2827,#2859,#2883,#2907,#2935,#2967,#2991,#3015,#3033,
    #3058,#3090,#3114,#3149,#3173,#3263,#3287,#3312,#3336,#3354,#3371,
    #3403,#3427,#3451,#3469,#3501,#3525,#3549,#3567,#3599,#3623,#3647,
    #3675,#3707,#3731,#3755,#3783,#3815,#3839,#3863,#3891,#3923,#3947,
    #3971,#3989,#4021,#4045,#4069,#4097,#4129,#4153,#4177,#4195,#4292,
    #4317,#4341,#4376,#4400,#4418,#4442,#4467,#4491,#4509,#4534,#4566,
    #4590,#4614,#4632,#4664,#4688,#4712,#4740,#4772,#4796,#4820,#4848,
    #4880,#4904,#4928,#4946,#4978,#5002,#5026,#5054,#5086,#5110,#5134,
    #5152,#5184,#5208,#5232,#5250,#5275,#5307,#5331,#5355,#5383,#5415,
    #5439,#5464,#5554,#5579,#5603,#5638,#5662,#5680,#5697,#5717,#5737,
    #5757,#5777,#5802,#5827,#5852,#5877,#5886,#5895,#5904,#5913,#6237,
    #6251,#6265,#6279));
#17 = ADVANCED_FACE('',(#18),#52,.F.);
#18 = FACE_BOUND('',#19,.F.);
#19 = EDGE_LOOP('',(#20,#30,#38,#46));
#20 = ORIENTED_EDGE('',*,*,#21,.F.);
#21 = EDGE_CURVE('',#22,#24,#26,.T.);
#22 = VERTEX_POINT('',#23);
#23 = CARTESIAN_POINT('',(-2.22044604925E-16,1.27,3.));
#24 = VERTEX_POINT('',#25);
#25 = CARTESIAN_POINT('',(-2.22044604925E-16,29.21,3.));
#26 = LINE('',#27,#28);
#27 = CARTESIAN_POINT('',(0.,0.,3.));
#28 = VECTOR('',#29,1.);
#29 = DIRECTION('',(-0.,1.,0.));
#30 = ORIENTED_EDGE('',*,*,#31,.F.);
#31 = EDGE_CURVE('',#32,#22,#34,.T.);
#32 = VERTEX_POINT('',#33);
#33 = CARTESIAN_POINT('',(-2.22044604925E-16,1.27,0.));
#34 = LINE('',#35,#36);
#35 = CARTESIAN_POINT('',(-2.22044604925E-16,1.27,0.));
#36 = VECTOR('',#37,1.);
#37 = DIRECTION('',(0.,0.,1.));
#38 = ORIENTED_EDGE('',*,*,#39,.T.);
#39 = EDGE_CURVE('',#32,#40,#42,.T.);
#40 = VERTEX_POINT('',#41);
#41 = CARTESIAN_POINT('',(-2.22044604925E-16,29.21,0.));
#42 = LINE('',#43,#44);
#43 = CARTESIAN_POINT('',(0.,0.,0.));
#44 = VECTOR('',#45,1.);
#45 = DIRECTION('',(-0.,1.,0.));
#46 = ORIENTED_EDGE('',*,*,#47,.T.);
#47 = EDGE_CURVE('',#40,#24,#48,.T.);
#48 = LINE('',#49,#50);
#49 = CARTESIAN_POINT('',(-2.22044604925E-16,29.21,0.));
#50 = VECTOR('',#51,1.);
#51 = DIRECTION('',(0.,0.,1.));
#52 = PLANE('',#53);
#53 = AXIS2_PLACEMENT_3D('',#54,#55,#56);
#54 = CARTESIAN_POINT('',(0.,0.,0.));
#55 = DIRECTION('',(1.,0.,-0.));
#56 = DIRECTION('',(0.,0.,1.));
#57 = ADVANCED_FACE('',(#58,#119,#260,#296,#341,#352,#388,#433,#469,#514
    ,#559,#595,#606,#747,#783,#819,#864,#909,#954,#990,#1035,#1071,#1213
    ,#1224,#1260,#1305,#1350,#1386,#1431,#1467,#1503,#1514,#1559),#1701,
  .T.);
#58 = FACE_BOUND('',#59,.T.);
#59 = EDGE_LOOP('',(#60,#61,#70,#78,#87,#95,#104,#112));
#60 = ORIENTED_EDGE('',*,*,#21,.F.);
#61 = ORIENTED_EDGE('',*,*,#62,.T.);
#62 = EDGE_CURVE('',#22,#63,#65,.T.);
#63 = VERTEX_POINT('',#64);
#64 = CARTESIAN_POINT('',(1.27,-2.22044604925E-16,3.));
#65 = CIRCLE('',#66,1.27);
#66 = AXIS2_PLACEMENT_3D('',#67,#68,#69);
#67 = CARTESIAN_POINT('',(1.27,1.27,3.));
#68 = DIRECTION('',(0.,0.,1.));
#69 = DIRECTION('',(0.,-1.,0.));
#70 = ORIENTED_EDGE('',*,*,#71,.T.);
#71 = EDGE_CURVE('',#63,#72,#74,.T.);
#72 = VERTEX_POINT('',#73);
#73 = CARTESIAN_POINT('',(59.69,-2.22044604925E-16,3.));
#74 = LINE('',#75,#76);
#75 = CARTESIAN_POINT('',(0.,0.,3.));
#76 = VECTOR('',#77,1.);
#77 = DIRECTION('',(1.,0.,-0.));
#78 = ORIENTED_EDGE('',*,*,#79,.F.);
#79 = EDGE_CURVE('',#80,#72,#82,.T.);
#80 = VERTEX_POINT('',#81);
#81 = CARTESIAN_POINT('',(60.96,1.27,3.));
#82 = CIRCLE('',#83,1.27);
#83 = AXIS2_PLACEMENT_3D('',#84,#85,#86);
#84 = CARTESIAN_POINT('',(59.69,1.27,3.));
#85 = DIRECTION('',(-0.,-0.,-1.));
#86 = DIRECTION('',(0.,-1.,0.));
#87 = ORIENTED_EDGE('',*,*,#88,.T.);
#88 = EDGE_CURVE('',#80,#89,#91,.T.);
#89 = VERTEX_POINT('',#90);
#90 = CARTESIAN_POINT('',(60.96,29.21,3.));
#91 = LINE('',#92,#93);
#92 = CARTESIAN_POINT('',(60.96,0.,3.));
#93 = VECTOR('',#94,1.);
#94 = DIRECTION('',(-0.,1.,0.));
#95 = ORIENTED_EDGE('',*,*,#96,.T.);
#96 = EDGE_CURVE('',#89,#97,#99,.T.);
#97 = VERTEX_POINT('',#98);
#98 = CARTESIAN_POINT('',(59.69,30.48,3.));
#99 = CIRCLE('',#100,1.27);
#100 = AXIS2_PLACEMENT_3D('',#101,#102,#103);
#101 = CARTESIAN_POINT('',(59.69,29.21,3.));
#102 = DIRECTION('',(0.,0.,1.));
#103 = DIRECTION('',(0.,-1.,0.));
#104 = ORIENTED_EDGE('',*,*,#105,.F.);
#105 = EDGE_CURVE('',#106,#97,#108,.T.);
#106 = VERTEX_POINT('',#107);
#107 = CARTESIAN_POINT('',(1.27,30.48,3.));
#108 = LINE('',#109,#110);
#109 = CARTESIAN_POINT('',(0.,30.48,3.));
#110 = VECTOR('',#111,1.);
#111 = DIRECTION('',(1.,0.,-0.));
#112 = ORIENTED_EDGE('',*,*,#113,.F.);
#113 = EDGE_CURVE('',#24,#106,#114,.T.);
#114 = CIRCLE('',#115,1.27);
#115 = AXIS2_PLACEMENT_3D('',#116,#117,#118);
#116 = CARTESIAN_POINT('',(1.27,29.21,3.));
#117 = DIRECTION('',(-0.,-0.,-1.));
#118 = DIRECTION('',(0.,-1.,0.));
#119 = FACE_BOUND('',#120,.T.);
#120 = EDGE_LOOP('',(#121,#132,#140,#149,#158,#166,#175,#183,#192,#201,
    #210,#219,#228,#236,#245,#254));
#121 = ORIENTED_EDGE('',*,*,#122,.F.);
#122 = EDGE_CURVE('',#123,#125,#127,.T.);
#123 = VERTEX_POINT('',#124);
#124 = CARTESIAN_POINT('',(2.54,3.915,3.));
#125 = VERTEX_POINT('',#126);
#126 = CARTESIAN_POINT('',(2.54,1.165,3.));
#127 = CIRCLE('',#128,1.375);
#128 = AXIS2_PLACEMENT_3D('',#129,#130,#131);
#129 = CARTESIAN_POINT('',(2.54,2.54,3.));
#130 = DIRECTION('',(0.,0.,1.));
#131 = DIRECTION('',(1.,0.,-0.));
#132 = ORIENTED_EDGE('',*,*,#133,.F.);
#133 = EDGE_CURVE('',#134,#123,#136,.T.);
#134 = VERTEX_POINT('',#135);
#135 = CARTESIAN_POINT('',(2.927495644604,3.915,3.));
#136 = LINE('',#137,#138);
#137 = CARTESIAN_POINT('',(1.27,3.915,3.));
#138 = VECTOR('',#139,1.);
#139 = DIRECTION('',(-1.,-0.,0.));
#140 = ORIENTED_EDGE('',*,*,#141,.F.);
#141 = EDGE_CURVE('',#142,#134,#144,.T.);
#142 = VERTEX_POINT('',#143);
#143 = CARTESIAN_POINT('',(1.831294288435,6.441712592618,3.));
#144 = CIRCLE('',#145,3.25);
#145 = AXIS2_PLACEMENT_3D('',#146,#147,#148);
#146 = CARTESIAN_POINT('',(5.08,6.35,3.));
#147 = DIRECTION('',(0.,0.,1.));
#148 = DIRECTION('',(1.,0.,-0.));
#149 = ORIENTED_EDGE('',*,*,#150,.F.);
#150 = EDGE_CURVE('',#151,#142,#153,.T.);
#151 = VERTEX_POINT('',#152);
#152 = CARTESIAN_POINT('',(1.165,7.62,3.));
#153 = CIRCLE('',#154,1.375);
#154 = AXIS2_PLACEMENT_3D('',#155,#156,#157);
#155 = CARTESIAN_POINT('',(2.54,7.62,3.));
#156 = DIRECTION('',(0.,0.,1.));
#157 = DIRECTION('',(1.,0.,-0.));
#158 = ORIENTED_EDGE('',*,*,#159,.T.);
#159 = EDGE_CURVE('',#151,#160,#162,.T.);
#160 = VERTEX_POINT('',#161);
#161 = CARTESIAN_POINT('',(1.165,12.7,3.));
#162 = LINE('',#163,#164);
#163 = CARTESIAN_POINT('',(1.165,3.81,3.));
#164 = VECTOR('',#165,1.);
#165 = DIRECTION('',(-0.,1.,0.));
#166 = ORIENTED_EDGE('',*,*,#167,.F.);
#167 = EDGE_CURVE('',#168,#160,#170,.T.);
#168 = VERTEX_POINT('',#169);
#169 = CARTESIAN_POINT('',(3.915,12.7,3.));
#170 = CIRCLE('',#171,1.375);
#171 = AXIS2_PLACEMENT_3D('',#172,#173,#174);
#172 = CARTESIAN_POINT('',(2.54,12.7,3.));
#173 = DIRECTION('',(0.,0.,1.));
#174 = DIRECTION('',(1.,0.,-0.));
#175 = ORIENTED_EDGE('',*,*,#176,.F.);
#176 = EDGE_CURVE('',#177,#168,#179,.T.);
#177 = VERTEX_POINT('',#178);
#178 = CARTESIAN_POINT('',(3.915,9.384019611011,3.));
#179 = LINE('',#180,#181);
#180 = CARTESIAN_POINT('',(3.915,3.81,3.));
#181 = VECTOR('',#182,1.);
#182 = DIRECTION('',(-0.,1.,0.));
#183 = ORIENTED_EDGE('',*,*,#184,.F.);
#184 = EDGE_CURVE('',#185,#177,#187,.T.);
#185 = VERTEX_POINT('',#186);
#186 = CARTESIAN_POINT('',(7.102593501033,8.893937013681,3.));
#187 = CIRCLE('',#188,3.25);
#188 = AXIS2_PLACEMENT_3D('',#189,#190,#191);
#189 = CARTESIAN_POINT('',(5.08,6.35,3.));
#190 = DIRECTION('',(0.,0.,1.));
#191 = DIRECTION('',(1.,0.,-0.));
#192 = ORIENTED_EDGE('',*,*,#193,.F.);
#193 = EDGE_CURVE('',#194,#185,#196,.T.);
#194 = VERTEX_POINT('',#195);
#195 = CARTESIAN_POINT('',(8.995,7.62,3.));
#196 = CIRCLE('',#197,1.375);
#197 = AXIS2_PLACEMENT_3D('',#198,#199,#200);
#198 = CARTESIAN_POINT('',(7.62,7.62,3.));
#199 = DIRECTION('',(0.,0.,1.));
#200 = DIRECTION('',(1.,0.,-0.));
#201 = ORIENTED_EDGE('',*,*,#202,.F.);
#202 = EDGE_CURVE('',#203,#194,#205,.T.);
#203 = VERTEX_POINT('',#204);
#204 = CARTESIAN_POINT('',(8.328705711565,6.441712592618,3.));
#205 = CIRCLE('',#206,1.375);
#206 = AXIS2_PLACEMENT_3D('',#207,#208,#209);
#207 = CARTESIAN_POINT('',(7.62,7.62,3.));
#208 = DIRECTION('',(0.,0.,1.));
#209 = DIRECTION('',(1.,0.,-0.));
#210 = ORIENTED_EDGE('',*,*,#211,.F.);
#211 = EDGE_CURVE('',#212,#203,#214,.T.);
#212 = VERTEX_POINT('',#213);
#213 = CARTESIAN_POINT('',(8.33,6.35,3.));
#214 = CIRCLE('',#215,3.25);
#215 = AXIS2_PLACEMENT_3D('',#216,#217,#218);
#216 = CARTESIAN_POINT('',(5.08,6.35,3.));
#217 = DIRECTION('',(0.,0.,1.));
#218 = DIRECTION('',(1.,0.,-0.));
#219 = ORIENTED_EDGE('',*,*,#220,.F.);
#220 = EDGE_CURVE('',#221,#212,#223,.T.);
#221 = VERTEX_POINT('',#222);
#222 = CARTESIAN_POINT('',(7.232504355396,3.915,3.));
#223 = CIRCLE('',#224,3.25);
#224 = AXIS2_PLACEMENT_3D('',#225,#226,#227);
#225 = CARTESIAN_POINT('',(5.08,6.35,3.));
#226 = DIRECTION('',(0.,0.,1.));
#227 = DIRECTION('',(1.,0.,-0.));
#228 = ORIENTED_EDGE('',*,*,#229,.F.);
#229 = EDGE_CURVE('',#230,#221,#232,.T.);
#230 = VERTEX_POINT('',#231);
#231 = CARTESIAN_POINT('',(7.62,3.915,3.));
#232 = LINE('',#233,#234);
#233 = CARTESIAN_POINT('',(1.27,3.915,3.));
#234 = VECTOR('',#235,1.);
#235 = DIRECTION('',(-1.,-0.,0.));
#236 = ORIENTED_EDGE('',*,*,#237,.F.);
#237 = EDGE_CURVE('',#238,#230,#240,.T.);
#238 = VERTEX_POINT('',#239);
#239 = CARTESIAN_POINT('',(8.995,2.54,3.));
#240 = CIRCLE('',#241,1.375);
#241 = AXIS2_PLACEMENT_3D('',#242,#243,#244);
#242 = CARTESIAN_POINT('',(7.62,2.54,3.));
#243 = DIRECTION('',(0.,0.,1.));
#244 = DIRECTION('',(1.,0.,-0.));
#245 = ORIENTED_EDGE('',*,*,#246,.F.);
#246 = EDGE_CURVE('',#247,#238,#249,.T.);
#247 = VERTEX_POINT('',#248);
#248 = CARTESIAN_POINT('',(7.62,1.165,3.));
#249 = CIRCLE('',#250,1.375);
#250 = AXIS2_PLACEMENT_3D('',#251,#252,#253);
#251 = CARTESIAN_POINT('',(7.62,2.54,3.));
#252 = DIRECTION('',(0.,0.,1.));
#253 = DIRECTION('',(1.,0.,-0.));
#254 = ORIENTED_EDGE('',*,*,#255,.T.);
#255 = EDGE_CURVE('',#247,#125,#256,.T.);
#256 = LINE('',#257,#258);
#257 = CARTESIAN_POINT('',(1.27,1.165,3.));
#258 = VECTOR('',#259,1.);
#259 = DIRECTION('',(-1.,-0.,0.));
#260 = FACE_BOUND('',#261,.T.);
#261 = EDGE_LOOP('',(#262,#273,#281,#290));
#262 = ORIENTED_EDGE('',*,*,#263,.F.);
#263 = EDGE_CURVE('',#264,#266,#268,.T.);
#264 = VERTEX_POINT('',#265);
#265 = CARTESIAN_POINT('',(14.075,7.62,3.));
#266 = VERTEX_POINT('',#267);
#267 = CARTESIAN_POINT('',(11.325,7.62,3.));
#268 = CIRCLE('',#269,1.375);
#269 = AXIS2_PLACEMENT_3D('',#270,#271,#272);
#270 = CARTESIAN_POINT('',(12.7,7.62,3.));
#271 = DIRECTION('',(0.,0.,1.));
#272 = DIRECTION('',(1.,0.,-0.));
#273 = ORIENTED_EDGE('',*,*,#274,.F.);
#274 = EDGE_CURVE('',#275,#264,#277,.T.);
#275 = VERTEX_POINT('',#276);
#276 = CARTESIAN_POINT('',(14.075,2.54,3.));
#277 = LINE('',#278,#279);
#278 = CARTESIAN_POINT('',(14.075,1.27,3.));
#279 = VECTOR('',#280,1.);
#280 = DIRECTION('',(-0.,1.,0.));
#281 = ORIENTED_EDGE('',*,*,#282,.F.);
#282 = EDGE_CURVE('',#283,#275,#285,.T.);
#283 = VERTEX_POINT('',#284);
#284 = CARTESIAN_POINT('',(11.325,2.54,3.));
#285 = CIRCLE('',#286,1.375);
#286 = AXIS2_PLACEMENT_3D('',#287,#288,#289);
#287 = CARTESIAN_POINT('',(12.7,2.54,3.));
#288 = DIRECTION('',(0.,0.,1.));
#289 = DIRECTION('',(1.,0.,-0.));
#290 = ORIENTED_EDGE('',*,*,#291,.T.);
#291 = EDGE_CURVE('',#283,#266,#292,.T.);
#292 = LINE('',#293,#294);
#293 = CARTESIAN_POINT('',(11.325,1.27,3.));
#294 = VECTOR('',#295,1.);
#295 = DIRECTION('',(-0.,1.,0.));
#296 = FACE_BOUND('',#297,.T.);
#297 = EDGE_LOOP('',(#298,#309,#317,#326,#335));
#298 = ORIENTED_EDGE('',*,*,#299,.F.);
#299 = EDGE_CURVE('',#300,#302,#304,.T.);
#300 = VERTEX_POINT('',#301);
#301 = CARTESIAN_POINT('',(17.78,3.915,3.));
#302 = VERTEX_POINT('',#303);
#303 = CARTESIAN_POINT('',(17.78,1.165,3.));
#304 = CIRCLE('',#305,1.375);
#305 = AXIS2_PLACEMENT_3D('',#306,#307,#308);
#306 = CARTESIAN_POINT('',(17.78,2.54,3.));
#307 = DIRECTION('',(0.,0.,1.));
#308 = DIRECTION('',(1.,0.,-0.));
#309 = ORIENTED_EDGE('',*,*,#310,.F.);
#310 = EDGE_CURVE('',#311,#300,#313,.T.);
#311 = VERTEX_POINT('',#312);
#312 = CARTESIAN_POINT('',(22.86,3.915,3.));
#313 = LINE('',#314,#315);
#314 = CARTESIAN_POINT('',(8.89,3.915,3.));
#315 = VECTOR('',#316,1.);
#316 = DIRECTION('',(-1.,-0.,0.));
#317 = ORIENTED_EDGE('',*,*,#318,.F.);
#318 = EDGE_CURVE('',#319,#311,#321,.T.);
#319 = VERTEX_POINT('',#320);
#320 = CARTESIAN_POINT('',(24.235,2.54,3.));
#321 = CIRCLE('',#322,1.375);
#322 = AXIS2_PLACEMENT_3D('',#323,#324,#325);
#323 = CARTESIAN_POINT('',(22.86,2.54,3.));
#324 = DIRECTION('',(0.,0.,1.));
#325 = DIRECTION('',(1.,0.,-0.));
#326 = ORIENTED_EDGE('',*,*,#327,.F.);
#327 = EDGE_CURVE('',#328,#319,#330,.T.);
#328 = VERTEX_POINT('',#329);
#329 = CARTESIAN_POINT('',(22.86,1.165,3.));
#330 = CIRCLE('',#331,1.375);
#331 = AXIS2_PLACEMENT_3D('',#332,#333,#334);
#332 = CARTESIAN_POINT('',(22.86,2.54,3.));
#333 = DIRECTION('',(0.,0.,1.));
#334 = DIRECTION('',(1.,0.,-0.));
#335 = ORIENTED_EDGE('',*,*,#336,.T.);
#336 = EDGE_CURVE('',#328,#302,#337,.T.);
#337 = LINE('',#338,#339);
#338 = CARTESIAN_POINT('',(8.89,1.165,3.));
#339 = VECTOR('',#340,1.);
#340 = DIRECTION('',(-1.,-0.,0.));
#341 = FACE_BOUND('',#342,.T.);
#342 = EDGE_LOOP('',(#343));
#343 = ORIENTED_EDGE('',*,*,#344,.F.);
#344 = EDGE_CURVE('',#345,#345,#347,.T.);
#345 = VERTEX_POINT('',#346);
#346 = CARTESIAN_POINT('',(24.235,7.62,3.));
#347 = CIRCLE('',#348,1.375);
#348 = AXIS2_PLACEMENT_3D('',#349,#350,#351);
#349 = CARTESIAN_POINT('',(22.86,7.62,3.));
#350 = DIRECTION('',(0.,0.,1.));
#351 = DIRECTION('',(1.,0.,-0.));
#352 = FACE_BOUND('',#353,.T.);
#353 = EDGE_LOOP('',(#354,#365,#373,#382));
#354 = ORIENTED_EDGE('',*,*,#355,.F.);
#355 = EDGE_CURVE('',#356,#358,#360,.T.);
#356 = VERTEX_POINT('',#357);
#357 = CARTESIAN_POINT('',(29.315,7.62,3.));
#358 = VERTEX_POINT('',#359);
#359 = CARTESIAN_POINT('',(26.565,7.62,3.));
#360 = CIRCLE('',#361,1.375);
#361 = AXIS2_PLACEMENT_3D('',#362,#363,#364);
#362 = CARTESIAN_POINT('',(27.94,7.62,3.));
#363 = DIRECTION('',(0.,0.,1.));
#364 = DIRECTION('',(1.,0.,-0.));
#365 = ORIENTED_EDGE('',*,*,#366,.F.);
#366 = EDGE_CURVE('',#367,#356,#369,.T.);
#367 = VERTEX_POINT('',#368);
#368 = CARTESIAN_POINT('',(29.315,2.54,3.));
#369 = LINE('',#370,#371);
#370 = CARTESIAN_POINT('',(29.315,1.27,3.));
#371 = VECTOR('',#372,1.);
#372 = DIRECTION('',(-0.,1.,0.));
#373 = ORIENTED_EDGE('',*,*,#374,.F.);
#374 = EDGE_CURVE('',#375,#367,#377,.T.);
#375 = VERTEX_POINT('',#376);
#376 = CARTESIAN_POINT('',(26.565,2.54,3.));
#377 = CIRCLE('',#378,1.375);
#378 = AXIS2_PLACEMENT_3D('',#379,#380,#381);
#379 = CARTESIAN_POINT('',(27.94,2.54,3.));
#380 = DIRECTION('',(0.,0.,1.));
#381 = DIRECTION('',(1.,0.,-0.));
#382 = ORIENTED_EDGE('',*,*,#383,.T.);
#383 = EDGE_CURVE('',#375,#358,#384,.T.);
#384 = LINE('',#385,#386);
#385 = CARTESIAN_POINT('',(26.565,1.27,3.));
#386 = VECTOR('',#387,1.);
#387 = DIRECTION('',(-0.,1.,0.));
#388 = FACE_BOUND('',#389,.T.);
#389 = EDGE_LOOP('',(#390,#401,#409,#418,#427));
#390 = ORIENTED_EDGE('',*,*,#391,.F.);
#391 = EDGE_CURVE('',#392,#394,#396,.T.);
#392 = VERTEX_POINT('',#393);
#393 = CARTESIAN_POINT('',(7.62,14.075,3.));
#394 = VERTEX_POINT('',#395);
#395 = CARTESIAN_POINT('',(7.62,11.325,3.));
#396 = CIRCLE('',#397,1.375);
#397 = AXIS2_PLACEMENT_3D('',#398,#399,#400);
#398 = CARTESIAN_POINT('',(7.62,12.7,3.));
#399 = DIRECTION('',(0.,0.,1.));
#400 = DIRECTION('',(1.,0.,-0.));
#401 = ORIENTED_EDGE('',*,*,#402,.F.);
#402 = EDGE_CURVE('',#403,#392,#405,.T.);
#403 = VERTEX_POINT('',#404);
#404 = CARTESIAN_POINT('',(12.7,14.075,3.));
#405 = LINE('',#406,#407);
#406 = CARTESIAN_POINT('',(3.81,14.075,3.));
#407 = VECTOR('',#408,1.);
#408 = DIRECTION('',(-1.,-0.,0.));
#409 = ORIENTED_EDGE('',*,*,#410,.F.);
#410 = EDGE_CURVE('',#411,#403,#413,.T.);
#411 = VERTEX_POINT('',#412);
#412 = CARTESIAN_POINT('',(14.075,12.7,3.));
#413 = CIRCLE('',#414,1.375);
#414 = AXIS2_PLACEMENT_3D('',#415,#416,#417);
#415 = CARTESIAN_POINT('',(12.7,12.7,3.));
#416 = DIRECTION('',(0.,0.,1.));
#417 = DIRECTION('',(1.,0.,-0.));
#418 = ORIENTED_EDGE('',*,*,#419,.F.);
#419 = EDGE_CURVE('',#420,#411,#422,.T.);
#420 = VERTEX_POINT('',#421);
#421 = CARTESIAN_POINT('',(12.7,11.325,3.));
#422 = CIRCLE('',#423,1.375);
#423 = AXIS2_PLACEMENT_3D('',#424,#425,#426);
#424 = CARTESIAN_POINT('',(12.7,12.7,3.));
#425 = DIRECTION('',(0.,0.,1.));
#426 = DIRECTION('',(1.,0.,-0.));
#427 = ORIENTED_EDGE('',*,*,#428,.T.);
#428 = EDGE_CURVE('',#420,#394,#429,.T.);
#429 = LINE('',#430,#431);
#430 = CARTESIAN_POINT('',(3.81,11.325,3.));
#431 = VECTOR('',#432,1.);
#432 = DIRECTION('',(-1.,-0.,0.));
#433 = FACE_BOUND('',#434,.T.);
#434 = EDGE_LOOP('',(#435,#446,#454,#463));
#435 = ORIENTED_EDGE('',*,*,#436,.F.);
#436 = EDGE_CURVE('',#437,#439,#441,.T.);
#437 = VERTEX_POINT('',#438);
#438 = CARTESIAN_POINT('',(19.155,12.7,3.));
#439 = VERTEX_POINT('',#440);
#440 = CARTESIAN_POINT('',(16.405,12.7,3.));
#441 = CIRCLE('',#442,1.375);
#442 = AXIS2_PLACEMENT_3D('',#443,#444,#445);
#443 = CARTESIAN_POINT('',(17.78,12.7,3.));
#444 = DIRECTION('',(0.,0.,1.));
#445 = DIRECTION('',(1.,0.,-0.));
#446 = ORIENTED_EDGE('',*,*,#447,.F.);
#447 = EDGE_CURVE('',#448,#437,#450,.T.);
#448 = VERTEX_POINT('',#449);
#449 = CARTESIAN_POINT('',(19.155,7.62,3.));
#450 = LINE('',#451,#452);
#451 = CARTESIAN_POINT('',(19.155,3.81,3.));
#452 = VECTOR('',#453,1.);
#453 = DIRECTION('',(-0.,1.,0.));
#454 = ORIENTED_EDGE('',*,*,#455,.F.);
#455 = EDGE_CURVE('',#456,#448,#458,.T.);
#456 = VERTEX_POINT('',#457);
#457 = CARTESIAN_POINT('',(16.405,7.62,3.));
#458 = CIRCLE('',#459,1.375);
#459 = AXIS2_PLACEMENT_3D('',#460,#461,#462);
#460 = CARTESIAN_POINT('',(17.78,7.62,3.));
#461 = DIRECTION('',(0.,0.,1.));
#462 = DIRECTION('',(1.,0.,-0.));
#463 = ORIENTED_EDGE('',*,*,#464,.T.);
#464 = EDGE_CURVE('',#456,#439,#465,.T.);
#465 = LINE('',#466,#467);
#466 = CARTESIAN_POINT('',(16.405,3.81,3.));
#467 = VECTOR('',#468,1.);
#468 = DIRECTION('',(-0.,1.,0.));
#469 = FACE_BOUND('',#470,.T.);
#470 = EDGE_LOOP('',(#471,#482,#490,#499,#508));
#471 = ORIENTED_EDGE('',*,*,#472,.F.);
#472 = EDGE_CURVE('',#473,#475,#477,.T.);
#473 = VERTEX_POINT('',#474);
#474 = CARTESIAN_POINT('',(22.86,14.075,3.));
#475 = VERTEX_POINT('',#476);
#476 = CARTESIAN_POINT('',(22.86,11.325,3.));
#477 = CIRCLE('',#478,1.375);
#478 = AXIS2_PLACEMENT_3D('',#479,#480,#481);
#479 = CARTESIAN_POINT('',(22.86,12.7,3.));
#480 = DIRECTION('',(0.,0.,1.));
#481 = DIRECTION('',(1.,0.,-0.));
#482 = ORIENTED_EDGE('',*,*,#483,.F.);
#483 = EDGE_CURVE('',#484,#473,#486,.T.);
#484 = VERTEX_POINT('',#485);
#485 = CARTESIAN_POINT('',(27.94,14.075,3.));
#486 = LINE('',#487,#488);
#487 = CARTESIAN_POINT('',(11.43,14.075,3.));
#488 = VECTOR('',#489,1.);
#489 = DIRECTION('',(-1.,-0.,0.));
#490 = ORIENTED_EDGE('',*,*,#491,.F.);
#491 = EDGE_CURVE('',#492,#484,#494,.T.);
#492 = VERTEX_POINT('',#493);
#493 = CARTESIAN_POINT('',(29.315,12.7,3.));
#494 = CIRCLE('',#495,1.375);
#495 = AXIS2_PLACEMENT_3D('',#496,#497,#498);
#496 = CARTESIAN_POINT('',(27.94,12.7,3.));
#497 = DIRECTION('',(0.,0.,1.));
#498 = DIRECTION('',(1.,0.,-0.));
#499 = ORIENTED_EDGE('',*,*,#500,.F.);
#500 = EDGE_CURVE('',#501,#492,#503,.T.);
#501 = VERTEX_POINT('',#502);
#502 = CARTESIAN_POINT('',(27.94,11.325,3.));
#503 = CIRCLE('',#504,1.375);
#504 = AXIS2_PLACEMENT_3D('',#505,#506,#507);
#505 = CARTESIAN_POINT('',(27.94,12.7,3.));
#506 = DIRECTION('',(0.,0.,1.));
#507 = DIRECTION('',(1.,0.,-0.));
#508 = ORIENTED_EDGE('',*,*,#509,.T.);
#509 = EDGE_CURVE('',#501,#475,#510,.T.);
#510 = LINE('',#511,#512);
#511 = CARTESIAN_POINT('',(11.43,11.325,3.));
#512 = VECTOR('',#513,1.);
#513 = DIRECTION('',(-1.,-0.,0.));
#514 = FACE_BOUND('',#515,.T.);
#515 = EDGE_LOOP('',(#516,#527,#535,#544,#553));
#516 = ORIENTED_EDGE('',*,*,#517,.F.);
#517 = EDGE_CURVE('',#518,#520,#522,.T.);
#518 = VERTEX_POINT('',#519);
#519 = CARTESIAN_POINT('',(33.02,3.915,3.));
#520 = VERTEX_POINT('',#521);
#521 = CARTESIAN_POINT('',(33.02,1.165,3.));
#522 = CIRCLE('',#523,1.375);
#523 = AXIS2_PLACEMENT_3D('',#524,#525,#526);
#524 = CARTESIAN_POINT('',(33.02,2.54,3.));
#525 = DIRECTION('',(0.,0.,1.));
#526 = DIRECTION('',(1.,0.,-0.));
#527 = ORIENTED_EDGE('',*,*,#528,.F.);
#528 = EDGE_CURVE('',#529,#518,#531,.T.);
#529 = VERTEX_POINT('',#530);
#530 = CARTESIAN_POINT('',(38.1,3.915,3.));
#531 = LINE('',#532,#533);
#532 = CARTESIAN_POINT('',(16.51,3.915,3.));
#533 = VECTOR('',#534,1.);
#534 = DIRECTION('',(-1.,-0.,0.));
#535 = ORIENTED_EDGE('',*,*,#536,.F.);
#536 = EDGE_CURVE('',#537,#529,#539,.T.);
#537 = VERTEX_POINT('',#538);
#538 = CARTESIAN_POINT('',(39.475,2.54,3.));
#539 = CIRCLE('',#540,1.375);
#540 = AXIS2_PLACEMENT_3D('',#541,#542,#543);
#541 = CARTESIAN_POINT('',(38.1,2.54,3.));
#542 = DIRECTION('',(0.,0.,1.));
#543 = DIRECTION('',(1.,0.,-0.));
#544 = ORIENTED_EDGE('',*,*,#545,.F.);
#545 = EDGE_CURVE('',#546,#537,#548,.T.);
#546 = VERTEX_POINT('',#547);
#547 = CARTESIAN_POINT('',(38.1,1.165,3.));
#548 = CIRCLE('',#549,1.375);
#549 = AXIS2_PLACEMENT_3D('',#550,#551,#552);
#550 = CARTESIAN_POINT('',(38.1,2.54,3.));
#551 = DIRECTION('',(0.,0.,1.));
#552 = DIRECTION('',(1.,0.,-0.));
#553 = ORIENTED_EDGE('',*,*,#554,.T.);
#554 = EDGE_CURVE('',#546,#520,#555,.T.);
#555 = LINE('',#556,#557);
#556 = CARTESIAN_POINT('',(16.51,1.165,3.));
#557 = VECTOR('',#558,1.);
#558 = DIRECTION('',(-1.,-0.,0.));
#559 = FACE_BOUND('',#560,.T.);
#560 = EDGE_LOOP('',(#561,#572,#580,#589));
#561 = ORIENTED_EDGE('',*,*,#562,.F.);
#562 = EDGE_CURVE('',#563,#565,#567,.T.);
#563 = VERTEX_POINT('',#564);
#564 = CARTESIAN_POINT('',(44.555,7.62,3.));
#565 = VERTEX_POINT('',#566);
#566 = CARTESIAN_POINT('',(41.805,7.62,3.));
#567 = CIRCLE('',#568,1.375);
#568 = AXIS2_PLACEMENT_3D('',#569,#570,#571);
#569 = CARTESIAN_POINT('',(43.18,7.62,3.));
#570 = DIRECTION('',(0.,0.,1.));
#571 = DIRECTION('',(1.,0.,-0.));
#572 = ORIENTED_EDGE('',*,*,#573,.F.);
#573 = EDGE_CURVE('',#574,#563,#576,.T.);
#574 = VERTEX_POINT('',#575);
#575 = CARTESIAN_POINT('',(44.555,2.54,3.));
#576 = LINE('',#577,#578);
#577 = CARTESIAN_POINT('',(44.555,1.27,3.));
#578 = VECTOR('',#579,1.);
#579 = DIRECTION('',(-0.,1.,0.));
#580 = ORIENTED_EDGE('',*,*,#581,.F.);
#581 = EDGE_CURVE('',#582,#574,#584,.T.);
#582 = VERTEX_POINT('',#583);
#583 = CARTESIAN_POINT('',(41.805,2.54,3.));
#584 = CIRCLE('',#585,1.375);
#585 = AXIS2_PLACEMENT_3D('',#586,#587,#588);
#586 = CARTESIAN_POINT('',(43.18,2.54,3.));
#587 = DIRECTION('',(0.,0.,1.));
#588 = DIRECTION('',(1.,0.,-0.));
#589 = ORIENTED_EDGE('',*,*,#590,.T.);
#590 = EDGE_CURVE('',#582,#565,#591,.T.);
#591 = LINE('',#592,#593);
#592 = CARTESIAN_POINT('',(41.805,1.27,3.));
#593 = VECTOR('',#594,1.);
#594 = DIRECTION('',(-0.,1.,0.));
#595 = FACE_BOUND('',#596,.T.);
#596 = EDGE_LOOP('',(#597));
#597 = ORIENTED_EDGE('',*,*,#598,.F.);
#598 = EDGE_CURVE('',#599,#599,#601,.T.);
#599 = VERTEX_POINT('',#600);
#600 = CARTESIAN_POINT('',(39.475,7.62,3.));
#601 = CIRCLE('',#602,1.375);
#602 = AXIS2_PLACEMENT_3D('',#603,#604,#605);
#603 = CARTESIAN_POINT('',(38.1,7.62,3.));
#604 = DIRECTION('',(0.,0.,1.));
#605 = DIRECTION('',(1.,0.,-0.));
#606 = FACE_BOUND('',#607,.T.);
#607 = EDGE_LOOP('',(#608,#619,#627,#636,#645,#653,#662,#670,#679,#688,
    #697,#706,#715,#723,#732,#741));
#608 = ORIENTED_EDGE('',*,*,#609,.F.);
#609 = EDGE_CURVE('',#610,#612,#614,.T.);
#610 = VERTEX_POINT('',#611);
#611 = CARTESIAN_POINT('',(48.26,3.915,3.));
#612 = VERTEX_POINT('',#613);
#613 = CARTESIAN_POINT('',(48.26,1.165,3.));
#614 = CIRCLE('',#615,1.375);
#615 = AXIS2_PLACEMENT_3D('',#616,#617,#618);
#616 = CARTESIAN_POINT('',(48.26,2.54,3.));
#617 = DIRECTION('',(0.,0.,1.));
#618 = DIRECTION('',(1.,0.,-0.));
#619 = ORIENTED_EDGE('',*,*,#620,.F.);
#620 = EDGE_CURVE('',#621,#610,#623,.T.);
#621 = VERTEX_POINT('',#622);
#622 = CARTESIAN_POINT('',(48.647495644604,3.915,3.));
#623 = LINE('',#624,#625);
#624 = CARTESIAN_POINT('',(24.13,3.915,3.));
#625 = VECTOR('',#626,1.);
#626 = DIRECTION('',(-1.,-0.,0.));
#627 = ORIENTED_EDGE('',*,*,#628,.F.);
#628 = EDGE_CURVE('',#629,#621,#631,.T.);
#629 = VERTEX_POINT('',#630);
#630 = CARTESIAN_POINT('',(47.551294288435,6.441712592618,3.));
#631 = CIRCLE('',#632,3.25);
#632 = AXIS2_PLACEMENT_3D('',#633,#634,#635);
#633 = CARTESIAN_POINT('',(50.8,6.35,3.));
#634 = DIRECTION('',(0.,0.,1.));
#635 = DIRECTION('',(1.,0.,-0.));
#636 = ORIENTED_EDGE('',*,*,#637,.F.);
#637 = EDGE_CURVE('',#638,#629,#640,.T.);
#638 = VERTEX_POINT('',#639);
#639 = CARTESIAN_POINT('',(46.885,7.62,3.));
#640 = CIRCLE('',#641,1.375);
#641 = AXIS2_PLACEMENT_3D('',#642,#643,#644);
#642 = CARTESIAN_POINT('',(48.26,7.62,3.));
#643 = DIRECTION('',(0.,0.,1.));
#644 = DIRECTION('',(1.,0.,-0.));
#645 = ORIENTED_EDGE('',*,*,#646,.T.);
#646 = EDGE_CURVE('',#638,#647,#649,.T.);
#647 = VERTEX_POINT('',#648);
#648 = CARTESIAN_POINT('',(46.885,12.7,3.));
#649 = LINE('',#650,#651);
#650 = CARTESIAN_POINT('',(46.885,3.81,3.));
#651 = VECTOR('',#652,1.);
#652 = DIRECTION('',(-0.,1.,0.));
#653 = ORIENTED_EDGE('',*,*,#654,.F.);
#654 = EDGE_CURVE('',#655,#647,#657,.T.);
#655 = VERTEX_POINT('',#656);
#656 = CARTESIAN_POINT('',(49.635,12.7,3.));
#657 = CIRCLE('',#658,1.375);
#658 = AXIS2_PLACEMENT_3D('',#659,#660,#661);
#659 = CARTESIAN_POINT('',(48.26,12.7,3.));
#660 = DIRECTION('',(0.,0.,1.));
#661 = DIRECTION('',(1.,0.,-0.));
#662 = ORIENTED_EDGE('',*,*,#663,.F.);
#663 = EDGE_CURVE('',#664,#655,#666,.T.);
#664 = VERTEX_POINT('',#665);
#665 = CARTESIAN_POINT('',(49.635,9.384019611011,3.));
#666 = LINE('',#667,#668);
#667 = CARTESIAN_POINT('',(49.635,3.81,3.));
#668 = VECTOR('',#669,1.);
#669 = DIRECTION('',(-0.,1.,0.));
#670 = ORIENTED_EDGE('',*,*,#671,.F.);
#671 = EDGE_CURVE('',#672,#664,#674,.T.);
#672 = VERTEX_POINT('',#673);
#673 = CARTESIAN_POINT('',(52.822593501033,8.893937013681,3.));
#674 = CIRCLE('',#675,3.25);
#675 = AXIS2_PLACEMENT_3D('',#676,#677,#678);
#676 = CARTESIAN_POINT('',(50.8,6.35,3.));
#677 = DIRECTION('',(0.,0.,1.));
#678 = DIRECTION('',(1.,0.,-0.));
#679 = ORIENTED_EDGE('',*,*,#680,.F.);
#680 = EDGE_CURVE('',#681,#672,#683,.T.);
#681 = VERTEX_POINT('',#682);
#682 = CARTESIAN_POINT('',(54.715,7.62,3.));
#683 = CIRCLE('',#684,1.375);
#684 = AXIS2_PLACEMENT_3D('',#685,#686,#687);
#685 = CARTESIAN_POINT('',(53.34,7.62,3.));
#686 = DIRECTION('',(0.,0.,1.));
#687 = DIRECTION('',(1.,0.,-0.));
#688 = ORIENTED_EDGE('',*,*,#689,.F.);
#689 = EDGE_CURVE('',#690,#681,#692,.T.);
#690 = VERTEX_POINT('',#691);
#691 = CARTESIAN_POINT('',(54.048705711565,6.441712592618,3.));
#692 = CIRCLE('',#693,1.375);
#693 = AXIS2_PLACEMENT_3D('',#694,#695,#696);
#694 = CARTESIAN_POINT('',(53.34,7.62,3.));
#695 = DIRECTION('',(0.,0.,1.));
#696 = DIRECTION('',(1.,0.,-0.));
#697 = ORIENTED_EDGE('',*,*,#698,.F.);
#698 = EDGE_CURVE('',#699,#690,#701,.T.);
#699 = VERTEX_POINT('',#700);
#700 = CARTESIAN_POINT('',(54.05,6.35,3.));
#701 = CIRCLE('',#702,3.25);
#702 = AXIS2_PLACEMENT_3D('',#703,#704,#705);
#703 = CARTESIAN_POINT('',(50.8,6.35,3.));
#704 = DIRECTION('',(0.,0.,1.));
#705 = DIRECTION('',(1.,0.,-0.));
#706 = ORIENTED_EDGE('',*,*,#707,.F.);
#707 = EDGE_CURVE('',#708,#699,#710,.T.);
#708 = VERTEX_POINT('',#709);
#709 = CARTESIAN_POINT('',(52.952504355396,3.915,3.));
#710 = CIRCLE('',#711,3.25);
#711 = AXIS2_PLACEMENT_3D('',#712,#713,#714);
#712 = CARTESIAN_POINT('',(50.8,6.35,3.));
#713 = DIRECTION('',(0.,0.,1.));
#714 = DIRECTION('',(1.,0.,-0.));
#715 = ORIENTED_EDGE('',*,*,#716,.F.);
#716 = EDGE_CURVE('',#717,#708,#719,.T.);
#717 = VERTEX_POINT('',#718);
#718 = CARTESIAN_POINT('',(53.34,3.915,3.));
#719 = LINE('',#720,#721);
#720 = CARTESIAN_POINT('',(24.13,3.915,3.));
#721 = VECTOR('',#722,1.);
#722 = DIRECTION('',(-1.,-0.,0.));
#723 = ORIENTED_EDGE('',*,*,#724,.F.);
#724 = EDGE_CURVE('',#725,#717,#727,.T.);
#725 = VERTEX_POINT('',#726);
#726 = CARTESIAN_POINT('',(54.715,2.54,3.));
#727 = CIRCLE('',#728,1.375);
#728 = AXIS2_PLACEMENT_3D('',#729,#730,#731);
#729 = CARTESIAN_POINT('',(53.34,2.54,3.));
#730 = DIRECTION('',(0.,0.,1.));
#731 = DIRECTION('',(1.,0.,-0.));
#732 = ORIENTED_EDGE('',*,*,#733,.F.);
#733 = EDGE_CURVE('',#734,#725,#736,.T.);
#734 = VERTEX_POINT('',#735);
#735 = CARTESIAN_POINT('',(53.34,1.165,3.));
#736 = CIRCLE('',#737,1.375);
#737 = AXIS2_PLACEMENT_3D('',#738,#739,#740);
#738 = CARTESIAN_POINT('',(53.34,2.54,3.));
#739 = DIRECTION('',(0.,0.,1.));
#740 = DIRECTION('',(1.,0.,-0.));
#741 = ORIENTED_EDGE('',*,*,#742,.T.);
#742 = EDGE_CURVE('',#734,#612,#743,.T.);
#743 = LINE('',#744,#745);
#744 = CARTESIAN_POINT('',(24.13,1.165,3.));
#745 = VECTOR('',#746,1.);
#746 = DIRECTION('',(-1.,-0.,0.));
#747 = FACE_BOUND('',#748,.T.);
#748 = EDGE_LOOP('',(#749,#760,#768,#777));
#749 = ORIENTED_EDGE('',*,*,#750,.F.);
#750 = EDGE_CURVE('',#751,#753,#755,.T.);
#751 = VERTEX_POINT('',#752);
#752 = CARTESIAN_POINT('',(59.795,7.62,3.));
#753 = VERTEX_POINT('',#754);
#754 = CARTESIAN_POINT('',(57.045,7.62,3.));
#755 = CIRCLE('',#756,1.375);
#756 = AXIS2_PLACEMENT_3D('',#757,#758,#759);
#757 = CARTESIAN_POINT('',(58.42,7.62,3.));
#758 = DIRECTION('',(0.,0.,1.));
#759 = DIRECTION('',(1.,0.,-0.));
#760 = ORIENTED_EDGE('',*,*,#761,.F.);
#761 = EDGE_CURVE('',#762,#751,#764,.T.);
#762 = VERTEX_POINT('',#763);
#763 = CARTESIAN_POINT('',(59.795,2.54,3.));
#764 = LINE('',#765,#766);
#765 = CARTESIAN_POINT('',(59.795,1.27,3.));
#766 = VECTOR('',#767,1.);
#767 = DIRECTION('',(-0.,1.,0.));
#768 = ORIENTED_EDGE('',*,*,#769,.F.);
#769 = EDGE_CURVE('',#770,#762,#772,.T.);
#770 = VERTEX_POINT('',#771);
#771 = CARTESIAN_POINT('',(57.045,2.54,3.));
#772 = CIRCLE('',#773,1.375);
#773 = AXIS2_PLACEMENT_3D('',#774,#775,#776);
#774 = CARTESIAN_POINT('',(58.42,2.54,3.));
#775 = DIRECTION('',(0.,0.,1.));
#776 = DIRECTION('',(1.,0.,-0.));
#777 = ORIENTED_EDGE('',*,*,#778,.T.);
#778 = EDGE_CURVE('',#770,#753,#779,.T.);
#779 = LINE('',#780,#781);
#780 = CARTESIAN_POINT('',(57.045,1.27,3.));
#781 = VECTOR('',#782,1.);
#782 = DIRECTION('',(-0.,1.,0.));
#783 = FACE_BOUND('',#784,.T.);
#784 = EDGE_LOOP('',(#785,#796,#804,#813));
#785 = ORIENTED_EDGE('',*,*,#786,.F.);
#786 = EDGE_CURVE('',#787,#789,#791,.T.);
#787 = VERTEX_POINT('',#788);
#788 = CARTESIAN_POINT('',(34.395,12.7,3.));
#789 = VERTEX_POINT('',#790);
#790 = CARTESIAN_POINT('',(31.645,12.7,3.));
#791 = CIRCLE('',#792,1.375);
#792 = AXIS2_PLACEMENT_3D('',#793,#794,#795);
#793 = CARTESIAN_POINT('',(33.02,12.7,3.));
#794 = DIRECTION('',(0.,0.,1.));
#795 = DIRECTION('',(1.,0.,-0.));
#796 = ORIENTED_EDGE('',*,*,#797,.F.);
#797 = EDGE_CURVE('',#798,#787,#800,.T.);
#798 = VERTEX_POINT('',#799);
#799 = CARTESIAN_POINT('',(34.395,7.62,3.));
#800 = LINE('',#801,#802);
#801 = CARTESIAN_POINT('',(34.395,3.81,3.));
#802 = VECTOR('',#803,1.);
#803 = DIRECTION('',(-0.,1.,0.));
#804 = ORIENTED_EDGE('',*,*,#805,.F.);
#805 = EDGE_CURVE('',#806,#798,#808,.T.);
#806 = VERTEX_POINT('',#807);
#807 = CARTESIAN_POINT('',(31.645,7.62,3.));
#808 = CIRCLE('',#809,1.375);
#809 = AXIS2_PLACEMENT_3D('',#810,#811,#812);
#810 = CARTESIAN_POINT('',(33.02,7.62,3.));
#811 = DIRECTION('',(0.,0.,1.));
#812 = DIRECTION('',(1.,0.,-0.));
#813 = ORIENTED_EDGE('',*,*,#814,.T.);
#814 = EDGE_CURVE('',#806,#789,#815,.T.);
#815 = LINE('',#816,#817);
#816 = CARTESIAN_POINT('',(31.645,3.81,3.));
#817 = VECTOR('',#818,1.);
#818 = DIRECTION('',(-0.,1.,0.));
#819 = FACE_BOUND('',#820,.T.);
#820 = EDGE_LOOP('',(#821,#832,#840,#849,#858));
#821 = ORIENTED_EDGE('',*,*,#822,.F.);
#822 = EDGE_CURVE('',#823,#825,#827,.T.);
#823 = VERTEX_POINT('',#824);
#824 = CARTESIAN_POINT('',(38.1,14.075,3.));
#825 = VERTEX_POINT('',#826);
#826 = CARTESIAN_POINT('',(38.1,11.325,3.));
#827 = CIRCLE('',#828,1.375);
#828 = AXIS2_PLACEMENT_3D('',#829,#830,#831);
#829 = CARTESIAN_POINT('',(38.1,12.7,3.));
#830 = DIRECTION('',(0.,0.,1.));
#831 = DIRECTION('',(1.,0.,-0.));
#832 = ORIENTED_EDGE('',*,*,#833,.F.);
#833 = EDGE_CURVE('',#834,#823,#836,.T.);
#834 = VERTEX_POINT('',#835);
#835 = CARTESIAN_POINT('',(43.18,14.075,3.));
#836 = LINE('',#837,#838);
#837 = CARTESIAN_POINT('',(19.05,14.075,3.));
#838 = VECTOR('',#839,1.);
#839 = DIRECTION('',(-1.,-0.,0.));
#840 = ORIENTED_EDGE('',*,*,#841,.F.);
#841 = EDGE_CURVE('',#842,#834,#844,.T.);
#842 = VERTEX_POINT('',#843);
#843 = CARTESIAN_POINT('',(44.555,12.7,3.));
#844 = CIRCLE('',#845,1.375);
#845 = AXIS2_PLACEMENT_3D('',#846,#847,#848);
#846 = CARTESIAN_POINT('',(43.18,12.7,3.));
#847 = DIRECTION('',(0.,0.,1.));
#848 = DIRECTION('',(1.,0.,-0.));
#849 = ORIENTED_EDGE('',*,*,#850,.F.);
#850 = EDGE_CURVE('',#851,#842,#853,.T.);
#851 = VERTEX_POINT('',#852);
#852 = CARTESIAN_POINT('',(43.18,11.325,3.));
#853 = CIRCLE('',#854,1.375);
#854 = AXIS2_PLACEMENT_3D('',#855,#856,#857);
#855 = CARTESIAN_POINT('',(43.18,12.7,3.));
#856 = DIRECTION('',(0.,0.,1.));
#857 = DIRECTION('',(1.,0.,-0.));
#858 = ORIENTED_EDGE('',*,*,#859,.T.);
#859 = EDGE_CURVE('',#851,#825,#860,.T.);
#860 = LINE('',#861,#862);
#861 = CARTESIAN_POINT('',(19.05,11.325,3.));
#862 = VECTOR('',#863,1.);
#863 = DIRECTION('',(-1.,-0.,0.));
#864 = FACE_BOUND('',#865,.T.);
#865 = EDGE_LOOP('',(#866,#877,#885,#894,#903));
#866 = ORIENTED_EDGE('',*,*,#867,.F.);
#867 = EDGE_CURVE('',#868,#870,#872,.T.);
#868 = VERTEX_POINT('',#869);
#869 = CARTESIAN_POINT('',(53.34,14.075,3.));
#870 = VERTEX_POINT('',#871);
#871 = CARTESIAN_POINT('',(53.34,11.325,3.));
#872 = CIRCLE('',#873,1.375);
#873 = AXIS2_PLACEMENT_3D('',#874,#875,#876);
#874 = CARTESIAN_POINT('',(53.34,12.7,3.));
#875 = DIRECTION('',(0.,0.,1.));
#876 = DIRECTION('',(1.,0.,-0.));
#877 = ORIENTED_EDGE('',*,*,#878,.F.);
#878 = EDGE_CURVE('',#879,#868,#881,.T.);
#879 = VERTEX_POINT('',#880);
#880 = CARTESIAN_POINT('',(58.42,14.075,3.));
#881 = LINE('',#882,#883);
#882 = CARTESIAN_POINT('',(26.67,14.075,3.));
#883 = VECTOR('',#884,1.);
#884 = DIRECTION('',(-1.,-0.,0.));
#885 = ORIENTED_EDGE('',*,*,#886,.F.);
#886 = EDGE_CURVE('',#887,#879,#889,.T.);
#887 = VERTEX_POINT('',#888);
#888 = CARTESIAN_POINT('',(59.795,12.7,3.));
#889 = CIRCLE('',#890,1.375);
#890 = AXIS2_PLACEMENT_3D('',#891,#892,#893);
#891 = CARTESIAN_POINT('',(58.42,12.7,3.));
#892 = DIRECTION('',(0.,0.,1.));
#893 = DIRECTION('',(1.,0.,-0.));
#894 = ORIENTED_EDGE('',*,*,#895,.F.);
#895 = EDGE_CURVE('',#896,#887,#898,.T.);
#896 = VERTEX_POINT('',#897);
#897 = CARTESIAN_POINT('',(58.42,11.325,3.));
#898 = CIRCLE('',#899,1.375);
#899 = AXIS2_PLACEMENT_3D('',#900,#901,#902);
#900 = CARTESIAN_POINT('',(58.42,12.7,3.));
#901 = DIRECTION('',(0.,0.,1.));
#902 = DIRECTION('',(1.,0.,-0.));
#903 = ORIENTED_EDGE('',*,*,#904,.T.);
#904 = EDGE_CURVE('',#896,#870,#905,.T.);
#905 = LINE('',#906,#907);
#906 = CARTESIAN_POINT('',(26.67,11.325,3.));
#907 = VECTOR('',#908,1.);
#908 = DIRECTION('',(-1.,-0.,0.));
#909 = FACE_BOUND('',#910,.T.);
#910 = EDGE_LOOP('',(#911,#922,#930,#939,#948));
#911 = ORIENTED_EDGE('',*,*,#912,.F.);
#912 = EDGE_CURVE('',#913,#915,#917,.T.);
#913 = VERTEX_POINT('',#914);
#914 = CARTESIAN_POINT('',(2.54,19.155,3.));
#915 = VERTEX_POINT('',#916);
#916 = CARTESIAN_POINT('',(2.54,16.405,3.));
#917 = CIRCLE('',#918,1.375);
#918 = AXIS2_PLACEMENT_3D('',#919,#920,#921);
#919 = CARTESIAN_POINT('',(2.54,17.78,3.));
#920 = DIRECTION('',(0.,0.,1.));
#921 = DIRECTION('',(1.,0.,-0.));
#922 = ORIENTED_EDGE('',*,*,#923,.F.);
#923 = EDGE_CURVE('',#924,#913,#926,.T.);
#924 = VERTEX_POINT('',#925);
#925 = CARTESIAN_POINT('',(7.62,19.155,3.));
#926 = LINE('',#927,#928);
#927 = CARTESIAN_POINT('',(1.27,19.155,3.));
#928 = VECTOR('',#929,1.);
#929 = DIRECTION('',(-1.,-0.,0.));
#930 = ORIENTED_EDGE('',*,*,#931,.F.);
#931 = EDGE_CURVE('',#932,#924,#934,.T.);
#932 = VERTEX_POINT('',#933);
#933 = CARTESIAN_POINT('',(8.995,17.78,3.));
#934 = CIRCLE('',#935,1.375);
#935 = AXIS2_PLACEMENT_3D('',#936,#937,#938);
#936 = CARTESIAN_POINT('',(7.62,17.78,3.));
#937 = DIRECTION('',(0.,0.,1.));
#938 = DIRECTION('',(1.,0.,-0.));
#939 = ORIENTED_EDGE('',*,*,#940,.F.);
#940 = EDGE_CURVE('',#941,#932,#943,.T.);
#941 = VERTEX_POINT('',#942);
#942 = CARTESIAN_POINT('',(7.62,16.405,3.));
#943 = CIRCLE('',#944,1.375);
#944 = AXIS2_PLACEMENT_3D('',#945,#946,#947);
#945 = CARTESIAN_POINT('',(7.62,17.78,3.));
#946 = DIRECTION('',(0.,0.,1.));
#947 = DIRECTION('',(1.,0.,-0.));
#948 = ORIENTED_EDGE('',*,*,#949,.T.);
#949 = EDGE_CURVE('',#941,#915,#950,.T.);
#950 = LINE('',#951,#952);
#951 = CARTESIAN_POINT('',(1.27,16.405,3.));
#952 = VECTOR('',#953,1.);
#953 = DIRECTION('',(-1.,-0.,0.));
#954 = FACE_BOUND('',#955,.T.);
#955 = EDGE_LOOP('',(#956,#967,#975,#984));
#956 = ORIENTED_EDGE('',*,*,#957,.F.);
#957 = EDGE_CURVE('',#958,#960,#962,.T.);
#958 = VERTEX_POINT('',#959);
#959 = CARTESIAN_POINT('',(14.075,22.86,3.));
#960 = VERTEX_POINT('',#961);
#961 = CARTESIAN_POINT('',(11.325,22.86,3.));
#962 = CIRCLE('',#963,1.375);
#963 = AXIS2_PLACEMENT_3D('',#964,#965,#966);
#964 = CARTESIAN_POINT('',(12.7,22.86,3.));
#965 = DIRECTION('',(0.,0.,1.));
#966 = DIRECTION('',(1.,0.,-0.));
#967 = ORIENTED_EDGE('',*,*,#968,.F.);
#968 = EDGE_CURVE('',#969,#958,#971,.T.);
#969 = VERTEX_POINT('',#970);
#970 = CARTESIAN_POINT('',(14.075,17.78,3.));
#971 = LINE('',#972,#973);
#972 = CARTESIAN_POINT('',(14.075,8.89,3.));
#973 = VECTOR('',#974,1.);
#974 = DIRECTION('',(-0.,1.,0.));
#975 = ORIENTED_EDGE('',*,*,#976,.F.);
#976 = EDGE_CURVE('',#977,#969,#979,.T.);
#977 = VERTEX_POINT('',#978);
#978 = CARTESIAN_POINT('',(11.325,17.78,3.));
#979 = CIRCLE('',#980,1.375);
#980 = AXIS2_PLACEMENT_3D('',#981,#982,#983);
#981 = CARTESIAN_POINT('',(12.7,17.78,3.));
#982 = DIRECTION('',(0.,0.,1.));
#983 = DIRECTION('',(1.,0.,-0.));
#984 = ORIENTED_EDGE('',*,*,#985,.T.);
#985 = EDGE_CURVE('',#977,#960,#986,.T.);
#986 = LINE('',#987,#988);
#987 = CARTESIAN_POINT('',(11.325,8.89,3.));
#988 = VECTOR('',#989,1.);
#989 = DIRECTION('',(-0.,1.,0.));
#990 = FACE_BOUND('',#991,.T.);
#991 = EDGE_LOOP('',(#992,#1003,#1011,#1020,#1029));
#992 = ORIENTED_EDGE('',*,*,#993,.F.);
#993 = EDGE_CURVE('',#994,#996,#998,.T.);
#994 = VERTEX_POINT('',#995);
#995 = CARTESIAN_POINT('',(17.78,19.155,3.));
#996 = VERTEX_POINT('',#997);
#997 = CARTESIAN_POINT('',(17.78,16.405,3.));
#998 = CIRCLE('',#999,1.375);
#999 = AXIS2_PLACEMENT_3D('',#1000,#1001,#1002);
#1000 = CARTESIAN_POINT('',(17.78,17.78,3.));
#1001 = DIRECTION('',(0.,0.,1.));
#1002 = DIRECTION('',(1.,0.,-0.));
#1003 = ORIENTED_EDGE('',*,*,#1004,.F.);
#1004 = EDGE_CURVE('',#1005,#994,#1007,.T.);
#1005 = VERTEX_POINT('',#1006);
#1006 = CARTESIAN_POINT('',(22.86,19.155,3.));
#1007 = LINE('',#1008,#1009);
#1008 = CARTESIAN_POINT('',(8.89,19.155,3.));
#1009 = VECTOR('',#1010,1.);
#1010 = DIRECTION('',(-1.,-0.,0.));
#1011 = ORIENTED_EDGE('',*,*,#1012,.F.);
#1012 = EDGE_CURVE('',#1013,#1005,#1015,.T.);
#1013 = VERTEX_POINT('',#1014);
#1014 = CARTESIAN_POINT('',(24.235,17.78,3.));
#1015 = CIRCLE('',#1016,1.375);
#1016 = AXIS2_PLACEMENT_3D('',#1017,#1018,#1019);
#1017 = CARTESIAN_POINT('',(22.86,17.78,3.));
#1018 = DIRECTION('',(0.,0.,1.));
#1019 = DIRECTION('',(1.,0.,-0.));
#1020 = ORIENTED_EDGE('',*,*,#1021,.F.);
#1021 = EDGE_CURVE('',#1022,#1013,#1024,.T.);
#1022 = VERTEX_POINT('',#1023);
#1023 = CARTESIAN_POINT('',(22.86,16.405,3.));
#1024 = CIRCLE('',#1025,1.375);
#1025 = AXIS2_PLACEMENT_3D('',#1026,#1027,#1028);
#1026 = CARTESIAN_POINT('',(22.86,17.78,3.));
#1027 = DIRECTION('',(0.,0.,1.));
#1028 = DIRECTION('',(1.,0.,-0.));
#1029 = ORIENTED_EDGE('',*,*,#1030,.T.);
#1030 = EDGE_CURVE('',#1022,#996,#1031,.T.);
#1031 = LINE('',#1032,#1033);
#1032 = CARTESIAN_POINT('',(8.89,16.405,3.));
#1033 = VECTOR('',#1034,1.);
#1034 = DIRECTION('',(-1.,-0.,0.));
#1035 = FACE_BOUND('',#1036,.T.);
#1036 = EDGE_LOOP('',(#1037,#1048,#1056,#1065));
#1037 = ORIENTED_EDGE('',*,*,#1038,.F.);
#1038 = EDGE_CURVE('',#1039,#1041,#1043,.T.);
#1039 = VERTEX_POINT('',#1040);
#1040 = CARTESIAN_POINT('',(29.315,22.86,3.));
#1041 = VERTEX_POINT('',#1042);
#1042 = CARTESIAN_POINT('',(26.565,22.86,3.));
#1043 = CIRCLE('',#1044,1.375);
#1044 = AXIS2_PLACEMENT_3D('',#1045,#1046,#1047);
#1045 = CARTESIAN_POINT('',(27.94,22.86,3.));
#1046 = DIRECTION('',(0.,0.,1.));
#1047 = DIRECTION('',(1.,0.,-0.));
#1048 = ORIENTED_EDGE('',*,*,#1049,.F.);
#1049 = EDGE_CURVE('',#1050,#1039,#1052,.T.);
#1050 = VERTEX_POINT('',#1051);
#1051 = CARTESIAN_POINT('',(29.315,17.78,3.));
#1052 = LINE('',#1053,#1054);
#1053 = CARTESIAN_POINT('',(29.315,8.89,3.));
#1054 = VECTOR('',#1055,1.);
#1055 = DIRECTION('',(-0.,1.,0.));
#1056 = ORIENTED_EDGE('',*,*,#1057,.F.);
#1057 = EDGE_CURVE('',#1058,#1050,#1060,.T.);
#1058 = VERTEX_POINT('',#1059);
#1059 = CARTESIAN_POINT('',(26.565,17.78,3.));
#1060 = CIRCLE('',#1061,1.375);
#1061 = AXIS2_PLACEMENT_3D('',#1062,#1063,#1064);
#1062 = CARTESIAN_POINT('',(27.94,17.78,3.));
#1063 = DIRECTION('',(0.,0.,1.));
#1064 = DIRECTION('',(1.,0.,-0.));
#1065 = ORIENTED_EDGE('',*,*,#1066,.T.);
#1066 = EDGE_CURVE('',#1058,#1041,#1067,.T.);
#1067 = LINE('',#1068,#1069);
#1068 = CARTESIAN_POINT('',(26.565,8.89,3.));
#1069 = VECTOR('',#1070,1.);
#1070 = DIRECTION('',(-0.,1.,0.));
#1071 = FACE_BOUND('',#1072,.T.);
#1072 = EDGE_LOOP('',(#1073,#1084,#1093,#1102,#1111,#1119,#1128,#1136,
    #1145,#1154,#1162,#1171,#1180,#1188,#1197,#1206));
#1073 = ORIENTED_EDGE('',*,*,#1074,.F.);
#1074 = EDGE_CURVE('',#1075,#1077,#1079,.T.);
#1075 = VERTEX_POINT('',#1076);
#1076 = CARTESIAN_POINT('',(8.995,22.86,3.));
#1077 = VERTEX_POINT('',#1078);
#1078 = CARTESIAN_POINT('',(8.328705711565,24.038287407382,3.));
#1079 = CIRCLE('',#1080,1.375);
#1080 = AXIS2_PLACEMENT_3D('',#1081,#1082,#1083);
#1081 = CARTESIAN_POINT('',(7.62,22.86,3.));
#1082 = DIRECTION('',(0.,0.,1.));
#1083 = DIRECTION('',(1.,0.,-0.));
#1084 = ORIENTED_EDGE('',*,*,#1085,.F.);
#1085 = EDGE_CURVE('',#1086,#1075,#1088,.T.);
#1086 = VERTEX_POINT('',#1087);
#1087 = CARTESIAN_POINT('',(7.102593501033,21.586062986319,3.));
#1088 = CIRCLE('',#1089,1.375);
#1089 = AXIS2_PLACEMENT_3D('',#1090,#1091,#1092);
#1090 = CARTESIAN_POINT('',(7.62,22.86,3.));
#1091 = DIRECTION('',(0.,0.,1.));
#1092 = DIRECTION('',(1.,0.,-0.));
#1093 = ORIENTED_EDGE('',*,*,#1094,.F.);
#1094 = EDGE_CURVE('',#1095,#1086,#1097,.T.);
#1095 = VERTEX_POINT('',#1096);
#1096 = CARTESIAN_POINT('',(3.057406498967,21.586062986319,3.));
#1097 = CIRCLE('',#1098,3.25);
#1098 = AXIS2_PLACEMENT_3D('',#1099,#1100,#1101);
#1099 = CARTESIAN_POINT('',(5.08,24.13,3.));
#1100 = DIRECTION('',(0.,0.,1.));
#1101 = DIRECTION('',(1.,0.,-0.));
#1102 = ORIENTED_EDGE('',*,*,#1103,.F.);
#1103 = EDGE_CURVE('',#1104,#1095,#1106,.T.);
#1104 = VERTEX_POINT('',#1105);
#1105 = CARTESIAN_POINT('',(1.165,22.86,3.));
#1106 = CIRCLE('',#1107,1.375);
#1107 = AXIS2_PLACEMENT_3D('',#1108,#1109,#1110);
#1108 = CARTESIAN_POINT('',(2.54,22.86,3.));
#1109 = DIRECTION('',(0.,0.,1.));
#1110 = DIRECTION('',(1.,0.,-0.));
#1111 = ORIENTED_EDGE('',*,*,#1112,.T.);
#1112 = EDGE_CURVE('',#1104,#1113,#1115,.T.);
#1113 = VERTEX_POINT('',#1114);
#1114 = CARTESIAN_POINT('',(1.165,27.94,3.));
#1115 = LINE('',#1116,#1117);
#1116 = CARTESIAN_POINT('',(1.165,11.43,3.));
#1117 = VECTOR('',#1118,1.);
#1118 = DIRECTION('',(-0.,1.,0.));
#1119 = ORIENTED_EDGE('',*,*,#1120,.F.);
#1120 = EDGE_CURVE('',#1121,#1113,#1123,.T.);
#1121 = VERTEX_POINT('',#1122);
#1122 = CARTESIAN_POINT('',(3.915,27.94,3.));
#1123 = CIRCLE('',#1124,1.375);
#1124 = AXIS2_PLACEMENT_3D('',#1125,#1126,#1127);
#1125 = CARTESIAN_POINT('',(2.54,27.94,3.));
#1126 = DIRECTION('',(0.,0.,1.));
#1127 = DIRECTION('',(1.,0.,-0.));
#1128 = ORIENTED_EDGE('',*,*,#1129,.F.);
#1129 = EDGE_CURVE('',#1130,#1121,#1132,.T.);
#1130 = VERTEX_POINT('',#1131);
#1131 = CARTESIAN_POINT('',(3.915,27.164019611011,3.));
#1132 = LINE('',#1133,#1134);
#1133 = CARTESIAN_POINT('',(3.915,11.43,3.));
#1134 = VECTOR('',#1135,1.);
#1135 = DIRECTION('',(-0.,1.,0.));
#1136 = ORIENTED_EDGE('',*,*,#1137,.F.);
#1137 = EDGE_CURVE('',#1138,#1130,#1140,.T.);
#1138 = VERTEX_POINT('',#1139);
#1139 = CARTESIAN_POINT('',(6.628419020543,26.987428658221,3.));
#1140 = CIRCLE('',#1141,3.25);
#1141 = AXIS2_PLACEMENT_3D('',#1142,#1143,#1144);
#1142 = CARTESIAN_POINT('',(5.08,24.13,3.));
#1143 = DIRECTION('',(0.,0.,1.));
#1144 = DIRECTION('',(1.,0.,-0.));
#1145 = ORIENTED_EDGE('',*,*,#1146,.F.);
#1146 = EDGE_CURVE('',#1147,#1138,#1149,.T.);
#1147 = VERTEX_POINT('',#1148);
#1148 = CARTESIAN_POINT('',(7.62,29.315,3.));
#1149 = CIRCLE('',#1150,1.375);
#1150 = AXIS2_PLACEMENT_3D('',#1151,#1152,#1153);
#1151 = CARTESIAN_POINT('',(7.62,27.94,3.));
#1152 = DIRECTION('',(0.,0.,1.));
#1153 = DIRECTION('',(1.,0.,-0.));
#1154 = ORIENTED_EDGE('',*,*,#1155,.F.);
#1155 = EDGE_CURVE('',#1156,#1147,#1158,.T.);
#1156 = VERTEX_POINT('',#1157);
#1157 = CARTESIAN_POINT('',(12.7,29.315,3.));
#1158 = LINE('',#1159,#1160);
#1159 = CARTESIAN_POINT('',(3.81,29.315,3.));
#1160 = VECTOR('',#1161,1.);
#1161 = DIRECTION('',(-1.,-0.,0.));
#1162 = ORIENTED_EDGE('',*,*,#1163,.F.);
#1163 = EDGE_CURVE('',#1164,#1156,#1166,.T.);
#1164 = VERTEX_POINT('',#1165);
#1165 = CARTESIAN_POINT('',(14.075,27.94,3.));
#1166 = CIRCLE('',#1167,1.375);
#1167 = AXIS2_PLACEMENT_3D('',#1168,#1169,#1170);
#1168 = CARTESIAN_POINT('',(12.7,27.94,3.));
#1169 = DIRECTION('',(0.,0.,1.));
#1170 = DIRECTION('',(1.,0.,-0.));
#1171 = ORIENTED_EDGE('',*,*,#1172,.F.);
#1172 = EDGE_CURVE('',#1173,#1164,#1175,.T.);
#1173 = VERTEX_POINT('',#1174);
#1174 = CARTESIAN_POINT('',(12.7,26.565,3.));
#1175 = CIRCLE('',#1176,1.375);
#1176 = AXIS2_PLACEMENT_3D('',#1177,#1178,#1179);
#1177 = CARTESIAN_POINT('',(12.7,27.94,3.));
#1178 = DIRECTION('',(0.,0.,1.));
#1179 = DIRECTION('',(1.,0.,-0.));
#1180 = ORIENTED_EDGE('',*,*,#1181,.T.);
#1181 = EDGE_CURVE('',#1173,#1182,#1184,.T.);
#1182 = VERTEX_POINT('',#1183);
#1183 = CARTESIAN_POINT('',(7.62,26.565,3.));
#1184 = LINE('',#1185,#1186);
#1185 = CARTESIAN_POINT('',(3.81,26.565,3.));
#1186 = VECTOR('',#1187,1.);
#1187 = DIRECTION('',(-1.,-0.,0.));
#1188 = ORIENTED_EDGE('',*,*,#1189,.F.);
#1189 = EDGE_CURVE('',#1190,#1182,#1192,.T.);
#1190 = VERTEX_POINT('',#1191);
#1191 = CARTESIAN_POINT('',(7.12208067661,26.658320887509,3.));
#1192 = CIRCLE('',#1193,1.375);
#1193 = AXIS2_PLACEMENT_3D('',#1194,#1195,#1196);
#1194 = CARTESIAN_POINT('',(7.62,27.94,3.));
#1195 = DIRECTION('',(0.,0.,1.));
#1196 = DIRECTION('',(1.,0.,-0.));
#1197 = ORIENTED_EDGE('',*,*,#1198,.F.);
#1198 = EDGE_CURVE('',#1199,#1190,#1201,.T.);
#1199 = VERTEX_POINT('',#1200);
#1200 = CARTESIAN_POINT('',(8.33,24.13,3.));
#1201 = CIRCLE('',#1202,3.25);
#1202 = AXIS2_PLACEMENT_3D('',#1203,#1204,#1205);
#1203 = CARTESIAN_POINT('',(5.08,24.13,3.));
#1204 = DIRECTION('',(0.,0.,1.));
#1205 = DIRECTION('',(1.,0.,-0.));
#1206 = ORIENTED_EDGE('',*,*,#1207,.F.);
#1207 = EDGE_CURVE('',#1077,#1199,#1208,.T.);
#1208 = CIRCLE('',#1209,3.25);
#1209 = AXIS2_PLACEMENT_3D('',#1210,#1211,#1212);
#1210 = CARTESIAN_POINT('',(5.08,24.13,3.));
#1211 = DIRECTION('',(0.,0.,1.));
#1212 = DIRECTION('',(1.,0.,-0.));
#1213 = FACE_BOUND('',#1214,.T.);
#1214 = EDGE_LOOP('',(#1215));
#1215 = ORIENTED_EDGE('',*,*,#1216,.F.);
#1216 = EDGE_CURVE('',#1217,#1217,#1219,.T.);
#1217 = VERTEX_POINT('',#1218);
#1218 = CARTESIAN_POINT('',(24.235,22.86,3.));
#1219 = CIRCLE('',#1220,1.375);
#1220 = AXIS2_PLACEMENT_3D('',#1221,#1222,#1223);
#1221 = CARTESIAN_POINT('',(22.86,22.86,3.));
#1222 = DIRECTION('',(0.,0.,1.));
#1223 = DIRECTION('',(1.,0.,-0.));
#1224 = FACE_BOUND('',#1225,.T.);
#1225 = EDGE_LOOP('',(#1226,#1237,#1245,#1254));
#1226 = ORIENTED_EDGE('',*,*,#1227,.F.);
#1227 = EDGE_CURVE('',#1228,#1230,#1232,.T.);
#1228 = VERTEX_POINT('',#1229);
#1229 = CARTESIAN_POINT('',(19.155,27.94,3.));
#1230 = VERTEX_POINT('',#1231);
#1231 = CARTESIAN_POINT('',(16.405,27.94,3.));
#1232 = CIRCLE('',#1233,1.375);
#1233 = AXIS2_PLACEMENT_3D('',#1234,#1235,#1236);
#1234 = CARTESIAN_POINT('',(17.78,27.94,3.));
#1235 = DIRECTION('',(0.,0.,1.));
#1236 = DIRECTION('',(1.,0.,-0.));
#1237 = ORIENTED_EDGE('',*,*,#1238,.F.);
#1238 = EDGE_CURVE('',#1239,#1228,#1241,.T.);
#1239 = VERTEX_POINT('',#1240);
#1240 = CARTESIAN_POINT('',(19.155,22.86,3.));
#1241 = LINE('',#1242,#1243);
#1242 = CARTESIAN_POINT('',(19.155,11.43,3.));
#1243 = VECTOR('',#1244,1.);
#1244 = DIRECTION('',(-0.,1.,0.));
#1245 = ORIENTED_EDGE('',*,*,#1246,.F.);
#1246 = EDGE_CURVE('',#1247,#1239,#1249,.T.);
#1247 = VERTEX_POINT('',#1248);
#1248 = CARTESIAN_POINT('',(16.405,22.86,3.));
#1249 = CIRCLE('',#1250,1.375);
#1250 = AXIS2_PLACEMENT_3D('',#1251,#1252,#1253);
#1251 = CARTESIAN_POINT('',(17.78,22.86,3.));
#1252 = DIRECTION('',(0.,0.,1.));
#1253 = DIRECTION('',(1.,0.,-0.));
#1254 = ORIENTED_EDGE('',*,*,#1255,.T.);
#1255 = EDGE_CURVE('',#1247,#1230,#1256,.T.);
#1256 = LINE('',#1257,#1258);
#1257 = CARTESIAN_POINT('',(16.405,11.43,3.));
#1258 = VECTOR('',#1259,1.);
#1259 = DIRECTION('',(-0.,1.,0.));
#1260 = FACE_BOUND('',#1261,.T.);
#1261 = EDGE_LOOP('',(#1262,#1273,#1281,#1290,#1299));
#1262 = ORIENTED_EDGE('',*,*,#1263,.F.);
#1263 = EDGE_CURVE('',#1264,#1266,#1268,.T.);
#1264 = VERTEX_POINT('',#1265);
#1265 = CARTESIAN_POINT('',(22.86,29.315,3.));
#1266 = VERTEX_POINT('',#1267);
#1267 = CARTESIAN_POINT('',(22.86,26.565,3.));
#1268 = CIRCLE('',#1269,1.375);
#1269 = AXIS2_PLACEMENT_3D('',#1270,#1271,#1272);
#1270 = CARTESIAN_POINT('',(22.86,27.94,3.));
#1271 = DIRECTION('',(0.,0.,1.));
#1272 = DIRECTION('',(1.,0.,-0.));
#1273 = ORIENTED_EDGE('',*,*,#1274,.F.);
#1274 = EDGE_CURVE('',#1275,#1264,#1277,.T.);
#1275 = VERTEX_POINT('',#1276);
#1276 = CARTESIAN_POINT('',(27.94,29.315,3.));
#1277 = LINE('',#1278,#1279);
#1278 = CARTESIAN_POINT('',(11.43,29.315,3.));
#1279 = VECTOR('',#1280,1.);
#1280 = DIRECTION('',(-1.,-0.,0.));
#1281 = ORIENTED_EDGE('',*,*,#1282,.F.);
#1282 = EDGE_CURVE('',#1283,#1275,#1285,.T.);
#1283 = VERTEX_POINT('',#1284);
#1284 = CARTESIAN_POINT('',(29.315,27.94,3.));
#1285 = CIRCLE('',#1286,1.375);
#1286 = AXIS2_PLACEMENT_3D('',#1287,#1288,#1289);
#1287 = CARTESIAN_POINT('',(27.94,27.94,3.));
#1288 = DIRECTION('',(0.,0.,1.));
#1289 = DIRECTION('',(1.,0.,-0.));
#1290 = ORIENTED_EDGE('',*,*,#1291,.F.);
#1291 = EDGE_CURVE('',#1292,#1283,#1294,.T.);
#1292 = VERTEX_POINT('',#1293);
#1293 = CARTESIAN_POINT('',(27.94,26.565,3.));
#1294 = CIRCLE('',#1295,1.375);
#1295 = AXIS2_PLACEMENT_3D('',#1296,#1297,#1298);
#1296 = CARTESIAN_POINT('',(27.94,27.94,3.));
#1297 = DIRECTION('',(0.,0.,1.));
#1298 = DIRECTION('',(1.,0.,-0.));
#1299 = ORIENTED_EDGE('',*,*,#1300,.T.);
#1300 = EDGE_CURVE('',#1292,#1266,#1301,.T.);
#1301 = LINE('',#1302,#1303);
#1302 = CARTESIAN_POINT('',(11.43,26.565,3.));
#1303 = VECTOR('',#1304,1.);
#1304 = DIRECTION('',(-1.,-0.,0.));
#1305 = FACE_BOUND('',#1306,.T.);
#1306 = EDGE_LOOP('',(#1307,#1318,#1326,#1335,#1344));
#1307 = ORIENTED_EDGE('',*,*,#1308,.F.);
#1308 = EDGE_CURVE('',#1309,#1311,#1313,.T.);
#1309 = VERTEX_POINT('',#1310);
#1310 = CARTESIAN_POINT('',(33.02,19.155,3.));
#1311 = VERTEX_POINT('',#1312);
#1312 = CARTESIAN_POINT('',(33.02,16.405,3.));
#1313 = CIRCLE('',#1314,1.375);
#1314 = AXIS2_PLACEMENT_3D('',#1315,#1316,#1317);
#1315 = CARTESIAN_POINT('',(33.02,17.78,3.));
#1316 = DIRECTION('',(0.,0.,1.));
#1317 = DIRECTION('',(1.,0.,-0.));
#1318 = ORIENTED_EDGE('',*,*,#1319,.F.);
#1319 = EDGE_CURVE('',#1320,#1309,#1322,.T.);
#1320 = VERTEX_POINT('',#1321);
#1321 = CARTESIAN_POINT('',(38.1,19.155,3.));
#1322 = LINE('',#1323,#1324);
#1323 = CARTESIAN_POINT('',(16.51,19.155,3.));
#1324 = VECTOR('',#1325,1.);
#1325 = DIRECTION('',(-1.,-0.,0.));
#1326 = ORIENTED_EDGE('',*,*,#1327,.F.);
#1327 = EDGE_CURVE('',#1328,#1320,#1330,.T.);
#1328 = VERTEX_POINT('',#1329);
#1329 = CARTESIAN_POINT('',(39.475,17.78,3.));
#1330 = CIRCLE('',#1331,1.375);
#1331 = AXIS2_PLACEMENT_3D('',#1332,#1333,#1334);
#1332 = CARTESIAN_POINT('',(38.1,17.78,3.));
#1333 = DIRECTION('',(0.,0.,1.));
#1334 = DIRECTION('',(1.,0.,-0.));
#1335 = ORIENTED_EDGE('',*,*,#1336,.F.);
#1336 = EDGE_CURVE('',#1337,#1328,#1339,.T.);
#1337 = VERTEX_POINT('',#1338);
#1338 = CARTESIAN_POINT('',(38.1,16.405,3.));
#1339 = CIRCLE('',#1340,1.375);
#1340 = AXIS2_PLACEMENT_3D('',#1341,#1342,#1343);
#1341 = CARTESIAN_POINT('',(38.1,17.78,3.));
#1342 = DIRECTION('',(0.,0.,1.));
#1343 = DIRECTION('',(1.,0.,-0.));
#1344 = ORIENTED_EDGE('',*,*,#1345,.T.);
#1345 = EDGE_CURVE('',#1337,#1311,#1346,.T.);
#1346 = LINE('',#1347,#1348);
#1347 = CARTESIAN_POINT('',(16.51,16.405,3.));
#1348 = VECTOR('',#1349,1.);
#1349 = DIRECTION('',(-1.,-0.,0.));
#1350 = FACE_BOUND('',#1351,.T.);
#1351 = EDGE_LOOP('',(#1352,#1363,#1371,#1380));
#1352 = ORIENTED_EDGE('',*,*,#1353,.F.);
#1353 = EDGE_CURVE('',#1354,#1356,#1358,.T.);
#1354 = VERTEX_POINT('',#1355);
#1355 = CARTESIAN_POINT('',(44.555,22.86,3.));
#1356 = VERTEX_POINT('',#1357);
#1357 = CARTESIAN_POINT('',(41.805,22.86,3.));
#1358 = CIRCLE('',#1359,1.375);
#1359 = AXIS2_PLACEMENT_3D('',#1360,#1361,#1362);
#1360 = CARTESIAN_POINT('',(43.18,22.86,3.));
#1361 = DIRECTION('',(0.,0.,1.));
#1362 = DIRECTION('',(1.,0.,-0.));
#1363 = ORIENTED_EDGE('',*,*,#1364,.F.);
#1364 = EDGE_CURVE('',#1365,#1354,#1367,.T.);
#1365 = VERTEX_POINT('',#1366);
#1366 = CARTESIAN_POINT('',(44.555,17.78,3.));
#1367 = LINE('',#1368,#1369);
#1368 = CARTESIAN_POINT('',(44.555,8.89,3.));
#1369 = VECTOR('',#1370,1.);
#1370 = DIRECTION('',(-0.,1.,0.));
#1371 = ORIENTED_EDGE('',*,*,#1372,.F.);
#1372 = EDGE_CURVE('',#1373,#1365,#1375,.T.);
#1373 = VERTEX_POINT('',#1374);
#1374 = CARTESIAN_POINT('',(41.805,17.78,3.));
#1375 = CIRCLE('',#1376,1.375);
#1376 = AXIS2_PLACEMENT_3D('',#1377,#1378,#1379);
#1377 = CARTESIAN_POINT('',(43.18,17.78,3.));
#1378 = DIRECTION('',(0.,0.,1.));
#1379 = DIRECTION('',(1.,0.,-0.));
#1380 = ORIENTED_EDGE('',*,*,#1381,.T.);
#1381 = EDGE_CURVE('',#1373,#1356,#1382,.T.);
#1382 = LINE('',#1383,#1384);
#1383 = CARTESIAN_POINT('',(41.805,8.89,3.));
#1384 = VECTOR('',#1385,1.);
#1385 = DIRECTION('',(-0.,1.,0.));
#1386 = FACE_BOUND('',#1387,.T.);
#1387 = EDGE_LOOP('',(#1388,#1399,#1407,#1416,#1425));
#1388 = ORIENTED_EDGE('',*,*,#1389,.F.);
#1389 = EDGE_CURVE('',#1390,#1392,#1394,.T.);
#1390 = VERTEX_POINT('',#1391);
#1391 = CARTESIAN_POINT('',(48.26,19.155,3.));
#1392 = VERTEX_POINT('',#1393);
#1393 = CARTESIAN_POINT('',(48.26,16.405,3.));
#1394 = CIRCLE('',#1395,1.375);
#1395 = AXIS2_PLACEMENT_3D('',#1396,#1397,#1398);
#1396 = CARTESIAN_POINT('',(48.26,17.78,3.));
#1397 = DIRECTION('',(0.,0.,1.));
#1398 = DIRECTION('',(1.,0.,-0.));
#1399 = ORIENTED_EDGE('',*,*,#1400,.F.);
#1400 = EDGE_CURVE('',#1401,#1390,#1403,.T.);
#1401 = VERTEX_POINT('',#1402);
#1402 = CARTESIAN_POINT('',(53.34,19.155,3.));
#1403 = LINE('',#1404,#1405);
#1404 = CARTESIAN_POINT('',(24.13,19.155,3.));
#1405 = VECTOR('',#1406,1.);
#1406 = DIRECTION('',(-1.,-0.,0.));
#1407 = ORIENTED_EDGE('',*,*,#1408,.F.);
#1408 = EDGE_CURVE('',#1409,#1401,#1411,.T.);
#1409 = VERTEX_POINT('',#1410);
#1410 = CARTESIAN_POINT('',(54.715,17.78,3.));
#1411 = CIRCLE('',#1412,1.375);
#1412 = AXIS2_PLACEMENT_3D('',#1413,#1414,#1415);
#1413 = CARTESIAN_POINT('',(53.34,17.78,3.));
#1414 = DIRECTION('',(0.,0.,1.));
#1415 = DIRECTION('',(1.,0.,-0.));
#1416 = ORIENTED_EDGE('',*,*,#1417,.F.);
#1417 = EDGE_CURVE('',#1418,#1409,#1420,.T.);
#1418 = VERTEX_POINT('',#1419);
#1419 = CARTESIAN_POINT('',(53.34,16.405,3.));
#1420 = CIRCLE('',#1421,1.375);
#1421 = AXIS2_PLACEMENT_3D('',#1422,#1423,#1424);
#1422 = CARTESIAN_POINT('',(53.34,17.78,3.));
#1423 = DIRECTION('',(0.,0.,1.));
#1424 = DIRECTION('',(1.,0.,-0.));
#1425 = ORIENTED_EDGE('',*,*,#1426,.T.);
#1426 = EDGE_CURVE('',#1418,#1392,#1427,.T.);
#1427 = LINE('',#1428,#1429);
#1428 = CARTESIAN_POINT('',(24.13,16.405,3.));
#1429 = VECTOR('',#1430,1.);
#1430 = DIRECTION('',(-1.,-0.,0.));
#1431 = FACE_BOUND('',#1432,.T.);
#1432 = EDGE_LOOP('',(#1433,#1444,#1452,#1461));
#1433 = ORIENTED_EDGE('',*,*,#1434,.F.);
#1434 = EDGE_CURVE('',#1435,#1437,#1439,.T.);
#1435 = VERTEX_POINT('',#1436);
#1436 = CARTESIAN_POINT('',(59.795,22.86,3.));
#1437 = VERTEX_POINT('',#1438);
#1438 = CARTESIAN_POINT('',(57.045,22.86,3.));
#1439 = CIRCLE('',#1440,1.375);
#1440 = AXIS2_PLACEMENT_3D('',#1441,#1442,#1443);
#1441 = CARTESIAN_POINT('',(58.42,22.86,3.));
#1442 = DIRECTION('',(0.,0.,1.));
#1443 = DIRECTION('',(1.,0.,-0.));
#1444 = ORIENTED_EDGE('',*,*,#1445,.F.);
#1445 = EDGE_CURVE('',#1446,#1435,#1448,.T.);
#1446 = VERTEX_POINT('',#1447);
#1447 = CARTESIAN_POINT('',(59.795,17.78,3.));
#1448 = LINE('',#1449,#1450);
#1449 = CARTESIAN_POINT('',(59.795,8.89,3.));
#1450 = VECTOR('',#1451,1.);
#1451 = DIRECTION('',(-0.,1.,0.));
#1452 = ORIENTED_EDGE('',*,*,#1453,.F.);
#1453 = EDGE_CURVE('',#1454,#1446,#1456,.T.);
#1454 = VERTEX_POINT('',#1455);
#1455 = CARTESIAN_POINT('',(57.045,17.78,3.));
#1456 = CIRCLE('',#1457,1.375);
#1457 = AXIS2_PLACEMENT_3D('',#1458,#1459,#1460);
#1458 = CARTESIAN_POINT('',(58.42,17.78,3.));
#1459 = DIRECTION('',(0.,0.,1.));
#1460 = DIRECTION('',(1.,0.,-0.));
#1461 = ORIENTED_EDGE('',*,*,#1462,.T.);
#1462 = EDGE_CURVE('',#1454,#1437,#1463,.T.);
#1463 = LINE('',#1464,#1465);
#1464 = CARTESIAN_POINT('',(57.045,8.89,3.));
#1465 = VECTOR('',#1466,1.);
#1466 = DIRECTION('',(-0.,1.,0.));
#1467 = FACE_BOUND('',#1468,.T.);
#1468 = EDGE_LOOP('',(#1469,#1480,#1488,#1497));
#1469 = ORIENTED_EDGE('',*,*,#1470,.F.);
#1470 = EDGE_CURVE('',#1471,#1473,#1475,.T.);
#1471 = VERTEX_POINT('',#1472);
#1472 = CARTESIAN_POINT('',(34.395,27.94,3.));
#1473 = VERTEX_POINT('',#1474);
#1474 = CARTESIAN_POINT('',(31.645,27.94,3.));
#1475 = CIRCLE('',#1476,1.375);
#1476 = AXIS2_PLACEMENT_3D('',#1477,#1478,#1479);
#1477 = CARTESIAN_POINT('',(33.02,27.94,3.));
#1478 = DIRECTION('',(0.,0.,1.));
#1479 = DIRECTION('',(1.,0.,-0.));
#1480 = ORIENTED_EDGE('',*,*,#1481,.F.);
#1481 = EDGE_CURVE('',#1482,#1471,#1484,.T.);
#1482 = VERTEX_POINT('',#1483);
#1483 = CARTESIAN_POINT('',(34.395,22.86,3.));
#1484 = LINE('',#1485,#1486);
#1485 = CARTESIAN_POINT('',(34.395,11.43,3.));
#1486 = VECTOR('',#1487,1.);
#1487 = DIRECTION('',(-0.,1.,0.));
#1488 = ORIENTED_EDGE('',*,*,#1489,.F.);
#1489 = EDGE_CURVE('',#1490,#1482,#1492,.T.);
#1490 = VERTEX_POINT('',#1491);
#1491 = CARTESIAN_POINT('',(31.645,22.86,3.));
#1492 = CIRCLE('',#1493,1.375);
#1493 = AXIS2_PLACEMENT_3D('',#1494,#1495,#1496);
#1494 = CARTESIAN_POINT('',(33.02,22.86,3.));
#1495 = DIRECTION('',(0.,0.,1.));
#1496 = DIRECTION('',(1.,0.,-0.));
#1497 = ORIENTED_EDGE('',*,*,#1498,.T.);
#1498 = EDGE_CURVE('',#1490,#1473,#1499,.T.);
#1499 = LINE('',#1500,#1501);
#1500 = CARTESIAN_POINT('',(31.645,11.43,3.));
#1501 = VECTOR('',#1502,1.);
#1502 = DIRECTION('',(-0.,1.,0.));
#1503 = FACE_BOUND('',#1504,.T.);
#1504 = EDGE_LOOP('',(#1505));
#1505 = ORIENTED_EDGE('',*,*,#1506,.F.);
#1506 = EDGE_CURVE('',#1507,#1507,#1509,.T.);
#1507 = VERTEX_POINT('',#1508);
#1508 = CARTESIAN_POINT('',(39.475,22.86,3.));
#1509 = CIRCLE('',#1510,1.375);
#1510 = AXIS2_PLACEMENT_3D('',#1511,#1512,#1513);
#1511 = CARTESIAN_POINT('',(38.1,22.86,3.));
#1512 = DIRECTION('',(0.,0.,1.));
#1513 = DIRECTION('',(1.,0.,-0.));
#1514 = FACE_BOUND('',#1515,.T.);
#1515 = EDGE_LOOP('',(#1516,#1527,#1535,#1544,#1553));
#1516 = ORIENTED_EDGE('',*,*,#1517,.F.);
#1517 = EDGE_CURVE('',#1518,#1520,#1522,.T.);
#1518 = VERTEX_POINT('',#1519);
#1519 = CARTESIAN_POINT('',(38.1,29.315,3.));
#1520 = VERTEX_POINT('',#1521);
#1521 = CARTESIAN_POINT('',(38.1,26.565,3.));
#1522 = CIRCLE('',#1523,1.375);
#1523 = AXIS2_PLACEMENT_3D('',#1524,#1525,#1526);
#1524 = CARTESIAN_POINT('',(38.1,27.94,3.));
#1525 = DIRECTION('',(0.,0.,1.));
#1526 = DIRECTION('',(1.,0.,-0.));
#1527 = ORIENTED_EDGE('',*,*,#1528,.F.);
#1528 = EDGE_CURVE('',#1529,#1518,#1531,.T.);
#1529 = VERTEX_POINT('',#1530);
#1530 = CARTESIAN_POINT('',(43.18,29.315,3.));
#1531 = LINE('',#1532,#1533);
#1532 = CARTESIAN_POINT('',(19.05,29.315,3.));
#1533 = VECTOR('',#1534,1.);
#1534 = DIRECTION('',(-1.,-0.,0.));
#1535 = ORIENTED_EDGE('',*,*,#1536,.F.);
#1536 = EDGE_CURVE('',#1537,#1529,#1539,.T.);
#1537 = VERTEX_POINT('',#1538);
#1538 = CARTESIAN_POINT('',(44.555,27.94,3.));
#1539 = CIRCLE('',#1540,1.375);
#1540 = AXIS2_PLACEMENT_3D('',#1541,#1542,#1543);
#1541 = CARTESIAN_POINT('',(43.18,27.94,3.));
#1542 = DIRECTION('',(0.,0.,1.));
#1543 = DIRECTION('',(1.,0.,-0.));
#1544 = ORIENTED_EDGE('',*,*,#1545,.F.);
#1545 = EDGE_CURVE('',#1546,#1537,#1548,.T.);
#1546 = VERTEX_POINT('',#1547);
#1547 = CARTESIAN_POINT('',(43.18,26.565,3.));
#1548 = CIRCLE('',#1549,1.375);
#1549 = AXIS2_PLACEMENT_3D('',#1550,#1551,#1552);
#1550 = CARTESIAN_POINT('',(43.18,27.94,3.));
#1551 = DIRECTION('',(0.,0.,1.));
#1552 = DIRECTION('',(1.,0.,-0.));
#1553 = ORIENTED_EDGE('',*,*,#1554,.T.);
#1554 = EDGE_CURVE('',#1546,#1520,#1555,.T.);
#1555 = LINE('',#1556,#1557);
#1556 = CARTESIAN_POINT('',(19.05,26.565,3.));
#1557 = VECTOR('',#1558,1.);
#1558 = DIRECTION('',(-1.,-0.,0.));
#1559 = FACE_BOUND('',#1560,.T.);
#1560 = EDGE_LOOP('',(#1561,#1572,#1580,#1589,#1598,#1606,#1615,#1624,
    #1632,#1641,#1650,#1659,#1668,#1677,#1686,#1695));
#1561 = ORIENTED_EDGE('',*,*,#1562,.F.);
#1562 = EDGE_CURVE('',#1563,#1565,#1567,.T.);
#1563 = VERTEX_POINT('',#1564);
#1564 = CARTESIAN_POINT('',(49.635,27.94,3.));
#1565 = VERTEX_POINT('',#1566);
#1566 = CARTESIAN_POINT('',(46.885,27.94,3.));
#1567 = CIRCLE('',#1568,1.375);
#1568 = AXIS2_PLACEMENT_3D('',#1569,#1570,#1571);
#1569 = CARTESIAN_POINT('',(48.26,27.94,3.));
#1570 = DIRECTION('',(0.,0.,1.));
#1571 = DIRECTION('',(1.,0.,-0.));
#1572 = ORIENTED_EDGE('',*,*,#1573,.F.);
#1573 = EDGE_CURVE('',#1574,#1563,#1576,.T.);
#1574 = VERTEX_POINT('',#1575);
#1575 = CARTESIAN_POINT('',(49.635,27.164019611011,3.));
#1576 = LINE('',#1577,#1578);
#1577 = CARTESIAN_POINT('',(49.635,11.43,3.));
#1578 = VECTOR('',#1579,1.);
#1579 = DIRECTION('',(-0.,1.,0.));
#1580 = ORIENTED_EDGE('',*,*,#1581,.F.);
#1581 = EDGE_CURVE('',#1582,#1574,#1584,.T.);
#1582 = VERTEX_POINT('',#1583);
#1583 = CARTESIAN_POINT('',(52.348419020543,26.98742865822,3.));
#1584 = CIRCLE('',#1585,3.25);
#1585 = AXIS2_PLACEMENT_3D('',#1586,#1587,#1588);
#1586 = CARTESIAN_POINT('',(50.8,24.13,3.));
#1587 = DIRECTION('',(0.,0.,1.));
#1588 = DIRECTION('',(1.,0.,-0.));
#1589 = ORIENTED_EDGE('',*,*,#1590,.F.);
#1590 = EDGE_CURVE('',#1591,#1582,#1593,.T.);
#1591 = VERTEX_POINT('',#1592);
#1592 = CARTESIAN_POINT('',(53.34,29.315,3.));
#1593 = CIRCLE('',#1594,1.375);
#1594 = AXIS2_PLACEMENT_3D('',#1595,#1596,#1597);
#1595 = CARTESIAN_POINT('',(53.34,27.94,3.));
#1596 = DIRECTION('',(0.,0.,1.));
#1597 = DIRECTION('',(1.,0.,-0.));
#1598 = ORIENTED_EDGE('',*,*,#1599,.F.);
#1599 = EDGE_CURVE('',#1600,#1591,#1602,.T.);
#1600 = VERTEX_POINT('',#1601);
#1601 = CARTESIAN_POINT('',(58.42,29.315,3.));
#1602 = LINE('',#1603,#1604);
#1603 = CARTESIAN_POINT('',(26.67,29.315,3.));
#1604 = VECTOR('',#1605,1.);
#1605 = DIRECTION('',(-1.,-0.,0.));
#1606 = ORIENTED_EDGE('',*,*,#1607,.F.);
#1607 = EDGE_CURVE('',#1608,#1600,#1610,.T.);
#1608 = VERTEX_POINT('',#1609);
#1609 = CARTESIAN_POINT('',(59.795,27.94,3.));
#1610 = CIRCLE('',#1611,1.375);
#1611 = AXIS2_PLACEMENT_3D('',#1612,#1613,#1614);
#1612 = CARTESIAN_POINT('',(58.42,27.94,3.));
#1613 = DIRECTION('',(0.,0.,1.));
#1614 = DIRECTION('',(1.,0.,-0.));
#1615 = ORIENTED_EDGE('',*,*,#1616,.F.);
#1616 = EDGE_CURVE('',#1617,#1608,#1619,.T.);
#1617 = VERTEX_POINT('',#1618);
#1618 = CARTESIAN_POINT('',(58.42,26.565,3.));
#1619 = CIRCLE('',#1620,1.375);
#1620 = AXIS2_PLACEMENT_3D('',#1621,#1622,#1623);
#1621 = CARTESIAN_POINT('',(58.42,27.94,3.));
#1622 = DIRECTION('',(0.,0.,1.));
#1623 = DIRECTION('',(1.,0.,-0.));
#1624 = ORIENTED_EDGE('',*,*,#1625,.T.);
#1625 = EDGE_CURVE('',#1617,#1626,#1628,.T.);
#1626 = VERTEX_POINT('',#1627);
#1627 = CARTESIAN_POINT('',(53.34,26.565,3.));
#1628 = LINE('',#1629,#1630);
#1629 = CARTESIAN_POINT('',(26.67,26.565,3.));
#1630 = VECTOR('',#1631,1.);
#1631 = DIRECTION('',(-1.,-0.,0.));
#1632 = ORIENTED_EDGE('',*,*,#1633,.F.);
#1633 = EDGE_CURVE('',#1634,#1626,#1636,.T.);
#1634 = VERTEX_POINT('',#1635);
#1635 = CARTESIAN_POINT('',(52.84208067661,26.658320887509,3.));
#1636 = CIRCLE('',#1637,1.375);
#1637 = AXIS2_PLACEMENT_3D('',#1638,#1639,#1640);
#1638 = CARTESIAN_POINT('',(53.34,27.94,3.));
#1639 = DIRECTION('',(0.,0.,1.));
#1640 = DIRECTION('',(1.,0.,-0.));
#1641 = ORIENTED_EDGE('',*,*,#1642,.F.);
#1642 = EDGE_CURVE('',#1643,#1634,#1645,.T.);
#1643 = VERTEX_POINT('',#1644);
#1644 = CARTESIAN_POINT('',(54.05,24.13,3.));
#1645 = CIRCLE('',#1646,3.25);
#1646 = AXIS2_PLACEMENT_3D('',#1647,#1648,#1649);
#1647 = CARTESIAN_POINT('',(50.8,24.13,3.));
#1648 = DIRECTION('',(0.,0.,1.));
#1649 = DIRECTION('',(1.,0.,-0.));
#1650 = ORIENTED_EDGE('',*,*,#1651,.F.);
#1651 = EDGE_CURVE('',#1652,#1643,#1654,.T.);
#1652 = VERTEX_POINT('',#1653);
#1653 = CARTESIAN_POINT('',(54.048705711565,24.038287407382,3.));
#1654 = CIRCLE('',#1655,3.25);
#1655 = AXIS2_PLACEMENT_3D('',#1656,#1657,#1658);
#1656 = CARTESIAN_POINT('',(50.8,24.13,3.));
#1657 = DIRECTION('',(0.,0.,1.));
#1658 = DIRECTION('',(1.,0.,-0.));
#1659 = ORIENTED_EDGE('',*,*,#1660,.F.);
#1660 = EDGE_CURVE('',#1661,#1652,#1663,.T.);
#1661 = VERTEX_POINT('',#1662);
#1662 = CARTESIAN_POINT('',(54.715,22.86,3.));
#1663 = CIRCLE('',#1664,1.375);
#1664 = AXIS2_PLACEMENT_3D('',#1665,#1666,#1667);
#1665 = CARTESIAN_POINT('',(53.34,22.86,3.));
#1666 = DIRECTION('',(0.,0.,1.));
#1667 = DIRECTION('',(1.,0.,-0.));
#1668 = ORIENTED_EDGE('',*,*,#1669,.F.);
#1669 = EDGE_CURVE('',#1670,#1661,#1672,.T.);
#1670 = VERTEX_POINT('',#1671);
#1671 = CARTESIAN_POINT('',(52.822593501033,21.586062986319,3.));
#1672 = CIRCLE('',#1673,1.375);
#1673 = AXIS2_PLACEMENT_3D('',#1674,#1675,#1676);
#1674 = CARTESIAN_POINT('',(53.34,22.86,3.));
#1675 = DIRECTION('',(0.,0.,1.));
#1676 = DIRECTION('',(1.,0.,-0.));
#1677 = ORIENTED_EDGE('',*,*,#1678,.F.);
#1678 = EDGE_CURVE('',#1679,#1670,#1681,.T.);
#1679 = VERTEX_POINT('',#1680);
#1680 = CARTESIAN_POINT('',(48.777406498967,21.586062986319,3.));
#1681 = CIRCLE('',#1682,3.25);
#1682 = AXIS2_PLACEMENT_3D('',#1683,#1684,#1685);
#1683 = CARTESIAN_POINT('',(50.8,24.13,3.));
#1684 = DIRECTION('',(0.,0.,1.));
#1685 = DIRECTION('',(1.,0.,-0.));
#1686 = ORIENTED_EDGE('',*,*,#1687,.F.);
#1687 = EDGE_CURVE('',#1688,#1679,#1690,.T.);
#1688 = VERTEX_POINT('',#1689);
#1689 = CARTESIAN_POINT('',(46.885,22.86,3.));
#1690 = CIRCLE('',#1691,1.375);
#1691 = AXIS2_PLACEMENT_3D('',#1692,#1693,#1694);
#1692 = CARTESIAN_POINT('',(48.26,22.86,3.));
#1693 = DIRECTION('',(0.,0.,1.));
#1694 = DIRECTION('',(1.,0.,-0.));
#1695 = ORIENTED_EDGE('',*,*,#1696,.T.);
#1696 = EDGE_CURVE('',#1688,#1565,#1697,.T.);
#1697 = LINE('',#1698,#1699);
#1698 = CARTESIAN_POINT('',(46.885,11.43,3.));
#1699 = VECTOR('',#1700,1.);
#1700 = DIRECTION('',(-0.,1.,0.));
#1701 = PLANE('',#1702);
#1702 = AXIS2_PLACEMENT_3D('',#1703,#1704,#1705);
#1703 = CARTESIAN_POINT('',(0.,0.,3.));
#1704 = DIRECTION('',(0.,0.,1.));
#1705 = DIRECTION('',(1.,0.,-0.));
#1706 = ADVANCED_FACE('',(#1707),#1726,.T.);
#1707 = FACE_BOUND('',#1708,.T.);
#1708 = EDGE_LOOP('',(#1709,#1718,#1724,#1725));
#1709 = ORIENTED_EDGE('',*,*,#1710,.T.);
#1710 = EDGE_CURVE('',#32,#1711,#1713,.T.);
#1711 = VERTEX_POINT('',#1712);
#1712 = CARTESIAN_POINT('',(1.27,-2.22044604925E-16,0.));
#1713 = CIRCLE('',#1714,1.27);
#1714 = AXIS2_PLACEMENT_3D('',#1715,#1716,#1717);
#1715 = CARTESIAN_POINT('',(1.27,1.27,0.));
#1716 = DIRECTION('',(0.,0.,1.));
#1717 = DIRECTION('',(0.,-1.,0.));
#1718 = ORIENTED_EDGE('',*,*,#1719,.T.);
#1719 = EDGE_CURVE('',#1711,#63,#1720,.T.);
#1720 = LINE('',#1721,#1722);
#1721 = CARTESIAN_POINT('',(1.27,-2.22044604925E-16,0.));
#1722 = VECTOR('',#1723,1.);
#1723 = DIRECTION('',(0.,0.,1.));
#1724 = ORIENTED_EDGE('',*,*,#62,.F.);
#1725 = ORIENTED_EDGE('',*,*,#31,.F.);
#1726 = CYLINDRICAL_SURFACE('',#1727,1.27);
#1727 = AXIS2_PLACEMENT_3D('',#1728,#1729,#1730);
#1728 = CARTESIAN_POINT('',(1.27,1.27,0.));
#1729 = DIRECTION('',(0.,0.,1.));
#1730 = DIRECTION('',(-1.,-0.,0.));
#1731 = ADVANCED_FACE('',(#1732),#1751,.T.);
#1732 = FACE_BOUND('',#1733,.F.);
#1733 = EDGE_LOOP('',(#1734,#1743,#1749,#1750));
#1734 = ORIENTED_EDGE('',*,*,#1735,.T.);
#1735 = EDGE_CURVE('',#40,#1736,#1738,.T.);
#1736 = VERTEX_POINT('',#1737);
#1737 = CARTESIAN_POINT('',(1.27,30.48,0.));
#1738 = CIRCLE('',#1739,1.27);
#1739 = AXIS2_PLACEMENT_3D('',#1740,#1741,#1742);
#1740 = CARTESIAN_POINT('',(1.27,29.21,0.));
#1741 = DIRECTION('',(-0.,-0.,-1.));
#1742 = DIRECTION('',(0.,-1.,0.));
#1743 = ORIENTED_EDGE('',*,*,#1744,.T.);
#1744 = EDGE_CURVE('',#1736,#106,#1745,.T.);
#1745 = LINE('',#1746,#1747);
#1746 = CARTESIAN_POINT('',(1.27,30.48,0.));
#1747 = VECTOR('',#1748,1.);
#1748 = DIRECTION('',(0.,0.,1.));
#1749 = ORIENTED_EDGE('',*,*,#113,.F.);
#1750 = ORIENTED_EDGE('',*,*,#47,.F.);
#1751 = CYLINDRICAL_SURFACE('',#1752,1.27);
#1752 = AXIS2_PLACEMENT_3D('',#1753,#1754,#1755);
#1753 = CARTESIAN_POINT('',(1.27,29.21,0.));
#1754 = DIRECTION('',(0.,0.,1.));
#1755 = DIRECTION('',(-1.,-0.,0.));
#1756 = ADVANCED_FACE('',(#1757),#1775,.F.);
#1757 = FACE_BOUND('',#1758,.F.);
#1758 = EDGE_LOOP('',(#1759,#1767,#1768,#1769));
#1759 = ORIENTED_EDGE('',*,*,#1760,.F.);
#1760 = EDGE_CURVE('',#1711,#1761,#1763,.T.);
#1761 = VERTEX_POINT('',#1762);
#1762 = CARTESIAN_POINT('',(59.69,-2.22044604925E-16,0.));
#1763 = LINE('',#1764,#1765);
#1764 = CARTESIAN_POINT('',(0.,0.,0.));
#1765 = VECTOR('',#1766,1.);
#1766 = DIRECTION('',(1.,0.,-0.));
#1767 = ORIENTED_EDGE('',*,*,#1719,.T.);
#1768 = ORIENTED_EDGE('',*,*,#71,.T.);
#1769 = ORIENTED_EDGE('',*,*,#1770,.F.);
#1770 = EDGE_CURVE('',#1761,#72,#1771,.T.);
#1771 = LINE('',#1772,#1773);
#1772 = CARTESIAN_POINT('',(59.69,-2.22044604925E-16,0.));
#1773 = VECTOR('',#1774,1.);
#1774 = DIRECTION('',(0.,0.,1.));
#1775 = PLANE('',#1776);
#1776 = AXIS2_PLACEMENT_3D('',#1777,#1778,#1779);
#1777 = CARTESIAN_POINT('',(0.,0.,0.));
#1778 = DIRECTION('',(-0.,1.,0.));
#1779 = DIRECTION('',(0.,0.,1.));
#1780 = ADVANCED_FACE('',(#1781),#1799,.T.);
#1781 = FACE_BOUND('',#1782,.T.);
#1782 = EDGE_LOOP('',(#1783,#1791,#1792,#1793));
#1783 = ORIENTED_EDGE('',*,*,#1784,.F.);
#1784 = EDGE_CURVE('',#1736,#1785,#1787,.T.);
#1785 = VERTEX_POINT('',#1786);
#1786 = CARTESIAN_POINT('',(59.69,30.48,0.));
#1787 = LINE('',#1788,#1789);
#1788 = CARTESIAN_POINT('',(0.,30.48,0.));
#1789 = VECTOR('',#1790,1.);
#1790 = DIRECTION('',(1.,0.,-0.));
#1791 = ORIENTED_EDGE('',*,*,#1744,.T.);
#1792 = ORIENTED_EDGE('',*,*,#105,.T.);
#1793 = ORIENTED_EDGE('',*,*,#1794,.F.);
#1794 = EDGE_CURVE('',#1785,#97,#1795,.T.);
#1795 = LINE('',#1796,#1797);
#1796 = CARTESIAN_POINT('',(59.69,30.48,0.));
#1797 = VECTOR('',#1798,1.);
#1798 = DIRECTION('',(0.,0.,1.));
#1799 = PLANE('',#1800);
#1800 = AXIS2_PLACEMENT_3D('',#1801,#1802,#1803);
#1801 = CARTESIAN_POINT('',(0.,30.48,0.));
#1802 = DIRECTION('',(-0.,1.,0.));
#1803 = DIRECTION('',(0.,0.,1.));
#1804 = ADVANCED_FACE('',(#1805),#1824,.T.);
#1805 = FACE_BOUND('',#1806,.F.);
#1806 = EDGE_LOOP('',(#1807,#1816,#1817,#1818));
#1807 = ORIENTED_EDGE('',*,*,#1808,.T.);
#1808 = EDGE_CURVE('',#1809,#1761,#1811,.T.);
#1809 = VERTEX_POINT('',#1810);
#1810 = CARTESIAN_POINT('',(60.96,1.27,0.));
#1811 = CIRCLE('',#1812,1.27);
#1812 = AXIS2_PLACEMENT_3D('',#1813,#1814,#1815);
#1813 = CARTESIAN_POINT('',(59.69,1.27,0.));
#1814 = DIRECTION('',(-0.,-0.,-1.));
#1815 = DIRECTION('',(0.,-1.,0.));
#1816 = ORIENTED_EDGE('',*,*,#1770,.T.);
#1817 = ORIENTED_EDGE('',*,*,#79,.F.);
#1818 = ORIENTED_EDGE('',*,*,#1819,.F.);
#1819 = EDGE_CURVE('',#1809,#80,#1820,.T.);
#1820 = LINE('',#1821,#1822);
#1821 = CARTESIAN_POINT('',(60.96,1.27,0.));
#1822 = VECTOR('',#1823,1.);
#1823 = DIRECTION('',(0.,0.,1.));
#1824 = CYLINDRICAL_SURFACE('',#1825,1.27);
#1825 = AXIS2_PLACEMENT_3D('',#1826,#1827,#1828);
#1826 = CARTESIAN_POINT('',(59.69,1.27,0.));
#1827 = DIRECTION('',(0.,0.,1.));
#1828 = DIRECTION('',(1.,0.,-0.));
#1829 = ADVANCED_FACE('',(#1830),#1849,.T.);
#1830 = FACE_BOUND('',#1831,.T.);
#1831 = EDGE_LOOP('',(#1832,#1841,#1842,#1843));
#1832 = ORIENTED_EDGE('',*,*,#1833,.T.);
#1833 = EDGE_CURVE('',#1834,#1785,#1836,.T.);
#1834 = VERTEX_POINT('',#1835);
#1835 = CARTESIAN_POINT('',(60.96,29.21,0.));
#1836 = CIRCLE('',#1837,1.27);
#1837 = AXIS2_PLACEMENT_3D('',#1838,#1839,#1840);
#1838 = CARTESIAN_POINT('',(59.69,29.21,0.));
#1839 = DIRECTION('',(0.,0.,1.));
#1840 = DIRECTION('',(0.,-1.,0.));
#1841 = ORIENTED_EDGE('',*,*,#1794,.T.);
#1842 = ORIENTED_EDGE('',*,*,#96,.F.);
#1843 = ORIENTED_EDGE('',*,*,#1844,.F.);
#1844 = EDGE_CURVE('',#1834,#89,#1845,.T.);
#1845 = LINE('',#1846,#1847);
#1846 = CARTESIAN_POINT('',(60.96,29.21,0.));
#1847 = VECTOR('',#1848,1.);
#1848 = DIRECTION('',(0.,0.,1.));
#1849 = CYLINDRICAL_SURFACE('',#1850,1.27);
#1850 = AXIS2_PLACEMENT_3D('',#1851,#1852,#1853);
#1851 = CARTESIAN_POINT('',(59.69,29.21,0.));
#1852 = DIRECTION('',(0.,0.,1.));
#1853 = DIRECTION('',(1.,0.,-0.));
#1854 = ADVANCED_FACE('',(#1855),#1866,.T.);
#1855 = FACE_BOUND('',#1856,.T.);
#1856 = EDGE_LOOP('',(#1857,#1858,#1859,#1865));
#1857 = ORIENTED_EDGE('',*,*,#88,.F.);
#1858 = ORIENTED_EDGE('',*,*,#1819,.F.);
#1859 = ORIENTED_EDGE('',*,*,#1860,.T.);
#1860 = EDGE_CURVE('',#1809,#1834,#1861,.T.);
#1861 = LINE('',#1862,#1863);
#1862 = CARTESIAN_POINT('',(60.96,0.,0.));
#1863 = VECTOR('',#1864,1.);
#1864 = DIRECTION('',(-0.,1.,0.));
#1865 = ORIENTED_EDGE('',*,*,#1844,.T.);
#1866 = PLANE('',#1867);
#1867 = AXIS2_PLACEMENT_3D('',#1868,#1869,#1870);
#1868 = CARTESIAN_POINT('',(60.96,0.,0.));
#1869 = DIRECTION('',(1.,0.,-0.));
#1870 = DIRECTION('',(0.,0.,1.));
#1871 = ADVANCED_FACE('',(#1872),#1898,.F.);
#1872 = FACE_BOUND('',#1873,.F.);
#1873 = EDGE_LOOP('',(#1874,#1875,#1883,#1892));
#1874 = ORIENTED_EDGE('',*,*,#122,.F.);
#1875 = ORIENTED_EDGE('',*,*,#1876,.F.);
#1876 = EDGE_CURVE('',#1877,#123,#1879,.T.);
#1877 = VERTEX_POINT('',#1878);
#1878 = CARTESIAN_POINT('',(2.54,3.915,0.));
#1879 = LINE('',#1880,#1881);
#1880 = CARTESIAN_POINT('',(2.54,3.915,-1.));
#1881 = VECTOR('',#1882,1.);
#1882 = DIRECTION('',(0.,0.,1.));
#1883 = ORIENTED_EDGE('',*,*,#1884,.T.);
#1884 = EDGE_CURVE('',#1877,#1885,#1887,.T.);
#1885 = VERTEX_POINT('',#1886);
#1886 = CARTESIAN_POINT('',(2.54,1.165,0.));
#1887 = CIRCLE('',#1888,1.375);
#1888 = AXIS2_PLACEMENT_3D('',#1889,#1890,#1891);
#1889 = CARTESIAN_POINT('',(2.54,2.54,0.));
#1890 = DIRECTION('',(0.,0.,1.));
#1891 = DIRECTION('',(1.,0.,-0.));
#1892 = ORIENTED_EDGE('',*,*,#1893,.T.);
#1893 = EDGE_CURVE('',#1885,#125,#1894,.T.);
#1894 = LINE('',#1895,#1896);
#1895 = CARTESIAN_POINT('',(2.54,1.165,-1.));
#1896 = VECTOR('',#1897,1.);
#1897 = DIRECTION('',(0.,0.,1.));
#1898 = CYLINDRICAL_SURFACE('',#1899,1.375);
#1899 = AXIS2_PLACEMENT_3D('',#1900,#1901,#1902);
#1900 = CARTESIAN_POINT('',(2.54,2.54,-1.));
#1901 = DIRECTION('',(0.,0.,1.));
#1902 = DIRECTION('',(1.,0.,-0.));
#1903 = ADVANCED_FACE('',(#1904),#1922,.T.);
#1904 = FACE_BOUND('',#1905,.T.);
#1905 = EDGE_LOOP('',(#1906,#1914,#1915,#1916));
#1906 = ORIENTED_EDGE('',*,*,#1907,.T.);
#1907 = EDGE_CURVE('',#1908,#1885,#1910,.T.);
#1908 = VERTEX_POINT('',#1909);
#1909 = CARTESIAN_POINT('',(7.62,1.165,0.));
#1910 = LINE('',#1911,#1912);
#1911 = CARTESIAN_POINT('',(1.27,1.165,0.));
#1912 = VECTOR('',#1913,1.);
#1913 = DIRECTION('',(-1.,-0.,0.));
#1914 = ORIENTED_EDGE('',*,*,#1893,.T.);
#1915 = ORIENTED_EDGE('',*,*,#255,.F.);
#1916 = ORIENTED_EDGE('',*,*,#1917,.F.);
#1917 = EDGE_CURVE('',#1908,#247,#1918,.T.);
#1918 = LINE('',#1919,#1920);
#1919 = CARTESIAN_POINT('',(7.62,1.165,-1.));
#1920 = VECTOR('',#1921,1.);
#1921 = DIRECTION('',(0.,0.,1.));
#1922 = PLANE('',#1923);
#1923 = AXIS2_PLACEMENT_3D('',#1924,#1925,#1926);
#1924 = CARTESIAN_POINT('',(2.54,1.165,-1.));
#1925 = DIRECTION('',(-0.,1.,0.));
#1926 = DIRECTION('',(0.,0.,1.));
#1927 = ADVANCED_FACE('',(#1928),#1957,.F.);
#1928 = FACE_BOUND('',#1929,.F.);
#1929 = EDGE_LOOP('',(#1930,#1938,#1939,#1940,#1941,#1950));
#1930 = ORIENTED_EDGE('',*,*,#1931,.T.);
#1931 = EDGE_CURVE('',#1932,#230,#1934,.T.);
#1932 = VERTEX_POINT('',#1933);
#1933 = CARTESIAN_POINT('',(7.62,3.915,0.));
#1934 = LINE('',#1935,#1936);
#1935 = CARTESIAN_POINT('',(7.62,3.915,-1.));
#1936 = VECTOR('',#1937,1.);
#1937 = DIRECTION('',(0.,0.,1.));
#1938 = ORIENTED_EDGE('',*,*,#237,.F.);
#1939 = ORIENTED_EDGE('',*,*,#246,.F.);
#1940 = ORIENTED_EDGE('',*,*,#1917,.F.);
#1941 = ORIENTED_EDGE('',*,*,#1942,.T.);
#1942 = EDGE_CURVE('',#1908,#1943,#1945,.T.);
#1943 = VERTEX_POINT('',#1944);
#1944 = CARTESIAN_POINT('',(8.995,2.54,0.));
#1945 = CIRCLE('',#1946,1.375);
#1946 = AXIS2_PLACEMENT_3D('',#1947,#1948,#1949);
#1947 = CARTESIAN_POINT('',(7.62,2.54,0.));
#1948 = DIRECTION('',(0.,0.,1.));
#1949 = DIRECTION('',(1.,0.,-0.));
#1950 = ORIENTED_EDGE('',*,*,#1951,.T.);
#1951 = EDGE_CURVE('',#1943,#1932,#1952,.T.);
#1952 = CIRCLE('',#1953,1.375);
#1953 = AXIS2_PLACEMENT_3D('',#1954,#1955,#1956);
#1954 = CARTESIAN_POINT('',(7.62,2.54,0.));
#1955 = DIRECTION('',(0.,0.,1.));
#1956 = DIRECTION('',(1.,0.,-0.));
#1957 = CYLINDRICAL_SURFACE('',#1958,1.375);
#1958 = AXIS2_PLACEMENT_3D('',#1959,#1960,#1961);
#1959 = CARTESIAN_POINT('',(7.62,2.54,-1.));
#1960 = DIRECTION('',(0.,0.,1.));
#1961 = DIRECTION('',(1.,0.,-0.));
#1962 = ADVANCED_FACE('',(#1963),#1981,.F.);
#1963 = FACE_BOUND('',#1964,.F.);
#1964 = EDGE_LOOP('',(#1965,#1966,#1974,#1980));
#1965 = ORIENTED_EDGE('',*,*,#1931,.F.);
#1966 = ORIENTED_EDGE('',*,*,#1967,.T.);
#1967 = EDGE_CURVE('',#1932,#1968,#1970,.T.);
#1968 = VERTEX_POINT('',#1969);
#1969 = CARTESIAN_POINT('',(7.232504355396,3.915,0.));
#1970 = LINE('',#1971,#1972);
#1971 = CARTESIAN_POINT('',(1.27,3.915,0.));
#1972 = VECTOR('',#1973,1.);
#1973 = DIRECTION('',(-1.,-0.,0.));
#1974 = ORIENTED_EDGE('',*,*,#1975,.T.);
#1975 = EDGE_CURVE('',#1968,#221,#1976,.T.);
#1976 = LINE('',#1977,#1978);
#1977 = CARTESIAN_POINT('',(7.232504355396,3.915,0.));
#1978 = VECTOR('',#1979,1.);
#1979 = DIRECTION('',(0.,0.,1.));
#1980 = ORIENTED_EDGE('',*,*,#229,.F.);
#1981 = PLANE('',#1982);
#1982 = AXIS2_PLACEMENT_3D('',#1983,#1984,#1985);
#1983 = CARTESIAN_POINT('',(2.54,3.915,-1.));
#1984 = DIRECTION('',(-0.,1.,0.));
#1985 = DIRECTION('',(0.,0.,1.));
#1986 = ADVANCED_FACE('',(#1987),#2071,.T.);
#1987 = FACE_BOUND('',#1988,.T.);
#1988 = EDGE_LOOP('',(#1989,#1997,#2004,#2005,#2006,#2014,#2023,#2029,
    #2030,#2038,#2047,#2053,#2054,#2062,#2069,#2070));
#1989 = ORIENTED_EDGE('',*,*,#1990,.T.);
#1990 = EDGE_CURVE('',#212,#1991,#1993,.T.);
#1991 = VERTEX_POINT('',#1992);
#1992 = CARTESIAN_POINT('',(8.33,6.35,12.));
#1993 = LINE('',#1994,#1995);
#1994 = CARTESIAN_POINT('',(8.33,6.35,0.));
#1995 = VECTOR('',#1996,1.);
#1996 = DIRECTION('',(0.,0.,1.));
#1997 = ORIENTED_EDGE('',*,*,#1998,.F.);
#1998 = EDGE_CURVE('',#1991,#1991,#1999,.T.);
#1999 = CIRCLE('',#2000,3.25);
#2000 = AXIS2_PLACEMENT_3D('',#2001,#2002,#2003);
#2001 = CARTESIAN_POINT('',(5.08,6.35,12.));
#2002 = DIRECTION('',(0.,0.,1.));
#2003 = DIRECTION('',(1.,0.,-0.));
#2004 = ORIENTED_EDGE('',*,*,#1990,.F.);
#2005 = ORIENTED_EDGE('',*,*,#211,.T.);
#2006 = ORIENTED_EDGE('',*,*,#2007,.F.);
#2007 = EDGE_CURVE('',#2008,#203,#2010,.T.);
#2008 = VERTEX_POINT('',#2009);
#2009 = CARTESIAN_POINT('',(8.328705711565,6.441712592618,0.));
#2010 = LINE('',#2011,#2012);
#2011 = CARTESIAN_POINT('',(8.328705711565,6.441712592618,-1.));
#2012 = VECTOR('',#2013,1.);
#2013 = DIRECTION('',(0.,0.,1.));
#2014 = ORIENTED_EDGE('',*,*,#2015,.T.);
#2015 = EDGE_CURVE('',#2008,#2016,#2018,.T.);
#2016 = VERTEX_POINT('',#2017);
#2017 = CARTESIAN_POINT('',(7.102593501033,8.893937013681,0.));
#2018 = CIRCLE('',#2019,3.25);
#2019 = AXIS2_PLACEMENT_3D('',#2020,#2021,#2022);
#2020 = CARTESIAN_POINT('',(5.08,6.35,0.));
#2021 = DIRECTION('',(0.,0.,1.));
#2022 = DIRECTION('',(1.,0.,-0.));
#2023 = ORIENTED_EDGE('',*,*,#2024,.T.);
#2024 = EDGE_CURVE('',#2016,#185,#2025,.T.);
#2025 = LINE('',#2026,#2027);
#2026 = CARTESIAN_POINT('',(7.102593501033,8.893937013681,-1.));
#2027 = VECTOR('',#2028,1.);
#2028 = DIRECTION('',(0.,0.,1.));
#2029 = ORIENTED_EDGE('',*,*,#184,.T.);
#2030 = ORIENTED_EDGE('',*,*,#2031,.F.);
#2031 = EDGE_CURVE('',#2032,#177,#2034,.T.);
#2032 = VERTEX_POINT('',#2033);
#2033 = CARTESIAN_POINT('',(3.915,9.384019611011,0.));
#2034 = LINE('',#2035,#2036);
#2035 = CARTESIAN_POINT('',(3.915,9.384019611011,0.));
#2036 = VECTOR('',#2037,1.);
#2037 = DIRECTION('',(0.,0.,1.));
#2038 = ORIENTED_EDGE('',*,*,#2039,.T.);
#2039 = EDGE_CURVE('',#2032,#2040,#2042,.T.);
#2040 = VERTEX_POINT('',#2041);
#2041 = CARTESIAN_POINT('',(1.831294288435,6.441712592618,0.));
#2042 = CIRCLE('',#2043,3.25);
#2043 = AXIS2_PLACEMENT_3D('',#2044,#2045,#2046);
#2044 = CARTESIAN_POINT('',(5.08,6.35,0.));
#2045 = DIRECTION('',(0.,0.,1.));
#2046 = DIRECTION('',(1.,0.,-0.));
#2047 = ORIENTED_EDGE('',*,*,#2048,.T.);
#2048 = EDGE_CURVE('',#2040,#142,#2049,.T.);
#2049 = LINE('',#2050,#2051);
#2050 = CARTESIAN_POINT('',(1.831294288435,6.441712592618,-1.));
#2051 = VECTOR('',#2052,1.);
#2052 = DIRECTION('',(0.,0.,1.));
#2053 = ORIENTED_EDGE('',*,*,#141,.T.);
#2054 = ORIENTED_EDGE('',*,*,#2055,.F.);
#2055 = EDGE_CURVE('',#2056,#134,#2058,.T.);
#2056 = VERTEX_POINT('',#2057);
#2057 = CARTESIAN_POINT('',(2.927495644604,3.915,0.));
#2058 = LINE('',#2059,#2060);
#2059 = CARTESIAN_POINT('',(2.927495644604,3.915,0.));
#2060 = VECTOR('',#2061,1.);
#2061 = DIRECTION('',(0.,0.,1.));
#2062 = ORIENTED_EDGE('',*,*,#2063,.T.);
#2063 = EDGE_CURVE('',#2056,#1968,#2064,.T.);
#2064 = CIRCLE('',#2065,3.25);
#2065 = AXIS2_PLACEMENT_3D('',#2066,#2067,#2068);
#2066 = CARTESIAN_POINT('',(5.08,6.35,0.));
#2067 = DIRECTION('',(0.,0.,1.));
#2068 = DIRECTION('',(1.,0.,-0.));
#2069 = ORIENTED_EDGE('',*,*,#1975,.T.);
#2070 = ORIENTED_EDGE('',*,*,#220,.T.);
#2071 = CYLINDRICAL_SURFACE('',#2072,3.25);
#2072 = AXIS2_PLACEMENT_3D('',#2073,#2074,#2075);
#2073 = CARTESIAN_POINT('',(5.08,6.35,0.));
#2074 = DIRECTION('',(0.,0.,1.));
#2075 = DIRECTION('',(1.,0.,-0.));
#2076 = ADVANCED_FACE('',(#2077),#2095,.F.);
#2077 = FACE_BOUND('',#2078,.F.);
#2078 = EDGE_LOOP('',(#2079,#2080,#2088,#2094));
#2079 = ORIENTED_EDGE('',*,*,#2031,.F.);
#2080 = ORIENTED_EDGE('',*,*,#2081,.T.);
#2081 = EDGE_CURVE('',#2032,#2082,#2084,.T.);
#2082 = VERTEX_POINT('',#2083);
#2083 = CARTESIAN_POINT('',(3.915,12.7,0.));
#2084 = LINE('',#2085,#2086);
#2085 = CARTESIAN_POINT('',(3.915,3.81,0.));
#2086 = VECTOR('',#2087,1.);
#2087 = DIRECTION('',(-0.,1.,0.));
#2088 = ORIENTED_EDGE('',*,*,#2089,.T.);
#2089 = EDGE_CURVE('',#2082,#168,#2090,.T.);
#2090 = LINE('',#2091,#2092);
#2091 = CARTESIAN_POINT('',(3.915,12.7,-1.));
#2092 = VECTOR('',#2093,1.);
#2093 = DIRECTION('',(0.,0.,1.));
#2094 = ORIENTED_EDGE('',*,*,#176,.F.);
#2095 = PLANE('',#2096);
#2096 = AXIS2_PLACEMENT_3D('',#2097,#2098,#2099);
#2097 = CARTESIAN_POINT('',(3.915,7.62,-1.));
#2098 = DIRECTION('',(1.,0.,-0.));
#2099 = DIRECTION('',(0.,0.,1.));
#2100 = ADVANCED_FACE('',(#2101),#2120,.F.);
#2101 = FACE_BOUND('',#2102,.F.);
#2102 = EDGE_LOOP('',(#2103,#2104,#2105,#2114));
#2103 = ORIENTED_EDGE('',*,*,#167,.F.);
#2104 = ORIENTED_EDGE('',*,*,#2089,.F.);
#2105 = ORIENTED_EDGE('',*,*,#2106,.T.);
#2106 = EDGE_CURVE('',#2082,#2107,#2109,.T.);
#2107 = VERTEX_POINT('',#2108);
#2108 = CARTESIAN_POINT('',(1.165,12.7,0.));
#2109 = CIRCLE('',#2110,1.375);
#2110 = AXIS2_PLACEMENT_3D('',#2111,#2112,#2113);
#2111 = CARTESIAN_POINT('',(2.54,12.7,0.));
#2112 = DIRECTION('',(0.,0.,1.));
#2113 = DIRECTION('',(1.,0.,-0.));
#2114 = ORIENTED_EDGE('',*,*,#2115,.T.);
#2115 = EDGE_CURVE('',#2107,#160,#2116,.T.);
#2116 = LINE('',#2117,#2118);
#2117 = CARTESIAN_POINT('',(1.165,12.7,-1.));
#2118 = VECTOR('',#2119,1.);
#2119 = DIRECTION('',(0.,0.,1.));
#2120 = CYLINDRICAL_SURFACE('',#2121,1.375);
#2121 = AXIS2_PLACEMENT_3D('',#2122,#2123,#2124);
#2122 = CARTESIAN_POINT('',(2.54,12.7,-1.));
#2123 = DIRECTION('',(0.,0.,1.));
#2124 = DIRECTION('',(1.,0.,-0.));
#2125 = ADVANCED_FACE('',(#2126),#2144,.T.);
#2126 = FACE_BOUND('',#2127,.T.);
#2127 = EDGE_LOOP('',(#2128,#2136,#2142,#2143));
#2128 = ORIENTED_EDGE('',*,*,#2129,.F.);
#2129 = EDGE_CURVE('',#2130,#151,#2132,.T.);
#2130 = VERTEX_POINT('',#2131);
#2131 = CARTESIAN_POINT('',(1.165,7.62,0.));
#2132 = LINE('',#2133,#2134);
#2133 = CARTESIAN_POINT('',(1.165,7.62,-1.));
#2134 = VECTOR('',#2135,1.);
#2135 = DIRECTION('',(0.,0.,1.));
#2136 = ORIENTED_EDGE('',*,*,#2137,.T.);
#2137 = EDGE_CURVE('',#2130,#2107,#2138,.T.);
#2138 = LINE('',#2139,#2140);
#2139 = CARTESIAN_POINT('',(1.165,3.81,0.));
#2140 = VECTOR('',#2141,1.);
#2141 = DIRECTION('',(-0.,1.,0.));
#2142 = ORIENTED_EDGE('',*,*,#2115,.T.);
#2143 = ORIENTED_EDGE('',*,*,#159,.F.);
#2144 = PLANE('',#2145);
#2145 = AXIS2_PLACEMENT_3D('',#2146,#2147,#2148);
#2146 = CARTESIAN_POINT('',(1.165,7.62,-1.));
#2147 = DIRECTION('',(1.,0.,-0.));
#2148 = DIRECTION('',(0.,0.,1.));
#2149 = ADVANCED_FACE('',(#2150),#2162,.F.);
#2150 = FACE_BOUND('',#2151,.F.);
#2151 = EDGE_LOOP('',(#2152,#2159,#2160,#2161));
#2152 = ORIENTED_EDGE('',*,*,#2153,.T.);
#2153 = EDGE_CURVE('',#2130,#2040,#2154,.T.);
#2154 = CIRCLE('',#2155,1.375);
#2155 = AXIS2_PLACEMENT_3D('',#2156,#2157,#2158);
#2156 = CARTESIAN_POINT('',(2.54,7.62,0.));
#2157 = DIRECTION('',(0.,0.,1.));
#2158 = DIRECTION('',(1.,0.,-0.));
#2159 = ORIENTED_EDGE('',*,*,#2048,.T.);
#2160 = ORIENTED_EDGE('',*,*,#150,.F.);
#2161 = ORIENTED_EDGE('',*,*,#2129,.F.);
#2162 = CYLINDRICAL_SURFACE('',#2163,1.375);
#2163 = AXIS2_PLACEMENT_3D('',#2164,#2165,#2166);
#2164 = CARTESIAN_POINT('',(2.54,7.62,-1.));
#2165 = DIRECTION('',(0.,0.,1.));
#2166 = DIRECTION('',(1.,0.,-0.));
#2167 = ADVANCED_FACE('',(#2168),#2179,.F.);
#2168 = FACE_BOUND('',#2169,.F.);
#2169 = EDGE_LOOP('',(#2170,#2171,#2177,#2178));
#2170 = ORIENTED_EDGE('',*,*,#2055,.F.);
#2171 = ORIENTED_EDGE('',*,*,#2172,.T.);
#2172 = EDGE_CURVE('',#2056,#1877,#2173,.T.);
#2173 = LINE('',#2174,#2175);
#2174 = CARTESIAN_POINT('',(1.27,3.915,0.));
#2175 = VECTOR('',#2176,1.);
#2176 = DIRECTION('',(-1.,-0.,0.));
#2177 = ORIENTED_EDGE('',*,*,#1876,.T.);
#2178 = ORIENTED_EDGE('',*,*,#133,.F.);
#2179 = PLANE('',#2180);
#2180 = AXIS2_PLACEMENT_3D('',#2181,#2182,#2183);
#2181 = CARTESIAN_POINT('',(2.54,3.915,-1.));
#2182 = DIRECTION('',(-0.,1.,0.));
#2183 = DIRECTION('',(0.,0.,1.));
#2184 = ADVANCED_FACE('',(#2185),#2211,.F.);
#2185 = FACE_BOUND('',#2186,.F.);
#2186 = EDGE_LOOP('',(#2187,#2188,#2196,#2205));
#2187 = ORIENTED_EDGE('',*,*,#263,.F.);
#2188 = ORIENTED_EDGE('',*,*,#2189,.F.);
#2189 = EDGE_CURVE('',#2190,#264,#2192,.T.);
#2190 = VERTEX_POINT('',#2191);
#2191 = CARTESIAN_POINT('',(14.075,7.62,0.));
#2192 = LINE('',#2193,#2194);
#2193 = CARTESIAN_POINT('',(14.075,7.62,-1.));
#2194 = VECTOR('',#2195,1.);
#2195 = DIRECTION('',(0.,0.,1.));
#2196 = ORIENTED_EDGE('',*,*,#2197,.T.);
#2197 = EDGE_CURVE('',#2190,#2198,#2200,.T.);
#2198 = VERTEX_POINT('',#2199);
#2199 = CARTESIAN_POINT('',(11.325,7.62,0.));
#2200 = CIRCLE('',#2201,1.375);
#2201 = AXIS2_PLACEMENT_3D('',#2202,#2203,#2204);
#2202 = CARTESIAN_POINT('',(12.7,7.62,0.));
#2203 = DIRECTION('',(0.,0.,1.));
#2204 = DIRECTION('',(1.,0.,-0.));
#2205 = ORIENTED_EDGE('',*,*,#2206,.T.);
#2206 = EDGE_CURVE('',#2198,#266,#2207,.T.);
#2207 = LINE('',#2208,#2209);
#2208 = CARTESIAN_POINT('',(11.325,7.62,-1.));
#2209 = VECTOR('',#2210,1.);
#2210 = DIRECTION('',(0.,0.,1.));
#2211 = CYLINDRICAL_SURFACE('',#2212,1.375);
#2212 = AXIS2_PLACEMENT_3D('',#2213,#2214,#2215);
#2213 = CARTESIAN_POINT('',(12.7,7.62,-1.));
#2214 = DIRECTION('',(0.,0.,1.));
#2215 = DIRECTION('',(1.,0.,-0.));
#2216 = ADVANCED_FACE('',(#2217),#2235,.F.);
#2217 = FACE_BOUND('',#2218,.F.);
#2218 = EDGE_LOOP('',(#2219,#2227,#2233,#2234));
#2219 = ORIENTED_EDGE('',*,*,#2220,.F.);
#2220 = EDGE_CURVE('',#2221,#275,#2223,.T.);
#2221 = VERTEX_POINT('',#2222);
#2222 = CARTESIAN_POINT('',(14.075,2.54,0.));
#2223 = LINE('',#2224,#2225);
#2224 = CARTESIAN_POINT('',(14.075,2.54,-1.));
#2225 = VECTOR('',#2226,1.);
#2226 = DIRECTION('',(0.,0.,1.));
#2227 = ORIENTED_EDGE('',*,*,#2228,.T.);
#2228 = EDGE_CURVE('',#2221,#2190,#2229,.T.);
#2229 = LINE('',#2230,#2231);
#2230 = CARTESIAN_POINT('',(14.075,1.27,0.));
#2231 = VECTOR('',#2232,1.);
#2232 = DIRECTION('',(-0.,1.,0.));
#2233 = ORIENTED_EDGE('',*,*,#2189,.T.);
#2234 = ORIENTED_EDGE('',*,*,#274,.F.);
#2235 = PLANE('',#2236);
#2236 = AXIS2_PLACEMENT_3D('',#2237,#2238,#2239);
#2237 = CARTESIAN_POINT('',(14.075,2.54,-1.));
#2238 = DIRECTION('',(1.,0.,-0.));
#2239 = DIRECTION('',(0.,0.,1.));
#2240 = ADVANCED_FACE('',(#2241),#2259,.T.);
#2241 = FACE_BOUND('',#2242,.T.);
#2242 = EDGE_LOOP('',(#2243,#2251,#2257,#2258));
#2243 = ORIENTED_EDGE('',*,*,#2244,.F.);
#2244 = EDGE_CURVE('',#2245,#283,#2247,.T.);
#2245 = VERTEX_POINT('',#2246);
#2246 = CARTESIAN_POINT('',(11.325,2.54,0.));
#2247 = LINE('',#2248,#2249);
#2248 = CARTESIAN_POINT('',(11.325,2.54,-1.));
#2249 = VECTOR('',#2250,1.);
#2250 = DIRECTION('',(0.,0.,1.));
#2251 = ORIENTED_EDGE('',*,*,#2252,.T.);
#2252 = EDGE_CURVE('',#2245,#2198,#2253,.T.);
#2253 = LINE('',#2254,#2255);
#2254 = CARTESIAN_POINT('',(11.325,1.27,0.));
#2255 = VECTOR('',#2256,1.);
#2256 = DIRECTION('',(-0.,1.,0.));
#2257 = ORIENTED_EDGE('',*,*,#2206,.T.);
#2258 = ORIENTED_EDGE('',*,*,#291,.F.);
#2259 = PLANE('',#2260);
#2260 = AXIS2_PLACEMENT_3D('',#2261,#2262,#2263);
#2261 = CARTESIAN_POINT('',(11.325,2.54,-1.));
#2262 = DIRECTION('',(1.,0.,-0.));
#2263 = DIRECTION('',(0.,0.,1.));
#2264 = ADVANCED_FACE('',(#2265),#2277,.F.);
#2265 = FACE_BOUND('',#2266,.F.);
#2266 = EDGE_LOOP('',(#2267,#2268,#2269,#2270));
#2267 = ORIENTED_EDGE('',*,*,#2220,.T.);
#2268 = ORIENTED_EDGE('',*,*,#282,.F.);
#2269 = ORIENTED_EDGE('',*,*,#2244,.F.);
#2270 = ORIENTED_EDGE('',*,*,#2271,.T.);
#2271 = EDGE_CURVE('',#2245,#2221,#2272,.T.);
#2272 = CIRCLE('',#2273,1.375);
#2273 = AXIS2_PLACEMENT_3D('',#2274,#2275,#2276);
#2274 = CARTESIAN_POINT('',(12.7,2.54,0.));
#2275 = DIRECTION('',(0.,0.,1.));
#2276 = DIRECTION('',(1.,0.,-0.));
#2277 = CYLINDRICAL_SURFACE('',#2278,1.375);
#2278 = AXIS2_PLACEMENT_3D('',#2279,#2280,#2281);
#2279 = CARTESIAN_POINT('',(12.7,2.54,-1.));
#2280 = DIRECTION('',(0.,0.,1.));
#2281 = DIRECTION('',(1.,0.,-0.));
#2282 = ADVANCED_FACE('',(#2283),#2309,.F.);
#2283 = FACE_BOUND('',#2284,.F.);
#2284 = EDGE_LOOP('',(#2285,#2286,#2294,#2303));
#2285 = ORIENTED_EDGE('',*,*,#299,.F.);
#2286 = ORIENTED_EDGE('',*,*,#2287,.F.);
#2287 = EDGE_CURVE('',#2288,#300,#2290,.T.);
#2288 = VERTEX_POINT('',#2289);
#2289 = CARTESIAN_POINT('',(17.78,3.915,0.));
#2290 = LINE('',#2291,#2292);
#2291 = CARTESIAN_POINT('',(17.78,3.915,-1.));
#2292 = VECTOR('',#2293,1.);
#2293 = DIRECTION('',(0.,0.,1.));
#2294 = ORIENTED_EDGE('',*,*,#2295,.T.);
#2295 = EDGE_CURVE('',#2288,#2296,#2298,.T.);
#2296 = VERTEX_POINT('',#2297);
#2297 = CARTESIAN_POINT('',(17.78,1.165,0.));
#2298 = CIRCLE('',#2299,1.375);
#2299 = AXIS2_PLACEMENT_3D('',#2300,#2301,#2302);
#2300 = CARTESIAN_POINT('',(17.78,2.54,0.));
#2301 = DIRECTION('',(0.,0.,1.));
#2302 = DIRECTION('',(1.,0.,-0.));
#2303 = ORIENTED_EDGE('',*,*,#2304,.T.);
#2304 = EDGE_CURVE('',#2296,#302,#2305,.T.);
#2305 = LINE('',#2306,#2307);
#2306 = CARTESIAN_POINT('',(17.78,1.165,-1.));
#2307 = VECTOR('',#2308,1.);
#2308 = DIRECTION('',(0.,0.,1.));
#2309 = CYLINDRICAL_SURFACE('',#2310,1.375);
#2310 = AXIS2_PLACEMENT_3D('',#2311,#2312,#2313);
#2311 = CARTESIAN_POINT('',(17.78,2.54,-1.));
#2312 = DIRECTION('',(0.,0.,1.));
#2313 = DIRECTION('',(1.,0.,-0.));
#2314 = ADVANCED_FACE('',(#2315),#2333,.F.);
#2315 = FACE_BOUND('',#2316,.F.);
#2316 = EDGE_LOOP('',(#2317,#2325,#2326,#2327));
#2317 = ORIENTED_EDGE('',*,*,#2318,.T.);
#2318 = EDGE_CURVE('',#2319,#2288,#2321,.T.);
#2319 = VERTEX_POINT('',#2320);
#2320 = CARTESIAN_POINT('',(22.86,3.915,0.));
#2321 = LINE('',#2322,#2323);
#2322 = CARTESIAN_POINT('',(8.89,3.915,0.));
#2323 = VECTOR('',#2324,1.);
#2324 = DIRECTION('',(-1.,-0.,0.));
#2325 = ORIENTED_EDGE('',*,*,#2287,.T.);
#2326 = ORIENTED_EDGE('',*,*,#310,.F.);
#2327 = ORIENTED_EDGE('',*,*,#2328,.F.);
#2328 = EDGE_CURVE('',#2319,#311,#2329,.T.);
#2329 = LINE('',#2330,#2331);
#2330 = CARTESIAN_POINT('',(22.86,3.915,-1.));
#2331 = VECTOR('',#2332,1.);
#2332 = DIRECTION('',(0.,0.,1.));
#2333 = PLANE('',#2334);
#2334 = AXIS2_PLACEMENT_3D('',#2335,#2336,#2337);
#2335 = CARTESIAN_POINT('',(17.78,3.915,-1.));
#2336 = DIRECTION('',(-0.,1.,0.));
#2337 = DIRECTION('',(0.,0.,1.));
#2338 = ADVANCED_FACE('',(#2339),#2357,.T.);
#2339 = FACE_BOUND('',#2340,.T.);
#2340 = EDGE_LOOP('',(#2341,#2349,#2350,#2351));
#2341 = ORIENTED_EDGE('',*,*,#2342,.T.);
#2342 = EDGE_CURVE('',#2343,#2296,#2345,.T.);
#2343 = VERTEX_POINT('',#2344);
#2344 = CARTESIAN_POINT('',(22.86,1.165,0.));
#2345 = LINE('',#2346,#2347);
#2346 = CARTESIAN_POINT('',(8.89,1.165,0.));
#2347 = VECTOR('',#2348,1.);
#2348 = DIRECTION('',(-1.,-0.,0.));
#2349 = ORIENTED_EDGE('',*,*,#2304,.T.);
#2350 = ORIENTED_EDGE('',*,*,#336,.F.);
#2351 = ORIENTED_EDGE('',*,*,#2352,.F.);
#2352 = EDGE_CURVE('',#2343,#328,#2353,.T.);
#2353 = LINE('',#2354,#2355);
#2354 = CARTESIAN_POINT('',(22.86,1.165,-1.));
#2355 = VECTOR('',#2356,1.);
#2356 = DIRECTION('',(0.,0.,1.));
#2357 = PLANE('',#2358);
#2358 = AXIS2_PLACEMENT_3D('',#2359,#2360,#2361);
#2359 = CARTESIAN_POINT('',(17.78,1.165,-1.));
#2360 = DIRECTION('',(-0.,1.,0.));
#2361 = DIRECTION('',(0.,0.,1.));
#2362 = ADVANCED_FACE('',(#2363),#2385,.F.);
#2363 = FACE_BOUND('',#2364,.F.);
#2364 = EDGE_LOOP('',(#2365,#2366,#2367,#2368,#2369,#2378));
#2365 = ORIENTED_EDGE('',*,*,#2328,.T.);
#2366 = ORIENTED_EDGE('',*,*,#318,.F.);
#2367 = ORIENTED_EDGE('',*,*,#327,.F.);
#2368 = ORIENTED_EDGE('',*,*,#2352,.F.);
#2369 = ORIENTED_EDGE('',*,*,#2370,.T.);
#2370 = EDGE_CURVE('',#2343,#2371,#2373,.T.);
#2371 = VERTEX_POINT('',#2372);
#2372 = CARTESIAN_POINT('',(24.235,2.54,0.));
#2373 = CIRCLE('',#2374,1.375);
#2374 = AXIS2_PLACEMENT_3D('',#2375,#2376,#2377);
#2375 = CARTESIAN_POINT('',(22.86,2.54,0.));
#2376 = DIRECTION('',(0.,0.,1.));
#2377 = DIRECTION('',(1.,0.,-0.));
#2378 = ORIENTED_EDGE('',*,*,#2379,.T.);
#2379 = EDGE_CURVE('',#2371,#2319,#2380,.T.);
#2380 = CIRCLE('',#2381,1.375);
#2381 = AXIS2_PLACEMENT_3D('',#2382,#2383,#2384);
#2382 = CARTESIAN_POINT('',(22.86,2.54,0.));
#2383 = DIRECTION('',(0.,0.,1.));
#2384 = DIRECTION('',(1.,0.,-0.));
#2385 = CYLINDRICAL_SURFACE('',#2386,1.375);
#2386 = AXIS2_PLACEMENT_3D('',#2387,#2388,#2389);
#2387 = CARTESIAN_POINT('',(22.86,2.54,-1.));
#2388 = DIRECTION('',(0.,0.,1.));
#2389 = DIRECTION('',(1.,0.,-0.));
#2390 = ADVANCED_FACE('',(#2391),#2410,.F.);
#2391 = FACE_BOUND('',#2392,.F.);
#2392 = EDGE_LOOP('',(#2393,#2394,#2402,#2409));
#2393 = ORIENTED_EDGE('',*,*,#344,.F.);
#2394 = ORIENTED_EDGE('',*,*,#2395,.F.);
#2395 = EDGE_CURVE('',#2396,#345,#2398,.T.);
#2396 = VERTEX_POINT('',#2397);
#2397 = CARTESIAN_POINT('',(24.235,7.62,0.));
#2398 = LINE('',#2399,#2400);
#2399 = CARTESIAN_POINT('',(24.235,7.62,-1.));
#2400 = VECTOR('',#2401,1.);
#2401 = DIRECTION('',(0.,0.,1.));
#2402 = ORIENTED_EDGE('',*,*,#2403,.T.);
#2403 = EDGE_CURVE('',#2396,#2396,#2404,.T.);
#2404 = CIRCLE('',#2405,1.375);
#2405 = AXIS2_PLACEMENT_3D('',#2406,#2407,#2408);
#2406 = CARTESIAN_POINT('',(22.86,7.62,0.));
#2407 = DIRECTION('',(0.,0.,1.));
#2408 = DIRECTION('',(1.,0.,-0.));
#2409 = ORIENTED_EDGE('',*,*,#2395,.T.);
#2410 = CYLINDRICAL_SURFACE('',#2411,1.375);
#2411 = AXIS2_PLACEMENT_3D('',#2412,#2413,#2414);
#2412 = CARTESIAN_POINT('',(22.86,7.62,-1.));
#2413 = DIRECTION('',(0.,0.,1.));
#2414 = DIRECTION('',(1.,0.,-0.));
#2415 = ADVANCED_FACE('',(#2416),#2442,.F.);
#2416 = FACE_BOUND('',#2417,.F.);
#2417 = EDGE_LOOP('',(#2418,#2419,#2427,#2436));
#2418 = ORIENTED_EDGE('',*,*,#355,.F.);
#2419 = ORIENTED_EDGE('',*,*,#2420,.F.);
#2420 = EDGE_CURVE('',#2421,#356,#2423,.T.);
#2421 = VERTEX_POINT('',#2422);
#2422 = CARTESIAN_POINT('',(29.315,7.62,0.));
#2423 = LINE('',#2424,#2425);
#2424 = CARTESIAN_POINT('',(29.315,7.62,-1.));
#2425 = VECTOR('',#2426,1.);
#2426 = DIRECTION('',(0.,0.,1.));
#2427 = ORIENTED_EDGE('',*,*,#2428,.T.);
#2428 = EDGE_CURVE('',#2421,#2429,#2431,.T.);
#2429 = VERTEX_POINT('',#2430);
#2430 = CARTESIAN_POINT('',(26.565,7.62,0.));
#2431 = CIRCLE('',#2432,1.375);
#2432 = AXIS2_PLACEMENT_3D('',#2433,#2434,#2435);
#2433 = CARTESIAN_POINT('',(27.94,7.62,0.));
#2434 = DIRECTION('',(0.,0.,1.));
#2435 = DIRECTION('',(1.,0.,-0.));
#2436 = ORIENTED_EDGE('',*,*,#2437,.T.);
#2437 = EDGE_CURVE('',#2429,#358,#2438,.T.);
#2438 = LINE('',#2439,#2440);
#2439 = CARTESIAN_POINT('',(26.565,7.62,-1.));
#2440 = VECTOR('',#2441,1.);
#2441 = DIRECTION('',(0.,0.,1.));
#2442 = CYLINDRICAL_SURFACE('',#2443,1.375);
#2443 = AXIS2_PLACEMENT_3D('',#2444,#2445,#2446);
#2444 = CARTESIAN_POINT('',(27.94,7.62,-1.));
#2445 = DIRECTION('',(0.,0.,1.));
#2446 = DIRECTION('',(1.,0.,-0.));
#2447 = ADVANCED_FACE('',(#2448),#2466,.F.);
#2448 = FACE_BOUND('',#2449,.F.);
#2449 = EDGE_LOOP('',(#2450,#2458,#2464,#2465));
#2450 = ORIENTED_EDGE('',*,*,#2451,.F.);
#2451 = EDGE_CURVE('',#2452,#367,#2454,.T.);
#2452 = VERTEX_POINT('',#2453);
#2453 = CARTESIAN_POINT('',(29.315,2.54,0.));
#2454 = LINE('',#2455,#2456);
#2455 = CARTESIAN_POINT('',(29.315,2.54,-1.));
#2456 = VECTOR('',#2457,1.);
#2457 = DIRECTION('',(0.,0.,1.));
#2458 = ORIENTED_EDGE('',*,*,#2459,.T.);
#2459 = EDGE_CURVE('',#2452,#2421,#2460,.T.);
#2460 = LINE('',#2461,#2462);
#2461 = CARTESIAN_POINT('',(29.315,1.27,0.));
#2462 = VECTOR('',#2463,1.);
#2463 = DIRECTION('',(-0.,1.,0.));
#2464 = ORIENTED_EDGE('',*,*,#2420,.T.);
#2465 = ORIENTED_EDGE('',*,*,#366,.F.);
#2466 = PLANE('',#2467);
#2467 = AXIS2_PLACEMENT_3D('',#2468,#2469,#2470);
#2468 = CARTESIAN_POINT('',(29.315,2.54,-1.));
#2469 = DIRECTION('',(1.,0.,-0.));
#2470 = DIRECTION('',(0.,0.,1.));
#2471 = ADVANCED_FACE('',(#2472),#2490,.T.);
#2472 = FACE_BOUND('',#2473,.T.);
#2473 = EDGE_LOOP('',(#2474,#2482,#2488,#2489));
#2474 = ORIENTED_EDGE('',*,*,#2475,.F.);
#2475 = EDGE_CURVE('',#2476,#375,#2478,.T.);
#2476 = VERTEX_POINT('',#2477);
#2477 = CARTESIAN_POINT('',(26.565,2.54,0.));
#2478 = LINE('',#2479,#2480);
#2479 = CARTESIAN_POINT('',(26.565,2.54,-1.));
#2480 = VECTOR('',#2481,1.);
#2481 = DIRECTION('',(0.,0.,1.));
#2482 = ORIENTED_EDGE('',*,*,#2483,.T.);
#2483 = EDGE_CURVE('',#2476,#2429,#2484,.T.);
#2484 = LINE('',#2485,#2486);
#2485 = CARTESIAN_POINT('',(26.565,1.27,0.));
#2486 = VECTOR('',#2487,1.);
#2487 = DIRECTION('',(-0.,1.,0.));
#2488 = ORIENTED_EDGE('',*,*,#2437,.T.);
#2489 = ORIENTED_EDGE('',*,*,#383,.F.);
#2490 = PLANE('',#2491);
#2491 = AXIS2_PLACEMENT_3D('',#2492,#2493,#2494);
#2492 = CARTESIAN_POINT('',(26.565,2.54,-1.));
#2493 = DIRECTION('',(1.,0.,-0.));
#2494 = DIRECTION('',(0.,0.,1.));
#2495 = ADVANCED_FACE('',(#2496),#2508,.F.);
#2496 = FACE_BOUND('',#2497,.F.);
#2497 = EDGE_LOOP('',(#2498,#2499,#2500,#2501));
#2498 = ORIENTED_EDGE('',*,*,#2451,.T.);
#2499 = ORIENTED_EDGE('',*,*,#374,.F.);
#2500 = ORIENTED_EDGE('',*,*,#2475,.F.);
#2501 = ORIENTED_EDGE('',*,*,#2502,.T.);
#2502 = EDGE_CURVE('',#2476,#2452,#2503,.T.);
#2503 = CIRCLE('',#2504,1.375);
#2504 = AXIS2_PLACEMENT_3D('',#2505,#2506,#2507);
#2505 = CARTESIAN_POINT('',(27.94,2.54,0.));
#2506 = DIRECTION('',(0.,0.,1.));
#2507 = DIRECTION('',(1.,0.,-0.));
#2508 = CYLINDRICAL_SURFACE('',#2509,1.375);
#2509 = AXIS2_PLACEMENT_3D('',#2510,#2511,#2512);
#2510 = CARTESIAN_POINT('',(27.94,2.54,-1.));
#2511 = DIRECTION('',(0.,0.,1.));
#2512 = DIRECTION('',(1.,0.,-0.));
#2513 = ADVANCED_FACE('',(#2514),#2540,.F.);
#2514 = FACE_BOUND('',#2515,.F.);
#2515 = EDGE_LOOP('',(#2516,#2517,#2525,#2534));
#2516 = ORIENTED_EDGE('',*,*,#391,.F.);
#2517 = ORIENTED_EDGE('',*,*,#2518,.F.);
#2518 = EDGE_CURVE('',#2519,#392,#2521,.T.);
#2519 = VERTEX_POINT('',#2520);
#2520 = CARTESIAN_POINT('',(7.62,14.075,0.));
#2521 = LINE('',#2522,#2523);
#2522 = CARTESIAN_POINT('',(7.62,14.075,-1.));
#2523 = VECTOR('',#2524,1.);
#2524 = DIRECTION('',(0.,0.,1.));
#2525 = ORIENTED_EDGE('',*,*,#2526,.T.);
#2526 = EDGE_CURVE('',#2519,#2527,#2529,.T.);
#2527 = VERTEX_POINT('',#2528);
#2528 = CARTESIAN_POINT('',(7.62,11.325,0.));
#2529 = CIRCLE('',#2530,1.375);
#2530 = AXIS2_PLACEMENT_3D('',#2531,#2532,#2533);
#2531 = CARTESIAN_POINT('',(7.62,12.7,0.));
#2532 = DIRECTION('',(0.,0.,1.));
#2533 = DIRECTION('',(1.,0.,-0.));
#2534 = ORIENTED_EDGE('',*,*,#2535,.T.);
#2535 = EDGE_CURVE('',#2527,#394,#2536,.T.);
#2536 = LINE('',#2537,#2538);
#2537 = CARTESIAN_POINT('',(7.62,11.325,-1.));
#2538 = VECTOR('',#2539,1.);
#2539 = DIRECTION('',(0.,0.,1.));
#2540 = CYLINDRICAL_SURFACE('',#2541,1.375);
#2541 = AXIS2_PLACEMENT_3D('',#2542,#2543,#2544);
#2542 = CARTESIAN_POINT('',(7.62,12.7,-1.));
#2543 = DIRECTION('',(0.,0.,1.));
#2544 = DIRECTION('',(1.,0.,-0.));
#2545 = ADVANCED_FACE('',(#2546),#2564,.F.);
#2546 = FACE_BOUND('',#2547,.F.);
#2547 = EDGE_LOOP('',(#2548,#2556,#2557,#2558));
#2548 = ORIENTED_EDGE('',*,*,#2549,.T.);
#2549 = EDGE_CURVE('',#2550,#2519,#2552,.T.);
#2550 = VERTEX_POINT('',#2551);
#2551 = CARTESIAN_POINT('',(12.7,14.075,0.));
#2552 = LINE('',#2553,#2554);
#2553 = CARTESIAN_POINT('',(3.81,14.075,0.));
#2554 = VECTOR('',#2555,1.);
#2555 = DIRECTION('',(-1.,-0.,0.));
#2556 = ORIENTED_EDGE('',*,*,#2518,.T.);
#2557 = ORIENTED_EDGE('',*,*,#402,.F.);
#2558 = ORIENTED_EDGE('',*,*,#2559,.F.);
#2559 = EDGE_CURVE('',#2550,#403,#2560,.T.);
#2560 = LINE('',#2561,#2562);
#2561 = CARTESIAN_POINT('',(12.7,14.075,-1.));
#2562 = VECTOR('',#2563,1.);
#2563 = DIRECTION('',(0.,0.,1.));
#2564 = PLANE('',#2565);
#2565 = AXIS2_PLACEMENT_3D('',#2566,#2567,#2568);
#2566 = CARTESIAN_POINT('',(7.62,14.075,-1.));
#2567 = DIRECTION('',(-0.,1.,0.));
#2568 = DIRECTION('',(0.,0.,1.));
#2569 = ADVANCED_FACE('',(#2570),#2588,.T.);
#2570 = FACE_BOUND('',#2571,.T.);
#2571 = EDGE_LOOP('',(#2572,#2580,#2581,#2582));
#2572 = ORIENTED_EDGE('',*,*,#2573,.T.);
#2573 = EDGE_CURVE('',#2574,#2527,#2576,.T.);
#2574 = VERTEX_POINT('',#2575);
#2575 = CARTESIAN_POINT('',(12.7,11.325,0.));
#2576 = LINE('',#2577,#2578);
#2577 = CARTESIAN_POINT('',(3.81,11.325,0.));
#2578 = VECTOR('',#2579,1.);
#2579 = DIRECTION('',(-1.,-0.,0.));
#2580 = ORIENTED_EDGE('',*,*,#2535,.T.);
#2581 = ORIENTED_EDGE('',*,*,#428,.F.);
#2582 = ORIENTED_EDGE('',*,*,#2583,.F.);
#2583 = EDGE_CURVE('',#2574,#420,#2584,.T.);
#2584 = LINE('',#2585,#2586);
#2585 = CARTESIAN_POINT('',(12.7,11.325,-1.));
#2586 = VECTOR('',#2587,1.);
#2587 = DIRECTION('',(0.,0.,1.));
#2588 = PLANE('',#2589);
#2589 = AXIS2_PLACEMENT_3D('',#2590,#2591,#2592);
#2590 = CARTESIAN_POINT('',(7.62,11.325,-1.));
#2591 = DIRECTION('',(-0.,1.,0.));
#2592 = DIRECTION('',(0.,0.,1.));
#2593 = ADVANCED_FACE('',(#2594),#2616,.F.);
#2594 = FACE_BOUND('',#2595,.F.);
#2595 = EDGE_LOOP('',(#2596,#2597,#2598,#2599,#2600,#2609));
#2596 = ORIENTED_EDGE('',*,*,#2559,.T.);
#2597 = ORIENTED_EDGE('',*,*,#410,.F.);
#2598 = ORIENTED_EDGE('',*,*,#419,.F.);
#2599 = ORIENTED_EDGE('',*,*,#2583,.F.);
#2600 = ORIENTED_EDGE('',*,*,#2601,.T.);
#2601 = EDGE_CURVE('',#2574,#2602,#2604,.T.);
#2602 = VERTEX_POINT('',#2603);
#2603 = CARTESIAN_POINT('',(14.075,12.7,0.));
#2604 = CIRCLE('',#2605,1.375);
#2605 = AXIS2_PLACEMENT_3D('',#2606,#2607,#2608);
#2606 = CARTESIAN_POINT('',(12.7,12.7,0.));
#2607 = DIRECTION('',(0.,0.,1.));
#2608 = DIRECTION('',(1.,0.,-0.));
#2609 = ORIENTED_EDGE('',*,*,#2610,.T.);
#2610 = EDGE_CURVE('',#2602,#2550,#2611,.T.);
#2611 = CIRCLE('',#2612,1.375);
#2612 = AXIS2_PLACEMENT_3D('',#2613,#2614,#2615);
#2613 = CARTESIAN_POINT('',(12.7,12.7,0.));
#2614 = DIRECTION('',(0.,0.,1.));
#2615 = DIRECTION('',(1.,0.,-0.));
#2616 = CYLINDRICAL_SURFACE('',#2617,1.375);
#2617 = AXIS2_PLACEMENT_3D('',#2618,#2619,#2620);
#2618 = CARTESIAN_POINT('',(12.7,12.7,-1.));
#2619 = DIRECTION('',(0.,0.,1.));
#2620 = DIRECTION('',(1.,0.,-0.));
#2621 = ADVANCED_FACE('',(#2622),#2648,.F.);
#2622 = FACE_BOUND('',#2623,.F.);
#2623 = EDGE_LOOP('',(#2624,#2625,#2633,#2642));
#2624 = ORIENTED_EDGE('',*,*,#436,.F.);
#2625 = ORIENTED_EDGE('',*,*,#2626,.F.);
#2626 = EDGE_CURVE('',#2627,#437,#2629,.T.);
#2627 = VERTEX_POINT('',#2628);
#2628 = CARTESIAN_POINT('',(19.155,12.7,0.));
#2629 = LINE('',#2630,#2631);
#2630 = CARTESIAN_POINT('',(19.155,12.7,-1.));
#2631 = VECTOR('',#2632,1.);
#2632 = DIRECTION('',(0.,0.,1.));
#2633 = ORIENTED_EDGE('',*,*,#2634,.T.);
#2634 = EDGE_CURVE('',#2627,#2635,#2637,.T.);
#2635 = VERTEX_POINT('',#2636);
#2636 = CARTESIAN_POINT('',(16.405,12.7,0.));
#2637 = CIRCLE('',#2638,1.375);
#2638 = AXIS2_PLACEMENT_3D('',#2639,#2640,#2641);
#2639 = CARTESIAN_POINT('',(17.78,12.7,0.));
#2640 = DIRECTION('',(0.,0.,1.));
#2641 = DIRECTION('',(1.,0.,-0.));
#2642 = ORIENTED_EDGE('',*,*,#2643,.T.);
#2643 = EDGE_CURVE('',#2635,#439,#2644,.T.);
#2644 = LINE('',#2645,#2646);
#2645 = CARTESIAN_POINT('',(16.405,12.7,-1.));
#2646 = VECTOR('',#2647,1.);
#2647 = DIRECTION('',(0.,0.,1.));
#2648 = CYLINDRICAL_SURFACE('',#2649,1.375);
#2649 = AXIS2_PLACEMENT_3D('',#2650,#2651,#2652);
#2650 = CARTESIAN_POINT('',(17.78,12.7,-1.));
#2651 = DIRECTION('',(0.,0.,1.));
#2652 = DIRECTION('',(1.,0.,-0.));
#2653 = ADVANCED_FACE('',(#2654),#2672,.F.);
#2654 = FACE_BOUND('',#2655,.F.);
#2655 = EDGE_LOOP('',(#2656,#2664,#2670,#2671));
#2656 = ORIENTED_EDGE('',*,*,#2657,.F.);
#2657 = EDGE_CURVE('',#2658,#448,#2660,.T.);
#2658 = VERTEX_POINT('',#2659);
#2659 = CARTESIAN_POINT('',(19.155,7.62,0.));
#2660 = LINE('',#2661,#2662);
#2661 = CARTESIAN_POINT('',(19.155,7.62,-1.));
#2662 = VECTOR('',#2663,1.);
#2663 = DIRECTION('',(0.,0.,1.));
#2664 = ORIENTED_EDGE('',*,*,#2665,.T.);
#2665 = EDGE_CURVE('',#2658,#2627,#2666,.T.);
#2666 = LINE('',#2667,#2668);
#2667 = CARTESIAN_POINT('',(19.155,3.81,0.));
#2668 = VECTOR('',#2669,1.);
#2669 = DIRECTION('',(-0.,1.,0.));
#2670 = ORIENTED_EDGE('',*,*,#2626,.T.);
#2671 = ORIENTED_EDGE('',*,*,#447,.F.);
#2672 = PLANE('',#2673);
#2673 = AXIS2_PLACEMENT_3D('',#2674,#2675,#2676);
#2674 = CARTESIAN_POINT('',(19.155,7.62,-1.));
#2675 = DIRECTION('',(1.,0.,-0.));
#2676 = DIRECTION('',(0.,0.,1.));
#2677 = ADVANCED_FACE('',(#2678),#2696,.T.);
#2678 = FACE_BOUND('',#2679,.T.);
#2679 = EDGE_LOOP('',(#2680,#2688,#2694,#2695));
#2680 = ORIENTED_EDGE('',*,*,#2681,.F.);
#2681 = EDGE_CURVE('',#2682,#456,#2684,.T.);
#2682 = VERTEX_POINT('',#2683);
#2683 = CARTESIAN_POINT('',(16.405,7.62,0.));
#2684 = LINE('',#2685,#2686);
#2685 = CARTESIAN_POINT('',(16.405,7.62,-1.));
#2686 = VECTOR('',#2687,1.);
#2687 = DIRECTION('',(0.,0.,1.));
#2688 = ORIENTED_EDGE('',*,*,#2689,.T.);
#2689 = EDGE_CURVE('',#2682,#2635,#2690,.T.);
#2690 = LINE('',#2691,#2692);
#2691 = CARTESIAN_POINT('',(16.405,3.81,0.));
#2692 = VECTOR('',#2693,1.);
#2693 = DIRECTION('',(-0.,1.,0.));
#2694 = ORIENTED_EDGE('',*,*,#2643,.T.);
#2695 = ORIENTED_EDGE('',*,*,#464,.F.);
#2696 = PLANE('',#2697);
#2697 = AXIS2_PLACEMENT_3D('',#2698,#2699,#2700);
#2698 = CARTESIAN_POINT('',(16.405,7.62,-1.));
#2699 = DIRECTION('',(1.,0.,-0.));
#2700 = DIRECTION('',(0.,0.,1.));
#2701 = ADVANCED_FACE('',(#2702),#2714,.F.);
#2702 = FACE_BOUND('',#2703,.F.);
#2703 = EDGE_LOOP('',(#2704,#2705,#2706,#2707));
#2704 = ORIENTED_EDGE('',*,*,#2657,.T.);
#2705 = ORIENTED_EDGE('',*,*,#455,.F.);
#2706 = ORIENTED_EDGE('',*,*,#2681,.F.);
#2707 = ORIENTED_EDGE('',*,*,#2708,.T.);
#2708 = EDGE_CURVE('',#2682,#2658,#2709,.T.);
#2709 = CIRCLE('',#2710,1.375);
#2710 = AXIS2_PLACEMENT_3D('',#2711,#2712,#2713);
#2711 = CARTESIAN_POINT('',(17.78,7.62,0.));
#2712 = DIRECTION('',(0.,0.,1.));
#2713 = DIRECTION('',(1.,0.,-0.));
#2714 = CYLINDRICAL_SURFACE('',#2715,1.375);
#2715 = AXIS2_PLACEMENT_3D('',#2716,#2717,#2718);
#2716 = CARTESIAN_POINT('',(17.78,7.62,-1.));
#2717 = DIRECTION('',(0.,0.,1.));
#2718 = DIRECTION('',(1.,0.,-0.));
#2719 = ADVANCED_FACE('',(#2720),#2746,.F.);
#2720 = FACE_BOUND('',#2721,.F.);
#2721 = EDGE_LOOP('',(#2722,#2723,#2731,#2740));
#2722 = ORIENTED_EDGE('',*,*,#472,.F.);
#2723 = ORIENTED_EDGE('',*,*,#2724,.F.);
#2724 = EDGE_CURVE('',#2725,#473,#2727,.T.);
#2725 = VERTEX_POINT('',#2726);
#2726 = CARTESIAN_POINT('',(22.86,14.075,0.));
#2727 = LINE('',#2728,#2729);
#2728 = CARTESIAN_POINT('',(22.86,14.075,-1.));
#2729 = VECTOR('',#2730,1.);
#2730 = DIRECTION('',(0.,0.,1.));
#2731 = ORIENTED_EDGE('',*,*,#2732,.T.);
#2732 = EDGE_CURVE('',#2725,#2733,#2735,.T.);
#2733 = VERTEX_POINT('',#2734);
#2734 = CARTESIAN_POINT('',(22.86,11.325,0.));
#2735 = CIRCLE('',#2736,1.375);
#2736 = AXIS2_PLACEMENT_3D('',#2737,#2738,#2739);
#2737 = CARTESIAN_POINT('',(22.86,12.7,0.));
#2738 = DIRECTION('',(0.,0.,1.));
#2739 = DIRECTION('',(1.,0.,-0.));
#2740 = ORIENTED_EDGE('',*,*,#2741,.T.);
#2741 = EDGE_CURVE('',#2733,#475,#2742,.T.);
#2742 = LINE('',#2743,#2744);
#2743 = CARTESIAN_POINT('',(22.86,11.325,-1.));
#2744 = VECTOR('',#2745,1.);
#2745 = DIRECTION('',(0.,0.,1.));
#2746 = CYLINDRICAL_SURFACE('',#2747,1.375);
#2747 = AXIS2_PLACEMENT_3D('',#2748,#2749,#2750);
#2748 = CARTESIAN_POINT('',(22.86,12.7,-1.));
#2749 = DIRECTION('',(0.,0.,1.));
#2750 = DIRECTION('',(1.,0.,-0.));
#2751 = ADVANCED_FACE('',(#2752),#2770,.F.);
#2752 = FACE_BOUND('',#2753,.F.);
#2753 = EDGE_LOOP('',(#2754,#2762,#2763,#2764));
#2754 = ORIENTED_EDGE('',*,*,#2755,.T.);
#2755 = EDGE_CURVE('',#2756,#2725,#2758,.T.);
#2756 = VERTEX_POINT('',#2757);
#2757 = CARTESIAN_POINT('',(27.94,14.075,0.));
#2758 = LINE('',#2759,#2760);
#2759 = CARTESIAN_POINT('',(11.43,14.075,0.));
#2760 = VECTOR('',#2761,1.);
#2761 = DIRECTION('',(-1.,-0.,0.));
#2762 = ORIENTED_EDGE('',*,*,#2724,.T.);
#2763 = ORIENTED_EDGE('',*,*,#483,.F.);
#2764 = ORIENTED_EDGE('',*,*,#2765,.F.);
#2765 = EDGE_CURVE('',#2756,#484,#2766,.T.);
#2766 = LINE('',#2767,#2768);
#2767 = CARTESIAN_POINT('',(27.94,14.075,-1.));
#2768 = VECTOR('',#2769,1.);
#2769 = DIRECTION('',(0.,0.,1.));
#2770 = PLANE('',#2771);
#2771 = AXIS2_PLACEMENT_3D('',#2772,#2773,#2774);
#2772 = CARTESIAN_POINT('',(22.86,14.075,-1.));
#2773 = DIRECTION('',(-0.,1.,0.));
#2774 = DIRECTION('',(0.,0.,1.));
#2775 = ADVANCED_FACE('',(#2776),#2794,.T.);
#2776 = FACE_BOUND('',#2777,.T.);
#2777 = EDGE_LOOP('',(#2778,#2786,#2787,#2788));
#2778 = ORIENTED_EDGE('',*,*,#2779,.T.);
#2779 = EDGE_CURVE('',#2780,#2733,#2782,.T.);
#2780 = VERTEX_POINT('',#2781);
#2781 = CARTESIAN_POINT('',(27.94,11.325,0.));
#2782 = LINE('',#2783,#2784);
#2783 = CARTESIAN_POINT('',(11.43,11.325,0.));
#2784 = VECTOR('',#2785,1.);
#2785 = DIRECTION('',(-1.,-0.,0.));
#2786 = ORIENTED_EDGE('',*,*,#2741,.T.);
#2787 = ORIENTED_EDGE('',*,*,#509,.F.);
#2788 = ORIENTED_EDGE('',*,*,#2789,.F.);
#2789 = EDGE_CURVE('',#2780,#501,#2790,.T.);
#2790 = LINE('',#2791,#2792);
#2791 = CARTESIAN_POINT('',(27.94,11.325,-1.));
#2792 = VECTOR('',#2793,1.);
#2793 = DIRECTION('',(0.,0.,1.));
#2794 = PLANE('',#2795);
#2795 = AXIS2_PLACEMENT_3D('',#2796,#2797,#2798);
#2796 = CARTESIAN_POINT('',(22.86,11.325,-1.));
#2797 = DIRECTION('',(-0.,1.,0.));
#2798 = DIRECTION('',(0.,0.,1.));
#2799 = ADVANCED_FACE('',(#2800),#2822,.F.);
#2800 = FACE_BOUND('',#2801,.F.);
#2801 = EDGE_LOOP('',(#2802,#2803,#2804,#2805,#2806,#2815));
#2802 = ORIENTED_EDGE('',*,*,#2765,.T.);
#2803 = ORIENTED_EDGE('',*,*,#491,.F.);
#2804 = ORIENTED_EDGE('',*,*,#500,.F.);
#2805 = ORIENTED_EDGE('',*,*,#2789,.F.);
#2806 = ORIENTED_EDGE('',*,*,#2807,.T.);
#2807 = EDGE_CURVE('',#2780,#2808,#2810,.T.);
#2808 = VERTEX_POINT('',#2809);
#2809 = CARTESIAN_POINT('',(29.315,12.7,0.));
#2810 = CIRCLE('',#2811,1.375);
#2811 = AXIS2_PLACEMENT_3D('',#2812,#2813,#2814);
#2812 = CARTESIAN_POINT('',(27.94,12.7,0.));
#2813 = DIRECTION('',(0.,0.,1.));
#2814 = DIRECTION('',(1.,0.,-0.));
#2815 = ORIENTED_EDGE('',*,*,#2816,.T.);
#2816 = EDGE_CURVE('',#2808,#2756,#2817,.T.);
#2817 = CIRCLE('',#2818,1.375);
#2818 = AXIS2_PLACEMENT_3D('',#2819,#2820,#2821);
#2819 = CARTESIAN_POINT('',(27.94,12.7,0.));
#2820 = DIRECTION('',(0.,0.,1.));
#2821 = DIRECTION('',(1.,0.,-0.));
#2822 = CYLINDRICAL_SURFACE('',#2823,1.375);
#2823 = AXIS2_PLACEMENT_3D('',#2824,#2825,#2826);
#2824 = CARTESIAN_POINT('',(27.94,12.7,-1.));
#2825 = DIRECTION('',(0.,0.,1.));
#2826 = DIRECTION('',(1.,0.,-0.));
#2827 = ADVANCED_FACE('',(#2828),#2854,.F.);
#2828 = FACE_BOUND('',#2829,.F.);
#2829 = EDGE_LOOP('',(#2830,#2831,#2839,#2848));
#2830 = ORIENTED_EDGE('',*,*,#517,.F.);
#2831 = ORIENTED_EDGE('',*,*,#2832,.F.);
#2832 = EDGE_CURVE('',#2833,#518,#2835,.T.);
#2833 = VERTEX_POINT('',#2834);
#2834 = CARTESIAN_POINT('',(33.02,3.915,0.));
#2835 = LINE('',#2836,#2837);
#2836 = CARTESIAN_POINT('',(33.02,3.915,-1.));
#2837 = VECTOR('',#2838,1.);
#2838 = DIRECTION('',(0.,0.,1.));
#2839 = ORIENTED_EDGE('',*,*,#2840,.T.);
#2840 = EDGE_CURVE('',#2833,#2841,#2843,.T.);
#2841 = VERTEX_POINT('',#2842);
#2842 = CARTESIAN_POINT('',(33.02,1.165,0.));
#2843 = CIRCLE('',#2844,1.375);
#2844 = AXIS2_PLACEMENT_3D('',#2845,#2846,#2847);
#2845 = CARTESIAN_POINT('',(33.02,2.54,0.));
#2846 = DIRECTION('',(0.,0.,1.));
#2847 = DIRECTION('',(1.,0.,-0.));
#2848 = ORIENTED_EDGE('',*,*,#2849,.T.);
#2849 = EDGE_CURVE('',#2841,#520,#2850,.T.);
#2850 = LINE('',#2851,#2852);
#2851 = CARTESIAN_POINT('',(33.02,1.165,-1.));
#2852 = VECTOR('',#2853,1.);
#2853 = DIRECTION('',(0.,0.,1.));
#2854 = CYLINDRICAL_SURFACE('',#2855,1.375);
#2855 = AXIS2_PLACEMENT_3D('',#2856,#2857,#2858);
#2856 = CARTESIAN_POINT('',(33.02,2.54,-1.));
#2857 = DIRECTION('',(0.,0.,1.));
#2858 = DIRECTION('',(1.,0.,-0.));
#2859 = ADVANCED_FACE('',(#2860),#2878,.F.);
#2860 = FACE_BOUND('',#2861,.F.);
#2861 = EDGE_LOOP('',(#2862,#2870,#2871,#2872));
#2862 = ORIENTED_EDGE('',*,*,#2863,.T.);
#2863 = EDGE_CURVE('',#2864,#2833,#2866,.T.);
#2864 = VERTEX_POINT('',#2865);
#2865 = CARTESIAN_POINT('',(38.1,3.915,0.));
#2866 = LINE('',#2867,#2868);
#2867 = CARTESIAN_POINT('',(16.51,3.915,0.));
#2868 = VECTOR('',#2869,1.);
#2869 = DIRECTION('',(-1.,-0.,0.));
#2870 = ORIENTED_EDGE('',*,*,#2832,.T.);
#2871 = ORIENTED_EDGE('',*,*,#528,.F.);
#2872 = ORIENTED_EDGE('',*,*,#2873,.F.);
#2873 = EDGE_CURVE('',#2864,#529,#2874,.T.);
#2874 = LINE('',#2875,#2876);
#2875 = CARTESIAN_POINT('',(38.1,3.915,-1.));
#2876 = VECTOR('',#2877,1.);
#2877 = DIRECTION('',(0.,0.,1.));
#2878 = PLANE('',#2879);
#2879 = AXIS2_PLACEMENT_3D('',#2880,#2881,#2882);
#2880 = CARTESIAN_POINT('',(33.02,3.915,-1.));
#2881 = DIRECTION('',(-0.,1.,0.));
#2882 = DIRECTION('',(0.,0.,1.));
#2883 = ADVANCED_FACE('',(#2884),#2902,.T.);
#2884 = FACE_BOUND('',#2885,.T.);
#2885 = EDGE_LOOP('',(#2886,#2894,#2895,#2896));
#2886 = ORIENTED_EDGE('',*,*,#2887,.T.);
#2887 = EDGE_CURVE('',#2888,#2841,#2890,.T.);
#2888 = VERTEX_POINT('',#2889);
#2889 = CARTESIAN_POINT('',(38.1,1.165,0.));
#2890 = LINE('',#2891,#2892);
#2891 = CARTESIAN_POINT('',(16.51,1.165,0.));
#2892 = VECTOR('',#2893,1.);
#2893 = DIRECTION('',(-1.,-0.,0.));
#2894 = ORIENTED_EDGE('',*,*,#2849,.T.);
#2895 = ORIENTED_EDGE('',*,*,#554,.F.);
#2896 = ORIENTED_EDGE('',*,*,#2897,.F.);
#2897 = EDGE_CURVE('',#2888,#546,#2898,.T.);
#2898 = LINE('',#2899,#2900);
#2899 = CARTESIAN_POINT('',(38.1,1.165,-1.));
#2900 = VECTOR('',#2901,1.);
#2901 = DIRECTION('',(0.,0.,1.));
#2902 = PLANE('',#2903);
#2903 = AXIS2_PLACEMENT_3D('',#2904,#2905,#2906);
#2904 = CARTESIAN_POINT('',(33.02,1.165,-1.));
#2905 = DIRECTION('',(-0.,1.,0.));
#2906 = DIRECTION('',(0.,0.,1.));
#2907 = ADVANCED_FACE('',(#2908),#2930,.F.);
#2908 = FACE_BOUND('',#2909,.F.);
#2909 = EDGE_LOOP('',(#2910,#2911,#2912,#2913,#2914,#2923));
#2910 = ORIENTED_EDGE('',*,*,#2873,.T.);
#2911 = ORIENTED_EDGE('',*,*,#536,.F.);
#2912 = ORIENTED_EDGE('',*,*,#545,.F.);
#2913 = ORIENTED_EDGE('',*,*,#2897,.F.);
#2914 = ORIENTED_EDGE('',*,*,#2915,.T.);
#2915 = EDGE_CURVE('',#2888,#2916,#2918,.T.);
#2916 = VERTEX_POINT('',#2917);
#2917 = CARTESIAN_POINT('',(39.475,2.54,0.));
#2918 = CIRCLE('',#2919,1.375);
#2919 = AXIS2_PLACEMENT_3D('',#2920,#2921,#2922);
#2920 = CARTESIAN_POINT('',(38.1,2.54,0.));
#2921 = DIRECTION('',(0.,0.,1.));
#2922 = DIRECTION('',(1.,0.,-0.));
#2923 = ORIENTED_EDGE('',*,*,#2924,.T.);
#2924 = EDGE_CURVE('',#2916,#2864,#2925,.T.);
#2925 = CIRCLE('',#2926,1.375);
#2926 = AXIS2_PLACEMENT_3D('',#2927,#2928,#2929);
#2927 = CARTESIAN_POINT('',(38.1,2.54,0.));
#2928 = DIRECTION('',(0.,0.,1.));
#2929 = DIRECTION('',(1.,0.,-0.));
#2930 = CYLINDRICAL_SURFACE('',#2931,1.375);
#2931 = AXIS2_PLACEMENT_3D('',#2932,#2933,#2934);
#2932 = CARTESIAN_POINT('',(38.1,2.54,-1.));
#2933 = DIRECTION('',(0.,0.,1.));
#2934 = DIRECTION('',(1.,0.,-0.));
#2935 = ADVANCED_FACE('',(#2936),#2962,.F.);
#2936 = FACE_BOUND('',#2937,.F.);
#2937 = EDGE_LOOP('',(#2938,#2939,#2947,#2956));
#2938 = ORIENTED_EDGE('',*,*,#562,.F.);
#2939 = ORIENTED_EDGE('',*,*,#2940,.F.);
#2940 = EDGE_CURVE('',#2941,#563,#2943,.T.);
#2941 = VERTEX_POINT('',#2942);
#2942 = CARTESIAN_POINT('',(44.555,7.62,0.));
#2943 = LINE('',#2944,#2945);
#2944 = CARTESIAN_POINT('',(44.555,7.62,-1.));
#2945 = VECTOR('',#2946,1.);
#2946 = DIRECTION('',(0.,0.,1.));
#2947 = ORIENTED_EDGE('',*,*,#2948,.T.);
#2948 = EDGE_CURVE('',#2941,#2949,#2951,.T.);
#2949 = VERTEX_POINT('',#2950);
#2950 = CARTESIAN_POINT('',(41.805,7.62,0.));
#2951 = CIRCLE('',#2952,1.375);
#2952 = AXIS2_PLACEMENT_3D('',#2953,#2954,#2955);
#2953 = CARTESIAN_POINT('',(43.18,7.62,0.));
#2954 = DIRECTION('',(0.,0.,1.));
#2955 = DIRECTION('',(1.,0.,-0.));
#2956 = ORIENTED_EDGE('',*,*,#2957,.T.);
#2957 = EDGE_CURVE('',#2949,#565,#2958,.T.);
#2958 = LINE('',#2959,#2960);
#2959 = CARTESIAN_POINT('',(41.805,7.62,-1.));
#2960 = VECTOR('',#2961,1.);
#2961 = DIRECTION('',(0.,0.,1.));
#2962 = CYLINDRICAL_SURFACE('',#2963,1.375);
#2963 = AXIS2_PLACEMENT_3D('',#2964,#2965,#2966);
#2964 = CARTESIAN_POINT('',(43.18,7.62,-1.));
#2965 = DIRECTION('',(0.,0.,1.));
#2966 = DIRECTION('',(1.,0.,-0.));
#2967 = ADVANCED_FACE('',(#2968),#2986,.F.);
#2968 = FACE_BOUND('',#2969,.F.);
#2969 = EDGE_LOOP('',(#2970,#2978,#2984,#2985));
#2970 = ORIENTED_EDGE('',*,*,#2971,.F.);
#2971 = EDGE_CURVE('',#2972,#574,#2974,.T.);
#2972 = VERTEX_POINT('',#2973);
#2973 = CARTESIAN_POINT('',(44.555,2.54,0.));
#2974 = LINE('',#2975,#2976);
#2975 = CARTESIAN_POINT('',(44.555,2.54,-1.));
#2976 = VECTOR('',#2977,1.);
#2977 = DIRECTION('',(0.,0.,1.));
#2978 = ORIENTED_EDGE('',*,*,#2979,.T.);
#2979 = EDGE_CURVE('',#2972,#2941,#2980,.T.);
#2980 = LINE('',#2981,#2982);
#2981 = CARTESIAN_POINT('',(44.555,1.27,0.));
#2982 = VECTOR('',#2983,1.);
#2983 = DIRECTION('',(-0.,1.,0.));
#2984 = ORIENTED_EDGE('',*,*,#2940,.T.);
#2985 = ORIENTED_EDGE('',*,*,#573,.F.);
#2986 = PLANE('',#2987);
#2987 = AXIS2_PLACEMENT_3D('',#2988,#2989,#2990);
#2988 = CARTESIAN_POINT('',(44.555,2.54,-1.));
#2989 = DIRECTION('',(1.,0.,-0.));
#2990 = DIRECTION('',(0.,0.,1.));
#2991 = ADVANCED_FACE('',(#2992),#3010,.T.);
#2992 = FACE_BOUND('',#2993,.T.);
#2993 = EDGE_LOOP('',(#2994,#3002,#3008,#3009));
#2994 = ORIENTED_EDGE('',*,*,#2995,.F.);
#2995 = EDGE_CURVE('',#2996,#582,#2998,.T.);
#2996 = VERTEX_POINT('',#2997);
#2997 = CARTESIAN_POINT('',(41.805,2.54,0.));
#2998 = LINE('',#2999,#3000);
#2999 = CARTESIAN_POINT('',(41.805,2.54,-1.));
#3000 = VECTOR('',#3001,1.);
#3001 = DIRECTION('',(0.,0.,1.));
#3002 = ORIENTED_EDGE('',*,*,#3003,.T.);
#3003 = EDGE_CURVE('',#2996,#2949,#3004,.T.);
#3004 = LINE('',#3005,#3006);
#3005 = CARTESIAN_POINT('',(41.805,1.27,0.));
#3006 = VECTOR('',#3007,1.);
#3007 = DIRECTION('',(-0.,1.,0.));
#3008 = ORIENTED_EDGE('',*,*,#2957,.T.);
#3009 = ORIENTED_EDGE('',*,*,#590,.F.);
#3010 = PLANE('',#3011);
#3011 = AXIS2_PLACEMENT_3D('',#3012,#3013,#3014);
#3012 = CARTESIAN_POINT('',(41.805,2.54,-1.));
#3013 = DIRECTION('',(1.,0.,-0.));
#3014 = DIRECTION('',(0.,0.,1.));
#3015 = ADVANCED_FACE('',(#3016),#3028,.F.);
#3016 = FACE_BOUND('',#3017,.F.);
#3017 = EDGE_LOOP('',(#3018,#3019,#3020,#3021));
#3018 = ORIENTED_EDGE('',*,*,#2971,.T.);
#3019 = ORIENTED_EDGE('',*,*,#581,.F.);
#3020 = ORIENTED_EDGE('',*,*,#2995,.F.);
#3021 = ORIENTED_EDGE('',*,*,#3022,.T.);
#3022 = EDGE_CURVE('',#2996,#2972,#3023,.T.);
#3023 = CIRCLE('',#3024,1.375);
#3024 = AXIS2_PLACEMENT_3D('',#3025,#3026,#3027);
#3025 = CARTESIAN_POINT('',(43.18,2.54,0.));
#3026 = DIRECTION('',(0.,0.,1.));
#3027 = DIRECTION('',(1.,0.,-0.));
#3028 = CYLINDRICAL_SURFACE('',#3029,1.375);
#3029 = AXIS2_PLACEMENT_3D('',#3030,#3031,#3032);
#3030 = CARTESIAN_POINT('',(43.18,2.54,-1.));
#3031 = DIRECTION('',(0.,0.,1.));
#3032 = DIRECTION('',(1.,0.,-0.));
#3033 = ADVANCED_FACE('',(#3034),#3053,.F.);
#3034 = FACE_BOUND('',#3035,.F.);
#3035 = EDGE_LOOP('',(#3036,#3037,#3045,#3052));
#3036 = ORIENTED_EDGE('',*,*,#598,.F.);
#3037 = ORIENTED_EDGE('',*,*,#3038,.F.);
#3038 = EDGE_CURVE('',#3039,#599,#3041,.T.);
#3039 = VERTEX_POINT('',#3040);
#3040 = CARTESIAN_POINT('',(39.475,7.62,0.));
#3041 = LINE('',#3042,#3043);
#3042 = CARTESIAN_POINT('',(39.475,7.62,-1.));
#3043 = VECTOR('',#3044,1.);
#3044 = DIRECTION('',(0.,0.,1.));
#3045 = ORIENTED_EDGE('',*,*,#3046,.T.);
#3046 = EDGE_CURVE('',#3039,#3039,#3047,.T.);
#3047 = CIRCLE('',#3048,1.375);
#3048 = AXIS2_PLACEMENT_3D('',#3049,#3050,#3051);
#3049 = CARTESIAN_POINT('',(38.1,7.62,0.));
#3050 = DIRECTION('',(0.,0.,1.));
#3051 = DIRECTION('',(1.,0.,-0.));
#3052 = ORIENTED_EDGE('',*,*,#3038,.T.);
#3053 = CYLINDRICAL_SURFACE('',#3054,1.375);
#3054 = AXIS2_PLACEMENT_3D('',#3055,#3056,#3057);
#3055 = CARTESIAN_POINT('',(38.1,7.62,-1.));
#3056 = DIRECTION('',(0.,0.,1.));
#3057 = DIRECTION('',(1.,0.,-0.));
#3058 = ADVANCED_FACE('',(#3059),#3085,.F.);
#3059 = FACE_BOUND('',#3060,.F.);
#3060 = EDGE_LOOP('',(#3061,#3062,#3070,#3079));
#3061 = ORIENTED_EDGE('',*,*,#609,.F.);
#3062 = ORIENTED_EDGE('',*,*,#3063,.F.);
#3063 = EDGE_CURVE('',#3064,#610,#3066,.T.);
#3064 = VERTEX_POINT('',#3065);
#3065 = CARTESIAN_POINT('',(48.26,3.915,0.));
#3066 = LINE('',#3067,#3068);
#3067 = CARTESIAN_POINT('',(48.26,3.915,-1.));
#3068 = VECTOR('',#3069,1.);
#3069 = DIRECTION('',(0.,0.,1.));
#3070 = ORIENTED_EDGE('',*,*,#3071,.T.);
#3071 = EDGE_CURVE('',#3064,#3072,#3074,.T.);
#3072 = VERTEX_POINT('',#3073);
#3073 = CARTESIAN_POINT('',(48.26,1.165,0.));
#3074 = CIRCLE('',#3075,1.375);
#3075 = AXIS2_PLACEMENT_3D('',#3076,#3077,#3078);
#3076 = CARTESIAN_POINT('',(48.26,2.54,0.));
#3077 = DIRECTION('',(0.,0.,1.));
#3078 = DIRECTION('',(1.,0.,-0.));
#3079 = ORIENTED_EDGE('',*,*,#3080,.T.);
#3080 = EDGE_CURVE('',#3072,#612,#3081,.T.);
#3081 = LINE('',#3082,#3083);
#3082 = CARTESIAN_POINT('',(48.26,1.165,-1.));
#3083 = VECTOR('',#3084,1.);
#3084 = DIRECTION('',(0.,0.,1.));
#3085 = CYLINDRICAL_SURFACE('',#3086,1.375);
#3086 = AXIS2_PLACEMENT_3D('',#3087,#3088,#3089);
#3087 = CARTESIAN_POINT('',(48.26,2.54,-1.));
#3088 = DIRECTION('',(0.,0.,1.));
#3089 = DIRECTION('',(1.,0.,-0.));
#3090 = ADVANCED_FACE('',(#3091),#3109,.T.);
#3091 = FACE_BOUND('',#3092,.T.);
#3092 = EDGE_LOOP('',(#3093,#3101,#3102,#3103));
#3093 = ORIENTED_EDGE('',*,*,#3094,.T.);
#3094 = EDGE_CURVE('',#3095,#3072,#3097,.T.);
#3095 = VERTEX_POINT('',#3096);
#3096 = CARTESIAN_POINT('',(53.34,1.165,0.));
#3097 = LINE('',#3098,#3099);
#3098 = CARTESIAN_POINT('',(24.13,1.165,0.));
#3099 = VECTOR('',#3100,1.);
#3100 = DIRECTION('',(-1.,-0.,0.));
#3101 = ORIENTED_EDGE('',*,*,#3080,.T.);
#3102 = ORIENTED_EDGE('',*,*,#742,.F.);
#3103 = ORIENTED_EDGE('',*,*,#3104,.F.);
#3104 = EDGE_CURVE('',#3095,#734,#3105,.T.);
#3105 = LINE('',#3106,#3107);
#3106 = CARTESIAN_POINT('',(53.34,1.165,-1.));
#3107 = VECTOR('',#3108,1.);
#3108 = DIRECTION('',(0.,0.,1.));
#3109 = PLANE('',#3110);
#3110 = AXIS2_PLACEMENT_3D('',#3111,#3112,#3113);
#3111 = CARTESIAN_POINT('',(48.26,1.165,-1.));
#3112 = DIRECTION('',(-0.,1.,0.));
#3113 = DIRECTION('',(0.,0.,1.));
#3114 = ADVANCED_FACE('',(#3115),#3144,.F.);
#3115 = FACE_BOUND('',#3116,.F.);
#3116 = EDGE_LOOP('',(#3117,#3125,#3126,#3127,#3128,#3137));
#3117 = ORIENTED_EDGE('',*,*,#3118,.T.);
#3118 = EDGE_CURVE('',#3119,#717,#3121,.T.);
#3119 = VERTEX_POINT('',#3120);
#3120 = CARTESIAN_POINT('',(53.34,3.915,0.));
#3121 = LINE('',#3122,#3123);
#3122 = CARTESIAN_POINT('',(53.34,3.915,-1.));
#3123 = VECTOR('',#3124,1.);
#3124 = DIRECTION('',(0.,0.,1.));
#3125 = ORIENTED_EDGE('',*,*,#724,.F.);
#3126 = ORIENTED_EDGE('',*,*,#733,.F.);
#3127 = ORIENTED_EDGE('',*,*,#3104,.F.);
#3128 = ORIENTED_EDGE('',*,*,#3129,.T.);
#3129 = EDGE_CURVE('',#3095,#3130,#3132,.T.);
#3130 = VERTEX_POINT('',#3131);
#3131 = CARTESIAN_POINT('',(54.715,2.54,0.));
#3132 = CIRCLE('',#3133,1.375);
#3133 = AXIS2_PLACEMENT_3D('',#3134,#3135,#3136);
#3134 = CARTESIAN_POINT('',(53.34,2.54,0.));
#3135 = DIRECTION('',(0.,0.,1.));
#3136 = DIRECTION('',(1.,0.,-0.));
#3137 = ORIENTED_EDGE('',*,*,#3138,.T.);
#3138 = EDGE_CURVE('',#3130,#3119,#3139,.T.);
#3139 = CIRCLE('',#3140,1.375);
#3140 = AXIS2_PLACEMENT_3D('',#3141,#3142,#3143);
#3141 = CARTESIAN_POINT('',(53.34,2.54,0.));
#3142 = DIRECTION('',(0.,0.,1.));
#3143 = DIRECTION('',(1.,0.,-0.));
#3144 = CYLINDRICAL_SURFACE('',#3145,1.375);
#3145 = AXIS2_PLACEMENT_3D('',#3146,#3147,#3148);
#3146 = CARTESIAN_POINT('',(53.34,2.54,-1.));
#3147 = DIRECTION('',(0.,0.,1.));
#3148 = DIRECTION('',(1.,0.,-0.));
#3149 = ADVANCED_FACE('',(#3150),#3168,.F.);
#3150 = FACE_BOUND('',#3151,.F.);
#3151 = EDGE_LOOP('',(#3152,#3153,#3161,#3167));
#3152 = ORIENTED_EDGE('',*,*,#3118,.F.);
#3153 = ORIENTED_EDGE('',*,*,#3154,.T.);
#3154 = EDGE_CURVE('',#3119,#3155,#3157,.T.);
#3155 = VERTEX_POINT('',#3156);
#3156 = CARTESIAN_POINT('',(52.952504355396,3.915,0.));
#3157 = LINE('',#3158,#3159);
#3158 = CARTESIAN_POINT('',(24.13,3.915,0.));
#3159 = VECTOR('',#3160,1.);
#3160 = DIRECTION('',(-1.,-0.,0.));
#3161 = ORIENTED_EDGE('',*,*,#3162,.T.);
#3162 = EDGE_CURVE('',#3155,#708,#3163,.T.);
#3163 = LINE('',#3164,#3165);
#3164 = CARTESIAN_POINT('',(52.952504355396,3.915,0.));
#3165 = VECTOR('',#3166,1.);
#3166 = DIRECTION('',(0.,0.,1.));
#3167 = ORIENTED_EDGE('',*,*,#716,.F.);
#3168 = PLANE('',#3169);
#3169 = AXIS2_PLACEMENT_3D('',#3170,#3171,#3172);
#3170 = CARTESIAN_POINT('',(48.26,3.915,-1.));
#3171 = DIRECTION('',(-0.,1.,0.));
#3172 = DIRECTION('',(0.,0.,1.));
#3173 = ADVANCED_FACE('',(#3174),#3258,.T.);
#3174 = FACE_BOUND('',#3175,.T.);
#3175 = EDGE_LOOP('',(#3176,#3184,#3191,#3192,#3193,#3201,#3210,#3216,
    #3217,#3225,#3234,#3240,#3241,#3249,#3256,#3257));
#3176 = ORIENTED_EDGE('',*,*,#3177,.T.);
#3177 = EDGE_CURVE('',#699,#3178,#3180,.T.);
#3178 = VERTEX_POINT('',#3179);
#3179 = CARTESIAN_POINT('',(54.05,6.35,12.));
#3180 = LINE('',#3181,#3182);
#3181 = CARTESIAN_POINT('',(54.05,6.35,0.));
#3182 = VECTOR('',#3183,1.);
#3183 = DIRECTION('',(0.,0.,1.));
#3184 = ORIENTED_EDGE('',*,*,#3185,.F.);
#3185 = EDGE_CURVE('',#3178,#3178,#3186,.T.);
#3186 = CIRCLE('',#3187,3.25);
#3187 = AXIS2_PLACEMENT_3D('',#3188,#3189,#3190);
#3188 = CARTESIAN_POINT('',(50.8,6.35,12.));
#3189 = DIRECTION('',(0.,0.,1.));
#3190 = DIRECTION('',(1.,0.,-0.));
#3191 = ORIENTED_EDGE('',*,*,#3177,.F.);
#3192 = ORIENTED_EDGE('',*,*,#698,.T.);
#3193 = ORIENTED_EDGE('',*,*,#3194,.F.);
#3194 = EDGE_CURVE('',#3195,#690,#3197,.T.);
#3195 = VERTEX_POINT('',#3196);
#3196 = CARTESIAN_POINT('',(54.048705711565,6.441712592618,0.));
#3197 = LINE('',#3198,#3199);
#3198 = CARTESIAN_POINT('',(54.048705711565,6.441712592618,-1.));
#3199 = VECTOR('',#3200,1.);
#3200 = DIRECTION('',(0.,0.,1.));
#3201 = ORIENTED_EDGE('',*,*,#3202,.T.);
#3202 = EDGE_CURVE('',#3195,#3203,#3205,.T.);
#3203 = VERTEX_POINT('',#3204);
#3204 = CARTESIAN_POINT('',(52.822593501033,8.893937013681,0.));
#3205 = CIRCLE('',#3206,3.25);
#3206 = AXIS2_PLACEMENT_3D('',#3207,#3208,#3209);
#3207 = CARTESIAN_POINT('',(50.8,6.35,0.));
#3208 = DIRECTION('',(0.,0.,1.));
#3209 = DIRECTION('',(1.,0.,-0.));
#3210 = ORIENTED_EDGE('',*,*,#3211,.T.);
#3211 = EDGE_CURVE('',#3203,#672,#3212,.T.);
#3212 = LINE('',#3213,#3214);
#3213 = CARTESIAN_POINT('',(52.822593501033,8.893937013681,-1.));
#3214 = VECTOR('',#3215,1.);
#3215 = DIRECTION('',(0.,0.,1.));
#3216 = ORIENTED_EDGE('',*,*,#671,.T.);
#3217 = ORIENTED_EDGE('',*,*,#3218,.F.);
#3218 = EDGE_CURVE('',#3219,#664,#3221,.T.);
#3219 = VERTEX_POINT('',#3220);
#3220 = CARTESIAN_POINT('',(49.635,9.384019611011,0.));
#3221 = LINE('',#3222,#3223);
#3222 = CARTESIAN_POINT('',(49.635,9.384019611011,0.));
#3223 = VECTOR('',#3224,1.);
#3224 = DIRECTION('',(0.,0.,1.));
#3225 = ORIENTED_EDGE('',*,*,#3226,.T.);
#3226 = EDGE_CURVE('',#3219,#3227,#3229,.T.);
#3227 = VERTEX_POINT('',#3228);
#3228 = CARTESIAN_POINT('',(47.551294288435,6.441712592618,0.));
#3229 = CIRCLE('',#3230,3.25);
#3230 = AXIS2_PLACEMENT_3D('',#3231,#3232,#3233);
#3231 = CARTESIAN_POINT('',(50.8,6.35,0.));
#3232 = DIRECTION('',(0.,0.,1.));
#3233 = DIRECTION('',(1.,0.,-0.));
#3234 = ORIENTED_EDGE('',*,*,#3235,.T.);
#3235 = EDGE_CURVE('',#3227,#629,#3236,.T.);
#3236 = LINE('',#3237,#3238);
#3237 = CARTESIAN_POINT('',(47.551294288435,6.441712592618,-1.));
#3238 = VECTOR('',#3239,1.);
#3239 = DIRECTION('',(0.,0.,1.));
#3240 = ORIENTED_EDGE('',*,*,#628,.T.);
#3241 = ORIENTED_EDGE('',*,*,#3242,.F.);
#3242 = EDGE_CURVE('',#3243,#621,#3245,.T.);
#3243 = VERTEX_POINT('',#3244);
#3244 = CARTESIAN_POINT('',(48.647495644604,3.915,0.));
#3245 = LINE('',#3246,#3247);
#3246 = CARTESIAN_POINT('',(48.647495644604,3.915,0.));
#3247 = VECTOR('',#3248,1.);
#3248 = DIRECTION('',(0.,0.,1.));
#3249 = ORIENTED_EDGE('',*,*,#3250,.T.);
#3250 = EDGE_CURVE('',#3243,#3155,#3251,.T.);
#3251 = CIRCLE('',#3252,3.25);
#3252 = AXIS2_PLACEMENT_3D('',#3253,#3254,#3255);
#3253 = CARTESIAN_POINT('',(50.8,6.35,0.));
#3254 = DIRECTION('',(0.,0.,1.));
#3255 = DIRECTION('',(1.,0.,-0.));
#3256 = ORIENTED_EDGE('',*,*,#3162,.T.);
#3257 = ORIENTED_EDGE('',*,*,#707,.T.);
#3258 = CYLINDRICAL_SURFACE('',#3259,3.25);
#3259 = AXIS2_PLACEMENT_3D('',#3260,#3261,#3262);
#3260 = CARTESIAN_POINT('',(50.8,6.35,0.));
#3261 = DIRECTION('',(0.,0.,1.));
#3262 = DIRECTION('',(1.,0.,-0.));
#3263 = ADVANCED_FACE('',(#3264),#3282,.F.);
#3264 = FACE_BOUND('',#3265,.F.);
#3265 = EDGE_LOOP('',(#3266,#3267,#3275,#3281));
#3266 = ORIENTED_EDGE('',*,*,#3218,.F.);
#3267 = ORIENTED_EDGE('',*,*,#3268,.T.);
#3268 = EDGE_CURVE('',#3219,#3269,#3271,.T.);
#3269 = VERTEX_POINT('',#3270);
#3270 = CARTESIAN_POINT('',(49.635,12.7,0.));
#3271 = LINE('',#3272,#3273);
#3272 = CARTESIAN_POINT('',(49.635,3.81,0.));
#3273 = VECTOR('',#3274,1.);
#3274 = DIRECTION('',(-0.,1.,0.));
#3275 = ORIENTED_EDGE('',*,*,#3276,.T.);
#3276 = EDGE_CURVE('',#3269,#655,#3277,.T.);
#3277 = LINE('',#3278,#3279);
#3278 = CARTESIAN_POINT('',(49.635,12.7,-1.));
#3279 = VECTOR('',#3280,1.);
#3280 = DIRECTION('',(0.,0.,1.));
#3281 = ORIENTED_EDGE('',*,*,#663,.F.);
#3282 = PLANE('',#3283);
#3283 = AXIS2_PLACEMENT_3D('',#3284,#3285,#3286);
#3284 = CARTESIAN_POINT('',(49.635,7.62,-1.));
#3285 = DIRECTION('',(1.,0.,-0.));
#3286 = DIRECTION('',(0.,0.,1.));
#3287 = ADVANCED_FACE('',(#3288),#3307,.F.);
#3288 = FACE_BOUND('',#3289,.F.);
#3289 = EDGE_LOOP('',(#3290,#3291,#3292,#3301));
#3290 = ORIENTED_EDGE('',*,*,#654,.F.);
#3291 = ORIENTED_EDGE('',*,*,#3276,.F.);
#3292 = ORIENTED_EDGE('',*,*,#3293,.T.);
#3293 = EDGE_CURVE('',#3269,#3294,#3296,.T.);
#3294 = VERTEX_POINT('',#3295);
#3295 = CARTESIAN_POINT('',(46.885,12.7,0.));
#3296 = CIRCLE('',#3297,1.375);
#3297 = AXIS2_PLACEMENT_3D('',#3298,#3299,#3300);
#3298 = CARTESIAN_POINT('',(48.26,12.7,0.));
#3299 = DIRECTION('',(0.,0.,1.));
#3300 = DIRECTION('',(1.,0.,-0.));
#3301 = ORIENTED_EDGE('',*,*,#3302,.T.);
#3302 = EDGE_CURVE('',#3294,#647,#3303,.T.);
#3303 = LINE('',#3304,#3305);
#3304 = CARTESIAN_POINT('',(46.885,12.7,-1.));
#3305 = VECTOR('',#3306,1.);
#3306 = DIRECTION('',(0.,0.,1.));
#3307 = CYLINDRICAL_SURFACE('',#3308,1.375);
#3308 = AXIS2_PLACEMENT_3D('',#3309,#3310,#3311);
#3309 = CARTESIAN_POINT('',(48.26,12.7,-1.));
#3310 = DIRECTION('',(0.,0.,1.));
#3311 = DIRECTION('',(1.,0.,-0.));
#3312 = ADVANCED_FACE('',(#3313),#3331,.T.);
#3313 = FACE_BOUND('',#3314,.T.);
#3314 = EDGE_LOOP('',(#3315,#3323,#3329,#3330));
#3315 = ORIENTED_EDGE('',*,*,#3316,.F.);
#3316 = EDGE_CURVE('',#3317,#638,#3319,.T.);
#3317 = VERTEX_POINT('',#3318);
#3318 = CARTESIAN_POINT('',(46.885,7.62,0.));
#3319 = LINE('',#3320,#3321);
#3320 = CARTESIAN_POINT('',(46.885,7.62,-1.));
#3321 = VECTOR('',#3322,1.);
#3322 = DIRECTION('',(0.,0.,1.));
#3323 = ORIENTED_EDGE('',*,*,#3324,.T.);
#3324 = EDGE_CURVE('',#3317,#3294,#3325,.T.);
#3325 = LINE('',#3326,#3327);
#3326 = CARTESIAN_POINT('',(46.885,3.81,0.));
#3327 = VECTOR('',#3328,1.);
#3328 = DIRECTION('',(-0.,1.,0.));
#3329 = ORIENTED_EDGE('',*,*,#3302,.T.);
#3330 = ORIENTED_EDGE('',*,*,#646,.F.);
#3331 = PLANE('',#3332);
#3332 = AXIS2_PLACEMENT_3D('',#3333,#3334,#3335);
#3333 = CARTESIAN_POINT('',(46.885,7.62,-1.));
#3334 = DIRECTION('',(1.,0.,-0.));
#3335 = DIRECTION('',(0.,0.,1.));
#3336 = ADVANCED_FACE('',(#3337),#3349,.F.);
#3337 = FACE_BOUND('',#3338,.F.);
#3338 = EDGE_LOOP('',(#3339,#3346,#3347,#3348));
#3339 = ORIENTED_EDGE('',*,*,#3340,.T.);
#3340 = EDGE_CURVE('',#3317,#3227,#3341,.T.);
#3341 = CIRCLE('',#3342,1.375);
#3342 = AXIS2_PLACEMENT_3D('',#3343,#3344,#3345);
#3343 = CARTESIAN_POINT('',(48.26,7.62,0.));
#3344 = DIRECTION('',(0.,0.,1.));
#3345 = DIRECTION('',(1.,0.,-0.));
#3346 = ORIENTED_EDGE('',*,*,#3235,.T.);
#3347 = ORIENTED_EDGE('',*,*,#637,.F.);
#3348 = ORIENTED_EDGE('',*,*,#3316,.F.);
#3349 = CYLINDRICAL_SURFACE('',#3350,1.375);
#3350 = AXIS2_PLACEMENT_3D('',#3351,#3352,#3353);
#3351 = CARTESIAN_POINT('',(48.26,7.62,-1.));
#3352 = DIRECTION('',(0.,0.,1.));
#3353 = DIRECTION('',(1.,0.,-0.));
#3354 = ADVANCED_FACE('',(#3355),#3366,.F.);
#3355 = FACE_BOUND('',#3356,.F.);
#3356 = EDGE_LOOP('',(#3357,#3358,#3364,#3365));
#3357 = ORIENTED_EDGE('',*,*,#3242,.F.);
#3358 = ORIENTED_EDGE('',*,*,#3359,.T.);
#3359 = EDGE_CURVE('',#3243,#3064,#3360,.T.);
#3360 = LINE('',#3361,#3362);
#3361 = CARTESIAN_POINT('',(24.13,3.915,0.));
#3362 = VECTOR('',#3363,1.);
#3363 = DIRECTION('',(-1.,-0.,0.));
#3364 = ORIENTED_EDGE('',*,*,#3063,.T.);
#3365 = ORIENTED_EDGE('',*,*,#620,.F.);
#3366 = PLANE('',#3367);
#3367 = AXIS2_PLACEMENT_3D('',#3368,#3369,#3370);
#3368 = CARTESIAN_POINT('',(48.26,3.915,-1.));
#3369 = DIRECTION('',(-0.,1.,0.));
#3370 = DIRECTION('',(0.,0.,1.));
#3371 = ADVANCED_FACE('',(#3372),#3398,.F.);
#3372 = FACE_BOUND('',#3373,.F.);
#3373 = EDGE_LOOP('',(#3374,#3375,#3383,#3392));
#3374 = ORIENTED_EDGE('',*,*,#750,.F.);
#3375 = ORIENTED_EDGE('',*,*,#3376,.F.);
#3376 = EDGE_CURVE('',#3377,#751,#3379,.T.);
#3377 = VERTEX_POINT('',#3378);
#3378 = CARTESIAN_POINT('',(59.795,7.62,0.));
#3379 = LINE('',#3380,#3381);
#3380 = CARTESIAN_POINT('',(59.795,7.62,-1.));
#3381 = VECTOR('',#3382,1.);
#3382 = DIRECTION('',(0.,0.,1.));
#3383 = ORIENTED_EDGE('',*,*,#3384,.T.);
#3384 = EDGE_CURVE('',#3377,#3385,#3387,.T.);
#3385 = VERTEX_POINT('',#3386);
#3386 = CARTESIAN_POINT('',(57.045,7.62,0.));
#3387 = CIRCLE('',#3388,1.375);
#3388 = AXIS2_PLACEMENT_3D('',#3389,#3390,#3391);
#3389 = CARTESIAN_POINT('',(58.42,7.62,0.));
#3390 = DIRECTION('',(0.,0.,1.));
#3391 = DIRECTION('',(1.,0.,-0.));
#3392 = ORIENTED_EDGE('',*,*,#3393,.T.);
#3393 = EDGE_CURVE('',#3385,#753,#3394,.T.);
#3394 = LINE('',#3395,#3396);
#3395 = CARTESIAN_POINT('',(57.045,7.62,-1.));
#3396 = VECTOR('',#3397,1.);
#3397 = DIRECTION('',(0.,0.,1.));
#3398 = CYLINDRICAL_SURFACE('',#3399,1.375);
#3399 = AXIS2_PLACEMENT_3D('',#3400,#3401,#3402);
#3400 = CARTESIAN_POINT('',(58.42,7.62,-1.));
#3401 = DIRECTION('',(0.,0.,1.));
#3402 = DIRECTION('',(1.,0.,-0.));
#3403 = ADVANCED_FACE('',(#3404),#3422,.F.);
#3404 = FACE_BOUND('',#3405,.F.);
#3405 = EDGE_LOOP('',(#3406,#3414,#3420,#3421));
#3406 = ORIENTED_EDGE('',*,*,#3407,.F.);
#3407 = EDGE_CURVE('',#3408,#762,#3410,.T.);
#3408 = VERTEX_POINT('',#3409);
#3409 = CARTESIAN_POINT('',(59.795,2.54,0.));
#3410 = LINE('',#3411,#3412);
#3411 = CARTESIAN_POINT('',(59.795,2.54,-1.));
#3412 = VECTOR('',#3413,1.);
#3413 = DIRECTION('',(0.,0.,1.));
#3414 = ORIENTED_EDGE('',*,*,#3415,.T.);
#3415 = EDGE_CURVE('',#3408,#3377,#3416,.T.);
#3416 = LINE('',#3417,#3418);
#3417 = CARTESIAN_POINT('',(59.795,1.27,0.));
#3418 = VECTOR('',#3419,1.);
#3419 = DIRECTION('',(-0.,1.,0.));
#3420 = ORIENTED_EDGE('',*,*,#3376,.T.);
#3421 = ORIENTED_EDGE('',*,*,#761,.F.);
#3422 = PLANE('',#3423);
#3423 = AXIS2_PLACEMENT_3D('',#3424,#3425,#3426);
#3424 = CARTESIAN_POINT('',(59.795,2.54,-1.));
#3425 = DIRECTION('',(1.,0.,-0.));
#3426 = DIRECTION('',(0.,0.,1.));
#3427 = ADVANCED_FACE('',(#3428),#3446,.T.);
#3428 = FACE_BOUND('',#3429,.T.);
#3429 = EDGE_LOOP('',(#3430,#3438,#3444,#3445));
#3430 = ORIENTED_EDGE('',*,*,#3431,.F.);
#3431 = EDGE_CURVE('',#3432,#770,#3434,.T.);
#3432 = VERTEX_POINT('',#3433);
#3433 = CARTESIAN_POINT('',(57.045,2.54,0.));
#3434 = LINE('',#3435,#3436);
#3435 = CARTESIAN_POINT('',(57.045,2.54,-1.));
#3436 = VECTOR('',#3437,1.);
#3437 = DIRECTION('',(0.,0.,1.));
#3438 = ORIENTED_EDGE('',*,*,#3439,.T.);
#3439 = EDGE_CURVE('',#3432,#3385,#3440,.T.);
#3440 = LINE('',#3441,#3442);
#3441 = CARTESIAN_POINT('',(57.045,1.27,0.));
#3442 = VECTOR('',#3443,1.);
#3443 = DIRECTION('',(-0.,1.,0.));
#3444 = ORIENTED_EDGE('',*,*,#3393,.T.);
#3445 = ORIENTED_EDGE('',*,*,#778,.F.);
#3446 = PLANE('',#3447);
#3447 = AXIS2_PLACEMENT_3D('',#3448,#3449,#3450);
#3448 = CARTESIAN_POINT('',(57.045,2.54,-1.));
#3449 = DIRECTION('',(1.,0.,-0.));
#3450 = DIRECTION('',(0.,0.,1.));
#3451 = ADVANCED_FACE('',(#3452),#3464,.F.);
#3452 = FACE_BOUND('',#3453,.F.);
#3453 = EDGE_LOOP('',(#3454,#3455,#3456,#3457));
#3454 = ORIENTED_EDGE('',*,*,#3407,.T.);
#3455 = ORIENTED_EDGE('',*,*,#769,.F.);
#3456 = ORIENTED_EDGE('',*,*,#3431,.F.);
#3457 = ORIENTED_EDGE('',*,*,#3458,.T.);
#3458 = EDGE_CURVE('',#3432,#3408,#3459,.T.);
#3459 = CIRCLE('',#3460,1.375);
#3460 = AXIS2_PLACEMENT_3D('',#3461,#3462,#3463);
#3461 = CARTESIAN_POINT('',(58.42,2.54,0.));
#3462 = DIRECTION('',(0.,0.,1.));
#3463 = DIRECTION('',(1.,0.,-0.));
#3464 = CYLINDRICAL_SURFACE('',#3465,1.375);
#3465 = AXIS2_PLACEMENT_3D('',#3466,#3467,#3468);
#3466 = CARTESIAN_POINT('',(58.42,2.54,-1.));
#3467 = DIRECTION('',(0.,0.,1.));
#3468 = DIRECTION('',(1.,0.,-0.));
#3469 = ADVANCED_FACE('',(#3470),#3496,.F.);
#3470 = FACE_BOUND('',#3471,.F.);
#3471 = EDGE_LOOP('',(#3472,#3473,#3481,#3490));
#3472 = ORIENTED_EDGE('',*,*,#786,.F.);
#3473 = ORIENTED_EDGE('',*,*,#3474,.F.);
#3474 = EDGE_CURVE('',#3475,#787,#3477,.T.);
#3475 = VERTEX_POINT('',#3476);
#3476 = CARTESIAN_POINT('',(34.395,12.7,0.));
#3477 = LINE('',#3478,#3479);
#3478 = CARTESIAN_POINT('',(34.395,12.7,-1.));
#3479 = VECTOR('',#3480,1.);
#3480 = DIRECTION('',(0.,0.,1.));
#3481 = ORIENTED_EDGE('',*,*,#3482,.T.);
#3482 = EDGE_CURVE('',#3475,#3483,#3485,.T.);
#3483 = VERTEX_POINT('',#3484);
#3484 = CARTESIAN_POINT('',(31.645,12.7,0.));
#3485 = CIRCLE('',#3486,1.375);
#3486 = AXIS2_PLACEMENT_3D('',#3487,#3488,#3489);
#3487 = CARTESIAN_POINT('',(33.02,12.7,0.));
#3488 = DIRECTION('',(0.,0.,1.));
#3489 = DIRECTION('',(1.,0.,-0.));
#3490 = ORIENTED_EDGE('',*,*,#3491,.T.);
#3491 = EDGE_CURVE('',#3483,#789,#3492,.T.);
#3492 = LINE('',#3493,#3494);
#3493 = CARTESIAN_POINT('',(31.645,12.7,-1.));
#3494 = VECTOR('',#3495,1.);
#3495 = DIRECTION('',(0.,0.,1.));
#3496 = CYLINDRICAL_SURFACE('',#3497,1.375);
#3497 = AXIS2_PLACEMENT_3D('',#3498,#3499,#3500);
#3498 = CARTESIAN_POINT('',(33.02,12.7,-1.));
#3499 = DIRECTION('',(0.,0.,1.));
#3500 = DIRECTION('',(1.,0.,-0.));
#3501 = ADVANCED_FACE('',(#3502),#3520,.F.);
#3502 = FACE_BOUND('',#3503,.F.);
#3503 = EDGE_LOOP('',(#3504,#3512,#3518,#3519));
#3504 = ORIENTED_EDGE('',*,*,#3505,.F.);
#3505 = EDGE_CURVE('',#3506,#798,#3508,.T.);
#3506 = VERTEX_POINT('',#3507);
#3507 = CARTESIAN_POINT('',(34.395,7.62,0.));
#3508 = LINE('',#3509,#3510);
#3509 = CARTESIAN_POINT('',(34.395,7.62,-1.));
#3510 = VECTOR('',#3511,1.);
#3511 = DIRECTION('',(0.,0.,1.));
#3512 = ORIENTED_EDGE('',*,*,#3513,.T.);
#3513 = EDGE_CURVE('',#3506,#3475,#3514,.T.);
#3514 = LINE('',#3515,#3516);
#3515 = CARTESIAN_POINT('',(34.395,3.81,0.));
#3516 = VECTOR('',#3517,1.);
#3517 = DIRECTION('',(-0.,1.,0.));
#3518 = ORIENTED_EDGE('',*,*,#3474,.T.);
#3519 = ORIENTED_EDGE('',*,*,#797,.F.);
#3520 = PLANE('',#3521);
#3521 = AXIS2_PLACEMENT_3D('',#3522,#3523,#3524);
#3522 = CARTESIAN_POINT('',(34.395,7.62,-1.));
#3523 = DIRECTION('',(1.,0.,-0.));
#3524 = DIRECTION('',(0.,0.,1.));
#3525 = ADVANCED_FACE('',(#3526),#3544,.T.);
#3526 = FACE_BOUND('',#3527,.T.);
#3527 = EDGE_LOOP('',(#3528,#3536,#3542,#3543));
#3528 = ORIENTED_EDGE('',*,*,#3529,.F.);
#3529 = EDGE_CURVE('',#3530,#806,#3532,.T.);
#3530 = VERTEX_POINT('',#3531);
#3531 = CARTESIAN_POINT('',(31.645,7.62,0.));
#3532 = LINE('',#3533,#3534);
#3533 = CARTESIAN_POINT('',(31.645,7.62,-1.));
#3534 = VECTOR('',#3535,1.);
#3535 = DIRECTION('',(0.,0.,1.));
#3536 = ORIENTED_EDGE('',*,*,#3537,.T.);
#3537 = EDGE_CURVE('',#3530,#3483,#3538,.T.);
#3538 = LINE('',#3539,#3540);
#3539 = CARTESIAN_POINT('',(31.645,3.81,0.));
#3540 = VECTOR('',#3541,1.);
#3541 = DIRECTION('',(-0.,1.,0.));
#3542 = ORIENTED_EDGE('',*,*,#3491,.T.);
#3543 = ORIENTED_EDGE('',*,*,#814,.F.);
#3544 = PLANE('',#3545);
#3545 = AXIS2_PLACEMENT_3D('',#3546,#3547,#3548);
#3546 = CARTESIAN_POINT('',(31.645,7.62,-1.));
#3547 = DIRECTION('',(1.,0.,-0.));
#3548 = DIRECTION('',(0.,0.,1.));
#3549 = ADVANCED_FACE('',(#3550),#3562,.F.);
#3550 = FACE_BOUND('',#3551,.F.);
#3551 = EDGE_LOOP('',(#3552,#3553,#3554,#3555));
#3552 = ORIENTED_EDGE('',*,*,#3505,.T.);
#3553 = ORIENTED_EDGE('',*,*,#805,.F.);
#3554 = ORIENTED_EDGE('',*,*,#3529,.F.);
#3555 = ORIENTED_EDGE('',*,*,#3556,.T.);
#3556 = EDGE_CURVE('',#3530,#3506,#3557,.T.);
#3557 = CIRCLE('',#3558,1.375);
#3558 = AXIS2_PLACEMENT_3D('',#3559,#3560,#3561);
#3559 = CARTESIAN_POINT('',(33.02,7.62,0.));
#3560 = DIRECTION('',(0.,0.,1.));
#3561 = DIRECTION('',(1.,0.,-0.));
#3562 = CYLINDRICAL_SURFACE('',#3563,1.375);
#3563 = AXIS2_PLACEMENT_3D('',#3564,#3565,#3566);
#3564 = CARTESIAN_POINT('',(33.02,7.62,-1.));
#3565 = DIRECTION('',(0.,0.,1.));
#3566 = DIRECTION('',(1.,0.,-0.));
#3567 = ADVANCED_FACE('',(#3568),#3594,.F.);
#3568 = FACE_BOUND('',#3569,.F.);
#3569 = EDGE_LOOP('',(#3570,#3571,#3579,#3588));
#3570 = ORIENTED_EDGE('',*,*,#822,.F.);
#3571 = ORIENTED_EDGE('',*,*,#3572,.F.);
#3572 = EDGE_CURVE('',#3573,#823,#3575,.T.);
#3573 = VERTEX_POINT('',#3574);
#3574 = CARTESIAN_POINT('',(38.1,14.075,0.));
#3575 = LINE('',#3576,#3577);
#3576 = CARTESIAN_POINT('',(38.1,14.075,-1.));
#3577 = VECTOR('',#3578,1.);
#3578 = DIRECTION('',(0.,0.,1.));
#3579 = ORIENTED_EDGE('',*,*,#3580,.T.);
#3580 = EDGE_CURVE('',#3573,#3581,#3583,.T.);
#3581 = VERTEX_POINT('',#3582);
#3582 = CARTESIAN_POINT('',(38.1,11.325,0.));
#3583 = CIRCLE('',#3584,1.375);
#3584 = AXIS2_PLACEMENT_3D('',#3585,#3586,#3587);
#3585 = CARTESIAN_POINT('',(38.1,12.7,0.));
#3586 = DIRECTION('',(0.,0.,1.));
#3587 = DIRECTION('',(1.,0.,-0.));
#3588 = ORIENTED_EDGE('',*,*,#3589,.T.);
#3589 = EDGE_CURVE('',#3581,#825,#3590,.T.);
#3590 = LINE('',#3591,#3592);
#3591 = CARTESIAN_POINT('',(38.1,11.325,-1.));
#3592 = VECTOR('',#3593,1.);
#3593 = DIRECTION('',(0.,0.,1.));
#3594 = CYLINDRICAL_SURFACE('',#3595,1.375);
#3595 = AXIS2_PLACEMENT_3D('',#3596,#3597,#3598);
#3596 = CARTESIAN_POINT('',(38.1,12.7,-1.));
#3597 = DIRECTION('',(0.,0.,1.));
#3598 = DIRECTION('',(1.,0.,-0.));
#3599 = ADVANCED_FACE('',(#3600),#3618,.F.);
#3600 = FACE_BOUND('',#3601,.F.);
#3601 = EDGE_LOOP('',(#3602,#3610,#3611,#3612));
#3602 = ORIENTED_EDGE('',*,*,#3603,.T.);
#3603 = EDGE_CURVE('',#3604,#3573,#3606,.T.);
#3604 = VERTEX_POINT('',#3605);
#3605 = CARTESIAN_POINT('',(43.18,14.075,0.));
#3606 = LINE('',#3607,#3608);
#3607 = CARTESIAN_POINT('',(19.05,14.075,0.));
#3608 = VECTOR('',#3609,1.);
#3609 = DIRECTION('',(-1.,-0.,0.));
#3610 = ORIENTED_EDGE('',*,*,#3572,.T.);
#3611 = ORIENTED_EDGE('',*,*,#833,.F.);
#3612 = ORIENTED_EDGE('',*,*,#3613,.F.);
#3613 = EDGE_CURVE('',#3604,#834,#3614,.T.);
#3614 = LINE('',#3615,#3616);
#3615 = CARTESIAN_POINT('',(43.18,14.075,-1.));
#3616 = VECTOR('',#3617,1.);
#3617 = DIRECTION('',(0.,0.,1.));
#3618 = PLANE('',#3619);
#3619 = AXIS2_PLACEMENT_3D('',#3620,#3621,#3622);
#3620 = CARTESIAN_POINT('',(38.1,14.075,-1.));
#3621 = DIRECTION('',(-0.,1.,0.));
#3622 = DIRECTION('',(0.,0.,1.));
#3623 = ADVANCED_FACE('',(#3624),#3642,.T.);
#3624 = FACE_BOUND('',#3625,.T.);
#3625 = EDGE_LOOP('',(#3626,#3634,#3635,#3636));
#3626 = ORIENTED_EDGE('',*,*,#3627,.T.);
#3627 = EDGE_CURVE('',#3628,#3581,#3630,.T.);
#3628 = VERTEX_POINT('',#3629);
#3629 = CARTESIAN_POINT('',(43.18,11.325,0.));
#3630 = LINE('',#3631,#3632);
#3631 = CARTESIAN_POINT('',(19.05,11.325,0.));
#3632 = VECTOR('',#3633,1.);
#3633 = DIRECTION('',(-1.,-0.,0.));
#3634 = ORIENTED_EDGE('',*,*,#3589,.T.);
#3635 = ORIENTED_EDGE('',*,*,#859,.F.);
#3636 = ORIENTED_EDGE('',*,*,#3637,.F.);
#3637 = EDGE_CURVE('',#3628,#851,#3638,.T.);
#3638 = LINE('',#3639,#3640);
#3639 = CARTESIAN_POINT('',(43.18,11.325,-1.));
#3640 = VECTOR('',#3641,1.);
#3641 = DIRECTION('',(0.,0.,1.));
#3642 = PLANE('',#3643);
#3643 = AXIS2_PLACEMENT_3D('',#3644,#3645,#3646);
#3644 = CARTESIAN_POINT('',(38.1,11.325,-1.));
#3645 = DIRECTION('',(-0.,1.,0.));
#3646 = DIRECTION('',(0.,0.,1.));
#3647 = ADVANCED_FACE('',(#3648),#3670,.F.);
#3648 = FACE_BOUND('',#3649,.F.);
#3649 = EDGE_LOOP('',(#3650,#3651,#3652,#3653,#3654,#3663));
#3650 = ORIENTED_EDGE('',*,*,#3613,.T.);
#3651 = ORIENTED_EDGE('',*,*,#841,.F.);
#3652 = ORIENTED_EDGE('',*,*,#850,.F.);
#3653 = ORIENTED_EDGE('',*,*,#3637,.F.);
#3654 = ORIENTED_EDGE('',*,*,#3655,.T.);
#3655 = EDGE_CURVE('',#3628,#3656,#3658,.T.);
#3656 = VERTEX_POINT('',#3657);
#3657 = CARTESIAN_POINT('',(44.555,12.7,0.));
#3658 = CIRCLE('',#3659,1.375);
#3659 = AXIS2_PLACEMENT_3D('',#3660,#3661,#3662);
#3660 = CARTESIAN_POINT('',(43.18,12.7,0.));
#3661 = DIRECTION('',(0.,0.,1.));
#3662 = DIRECTION('',(1.,0.,-0.));
#3663 = ORIENTED_EDGE('',*,*,#3664,.T.);
#3664 = EDGE_CURVE('',#3656,#3604,#3665,.T.);
#3665 = CIRCLE('',#3666,1.375);
#3666 = AXIS2_PLACEMENT_3D('',#3667,#3668,#3669);
#3667 = CARTESIAN_POINT('',(43.18,12.7,0.));
#3668 = DIRECTION('',(0.,0.,1.));
#3669 = DIRECTION('',(1.,0.,-0.));
#3670 = CYLINDRICAL_SURFACE('',#3671,1.375);
#3671 = AXIS2_PLACEMENT_3D('',#3672,#3673,#3674);
#3672 = CARTESIAN_POINT('',(43.18,12.7,-1.));
#3673 = DIRECTION('',(0.,0.,1.));
#3674 = DIRECTION('',(1.,0.,-0.));
#3675 = ADVANCED_FACE('',(#3676),#3702,.F.);
#3676 = FACE_BOUND('',#3677,.F.);
#3677 = EDGE_LOOP('',(#3678,#3679,#3687,#3696));
#3678 = ORIENTED_EDGE('',*,*,#867,.F.);
#3679 = ORIENTED_EDGE('',*,*,#3680,.F.);
#3680 = EDGE_CURVE('',#3681,#868,#3683,.T.);
#3681 = VERTEX_POINT('',#3682);
#3682 = CARTESIAN_POINT('',(53.34,14.075,0.));
#3683 = LINE('',#3684,#3685);
#3684 = CARTESIAN_POINT('',(53.34,14.075,-1.));
#3685 = VECTOR('',#3686,1.);
#3686 = DIRECTION('',(0.,0.,1.));
#3687 = ORIENTED_EDGE('',*,*,#3688,.T.);
#3688 = EDGE_CURVE('',#3681,#3689,#3691,.T.);
#3689 = VERTEX_POINT('',#3690);
#3690 = CARTESIAN_POINT('',(53.34,11.325,0.));
#3691 = CIRCLE('',#3692,1.375);
#3692 = AXIS2_PLACEMENT_3D('',#3693,#3694,#3695);
#3693 = CARTESIAN_POINT('',(53.34,12.7,0.));
#3694 = DIRECTION('',(0.,0.,1.));
#3695 = DIRECTION('',(1.,0.,-0.));
#3696 = ORIENTED_EDGE('',*,*,#3697,.T.);
#3697 = EDGE_CURVE('',#3689,#870,#3698,.T.);
#3698 = LINE('',#3699,#3700);
#3699 = CARTESIAN_POINT('',(53.34,11.325,-1.));
#3700 = VECTOR('',#3701,1.);
#3701 = DIRECTION('',(0.,0.,1.));
#3702 = CYLINDRICAL_SURFACE('',#3703,1.375);
#3703 = AXIS2_PLACEMENT_3D('',#3704,#3705,#3706);
#3704 = CARTESIAN_POINT('',(53.34,12.7,-1.));
#3705 = DIRECTION('',(0.,0.,1.));
#3706 = DIRECTION('',(1.,0.,-0.));
#3707 = ADVANCED_FACE('',(#3708),#3726,.F.);
#3708 = FACE_BOUND('',#3709,.F.);
#3709 = EDGE_LOOP('',(#3710,#3718,#3719,#3720));
#3710 = ORIENTED_EDGE('',*,*,#3711,.T.);
#3711 = EDGE_CURVE('',#3712,#3681,#3714,.T.);
#3712 = VERTEX_POINT('',#3713);
#3713 = CARTESIAN_POINT('',(58.42,14.075,0.));
#3714 = LINE('',#3715,#3716);
#3715 = CARTESIAN_POINT('',(26.67,14.075,0.));
#3716 = VECTOR('',#3717,1.);
#3717 = DIRECTION('',(-1.,-0.,0.));
#3718 = ORIENTED_EDGE('',*,*,#3680,.T.);
#3719 = ORIENTED_EDGE('',*,*,#878,.F.);
#3720 = ORIENTED_EDGE('',*,*,#3721,.F.);
#3721 = EDGE_CURVE('',#3712,#879,#3722,.T.);
#3722 = LINE('',#3723,#3724);
#3723 = CARTESIAN_POINT('',(58.42,14.075,-1.));
#3724 = VECTOR('',#3725,1.);
#3725 = DIRECTION('',(0.,0.,1.));
#3726 = PLANE('',#3727);
#3727 = AXIS2_PLACEMENT_3D('',#3728,#3729,#3730);
#3728 = CARTESIAN_POINT('',(53.34,14.075,-1.));
#3729 = DIRECTION('',(-0.,1.,0.));
#3730 = DIRECTION('',(0.,0.,1.));
#3731 = ADVANCED_FACE('',(#3732),#3750,.T.);
#3732 = FACE_BOUND('',#3733,.T.);
#3733 = EDGE_LOOP('',(#3734,#3742,#3743,#3744));
#3734 = ORIENTED_EDGE('',*,*,#3735,.T.);
#3735 = EDGE_CURVE('',#3736,#3689,#3738,.T.);
#3736 = VERTEX_POINT('',#3737);
#3737 = CARTESIAN_POINT('',(58.42,11.325,0.));
#3738 = LINE('',#3739,#3740);
#3739 = CARTESIAN_POINT('',(26.67,11.325,0.));
#3740 = VECTOR('',#3741,1.);
#3741 = DIRECTION('',(-1.,-0.,0.));
#3742 = ORIENTED_EDGE('',*,*,#3697,.T.);
#3743 = ORIENTED_EDGE('',*,*,#904,.F.);
#3744 = ORIENTED_EDGE('',*,*,#3745,.F.);
#3745 = EDGE_CURVE('',#3736,#896,#3746,.T.);
#3746 = LINE('',#3747,#3748);
#3747 = CARTESIAN_POINT('',(58.42,11.325,-1.));
#3748 = VECTOR('',#3749,1.);
#3749 = DIRECTION('',(0.,0.,1.));
#3750 = PLANE('',#3751);
#3751 = AXIS2_PLACEMENT_3D('',#3752,#3753,#3754);
#3752 = CARTESIAN_POINT('',(53.34,11.325,-1.));
#3753 = DIRECTION('',(-0.,1.,0.));
#3754 = DIRECTION('',(0.,0.,1.));
#3755 = ADVANCED_FACE('',(#3756),#3778,.F.);
#3756 = FACE_BOUND('',#3757,.F.);
#3757 = EDGE_LOOP('',(#3758,#3759,#3760,#3761,#3762,#3771));
#3758 = ORIENTED_EDGE('',*,*,#3721,.T.);
#3759 = ORIENTED_EDGE('',*,*,#886,.F.);
#3760 = ORIENTED_EDGE('',*,*,#895,.F.);
#3761 = ORIENTED_EDGE('',*,*,#3745,.F.);
#3762 = ORIENTED_EDGE('',*,*,#3763,.T.);
#3763 = EDGE_CURVE('',#3736,#3764,#3766,.T.);
#3764 = VERTEX_POINT('',#3765);
#3765 = CARTESIAN_POINT('',(59.795,12.7,0.));
#3766 = CIRCLE('',#3767,1.375);
#3767 = AXIS2_PLACEMENT_3D('',#3768,#3769,#3770);
#3768 = CARTESIAN_POINT('',(58.42,12.7,0.));
#3769 = DIRECTION('',(0.,0.,1.));
#3770 = DIRECTION('',(1.,0.,-0.));
#3771 = ORIENTED_EDGE('',*,*,#3772,.T.);
#3772 = EDGE_CURVE('',#3764,#3712,#3773,.T.);
#3773 = CIRCLE('',#3774,1.375);
#3774 = AXIS2_PLACEMENT_3D('',#3775,#3776,#3777);
#3775 = CARTESIAN_POINT('',(58.42,12.7,0.));
#3776 = DIRECTION('',(0.,0.,1.));
#3777 = DIRECTION('',(1.,0.,-0.));
#3778 = CYLINDRICAL_SURFACE('',#3779,1.375);
#3779 = AXIS2_PLACEMENT_3D('',#3780,#3781,#3782);
#3780 = CARTESIAN_POINT('',(58.42,12.7,-1.));
#3781 = DIRECTION('',(0.,0.,1.));
#3782 = DIRECTION('',(1.,0.,-0.));
#3783 = ADVANCED_FACE('',(#3784),#3810,.F.);
#3784 = FACE_BOUND('',#3785,.F.);
#3785 = EDGE_LOOP('',(#3786,#3787,#3795,#3804));
#3786 = ORIENTED_EDGE('',*,*,#912,.F.);
#3787 = ORIENTED_EDGE('',*,*,#3788,.F.);
#3788 = EDGE_CURVE('',#3789,#913,#3791,.T.);
#3789 = VERTEX_POINT('',#3790);
#3790 = CARTESIAN_POINT('',(2.54,19.155,0.));
#3791 = LINE('',#3792,#3793);
#3792 = CARTESIAN_POINT('',(2.54,19.155,-1.));
#3793 = VECTOR('',#3794,1.);
#3794 = DIRECTION('',(0.,0.,1.));
#3795 = ORIENTED_EDGE('',*,*,#3796,.T.);
#3796 = EDGE_CURVE('',#3789,#3797,#3799,.T.);
#3797 = VERTEX_POINT('',#3798);
#3798 = CARTESIAN_POINT('',(2.54,16.405,0.));
#3799 = CIRCLE('',#3800,1.375);
#3800 = AXIS2_PLACEMENT_3D('',#3801,#3802,#3803);
#3801 = CARTESIAN_POINT('',(2.54,17.78,0.));
#3802 = DIRECTION('',(0.,0.,1.));
#3803 = DIRECTION('',(1.,0.,-0.));
#3804 = ORIENTED_EDGE('',*,*,#3805,.T.);
#3805 = EDGE_CURVE('',#3797,#915,#3806,.T.);
#3806 = LINE('',#3807,#3808);
#3807 = CARTESIAN_POINT('',(2.54,16.405,-1.));
#3808 = VECTOR('',#3809,1.);
#3809 = DIRECTION('',(0.,0.,1.));
#3810 = CYLINDRICAL_SURFACE('',#3811,1.375);
#3811 = AXIS2_PLACEMENT_3D('',#3812,#3813,#3814);
#3812 = CARTESIAN_POINT('',(2.54,17.78,-1.));
#3813 = DIRECTION('',(0.,0.,1.));
#3814 = DIRECTION('',(1.,0.,-0.));
#3815 = ADVANCED_FACE('',(#3816),#3834,.F.);
#3816 = FACE_BOUND('',#3817,.F.);
#3817 = EDGE_LOOP('',(#3818,#3826,#3827,#3828));
#3818 = ORIENTED_EDGE('',*,*,#3819,.T.);
#3819 = EDGE_CURVE('',#3820,#3789,#3822,.T.);
#3820 = VERTEX_POINT('',#3821);
#3821 = CARTESIAN_POINT('',(7.62,19.155,0.));
#3822 = LINE('',#3823,#3824);
#3823 = CARTESIAN_POINT('',(1.27,19.155,0.));
#3824 = VECTOR('',#3825,1.);
#3825 = DIRECTION('',(-1.,-0.,0.));
#3826 = ORIENTED_EDGE('',*,*,#3788,.T.);
#3827 = ORIENTED_EDGE('',*,*,#923,.F.);
#3828 = ORIENTED_EDGE('',*,*,#3829,.F.);
#3829 = EDGE_CURVE('',#3820,#924,#3830,.T.);
#3830 = LINE('',#3831,#3832);
#3831 = CARTESIAN_POINT('',(7.62,19.155,-1.));
#3832 = VECTOR('',#3833,1.);
#3833 = DIRECTION('',(0.,0.,1.));
#3834 = PLANE('',#3835);
#3835 = AXIS2_PLACEMENT_3D('',#3836,#3837,#3838);
#3836 = CARTESIAN_POINT('',(2.54,19.155,-1.));
#3837 = DIRECTION('',(-0.,1.,0.));
#3838 = DIRECTION('',(0.,0.,1.));
#3839 = ADVANCED_FACE('',(#3840),#3858,.T.);
#3840 = FACE_BOUND('',#3841,.T.);
#3841 = EDGE_LOOP('',(#3842,#3850,#3851,#3852));
#3842 = ORIENTED_EDGE('',*,*,#3843,.T.);
#3843 = EDGE_CURVE('',#3844,#3797,#3846,.T.);
#3844 = VERTEX_POINT('',#3845);
#3845 = CARTESIAN_POINT('',(7.62,16.405,0.));
#3846 = LINE('',#3847,#3848);
#3847 = CARTESIAN_POINT('',(1.27,16.405,0.));
#3848 = VECTOR('',#3849,1.);
#3849 = DIRECTION('',(-1.,-0.,0.));
#3850 = ORIENTED_EDGE('',*,*,#3805,.T.);
#3851 = ORIENTED_EDGE('',*,*,#949,.F.);
#3852 = ORIENTED_EDGE('',*,*,#3853,.F.);
#3853 = EDGE_CURVE('',#3844,#941,#3854,.T.);
#3854 = LINE('',#3855,#3856);
#3855 = CARTESIAN_POINT('',(7.62,16.405,-1.));
#3856 = VECTOR('',#3857,1.);
#3857 = DIRECTION('',(0.,0.,1.));
#3858 = PLANE('',#3859);
#3859 = AXIS2_PLACEMENT_3D('',#3860,#3861,#3862);
#3860 = CARTESIAN_POINT('',(2.54,16.405,-1.));
#3861 = DIRECTION('',(-0.,1.,0.));
#3862 = DIRECTION('',(0.,0.,1.));
#3863 = ADVANCED_FACE('',(#3864),#3886,.F.);
#3864 = FACE_BOUND('',#3865,.F.);
#3865 = EDGE_LOOP('',(#3866,#3867,#3868,#3869,#3870,#3879));
#3866 = ORIENTED_EDGE('',*,*,#3829,.T.);
#3867 = ORIENTED_EDGE('',*,*,#931,.F.);
#3868 = ORIENTED_EDGE('',*,*,#940,.F.);
#3869 = ORIENTED_EDGE('',*,*,#3853,.F.);
#3870 = ORIENTED_EDGE('',*,*,#3871,.T.);
#3871 = EDGE_CURVE('',#3844,#3872,#3874,.T.);
#3872 = VERTEX_POINT('',#3873);
#3873 = CARTESIAN_POINT('',(8.995,17.78,0.));
#3874 = CIRCLE('',#3875,1.375);
#3875 = AXIS2_PLACEMENT_3D('',#3876,#3877,#3878);
#3876 = CARTESIAN_POINT('',(7.62,17.78,0.));
#3877 = DIRECTION('',(0.,0.,1.));
#3878 = DIRECTION('',(1.,0.,-0.));
#3879 = ORIENTED_EDGE('',*,*,#3880,.T.);
#3880 = EDGE_CURVE('',#3872,#3820,#3881,.T.);
#3881 = CIRCLE('',#3882,1.375);
#3882 = AXIS2_PLACEMENT_3D('',#3883,#3884,#3885);
#3883 = CARTESIAN_POINT('',(7.62,17.78,0.));
#3884 = DIRECTION('',(0.,0.,1.));
#3885 = DIRECTION('',(1.,0.,-0.));
#3886 = CYLINDRICAL_SURFACE('',#3887,1.375);
#3887 = AXIS2_PLACEMENT_3D('',#3888,#3889,#3890);
#3888 = CARTESIAN_POINT('',(7.62,17.78,-1.));
#3889 = DIRECTION('',(0.,0.,1.));
#3890 = DIRECTION('',(1.,0.,-0.));
#3891 = ADVANCED_FACE('',(#3892),#3918,.F.);
#3892 = FACE_BOUND('',#3893,.F.);
#3893 = EDGE_LOOP('',(#3894,#3895,#3903,#3912));
#3894 = ORIENTED_EDGE('',*,*,#957,.F.);
#3895 = ORIENTED_EDGE('',*,*,#3896,.F.);
#3896 = EDGE_CURVE('',#3897,#958,#3899,.T.);
#3897 = VERTEX_POINT('',#3898);
#3898 = CARTESIAN_POINT('',(14.075,22.86,0.));
#3899 = LINE('',#3900,#3901);
#3900 = CARTESIAN_POINT('',(14.075,22.86,-1.));
#3901 = VECTOR('',#3902,1.);
#3902 = DIRECTION('',(0.,0.,1.));
#3903 = ORIENTED_EDGE('',*,*,#3904,.T.);
#3904 = EDGE_CURVE('',#3897,#3905,#3907,.T.);
#3905 = VERTEX_POINT('',#3906);
#3906 = CARTESIAN_POINT('',(11.325,22.86,0.));
#3907 = CIRCLE('',#3908,1.375);
#3908 = AXIS2_PLACEMENT_3D('',#3909,#3910,#3911);
#3909 = CARTESIAN_POINT('',(12.7,22.86,0.));
#3910 = DIRECTION('',(0.,0.,1.));
#3911 = DIRECTION('',(1.,0.,-0.));
#3912 = ORIENTED_EDGE('',*,*,#3913,.T.);
#3913 = EDGE_CURVE('',#3905,#960,#3914,.T.);
#3914 = LINE('',#3915,#3916);
#3915 = CARTESIAN_POINT('',(11.325,22.86,-1.));
#3916 = VECTOR('',#3917,1.);
#3917 = DIRECTION('',(0.,0.,1.));
#3918 = CYLINDRICAL_SURFACE('',#3919,1.375);
#3919 = AXIS2_PLACEMENT_3D('',#3920,#3921,#3922);
#3920 = CARTESIAN_POINT('',(12.7,22.86,-1.));
#3921 = DIRECTION('',(0.,0.,1.));
#3922 = DIRECTION('',(1.,0.,-0.));
#3923 = ADVANCED_FACE('',(#3924),#3942,.F.);
#3924 = FACE_BOUND('',#3925,.F.);
#3925 = EDGE_LOOP('',(#3926,#3934,#3940,#3941));
#3926 = ORIENTED_EDGE('',*,*,#3927,.F.);
#3927 = EDGE_CURVE('',#3928,#969,#3930,.T.);
#3928 = VERTEX_POINT('',#3929);
#3929 = CARTESIAN_POINT('',(14.075,17.78,0.));
#3930 = LINE('',#3931,#3932);
#3931 = CARTESIAN_POINT('',(14.075,17.78,-1.));
#3932 = VECTOR('',#3933,1.);
#3933 = DIRECTION('',(0.,0.,1.));
#3934 = ORIENTED_EDGE('',*,*,#3935,.T.);
#3935 = EDGE_CURVE('',#3928,#3897,#3936,.T.);
#3936 = LINE('',#3937,#3938);
#3937 = CARTESIAN_POINT('',(14.075,8.89,0.));
#3938 = VECTOR('',#3939,1.);
#3939 = DIRECTION('',(-0.,1.,0.));
#3940 = ORIENTED_EDGE('',*,*,#3896,.T.);
#3941 = ORIENTED_EDGE('',*,*,#968,.F.);
#3942 = PLANE('',#3943);
#3943 = AXIS2_PLACEMENT_3D('',#3944,#3945,#3946);
#3944 = CARTESIAN_POINT('',(14.075,17.78,-1.));
#3945 = DIRECTION('',(1.,0.,-0.));
#3946 = DIRECTION('',(0.,0.,1.));
#3947 = ADVANCED_FACE('',(#3948),#3966,.T.);
#3948 = FACE_BOUND('',#3949,.T.);
#3949 = EDGE_LOOP('',(#3950,#3958,#3964,#3965));
#3950 = ORIENTED_EDGE('',*,*,#3951,.F.);
#3951 = EDGE_CURVE('',#3952,#977,#3954,.T.);
#3952 = VERTEX_POINT('',#3953);
#3953 = CARTESIAN_POINT('',(11.325,17.78,0.));
#3954 = LINE('',#3955,#3956);
#3955 = CARTESIAN_POINT('',(11.325,17.78,-1.));
#3956 = VECTOR('',#3957,1.);
#3957 = DIRECTION('',(0.,0.,1.));
#3958 = ORIENTED_EDGE('',*,*,#3959,.T.);
#3959 = EDGE_CURVE('',#3952,#3905,#3960,.T.);
#3960 = LINE('',#3961,#3962);
#3961 = CARTESIAN_POINT('',(11.325,8.89,0.));
#3962 = VECTOR('',#3963,1.);
#3963 = DIRECTION('',(-0.,1.,0.));
#3964 = ORIENTED_EDGE('',*,*,#3913,.T.);
#3965 = ORIENTED_EDGE('',*,*,#985,.F.);
#3966 = PLANE('',#3967);
#3967 = AXIS2_PLACEMENT_3D('',#3968,#3969,#3970);
#3968 = CARTESIAN_POINT('',(11.325,17.78,-1.));
#3969 = DIRECTION('',(1.,0.,-0.));
#3970 = DIRECTION('',(0.,0.,1.));
#3971 = ADVANCED_FACE('',(#3972),#3984,.F.);
#3972 = FACE_BOUND('',#3973,.F.);
#3973 = EDGE_LOOP('',(#3974,#3975,#3976,#3977));
#3974 = ORIENTED_EDGE('',*,*,#3927,.T.);
#3975 = ORIENTED_EDGE('',*,*,#976,.F.);
#3976 = ORIENTED_EDGE('',*,*,#3951,.F.);
#3977 = ORIENTED_EDGE('',*,*,#3978,.T.);
#3978 = EDGE_CURVE('',#3952,#3928,#3979,.T.);
#3979 = CIRCLE('',#3980,1.375);
#3980 = AXIS2_PLACEMENT_3D('',#3981,#3982,#3983);
#3981 = CARTESIAN_POINT('',(12.7,17.78,0.));
#3982 = DIRECTION('',(0.,0.,1.));
#3983 = DIRECTION('',(1.,0.,-0.));
#3984 = CYLINDRICAL_SURFACE('',#3985,1.375);
#3985 = AXIS2_PLACEMENT_3D('',#3986,#3987,#3988);
#3986 = CARTESIAN_POINT('',(12.7,17.78,-1.));
#3987 = DIRECTION('',(0.,0.,1.));
#3988 = DIRECTION('',(1.,0.,-0.));
#3989 = ADVANCED_FACE('',(#3990),#4016,.F.);
#3990 = FACE_BOUND('',#3991,.F.);
#3991 = EDGE_LOOP('',(#3992,#3993,#4001,#4010));
#3992 = ORIENTED_EDGE('',*,*,#993,.F.);
#3993 = ORIENTED_EDGE('',*,*,#3994,.F.);
#3994 = EDGE_CURVE('',#3995,#994,#3997,.T.);
#3995 = VERTEX_POINT('',#3996);
#3996 = CARTESIAN_POINT('',(17.78,19.155,0.));
#3997 = LINE('',#3998,#3999);
#3998 = CARTESIAN_POINT('',(17.78,19.155,-1.));
#3999 = VECTOR('',#4000,1.);
#4000 = DIRECTION('',(0.,0.,1.));
#4001 = ORIENTED_EDGE('',*,*,#4002,.T.);
#4002 = EDGE_CURVE('',#3995,#4003,#4005,.T.);
#4003 = VERTEX_POINT('',#4004);
#4004 = CARTESIAN_POINT('',(17.78,16.405,0.));
#4005 = CIRCLE('',#4006,1.375);
#4006 = AXIS2_PLACEMENT_3D('',#4007,#4008,#4009);
#4007 = CARTESIAN_POINT('',(17.78,17.78,0.));
#4008 = DIRECTION('',(0.,0.,1.));
#4009 = DIRECTION('',(1.,0.,-0.));
#4010 = ORIENTED_EDGE('',*,*,#4011,.T.);
#4011 = EDGE_CURVE('',#4003,#996,#4012,.T.);
#4012 = LINE('',#4013,#4014);
#4013 = CARTESIAN_POINT('',(17.78,16.405,-1.));
#4014 = VECTOR('',#4015,1.);
#4015 = DIRECTION('',(0.,0.,1.));
#4016 = CYLINDRICAL_SURFACE('',#4017,1.375);
#4017 = AXIS2_PLACEMENT_3D('',#4018,#4019,#4020);
#4018 = CARTESIAN_POINT('',(17.78,17.78,-1.));
#4019 = DIRECTION('',(0.,0.,1.));
#4020 = DIRECTION('',(1.,0.,-0.));
#4021 = ADVANCED_FACE('',(#4022),#4040,.F.);
#4022 = FACE_BOUND('',#4023,.F.);
#4023 = EDGE_LOOP('',(#4024,#4032,#4033,#4034));
#4024 = ORIENTED_EDGE('',*,*,#4025,.T.);
#4025 = EDGE_CURVE('',#4026,#3995,#4028,.T.);
#4026 = VERTEX_POINT('',#4027);
#4027 = CARTESIAN_POINT('',(22.86,19.155,0.));
#4028 = LINE('',#4029,#4030);
#4029 = CARTESIAN_POINT('',(8.89,19.155,0.));
#4030 = VECTOR('',#4031,1.);
#4031 = DIRECTION('',(-1.,-0.,0.));
#4032 = ORIENTED_EDGE('',*,*,#3994,.T.);
#4033 = ORIENTED_EDGE('',*,*,#1004,.F.);
#4034 = ORIENTED_EDGE('',*,*,#4035,.F.);
#4035 = EDGE_CURVE('',#4026,#1005,#4036,.T.);
#4036 = LINE('',#4037,#4038);
#4037 = CARTESIAN_POINT('',(22.86,19.155,-1.));
#4038 = VECTOR('',#4039,1.);
#4039 = DIRECTION('',(0.,0.,1.));
#4040 = PLANE('',#4041);
#4041 = AXIS2_PLACEMENT_3D('',#4042,#4043,#4044);
#4042 = CARTESIAN_POINT('',(17.78,19.155,-1.));
#4043 = DIRECTION('',(-0.,1.,0.));
#4044 = DIRECTION('',(0.,0.,1.));
#4045 = ADVANCED_FACE('',(#4046),#4064,.T.);
#4046 = FACE_BOUND('',#4047,.T.);
#4047 = EDGE_LOOP('',(#4048,#4056,#4057,#4058));
#4048 = ORIENTED_EDGE('',*,*,#4049,.T.);
#4049 = EDGE_CURVE('',#4050,#4003,#4052,.T.);
#4050 = VERTEX_POINT('',#4051);
#4051 = CARTESIAN_POINT('',(22.86,16.405,0.));
#4052 = LINE('',#4053,#4054);
#4053 = CARTESIAN_POINT('',(8.89,16.405,0.));
#4054 = VECTOR('',#4055,1.);
#4055 = DIRECTION('',(-1.,-0.,0.));
#4056 = ORIENTED_EDGE('',*,*,#4011,.T.);
#4057 = ORIENTED_EDGE('',*,*,#1030,.F.);
#4058 = ORIENTED_EDGE('',*,*,#4059,.F.);
#4059 = EDGE_CURVE('',#4050,#1022,#4060,.T.);
#4060 = LINE('',#4061,#4062);
#4061 = CARTESIAN_POINT('',(22.86,16.405,-1.));
#4062 = VECTOR('',#4063,1.);
#4063 = DIRECTION('',(0.,0.,1.));
#4064 = PLANE('',#4065);
#4065 = AXIS2_PLACEMENT_3D('',#4066,#4067,#4068);
#4066 = CARTESIAN_POINT('',(17.78,16.405,-1.));
#4067 = DIRECTION('',(-0.,1.,0.));
#4068 = DIRECTION('',(0.,0.,1.));
#4069 = ADVANCED_FACE('',(#4070),#4092,.F.);
#4070 = FACE_BOUND('',#4071,.F.);
#4071 = EDGE_LOOP('',(#4072,#4073,#4074,#4075,#4076,#4085));
#4072 = ORIENTED_EDGE('',*,*,#4035,.T.);
#4073 = ORIENTED_EDGE('',*,*,#1012,.F.);
#4074 = ORIENTED_EDGE('',*,*,#1021,.F.);
#4075 = ORIENTED_EDGE('',*,*,#4059,.F.);
#4076 = ORIENTED_EDGE('',*,*,#4077,.T.);
#4077 = EDGE_CURVE('',#4050,#4078,#4080,.T.);
#4078 = VERTEX_POINT('',#4079);
#4079 = CARTESIAN_POINT('',(24.235,17.78,0.));
#4080 = CIRCLE('',#4081,1.375);
#4081 = AXIS2_PLACEMENT_3D('',#4082,#4083,#4084);
#4082 = CARTESIAN_POINT('',(22.86,17.78,0.));
#4083 = DIRECTION('',(0.,0.,1.));
#4084 = DIRECTION('',(1.,0.,-0.));
#4085 = ORIENTED_EDGE('',*,*,#4086,.T.);
#4086 = EDGE_CURVE('',#4078,#4026,#4087,.T.);
#4087 = CIRCLE('',#4088,1.375);
#4088 = AXIS2_PLACEMENT_3D('',#4089,#4090,#4091);
#4089 = CARTESIAN_POINT('',(22.86,17.78,0.));
#4090 = DIRECTION('',(0.,0.,1.));
#4091 = DIRECTION('',(1.,0.,-0.));
#4092 = CYLINDRICAL_SURFACE('',#4093,1.375);
#4093 = AXIS2_PLACEMENT_3D('',#4094,#4095,#4096);
#4094 = CARTESIAN_POINT('',(22.86,17.78,-1.));
#4095 = DIRECTION('',(0.,0.,1.));
#4096 = DIRECTION('',(1.,0.,-0.));
#4097 = ADVANCED_FACE('',(#4098),#4124,.F.);
#4098 = FACE_BOUND('',#4099,.F.);
#4099 = EDGE_LOOP('',(#4100,#4101,#4109,#4118));
#4100 = ORIENTED_EDGE('',*,*,#1038,.F.);
#4101 = ORIENTED_EDGE('',*,*,#4102,.F.);
#4102 = EDGE_CURVE('',#4103,#1039,#4105,.T.);
#4103 = VERTEX_POINT('',#4104);
#4104 = CARTESIAN_POINT('',(29.315,22.86,0.));
#4105 = LINE('',#4106,#4107);
#4106 = CARTESIAN_POINT('',(29.315,22.86,-1.));
#4107 = VECTOR('',#4108,1.);
#4108 = DIRECTION('',(0.,0.,1.));
#4109 = ORIENTED_EDGE('',*,*,#4110,.T.);
#4110 = EDGE_CURVE('',#4103,#4111,#4113,.T.);
#4111 = VERTEX_POINT('',#4112);
#4112 = CARTESIAN_POINT('',(26.565,22.86,0.));
#4113 = CIRCLE('',#4114,1.375);
#4114 = AXIS2_PLACEMENT_3D('',#4115,#4116,#4117);
#4115 = CARTESIAN_POINT('',(27.94,22.86,0.));
#4116 = DIRECTION('',(0.,0.,1.));
#4117 = DIRECTION('',(1.,0.,-0.));
#4118 = ORIENTED_EDGE('',*,*,#4119,.T.);
#4119 = EDGE_CURVE('',#4111,#1041,#4120,.T.);
#4120 = LINE('',#4121,#4122);
#4121 = CARTESIAN_POINT('',(26.565,22.86,-1.));
#4122 = VECTOR('',#4123,1.);
#4123 = DIRECTION('',(0.,0.,1.));
#4124 = CYLINDRICAL_SURFACE('',#4125,1.375);
#4125 = AXIS2_PLACEMENT_3D('',#4126,#4127,#4128);
#4126 = CARTESIAN_POINT('',(27.94,22.86,-1.));
#4127 = DIRECTION('',(0.,0.,1.));
#4128 = DIRECTION('',(1.,0.,-0.));
#4129 = ADVANCED_FACE('',(#4130),#4148,.F.);
#4130 = FACE_BOUND('',#4131,.F.);
#4131 = EDGE_LOOP('',(#4132,#4140,#4146,#4147));
#4132 = ORIENTED_EDGE('',*,*,#4133,.F.);
#4133 = EDGE_CURVE('',#4134,#1050,#4136,.T.);
#4134 = VERTEX_POINT('',#4135);
#4135 = CARTESIAN_POINT('',(29.315,17.78,0.));
#4136 = LINE('',#4137,#4138);
#4137 = CARTESIAN_POINT('',(29.315,17.78,-1.));
#4138 = VECTOR('',#4139,1.);
#4139 = DIRECTION('',(0.,0.,1.));
#4140 = ORIENTED_EDGE('',*,*,#4141,.T.);
#4141 = EDGE_CURVE('',#4134,#4103,#4142,.T.);
#4142 = LINE('',#4143,#4144);
#4143 = CARTESIAN_POINT('',(29.315,8.89,0.));
#4144 = VECTOR('',#4145,1.);
#4145 = DIRECTION('',(-0.,1.,0.));
#4146 = ORIENTED_EDGE('',*,*,#4102,.T.);
#4147 = ORIENTED_EDGE('',*,*,#1049,.F.);
#4148 = PLANE('',#4149);
#4149 = AXIS2_PLACEMENT_3D('',#4150,#4151,#4152);
#4150 = CARTESIAN_POINT('',(29.315,17.78,-1.));
#4151 = DIRECTION('',(1.,0.,-0.));
#4152 = DIRECTION('',(0.,0.,1.));
#4153 = ADVANCED_FACE('',(#4154),#4172,.T.);
#4154 = FACE_BOUND('',#4155,.T.);
#4155 = EDGE_LOOP('',(#4156,#4164,#4170,#4171));
#4156 = ORIENTED_EDGE('',*,*,#4157,.F.);
#4157 = EDGE_CURVE('',#4158,#1058,#4160,.T.);
#4158 = VERTEX_POINT('',#4159);
#4159 = CARTESIAN_POINT('',(26.565,17.78,0.));
#4160 = LINE('',#4161,#4162);
#4161 = CARTESIAN_POINT('',(26.565,17.78,-1.));
#4162 = VECTOR('',#4163,1.);
#4163 = DIRECTION('',(0.,0.,1.));
#4164 = ORIENTED_EDGE('',*,*,#4165,.T.);
#4165 = EDGE_CURVE('',#4158,#4111,#4166,.T.);
#4166 = LINE('',#4167,#4168);
#4167 = CARTESIAN_POINT('',(26.565,8.89,0.));
#4168 = VECTOR('',#4169,1.);
#4169 = DIRECTION('',(-0.,1.,0.));
#4170 = ORIENTED_EDGE('',*,*,#4119,.T.);
#4171 = ORIENTED_EDGE('',*,*,#1066,.F.);
#4172 = PLANE('',#4173);
#4173 = AXIS2_PLACEMENT_3D('',#4174,#4175,#4176);
#4174 = CARTESIAN_POINT('',(26.565,17.78,-1.));
#4175 = DIRECTION('',(1.,0.,-0.));
#4176 = DIRECTION('',(0.,0.,1.));
#4177 = ADVANCED_FACE('',(#4178),#4190,.F.);
#4178 = FACE_BOUND('',#4179,.F.);
#4179 = EDGE_LOOP('',(#4180,#4181,#4182,#4183));
#4180 = ORIENTED_EDGE('',*,*,#4133,.T.);
#4181 = ORIENTED_EDGE('',*,*,#1057,.F.);
#4182 = ORIENTED_EDGE('',*,*,#4157,.F.);
#4183 = ORIENTED_EDGE('',*,*,#4184,.T.);
#4184 = EDGE_CURVE('',#4158,#4134,#4185,.T.);
#4185 = CIRCLE('',#4186,1.375);
#4186 = AXIS2_PLACEMENT_3D('',#4187,#4188,#4189);
#4187 = CARTESIAN_POINT('',(27.94,17.78,0.));
#4188 = DIRECTION('',(0.,0.,1.));
#4189 = DIRECTION('',(1.,0.,-0.));
#4190 = CYLINDRICAL_SURFACE('',#4191,1.375);
#4191 = AXIS2_PLACEMENT_3D('',#4192,#4193,#4194);
#4192 = CARTESIAN_POINT('',(27.94,17.78,-1.));
#4193 = DIRECTION('',(0.,0.,1.));
#4194 = DIRECTION('',(1.,0.,-0.));
#4195 = ADVANCED_FACE('',(#4196),#4287,.T.);
#4196 = FACE_BOUND('',#4197,.T.);
#4197 = EDGE_LOOP('',(#4198,#4206,#4213,#4214,#4215,#4223,#4232,#4238,
    #4239,#4247,#4256,#4262,#4263,#4271,#4280,#4286));
#4198 = ORIENTED_EDGE('',*,*,#4199,.T.);
#4199 = EDGE_CURVE('',#1199,#4200,#4202,.T.);
#4200 = VERTEX_POINT('',#4201);
#4201 = CARTESIAN_POINT('',(8.33,24.13,12.));
#4202 = LINE('',#4203,#4204);
#4203 = CARTESIAN_POINT('',(8.33,24.13,0.));
#4204 = VECTOR('',#4205,1.);
#4205 = DIRECTION('',(0.,0.,1.));
#4206 = ORIENTED_EDGE('',*,*,#4207,.F.);
#4207 = EDGE_CURVE('',#4200,#4200,#4208,.T.);
#4208 = CIRCLE('',#4209,3.25);
#4209 = AXIS2_PLACEMENT_3D('',#4210,#4211,#4212);
#4210 = CARTESIAN_POINT('',(5.08,24.13,12.));
#4211 = DIRECTION('',(0.,0.,1.));
#4212 = DIRECTION('',(1.,0.,-0.));
#4213 = ORIENTED_EDGE('',*,*,#4199,.F.);
#4214 = ORIENTED_EDGE('',*,*,#1198,.T.);
#4215 = ORIENTED_EDGE('',*,*,#4216,.F.);
#4216 = EDGE_CURVE('',#4217,#1190,#4219,.T.);
#4217 = VERTEX_POINT('',#4218);
#4218 = CARTESIAN_POINT('',(7.12208067661,26.658320887509,0.));
#4219 = LINE('',#4220,#4221);
#4220 = CARTESIAN_POINT('',(7.12208067661,26.658320887509,-1.));
#4221 = VECTOR('',#4222,1.);
#4222 = DIRECTION('',(0.,0.,1.));
#4223 = ORIENTED_EDGE('',*,*,#4224,.T.);
#4224 = EDGE_CURVE('',#4217,#4225,#4227,.T.);
#4225 = VERTEX_POINT('',#4226);
#4226 = CARTESIAN_POINT('',(6.628419020543,26.98742865822,0.));
#4227 = CIRCLE('',#4228,3.25);
#4228 = AXIS2_PLACEMENT_3D('',#4229,#4230,#4231);
#4229 = CARTESIAN_POINT('',(5.08,24.13,0.));
#4230 = DIRECTION('',(0.,0.,1.));
#4231 = DIRECTION('',(1.,0.,-0.));
#4232 = ORIENTED_EDGE('',*,*,#4233,.T.);
#4233 = EDGE_CURVE('',#4225,#1138,#4234,.T.);
#4234 = LINE('',#4235,#4236);
#4235 = CARTESIAN_POINT('',(6.628419020543,26.987428658221,-1.));
#4236 = VECTOR('',#4237,1.);
#4237 = DIRECTION('',(0.,0.,1.));
#4238 = ORIENTED_EDGE('',*,*,#1137,.T.);
#4239 = ORIENTED_EDGE('',*,*,#4240,.F.);
#4240 = EDGE_CURVE('',#4241,#1130,#4243,.T.);
#4241 = VERTEX_POINT('',#4242);
#4242 = CARTESIAN_POINT('',(3.915,27.164019611011,0.));
#4243 = LINE('',#4244,#4245);
#4244 = CARTESIAN_POINT('',(3.915,27.164019611011,0.));
#4245 = VECTOR('',#4246,1.);
#4246 = DIRECTION('',(0.,0.,1.));
#4247 = ORIENTED_EDGE('',*,*,#4248,.T.);
#4248 = EDGE_CURVE('',#4241,#4249,#4251,.T.);
#4249 = VERTEX_POINT('',#4250);
#4250 = CARTESIAN_POINT('',(3.057406498967,21.586062986319,0.));
#4251 = CIRCLE('',#4252,3.25);
#4252 = AXIS2_PLACEMENT_3D('',#4253,#4254,#4255);
#4253 = CARTESIAN_POINT('',(5.08,24.13,0.));
#4254 = DIRECTION('',(0.,0.,1.));
#4255 = DIRECTION('',(1.,0.,-0.));
#4256 = ORIENTED_EDGE('',*,*,#4257,.T.);
#4257 = EDGE_CURVE('',#4249,#1095,#4258,.T.);
#4258 = LINE('',#4259,#4260);
#4259 = CARTESIAN_POINT('',(3.057406498967,21.586062986319,-1.));
#4260 = VECTOR('',#4261,1.);
#4261 = DIRECTION('',(0.,0.,1.));
#4262 = ORIENTED_EDGE('',*,*,#1094,.T.);
#4263 = ORIENTED_EDGE('',*,*,#4264,.F.);
#4264 = EDGE_CURVE('',#4265,#1086,#4267,.T.);
#4265 = VERTEX_POINT('',#4266);
#4266 = CARTESIAN_POINT('',(7.102593501033,21.586062986319,0.));
#4267 = LINE('',#4268,#4269);
#4268 = CARTESIAN_POINT('',(7.102593501033,21.586062986319,-1.));
#4269 = VECTOR('',#4270,1.);
#4270 = DIRECTION('',(0.,0.,1.));
#4271 = ORIENTED_EDGE('',*,*,#4272,.T.);
#4272 = EDGE_CURVE('',#4265,#4273,#4275,.T.);
#4273 = VERTEX_POINT('',#4274);
#4274 = CARTESIAN_POINT('',(8.328705711565,24.038287407382,0.));
#4275 = CIRCLE('',#4276,3.25);
#4276 = AXIS2_PLACEMENT_3D('',#4277,#4278,#4279);
#4277 = CARTESIAN_POINT('',(5.08,24.13,0.));
#4278 = DIRECTION('',(0.,0.,1.));
#4279 = DIRECTION('',(1.,0.,-0.));
#4280 = ORIENTED_EDGE('',*,*,#4281,.T.);
#4281 = EDGE_CURVE('',#4273,#1077,#4282,.T.);
#4282 = LINE('',#4283,#4284);
#4283 = CARTESIAN_POINT('',(8.328705711565,24.038287407382,-1.));
#4284 = VECTOR('',#4285,1.);
#4285 = DIRECTION('',(0.,0.,1.));
#4286 = ORIENTED_EDGE('',*,*,#1207,.T.);
#4287 = CYLINDRICAL_SURFACE('',#4288,3.25);
#4288 = AXIS2_PLACEMENT_3D('',#4289,#4290,#4291);
#4289 = CARTESIAN_POINT('',(5.08,24.13,0.));
#4290 = DIRECTION('',(0.,0.,1.));
#4291 = DIRECTION('',(1.,0.,-0.));
#4292 = ADVANCED_FACE('',(#4293),#4312,.F.);
#4293 = FACE_BOUND('',#4294,.F.);
#4294 = EDGE_LOOP('',(#4295,#4296,#4297,#4306));
#4295 = ORIENTED_EDGE('',*,*,#1189,.F.);
#4296 = ORIENTED_EDGE('',*,*,#4216,.F.);
#4297 = ORIENTED_EDGE('',*,*,#4298,.T.);
#4298 = EDGE_CURVE('',#4217,#4299,#4301,.T.);
#4299 = VERTEX_POINT('',#4300);
#4300 = CARTESIAN_POINT('',(7.62,26.565,0.));
#4301 = CIRCLE('',#4302,1.375);
#4302 = AXIS2_PLACEMENT_3D('',#4303,#4304,#4305);
#4303 = CARTESIAN_POINT('',(7.62,27.94,0.));
#4304 = DIRECTION('',(0.,0.,1.));
#4305 = DIRECTION('',(1.,0.,-0.));
#4306 = ORIENTED_EDGE('',*,*,#4307,.T.);
#4307 = EDGE_CURVE('',#4299,#1182,#4308,.T.);
#4308 = LINE('',#4309,#4310);
#4309 = CARTESIAN_POINT('',(7.62,26.565,-1.));
#4310 = VECTOR('',#4311,1.);
#4311 = DIRECTION('',(0.,0.,1.));
#4312 = CYLINDRICAL_SURFACE('',#4313,1.375);
#4313 = AXIS2_PLACEMENT_3D('',#4314,#4315,#4316);
#4314 = CARTESIAN_POINT('',(7.62,27.94,-1.));
#4315 = DIRECTION('',(0.,0.,1.));
#4316 = DIRECTION('',(1.,0.,-0.));
#4317 = ADVANCED_FACE('',(#4318),#4336,.T.);
#4318 = FACE_BOUND('',#4319,.T.);
#4319 = EDGE_LOOP('',(#4320,#4328,#4329,#4330));
#4320 = ORIENTED_EDGE('',*,*,#4321,.T.);
#4321 = EDGE_CURVE('',#4322,#4299,#4324,.T.);
#4322 = VERTEX_POINT('',#4323);
#4323 = CARTESIAN_POINT('',(12.7,26.565,0.));
#4324 = LINE('',#4325,#4326);
#4325 = CARTESIAN_POINT('',(3.81,26.565,0.));
#4326 = VECTOR('',#4327,1.);
#4327 = DIRECTION('',(-1.,-0.,0.));
#4328 = ORIENTED_EDGE('',*,*,#4307,.T.);
#4329 = ORIENTED_EDGE('',*,*,#1181,.F.);
#4330 = ORIENTED_EDGE('',*,*,#4331,.F.);
#4331 = EDGE_CURVE('',#4322,#1173,#4332,.T.);
#4332 = LINE('',#4333,#4334);
#4333 = CARTESIAN_POINT('',(12.7,26.565,-1.));
#4334 = VECTOR('',#4335,1.);
#4335 = DIRECTION('',(0.,0.,1.));
#4336 = PLANE('',#4337);
#4337 = AXIS2_PLACEMENT_3D('',#4338,#4339,#4340);
#4338 = CARTESIAN_POINT('',(7.62,26.565,-1.));
#4339 = DIRECTION('',(-0.,1.,0.));
#4340 = DIRECTION('',(0.,0.,1.));
#4341 = ADVANCED_FACE('',(#4342),#4371,.F.);
#4342 = FACE_BOUND('',#4343,.F.);
#4343 = EDGE_LOOP('',(#4344,#4352,#4353,#4354,#4355,#4364));
#4344 = ORIENTED_EDGE('',*,*,#4345,.T.);
#4345 = EDGE_CURVE('',#4346,#1156,#4348,.T.);
#4346 = VERTEX_POINT('',#4347);
#4347 = CARTESIAN_POINT('',(12.7,29.315,0.));
#4348 = LINE('',#4349,#4350);
#4349 = CARTESIAN_POINT('',(12.7,29.315,-1.));
#4350 = VECTOR('',#4351,1.);
#4351 = DIRECTION('',(0.,0.,1.));
#4352 = ORIENTED_EDGE('',*,*,#1163,.F.);
#4353 = ORIENTED_EDGE('',*,*,#1172,.F.);
#4354 = ORIENTED_EDGE('',*,*,#4331,.F.);
#4355 = ORIENTED_EDGE('',*,*,#4356,.T.);
#4356 = EDGE_CURVE('',#4322,#4357,#4359,.T.);
#4357 = VERTEX_POINT('',#4358);
#4358 = CARTESIAN_POINT('',(14.075,27.94,0.));
#4359 = CIRCLE('',#4360,1.375);
#4360 = AXIS2_PLACEMENT_3D('',#4361,#4362,#4363);
#4361 = CARTESIAN_POINT('',(12.7,27.94,0.));
#4362 = DIRECTION('',(0.,0.,1.));
#4363 = DIRECTION('',(1.,0.,-0.));
#4364 = ORIENTED_EDGE('',*,*,#4365,.T.);
#4365 = EDGE_CURVE('',#4357,#4346,#4366,.T.);
#4366 = CIRCLE('',#4367,1.375);
#4367 = AXIS2_PLACEMENT_3D('',#4368,#4369,#4370);
#4368 = CARTESIAN_POINT('',(12.7,27.94,0.));
#4369 = DIRECTION('',(0.,0.,1.));
#4370 = DIRECTION('',(1.,0.,-0.));
#4371 = CYLINDRICAL_SURFACE('',#4372,1.375);
#4372 = AXIS2_PLACEMENT_3D('',#4373,#4374,#4375);
#4373 = CARTESIAN_POINT('',(12.7,27.94,-1.));
#4374 = DIRECTION('',(0.,0.,1.));
#4375 = DIRECTION('',(1.,0.,-0.));
#4376 = ADVANCED_FACE('',(#4377),#4395,.F.);
#4377 = FACE_BOUND('',#4378,.F.);
#4378 = EDGE_LOOP('',(#4379,#4387,#4393,#4394));
#4379 = ORIENTED_EDGE('',*,*,#4380,.T.);
#4380 = EDGE_CURVE('',#4346,#4381,#4383,.T.);
#4381 = VERTEX_POINT('',#4382);
#4382 = CARTESIAN_POINT('',(7.62,29.315,0.));
#4383 = LINE('',#4384,#4385);
#4384 = CARTESIAN_POINT('',(3.81,29.315,0.));
#4385 = VECTOR('',#4386,1.);
#4386 = DIRECTION('',(-1.,-0.,0.));
#4387 = ORIENTED_EDGE('',*,*,#4388,.T.);
#4388 = EDGE_CURVE('',#4381,#1147,#4389,.T.);
#4389 = LINE('',#4390,#4391);
#4390 = CARTESIAN_POINT('',(7.62,29.315,-1.));
#4391 = VECTOR('',#4392,1.);
#4392 = DIRECTION('',(0.,0.,1.));
#4393 = ORIENTED_EDGE('',*,*,#1155,.F.);
#4394 = ORIENTED_EDGE('',*,*,#4345,.F.);
#4395 = PLANE('',#4396);
#4396 = AXIS2_PLACEMENT_3D('',#4397,#4398,#4399);
#4397 = CARTESIAN_POINT('',(7.62,29.315,-1.));
#4398 = DIRECTION('',(-0.,1.,0.));
#4399 = DIRECTION('',(0.,0.,1.));
#4400 = ADVANCED_FACE('',(#4401),#4413,.F.);
#4401 = FACE_BOUND('',#4402,.F.);
#4402 = EDGE_LOOP('',(#4403,#4404,#4405,#4412));
#4403 = ORIENTED_EDGE('',*,*,#1146,.F.);
#4404 = ORIENTED_EDGE('',*,*,#4388,.F.);
#4405 = ORIENTED_EDGE('',*,*,#4406,.T.);
#4406 = EDGE_CURVE('',#4381,#4225,#4407,.T.);
#4407 = CIRCLE('',#4408,1.375);
#4408 = AXIS2_PLACEMENT_3D('',#4409,#4410,#4411);
#4409 = CARTESIAN_POINT('',(7.62,27.94,0.));
#4410 = DIRECTION('',(0.,0.,1.));
#4411 = DIRECTION('',(1.,0.,-0.));
#4412 = ORIENTED_EDGE('',*,*,#4233,.T.);
#4413 = CYLINDRICAL_SURFACE('',#4414,1.375);
#4414 = AXIS2_PLACEMENT_3D('',#4415,#4416,#4417);
#4415 = CARTESIAN_POINT('',(7.62,27.94,-1.));
#4416 = DIRECTION('',(0.,0.,1.));
#4417 = DIRECTION('',(1.,0.,-0.));
#4418 = ADVANCED_FACE('',(#4419),#4437,.F.);
#4419 = FACE_BOUND('',#4420,.F.);
#4420 = EDGE_LOOP('',(#4421,#4422,#4430,#4436));
#4421 = ORIENTED_EDGE('',*,*,#4240,.F.);
#4422 = ORIENTED_EDGE('',*,*,#4423,.T.);
#4423 = EDGE_CURVE('',#4241,#4424,#4426,.T.);
#4424 = VERTEX_POINT('',#4425);
#4425 = CARTESIAN_POINT('',(3.915,27.94,0.));
#4426 = LINE('',#4427,#4428);
#4427 = CARTESIAN_POINT('',(3.915,11.43,0.));
#4428 = VECTOR('',#4429,1.);
#4429 = DIRECTION('',(-0.,1.,0.));
#4430 = ORIENTED_EDGE('',*,*,#4431,.T.);
#4431 = EDGE_CURVE('',#4424,#1121,#4432,.T.);
#4432 = LINE('',#4433,#4434);
#4433 = CARTESIAN_POINT('',(3.915,27.94,-1.));
#4434 = VECTOR('',#4435,1.);
#4435 = DIRECTION('',(0.,0.,1.));
#4436 = ORIENTED_EDGE('',*,*,#1129,.F.);
#4437 = PLANE('',#4438);
#4438 = AXIS2_PLACEMENT_3D('',#4439,#4440,#4441);
#4439 = CARTESIAN_POINT('',(3.915,22.86,-1.));
#4440 = DIRECTION('',(1.,0.,-0.));
#4441 = DIRECTION('',(0.,0.,1.));
#4442 = ADVANCED_FACE('',(#4443),#4462,.F.);
#4443 = FACE_BOUND('',#4444,.F.);
#4444 = EDGE_LOOP('',(#4445,#4446,#4447,#4456));
#4445 = ORIENTED_EDGE('',*,*,#1120,.F.);
#4446 = ORIENTED_EDGE('',*,*,#4431,.F.);
#4447 = ORIENTED_EDGE('',*,*,#4448,.T.);
#4448 = EDGE_CURVE('',#4424,#4449,#4451,.T.);
#4449 = VERTEX_POINT('',#4450);
#4450 = CARTESIAN_POINT('',(1.165,27.94,0.));
#4451 = CIRCLE('',#4452,1.375);
#4452 = AXIS2_PLACEMENT_3D('',#4453,#4454,#4455);
#4453 = CARTESIAN_POINT('',(2.54,27.94,0.));
#4454 = DIRECTION('',(0.,0.,1.));
#4455 = DIRECTION('',(1.,0.,-0.));
#4456 = ORIENTED_EDGE('',*,*,#4457,.T.);
#4457 = EDGE_CURVE('',#4449,#1113,#4458,.T.);
#4458 = LINE('',#4459,#4460);
#4459 = CARTESIAN_POINT('',(1.165,27.94,-1.));
#4460 = VECTOR('',#4461,1.);
#4461 = DIRECTION('',(0.,0.,1.));
#4462 = CYLINDRICAL_SURFACE('',#4463,1.375);
#4463 = AXIS2_PLACEMENT_3D('',#4464,#4465,#4466);
#4464 = CARTESIAN_POINT('',(2.54,27.94,-1.));
#4465 = DIRECTION('',(0.,0.,1.));
#4466 = DIRECTION('',(1.,0.,-0.));
#4467 = ADVANCED_FACE('',(#4468),#4486,.T.);
#4468 = FACE_BOUND('',#4469,.T.);
#4469 = EDGE_LOOP('',(#4470,#4478,#4484,#4485));
#4470 = ORIENTED_EDGE('',*,*,#4471,.F.);
#4471 = EDGE_CURVE('',#4472,#1104,#4474,.T.);
#4472 = VERTEX_POINT('',#4473);
#4473 = CARTESIAN_POINT('',(1.165,22.86,0.));
#4474 = LINE('',#4475,#4476);
#4475 = CARTESIAN_POINT('',(1.165,22.86,-1.));
#4476 = VECTOR('',#4477,1.);
#4477 = DIRECTION('',(0.,0.,1.));
#4478 = ORIENTED_EDGE('',*,*,#4479,.T.);
#4479 = EDGE_CURVE('',#4472,#4449,#4480,.T.);
#4480 = LINE('',#4481,#4482);
#4481 = CARTESIAN_POINT('',(1.165,11.43,0.));
#4482 = VECTOR('',#4483,1.);
#4483 = DIRECTION('',(-0.,1.,0.));
#4484 = ORIENTED_EDGE('',*,*,#4457,.T.);
#4485 = ORIENTED_EDGE('',*,*,#1112,.F.);
#4486 = PLANE('',#4487);
#4487 = AXIS2_PLACEMENT_3D('',#4488,#4489,#4490);
#4488 = CARTESIAN_POINT('',(1.165,22.86,-1.));
#4489 = DIRECTION('',(1.,0.,-0.));
#4490 = DIRECTION('',(0.,0.,1.));
#4491 = ADVANCED_FACE('',(#4492),#4504,.F.);
#4492 = FACE_BOUND('',#4493,.F.);
#4493 = EDGE_LOOP('',(#4494,#4501,#4502,#4503));
#4494 = ORIENTED_EDGE('',*,*,#4495,.T.);
#4495 = EDGE_CURVE('',#4472,#4249,#4496,.T.);
#4496 = CIRCLE('',#4497,1.375);
#4497 = AXIS2_PLACEMENT_3D('',#4498,#4499,#4500);
#4498 = CARTESIAN_POINT('',(2.54,22.86,0.));
#4499 = DIRECTION('',(0.,0.,1.));
#4500 = DIRECTION('',(1.,0.,-0.));
#4501 = ORIENTED_EDGE('',*,*,#4257,.T.);
#4502 = ORIENTED_EDGE('',*,*,#1103,.F.);
#4503 = ORIENTED_EDGE('',*,*,#4471,.F.);
#4504 = CYLINDRICAL_SURFACE('',#4505,1.375);
#4505 = AXIS2_PLACEMENT_3D('',#4506,#4507,#4508);
#4506 = CARTESIAN_POINT('',(2.54,22.86,-1.));
#4507 = DIRECTION('',(0.,0.,1.));
#4508 = DIRECTION('',(1.,0.,-0.));
#4509 = ADVANCED_FACE('',(#4510),#4529,.F.);
#4510 = FACE_BOUND('',#4511,.F.);
#4511 = EDGE_LOOP('',(#4512,#4513,#4521,#4528));
#4512 = ORIENTED_EDGE('',*,*,#1216,.F.);
#4513 = ORIENTED_EDGE('',*,*,#4514,.F.);
#4514 = EDGE_CURVE('',#4515,#1217,#4517,.T.);
#4515 = VERTEX_POINT('',#4516);
#4516 = CARTESIAN_POINT('',(24.235,22.86,0.));
#4517 = LINE('',#4518,#4519);
#4518 = CARTESIAN_POINT('',(24.235,22.86,-1.));
#4519 = VECTOR('',#4520,1.);
#4520 = DIRECTION('',(0.,0.,1.));
#4521 = ORIENTED_EDGE('',*,*,#4522,.T.);
#4522 = EDGE_CURVE('',#4515,#4515,#4523,.T.);
#4523 = CIRCLE('',#4524,1.375);
#4524 = AXIS2_PLACEMENT_3D('',#4525,#4526,#4527);
#4525 = CARTESIAN_POINT('',(22.86,22.86,0.));
#4526 = DIRECTION('',(0.,0.,1.));
#4527 = DIRECTION('',(1.,0.,-0.));
#4528 = ORIENTED_EDGE('',*,*,#4514,.T.);
#4529 = CYLINDRICAL_SURFACE('',#4530,1.375);
#4530 = AXIS2_PLACEMENT_3D('',#4531,#4532,#4533);
#4531 = CARTESIAN_POINT('',(22.86,22.86,-1.));
#4532 = DIRECTION('',(0.,0.,1.));
#4533 = DIRECTION('',(1.,0.,-0.));
#4534 = ADVANCED_FACE('',(#4535),#4561,.F.);
#4535 = FACE_BOUND('',#4536,.F.);
#4536 = EDGE_LOOP('',(#4537,#4538,#4546,#4555));
#4537 = ORIENTED_EDGE('',*,*,#1227,.F.);
#4538 = ORIENTED_EDGE('',*,*,#4539,.F.);
#4539 = EDGE_CURVE('',#4540,#1228,#4542,.T.);
#4540 = VERTEX_POINT('',#4541);
#4541 = CARTESIAN_POINT('',(19.155,27.94,0.));
#4542 = LINE('',#4543,#4544);
#4543 = CARTESIAN_POINT('',(19.155,27.94,-1.));
#4544 = VECTOR('',#4545,1.);
#4545 = DIRECTION('',(0.,0.,1.));
#4546 = ORIENTED_EDGE('',*,*,#4547,.T.);
#4547 = EDGE_CURVE('',#4540,#4548,#4550,.T.);
#4548 = VERTEX_POINT('',#4549);
#4549 = CARTESIAN_POINT('',(16.405,27.94,0.));
#4550 = CIRCLE('',#4551,1.375);
#4551 = AXIS2_PLACEMENT_3D('',#4552,#4553,#4554);
#4552 = CARTESIAN_POINT('',(17.78,27.94,0.));
#4553 = DIRECTION('',(0.,0.,1.));
#4554 = DIRECTION('',(1.,0.,-0.));
#4555 = ORIENTED_EDGE('',*,*,#4556,.T.);
#4556 = EDGE_CURVE('',#4548,#1230,#4557,.T.);
#4557 = LINE('',#4558,#4559);
#4558 = CARTESIAN_POINT('',(16.405,27.94,-1.));
#4559 = VECTOR('',#4560,1.);
#4560 = DIRECTION('',(0.,0.,1.));
#4561 = CYLINDRICAL_SURFACE('',#4562,1.375);
#4562 = AXIS2_PLACEMENT_3D('',#4563,#4564,#4565);
#4563 = CARTESIAN_POINT('',(17.78,27.94,-1.));
#4564 = DIRECTION('',(0.,0.,1.));
#4565 = DIRECTION('',(1.,0.,-0.));
#4566 = ADVANCED_FACE('',(#4567),#4585,.F.);
#4567 = FACE_BOUND('',#4568,.F.);
#4568 = EDGE_LOOP('',(#4569,#4577,#4583,#4584));
#4569 = ORIENTED_EDGE('',*,*,#4570,.F.);
#4570 = EDGE_CURVE('',#4571,#1239,#4573,.T.);
#4571 = VERTEX_POINT('',#4572);
#4572 = CARTESIAN_POINT('',(19.155,22.86,0.));
#4573 = LINE('',#4574,#4575);
#4574 = CARTESIAN_POINT('',(19.155,22.86,-1.));
#4575 = VECTOR('',#4576,1.);
#4576 = DIRECTION('',(0.,0.,1.));
#4577 = ORIENTED_EDGE('',*,*,#4578,.T.);
#4578 = EDGE_CURVE('',#4571,#4540,#4579,.T.);
#4579 = LINE('',#4580,#4581);
#4580 = CARTESIAN_POINT('',(19.155,11.43,0.));
#4581 = VECTOR('',#4582,1.);
#4582 = DIRECTION('',(-0.,1.,0.));
#4583 = ORIENTED_EDGE('',*,*,#4539,.T.);
#4584 = ORIENTED_EDGE('',*,*,#1238,.F.);
#4585 = PLANE('',#4586);
#4586 = AXIS2_PLACEMENT_3D('',#4587,#4588,#4589);
#4587 = CARTESIAN_POINT('',(19.155,22.86,-1.));
#4588 = DIRECTION('',(1.,0.,-0.));
#4589 = DIRECTION('',(0.,0.,1.));
#4590 = ADVANCED_FACE('',(#4591),#4609,.T.);
#4591 = FACE_BOUND('',#4592,.T.);
#4592 = EDGE_LOOP('',(#4593,#4601,#4607,#4608));
#4593 = ORIENTED_EDGE('',*,*,#4594,.F.);
#4594 = EDGE_CURVE('',#4595,#1247,#4597,.T.);
#4595 = VERTEX_POINT('',#4596);
#4596 = CARTESIAN_POINT('',(16.405,22.86,0.));
#4597 = LINE('',#4598,#4599);
#4598 = CARTESIAN_POINT('',(16.405,22.86,-1.));
#4599 = VECTOR('',#4600,1.);
#4600 = DIRECTION('',(0.,0.,1.));
#4601 = ORIENTED_EDGE('',*,*,#4602,.T.);
#4602 = EDGE_CURVE('',#4595,#4548,#4603,.T.);
#4603 = LINE('',#4604,#4605);
#4604 = CARTESIAN_POINT('',(16.405,11.43,0.));
#4605 = VECTOR('',#4606,1.);
#4606 = DIRECTION('',(-0.,1.,0.));
#4607 = ORIENTED_EDGE('',*,*,#4556,.T.);
#4608 = ORIENTED_EDGE('',*,*,#1255,.F.);
#4609 = PLANE('',#4610);
#4610 = AXIS2_PLACEMENT_3D('',#4611,#4612,#4613);
#4611 = CARTESIAN_POINT('',(16.405,22.86,-1.));
#4612 = DIRECTION('',(1.,0.,-0.));
#4613 = DIRECTION('',(0.,0.,1.));
#4614 = ADVANCED_FACE('',(#4615),#4627,.F.);
#4615 = FACE_BOUND('',#4616,.F.);
#4616 = EDGE_LOOP('',(#4617,#4618,#4619,#4620));
#4617 = ORIENTED_EDGE('',*,*,#4570,.T.);
#4618 = ORIENTED_EDGE('',*,*,#1246,.F.);
#4619 = ORIENTED_EDGE('',*,*,#4594,.F.);
#4620 = ORIENTED_EDGE('',*,*,#4621,.T.);
#4621 = EDGE_CURVE('',#4595,#4571,#4622,.T.);
#4622 = CIRCLE('',#4623,1.375);
#4623 = AXIS2_PLACEMENT_3D('',#4624,#4625,#4626);
#4624 = CARTESIAN_POINT('',(17.78,22.86,0.));
#4625 = DIRECTION('',(0.,0.,1.));
#4626 = DIRECTION('',(1.,0.,-0.));
#4627 = CYLINDRICAL_SURFACE('',#4628,1.375);
#4628 = AXIS2_PLACEMENT_3D('',#4629,#4630,#4631);
#4629 = CARTESIAN_POINT('',(17.78,22.86,-1.));
#4630 = DIRECTION('',(0.,0.,1.));
#4631 = DIRECTION('',(1.,0.,-0.));
#4632 = ADVANCED_FACE('',(#4633),#4659,.F.);
#4633 = FACE_BOUND('',#4634,.F.);
#4634 = EDGE_LOOP('',(#4635,#4636,#4644,#4653));
#4635 = ORIENTED_EDGE('',*,*,#1263,.F.);
#4636 = ORIENTED_EDGE('',*,*,#4637,.F.);
#4637 = EDGE_CURVE('',#4638,#1264,#4640,.T.);
#4638 = VERTEX_POINT('',#4639);
#4639 = CARTESIAN_POINT('',(22.86,29.315,0.));
#4640 = LINE('',#4641,#4642);
#4641 = CARTESIAN_POINT('',(22.86,29.315,-1.));
#4642 = VECTOR('',#4643,1.);
#4643 = DIRECTION('',(0.,0.,1.));
#4644 = ORIENTED_EDGE('',*,*,#4645,.T.);
#4645 = EDGE_CURVE('',#4638,#4646,#4648,.T.);
#4646 = VERTEX_POINT('',#4647);
#4647 = CARTESIAN_POINT('',(22.86,26.565,0.));
#4648 = CIRCLE('',#4649,1.375);
#4649 = AXIS2_PLACEMENT_3D('',#4650,#4651,#4652);
#4650 = CARTESIAN_POINT('',(22.86,27.94,0.));
#4651 = DIRECTION('',(0.,0.,1.));
#4652 = DIRECTION('',(1.,0.,-0.));
#4653 = ORIENTED_EDGE('',*,*,#4654,.T.);
#4654 = EDGE_CURVE('',#4646,#1266,#4655,.T.);
#4655 = LINE('',#4656,#4657);
#4656 = CARTESIAN_POINT('',(22.86,26.565,-1.));
#4657 = VECTOR('',#4658,1.);
#4658 = DIRECTION('',(0.,0.,1.));
#4659 = CYLINDRICAL_SURFACE('',#4660,1.375);
#4660 = AXIS2_PLACEMENT_3D('',#4661,#4662,#4663);
#4661 = CARTESIAN_POINT('',(22.86,27.94,-1.));
#4662 = DIRECTION('',(0.,0.,1.));
#4663 = DIRECTION('',(1.,0.,-0.));
#4664 = ADVANCED_FACE('',(#4665),#4683,.F.);
#4665 = FACE_BOUND('',#4666,.F.);
#4666 = EDGE_LOOP('',(#4667,#4675,#4676,#4677));
#4667 = ORIENTED_EDGE('',*,*,#4668,.T.);
#4668 = EDGE_CURVE('',#4669,#4638,#4671,.T.);
#4669 = VERTEX_POINT('',#4670);
#4670 = CARTESIAN_POINT('',(27.94,29.315,0.));
#4671 = LINE('',#4672,#4673);
#4672 = CARTESIAN_POINT('',(11.43,29.315,0.));
#4673 = VECTOR('',#4674,1.);
#4674 = DIRECTION('',(-1.,-0.,0.));
#4675 = ORIENTED_EDGE('',*,*,#4637,.T.);
#4676 = ORIENTED_EDGE('',*,*,#1274,.F.);
#4677 = ORIENTED_EDGE('',*,*,#4678,.F.);
#4678 = EDGE_CURVE('',#4669,#1275,#4679,.T.);
#4679 = LINE('',#4680,#4681);
#4680 = CARTESIAN_POINT('',(27.94,29.315,-1.));
#4681 = VECTOR('',#4682,1.);
#4682 = DIRECTION('',(0.,0.,1.));
#4683 = PLANE('',#4684);
#4684 = AXIS2_PLACEMENT_3D('',#4685,#4686,#4687);
#4685 = CARTESIAN_POINT('',(22.86,29.315,-1.));
#4686 = DIRECTION('',(-0.,1.,0.));
#4687 = DIRECTION('',(0.,0.,1.));
#4688 = ADVANCED_FACE('',(#4689),#4707,.T.);
#4689 = FACE_BOUND('',#4690,.T.);
#4690 = EDGE_LOOP('',(#4691,#4699,#4700,#4701));
#4691 = ORIENTED_EDGE('',*,*,#4692,.T.);
#4692 = EDGE_CURVE('',#4693,#4646,#4695,.T.);
#4693 = VERTEX_POINT('',#4694);
#4694 = CARTESIAN_POINT('',(27.94,26.565,0.));
#4695 = LINE('',#4696,#4697);
#4696 = CARTESIAN_POINT('',(11.43,26.565,0.));
#4697 = VECTOR('',#4698,1.);
#4698 = DIRECTION('',(-1.,-0.,0.));
#4699 = ORIENTED_EDGE('',*,*,#4654,.T.);
#4700 = ORIENTED_EDGE('',*,*,#1300,.F.);
#4701 = ORIENTED_EDGE('',*,*,#4702,.F.);
#4702 = EDGE_CURVE('',#4693,#1292,#4703,.T.);
#4703 = LINE('',#4704,#4705);
#4704 = CARTESIAN_POINT('',(27.94,26.565,-1.));
#4705 = VECTOR('',#4706,1.);
#4706 = DIRECTION('',(0.,0.,1.));
#4707 = PLANE('',#4708);
#4708 = AXIS2_PLACEMENT_3D('',#4709,#4710,#4711);
#4709 = CARTESIAN_POINT('',(22.86,26.565,-1.));
#4710 = DIRECTION('',(-0.,1.,0.));
#4711 = DIRECTION('',(0.,0.,1.));
#4712 = ADVANCED_FACE('',(#4713),#4735,.F.);
#4713 = FACE_BOUND('',#4714,.F.);
#4714 = EDGE_LOOP('',(#4715,#4716,#4717,#4718,#4719,#4728));
#4715 = ORIENTED_EDGE('',*,*,#4678,.T.);
#4716 = ORIENTED_EDGE('',*,*,#1282,.F.);
#4717 = ORIENTED_EDGE('',*,*,#1291,.F.);
#4718 = ORIENTED_EDGE('',*,*,#4702,.F.);
#4719 = ORIENTED_EDGE('',*,*,#4720,.T.);
#4720 = EDGE_CURVE('',#4693,#4721,#4723,.T.);
#4721 = VERTEX_POINT('',#4722);
#4722 = CARTESIAN_POINT('',(29.315,27.94,0.));
#4723 = CIRCLE('',#4724,1.375);
#4724 = AXIS2_PLACEMENT_3D('',#4725,#4726,#4727);
#4725 = CARTESIAN_POINT('',(27.94,27.94,0.));
#4726 = DIRECTION('',(0.,0.,1.));
#4727 = DIRECTION('',(1.,0.,-0.));
#4728 = ORIENTED_EDGE('',*,*,#4729,.T.);
#4729 = EDGE_CURVE('',#4721,#4669,#4730,.T.);
#4730 = CIRCLE('',#4731,1.375);
#4731 = AXIS2_PLACEMENT_3D('',#4732,#4733,#4734);
#4732 = CARTESIAN_POINT('',(27.94,27.94,0.));
#4733 = DIRECTION('',(0.,0.,1.));
#4734 = DIRECTION('',(1.,0.,-0.));
#4735 = CYLINDRICAL_SURFACE('',#4736,1.375);
#4736 = AXIS2_PLACEMENT_3D('',#4737,#4738,#4739);
#4737 = CARTESIAN_POINT('',(27.94,27.94,-1.));
#4738 = DIRECTION('',(0.,0.,1.));
#4739 = DIRECTION('',(1.,0.,-0.));
#4740 = ADVANCED_FACE('',(#4741),#4767,.F.);
#4741 = FACE_BOUND('',#4742,.F.);
#4742 = EDGE_LOOP('',(#4743,#4744,#4752,#4761));
#4743 = ORIENTED_EDGE('',*,*,#1308,.F.);
#4744 = ORIENTED_EDGE('',*,*,#4745,.F.);
#4745 = EDGE_CURVE('',#4746,#1309,#4748,.T.);
#4746 = VERTEX_POINT('',#4747);
#4747 = CARTESIAN_POINT('',(33.02,19.155,0.));
#4748 = LINE('',#4749,#4750);
#4749 = CARTESIAN_POINT('',(33.02,19.155,-1.));
#4750 = VECTOR('',#4751,1.);
#4751 = DIRECTION('',(0.,0.,1.));
#4752 = ORIENTED_EDGE('',*,*,#4753,.T.);
#4753 = EDGE_CURVE('',#4746,#4754,#4756,.T.);
#4754 = VERTEX_POINT('',#4755);
#4755 = CARTESIAN_POINT('',(33.02,16.405,0.));
#4756 = CIRCLE('',#4757,1.375);
#4757 = AXIS2_PLACEMENT_3D('',#4758,#4759,#4760);
#4758 = CARTESIAN_POINT('',(33.02,17.78,0.));
#4759 = DIRECTION('',(0.,0.,1.));
#4760 = DIRECTION('',(1.,0.,-0.));
#4761 = ORIENTED_EDGE('',*,*,#4762,.T.);
#4762 = EDGE_CURVE('',#4754,#1311,#4763,.T.);
#4763 = LINE('',#4764,#4765);
#4764 = CARTESIAN_POINT('',(33.02,16.405,-1.));
#4765 = VECTOR('',#4766,1.);
#4766 = DIRECTION('',(0.,0.,1.));
#4767 = CYLINDRICAL_SURFACE('',#4768,1.375);
#4768 = AXIS2_PLACEMENT_3D('',#4769,#4770,#4771);
#4769 = CARTESIAN_POINT('',(33.02,17.78,-1.));
#4770 = DIRECTION('',(0.,0.,1.));
#4771 = DIRECTION('',(1.,0.,-0.));
#4772 = ADVANCED_FACE('',(#4773),#4791,.F.);
#4773 = FACE_BOUND('',#4774,.F.);
#4774 = EDGE_LOOP('',(#4775,#4783,#4784,#4785));
#4775 = ORIENTED_EDGE('',*,*,#4776,.T.);
#4776 = EDGE_CURVE('',#4777,#4746,#4779,.T.);
#4777 = VERTEX_POINT('',#4778);
#4778 = CARTESIAN_POINT('',(38.1,19.155,0.));
#4779 = LINE('',#4780,#4781);
#4780 = CARTESIAN_POINT('',(16.51,19.155,0.));
#4781 = VECTOR('',#4782,1.);
#4782 = DIRECTION('',(-1.,-0.,0.));
#4783 = ORIENTED_EDGE('',*,*,#4745,.T.);
#4784 = ORIENTED_EDGE('',*,*,#1319,.F.);
#4785 = ORIENTED_EDGE('',*,*,#4786,.F.);
#4786 = EDGE_CURVE('',#4777,#1320,#4787,.T.);
#4787 = LINE('',#4788,#4789);
#4788 = CARTESIAN_POINT('',(38.1,19.155,-1.));
#4789 = VECTOR('',#4790,1.);
#4790 = DIRECTION('',(0.,0.,1.));
#4791 = PLANE('',#4792);
#4792 = AXIS2_PLACEMENT_3D('',#4793,#4794,#4795);
#4793 = CARTESIAN_POINT('',(33.02,19.155,-1.));
#4794 = DIRECTION('',(-0.,1.,0.));
#4795 = DIRECTION('',(0.,0.,1.));
#4796 = ADVANCED_FACE('',(#4797),#4815,.T.);
#4797 = FACE_BOUND('',#4798,.T.);
#4798 = EDGE_LOOP('',(#4799,#4807,#4808,#4809));
#4799 = ORIENTED_EDGE('',*,*,#4800,.T.);
#4800 = EDGE_CURVE('',#4801,#4754,#4803,.T.);
#4801 = VERTEX_POINT('',#4802);
#4802 = CARTESIAN_POINT('',(38.1,16.405,0.));
#4803 = LINE('',#4804,#4805);
#4804 = CARTESIAN_POINT('',(16.51,16.405,0.));
#4805 = VECTOR('',#4806,1.);
#4806 = DIRECTION('',(-1.,-0.,0.));
#4807 = ORIENTED_EDGE('',*,*,#4762,.T.);
#4808 = ORIENTED_EDGE('',*,*,#1345,.F.);
#4809 = ORIENTED_EDGE('',*,*,#4810,.F.);
#4810 = EDGE_CURVE('',#4801,#1337,#4811,.T.);
#4811 = LINE('',#4812,#4813);
#4812 = CARTESIAN_POINT('',(38.1,16.405,-1.));
#4813 = VECTOR('',#4814,1.);
#4814 = DIRECTION('',(0.,0.,1.));
#4815 = PLANE('',#4816);
#4816 = AXIS2_PLACEMENT_3D('',#4817,#4818,#4819);
#4817 = CARTESIAN_POINT('',(33.02,16.405,-1.));
#4818 = DIRECTION('',(-0.,1.,0.));
#4819 = DIRECTION('',(0.,0.,1.));
#4820 = ADVANCED_FACE('',(#4821),#4843,.F.);
#4821 = FACE_BOUND('',#4822,.F.);
#4822 = EDGE_LOOP('',(#4823,#4824,#4825,#4826,#4827,#4836));
#4823 = ORIENTED_EDGE('',*,*,#4786,.T.);
#4824 = ORIENTED_EDGE('',*,*,#1327,.F.);
#4825 = ORIENTED_EDGE('',*,*,#1336,.F.);
#4826 = ORIENTED_EDGE('',*,*,#4810,.F.);
#4827 = ORIENTED_EDGE('',*,*,#4828,.T.);
#4828 = EDGE_CURVE('',#4801,#4829,#4831,.T.);
#4829 = VERTEX_POINT('',#4830);
#4830 = CARTESIAN_POINT('',(39.475,17.78,0.));
#4831 = CIRCLE('',#4832,1.375);
#4832 = AXIS2_PLACEMENT_3D('',#4833,#4834,#4835);
#4833 = CARTESIAN_POINT('',(38.1,17.78,0.));
#4834 = DIRECTION('',(0.,0.,1.));
#4835 = DIRECTION('',(1.,0.,-0.));
#4836 = ORIENTED_EDGE('',*,*,#4837,.T.);
#4837 = EDGE_CURVE('',#4829,#4777,#4838,.T.);
#4838 = CIRCLE('',#4839,1.375);
#4839 = AXIS2_PLACEMENT_3D('',#4840,#4841,#4842);
#4840 = CARTESIAN_POINT('',(38.1,17.78,0.));
#4841 = DIRECTION('',(0.,0.,1.));
#4842 = DIRECTION('',(1.,0.,-0.));
#4843 = CYLINDRICAL_SURFACE('',#4844,1.375);
#4844 = AXIS2_PLACEMENT_3D('',#4845,#4846,#4847);
#4845 = CARTESIAN_POINT('',(38.1,17.78,-1.));
#4846 = DIRECTION('',(0.,0.,1.));
#4847 = DIRECTION('',(1.,0.,-0.));
#4848 = ADVANCED_FACE('',(#4849),#4875,.F.);
#4849 = FACE_BOUND('',#4850,.F.);
#4850 = EDGE_LOOP('',(#4851,#4852,#4860,#4869));
#4851 = ORIENTED_EDGE('',*,*,#1353,.F.);
#4852 = ORIENTED_EDGE('',*,*,#4853,.F.);
#4853 = EDGE_CURVE('',#4854,#1354,#4856,.T.);
#4854 = VERTEX_POINT('',#4855);
#4855 = CARTESIAN_POINT('',(44.555,22.86,0.));
#4856 = LINE('',#4857,#4858);
#4857 = CARTESIAN_POINT('',(44.555,22.86,-1.));
#4858 = VECTOR('',#4859,1.);
#4859 = DIRECTION('',(0.,0.,1.));
#4860 = ORIENTED_EDGE('',*,*,#4861,.T.);
#4861 = EDGE_CURVE('',#4854,#4862,#4864,.T.);
#4862 = VERTEX_POINT('',#4863);
#4863 = CARTESIAN_POINT('',(41.805,22.86,0.));
#4864 = CIRCLE('',#4865,1.375);
#4865 = AXIS2_PLACEMENT_3D('',#4866,#4867,#4868);
#4866 = CARTESIAN_POINT('',(43.18,22.86,0.));
#4867 = DIRECTION('',(0.,0.,1.));
#4868 = DIRECTION('',(1.,0.,-0.));
#4869 = ORIENTED_EDGE('',*,*,#4870,.T.);
#4870 = EDGE_CURVE('',#4862,#1356,#4871,.T.);
#4871 = LINE('',#4872,#4873);
#4872 = CARTESIAN_POINT('',(41.805,22.86,-1.));
#4873 = VECTOR('',#4874,1.);
#4874 = DIRECTION('',(0.,0.,1.));
#4875 = CYLINDRICAL_SURFACE('',#4876,1.375);
#4876 = AXIS2_PLACEMENT_3D('',#4877,#4878,#4879);
#4877 = CARTESIAN_POINT('',(43.18,22.86,-1.));
#4878 = DIRECTION('',(0.,0.,1.));
#4879 = DIRECTION('',(1.,0.,-0.));
#4880 = ADVANCED_FACE('',(#4881),#4899,.F.);
#4881 = FACE_BOUND('',#4882,.F.);
#4882 = EDGE_LOOP('',(#4883,#4891,#4897,#4898));
#4883 = ORIENTED_EDGE('',*,*,#4884,.F.);
#4884 = EDGE_CURVE('',#4885,#1365,#4887,.T.);
#4885 = VERTEX_POINT('',#4886);
#4886 = CARTESIAN_POINT('',(44.555,17.78,0.));
#4887 = LINE('',#4888,#4889);
#4888 = CARTESIAN_POINT('',(44.555,17.78,-1.));
#4889 = VECTOR('',#4890,1.);
#4890 = DIRECTION('',(0.,0.,1.));
#4891 = ORIENTED_EDGE('',*,*,#4892,.T.);
#4892 = EDGE_CURVE('',#4885,#4854,#4893,.T.);
#4893 = LINE('',#4894,#4895);
#4894 = CARTESIAN_POINT('',(44.555,8.89,0.));
#4895 = VECTOR('',#4896,1.);
#4896 = DIRECTION('',(-0.,1.,0.));
#4897 = ORIENTED_EDGE('',*,*,#4853,.T.);
#4898 = ORIENTED_EDGE('',*,*,#1364,.F.);
#4899 = PLANE('',#4900);
#4900 = AXIS2_PLACEMENT_3D('',#4901,#4902,#4903);
#4901 = CARTESIAN_POINT('',(44.555,17.78,-1.));
#4902 = DIRECTION('',(1.,0.,-0.));
#4903 = DIRECTION('',(0.,0.,1.));
#4904 = ADVANCED_FACE('',(#4905),#4923,.T.);
#4905 = FACE_BOUND('',#4906,.T.);
#4906 = EDGE_LOOP('',(#4907,#4915,#4921,#4922));
#4907 = ORIENTED_EDGE('',*,*,#4908,.F.);
#4908 = EDGE_CURVE('',#4909,#1373,#4911,.T.);
#4909 = VERTEX_POINT('',#4910);
#4910 = CARTESIAN_POINT('',(41.805,17.78,0.));
#4911 = LINE('',#4912,#4913);
#4912 = CARTESIAN_POINT('',(41.805,17.78,-1.));
#4913 = VECTOR('',#4914,1.);
#4914 = DIRECTION('',(0.,0.,1.));
#4915 = ORIENTED_EDGE('',*,*,#4916,.T.);
#4916 = EDGE_CURVE('',#4909,#4862,#4917,.T.);
#4917 = LINE('',#4918,#4919);
#4918 = CARTESIAN_POINT('',(41.805,8.89,0.));
#4919 = VECTOR('',#4920,1.);
#4920 = DIRECTION('',(-0.,1.,0.));
#4921 = ORIENTED_EDGE('',*,*,#4870,.T.);
#4922 = ORIENTED_EDGE('',*,*,#1381,.F.);
#4923 = PLANE('',#4924);
#4924 = AXIS2_PLACEMENT_3D('',#4925,#4926,#4927);
#4925 = CARTESIAN_POINT('',(41.805,17.78,-1.));
#4926 = DIRECTION('',(1.,0.,-0.));
#4927 = DIRECTION('',(0.,0.,1.));
#4928 = ADVANCED_FACE('',(#4929),#4941,.F.);
#4929 = FACE_BOUND('',#4930,.F.);
#4930 = EDGE_LOOP('',(#4931,#4932,#4933,#4934));
#4931 = ORIENTED_EDGE('',*,*,#4884,.T.);
#4932 = ORIENTED_EDGE('',*,*,#1372,.F.);
#4933 = ORIENTED_EDGE('',*,*,#4908,.F.);
#4934 = ORIENTED_EDGE('',*,*,#4935,.T.);
#4935 = EDGE_CURVE('',#4909,#4885,#4936,.T.);
#4936 = CIRCLE('',#4937,1.375);
#4937 = AXIS2_PLACEMENT_3D('',#4938,#4939,#4940);
#4938 = CARTESIAN_POINT('',(43.18,17.78,0.));
#4939 = DIRECTION('',(0.,0.,1.));
#4940 = DIRECTION('',(1.,0.,-0.));
#4941 = CYLINDRICAL_SURFACE('',#4942,1.375);
#4942 = AXIS2_PLACEMENT_3D('',#4943,#4944,#4945);
#4943 = CARTESIAN_POINT('',(43.18,17.78,-1.));
#4944 = DIRECTION('',(0.,0.,1.));
#4945 = DIRECTION('',(1.,0.,-0.));
#4946 = ADVANCED_FACE('',(#4947),#4973,.F.);
#4947 = FACE_BOUND('',#4948,.F.);
#4948 = EDGE_LOOP('',(#4949,#4950,#4958,#4967));
#4949 = ORIENTED_EDGE('',*,*,#1389,.F.);
#4950 = ORIENTED_EDGE('',*,*,#4951,.F.);
#4951 = EDGE_CURVE('',#4952,#1390,#4954,.T.);
#4952 = VERTEX_POINT('',#4953);
#4953 = CARTESIAN_POINT('',(48.26,19.155,0.));
#4954 = LINE('',#4955,#4956);
#4955 = CARTESIAN_POINT('',(48.26,19.155,-1.));
#4956 = VECTOR('',#4957,1.);
#4957 = DIRECTION('',(0.,0.,1.));
#4958 = ORIENTED_EDGE('',*,*,#4959,.T.);
#4959 = EDGE_CURVE('',#4952,#4960,#4962,.T.);
#4960 = VERTEX_POINT('',#4961);
#4961 = CARTESIAN_POINT('',(48.26,16.405,0.));
#4962 = CIRCLE('',#4963,1.375);
#4963 = AXIS2_PLACEMENT_3D('',#4964,#4965,#4966);
#4964 = CARTESIAN_POINT('',(48.26,17.78,0.));
#4965 = DIRECTION('',(0.,0.,1.));
#4966 = DIRECTION('',(1.,0.,-0.));
#4967 = ORIENTED_EDGE('',*,*,#4968,.T.);
#4968 = EDGE_CURVE('',#4960,#1392,#4969,.T.);
#4969 = LINE('',#4970,#4971);
#4970 = CARTESIAN_POINT('',(48.26,16.405,-1.));
#4971 = VECTOR('',#4972,1.);
#4972 = DIRECTION('',(0.,0.,1.));
#4973 = CYLINDRICAL_SURFACE('',#4974,1.375);
#4974 = AXIS2_PLACEMENT_3D('',#4975,#4976,#4977);
#4975 = CARTESIAN_POINT('',(48.26,17.78,-1.));
#4976 = DIRECTION('',(0.,0.,1.));
#4977 = DIRECTION('',(1.,0.,-0.));
#4978 = ADVANCED_FACE('',(#4979),#4997,.F.);
#4979 = FACE_BOUND('',#4980,.F.);
#4980 = EDGE_LOOP('',(#4981,#4989,#4990,#4991));
#4981 = ORIENTED_EDGE('',*,*,#4982,.T.);
#4982 = EDGE_CURVE('',#4983,#4952,#4985,.T.);
#4983 = VERTEX_POINT('',#4984);
#4984 = CARTESIAN_POINT('',(53.34,19.155,0.));
#4985 = LINE('',#4986,#4987);
#4986 = CARTESIAN_POINT('',(24.13,19.155,0.));
#4987 = VECTOR('',#4988,1.);
#4988 = DIRECTION('',(-1.,-0.,0.));
#4989 = ORIENTED_EDGE('',*,*,#4951,.T.);
#4990 = ORIENTED_EDGE('',*,*,#1400,.F.);
#4991 = ORIENTED_EDGE('',*,*,#4992,.F.);
#4992 = EDGE_CURVE('',#4983,#1401,#4993,.T.);
#4993 = LINE('',#4994,#4995);
#4994 = CARTESIAN_POINT('',(53.34,19.155,-1.));
#4995 = VECTOR('',#4996,1.);
#4996 = DIRECTION('',(0.,0.,1.));
#4997 = PLANE('',#4998);
#4998 = AXIS2_PLACEMENT_3D('',#4999,#5000,#5001);
#4999 = CARTESIAN_POINT('',(48.26,19.155,-1.));
#5000 = DIRECTION('',(-0.,1.,0.));
#5001 = DIRECTION('',(0.,0.,1.));
#5002 = ADVANCED_FACE('',(#5003),#5021,.T.);
#5003 = FACE_BOUND('',#5004,.T.);
#5004 = EDGE_LOOP('',(#5005,#5013,#5014,#5015));
#5005 = ORIENTED_EDGE('',*,*,#5006,.T.);
#5006 = EDGE_CURVE('',#5007,#4960,#5009,.T.);
#5007 = VERTEX_POINT('',#5008);
#5008 = CARTESIAN_POINT('',(53.34,16.405,0.));
#5009 = LINE('',#5010,#5011);
#5010 = CARTESIAN_POINT('',(24.13,16.405,0.));
#5011 = VECTOR('',#5012,1.);
#5012 = DIRECTION('',(-1.,-0.,0.));
#5013 = ORIENTED_EDGE('',*,*,#4968,.T.);
#5014 = ORIENTED_EDGE('',*,*,#1426,.F.);
#5015 = ORIENTED_EDGE('',*,*,#5016,.F.);
#5016 = EDGE_CURVE('',#5007,#1418,#5017,.T.);
#5017 = LINE('',#5018,#5019);
#5018 = CARTESIAN_POINT('',(53.34,16.405,-1.));
#5019 = VECTOR('',#5020,1.);
#5020 = DIRECTION('',(0.,0.,1.));
#5021 = PLANE('',#5022);
#5022 = AXIS2_PLACEMENT_3D('',#5023,#5024,#5025);
#5023 = CARTESIAN_POINT('',(48.26,16.405,-1.));
#5024 = DIRECTION('',(-0.,1.,0.));
#5025 = DIRECTION('',(0.,0.,1.));
#5026 = ADVANCED_FACE('',(#5027),#5049,.F.);
#5027 = FACE_BOUND('',#5028,.F.);
#5028 = EDGE_LOOP('',(#5029,#5030,#5031,#5032,#5033,#5042));
#5029 = ORIENTED_EDGE('',*,*,#4992,.T.);
#5030 = ORIENTED_EDGE('',*,*,#1408,.F.);
#5031 = ORIENTED_EDGE('',*,*,#1417,.F.);
#5032 = ORIENTED_EDGE('',*,*,#5016,.F.);
#5033 = ORIENTED_EDGE('',*,*,#5034,.T.);
#5034 = EDGE_CURVE('',#5007,#5035,#5037,.T.);
#5035 = VERTEX_POINT('',#5036);
#5036 = CARTESIAN_POINT('',(54.715,17.78,0.));
#5037 = CIRCLE('',#5038,1.375);
#5038 = AXIS2_PLACEMENT_3D('',#5039,#5040,#5041);
#5039 = CARTESIAN_POINT('',(53.34,17.78,0.));
#5040 = DIRECTION('',(0.,0.,1.));
#5041 = DIRECTION('',(1.,0.,-0.));
#5042 = ORIENTED_EDGE('',*,*,#5043,.T.);
#5043 = EDGE_CURVE('',#5035,#4983,#5044,.T.);
#5044 = CIRCLE('',#5045,1.375);
#5045 = AXIS2_PLACEMENT_3D('',#5046,#5047,#5048);
#5046 = CARTESIAN_POINT('',(53.34,17.78,0.));
#5047 = DIRECTION('',(0.,0.,1.));
#5048 = DIRECTION('',(1.,0.,-0.));
#5049 = CYLINDRICAL_SURFACE('',#5050,1.375);
#5050 = AXIS2_PLACEMENT_3D('',#5051,#5052,#5053);
#5051 = CARTESIAN_POINT('',(53.34,17.78,-1.));
#5052 = DIRECTION('',(0.,0.,1.));
#5053 = DIRECTION('',(1.,0.,-0.));
#5054 = ADVANCED_FACE('',(#5055),#5081,.F.);
#5055 = FACE_BOUND('',#5056,.F.);
#5056 = EDGE_LOOP('',(#5057,#5058,#5066,#5075));
#5057 = ORIENTED_EDGE('',*,*,#1434,.F.);
#5058 = ORIENTED_EDGE('',*,*,#5059,.F.);
#5059 = EDGE_CURVE('',#5060,#1435,#5062,.T.);
#5060 = VERTEX_POINT('',#5061);
#5061 = CARTESIAN_POINT('',(59.795,22.86,0.));
#5062 = LINE('',#5063,#5064);
#5063 = CARTESIAN_POINT('',(59.795,22.86,-1.));
#5064 = VECTOR('',#5065,1.);
#5065 = DIRECTION('',(0.,0.,1.));
#5066 = ORIENTED_EDGE('',*,*,#5067,.T.);
#5067 = EDGE_CURVE('',#5060,#5068,#5070,.T.);
#5068 = VERTEX_POINT('',#5069);
#5069 = CARTESIAN_POINT('',(57.045,22.86,0.));
#5070 = CIRCLE('',#5071,1.375);
#5071 = AXIS2_PLACEMENT_3D('',#5072,#5073,#5074);
#5072 = CARTESIAN_POINT('',(58.42,22.86,0.));
#5073 = DIRECTION('',(0.,0.,1.));
#5074 = DIRECTION('',(1.,0.,-0.));
#5075 = ORIENTED_EDGE('',*,*,#5076,.T.);
#5076 = EDGE_CURVE('',#5068,#1437,#5077,.T.);
#5077 = LINE('',#5078,#5079);
#5078 = CARTESIAN_POINT('',(57.045,22.86,-1.));
#5079 = VECTOR('',#5080,1.);
#5080 = DIRECTION('',(0.,0.,1.));
#5081 = CYLINDRICAL_SURFACE('',#5082,1.375);
#5082 = AXIS2_PLACEMENT_3D('',#5083,#5084,#5085);
#5083 = CARTESIAN_POINT('',(58.42,22.86,-1.));
#5084 = DIRECTION('',(0.,0.,1.));
#5085 = DIRECTION('',(1.,0.,-0.));
#5086 = ADVANCED_FACE('',(#5087),#5105,.F.);
#5087 = FACE_BOUND('',#5088,.F.);
#5088 = EDGE_LOOP('',(#5089,#5097,#5103,#5104));
#5089 = ORIENTED_EDGE('',*,*,#5090,.F.);
#5090 = EDGE_CURVE('',#5091,#1446,#5093,.T.);
#5091 = VERTEX_POINT('',#5092);
#5092 = CARTESIAN_POINT('',(59.795,17.78,0.));
#5093 = LINE('',#5094,#5095);
#5094 = CARTESIAN_POINT('',(59.795,17.78,-1.));
#5095 = VECTOR('',#5096,1.);
#5096 = DIRECTION('',(0.,0.,1.));
#5097 = ORIENTED_EDGE('',*,*,#5098,.T.);
#5098 = EDGE_CURVE('',#5091,#5060,#5099,.T.);
#5099 = LINE('',#5100,#5101);
#5100 = CARTESIAN_POINT('',(59.795,8.89,0.));
#5101 = VECTOR('',#5102,1.);
#5102 = DIRECTION('',(-0.,1.,0.));
#5103 = ORIENTED_EDGE('',*,*,#5059,.T.);
#5104 = ORIENTED_EDGE('',*,*,#1445,.F.);
#5105 = PLANE('',#5106);
#5106 = AXIS2_PLACEMENT_3D('',#5107,#5108,#5109);
#5107 = CARTESIAN_POINT('',(59.795,17.78,-1.));
#5108 = DIRECTION('',(1.,0.,-0.));
#5109 = DIRECTION('',(0.,0.,1.));
#5110 = ADVANCED_FACE('',(#5111),#5129,.T.);
#5111 = FACE_BOUND('',#5112,.T.);
#5112 = EDGE_LOOP('',(#5113,#5121,#5127,#5128));
#5113 = ORIENTED_EDGE('',*,*,#5114,.F.);
#5114 = EDGE_CURVE('',#5115,#1454,#5117,.T.);
#5115 = VERTEX_POINT('',#5116);
#5116 = CARTESIAN_POINT('',(57.045,17.78,0.));
#5117 = LINE('',#5118,#5119);
#5118 = CARTESIAN_POINT('',(57.045,17.78,-1.));
#5119 = VECTOR('',#5120,1.);
#5120 = DIRECTION('',(0.,0.,1.));
#5121 = ORIENTED_EDGE('',*,*,#5122,.T.);
#5122 = EDGE_CURVE('',#5115,#5068,#5123,.T.);
#5123 = LINE('',#5124,#5125);
#5124 = CARTESIAN_POINT('',(57.045,8.89,0.));
#5125 = VECTOR('',#5126,1.);
#5126 = DIRECTION('',(-0.,1.,0.));
#5127 = ORIENTED_EDGE('',*,*,#5076,.T.);
#5128 = ORIENTED_EDGE('',*,*,#1462,.F.);
#5129 = PLANE('',#5130);
#5130 = AXIS2_PLACEMENT_3D('',#5131,#5132,#5133);
#5131 = CARTESIAN_POINT('',(57.045,17.78,-1.));
#5132 = DIRECTION('',(1.,0.,-0.));
#5133 = DIRECTION('',(0.,0.,1.));
#5134 = ADVANCED_FACE('',(#5135),#5147,.F.);
#5135 = FACE_BOUND('',#5136,.F.);
#5136 = EDGE_LOOP('',(#5137,#5138,#5139,#5140));
#5137 = ORIENTED_EDGE('',*,*,#5090,.T.);
#5138 = ORIENTED_EDGE('',*,*,#1453,.F.);
#5139 = ORIENTED_EDGE('',*,*,#5114,.F.);
#5140 = ORIENTED_EDGE('',*,*,#5141,.T.);
#5141 = EDGE_CURVE('',#5115,#5091,#5142,.T.);
#5142 = CIRCLE('',#5143,1.375);
#5143 = AXIS2_PLACEMENT_3D('',#5144,#5145,#5146);
#5144 = CARTESIAN_POINT('',(58.42,17.78,0.));
#5145 = DIRECTION('',(0.,0.,1.));
#5146 = DIRECTION('',(1.,0.,-0.));
#5147 = CYLINDRICAL_SURFACE('',#5148,1.375);
#5148 = AXIS2_PLACEMENT_3D('',#5149,#5150,#5151);
#5149 = CARTESIAN_POINT('',(58.42,17.78,-1.));
#5150 = DIRECTION('',(0.,0.,1.));
#5151 = DIRECTION('',(1.,0.,-0.));
#5152 = ADVANCED_FACE('',(#5153),#5179,.F.);
#5153 = FACE_BOUND('',#5154,.F.);
#5154 = EDGE_LOOP('',(#5155,#5156,#5164,#5173));
#5155 = ORIENTED_EDGE('',*,*,#1470,.F.);
#5156 = ORIENTED_EDGE('',*,*,#5157,.F.);
#5157 = EDGE_CURVE('',#5158,#1471,#5160,.T.);
#5158 = VERTEX_POINT('',#5159);
#5159 = CARTESIAN_POINT('',(34.395,27.94,0.));
#5160 = LINE('',#5161,#5162);
#5161 = CARTESIAN_POINT('',(34.395,27.94,-1.));
#5162 = VECTOR('',#5163,1.);
#5163 = DIRECTION('',(0.,0.,1.));
#5164 = ORIENTED_EDGE('',*,*,#5165,.T.);
#5165 = EDGE_CURVE('',#5158,#5166,#5168,.T.);
#5166 = VERTEX_POINT('',#5167);
#5167 = CARTESIAN_POINT('',(31.645,27.94,0.));
#5168 = CIRCLE('',#5169,1.375);
#5169 = AXIS2_PLACEMENT_3D('',#5170,#5171,#5172);
#5170 = CARTESIAN_POINT('',(33.02,27.94,0.));
#5171 = DIRECTION('',(0.,0.,1.));
#5172 = DIRECTION('',(1.,0.,-0.));
#5173 = ORIENTED_EDGE('',*,*,#5174,.T.);
#5174 = EDGE_CURVE('',#5166,#1473,#5175,.T.);
#5175 = LINE('',#5176,#5177);
#5176 = CARTESIAN_POINT('',(31.645,27.94,-1.));
#5177 = VECTOR('',#5178,1.);
#5178 = DIRECTION('',(0.,0.,1.));
#5179 = CYLINDRICAL_SURFACE('',#5180,1.375);
#5180 = AXIS2_PLACEMENT_3D('',#5181,#5182,#5183);
#5181 = CARTESIAN_POINT('',(33.02,27.94,-1.));
#5182 = DIRECTION('',(0.,0.,1.));
#5183 = DIRECTION('',(1.,0.,-0.));
#5184 = ADVANCED_FACE('',(#5185),#5203,.F.);
#5185 = FACE_BOUND('',#5186,.F.);
#5186 = EDGE_LOOP('',(#5187,#5195,#5201,#5202));
#5187 = ORIENTED_EDGE('',*,*,#5188,.F.);
#5188 = EDGE_CURVE('',#5189,#1482,#5191,.T.);
#5189 = VERTEX_POINT('',#5190);
#5190 = CARTESIAN_POINT('',(34.395,22.86,0.));
#5191 = LINE('',#5192,#5193);
#5192 = CARTESIAN_POINT('',(34.395,22.86,-1.));
#5193 = VECTOR('',#5194,1.);
#5194 = DIRECTION('',(0.,0.,1.));
#5195 = ORIENTED_EDGE('',*,*,#5196,.T.);
#5196 = EDGE_CURVE('',#5189,#5158,#5197,.T.);
#5197 = LINE('',#5198,#5199);
#5198 = CARTESIAN_POINT('',(34.395,11.43,0.));
#5199 = VECTOR('',#5200,1.);
#5200 = DIRECTION('',(-0.,1.,0.));
#5201 = ORIENTED_EDGE('',*,*,#5157,.T.);
#5202 = ORIENTED_EDGE('',*,*,#1481,.F.);
#5203 = PLANE('',#5204);
#5204 = AXIS2_PLACEMENT_3D('',#5205,#5206,#5207);
#5205 = CARTESIAN_POINT('',(34.395,22.86,-1.));
#5206 = DIRECTION('',(1.,0.,-0.));
#5207 = DIRECTION('',(0.,0.,1.));
#5208 = ADVANCED_FACE('',(#5209),#5227,.T.);
#5209 = FACE_BOUND('',#5210,.T.);
#5210 = EDGE_LOOP('',(#5211,#5219,#5225,#5226));
#5211 = ORIENTED_EDGE('',*,*,#5212,.F.);
#5212 = EDGE_CURVE('',#5213,#1490,#5215,.T.);
#5213 = VERTEX_POINT('',#5214);
#5214 = CARTESIAN_POINT('',(31.645,22.86,0.));
#5215 = LINE('',#5216,#5217);
#5216 = CARTESIAN_POINT('',(31.645,22.86,-1.));
#5217 = VECTOR('',#5218,1.);
#5218 = DIRECTION('',(0.,0.,1.));
#5219 = ORIENTED_EDGE('',*,*,#5220,.T.);
#5220 = EDGE_CURVE('',#5213,#5166,#5221,.T.);
#5221 = LINE('',#5222,#5223);
#5222 = CARTESIAN_POINT('',(31.645,11.43,0.));
#5223 = VECTOR('',#5224,1.);
#5224 = DIRECTION('',(-0.,1.,0.));
#5225 = ORIENTED_EDGE('',*,*,#5174,.T.);
#5226 = ORIENTED_EDGE('',*,*,#1498,.F.);
#5227 = PLANE('',#5228);
#5228 = AXIS2_PLACEMENT_3D('',#5229,#5230,#5231);
#5229 = CARTESIAN_POINT('',(31.645,22.86,-1.));
#5230 = DIRECTION('',(1.,0.,-0.));
#5231 = DIRECTION('',(0.,0.,1.));
#5232 = ADVANCED_FACE('',(#5233),#5245,.F.);
#5233 = FACE_BOUND('',#5234,.F.);
#5234 = EDGE_LOOP('',(#5235,#5236,#5237,#5238));
#5235 = ORIENTED_EDGE('',*,*,#5188,.T.);
#5236 = ORIENTED_EDGE('',*,*,#1489,.F.);
#5237 = ORIENTED_EDGE('',*,*,#5212,.F.);
#5238 = ORIENTED_EDGE('',*,*,#5239,.T.);
#5239 = EDGE_CURVE('',#5213,#5189,#5240,.T.);
#5240 = CIRCLE('',#5241,1.375);
#5241 = AXIS2_PLACEMENT_3D('',#5242,#5243,#5244);
#5242 = CARTESIAN_POINT('',(33.02,22.86,0.));
#5243 = DIRECTION('',(0.,0.,1.));
#5244 = DIRECTION('',(1.,0.,-0.));
#5245 = CYLINDRICAL_SURFACE('',#5246,1.375);
#5246 = AXIS2_PLACEMENT_3D('',#5247,#5248,#5249);
#5247 = CARTESIAN_POINT('',(33.02,22.86,-1.));
#5248 = DIRECTION('',(0.,0.,1.));
#5249 = DIRECTION('',(1.,0.,-0.));
#5250 = ADVANCED_FACE('',(#5251),#5270,.F.);
#5251 = FACE_BOUND('',#5252,.F.);
#5252 = EDGE_LOOP('',(#5253,#5254,#5262,#5269));
#5253 = ORIENTED_EDGE('',*,*,#1506,.F.);
#5254 = ORIENTED_EDGE('',*,*,#5255,.F.);
#5255 = EDGE_CURVE('',#5256,#1507,#5258,.T.);
#5256 = VERTEX_POINT('',#5257);
#5257 = CARTESIAN_POINT('',(39.475,22.86,0.));
#5258 = LINE('',#5259,#5260);
#5259 = CARTESIAN_POINT('',(39.475,22.86,-1.));
#5260 = VECTOR('',#5261,1.);
#5261 = DIRECTION('',(0.,0.,1.));
#5262 = ORIENTED_EDGE('',*,*,#5263,.T.);
#5263 = EDGE_CURVE('',#5256,#5256,#5264,.T.);
#5264 = CIRCLE('',#5265,1.375);
#5265 = AXIS2_PLACEMENT_3D('',#5266,#5267,#5268);
#5266 = CARTESIAN_POINT('',(38.1,22.86,0.));
#5267 = DIRECTION('',(0.,0.,1.));
#5268 = DIRECTION('',(1.,0.,-0.));
#5269 = ORIENTED_EDGE('',*,*,#5255,.T.);
#5270 = CYLINDRICAL_SURFACE('',#5271,1.375);
#5271 = AXIS2_PLACEMENT_3D('',#5272,#5273,#5274);
#5272 = CARTESIAN_POINT('',(38.1,22.86,-1.));
#5273 = DIRECTION('',(0.,0.,1.));
#5274 = DIRECTION('',(1.,0.,-0.));
#5275 = ADVANCED_FACE('',(#5276),#5302,.F.);
#5276 = FACE_BOUND('',#5277,.F.);
#5277 = EDGE_LOOP('',(#5278,#5279,#5287,#5296));
#5278 = ORIENTED_EDGE('',*,*,#1517,.F.);
#5279 = ORIENTED_EDGE('',*,*,#5280,.F.);
#5280 = EDGE_CURVE('',#5281,#1518,#5283,.T.);
#5281 = VERTEX_POINT('',#5282);
#5282 = CARTESIAN_POINT('',(38.1,29.315,0.));
#5283 = LINE('',#5284,#5285);
#5284 = CARTESIAN_POINT('',(38.1,29.315,-1.));
#5285 = VECTOR('',#5286,1.);
#5286 = DIRECTION('',(0.,0.,1.));
#5287 = ORIENTED_EDGE('',*,*,#5288,.T.);
#5288 = EDGE_CURVE('',#5281,#5289,#5291,.T.);
#5289 = VERTEX_POINT('',#5290);
#5290 = CARTESIAN_POINT('',(38.1,26.565,0.));
#5291 = CIRCLE('',#5292,1.375);
#5292 = AXIS2_PLACEMENT_3D('',#5293,#5294,#5295);
#5293 = CARTESIAN_POINT('',(38.1,27.94,0.));
#5294 = DIRECTION('',(0.,0.,1.));
#5295 = DIRECTION('',(1.,0.,-0.));
#5296 = ORIENTED_EDGE('',*,*,#5297,.T.);
#5297 = EDGE_CURVE('',#5289,#1520,#5298,.T.);
#5298 = LINE('',#5299,#5300);
#5299 = CARTESIAN_POINT('',(38.1,26.565,-1.));
#5300 = VECTOR('',#5301,1.);
#5301 = DIRECTION('',(0.,0.,1.));
#5302 = CYLINDRICAL_SURFACE('',#5303,1.375);
#5303 = AXIS2_PLACEMENT_3D('',#5304,#5305,#5306);
#5304 = CARTESIAN_POINT('',(38.1,27.94,-1.));
#5305 = DIRECTION('',(0.,0.,1.));
#5306 = DIRECTION('',(1.,0.,-0.));
#5307 = ADVANCED_FACE('',(#5308),#5326,.F.);
#5308 = FACE_BOUND('',#5309,.F.);
#5309 = EDGE_LOOP('',(#5310,#5318,#5319,#5320));
#5310 = ORIENTED_EDGE('',*,*,#5311,.T.);
#5311 = EDGE_CURVE('',#5312,#5281,#5314,.T.);
#5312 = VERTEX_POINT('',#5313);
#5313 = CARTESIAN_POINT('',(43.18,29.315,0.));
#5314 = LINE('',#5315,#5316);
#5315 = CARTESIAN_POINT('',(19.05,29.315,0.));
#5316 = VECTOR('',#5317,1.);
#5317 = DIRECTION('',(-1.,-0.,0.));
#5318 = ORIENTED_EDGE('',*,*,#5280,.T.);
#5319 = ORIENTED_EDGE('',*,*,#1528,.F.);
#5320 = ORIENTED_EDGE('',*,*,#5321,.F.);
#5321 = EDGE_CURVE('',#5312,#1529,#5322,.T.);
#5322 = LINE('',#5323,#5324);
#5323 = CARTESIAN_POINT('',(43.18,29.315,-1.));
#5324 = VECTOR('',#5325,1.);
#5325 = DIRECTION('',(0.,0.,1.));
#5326 = PLANE('',#5327);
#5327 = AXIS2_PLACEMENT_3D('',#5328,#5329,#5330);
#5328 = CARTESIAN_POINT('',(38.1,29.315,-1.));
#5329 = DIRECTION('',(-0.,1.,0.));
#5330 = DIRECTION('',(0.,0.,1.));
#5331 = ADVANCED_FACE('',(#5332),#5350,.T.);
#5332 = FACE_BOUND('',#5333,.T.);
#5333 = EDGE_LOOP('',(#5334,#5342,#5343,#5344));
#5334 = ORIENTED_EDGE('',*,*,#5335,.T.);
#5335 = EDGE_CURVE('',#5336,#5289,#5338,.T.);
#5336 = VERTEX_POINT('',#5337);
#5337 = CARTESIAN_POINT('',(43.18,26.565,0.));
#5338 = LINE('',#5339,#5340);
#5339 = CARTESIAN_POINT('',(19.05,26.565,0.));
#5340 = VECTOR('',#5341,1.);
#5341 = DIRECTION('',(-1.,-0.,0.));
#5342 = ORIENTED_EDGE('',*,*,#5297,.T.);
#5343 = ORIENTED_EDGE('',*,*,#1554,.F.);
#5344 = ORIENTED_EDGE('',*,*,#5345,.F.);
#5345 = EDGE_CURVE('',#5336,#1546,#5346,.T.);
#5346 = LINE('',#5347,#5348);
#5347 = CARTESIAN_POINT('',(43.18,26.565,-1.));
#5348 = VECTOR('',#5349,1.);
#5349 = DIRECTION('',(0.,0.,1.));
#5350 = PLANE('',#5351);
#5351 = AXIS2_PLACEMENT_3D('',#5352,#5353,#5354);
#5352 = CARTESIAN_POINT('',(38.1,26.565,-1.));
#5353 = DIRECTION('',(-0.,1.,0.));
#5354 = DIRECTION('',(0.,0.,1.));
#5355 = ADVANCED_FACE('',(#5356),#5378,.F.);
#5356 = FACE_BOUND('',#5357,.F.);
#5357 = EDGE_LOOP('',(#5358,#5359,#5360,#5361,#5362,#5371));
#5358 = ORIENTED_EDGE('',*,*,#5321,.T.);
#5359 = ORIENTED_EDGE('',*,*,#1536,.F.);
#5360 = ORIENTED_EDGE('',*,*,#1545,.F.);
#5361 = ORIENTED_EDGE('',*,*,#5345,.F.);
#5362 = ORIENTED_EDGE('',*,*,#5363,.T.);
#5363 = EDGE_CURVE('',#5336,#5364,#5366,.T.);
#5364 = VERTEX_POINT('',#5365);
#5365 = CARTESIAN_POINT('',(44.555,27.94,0.));
#5366 = CIRCLE('',#5367,1.375);
#5367 = AXIS2_PLACEMENT_3D('',#5368,#5369,#5370);
#5368 = CARTESIAN_POINT('',(43.18,27.94,0.));
#5369 = DIRECTION('',(0.,0.,1.));
#5370 = DIRECTION('',(1.,0.,-0.));
#5371 = ORIENTED_EDGE('',*,*,#5372,.T.);
#5372 = EDGE_CURVE('',#5364,#5312,#5373,.T.);
#5373 = CIRCLE('',#5374,1.375);
#5374 = AXIS2_PLACEMENT_3D('',#5375,#5376,#5377);
#5375 = CARTESIAN_POINT('',(43.18,27.94,0.));
#5376 = DIRECTION('',(0.,0.,1.));
#5377 = DIRECTION('',(1.,0.,-0.));
#5378 = CYLINDRICAL_SURFACE('',#5379,1.375);
#5379 = AXIS2_PLACEMENT_3D('',#5380,#5381,#5382);
#5380 = CARTESIAN_POINT('',(43.18,27.94,-1.));
#5381 = DIRECTION('',(0.,0.,1.));
#5382 = DIRECTION('',(1.,0.,-0.));
#5383 = ADVANCED_FACE('',(#5384),#5410,.F.);
#5384 = FACE_BOUND('',#5385,.F.);
#5385 = EDGE_LOOP('',(#5386,#5387,#5395,#5404));
#5386 = ORIENTED_EDGE('',*,*,#1562,.F.);
#5387 = ORIENTED_EDGE('',*,*,#5388,.F.);
#5388 = EDGE_CURVE('',#5389,#1563,#5391,.T.);
#5389 = VERTEX_POINT('',#5390);
#5390 = CARTESIAN_POINT('',(49.635,27.94,0.));
#5391 = LINE('',#5392,#5393);
#5392 = CARTESIAN_POINT('',(49.635,27.94,-1.));
#5393 = VECTOR('',#5394,1.);
#5394 = DIRECTION('',(0.,0.,1.));
#5395 = ORIENTED_EDGE('',*,*,#5396,.T.);
#5396 = EDGE_CURVE('',#5389,#5397,#5399,.T.);
#5397 = VERTEX_POINT('',#5398);
#5398 = CARTESIAN_POINT('',(46.885,27.94,0.));
#5399 = CIRCLE('',#5400,1.375);
#5400 = AXIS2_PLACEMENT_3D('',#5401,#5402,#5403);
#5401 = CARTESIAN_POINT('',(48.26,27.94,0.));
#5402 = DIRECTION('',(0.,0.,1.));
#5403 = DIRECTION('',(1.,0.,-0.));
#5404 = ORIENTED_EDGE('',*,*,#5405,.T.);
#5405 = EDGE_CURVE('',#5397,#1565,#5406,.T.);
#5406 = LINE('',#5407,#5408);
#5407 = CARTESIAN_POINT('',(46.885,27.94,-1.));
#5408 = VECTOR('',#5409,1.);
#5409 = DIRECTION('',(0.,0.,1.));
#5410 = CYLINDRICAL_SURFACE('',#5411,1.375);
#5411 = AXIS2_PLACEMENT_3D('',#5412,#5413,#5414);
#5412 = CARTESIAN_POINT('',(48.26,27.94,-1.));
#5413 = DIRECTION('',(0.,0.,1.));
#5414 = DIRECTION('',(1.,0.,-0.));
#5415 = ADVANCED_FACE('',(#5416),#5434,.T.);
#5416 = FACE_BOUND('',#5417,.T.);
#5417 = EDGE_LOOP('',(#5418,#5426,#5432,#5433));
#5418 = ORIENTED_EDGE('',*,*,#5419,.F.);
#5419 = EDGE_CURVE('',#5420,#1688,#5422,.T.);
#5420 = VERTEX_POINT('',#5421);
#5421 = CARTESIAN_POINT('',(46.885,22.86,0.));
#5422 = LINE('',#5423,#5424);
#5423 = CARTESIAN_POINT('',(46.885,22.86,-1.));
#5424 = VECTOR('',#5425,1.);
#5425 = DIRECTION('',(0.,0.,1.));
#5426 = ORIENTED_EDGE('',*,*,#5427,.T.);
#5427 = EDGE_CURVE('',#5420,#5397,#5428,.T.);
#5428 = LINE('',#5429,#5430);
#5429 = CARTESIAN_POINT('',(46.885,11.43,0.));
#5430 = VECTOR('',#5431,1.);
#5431 = DIRECTION('',(-0.,1.,0.));
#5432 = ORIENTED_EDGE('',*,*,#5405,.T.);
#5433 = ORIENTED_EDGE('',*,*,#1696,.F.);
#5434 = PLANE('',#5435);
#5435 = AXIS2_PLACEMENT_3D('',#5436,#5437,#5438);
#5436 = CARTESIAN_POINT('',(46.885,22.86,-1.));
#5437 = DIRECTION('',(1.,0.,-0.));
#5438 = DIRECTION('',(0.,0.,1.));
#5439 = ADVANCED_FACE('',(#5440),#5459,.F.);
#5440 = FACE_BOUND('',#5441,.F.);
#5441 = EDGE_LOOP('',(#5442,#5451,#5457,#5458));
#5442 = ORIENTED_EDGE('',*,*,#5443,.T.);
#5443 = EDGE_CURVE('',#5420,#5444,#5446,.T.);
#5444 = VERTEX_POINT('',#5445);
#5445 = CARTESIAN_POINT('',(48.777406498967,21.586062986319,0.));
#5446 = CIRCLE('',#5447,1.375);
#5447 = AXIS2_PLACEMENT_3D('',#5448,#5449,#5450);
#5448 = CARTESIAN_POINT('',(48.26,22.86,0.));
#5449 = DIRECTION('',(0.,0.,1.));
#5450 = DIRECTION('',(1.,0.,-0.));
#5451 = ORIENTED_EDGE('',*,*,#5452,.T.);
#5452 = EDGE_CURVE('',#5444,#1679,#5453,.T.);
#5453 = LINE('',#5454,#5455);
#5454 = CARTESIAN_POINT('',(48.777406498967,21.586062986319,-1.));
#5455 = VECTOR('',#5456,1.);
#5456 = DIRECTION('',(0.,0.,1.));
#5457 = ORIENTED_EDGE('',*,*,#1687,.F.);
#5458 = ORIENTED_EDGE('',*,*,#5419,.F.);
#5459 = CYLINDRICAL_SURFACE('',#5460,1.375);
#5460 = AXIS2_PLACEMENT_3D('',#5461,#5462,#5463);
#5461 = CARTESIAN_POINT('',(48.26,22.86,-1.));
#5462 = DIRECTION('',(0.,0.,1.));
#5463 = DIRECTION('',(1.,0.,-0.));
#5464 = ADVANCED_FACE('',(#5465),#5549,.T.);
#5465 = FACE_BOUND('',#5466,.T.);
#5466 = EDGE_LOOP('',(#5467,#5475,#5482,#5483,#5484,#5492,#5501,#5507,
    #5508,#5516,#5523,#5524,#5525,#5533,#5542,#5548));
#5467 = ORIENTED_EDGE('',*,*,#5468,.T.);
#5468 = EDGE_CURVE('',#1643,#5469,#5471,.T.);
#5469 = VERTEX_POINT('',#5470);
#5470 = CARTESIAN_POINT('',(54.05,24.13,12.));
#5471 = LINE('',#5472,#5473);
#5472 = CARTESIAN_POINT('',(54.05,24.13,0.));
#5473 = VECTOR('',#5474,1.);
#5474 = DIRECTION('',(0.,0.,1.));
#5475 = ORIENTED_EDGE('',*,*,#5476,.F.);
#5476 = EDGE_CURVE('',#5469,#5469,#5477,.T.);
#5477 = CIRCLE('',#5478,3.25);
#5478 = AXIS2_PLACEMENT_3D('',#5479,#5480,#5481);
#5479 = CARTESIAN_POINT('',(50.8,24.13,12.));
#5480 = DIRECTION('',(0.,0.,1.));
#5481 = DIRECTION('',(1.,0.,-0.));
#5482 = ORIENTED_EDGE('',*,*,#5468,.F.);
#5483 = ORIENTED_EDGE('',*,*,#1642,.T.);
#5484 = ORIENTED_EDGE('',*,*,#5485,.F.);
#5485 = EDGE_CURVE('',#5486,#1634,#5488,.T.);
#5486 = VERTEX_POINT('',#5487);
#5487 = CARTESIAN_POINT('',(52.84208067661,26.658320887509,0.));
#5488 = LINE('',#5489,#5490);
#5489 = CARTESIAN_POINT('',(52.84208067661,26.658320887509,-1.));
#5490 = VECTOR('',#5491,1.);
#5491 = DIRECTION('',(0.,0.,1.));
#5492 = ORIENTED_EDGE('',*,*,#5493,.T.);
#5493 = EDGE_CURVE('',#5486,#5494,#5496,.T.);
#5494 = VERTEX_POINT('',#5495);
#5495 = CARTESIAN_POINT('',(52.348419020543,26.98742865822,0.));
#5496 = CIRCLE('',#5497,3.25);
#5497 = AXIS2_PLACEMENT_3D('',#5498,#5499,#5500);
#5498 = CARTESIAN_POINT('',(50.8,24.13,0.));
#5499 = DIRECTION('',(0.,0.,1.));
#5500 = DIRECTION('',(1.,0.,-0.));
#5501 = ORIENTED_EDGE('',*,*,#5502,.T.);
#5502 = EDGE_CURVE('',#5494,#1582,#5503,.T.);
#5503 = LINE('',#5504,#5505);
#5504 = CARTESIAN_POINT('',(52.348419020543,26.987428658221,-1.));
#5505 = VECTOR('',#5506,1.);
#5506 = DIRECTION('',(0.,0.,1.));
#5507 = ORIENTED_EDGE('',*,*,#1581,.T.);
#5508 = ORIENTED_EDGE('',*,*,#5509,.F.);
#5509 = EDGE_CURVE('',#5510,#1574,#5512,.T.);
#5510 = VERTEX_POINT('',#5511);
#5511 = CARTESIAN_POINT('',(49.635,27.164019611011,0.));
#5512 = LINE('',#5513,#5514);
#5513 = CARTESIAN_POINT('',(49.635,27.164019611011,0.));
#5514 = VECTOR('',#5515,1.);
#5515 = DIRECTION('',(0.,0.,1.));
#5516 = ORIENTED_EDGE('',*,*,#5517,.T.);
#5517 = EDGE_CURVE('',#5510,#5444,#5518,.T.);
#5518 = CIRCLE('',#5519,3.25);
#5519 = AXIS2_PLACEMENT_3D('',#5520,#5521,#5522);
#5520 = CARTESIAN_POINT('',(50.8,24.13,0.));
#5521 = DIRECTION('',(0.,0.,1.));
#5522 = DIRECTION('',(1.,0.,-0.));
#5523 = ORIENTED_EDGE('',*,*,#5452,.T.);
#5524 = ORIENTED_EDGE('',*,*,#1678,.T.);
#5525 = ORIENTED_EDGE('',*,*,#5526,.F.);
#5526 = EDGE_CURVE('',#5527,#1670,#5529,.T.);
#5527 = VERTEX_POINT('',#5528);
#5528 = CARTESIAN_POINT('',(52.822593501033,21.586062986319,0.));
#5529 = LINE('',#5530,#5531);
#5530 = CARTESIAN_POINT('',(52.822593501033,21.586062986319,-1.));
#5531 = VECTOR('',#5532,1.);
#5532 = DIRECTION('',(0.,0.,1.));
#5533 = ORIENTED_EDGE('',*,*,#5534,.T.);
#5534 = EDGE_CURVE('',#5527,#5535,#5537,.T.);
#5535 = VERTEX_POINT('',#5536);
#5536 = CARTESIAN_POINT('',(54.048705711565,24.038287407382,0.));
#5537 = CIRCLE('',#5538,3.25);
#5538 = AXIS2_PLACEMENT_3D('',#5539,#5540,#5541);
#5539 = CARTESIAN_POINT('',(50.8,24.13,0.));
#5540 = DIRECTION('',(0.,0.,1.));
#5541 = DIRECTION('',(1.,0.,-0.));
#5542 = ORIENTED_EDGE('',*,*,#5543,.T.);
#5543 = EDGE_CURVE('',#5535,#1652,#5544,.T.);
#5544 = LINE('',#5545,#5546);
#5545 = CARTESIAN_POINT('',(54.048705711565,24.038287407382,-1.));
#5546 = VECTOR('',#5547,1.);
#5547 = DIRECTION('',(0.,0.,1.));
#5548 = ORIENTED_EDGE('',*,*,#1651,.T.);
#5549 = CYLINDRICAL_SURFACE('',#5550,3.25);
#5550 = AXIS2_PLACEMENT_3D('',#5551,#5552,#5553);
#5551 = CARTESIAN_POINT('',(50.8,24.13,0.));
#5552 = DIRECTION('',(0.,0.,1.));
#5553 = DIRECTION('',(1.,0.,-0.));
#5554 = ADVANCED_FACE('',(#5555),#5574,.F.);
#5555 = FACE_BOUND('',#5556,.F.);
#5556 = EDGE_LOOP('',(#5557,#5558,#5559,#5568));
#5557 = ORIENTED_EDGE('',*,*,#1633,.F.);
#5558 = ORIENTED_EDGE('',*,*,#5485,.F.);
#5559 = ORIENTED_EDGE('',*,*,#5560,.T.);
#5560 = EDGE_CURVE('',#5486,#5561,#5563,.T.);
#5561 = VERTEX_POINT('',#5562);
#5562 = CARTESIAN_POINT('',(53.34,26.565,0.));
#5563 = CIRCLE('',#5564,1.375);
#5564 = AXIS2_PLACEMENT_3D('',#5565,#5566,#5567);
#5565 = CARTESIAN_POINT('',(53.34,27.94,0.));
#5566 = DIRECTION('',(0.,0.,1.));
#5567 = DIRECTION('',(1.,0.,-0.));
#5568 = ORIENTED_EDGE('',*,*,#5569,.T.);
#5569 = EDGE_CURVE('',#5561,#1626,#5570,.T.);
#5570 = LINE('',#5571,#5572);
#5571 = CARTESIAN_POINT('',(53.34,26.565,-1.));
#5572 = VECTOR('',#5573,1.);
#5573 = DIRECTION('',(0.,0.,1.));
#5574 = CYLINDRICAL_SURFACE('',#5575,1.375);
#5575 = AXIS2_PLACEMENT_3D('',#5576,#5577,#5578);
#5576 = CARTESIAN_POINT('',(53.34,27.94,-1.));
#5577 = DIRECTION('',(0.,0.,1.));
#5578 = DIRECTION('',(1.,0.,-0.));
#5579 = ADVANCED_FACE('',(#5580),#5598,.T.);
#5580 = FACE_BOUND('',#5581,.T.);
#5581 = EDGE_LOOP('',(#5582,#5590,#5591,#5592));
#5582 = ORIENTED_EDGE('',*,*,#5583,.T.);
#5583 = EDGE_CURVE('',#5584,#5561,#5586,.T.);
#5584 = VERTEX_POINT('',#5585);
#5585 = CARTESIAN_POINT('',(58.42,26.565,0.));
#5586 = LINE('',#5587,#5588);
#5587 = CARTESIAN_POINT('',(26.67,26.565,0.));
#5588 = VECTOR('',#5589,1.);
#5589 = DIRECTION('',(-1.,-0.,0.));
#5590 = ORIENTED_EDGE('',*,*,#5569,.T.);
#5591 = ORIENTED_EDGE('',*,*,#1625,.F.);
#5592 = ORIENTED_EDGE('',*,*,#5593,.F.);
#5593 = EDGE_CURVE('',#5584,#1617,#5594,.T.);
#5594 = LINE('',#5595,#5596);
#5595 = CARTESIAN_POINT('',(58.42,26.565,-1.));
#5596 = VECTOR('',#5597,1.);
#5597 = DIRECTION('',(0.,0.,1.));
#5598 = PLANE('',#5599);
#5599 = AXIS2_PLACEMENT_3D('',#5600,#5601,#5602);
#5600 = CARTESIAN_POINT('',(53.34,26.565,-1.));
#5601 = DIRECTION('',(-0.,1.,0.));
#5602 = DIRECTION('',(0.,0.,1.));
#5603 = ADVANCED_FACE('',(#5604),#5633,.F.);
#5604 = FACE_BOUND('',#5605,.F.);
#5605 = EDGE_LOOP('',(#5606,#5614,#5615,#5616,#5617,#5626));
#5606 = ORIENTED_EDGE('',*,*,#5607,.T.);
#5607 = EDGE_CURVE('',#5608,#1600,#5610,.T.);
#5608 = VERTEX_POINT('',#5609);
#5609 = CARTESIAN_POINT('',(58.42,29.315,0.));
#5610 = LINE('',#5611,#5612);
#5611 = CARTESIAN_POINT('',(58.42,29.315,-1.));
#5612 = VECTOR('',#5613,1.);
#5613 = DIRECTION('',(0.,0.,1.));
#5614 = ORIENTED_EDGE('',*,*,#1607,.F.);
#5615 = ORIENTED_EDGE('',*,*,#1616,.F.);
#5616 = ORIENTED_EDGE('',*,*,#5593,.F.);
#5617 = ORIENTED_EDGE('',*,*,#5618,.T.);
#5618 = EDGE_CURVE('',#5584,#5619,#5621,.T.);
#5619 = VERTEX_POINT('',#5620);
#5620 = CARTESIAN_POINT('',(59.795,27.94,0.));
#5621 = CIRCLE('',#5622,1.375);
#5622 = AXIS2_PLACEMENT_3D('',#5623,#5624,#5625);
#5623 = CARTESIAN_POINT('',(58.42,27.94,0.));
#5624 = DIRECTION('',(0.,0.,1.));
#5625 = DIRECTION('',(1.,0.,-0.));
#5626 = ORIENTED_EDGE('',*,*,#5627,.T.);
#5627 = EDGE_CURVE('',#5619,#5608,#5628,.T.);
#5628 = CIRCLE('',#5629,1.375);
#5629 = AXIS2_PLACEMENT_3D('',#5630,#5631,#5632);
#5630 = CARTESIAN_POINT('',(58.42,27.94,0.));
#5631 = DIRECTION('',(0.,0.,1.));
#5632 = DIRECTION('',(1.,0.,-0.));
#5633 = CYLINDRICAL_SURFACE('',#5634,1.375);
#5634 = AXIS2_PLACEMENT_3D('',#5635,#5636,#5637);
#5635 = CARTESIAN_POINT('',(58.42,27.94,-1.));
#5636 = DIRECTION('',(0.,0.,1.));
#5637 = DIRECTION('',(1.,0.,-0.));
#5638 = ADVANCED_FACE('',(#5639),#5657,.F.);
#5639 = FACE_BOUND('',#5640,.F.);
#5640 = EDGE_LOOP('',(#5641,#5649,#5655,#5656));
#5641 = ORIENTED_EDGE('',*,*,#5642,.T.);
#5642 = EDGE_CURVE('',#5608,#5643,#5645,.T.);
#5643 = VERTEX_POINT('',#5644);
#5644 = CARTESIAN_POINT('',(53.34,29.315,0.));
#5645 = LINE('',#5646,#5647);
#5646 = CARTESIAN_POINT('',(26.67,29.315,0.));
#5647 = VECTOR('',#5648,1.);
#5648 = DIRECTION('',(-1.,-0.,0.));
#5649 = ORIENTED_EDGE('',*,*,#5650,.T.);
#5650 = EDGE_CURVE('',#5643,#1591,#5651,.T.);
#5651 = LINE('',#5652,#5653);
#5652 = CARTESIAN_POINT('',(53.34,29.315,-1.));
#5653 = VECTOR('',#5654,1.);
#5654 = DIRECTION('',(0.,0.,1.));
#5655 = ORIENTED_EDGE('',*,*,#1599,.F.);
#5656 = ORIENTED_EDGE('',*,*,#5607,.F.);
#5657 = PLANE('',#5658);
#5658 = AXIS2_PLACEMENT_3D('',#5659,#5660,#5661);
#5659 = CARTESIAN_POINT('',(53.34,29.315,-1.));
#5660 = DIRECTION('',(-0.,1.,0.));
#5661 = DIRECTION('',(0.,0.,1.));
#5662 = ADVANCED_FACE('',(#5663),#5675,.F.);
#5663 = FACE_BOUND('',#5664,.F.);
#5664 = EDGE_LOOP('',(#5665,#5666,#5667,#5674));
#5665 = ORIENTED_EDGE('',*,*,#1590,.F.);
#5666 = ORIENTED_EDGE('',*,*,#5650,.F.);
#5667 = ORIENTED_EDGE('',*,*,#5668,.T.);
#5668 = EDGE_CURVE('',#5643,#5494,#5669,.T.);
#5669 = CIRCLE('',#5670,1.375);
#5670 = AXIS2_PLACEMENT_3D('',#5671,#5672,#5673);
#5671 = CARTESIAN_POINT('',(53.34,27.94,0.));
#5672 = DIRECTION('',(0.,0.,1.));
#5673 = DIRECTION('',(1.,0.,-0.));
#5674 = ORIENTED_EDGE('',*,*,#5502,.T.);
#5675 = CYLINDRICAL_SURFACE('',#5676,1.375);
#5676 = AXIS2_PLACEMENT_3D('',#5677,#5678,#5679);
#5677 = CARTESIAN_POINT('',(53.34,27.94,-1.));
#5678 = DIRECTION('',(0.,0.,1.));
#5679 = DIRECTION('',(1.,0.,-0.));
#5680 = ADVANCED_FACE('',(#5681),#5692,.F.);
#5681 = FACE_BOUND('',#5682,.F.);
#5682 = EDGE_LOOP('',(#5683,#5684,#5690,#5691));
#5683 = ORIENTED_EDGE('',*,*,#5509,.F.);
#5684 = ORIENTED_EDGE('',*,*,#5685,.T.);
#5685 = EDGE_CURVE('',#5510,#5389,#5686,.T.);
#5686 = LINE('',#5687,#5688);
#5687 = CARTESIAN_POINT('',(49.635,11.43,0.));
#5688 = VECTOR('',#5689,1.);
#5689 = DIRECTION('',(-0.,1.,0.));
#5690 = ORIENTED_EDGE('',*,*,#5388,.T.);
#5691 = ORIENTED_EDGE('',*,*,#1573,.F.);
#5692 = PLANE('',#5693);
#5693 = AXIS2_PLACEMENT_3D('',#5694,#5695,#5696);
#5694 = CARTESIAN_POINT('',(49.635,22.86,-1.));
#5695 = DIRECTION('',(1.,0.,-0.));
#5696 = DIRECTION('',(0.,0.,1.));
#5697 = ADVANCED_FACE('',(#5698,#5701),#5712,.T.);
#5698 = FACE_BOUND('',#5699,.T.);
#5699 = EDGE_LOOP('',(#5700));
#5700 = ORIENTED_EDGE('',*,*,#1998,.T.);
#5701 = FACE_BOUND('',#5702,.T.);
#5702 = EDGE_LOOP('',(#5703));
#5703 = ORIENTED_EDGE('',*,*,#5704,.F.);
#5704 = EDGE_CURVE('',#5705,#5705,#5707,.T.);
#5705 = VERTEX_POINT('',#5706);
#5706 = CARTESIAN_POINT('',(6.18,6.35,12.));
#5707 = CIRCLE('',#5708,1.1);
#5708 = AXIS2_PLACEMENT_3D('',#5709,#5710,#5711);
#5709 = CARTESIAN_POINT('',(5.08,6.35,12.));
#5710 = DIRECTION('',(0.,0.,1.));
#5711 = DIRECTION('',(1.,0.,-0.));
#5712 = PLANE('',#5713);
#5713 = AXIS2_PLACEMENT_3D('',#5714,#5715,#5716);
#5714 = CARTESIAN_POINT('',(5.08,6.35,12.));
#5715 = DIRECTION('',(0.,0.,1.));
#5716 = DIRECTION('',(1.,0.,-0.));
#5717 = ADVANCED_FACE('',(#5718,#5721),#5732,.T.);
#5718 = FACE_BOUND('',#5719,.T.);
#5719 = EDGE_LOOP('',(#5720));
#5720 = ORIENTED_EDGE('',*,*,#3185,.T.);
#5721 = FACE_BOUND('',#5722,.T.);
#5722 = EDGE_LOOP('',(#5723));
#5723 = ORIENTED_EDGE('',*,*,#5724,.F.);
#5724 = EDGE_CURVE('',#5725,#5725,#5727,.T.);
#5725 = VERTEX_POINT('',#5726);
#5726 = CARTESIAN_POINT('',(51.9,6.35,12.));
#5727 = CIRCLE('',#5728,1.1);
#5728 = AXIS2_PLACEMENT_3D('',#5729,#5730,#5731);
#5729 = CARTESIAN_POINT('',(50.8,6.35,12.));
#5730 = DIRECTION('',(0.,0.,1.));
#5731 = DIRECTION('',(1.,0.,-0.));
#5732 = PLANE('',#5733);
#5733 = AXIS2_PLACEMENT_3D('',#5734,#5735,#5736);
#5734 = CARTESIAN_POINT('',(50.8,6.35,12.));
#5735 = DIRECTION('',(0.,0.,1.));
#5736 = DIRECTION('',(1.,0.,-0.));
#5737 = ADVANCED_FACE('',(#5738,#5741),#5752,.T.);
#5738 = FACE_BOUND('',#5739,.T.);
#5739 = EDGE_LOOP('',(#5740));
#5740 = ORIENTED_EDGE('',*,*,#4207,.T.);
#5741 = FACE_BOUND('',#5742,.T.);
#5742 = EDGE_LOOP('',(#5743));
#5743 = ORIENTED_EDGE('',*,*,#5744,.F.);
#5744 = EDGE_CURVE('',#5745,#5745,#5747,.T.);
#5745 = VERTEX_POINT('',#5746);
#5746 = CARTESIAN_POINT('',(6.18,24.13,12.));
#5747 = CIRCLE('',#5748,1.1);
#5748 = AXIS2_PLACEMENT_3D('',#5749,#5750,#5751);
#5749 = CARTESIAN_POINT('',(5.08,24.13,12.));
#5750 = DIRECTION('',(0.,0.,1.));
#5751 = DIRECTION('',(1.,0.,-0.));
#5752 = PLANE('',#5753);
#5753 = AXIS2_PLACEMENT_3D('',#5754,#5755,#5756);
#5754 = CARTESIAN_POINT('',(5.08,24.13,12.));
#5755 = DIRECTION('',(0.,0.,1.));
#5756 = DIRECTION('',(1.,0.,-0.));
#5757 = ADVANCED_FACE('',(#5758,#5761),#5772,.T.);
#5758 = FACE_BOUND('',#5759,.T.);
#5759 = EDGE_LOOP('',(#5760));
#5760 = ORIENTED_EDGE('',*,*,#5476,.T.);
#5761 = FACE_BOUND('',#5762,.T.);
#5762 = EDGE_LOOP('',(#5763));
#5763 = ORIENTED_EDGE('',*,*,#5764,.F.);
#5764 = EDGE_CURVE('',#5765,#5765,#5767,.T.);
#5765 = VERTEX_POINT('',#5766);
#5766 = CARTESIAN_POINT('',(51.9,24.13,12.));
#5767 = CIRCLE('',#5768,1.1);
#5768 = AXIS2_PLACEMENT_3D('',#5769,#5770,#5771);
#5769 = CARTESIAN_POINT('',(50.8,24.13,12.));
#5770 = DIRECTION('',(0.,0.,1.));
#5771 = DIRECTION('',(1.,0.,-0.));
#5772 = PLANE('',#5773);
#5773 = AXIS2_PLACEMENT_3D('',#5774,#5775,#5776);
#5774 = CARTESIAN_POINT('',(50.8,24.13,12.));
#5775 = DIRECTION('',(0.,0.,1.));
#5776 = DIRECTION('',(1.,0.,-0.));
#5777 = ADVANCED_FACE('',(#5778),#5797,.F.);
#5778 = FACE_BOUND('',#5779,.F.);
#5779 = EDGE_LOOP('',(#5780,#5781,#5789,#5796));
#5780 = ORIENTED_EDGE('',*,*,#5704,.F.);
#5781 = ORIENTED_EDGE('',*,*,#5782,.F.);
#5782 = EDGE_CURVE('',#5783,#5705,#5785,.T.);
#5783 = VERTEX_POINT('',#5784);
#5784 = CARTESIAN_POINT('',(6.18,6.35,5.));
#5785 = LINE('',#5786,#5787);
#5786 = CARTESIAN_POINT('',(6.18,6.35,5.));
#5787 = VECTOR('',#5788,1.);
#5788 = DIRECTION('',(0.,0.,1.));
#5789 = ORIENTED_EDGE('',*,*,#5790,.T.);
#5790 = EDGE_CURVE('',#5783,#5783,#5791,.T.);
#5791 = CIRCLE('',#5792,1.1);
#5792 = AXIS2_PLACEMENT_3D('',#5793,#5794,#5795);
#5793 = CARTESIAN_POINT('',(5.08,6.35,5.));
#5794 = DIRECTION('',(0.,0.,1.));
#5795 = DIRECTION('',(1.,0.,-0.));
#5796 = ORIENTED_EDGE('',*,*,#5782,.T.);
#5797 = CYLINDRICAL_SURFACE('',#5798,1.1);
#5798 = AXIS2_PLACEMENT_3D('',#5799,#5800,#5801);
#5799 = CARTESIAN_POINT('',(5.08,6.35,5.));
#5800 = DIRECTION('',(0.,0.,1.));
#5801 = DIRECTION('',(1.,0.,-0.));
#5802 = ADVANCED_FACE('',(#5803),#5822,.F.);
#5803 = FACE_BOUND('',#5804,.F.);
#5804 = EDGE_LOOP('',(#5805,#5806,#5814,#5821));
#5805 = ORIENTED_EDGE('',*,*,#5724,.F.);
#5806 = ORIENTED_EDGE('',*,*,#5807,.F.);
#5807 = EDGE_CURVE('',#5808,#5725,#5810,.T.);
#5808 = VERTEX_POINT('',#5809);
#5809 = CARTESIAN_POINT('',(51.9,6.35,5.));
#5810 = LINE('',#5811,#5812);
#5811 = CARTESIAN_POINT('',(51.9,6.35,5.));
#5812 = VECTOR('',#5813,1.);
#5813 = DIRECTION('',(0.,0.,1.));
#5814 = ORIENTED_EDGE('',*,*,#5815,.T.);
#5815 = EDGE_CURVE('',#5808,#5808,#5816,.T.);
#5816 = CIRCLE('',#5817,1.1);
#5817 = AXIS2_PLACEMENT_3D('',#5818,#5819,#5820);
#5818 = CARTESIAN_POINT('',(50.8,6.35,5.));
#5819 = DIRECTION('',(0.,0.,1.));
#5820 = DIRECTION('',(1.,0.,-0.));
#5821 = ORIENTED_EDGE('',*,*,#5807,.T.);
#5822 = CYLINDRICAL_SURFACE('',#5823,1.1);
#5823 = AXIS2_PLACEMENT_3D('',#5824,#5825,#5826);
#5824 = CARTESIAN_POINT('',(50.8,6.35,5.));
#5825 = DIRECTION('',(0.,0.,1.));
#5826 = DIRECTION('',(1.,0.,-0.));
#5827 = ADVANCED_FACE('',(#5828),#5847,.F.);
#5828 = FACE_BOUND('',#5829,.F.);
#5829 = EDGE_LOOP('',(#5830,#5831,#5839,#5846));
#5830 = ORIENTED_EDGE('',*,*,#5744,.F.);
#5831 = ORIENTED_EDGE('',*,*,#5832,.F.);
#5832 = EDGE_CURVE('',#5833,#5745,#5835,.T.);
#5833 = VERTEX_POINT('',#5834);
#5834 = CARTESIAN_POINT('',(6.18,24.13,5.));
#5835 = LINE('',#5836,#5837);
#5836 = CARTESIAN_POINT('',(6.18,24.13,5.));
#5837 = VECTOR('',#5838,1.);
#5838 = DIRECTION('',(0.,0.,1.));
#5839 = ORIENTED_EDGE('',*,*,#5840,.T.);
#5840 = EDGE_CURVE('',#5833,#5833,#5841,.T.);
#5841 = CIRCLE('',#5842,1.1);
#5842 = AXIS2_PLACEMENT_3D('',#5843,#5844,#5845);
#5843 = CARTESIAN_POINT('',(5.08,24.13,5.));
#5844 = DIRECTION('',(0.,0.,1.));
#5845 = DIRECTION('',(1.,0.,-0.));
#5846 = ORIENTED_EDGE('',*,*,#5832,.T.);
#5847 = CYLINDRICAL_SURFACE('',#5848,1.1);
#5848 = AXIS2_PLACEMENT_3D('',#5849,#5850,#5851);
#5849 = CARTESIAN_POINT('',(5.08,24.13,5.));
#5850 = DIRECTION('',(0.,0.,1.));
#5851 = DIRECTION('',(1.,0.,-0.));
#5852 = ADVANCED_FACE('',(#5853),#5872,.F.);
#5853 = FACE_BOUND('',#5854,.F.);
#5854 = EDGE_LOOP('',(#5855,#5856,#5864,#5871));
#5855 = ORIENTED_EDGE('',*,*,#5764,.F.);
#5856 = ORIENTED_EDGE('',*,*,#5857,.F.);
#5857 = EDGE_CURVE('',#5858,#5765,#5860,.T.);
#5858 = VERTEX_POINT('',#5859);
#5859 = CARTESIAN_POINT('',(51.9,24.13,5.));
#5860 = LINE('',#5861,#5862);
#5861 = CARTESIAN_POINT('',(51.9,24.13,5.));
#5862 = VECTOR('',#5863,1.);
#5863 = DIRECTION('',(0.,0.,1.));
#5864 = ORIENTED_EDGE('',*,*,#5865,.T.);
#5865 = EDGE_CURVE('',#5858,#5858,#5866,.T.);
#5866 = CIRCLE('',#5867,1.1);
#5867 = AXIS2_PLACEMENT_3D('',#5868,#5869,#5870);
#5868 = CARTESIAN_POINT('',(50.8,24.13,5.));
#5869 = DIRECTION('',(0.,0.,1.));
#5870 = DIRECTION('',(1.,0.,-0.));
#5871 = ORIENTED_EDGE('',*,*,#5857,.T.);
#5872 = CYLINDRICAL_SURFACE('',#5873,1.1);
#5873 = AXIS2_PLACEMENT_3D('',#5874,#5875,#5876);
#5874 = CARTESIAN_POINT('',(50.8,24.13,5.));
#5875 = DIRECTION('',(0.,0.,1.));
#5876 = DIRECTION('',(1.,0.,-0.));
#5877 = ADVANCED_FACE('',(#5878),#5881,.T.);
#5878 = FACE_BOUND('',#5879,.F.);
#5879 = EDGE_LOOP('',(#5880));
#5880 = ORIENTED_EDGE('',*,*,#5790,.F.);
#5881 = PLANE('',#5882);
#5882 = AXIS2_PLACEMENT_3D('',#5883,#5884,#5885);
#5883 = CARTESIAN_POINT('',(5.08,6.35,5.));
#5884 = DIRECTION('',(0.,0.,1.));
#5885 = DIRECTION('',(1.,0.,-0.));
#5886 = ADVANCED_FACE('',(#5887),#5890,.T.);
#5887 = FACE_BOUND('',#5888,.F.);
#5888 = EDGE_LOOP('',(#5889));
#5889 = ORIENTED_EDGE('',*,*,#5815,.F.);
#5890 = PLANE('',#5891);
#5891 = AXIS2_PLACEMENT_3D('',#5892,#5893,#5894);
#5892 = CARTESIAN_POINT('',(50.8,6.35,5.));
#5893 = DIRECTION('',(0.,0.,1.));
#5894 = DIRECTION('',(1.,0.,-0.));
#5895 = ADVANCED_FACE('',(#5896),#5899,.T.);
#5896 = FACE_BOUND('',#5897,.F.);
#5897 = EDGE_LOOP('',(#5898));
#5898 = ORIENTED_EDGE('',*,*,#5840,.F.);
#5899 = PLANE('',#5900);
#5900 = AXIS2_PLACEMENT_3D('',#5901,#5902,#5903);
#5901 = CARTESIAN_POINT('',(5.08,24.13,5.));
#5902 = DIRECTION('',(0.,0.,1.));
#5903 = DIRECTION('',(1.,0.,-0.));
#5904 = ADVANCED_FACE('',(#5905),#5908,.T.);
#5905 = FACE_BOUND('',#5906,.F.);
#5906 = EDGE_LOOP('',(#5907));
#5907 = ORIENTED_EDGE('',*,*,#5865,.F.);
#5908 = PLANE('',#5909);
#5909 = AXIS2_PLACEMENT_3D('',#5910,#5911,#5912);
#5910 = CARTESIAN_POINT('',(50.8,24.13,5.));
#5911 = DIRECTION('',(0.,0.,1.));
#5912 = DIRECTION('',(1.,0.,-0.));
#5913 = ADVANCED_FACE('',(#5914,#5924,#5933,#5942,#5949,#5956,#5965,
    #5972,#5979,#5986,#5993,#5999,#6005,#6011,#6017,#6023,#6030,#6036,
    #6043,#6049,#6056,#6063,#6069,#6075,#6082,#6088,#6097,#6104,#6110,
    #6117,#6123,#6130,#6137,#6144,#6147,#6150,#6153,#6156,#6175,#6194,
    #6213),#6232,.F.);
#5914 = FACE_BOUND('',#5915,.T.);
#5915 = EDGE_LOOP('',(#5916,#5917,#5918,#5919,#5920,#5921,#5922,#5923));
#5916 = ORIENTED_EDGE('',*,*,#39,.T.);
#5917 = ORIENTED_EDGE('',*,*,#1735,.T.);
#5918 = ORIENTED_EDGE('',*,*,#1784,.T.);
#5919 = ORIENTED_EDGE('',*,*,#1833,.F.);
#5920 = ORIENTED_EDGE('',*,*,#1860,.F.);
#5921 = ORIENTED_EDGE('',*,*,#1808,.T.);
#5922 = ORIENTED_EDGE('',*,*,#1760,.F.);
#5923 = ORIENTED_EDGE('',*,*,#1710,.F.);
#5924 = FACE_BOUND('',#5925,.F.);
#5925 = EDGE_LOOP('',(#5926,#5927,#5928,#5929,#5930,#5931,#5932));
#5926 = ORIENTED_EDGE('',*,*,#2172,.F.);
#5927 = ORIENTED_EDGE('',*,*,#2063,.T.);
#5928 = ORIENTED_EDGE('',*,*,#1967,.F.);
#5929 = ORIENTED_EDGE('',*,*,#1951,.F.);
#5930 = ORIENTED_EDGE('',*,*,#1942,.F.);
#5931 = ORIENTED_EDGE('',*,*,#1907,.T.);
#5932 = ORIENTED_EDGE('',*,*,#1884,.F.);
#5933 = FACE_BOUND('',#5934,.F.);
#5934 = EDGE_LOOP('',(#5935,#5936,#5937,#5938,#5939,#5940,#5941));
#5935 = ORIENTED_EDGE('',*,*,#3359,.F.);
#5936 = ORIENTED_EDGE('',*,*,#3250,.T.);
#5937 = ORIENTED_EDGE('',*,*,#3154,.F.);
#5938 = ORIENTED_EDGE('',*,*,#3138,.F.);
#5939 = ORIENTED_EDGE('',*,*,#3129,.F.);
#5940 = ORIENTED_EDGE('',*,*,#3094,.T.);
#5941 = ORIENTED_EDGE('',*,*,#3071,.F.);
#5942 = FACE_BOUND('',#5943,.F.);
#5943 = EDGE_LOOP('',(#5944,#5945,#5946,#5947,#5948));
#5944 = ORIENTED_EDGE('',*,*,#4248,.T.);
#5945 = ORIENTED_EDGE('',*,*,#4495,.F.);
#5946 = ORIENTED_EDGE('',*,*,#4479,.T.);
#5947 = ORIENTED_EDGE('',*,*,#4448,.F.);
#5948 = ORIENTED_EDGE('',*,*,#4423,.F.);
#5949 = FACE_BOUND('',#5950,.F.);
#5950 = EDGE_LOOP('',(#5951,#5952,#5953,#5954,#5955));
#5951 = ORIENTED_EDGE('',*,*,#5685,.F.);
#5952 = ORIENTED_EDGE('',*,*,#5517,.T.);
#5953 = ORIENTED_EDGE('',*,*,#5443,.F.);
#5954 = ORIENTED_EDGE('',*,*,#5427,.T.);
#5955 = ORIENTED_EDGE('',*,*,#5396,.F.);
#5956 = FACE_BOUND('',#5957,.F.);
#5957 = EDGE_LOOP('',(#5958,#5959,#5960,#5961,#5962,#5963,#5964));
#5958 = ORIENTED_EDGE('',*,*,#5493,.T.);
#5959 = ORIENTED_EDGE('',*,*,#5668,.F.);
#5960 = ORIENTED_EDGE('',*,*,#5642,.F.);
#5961 = ORIENTED_EDGE('',*,*,#5627,.F.);
#5962 = ORIENTED_EDGE('',*,*,#5618,.F.);
#5963 = ORIENTED_EDGE('',*,*,#5583,.T.);
#5964 = ORIENTED_EDGE('',*,*,#5560,.F.);
#5965 = FACE_BOUND('',#5966,.F.);
#5966 = EDGE_LOOP('',(#5967,#5968,#5969,#5970,#5971));
#5967 = ORIENTED_EDGE('',*,*,#3711,.F.);
#5968 = ORIENTED_EDGE('',*,*,#3772,.F.);
#5969 = ORIENTED_EDGE('',*,*,#3763,.F.);
#5970 = ORIENTED_EDGE('',*,*,#3735,.T.);
#5971 = ORIENTED_EDGE('',*,*,#3688,.F.);
#5972 = FACE_BOUND('',#5973,.F.);
#5973 = EDGE_LOOP('',(#5974,#5975,#5976,#5977,#5978));
#5974 = ORIENTED_EDGE('',*,*,#4668,.F.);
#5975 = ORIENTED_EDGE('',*,*,#4729,.F.);
#5976 = ORIENTED_EDGE('',*,*,#4720,.F.);
#5977 = ORIENTED_EDGE('',*,*,#4692,.T.);
#5978 = ORIENTED_EDGE('',*,*,#4645,.F.);
#5979 = FACE_BOUND('',#5980,.F.);
#5980 = EDGE_LOOP('',(#5981,#5982,#5983,#5984,#5985));
#5981 = ORIENTED_EDGE('',*,*,#2755,.F.);
#5982 = ORIENTED_EDGE('',*,*,#2816,.F.);
#5983 = ORIENTED_EDGE('',*,*,#2807,.F.);
#5984 = ORIENTED_EDGE('',*,*,#2779,.T.);
#5985 = ORIENTED_EDGE('',*,*,#2732,.F.);
#5986 = FACE_BOUND('',#5987,.F.);
#5987 = EDGE_LOOP('',(#5988,#5989,#5990,#5991,#5992));
#5988 = ORIENTED_EDGE('',*,*,#3819,.F.);
#5989 = ORIENTED_EDGE('',*,*,#3880,.F.);
#5990 = ORIENTED_EDGE('',*,*,#3871,.F.);
#5991 = ORIENTED_EDGE('',*,*,#3843,.T.);
#5992 = ORIENTED_EDGE('',*,*,#3796,.F.);
#5993 = FACE_BOUND('',#5994,.F.);
#5994 = EDGE_LOOP('',(#5995,#5996,#5997,#5998));
#5995 = ORIENTED_EDGE('',*,*,#2228,.F.);
#5996 = ORIENTED_EDGE('',*,*,#2271,.F.);
#5997 = ORIENTED_EDGE('',*,*,#2252,.T.);
#5998 = ORIENTED_EDGE('',*,*,#2197,.F.);
#5999 = FACE_BOUND('',#6000,.F.);
#6000 = EDGE_LOOP('',(#6001,#6002,#6003,#6004));
#6001 = ORIENTED_EDGE('',*,*,#3415,.F.);
#6002 = ORIENTED_EDGE('',*,*,#3458,.F.);
#6003 = ORIENTED_EDGE('',*,*,#3439,.T.);
#6004 = ORIENTED_EDGE('',*,*,#3384,.F.);
#6005 = FACE_BOUND('',#6006,.F.);
#6006 = EDGE_LOOP('',(#6007,#6008,#6009,#6010));
#6007 = ORIENTED_EDGE('',*,*,#2459,.F.);
#6008 = ORIENTED_EDGE('',*,*,#2502,.F.);
#6009 = ORIENTED_EDGE('',*,*,#2483,.T.);
#6010 = ORIENTED_EDGE('',*,*,#2428,.F.);
#6011 = FACE_BOUND('',#6012,.F.);
#6012 = EDGE_LOOP('',(#6013,#6014,#6015,#6016));
#6013 = ORIENTED_EDGE('',*,*,#2979,.F.);
#6014 = ORIENTED_EDGE('',*,*,#3022,.F.);
#6015 = ORIENTED_EDGE('',*,*,#3003,.T.);
#6016 = ORIENTED_EDGE('',*,*,#2948,.F.);
#6017 = FACE_BOUND('',#6018,.F.);
#6018 = EDGE_LOOP('',(#6019,#6020,#6021,#6022));
#6019 = ORIENTED_EDGE('',*,*,#5098,.F.);
#6020 = ORIENTED_EDGE('',*,*,#5141,.F.);
#6021 = ORIENTED_EDGE('',*,*,#5122,.T.);
#6022 = ORIENTED_EDGE('',*,*,#5067,.F.);
#6023 = FACE_BOUND('',#6024,.F.);
#6024 = EDGE_LOOP('',(#6025,#6026,#6027,#6028,#6029));
#6025 = ORIENTED_EDGE('',*,*,#2318,.F.);
#6026 = ORIENTED_EDGE('',*,*,#2379,.F.);
#6027 = ORIENTED_EDGE('',*,*,#2370,.F.);
#6028 = ORIENTED_EDGE('',*,*,#2342,.T.);
#6029 = ORIENTED_EDGE('',*,*,#2295,.F.);
#6030 = FACE_BOUND('',#6031,.F.);
#6031 = EDGE_LOOP('',(#6032,#6033,#6034,#6035));
#6032 = ORIENTED_EDGE('',*,*,#5196,.F.);
#6033 = ORIENTED_EDGE('',*,*,#5239,.F.);
#6034 = ORIENTED_EDGE('',*,*,#5220,.T.);
#6035 = ORIENTED_EDGE('',*,*,#5165,.F.);
#6036 = FACE_BOUND('',#6037,.F.);
#6037 = EDGE_LOOP('',(#6038,#6039,#6040,#6041,#6042));
#6038 = ORIENTED_EDGE('',*,*,#2549,.F.);
#6039 = ORIENTED_EDGE('',*,*,#2610,.F.);
#6040 = ORIENTED_EDGE('',*,*,#2601,.F.);
#6041 = ORIENTED_EDGE('',*,*,#2573,.T.);
#6042 = ORIENTED_EDGE('',*,*,#2526,.F.);
#6043 = FACE_BOUND('',#6044,.F.);
#6044 = EDGE_LOOP('',(#6045,#6046,#6047,#6048));
#6045 = ORIENTED_EDGE('',*,*,#2665,.F.);
#6046 = ORIENTED_EDGE('',*,*,#2708,.F.);
#6047 = ORIENTED_EDGE('',*,*,#2689,.T.);
#6048 = ORIENTED_EDGE('',*,*,#2634,.F.);
#6049 = FACE_BOUND('',#6050,.F.);
#6050 = EDGE_LOOP('',(#6051,#6052,#6053,#6054,#6055));
#6051 = ORIENTED_EDGE('',*,*,#2863,.F.);
#6052 = ORIENTED_EDGE('',*,*,#2924,.F.);
#6053 = ORIENTED_EDGE('',*,*,#2915,.F.);
#6054 = ORIENTED_EDGE('',*,*,#2887,.T.);
#6055 = ORIENTED_EDGE('',*,*,#2840,.F.);
#6056 = FACE_BOUND('',#6057,.F.);
#6057 = EDGE_LOOP('',(#6058,#6059,#6060,#6061,#6062));
#6058 = ORIENTED_EDGE('',*,*,#5311,.F.);
#6059 = ORIENTED_EDGE('',*,*,#5372,.F.);
#6060 = ORIENTED_EDGE('',*,*,#5363,.F.);
#6061 = ORIENTED_EDGE('',*,*,#5335,.T.);
#6062 = ORIENTED_EDGE('',*,*,#5288,.F.);
#6063 = FACE_BOUND('',#6064,.F.);
#6064 = EDGE_LOOP('',(#6065,#6066,#6067,#6068));
#6065 = ORIENTED_EDGE('',*,*,#3513,.F.);
#6066 = ORIENTED_EDGE('',*,*,#3556,.F.);
#6067 = ORIENTED_EDGE('',*,*,#3537,.T.);
#6068 = ORIENTED_EDGE('',*,*,#3482,.F.);
#6069 = FACE_BOUND('',#6070,.F.);
#6070 = EDGE_LOOP('',(#6071,#6072,#6073,#6074));
#6071 = ORIENTED_EDGE('',*,*,#3935,.F.);
#6072 = ORIENTED_EDGE('',*,*,#3978,.F.);
#6073 = ORIENTED_EDGE('',*,*,#3959,.T.);
#6074 = ORIENTED_EDGE('',*,*,#3904,.F.);
#6075 = FACE_BOUND('',#6076,.F.);
#6076 = EDGE_LOOP('',(#6077,#6078,#6079,#6080,#6081));
#6077 = ORIENTED_EDGE('',*,*,#4025,.F.);
#6078 = ORIENTED_EDGE('',*,*,#4086,.F.);
#6079 = ORIENTED_EDGE('',*,*,#4077,.F.);
#6080 = ORIENTED_EDGE('',*,*,#4049,.T.);
#6081 = ORIENTED_EDGE('',*,*,#4002,.F.);
#6082 = FACE_BOUND('',#6083,.F.);
#6083 = EDGE_LOOP('',(#6084,#6085,#6086,#6087));
#6084 = ORIENTED_EDGE('',*,*,#4141,.F.);
#6085 = ORIENTED_EDGE('',*,*,#4184,.F.);
#6086 = ORIENTED_EDGE('',*,*,#4165,.T.);
#6087 = ORIENTED_EDGE('',*,*,#4110,.F.);
#6088 = FACE_BOUND('',#6089,.F.);
#6089 = EDGE_LOOP('',(#6090,#6091,#6092,#6093,#6094,#6095,#6096));
#6090 = ORIENTED_EDGE('',*,*,#4224,.T.);
#6091 = ORIENTED_EDGE('',*,*,#4406,.F.);
#6092 = ORIENTED_EDGE('',*,*,#4380,.F.);
#6093 = ORIENTED_EDGE('',*,*,#4365,.F.);
#6094 = ORIENTED_EDGE('',*,*,#4356,.F.);
#6095 = ORIENTED_EDGE('',*,*,#4321,.T.);
#6096 = ORIENTED_EDGE('',*,*,#4298,.F.);
#6097 = FACE_BOUND('',#6098,.F.);
#6098 = EDGE_LOOP('',(#6099,#6100,#6101,#6102,#6103));
#6099 = ORIENTED_EDGE('',*,*,#3603,.F.);
#6100 = ORIENTED_EDGE('',*,*,#3664,.F.);
#6101 = ORIENTED_EDGE('',*,*,#3655,.F.);
#6102 = ORIENTED_EDGE('',*,*,#3627,.T.);
#6103 = ORIENTED_EDGE('',*,*,#3580,.F.);
#6104 = FACE_BOUND('',#6105,.F.);
#6105 = EDGE_LOOP('',(#6106,#6107,#6108,#6109));
#6106 = ORIENTED_EDGE('',*,*,#4578,.F.);
#6107 = ORIENTED_EDGE('',*,*,#4621,.F.);
#6108 = ORIENTED_EDGE('',*,*,#4602,.T.);
#6109 = ORIENTED_EDGE('',*,*,#4547,.F.);
#6110 = FACE_BOUND('',#6111,.F.);
#6111 = EDGE_LOOP('',(#6112,#6113,#6114,#6115,#6116));
#6112 = ORIENTED_EDGE('',*,*,#4776,.F.);
#6113 = ORIENTED_EDGE('',*,*,#4837,.F.);
#6114 = ORIENTED_EDGE('',*,*,#4828,.F.);
#6115 = ORIENTED_EDGE('',*,*,#4800,.T.);
#6116 = ORIENTED_EDGE('',*,*,#4753,.F.);
#6117 = FACE_BOUND('',#6118,.F.);
#6118 = EDGE_LOOP('',(#6119,#6120,#6121,#6122));
#6119 = ORIENTED_EDGE('',*,*,#4892,.F.);
#6120 = ORIENTED_EDGE('',*,*,#4935,.F.);
#6121 = ORIENTED_EDGE('',*,*,#4916,.T.);
#6122 = ORIENTED_EDGE('',*,*,#4861,.F.);
#6123 = FACE_BOUND('',#6124,.F.);
#6124 = EDGE_LOOP('',(#6125,#6126,#6127,#6128,#6129));
#6125 = ORIENTED_EDGE('',*,*,#4982,.F.);
#6126 = ORIENTED_EDGE('',*,*,#5043,.F.);
#6127 = ORIENTED_EDGE('',*,*,#5034,.F.);
#6128 = ORIENTED_EDGE('',*,*,#5006,.T.);
#6129 = ORIENTED_EDGE('',*,*,#4959,.F.);
#6130 = FACE_BOUND('',#6131,.F.);
#6131 = EDGE_LOOP('',(#6132,#6133,#6134,#6135,#6136));
#6132 = ORIENTED_EDGE('',*,*,#3226,.T.);
#6133 = ORIENTED_EDGE('',*,*,#3340,.F.);
#6134 = ORIENTED_EDGE('',*,*,#3324,.T.);
#6135 = ORIENTED_EDGE('',*,*,#3293,.F.);
#6136 = ORIENTED_EDGE('',*,*,#3268,.F.);
#6137 = FACE_BOUND('',#6138,.F.);
#6138 = EDGE_LOOP('',(#6139,#6140,#6141,#6142,#6143));
#6139 = ORIENTED_EDGE('',*,*,#2039,.T.);
#6140 = ORIENTED_EDGE('',*,*,#2153,.F.);
#6141 = ORIENTED_EDGE('',*,*,#2137,.T.);
#6142 = ORIENTED_EDGE('',*,*,#2106,.F.);
#6143 = ORIENTED_EDGE('',*,*,#2081,.F.);
#6144 = FACE_BOUND('',#6145,.F.);
#6145 = EDGE_LOOP('',(#6146));
#6146 = ORIENTED_EDGE('',*,*,#2403,.F.);
#6147 = FACE_BOUND('',#6148,.F.);
#6148 = EDGE_LOOP('',(#6149));
#6149 = ORIENTED_EDGE('',*,*,#3046,.F.);
#6150 = FACE_BOUND('',#6151,.F.);
#6151 = EDGE_LOOP('',(#6152));
#6152 = ORIENTED_EDGE('',*,*,#5263,.F.);
#6153 = FACE_BOUND('',#6154,.F.);
#6154 = EDGE_LOOP('',(#6155));
#6155 = ORIENTED_EDGE('',*,*,#4522,.F.);
#6156 = FACE_BOUND('',#6157,.F.);
#6157 = EDGE_LOOP('',(#6158,#6167,#6168));
#6158 = ORIENTED_EDGE('',*,*,#6159,.F.);
#6159 = EDGE_CURVE('',#4265,#6160,#6162,.T.);
#6160 = VERTEX_POINT('',#6161);
#6161 = CARTESIAN_POINT('',(8.995,22.86,0.));
#6162 = CIRCLE('',#6163,1.375);
#6163 = AXIS2_PLACEMENT_3D('',#6164,#6165,#6166);
#6164 = CARTESIAN_POINT('',(7.62,22.86,0.));
#6165 = DIRECTION('',(0.,0.,1.));
#6166 = DIRECTION('',(1.,0.,-0.));
#6167 = ORIENTED_EDGE('',*,*,#4272,.T.);
#6168 = ORIENTED_EDGE('',*,*,#6169,.F.);
#6169 = EDGE_CURVE('',#6160,#4273,#6170,.T.);
#6170 = CIRCLE('',#6171,1.375);
#6171 = AXIS2_PLACEMENT_3D('',#6172,#6173,#6174);
#6172 = CARTESIAN_POINT('',(7.62,22.86,0.));
#6173 = DIRECTION('',(0.,0.,1.));
#6174 = DIRECTION('',(1.,0.,-0.));
#6175 = FACE_BOUND('',#6176,.F.);
#6176 = EDGE_LOOP('',(#6177,#6178,#6187));
#6177 = ORIENTED_EDGE('',*,*,#2015,.T.);
#6178 = ORIENTED_EDGE('',*,*,#6179,.F.);
#6179 = EDGE_CURVE('',#6180,#2016,#6182,.T.);
#6180 = VERTEX_POINT('',#6181);
#6181 = CARTESIAN_POINT('',(8.995,7.62,0.));
#6182 = CIRCLE('',#6183,1.375);
#6183 = AXIS2_PLACEMENT_3D('',#6184,#6185,#6186);
#6184 = CARTESIAN_POINT('',(7.62,7.62,0.));
#6185 = DIRECTION('',(0.,0.,1.));
#6186 = DIRECTION('',(1.,0.,-0.));
#6187 = ORIENTED_EDGE('',*,*,#6188,.F.);
#6188 = EDGE_CURVE('',#2008,#6180,#6189,.T.);
#6189 = CIRCLE('',#6190,1.375);
#6190 = AXIS2_PLACEMENT_3D('',#6191,#6192,#6193);
#6191 = CARTESIAN_POINT('',(7.62,7.62,0.));
#6192 = DIRECTION('',(0.,0.,1.));
#6193 = DIRECTION('',(1.,0.,-0.));
#6194 = FACE_BOUND('',#6195,.F.);
#6195 = EDGE_LOOP('',(#6196,#6197,#6206));
#6196 = ORIENTED_EDGE('',*,*,#3202,.T.);
#6197 = ORIENTED_EDGE('',*,*,#6198,.F.);
#6198 = EDGE_CURVE('',#6199,#3203,#6201,.T.);
#6199 = VERTEX_POINT('',#6200);
#6200 = CARTESIAN_POINT('',(54.715,7.62,0.));
#6201 = CIRCLE('',#6202,1.375);
#6202 = AXIS2_PLACEMENT_3D('',#6203,#6204,#6205);
#6203 = CARTESIAN_POINT('',(53.34,7.62,0.));
#6204 = DIRECTION('',(0.,0.,1.));
#6205 = DIRECTION('',(1.,0.,-0.));
#6206 = ORIENTED_EDGE('',*,*,#6207,.F.);
#6207 = EDGE_CURVE('',#3195,#6199,#6208,.T.);
#6208 = CIRCLE('',#6209,1.375);
#6209 = AXIS2_PLACEMENT_3D('',#6210,#6211,#6212);
#6210 = CARTESIAN_POINT('',(53.34,7.62,0.));
#6211 = DIRECTION('',(0.,0.,1.));
#6212 = DIRECTION('',(1.,0.,-0.));
#6213 = FACE_BOUND('',#6214,.F.);
#6214 = EDGE_LOOP('',(#6215,#6216,#6225));
#6215 = ORIENTED_EDGE('',*,*,#5534,.T.);
#6216 = ORIENTED_EDGE('',*,*,#6217,.F.);
#6217 = EDGE_CURVE('',#6218,#5535,#6220,.T.);
#6218 = VERTEX_POINT('',#6219);
#6219 = CARTESIAN_POINT('',(54.715,22.86,0.));
#6220 = CIRCLE('',#6221,1.375);
#6221 = AXIS2_PLACEMENT_3D('',#6222,#6223,#6224);
#6222 = CARTESIAN_POINT('',(53.34,22.86,0.));
#6223 = DIRECTION('',(0.,0.,1.));
#6224 = DIRECTION('',(1.,0.,-0.));
#6225 = ORIENTED_EDGE('',*,*,#6226,.F.);
#6226 = EDGE_CURVE('',#5527,#6218,#6227,.T.);
#6227 = CIRCLE('',#6228,1.375);
#6228 = AXIS2_PLACEMENT_3D('',#6229,#6230,#6231);
#6229 = CARTESIAN_POINT('',(53.34,22.86,0.));
#6230 = DIRECTION('',(0.,0.,1.));
#6231 = DIRECTION('',(1.,0.,-0.));
#6232 = PLANE('',#6233);
#6233 = AXIS2_PLACEMENT_3D('',#6234,#6235,#6236);
#6234 = CARTESIAN_POINT('',(0.,0.,0.));
#6235 = DIRECTION('',(0.,0.,1.));
#6236 = DIRECTION('',(1.,0.,-0.));
#6237 = ADVANCED_FACE('',(#6238),#6246,.F.);
#6238 = FACE_BOUND('',#6239,.F.);
#6239 = EDGE_LOOP('',(#6240,#6241,#6242,#6243,#6244,#6245));
#6240 = ORIENTED_EDGE('',*,*,#2024,.T.);
#6241 = ORIENTED_EDGE('',*,*,#193,.F.);
#6242 = ORIENTED_EDGE('',*,*,#202,.F.);
#6243 = ORIENTED_EDGE('',*,*,#2007,.F.);
#6244 = ORIENTED_EDGE('',*,*,#6188,.T.);
#6245 = ORIENTED_EDGE('',*,*,#6179,.T.);
#6246 = CYLINDRICAL_SURFACE('',#6247,1.375);
#6247 = AXIS2_PLACEMENT_3D('',#6248,#6249,#6250);
#6248 = CARTESIAN_POINT('',(7.62,7.62,-1.));
#6249 = DIRECTION('',(0.,0.,1.));
#6250 = DIRECTION('',(1.,0.,-0.));
#6251 = ADVANCED_FACE('',(#6252),#6260,.F.);
#6252 = FACE_BOUND('',#6253,.F.);
#6253 = EDGE_LOOP('',(#6254,#6255,#6256,#6257,#6258,#6259));
#6254 = ORIENTED_EDGE('',*,*,#3211,.T.);
#6255 = ORIENTED_EDGE('',*,*,#680,.F.);
#6256 = ORIENTED_EDGE('',*,*,#689,.F.);
#6257 = ORIENTED_EDGE('',*,*,#3194,.F.);
#6258 = ORIENTED_EDGE('',*,*,#6207,.T.);
#6259 = ORIENTED_EDGE('',*,*,#6198,.T.);
#6260 = CYLINDRICAL_SURFACE('',#6261,1.375);
#6261 = AXIS2_PLACEMENT_3D('',#6262,#6263,#6264);
#6262 = CARTESIAN_POINT('',(53.34,7.62,-1.));
#6263 = DIRECTION('',(0.,0.,1.));
#6264 = DIRECTION('',(1.,0.,-0.));
#6265 = ADVANCED_FACE('',(#6266),#6274,.F.);
#6266 = FACE_BOUND('',#6267,.F.);
#6267 = EDGE_LOOP('',(#6268,#6269,#6270,#6271,#6272,#6273));
#6268 = ORIENTED_EDGE('',*,*,#4264,.F.);
#6269 = ORIENTED_EDGE('',*,*,#6159,.T.);
#6270 = ORIENTED_EDGE('',*,*,#6169,.T.);
#6271 = ORIENTED_EDGE('',*,*,#4281,.T.);
#6272 = ORIENTED_EDGE('',*,*,#1074,.F.);
#6273 = ORIENTED_EDGE('',*,*,#1085,.F.);
#6274 = CYLINDRICAL_SURFACE('',#6275,1.375);
#6275 = AXIS2_PLACEMENT_3D('',#6276,#6277,#6278);
#6276 = CARTESIAN_POINT('',(7.62,22.86,-1.));
#6277 = DIRECTION('',(0.,0.,1.));
#6278 = DIRECTION('',(1.,0.,-0.));
#6279 = ADVANCED_FACE('',(#6280),#6288,.F.);
#6280 = FACE_BOUND('',#6281,.F.);
#6281 = EDGE_LOOP('',(#6282,#6283,#6284,#6285,#6286,#6287));
#6282 = ORIENTED_EDGE('',*,*,#5543,.T.);
#6283 = ORIENTED_EDGE('',*,*,#1660,.F.);
#6284 = ORIENTED_EDGE('',*,*,#1669,.F.);
#6285 = ORIENTED_EDGE('',*,*,#5526,.F.);
#6286 = ORIENTED_EDGE('',*,*,#6226,.T.);
#6287 = ORIENTED_EDGE('',*,*,#6217,.T.);
#6288 = CYLINDRICAL_SURFACE('',#6289,1.375);
#6289 = AXIS2_PLACEMENT_3D('',#6290,#6291,#6292);
#6290 = CARTESIAN_POINT('',(53.34,22.86,-1.));
#6291 = DIRECTION('',(0.,0.,1.));
#6292 = DIRECTION('',(1.,0.,-0.));
#6293 = ( GEOMETRIC_REPRESENTATION_CONTEXT(3) 
GLOBAL_UNCERTAINTY_ASSIGNED_CONTEXT((#6297)) 
GLOBAL_UNIT_ASSIGNED_CONTEXT((#6294,#6295,#6296)) REPRESENTATION_CONTEXT
('Context #1','3D Context with UNIT and UNCERTAINTY') );
#6294 = ( LENGTH_UNIT() NAMED_UNIT(*) SI_UNIT(.MILLI.,.METRE.) );
#6295 = ( NAMED_UNIT(*) PLANE_ANGLE_UNIT() SI_UNIT($,.RADIAN.) );
#6296 = ( NAMED_UNIT(*) SI_UNIT($,.STERADIAN.) SOLID_ANGLE_UNIT() );
#6297 = UNCERTAINTY_MEASURE_WITH_UNIT(LENGTH_MEASURE(1.E-07),#6294,
  'distance_accuracy_value','confusion accuracy');
#6298 = PRODUCT_RELATED_PRODUCT_CATEGORY('part',$,(#7));
ENDSEC;
END-ISO-10303-21;
