ISO-10303-21;
HEADER;
FILE_DESCRIPTION(('FreeCAD Model'),'2;1');
FILE_NAME('Open CASCADE Shape Model','2026-10-08T00:54:48',('FreeCAD'),(
    'FreeCAD'),'Open CASCADE STEP processor 7.8','FreeCAD','Unknown');
FILE_SCHEMA(('AUTOMOTIVE_DESIGN { 1 0 10303 214 1 1 1 1 }'));
ENDSEC;
DATA;
#1 = APPLICATION_PROTOCOL_DEFINITION('international standard',
  'automotive_design',2000,#2);
#2 = APPLICATION_CONTEXT(
  'core data for automotive mechanical design processes');
#3 = SHAPE_DEFINITION_REPRESENTATION(#4,#10);
#4 = PRODUCT_DEFINITION_SHAPE('','',#5);
#5 = PRODUCT_DEFINITION('design','',#6,#9);
#6 = PRODUCT_DEFINITION_FORMATION('','',#7);
#7 = PRODUCT('Open CASCADE STEP translator 7.8 1',
  'Open CASCADE STEP translator 7.8 1','',(#8));
#8 = PRODUCT_CONTEXT('',#2,'mechanical');
#9 = PRODUCT_DEFINITION_CONTEXT('part definition',#2,'design');
#10 = ADVANCED_BREP_SHAPE_REPRESENTATION('',(#11,#15),#5417);
#11 = AXIS2_PLACEMENT_3D('',#12,#13,#14);
#12 = CARTESIAN_POINT('',(0.,0.,0.));
#13 = DIRECTION('',(0.,0.,1.));
#14 = DIRECTION('',(1.,0.,-0.));
#15 = MANIFOLD_SOLID_BREP('',#16);
#16 = CLOSED_SHELL('',(#17,#57,#1508,#1533,#1558,#2993,#3010,#3027,#3044
    ,#3061,#3073,#3095,#3112,#3129,#3146,#3168,#3185,#3202,#3214,#3236,
    #3253,#3270,#3287,#3309,#3326,#3343,#3355,#3377,#3394,#3411,#3423,
    #3445,#3462,#3479,#3501,#3518,#3535,#3547,#3569,#3586,#3603,#3625,
    #3642,#3659,#3681,#3698,#3715,#3727,#3744,#3766,#3783,#3800,#3822,
    #3839,#3856,#3868,#3885,#3907,#3924,#3941,#3953,#3975,#3992,#4009,
    #4031,#4048,#4065,#4077,#4099,#4116,#4133,#4155,#4172,#4189,#4211,
    #4228,#4245,#4257,#4279,#4296,#4313,#4335,#4352,#4369,#4381,#4398,
    #4420,#4437,#4454,#4466,#4488,#4505,#4522,#4539,#4561,#4578,#4595,
    #4607,#4629,#4646,#4663,#4685,#4702,#4719,#4741,#4758,#4775,#4787,
    #4809,#4826,#4843,#4865,#4882,#4899,#4911,#4933,#4950,#4967,#4979,
    #4996,#5018,#5035,#5052,#5074,#5091,#5108,#5120,#5137,#5159,#5176,
    #5193,#5207,#5221,#5235,#5249,#5263,#5277,#5291,#5305,#5319,#5333,
    #5347,#5361,#5375,#5389,#5403));
#17 = ADVANCED_FACE('',(#18),#52,.F.);
#18 = FACE_BOUND('',#19,.F.);
#19 = EDGE_LOOP('',(#20,#30,#38,#46));
#20 = ORIENTED_EDGE('',*,*,#21,.F.);
#21 = EDGE_CURVE('',#22,#24,#26,.T.);
#22 = VERTEX_POINT('',#23);
#23 = CARTESIAN_POINT('',(-2.22044604925E-16,1.27,3.));
#24 = VERTEX_POINT('',#25);
#25 = CARTESIAN_POINT('',(-2.22044604925E-16,29.21,3.));
#26 = LINE('',#27,#28);
#27 = CARTESIAN_POINT('',(0.,0.,3.));
#28 = VECTOR('',#29,1.);
#29 = DIRECTION('',(-0.,1.,0.));
#30 = ORIENTED_EDGE('',*,*,#31,.F.);
#31 = EDGE_CURVE('',#32,#22,#34,.T.);
#32 = VERTEX_POINT('',#33);
#33 = CARTESIAN_POINT('',(-2.22044604925E-16,1.27,0.));
#34 = LINE('',#35,#36);
#35 = CARTESIAN_POINT('',(-2.22044604925E-16,1.27,0.));
#36 = VECTOR('',#37,1.);
#37 = DIRECTION('',(0.,0.,1.));
#38 = ORIENTED_EDGE('',*,*,#39,.T.);
#39 = EDGE_CURVE('',#32,#40,#42,.T.);
#40 = VERTEX_POINT('',#41);
#41 = CARTESIAN_POINT('',(-2.22044604925E-16,29.21,0.));
#42 = LINE('',#43,#44);
#43 = CARTESIAN_POINT('',(0.,0.,0.));
#44 = VECTOR('',#45,1.);
#45 = DIRECTION('',(-0.,1.,0.));
#46 = ORIENTED_EDGE('',*,*,#47,.T.);
#47 = EDGE_CURVE('',#40,#24,#48,.T.);
#48 = LINE('',#49,#50);
#49 = CARTESIAN_POINT('',(-2.22044604925E-16,29.21,0.));
#50 = VECTOR('',#51,1.);
#51 = DIRECTION('',(0.,0.,1.));
#52 = PLANE('',#53);
#53 = AXIS2_PLACEMENT_3D('',#54,#55,#56);
#54 = CARTESIAN_POINT('',(0.,0.,0.));
#55 = DIRECTION('',(1.,0.,-0.));
#56 = DIRECTION('',(0.,0.,1.));
#57 = ADVANCED_FACE('',(#58,#119,#164,#175,#211,#256,#267,#303,#339,#384
    ,#420,#465,#510,#546,#557,#602,#638,#649,#685,#730,#766,#811,#856,
    #892,#937,#973,#984,#1020,#1065,#1076,#1112,#1157,#1202,#1238,#1283,
    #1319,#1355,#1366,#1411,#1447,#1458),#1503,.T.);
#58 = FACE_BOUND('',#59,.T.);
#59 = EDGE_LOOP('',(#60,#61,#70,#78,#87,#95,#104,#112));
#60 = ORIENTED_EDGE('',*,*,#21,.F.);
#61 = ORIENTED_EDGE('',*,*,#62,.T.);
#62 = EDGE_CURVE('',#22,#63,#65,.T.);
#63 = VERTEX_POINT('',#64);
#64 = CARTESIAN_POINT('',(1.27,-2.22044604925E-16,3.));
#65 = CIRCLE('',#66,1.27);
#66 = AXIS2_PLACEMENT_3D('',#67,#68,#69);
#67 = CARTESIAN_POINT('',(1.27,1.27,3.));
#68 = DIRECTION('',(0.,0.,1.));
#69 = DIRECTION('',(0.,-1.,0.));
#70 = ORIENTED_EDGE('',*,*,#71,.T.);
#71 = EDGE_CURVE('',#63,#72,#74,.T.);
#72 = VERTEX_POINT('',#73);
#73 = CARTESIAN_POINT('',(59.69,-2.22044604925E-16,3.));
#74 = LINE('',#75,#76);
#75 = CARTESIAN_POINT('',(0.,0.,3.));
#76 = VECTOR('',#77,1.);
#77 = DIRECTION('',(1.,0.,-0.));
#78 = ORIENTED_EDGE('',*,*,#79,.F.);
#79 = EDGE_CURVE('',#80,#72,#82,.T.);
#80 = VERTEX_POINT('',#81);
#81 = CARTESIAN_POINT('',(60.96,1.27,3.));
#82 = CIRCLE('',#83,1.27);
#83 = AXIS2_PLACEMENT_3D('',#84,#85,#86);
#84 = CARTESIAN_POINT('',(59.69,1.27,3.));
#85 = DIRECTION('',(-0.,-0.,-1.));
#86 = DIRECTION('',(0.,-1.,0.));
#87 = ORIENTED_EDGE('',*,*,#88,.T.);
#88 = EDGE_CURVE('',#80,#89,#91,.T.);
#89 = VERTEX_POINT('',#90);
#90 = CARTESIAN_POINT('',(60.96,29.21,3.));
#91 = LINE('',#92,#93);
#92 = CARTESIAN_POINT('',(60.96,0.,3.));
#93 = VECTOR('',#94,1.);
#94 = DIRECTION('',(-0.,1.,0.));
#95 = ORIENTED_EDGE('',*,*,#96,.T.);
#96 = EDGE_CURVE('',#89,#97,#99,.T.);
#97 = VERTEX_POINT('',#98);
#98 = CARTESIAN_POINT('',(59.69,30.48,3.));
#99 = CIRCLE('',#100,1.27);
#100 = AXIS2_PLACEMENT_3D('',#101,#102,#103);
#101 = CARTESIAN_POINT('',(59.69,29.21,3.));
#102 = DIRECTION('',(0.,0.,1.));
#103 = DIRECTION('',(0.,-1.,0.));
#104 = ORIENTED_EDGE('',*,*,#105,.F.);
#105 = EDGE_CURVE('',#106,#97,#108,.T.);
#106 = VERTEX_POINT('',#107);
#107 = CARTESIAN_POINT('',(1.27,30.48,3.));
#108 = LINE('',#109,#110);
#109 = CARTESIAN_POINT('',(0.,30.48,3.));
#110 = VECTOR('',#111,1.);
#111 = DIRECTION('',(1.,0.,-0.));
#112 = ORIENTED_EDGE('',*,*,#113,.F.);
#113 = EDGE_CURVE('',#24,#106,#114,.T.);
#114 = CIRCLE('',#115,1.27);
#115 = AXIS2_PLACEMENT_3D('',#116,#117,#118);
#116 = CARTESIAN_POINT('',(1.27,29.21,3.));
#117 = DIRECTION('',(-0.,-0.,-1.));
#118 = DIRECTION('',(0.,-1.,0.));
#119 = FACE_BOUND('',#120,.T.);
#120 = EDGE_LOOP('',(#121,#132,#140,#149,#158));
#121 = ORIENTED_EDGE('',*,*,#122,.F.);
#122 = EDGE_CURVE('',#123,#125,#127,.T.);
#123 = VERTEX_POINT('',#124);
#124 = CARTESIAN_POINT('',(2.54,3.915,3.));
#125 = VERTEX_POINT('',#126);
#126 = CARTESIAN_POINT('',(2.54,1.165,3.));
#127 = CIRCLE('',#128,1.375);
#128 = AXIS2_PLACEMENT_3D('',#129,#130,#131);
#129 = CARTESIAN_POINT('',(2.54,2.54,3.));
#130 = DIRECTION('',(0.,0.,1.));
#131 = DIRECTION('',(1.,0.,-0.));
#132 = ORIENTED_EDGE('',*,*,#133,.F.);
#133 = EDGE_CURVE('',#134,#123,#136,.T.);
#134 = VERTEX_POINT('',#135);
#135 = CARTESIAN_POINT('',(7.62,3.915,3.));
#136 = LINE('',#137,#138);
#137 = CARTESIAN_POINT('',(1.27,3.915,3.));
#138 = VECTOR('',#139,1.);
#139 = DIRECTION('',(-1.,-0.,0.));
#140 = ORIENTED_EDGE('',*,*,#141,.F.);
#141 = EDGE_CURVE('',#142,#134,#144,.T.);
#142 = VERTEX_POINT('',#143);
#143 = CARTESIAN_POINT('',(8.995,2.54,3.));
#144 = CIRCLE('',#145,1.375);
#145 = AXIS2_PLACEMENT_3D('',#146,#147,#148);
#146 = CARTESIAN_POINT('',(7.62,2.54,3.));
#147 = DIRECTION('',(0.,0.,1.));
#148 = DIRECTION('',(1.,0.,-0.));
#149 = ORIENTED_EDGE('',*,*,#150,.F.);
#150 = EDGE_CURVE('',#151,#142,#153,.T.);
#151 = VERTEX_POINT('',#152);
#152 = CARTESIAN_POINT('',(7.62,1.165,3.));
#153 = CIRCLE('',#154,1.375);
#154 = AXIS2_PLACEMENT_3D('',#155,#156,#157);
#155 = CARTESIAN_POINT('',(7.62,2.54,3.));
#156 = DIRECTION('',(0.,0.,1.));
#157 = DIRECTION('',(1.,0.,-0.));
#158 = ORIENTED_EDGE('',*,*,#159,.T.);
#159 = EDGE_CURVE('',#151,#125,#160,.T.);
#160 = LINE('',#161,#162);
#161 = CARTESIAN_POINT('',(1.27,1.165,3.));
#162 = VECTOR('',#163,1.);
#163 = DIRECTION('',(-1.,-0.,0.));
#164 = FACE_BOUND('',#165,.T.);
#165 = EDGE_LOOP('',(#166));
#166 = ORIENTED_EDGE('',*,*,#167,.F.);
#167 = EDGE_CURVE('',#168,#168,#170,.T.);
#168 = VERTEX_POINT('',#169);
#169 = CARTESIAN_POINT('',(8.995,7.62,3.));
#170 = CIRCLE('',#171,1.375);
#171 = AXIS2_PLACEMENT_3D('',#172,#173,#174);
#172 = CARTESIAN_POINT('',(7.62,7.62,3.));
#173 = DIRECTION('',(0.,0.,1.));
#174 = DIRECTION('',(1.,0.,-0.));
#175 = FACE_BOUND('',#176,.T.);
#176 = EDGE_LOOP('',(#177,#188,#196,#205));
#177 = ORIENTED_EDGE('',*,*,#178,.F.);
#178 = EDGE_CURVE('',#179,#181,#183,.T.);
#179 = VERTEX_POINT('',#180);
#180 = CARTESIAN_POINT('',(14.075,7.62,3.));
#181 = VERTEX_POINT('',#182);
#182 = CARTESIAN_POINT('',(11.325,7.62,3.));
#183 = CIRCLE('',#184,1.375);
#184 = AXIS2_PLACEMENT_3D('',#185,#186,#187);
#185 = CARTESIAN_POINT('',(12.7,7.62,3.));
#186 = DIRECTION('',(0.,0.,1.));
#187 = DIRECTION('',(1.,0.,-0.));
#188 = ORIENTED_EDGE('',*,*,#189,.F.);
#189 = EDGE_CURVE('',#190,#179,#192,.T.);
#190 = VERTEX_POINT('',#191);
#191 = CARTESIAN_POINT('',(14.075,2.54,3.));
#192 = LINE('',#193,#194);
#193 = CARTESIAN_POINT('',(14.075,1.27,3.));
#194 = VECTOR('',#195,1.);
#195 = DIRECTION('',(-0.,1.,0.));
#196 = ORIENTED_EDGE('',*,*,#197,.F.);
#197 = EDGE_CURVE('',#198,#190,#200,.T.);
#198 = VERTEX_POINT('',#199);
#199 = CARTESIAN_POINT('',(11.325,2.54,3.));
#200 = CIRCLE('',#201,1.375);
#201 = AXIS2_PLACEMENT_3D('',#202,#203,#204);
#202 = CARTESIAN_POINT('',(12.7,2.54,3.));
#203 = DIRECTION('',(0.,0.,1.));
#204 = DIRECTION('',(1.,0.,-0.));
#205 = ORIENTED_EDGE('',*,*,#206,.T.);
#206 = EDGE_CURVE('',#198,#181,#207,.T.);
#207 = LINE('',#208,#209);
#208 = CARTESIAN_POINT('',(11.325,1.27,3.));
#209 = VECTOR('',#210,1.);
#210 = DIRECTION('',(-0.,1.,0.));
#211 = FACE_BOUND('',#212,.T.);
#212 = EDGE_LOOP('',(#213,#224,#232,#241,#250));
#213 = ORIENTED_EDGE('',*,*,#214,.F.);
#214 = EDGE_CURVE('',#215,#217,#219,.T.);
#215 = VERTEX_POINT('',#216);
#216 = CARTESIAN_POINT('',(17.78,3.915,3.));
#217 = VERTEX_POINT('',#218);
#218 = CARTESIAN_POINT('',(17.78,1.165,3.));
#219 = CIRCLE('',#220,1.375);
#220 = AXIS2_PLACEMENT_3D('',#221,#222,#223);
#221 = CARTESIAN_POINT('',(17.78,2.54,3.));
#222 = DIRECTION('',(0.,0.,1.));
#223 = DIRECTION('',(1.,0.,-0.));
#224 = ORIENTED_EDGE('',*,*,#225,.F.);
#225 = EDGE_CURVE('',#226,#215,#228,.T.);
#226 = VERTEX_POINT('',#227);
#227 = CARTESIAN_POINT('',(22.86,3.915,3.));
#228 = LINE('',#229,#230);
#229 = CARTESIAN_POINT('',(8.89,3.915,3.));
#230 = VECTOR('',#231,1.);
#231 = DIRECTION('',(-1.,-0.,0.));
#232 = ORIENTED_EDGE('',*,*,#233,.F.);
#233 = EDGE_CURVE('',#234,#226,#236,.T.);
#234 = VERTEX_POINT('',#235);
#235 = CARTESIAN_POINT('',(24.235,2.54,3.));
#236 = CIRCLE('',#237,1.375);
#237 = AXIS2_PLACEMENT_3D('',#238,#239,#240);
#238 = CARTESIAN_POINT('',(22.86,2.54,3.));
#239 = DIRECTION('',(0.,0.,1.));
#240 = DIRECTION('',(1.,0.,-0.));
#241 = ORIENTED_EDGE('',*,*,#242,.F.);
#242 = EDGE_CURVE('',#243,#234,#245,.T.);
#243 = VERTEX_POINT('',#244);
#244 = CARTESIAN_POINT('',(22.86,1.165,3.));
#245 = CIRCLE('',#246,1.375);
#246 = AXIS2_PLACEMENT_3D('',#247,#248,#249);
#247 = CARTESIAN_POINT('',(22.86,2.54,3.));
#248 = DIRECTION('',(0.,0.,1.));
#249 = DIRECTION('',(1.,0.,-0.));
#250 = ORIENTED_EDGE('',*,*,#251,.T.);
#251 = EDGE_CURVE('',#243,#217,#252,.T.);
#252 = LINE('',#253,#254);
#253 = CARTESIAN_POINT('',(8.89,1.165,3.));
#254 = VECTOR('',#255,1.);
#255 = DIRECTION('',(-1.,-0.,0.));
#256 = FACE_BOUND('',#257,.T.);
#257 = EDGE_LOOP('',(#258));
#258 = ORIENTED_EDGE('',*,*,#259,.F.);
#259 = EDGE_CURVE('',#260,#260,#262,.T.);
#260 = VERTEX_POINT('',#261);
#261 = CARTESIAN_POINT('',(24.235,7.62,3.));
#262 = CIRCLE('',#263,1.375);
#263 = AXIS2_PLACEMENT_3D('',#264,#265,#266);
#264 = CARTESIAN_POINT('',(22.86,7.62,3.));
#265 = DIRECTION('',(0.,0.,1.));
#266 = DIRECTION('',(1.,0.,-0.));
#267 = FACE_BOUND('',#268,.T.);
#268 = EDGE_LOOP('',(#269,#280,#288,#297));
#269 = ORIENTED_EDGE('',*,*,#270,.F.);
#270 = EDGE_CURVE('',#271,#273,#275,.T.);
#271 = VERTEX_POINT('',#272);
#272 = CARTESIAN_POINT('',(29.315,7.62,3.));
#273 = VERTEX_POINT('',#274);
#274 = CARTESIAN_POINT('',(26.565,7.62,3.));
#275 = CIRCLE('',#276,1.375);
#276 = AXIS2_PLACEMENT_3D('',#277,#278,#279);
#277 = CARTESIAN_POINT('',(27.94,7.62,3.));
#278 = DIRECTION('',(0.,0.,1.));
#279 = DIRECTION('',(1.,0.,-0.));
#280 = ORIENTED_EDGE('',*,*,#281,.F.);
#281 = EDGE_CURVE('',#282,#271,#284,.T.);
#282 = VERTEX_POINT('',#283);
#283 = CARTESIAN_POINT('',(29.315,2.54,3.));
#284 = LINE('',#285,#286);
#285 = CARTESIAN_POINT('',(29.315,1.27,3.));
#286 = VECTOR('',#287,1.);
#287 = DIRECTION('',(-0.,1.,0.));
#288 = ORIENTED_EDGE('',*,*,#289,.F.);
#289 = EDGE_CURVE('',#290,#282,#292,.T.);
#290 = VERTEX_POINT('',#291);
#291 = CARTESIAN_POINT('',(26.565,2.54,3.));
#292 = CIRCLE('',#293,1.375);
#293 = AXIS2_PLACEMENT_3D('',#294,#295,#296);
#294 = CARTESIAN_POINT('',(27.94,2.54,3.));
#295 = DIRECTION('',(0.,0.,1.));
#296 = DIRECTION('',(1.,0.,-0.));
#297 = ORIENTED_EDGE('',*,*,#298,.T.);
#298 = EDGE_CURVE('',#290,#273,#299,.T.);
#299 = LINE('',#300,#301);
#300 = CARTESIAN_POINT('',(26.565,1.27,3.));
#301 = VECTOR('',#302,1.);
#302 = DIRECTION('',(-0.,1.,0.));
#303 = FACE_BOUND('',#304,.T.);
#304 = EDGE_LOOP('',(#305,#316,#324,#333));
#305 = ORIENTED_EDGE('',*,*,#306,.F.);
#306 = EDGE_CURVE('',#307,#309,#311,.T.);
#307 = VERTEX_POINT('',#308);
#308 = CARTESIAN_POINT('',(3.915,12.7,3.));
#309 = VERTEX_POINT('',#310);
#310 = CARTESIAN_POINT('',(1.165,12.7,3.));
#311 = CIRCLE('',#312,1.375);
#312 = AXIS2_PLACEMENT_3D('',#313,#314,#315);
#313 = CARTESIAN_POINT('',(2.54,12.7,3.));
#314 = DIRECTION('',(0.,0.,1.));
#315 = DIRECTION('',(1.,0.,-0.));
#316 = ORIENTED_EDGE('',*,*,#317,.F.);
#317 = EDGE_CURVE('',#318,#307,#320,.T.);
#318 = VERTEX_POINT('',#319);
#319 = CARTESIAN_POINT('',(3.915,7.62,3.));
#320 = LINE('',#321,#322);
#321 = CARTESIAN_POINT('',(3.915,3.81,3.));
#322 = VECTOR('',#323,1.);
#323 = DIRECTION('',(-0.,1.,0.));
#324 = ORIENTED_EDGE('',*,*,#325,.F.);
#325 = EDGE_CURVE('',#326,#318,#328,.T.);
#326 = VERTEX_POINT('',#327);
#327 = CARTESIAN_POINT('',(1.165,7.62,3.));
#328 = CIRCLE('',#329,1.375);
#329 = AXIS2_PLACEMENT_3D('',#330,#331,#332);
#330 = CARTESIAN_POINT('',(2.54,7.62,3.));
#331 = DIRECTION('',(0.,0.,1.));
#332 = DIRECTION('',(1.,0.,-0.));
#333 = ORIENTED_EDGE('',*,*,#334,.T.);
#334 = EDGE_CURVE('',#326,#309,#335,.T.);
#335 = LINE('',#336,#337);
#336 = CARTESIAN_POINT('',(1.165,3.81,3.));
#337 = VECTOR('',#338,1.);
#338 = DIRECTION('',(-0.,1.,0.));
#339 = FACE_BOUND('',#340,.T.);
#340 = EDGE_LOOP('',(#341,#352,#360,#369,#378));
#341 = ORIENTED_EDGE('',*,*,#342,.F.);
#342 = EDGE_CURVE('',#343,#345,#347,.T.);
#343 = VERTEX_POINT('',#344);
#344 = CARTESIAN_POINT('',(7.62,14.075,3.));
#345 = VERTEX_POINT('',#346);
#346 = CARTESIAN_POINT('',(7.62,11.325,3.));
#347 = CIRCLE('',#348,1.375);
#348 = AXIS2_PLACEMENT_3D('',#349,#350,#351);
#349 = CARTESIAN_POINT('',(7.62,12.7,3.));
#350 = DIRECTION('',(0.,0.,1.));
#351 = DIRECTION('',(1.,0.,-0.));
#352 = ORIENTED_EDGE('',*,*,#353,.F.);
#353 = EDGE_CURVE('',#354,#343,#356,.T.);
#354 = VERTEX_POINT('',#355);
#355 = CARTESIAN_POINT('',(12.7,14.075,3.));
#356 = LINE('',#357,#358);
#357 = CARTESIAN_POINT('',(3.81,14.075,3.));
#358 = VECTOR('',#359,1.);
#359 = DIRECTION('',(-1.,-0.,0.));
#360 = ORIENTED_EDGE('',*,*,#361,.F.);
#361 = EDGE_CURVE('',#362,#354,#364,.T.);
#362 = VERTEX_POINT('',#363);
#363 = CARTESIAN_POINT('',(14.075,12.7,3.));
#364 = CIRCLE('',#365,1.375);
#365 = AXIS2_PLACEMENT_3D('',#366,#367,#368);
#366 = CARTESIAN_POINT('',(12.7,12.7,3.));
#367 = DIRECTION('',(0.,0.,1.));
#368 = DIRECTION('',(1.,0.,-0.));
#369 = ORIENTED_EDGE('',*,*,#370,.F.);
#370 = EDGE_CURVE('',#371,#362,#373,.T.);
#371 = VERTEX_POINT('',#372);
#372 = CARTESIAN_POINT('',(12.7,11.325,3.));
#373 = CIRCLE('',#374,1.375);
#374 = AXIS2_PLACEMENT_3D('',#375,#376,#377);
#375 = CARTESIAN_POINT('',(12.7,12.7,3.));
#376 = DIRECTION('',(0.,0.,1.));
#377 = DIRECTION('',(1.,0.,-0.));
#378 = ORIENTED_EDGE('',*,*,#379,.T.);
#379 = EDGE_CURVE('',#371,#345,#380,.T.);
#380 = LINE('',#381,#382);
#381 = CARTESIAN_POINT('',(3.81,11.325,3.));
#382 = VECTOR('',#383,1.);
#383 = DIRECTION('',(-1.,-0.,0.));
#384 = FACE_BOUND('',#385,.T.);
#385 = EDGE_LOOP('',(#386,#397,#405,#414));
#386 = ORIENTED_EDGE('',*,*,#387,.F.);
#387 = EDGE_CURVE('',#388,#390,#392,.T.);
#388 = VERTEX_POINT('',#389);
#389 = CARTESIAN_POINT('',(19.155,12.7,3.));
#390 = VERTEX_POINT('',#391);
#391 = CARTESIAN_POINT('',(16.405,12.7,3.));
#392 = CIRCLE('',#393,1.375);
#393 = AXIS2_PLACEMENT_3D('',#394,#395,#396);
#394 = CARTESIAN_POINT('',(17.78,12.7,3.));
#395 = DIRECTION('',(0.,0.,1.));
#396 = DIRECTION('',(1.,0.,-0.));
#397 = ORIENTED_EDGE('',*,*,#398,.F.);
#398 = EDGE_CURVE('',#399,#388,#401,.T.);
#399 = VERTEX_POINT('',#400);
#400 = CARTESIAN_POINT('',(19.155,7.62,3.));
#401 = LINE('',#402,#403);
#402 = CARTESIAN_POINT('',(19.155,3.81,3.));
#403 = VECTOR('',#404,1.);
#404 = DIRECTION('',(-0.,1.,0.));
#405 = ORIENTED_EDGE('',*,*,#406,.F.);
#406 = EDGE_CURVE('',#407,#399,#409,.T.);
#407 = VERTEX_POINT('',#408);
#408 = CARTESIAN_POINT('',(16.405,7.62,3.));
#409 = CIRCLE('',#410,1.375);
#410 = AXIS2_PLACEMENT_3D('',#411,#412,#413);
#411 = CARTESIAN_POINT('',(17.78,7.62,3.));
#412 = DIRECTION('',(0.,0.,1.));
#413 = DIRECTION('',(1.,0.,-0.));
#414 = ORIENTED_EDGE('',*,*,#415,.T.);
#415 = EDGE_CURVE('',#407,#390,#416,.T.);
#416 = LINE('',#417,#418);
#417 = CARTESIAN_POINT('',(16.405,3.81,3.));
#418 = VECTOR('',#419,1.);
#419 = DIRECTION('',(-0.,1.,0.));
#420 = FACE_BOUND('',#421,.T.);
#421 = EDGE_LOOP('',(#422,#433,#441,#450,#459));
#422 = ORIENTED_EDGE('',*,*,#423,.F.);
#423 = EDGE_CURVE('',#424,#426,#428,.T.);
#424 = VERTEX_POINT('',#425);
#425 = CARTESIAN_POINT('',(22.86,14.075,3.));
#426 = VERTEX_POINT('',#427);
#427 = CARTESIAN_POINT('',(22.86,11.325,3.));
#428 = CIRCLE('',#429,1.375);
#429 = AXIS2_PLACEMENT_3D('',#430,#431,#432);
#430 = CARTESIAN_POINT('',(22.86,12.7,3.));
#431 = DIRECTION('',(0.,0.,1.));
#432 = DIRECTION('',(1.,0.,-0.));
#433 = ORIENTED_EDGE('',*,*,#434,.F.);
#434 = EDGE_CURVE('',#435,#424,#437,.T.);
#435 = VERTEX_POINT('',#436);
#436 = CARTESIAN_POINT('',(27.94,14.075,3.));
#437 = LINE('',#438,#439);
#438 = CARTESIAN_POINT('',(11.43,14.075,3.));
#439 = VECTOR('',#440,1.);
#440 = DIRECTION('',(-1.,-0.,0.));
#441 = ORIENTED_EDGE('',*,*,#442,.F.);
#442 = EDGE_CURVE('',#443,#435,#445,.T.);
#443 = VERTEX_POINT('',#444);
#444 = CARTESIAN_POINT('',(29.315,12.7,3.));
#445 = CIRCLE('',#446,1.375);
#446 = AXIS2_PLACEMENT_3D('',#447,#448,#449);
#447 = CARTESIAN_POINT('',(27.94,12.7,3.));
#448 = DIRECTION('',(0.,0.,1.));
#449 = DIRECTION('',(1.,0.,-0.));
#450 = ORIENTED_EDGE('',*,*,#451,.F.);
#451 = EDGE_CURVE('',#452,#443,#454,.T.);
#452 = VERTEX_POINT('',#453);
#453 = CARTESIAN_POINT('',(27.94,11.325,3.));
#454 = CIRCLE('',#455,1.375);
#455 = AXIS2_PLACEMENT_3D('',#456,#457,#458);
#456 = CARTESIAN_POINT('',(27.94,12.7,3.));
#457 = DIRECTION('',(0.,0.,1.));
#458 = DIRECTION('',(1.,0.,-0.));
#459 = ORIENTED_EDGE('',*,*,#460,.T.);
#460 = EDGE_CURVE('',#452,#426,#461,.T.);
#461 = LINE('',#462,#463);
#462 = CARTESIAN_POINT('',(11.43,11.325,3.));
#463 = VECTOR('',#464,1.);
#464 = DIRECTION('',(-1.,-0.,0.));
#465 = FACE_BOUND('',#466,.T.);
#466 = EDGE_LOOP('',(#467,#478,#486,#495,#504));
#467 = ORIENTED_EDGE('',*,*,#468,.F.);
#468 = EDGE_CURVE('',#469,#471,#473,.T.);
#469 = VERTEX_POINT('',#470);
#470 = CARTESIAN_POINT('',(33.02,3.915,3.));
#471 = VERTEX_POINT('',#472);
#472 = CARTESIAN_POINT('',(33.02,1.165,3.));
#473 = CIRCLE('',#474,1.375);
#474 = AXIS2_PLACEMENT_3D('',#475,#476,#477);
#475 = CARTESIAN_POINT('',(33.02,2.54,3.));
#476 = DIRECTION('',(0.,0.,1.));
#477 = DIRECTION('',(1.,0.,-0.));
#478 = ORIENTED_EDGE('',*,*,#479,.F.);
#479 = EDGE_CURVE('',#480,#469,#482,.T.);
#480 = VERTEX_POINT('',#481);
#481 = CARTESIAN_POINT('',(38.1,3.915,3.));
#482 = LINE('',#483,#484);
#483 = CARTESIAN_POINT('',(16.51,3.915,3.));
#484 = VECTOR('',#485,1.);
#485 = DIRECTION('',(-1.,-0.,0.));
#486 = ORIENTED_EDGE('',*,*,#487,.F.);
#487 = EDGE_CURVE('',#488,#480,#490,.T.);
#488 = VERTEX_POINT('',#489);
#489 = CARTESIAN_POINT('',(39.475,2.54,3.));
#490 = CIRCLE('',#491,1.375);
#491 = AXIS2_PLACEMENT_3D('',#492,#493,#494);
#492 = CARTESIAN_POINT('',(38.1,2.54,3.));
#493 = DIRECTION('',(0.,0.,1.));
#494 = DIRECTION('',(1.,0.,-0.));
#495 = ORIENTED_EDGE('',*,*,#496,.F.);
#496 = EDGE_CURVE('',#497,#488,#499,.T.);
#497 = VERTEX_POINT('',#498);
#498 = CARTESIAN_POINT('',(38.1,1.165,3.));
#499 = CIRCLE('',#500,1.375);
#500 = AXIS2_PLACEMENT_3D('',#501,#502,#503);
#501 = CARTESIAN_POINT('',(38.1,2.54,3.));
#502 = DIRECTION('',(0.,0.,1.));
#503 = DIRECTION('',(1.,0.,-0.));
#504 = ORIENTED_EDGE('',*,*,#505,.T.);
#505 = EDGE_CURVE('',#497,#471,#506,.T.);
#506 = LINE('',#507,#508);
#507 = CARTESIAN_POINT('',(16.51,1.165,3.));
#508 = VECTOR('',#509,1.);
#509 = DIRECTION('',(-1.,-0.,0.));
#510 = FACE_BOUND('',#511,.T.);
#511 = EDGE_LOOP('',(#512,#523,#531,#540));
#512 = ORIENTED_EDGE('',*,*,#513,.F.);
#513 = EDGE_CURVE('',#514,#516,#518,.T.);
#514 = VERTEX_POINT('',#515);
#515 = CARTESIAN_POINT('',(44.555,7.62,3.));
#516 = VERTEX_POINT('',#517);
#517 = CARTESIAN_POINT('',(41.805,7.62,3.));
#518 = CIRCLE('',#519,1.375);
#519 = AXIS2_PLACEMENT_3D('',#520,#521,#522);
#520 = CARTESIAN_POINT('',(43.18,7.62,3.));
#521 = DIRECTION('',(0.,0.,1.));
#522 = DIRECTION('',(1.,0.,-0.));
#523 = ORIENTED_EDGE('',*,*,#524,.F.);
#524 = EDGE_CURVE('',#525,#514,#527,.T.);
#525 = VERTEX_POINT('',#526);
#526 = CARTESIAN_POINT('',(44.555,2.54,3.));
#527 = LINE('',#528,#529);
#528 = CARTESIAN_POINT('',(44.555,1.27,3.));
#529 = VECTOR('',#530,1.);
#530 = DIRECTION('',(-0.,1.,0.));
#531 = ORIENTED_EDGE('',*,*,#532,.F.);
#532 = EDGE_CURVE('',#533,#525,#535,.T.);
#533 = VERTEX_POINT('',#534);
#534 = CARTESIAN_POINT('',(41.805,2.54,3.));
#535 = CIRCLE('',#536,1.375);
#536 = AXIS2_PLACEMENT_3D('',#537,#538,#539);
#537 = CARTESIAN_POINT('',(43.18,2.54,3.));
#538 = DIRECTION('',(0.,0.,1.));
#539 = DIRECTION('',(1.,0.,-0.));
#540 = ORIENTED_EDGE('',*,*,#541,.T.);
#541 = EDGE_CURVE('',#533,#516,#542,.T.);
#542 = LINE('',#543,#544);
#543 = CARTESIAN_POINT('',(41.805,1.27,3.));
#544 = VECTOR('',#545,1.);
#545 = DIRECTION('',(-0.,1.,0.));
#546 = FACE_BOUND('',#547,.T.);
#547 = EDGE_LOOP('',(#548));
#548 = ORIENTED_EDGE('',*,*,#549,.F.);
#549 = EDGE_CURVE('',#550,#550,#552,.T.);
#550 = VERTEX_POINT('',#551);
#551 = CARTESIAN_POINT('',(39.475,7.62,3.));
#552 = CIRCLE('',#553,1.375);
#553 = AXIS2_PLACEMENT_3D('',#554,#555,#556);
#554 = CARTESIAN_POINT('',(38.1,7.62,3.));
#555 = DIRECTION('',(0.,0.,1.));
#556 = DIRECTION('',(1.,0.,-0.));
#557 = FACE_BOUND('',#558,.T.);
#558 = EDGE_LOOP('',(#559,#570,#578,#587,#596));
#559 = ORIENTED_EDGE('',*,*,#560,.F.);
#560 = EDGE_CURVE('',#561,#563,#565,.T.);
#561 = VERTEX_POINT('',#562);
#562 = CARTESIAN_POINT('',(48.26,3.915,3.));
#563 = VERTEX_POINT('',#564);
#564 = CARTESIAN_POINT('',(48.26,1.165,3.));
#565 = CIRCLE('',#566,1.375);
#566 = AXIS2_PLACEMENT_3D('',#567,#568,#569);
#567 = CARTESIAN_POINT('',(48.26,2.54,3.));
#568 = DIRECTION('',(0.,0.,1.));
#569 = DIRECTION('',(1.,0.,-0.));
#570 = ORIENTED_EDGE('',*,*,#571,.F.);
#571 = EDGE_CURVE('',#572,#561,#574,.T.);
#572 = VERTEX_POINT('',#573);
#573 = CARTESIAN_POINT('',(53.34,3.915,3.));
#574 = LINE('',#575,#576);
#575 = CARTESIAN_POINT('',(24.13,3.915,3.));
#576 = VECTOR('',#577,1.);
#577 = DIRECTION('',(-1.,-0.,0.));
#578 = ORIENTED_EDGE('',*,*,#579,.F.);
#579 = EDGE_CURVE('',#580,#572,#582,.T.);
#580 = VERTEX_POINT('',#581);
#581 = CARTESIAN_POINT('',(54.715,2.54,3.));
#582 = CIRCLE('',#583,1.375);
#583 = AXIS2_PLACEMENT_3D('',#584,#585,#586);
#584 = CARTESIAN_POINT('',(53.34,2.54,3.));
#585 = DIRECTION('',(0.,0.,1.));
#586 = DIRECTION('',(1.,0.,-0.));
#587 = ORIENTED_EDGE('',*,*,#588,.F.);
#588 = EDGE_CURVE('',#589,#580,#591,.T.);
#589 = VERTEX_POINT('',#590);
#590 = CARTESIAN_POINT('',(53.34,1.165,3.));
#591 = CIRCLE('',#592,1.375);
#592 = AXIS2_PLACEMENT_3D('',#593,#594,#595);
#593 = CARTESIAN_POINT('',(53.34,2.54,3.));
#594 = DIRECTION('',(0.,0.,1.));
#595 = DIRECTION('',(1.,0.,-0.));
#596 = ORIENTED_EDGE('',*,*,#597,.T.);
#597 = EDGE_CURVE('',#589,#563,#598,.T.);
#598 = LINE('',#599,#600);
#599 = CARTESIAN_POINT('',(24.13,1.165,3.));
#600 = VECTOR('',#601,1.);
#601 = DIRECTION('',(-1.,-0.,0.));
#602 = FACE_BOUND('',#603,.T.);
#603 = EDGE_LOOP('',(#604,#615,#623,#632));
#604 = ORIENTED_EDGE('',*,*,#605,.F.);
#605 = EDGE_CURVE('',#606,#608,#610,.T.);
#606 = VERTEX_POINT('',#607);
#607 = CARTESIAN_POINT('',(59.795,7.62,3.));
#608 = VERTEX_POINT('',#609);
#609 = CARTESIAN_POINT('',(57.045,7.62,3.));
#610 = CIRCLE('',#611,1.375);
#611 = AXIS2_PLACEMENT_3D('',#612,#613,#614);
#612 = CARTESIAN_POINT('',(58.42,7.62,3.));
#613 = DIRECTION('',(0.,0.,1.));
#614 = DIRECTION('',(1.,0.,-0.));
#615 = ORIENTED_EDGE('',*,*,#616,.F.);
#616 = EDGE_CURVE('',#617,#606,#619,.T.);
#617 = VERTEX_POINT('',#618);
#618 = CARTESIAN_POINT('',(59.795,2.54,3.));
#619 = LINE('',#620,#621);
#620 = CARTESIAN_POINT('',(59.795,1.27,3.));
#621 = VECTOR('',#622,1.);
#622 = DIRECTION('',(-0.,1.,0.));
#623 = ORIENTED_EDGE('',*,*,#624,.F.);
#624 = EDGE_CURVE('',#625,#617,#627,.T.);
#625 = VERTEX_POINT('',#626);
#626 = CARTESIAN_POINT('',(57.045,2.54,3.));
#627 = CIRCLE('',#628,1.375);
#628 = AXIS2_PLACEMENT_3D('',#629,#630,#631);
#629 = CARTESIAN_POINT('',(58.42,2.54,3.));
#630 = DIRECTION('',(0.,0.,1.));
#631 = DIRECTION('',(1.,0.,-0.));
#632 = ORIENTED_EDGE('',*,*,#633,.T.);
#633 = EDGE_CURVE('',#625,#608,#634,.T.);
#634 = LINE('',#635,#636);
#635 = CARTESIAN_POINT('',(57.045,1.27,3.));
#636 = VECTOR('',#637,1.);
#637 = DIRECTION('',(-0.,1.,0.));
#638 = FACE_BOUND('',#639,.T.);
#639 = EDGE_LOOP('',(#640));
#640 = ORIENTED_EDGE('',*,*,#641,.F.);
#641 = EDGE_CURVE('',#642,#642,#644,.T.);
#642 = VERTEX_POINT('',#643);
#643 = CARTESIAN_POINT('',(54.715,7.62,3.));
#644 = CIRCLE('',#645,1.375);
#645 = AXIS2_PLACEMENT_3D('',#646,#647,#648);
#646 = CARTESIAN_POINT('',(53.34,7.62,3.));
#647 = DIRECTION('',(0.,0.,1.));
#648 = DIRECTION('',(1.,0.,-0.));
#649 = FACE_BOUND('',#650,.T.);
#650 = EDGE_LOOP('',(#651,#662,#670,#679));
#651 = ORIENTED_EDGE('',*,*,#652,.F.);
#652 = EDGE_CURVE('',#653,#655,#657,.T.);
#653 = VERTEX_POINT('',#654);
#654 = CARTESIAN_POINT('',(34.395,12.7,3.));
#655 = VERTEX_POINT('',#656);
#656 = CARTESIAN_POINT('',(31.645,12.7,3.));
#657 = CIRCLE('',#658,1.375);
#658 = AXIS2_PLACEMENT_3D('',#659,#660,#661);
#659 = CARTESIAN_POINT('',(33.02,12.7,3.));
#660 = DIRECTION('',(0.,0.,1.));
#661 = DIRECTION('',(1.,0.,-0.));
#662 = ORIENTED_EDGE('',*,*,#663,.F.);
#663 = EDGE_CURVE('',#664,#653,#666,.T.);
#664 = VERTEX_POINT('',#665);
#665 = CARTESIAN_POINT('',(34.395,7.62,3.));
#666 = LINE('',#667,#668);
#667 = CARTESIAN_POINT('',(34.395,3.81,3.));
#668 = VECTOR('',#669,1.);
#669 = DIRECTION('',(-0.,1.,0.));
#670 = ORIENTED_EDGE('',*,*,#671,.F.);
#671 = EDGE_CURVE('',#672,#664,#674,.T.);
#672 = VERTEX_POINT('',#673);
#673 = CARTESIAN_POINT('',(31.645,7.62,3.));
#674 = CIRCLE('',#675,1.375);
#675 = AXIS2_PLACEMENT_3D('',#676,#677,#678);
#676 = CARTESIAN_POINT('',(33.02,7.62,3.));
#677 = DIRECTION('',(0.,0.,1.));
#678 = DIRECTION('',(1.,0.,-0.));
#679 = ORIENTED_EDGE('',*,*,#680,.T.);
#680 = EDGE_CURVE('',#672,#655,#681,.T.);
#681 = LINE('',#682,#683);
#682 = CARTESIAN_POINT('',(31.645,3.81,3.));
#683 = VECTOR('',#684,1.);
#684 = DIRECTION('',(-0.,1.,0.));
#685 = FACE_BOUND('',#686,.T.);
#686 = EDGE_LOOP('',(#687,#698,#706,#715,#724));
#687 = ORIENTED_EDGE('',*,*,#688,.F.);
#688 = EDGE_CURVE('',#689,#691,#693,.T.);
#689 = VERTEX_POINT('',#690);
#690 = CARTESIAN_POINT('',(38.1,14.075,3.));
#691 = VERTEX_POINT('',#692);
#692 = CARTESIAN_POINT('',(38.1,11.325,3.));
#693 = CIRCLE('',#694,1.375);
#694 = AXIS2_PLACEMENT_3D('',#695,#696,#697);
#695 = CARTESIAN_POINT('',(38.1,12.7,3.));
#696 = DIRECTION('',(0.,0.,1.));
#697 = DIRECTION('',(1.,0.,-0.));
#698 = ORIENTED_EDGE('',*,*,#699,.F.);
#699 = EDGE_CURVE('',#700,#689,#702,.T.);
#700 = VERTEX_POINT('',#701);
#701 = CARTESIAN_POINT('',(43.18,14.075,3.));
#702 = LINE('',#703,#704);
#703 = CARTESIAN_POINT('',(19.05,14.075,3.));
#704 = VECTOR('',#705,1.);
#705 = DIRECTION('',(-1.,-0.,0.));
#706 = ORIENTED_EDGE('',*,*,#707,.F.);
#707 = EDGE_CURVE('',#708,#700,#710,.T.);
#708 = VERTEX_POINT('',#709);
#709 = CARTESIAN_POINT('',(44.555,12.7,3.));
#710 = CIRCLE('',#711,1.375);
#711 = AXIS2_PLACEMENT_3D('',#712,#713,#714);
#712 = CARTESIAN_POINT('',(43.18,12.7,3.));
#713 = DIRECTION('',(0.,0.,1.));
#714 = DIRECTION('',(1.,0.,-0.));
#715 = ORIENTED_EDGE('',*,*,#716,.F.);
#716 = EDGE_CURVE('',#717,#708,#719,.T.);
#717 = VERTEX_POINT('',#718);
#718 = CARTESIAN_POINT('',(43.18,11.325,3.));
#719 = CIRCLE('',#720,1.375);
#720 = AXIS2_PLACEMENT_3D('',#721,#722,#723);
#721 = CARTESIAN_POINT('',(43.18,12.7,3.));
#722 = DIRECTION('',(0.,0.,1.));
#723 = DIRECTION('',(1.,0.,-0.));
#724 = ORIENTED_EDGE('',*,*,#725,.T.);
#725 = EDGE_CURVE('',#717,#691,#726,.T.);
#726 = LINE('',#727,#728);
#727 = CARTESIAN_POINT('',(19.05,11.325,3.));
#728 = VECTOR('',#729,1.);
#729 = DIRECTION('',(-1.,-0.,0.));
#730 = FACE_BOUND('',#731,.T.);
#731 = EDGE_LOOP('',(#732,#743,#751,#760));
#732 = ORIENTED_EDGE('',*,*,#733,.F.);
#733 = EDGE_CURVE('',#734,#736,#738,.T.);
#734 = VERTEX_POINT('',#735);
#735 = CARTESIAN_POINT('',(49.635,12.7,3.));
#736 = VERTEX_POINT('',#737);
#737 = CARTESIAN_POINT('',(46.885,12.7,3.));
#738 = CIRCLE('',#739,1.375);
#739 = AXIS2_PLACEMENT_3D('',#740,#741,#742);
#740 = CARTESIAN_POINT('',(48.26,12.7,3.));
#741 = DIRECTION('',(0.,0.,1.));
#742 = DIRECTION('',(1.,0.,-0.));
#743 = ORIENTED_EDGE('',*,*,#744,.F.);
#744 = EDGE_CURVE('',#745,#734,#747,.T.);
#745 = VERTEX_POINT('',#746);
#746 = CARTESIAN_POINT('',(49.635,7.62,3.));
#747 = LINE('',#748,#749);
#748 = CARTESIAN_POINT('',(49.635,3.81,3.));
#749 = VECTOR('',#750,1.);
#750 = DIRECTION('',(-0.,1.,0.));
#751 = ORIENTED_EDGE('',*,*,#752,.F.);
#752 = EDGE_CURVE('',#753,#745,#755,.T.);
#753 = VERTEX_POINT('',#754);
#754 = CARTESIAN_POINT('',(46.885,7.62,3.));
#755 = CIRCLE('',#756,1.375);
#756 = AXIS2_PLACEMENT_3D('',#757,#758,#759);
#757 = CARTESIAN_POINT('',(48.26,7.62,3.));
#758 = DIRECTION('',(0.,0.,1.));
#759 = DIRECTION('',(1.,0.,-0.));
#760 = ORIENTED_EDGE('',*,*,#761,.T.);
#761 = EDGE_CURVE('',#753,#736,#762,.T.);
#762 = LINE('',#763,#764);
#763 = CARTESIAN_POINT('',(46.885,3.81,3.));
#764 = VECTOR('',#765,1.);
#765 = DIRECTION('',(-0.,1.,0.));
#766 = FACE_BOUND('',#767,.T.);
#767 = EDGE_LOOP('',(#768,#779,#787,#796,#805));
#768 = ORIENTED_EDGE('',*,*,#769,.F.);
#769 = EDGE_CURVE('',#770,#772,#774,.T.);
#770 = VERTEX_POINT('',#771);
#771 = CARTESIAN_POINT('',(53.34,14.075,3.));
#772 = VERTEX_POINT('',#773);
#773 = CARTESIAN_POINT('',(53.34,11.325,3.));
#774 = CIRCLE('',#775,1.375);
#775 = AXIS2_PLACEMENT_3D('',#776,#777,#778);
#776 = CARTESIAN_POINT('',(53.34,12.7,3.));
#777 = DIRECTION('',(0.,0.,1.));
#778 = DIRECTION('',(1.,0.,-0.));
#779 = ORIENTED_EDGE('',*,*,#780,.F.);
#780 = EDGE_CURVE('',#781,#770,#783,.T.);
#781 = VERTEX_POINT('',#782);
#782 = CARTESIAN_POINT('',(58.42,14.075,3.));
#783 = LINE('',#784,#785);
#784 = CARTESIAN_POINT('',(26.67,14.075,3.));
#785 = VECTOR('',#786,1.);
#786 = DIRECTION('',(-1.,-0.,0.));
#787 = ORIENTED_EDGE('',*,*,#788,.F.);
#788 = EDGE_CURVE('',#789,#781,#791,.T.);
#789 = VERTEX_POINT('',#790);
#790 = CARTESIAN_POINT('',(59.795,12.7,3.));
#791 = CIRCLE('',#792,1.375);
#792 = AXIS2_PLACEMENT_3D('',#793,#794,#795);
#793 = CARTESIAN_POINT('',(58.42,12.7,3.));
#794 = DIRECTION('',(0.,0.,1.));
#795 = DIRECTION('',(1.,0.,-0.));
#796 = ORIENTED_EDGE('',*,*,#797,.F.);
#797 = EDGE_CURVE('',#798,#789,#800,.T.);
#798 = VERTEX_POINT('',#799);
#799 = CARTESIAN_POINT('',(58.42,11.325,3.));
#800 = CIRCLE('',#801,1.375);
#801 = AXIS2_PLACEMENT_3D('',#802,#803,#804);
#802 = CARTESIAN_POINT('',(58.42,12.7,3.));
#803 = DIRECTION('',(0.,0.,1.));
#804 = DIRECTION('',(1.,0.,-0.));
#805 = ORIENTED_EDGE('',*,*,#806,.T.);
#806 = EDGE_CURVE('',#798,#772,#807,.T.);
#807 = LINE('',#808,#809);
#808 = CARTESIAN_POINT('',(26.67,11.325,3.));
#809 = VECTOR('',#810,1.);
#810 = DIRECTION('',(-1.,-0.,0.));
#811 = FACE_BOUND('',#812,.T.);
#812 = EDGE_LOOP('',(#813,#824,#832,#841,#850));
#813 = ORIENTED_EDGE('',*,*,#814,.F.);
#814 = EDGE_CURVE('',#815,#817,#819,.T.);
#815 = VERTEX_POINT('',#816);
#816 = CARTESIAN_POINT('',(2.54,19.155,3.));
#817 = VERTEX_POINT('',#818);
#818 = CARTESIAN_POINT('',(2.54,16.405,3.));
#819 = CIRCLE('',#820,1.375);
#820 = AXIS2_PLACEMENT_3D('',#821,#822,#823);
#821 = CARTESIAN_POINT('',(2.54,17.78,3.));
#822 = DIRECTION('',(0.,0.,1.));
#823 = DIRECTION('',(1.,0.,-0.));
#824 = ORIENTED_EDGE('',*,*,#825,.F.);
#825 = EDGE_CURVE('',#826,#815,#828,.T.);
#826 = VERTEX_POINT('',#827);
#827 = CARTESIAN_POINT('',(7.62,19.155,3.));
#828 = LINE('',#829,#830);
#829 = CARTESIAN_POINT('',(1.27,19.155,3.));
#830 = VECTOR('',#831,1.);
#831 = DIRECTION('',(-1.,-0.,0.));
#832 = ORIENTED_EDGE('',*,*,#833,.F.);
#833 = EDGE_CURVE('',#834,#826,#836,.T.);
#834 = VERTEX_POINT('',#835);
#835 = CARTESIAN_POINT('',(8.995,17.78,3.));
#836 = CIRCLE('',#837,1.375);
#837 = AXIS2_PLACEMENT_3D('',#838,#839,#840);
#838 = CARTESIAN_POINT('',(7.62,17.78,3.));
#839 = DIRECTION('',(0.,0.,1.));
#840 = DIRECTION('',(1.,0.,-0.));
#841 = ORIENTED_EDGE('',*,*,#842,.F.);
#842 = EDGE_CURVE('',#843,#834,#845,.T.);
#843 = VERTEX_POINT('',#844);
#844 = CARTESIAN_POINT('',(7.62,16.405,3.));
#845 = CIRCLE('',#846,1.375);
#846 = AXIS2_PLACEMENT_3D('',#847,#848,#849);
#847 = CARTESIAN_POINT('',(7.62,17.78,3.));
#848 = DIRECTION('',(0.,0.,1.));
#849 = DIRECTION('',(1.,0.,-0.));
#850 = ORIENTED_EDGE('',*,*,#851,.T.);
#851 = EDGE_CURVE('',#843,#817,#852,.T.);
#852 = LINE('',#853,#854);
#853 = CARTESIAN_POINT('',(1.27,16.405,3.));
#854 = VECTOR('',#855,1.);
#855 = DIRECTION('',(-1.,-0.,0.));
#856 = FACE_BOUND('',#857,.T.);
#857 = EDGE_LOOP('',(#858,#869,#877,#886));
#858 = ORIENTED_EDGE('',*,*,#859,.F.);
#859 = EDGE_CURVE('',#860,#862,#864,.T.);
#860 = VERTEX_POINT('',#861);
#861 = CARTESIAN_POINT('',(14.075,22.86,3.));
#862 = VERTEX_POINT('',#863);
#863 = CARTESIAN_POINT('',(11.325,22.86,3.));
#864 = CIRCLE('',#865,1.375);
#865 = AXIS2_PLACEMENT_3D('',#866,#867,#868);
#866 = CARTESIAN_POINT('',(12.7,22.86,3.));
#867 = DIRECTION('',(0.,0.,1.));
#868 = DIRECTION('',(1.,0.,-0.));
#869 = ORIENTED_EDGE('',*,*,#870,.F.);
#870 = EDGE_CURVE('',#871,#860,#873,.T.);
#871 = VERTEX_POINT('',#872);
#872 = CARTESIAN_POINT('',(14.075,17.78,3.));
#873 = LINE('',#874,#875);
#874 = CARTESIAN_POINT('',(14.075,8.89,3.));
#875 = VECTOR('',#876,1.);
#876 = DIRECTION('',(-0.,1.,0.));
#877 = ORIENTED_EDGE('',*,*,#878,.F.);
#878 = EDGE_CURVE('',#879,#871,#881,.T.);
#879 = VERTEX_POINT('',#880);
#880 = CARTESIAN_POINT('',(11.325,17.78,3.));
#881 = CIRCLE('',#882,1.375);
#882 = AXIS2_PLACEMENT_3D('',#883,#884,#885);
#883 = CARTESIAN_POINT('',(12.7,17.78,3.));
#884 = DIRECTION('',(0.,0.,1.));
#885 = DIRECTION('',(1.,0.,-0.));
#886 = ORIENTED_EDGE('',*,*,#887,.T.);
#887 = EDGE_CURVE('',#879,#862,#888,.T.);
#888 = LINE('',#889,#890);
#889 = CARTESIAN_POINT('',(11.325,8.89,3.));
#890 = VECTOR('',#891,1.);
#891 = DIRECTION('',(-0.,1.,0.));
#892 = FACE_BOUND('',#893,.T.);
#893 = EDGE_LOOP('',(#894,#905,#913,#922,#931));
#894 = ORIENTED_EDGE('',*,*,#895,.F.);
#895 = EDGE_CURVE('',#896,#898,#900,.T.);
#896 = VERTEX_POINT('',#897);
#897 = CARTESIAN_POINT('',(17.78,19.155,3.));
#898 = VERTEX_POINT('',#899);
#899 = CARTESIAN_POINT('',(17.78,16.405,3.));
#900 = CIRCLE('',#901,1.375);
#901 = AXIS2_PLACEMENT_3D('',#902,#903,#904);
#902 = CARTESIAN_POINT('',(17.78,17.78,3.));
#903 = DIRECTION('',(0.,0.,1.));
#904 = DIRECTION('',(1.,0.,-0.));
#905 = ORIENTED_EDGE('',*,*,#906,.F.);
#906 = EDGE_CURVE('',#907,#896,#909,.T.);
#907 = VERTEX_POINT('',#908);
#908 = CARTESIAN_POINT('',(22.86,19.155,3.));
#909 = LINE('',#910,#911);
#910 = CARTESIAN_POINT('',(8.89,19.155,3.));
#911 = VECTOR('',#912,1.);
#912 = DIRECTION('',(-1.,-0.,0.));
#913 = ORIENTED_EDGE('',*,*,#914,.F.);
#914 = EDGE_CURVE('',#915,#907,#917,.T.);
#915 = VERTEX_POINT('',#916);
#916 = CARTESIAN_POINT('',(24.235,17.78,3.));
#917 = CIRCLE('',#918,1.375);
#918 = AXIS2_PLACEMENT_3D('',#919,#920,#921);
#919 = CARTESIAN_POINT('',(22.86,17.78,3.));
#920 = DIRECTION('',(0.,0.,1.));
#921 = DIRECTION('',(1.,0.,-0.));
#922 = ORIENTED_EDGE('',*,*,#923,.F.);
#923 = EDGE_CURVE('',#924,#915,#926,.T.);
#924 = VERTEX_POINT('',#925);
#925 = CARTESIAN_POINT('',(22.86,16.405,3.));
#926 = CIRCLE('',#927,1.375);
#927 = AXIS2_PLACEMENT_3D('',#928,#929,#930);
#928 = CARTESIAN_POINT('',(22.86,17.78,3.));
#929 = DIRECTION('',(0.,0.,1.));
#930 = DIRECTION('',(1.,0.,-0.));
#931 = ORIENTED_EDGE('',*,*,#932,.T.);
#932 = EDGE_CURVE('',#924,#898,#933,.T.);
#933 = LINE('',#934,#935);
#934 = CARTESIAN_POINT('',(8.89,16.405,3.));
#935 = VECTOR('',#936,1.);
#936 = DIRECTION('',(-1.,-0.,0.));
#937 = FACE_BOUND('',#938,.T.);
#938 = EDGE_LOOP('',(#939,#950,#958,#967));
#939 = ORIENTED_EDGE('',*,*,#940,.F.);
#940 = EDGE_CURVE('',#941,#943,#945,.T.);
#941 = VERTEX_POINT('',#942);
#942 = CARTESIAN_POINT('',(29.315,22.86,3.));
#943 = VERTEX_POINT('',#944);
#944 = CARTESIAN_POINT('',(26.565,22.86,3.));
#945 = CIRCLE('',#946,1.375);
#946 = AXIS2_PLACEMENT_3D('',#947,#948,#949);
#947 = CARTESIAN_POINT('',(27.94,22.86,3.));
#948 = DIRECTION('',(0.,0.,1.));
#949 = DIRECTION('',(1.,0.,-0.));
#950 = ORIENTED_EDGE('',*,*,#951,.F.);
#951 = EDGE_CURVE('',#952,#941,#954,.T.);
#952 = VERTEX_POINT('',#953);
#953 = CARTESIAN_POINT('',(29.315,17.78,3.));
#954 = LINE('',#955,#956);
#955 = CARTESIAN_POINT('',(29.315,8.89,3.));
#956 = VECTOR('',#957,1.);
#957 = DIRECTION('',(-0.,1.,0.));
#958 = ORIENTED_EDGE('',*,*,#959,.F.);
#959 = EDGE_CURVE('',#960,#952,#962,.T.);
#960 = VERTEX_POINT('',#961);
#961 = CARTESIAN_POINT('',(26.565,17.78,3.));
#962 = CIRCLE('',#963,1.375);
#963 = AXIS2_PLACEMENT_3D('',#964,#965,#966);
#964 = CARTESIAN_POINT('',(27.94,17.78,3.));
#965 = DIRECTION('',(0.,0.,1.));
#966 = DIRECTION('',(1.,0.,-0.));
#967 = ORIENTED_EDGE('',*,*,#968,.T.);
#968 = EDGE_CURVE('',#960,#943,#969,.T.);
#969 = LINE('',#970,#971);
#970 = CARTESIAN_POINT('',(26.565,8.89,3.));
#971 = VECTOR('',#972,1.);
#972 = DIRECTION('',(-0.,1.,0.));
#973 = FACE_BOUND('',#974,.T.);
#974 = EDGE_LOOP('',(#975));
#975 = ORIENTED_EDGE('',*,*,#976,.F.);
#976 = EDGE_CURVE('',#977,#977,#979,.T.);
#977 = VERTEX_POINT('',#978);
#978 = CARTESIAN_POINT('',(8.995,22.86,3.));
#979 = CIRCLE('',#980,1.375);
#980 = AXIS2_PLACEMENT_3D('',#981,#982,#983);
#981 = CARTESIAN_POINT('',(7.62,22.86,3.));
#982 = DIRECTION('',(0.,0.,1.));
#983 = DIRECTION('',(1.,0.,-0.));
#984 = FACE_BOUND('',#985,.T.);
#985 = EDGE_LOOP('',(#986,#997,#1005,#1014));
#986 = ORIENTED_EDGE('',*,*,#987,.F.);
#987 = EDGE_CURVE('',#988,#990,#992,.T.);
#988 = VERTEX_POINT('',#989);
#989 = CARTESIAN_POINT('',(3.915,27.94,3.));
#990 = VERTEX_POINT('',#991);
#991 = CARTESIAN_POINT('',(1.165,27.94,3.));
#992 = CIRCLE('',#993,1.375);
#993 = AXIS2_PLACEMENT_3D('',#994,#995,#996);
#994 = CARTESIAN_POINT('',(2.54,27.94,3.));
#995 = DIRECTION('',(0.,0.,1.));
#996 = DIRECTION('',(1.,0.,-0.));
#997 = ORIENTED_EDGE('',*,*,#998,.F.);
#998 = EDGE_CURVE('',#999,#988,#1001,.T.);
#999 = VERTEX_POINT('',#1000);
#1000 = CARTESIAN_POINT('',(3.915,22.86,3.));
#1001 = LINE('',#1002,#1003);
#1002 = CARTESIAN_POINT('',(3.915,11.43,3.));
#1003 = VECTOR('',#1004,1.);
#1004 = DIRECTION('',(-0.,1.,0.));
#1005 = ORIENTED_EDGE('',*,*,#1006,.F.);
#1006 = EDGE_CURVE('',#1007,#999,#1009,.T.);
#1007 = VERTEX_POINT('',#1008);
#1008 = CARTESIAN_POINT('',(1.165,22.86,3.));
#1009 = CIRCLE('',#1010,1.375);
#1010 = AXIS2_PLACEMENT_3D('',#1011,#1012,#1013);
#1011 = CARTESIAN_POINT('',(2.54,22.86,3.));
#1012 = DIRECTION('',(0.,0.,1.));
#1013 = DIRECTION('',(1.,0.,-0.));
#1014 = ORIENTED_EDGE('',*,*,#1015,.T.);
#1015 = EDGE_CURVE('',#1007,#990,#1016,.T.);
#1016 = LINE('',#1017,#1018);
#1017 = CARTESIAN_POINT('',(1.165,11.43,3.));
#1018 = VECTOR('',#1019,1.);
#1019 = DIRECTION('',(-0.,1.,0.));
#1020 = FACE_BOUND('',#1021,.T.);
#1021 = EDGE_LOOP('',(#1022,#1033,#1041,#1050,#1059));
#1022 = ORIENTED_EDGE('',*,*,#1023,.F.);
#1023 = EDGE_CURVE('',#1024,#1026,#1028,.T.);
#1024 = VERTEX_POINT('',#1025);
#1025 = CARTESIAN_POINT('',(7.62,29.315,3.));
#1026 = VERTEX_POINT('',#1027);
#1027 = CARTESIAN_POINT('',(7.62,26.565,3.));
#1028 = CIRCLE('',#1029,1.375);
#1029 = AXIS2_PLACEMENT_3D('',#1030,#1031,#1032);
#1030 = CARTESIAN_POINT('',(7.62,27.94,3.));
#1031 = DIRECTION('',(0.,0.,1.));
#1032 = DIRECTION('',(1.,0.,-0.));
#1033 = ORIENTED_EDGE('',*,*,#1034,.F.);
#1034 = EDGE_CURVE('',#1035,#1024,#1037,.T.);
#1035 = VERTEX_POINT('',#1036);
#1036 = CARTESIAN_POINT('',(12.7,29.315,3.));
#1037 = LINE('',#1038,#1039);
#1038 = CARTESIAN_POINT('',(3.81,29.315,3.));
#1039 = VECTOR('',#1040,1.);
#1040 = DIRECTION('',(-1.,-0.,0.));
#1041 = ORIENTED_EDGE('',*,*,#1042,.F.);
#1042 = EDGE_CURVE('',#1043,#1035,#1045,.T.);
#1043 = VERTEX_POINT('',#1044);
#1044 = CARTESIAN_POINT('',(14.075,27.94,3.));
#1045 = CIRCLE('',#1046,1.375);
#1046 = AXIS2_PLACEMENT_3D('',#1047,#1048,#1049);
#1047 = CARTESIAN_POINT('',(12.7,27.94,3.));
#1048 = DIRECTION('',(0.,0.,1.));
#1049 = DIRECTION('',(1.,0.,-0.));
#1050 = ORIENTED_EDGE('',*,*,#1051,.F.);
#1051 = EDGE_CURVE('',#1052,#1043,#1054,.T.);
#1052 = VERTEX_POINT('',#1053);
#1053 = CARTESIAN_POINT('',(12.7,26.565,3.));
#1054 = CIRCLE('',#1055,1.375);
#1055 = AXIS2_PLACEMENT_3D('',#1056,#1057,#1058);
#1056 = CARTESIAN_POINT('',(12.7,27.94,3.));
#1057 = DIRECTION('',(0.,0.,1.));
#1058 = DIRECTION('',(1.,0.,-0.));
#1059 = ORIENTED_EDGE('',*,*,#1060,.T.);
#1060 = EDGE_CURVE('',#1052,#1026,#1061,.T.);
#1061 = LINE('',#1062,#1063);
#1062 = CARTESIAN_POINT('',(3.81,26.565,3.));
#1063 = VECTOR('',#1064,1.);
#1064 = DIRECTION('',(-1.,-0.,0.));
#1065 = FACE_BOUND('',#1066,.T.);
#1066 = EDGE_LOOP('',(#1067));
#1067 = ORIENTED_EDGE('',*,*,#1068,.F.);
#1068 = EDGE_CURVE('',#1069,#1069,#1071,.T.);
#1069 = VERTEX_POINT('',#1070);
#1070 = CARTESIAN_POINT('',(24.235,22.86,3.));
#1071 = CIRCLE('',#1072,1.375);
#1072 = AXIS2_PLACEMENT_3D('',#1073,#1074,#1075);
#1073 = CARTESIAN_POINT('',(22.86,22.86,3.));
#1074 = DIRECTION('',(0.,0.,1.));
#1075 = DIRECTION('',(1.,0.,-0.));
#1076 = FACE_BOUND('',#1077,.T.);
#1077 = EDGE_LOOP('',(#1078,#1089,#1097,#1106));
#1078 = ORIENTED_EDGE('',*,*,#1079,.F.);
#1079 = EDGE_CURVE('',#1080,#1082,#1084,.T.);
#1080 = VERTEX_POINT('',#1081);
#1081 = CARTESIAN_POINT('',(19.155,27.94,3.));
#1082 = VERTEX_POINT('',#1083);
#1083 = CARTESIAN_POINT('',(16.405,27.94,3.));
#1084 = CIRCLE('',#1085,1.375);
#1085 = AXIS2_PLACEMENT_3D('',#1086,#1087,#1088);
#1086 = CARTESIAN_POINT('',(17.78,27.94,3.));
#1087 = DIRECTION('',(0.,0.,1.));
#1088 = DIRECTION('',(1.,0.,-0.));
#1089 = ORIENTED_EDGE('',*,*,#1090,.F.);
#1090 = EDGE_CURVE('',#1091,#1080,#1093,.T.);
#1091 = VERTEX_POINT('',#1092);
#1092 = CARTESIAN_POINT('',(19.155,22.86,3.));
#1093 = LINE('',#1094,#1095);
#1094 = CARTESIAN_POINT('',(19.155,11.43,3.));
#1095 = VECTOR('',#1096,1.);
#1096 = DIRECTION('',(-0.,1.,0.));
#1097 = ORIENTED_EDGE('',*,*,#1098,.F.);
#1098 = EDGE_CURVE('',#1099,#1091,#1101,.T.);
#1099 = VERTEX_POINT('',#1100);
#1100 = CARTESIAN_POINT('',(16.405,22.86,3.));
#1101 = CIRCLE('',#1102,1.375);
#1102 = AXIS2_PLACEMENT_3D('',#1103,#1104,#1105);
#1103 = CARTESIAN_POINT('',(17.78,22.86,3.));
#1104 = DIRECTION('',(0.,0.,1.));
#1105 = DIRECTION('',(1.,0.,-0.));
#1106 = ORIENTED_EDGE('',*,*,#1107,.T.);
#1107 = EDGE_CURVE('',#1099,#1082,#1108,.T.);
#1108 = LINE('',#1109,#1110);
#1109 = CARTESIAN_POINT('',(16.405,11.43,3.));
#1110 = VECTOR('',#1111,1.);
#1111 = DIRECTION('',(-0.,1.,0.));
#1112 = FACE_BOUND('',#1113,.T.);
#1113 = EDGE_LOOP('',(#1114,#1125,#1133,#1142,#1151));
#1114 = ORIENTED_EDGE('',*,*,#1115,.F.);
#1115 = EDGE_CURVE('',#1116,#1118,#1120,.T.);
#1116 = VERTEX_POINT('',#1117);
#1117 = CARTESIAN_POINT('',(22.86,29.315,3.));
#1118 = VERTEX_POINT('',#1119);
#1119 = CARTESIAN_POINT('',(22.86,26.565,3.));
#1120 = CIRCLE('',#1121,1.375);
#1121 = AXIS2_PLACEMENT_3D('',#1122,#1123,#1124);
#1122 = CARTESIAN_POINT('',(22.86,27.94,3.));
#1123 = DIRECTION('',(0.,0.,1.));
#1124 = DIRECTION('',(1.,0.,-0.));
#1125 = ORIENTED_EDGE('',*,*,#1126,.F.);
#1126 = EDGE_CURVE('',#1127,#1116,#1129,.T.);
#1127 = VERTEX_POINT('',#1128);
#1128 = CARTESIAN_POINT('',(27.94,29.315,3.));
#1129 = LINE('',#1130,#1131);
#1130 = CARTESIAN_POINT('',(11.43,29.315,3.));
#1131 = VECTOR('',#1132,1.);
#1132 = DIRECTION('',(-1.,-0.,0.));
#1133 = ORIENTED_EDGE('',*,*,#1134,.F.);
#1134 = EDGE_CURVE('',#1135,#1127,#1137,.T.);
#1135 = VERTEX_POINT('',#1136);
#1136 = CARTESIAN_POINT('',(29.315,27.94,3.));
#1137 = CIRCLE('',#1138,1.375);
#1138 = AXIS2_PLACEMENT_3D('',#1139,#1140,#1141);
#1139 = CARTESIAN_POINT('',(27.94,27.94,3.));
#1140 = DIRECTION('',(0.,0.,1.));
#1141 = DIRECTION('',(1.,0.,-0.));
#1142 = ORIENTED_EDGE('',*,*,#1143,.F.);
#1143 = EDGE_CURVE('',#1144,#1135,#1146,.T.);
#1144 = VERTEX_POINT('',#1145);
#1145 = CARTESIAN_POINT('',(27.94,26.565,3.));
#1146 = CIRCLE('',#1147,1.375);
#1147 = AXIS2_PLACEMENT_3D('',#1148,#1149,#1150);
#1148 = CARTESIAN_POINT('',(27.94,27.94,3.));
#1149 = DIRECTION('',(0.,0.,1.));
#1150 = DIRECTION('',(1.,0.,-0.));
#1151 = ORIENTED_EDGE('',*,*,#1152,.T.);
#1152 = EDGE_CURVE('',#1144,#1118,#1153,.T.);
#1153 = LINE('',#1154,#1155);
#1154 = CARTESIAN_POINT('',(11.43,26.565,3.));
#1155 = VECTOR('',#1156,1.);
#1156 = DIRECTION('',(-1.,-0.,0.));
#1157 = FACE_BOUND('',#1158,.T.);
#1158 = EDGE_LOOP('',(#1159,#1170,#1178,#1187,#1196));
#1159 = ORIENTED_EDGE('',*,*,#1160,.F.);
#1160 = EDGE_CURVE('',#1161,#1163,#1165,.T.);
#1161 = VERTEX_POINT('',#1162);
#1162 = CARTESIAN_POINT('',(33.02,19.155,3.));
#1163 = VERTEX_POINT('',#1164);
#1164 = CARTESIAN_POINT('',(33.02,16.405,3.));
#1165 = CIRCLE('',#1166,1.375);
#1166 = AXIS2_PLACEMENT_3D('',#1167,#1168,#1169);
#1167 = CARTESIAN_POINT('',(33.02,17.78,3.));
#1168 = DIRECTION('',(0.,0.,1.));
#1169 = DIRECTION('',(1.,0.,-0.));
#1170 = ORIENTED_EDGE('',*,*,#1171,.F.);
#1171 = EDGE_CURVE('',#1172,#1161,#1174,.T.);
#1172 = VERTEX_POINT('',#1173);
#1173 = CARTESIAN_POINT('',(38.1,19.155,3.));
#1174 = LINE('',#1175,#1176);
#1175 = CARTESIAN_POINT('',(16.51,19.155,3.));
#1176 = VECTOR('',#1177,1.);
#1177 = DIRECTION('',(-1.,-0.,0.));
#1178 = ORIENTED_EDGE('',*,*,#1179,.F.);
#1179 = EDGE_CURVE('',#1180,#1172,#1182,.T.);
#1180 = VERTEX_POINT('',#1181);
#1181 = CARTESIAN_POINT('',(39.475,17.78,3.));
#1182 = CIRCLE('',#1183,1.375);
#1183 = AXIS2_PLACEMENT_3D('',#1184,#1185,#1186);
#1184 = CARTESIAN_POINT('',(38.1,17.78,3.));
#1185 = DIRECTION('',(0.,0.,1.));
#1186 = DIRECTION('',(1.,0.,-0.));
#1187 = ORIENTED_EDGE('',*,*,#1188,.F.);
#1188 = EDGE_CURVE('',#1189,#1180,#1191,.T.);
#1189 = VERTEX_POINT('',#1190);
#1190 = CARTESIAN_POINT('',(38.1,16.405,3.));
#1191 = CIRCLE('',#1192,1.375);
#1192 = AXIS2_PLACEMENT_3D('',#1193,#1194,#1195);
#1193 = CARTESIAN_POINT('',(38.1,17.78,3.));
#1194 = DIRECTION('',(0.,0.,1.));
#1195 = DIRECTION('',(1.,0.,-0.));
#1196 = ORIENTED_EDGE('',*,*,#1197,.T.);
#1197 = EDGE_CURVE('',#1189,#1163,#1198,.T.);
#1198 = LINE('',#1199,#1200);
#1199 = CARTESIAN_POINT('',(16.51,16.405,3.));
#1200 = VECTOR('',#1201,1.);
#1201 = DIRECTION('',(-1.,-0.,0.));
#1202 = FACE_BOUND('',#1203,.T.);
#1203 = EDGE_LOOP('',(#1204,#1215,#1223,#1232));
#1204 = ORIENTED_EDGE('',*,*,#1205,.F.);
#1205 = EDGE_CURVE('',#1206,#1208,#1210,.T.);
#1206 = VERTEX_POINT('',#1207);
#1207 = CARTESIAN_POINT('',(44.555,22.86,3.));
#1208 = VERTEX_POINT('',#1209);
#1209 = CARTESIAN_POINT('',(41.805,22.86,3.));
#1210 = CIRCLE('',#1211,1.375);
#1211 = AXIS2_PLACEMENT_3D('',#1212,#1213,#1214);
#1212 = CARTESIAN_POINT('',(43.18,22.86,3.));
#1213 = DIRECTION('',(0.,0.,1.));
#1214 = DIRECTION('',(1.,0.,-0.));
#1215 = ORIENTED_EDGE('',*,*,#1216,.F.);
#1216 = EDGE_CURVE('',#1217,#1206,#1219,.T.);
#1217 = VERTEX_POINT('',#1218);
#1218 = CARTESIAN_POINT('',(44.555,17.78,3.));
#1219 = LINE('',#1220,#1221);
#1220 = CARTESIAN_POINT('',(44.555,8.89,3.));
#1221 = VECTOR('',#1222,1.);
#1222 = DIRECTION('',(-0.,1.,0.));
#1223 = ORIENTED_EDGE('',*,*,#1224,.F.);
#1224 = EDGE_CURVE('',#1225,#1217,#1227,.T.);
#1225 = VERTEX_POINT('',#1226);
#1226 = CARTESIAN_POINT('',(41.805,17.78,3.));
#1227 = CIRCLE('',#1228,1.375);
#1228 = AXIS2_PLACEMENT_3D('',#1229,#1230,#1231);
#1229 = CARTESIAN_POINT('',(43.18,17.78,3.));
#1230 = DIRECTION('',(0.,0.,1.));
#1231 = DIRECTION('',(1.,0.,-0.));
#1232 = ORIENTED_EDGE('',*,*,#1233,.T.);
#1233 = EDGE_CURVE('',#1225,#1208,#1234,.T.);
#1234 = LINE('',#1235,#1236);
#1235 = CARTESIAN_POINT('',(41.805,8.89,3.));
#1236 = VECTOR('',#1237,1.);
#1237 = DIRECTION('',(-0.,1.,0.));
#1238 = FACE_BOUND('',#1239,.T.);
#1239 = EDGE_LOOP('',(#1240,#1251,#1259,#1268,#1277));
#1240 = ORIENTED_EDGE('',*,*,#1241,.F.);
#1241 = EDGE_CURVE('',#1242,#1244,#1246,.T.);
#1242 = VERTEX_POINT('',#1243);
#1243 = CARTESIAN_POINT('',(48.26,19.155,3.));
#1244 = VERTEX_POINT('',#1245);
#1245 = CARTESIAN_POINT('',(48.26,16.405,3.));
#1246 = CIRCLE('',#1247,1.375);
#1247 = AXIS2_PLACEMENT_3D('',#1248,#1249,#1250);
#1248 = CARTESIAN_POINT('',(48.26,17.78,3.));
#1249 = DIRECTION('',(0.,0.,1.));
#1250 = DIRECTION('',(1.,0.,-0.));
#1251 = ORIENTED_EDGE('',*,*,#1252,.F.);
#1252 = EDGE_CURVE('',#1253,#1242,#1255,.T.);
#1253 = VERTEX_POINT('',#1254);
#1254 = CARTESIAN_POINT('',(53.34,19.155,3.));
#1255 = LINE('',#1256,#1257);
#1256 = CARTESIAN_POINT('',(24.13,19.155,3.));
#1257 = VECTOR('',#1258,1.);
#1258 = DIRECTION('',(-1.,-0.,0.));
#1259 = ORIENTED_EDGE('',*,*,#1260,.F.);
#1260 = EDGE_CURVE('',#1261,#1253,#1263,.T.);
#1261 = VERTEX_POINT('',#1262);
#1262 = CARTESIAN_POINT('',(54.715,17.78,3.));
#1263 = CIRCLE('',#1264,1.375);
#1264 = AXIS2_PLACEMENT_3D('',#1265,#1266,#1267);
#1265 = CARTESIAN_POINT('',(53.34,17.78,3.));
#1266 = DIRECTION('',(0.,0.,1.));
#1267 = DIRECTION('',(1.,0.,-0.));
#1268 = ORIENTED_EDGE('',*,*,#1269,.F.);
#1269 = EDGE_CURVE('',#1270,#1261,#1272,.T.);
#1270 = VERTEX_POINT('',#1271);
#1271 = CARTESIAN_POINT('',(53.34,16.405,3.));
#1272 = CIRCLE('',#1273,1.375);
#1273 = AXIS2_PLACEMENT_3D('',#1274,#1275,#1276);
#1274 = CARTESIAN_POINT('',(53.34,17.78,3.));
#1275 = DIRECTION('',(0.,0.,1.));
#1276 = DIRECTION('',(1.,0.,-0.));
#1277 = ORIENTED_EDGE('',*,*,#1278,.T.);
#1278 = EDGE_CURVE('',#1270,#1244,#1279,.T.);
#1279 = LINE('',#1280,#1281);
#1280 = CARTESIAN_POINT('',(24.13,16.405,3.));
#1281 = VECTOR('',#1282,1.);
#1282 = DIRECTION('',(-1.,-0.,0.));
#1283 = FACE_BOUND('',#1284,.T.);
#1284 = EDGE_LOOP('',(#1285,#1296,#1304,#1313));
#1285 = ORIENTED_EDGE('',*,*,#1286,.F.);
#1286 = EDGE_CURVE('',#1287,#1289,#1291,.T.);
#1287 = VERTEX_POINT('',#1288);
#1288 = CARTESIAN_POINT('',(59.795,22.86,3.));
#1289 = VERTEX_POINT('',#1290);
#1290 = CARTESIAN_POINT('',(57.045,22.86,3.));
#1291 = CIRCLE('',#1292,1.375);
#1292 = AXIS2_PLACEMENT_3D('',#1293,#1294,#1295);
#1293 = CARTESIAN_POINT('',(58.42,22.86,3.));
#1294 = DIRECTION('',(0.,0.,1.));
#1295 = DIRECTION('',(1.,0.,-0.));
#1296 = ORIENTED_EDGE('',*,*,#1297,.F.);
#1297 = EDGE_CURVE('',#1298,#1287,#1300,.T.);
#1298 = VERTEX_POINT('',#1299);
#1299 = CARTESIAN_POINT('',(59.795,17.78,3.));
#1300 = LINE('',#1301,#1302);
#1301 = CARTESIAN_POINT('',(59.795,8.89,3.));
#1302 = VECTOR('',#1303,1.);
#1303 = DIRECTION('',(-0.,1.,0.));
#1304 = ORIENTED_EDGE('',*,*,#1305,.F.);
#1305 = EDGE_CURVE('',#1306,#1298,#1308,.T.);
#1306 = VERTEX_POINT('',#1307);
#1307 = CARTESIAN_POINT('',(57.045,17.78,3.));
#1308 = CIRCLE('',#1309,1.375);
#1309 = AXIS2_PLACEMENT_3D('',#1310,#1311,#1312);
#1310 = CARTESIAN_POINT('',(58.42,17.78,3.));
#1311 = DIRECTION('',(0.,0.,1.));
#1312 = DIRECTION('',(1.,0.,-0.));
#1313 = ORIENTED_EDGE('',*,*,#1314,.T.);
#1314 = EDGE_CURVE('',#1306,#1289,#1315,.T.);
#1315 = LINE('',#1316,#1317);
#1316 = CARTESIAN_POINT('',(57.045,8.89,3.));
#1317 = VECTOR('',#1318,1.);
#1318 = DIRECTION('',(-0.,1.,0.));
#1319 = FACE_BOUND('',#1320,.T.);
#1320 = EDGE_LOOP('',(#1321,#1332,#1340,#1349));
#1321 = ORIENTED_EDGE('',*,*,#1322,.F.);
#1322 = EDGE_CURVE('',#1323,#1325,#1327,.T.);
#1323 = VERTEX_POINT('',#1324);
#1324 = CARTESIAN_POINT('',(34.395,27.94,3.));
#1325 = VERTEX_POINT('',#1326);
#1326 = CARTESIAN_POINT('',(31.645,27.94,3.));
#1327 = CIRCLE('',#1328,1.375);
#1328 = AXIS2_PLACEMENT_3D('',#1329,#1330,#1331);
#1329 = CARTESIAN_POINT('',(33.02,27.94,3.));
#1330 = DIRECTION('',(0.,0.,1.));
#1331 = DIRECTION('',(1.,0.,-0.));
#1332 = ORIENTED_EDGE('',*,*,#1333,.F.);
#1333 = EDGE_CURVE('',#1334,#1323,#1336,.T.);
#1334 = VERTEX_POINT('',#1335);
#1335 = CARTESIAN_POINT('',(34.395,22.86,3.));
#1336 = LINE('',#1337,#1338);
#1337 = CARTESIAN_POINT('',(34.395,11.43,3.));
#1338 = VECTOR('',#1339,1.);
#1339 = DIRECTION('',(-0.,1.,0.));
#1340 = ORIENTED_EDGE('',*,*,#1341,.F.);
#1341 = EDGE_CURVE('',#1342,#1334,#1344,.T.);
#1342 = VERTEX_POINT('',#1343);
#1343 = CARTESIAN_POINT('',(31.645,22.86,3.));
#1344 = CIRCLE('',#1345,1.375);
#1345 = AXIS2_PLACEMENT_3D('',#1346,#1347,#1348);
#1346 = CARTESIAN_POINT('',(33.02,22.86,3.));
#1347 = DIRECTION('',(0.,0.,1.));
#1348 = DIRECTION('',(1.,0.,-0.));
#1349 = ORIENTED_EDGE('',*,*,#1350,.T.);
#1350 = EDGE_CURVE('',#1342,#1325,#1351,.T.);
#1351 = LINE('',#1352,#1353);
#1352 = CARTESIAN_POINT('',(31.645,11.43,3.));
#1353 = VECTOR('',#1354,1.);
#1354 = DIRECTION('',(-0.,1.,0.));
#1355 = FACE_BOUND('',#1356,.T.);
#1356 = EDGE_LOOP('',(#1357));
#1357 = ORIENTED_EDGE('',*,*,#1358,.F.);
#1358 = EDGE_CURVE('',#1359,#1359,#1361,.T.);
#1359 = VERTEX_POINT('',#1360);
#1360 = CARTESIAN_POINT('',(39.475,22.86,3.));
#1361 = CIRCLE('',#1362,1.375);
#1362 = AXIS2_PLACEMENT_3D('',#1363,#1364,#1365);
#1363 = CARTESIAN_POINT('',(38.1,22.86,3.));
#1364 = DIRECTION('',(0.,0.,1.));
#1365 = DIRECTION('',(1.,0.,-0.));
#1366 = FACE_BOUND('',#1367,.T.);
#1367 = EDGE_LOOP('',(#1368,#1379,#1387,#1396,#1405));
#1368 = ORIENTED_EDGE('',*,*,#1369,.F.);
#1369 = EDGE_CURVE('',#1370,#1372,#1374,.T.);
#1370 = VERTEX_POINT('',#1371);
#1371 = CARTESIAN_POINT('',(38.1,29.315,3.));
#1372 = VERTEX_POINT('',#1373);
#1373 = CARTESIAN_POINT('',(38.1,26.565,3.));
#1374 = CIRCLE('',#1375,1.375);
#1375 = AXIS2_PLACEMENT_3D('',#1376,#1377,#1378);
#1376 = CARTESIAN_POINT('',(38.1,27.94,3.));
#1377 = DIRECTION('',(0.,0.,1.));
#1378 = DIRECTION('',(1.,0.,-0.));
#1379 = ORIENTED_EDGE('',*,*,#1380,.F.);
#1380 = EDGE_CURVE('',#1381,#1370,#1383,.T.);
#1381 = VERTEX_POINT('',#1382);
#1382 = CARTESIAN_POINT('',(43.18,29.315,3.));
#1383 = LINE('',#1384,#1385);
#1384 = CARTESIAN_POINT('',(19.05,29.315,3.));
#1385 = VECTOR('',#1386,1.);
#1386 = DIRECTION('',(-1.,-0.,0.));
#1387 = ORIENTED_EDGE('',*,*,#1388,.F.);
#1388 = EDGE_CURVE('',#1389,#1381,#1391,.T.);
#1389 = VERTEX_POINT('',#1390);
#1390 = CARTESIAN_POINT('',(44.555,27.94,3.));
#1391 = CIRCLE('',#1392,1.375);
#1392 = AXIS2_PLACEMENT_3D('',#1393,#1394,#1395);
#1393 = CARTESIAN_POINT('',(43.18,27.94,3.));
#1394 = DIRECTION('',(0.,0.,1.));
#1395 = DIRECTION('',(1.,0.,-0.));
#1396 = ORIENTED_EDGE('',*,*,#1397,.F.);
#1397 = EDGE_CURVE('',#1398,#1389,#1400,.T.);
#1398 = VERTEX_POINT('',#1399);
#1399 = CARTESIAN_POINT('',(43.18,26.565,3.));
#1400 = CIRCLE('',#1401,1.375);
#1401 = AXIS2_PLACEMENT_3D('',#1402,#1403,#1404);
#1402 = CARTESIAN_POINT('',(43.18,27.94,3.));
#1403 = DIRECTION('',(0.,0.,1.));
#1404 = DIRECTION('',(1.,0.,-0.));
#1405 = ORIENTED_EDGE('',*,*,#1406,.T.);
#1406 = EDGE_CURVE('',#1398,#1372,#1407,.T.);
#1407 = LINE('',#1408,#1409);
#1408 = CARTESIAN_POINT('',(19.05,26.565,3.));
#1409 = VECTOR('',#1410,1.);
#1410 = DIRECTION('',(-1.,-0.,0.));
#1411 = FACE_BOUND('',#1412,.T.);
#1412 = EDGE_LOOP('',(#1413,#1424,#1432,#1441));
#1413 = ORIENTED_EDGE('',*,*,#1414,.F.);
#1414 = EDGE_CURVE('',#1415,#1417,#1419,.T.);
#1415 = VERTEX_POINT('',#1416);
#1416 = CARTESIAN_POINT('',(49.635,27.94,3.));
#1417 = VERTEX_POINT('',#1418);
#1418 = CARTESIAN_POINT('',(46.885,27.94,3.));
#1419 = CIRCLE('',#1420,1.375);
#1420 = AXIS2_PLACEMENT_3D('',#1421,#1422,#1423);
#1421 = CARTESIAN_POINT('',(48.26,27.94,3.));
#1422 = DIRECTION('',(0.,0.,1.));
#1423 = DIRECTION('',(1.,0.,-0.));
#1424 = ORIENTED_EDGE('',*,*,#1425,.F.);
#1425 = EDGE_CURVE('',#1426,#1415,#1428,.T.);
#1426 = VERTEX_POINT('',#1427);
#1427 = CARTESIAN_POINT('',(49.635,22.86,3.));
#1428 = LINE('',#1429,#1430);
#1429 = CARTESIAN_POINT('',(49.635,11.43,3.));
#1430 = VECTOR('',#1431,1.);
#1431 = DIRECTION('',(-0.,1.,0.));
#1432 = ORIENTED_EDGE('',*,*,#1433,.F.);
#1433 = EDGE_CURVE('',#1434,#1426,#1436,.T.);
#1434 = VERTEX_POINT('',#1435);
#1435 = CARTESIAN_POINT('',(46.885,22.86,3.));
#1436 = CIRCLE('',#1437,1.375);
#1437 = AXIS2_PLACEMENT_3D('',#1438,#1439,#1440);
#1438 = CARTESIAN_POINT('',(48.26,22.86,3.));
#1439 = DIRECTION('',(0.,0.,1.));
#1440 = DIRECTION('',(1.,0.,-0.));
#1441 = ORIENTED_EDGE('',*,*,#1442,.T.);
#1442 = EDGE_CURVE('',#1434,#1417,#1443,.T.);
#1443 = LINE('',#1444,#1445);
#1444 = CARTESIAN_POINT('',(46.885,11.43,3.));
#1445 = VECTOR('',#1446,1.);
#1446 = DIRECTION('',(-0.,1.,0.));
#1447 = FACE_BOUND('',#1448,.T.);
#1448 = EDGE_LOOP('',(#1449));
#1449 = ORIENTED_EDGE('',*,*,#1450,.F.);
#1450 = EDGE_CURVE('',#1451,#1451,#1453,.T.);
#1451 = VERTEX_POINT('',#1452);
#1452 = CARTESIAN_POINT('',(54.715,22.86,3.));
#1453 = CIRCLE('',#1454,1.375);
#1454 = AXIS2_PLACEMENT_3D('',#1455,#1456,#1457);
#1455 = CARTESIAN_POINT('',(53.34,22.86,3.));
#1456 = DIRECTION('',(0.,0.,1.));
#1457 = DIRECTION('',(1.,0.,-0.));
#1458 = FACE_BOUND('',#1459,.T.);
#1459 = EDGE_LOOP('',(#1460,#1471,#1479,#1488,#1497));
#1460 = ORIENTED_EDGE('',*,*,#1461,.F.);
#1461 = EDGE_CURVE('',#1462,#1464,#1466,.T.);
#1462 = VERTEX_POINT('',#1463);
#1463 = CARTESIAN_POINT('',(53.34,29.315,3.));
#1464 = VERTEX_POINT('',#1465);
#1465 = CARTESIAN_POINT('',(53.34,26.565,3.));
#1466 = CIRCLE('',#1467,1.375);
#1467 = AXIS2_PLACEMENT_3D('',#1468,#1469,#1470);
#1468 = CARTESIAN_POINT('',(53.34,27.94,3.));
#1469 = DIRECTION('',(0.,0.,1.));
#1470 = DIRECTION('',(1.,0.,-0.));
#1471 = ORIENTED_EDGE('',*,*,#1472,.F.);
#1472 = EDGE_CURVE('',#1473,#1462,#1475,.T.);
#1473 = VERTEX_POINT('',#1474);
#1474 = CARTESIAN_POINT('',(58.42,29.315,3.));
#1475 = LINE('',#1476,#1477);
#1476 = CARTESIAN_POINT('',(26.67,29.315,3.));
#1477 = VECTOR('',#1478,1.);
#1478 = DIRECTION('',(-1.,-0.,0.));
#1479 = ORIENTED_EDGE('',*,*,#1480,.F.);
#1480 = EDGE_CURVE('',#1481,#1473,#1483,.T.);
#1481 = VERTEX_POINT('',#1482);
#1482 = CARTESIAN_POINT('',(59.795,27.94,3.));
#1483 = CIRCLE('',#1484,1.375);
#1484 = AXIS2_PLACEMENT_3D('',#1485,#1486,#1487);
#1485 = CARTESIAN_POINT('',(58.42,27.94,3.));
#1486 = DIRECTION('',(0.,0.,1.));
#1487 = DIRECTION('',(1.,0.,-0.));
#1488 = ORIENTED_EDGE('',*,*,#1489,.F.);
#1489 = EDGE_CURVE('',#1490,#1481,#1492,.T.);
#1490 = VERTEX_POINT('',#1491);
#1491 = CARTESIAN_POINT('',(58.42,26.565,3.));
#1492 = CIRCLE('',#1493,1.375);
#1493 = AXIS2_PLACEMENT_3D('',#1494,#1495,#1496);
#1494 = CARTESIAN_POINT('',(58.42,27.94,3.));
#1495 = DIRECTION('',(0.,0.,1.));
#1496 = DIRECTION('',(1.,0.,-0.));
#1497 = ORIENTED_EDGE('',*,*,#1498,.T.);
#1498 = EDGE_CURVE('',#1490,#1464,#1499,.T.);
#1499 = LINE('',#1500,#1501);
#1500 = CARTESIAN_POINT('',(26.67,26.565,3.));
#1501 = VECTOR('',#1502,1.);
#1502 = DIRECTION('',(-1.,-0.,0.));
#1503 = PLANE('',#1504);
#1504 = AXIS2_PLACEMENT_3D('',#1505,#1506,#1507);
#1505 = CARTESIAN_POINT('',(0.,0.,3.));
#1506 = DIRECTION('',(0.,0.,1.));
#1507 = DIRECTION('',(1.,0.,-0.));
#1508 = ADVANCED_FACE('',(#1509),#1528,.T.);
#1509 = FACE_BOUND('',#1510,.T.);
#1510 = EDGE_LOOP('',(#1511,#1520,#1526,#1527));
#1511 = ORIENTED_EDGE('',*,*,#1512,.T.);
#1512 = EDGE_CURVE('',#32,#1513,#1515,.T.);
#1513 = VERTEX_POINT('',#1514);
#1514 = CARTESIAN_POINT('',(1.27,-2.22044604925E-16,0.));
#1515 = CIRCLE('',#1516,1.27);
#1516 = AXIS2_PLACEMENT_3D('',#1517,#1518,#1519);
#1517 = CARTESIAN_POINT('',(1.27,1.27,0.));
#1518 = DIRECTION('',(0.,0.,1.));
#1519 = DIRECTION('',(0.,-1.,0.));
#1520 = ORIENTED_EDGE('',*,*,#1521,.T.);
#1521 = EDGE_CURVE('',#1513,#63,#1522,.T.);
#1522 = LINE('',#1523,#1524);
#1523 = CARTESIAN_POINT('',(1.27,-2.22044604925E-16,0.));
#1524 = VECTOR('',#1525,1.);
#1525 = DIRECTION('',(0.,0.,1.));
#1526 = ORIENTED_EDGE('',*,*,#62,.F.);
#1527 = ORIENTED_EDGE('',*,*,#31,.F.);
#1528 = CYLINDRICAL_SURFACE('',#1529,1.27);
#1529 = AXIS2_PLACEMENT_3D('',#1530,#1531,#1532);
#1530 = CARTESIAN_POINT('',(1.27,1.27,0.));
#1531 = DIRECTION('',(0.,0.,1.));
#1532 = DIRECTION('',(-1.,-0.,0.));
#1533 = ADVANCED_FACE('',(#1534),#1553,.T.);
#1534 = FACE_BOUND('',#1535,.F.);
#1535 = EDGE_LOOP('',(#1536,#1545,#1551,#1552));
#1536 = ORIENTED_EDGE('',*,*,#1537,.T.);
#1537 = EDGE_CURVE('',#40,#1538,#1540,.T.);
#1538 = VERTEX_POINT('',#1539);
#1539 = CARTESIAN_POINT('',(1.27,30.48,0.));
#1540 = CIRCLE('',#1541,1.27);
#1541 = AXIS2_PLACEMENT_3D('',#1542,#1543,#1544);
#1542 = CARTESIAN_POINT('',(1.27,29.21,0.));
#1543 = DIRECTION('',(-0.,-0.,-1.));
#1544 = DIRECTION('',(0.,-1.,0.));
#1545 = ORIENTED_EDGE('',*,*,#1546,.T.);
#1546 = EDGE_CURVE('',#1538,#106,#1547,.T.);
#1547 = LINE('',#1548,#1549);
#1548 = CARTESIAN_POINT('',(1.27,30.48,0.));
#1549 = VECTOR('',#1550,1.);
#1550 = DIRECTION('',(0.,0.,1.));
#1551 = ORIENTED_EDGE('',*,*,#113,.F.);
#1552 = ORIENTED_EDGE('',*,*,#47,.F.);
#1553 = CYLINDRICAL_SURFACE('',#1554,1.27);
#1554 = AXIS2_PLACEMENT_3D('',#1555,#1556,#1557);
#1555 = CARTESIAN_POINT('',(1.27,29.21,0.));
#1556 = DIRECTION('',(0.,0.,1.));
#1557 = DIRECTION('',(-1.,-0.,0.));
#1558 = ADVANCED_FACE('',(#1559,#1604,#1649,#1660,#1696,#1741,#1752,
    #1788,#1824,#1869,#1905,#1950,#1995,#2031,#2042,#2087,#2123,#2134,
    #2170,#2215,#2251,#2296,#2341,#2377,#2422,#2458,#2469,#2505,#2550,
    #2561,#2597,#2642,#2687,#2723,#2768,#2804,#2840,#2851,#2896,#2932,
    #2943),#2988,.F.);
#1559 = FACE_BOUND('',#1560,.F.);
#1560 = EDGE_LOOP('',(#1561,#1562,#1563,#1571,#1580,#1588,#1597,#1603));
#1561 = ORIENTED_EDGE('',*,*,#39,.F.);
#1562 = ORIENTED_EDGE('',*,*,#1512,.T.);
#1563 = ORIENTED_EDGE('',*,*,#1564,.T.);
#1564 = EDGE_CURVE('',#1513,#1565,#1567,.T.);
#1565 = VERTEX_POINT('',#1566);
#1566 = CARTESIAN_POINT('',(59.69,-2.22044604925E-16,0.));
#1567 = LINE('',#1568,#1569);
#1568 = CARTESIAN_POINT('',(0.,0.,0.));
#1569 = VECTOR('',#1570,1.);
#1570 = DIRECTION('',(1.,0.,-0.));
#1571 = ORIENTED_EDGE('',*,*,#1572,.F.);
#1572 = EDGE_CURVE('',#1573,#1565,#1575,.T.);
#1573 = VERTEX_POINT('',#1574);
#1574 = CARTESIAN_POINT('',(60.96,1.27,0.));
#1575 = CIRCLE('',#1576,1.27);
#1576 = AXIS2_PLACEMENT_3D('',#1577,#1578,#1579);
#1577 = CARTESIAN_POINT('',(59.69,1.27,0.));
#1578 = DIRECTION('',(-0.,-0.,-1.));
#1579 = DIRECTION('',(0.,-1.,0.));
#1580 = ORIENTED_EDGE('',*,*,#1581,.T.);
#1581 = EDGE_CURVE('',#1573,#1582,#1584,.T.);
#1582 = VERTEX_POINT('',#1583);
#1583 = CARTESIAN_POINT('',(60.96,29.21,0.));
#1584 = LINE('',#1585,#1586);
#1585 = CARTESIAN_POINT('',(60.96,0.,0.));
#1586 = VECTOR('',#1587,1.);
#1587 = DIRECTION('',(-0.,1.,0.));
#1588 = ORIENTED_EDGE('',*,*,#1589,.T.);
#1589 = EDGE_CURVE('',#1582,#1590,#1592,.T.);
#1590 = VERTEX_POINT('',#1591);
#1591 = CARTESIAN_POINT('',(59.69,30.48,0.));
#1592 = CIRCLE('',#1593,1.27);
#1593 = AXIS2_PLACEMENT_3D('',#1594,#1595,#1596);
#1594 = CARTESIAN_POINT('',(59.69,29.21,0.));
#1595 = DIRECTION('',(0.,0.,1.));
#1596 = DIRECTION('',(0.,-1.,0.));
#1597 = ORIENTED_EDGE('',*,*,#1598,.F.);
#1598 = EDGE_CURVE('',#1538,#1590,#1599,.T.);
#1599 = LINE('',#1600,#1601);
#1600 = CARTESIAN_POINT('',(0.,30.48,0.));
#1601 = VECTOR('',#1602,1.);
#1602 = DIRECTION('',(1.,0.,-0.));
#1603 = ORIENTED_EDGE('',*,*,#1537,.F.);
#1604 = FACE_BOUND('',#1605,.F.);
#1605 = EDGE_LOOP('',(#1606,#1617,#1625,#1634,#1643));
#1606 = ORIENTED_EDGE('',*,*,#1607,.F.);
#1607 = EDGE_CURVE('',#1608,#1610,#1612,.T.);
#1608 = VERTEX_POINT('',#1609);
#1609 = CARTESIAN_POINT('',(2.54,3.915,0.));
#1610 = VERTEX_POINT('',#1611);
#1611 = CARTESIAN_POINT('',(2.54,1.165,0.));
#1612 = CIRCLE('',#1613,1.375);
#1613 = AXIS2_PLACEMENT_3D('',#1614,#1615,#1616);
#1614 = CARTESIAN_POINT('',(2.54,2.54,0.));
#1615 = DIRECTION('',(0.,0.,1.));
#1616 = DIRECTION('',(1.,0.,-0.));
#1617 = ORIENTED_EDGE('',*,*,#1618,.F.);
#1618 = EDGE_CURVE('',#1619,#1608,#1621,.T.);
#1619 = VERTEX_POINT('',#1620);
#1620 = CARTESIAN_POINT('',(7.62,3.915,0.));
#1621 = LINE('',#1622,#1623);
#1622 = CARTESIAN_POINT('',(1.27,3.915,0.));
#1623 = VECTOR('',#1624,1.);
#1624 = DIRECTION('',(-1.,-0.,0.));
#1625 = ORIENTED_EDGE('',*,*,#1626,.F.);
#1626 = EDGE_CURVE('',#1627,#1619,#1629,.T.);
#1627 = VERTEX_POINT('',#1628);
#1628 = CARTESIAN_POINT('',(8.995,2.54,0.));
#1629 = CIRCLE('',#1630,1.375);
#1630 = AXIS2_PLACEMENT_3D('',#1631,#1632,#1633);
#1631 = CARTESIAN_POINT('',(7.62,2.54,0.));
#1632 = DIRECTION('',(0.,0.,1.));
#1633 = DIRECTION('',(1.,0.,-0.));
#1634 = ORIENTED_EDGE('',*,*,#1635,.F.);
#1635 = EDGE_CURVE('',#1636,#1627,#1638,.T.);
#1636 = VERTEX_POINT('',#1637);
#1637 = CARTESIAN_POINT('',(7.62,1.165,0.));
#1638 = CIRCLE('',#1639,1.375);
#1639 = AXIS2_PLACEMENT_3D('',#1640,#1641,#1642);
#1640 = CARTESIAN_POINT('',(7.62,2.54,0.));
#1641 = DIRECTION('',(0.,0.,1.));
#1642 = DIRECTION('',(1.,0.,-0.));
#1643 = ORIENTED_EDGE('',*,*,#1644,.T.);
#1644 = EDGE_CURVE('',#1636,#1610,#1645,.T.);
#1645 = LINE('',#1646,#1647);
#1646 = CARTESIAN_POINT('',(1.27,1.165,0.));
#1647 = VECTOR('',#1648,1.);
#1648 = DIRECTION('',(-1.,-0.,0.));
#1649 = FACE_BOUND('',#1650,.F.);
#1650 = EDGE_LOOP('',(#1651));
#1651 = ORIENTED_EDGE('',*,*,#1652,.F.);
#1652 = EDGE_CURVE('',#1653,#1653,#1655,.T.);
#1653 = VERTEX_POINT('',#1654);
#1654 = CARTESIAN_POINT('',(8.995,7.62,0.));
#1655 = CIRCLE('',#1656,1.375);
#1656 = AXIS2_PLACEMENT_3D('',#1657,#1658,#1659);
#1657 = CARTESIAN_POINT('',(7.62,7.62,0.));
#1658 = DIRECTION('',(0.,0.,1.));
#1659 = DIRECTION('',(1.,0.,-0.));
#1660 = FACE_BOUND('',#1661,.F.);
#1661 = EDGE_LOOP('',(#1662,#1673,#1681,#1690));
#1662 = ORIENTED_EDGE('',*,*,#1663,.F.);
#1663 = EDGE_CURVE('',#1664,#1666,#1668,.T.);
#1664 = VERTEX_POINT('',#1665);
#1665 = CARTESIAN_POINT('',(14.075,7.62,0.));
#1666 = VERTEX_POINT('',#1667);
#1667 = CARTESIAN_POINT('',(11.325,7.62,0.));
#1668 = CIRCLE('',#1669,1.375);
#1669 = AXIS2_PLACEMENT_3D('',#1670,#1671,#1672);
#1670 = CARTESIAN_POINT('',(12.7,7.62,0.));
#1671 = DIRECTION('',(0.,0.,1.));
#1672 = DIRECTION('',(1.,0.,-0.));
#1673 = ORIENTED_EDGE('',*,*,#1674,.F.);
#1674 = EDGE_CURVE('',#1675,#1664,#1677,.T.);
#1675 = VERTEX_POINT('',#1676);
#1676 = CARTESIAN_POINT('',(14.075,2.54,0.));
#1677 = LINE('',#1678,#1679);
#1678 = CARTESIAN_POINT('',(14.075,1.27,0.));
#1679 = VECTOR('',#1680,1.);
#1680 = DIRECTION('',(-0.,1.,0.));
#1681 = ORIENTED_EDGE('',*,*,#1682,.F.);
#1682 = EDGE_CURVE('',#1683,#1675,#1685,.T.);
#1683 = VERTEX_POINT('',#1684);
#1684 = CARTESIAN_POINT('',(11.325,2.54,0.));
#1685 = CIRCLE('',#1686,1.375);
#1686 = AXIS2_PLACEMENT_3D('',#1687,#1688,#1689);
#1687 = CARTESIAN_POINT('',(12.7,2.54,0.));
#1688 = DIRECTION('',(0.,0.,1.));
#1689 = DIRECTION('',(1.,0.,-0.));
#1690 = ORIENTED_EDGE('',*,*,#1691,.T.);
#1691 = EDGE_CURVE('',#1683,#1666,#1692,.T.);
#1692 = LINE('',#1693,#1694);
#1693 = CARTESIAN_POINT('',(11.325,1.27,0.));
#1694 = VECTOR('',#1695,1.);
#1695 = DIRECTION('',(-0.,1.,0.));
#1696 = FACE_BOUND('',#1697,.F.);
#1697 = EDGE_LOOP('',(#1698,#1709,#1717,#1726,#1735));
#1698 = ORIENTED_EDGE('',*,*,#1699,.F.);
#1699 = EDGE_CURVE('',#1700,#1702,#1704,.T.);
#1700 = VERTEX_POINT('',#1701);
#1701 = CARTESIAN_POINT('',(17.78,3.915,0.));
#1702 = VERTEX_POINT('',#1703);
#1703 = CARTESIAN_POINT('',(17.78,1.165,0.));
#1704 = CIRCLE('',#1705,1.375);
#1705 = AXIS2_PLACEMENT_3D('',#1706,#1707,#1708);
#1706 = CARTESIAN_POINT('',(17.78,2.54,0.));
#1707 = DIRECTION('',(0.,0.,1.));
#1708 = DIRECTION('',(1.,0.,-0.));
#1709 = ORIENTED_EDGE('',*,*,#1710,.F.);
#1710 = EDGE_CURVE('',#1711,#1700,#1713,.T.);
#1711 = VERTEX_POINT('',#1712);
#1712 = CARTESIAN_POINT('',(22.86,3.915,0.));
#1713 = LINE('',#1714,#1715);
#1714 = CARTESIAN_POINT('',(8.89,3.915,0.));
#1715 = VECTOR('',#1716,1.);
#1716 = DIRECTION('',(-1.,-0.,0.));
#1717 = ORIENTED_EDGE('',*,*,#1718,.F.);
#1718 = EDGE_CURVE('',#1719,#1711,#1721,.T.);
#1719 = VERTEX_POINT('',#1720);
#1720 = CARTESIAN_POINT('',(24.235,2.54,0.));
#1721 = CIRCLE('',#1722,1.375);
#1722 = AXIS2_PLACEMENT_3D('',#1723,#1724,#1725);
#1723 = CARTESIAN_POINT('',(22.86,2.54,0.));
#1724 = DIRECTION('',(0.,0.,1.));
#1725 = DIRECTION('',(1.,0.,-0.));
#1726 = ORIENTED_EDGE('',*,*,#1727,.F.);
#1727 = EDGE_CURVE('',#1728,#1719,#1730,.T.);
#1728 = VERTEX_POINT('',#1729);
#1729 = CARTESIAN_POINT('',(22.86,1.165,0.));
#1730 = CIRCLE('',#1731,1.375);
#1731 = AXIS2_PLACEMENT_3D('',#1732,#1733,#1734);
#1732 = CARTESIAN_POINT('',(22.86,2.54,0.));
#1733 = DIRECTION('',(0.,0.,1.));
#1734 = DIRECTION('',(1.,0.,-0.));
#1735 = ORIENTED_EDGE('',*,*,#1736,.T.);
#1736 = EDGE_CURVE('',#1728,#1702,#1737,.T.);
#1737 = LINE('',#1738,#1739);
#1738 = CARTESIAN_POINT('',(8.89,1.165,0.));
#1739 = VECTOR('',#1740,1.);
#1740 = DIRECTION('',(-1.,-0.,0.));
#1741 = FACE_BOUND('',#1742,.F.);
#1742 = EDGE_LOOP('',(#1743));
#1743 = ORIENTED_EDGE('',*,*,#1744,.F.);
#1744 = EDGE_CURVE('',#1745,#1745,#1747,.T.);
#1745 = VERTEX_POINT('',#1746);
#1746 = CARTESIAN_POINT('',(24.235,7.62,0.));
#1747 = CIRCLE('',#1748,1.375);
#1748 = AXIS2_PLACEMENT_3D('',#1749,#1750,#1751);
#1749 = CARTESIAN_POINT('',(22.86,7.62,0.));
#1750 = DIRECTION('',(0.,0.,1.));
#1751 = DIRECTION('',(1.,0.,-0.));
#1752 = FACE_BOUND('',#1753,.F.);
#1753 = EDGE_LOOP('',(#1754,#1765,#1773,#1782));
#1754 = ORIENTED_EDGE('',*,*,#1755,.F.);
#1755 = EDGE_CURVE('',#1756,#1758,#1760,.T.);
#1756 = VERTEX_POINT('',#1757);
#1757 = CARTESIAN_POINT('',(29.315,7.62,0.));
#1758 = VERTEX_POINT('',#1759);
#1759 = CARTESIAN_POINT('',(26.565,7.62,0.));
#1760 = CIRCLE('',#1761,1.375);
#1761 = AXIS2_PLACEMENT_3D('',#1762,#1763,#1764);
#1762 = CARTESIAN_POINT('',(27.94,7.62,0.));
#1763 = DIRECTION('',(0.,0.,1.));
#1764 = DIRECTION('',(1.,0.,-0.));
#1765 = ORIENTED_EDGE('',*,*,#1766,.F.);
#1766 = EDGE_CURVE('',#1767,#1756,#1769,.T.);
#1767 = VERTEX_POINT('',#1768);
#1768 = CARTESIAN_POINT('',(29.315,2.54,0.));
#1769 = LINE('',#1770,#1771);
#1770 = CARTESIAN_POINT('',(29.315,1.27,0.));
#1771 = VECTOR('',#1772,1.);
#1772 = DIRECTION('',(-0.,1.,0.));
#1773 = ORIENTED_EDGE('',*,*,#1774,.F.);
#1774 = EDGE_CURVE('',#1775,#1767,#1777,.T.);
#1775 = VERTEX_POINT('',#1776);
#1776 = CARTESIAN_POINT('',(26.565,2.54,0.));
#1777 = CIRCLE('',#1778,1.375);
#1778 = AXIS2_PLACEMENT_3D('',#1779,#1780,#1781);
#1779 = CARTESIAN_POINT('',(27.94,2.54,0.));
#1780 = DIRECTION('',(0.,0.,1.));
#1781 = DIRECTION('',(1.,0.,-0.));
#1782 = ORIENTED_EDGE('',*,*,#1783,.T.);
#1783 = EDGE_CURVE('',#1775,#1758,#1784,.T.);
#1784 = LINE('',#1785,#1786);
#1785 = CARTESIAN_POINT('',(26.565,1.27,0.));
#1786 = VECTOR('',#1787,1.);
#1787 = DIRECTION('',(-0.,1.,0.));
#1788 = FACE_BOUND('',#1789,.F.);
#1789 = EDGE_LOOP('',(#1790,#1801,#1809,#1818));
#1790 = ORIENTED_EDGE('',*,*,#1791,.F.);
#1791 = EDGE_CURVE('',#1792,#1794,#1796,.T.);
#1792 = VERTEX_POINT('',#1793);
#1793 = CARTESIAN_POINT('',(3.915,12.7,0.));
#1794 = VERTEX_POINT('',#1795);
#1795 = CARTESIAN_POINT('',(1.165,12.7,0.));
#1796 = CIRCLE('',#1797,1.375);
#1797 = AXIS2_PLACEMENT_3D('',#1798,#1799,#1800);
#1798 = CARTESIAN_POINT('',(2.54,12.7,0.));
#1799 = DIRECTION('',(0.,0.,1.));
#1800 = DIRECTION('',(1.,0.,-0.));
#1801 = ORIENTED_EDGE('',*,*,#1802,.F.);
#1802 = EDGE_CURVE('',#1803,#1792,#1805,.T.);
#1803 = VERTEX_POINT('',#1804);
#1804 = CARTESIAN_POINT('',(3.915,7.62,0.));
#1805 = LINE('',#1806,#1807);
#1806 = CARTESIAN_POINT('',(3.915,3.81,0.));
#1807 = VECTOR('',#1808,1.);
#1808 = DIRECTION('',(-0.,1.,0.));
#1809 = ORIENTED_EDGE('',*,*,#1810,.F.);
#1810 = EDGE_CURVE('',#1811,#1803,#1813,.T.);
#1811 = VERTEX_POINT('',#1812);
#1812 = CARTESIAN_POINT('',(1.165,7.62,0.));
#1813 = CIRCLE('',#1814,1.375);
#1814 = AXIS2_PLACEMENT_3D('',#1815,#1816,#1817);
#1815 = CARTESIAN_POINT('',(2.54,7.62,0.));
#1816 = DIRECTION('',(0.,0.,1.));
#1817 = DIRECTION('',(1.,0.,-0.));
#1818 = ORIENTED_EDGE('',*,*,#1819,.T.);
#1819 = EDGE_CURVE('',#1811,#1794,#1820,.T.);
#1820 = LINE('',#1821,#1822);
#1821 = CARTESIAN_POINT('',(1.165,3.81,0.));
#1822 = VECTOR('',#1823,1.);
#1823 = DIRECTION('',(-0.,1.,0.));
#1824 = FACE_BOUND('',#1825,.F.);
#1825 = EDGE_LOOP('',(#1826,#1837,#1845,#1854,#1863));
#1826 = ORIENTED_EDGE('',*,*,#1827,.F.);
#1827 = EDGE_CURVE('',#1828,#1830,#1832,.T.);
#1828 = VERTEX_POINT('',#1829);
#1829 = CARTESIAN_POINT('',(7.62,14.075,0.));
#1830 = VERTEX_POINT('',#1831);
#1831 = CARTESIAN_POINT('',(7.62,11.325,0.));
#1832 = CIRCLE('',#1833,1.375);
#1833 = AXIS2_PLACEMENT_3D('',#1834,#1835,#1836);
#1834 = CARTESIAN_POINT('',(7.62,12.7,0.));
#1835 = DIRECTION('',(0.,0.,1.));
#1836 = DIRECTION('',(1.,0.,-0.));
#1837 = ORIENTED_EDGE('',*,*,#1838,.F.);
#1838 = EDGE_CURVE('',#1839,#1828,#1841,.T.);
#1839 = VERTEX_POINT('',#1840);
#1840 = CARTESIAN_POINT('',(12.7,14.075,0.));
#1841 = LINE('',#1842,#1843);
#1842 = CARTESIAN_POINT('',(3.81,14.075,0.));
#1843 = VECTOR('',#1844,1.);
#1844 = DIRECTION('',(-1.,-0.,0.));
#1845 = ORIENTED_EDGE('',*,*,#1846,.F.);
#1846 = EDGE_CURVE('',#1847,#1839,#1849,.T.);
#1847 = VERTEX_POINT('',#1848);
#1848 = CARTESIAN_POINT('',(14.075,12.7,0.));
#1849 = CIRCLE('',#1850,1.375);
#1850 = AXIS2_PLACEMENT_3D('',#1851,#1852,#1853);
#1851 = CARTESIAN_POINT('',(12.7,12.7,0.));
#1852 = DIRECTION('',(0.,0.,1.));
#1853 = DIRECTION('',(1.,0.,-0.));
#1854 = ORIENTED_EDGE('',*,*,#1855,.F.);
#1855 = EDGE_CURVE('',#1856,#1847,#1858,.T.);
#1856 = VERTEX_POINT('',#1857);
#1857 = CARTESIAN_POINT('',(12.7,11.325,0.));
#1858 = CIRCLE('',#1859,1.375);
#1859 = AXIS2_PLACEMENT_3D('',#1860,#1861,#1862);
#1860 = CARTESIAN_POINT('',(12.7,12.7,0.));
#1861 = DIRECTION('',(0.,0.,1.));
#1862 = DIRECTION('',(1.,0.,-0.));
#1863 = ORIENTED_EDGE('',*,*,#1864,.T.);
#1864 = EDGE_CURVE('',#1856,#1830,#1865,.T.);
#1865 = LINE('',#1866,#1867);
#1866 = CARTESIAN_POINT('',(3.81,11.325,0.));
#1867 = VECTOR('',#1868,1.);
#1868 = DIRECTION('',(-1.,-0.,0.));
#1869 = FACE_BOUND('',#1870,.F.);
#1870 = EDGE_LOOP('',(#1871,#1882,#1890,#1899));
#1871 = ORIENTED_EDGE('',*,*,#1872,.F.);
#1872 = EDGE_CURVE('',#1873,#1875,#1877,.T.);
#1873 = VERTEX_POINT('',#1874);
#1874 = CARTESIAN_POINT('',(19.155,12.7,0.));
#1875 = VERTEX_POINT('',#1876);
#1876 = CARTESIAN_POINT('',(16.405,12.7,0.));
#1877 = CIRCLE('',#1878,1.375);
#1878 = AXIS2_PLACEMENT_3D('',#1879,#1880,#1881);
#1879 = CARTESIAN_POINT('',(17.78,12.7,0.));
#1880 = DIRECTION('',(0.,0.,1.));
#1881 = DIRECTION('',(1.,0.,-0.));
#1882 = ORIENTED_EDGE('',*,*,#1883,.F.);
#1883 = EDGE_CURVE('',#1884,#1873,#1886,.T.);
#1884 = VERTEX_POINT('',#1885);
#1885 = CARTESIAN_POINT('',(19.155,7.62,0.));
#1886 = LINE('',#1887,#1888);
#1887 = CARTESIAN_POINT('',(19.155,3.81,0.));
#1888 = VECTOR('',#1889,1.);
#1889 = DIRECTION('',(-0.,1.,0.));
#1890 = ORIENTED_EDGE('',*,*,#1891,.F.);
#1891 = EDGE_CURVE('',#1892,#1884,#1894,.T.);
#1892 = VERTEX_POINT('',#1893);
#1893 = CARTESIAN_POINT('',(16.405,7.62,0.));
#1894 = CIRCLE('',#1895,1.375);
#1895 = AXIS2_PLACEMENT_3D('',#1896,#1897,#1898);
#1896 = CARTESIAN_POINT('',(17.78,7.62,0.));
#1897 = DIRECTION('',(0.,0.,1.));
#1898 = DIRECTION('',(1.,0.,-0.));
#1899 = ORIENTED_EDGE('',*,*,#1900,.T.);
#1900 = EDGE_CURVE('',#1892,#1875,#1901,.T.);
#1901 = LINE('',#1902,#1903);
#1902 = CARTESIAN_POINT('',(16.405,3.81,0.));
#1903 = VECTOR('',#1904,1.);
#1904 = DIRECTION('',(-0.,1.,0.));
#1905 = FACE_BOUND('',#1906,.F.);
#1906 = EDGE_LOOP('',(#1907,#1918,#1926,#1935,#1944));
#1907 = ORIENTED_EDGE('',*,*,#1908,.F.);
#1908 = EDGE_CURVE('',#1909,#1911,#1913,.T.);
#1909 = VERTEX_POINT('',#1910);
#1910 = CARTESIAN_POINT('',(22.86,14.075,0.));
#1911 = VERTEX_POINT('',#1912);
#1912 = CARTESIAN_POINT('',(22.86,11.325,0.));
#1913 = CIRCLE('',#1914,1.375);
#1914 = AXIS2_PLACEMENT_3D('',#1915,#1916,#1917);
#1915 = CARTESIAN_POINT('',(22.86,12.7,0.));
#1916 = DIRECTION('',(0.,0.,1.));
#1917 = DIRECTION('',(1.,0.,-0.));
#1918 = ORIENTED_EDGE('',*,*,#1919,.F.);
#1919 = EDGE_CURVE('',#1920,#1909,#1922,.T.);
#1920 = VERTEX_POINT('',#1921);
#1921 = CARTESIAN_POINT('',(27.94,14.075,0.));
#1922 = LINE('',#1923,#1924);
#1923 = CARTESIAN_POINT('',(11.43,14.075,0.));
#1924 = VECTOR('',#1925,1.);
#1925 = DIRECTION('',(-1.,-0.,0.));
#1926 = ORIENTED_EDGE('',*,*,#1927,.F.);
#1927 = EDGE_CURVE('',#1928,#1920,#1930,.T.);
#1928 = VERTEX_POINT('',#1929);
#1929 = CARTESIAN_POINT('',(29.315,12.7,0.));
#1930 = CIRCLE('',#1931,1.375);
#1931 = AXIS2_PLACEMENT_3D('',#1932,#1933,#1934);
#1932 = CARTESIAN_POINT('',(27.94,12.7,0.));
#1933 = DIRECTION('',(0.,0.,1.));
#1934 = DIRECTION('',(1.,0.,-0.));
#1935 = ORIENTED_EDGE('',*,*,#1936,.F.);
#1936 = EDGE_CURVE('',#1937,#1928,#1939,.T.);
#1937 = VERTEX_POINT('',#1938);
#1938 = CARTESIAN_POINT('',(27.94,11.325,0.));
#1939 = CIRCLE('',#1940,1.375);
#1940 = AXIS2_PLACEMENT_3D('',#1941,#1942,#1943);
#1941 = CARTESIAN_POINT('',(27.94,12.7,0.));
#1942 = DIRECTION('',(0.,0.,1.));
#1943 = DIRECTION('',(1.,0.,-0.));
#1944 = ORIENTED_EDGE('',*,*,#1945,.T.);
#1945 = EDGE_CURVE('',#1937,#1911,#1946,.T.);
#1946 = LINE('',#1947,#1948);
#1947 = CARTESIAN_POINT('',(11.43,11.325,0.));
#1948 = VECTOR('',#1949,1.);
#1949 = DIRECTION('',(-1.,-0.,0.));
#1950 = FACE_BOUND('',#1951,.F.);
#1951 = EDGE_LOOP('',(#1952,#1963,#1971,#1980,#1989));
#1952 = ORIENTED_EDGE('',*,*,#1953,.F.);
#1953 = EDGE_CURVE('',#1954,#1956,#1958,.T.);
#1954 = VERTEX_POINT('',#1955);
#1955 = CARTESIAN_POINT('',(33.02,3.915,0.));
#1956 = VERTEX_POINT('',#1957);
#1957 = CARTESIAN_POINT('',(33.02,1.165,0.));
#1958 = CIRCLE('',#1959,1.375);
#1959 = AXIS2_PLACEMENT_3D('',#1960,#1961,#1962);
#1960 = CARTESIAN_POINT('',(33.02,2.54,0.));
#1961 = DIRECTION('',(0.,0.,1.));
#1962 = DIRECTION('',(1.,0.,-0.));
#1963 = ORIENTED_EDGE('',*,*,#1964,.F.);
#1964 = EDGE_CURVE('',#1965,#1954,#1967,.T.);
#1965 = VERTEX_POINT('',#1966);
#1966 = CARTESIAN_POINT('',(38.1,3.915,0.));
#1967 = LINE('',#1968,#1969);
#1968 = CARTESIAN_POINT('',(16.51,3.915,0.));
#1969 = VECTOR('',#1970,1.);
#1970 = DIRECTION('',(-1.,-0.,0.));
#1971 = ORIENTED_EDGE('',*,*,#1972,.F.);
#1972 = EDGE_CURVE('',#1973,#1965,#1975,.T.);
#1973 = VERTEX_POINT('',#1974);
#1974 = CARTESIAN_POINT('',(39.475,2.54,0.));
#1975 = CIRCLE('',#1976,1.375);
#1976 = AXIS2_PLACEMENT_3D('',#1977,#1978,#1979);
#1977 = CARTESIAN_POINT('',(38.1,2.54,0.));
#1978 = DIRECTION('',(0.,0.,1.));
#1979 = DIRECTION('',(1.,0.,-0.));
#1980 = ORIENTED_EDGE('',*,*,#1981,.F.);
#1981 = EDGE_CURVE('',#1982,#1973,#1984,.T.);
#1982 = VERTEX_POINT('',#1983);
#1983 = CARTESIAN_POINT('',(38.1,1.165,0.));
#1984 = CIRCLE('',#1985,1.375);
#1985 = AXIS2_PLACEMENT_3D('',#1986,#1987,#1988);
#1986 = CARTESIAN_POINT('',(38.1,2.54,0.));
#1987 = DIRECTION('',(0.,0.,1.));
#1988 = DIRECTION('',(1.,0.,-0.));
#1989 = ORIENTED_EDGE('',*,*,#1990,.T.);
#1990 = EDGE_CURVE('',#1982,#1956,#1991,.T.);
#1991 = LINE('',#1992,#1993);
#1992 = CARTESIAN_POINT('',(16.51,1.165,0.));
#1993 = VECTOR('',#1994,1.);
#1994 = DIRECTION('',(-1.,-0.,0.));
#1995 = FACE_BOUND('',#1996,.F.);
#1996 = EDGE_LOOP('',(#1997,#2008,#2016,#2025));
#1997 = ORIENTED_EDGE('',*,*,#1998,.F.);
#1998 = EDGE_CURVE('',#1999,#2001,#2003,.T.);
#1999 = VERTEX_POINT('',#2000);
#2000 = CARTESIAN_POINT('',(44.555,7.62,0.));
#2001 = VERTEX_POINT('',#2002);
#2002 = CARTESIAN_POINT('',(41.805,7.62,0.));
#2003 = CIRCLE('',#2004,1.375);
#2004 = AXIS2_PLACEMENT_3D('',#2005,#2006,#2007);
#2005 = CARTESIAN_POINT('',(43.18,7.62,0.));
#2006 = DIRECTION('',(0.,0.,1.));
#2007 = DIRECTION('',(1.,0.,-0.));
#2008 = ORIENTED_EDGE('',*,*,#2009,.F.);
#2009 = EDGE_CURVE('',#2010,#1999,#2012,.T.);
#2010 = VERTEX_POINT('',#2011);
#2011 = CARTESIAN_POINT('',(44.555,2.54,0.));
#2012 = LINE('',#2013,#2014);
#2013 = CARTESIAN_POINT('',(44.555,1.27,0.));
#2014 = VECTOR('',#2015,1.);
#2015 = DIRECTION('',(-0.,1.,0.));
#2016 = ORIENTED_EDGE('',*,*,#2017,.F.);
#2017 = EDGE_CURVE('',#2018,#2010,#2020,.T.);
#2018 = VERTEX_POINT('',#2019);
#2019 = CARTESIAN_POINT('',(41.805,2.54,0.));
#2020 = CIRCLE('',#2021,1.375);
#2021 = AXIS2_PLACEMENT_3D('',#2022,#2023,#2024);
#2022 = CARTESIAN_POINT('',(43.18,2.54,0.));
#2023 = DIRECTION('',(0.,0.,1.));
#2024 = DIRECTION('',(1.,0.,-0.));
#2025 = ORIENTED_EDGE('',*,*,#2026,.T.);
#2026 = EDGE_CURVE('',#2018,#2001,#2027,.T.);
#2027 = LINE('',#2028,#2029);
#2028 = CARTESIAN_POINT('',(41.805,1.27,0.));
#2029 = VECTOR('',#2030,1.);
#2030 = DIRECTION('',(-0.,1.,0.));
#2031 = FACE_BOUND('',#2032,.F.);
#2032 = EDGE_LOOP('',(#2033));
#2033 = ORIENTED_EDGE('',*,*,#2034,.F.);
#2034 = EDGE_CURVE('',#2035,#2035,#2037,.T.);
#2035 = VERTEX_POINT('',#2036);
#2036 = CARTESIAN_POINT('',(39.475,7.62,0.));
#2037 = CIRCLE('',#2038,1.375);
#2038 = AXIS2_PLACEMENT_3D('',#2039,#2040,#2041);
#2039 = CARTESIAN_POINT('',(38.1,7.62,0.));
#2040 = DIRECTION('',(0.,0.,1.));
#2041 = DIRECTION('',(1.,0.,-0.));
#2042 = FACE_BOUND('',#2043,.F.);
#2043 = EDGE_LOOP('',(#2044,#2055,#2063,#2072,#2081));
#2044 = ORIENTED_EDGE('',*,*,#2045,.F.);
#2045 = EDGE_CURVE('',#2046,#2048,#2050,.T.);
#2046 = VERTEX_POINT('',#2047);
#2047 = CARTESIAN_POINT('',(48.26,3.915,0.));
#2048 = VERTEX_POINT('',#2049);
#2049 = CARTESIAN_POINT('',(48.26,1.165,0.));
#2050 = CIRCLE('',#2051,1.375);
#2051 = AXIS2_PLACEMENT_3D('',#2052,#2053,#2054);
#2052 = CARTESIAN_POINT('',(48.26,2.54,0.));
#2053 = DIRECTION('',(0.,0.,1.));
#2054 = DIRECTION('',(1.,0.,-0.));
#2055 = ORIENTED_EDGE('',*,*,#2056,.F.);
#2056 = EDGE_CURVE('',#2057,#2046,#2059,.T.);
#2057 = VERTEX_POINT('',#2058);
#2058 = CARTESIAN_POINT('',(53.34,3.915,0.));
#2059 = LINE('',#2060,#2061);
#2060 = CARTESIAN_POINT('',(24.13,3.915,0.));
#2061 = VECTOR('',#2062,1.);
#2062 = DIRECTION('',(-1.,-0.,0.));
#2063 = ORIENTED_EDGE('',*,*,#2064,.F.);
#2064 = EDGE_CURVE('',#2065,#2057,#2067,.T.);
#2065 = VERTEX_POINT('',#2066);
#2066 = CARTESIAN_POINT('',(54.715,2.54,0.));
#2067 = CIRCLE('',#2068,1.375);
#2068 = AXIS2_PLACEMENT_3D('',#2069,#2070,#2071);
#2069 = CARTESIAN_POINT('',(53.34,2.54,0.));
#2070 = DIRECTION('',(0.,0.,1.));
#2071 = DIRECTION('',(1.,0.,-0.));
#2072 = ORIENTED_EDGE('',*,*,#2073,.F.);
#2073 = EDGE_CURVE('',#2074,#2065,#2076,.T.);
#2074 = VERTEX_POINT('',#2075);
#2075 = CARTESIAN_POINT('',(53.34,1.165,0.));
#2076 = CIRCLE('',#2077,1.375);
#2077 = AXIS2_PLACEMENT_3D('',#2078,#2079,#2080);
#2078 = CARTESIAN_POINT('',(53.34,2.54,0.));
#2079 = DIRECTION('',(0.,0.,1.));
#2080 = DIRECTION('',(1.,0.,-0.));
#2081 = ORIENTED_EDGE('',*,*,#2082,.T.);
#2082 = EDGE_CURVE('',#2074,#2048,#2083,.T.);
#2083 = LINE('',#2084,#2085);
#2084 = CARTESIAN_POINT('',(24.13,1.165,0.));
#2085 = VECTOR('',#2086,1.);
#2086 = DIRECTION('',(-1.,-0.,0.));
#2087 = FACE_BOUND('',#2088,.F.);
#2088 = EDGE_LOOP('',(#2089,#2100,#2108,#2117));
#2089 = ORIENTED_EDGE('',*,*,#2090,.F.);
#2090 = EDGE_CURVE('',#2091,#2093,#2095,.T.);
#2091 = VERTEX_POINT('',#2092);
#2092 = CARTESIAN_POINT('',(59.795,7.62,0.));
#2093 = VERTEX_POINT('',#2094);
#2094 = CARTESIAN_POINT('',(57.045,7.62,0.));
#2095 = CIRCLE('',#2096,1.375);
#2096 = AXIS2_PLACEMENT_3D('',#2097,#2098,#2099);
#2097 = CARTESIAN_POINT('',(58.42,7.62,0.));
#2098 = DIRECTION('',(0.,0.,1.));
#2099 = DIRECTION('',(1.,0.,-0.));
#2100 = ORIENTED_EDGE('',*,*,#2101,.F.);
#2101 = EDGE_CURVE('',#2102,#2091,#2104,.T.);
#2102 = VERTEX_POINT('',#2103);
#2103 = CARTESIAN_POINT('',(59.795,2.54,0.));
#2104 = LINE('',#2105,#2106);
#2105 = CARTESIAN_POINT('',(59.795,1.27,0.));
#2106 = VECTOR('',#2107,1.);
#2107 = DIRECTION('',(-0.,1.,0.));
#2108 = ORIENTED_EDGE('',*,*,#2109,.F.);
#2109 = EDGE_CURVE('',#2110,#2102,#2112,.T.);
#2110 = VERTEX_POINT('',#2111);
#2111 = CARTESIAN_POINT('',(57.045,2.54,0.));
#2112 = CIRCLE('',#2113,1.375);
#2113 = AXIS2_PLACEMENT_3D('',#2114,#2115,#2116);
#2114 = CARTESIAN_POINT('',(58.42,2.54,0.));
#2115 = DIRECTION('',(0.,0.,1.));
#2116 = DIRECTION('',(1.,0.,-0.));
#2117 = ORIENTED_EDGE('',*,*,#2118,.T.);
#2118 = EDGE_CURVE('',#2110,#2093,#2119,.T.);
#2119 = LINE('',#2120,#2121);
#2120 = CARTESIAN_POINT('',(57.045,1.27,0.));
#2121 = VECTOR('',#2122,1.);
#2122 = DIRECTION('',(-0.,1.,0.));
#2123 = FACE_BOUND('',#2124,.F.);
#2124 = EDGE_LOOP('',(#2125));
#2125 = ORIENTED_EDGE('',*,*,#2126,.F.);
#2126 = EDGE_CURVE('',#2127,#2127,#2129,.T.);
#2127 = VERTEX_POINT('',#2128);
#2128 = CARTESIAN_POINT('',(54.715,7.62,0.));
#2129 = CIRCLE('',#2130,1.375);
#2130 = AXIS2_PLACEMENT_3D('',#2131,#2132,#2133);
#2131 = CARTESIAN_POINT('',(53.34,7.62,0.));
#2132 = DIRECTION('',(0.,0.,1.));
#2133 = DIRECTION('',(1.,0.,-0.));
#2134 = FACE_BOUND('',#2135,.F.);
#2135 = EDGE_LOOP('',(#2136,#2147,#2155,#2164));
#2136 = ORIENTED_EDGE('',*,*,#2137,.F.);
#2137 = EDGE_CURVE('',#2138,#2140,#2142,.T.);
#2138 = VERTEX_POINT('',#2139);
#2139 = CARTESIAN_POINT('',(34.395,12.7,0.));
#2140 = VERTEX_POINT('',#2141);
#2141 = CARTESIAN_POINT('',(31.645,12.7,0.));
#2142 = CIRCLE('',#2143,1.375);
#2143 = AXIS2_PLACEMENT_3D('',#2144,#2145,#2146);
#2144 = CARTESIAN_POINT('',(33.02,12.7,0.));
#2145 = DIRECTION('',(0.,0.,1.));
#2146 = DIRECTION('',(1.,0.,-0.));
#2147 = ORIENTED_EDGE('',*,*,#2148,.F.);
#2148 = EDGE_CURVE('',#2149,#2138,#2151,.T.);
#2149 = VERTEX_POINT('',#2150);
#2150 = CARTESIAN_POINT('',(34.395,7.62,0.));
#2151 = LINE('',#2152,#2153);
#2152 = CARTESIAN_POINT('',(34.395,3.81,0.));
#2153 = VECTOR('',#2154,1.);
#2154 = DIRECTION('',(-0.,1.,0.));
#2155 = ORIENTED_EDGE('',*,*,#2156,.F.);
#2156 = EDGE_CURVE('',#2157,#2149,#2159,.T.);
#2157 = VERTEX_POINT('',#2158);
#2158 = CARTESIAN_POINT('',(31.645,7.62,0.));
#2159 = CIRCLE('',#2160,1.375);
#2160 = AXIS2_PLACEMENT_3D('',#2161,#2162,#2163);
#2161 = CARTESIAN_POINT('',(33.02,7.62,0.));
#2162 = DIRECTION('',(0.,0.,1.));
#2163 = DIRECTION('',(1.,0.,-0.));
#2164 = ORIENTED_EDGE('',*,*,#2165,.T.);
#2165 = EDGE_CURVE('',#2157,#2140,#2166,.T.);
#2166 = LINE('',#2167,#2168);
#2167 = CARTESIAN_POINT('',(31.645,3.81,0.));
#2168 = VECTOR('',#2169,1.);
#2169 = DIRECTION('',(-0.,1.,0.));
#2170 = FACE_BOUND('',#2171,.F.);
#2171 = EDGE_LOOP('',(#2172,#2183,#2191,#2200,#2209));
#2172 = ORIENTED_EDGE('',*,*,#2173,.F.);
#2173 = EDGE_CURVE('',#2174,#2176,#2178,.T.);
#2174 = VERTEX_POINT('',#2175);
#2175 = CARTESIAN_POINT('',(38.1,14.075,0.));
#2176 = VERTEX_POINT('',#2177);
#2177 = CARTESIAN_POINT('',(38.1,11.325,0.));
#2178 = CIRCLE('',#2179,1.375);
#2179 = AXIS2_PLACEMENT_3D('',#2180,#2181,#2182);
#2180 = CARTESIAN_POINT('',(38.1,12.7,0.));
#2181 = DIRECTION('',(0.,0.,1.));
#2182 = DIRECTION('',(1.,0.,-0.));
#2183 = ORIENTED_EDGE('',*,*,#2184,.F.);
#2184 = EDGE_CURVE('',#2185,#2174,#2187,.T.);
#2185 = VERTEX_POINT('',#2186);
#2186 = CARTESIAN_POINT('',(43.18,14.075,0.));
#2187 = LINE('',#2188,#2189);
#2188 = CARTESIAN_POINT('',(19.05,14.075,0.));
#2189 = VECTOR('',#2190,1.);
#2190 = DIRECTION('',(-1.,-0.,0.));
#2191 = ORIENTED_EDGE('',*,*,#2192,.F.);
#2192 = EDGE_CURVE('',#2193,#2185,#2195,.T.);
#2193 = VERTEX_POINT('',#2194);
#2194 = CARTESIAN_POINT('',(44.555,12.7,0.));
#2195 = CIRCLE('',#2196,1.375);
#2196 = AXIS2_PLACEMENT_3D('',#2197,#2198,#2199);
#2197 = CARTESIAN_POINT('',(43.18,12.7,0.));
#2198 = DIRECTION('',(0.,0.,1.));
#2199 = DIRECTION('',(1.,0.,-0.));
#2200 = ORIENTED_EDGE('',*,*,#2201,.F.);
#2201 = EDGE_CURVE('',#2202,#2193,#2204,.T.);
#2202 = VERTEX_POINT('',#2203);
#2203 = CARTESIAN_POINT('',(43.18,11.325,0.));
#2204 = CIRCLE('',#2205,1.375);
#2205 = AXIS2_PLACEMENT_3D('',#2206,#2207,#2208);
#2206 = CARTESIAN_POINT('',(43.18,12.7,0.));
#2207 = DIRECTION('',(0.,0.,1.));
#2208 = DIRECTION('',(1.,0.,-0.));
#2209 = ORIENTED_EDGE('',*,*,#2210,.T.);
#2210 = EDGE_CURVE('',#2202,#2176,#2211,.T.);
#2211 = LINE('',#2212,#2213);
#2212 = CARTESIAN_POINT('',(19.05,11.325,0.));
#2213 = VECTOR('',#2214,1.);
#2214 = DIRECTION('',(-1.,-0.,0.));
#2215 = FACE_BOUND('',#2216,.F.);
#2216 = EDGE_LOOP('',(#2217,#2228,#2236,#2245));
#2217 = ORIENTED_EDGE('',*,*,#2218,.F.);
#2218 = EDGE_CURVE('',#2219,#2221,#2223,.T.);
#2219 = VERTEX_POINT('',#2220);
#2220 = CARTESIAN_POINT('',(49.635,12.7,0.));
#2221 = VERTEX_POINT('',#2222);
#2222 = CARTESIAN_POINT('',(46.885,12.7,0.));
#2223 = CIRCLE('',#2224,1.375);
#2224 = AXIS2_PLACEMENT_3D('',#2225,#2226,#2227);
#2225 = CARTESIAN_POINT('',(48.26,12.7,0.));
#2226 = DIRECTION('',(0.,0.,1.));
#2227 = DIRECTION('',(1.,0.,-0.));
#2228 = ORIENTED_EDGE('',*,*,#2229,.F.);
#2229 = EDGE_CURVE('',#2230,#2219,#2232,.T.);
#2230 = VERTEX_POINT('',#2231);
#2231 = CARTESIAN_POINT('',(49.635,7.62,0.));
#2232 = LINE('',#2233,#2234);
#2233 = CARTESIAN_POINT('',(49.635,3.81,0.));
#2234 = VECTOR('',#2235,1.);
#2235 = DIRECTION('',(-0.,1.,0.));
#2236 = ORIENTED_EDGE('',*,*,#2237,.F.);
#2237 = EDGE_CURVE('',#2238,#2230,#2240,.T.);
#2238 = VERTEX_POINT('',#2239);
#2239 = CARTESIAN_POINT('',(46.885,7.62,0.));
#2240 = CIRCLE('',#2241,1.375);
#2241 = AXIS2_PLACEMENT_3D('',#2242,#2243,#2244);
#2242 = CARTESIAN_POINT('',(48.26,7.62,0.));
#2243 = DIRECTION('',(0.,0.,1.));
#2244 = DIRECTION('',(1.,0.,-0.));
#2245 = ORIENTED_EDGE('',*,*,#2246,.T.);
#2246 = EDGE_CURVE('',#2238,#2221,#2247,.T.);
#2247 = LINE('',#2248,#2249);
#2248 = CARTESIAN_POINT('',(46.885,3.81,0.));
#2249 = VECTOR('',#2250,1.);
#2250 = DIRECTION('',(-0.,1.,0.));
#2251 = FACE_BOUND('',#2252,.F.);
#2252 = EDGE_LOOP('',(#2253,#2264,#2272,#2281,#2290));
#2253 = ORIENTED_EDGE('',*,*,#2254,.F.);
#2254 = EDGE_CURVE('',#2255,#2257,#2259,.T.);
#2255 = VERTEX_POINT('',#2256);
#2256 = CARTESIAN_POINT('',(53.34,14.075,0.));
#2257 = VERTEX_POINT('',#2258);
#2258 = CARTESIAN_POINT('',(53.34,11.325,0.));
#2259 = CIRCLE('',#2260,1.375);
#2260 = AXIS2_PLACEMENT_3D('',#2261,#2262,#2263);
#2261 = CARTESIAN_POINT('',(53.34,12.7,0.));
#2262 = DIRECTION('',(0.,0.,1.));
#2263 = DIRECTION('',(1.,0.,-0.));
#2264 = ORIENTED_EDGE('',*,*,#2265,.F.);
#2265 = EDGE_CURVE('',#2266,#2255,#2268,.T.);
#2266 = VERTEX_POINT('',#2267);
#2267 = CARTESIAN_POINT('',(58.42,14.075,0.));
#2268 = LINE('',#2269,#2270);
#2269 = CARTESIAN_POINT('',(26.67,14.075,0.));
#2270 = VECTOR('',#2271,1.);
#2271 = DIRECTION('',(-1.,-0.,0.));
#2272 = ORIENTED_EDGE('',*,*,#2273,.F.);
#2273 = EDGE_CURVE('',#2274,#2266,#2276,.T.);
#2274 = VERTEX_POINT('',#2275);
#2275 = CARTESIAN_POINT('',(59.795,12.7,0.));
#2276 = CIRCLE('',#2277,1.375);
#2277 = AXIS2_PLACEMENT_3D('',#2278,#2279,#2280);
#2278 = CARTESIAN_POINT('',(58.42,12.7,0.));
#2279 = DIRECTION('',(0.,0.,1.));
#2280 = DIRECTION('',(1.,0.,-0.));
#2281 = ORIENTED_EDGE('',*,*,#2282,.F.);
#2282 = EDGE_CURVE('',#2283,#2274,#2285,.T.);
#2283 = VERTEX_POINT('',#2284);
#2284 = CARTESIAN_POINT('',(58.42,11.325,0.));
#2285 = CIRCLE('',#2286,1.375);
#2286 = AXIS2_PLACEMENT_3D('',#2287,#2288,#2289);
#2287 = CARTESIAN_POINT('',(58.42,12.7,0.));
#2288 = DIRECTION('',(0.,0.,1.));
#2289 = DIRECTION('',(1.,0.,-0.));
#2290 = ORIENTED_EDGE('',*,*,#2291,.T.);
#2291 = EDGE_CURVE('',#2283,#2257,#2292,.T.);
#2292 = LINE('',#2293,#2294);
#2293 = CARTESIAN_POINT('',(26.67,11.325,0.));
#2294 = VECTOR('',#2295,1.);
#2295 = DIRECTION('',(-1.,-0.,0.));
#2296 = FACE_BOUND('',#2297,.F.);
#2297 = EDGE_LOOP('',(#2298,#2309,#2317,#2326,#2335));
#2298 = ORIENTED_EDGE('',*,*,#2299,.F.);
#2299 = EDGE_CURVE('',#2300,#2302,#2304,.T.);
#2300 = VERTEX_POINT('',#2301);
#2301 = CARTESIAN_POINT('',(2.54,19.155,0.));
#2302 = VERTEX_POINT('',#2303);
#2303 = CARTESIAN_POINT('',(2.54,16.405,0.));
#2304 = CIRCLE('',#2305,1.375);
#2305 = AXIS2_PLACEMENT_3D('',#2306,#2307,#2308);
#2306 = CARTESIAN_POINT('',(2.54,17.78,0.));
#2307 = DIRECTION('',(0.,0.,1.));
#2308 = DIRECTION('',(1.,0.,-0.));
#2309 = ORIENTED_EDGE('',*,*,#2310,.F.);
#2310 = EDGE_CURVE('',#2311,#2300,#2313,.T.);
#2311 = VERTEX_POINT('',#2312);
#2312 = CARTESIAN_POINT('',(7.62,19.155,0.));
#2313 = LINE('',#2314,#2315);
#2314 = CARTESIAN_POINT('',(1.27,19.155,0.));
#2315 = VECTOR('',#2316,1.);
#2316 = DIRECTION('',(-1.,-0.,0.));
#2317 = ORIENTED_EDGE('',*,*,#2318,.F.);
#2318 = EDGE_CURVE('',#2319,#2311,#2321,.T.);
#2319 = VERTEX_POINT('',#2320);
#2320 = CARTESIAN_POINT('',(8.995,17.78,0.));
#2321 = CIRCLE('',#2322,1.375);
#2322 = AXIS2_PLACEMENT_3D('',#2323,#2324,#2325);
#2323 = CARTESIAN_POINT('',(7.62,17.78,0.));
#2324 = DIRECTION('',(0.,0.,1.));
#2325 = DIRECTION('',(1.,0.,-0.));
#2326 = ORIENTED_EDGE('',*,*,#2327,.F.);
#2327 = EDGE_CURVE('',#2328,#2319,#2330,.T.);
#2328 = VERTEX_POINT('',#2329);
#2329 = CARTESIAN_POINT('',(7.62,16.405,0.));
#2330 = CIRCLE('',#2331,1.375);
#2331 = AXIS2_PLACEMENT_3D('',#2332,#2333,#2334);
#2332 = CARTESIAN_POINT('',(7.62,17.78,0.));
#2333 = DIRECTION('',(0.,0.,1.));
#2334 = DIRECTION('',(1.,0.,-0.));
#2335 = ORIENTED_EDGE('',*,*,#2336,.T.);
#2336 = EDGE_CURVE('',#2328,#2302,#2337,.T.);
#2337 = LINE('',#2338,#2339);
#2338 = CARTESIAN_POINT('',(1.27,16.405,0.));
#2339 = VECTOR('',#2340,1.);
#2340 = DIRECTION('',(-1.,-0.,0.));
#2341 = FACE_BOUND('',#2342,.F.);
#2342 = EDGE_LOOP('',(#2343,#2354,#2362,#2371));
#2343 = ORIENTED_EDGE('',*,*,#2344,.F.);
#2344 = EDGE_CURVE('',#2345,#2347,#2349,.T.);
#2345 = VERTEX_POINT('',#2346);
#2346 = CARTESIAN_POINT('',(14.075,22.86,0.));
#2347 = VERTEX_POINT('',#2348);
#2348 = CARTESIAN_POINT('',(11.325,22.86,0.));
#2349 = CIRCLE('',#2350,1.375);
#2350 = AXIS2_PLACEMENT_3D('',#2351,#2352,#2353);
#2351 = CARTESIAN_POINT('',(12.7,22.86,0.));
#2352 = DIRECTION('',(0.,0.,1.));
#2353 = DIRECTION('',(1.,0.,-0.));
#2354 = ORIENTED_EDGE('',*,*,#2355,.F.);
#2355 = EDGE_CURVE('',#2356,#2345,#2358,.T.);
#2356 = VERTEX_POINT('',#2357);
#2357 = CARTESIAN_POINT('',(14.075,17.78,0.));
#2358 = LINE('',#2359,#2360);
#2359 = CARTESIAN_POINT('',(14.075,8.89,0.));
#2360 = VECTOR('',#2361,1.);
#2361 = DIRECTION('',(-0.,1.,0.));
#2362 = ORIENTED_EDGE('',*,*,#2363,.F.);
#2363 = EDGE_CURVE('',#2364,#2356,#2366,.T.);
#2364 = VERTEX_POINT('',#2365);
#2365 = CARTESIAN_POINT('',(11.325,17.78,0.));
#2366 = CIRCLE('',#2367,1.375);
#2367 = AXIS2_PLACEMENT_3D('',#2368,#2369,#2370);
#2368 = CARTESIAN_POINT('',(12.7,17.78,0.));
#2369 = DIRECTION('',(0.,0.,1.));
#2370 = DIRECTION('',(1.,0.,-0.));
#2371 = ORIENTED_EDGE('',*,*,#2372,.T.);
#2372 = EDGE_CURVE('',#2364,#2347,#2373,.T.);
#2373 = LINE('',#2374,#2375);
#2374 = CARTESIAN_POINT('',(11.325,8.89,0.));
#2375 = VECTOR('',#2376,1.);
#2376 = DIRECTION('',(-0.,1.,0.));
#2377 = FACE_BOUND('',#2378,.F.);
#2378 = EDGE_LOOP('',(#2379,#2390,#2398,#2407,#2416));
#2379 = ORIENTED_EDGE('',*,*,#2380,.F.);
#2380 = EDGE_CURVE('',#2381,#2383,#2385,.T.);
#2381 = VERTEX_POINT('',#2382);
#2382 = CARTESIAN_POINT('',(17.78,19.155,0.));
#2383 = VERTEX_POINT('',#2384);
#2384 = CARTESIAN_POINT('',(17.78,16.405,0.));
#2385 = CIRCLE('',#2386,1.375);
#2386 = AXIS2_PLACEMENT_3D('',#2387,#2388,#2389);
#2387 = CARTESIAN_POINT('',(17.78,17.78,0.));
#2388 = DIRECTION('',(0.,0.,1.));
#2389 = DIRECTION('',(1.,0.,-0.));
#2390 = ORIENTED_EDGE('',*,*,#2391,.F.);
#2391 = EDGE_CURVE('',#2392,#2381,#2394,.T.);
#2392 = VERTEX_POINT('',#2393);
#2393 = CARTESIAN_POINT('',(22.86,19.155,0.));
#2394 = LINE('',#2395,#2396);
#2395 = CARTESIAN_POINT('',(8.89,19.155,0.));
#2396 = VECTOR('',#2397,1.);
#2397 = DIRECTION('',(-1.,-0.,0.));
#2398 = ORIENTED_EDGE('',*,*,#2399,.F.);
#2399 = EDGE_CURVE('',#2400,#2392,#2402,.T.);
#2400 = VERTEX_POINT('',#2401);
#2401 = CARTESIAN_POINT('',(24.235,17.78,0.));
#2402 = CIRCLE('',#2403,1.375);
#2403 = AXIS2_PLACEMENT_3D('',#2404,#2405,#2406);
#2404 = CARTESIAN_POINT('',(22.86,17.78,0.));
#2405 = DIRECTION('',(0.,0.,1.));
#2406 = DIRECTION('',(1.,0.,-0.));
#2407 = ORIENTED_EDGE('',*,*,#2408,.F.);
#2408 = EDGE_CURVE('',#2409,#2400,#2411,.T.);
#2409 = VERTEX_POINT('',#2410);
#2410 = CARTESIAN_POINT('',(22.86,16.405,0.));
#2411 = CIRCLE('',#2412,1.375);
#2412 = AXIS2_PLACEMENT_3D('',#2413,#2414,#2415);
#2413 = CARTESIAN_POINT('',(22.86,17.78,0.));
#2414 = DIRECTION('',(0.,0.,1.));
#2415 = DIRECTION('',(1.,0.,-0.));
#2416 = ORIENTED_EDGE('',*,*,#2417,.T.);
#2417 = EDGE_CURVE('',#2409,#2383,#2418,.T.);
#2418 = LINE('',#2419,#2420);
#2419 = CARTESIAN_POINT('',(8.89,16.405,0.));
#2420 = VECTOR('',#2421,1.);
#2421 = DIRECTION('',(-1.,-0.,0.));
#2422 = FACE_BOUND('',#2423,.F.);
#2423 = EDGE_LOOP('',(#2424,#2435,#2443,#2452));
#2424 = ORIENTED_EDGE('',*,*,#2425,.F.);
#2425 = EDGE_CURVE('',#2426,#2428,#2430,.T.);
#2426 = VERTEX_POINT('',#2427);
#2427 = CARTESIAN_POINT('',(29.315,22.86,0.));
#2428 = VERTEX_POINT('',#2429);
#2429 = CARTESIAN_POINT('',(26.565,22.86,0.));
#2430 = CIRCLE('',#2431,1.375);
#2431 = AXIS2_PLACEMENT_3D('',#2432,#2433,#2434);
#2432 = CARTESIAN_POINT('',(27.94,22.86,0.));
#2433 = DIRECTION('',(0.,0.,1.));
#2434 = DIRECTION('',(1.,0.,-0.));
#2435 = ORIENTED_EDGE('',*,*,#2436,.F.);
#2436 = EDGE_CURVE('',#2437,#2426,#2439,.T.);
#2437 = VERTEX_POINT('',#2438);
#2438 = CARTESIAN_POINT('',(29.315,17.78,0.));
#2439 = LINE('',#2440,#2441);
#2440 = CARTESIAN_POINT('',(29.315,8.89,0.));
#2441 = VECTOR('',#2442,1.);
#2442 = DIRECTION('',(-0.,1.,0.));
#2443 = ORIENTED_EDGE('',*,*,#2444,.F.);
#2444 = EDGE_CURVE('',#2445,#2437,#2447,.T.);
#2445 = VERTEX_POINT('',#2446);
#2446 = CARTESIAN_POINT('',(26.565,17.78,0.));
#2447 = CIRCLE('',#2448,1.375);
#2448 = AXIS2_PLACEMENT_3D('',#2449,#2450,#2451);
#2449 = CARTESIAN_POINT('',(27.94,17.78,0.));
#2450 = DIRECTION('',(0.,0.,1.));
#2451 = DIRECTION('',(1.,0.,-0.));
#2452 = ORIENTED_EDGE('',*,*,#2453,.T.);
#2453 = EDGE_CURVE('',#2445,#2428,#2454,.T.);
#2454 = LINE('',#2455,#2456);
#2455 = CARTESIAN_POINT('',(26.565,8.89,0.));
#2456 = VECTOR('',#2457,1.);
#2457 = DIRECTION('',(-0.,1.,0.));
#2458 = FACE_BOUND('',#2459,.F.);
#2459 = EDGE_LOOP('',(#2460));
#2460 = ORIENTED_EDGE('',*,*,#2461,.F.);
#2461 = EDGE_CURVE('',#2462,#2462,#2464,.T.);
#2462 = VERTEX_POINT('',#2463);
#2463 = CARTESIAN_POINT('',(8.995,22.86,0.));
#2464 = CIRCLE('',#2465,1.375);
#2465 = AXIS2_PLACEMENT_3D('',#2466,#2467,#2468);
#2466 = CARTESIAN_POINT('',(7.62,22.86,0.));
#2467 = DIRECTION('',(0.,0.,1.));
#2468 = DIRECTION('',(1.,0.,-0.));
#2469 = FACE_BOUND('',#2470,.F.);
#2470 = EDGE_LOOP('',(#2471,#2482,#2490,#2499));
#2471 = ORIENTED_EDGE('',*,*,#2472,.F.);
#2472 = EDGE_CURVE('',#2473,#2475,#2477,.T.);
#2473 = VERTEX_POINT('',#2474);
#2474 = CARTESIAN_POINT('',(3.915,27.94,0.));
#2475 = VERTEX_POINT('',#2476);
#2476 = CARTESIAN_POINT('',(1.165,27.94,0.));
#2477 = CIRCLE('',#2478,1.375);
#2478 = AXIS2_PLACEMENT_3D('',#2479,#2480,#2481);
#2479 = CARTESIAN_POINT('',(2.54,27.94,0.));
#2480 = DIRECTION('',(0.,0.,1.));
#2481 = DIRECTION('',(1.,0.,-0.));
#2482 = ORIENTED_EDGE('',*,*,#2483,.F.);
#2483 = EDGE_CURVE('',#2484,#2473,#2486,.T.);
#2484 = VERTEX_POINT('',#2485);
#2485 = CARTESIAN_POINT('',(3.915,22.86,0.));
#2486 = LINE('',#2487,#2488);
#2487 = CARTESIAN_POINT('',(3.915,11.43,0.));
#2488 = VECTOR('',#2489,1.);
#2489 = DIRECTION('',(-0.,1.,0.));
#2490 = ORIENTED_EDGE('',*,*,#2491,.F.);
#2491 = EDGE_CURVE('',#2492,#2484,#2494,.T.);
#2492 = VERTEX_POINT('',#2493);
#2493 = CARTESIAN_POINT('',(1.165,22.86,0.));
#2494 = CIRCLE('',#2495,1.375);
#2495 = AXIS2_PLACEMENT_3D('',#2496,#2497,#2498);
#2496 = CARTESIAN_POINT('',(2.54,22.86,0.));
#2497 = DIRECTION('',(0.,0.,1.));
#2498 = DIRECTION('',(1.,0.,-0.));
#2499 = ORIENTED_EDGE('',*,*,#2500,.T.);
#2500 = EDGE_CURVE('',#2492,#2475,#2501,.T.);
#2501 = LINE('',#2502,#2503);
#2502 = CARTESIAN_POINT('',(1.165,11.43,0.));
#2503 = VECTOR('',#2504,1.);
#2504 = DIRECTION('',(-0.,1.,0.));
#2505 = FACE_BOUND('',#2506,.F.);
#2506 = EDGE_LOOP('',(#2507,#2518,#2526,#2535,#2544));
#2507 = ORIENTED_EDGE('',*,*,#2508,.F.);
#2508 = EDGE_CURVE('',#2509,#2511,#2513,.T.);
#2509 = VERTEX_POINT('',#2510);
#2510 = CARTESIAN_POINT('',(7.62,29.315,0.));
#2511 = VERTEX_POINT('',#2512);
#2512 = CARTESIAN_POINT('',(7.62,26.565,0.));
#2513 = CIRCLE('',#2514,1.375);
#2514 = AXIS2_PLACEMENT_3D('',#2515,#2516,#2517);
#2515 = CARTESIAN_POINT('',(7.62,27.94,0.));
#2516 = DIRECTION('',(0.,0.,1.));
#2517 = DIRECTION('',(1.,0.,-0.));
#2518 = ORIENTED_EDGE('',*,*,#2519,.F.);
#2519 = EDGE_CURVE('',#2520,#2509,#2522,.T.);
#2520 = VERTEX_POINT('',#2521);
#2521 = CARTESIAN_POINT('',(12.7,29.315,0.));
#2522 = LINE('',#2523,#2524);
#2523 = CARTESIAN_POINT('',(3.81,29.315,0.));
#2524 = VECTOR('',#2525,1.);
#2525 = DIRECTION('',(-1.,-0.,0.));
#2526 = ORIENTED_EDGE('',*,*,#2527,.F.);
#2527 = EDGE_CURVE('',#2528,#2520,#2530,.T.);
#2528 = VERTEX_POINT('',#2529);
#2529 = CARTESIAN_POINT('',(14.075,27.94,0.));
#2530 = CIRCLE('',#2531,1.375);
#2531 = AXIS2_PLACEMENT_3D('',#2532,#2533,#2534);
#2532 = CARTESIAN_POINT('',(12.7,27.94,0.));
#2533 = DIRECTION('',(0.,0.,1.));
#2534 = DIRECTION('',(1.,0.,-0.));
#2535 = ORIENTED_EDGE('',*,*,#2536,.F.);
#2536 = EDGE_CURVE('',#2537,#2528,#2539,.T.);
#2537 = VERTEX_POINT('',#2538);
#2538 = CARTESIAN_POINT('',(12.7,26.565,0.));
#2539 = CIRCLE('',#2540,1.375);
#2540 = AXIS2_PLACEMENT_3D('',#2541,#2542,#2543);
#2541 = CARTESIAN_POINT('',(12.7,27.94,0.));
#2542 = DIRECTION('',(0.,0.,1.));
#2543 = DIRECTION('',(1.,0.,-0.));
#2544 = ORIENTED_EDGE('',*,*,#2545,.T.);
#2545 = EDGE_CURVE('',#2537,#2511,#2546,.T.);
#2546 = LINE('',#2547,#2548);
#2547 = CARTESIAN_POINT('',(3.81,26.565,0.));
#2548 = VECTOR('',#2549,1.);
#2549 = DIRECTION('',(-1.,-0.,0.));
#2550 = FACE_BOUND('',#2551,.F.);
#2551 = EDGE_LOOP('',(#2552));
#2552 = ORIENTED_EDGE('',*,*,#2553,.F.);
#2553 = EDGE_CURVE('',#2554,#2554,#2556,.T.);
#2554 = VERTEX_POINT('',#2555);
#2555 = CARTESIAN_POINT('',(24.235,22.86,0.));
#2556 = CIRCLE('',#2557,1.375);
#2557 = AXIS2_PLACEMENT_3D('',#2558,#2559,#2560);
#2558 = CARTESIAN_POINT('',(22.86,22.86,0.));
#2559 = DIRECTION('',(0.,0.,1.));
#2560 = DIRECTION('',(1.,0.,-0.));
#2561 = FACE_BOUND('',#2562,.F.);
#2562 = EDGE_LOOP('',(#2563,#2574,#2582,#2591));
#2563 = ORIENTED_EDGE('',*,*,#2564,.F.);
#2564 = EDGE_CURVE('',#2565,#2567,#2569,.T.);
#2565 = VERTEX_POINT('',#2566);
#2566 = CARTESIAN_POINT('',(19.155,27.94,0.));
#2567 = VERTEX_POINT('',#2568);
#2568 = CARTESIAN_POINT('',(16.405,27.94,0.));
#2569 = CIRCLE('',#2570,1.375);
#2570 = AXIS2_PLACEMENT_3D('',#2571,#2572,#2573);
#2571 = CARTESIAN_POINT('',(17.78,27.94,0.));
#2572 = DIRECTION('',(0.,0.,1.));
#2573 = DIRECTION('',(1.,0.,-0.));
#2574 = ORIENTED_EDGE('',*,*,#2575,.F.);
#2575 = EDGE_CURVE('',#2576,#2565,#2578,.T.);
#2576 = VERTEX_POINT('',#2577);
#2577 = CARTESIAN_POINT('',(19.155,22.86,0.));
#2578 = LINE('',#2579,#2580);
#2579 = CARTESIAN_POINT('',(19.155,11.43,0.));
#2580 = VECTOR('',#2581,1.);
#2581 = DIRECTION('',(-0.,1.,0.));
#2582 = ORIENTED_EDGE('',*,*,#2583,.F.);
#2583 = EDGE_CURVE('',#2584,#2576,#2586,.T.);
#2584 = VERTEX_POINT('',#2585);
#2585 = CARTESIAN_POINT('',(16.405,22.86,0.));
#2586 = CIRCLE('',#2587,1.375);
#2587 = AXIS2_PLACEMENT_3D('',#2588,#2589,#2590);
#2588 = CARTESIAN_POINT('',(17.78,22.86,0.));
#2589 = DIRECTION('',(0.,0.,1.));
#2590 = DIRECTION('',(1.,0.,-0.));
#2591 = ORIENTED_EDGE('',*,*,#2592,.T.);
#2592 = EDGE_CURVE('',#2584,#2567,#2593,.T.);
#2593 = LINE('',#2594,#2595);
#2594 = CARTESIAN_POINT('',(16.405,11.43,0.));
#2595 = VECTOR('',#2596,1.);
#2596 = DIRECTION('',(-0.,1.,0.));
#2597 = FACE_BOUND('',#2598,.F.);
#2598 = EDGE_LOOP('',(#2599,#2610,#2618,#2627,#2636));
#2599 = ORIENTED_EDGE('',*,*,#2600,.F.);
#2600 = EDGE_CURVE('',#2601,#2603,#2605,.T.);
#2601 = VERTEX_POINT('',#2602);
#2602 = CARTESIAN_POINT('',(22.86,29.315,0.));
#2603 = VERTEX_POINT('',#2604);
#2604 = CARTESIAN_POINT('',(22.86,26.565,0.));
#2605 = CIRCLE('',#2606,1.375);
#2606 = AXIS2_PLACEMENT_3D('',#2607,#2608,#2609);
#2607 = CARTESIAN_POINT('',(22.86,27.94,0.));
#2608 = DIRECTION('',(0.,0.,1.));
#2609 = DIRECTION('',(1.,0.,-0.));
#2610 = ORIENTED_EDGE('',*,*,#2611,.F.);
#2611 = EDGE_CURVE('',#2612,#2601,#2614,.T.);
#2612 = VERTEX_POINT('',#2613);
#2613 = CARTESIAN_POINT('',(27.94,29.315,0.));
#2614 = LINE('',#2615,#2616);
#2615 = CARTESIAN_POINT('',(11.43,29.315,0.));
#2616 = VECTOR('',#2617,1.);
#2617 = DIRECTION('',(-1.,-0.,0.));
#2618 = ORIENTED_EDGE('',*,*,#2619,.F.);
#2619 = EDGE_CURVE('',#2620,#2612,#2622,.T.);
#2620 = VERTEX_POINT('',#2621);
#2621 = CARTESIAN_POINT('',(29.315,27.94,0.));
#2622 = CIRCLE('',#2623,1.375);
#2623 = AXIS2_PLACEMENT_3D('',#2624,#2625,#2626);
#2624 = CARTESIAN_POINT('',(27.94,27.94,0.));
#2625 = DIRECTION('',(0.,0.,1.));
#2626 = DIRECTION('',(1.,0.,-0.));
#2627 = ORIENTED_EDGE('',*,*,#2628,.F.);
#2628 = EDGE_CURVE('',#2629,#2620,#2631,.T.);
#2629 = VERTEX_POINT('',#2630);
#2630 = CARTESIAN_POINT('',(27.94,26.565,0.));
#2631 = CIRCLE('',#2632,1.375);
#2632 = AXIS2_PLACEMENT_3D('',#2633,#2634,#2635);
#2633 = CARTESIAN_POINT('',(27.94,27.94,0.));
#2634 = DIRECTION('',(0.,0.,1.));
#2635 = DIRECTION('',(1.,0.,-0.));
#2636 = ORIENTED_EDGE('',*,*,#2637,.T.);
#2637 = EDGE_CURVE('',#2629,#2603,#2638,.T.);
#2638 = LINE('',#2639,#2640);
#2639 = CARTESIAN_POINT('',(11.43,26.565,0.));
#2640 = VECTOR('',#2641,1.);
#2641 = DIRECTION('',(-1.,-0.,0.));
#2642 = FACE_BOUND('',#2643,.F.);
#2643 = EDGE_LOOP('',(#2644,#2655,#2663,#2672,#2681));
#2644 = ORIENTED_EDGE('',*,*,#2645,.F.);
#2645 = EDGE_CURVE('',#2646,#2648,#2650,.T.);
#2646 = VERTEX_POINT('',#2647);
#2647 = CARTESIAN_POINT('',(33.02,19.155,0.));
#2648 = VERTEX_POINT('',#2649);
#2649 = CARTESIAN_POINT('',(33.02,16.405,0.));
#2650 = CIRCLE('',#2651,1.375);
#2651 = AXIS2_PLACEMENT_3D('',#2652,#2653,#2654);
#2652 = CARTESIAN_POINT('',(33.02,17.78,0.));
#2653 = DIRECTION('',(0.,0.,1.));
#2654 = DIRECTION('',(1.,0.,-0.));
#2655 = ORIENTED_EDGE('',*,*,#2656,.F.);
#2656 = EDGE_CURVE('',#2657,#2646,#2659,.T.);
#2657 = VERTEX_POINT('',#2658);
#2658 = CARTESIAN_POINT('',(38.1,19.155,0.));
#2659 = LINE('',#2660,#2661);
#2660 = CARTESIAN_POINT('',(16.51,19.155,0.));
#2661 = VECTOR('',#2662,1.);
#2662 = DIRECTION('',(-1.,-0.,0.));
#2663 = ORIENTED_EDGE('',*,*,#2664,.F.);
#2664 = EDGE_CURVE('',#2665,#2657,#2667,.T.);
#2665 = VERTEX_POINT('',#2666);
#2666 = CARTESIAN_POINT('',(39.475,17.78,0.));
#2667 = CIRCLE('',#2668,1.375);
#2668 = AXIS2_PLACEMENT_3D('',#2669,#2670,#2671);
#2669 = CARTESIAN_POINT('',(38.1,17.78,0.));
#2670 = DIRECTION('',(0.,0.,1.));
#2671 = DIRECTION('',(1.,0.,-0.));
#2672 = ORIENTED_EDGE('',*,*,#2673,.F.);
#2673 = EDGE_CURVE('',#2674,#2665,#2676,.T.);
#2674 = VERTEX_POINT('',#2675);
#2675 = CARTESIAN_POINT('',(38.1,16.405,0.));
#2676 = CIRCLE('',#2677,1.375);
#2677 = AXIS2_PLACEMENT_3D('',#2678,#2679,#2680);
#2678 = CARTESIAN_POINT('',(38.1,17.78,0.));
#2679 = DIRECTION('',(0.,0.,1.));
#2680 = DIRECTION('',(1.,0.,-0.));
#2681 = ORIENTED_EDGE('',*,*,#2682,.T.);
#2682 = EDGE_CURVE('',#2674,#2648,#2683,.T.);
#2683 = LINE('',#2684,#2685);
#2684 = CARTESIAN_POINT('',(16.51,16.405,0.));
#2685 = VECTOR('',#2686,1.);
#2686 = DIRECTION('',(-1.,-0.,0.));
#2687 = FACE_BOUND('',#2688,.F.);
#2688 = EDGE_LOOP('',(#2689,#2700,#2708,#2717));
#2689 = ORIENTED_EDGE('',*,*,#2690,.F.);
#2690 = EDGE_CURVE('',#2691,#2693,#2695,.T.);
#2691 = VERTEX_POINT('',#2692);
#2692 = CARTESIAN_POINT('',(44.555,22.86,0.));
#2693 = VERTEX_POINT('',#2694);
#2694 = CARTESIAN_POINT('',(41.805,22.86,0.));
#2695 = CIRCLE('',#2696,1.375);
#2696 = AXIS2_PLACEMENT_3D('',#2697,#2698,#2699);
#2697 = CARTESIAN_POINT('',(43.18,22.86,0.));
#2698 = DIRECTION('',(0.,0.,1.));
#2699 = DIRECTION('',(1.,0.,-0.));
#2700 = ORIENTED_EDGE('',*,*,#2701,.F.);
#2701 = EDGE_CURVE('',#2702,#2691,#2704,.T.);
#2702 = VERTEX_POINT('',#2703);
#2703 = CARTESIAN_POINT('',(44.555,17.78,0.));
#2704 = LINE('',#2705,#2706);
#2705 = CARTESIAN_POINT('',(44.555,8.89,0.));
#2706 = VECTOR('',#2707,1.);
#2707 = DIRECTION('',(-0.,1.,0.));
#2708 = ORIENTED_EDGE('',*,*,#2709,.F.);
#2709 = EDGE_CURVE('',#2710,#2702,#2712,.T.);
#2710 = VERTEX_POINT('',#2711);
#2711 = CARTESIAN_POINT('',(41.805,17.78,0.));
#2712 = CIRCLE('',#2713,1.375);
#2713 = AXIS2_PLACEMENT_3D('',#2714,#2715,#2716);
#2714 = CARTESIAN_POINT('',(43.18,17.78,0.));
#2715 = DIRECTION('',(0.,0.,1.));
#2716 = DIRECTION('',(1.,0.,-0.));
#2717 = ORIENTED_EDGE('',*,*,#2718,.T.);
#2718 = EDGE_CURVE('',#2710,#2693,#2719,.T.);
#2719 = LINE('',#2720,#2721);
#2720 = CARTESIAN_POINT('',(41.805,8.89,0.));
#2721 = VECTOR('',#2722,1.);
#2722 = DIRECTION('',(-0.,1.,0.));
#2723 = FACE_BOUND('',#2724,.F.);
#2724 = EDGE_LOOP('',(#2725,#2736,#2744,#2753,#2762));
#2725 = ORIENTED_EDGE('',*,*,#2726,.F.);
#2726 = EDGE_CURVE('',#2727,#2729,#2731,.T.);
#2727 = VERTEX_POINT('',#2728);
#2728 = CARTESIAN_POINT('',(48.26,19.155,0.));
#2729 = VERTEX_POINT('',#2730);
#2730 = CARTESIAN_POINT('',(48.26,16.405,0.));
#2731 = CIRCLE('',#2732,1.375);
#2732 = AXIS2_PLACEMENT_3D('',#2733,#2734,#2735);
#2733 = CARTESIAN_POINT('',(48.26,17.78,0.));
#2734 = DIRECTION('',(0.,0.,1.));
#2735 = DIRECTION('',(1.,0.,-0.));
#2736 = ORIENTED_EDGE('',*,*,#2737,.F.);
#2737 = EDGE_CURVE('',#2738,#2727,#2740,.T.);
#2738 = VERTEX_POINT('',#2739);
#2739 = CARTESIAN_POINT('',(53.34,19.155,0.));
#2740 = LINE('',#2741,#2742);
#2741 = CARTESIAN_POINT('',(24.13,19.155,0.));
#2742 = VECTOR('',#2743,1.);
#2743 = DIRECTION('',(-1.,-0.,0.));
#2744 = ORIENTED_EDGE('',*,*,#2745,.F.);
#2745 = EDGE_CURVE('',#2746,#2738,#2748,.T.);
#2746 = VERTEX_POINT('',#2747);
#2747 = CARTESIAN_POINT('',(54.715,17.78,0.));
#2748 = CIRCLE('',#2749,1.375);
#2749 = AXIS2_PLACEMENT_3D('',#2750,#2751,#2752);
#2750 = CARTESIAN_POINT('',(53.34,17.78,0.));
#2751 = DIRECTION('',(0.,0.,1.));
#2752 = DIRECTION('',(1.,0.,-0.));
#2753 = ORIENTED_EDGE('',*,*,#2754,.F.);
#2754 = EDGE_CURVE('',#2755,#2746,#2757,.T.);
#2755 = VERTEX_POINT('',#2756);
#2756 = CARTESIAN_POINT('',(53.34,16.405,0.));
#2757 = CIRCLE('',#2758,1.375);
#2758 = AXIS2_PLACEMENT_3D('',#2759,#2760,#2761);
#2759 = CARTESIAN_POINT('',(53.34,17.78,0.));
#2760 = DIRECTION('',(0.,0.,1.));
#2761 = DIRECTION('',(1.,0.,-0.));
#2762 = ORIENTED_EDGE('',*,*,#2763,.T.);
#2763 = EDGE_CURVE('',#2755,#2729,#2764,.T.);
#2764 = LINE('',#2765,#2766);
#2765 = CARTESIAN_POINT('',(24.13,16.405,0.));
#2766 = VECTOR('',#2767,1.);
#2767 = DIRECTION('',(-1.,-0.,0.));
#2768 = FACE_BOUND('',#2769,.F.);
#2769 = EDGE_LOOP('',(#2770,#2781,#2789,#2798));
#2770 = ORIENTED_EDGE('',*,*,#2771,.F.);
#2771 = EDGE_CURVE('',#2772,#2774,#2776,.T.);
#2772 = VERTEX_POINT('',#2773);
#2773 = CARTESIAN_POINT('',(59.795,22.86,0.));
#2774 = VERTEX_POINT('',#2775);
#2775 = CARTESIAN_POINT('',(57.045,22.86,0.));
#2776 = CIRCLE('',#2777,1.375);
#2777 = AXIS2_PLACEMENT_3D('',#2778,#2779,#2780);
#2778 = CARTESIAN_POINT('',(58.42,22.86,0.));
#2779 = DIRECTION('',(0.,0.,1.));
#2780 = DIRECTION('',(1.,0.,-0.));
#2781 = ORIENTED_EDGE('',*,*,#2782,.F.);
#2782 = EDGE_CURVE('',#2783,#2772,#2785,.T.);
#2783 = VERTEX_POINT('',#2784);
#2784 = CARTESIAN_POINT('',(59.795,17.78,0.));
#2785 = LINE('',#2786,#2787);
#2786 = CARTESIAN_POINT('',(59.795,8.89,0.));
#2787 = VECTOR('',#2788,1.);
#2788 = DIRECTION('',(-0.,1.,0.));
#2789 = ORIENTED_EDGE('',*,*,#2790,.F.);
#2790 = EDGE_CURVE('',#2791,#2783,#2793,.T.);
#2791 = VERTEX_POINT('',#2792);
#2792 = CARTESIAN_POINT('',(57.045,17.78,0.));
#2793 = CIRCLE('',#2794,1.375);
#2794 = AXIS2_PLACEMENT_3D('',#2795,#2796,#2797);
#2795 = CARTESIAN_POINT('',(58.42,17.78,0.));
#2796 = DIRECTION('',(0.,0.,1.));
#2797 = DIRECTION('',(1.,0.,-0.));
#2798 = ORIENTED_EDGE('',*,*,#2799,.T.);
#2799 = EDGE_CURVE('',#2791,#2774,#2800,.T.);
#2800 = LINE('',#2801,#2802);
#2801 = CARTESIAN_POINT('',(57.045,8.89,0.));
#2802 = VECTOR('',#2803,1.);
#2803 = DIRECTION('',(-0.,1.,0.));
#2804 = FACE_BOUND('',#2805,.F.);
#2805 = EDGE_LOOP('',(#2806,#2817,#2825,#2834));
#2806 = ORIENTED_EDGE('',*,*,#2807,.F.);
#2807 = EDGE_CURVE('',#2808,#2810,#2812,.T.);
#2808 = VERTEX_POINT('',#2809);
#2809 = CARTESIAN_POINT('',(34.395,27.94,0.));
#2810 = VERTEX_POINT('',#2811);
#2811 = CARTESIAN_POINT('',(31.645,27.94,0.));
#2812 = CIRCLE('',#2813,1.375);
#2813 = AXIS2_PLACEMENT_3D('',#2814,#2815,#2816);
#2814 = CARTESIAN_POINT('',(33.02,27.94,0.));
#2815 = DIRECTION('',(0.,0.,1.));
#2816 = DIRECTION('',(1.,0.,-0.));
#2817 = ORIENTED_EDGE('',*,*,#2818,.F.);
#2818 = EDGE_CURVE('',#2819,#2808,#2821,.T.);
#2819 = VERTEX_POINT('',#2820);
#2820 = CARTESIAN_POINT('',(34.395,22.86,0.));
#2821 = LINE('',#2822,#2823);
#2822 = CARTESIAN_POINT('',(34.395,11.43,0.));
#2823 = VECTOR('',#2824,1.);
#2824 = DIRECTION('',(-0.,1.,0.));
#2825 = ORIENTED_EDGE('',*,*,#2826,.F.);
#2826 = EDGE_CURVE('',#2827,#2819,#2829,.T.);
#2827 = VERTEX_POINT('',#2828);
#2828 = CARTESIAN_POINT('',(31.645,22.86,0.));
#2829 = CIRCLE('',#2830,1.375);
#2830 = AXIS2_PLACEMENT_3D('',#2831,#2832,#2833);
#2831 = CARTESIAN_POINT('',(33.02,22.86,0.));
#2832 = DIRECTION('',(0.,0.,1.));
#2833 = DIRECTION('',(1.,0.,-0.));
#2834 = ORIENTED_EDGE('',*,*,#2835,.T.);
#2835 = EDGE_CURVE('',#2827,#2810,#2836,.T.);
#2836 = LINE('',#2837,#2838);
#2837 = CARTESIAN_POINT('',(31.645,11.43,0.));
#2838 = VECTOR('',#2839,1.);
#2839 = DIRECTION('',(-0.,1.,0.));
#2840 = FACE_BOUND('',#2841,.F.);
#2841 = EDGE_LOOP('',(#2842));
#2842 = ORIENTED_EDGE('',*,*,#2843,.F.);
#2843 = EDGE_CURVE('',#2844,#2844,#2846,.T.);
#2844 = VERTEX_POINT('',#2845);
#2845 = CARTESIAN_POINT('',(39.475,22.86,0.));
#2846 = CIRCLE('',#2847,1.375);
#2847 = AXIS2_PLACEMENT_3D('',#2848,#2849,#2850);
#2848 = CARTESIAN_POINT('',(38.1,22.86,0.));
#2849 = DIRECTION('',(0.,0.,1.));
#2850 = DIRECTION('',(1.,0.,-0.));
#2851 = FACE_BOUND('',#2852,.F.);
#2852 = EDGE_LOOP('',(#2853,#2864,#2872,#2881,#2890));
#2853 = ORIENTED_EDGE('',*,*,#2854,.F.);
#2854 = EDGE_CURVE('',#2855,#2857,#2859,.T.);
#2855 = VERTEX_POINT('',#2856);
#2856 = CARTESIAN_POINT('',(38.1,29.315,0.));
#2857 = VERTEX_POINT('',#2858);
#2858 = CARTESIAN_POINT('',(38.1,26.565,0.));
#2859 = CIRCLE('',#2860,1.375);
#2860 = AXIS2_PLACEMENT_3D('',#2861,#2862,#2863);
#2861 = CARTESIAN_POINT('',(38.1,27.94,0.));
#2862 = DIRECTION('',(0.,0.,1.));
#2863 = DIRECTION('',(1.,0.,-0.));
#2864 = ORIENTED_EDGE('',*,*,#2865,.F.);
#2865 = EDGE_CURVE('',#2866,#2855,#2868,.T.);
#2866 = VERTEX_POINT('',#2867);
#2867 = CARTESIAN_POINT('',(43.18,29.315,0.));
#2868 = LINE('',#2869,#2870);
#2869 = CARTESIAN_POINT('',(19.05,29.315,0.));
#2870 = VECTOR('',#2871,1.);
#2871 = DIRECTION('',(-1.,-0.,0.));
#2872 = ORIENTED_EDGE('',*,*,#2873,.F.);
#2873 = EDGE_CURVE('',#2874,#2866,#2876,.T.);
#2874 = VERTEX_POINT('',#2875);
#2875 = CARTESIAN_POINT('',(44.555,27.94,0.));
#2876 = CIRCLE('',#2877,1.375);
#2877 = AXIS2_PLACEMENT_3D('',#2878,#2879,#2880);
#2878 = CARTESIAN_POINT('',(43.18,27.94,0.));
#2879 = DIRECTION('',(0.,0.,1.));
#2880 = DIRECTION('',(1.,0.,-0.));
#2881 = ORIENTED_EDGE('',*,*,#2882,.F.);
#2882 = EDGE_CURVE('',#2883,#2874,#2885,.T.);
#2883 = VERTEX_POINT('',#2884);
#2884 = CARTESIAN_POINT('',(43.18,26.565,0.));
#2885 = CIRCLE('',#2886,1.375);
#2886 = AXIS2_PLACEMENT_3D('',#2887,#2888,#2889);
#2887 = CARTESIAN_POINT('',(43.18,27.94,0.));
#2888 = DIRECTION('',(0.,0.,1.));
#2889 = DIRECTION('',(1.,0.,-0.));
#2890 = ORIENTED_EDGE('',*,*,#2891,.T.);
#2891 = EDGE_CURVE('',#2883,#2857,#2892,.T.);
#2892 = LINE('',#2893,#2894);
#2893 = CARTESIAN_POINT('',(19.05,26.565,0.));
#2894 = VECTOR('',#2895,1.);
#2895 = DIRECTION('',(-1.,-0.,0.));
#2896 = FACE_BOUND('',#2897,.F.);
#2897 = EDGE_LOOP('',(#2898,#2909,#2917,#2926));
#2898 = ORIENTED_EDGE('',*,*,#2899,.F.);
#2899 = EDGE_CURVE('',#2900,#2902,#2904,.T.);
#2900 = VERTEX_POINT('',#2901);
#2901 = CARTESIAN_POINT('',(49.635,27.94,0.));
#2902 = VERTEX_POINT('',#2903);
#2903 = CARTESIAN_POINT('',(46.885,27.94,0.));
#2904 = CIRCLE('',#2905,1.375);
#2905 = AXIS2_PLACEMENT_3D('',#2906,#2907,#2908);
#2906 = CARTESIAN_POINT('',(48.26,27.94,0.));
#2907 = DIRECTION('',(0.,0.,1.));
#2908 = DIRECTION('',(1.,0.,-0.));
#2909 = ORIENTED_EDGE('',*,*,#2910,.F.);
#2910 = EDGE_CURVE('',#2911,#2900,#2913,.T.);
#2911 = VERTEX_POINT('',#2912);
#2912 = CARTESIAN_POINT('',(49.635,22.86,0.));
#2913 = LINE('',#2914,#2915);
#2914 = CARTESIAN_POINT('',(49.635,11.43,0.));
#2915 = VECTOR('',#2916,1.);
#2916 = DIRECTION('',(-0.,1.,0.));
#2917 = ORIENTED_EDGE('',*,*,#2918,.F.);
#2918 = EDGE_CURVE('',#2919,#2911,#2921,.T.);
#2919 = VERTEX_POINT('',#2920);
#2920 = CARTESIAN_POINT('',(46.885,22.86,0.));
#2921 = CIRCLE('',#2922,1.375);
#2922 = AXIS2_PLACEMENT_3D('',#2923,#2924,#2925);
#2923 = CARTESIAN_POINT('',(48.26,22.86,0.));
#2924 = DIRECTION('',(0.,0.,1.));
#2925 = DIRECTION('',(1.,0.,-0.));
#2926 = ORIENTED_EDGE('',*,*,#2927,.T.);
#2927 = EDGE_CURVE('',#2919,#2902,#2928,.T.);
#2928 = LINE('',#2929,#2930);
#2929 = CARTESIAN_POINT('',(46.885,11.43,0.));
#2930 = VECTOR('',#2931,1.);
#2931 = DIRECTION('',(-0.,1.,0.));
#2932 = FACE_BOUND('',#2933,.F.);
#2933 = EDGE_LOOP('',(#2934));
#2934 = ORIENTED_EDGE('',*,*,#2935,.F.);
#2935 = EDGE_CURVE('',#2936,#2936,#2938,.T.);
#2936 = VERTEX_POINT('',#2937);
#2937 = CARTESIAN_POINT('',(54.715,22.86,0.));
#2938 = CIRCLE('',#2939,1.375);
#2939 = AXIS2_PLACEMENT_3D('',#2940,#2941,#2942);
#2940 = CARTESIAN_POINT('',(53.34,22.86,0.));
#2941 = DIRECTION('',(0.,0.,1.));
#2942 = DIRECTION('',(1.,0.,-0.));
#2943 = FACE_BOUND('',#2944,.F.);
#2944 = EDGE_LOOP('',(#2945,#2956,#2964,#2973,#2982));
#2945 = ORIENTED_EDGE('',*,*,#2946,.F.);
#2946 = EDGE_CURVE('',#2947,#2949,#2951,.T.);
#2947 = VERTEX_POINT('',#2948);
#2948 = CARTESIAN_POINT('',(53.34,29.315,0.));
#2949 = VERTEX_POINT('',#2950);
#2950 = CARTESIAN_POINT('',(53.34,26.565,0.));
#2951 = CIRCLE('',#2952,1.375);
#2952 = AXIS2_PLACEMENT_3D('',#2953,#2954,#2955);
#2953 = CARTESIAN_POINT('',(53.34,27.94,0.));
#2954 = DIRECTION('',(0.,0.,1.));
#2955 = DIRECTION('',(1.,0.,-0.));
#2956 = ORIENTED_EDGE('',*,*,#2957,.F.);
#2957 = EDGE_CURVE('',#2958,#2947,#2960,.T.);
#2958 = VERTEX_POINT('',#2959);
#2959 = CARTESIAN_POINT('',(58.42,29.315,0.));
#2960 = LINE('',#2961,#2962);
#2961 = CARTESIAN_POINT('',(26.67,29.315,0.));
#2962 = VECTOR('',#2963,1.);
#2963 = DIRECTION('',(-1.,-0.,0.));
#2964 = ORIENTED_EDGE('',*,*,#2965,.F.);
#2965 = EDGE_CURVE('',#2966,#2958,#2968,.T.);
#2966 = VERTEX_POINT('',#2967);
#2967 = CARTESIAN_POINT('',(59.795,27.94,0.));
#2968 = CIRCLE('',#2969,1.375);
#2969 = AXIS2_PLACEMENT_3D('',#2970,#2971,#2972);
#2970 = CARTESIAN_POINT('',(58.42,27.94,0.));
#2971 = DIRECTION('',(0.,0.,1.));
#2972 = DIRECTION('',(1.,0.,-0.));
#2973 = ORIENTED_EDGE('',*,*,#2974,.F.);
#2974 = EDGE_CURVE('',#2975,#2966,#2977,.T.);
#2975 = VERTEX_POINT('',#2976);
#2976 = CARTESIAN_POINT('',(58.42,26.565,0.));
#2977 = CIRCLE('',#2978,1.375);
#2978 = AXIS2_PLACEMENT_3D('',#2979,#2980,#2981);
#2979 = CARTESIAN_POINT('',(58.42,27.94,0.));
#2980 = DIRECTION('',(0.,0.,1.));
#2981 = DIRECTION('',(1.,0.,-0.));
#2982 = ORIENTED_EDGE('',*,*,#2983,.T.);
#2983 = EDGE_CURVE('',#2975,#2949,#2984,.T.);
#2984 = LINE('',#2985,#2986);
#2985 = CARTESIAN_POINT('',(26.67,26.565,0.));
#2986 = VECTOR('',#2987,1.);
#2987 = DIRECTION('',(-1.,-0.,0.));
#2988 = PLANE('',#2989);
#2989 = AXIS2_PLACEMENT_3D('',#2990,#2991,#2992);
#2990 = CARTESIAN_POINT('',(0.,0.,0.));
#2991 = DIRECTION('',(0.,0.,1.));
#2992 = DIRECTION('',(1.,0.,-0.));
#2993 = ADVANCED_FACE('',(#2994),#3005,.F.);
#2994 = FACE_BOUND('',#2995,.F.);
#2995 = EDGE_LOOP('',(#2996,#2997,#2998,#2999));
#2996 = ORIENTED_EDGE('',*,*,#1564,.F.);
#2997 = ORIENTED_EDGE('',*,*,#1521,.T.);
#2998 = ORIENTED_EDGE('',*,*,#71,.T.);
#2999 = ORIENTED_EDGE('',*,*,#3000,.F.);
#3000 = EDGE_CURVE('',#1565,#72,#3001,.T.);
#3001 = LINE('',#3002,#3003);
#3002 = CARTESIAN_POINT('',(59.69,-2.22044604925E-16,0.));
#3003 = VECTOR('',#3004,1.);
#3004 = DIRECTION('',(0.,0.,1.));
#3005 = PLANE('',#3006);
#3006 = AXIS2_PLACEMENT_3D('',#3007,#3008,#3009);
#3007 = CARTESIAN_POINT('',(0.,0.,0.));
#3008 = DIRECTION('',(-0.,1.,0.));
#3009 = DIRECTION('',(0.,0.,1.));
#3010 = ADVANCED_FACE('',(#3011),#3022,.T.);
#3011 = FACE_BOUND('',#3012,.T.);
#3012 = EDGE_LOOP('',(#3013,#3014,#3015,#3016));
#3013 = ORIENTED_EDGE('',*,*,#1598,.F.);
#3014 = ORIENTED_EDGE('',*,*,#1546,.T.);
#3015 = ORIENTED_EDGE('',*,*,#105,.T.);
#3016 = ORIENTED_EDGE('',*,*,#3017,.F.);
#3017 = EDGE_CURVE('',#1590,#97,#3018,.T.);
#3018 = LINE('',#3019,#3020);
#3019 = CARTESIAN_POINT('',(59.69,30.48,0.));
#3020 = VECTOR('',#3021,1.);
#3021 = DIRECTION('',(0.,0.,1.));
#3022 = PLANE('',#3023);
#3023 = AXIS2_PLACEMENT_3D('',#3024,#3025,#3026);
#3024 = CARTESIAN_POINT('',(0.,30.48,0.));
#3025 = DIRECTION('',(-0.,1.,0.));
#3026 = DIRECTION('',(0.,0.,1.));
#3027 = ADVANCED_FACE('',(#3028),#3039,.T.);
#3028 = FACE_BOUND('',#3029,.F.);
#3029 = EDGE_LOOP('',(#3030,#3031,#3032,#3033));
#3030 = ORIENTED_EDGE('',*,*,#1572,.T.);
#3031 = ORIENTED_EDGE('',*,*,#3000,.T.);
#3032 = ORIENTED_EDGE('',*,*,#79,.F.);
#3033 = ORIENTED_EDGE('',*,*,#3034,.F.);
#3034 = EDGE_CURVE('',#1573,#80,#3035,.T.);
#3035 = LINE('',#3036,#3037);
#3036 = CARTESIAN_POINT('',(60.96,1.27,0.));
#3037 = VECTOR('',#3038,1.);
#3038 = DIRECTION('',(0.,0.,1.));
#3039 = CYLINDRICAL_SURFACE('',#3040,1.27);
#3040 = AXIS2_PLACEMENT_3D('',#3041,#3042,#3043);
#3041 = CARTESIAN_POINT('',(59.69,1.27,0.));
#3042 = DIRECTION('',(0.,0.,1.));
#3043 = DIRECTION('',(1.,0.,-0.));
#3044 = ADVANCED_FACE('',(#3045),#3056,.T.);
#3045 = FACE_BOUND('',#3046,.T.);
#3046 = EDGE_LOOP('',(#3047,#3048,#3049,#3050));
#3047 = ORIENTED_EDGE('',*,*,#1589,.T.);
#3048 = ORIENTED_EDGE('',*,*,#3017,.T.);
#3049 = ORIENTED_EDGE('',*,*,#96,.F.);
#3050 = ORIENTED_EDGE('',*,*,#3051,.F.);
#3051 = EDGE_CURVE('',#1582,#89,#3052,.T.);
#3052 = LINE('',#3053,#3054);
#3053 = CARTESIAN_POINT('',(60.96,29.21,0.));
#3054 = VECTOR('',#3055,1.);
#3055 = DIRECTION('',(0.,0.,1.));
#3056 = CYLINDRICAL_SURFACE('',#3057,1.27);
#3057 = AXIS2_PLACEMENT_3D('',#3058,#3059,#3060);
#3058 = CARTESIAN_POINT('',(59.69,29.21,0.));
#3059 = DIRECTION('',(0.,0.,1.));
#3060 = DIRECTION('',(1.,0.,-0.));
#3061 = ADVANCED_FACE('',(#3062),#3068,.T.);
#3062 = FACE_BOUND('',#3063,.T.);
#3063 = EDGE_LOOP('',(#3064,#3065,#3066,#3067));
#3064 = ORIENTED_EDGE('',*,*,#88,.F.);
#3065 = ORIENTED_EDGE('',*,*,#3034,.F.);
#3066 = ORIENTED_EDGE('',*,*,#1581,.T.);
#3067 = ORIENTED_EDGE('',*,*,#3051,.T.);
#3068 = PLANE('',#3069);
#3069 = AXIS2_PLACEMENT_3D('',#3070,#3071,#3072);
#3070 = CARTESIAN_POINT('',(60.96,0.,0.));
#3071 = DIRECTION('',(1.,0.,-0.));
#3072 = DIRECTION('',(0.,0.,1.));
#3073 = ADVANCED_FACE('',(#3074),#3090,.F.);
#3074 = FACE_BOUND('',#3075,.F.);
#3075 = EDGE_LOOP('',(#3076,#3077,#3083,#3084));
#3076 = ORIENTED_EDGE('',*,*,#122,.F.);
#3077 = ORIENTED_EDGE('',*,*,#3078,.F.);
#3078 = EDGE_CURVE('',#1608,#123,#3079,.T.);
#3079 = LINE('',#3080,#3081);
#3080 = CARTESIAN_POINT('',(2.54,3.915,-1.));
#3081 = VECTOR('',#3082,1.);
#3082 = DIRECTION('',(0.,0.,1.));
#3083 = ORIENTED_EDGE('',*,*,#1607,.T.);
#3084 = ORIENTED_EDGE('',*,*,#3085,.T.);
#3085 = EDGE_CURVE('',#1610,#125,#3086,.T.);
#3086 = LINE('',#3087,#3088);
#3087 = CARTESIAN_POINT('',(2.54,1.165,-1.));
#3088 = VECTOR('',#3089,1.);
#3089 = DIRECTION('',(0.,0.,1.));
#3090 = CYLINDRICAL_SURFACE('',#3091,1.375);
#3091 = AXIS2_PLACEMENT_3D('',#3092,#3093,#3094);
#3092 = CARTESIAN_POINT('',(2.54,2.54,-1.));
#3093 = DIRECTION('',(0.,0.,1.));
#3094 = DIRECTION('',(1.,0.,-0.));
#3095 = ADVANCED_FACE('',(#3096),#3107,.T.);
#3096 = FACE_BOUND('',#3097,.T.);
#3097 = EDGE_LOOP('',(#3098,#3099,#3100,#3101));
#3098 = ORIENTED_EDGE('',*,*,#1644,.T.);
#3099 = ORIENTED_EDGE('',*,*,#3085,.T.);
#3100 = ORIENTED_EDGE('',*,*,#159,.F.);
#3101 = ORIENTED_EDGE('',*,*,#3102,.F.);
#3102 = EDGE_CURVE('',#1636,#151,#3103,.T.);
#3103 = LINE('',#3104,#3105);
#3104 = CARTESIAN_POINT('',(7.62,1.165,-1.));
#3105 = VECTOR('',#3106,1.);
#3106 = DIRECTION('',(0.,0.,1.));
#3107 = PLANE('',#3108);
#3108 = AXIS2_PLACEMENT_3D('',#3109,#3110,#3111);
#3109 = CARTESIAN_POINT('',(2.54,1.165,-1.));
#3110 = DIRECTION('',(-0.,1.,0.));
#3111 = DIRECTION('',(0.,0.,1.));
#3112 = ADVANCED_FACE('',(#3113),#3124,.F.);
#3113 = FACE_BOUND('',#3114,.F.);
#3114 = EDGE_LOOP('',(#3115,#3116,#3117,#3118));
#3115 = ORIENTED_EDGE('',*,*,#1618,.T.);
#3116 = ORIENTED_EDGE('',*,*,#3078,.T.);
#3117 = ORIENTED_EDGE('',*,*,#133,.F.);
#3118 = ORIENTED_EDGE('',*,*,#3119,.F.);
#3119 = EDGE_CURVE('',#1619,#134,#3120,.T.);
#3120 = LINE('',#3121,#3122);
#3121 = CARTESIAN_POINT('',(7.62,3.915,-1.));
#3122 = VECTOR('',#3123,1.);
#3123 = DIRECTION('',(0.,0.,1.));
#3124 = PLANE('',#3125);
#3125 = AXIS2_PLACEMENT_3D('',#3126,#3127,#3128);
#3126 = CARTESIAN_POINT('',(2.54,3.915,-1.));
#3127 = DIRECTION('',(-0.,1.,0.));
#3128 = DIRECTION('',(0.,0.,1.));
#3129 = ADVANCED_FACE('',(#3130),#3141,.F.);
#3130 = FACE_BOUND('',#3131,.F.);
#3131 = EDGE_LOOP('',(#3132,#3133,#3139,#3140));
#3132 = ORIENTED_EDGE('',*,*,#167,.F.);
#3133 = ORIENTED_EDGE('',*,*,#3134,.F.);
#3134 = EDGE_CURVE('',#1653,#168,#3135,.T.);
#3135 = LINE('',#3136,#3137);
#3136 = CARTESIAN_POINT('',(8.995,7.62,-1.));
#3137 = VECTOR('',#3138,1.);
#3138 = DIRECTION('',(0.,0.,1.));
#3139 = ORIENTED_EDGE('',*,*,#1652,.T.);
#3140 = ORIENTED_EDGE('',*,*,#3134,.T.);
#3141 = CYLINDRICAL_SURFACE('',#3142,1.375);
#3142 = AXIS2_PLACEMENT_3D('',#3143,#3144,#3145);
#3143 = CARTESIAN_POINT('',(7.62,7.62,-1.));
#3144 = DIRECTION('',(0.,0.,1.));
#3145 = DIRECTION('',(1.,0.,-0.));
#3146 = ADVANCED_FACE('',(#3147),#3163,.F.);
#3147 = FACE_BOUND('',#3148,.F.);
#3148 = EDGE_LOOP('',(#3149,#3150,#3156,#3157));
#3149 = ORIENTED_EDGE('',*,*,#178,.F.);
#3150 = ORIENTED_EDGE('',*,*,#3151,.F.);
#3151 = EDGE_CURVE('',#1664,#179,#3152,.T.);
#3152 = LINE('',#3153,#3154);
#3153 = CARTESIAN_POINT('',(14.075,7.62,-1.));
#3154 = VECTOR('',#3155,1.);
#3155 = DIRECTION('',(0.,0.,1.));
#3156 = ORIENTED_EDGE('',*,*,#1663,.T.);
#3157 = ORIENTED_EDGE('',*,*,#3158,.T.);
#3158 = EDGE_CURVE('',#1666,#181,#3159,.T.);
#3159 = LINE('',#3160,#3161);
#3160 = CARTESIAN_POINT('',(11.325,7.62,-1.));
#3161 = VECTOR('',#3162,1.);
#3162 = DIRECTION('',(0.,0.,1.));
#3163 = CYLINDRICAL_SURFACE('',#3164,1.375);
#3164 = AXIS2_PLACEMENT_3D('',#3165,#3166,#3167);
#3165 = CARTESIAN_POINT('',(12.7,7.62,-1.));
#3166 = DIRECTION('',(0.,0.,1.));
#3167 = DIRECTION('',(1.,0.,-0.));
#3168 = ADVANCED_FACE('',(#3169),#3180,.T.);
#3169 = FACE_BOUND('',#3170,.T.);
#3170 = EDGE_LOOP('',(#3171,#3177,#3178,#3179));
#3171 = ORIENTED_EDGE('',*,*,#3172,.F.);
#3172 = EDGE_CURVE('',#1683,#198,#3173,.T.);
#3173 = LINE('',#3174,#3175);
#3174 = CARTESIAN_POINT('',(11.325,2.54,-1.));
#3175 = VECTOR('',#3176,1.);
#3176 = DIRECTION('',(0.,0.,1.));
#3177 = ORIENTED_EDGE('',*,*,#1691,.T.);
#3178 = ORIENTED_EDGE('',*,*,#3158,.T.);
#3179 = ORIENTED_EDGE('',*,*,#206,.F.);
#3180 = PLANE('',#3181);
#3181 = AXIS2_PLACEMENT_3D('',#3182,#3183,#3184);
#3182 = CARTESIAN_POINT('',(11.325,2.54,-1.));
#3183 = DIRECTION('',(1.,0.,-0.));
#3184 = DIRECTION('',(0.,0.,1.));
#3185 = ADVANCED_FACE('',(#3186),#3197,.F.);
#3186 = FACE_BOUND('',#3187,.F.);
#3187 = EDGE_LOOP('',(#3188,#3194,#3195,#3196));
#3188 = ORIENTED_EDGE('',*,*,#3189,.T.);
#3189 = EDGE_CURVE('',#1675,#190,#3190,.T.);
#3190 = LINE('',#3191,#3192);
#3191 = CARTESIAN_POINT('',(14.075,2.54,-1.));
#3192 = VECTOR('',#3193,1.);
#3193 = DIRECTION('',(0.,0.,1.));
#3194 = ORIENTED_EDGE('',*,*,#197,.F.);
#3195 = ORIENTED_EDGE('',*,*,#3172,.F.);
#3196 = ORIENTED_EDGE('',*,*,#1682,.T.);
#3197 = CYLINDRICAL_SURFACE('',#3198,1.375);
#3198 = AXIS2_PLACEMENT_3D('',#3199,#3200,#3201);
#3199 = CARTESIAN_POINT('',(12.7,2.54,-1.));
#3200 = DIRECTION('',(0.,0.,1.));
#3201 = DIRECTION('',(1.,0.,-0.));
#3202 = ADVANCED_FACE('',(#3203),#3209,.F.);
#3203 = FACE_BOUND('',#3204,.F.);
#3204 = EDGE_LOOP('',(#3205,#3206,#3207,#3208));
#3205 = ORIENTED_EDGE('',*,*,#3189,.F.);
#3206 = ORIENTED_EDGE('',*,*,#1674,.T.);
#3207 = ORIENTED_EDGE('',*,*,#3151,.T.);
#3208 = ORIENTED_EDGE('',*,*,#189,.F.);
#3209 = PLANE('',#3210);
#3210 = AXIS2_PLACEMENT_3D('',#3211,#3212,#3213);
#3211 = CARTESIAN_POINT('',(14.075,2.54,-1.));
#3212 = DIRECTION('',(1.,0.,-0.));
#3213 = DIRECTION('',(0.,0.,1.));
#3214 = ADVANCED_FACE('',(#3215),#3231,.F.);
#3215 = FACE_BOUND('',#3216,.F.);
#3216 = EDGE_LOOP('',(#3217,#3218,#3224,#3225));
#3217 = ORIENTED_EDGE('',*,*,#214,.F.);
#3218 = ORIENTED_EDGE('',*,*,#3219,.F.);
#3219 = EDGE_CURVE('',#1700,#215,#3220,.T.);
#3220 = LINE('',#3221,#3222);
#3221 = CARTESIAN_POINT('',(17.78,3.915,-1.));
#3222 = VECTOR('',#3223,1.);
#3223 = DIRECTION('',(0.,0.,1.));
#3224 = ORIENTED_EDGE('',*,*,#1699,.T.);
#3225 = ORIENTED_EDGE('',*,*,#3226,.T.);
#3226 = EDGE_CURVE('',#1702,#217,#3227,.T.);
#3227 = LINE('',#3228,#3229);
#3228 = CARTESIAN_POINT('',(17.78,1.165,-1.));
#3229 = VECTOR('',#3230,1.);
#3230 = DIRECTION('',(0.,0.,1.));
#3231 = CYLINDRICAL_SURFACE('',#3232,1.375);
#3232 = AXIS2_PLACEMENT_3D('',#3233,#3234,#3235);
#3233 = CARTESIAN_POINT('',(17.78,2.54,-1.));
#3234 = DIRECTION('',(0.,0.,1.));
#3235 = DIRECTION('',(1.,0.,-0.));
#3236 = ADVANCED_FACE('',(#3237),#3248,.T.);
#3237 = FACE_BOUND('',#3238,.T.);
#3238 = EDGE_LOOP('',(#3239,#3240,#3241,#3242));
#3239 = ORIENTED_EDGE('',*,*,#1736,.T.);
#3240 = ORIENTED_EDGE('',*,*,#3226,.T.);
#3241 = ORIENTED_EDGE('',*,*,#251,.F.);
#3242 = ORIENTED_EDGE('',*,*,#3243,.F.);
#3243 = EDGE_CURVE('',#1728,#243,#3244,.T.);
#3244 = LINE('',#3245,#3246);
#3245 = CARTESIAN_POINT('',(22.86,1.165,-1.));
#3246 = VECTOR('',#3247,1.);
#3247 = DIRECTION('',(0.,0.,1.));
#3248 = PLANE('',#3249);
#3249 = AXIS2_PLACEMENT_3D('',#3250,#3251,#3252);
#3250 = CARTESIAN_POINT('',(17.78,1.165,-1.));
#3251 = DIRECTION('',(-0.,1.,0.));
#3252 = DIRECTION('',(0.,0.,1.));
#3253 = ADVANCED_FACE('',(#3254),#3265,.F.);
#3254 = FACE_BOUND('',#3255,.F.);
#3255 = EDGE_LOOP('',(#3256,#3257,#3258,#3259));
#3256 = ORIENTED_EDGE('',*,*,#1710,.T.);
#3257 = ORIENTED_EDGE('',*,*,#3219,.T.);
#3258 = ORIENTED_EDGE('',*,*,#225,.F.);
#3259 = ORIENTED_EDGE('',*,*,#3260,.F.);
#3260 = EDGE_CURVE('',#1711,#226,#3261,.T.);
#3261 = LINE('',#3262,#3263);
#3262 = CARTESIAN_POINT('',(22.86,3.915,-1.));
#3263 = VECTOR('',#3264,1.);
#3264 = DIRECTION('',(0.,0.,1.));
#3265 = PLANE('',#3266);
#3266 = AXIS2_PLACEMENT_3D('',#3267,#3268,#3269);
#3267 = CARTESIAN_POINT('',(17.78,3.915,-1.));
#3268 = DIRECTION('',(-0.,1.,0.));
#3269 = DIRECTION('',(0.,0.,1.));
#3270 = ADVANCED_FACE('',(#3271),#3282,.F.);
#3271 = FACE_BOUND('',#3272,.F.);
#3272 = EDGE_LOOP('',(#3273,#3274,#3280,#3281));
#3273 = ORIENTED_EDGE('',*,*,#259,.F.);
#3274 = ORIENTED_EDGE('',*,*,#3275,.F.);
#3275 = EDGE_CURVE('',#1745,#260,#3276,.T.);
#3276 = LINE('',#3277,#3278);
#3277 = CARTESIAN_POINT('',(24.235,7.62,-1.));
#3278 = VECTOR('',#3279,1.);
#3279 = DIRECTION('',(0.,0.,1.));
#3280 = ORIENTED_EDGE('',*,*,#1744,.T.);
#3281 = ORIENTED_EDGE('',*,*,#3275,.T.);
#3282 = CYLINDRICAL_SURFACE('',#3283,1.375);
#3283 = AXIS2_PLACEMENT_3D('',#3284,#3285,#3286);
#3284 = CARTESIAN_POINT('',(22.86,7.62,-1.));
#3285 = DIRECTION('',(0.,0.,1.));
#3286 = DIRECTION('',(1.,0.,-0.));
#3287 = ADVANCED_FACE('',(#3288),#3304,.F.);
#3288 = FACE_BOUND('',#3289,.F.);
#3289 = EDGE_LOOP('',(#3290,#3291,#3297,#3298));
#3290 = ORIENTED_EDGE('',*,*,#270,.F.);
#3291 = ORIENTED_EDGE('',*,*,#3292,.F.);
#3292 = EDGE_CURVE('',#1756,#271,#3293,.T.);
#3293 = LINE('',#3294,#3295);
#3294 = CARTESIAN_POINT('',(29.315,7.62,-1.));
#3295 = VECTOR('',#3296,1.);
#3296 = DIRECTION('',(0.,0.,1.));
#3297 = ORIENTED_EDGE('',*,*,#1755,.T.);
#3298 = ORIENTED_EDGE('',*,*,#3299,.T.);
#3299 = EDGE_CURVE('',#1758,#273,#3300,.T.);
#3300 = LINE('',#3301,#3302);
#3301 = CARTESIAN_POINT('',(26.565,7.62,-1.));
#3302 = VECTOR('',#3303,1.);
#3303 = DIRECTION('',(0.,0.,1.));
#3304 = CYLINDRICAL_SURFACE('',#3305,1.375);
#3305 = AXIS2_PLACEMENT_3D('',#3306,#3307,#3308);
#3306 = CARTESIAN_POINT('',(27.94,7.62,-1.));
#3307 = DIRECTION('',(0.,0.,1.));
#3308 = DIRECTION('',(1.,0.,-0.));
#3309 = ADVANCED_FACE('',(#3310),#3321,.T.);
#3310 = FACE_BOUND('',#3311,.T.);
#3311 = EDGE_LOOP('',(#3312,#3318,#3319,#3320));
#3312 = ORIENTED_EDGE('',*,*,#3313,.F.);
#3313 = EDGE_CURVE('',#1775,#290,#3314,.T.);
#3314 = LINE('',#3315,#3316);
#3315 = CARTESIAN_POINT('',(26.565,2.54,-1.));
#3316 = VECTOR('',#3317,1.);
#3317 = DIRECTION('',(0.,0.,1.));
#3318 = ORIENTED_EDGE('',*,*,#1783,.T.);
#3319 = ORIENTED_EDGE('',*,*,#3299,.T.);
#3320 = ORIENTED_EDGE('',*,*,#298,.F.);
#3321 = PLANE('',#3322);
#3322 = AXIS2_PLACEMENT_3D('',#3323,#3324,#3325);
#3323 = CARTESIAN_POINT('',(26.565,2.54,-1.));
#3324 = DIRECTION('',(1.,0.,-0.));
#3325 = DIRECTION('',(0.,0.,1.));
#3326 = ADVANCED_FACE('',(#3327),#3338,.F.);
#3327 = FACE_BOUND('',#3328,.F.);
#3328 = EDGE_LOOP('',(#3329,#3335,#3336,#3337));
#3329 = ORIENTED_EDGE('',*,*,#3330,.T.);
#3330 = EDGE_CURVE('',#1767,#282,#3331,.T.);
#3331 = LINE('',#3332,#3333);
#3332 = CARTESIAN_POINT('',(29.315,2.54,-1.));
#3333 = VECTOR('',#3334,1.);
#3334 = DIRECTION('',(0.,0.,1.));
#3335 = ORIENTED_EDGE('',*,*,#289,.F.);
#3336 = ORIENTED_EDGE('',*,*,#3313,.F.);
#3337 = ORIENTED_EDGE('',*,*,#1774,.T.);
#3338 = CYLINDRICAL_SURFACE('',#3339,1.375);
#3339 = AXIS2_PLACEMENT_3D('',#3340,#3341,#3342);
#3340 = CARTESIAN_POINT('',(27.94,2.54,-1.));
#3341 = DIRECTION('',(0.,0.,1.));
#3342 = DIRECTION('',(1.,0.,-0.));
#3343 = ADVANCED_FACE('',(#3344),#3350,.F.);
#3344 = FACE_BOUND('',#3345,.F.);
#3345 = EDGE_LOOP('',(#3346,#3347,#3348,#3349));
#3346 = ORIENTED_EDGE('',*,*,#3330,.F.);
#3347 = ORIENTED_EDGE('',*,*,#1766,.T.);
#3348 = ORIENTED_EDGE('',*,*,#3292,.T.);
#3349 = ORIENTED_EDGE('',*,*,#281,.F.);
#3350 = PLANE('',#3351);
#3351 = AXIS2_PLACEMENT_3D('',#3352,#3353,#3354);
#3352 = CARTESIAN_POINT('',(29.315,2.54,-1.));
#3353 = DIRECTION('',(1.,0.,-0.));
#3354 = DIRECTION('',(0.,0.,1.));
#3355 = ADVANCED_FACE('',(#3356),#3372,.F.);
#3356 = FACE_BOUND('',#3357,.F.);
#3357 = EDGE_LOOP('',(#3358,#3359,#3365,#3366));
#3358 = ORIENTED_EDGE('',*,*,#306,.F.);
#3359 = ORIENTED_EDGE('',*,*,#3360,.F.);
#3360 = EDGE_CURVE('',#1792,#307,#3361,.T.);
#3361 = LINE('',#3362,#3363);
#3362 = CARTESIAN_POINT('',(3.915,12.7,-1.));
#3363 = VECTOR('',#3364,1.);
#3364 = DIRECTION('',(0.,0.,1.));
#3365 = ORIENTED_EDGE('',*,*,#1791,.T.);
#3366 = ORIENTED_EDGE('',*,*,#3367,.T.);
#3367 = EDGE_CURVE('',#1794,#309,#3368,.T.);
#3368 = LINE('',#3369,#3370);
#3369 = CARTESIAN_POINT('',(1.165,12.7,-1.));
#3370 = VECTOR('',#3371,1.);
#3371 = DIRECTION('',(0.,0.,1.));
#3372 = CYLINDRICAL_SURFACE('',#3373,1.375);
#3373 = AXIS2_PLACEMENT_3D('',#3374,#3375,#3376);
#3374 = CARTESIAN_POINT('',(2.54,12.7,-1.));
#3375 = DIRECTION('',(0.,0.,1.));
#3376 = DIRECTION('',(1.,0.,-0.));
#3377 = ADVANCED_FACE('',(#3378),#3389,.T.);
#3378 = FACE_BOUND('',#3379,.T.);
#3379 = EDGE_LOOP('',(#3380,#3386,#3387,#3388));
#3380 = ORIENTED_EDGE('',*,*,#3381,.F.);
#3381 = EDGE_CURVE('',#1811,#326,#3382,.T.);
#3382 = LINE('',#3383,#3384);
#3383 = CARTESIAN_POINT('',(1.165,7.62,-1.));
#3384 = VECTOR('',#3385,1.);
#3385 = DIRECTION('',(0.,0.,1.));
#3386 = ORIENTED_EDGE('',*,*,#1819,.T.);
#3387 = ORIENTED_EDGE('',*,*,#3367,.T.);
#3388 = ORIENTED_EDGE('',*,*,#334,.F.);
#3389 = PLANE('',#3390);
#3390 = AXIS2_PLACEMENT_3D('',#3391,#3392,#3393);
#3391 = CARTESIAN_POINT('',(1.165,7.62,-1.));
#3392 = DIRECTION('',(1.,0.,-0.));
#3393 = DIRECTION('',(0.,0.,1.));
#3394 = ADVANCED_FACE('',(#3395),#3406,.F.);
#3395 = FACE_BOUND('',#3396,.F.);
#3396 = EDGE_LOOP('',(#3397,#3403,#3404,#3405));
#3397 = ORIENTED_EDGE('',*,*,#3398,.T.);
#3398 = EDGE_CURVE('',#1803,#318,#3399,.T.);
#3399 = LINE('',#3400,#3401);
#3400 = CARTESIAN_POINT('',(3.915,7.62,-1.));
#3401 = VECTOR('',#3402,1.);
#3402 = DIRECTION('',(0.,0.,1.));
#3403 = ORIENTED_EDGE('',*,*,#325,.F.);
#3404 = ORIENTED_EDGE('',*,*,#3381,.F.);
#3405 = ORIENTED_EDGE('',*,*,#1810,.T.);
#3406 = CYLINDRICAL_SURFACE('',#3407,1.375);
#3407 = AXIS2_PLACEMENT_3D('',#3408,#3409,#3410);
#3408 = CARTESIAN_POINT('',(2.54,7.62,-1.));
#3409 = DIRECTION('',(0.,0.,1.));
#3410 = DIRECTION('',(1.,0.,-0.));
#3411 = ADVANCED_FACE('',(#3412),#3418,.F.);
#3412 = FACE_BOUND('',#3413,.F.);
#3413 = EDGE_LOOP('',(#3414,#3415,#3416,#3417));
#3414 = ORIENTED_EDGE('',*,*,#3398,.F.);
#3415 = ORIENTED_EDGE('',*,*,#1802,.T.);
#3416 = ORIENTED_EDGE('',*,*,#3360,.T.);
#3417 = ORIENTED_EDGE('',*,*,#317,.F.);
#3418 = PLANE('',#3419);
#3419 = AXIS2_PLACEMENT_3D('',#3420,#3421,#3422);
#3420 = CARTESIAN_POINT('',(3.915,7.62,-1.));
#3421 = DIRECTION('',(1.,0.,-0.));
#3422 = DIRECTION('',(0.,0.,1.));
#3423 = ADVANCED_FACE('',(#3424),#3440,.F.);
#3424 = FACE_BOUND('',#3425,.F.);
#3425 = EDGE_LOOP('',(#3426,#3427,#3433,#3434));
#3426 = ORIENTED_EDGE('',*,*,#342,.F.);
#3427 = ORIENTED_EDGE('',*,*,#3428,.F.);
#3428 = EDGE_CURVE('',#1828,#343,#3429,.T.);
#3429 = LINE('',#3430,#3431);
#3430 = CARTESIAN_POINT('',(7.62,14.075,-1.));
#3431 = VECTOR('',#3432,1.);
#3432 = DIRECTION('',(0.,0.,1.));
#3433 = ORIENTED_EDGE('',*,*,#1827,.T.);
#3434 = ORIENTED_EDGE('',*,*,#3435,.T.);
#3435 = EDGE_CURVE('',#1830,#345,#3436,.T.);
#3436 = LINE('',#3437,#3438);
#3437 = CARTESIAN_POINT('',(7.62,11.325,-1.));
#3438 = VECTOR('',#3439,1.);
#3439 = DIRECTION('',(0.,0.,1.));
#3440 = CYLINDRICAL_SURFACE('',#3441,1.375);
#3441 = AXIS2_PLACEMENT_3D('',#3442,#3443,#3444);
#3442 = CARTESIAN_POINT('',(7.62,12.7,-1.));
#3443 = DIRECTION('',(0.,0.,1.));
#3444 = DIRECTION('',(1.,0.,-0.));
#3445 = ADVANCED_FACE('',(#3446),#3457,.T.);
#3446 = FACE_BOUND('',#3447,.T.);
#3447 = EDGE_LOOP('',(#3448,#3449,#3450,#3451));
#3448 = ORIENTED_EDGE('',*,*,#1864,.T.);
#3449 = ORIENTED_EDGE('',*,*,#3435,.T.);
#3450 = ORIENTED_EDGE('',*,*,#379,.F.);
#3451 = ORIENTED_EDGE('',*,*,#3452,.F.);
#3452 = EDGE_CURVE('',#1856,#371,#3453,.T.);
#3453 = LINE('',#3454,#3455);
#3454 = CARTESIAN_POINT('',(12.7,11.325,-1.));
#3455 = VECTOR('',#3456,1.);
#3456 = DIRECTION('',(0.,0.,1.));
#3457 = PLANE('',#3458);
#3458 = AXIS2_PLACEMENT_3D('',#3459,#3460,#3461);
#3459 = CARTESIAN_POINT('',(7.62,11.325,-1.));
#3460 = DIRECTION('',(-0.,1.,0.));
#3461 = DIRECTION('',(0.,0.,1.));
#3462 = ADVANCED_FACE('',(#3463),#3474,.F.);
#3463 = FACE_BOUND('',#3464,.F.);
#3464 = EDGE_LOOP('',(#3465,#3466,#3467,#3468));
#3465 = ORIENTED_EDGE('',*,*,#1838,.T.);
#3466 = ORIENTED_EDGE('',*,*,#3428,.T.);
#3467 = ORIENTED_EDGE('',*,*,#353,.F.);
#3468 = ORIENTED_EDGE('',*,*,#3469,.F.);
#3469 = EDGE_CURVE('',#1839,#354,#3470,.T.);
#3470 = LINE('',#3471,#3472);
#3471 = CARTESIAN_POINT('',(12.7,14.075,-1.));
#3472 = VECTOR('',#3473,1.);
#3473 = DIRECTION('',(0.,0.,1.));
#3474 = PLANE('',#3475);
#3475 = AXIS2_PLACEMENT_3D('',#3476,#3477,#3478);
#3476 = CARTESIAN_POINT('',(7.62,14.075,-1.));
#3477 = DIRECTION('',(-0.,1.,0.));
#3478 = DIRECTION('',(0.,0.,1.));
#3479 = ADVANCED_FACE('',(#3480),#3496,.F.);
#3480 = FACE_BOUND('',#3481,.F.);
#3481 = EDGE_LOOP('',(#3482,#3483,#3489,#3490));
#3482 = ORIENTED_EDGE('',*,*,#387,.F.);
#3483 = ORIENTED_EDGE('',*,*,#3484,.F.);
#3484 = EDGE_CURVE('',#1873,#388,#3485,.T.);
#3485 = LINE('',#3486,#3487);
#3486 = CARTESIAN_POINT('',(19.155,12.7,-1.));
#3487 = VECTOR('',#3488,1.);
#3488 = DIRECTION('',(0.,0.,1.));
#3489 = ORIENTED_EDGE('',*,*,#1872,.T.);
#3490 = ORIENTED_EDGE('',*,*,#3491,.T.);
#3491 = EDGE_CURVE('',#1875,#390,#3492,.T.);
#3492 = LINE('',#3493,#3494);
#3493 = CARTESIAN_POINT('',(16.405,12.7,-1.));
#3494 = VECTOR('',#3495,1.);
#3495 = DIRECTION('',(0.,0.,1.));
#3496 = CYLINDRICAL_SURFACE('',#3497,1.375);
#3497 = AXIS2_PLACEMENT_3D('',#3498,#3499,#3500);
#3498 = CARTESIAN_POINT('',(17.78,12.7,-1.));
#3499 = DIRECTION('',(0.,0.,1.));
#3500 = DIRECTION('',(1.,0.,-0.));
#3501 = ADVANCED_FACE('',(#3502),#3513,.T.);
#3502 = FACE_BOUND('',#3503,.T.);
#3503 = EDGE_LOOP('',(#3504,#3510,#3511,#3512));
#3504 = ORIENTED_EDGE('',*,*,#3505,.F.);
#3505 = EDGE_CURVE('',#1892,#407,#3506,.T.);
#3506 = LINE('',#3507,#3508);
#3507 = CARTESIAN_POINT('',(16.405,7.62,-1.));
#3508 = VECTOR('',#3509,1.);
#3509 = DIRECTION('',(0.,0.,1.));
#3510 = ORIENTED_EDGE('',*,*,#1900,.T.);
#3511 = ORIENTED_EDGE('',*,*,#3491,.T.);
#3512 = ORIENTED_EDGE('',*,*,#415,.F.);
#3513 = PLANE('',#3514);
#3514 = AXIS2_PLACEMENT_3D('',#3515,#3516,#3517);
#3515 = CARTESIAN_POINT('',(16.405,7.62,-1.));
#3516 = DIRECTION('',(1.,0.,-0.));
#3517 = DIRECTION('',(0.,0.,1.));
#3518 = ADVANCED_FACE('',(#3519),#3530,.F.);
#3519 = FACE_BOUND('',#3520,.F.);
#3520 = EDGE_LOOP('',(#3521,#3527,#3528,#3529));
#3521 = ORIENTED_EDGE('',*,*,#3522,.T.);
#3522 = EDGE_CURVE('',#1884,#399,#3523,.T.);
#3523 = LINE('',#3524,#3525);
#3524 = CARTESIAN_POINT('',(19.155,7.62,-1.));
#3525 = VECTOR('',#3526,1.);
#3526 = DIRECTION('',(0.,0.,1.));
#3527 = ORIENTED_EDGE('',*,*,#406,.F.);
#3528 = ORIENTED_EDGE('',*,*,#3505,.F.);
#3529 = ORIENTED_EDGE('',*,*,#1891,.T.);
#3530 = CYLINDRICAL_SURFACE('',#3531,1.375);
#3531 = AXIS2_PLACEMENT_3D('',#3532,#3533,#3534);
#3532 = CARTESIAN_POINT('',(17.78,7.62,-1.));
#3533 = DIRECTION('',(0.,0.,1.));
#3534 = DIRECTION('',(1.,0.,-0.));
#3535 = ADVANCED_FACE('',(#3536),#3542,.F.);
#3536 = FACE_BOUND('',#3537,.F.);
#3537 = EDGE_LOOP('',(#3538,#3539,#3540,#3541));
#3538 = ORIENTED_EDGE('',*,*,#3522,.F.);
#3539 = ORIENTED_EDGE('',*,*,#1883,.T.);
#3540 = ORIENTED_EDGE('',*,*,#3484,.T.);
#3541 = ORIENTED_EDGE('',*,*,#398,.F.);
#3542 = PLANE('',#3543);
#3543 = AXIS2_PLACEMENT_3D('',#3544,#3545,#3546);
#3544 = CARTESIAN_POINT('',(19.155,7.62,-1.));
#3545 = DIRECTION('',(1.,0.,-0.));
#3546 = DIRECTION('',(0.,0.,1.));
#3547 = ADVANCED_FACE('',(#3548),#3564,.F.);
#3548 = FACE_BOUND('',#3549,.F.);
#3549 = EDGE_LOOP('',(#3550,#3551,#3557,#3558));
#3550 = ORIENTED_EDGE('',*,*,#423,.F.);
#3551 = ORIENTED_EDGE('',*,*,#3552,.F.);
#3552 = EDGE_CURVE('',#1909,#424,#3553,.T.);
#3553 = LINE('',#3554,#3555);
#3554 = CARTESIAN_POINT('',(22.86,14.075,-1.));
#3555 = VECTOR('',#3556,1.);
#3556 = DIRECTION('',(0.,0.,1.));
#3557 = ORIENTED_EDGE('',*,*,#1908,.T.);
#3558 = ORIENTED_EDGE('',*,*,#3559,.T.);
#3559 = EDGE_CURVE('',#1911,#426,#3560,.T.);
#3560 = LINE('',#3561,#3562);
#3561 = CARTESIAN_POINT('',(22.86,11.325,-1.));
#3562 = VECTOR('',#3563,1.);
#3563 = DIRECTION('',(0.,0.,1.));
#3564 = CYLINDRICAL_SURFACE('',#3565,1.375);
#3565 = AXIS2_PLACEMENT_3D('',#3566,#3567,#3568);
#3566 = CARTESIAN_POINT('',(22.86,12.7,-1.));
#3567 = DIRECTION('',(0.,0.,1.));
#3568 = DIRECTION('',(1.,0.,-0.));
#3569 = ADVANCED_FACE('',(#3570),#3581,.T.);
#3570 = FACE_BOUND('',#3571,.T.);
#3571 = EDGE_LOOP('',(#3572,#3573,#3574,#3575));
#3572 = ORIENTED_EDGE('',*,*,#1945,.T.);
#3573 = ORIENTED_EDGE('',*,*,#3559,.T.);
#3574 = ORIENTED_EDGE('',*,*,#460,.F.);
#3575 = ORIENTED_EDGE('',*,*,#3576,.F.);
#3576 = EDGE_CURVE('',#1937,#452,#3577,.T.);
#3577 = LINE('',#3578,#3579);
#3578 = CARTESIAN_POINT('',(27.94,11.325,-1.));
#3579 = VECTOR('',#3580,1.);
#3580 = DIRECTION('',(0.,0.,1.));
#3581 = PLANE('',#3582);
#3582 = AXIS2_PLACEMENT_3D('',#3583,#3584,#3585);
#3583 = CARTESIAN_POINT('',(22.86,11.325,-1.));
#3584 = DIRECTION('',(-0.,1.,0.));
#3585 = DIRECTION('',(0.,0.,1.));
#3586 = ADVANCED_FACE('',(#3587),#3598,.F.);
#3587 = FACE_BOUND('',#3588,.F.);
#3588 = EDGE_LOOP('',(#3589,#3590,#3591,#3592));
#3589 = ORIENTED_EDGE('',*,*,#1919,.T.);
#3590 = ORIENTED_EDGE('',*,*,#3552,.T.);
#3591 = ORIENTED_EDGE('',*,*,#434,.F.);
#3592 = ORIENTED_EDGE('',*,*,#3593,.F.);
#3593 = EDGE_CURVE('',#1920,#435,#3594,.T.);
#3594 = LINE('',#3595,#3596);
#3595 = CARTESIAN_POINT('',(27.94,14.075,-1.));
#3596 = VECTOR('',#3597,1.);
#3597 = DIRECTION('',(0.,0.,1.));
#3598 = PLANE('',#3599);
#3599 = AXIS2_PLACEMENT_3D('',#3600,#3601,#3602);
#3600 = CARTESIAN_POINT('',(22.86,14.075,-1.));
#3601 = DIRECTION('',(-0.,1.,0.));
#3602 = DIRECTION('',(0.,0.,1.));
#3603 = ADVANCED_FACE('',(#3604),#3620,.F.);
#3604 = FACE_BOUND('',#3605,.F.);
#3605 = EDGE_LOOP('',(#3606,#3607,#3613,#3614));
#3606 = ORIENTED_EDGE('',*,*,#468,.F.);
#3607 = ORIENTED_EDGE('',*,*,#3608,.F.);
#3608 = EDGE_CURVE('',#1954,#469,#3609,.T.);
#3609 = LINE('',#3610,#3611);
#3610 = CARTESIAN_POINT('',(33.02,3.915,-1.));
#3611 = VECTOR('',#3612,1.);
#3612 = DIRECTION('',(0.,0.,1.));
#3613 = ORIENTED_EDGE('',*,*,#1953,.T.);
#3614 = ORIENTED_EDGE('',*,*,#3615,.T.);
#3615 = EDGE_CURVE('',#1956,#471,#3616,.T.);
#3616 = LINE('',#3617,#3618);
#3617 = CARTESIAN_POINT('',(33.02,1.165,-1.));
#3618 = VECTOR('',#3619,1.);
#3619 = DIRECTION('',(0.,0.,1.));
#3620 = CYLINDRICAL_SURFACE('',#3621,1.375);
#3621 = AXIS2_PLACEMENT_3D('',#3622,#3623,#3624);
#3622 = CARTESIAN_POINT('',(33.02,2.54,-1.));
#3623 = DIRECTION('',(0.,0.,1.));
#3624 = DIRECTION('',(1.,0.,-0.));
#3625 = ADVANCED_FACE('',(#3626),#3637,.T.);
#3626 = FACE_BOUND('',#3627,.T.);
#3627 = EDGE_LOOP('',(#3628,#3629,#3630,#3631));
#3628 = ORIENTED_EDGE('',*,*,#1990,.T.);
#3629 = ORIENTED_EDGE('',*,*,#3615,.T.);
#3630 = ORIENTED_EDGE('',*,*,#505,.F.);
#3631 = ORIENTED_EDGE('',*,*,#3632,.F.);
#3632 = EDGE_CURVE('',#1982,#497,#3633,.T.);
#3633 = LINE('',#3634,#3635);
#3634 = CARTESIAN_POINT('',(38.1,1.165,-1.));
#3635 = VECTOR('',#3636,1.);
#3636 = DIRECTION('',(0.,0.,1.));
#3637 = PLANE('',#3638);
#3638 = AXIS2_PLACEMENT_3D('',#3639,#3640,#3641);
#3639 = CARTESIAN_POINT('',(33.02,1.165,-1.));
#3640 = DIRECTION('',(-0.,1.,0.));
#3641 = DIRECTION('',(0.,0.,1.));
#3642 = ADVANCED_FACE('',(#3643),#3654,.F.);
#3643 = FACE_BOUND('',#3644,.F.);
#3644 = EDGE_LOOP('',(#3645,#3646,#3647,#3648));
#3645 = ORIENTED_EDGE('',*,*,#1964,.T.);
#3646 = ORIENTED_EDGE('',*,*,#3608,.T.);
#3647 = ORIENTED_EDGE('',*,*,#479,.F.);
#3648 = ORIENTED_EDGE('',*,*,#3649,.F.);
#3649 = EDGE_CURVE('',#1965,#480,#3650,.T.);
#3650 = LINE('',#3651,#3652);
#3651 = CARTESIAN_POINT('',(38.1,3.915,-1.));
#3652 = VECTOR('',#3653,1.);
#3653 = DIRECTION('',(0.,0.,1.));
#3654 = PLANE('',#3655);
#3655 = AXIS2_PLACEMENT_3D('',#3656,#3657,#3658);
#3656 = CARTESIAN_POINT('',(33.02,3.915,-1.));
#3657 = DIRECTION('',(-0.,1.,0.));
#3658 = DIRECTION('',(0.,0.,1.));
#3659 = ADVANCED_FACE('',(#3660),#3676,.F.);
#3660 = FACE_BOUND('',#3661,.F.);
#3661 = EDGE_LOOP('',(#3662,#3663,#3669,#3670));
#3662 = ORIENTED_EDGE('',*,*,#513,.F.);
#3663 = ORIENTED_EDGE('',*,*,#3664,.F.);
#3664 = EDGE_CURVE('',#1999,#514,#3665,.T.);
#3665 = LINE('',#3666,#3667);
#3666 = CARTESIAN_POINT('',(44.555,7.62,-1.));
#3667 = VECTOR('',#3668,1.);
#3668 = DIRECTION('',(0.,0.,1.));
#3669 = ORIENTED_EDGE('',*,*,#1998,.T.);
#3670 = ORIENTED_EDGE('',*,*,#3671,.T.);
#3671 = EDGE_CURVE('',#2001,#516,#3672,.T.);
#3672 = LINE('',#3673,#3674);
#3673 = CARTESIAN_POINT('',(41.805,7.62,-1.));
#3674 = VECTOR('',#3675,1.);
#3675 = DIRECTION('',(0.,0.,1.));
#3676 = CYLINDRICAL_SURFACE('',#3677,1.375);
#3677 = AXIS2_PLACEMENT_3D('',#3678,#3679,#3680);
#3678 = CARTESIAN_POINT('',(43.18,7.62,-1.));
#3679 = DIRECTION('',(0.,0.,1.));
#3680 = DIRECTION('',(1.,0.,-0.));
#3681 = ADVANCED_FACE('',(#3682),#3693,.T.);
#3682 = FACE_BOUND('',#3683,.T.);
#3683 = EDGE_LOOP('',(#3684,#3690,#3691,#3692));
#3684 = ORIENTED_EDGE('',*,*,#3685,.F.);
#3685 = EDGE_CURVE('',#2018,#533,#3686,.T.);
#3686 = LINE('',#3687,#3688);
#3687 = CARTESIAN_POINT('',(41.805,2.54,-1.));
#3688 = VECTOR('',#3689,1.);
#3689 = DIRECTION('',(0.,0.,1.));
#3690 = ORIENTED_EDGE('',*,*,#2026,.T.);
#3691 = ORIENTED_EDGE('',*,*,#3671,.T.);
#3692 = ORIENTED_EDGE('',*,*,#541,.F.);
#3693 = PLANE('',#3694);
#3694 = AXIS2_PLACEMENT_3D('',#3695,#3696,#3697);
#3695 = CARTESIAN_POINT('',(41.805,2.54,-1.));
#3696 = DIRECTION('',(1.,0.,-0.));
#3697 = DIRECTION('',(0.,0.,1.));
#3698 = ADVANCED_FACE('',(#3699),#3710,.F.);
#3699 = FACE_BOUND('',#3700,.F.);
#3700 = EDGE_LOOP('',(#3701,#3707,#3708,#3709));
#3701 = ORIENTED_EDGE('',*,*,#3702,.T.);
#3702 = EDGE_CURVE('',#2010,#525,#3703,.T.);
#3703 = LINE('',#3704,#3705);
#3704 = CARTESIAN_POINT('',(44.555,2.54,-1.));
#3705 = VECTOR('',#3706,1.);
#3706 = DIRECTION('',(0.,0.,1.));
#3707 = ORIENTED_EDGE('',*,*,#532,.F.);
#3708 = ORIENTED_EDGE('',*,*,#3685,.F.);
#3709 = ORIENTED_EDGE('',*,*,#2017,.T.);
#3710 = CYLINDRICAL_SURFACE('',#3711,1.375);
#3711 = AXIS2_PLACEMENT_3D('',#3712,#3713,#3714);
#3712 = CARTESIAN_POINT('',(43.18,2.54,-1.));
#3713 = DIRECTION('',(0.,0.,1.));
#3714 = DIRECTION('',(1.,0.,-0.));
#3715 = ADVANCED_FACE('',(#3716),#3722,.F.);
#3716 = FACE_BOUND('',#3717,.F.);
#3717 = EDGE_LOOP('',(#3718,#3719,#3720,#3721));
#3718 = ORIENTED_EDGE('',*,*,#3702,.F.);
#3719 = ORIENTED_EDGE('',*,*,#2009,.T.);
#3720 = ORIENTED_EDGE('',*,*,#3664,.T.);
#3721 = ORIENTED_EDGE('',*,*,#524,.F.);
#3722 = PLANE('',#3723);
#3723 = AXIS2_PLACEMENT_3D('',#3724,#3725,#3726);
#3724 = CARTESIAN_POINT('',(44.555,2.54,-1.));
#3725 = DIRECTION('',(1.,0.,-0.));
#3726 = DIRECTION('',(0.,0.,1.));
#3727 = ADVANCED_FACE('',(#3728),#3739,.F.);
#3728 = FACE_BOUND('',#3729,.F.);
#3729 = EDGE_LOOP('',(#3730,#3731,#3737,#3738));
#3730 = ORIENTED_EDGE('',*,*,#549,.F.);
#3731 = ORIENTED_EDGE('',*,*,#3732,.F.);
#3732 = EDGE_CURVE('',#2035,#550,#3733,.T.);
#3733 = LINE('',#3734,#3735);
#3734 = CARTESIAN_POINT('',(39.475,7.62,-1.));
#3735 = VECTOR('',#3736,1.);
#3736 = DIRECTION('',(0.,0.,1.));
#3737 = ORIENTED_EDGE('',*,*,#2034,.T.);
#3738 = ORIENTED_EDGE('',*,*,#3732,.T.);
#3739 = CYLINDRICAL_SURFACE('',#3740,1.375);
#3740 = AXIS2_PLACEMENT_3D('',#3741,#3742,#3743);
#3741 = CARTESIAN_POINT('',(38.1,7.62,-1.));
#3742 = DIRECTION('',(0.,0.,1.));
#3743 = DIRECTION('',(1.,0.,-0.));
#3744 = ADVANCED_FACE('',(#3745),#3761,.F.);
#3745 = FACE_BOUND('',#3746,.F.);
#3746 = EDGE_LOOP('',(#3747,#3748,#3754,#3755));
#3747 = ORIENTED_EDGE('',*,*,#560,.F.);
#3748 = ORIENTED_EDGE('',*,*,#3749,.F.);
#3749 = EDGE_CURVE('',#2046,#561,#3750,.T.);
#3750 = LINE('',#3751,#3752);
#3751 = CARTESIAN_POINT('',(48.26,3.915,-1.));
#3752 = VECTOR('',#3753,1.);
#3753 = DIRECTION('',(0.,0.,1.));
#3754 = ORIENTED_EDGE('',*,*,#2045,.T.);
#3755 = ORIENTED_EDGE('',*,*,#3756,.T.);
#3756 = EDGE_CURVE('',#2048,#563,#3757,.T.);
#3757 = LINE('',#3758,#3759);
#3758 = CARTESIAN_POINT('',(48.26,1.165,-1.));
#3759 = VECTOR('',#3760,1.);
#3760 = DIRECTION('',(0.,0.,1.));
#3761 = CYLINDRICAL_SURFACE('',#3762,1.375);
#3762 = AXIS2_PLACEMENT_3D('',#3763,#3764,#3765);
#3763 = CARTESIAN_POINT('',(48.26,2.54,-1.));
#3764 = DIRECTION('',(0.,0.,1.));
#3765 = DIRECTION('',(1.,0.,-0.));
#3766 = ADVANCED_FACE('',(#3767),#3778,.T.);
#3767 = FACE_BOUND('',#3768,.T.);
#3768 = EDGE_LOOP('',(#3769,#3770,#3771,#3772));
#3769 = ORIENTED_EDGE('',*,*,#2082,.T.);
#3770 = ORIENTED_EDGE('',*,*,#3756,.T.);
#3771 = ORIENTED_EDGE('',*,*,#597,.F.);
#3772 = ORIENTED_EDGE('',*,*,#3773,.F.);
#3773 = EDGE_CURVE('',#2074,#589,#3774,.T.);
#3774 = LINE('',#3775,#3776);
#3775 = CARTESIAN_POINT('',(53.34,1.165,-1.));
#3776 = VECTOR('',#3777,1.);
#3777 = DIRECTION('',(0.,0.,1.));
#3778 = PLANE('',#3779);
#3779 = AXIS2_PLACEMENT_3D('',#3780,#3781,#3782);
#3780 = CARTESIAN_POINT('',(48.26,1.165,-1.));
#3781 = DIRECTION('',(-0.,1.,0.));
#3782 = DIRECTION('',(0.,0.,1.));
#3783 = ADVANCED_FACE('',(#3784),#3795,.F.);
#3784 = FACE_BOUND('',#3785,.F.);
#3785 = EDGE_LOOP('',(#3786,#3787,#3788,#3789));
#3786 = ORIENTED_EDGE('',*,*,#2056,.T.);
#3787 = ORIENTED_EDGE('',*,*,#3749,.T.);
#3788 = ORIENTED_EDGE('',*,*,#571,.F.);
#3789 = ORIENTED_EDGE('',*,*,#3790,.F.);
#3790 = EDGE_CURVE('',#2057,#572,#3791,.T.);
#3791 = LINE('',#3792,#3793);
#3792 = CARTESIAN_POINT('',(53.34,3.915,-1.));
#3793 = VECTOR('',#3794,1.);
#3794 = DIRECTION('',(0.,0.,1.));
#3795 = PLANE('',#3796);
#3796 = AXIS2_PLACEMENT_3D('',#3797,#3798,#3799);
#3797 = CARTESIAN_POINT('',(48.26,3.915,-1.));
#3798 = DIRECTION('',(-0.,1.,0.));
#3799 = DIRECTION('',(0.,0.,1.));
#3800 = ADVANCED_FACE('',(#3801),#3817,.F.);
#3801 = FACE_BOUND('',#3802,.F.);
#3802 = EDGE_LOOP('',(#3803,#3804,#3810,#3811));
#3803 = ORIENTED_EDGE('',*,*,#605,.F.);
#3804 = ORIENTED_EDGE('',*,*,#3805,.F.);
#3805 = EDGE_CURVE('',#2091,#606,#3806,.T.);
#3806 = LINE('',#3807,#3808);
#3807 = CARTESIAN_POINT('',(59.795,7.62,-1.));
#3808 = VECTOR('',#3809,1.);
#3809 = DIRECTION('',(0.,0.,1.));
#3810 = ORIENTED_EDGE('',*,*,#2090,.T.);
#3811 = ORIENTED_EDGE('',*,*,#3812,.T.);
#3812 = EDGE_CURVE('',#2093,#608,#3813,.T.);
#3813 = LINE('',#3814,#3815);
#3814 = CARTESIAN_POINT('',(57.045,7.62,-1.));
#3815 = VECTOR('',#3816,1.);
#3816 = DIRECTION('',(0.,0.,1.));
#3817 = CYLINDRICAL_SURFACE('',#3818,1.375);
#3818 = AXIS2_PLACEMENT_3D('',#3819,#3820,#3821);
#3819 = CARTESIAN_POINT('',(58.42,7.62,-1.));
#3820 = DIRECTION('',(0.,0.,1.));
#3821 = DIRECTION('',(1.,0.,-0.));
#3822 = ADVANCED_FACE('',(#3823),#3834,.T.);
#3823 = FACE_BOUND('',#3824,.T.);
#3824 = EDGE_LOOP('',(#3825,#3831,#3832,#3833));
#3825 = ORIENTED_EDGE('',*,*,#3826,.F.);
#3826 = EDGE_CURVE('',#2110,#625,#3827,.T.);
#3827 = LINE('',#3828,#3829);
#3828 = CARTESIAN_POINT('',(57.045,2.54,-1.));
#3829 = VECTOR('',#3830,1.);
#3830 = DIRECTION('',(0.,0.,1.));
#3831 = ORIENTED_EDGE('',*,*,#2118,.T.);
#3832 = ORIENTED_EDGE('',*,*,#3812,.T.);
#3833 = ORIENTED_EDGE('',*,*,#633,.F.);
#3834 = PLANE('',#3835);
#3835 = AXIS2_PLACEMENT_3D('',#3836,#3837,#3838);
#3836 = CARTESIAN_POINT('',(57.045,2.54,-1.));
#3837 = DIRECTION('',(1.,0.,-0.));
#3838 = DIRECTION('',(0.,0.,1.));
#3839 = ADVANCED_FACE('',(#3840),#3851,.F.);
#3840 = FACE_BOUND('',#3841,.F.);
#3841 = EDGE_LOOP('',(#3842,#3848,#3849,#3850));
#3842 = ORIENTED_EDGE('',*,*,#3843,.T.);
#3843 = EDGE_CURVE('',#2102,#617,#3844,.T.);
#3844 = LINE('',#3845,#3846);
#3845 = CARTESIAN_POINT('',(59.795,2.54,-1.));
#3846 = VECTOR('',#3847,1.);
#3847 = DIRECTION('',(0.,0.,1.));
#3848 = ORIENTED_EDGE('',*,*,#624,.F.);
#3849 = ORIENTED_EDGE('',*,*,#3826,.F.);
#3850 = ORIENTED_EDGE('',*,*,#2109,.T.);
#3851 = CYLINDRICAL_SURFACE('',#3852,1.375);
#3852 = AXIS2_PLACEMENT_3D('',#3853,#3854,#3855);
#3853 = CARTESIAN_POINT('',(58.42,2.54,-1.));
#3854 = DIRECTION('',(0.,0.,1.));
#3855 = DIRECTION('',(1.,0.,-0.));
#3856 = ADVANCED_FACE('',(#3857),#3863,.F.);
#3857 = FACE_BOUND('',#3858,.F.);
#3858 = EDGE_LOOP('',(#3859,#3860,#3861,#3862));
#3859 = ORIENTED_EDGE('',*,*,#3843,.F.);
#3860 = ORIENTED_EDGE('',*,*,#2101,.T.);
#3861 = ORIENTED_EDGE('',*,*,#3805,.T.);
#3862 = ORIENTED_EDGE('',*,*,#616,.F.);
#3863 = PLANE('',#3864);
#3864 = AXIS2_PLACEMENT_3D('',#3865,#3866,#3867);
#3865 = CARTESIAN_POINT('',(59.795,2.54,-1.));
#3866 = DIRECTION('',(1.,0.,-0.));
#3867 = DIRECTION('',(0.,0.,1.));
#3868 = ADVANCED_FACE('',(#3869),#3880,.F.);
#3869 = FACE_BOUND('',#3870,.F.);
#3870 = EDGE_LOOP('',(#3871,#3872,#3878,#3879));
#3871 = ORIENTED_EDGE('',*,*,#641,.F.);
#3872 = ORIENTED_EDGE('',*,*,#3873,.F.);
#3873 = EDGE_CURVE('',#2127,#642,#3874,.T.);
#3874 = LINE('',#3875,#3876);
#3875 = CARTESIAN_POINT('',(54.715,7.62,-1.));
#3876 = VECTOR('',#3877,1.);
#3877 = DIRECTION('',(0.,0.,1.));
#3878 = ORIENTED_EDGE('',*,*,#2126,.T.);
#3879 = ORIENTED_EDGE('',*,*,#3873,.T.);
#3880 = CYLINDRICAL_SURFACE('',#3881,1.375);
#3881 = AXIS2_PLACEMENT_3D('',#3882,#3883,#3884);
#3882 = CARTESIAN_POINT('',(53.34,7.62,-1.));
#3883 = DIRECTION('',(0.,0.,1.));
#3884 = DIRECTION('',(1.,0.,-0.));
#3885 = ADVANCED_FACE('',(#3886),#3902,.F.);
#3886 = FACE_BOUND('',#3887,.F.);
#3887 = EDGE_LOOP('',(#3888,#3889,#3895,#3896));
#3888 = ORIENTED_EDGE('',*,*,#652,.F.);
#3889 = ORIENTED_EDGE('',*,*,#3890,.F.);
#3890 = EDGE_CURVE('',#2138,#653,#3891,.T.);
#3891 = LINE('',#3892,#3893);
#3892 = CARTESIAN_POINT('',(34.395,12.7,-1.));
#3893 = VECTOR('',#3894,1.);
#3894 = DIRECTION('',(0.,0.,1.));
#3895 = ORIENTED_EDGE('',*,*,#2137,.T.);
#3896 = ORIENTED_EDGE('',*,*,#3897,.T.);
#3897 = EDGE_CURVE('',#2140,#655,#3898,.T.);
#3898 = LINE('',#3899,#3900);
#3899 = CARTESIAN_POINT('',(31.645,12.7,-1.));
#3900 = VECTOR('',#3901,1.);
#3901 = DIRECTION('',(0.,0.,1.));
#3902 = CYLINDRICAL_SURFACE('',#3903,1.375);
#3903 = AXIS2_PLACEMENT_3D('',#3904,#3905,#3906);
#3904 = CARTESIAN_POINT('',(33.02,12.7,-1.));
#3905 = DIRECTION('',(0.,0.,1.));
#3906 = DIRECTION('',(1.,0.,-0.));
#3907 = ADVANCED_FACE('',(#3908),#3919,.T.);
#3908 = FACE_BOUND('',#3909,.T.);
#3909 = EDGE_LOOP('',(#3910,#3916,#3917,#3918));
#3910 = ORIENTED_EDGE('',*,*,#3911,.F.);
#3911 = EDGE_CURVE('',#2157,#672,#3912,.T.);
#3912 = LINE('',#3913,#3914);
#3913 = CARTESIAN_POINT('',(31.645,7.62,-1.));
#3914 = VECTOR('',#3915,1.);
#3915 = DIRECTION('',(0.,0.,1.));
#3916 = ORIENTED_EDGE('',*,*,#2165,.T.);
#3917 = ORIENTED_EDGE('',*,*,#3897,.T.);
#3918 = ORIENTED_EDGE('',*,*,#680,.F.);
#3919 = PLANE('',#3920);
#3920 = AXIS2_PLACEMENT_3D('',#3921,#3922,#3923);
#3921 = CARTESIAN_POINT('',(31.645,7.62,-1.));
#3922 = DIRECTION('',(1.,0.,-0.));
#3923 = DIRECTION('',(0.,0.,1.));
#3924 = ADVANCED_FACE('',(#3925),#3936,.F.);
#3925 = FACE_BOUND('',#3926,.F.);
#3926 = EDGE_LOOP('',(#3927,#3933,#3934,#3935));
#3927 = ORIENTED_EDGE('',*,*,#3928,.T.);
#3928 = EDGE_CURVE('',#2149,#664,#3929,.T.);
#3929 = LINE('',#3930,#3931);
#3930 = CARTESIAN_POINT('',(34.395,7.62,-1.));
#3931 = VECTOR('',#3932,1.);
#3932 = DIRECTION('',(0.,0.,1.));
#3933 = ORIENTED_EDGE('',*,*,#671,.F.);
#3934 = ORIENTED_EDGE('',*,*,#3911,.F.);
#3935 = ORIENTED_EDGE('',*,*,#2156,.T.);
#3936 = CYLINDRICAL_SURFACE('',#3937,1.375);
#3937 = AXIS2_PLACEMENT_3D('',#3938,#3939,#3940);
#3938 = CARTESIAN_POINT('',(33.02,7.62,-1.));
#3939 = DIRECTION('',(0.,0.,1.));
#3940 = DIRECTION('',(1.,0.,-0.));
#3941 = ADVANCED_FACE('',(#3942),#3948,.F.);
#3942 = FACE_BOUND('',#3943,.F.);
#3943 = EDGE_LOOP('',(#3944,#3945,#3946,#3947));
#3944 = ORIENTED_EDGE('',*,*,#3928,.F.);
#3945 = ORIENTED_EDGE('',*,*,#2148,.T.);
#3946 = ORIENTED_EDGE('',*,*,#3890,.T.);
#3947 = ORIENTED_EDGE('',*,*,#663,.F.);
#3948 = PLANE('',#3949);
#3949 = AXIS2_PLACEMENT_3D('',#3950,#3951,#3952);
#3950 = CARTESIAN_POINT('',(34.395,7.62,-1.));
#3951 = DIRECTION('',(1.,0.,-0.));
#3952 = DIRECTION('',(0.,0.,1.));
#3953 = ADVANCED_FACE('',(#3954),#3970,.F.);
#3954 = FACE_BOUND('',#3955,.F.);
#3955 = EDGE_LOOP('',(#3956,#3957,#3963,#3964));
#3956 = ORIENTED_EDGE('',*,*,#688,.F.);
#3957 = ORIENTED_EDGE('',*,*,#3958,.F.);
#3958 = EDGE_CURVE('',#2174,#689,#3959,.T.);
#3959 = LINE('',#3960,#3961);
#3960 = CARTESIAN_POINT('',(38.1,14.075,-1.));
#3961 = VECTOR('',#3962,1.);
#3962 = DIRECTION('',(0.,0.,1.));
#3963 = ORIENTED_EDGE('',*,*,#2173,.T.);
#3964 = ORIENTED_EDGE('',*,*,#3965,.T.);
#3965 = EDGE_CURVE('',#2176,#691,#3966,.T.);
#3966 = LINE('',#3967,#3968);
#3967 = CARTESIAN_POINT('',(38.1,11.325,-1.));
#3968 = VECTOR('',#3969,1.);
#3969 = DIRECTION('',(0.,0.,1.));
#3970 = CYLINDRICAL_SURFACE('',#3971,1.375);
#3971 = AXIS2_PLACEMENT_3D('',#3972,#3973,#3974);
#3972 = CARTESIAN_POINT('',(38.1,12.7,-1.));
#3973 = DIRECTION('',(0.,0.,1.));
#3974 = DIRECTION('',(1.,0.,-0.));
#3975 = ADVANCED_FACE('',(#3976),#3987,.T.);
#3976 = FACE_BOUND('',#3977,.T.);
#3977 = EDGE_LOOP('',(#3978,#3979,#3980,#3981));
#3978 = ORIENTED_EDGE('',*,*,#2210,.T.);
#3979 = ORIENTED_EDGE('',*,*,#3965,.T.);
#3980 = ORIENTED_EDGE('',*,*,#725,.F.);
#3981 = ORIENTED_EDGE('',*,*,#3982,.F.);
#3982 = EDGE_CURVE('',#2202,#717,#3983,.T.);
#3983 = LINE('',#3984,#3985);
#3984 = CARTESIAN_POINT('',(43.18,11.325,-1.));
#3985 = VECTOR('',#3986,1.);
#3986 = DIRECTION('',(0.,0.,1.));
#3987 = PLANE('',#3988);
#3988 = AXIS2_PLACEMENT_3D('',#3989,#3990,#3991);
#3989 = CARTESIAN_POINT('',(38.1,11.325,-1.));
#3990 = DIRECTION('',(-0.,1.,0.));
#3991 = DIRECTION('',(0.,0.,1.));
#3992 = ADVANCED_FACE('',(#3993),#4004,.F.);
#3993 = FACE_BOUND('',#3994,.F.);
#3994 = EDGE_LOOP('',(#3995,#3996,#3997,#3998));
#3995 = ORIENTED_EDGE('',*,*,#2184,.T.);
#3996 = ORIENTED_EDGE('',*,*,#3958,.T.);
#3997 = ORIENTED_EDGE('',*,*,#699,.F.);
#3998 = ORIENTED_EDGE('',*,*,#3999,.F.);
#3999 = EDGE_CURVE('',#2185,#700,#4000,.T.);
#4000 = LINE('',#4001,#4002);
#4001 = CARTESIAN_POINT('',(43.18,14.075,-1.));
#4002 = VECTOR('',#4003,1.);
#4003 = DIRECTION('',(0.,0.,1.));
#4004 = PLANE('',#4005);
#4005 = AXIS2_PLACEMENT_3D('',#4006,#4007,#4008);
#4006 = CARTESIAN_POINT('',(38.1,14.075,-1.));
#4007 = DIRECTION('',(-0.,1.,0.));
#4008 = DIRECTION('',(0.,0.,1.));
#4009 = ADVANCED_FACE('',(#4010),#4026,.F.);
#4010 = FACE_BOUND('',#4011,.F.);
#4011 = EDGE_LOOP('',(#4012,#4013,#4019,#4020));
#4012 = ORIENTED_EDGE('',*,*,#733,.F.);
#4013 = ORIENTED_EDGE('',*,*,#4014,.F.);
#4014 = EDGE_CURVE('',#2219,#734,#4015,.T.);
#4015 = LINE('',#4016,#4017);
#4016 = CARTESIAN_POINT('',(49.635,12.7,-1.));
#4017 = VECTOR('',#4018,1.);
#4018 = DIRECTION('',(0.,0.,1.));
#4019 = ORIENTED_EDGE('',*,*,#2218,.T.);
#4020 = ORIENTED_EDGE('',*,*,#4021,.T.);
#4021 = EDGE_CURVE('',#2221,#736,#4022,.T.);
#4022 = LINE('',#4023,#4024);
#4023 = CARTESIAN_POINT('',(46.885,12.7,-1.));
#4024 = VECTOR('',#4025,1.);
#4025 = DIRECTION('',(0.,0.,1.));
#4026 = CYLINDRICAL_SURFACE('',#4027,1.375);
#4027 = AXIS2_PLACEMENT_3D('',#4028,#4029,#4030);
#4028 = CARTESIAN_POINT('',(48.26,12.7,-1.));
#4029 = DIRECTION('',(0.,0.,1.));
#4030 = DIRECTION('',(1.,0.,-0.));
#4031 = ADVANCED_FACE('',(#4032),#4043,.T.);
#4032 = FACE_BOUND('',#4033,.T.);
#4033 = EDGE_LOOP('',(#4034,#4040,#4041,#4042));
#4034 = ORIENTED_EDGE('',*,*,#4035,.F.);
#4035 = EDGE_CURVE('',#2238,#753,#4036,.T.);
#4036 = LINE('',#4037,#4038);
#4037 = CARTESIAN_POINT('',(46.885,7.62,-1.));
#4038 = VECTOR('',#4039,1.);
#4039 = DIRECTION('',(0.,0.,1.));
#4040 = ORIENTED_EDGE('',*,*,#2246,.T.);
#4041 = ORIENTED_EDGE('',*,*,#4021,.T.);
#4042 = ORIENTED_EDGE('',*,*,#761,.F.);
#4043 = PLANE('',#4044);
#4044 = AXIS2_PLACEMENT_3D('',#4045,#4046,#4047);
#4045 = CARTESIAN_POINT('',(46.885,7.62,-1.));
#4046 = DIRECTION('',(1.,0.,-0.));
#4047 = DIRECTION('',(0.,0.,1.));
#4048 = ADVANCED_FACE('',(#4049),#4060,.F.);
#4049 = FACE_BOUND('',#4050,.F.);
#4050 = EDGE_LOOP('',(#4051,#4057,#4058,#4059));
#4051 = ORIENTED_EDGE('',*,*,#4052,.T.);
#4052 = EDGE_CURVE('',#2230,#745,#4053,.T.);
#4053 = LINE('',#4054,#4055);
#4054 = CARTESIAN_POINT('',(49.635,7.62,-1.));
#4055 = VECTOR('',#4056,1.);
#4056 = DIRECTION('',(0.,0.,1.));
#4057 = ORIENTED_EDGE('',*,*,#752,.F.);
#4058 = ORIENTED_EDGE('',*,*,#4035,.F.);
#4059 = ORIENTED_EDGE('',*,*,#2237,.T.);
#4060 = CYLINDRICAL_SURFACE('',#4061,1.375);
#4061 = AXIS2_PLACEMENT_3D('',#4062,#4063,#4064);
#4062 = CARTESIAN_POINT('',(48.26,7.62,-1.));
#4063 = DIRECTION('',(0.,0.,1.));
#4064 = DIRECTION('',(1.,0.,-0.));
#4065 = ADVANCED_FACE('',(#4066),#4072,.F.);
#4066 = FACE_BOUND('',#4067,.F.);
#4067 = EDGE_LOOP('',(#4068,#4069,#4070,#4071));
#4068 = ORIENTED_EDGE('',*,*,#4052,.F.);
#4069 = ORIENTED_EDGE('',*,*,#2229,.T.);
#4070 = ORIENTED_EDGE('',*,*,#4014,.T.);
#4071 = ORIENTED_EDGE('',*,*,#744,.F.);
#4072 = PLANE('',#4073);
#4073 = AXIS2_PLACEMENT_3D('',#4074,#4075,#4076);
#4074 = CARTESIAN_POINT('',(49.635,7.62,-1.));
#4075 = DIRECTION('',(1.,0.,-0.));
#4076 = DIRECTION('',(0.,0.,1.));
#4077 = ADVANCED_FACE('',(#4078),#4094,.F.);
#4078 = FACE_BOUND('',#4079,.F.);
#4079 = EDGE_LOOP('',(#4080,#4081,#4087,#4088));
#4080 = ORIENTED_EDGE('',*,*,#769,.F.);
#4081 = ORIENTED_EDGE('',*,*,#4082,.F.);
#4082 = EDGE_CURVE('',#2255,#770,#4083,.T.);
#4083 = LINE('',#4084,#4085);
#4084 = CARTESIAN_POINT('',(53.34,14.075,-1.));
#4085 = VECTOR('',#4086,1.);
#4086 = DIRECTION('',(0.,0.,1.));
#4087 = ORIENTED_EDGE('',*,*,#2254,.T.);
#4088 = ORIENTED_EDGE('',*,*,#4089,.T.);
#4089 = EDGE_CURVE('',#2257,#772,#4090,.T.);
#4090 = LINE('',#4091,#4092);
#4091 = CARTESIAN_POINT('',(53.34,11.325,-1.));
#4092 = VECTOR('',#4093,1.);
#4093 = DIRECTION('',(0.,0.,1.));
#4094 = CYLINDRICAL_SURFACE('',#4095,1.375);
#4095 = AXIS2_PLACEMENT_3D('',#4096,#4097,#4098);
#4096 = CARTESIAN_POINT('',(53.34,12.7,-1.));
#4097 = DIRECTION('',(0.,0.,1.));
#4098 = DIRECTION('',(1.,0.,-0.));
#4099 = ADVANCED_FACE('',(#4100),#4111,.T.);
#4100 = FACE_BOUND('',#4101,.T.);
#4101 = EDGE_LOOP('',(#4102,#4103,#4104,#4105));
#4102 = ORIENTED_EDGE('',*,*,#2291,.T.);
#4103 = ORIENTED_EDGE('',*,*,#4089,.T.);
#4104 = ORIENTED_EDGE('',*,*,#806,.F.);
#4105 = ORIENTED_EDGE('',*,*,#4106,.F.);
#4106 = EDGE_CURVE('',#2283,#798,#4107,.T.);
#4107 = LINE('',#4108,#4109);
#4108 = CARTESIAN_POINT('',(58.42,11.325,-1.));
#4109 = VECTOR('',#4110,1.);
#4110 = DIRECTION('',(0.,0.,1.));
#4111 = PLANE('',#4112);
#4112 = AXIS2_PLACEMENT_3D('',#4113,#4114,#4115);
#4113 = CARTESIAN_POINT('',(53.34,11.325,-1.));
#4114 = DIRECTION('',(-0.,1.,0.));
#4115 = DIRECTION('',(0.,0.,1.));
#4116 = ADVANCED_FACE('',(#4117),#4128,.F.);
#4117 = FACE_BOUND('',#4118,.F.);
#4118 = EDGE_LOOP('',(#4119,#4120,#4121,#4122));
#4119 = ORIENTED_EDGE('',*,*,#2265,.T.);
#4120 = ORIENTED_EDGE('',*,*,#4082,.T.);
#4121 = ORIENTED_EDGE('',*,*,#780,.F.);
#4122 = ORIENTED_EDGE('',*,*,#4123,.F.);
#4123 = EDGE_CURVE('',#2266,#781,#4124,.T.);
#4124 = LINE('',#4125,#4126);
#4125 = CARTESIAN_POINT('',(58.42,14.075,-1.));
#4126 = VECTOR('',#4127,1.);
#4127 = DIRECTION('',(0.,0.,1.));
#4128 = PLANE('',#4129);
#4129 = AXIS2_PLACEMENT_3D('',#4130,#4131,#4132);
#4130 = CARTESIAN_POINT('',(53.34,14.075,-1.));
#4131 = DIRECTION('',(-0.,1.,0.));
#4132 = DIRECTION('',(0.,0.,1.));
#4133 = ADVANCED_FACE('',(#4134),#4150,.F.);
#4134 = FACE_BOUND('',#4135,.F.);
#4135 = EDGE_LOOP('',(#4136,#4137,#4143,#4144));
#4136 = ORIENTED_EDGE('',*,*,#814,.F.);
#4137 = ORIENTED_EDGE('',*,*,#4138,.F.);
#4138 = EDGE_CURVE('',#2300,#815,#4139,.T.);
#4139 = LINE('',#4140,#4141);
#4140 = CARTESIAN_POINT('',(2.54,19.155,-1.));
#4141 = VECTOR('',#4142,1.);
#4142 = DIRECTION('',(0.,0.,1.));
#4143 = ORIENTED_EDGE('',*,*,#2299,.T.);
#4144 = ORIENTED_EDGE('',*,*,#4145,.T.);
#4145 = EDGE_CURVE('',#2302,#817,#4146,.T.);
#4146 = LINE('',#4147,#4148);
#4147 = CARTESIAN_POINT('',(2.54,16.405,-1.));
#4148 = VECTOR('',#4149,1.);
#4149 = DIRECTION('',(0.,0.,1.));
#4150 = CYLINDRICAL_SURFACE('',#4151,1.375);
#4151 = AXIS2_PLACEMENT_3D('',#4152,#4153,#4154);
#4152 = CARTESIAN_POINT('',(2.54,17.78,-1.));
#4153 = DIRECTION('',(0.,0.,1.));
#4154 = DIRECTION('',(1.,0.,-0.));
#4155 = ADVANCED_FACE('',(#4156),#4167,.T.);
#4156 = FACE_BOUND('',#4157,.T.);
#4157 = EDGE_LOOP('',(#4158,#4159,#4160,#4161));
#4158 = ORIENTED_EDGE('',*,*,#2336,.T.);
#4159 = ORIENTED_EDGE('',*,*,#4145,.T.);
#4160 = ORIENTED_EDGE('',*,*,#851,.F.);
#4161 = ORIENTED_EDGE('',*,*,#4162,.F.);
#4162 = EDGE_CURVE('',#2328,#843,#4163,.T.);
#4163 = LINE('',#4164,#4165);
#4164 = CARTESIAN_POINT('',(7.62,16.405,-1.));
#4165 = VECTOR('',#4166,1.);
#4166 = DIRECTION('',(0.,0.,1.));
#4167 = PLANE('',#4168);
#4168 = AXIS2_PLACEMENT_3D('',#4169,#4170,#4171);
#4169 = CARTESIAN_POINT('',(2.54,16.405,-1.));
#4170 = DIRECTION('',(-0.,1.,0.));
#4171 = DIRECTION('',(0.,0.,1.));
#4172 = ADVANCED_FACE('',(#4173),#4184,.F.);
#4173 = FACE_BOUND('',#4174,.F.);
#4174 = EDGE_LOOP('',(#4175,#4176,#4177,#4178));
#4175 = ORIENTED_EDGE('',*,*,#2310,.T.);
#4176 = ORIENTED_EDGE('',*,*,#4138,.T.);
#4177 = ORIENTED_EDGE('',*,*,#825,.F.);
#4178 = ORIENTED_EDGE('',*,*,#4179,.F.);
#4179 = EDGE_CURVE('',#2311,#826,#4180,.T.);
#4180 = LINE('',#4181,#4182);
#4181 = CARTESIAN_POINT('',(7.62,19.155,-1.));
#4182 = VECTOR('',#4183,1.);
#4183 = DIRECTION('',(0.,0.,1.));
#4184 = PLANE('',#4185);
#4185 = AXIS2_PLACEMENT_3D('',#4186,#4187,#4188);
#4186 = CARTESIAN_POINT('',(2.54,19.155,-1.));
#4187 = DIRECTION('',(-0.,1.,0.));
#4188 = DIRECTION('',(0.,0.,1.));
#4189 = ADVANCED_FACE('',(#4190),#4206,.F.);
#4190 = FACE_BOUND('',#4191,.F.);
#4191 = EDGE_LOOP('',(#4192,#4193,#4199,#4200));
#4192 = ORIENTED_EDGE('',*,*,#859,.F.);
#4193 = ORIENTED_EDGE('',*,*,#4194,.F.);
#4194 = EDGE_CURVE('',#2345,#860,#4195,.T.);
#4195 = LINE('',#4196,#4197);
#4196 = CARTESIAN_POINT('',(14.075,22.86,-1.));
#4197 = VECTOR('',#4198,1.);
#4198 = DIRECTION('',(0.,0.,1.));
#4199 = ORIENTED_EDGE('',*,*,#2344,.T.);
#4200 = ORIENTED_EDGE('',*,*,#4201,.T.);
#4201 = EDGE_CURVE('',#2347,#862,#4202,.T.);
#4202 = LINE('',#4203,#4204);
#4203 = CARTESIAN_POINT('',(11.325,22.86,-1.));
#4204 = VECTOR('',#4205,1.);
#4205 = DIRECTION('',(0.,0.,1.));
#4206 = CYLINDRICAL_SURFACE('',#4207,1.375);
#4207 = AXIS2_PLACEMENT_3D('',#4208,#4209,#4210);
#4208 = CARTESIAN_POINT('',(12.7,22.86,-1.));
#4209 = DIRECTION('',(0.,0.,1.));
#4210 = DIRECTION('',(1.,0.,-0.));
#4211 = ADVANCED_FACE('',(#4212),#4223,.T.);
#4212 = FACE_BOUND('',#4213,.T.);
#4213 = EDGE_LOOP('',(#4214,#4220,#4221,#4222));
#4214 = ORIENTED_EDGE('',*,*,#4215,.F.);
#4215 = EDGE_CURVE('',#2364,#879,#4216,.T.);
#4216 = LINE('',#4217,#4218);
#4217 = CARTESIAN_POINT('',(11.325,17.78,-1.));
#4218 = VECTOR('',#4219,1.);
#4219 = DIRECTION('',(0.,0.,1.));
#4220 = ORIENTED_EDGE('',*,*,#2372,.T.);
#4221 = ORIENTED_EDGE('',*,*,#4201,.T.);
#4222 = ORIENTED_EDGE('',*,*,#887,.F.);
#4223 = PLANE('',#4224);
#4224 = AXIS2_PLACEMENT_3D('',#4225,#4226,#4227);
#4225 = CARTESIAN_POINT('',(11.325,17.78,-1.));
#4226 = DIRECTION('',(1.,0.,-0.));
#4227 = DIRECTION('',(0.,0.,1.));
#4228 = ADVANCED_FACE('',(#4229),#4240,.F.);
#4229 = FACE_BOUND('',#4230,.F.);
#4230 = EDGE_LOOP('',(#4231,#4237,#4238,#4239));
#4231 = ORIENTED_EDGE('',*,*,#4232,.T.);
#4232 = EDGE_CURVE('',#2356,#871,#4233,.T.);
#4233 = LINE('',#4234,#4235);
#4234 = CARTESIAN_POINT('',(14.075,17.78,-1.));
#4235 = VECTOR('',#4236,1.);
#4236 = DIRECTION('',(0.,0.,1.));
#4237 = ORIENTED_EDGE('',*,*,#878,.F.);
#4238 = ORIENTED_EDGE('',*,*,#4215,.F.);
#4239 = ORIENTED_EDGE('',*,*,#2363,.T.);
#4240 = CYLINDRICAL_SURFACE('',#4241,1.375);
#4241 = AXIS2_PLACEMENT_3D('',#4242,#4243,#4244);
#4242 = CARTESIAN_POINT('',(12.7,17.78,-1.));
#4243 = DIRECTION('',(0.,0.,1.));
#4244 = DIRECTION('',(1.,0.,-0.));
#4245 = ADVANCED_FACE('',(#4246),#4252,.F.);
#4246 = FACE_BOUND('',#4247,.F.);
#4247 = EDGE_LOOP('',(#4248,#4249,#4250,#4251));
#4248 = ORIENTED_EDGE('',*,*,#4232,.F.);
#4249 = ORIENTED_EDGE('',*,*,#2355,.T.);
#4250 = ORIENTED_EDGE('',*,*,#4194,.T.);
#4251 = ORIENTED_EDGE('',*,*,#870,.F.);
#4252 = PLANE('',#4253);
#4253 = AXIS2_PLACEMENT_3D('',#4254,#4255,#4256);
#4254 = CARTESIAN_POINT('',(14.075,17.78,-1.));
#4255 = DIRECTION('',(1.,0.,-0.));
#4256 = DIRECTION('',(0.,0.,1.));
#4257 = ADVANCED_FACE('',(#4258),#4274,.F.);
#4258 = FACE_BOUND('',#4259,.F.);
#4259 = EDGE_LOOP('',(#4260,#4261,#4267,#4268));
#4260 = ORIENTED_EDGE('',*,*,#895,.F.);
#4261 = ORIENTED_EDGE('',*,*,#4262,.F.);
#4262 = EDGE_CURVE('',#2381,#896,#4263,.T.);
#4263 = LINE('',#4264,#4265);
#4264 = CARTESIAN_POINT('',(17.78,19.155,-1.));
#4265 = VECTOR('',#4266,1.);
#4266 = DIRECTION('',(0.,0.,1.));
#4267 = ORIENTED_EDGE('',*,*,#2380,.T.);
#4268 = ORIENTED_EDGE('',*,*,#4269,.T.);
#4269 = EDGE_CURVE('',#2383,#898,#4270,.T.);
#4270 = LINE('',#4271,#4272);
#4271 = CARTESIAN_POINT('',(17.78,16.405,-1.));
#4272 = VECTOR('',#4273,1.);
#4273 = DIRECTION('',(0.,0.,1.));
#4274 = CYLINDRICAL_SURFACE('',#4275,1.375);
#4275 = AXIS2_PLACEMENT_3D('',#4276,#4277,#4278);
#4276 = CARTESIAN_POINT('',(17.78,17.78,-1.));
#4277 = DIRECTION('',(0.,0.,1.));
#4278 = DIRECTION('',(1.,0.,-0.));
#4279 = ADVANCED_FACE('',(#4280),#4291,.T.);
#4280 = FACE_BOUND('',#4281,.T.);
#4281 = EDGE_LOOP('',(#4282,#4283,#4284,#4285));
#4282 = ORIENTED_EDGE('',*,*,#2417,.T.);
#4283 = ORIENTED_EDGE('',*,*,#4269,.T.);
#4284 = ORIENTED_EDGE('',*,*,#932,.F.);
#4285 = ORIENTED_EDGE('',*,*,#4286,.F.);
#4286 = EDGE_CURVE('',#2409,#924,#4287,.T.);
#4287 = LINE('',#4288,#4289);
#4288 = CARTESIAN_POINT('',(22.86,16.405,-1.));
#4289 = VECTOR('',#4290,1.);
#4290 = DIRECTION('',(0.,0.,1.));
#4291 = PLANE('',#4292);
#4292 = AXIS2_PLACEMENT_3D('',#4293,#4294,#4295);
#4293 = CARTESIAN_POINT('',(17.78,16.405,-1.));
#4294 = DIRECTION('',(-0.,1.,0.));
#4295 = DIRECTION('',(0.,0.,1.));
#4296 = ADVANCED_FACE('',(#4297),#4308,.F.);
#4297 = FACE_BOUND('',#4298,.F.);
#4298 = EDGE_LOOP('',(#4299,#4300,#4301,#4302));
#4299 = ORIENTED_EDGE('',*,*,#2391,.T.);
#4300 = ORIENTED_EDGE('',*,*,#4262,.T.);
#4301 = ORIENTED_EDGE('',*,*,#906,.F.);
#4302 = ORIENTED_EDGE('',*,*,#4303,.F.);
#4303 = EDGE_CURVE('',#2392,#907,#4304,.T.);
#4304 = LINE('',#4305,#4306);
#4305 = CARTESIAN_POINT('',(22.86,19.155,-1.));
#4306 = VECTOR('',#4307,1.);
#4307 = DIRECTION('',(0.,0.,1.));
#4308 = PLANE('',#4309);
#4309 = AXIS2_PLACEMENT_3D('',#4310,#4311,#4312);
#4310 = CARTESIAN_POINT('',(17.78,19.155,-1.));
#4311 = DIRECTION('',(-0.,1.,0.));
#4312 = DIRECTION('',(0.,0.,1.));
#4313 = ADVANCED_FACE('',(#4314),#4330,.F.);
#4314 = FACE_BOUND('',#4315,.F.);
#4315 = EDGE_LOOP('',(#4316,#4317,#4323,#4324));
#4316 = ORIENTED_EDGE('',*,*,#940,.F.);
#4317 = ORIENTED_EDGE('',*,*,#4318,.F.);
#4318 = EDGE_CURVE('',#2426,#941,#4319,.T.);
#4319 = LINE('',#4320,#4321);
#4320 = CARTESIAN_POINT('',(29.315,22.86,-1.));
#4321 = VECTOR('',#4322,1.);
#4322 = DIRECTION('',(0.,0.,1.));
#4323 = ORIENTED_EDGE('',*,*,#2425,.T.);
#4324 = ORIENTED_EDGE('',*,*,#4325,.T.);
#4325 = EDGE_CURVE('',#2428,#943,#4326,.T.);
#4326 = LINE('',#4327,#4328);
#4327 = CARTESIAN_POINT('',(26.565,22.86,-1.));
#4328 = VECTOR('',#4329,1.);
#4329 = DIRECTION('',(0.,0.,1.));
#4330 = CYLINDRICAL_SURFACE('',#4331,1.375);
#4331 = AXIS2_PLACEMENT_3D('',#4332,#4333,#4334);
#4332 = CARTESIAN_POINT('',(27.94,22.86,-1.));
#4333 = DIRECTION('',(0.,0.,1.));
#4334 = DIRECTION('',(1.,0.,-0.));
#4335 = ADVANCED_FACE('',(#4336),#4347,.T.);
#4336 = FACE_BOUND('',#4337,.T.);
#4337 = EDGE_LOOP('',(#4338,#4344,#4345,#4346));
#4338 = ORIENTED_EDGE('',*,*,#4339,.F.);
#4339 = EDGE_CURVE('',#2445,#960,#4340,.T.);
#4340 = LINE('',#4341,#4342);
#4341 = CARTESIAN_POINT('',(26.565,17.78,-1.));
#4342 = VECTOR('',#4343,1.);
#4343 = DIRECTION('',(0.,0.,1.));
#4344 = ORIENTED_EDGE('',*,*,#2453,.T.);
#4345 = ORIENTED_EDGE('',*,*,#4325,.T.);
#4346 = ORIENTED_EDGE('',*,*,#968,.F.);
#4347 = PLANE('',#4348);
#4348 = AXIS2_PLACEMENT_3D('',#4349,#4350,#4351);
#4349 = CARTESIAN_POINT('',(26.565,17.78,-1.));
#4350 = DIRECTION('',(1.,0.,-0.));
#4351 = DIRECTION('',(0.,0.,1.));
#4352 = ADVANCED_FACE('',(#4353),#4364,.F.);
#4353 = FACE_BOUND('',#4354,.F.);
#4354 = EDGE_LOOP('',(#4355,#4361,#4362,#4363));
#4355 = ORIENTED_EDGE('',*,*,#4356,.T.);
#4356 = EDGE_CURVE('',#2437,#952,#4357,.T.);
#4357 = LINE('',#4358,#4359);
#4358 = CARTESIAN_POINT('',(29.315,17.78,-1.));
#4359 = VECTOR('',#4360,1.);
#4360 = DIRECTION('',(0.,0.,1.));
#4361 = ORIENTED_EDGE('',*,*,#959,.F.);
#4362 = ORIENTED_EDGE('',*,*,#4339,.F.);
#4363 = ORIENTED_EDGE('',*,*,#2444,.T.);
#4364 = CYLINDRICAL_SURFACE('',#4365,1.375);
#4365 = AXIS2_PLACEMENT_3D('',#4366,#4367,#4368);
#4366 = CARTESIAN_POINT('',(27.94,17.78,-1.));
#4367 = DIRECTION('',(0.,0.,1.));
#4368 = DIRECTION('',(1.,0.,-0.));
#4369 = ADVANCED_FACE('',(#4370),#4376,.F.);
#4370 = FACE_BOUND('',#4371,.F.);
#4371 = EDGE_LOOP('',(#4372,#4373,#4374,#4375));
#4372 = ORIENTED_EDGE('',*,*,#4356,.F.);
#4373 = ORIENTED_EDGE('',*,*,#2436,.T.);
#4374 = ORIENTED_EDGE('',*,*,#4318,.T.);
#4375 = ORIENTED_EDGE('',*,*,#951,.F.);
#4376 = PLANE('',#4377);
#4377 = AXIS2_PLACEMENT_3D('',#4378,#4379,#4380);
#4378 = CARTESIAN_POINT('',(29.315,17.78,-1.));
#4379 = DIRECTION('',(1.,0.,-0.));
#4380 = DIRECTION('',(0.,0.,1.));
#4381 = ADVANCED_FACE('',(#4382),#4393,.F.);
#4382 = FACE_BOUND('',#4383,.F.);
#4383 = EDGE_LOOP('',(#4384,#4385,#4391,#4392));
#4384 = ORIENTED_EDGE('',*,*,#976,.F.);
#4385 = ORIENTED_EDGE('',*,*,#4386,.F.);
#4386 = EDGE_CURVE('',#2462,#977,#4387,.T.);
#4387 = LINE('',#4388,#4389);
#4388 = CARTESIAN_POINT('',(8.995,22.86,-1.));
#4389 = VECTOR('',#4390,1.);
#4390 = DIRECTION('',(0.,0.,1.));
#4391 = ORIENTED_EDGE('',*,*,#2461,.T.);
#4392 = ORIENTED_EDGE('',*,*,#4386,.T.);
#4393 = CYLINDRICAL_SURFACE('',#4394,1.375);
#4394 = AXIS2_PLACEMENT_3D('',#4395,#4396,#4397);
#4395 = CARTESIAN_POINT('',(7.62,22.86,-1.));
#4396 = DIRECTION('',(0.,0.,1.));
#4397 = DIRECTION('',(1.,0.,-0.));
#4398 = ADVANCED_FACE('',(#4399),#4415,.F.);
#4399 = FACE_BOUND('',#4400,.F.);
#4400 = EDGE_LOOP('',(#4401,#4402,#4408,#4409));
#4401 = ORIENTED_EDGE('',*,*,#987,.F.);
#4402 = ORIENTED_EDGE('',*,*,#4403,.F.);
#4403 = EDGE_CURVE('',#2473,#988,#4404,.T.);
#4404 = LINE('',#4405,#4406);
#4405 = CARTESIAN_POINT('',(3.915,27.94,-1.));
#4406 = VECTOR('',#4407,1.);
#4407 = DIRECTION('',(0.,0.,1.));
#4408 = ORIENTED_EDGE('',*,*,#2472,.T.);
#4409 = ORIENTED_EDGE('',*,*,#4410,.T.);
#4410 = EDGE_CURVE('',#2475,#990,#4411,.T.);
#4411 = LINE('',#4412,#4413);
#4412 = CARTESIAN_POINT('',(1.165,27.94,-1.));
#4413 = VECTOR('',#4414,1.);
#4414 = DIRECTION('',(0.,0.,1.));
#4415 = CYLINDRICAL_SURFACE('',#4416,1.375);
#4416 = AXIS2_PLACEMENT_3D('',#4417,#4418,#4419);
#4417 = CARTESIAN_POINT('',(2.54,27.94,-1.));
#4418 = DIRECTION('',(0.,0.,1.));
#4419 = DIRECTION('',(1.,0.,-0.));
#4420 = ADVANCED_FACE('',(#4421),#4432,.T.);
#4421 = FACE_BOUND('',#4422,.T.);
#4422 = EDGE_LOOP('',(#4423,#4429,#4430,#4431));
#4423 = ORIENTED_EDGE('',*,*,#4424,.F.);
#4424 = EDGE_CURVE('',#2492,#1007,#4425,.T.);
#4425 = LINE('',#4426,#4427);
#4426 = CARTESIAN_POINT('',(1.165,22.86,-1.));
#4427 = VECTOR('',#4428,1.);
#4428 = DIRECTION('',(0.,0.,1.));
#4429 = ORIENTED_EDGE('',*,*,#2500,.T.);
#4430 = ORIENTED_EDGE('',*,*,#4410,.T.);
#4431 = ORIENTED_EDGE('',*,*,#1015,.F.);
#4432 = PLANE('',#4433);
#4433 = AXIS2_PLACEMENT_3D('',#4434,#4435,#4436);
#4434 = CARTESIAN_POINT('',(1.165,22.86,-1.));
#4435 = DIRECTION('',(1.,0.,-0.));
#4436 = DIRECTION('',(0.,0.,1.));
#4437 = ADVANCED_FACE('',(#4438),#4449,.F.);
#4438 = FACE_BOUND('',#4439,.F.);
#4439 = EDGE_LOOP('',(#4440,#4446,#4447,#4448));
#4440 = ORIENTED_EDGE('',*,*,#4441,.T.);
#4441 = EDGE_CURVE('',#2484,#999,#4442,.T.);
#4442 = LINE('',#4443,#4444);
#4443 = CARTESIAN_POINT('',(3.915,22.86,-1.));
#4444 = VECTOR('',#4445,1.);
#4445 = DIRECTION('',(0.,0.,1.));
#4446 = ORIENTED_EDGE('',*,*,#1006,.F.);
#4447 = ORIENTED_EDGE('',*,*,#4424,.F.);
#4448 = ORIENTED_EDGE('',*,*,#2491,.T.);
#4449 = CYLINDRICAL_SURFACE('',#4450,1.375);
#4450 = AXIS2_PLACEMENT_3D('',#4451,#4452,#4453);
#4451 = CARTESIAN_POINT('',(2.54,22.86,-1.));
#4452 = DIRECTION('',(0.,0.,1.));
#4453 = DIRECTION('',(1.,0.,-0.));
#4454 = ADVANCED_FACE('',(#4455),#4461,.F.);
#4455 = FACE_BOUND('',#4456,.F.);
#4456 = EDGE_LOOP('',(#4457,#4458,#4459,#4460));
#4457 = ORIENTED_EDGE('',*,*,#4441,.F.);
#4458 = ORIENTED_EDGE('',*,*,#2483,.T.);
#4459 = ORIENTED_EDGE('',*,*,#4403,.T.);
#4460 = ORIENTED_EDGE('',*,*,#998,.F.);
#4461 = PLANE('',#4462);
#4462 = AXIS2_PLACEMENT_3D('',#4463,#4464,#4465);
#4463 = CARTESIAN_POINT('',(3.915,22.86,-1.));
#4464 = DIRECTION('',(1.,0.,-0.));
#4465 = DIRECTION('',(0.,0.,1.));
#4466 = ADVANCED_FACE('',(#4467),#4483,.F.);
#4467 = FACE_BOUND('',#4468,.F.);
#4468 = EDGE_LOOP('',(#4469,#4470,#4476,#4477));
#4469 = ORIENTED_EDGE('',*,*,#1023,.F.);
#4470 = ORIENTED_EDGE('',*,*,#4471,.F.);
#4471 = EDGE_CURVE('',#2509,#1024,#4472,.T.);
#4472 = LINE('',#4473,#4474);
#4473 = CARTESIAN_POINT('',(7.62,29.315,-1.));
#4474 = VECTOR('',#4475,1.);
#4475 = DIRECTION('',(0.,0.,1.));
#4476 = ORIENTED_EDGE('',*,*,#2508,.T.);
#4477 = ORIENTED_EDGE('',*,*,#4478,.T.);
#4478 = EDGE_CURVE('',#2511,#1026,#4479,.T.);
#4479 = LINE('',#4480,#4481);
#4480 = CARTESIAN_POINT('',(7.62,26.565,-1.));
#4481 = VECTOR('',#4482,1.);
#4482 = DIRECTION('',(0.,0.,1.));
#4483 = CYLINDRICAL_SURFACE('',#4484,1.375);
#4484 = AXIS2_PLACEMENT_3D('',#4485,#4486,#4487);
#4485 = CARTESIAN_POINT('',(7.62,27.94,-1.));
#4486 = DIRECTION('',(0.,0.,1.));
#4487 = DIRECTION('',(1.,0.,-0.));
#4488 = ADVANCED_FACE('',(#4489),#4500,.T.);
#4489 = FACE_BOUND('',#4490,.T.);
#4490 = EDGE_LOOP('',(#4491,#4492,#4493,#4494));
#4491 = ORIENTED_EDGE('',*,*,#2545,.T.);
#4492 = ORIENTED_EDGE('',*,*,#4478,.T.);
#4493 = ORIENTED_EDGE('',*,*,#1060,.F.);
#4494 = ORIENTED_EDGE('',*,*,#4495,.F.);
#4495 = EDGE_CURVE('',#2537,#1052,#4496,.T.);
#4496 = LINE('',#4497,#4498);
#4497 = CARTESIAN_POINT('',(12.7,26.565,-1.));
#4498 = VECTOR('',#4499,1.);
#4499 = DIRECTION('',(0.,0.,1.));
#4500 = PLANE('',#4501);
#4501 = AXIS2_PLACEMENT_3D('',#4502,#4503,#4504);
#4502 = CARTESIAN_POINT('',(7.62,26.565,-1.));
#4503 = DIRECTION('',(-0.,1.,0.));
#4504 = DIRECTION('',(0.,0.,1.));
#4505 = ADVANCED_FACE('',(#4506),#4517,.F.);
#4506 = FACE_BOUND('',#4507,.F.);
#4507 = EDGE_LOOP('',(#4508,#4509,#4510,#4511));
#4508 = ORIENTED_EDGE('',*,*,#2519,.T.);
#4509 = ORIENTED_EDGE('',*,*,#4471,.T.);
#4510 = ORIENTED_EDGE('',*,*,#1034,.F.);
#4511 = ORIENTED_EDGE('',*,*,#4512,.F.);
#4512 = EDGE_CURVE('',#2520,#1035,#4513,.T.);
#4513 = LINE('',#4514,#4515);
#4514 = CARTESIAN_POINT('',(12.7,29.315,-1.));
#4515 = VECTOR('',#4516,1.);
#4516 = DIRECTION('',(0.,0.,1.));
#4517 = PLANE('',#4518);
#4518 = AXIS2_PLACEMENT_3D('',#4519,#4520,#4521);
#4519 = CARTESIAN_POINT('',(7.62,29.315,-1.));
#4520 = DIRECTION('',(-0.,1.,0.));
#4521 = DIRECTION('',(0.,0.,1.));
#4522 = ADVANCED_FACE('',(#4523),#4534,.F.);
#4523 = FACE_BOUND('',#4524,.F.);
#4524 = EDGE_LOOP('',(#4525,#4526,#4532,#4533));
#4525 = ORIENTED_EDGE('',*,*,#1068,.F.);
#4526 = ORIENTED_EDGE('',*,*,#4527,.F.);
#4527 = EDGE_CURVE('',#2554,#1069,#4528,.T.);
#4528 = LINE('',#4529,#4530);
#4529 = CARTESIAN_POINT('',(24.235,22.86,-1.));
#4530 = VECTOR('',#4531,1.);
#4531 = DIRECTION('',(0.,0.,1.));
#4532 = ORIENTED_EDGE('',*,*,#2553,.T.);
#4533 = ORIENTED_EDGE('',*,*,#4527,.T.);
#4534 = CYLINDRICAL_SURFACE('',#4535,1.375);
#4535 = AXIS2_PLACEMENT_3D('',#4536,#4537,#4538);
#4536 = CARTESIAN_POINT('',(22.86,22.86,-1.));
#4537 = DIRECTION('',(0.,0.,1.));
#4538 = DIRECTION('',(1.,0.,-0.));
#4539 = ADVANCED_FACE('',(#4540),#4556,.F.);
#4540 = FACE_BOUND('',#4541,.F.);
#4541 = EDGE_LOOP('',(#4542,#4543,#4549,#4550));
#4542 = ORIENTED_EDGE('',*,*,#1079,.F.);
#4543 = ORIENTED_EDGE('',*,*,#4544,.F.);
#4544 = EDGE_CURVE('',#2565,#1080,#4545,.T.);
#4545 = LINE('',#4546,#4547);
#4546 = CARTESIAN_POINT('',(19.155,27.94,-1.));
#4547 = VECTOR('',#4548,1.);
#4548 = DIRECTION('',(0.,0.,1.));
#4549 = ORIENTED_EDGE('',*,*,#2564,.T.);
#4550 = ORIENTED_EDGE('',*,*,#4551,.T.);
#4551 = EDGE_CURVE('',#2567,#1082,#4552,.T.);
#4552 = LINE('',#4553,#4554);
#4553 = CARTESIAN_POINT('',(16.405,27.94,-1.));
#4554 = VECTOR('',#4555,1.);
#4555 = DIRECTION('',(0.,0.,1.));
#4556 = CYLINDRICAL_SURFACE('',#4557,1.375);
#4557 = AXIS2_PLACEMENT_3D('',#4558,#4559,#4560);
#4558 = CARTESIAN_POINT('',(17.78,27.94,-1.));
#4559 = DIRECTION('',(0.,0.,1.));
#4560 = DIRECTION('',(1.,0.,-0.));
#4561 = ADVANCED_FACE('',(#4562),#4573,.T.);
#4562 = FACE_BOUND('',#4563,.T.);
#4563 = EDGE_LOOP('',(#4564,#4570,#4571,#4572));
#4564 = ORIENTED_EDGE('',*,*,#4565,.F.);
#4565 = EDGE_CURVE('',#2584,#1099,#4566,.T.);
#4566 = LINE('',#4567,#4568);
#4567 = CARTESIAN_POINT('',(16.405,22.86,-1.));
#4568 = VECTOR('',#4569,1.);
#4569 = DIRECTION('',(0.,0.,1.));
#4570 = ORIENTED_EDGE('',*,*,#2592,.T.);
#4571 = ORIENTED_EDGE('',*,*,#4551,.T.);
#4572 = ORIENTED_EDGE('',*,*,#1107,.F.);
#4573 = PLANE('',#4574);
#4574 = AXIS2_PLACEMENT_3D('',#4575,#4576,#4577);
#4575 = CARTESIAN_POINT('',(16.405,22.86,-1.));
#4576 = DIRECTION('',(1.,0.,-0.));
#4577 = DIRECTION('',(0.,0.,1.));
#4578 = ADVANCED_FACE('',(#4579),#4590,.F.);
#4579 = FACE_BOUND('',#4580,.F.);
#4580 = EDGE_LOOP('',(#4581,#4587,#4588,#4589));
#4581 = ORIENTED_EDGE('',*,*,#4582,.T.);
#4582 = EDGE_CURVE('',#2576,#1091,#4583,.T.);
#4583 = LINE('',#4584,#4585);
#4584 = CARTESIAN_POINT('',(19.155,22.86,-1.));
#4585 = VECTOR('',#4586,1.);
#4586 = DIRECTION('',(0.,0.,1.));
#4587 = ORIENTED_EDGE('',*,*,#1098,.F.);
#4588 = ORIENTED_EDGE('',*,*,#4565,.F.);
#4589 = ORIENTED_EDGE('',*,*,#2583,.T.);
#4590 = CYLINDRICAL_SURFACE('',#4591,1.375);
#4591 = AXIS2_PLACEMENT_3D('',#4592,#4593,#4594);
#4592 = CARTESIAN_POINT('',(17.78,22.86,-1.));
#4593 = DIRECTION('',(0.,0.,1.));
#4594 = DIRECTION('',(1.,0.,-0.));
#4595 = ADVANCED_FACE('',(#4596),#4602,.F.);
#4596 = FACE_BOUND('',#4597,.F.);
#4597 = EDGE_LOOP('',(#4598,#4599,#4600,#4601));
#4598 = ORIENTED_EDGE('',*,*,#4582,.F.);
#4599 = ORIENTED_EDGE('',*,*,#2575,.T.);
#4600 = ORIENTED_EDGE('',*,*,#4544,.T.);
#4601 = ORIENTED_EDGE('',*,*,#1090,.F.);
#4602 = PLANE('',#4603);
#4603 = AXIS2_PLACEMENT_3D('',#4604,#4605,#4606);
#4604 = CARTESIAN_POINT('',(19.155,22.86,-1.));
#4605 = DIRECTION('',(1.,0.,-0.));
#4606 = DIRECTION('',(0.,0.,1.));
#4607 = ADVANCED_FACE('',(#4608),#4624,.F.);
#4608 = FACE_BOUND('',#4609,.F.);
#4609 = EDGE_LOOP('',(#4610,#4611,#4617,#4618));
#4610 = ORIENTED_EDGE('',*,*,#1115,.F.);
#4611 = ORIENTED_EDGE('',*,*,#4612,.F.);
#4612 = EDGE_CURVE('',#2601,#1116,#4613,.T.);
#4613 = LINE('',#4614,#4615);
#4614 = CARTESIAN_POINT('',(22.86,29.315,-1.));
#4615 = VECTOR('',#4616,1.);
#4616 = DIRECTION('',(0.,0.,1.));
#4617 = ORIENTED_EDGE('',*,*,#2600,.T.);
#4618 = ORIENTED_EDGE('',*,*,#4619,.T.);
#4619 = EDGE_CURVE('',#2603,#1118,#4620,.T.);
#4620 = LINE('',#4621,#4622);
#4621 = CARTESIAN_POINT('',(22.86,26.565,-1.));
#4622 = VECTOR('',#4623,1.);
#4623 = DIRECTION('',(0.,0.,1.));
#4624 = CYLINDRICAL_SURFACE('',#4625,1.375);
#4625 = AXIS2_PLACEMENT_3D('',#4626,#4627,#4628);
#4626 = CARTESIAN_POINT('',(22.86,27.94,-1.));
#4627 = DIRECTION('',(0.,0.,1.));
#4628 = DIRECTION('',(1.,0.,-0.));
#4629 = ADVANCED_FACE('',(#4630),#4641,.T.);
#4630 = FACE_BOUND('',#4631,.T.);
#4631 = EDGE_LOOP('',(#4632,#4633,#4634,#4635));
#4632 = ORIENTED_EDGE('',*,*,#2637,.T.);
#4633 = ORIENTED_EDGE('',*,*,#4619,.T.);
#4634 = ORIENTED_EDGE('',*,*,#1152,.F.);
#4635 = ORIENTED_EDGE('',*,*,#4636,.F.);
#4636 = EDGE_CURVE('',#2629,#1144,#4637,.T.);
#4637 = LINE('',#4638,#4639);
#4638 = CARTESIAN_POINT('',(27.94,26.565,-1.));
#4639 = VECTOR('',#4640,1.);
#4640 = DIRECTION('',(0.,0.,1.));
#4641 = PLANE('',#4642);
#4642 = AXIS2_PLACEMENT_3D('',#4643,#4644,#4645);
#4643 = CARTESIAN_POINT('',(22.86,26.565,-1.));
#4644 = DIRECTION('',(-0.,1.,0.));
#4645 = DIRECTION('',(0.,0.,1.));
#4646 = ADVANCED_FACE('',(#4647),#4658,.F.);
#4647 = FACE_BOUND('',#4648,.F.);
#4648 = EDGE_LOOP('',(#4649,#4650,#4651,#4652));
#4649 = ORIENTED_EDGE('',*,*,#2611,.T.);
#4650 = ORIENTED_EDGE('',*,*,#4612,.T.);
#4651 = ORIENTED_EDGE('',*,*,#1126,.F.);
#4652 = ORIENTED_EDGE('',*,*,#4653,.F.);
#4653 = EDGE_CURVE('',#2612,#1127,#4654,.T.);
#4654 = LINE('',#4655,#4656);
#4655 = CARTESIAN_POINT('',(27.94,29.315,-1.));
#4656 = VECTOR('',#4657,1.);
#4657 = DIRECTION('',(0.,0.,1.));
#4658 = PLANE('',#4659);
#4659 = AXIS2_PLACEMENT_3D('',#4660,#4661,#4662);
#4660 = CARTESIAN_POINT('',(22.86,29.315,-1.));
#4661 = DIRECTION('',(-0.,1.,0.));
#4662 = DIRECTION('',(0.,0.,1.));
#4663 = ADVANCED_FACE('',(#4664),#4680,.F.);
#4664 = FACE_BOUND('',#4665,.F.);
#4665 = EDGE_LOOP('',(#4666,#4667,#4673,#4674));
#4666 = ORIENTED_EDGE('',*,*,#1160,.F.);
#4667 = ORIENTED_EDGE('',*,*,#4668,.F.);
#4668 = EDGE_CURVE('',#2646,#1161,#4669,.T.);
#4669 = LINE('',#4670,#4671);
#4670 = CARTESIAN_POINT('',(33.02,19.155,-1.));
#4671 = VECTOR('',#4672,1.);
#4672 = DIRECTION('',(0.,0.,1.));
#4673 = ORIENTED_EDGE('',*,*,#2645,.T.);
#4674 = ORIENTED_EDGE('',*,*,#4675,.T.);
#4675 = EDGE_CURVE('',#2648,#1163,#4676,.T.);
#4676 = LINE('',#4677,#4678);
#4677 = CARTESIAN_POINT('',(33.02,16.405,-1.));
#4678 = VECTOR('',#4679,1.);
#4679 = DIRECTION('',(0.,0.,1.));
#4680 = CYLINDRICAL_SURFACE('',#4681,1.375);
#4681 = AXIS2_PLACEMENT_3D('',#4682,#4683,#4684);
#4682 = CARTESIAN_POINT('',(33.02,17.78,-1.));
#4683 = DIRECTION('',(0.,0.,1.));
#4684 = DIRECTION('',(1.,0.,-0.));
#4685 = ADVANCED_FACE('',(#4686),#4697,.T.);
#4686 = FACE_BOUND('',#4687,.T.);
#4687 = EDGE_LOOP('',(#4688,#4689,#4690,#4691));
#4688 = ORIENTED_EDGE('',*,*,#2682,.T.);
#4689 = ORIENTED_EDGE('',*,*,#4675,.T.);
#4690 = ORIENTED_EDGE('',*,*,#1197,.F.);
#4691 = ORIENTED_EDGE('',*,*,#4692,.F.);
#4692 = EDGE_CURVE('',#2674,#1189,#4693,.T.);
#4693 = LINE('',#4694,#4695);
#4694 = CARTESIAN_POINT('',(38.1,16.405,-1.));
#4695 = VECTOR('',#4696,1.);
#4696 = DIRECTION('',(0.,0.,1.));
#4697 = PLANE('',#4698);
#4698 = AXIS2_PLACEMENT_3D('',#4699,#4700,#4701);
#4699 = CARTESIAN_POINT('',(33.02,16.405,-1.));
#4700 = DIRECTION('',(-0.,1.,0.));
#4701 = DIRECTION('',(0.,0.,1.));
#4702 = ADVANCED_FACE('',(#4703),#4714,.F.);
#4703 = FACE_BOUND('',#4704,.F.);
#4704 = EDGE_LOOP('',(#4705,#4706,#4707,#4708));
#4705 = ORIENTED_EDGE('',*,*,#2656,.T.);
#4706 = ORIENTED_EDGE('',*,*,#4668,.T.);
#4707 = ORIENTED_EDGE('',*,*,#1171,.F.);
#4708 = ORIENTED_EDGE('',*,*,#4709,.F.);
#4709 = EDGE_CURVE('',#2657,#1172,#4710,.T.);
#4710 = LINE('',#4711,#4712);
#4711 = CARTESIAN_POINT('',(38.1,19.155,-1.));
#4712 = VECTOR('',#4713,1.);
#4713 = DIRECTION('',(0.,0.,1.));
#4714 = PLANE('',#4715);
#4715 = AXIS2_PLACEMENT_3D('',#4716,#4717,#4718);
#4716 = CARTESIAN_POINT('',(33.02,19.155,-1.));
#4717 = DIRECTION('',(-0.,1.,0.));
#4718 = DIRECTION('',(0.,0.,1.));
#4719 = ADVANCED_FACE('',(#4720),#4736,.F.);
#4720 = FACE_BOUND('',#4721,.F.);
#4721 = EDGE_LOOP('',(#4722,#4723,#4729,#4730));
#4722 = ORIENTED_EDGE('',*,*,#1205,.F.);
#4723 = ORIENTED_EDGE('',*,*,#4724,.F.);
#4724 = EDGE_CURVE('',#2691,#1206,#4725,.T.);
#4725 = LINE('',#4726,#4727);
#4726 = CARTESIAN_POINT('',(44.555,22.86,-1.));
#4727 = VECTOR('',#4728,1.);
#4728 = DIRECTION('',(0.,0.,1.));
#4729 = ORIENTED_EDGE('',*,*,#2690,.T.);
#4730 = ORIENTED_EDGE('',*,*,#4731,.T.);
#4731 = EDGE_CURVE('',#2693,#1208,#4732,.T.);
#4732 = LINE('',#4733,#4734);
#4733 = CARTESIAN_POINT('',(41.805,22.86,-1.));
#4734 = VECTOR('',#4735,1.);
#4735 = DIRECTION('',(0.,0.,1.));
#4736 = CYLINDRICAL_SURFACE('',#4737,1.375);
#4737 = AXIS2_PLACEMENT_3D('',#4738,#4739,#4740);
#4738 = CARTESIAN_POINT('',(43.18,22.86,-1.));
#4739 = DIRECTION('',(0.,0.,1.));
#4740 = DIRECTION('',(1.,0.,-0.));
#4741 = ADVANCED_FACE('',(#4742),#4753,.T.);
#4742 = FACE_BOUND('',#4743,.T.);
#4743 = EDGE_LOOP('',(#4744,#4750,#4751,#4752));
#4744 = ORIENTED_EDGE('',*,*,#4745,.F.);
#4745 = EDGE_CURVE('',#2710,#1225,#4746,.T.);
#4746 = LINE('',#4747,#4748);
#4747 = CARTESIAN_POINT('',(41.805,17.78,-1.));
#4748 = VECTOR('',#4749,1.);
#4749 = DIRECTION('',(0.,0.,1.));
#4750 = ORIENTED_EDGE('',*,*,#2718,.T.);
#4751 = ORIENTED_EDGE('',*,*,#4731,.T.);
#4752 = ORIENTED_EDGE('',*,*,#1233,.F.);
#4753 = PLANE('',#4754);
#4754 = AXIS2_PLACEMENT_3D('',#4755,#4756,#4757);
#4755 = CARTESIAN_POINT('',(41.805,17.78,-1.));
#4756 = DIRECTION('',(1.,0.,-0.));
#4757 = DIRECTION('',(0.,0.,1.));
#4758 = ADVANCED_FACE('',(#4759),#4770,.F.);
#4759 = FACE_BOUND('',#4760,.F.);
#4760 = EDGE_LOOP('',(#4761,#4767,#4768,#4769));
#4761 = ORIENTED_EDGE('',*,*,#4762,.T.);
#4762 = EDGE_CURVE('',#2702,#1217,#4763,.T.);
#4763 = LINE('',#4764,#4765);
#4764 = CARTESIAN_POINT('',(44.555,17.78,-1.));
#4765 = VECTOR('',#4766,1.);
#4766 = DIRECTION('',(0.,0.,1.));
#4767 = ORIENTED_EDGE('',*,*,#1224,.F.);
#4768 = ORIENTED_EDGE('',*,*,#4745,.F.);
#4769 = ORIENTED_EDGE('',*,*,#2709,.T.);
#4770 = CYLINDRICAL_SURFACE('',#4771,1.375);
#4771 = AXIS2_PLACEMENT_3D('',#4772,#4773,#4774);
#4772 = CARTESIAN_POINT('',(43.18,17.78,-1.));
#4773 = DIRECTION('',(0.,0.,1.));
#4774 = DIRECTION('',(1.,0.,-0.));
#4775 = ADVANCED_FACE('',(#4776),#4782,.F.);
#4776 = FACE_BOUND('',#4777,.F.);
#4777 = EDGE_LOOP('',(#4778,#4779,#4780,#4781));
#4778 = ORIENTED_EDGE('',*,*,#4762,.F.);
#4779 = ORIENTED_EDGE('',*,*,#2701,.T.);
#4780 = ORIENTED_EDGE('',*,*,#4724,.T.);
#4781 = ORIENTED_EDGE('',*,*,#1216,.F.);
#4782 = PLANE('',#4783);
#4783 = AXIS2_PLACEMENT_3D('',#4784,#4785,#4786);
#4784 = CARTESIAN_POINT('',(44.555,17.78,-1.));
#4785 = DIRECTION('',(1.,0.,-0.));
#4786 = DIRECTION('',(0.,0.,1.));
#4787 = ADVANCED_FACE('',(#4788),#4804,.F.);
#4788 = FACE_BOUND('',#4789,.F.);
#4789 = EDGE_LOOP('',(#4790,#4791,#4797,#4798));
#4790 = ORIENTED_EDGE('',*,*,#1241,.F.);
#4791 = ORIENTED_EDGE('',*,*,#4792,.F.);
#4792 = EDGE_CURVE('',#2727,#1242,#4793,.T.);
#4793 = LINE('',#4794,#4795);
#4794 = CARTESIAN_POINT('',(48.26,19.155,-1.));
#4795 = VECTOR('',#4796,1.);
#4796 = DIRECTION('',(0.,0.,1.));
#4797 = ORIENTED_EDGE('',*,*,#2726,.T.);
#4798 = ORIENTED_EDGE('',*,*,#4799,.T.);
#4799 = EDGE_CURVE('',#2729,#1244,#4800,.T.);
#4800 = LINE('',#4801,#4802);
#4801 = CARTESIAN_POINT('',(48.26,16.405,-1.));
#4802 = VECTOR('',#4803,1.);
#4803 = DIRECTION('',(0.,0.,1.));
#4804 = CYLINDRICAL_SURFACE('',#4805,1.375);
#4805 = AXIS2_PLACEMENT_3D('',#4806,#4807,#4808);
#4806 = CARTESIAN_POINT('',(48.26,17.78,-1.));
#4807 = DIRECTION('',(0.,0.,1.));
#4808 = DIRECTION('',(1.,0.,-0.));
#4809 = ADVANCED_FACE('',(#4810),#4821,.T.);
#4810 = FACE_BOUND('',#4811,.T.);
#4811 = EDGE_LOOP('',(#4812,#4813,#4814,#4815));
#4812 = ORIENTED_EDGE('',*,*,#2763,.T.);
#4813 = ORIENTED_EDGE('',*,*,#4799,.T.);
#4814 = ORIENTED_EDGE('',*,*,#1278,.F.);
#4815 = ORIENTED_EDGE('',*,*,#4816,.F.);
#4816 = EDGE_CURVE('',#2755,#1270,#4817,.T.);
#4817 = LINE('',#4818,#4819);
#4818 = CARTESIAN_POINT('',(53.34,16.405,-1.));
#4819 = VECTOR('',#4820,1.);
#4820 = DIRECTION('',(0.,0.,1.));
#4821 = PLANE('',#4822);
#4822 = AXIS2_PLACEMENT_3D('',#4823,#4824,#4825);
#4823 = CARTESIAN_POINT('',(48.26,16.405,-1.));
#4824 = DIRECTION('',(-0.,1.,0.));
#4825 = DIRECTION('',(0.,0.,1.));
#4826 = ADVANCED_FACE('',(#4827),#4838,.F.);
#4827 = FACE_BOUND('',#4828,.F.);
#4828 = EDGE_LOOP('',(#4829,#4830,#4831,#4832));
#4829 = ORIENTED_EDGE('',*,*,#2737,.T.);
#4830 = ORIENTED_EDGE('',*,*,#4792,.T.);
#4831 = ORIENTED_EDGE('',*,*,#1252,.F.);
#4832 = ORIENTED_EDGE('',*,*,#4833,.F.);
#4833 = EDGE_CURVE('',#2738,#1253,#4834,.T.);
#4834 = LINE('',#4835,#4836);
#4835 = CARTESIAN_POINT('',(53.34,19.155,-1.));
#4836 = VECTOR('',#4837,1.);
#4837 = DIRECTION('',(0.,0.,1.));
#4838 = PLANE('',#4839);
#4839 = AXIS2_PLACEMENT_3D('',#4840,#4841,#4842);
#4840 = CARTESIAN_POINT('',(48.26,19.155,-1.));
#4841 = DIRECTION('',(-0.,1.,0.));
#4842 = DIRECTION('',(0.,0.,1.));
#4843 = ADVANCED_FACE('',(#4844),#4860,.F.);
#4844 = FACE_BOUND('',#4845,.F.);
#4845 = EDGE_LOOP('',(#4846,#4847,#4853,#4854));
#4846 = ORIENTED_EDGE('',*,*,#1286,.F.);
#4847 = ORIENTED_EDGE('',*,*,#4848,.F.);
#4848 = EDGE_CURVE('',#2772,#1287,#4849,.T.);
#4849 = LINE('',#4850,#4851);
#4850 = CARTESIAN_POINT('',(59.795,22.86,-1.));
#4851 = VECTOR('',#4852,1.);
#4852 = DIRECTION('',(0.,0.,1.));
#4853 = ORIENTED_EDGE('',*,*,#2771,.T.);
#4854 = ORIENTED_EDGE('',*,*,#4855,.T.);
#4855 = EDGE_CURVE('',#2774,#1289,#4856,.T.);
#4856 = LINE('',#4857,#4858);
#4857 = CARTESIAN_POINT('',(57.045,22.86,-1.));
#4858 = VECTOR('',#4859,1.);
#4859 = DIRECTION('',(0.,0.,1.));
#4860 = CYLINDRICAL_SURFACE('',#4861,1.375);
#4861 = AXIS2_PLACEMENT_3D('',#4862,#4863,#4864);
#4862 = CARTESIAN_POINT('',(58.42,22.86,-1.));
#4863 = DIRECTION('',(0.,0.,1.));
#4864 = DIRECTION('',(1.,0.,-0.));
#4865 = ADVANCED_FACE('',(#4866),#4877,.T.);
#4866 = FACE_BOUND('',#4867,.T.);
#4867 = EDGE_LOOP('',(#4868,#4874,#4875,#4876));
#4868 = ORIENTED_EDGE('',*,*,#4869,.F.);
#4869 = EDGE_CURVE('',#2791,#1306,#4870,.T.);
#4870 = LINE('',#4871,#4872);
#4871 = CARTESIAN_POINT('',(57.045,17.78,-1.));
#4872 = VECTOR('',#4873,1.);
#4873 = DIRECTION('',(0.,0.,1.));
#4874 = ORIENTED_EDGE('',*,*,#2799,.T.);
#4875 = ORIENTED_EDGE('',*,*,#4855,.T.);
#4876 = ORIENTED_EDGE('',*,*,#1314,.F.);
#4877 = PLANE('',#4878);
#4878 = AXIS2_PLACEMENT_3D('',#4879,#4880,#4881);
#4879 = CARTESIAN_POINT('',(57.045,17.78,-1.));
#4880 = DIRECTION('',(1.,0.,-0.));
#4881 = DIRECTION('',(0.,0.,1.));
#4882 = ADVANCED_FACE('',(#4883),#4894,.F.);
#4883 = FACE_BOUND('',#4884,.F.);
#4884 = EDGE_LOOP('',(#4885,#4891,#4892,#4893));
#4885 = ORIENTED_EDGE('',*,*,#4886,.T.);
#4886 = EDGE_CURVE('',#2783,#1298,#4887,.T.);
#4887 = LINE('',#4888,#4889);
#4888 = CARTESIAN_POINT('',(59.795,17.78,-1.));
#4889 = VECTOR('',#4890,1.);
#4890 = DIRECTION('',(0.,0.,1.));
#4891 = ORIENTED_EDGE('',*,*,#1305,.F.);
#4892 = ORIENTED_EDGE('',*,*,#4869,.F.);
#4893 = ORIENTED_EDGE('',*,*,#2790,.T.);
#4894 = CYLINDRICAL_SURFACE('',#4895,1.375);
#4895 = AXIS2_PLACEMENT_3D('',#4896,#4897,#4898);
#4896 = CARTESIAN_POINT('',(58.42,17.78,-1.));
#4897 = DIRECTION('',(0.,0.,1.));
#4898 = DIRECTION('',(1.,0.,-0.));
#4899 = ADVANCED_FACE('',(#4900),#4906,.F.);
#4900 = FACE_BOUND('',#4901,.F.);
#4901 = EDGE_LOOP('',(#4902,#4903,#4904,#4905));
#4902 = ORIENTED_EDGE('',*,*,#4886,.F.);
#4903 = ORIENTED_EDGE('',*,*,#2782,.T.);
#4904 = ORIENTED_EDGE('',*,*,#4848,.T.);
#4905 = ORIENTED_EDGE('',*,*,#1297,.F.);
#4906 = PLANE('',#4907);
#4907 = AXIS2_PLACEMENT_3D('',#4908,#4909,#4910);
#4908 = CARTESIAN_POINT('',(59.795,17.78,-1.));
#4909 = DIRECTION('',(1.,0.,-0.));
#4910 = DIRECTION('',(0.,0.,1.));
#4911 = ADVANCED_FACE('',(#4912),#4928,.F.);
#4912 = FACE_BOUND('',#4913,.F.);
#4913 = EDGE_LOOP('',(#4914,#4915,#4921,#4922));
#4914 = ORIENTED_EDGE('',*,*,#1322,.F.);
#4915 = ORIENTED_EDGE('',*,*,#4916,.F.);
#4916 = EDGE_CURVE('',#2808,#1323,#4917,.T.);
#4917 = LINE('',#4918,#4919);
#4918 = CARTESIAN_POINT('',(34.395,27.94,-1.));
#4919 = VECTOR('',#4920,1.);
#4920 = DIRECTION('',(0.,0.,1.));
#4921 = ORIENTED_EDGE('',*,*,#2807,.T.);
#4922 = ORIENTED_EDGE('',*,*,#4923,.T.);
#4923 = EDGE_CURVE('',#2810,#1325,#4924,.T.);
#4924 = LINE('',#4925,#4926);
#4925 = CARTESIAN_POINT('',(31.645,27.94,-1.));
#4926 = VECTOR('',#4927,1.);
#4927 = DIRECTION('',(0.,0.,1.));
#4928 = CYLINDRICAL_SURFACE('',#4929,1.375);
#4929 = AXIS2_PLACEMENT_3D('',#4930,#4931,#4932);
#4930 = CARTESIAN_POINT('',(33.02,27.94,-1.));
#4931 = DIRECTION('',(0.,0.,1.));
#4932 = DIRECTION('',(1.,0.,-0.));
#4933 = ADVANCED_FACE('',(#4934),#4945,.T.);
#4934 = FACE_BOUND('',#4935,.T.);
#4935 = EDGE_LOOP('',(#4936,#4942,#4943,#4944));
#4936 = ORIENTED_EDGE('',*,*,#4937,.F.);
#4937 = EDGE_CURVE('',#2827,#1342,#4938,.T.);
#4938 = LINE('',#4939,#4940);
#4939 = CARTESIAN_POINT('',(31.645,22.86,-1.));
#4940 = VECTOR('',#4941,1.);
#4941 = DIRECTION('',(0.,0.,1.));
#4942 = ORIENTED_EDGE('',*,*,#2835,.T.);
#4943 = ORIENTED_EDGE('',*,*,#4923,.T.);
#4944 = ORIENTED_EDGE('',*,*,#1350,.F.);
#4945 = PLANE('',#4946);
#4946 = AXIS2_PLACEMENT_3D('',#4947,#4948,#4949);
#4947 = CARTESIAN_POINT('',(31.645,22.86,-1.));
#4948 = DIRECTION('',(1.,0.,-0.));
#4949 = DIRECTION('',(0.,0.,1.));
#4950 = ADVANCED_FACE('',(#4951),#4962,.F.);
#4951 = FACE_BOUND('',#4952,.F.);
#4952 = EDGE_LOOP('',(#4953,#4959,#4960,#4961));
#4953 = ORIENTED_EDGE('',*,*,#4954,.T.);
#4954 = EDGE_CURVE('',#2819,#1334,#4955,.T.);
#4955 = LINE('',#4956,#4957);
#4956 = CARTESIAN_POINT('',(34.395,22.86,-1.));
#4957 = VECTOR('',#4958,1.);
#4958 = DIRECTION('',(0.,0.,1.));
#4959 = ORIENTED_EDGE('',*,*,#1341,.F.);
#4960 = ORIENTED_EDGE('',*,*,#4937,.F.);
#4961 = ORIENTED_EDGE('',*,*,#2826,.T.);
#4962 = CYLINDRICAL_SURFACE('',#4963,1.375);
#4963 = AXIS2_PLACEMENT_3D('',#4964,#4965,#4966);
#4964 = CARTESIAN_POINT('',(33.02,22.86,-1.));
#4965 = DIRECTION('',(0.,0.,1.));
#4966 = DIRECTION('',(1.,0.,-0.));
#4967 = ADVANCED_FACE('',(#4968),#4974,.F.);
#4968 = FACE_BOUND('',#4969,.F.);
#4969 = EDGE_LOOP('',(#4970,#4971,#4972,#4973));
#4970 = ORIENTED_EDGE('',*,*,#4954,.F.);
#4971 = ORIENTED_EDGE('',*,*,#2818,.T.);
#4972 = ORIENTED_EDGE('',*,*,#4916,.T.);
#4973 = ORIENTED_EDGE('',*,*,#1333,.F.);
#4974 = PLANE('',#4975);
#4975 = AXIS2_PLACEMENT_3D('',#4976,#4977,#4978);
#4976 = CARTESIAN_POINT('',(34.395,22.86,-1.));
#4977 = DIRECTION('',(1.,0.,-0.));
#4978 = DIRECTION('',(0.,0.,1.));
#4979 = ADVANCED_FACE('',(#4980),#4991,.F.);
#4980 = FACE_BOUND('',#4981,.F.);
#4981 = EDGE_LOOP('',(#4982,#4983,#4989,#4990));
#4982 = ORIENTED_EDGE('',*,*,#1358,.F.);
#4983 = ORIENTED_EDGE('',*,*,#4984,.F.);
#4984 = EDGE_CURVE('',#2844,#1359,#4985,.T.);
#4985 = LINE('',#4986,#4987);
#4986 = CARTESIAN_POINT('',(39.475,22.86,-1.));
#4987 = VECTOR('',#4988,1.);
#4988 = DIRECTION('',(0.,0.,1.));
#4989 = ORIENTED_EDGE('',*,*,#2843,.T.);
#4990 = ORIENTED_EDGE('',*,*,#4984,.T.);
#4991 = CYLINDRICAL_SURFACE('',#4992,1.375);
#4992 = AXIS2_PLACEMENT_3D('',#4993,#4994,#4995);
#4993 = CARTESIAN_POINT('',(38.1,22.86,-1.));
#4994 = DIRECTION('',(0.,0.,1.));
#4995 = DIRECTION('',(1.,0.,-0.));
#4996 = ADVANCED_FACE('',(#4997),#5013,.F.);
#4997 = FACE_BOUND('',#4998,.F.);
#4998 = EDGE_LOOP('',(#4999,#5000,#5006,#5007));
#4999 = ORIENTED_EDGE('',*,*,#1369,.F.);
#5000 = ORIENTED_EDGE('',*,*,#5001,.F.);
#5001 = EDGE_CURVE('',#2855,#1370,#5002,.T.);
#5002 = LINE('',#5003,#5004);
#5003 = CARTESIAN_POINT('',(38.1,29.315,-1.));
#5004 = VECTOR('',#5005,1.);
#5005 = DIRECTION('',(0.,0.,1.));
#5006 = ORIENTED_EDGE('',*,*,#2854,.T.);
#5007 = ORIENTED_EDGE('',*,*,#5008,.T.);
#5008 = EDGE_CURVE('',#2857,#1372,#5009,.T.);
#5009 = LINE('',#5010,#5011);
#5010 = CARTESIAN_POINT('',(38.1,26.565,-1.));
#5011 = VECTOR('',#5012,1.);
#5012 = DIRECTION('',(0.,0.,1.));
#5013 = CYLINDRICAL_SURFACE('',#5014,1.375);
#5014 = AXIS2_PLACEMENT_3D('',#5015,#5016,#5017);
#5015 = CARTESIAN_POINT('',(38.1,27.94,-1.));
#5016 = DIRECTION('',(0.,0.,1.));
#5017 = DIRECTION('',(1.,0.,-0.));
#5018 = ADVANCED_FACE('',(#5019),#5030,.T.);
#5019 = FACE_BOUND('',#5020,.T.);
#5020 = EDGE_LOOP('',(#5021,#5022,#5023,#5024));
#5021 = ORIENTED_EDGE('',*,*,#2891,.T.);
#5022 = ORIENTED_EDGE('',*,*,#5008,.T.);
#5023 = ORIENTED_EDGE('',*,*,#1406,.F.);
#5024 = ORIENTED_EDGE('',*,*,#5025,.F.);
#5025 = EDGE_CURVE('',#2883,#1398,#5026,.T.);
#5026 = LINE('',#5027,#5028);
#5027 = CARTESIAN_POINT('',(43.18,26.565,-1.));
#5028 = VECTOR('',#5029,1.);
#5029 = DIRECTION('',(0.,0.,1.));
#5030 = PLANE('',#5031);
#5031 = AXIS2_PLACEMENT_3D('',#5032,#5033,#5034);
#5032 = CARTESIAN_POINT('',(38.1,26.565,-1.));
#5033 = DIRECTION('',(-0.,1.,0.));
#5034 = DIRECTION('',(0.,0.,1.));
#5035 = ADVANCED_FACE('',(#5036),#5047,.F.);
#5036 = FACE_BOUND('',#5037,.F.);
#5037 = EDGE_LOOP('',(#5038,#5039,#5040,#5041));
#5038 = ORIENTED_EDGE('',*,*,#2865,.T.);
#5039 = ORIENTED_EDGE('',*,*,#5001,.T.);
#5040 = ORIENTED_EDGE('',*,*,#1380,.F.);
#5041 = ORIENTED_EDGE('',*,*,#5042,.F.);
#5042 = EDGE_CURVE('',#2866,#1381,#5043,.T.);
#5043 = LINE('',#5044,#5045);
#5044 = CARTESIAN_POINT('',(43.18,29.315,-1.));
#5045 = VECTOR('',#5046,1.);
#5046 = DIRECTION('',(0.,0.,1.));
#5047 = PLANE('',#5048);
#5048 = AXIS2_PLACEMENT_3D('',#5049,#5050,#5051);
#5049 = CARTESIAN_POINT('',(38.1,29.315,-1.));
#5050 = DIRECTION('',(-0.,1.,0.));
#5051 = DIRECTION('',(0.,0.,1.));
#5052 = ADVANCED_FACE('',(#5053),#5069,.F.);
#5053 = FACE_BOUND('',#5054,.F.);
#5054 = EDGE_LOOP('',(#5055,#5056,#5062,#5063));
#5055 = ORIENTED_EDGE('',*,*,#1414,.F.);
#5056 = ORIENTED_EDGE('',*,*,#5057,.F.);
#5057 = EDGE_CURVE('',#2900,#1415,#5058,.T.);
#5058 = LINE('',#5059,#5060);
#5059 = CARTESIAN_POINT('',(49.635,27.94,-1.));
#5060 = VECTOR('',#5061,1.);
#5061 = DIRECTION('',(0.,0.,1.));
#5062 = ORIENTED_EDGE('',*,*,#2899,.T.);
#5063 = ORIENTED_EDGE('',*,*,#5064,.T.);
#5064 = EDGE_CURVE('',#2902,#1417,#5065,.T.);
#5065 = LINE('',#5066,#5067);
#5066 = CARTESIAN_POINT('',(46.885,27.94,-1.));
#5067 = VECTOR('',#5068,1.);
#5068 = DIRECTION('',(0.,0.,1.));
#5069 = CYLINDRICAL_SURFACE('',#5070,1.375);
#5070 = AXIS2_PLACEMENT_3D('',#5071,#5072,#5073);
#5071 = CARTESIAN_POINT('',(48.26,27.94,-1.));
#5072 = DIRECTION('',(0.,0.,1.));
#5073 = DIRECTION('',(1.,0.,-0.));
#5074 = ADVANCED_FACE('',(#5075),#5086,.T.);
#5075 = FACE_BOUND('',#5076,.T.);
#5076 = EDGE_LOOP('',(#5077,#5083,#5084,#5085));
#5077 = ORIENTED_EDGE('',*,*,#5078,.F.);
#5078 = EDGE_CURVE('',#2919,#1434,#5079,.T.);
#5079 = LINE('',#5080,#5081);
#5080 = CARTESIAN_POINT('',(46.885,22.86,-1.));
#5081 = VECTOR('',#5082,1.);
#5082 = DIRECTION('',(0.,0.,1.));
#5083 = ORIENTED_EDGE('',*,*,#2927,.T.);
#5084 = ORIENTED_EDGE('',*,*,#5064,.T.);
#5085 = ORIENTED_EDGE('',*,*,#1442,.F.);
#5086 = PLANE('',#5087);
#5087 = AXIS2_PLACEMENT_3D('',#5088,#5089,#5090);
#5088 = CARTESIAN_POINT('',(46.885,22.86,-1.));
#5089 = DIRECTION('',(1.,0.,-0.));
#5090 = DIRECTION('',(0.,0.,1.));
#5091 = ADVANCED_FACE('',(#5092),#5103,.F.);
#5092 = FACE_BOUND('',#5093,.F.);
#5093 = EDGE_LOOP('',(#5094,#5100,#5101,#5102));
#5094 = ORIENTED_EDGE('',*,*,#5095,.T.);
#5095 = EDGE_CURVE('',#2911,#1426,#5096,.T.);
#5096 = LINE('',#5097,#5098);
#5097 = CARTESIAN_POINT('',(49.635,22.86,-1.));
#5098 = VECTOR('',#5099,1.);
#5099 = DIRECTION('',(0.,0.,1.));
#5100 = ORIENTED_EDGE('',*,*,#1433,.F.);
#5101 = ORIENTED_EDGE('',*,*,#5078,.F.);
#5102 = ORIENTED_EDGE('',*,*,#2918,.T.);
#5103 = CYLINDRICAL_SURFACE('',#5104,1.375);
#5104 = AXIS2_PLACEMENT_3D('',#5105,#5106,#5107);
#5105 = CARTESIAN_POINT('',(48.26,22.86,-1.));
#5106 = DIRECTION('',(0.,0.,1.));
#5107 = DIRECTION('',(1.,0.,-0.));
#5108 = ADVANCED_FACE('',(#5109),#5115,.F.);
#5109 = FACE_BOUND('',#5110,.F.);
#5110 = EDGE_LOOP('',(#5111,#5112,#5113,#5114));
#5111 = ORIENTED_EDGE('',*,*,#5095,.F.);
#5112 = ORIENTED_EDGE('',*,*,#2910,.T.);
#5113 = ORIENTED_EDGE('',*,*,#5057,.T.);
#5114 = ORIENTED_EDGE('',*,*,#1425,.F.);
#5115 = PLANE('',#5116);
#5116 = AXIS2_PLACEMENT_3D('',#5117,#5118,#5119);
#5117 = CARTESIAN_POINT('',(49.635,22.86,-1.));
#5118 = DIRECTION('',(1.,0.,-0.));
#5119 = DIRECTION('',(0.,0.,1.));
#5120 = ADVANCED_FACE('',(#5121),#5132,.F.);
#5121 = FACE_BOUND('',#5122,.F.);
#5122 = EDGE_LOOP('',(#5123,#5124,#5130,#5131));
#5123 = ORIENTED_EDGE('',*,*,#1450,.F.);
#5124 = ORIENTED_EDGE('',*,*,#5125,.F.);
#5125 = EDGE_CURVE('',#2936,#1451,#5126,.T.);
#5126 = LINE('',#5127,#5128);
#5127 = CARTESIAN_POINT('',(54.715,22.86,-1.));
#5128 = VECTOR('',#5129,1.);
#5129 = DIRECTION('',(0.,0.,1.));
#5130 = ORIENTED_EDGE('',*,*,#2935,.T.);
#5131 = ORIENTED_EDGE('',*,*,#5125,.T.);
#5132 = CYLINDRICAL_SURFACE('',#5133,1.375);
#5133 = AXIS2_PLACEMENT_3D('',#5134,#5135,#5136);
#5134 = CARTESIAN_POINT('',(53.34,22.86,-1.));
#5135 = DIRECTION('',(0.,0.,1.));
#5136 = DIRECTION('',(1.,0.,-0.));
#5137 = ADVANCED_FACE('',(#5138),#5154,.F.);
#5138 = FACE_BOUND('',#5139,.F.);
#5139 = EDGE_LOOP('',(#5140,#5141,#5147,#5148));
#5140 = ORIENTED_EDGE('',*,*,#1461,.F.);
#5141 = ORIENTED_EDGE('',*,*,#5142,.F.);
#5142 = EDGE_CURVE('',#2947,#1462,#5143,.T.);
#5143 = LINE('',#5144,#5145);
#5144 = CARTESIAN_POINT('',(53.34,29.315,-1.));
#5145 = VECTOR('',#5146,1.);
#5146 = DIRECTION('',(0.,0.,1.));
#5147 = ORIENTED_EDGE('',*,*,#2946,.T.);
#5148 = ORIENTED_EDGE('',*,*,#5149,.T.);
#5149 = EDGE_CURVE('',#2949,#1464,#5150,.T.);
#5150 = LINE('',#5151,#5152);
#5151 = CARTESIAN_POINT('',(53.34,26.565,-1.));
#5152 = VECTOR('',#5153,1.);
#5153 = DIRECTION('',(0.,0.,1.));
#5154 = CYLINDRICAL_SURFACE('',#5155,1.375);
#5155 = AXIS2_PLACEMENT_3D('',#5156,#5157,#5158);
#5156 = CARTESIAN_POINT('',(53.34,27.94,-1.));
#5157 = DIRECTION('',(0.,0.,1.));
#5158 = DIRECTION('',(1.,0.,-0.));
#5159 = ADVANCED_FACE('',(#5160),#5171,.T.);
#5160 = FACE_BOUND('',#5161,.T.);
#5161 = EDGE_LOOP('',(#5162,#5163,#5164,#5165));
#5162 = ORIENTED_EDGE('',*,*,#2983,.T.);
#5163 = ORIENTED_EDGE('',*,*,#5149,.T.);
#5164 = ORIENTED_EDGE('',*,*,#1498,.F.);
#5165 = ORIENTED_EDGE('',*,*,#5166,.F.);
#5166 = EDGE_CURVE('',#2975,#1490,#5167,.T.);
#5167 = LINE('',#5168,#5169);
#5168 = CARTESIAN_POINT('',(58.42,26.565,-1.));
#5169 = VECTOR('',#5170,1.);
#5170 = DIRECTION('',(0.,0.,1.));
#5171 = PLANE('',#5172);
#5172 = AXIS2_PLACEMENT_3D('',#5173,#5174,#5175);
#5173 = CARTESIAN_POINT('',(53.34,26.565,-1.));
#5174 = DIRECTION('',(-0.,1.,0.));
#5175 = DIRECTION('',(0.,0.,1.));
#5176 = ADVANCED_FACE('',(#5177),#5188,.F.);
#5177 = FACE_BOUND('',#5178,.F.);
#5178 = EDGE_LOOP('',(#5179,#5180,#5181,#5182));
#5179 = ORIENTED_EDGE('',*,*,#2957,.T.);
#5180 = ORIENTED_EDGE('',*,*,#5142,.T.);
#5181 = ORIENTED_EDGE('',*,*,#1472,.F.);
#5182 = ORIENTED_EDGE('',*,*,#5183,.F.);
#5183 = EDGE_CURVE('',#2958,#1473,#5184,.T.);
#5184 = LINE('',#5185,#5186);
#5185 = CARTESIAN_POINT('',(58.42,29.315,-1.));
#5186 = VECTOR('',#5187,1.);
#5187 = DIRECTION('',(0.,0.,1.));
#5188 = PLANE('',#5189);
#5189 = AXIS2_PLACEMENT_3D('',#5190,#5191,#5192);
#5190 = CARTESIAN_POINT('',(53.34,29.315,-1.));
#5191 = DIRECTION('',(-0.,1.,0.));
#5192 = DIRECTION('',(0.,0.,1.));
#5193 = ADVANCED_FACE('',(#5194),#5202,.F.);
#5194 = FACE_BOUND('',#5195,.F.);
#5195 = EDGE_LOOP('',(#5196,#5197,#5198,#5199,#5200,#5201));
#5196 = ORIENTED_EDGE('',*,*,#3119,.T.);
#5197 = ORIENTED_EDGE('',*,*,#141,.F.);
#5198 = ORIENTED_EDGE('',*,*,#150,.F.);
#5199 = ORIENTED_EDGE('',*,*,#3102,.F.);
#5200 = ORIENTED_EDGE('',*,*,#1635,.T.);
#5201 = ORIENTED_EDGE('',*,*,#1626,.T.);
#5202 = CYLINDRICAL_SURFACE('',#5203,1.375);
#5203 = AXIS2_PLACEMENT_3D('',#5204,#5205,#5206);
#5204 = CARTESIAN_POINT('',(7.62,2.54,-1.));
#5205 = DIRECTION('',(0.,0.,1.));
#5206 = DIRECTION('',(1.,0.,-0.));
#5207 = ADVANCED_FACE('',(#5208),#5216,.F.);
#5208 = FACE_BOUND('',#5209,.F.);
#5209 = EDGE_LOOP('',(#5210,#5211,#5212,#5213,#5214,#5215));
#5210 = ORIENTED_EDGE('',*,*,#3260,.T.);
#5211 = ORIENTED_EDGE('',*,*,#233,.F.);
#5212 = ORIENTED_EDGE('',*,*,#242,.F.);
#5213 = ORIENTED_EDGE('',*,*,#3243,.F.);
#5214 = ORIENTED_EDGE('',*,*,#1727,.T.);
#5215 = ORIENTED_EDGE('',*,*,#1718,.T.);
#5216 = CYLINDRICAL_SURFACE('',#5217,1.375);
#5217 = AXIS2_PLACEMENT_3D('',#5218,#5219,#5220);
#5218 = CARTESIAN_POINT('',(22.86,2.54,-1.));
#5219 = DIRECTION('',(0.,0.,1.));
#5220 = DIRECTION('',(1.,0.,-0.));
#5221 = ADVANCED_FACE('',(#5222),#5230,.F.);
#5222 = FACE_BOUND('',#5223,.F.);
#5223 = EDGE_LOOP('',(#5224,#5225,#5226,#5227,#5228,#5229));
#5224 = ORIENTED_EDGE('',*,*,#3469,.T.);
#5225 = ORIENTED_EDGE('',*,*,#361,.F.);
#5226 = ORIENTED_EDGE('',*,*,#370,.F.);
#5227 = ORIENTED_EDGE('',*,*,#3452,.F.);
#5228 = ORIENTED_EDGE('',*,*,#1855,.T.);
#5229 = ORIENTED_EDGE('',*,*,#1846,.T.);
#5230 = CYLINDRICAL_SURFACE('',#5231,1.375);
#5231 = AXIS2_PLACEMENT_3D('',#5232,#5233,#5234);
#5232 = CARTESIAN_POINT('',(12.7,12.7,-1.));
#5233 = DIRECTION('',(0.,0.,1.));
#5234 = DIRECTION('',(1.,0.,-0.));
#5235 = ADVANCED_FACE('',(#5236),#5244,.F.);
#5236 = FACE_BOUND('',#5237,.F.);
#5237 = EDGE_LOOP('',(#5238,#5239,#5240,#5241,#5242,#5243));
#5238 = ORIENTED_EDGE('',*,*,#3593,.T.);
#5239 = ORIENTED_EDGE('',*,*,#442,.F.);
#5240 = ORIENTED_EDGE('',*,*,#451,.F.);
#5241 = ORIENTED_EDGE('',*,*,#3576,.F.);
#5242 = ORIENTED_EDGE('',*,*,#1936,.T.);
#5243 = ORIENTED_EDGE('',*,*,#1927,.T.);
#5244 = CYLINDRICAL_SURFACE('',#5245,1.375);
#5245 = AXIS2_PLACEMENT_3D('',#5246,#5247,#5248);
#5246 = CARTESIAN_POINT('',(27.94,12.7,-1.));
#5247 = DIRECTION('',(0.,0.,1.));
#5248 = DIRECTION('',(1.,0.,-0.));
#5249 = ADVANCED_FACE('',(#5250),#5258,.F.);
#5250 = FACE_BOUND('',#5251,.F.);
#5251 = EDGE_LOOP('',(#5252,#5253,#5254,#5255,#5256,#5257));
#5252 = ORIENTED_EDGE('',*,*,#3649,.T.);
#5253 = ORIENTED_EDGE('',*,*,#487,.F.);
#5254 = ORIENTED_EDGE('',*,*,#496,.F.);
#5255 = ORIENTED_EDGE('',*,*,#3632,.F.);
#5256 = ORIENTED_EDGE('',*,*,#1981,.T.);
#5257 = ORIENTED_EDGE('',*,*,#1972,.T.);
#5258 = CYLINDRICAL_SURFACE('',#5259,1.375);
#5259 = AXIS2_PLACEMENT_3D('',#5260,#5261,#5262);
#5260 = CARTESIAN_POINT('',(38.1,2.54,-1.));
#5261 = DIRECTION('',(0.,0.,1.));
#5262 = DIRECTION('',(1.,0.,-0.));
#5263 = ADVANCED_FACE('',(#5264),#5272,.F.);
#5264 = FACE_BOUND('',#5265,.F.);
#5265 = EDGE_LOOP('',(#5266,#5267,#5268,#5269,#5270,#5271));
#5266 = ORIENTED_EDGE('',*,*,#3790,.T.);
#5267 = ORIENTED_EDGE('',*,*,#579,.F.);
#5268 = ORIENTED_EDGE('',*,*,#588,.F.);
#5269 = ORIENTED_EDGE('',*,*,#3773,.F.);
#5270 = ORIENTED_EDGE('',*,*,#2073,.T.);
#5271 = ORIENTED_EDGE('',*,*,#2064,.T.);
#5272 = CYLINDRICAL_SURFACE('',#5273,1.375);
#5273 = AXIS2_PLACEMENT_3D('',#5274,#5275,#5276);
#5274 = CARTESIAN_POINT('',(53.34,2.54,-1.));
#5275 = DIRECTION('',(0.,0.,1.));
#5276 = DIRECTION('',(1.,0.,-0.));
#5277 = ADVANCED_FACE('',(#5278),#5286,.F.);
#5278 = FACE_BOUND('',#5279,.F.);
#5279 = EDGE_LOOP('',(#5280,#5281,#5282,#5283,#5284,#5285));
#5280 = ORIENTED_EDGE('',*,*,#3999,.T.);
#5281 = ORIENTED_EDGE('',*,*,#707,.F.);
#5282 = ORIENTED_EDGE('',*,*,#716,.F.);
#5283 = ORIENTED_EDGE('',*,*,#3982,.F.);
#5284 = ORIENTED_EDGE('',*,*,#2201,.T.);
#5285 = ORIENTED_EDGE('',*,*,#2192,.T.);
#5286 = CYLINDRICAL_SURFACE('',#5287,1.375);
#5287 = AXIS2_PLACEMENT_3D('',#5288,#5289,#5290);
#5288 = CARTESIAN_POINT('',(43.18,12.7,-1.));
#5289 = DIRECTION('',(0.,0.,1.));
#5290 = DIRECTION('',(1.,0.,-0.));
#5291 = ADVANCED_FACE('',(#5292),#5300,.F.);
#5292 = FACE_BOUND('',#5293,.F.);
#5293 = EDGE_LOOP('',(#5294,#5295,#5296,#5297,#5298,#5299));
#5294 = ORIENTED_EDGE('',*,*,#4123,.T.);
#5295 = ORIENTED_EDGE('',*,*,#788,.F.);
#5296 = ORIENTED_EDGE('',*,*,#797,.F.);
#5297 = ORIENTED_EDGE('',*,*,#4106,.F.);
#5298 = ORIENTED_EDGE('',*,*,#2282,.T.);
#5299 = ORIENTED_EDGE('',*,*,#2273,.T.);
#5300 = CYLINDRICAL_SURFACE('',#5301,1.375);
#5301 = AXIS2_PLACEMENT_3D('',#5302,#5303,#5304);
#5302 = CARTESIAN_POINT('',(58.42,12.7,-1.));
#5303 = DIRECTION('',(0.,0.,1.));
#5304 = DIRECTION('',(1.,0.,-0.));
#5305 = ADVANCED_FACE('',(#5306),#5314,.F.);
#5306 = FACE_BOUND('',#5307,.F.);
#5307 = EDGE_LOOP('',(#5308,#5309,#5310,#5311,#5312,#5313));
#5308 = ORIENTED_EDGE('',*,*,#4179,.T.);
#5309 = ORIENTED_EDGE('',*,*,#833,.F.);
#5310 = ORIENTED_EDGE('',*,*,#842,.F.);
#5311 = ORIENTED_EDGE('',*,*,#4162,.F.);
#5312 = ORIENTED_EDGE('',*,*,#2327,.T.);
#5313 = ORIENTED_EDGE('',*,*,#2318,.T.);
#5314 = CYLINDRICAL_SURFACE('',#5315,1.375);
#5315 = AXIS2_PLACEMENT_3D('',#5316,#5317,#5318);
#5316 = CARTESIAN_POINT('',(7.62,17.78,-1.));
#5317 = DIRECTION('',(0.,0.,1.));
#5318 = DIRECTION('',(1.,0.,-0.));
#5319 = ADVANCED_FACE('',(#5320),#5328,.F.);
#5320 = FACE_BOUND('',#5321,.F.);
#5321 = EDGE_LOOP('',(#5322,#5323,#5324,#5325,#5326,#5327));
#5322 = ORIENTED_EDGE('',*,*,#4303,.T.);
#5323 = ORIENTED_EDGE('',*,*,#914,.F.);
#5324 = ORIENTED_EDGE('',*,*,#923,.F.);
#5325 = ORIENTED_EDGE('',*,*,#4286,.F.);
#5326 = ORIENTED_EDGE('',*,*,#2408,.T.);
#5327 = ORIENTED_EDGE('',*,*,#2399,.T.);
#5328 = CYLINDRICAL_SURFACE('',#5329,1.375);
#5329 = AXIS2_PLACEMENT_3D('',#5330,#5331,#5332);
#5330 = CARTESIAN_POINT('',(22.86,17.78,-1.));
#5331 = DIRECTION('',(0.,0.,1.));
#5332 = DIRECTION('',(1.,0.,-0.));
#5333 = ADVANCED_FACE('',(#5334),#5342,.F.);
#5334 = FACE_BOUND('',#5335,.F.);
#5335 = EDGE_LOOP('',(#5336,#5337,#5338,#5339,#5340,#5341));
#5336 = ORIENTED_EDGE('',*,*,#4512,.T.);
#5337 = ORIENTED_EDGE('',*,*,#1042,.F.);
#5338 = ORIENTED_EDGE('',*,*,#1051,.F.);
#5339 = ORIENTED_EDGE('',*,*,#4495,.F.);
#5340 = ORIENTED_EDGE('',*,*,#2536,.T.);
#5341 = ORIENTED_EDGE('',*,*,#2527,.T.);
#5342 = CYLINDRICAL_SURFACE('',#5343,1.375);
#5343 = AXIS2_PLACEMENT_3D('',#5344,#5345,#5346);
#5344 = CARTESIAN_POINT('',(12.7,27.94,-1.));
#5345 = DIRECTION('',(0.,0.,1.));
#5346 = DIRECTION('',(1.,0.,-0.));
#5347 = ADVANCED_FACE('',(#5348),#5356,.F.);
#5348 = FACE_BOUND('',#5349,.F.);
#5349 = EDGE_LOOP('',(#5350,#5351,#5352,#5353,#5354,#5355));
#5350 = ORIENTED_EDGE('',*,*,#4653,.T.);
#5351 = ORIENTED_EDGE('',*,*,#1134,.F.);
#5352 = ORIENTED_EDGE('',*,*,#1143,.F.);
#5353 = ORIENTED_EDGE('',*,*,#4636,.F.);
#5354 = ORIENTED_EDGE('',*,*,#2628,.T.);
#5355 = ORIENTED_EDGE('',*,*,#2619,.T.);
#5356 = CYLINDRICAL_SURFACE('',#5357,1.375);
#5357 = AXIS2_PLACEMENT_3D('',#5358,#5359,#5360);
#5358 = CARTESIAN_POINT('',(27.94,27.94,-1.));
#5359 = DIRECTION('',(0.,0.,1.));
#5360 = DIRECTION('',(1.,0.,-0.));
#5361 = ADVANCED_FACE('',(#5362),#5370,.F.);
#5362 = FACE_BOUND('',#5363,.F.);
#5363 = EDGE_LOOP('',(#5364,#5365,#5366,#5367,#5368,#5369));
#5364 = ORIENTED_EDGE('',*,*,#4709,.T.);
#5365 = ORIENTED_EDGE('',*,*,#1179,.F.);
#5366 = ORIENTED_EDGE('',*,*,#1188,.F.);
#5367 = ORIENTED_EDGE('',*,*,#4692,.F.);
#5368 = ORIENTED_EDGE('',*,*,#2673,.T.);
#5369 = ORIENTED_EDGE('',*,*,#2664,.T.);
#5370 = CYLINDRICAL_SURFACE('',#5371,1.375);
#5371 = AXIS2_PLACEMENT_3D('',#5372,#5373,#5374);
#5372 = CARTESIAN_POINT('',(38.1,17.78,-1.));
#5373 = DIRECTION('',(0.,0.,1.));
#5374 = DIRECTION('',(1.,0.,-0.));
#5375 = ADVANCED_FACE('',(#5376),#5384,.F.);
#5376 = FACE_BOUND('',#5377,.F.);
#5377 = EDGE_LOOP('',(#5378,#5379,#5380,#5381,#5382,#5383));
#5378 = ORIENTED_EDGE('',*,*,#4833,.T.);
#5379 = ORIENTED_EDGE('',*,*,#1260,.F.);
#5380 = ORIENTED_EDGE('',*,*,#1269,.F.);
#5381 = ORIENTED_EDGE('',*,*,#4816,.F.);
#5382 = ORIENTED_EDGE('',*,*,#2754,.T.);
#5383 = ORIENTED_EDGE('',*,*,#2745,.T.);
#5384 = CYLINDRICAL_SURFACE('',#5385,1.375);
#5385 = AXIS2_PLACEMENT_3D('',#5386,#5387,#5388);
#5386 = CARTESIAN_POINT('',(53.34,17.78,-1.));
#5387 = DIRECTION('',(0.,0.,1.));
#5388 = DIRECTION('',(1.,0.,-0.));
#5389 = ADVANCED_FACE('',(#5390),#5398,.F.);
#5390 = FACE_BOUND('',#5391,.F.);
#5391 = EDGE_LOOP('',(#5392,#5393,#5394,#5395,#5396,#5397));
#5392 = ORIENTED_EDGE('',*,*,#5042,.T.);
#5393 = ORIENTED_EDGE('',*,*,#1388,.F.);
#5394 = ORIENTED_EDGE('',*,*,#1397,.F.);
#5395 = ORIENTED_EDGE('',*,*,#5025,.F.);
#5396 = ORIENTED_EDGE('',*,*,#2882,.T.);
#5397 = ORIENTED_EDGE('',*,*,#2873,.T.);
#5398 = CYLINDRICAL_SURFACE('',#5399,1.375);
#5399 = AXIS2_PLACEMENT_3D('',#5400,#5401,#5402);
#5400 = CARTESIAN_POINT('',(43.18,27.94,-1.));
#5401 = DIRECTION('',(0.,0.,1.));
#5402 = DIRECTION('',(1.,0.,-0.));
#5403 = ADVANCED_FACE('',(#5404),#5412,.F.);
#5404 = FACE_BOUND('',#5405,.F.);
#5405 = EDGE_LOOP('',(#5406,#5407,#5408,#5409,#5410,#5411));
#5406 = ORIENTED_EDGE('',*,*,#5183,.T.);
#5407 = ORIENTED_EDGE('',*,*,#1480,.F.);
#5408 = ORIENTED_EDGE('',*,*,#1489,.F.);
#5409 = ORIENTED_EDGE('',*,*,#5166,.F.);
#5410 = ORIENTED_EDGE('',*,*,#2974,.T.);
#5411 = ORIENTED_EDGE('',*,*,#2965,.T.);
#5412 = CYLINDRICAL_SURFACE('',#5413,1.375);
#5413 = AXIS2_PLACEMENT_3D('',#5414,#5415,#5416);
#5414 = CARTESIAN_POINT('',(58.42,27.94,-1.));
#5415 = DIRECTION('',(0.,0.,1.));
#5416 = DIRECTION('',(1.,0.,-0.));
#5417 = ( GEOMETRIC_REPRESENTATION_CONTEXT(3) 
GLOBAL_UNCERTAINTY_ASSIGNED_CONTEXT((#5421)) 
GLOBAL_UNIT_ASSIGNED_CONTEXT((#5418,#5419,#5420)) REPRESENTATION_CONTEXT
('Context #1','3D Context with UNIT and UNCERTAINTY') );
#5418 = ( LENGTH_UNIT() NAMED_UNIT(*) SI_UNIT(.MILLI.,.METRE.) );
#5419 = ( NAMED_UNIT(*) PLANE_ANGLE_UNIT() SI_UNIT($,.RADIAN.) );
#5420 = ( NAMED_UNIT(*) SI_UNIT($,.STERADIAN.) SOLID_ANGLE_UNIT() );
#5421 = UNCERTAINTY_MEASURE_WITH_UNIT(LENGTH_MEASURE(1.E-07),#5418,
  'distance_accuracy_value','confusion accuracy');
#5422 = PRODUCT_RELATED_PRODUCT_CATEGORY('part',$,(#7));
ENDSEC;
END-ISO-10303-21;
